MODZCTA,modzcta,ZCTA,DP02_0001E,DP02_0001M,DP02_0001PE,DP02_0001PM,DP02_0001V,DP02_0014E,DP02_0014M,DP02_0014PE,DP02_0014PM,DP02_0014V,DP02_0053E,DP02_0053M,DP02_0053PE,DP02_0053PM,DP02_0053V,DP02_0054E,DP02_0054M,DP02_0054PE,DP02_0054PM,DP02_0054V,DP02_0055E,DP02_0055M,DP02_0055PE,DP02_0055PM,DP02_0055V,DP02_0056E,DP02_0056M,DP02_0056PE,DP02_0056PM,DP02_0056V,DP02_0057E,DP02_0057M,DP02_0057PE,DP02_0057PM,DP02_0057V,DP02_0058E,DP02_0058M,DP02_0058PE,DP02_0058PM,DP02_0058V,DP02_0059E,DP02_0059M,DP02_0059PE,DP02_0059PM,DP02_0059V,DP02_0060E,DP02_0060M,DP02_0060PE,DP02_0060PM,DP02_0060V,DP02_0061E,DP02_0061M,DP02_0061PE,DP02_0061PM,DP02_0061V,DP02_0062E,DP02_0062M,DP02_0062PE,DP02_0062PM,DP02_0062V,DP02_0068E,DP02_0068M,DP02_0068PE,DP02_0068PM,DP02_0068V,DP02_0069E,DP02_0069M,DP02_0069PE,DP02_0069PM,DP02_0069V,DP02_0070E,DP02_0070M,DP02_0070PE,DP02_0070PM,DP02_0070V,DP02_0071E,DP02_0071M,DP02_0071PE,DP02_0071PM,DP02_0071V,DP02_0072E,DP02_0072M,DP02_0072PE,DP02_0072PM,DP02_0072V,DP02_0073E,DP02_0073M,DP02_0073PE,DP02_0073PM,DP02_0073V,DP02_0074E,DP02_0074M,DP02_0074PE,DP02_0074PM,DP02_0074V,DP02_0075E,DP02_0075M,DP02_0075PE,DP02_0075PM,DP02_0075V,DP02_0076E,DP02_0076M,DP02_0076PE,DP02_0076PM,DP02_0076V,DP02_0077E,DP02_0077M,DP02_0077PE,DP02_0077PM,DP02_0077V,DP02_0078E,DP02_0078M,DP02_0078PE,DP02_0078PM,DP02_0078V,DP02_0079E,DP02_0079M,DP02_0079PE,DP02_0079PM,DP02_0079V,DP02_0080E,DP02_0080M,DP02_0080PE,DP02_0080PM,DP02_0080V,DP02_0082E,DP02_0082M,DP02_0082PE,DP02_0082PM,DP02_0082V,DP02_0087E,DP02_0087M,DP02_0087PE,DP02_0087PM,DP02_0087V,DP02_0088E,DP02_0088M,DP02_0088PE,DP02_0088PM,DP02_0088V,DP02_0089E,DP02_0089M,DP02_0089PE,DP02_0089PM,DP02_0089V,DP02_0090E,DP02_0090M,DP02_0090PE,DP02_0090PM,DP02_0090V,DP02_0093E,DP02_0093M,DP02_0093PE,DP02_0093PM,DP02_0093V,DP02_0094E,DP02_0094M,DP02_0094PE,DP02_0094PM,DP02_0094V,DP02_0096E,DP02_0096M,DP02_0096PE,DP02_0096PM,DP02_0096V,DP02_0097E,DP02_0097M,DP02_0097PE,DP02_0097PM,DP02_0097V,DP02_0106E,DP02_0106M,DP02_0106PE,DP02_0106PM,DP02_0106V,DP02_0107E,DP02_0107M,DP02_0107PE,DP02_0107PM,DP02_0107V,DP02_0108E,DP02_0108M,DP02_0108PE,DP02_0108PM,DP02_0108V,DP02_0109E,DP02_0109M,DP02_0109PE,DP02_0109PM,DP02_0109V,DP02_0110E,DP02_0110M,DP02_0110PE,DP02_0110PM,DP02_0110V,DP02_0111E,DP02_0111M,DP02_0111PE,DP02_0111PM,DP02_0111V,DP02_0112E,DP02_0112M,DP02_0112PE,DP02_0112PM,DP02_0112V,DP02_0113E,DP02_0113M,DP02_0113PE,DP02_0113PM,DP02_0113V,DP02_0115E,DP02_0115M,DP02_0115PE,DP02_0115PM,DP02_0115V,DP02_0116E,DP02_0116M,DP02_0116PE,DP02_0116PM,DP02_0116V,DP02_0153E,DP02_0153M,DP02_0153PE,DP02_0153PM,DP02_0153V,DP02_0154E,DP02_0154M,DP02_0154PE,DP02_0154PM,DP02_0154V,DP03_0001E,DP03_0001M,DP03_0001PE,DP03_0001PM,DP03_0001V,DP03_0002E,DP03_0002M,DP03_0002PE,DP03_0002PM,DP03_0002V,DP03_0004E,DP03_0004M,DP03_0004PE,DP03_0004PM,DP03_0004V,DP03_0005E,DP03_0005M,DP03_0005PE,DP03_0005PM,DP03_0005V,DP03_0006E,DP03_0006M,DP03_0006PE,DP03_0006PM,DP03_0006V,DP03_0007E,DP03_0007M,DP03_0007PE,DP03_0007PM,DP03_0007V,DP03_0009E,DP03_0009M,DP03_0009PE,DP03_0009PM,DP03_0009V,DP03_0018E,DP03_0018M,DP03_0018PE,DP03_0018PM,DP03_0018V,DP03_0019E,DP03_0019M,DP03_0019PE,DP03_0019PM,DP03_0019V,DP03_0020E,DP03_0020M,DP03_0020PE,DP03_0020PM,DP03_0020V,DP03_0021E,DP03_0021M,DP03_0021PE,DP03_0021PM,DP03_0021V,DP03_0022E,DP03_0022M,DP03_0022PE,DP03_0022PM,DP03_0022V,DP03_0024E,DP03_0024M,DP03_0024PE,DP03_0024PM,DP03_0024V,DP03_0032E,DP03_0032M,DP03_0032PE,DP03_0032PM,DP03_0032V,DP03_0033E,DP03_0033M,DP03_0033PE,DP03_0033PM,DP03_0033V,DP03_0034E,DP03_0034M,DP03_0034PE,DP03_0034PM,DP03_0034V,DP03_0035E,DP03_0035M,DP03_0035PE,DP03_0035PM,DP03_0035V,DP03_0036E,DP03_0036M,DP03_0036PE,DP03_0036PM,DP03_0036V,DP03_0037E,DP03_0037M,DP03_0037PE,DP03_0037PM,DP03_0037V,DP03_0038E,DP03_0038M,DP03_0038PE,DP03_0038PM,DP03_0038V,DP03_0039E,DP03_0039M,DP03_0039PE,DP03_0039PM,DP03_0039V,DP03_0040E,DP03_0040M,DP03_0040PE,DP03_0040PM,DP03_0040V,DP03_0041E,DP03_0041M,DP03_0041PE,DP03_0041PM,DP03_0041V,DP03_0042E,DP03_0042M,DP03_0042PE,DP03_0042PM,DP03_0042V,DP03_0043E,DP03_0043M,DP03_0043PE,DP03_0043PM,DP03_0043V,DP03_0044E,DP03_0044M,DP03_0044PE,DP03_0044PM,DP03_0044V,DP03_0045E,DP03_0045M,DP03_0045PE,DP03_0045PM,DP03_0045V,DP03_0052E,DP03_0052M,DP03_0052PE,DP03_0052PM,DP03_0052V,DP03_0053E,DP03_0053M,DP03_0053PE,DP03_0053PM,DP03_0053V,DP03_0054E,DP03_0054M,DP03_0054PE,DP03_0054PM,DP03_0054V,DP03_0055E,DP03_0055M,DP03_0055PE,DP03_0055PM,DP03_0055V,DP03_0056E,DP03_0056M,DP03_0056PE,DP03_0056PM,DP03_0056V,DP03_0057E,DP03_0057M,DP03_0057PE,DP03_0057PM,DP03_0057V,DP03_0058E,DP03_0058M,DP03_0058PE,DP03_0058PM,DP03_0058V,DP03_0059E,DP03_0059M,DP03_0059PE,DP03_0059PM,DP03_0059V,DP03_0060E,DP03_0060M,DP03_0060PE,DP03_0060PM,DP03_0060V,DP03_0061E,DP03_0061M,DP03_0061PE,DP03_0061PM,DP03_0061V,DP03_0064E,DP03_0064M,DP03_0064PE,DP03_0064PM,DP03_0064V,DP03_0066E,DP03_0066M,DP03_0066PE,DP03_0066PM,DP03_0066V,DP03_0068E,DP03_0068M,DP03_0068PE,DP03_0068PM,DP03_0068V,DP03_0070E,DP03_0070M,DP03_0070PE,DP03_0070PM,DP03_0070V,DP03_0072E,DP03_0072M,DP03_0072PE,DP03_0072PM,DP03_0072V,DP03_0074E,DP03_0074M,DP03_0074PE,DP03_0074PM,DP03_0074V,DP03_0096E,DP03_0096M,DP03_0096PE,DP03_0096PM,DP03_0096V,DP03_0097E,DP03_0097M,DP03_0097PE,DP03_0097PM,DP03_0097V,DP03_0098E,DP03_0098M,DP03_0098PE,DP03_0098PM,DP03_0098V,DP03_0099E,DP03_0099M,DP03_0099PE,DP03_0099PM,DP03_0099V,DP05_0002E,DP05_0002M,DP05_0002PE,DP05_0002PM,DP05_0002V,DP05_0003E,DP05_0003M,DP05_0003PE,DP05_0003PM,DP05_0003V,DP05_0005E,DP05_0005M,DP05_0005PE,DP05_0005PM,DP05_0005V,DP05_0006E,DP05_0006M,DP05_0006PE,DP05_0006PM,DP05_0006V,DP05_0007E,DP05_0007M,DP05_0007PE,DP05_0007PM,DP05_0007V,DP05_0008E,DP05_0008M,DP05_0008PE,DP05_0008PM,DP05_0008V,DP05_0009E,DP05_0009M,DP05_0009PE,DP05_0009PM,DP05_0009V,DP05_0010E,DP05_0010M,DP05_0010PE,DP05_0010PM,DP05_0010V,DP05_0011E,DP05_0011M,DP05_0011PE,DP05_0011PM,DP05_0011V,DP05_0012E,DP05_0012M,DP05_0012PE,DP05_0012PM,DP05_0012V,DP05_0013E,DP05_0013M,DP05_0013PE,DP05_0013PM,DP05_0013V,DP05_0014E,DP05_0014M,DP05_0014PE,DP05_0014PM,DP05_0014V,DP05_0015E,DP05_0015M,DP05_0015PE,DP05_0015PM,DP05_0015V,DP05_0016E,DP05_0016M,DP05_0016PE,DP05_0016PM,DP05_0016V,DP05_0017E,DP05_0017M,DP05_0017PE,DP05_0017PM,DP05_0017V,DP05_0019E,DP05_0019M,DP05_0019PE,DP05_0019PM,DP05_0019V,DP05_0021E,DP05_0021M,DP05_0021PE,DP05_0021PM,DP05_0021V,DP05_0024E,DP05_0024M,DP05_0024PE,DP05_0024PM,DP05_0024V,DP05_0035E,DP05_0035M,DP05_0035PE,DP05_0035PM,DP05_0035V,DP05_0037E,DP05_0037M,DP05_0037PE,DP05_0037PM,DP05_0037V,DP05_0038E,DP05_0038M,DP05_0038PE,DP05_0038PM,DP05_0038V,DP05_0039E,DP05_0039M,DP05_0039PE,DP05_0039PM,DP05_0039V,DP05_0044E,DP05_0044M,DP05_0044PE,DP05_0044PM,DP05_0044V,DP05_0052E,DP05_0052M,DP05_0052PE,DP05_0052PM,DP05_0052V,DP05_0057E,DP05_0057M,DP05_0057PE,DP05_0057PM,DP05_0057V,DP05_0071E,DP05_0071M,DP05_0071PE,DP05_0071PM,DP05_0071V,DP05_0076E,DP05_0076M,DP05_0076PE,DP05_0076PM,DP05_0076V,DP05_0077E,DP05_0077M,DP05_0077PE,DP05_0077PM,DP05_0077V,DP05_0078E,DP05_0078M,DP05_0078PE,DP05_0078PM,DP05_0078V,DP05_0079E,DP05_0079M,DP05_0079PE,DP05_0079PM,DP05_0079V,DP05_0080E,DP05_0080M,DP05_0080PE,DP05_0080PM,DP05_0080V,DP05_0081E,DP05_0081M,DP05_0081PE,DP05_0081PM,DP05_0081V,DP05_0082E,DP05_0082M,DP05_0082PE,DP05_0082PM,DP05_0082V,DP05_0083E,DP05_0083M,DP05_0083PE,DP05_0083PM,DP05_0083V
10001,10001,"10001, 10119, 10199",14273.0,830.0,100,,3.54,1729.0,351.0,12.11,2.36,12.34,4375.0,813.0,16.22,2.79,11.3,284.0,194.0,6.49,4.27,41.53,163.0,178.0,3.73,4.01,66.38,1569.0,523.0,35.86,9.92,20.26,162.0,81.0,3.7,1.72,30.4,2197.0,445.0,50.22,4.05,12.31,21296.0,1599.0,78.97,1.96,4.56,673.0,275.0,3.16,1.27,24.84,865.0,420.0,4.06,1.95,29.52,1771.0,410.0,8.32,1.82,14.07,15576.0,1254.0,73.14,2.12,4.89,23969.0,1628.0,88.89,8.73,4.13,568.0,276.0,2.37,1.14,29.54,26966.0,1911.0,100.0,0.0,4.31,2277.0,502.0,8.44,1.76,13.4,2997.0,666.0,11.11,2.34,13.51,85.0,115.0,2.84,3.79,82.25,20674.0,1469.0,76.67,0.4,4.32,1067.0,341.0,5.16,1.61,19.43,3295.0,412.0,12.22,1.26,7.6,1125.0,282.0,34.14,7.42,15.24,26694.0,1888.0,98.99,9.91,4.3,21219.0,1844.0,79.49,4.01,5.28,4794.0,782.0,17.96,2.64,9.92,681.0,278.0,2.55,1.03,24.82,26966.0,1911.0,100,,4.31,20220.0,1843.0,74.98,4.3,5.54,19051.0,1808.0,70.65,4.46,5.77,1169.0,326.0,4.34,1.17,16.95,6746.0,813.0,25.02,2.44,7.33,3322.0,674.0,49.24,8.04,12.33,3424.0,479.0,50.76,3.61,8.5,1785.0,476.0,26.46,6.29,16.21,2761.0,425.0,40.93,3.92,9.36,158.0,120.0,2.34,1.76,46.17,241.0,117.0,3.57,1.68,29.51,1528.0,627.0,22.65,8.88,24.94,273.0,158.0,4.05,2.29,35.18,25962.0,1867.0,96.28,1.18,4.37,19240.0,1837.0,74.11,4.65,5.8,2170.0,458.0,8.36,1.66,12.83,2538.0,720.0,9.78,2.68,17.25,13578.0,770.0,95.13,7.73,3.45,13176.0,731.0,92.31,7.42,3.37,24068.0,1632.0,89.25,8.75,4.12,17828.0,1268.0,74.07,1.59,4.32,17098.0,1251.0,71.04,1.95,4.45,730.0,231.0,3.03,0.94,19.24,0.0,,0.0,,,6240.0,894.0,25.93,3.27,8.71,,,4.09,1.26,19.24,16754.0,1177.0,62.13,6.2,4.27,376.0,143.0,2.24,0.84,23.12,162.0,131.0,0.97,0.78,49.16,7577.0,933.0,45.23,4.57,7.49,4631.0,543.0,27.64,2.59,7.13,3030.0,661.0,18.09,3.74,13.26,17098.0,1251.0,63.41,1.15,4.45,31.0,45.0,0.18,0.26,88.24,397.0,221.0,2.32,1.28,33.84,537.0,144.0,3.14,0.81,16.3,306.0,155.0,1.79,0.9,30.79,1195.0,353.0,6.99,2.0,17.96,472.0,211.0,2.76,1.22,27.18,1281.0,355.0,7.49,2.0,16.85,3001.0,616.0,17.55,3.37,12.48,4389.0,590.0,25.67,2.89,8.17,2939.0,644.0,17.19,3.55,13.32,1532.0,408.0,8.96,2.29,16.19,648.0,256.0,3.79,1.47,24.02,370.0,179.0,2.16,1.03,29.41,1026.0,271.0,7.19,1.85,16.06,479.0,164.0,3.36,1.13,20.81,773.0,324.0,5.42,2.25,25.48,477.0,161.0,3.34,1.11,20.52,1059.0,322.0,7.42,2.21,18.48,1642.0,425.0,11.5,2.9,15.73,1592.0,339.0,11.15,2.28,12.94,2131.0,414.0,14.93,2.77,11.81,1492.0,329.0,10.45,2.22,13.4,3602.0,517.0,25.24,3.31,8.73,11872.0,798.0,83.18,2.8,4.09,2435.0,349.0,17.06,2.23,8.71,1621.0,348.0,11.36,2.35,13.05,661.0,269.0,4.63,1.87,24.74,487.0,278.0,3.41,1.94,34.7,1512.0,399.0,10.59,2.73,16.04,26166.0,1884.0,97.03,1.24,4.38,21172.0,1506.0,78.51,0.48,4.32,7241.0,1153.0,26.85,3.83,9.68,800.0,331.0,2.97,1.21,25.15,12570.0,1169.0,46.61,2.81,5.65,14396.0,1305.0,53.39,3.02,5.51,1004.0,388.0,3.72,1.41,23.49,1012.0,526.0,3.75,1.93,31.6,829.0,419.0,3.07,1.54,30.73,879.0,234.0,3.26,0.84,16.18,1946.0,353.0,7.22,1.21,11.03,7477.0,756.0,27.73,2.0,6.15,4389.0,802.0,16.28,2.74,11.11,3476.0,645.0,12.89,2.21,11.28,1200.0,302.0,4.45,1.07,15.3,1459.0,442.0,5.41,1.59,18.42,1538.0,355.0,5.7,1.25,14.03,1052.0,326.0,3.9,1.18,18.84,705.0,273.0,2.61,1.0,23.54,2997.0,666.0,11.11,2.34,13.51,23969.0,1628.0,88.89,8.73,4.13,3295.0,412.0,12.22,1.26,7.6,2178.0,671.0,8.08,2.42,18.73,16963.0,1607.0,62.91,3.95,5.76,2117.0,660.0,7.85,2.38,18.95,40.0,49.0,0.15,0.18,74.47,4527.0,749.0,16.79,2.51,10.06,50.0,87.0,0.19,0.32,105.78,1091.0,432.0,4.05,1.58,24.07,4973.0,797.0,18.44,2.65,9.74,21993.0,1638.0,81.56,1.87,4.53,14480.0,1315.0,53.7,3.05,5.52,2013.0,630.0,7.46,2.28,19.03,18.0,38.0,0.07,0.14,128.34,4527.0,749.0,16.79,2.51,10.06,50.0,87.0,0.19,0.32,105.78,254.0,198.0,0.94,0.73,47.39,651.0,338.0,2.41,1.24,31.56
10002,10002,10002,34737.0,1319.0,100,,2.31,5629.0,583.0,16.2,1.56,6.3,13024.0,1315.0,16.96,1.56,6.14,785.0,257.0,6.03,1.88,19.9,328.0,113.0,2.52,0.83,20.94,5408.0,1290.0,41.52,8.97,14.5,2403.0,446.0,18.45,2.87,11.28,4100.0,549.0,31.48,2.77,8.14,60747.0,2409.0,79.09,4.53,2.41,10592.0,1154.0,17.44,1.77,6.62,8984.0,1119.0,14.79,1.75,7.57,10887.0,1101.0,17.92,1.67,6.15,22098.0,1581.0,36.38,2.17,4.35,66486.0,2479.0,86.56,4.82,2.27,1124.0,311.0,1.69,0.46,16.82,76361.0,3183.0,99.42,0.56,2.53,9471.0,1104.0,12.4,1.35,7.09,10319.0,1328.0,13.43,1.64,7.82,145.0,82.0,1.41,0.77,34.38,48831.0,2301.0,63.58,1.44,2.86,3435.0,568.0,7.03,1.11,10.05,17211.0,1333.0,22.41,1.47,4.71,5891.0,814.0,34.23,3.92,8.4,76302.0,3157.0,99.34,0.25,2.52,69586.0,3105.0,91.2,1.52,2.71,5798.0,689.0,7.6,0.85,7.22,918.0,445.0,1.2,0.58,29.47,76807.0,3172.0,100,,2.51,46753.0,2558.0,60.87,2.18,3.33,42541.0,2441.0,55.39,2.21,3.49,4212.0,652.0,5.48,0.82,9.41,30054.0,1710.0,39.13,1.53,3.46,18552.0,1549.0,61.73,3.77,5.08,11502.0,1379.0,38.27,4.04,7.29,1785.0,348.0,5.94,1.11,11.85,22942.0,1653.0,76.34,3.37,4.38,238.0,154.0,0.79,0.51,39.33,349.0,166.0,1.16,0.55,28.91,4469.0,813.0,14.87,2.57,11.06,271.0,164.0,0.9,0.54,36.79,74346.0,3040.0,96.8,5.63,2.49,32773.0,2683.0,44.08,3.13,4.98,26013.0,1749.0,34.99,1.87,4.09,12119.0,1336.0,16.3,1.67,6.7,29687.0,1416.0,85.46,2.47,2.9,24793.0,1412.0,71.37,3.03,3.46,67469.0,2531.0,87.84,4.9,2.28,36431.0,1925.0,54.0,2.01,3.21,33689.0,1773.0,49.93,1.84,3.2,2742.0,526.0,4.06,0.76,11.66,0.0,,0.0,,,31038.0,1838.0,46.0,2.11,3.6,,,7.53,1.39,11.66,32766.0,1765.0,42.66,1.48,3.27,1974.0,437.0,6.02,1.29,13.46,822.0,300.0,2.51,0.91,22.19,16060.0,1158.0,49.01,2.35,4.38,7995.0,1051.0,24.4,2.93,7.99,3711.0,573.0,11.33,1.64,9.39,33689.0,1773.0,43.86,1.43,3.2,68.0,82.0,0.2,0.24,73.31,711.0,240.0,2.11,0.7,20.52,1104.0,308.0,3.28,0.9,16.96,605.0,248.0,1.8,0.73,24.92,3156.0,613.0,9.37,1.75,11.81,1504.0,330.0,4.46,0.95,13.34,1825.0,364.0,5.42,1.04,12.12,3306.0,543.0,9.81,1.53,9.98,6611.0,816.0,19.62,2.19,7.5,7841.0,1015.0,23.27,2.75,7.87,4524.0,822.0,13.43,2.34,11.05,1464.0,412.0,4.35,1.2,17.11,970.0,270.0,2.88,0.79,16.92,4529.0,731.0,13.04,2.05,9.81,4085.0,800.0,11.76,2.26,11.91,4488.0,711.0,12.92,1.99,9.63,3471.0,826.0,9.99,2.35,14.47,3159.0,566.0,9.09,1.59,10.89,3905.0,598.0,11.24,1.67,9.31,3207.0,537.0,9.23,1.51,10.18,3191.0,477.0,9.19,1.33,9.09,1544.0,332.0,4.44,0.94,13.07,3158.0,364.0,9.09,0.99,7.01,21615.0,1067.0,62.22,1.96,3.0,11726.0,1001.0,33.76,2.58,5.19,4312.0,560.0,12.41,1.54,7.89,4751.0,610.0,13.68,1.68,7.81,2720.0,764.0,7.83,2.18,17.07,12019.0,1132.0,34.6,2.98,5.73,72106.0,3141.0,94.43,1.19,2.65,35755.0,2078.0,46.82,1.9,3.53,41115.0,2807.0,53.84,2.91,4.15,4255.0,855.0,5.57,1.1,12.22,38640.0,2214.0,50.31,2.0,3.48,38167.0,2060.0,49.69,1.73,3.28,2461.0,521.0,3.2,0.67,12.87,3061.0,860.0,3.99,1.11,17.08,3337.0,613.0,4.34,0.78,11.17,2555.0,482.0,3.33,0.61,11.47,4646.0,606.0,6.05,0.75,7.93,13856.0,1385.0,18.04,1.64,6.08,9649.0,1084.0,12.56,1.31,6.83,9411.0,890.0,12.25,1.04,5.75,5797.0,887.0,7.55,1.11,9.3,4486.0,754.0,5.84,0.95,10.22,9479.0,855.0,12.34,0.99,5.48,5198.0,700.0,6.77,0.87,8.19,2871.0,664.0,3.74,0.85,14.06,10321.0,1328.0,13.44,1.64,7.82,66486.0,2479.0,86.56,4.82,2.27,17548.0,1340.0,22.85,1.47,4.64,5880.0,1653.0,7.66,2.13,17.09,24687.0,1782.0,32.14,1.9,4.39,6453.0,1227.0,8.4,1.56,11.56,624.0,402.0,0.81,0.52,39.16,30288.0,2074.0,39.43,2.15,4.16,19.0,36.0,0.02,0.05,115.18,8856.0,1200.0,11.53,1.49,8.24,19907.0,1834.0,25.92,2.13,5.6,56900.0,2707.0,74.08,1.75,2.89,18892.0,1407.0,24.6,1.52,4.53,5711.0,1146.0,7.44,1.46,12.2,309.0,321.0,0.4,0.42,63.15,30222.0,2074.0,39.35,2.16,4.17,19.0,36.0,0.02,0.05,115.18,447.0,370.0,0.58,0.48,50.32,1300.0,400.0,1.69,0.52,18.7
10003,10003,10003,25181.0,951.0,100,,2.3,2147.0,404.0,8.53,1.57,11.44,15093.0,1047.0,27.72,1.37,4.22,313.0,139.0,2.07,0.91,27.0,96.0,62.0,0.64,0.41,39.26,1464.0,486.0,9.7,3.15,20.18,415.0,152.0,2.75,0.99,22.27,12805.0,907.0,84.84,1.21,4.31,37589.0,2407.0,69.04,2.86,3.89,982.0,367.0,2.61,0.96,22.72,378.0,143.0,1.01,0.37,23.0,1915.0,504.0,5.09,1.3,16.0,30962.0,2333.0,82.37,3.27,4.58,50726.0,2383.0,93.17,6.31,2.86,905.0,196.0,1.78,0.38,13.17,54273.0,2660.0,99.68,0.39,2.98,3402.0,549.0,6.27,0.96,9.81,3632.0,701.0,6.67,1.25,11.73,22.0,28.0,0.61,0.76,77.37,42976.0,2246.0,78.93,1.47,3.18,1587.0,418.0,3.69,0.95,16.01,7665.0,747.0,14.08,1.19,5.92,1793.0,359.0,23.39,4.09,12.17,54164.0,2661.0,99.48,0.52,2.99,37747.0,2413.0,69.69,2.85,3.89,14579.0,1257.0,26.92,1.91,5.24,1838.0,324.0,3.39,0.57,10.72,54447.0,2660.0,100,,2.97,43625.0,2277.0,80.12,1.47,3.17,42418.0,2202.0,77.91,1.37,3.16,1207.0,416.0,2.22,0.76,20.95,10822.0,1334.0,19.88,2.25,7.49,4871.0,714.0,45.01,3.57,8.91,5951.0,1106.0,54.99,7.65,11.3,3186.0,516.0,29.44,3.09,9.85,4458.0,605.0,41.19,2.34,8.25,253.0,248.0,2.34,2.27,59.59,661.0,781.0,6.11,7.18,71.83,1631.0,522.0,15.07,4.45,19.46,633.0,225.0,5.85,1.95,21.61,52995.0,2570.0,97.33,6.7,2.95,41667.0,2197.0,78.62,1.63,3.21,3522.0,850.0,6.65,1.57,14.67,2517.0,708.0,4.75,1.32,17.1,24730.0,960.0,98.21,0.88,2.36,23429.0,940.0,93.04,1.26,2.44,51143.0,2409.0,93.93,6.37,2.86,34455.0,1886.0,67.37,1.88,3.33,32693.0,1932.0,63.92,2.28,3.59,1762.0,331.0,3.45,0.63,11.42,0.0,,0.0,,,16688.0,1317.0,32.63,2.07,4.8,,,5.11,0.92,11.42,32090.0,1933.0,58.94,2.08,3.66,1350.0,285.0,4.21,0.85,12.83,390.0,181.0,1.22,0.56,28.21,13366.0,1364.0,41.65,3.43,6.2,8044.0,887.0,25.07,2.32,6.7,6365.0,1353.0,19.83,4.04,12.92,32693.0,1932.0,60.05,2.0,3.59,0.0,,0.0,,,259.0,156.0,0.79,0.47,36.61,948.0,342.0,2.9,1.03,21.93,421.0,159.0,1.29,0.48,22.96,1783.0,331.0,5.45,0.96,11.29,491.0,185.0,1.5,0.56,22.9,3337.0,1156.0,10.21,3.48,21.06,6053.0,810.0,18.51,2.22,8.13,8051.0,1056.0,24.63,2.88,7.97,6300.0,714.0,19.27,1.86,6.89,3782.0,659.0,11.57,1.9,10.59,762.0,263.0,2.33,0.79,20.98,506.0,231.0,1.55,0.7,27.75,1708.0,451.0,6.78,1.77,16.05,543.0,218.0,2.16,0.86,24.41,833.0,237.0,3.31,0.93,17.3,1075.0,293.0,4.27,1.15,16.57,1054.0,343.0,4.19,1.35,19.78,2986.0,577.0,11.86,2.25,11.75,1740.0,312.0,6.91,1.21,10.9,3352.0,440.0,13.31,1.67,7.98,2965.0,444.0,11.77,1.71,9.1,8925.0,989.0,35.44,3.69,6.74,21228.0,966.0,84.3,2.14,2.77,5006.0,569.0,19.88,2.13,6.91,3534.0,524.0,14.03,2.01,9.01,464.0,199.0,1.84,0.79,26.07,318.0,161.0,1.26,0.64,30.78,734.0,229.0,2.91,0.9,18.97,52637.0,2670.0,96.99,1.27,3.08,46799.0,2204.0,86.23,5.86,2.86,9993.0,1234.0,18.41,2.09,7.51,1636.0,496.0,3.01,0.9,18.43,27219.0,1755.0,49.99,2.1,3.92,27228.0,2105.0,50.01,3.0,4.7,1452.0,369.0,2.67,0.67,15.45,924.0,284.0,1.7,0.51,18.68,865.0,410.0,1.59,0.75,28.81,7320.0,559.0,13.44,0.79,4.64,6297.0,824.0,11.57,1.4,7.95,13769.0,1947.0,25.29,3.36,8.6,6215.0,797.0,11.41,1.35,7.8,4807.0,637.0,8.83,1.09,8.06,2439.0,382.0,4.48,0.67,9.52,2660.0,510.0,4.89,0.91,11.66,4764.0,612.0,8.75,1.04,7.81,2095.0,370.0,3.85,0.65,10.74,840.0,262.0,1.54,0.48,18.96,3721.0,699.0,6.83,1.24,11.42,50726.0,2383.0,93.17,6.31,2.86,7699.0,744.0,14.14,1.18,5.87,2967.0,651.0,5.45,1.17,13.34,38481.0,2544.0,70.68,3.15,4.02,2823.0,827.0,5.18,1.5,17.81,148.0,156.0,0.27,0.29,64.08,9110.0,911.0,16.73,1.46,6.08,45.0,57.0,0.08,0.1,77.0,873.0,333.0,1.6,0.61,23.19,4378.0,789.0,8.04,1.39,10.96,50069.0,2716.0,91.96,2.17,3.3,36143.0,2662.0,66.38,3.66,4.48,2813.0,827.0,5.17,1.5,17.87,54.0,52.0,0.1,0.1,58.54,9110.0,911.0,16.73,1.46,6.08,45.0,57.0,0.08,0.1,77.0,113.0,89.0,0.21,0.16,47.88,1791.0,507.0,3.29,0.92,17.21
10004,10004,10004,2113.0,340.0,100,,9.78,605.0,217.0,28.63,9.18,21.8,571.0,251.0,11.91,4.65,26.72,98.0,87.0,17.16,13.24,53.97,14.0,15.0,2.45,2.4,65.13,298.0,204.0,52.19,27.39,41.61,69.0,73.0,12.08,11.63,64.31,92.0,75.0,16.11,11.06,49.56,3624.0,650.0,75.58,20.39,10.9,12.0,20.0,0.33,0.55,101.32,1.0,2.0,0.03,0.05,121.58,22.0,22.0,0.61,0.6,60.79,3499.0,649.0,96.55,4.56,11.28,3805.0,661.0,79.35,21.11,10.56,100.0,112.0,2.63,2.91,68.09,4795.0,966.0,100.0,0.0,12.25,89.0,66.0,1.86,1.32,45.08,990.0,441.0,20.65,8.2,27.08,0.0,,0.0,,,3549.0,640.0,74.01,20.01,10.96,65.0,57.0,1.83,1.57,53.31,256.0,176.0,5.34,3.51,41.79,24.0,31.0,9.38,10.25,78.52,4571.0,878.0,95.33,26.54,11.68,3815.0,922.0,83.46,12.24,14.69,716.0,296.0,15.66,5.73,25.13,40.0,50.0,0.88,1.08,75.99,4795.0,966.0,100,,12.25,3675.0,762.0,76.64,3.76,12.6,3636.0,758.0,75.83,4.07,12.67,39.0,21.0,0.81,0.41,32.73,1120.0,372.0,23.36,6.17,20.19,620.0,251.0,55.36,12.81,24.61,500.0,191.0,44.64,8.42,23.22,297.0,142.0,26.52,9.12,29.06,641.0,321.0,57.23,21.45,30.44,34.0,30.0,3.04,2.48,53.64,55.0,58.0,4.91,4.92,64.11,33.0,26.0,2.95,2.11,47.9,60.0,42.0,5.36,3.3,42.55,4180.0,740.0,87.17,23.38,10.76,3269.0,676.0,78.21,8.36,12.57,117.0,121.0,2.8,2.85,62.87,58.0,35.0,1.39,0.8,36.68,2113.0,340.0,100.0,0.0,9.78,2088.0,339.0,98.82,2.14,9.87,3810.0,661.0,79.46,21.13,10.55,3264.0,603.0,85.67,5.44,11.23,3211.0,601.0,84.28,5.92,11.38,53.0,45.0,1.39,1.16,51.61,0.0,,0.0,,,546.0,247.0,14.33,5.99,27.5,,,1.62,1.35,51.61,3211.0,601.0,66.97,18.41,11.38,53.0,50.0,1.65,1.53,57.35,37.0,54.0,1.15,1.67,88.72,1449.0,409.0,45.13,9.53,17.16,927.0,374.0,28.87,10.32,24.53,694.0,354.0,21.61,10.26,31.01,3211.0,601.0,66.97,18.41,11.38,0.0,,0.0,,,21.0,28.0,0.65,0.86,81.05,62.0,51.0,1.93,1.55,50.0,20.0,22.0,0.62,0.68,66.87,220.0,152.0,6.85,4.56,42.0,57.0,70.0,1.78,2.15,74.65,97.0,63.0,3.02,1.88,39.48,685.0,219.0,21.33,5.53,19.44,1060.0,300.0,33.01,7.01,17.2,626.0,353.0,19.5,10.37,34.28,174.0,141.0,5.42,4.27,49.26,60.0,72.0,1.87,2.21,72.95,129.0,108.0,4.02,3.28,50.89,46.0,30.0,2.18,1.38,39.65,0.0,,0.0,,,18.0,26.0,0.85,1.22,87.81,34.0,33.0,1.61,1.54,59.0,8.0,8.0,0.38,0.37,60.79,43.0,24.0,2.04,1.09,33.93,128.0,121.0,6.06,5.64,57.47,286.0,151.0,13.54,6.81,32.1,313.0,215.0,14.81,9.89,41.76,1237.0,265.0,58.54,8.28,13.02,2045.0,339.0,96.78,3.86,10.08,173.0,133.0,8.19,6.15,46.73,52.0,38.0,2.46,1.75,44.42,0.0,,0.0,,,10.0,18.0,0.47,0.85,109.42,0.0,,0.0,,,4744.0,949.0,98.94,28.09,12.16,4607.0,946.0,96.08,3.82,12.48,243.0,173.0,5.07,3.46,43.28,51.0,55.0,1.06,1.13,65.56,2539.0,609.0,52.95,6.89,14.58,2256.0,503.0,47.05,4.49,13.55,615.0,384.0,12.83,7.58,37.96,147.0,104.0,3.07,2.08,43.01,176.0,116.0,3.67,2.3,40.07,119.0,101.0,2.48,2.05,51.6,114.0,91.0,2.38,1.84,48.53,1361.0,427.0,28.38,6.83,19.07,707.0,262.0,14.74,4.59,22.53,904.0,446.0,18.85,8.49,29.99,217.0,185.0,4.53,3.75,51.83,179.0,182.0,3.73,3.72,61.81,224.0,150.0,4.67,2.98,40.71,32.0,43.0,0.67,0.89,81.69,0.0,,0.0,,,990.0,441.0,20.65,8.2,27.08,3805.0,661.0,79.35,21.11,10.56,256.0,176.0,5.34,3.51,41.79,262.0,134.0,5.46,2.57,31.09,2758.0,620.0,57.52,5.74,13.67,162.0,108.0,3.38,2.15,40.53,0.0,,0.0,,,1593.0,729.0,33.22,13.65,27.82,0.0,,0.0,,,20.0,22.0,0.42,0.45,66.87,203.0,135.0,4.23,2.68,40.43,4592.0,938.0,95.77,3.23,12.42,2707.0,619.0,56.45,6.11,13.9,150.0,107.0,3.13,2.14,43.36,0.0,,0.0,,,1540.0,723.0,32.12,13.62,28.54,0.0,,0.0,,,0.0,,0.0,,,195.0,100.0,4.07,1.92,31.17
10005,10005,"10005, 10271",4782.0,520.0,100,,6.61,635.0,232.0,13.28,4.63,22.21,839.0,375.0,9.71,4.18,27.17,34.0,57.0,4.05,6.55,101.91,77.0,125.0,9.18,14.32,98.69,324.0,209.0,38.62,17.96,39.21,113.0,129.0,13.47,14.15,69.4,291.0,239.0,34.68,23.9,49.93,6829.0,775.0,79.07,13.18,6.9,6.0,16.0,0.09,0.23,162.11,0.0,,0.0,,,370.0,257.0,5.42,3.71,42.22,6329.0,744.0,92.68,2.84,7.15,7648.0,849.0,88.55,14.62,6.75,90.0,89.0,1.18,1.16,60.11,8637.0,1055.0,100.0,0.0,7.43,129.0,95.0,1.49,1.08,44.77,989.0,371.0,11.45,4.06,22.8,0.0,,0.0,,,7562.0,853.0,87.55,14.56,6.86,129.0,95.0,1.71,1.24,44.77,86.0,87.0,1.0,1.0,61.5,0.0,,0.0,,,8579.0,1048.0,99.33,0.15,7.43,5781.0,859.0,67.39,5.7,9.03,2629.0,535.0,30.64,4.99,12.37,169.0,104.0,1.97,1.19,37.41,8637.0,1055.0,100,,7.43,7068.0,1075.0,81.83,7.42,9.25,6959.0,1065.0,80.57,7.43,9.3,109.0,105.0,1.26,1.21,58.56,1569.0,418.0,18.17,4.3,16.2,510.0,240.0,32.5,12.61,28.61,1059.0,328.0,67.5,10.66,18.83,568.0,216.0,36.2,9.82,23.12,606.0,303.0,38.62,16.34,30.4,0.0,,0.0,,,161.0,203.0,10.26,12.65,76.65,133.0,88.0,8.48,5.13,40.22,101.0,82.0,6.44,4.94,49.35,8135.0,939.0,94.19,15.83,7.02,6118.0,906.0,75.21,6.98,9.0,123.0,124.0,1.51,1.51,61.28,417.0,258.0,5.13,3.12,37.61,4782.0,520.0,100.0,0.0,6.61,4688.0,520.0,98.03,2.15,6.74,7668.0,848.0,88.78,14.63,6.72,7237.0,813.0,94.38,1.86,6.83,7005.0,767.0,91.35,14.22,6.66,232.0,165.0,3.03,2.13,43.23,0.0,,0.0,,,431.0,169.0,5.62,2.11,23.84,,,3.21,2.25,43.23,6914.0,780.0,80.05,13.31,6.86,110.0,118.0,1.59,1.7,65.21,4.0,14.0,0.06,0.2,212.77,4001.0,668.0,57.87,7.12,10.15,1673.0,488.0,24.2,6.51,17.73,865.0,317.0,12.51,4.36,22.28,7005.0,767.0,81.1,13.3,6.66,3.0,14.0,0.04,0.2,283.69,40.0,40.0,0.57,0.57,60.79,73.0,69.0,1.04,0.98,57.46,284.0,206.0,4.05,2.91,44.09,494.0,246.0,7.05,3.43,30.27,3.0,14.0,0.04,0.2,283.69,350.0,210.0,5.0,2.95,36.47,2016.0,431.0,28.78,5.28,13.0,2122.0,454.0,30.29,5.57,13.01,967.0,383.0,13.8,5.25,24.08,399.0,259.0,5.7,3.64,39.46,120.0,88.0,1.71,1.24,44.58,134.0,149.0,1.91,2.12,67.6,44.0,53.0,0.92,1.1,73.22,0.0,,0.0,,,7.0,16.0,0.15,0.33,138.95,68.0,106.0,1.42,2.21,94.76,100.0,107.0,2.09,2.23,65.05,442.0,212.0,9.24,4.32,29.16,291.0,180.0,6.09,3.71,37.6,729.0,293.0,15.24,5.9,24.43,783.0,285.0,16.37,5.69,22.13,2318.0,416.0,48.47,6.92,10.91,4757.0,523.0,99.48,1.61,6.68,57.0,65.0,1.19,1.35,69.32,80.0,95.0,1.67,1.98,72.19,0.0,,0.0,,,25.0,43.0,0.52,0.9,104.56,38.0,88.0,0.79,1.84,140.78,8554.0,1051.0,99.04,1.31,7.47,8153.0,993.0,94.4,16.28,7.4,469.0,293.0,5.43,3.33,37.98,83.0,91.0,0.96,1.05,66.65,3880.0,651.0,44.92,5.17,10.2,4757.0,800.0,55.08,6.37,10.22,502.0,286.0,5.81,3.23,34.63,235.0,176.0,2.72,2.01,45.53,198.0,221.0,2.29,2.54,67.85,81.0,95.0,0.94,1.09,71.3,792.0,496.0,9.17,5.63,38.07,3659.0,625.0,42.36,5.06,10.38,1663.0,436.0,19.25,4.47,15.94,1051.0,286.0,12.17,2.96,16.54,255.0,205.0,2.95,2.35,48.87,115.0,151.0,1.33,1.74,79.82,86.0,87.0,1.0,1.0,61.5,0.0,,0.0,,,0.0,,0.0,,,989.0,371.0,11.45,4.06,22.8,7648.0,849.0,88.55,14.62,6.75,86.0,87.0,1.0,1.0,61.5,535.0,230.0,6.19,2.55,26.13,6496.0,1091.0,75.21,8.67,10.21,147.0,208.0,1.7,2.4,86.02,0.0,,0.0,,,1180.0,366.0,13.66,3.9,18.86,0.0,,0.0,,,279.0,230.0,3.23,2.63,50.11,589.0,309.0,6.82,3.48,31.89,8048.0,995.0,93.18,1.78,7.52,6286.0,1079.0,72.78,8.78,10.43,147.0,208.0,1.7,2.4,86.02,0.0,,0.0,,,1180.0,366.0,13.66,3.9,18.86,0.0,,0.0,,,0.0,,0.0,,,435.0,212.0,5.04,2.38,29.63
10006,10006,10006,1991.0,262.0,100,,8.0,296.0,114.0,14.87,5.38,23.41,738.0,372.0,18.95,8.92,30.64,0.0,,0.0,,,22.0,38.0,2.98,4.92,105.0,201.0,117.0,27.24,7.93,35.39,359.0,324.0,48.64,36.42,54.86,156.0,87.0,21.14,5.04,33.9,2924.0,532.0,75.09,1.53,11.06,0.0,,0.0,,,0.0,,0.0,,,101.0,96.0,3.45,3.22,57.78,2600.0,529.0,88.92,8.1,12.37,3543.0,665.0,90.99,4.59,11.41,18.0,28.0,0.51,0.78,94.56,3894.0,704.0,100.0,0.0,10.99,36.0,46.0,0.92,1.17,77.68,351.0,162.0,9.01,3.83,28.06,0.0,,0.0,,,3487.0,668.0,89.55,5.67,11.65,11.0,18.0,0.32,0.51,99.47,56.0,54.0,1.44,1.36,58.62,25.0,41.0,44.64,59.22,99.7,3843.0,701.0,98.69,2.39,11.09,2851.0,695.0,74.19,12.0,14.82,976.0,319.0,25.4,6.89,19.87,16.0,25.0,0.42,0.65,94.98,3894.0,704.0,100,,10.99,2767.0,528.0,71.06,4.34,11.6,2691.0,529.0,69.11,5.33,11.95,76.0,92.0,1.95,2.34,73.59,1127.0,439.0,28.94,9.99,23.68,221.0,108.0,19.61,5.79,29.71,906.0,411.0,80.39,18.69,27.58,337.0,154.0,29.9,7.14,27.78,605.0,392.0,53.68,27.8,39.39,18.0,28.0,1.6,2.41,94.56,15.0,25.0,1.33,2.16,101.32,113.0,112.0,10.03,9.14,60.25,39.0,43.0,3.46,3.57,67.03,3784.0,698.0,97.18,3.56,11.21,2702.0,587.0,71.41,8.19,13.21,54.0,48.0,1.43,1.24,54.04,110.0,106.0,2.91,2.75,58.58,1991.0,262.0,100.0,0.0,8.0,1915.0,274.0,96.18,5.4,8.7,3543.0,665.0,90.99,4.59,11.41,2842.0,515.0,80.21,20.93,11.02,2736.0,519.0,77.22,2.12,11.53,106.0,73.0,2.99,1.98,41.86,0.0,,0.0,,,701.0,370.0,19.79,9.76,32.09,,,3.73,2.48,41.86,2576.0,468.0,66.15,1.19,11.04,54.0,55.0,2.1,2.1,61.92,36.0,38.0,1.4,1.45,64.17,1391.0,294.0,54.0,5.83,12.85,555.0,151.0,21.55,4.36,16.54,517.0,337.0,20.07,12.56,39.63,2736.0,519.0,70.26,4.04,11.53,0.0,,0.0,,,28.0,35.0,1.02,1.26,75.99,76.0,90.0,2.78,3.25,71.99,26.0,39.0,0.95,1.41,91.19,124.0,120.0,4.53,4.3,58.83,0.0,,0.0,,,180.0,90.0,6.58,3.04,30.4,606.0,181.0,22.15,5.11,18.16,1099.0,390.0,40.17,12.05,21.57,300.0,164.0,10.96,5.62,33.23,70.0,63.0,2.56,2.25,54.71,50.0,46.0,1.83,1.65,55.93,177.0,174.0,6.47,6.24,59.76,39.0,36.0,1.96,1.79,56.11,8.0,13.0,0.4,0.65,98.78,13.0,21.0,0.65,1.05,98.2,51.0,57.0,2.56,2.84,67.94,147.0,116.0,7.38,5.74,47.97,72.0,64.0,3.62,3.18,54.04,39.0,40.0,1.96,1.99,62.35,271.0,148.0,13.61,7.21,33.2,345.0,135.0,17.33,6.39,23.79,1006.0,281.0,50.53,12.45,16.98,1910.0,273.0,95.93,5.35,8.69,48.0,46.0,2.41,2.29,58.26,26.0,33.0,1.31,1.65,77.16,0.0,,0.0,,,0.0,,0.0,,,0.0,,0.0,,,3449.0,622.0,88.57,22.62,10.96,3424.0,620.0,87.93,0.89,11.01,122.0,88.0,3.13,2.19,43.85,445.0,343.0,11.43,8.56,46.86,1845.0,395.0,47.38,5.43,13.01,2049.0,481.0,52.62,7.88,14.27,110.0,74.0,2.82,1.83,40.9,133.0,101.0,3.42,2.52,46.16,90.0,68.0,2.31,1.7,45.93,415.0,335.0,10.66,8.38,49.07,222.0,139.0,5.7,3.42,38.06,1402.0,455.0,36.0,9.7,19.73,827.0,350.0,21.24,8.13,25.73,486.0,184.0,12.48,4.15,23.02,59.0,51.0,1.52,1.28,52.55,94.0,67.0,2.41,1.66,43.33,31.0,38.0,0.8,0.97,74.52,0.0,,0.0,,,25.0,41.0,0.64,1.05,99.7,351.0,162.0,9.01,3.83,28.06,3543.0,665.0,90.99,4.59,11.41,56.0,54.0,1.44,1.36,58.62,150.0,127.0,3.85,3.19,51.47,2526.0,483.0,64.87,4.04,11.62,255.0,212.0,6.55,5.31,50.54,0.0,,0.0,,,895.0,421.0,22.98,9.98,28.6,0.0,,0.0,,,68.0,91.0,1.75,2.32,81.35,222.0,158.0,5.7,3.92,43.27,3672.0,696.0,94.3,5.37,11.52,2304.0,481.0,59.17,6.18,12.69,255.0,212.0,6.55,5.31,50.54,0.0,,0.0,,,895.0,421.0,22.98,9.98,28.6,0.0,,0.0,,,68.0,91.0,1.75,2.32,81.35,150.0,127.0,3.85,3.19,51.47
10007,10007,"10007, 10278, 10279",3302.0,522.0,100,,9.61,880.0,261.0,26.65,6.69,18.03,1473.0,425.0,17.69,4.19,17.54,443.0,171.0,30.07,7.71,23.47,164.0,113.0,11.13,6.97,41.89,395.0,207.0,26.82,11.73,31.86,239.0,173.0,16.23,10.77,44.0,232.0,156.0,15.75,9.57,40.88,6214.0,1120.0,74.64,5.43,10.96,64.0,54.0,1.03,0.85,51.29,175.0,244.0,2.82,3.89,84.76,345.0,221.0,5.55,3.41,38.94,5333.0,907.0,85.82,21.27,10.34,6656.0,1139.0,79.95,3.65,10.4,74.0,95.0,1.11,1.41,78.04,7584.0,1211.0,91.1,20.91,9.71,150.0,110.0,1.98,1.42,44.58,1669.0,453.0,20.05,4.32,16.5,0.0,,0.0,,,5490.0,914.0,65.95,1.5,10.12,123.0,103.0,2.24,1.84,50.91,425.0,206.0,5.11,2.33,29.47,27.0,34.0,6.35,7.38,76.55,8159.0,1385.0,98.01,3.94,10.32,5923.0,1058.0,72.59,4.04,10.86,2151.0,887.0,26.36,9.91,25.07,85.0,133.0,1.04,1.62,95.12,8325.0,1373.0,100,,10.03,6589.0,1315.0,79.15,8.89,12.13,6376.0,1329.0,76.59,9.76,12.67,213.0,93.0,2.56,1.03,26.54,1736.0,490.0,20.85,4.78,17.16,712.0,239.0,41.01,7.45,20.41,1024.0,414.0,58.99,17.07,24.58,502.0,255.0,28.92,12.21,30.88,677.0,290.0,39.0,12.57,26.04,103.0,117.0,5.93,6.53,69.05,28.0,51.0,1.61,2.9,110.73,411.0,276.0,23.68,14.43,40.82,15.0,33.0,0.86,1.89,133.74,7534.0,1346.0,90.5,6.22,10.86,5717.0,1202.0,75.88,8.41,12.78,326.0,139.0,4.33,1.68,25.92,665.0,440.0,8.83,5.62,40.22,3282.0,518.0,99.39,22.2,9.59,3263.0,523.0,98.82,2.61,9.74,6844.0,1181.0,82.21,4.17,10.49,4926.0,869.0,71.98,2.64,10.72,4790.0,851.0,69.99,2.96,10.8,136.0,104.0,1.99,1.48,46.49,0.0,,0.0,,,1918.0,611.0,28.02,7.5,19.37,,,2.76,2.05,46.49,4767.0,854.0,57.26,4.01,10.89,118.0,100.0,2.48,2.05,51.52,36.0,46.0,0.76,0.96,77.68,2099.0,532.0,44.03,7.89,15.41,1265.0,330.0,26.54,5.03,15.86,1142.0,553.0,23.96,10.78,29.44,4790.0,851.0,57.54,3.8,10.8,0.0,,0.0,,,0.0,,0.0,,,60.0,73.0,1.25,1.51,73.96,125.0,111.0,2.61,2.27,53.98,398.0,222.0,8.31,4.39,33.91,80.0,105.0,1.67,2.17,79.79,116.0,76.0,2.42,1.53,39.83,1934.0,531.0,40.38,8.45,16.69,825.0,347.0,17.22,6.57,25.57,569.0,228.0,11.88,4.27,24.36,475.0,244.0,9.92,4.78,31.23,114.0,124.0,2.38,2.55,66.12,94.0,96.0,1.96,1.97,62.08,95.0,69.0,2.88,2.04,44.15,51.0,65.0,1.54,1.95,77.48,0.0,,0.0,,,72.0,79.0,2.18,2.37,66.7,45.0,44.0,1.36,1.31,59.44,62.0,76.0,1.88,2.28,74.52,144.0,119.0,4.36,3.54,50.24,228.0,148.0,6.9,4.35,39.46,555.0,259.0,16.81,7.38,28.37,2050.0,509.0,62.08,11.89,15.09,3241.0,517.0,98.15,2.09,9.7,177.0,102.0,5.36,2.97,35.03,143.0,128.0,4.33,3.82,54.41,0.0,,0.0,,,42.0,47.0,1.27,1.41,68.03,46.0,49.0,1.39,1.47,64.75,7551.0,1213.0,99.56,1.75,9.77,7312.0,1193.0,96.41,3.23,9.92,601.0,253.0,7.92,3.09,25.59,33.0,42.0,0.44,0.55,77.37,4369.0,924.0,52.48,6.95,12.86,3956.0,758.0,47.52,4.63,11.65,791.0,262.0,9.5,2.73,20.14,448.0,205.0,5.38,2.3,27.82,242.0,178.0,2.91,2.08,44.71,216.0,169.0,2.59,1.98,47.56,414.0,260.0,4.97,3.01,38.18,2177.0,614.0,26.15,5.98,17.15,1463.0,403.0,17.57,3.88,16.75,1731.0,691.0,20.79,7.56,24.27,212.0,115.0,2.55,1.32,32.98,140.0,79.0,1.68,0.91,34.3,405.0,218.0,4.86,2.49,32.72,46.0,77.0,0.55,0.92,101.76,40.0,47.0,0.48,0.56,71.43,1669.0,453.0,20.05,4.32,16.5,6656.0,1139.0,79.95,3.65,10.4,491.0,225.0,5.9,2.52,27.86,78.0,91.0,0.94,1.08,70.92,6304.0,1172.0,75.72,6.5,11.3,736.0,305.0,8.84,3.36,25.19,0.0,,0.0,,,1064.0,519.0,12.78,5.87,29.65,0.0,,0.0,,,143.0,160.0,1.72,1.9,68.02,920.0,545.0,11.05,6.29,36.01,7405.0,1173.0,88.95,20.34,9.63,5561.0,1024.0,66.8,5.47,11.19,719.0,312.0,8.64,3.47,26.38,0.0,,0.0,,,1047.0,519.0,12.58,5.88,30.13,0.0,,0.0,,,0.0,,0.0,,,78.0,91.0,0.94,1.08,70.92
10009,10009,10009,29407.0,1191.0,100,,2.46,4092.0,688.0,13.92,2.27,10.22,11513.0,1575.0,19.19,2.41,8.32,476.0,272.0,4.13,2.29,34.74,304.0,150.0,2.64,1.25,30.0,3052.0,682.0,26.51,4.68,13.58,1679.0,464.0,14.58,3.5,16.8,6002.0,1188.0,52.13,7.46,12.03,47484.0,2751.0,79.14,1.65,3.52,2925.0,518.0,6.16,1.03,10.77,2589.0,471.0,5.45,0.94,11.06,5494.0,691.0,11.57,1.29,7.65,29635.0,2503.0,62.41,3.84,5.13,53458.0,2850.0,89.1,6.76,3.24,1005.0,387.0,1.88,0.72,23.41,59992.0,3242.0,99.99,0.09,3.29,7835.0,1307.0,13.06,2.06,10.14,6542.0,945.0,10.9,1.46,8.78,215.0,116.0,3.29,1.71,32.8,44786.0,2779.0,74.64,2.28,3.77,4176.0,1025.0,9.32,2.21,14.92,8664.0,746.0,14.44,0.97,5.23,3444.0,656.0,39.75,6.75,11.58,59725.0,3240.0,99.54,0.48,3.3,51822.0,3149.0,86.77,2.38,3.69,7197.0,1364.0,12.05,2.19,11.52,706.0,323.0,1.18,0.54,27.81,60000.0,3242.0,100,,3.28,46424.0,2929.0,77.37,2.52,3.84,42276.0,2823.0,70.46,2.76,4.06,4148.0,771.0,6.91,1.23,11.3,13576.0,1533.0,22.63,2.24,6.86,7179.0,985.0,52.88,4.12,8.34,6397.0,1277.0,47.12,7.76,12.14,3020.0,972.0,22.25,6.7,19.57,6170.0,1163.0,45.45,6.86,11.46,152.0,90.0,1.12,0.65,35.99,432.0,314.0,3.18,2.28,44.19,3041.0,774.0,22.4,5.11,15.47,761.0,369.0,5.61,2.64,29.48,58128.0,3223.0,96.88,1.21,3.37,38811.0,2901.0,66.77,3.35,4.54,6787.0,859.0,11.68,1.33,7.69,9864.0,1351.0,16.97,2.13,8.33,27800.0,1207.0,94.54,1.48,2.64,23720.0,1268.0,80.66,2.81,3.25,54209.0,2871.0,90.35,6.84,3.22,33950.0,2412.0,62.63,2.97,4.32,32358.0,2393.0,59.69,3.08,4.5,1592.0,406.0,2.94,0.73,15.5,0.0,,0.0,,,20259.0,2002.0,37.37,3.12,6.01,,,4.69,1.15,15.5,31713.0,2342.0,52.86,2.66,4.49,1619.0,485.0,5.11,1.48,18.21,184.0,99.0,0.58,0.31,32.71,15569.0,1713.0,49.09,4.0,6.69,6065.0,1120.0,19.12,3.24,11.23,5396.0,1088.0,17.02,3.19,12.26,32358.0,2393.0,53.93,2.72,4.5,110.0,95.0,0.34,0.29,52.5,446.0,207.0,1.38,0.63,28.21,668.0,460.0,2.06,1.41,41.86,533.0,250.0,1.65,0.76,28.51,2012.0,570.0,6.22,1.7,17.22,1062.0,352.0,3.28,1.06,20.15,3014.0,717.0,9.31,2.11,14.46,4338.0,829.0,13.41,2.36,11.62,8940.0,1189.0,27.63,3.05,8.08,6399.0,982.0,19.78,2.66,9.33,2136.0,550.0,6.6,1.63,15.65,1412.0,420.0,4.36,1.26,18.08,1288.0,460.0,3.98,1.39,21.71,3659.0,636.0,12.44,2.1,10.57,2191.0,421.0,7.45,1.4,11.68,1902.0,366.0,6.47,1.22,11.7,1459.0,289.0,4.96,0.96,12.04,2153.0,532.0,7.32,1.78,15.02,2978.0,589.0,10.13,1.96,12.02,2979.0,604.0,10.13,2.01,12.33,4017.0,690.0,13.66,2.28,10.44,2313.0,587.0,7.87,1.97,15.43,5756.0,836.0,19.57,2.73,8.83,21537.0,1264.0,73.24,3.11,3.57,6794.0,667.0,23.1,2.07,5.97,3949.0,680.0,13.43,2.25,10.47,2552.0,507.0,8.68,1.69,12.08,1496.0,396.0,5.09,1.33,16.09,5224.0,702.0,17.76,2.28,8.17,57771.0,3195.0,96.3,1.13,3.36,40272.0,2538.0,67.13,2.18,3.83,22285.0,2097.0,37.15,2.86,5.72,2221.0,490.0,3.7,0.79,13.41,30485.0,2269.0,50.81,2.6,4.52,29515.0,1903.0,49.19,1.73,3.92,1872.0,423.0,3.12,0.68,13.74,1242.0,487.0,2.07,0.8,23.84,2235.0,536.0,3.72,0.87,14.58,1884.0,495.0,3.14,0.81,15.97,5283.0,745.0,8.8,1.15,8.57,15868.0,1658.0,26.45,2.37,6.35,7476.0,1129.0,12.46,1.76,9.18,6107.0,1091.0,10.18,1.73,10.86,5587.0,1128.0,9.31,1.81,12.27,3778.0,776.0,6.3,1.25,12.49,5005.0,563.0,8.34,0.82,6.84,2375.0,537.0,3.96,0.87,13.75,1288.0,491.0,2.15,0.81,23.17,6542.0,945.0,10.9,1.46,8.78,53458.0,2850.0,89.1,6.76,3.24,8668.0,747.0,14.45,0.97,5.24,5469.0,1247.0,9.12,2.02,13.86,34924.0,2525.0,58.21,2.8,4.4,4577.0,793.0,7.63,1.26,10.53,110.0,131.0,0.18,0.22,72.4,7995.0,1144.0,13.32,1.77,8.7,3.0,,0.0,,,6922.0,891.0,11.54,1.35,7.82,14683.0,1531.0,24.47,2.18,6.34,45317.0,2907.0,75.53,2.61,3.9,30490.0,2384.0,50.82,2.87,4.75,4067.0,753.0,6.78,1.2,11.26,102.0,133.0,0.17,0.22,79.27,7740.0,1192.0,12.9,1.86,9.36,3.0,,0.0,,,282.0,250.0,0.47,0.42,53.89,2633.0,902.0,4.39,1.48,20.83
10010,10010,10010,16207.0,1356.0,100,,5.09,2617.0,491.0,16.15,2.71,11.41,7280.0,1106.0,21.93,2.75,9.24,730.0,282.0,10.03,3.56,23.48,324.0,173.0,4.45,2.28,32.46,1826.0,555.0,25.08,6.6,18.48,450.0,210.0,6.18,2.73,28.37,3950.0,641.0,54.26,3.09,9.86,24661.0,2308.0,74.3,2.78,5.69,333.0,234.0,1.35,0.94,42.72,495.0,395.0,2.01,1.59,48.51,2101.0,879.0,8.52,3.47,25.43,19417.0,1794.0,78.74,10.35,5.62,28843.0,2474.0,86.89,10.54,5.21,730.0,461.0,2.53,1.58,38.39,33131.0,2854.0,99.81,0.77,5.24,2116.0,654.0,6.39,1.9,18.79,4295.0,807.0,12.94,2.16,11.42,68.0,91.0,1.58,2.1,81.35,23375.0,2003.0,70.42,8.54,5.21,958.0,474.0,4.1,2.0,30.08,5461.0,1302.0,16.45,3.66,14.49,1090.0,379.0,19.96,5.05,21.14,32783.0,2861.0,98.76,1.58,5.31,26447.0,2858.0,80.67,5.14,6.57,5868.0,937.0,17.9,2.39,9.71,468.0,185.0,1.43,0.55,24.03,33193.0,2848.0,100,,5.22,26130.0,2488.0,78.72,3.25,5.79,25470.0,2446.0,76.73,3.31,5.84,660.0,268.0,1.99,0.79,24.68,7063.0,1029.0,21.28,2.51,8.86,4073.0,958.0,57.67,10.65,14.3,2990.0,544.0,42.33,4.61,11.06,1633.0,409.0,23.12,4.71,15.23,3281.0,733.0,46.45,7.87,13.58,483.0,292.0,6.84,4.01,36.75,44.0,42.0,0.62,0.59,58.03,1261.0,615.0,17.85,8.31,29.65,361.0,240.0,5.11,3.32,40.41,31628.0,2753.0,95.29,1.4,5.29,24634.0,2562.0,77.89,4.43,6.32,1855.0,516.0,5.87,1.55,16.91,2325.0,781.0,7.35,2.38,20.42,15669.0,1327.0,96.68,1.27,5.15,14852.0,1083.0,91.64,10.17,4.43,29098.0,2490.0,87.66,10.62,5.2,20218.0,1668.0,69.48,8.26,5.02,19546.0,1647.0,67.17,8.07,5.12,640.0,247.0,2.2,0.83,23.46,32.0,36.0,0.11,0.12,68.39,8880.0,1573.0,30.52,4.73,10.77,,,3.17,1.19,23.46,19119.0,1641.0,57.6,0.13,5.22,1161.0,636.0,6.07,3.29,33.3,242.0,163.0,1.27,0.85,40.95,7219.0,930.0,37.76,3.63,7.83,4923.0,681.0,25.75,2.79,8.41,4330.0,1082.0,22.65,5.31,15.19,19546.0,1647.0,58.89,7.08,5.12,0.0,,0.0,,,299.0,288.0,1.53,1.47,58.55,409.0,174.0,2.09,0.87,25.86,378.0,170.0,1.93,0.85,27.34,1075.0,469.0,5.5,2.35,26.52,241.0,175.0,1.23,0.89,44.14,1662.0,510.0,8.5,2.51,18.65,4114.0,768.0,21.05,3.51,11.35,4522.0,667.0,23.14,2.8,8.97,4345.0,685.0,22.23,2.96,9.58,1186.0,415.0,6.07,2.06,21.27,615.0,227.0,3.15,1.13,22.44,700.0,327.0,3.58,1.65,28.4,720.0,351.0,4.44,2.13,29.64,684.0,454.0,4.22,2.78,40.35,597.0,263.0,3.68,1.59,26.78,908.0,490.0,5.6,2.99,32.81,1182.0,474.0,7.29,2.86,24.38,866.0,315.0,5.34,1.89,22.11,1391.0,432.0,8.58,2.57,18.88,2534.0,487.0,15.64,2.71,11.68,1998.0,767.0,12.33,4.62,23.34,5327.0,593.0,32.87,2.41,6.77,12813.0,1004.0,79.06,9.06,4.76,4129.0,1009.0,25.48,5.85,14.86,3224.0,835.0,19.89,4.88,15.74,346.0,250.0,2.13,1.53,43.92,610.0,435.0,3.76,2.67,43.35,1158.0,596.0,7.15,3.63,31.29,32152.0,2814.0,97.05,1.5,5.32,27958.0,2278.0,84.39,10.01,4.95,7206.0,1811.0,21.75,5.14,15.28,979.0,386.0,2.95,1.14,23.97,16314.0,1552.0,49.15,2.02,5.78,16879.0,1674.0,50.85,2.53,6.03,1565.0,434.0,4.71,1.24,16.86,1631.0,514.0,4.91,1.49,19.16,784.0,308.0,2.36,0.91,23.88,1965.0,348.0,5.92,0.92,10.77,2587.0,582.0,7.79,1.62,13.68,7164.0,852.0,21.58,1.78,7.23,5272.0,817.0,15.88,2.05,9.42,3720.0,901.0,11.21,2.54,14.72,1375.0,330.0,4.14,0.93,14.59,1669.0,673.0,5.03,1.98,24.51,3479.0,844.0,10.48,2.38,14.75,1264.0,566.0,3.81,1.67,27.22,718.0,357.0,2.16,1.06,30.23,4318.0,809.0,13.01,2.17,11.39,28875.0,2466.0,86.99,10.53,5.19,5461.0,1302.0,16.45,3.66,14.49,1491.0,530.0,4.49,1.55,21.61,22952.0,2283.0,69.15,3.48,6.05,2952.0,1343.0,8.89,3.97,27.66,48.0,73.0,0.14,0.22,92.45,4955.0,976.0,14.93,2.65,11.97,0.0,,0.0,,,795.0,284.0,2.4,0.83,21.72,3343.0,856.0,10.07,2.43,15.57,29850.0,2646.0,89.93,2.0,5.39,20660.0,2092.0,62.24,3.35,6.16,2943.0,1344.0,8.87,3.98,27.76,48.0,73.0,0.14,0.22,92.45,4955.0,976.0,14.93,2.65,11.97,0.0,,0.0,,,189.0,193.0,0.57,0.58,62.08,1055.0,468.0,3.18,1.38,26.97
10011,10011,10011,29222.0,1342.0,100,,2.79,3219.0,601.0,11.02,1.99,11.35,7510.0,1048.0,14.48,1.87,8.48,461.0,218.0,6.14,2.77,28.75,249.0,154.0,3.32,2.0,37.6,1972.0,567.0,26.26,6.6,17.48,1218.0,417.0,16.22,5.07,20.81,3610.0,618.0,48.07,4.77,10.41,43115.0,2131.0,83.13,5.99,3.0,916.0,358.0,2.12,0.82,23.76,672.0,282.0,1.56,0.65,25.51,2918.0,763.0,6.77,1.74,15.9,34039.0,1872.0,78.95,1.9,3.34,46949.0,2357.0,90.52,6.57,3.05,1061.0,339.0,2.26,0.71,19.42,51667.0,2713.0,99.61,0.39,3.19,5137.0,752.0,9.94,1.36,8.9,4855.0,752.0,9.36,1.36,9.42,146.0,172.0,3.01,3.51,71.62,37766.0,2204.0,72.81,1.88,3.55,2277.0,519.0,6.03,1.33,13.86,9046.0,883.0,17.44,1.44,5.93,2714.0,485.0,30.0,4.49,10.86,51424.0,2713.0,99.15,0.64,3.21,41492.0,2427.0,80.69,2.04,3.56,8675.0,1241.0,16.87,2.24,8.7,1257.0,497.0,2.44,0.96,24.04,51867.0,2716.0,100,,3.18,40379.0,2658.0,77.85,3.11,4.0,38701.0,2537.0,74.62,2.94,3.99,1678.0,491.0,3.24,0.93,17.79,11488.0,1328.0,22.15,2.28,7.03,5882.0,994.0,51.2,6.31,10.27,5606.0,833.0,48.8,4.56,9.03,3129.0,635.0,27.24,4.54,12.34,3872.0,774.0,33.7,5.5,12.15,537.0,319.0,4.67,2.72,36.11,461.0,181.0,4.01,1.51,23.87,2712.0,720.0,23.61,5.64,16.14,777.0,478.0,6.76,4.09,37.4,50416.0,2678.0,97.2,0.87,3.23,39454.0,2477.0,78.26,2.62,3.82,2317.0,584.0,4.6,1.13,15.32,4700.0,853.0,9.32,1.62,11.03,28233.0,1360.0,96.62,1.4,2.93,27539.0,1334.0,94.24,1.45,2.94,47798.0,2523.0,92.15,0.61,3.21,35178.0,2119.0,73.6,2.14,3.66,33548.0,2164.0,70.19,2.6,3.92,1591.0,483.0,3.33,1.0,18.45,39.0,47.0,0.08,0.1,73.26,12620.0,1130.0,26.4,1.91,5.44,,,4.52,1.35,18.45,32708.0,2140.0,63.06,2.47,3.98,1783.0,549.0,5.45,1.64,18.72,412.0,208.0,1.26,0.63,30.69,14585.0,1218.0,44.59,2.31,5.08,6792.0,902.0,20.77,2.4,8.07,6645.0,1206.0,20.32,3.44,11.03,33548.0,2164.0,64.68,2.44,3.92,55.0,76.0,0.16,0.23,84.0,268.0,163.0,0.8,0.48,36.97,1116.0,305.0,3.33,0.88,16.61,465.0,224.0,1.39,0.66,29.28,2302.0,646.0,6.86,1.87,17.06,793.0,464.0,2.36,1.37,35.57,2860.0,577.0,8.53,1.63,12.26,6534.0,813.0,19.48,2.07,7.56,9180.0,1356.0,27.36,3.64,8.98,5859.0,921.0,17.46,2.5,9.56,2308.0,570.0,6.88,1.64,15.01,1221.0,329.0,3.64,0.95,16.38,587.0,241.0,1.75,0.71,24.96,1514.0,364.0,5.18,1.22,14.62,1074.0,370.0,3.68,1.25,20.94,1369.0,376.0,4.68,1.27,16.7,1131.0,451.0,3.87,1.53,24.24,1722.0,534.0,5.89,1.81,18.85,2271.0,536.0,7.77,1.8,14.35,2296.0,521.0,7.86,1.75,13.79,4095.0,694.0,14.01,2.29,10.3,3545.0,723.0,12.13,2.41,12.4,10205.0,817.0,34.92,2.29,4.87,24084.0,1288.0,82.42,2.26,3.25,6898.0,789.0,23.61,2.47,6.95,3968.0,515.0,13.58,1.65,7.89,1002.0,329.0,3.43,1.11,19.96,630.0,309.0,2.16,1.05,29.82,1751.0,399.0,5.99,1.34,13.85,50253.0,2666.0,97.26,0.74,3.23,43696.0,2557.0,84.57,2.18,3.56,12700.0,1108.0,24.58,1.71,5.3,1414.0,512.0,2.74,0.98,22.01,26544.0,1894.0,51.18,2.48,4.34,25323.0,1682.0,48.82,2.0,4.04,1451.0,414.0,2.8,0.78,17.34,1153.0,317.0,2.22,0.6,16.71,1218.0,449.0,2.35,0.86,22.41,2243.0,502.0,4.32,0.94,13.61,2687.0,543.0,5.18,1.01,12.28,11589.0,1199.0,22.34,1.99,6.29,7271.0,1025.0,14.02,1.83,8.57,6618.0,785.0,12.76,1.36,7.21,5047.0,1209.0,9.73,2.27,14.56,3480.0,655.0,6.71,1.21,11.44,4835.0,745.0,9.32,1.35,9.37,3536.0,551.0,6.82,1.0,9.47,739.0,294.0,1.42,0.56,24.18,4879.0,755.0,9.41,1.37,9.41,46988.0,2352.0,90.59,6.56,3.04,9110.0,878.0,17.56,1.42,5.86,3795.0,830.0,7.32,1.55,13.3,38919.0,2393.0,75.04,2.42,3.74,2322.0,664.0,4.48,1.26,17.38,64.0,77.0,0.12,0.15,73.14,4854.0,849.0,9.36,1.56,10.63,0.0,,0.0,,,1913.0,657.0,3.69,1.25,20.88,7111.0,1022.0,13.71,1.83,8.74,44756.0,2633.0,86.29,2.31,3.58,35591.0,2350.0,68.62,2.76,4.01,2040.0,656.0,3.93,1.25,19.55,0.0,,0.0,,,4825.0,825.0,9.3,1.51,10.39,0.0,,0.0,,,385.0,268.0,0.74,0.52,42.32,1915.0,523.0,3.69,0.99,16.6
10012,10012,10012,11964.0,857.0,100,,4.35,1245.0,308.0,10.41,2.46,15.04,4469.0,843.0,20.07,3.53,11.47,211.0,152.0,4.72,3.28,43.79,11.0,19.0,0.25,0.42,105.0,628.0,257.0,14.05,5.1,24.88,482.0,212.0,10.79,4.29,26.74,3137.0,709.0,70.19,8.74,13.74,17490.0,1369.0,78.54,3.08,4.76,319.0,136.0,1.82,0.76,25.92,384.0,179.0,2.2,1.01,28.34,891.0,302.0,5.09,1.68,20.6,14431.0,1271.0,82.51,3.33,5.35,20443.0,1350.0,91.8,8.68,4.01,242.0,112.0,1.18,0.54,28.13,22263.0,1508.0,99.97,0.16,4.12,1318.0,309.0,5.92,1.33,14.25,1820.0,492.0,8.17,2.14,16.43,0.0,,0.0,,,17235.0,1350.0,77.39,3.05,4.76,608.0,208.0,3.53,1.17,20.8,3208.0,451.0,14.41,1.77,8.55,710.0,247.0,22.13,7.04,21.15,22045.0,1483.0,98.99,9.45,4.09,17136.0,1349.0,77.73,3.18,4.79,4624.0,910.0,20.98,3.88,11.96,285.0,130.0,1.29,0.58,27.73,22269.0,1508.0,100,,4.12,16101.0,1436.0,72.3,4.2,5.42,15622.0,1457.0,70.15,4.5,5.67,479.0,210.0,2.15,0.93,26.65,6168.0,779.0,27.7,2.95,7.68,2845.0,620.0,46.13,8.19,13.25,3323.0,650.0,53.87,8.05,11.89,1951.0,452.0,31.63,6.14,14.08,2919.0,722.0,47.32,10.06,15.04,42.0,43.0,0.68,0.69,62.24,235.0,120.0,3.81,1.89,31.04,741.0,253.0,12.01,3.81,20.76,280.0,123.0,4.54,1.91,26.7,21605.0,1468.0,97.02,0.54,4.13,16634.0,1445.0,76.99,4.17,5.28,1596.0,466.0,7.39,2.1,17.75,1084.0,328.0,5.02,1.48,18.39,11727.0,843.0,98.02,0.59,4.37,11227.0,856.0,93.84,2.45,4.63,20759.0,1383.0,93.22,8.86,4.05,15094.0,1240.0,72.71,3.5,4.99,14373.0,1134.0,69.24,2.93,4.8,715.0,337.0,3.44,1.61,28.65,6.0,11.0,0.03,0.05,111.45,5665.0,735.0,27.29,3.04,7.89,,,4.74,2.2,28.65,14272.0,1134.0,64.09,2.66,4.83,471.0,193.0,3.3,1.33,24.91,455.0,385.0,3.19,2.69,51.44,5879.0,569.0,41.19,2.28,5.88,3089.0,467.0,21.64,2.78,9.19,2974.0,716.0,20.84,4.74,14.64,14373.0,1134.0,64.54,2.61,4.8,21.0,31.0,0.15,0.22,89.74,122.0,68.0,0.85,0.47,33.88,346.0,164.0,2.41,1.13,28.81,308.0,176.0,2.14,1.21,34.74,1252.0,316.0,8.71,2.09,15.34,85.0,84.0,0.59,0.58,60.08,820.0,244.0,5.71,1.64,18.09,2640.0,329.0,18.37,1.77,7.58,3409.0,537.0,23.72,3.23,9.58,3160.0,819.0,21.99,5.43,15.76,1640.0,559.0,11.41,3.78,20.72,299.0,124.0,2.08,0.85,25.21,271.0,176.0,1.89,1.22,39.48,1035.0,436.0,8.65,3.59,25.61,175.0,84.0,1.46,0.69,29.18,549.0,221.0,4.59,1.82,24.47,418.0,185.0,3.49,1.53,26.9,545.0,214.0,4.56,1.76,23.87,1583.0,468.0,13.23,3.8,17.97,779.0,234.0,6.51,1.9,18.26,2209.0,524.0,18.46,4.18,14.42,1160.0,286.0,9.7,2.29,14.99,3511.0,433.0,29.35,2.95,7.5,10328.0,818.0,86.33,2.92,4.81,1944.0,352.0,16.25,2.7,11.01,1200.0,261.0,10.03,2.06,13.22,286.0,145.0,2.39,1.2,30.82,271.0,141.0,2.27,1.17,31.63,424.0,162.0,3.54,1.33,23.23,21279.0,1477.0,95.58,1.45,4.22,18219.0,1426.0,81.84,3.21,4.76,4702.0,746.0,21.12,3.03,9.64,984.0,419.0,4.42,1.86,25.89,11100.0,1152.0,49.85,3.92,6.31,11169.0,948.0,50.15,2.57,5.16,664.0,246.0,2.98,1.09,22.52,199.0,85.0,0.89,0.38,25.97,506.0,285.0,2.27,1.27,34.24,637.0,311.0,2.86,1.38,29.68,2773.0,716.0,12.45,3.1,15.7,6262.0,859.0,28.12,3.35,8.34,3232.0,756.0,14.51,3.25,14.22,3106.0,567.0,13.95,2.36,11.1,780.0,241.0,3.5,1.06,18.78,902.0,274.0,4.05,1.2,18.47,2181.0,358.0,9.79,1.46,9.98,833.0,267.0,3.74,1.17,19.48,194.0,96.0,0.87,0.43,30.08,1820.0,492.0,8.17,2.14,16.43,20449.0,1350.0,91.83,8.68,4.01,3208.0,451.0,14.41,1.77,8.55,1088.0,303.0,4.89,1.32,16.93,15836.0,1309.0,71.11,3.37,5.02,806.0,502.0,3.62,2.24,37.86,0.0,,0.0,,,4131.0,869.0,18.55,3.69,12.79,0.0,,0.0,,,408.0,239.0,1.83,1.07,35.61,1976.0,483.0,8.87,2.08,14.86,20293.0,1567.0,91.13,3.38,4.69,14888.0,1364.0,66.86,4.13,5.57,747.0,501.0,3.35,2.24,40.77,0.0,,0.0,,,4131.0,869.0,18.55,3.69,12.79,0.0,,0.0,,,12.0,18.0,0.05,0.08,91.19,515.0,196.0,2.31,0.87,23.14
10013,10013,10013,12334.0,1182.0,100,,5.83,3283.0,792.0,26.62,5.89,14.67,6177.0,765.0,20.89,2.11,7.53,553.0,192.0,8.95,2.9,21.11,292.0,97.0,4.73,1.46,20.19,2000.0,503.0,32.38,7.09,15.29,616.0,182.0,9.97,2.68,17.96,2716.0,402.0,43.97,3.56,9.0,22119.0,1733.0,74.82,2.31,4.76,1787.0,468.0,8.08,2.02,15.92,1513.0,352.0,6.84,1.5,14.14,1543.0,607.0,6.98,2.69,23.91,15485.0,1490.0,70.01,3.91,5.85,25304.0,1865.0,85.59,1.36,4.48,213.0,94.0,0.84,0.37,26.83,28919.0,2156.0,97.82,1.9,4.53,2081.0,544.0,7.2,1.8,15.89,4259.0,661.0,14.41,1.98,9.43,59.0,54.0,1.39,1.25,55.64,19741.0,1734.0,66.78,3.36,5.34,544.0,241.0,2.76,1.2,26.93,4919.0,940.0,16.64,2.95,11.62,1478.0,495.0,30.05,8.26,20.36,29257.0,2117.0,98.96,0.73,4.4,23109.0,2173.0,78.99,4.74,5.72,5414.0,814.0,18.5,2.44,9.14,734.0,380.0,2.51,1.29,31.47,29563.0,2128.0,100,,4.38,20162.0,1420.0,68.2,6.87,4.28,19572.0,1400.0,66.2,6.72,4.35,590.0,178.0,2.0,0.58,18.34,9401.0,1350.0,31.8,3.95,8.73,5799.0,1102.0,61.68,7.68,11.55,3602.0,650.0,38.32,4.19,10.97,1979.0,1073.0,21.05,11.01,32.96,5719.0,1129.0,60.83,8.24,12.0,109.0,87.0,1.16,0.91,48.52,523.0,345.0,5.56,3.58,40.1,693.0,252.0,7.37,2.46,22.11,378.0,141.0,4.02,1.38,22.68,28146.0,2064.0,95.21,1.33,4.46,18274.0,1450.0,64.93,1.97,4.82,4944.0,1106.0,17.57,3.71,13.6,952.0,270.0,3.38,0.93,17.24,11358.0,1175.0,92.09,3.59,6.29,11098.0,1182.0,89.98,4.18,6.47,25503.0,1867.0,86.27,1.15,4.45,16646.0,1419.0,65.27,2.85,5.18,16066.0,1437.0,63.0,3.24,5.44,580.0,231.0,2.27,0.89,24.21,0.0,,0.0,,,8857.0,1175.0,34.73,3.84,8.06,,,3.48,1.36,24.21,15654.0,1421.0,52.95,2.93,5.52,587.0,225.0,3.75,1.4,23.3,252.0,153.0,1.61,0.97,36.91,6949.0,1034.0,44.39,5.23,9.05,3792.0,593.0,24.22,3.08,9.51,2909.0,568.0,18.58,3.21,11.87,16066.0,1437.0,54.34,2.89,5.44,0.0,,0.0,,,134.0,83.0,0.83,0.51,37.65,391.0,168.0,2.43,1.02,26.12,258.0,149.0,1.61,0.92,35.11,1138.0,284.0,7.08,1.65,15.17,272.0,214.0,1.69,1.32,47.83,1319.0,403.0,8.21,2.4,18.57,4578.0,886.0,28.49,4.89,11.77,3452.0,475.0,21.49,2.25,8.36,2143.0,356.0,13.34,1.87,10.1,1387.0,342.0,8.63,1.98,14.99,766.0,269.0,4.77,1.62,21.35,228.0,103.0,1.42,0.63,27.46,473.0,175.0,3.83,1.37,22.49,643.0,223.0,5.21,1.74,21.08,453.0,168.0,3.67,1.32,22.54,456.0,183.0,3.7,1.44,24.4,541.0,193.0,4.39,1.51,21.69,1275.0,434.0,10.34,3.38,20.69,928.0,279.0,7.52,2.14,18.28,1734.0,304.0,14.06,2.06,10.66,1282.0,437.0,10.39,3.4,20.72,4549.0,886.0,36.88,6.25,11.84,9983.0,1063.0,80.94,3.76,6.47,2733.0,545.0,22.16,3.87,12.12,1187.0,266.0,9.62,1.95,13.62,611.0,195.0,4.95,1.51,19.4,258.0,134.0,2.09,1.07,31.57,1395.0,288.0,11.31,2.07,12.55,27875.0,2116.0,96.39,1.38,4.61,21742.0,1990.0,75.18,3.99,5.56,7800.0,1159.0,26.97,3.47,9.03,1044.0,344.0,3.61,1.16,20.03,14619.0,1296.0,49.45,2.56,5.39,14944.0,1341.0,50.55,2.71,5.46,1417.0,301.0,4.79,0.96,12.91,1193.0,293.0,4.04,0.95,14.93,1340.0,445.0,4.53,1.47,20.19,1031.0,219.0,3.49,0.7,12.91,2463.0,425.0,8.33,1.31,10.49,4995.0,560.0,16.9,1.45,6.82,5178.0,1185.0,17.52,3.8,13.91,3938.0,977.0,13.32,3.16,15.08,1646.0,462.0,5.57,1.51,17.06,1432.0,390.0,4.84,1.27,16.56,2565.0,561.0,8.68,1.79,13.3,1587.0,827.0,5.37,2.77,31.68,778.0,276.0,2.63,0.91,21.57,4259.0,661.0,14.41,1.98,9.43,25304.0,1865.0,85.59,1.36,4.48,4930.0,937.0,16.68,2.93,11.55,1364.0,405.0,4.61,1.33,18.05,17204.0,1800.0,58.19,4.42,6.36,1000.0,322.0,3.38,1.06,19.57,27.0,41.0,0.09,0.14,92.31,9160.0,1462.0,30.98,4.41,9.7,0.0,,0.0,,,808.0,312.0,2.73,1.04,23.47,2343.0,606.0,7.93,1.97,15.72,27220.0,1943.0,92.07,9.33,4.34,16007.0,1644.0,54.15,3.97,6.24,834.0,270.0,2.82,0.89,19.68,26.0,41.0,0.09,0.14,95.86,9160.0,1462.0,30.98,4.41,9.7,0.0,,0.0,,,191.0,135.0,0.65,0.45,42.97,1002.0,347.0,3.39,1.15,21.05
10014,10014,10014,17685.0,890.0,100,,3.06,1334.0,226.0,7.54,1.22,10.3,3191.0,536.0,10.7,1.69,10.21,255.0,118.0,7.99,3.45,28.13,18.0,22.0,0.56,0.68,74.3,989.0,287.0,30.99,7.33,17.64,347.0,162.0,10.87,4.74,28.38,1582.0,383.0,49.58,8.64,14.72,25727.0,1462.0,86.29,6.98,3.45,69.0,73.0,0.27,0.28,64.31,157.0,99.0,0.61,0.38,38.33,1363.0,509.0,5.3,1.96,22.7,21744.0,1123.0,84.52,6.49,3.14,27442.0,1545.0,92.04,7.41,3.42,566.0,259.0,2.06,0.94,27.82,29798.0,1713.0,99.94,8.13,3.49,2057.0,395.0,6.9,1.26,11.67,2373.0,430.0,7.96,1.37,11.02,16.0,25.0,0.67,1.05,94.98,22294.0,1468.0,74.77,2.4,4.0,711.0,210.0,3.19,0.92,17.95,5131.0,570.0,17.21,1.64,6.75,1330.0,317.0,25.92,5.47,14.49,29513.0,1672.0,98.99,7.99,3.44,24368.0,1726.0,82.57,3.51,4.31,4870.0,764.0,16.5,2.41,9.54,275.0,148.0,0.93,0.5,32.72,29815.0,1715.0,100,,3.5,24787.0,1745.0,83.14,3.37,4.28,24065.0,1698.0,80.71,3.3,4.29,722.0,256.0,2.42,0.85,21.55,5028.0,733.0,16.86,2.26,8.86,2379.0,535.0,47.32,8.1,13.67,2649.0,512.0,52.68,6.69,11.75,2453.0,570.0,48.79,8.83,14.13,904.0,260.0,17.98,4.46,17.48,295.0,184.0,5.87,3.56,37.92,288.0,183.0,5.73,3.54,38.63,670.0,348.0,13.33,6.64,31.57,418.0,245.0,8.31,4.72,35.63,28892.0,1612.0,96.9,7.77,3.39,24767.0,1612.0,85.72,2.87,3.96,330.0,132.0,1.14,0.45,24.32,1366.0,576.0,4.73,1.98,25.63,17236.0,903.0,97.46,1.42,3.18,16834.0,887.0,95.19,1.49,3.2,27715.0,1572.0,92.96,7.51,3.45,21777.0,1494.0,78.57,3.03,4.17,20161.0,1467.0,72.74,3.32,4.42,1616.0,456.0,5.83,1.61,17.15,0.0,,0.0,,,5938.0,588.0,21.43,1.74,6.02,,,7.42,2.03,17.15,19871.0,1461.0,66.65,3.05,4.47,958.0,233.0,4.82,1.12,14.79,218.0,107.0,1.1,0.53,29.84,9292.0,843.0,46.76,2.49,5.52,3376.0,672.0,16.99,3.14,12.1,4095.0,633.0,20.61,2.8,9.4,20161.0,1467.0,67.62,3.01,4.42,3.0,6.0,0.01,0.03,121.58,175.0,97.0,0.87,0.48,33.7,574.0,257.0,2.85,1.26,27.22,488.0,188.0,2.42,0.92,23.42,1393.0,253.0,6.91,1.15,11.04,178.0,156.0,0.88,0.77,53.28,1436.0,372.0,7.12,1.77,15.75,4970.0,793.0,24.65,3.5,9.7,5208.0,779.0,25.83,3.38,9.09,2988.0,504.0,14.82,2.26,10.25,1959.0,372.0,9.72,1.7,11.54,507.0,217.0,2.51,1.06,26.02,282.0,144.0,1.4,0.71,31.04,919.0,314.0,5.2,1.76,20.77,322.0,146.0,1.82,0.82,27.56,592.0,185.0,3.35,1.03,19.0,493.0,199.0,2.79,1.12,24.54,956.0,261.0,5.41,1.45,16.6,1337.0,352.0,7.56,1.95,16.0,1790.0,333.0,10.12,1.81,11.31,2994.0,456.0,16.93,2.43,9.26,1836.0,494.0,10.38,2.74,16.36,6446.0,538.0,36.45,2.43,5.07,14776.0,845.0,83.55,2.27,3.48,3367.0,378.0,19.04,1.91,6.82,2323.0,395.0,13.14,2.13,10.34,162.0,102.0,0.92,0.57,38.28,196.0,117.0,1.11,0.66,36.29,459.0,170.0,2.6,0.95,22.51,28964.0,1723.0,97.2,1.49,3.62,25599.0,1724.0,85.91,3.01,4.09,6115.0,626.0,20.52,1.74,6.22,834.0,252.0,2.8,0.83,18.37,14506.0,1131.0,48.65,2.56,4.74,15309.0,1027.0,51.35,1.77,4.08,923.0,313.0,3.1,1.03,20.61,456.0,128.0,1.53,0.42,17.06,649.0,259.0,2.18,0.86,24.26,534.0,183.0,1.79,0.61,20.83,1526.0,324.0,5.12,1.05,12.91,8532.0,1026.0,28.62,3.02,7.31,4635.0,663.0,15.55,2.04,8.7,3136.0,609.0,10.52,1.95,11.81,2601.0,577.0,8.72,1.87,13.49,1675.0,358.0,5.62,1.16,12.99,3134.0,473.0,10.51,1.47,9.17,1486.0,412.0,4.98,1.35,16.85,528.0,182.0,1.77,0.6,20.95,2373.0,430.0,7.96,1.37,11.02,27442.0,1545.0,92.04,7.41,3.42,5148.0,570.0,17.27,1.63,6.73,1984.0,710.0,6.65,2.35,21.75,25507.0,1400.0,85.55,6.8,3.34,539.0,277.0,1.81,0.92,31.24,27.0,51.0,0.09,0.17,114.83,1377.0,350.0,4.62,1.14,15.45,0.0,,0.0,,,381.0,217.0,1.28,0.72,34.62,2629.0,794.0,8.82,2.61,18.36,27186.0,1436.0,91.18,7.12,3.21,24239.0,1323.0,81.3,6.45,3.32,487.0,296.0,1.63,0.99,36.95,27.0,51.0,0.09,0.17,114.83,1377.0,350.0,4.62,1.14,15.45,0.0,,0.0,,,80.0,61.0,0.27,0.2,46.35,976.0,316.0,3.27,1.04,19.68
10016,10016,10016,30115.0,1450.0,100,,2.93,2811.0,532.0,9.33,1.71,11.5,7519.0,1254.0,13.25,2.06,10.14,495.0,339.0,6.58,4.37,41.63,243.0,153.0,3.23,1.96,38.28,2443.0,686.0,32.49,7.34,17.07,745.0,331.0,9.91,4.08,27.01,3593.0,770.0,47.79,6.43,13.03,44420.0,2561.0,78.26,6.48,3.5,655.0,322.0,1.47,0.72,29.88,870.0,304.0,1.96,0.67,21.24,1953.0,739.0,4.4,1.64,23.0,36626.0,2140.0,82.45,0.78,3.55,51453.0,2634.0,90.65,7.11,3.11,849.0,317.0,1.65,0.61,22.7,56448.0,3369.0,99.45,0.6,3.63,2994.0,560.0,5.3,0.94,11.37,5225.0,1090.0,9.21,1.84,12.68,192.0,160.0,3.67,2.96,50.66,43816.0,2279.0,77.2,6.09,3.16,1441.0,411.0,3.29,0.92,17.34,7407.0,889.0,13.05,1.36,7.3,1361.0,384.0,18.37,4.69,17.15,56261.0,3334.0,99.12,8.32,3.6,43441.0,3057.0,77.21,2.93,4.28,11271.0,1525.0,20.03,2.44,8.23,1549.0,905.0,2.75,1.6,35.52,56758.0,3370.0,100,,3.61,42255.0,2563.0,74.45,0.92,3.69,41392.0,2579.0,72.93,1.38,3.79,863.0,347.0,1.52,0.6,24.44,14503.0,1745.0,25.55,2.67,7.31,6952.0,1115.0,47.93,5.08,9.75,7551.0,1291.0,52.07,6.32,10.39,4219.0,1124.0,29.09,6.91,16.2,6664.0,1049.0,45.95,4.66,9.57,340.0,254.0,2.34,1.73,45.41,274.0,167.0,1.89,1.13,37.05,2702.0,1079.0,18.63,7.09,24.28,304.0,144.0,2.1,0.96,28.8,54669.0,3138.0,96.32,7.95,3.49,37816.0,2012.0,69.17,5.41,3.23,2891.0,787.0,5.29,1.41,16.55,5381.0,2029.0,9.84,3.67,22.92,29066.0,1425.0,96.52,0.89,2.98,28147.0,1327.0,93.47,6.3,2.87,51665.0,2634.0,91.03,7.12,3.1,39937.0,2271.0,77.3,1.95,3.46,38039.0,2144.0,73.63,1.77,3.43,1839.0,532.0,3.56,1.01,17.59,59.0,106.0,0.11,0.21,109.22,11728.0,1308.0,22.7,2.25,6.78,,,4.6,1.31,17.59,37825.0,2158.0,66.64,5.49,3.47,1839.0,588.0,4.86,1.53,19.44,299.0,237.0,0.79,0.62,48.18,12142.0,1368.0,32.1,3.12,6.85,14545.0,1449.0,38.45,3.14,6.06,6845.0,1346.0,18.1,3.41,11.95,38039.0,2144.0,67.02,5.49,3.43,27.0,43.0,0.07,0.11,96.81,820.0,487.0,2.16,1.27,36.1,1207.0,385.0,3.17,1.0,19.39,857.0,421.0,2.25,1.1,29.86,2245.0,587.0,5.9,1.51,15.89,426.0,229.0,1.12,0.6,32.68,2015.0,481.0,5.3,1.23,14.51,9732.0,1212.0,25.58,2.84,7.57,9843.0,1101.0,25.88,2.5,6.8,6704.0,1123.0,17.62,2.78,10.18,1872.0,456.0,4.92,1.17,14.81,1056.0,321.0,2.78,0.83,18.48,1235.0,434.0,3.25,1.13,21.36,1612.0,470.0,5.35,1.54,17.72,706.0,223.0,2.34,0.73,19.2,1410.0,690.0,4.68,2.28,29.75,1180.0,341.0,3.92,1.12,17.57,1098.0,331.0,3.65,1.09,18.33,2066.0,457.0,6.86,1.48,13.45,3084.0,572.0,10.24,1.83,11.27,4907.0,739.0,16.29,2.33,9.16,3990.0,578.0,13.25,1.81,8.81,10062.0,1020.0,33.41,2.98,6.16,24730.0,1284.0,82.12,1.6,3.16,5662.0,854.0,18.8,2.69,9.17,3755.0,630.0,12.47,2.0,10.2,586.0,258.0,1.95,0.85,26.76,620.0,274.0,2.06,0.9,26.87,1029.0,353.0,3.42,1.16,20.85,54106.0,3226.0,95.85,8.09,3.62,48686.0,3028.0,86.25,1.51,3.78,10664.0,1312.0,18.89,2.03,7.48,2342.0,815.0,4.15,1.42,21.15,27450.0,2347.0,48.36,2.98,5.2,29308.0,1928.0,51.64,1.46,4.0,2089.0,656.0,3.68,1.13,19.09,1379.0,583.0,2.43,1.02,25.7,1501.0,641.0,2.64,1.12,25.96,1105.0,377.0,1.95,0.65,20.74,6264.0,1114.0,11.04,1.85,10.81,19064.0,1826.0,33.59,2.52,5.82,7929.0,1053.0,13.97,1.66,8.07,6242.0,876.0,11.0,1.4,8.53,2243.0,437.0,3.95,0.73,11.84,1472.0,308.0,2.59,0.52,12.72,4072.0,774.0,7.17,1.3,11.55,2083.0,490.0,3.67,0.84,14.3,1315.0,515.0,2.32,0.9,23.81,5246.0,1087.0,9.24,1.83,12.6,51512.0,2643.0,90.76,7.12,3.12,7470.0,893.0,13.16,1.37,7.27,4803.0,1451.0,8.46,2.51,18.36,38463.0,2598.0,67.77,2.18,4.11,2474.0,696.0,4.36,1.2,17.1,24.0,36.0,0.04,0.06,91.19,10060.0,1394.0,17.72,2.22,8.42,22.0,35.0,0.04,0.06,96.71,912.0,346.0,1.61,0.6,23.06,6791.0,1807.0,11.96,3.1,16.18,49967.0,2701.0,88.04,7.07,3.29,34707.0,2348.0,61.15,1.98,4.11,2316.0,665.0,4.08,1.15,17.45,4.0,10.0,0.01,0.02,151.98,9916.0,1387.0,17.47,2.21,8.5,0.0,,0.0,,,426.0,259.0,0.75,0.45,36.96,2598.0,748.0,4.58,1.29,17.5
10017,10017,"10017, 10165, 10167, 10168, 10169, 10170, 10171, 10172, 10173, 10174, 10177",9471.0,760.0,100,,4.88,588.0,246.0,6.21,2.55,25.43,915.0,326.0,5.9,2.03,21.66,49.0,69.0,5.36,7.3,85.6,53.0,78.0,5.79,8.27,89.46,515.0,252.0,56.28,18.88,29.75,30.0,59.0,3.28,6.34,119.55,268.0,163.0,29.29,14.44,36.97,13417.0,1271.0,86.48,1.98,5.76,335.0,228.0,2.5,1.68,41.37,183.0,182.0,1.36,1.35,60.46,598.0,290.0,4.46,2.12,29.48,11402.0,1186.0,84.98,3.65,6.32,14587.0,1315.0,94.02,12.11,5.48,446.0,270.0,3.06,1.83,36.8,15514.0,1426.0,100.0,0.0,5.59,1192.0,493.0,7.68,3.1,25.14,927.0,402.0,5.98,2.53,26.36,0.0,,0.0,,,10889.0,1128.0,70.19,3.35,6.3,682.0,424.0,6.26,3.84,37.79,3698.0,823.0,23.84,4.83,13.53,510.0,244.0,13.79,5.84,29.08,15362.0,1397.0,99.02,12.8,5.53,12220.0,1540.0,79.55,6.94,7.66,2528.0,720.0,16.46,4.44,17.31,614.0,415.0,4.0,2.68,41.09,15514.0,1426.0,100,,5.59,10188.0,1255.0,65.67,5.39,7.49,9637.0,1222.0,62.12,5.43,7.71,551.0,305.0,3.55,1.94,33.65,5326.0,1003.0,34.33,5.64,11.45,2587.0,760.0,48.57,10.95,17.86,2739.0,688.0,51.43,8.55,15.27,1542.0,564.0,28.95,9.08,22.23,2098.0,431.0,39.39,3.23,12.49,269.0,216.0,5.05,3.94,48.81,38.0,62.0,0.71,1.16,99.18,891.0,474.0,16.73,8.32,32.34,488.0,488.0,9.16,9.0,60.79,15169.0,1366.0,97.78,12.58,5.47,10766.0,1485.0,70.97,7.42,8.39,1026.0,445.0,6.76,2.87,26.37,702.0,390.0,4.63,2.54,33.77,9359.0,750.0,98.82,11.21,4.87,9150.0,741.0,96.61,1.05,4.92,14617.0,1313.0,94.22,12.11,5.46,11359.0,1337.0,77.71,5.91,7.16,10812.0,1281.0,73.97,5.71,7.2,547.0,295.0,3.74,1.99,32.78,0.0,,0.0,,,3258.0,783.0,22.29,4.97,14.61,,,4.82,2.53,32.78,10713.0,1288.0,69.05,5.35,7.31,520.0,341.0,4.85,3.13,39.86,160.0,214.0,1.49,1.99,81.31,3612.0,723.0,33.72,5.4,12.17,3866.0,767.0,36.09,5.7,12.06,2242.0,725.0,20.93,6.28,19.66,10812.0,1281.0,69.69,5.21,7.2,2.0,41.0,0.02,0.38,1246.2,137.0,127.0,1.27,1.16,56.35,204.0,169.0,1.89,1.55,50.36,204.0,146.0,1.89,1.33,43.51,714.0,356.0,6.6,3.2,30.31,150.0,155.0,1.39,1.42,62.82,630.0,311.0,5.83,2.79,30.01,2551.0,535.0,23.59,4.08,12.75,2886.0,559.0,26.69,4.09,11.77,1933.0,792.0,17.88,7.01,24.91,483.0,243.0,4.47,2.18,30.58,351.0,241.0,3.25,2.2,41.74,567.0,425.0,5.24,3.88,45.57,443.0,244.0,4.68,2.55,33.48,125.0,149.0,1.32,1.57,72.46,179.0,155.0,1.89,1.63,52.64,840.0,473.0,8.87,4.94,34.23,252.0,140.0,2.66,1.46,33.77,953.0,330.0,10.06,3.39,21.05,793.0,264.0,8.37,2.71,20.24,1648.0,487.0,17.4,4.95,17.96,1306.0,404.0,13.79,4.12,18.8,2932.0,508.0,30.96,4.75,10.53,7796.0,725.0,82.31,3.87,5.65,2315.0,581.0,24.44,5.81,15.26,2028.0,586.0,21.41,5.94,17.57,16.0,49.0,0.17,0.52,186.17,30.0,78.0,0.32,0.82,158.05,187.0,176.0,1.97,1.85,57.21,14783.0,1357.0,95.29,12.38,5.58,12846.0,1269.0,82.8,3.0,6.01,3738.0,903.0,24.09,5.38,14.69,731.0,442.0,4.71,2.82,36.76,7068.0,811.0,45.56,3.13,6.98,8446.0,1085.0,54.44,4.89,7.81,345.0,238.0,2.22,1.52,41.94,226.0,175.0,1.46,1.12,47.07,310.0,216.0,2.0,1.38,42.36,93.0,93.0,0.6,0.6,60.79,1123.0,499.0,7.24,3.15,27.01,3853.0,615.0,24.84,3.24,9.7,2879.0,748.0,18.56,4.51,15.79,1639.0,516.0,10.56,3.18,19.14,540.0,240.0,3.48,1.51,27.02,808.0,284.0,5.21,1.77,21.37,2132.0,515.0,13.74,3.07,14.68,1299.0,440.0,8.37,2.73,20.59,267.0,166.0,1.72,1.06,37.79,927.0,402.0,5.98,2.53,26.36,14587.0,1315.0,94.02,12.11,5.48,3698.0,823.0,23.84,4.83,13.53,541.0,410.0,3.49,2.62,46.07,11545.0,1431.0,74.42,6.19,7.53,426.0,303.0,2.75,1.94,43.24,5.0,42.0,0.03,0.27,510.64,2762.0,531.0,17.8,3.01,11.69,40.0,72.0,0.26,0.46,109.42,195.0,336.0,1.26,2.16,104.75,728.0,326.0,4.69,2.06,27.22,14786.0,1362.0,95.31,0.57,5.6,10893.0,1353.0,70.21,5.87,7.55,426.0,303.0,2.75,1.94,43.24,0.0,,0.0,,,2762.0,531.0,17.8,3.01,11.69,40.0,72.0,0.26,0.46,109.42,150.0,324.0,0.97,2.09,131.31,515.0,428.0,3.32,2.74,50.52
10018,10018,10018,4535.0,348.0,100,,4.66,369.0,111.0,8.14,2.37,18.29,1254.0,423.0,15.55,4.95,20.51,76.0,74.0,6.06,5.54,59.19,42.0,34.0,3.35,2.46,49.21,149.0,107.0,11.88,7.53,43.65,65.0,62.0,5.18,4.62,57.98,922.0,396.0,73.52,19.55,26.11,6894.0,703.0,85.5,12.9,6.2,188.0,109.0,2.73,1.56,35.25,308.0,209.0,4.47,3.0,41.25,475.0,158.0,6.89,2.18,20.22,5390.0,650.0,78.18,5.03,7.33,7534.0,879.0,93.44,3.28,7.09,57.0,43.0,0.76,0.56,45.86,8063.0,897.0,100.0,0.0,6.76,734.0,294.0,9.1,3.5,24.35,529.0,153.0,6.56,1.75,17.58,0.0,,0.0,,,6539.0,815.0,81.1,4.56,7.58,300.0,119.0,4.59,1.73,24.11,995.0,443.0,12.34,5.32,27.07,434.0,304.0,43.62,23.59,42.58,8000.0,916.0,99.22,2.69,6.96,5984.0,762.0,74.8,4.17,7.74,1704.0,418.0,21.3,4.62,14.91,312.0,175.0,3.9,2.14,34.1,8063.0,897.0,100,,6.76,4349.0,676.0,53.94,5.86,9.45,4079.0,621.0,50.59,5.26,9.25,270.0,123.0,3.35,1.48,27.69,3714.0,586.0,46.06,5.15,9.59,1794.0,376.0,48.3,6.66,12.74,1920.0,415.0,51.7,7.64,13.14,935.0,360.0,25.18,8.84,23.41,1801.0,391.0,48.49,7.23,13.2,129.0,95.0,3.47,2.5,44.77,48.0,47.0,1.29,1.25,59.52,597.0,176.0,16.07,4.0,17.92,204.0,227.0,5.49,6.05,67.64,7848.0,903.0,97.33,2.86,6.99,4372.0,677.0,55.71,5.77,9.41,1250.0,357.0,15.93,4.16,17.36,687.0,257.0,8.75,3.12,22.74,4351.0,356.0,95.94,2.72,4.97,4251.0,346.0,93.74,2.54,4.95,7548.0,880.0,93.61,3.26,7.09,5781.0,587.0,76.59,11.84,6.17,5522.0,559.0,73.16,11.3,6.15,259.0,150.0,3.43,1.95,35.21,0.0,,0.0,,,1767.0,547.0,23.41,6.71,18.82,,,4.48,2.55,35.21,5463.0,579.0,67.75,10.41,6.44,121.0,93.0,2.21,1.69,46.72,48.0,57.0,0.88,1.04,72.19,2226.0,336.0,40.75,4.38,9.18,1909.0,375.0,34.94,5.78,11.94,830.0,245.0,15.19,4.19,17.94,5522.0,559.0,68.49,10.3,6.15,0.0,,0.0,,,22.0,22.0,0.4,0.4,60.79,134.0,75.0,2.43,1.34,34.02,93.0,61.0,1.68,1.09,39.87,237.0,113.0,4.29,2.0,28.98,70.0,61.0,1.27,1.1,52.97,315.0,135.0,5.7,2.38,26.05,1351.0,329.0,24.47,5.42,14.8,1576.0,352.0,28.54,5.68,13.58,1028.0,268.0,18.62,4.47,15.85,459.0,225.0,8.31,3.99,29.8,56.0,39.0,1.01,0.7,42.34,181.0,87.0,3.28,1.54,29.22,264.0,117.0,5.82,2.54,26.94,165.0,115.0,3.64,2.52,42.37,260.0,136.0,5.73,2.97,31.8,133.0,76.0,2.93,1.66,34.74,364.0,216.0,8.03,4.72,36.07,220.0,105.0,4.85,2.29,29.01,463.0,162.0,10.21,3.49,21.27,639.0,179.0,14.09,3.8,17.03,520.0,180.0,11.47,3.87,21.04,1507.0,261.0,33.23,5.16,10.53,3959.0,320.0,87.3,2.22,4.91,599.0,256.0,13.21,5.55,25.98,415.0,196.0,9.15,4.26,28.71,94.0,68.0,2.07,1.49,43.98,67.0,46.0,1.48,1.01,41.74,180.0,91.0,3.97,1.98,30.73,7655.0,869.0,94.94,2.15,6.9,6640.0,846.0,82.35,5.11,7.75,1630.0,413.0,20.22,4.6,15.4,408.0,230.0,5.06,2.8,34.27,3992.0,545.0,49.51,3.92,8.3,4071.0,609.0,50.49,5.05,9.09,215.0,106.0,2.67,1.28,29.97,141.0,87.0,1.75,1.06,37.51,120.0,100.0,1.49,1.23,50.66,256.0,265.0,3.17,3.27,62.93,437.0,186.0,5.42,2.23,25.87,3047.0,610.0,37.79,6.29,12.17,1449.0,369.0,17.97,4.12,15.48,831.0,212.0,10.31,2.37,15.51,402.0,158.0,4.99,1.88,23.89,170.0,101.0,2.11,1.23,36.12,671.0,303.0,8.32,3.64,27.45,141.0,109.0,1.75,1.34,46.99,183.0,166.0,2.27,2.04,55.14,529.0,153.0,6.56,1.75,17.58,7534.0,879.0,93.44,3.28,7.09,995.0,443.0,12.34,5.32,27.07,463.0,193.0,5.74,2.31,25.34,4514.0,797.0,55.98,7.68,10.73,409.0,176.0,5.07,2.11,26.16,9.0,13.0,0.11,0.16,87.81,2433.0,472.0,30.17,4.8,11.79,0.0,,0.0,,,235.0,127.0,2.91,1.54,32.85,1034.0,262.0,12.82,2.92,15.4,7029.0,889.0,87.18,5.24,7.69,3997.0,804.0,49.57,8.31,12.23,398.0,174.0,4.94,2.09,26.58,0.0,,0.0,,,2272.0,443.0,28.18,4.51,11.85,0.0,,0.0,,,50.0,45.0,0.62,0.55,54.71,312.0,179.0,3.87,2.18,34.88
10019,10019,"10019, 10020, 10103, 10111, 10112",26403.0,1441.0,100,,3.32,2016.0,409.0,7.64,1.49,12.33,5489.0,922.0,12.48,1.97,10.21,410.0,275.0,7.47,4.85,40.77,226.0,186.0,4.12,3.32,50.03,959.0,352.0,17.47,5.7,22.31,564.0,306.0,10.28,5.3,32.98,3330.0,663.0,60.67,6.48,12.1,38542.0,2285.0,87.62,1.3,3.6,680.0,279.0,1.76,0.72,24.94,731.0,356.0,1.9,0.92,29.61,3629.0,940.0,9.42,2.37,15.75,28779.0,2092.0,74.67,3.14,4.42,41055.0,2264.0,93.33,7.43,3.35,1462.0,518.0,3.56,1.25,21.54,43915.0,2528.0,99.83,0.43,3.5,5125.0,1113.0,11.67,2.44,13.2,2934.0,676.0,6.67,1.49,14.01,38.0,73.0,1.3,2.47,116.78,32820.0,1974.0,74.61,1.34,3.66,1954.0,493.0,5.95,1.46,15.34,8161.0,1392.0,18.55,2.98,10.37,3133.0,1072.0,38.39,11.39,20.8,43882.0,2513.0,99.76,8.09,3.48,34206.0,2367.0,77.95,3.03,4.21,8873.0,1081.0,20.22,2.17,7.41,803.0,325.0,1.83,0.73,24.6,43989.0,2525.0,100,,3.49,29242.0,2124.0,66.48,2.96,4.42,28566.0,2079.0,64.94,2.91,4.42,676.0,351.0,1.54,0.79,31.56,14747.0,1612.0,33.52,3.12,6.65,8121.0,1273.0,55.07,6.19,9.53,6626.0,957.0,44.93,4.24,8.78,3674.0,657.0,24.91,3.53,10.87,5760.0,820.0,39.06,3.56,8.65,392.0,325.0,2.66,2.18,50.4,159.0,128.0,1.08,0.86,48.94,4134.0,1062.0,28.03,6.52,15.62,628.0,324.0,4.26,2.15,31.36,42946.0,2324.0,97.63,7.7,3.29,27557.0,2044.0,64.17,3.26,4.51,3573.0,722.0,8.32,1.62,12.28,5833.0,1246.0,13.58,2.81,12.99,24776.0,1380.0,93.84,1.04,3.39,24247.0,1446.0,91.83,2.21,3.63,41231.0,2243.0,93.73,7.41,3.31,29297.0,1830.0,71.06,2.18,3.8,27521.0,1804.0,66.75,2.44,3.98,1776.0,536.0,4.31,1.28,18.35,0.0,,0.0,,,11934.0,1506.0,28.94,3.3,7.67,,,6.06,1.79,18.35,27233.0,1803.0,61.91,2.04,4.02,1377.0,402.0,5.06,1.44,17.75,218.0,137.0,0.8,0.5,38.2,11071.0,1289.0,40.65,3.89,7.08,7937.0,970.0,29.14,2.99,7.43,4604.0,1061.0,16.91,3.73,14.01,27521.0,1804.0,62.56,1.98,3.98,0.0,,0.0,,,314.0,250.0,1.14,0.91,48.4,1105.0,421.0,4.02,1.51,23.16,630.0,316.0,2.29,1.14,30.49,1828.0,510.0,6.64,1.8,16.96,373.0,243.0,1.36,0.88,39.6,1597.0,479.0,5.8,1.7,18.23,6140.0,870.0,22.31,2.8,8.61,7111.0,996.0,25.84,3.2,8.51,4650.0,721.0,16.9,2.37,9.43,2405.0,603.0,8.74,2.11,15.24,718.0,269.0,2.61,0.96,22.78,650.0,302.0,2.36,1.09,28.24,1929.0,529.0,7.31,1.96,16.67,1183.0,512.0,4.48,1.92,26.31,2584.0,820.0,9.79,3.06,19.29,1210.0,470.0,4.58,1.76,23.61,2145.0,784.0,8.12,2.94,22.22,1695.0,388.0,6.42,1.43,13.92,2156.0,543.0,8.17,2.01,15.31,3564.0,745.0,13.5,2.72,12.71,2375.0,548.0,9.0,2.02,14.03,7562.0,794.0,28.64,2.57,6.38,20675.0,1203.0,78.31,1.58,3.54,6218.0,1202.0,23.55,4.37,11.75,3227.0,753.0,12.22,2.77,14.19,1004.0,317.0,3.8,1.18,19.19,371.0,194.0,1.41,0.73,31.79,2607.0,783.0,9.87,2.92,18.26,42522.0,2514.0,96.83,1.3,3.59,34613.0,2230.0,78.82,2.28,3.92,12507.0,1448.0,28.48,2.86,7.04,1393.0,618.0,3.17,1.4,26.97,23913.0,1861.0,54.36,2.86,4.73,20076.0,1745.0,45.64,2.98,5.28,1043.0,446.0,2.37,1.0,25.99,898.0,324.0,2.04,0.73,21.93,509.0,278.0,1.16,0.63,33.2,870.0,528.0,1.98,1.19,36.89,2127.0,521.0,4.84,1.15,14.89,11950.0,1557.0,27.17,3.18,7.92,7681.0,1191.0,17.46,2.52,9.43,5674.0,966.0,12.9,2.07,10.35,2988.0,491.0,6.79,1.05,9.99,2076.0,442.0,4.72,0.97,12.94,5275.0,1117.0,11.99,2.44,12.87,2131.0,632.0,4.84,1.41,18.03,767.0,342.0,1.74,0.77,27.11,2934.0,676.0,6.67,1.49,14.01,41055.0,2264.0,93.33,7.43,3.35,8173.0,1394.0,18.58,2.98,10.37,2134.0,634.0,4.85,1.41,18.06,28545.0,2115.0,64.89,3.04,4.5,2664.0,1097.0,6.06,2.47,25.03,245.0,381.0,0.56,0.87,94.54,8249.0,1320.0,18.75,2.8,9.73,47.0,103.0,0.11,0.23,133.22,2105.0,899.0,4.79,2.03,25.96,7710.0,1320.0,17.53,2.83,10.41,36279.0,2191.0,82.47,1.55,3.67,24802.0,1851.0,56.38,2.69,4.54,1951.0,966.0,4.44,2.18,30.1,0.0,,0.0,,,8212.0,1319.0,18.67,2.8,9.76,47.0,103.0,0.11,0.23,133.22,63.0,64.0,0.14,0.15,61.76,1204.0,387.0,2.74,0.87,19.54
10021,10021,10021,21312.0,1376.0,100,,3.92,4384.0,877.0,20.57,3.89,12.16,7172.0,1124.0,16.88,2.3,9.53,885.0,343.0,12.34,4.37,23.56,155.0,132.0,2.16,1.81,51.77,2701.0,595.0,37.66,5.83,13.39,1867.0,560.0,26.03,6.66,18.23,1564.0,541.0,21.81,6.72,21.03,33676.0,2411.0,79.27,8.35,4.35,228.0,132.0,0.68,0.39,35.19,447.0,387.0,1.33,1.15,52.63,2135.0,552.0,6.34,1.58,15.72,26526.0,2253.0,78.77,3.6,5.16,35431.0,2572.0,83.4,8.84,4.41,1350.0,382.0,3.81,1.04,17.2,42177.0,3258.0,99.28,0.16,4.7,2915.0,692.0,6.91,1.55,14.43,7053.0,1233.0,16.6,2.6,10.63,199.0,206.0,2.82,2.88,62.93,25156.0,2327.0,59.21,3.01,5.62,800.0,376.0,3.18,1.47,28.57,9968.0,1065.0,23.46,1.73,6.49,1916.0,552.0,19.22,5.14,17.51,42075.0,3263.0,99.04,0.7,4.71,34039.0,3236.0,80.9,4.45,5.78,7277.0,1426.0,17.3,3.11,11.91,759.0,382.0,1.8,0.9,30.6,42484.0,3281.0,100,,4.69,35160.0,2981.0,82.76,2.9,5.15,34536.0,2990.0,81.29,3.18,5.26,624.0,255.0,1.47,0.59,24.84,7324.0,1177.0,17.24,2.43,9.77,4442.0,846.0,60.65,6.2,11.58,2882.0,828.0,39.35,9.37,17.47,2308.0,602.0,31.51,6.47,15.86,3098.0,795.0,42.3,8.46,15.6,149.0,113.0,2.03,1.51,46.1,116.0,122.0,1.58,1.65,63.93,1476.0,570.0,20.15,7.08,23.48,177.0,119.0,2.42,1.58,40.87,40285.0,3068.0,94.82,10.28,4.63,30257.0,2276.0,75.11,8.04,4.57,2365.0,819.0,5.87,1.98,21.05,2443.0,722.0,6.06,1.73,17.97,20602.0,1371.0,96.67,1.56,4.05,20004.0,1353.0,93.86,1.89,4.11,36152.0,2747.0,85.1,9.22,4.62,24862.0,2028.0,68.77,2.04,4.96,23748.0,1730.0,65.69,6.91,4.43,1114.0,557.0,3.08,1.52,30.4,0.0,,0.0,,,11290.0,1399.0,31.23,3.06,7.53,,,4.48,2.21,30.4,23583.0,1720.0,55.51,5.9,4.43,1524.0,445.0,6.46,1.83,17.75,610.0,254.0,2.59,1.06,25.31,10144.0,1185.0,43.01,3.93,7.1,5331.0,956.0,22.61,3.7,10.9,4741.0,1091.0,20.1,4.39,13.99,23748.0,1730.0,55.9,5.93,4.43,0.0,,0.0,,,471.0,241.0,1.98,1.0,31.11,1209.0,362.0,5.09,1.48,18.2,373.0,223.0,1.57,0.93,36.34,1279.0,371.0,5.39,1.51,17.63,286.0,204.0,1.2,0.85,43.36,1771.0,559.0,7.46,2.29,19.19,5005.0,964.0,21.08,3.76,11.71,4933.0,783.0,20.77,2.93,9.65,5902.0,1050.0,24.85,4.03,10.81,1292.0,488.0,5.44,2.02,22.96,930.0,423.0,3.92,1.76,27.65,297.0,182.0,1.25,0.76,37.25,887.0,410.0,4.16,1.9,28.1,236.0,139.0,1.11,0.65,35.8,778.0,330.0,3.65,1.53,25.79,611.0,291.0,2.87,1.35,28.95,859.0,471.0,4.03,2.19,33.33,2938.0,540.0,13.79,2.37,11.17,2141.0,507.0,10.05,2.29,14.4,3132.0,746.0,14.7,3.37,14.48,2400.0,510.0,11.26,2.28,12.92,7330.0,930.0,34.39,3.76,7.71,17790.0,1280.0,83.47,2.65,4.37,5731.0,657.0,26.89,2.55,6.97,3366.0,658.0,15.79,2.91,11.88,314.0,176.0,1.47,0.82,34.07,386.0,243.0,1.81,1.13,38.27,554.0,268.0,2.6,1.25,29.41,41058.0,3068.0,97.35,10.46,4.54,35043.0,3021.0,83.09,3.18,5.24,11053.0,1250.0,26.21,2.16,6.87,1119.0,821.0,2.65,1.94,44.6,19257.0,1708.0,45.33,1.98,5.39,23227.0,2107.0,54.67,2.6,5.51,2199.0,731.0,5.18,1.67,20.21,1517.0,411.0,3.57,0.93,16.47,2024.0,648.0,4.76,1.48,19.46,1928.0,520.0,4.54,1.17,16.4,1140.0,555.0,2.68,1.29,29.6,7631.0,1342.0,17.96,2.84,10.69,5078.0,842.0,11.95,1.75,10.08,5814.0,1527.0,13.69,3.44,15.97,2484.0,592.0,5.85,1.32,14.49,2429.0,474.0,5.72,1.02,11.86,4581.0,718.0,10.78,1.47,9.53,4237.0,761.0,9.97,1.62,10.92,1422.0,391.0,3.35,0.88,16.72,7053.0,1233.0,16.6,2.6,10.63,35431.0,2572.0,83.4,8.84,4.41,10240.0,1072.0,24.1,1.7,6.36,1039.0,388.0,2.45,0.89,22.7,36010.0,2709.0,84.76,9.14,4.57,129.0,73.0,0.3,0.17,34.4,20.0,39.0,0.05,0.09,118.54,3936.0,1101.0,9.26,2.49,17.0,131.0,161.0,0.31,0.38,74.71,1219.0,940.0,2.87,2.2,46.88,2437.0,985.0,5.74,2.28,24.57,40047.0,2980.0,94.26,10.11,4.52,34986.0,2675.0,82.35,8.95,4.65,127.0,73.0,0.3,0.17,34.94,19.0,39.0,0.04,0.09,124.78,3893.0,1104.0,9.16,2.5,17.24,63.0,102.0,0.15,0.24,98.42,92.0,115.0,0.22,0.27,75.99,867.0,356.0,2.04,0.82,24.96
10022,10022,"10022, 10152, 10153, 10154",18294.0,1273.0,100,,4.23,2212.0,635.0,12.09,3.37,17.45,4007.0,726.0,12.03,1.91,11.01,459.0,248.0,11.45,5.83,32.85,149.0,98.0,3.72,2.35,39.98,1516.0,406.0,37.83,7.46,16.28,332.0,208.0,8.29,4.97,38.09,1551.0,356.0,38.71,5.45,13.95,28228.0,2543.0,84.76,1.75,5.48,392.0,247.0,1.39,0.87,38.3,186.0,122.0,0.66,0.43,39.87,1802.0,880.0,6.38,3.06,29.69,23404.0,2350.0,82.91,3.68,6.1,29906.0,2544.0,89.8,10.97,5.17,1143.0,312.0,3.82,0.99,16.59,33297.0,2920.0,99.98,0.17,5.33,2164.0,422.0,6.5,1.13,11.85,3391.0,765.0,10.18,2.12,13.71,26.0,55.0,0.77,1.61,128.59,20088.0,2008.0,60.32,2.9,6.08,523.0,202.0,2.6,0.97,23.48,9818.0,1543.0,29.48,3.85,9.55,1615.0,374.0,16.45,2.8,14.08,33071.0,2911.0,99.3,0.77,5.35,27641.0,2705.0,83.58,3.57,5.95,4992.0,859.0,15.09,2.23,10.46,438.0,214.0,1.32,0.64,29.7,33303.0,2920.0,100,,5.33,26396.0,2647.0,79.26,3.86,6.1,25673.0,2582.0,77.09,3.8,6.11,723.0,409.0,2.17,1.21,34.39,6907.0,1029.0,20.74,2.5,9.06,4005.0,792.0,57.98,7.54,12.02,2902.0,627.0,42.02,6.57,13.13,2217.0,540.0,32.1,6.19,14.81,2954.0,717.0,42.77,8.2,14.76,57.0,58.0,0.83,0.83,61.86,108.0,137.0,1.56,1.97,77.11,1363.0,525.0,19.73,7.01,23.42,208.0,108.0,3.01,1.5,31.56,31867.0,2659.0,95.69,11.58,5.07,24403.0,2371.0,76.58,3.81,5.91,1395.0,430.0,4.38,1.3,18.74,2259.0,722.0,7.09,2.19,19.43,17693.0,1222.0,96.71,9.48,4.2,16872.0,1225.0,92.23,1.91,4.41,30011.0,2562.0,90.12,11.03,5.19,20721.0,1794.0,69.04,1.0,5.26,19983.0,1765.0,66.59,1.51,5.37,732.0,255.0,2.44,0.82,21.18,6.0,24.0,0.02,0.08,243.16,9290.0,1417.0,30.96,3.91,9.27,,,3.53,1.19,21.18,19583.0,1773.0,58.8,1.33,5.5,1287.0,452.0,6.57,2.23,21.35,382.0,225.0,1.95,1.14,35.81,5021.0,938.0,25.64,4.19,11.36,7190.0,913.0,36.72,3.27,7.72,4128.0,915.0,21.08,4.26,13.47,19983.0,1765.0,60.0,0.64,5.37,47.0,76.0,0.24,0.38,98.3,252.0,157.0,1.26,0.78,37.87,575.0,200.0,2.88,0.97,21.14,269.0,134.0,1.35,0.66,30.28,1217.0,493.0,6.09,2.41,24.63,257.0,225.0,1.29,1.12,53.22,1064.0,334.0,5.32,1.6,19.08,4992.0,802.0,24.98,3.35,9.77,5378.0,787.0,26.91,3.14,8.9,3698.0,784.0,18.51,3.57,12.89,1059.0,329.0,5.3,1.58,18.89,724.0,334.0,3.62,1.64,28.04,451.0,228.0,2.26,1.12,30.73,687.0,289.0,3.76,1.56,25.57,210.0,111.0,1.15,0.6,32.13,926.0,520.0,5.06,2.82,34.14,962.0,408.0,5.26,2.2,25.78,613.0,263.0,3.35,1.42,26.08,1587.0,546.0,8.67,2.92,20.91,1117.0,328.0,6.11,1.74,17.85,2820.0,574.0,15.41,2.95,12.37,1775.0,351.0,9.7,1.8,12.02,7597.0,865.0,41.53,3.74,6.92,14654.0,1119.0,80.1,2.52,4.64,5615.0,962.0,30.69,4.81,10.42,3948.0,656.0,21.58,3.26,10.1,236.0,246.0,1.29,1.34,63.37,207.0,144.0,1.13,0.78,42.29,164.0,120.0,0.9,0.65,44.48,32907.0,2935.0,98.83,1.61,5.42,28048.0,2600.0,84.24,2.53,5.64,10240.0,1549.0,30.75,3.79,9.2,390.0,203.0,1.17,0.6,31.64,15192.0,1678.0,45.62,3.06,6.71,18111.0,1833.0,54.38,2.75,6.15,1436.0,498.0,4.31,1.45,21.08,746.0,261.0,2.24,0.76,21.27,1028.0,300.0,3.09,0.86,17.74,686.0,245.0,2.06,0.71,21.71,1179.0,348.0,3.54,1.0,17.94,6617.0,950.0,19.87,2.26,8.73,3946.0,1102.0,11.85,3.14,16.98,2743.0,573.0,8.24,1.56,12.7,2244.0,404.0,6.74,1.06,10.94,2860.0,1074.0,8.59,3.14,22.83,4331.0,788.0,13.0,2.07,11.06,3581.0,727.0,10.75,1.97,12.34,1906.0,855.0,5.72,2.52,27.27,3391.0,765.0,10.18,2.12,13.71,29912.0,2544.0,89.82,10.97,5.17,9818.0,1543.0,29.48,3.85,9.55,1061.0,324.0,3.19,0.93,18.56,27702.0,2658.0,83.18,3.24,5.83,450.0,200.0,1.35,0.59,27.02,32.0,42.0,0.1,0.13,79.79,3433.0,809.0,10.31,2.25,14.33,0.0,,0.0,,,625.0,496.0,1.88,1.48,48.24,3137.0,883.0,9.42,2.52,17.11,30166.0,2757.0,90.58,2.34,5.56,25621.0,2555.0,76.93,3.65,6.06,391.0,191.0,1.17,0.56,29.7,26.0,39.0,0.08,0.12,91.19,3433.0,809.0,10.31,2.25,14.33,0.0,,0.0,,,28.0,50.0,0.08,0.15,108.55,667.0,234.0,2.0,0.68,21.33
10023,10023,10023,35480.0,1705.0,100,,2.92,5938.0,772.0,16.74,2.02,7.9,11600.0,1374.0,17.6,1.9,7.2,1253.0,525.0,10.8,4.34,25.47,565.0,210.0,4.87,1.72,22.59,3656.0,790.0,31.52,5.7,13.14,1628.0,382.0,14.03,2.84,14.26,4498.0,814.0,38.78,5.31,11.0,52962.0,2680.0,80.38,1.13,3.08,458.0,267.0,0.86,0.5,35.44,787.0,251.0,1.49,0.47,19.39,3115.0,688.0,5.88,1.26,13.43,43452.0,2536.0,82.04,2.39,3.55,56630.0,2665.0,85.94,5.82,2.86,1302.0,393.0,2.3,0.69,18.35,65891.0,3204.0,100.0,0.0,2.96,6440.0,875.0,9.77,1.24,8.26,9261.0,1226.0,14.06,1.73,8.05,77.0,95.0,0.83,1.02,75.0,41872.0,2100.0,63.55,0.78,3.05,2762.0,696.0,6.6,1.63,15.32,14758.0,1315.0,22.4,1.67,5.42,3601.0,521.0,24.4,2.78,8.8,65346.0,3160.0,99.17,6.8,2.94,55761.0,3534.0,85.33,3.5,3.85,8383.0,1241.0,12.83,1.79,9.0,1202.0,627.0,1.84,0.96,31.71,65891.0,3204.0,100,,2.96,49494.0,2703.0,75.11,1.87,3.32,47511.0,2630.0,72.11,1.91,3.37,1983.0,658.0,3.01,0.99,20.17,16397.0,1536.0,24.89,1.99,5.69,8354.0,1201.0,50.95,5.56,8.74,8043.0,1208.0,49.05,5.76,9.13,5436.0,898.0,33.15,4.51,10.04,6541.0,1137.0,39.89,5.84,10.57,820.0,547.0,5.0,3.3,40.55,460.0,254.0,2.81,1.53,33.57,2327.0,511.0,14.19,2.82,13.35,813.0,316.0,4.96,1.87,23.63,62853.0,3019.0,95.39,6.52,2.92,46394.0,2752.0,73.81,2.57,3.61,3880.0,744.0,6.17,1.15,11.66,4428.0,1041.0,7.05,1.62,14.29,34027.0,1741.0,95.9,1.68,3.11,33531.0,1702.0,94.51,1.54,3.09,57538.0,2657.0,87.32,5.86,2.81,39270.0,2148.0,68.25,2.0,3.33,37202.0,2070.0,64.66,2.01,3.38,2068.0,600.0,3.59,1.03,17.64,0.0,,0.0,,,18268.0,1690.0,31.75,2.55,5.62,,,5.27,1.5,17.64,36580.0,2066.0,55.52,1.59,3.43,2038.0,416.0,5.57,1.09,12.41,853.0,267.0,2.33,0.72,19.03,16251.0,1542.0,44.43,3.39,5.77,6606.0,727.0,18.06,1.71,6.69,7637.0,1245.0,20.88,3.19,9.91,37202.0,2070.0,56.46,1.53,3.38,77.0,74.0,0.21,0.2,58.42,364.0,204.0,0.98,0.55,34.07,1232.0,309.0,3.31,0.81,15.25,830.0,346.0,2.23,0.92,25.34,1776.0,471.0,4.77,1.24,16.12,336.0,198.0,0.9,0.53,35.82,2131.0,574.0,5.73,1.51,16.37,8209.0,974.0,22.07,2.31,7.21,9058.0,1162.0,24.35,2.81,7.8,7529.0,1036.0,20.24,2.55,8.36,3466.0,685.0,9.32,1.77,12.01,1554.0,443.0,4.18,1.17,17.33,640.0,315.0,1.72,0.84,29.92,1529.0,399.0,4.31,1.11,15.86,1587.0,541.0,4.47,1.51,20.72,1471.0,395.0,4.15,1.1,16.32,1319.0,413.0,3.72,1.15,19.03,1732.0,457.0,4.88,1.27,16.04,3241.0,730.0,9.13,2.01,13.69,3194.0,571.0,9.0,1.55,10.87,5279.0,928.0,14.88,2.52,10.69,3549.0,729.0,10.0,2.0,12.49,12579.0,1081.0,35.45,2.53,5.22,28197.0,1640.0,79.47,2.6,3.54,10535.0,984.0,29.69,2.38,5.68,7003.0,901.0,19.74,2.36,7.82,711.0,265.0,2.0,0.74,22.66,359.0,207.0,1.01,0.58,35.05,1674.0,434.0,4.72,1.2,15.76,63624.0,3393.0,96.56,2.11,3.24,54056.0,2908.0,82.04,1.89,3.27,19421.0,2053.0,29.47,2.77,6.43,2267.0,724.0,3.44,1.09,19.41,28942.0,1756.0,43.92,1.59,3.69,36949.0,2295.0,56.08,2.17,3.78,3038.0,761.0,4.61,1.13,15.23,3036.0,754.0,4.61,1.12,15.1,1908.0,517.0,2.9,0.77,16.47,2715.0,544.0,4.12,0.8,12.18,2232.0,575.0,3.39,0.86,15.66,10893.0,1375.0,16.53,1.93,7.67,10879.0,1382.0,16.51,1.94,7.72,7474.0,959.0,11.34,1.35,7.8,5380.0,1224.0,8.16,1.81,13.83,3578.0,605.0,5.43,0.88,10.28,8610.0,1095.0,13.07,1.54,7.73,4368.0,715.0,6.63,1.04,9.95,1780.0,455.0,2.7,0.68,15.54,9261.0,1226.0,14.06,1.73,8.05,56630.0,2665.0,85.94,5.82,2.86,14758.0,1315.0,22.4,1.67,5.42,3883.0,1225.0,5.89,1.84,19.18,48380.0,2851.0,73.42,2.44,3.58,3108.0,940.0,4.72,1.41,18.39,9.0,17.0,0.01,0.03,114.83,8331.0,1151.0,12.64,1.64,8.4,0.0,,0.0,,,2180.0,916.0,3.31,1.38,25.54,5525.0,1011.0,8.39,1.48,11.12,60366.0,3329.0,91.61,2.38,3.35,46140.0,2770.0,70.02,2.47,3.65,2723.0,756.0,4.13,1.13,16.88,9.0,17.0,0.01,0.03,114.83,8331.0,1151.0,12.64,1.64,8.4,0.0,,0.0,,,565.0,345.0,0.86,0.52,37.12,2598.0,1246.0,3.94,1.88,29.15
10024,10024,10024,29475.0,1716.0,100,,3.54,6598.0,915.0,22.39,2.82,8.43,11405.0,1449.0,17.84,1.9,7.72,1162.0,319.0,10.19,2.48,16.69,583.0,246.0,5.11,2.06,25.65,5284.0,1110.0,46.33,7.75,12.77,1641.0,426.0,14.39,3.26,15.78,2735.0,489.0,23.98,3.02,10.87,49815.0,3249.0,77.94,7.41,3.96,1223.0,635.0,2.46,1.26,31.56,631.0,206.0,1.27,0.41,19.85,2521.0,543.0,5.06,1.04,13.09,41208.0,2783.0,82.72,1.45,4.11,51975.0,3448.0,81.32,7.79,4.03,1245.0,374.0,2.4,0.7,18.26,63352.0,4400.0,99.12,0.66,4.22,5170.0,727.0,8.16,1.0,8.55,11941.0,1602.0,18.68,2.15,8.16,537.0,273.0,4.5,2.21,30.9,39376.0,3267.0,61.61,2.83,5.04,1801.0,441.0,4.57,1.05,14.89,12035.0,931.0,18.83,0.65,4.7,2832.0,615.0,23.53,4.77,13.2,62739.0,4170.0,98.16,9.41,4.04,51540.0,3714.0,82.15,2.29,4.38,10465.0,1774.0,16.68,2.6,10.31,734.0,330.0,1.17,0.52,27.33,63916.0,4419.0,100,,4.2,51994.0,4070.0,81.35,2.99,4.76,50527.0,4043.0,79.05,3.18,4.86,1467.0,401.0,2.3,0.61,16.62,11922.0,2047.0,18.65,2.93,10.44,5962.0,1360.0,50.01,7.51,13.87,5960.0,1059.0,49.99,2.29,10.8,5044.0,1401.0,42.31,9.24,16.88,1981.0,564.0,16.62,3.77,17.31,433.0,237.0,3.63,1.89,33.27,627.0,366.0,5.26,2.93,35.49,3276.0,1379.0,27.48,10.56,25.59,561.0,193.0,4.71,1.4,20.91,59624.0,3963.0,93.28,8.95,4.04,45552.0,3369.0,76.4,2.48,4.5,2848.0,1188.0,4.78,1.97,25.36,6101.0,1840.0,10.23,3.01,18.33,28326.0,1680.0,96.1,1.09,3.61,27718.0,1669.0,94.04,1.45,3.66,52776.0,3500.0,82.57,7.91,4.03,36528.0,3218.0,69.21,4.01,5.36,35304.0,3217.0,66.89,4.18,5.54,1224.0,394.0,2.32,0.73,19.57,0.0,,0.0,,,16248.0,1502.0,30.79,1.98,5.62,,,3.35,1.04,19.57,34436.0,3168.0,53.88,3.27,5.59,2056.0,539.0,5.97,1.47,15.94,427.0,199.0,1.24,0.57,28.33,17894.0,1940.0,51.96,2.98,6.59,2730.0,505.0,7.93,1.27,11.25,8450.0,2019.0,24.54,5.41,14.52,35304.0,3217.0,55.23,3.28,5.54,0.0,,0.0,,,433.0,218.0,1.23,0.61,30.61,991.0,288.0,2.81,0.77,17.67,686.0,203.0,1.94,0.55,17.99,1919.0,567.0,5.44,1.53,17.96,204.0,122.0,0.58,0.34,36.35,1971.0,653.0,5.58,1.78,20.14,5982.0,889.0,16.94,1.99,9.03,9299.0,1527.0,26.34,3.6,9.98,8442.0,1293.0,23.91,2.94,9.31,3002.0,734.0,8.5,1.93,14.86,919.0,282.0,2.6,0.76,18.65,1456.0,891.0,4.12,2.5,37.2,1450.0,533.0,4.92,1.79,22.35,815.0,293.0,2.77,0.98,21.85,919.0,291.0,3.12,0.97,19.25,951.0,330.0,3.23,1.1,21.09,1343.0,445.0,4.56,1.49,20.14,2362.0,619.0,8.01,2.05,15.93,2121.0,416.0,7.2,1.35,11.92,4623.0,932.0,15.68,3.03,12.26,3215.0,923.0,10.91,3.07,17.45,11676.0,897.0,39.61,1.99,4.67,24038.0,1625.0,81.55,2.8,4.11,8356.0,745.0,28.35,1.91,5.42,5267.0,684.0,17.87,2.07,7.89,1080.0,305.0,3.66,1.01,17.17,592.0,271.0,2.01,0.91,27.83,1076.0,373.0,3.65,1.25,21.07,61825.0,4297.0,97.59,0.26,4.23,52839.0,4222.0,83.41,3.3,4.86,16367.0,1717.0,25.84,2.03,6.38,1527.0,528.0,2.41,0.82,21.02,28066.0,2131.0,43.91,1.38,4.62,35850.0,2998.0,56.09,2.64,5.08,4292.0,937.0,6.72,1.39,13.27,3096.0,640.0,4.84,0.94,12.57,3367.0,980.0,5.27,1.49,17.69,1674.0,449.0,2.62,0.68,16.31,1672.0,544.0,2.62,0.83,19.78,11211.0,1984.0,17.54,2.86,10.76,9538.0,1191.0,14.92,1.55,7.59,9186.0,1411.0,14.37,1.97,9.34,3334.0,691.0,5.22,1.02,12.6,3987.0,803.0,6.24,1.18,12.24,7060.0,773.0,11.05,0.94,6.66,3391.0,675.0,5.31,0.99,12.1,2108.0,607.0,3.3,0.92,17.5,11941.0,1602.0,18.68,2.15,8.16,51975.0,3448.0,81.32,7.79,4.03,12559.0,951.0,19.65,0.61,4.6,2661.0,661.0,4.16,0.99,15.1,52190.0,3845.0,81.65,2.08,4.48,1834.0,674.0,2.87,1.04,22.34,155.0,169.0,0.24,0.26,66.28,3588.0,874.0,5.61,1.31,14.81,0.0,,0.0,,,3488.0,1548.0,5.46,2.39,26.98,7446.0,1963.0,11.65,2.96,16.03,56470.0,3995.0,88.35,1.33,4.3,49497.0,3855.0,77.44,2.78,4.73,1495.0,438.0,2.34,0.67,17.81,0.0,,0.0,,,3588.0,874.0,5.61,1.31,14.81,0.0,,0.0,,,198.0,113.0,0.31,0.18,34.69,1692.0,475.0,2.65,0.72,17.07
10025,10025,10025,41418.0,1507.0,100,,2.21,7859.0,841.0,18.97,1.91,6.51,24393.0,2131.0,25.17,1.89,5.31,1911.0,840.0,7.83,3.37,26.72,1256.0,534.0,5.15,2.14,25.85,5534.0,918.0,22.69,3.2,10.08,3384.0,909.0,13.87,3.52,16.33,12308.0,1327.0,50.46,3.19,6.55,73319.0,2820.0,75.65,4.47,2.34,3617.0,873.0,4.93,1.18,14.67,2848.0,638.0,3.88,0.86,13.62,7446.0,1147.0,10.16,1.51,9.36,49776.0,2548.0,67.89,2.29,3.11,82594.0,3331.0,85.22,5.14,2.45,1656.0,505.0,2.0,0.61,18.54,95921.0,4359.0,98.97,0.73,2.76,9583.0,1262.0,9.99,1.23,8.01,14282.0,1677.0,14.74,1.6,7.14,186.0,121.0,1.3,0.83,39.55,62869.0,3102.0,64.87,1.34,3.0,3366.0,721.0,5.35,1.12,13.02,18770.0,1366.0,19.37,1.11,4.42,6031.0,955.0,32.13,4.52,9.63,96082.0,4303.0,99.14,6.28,2.72,80532.0,3993.0,83.82,1.78,3.01,12906.0,1299.0,13.43,1.21,6.12,2644.0,646.0,2.75,0.66,14.85,96918.0,4346.0,100,,2.73,73590.0,3988.0,75.93,2.31,3.29,70077.0,3906.0,72.31,2.39,3.39,3513.0,775.0,3.62,0.78,13.41,23328.0,1772.0,24.07,1.48,4.62,12612.0,1362.0,54.06,4.15,6.56,10716.0,1315.0,45.94,4.43,7.46,4894.0,899.0,20.98,3.51,11.17,7302.0,984.0,31.3,3.48,8.19,994.0,405.0,4.26,1.71,24.77,428.0,219.0,1.83,0.93,31.11,8944.0,1585.0,38.34,6.14,10.77,766.0,528.0,3.28,2.25,41.9,92796.0,3955.0,95.75,5.92,2.59,58180.0,3419.0,62.7,2.54,3.57,10167.0,1467.0,10.96,1.51,8.77,17177.0,2004.0,18.51,2.01,7.09,38770.0,1565.0,93.61,1.64,2.45,37421.0,1552.0,90.35,1.8,2.52,84019.0,3403.0,86.69,5.24,2.46,53968.0,2811.0,64.23,2.1,3.17,50112.0,2885.0,59.64,2.44,3.5,3852.0,821.0,4.58,0.96,12.96,4.0,,0.0,,,30051.0,1965.0,35.77,1.84,3.98,,,7.14,1.48,12.96,49164.0,2951.0,50.73,2.02,3.65,2091.0,498.0,4.25,0.98,14.48,779.0,442.0,1.58,0.89,34.49,26755.0,2065.0,54.42,2.64,4.69,6195.0,778.0,12.6,1.39,7.63,10890.0,1895.0,22.15,3.62,10.58,50112.0,2885.0,51.71,1.87,3.5,2.0,,0.0,,,1105.0,386.0,2.21,0.76,21.24,1800.0,612.0,3.59,1.2,20.67,684.0,280.0,1.36,0.55,24.88,2112.0,458.0,4.21,0.88,13.18,1467.0,491.0,2.93,0.97,20.35,3140.0,595.0,6.27,1.13,11.52,5613.0,683.0,11.2,1.2,7.4,9929.0,1217.0,19.81,2.14,7.45,15434.0,1501.0,30.8,2.41,5.91,4463.0,842.0,8.91,1.6,11.47,2384.0,938.0,4.76,1.85,23.92,1979.0,574.0,3.95,1.12,17.63,3680.0,758.0,8.89,1.8,12.52,1386.0,412.0,3.35,0.99,18.07,2799.0,548.0,6.76,1.3,11.9,2308.0,631.0,5.57,1.51,16.62,2489.0,454.0,6.01,1.07,11.09,3726.0,591.0,9.0,1.39,9.64,3860.0,741.0,9.32,1.76,11.67,5902.0,682.0,14.25,1.56,7.02,3365.0,670.0,8.12,1.59,12.1,11903.0,1111.0,28.74,2.47,5.67,31060.0,1411.0,74.99,2.04,2.76,12493.0,1098.0,30.16,2.41,5.34,8979.0,1185.0,21.68,2.75,8.02,2554.0,580.0,6.17,1.38,13.81,1480.0,544.0,3.57,1.31,22.34,4017.0,634.0,9.7,1.49,9.59,92367.0,4385.0,96.29,1.32,2.89,74505.0,4117.0,77.67,2.44,3.36,30900.0,2281.0,32.21,1.87,4.49,3554.0,943.0,3.71,0.97,16.13,44962.0,2674.0,46.39,1.81,3.62,51956.0,2716.0,53.61,1.44,3.18,4122.0,985.0,4.25,1.0,14.53,3991.0,819.0,4.12,0.82,12.47,3633.0,646.0,3.75,0.64,10.81,4692.0,1028.0,4.84,1.04,13.32,7161.0,1100.0,7.39,1.09,9.34,18658.0,1607.0,19.25,1.42,5.24,11877.0,1605.0,12.25,1.56,8.21,10884.0,999.0,11.23,0.9,5.58,5761.0,821.0,5.94,0.8,8.66,6495.0,919.0,6.7,0.9,8.6,10402.0,965.0,10.73,0.87,5.64,6393.0,966.0,6.6,0.95,9.19,2849.0,726.0,2.94,0.74,15.49,14320.0,1673.0,14.78,1.59,7.1,82598.0,3329.0,85.22,5.14,2.45,19644.0,1378.0,20.27,1.09,4.26,8561.0,1775.0,8.83,1.79,12.6,59414.0,3904.0,61.3,2.94,3.99,11148.0,1662.0,11.5,1.64,9.06,91.0,72.0,0.09,0.07,48.1,9793.0,1300.0,10.1,1.26,8.07,0.0,,0.0,,,7911.0,1650.0,8.16,1.66,12.68,21794.0,2210.0,22.49,2.05,6.16,75124.0,3703.0,77.51,1.59,3.0,52510.0,3598.0,54.18,2.81,4.17,9185.0,1630.0,9.48,1.63,10.79,75.0,70.0,0.08,0.07,56.74,9762.0,1304.0,10.07,1.27,8.12,0.0,,0.0,,,458.0,225.0,0.47,0.23,29.86,3134.0,831.0,3.23,0.85,16.12
10026,10026,10026,15034.0,904.0,100,,3.66,3898.0,437.0,25.93,2.45,6.82,9433.0,1017.0,23.94,2.05,6.55,701.0,260.0,7.43,2.64,22.55,571.0,243.0,6.05,2.49,25.87,3414.0,641.0,36.19,5.56,11.41,1730.0,340.0,18.34,3.01,11.95,3017.0,490.0,31.98,3.88,9.87,28518.0,1787.0,72.38,6.55,3.81,1678.0,391.0,5.88,1.32,14.17,2107.0,355.0,7.39,1.16,10.24,5764.0,911.0,20.21,2.93,9.61,14175.0,1341.0,49.71,3.52,5.75,31610.0,2154.0,80.23,1.58,4.14,565.0,206.0,1.79,0.64,22.16,39229.0,2562.0,99.56,0.27,3.97,3720.0,586.0,9.48,1.36,9.58,7791.0,1050.0,19.77,2.33,8.19,113.0,86.0,1.45,1.09,46.27,27453.0,2090.0,69.68,2.73,4.63,2157.0,492.0,7.86,1.69,13.87,3985.0,566.0,10.11,1.28,8.63,1450.0,342.0,36.39,6.85,14.34,38913.0,2533.0,98.76,9.1,3.96,35034.0,2405.0,90.03,1.96,4.17,3412.0,562.0,8.77,1.33,10.01,467.0,242.0,1.2,0.62,31.5,39401.0,2571.0,100,,3.97,29107.0,1978.0,73.87,1.4,4.13,28124.0,1924.0,71.38,1.47,4.16,983.0,310.0,2.49,0.77,19.17,10294.0,1612.0,26.13,3.72,9.52,6053.0,1186.0,58.8,6.92,11.91,4241.0,823.0,41.2,4.72,11.8,1332.0,361.0,12.94,2.86,16.48,1693.0,639.0,16.45,5.65,22.94,2509.0,890.0,24.37,7.76,21.56,92.0,74.0,0.89,0.71,48.9,4499.0,874.0,43.71,5.02,11.81,169.0,89.0,1.64,0.83,32.01,37051.0,2445.0,94.04,0.93,4.01,23837.0,1806.0,64.34,2.39,4.61,3239.0,610.0,8.74,1.54,11.45,5954.0,960.0,16.07,2.36,9.8,13660.0,878.0,90.86,2.06,3.91,13280.0,866.0,88.33,2.23,3.96,32474.0,2196.0,82.42,1.46,4.11,22498.0,1686.0,69.28,2.24,4.56,20883.0,1552.0,64.31,1.98,4.52,1615.0,401.0,4.97,1.19,15.09,0.0,,0.0,,,9976.0,1156.0,30.72,2.89,7.04,,,7.18,1.7,15.09,20554.0,1550.0,52.17,1.97,4.58,1653.0,381.0,8.04,1.75,14.01,371.0,196.0,1.81,0.94,32.12,13136.0,1204.0,63.91,3.33,5.57,1870.0,396.0,9.1,1.8,12.87,2705.0,461.0,13.16,2.01,10.36,20883.0,1552.0,53.0,1.89,4.52,0.0,,0.0,,,278.0,137.0,1.33,0.65,29.96,527.0,204.0,2.52,0.96,23.53,245.0,134.0,1.17,0.64,33.25,1621.0,412.0,7.76,1.89,15.45,1167.0,392.0,5.59,1.83,20.42,1058.0,286.0,5.07,1.32,16.43,1883.0,408.0,9.02,1.84,13.17,3483.0,682.0,16.68,3.02,11.9,6524.0,956.0,31.24,3.95,8.91,2267.0,489.0,10.86,2.2,13.11,1056.0,268.0,5.06,1.23,15.43,774.0,230.0,3.71,1.07,18.06,1290.0,315.0,8.58,2.03,14.84,926.0,233.0,6.16,1.5,15.3,892.0,305.0,5.93,2.0,20.79,1507.0,577.0,10.02,3.79,23.28,1513.0,266.0,10.06,1.66,10.69,1948.0,325.0,12.96,2.02,10.14,1635.0,460.0,10.88,2.99,17.1,1772.0,325.0,11.79,2.04,11.15,1417.0,253.0,9.43,1.58,10.85,2134.0,328.0,14.19,2.01,9.34,12057.0,889.0,80.2,3.42,4.48,3014.0,589.0,20.05,3.73,11.88,1661.0,300.0,11.05,1.88,10.98,862.0,231.0,5.73,1.5,16.29,712.0,217.0,4.74,1.42,18.53,1749.0,353.0,11.63,2.24,12.27,36985.0,2345.0,94.28,8.58,3.85,23848.0,1758.0,60.79,2.08,4.48,15479.0,1638.0,39.46,3.29,6.43,2244.0,750.0,5.72,1.87,20.32,18410.0,1658.0,46.72,2.9,5.47,20991.0,1507.0,53.28,1.6,4.36,2350.0,543.0,5.96,1.32,14.05,2079.0,379.0,5.28,0.9,11.08,2115.0,533.0,5.37,1.31,15.32,1699.0,374.0,4.31,0.91,13.38,2640.0,640.0,6.7,1.56,14.74,8321.0,1038.0,21.12,2.25,7.58,6019.0,715.0,15.28,1.52,7.22,5972.0,732.0,15.16,1.57,7.45,2300.0,511.0,5.84,1.24,13.51,1919.0,599.0,4.87,1.49,18.98,2375.0,413.0,6.03,0.97,10.57,1139.0,361.0,2.89,0.9,19.27,473.0,187.0,1.2,0.47,24.03,7791.0,1050.0,19.77,2.33,8.19,31610.0,2154.0,80.23,1.58,4.14,3987.0,564.0,10.12,1.27,8.6,3069.0,575.0,7.79,1.37,11.39,10096.0,1214.0,25.62,2.59,7.31,20286.0,2086.0,51.49,4.09,6.25,66.0,69.0,0.17,0.17,63.55,2360.0,745.0,5.99,1.85,19.19,0.0,,0.0,,,3524.0,922.0,8.94,2.27,15.9,7623.0,1038.0,19.35,2.31,8.28,31778.0,2498.0,80.65,3.54,4.78,8610.0,1017.0,21.85,2.15,7.18,19196.0,2088.0,48.72,4.24,6.61,19.0,33.0,0.05,0.08,105.58,2339.0,741.0,5.94,1.84,19.26,0.0,,0.0,,,126.0,79.0,0.32,0.2,38.11,1488.0,374.0,3.78,0.92,15.28
10027,10027,"10027, 10115",23638.0,970.0,100,,2.49,5628.0,560.0,23.81,2.16,6.05,23476.0,1767.0,35.66,2.19,4.58,853.0,292.0,3.63,1.21,20.81,480.0,256.0,2.04,1.08,32.42,5460.0,728.0,23.26,2.56,8.11,2182.0,478.0,9.29,1.91,13.32,14501.0,1281.0,61.77,2.86,5.37,42596.0,1804.0,64.7,3.93,2.57,2158.0,494.0,5.07,1.14,13.92,3123.0,646.0,7.33,1.48,12.57,8526.0,1024.0,20.02,2.25,7.3,21625.0,1355.0,50.77,2.34,3.81,54180.0,2147.0,82.29,4.85,2.41,550.0,179.0,1.02,0.33,19.78,65690.0,2878.0,99.77,0.42,2.66,5999.0,723.0,9.13,1.03,7.33,11622.0,1384.0,17.65,1.96,7.24,539.0,269.0,4.64,2.25,30.34,47153.0,2072.0,71.62,0.39,2.67,3120.0,594.0,6.62,1.23,11.57,6915.0,691.0,10.5,0.94,6.07,2340.0,399.0,33.84,4.68,10.37,65195.0,2836.0,99.02,6.1,2.64,52918.0,2726.0,81.17,2.24,3.13,10541.0,1074.0,16.17,1.49,6.19,1736.0,434.0,2.66,0.66,15.2,65840.0,2871.0,100,,2.65,49226.0,2412.0,74.77,1.67,2.98,47622.0,2345.0,72.33,1.65,2.99,1604.0,385.0,2.44,0.58,14.59,16614.0,1522.0,25.23,2.03,5.57,7321.0,972.0,44.07,4.23,8.07,9293.0,1052.0,55.93,3.72,6.88,1991.0,381.0,11.98,2.01,11.63,4564.0,730.0,27.47,3.6,9.72,2325.0,508.0,13.99,2.78,13.28,85.0,58.0,0.51,0.35,41.48,7185.0,1108.0,43.25,5.36,9.37,464.0,253.0,2.79,1.5,33.15,62092.0,2628.0,94.31,5.73,2.57,38409.0,2070.0,61.86,2.06,3.28,6663.0,989.0,10.73,1.53,9.02,12564.0,1630.0,20.23,2.48,7.89,21209.0,969.0,89.72,1.8,2.78,19932.0,1020.0,84.32,2.58,3.11,55244.0,2158.0,83.91,4.91,2.37,33498.0,1624.0,60.64,1.74,2.95,30577.0,1586.0,55.35,1.89,3.15,2921.0,486.0,5.29,0.86,10.11,0.0,,0.0,,,21746.0,1401.0,39.36,2.02,3.92,,,8.72,1.39,10.11,29910.0,1586.0,45.43,1.37,3.22,1587.0,483.0,5.31,1.59,18.5,142.0,66.0,0.47,0.22,28.25,16794.0,1276.0,56.15,3.06,4.62,5225.0,519.0,17.47,1.47,6.04,5161.0,634.0,17.26,1.91,7.47,30577.0,1586.0,46.44,1.3,3.15,1.0,,0.0,,,587.0,226.0,1.92,0.73,23.4,730.0,202.0,2.39,0.65,16.82,206.0,121.0,0.67,0.39,35.71,2425.0,449.0,7.93,1.41,11.26,812.0,261.0,2.66,0.84,19.54,1408.0,389.0,4.6,1.25,16.8,2070.0,485.0,6.77,1.55,14.24,4171.0,566.0,13.64,1.71,8.25,11461.0,916.0,37.48,2.28,4.86,3278.0,490.0,10.72,1.5,9.09,2120.0,568.0,6.93,1.82,16.29,1308.0,350.0,4.28,1.12,16.27,2988.0,526.0,12.64,2.16,10.7,1663.0,323.0,7.04,1.34,11.81,2082.0,440.0,8.81,1.83,12.85,1244.0,283.0,5.26,1.18,13.83,2659.0,421.0,11.25,1.72,9.62,3231.0,498.0,13.67,2.03,9.37,2307.0,391.0,9.76,1.6,10.3,2893.0,556.0,12.24,2.3,11.68,1452.0,278.0,6.14,1.15,11.64,3119.0,427.0,13.19,1.72,8.32,17655.0,869.0,74.69,2.03,2.99,5131.0,552.0,21.71,2.16,6.54,2923.0,465.0,12.37,1.9,9.67,1719.0,306.0,7.27,1.26,10.82,930.0,262.0,3.93,1.1,17.13,3141.0,460.0,13.29,1.87,8.9,62211.0,2906.0,94.7,1.53,2.84,42238.0,2392.0,64.3,2.31,3.44,24020.0,2067.0,36.57,2.71,5.23,3479.0,667.0,5.3,0.99,11.65,31188.0,1946.0,47.37,2.11,3.79,34652.0,1819.0,52.63,1.54,3.19,3748.0,725.0,5.69,1.07,11.76,3182.0,605.0,4.83,0.89,11.56,3125.0,564.0,4.75,0.83,10.97,5657.0,512.0,8.59,0.68,5.5,7532.0,761.0,11.44,1.04,6.14,14019.0,1175.0,21.29,1.52,5.1,8662.0,958.0,13.16,1.34,6.72,7083.0,770.0,10.76,1.07,6.61,3151.0,433.0,4.79,0.62,8.35,2690.0,434.0,4.09,0.63,9.81,3876.0,572.0,5.89,0.83,8.97,2265.0,397.0,3.44,0.58,10.66,850.0,233.0,1.29,0.35,16.66,11660.0,1385.0,17.71,1.96,7.22,54180.0,2147.0,82.29,4.85,2.41,6991.0,694.0,10.62,0.95,6.03,4381.0,981.0,6.65,1.46,13.61,19727.0,1197.0,29.96,1.26,3.69,24465.0,1534.0,37.16,1.67,3.81,390.0,255.0,0.59,0.39,39.75,5701.0,844.0,8.66,1.23,9.0,1.0,,0.0,,,11175.0,1728.0,16.97,2.52,9.4,16970.0,1937.0,25.77,2.72,6.94,48870.0,2258.0,74.23,1.13,2.81,17184.0,1149.0,26.1,1.32,4.06,23235.0,1522.0,35.29,1.73,3.98,220.0,112.0,0.33,0.17,30.95,5679.0,843.0,8.63,1.22,9.02,1.0,,0.0,,,480.0,286.0,0.73,0.43,36.22,2071.0,493.0,3.15,0.74,14.47
10028,10028,10028,24790.0,1508.0,100,,3.7,4187.0,698.0,16.89,2.62,10.13,7550.0,1356.0,15.8,2.58,10.92,1101.0,480.0,14.58,5.79,26.5,486.0,255.0,6.44,3.17,31.9,3108.0,722.0,41.17,6.07,14.12,1051.0,330.0,13.92,3.59,19.09,1804.0,704.0,23.89,8.28,23.72,39152.0,2843.0,81.92,8.53,4.41,427.0,248.0,1.09,0.63,35.31,284.0,204.0,0.73,0.52,43.67,2114.0,631.0,5.4,1.56,18.15,31917.0,2387.0,81.52,1.46,4.55,41100.0,2847.0,86.0,8.76,4.21,788.0,285.0,1.92,0.68,21.99,47776.0,3570.0,99.96,0.32,4.54,3016.0,811.0,6.31,1.63,16.35,6676.0,1140.0,13.97,2.15,10.38,52.0,56.0,0.78,0.83,65.47,31250.0,2587.0,65.39,2.34,5.03,1002.0,434.0,3.21,1.36,26.33,9850.0,1042.0,20.61,1.54,6.43,1962.0,621.0,19.92,5.94,19.24,47466.0,3572.0,99.32,0.94,4.57,40919.0,3739.0,86.21,4.47,5.55,6225.0,948.0,13.11,1.74,9.26,322.0,209.0,0.68,0.44,39.46,47793.0,3568.0,100,,4.54,38617.0,3338.0,80.8,3.52,5.25,37625.0,3288.0,78.72,3.58,5.31,992.0,402.0,2.08,0.83,24.63,9176.0,1414.0,19.2,2.59,9.37,4609.0,889.0,50.23,5.83,11.73,4567.0,938.0,49.77,6.76,12.49,3649.0,817.0,39.77,6.46,13.61,3086.0,759.0,33.63,6.45,14.95,282.0,153.0,3.07,1.6,32.98,47.0,43.0,0.51,0.46,55.62,1689.0,606.0,18.41,5.96,21.81,423.0,209.0,4.61,2.16,30.04,45853.0,3268.0,95.94,9.9,4.33,35467.0,2994.0,77.35,3.5,5.13,1768.0,595.0,3.86,1.27,20.46,3166.0,910.0,6.9,1.92,17.47,24411.0,1473.0,98.47,8.44,3.67,23915.0,1487.0,96.47,1.24,3.78,41570.0,2877.0,86.98,8.85,4.21,30329.0,2584.0,72.96,3.63,5.18,29100.0,2557.0,70.0,3.79,5.34,1229.0,486.0,2.96,1.15,24.04,0.0,,0.0,,,11241.0,1267.0,27.04,2.41,6.85,,,4.05,1.56,24.04,28776.0,2520.0,60.21,2.76,5.32,1598.0,402.0,5.55,1.31,15.29,679.0,262.0,2.36,0.89,23.46,14382.0,1263.0,49.98,0.33,5.34,4909.0,1156.0,17.06,3.73,14.32,5518.0,1561.0,19.18,5.16,17.2,29100.0,2557.0,60.89,2.82,5.34,0.0,,0.0,,,737.0,659.0,2.53,2.25,54.36,1029.0,309.0,3.54,1.02,18.25,511.0,215.0,1.76,0.72,25.58,2240.0,824.0,7.7,2.75,22.36,514.0,280.0,1.77,0.95,33.12,1244.0,389.0,4.27,1.28,19.01,5640.0,910.0,19.38,2.62,9.81,7069.0,1064.0,24.29,2.97,9.15,6663.0,929.0,22.9,2.48,8.48,1251.0,401.0,4.3,1.33,19.49,1455.0,531.0,5.0,1.77,22.19,747.0,329.0,2.57,1.11,26.77,783.0,247.0,3.16,0.98,19.18,403.0,367.0,1.63,1.48,55.36,891.0,364.0,3.59,1.45,24.83,804.0,371.0,3.24,1.48,28.05,986.0,494.0,3.98,1.98,30.46,2184.0,496.0,8.81,1.93,13.81,2259.0,468.0,9.11,1.8,12.59,4097.0,681.0,16.53,2.56,10.1,2946.0,596.0,11.88,2.29,12.3,9437.0,1254.0,38.07,4.5,8.08,20052.0,1429.0,80.89,3.0,4.33,6948.0,904.0,28.03,3.22,7.91,4720.0,820.0,19.04,3.1,10.56,147.0,150.0,0.59,0.6,62.03,141.0,95.0,0.57,0.38,40.96,829.0,393.0,3.34,1.57,28.82,46923.0,3557.0,98.21,1.25,4.61,43000.0,3537.0,90.0,3.09,5.0,10605.0,1167.0,22.2,1.79,6.69,853.0,426.0,1.79,0.88,30.36,21037.0,2279.0,44.02,3.46,6.59,26756.0,1815.0,55.98,5.65,4.12,1940.0,639.0,4.06,1.3,20.02,2327.0,647.0,4.87,1.3,16.9,1747.0,536.0,3.66,1.09,18.65,1083.0,399.0,2.27,0.82,22.4,1544.0,562.0,3.23,1.15,22.13,11122.0,1520.0,23.27,2.66,8.31,7073.0,1642.0,14.8,3.25,14.11,5314.0,948.0,11.12,1.8,10.84,2782.0,780.0,5.82,1.57,17.04,3011.0,612.0,6.3,1.19,12.36,5238.0,703.0,10.96,1.22,8.16,2693.0,567.0,5.63,1.11,12.8,1919.0,691.0,4.02,1.41,21.89,6693.0,1140.0,14.0,2.14,10.35,41100.0,2847.0,86.0,8.76,4.21,9850.0,1042.0,20.61,1.54,6.43,1518.0,477.0,3.18,0.97,19.1,41401.0,3515.0,86.63,3.5,5.16,636.0,325.0,1.33,0.67,31.06,0.0,,0.0,,,3632.0,932.0,7.6,1.87,15.6,0.0,,0.0,,,606.0,505.0,1.27,1.05,50.66,3612.0,883.0,7.56,1.76,14.86,44181.0,3623.0,92.44,3.14,4.99,39098.0,3579.0,81.81,4.33,5.56,471.0,310.0,0.99,0.64,40.01,0.0,,0.0,,,3494.0,882.0,7.31,1.76,15.35,0.0,,0.0,,,24.0,30.0,0.05,0.06,75.99,1094.0,422.0,2.29,0.87,23.45
10029,10029,10029,33024.0,1374.0,100,,2.53,7724.0,732.0,23.39,1.99,5.76,18198.0,1404.0,23.43,1.54,4.69,1017.0,276.0,5.59,1.45,16.5,566.0,244.0,3.11,1.32,26.21,6266.0,984.0,34.43,4.71,9.55,4334.0,596.0,23.82,2.71,8.36,6015.0,744.0,33.05,3.2,7.52,56351.0,2447.0,72.56,1.18,2.64,7540.0,1211.0,13.38,2.07,9.76,5981.0,729.0,10.61,1.21,7.41,13793.0,1350.0,24.48,2.15,5.95,17895.0,1466.0,31.76,2.21,4.98,63437.0,2513.0,81.68,4.61,2.41,1129.0,308.0,1.78,0.48,16.58,76851.0,3138.0,98.96,0.68,2.48,12084.0,1117.0,15.72,1.3,5.62,14207.0,1427.0,18.29,1.68,6.11,1507.0,481.0,10.61,3.21,19.4,50475.0,2233.0,64.99,1.19,2.69,6170.0,811.0,12.22,1.51,7.99,12169.0,1604.0,15.67,1.97,8.01,4407.0,572.0,36.21,6.7,7.89,77204.0,3097.0,99.41,5.65,2.44,68872.0,3120.0,89.21,1.88,2.75,7707.0,1022.0,9.98,1.26,8.06,625.0,291.0,0.81,0.38,28.3,77661.0,3126.0,100,,2.45,57825.0,2725.0,74.46,1.82,2.86,51126.0,2470.0,65.83,1.76,2.94,6699.0,1070.0,8.63,1.33,9.71,19836.0,1965.0,25.54,2.31,6.02,10672.0,1647.0,53.8,6.37,9.38,9164.0,1257.0,46.2,4.38,8.34,1555.0,262.0,7.84,1.07,10.24,6325.0,1274.0,31.89,5.59,12.24,1500.0,437.0,7.56,2.07,17.71,27.0,34.0,0.14,0.17,76.55,10130.0,1540.0,51.07,5.89,9.24,254.0,154.0,1.28,0.77,36.86,73739.0,2939.0,94.95,5.38,2.42,34616.0,1978.0,46.94,1.92,3.47,16309.0,1764.0,22.12,2.22,6.58,26983.0,2394.0,36.59,2.9,5.39,27825.0,1338.0,84.26,2.03,2.92,25221.0,1236.0,76.37,1.98,2.98,65577.0,2637.0,84.44,4.8,2.44,34551.0,1868.0,52.69,1.9,3.29,31396.0,1824.0,47.88,2.01,3.53,3138.0,554.0,4.79,0.82,10.73,17.0,28.0,0.03,0.04,100.13,31026.0,2193.0,47.31,2.75,4.3,,,9.08,1.53,10.73,30612.0,1812.0,39.42,1.71,3.6,1745.0,382.0,5.7,1.2,13.31,370.0,176.0,1.21,0.57,28.92,20748.0,1656.0,67.78,3.63,4.85,3619.0,588.0,11.82,1.79,9.88,2868.0,536.0,9.37,1.66,11.36,31396.0,1824.0,40.43,1.69,3.53,44.0,57.0,0.14,0.18,78.75,771.0,313.0,2.46,0.99,24.68,810.0,292.0,2.58,0.92,21.91,295.0,135.0,0.94,0.43,27.82,2814.0,481.0,8.96,1.44,10.39,1568.0,427.0,4.99,1.33,16.55,913.0,314.0,2.91,0.99,20.91,2927.0,769.0,9.32,2.39,15.97,4911.0,661.0,15.64,1.9,8.18,10024.0,939.0,31.93,2.35,5.69,4187.0,746.0,13.34,2.25,10.83,1330.0,307.0,4.24,0.95,14.03,802.0,293.0,2.55,0.92,22.21,6228.0,1071.0,18.86,3.15,10.45,3341.0,635.0,10.12,1.88,11.55,4287.0,626.0,12.98,1.82,8.88,2896.0,507.0,8.77,1.49,10.64,3270.0,452.0,9.9,1.31,8.4,4488.0,618.0,13.59,1.78,8.37,2676.0,407.0,8.1,1.19,9.25,2241.0,414.0,6.79,1.22,11.23,1441.0,281.0,4.36,0.83,11.85,2156.0,357.0,6.53,1.05,10.07,20161.0,902.0,61.05,1.0,2.72,10300.0,1319.0,31.19,3.78,7.78,3797.0,532.0,11.5,1.54,8.52,4909.0,566.0,14.86,1.6,7.01,3204.0,585.0,9.7,1.72,11.1,9568.0,787.0,28.97,2.06,5.0,71779.0,3262.0,93.4,1.86,2.76,38613.0,2809.0,50.24,3.03,4.42,41278.0,3107.0,53.71,3.4,4.58,5072.0,971.0,6.6,1.23,11.64,34434.0,1624.0,44.34,1.09,2.87,43227.0,2370.0,55.66,2.07,3.33,3922.0,714.0,5.05,0.9,11.07,3588.0,673.0,4.62,0.85,11.4,3959.0,692.0,5.1,0.87,10.63,4762.0,587.0,6.13,0.71,7.49,5079.0,727.0,6.54,0.9,8.7,13358.0,1291.0,17.2,1.51,5.88,11019.0,1477.0,14.19,1.81,8.15,10117.0,1100.0,13.03,1.32,6.61,4489.0,730.0,5.78,0.91,9.89,4687.0,590.0,6.04,0.72,7.65,6826.0,1444.0,8.79,1.83,12.86,3826.0,516.0,4.93,0.63,8.2,2029.0,467.0,2.61,0.59,13.99,14207.0,1427.0,18.29,1.68,6.11,63454.0,2517.0,81.71,4.62,2.41,12681.0,1604.0,16.33,1.96,7.69,5089.0,849.0,6.55,1.06,10.14,21361.0,1796.0,27.51,2.03,5.11,23610.0,2169.0,30.4,2.51,5.58,698.0,444.0,0.9,0.57,38.67,8336.0,1520.0,10.73,1.91,11.08,37.0,56.0,0.05,0.07,92.01,18530.0,2833.0,23.86,3.52,9.29,35569.0,2424.0,45.8,2.52,4.14,42092.0,2427.0,54.2,2.24,3.51,11698.0,956.0,15.06,1.07,4.97,19451.0,1970.0,25.05,2.33,6.16,67.0,61.0,0.09,0.08,55.35,8161.0,1511.0,10.51,1.9,11.26,0.0,,0.0,,,1327.0,965.0,1.71,1.24,44.21,1388.0,372.0,1.79,0.47,16.29
10030,10030,10030,13111.0,598.0,100,,2.77,3337.0,360.0,25.45,2.49,6.56,7453.0,982.0,23.58,2.79,8.01,322.0,189.0,4.32,2.47,35.68,612.0,264.0,8.21,3.37,26.22,2712.0,507.0,36.39,4.83,11.36,1396.0,330.0,18.73,3.68,14.37,2411.0,576.0,32.35,6.45,14.52,23175.0,1471.0,73.31,1.83,3.86,2240.0,536.0,9.67,2.23,14.55,2738.0,602.0,11.81,2.49,13.37,5069.0,806.0,21.87,3.19,9.67,8130.0,946.0,35.08,3.42,7.07,25230.0,1491.0,79.81,0.74,3.59,567.0,185.0,2.25,0.72,19.83,31579.0,1843.0,99.9,8.25,3.55,4956.0,694.0,15.69,2.0,8.51,6376.0,828.0,20.17,2.34,7.89,298.0,144.0,4.67,2.18,29.38,21172.0,1408.0,66.98,2.13,4.04,2625.0,550.0,12.4,2.46,12.74,4031.0,569.0,12.75,1.64,8.58,2033.0,387.0,50.43,6.44,11.57,31237.0,1822.0,98.82,8.15,3.55,28046.0,1858.0,89.78,2.82,4.03,2606.0,509.0,8.34,1.56,11.87,585.0,287.0,1.87,0.91,29.82,31611.0,1845.0,100,,3.55,23988.0,1669.0,75.88,2.87,4.23,23122.0,1591.0,73.15,2.67,4.18,866.0,264.0,2.74,0.82,18.53,7623.0,999.0,24.12,2.83,7.97,3799.0,594.0,49.84,4.25,9.5,3824.0,813.0,50.16,8.4,12.92,433.0,200.0,5.68,2.52,28.08,689.0,292.0,9.04,3.64,25.76,1484.0,614.0,19.47,7.64,25.15,118.0,112.0,1.55,1.46,57.7,4878.0,592.0,63.99,11.43,7.38,21.0,28.0,0.28,0.37,81.05,29381.0,1690.0,92.95,7.62,3.5,19192.0,1607.0,65.32,3.97,5.09,4125.0,784.0,14.04,2.54,11.55,6738.0,1018.0,22.93,3.2,9.18,12124.0,638.0,92.47,2.43,3.2,11280.0,666.0,86.03,3.23,3.59,25694.0,1535.0,81.28,1.04,3.63,16420.0,1352.0,63.91,3.62,5.01,14726.0,1304.0,57.31,3.75,5.38,1689.0,400.0,6.57,1.51,14.4,5.0,7.0,0.02,0.03,85.11,9274.0,903.0,36.09,2.78,5.92,,,10.29,2.28,14.4,14207.0,1256.0,44.94,2.98,5.37,1224.0,358.0,8.62,2.4,17.78,181.0,118.0,1.27,0.82,39.63,9305.0,1045.0,65.5,4.54,6.83,1343.0,365.0,9.45,2.43,16.52,1789.0,551.0,12.59,3.72,18.72,14726.0,1304.0,46.59,3.1,5.38,10.0,15.0,0.07,0.1,91.19,384.0,180.0,2.61,1.2,28.5,320.0,167.0,2.17,1.12,31.72,265.0,190.0,1.8,1.28,43.59,1103.0,333.0,7.49,2.16,18.35,934.0,272.0,6.34,1.76,17.7,675.0,265.0,4.58,1.75,23.87,1242.0,321.0,8.43,2.05,15.71,1764.0,402.0,11.98,2.52,13.85,5152.0,794.0,34.99,4.41,9.37,1464.0,342.0,9.94,2.15,14.2,742.0,254.0,5.04,1.67,20.81,671.0,283.0,4.56,1.88,25.64,1670.0,376.0,12.74,2.81,13.69,1372.0,324.0,10.46,2.42,14.36,1688.0,318.0,12.87,2.35,11.45,1155.0,340.0,8.81,2.56,17.89,1272.0,296.0,9.7,2.21,14.15,1864.0,416.0,14.22,3.11,13.57,1295.0,477.0,9.88,3.61,22.39,1306.0,316.0,9.96,2.37,14.71,507.0,168.0,3.87,1.27,20.14,982.0,225.0,7.49,1.68,13.93,9719.0,681.0,74.13,3.94,4.26,3378.0,464.0,25.76,3.34,8.35,1731.0,346.0,13.2,2.57,12.15,1675.0,406.0,12.78,3.04,14.73,1000.0,261.0,7.63,1.96,15.87,4558.0,551.0,34.76,3.89,7.35,29506.0,1778.0,93.44,1.4,3.66,16071.0,1687.0,50.89,4.44,6.38,15966.0,1376.0,50.56,3.21,5.24,2073.0,538.0,6.56,1.66,15.78,14180.0,1258.0,44.86,3.0,5.39,17431.0,1143.0,55.14,1.65,3.99,2230.0,568.0,7.05,1.75,15.48,1593.0,336.0,5.04,1.02,12.82,1768.0,394.0,5.59,1.2,13.55,1006.0,264.0,3.18,0.81,15.95,1839.0,375.0,5.82,1.14,12.4,5634.0,778.0,17.82,2.23,8.39,5668.0,621.0,17.93,1.66,6.66,3922.0,678.0,12.41,2.02,10.51,1925.0,437.0,6.09,1.34,13.8,1968.0,530.0,6.23,1.64,16.37,2392.0,449.0,7.57,1.35,11.41,1019.0,285.0,3.22,0.88,17.0,647.0,266.0,2.05,0.83,24.99,6376.0,828.0,20.17,2.34,7.89,25235.0,1492.0,79.83,0.75,3.59,4058.0,565.0,12.84,1.62,8.46,2659.0,685.0,8.41,2.11,15.66,5266.0,976.0,16.66,2.93,11.27,18308.0,1658.0,57.92,4.01,5.51,22.0,32.0,0.07,0.1,88.42,1107.0,490.0,3.5,1.54,26.91,2.0,6.0,0.01,0.02,182.37,4247.0,1110.0,13.44,3.42,15.89,9091.0,1216.0,28.76,3.46,8.13,22520.0,1798.0,71.24,3.88,4.85,3088.0,570.0,9.77,1.71,11.22,16989.0,1666.0,53.74,4.24,5.96,0.0,,0.0,,,1028.0,462.0,3.25,1.45,27.32,2.0,6.0,0.01,0.02,182.37,313.0,223.0,0.99,0.7,43.31,1100.0,366.0,3.48,1.14,20.23
10031,10031,10031,21473.0,938.0,100,,2.66,5211.0,606.0,24.27,2.62,7.07,13006.0,1573.0,21.04,2.13,7.35,419.0,193.0,3.22,1.43,28.0,302.0,168.0,2.32,1.26,33.82,4460.0,812.0,34.29,4.67,11.07,2161.0,460.0,16.62,2.91,12.94,5664.0,1108.0,43.55,6.7,11.89,46813.0,3348.0,75.75,2.09,4.35,5580.0,944.0,11.92,1.83,10.28,4432.0,1018.0,9.47,2.07,13.96,8798.0,1194.0,18.79,2.17,8.25,18224.0,1928.0,38.93,3.03,6.43,51674.0,3266.0,83.61,7.64,3.84,887.0,251.0,1.72,0.47,17.2,61755.0,4071.0,99.93,9.32,4.01,6776.0,873.0,10.97,1.21,7.83,10086.0,1275.0,16.32,1.76,7.68,345.0,180.0,3.42,1.73,31.72,44727.0,3071.0,72.37,1.37,4.17,3267.0,561.0,7.3,1.15,10.44,6942.0,780.0,11.23,1.02,6.83,3164.0,592.0,45.58,6.82,11.37,61160.0,4000.0,98.96,9.2,3.98,53728.0,3926.0,87.85,2.86,4.44,6394.0,1120.0,10.45,1.7,10.65,1038.0,606.0,1.7,0.98,35.49,61801.0,4079.0,100,,4.01,39470.0,2993.0,63.87,2.38,4.61,37454.0,2876.0,60.6,2.38,4.67,2016.0,483.0,3.26,0.75,14.56,22331.0,1993.0,36.13,2.17,5.43,11771.0,1044.0,52.71,6.63,5.39,10560.0,1574.0,47.29,5.65,9.06,1284.0,410.0,5.75,1.76,19.41,2123.0,829.0,9.51,3.61,23.74,1283.0,611.0,5.75,2.69,28.95,11.0,18.0,0.05,0.08,99.47,17421.0,1854.0,78.01,4.52,6.47,209.0,123.0,0.94,0.54,35.78,59134.0,3934.0,95.68,0.8,4.04,25984.0,2172.0,43.94,2.22,5.08,13713.0,1621.0,23.19,2.27,7.19,27125.0,2788.0,45.87,3.59,6.25,19584.0,918.0,91.2,1.55,2.85,18961.0,926.0,88.3,1.93,2.97,52690.0,3354.0,85.26,7.82,3.87,36764.0,2641.0,69.77,2.32,4.37,33712.0,2441.0,63.98,2.21,4.4,3033.0,733.0,5.76,1.34,14.69,19.0,32.0,0.04,0.06,102.38,15926.0,1827.0,30.23,2.88,6.97,,,8.25,1.9,14.69,32973.0,2390.0,53.35,1.6,4.41,1799.0,412.0,5.46,1.19,13.92,512.0,283.0,1.55,0.85,33.6,21913.0,1599.0,66.46,0.56,4.44,2216.0,587.0,6.72,1.71,16.1,5924.0,1181.0,17.97,3.34,12.12,33712.0,2441.0,54.55,1.62,4.4,49.0,61.0,0.15,0.18,75.68,1025.0,316.0,3.04,0.91,18.74,735.0,268.0,2.18,0.78,22.17,707.0,317.0,2.1,0.93,27.26,2462.0,485.0,7.3,1.34,11.98,1541.0,482.0,4.57,1.39,19.01,1781.0,441.0,5.28,1.25,15.05,2385.0,535.0,7.07,1.5,13.64,4623.0,896.0,13.71,2.47,11.78,9593.0,1180.0,28.46,2.83,7.48,5831.0,1010.0,17.3,2.72,10.53,2265.0,426.0,6.72,1.17,11.43,715.0,236.0,2.12,0.68,20.07,1961.0,374.0,9.13,1.7,11.59,1645.0,384.0,7.66,1.76,14.19,2265.0,311.0,10.55,1.37,8.35,1806.0,445.0,8.41,2.04,14.98,2140.0,385.0,9.97,1.74,10.94,2954.0,488.0,13.76,2.19,10.04,2313.0,395.0,10.77,1.78,10.38,2842.0,473.0,13.24,2.13,10.12,1709.0,395.0,7.96,1.81,14.05,1838.0,329.0,8.56,1.49,10.88,17391.0,1012.0,80.99,3.11,3.54,4937.0,654.0,22.99,2.88,8.05,2497.0,413.0,11.63,1.86,10.05,1940.0,506.0,9.03,2.32,15.86,1466.0,329.0,6.83,1.5,13.64,5719.0,713.0,26.63,3.11,7.58,56291.0,3929.0,91.15,2.09,4.24,32179.0,3192.0,52.11,3.86,6.03,26944.0,2770.0,43.63,3.44,6.25,5464.0,931.0,8.85,1.39,10.36,29937.0,2219.0,48.44,1.63,4.51,31864.0,2493.0,51.56,2.17,4.76,2667.0,560.0,4.32,0.86,12.76,2910.0,696.0,4.71,1.08,14.54,2767.0,645.0,4.48,1.0,14.17,2626.0,534.0,4.25,0.82,12.36,4018.0,690.0,6.5,1.03,10.44,15477.0,1745.0,25.04,2.29,6.85,10119.0,1400.0,16.37,1.99,8.41,7162.0,977.0,11.59,1.38,8.29,2898.0,439.0,4.69,0.64,9.21,4215.0,945.0,6.82,1.46,13.63,4355.0,665.0,7.05,0.97,9.28,1984.0,508.0,3.21,0.79,15.57,603.0,222.0,0.98,0.35,22.38,10108.0,1277.0,16.36,1.76,7.68,51693.0,3272.0,83.64,7.65,3.85,6942.0,780.0,11.23,1.02,6.83,10424.0,2059.0,16.87,3.14,12.01,16316.0,1693.0,26.4,2.11,6.31,17443.0,2091.0,28.22,2.82,7.29,337.0,279.0,0.55,0.45,50.33,2708.0,999.0,4.38,1.59,22.43,55.0,94.0,0.09,0.15,103.9,14518.0,2823.0,23.49,4.3,11.82,31354.0,3010.0,50.73,3.54,5.84,30447.0,2636.0,49.27,2.76,5.26,10799.0,1013.0,17.47,1.16,5.7,14689.0,2057.0,23.77,2.94,8.51,59.0,101.0,0.1,0.16,104.06,2612.0,962.0,4.23,1.53,22.39,0.0,,0.0,,,460.0,272.0,0.74,0.44,35.95,1828.0,616.0,2.96,0.98,20.49
10032,10032,10032,21959.0,1011.0,100,,2.8,4063.0,570.0,18.5,2.45,8.53,12486.0,1281.0,20.63,1.84,6.24,396.0,203.0,3.17,1.59,31.16,440.0,192.0,3.52,1.49,26.53,3485.0,593.0,27.91,3.79,10.34,1614.0,470.0,12.93,3.52,17.7,6551.0,946.0,52.47,5.33,8.78,46145.0,2349.0,76.24,0.18,3.09,8022.0,1364.0,17.38,2.82,10.34,4300.0,705.0,9.32,1.45,9.97,7981.0,1072.0,17.3,2.15,8.17,16672.0,1581.0,36.13,2.89,5.76,52773.0,2697.0,87.19,0.44,3.11,774.0,286.0,1.47,0.54,22.46,60290.0,3067.0,99.61,0.14,3.09,10949.0,1242.0,18.16,1.84,6.9,7756.0,914.0,12.81,1.36,7.16,661.0,293.0,8.52,3.64,26.95,43026.0,2498.0,71.08,1.99,3.53,5319.0,887.0,12.36,1.93,10.14,9508.0,1027.0,15.71,1.5,6.57,4969.0,812.0,52.26,6.41,9.93,60099.0,3042.0,99.29,7.12,3.08,52075.0,3070.0,86.65,2.62,3.58,7594.0,1353.0,12.64,2.16,10.83,430.0,198.0,0.72,0.33,27.99,60529.0,3078.0,100,,3.09,32904.0,2025.0,54.36,1.88,3.74,31650.0,1925.0,52.29,1.74,3.7,1254.0,454.0,2.07,0.74,22.01,27625.0,2591.0,45.64,3.6,5.7,15278.0,1545.0,55.3,2.09,6.15,12347.0,2077.0,44.7,6.24,10.23,953.0,286.0,3.45,0.98,18.24,2308.0,785.0,8.35,2.73,20.68,979.0,720.0,3.54,2.59,44.71,43.0,52.0,0.16,0.19,73.51,23205.0,2589.0,84.0,5.08,6.78,137.0,95.0,0.5,0.34,42.15,58290.0,2973.0,96.3,0.38,3.1,19424.0,1842.0,33.32,2.66,5.76,17866.0,2136.0,30.65,3.31,7.27,33787.0,3010.0,57.96,4.23,5.42,19574.0,1019.0,89.14,2.17,3.16,18180.0,975.0,82.79,2.28,3.26,53837.0,2867.0,88.94,1.41,3.24,35058.0,2402.0,65.12,2.81,4.17,30791.0,2057.0,57.19,2.31,4.06,4267.0,1062.0,7.93,1.93,15.13,0.0,,0.0,,,18779.0,1553.0,34.88,2.21,5.03,,,12.17,2.91,15.13,29614.0,2022.0,48.93,2.23,4.15,1832.0,537.0,6.19,1.76,17.82,906.0,663.0,3.06,2.23,44.49,18721.0,1576.0,63.22,3.11,5.12,4252.0,729.0,14.36,2.26,10.42,3190.0,821.0,10.77,2.67,15.65,30791.0,2057.0,50.87,2.2,4.06,0.0,,0.0,,,1107.0,398.0,3.6,1.27,21.86,1080.0,695.0,3.51,2.24,39.12,397.0,236.0,1.29,0.76,36.14,3103.0,814.0,10.08,2.56,15.95,1828.0,392.0,5.94,1.21,13.04,790.0,258.0,2.57,0.82,19.85,2035.0,655.0,6.61,2.08,19.57,3702.0,596.0,12.02,1.76,9.79,8851.0,847.0,28.75,1.97,5.82,5313.0,859.0,17.26,2.54,9.83,1763.0,400.0,5.73,1.24,13.79,822.0,290.0,2.67,0.92,21.45,1886.0,406.0,8.59,1.81,13.09,1812.0,473.0,8.25,2.12,15.87,1913.0,362.0,8.71,1.6,11.5,1963.0,479.0,8.94,2.14,14.83,2675.0,668.0,12.18,2.99,15.18,3979.0,590.0,18.12,2.55,9.01,2413.0,459.0,10.99,2.03,11.56,3129.0,461.0,14.25,1.99,8.96,1161.0,328.0,5.29,1.47,17.17,1028.0,261.0,4.68,1.17,15.43,16749.0,1066.0,76.27,3.35,3.87,6180.0,558.0,28.14,2.19,5.49,2896.0,552.0,13.19,2.44,11.59,3047.0,594.0,13.88,2.63,11.85,1183.0,340.0,5.39,1.53,17.47,6161.0,722.0,28.06,3.02,7.12,54201.0,3068.0,89.9,2.23,3.44,30164.0,2006.0,50.03,2.14,4.04,29186.0,2360.0,48.41,3.04,4.92,6089.0,1214.0,10.1,1.95,12.12,29737.0,2193.0,49.13,2.62,4.48,30792.0,1991.0,50.87,2.03,3.93,2239.0,551.0,3.7,0.89,14.96,2103.0,420.0,3.47,0.67,12.14,1938.0,429.0,3.2,0.69,13.46,2679.0,593.0,4.43,0.95,13.46,5425.0,742.0,8.96,1.14,8.31,13452.0,1301.0,22.22,1.83,5.88,8685.0,1130.0,14.35,1.72,7.91,7875.0,1439.0,13.01,2.28,11.11,3513.0,540.0,5.8,0.84,9.34,3076.0,572.0,5.08,0.91,11.3,5476.0,967.0,9.05,1.53,10.73,2736.0,398.0,4.52,0.62,8.84,1332.0,365.0,2.2,0.59,16.66,7756.0,914.0,12.81,1.36,7.16,52773.0,2697.0,87.19,0.44,3.11,9544.0,1027.0,15.77,1.5,6.54,7637.0,1516.0,12.62,2.42,12.07,14137.0,1641.0,23.36,2.44,7.06,10784.0,1443.0,17.82,2.21,8.13,302.0,189.0,0.5,0.31,38.04,2939.0,807.0,4.86,1.31,16.69,47.0,67.0,0.08,0.11,86.66,24683.0,3081.0,40.78,4.65,7.59,39047.0,3228.0,64.51,4.2,5.03,21482.0,1848.0,35.49,2.46,5.23,9178.0,1141.0,15.16,1.72,7.56,8077.0,1210.0,13.34,1.88,9.11,48.0,55.0,0.08,0.09,69.66,2646.0,736.0,4.37,1.2,16.91,3.0,,0.0,,,279.0,198.0,0.46,0.33,43.14,1251.0,444.0,2.07,0.73,21.58
10033,10033,10033,20079.0,1003.0,100,,3.04,5031.0,502.0,25.06,2.16,6.07,12952.0,1379.0,21.32,1.99,6.47,450.0,151.0,3.47,1.11,20.4,678.0,396.0,5.23,3.01,35.51,4459.0,650.0,34.43,3.43,8.86,2158.0,512.0,16.66,3.53,14.42,5207.0,815.0,40.2,4.61,9.51,45642.0,2625.0,75.14,2.02,3.5,6419.0,882.0,14.06,1.76,8.35,5109.0,1044.0,11.19,2.19,12.42,8378.0,1066.0,18.36,2.08,7.73,17167.0,1386.0,37.61,2.13,4.91,50705.0,2668.0,83.48,1.14,3.2,897.0,369.0,1.77,0.72,25.01,60723.0,3086.0,99.97,7.19,3.09,7869.0,930.0,12.96,1.38,7.18,10031.0,1040.0,16.51,1.49,6.3,209.0,121.0,2.08,1.19,35.19,42508.0,2473.0,69.98,1.98,3.54,4152.0,820.0,9.77,1.84,12.01,8184.0,702.0,13.47,0.93,5.21,3508.0,497.0,42.86,4.83,8.61,60026.0,3115.0,98.83,1.04,3.15,52875.0,3157.0,88.09,2.6,3.63,6557.0,1134.0,10.92,1.8,10.51,594.0,235.0,0.99,0.39,24.05,60739.0,3087.0,100,,3.09,34050.0,2339.0,56.06,2.59,4.18,32312.0,2196.0,53.2,2.4,4.13,1738.0,574.0,2.86,0.93,20.08,26689.0,2151.0,43.94,2.75,4.9,15080.0,1405.0,56.5,2.64,5.66,11609.0,1391.0,43.5,3.86,7.28,1777.0,390.0,6.66,1.36,13.34,1269.0,310.0,4.75,1.1,14.85,642.0,563.0,2.41,2.1,53.31,157.0,176.0,0.59,0.66,68.15,22671.0,2100.0,84.95,3.88,5.63,173.0,117.0,0.65,0.44,41.11,57726.0,3103.0,95.04,1.66,3.27,18445.0,1411.0,31.95,1.74,4.65,19780.0,1861.0,34.27,2.65,5.72,35018.0,2802.0,60.66,3.6,4.86,18400.0,969.0,91.64,1.53,3.2,17729.0,1015.0,88.3,2.47,3.48,51709.0,2720.0,85.13,1.15,3.2,35873.0,2535.0,69.37,3.27,4.3,31658.0,2150.0,61.22,2.63,4.13,4215.0,866.0,8.15,1.62,12.49,0.0,,0.0,,,15836.0,1187.0,30.63,1.64,4.56,,,11.75,2.27,12.49,30276.0,2093.0,49.85,2.34,4.2,2628.0,547.0,8.68,1.7,12.65,1556.0,633.0,5.14,2.06,24.73,19310.0,1994.0,63.78,4.89,6.28,3159.0,577.0,10.43,1.76,11.1,3105.0,680.0,10.26,2.13,13.31,31658.0,2150.0,52.12,2.35,4.13,13.0,21.0,0.04,0.07,98.2,1423.0,515.0,4.49,1.6,22.0,856.0,287.0,2.7,0.89,20.38,641.0,240.0,2.02,0.75,22.76,2990.0,646.0,9.44,1.94,13.13,1674.0,465.0,5.29,1.42,16.89,1306.0,362.0,4.13,1.11,16.85,2732.0,638.0,8.63,1.93,14.2,3652.0,619.0,11.54,1.79,10.3,9644.0,1149.0,30.46,2.98,7.24,4348.0,764.0,13.73,2.23,10.68,1649.0,424.0,5.21,1.29,15.63,730.0,311.0,2.31,0.97,25.9,1599.0,347.0,7.96,1.68,13.19,1046.0,300.0,5.21,1.47,17.44,1491.0,306.0,7.43,1.48,12.48,1438.0,401.0,7.16,1.96,16.95,1636.0,337.0,8.15,1.63,12.52,3275.0,526.0,16.31,2.49,9.76,2735.0,434.0,13.62,2.05,9.65,3532.0,555.0,17.59,2.62,9.55,1502.0,302.0,7.48,1.46,12.22,1825.0,459.0,9.09,2.24,15.29,16903.0,1007.0,84.18,2.73,3.62,5875.0,524.0,29.26,2.16,5.42,2218.0,366.0,11.05,1.74,10.03,1803.0,387.0,8.98,1.87,13.05,1458.0,482.0,7.26,2.37,20.1,5791.0,732.0,28.84,3.35,7.68,55249.0,2659.0,90.99,6.37,2.93,32213.0,2485.0,53.05,3.08,4.69,27183.0,2059.0,44.77,2.51,4.6,5474.0,1487.0,9.01,2.41,16.51,31490.0,1943.0,51.84,1.81,3.75,29249.0,1863.0,48.16,1.85,3.87,3013.0,597.0,4.96,0.95,12.05,2604.0,597.0,4.29,0.96,13.94,2913.0,605.0,4.8,0.97,12.63,2415.0,520.0,3.98,0.83,13.09,4152.0,770.0,6.84,1.22,11.27,12965.0,1661.0,21.35,2.51,7.79,9385.0,1155.0,15.45,1.73,7.48,8183.0,1161.0,13.47,1.78,8.62,3594.0,581.0,5.92,0.91,9.83,3318.0,420.0,5.46,0.63,7.69,4765.0,637.0,7.85,0.97,8.13,2554.0,381.0,4.2,0.59,9.07,878.0,211.0,1.45,0.34,14.61,10034.0,1039.0,16.52,1.49,6.29,50705.0,2668.0,83.48,1.14,3.2,8197.0,704.0,13.5,0.93,5.22,9767.0,1697.0,16.08,2.67,10.56,22094.0,1884.0,36.38,2.49,5.18,5005.0,1151.0,8.24,1.85,13.98,1447.0,1310.0,2.38,2.15,55.03,1787.0,650.0,2.94,1.06,22.11,0.0,,0.0,,,20639.0,2478.0,33.98,3.7,7.3,40442.0,2916.0,66.58,3.41,4.38,20297.0,1483.0,33.42,1.75,4.44,15113.0,1263.0,24.88,1.65,5.08,2273.0,794.0,3.74,1.29,21.24,59.0,57.0,0.1,0.09,58.73,1718.0,648.0,2.83,1.06,22.93,0.0,,0.0,,,189.0,139.0,0.31,0.23,44.71,945.0,450.0,1.56,0.74,28.95
10034,10034,10034,15763.0,685.0,100,,2.64,4601.0,575.0,29.19,3.42,7.6,9240.0,1187.0,21.31,2.22,7.81,333.0,197.0,3.6,2.08,35.96,327.0,157.0,3.54,1.64,29.19,3542.0,623.0,38.33,4.61,10.69,1813.0,462.0,19.62,4.32,15.49,3225.0,665.0,34.9,5.63,12.54,32131.0,2247.0,74.09,7.62,4.25,4099.0,628.0,12.76,1.74,9.31,3206.0,610.0,9.98,1.77,11.57,5823.0,808.0,18.12,2.17,8.44,12247.0,1194.0,38.12,2.59,5.93,35213.0,2526.0,81.2,8.45,4.36,518.0,215.0,1.47,0.6,25.23,43344.0,3269.0,99.95,0.3,4.58,6302.0,801.0,14.54,1.49,7.73,8150.0,1252.0,18.79,2.52,9.34,608.0,216.0,7.46,2.39,21.6,29588.0,2402.0,68.23,2.06,4.94,3104.0,580.0,10.49,1.77,11.36,5606.0,622.0,12.93,1.05,6.74,2590.0,456.0,46.2,6.32,10.7,42906.0,3164.0,98.94,10.43,4.48,39619.0,3249.0,92.34,3.31,4.99,3079.0,790.0,7.18,1.76,15.6,208.0,173.0,0.48,0.4,50.56,43365.0,3268.0,100,,4.58,26179.0,2606.0,60.37,3.93,6.05,24410.0,2397.0,56.29,3.54,5.97,1769.0,556.0,4.08,1.24,19.11,17186.0,1614.0,39.63,2.22,5.71,9836.0,1055.0,57.23,2.97,6.52,7350.0,1092.0,42.77,4.92,9.03,1237.0,337.0,7.2,1.84,16.56,885.0,404.0,5.15,2.3,27.75,73.0,53.0,0.42,0.31,44.14,0.0,,0.0,,,14907.0,1508.0,86.74,3.26,6.15,84.0,57.0,0.49,0.33,41.25,40773.0,2946.0,94.02,9.82,4.39,12301.0,1329.0,30.17,2.42,6.57,13175.0,1549.0,32.31,3.0,7.15,26002.0,2450.0,63.77,3.86,5.73,14387.0,693.0,91.27,1.9,2.93,13543.0,697.0,85.92,2.37,3.13,36124.0,2637.0,83.3,8.74,4.44,24408.0,1983.0,67.57,2.41,4.94,22424.0,1810.0,62.08,2.14,4.91,1984.0,598.0,5.49,1.61,18.32,0.0,,0.0,,,11716.0,1261.0,32.43,2.57,6.54,,,8.13,2.36,18.32,21742.0,1747.0,50.14,1.4,4.88,2157.0,550.0,9.92,2.4,15.5,952.0,338.0,4.38,1.51,21.58,13682.0,1419.0,62.93,4.13,6.3,1728.0,486.0,7.95,2.14,17.1,2576.0,675.0,11.85,2.96,15.93,22424.0,1810.0,51.71,1.5,4.91,0.0,,0.0,,,799.0,324.0,3.56,1.42,24.65,1114.0,407.0,4.97,1.77,22.21,361.0,180.0,1.61,0.79,30.31,2716.0,895.0,12.11,3.87,20.03,995.0,337.0,4.44,1.46,20.59,605.0,194.0,2.7,0.84,19.49,1652.0,416.0,7.37,1.76,15.31,2052.0,412.0,9.15,1.68,12.21,7146.0,828.0,31.87,2.65,7.04,3109.0,757.0,13.86,3.18,14.8,1289.0,368.0,5.75,1.57,17.36,586.0,202.0,2.61,0.88,20.96,1145.0,328.0,7.26,2.06,17.41,1194.0,253.0,7.57,1.57,12.88,1382.0,300.0,8.77,1.86,13.2,974.0,291.0,6.18,1.83,18.16,1576.0,383.0,10.0,2.39,14.77,2725.0,444.0,17.29,2.71,9.9,2318.0,465.0,14.71,2.88,12.19,2281.0,377.0,14.47,2.31,10.05,1278.0,305.0,8.11,1.9,14.51,890.0,175.0,5.65,1.08,11.95,12493.0,757.0,79.26,3.35,3.68,4023.0,358.0,25.52,1.98,5.41,2254.0,299.0,14.3,1.79,8.06,1997.0,358.0,12.67,2.2,10.9,1011.0,273.0,6.41,1.71,16.42,5055.0,522.0,32.07,3.0,6.28,40536.0,3305.0,93.52,2.9,4.96,23967.0,2501.0,55.29,3.99,6.34,19971.0,2290.0,46.08,3.98,6.97,2808.0,531.0,6.48,1.12,11.5,20192.0,1618.0,46.56,1.27,4.87,23173.0,2301.0,53.44,3.46,6.04,2592.0,767.0,5.98,1.71,17.99,1841.0,445.0,4.25,0.98,14.69,2409.0,532.0,5.56,1.15,13.42,1802.0,464.0,4.16,1.02,15.65,2590.0,580.0,5.97,1.26,13.61,8226.0,1137.0,18.97,2.2,8.4,7013.0,1020.0,16.17,2.01,8.84,6213.0,894.0,14.33,1.76,8.75,2647.0,526.0,6.1,1.12,12.08,2423.0,453.0,5.59,0.96,11.37,3148.0,462.0,7.26,0.91,8.92,1628.0,392.0,3.75,0.86,14.64,833.0,317.0,1.92,0.72,23.13,8152.0,1252.0,18.8,2.52,9.34,35213.0,2526.0,81.2,8.45,4.36,5609.0,622.0,12.93,1.05,6.74,4923.0,1382.0,11.35,3.07,17.07,13880.0,1511.0,32.01,2.51,6.62,5539.0,1030.0,12.77,2.17,11.3,638.0,441.0,1.47,1.01,42.02,1196.0,499.0,2.76,1.13,25.36,96.0,118.0,0.22,0.27,74.72,17093.0,2841.0,39.42,5.84,10.1,30768.0,2980.0,70.95,4.32,5.89,12597.0,1190.0,29.05,1.65,5.74,7960.0,868.0,18.36,1.45,6.63,2273.0,527.0,5.24,1.15,14.09,50.0,61.0,0.12,0.14,74.16,1154.0,498.0,2.66,1.13,26.23,0.0,,0.0,,,157.0,78.0,0.36,0.18,30.2,1003.0,524.0,2.31,1.2,31.76
10035,10035,10035,14350.0,731.0,100,,3.1,3696.0,478.0,25.76,3.06,7.86,8134.0,1056.0,21.96,2.48,7.89,636.0,289.0,7.82,3.4,27.62,385.0,218.0,4.73,2.61,34.42,3113.0,631.0,38.27,5.96,12.32,1806.0,380.0,22.2,3.68,12.79,2194.0,395.0,26.97,3.36,10.94,26061.0,1653.0,70.36,6.34,3.86,2922.0,674.0,11.21,2.49,14.02,3523.0,500.0,13.52,1.72,8.63,6710.0,839.0,25.75,2.77,7.6,7710.0,878.0,29.58,2.8,6.92,29054.0,1776.0,78.44,6.94,3.72,692.0,269.0,2.38,0.91,23.63,36044.0,2352.0,97.31,1.22,3.97,6057.0,815.0,16.8,1.98,8.18,7965.0,1036.0,21.5,2.43,7.91,453.0,184.0,5.69,2.19,24.69,23350.0,1623.0,63.04,1.7,4.23,3394.0,594.0,14.54,2.33,10.64,4729.0,560.0,12.77,1.27,7.2,2210.0,439.0,46.73,7.45,12.08,36561.0,2349.0,98.7,0.52,3.91,31696.0,2218.0,86.69,2.4,4.25,4177.0,706.0,11.42,1.79,10.27,688.0,326.0,1.88,0.88,28.8,37042.0,2372.0,100,,3.89,28599.0,1970.0,77.21,1.96,4.19,26651.0,1980.0,71.95,2.71,4.52,1948.0,492.0,5.26,1.28,15.35,8443.0,1098.0,22.79,2.58,7.91,4182.0,691.0,49.53,5.05,10.04,4261.0,727.0,50.47,5.57,10.37,878.0,474.0,10.4,5.45,32.82,1059.0,346.0,12.54,3.76,19.86,846.0,341.0,10.02,3.82,24.5,17.0,21.0,0.2,0.25,75.09,5528.0,900.0,65.47,6.41,9.9,115.0,102.0,1.36,1.2,53.92,34418.0,2221.0,92.92,0.74,3.92,18826.0,1364.0,54.7,1.8,4.4,5629.0,859.0,16.35,2.26,9.28,12279.0,1340.0,35.68,3.14,6.63,10579.0,665.0,73.72,2.72,3.82,10033.0,676.0,69.92,3.08,4.1,29958.0,1836.0,80.88,7.17,3.73,15749.0,1439.0,52.57,3.56,5.55,14150.0,1300.0,47.23,3.23,5.58,1599.0,421.0,5.34,1.37,16.01,0.0,,0.0,,,14209.0,1278.0,47.43,3.12,5.47,,,10.15,2.51,16.01,13872.0,1269.0,37.45,2.45,5.56,1206.0,525.0,8.69,3.7,26.46,285.0,150.0,2.05,1.06,31.99,9300.0,1087.0,67.04,4.88,7.11,999.0,244.0,7.2,1.63,14.85,1602.0,456.0,11.55,3.11,17.3,14150.0,1300.0,38.2,2.52,5.58,0.0,,0.0,,,318.0,145.0,2.25,1.0,27.72,332.0,146.0,2.35,1.01,26.73,496.0,370.0,3.51,2.59,45.35,1553.0,365.0,10.98,2.37,14.29,490.0,204.0,3.46,1.41,25.31,738.0,268.0,5.22,1.83,22.08,1391.0,383.0,9.83,2.55,16.74,2175.0,616.0,15.37,4.12,17.22,3869.0,508.0,27.34,2.56,7.98,1696.0,429.0,11.99,2.82,15.38,616.0,209.0,4.35,1.42,20.63,476.0,153.0,3.36,1.04,19.54,3187.0,565.0,22.21,3.77,10.78,1713.0,360.0,11.94,2.43,12.78,1608.0,353.0,11.21,2.39,13.35,891.0,192.0,6.21,1.3,13.1,1355.0,330.0,9.44,2.25,14.81,1377.0,335.0,9.6,2.28,14.79,1296.0,279.0,9.03,1.89,13.09,1263.0,286.0,8.8,1.94,13.77,788.0,257.0,5.49,1.77,19.83,872.0,230.0,6.08,1.57,16.03,8588.0,596.0,59.85,2.82,4.22,3965.0,514.0,27.63,3.29,7.88,1361.0,227.0,9.48,1.51,10.14,2133.0,500.0,14.86,3.4,14.25,1160.0,308.0,8.08,2.11,16.14,3111.0,498.0,21.68,3.29,9.73,32876.0,2383.0,91.21,2.88,4.41,15633.0,1742.0,43.37,3.92,6.77,18955.0,1730.0,52.59,3.36,5.55,3168.0,680.0,8.79,1.8,13.05,18424.0,1499.0,49.74,2.5,4.95,18618.0,1542.0,50.26,2.64,5.03,2624.0,618.0,7.08,1.61,14.32,2132.0,472.0,5.76,1.22,13.46,1929.0,447.0,5.21,1.16,14.09,1890.0,402.0,5.1,1.03,12.93,2406.0,454.0,6.5,1.15,11.47,6628.0,776.0,17.89,1.75,7.12,5893.0,710.0,15.91,1.62,7.32,4305.0,571.0,11.62,1.35,8.06,2115.0,380.0,5.71,0.96,10.92,2034.0,382.0,5.49,0.97,11.42,2832.0,454.0,7.65,1.12,9.75,1330.0,313.0,3.59,0.81,14.31,924.0,306.0,2.49,0.81,20.13,7988.0,1033.0,21.56,2.42,7.86,29054.0,1776.0,78.44,6.94,3.72,5086.0,594.0,13.73,1.34,7.1,3107.0,801.0,8.39,2.09,15.67,7749.0,1344.0,20.92,3.37,10.54,14979.0,1326.0,40.44,2.47,5.38,103.0,90.0,0.28,0.24,53.12,1375.0,426.0,3.71,1.13,18.83,34.0,45.0,0.09,0.12,80.46,9695.0,1510.0,26.17,3.72,9.47,16293.0,1546.0,43.99,3.08,5.77,20749.0,1727.0,56.01,2.98,5.06,4857.0,1005.0,13.11,2.58,12.58,13482.0,1280.0,36.4,2.55,5.77,11.0,17.0,0.03,0.05,93.95,1375.0,426.0,3.71,1.13,18.83,5.0,11.0,0.01,0.03,133.74,199.0,169.0,0.54,0.45,51.63,820.0,313.0,2.21,0.83,23.2
10036,10036,"10036, 10110",18598.0,1015.0,100,,3.32,1548.0,415.0,8.32,2.18,16.3,3462.0,720.0,11.37,2.26,12.64,129.0,132.0,3.73,3.73,62.2,141.0,102.0,4.07,2.82,43.98,795.0,333.0,22.96,8.35,25.46,501.0,236.0,14.47,6.12,28.64,1896.0,475.0,54.77,7.65,15.23,25667.0,1543.0,84.33,7.31,3.65,1027.0,553.0,4.0,2.14,32.73,840.0,326.0,3.27,1.25,23.59,2618.0,473.0,10.2,1.74,10.98,17302.0,1339.0,67.41,3.29,4.7,28340.0,1644.0,93.11,7.93,3.53,485.0,236.0,1.71,0.83,29.58,30389.0,1894.0,99.84,8.8,3.79,4434.0,891.0,14.59,2.79,12.22,2097.0,522.0,6.89,1.66,15.13,159.0,86.0,7.58,3.64,32.88,23943.0,1541.0,78.66,1.24,3.91,2491.0,569.0,10.4,2.28,13.89,4349.0,608.0,14.29,1.79,8.5,1784.0,545.0,41.02,11.14,18.57,30156.0,1907.0,99.08,1.02,3.84,23411.0,1691.0,77.63,2.71,4.39,5996.0,1050.0,19.88,3.25,10.65,749.0,287.0,2.48,0.94,23.29,30437.0,1899.0,100,,3.79,20866.0,1725.0,68.55,3.72,5.03,19771.0,1632.0,64.96,3.51,5.02,1095.0,553.0,3.6,1.8,30.7,9571.0,1155.0,31.45,3.25,7.34,4598.0,815.0,48.04,6.24,10.78,4973.0,757.0,51.96,4.82,9.25,2164.0,466.0,22.61,4.03,13.09,4411.0,931.0,46.09,7.98,12.83,326.0,269.0,3.41,2.78,50.16,116.0,98.0,1.21,1.01,51.36,2379.0,526.0,24.86,4.6,13.44,175.0,164.0,1.83,1.7,56.97,29821.0,1893.0,97.98,1.15,3.86,19340.0,1798.0,64.85,4.41,5.65,3461.0,1160.0,11.61,3.82,20.37,4628.0,1034.0,15.52,3.32,13.58,17302.0,1079.0,93.03,2.81,3.79,16164.0,942.0,86.91,1.78,3.54,28603.0,1683.0,93.97,8.06,3.58,21131.0,1360.0,73.88,1.93,3.91,19820.0,1289.0,69.29,1.92,3.95,1311.0,393.0,4.58,1.35,18.22,0.0,,0.0,,,7472.0,1185.0,26.12,3.85,9.64,,,6.2,1.82,18.22,19419.0,1349.0,63.8,1.95,4.22,671.0,263.0,3.46,1.33,23.83,177.0,137.0,0.91,0.7,47.05,8226.0,957.0,42.36,3.95,7.07,5690.0,787.0,29.3,3.5,8.41,2982.0,770.0,15.36,3.82,15.7,19820.0,1289.0,65.12,1.2,3.95,0.0,,0.0,,,245.0,159.0,1.24,0.8,39.45,616.0,274.0,3.11,1.37,27.04,484.0,240.0,2.44,1.2,30.14,1245.0,381.0,6.28,1.88,18.6,473.0,257.0,2.39,1.29,33.03,1655.0,407.0,8.35,1.98,14.95,3821.0,745.0,19.28,3.54,11.85,4682.0,1015.0,23.62,4.89,13.18,2608.0,538.0,13.16,2.58,12.54,2519.0,657.0,12.71,3.21,15.86,981.0,354.0,4.95,1.76,21.94,491.0,194.0,2.48,0.97,24.02,1371.0,331.0,7.37,1.73,14.68,589.0,188.0,3.17,1.0,19.4,1391.0,603.0,7.48,3.22,26.35,1305.0,401.0,7.02,2.12,18.68,1539.0,444.0,8.28,2.34,17.54,1803.0,584.0,9.69,3.1,19.69,1406.0,345.0,7.56,1.81,14.92,3225.0,646.0,17.34,3.34,12.18,2148.0,460.0,11.55,2.39,13.02,3821.0,645.0,20.55,3.28,10.26,14849.0,931.0,79.84,2.46,3.81,3325.0,464.0,17.88,2.3,8.48,2410.0,510.0,12.96,2.65,12.86,1160.0,572.0,6.24,3.06,29.98,845.0,326.0,4.54,1.74,23.45,2129.0,606.0,11.45,3.2,17.3,29640.0,1845.0,97.54,8.59,3.78,23425.0,1817.0,77.08,3.56,4.72,8754.0,1107.0,28.81,3.17,7.69,749.0,284.0,2.46,0.92,23.05,16903.0,1269.0,55.53,2.32,4.56,13534.0,1379.0,44.47,3.58,6.19,616.0,338.0,2.02,1.1,33.36,498.0,199.0,1.64,0.65,24.29,658.0,365.0,2.16,1.19,33.72,549.0,228.0,1.8,0.74,25.25,2449.0,819.0,8.05,2.64,20.33,7794.0,925.0,25.61,2.59,7.21,4996.0,733.0,16.41,2.18,8.92,4919.0,946.0,16.16,2.94,11.69,1656.0,436.0,5.44,1.39,16.01,1913.0,520.0,6.29,1.66,16.52,2553.0,444.0,8.39,1.36,10.57,1196.0,315.0,3.93,1.01,16.01,640.0,520.0,2.1,1.7,49.39,2097.0,522.0,6.89,1.66,15.13,28340.0,1644.0,93.11,7.93,3.53,4389.0,604.0,14.42,1.77,8.37,3012.0,796.0,9.9,2.54,16.07,18141.0,1755.0,59.6,4.41,5.88,2288.0,579.0,7.52,1.84,15.38,55.0,61.0,0.18,0.2,67.42,5116.0,1055.0,16.81,3.3,12.54,30.0,36.0,0.1,0.12,72.95,1795.0,898.0,5.9,2.93,30.41,6001.0,1202.0,19.72,3.75,12.18,24436.0,1573.0,80.28,1.27,3.91,15472.0,1639.0,50.83,4.35,6.44,2007.0,509.0,6.59,1.62,15.42,55.0,61.0,0.18,0.2,67.42,5116.0,1055.0,16.81,3.3,12.54,17.0,32.0,0.06,0.11,114.43,133.0,159.0,0.44,0.52,72.67,1636.0,620.0,5.38,2.01,23.04
10037,10037,10037,9922.0,664.0,100,,4.07,2015.0,388.0,20.31,3.67,11.71,3761.0,580.0,19.41,2.68,9.37,579.0,294.0,15.39,7.45,30.87,204.0,169.0,5.42,4.41,50.36,1342.0,273.0,35.68,4.73,12.37,808.0,277.0,21.48,6.58,20.84,828.0,233.0,22.02,5.18,17.11,14546.0,1028.0,75.08,1.11,4.3,790.0,287.0,5.43,1.94,22.08,1108.0,343.0,7.62,2.3,18.82,3699.0,574.0,25.43,3.51,9.43,6356.0,768.0,43.7,4.28,7.35,15624.0,1092.0,80.64,0.84,4.25,482.0,180.0,3.08,1.13,22.7,19134.0,1339.0,98.76,1.08,4.25,2634.0,432.0,13.77,2.04,9.97,3735.0,610.0,19.28,2.85,9.93,20.0,23.0,0.54,0.61,69.91,11884.0,1014.0,61.34,3.07,5.19,1217.0,340.0,10.24,2.72,16.98,3515.0,536.0,18.14,2.47,9.27,1397.0,296.0,39.74,5.85,12.88,19081.0,1312.0,98.49,9.6,4.18,17729.0,1319.0,92.91,2.64,4.52,1288.0,351.0,6.75,1.78,16.57,64.0,57.0,0.34,0.3,54.14,19374.0,1339.0,100,,4.2,16444.0,1276.0,84.88,2.99,4.72,15821.0,1203.0,81.66,2.59,4.62,623.0,215.0,3.22,1.09,20.98,2930.0,559.0,15.12,2.69,11.6,1311.0,328.0,44.74,7.24,15.21,1619.0,469.0,55.26,12.05,17.61,117.0,83.0,3.99,2.73,43.12,488.0,241.0,16.66,7.59,30.02,918.0,424.0,31.33,13.18,28.08,0.0,,0.0,,,1365.0,309.0,46.59,5.68,13.76,42.0,68.0,1.43,2.3,98.42,18088.0,1210.0,93.36,8.98,4.07,13181.0,1077.0,72.87,3.42,4.97,1397.0,351.0,7.72,1.87,15.27,2674.0,671.0,14.78,3.58,15.25,8524.0,714.0,85.91,4.33,5.09,7942.0,596.0,80.04,2.72,4.56,15929.0,1114.0,82.22,0.88,4.25,9166.0,876.0,57.54,3.75,5.81,8239.0,764.0,51.72,3.15,5.64,912.0,272.0,5.73,1.66,18.13,15.0,24.0,0.09,0.15,97.26,6763.0,643.0,42.46,2.73,5.78,,,9.95,2.81,18.13,7987.0,742.0,41.23,2.56,5.65,1107.0,302.0,13.86,3.56,16.58,165.0,109.0,2.07,1.35,40.16,4677.0,525.0,58.56,3.69,6.82,414.0,147.0,5.18,1.78,21.58,1318.0,427.0,16.5,5.12,19.69,8239.0,764.0,42.53,2.63,5.64,55.0,71.0,0.67,0.86,78.47,285.0,178.0,3.46,2.14,37.97,172.0,94.0,2.09,1.12,33.22,176.0,91.0,2.14,1.09,31.43,293.0,115.0,3.56,1.36,23.86,590.0,188.0,7.16,2.18,19.37,440.0,176.0,5.34,2.08,24.32,650.0,216.0,7.89,2.52,20.2,1042.0,346.0,12.65,4.03,20.19,2757.0,495.0,33.46,5.14,10.91,954.0,292.0,11.58,3.38,18.61,255.0,125.0,3.1,1.49,29.8,570.0,246.0,6.92,2.92,26.24,1418.0,384.0,14.29,3.75,16.46,982.0,271.0,9.9,2.65,16.78,961.0,259.0,9.69,2.53,16.38,726.0,208.0,7.32,2.04,17.42,931.0,264.0,9.38,2.59,17.24,1595.0,301.0,16.08,2.84,11.47,958.0,260.0,9.66,2.54,16.5,1162.0,303.0,11.71,2.95,15.85,624.0,219.0,6.29,2.17,21.34,565.0,186.0,5.69,1.84,20.01,6569.0,602.0,66.21,4.15,5.57,2771.0,398.0,27.93,3.55,8.73,1701.0,374.0,17.14,3.59,13.37,592.0,194.0,5.97,1.91,19.92,538.0,204.0,5.42,2.02,23.05,1563.0,330.0,15.75,3.15,12.83,17951.0,1214.0,93.82,9.13,4.11,11708.0,1241.0,61.19,4.87,6.44,8208.0,1007.0,42.9,4.32,7.46,1183.0,443.0,6.18,2.27,22.76,8533.0,914.0,44.04,3.6,6.51,10841.0,820.0,55.96,1.72,4.6,1286.0,404.0,6.64,2.03,19.1,994.0,311.0,5.13,1.57,19.02,1065.0,276.0,5.5,1.37,15.75,473.0,191.0,2.44,0.97,24.55,1010.0,261.0,5.21,1.3,15.71,3389.0,620.0,17.49,2.96,11.12,2963.0,561.0,15.29,2.7,11.51,2554.0,573.0,13.18,2.81,13.64,1135.0,304.0,5.86,1.52,16.28,842.0,243.0,4.35,1.22,17.54,1867.0,382.0,9.64,1.86,12.44,1018.0,279.0,5.25,1.39,16.66,778.0,257.0,4.02,1.3,20.08,3735.0,610.0,19.28,2.85,9.93,15639.0,1097.0,80.72,0.97,4.26,3663.0,523.0,18.91,2.36,8.68,1234.0,570.0,6.37,2.91,28.08,2228.0,449.0,11.5,2.18,12.25,13342.0,1184.0,68.87,3.83,5.39,54.0,66.0,0.28,0.34,74.3,702.0,325.0,3.62,1.66,28.14,0.0,,0.0,,,1814.0,555.0,9.36,2.79,18.6,3647.0,766.0,18.82,3.73,12.77,15727.0,1203.0,81.18,2.66,4.65,1601.0,331.0,8.26,1.61,12.57,12840.0,1122.0,66.27,3.54,5.31,19.0,33.0,0.1,0.17,105.58,698.0,325.0,3.6,1.66,28.3,0.0,,0.0,,,132.0,120.0,0.68,0.62,55.26,437.0,234.0,2.26,1.2,32.55
10038,10038,10038,10494.0,879.0,100,,5.09,1804.0,444.0,17.19,3.98,14.96,5679.0,1409.0,24.31,5.51,15.08,159.0,94.0,2.8,1.5,35.94,228.0,236.0,4.01,4.03,62.92,1846.0,592.0,32.51,6.6,19.5,624.0,223.0,10.99,2.83,21.72,2822.0,885.0,49.69,9.53,19.06,17077.0,1632.0,73.12,10.19,5.81,1796.0,679.0,10.52,3.85,22.98,1296.0,269.0,7.59,1.4,12.62,1688.0,343.0,9.88,1.77,12.35,10606.0,1191.0,62.11,3.66,6.83,19993.0,1657.0,85.6,11.22,5.04,403.0,180.0,2.02,0.88,27.15,23333.0,2367.0,99.9,14.33,6.17,2174.0,398.0,9.32,1.42,11.13,3357.0,1057.0,14.37,4.28,19.14,189.0,117.0,5.63,3.0,37.63,15841.0,1428.0,67.82,9.21,5.48,645.0,299.0,4.07,1.85,28.18,4135.0,685.0,17.7,2.32,10.07,1340.0,248.0,32.41,2.67,11.25,23278.0,2370.0,99.67,0.83,6.19,18931.0,2255.0,81.33,5.03,7.24,4172.0,838.0,17.92,3.1,12.21,175.0,111.0,0.75,0.47,38.56,23356.0,2370.0,100,,6.17,17285.0,2372.0,74.01,6.84,8.34,16577.0,2332.0,70.98,6.92,8.55,708.0,261.0,3.03,1.07,22.41,6071.0,611.0,25.99,3.71,6.12,4327.0,446.0,71.27,1.59,6.27,1744.0,361.0,28.73,5.2,12.58,1410.0,411.0,23.23,6.35,17.72,3776.0,515.0,62.2,5.73,8.29,45.0,61.0,0.74,1.0,82.4,77.0,78.0,1.27,1.28,61.58,664.0,250.0,10.94,3.97,22.89,99.0,81.0,1.63,1.32,49.74,22525.0,2105.0,96.44,13.3,5.68,14736.0,1938.0,65.42,6.05,7.99,3738.0,910.0,16.59,3.73,14.8,1914.0,719.0,8.5,3.09,22.84,9515.0,864.0,90.67,3.18,5.52,8926.0,801.0,85.06,2.74,5.46,20506.0,1734.0,87.8,11.6,5.14,13076.0,1173.0,63.77,1.91,5.45,12131.0,1163.0,59.16,2.67,5.83,945.0,290.0,4.61,1.36,18.66,0.0,,0.0,,,7430.0,1123.0,36.23,4.54,9.19,,,7.23,2.12,18.66,11963.0,1152.0,51.22,7.17,5.85,465.0,160.0,3.89,1.28,20.92,144.0,75.0,1.2,0.62,31.66,5635.0,800.0,47.1,4.91,8.63,3376.0,559.0,28.22,3.8,10.07,1962.0,779.0,16.4,6.32,24.14,12131.0,1163.0,51.94,7.25,5.83,0.0,,0.0,,,214.0,133.0,1.76,1.08,37.78,285.0,319.0,2.35,2.62,68.04,344.0,307.0,2.84,2.52,54.25,1040.0,322.0,8.57,2.52,18.82,265.0,118.0,2.18,0.95,27.07,601.0,234.0,4.95,1.87,23.67,2701.0,559.0,22.27,4.08,12.58,2960.0,496.0,24.4,3.35,10.19,2146.0,478.0,17.69,3.56,13.54,608.0,206.0,5.01,1.63,20.6,371.0,227.0,3.06,1.85,37.2,596.0,254.0,4.91,2.04,25.91,1076.0,572.0,10.25,5.38,32.32,562.0,189.0,5.36,1.74,20.44,616.0,192.0,5.87,1.76,18.95,666.0,244.0,6.35,2.26,22.27,642.0,215.0,6.12,1.98,20.36,664.0,197.0,6.33,1.8,18.04,1022.0,300.0,9.74,2.74,17.84,1656.0,421.0,15.78,3.79,15.45,697.0,200.0,6.64,1.82,17.44,2893.0,538.0,27.57,4.58,11.3,7705.0,621.0,73.42,8.53,4.9,2678.0,409.0,25.52,3.26,9.28,1377.0,273.0,13.12,2.36,12.05,774.0,168.0,7.38,1.48,13.19,452.0,186.0,4.31,1.74,25.02,1861.0,322.0,17.73,2.68,10.52,22358.0,2362.0,95.82,2.83,6.42,16138.0,1925.0,69.16,4.34,7.25,7704.0,1193.0,33.02,3.86,9.41,975.0,347.0,4.18,1.43,21.64,11000.0,1167.0,47.1,1.46,6.45,12356.0,1656.0,52.9,4.63,8.15,831.0,493.0,3.56,2.08,36.06,538.0,169.0,2.3,0.68,19.1,1356.0,613.0,5.81,2.56,27.48,1455.0,392.0,6.23,1.55,16.38,2099.0,511.0,8.99,1.99,14.8,5363.0,1015.0,22.96,3.67,11.51,3155.0,725.0,13.51,2.79,13.97,2075.0,481.0,8.88,1.85,14.09,908.0,221.0,3.89,0.86,14.8,1436.0,456.0,6.15,1.85,19.3,1829.0,316.0,7.83,1.1,10.5,1400.0,529.0,5.99,2.18,22.97,911.0,262.0,3.9,1.05,17.48,3363.0,1057.0,14.4,4.28,19.11,19993.0,1657.0,85.6,11.22,5.04,4140.0,684.0,17.73,2.31,10.04,1540.0,550.0,6.59,2.26,21.71,11554.0,1744.0,49.47,5.53,9.18,2495.0,847.0,10.68,3.46,20.64,55.0,53.0,0.24,0.23,58.58,6638.0,922.0,28.42,2.7,8.44,0.0,,0.0,,,1074.0,664.0,4.6,2.8,37.58,2265.0,430.0,9.7,1.56,11.54,21091.0,2304.0,90.3,3.65,6.64,10742.0,1724.0,45.99,5.72,9.76,2266.0,845.0,9.7,3.48,22.67,55.0,53.0,0.24,0.23,58.58,6570.0,938.0,28.13,2.83,8.68,0.0,,0.0,,,545.0,640.0,2.33,2.73,71.39,913.0,399.0,3.91,1.66,26.57
10039,10039,10039,11550.0,716.0,100,,3.77,3394.0,544.0,29.39,4.34,9.74,7354.0,1470.0,27.0,4.86,12.15,472.0,286.0,6.42,3.67,36.83,586.0,442.0,7.97,5.8,45.85,2434.0,757.0,33.1,7.89,18.91,1999.0,572.0,27.18,5.57,17.39,1863.0,453.0,25.33,3.51,14.78,18495.0,1133.0,67.91,7.21,3.72,1578.0,562.0,8.53,2.99,21.65,1589.0,397.0,8.59,2.08,15.19,4526.0,685.0,24.47,3.39,9.2,5755.0,715.0,31.12,3.36,7.55,21069.0,1481.0,77.36,8.64,4.27,596.0,277.0,2.83,1.3,28.25,27234.0,2363.0,100.0,0.0,5.27,3785.0,650.0,13.9,2.06,10.44,6165.0,1255.0,22.64,4.17,12.37,168.0,123.0,2.73,1.92,44.51,18308.0,1537.0,67.22,8.12,5.1,2491.0,579.0,13.61,2.95,14.13,2761.0,407.0,10.14,1.21,8.96,1126.0,289.0,40.78,8.57,15.6,27087.0,2371.0,99.46,1.15,5.32,24877.0,2451.0,91.84,4.15,5.99,2142.0,593.0,7.91,2.08,16.83,68.0,48.0,0.25,0.18,42.91,27234.0,2363.0,100,,5.27,20941.0,1831.0,76.89,0.83,5.32,20041.0,1794.0,73.59,1.62,5.44,900.0,356.0,3.3,1.28,24.05,6293.0,947.0,23.11,2.84,9.15,3579.0,655.0,56.87,5.92,11.13,2714.0,673.0,43.13,8.5,15.07,287.0,159.0,4.56,2.43,33.68,518.0,211.0,8.23,3.12,24.76,1526.0,461.0,24.25,6.35,18.36,0.0,,0.0,,,3872.0,755.0,61.53,7.63,11.85,90.0,146.0,1.43,2.31,98.62,25552.0,2298.0,93.82,2.22,5.47,15403.0,1172.0,60.28,7.1,4.63,3394.0,737.0,13.28,2.63,13.2,7186.0,1808.0,28.12,6.61,15.29,10365.0,743.0,89.74,3.23,4.36,9712.0,734.0,84.09,3.64,4.59,21882.0,1526.0,80.35,8.94,4.24,13362.0,1095.0,61.06,2.63,4.98,11479.0,973.0,52.46,2.53,5.15,1883.0,411.0,8.61,1.78,13.27,0.0,,0.0,,,8520.0,1160.0,38.94,4.55,8.28,,,14.09,2.85,13.27,11079.0,961.0,40.68,4.99,5.27,1131.0,318.0,10.21,2.73,17.09,218.0,136.0,1.97,1.22,37.92,7975.0,844.0,71.98,4.36,6.43,478.0,191.0,4.31,1.68,24.29,865.0,261.0,7.81,2.26,18.34,11479.0,973.0,42.15,5.11,5.15,19.0,32.0,0.17,0.28,102.38,352.0,171.0,3.07,1.47,29.53,221.0,122.0,1.93,1.05,33.56,178.0,199.0,1.55,1.73,67.96,1024.0,307.0,8.92,2.57,18.23,1105.0,363.0,9.63,3.06,19.97,384.0,164.0,3.35,1.4,25.96,973.0,271.0,8.48,2.25,16.93,1344.0,344.0,11.71,2.83,15.56,3149.0,521.0,27.43,3.9,10.06,1493.0,470.0,13.01,3.94,19.14,559.0,222.0,4.87,1.89,24.14,678.0,278.0,5.91,2.37,24.93,1202.0,238.0,10.41,1.96,12.04,796.0,278.0,6.89,2.37,21.23,1328.0,383.0,11.5,3.24,17.53,995.0,294.0,8.61,2.49,17.96,1437.0,409.0,12.44,3.46,17.3,2253.0,416.0,19.51,3.39,11.22,1422.0,372.0,12.31,3.13,15.9,1079.0,245.0,9.34,2.04,13.8,552.0,226.0,4.78,1.93,24.89,486.0,137.0,4.21,1.16,17.14,9029.0,746.0,78.17,4.27,5.02,2573.0,424.0,22.28,3.4,10.02,1536.0,311.0,13.3,2.56,12.31,1424.0,421.0,12.33,3.56,17.97,916.0,281.0,7.93,2.38,18.65,2848.0,489.0,24.66,3.95,10.44,25147.0,1972.0,92.34,10.8,4.77,13659.0,1436.0,50.15,2.98,6.39,13310.0,1580.0,48.87,3.96,7.22,2087.0,688.0,7.66,2.44,20.04,12561.0,1278.0,46.12,2.45,6.19,14673.0,1617.0,53.88,3.66,6.7,1682.0,424.0,6.18,1.46,15.32,1667.0,774.0,6.12,2.79,28.23,1714.0,459.0,6.29,1.59,16.28,1768.0,449.0,6.49,1.55,15.44,1908.0,486.0,7.01,1.68,15.48,4465.0,707.0,16.39,2.17,9.63,3863.0,738.0,14.18,2.41,11.61,3561.0,561.0,13.08,1.72,9.58,2166.0,444.0,7.95,1.48,12.46,1679.0,436.0,6.17,1.51,15.79,1834.0,361.0,6.73,1.19,11.97,612.0,207.0,2.25,0.73,20.56,315.0,120.0,1.16,0.43,23.16,6165.0,1255.0,22.64,4.17,12.37,21069.0,1481.0,77.36,8.64,4.27,2761.0,407.0,10.14,1.21,8.96,3121.0,1705.0,11.46,6.18,33.21,4217.0,776.0,15.48,2.51,11.19,15394.0,1436.0,56.52,1.94,5.67,178.0,178.0,0.65,0.65,60.79,627.0,250.0,2.3,0.9,24.24,0.0,,0.0,,,3697.0,787.0,13.57,2.64,12.94,9112.0,1732.0,33.46,5.66,11.55,18122.0,1349.0,66.54,7.61,4.53,2434.0,554.0,8.94,1.88,13.84,14200.0,1356.0,52.14,2.08,5.81,51.0,78.0,0.19,0.29,92.97,627.0,250.0,2.3,0.9,24.24,0.0,,0.0,,,161.0,190.0,0.59,0.7,71.74,649.0,267.0,2.38,0.96,25.01
10040,10040,10040,16502.0,773.0,100,,2.85,4508.0,470.0,27.32,2.54,6.34,10391.0,969.0,22.7,1.7,5.67,480.0,249.0,4.62,2.36,31.53,455.0,221.0,4.38,2.09,29.53,3757.0,634.0,36.16,5.09,10.26,1827.0,454.0,17.58,4.05,15.11,3872.0,572.0,37.26,4.27,8.98,33768.0,2048.0,73.78,1.79,3.69,4334.0,764.0,12.83,2.12,10.72,3384.0,715.0,10.02,2.03,12.84,6855.0,944.0,20.3,2.51,8.37,12576.0,798.0,37.24,0.69,3.86,37728.0,2200.0,82.43,1.46,3.54,449.0,152.0,1.19,0.4,20.58,44635.0,2505.0,97.52,0.77,3.41,6074.0,851.0,13.61,1.75,8.52,8032.0,920.0,17.55,1.76,6.96,380.0,223.0,4.73,2.72,35.67,29104.0,1821.0,63.59,1.83,3.8,2666.0,580.0,9.16,1.91,13.23,7499.0,1252.0,16.38,2.58,10.15,3028.0,657.0,40.38,5.6,13.19,45410.0,2548.0,99.21,0.78,3.41,39891.0,2516.0,87.85,2.53,3.83,4961.0,786.0,10.92,1.62,9.63,558.0,361.0,1.23,0.79,39.33,45771.0,2543.0,100,,3.38,23989.0,1571.0,52.41,1.82,3.98,22119.0,1517.0,48.33,1.94,4.17,1870.0,569.0,4.09,1.22,18.5,21782.0,2160.0,47.59,3.91,6.03,12480.0,1472.0,57.3,3.66,7.17,9302.0,1286.0,42.7,4.11,8.4,1603.0,339.0,7.36,1.37,12.86,877.0,214.0,4.03,0.9,14.83,158.0,130.0,0.73,0.59,50.02,27.0,39.0,0.12,0.18,87.81,19039.0,2231.0,87.41,5.46,7.12,78.0,77.0,0.36,0.35,60.01,43652.0,2577.0,95.37,1.9,3.59,11987.0,1101.0,27.46,1.93,5.58,16134.0,2125.0,36.96,4.35,8.01,28842.0,2658.0,66.07,4.68,5.6,15095.0,684.0,91.47,5.96,2.75,14655.0,774.0,88.81,2.17,3.21,38713.0,2353.0,84.58,2.08,3.69,24602.0,1558.0,63.55,1.13,3.85,20847.0,1300.0,53.85,0.75,3.79,3755.0,710.0,9.7,1.74,11.49,0.0,,0.0,,,14111.0,1548.0,36.45,3.33,6.67,,,15.26,2.72,11.49,20068.0,1276.0,43.84,1.36,3.87,1498.0,398.0,7.46,1.93,16.15,558.0,276.0,2.78,1.36,30.07,12915.0,953.0,64.36,2.41,4.49,2187.0,596.0,10.9,2.89,16.57,2377.0,535.0,11.84,2.56,13.68,20847.0,1300.0,45.55,1.29,3.79,12.0,20.0,0.06,0.1,101.32,720.0,252.0,3.45,1.19,21.28,889.0,237.0,4.26,1.11,16.21,378.0,203.0,1.81,0.97,32.65,1743.0,356.0,8.36,1.63,12.42,1078.0,357.0,5.17,1.68,20.13,840.0,211.0,4.03,0.98,15.27,1562.0,403.0,7.49,1.88,15.68,2925.0,516.0,14.03,2.32,10.72,6389.0,841.0,30.65,3.55,8.0,2380.0,452.0,11.42,2.05,11.55,1591.0,349.0,7.63,1.61,13.33,340.0,131.0,1.63,0.62,23.42,1498.0,285.0,9.08,1.67,11.57,1149.0,354.0,6.96,2.12,18.73,1607.0,330.0,9.74,1.95,12.48,1326.0,387.0,8.04,2.31,17.74,1963.0,375.0,11.9,2.2,11.61,2784.0,367.0,16.87,2.08,8.01,1879.0,337.0,11.39,1.97,10.9,2477.0,411.0,15.01,2.39,10.09,816.0,256.0,4.94,1.53,19.07,1003.0,220.0,6.08,1.3,13.33,13204.0,756.0,80.01,2.63,3.48,4366.0,544.0,26.46,3.05,7.57,2241.0,450.0,13.58,2.65,12.21,1802.0,394.0,10.92,2.33,13.29,995.0,272.0,6.03,1.62,16.62,4860.0,614.0,29.45,3.46,7.68,41513.0,2323.0,93.01,7.37,3.4,23087.0,1692.0,51.72,2.44,4.46,22096.0,2278.0,49.5,4.28,6.27,3122.0,802.0,6.99,1.75,15.62,21845.0,1344.0,47.73,1.26,3.74,23926.0,1761.0,52.27,2.52,4.47,2119.0,527.0,4.63,1.12,15.12,2622.0,556.0,5.73,1.17,12.89,1925.0,409.0,4.21,0.86,12.92,2485.0,523.0,5.43,1.1,12.79,2852.0,589.0,6.23,1.24,12.55,7998.0,820.0,17.47,1.51,6.23,6418.0,874.0,14.02,1.74,8.28,5641.0,703.0,12.32,1.37,7.58,2885.0,568.0,6.3,1.19,11.97,2389.0,478.0,5.22,1.0,12.16,5035.0,1107.0,11.0,2.34,13.37,2018.0,533.0,4.41,1.14,16.06,1384.0,341.0,3.02,0.73,14.98,8043.0,919.0,17.57,1.75,6.95,37728.0,2200.0,82.43,1.46,3.54,8437.0,1295.0,18.43,2.64,9.33,4800.0,1056.0,10.49,2.23,13.37,13785.0,1226.0,30.12,2.09,5.41,3044.0,720.0,6.65,1.53,14.38,545.0,446.0,1.19,0.97,49.75,1061.0,238.0,2.32,0.5,13.64,5.0,8.0,0.01,0.02,97.26,22531.0,2734.0,49.23,5.31,7.38,32398.0,2837.0,70.78,4.79,5.32,13373.0,1011.0,29.22,1.5,4.6,9510.0,820.0,20.78,1.37,5.24,1484.0,437.0,3.24,0.94,17.9,51.0,58.0,0.11,0.13,69.13,1024.0,239.0,2.24,0.51,14.19,5.0,8.0,0.01,0.02,97.26,448.0,210.0,0.98,0.46,28.5,851.0,314.0,1.86,0.68,22.43
10044,10044,10044,4914.0,502.0,100,,6.21,1115.0,270.0,22.69,4.98,14.72,2184.0,482.0,17.97,3.62,13.42,167.0,90.0,7.65,3.76,32.76,100.0,70.0,4.58,3.04,42.55,778.0,232.0,35.62,7.14,18.13,271.0,150.0,12.41,6.3,33.65,868.0,307.0,39.74,10.98,21.5,9744.0,902.0,80.16,1.5,5.63,319.0,89.0,3.27,0.86,16.96,285.0,168.0,2.92,1.7,35.83,1413.0,311.0,14.5,2.9,13.38,6684.0,744.0,68.6,4.24,6.77,10344.0,869.0,85.1,10.52,5.11,271.0,183.0,2.62,1.76,41.05,10974.0,1094.0,90.28,3.74,6.06,728.0,197.0,6.63,1.67,16.45,1811.0,485.0,14.9,3.75,16.28,4.0,9.0,0.22,0.49,136.78,7399.0,780.0,60.87,3.27,6.41,374.0,182.0,5.05,2.4,29.58,1764.0,376.0,14.51,2.8,12.96,350.0,165.0,19.84,8.34,28.66,11917.0,1092.0,98.04,1.3,5.57,9679.0,1026.0,81.22,4.33,6.44,1616.0,489.0,13.56,3.91,18.4,622.0,257.0,5.22,2.1,25.12,12155.0,1102.0,100,,5.51,5960.0,871.0,49.03,5.62,8.88,5450.0,786.0,44.84,5.03,8.77,510.0,243.0,4.2,1.96,28.96,6195.0,793.0,50.97,4.61,7.78,1876.0,415.0,30.28,5.46,13.45,4319.0,733.0,69.72,7.77,10.32,1089.0,310.0,17.58,4.47,17.3,3517.0,685.0,56.77,8.33,11.84,447.0,225.0,7.22,3.51,30.6,53.0,44.0,0.86,0.7,50.47,1059.0,313.0,17.09,4.55,17.97,30.0,41.0,0.48,0.66,83.08,11386.0,1000.0,93.67,11.82,5.34,5478.0,825.0,48.11,5.89,9.16,2346.0,518.0,20.6,4.17,13.42,765.0,208.0,6.72,1.73,16.53,4714.0,523.0,95.93,4.15,6.74,4467.0,492.0,90.9,3.74,6.7,10454.0,890.0,86.01,10.7,5.18,6118.0,734.0,58.52,4.95,7.29,5874.0,721.0,56.19,4.97,7.46,244.0,127.0,2.33,1.2,31.64,0.0,,0.0,,,4336.0,560.0,41.48,4.03,7.85,,,3.99,2.02,31.64,5794.0,720.0,47.67,4.05,7.55,231.0,131.0,3.99,2.21,34.47,162.0,80.0,2.8,1.34,30.02,4129.0,587.0,71.26,4.92,8.64,91.0,51.0,1.57,0.86,34.07,790.0,270.0,13.63,4.34,20.78,5874.0,721.0,48.33,4.0,7.46,0.0,,0.0,,,32.0,47.0,0.54,0.8,89.29,88.0,71.0,1.5,1.19,49.05,45.0,46.0,0.77,0.78,62.14,193.0,104.0,3.29,1.72,32.76,98.0,91.0,1.67,1.54,56.45,267.0,117.0,4.55,1.91,26.64,1038.0,352.0,17.67,5.59,20.61,1016.0,304.0,17.3,4.72,18.19,2371.0,511.0,40.36,7.15,13.1,138.0,116.0,2.35,1.95,51.1,174.0,114.0,2.96,1.91,39.83,414.0,168.0,7.05,2.73,24.67,147.0,89.0,2.99,1.79,36.8,118.0,79.0,2.4,1.59,40.7,154.0,123.0,3.13,2.48,48.55,231.0,183.0,4.7,3.69,48.16,360.0,249.0,7.33,5.01,42.05,533.0,237.0,10.85,4.69,27.03,654.0,232.0,13.31,4.52,21.56,809.0,243.0,16.46,4.65,18.26,517.0,184.0,10.52,3.59,21.64,1391.0,303.0,28.31,5.45,13.24,4052.0,522.0,82.46,6.47,7.83,1227.0,302.0,24.97,5.59,14.96,777.0,277.0,15.81,5.4,21.67,116.0,85.0,2.36,1.71,44.54,154.0,95.0,3.13,1.91,37.5,183.0,96.0,3.72,1.92,31.89,10558.0,1072.0,96.21,1.85,6.17,8926.0,1083.0,81.34,5.63,7.38,2474.0,418.0,22.54,3.08,10.27,416.0,223.0,3.79,2.0,32.59,6001.0,762.0,49.37,4.39,7.72,6154.0,686.0,50.63,3.28,6.78,769.0,250.0,6.33,1.98,19.76,472.0,163.0,3.88,1.29,20.99,402.0,175.0,3.31,1.41,26.46,274.0,148.0,2.25,1.2,32.84,494.0,202.0,4.06,1.62,24.86,2448.0,569.0,20.14,4.31,14.13,2030.0,435.0,16.7,3.24,13.03,1594.0,370.0,13.11,2.8,14.11,634.0,238.0,5.22,1.9,22.82,659.0,198.0,5.42,1.55,18.26,1135.0,305.0,9.34,2.36,16.34,689.0,238.0,5.67,1.89,21.0,555.0,284.0,4.57,2.3,31.11,1811.0,485.0,14.9,3.75,16.28,10344.0,869.0,85.1,10.52,5.11,2379.0,389.0,19.57,2.66,9.94,693.0,227.0,5.7,1.79,19.91,5268.0,853.0,43.34,5.81,9.84,1581.0,454.0,13.01,3.54,17.46,0.0,,0.0,,,3994.0,826.0,32.86,6.11,12.57,0.0,,0.0,,,619.0,281.0,5.09,2.27,27.6,1297.0,431.0,10.67,3.41,20.2,10858.0,984.0,89.33,11.45,5.51,4832.0,796.0,39.75,5.47,10.01,1492.0,441.0,12.27,3.45,17.97,0.0,,0.0,,,3987.0,827.0,32.8,6.12,12.61,0.0,,0.0,,,18.0,22.0,0.15,0.18,74.3,529.0,193.0,4.35,1.54,22.18
10065,10065,10065,16112.0,978.0,100,,3.69,2958.0,405.0,18.36,2.25,8.32,5342.0,774.0,17.08,2.24,8.81,842.0,389.0,15.76,6.91,28.08,143.0,157.0,2.68,2.91,66.74,2024.0,414.0,37.89,5.47,12.43,546.0,230.0,10.22,4.04,25.61,1787.0,441.0,33.45,6.68,15.0,24691.0,1612.0,78.96,1.69,3.97,231.0,125.0,0.94,0.5,32.9,178.0,136.0,0.72,0.55,46.45,1375.0,397.0,5.57,1.57,17.55,21077.0,1409.0,85.36,1.23,4.06,26076.0,1580.0,83.39,7.21,3.68,1066.0,414.0,4.09,1.57,23.61,31231.0,1926.0,99.88,8.71,3.75,2363.0,648.0,7.57,2.02,16.67,5155.0,750.0,16.49,2.17,8.84,97.0,94.0,1.88,1.8,58.91,19436.0,1573.0,62.16,3.26,4.92,671.0,374.0,3.45,1.9,33.88,6640.0,881.0,21.23,2.49,8.07,1595.0,487.0,24.02,6.61,18.56,30695.0,1898.0,98.16,0.42,3.76,23954.0,1854.0,78.04,3.63,4.71,4807.0,850.0,15.66,2.59,10.75,1934.0,1008.0,6.3,3.26,31.68,31270.0,1929.0,100,,3.75,22497.0,1682.0,71.94,3.04,4.55,22019.0,1675.0,70.42,3.13,4.62,478.0,313.0,1.53,1.0,39.81,8773.0,931.0,28.06,2.42,6.45,4511.0,733.0,51.42,6.33,9.88,4262.0,755.0,48.58,6.89,10.77,3363.0,659.0,38.33,6.31,11.91,3557.0,659.0,40.54,6.16,11.26,249.0,158.0,2.84,1.78,38.57,178.0,130.0,2.03,1.47,44.4,995.0,419.0,11.34,4.62,25.6,431.0,179.0,4.91,1.97,25.25,28944.0,1747.0,92.56,7.99,3.67,20168.0,1622.0,69.68,3.7,4.89,1658.0,411.0,5.73,1.38,15.07,2252.0,797.0,7.78,2.71,21.51,15307.0,902.0,95.0,8.04,3.58,14759.0,959.0,91.6,2.12,3.95,26411.0,1589.0,84.46,7.28,3.66,18548.0,1491.0,70.23,3.74,4.89,18059.0,1504.0,68.38,3.94,5.06,450.0,166.0,1.7,0.62,22.42,39.0,45.0,0.15,0.17,70.14,7863.0,927.0,29.77,3.02,7.17,,,2.43,0.87,22.42,17953.0,1534.0,57.41,3.39,5.19,792.0,270.0,4.41,1.46,20.72,216.0,127.0,1.2,0.7,35.74,6763.0,1003.0,37.67,4.57,9.02,6113.0,814.0,34.05,3.48,8.09,2865.0,687.0,15.96,3.58,14.58,18059.0,1504.0,57.75,3.23,5.06,0.0,,0.0,,,138.0,179.0,0.76,0.99,78.85,412.0,220.0,2.28,1.2,32.46,200.0,169.0,1.11,0.93,51.37,640.0,195.0,3.54,1.04,18.52,533.0,368.0,2.95,2.02,41.97,1185.0,378.0,6.56,2.02,19.39,3924.0,693.0,21.73,3.38,10.74,3913.0,617.0,21.67,2.9,9.59,5211.0,797.0,28.86,3.7,9.3,758.0,287.0,4.2,1.55,23.02,785.0,328.0,4.35,1.78,25.4,360.0,201.0,1.99,1.1,33.94,503.0,240.0,3.12,1.48,29.01,488.0,311.0,3.03,1.92,38.74,520.0,252.0,3.23,1.55,29.46,428.0,181.0,2.66,1.11,25.71,834.0,319.0,5.18,1.95,23.25,1080.0,331.0,6.7,2.01,18.63,1250.0,280.0,7.76,1.67,13.62,2698.0,578.0,16.75,3.44,13.02,1967.0,426.0,12.21,2.54,13.17,6344.0,716.0,39.37,3.75,6.86,12713.0,998.0,78.9,3.93,4.77,4341.0,642.0,26.94,3.63,8.99,2801.0,548.0,17.38,3.23,11.89,404.0,205.0,2.51,1.26,30.85,135.0,80.0,0.84,0.49,36.02,255.0,125.0,1.58,0.77,29.8,30808.0,1966.0,98.65,1.62,3.88,27604.0,1968.0,88.39,3.16,4.33,7493.0,932.0,23.99,2.59,7.56,423.0,184.0,1.35,0.58,26.44,13613.0,1122.0,43.53,2.38,5.01,17657.0,1361.0,56.47,2.61,4.69,2326.0,580.0,7.44,1.8,15.16,1270.0,429.0,4.06,1.35,20.53,1072.0,257.0,3.43,0.79,14.57,674.0,255.0,2.16,0.8,23.0,1237.0,401.0,3.96,1.26,19.71,6984.0,1316.0,22.33,3.98,11.45,4624.0,723.0,14.79,2.12,9.51,3560.0,603.0,11.38,1.8,10.3,1338.0,332.0,4.28,1.03,15.08,1545.0,362.0,4.94,1.12,14.24,2832.0,586.0,9.06,1.79,12.58,2658.0,540.0,8.5,1.65,12.35,1150.0,409.0,3.68,1.29,21.62,5155.0,750.0,16.49,2.17,8.84,26115.0,1587.0,83.51,7.23,3.69,6640.0,881.0,21.23,2.49,8.07,1085.0,345.0,3.47,1.08,19.33,24949.0,1922.0,79.79,3.68,4.68,647.0,288.0,2.07,0.91,27.06,11.0,17.0,0.04,0.05,93.95,4304.0,861.0,13.76,2.62,12.16,0.0,,0.0,,,274.0,144.0,0.88,0.46,31.95,2574.0,915.0,8.23,2.88,21.61,28696.0,1718.0,91.77,7.89,3.64,23043.0,1703.0,73.69,3.0,4.49,606.0,286.0,1.94,0.91,28.69,0.0,,0.0,,,4304.0,861.0,13.76,2.62,12.16,0.0,,0.0,,,30.0,36.0,0.1,0.11,72.95,713.0,299.0,2.28,0.95,25.49
10069,10069,10069,2651.0,496.0,100,,11.37,927.0,363.0,34.97,12.03,23.8,1297.0,430.0,22.46,4.77,20.15,177.0,191.0,13.65,14.01,65.6,37.0,51.0,2.85,3.82,83.79,479.0,249.0,36.93,14.79,31.6,353.0,356.0,27.22,25.92,61.31,251.0,158.0,19.35,10.36,38.27,4065.0,894.0,70.4,23.68,13.37,0.0,,0.0,,,0.0,,0.0,,,289.0,351.0,7.11,8.49,73.83,3580.0,877.0,88.07,9.5,14.89,4148.0,889.0,71.84,23.9,13.03,80.0,75.0,1.93,1.76,56.99,5774.0,1469.0,100.0,0.0,15.47,87.0,66.0,1.51,1.08,46.12,1626.0,894.0,28.16,13.73,33.42,0.0,,0.0,,,3643.0,884.0,63.09,22.18,14.75,28.0,45.0,0.77,1.22,97.7,505.0,289.0,8.75,4.48,34.79,59.0,67.0,11.68,11.46,69.03,5724.0,1466.0,99.13,2.92,15.57,4441.0,1435.0,77.59,15.29,19.64,1218.0,478.0,21.28,6.33,23.86,65.0,77.0,1.14,1.31,72.01,5774.0,1469.0,100,,15.47,4232.0,1431.0,73.29,16.32,20.56,4203.0,1432.0,72.79,16.5,20.71,29.0,36.0,0.5,0.61,75.46,1542.0,430.0,26.71,3.05,16.95,805.0,358.0,52.2,18.09,27.03,737.0,337.0,47.8,17.32,27.8,225.0,146.0,14.59,8.55,39.45,1027.0,380.0,66.6,16.2,22.49,0.0,,0.0,,,98.0,112.0,6.36,7.04,69.47,170.0,172.0,11.02,10.72,61.51,22.0,34.0,1.43,2.17,93.95,5126.0,1125.0,88.78,29.83,13.34,3612.0,1044.0,70.46,13.25,17.57,578.0,295.0,11.28,5.2,31.03,181.0,175.0,3.53,3.32,58.78,2622.0,502.0,98.91,4.02,11.64,2605.0,501.0,98.26,4.37,11.69,4230.0,904.0,73.26,24.34,12.99,3002.0,866.0,70.97,13.75,17.54,2429.0,504.0,57.42,17.1,12.61,573.0,666.0,13.55,15.48,70.66,0.0,,0.0,,,1228.0,487.0,29.03,9.7,24.11,,,19.09,21.49,70.66,2429.0,504.0,42.07,13.81,12.61,172.0,166.0,7.08,6.67,58.67,120.0,148.0,4.94,6.01,74.97,1248.0,353.0,51.38,9.88,17.19,478.0,266.0,19.68,10.16,33.83,272.0,152.0,11.2,5.81,33.97,2429.0,504.0,42.07,13.81,12.61,0.0,,0.0,,,0.0,,0.0,,,58.0,63.0,2.39,2.55,66.03,0.0,,0.0,,,38.0,62.0,1.56,2.53,99.18,0.0,,0.0,,,279.0,205.0,11.49,8.1,44.67,861.0,348.0,35.45,12.29,24.57,738.0,287.0,30.38,9.99,23.64,438.0,221.0,18.03,8.29,30.67,0.0,,0.0,,,17.0,27.0,0.7,1.1,96.55,0.0,,0.0,,,436.0,378.0,16.45,13.92,52.7,11.0,17.0,0.41,0.64,93.95,82.0,107.0,3.09,3.99,79.32,45.0,65.0,1.7,2.43,87.81,160.0,104.0,6.04,3.76,39.51,119.0,151.0,4.49,5.63,77.14,67.0,66.0,2.53,2.44,59.88,311.0,186.0,11.73,6.66,36.36,182.0,115.0,6.87,4.14,38.41,1238.0,410.0,46.7,12.76,20.13,2073.0,425.0,78.2,6.55,12.46,312.0,193.0,11.77,6.94,37.6,170.0,127.0,6.41,4.64,45.41,60.0,70.0,2.26,2.61,70.92,31.0,53.0,1.17,1.99,103.93,289.0,351.0,10.9,13.08,73.83,5749.0,1475.0,99.57,3.3,15.6,4502.0,1129.0,77.97,27.85,15.24,1499.0,1292.0,25.96,21.38,52.4,25.0,46.0,0.43,0.79,111.85,3264.0,1144.0,56.53,13.63,21.31,2510.0,562.0,43.47,14.73,13.61,648.0,502.0,11.22,8.21,47.09,261.0,127.0,4.52,1.87,29.58,635.0,416.0,11.0,6.64,39.82,82.0,77.0,1.42,1.28,57.08,83.0,69.0,1.44,1.14,50.54,634.0,274.0,10.98,3.84,26.27,1209.0,486.0,20.94,6.52,24.44,804.0,361.0,13.92,5.15,27.3,661.0,561.0,11.45,9.27,51.59,252.0,188.0,4.36,3.06,45.35,231.0,186.0,4.0,3.06,48.95,173.0,163.0,3.0,2.72,57.28,101.0,97.0,1.75,1.62,58.38,1626.0,894.0,28.16,13.73,33.42,4148.0,889.0,71.84,23.9,13.03,505.0,289.0,8.75,4.48,34.79,98.0,75.0,1.7,1.23,46.52,2872.0,755.0,49.74,3.29,15.98,179.0,190.0,3.1,3.19,64.53,0.0,,0.0,,,1866.0,796.0,32.32,11.07,25.93,0.0,,0.0,,,759.0,1190.0,13.15,20.34,95.31,255.0,190.0,4.42,3.09,45.29,5519.0,1463.0,95.58,7.12,16.11,2723.0,740.0,47.16,4.51,16.52,84.0,112.0,1.45,1.9,81.05,0.0,,0.0,,,1866.0,796.0,32.32,11.07,25.93,0.0,,0.0,,,759.0,1190.0,13.15,20.34,95.31,87.0,73.0,1.51,1.2,51.01
10075,10075,"10075, 10162",13435.0,1102.0,100,,4.99,2600.0,545.0,19.35,3.73,12.74,4577.0,1242.0,17.84,4.56,16.5,595.0,307.0,13.0,5.7,31.37,71.0,50.0,1.55,1.01,42.81,1356.0,470.0,29.63,6.39,21.07,997.0,422.0,21.78,7.08,25.73,1558.0,953.0,34.04,18.66,37.18,19689.0,1660.0,76.73,9.52,5.13,94.0,62.0,0.48,0.31,40.1,317.0,264.0,1.61,1.33,50.63,1982.0,799.0,10.07,3.97,24.51,15829.0,1484.0,80.4,3.3,5.7,21360.0,1894.0,83.25,10.58,5.39,528.0,298.0,2.47,1.38,34.31,25115.0,2296.0,97.88,0.77,5.56,1739.0,643.0,6.92,2.48,22.48,4230.0,907.0,16.49,3.2,13.03,73.0,103.0,1.73,2.41,85.77,14949.0,1853.0,58.26,4.9,7.54,634.0,407.0,4.24,2.67,39.02,5936.0,1219.0,23.13,4.26,12.48,1032.0,499.0,17.39,7.61,29.39,25267.0,2316.0,98.47,1.02,5.57,20736.0,2229.0,82.07,4.61,6.53,3813.0,1319.0,15.09,5.03,21.03,718.0,758.0,2.84,2.99,64.18,25659.0,2337.0,100,,5.54,20243.0,2309.0,78.89,5.42,6.93,19648.0,2274.0,76.57,5.47,7.04,595.0,382.0,2.32,1.47,39.03,5416.0,1029.0,21.11,3.52,11.55,2743.0,715.0,50.65,9.04,15.85,2673.0,920.0,49.35,14.16,20.92,1569.0,570.0,28.97,8.97,22.08,1508.0,614.0,27.84,10.03,24.75,558.0,543.0,10.3,9.83,59.16,132.0,131.0,2.44,2.37,60.33,1221.0,669.0,22.54,11.59,33.31,428.0,340.0,7.9,6.1,48.29,23851.0,2195.0,92.95,1.23,5.59,18444.0,2127.0,77.33,5.37,7.01,656.0,292.0,2.75,1.2,27.06,1701.0,799.0,7.13,3.29,28.55,13146.0,1104.0,97.85,1.76,5.11,12853.0,1148.0,95.67,3.38,5.43,21986.0,2004.0,85.69,0.31,5.54,14575.0,1426.0,66.29,2.36,5.95,14151.0,1392.0,64.36,2.38,5.98,355.0,267.0,1.61,1.21,45.72,69.0,116.0,0.31,0.53,102.2,7411.0,1451.0,33.71,5.84,11.9,,,2.44,1.82,45.72,14183.0,1406.0,55.27,2.16,6.03,1303.0,501.0,9.19,3.41,23.37,369.0,306.0,2.6,2.14,50.41,6332.0,1079.0,44.64,6.19,10.36,3384.0,978.0,23.86,6.48,17.57,1909.0,554.0,13.46,3.67,17.64,14151.0,1392.0,55.15,2.05,5.98,0.0,,0.0,,,153.0,168.0,1.08,1.18,66.75,236.0,133.0,1.67,0.93,34.26,245.0,187.0,1.73,1.31,46.4,592.0,316.0,4.18,2.19,32.45,48.0,81.0,0.34,0.57,102.58,719.0,469.0,5.08,3.28,39.65,3811.0,899.0,26.93,5.77,14.34,3264.0,729.0,23.07,4.63,13.58,3266.0,870.0,23.08,5.71,16.19,812.0,371.0,5.74,2.56,27.77,614.0,467.0,4.34,3.27,46.24,391.0,276.0,2.76,1.93,42.91,666.0,482.0,4.96,3.56,44.0,658.0,387.0,4.9,2.85,35.75,719.0,481.0,5.35,3.55,40.67,804.0,538.0,5.98,3.97,40.68,323.0,276.0,2.4,2.04,51.94,1342.0,478.0,9.99,3.46,21.65,1553.0,622.0,11.56,4.53,24.35,1434.0,491.0,10.67,3.55,20.81,1731.0,552.0,12.88,3.97,19.39,4205.0,620.0,31.3,3.83,8.96,10637.0,1026.0,79.17,4.02,5.86,3007.0,685.0,22.38,4.76,13.85,1902.0,504.0,14.16,3.57,16.11,218.0,278.0,1.62,2.06,77.52,83.0,74.0,0.62,0.55,54.2,19.0,35.0,0.14,0.26,111.98,24288.0,2250.0,96.71,1.45,5.63,22041.0,2413.0,87.76,5.29,6.66,5647.0,1147.0,22.48,4.08,12.35,827.0,459.0,3.29,1.8,33.74,10914.0,1431.0,42.53,4.01,7.97,14745.0,1561.0,57.47,3.1,6.44,1808.0,664.0,7.05,2.51,22.33,872.0,340.0,3.4,1.29,23.7,698.0,387.0,2.72,1.49,33.7,1156.0,596.0,4.51,2.29,31.34,1436.0,944.0,5.6,3.64,39.96,4647.0,942.0,18.11,3.28,12.32,2950.0,811.0,11.5,2.98,16.71,3230.0,737.0,12.59,2.63,13.87,1152.0,478.0,4.49,1.82,25.22,1332.0,558.0,5.19,2.12,25.47,3013.0,917.0,11.74,3.41,18.5,2338.0,825.0,9.11,3.11,21.45,1027.0,586.0,4.0,2.25,34.69,4230.0,907.0,16.49,3.2,13.03,21429.0,1915.0,83.51,10.66,5.43,6378.0,1230.0,24.86,4.23,11.72,765.0,483.0,2.98,1.86,38.38,22324.0,2296.0,87.0,4.16,6.25,423.0,401.0,1.65,1.56,57.63,259.0,304.0,1.01,1.18,71.35,1724.0,667.0,6.72,2.53,23.52,61.0,96.0,0.24,0.37,95.67,103.0,99.0,0.4,0.38,58.43,2287.0,1134.0,8.91,4.34,30.14,23372.0,2304.0,91.09,3.44,5.99,20402.0,2251.0,79.51,4.95,6.71,423.0,401.0,1.65,1.56,57.63,94.0,109.0,0.37,0.42,70.49,1724.0,667.0,6.72,2.53,23.52,61.0,96.0,0.24,0.37,95.67,0.0,,0.0,,,668.0,475.0,2.6,1.84,43.23
10128,10128,10128,29351.0,1358.0,100,,2.81,5102.0,620.0,17.38,1.95,7.39,9502.0,1052.0,16.34,1.57,6.73,884.0,395.0,9.3,4.03,27.16,489.0,194.0,5.15,1.96,24.12,2893.0,565.0,30.45,4.9,11.87,2141.0,419.0,22.53,3.64,11.9,3095.0,505.0,32.57,3.9,9.92,46197.0,2556.0,79.45,0.77,3.36,974.0,559.0,2.11,1.2,34.89,944.0,467.0,2.04,1.0,30.07,3518.0,977.0,7.62,2.07,16.88,36256.0,1970.0,78.48,6.09,3.3,50265.0,2751.0,86.44,0.45,3.33,1216.0,286.0,2.42,0.55,14.3,58116.0,3169.0,99.95,0.22,3.31,5755.0,1067.0,9.9,1.75,11.27,7882.0,1026.0,13.56,1.6,7.91,446.0,230.0,5.66,2.82,31.35,38456.0,2566.0,66.14,2.55,4.06,1816.0,654.0,4.72,1.67,21.89,11778.0,1117.0,20.26,1.57,5.77,3493.0,869.0,29.66,6.82,15.12,57710.0,3168.0,99.25,0.67,3.34,47072.0,3015.0,81.57,2.69,3.89,9818.0,1341.0,17.01,2.13,8.3,820.0,410.0,1.42,0.71,30.4,58147.0,3168.0,100,,3.31,44328.0,2778.0,76.23,2.36,3.81,42802.0,2787.0,73.61,2.62,3.96,1526.0,472.0,2.62,0.8,18.8,13819.0,1528.0,23.77,2.29,6.72,7581.0,992.0,54.86,3.84,7.95,6238.0,1157.0,45.14,6.72,11.28,4288.0,724.0,31.03,3.96,10.26,5008.0,904.0,36.24,5.17,10.97,759.0,512.0,5.49,3.65,41.01,368.0,281.0,2.66,2.01,46.42,2818.0,829.0,20.39,5.56,17.88,578.0,259.0,4.18,1.82,27.24,55665.0,2848.0,95.73,7.15,3.11,39544.0,2686.0,71.04,3.17,4.13,3196.0,662.0,5.74,1.15,12.59,5632.0,1145.0,10.12,1.99,12.36,28502.0,1330.0,97.11,0.59,2.84,27302.0,1320.0,93.02,1.31,2.94,51224.0,2750.0,88.09,6.74,3.26,34965.0,2223.0,68.26,2.32,3.86,33229.0,2072.0,64.87,2.06,3.79,1736.0,525.0,3.39,1.01,18.38,0.0,,0.0,,,16259.0,1624.0,31.74,2.67,6.07,,,4.96,1.47,18.38,32690.0,2030.0,56.22,1.68,3.77,2061.0,547.0,6.3,1.63,16.13,677.0,252.0,2.07,0.76,22.63,18252.0,1220.0,55.83,1.38,4.06,3741.0,758.0,11.44,2.21,12.32,5891.0,1064.0,18.02,3.06,10.98,33229.0,2072.0,57.15,1.73,3.79,43.0,51.0,0.13,0.15,72.1,895.0,394.0,2.69,1.17,26.76,892.0,283.0,2.68,0.84,19.29,580.0,298.0,1.75,0.89,31.23,1246.0,329.0,3.75,0.96,16.05,754.0,280.0,2.27,0.83,22.57,2704.0,463.0,8.14,1.3,10.41,5878.0,786.0,17.69,2.09,8.13,7386.0,821.0,22.23,2.05,6.76,8931.0,1067.0,26.88,2.74,7.26,1798.0,375.0,5.41,1.08,12.68,1353.0,411.0,4.07,1.21,18.47,769.0,228.0,2.31,0.67,18.02,1554.0,563.0,5.29,1.9,22.02,798.0,377.0,2.72,1.28,28.72,1227.0,304.0,4.18,1.02,15.06,1544.0,698.0,5.26,2.37,27.48,996.0,291.0,3.39,0.98,17.76,2914.0,598.0,9.93,1.98,12.48,3061.0,582.0,10.43,1.92,11.56,4370.0,693.0,14.89,2.26,9.64,3209.0,424.0,10.93,1.35,8.03,9678.0,920.0,32.97,2.74,5.78,22929.0,1273.0,78.12,2.4,3.38,7850.0,909.0,26.75,2.84,7.04,5231.0,762.0,17.82,2.46,8.86,1056.0,520.0,3.6,1.76,29.93,750.0,427.0,2.56,1.45,34.61,1423.0,553.0,4.85,1.87,23.62,55424.0,2872.0,95.37,7.17,3.15,48316.0,2668.0,83.14,0.72,3.36,14576.0,1704.0,25.08,2.59,7.11,2692.0,1079.0,4.63,1.84,24.37,25332.0,1916.0,43.57,2.29,4.6,32815.0,1925.0,56.43,1.23,3.57,2482.0,715.0,4.27,1.21,17.51,1936.0,366.0,3.33,0.6,11.49,1928.0,383.0,3.32,0.63,12.08,2281.0,419.0,3.92,0.69,11.17,3323.0,698.0,5.71,1.16,12.77,11607.0,1220.0,19.96,1.79,6.39,7541.0,1047.0,12.97,1.66,8.44,7447.0,1159.0,12.81,1.87,9.46,4073.0,1061.0,7.0,1.78,15.84,3721.0,592.0,6.4,0.96,9.67,6559.0,945.0,11.28,1.5,8.76,3928.0,750.0,6.76,1.24,11.61,1321.0,370.0,2.27,0.62,17.03,7882.0,1026.0,13.56,1.6,7.91,50265.0,2751.0,86.44,0.45,3.33,11808.0,1117.0,20.31,1.57,5.75,3814.0,1192.0,6.56,2.02,19.0,42660.0,2664.0,73.37,2.24,3.8,2985.0,1244.0,5.13,2.12,25.33,34.0,33.0,0.06,0.06,59.0,5736.0,900.0,9.86,1.45,9.54,13.0,26.0,0.02,0.04,121.58,2905.0,939.0,5.0,1.59,19.65,7543.0,1441.0,12.97,2.38,11.61,50604.0,2731.0,87.03,6.67,3.28,39664.0,2592.0,68.21,2.46,3.97,2875.0,1271.0,4.94,2.17,26.87,20.0,25.0,0.03,0.04,75.99,5694.0,888.0,9.79,1.43,9.48,13.0,26.0,0.02,0.04,121.58,522.0,289.0,0.9,0.49,33.66,1816.0,620.0,3.12,1.05,20.75
10280,10280,10280,4208.0,633.0,100,,9.14,771.0,251.0,18.32,5.29,19.79,1009.0,360.0,11.76,3.77,21.69,36.0,59.0,3.57,5.71,99.63,59.0,95.0,5.85,9.18,97.88,434.0,188.0,43.01,10.57,26.33,217.0,145.0,21.51,12.15,40.62,263.0,165.0,26.07,13.45,38.14,7220.0,1165.0,84.13,3.42,9.81,71.0,81.0,0.98,1.11,69.35,41.0,46.0,0.57,0.63,68.2,381.0,241.0,5.28,3.23,38.45,6185.0,1108.0,85.66,6.67,10.89,7541.0,1218.0,87.87,3.63,9.82,38.0,47.0,0.5,0.62,75.19,8582.0,1340.0,100.0,0.0,9.49,466.0,201.0,5.43,2.18,26.22,1041.0,336.0,12.13,3.43,19.62,52.0,58.0,5.0,5.33,67.8,6467.0,1267.0,75.36,8.92,11.91,205.0,138.0,3.17,2.04,40.92,1074.0,323.0,12.51,3.22,18.28,209.0,133.0,19.46,10.91,38.68,8376.0,1326.0,97.6,2.55,9.62,7124.0,1204.0,85.05,5.03,10.27,1204.0,693.0,14.37,7.95,34.99,48.0,78.0,0.57,0.93,98.78,8582.0,1340.0,100,,9.49,5985.0,1086.0,69.74,6.45,11.03,5828.0,1110.0,67.91,7.41,11.58,157.0,123.0,1.83,1.4,47.63,2597.0,710.0,30.26,6.79,16.62,1497.0,624.0,57.64,18.14,25.34,1100.0,358.0,42.36,7.48,19.78,813.0,363.0,31.31,11.05,27.14,1459.0,619.0,56.18,18.23,25.79,24.0,39.0,0.92,1.48,98.78,14.0,23.0,0.54,0.87,99.87,287.0,186.0,11.05,6.49,39.4,0.0,,0.0,,,8242.0,1308.0,96.04,2.73,9.65,4975.0,1077.0,60.36,8.89,13.16,412.0,226.0,5.0,2.62,33.35,660.0,282.0,8.01,3.18,25.97,4188.0,638.0,99.52,2.39,9.26,4126.0,638.0,98.05,3.51,9.4,7628.0,1225.0,88.88,3.34,9.76,6257.0,1207.0,82.03,8.77,11.73,6130.0,1200.0,80.36,9.0,11.9,127.0,95.0,1.66,1.22,45.47,0.0,,0.0,,,1371.0,423.0,17.97,4.73,18.76,,,2.03,1.47,45.47,6042.0,1219.0,70.4,9.0,12.26,456.0,231.0,7.55,3.51,30.8,25.0,39.0,0.41,0.64,94.83,2669.0,824.0,44.17,10.32,18.77,1431.0,417.0,23.68,4.98,17.71,1103.0,739.0,18.26,11.66,40.73,6130.0,1200.0,71.43,8.43,11.9,0.0,,0.0,,,183.0,286.0,2.99,4.63,95.01,96.0,111.0,1.57,1.78,70.29,24.0,39.0,0.39,0.63,98.78,376.0,323.0,6.13,5.13,52.22,78.0,74.0,1.27,1.18,57.67,259.0,139.0,4.23,2.11,32.62,1666.0,511.0,27.18,6.42,18.65,1365.0,344.0,22.27,3.53,15.32,1240.0,459.0,20.23,6.35,22.5,505.0,482.0,8.24,7.7,58.02,73.0,71.0,1.19,1.13,59.12,265.0,204.0,4.32,3.22,46.8,36.0,58.0,0.86,1.37,97.94,48.0,79.0,1.14,1.87,100.05,0.0,,0.0,,,21.0,34.0,0.5,0.8,98.42,114.0,97.0,2.71,2.27,51.73,207.0,136.0,4.92,3.15,39.94,520.0,304.0,12.36,6.98,35.54,732.0,272.0,17.4,5.91,22.59,638.0,379.0,15.16,8.71,36.11,1892.0,445.0,44.96,8.13,14.3,3861.0,642.0,91.75,6.5,10.11,789.0,380.0,18.75,8.58,29.28,448.0,159.0,10.65,3.42,21.58,48.0,79.0,1.14,1.87,100.05,0.0,,0.0,,,99.0,110.0,2.35,2.59,67.54,8446.0,1342.0,98.42,2.9,9.66,7745.0,1341.0,90.25,6.75,10.53,1063.0,356.0,12.39,3.67,20.36,136.0,135.0,1.58,1.55,60.34,3895.0,665.0,45.39,3.13,10.38,4687.0,918.0,54.61,6.46,11.91,340.0,157.0,3.96,1.72,28.07,286.0,172.0,3.33,1.94,36.56,218.0,132.0,2.54,1.49,36.81,256.0,155.0,2.98,1.75,36.81,262.0,145.0,3.05,1.62,33.64,1504.0,342.0,17.53,2.9,13.82,1434.0,471.0,16.71,4.83,19.97,2084.0,880.0,24.28,9.53,25.67,408.0,204.0,4.75,2.26,30.4,716.0,362.0,8.34,4.01,30.73,881.0,306.0,10.27,3.19,21.11,81.0,72.0,0.94,0.83,54.04,112.0,143.0,1.31,1.65,77.62,1041.0,336.0,12.13,3.43,19.62,7541.0,1218.0,87.87,3.63,9.82,1074.0,323.0,12.51,3.22,18.28,344.0,241.0,4.01,2.74,42.59,6199.0,1015.0,72.23,3.56,9.95,138.0,182.0,1.61,2.11,80.17,71.0,136.0,0.83,1.58,116.44,1810.0,779.0,21.09,8.46,26.16,0.0,,0.0,,,20.0,31.0,0.23,0.36,94.22,1090.0,431.0,12.7,4.61,24.04,7492.0,1210.0,87.3,3.6,9.82,5373.0,922.0,62.61,4.46,10.43,138.0,182.0,1.61,2.11,80.17,0.0,,0.0,,,1777.0,777.0,20.71,8.46,26.58,0.0,,0.0,,,0.0,,0.0,,,204.0,145.0,2.38,1.65,43.21
10282,10282,10282,2581.0,360.0,100,,8.48,1005.0,179.0,38.94,4.31,10.83,1572.0,492.0,24.49,7.05,19.03,145.0,90.0,9.22,4.94,37.73,114.0,81.0,7.25,4.63,43.19,915.0,427.0,58.21,20.15,28.37,269.0,196.0,17.11,11.26,44.29,129.0,121.0,8.21,7.26,57.02,4405.0,647.0,68.62,5.57,8.93,12.0,19.0,0.27,0.43,96.25,22.0,26.0,0.5,0.59,71.84,243.0,172.0,5.52,3.82,43.03,3549.0,527.0,80.57,1.76,9.03,4526.0,619.0,70.51,4.3,8.31,76.0,72.0,1.68,1.57,57.59,6419.0,786.0,100.0,0.0,7.44,280.0,153.0,4.36,2.32,33.22,1893.0,420.0,29.49,5.46,13.49,0.0,,0.0,,,4145.0,584.0,64.57,4.5,8.56,45.0,58.0,1.09,1.39,78.35,381.0,160.0,5.94,2.38,25.53,235.0,146.0,61.68,28.24,37.77,6287.0,792.0,97.94,2.9,7.66,5066.0,768.0,80.58,6.8,9.22,989.0,542.0,15.73,8.39,33.31,232.0,212.0,3.69,3.34,55.55,6419.0,786.0,100,,7.44,5152.0,789.0,80.26,7.38,9.31,5116.0,784.0,79.7,7.34,9.32,36.0,48.0,0.56,0.74,81.05,1267.0,399.0,19.74,5.73,19.14,608.0,277.0,47.99,15.8,27.7,659.0,316.0,52.01,18.81,29.15,265.0,160.0,20.92,10.77,36.7,462.0,265.0,36.46,17.48,34.87,75.0,81.0,5.92,6.12,65.65,63.0,70.0,4.97,5.3,67.54,204.0,189.0,16.1,14.03,56.32,198.0,162.0,15.63,11.8,49.74,5863.0,779.0,91.34,4.71,8.08,4657.0,762.0,79.43,7.59,9.95,454.0,374.0,7.74,6.3,50.08,35.0,56.0,0.6,0.95,97.26,2528.0,345.0,97.95,19.11,8.3,2515.0,345.0,97.44,19.06,8.34,4666.0,641.0,72.69,4.53,8.35,3714.0,604.0,79.6,6.93,9.89,3648.0,604.0,78.18,7.23,10.07,66.0,81.0,1.41,1.73,74.61,0.0,,0.0,,,952.0,347.0,20.4,6.89,22.16,,,1.78,2.16,74.61,3638.0,607.0,56.68,6.42,10.14,320.0,234.0,8.8,6.26,44.45,43.0,68.0,1.18,1.86,96.13,1356.0,314.0,37.27,5.98,14.08,695.0,213.0,19.1,4.91,18.63,565.0,314.0,15.53,8.23,33.78,3648.0,604.0,56.83,6.33,10.07,29.0,47.0,0.79,1.28,98.52,22.0,32.0,0.6,0.87,88.42,12.0,23.0,0.33,0.63,116.51,51.0,52.0,1.4,1.41,61.98,141.0,101.0,3.87,2.69,43.54,37.0,59.0,1.01,1.61,96.94,345.0,196.0,9.46,5.14,34.54,905.0,267.0,24.81,6.06,17.93,1069.0,347.0,29.3,8.18,19.73,621.0,322.0,17.02,8.36,31.52,232.0,136.0,6.36,3.58,35.64,147.0,146.0,4.03,3.95,60.38,37.0,45.0,1.01,1.22,73.93,44.0,64.0,1.7,2.47,88.42,25.0,28.0,0.97,1.08,68.09,49.0,64.0,1.9,2.47,79.4,0.0,,0.0,,,12.0,21.0,0.46,0.81,106.38,0.0,,0.0,,,46.0,45.0,1.78,1.73,59.47,300.0,157.0,11.62,5.86,31.81,302.0,250.0,11.7,9.55,50.32,1803.0,307.0,69.86,6.82,10.35,2288.0,372.0,88.65,7.41,9.88,306.0,137.0,11.86,5.04,27.22,215.0,130.0,8.33,4.9,36.76,28.0,47.0,1.08,1.81,102.04,35.0,37.0,1.36,1.42,64.26,43.0,63.0,1.67,2.43,89.06,6378.0,783.0,99.36,0.88,7.46,6092.0,764.0,94.91,2.57,7.62,741.0,434.0,11.54,6.61,35.6,41.0,53.0,0.64,0.82,78.58,3353.0,570.0,52.24,6.16,10.33,3066.0,462.0,47.76,4.19,9.16,556.0,169.0,8.66,2.41,18.48,574.0,233.0,8.94,3.46,24.68,535.0,268.0,8.33,4.05,30.45,269.0,196.0,4.19,3.01,44.29,80.0,75.0,1.25,1.16,56.99,523.0,202.0,8.15,2.98,23.48,1714.0,379.0,26.7,4.92,13.44,1288.0,499.0,20.07,7.38,23.55,312.0,177.0,4.86,2.69,34.49,187.0,214.0,2.91,3.31,69.57,157.0,125.0,2.45,1.92,48.4,97.0,90.0,1.51,1.39,56.4,127.0,79.0,1.98,1.21,37.81,1893.0,420.0,29.49,5.46,13.49,4526.0,619.0,70.51,4.3,8.31,381.0,160.0,5.94,2.38,25.53,528.0,403.0,8.23,6.2,46.4,4774.0,800.0,74.37,8.51,10.19,124.0,159.0,1.93,2.47,77.95,0.0,,0.0,,,993.0,423.0,15.47,6.31,25.9,0.0,,0.0,,,0.0,,0.0,,,277.0,254.0,4.32,3.92,55.74,6142.0,846.0,95.68,6.04,8.37,4526.0,751.0,70.51,7.9,10.09,124.0,159.0,1.93,2.47,77.95,0.0,,0.0,,,993.0,423.0,15.47,6.31,25.9,0.0,,0.0,,,0.0,,0.0,,,499.0,402.0,7.77,6.19,48.97
10301,10301,10301,14308.0,579.0,100,,2.46,3987.0,457.0,27.87,2.99,6.97,9061.0,981.0,23.39,2.18,6.58,610.0,242.0,6.73,2.57,24.12,289.0,133.0,3.19,1.43,27.98,3376.0,581.0,37.26,4.98,10.46,1962.0,350.0,21.65,3.07,10.84,2824.0,414.0,31.17,3.08,8.91,27433.0,1378.0,70.82,5.3,3.05,1414.0,347.0,5.15,1.24,14.92,2513.0,612.0,9.16,2.18,14.8,6822.0,730.0,24.87,2.35,6.5,10720.0,900.0,39.08,2.63,5.1,31062.0,1437.0,80.19,5.79,2.81,876.0,228.0,2.82,0.72,15.82,37877.0,2151.0,97.78,1.21,3.45,4020.0,499.0,10.61,1.17,7.55,7620.0,885.0,19.67,2.01,7.06,155.0,112.0,2.03,1.45,43.93,24531.0,1502.0,63.33,1.65,3.72,2112.0,394.0,8.61,1.52,11.34,5726.0,466.0,14.78,0.88,4.95,1753.0,278.0,30.61,4.17,9.64,38280.0,2116.0,98.82,7.74,3.36,35194.0,1961.0,91.94,0.64,3.39,2866.0,536.0,7.49,1.34,11.37,220.0,121.0,0.57,0.31,33.43,38736.0,2147.0,100,,3.37,30167.0,1841.0,77.88,1.99,3.71,28843.0,1726.0,74.46,1.68,3.64,1324.0,344.0,3.42,0.87,15.79,8569.0,921.0,22.12,2.04,6.53,5198.0,688.0,60.66,4.69,8.05,3371.0,510.0,39.34,4.19,9.2,2024.0,389.0,23.62,3.76,11.68,2649.0,547.0,30.91,5.45,12.55,754.0,330.0,8.8,3.73,26.61,43.0,48.0,0.5,0.56,67.86,2945.0,516.0,34.37,4.76,10.65,154.0,228.0,1.8,2.65,90.0,36492.0,1943.0,94.21,7.24,3.24,24750.0,1575.0,67.82,2.36,3.87,4191.0,631.0,11.48,1.62,9.15,5575.0,902.0,15.28,2.33,9.84,13029.0,642.0,91.06,2.56,3.0,11578.0,695.0,80.92,3.59,3.65,32216.0,1596.0,83.17,6.18,3.01,19078.0,1304.0,59.22,2.79,4.16,17901.0,1277.0,55.57,2.85,4.34,1128.0,298.0,3.5,0.91,16.06,49.0,45.0,0.15,0.14,55.83,13138.0,991.0,40.78,2.32,4.59,,,5.91,1.51,16.06,17188.0,1253.0,44.37,2.1,4.43,7137.0,799.0,41.52,3.53,6.81,1151.0,248.0,6.7,1.36,13.1,6122.0,796.0,35.62,3.83,7.9,870.0,211.0,5.06,1.17,14.74,1565.0,311.0,9.11,1.68,12.08,17901.0,1277.0,46.21,2.08,4.34,15.0,16.0,0.08,0.09,64.84,1293.0,308.0,7.22,1.64,14.48,637.0,248.0,3.56,1.36,23.67,305.0,129.0,1.7,0.71,25.71,1525.0,280.0,8.52,1.44,11.16,951.0,295.0,5.31,1.6,18.86,472.0,122.0,2.64,0.66,15.71,1402.0,382.0,7.83,2.06,16.56,2059.0,389.0,11.5,2.01,11.48,5859.0,783.0,32.73,3.7,8.12,1580.0,340.0,8.83,1.79,13.08,802.0,173.0,4.48,0.91,13.11,1001.0,218.0,5.59,1.15,13.24,1261.0,239.0,8.81,1.63,11.52,542.0,176.0,3.79,1.22,19.74,776.0,238.0,5.42,1.65,18.64,1068.0,270.0,7.46,1.86,15.37,1268.0,264.0,8.86,1.81,12.66,1987.0,356.0,13.89,2.42,10.89,1667.0,322.0,11.65,2.2,11.74,2226.0,331.0,15.56,2.23,9.04,1476.0,238.0,10.32,1.61,9.8,2037.0,328.0,14.24,2.22,9.79,10615.0,669.0,74.19,3.58,3.83,4304.0,412.0,30.08,2.61,5.82,3006.0,366.0,21.01,2.41,7.4,942.0,224.0,6.58,1.54,14.46,1069.0,245.0,7.47,1.69,13.93,2335.0,286.0,16.32,1.89,7.45,35656.0,1902.0,94.14,7.33,3.24,24584.0,1753.0,64.9,2.8,4.33,15507.0,1388.0,40.94,2.83,5.44,2221.0,584.0,5.86,1.51,15.98,18528.0,1215.0,47.83,1.68,3.99,20208.0,1230.0,52.17,1.31,3.7,2244.0,428.0,5.79,1.06,11.59,1881.0,435.0,4.86,1.09,14.06,2020.0,361.0,5.21,0.89,10.86,2442.0,422.0,6.3,1.03,10.51,2716.0,428.0,7.01,1.03,9.58,6326.0,768.0,16.33,1.76,7.38,4641.0,599.0,11.98,1.4,7.85,4991.0,607.0,12.88,1.39,7.39,2487.0,328.0,6.42,0.77,8.02,2729.0,431.0,7.05,1.04,9.6,3956.0,414.0,10.21,0.91,6.36,1585.0,231.0,4.09,0.55,8.86,718.0,160.0,1.85,0.4,13.55,7625.0,886.0,19.68,2.01,7.06,31111.0,1446.0,80.32,5.81,2.83,6259.0,484.0,16.16,0.87,4.7,3316.0,830.0,8.56,2.09,15.22,22839.0,1452.0,58.96,1.84,3.86,7772.0,1205.0,20.06,2.91,9.43,136.0,133.0,0.35,0.34,59.45,2899.0,649.0,7.48,1.62,13.61,4.0,7.0,0.01,0.02,106.38,1770.0,565.0,4.57,1.44,19.4,10098.0,1241.0,26.07,2.86,7.47,28638.0,1695.0,73.93,1.53,3.6,17542.0,1236.0,45.29,1.97,4.28,6829.0,1087.0,17.63,2.63,9.68,129.0,133.0,0.33,0.34,62.68,2849.0,638.0,7.35,1.6,13.61,0.0,,0.0,,,10.0,11.0,0.03,0.03,66.87,1279.0,428.0,3.3,1.09,20.34
10302,10302,10302,5597.0,538.0,100,,5.84,2048.0,335.0,36.59,4.84,9.94,4745.0,753.0,26.15,3.25,9.65,314.0,145.0,6.62,2.87,28.07,132.0,74.0,2.78,1.5,34.08,2139.0,451.0,45.08,6.26,12.82,988.0,364.0,20.82,6.92,22.4,1172.0,342.0,24.7,6.05,17.74,11729.0,1061.0,64.64,8.66,5.5,836.0,227.0,7.13,1.82,16.51,1041.0,284.0,8.88,2.28,16.58,4136.0,785.0,35.26,5.88,11.54,3187.0,473.0,27.17,3.2,9.02,13563.0,1273.0,74.75,10.18,5.71,511.0,187.0,3.77,1.33,22.25,18087.0,1790.0,99.69,0.71,6.02,2028.0,482.0,11.21,2.42,14.45,4548.0,795.0,25.07,3.62,10.63,58.0,51.0,1.28,1.1,53.45,11643.0,1162.0,64.17,0.94,6.07,1131.0,362.0,9.71,2.95,19.46,1896.0,377.0,10.45,1.8,12.09,839.0,298.0,44.25,13.02,21.59,17733.0,1741.0,97.73,13.61,5.97,16748.0,1718.0,94.45,2.81,6.24,964.0,461.0,5.44,2.54,29.07,21.0,37.0,0.12,0.21,107.11,18144.0,1791.0,100,,6.0,13679.0,1514.0,75.39,3.77,6.73,13253.0,1514.0,73.04,4.2,6.94,426.0,180.0,2.35,0.96,25.69,4465.0,836.0,24.61,3.92,11.38,1895.0,413.0,42.44,4.73,13.25,2570.0,590.0,57.56,7.65,13.96,360.0,174.0,8.06,3.59,29.38,731.0,202.0,16.37,3.33,16.8,180.0,108.0,4.03,2.3,36.47,0.0,,0.0,,,3194.0,792.0,71.53,11.63,15.07,0.0,,0.0,,,16780.0,1667.0,92.48,1.04,6.04,10455.0,1124.0,62.31,2.56,6.54,2078.0,455.0,12.38,2.42,13.31,4800.0,1100.0,28.61,5.91,13.93,5163.0,514.0,92.25,2.39,6.05,4814.0,516.0,86.01,4.08,6.52,14041.0,1340.0,77.39,10.63,5.8,8152.0,894.0,58.06,3.14,6.67,7597.0,841.0,54.11,3.04,6.73,549.0,221.0,3.91,1.53,24.47,6.0,10.0,0.04,0.07,101.32,5889.0,872.0,41.94,4.75,9.0,,,6.73,2.61,24.47,7522.0,820.0,41.46,1.92,6.63,3876.0,523.0,51.53,4.1,8.2,775.0,273.0,10.3,3.45,21.41,2164.0,484.0,28.77,5.62,13.6,134.0,96.0,1.78,1.26,43.55,469.0,202.0,6.24,2.6,26.18,7597.0,841.0,41.87,2.1,6.73,67.0,81.0,0.88,1.06,73.49,1066.0,328.0,14.03,4.03,18.7,121.0,74.0,1.59,0.96,37.18,46.0,39.0,0.61,0.51,51.54,705.0,224.0,9.28,2.76,19.31,603.0,187.0,7.94,2.3,18.85,138.0,82.0,1.82,1.06,36.12,477.0,142.0,6.28,1.74,18.1,1050.0,323.0,13.82,3.97,18.7,2039.0,378.0,26.84,3.99,11.27,577.0,221.0,7.6,2.78,23.28,234.0,150.0,3.08,1.94,38.97,474.0,158.0,6.24,1.96,20.26,579.0,266.0,10.34,4.65,27.93,172.0,71.0,3.07,1.23,25.09,435.0,163.0,7.77,2.81,22.78,257.0,127.0,4.59,2.23,30.04,490.0,259.0,8.75,4.55,32.13,935.0,247.0,16.71,4.11,16.06,584.0,205.0,10.43,3.52,21.34,1063.0,208.0,18.99,3.24,11.89,558.0,151.0,9.97,2.52,16.45,524.0,208.0,9.36,3.61,24.13,4115.0,361.0,73.52,9.57,5.33,1367.0,259.0,24.42,3.99,11.52,1285.0,267.0,22.96,4.23,12.63,359.0,157.0,6.41,2.74,26.59,465.0,247.0,8.31,4.34,32.29,1097.0,268.0,19.6,4.4,14.85,16286.0,1642.0,90.04,1.73,6.13,10998.0,1467.0,60.81,5.44,8.11,6893.0,986.0,38.11,3.94,8.7,1801.0,431.0,9.96,2.17,14.55,9592.0,961.0,52.87,0.91,6.09,8552.0,1027.0,47.13,3.22,7.3,1364.0,393.0,7.52,2.03,17.52,1170.0,286.0,6.45,1.44,14.86,1295.0,354.0,7.14,1.82,16.62,1180.0,278.0,6.5,1.39,14.32,1406.0,464.0,7.75,2.44,20.06,2512.0,473.0,13.84,2.22,11.45,2612.0,415.0,14.4,1.79,9.66,2305.0,448.0,12.7,2.13,11.82,1254.0,311.0,6.91,1.57,15.08,1150.0,322.0,6.34,1.66,17.02,1137.0,290.0,6.27,1.47,15.5,466.0,158.0,2.57,0.83,20.61,293.0,182.0,1.61,0.99,37.76,4575.0,798.0,25.21,3.63,10.6,13569.0,1273.0,74.79,10.18,5.7,1896.0,377.0,10.45,1.8,12.09,2031.0,782.0,11.19,4.17,23.41,8182.0,1297.0,45.09,5.59,9.64,4449.0,881.0,24.52,4.21,12.04,267.0,294.0,1.47,1.61,66.94,1069.0,265.0,5.89,1.34,15.07,19.0,30.0,0.1,0.17,95.98,2127.0,1035.0,11.72,5.59,29.58,7195.0,1405.0,39.65,6.68,11.87,10949.0,1207.0,60.35,2.96,6.7,5210.0,869.0,28.71,3.86,10.14,4246.0,867.0,23.4,4.18,12.41,0.0,,0.0,,,1051.0,269.0,5.79,1.37,15.56,0.0,,0.0,,,65.0,65.0,0.36,0.36,60.79,377.0,231.0,2.08,1.26,37.25
10303,10303,10303,8387.0,485.0,100,,3.52,3411.0,420.0,40.67,4.42,7.49,7640.0,900.0,27.81,2.68,7.16,359.0,157.0,4.7,1.98,26.59,505.0,163.0,6.61,1.99,19.62,3380.0,500.0,44.24,3.96,8.99,1749.0,342.0,22.89,3.57,11.89,1647.0,341.0,21.56,3.67,12.59,17573.0,1141.0,63.97,5.99,3.95,1557.0,343.0,8.86,1.87,13.39,1669.0,461.0,9.5,2.55,16.79,5550.0,649.0,31.58,3.07,7.11,4555.0,613.0,25.92,3.06,8.18,20125.0,1349.0,73.26,6.97,4.07,578.0,165.0,2.87,0.8,17.35,27431.0,1848.0,99.86,9.53,4.1,2647.0,472.0,9.65,1.59,10.84,7322.0,819.0,26.66,2.38,6.8,269.0,123.0,3.67,1.63,27.8,17191.0,1277.0,62.58,1.94,4.52,1397.0,275.0,8.13,1.48,11.97,2918.0,354.0,10.62,1.07,7.37,981.0,256.0,33.62,7.77,15.86,27190.0,1829.0,98.98,9.43,4.09,25603.0,1770.0,94.16,1.5,4.2,1515.0,505.0,5.57,1.82,20.26,72.0,62.0,0.26,0.23,52.35,27469.0,1855.0,100,,4.11,20018.0,1515.0,72.87,2.49,4.6,19047.0,1464.0,69.34,2.55,4.67,971.0,245.0,3.53,0.86,15.34,7451.0,978.0,27.13,3.05,7.98,4082.0,614.0,54.78,4.02,9.14,3369.0,740.0,45.22,7.96,13.35,459.0,197.0,6.16,2.52,26.09,2241.0,546.0,30.08,6.17,14.81,1194.0,361.0,16.02,4.36,18.38,0.0,,0.0,,,3529.0,773.0,47.36,8.31,13.32,28.0,55.0,0.38,0.74,119.41,25846.0,1710.0,94.09,8.9,4.02,14364.0,1172.0,55.58,2.65,4.96,3777.0,735.0,14.61,2.67,11.83,7427.0,1248.0,28.74,4.44,10.21,7950.0,484.0,94.79,1.8,3.7,6854.0,477.0,81.72,3.16,4.23,21065.0,1412.0,76.69,7.3,4.07,12736.0,918.0,60.46,1.6,4.38,11863.0,839.0,56.32,1.27,4.3,873.0,311.0,4.14,1.45,21.66,0.0,,0.0,,,8329.0,755.0,39.54,2.41,5.51,,,6.85,2.39,21.66,11634.0,843.0,42.35,1.11,4.4,5560.0,571.0,47.79,3.48,6.24,901.0,232.0,7.74,1.91,15.65,4111.0,611.0,35.34,4.59,9.03,394.0,152.0,3.39,1.28,23.45,417.0,164.0,3.58,1.39,23.91,11863.0,839.0,43.19,0.91,4.3,54.0,114.0,0.46,0.96,128.34,749.0,239.0,6.31,1.96,19.4,305.0,133.0,2.57,1.11,26.51,45.0,40.0,0.38,0.34,54.04,1347.0,291.0,11.35,2.32,13.13,1025.0,231.0,8.64,1.85,13.7,109.0,82.0,0.92,0.69,45.73,786.0,241.0,6.63,1.98,18.64,1133.0,241.0,9.55,1.92,12.93,3939.0,490.0,33.2,3.4,7.56,1206.0,333.0,10.17,2.71,16.79,588.0,178.0,4.96,1.46,18.4,577.0,179.0,4.86,1.47,18.86,922.0,210.0,10.99,2.42,13.85,457.0,177.0,5.45,2.09,23.54,437.0,143.0,5.21,1.68,19.89,491.0,161.0,5.85,1.89,19.93,510.0,218.0,6.08,2.58,25.98,1567.0,302.0,18.68,3.43,11.72,813.0,187.0,9.69,2.16,13.98,1503.0,306.0,17.92,3.5,12.38,1092.0,238.0,13.02,2.74,13.25,595.0,188.0,7.09,2.2,19.21,6415.0,375.0,76.49,0.65,3.55,2126.0,294.0,25.35,3.18,8.41,1988.0,262.0,23.7,2.81,8.01,547.0,171.0,6.52,2.0,19.0,878.0,226.0,10.47,2.63,15.65,1786.0,265.0,21.29,2.91,9.02,26008.0,1721.0,94.81,8.95,4.02,16145.0,1418.0,58.86,3.32,5.34,12091.0,1468.0,44.08,4.45,7.38,1423.0,545.0,5.19,1.96,23.28,13568.0,1140.0,49.39,2.47,5.11,13901.0,1058.0,50.61,1.78,4.63,1623.0,349.0,5.91,1.21,13.07,1861.0,342.0,6.77,1.16,11.17,2502.0,420.0,9.11,1.4,10.2,2148.0,377.0,7.82,1.27,10.67,1762.0,302.0,6.41,1.01,10.42,3979.0,577.0,14.49,1.86,8.82,3956.0,504.0,14.4,1.56,7.74,3074.0,454.0,11.19,1.47,8.98,1598.0,356.0,5.82,1.24,13.54,2048.0,352.0,7.46,1.18,10.45,1750.0,310.0,6.37,1.04,10.77,984.0,240.0,3.58,0.84,14.83,184.0,76.0,0.67,0.27,25.11,7344.0,822.0,26.74,2.39,6.8,20125.0,1349.0,73.26,6.97,4.07,2918.0,354.0,10.62,1.07,7.37,2808.0,898.0,10.22,3.2,19.44,10012.0,1163.0,36.45,3.44,7.06,9205.0,1107.0,33.51,3.33,7.31,101.0,69.0,0.37,0.25,41.53,2678.0,629.0,9.75,2.19,14.28,0.0,,0.0,,,2665.0,712.0,9.7,2.51,16.24,10718.0,1391.0,39.02,4.32,7.89,16751.0,1311.0,60.98,2.41,4.76,4335.0,609.0,15.78,1.94,8.54,8543.0,1093.0,31.1,3.38,7.78,25.0,35.0,0.09,0.13,85.11,2678.0,629.0,9.75,2.19,14.28,0.0,,0.0,,,126.0,102.0,0.46,0.37,49.21,1044.0,492.0,3.8,1.77,28.65
10304,10304,10304,15160.0,829.0,100,,3.32,4791.0,624.0,31.6,3.74,7.92,11033.0,1191.0,25.16,2.17,6.56,599.0,192.0,5.43,1.64,19.49,354.0,189.0,3.21,1.68,32.46,4534.0,790.0,41.09,5.62,10.59,2519.0,512.0,22.83,3.93,12.36,3027.0,535.0,27.44,3.84,10.74,30210.0,1840.0,68.9,6.13,3.7,1858.0,423.0,6.15,1.35,13.84,3172.0,750.0,10.5,2.4,14.37,8981.0,898.0,29.73,2.36,6.08,9216.0,1249.0,30.51,3.69,8.24,34401.0,2115.0,78.45,7.02,3.74,746.0,245.0,2.17,0.7,19.96,43014.0,2807.0,98.1,0.64,3.97,4923.0,763.0,11.45,1.61,9.42,9398.0,1084.0,21.43,2.04,7.01,384.0,154.0,4.09,1.57,24.38,27962.0,2051.0,63.77,2.18,4.46,2289.0,468.0,8.19,1.56,12.43,5654.0,657.0,12.89,1.24,7.06,2250.0,456.0,39.79,6.61,12.32,43566.0,2857.0,99.35,0.92,3.99,39932.0,2650.0,91.66,0.93,4.03,3558.0,1164.0,8.17,2.62,19.89,76.0,51.0,0.17,0.12,40.79,43849.0,2847.0,100,,3.95,30793.0,2306.0,70.23,2.62,4.55,29712.0,2314.0,67.76,2.91,4.73,1081.0,325.0,2.47,0.72,18.28,13056.0,1505.0,29.77,2.84,7.01,8846.0,1394.0,67.75,7.28,9.58,4210.0,850.0,32.25,5.35,12.27,2638.0,622.0,20.21,4.16,14.33,4535.0,940.0,34.73,5.98,12.6,2546.0,1051.0,19.5,7.73,25.09,50.0,39.0,0.38,0.3,47.42,3216.0,680.0,24.63,4.37,12.85,71.0,46.0,0.54,0.35,39.39,41494.0,2660.0,94.63,8.63,3.9,24309.0,1871.0,58.58,2.5,4.68,6540.0,811.0,15.76,1.67,7.54,6022.0,1047.0,14.51,2.35,10.57,13919.0,748.0,91.81,7.04,3.27,11792.0,943.0,77.78,4.54,4.86,35422.0,2181.0,80.78,7.23,3.74,20600.0,1768.0,58.16,3.48,5.22,19325.0,1767.0,54.56,3.69,5.56,1255.0,350.0,3.54,0.96,16.95,20.0,32.0,0.06,0.09,97.26,14822.0,1046.0,41.84,1.44,4.29,,,6.09,1.62,16.95,18551.0,1648.0,42.31,2.57,5.4,7917.0,1119.0,42.68,4.69,8.59,1318.0,330.0,7.1,1.66,15.22,7103.0,970.0,38.29,3.97,8.3,609.0,257.0,3.28,1.35,25.65,1194.0,309.0,6.44,1.56,15.73,19325.0,1767.0,44.07,2.84,5.56,61.0,73.0,0.32,0.38,72.75,1236.0,434.0,6.4,2.17,21.35,452.0,214.0,2.34,1.09,28.78,448.0,233.0,2.32,1.19,31.62,1320.0,368.0,6.83,1.8,16.95,1812.0,458.0,9.38,2.21,15.37,444.0,163.0,2.3,0.82,22.32,1575.0,483.0,8.15,2.39,18.64,2586.0,502.0,13.38,2.29,11.8,6268.0,913.0,32.43,3.68,8.85,1624.0,416.0,8.4,2.01,15.57,781.0,301.0,4.04,1.51,23.43,718.0,216.0,3.72,1.06,18.29,1732.0,359.0,11.42,2.28,12.6,712.0,280.0,4.7,1.83,23.91,973.0,237.0,6.42,1.52,14.81,975.0,309.0,6.43,2.01,19.27,1668.0,368.0,11.0,2.35,13.41,2381.0,586.0,15.71,3.77,14.96,1298.0,308.0,8.56,1.98,14.42,2665.0,564.0,17.58,3.59,12.87,1097.0,251.0,7.24,1.61,13.91,1659.0,357.0,10.94,2.28,13.08,11259.0,933.0,74.27,4.62,5.04,4145.0,549.0,27.34,3.3,8.05,2958.0,525.0,19.51,3.29,10.79,1536.0,360.0,10.13,2.31,14.25,1502.0,298.0,9.91,1.89,12.06,3796.0,489.0,25.04,2.92,7.83,40644.0,2733.0,94.49,1.53,4.09,24695.0,2043.0,57.41,2.92,5.03,19706.0,1920.0,45.81,3.31,5.92,2370.0,612.0,5.51,1.38,15.7,20921.0,1451.0,47.71,1.16,4.22,22928.0,1859.0,52.29,2.54,4.93,2355.0,459.0,5.37,0.99,11.85,2628.0,625.0,5.99,1.37,14.46,2928.0,501.0,6.68,1.06,10.4,2913.0,432.0,6.64,0.89,9.02,2815.0,528.0,6.42,1.13,11.4,6305.0,854.0,14.38,1.71,8.23,4906.0,854.0,11.19,1.81,10.58,6715.0,791.0,15.31,1.51,7.16,3527.0,930.0,8.04,2.06,16.03,2682.0,505.0,6.12,1.08,11.45,3319.0,457.0,7.57,0.92,8.37,1890.0,438.0,4.31,0.96,14.09,866.0,251.0,1.97,0.56,17.62,9428.0,1085.0,21.5,2.04,7.0,34421.0,2114.0,78.5,7.02,3.73,6075.0,663.0,13.85,1.22,6.63,1898.0,716.0,4.33,1.61,22.93,21430.0,1933.0,48.87,3.06,5.48,12254.0,1802.0,27.95,3.69,8.94,108.0,111.0,0.25,0.25,62.48,4912.0,856.0,11.2,1.81,10.59,33.0,46.0,0.08,0.1,84.74,3214.0,1120.0,7.33,2.51,21.18,9897.0,1558.0,22.57,3.24,9.57,33952.0,2498.0,77.43,2.68,4.47,17393.0,1807.0,39.67,3.22,6.32,11066.0,1512.0,25.24,3.03,8.31,76.0,101.0,0.17,0.23,80.79,4851.0,835.0,11.06,1.76,10.46,0.0,,0.0,,,56.0,99.0,0.13,0.23,107.47,510.0,268.0,1.16,0.61,31.94
10305,10305,10305,15969.0,734.0,100,,2.79,5021.0,595.0,31.44,3.43,7.2,10519.0,1052.0,23.62,2.07,6.08,703.0,249.0,6.68,2.27,21.53,507.0,166.0,4.82,1.5,19.9,3990.0,518.0,37.93,3.14,7.89,2282.0,486.0,21.69,4.08,12.95,3037.0,486.0,28.87,3.61,9.73,31973.0,1634.0,71.8,1.3,3.11,2824.0,505.0,8.83,1.51,10.87,2270.0,494.0,7.1,1.5,13.23,9372.0,942.0,29.31,2.54,6.11,10160.0,1158.0,31.78,3.24,6.93,35191.0,1829.0,79.03,1.61,3.16,1123.0,302.0,3.19,0.84,16.35,43955.0,2087.0,98.71,6.65,2.89,4781.0,601.0,10.88,1.27,7.64,9123.0,971.0,20.49,1.95,6.47,104.0,59.0,1.14,0.64,34.49,26882.0,1408.0,60.37,1.29,3.18,2178.0,493.0,8.1,1.78,13.76,7950.0,720.0,17.85,1.37,5.51,2499.0,359.0,31.43,3.51,8.73,44086.0,2089.0,99.0,6.66,2.88,40684.0,2287.0,92.28,2.79,3.42,3136.0,873.0,7.11,1.95,16.92,266.0,177.0,0.6,0.4,40.45,44531.0,2129.0,100,,2.91,27441.0,1596.0,61.62,2.04,3.54,26417.0,1507.0,59.32,1.85,3.47,1024.0,309.0,2.3,0.69,18.34,17090.0,1526.0,38.38,2.89,5.43,12184.0,1302.0,71.29,4.19,6.5,4906.0,710.0,28.71,3.27,8.8,6954.0,1033.0,40.69,4.83,9.03,7489.0,842.0,43.82,2.99,6.83,527.0,244.0,3.08,1.4,28.15,0.0,,0.0,,,2090.0,519.0,12.23,2.83,15.1,30.0,38.0,0.18,0.22,77.0,42278.0,2078.0,94.94,1.08,2.99,21183.0,1677.0,50.1,3.11,4.81,9442.0,925.0,22.33,1.89,5.96,3564.0,686.0,8.43,1.57,11.7,14334.0,794.0,89.76,2.77,3.37,13852.0,828.0,86.74,3.31,3.63,36565.0,1849.0,82.11,1.35,3.07,21837.0,1438.0,59.72,2.52,4.0,20232.0,1416.0,55.33,2.68,4.25,1414.0,328.0,3.87,0.88,14.1,191.0,96.0,0.52,0.26,30.55,14728.0,1015.0,40.28,1.89,4.19,,,6.48,1.44,14.1,19823.0,1404.0,44.52,2.33,4.31,9236.0,996.0,46.59,3.79,6.56,2106.0,578.0,10.62,2.82,16.68,6350.0,766.0,32.03,3.13,7.33,1133.0,488.0,5.72,2.43,26.18,721.0,266.0,3.64,1.32,22.43,20232.0,1416.0,45.43,2.32,4.25,12.0,21.0,0.06,0.1,106.38,1294.0,254.0,6.4,1.17,11.93,396.0,176.0,1.96,0.86,27.02,555.0,193.0,2.74,0.93,21.14,1567.0,380.0,7.75,1.8,14.74,1875.0,394.0,9.27,1.84,12.77,525.0,189.0,2.59,0.92,21.88,2209.0,490.0,10.92,2.3,13.48,2569.0,546.0,12.7,2.55,12.92,5916.0,851.0,29.24,3.67,8.74,1476.0,332.0,7.3,1.56,13.67,961.0,388.0,4.75,1.89,24.54,877.0,223.0,4.33,1.06,15.46,777.0,238.0,4.87,1.47,18.62,525.0,194.0,3.29,1.21,22.46,1053.0,290.0,6.59,1.79,16.74,1050.0,314.0,6.58,1.94,18.18,1419.0,260.0,8.89,1.58,11.14,2997.0,598.0,18.77,3.64,12.13,1855.0,404.0,11.62,2.47,13.24,3121.0,527.0,19.54,3.18,10.26,1462.0,312.0,9.16,1.91,12.97,1710.0,321.0,10.71,1.95,11.41,12722.0,789.0,79.67,3.32,3.77,5722.0,614.0,35.83,3.47,6.52,3924.0,594.0,24.57,3.54,9.2,1185.0,336.0,7.42,2.08,17.24,405.0,152.0,2.54,0.94,22.82,2203.0,391.0,13.8,2.36,10.79,42025.0,2010.0,95.61,0.55,2.91,29783.0,1906.0,67.76,2.91,3.89,17070.0,1690.0,38.84,3.37,6.02,1930.0,474.0,4.39,1.06,14.93,22032.0,1189.0,49.48,1.24,3.28,22499.0,1426.0,50.52,2.1,3.85,2253.0,383.0,5.06,0.83,10.33,2771.0,470.0,6.22,1.01,10.31,2439.0,482.0,5.48,1.05,12.01,2606.0,461.0,5.85,1.0,10.75,2489.0,393.0,5.59,0.84,9.6,5434.0,775.0,12.2,1.64,8.67,6303.0,682.0,14.15,1.37,6.58,5828.0,581.0,13.09,1.14,6.06,3092.0,586.0,6.94,1.27,11.52,3329.0,491.0,7.48,1.04,8.97,4919.0,640.0,11.05,1.34,7.91,2104.0,306.0,4.72,0.65,8.84,964.0,387.0,2.16,0.86,24.4,9149.0,970.0,20.55,1.94,6.45,35382.0,1824.0,79.45,1.53,3.13,7987.0,726.0,17.94,1.39,5.53,1628.0,471.0,3.66,1.04,17.59,29984.0,2023.0,67.33,3.21,4.1,2799.0,753.0,6.29,1.66,16.35,81.0,95.0,0.18,0.21,71.3,8661.0,1098.0,19.45,2.28,7.71,22.0,34.0,0.05,0.08,93.95,1356.0,603.0,3.05,1.35,27.03,6527.0,925.0,14.66,1.96,8.62,38004.0,2258.0,85.34,3.01,3.61,25555.0,2091.0,57.39,3.81,4.97,2711.0,739.0,6.09,1.63,16.57,24.0,36.0,0.05,0.08,91.19,8648.0,1099.0,19.42,2.29,7.73,0.0,,0.0,,,112.0,107.0,0.25,0.24,58.08,954.0,443.0,2.14,0.99,28.23
10306,10306,10306,19820.0,752.0,100,,2.31,6078.0,561.0,30.67,2.58,5.61,13206.0,1139.0,23.66,1.69,5.24,831.0,230.0,6.29,1.65,16.83,586.0,210.0,4.44,1.54,21.78,5184.0,759.0,39.25,4.64,8.9,3297.0,598.0,24.97,3.98,11.03,3308.0,481.0,25.05,2.93,8.84,39553.0,1787.0,70.88,4.68,2.75,1849.0,535.0,4.67,1.34,17.59,2149.0,393.0,5.43,0.96,11.12,12993.0,1262.0,32.85,2.82,5.9,13149.0,1057.0,33.24,2.21,4.89,44028.0,2001.0,78.9,5.23,2.76,1695.0,306.0,3.85,0.67,10.97,55379.0,2694.0,99.24,0.64,2.96,6137.0,810.0,11.08,1.36,8.02,11777.0,1033.0,21.1,1.55,5.33,164.0,87.0,1.39,0.73,32.25,33618.0,1889.0,60.24,1.74,3.42,2817.0,548.0,8.38,1.56,11.83,9984.0,724.0,17.89,0.97,4.41,3156.0,446.0,31.61,3.83,8.59,55364.0,2638.0,99.21,6.73,2.9,52229.0,2733.0,94.34,2.04,3.18,2611.0,796.0,4.72,1.42,18.53,524.0,617.0,0.95,1.11,71.58,55805.0,2691.0,100,,2.93,42688.0,2342.0,76.49,2.0,3.34,41985.0,2355.0,75.24,2.16,3.41,703.0,221.0,1.26,0.39,19.11,13117.0,1658.0,23.51,2.75,7.68,8466.0,1037.0,64.54,11.36,7.45,4651.0,1088.0,35.46,6.98,14.22,5708.0,1035.0,43.52,5.66,11.02,4970.0,896.0,37.89,4.87,10.96,691.0,378.0,5.27,2.8,33.25,0.0,,0.0,,,1686.0,599.0,12.85,4.27,21.6,62.0,47.0,0.47,0.35,46.08,53259.0,2581.0,95.44,0.46,2.95,36021.0,2431.0,67.63,3.18,4.1,7705.0,1170.0,14.47,2.08,9.23,3646.0,866.0,6.85,1.59,14.44,18165.0,818.0,91.65,2.22,2.74,17296.0,824.0,87.27,2.51,2.9,45315.0,2067.0,81.2,5.39,2.77,26742.0,1634.0,59.01,2.4,3.71,24991.0,1449.0,55.15,1.97,3.52,1751.0,578.0,3.86,1.26,20.07,0.0,,0.0,,,18573.0,1377.0,40.99,2.4,4.51,,,6.55,2.12,20.07,24530.0,1447.0,43.96,1.49,3.59,13201.0,1180.0,53.82,3.61,5.43,2083.0,412.0,8.49,1.6,12.02,6819.0,788.0,27.8,2.76,7.02,431.0,134.0,1.76,0.54,18.9,1606.0,388.0,6.55,1.53,14.69,24991.0,1449.0,44.78,1.44,3.52,4.0,7.0,0.02,0.03,106.38,1662.0,366.0,6.65,1.41,13.39,556.0,181.0,2.22,0.71,19.79,562.0,208.0,2.25,0.82,22.5,2190.0,419.0,8.76,1.6,11.63,1863.0,427.0,7.45,1.65,13.93,760.0,295.0,3.04,1.17,23.6,2321.0,409.0,9.29,1.55,10.71,3175.0,461.0,12.7,1.69,8.83,7362.0,765.0,29.46,2.54,6.32,1635.0,379.0,6.54,1.47,14.09,1393.0,392.0,5.57,1.53,17.11,1508.0,257.0,6.03,0.97,10.36,641.0,253.0,3.23,1.27,23.99,695.0,216.0,3.51,1.08,18.89,1342.0,315.0,6.77,1.57,14.27,1508.0,309.0,7.61,1.53,12.46,1467.0,341.0,7.4,1.7,14.13,2842.0,583.0,14.34,2.89,12.47,2487.0,428.0,12.55,2.11,10.46,3900.0,478.0,19.68,2.29,7.45,2215.0,335.0,11.18,1.64,9.19,2723.0,416.0,13.74,2.03,9.29,15177.0,714.0,76.57,2.13,2.86,7589.0,599.0,38.29,2.65,4.8,5543.0,611.0,27.97,2.89,6.7,1061.0,290.0,5.35,1.45,16.62,479.0,202.0,2.42,1.02,25.64,2151.0,466.0,10.85,2.31,13.17,53072.0,2578.0,95.83,6.59,2.95,41008.0,2440.0,74.05,2.54,3.62,19240.0,1884.0,34.74,2.95,5.95,2307.0,621.0,4.17,1.1,16.36,27372.0,1641.0,49.05,1.75,3.64,28433.0,1492.0,50.95,1.05,3.19,2546.0,488.0,4.56,0.85,11.65,3011.0,410.0,5.4,0.69,8.28,4018.0,610.0,7.2,1.04,9.23,3552.0,619.0,6.37,1.07,10.59,3125.0,659.0,5.6,1.15,12.82,6921.0,791.0,12.4,1.29,6.95,6467.0,762.0,11.59,1.25,7.16,8094.0,729.0,14.5,1.1,5.48,3926.0,650.0,7.04,1.11,10.06,3776.0,476.0,6.77,0.79,7.66,6194.0,682.0,11.1,1.1,6.69,2735.0,374.0,4.9,0.63,8.31,1440.0,264.0,2.58,0.46,11.14,11777.0,1033.0,21.1,1.55,5.33,44028.0,2001.0,78.9,5.23,2.76,10369.0,722.0,18.58,0.93,4.23,3616.0,900.0,6.48,1.58,15.13,42275.0,2170.0,75.75,1.33,3.12,2465.0,882.0,4.42,1.57,21.75,126.0,146.0,0.23,0.26,70.44,5757.0,1152.0,10.32,2.0,12.16,112.0,175.0,0.2,0.31,94.98,1454.0,548.0,2.61,0.97,22.91,8902.0,1307.0,15.95,2.21,8.93,46903.0,2542.0,84.05,2.08,3.29,37359.0,2137.0,66.95,2.06,3.48,2016.0,867.0,3.61,1.54,26.14,29.0,55.0,0.05,0.1,115.29,5691.0,1157.0,10.2,2.01,12.36,0.0,,0.0,,,212.0,139.0,0.38,0.25,39.86,1596.0,548.0,2.86,0.97,20.87
10307,10307,10307,5146.0,338.0,100,,3.99,1844.0,311.0,35.83,5.57,10.25,3822.0,721.0,25.78,4.14,11.47,175.0,110.0,4.58,2.75,38.21,128.0,76.0,3.35,1.89,36.09,1439.0,424.0,37.65,8.52,17.91,945.0,314.0,24.73,6.76,20.2,1135.0,306.0,29.7,5.72,16.39,10085.0,802.0,68.01,8.64,4.83,260.0,111.0,2.58,1.08,25.95,662.0,244.0,6.56,2.36,22.41,2471.0,430.0,24.5,3.79,10.58,3890.0,596.0,38.57,5.05,9.31,11465.0,1033.0,77.32,10.36,5.48,432.0,181.0,3.77,1.54,25.47,14819.0,1468.0,99.94,14.01,6.02,1004.0,248.0,6.78,1.53,15.02,3363.0,612.0,22.68,3.46,11.06,31.0,29.0,0.92,0.85,56.87,9272.0,1024.0,62.53,3.04,6.71,441.0,148.0,4.76,1.51,20.4,2184.0,328.0,14.73,1.66,9.13,532.0,175.0,24.36,7.13,20.0,14638.0,1459.0,98.72,1.02,6.06,13968.0,1423.0,95.42,2.01,6.19,659.0,306.0,4.5,2.04,28.23,11.0,17.0,0.08,0.12,93.95,14828.0,1470.0,100,,6.03,12832.0,1247.0,86.54,12.01,5.91,12646.0,1245.0,85.28,11.92,5.98,186.0,115.0,1.25,0.77,37.59,1996.0,600.0,13.46,3.82,18.27,1291.0,459.0,64.68,12.28,21.61,705.0,333.0,35.32,12.87,28.71,1028.0,471.0,51.5,17.81,27.85,315.0,161.0,15.78,6.52,31.07,164.0,111.0,8.22,4.98,41.14,0.0,,0.0,,,489.0,332.0,24.5,14.91,41.27,0.0,,0.0,,,13978.0,1416.0,94.27,1.96,6.16,11015.0,1196.0,78.8,3.08,6.6,874.0,326.0,6.25,2.24,22.67,633.0,380.0,4.53,2.68,36.49,4636.0,365.0,90.09,3.91,4.79,4596.0,365.0,89.31,3.99,4.83,12003.0,1085.0,80.95,10.86,5.5,6971.0,834.0,58.08,4.55,7.27,6890.0,838.0,57.4,4.67,7.39,81.0,53.0,0.67,0.44,39.78,0.0,,0.0,,,5032.0,604.0,41.92,3.31,7.3,,,1.16,0.75,39.78,6857.0,833.0,46.24,3.25,7.38,4522.0,659.0,65.95,5.31,8.86,538.0,250.0,7.85,3.52,28.25,1170.0,337.0,17.06,4.46,17.51,215.0,123.0,3.14,1.75,34.78,368.0,298.0,5.37,4.3,49.23,6890.0,838.0,46.47,3.27,7.39,0.0,,0.0,,,879.0,268.0,12.76,3.57,18.53,202.0,127.0,2.93,1.81,38.22,118.0,77.0,1.71,1.1,39.67,472.0,160.0,6.85,2.17,20.61,515.0,185.0,7.47,2.53,21.84,103.0,81.0,1.49,1.16,47.81,570.0,243.0,8.27,3.38,25.92,890.0,318.0,12.92,4.34,21.72,2049.0,432.0,29.74,5.12,12.82,199.0,104.0,2.89,1.47,31.77,161.0,106.0,2.34,1.51,40.02,732.0,209.0,10.62,2.74,17.36,149.0,92.0,2.9,1.78,37.53,121.0,106.0,2.35,2.05,53.25,144.0,70.0,2.8,1.35,29.55,302.0,128.0,5.87,2.46,25.77,342.0,150.0,6.65,2.88,26.66,817.0,266.0,15.88,5.06,19.79,396.0,133.0,7.7,2.53,20.42,1081.0,280.0,21.01,5.26,15.75,627.0,254.0,12.18,4.87,24.63,1167.0,235.0,22.68,4.32,12.24,4074.0,407.0,79.17,5.96,6.07,1659.0,223.0,32.24,3.78,8.17,1523.0,217.0,29.6,3.74,8.66,139.0,87.0,2.7,1.68,38.05,97.0,84.0,1.88,1.63,52.64,200.0,122.0,3.89,2.36,37.08,14159.0,1344.0,95.55,13.11,5.77,11625.0,1169.0,78.45,1.36,6.11,4445.0,837.0,30.0,4.8,11.45,660.0,343.0,4.45,2.27,31.59,7540.0,940.0,50.85,3.84,7.58,7288.0,711.0,49.15,6.84,5.93,850.0,375.0,5.73,2.46,26.82,704.0,234.0,4.75,1.51,20.21,1000.0,383.0,6.74,2.49,23.28,1324.0,328.0,8.93,2.03,15.06,865.0,339.0,5.83,2.21,23.82,1264.0,287.0,8.52,1.74,13.8,2183.0,479.0,14.72,2.88,13.34,2392.0,534.0,16.13,3.23,13.57,1052.0,336.0,7.09,2.15,19.42,1006.0,264.0,6.78,1.65,15.95,1228.0,268.0,8.28,1.61,13.27,788.0,183.0,5.31,1.12,14.12,172.0,144.0,1.16,0.96,50.89,3363.0,612.0,22.68,3.46,11.06,11465.0,1033.0,77.32,10.36,5.48,2188.0,328.0,14.76,1.66,9.11,591.0,391.0,3.99,2.61,40.22,13484.0,1427.0,90.94,3.37,6.43,21.0,20.0,0.14,0.13,57.9,0.0,,0.0,,,481.0,312.0,3.24,2.08,39.43,0.0,,0.0,,,251.0,277.0,1.69,1.86,67.09,1726.0,708.0,11.64,4.63,24.94,13102.0,1384.0,88.36,3.22,6.42,12560.0,1398.0,84.7,4.29,6.77,21.0,20.0,0.14,0.13,57.9,0.0,,0.0,,,473.0,312.0,3.19,2.08,40.1,0.0,,0.0,,,0.0,,0.0,,,48.0,55.0,0.32,0.37,69.66
10308,10308,10308,10488.0,636.0,100,,3.69,3561.0,511.0,33.95,4.42,8.72,6963.0,888.0,22.94,2.37,7.75,418.0,138.0,6.0,1.83,20.07,265.0,148.0,3.81,2.07,33.95,2593.0,617.0,37.24,7.48,14.46,1796.0,350.0,25.79,3.8,11.85,1891.0,419.0,27.16,4.92,13.47,22255.0,1587.0,73.32,7.59,4.33,418.0,144.0,1.88,0.63,20.94,581.0,225.0,2.61,0.99,23.54,6436.0,871.0,28.92,3.33,8.23,9299.0,1060.0,41.78,3.72,6.93,24283.0,1698.0,80.0,8.2,4.25,751.0,155.0,3.09,0.6,12.55,30353.0,2275.0,100.0,0.0,4.56,2787.0,407.0,9.18,1.15,8.88,6070.0,902.0,20.0,2.57,9.03,182.0,98.0,3.0,1.55,32.73,19530.0,1566.0,64.34,1.83,4.87,1621.0,349.0,8.3,1.66,13.09,4753.0,560.0,15.66,1.42,7.16,984.0,208.0,20.7,3.63,12.85,30198.0,2270.0,99.49,0.57,4.57,28433.0,2260.0,94.16,2.43,4.83,1690.0,497.0,5.6,1.59,17.88,75.0,63.0,0.25,0.21,51.06,30353.0,2275.0,100,,4.56,24454.0,1984.0,80.57,2.5,4.93,24171.0,1985.0,79.63,2.67,4.99,283.0,136.0,0.93,0.44,29.21,5899.0,916.0,19.43,2.64,9.44,4532.0,848.0,76.83,8.02,11.37,1367.0,453.0,23.17,6.78,20.14,3748.0,843.0,63.54,10.34,13.67,1055.0,312.0,17.88,4.5,17.98,449.0,224.0,7.61,3.61,30.33,0.0,,0.0,,,602.0,253.0,10.21,3.99,25.55,45.0,47.0,0.76,0.79,63.49,28829.0,2205.0,94.98,1.45,4.65,21709.0,1990.0,75.3,3.8,5.57,2614.0,617.0,9.07,2.02,14.35,1068.0,328.0,3.7,1.1,18.67,9926.0,616.0,94.64,1.25,3.77,9337.0,624.0,89.03,2.5,4.06,25347.0,1799.0,83.51,8.62,4.31,15766.0,1394.0,62.2,3.28,5.37,15035.0,1375.0,59.32,3.42,5.56,731.0,218.0,2.88,0.84,18.13,0.0,,0.0,,,9581.0,891.0,37.8,2.27,5.65,,,4.64,1.32,18.13,14633.0,1338.0,48.21,2.52,5.56,8070.0,956.0,55.15,4.15,7.2,1251.0,357.0,8.55,2.31,17.35,3494.0,589.0,23.88,3.38,10.25,133.0,85.0,0.91,0.57,38.85,1435.0,476.0,9.81,3.13,20.16,15035.0,1375.0,49.53,2.6,5.56,0.0,,0.0,,,1486.0,444.0,9.88,2.81,18.16,397.0,176.0,2.64,1.15,26.95,62.0,46.0,0.41,0.3,45.1,1066.0,313.0,7.09,1.98,17.85,950.0,324.0,6.32,2.08,20.73,442.0,209.0,2.94,1.36,28.74,1426.0,344.0,9.48,2.12,14.66,1929.0,423.0,12.83,2.56,13.33,5037.0,891.0,33.5,5.07,10.75,679.0,229.0,4.52,1.47,20.5,355.0,152.0,2.36,0.99,26.03,1206.0,284.0,8.02,1.74,14.32,372.0,202.0,3.55,1.91,33.01,282.0,129.0,2.69,1.22,27.81,353.0,182.0,3.37,1.72,31.34,415.0,133.0,3.96,1.25,19.48,606.0,230.0,5.78,2.16,23.07,1141.0,308.0,10.88,2.86,16.41,1432.0,283.0,13.65,2.57,12.01,2348.0,357.0,22.39,3.12,9.24,1625.0,352.0,15.49,3.22,13.17,1914.0,437.0,18.25,4.02,13.88,8195.0,656.0,78.14,4.08,4.87,3988.0,470.0,38.02,3.84,7.16,3153.0,409.0,30.06,3.45,7.89,459.0,192.0,4.38,1.81,25.43,151.0,67.0,1.44,0.63,26.97,316.0,96.0,3.01,0.9,18.47,29571.0,2266.0,97.42,1.55,4.66,24878.0,2098.0,81.96,3.17,5.13,8108.0,1056.0,26.71,2.85,7.92,782.0,345.0,2.58,1.12,26.82,14478.0,1153.0,47.7,1.28,4.84,15875.0,1473.0,52.3,2.86,5.64,1524.0,347.0,5.02,1.08,13.84,1320.0,395.0,4.35,1.26,18.19,1904.0,400.0,6.27,1.23,12.77,1884.0,376.0,6.21,1.15,12.13,1466.0,386.0,4.83,1.22,16.01,4488.0,735.0,14.79,2.15,9.96,3398.0,618.0,11.19,1.86,11.06,4796.0,760.0,15.8,2.21,9.63,2307.0,424.0,7.6,1.28,11.17,2513.0,408.0,8.28,1.19,9.87,2907.0,425.0,9.58,1.2,8.89,1384.0,295.0,4.56,0.91,12.96,462.0,179.0,1.52,0.58,23.55,6070.0,902.0,20.0,2.57,9.03,24283.0,1698.0,80.0,8.2,4.25,4753.0,560.0,15.66,1.42,7.16,1164.0,535.0,3.83,1.74,27.94,27124.0,2378.0,89.36,4.06,5.33,430.0,391.0,1.42,1.28,55.28,18.0,27.0,0.06,0.09,91.19,1171.0,454.0,3.86,1.47,23.57,0.0,,0.0,,,446.0,227.0,1.47,0.74,30.94,3458.0,685.0,11.39,2.09,12.04,26895.0,2301.0,88.61,3.66,5.2,24793.0,2337.0,81.68,4.67,5.73,414.0,387.0,1.36,1.27,56.83,0.0,,0.0,,,1171.0,454.0,3.86,1.47,23.57,0.0,,0.0,,,41.0,49.0,0.14,0.16,72.65,476.0,332.0,1.57,1.09,42.4
10309,10309,10309,12114.0,833.0,100,,4.18,4311.0,518.0,35.59,3.51,7.3,8260.0,1090.0,23.05,2.64,8.02,568.0,220.0,6.88,2.5,23.55,114.0,101.0,1.38,1.21,53.86,3665.0,673.0,44.37,5.67,11.16,2017.0,566.0,24.42,6.05,17.06,1896.0,405.0,22.95,3.86,12.99,25121.0,1635.0,70.11,6.48,3.96,845.0,245.0,3.36,0.95,17.63,1383.0,528.0,5.51,2.07,23.21,7279.0,915.0,28.98,3.12,7.64,9415.0,1131.0,37.48,3.78,7.3,27818.0,1749.0,77.63,7.05,3.82,1028.0,239.0,3.7,0.83,14.13,35815.0,2350.0,99.95,0.06,3.99,4372.0,678.0,12.21,1.72,9.43,8014.0,1031.0,22.37,2.47,7.82,100.0,63.0,1.25,0.77,38.3,22180.0,1665.0,61.9,2.26,4.56,2449.0,624.0,11.04,2.69,15.49,5621.0,616.0,15.69,1.38,6.66,1823.0,330.0,32.43,4.67,11.0,35510.0,2360.0,99.1,1.05,4.04,34000.0,2449.0,95.75,2.66,4.38,1400.0,479.0,3.94,1.32,20.8,110.0,75.0,0.31,0.21,41.45,35832.0,2351.0,100,,3.99,30223.0,2362.0,84.35,3.58,4.75,29857.0,2347.0,83.32,3.61,4.78,366.0,193.0,1.02,0.53,32.06,5609.0,916.0,15.65,2.34,9.93,4338.0,738.0,77.34,3.69,10.34,1271.0,504.0,22.66,8.19,24.11,3472.0,676.0,61.9,6.56,11.84,1368.0,549.0,24.39,8.94,24.4,378.0,313.0,6.74,5.47,50.34,0.0,,0.0,,,387.0,207.0,6.9,3.51,32.52,4.0,8.0,0.07,0.14,121.58,33787.0,2193.0,94.29,8.7,3.95,26504.0,2046.0,78.44,3.28,4.69,2702.0,627.0,8.0,1.78,14.11,1204.0,635.0,3.56,1.87,32.06,11438.0,832.0,94.42,2.24,4.42,10790.0,821.0,89.07,2.9,4.63,28746.0,1795.0,80.22,7.27,3.8,17919.0,1430.0,62.34,3.1,4.85,17160.0,1365.0,59.7,2.94,4.84,759.0,247.0,2.64,0.84,19.78,0.0,,0.0,,,10827.0,1141.0,37.66,3.2,6.41,,,4.24,1.34,19.78,16812.0,1345.0,46.92,2.15,4.86,10488.0,1037.0,62.38,3.62,6.01,1161.0,363.0,6.91,2.09,19.01,3482.0,734.0,20.71,4.04,12.81,220.0,103.0,1.31,0.6,28.46,1350.0,394.0,8.03,2.25,17.74,17160.0,1365.0,47.89,2.15,4.84,0.0,,0.0,,,1649.0,467.0,9.61,2.61,17.22,341.0,163.0,1.99,0.94,29.06,283.0,129.0,1.65,0.74,27.71,1770.0,402.0,10.31,2.19,13.81,1463.0,474.0,8.53,2.68,19.7,440.0,204.0,2.56,1.17,28.18,1614.0,326.0,9.41,1.75,12.28,1624.0,425.0,9.46,2.36,15.91,5130.0,697.0,29.9,3.29,8.26,1123.0,344.0,6.54,1.94,18.62,325.0,148.0,1.89,0.85,27.68,1398.0,407.0,8.15,2.28,17.7,617.0,279.0,5.09,2.28,27.49,748.0,459.0,6.17,3.77,37.3,510.0,190.0,4.21,1.54,22.65,399.0,146.0,3.29,1.18,22.24,807.0,266.0,6.66,2.15,20.04,1610.0,525.0,13.29,4.24,19.82,1039.0,295.0,8.58,2.36,17.26,2127.0,408.0,17.56,3.14,11.66,1814.0,362.0,14.97,2.81,12.13,2443.0,360.0,20.17,2.63,8.96,9741.0,860.0,80.41,4.45,5.37,4831.0,545.0,39.88,3.57,6.86,3341.0,557.0,27.58,4.19,10.13,848.0,351.0,7.0,2.86,25.16,273.0,143.0,2.25,1.17,31.84,960.0,432.0,7.92,3.52,27.36,35165.0,2285.0,98.19,9.07,3.95,29468.0,2296.0,82.28,3.46,4.74,9807.0,1291.0,27.38,3.12,8.0,650.0,309.0,1.81,0.85,28.9,18061.0,1261.0,50.4,1.2,4.24,17771.0,1545.0,49.6,2.83,5.29,2045.0,464.0,5.71,1.24,13.79,2029.0,456.0,5.66,1.22,13.66,2626.0,604.0,7.33,1.62,13.98,2028.0,455.0,5.66,1.21,13.64,1983.0,361.0,5.53,0.94,11.07,4455.0,771.0,12.43,1.99,10.52,4723.0,737.0,13.18,1.87,9.49,4680.0,666.0,13.06,1.65,8.65,2683.0,547.0,7.49,1.45,12.39,2942.0,758.0,8.21,2.05,15.66,3550.0,523.0,9.91,1.31,8.96,1592.0,327.0,4.44,0.86,12.49,496.0,183.0,1.38,0.5,22.43,8014.0,1031.0,22.37,2.47,7.82,27818.0,1749.0,77.63,7.05,3.82,5638.0,618.0,15.73,1.38,6.66,930.0,424.0,2.6,1.17,27.72,32925.0,2282.0,91.89,2.05,4.21,225.0,227.0,0.63,0.63,61.33,157.0,171.0,0.44,0.48,66.21,1088.0,498.0,3.04,1.38,27.82,0.0,,0.0,,,507.0,323.0,1.41,0.9,38.73,2813.0,787.0,7.85,2.14,17.01,33019.0,2107.0,92.15,8.43,3.88,30927.0,1976.0,86.31,7.9,3.88,139.0,129.0,0.39,0.36,56.42,147.0,171.0,0.41,0.48,70.72,1088.0,498.0,3.04,1.38,27.82,0.0,,0.0,,,96.0,102.0,0.27,0.28,64.59,622.0,376.0,1.74,1.04,36.75
10310,10310,10310,9070.0,542.0,100,,3.63,3505.0,453.0,38.64,4.43,7.86,6200.0,694.0,23.87,2.15,6.8,392.0,124.0,6.32,1.87,19.23,228.0,134.0,3.68,2.12,35.73,2631.0,507.0,42.44,6.66,11.71,1516.0,251.0,24.45,2.98,10.06,1433.0,289.0,23.11,3.88,12.26,17554.0,1135.0,67.58,6.25,3.93,999.0,269.0,5.69,1.49,16.37,1213.0,255.0,6.91,1.38,12.78,5327.0,690.0,30.35,3.41,7.87,5648.0,556.0,32.18,2.39,5.98,19580.0,1287.0,75.38,7.03,4.0,631.0,188.0,3.22,0.94,18.11,25924.0,1721.0,99.8,0.48,4.04,2214.0,335.0,8.54,1.16,9.2,6374.0,799.0,24.54,2.61,7.62,214.0,149.0,3.36,2.3,42.33,16030.0,1168.0,61.71,1.88,4.43,1040.0,235.0,6.49,1.39,13.74,3520.0,428.0,13.55,1.38,7.39,960.0,216.0,27.27,5.16,13.68,25592.0,1709.0,98.52,0.85,4.06,24176.0,1654.0,94.47,1.41,4.16,1362.0,481.0,5.32,1.85,21.47,54.0,64.0,0.21,0.25,72.05,25976.0,1720.0,100,,4.03,19474.0,1650.0,74.97,3.96,5.15,18787.0,1589.0,72.32,3.81,5.14,687.0,250.0,2.64,0.95,22.12,6502.0,1002.0,25.03,3.48,9.37,3663.0,766.0,56.34,7.96,12.71,2839.0,637.0,43.66,7.12,13.64,1200.0,634.0,18.46,9.33,32.12,1145.0,396.0,17.61,5.45,21.02,1039.0,384.0,15.98,5.37,22.47,8.0,18.0,0.12,0.28,136.78,3097.0,633.0,47.63,6.4,12.43,13.0,20.0,0.2,0.31,93.52,23987.0,1570.0,92.34,8.6,3.98,16389.0,1338.0,68.32,3.33,4.96,3038.0,565.0,12.67,2.2,11.31,4075.0,751.0,16.99,2.93,11.2,8130.0,557.0,89.64,3.0,4.16,7422.0,548.0,81.83,3.55,4.49,20442.0,1353.0,78.7,7.37,4.02,12651.0,1075.0,61.89,3.3,5.17,12145.0,1040.0,59.41,3.23,5.21,499.0,190.0,2.44,0.92,23.15,7.0,11.0,0.03,0.05,95.53,7791.0,666.0,38.11,2.06,5.2,,,3.94,1.46,23.15,11854.0,1059.0,45.63,2.74,5.43,6388.0,796.0,53.89,4.68,7.57,896.0,331.0,7.56,2.71,22.46,2753.0,399.0,23.22,2.65,8.81,804.0,224.0,6.78,1.79,16.94,789.0,187.0,6.66,1.46,14.41,12145.0,1040.0,46.75,2.54,5.21,0.0,,0.0,,,1039.0,417.0,8.55,3.35,24.4,278.0,121.0,2.29,0.98,26.46,146.0,75.0,1.2,0.61,31.23,1148.0,496.0,9.45,4.0,26.26,791.0,194.0,6.51,1.5,14.91,191.0,81.0,1.57,0.65,25.78,635.0,154.0,5.23,1.19,14.74,993.0,223.0,8.18,1.7,13.65,4467.0,615.0,36.78,3.97,8.37,800.0,244.0,6.59,1.93,18.54,883.0,359.0,7.27,2.89,24.72,774.0,208.0,6.37,1.62,16.34,751.0,191.0,8.28,2.05,15.46,270.0,109.0,2.98,1.19,24.54,463.0,157.0,5.1,1.7,20.61,384.0,144.0,4.23,1.57,22.8,849.0,307.0,9.36,3.34,21.98,1165.0,186.0,12.84,1.9,9.71,832.0,176.0,9.17,1.86,12.86,1852.0,290.0,20.42,2.96,9.52,1471.0,393.0,16.22,4.22,16.24,1033.0,212.0,11.39,2.24,12.48,7040.0,544.0,77.62,3.8,4.7,2791.0,450.0,30.77,4.61,9.8,2229.0,337.0,24.58,3.41,9.19,503.0,130.0,5.55,1.39,15.71,466.0,129.0,5.14,1.39,16.83,1480.0,322.0,16.32,3.41,13.23,24560.0,1665.0,94.74,1.3,4.12,17380.0,1458.0,67.04,3.44,5.1,9538.0,1119.0,36.79,3.56,7.13,1364.0,365.0,5.26,1.36,16.27,12408.0,1067.0,47.77,2.62,5.23,13568.0,1012.0,52.23,1.79,4.53,1989.0,385.0,7.66,1.39,11.77,1550.0,333.0,5.97,1.22,13.06,1585.0,362.0,6.1,1.33,13.88,1751.0,296.0,6.74,1.05,10.28,1547.0,344.0,5.96,1.26,13.52,3665.0,508.0,14.11,1.72,8.43,3229.0,532.0,12.43,1.88,10.02,3262.0,434.0,12.56,1.45,8.09,2168.0,464.0,8.35,1.7,13.01,1691.0,329.0,6.51,1.19,11.83,2209.0,313.0,8.5,1.07,8.61,952.0,191.0,3.66,0.69,12.2,378.0,154.0,1.46,0.58,24.77,6389.0,795.0,24.6,2.59,7.56,19587.0,1289.0,75.4,7.04,4.0,3539.0,428.0,13.62,1.38,7.35,2093.0,551.0,8.06,2.05,16.0,14269.0,1423.0,54.93,4.1,6.06,5892.0,899.0,22.68,3.12,9.28,122.0,114.0,0.47,0.44,56.8,1410.0,532.0,5.43,2.02,22.94,0.0,,0.0,,,2190.0,668.0,8.43,2.51,18.54,7571.0,1268.0,29.15,4.48,10.18,18405.0,1630.0,70.85,4.17,5.38,11328.0,1348.0,43.61,4.31,7.23,4871.0,569.0,18.75,1.8,7.1,21.0,34.0,0.08,0.13,98.42,1410.0,532.0,5.43,2.02,22.94,0.0,,0.0,,,52.0,45.0,0.2,0.17,52.61,723.0,284.0,2.78,1.08,23.88
10312,10312,10312,21708.0,850.0,100,,2.38,7336.0,601.0,33.79,2.43,4.98,16256.0,1438.0,25.43,1.93,5.38,1149.0,274.0,7.07,1.57,14.5,1027.0,383.0,6.32,2.29,22.67,6518.0,1000.0,40.1,5.03,9.33,3222.0,552.0,19.82,2.91,10.41,4340.0,773.0,26.7,4.13,10.83,44243.0,1693.0,69.2,4.1,2.33,970.0,267.0,2.19,0.6,16.73,2020.0,402.0,4.57,0.89,12.1,13423.0,1088.0,30.34,2.17,4.93,16471.0,1129.0,37.23,2.12,4.17,49280.0,2016.0,77.08,4.7,2.49,1800.0,262.0,3.65,0.51,8.85,63915.0,2890.0,99.97,0.23,2.75,5178.0,521.0,8.1,0.73,6.12,14635.0,1418.0,22.89,1.96,5.89,200.0,126.0,1.37,0.85,38.3,38172.0,2000.0,59.7,1.59,3.19,2484.0,367.0,6.51,0.9,8.98,11108.0,771.0,17.37,0.92,4.22,2494.0,345.0,22.45,2.69,8.41,63288.0,2866.0,98.99,0.34,2.75,59871.0,2868.0,94.6,1.48,2.91,3372.0,878.0,5.33,1.37,15.83,45.0,54.0,0.07,0.09,72.95,63935.0,2887.0,100,,2.74,54028.0,2818.0,84.5,2.21,3.17,53152.0,2757.0,83.13,2.12,3.15,876.0,261.0,1.37,0.4,18.11,9907.0,1110.0,15.5,1.59,6.81,8006.0,1009.0,80.81,4.66,7.66,1901.0,460.0,19.19,4.12,14.71,4668.0,682.0,47.12,4.42,8.88,3496.0,633.0,35.29,5.02,11.01,744.0,321.0,7.51,3.13,26.23,0.0,,0.0,,,990.0,338.0,9.99,3.22,20.75,9.0,14.0,0.09,0.14,94.56,59914.0,2797.0,93.71,1.11,2.84,46869.0,2791.0,78.23,2.89,3.62,4695.0,746.0,7.84,1.19,9.66,2200.0,542.0,3.67,0.89,14.98,20753.0,884.0,95.6,1.6,2.59,19163.0,811.0,88.28,1.42,2.57,50855.0,2045.0,79.54,4.81,2.44,30694.0,1727.0,60.36,2.38,3.42,29216.0,1638.0,57.45,2.24,3.41,1458.0,409.0,2.87,0.8,17.05,20.0,27.0,0.04,0.05,82.07,20161.0,1375.0,39.64,2.18,4.15,,,4.75,1.31,17.05,28786.0,1637.0,45.02,1.56,3.46,19445.0,1522.0,67.55,3.63,4.76,2159.0,549.0,7.5,1.86,15.46,4900.0,527.0,17.02,1.55,6.54,294.0,125.0,1.02,0.43,25.85,1766.0,332.0,6.13,1.1,11.43,29216.0,1638.0,45.7,1.52,3.41,20.0,25.0,0.07,0.09,75.99,1811.0,442.0,6.2,1.47,14.84,678.0,260.0,2.32,0.88,23.31,690.0,264.0,2.36,0.89,23.26,2976.0,541.0,10.19,1.76,11.05,2102.0,492.0,7.19,1.63,14.23,731.0,190.0,2.5,0.64,15.8,3113.0,438.0,10.66,1.38,8.55,2939.0,361.0,10.06,1.1,7.47,9173.0,739.0,31.4,1.82,4.9,1564.0,347.0,5.35,1.15,13.49,878.0,222.0,3.01,0.74,15.37,2541.0,470.0,8.7,1.53,11.24,682.0,256.0,3.14,1.17,22.82,464.0,194.0,2.14,0.89,25.42,916.0,242.0,4.22,1.1,16.06,1228.0,295.0,5.66,1.34,14.6,1815.0,363.0,8.36,1.64,12.16,2764.0,501.0,12.73,2.25,11.02,2895.0,522.0,13.34,2.35,10.96,4208.0,459.0,19.38,1.97,6.63,3204.0,485.0,14.76,2.16,9.2,3532.0,399.0,16.27,1.72,6.87,16714.0,861.0,76.99,2.58,3.13,8439.0,687.0,38.88,2.77,4.95,6051.0,626.0,27.87,2.67,6.29,640.0,189.0,2.95,0.86,17.95,333.0,142.0,1.53,0.65,25.92,726.0,219.0,3.34,1.0,18.34,62608.0,2838.0,97.96,0.31,2.76,51641.0,2760.0,80.8,2.3,3.25,17301.0,1136.0,27.07,1.29,3.99,1307.0,410.0,2.04,0.63,19.07,31266.0,1690.0,48.9,1.45,3.29,32669.0,1515.0,51.1,0.54,2.82,4021.0,570.0,6.29,0.85,8.62,4490.0,930.0,7.02,1.42,12.59,3653.0,514.0,5.71,0.76,8.55,3551.0,578.0,5.55,0.87,9.89,3977.0,697.0,6.22,1.05,10.65,7738.0,756.0,12.1,1.05,5.94,8235.0,807.0,12.88,1.12,5.96,8557.0,833.0,13.38,1.15,5.92,4146.0,524.0,6.48,0.77,7.68,4459.0,609.0,6.97,0.9,8.3,7141.0,628.0,11.17,0.84,5.35,2894.0,507.0,4.53,0.77,10.65,1073.0,277.0,1.68,0.43,15.69,14635.0,1418.0,22.89,1.96,5.89,49300.0,2013.0,77.11,4.69,2.48,11108.0,771.0,17.37,0.92,4.22,2771.0,1225.0,4.33,1.91,26.87,54984.0,2649.0,86.0,1.44,2.93,524.0,331.0,0.82,0.52,38.4,54.0,56.0,0.08,0.09,63.04,4500.0,845.0,7.04,1.28,11.42,0.0,,0.0,,,1102.0,429.0,1.72,0.67,23.67,7854.0,1427.0,12.28,2.16,11.05,56081.0,2507.0,87.72,5.57,2.72,50218.0,2515.0,78.55,1.7,3.04,493.0,319.0,0.77,0.5,39.33,54.0,56.0,0.08,0.09,63.04,4500.0,845.0,7.04,1.28,11.42,0.0,,0.0,,,170.0,127.0,0.27,0.2,45.41,646.0,369.0,1.01,0.58,34.72
10314,10314,"10311, 10314",31761.0,731.0,100,,1.4,10432.0,689.0,32.85,2.03,4.02,23083.0,1309.0,24.63,1.2,3.45,1701.0,375.0,7.37,1.57,13.4,758.0,173.0,3.28,0.73,13.87,9167.0,731.0,39.71,2.23,4.85,4851.0,599.0,21.02,2.31,7.51,6606.0,748.0,28.62,2.8,6.88,66660.0,1786.0,71.11,2.81,1.63,3601.0,507.0,5.4,0.75,8.56,3154.0,425.0,4.73,0.62,8.19,20115.0,1250.0,30.18,1.69,3.78,24464.0,1217.0,36.7,1.54,3.02,73761.0,2150.0,78.69,0.07,1.77,2337.0,370.0,3.17,0.49,9.62,92791.0,2731.0,98.99,0.41,1.79,8759.0,780.0,9.44,0.79,5.41,19928.0,1229.0,21.26,1.16,3.75,514.0,188.0,2.58,0.93,22.23,56021.0,2015.0,59.76,1.26,2.19,3883.0,497.0,6.93,0.85,7.78,16842.0,883.0,17.97,0.78,3.19,4362.0,597.0,25.9,3.27,8.32,92922.0,2710.0,99.13,0.13,1.77,86014.0,2661.0,92.57,0.96,1.88,6554.0,1194.0,7.05,1.27,11.07,354.0,260.0,0.38,0.28,44.65,93736.0,2731.0,100,,1.77,67858.0,2897.0,72.39,2.26,2.6,65649.0,2795.0,70.04,2.17,2.59,2209.0,524.0,2.36,0.55,14.42,25878.0,1920.0,27.61,1.88,4.51,18469.0,1392.0,71.37,0.95,4.58,7409.0,1036.0,28.63,3.39,8.5,5777.0,846.0,22.32,2.82,8.9,13590.0,1157.0,52.52,2.19,5.18,2031.0,473.0,7.85,1.73,14.16,7.0,17.0,0.03,0.07,147.63,4170.0,955.0,16.11,3.49,13.92,303.0,142.0,1.17,0.54,28.49,88873.0,2616.0,94.81,0.4,1.79,54366.0,2345.0,61.17,1.93,2.62,12126.0,1167.0,13.64,1.25,5.85,7968.0,1051.0,8.97,1.15,8.02,29953.0,759.0,94.31,1.0,1.54,28224.0,803.0,88.86,1.49,1.73,76097.0,2228.0,81.18,0.23,1.78,44586.0,1786.0,58.59,1.6,2.44,42117.0,1688.0,55.35,1.51,2.44,2459.0,416.0,3.23,0.54,10.28,10.0,21.0,0.01,0.03,127.66,31511.0,1540.0,41.41,1.62,2.97,,,5.52,0.91,10.28,41391.0,1709.0,44.16,1.29,2.51,24136.0,1167.0,58.31,1.47,2.94,4027.0,616.0,9.73,1.43,9.3,9041.0,764.0,21.84,1.61,5.14,786.0,191.0,1.9,0.45,14.77,3030.0,560.0,7.32,1.32,11.24,42117.0,1688.0,44.93,1.24,2.44,57.0,61.0,0.14,0.14,65.06,2422.0,429.0,5.75,0.99,10.77,746.0,231.0,1.77,0.54,18.82,789.0,238.0,1.87,0.56,18.34,4047.0,513.0,9.61,1.16,7.71,3245.0,485.0,7.7,1.11,9.09,970.0,253.0,2.3,0.59,15.86,3654.0,584.0,8.68,1.34,9.72,5036.0,689.0,11.96,1.56,8.32,13830.0,981.0,32.84,1.92,4.31,2988.0,499.0,7.09,1.15,10.15,1663.0,415.0,3.95,0.97,15.17,2670.0,434.0,6.34,1.0,9.88,1194.0,316.0,3.76,0.99,16.09,899.0,289.0,2.83,0.91,19.54,1610.0,281.0,5.07,0.88,10.61,2098.0,415.0,6.61,1.3,12.02,3087.0,443.0,9.72,1.38,8.72,4092.0,507.0,12.88,1.57,7.53,3767.0,438.0,11.86,1.35,7.07,6039.0,552.0,19.01,1.68,5.56,3860.0,510.0,12.15,1.58,8.03,5115.0,539.0,16.1,1.66,6.41,24301.0,730.0,76.51,1.48,1.83,12093.0,696.0,38.07,2.01,3.5,8220.0,586.0,25.88,1.75,4.33,1682.0,321.0,5.3,1.0,11.6,1038.0,220.0,3.27,0.69,12.88,2217.0,298.0,6.98,0.92,8.17,89411.0,2781.0,96.36,0.97,1.89,66901.0,2604.0,72.1,1.84,2.37,33767.0,2243.0,36.39,2.17,4.04,3380.0,660.0,3.64,0.7,11.87,44989.0,1677.0,48.0,1.12,2.27,48747.0,1584.0,52.0,0.75,1.98,4863.0,532.0,5.19,0.55,6.65,5591.0,655.0,5.96,0.68,7.12,6127.0,696.0,6.54,0.72,6.91,5378.0,657.0,5.74,0.68,7.43,5117.0,724.0,5.46,0.76,8.6,12592.0,980.0,13.43,0.97,4.73,11319.0,761.0,12.08,0.73,4.09,12713.0,897.0,13.56,0.87,4.29,6024.0,733.0,6.43,0.76,7.4,6423.0,658.0,6.85,0.67,6.23,10045.0,724.0,10.72,0.71,4.38,5063.0,473.0,5.4,0.48,5.68,2481.0,431.0,2.65,0.45,10.56,19965.0,1231.0,21.3,1.16,3.75,73771.0,2152.0,78.7,0.11,1.77,17589.0,863.0,18.76,0.74,2.98,5537.0,1088.0,5.91,1.15,11.95,64563.0,2814.0,68.88,2.23,2.65,3716.0,872.0,3.96,0.92,14.27,272.0,171.0,0.29,0.18,38.22,16710.0,1309.0,17.83,1.3,4.76,0.0,,0.0,,,2938.0,686.0,3.13,0.73,14.19,14198.0,1247.0,15.15,1.26,5.34,79538.0,2856.0,84.85,1.78,2.18,56918.0,2599.0,60.72,2.13,2.78,3500.0,873.0,3.73,0.92,15.16,167.0,111.0,0.18,0.12,40.41,16691.0,1310.0,17.81,1.3,4.77,0.0,,0.0,,,112.0,80.0,0.12,0.09,43.42,2150.0,521.0,2.29,0.55,14.73
10451,10451,10451,20434.0,883.0,100,,2.63,6476.0,667.0,31.69,2.96,6.26,14413.0,1465.0,28.76,2.5,6.18,1103.0,483.0,7.65,3.26,26.62,700.0,262.0,4.86,1.75,22.75,5526.0,828.0,38.34,4.22,9.11,2840.0,577.0,19.7,3.47,12.35,4244.0,838.0,29.45,4.98,12.0,33101.0,1873.0,66.05,1.38,3.44,4310.0,632.0,13.02,1.76,8.91,5096.0,826.0,15.4,2.34,9.85,8389.0,1204.0,25.34,3.34,8.72,6297.0,564.0,19.02,1.32,5.44,38120.0,2038.0,76.06,0.74,3.25,662.0,196.0,1.74,0.51,18.0,50108.0,2634.0,99.98,7.43,3.2,9712.0,1094.0,19.38,1.93,6.85,11989.0,1326.0,23.92,2.33,6.72,893.0,345.0,7.45,2.76,23.49,31849.0,1971.0,63.55,2.07,3.76,5142.0,842.0,16.14,2.45,9.95,6270.0,690.0,12.51,1.21,6.69,3677.0,550.0,58.64,5.94,9.09,49619.0,2633.0,99.0,0.71,3.23,46559.0,2594.0,93.83,1.59,3.39,2872.0,1027.0,5.79,2.05,21.74,188.0,120.0,0.38,0.24,38.8,50118.0,2635.0,100,,3.2,36139.0,2394.0,72.11,2.91,4.03,33088.0,2325.0,66.02,3.08,4.27,3051.0,662.0,6.09,1.28,13.19,13979.0,1326.0,27.89,2.2,5.77,8344.0,1076.0,59.69,5.21,7.84,5635.0,902.0,40.31,5.2,9.73,221.0,105.0,1.58,0.74,28.88,602.0,289.0,4.31,2.03,29.18,2033.0,515.0,14.54,3.42,15.4,0.0,,0.0,,,10884.0,1127.0,77.86,3.23,6.29,239.0,249.0,1.71,1.77,63.33,46619.0,2441.0,93.02,6.9,3.18,20674.0,1826.0,44.35,3.15,5.37,11727.0,1489.0,25.15,2.91,7.72,21775.0,2087.0,46.71,3.75,5.83,18267.0,942.0,89.4,2.52,3.13,16208.0,1021.0,79.32,3.64,3.83,39501.0,2054.0,78.82,5.83,3.16,21998.0,1564.0,55.69,2.7,4.32,19886.0,1531.0,50.34,2.86,4.68,2112.0,392.0,5.35,0.95,11.28,0.0,,0.0,,,17503.0,1417.0,44.31,2.75,4.92,,,9.6,1.65,11.28,19103.0,1486.0,38.12,2.19,4.73,2964.0,569.0,15.52,2.72,11.67,729.0,244.0,3.82,1.24,20.35,11956.0,1290.0,62.59,4.68,6.56,2067.0,392.0,10.82,1.87,11.53,665.0,230.0,3.48,1.17,21.03,19886.0,1531.0,39.68,2.23,4.68,0.0,,0.0,,,903.0,374.0,4.54,1.85,25.18,889.0,409.0,4.47,2.03,27.97,358.0,165.0,1.8,0.82,28.02,2129.0,476.0,10.71,2.25,13.59,1905.0,389.0,9.58,1.81,12.41,352.0,177.0,1.77,0.88,30.57,1130.0,313.0,5.68,1.51,16.84,1726.0,334.0,8.68,1.54,11.76,7034.0,1039.0,35.37,4.46,8.98,1552.0,322.0,7.8,1.5,12.61,779.0,263.0,3.92,1.29,20.52,1129.0,289.0,5.68,1.39,15.56,3467.0,545.0,16.97,2.56,9.56,2289.0,430.0,11.2,2.05,11.42,2641.0,473.0,12.92,2.25,10.89,1985.0,383.0,9.71,1.83,11.73,2640.0,492.0,12.92,2.34,11.33,2912.0,567.0,14.25,2.71,11.84,1598.0,412.0,7.82,1.99,15.67,1560.0,413.0,7.63,1.99,16.09,607.0,190.0,2.97,0.92,19.03,735.0,303.0,3.6,1.47,25.06,13642.0,880.0,66.76,3.2,3.92,5370.0,641.0,26.28,2.92,7.26,2618.0,403.0,12.81,1.89,9.36,2752.0,391.0,13.47,1.82,8.64,2059.0,443.0,10.08,2.12,13.08,7811.0,628.0,38.23,2.59,4.89,47017.0,2515.0,93.83,0.93,3.25,20166.0,1574.0,40.25,2.32,4.74,31383.0,2337.0,62.63,3.3,4.53,3091.0,568.0,6.17,1.09,11.17,22395.0,1605.0,44.68,2.18,4.36,27723.0,1535.0,55.32,0.96,3.37,3499.0,692.0,6.98,1.33,12.02,3227.0,591.0,6.44,1.13,11.13,3379.0,646.0,6.74,1.24,11.62,3377.0,514.0,6.74,0.96,9.25,3535.0,713.0,7.05,1.37,12.26,8691.0,1264.0,17.34,2.35,8.84,6739.0,739.0,13.45,1.29,6.67,6256.0,720.0,12.48,1.28,7.0,2808.0,567.0,5.6,1.09,12.27,2337.0,429.0,4.66,0.82,11.16,3067.0,529.0,6.12,1.01,10.49,2130.0,399.0,4.25,0.76,11.39,1073.0,316.0,2.14,0.62,17.9,11998.0,1327.0,23.94,2.33,6.72,38120.0,2038.0,76.06,0.74,3.25,6270.0,690.0,12.51,1.21,6.69,3681.0,1026.0,7.34,2.01,16.94,7686.0,1624.0,15.34,3.14,12.84,21816.0,2026.0,43.53,3.33,5.65,158.0,154.0,0.32,0.31,59.25,611.0,323.0,1.22,0.64,32.14,296.0,444.0,0.59,0.89,91.19,15870.0,1793.0,31.67,3.17,6.87,28115.0,2488.0,56.1,3.99,5.38,22003.0,1938.0,43.9,3.1,5.35,2081.0,571.0,4.15,1.12,16.68,18495.0,1970.0,36.9,3.42,6.48,101.0,146.0,0.2,0.29,87.88,611.0,323.0,1.22,0.64,32.14,8.0,18.0,0.02,0.04,136.78,249.0,163.0,0.5,0.32,39.79,458.0,245.0,0.91,0.49,32.52
10452,10452,10452,27940.0,934.0,100,,2.03,11508.0,814.0,41.19,2.57,4.3,25133.0,1734.0,31.48,1.73,4.19,1511.0,414.0,6.01,1.59,16.66,819.0,307.0,3.26,1.2,22.79,11470.0,1234.0,45.64,3.77,6.54,5050.0,558.0,20.09,1.73,6.72,6283.0,766.0,25.0,2.51,7.41,49385.0,2119.0,61.86,0.62,2.61,8211.0,866.0,16.63,1.6,6.41,7446.0,954.0,15.08,1.82,7.79,13780.0,1383.0,27.9,2.53,6.1,7262.0,812.0,14.7,1.52,6.8,57236.0,2339.0,71.69,4.19,2.48,1252.0,494.0,2.19,0.86,23.99,79679.0,3328.0,99.8,0.19,2.54,11984.0,1215.0,15.04,1.39,6.16,22565.0,1603.0,28.26,1.63,4.32,1187.0,319.0,5.26,1.36,16.34,49524.0,2277.0,62.03,1.2,2.79,7234.0,873.0,14.61,1.63,7.34,7590.0,754.0,9.51,0.86,6.04,3563.0,627.0,46.94,6.82,10.7,78624.0,3279.0,98.48,5.81,2.54,72823.0,3263.0,92.62,1.52,2.72,4775.0,955.0,6.07,1.19,12.16,1026.0,641.0,1.3,0.81,37.98,79838.0,3331.0,100,,2.54,49077.0,2338.0,61.47,1.41,2.9,43225.0,2333.0,54.14,1.85,3.28,5852.0,1077.0,7.33,1.31,11.19,30761.0,2565.0,38.53,2.78,5.07,15838.0,1608.0,51.49,2.98,6.17,14923.0,1785.0,48.51,4.16,7.27,139.0,78.0,0.45,0.25,34.11,1054.0,359.0,3.43,1.13,20.71,4154.0,1206.0,13.5,3.76,17.65,0.0,,0.0,,,25385.0,2290.0,82.52,2.84,5.48,29.0,49.0,0.09,0.16,102.71,74358.0,3155.0,93.14,0.72,2.58,21603.0,2301.0,29.05,2.84,6.47,25746.0,2527.0,34.62,3.06,5.97,45149.0,3210.0,60.72,3.46,4.32,25045.0,1043.0,89.64,2.23,2.53,21756.0,967.0,77.87,2.28,2.7,59554.0,2378.0,74.59,4.31,2.43,35624.0,1968.0,59.82,2.28,3.36,30911.0,1886.0,51.9,2.39,3.71,4684.0,829.0,7.87,1.36,10.76,29.0,47.0,0.05,0.08,98.52,23930.0,1359.0,40.18,1.62,3.45,,,13.15,2.21,10.76,30248.0,1845.0,37.89,1.69,3.71,3205.0,599.0,10.6,1.87,11.36,788.0,288.0,2.61,0.94,22.22,21627.0,1625.0,71.5,3.14,4.57,2293.0,506.0,7.58,1.61,13.41,1473.0,492.0,4.87,1.6,20.3,30911.0,1886.0,38.72,1.72,3.71,5.0,9.0,0.02,0.03,109.42,1380.0,374.0,4.46,1.18,16.48,1099.0,316.0,3.56,1.0,17.48,322.0,168.0,1.04,0.54,31.72,3235.0,565.0,10.47,1.71,10.62,2447.0,556.0,7.92,1.73,13.81,436.0,201.0,1.41,0.64,28.02,1147.0,306.0,3.71,0.96,16.22,3759.0,721.0,12.16,2.21,11.66,10097.0,1138.0,32.66,3.1,6.85,4411.0,721.0,14.27,2.16,9.94,1760.0,394.0,5.69,1.23,13.61,813.0,301.0,2.63,0.96,22.51,4009.0,685.0,14.35,2.4,10.39,2990.0,658.0,10.7,2.33,13.38,3739.0,659.0,13.38,2.32,10.71,3568.0,556.0,12.77,1.94,9.47,4685.0,652.0,16.77,2.27,8.46,4110.0,639.0,14.71,2.23,9.45,2372.0,450.0,8.49,1.59,11.53,1687.0,375.0,6.04,1.33,13.51,487.0,203.0,1.74,0.72,25.34,293.0,124.0,1.05,0.44,25.73,20484.0,995.0,73.31,2.58,2.95,7099.0,710.0,25.41,2.4,6.08,2756.0,577.0,9.86,2.04,12.73,4186.0,644.0,14.98,2.25,9.35,2710.0,459.0,9.7,1.61,10.3,13435.0,920.0,48.09,2.87,4.16,73862.0,3165.0,92.7,0.89,2.6,29908.0,2596.0,37.54,2.86,5.28,51453.0,2762.0,64.58,2.18,3.26,5817.0,1025.0,7.3,1.25,10.71,37784.0,2278.0,47.33,2.06,3.67,42054.0,2172.0,52.67,1.6,3.14,5480.0,778.0,6.86,0.93,8.63,6280.0,973.0,7.87,1.17,9.42,7099.0,774.0,8.89,0.9,6.63,6229.0,675.0,7.8,0.78,6.59,5365.0,715.0,6.72,0.85,8.1,12552.0,1425.0,15.72,1.66,6.9,10795.0,1008.0,13.52,1.13,5.68,9563.0,848.0,11.98,0.94,5.39,5490.0,711.0,6.88,0.84,7.87,3350.0,557.0,4.2,0.68,10.11,4348.0,572.0,5.45,0.68,8.0,2283.0,494.0,2.86,0.61,13.15,1004.0,365.0,1.26,0.45,22.1,22573.0,1605.0,28.27,1.63,4.32,57265.0,2334.0,71.73,4.18,2.48,7635.0,756.0,9.56,0.86,6.02,7498.0,1336.0,9.39,1.63,10.83,11730.0,1943.0,14.69,2.36,10.07,26950.0,2502.0,33.76,2.8,5.64,324.0,237.0,0.41,0.3,44.47,1046.0,353.0,1.31,0.44,20.52,365.0,375.0,0.46,0.47,62.46,31925.0,3102.0,39.99,3.51,5.91,54061.0,3359.0,67.71,3.12,3.78,25777.0,2602.0,32.29,2.97,6.14,1640.0,473.0,2.05,0.59,17.53,21221.0,2386.0,26.58,2.78,6.84,72.0,91.0,0.09,0.11,76.83,957.0,340.0,1.2,0.42,21.6,91.0,121.0,0.11,0.15,80.83,851.0,462.0,1.07,0.58,33.0,945.0,426.0,1.18,0.53,27.4
10453,10453,10453,27864.0,849.0,100,,1.85,11122.0,745.0,39.92,2.38,4.07,23532.0,1790.0,29.27,1.95,4.62,1362.0,314.0,5.79,1.26,14.01,1366.0,295.0,5.8,1.17,13.13,9899.0,1001.0,42.07,2.8,6.15,4733.0,735.0,20.11,2.72,9.44,6172.0,966.0,26.23,3.59,9.51,50520.0,2040.0,62.84,1.02,2.45,8322.0,938.0,16.47,1.73,6.85,7804.0,787.0,15.45,1.43,6.13,14834.0,1197.0,29.36,2.05,4.91,7465.0,833.0,14.78,1.54,6.78,58432.0,2086.0,72.68,3.73,2.17,828.0,252.0,1.42,0.43,18.5,80177.0,2950.0,99.73,5.2,2.24,11519.0,947.0,14.37,1.06,5.0,21755.0,1494.0,27.06,1.57,4.17,1282.0,443.0,5.89,2.0,21.01,51199.0,1975.0,63.69,0.7,2.34,6864.0,639.0,13.41,1.14,5.66,7223.0,685.0,8.98,0.78,5.77,3373.0,480.0,46.7,4.95,8.65,79125.0,3017.0,98.42,0.92,2.32,73522.0,2969.0,92.92,1.24,2.45,5101.0,979.0,6.45,1.21,11.67,502.0,211.0,0.63,0.27,25.55,80393.0,2971.0,100,,2.25,46460.0,2358.0,57.79,2.01,3.09,41855.0,2186.0,52.06,1.92,3.17,4605.0,764.0,5.73,0.93,10.09,33933.0,2380.0,42.21,2.52,4.26,15523.0,1463.0,45.75,2.88,5.73,18410.0,1765.0,54.25,3.55,5.83,181.0,168.0,0.53,0.49,56.42,1318.0,496.0,3.88,1.44,22.88,3980.0,788.0,11.73,2.17,12.04,9.0,17.0,0.03,0.05,114.83,28392.0,2183.0,83.67,2.64,4.67,53.0,55.0,0.16,0.16,63.08,74482.0,2867.0,92.65,1.0,2.34,22974.0,1618.0,30.85,1.82,4.28,25126.0,1750.0,33.73,1.96,4.23,44823.0,2620.0,60.18,2.65,3.55,25316.0,911.0,90.86,1.74,2.19,23604.0,941.0,84.71,2.18,2.42,61164.0,2234.0,76.08,3.95,2.22,37914.0,1993.0,61.99,2.34,3.2,32176.0,1766.0,52.61,2.16,3.34,5560.0,710.0,9.09,1.11,7.76,178.0,241.0,0.29,0.39,82.31,23250.0,1438.0,38.01,1.9,3.76,,,14.66,1.71,7.76,31503.0,1748.0,39.19,1.62,3.37,5189.0,770.0,16.47,2.27,9.02,1204.0,341.0,3.82,1.06,17.22,19632.0,1474.0,62.32,3.15,4.56,2182.0,510.0,6.93,1.57,14.21,2526.0,516.0,8.02,1.58,12.42,32176.0,1766.0,40.02,1.62,3.34,50.0,61.0,0.16,0.19,74.16,1298.0,305.0,4.03,0.92,14.28,816.0,256.0,2.54,0.78,19.07,765.0,349.0,2.38,1.08,27.73,3589.0,716.0,11.15,2.14,12.13,3329.0,448.0,10.35,1.27,8.18,521.0,265.0,1.62,0.82,30.92,2104.0,436.0,6.54,1.31,12.6,2764.0,595.0,8.59,1.79,13.09,9765.0,943.0,30.35,2.41,5.87,4467.0,739.0,13.88,2.17,10.06,1882.0,395.0,5.85,1.18,12.76,826.0,254.0,2.57,0.78,18.69,4643.0,723.0,16.66,2.54,9.47,2923.0,431.0,10.49,1.51,8.96,3886.0,538.0,13.95,1.88,8.42,2521.0,498.0,9.05,1.77,12.01,3928.0,528.0,14.1,1.85,8.17,4088.0,565.0,14.67,1.98,8.4,2425.0,346.0,8.7,1.21,8.67,2359.0,424.0,8.47,1.5,10.93,830.0,241.0,2.98,0.86,17.65,261.0,157.0,0.94,0.56,36.57,20615.0,767.0,73.98,1.58,2.26,6298.0,664.0,22.6,2.28,6.41,1962.0,375.0,7.04,1.33,11.62,4240.0,548.0,15.22,1.91,7.86,2879.0,369.0,10.33,1.29,7.79,13164.0,890.0,47.24,2.85,4.11,72436.0,2747.0,90.35,0.83,2.31,28448.0,1968.0,35.48,2.08,4.21,50364.0,2314.0,62.82,1.73,2.79,7741.0,1175.0,9.65,1.42,9.23,37774.0,1871.0,46.99,1.55,3.01,42619.0,1871.0,53.01,1.26,2.67,5911.0,652.0,7.35,0.76,6.71,6325.0,693.0,7.87,0.81,6.66,6011.0,842.0,7.48,1.01,8.52,5621.0,635.0,6.99,0.75,6.87,6005.0,763.0,7.47,0.91,7.72,12610.0,1116.0,15.69,1.26,5.38,10757.0,990.0,13.38,1.13,5.59,10529.0,1011.0,13.1,1.16,5.84,5135.0,666.0,6.39,0.79,7.88,4266.0,659.0,5.31,0.8,9.39,4717.0,607.0,5.87,0.72,7.82,1927.0,367.0,2.4,0.45,11.58,579.0,199.0,0.72,0.25,20.89,21783.0,1495.0,27.1,1.57,4.17,58610.0,2108.0,72.9,3.76,2.19,7223.0,685.0,8.98,0.78,5.77,8775.0,1639.0,10.92,2.0,11.35,9043.0,1678.0,11.25,2.05,11.28,25969.0,1972.0,32.3,2.14,4.62,771.0,302.0,0.96,0.37,23.81,1586.0,663.0,1.97,0.82,25.41,259.0,228.0,0.32,0.28,53.51,33990.0,2648.0,42.28,2.9,4.74,55516.0,2972.0,69.06,2.67,3.25,24877.0,1804.0,30.94,1.93,4.41,1666.0,576.0,2.07,0.71,21.02,19610.0,1629.0,24.39,1.81,5.05,52.0,57.0,0.06,0.07,66.64,1577.0,663.0,1.96,0.82,25.56,0.0,,0.0,,,424.0,280.0,0.53,0.35,40.14,1548.0,502.0,1.93,0.62,19.71
10454,10454,10454,14259.0,568.0,100,,2.42,5124.0,450.0,35.94,2.81,5.34,11553.0,1227.0,29.69,2.67,6.46,990.0,321.0,8.57,2.63,19.71,551.0,223.0,4.77,1.86,24.6,5306.0,924.0,45.93,6.34,10.59,2023.0,476.0,17.51,3.68,14.3,2683.0,576.0,23.22,4.33,13.05,24140.0,1320.0,62.04,4.87,3.32,4660.0,691.0,19.3,2.66,9.01,4549.0,686.0,18.84,2.65,9.17,7151.0,837.0,29.62,3.07,7.12,2940.0,480.0,12.18,1.87,9.92,27734.0,1633.0,71.28,1.2,3.58,325.0,133.0,1.17,0.47,24.88,38848.0,2181.0,99.85,7.95,3.41,8182.0,884.0,21.06,1.94,6.57,11148.0,1435.0,28.65,3.32,7.83,1029.0,344.0,9.23,2.85,20.32,23724.0,1622.0,60.97,2.36,4.16,4434.0,611.0,18.69,2.24,8.38,3976.0,604.0,10.22,1.44,9.23,2719.0,540.0,68.39,8.75,12.07,38457.0,2184.0,98.84,0.64,3.45,35587.0,2303.0,92.54,2.87,3.93,2542.0,526.0,6.61,1.32,12.58,328.0,197.0,0.85,0.51,36.51,38908.0,2195.0,100,,3.43,27746.0,1899.0,71.31,2.76,4.16,23519.0,1848.0,60.45,3.31,4.78,4227.0,825.0,10.86,2.03,11.86,11162.0,1092.0,28.69,2.29,5.95,4900.0,786.0,43.9,5.58,9.75,6262.0,926.0,56.1,6.22,8.99,197.0,144.0,1.76,1.28,44.44,74.0,55.0,0.66,0.49,45.18,1445.0,467.0,12.95,3.99,19.65,0.0,,0.0,,,9446.0,958.0,84.63,2.26,6.17,0.0,,0.0,,,35807.0,2019.0,92.03,7.34,3.43,12939.0,1487.0,36.14,3.62,6.99,9684.0,994.0,27.04,2.32,6.24,20611.0,1675.0,57.56,3.37,4.94,11879.0,531.0,83.31,1.69,2.72,9869.0,586.0,69.21,3.05,3.61,28665.0,1748.0,73.67,1.71,3.71,14822.0,1125.0,51.71,2.34,4.61,13117.0,1093.0,45.76,2.6,5.07,1686.0,389.0,5.88,1.31,14.03,19.0,35.0,0.07,0.12,111.98,13843.0,1413.0,48.29,3.95,6.21,,,11.37,2.48,14.03,12781.0,1084.0,32.85,2.08,5.16,1377.0,334.0,10.77,2.45,14.75,402.0,186.0,3.15,1.43,28.13,8268.0,935.0,64.69,4.84,6.87,1540.0,492.0,12.05,3.71,19.42,637.0,396.0,4.98,3.07,37.79,13117.0,1093.0,33.71,2.07,5.07,77.0,93.0,0.59,0.71,73.42,410.0,158.0,3.13,1.18,23.43,291.0,124.0,2.22,0.93,25.9,257.0,160.0,1.96,1.21,37.85,1471.0,349.0,11.21,2.49,14.42,1030.0,423.0,7.85,3.16,24.97,210.0,102.0,1.6,0.77,29.53,833.0,427.0,6.35,3.21,31.16,1342.0,279.0,10.23,1.95,12.64,3900.0,536.0,29.73,3.25,8.35,2324.0,528.0,17.72,3.74,13.81,607.0,283.0,4.63,2.12,28.34,365.0,149.0,2.78,1.11,24.82,3113.0,450.0,21.83,3.03,8.79,2471.0,486.0,17.33,3.34,11.96,2073.0,431.0,14.54,2.97,12.64,1325.0,316.0,9.29,2.19,14.5,1763.0,424.0,12.36,2.93,14.62,1448.0,351.0,10.15,2.43,14.74,724.0,231.0,5.08,1.61,19.4,904.0,276.0,6.34,1.92,18.56,146.0,70.0,1.02,0.49,29.15,292.0,203.0,2.05,1.42,42.26,9205.0,499.0,64.56,2.37,3.3,3465.0,538.0,24.3,3.65,9.44,1187.0,293.0,8.32,2.03,15.01,2588.0,420.0,18.15,2.86,9.87,1526.0,351.0,10.7,2.42,13.98,7501.0,650.0,52.61,4.05,5.27,34909.0,2167.0,89.86,2.38,3.77,11206.0,1326.0,28.85,3.0,7.19,26717.0,1962.0,68.77,3.26,4.46,3939.0,775.0,10.14,1.91,11.96,18021.0,1250.0,46.32,1.87,4.22,20887.0,1571.0,53.68,2.67,4.57,3101.0,619.0,7.97,1.53,12.13,3142.0,600.0,8.08,1.47,11.61,3452.0,660.0,8.87,1.62,11.62,2323.0,476.0,5.97,1.18,12.46,2750.0,670.0,7.07,1.68,14.81,6441.0,902.0,16.55,2.12,8.51,5132.0,622.0,13.19,1.41,7.37,4513.0,560.0,11.6,1.28,7.54,2043.0,380.0,5.25,0.93,11.31,2035.0,405.0,5.23,1.0,12.1,2273.0,505.0,5.84,1.26,13.51,1197.0,264.0,3.08,0.66,13.41,506.0,288.0,1.3,0.74,34.6,11155.0,1436.0,28.67,3.32,7.83,27753.0,1635.0,71.33,1.21,3.58,3976.0,604.0,10.22,1.44,9.23,3004.0,1011.0,7.72,2.56,20.46,6089.0,1049.0,15.65,2.55,10.47,12532.0,1817.0,32.21,4.3,8.81,286.0,207.0,0.74,0.53,44.0,66.0,51.0,0.17,0.13,46.97,49.0,73.0,0.13,0.19,90.57,16882.0,1462.0,43.39,2.85,5.26,27134.0,1918.0,69.74,2.97,4.3,11774.0,1872.0,30.26,4.5,9.67,1327.0,447.0,3.41,1.13,20.48,9988.0,1722.0,25.67,4.18,10.48,44.0,52.0,0.11,0.13,71.84,40.0,43.0,0.1,0.11,65.35,0.0,,0.0,,,182.0,121.0,0.47,0.31,40.42,193.0,115.0,0.5,0.29,36.22
10455,10455,10455,15673.0,822.0,100,,3.19,6363.0,749.0,40.6,4.28,7.16,13201.0,1296.0,30.86,2.49,5.97,1028.0,366.0,7.79,2.67,21.64,925.0,372.0,7.01,2.73,24.45,5611.0,726.0,42.5,3.58,7.87,2681.0,457.0,20.31,2.83,10.36,2956.0,624.0,22.39,4.18,12.83,25968.0,1273.0,60.7,4.52,2.98,3911.0,556.0,15.06,2.01,8.64,4787.0,688.0,18.43,2.49,8.74,7228.0,880.0,27.83,3.1,7.4,3772.0,641.0,14.53,2.36,10.33,30598.0,1570.0,71.52,5.43,3.12,413.0,126.0,1.35,0.41,18.55,42723.0,2396.0,99.86,0.29,3.41,8140.0,1407.0,19.05,3.12,10.51,12125.0,1212.0,28.34,2.35,6.08,1422.0,670.0,11.73,5.4,28.64,26692.0,1616.0,62.39,1.43,3.68,4874.0,963.0,18.26,3.43,12.01,3906.0,474.0,9.13,0.98,7.38,1844.0,316.0,47.21,5.71,10.42,42399.0,2358.0,99.11,7.82,3.38,39779.0,2321.0,93.82,1.66,3.55,2412.0,504.0,5.69,1.15,12.7,208.0,157.0,0.49,0.37,45.88,42781.0,2396.0,100,,3.4,30592.0,2127.0,71.51,2.95,4.23,26962.0,2166.0,63.02,3.63,4.88,3630.0,793.0,8.49,1.79,13.28,12189.0,1238.0,28.49,2.41,6.17,5880.0,849.0,48.24,4.95,8.78,6309.0,937.0,51.76,5.61,9.03,13.0,25.0,0.11,0.2,116.9,425.0,220.0,3.49,1.77,31.47,1413.0,456.0,11.59,3.55,19.62,0.0,,0.0,,,10330.0,1185.0,84.75,4.52,6.97,8.0,11.0,0.07,0.09,83.59,39882.0,2296.0,93.22,1.24,3.5,12638.0,1548.0,31.69,3.43,7.45,11848.0,1252.0,29.71,2.63,6.42,24787.0,2033.0,62.15,3.63,4.99,14085.0,898.0,89.87,3.26,3.88,12215.0,835.0,77.94,3.42,4.16,32182.0,1783.0,75.22,5.93,3.37,17834.0,1549.0,55.42,3.71,5.28,15525.0,1529.0,48.24,3.93,5.99,2309.0,506.0,7.17,1.52,13.32,0.0,,0.0,,,14348.0,1100.0,44.58,2.36,4.66,,,12.95,2.6,13.32,15040.0,1516.0,35.16,2.95,6.13,1989.0,464.0,13.22,2.78,14.18,563.0,228.0,3.74,1.47,24.62,9690.0,1211.0,64.43,4.76,7.6,1262.0,343.0,8.39,2.12,16.52,1153.0,440.0,7.67,2.82,23.2,15525.0,1529.0,36.29,2.94,5.99,62.0,66.0,0.4,0.42,64.71,949.0,249.0,6.11,1.49,15.95,440.0,191.0,2.83,1.2,26.39,377.0,217.0,2.43,1.38,34.99,1643.0,358.0,10.58,2.06,13.25,929.0,292.0,5.98,1.79,19.11,192.0,175.0,1.24,1.12,55.41,777.0,241.0,5.0,1.47,18.86,1370.0,439.0,8.82,2.69,19.48,5037.0,715.0,32.44,3.32,8.63,2188.0,565.0,14.09,3.36,15.7,1048.0,554.0,6.75,3.51,32.14,513.0,197.0,3.3,1.23,23.34,2399.0,453.0,15.31,2.78,11.48,2212.0,647.0,14.11,4.06,17.78,2112.0,401.0,13.48,2.46,11.54,2169.0,578.0,13.84,3.62,16.2,2159.0,432.0,13.78,2.66,12.16,1578.0,301.0,10.07,1.85,11.6,1625.0,387.0,10.37,2.41,14.48,1019.0,297.0,6.5,1.86,17.72,211.0,128.0,1.35,0.81,36.88,189.0,95.0,1.21,0.6,30.56,11127.0,926.0,70.99,4.59,5.06,4145.0,527.0,26.45,3.06,7.73,1637.0,350.0,10.44,2.16,13.0,1938.0,479.0,12.37,2.99,15.03,1875.0,524.0,11.96,3.28,16.99,7620.0,905.0,48.62,5.18,7.22,38832.0,2332.0,90.89,1.95,3.65,13891.0,1621.0,32.51,3.33,7.09,28143.0,2252.0,65.87,3.76,4.86,3891.0,780.0,9.11,1.75,12.19,20291.0,1505.0,47.43,2.31,4.51,22490.0,1428.0,52.57,1.57,3.86,2899.0,461.0,6.78,1.01,9.67,3728.0,729.0,8.71,1.63,11.89,3524.0,692.0,8.24,1.55,11.94,3564.0,631.0,8.33,1.4,10.76,3098.0,537.0,7.24,1.19,10.54,6920.0,959.0,16.18,2.05,8.42,5580.0,720.0,13.04,1.52,7.84,5108.0,560.0,11.94,1.13,6.66,2510.0,471.0,5.87,1.05,11.41,1944.0,385.0,4.54,0.86,12.04,2495.0,329.0,5.83,0.7,8.02,1058.0,294.0,2.47,0.67,16.89,353.0,176.0,0.83,0.41,30.31,12183.0,1213.0,28.48,2.34,6.05,30598.0,1570.0,71.52,5.43,3.12,3906.0,474.0,9.13,0.98,7.38,5495.0,1670.0,12.84,3.84,18.47,6098.0,979.0,14.25,2.14,9.76,13906.0,1652.0,32.51,3.41,7.22,402.0,189.0,0.94,0.44,28.58,587.0,347.0,1.37,0.81,35.94,0.0,,0.0,,,16293.0,2139.0,38.08,4.52,7.98,31216.0,2334.0,72.97,3.61,4.55,11565.0,1158.0,27.03,2.24,6.09,855.0,366.0,2.0,0.85,26.02,9769.0,1098.0,22.83,2.23,6.83,6.0,13.0,0.01,0.03,131.71,345.0,201.0,0.81,0.47,35.42,0.0,,0.0,,,229.0,168.0,0.54,0.39,44.6,361.0,171.0,0.84,0.4,28.8
10456,10456,10456,31718.0,1262.0,100,,2.42,12135.0,944.0,38.26,2.56,4.73,26380.0,2195.0,29.21,2.05,5.06,1963.0,503.0,7.44,1.8,15.58,1175.0,327.0,4.45,1.18,16.92,10965.0,1262.0,41.57,3.31,7.0,6651.0,926.0,25.21,2.81,8.46,5626.0,829.0,21.33,2.59,8.96,55629.0,2222.0,61.6,3.69,2.43,9049.0,1101.0,16.27,1.87,7.4,9971.0,961.0,17.92,1.57,5.86,16217.0,1538.0,29.15,2.51,5.77,6354.0,791.0,11.42,1.35,7.57,65629.0,2589.0,72.67,4.33,2.4,1392.0,345.0,2.12,0.52,15.07,89194.0,4012.0,98.76,0.53,2.73,16526.0,1317.0,18.53,1.22,4.84,24617.0,2159.0,27.26,2.06,5.33,1844.0,562.0,7.49,2.19,18.53,56142.0,2514.0,62.16,0.21,2.72,10425.0,993.0,18.57,1.56,5.79,8435.0,916.0,9.34,0.92,6.6,4257.0,590.0,50.47,4.35,8.43,88854.0,3925.0,98.38,6.18,2.69,81812.0,3896.0,92.07,1.64,2.89,6157.0,1193.0,6.93,1.31,11.78,885.0,410.0,1.0,0.46,28.16,90314.0,4033.0,100,,2.71,61363.0,3585.0,67.94,2.56,3.55,54201.0,3536.0,60.01,2.85,3.97,7162.0,1090.0,7.93,1.15,9.25,28951.0,2105.0,32.06,1.84,4.42,13285.0,1087.0,45.89,1.72,4.97,15666.0,1671.0,54.11,4.22,6.48,319.0,181.0,1.1,0.62,34.49,499.0,219.0,1.72,0.75,26.68,6474.0,1037.0,22.36,3.19,9.74,0.0,,0.0,,,21637.0,2046.0,74.74,4.52,5.75,22.0,35.0,0.08,0.12,96.71,83486.0,3596.0,92.44,5.74,2.62,30101.0,2652.0,36.06,2.77,5.36,25223.0,2456.0,30.21,2.64,5.92,43411.0,3011.0,52.0,2.83,4.22,28429.0,1455.0,89.63,2.89,3.11,25127.0,1426.0,79.22,3.21,3.45,68321.0,2645.0,75.65,4.47,2.35,38725.0,1859.0,56.68,1.61,2.92,33020.0,1850.0,48.33,1.96,3.41,5674.0,766.0,8.3,1.07,8.21,31.0,49.0,0.05,0.07,96.09,29596.0,1977.0,43.32,2.36,4.06,,,14.65,1.85,8.21,31976.0,1827.0,35.41,1.26,3.47,6066.0,866.0,18.97,2.48,8.68,557.0,210.0,1.74,0.65,22.92,19832.0,1304.0,62.02,2.02,4.0,3648.0,661.0,11.41,1.96,11.01,908.0,336.0,2.84,1.04,22.5,33020.0,1850.0,36.56,1.24,3.41,65.0,76.0,0.2,0.23,71.08,1327.0,376.0,4.02,1.12,17.22,827.0,285.0,2.5,0.85,20.95,470.0,187.0,1.42,0.56,24.19,3729.0,598.0,11.29,1.7,9.75,3434.0,639.0,10.4,1.85,11.31,341.0,155.0,1.03,0.47,27.63,1826.0,539.0,5.53,1.6,17.94,3016.0,650.0,9.13,1.9,13.1,11684.0,1049.0,35.38,2.48,5.46,3354.0,657.0,10.16,1.91,11.91,1592.0,369.0,4.82,1.08,14.09,1355.0,348.0,4.1,1.03,15.61,5446.0,682.0,17.17,2.04,7.61,4238.0,878.0,13.36,2.72,12.59,4038.0,569.0,12.73,1.72,8.57,3698.0,637.0,11.66,1.95,10.47,4831.0,738.0,15.23,2.25,9.29,4349.0,595.0,13.71,1.79,8.32,2330.0,500.0,7.35,1.55,13.05,1854.0,386.0,5.85,1.19,12.66,609.0,182.0,1.92,0.57,18.17,325.0,143.0,1.02,0.45,26.75,22956.0,1290.0,72.38,2.87,3.42,6990.0,948.0,22.04,2.86,8.24,2352.0,358.0,7.42,1.09,9.25,6161.0,951.0,19.42,2.9,9.38,3989.0,667.0,12.58,2.04,10.16,15755.0,1206.0,49.67,3.25,4.65,81021.0,4038.0,90.84,1.95,3.03,33700.0,2699.0,37.78,2.5,4.87,58064.0,3505.0,65.1,2.62,3.67,8173.0,1354.0,9.16,1.46,10.07,41662.0,2205.0,46.13,1.31,3.22,48652.0,2631.0,53.87,1.64,3.29,6828.0,977.0,7.56,1.03,8.7,6352.0,972.0,7.03,1.03,9.3,7408.0,804.0,8.2,0.81,6.6,6949.0,921.0,7.69,0.96,8.06,7148.0,910.0,7.91,0.94,7.74,13962.0,1052.0,15.46,0.94,4.58,11802.0,1096.0,13.07,1.06,5.65,10982.0,1198.0,12.16,1.21,6.63,5298.0,795.0,5.87,0.84,9.12,4542.0,563.0,5.03,0.58,7.54,6100.0,846.0,6.75,0.89,8.43,2294.0,396.0,2.54,0.42,10.49,649.0,267.0,0.72,0.29,25.01,24654.0,2161.0,27.3,2.06,5.33,65660.0,2590.0,72.7,4.33,2.4,9043.0,924.0,10.01,0.92,6.21,7522.0,1744.0,8.33,1.89,14.09,11085.0,1777.0,12.27,1.89,9.75,43434.0,3251.0,48.09,2.89,4.55,1001.0,528.0,1.11,0.58,32.07,638.0,318.0,0.71,0.35,30.3,130.0,204.0,0.14,0.23,95.39,26504.0,2800.0,29.35,2.81,6.42,52202.0,3529.0,57.8,2.93,4.11,38112.0,2889.0,42.2,2.58,4.61,1491.0,429.0,1.65,0.47,17.49,34061.0,2915.0,37.71,2.75,5.2,188.0,253.0,0.21,0.28,81.81,590.0,308.0,0.65,0.34,31.73,0.0,,0.0,,,519.0,334.0,0.57,0.37,39.12,1263.0,488.0,1.4,0.54,23.49
10457,10457,10457,25682.0,1021.0,100,,2.42,11143.0,872.0,43.39,2.92,4.76,23701.0,1620.0,29.83,1.62,4.16,1633.0,356.0,6.89,1.43,13.25,1651.0,369.0,6.97,1.48,13.59,10921.0,1023.0,46.08,2.95,5.69,4531.0,795.0,19.12,3.09,10.67,4965.0,535.0,20.95,1.75,6.55,47213.0,2004.0,59.43,0.5,2.58,6747.0,738.0,14.29,1.44,6.65,7899.0,713.0,16.73,1.33,5.49,13447.0,1165.0,28.48,2.15,5.27,7157.0,841.0,15.16,1.66,7.14,55106.0,2216.0,69.37,4.01,2.44,867.0,282.0,1.57,0.51,19.77,79081.0,3300.0,99.54,0.32,2.54,12833.0,1434.0,16.23,1.68,6.79,24293.0,1897.0,30.58,2.02,4.75,1881.0,681.0,7.74,2.74,22.01,47770.0,2214.0,60.13,1.23,2.82,7340.0,889.0,15.37,1.72,7.36,7018.0,708.0,8.83,0.81,6.13,3612.0,536.0,51.47,5.6,9.02,77966.0,3263.0,98.14,0.45,2.54,69994.0,3177.0,89.78,1.58,2.76,7460.0,1191.0,9.57,1.47,9.71,512.0,237.0,0.66,0.3,28.14,79443.0,3305.0,100,,2.53,49066.0,2566.0,61.76,1.96,3.18,43643.0,2455.0,54.94,2.08,3.42,5423.0,684.0,6.83,0.81,7.67,30377.0,1839.0,38.24,1.68,3.68,14589.0,1338.0,48.03,3.31,5.58,15788.0,1558.0,51.97,4.05,6.0,221.0,150.0,0.73,0.49,41.26,434.0,171.0,1.43,0.56,23.95,5150.0,1128.0,16.95,3.57,13.31,0.0,,0.0,,,24545.0,1858.0,80.8,3.67,4.6,27.0,34.0,0.09,0.11,76.55,72137.0,2953.0,90.8,5.3,2.49,24062.0,1841.0,33.36,2.16,4.65,22310.0,1669.0,30.93,1.94,4.55,40942.0,2585.0,56.76,2.73,3.84,23636.0,1085.0,92.03,2.11,2.79,19943.0,1128.0,77.65,3.12,3.44,57393.0,2348.0,72.24,4.22,2.49,34338.0,1984.0,59.83,2.44,3.51,29823.0,1824.0,51.96,2.36,3.72,4485.0,779.0,7.81,1.32,10.56,30.0,47.0,0.05,0.08,95.24,23055.0,1511.0,40.17,2.06,3.98,,,13.06,2.14,10.56,28375.0,1710.0,35.72,1.56,3.66,5248.0,772.0,18.5,2.48,8.94,929.0,282.0,3.27,0.97,18.45,18519.0,1398.0,65.27,2.97,4.59,1696.0,415.0,5.98,1.42,14.87,1365.0,342.0,4.81,1.17,15.23,29823.0,1824.0,37.54,1.68,3.72,11.0,14.0,0.04,0.05,77.37,1838.0,492.0,6.16,1.61,16.27,875.0,255.0,2.93,0.84,17.72,583.0,220.0,1.95,0.73,22.94,3611.0,579.0,12.11,1.79,9.75,2432.0,379.0,8.15,1.17,9.47,403.0,193.0,1.35,0.64,29.11,1562.0,357.0,5.24,1.15,13.89,2803.0,485.0,9.4,1.52,10.52,9354.0,942.0,31.37,2.51,6.12,4070.0,724.0,13.65,2.28,10.81,1562.0,333.0,5.24,1.07,12.96,719.0,248.0,2.41,0.82,20.97,3905.0,551.0,15.21,2.06,8.58,2868.0,461.0,11.17,1.74,9.77,3313.0,559.0,12.9,2.12,10.26,2331.0,508.0,9.08,1.94,13.25,3290.0,569.0,12.81,2.16,10.51,4339.0,605.0,16.9,2.26,8.48,2302.0,373.0,8.96,1.41,9.85,2115.0,337.0,8.24,1.27,9.69,824.0,323.0,3.21,1.25,23.83,395.0,148.0,1.54,0.57,22.78,18624.0,1014.0,72.52,2.7,3.31,5987.0,684.0,23.31,2.5,6.95,2817.0,497.0,10.97,1.89,10.73,3833.0,602.0,14.92,2.27,9.55,3300.0,545.0,12.85,2.06,10.04,12770.0,909.0,49.72,2.94,4.33,71827.0,3399.0,90.83,2.03,2.88,23482.0,1996.0,29.69,2.2,5.17,52217.0,3324.0,66.03,3.17,3.87,7254.0,1109.0,9.17,1.35,9.29,37138.0,2001.0,46.75,1.6,3.28,42305.0,1984.0,53.25,1.15,2.85,7306.0,899.0,9.2,1.06,7.48,6498.0,710.0,8.18,0.83,6.64,7157.0,849.0,9.01,1.0,7.21,5060.0,761.0,6.37,0.92,9.14,6209.0,752.0,7.82,0.89,7.36,12953.0,1234.0,16.3,1.4,5.79,10001.0,779.0,12.59,0.83,4.74,8813.0,791.0,11.09,0.88,5.46,4656.0,470.0,5.86,0.54,6.14,3586.0,528.0,4.51,0.64,8.95,4533.0,582.0,5.71,0.69,7.8,2163.0,377.0,2.72,0.46,10.6,508.0,199.0,0.64,0.25,23.81,24307.0,1897.0,30.6,2.02,4.74,55136.0,2223.0,69.4,4.02,2.45,7204.0,710.0,9.07,0.81,5.99,10038.0,2554.0,12.64,3.17,15.47,14120.0,1853.0,17.77,2.21,7.98,36024.0,2554.0,45.35,2.6,4.31,767.0,378.0,0.97,0.47,29.96,498.0,185.0,0.63,0.23,22.58,91.0,110.0,0.11,0.14,73.48,17905.0,2094.0,22.54,2.46,7.11,51729.0,2839.0,65.11,2.33,3.34,27714.0,2162.0,34.89,2.3,4.74,1412.0,529.0,1.78,0.66,22.77,24321.0,2073.0,30.61,2.28,5.18,56.0,65.0,0.07,0.08,70.56,468.0,170.0,0.59,0.21,22.08,1.0,,0.0,,,508.0,365.0,0.64,0.46,43.68,948.0,480.0,1.19,0.6,30.78
10458,10458,10458,29090.0,1044.0,100,,2.18,11558.0,756.0,39.73,2.17,3.98,27609.0,1635.0,31.82,1.4,3.6,1367.0,366.0,4.95,1.29,16.28,1381.0,316.0,5.0,1.11,13.91,10748.0,1103.0,38.93,3.26,6.24,5165.0,632.0,18.71,2.0,7.44,8948.0,803.0,32.41,2.19,5.46,50808.0,2088.0,58.56,0.65,2.5,9090.0,930.0,17.89,1.68,6.22,7246.0,841.0,14.26,1.55,7.06,14139.0,959.0,27.83,1.5,4.12,7176.0,792.0,14.12,1.45,6.71,63419.0,2596.0,73.1,0.77,2.49,1023.0,305.0,1.61,0.48,18.12,86674.0,3435.0,99.9,0.22,2.41,10824.0,985.0,12.49,1.02,5.53,23281.0,1603.0,26.83,1.51,4.19,1640.0,381.0,7.04,1.56,14.12,55873.0,2323.0,64.4,0.82,2.53,6203.0,718.0,11.1,1.2,7.04,7520.0,971.0,8.67,1.07,7.85,2981.0,565.0,39.64,5.5,11.52,85462.0,3358.0,98.51,5.49,2.39,78188.0,3650.0,91.49,2.31,2.84,6704.0,992.0,7.84,1.12,9.0,570.0,176.0,0.67,0.2,18.77,86757.0,3433.0,100,,2.41,51740.0,2492.0,59.64,1.64,2.93,45914.0,2352.0,52.92,1.72,3.11,5826.0,710.0,6.72,0.77,7.41,35017.0,2196.0,40.36,1.96,3.81,13023.0,1104.0,37.19,2.12,5.15,21994.0,1913.0,62.81,3.79,5.29,1034.0,357.0,2.95,1.0,20.99,2168.0,483.0,6.19,1.32,13.54,2530.0,886.0,7.23,2.49,21.29,0.0,,0.0,,,29234.0,2159.0,83.49,3.26,4.49,51.0,69.0,0.15,0.2,82.25,79923.0,3034.0,92.12,5.05,2.31,21500.0,1474.0,26.9,1.54,4.17,28280.0,1992.0,35.38,2.1,4.28,51292.0,2741.0,64.18,2.41,3.25,27158.0,1058.0,93.36,1.41,2.37,26044.0,1069.0,89.53,1.78,2.5,65838.0,2628.0,75.89,0.4,2.43,41330.0,2032.0,62.78,1.8,2.99,35176.0,1885.0,53.43,1.91,3.26,6102.0,954.0,9.27,1.4,9.5,52.0,50.0,0.08,0.08,58.45,24508.0,1543.0,37.22,1.81,3.83,,,14.76,2.19,9.5,33470.0,1875.0,38.58,1.53,3.41,4293.0,469.0,12.83,1.2,6.64,1078.0,327.0,3.22,0.96,18.44,21840.0,1677.0,65.25,3.43,4.67,3214.0,564.0,9.6,1.6,10.67,2286.0,395.0,6.83,1.12,10.5,35176.0,1885.0,40.55,1.47,3.26,75.0,81.0,0.21,0.23,65.65,1934.0,375.0,5.5,1.02,11.79,1186.0,375.0,3.37,1.05,19.22,527.0,197.0,1.5,0.55,22.72,4537.0,609.0,12.9,1.59,8.16,2600.0,489.0,7.39,1.33,11.43,566.0,236.0,1.61,0.67,25.35,2131.0,415.0,6.06,1.13,11.84,2670.0,652.0,7.59,1.81,14.84,10672.0,900.0,30.34,1.98,5.13,4766.0,616.0,13.55,1.59,7.86,2908.0,562.0,8.27,1.54,11.75,604.0,238.0,1.72,0.67,23.95,3544.0,497.0,12.18,1.65,8.53,3613.0,614.0,12.42,2.06,10.33,3120.0,498.0,10.73,1.67,9.7,2946.0,460.0,10.13,1.54,9.49,3989.0,552.0,13.71,1.83,8.41,5426.0,624.0,18.65,2.04,6.99,3091.0,522.0,10.63,1.75,10.27,2151.0,372.0,7.39,1.25,10.51,905.0,330.0,3.11,1.13,22.17,305.0,166.0,1.05,0.57,33.09,22226.0,1007.0,76.4,2.11,2.75,6621.0,764.0,22.76,2.5,7.01,2658.0,466.0,9.14,1.57,10.66,3497.0,611.0,12.02,2.06,10.62,2354.0,476.0,8.09,1.61,12.29,13542.0,944.0,46.55,2.78,4.24,77943.0,3375.0,89.93,1.57,2.63,30919.0,1820.0,35.67,1.55,3.58,52443.0,3021.0,60.51,2.53,3.5,8731.0,1213.0,10.07,1.34,8.45,41383.0,1878.0,47.7,1.06,2.76,45374.0,2153.0,52.3,1.37,2.88,6834.0,890.0,7.88,0.98,7.92,6766.0,876.0,7.8,0.96,7.87,6246.0,777.0,7.2,0.85,7.56,7831.0,667.0,9.03,0.68,5.18,8272.0,983.0,9.53,1.07,7.22,14402.0,1066.0,16.6,1.04,4.5,10119.0,933.0,11.66,0.97,5.61,11046.0,966.0,12.73,0.99,5.32,4415.0,594.0,5.09,0.65,8.18,3299.0,527.0,3.8,0.59,9.71,4586.0,675.0,5.29,0.75,8.95,2228.0,472.0,2.57,0.53,12.88,713.0,240.0,0.82,0.27,20.46,23286.0,1604.0,26.84,1.51,4.19,63471.0,2597.0,73.16,0.76,2.49,7527.0,972.0,8.68,1.07,7.85,5109.0,1032.0,5.89,1.17,12.28,10878.0,1127.0,12.54,1.2,6.3,15587.0,2057.0,17.97,2.26,8.02,1039.0,642.0,1.2,0.74,37.56,2904.0,540.0,3.35,0.61,11.3,19.0,32.0,0.02,0.04,102.38,51221.0,3519.0,59.04,3.32,4.18,62498.0,3498.0,72.04,2.85,3.4,24259.0,1888.0,27.96,1.87,4.73,6050.0,771.0,6.97,0.84,7.75,13775.0,1858.0,15.88,2.05,8.2,283.0,242.0,0.33,0.28,51.98,2894.0,540.0,3.34,0.61,11.34,0.0,,0.0,,,221.0,202.0,0.25,0.23,55.56,1036.0,334.0,1.19,0.38,19.6
10459,10459,10459,17453.0,719.0,100,,2.5,6880.0,664.0,39.42,3.44,5.87,15050.0,1486.0,29.34,2.39,6.0,728.0,222.0,4.84,1.4,18.54,993.0,331.0,6.6,2.1,20.26,5929.0,757.0,39.4,3.19,7.76,3500.0,463.0,23.26,2.05,8.04,3900.0,781.0,25.91,4.51,12.17,32482.0,1766.0,63.31,4.94,3.31,6243.0,996.0,19.22,2.88,9.7,4546.0,523.0,14.0,1.42,6.99,9045.0,840.0,27.85,2.1,5.65,4613.0,693.0,14.2,1.99,9.13,37795.0,2162.0,73.67,0.86,3.48,690.0,261.0,1.83,0.68,22.99,51128.0,2877.0,99.66,0.55,3.42,8748.0,934.0,17.11,1.55,6.49,13483.0,1269.0,26.28,1.99,5.72,1239.0,317.0,9.19,2.19,15.55,32388.0,2162.0,63.13,2.29,4.06,5092.0,704.0,15.72,1.9,8.4,5257.0,522.0,10.25,0.84,6.04,2417.0,375.0,45.98,5.48,9.43,50851.0,2858.0,99.12,0.47,3.42,47451.0,2728.0,93.31,1.13,3.49,3126.0,666.0,6.15,1.26,12.95,274.0,144.0,0.54,0.28,31.95,51303.0,2873.0,100,,3.4,35172.0,2255.0,68.56,2.14,3.9,30217.0,2041.0,58.9,2.22,4.11,4955.0,701.0,9.66,1.25,8.6,16131.0,1616.0,31.44,2.61,6.09,7828.0,957.0,48.53,3.4,7.43,8303.0,1102.0,51.47,4.48,8.07,74.0,80.0,0.46,0.49,65.72,111.0,79.0,0.69,0.48,43.27,2397.0,630.0,14.86,3.61,15.98,0.0,,0.0,,,13549.0,1464.0,83.99,3.4,6.57,0.0,,0.0,,,47730.0,2785.0,93.04,1.52,3.55,15524.0,1419.0,32.52,2.29,5.56,14016.0,1404.0,29.37,2.39,6.09,27538.0,2018.0,57.7,2.56,4.45,15926.0,743.0,91.25,2.0,2.84,14224.0,760.0,81.5,2.77,3.25,39541.0,2285.0,77.07,1.1,3.51,24239.0,1673.0,61.3,2.31,4.2,21353.0,1684.0,54.0,2.9,4.79,2864.0,403.0,7.24,0.93,8.55,22.0,36.0,0.06,0.09,99.47,15302.0,1227.0,38.7,2.15,4.87,,,11.82,1.45,8.55,20646.0,1673.0,40.24,2.36,4.93,3817.0,535.0,18.49,2.11,8.52,1294.0,369.0,6.27,1.71,17.34,11680.0,1091.0,56.57,2.63,5.68,2159.0,497.0,10.46,2.25,13.99,1192.0,422.0,5.77,1.99,21.52,21353.0,1684.0,41.62,2.31,4.79,36.0,43.0,0.17,0.2,72.61,996.0,254.0,4.66,1.13,15.5,856.0,346.0,4.01,1.59,24.57,327.0,140.0,1.53,0.64,26.03,2421.0,483.0,11.34,2.08,12.13,1381.0,315.0,6.47,1.38,13.87,159.0,88.0,0.74,0.41,33.64,1602.0,330.0,7.5,1.43,12.52,2713.0,555.0,12.71,2.4,12.44,6743.0,867.0,31.58,3.21,7.82,2386.0,556.0,11.17,2.45,14.17,1128.0,294.0,5.28,1.31,15.84,605.0,176.0,2.83,0.79,17.68,2205.0,320.0,12.63,1.76,8.82,1725.0,264.0,9.88,1.46,9.3,2626.0,512.0,15.05,2.87,11.85,1877.0,434.0,10.75,2.45,14.06,2277.0,442.0,13.05,2.47,11.8,2799.0,531.0,16.04,2.97,11.53,1655.0,307.0,9.48,1.72,11.28,1339.0,264.0,7.67,1.48,11.99,464.0,222.0,2.66,1.27,29.09,486.0,200.0,2.78,1.14,25.02,12860.0,797.0,73.68,3.41,3.77,4658.0,523.0,26.69,2.79,6.83,2127.0,425.0,12.19,2.38,12.15,2482.0,301.0,14.22,1.62,7.37,1790.0,284.0,10.26,1.57,9.64,7262.0,537.0,41.61,2.56,4.5,46880.0,2818.0,91.69,1.94,3.65,18985.0,2081.0,37.13,3.49,6.66,33080.0,2250.0,64.7,2.47,4.13,4248.0,807.0,8.31,1.51,11.55,25511.0,1840.0,49.73,2.26,4.38,25792.0,1461.0,50.27,0.43,3.44,3573.0,606.0,6.96,1.11,10.31,3588.0,591.0,6.99,1.08,10.01,3934.0,559.0,7.67,1.0,8.64,3987.0,573.0,7.77,1.03,8.74,3739.0,646.0,7.29,1.19,10.5,8122.0,952.0,15.83,1.63,7.13,6749.0,712.0,13.16,1.18,6.41,6264.0,931.0,12.21,1.68,9.04,3079.0,489.0,6.0,0.89,9.65,2891.0,456.0,5.64,0.83,9.59,3264.0,432.0,6.36,0.76,8.05,1526.0,257.0,2.97,0.47,10.24,587.0,210.0,1.14,0.4,21.75,13486.0,1269.0,26.29,1.99,5.72,37817.0,2160.0,73.71,0.83,3.47,5377.0,529.0,10.48,0.85,5.98,5563.0,1311.0,10.84,2.48,14.33,6164.0,979.0,12.01,1.79,9.66,17878.0,2067.0,34.85,3.52,7.03,275.0,180.0,0.54,0.35,39.79,158.0,93.0,0.31,0.18,35.78,35.0,55.0,0.07,0.11,95.53,21230.0,1792.0,41.38,2.61,5.13,34599.0,2329.0,67.44,2.52,4.09,16704.0,2027.0,32.56,3.51,7.38,820.0,312.0,1.6,0.6,23.13,15117.0,2023.0,29.47,3.58,8.14,128.0,194.0,0.25,0.38,92.14,135.0,93.0,0.26,0.18,41.88,0.0,,0.0,,,30.0,32.0,0.06,0.06,64.84,474.0,268.0,0.92,0.52,34.37
10460,10460,10460,21480.0,739.0,100,,2.09,7906.0,594.0,36.81,2.46,4.57,16624.0,1465.0,27.72,2.12,5.36,1063.0,435.0,6.39,2.56,24.88,560.0,178.0,3.37,1.03,19.32,7256.0,761.0,43.65,2.48,6.38,3577.0,530.0,21.52,2.56,9.01,4168.0,650.0,25.07,3.23,9.48,38737.0,1663.0,64.58,3.96,2.61,6217.0,926.0,16.05,2.29,9.05,5887.0,746.0,15.2,1.81,7.7,11406.0,1185.0,29.44,2.79,6.32,5372.0,733.0,13.87,1.8,8.29,44642.0,2012.0,74.43,0.81,2.74,758.0,256.0,1.7,0.57,20.53,59951.0,2621.0,99.95,6.18,2.66,10556.0,990.0,17.61,1.46,5.7,15326.0,1269.0,25.55,1.8,5.03,1195.0,367.0,7.8,2.31,18.67,37388.0,1968.0,62.34,1.82,3.2,6314.0,699.0,16.89,1.64,6.73,7237.0,858.0,12.07,1.33,7.21,3047.0,411.0,42.1,2.71,8.2,59335.0,2659.0,98.93,0.96,2.72,55292.0,2541.0,93.19,0.95,2.79,3691.0,824.0,6.22,1.36,13.57,352.0,162.0,0.59,0.27,27.98,59979.0,2624.0,100,,2.66,41145.0,2124.0,68.6,1.88,3.14,34534.0,1953.0,57.58,2.06,3.44,6611.0,878.0,11.02,1.38,8.07,18834.0,1363.0,31.4,1.81,4.4,9651.0,916.0,51.24,3.15,5.77,9183.0,1071.0,48.76,4.46,7.09,485.0,258.0,2.58,1.36,32.34,974.0,505.0,5.17,2.66,31.52,2005.0,546.0,10.65,2.79,16.55,0.0,,0.0,,,15360.0,1354.0,81.55,4.1,5.36,10.0,21.0,0.05,0.11,127.66,56088.0,2517.0,93.51,0.93,2.73,20272.0,1682.0,36.14,2.52,5.04,15458.0,1302.0,27.56,1.96,5.12,31648.0,2015.0,56.43,2.55,3.87,19664.0,806.0,91.55,2.04,2.49,16963.0,801.0,78.97,2.55,2.87,46683.0,2092.0,77.83,0.76,2.72,27026.0,1597.0,57.89,2.23,3.59,23131.0,1497.0,49.55,2.31,3.93,3895.0,554.0,8.34,1.13,8.65,0.0,,0.0,,,19657.0,1530.0,42.11,2.68,4.73,,,14.41,1.86,8.65,22249.0,1525.0,37.09,1.96,4.17,4495.0,607.0,20.2,2.35,8.21,820.0,247.0,3.69,1.08,18.31,13970.0,1145.0,62.79,2.82,4.98,1075.0,348.0,4.83,1.53,19.68,1382.0,447.0,6.21,1.96,19.66,23131.0,1497.0,38.57,1.84,3.93,1.0,,0.0,,,1393.0,362.0,6.02,1.52,15.8,630.0,264.0,2.72,1.13,25.47,556.0,209.0,2.4,0.89,22.85,2397.0,357.0,10.36,1.39,9.05,2067.0,500.0,8.94,2.08,14.7,498.0,206.0,2.15,0.88,25.15,1052.0,348.0,4.55,1.48,20.11,2216.0,460.0,9.58,1.89,12.62,8439.0,814.0,36.48,2.61,5.86,1896.0,408.0,8.2,1.68,13.08,1121.0,316.0,4.85,1.33,17.14,865.0,236.0,3.74,0.99,16.59,3177.0,488.0,14.79,2.21,9.34,2652.0,429.0,12.35,1.95,9.83,3440.0,494.0,16.01,2.23,8.73,2141.0,392.0,9.97,1.79,11.13,2640.0,473.0,12.29,2.16,10.89,2641.0,394.0,12.3,1.78,9.07,1997.0,419.0,9.3,1.92,12.75,1835.0,409.0,8.54,1.88,13.55,525.0,170.0,2.44,0.79,19.68,432.0,180.0,2.01,0.84,25.33,15502.0,728.0,72.17,2.31,2.85,5962.0,658.0,27.76,2.91,6.71,2402.0,352.0,11.18,1.59,8.91,2867.0,401.0,13.35,1.81,8.5,2500.0,377.0,11.64,1.71,9.17,10542.0,679.0,49.08,2.67,3.92,55561.0,2360.0,92.68,5.65,2.58,22062.0,1795.0,36.8,2.53,4.95,40063.0,2205.0,66.83,2.23,3.35,4390.0,776.0,7.32,1.25,10.75,28689.0,1656.0,47.83,1.8,3.51,31290.0,1718.0,52.17,1.73,3.34,3891.0,592.0,6.49,0.95,9.25,4037.0,583.0,6.73,0.93,8.78,4581.0,590.0,7.64,0.93,7.83,4262.0,638.0,7.11,1.02,9.1,4471.0,663.0,7.45,1.06,9.01,9929.0,821.0,16.55,1.16,5.03,7707.0,892.0,12.85,1.38,7.04,7188.0,684.0,11.98,1.01,5.78,3614.0,550.0,6.03,0.88,9.25,3062.0,387.0,5.11,0.61,7.68,4657.0,813.0,7.76,1.31,10.61,1749.0,328.0,2.92,0.53,11.4,831.0,247.0,1.39,0.41,18.07,15337.0,1269.0,25.57,1.8,5.03,44642.0,2012.0,74.43,0.81,2.74,7237.0,858.0,12.07,1.33,7.21,8254.0,1463.0,13.76,2.36,10.77,9533.0,1253.0,15.89,1.97,7.99,20511.0,1652.0,34.2,2.31,4.9,381.0,239.0,0.64,0.4,38.13,827.0,324.0,1.38,0.54,23.82,124.0,123.0,0.21,0.2,60.3,20349.0,1873.0,33.93,2.75,5.6,39939.0,2424.0,66.59,2.8,3.69,20040.0,1607.0,33.41,2.25,4.87,1979.0,627.0,3.3,1.04,19.26,15566.0,1546.0,25.95,2.31,6.04,136.0,167.0,0.23,0.28,74.65,729.0,319.0,1.22,0.53,26.6,77.0,97.0,0.13,0.16,76.58,567.0,432.0,0.95,0.72,46.32,986.0,378.0,1.64,0.63,23.3
10461,10461,10461,19084.0,731.0,100,,2.33,6027.0,606.0,31.58,2.94,6.11,13178.0,1252.0,24.98,2.11,5.78,770.0,210.0,5.84,1.49,16.58,616.0,174.0,4.67,1.24,17.17,5723.0,749.0,43.43,3.91,7.96,1940.0,344.0,14.72,2.2,10.78,4129.0,693.0,31.33,4.34,10.2,37759.0,1507.0,71.57,4.21,2.43,3767.0,617.0,9.98,1.58,9.96,3489.0,669.0,9.24,1.73,11.66,10035.0,890.0,26.58,2.1,5.39,10154.0,783.0,26.89,1.77,4.69,41298.0,1730.0,78.28,4.71,2.55,1367.0,291.0,3.31,0.69,12.94,51839.0,2298.0,98.26,0.99,2.69,7038.0,793.0,13.58,1.41,6.85,11425.0,975.0,21.66,1.59,5.19,620.0,240.0,5.43,2.05,23.53,32327.0,1792.0,61.28,2.13,3.37,3187.0,534.0,9.86,1.56,10.19,8087.0,653.0,15.33,1.05,4.91,3231.0,468.0,39.95,4.8,8.81,52154.0,2259.0,98.86,0.34,2.63,46909.0,2349.0,89.94,2.26,3.04,4891.0,847.0,9.38,1.57,10.53,354.0,158.0,0.68,0.3,27.13,52756.0,2278.0,100,,2.62,37891.0,2188.0,71.82,2.75,3.51,33321.0,2061.0,63.16,2.8,3.76,4570.0,788.0,8.66,1.45,10.48,14865.0,1128.0,28.18,1.76,4.61,8466.0,735.0,56.95,2.4,5.28,6399.0,850.0,43.05,4.69,8.07,3225.0,731.0,21.7,4.63,13.78,4048.0,622.0,27.23,3.64,9.34,317.0,203.0,2.13,1.36,38.93,19.0,31.0,0.13,0.21,99.18,7256.0,876.0,48.81,4.58,7.34,0.0,,0.0,,,49838.0,2164.0,94.47,0.43,2.64,21504.0,1879.0,43.15,3.27,5.31,10518.0,997.0,21.1,1.78,5.76,18088.0,1617.0,36.29,2.84,5.43,17181.0,820.0,90.03,2.56,2.9,16059.0,781.0,84.15,2.52,2.96,42371.0,1840.0,80.32,0.37,2.64,26008.0,1475.0,61.38,2.24,3.45,23778.0,1319.0,56.12,1.94,3.37,2202.0,472.0,5.2,1.09,13.03,28.0,34.0,0.07,0.08,73.82,16363.0,1111.0,38.62,2.02,4.13,,,8.47,1.75,13.03,23108.0,1266.0,43.8,1.48,3.33,8203.0,789.0,35.5,2.81,5.85,1047.0,201.0,4.53,0.83,11.67,10384.0,749.0,44.94,2.11,4.38,1806.0,350.0,7.82,1.45,11.78,1101.0,276.0,4.76,1.17,15.24,23778.0,1319.0,45.07,1.57,3.37,0.0,,0.0,,,1628.0,376.0,6.85,1.54,14.04,915.0,303.0,3.85,1.26,20.13,278.0,114.0,1.17,0.48,24.93,2225.0,554.0,9.36,2.27,15.14,1880.0,337.0,7.91,1.35,10.9,462.0,145.0,1.94,0.6,19.08,1766.0,323.0,7.43,1.29,11.12,2736.0,499.0,11.51,2.0,11.09,7128.0,581.0,29.98,1.79,4.95,2478.0,405.0,10.42,1.6,9.94,1037.0,244.0,4.36,1.0,14.3,1245.0,283.0,5.24,1.15,13.82,1209.0,309.0,6.34,1.6,15.54,1037.0,264.0,5.43,1.37,15.48,1695.0,381.0,8.88,1.97,13.66,1659.0,374.0,8.69,1.93,13.7,2323.0,410.0,12.17,2.1,10.73,3250.0,448.0,17.03,2.26,8.38,2471.0,374.0,12.95,1.9,9.2,2972.0,325.0,15.57,1.6,6.65,1201.0,226.0,6.29,1.16,11.44,1267.0,350.0,6.64,1.82,16.79,14817.0,750.0,77.64,2.57,3.08,5795.0,545.0,30.37,2.61,5.72,3600.0,374.0,18.86,1.82,6.32,1583.0,321.0,8.29,1.65,12.33,1195.0,387.0,6.26,2.01,19.69,3448.0,583.0,18.07,2.98,10.28,48712.0,2314.0,93.97,1.6,2.89,32158.0,2004.0,62.03,2.72,3.79,22892.0,1613.0,44.16,2.42,4.28,3127.0,596.0,6.03,1.12,11.59,25706.0,1302.0,48.73,1.29,3.08,27050.0,1419.0,51.27,1.53,3.19,2918.0,436.0,5.53,0.79,9.08,3274.0,514.0,6.21,0.94,9.54,3598.0,613.0,6.82,1.12,10.36,2353.0,421.0,4.46,0.77,10.88,2854.0,618.0,5.41,1.15,13.16,8570.0,995.0,16.24,1.75,7.06,6891.0,642.0,13.06,1.08,5.66,7218.0,710.0,13.68,1.21,5.98,3225.0,467.0,6.11,0.84,8.8,3087.0,431.0,5.85,0.78,8.49,4885.0,492.0,9.26,0.84,6.12,2579.0,380.0,4.89,0.69,8.96,1304.0,314.0,2.47,0.59,14.64,11430.0,975.0,21.67,1.59,5.19,41326.0,1726.0,78.33,4.71,2.54,8768.0,706.0,16.62,1.13,4.89,3843.0,841.0,7.28,1.56,13.3,23826.0,1718.0,45.16,2.61,4.38,5098.0,1068.0,9.66,1.98,12.74,365.0,204.0,0.69,0.39,33.98,5979.0,747.0,11.33,1.33,7.59,35.0,55.0,0.07,0.1,95.53,13610.0,1828.0,25.8,3.28,8.16,26472.0,2082.0,50.18,3.3,4.78,26284.0,1834.0,49.82,2.73,4.24,15588.0,1419.0,29.55,2.37,5.53,3961.0,917.0,7.51,1.71,14.07,80.0,80.0,0.15,0.15,60.79,5759.0,726.0,10.92,1.29,7.66,35.0,55.0,0.07,0.1,95.53,365.0,189.0,0.69,0.36,31.48,496.0,213.0,0.94,0.4,26.11
10462,10462,10462,29843.0,862.0,100,,1.76,9879.0,682.0,33.1,2.08,4.2,18897.0,1349.0,24.08,1.51,4.34,1256.0,446.0,6.65,2.31,21.59,908.0,228.0,4.8,1.16,15.26,7407.0,748.0,39.2,2.8,6.14,4098.0,558.0,21.69,2.51,8.28,5228.0,646.0,27.67,2.79,7.51,53581.0,1906.0,68.28,0.65,2.16,4707.0,575.0,8.78,1.03,7.43,4886.0,647.0,9.12,1.16,8.05,15440.0,1091.0,28.82,1.76,4.3,15037.0,1255.0,28.06,2.12,5.07,59800.0,1978.0,76.21,3.63,2.01,1343.0,302.0,2.25,0.5,13.67,78197.0,2649.0,99.65,4.8,2.06,10780.0,874.0,13.79,1.02,4.93,18646.0,1357.0,23.76,1.53,4.42,1069.0,307.0,5.73,1.59,17.46,49440.0,1859.0,63.0,0.98,2.29,5625.0,592.0,11.38,1.12,6.4,10111.0,693.0,12.89,0.76,4.17,4086.0,523.0,40.41,4.37,7.78,77223.0,2644.0,98.41,4.77,2.08,71825.0,2790.0,93.01,1.71,2.36,4852.0,998.0,6.28,1.27,12.5,546.0,213.0,0.71,0.27,23.71,78470.0,2689.0,100,,2.08,54235.0,2270.0,69.12,1.66,2.54,45604.0,2119.0,58.12,1.82,2.82,8631.0,920.0,11.0,1.11,6.48,24235.0,1673.0,30.88,1.85,4.2,12678.0,1109.0,52.31,2.81,5.32,11557.0,1241.0,47.69,3.92,6.53,1795.0,270.0,7.41,0.99,9.14,8571.0,1013.0,35.37,3.39,7.18,2187.0,479.0,9.02,1.88,13.31,0.0,,0.0,,,11640.0,1165.0,48.03,3.48,6.08,42.0,62.0,0.17,0.26,89.74,72720.0,2612.0,92.67,1.0,2.18,29234.0,2010.0,40.2,2.36,4.18,17544.0,1214.0,24.13,1.43,4.21,26954.0,1867.0,37.07,2.2,4.21,27450.0,956.0,91.98,1.79,2.12,25962.0,997.0,87.0,2.2,2.33,61594.0,2104.0,78.49,3.8,2.08,39915.0,1629.0,64.8,1.45,2.48,36156.0,1505.0,58.7,1.4,2.53,3743.0,580.0,6.08,0.92,9.42,16.0,20.0,0.03,0.03,75.99,21679.0,1258.0,35.2,1.65,3.53,,,9.38,1.4,9.42,35412.0,1528.0,45.13,1.18,2.62,8954.0,763.0,25.29,1.86,5.18,1265.0,276.0,3.57,0.76,13.26,20012.0,1149.0,56.51,2.14,3.49,1894.0,358.0,5.35,0.98,11.49,2332.0,475.0,6.59,1.31,12.38,36156.0,1505.0,46.08,1.09,2.53,43.0,42.0,0.12,0.12,59.38,1827.0,413.0,5.05,1.12,13.74,1671.0,381.0,4.62,1.04,13.86,434.0,153.0,1.2,0.42,21.43,3647.0,520.0,10.09,1.38,8.67,3457.0,553.0,9.56,1.48,9.72,476.0,171.0,1.32,0.47,21.84,2609.0,412.0,7.22,1.1,9.6,3589.0,528.0,9.93,1.4,8.94,11606.0,871.0,32.1,2.0,4.56,3540.0,457.0,9.79,1.2,7.85,1414.0,307.0,3.91,0.83,13.2,1843.0,473.0,5.1,1.29,15.6,2352.0,367.0,7.88,1.21,9.49,1525.0,323.0,5.11,1.07,12.88,2793.0,419.0,9.36,1.38,9.12,2468.0,377.0,8.27,1.24,9.29,2993.0,439.0,10.03,1.44,8.92,6544.0,628.0,21.93,2.01,5.83,3720.0,360.0,12.47,1.15,5.88,4560.0,685.0,15.28,2.25,9.13,1759.0,313.0,5.89,1.03,10.82,1129.0,282.0,3.78,0.94,15.18,24091.0,1028.0,80.73,2.54,2.59,7291.0,518.0,24.43,1.59,4.32,4669.0,454.0,15.65,1.45,5.91,2829.0,389.0,9.48,1.27,8.36,1428.0,332.0,4.79,1.1,14.13,6752.0,599.0,22.63,1.9,5.39,73316.0,2647.0,93.76,1.17,2.19,41169.0,2794.0,52.65,3.1,4.13,39321.0,2053.0,50.28,2.0,3.17,4881.0,708.0,6.24,0.88,8.82,38750.0,1424.0,49.38,0.66,2.23,39720.0,1801.0,50.62,1.5,2.76,5750.0,753.0,7.33,0.93,7.96,4928.0,547.0,6.28,0.66,6.75,5306.0,636.0,6.76,0.78,7.29,4147.0,498.0,5.28,0.61,7.3,4758.0,550.0,6.06,0.67,7.03,13771.0,1172.0,17.55,1.37,5.17,11155.0,826.0,14.22,0.93,4.5,9447.0,679.0,12.04,0.76,4.37,4868.0,505.0,6.2,0.61,6.31,3996.0,470.0,5.09,0.57,7.15,6138.0,636.0,7.82,0.76,6.3,3217.0,369.0,4.1,0.45,6.97,989.0,271.0,1.26,0.34,16.66,18654.0,1357.0,23.77,1.53,4.42,59816.0,1979.0,76.23,3.63,2.01,10344.0,721.0,13.18,0.8,4.24,6422.0,979.0,8.18,1.22,9.27,15172.0,1460.0,19.33,1.74,5.85,20127.0,1875.0,25.65,2.22,5.66,832.0,435.0,1.06,0.55,31.78,11680.0,1136.0,14.88,1.35,5.91,13.0,21.0,0.02,0.03,98.2,24224.0,2386.0,30.87,2.85,5.99,37603.0,2559.0,47.92,2.82,4.14,40867.0,2365.0,52.08,2.43,3.52,8534.0,727.0,10.88,0.85,5.18,17499.0,1823.0,22.3,2.19,6.33,390.0,273.0,0.5,0.35,42.55,11577.0,1125.0,14.75,1.34,5.91,0.0,,0.0,,,837.0,380.0,1.07,0.48,27.6,2030.0,643.0,2.59,0.81,19.26
10463,10463,10463,30201.0,1075.0,100,,2.16,8639.0,749.0,28.61,2.26,5.27,18103.0,1756.0,24.71,2.15,5.9,1350.0,319.0,7.46,1.61,14.36,720.0,222.0,3.98,1.16,18.74,7547.0,1029.0,41.69,3.99,8.29,3579.0,709.0,19.77,3.41,12.04,4907.0,749.0,27.11,3.19,9.28,52376.0,2078.0,71.5,4.19,2.41,4356.0,749.0,8.32,1.39,10.45,4686.0,906.0,8.95,1.69,11.75,9979.0,839.0,19.05,1.41,5.11,22040.0,1091.0,42.08,1.25,3.01,57429.0,2259.0,78.39,4.58,2.39,2167.0,435.0,3.77,0.74,12.2,71416.0,3154.0,97.49,0.89,2.68,12687.0,1503.0,17.76,1.95,7.2,15815.0,1504.0,21.59,1.83,5.78,1187.0,508.0,7.51,3.13,26.02,41761.0,2117.0,57.01,1.51,3.08,6303.0,916.0,15.09,2.06,8.83,13840.0,899.0,18.89,0.92,3.95,5197.0,701.0,37.55,4.44,8.2,72486.0,3158.0,98.95,0.54,2.65,65856.0,2784.0,90.85,5.52,2.57,6255.0,1246.0,8.63,1.68,12.11,375.0,240.0,0.52,0.33,38.91,73256.0,3166.0,100,,2.63,51181.0,2537.0,69.87,1.7,3.01,47211.0,2269.0,64.45,1.35,2.92,3970.0,792.0,5.42,1.06,12.13,22075.0,1872.0,30.13,2.2,5.16,15038.0,1371.0,68.12,2.28,5.54,7037.0,1118.0,31.88,4.28,9.66,3292.0,493.0,14.91,1.84,9.1,2509.0,552.0,11.37,2.31,13.37,898.0,361.0,4.07,1.6,24.44,28.0,37.0,0.13,0.17,80.33,15185.0,1571.0,68.79,4.08,6.29,163.0,65.0,0.74,0.29,24.24,68821.0,3042.0,93.95,0.87,2.69,32890.0,1839.0,47.79,1.64,3.4,13334.0,1459.0,19.37,1.94,6.65,29036.0,2351.0,42.19,2.86,4.92,27552.0,1060.0,91.23,1.33,2.34,26383.0,1042.0,87.36,1.5,2.4,58730.0,2231.0,80.17,4.61,2.31,35294.0,1983.0,60.1,2.49,3.42,32259.0,1862.0,54.93,2.39,3.51,3035.0,587.0,5.17,0.98,11.76,0.0,,0.0,,,23436.0,1275.0,39.9,1.55,3.31,,,8.6,1.59,11.76,31065.0,1777.0,42.41,1.59,3.48,7860.0,797.0,25.3,2.12,6.16,1419.0,335.0,4.57,1.05,14.35,15758.0,1141.0,50.73,2.25,4.4,2346.0,426.0,7.55,1.3,11.04,2749.0,571.0,8.85,1.77,12.63,32259.0,1862.0,44.04,1.68,3.51,25.0,38.0,0.08,0.12,92.4,1339.0,336.0,4.15,1.01,15.25,756.0,285.0,2.34,0.87,22.92,676.0,202.0,2.1,0.61,18.17,2264.0,489.0,7.02,1.46,13.13,1754.0,406.0,5.44,1.22,14.07,1015.0,309.0,3.15,0.94,18.51,2977.0,436.0,9.23,1.24,8.9,3901.0,693.0,12.09,2.03,10.8,11845.0,855.0,36.72,1.59,4.39,2478.0,449.0,7.68,1.32,11.01,1609.0,306.0,4.99,0.9,11.56,1620.0,424.0,5.02,1.28,15.91,2008.0,396.0,6.65,1.29,11.99,2260.0,629.0,7.48,2.07,16.92,2885.0,410.0,9.55,1.31,8.64,2216.0,532.0,7.34,1.74,14.59,3151.0,468.0,10.43,1.5,9.03,4743.0,578.0,15.7,1.83,7.41,3136.0,451.0,10.38,1.45,8.74,4289.0,502.0,14.2,1.58,7.12,2652.0,428.0,8.78,1.38,9.81,2861.0,346.0,9.47,1.09,7.35,22336.0,1128.0,73.96,2.65,3.07,10382.0,850.0,34.38,2.53,4.98,6755.0,660.0,22.37,2.04,5.94,2398.0,446.0,7.94,1.45,11.31,1606.0,334.0,5.32,1.09,12.64,6557.0,900.0,21.71,2.88,8.34,68217.0,3057.0,95.52,0.73,2.72,44563.0,2503.0,62.4,2.17,3.41,33497.0,2287.0,46.9,2.44,4.15,3199.0,551.0,4.48,0.75,10.47,33588.0,1788.0,45.85,1.43,3.24,39668.0,1944.0,54.15,1.25,2.98,4435.0,653.0,6.05,0.85,8.95,4238.0,724.0,5.79,0.96,10.39,4593.0,693.0,6.27,0.91,9.17,3782.0,500.0,5.16,0.65,8.04,3832.0,785.0,5.23,1.05,12.45,9233.0,919.0,12.6,1.13,6.05,8785.0,987.0,11.99,1.24,6.83,9707.0,890.0,13.25,1.07,5.57,4504.0,670.0,6.15,0.88,9.04,4846.0,751.0,6.62,0.98,9.42,8567.0,706.0,11.69,0.82,5.01,4510.0,534.0,6.16,0.68,7.2,2224.0,378.0,3.04,0.5,10.33,15827.0,1504.0,21.61,1.83,5.78,57429.0,2259.0,78.39,4.58,2.39,15301.0,931.0,20.89,0.89,3.7,7018.0,1100.0,9.58,1.44,9.53,32415.0,2648.0,44.25,3.07,4.97,11915.0,1344.0,16.26,1.69,6.86,822.0,405.0,1.12,0.55,29.95,2740.0,606.0,3.74,0.81,13.44,68.0,78.0,0.09,0.11,69.73,18278.0,2048.0,24.95,2.58,6.81,37727.0,2838.0,51.5,3.17,4.57,35529.0,1619.0,48.5,0.7,2.77,21529.0,1437.0,29.39,1.49,4.06,8721.0,1227.0,11.9,1.59,8.55,226.0,250.0,0.31,0.34,67.25,2676.0,602.0,3.65,0.81,13.68,34.0,52.0,0.05,0.07,92.97,501.0,229.0,0.68,0.31,27.79,1842.0,493.0,2.51,0.66,16.27
10464,10464,"10464, 10803",1958.0,259.0,100,,8.04,380.0,208.0,19.41,10.31,33.27,760.0,443.0,17.21,9.44,35.43,0.0,,0.0,,,97.0,128.0,12.76,15.11,80.22,441.0,231.0,58.03,45.47,31.84,38.0,39.0,5.0,4.22,62.39,184.0,137.0,24.21,11.22,45.26,3580.0,712.0,81.05,2.48,12.09,99.0,98.0,2.77,2.68,60.18,124.0,94.0,3.46,2.53,46.08,824.0,321.0,23.02,7.71,23.68,1715.0,479.0,47.91,9.39,16.98,3780.0,752.0,85.58,2.65,12.09,280.0,134.0,7.41,3.22,29.09,4417.0,868.0,100.0,0.0,11.95,966.0,324.0,21.87,5.94,20.39,637.0,365.0,14.42,7.76,34.83,73.0,109.0,11.46,15.8,90.77,2688.0,783.0,60.86,13.09,17.71,365.0,175.0,13.58,5.17,29.15,1092.0,296.0,24.72,4.62,16.48,528.0,276.0,48.35,21.61,31.78,4365.0,826.0,98.82,26.96,11.5,4027.0,789.0,92.26,4.68,11.91,338.0,262.0,7.74,5.82,47.12,0.0,,0.0,,,4417.0,868.0,100,,11.95,3468.0,765.0,78.51,7.87,13.41,3292.0,770.0,74.53,9.45,14.22,176.0,150.0,3.98,3.3,51.81,949.0,236.0,21.49,3.27,15.12,636.0,190.0,67.02,11.09,18.16,313.0,167.0,32.98,15.57,32.43,508.0,169.0,53.53,11.83,20.22,87.0,54.0,9.17,5.21,37.73,14.0,23.0,1.48,2.4,99.87,0.0,,0.0,,,219.0,180.0,23.08,18.08,49.96,121.0,95.0,12.75,9.5,47.73,4321.0,835.0,97.83,26.96,11.75,3149.0,644.0,72.88,4.88,12.43,131.0,119.0,3.03,2.69,55.22,676.0,422.0,15.64,9.29,37.95,1870.0,275.0,95.51,6.14,8.94,1733.0,306.0,88.51,10.35,10.73,3780.0,752.0,85.58,2.65,12.09,2465.0,707.0,65.21,13.47,17.44,2207.0,540.0,58.39,8.32,14.87,258.0,223.0,6.83,5.74,52.54,0.0,,0.0,,,1315.0,290.0,34.79,3.31,13.41,,,10.47,8.53,52.54,2207.0,540.0,49.97,7.28,14.87,1049.0,317.0,47.53,8.43,18.37,218.0,217.0,9.88,9.53,60.51,575.0,233.0,26.05,8.42,24.63,216.0,147.0,9.79,6.22,41.37,149.0,93.0,6.75,3.88,37.94,2207.0,540.0,49.97,7.28,14.87,0.0,,0.0,,,427.0,257.0,19.35,10.64,36.59,33.0,38.0,1.5,1.68,70.0,96.0,72.0,4.35,3.08,45.59,65.0,68.0,2.95,3.0,63.6,96.0,81.0,4.35,3.51,51.29,59.0,60.0,2.67,2.64,61.82,230.0,206.0,10.42,8.98,54.45,186.0,134.0,8.43,5.71,43.8,453.0,167.0,20.53,5.66,22.41,335.0,158.0,15.18,6.12,28.67,27.0,34.0,1.22,1.51,76.55,200.0,165.0,9.06,7.14,50.15,49.0,52.0,2.5,2.64,64.51,19.0,32.0,0.97,1.63,102.38,68.0,76.0,3.47,3.85,67.94,216.0,141.0,11.03,7.05,39.68,118.0,93.0,6.03,4.68,47.91,235.0,122.0,12.0,6.03,31.56,101.0,73.0,5.16,3.67,43.94,387.0,161.0,19.77,7.8,25.29,379.0,214.0,19.36,10.63,34.32,386.0,186.0,19.71,9.13,29.29,1450.0,303.0,74.06,11.98,12.7,753.0,185.0,38.46,7.96,14.94,625.0,175.0,31.92,7.88,17.02,47.0,45.0,2.4,2.28,58.2,0.0,,0.0,,,159.0,121.0,8.12,6.09,46.26,4161.0,850.0,94.2,5.26,12.42,3390.0,860.0,76.75,12.31,15.42,1667.0,412.0,37.74,5.66,15.02,256.0,151.0,5.8,3.22,35.86,2261.0,493.0,51.19,4.84,13.26,2156.0,454.0,48.81,3.69,12.8,96.0,98.0,2.17,2.18,62.06,400.0,301.0,9.06,6.58,45.74,127.0,124.0,2.88,2.75,59.35,87.0,78.0,1.97,1.72,54.5,127.0,80.0,2.88,1.72,38.29,789.0,335.0,17.86,6.72,25.81,505.0,203.0,11.43,4.01,24.44,914.0,469.0,20.69,9.81,31.19,126.0,70.0,2.85,1.48,33.77,154.0,95.0,3.49,2.04,37.5,464.0,154.0,10.5,2.81,20.18,529.0,275.0,11.98,5.76,31.6,99.0,77.0,2.24,1.69,47.28,637.0,365.0,14.42,7.76,34.83,3780.0,752.0,85.58,2.65,12.09,1092.0,296.0,24.72,4.62,16.48,204.0,197.0,4.62,4.37,58.7,3399.0,690.0,76.95,3.92,12.34,31.0,50.0,0.7,1.12,98.05,0.0,,0.0,,,87.0,54.0,1.97,1.16,37.73,0.0,,0.0,,,696.0,512.0,15.76,11.17,44.72,1187.0,660.0,26.87,13.98,33.8,3230.0,648.0,73.13,2.95,12.2,3033.0,641.0,68.67,5.34,12.85,31.0,50.0,0.7,1.12,98.05,0.0,,0.0,,,87.0,54.0,1.97,1.16,37.73,0.0,,0.0,,,79.0,93.0,1.79,2.08,71.56,0.0,,0.0,,
10465,10465,10465,16211.0,667.0,100,,2.5,5339.0,484.0,32.93,2.66,5.51,12844.0,999.0,27.8,1.71,4.73,1211.0,340.0,9.43,2.54,17.07,184.0,143.0,1.43,1.11,47.24,3906.0,501.0,30.41,3.1,7.8,2603.0,430.0,20.27,2.95,10.04,4940.0,693.0,38.46,4.49,8.53,31145.0,1451.0,67.41,4.48,2.83,2674.0,443.0,8.59,1.36,10.07,2218.0,458.0,7.12,1.43,12.55,8598.0,676.0,27.61,1.75,4.78,8826.0,938.0,28.34,2.71,6.46,35893.0,1746.0,77.68,0.82,2.96,1453.0,342.0,4.05,0.93,14.31,45733.0,2178.0,98.98,0.36,2.9,9460.0,1153.0,20.69,2.32,7.41,10288.0,1028.0,22.27,1.96,6.07,560.0,265.0,5.44,2.52,28.77,28490.0,1566.0,61.66,1.71,3.34,5727.0,981.0,20.1,3.26,10.41,6955.0,580.0,15.05,1.03,5.07,3173.0,438.0,45.62,5.02,8.39,45624.0,2148.0,98.74,6.6,2.86,42595.0,2064.0,93.36,1.07,2.95,2573.0,552.0,5.64,1.18,13.04,456.0,352.0,1.0,0.77,46.93,46205.0,2194.0,100,,2.89,37844.0,1543.0,81.9,5.13,2.48,35512.0,1419.0,76.86,4.77,2.43,2332.0,426.0,5.05,0.89,11.1,8361.0,1240.0,18.1,2.54,9.02,5495.0,1057.0,65.72,8.05,11.69,2866.0,604.0,34.28,5.13,12.81,1672.0,369.0,20.0,3.27,13.42,1682.0,510.0,20.12,5.32,18.43,190.0,85.0,2.27,0.96,27.2,0.0,,0.0,,,4808.0,968.0,57.51,7.83,12.24,9.0,17.0,0.11,0.2,114.83,42916.0,1953.0,92.88,6.11,2.77,25934.0,1434.0,60.43,1.9,3.36,4713.0,691.0,10.98,1.53,8.91,12569.0,1341.0,29.29,2.83,6.49,14761.0,730.0,91.06,2.5,3.01,14258.0,720.0,87.95,2.57,3.07,37309.0,1776.0,80.75,0.27,2.89,21990.0,1311.0,58.94,2.12,3.62,20588.0,1268.0,55.18,2.16,3.74,1378.0,353.0,3.69,0.93,15.57,24.0,28.0,0.06,0.07,70.92,15319.0,1060.0,41.06,2.06,4.21,,,6.27,1.56,15.57,20129.0,1268.0,43.56,1.8,3.83,10151.0,937.0,50.43,3.4,5.61,1526.0,433.0,7.58,2.1,17.25,5758.0,874.0,28.61,3.95,9.23,777.0,223.0,3.86,1.08,17.45,1282.0,352.0,6.37,1.7,16.69,20588.0,1268.0,44.56,1.75,3.74,50.0,40.0,0.24,0.19,48.63,1328.0,364.0,6.45,1.72,16.66,830.0,384.0,4.03,1.85,28.12,352.0,172.0,1.71,0.83,29.7,1402.0,315.0,6.81,1.47,13.66,1802.0,439.0,8.75,2.06,14.81,249.0,71.0,1.21,0.34,17.33,1669.0,489.0,8.11,2.32,17.81,1971.0,336.0,9.57,1.52,10.36,6851.0,569.0,33.28,1.85,5.05,1831.0,541.0,8.89,2.57,17.96,948.0,255.0,4.6,1.21,16.35,1305.0,295.0,6.34,1.38,13.74,1379.0,367.0,8.51,2.24,16.18,978.0,262.0,6.03,1.6,16.29,1343.0,311.0,8.28,1.89,14.08,944.0,222.0,5.82,1.35,14.3,1184.0,278.0,7.3,1.69,14.27,1868.0,319.0,11.52,1.91,10.38,1754.0,284.0,10.82,1.69,9.84,2814.0,394.0,17.36,2.32,8.51,2267.0,395.0,13.98,2.37,10.59,1680.0,247.0,10.36,1.46,8.94,11935.0,628.0,73.62,2.41,3.2,5471.0,553.0,33.75,3.12,6.14,3701.0,430.0,22.83,2.48,7.06,1228.0,294.0,7.58,1.79,14.55,674.0,232.0,4.16,1.42,20.92,2566.0,430.0,15.83,2.57,10.19,44141.0,2134.0,96.52,0.8,2.94,33901.0,2042.0,74.13,2.73,3.66,16827.0,1332.0,36.79,2.33,4.81,1592.0,403.0,3.48,0.87,15.39,23382.0,1312.0,50.6,1.51,3.41,22823.0,1247.0,49.4,1.34,3.32,3289.0,615.0,7.12,1.29,11.37,2061.0,453.0,4.46,0.96,13.36,2989.0,548.0,6.47,1.15,11.15,3558.0,522.0,7.7,1.07,8.92,3163.0,433.0,6.85,0.88,8.32,5697.0,745.0,12.33,1.5,7.95,5885.0,635.0,12.74,1.23,6.56,6391.0,809.0,13.83,1.62,7.7,3385.0,764.0,7.33,1.62,13.72,2416.0,355.0,5.23,0.73,8.93,3423.0,416.0,7.41,0.83,7.39,2537.0,437.0,5.49,0.91,10.47,1411.0,290.0,3.05,0.61,12.49,10288.0,1028.0,22.27,1.96,6.07,35917.0,1748.0,77.73,0.83,2.96,7371.0,627.0,15.95,1.13,5.17,4734.0,1314.0,10.25,2.8,16.87,24703.0,1540.0,53.46,2.16,3.79,6303.0,1085.0,13.64,2.26,10.46,35.0,38.0,0.08,0.08,66.0,2717.0,835.0,5.88,1.79,18.68,144.0,235.0,0.31,0.51,99.21,7569.0,1115.0,16.38,2.28,8.96,20930.0,1825.0,45.3,3.31,5.3,25275.0,1600.0,54.7,2.29,3.85,17951.0,1179.0,38.85,1.76,3.99,3697.0,748.0,8.0,1.57,12.3,0.0,,0.0,,,2062.0,565.0,4.46,1.2,16.66,0.0,,0.0,,,649.0,472.0,1.4,1.02,44.21,916.0,473.0,1.98,1.02,31.39
10466,10466,10466,25014.0,953.0,100,,2.32,9590.0,826.0,38.34,2.96,5.24,20429.0,1812.0,26.96,2.09,5.39,1062.0,342.0,5.2,1.61,19.58,684.0,224.0,3.35,1.06,19.91,7724.0,1122.0,37.81,4.35,8.83,4387.0,724.0,21.47,2.99,10.03,6572.0,866.0,32.17,3.13,8.01,51092.0,2123.0,67.43,4.03,2.53,3695.0,622.0,7.23,1.18,10.23,6424.0,837.0,12.57,1.55,7.92,15994.0,1342.0,31.3,2.28,5.1,12509.0,1141.0,24.48,1.99,5.54,58650.0,2218.0,77.41,4.43,2.3,902.0,259.0,1.54,0.44,17.46,75251.0,3251.0,99.32,0.51,2.63,10391.0,1219.0,13.81,1.51,7.13,17054.0,1689.0,22.51,2.01,6.02,1603.0,497.0,9.4,2.76,18.85,48058.0,2037.0,63.43,3.82,2.58,5756.0,963.0,11.98,1.94,10.17,10139.0,928.0,13.38,1.08,5.56,3032.0,505.0,29.9,4.16,10.13,75029.0,3243.0,99.03,0.53,2.63,66856.0,3325.0,89.11,2.19,3.02,6954.0,1863.0,9.27,2.45,16.29,1219.0,471.0,1.62,0.62,23.49,75767.0,3250.0,100,,2.61,42949.0,2605.0,56.69,2.43,3.69,38949.0,2449.0,51.41,2.36,3.82,4000.0,663.0,5.28,0.85,10.08,32818.0,1717.0,43.31,1.3,3.18,21578.0,1543.0,65.75,3.21,4.35,11240.0,1143.0,34.25,2.99,6.18,426.0,161.0,1.3,0.49,22.97,761.0,340.0,2.32,1.03,27.16,3805.0,897.0,11.59,2.67,14.33,0.0,,0.0,,,27712.0,1611.0,84.44,2.14,3.53,114.0,95.0,0.35,0.29,50.66,71260.0,2971.0,94.05,5.63,2.53,48807.0,2564.0,68.49,2.19,3.19,6869.0,966.0,9.64,1.29,8.55,14250.0,1925.0,20.0,2.57,8.21,23287.0,982.0,93.1,1.68,2.56,21232.0,965.0,84.88,2.1,2.76,60893.0,2264.0,80.37,4.56,2.26,37271.0,1816.0,61.21,1.93,2.96,33583.0,1564.0,55.15,1.55,2.83,3677.0,645.0,6.04,1.04,10.66,11.0,15.0,0.02,0.02,82.9,23622.0,1820.0,38.79,2.62,4.68,,,9.87,1.66,10.66,32462.0,1633.0,42.84,1.13,3.06,11450.0,1206.0,35.27,3.26,6.4,3192.0,726.0,9.83,2.18,13.83,14356.0,1294.0,44.22,3.31,5.48,1146.0,361.0,3.53,1.1,19.15,1432.0,393.0,4.41,1.19,16.68,33583.0,1564.0,44.32,0.8,2.83,31.0,47.0,0.09,0.14,92.17,1881.0,377.0,5.6,1.09,12.18,554.0,174.0,1.65,0.51,19.09,660.0,310.0,1.97,0.92,28.55,3144.0,522.0,9.36,1.49,10.09,2733.0,465.0,8.14,1.33,10.34,510.0,220.0,1.52,0.65,26.22,1693.0,404.0,5.04,1.18,14.51,2917.0,595.0,8.69,1.72,12.4,13619.0,1041.0,40.55,2.46,4.65,2742.0,873.0,8.16,2.57,19.35,1889.0,499.0,5.62,1.46,16.06,1210.0,268.0,3.6,0.78,13.46,2336.0,580.0,9.34,2.29,15.09,1516.0,356.0,6.06,1.4,14.28,2398.0,540.0,9.59,2.13,13.69,2012.0,340.0,8.04,1.32,10.27,2273.0,420.0,9.09,1.64,11.23,4091.0,546.0,16.35,2.09,8.11,2921.0,439.0,11.68,1.7,9.14,4201.0,542.0,16.79,2.07,7.84,1425.0,281.0,5.7,1.1,11.99,1841.0,462.0,7.36,1.83,15.26,19294.0,815.0,77.13,1.41,2.57,7677.0,713.0,30.69,2.6,5.65,4542.0,620.0,18.16,2.38,8.3,2422.0,430.0,9.68,1.68,10.79,2066.0,516.0,8.26,2.04,15.18,6180.0,765.0,24.71,2.91,7.53,68860.0,3281.0,91.51,1.84,2.9,42576.0,2534.0,56.58,2.32,3.62,34082.0,2557.0,45.29,2.78,4.56,6391.0,1301.0,8.49,1.69,12.37,33422.0,1851.0,44.11,1.55,3.37,42345.0,2185.0,55.89,1.6,3.14,4507.0,733.0,5.95,0.93,9.89,3980.0,800.0,5.25,1.03,12.22,5479.0,801.0,7.23,1.01,8.89,5243.0,673.0,6.92,0.84,7.8,5466.0,721.0,7.21,0.9,8.02,11305.0,1137.0,14.92,1.36,6.11,8565.0,786.0,11.3,0.92,5.58,10840.0,1171.0,14.31,1.42,6.57,5265.0,727.0,6.95,0.91,8.39,4713.0,585.0,6.22,0.72,7.55,6170.0,744.0,8.14,0.92,7.33,3080.0,406.0,4.07,0.51,8.01,1154.0,439.0,1.52,0.58,23.13,17106.0,1689.0,22.58,2.01,6.0,58661.0,2215.0,77.42,4.42,2.3,10404.0,948.0,13.73,1.1,5.54,3112.0,790.0,4.11,1.03,15.43,6861.0,1185.0,9.06,1.52,10.5,51654.0,3416.0,68.17,3.43,4.02,498.0,294.0,0.66,0.39,35.89,1857.0,423.0,2.45,0.55,13.85,17.0,27.0,0.02,0.04,96.55,11768.0,2175.0,15.53,2.79,11.24,20181.0,2384.0,26.64,2.93,7.18,55586.0,2853.0,73.36,2.07,3.12,1735.0,404.0,2.29,0.52,14.16,48251.0,3089.0,63.68,3.03,3.89,181.0,145.0,0.24,0.19,48.7,1857.0,423.0,2.45,0.55,13.85,0.0,,0.0,,,2065.0,730.0,2.73,0.96,21.49,1497.0,612.0,1.98,0.8,24.85
10467,10467,10467,38175.0,1107.0,100,,1.76,13339.0,774.0,34.94,1.76,3.53,28581.0,1591.0,27.96,1.23,3.38,1903.0,452.0,6.66,1.54,14.44,1848.0,380.0,6.47,1.28,12.5,11898.0,1067.0,41.63,2.93,5.45,5301.0,649.0,18.55,2.02,7.44,7631.0,808.0,26.7,2.4,6.44,67026.0,2229.0,65.58,3.12,2.02,8183.0,1188.0,12.21,1.73,8.83,8646.0,889.0,12.9,1.26,6.25,19169.0,1259.0,28.6,1.62,3.99,13732.0,1131.0,20.49,1.54,5.01,76036.0,2413.0,74.39,3.46,1.93,1528.0,289.0,2.01,0.37,11.5,100907.0,3471.0,98.73,0.49,2.09,14579.0,1112.0,14.45,0.98,4.64,26106.0,1537.0,25.54,1.23,3.58,1240.0,319.0,4.75,1.19,15.64,63767.0,2265.0,62.39,0.63,2.16,8470.0,830.0,13.28,1.21,5.96,11034.0,920.0,10.8,0.82,5.07,4869.0,749.0,44.13,5.7,9.35,100857.0,3409.0,98.68,4.73,2.05,90697.0,3201.0,89.93,0.91,2.15,9073.0,1415.0,9.0,1.37,9.48,1087.0,462.0,1.08,0.46,25.84,102209.0,3479.0,100,,2.07,63984.0,2643.0,62.6,1.47,2.51,56394.0,2346.0,55.18,1.32,2.53,7590.0,1104.0,7.43,1.05,8.84,38225.0,2294.0,37.4,1.85,3.65,18385.0,1357.0,48.1,2.07,4.49,19840.0,1846.0,51.9,3.69,5.66,2988.0,605.0,7.82,1.51,12.31,4998.0,805.0,13.08,1.95,9.79,2825.0,656.0,7.39,1.66,14.12,0.0,,0.0,,,27401.0,2199.0,71.68,3.82,4.88,13.0,18.0,0.03,0.05,84.17,94934.0,3202.0,92.88,4.45,2.05,39062.0,2060.0,41.15,1.67,3.21,25309.0,1897.0,26.66,1.78,4.56,42558.0,2628.0,44.83,2.32,3.75,34721.0,1083.0,90.95,1.05,1.9,31901.0,1231.0,83.57,2.13,2.35,78581.0,2492.0,76.88,3.58,1.93,48929.0,2031.0,62.27,1.67,2.52,43195.0,1883.0,54.97,1.64,2.65,5698.0,567.0,7.25,0.68,6.05,36.0,55.0,0.05,0.07,92.87,29652.0,1512.0,37.73,1.51,3.1,,,11.65,1.05,6.05,41713.0,1896.0,40.81,1.23,2.76,9194.0,1018.0,22.04,2.23,6.73,1815.0,415.0,4.35,0.98,13.9,24436.0,1524.0,58.58,2.5,3.79,3325.0,488.0,7.97,1.11,8.92,2110.0,393.0,5.06,0.91,11.32,43195.0,1883.0,42.26,1.15,2.65,12.0,21.0,0.03,0.05,106.38,2105.0,403.0,4.87,0.91,11.64,1358.0,357.0,3.14,0.82,15.98,593.0,192.0,1.37,0.44,19.68,4389.0,699.0,10.16,1.56,9.68,3745.0,630.0,8.67,1.41,10.23,605.0,190.0,1.4,0.44,19.09,2276.0,417.0,5.27,0.94,11.14,4413.0,596.0,10.22,1.31,8.21,15030.0,1041.0,34.8,1.87,4.21,5001.0,652.0,11.58,1.42,7.93,2712.0,461.0,6.28,1.03,10.33,956.0,201.0,2.21,0.46,12.78,4165.0,564.0,10.91,1.44,8.23,3597.0,645.0,9.42,1.67,10.9,4496.0,643.0,11.78,1.65,8.69,3897.0,542.0,10.21,1.39,8.45,5197.0,569.0,13.61,1.44,6.66,6637.0,602.0,17.39,1.49,5.51,4074.0,569.0,10.67,1.46,8.49,3796.0,459.0,9.94,1.17,7.35,1442.0,281.0,3.78,0.73,11.85,874.0,204.0,2.29,0.53,14.19,28338.0,1190.0,74.23,2.25,2.55,9217.0,844.0,24.14,2.1,5.57,5041.0,657.0,13.2,1.68,7.92,4059.0,516.0,10.63,1.32,7.73,3164.0,511.0,8.29,1.32,9.82,13067.0,906.0,34.23,2.16,4.21,92707.0,3254.0,91.87,0.64,2.13,46713.0,2729.0,46.29,2.19,3.55,57052.0,2837.0,56.54,2.03,3.02,8200.0,1071.0,8.13,1.02,7.94,48271.0,2215.0,47.23,1.45,2.79,53938.0,2029.0,52.77,0.85,2.29,7275.0,829.0,7.12,0.77,6.93,7567.0,802.0,7.4,0.74,6.44,7573.0,725.0,7.41,0.66,5.82,6254.0,631.0,6.12,0.58,6.13,6514.0,845.0,6.37,0.8,7.89,16620.0,1296.0,16.26,1.14,4.74,13798.0,872.0,13.5,0.72,3.84,12592.0,1036.0,12.32,0.92,5.0,7105.0,795.0,6.95,0.74,6.8,4985.0,503.0,4.88,0.46,6.13,7197.0,867.0,7.04,0.81,7.32,3185.0,476.0,3.12,0.45,9.09,1544.0,299.0,1.51,0.29,11.77,26137.0,1540.0,25.57,1.23,3.58,76072.0,2419.0,74.43,3.47,1.93,11926.0,972.0,11.67,0.86,4.95,8035.0,1353.0,7.86,1.3,10.24,21729.0,1822.0,21.26,1.63,5.1,33228.0,1970.0,32.51,1.58,3.6,1169.0,605.0,1.14,0.59,31.46,6508.0,1086.0,6.37,1.04,10.14,67.0,75.0,0.07,0.07,68.05,31473.0,2960.0,30.79,2.7,5.72,53378.0,3145.0,52.22,2.51,3.58,48831.0,2175.0,47.78,1.37,2.71,9410.0,1093.0,9.21,1.02,7.06,29546.0,1842.0,28.91,1.51,3.79,729.0,591.0,0.71,0.58,49.28,6373.0,1064.0,6.24,1.02,10.15,19.0,31.0,0.02,0.03,99.18,554.0,224.0,0.54,0.22,24.58,2200.0,727.0,2.15,0.71,20.09
10468,10468,10468,27795.0,1232.0,100,,2.69,10994.0,890.0,39.55,2.68,4.92,21071.0,1234.0,25.55,1.06,3.56,1665.0,470.0,7.9,2.18,17.16,1285.0,319.0,6.1,1.47,15.09,9206.0,851.0,43.69,3.12,5.62,4737.0,562.0,22.48,2.32,7.21,4178.0,615.0,19.83,2.68,8.95,53117.0,2334.0,64.4,0.98,2.67,8007.0,956.0,15.07,1.67,7.26,7367.0,800.0,13.87,1.38,6.6,15636.0,1352.0,29.44,2.19,5.26,7931.0,826.0,14.93,1.41,6.33,60293.0,2437.0,73.1,4.22,2.46,1150.0,432.0,1.91,0.71,22.84,81621.0,3400.0,98.96,0.59,2.53,10124.0,1373.0,12.4,1.6,8.24,22100.0,1870.0,26.79,1.98,5.14,1091.0,420.0,4.94,1.85,23.4,51003.0,2279.0,61.84,1.06,2.72,5831.0,1007.0,11.43,1.91,10.5,8518.0,1040.0,10.33,1.19,7.42,3202.0,612.0,37.59,5.53,11.62,81486.0,3326.0,98.79,5.73,2.48,74200.0,3336.0,91.06,1.72,2.73,6640.0,1213.0,8.15,1.45,11.11,646.0,268.0,0.79,0.33,25.22,82480.0,3401.0,100,,2.51,43748.0,2590.0,53.04,2.25,3.6,38288.0,2474.0,46.42,2.31,3.93,5460.0,870.0,6.62,1.02,9.69,38732.0,2409.0,46.96,2.19,3.78,17182.0,1479.0,44.36,2.64,5.23,21550.0,1811.0,55.64,3.14,5.11,722.0,288.0,1.86,0.73,24.25,1703.0,576.0,4.4,1.46,20.56,2068.0,704.0,5.34,1.79,20.69,0.0,,0.0,,,34234.0,2348.0,88.39,2.56,4.17,5.0,7.0,0.01,0.02,85.11,75144.0,2854.0,91.11,5.11,2.31,14482.0,1419.0,19.27,1.74,5.96,31045.0,2178.0,41.31,2.44,4.26,54906.0,2659.0,73.07,2.2,2.94,25648.0,1187.0,92.28,1.23,2.81,24087.0,1318.0,86.66,2.78,3.33,62548.0,2515.0,75.83,4.37,2.44,39013.0,1991.0,62.37,1.96,3.1,34464.0,1922.0,55.1,2.13,3.39,4467.0,744.0,7.14,1.15,10.12,82.0,52.0,0.13,0.08,38.55,23535.0,1752.0,37.63,2.36,4.53,,,11.45,1.82,10.12,32619.0,1829.0,39.55,1.5,3.41,4455.0,689.0,13.66,1.97,9.4,801.0,234.0,2.46,0.7,17.76,21753.0,1602.0,66.69,3.18,4.48,2541.0,540.0,7.79,1.6,12.92,2263.0,565.0,6.94,1.69,15.18,34464.0,1922.0,41.78,1.57,3.39,24.0,27.0,0.07,0.08,68.39,1601.0,386.0,4.65,1.09,14.66,1341.0,540.0,3.89,1.55,24.48,486.0,169.0,1.41,0.48,21.14,3873.0,620.0,11.24,1.69,9.73,2562.0,473.0,7.43,1.31,11.22,375.0,194.0,1.09,0.56,31.45,2786.0,619.0,8.08,1.74,13.51,2867.0,548.0,8.32,1.52,11.62,10192.0,907.0,29.57,2.05,5.41,4923.0,789.0,14.28,2.15,9.74,2409.0,464.0,6.99,1.29,11.71,1025.0,374.0,2.97,1.07,22.18,4206.0,774.0,15.13,2.7,11.19,1866.0,349.0,6.71,1.22,11.37,3770.0,524.0,13.56,1.79,8.45,2625.0,619.0,9.44,2.19,14.33,3890.0,606.0,14.0,2.09,9.47,4651.0,702.0,16.73,2.41,9.18,3063.0,433.0,11.02,1.48,8.59,2701.0,739.0,9.72,2.62,16.63,443.0,160.0,1.59,0.57,21.96,580.0,196.0,2.09,0.7,20.54,20723.0,1012.0,74.56,1.53,2.97,6872.0,879.0,24.72,2.97,7.78,3340.0,772.0,12.02,2.73,14.05,3215.0,487.0,11.57,1.68,9.21,2576.0,486.0,9.27,1.7,11.47,11879.0,1190.0,42.74,3.84,6.09,73712.0,3024.0,90.31,5.28,2.49,30619.0,2448.0,37.51,2.56,4.86,52062.0,2979.0,63.79,2.5,3.48,7909.0,1252.0,9.69,1.48,9.62,39749.0,2345.0,48.19,2.03,3.59,42731.0,2004.0,51.81,1.16,2.85,7336.0,1091.0,8.89,1.27,9.04,5392.0,669.0,6.54,0.77,7.54,5943.0,674.0,7.21,0.76,6.89,5595.0,696.0,6.78,0.8,7.56,5097.0,635.0,6.18,0.73,7.57,13920.0,1245.0,16.88,1.34,5.44,10931.0,1108.0,13.25,1.23,6.16,9660.0,1147.0,11.71,1.3,7.22,5255.0,687.0,6.37,0.79,7.95,4274.0,678.0,5.18,0.79,9.64,5152.0,695.0,6.25,0.8,8.2,2849.0,644.0,3.45,0.77,13.74,1076.0,405.0,1.3,0.49,22.88,22105.0,1868.0,26.8,1.98,5.14,60375.0,2439.0,73.2,4.23,2.46,9077.0,1034.0,11.01,1.17,6.92,7596.0,1492.0,9.21,1.77,11.94,11015.0,1619.0,13.35,1.88,8.94,18434.0,2302.0,22.35,2.63,7.59,1259.0,618.0,1.53,0.75,29.84,2165.0,588.0,2.62,0.7,16.51,310.0,310.0,0.38,0.38,60.79,41701.0,3188.0,50.56,3.25,4.65,65410.0,3148.0,79.3,1.97,2.93,17070.0,1646.0,20.7,1.8,5.86,2136.0,411.0,2.59,0.49,11.7,11423.0,1570.0,13.85,1.82,8.36,268.0,212.0,0.32,0.26,48.09,2151.0,589.0,2.61,0.71,16.65,0.0,,0.0,,,677.0,342.0,0.82,0.41,30.71,415.0,195.0,0.5,0.24,28.56
10469,10469,10469,23517.0,1000.0,100,,2.58,8683.0,636.0,36.92,2.2,4.45,18863.0,1305.0,25.05,1.39,4.21,932.0,288.0,4.94,1.49,18.78,666.0,254.0,3.53,1.32,23.18,7013.0,672.0,37.18,2.46,5.83,4581.0,673.0,24.29,3.15,8.93,5671.0,732.0,30.06,3.28,7.85,52183.0,2073.0,69.31,3.98,2.41,3869.0,506.0,7.41,0.92,7.95,5152.0,641.0,9.87,1.16,7.56,14709.0,1365.0,28.19,2.36,5.64,14004.0,1097.0,26.84,1.81,4.76,58805.0,2454.0,78.1,0.36,2.54,1640.0,427.0,2.79,0.72,15.83,72992.0,3124.0,96.95,1.02,2.6,9372.0,797.0,12.84,0.94,5.17,16377.0,1205.0,21.75,1.32,4.47,811.0,268.0,4.95,1.6,20.09,45060.0,2020.0,59.85,1.02,2.73,4572.0,664.0,10.15,1.4,8.83,11555.0,1247.0,15.35,1.53,6.56,3989.0,544.0,34.52,2.88,8.29,74250.0,3072.0,98.62,5.78,2.52,68580.0,3111.0,92.36,1.72,2.76,5240.0,1044.0,7.06,1.38,12.11,430.0,149.0,0.58,0.2,21.06,75290.0,3123.0,100,,2.52,46037.0,2413.0,61.15,1.96,3.19,41302.0,2177.0,54.86,1.78,3.2,4735.0,1037.0,6.29,1.35,13.31,29253.0,2348.0,38.85,2.67,4.88,19298.0,1640.0,65.97,1.84,5.17,9955.0,1409.0,34.03,3.97,8.6,1811.0,386.0,6.19,1.22,12.96,2885.0,575.0,9.86,1.8,12.12,3512.0,697.0,12.01,2.18,12.06,0.0,,0.0,,,20909.0,2163.0,71.48,4.66,6.29,136.0,134.0,0.46,0.46,59.9,70986.0,2941.0,94.28,5.53,2.52,44317.0,3049.0,62.43,3.43,4.18,8604.0,1010.0,12.12,1.33,7.14,15536.0,1708.0,21.89,2.23,6.68,21912.0,935.0,93.18,0.33,2.59,20178.0,895.0,85.8,1.08,2.7,61509.0,2613.0,81.7,0.75,2.58,36282.0,1920.0,58.99,1.86,3.22,33146.0,1773.0,53.89,1.75,3.25,3078.0,526.0,5.0,0.83,10.39,58.0,90.0,0.09,0.15,94.33,25227.0,1555.0,41.01,1.83,3.75,,,8.48,1.38,10.39,31969.0,1755.0,42.46,1.53,3.34,13853.0,1186.0,43.33,2.85,5.2,2182.0,470.0,6.83,1.42,13.09,12653.0,1216.0,39.58,3.12,5.84,1451.0,384.0,4.54,1.18,16.09,1118.0,263.0,3.5,0.8,14.3,33146.0,1773.0,44.02,1.49,3.25,41.0,38.0,0.12,0.11,56.34,1737.0,376.0,5.24,1.1,13.16,936.0,219.0,2.82,0.64,14.22,335.0,137.0,1.01,0.41,24.86,3334.0,486.0,10.06,1.36,8.86,2681.0,442.0,8.09,1.26,10.02,503.0,154.0,1.52,0.46,18.61,1915.0,387.0,5.78,1.13,12.29,2741.0,488.0,8.27,1.4,10.82,14372.0,1354.0,43.36,3.36,5.73,1745.0,406.0,5.26,1.19,14.14,1712.0,429.0,5.17,1.26,15.23,1094.0,235.0,3.3,0.69,13.06,2033.0,523.0,8.64,2.19,15.64,918.0,227.0,3.9,0.95,15.03,2094.0,466.0,8.9,1.95,13.53,1761.0,367.0,7.49,1.53,12.67,2212.0,395.0,9.41,1.63,10.86,3334.0,442.0,14.18,1.78,8.06,3273.0,509.0,13.92,2.08,9.45,3890.0,638.0,16.54,2.62,9.97,2185.0,374.0,9.29,1.54,10.41,1817.0,289.0,7.73,1.18,9.67,17894.0,906.0,76.09,2.09,3.08,7988.0,842.0,33.97,3.28,6.41,5060.0,746.0,21.52,3.04,8.96,1912.0,355.0,8.13,1.47,11.29,1361.0,444.0,5.79,1.87,19.83,5577.0,597.0,23.71,2.33,6.51,69176.0,3094.0,94.77,1.23,2.72,46162.0,2639.0,63.24,2.4,3.48,32654.0,2434.0,44.74,2.73,4.53,3816.0,746.0,5.23,1.0,11.88,34286.0,1776.0,45.54,1.41,3.15,41004.0,2134.0,54.46,1.71,3.16,4304.0,715.0,5.72,0.92,10.1,3478.0,586.0,4.62,0.75,10.24,5115.0,667.0,6.79,0.84,7.93,5243.0,651.0,6.96,0.81,7.55,4967.0,700.0,6.6,0.89,8.57,10722.0,958.0,14.24,1.13,5.43,8545.0,807.0,11.35,0.96,5.74,9226.0,886.0,12.25,1.06,5.84,5341.0,494.0,7.09,0.59,5.62,5020.0,712.0,6.67,0.9,8.62,6571.0,804.0,8.73,1.0,7.44,4244.0,710.0,5.64,0.91,10.17,2514.0,521.0,3.34,0.68,12.6,16427.0,1207.0,21.82,1.32,4.47,58863.0,2465.0,78.18,0.45,2.55,13329.0,1233.0,17.7,1.46,5.62,4325.0,891.0,5.74,1.16,12.52,11838.0,1257.0,15.72,1.54,6.45,42738.0,2704.0,56.76,2.71,3.85,142.0,94.0,0.19,0.12,40.24,4136.0,830.0,5.49,1.08,12.2,10.0,21.0,0.01,0.03,127.66,12101.0,1698.0,16.07,2.15,8.53,21288.0,2109.0,28.27,2.54,6.02,54002.0,3004.0,71.73,2.66,3.38,7078.0,808.0,9.4,1.0,6.94,40163.0,2821.0,53.34,3.02,4.27,62.0,72.0,0.08,0.1,70.6,4096.0,827.0,5.44,1.07,12.27,10.0,21.0,0.01,0.03,127.66,896.0,541.0,1.19,0.72,36.7,1697.0,605.0,2.25,0.8,21.67
10470,10470,10470,6412.0,458.0,100,,4.34,1566.0,265.0,24.42,3.75,10.29,2915.0,433.0,17.72,2.15,9.03,481.0,231.0,16.5,7.54,29.19,20.0,32.0,0.69,1.09,97.26,740.0,244.0,25.39,7.47,20.04,450.0,175.0,15.44,5.55,23.64,1224.0,273.0,41.99,6.99,13.56,12503.0,1011.0,76.02,8.94,4.92,643.0,228.0,5.14,1.78,21.56,1334.0,411.0,10.67,3.17,18.73,3255.0,406.0,26.03,2.47,7.58,4502.0,624.0,36.01,4.05,8.43,13797.0,1206.0,83.89,1.58,5.31,378.0,108.0,2.74,0.75,17.37,16407.0,1406.0,99.76,0.74,5.21,2357.0,531.0,14.37,2.99,13.7,2632.0,447.0,16.0,2.35,10.32,69.0,52.0,2.62,1.92,45.81,11109.0,1131.0,67.55,3.75,6.19,1277.0,401.0,11.5,3.41,19.09,2666.0,417.0,16.21,2.12,9.51,1011.0,276.0,37.92,8.48,16.6,16177.0,1390.0,98.36,0.96,5.22,13985.0,1348.0,86.45,3.78,5.86,2126.0,598.0,13.14,3.52,17.1,66.0,72.0,0.41,0.44,66.32,16446.0,1404.0,100,,5.19,10917.0,1057.0,66.38,3.03,5.89,10309.0,981.0,62.68,2.64,5.78,608.0,209.0,3.7,1.23,20.9,5529.0,959.0,33.62,5.08,10.54,3526.0,736.0,63.77,7.41,12.69,2003.0,534.0,36.23,7.33,16.21,1039.0,331.0,18.79,5.02,19.37,209.0,142.0,3.78,2.48,41.3,433.0,328.0,7.83,5.77,46.05,0.0,,0.0,,,3844.0,758.0,69.52,6.52,11.99,4.0,8.0,0.07,0.14,121.58,15290.0,1347.0,92.97,2.02,5.36,11052.0,1029.0,72.28,2.18,5.66,1229.0,308.0,8.04,1.89,15.23,2436.0,517.0,15.93,3.08,12.9,5959.0,463.0,92.94,2.84,4.72,5422.0,502.0,84.56,4.98,5.63,14204.0,1287.0,86.37,2.62,5.51,9051.0,1013.0,63.72,4.19,6.8,8588.0,982.0,60.46,4.22,6.95,463.0,168.0,3.26,1.15,22.06,0.0,,0.0,,,5153.0,643.0,36.28,3.11,7.59,,,5.12,1.77,22.06,8259.0,977.0,50.22,4.11,7.19,3005.0,548.0,36.38,5.05,11.09,236.0,102.0,2.86,1.19,26.27,3797.0,610.0,45.97,5.0,9.77,280.0,131.0,3.39,1.53,28.44,631.0,237.0,7.64,2.72,22.83,8588.0,982.0,52.22,3.97,6.95,25.0,34.0,0.29,0.39,82.67,615.0,194.0,7.16,2.11,19.18,193.0,93.0,2.25,1.05,29.29,83.0,62.0,0.97,0.71,45.41,829.0,318.0,9.65,3.53,23.32,639.0,258.0,7.44,2.88,24.54,194.0,84.0,2.26,0.94,26.32,574.0,206.0,6.68,2.27,21.82,1166.0,292.0,13.58,3.02,15.22,2346.0,400.0,27.32,3.45,10.36,824.0,283.0,9.59,3.11,20.88,447.0,209.0,5.2,2.36,28.42,653.0,222.0,7.6,2.43,20.67,329.0,170.0,5.13,2.63,31.41,206.0,103.0,3.21,1.59,30.4,352.0,104.0,5.49,1.57,17.96,594.0,184.0,9.26,2.79,18.83,524.0,165.0,8.17,2.51,19.14,1468.0,423.0,22.89,6.39,17.52,773.0,169.0,12.06,2.49,13.29,974.0,209.0,15.19,3.07,13.04,520.0,153.0,8.11,2.31,17.89,672.0,238.0,10.48,3.64,21.53,5009.0,417.0,78.12,3.34,5.06,1946.0,255.0,30.35,3.33,7.97,1581.0,350.0,24.66,5.17,13.46,207.0,112.0,3.23,1.73,32.89,388.0,175.0,6.05,2.69,27.42,906.0,232.0,14.13,3.47,15.57,15197.0,1349.0,92.63,2.14,5.4,10637.0,1116.0,64.83,3.92,6.38,6256.0,842.0,38.13,3.96,8.18,1210.0,317.0,7.37,1.83,15.93,7513.0,898.0,45.68,3.82,7.27,8933.0,764.0,54.32,0.28,5.2,1156.0,294.0,7.03,1.68,15.46,560.0,231.0,3.41,1.37,25.08,478.0,173.0,2.91,1.02,22.0,650.0,240.0,3.95,1.42,22.45,1099.0,349.0,6.68,2.04,19.3,3070.0,482.0,18.67,2.46,9.54,2488.0,432.0,15.13,2.29,10.56,2156.0,411.0,13.11,2.23,11.59,1164.0,370.0,7.08,2.17,19.32,948.0,231.0,5.76,1.32,14.81,1429.0,340.0,8.69,1.93,14.46,975.0,215.0,5.93,1.21,13.41,273.0,95.0,1.66,0.56,21.15,2649.0,445.0,16.11,2.33,10.21,13797.0,1206.0,83.89,1.58,5.31,2677.0,417.0,16.28,2.12,9.47,1049.0,411.0,6.38,2.44,23.82,7214.0,870.0,43.86,3.74,7.33,6143.0,1061.0,37.35,5.61,10.5,66.0,47.0,0.4,0.28,43.29,559.0,291.0,3.4,1.75,31.65,0.0,,0.0,,,1415.0,507.0,8.6,2.99,21.78,3373.0,637.0,20.51,3.45,11.48,13073.0,1226.0,79.49,3.09,5.7,6267.0,740.0,38.11,3.11,7.18,5515.0,949.0,33.53,5.01,10.46,0.0,,0.0,,,559.0,291.0,3.4,1.75,31.65,0.0,,0.0,,,168.0,147.0,1.02,0.89,53.19,564.0,343.0,3.43,2.06,36.97
10471,10471,10471,9015.0,521.0,100,,3.51,1971.0,292.0,21.86,2.98,9.01,6367.0,875.0,27.22,3.18,8.35,355.0,136.0,5.58,1.99,23.29,150.0,84.0,2.36,1.28,34.04,1633.0,274.0,25.65,2.47,10.2,1266.0,581.0,19.88,8.71,27.9,2963.0,520.0,46.54,5.08,10.67,16593.0,1051.0,70.95,6.84,3.85,568.0,191.0,3.42,1.13,20.44,747.0,191.0,4.5,1.12,15.54,2607.0,390.0,15.71,2.13,9.09,9428.0,813.0,56.82,3.32,5.24,19266.0,1208.0,82.38,7.91,3.81,909.0,309.0,4.72,1.58,20.66,21867.0,1600.0,93.5,0.82,4.45,2646.0,426.0,12.1,1.74,9.79,4099.0,718.0,17.53,2.79,10.65,133.0,89.0,3.24,2.1,40.68,12346.0,1007.0,52.79,1.96,4.96,881.0,294.0,7.14,2.31,20.29,5422.0,656.0,23.18,2.24,7.35,1632.0,332.0,30.1,4.92,12.37,23097.0,1707.0,98.76,1.34,4.49,20408.0,1768.0,88.36,3.99,5.27,2608.0,511.0,11.29,2.05,11.91,81.0,68.0,0.35,0.29,51.03,23387.0,1699.0,100,,4.42,18778.0,1682.0,80.29,4.21,5.45,17924.0,1544.0,76.64,3.55,5.24,854.0,259.0,3.65,1.08,18.44,4609.0,605.0,19.71,2.15,7.98,2969.0,490.0,64.42,6.44,10.03,1640.0,394.0,35.58,7.16,14.6,1653.0,377.0,35.86,6.69,13.86,817.0,256.0,17.73,5.04,19.05,105.0,79.0,2.28,1.69,45.74,81.0,61.0,1.76,1.3,45.78,1908.0,467.0,41.4,8.55,14.88,45.0,41.0,0.98,0.88,55.39,22263.0,1675.0,95.19,1.86,4.57,14968.0,1340.0,67.23,3.26,5.44,2163.0,411.0,9.72,1.7,11.55,4363.0,783.0,19.6,3.19,10.91,8441.0,528.0,93.63,2.24,3.8,7962.0,537.0,88.32,3.07,4.1,19991.0,1526.0,85.48,2.0,4.64,10596.0,886.0,53.0,1.81,5.08,9919.0,854.0,49.62,1.98,5.23,677.0,174.0,3.39,0.83,15.62,0.0,,0.0,,,9395.0,1055.0,47.0,3.87,6.83,,,6.39,1.55,15.62,9720.0,870.0,41.56,2.17,5.44,3591.0,509.0,36.94,4.06,8.62,340.0,138.0,3.5,1.38,24.67,3574.0,597.0,36.77,5.19,10.15,609.0,207.0,6.27,2.05,20.66,1368.0,335.0,14.07,3.21,14.89,9919.0,854.0,42.41,1.96,5.23,16.0,20.0,0.16,0.2,75.99,312.0,166.0,3.15,1.65,32.34,306.0,115.0,3.08,1.13,22.85,144.0,86.0,1.45,0.86,36.31,606.0,178.0,6.11,1.72,17.86,230.0,103.0,2.32,1.02,27.22,192.0,86.0,1.94,0.85,27.23,1287.0,299.0,12.98,2.8,14.12,1323.0,227.0,13.34,1.98,10.43,3842.0,581.0,38.73,4.82,9.19,630.0,153.0,6.35,1.44,14.76,326.0,136.0,3.29,1.34,25.36,705.0,215.0,7.11,2.08,18.54,470.0,156.0,5.21,1.7,20.18,159.0,76.0,1.76,0.84,29.06,409.0,160.0,4.54,1.76,23.78,488.0,193.0,5.41,2.12,24.04,794.0,296.0,8.81,3.24,22.66,1152.0,300.0,12.78,3.24,15.83,1111.0,266.0,12.32,2.86,14.55,1914.0,286.0,21.23,2.93,9.08,1141.0,325.0,12.66,3.53,17.32,1377.0,241.0,15.27,2.52,10.64,6213.0,463.0,68.92,3.24,4.53,3508.0,471.0,38.91,4.72,8.16,2614.0,398.0,29.0,4.08,9.26,216.0,80.0,2.4,0.88,22.51,198.0,119.0,2.2,1.31,36.54,462.0,142.0,5.12,1.55,18.68,21128.0,1543.0,96.62,9.99,4.44,16725.0,1546.0,76.49,4.32,5.62,8006.0,966.0,36.61,3.51,7.33,739.0,222.0,3.38,0.98,18.26,10841.0,864.0,46.35,1.52,4.84,12546.0,1057.0,53.65,2.29,5.12,1124.0,281.0,4.81,1.15,15.2,783.0,199.0,3.35,0.82,15.45,1225.0,282.0,5.24,1.14,13.99,2067.0,613.0,8.84,2.54,18.03,1595.0,441.0,6.82,1.82,16.81,1954.0,367.0,8.36,1.45,11.42,2765.0,484.0,11.82,1.88,10.64,2274.0,288.0,9.72,1.01,7.7,1510.0,345.0,6.46,1.4,13.89,1417.0,236.0,6.06,0.91,10.12,3092.0,482.0,13.22,1.82,9.48,2032.0,415.0,8.69,1.66,12.42,1549.0,367.0,6.62,1.49,14.4,4121.0,719.0,17.62,2.8,10.61,19266.0,1208.0,82.38,7.91,3.81,6673.0,735.0,28.53,2.36,6.7,2652.0,999.0,11.34,4.19,22.9,14686.0,1118.0,62.8,1.43,4.63,2456.0,483.0,10.5,1.92,11.96,85.0,58.0,0.36,0.25,41.48,1029.0,296.0,4.4,1.22,17.49,0.0,,0.0,,,2479.0,635.0,10.6,2.6,15.57,6379.0,1263.0,27.28,5.02,12.04,17008.0,1170.0,72.72,7.28,4.18,13065.0,1045.0,55.86,1.87,4.86,2169.0,446.0,9.27,1.78,12.5,0.0,,0.0,,,895.0,270.0,3.83,1.12,18.34,0.0,,0.0,,,240.0,227.0,1.03,0.97,57.5,639.0,206.0,2.73,0.86,19.6
10472,10472,10472,21876.0,669.0,100,,1.86,8950.0,593.0,40.91,2.4,4.03,17770.0,1397.0,26.63,1.79,4.78,993.0,252.0,5.59,1.35,15.43,1329.0,333.0,7.48,1.78,15.23,7532.0,865.0,42.39,3.55,6.98,3694.0,516.0,20.79,2.4,8.49,4222.0,640.0,23.76,3.08,9.22,42041.0,1912.0,63.01,1.26,2.76,8174.0,990.0,19.44,2.18,7.36,5446.0,599.0,12.95,1.3,6.69,12894.0,1231.0,30.67,2.57,5.8,6141.0,726.0,14.61,1.59,7.19,48697.0,2028.0,72.99,0.6,2.53,788.0,167.0,1.62,0.34,12.88,66509.0,2730.0,99.68,0.42,2.5,8605.0,764.0,12.94,1.02,5.4,18001.0,1340.0,26.98,1.68,4.53,974.0,320.0,5.41,1.73,19.97,40381.0,1828.0,60.52,1.18,2.75,4498.0,551.0,11.14,1.27,7.45,8127.0,757.0,12.18,1.02,5.66,3133.0,480.0,38.55,4.69,9.31,65535.0,2709.0,98.22,0.64,2.51,61928.0,2732.0,94.5,1.46,2.68,3175.0,633.0,4.84,0.94,12.12,432.0,186.0,0.66,0.28,26.17,66720.0,2724.0,100,,2.48,39613.0,1962.0,59.37,1.66,3.01,33670.0,1879.0,50.46,1.92,3.39,5943.0,801.0,8.91,1.14,8.19,27107.0,1831.0,40.63,2.19,4.11,12088.0,1141.0,44.59,2.94,5.74,15019.0,1518.0,55.41,4.17,6.14,358.0,180.0,1.32,0.66,30.56,4002.0,765.0,14.76,2.64,11.62,2440.0,819.0,9.0,2.96,20.4,0.0,,0.0,,,20307.0,1419.0,74.91,1.34,4.25,0.0,,0.0,,,61385.0,2515.0,92.0,0.32,2.49,21189.0,1931.0,34.52,2.81,5.54,19565.0,1590.0,31.87,2.24,4.94,32124.0,1822.0,52.33,2.05,3.45,19163.0,692.0,87.6,1.68,2.2,16703.0,640.0,76.35,1.76,2.33,50778.0,2132.0,76.11,0.75,2.55,26270.0,1478.0,51.74,1.94,3.42,23285.0,1364.0,45.86,1.87,3.56,2981.0,470.0,5.87,0.89,9.58,4.0,9.0,0.01,0.02,136.78,24508.0,1601.0,48.26,2.42,3.97,,,11.35,1.67,9.58,22477.0,1346.0,33.69,1.48,3.64,5079.0,581.0,22.6,2.2,6.95,867.0,256.0,3.86,1.12,17.95,13385.0,1030.0,59.55,2.88,4.68,1485.0,296.0,6.61,1.26,12.12,1144.0,351.0,5.09,1.53,18.65,23285.0,1364.0,34.9,1.47,3.56,9.0,13.0,0.04,0.06,87.81,1882.0,349.0,8.08,1.42,11.27,663.0,209.0,2.85,0.88,19.16,431.0,168.0,1.85,0.71,23.7,3114.0,468.0,13.37,1.85,9.14,2069.0,397.0,8.89,1.62,11.66,163.0,112.0,0.7,0.48,41.77,1028.0,276.0,4.41,1.16,16.32,1674.0,356.0,7.19,1.47,12.93,7184.0,774.0,30.85,2.79,6.55,3166.0,533.0,13.6,2.15,10.23,1107.0,289.0,4.75,1.21,15.87,795.0,226.0,3.41,0.95,17.28,3556.0,453.0,16.26,2.01,7.74,1932.0,360.0,8.83,1.62,11.33,3015.0,475.0,13.78,2.13,9.58,2080.0,375.0,9.51,1.69,10.96,2851.0,449.0,13.03,2.01,9.57,3148.0,457.0,14.39,2.04,8.83,1761.0,309.0,8.05,1.39,10.67,2033.0,367.0,9.29,1.65,10.97,748.0,243.0,3.42,1.11,19.75,752.0,261.0,3.44,1.19,21.1,15001.0,678.0,68.57,2.28,2.75,5583.0,536.0,25.52,2.32,5.84,2901.0,439.0,13.26,1.97,9.2,3279.0,463.0,14.99,2.07,8.58,1595.0,312.0,7.29,1.41,11.89,8311.0,751.0,37.99,3.23,5.49,58222.0,2330.0,87.54,5.02,2.43,23753.0,1664.0,35.71,2.03,4.26,39929.0,2230.0,60.04,2.27,3.4,8287.0,1258.0,12.46,1.82,9.23,32362.0,1597.0,48.5,1.34,3.0,34358.0,1783.0,51.5,1.65,3.15,5335.0,623.0,8.0,0.87,7.1,4879.0,668.0,7.31,0.96,8.32,4833.0,735.0,7.24,1.06,9.24,4569.0,628.0,6.85,0.9,8.36,5063.0,618.0,7.59,0.87,7.42,10841.0,1034.0,16.25,1.4,5.8,8247.0,890.0,12.36,1.23,6.56,7603.0,715.0,11.4,0.97,5.72,3780.0,500.0,5.67,0.71,8.04,3296.0,450.0,4.94,0.64,8.3,4740.0,521.0,7.1,0.73,6.68,2550.0,426.0,3.82,0.62,10.16,984.0,308.0,1.47,0.46,19.03,18019.0,1341.0,27.01,1.68,4.52,48701.0,2027.0,72.99,0.59,2.53,8274.0,745.0,12.4,1.0,5.47,3830.0,813.0,5.74,1.2,12.9,6131.0,1020.0,9.19,1.48,10.11,18570.0,2121.0,27.83,2.97,6.94,647.0,413.0,0.97,0.62,38.8,5847.0,1076.0,8.76,1.57,11.19,37.0,85.0,0.06,0.13,139.65,31658.0,2150.0,47.45,2.58,4.13,40328.0,2253.0,60.44,2.3,3.4,26392.0,2335.0,39.56,3.1,5.38,1716.0,452.0,2.57,0.67,16.01,16263.0,1954.0,24.38,2.75,7.3,116.0,94.0,0.17,0.14,49.26,5657.0,1133.0,8.48,1.66,12.18,37.0,85.0,0.06,0.13,139.65,1403.0,596.0,2.1,0.89,25.82,1200.0,458.0,1.8,0.68,23.2
10473,10473,10473,22362.0,952.0,100,,2.59,7884.0,896.0,35.26,3.72,6.91,15361.0,1315.0,25.48,1.86,5.2,1222.0,386.0,7.96,2.42,19.2,825.0,327.0,5.37,2.08,24.1,6209.0,847.0,40.42,4.29,8.29,3504.0,535.0,22.81,2.88,9.28,3601.0,610.0,23.44,3.43,10.3,40379.0,1915.0,66.97,1.01,2.88,4297.0,885.0,10.64,2.13,12.52,5791.0,959.0,14.34,2.28,10.07,9638.0,923.0,23.87,1.99,5.82,8628.0,1075.0,21.37,2.46,7.57,46078.0,1983.0,76.42,4.76,2.62,1513.0,283.0,3.28,0.6,11.37,59990.0,2689.0,99.49,6.32,2.72,11359.0,1064.0,18.93,1.56,5.69,14138.0,1387.0,23.45,2.04,5.96,1106.0,421.0,7.82,2.88,23.14,36029.0,1927.0,59.75,1.73,3.25,5953.0,797.0,16.52,2.03,8.14,9823.0,960.0,16.29,1.41,5.94,4300.0,605.0,43.77,4.43,8.55,59817.0,2662.0,99.21,6.28,2.71,57454.0,2684.0,96.05,1.36,2.84,2264.0,636.0,3.78,1.05,17.08,99.0,105.0,0.17,0.18,64.47,60296.0,2711.0,100,,2.73,47332.0,2602.0,78.5,2.48,3.34,41432.0,2590.0,68.71,2.98,3.8,5900.0,799.0,9.79,1.25,8.23,12964.0,1576.0,21.5,2.43,7.39,8812.0,1165.0,67.97,3.53,8.04,4152.0,773.0,32.03,4.52,11.32,177.0,107.0,1.37,0.81,36.75,492.0,208.0,3.8,1.54,25.7,1300.0,392.0,10.03,2.77,18.33,0.0,,0.0,,,10984.0,1489.0,84.73,5.08,8.24,11.0,64.0,0.08,0.49,353.69,56442.0,2433.0,93.61,5.83,2.62,26779.0,1874.0,47.45,2.62,4.25,10963.0,1565.0,19.42,2.64,8.68,27558.0,1996.0,48.83,2.84,4.4,20444.0,977.0,91.42,1.98,2.91,18194.0,1058.0,81.36,3.22,3.54,48244.0,2097.0,80.01,5.0,2.64,26606.0,1721.0,55.15,2.64,3.93,24060.0,1656.0,49.87,2.66,4.18,2467.0,478.0,5.11,0.97,11.78,79.0,92.0,0.16,0.19,70.79,21638.0,1456.0,44.85,2.3,4.09,,,9.27,1.69,11.78,23616.0,1606.0,39.17,2.0,4.13,8817.0,1168.0,37.33,4.24,8.05,872.0,290.0,3.69,1.2,20.22,11220.0,1237.0,47.51,4.12,6.7,1272.0,390.0,5.39,1.61,18.64,921.0,304.0,3.9,1.26,20.07,24060.0,1656.0,39.9,2.08,4.18,25.0,37.0,0.1,0.15,89.97,924.0,301.0,3.84,1.22,19.8,720.0,275.0,2.99,1.12,23.22,367.0,175.0,1.53,0.72,28.99,2026.0,431.0,8.42,1.7,12.93,2397.0,583.0,9.96,2.32,14.79,328.0,137.0,1.36,0.56,25.39,1443.0,422.0,6.0,1.7,17.78,2134.0,426.0,8.87,1.66,12.14,9261.0,1013.0,38.49,3.27,6.65,2078.0,540.0,8.64,2.16,15.8,994.0,358.0,4.13,1.46,21.89,1363.0,373.0,5.67,1.5,16.64,2399.0,500.0,10.73,2.19,12.67,1938.0,463.0,8.67,2.04,14.52,2532.0,461.0,11.32,2.0,11.07,1829.0,461.0,8.18,2.03,15.32,2847.0,562.0,12.73,2.45,12.0,3057.0,537.0,13.67,2.33,10.68,2613.0,588.0,11.69,2.58,13.68,3193.0,579.0,14.28,2.52,11.02,1097.0,307.0,4.91,1.36,17.01,857.0,213.0,3.83,0.94,15.11,15075.0,1056.0,67.41,3.75,4.26,8090.0,720.0,36.18,2.83,5.41,4913.0,605.0,21.97,2.54,7.49,3666.0,611.0,16.39,2.64,10.13,1478.0,355.0,6.61,1.56,14.6,7249.0,761.0,32.42,3.11,6.38,56736.0,2580.0,94.58,0.72,2.76,32427.0,2165.0,54.05,2.67,4.06,31159.0,1970.0,51.94,2.32,3.84,3254.0,863.0,5.42,1.42,16.12,28015.0,1623.0,46.46,1.7,3.52,32281.0,1897.0,53.54,2.03,3.57,3854.0,752.0,6.39,1.21,11.86,3626.0,624.0,6.01,1.0,10.46,4003.0,654.0,6.64,1.04,9.93,3978.0,571.0,6.6,0.9,8.73,4456.0,841.0,7.39,1.35,11.47,8353.0,1091.0,13.85,1.7,7.94,6653.0,708.0,11.03,1.06,6.47,7695.0,789.0,12.76,1.18,6.23,3597.0,567.0,5.97,0.9,9.58,4095.0,599.0,6.79,0.95,8.89,5433.0,726.0,9.01,1.13,8.12,3336.0,498.0,5.53,0.79,9.07,1217.0,440.0,2.02,0.72,21.98,14139.0,1387.0,23.45,2.04,5.96,46157.0,1979.0,76.55,4.76,2.61,9986.0,951.0,16.56,1.39,5.79,5456.0,1268.0,9.05,2.06,14.13,14576.0,1562.0,24.17,2.35,6.51,22610.0,2072.0,37.5,2.99,5.57,430.0,380.0,0.71,0.63,53.72,984.0,342.0,1.63,0.56,21.13,0.0,,0.0,,,16240.0,2331.0,26.93,3.67,8.73,38036.0,2529.0,63.08,3.09,4.04,22260.0,2031.0,36.92,2.93,5.55,1437.0,441.0,2.38,0.72,18.66,18545.0,1907.0,30.76,2.84,6.25,236.0,225.0,0.39,0.37,57.96,893.0,326.0,1.48,0.54,22.19,0.0,,0.0,,,691.0,569.0,1.15,0.94,50.06,458.0,233.0,0.76,0.38,30.93
10474,10474,10474,3649.0,324.0,100,,5.4,1626.0,391.0,44.56,9.96,14.62,3213.0,739.0,28.4,5.66,13.98,211.0,129.0,6.57,3.72,37.17,383.0,232.0,11.92,6.68,36.82,1402.0,392.0,43.64,6.94,17.0,718.0,281.0,22.35,7.08,23.79,499.0,178.0,15.53,4.23,21.68,6607.0,672.0,58.41,8.96,6.18,787.0,246.0,11.91,3.52,19.0,865.0,230.0,13.09,3.22,16.16,2351.0,620.0,35.58,8.66,16.03,939.0,249.0,14.21,3.48,16.12,7874.0,757.0,69.61,10.43,5.84,197.0,126.0,2.5,1.58,38.88,10620.0,1283.0,93.88,3.5,7.34,1697.0,325.0,15.98,2.37,11.64,3417.0,778.0,30.21,5.94,13.84,175.0,105.0,5.12,2.84,36.47,6245.0,776.0,55.21,2.61,7.55,1078.0,291.0,17.26,4.14,16.41,958.0,283.0,8.47,2.3,17.96,444.0,153.0,46.35,8.22,20.95,11146.0,1253.0,98.53,15.84,6.83,9833.0,1251.0,88.22,5.26,7.73,1241.0,300.0,11.13,2.38,14.7,72.0,66.0,0.65,0.59,55.72,11312.0,1300.0,100,,6.99,8471.0,1123.0,74.89,4.95,8.06,7568.0,1139.0,66.9,6.5,9.15,903.0,297.0,7.98,2.46,19.99,2841.0,771.0,25.11,6.17,16.5,1287.0,294.0,45.3,16.07,13.89,1554.0,675.0,54.7,18.55,26.41,26.0,28.0,0.92,0.95,65.47,25.0,34.0,0.88,1.17,82.67,457.0,226.0,16.09,6.65,30.06,0.0,,0.0,,,2333.0,742.0,82.12,13.62,19.33,0.0,,0.0,,,10372.0,1155.0,91.69,14.67,6.77,4819.0,938.0,46.46,7.42,11.83,2639.0,582.0,25.44,4.84,13.41,5115.0,853.0,49.32,6.12,10.14,3180.0,341.0,87.15,5.24,6.52,2905.0,361.0,79.61,6.92,7.55,8145.0,789.0,72.0,10.82,5.89,4624.0,782.0,56.77,7.87,10.28,3891.0,689.0,47.77,7.08,10.76,733.0,244.0,9.0,2.87,20.24,0.0,,0.0,,,3521.0,458.0,43.23,3.75,7.91,,,15.85,4.55,20.24,3739.0,669.0,33.05,4.53,10.88,650.0,261.0,17.38,6.25,24.41,142.0,88.0,3.8,2.25,37.67,2389.0,613.0,63.89,11.75,15.6,385.0,178.0,10.3,4.39,28.11,109.0,74.0,2.92,1.91,41.27,3891.0,689.0,34.4,4.63,10.76,0.0,,0.0,,,160.0,208.0,4.11,5.3,79.03,96.0,78.0,2.47,1.96,49.39,88.0,61.0,2.26,1.52,42.14,247.0,142.0,6.35,3.47,34.95,215.0,132.0,5.53,3.25,37.32,99.0,78.0,2.54,1.95,47.9,224.0,134.0,5.76,3.29,36.37,681.0,285.0,17.5,6.64,25.44,1280.0,323.0,32.9,5.91,15.34,391.0,172.0,10.05,4.05,26.74,196.0,94.0,5.04,2.25,29.15,214.0,245.0,5.5,6.22,69.6,532.0,187.0,14.58,4.96,21.37,508.0,171.0,13.92,4.52,20.46,594.0,166.0,16.28,4.31,16.99,248.0,136.0,6.8,3.68,33.34,635.0,263.0,17.4,7.04,25.18,448.0,133.0,12.28,3.48,18.05,130.0,84.0,3.56,2.28,39.28,224.0,123.0,6.14,3.33,33.38,262.0,231.0,7.18,6.3,53.6,68.0,59.0,1.86,1.61,52.74,2522.0,372.0,69.11,8.14,8.97,1035.0,202.0,28.36,4.93,11.86,457.0,176.0,12.52,4.69,23.41,402.0,145.0,11.02,3.85,21.93,400.0,134.0,10.96,3.54,20.36,1698.0,243.0,46.53,5.22,8.7,9805.0,1131.0,92.33,15.42,7.01,4199.0,891.0,39.54,6.9,12.9,6467.0,915.0,60.89,4.48,8.6,815.0,330.0,7.67,2.97,24.61,5664.0,826.0,50.07,4.5,8.87,5648.0,886.0,49.93,5.33,9.54,940.0,291.0,8.31,2.39,18.82,1178.0,381.0,10.41,3.15,19.66,863.0,301.0,7.63,2.51,21.2,695.0,291.0,6.14,2.47,25.45,1029.0,281.0,9.1,2.25,16.6,1785.0,412.0,15.78,3.16,14.03,1746.0,547.0,15.43,4.5,19.04,1052.0,214.0,9.3,1.56,12.37,583.0,197.0,5.15,1.64,20.54,473.0,185.0,4.18,1.56,23.78,577.0,223.0,5.1,1.88,23.49,276.0,132.0,2.44,1.13,29.07,115.0,77.0,1.02,0.67,40.7,3438.0,776.0,30.39,5.9,13.72,7874.0,757.0,69.61,10.43,5.84,968.0,283.0,8.56,2.3,17.77,1537.0,919.0,13.59,7.97,36.35,1305.0,464.0,11.54,3.88,21.61,4099.0,773.0,36.24,5.42,11.46,101.0,98.0,0.89,0.86,58.98,40.0,39.0,0.35,0.34,59.27,0.0,,0.0,,,4230.0,807.0,37.39,5.69,11.6,7712.0,1104.0,68.18,5.82,8.7,3600.0,542.0,31.82,3.1,9.15,252.0,97.0,2.23,0.82,23.4,3187.0,538.0,28.17,3.48,10.26,60.0,77.0,0.53,0.68,78.01,25.0,34.0,0.22,0.3,82.67,0.0,,0.0,,,53.0,73.0,0.47,0.64,83.73,23.0,24.0,0.2,0.21,63.43
10475,10475,10475,18608.0,933.0,100,,3.05,3923.0,667.0,21.08,3.43,10.34,10648.0,2025.0,23.92,4.17,11.56,1407.0,770.0,13.21,6.78,33.27,134.0,110.0,1.26,1.0,49.9,3425.0,757.0,32.17,3.62,13.44,1890.0,1012.0,17.75,8.88,32.55,3792.0,1042.0,35.61,7.06,16.7,33350.0,2038.0,74.93,7.34,3.71,1561.0,530.0,4.68,1.56,20.64,3076.0,743.0,9.22,2.16,14.68,9976.0,1458.0,29.91,3.97,8.88,8618.0,1313.0,25.84,3.61,9.26,37141.0,2679.0,83.45,8.77,4.38,1008.0,366.0,2.71,0.97,22.07,43425.0,3404.0,97.56,1.68,4.77,7010.0,1291.0,16.14,2.69,11.2,7351.0,1560.0,16.52,3.27,12.9,762.0,436.0,10.37,5.51,34.78,25899.0,2628.0,58.19,3.88,6.17,2664.0,631.0,10.29,2.2,14.4,10175.0,1361.0,22.86,2.51,8.13,3584.0,882.0,35.22,7.28,14.96,44271.0,3401.0,99.47,0.72,4.67,42540.0,3508.0,96.09,2.88,5.01,1376.0,459.0,3.11,1.01,20.28,355.0,396.0,0.8,0.89,67.81,44509.0,3404.0,100,,4.65,33256.0,3098.0,74.72,3.97,5.66,29856.0,2962.0,67.08,4.24,6.03,3400.0,1049.0,7.64,2.28,18.76,11253.0,1446.0,25.28,2.61,7.81,8432.0,1326.0,74.93,6.79,9.56,2821.0,607.0,25.07,4.33,13.08,552.0,330.0,4.91,2.86,36.34,550.0,345.0,4.89,3.0,38.13,2037.0,805.0,18.1,6.76,24.02,53.0,85.0,0.47,0.75,97.49,8056.0,1222.0,71.59,5.77,9.22,5.0,11.0,0.04,0.1,133.74,42195.0,3110.0,94.8,10.07,4.48,28402.0,2544.0,67.31,3.43,5.45,3706.0,724.0,8.78,1.59,11.88,10083.0,2100.0,23.9,4.65,12.66,16385.0,998.0,88.05,3.05,3.7,14169.0,964.0,76.14,3.5,4.14,37701.0,2699.0,84.7,8.87,4.35,20826.0,2077.0,55.24,3.84,6.06,19180.0,2013.0,50.87,3.9,6.38,1646.0,636.0,4.37,1.66,23.49,0.0,,0.0,,,16875.0,1925.0,44.76,3.98,6.93,,,7.9,2.95,23.49,18431.0,1961.0,41.41,3.06,6.47,4987.0,933.0,27.06,4.16,11.37,755.0,364.0,4.1,1.93,29.31,9750.0,1512.0,52.9,5.97,9.43,1587.0,561.0,8.61,2.9,21.49,1244.0,532.0,6.75,2.8,26.0,19180.0,2013.0,43.09,3.1,6.38,260.0,283.0,1.36,1.47,66.17,754.0,393.0,3.93,2.01,31.69,423.0,247.0,2.21,1.27,35.5,328.0,247.0,1.71,1.28,45.78,1962.0,602.0,10.23,2.95,18.65,1623.0,615.0,8.46,3.08,23.04,209.0,161.0,1.09,0.83,46.83,1344.0,492.0,7.01,2.46,22.25,1589.0,629.0,8.28,3.16,24.06,7737.0,1093.0,40.34,3.81,8.59,1275.0,475.0,6.65,2.38,22.65,459.0,243.0,2.39,1.24,32.18,1217.0,446.0,6.35,2.23,22.28,849.0,415.0,4.56,2.22,29.71,974.0,516.0,5.23,2.76,32.21,2119.0,717.0,11.39,3.81,20.57,1912.0,686.0,10.28,3.65,21.81,2788.0,883.0,14.98,4.69,19.25,3564.0,768.0,19.15,4.01,13.1,2278.0,583.0,12.24,3.07,15.56,2864.0,738.0,15.39,3.89,15.66,796.0,359.0,4.28,1.92,27.42,464.0,300.0,2.49,1.61,39.3,12142.0,1050.0,65.25,4.6,5.26,7775.0,1085.0,41.78,5.44,8.48,5917.0,951.0,31.8,4.86,9.77,1174.0,409.0,6.31,2.18,21.18,621.0,446.0,3.34,2.39,43.66,2668.0,602.0,14.34,3.15,13.72,40674.0,3353.0,93.66,2.39,5.01,26699.0,2699.0,61.48,3.92,6.15,19811.0,2793.0,45.62,5.35,8.57,2751.0,918.0,6.34,2.05,20.29,20447.0,1957.0,45.94,2.64,5.82,24062.0,2065.0,54.06,2.1,5.22,2314.0,813.0,5.2,1.78,21.36,2242.0,700.0,5.04,1.52,18.98,1682.0,636.0,3.78,1.4,22.99,1761.0,691.0,3.96,1.52,23.85,3160.0,950.0,7.1,2.06,18.28,5477.0,1278.0,12.31,2.71,14.18,5118.0,776.0,11.5,1.51,9.22,5551.0,1189.0,12.47,2.5,13.02,2974.0,660.0,6.68,1.39,13.49,3325.0,613.0,7.47,1.25,11.21,6148.0,1028.0,13.81,2.05,10.16,3548.0,953.0,7.97,2.05,16.33,1209.0,475.0,2.72,1.05,23.88,7368.0,1559.0,16.55,3.27,12.86,37141.0,2679.0,83.45,8.77,4.38,10905.0,1345.0,24.5,2.37,7.5,2357.0,1114.0,5.3,2.47,28.73,5230.0,1069.0,11.75,2.23,12.43,28070.0,2762.0,63.07,3.9,5.98,207.0,164.0,0.47,0.37,48.16,1000.0,617.0,2.25,1.38,37.51,0.0,,0.0,,,7645.0,2396.0,17.18,5.22,19.05,13886.0,2575.0,31.2,5.27,11.27,30623.0,3139.0,68.8,4.7,6.23,2301.0,591.0,5.17,1.27,15.61,26003.0,2778.0,58.42,4.36,6.49,0.0,,0.0,,,1000.0,617.0,2.25,1.38,37.51,0.0,,0.0,,,155.0,258.0,0.35,0.58,101.19,1164.0,854.0,2.62,1.91,44.6
11004,11004,"11001, 11004, 11005, 11040",28829.0,869.0,100,,1.83,9597.0,597.0,33.29,1.81,3.78,21804.0,1338.0,24.79,1.33,3.73,1381.0,282.0,6.33,1.23,12.41,1008.0,239.0,4.62,1.06,14.41,7701.0,745.0,35.32,2.64,5.88,4548.0,548.0,20.86,2.16,7.32,7166.0,816.0,32.87,3.15,6.92,63371.0,1907.0,72.05,0.15,1.83,2920.0,633.0,4.61,0.99,13.18,2627.0,392.0,4.15,0.61,9.07,12205.0,833.0,19.26,1.18,4.15,33273.0,1511.0,52.51,1.79,2.76,70422.0,2042.0,80.07,3.34,1.76,2060.0,295.0,2.93,0.41,8.71,87141.0,2638.0,99.08,0.39,1.84,8599.0,833.0,9.87,0.91,5.89,17485.0,1097.0,19.88,1.1,3.81,312.0,130.0,1.78,0.74,25.33,51412.0,1793.0,58.45,1.04,2.12,3009.0,543.0,5.85,1.04,10.97,18244.0,1195.0,20.74,1.21,3.98,5278.0,624.0,28.93,2.85,7.19,87072.0,2566.0,99.0,4.16,1.79,81150.0,2547.0,93.2,1.01,1.91,5105.0,757.0,5.86,0.85,9.01,817.0,507.0,0.94,0.58,37.72,87953.0,2640.0,100,,1.82,57923.0,2152.0,65.86,1.44,2.26,57113.0,2155.0,64.94,1.48,2.29,810.0,228.0,0.92,0.26,17.11,30030.0,1724.0,34.14,1.67,3.49,22638.0,1345.0,75.38,1.15,3.61,7392.0,1084.0,24.62,3.32,8.91,3443.0,451.0,11.47,1.35,7.96,20378.0,1506.0,67.86,3.16,4.49,299.0,117.0,1.0,0.39,23.79,11.0,40.0,0.04,0.13,221.06,5813.0,820.0,19.36,2.49,8.58,86.0,69.0,0.29,0.23,48.77,83519.0,2472.0,94.96,4.0,1.8,46990.0,2054.0,56.26,1.81,2.66,13015.0,1286.0,15.58,1.47,6.01,6930.0,995.0,8.3,1.17,8.73,27259.0,861.0,94.55,0.89,1.92,26605.0,879.0,92.29,1.25,2.01,72630.0,2107.0,82.58,3.45,1.76,44740.0,1646.0,61.6,1.39,2.24,42694.0,1646.0,58.78,1.49,2.34,2024.0,402.0,2.79,0.55,12.07,22.0,47.0,0.03,0.06,129.87,27890.0,1380.0,38.4,1.54,3.01,,,4.52,0.88,12.07,42030.0,1635.0,47.79,1.18,2.36,26630.0,1379.0,63.36,2.17,3.15,3490.0,493.0,8.3,1.13,8.59,6746.0,712.0,16.05,1.57,6.42,1101.0,310.0,2.62,0.73,17.12,3749.0,562.0,8.92,1.29,9.11,42694.0,1646.0,48.54,1.17,2.34,71.0,70.0,0.17,0.16,59.93,2019.0,342.0,4.73,0.78,10.3,1871.0,367.0,4.38,0.84,11.92,1123.0,230.0,2.63,0.53,12.45,4148.0,561.0,9.72,1.26,8.22,2543.0,398.0,5.96,0.9,9.51,1322.0,270.0,3.1,0.62,12.42,4508.0,568.0,10.56,1.27,7.66,5012.0,635.0,11.74,1.42,7.7,14200.0,1059.0,33.26,2.12,4.53,2249.0,419.0,5.27,0.96,11.33,1325.0,396.0,3.1,0.92,18.17,2303.0,504.0,5.39,1.16,13.3,635.0,175.0,2.2,0.6,16.75,522.0,262.0,1.81,0.91,30.51,1099.0,270.0,3.81,0.93,14.93,1003.0,222.0,3.48,0.76,13.46,1732.0,323.0,6.01,1.11,11.34,3415.0,484.0,11.85,1.64,8.62,2688.0,331.0,9.32,1.11,7.49,6014.0,532.0,20.86,1.73,5.38,4476.0,628.0,15.53,2.13,8.53,7245.0,532.0,25.13,1.68,4.46,22778.0,835.0,79.01,1.65,2.23,10860.0,654.0,37.67,1.96,3.66,7955.0,595.0,27.59,1.89,4.55,862.0,204.0,2.99,0.7,14.39,624.0,225.0,2.16,0.78,21.92,1146.0,248.0,3.98,0.85,13.16,84358.0,2689.0,96.81,0.97,1.94,69278.0,2502.0,79.5,1.57,2.2,27687.0,1742.0,31.77,1.75,3.82,2783.0,542.0,3.19,0.61,11.84,42901.0,1505.0,48.78,0.89,2.13,45052.0,1786.0,51.22,1.33,2.41,4434.0,604.0,5.04,0.67,8.28,4653.0,539.0,5.29,0.59,7.04,5155.0,505.0,5.86,0.55,5.96,5437.0,665.0,6.18,0.73,7.44,4903.0,604.0,5.57,0.67,7.49,9794.0,1061.0,11.14,1.16,6.59,10966.0,902.0,12.47,0.95,5.0,11452.0,787.0,13.02,0.8,4.18,6246.0,642.0,7.1,0.7,6.25,6117.0,563.0,6.95,0.61,5.6,9429.0,731.0,10.72,0.77,4.71,5500.0,844.0,6.25,0.94,9.33,3867.0,628.0,4.4,0.7,9.87,17509.0,1097.0,19.91,1.09,3.81,70444.0,2041.0,80.09,3.34,1.76,18796.0,1212.0,21.37,1.22,3.92,4126.0,732.0,4.69,0.82,10.78,41924.0,1763.0,47.67,1.4,2.56,2864.0,563.0,3.26,0.63,11.95,626.0,292.0,0.71,0.33,28.36,32773.0,2237.0,37.26,2.28,4.15,39.0,70.0,0.04,0.08,109.11,5601.0,1225.0,6.37,1.38,13.3,10723.0,1259.0,12.19,1.38,7.14,77230.0,2638.0,87.81,1.43,2.08,37854.0,1781.0,43.04,1.56,2.86,2769.0,552.0,3.15,0.62,12.12,379.0,207.0,0.43,0.23,33.2,32678.0,2237.0,37.15,2.29,4.16,39.0,70.0,0.04,0.08,109.11,1346.0,699.0,1.53,0.79,31.57,2165.0,494.0,2.46,0.56,13.87
11101,11101,11101,15764.0,760.0,100,,2.93,3210.0,407.0,20.36,2.39,7.71,6663.0,1013.0,19.72,2.77,9.24,437.0,170.0,6.56,2.35,23.65,392.0,189.0,5.88,2.69,29.31,2013.0,536.0,30.21,6.6,16.19,1278.0,318.0,19.18,3.78,15.13,2543.0,477.0,38.17,4.19,11.4,25839.0,1500.0,76.47,0.33,3.53,1484.0,493.0,5.74,1.88,20.2,1150.0,313.0,4.45,1.18,16.55,4572.0,651.0,17.69,2.3,8.66,15267.0,1093.0,59.09,2.48,4.35,28027.0,1480.0,82.95,6.5,3.21,557.0,334.0,1.99,1.19,36.45,33470.0,1950.0,99.06,0.65,3.54,2436.0,426.0,7.28,1.2,10.63,5757.0,902.0,17.04,2.48,9.52,55.0,53.0,0.96,0.91,58.58,25126.0,1341.0,74.36,5.86,3.24,1230.0,232.0,4.9,0.89,11.47,2587.0,448.0,7.66,1.25,10.53,1151.0,377.0,44.49,12.37,19.91,33169.0,1922.0,98.17,0.25,3.52,26682.0,2021.0,80.44,3.92,4.6,5784.0,788.0,17.44,2.15,8.28,703.0,307.0,2.12,0.92,26.55,33789.0,1956.0,100,,3.52,20841.0,1541.0,61.68,2.84,4.49,20088.0,1551.0,59.45,3.04,4.69,753.0,262.0,2.23,0.76,21.15,12948.0,1149.0,38.32,2.58,5.39,6297.0,781.0,48.63,4.21,7.54,6651.0,849.0,51.37,4.71,7.76,2408.0,662.0,18.6,4.84,16.71,5997.0,967.0,46.32,6.24,9.8,270.0,150.0,2.09,1.14,33.77,35.0,57.0,0.27,0.44,99.0,3988.0,592.0,30.8,3.67,9.02,250.0,137.0,1.93,1.04,33.31,31726.0,1894.0,93.89,1.37,3.63,16956.0,1502.0,53.45,3.5,5.38,5422.0,699.0,17.09,1.95,7.84,5527.0,752.0,17.42,2.13,8.27,14683.0,802.0,93.14,2.39,3.32,14066.0,755.0,89.23,2.11,3.26,28507.0,1500.0,84.37,6.6,3.2,21347.0,1464.0,74.88,3.29,4.17,19963.0,1390.0,70.03,3.19,4.23,1384.0,331.0,4.85,1.13,14.54,0.0,,0.0,,,7160.0,863.0,25.12,2.72,7.33,,,6.48,1.49,14.54,18957.0,1355.0,56.1,2.35,4.35,2105.0,418.0,11.1,2.06,12.07,395.0,343.0,2.08,1.8,52.79,11503.0,941.0,60.68,2.41,4.97,925.0,261.0,4.88,1.33,17.15,3396.0,610.0,17.91,2.95,10.92,19963.0,1390.0,59.08,2.29,4.23,0.0,,0.0,,,578.0,182.0,2.9,0.89,19.14,743.0,205.0,3.72,0.99,16.77,450.0,192.0,2.25,0.95,25.94,1397.0,335.0,7.0,1.61,14.58,998.0,252.0,5.0,1.21,15.35,905.0,172.0,4.53,0.8,11.55,2725.0,450.0,13.65,2.04,10.04,4666.0,606.0,23.37,2.56,7.9,3863.0,481.0,19.35,2.0,7.57,2097.0,439.0,10.5,2.07,12.73,747.0,265.0,3.74,1.3,21.57,794.0,212.0,3.98,1.03,16.23,964.0,242.0,6.12,1.51,15.26,889.0,233.0,5.64,1.45,15.93,1154.0,420.0,7.32,2.64,22.12,956.0,380.0,6.06,2.39,24.16,1098.0,262.0,6.97,1.63,14.51,1502.0,276.0,9.53,1.69,11.17,1433.0,265.0,9.09,1.62,11.24,2939.0,467.0,18.64,2.82,9.66,1608.0,273.0,10.2,1.66,10.32,3221.0,400.0,20.43,2.34,7.55,13320.0,775.0,84.5,2.75,3.54,1900.0,328.0,12.05,2.0,10.49,1165.0,421.0,7.39,2.65,21.97,651.0,194.0,4.13,1.21,18.12,691.0,224.0,4.38,1.41,19.71,1901.0,290.0,12.06,1.75,9.27,32174.0,1938.0,96.13,1.47,3.66,24121.0,1627.0,72.07,2.45,4.1,10086.0,1207.0,30.13,3.15,7.27,1296.0,356.0,3.87,1.04,16.7,17113.0,1266.0,50.65,2.33,4.5,16676.0,1142.0,49.35,1.81,4.16,2063.0,517.0,6.11,1.49,15.23,1556.0,500.0,4.61,1.46,19.53,1348.0,391.0,3.99,1.13,17.63,1145.0,328.0,3.39,0.95,17.41,1838.0,332.0,5.44,0.93,10.98,9868.0,787.0,29.2,1.6,4.85,6845.0,777.0,20.26,1.98,6.9,3895.0,450.0,11.53,1.15,7.02,1572.0,494.0,4.65,1.44,19.1,1072.0,225.0,3.17,0.64,12.76,1569.0,347.0,4.64,0.99,13.44,601.0,199.0,1.78,0.58,20.13,417.0,311.0,1.23,0.92,45.34,5762.0,903.0,17.05,2.48,9.53,28027.0,1480.0,82.95,6.5,3.21,2587.0,448.0,7.66,1.25,10.53,2839.0,704.0,8.4,2.03,15.07,14126.0,1272.0,41.81,2.88,5.47,4214.0,860.0,12.47,2.44,12.41,200.0,148.0,0.59,0.44,44.98,9413.0,1207.0,27.86,3.19,7.79,17.0,25.0,0.05,0.07,89.4,2980.0,693.0,8.82,1.99,14.14,7038.0,919.0,20.83,2.44,7.94,26751.0,1692.0,79.17,2.02,3.84,11829.0,1133.0,35.01,2.67,5.82,3877.0,852.0,11.47,2.43,13.36,0.0,,0.0,,,9385.0,1208.0,27.78,3.19,7.82,0.0,,0.0,,,180.0,110.0,0.53,0.32,37.15,1480.0,512.0,4.38,1.49,21.03
11102,11102,11102,12265.0,666.0,100,,3.3,2335.0,383.0,19.04,2.95,9.97,4874.0,665.0,17.48,2.14,8.29,466.0,165.0,9.56,3.12,21.52,216.0,99.0,4.43,1.94,27.86,1205.0,229.0,24.72,3.27,11.55,950.0,285.0,19.49,5.21,18.24,2037.0,377.0,41.79,5.23,11.25,21739.0,1234.0,77.98,6.45,3.45,1386.0,343.0,6.38,1.54,15.04,559.0,146.0,2.57,0.66,15.88,4295.0,542.0,19.76,2.23,7.67,12291.0,885.0,56.54,2.5,4.38,23764.0,1342.0,85.25,7.03,3.43,296.0,78.0,1.25,0.32,16.02,27623.0,1691.0,99.09,1.16,3.72,2448.0,402.0,8.86,1.35,9.98,4112.0,590.0,14.75,1.92,8.72,159.0,125.0,3.87,2.99,47.79,20446.0,1196.0,73.35,6.15,3.56,1275.0,268.0,6.24,1.26,12.78,3065.0,422.0,11.0,1.36,8.37,1014.0,219.0,33.08,5.51,13.13,27446.0,1639.0,98.46,8.34,3.63,24010.0,1615.0,87.48,2.71,4.09,3143.0,361.0,11.45,1.12,6.98,293.0,137.0,1.07,0.5,28.42,27876.0,1675.0,100,,3.65,18427.0,1222.0,66.1,1.85,4.03,17881.0,1190.0,64.14,1.84,4.05,546.0,166.0,1.96,0.58,18.48,9449.0,931.0,33.9,2.65,5.99,5422.0,570.0,57.38,2.1,6.39,4027.0,673.0,42.62,5.75,10.16,2512.0,359.0,26.58,2.75,8.69,2661.0,501.0,28.16,4.52,11.45,416.0,225.0,4.4,2.34,32.88,15.0,20.0,0.16,0.21,81.05,3652.0,550.0,38.65,4.4,9.16,193.0,151.0,2.04,1.59,47.56,26176.0,1529.0,93.9,7.87,3.55,14401.0,936.0,55.02,1.57,3.95,4602.0,590.0,17.58,2.01,7.79,5123.0,721.0,19.57,2.51,8.56,11529.0,630.0,94.0,0.58,3.32,11264.0,641.0,91.84,1.56,3.46,24289.0,1411.0,87.13,7.28,3.53,17409.0,1105.0,71.67,1.83,3.86,16405.0,1032.0,67.54,1.63,3.82,1004.0,245.0,4.13,0.98,14.83,0.0,,0.0,,,6880.0,674.0,28.33,2.23,5.96,,,5.77,1.36,14.83,15393.0,990.0,55.22,1.27,3.91,2052.0,252.0,13.33,1.39,7.47,262.0,92.0,1.7,0.59,21.35,9177.0,661.0,59.62,1.93,4.38,845.0,252.0,5.49,1.6,18.13,2676.0,601.0,17.38,3.74,13.65,16405.0,1032.0,58.85,1.1,3.82,14.0,23.0,0.09,0.14,99.87,733.0,216.0,4.47,1.29,17.91,561.0,155.0,3.42,0.92,16.8,283.0,131.0,1.73,0.79,28.14,1179.0,273.0,7.19,1.6,14.08,700.0,203.0,4.27,1.21,17.63,1493.0,361.0,9.1,2.12,14.7,1383.0,290.0,8.43,1.69,12.75,2938.0,608.0,17.91,3.53,12.58,3678.0,413.0,22.42,2.09,6.83,2038.0,386.0,12.42,2.22,11.51,677.0,176.0,4.13,1.04,15.8,728.0,231.0,4.44,1.38,19.29,615.0,178.0,5.01,1.43,17.59,701.0,275.0,5.72,2.22,23.85,657.0,176.0,5.36,1.41,16.28,683.0,135.0,5.57,1.06,12.02,903.0,214.0,7.36,1.7,14.41,1478.0,220.0,12.05,1.67,9.05,1386.0,229.0,11.3,1.76,10.04,2691.0,339.0,21.94,2.49,7.66,1575.0,257.0,12.84,1.98,9.92,1576.0,378.0,12.85,3.0,14.58,10312.0,595.0,84.08,1.64,3.51,2315.0,330.0,18.87,2.49,8.67,1295.0,219.0,10.56,1.69,10.28,693.0,151.0,5.65,1.19,13.25,596.0,174.0,4.86,1.39,17.75,1489.0,305.0,12.14,2.4,12.45,25853.0,1600.0,93.59,0.85,3.76,19139.0,1277.0,69.29,1.84,4.06,8898.0,1077.0,32.21,3.36,7.36,1770.0,355.0,6.41,1.22,12.19,13617.0,943.0,48.85,1.68,4.21,14259.0,956.0,51.15,1.52,4.08,1700.0,337.0,6.1,1.15,12.05,881.0,214.0,3.16,0.74,14.77,858.0,193.0,3.08,0.67,13.67,1114.0,308.0,4.0,1.08,16.81,1584.0,329.0,5.68,1.13,12.63,7821.0,574.0,28.06,1.18,4.46,4937.0,617.0,17.71,1.94,7.6,3231.0,424.0,11.59,1.35,7.98,1063.0,220.0,3.81,0.76,12.58,1380.0,281.0,4.95,0.96,12.38,2077.0,377.0,7.45,1.28,11.03,837.0,188.0,3.0,0.65,13.65,393.0,123.0,1.41,0.43,19.03,4112.0,590.0,14.75,1.92,8.72,23764.0,1342.0,85.25,7.03,3.43,3307.0,416.0,11.86,1.31,7.65,2230.0,506.0,8.0,1.75,13.79,15836.0,1199.0,56.81,2.62,4.6,1947.0,438.0,6.98,1.51,13.68,210.0,115.0,0.75,0.41,33.29,4292.0,747.0,15.4,2.51,10.58,12.0,19.0,0.04,0.07,96.25,3349.0,695.0,12.01,2.39,12.62,7198.0,955.0,25.82,3.05,8.07,20678.0,1348.0,74.18,1.88,3.96,13441.0,1080.0,48.22,2.57,4.88,1734.0,416.0,6.22,1.44,14.58,210.0,115.0,0.75,0.41,33.29,4154.0,728.0,14.9,2.45,10.65,0.0,,0.0,,,253.0,155.0,0.91,0.55,37.24,886.0,201.0,3.18,0.7,13.79
11103,11103,11103,15515.0,730.0,100,,2.86,2448.0,270.0,15.78,1.57,6.7,6152.0,568.0,17.13,1.35,5.61,341.0,114.0,5.54,1.78,20.32,331.0,151.0,5.38,2.4,27.73,1757.0,354.0,28.56,5.11,12.25,1040.0,224.0,16.91,3.29,13.09,2683.0,443.0,43.61,5.97,10.04,28939.0,1492.0,80.58,1.43,3.13,2174.0,451.0,7.51,1.51,12.61,961.0,229.0,3.32,0.77,14.49,5610.0,595.0,19.39,1.8,6.45,15495.0,1041.0,53.54,2.31,4.08,31254.0,1576.0,87.03,1.23,3.07,375.0,113.0,1.2,0.36,18.32,35912.0,1738.0,100.0,0.0,2.94,2733.0,376.0,7.61,0.98,8.36,4658.0,552.0,12.97,1.4,7.2,182.0,82.0,3.91,1.7,27.39,27410.0,1434.0,76.33,1.52,3.18,1417.0,321.0,5.17,1.14,13.77,3844.0,451.0,10.7,1.14,7.13,1134.0,244.0,29.5,5.32,13.08,35575.0,1703.0,99.06,6.74,2.91,30223.0,1673.0,84.96,2.36,3.37,5067.0,692.0,14.24,1.82,8.3,285.0,104.0,0.8,0.29,22.18,35912.0,1738.0,100,,2.94,21473.0,1198.0,59.79,1.66,3.39,20538.0,1162.0,57.19,1.68,3.44,935.0,207.0,2.6,0.56,13.46,14439.0,1185.0,40.21,2.66,4.99,7959.0,720.0,55.12,2.1,5.5,6480.0,853.0,44.88,4.62,8.0,4699.0,578.0,32.54,2.98,7.48,3763.0,695.0,26.06,4.31,11.23,873.0,246.0,6.05,1.63,17.13,71.0,46.0,0.49,0.32,39.39,4909.0,715.0,34.0,4.09,8.85,124.0,67.0,0.86,0.46,32.85,34284.0,1693.0,95.47,0.94,3.0,16605.0,1056.0,48.43,1.94,3.87,6402.0,716.0,18.67,1.87,6.8,6913.0,956.0,20.16,2.6,8.41,14771.0,710.0,95.2,0.94,2.92,14307.0,704.0,92.21,1.33,2.99,31834.0,1609.0,88.64,1.29,3.07,24066.0,1230.0,75.6,0.57,3.11,22308.0,1245.0,70.08,1.66,3.39,1758.0,298.0,5.52,0.89,10.3,0.0,,0.0,,,7768.0,805.0,24.4,2.21,6.3,,,7.3,1.18,10.3,21506.0,1210.0,59.89,1.72,3.42,2693.0,367.0,12.52,1.55,8.28,749.0,275.0,3.48,1.26,22.32,14001.0,920.0,65.1,2.21,3.99,1238.0,258.0,5.76,1.16,12.67,2186.0,321.0,10.16,1.38,8.93,22308.0,1245.0,62.12,1.73,3.39,69.0,113.0,0.31,0.51,99.56,959.0,265.0,4.3,1.16,16.8,255.0,87.0,1.14,0.38,20.74,305.0,109.0,1.37,0.48,21.73,1940.0,272.0,8.7,1.12,8.52,1401.0,316.0,6.28,1.37,13.71,1661.0,321.0,7.45,1.38,11.75,1971.0,353.0,8.84,1.5,10.89,3794.0,438.0,17.01,1.72,7.02,4507.0,478.0,20.2,1.82,6.45,3460.0,338.0,15.51,1.24,5.94,1428.0,280.0,6.4,1.2,11.92,558.0,213.0,2.5,0.94,23.2,748.0,161.0,4.82,1.01,13.08,381.0,118.0,2.46,0.75,18.83,916.0,196.0,5.9,1.23,13.01,1012.0,209.0,6.52,1.31,12.55,1306.0,248.0,8.42,1.55,11.54,2702.0,458.0,17.42,2.84,10.3,2296.0,279.0,14.8,1.66,7.39,3086.0,307.0,19.89,1.74,6.05,1486.0,254.0,9.58,1.57,10.39,1582.0,396.0,10.2,2.51,15.22,13566.0,727.0,87.44,2.24,3.26,2786.0,378.0,17.96,2.29,8.25,1735.0,330.0,11.18,2.06,11.56,413.0,96.0,2.66,0.61,14.13,489.0,138.0,3.15,0.88,17.16,952.0,254.0,6.14,1.61,16.22,32165.0,1586.0,89.57,0.85,3.0,23223.0,1522.0,64.67,2.86,3.98,11178.0,967.0,31.13,2.23,5.26,3747.0,580.0,10.43,1.53,9.41,17715.0,1105.0,49.33,1.94,3.79,18197.0,1092.0,50.67,1.8,3.65,1628.0,294.0,4.53,0.79,10.98,1104.0,267.0,3.07,0.73,14.7,1120.0,241.0,3.12,0.65,13.08,1344.0,296.0,3.74,0.8,13.39,1777.0,316.0,4.95,0.85,10.81,10818.0,788.0,30.12,1.64,4.43,6142.0,658.0,17.1,1.63,6.51,4263.0,645.0,11.87,1.7,9.2,2357.0,407.0,6.56,1.09,10.5,1515.0,238.0,4.22,0.63,9.55,2352.0,415.0,6.55,1.11,10.73,1155.0,217.0,3.22,0.58,11.42,337.0,136.0,0.94,0.38,24.53,4658.0,552.0,12.97,1.4,7.2,31254.0,1576.0,87.03,1.23,3.07,3844.0,451.0,10.7,1.14,7.13,3211.0,904.0,8.94,2.48,17.11,22907.0,1241.0,63.79,1.55,3.29,1046.0,335.0,2.91,0.92,19.47,69.0,69.0,0.19,0.19,60.79,5159.0,870.0,14.37,2.32,10.25,0.0,,0.0,,,3520.0,662.0,9.8,1.78,11.43,9054.0,1065.0,25.21,2.7,7.15,26858.0,1271.0,74.79,5.06,2.88,19570.0,1127.0,54.49,1.7,3.5,875.0,299.0,2.44,0.82,20.77,0.0,,0.0,,,5071.0,858.0,14.12,2.29,10.29,0.0,,0.0,,,137.0,86.0,0.38,0.24,38.16,1205.0,367.0,3.36,1.01,18.51
11104,11104,11104,11864.0,448.0,100,,2.3,2534.0,341.0,21.36,2.76,8.18,5342.0,673.0,19.37,2.24,7.66,290.0,143.0,5.43,2.59,29.98,299.0,181.0,5.6,3.31,36.8,1732.0,367.0,32.42,5.52,12.88,1112.0,278.0,20.82,4.49,15.2,1909.0,495.0,35.74,8.1,15.76,21469.0,999.0,77.86,5.35,2.83,1023.0,240.0,4.77,1.1,14.26,693.0,214.0,3.23,0.99,18.77,4245.0,495.0,19.77,2.11,7.09,10830.0,790.0,50.44,2.83,4.43,22734.0,1000.0,82.44,5.52,2.67,306.0,104.0,1.35,0.45,20.66,27575.0,1392.0,100.0,0.0,3.07,1517.0,268.0,5.5,0.93,10.74,4841.0,646.0,17.56,2.17,8.11,38.0,37.0,0.78,0.76,59.19,18970.0,1023.0,68.79,1.31,3.28,806.0,192.0,4.25,0.99,14.48,3764.0,374.0,13.65,1.17,6.04,673.0,165.0,17.88,4.01,14.9,27307.0,1367.0,99.03,7.04,3.04,24726.0,1445.0,90.55,2.73,3.55,2404.0,444.0,8.8,1.57,11.23,177.0,142.0,0.65,0.52,48.77,27575.0,1392.0,100,,3.07,15442.0,1084.0,56.0,2.73,4.27,14596.0,1028.0,52.93,2.6,4.28,846.0,271.0,3.07,0.97,19.47,12133.0,983.0,44.0,2.79,4.93,5431.0,609.0,44.76,3.47,6.82,6702.0,848.0,55.24,5.37,7.69,1875.0,295.0,15.45,2.08,9.56,5448.0,805.0,44.9,5.55,8.98,550.0,293.0,4.53,2.39,32.38,44.0,41.0,0.36,0.34,56.65,4166.0,601.0,34.34,4.1,8.77,50.0,49.0,0.41,0.4,59.57,25938.0,1250.0,94.06,6.56,2.93,10602.0,815.0,40.87,2.45,4.67,6872.0,834.0,26.49,2.95,7.38,6119.0,665.0,23.59,2.3,6.61,11141.0,483.0,93.91,2.0,2.64,10659.0,484.0,89.84,2.27,2.76,23264.0,1014.0,84.37,5.63,2.65,16298.0,1041.0,70.06,3.27,3.88,15227.0,930.0,65.45,2.8,3.71,1071.0,346.0,4.6,1.47,19.64,0.0,,0.0,,,6966.0,555.0,29.94,2.0,4.84,,,6.57,2.08,19.64,14812.0,915.0,53.72,1.91,3.76,1852.0,325.0,12.5,2.05,10.67,248.0,99.0,1.67,0.66,24.27,9623.0,855.0,64.97,4.15,5.4,775.0,241.0,5.23,1.59,18.9,1725.0,380.0,11.65,2.46,13.39,15227.0,930.0,55.22,1.9,3.71,14.0,23.0,0.09,0.15,99.87,883.0,195.0,5.8,1.23,13.42,316.0,144.0,2.08,0.94,27.7,269.0,92.0,1.77,0.59,20.79,1277.0,318.0,8.39,2.02,15.14,906.0,218.0,5.95,1.38,14.63,766.0,205.0,5.03,1.31,16.27,1451.0,318.0,9.53,2.01,13.32,2633.0,350.0,17.29,2.04,8.08,3193.0,499.0,20.97,3.02,9.5,2135.0,362.0,14.02,2.22,10.31,799.0,171.0,5.25,1.08,13.01,585.0,163.0,3.84,1.04,16.94,527.0,171.0,4.44,1.43,19.73,257.0,85.0,2.17,0.71,20.11,714.0,179.0,6.02,1.49,15.24,912.0,231.0,7.69,1.93,15.4,1319.0,363.0,11.12,3.03,16.73,1631.0,302.0,13.75,2.49,11.26,1925.0,336.0,16.23,2.77,10.61,2430.0,386.0,20.48,3.16,9.66,995.0,204.0,8.39,1.69,12.46,1154.0,238.0,9.73,1.97,12.54,10037.0,511.0,84.6,2.89,3.09,2393.0,295.0,20.17,2.37,7.49,1720.0,236.0,14.5,1.91,8.34,337.0,111.0,2.84,0.93,20.02,315.0,96.0,2.66,0.8,18.53,769.0,163.0,6.48,1.35,12.89,25723.0,1326.0,93.28,0.97,3.13,17466.0,1257.0,63.34,3.25,4.37,10101.0,906.0,36.63,2.72,5.45,1852.0,362.0,6.72,1.27,11.88,13275.0,813.0,48.14,1.67,3.72,14300.0,971.0,51.86,2.36,4.13,1637.0,453.0,5.94,1.62,16.82,1216.0,378.0,4.41,1.35,18.9,1182.0,272.0,4.29,0.96,13.99,1064.0,256.0,3.86,0.91,14.63,1007.0,247.0,3.65,0.88,14.91,5540.0,568.0,20.09,1.79,6.23,6065.0,708.0,21.99,2.32,7.1,3275.0,437.0,11.88,1.47,8.11,1455.0,301.0,5.28,1.06,12.58,1370.0,286.0,4.97,1.01,12.69,2314.0,356.0,8.39,1.22,9.35,1177.0,250.0,4.27,0.88,12.91,273.0,90.0,0.99,0.32,20.04,4841.0,646.0,17.56,2.17,8.11,22734.0,1000.0,82.44,5.52,2.67,3764.0,374.0,13.65,1.17,6.04,3135.0,791.0,11.37,2.81,15.34,15049.0,928.0,54.57,1.93,3.75,587.0,302.0,2.13,1.09,31.28,100.0,81.0,0.36,0.29,49.24,7076.0,1079.0,25.66,3.69,9.27,9.0,20.0,0.03,0.07,135.09,1619.0,401.0,5.87,1.42,15.06,7403.0,828.0,26.85,2.68,6.8,20172.0,1259.0,73.15,2.68,3.79,11459.0,718.0,41.56,1.54,3.81,456.0,286.0,1.65,1.03,38.13,23.0,32.0,0.08,0.12,84.58,7027.0,1083.0,25.48,3.71,9.37,9.0,20.0,0.03,0.07,135.09,102.0,75.0,0.37,0.27,44.7,1096.0,360.0,3.97,1.29,19.97
11105,11105,11105,15352.0,534.0,100,,2.11,3297.0,426.0,21.48,2.67,7.85,6790.0,796.0,17.72,1.88,7.13,607.0,172.0,8.94,2.31,17.23,299.0,124.0,4.4,1.75,25.21,2273.0,428.0,33.48,4.93,11.45,988.0,235.0,14.55,3.01,14.46,2623.0,377.0,38.63,3.21,8.74,30044.0,1438.0,78.42,5.44,2.91,1913.0,329.0,6.37,1.05,10.45,1515.0,319.0,5.04,1.03,12.8,5373.0,596.0,17.88,1.79,6.74,15854.0,1014.0,52.77,2.24,3.89,32456.0,1516.0,84.72,5.81,2.84,533.0,139.0,1.64,0.42,15.85,38292.0,1920.0,99.95,7.09,3.05,3645.0,525.0,9.52,1.29,8.76,5836.0,791.0,15.23,1.92,8.24,123.0,73.0,2.11,1.22,36.08,27178.0,1454.0,70.94,1.32,3.25,1744.0,451.0,6.42,1.62,15.72,5278.0,502.0,13.78,1.11,5.78,1778.0,278.0,33.69,4.18,9.5,37923.0,1880.0,98.99,6.98,3.01,33626.0,1892.0,88.67,2.36,3.42,3747.0,540.0,9.88,1.34,8.76,550.0,270.0,1.45,0.71,29.84,38311.0,1922.0,100,,3.05,25139.0,1586.0,65.62,2.51,3.84,23569.0,1499.0,61.52,2.4,3.87,1570.0,431.0,4.1,1.11,16.69,13172.0,951.0,34.38,1.79,4.39,7955.0,638.0,60.39,2.11,4.88,5217.0,782.0,39.61,5.2,9.11,5130.0,644.0,38.95,4.0,7.63,2752.0,516.0,20.89,3.62,11.4,1428.0,515.0,10.84,3.83,21.92,28.0,21.0,0.21,0.16,45.59,3795.0,672.0,28.81,4.66,10.76,39.0,33.0,0.3,0.25,51.44,36133.0,1804.0,94.31,6.68,3.04,18337.0,1382.0,50.75,2.87,4.58,5977.0,598.0,16.54,1.43,6.08,5716.0,910.0,15.82,2.39,9.68,14373.0,556.0,93.62,1.58,2.35,13983.0,516.0,91.08,1.12,2.24,33011.0,1576.0,86.17,5.97,2.9,23643.0,1248.0,71.62,1.61,3.21,21828.0,1127.0,66.12,1.3,3.14,1796.0,540.0,5.44,1.62,18.28,19.0,20.0,0.06,0.06,63.99,9368.0,786.0,28.38,1.96,5.1,,,7.6,2.25,18.28,20771.0,1078.0,54.22,0.72,3.15,3990.0,449.0,19.21,1.92,6.84,738.0,156.0,3.55,0.73,12.85,11517.0,877.0,55.45,3.09,4.63,1016.0,250.0,4.89,1.18,14.96,2928.0,527.0,14.1,2.43,10.94,21828.0,1127.0,56.98,0.7,3.14,17.0,19.0,0.08,0.09,67.94,1287.0,269.0,5.9,1.19,12.71,637.0,171.0,2.92,0.77,16.32,434.0,156.0,1.99,0.71,21.85,1538.0,283.0,7.05,1.24,11.19,1216.0,212.0,5.57,0.93,10.6,1500.0,260.0,6.87,1.14,10.54,1779.0,297.0,8.15,1.29,10.15,4255.0,531.0,19.49,2.21,7.59,4655.0,475.0,21.33,1.88,6.2,2743.0,385.0,12.57,1.64,8.53,1179.0,259.0,5.4,1.15,13.35,588.0,167.0,2.69,0.75,17.27,574.0,158.0,3.74,1.02,16.73,367.0,125.0,2.39,0.81,20.71,915.0,253.0,5.96,1.63,16.81,1040.0,210.0,6.77,1.35,12.27,1104.0,231.0,7.19,1.48,12.72,2311.0,295.0,15.05,1.85,7.76,1896.0,302.0,12.35,1.92,9.68,3584.0,425.0,23.35,2.65,7.21,1817.0,236.0,11.84,1.48,7.9,1744.0,231.0,11.36,1.45,8.05,13084.0,528.0,85.23,1.74,2.45,3594.0,338.0,23.41,2.05,5.72,1878.0,250.0,12.23,1.57,8.09,534.0,143.0,3.48,0.92,16.28,467.0,125.0,3.04,0.81,16.27,1231.0,236.0,8.02,1.51,11.65,35294.0,1963.0,92.17,2.22,3.38,26273.0,1469.0,68.61,1.7,3.4,12332.0,1357.0,32.21,3.15,6.69,2998.0,565.0,7.83,1.42,11.46,19257.0,1184.0,50.26,1.79,3.74,19054.0,1089.0,49.74,1.36,3.47,2178.0,420.0,5.69,1.06,11.72,1561.0,438.0,4.07,1.12,17.06,1382.0,323.0,3.61,0.82,14.21,1081.0,285.0,2.82,0.73,16.03,2065.0,403.0,5.39,1.02,11.86,10034.0,1018.0,26.19,2.31,6.17,6213.0,579.0,16.22,1.27,5.67,4191.0,420.0,10.94,0.95,6.09,2481.0,529.0,6.48,1.34,12.96,1847.0,366.0,4.82,0.92,12.05,2878.0,391.0,7.51,0.95,8.26,1682.0,275.0,4.39,0.68,9.94,718.0,158.0,1.87,0.4,13.38,5836.0,791.0,15.23,1.92,8.24,32475.0,1519.0,84.77,5.81,2.84,5278.0,502.0,13.78,1.11,5.78,3733.0,933.0,9.74,2.39,15.19,27476.0,1788.0,71.72,2.97,3.96,1233.0,380.0,3.22,0.98,18.74,141.0,111.0,0.37,0.29,47.86,3444.0,766.0,8.99,1.95,13.52,0.0,,0.0,,,2284.0,656.0,5.96,1.69,17.46,8262.0,1126.0,21.57,2.73,8.28,30049.0,1604.0,78.43,1.43,3.24,23967.0,1656.0,62.56,2.97,4.2,978.0,338.0,2.55,0.87,21.01,40.0,56.0,0.1,0.15,85.11,3327.0,755.0,8.68,1.92,13.8,0.0,,0.0,,,143.0,99.0,0.37,0.26,42.09,1594.0,428.0,4.16,1.1,16.32
11106,11106,11106,18225.0,768.0,100,,2.56,3073.0,350.0,16.86,1.78,6.92,7446.0,845.0,18.4,1.86,6.9,286.0,146.0,3.84,1.91,31.03,286.0,154.0,3.84,2.02,32.73,2633.0,513.0,35.36,5.6,11.84,1139.0,272.0,15.3,3.21,14.52,3102.0,497.0,41.66,4.71,9.74,31436.0,1428.0,77.67,5.35,2.76,2182.0,480.0,6.94,1.49,13.37,1450.0,308.0,4.61,0.96,12.91,6215.0,657.0,19.77,1.89,6.43,15558.0,1166.0,49.49,2.95,4.56,34410.0,1641.0,85.02,5.99,2.9,667.0,184.0,1.94,0.53,16.77,40441.0,2098.0,99.92,0.3,3.15,4039.0,531.0,9.99,1.21,7.99,6056.0,869.0,14.96,2.0,8.72,284.0,159.0,4.69,2.54,34.03,28606.0,1622.0,70.68,1.63,3.45,1755.0,352.0,6.14,1.18,12.19,5779.0,546.0,14.28,1.13,5.74,2000.0,344.0,34.61,4.97,10.46,40026.0,2028.0,98.9,7.17,3.08,35463.0,2087.0,88.6,2.65,3.58,4211.0,717.0,10.52,1.71,10.35,352.0,132.0,0.88,0.33,22.8,40472.0,2096.0,100,,3.15,24901.0,1562.0,61.53,2.18,3.81,23654.0,1563.0,58.45,2.4,4.02,1247.0,308.0,3.08,0.74,15.01,15571.0,1207.0,38.47,2.22,4.71,9055.0,714.0,58.15,0.84,4.79,6516.0,917.0,41.85,4.92,8.56,3626.0,697.0,23.29,4.1,11.69,5316.0,746.0,34.14,3.99,8.53,658.0,246.0,4.23,1.55,22.73,68.0,47.0,0.44,0.3,42.02,5752.0,972.0,36.94,5.55,10.27,151.0,80.0,0.97,0.51,32.21,38584.0,1907.0,95.34,6.82,3.0,18157.0,1315.0,47.06,2.49,4.4,8096.0,933.0,20.98,2.18,7.01,8620.0,1423.0,22.34,3.52,10.04,16802.0,794.0,92.19,1.97,2.87,16032.0,795.0,87.97,2.3,3.01,34935.0,1675.0,86.32,6.09,2.91,24683.0,1449.0,70.65,2.39,3.57,22466.0,1229.0,64.31,1.69,3.33,2217.0,519.0,6.35,1.45,14.23,0.0,,0.0,,,10252.0,787.0,29.35,1.76,4.67,,,8.98,2.04,14.23,21658.0,1227.0,53.51,1.23,3.44,2249.0,302.0,10.38,1.26,8.16,388.0,120.0,1.79,0.54,18.8,13531.0,1093.0,62.48,3.6,4.91,1592.0,341.0,7.35,1.52,13.02,3162.0,696.0,14.6,3.11,13.38,22466.0,1229.0,55.51,0.98,3.33,73.0,96.0,0.32,0.43,79.94,1125.0,368.0,5.01,1.61,19.89,899.0,290.0,4.0,1.27,19.61,461.0,154.0,2.05,0.68,20.31,1821.0,316.0,8.11,1.33,10.55,1342.0,301.0,5.97,1.3,13.63,1428.0,291.0,6.36,1.25,12.39,2108.0,390.0,9.38,1.66,11.25,4405.0,571.0,19.61,2.3,7.88,3795.0,482.0,16.89,1.94,7.72,3388.0,655.0,15.08,2.8,11.75,965.0,204.0,4.3,0.88,12.85,656.0,170.0,2.92,0.74,15.75,919.0,214.0,5.04,1.15,14.16,824.0,260.0,4.52,1.41,19.18,1390.0,300.0,7.63,1.61,13.12,1359.0,262.0,7.46,1.4,11.72,1671.0,330.0,9.17,1.77,12.01,3142.0,470.0,17.24,2.47,9.09,1963.0,283.0,10.77,1.48,8.76,3234.0,510.0,17.74,2.7,9.59,1906.0,396.0,10.46,2.13,12.63,1817.0,298.0,9.97,1.58,9.97,14599.0,728.0,80.1,2.14,3.03,3968.0,410.0,21.77,2.05,6.28,2689.0,387.0,14.75,2.03,8.75,1057.0,257.0,5.8,1.39,14.78,920.0,271.0,5.05,1.47,17.91,2458.0,402.0,13.49,2.13,9.94,37582.0,1835.0,92.93,6.62,2.97,26370.0,1579.0,65.21,1.95,3.64,15445.0,1206.0,38.19,2.23,4.75,2859.0,567.0,7.07,1.35,12.06,19785.0,1373.0,48.89,2.26,4.22,20687.0,1128.0,51.11,0.87,3.31,1888.0,482.0,4.66,1.17,15.52,1540.0,315.0,3.81,0.75,12.43,1795.0,335.0,4.44,0.8,11.35,1289.0,284.0,3.18,0.68,13.39,2524.0,421.0,6.24,0.99,10.14,10302.0,747.0,25.45,1.29,4.41,6202.0,767.0,15.32,1.72,7.52,4779.0,583.0,11.81,1.3,7.42,2492.0,440.0,6.16,1.04,10.73,1866.0,384.0,4.61,0.92,12.51,3162.0,444.0,7.81,1.02,8.54,1834.0,375.0,4.53,0.9,12.43,799.0,208.0,1.97,0.5,15.83,6062.0,869.0,14.98,2.0,8.71,34410.0,1641.0,85.02,5.99,2.9,5795.0,544.0,14.32,1.12,5.71,3781.0,833.0,9.34,2.0,13.39,20997.0,1521.0,51.88,2.63,4.4,2647.0,503.0,6.54,1.2,11.55,286.0,217.0,0.71,0.53,46.12,7340.0,919.0,18.14,2.07,7.61,25.0,30.0,0.06,0.07,72.95,5396.0,1155.0,13.33,2.77,13.01,10927.0,1585.0,27.0,3.66,8.82,29545.0,1708.0,73.0,1.88,3.51,17451.0,1426.0,43.12,2.73,4.97,2435.0,470.0,6.02,1.12,11.73,107.0,116.0,0.26,0.29,65.9,7340.0,919.0,18.14,2.07,7.61,9.0,15.0,0.02,0.04,101.32,364.0,188.0,0.9,0.46,31.4,1839.0,576.0,4.54,1.4,19.04
11109,11109,11109,3109.0,504.0,100,,9.85,940.0,469.0,30.23,14.27,30.33,889.0,315.0,13.24,4.09,21.54,194.0,163.0,21.82,16.63,51.08,29.0,46.0,3.26,5.04,96.43,318.0,235.0,35.77,23.2,44.92,47.0,57.0,5.29,6.13,73.72,301.0,163.0,33.86,13.87,32.92,5244.0,749.0,78.13,17.6,8.68,0.0,,0.0,,,55.0,85.0,1.05,1.61,93.95,455.0,272.0,8.68,5.04,36.34,4312.0,780.0,82.23,9.13,11.0,5426.0,759.0,80.84,18.06,8.5,71.0,86.0,1.31,1.57,73.63,6712.0,1169.0,100.0,0.0,10.59,62.0,75.0,0.92,1.11,73.54,1286.0,563.0,19.16,7.7,26.61,0.0,,0.0,,,4960.0,668.0,73.9,16.27,8.19,21.0,30.0,0.42,0.6,86.84,466.0,220.0,6.94,3.05,28.7,41.0,68.0,8.8,13.99,100.82,6284.0,1023.0,93.62,22.32,9.9,5118.0,1048.0,81.44,10.12,12.45,1099.0,361.0,17.49,4.99,19.97,67.0,83.0,1.07,1.31,75.31,6712.0,1169.0,100,,10.59,4087.0,860.0,60.89,7.19,12.79,4040.0,861.0,60.19,7.39,12.96,47.0,54.0,0.7,0.8,69.84,2625.0,593.0,39.11,5.63,13.73,937.0,338.0,35.7,10.04,21.93,1688.0,530.0,64.3,14.02,19.09,688.0,346.0,26.21,11.78,30.57,1610.0,548.0,61.33,15.62,20.69,0.0,,0.0,,,119.0,159.0,4.53,5.97,81.22,208.0,162.0,7.92,5.91,47.35,0.0,,0.0,,,5852.0,907.0,87.19,20.33,9.42,3073.0,598.0,52.51,6.18,11.83,881.0,409.0,15.05,6.59,28.22,306.0,183.0,5.23,3.02,36.35,3109.0,504.0,100.0,0.0,9.85,3024.0,531.0,97.27,6.56,10.67,5426.0,759.0,80.84,18.06,8.5,4592.0,630.0,84.63,16.58,8.34,4372.0,626.0,80.58,2.46,8.7,220.0,140.0,4.05,2.52,38.68,0.0,,0.0,,,834.0,299.0,15.37,5.07,21.79,,,4.79,2.98,38.68,3999.0,612.0,59.58,13.81,9.3,236.0,147.0,5.9,3.56,37.87,0.0,,0.0,,,2957.0,572.0,73.94,8.75,11.76,0.0,,0.0,,,722.0,360.0,18.05,8.57,30.31,4372.0,626.0,65.14,14.69,8.7,0.0,,0.0,,,133.0,104.0,3.04,2.34,47.54,67.0,87.0,1.53,1.98,78.94,109.0,126.0,2.49,2.86,70.27,336.0,225.0,7.69,5.03,40.71,35.0,43.0,0.8,0.98,74.69,233.0,128.0,5.33,2.83,33.4,982.0,355.0,22.46,7.46,21.98,1280.0,460.0,29.28,9.65,21.85,623.0,232.0,14.25,4.9,22.64,223.0,155.0,5.1,3.47,42.25,115.0,129.0,2.63,2.93,68.19,236.0,233.0,5.4,5.27,60.02,0.0,,0.0,,,0.0,,0.0,,,0.0,,0.0,,,327.0,334.0,10.52,10.61,62.09,57.0,66.0,1.83,2.1,70.39,195.0,115.0,6.27,3.56,35.85,239.0,161.0,7.69,5.03,40.95,637.0,226.0,20.49,6.47,21.57,425.0,199.0,13.67,6.0,28.46,1229.0,362.0,39.53,9.72,17.91,2944.0,489.0,94.69,3.43,10.1,464.0,336.0,14.92,10.53,44.02,162.0,105.0,5.21,3.27,39.4,0.0,,0.0,,,21.0,34.0,0.68,1.09,98.42,0.0,,0.0,,,6614.0,1168.0,98.54,2.88,10.74,6452.0,1186.0,96.13,5.65,11.17,501.0,227.0,7.46,3.12,27.54,98.0,73.0,1.46,1.06,45.28,3398.0,567.0,50.63,12.21,10.14,3314.0,754.0,49.37,7.23,13.83,860.0,477.0,12.81,6.75,33.72,379.0,228.0,5.65,3.25,36.57,47.0,57.0,0.7,0.84,73.72,0.0,,0.0,,,182.0,110.0,2.71,1.57,36.74,1931.0,428.0,28.77,3.94,13.47,1921.0,617.0,28.62,7.72,19.53,717.0,292.0,10.68,3.93,24.76,160.0,136.0,2.38,1.98,51.67,49.0,59.0,0.73,0.87,73.2,249.0,192.0,3.71,2.79,46.87,25.0,42.0,0.37,0.62,102.13,192.0,112.0,2.86,1.59,35.46,1286.0,563.0,19.16,7.7,26.61,5426.0,759.0,80.84,18.06,8.5,466.0,220.0,6.94,3.05,28.7,420.0,255.0,6.26,3.64,36.91,3809.0,760.0,56.75,5.52,12.13,90.0,92.0,1.34,1.35,62.14,0.0,,0.0,,,2334.0,865.0,34.77,11.38,22.53,0.0,,0.0,,,59.0,97.0,0.88,1.44,99.94,394.0,252.0,5.87,3.61,38.88,6318.0,1182.0,94.13,6.43,11.37,3561.0,741.0,53.05,6.04,12.65,38.0,45.0,0.57,0.66,71.99,0.0,,0.0,,,2334.0,865.0,34.77,11.38,22.53,0.0,,0.0,,,0.0,,0.0,,,385.0,249.0,5.74,3.57,39.32
11201,11201,11201,31084.0,928.0,100,,1.81,6906.0,559.0,22.22,1.67,4.92,14343.0,1223.0,20.85,1.62,5.18,1084.0,255.0,7.56,1.66,14.3,869.0,264.0,6.06,1.77,18.47,5057.0,656.0,35.26,3.45,7.89,1369.0,328.0,9.54,2.14,14.56,5964.0,582.0,41.58,1.97,5.93,51000.0,1677.0,74.15,3.57,2.0,1408.0,331.0,2.76,0.64,14.29,1034.0,198.0,2.03,0.38,11.64,4421.0,494.0,8.67,0.93,6.79,39561.0,1495.0,77.57,1.44,2.3,56196.0,1726.0,81.71,3.81,1.87,1051.0,292.0,1.87,0.52,16.89,67993.0,2428.0,98.86,0.63,2.17,5232.0,602.0,7.69,0.84,6.99,12559.0,1168.0,18.26,1.57,5.65,165.0,158.0,1.31,1.25,58.21,47893.0,1720.0,69.64,0.52,2.18,2632.0,420.0,5.5,0.85,9.7,7541.0,616.0,10.96,0.81,4.97,2435.0,455.0,32.29,5.43,11.36,67452.0,2339.0,98.07,4.84,2.11,53205.0,2281.0,78.88,1.99,2.61,13154.0,1094.0,19.5,1.47,5.06,1093.0,352.0,1.62,0.52,19.58,68777.0,2416.0,100,,2.14,55114.0,2248.0,80.13,1.66,2.48,53201.0,2235.0,77.35,1.78,2.55,1913.0,405.0,2.78,0.58,12.87,13663.0,1239.0,19.87,1.66,5.51,6400.0,744.0,46.84,3.41,7.07,7263.0,890.0,53.16,4.38,7.45,3527.0,513.0,25.81,2.94,8.84,5771.0,688.0,42.24,3.27,7.25,546.0,209.0,4.0,1.49,23.27,147.0,96.0,1.08,0.7,39.7,3256.0,555.0,23.83,3.44,10.36,416.0,133.0,3.04,0.93,19.44,63692.0,2192.0,92.61,4.55,2.09,47693.0,1856.0,74.88,1.36,2.37,4039.0,671.0,6.34,1.03,10.1,5082.0,810.0,7.98,1.24,9.69,30038.0,967.0,96.63,1.16,1.96,29496.0,986.0,94.89,1.43,2.03,57134.0,1769.0,83.07,3.89,1.88,42745.0,1657.0,74.82,1.75,2.36,40231.0,1701.0,70.42,2.03,2.57,2502.0,508.0,4.38,0.88,12.34,12.0,17.0,0.02,0.03,86.12,14389.0,1033.0,25.18,1.63,4.36,,,5.85,1.17,12.34,39760.0,1732.0,57.81,1.49,2.65,2193.0,351.0,5.52,0.85,9.73,332.0,136.0,0.84,0.34,24.9,21716.0,1004.0,54.62,0.85,2.81,4417.0,607.0,11.11,1.45,8.35,8919.0,999.0,22.43,2.31,6.81,40231.0,1701.0,58.49,1.38,2.57,21.0,27.0,0.05,0.07,78.16,631.0,212.0,1.57,0.52,20.42,964.0,233.0,2.4,0.57,14.69,537.0,162.0,1.33,0.4,18.34,2610.0,397.0,6.49,0.95,9.25,654.0,202.0,1.63,0.5,18.78,3456.0,444.0,8.59,1.04,7.81,6465.0,583.0,16.07,1.28,5.48,11581.0,960.0,28.79,2.05,5.04,8057.0,727.0,20.03,1.6,5.49,2435.0,348.0,6.05,0.83,8.69,1354.0,273.0,3.37,0.66,12.26,1466.0,264.0,3.64,0.64,10.95,1832.0,292.0,5.89,0.92,9.69,581.0,179.0,1.87,0.57,18.73,1317.0,339.0,4.24,1.08,15.65,1277.0,385.0,4.11,1.23,18.33,1473.0,250.0,4.74,0.79,10.32,2279.0,284.0,7.33,0.89,7.58,2342.0,387.0,7.53,1.22,10.05,4586.0,582.0,14.75,1.82,7.71,4245.0,576.0,13.66,1.81,8.25,11152.0,716.0,35.88,2.04,3.9,26799.0,1024.0,86.21,2.06,2.32,5267.0,471.0,16.94,1.43,5.44,3880.0,534.0,12.48,1.68,8.37,1080.0,313.0,3.47,1.0,17.62,1234.0,346.0,3.97,1.11,17.04,2362.0,371.0,7.6,1.17,9.55,66257.0,2418.0,97.45,0.73,2.22,57701.0,2437.0,84.86,1.91,2.57,14213.0,1147.0,20.9,1.51,4.91,1736.0,428.0,2.55,0.62,14.99,32793.0,1524.0,47.68,1.45,2.83,35984.0,1367.0,52.32,0.76,2.31,5085.0,631.0,7.39,0.88,7.54,3384.0,596.0,4.92,0.85,10.71,2828.0,494.0,4.11,0.7,10.62,2768.0,415.0,4.02,0.59,9.11,3712.0,459.0,5.4,0.64,7.52,16167.0,944.0,23.51,1.1,3.55,13140.0,1089.0,19.11,1.43,5.04,7769.0,785.0,11.3,1.07,6.14,3343.0,503.0,4.86,0.71,9.15,2408.0,319.0,3.5,0.45,8.05,4601.0,484.0,6.69,0.66,6.39,2498.0,391.0,3.63,0.55,9.52,1074.0,317.0,1.56,0.46,17.94,12569.0,1167.0,18.28,1.57,5.64,56208.0,1725.0,81.72,3.81,1.87,8173.0,622.0,11.88,0.8,4.63,5200.0,893.0,7.56,1.27,10.44,42126.0,1756.0,61.25,1.37,2.53,8999.0,979.0,13.08,1.35,6.61,394.0,327.0,0.57,0.48,50.45,9532.0,966.0,13.86,1.32,6.16,26.0,47.0,0.04,0.07,109.89,2500.0,800.0,3.63,1.16,19.45,8132.0,975.0,11.82,1.36,7.29,60645.0,2387.0,88.18,1.57,2.39,39117.0,1845.0,56.88,1.79,2.87,8485.0,1032.0,12.34,1.44,7.39,78.0,78.0,0.11,0.11,60.79,9458.0,958.0,13.75,1.31,6.16,26.0,47.0,0.04,0.07,109.89,321.0,195.0,0.47,0.28,36.93,3160.0,629.0,4.59,0.9,12.1
11203,11203,11203,29002.0,792.0,100,,1.66,8459.0,658.0,29.17,2.12,4.73,17822.0,1351.0,22.42,1.52,4.61,749.0,176.0,4.2,0.93,14.28,740.0,219.0,4.15,1.19,17.99,6830.0,776.0,38.32,3.24,6.91,3836.0,507.0,21.52,2.33,8.03,5667.0,709.0,31.8,3.16,7.61,58565.0,1853.0,73.67,3.42,1.92,2867.0,378.0,4.9,0.63,8.01,3657.0,473.0,6.24,0.78,7.86,21018.0,1098.0,35.89,1.49,3.18,15068.0,1125.0,25.73,1.74,4.54,64247.0,2044.0,80.81,3.76,1.93,1003.0,208.0,1.56,0.32,12.61,78222.0,2677.0,98.39,0.38,2.08,7083.0,577.0,9.05,0.67,4.95,15229.0,1194.0,19.16,1.35,4.77,328.0,150.0,2.15,0.97,27.8,48867.0,1775.0,61.47,0.79,2.21,2784.0,334.0,5.7,0.65,7.29,14126.0,835.0,17.77,0.86,3.59,3971.0,408.0,28.11,2.36,6.25,78597.0,2641.0,98.87,4.73,2.04,75254.0,2619.0,95.75,0.87,2.12,2956.0,453.0,3.76,0.56,9.32,387.0,135.0,0.49,0.17,21.21,79499.0,2703.0,100,,2.07,39643.0,2175.0,49.87,2.15,3.34,38054.0,2075.0,47.87,2.04,3.31,1589.0,273.0,2.0,0.34,10.44,39856.0,1779.0,50.13,1.45,2.71,28065.0,1415.0,70.42,1.65,3.06,11791.0,1064.0,29.58,2.32,5.49,536.0,270.0,1.34,0.67,30.62,1356.0,461.0,3.4,1.15,20.67,948.0,261.0,2.38,0.65,16.74,0.0,,0.0,,,36944.0,1830.0,92.69,1.99,3.01,72.0,48.0,0.18,0.12,40.53,75443.0,2499.0,94.9,4.5,2.01,60537.0,2215.0,80.24,1.25,2.22,5093.0,667.0,6.75,0.86,7.96,3785.0,777.0,5.02,1.02,12.48,25592.0,895.0,88.24,1.93,2.13,24949.0,880.0,86.03,1.92,2.14,65900.0,2089.0,82.89,3.85,1.93,40360.0,1767.0,61.24,1.85,2.66,37758.0,1635.0,57.3,1.69,2.63,2586.0,474.0,3.92,0.71,11.14,16.0,27.0,0.02,0.04,102.58,25540.0,1254.0,38.76,1.45,2.98,,,6.41,1.14,11.14,36937.0,1607.0,46.46,1.26,2.64,9424.0,696.0,25.51,1.52,4.49,959.0,206.0,2.6,0.55,13.06,21573.0,1290.0,58.4,2.4,3.64,1936.0,361.0,5.24,0.95,11.34,2305.0,497.0,6.24,1.32,13.11,37758.0,1635.0,47.49,1.27,2.63,34.0,54.0,0.09,0.14,96.55,1868.0,317.0,4.95,0.81,10.32,721.0,178.0,1.91,0.46,15.01,417.0,149.0,1.1,0.39,21.72,2734.0,372.0,7.24,0.93,8.27,3622.0,530.0,9.59,1.34,8.9,634.0,167.0,1.68,0.44,16.01,2844.0,533.0,7.53,1.37,11.39,3120.0,442.0,8.26,1.11,8.61,15389.0,944.0,40.76,1.77,3.73,2429.0,402.0,6.43,1.03,10.06,1833.0,295.0,4.85,0.75,9.78,2113.0,367.0,5.6,0.94,10.56,2114.0,275.0,7.29,0.93,7.91,1530.0,295.0,5.28,1.01,11.72,2140.0,294.0,7.38,0.99,8.35,2683.0,430.0,9.25,1.46,9.74,3643.0,473.0,12.56,1.59,7.89,4894.0,551.0,16.87,1.84,6.84,3450.0,419.0,11.9,1.41,7.38,4622.0,438.0,15.94,1.45,5.76,2278.0,318.0,7.85,1.08,8.49,1648.0,296.0,5.68,1.01,10.92,22626.0,914.0,78.02,2.32,2.46,9774.0,576.0,33.7,1.76,3.58,5389.0,576.0,18.58,1.92,6.5,1705.0,242.0,5.88,0.82,8.63,707.0,174.0,2.44,0.6,14.96,4802.0,471.0,16.56,1.56,5.96,73302.0,2553.0,93.71,0.61,2.12,44786.0,2093.0,57.25,1.82,2.84,33080.0,1779.0,42.29,1.75,3.27,4920.0,684.0,6.29,0.85,8.45,35836.0,1521.0,45.08,1.15,2.58,43663.0,1781.0,54.92,1.24,2.48,4056.0,569.0,5.1,0.69,8.53,4055.0,593.0,5.1,0.73,8.89,4418.0,534.0,5.56,0.64,7.35,4278.0,494.0,5.38,0.59,7.02,4127.0,463.0,5.19,0.56,6.82,12190.0,892.0,15.33,0.99,4.45,10315.0,878.0,12.98,1.01,5.17,9598.0,724.0,12.07,0.81,4.59,5768.0,547.0,7.26,0.64,5.76,5976.0,615.0,7.52,0.73,6.26,8270.0,644.0,10.4,0.73,4.73,4745.0,462.0,5.97,0.54,5.92,1703.0,346.0,2.14,0.43,12.35,15236.0,1195.0,19.17,1.35,4.77,64263.0,2046.0,80.83,3.77,1.94,14718.0,846.0,18.51,0.86,3.49,4370.0,973.0,5.5,1.21,13.54,3511.0,586.0,4.42,0.72,10.15,67600.0,2740.0,85.03,1.88,2.46,98.0,85.0,0.12,0.11,52.73,1545.0,461.0,1.94,0.58,18.14,19.0,30.0,0.02,0.04,95.98,2356.0,713.0,2.96,0.89,18.4,5319.0,1021.0,6.69,1.26,11.67,74180.0,2681.0,93.31,1.14,2.2,3084.0,537.0,3.88,0.66,10.59,65890.0,2721.0,82.88,1.94,2.51,90.0,84.0,0.11,0.11,56.74,1456.0,431.0,1.83,0.54,17.99,19.0,30.0,0.02,0.04,95.98,319.0,151.0,0.4,0.19,28.78,3322.0,851.0,4.18,1.06,15.57
11204,11204,11204,25207.0,998.0,100,,2.41,9636.0,796.0,38.23,2.77,5.02,24366.0,1467.0,29.66,1.43,3.66,1525.0,302.0,6.26,1.18,12.04,1462.0,239.0,6.0,0.91,9.94,10930.0,895.0,44.86,2.49,4.98,4661.0,477.0,19.13,1.58,6.22,5788.0,701.0,23.75,2.5,7.36,52405.0,2000.0,63.8,0.81,2.32,8957.0,839.0,17.09,1.46,5.69,5621.0,786.0,10.73,1.44,8.5,13849.0,1070.0,26.43,1.78,4.7,15581.0,1261.0,29.73,2.12,4.92,58504.0,2187.0,71.22,0.72,2.27,1048.0,269.0,1.79,0.45,15.6,82077.0,2946.0,99.92,5.08,2.18,7260.0,609.0,8.85,0.67,5.1,23623.0,1485.0,28.76,1.48,3.82,322.0,116.0,1.36,0.48,21.9,47145.0,2020.0,57.4,1.33,2.6,2747.0,356.0,5.83,0.71,7.88,11309.0,969.0,13.77,1.07,5.21,4191.0,491.0,37.06,2.96,7.12,80945.0,2924.0,98.55,0.29,2.2,75602.0,2792.0,93.4,0.72,2.24,4611.0,752.0,5.7,0.91,9.91,732.0,266.0,0.9,0.33,22.09,82140.0,2957.0,100,,2.19,44524.0,2312.0,54.21,2.03,3.16,42779.0,2304.0,52.08,2.09,3.27,1745.0,393.0,2.12,0.47,13.69,37616.0,1939.0,45.79,1.69,3.13,20857.0,1390.0,55.45,2.34,4.05,16759.0,1438.0,44.55,3.06,5.22,10606.0,1226.0,28.2,2.92,7.03,20074.0,1623.0,53.37,3.32,4.91,976.0,367.0,2.59,0.97,22.86,0.0,,0.0,,,5721.0,898.0,15.21,2.25,9.54,239.0,136.0,0.64,0.36,34.59,75135.0,2705.0,91.47,0.04,2.19,17460.0,1173.0,23.24,1.32,4.08,33218.0,1920.0,44.21,2.0,3.51,8219.0,1277.0,10.94,1.65,9.45,22064.0,965.0,87.53,1.63,2.66,20907.0,1038.0,82.94,2.48,3.02,60570.0,2284.0,73.74,0.83,2.29,37119.0,1699.0,61.28,1.59,2.78,34452.0,1555.0,56.88,1.41,2.74,2658.0,417.0,4.39,0.67,9.54,9.0,14.0,0.01,0.02,94.56,23451.0,1208.0,38.72,1.36,3.13,,,7.16,1.07,9.54,32468.0,1569.0,39.53,1.27,2.94,7339.0,616.0,22.6,1.55,5.1,2815.0,509.0,8.67,1.51,10.99,14869.0,1120.0,45.8,2.65,4.58,4156.0,393.0,12.8,1.04,5.75,2259.0,454.0,6.96,1.36,12.22,34452.0,1555.0,41.94,1.14,2.74,35.0,38.0,0.1,0.11,66.0,2851.0,515.0,8.28,1.45,10.98,1581.0,274.0,4.59,0.77,10.54,1127.0,237.0,3.27,0.67,12.78,3031.0,406.0,8.8,1.11,8.14,3058.0,525.0,8.88,1.47,10.44,569.0,136.0,1.65,0.39,14.53,2135.0,308.0,6.2,0.85,8.77,3736.0,628.0,10.84,1.76,10.22,10342.0,924.0,30.02,2.31,5.43,3474.0,474.0,10.08,1.3,8.29,1680.0,384.0,4.88,1.09,13.89,833.0,182.0,2.42,0.52,13.28,1342.0,264.0,5.32,1.03,11.96,1360.0,225.0,5.4,0.87,10.06,2384.0,321.0,9.46,1.22,8.19,2554.0,361.0,10.13,1.37,8.59,3240.0,584.0,12.85,2.26,10.96,3943.0,580.0,15.64,2.22,8.94,3256.0,458.0,12.92,1.74,8.55,4148.0,569.0,16.46,2.16,8.34,1529.0,275.0,6.07,1.06,10.93,1451.0,192.0,5.76,0.73,8.04,20460.0,987.0,81.17,2.24,2.93,7242.0,609.0,28.73,2.13,5.11,3227.0,416.0,12.8,1.57,7.84,2174.0,291.0,8.62,1.1,8.14,1094.0,209.0,4.34,0.81,11.61,5592.0,758.0,22.18,2.88,8.24,75819.0,2844.0,92.38,1.01,2.28,35437.0,2148.0,43.18,2.11,3.68,46098.0,2433.0,56.16,2.17,3.21,6258.0,709.0,7.62,0.82,6.89,40659.0,1766.0,49.5,1.2,2.64,41481.0,1714.0,50.5,1.02,2.51,7005.0,728.0,8.53,0.83,6.32,6533.0,592.0,7.95,0.66,5.51,6766.0,674.0,8.24,0.77,6.06,5140.0,525.0,6.26,0.6,6.21,4291.0,504.0,5.22,0.58,7.14,11416.0,974.0,13.9,1.08,5.19,10038.0,763.0,12.22,0.82,4.62,9530.0,889.0,11.6,1.0,5.67,5533.0,711.0,6.74,0.83,7.81,4546.0,445.0,5.53,0.5,5.95,6245.0,699.0,7.6,0.81,6.8,3030.0,460.0,3.69,0.54,9.23,2067.0,378.0,2.52,0.45,11.12,23627.0,1485.0,28.76,1.48,3.82,58513.0,2187.0,71.24,0.72,2.27,11342.0,988.0,13.81,1.1,5.3,3002.0,681.0,3.65,0.82,13.79,45476.0,2120.0,55.36,1.64,2.83,801.0,241.0,0.98,0.29,18.29,868.0,466.0,1.06,0.57,32.64,24962.0,2110.0,30.39,2.32,5.14,9.0,14.0,0.01,0.02,94.56,7022.0,1431.0,8.55,1.71,12.39,10625.0,1502.0,12.94,1.77,8.59,71515.0,2823.0,87.06,1.41,2.4,42934.0,1986.0,52.27,1.52,2.81,613.0,188.0,0.75,0.23,18.64,566.0,317.0,0.69,0.39,34.05,24770.0,2084.0,30.16,2.29,5.11,9.0,14.0,0.01,0.02,94.56,502.0,283.0,0.61,0.34,34.27,2121.0,534.0,2.58,0.64,15.31
11205,11205,11205,16926.0,732.0,100,,2.63,5256.0,436.0,31.05,2.2,5.04,16868.0,1530.0,33.28,2.63,5.51,1128.0,245.0,6.69,1.32,13.2,1478.0,434.0,8.76,2.45,17.85,6360.0,812.0,37.7,3.39,7.76,3197.0,552.0,18.95,2.78,10.5,4705.0,569.0,27.89,2.23,7.35,29376.0,1467.0,57.96,1.33,3.04,1858.0,375.0,6.32,1.24,12.27,2809.0,470.0,9.56,1.53,10.17,5067.0,651.0,17.25,2.04,7.81,14945.0,1110.0,50.87,2.8,4.52,35426.0,1505.0,69.9,4.29,2.58,505.0,168.0,1.43,0.47,20.22,50628.0,2241.0,99.9,6.26,2.69,4834.0,626.0,9.55,1.16,7.87,15214.0,1553.0,30.02,2.76,6.21,423.0,190.0,2.78,1.22,27.31,31419.0,1311.0,61.99,3.77,2.54,2568.0,413.0,8.17,1.27,9.78,3995.0,646.0,7.88,1.23,9.83,1843.0,453.0,46.13,8.54,14.94,49805.0,2225.0,98.27,0.55,2.72,43141.0,2039.0,86.62,1.34,2.87,6208.0,764.0,12.46,1.43,7.48,456.0,145.0,0.92,0.29,19.33,50681.0,2246.0,100,,2.69,42205.0,2238.0,83.28,2.42,3.22,40490.0,2294.0,79.89,2.82,3.44,1715.0,593.0,3.38,1.16,21.02,8476.0,889.0,16.72,1.59,6.38,4247.0,503.0,50.11,2.76,7.2,4229.0,712.0,49.89,6.57,10.23,1378.0,295.0,16.26,3.03,13.01,2533.0,459.0,29.88,4.42,11.02,530.0,306.0,6.25,3.55,35.1,19.0,23.0,0.22,0.27,73.59,3808.0,742.0,44.93,7.38,11.85,208.0,117.0,2.45,1.36,34.19,45929.0,2020.0,90.62,5.66,2.67,26277.0,1498.0,57.21,2.08,3.47,7775.0,1293.0,16.93,2.71,10.11,5754.0,962.0,12.53,2.02,10.16,14723.0,734.0,86.98,2.16,3.03,14059.0,733.0,83.06,2.42,3.17,36834.0,1588.0,72.68,4.49,2.62,24577.0,1343.0,66.72,2.24,3.32,22376.0,1308.0,60.75,2.4,3.55,2169.0,424.0,5.89,1.12,11.88,32.0,36.0,0.09,0.1,68.39,12257.0,809.0,33.28,1.66,4.01,,,8.83,1.66,11.88,21777.0,1227.0,42.97,1.5,3.43,2484.0,361.0,11.41,1.53,8.83,465.0,155.0,2.14,0.7,20.26,10811.0,815.0,49.64,2.49,4.58,3353.0,551.0,15.4,2.38,9.99,3391.0,554.0,15.57,2.39,9.93,22376.0,1308.0,44.15,1.68,3.55,5.0,8.0,0.02,0.04,97.26,722.0,189.0,3.23,0.82,15.91,1067.0,345.0,4.77,1.52,19.66,698.0,305.0,3.12,1.35,26.56,2179.0,399.0,9.74,1.69,11.13,1190.0,297.0,5.32,1.29,15.17,1481.0,331.0,6.62,1.43,13.59,1495.0,279.0,6.68,1.18,11.34,4391.0,455.0,19.62,1.68,6.3,5241.0,541.0,23.42,1.99,6.28,2192.0,361.0,9.8,1.51,10.01,971.0,354.0,4.34,1.56,22.16,744.0,187.0,3.32,0.81,15.28,1419.0,291.0,8.38,1.68,12.47,959.0,241.0,5.67,1.4,15.28,1245.0,255.0,7.36,1.47,12.45,1211.0,287.0,7.15,1.67,14.41,1505.0,267.0,8.89,1.53,10.78,2651.0,517.0,15.66,2.98,11.86,1442.0,277.0,8.52,1.59,11.68,2256.0,370.0,13.33,2.11,9.97,1488.0,252.0,8.79,1.44,10.3,2750.0,434.0,16.25,2.47,9.59,14018.0,558.0,82.82,4.87,2.42,3363.0,554.0,19.87,3.16,10.01,1891.0,397.0,11.17,2.3,12.76,1285.0,239.0,7.59,1.37,11.31,1162.0,225.0,6.87,1.3,11.77,3879.0,483.0,22.92,2.68,7.57,48845.0,2203.0,96.48,0.83,2.74,29213.0,1752.0,57.7,2.33,3.65,23969.0,2408.0,47.34,4.27,6.11,1783.0,349.0,3.52,0.67,11.9,23299.0,1406.0,45.97,1.88,3.67,27382.0,1401.0,54.03,1.38,3.11,4752.0,684.0,9.38,1.28,8.75,4237.0,599.0,8.36,1.12,8.59,3899.0,514.0,7.69,0.96,8.01,4245.0,657.0,8.38,1.24,9.41,4172.0,694.0,8.23,1.32,10.11,9722.0,1052.0,19.18,1.89,6.58,7429.0,660.0,14.66,1.13,5.4,4742.0,539.0,9.36,0.98,6.91,1605.0,312.0,3.17,0.6,11.82,1874.0,348.0,3.7,0.67,11.29,2187.0,412.0,4.32,0.79,11.45,1245.0,270.0,2.46,0.52,13.18,572.0,311.0,1.13,0.61,33.05,15223.0,1553.0,30.04,2.76,6.2,35458.0,1509.0,69.96,4.3,2.59,4004.0,646.0,7.9,1.23,9.81,3165.0,577.0,6.24,1.1,11.08,27765.0,2154.0,54.78,3.49,4.72,13159.0,1125.0,25.96,1.9,5.2,348.0,272.0,0.69,0.54,47.51,3114.0,497.0,6.14,0.94,9.7,0.0,,0.0,,,3130.0,859.0,6.18,1.67,16.68,8107.0,952.0,16.0,1.74,7.14,42574.0,2469.0,84.0,3.14,3.53,25013.0,2144.0,49.35,3.62,5.21,12102.0,1104.0,23.88,1.9,5.55,207.0,237.0,0.41,0.47,69.6,3114.0,497.0,6.14,0.94,9.7,0.0,,0.0,,,359.0,232.0,0.71,0.46,39.29,1779.0,475.0,3.51,0.92,16.23
11206,11206,11206,31256.0,920.0,100,,1.79,9547.0,671.0,30.54,1.95,4.27,26264.0,2498.0,28.89,2.48,5.78,1859.0,481.0,7.08,1.7,15.73,1833.0,327.0,6.98,1.05,10.84,11258.0,1364.0,42.86,3.22,7.37,5963.0,891.0,22.7,2.62,9.08,5351.0,639.0,20.37,1.47,7.26,55298.0,1853.0,60.83,3.22,2.04,6266.0,727.0,11.33,1.26,7.05,6695.0,899.0,12.11,1.57,8.16,14091.0,908.0,25.48,1.4,3.92,17775.0,1134.0,32.14,1.75,3.88,65140.0,2194.0,71.66,3.81,2.05,757.0,229.0,1.16,0.35,18.39,90829.0,3729.0,99.92,0.02,2.5,10816.0,865.0,11.91,0.82,4.86,25757.0,2356.0,28.33,2.32,5.56,810.0,302.0,3.14,1.14,22.67,56543.0,2252.0,62.2,3.56,2.42,5902.0,598.0,10.44,0.97,6.16,8529.0,789.0,9.38,0.78,5.62,4104.0,539.0,48.12,4.49,7.98,89317.0,3646.0,98.26,5.69,2.48,79474.0,3297.0,88.98,0.66,2.52,9265.0,1601.0,10.37,1.74,10.5,578.0,369.0,0.65,0.41,38.81,90903.0,3732.0,100,,2.5,73380.0,3957.0,80.72,2.82,3.28,68094.0,3995.0,74.91,3.14,3.57,5286.0,731.0,5.81,0.77,8.41,17523.0,1284.0,19.28,1.17,4.45,9918.0,901.0,56.6,3.04,5.52,7605.0,921.0,43.4,4.18,7.36,2793.0,520.0,15.94,2.73,11.32,3952.0,501.0,22.55,2.33,7.71,306.0,163.0,1.75,0.92,32.38,99.0,56.0,0.56,0.32,34.39,10148.0,1034.0,57.91,4.1,6.19,225.0,124.0,1.28,0.7,33.5,83293.0,3411.0,91.63,5.31,2.49,37445.0,2303.0,44.96,2.06,3.74,18545.0,1555.0,22.26,1.63,5.1,24648.0,2052.0,29.59,2.14,5.06,26862.0,982.0,85.94,1.86,2.22,24636.0,1080.0,78.82,2.56,2.66,67570.0,2245.0,74.33,3.93,2.02,42911.0,1794.0,63.51,1.61,2.54,39262.0,1523.0,58.11,1.16,2.36,3649.0,666.0,5.4,0.97,11.1,0.0,,0.0,,,24659.0,1362.0,36.49,1.61,3.36,,,8.5,1.51,11.1,37787.0,1525.0,41.57,2.39,2.45,4090.0,532.0,10.82,1.34,7.91,1162.0,346.0,3.08,0.91,18.1,21892.0,1206.0,57.94,2.17,3.35,4440.0,603.0,11.75,1.52,8.26,4624.0,676.0,12.24,1.72,8.89,39262.0,1523.0,43.19,2.44,2.36,50.0,51.0,0.13,0.13,62.01,1204.0,422.0,3.07,1.07,21.31,1541.0,307.0,3.92,0.77,12.11,998.0,323.0,2.54,0.82,19.67,4296.0,501.0,10.94,1.2,7.09,2115.0,423.0,5.39,1.06,12.16,2343.0,407.0,5.97,1.01,10.56,3061.0,459.0,7.8,1.13,9.12,6199.0,820.0,15.79,2.0,8.04,9528.0,743.0,24.27,1.64,4.74,5384.0,635.0,13.71,1.53,7.17,1526.0,296.0,3.89,0.74,11.79,1017.0,297.0,2.59,0.75,17.75,3840.0,648.0,12.29,2.04,10.26,2291.0,411.0,7.33,1.3,10.91,3848.0,543.0,12.31,1.7,8.58,2772.0,409.0,8.87,1.28,8.97,3111.0,415.0,9.95,1.3,8.11,3889.0,581.0,12.44,1.82,9.08,3479.0,545.0,11.13,1.71,9.52,3489.0,354.0,11.16,1.08,6.17,2110.0,412.0,6.75,1.3,11.87,2427.0,437.0,7.76,1.38,10.95,24364.0,886.0,77.95,1.66,2.21,7337.0,736.0,23.47,2.25,6.1,3322.0,579.0,10.63,1.83,10.6,3762.0,583.0,12.04,1.83,9.42,3470.0,483.0,11.1,1.51,8.46,10671.0,932.0,34.14,2.81,5.31,85301.0,3565.0,93.91,0.73,2.54,40735.0,2850.0,44.85,2.54,4.25,53280.0,3091.0,58.66,2.4,3.53,5528.0,997.0,6.09,1.07,10.96,43516.0,2037.0,47.87,1.08,2.85,47387.0,2344.0,52.13,1.44,3.01,7610.0,940.0,8.37,0.98,7.51,6649.0,904.0,7.31,0.95,8.27,7546.0,995.0,8.3,1.04,8.02,6397.0,925.0,7.04,0.98,8.79,7403.0,895.0,8.14,0.93,7.35,19931.0,1529.0,21.93,1.42,4.66,12137.0,1192.0,13.35,1.19,5.97,7899.0,805.0,8.69,0.81,6.2,3466.0,537.0,3.81,0.57,9.42,3324.0,431.0,3.66,0.45,7.88,4998.0,633.0,5.5,0.66,7.7,2634.0,479.0,2.9,0.51,11.05,909.0,297.0,1.0,0.32,19.86,25763.0,2356.0,28.34,2.32,5.56,65140.0,2194.0,71.66,3.81,2.05,8541.0,789.0,9.4,0.78,5.62,6246.0,1234.0,6.87,1.33,12.01,41946.0,3290.0,46.14,3.08,4.77,20937.0,2114.0,23.03,2.12,6.14,909.0,529.0,1.0,0.58,35.38,5475.0,669.0,6.02,0.69,7.43,141.0,223.0,0.16,0.25,96.14,15249.0,2223.0,16.78,2.35,8.86,32864.0,2271.0,36.15,2.01,4.2,58039.0,3304.0,63.85,2.52,3.46,33531.0,2955.0,36.89,2.88,5.36,16639.0,1788.0,18.3,1.82,6.53,42.0,64.0,0.05,0.07,92.63,5456.0,669.0,6.0,0.69,7.45,0.0,,0.0,,,218.0,162.0,0.24,0.18,45.17,2153.0,452.0,2.37,0.49,12.76
11207,11207,11207,33996.0,1034.0,100,,1.85,11183.0,709.0,32.9,1.83,3.85,24691.0,1698.0,25.27,1.38,4.18,1907.0,487.0,7.72,1.9,15.52,1506.0,366.0,6.1,1.42,14.77,10435.0,1037.0,42.26,3.03,6.04,4794.0,627.0,19.42,2.16,7.95,6049.0,655.0,24.5,2.05,6.58,64755.0,2589.0,66.29,3.84,2.43,5954.0,657.0,9.19,0.95,6.71,6410.0,674.0,9.9,0.96,6.39,23094.0,1585.0,35.66,1.99,4.17,12067.0,946.0,18.63,1.26,4.77,73899.0,2966.0,75.65,4.39,2.44,1940.0,394.0,2.63,0.52,12.35,97136.0,4092.0,99.43,0.42,2.56,13202.0,1064.0,13.59,0.93,4.9,23740.0,1836.0,24.3,1.58,4.7,978.0,292.0,4.12,1.19,18.15,61205.0,2595.0,62.65,0.4,2.58,7121.0,752.0,11.63,1.13,6.42,12191.0,972.0,12.48,0.85,4.85,5103.0,620.0,41.86,3.84,7.39,95820.0,3872.0,98.09,5.71,2.46,88720.0,3716.0,92.59,1.02,2.55,6949.0,1274.0,7.25,1.3,11.15,151.0,168.0,0.16,0.18,67.63,97690.0,4095.0,100,,2.55,68049.0,3208.0,69.66,1.5,2.87,64629.0,3072.0,66.16,1.48,2.89,3420.0,573.0,3.5,0.57,10.19,29641.0,2421.0,30.34,2.13,4.97,17812.0,1691.0,60.09,2.91,5.77,11829.0,1318.0,39.91,3.02,6.77,503.0,146.0,1.7,0.47,17.64,1298.0,402.0,4.38,1.31,18.83,1985.0,785.0,6.7,2.59,24.04,0.0,,0.0,,,25697.0,2292.0,86.69,3.11,5.42,158.0,126.0,0.53,0.42,48.48,90786.0,3535.0,92.93,5.32,2.37,61534.0,3023.0,67.78,2.03,2.99,10906.0,1121.0,12.01,1.14,6.25,24038.0,1917.0,26.48,1.84,4.85,31413.0,1099.0,92.4,1.6,2.13,27243.0,1100.0,80.14,2.13,2.45,76255.0,3064.0,78.06,4.53,2.44,44655.0,2078.0,58.56,1.37,2.83,39352.0,1839.0,51.61,1.23,2.84,5264.0,690.0,6.9,0.86,7.97,39.0,41.0,0.05,0.05,63.91,31600.0,1791.0,41.44,1.66,3.45,,,11.79,1.44,7.97,38236.0,1822.0,39.14,0.89,2.9,8092.0,800.0,21.16,1.83,6.01,1370.0,314.0,3.58,0.8,13.93,24295.0,1424.0,63.54,2.17,3.56,1115.0,266.0,2.92,0.68,14.5,2405.0,410.0,6.29,1.03,10.36,39352.0,1839.0,40.28,0.83,2.84,69.0,73.0,0.18,0.19,64.31,1709.0,351.0,4.34,0.87,12.49,775.0,252.0,1.97,0.63,19.77,795.0,237.0,2.02,0.59,18.12,3995.0,438.0,10.15,1.01,6.66,3881.0,507.0,9.86,1.2,7.94,956.0,258.0,2.43,0.65,16.41,1890.0,384.0,4.8,0.95,12.35,4980.0,604.0,12.66,1.42,7.37,12337.0,1034.0,31.35,2.18,5.1,3389.0,530.0,8.61,1.29,9.51,2120.0,365.0,5.39,0.89,10.47,2456.0,479.0,6.24,1.18,11.86,5159.0,617.0,15.18,1.76,7.27,2238.0,416.0,6.58,1.21,11.3,3861.0,498.0,11.36,1.42,7.84,3198.0,398.0,9.41,1.14,7.57,3714.0,493.0,10.92,1.41,8.07,5669.0,611.0,16.68,1.72,6.55,3291.0,335.0,9.68,0.94,6.19,3643.0,490.0,10.72,1.4,8.18,1769.0,347.0,5.2,1.01,11.92,1454.0,291.0,4.28,0.85,12.17,23997.0,977.0,70.59,1.91,2.47,9321.0,680.0,27.42,1.82,4.43,5495.0,603.0,16.16,1.7,6.67,3489.0,434.0,10.26,1.24,7.56,3365.0,466.0,9.9,1.34,8.42,12093.0,811.0,35.57,2.13,4.08,91147.0,3825.0,93.83,5.58,2.55,47375.0,2485.0,48.77,1.52,3.19,55539.0,2824.0,57.18,1.63,3.09,5989.0,917.0,6.17,0.91,9.31,43666.0,2390.0,44.7,1.57,3.33,54024.0,2268.0,55.3,0.13,2.55,6904.0,926.0,7.07,0.9,8.15,7007.0,810.0,7.17,0.77,7.03,6579.0,868.0,6.73,0.84,8.02,5343.0,608.0,5.47,0.58,6.92,7102.0,833.0,7.27,0.8,7.13,15916.0,1242.0,16.29,1.07,4.74,13531.0,1083.0,13.85,0.94,4.87,11615.0,1111.0,11.89,1.02,5.81,5058.0,498.0,5.18,0.46,5.99,6049.0,710.0,6.19,0.68,7.14,7140.0,696.0,7.31,0.64,5.93,3704.0,572.0,3.79,0.56,9.39,1742.0,395.0,1.78,0.4,13.78,23752.0,1836.0,24.31,1.58,4.7,73938.0,2967.0,75.69,4.39,2.44,12586.0,990.0,12.88,0.86,4.78,6621.0,1054.0,6.78,1.04,9.68,13135.0,1363.0,13.45,1.28,6.31,59403.0,3296.0,60.81,2.21,3.37,216.0,134.0,0.22,0.14,37.71,1525.0,382.0,1.56,0.39,15.23,15.0,19.0,0.02,0.02,77.0,16775.0,1986.0,17.17,1.9,7.2,33652.0,2432.0,34.45,2.03,4.39,64038.0,3302.0,65.55,1.97,3.13,4976.0,783.0,5.09,0.77,9.57,53948.0,3024.0,55.22,2.06,3.41,67.0,78.0,0.07,0.08,70.77,1503.0,384.0,1.54,0.39,15.53,1.0,,0.0,,,1348.0,552.0,1.38,0.56,24.89,2195.0,564.0,2.25,0.57,15.62
11208,11208,11208,33551.0,1137.0,100,,2.06,14618.0,880.0,43.57,2.17,3.66,29552.0,1733.0,27.43,1.33,3.56,1823.0,389.0,6.17,1.27,12.97,1751.0,366.0,5.93,1.19,12.71,13308.0,941.0,45.03,1.78,4.3,6455.0,754.0,21.84,2.21,7.1,6215.0,913.0,21.03,2.83,8.93,67988.0,2631.0,63.11,1.29,2.35,6047.0,924.0,8.89,1.31,9.29,5929.0,902.0,8.72,1.28,9.25,32956.0,1825.0,48.47,1.92,3.37,9834.0,1117.0,14.46,1.54,6.9,78242.0,2768.0,72.63,0.95,2.15,1416.0,422.0,1.81,0.54,18.12,107445.0,3557.0,99.74,0.38,2.01,8563.0,1053.0,7.97,0.94,7.48,29438.0,1735.0,27.33,1.34,3.58,674.0,219.0,2.29,0.73,19.75,65245.0,2465.0,60.57,1.13,2.3,3723.0,673.0,5.71,1.01,10.99,12762.0,1154.0,11.85,1.0,5.5,4166.0,621.0,32.64,3.87,9.06,106223.0,3591.0,98.61,0.77,2.06,102976.0,3505.0,96.94,0.38,2.07,2872.0,694.0,2.7,0.65,14.69,375.0,332.0,0.35,0.31,53.82,107724.0,3543.0,100,,2.0,66410.0,2758.0,61.65,1.56,2.52,61500.0,2733.0,57.09,1.71,2.7,4910.0,767.0,4.56,0.7,9.5,41314.0,2458.0,38.35,1.9,3.62,26397.0,2026.0,63.89,3.1,4.67,14917.0,1592.0,36.11,3.2,6.49,656.0,279.0,1.59,0.67,25.85,7448.0,1336.0,18.03,3.05,10.9,2211.0,781.0,5.35,1.86,21.47,0.0,,0.0,,,30999.0,2279.0,75.03,3.24,4.47,0.0,,0.0,,,98892.0,3322.0,91.8,0.63,2.04,48887.0,3081.0,49.43,2.64,3.83,17564.0,1746.0,17.76,1.66,6.04,36042.0,2277.0,36.45,1.95,3.84,32033.0,1155.0,95.48,1.18,2.19,28504.0,1096.0,84.96,1.54,2.34,80790.0,2877.0,75.0,1.02,2.16,46185.0,1989.0,57.17,1.38,2.62,43155.0,1890.0,53.42,1.36,2.66,2990.0,640.0,3.7,0.78,13.01,40.0,57.0,0.05,0.07,86.63,34605.0,1979.0,42.83,1.92,3.48,,,6.47,1.36,13.01,42345.0,1851.0,39.31,1.13,2.66,9919.0,918.0,23.42,1.91,5.63,1394.0,333.0,3.29,0.77,14.52,25296.0,1534.0,59.74,2.51,3.69,1838.0,529.0,4.34,1.23,17.5,2679.0,677.0,6.33,1.57,15.36,43155.0,1890.0,40.06,1.16,2.66,48.0,42.0,0.11,0.1,53.19,2646.0,508.0,6.13,1.15,11.67,1430.0,397.0,3.31,0.91,16.88,634.0,226.0,1.47,0.52,21.67,4834.0,768.0,11.2,1.71,9.66,5160.0,658.0,11.96,1.43,7.75,671.0,231.0,1.55,0.53,20.93,2088.0,399.0,4.84,0.9,11.62,4162.0,548.0,9.64,1.2,8.0,13247.0,1127.0,30.7,2.24,5.17,3892.0,723.0,9.02,1.63,11.29,2644.0,510.0,6.13,1.15,11.73,1699.0,351.0,3.94,0.79,12.56,4773.0,578.0,14.23,1.65,7.36,1572.0,299.0,4.69,0.88,11.56,2968.0,501.0,8.85,1.46,10.26,3748.0,646.0,11.17,1.89,10.48,3796.0,511.0,11.31,1.47,8.18,5137.0,477.0,15.31,1.32,5.64,4135.0,718.0,12.32,2.1,10.56,4074.0,576.0,12.14,1.67,8.59,1697.0,356.0,5.06,1.05,12.75,1651.0,366.0,4.92,1.08,13.48,25677.0,1098.0,76.53,2.0,2.6,7688.0,754.0,22.91,2.11,5.96,5108.0,613.0,15.22,1.75,7.3,2725.0,466.0,8.12,1.36,10.4,2023.0,374.0,6.03,1.1,11.24,10939.0,1020.0,32.6,2.83,5.67,102071.0,3487.0,95.0,0.8,2.08,49193.0,2644.0,45.78,1.94,3.27,61025.0,2792.0,56.8,1.79,2.78,5374.0,926.0,5.0,0.85,10.47,51347.0,2381.0,47.67,1.56,2.82,56377.0,2051.0,52.33,0.81,2.21,8832.0,997.0,8.2,0.89,6.86,7943.0,772.0,7.37,0.67,5.91,8362.0,794.0,7.76,0.69,5.77,7298.0,749.0,6.77,0.66,6.24,7301.0,740.0,6.78,0.65,6.16,16028.0,1202.0,14.88,1.0,4.56,14744.0,1224.0,13.69,1.04,5.05,11816.0,909.0,10.97,0.76,4.68,7104.0,953.0,6.59,0.86,8.16,5380.0,634.0,4.99,0.57,7.16,8287.0,1007.0,7.69,0.9,7.39,3419.0,585.0,3.17,0.53,10.4,1210.0,476.0,1.12,0.44,23.91,29442.0,1735.0,27.33,1.34,3.58,78282.0,2764.0,72.67,0.93,2.15,12916.0,1147.0,11.99,0.99,5.4,5121.0,1141.0,4.75,1.05,13.54,24195.0,2016.0,22.46,1.72,5.07,54516.0,3271.0,50.61,2.54,3.65,204.0,174.0,0.19,0.16,51.85,7481.0,1505.0,6.94,1.38,12.23,173.0,185.0,0.16,0.17,65.01,16034.0,1943.0,14.88,1.74,7.37,43708.0,2458.0,40.57,1.85,3.42,64016.0,3560.0,59.43,2.66,3.38,3123.0,757.0,2.9,0.7,14.74,49689.0,3091.0,46.13,2.44,3.78,57.0,72.0,0.05,0.07,76.79,7481.0,1505.0,6.94,1.38,12.23,173.0,185.0,0.16,0.17,65.01,1083.0,485.0,1.01,0.45,27.22,2410.0,773.0,2.24,0.71,19.5
11209,11209,11209,30150.0,838.0,100,,1.69,7301.0,523.0,24.22,1.6,4.35,15907.0,1120.0,21.81,1.41,4.28,1072.0,224.0,6.74,1.33,12.7,722.0,220.0,4.54,1.35,18.52,6110.0,666.0,38.41,3.2,6.63,2800.0,414.0,17.6,2.29,8.99,5203.0,633.0,32.71,3.25,7.4,53922.0,1518.0,73.93,0.44,1.71,2976.0,450.0,5.52,0.82,9.19,2654.0,361.0,4.92,0.65,8.27,9658.0,679.0,17.91,1.15,4.27,27861.0,1133.0,51.67,1.52,2.47,58395.0,1615.0,80.06,0.22,1.68,1716.0,274.0,2.94,0.46,9.71,72548.0,2060.0,99.47,0.7,1.73,7864.0,595.0,10.84,0.76,4.6,14268.0,981.0,19.56,1.23,4.18,426.0,221.0,2.99,1.54,31.54,45370.0,1559.0,62.2,1.28,2.09,2991.0,311.0,6.59,0.65,6.32,12910.0,773.0,17.7,0.94,3.64,4447.0,462.0,34.45,2.92,6.32,71855.0,1999.0,98.52,0.4,1.69,65528.0,2232.0,91.19,1.79,2.07,5674.0,752.0,7.9,1.02,8.06,653.0,268.0,0.91,0.37,24.95,72938.0,2007.0,100,,1.67,50716.0,1750.0,69.53,1.45,2.1,48710.0,1759.0,66.78,1.56,2.2,2006.0,333.0,2.75,0.45,10.09,22222.0,1288.0,30.47,1.55,3.52,14469.0,891.0,65.11,1.35,3.74,7753.0,854.0,34.89,3.27,6.7,5895.0,633.0,26.53,2.4,6.53,9575.0,929.0,43.09,3.35,5.9,2345.0,565.0,10.55,2.47,14.65,42.0,37.0,0.19,0.17,53.55,4267.0,711.0,19.2,3.0,10.13,98.0,41.0,0.44,0.18,25.43,68603.0,1998.0,94.06,0.9,1.77,38164.0,1677.0,55.63,1.83,2.67,11627.0,990.0,16.95,1.36,5.18,7717.0,889.0,11.25,1.25,7.0,27818.0,844.0,92.27,1.12,1.84,27016.0,793.0,89.61,0.85,1.78,60366.0,1669.0,82.76,0.22,1.68,38538.0,1359.0,63.84,1.4,2.14,36091.0,1304.0,59.79,1.39,2.2,2195.0,351.0,3.64,0.57,9.72,252.0,275.0,0.42,0.46,66.34,21828.0,1041.0,36.16,1.41,2.9,,,5.7,0.89,9.72,35346.0,1249.0,48.46,1.07,2.15,7443.0,628.0,21.06,1.61,5.13,1426.0,242.0,4.03,0.67,10.32,17829.0,848.0,50.44,1.61,2.89,2726.0,407.0,7.71,1.12,9.08,5250.0,662.0,14.85,1.8,7.67,36091.0,1304.0,49.48,1.16,2.2,51.0,51.0,0.14,0.14,60.79,1734.0,309.0,4.8,0.84,10.83,1072.0,202.0,2.97,0.55,11.45,777.0,276.0,2.15,0.76,21.59,3147.0,462.0,8.72,1.24,8.92,1695.0,310.0,4.7,0.84,11.12,1103.0,203.0,3.06,0.55,11.19,4437.0,466.0,12.29,1.21,6.38,5599.0,585.0,15.51,1.52,6.35,10301.0,793.0,28.54,1.94,4.68,2669.0,426.0,7.4,1.15,9.7,1549.0,265.0,4.29,0.72,10.4,1957.0,276.0,5.42,0.74,8.57,1657.0,277.0,5.5,0.91,10.16,1114.0,259.0,3.69,0.85,14.13,1780.0,307.0,5.9,1.0,10.48,2178.0,430.0,7.22,1.41,12.0,2727.0,417.0,9.04,1.36,9.3,4149.0,368.0,13.76,1.16,5.39,3780.0,418.0,12.54,1.34,6.72,5735.0,455.0,19.02,1.41,4.82,2438.0,228.0,8.09,0.72,5.69,4592.0,397.0,15.23,1.25,5.26,23617.0,807.0,78.33,1.56,2.08,8954.0,503.0,29.7,1.45,3.41,5831.0,384.0,19.34,1.15,4.0,2051.0,313.0,6.8,1.02,9.28,1014.0,219.0,3.36,0.72,13.13,3029.0,399.0,10.05,1.29,8.01,68585.0,1996.0,94.54,0.6,1.77,50076.0,1938.0,69.02,1.82,2.35,25563.0,1368.0,35.24,1.6,3.25,3963.0,584.0,5.46,0.79,8.96,35484.0,1197.0,48.65,0.95,2.05,37454.0,1429.0,51.35,1.36,2.32,4335.0,482.0,5.94,0.64,6.76,4002.0,492.0,5.49,0.66,7.47,3580.0,522.0,4.91,0.7,8.86,3766.0,518.0,5.16,0.7,8.36,3333.0,540.0,4.57,0.73,9.85,11330.0,950.0,15.53,1.23,5.1,10771.0,792.0,14.77,1.01,4.47,9081.0,713.0,12.45,0.92,4.77,4818.0,462.0,6.61,0.61,5.83,4995.0,486.0,6.85,0.64,5.91,7493.0,650.0,10.27,0.85,5.27,3529.0,417.0,4.84,0.56,7.18,1905.0,301.0,2.61,0.41,9.61,14291.0,980.0,19.59,1.23,4.17,58647.0,1613.0,80.41,3.13,1.67,12927.0,773.0,17.72,0.94,3.64,4754.0,663.0,6.52,0.89,8.48,50162.0,2045.0,68.77,2.07,2.48,2942.0,820.0,4.03,1.12,16.94,514.0,295.0,0.7,0.4,34.89,9901.0,971.0,13.57,1.28,5.96,53.0,57.0,0.07,0.08,65.38,4612.0,844.0,6.32,1.14,11.12,13449.0,1393.0,18.44,1.84,6.3,59489.0,2309.0,81.56,2.23,2.36,44590.0,2039.0,61.13,2.23,2.78,2677.0,817.0,3.67,1.12,18.55,83.0,77.0,0.11,0.11,56.4,9881.0,974.0,13.55,1.28,5.99,39.0,52.0,0.05,0.07,81.05,264.0,165.0,0.36,0.23,37.99,1955.0,429.0,2.68,0.58,13.34
11210,11210,11210,21720.0,798.0,100,,2.23,7238.0,464.0,33.32,1.75,3.9,19800.0,1496.0,30.07,1.87,4.59,843.0,181.0,4.26,0.86,13.05,1116.0,267.0,5.64,1.28,14.54,7251.0,763.0,36.62,2.68,6.4,4215.0,550.0,21.29,2.26,7.93,6375.0,697.0,32.2,2.54,6.65,44236.0,1968.0,67.17,0.77,2.7,1920.0,361.0,4.34,0.79,11.43,2547.0,506.0,5.76,1.11,12.08,10797.0,819.0,24.41,1.5,4.61,16460.0,1019.0,37.21,1.6,3.76,49613.0,2174.0,75.34,0.63,2.66,859.0,231.0,1.73,0.46,16.35,65818.0,2831.0,99.95,0.08,2.61,7187.0,768.0,10.92,1.07,6.5,16221.0,1329.0,24.63,1.72,4.98,410.0,162.0,2.53,0.98,24.02,38785.0,1896.0,58.9,1.37,2.97,3336.0,555.0,8.6,1.37,10.11,10812.0,828.0,16.42,1.04,4.66,3441.0,420.0,31.83,3.02,7.42,65048.0,2801.0,98.78,0.22,2.62,60528.0,2750.0,93.05,1.35,2.76,4237.0,870.0,6.51,1.31,12.48,283.0,143.0,0.44,0.22,30.72,65854.0,2832.0,100,,2.61,39645.0,1924.0,60.2,1.35,2.95,37874.0,1862.0,57.51,1.37,2.99,1771.0,422.0,2.69,0.63,14.49,26209.0,1877.0,39.8,2.28,4.35,17868.0,1296.0,68.18,0.78,4.41,8341.0,1377.0,31.82,4.73,10.04,2586.0,444.0,9.87,1.54,10.44,2436.0,466.0,9.29,1.65,11.63,1264.0,371.0,4.82,1.37,17.84,8.0,11.0,0.03,0.04,83.59,19880.0,1765.0,75.85,3.98,5.4,35.0,23.0,0.13,0.09,39.95,61791.0,2746.0,93.83,1.05,2.7,41454.0,2106.0,67.09,1.65,3.09,6430.0,1044.0,10.41,1.63,9.87,3092.0,746.0,5.0,1.19,14.67,20395.0,762.0,93.9,0.64,2.27,19252.0,784.0,88.64,1.56,2.48,51587.0,2270.0,78.34,0.73,2.67,31692.0,1531.0,61.43,1.22,2.94,29356.0,1458.0,56.91,1.31,3.02,2326.0,348.0,4.51,0.64,9.1,10.0,17.0,0.02,0.03,103.34,19895.0,1282.0,38.57,1.82,3.92,,,7.34,1.04,9.1,28555.0,1455.0,43.36,1.19,3.1,8043.0,822.0,28.17,2.5,6.21,1474.0,302.0,5.16,1.02,12.45,14512.0,1261.0,50.82,3.58,5.28,1456.0,303.0,5.1,1.03,12.65,2386.0,362.0,8.36,1.19,9.22,29356.0,1458.0,44.58,1.11,3.02,25.0,40.0,0.09,0.14,97.26,1112.0,385.0,3.79,1.3,21.05,446.0,131.0,1.52,0.44,17.86,350.0,108.0,1.19,0.36,18.76,2361.0,386.0,8.04,1.25,9.94,2431.0,369.0,8.28,1.19,9.23,689.0,168.0,2.35,0.56,14.82,1983.0,283.0,6.76,0.9,8.68,3293.0,501.0,11.22,1.61,9.25,12386.0,998.0,42.19,2.68,4.9,1589.0,318.0,5.41,1.05,12.17,1251.0,266.0,4.26,0.88,12.93,1440.0,237.0,4.91,0.77,10.01,1235.0,306.0,5.69,1.39,15.06,635.0,180.0,2.92,0.82,17.23,1067.0,266.0,4.91,1.21,15.15,1327.0,292.0,6.11,1.33,13.38,2332.0,405.0,10.74,1.82,10.56,4030.0,448.0,18.55,1.95,6.76,2764.0,385.0,12.73,1.71,8.47,4004.0,498.0,18.43,2.19,7.56,2037.0,300.0,9.38,1.34,8.95,2289.0,316.0,10.54,1.4,8.39,17566.0,770.0,80.87,1.93,2.66,6766.0,473.0,31.15,1.85,4.25,4566.0,470.0,21.02,2.02,6.26,1191.0,202.0,5.48,0.91,10.31,822.0,243.0,3.78,1.11,17.97,3451.0,408.0,15.89,1.79,7.19,62106.0,2728.0,94.36,0.84,2.67,41555.0,1889.0,63.14,0.93,2.76,27234.0,1870.0,41.38,2.21,4.17,3712.0,689.0,5.64,1.02,11.28,31973.0,1640.0,48.55,1.36,3.12,33881.0,1739.0,51.45,1.44,3.12,4063.0,535.0,6.17,0.77,8.0,4456.0,632.0,6.77,0.91,8.62,4759.0,556.0,7.23,0.79,7.1,4378.0,568.0,6.65,0.81,7.89,3962.0,534.0,6.02,0.77,8.19,9049.0,820.0,13.74,1.1,5.51,8572.0,825.0,13.02,1.12,5.85,7520.0,725.0,11.42,0.99,5.86,4362.0,608.0,6.62,0.88,8.47,3914.0,432.0,5.94,0.6,6.71,6726.0,636.0,10.21,0.86,5.75,2702.0,366.0,4.1,0.53,8.23,1391.0,334.0,2.11,0.5,14.6,16231.0,1329.0,24.65,1.72,4.98,49623.0,2174.0,75.35,0.63,2.66,10819.0,829.0,16.43,1.04,4.66,3384.0,790.0,5.14,1.18,14.19,21344.0,1507.0,32.41,1.81,4.29,35066.0,2582.0,53.25,3.18,4.48,41.0,36.0,0.06,0.05,53.38,3177.0,763.0,4.82,1.14,14.6,0.0,,0.0,,,2842.0,755.0,4.32,1.13,16.15,4684.0,971.0,7.11,1.44,12.6,61170.0,2999.0,92.89,2.19,2.98,20668.0,1509.0,31.38,1.85,4.44,34127.0,2556.0,51.82,3.18,4.55,0.0,,0.0,,,3169.0,762.0,4.81,1.14,14.62,0.0,,0.0,,,580.0,315.0,0.88,0.48,33.02,2626.0,686.0,3.99,1.03,15.88
11211,11211,"11211, 11249",41893.0,1059.0,100,,1.54,9878.0,669.0,23.58,1.48,4.12,26423.0,2245.0,24.39,1.89,5.16,2483.0,446.0,9.4,1.49,10.92,2176.0,462.0,8.24,1.6,12.91,10461.0,1332.0,39.59,3.75,7.74,4813.0,661.0,18.22,1.97,8.35,6490.0,810.0,24.56,2.25,7.59,73044.0,2214.0,67.42,3.13,1.84,5632.0,644.0,7.71,0.85,6.95,5745.0,818.0,7.87,1.09,8.66,13058.0,1001.0,17.88,1.26,4.66,38759.0,1637.0,53.06,1.56,2.57,81865.0,2470.0,75.56,3.5,1.83,763.0,318.0,0.93,0.39,25.34,108091.0,3795.0,99.76,4.96,2.13,8605.0,851.0,7.96,0.74,6.01,26443.0,2257.0,24.41,1.9,5.19,831.0,284.0,3.14,1.04,20.78,72146.0,2527.0,66.59,3.31,2.13,4170.0,628.0,5.78,0.85,9.15,9502.0,880.0,8.77,0.75,5.63,3604.0,473.0,37.93,3.53,7.98,106336.0,3762.0,98.14,0.36,2.15,89632.0,3699.0,84.29,1.79,2.51,15598.0,1387.0,14.67,1.2,5.41,1106.0,351.0,1.04,0.33,19.29,108346.0,3812.0,100,,2.14,84958.0,3536.0,78.41,1.74,2.53,79051.0,3429.0,72.96,1.85,2.64,5907.0,686.0,5.45,0.6,7.06,23388.0,1703.0,21.59,1.38,4.43,12257.0,1236.0,52.41,3.66,6.13,11131.0,1077.0,47.59,3.03,5.88,7518.0,802.0,32.14,2.51,6.48,4681.0,843.0,20.01,3.3,10.95,530.0,206.0,2.27,0.87,23.63,810.0,223.0,3.46,0.92,16.74,9069.0,1274.0,38.78,4.66,8.54,780.0,202.0,3.34,0.83,15.74,98595.0,3429.0,91.0,4.5,2.11,46384.0,2162.0,47.04,1.46,2.83,18542.0,1785.0,18.81,1.69,5.85,18933.0,1617.0,19.2,1.5,5.19,35925.0,1091.0,85.75,1.44,1.85,34022.0,1025.0,81.21,1.33,1.83,84336.0,2699.0,77.84,3.7,1.95,61177.0,2178.0,72.54,1.13,2.16,57315.0,2097.0,67.96,1.21,2.22,3833.0,623.0,4.54,0.72,9.88,29.0,43.0,0.03,0.05,90.14,23159.0,1677.0,27.46,1.78,4.4,,,6.27,0.99,9.88,56438.0,2114.0,52.09,0.67,2.28,4927.0,663.0,8.73,1.13,8.18,1436.0,358.0,2.54,0.63,15.16,29208.0,1534.0,51.75,1.91,3.19,7408.0,711.0,13.13,1.16,5.83,10286.0,1030.0,18.23,1.69,6.09,57315.0,2097.0,52.9,0.53,2.22,42.0,50.0,0.07,0.09,72.37,1888.0,381.0,3.29,0.65,12.27,1765.0,317.0,3.08,0.54,10.92,1764.0,418.0,3.08,0.72,14.4,5108.0,599.0,8.91,0.99,7.13,1532.0,308.0,2.67,0.53,12.22,5160.0,588.0,9.0,0.97,6.93,6211.0,711.0,10.84,1.18,6.96,13729.0,1066.0,23.95,1.64,4.72,10761.0,976.0,18.78,1.56,5.51,6002.0,607.0,10.47,0.99,6.15,2003.0,562.0,3.49,0.97,17.06,1350.0,344.0,2.36,0.59,15.49,2453.0,425.0,5.86,1.0,10.53,2512.0,447.0,6.0,1.06,10.82,4095.0,517.0,9.77,1.21,7.67,2143.0,389.0,5.12,0.92,11.03,2865.0,462.0,6.84,1.09,9.8,3977.0,449.0,9.49,1.04,6.86,3351.0,440.0,8.0,1.03,7.98,6202.0,648.0,14.8,1.5,6.35,4640.0,713.0,11.08,1.68,9.34,9655.0,605.0,23.05,1.32,3.81,36026.0,1111.0,86.0,1.52,1.87,6532.0,563.0,15.59,1.28,5.24,2556.0,383.0,6.1,0.9,9.11,2374.0,377.0,5.67,0.89,9.65,3022.0,528.0,7.21,1.25,10.62,8333.0,729.0,19.89,1.67,5.32,102567.0,3679.0,94.89,0.7,2.18,61643.0,2365.0,57.03,0.88,2.33,47410.0,3445.0,43.86,2.79,4.42,5524.0,849.0,5.11,0.76,9.34,54094.0,2246.0,49.93,1.1,2.52,54252.0,2297.0,50.07,1.18,2.57,9751.0,963.0,9.0,0.83,6.0,6706.0,861.0,6.19,0.76,7.81,6318.0,853.0,5.83,0.76,8.21,5508.0,786.0,5.08,0.7,8.67,7019.0,831.0,6.48,0.73,7.2,29216.0,1403.0,26.97,0.88,2.92,17553.0,1301.0,16.2,1.06,4.51,8917.0,878.0,8.23,0.76,5.99,4124.0,653.0,3.81,0.59,9.63,3576.0,517.0,3.3,0.46,8.79,5647.0,686.0,5.21,0.61,7.38,2635.0,444.0,2.43,0.4,10.24,1376.0,438.0,1.27,0.4,19.35,26452.0,2256.0,24.41,1.9,5.18,81894.0,2477.0,75.59,3.51,1.84,9658.0,888.0,8.91,0.76,5.59,7452.0,936.0,6.88,0.83,7.64,75249.0,3381.0,69.45,1.94,2.73,6194.0,1121.0,5.72,1.01,11.0,474.0,291.0,0.44,0.27,37.32,6288.0,1073.0,5.8,0.97,10.37,0.0,,0.0,,,12689.0,1882.0,11.71,1.69,9.02,25871.0,2084.0,23.88,1.73,4.9,82475.0,3312.0,76.12,1.47,2.44,67671.0,3138.0,62.46,1.89,2.82,4289.0,894.0,3.96,0.81,12.67,69.0,105.0,0.06,0.1,92.51,6187.0,1065.0,5.71,0.96,10.46,0.0,,0.0,,,524.0,286.0,0.48,0.26,33.18,3735.0,653.0,3.45,0.59,10.63
11212,11212,11212,31594.0,1177.0,100,,2.26,8190.0,907.0,25.92,2.7,6.73,19872.0,2341.0,25.38,2.72,7.16,1451.0,419.0,7.3,1.93,17.55,1471.0,598.0,7.4,2.88,24.71,8158.0,1249.0,41.05,4.01,9.31,3954.0,757.0,19.9,3.0,11.64,4838.0,843.0,24.35,3.13,10.59,55138.0,2605.0,70.42,4.78,2.87,4298.0,645.0,7.79,1.11,9.12,7437.0,850.0,13.49,1.4,6.95,19944.0,1697.0,36.17,2.56,5.17,8134.0,929.0,14.75,1.53,6.94,61197.0,2900.0,78.16,5.32,2.88,1145.0,357.0,1.87,0.58,18.95,77505.0,3832.0,98.99,0.78,3.01,11468.0,1420.0,14.8,1.68,7.53,17034.0,2038.0,21.76,2.38,7.27,1014.0,364.0,5.95,2.01,21.82,50345.0,2625.0,64.3,1.18,3.17,6092.0,1015.0,12.1,1.91,10.13,10126.0,1004.0,12.93,1.12,6.03,4362.0,626.0,43.08,4.47,8.72,77504.0,3851.0,98.99,0.92,3.02,70174.0,3741.0,90.54,1.75,3.24,7105.0,1291.0,9.17,1.6,11.05,225.0,172.0,0.29,0.22,46.47,78296.0,3821.0,100,,2.97,51488.0,2968.0,65.76,2.02,3.5,48957.0,2863.0,62.53,2.01,3.56,2531.0,705.0,3.23,0.89,16.93,26808.0,2420.0,34.24,2.6,5.49,16817.0,1634.0,62.73,2.25,5.91,9991.0,1695.0,37.27,5.35,10.31,166.0,106.0,0.62,0.39,38.82,1045.0,370.0,3.9,1.33,21.52,1733.0,817.0,6.46,2.99,28.66,2.0,3.0,0.01,0.01,91.19,23808.0,2283.0,88.81,2.87,5.83,54.0,64.0,0.2,0.24,72.05,73419.0,3449.0,93.77,6.35,2.86,58007.0,2985.0,79.01,1.66,3.13,6602.0,1288.0,8.99,1.7,11.86,9639.0,1667.0,13.13,2.19,10.51,26797.0,1135.0,84.82,1.71,2.57,25585.0,1182.0,80.98,2.21,2.81,62647.0,2952.0,80.01,5.43,2.86,34666.0,2087.0,55.34,2.07,3.66,28841.0,1631.0,46.04,1.44,3.44,5825.0,1170.0,9.3,1.82,12.21,0.0,,0.0,,,27981.0,1811.0,44.66,1.98,3.93,,,16.8,3.22,12.21,27023.0,1637.0,34.51,1.24,3.68,4439.0,746.0,16.43,2.58,10.22,1033.0,294.0,3.82,1.06,17.3,17889.0,1382.0,66.2,3.17,4.7,1880.0,409.0,6.96,1.45,13.23,955.0,313.0,3.53,1.14,19.92,28841.0,1631.0,36.84,1.05,3.44,43.0,35.0,0.15,0.12,49.48,1128.0,350.0,3.91,1.19,18.86,767.0,353.0,2.66,1.21,27.98,288.0,185.0,1.0,0.64,39.05,2901.0,548.0,10.06,1.81,11.48,2667.0,439.0,9.25,1.43,10.01,264.0,178.0,0.92,0.62,40.99,1930.0,440.0,6.69,1.48,13.86,2854.0,550.0,9.9,1.82,11.72,11095.0,1108.0,38.47,3.17,6.07,1879.0,344.0,6.52,1.13,11.13,1703.0,363.0,5.9,1.21,12.96,1322.0,340.0,4.58,1.15,15.63,6832.0,865.0,21.62,2.62,7.7,3398.0,679.0,10.76,2.11,12.15,3719.0,570.0,11.77,1.75,9.32,3083.0,472.0,9.76,1.45,9.31,3649.0,511.0,11.55,1.56,8.51,4742.0,673.0,15.01,2.06,8.63,2234.0,334.0,7.07,1.02,9.09,2632.0,607.0,8.33,1.9,14.02,695.0,223.0,2.2,0.7,19.51,610.0,162.0,1.93,0.51,16.14,19645.0,1168.0,62.18,2.88,3.61,9199.0,820.0,29.12,2.36,5.42,4923.0,601.0,15.58,1.81,7.42,4925.0,639.0,15.59,1.94,7.89,4253.0,662.0,13.46,2.03,9.46,14569.0,1157.0,46.11,3.23,4.83,72047.0,3521.0,92.96,6.46,2.97,29695.0,2125.0,38.31,1.98,4.35,48297.0,3447.0,62.31,3.21,4.34,5458.0,805.0,7.04,0.98,8.97,32807.0,2165.0,41.9,1.86,4.01,45489.0,2440.0,58.1,1.29,3.26,4877.0,859.0,6.23,1.05,10.71,4450.0,698.0,5.68,0.85,9.54,5399.0,1017.0,6.9,1.25,11.45,4026.0,679.0,5.14,0.83,10.25,4406.0,754.0,5.63,0.92,10.4,12677.0,1501.0,16.19,1.75,7.2,10089.0,1070.0,12.89,1.21,6.45,10117.0,769.0,12.92,0.75,4.62,5811.0,884.0,7.42,1.07,9.25,5901.0,931.0,7.54,1.13,9.59,6447.0,760.0,8.23,0.88,7.17,3066.0,545.0,3.92,0.67,10.81,1030.0,250.0,1.32,0.31,14.75,17099.0,2059.0,21.84,2.4,7.32,61197.0,2900.0,78.16,5.32,2.88,10543.0,997.0,13.47,1.09,5.75,5715.0,1620.0,7.3,2.04,17.23,6299.0,1401.0,8.05,1.75,13.52,59784.0,3176.0,76.36,1.6,3.23,159.0,165.0,0.2,0.21,63.08,828.0,359.0,1.06,0.46,26.36,44.0,47.0,0.06,0.06,64.94,5467.0,1393.0,6.98,1.75,15.49,13320.0,1864.0,17.01,2.23,8.51,64976.0,3510.0,82.99,1.92,3.28,2482.0,1054.0,3.17,1.34,25.82,57409.0,3109.0,73.32,1.72,3.29,49.0,56.0,0.06,0.07,69.47,828.0,359.0,1.06,0.46,26.36,44.0,47.0,0.06,0.06,64.94,564.0,372.0,0.72,0.47,40.1,3600.0,1552.0,4.6,1.97,26.21
11213,11213,11213,26098.0,904.0,100,,2.11,7634.0,692.0,29.25,2.45,5.51,18852.0,1373.0,27.17,1.73,4.43,1602.0,384.0,8.5,1.94,14.57,1044.0,347.0,5.54,1.8,20.21,6621.0,701.0,35.12,2.7,6.44,3479.0,565.0,18.45,2.68,9.87,6106.0,733.0,32.39,3.09,7.3,46526.0,1802.0,67.05,1.04,2.35,3447.0,524.0,7.41,1.09,9.24,4985.0,660.0,10.71,1.36,8.05,11446.0,1008.0,24.6,1.95,5.35,14994.0,1130.0,32.23,2.08,4.58,53727.0,1837.0,77.43,3.82,2.08,1019.0,277.0,1.9,0.51,16.52,69032.0,2484.0,99.48,0.58,2.19,8773.0,740.0,12.71,0.97,5.13,15659.0,1233.0,22.57,1.59,4.79,774.0,257.0,4.94,1.59,20.18,44563.0,1881.0,64.22,1.47,2.57,4484.0,636.0,10.06,1.36,8.62,8810.0,840.0,12.7,1.12,5.8,3515.0,410.0,39.9,2.68,7.09,68607.0,2443.0,98.87,0.26,2.16,61877.0,2463.0,90.19,1.6,2.42,6249.0,794.0,9.11,1.11,7.72,481.0,223.0,0.7,0.32,28.18,69392.0,2464.0,100,,2.16,47674.0,2074.0,68.7,1.73,2.64,45151.0,2106.0,65.07,1.97,2.84,2523.0,493.0,3.64,0.7,11.88,21718.0,1562.0,31.3,1.96,4.37,14263.0,1333.0,65.67,3.92,5.68,7455.0,1140.0,34.33,4.63,9.3,1483.0,345.0,6.83,1.51,14.14,1594.0,387.0,7.34,1.7,14.76,578.0,245.0,2.66,1.11,25.77,127.0,102.0,0.58,0.47,48.82,17657.0,1528.0,81.3,3.91,5.26,279.0,170.0,1.28,0.78,37.04,64806.0,2288.0,93.39,4.68,2.15,49810.0,2283.0,76.86,2.25,2.79,5258.0,999.0,8.11,1.51,11.55,5619.0,1054.0,8.67,1.6,11.4,23560.0,935.0,90.28,1.75,2.41,21034.0,979.0,80.6,2.51,2.83,55543.0,1916.0,80.04,3.96,2.1,35724.0,1817.0,64.32,2.4,3.09,31927.0,1677.0,57.48,2.28,3.19,3797.0,552.0,6.84,0.97,8.84,0.0,,0.0,,,19819.0,1370.0,35.68,2.14,4.2,,,10.63,1.45,8.84,29736.0,1611.0,42.85,1.75,3.29,4343.0,606.0,14.61,1.88,8.48,695.0,228.0,2.34,0.76,19.94,17730.0,1331.0,59.62,3.1,4.56,2627.0,412.0,8.83,1.3,9.53,3021.0,652.0,10.16,2.12,13.12,31927.0,1677.0,46.01,1.78,3.19,0.0,,0.0,,,1255.0,344.0,3.93,1.06,16.66,363.0,164.0,1.14,0.51,27.46,381.0,133.0,1.19,0.41,21.22,2648.0,440.0,8.29,1.31,10.1,2125.0,352.0,6.66,1.05,10.07,1547.0,312.0,4.85,0.94,12.26,2294.0,531.0,7.19,1.62,14.07,3411.0,442.0,10.68,1.27,7.88,10866.0,1037.0,34.03,2.71,5.8,3142.0,535.0,9.84,1.59,10.35,2142.0,355.0,6.71,1.05,10.07,1753.0,357.0,5.49,1.08,12.38,2459.0,418.0,9.42,1.57,10.33,2177.0,410.0,8.34,1.54,11.45,2899.0,460.0,11.11,1.72,9.65,2445.0,535.0,9.37,2.02,13.3,3209.0,493.0,12.3,1.84,9.34,3135.0,405.0,12.01,1.5,7.85,3044.0,556.0,11.66,2.09,11.1,3394.0,464.0,13.0,1.72,8.31,1733.0,325.0,6.64,1.22,11.4,1603.0,275.0,6.14,1.03,10.43,19979.0,1026.0,76.55,2.9,3.12,6702.0,645.0,25.68,2.31,5.85,3647.0,484.0,13.97,1.79,8.07,2829.0,450.0,10.84,1.68,9.67,1690.0,270.0,6.48,1.01,9.71,7166.0,608.0,27.46,2.13,5.16,64493.0,2434.0,93.42,1.06,2.29,41851.0,2290.0,60.63,2.5,3.33,32622.0,2005.0,47.26,2.35,3.74,4539.0,673.0,6.58,0.95,9.01,32011.0,1805.0,46.13,2.02,3.43,37381.0,1483.0,53.87,0.95,2.41,4586.0,656.0,6.61,0.92,8.7,3854.0,646.0,5.55,0.91,10.19,4635.0,589.0,6.68,0.81,7.73,4126.0,545.0,5.95,0.76,8.03,5665.0,762.0,8.16,1.06,8.18,12210.0,1040.0,17.6,1.36,5.18,9397.0,951.0,13.54,1.28,6.15,8018.0,700.0,11.55,0.92,5.31,4149.0,560.0,5.98,0.78,8.21,3671.0,575.0,5.29,0.81,9.52,5135.0,685.0,7.4,0.95,8.11,2843.0,469.0,4.1,0.66,10.03,1103.0,237.0,1.59,0.34,13.06,15665.0,1234.0,22.57,1.59,4.79,53727.0,1837.0,77.43,3.82,2.08,9081.0,857.0,13.09,1.14,5.74,3151.0,742.0,4.54,1.06,14.31,16573.0,1742.0,23.88,2.36,6.39,44558.0,2476.0,64.21,2.74,3.38,28.0,45.0,0.04,0.06,97.7,1251.0,325.0,1.8,0.46,15.79,15.0,23.0,0.02,0.03,93.21,3816.0,1188.0,5.5,1.7,18.93,8266.0,1196.0,11.91,1.67,8.8,61126.0,2656.0,88.09,2.21,2.64,14650.0,1700.0,21.11,2.33,7.05,42903.0,2467.0,61.83,2.8,3.5,0.0,,0.0,,,1214.0,308.0,1.75,0.44,15.42,0.0,,0.0,,,413.0,258.0,0.6,0.37,37.98,1946.0,610.0,2.8,0.87,19.06
11214,11214,11214,31716.0,863.0,100,,1.65,9688.0,542.0,30.55,1.49,3.4,22399.0,1504.0,23.49,1.35,4.08,1606.0,342.0,7.17,1.45,12.95,1044.0,264.0,4.66,1.14,15.37,8862.0,798.0,39.56,2.37,5.47,4636.0,668.0,20.7,2.64,8.76,6251.0,647.0,27.91,2.2,6.29,67598.0,2171.0,70.89,3.36,1.95,10441.0,1049.0,15.45,1.47,6.11,5279.0,483.0,7.81,0.67,5.56,17724.0,1051.0,26.22,1.31,3.6,21557.0,1176.0,31.89,1.41,3.32,75041.0,2465.0,78.69,3.77,2.0,1077.0,162.0,1.44,0.21,9.14,94680.0,3341.0,99.29,0.54,2.15,10371.0,934.0,10.95,0.91,5.47,20312.0,1356.0,21.3,1.21,4.06,388.0,138.0,1.91,0.67,21.62,58194.0,2219.0,61.02,0.94,2.32,3441.0,464.0,5.91,0.76,8.2,16174.0,1129.0,16.96,1.03,4.24,6542.0,745.0,40.45,3.64,6.92,94402.0,3271.0,98.99,4.87,2.11,85445.0,3324.0,90.51,1.6,2.36,7966.0,1292.0,8.44,1.34,9.86,991.0,336.0,1.05,0.35,20.61,95361.0,3325.0,100,,2.12,43091.0,2082.0,45.19,1.51,2.94,40605.0,1964.0,42.58,1.43,2.94,2486.0,659.0,2.61,0.69,16.11,52270.0,2373.0,54.81,1.59,2.76,31043.0,1429.0,59.39,0.45,2.8,21227.0,2208.0,40.61,3.8,6.32,14297.0,1191.0,27.35,1.91,5.06,28724.0,1791.0,54.95,2.35,3.79,1899.0,500.0,3.63,0.94,16.01,0.0,,0.0,,,7215.0,1137.0,13.8,2.08,9.58,135.0,123.0,0.26,0.24,55.39,89639.0,3155.0,94.0,0.45,2.14,24585.0,1640.0,27.43,1.55,4.06,41349.0,2382.0,46.13,2.1,3.5,11439.0,1463.0,12.76,1.57,7.77,28655.0,895.0,90.35,1.39,1.9,27158.0,883.0,85.63,1.52,1.98,77325.0,2580.0,81.09,3.91,2.03,45622.0,1747.0,59.0,1.11,2.33,42336.0,1654.0,54.75,1.11,2.37,3280.0,535.0,4.24,0.68,9.92,6.0,9.0,0.01,0.01,91.19,31703.0,1570.0,41.0,1.5,3.01,,,7.19,1.14,9.92,40621.0,1503.0,42.6,0.53,2.25,9634.0,769.0,23.72,1.68,4.85,1788.0,320.0,4.4,0.77,10.88,21621.0,1391.0,53.23,2.8,3.91,3395.0,579.0,8.36,1.39,10.37,3220.0,453.0,7.93,1.08,8.55,42336.0,1654.0,44.4,0.78,2.37,33.0,40.0,0.08,0.09,73.69,4007.0,700.0,9.46,1.61,10.62,1729.0,340.0,4.08,0.79,11.95,1173.0,254.0,2.77,0.59,13.16,4189.0,559.0,9.89,1.26,8.11,3759.0,429.0,8.88,0.95,6.94,799.0,176.0,1.89,0.41,13.39,3553.0,549.0,8.39,1.25,9.39,4384.0,404.0,10.36,0.86,5.6,11082.0,863.0,26.18,1.76,4.73,3906.0,439.0,9.23,0.97,6.83,2261.0,382.0,5.34,0.88,10.27,1461.0,263.0,3.45,0.61,10.94,1804.0,257.0,5.69,0.8,8.66,2266.0,417.0,7.14,1.3,11.19,3043.0,376.0,9.59,1.16,7.51,2327.0,310.0,7.34,0.96,8.1,4198.0,459.0,13.24,1.4,6.65,5048.0,523.0,15.92,1.59,6.3,3491.0,391.0,11.01,1.2,6.81,4957.0,450.0,15.63,1.35,5.52,2295.0,312.0,7.24,0.96,8.26,2287.0,342.0,7.21,1.06,9.09,24232.0,871.0,76.4,1.79,2.19,9241.0,683.0,29.14,2.0,4.49,4623.0,467.0,14.58,1.42,6.14,3391.0,437.0,10.69,1.35,7.83,1478.0,265.0,4.66,0.83,10.9,7814.0,698.0,24.64,2.1,5.43,85838.0,2867.0,90.66,4.41,2.03,45200.0,2135.0,47.74,1.5,2.87,48191.0,2337.0,50.9,1.69,2.95,8842.0,1362.0,9.34,1.4,9.36,46906.0,1831.0,49.19,0.86,2.37,48455.0,2028.0,50.81,1.18,2.54,5722.0,618.0,6.0,0.61,6.57,5365.0,672.0,5.63,0.68,7.61,5862.0,639.0,6.15,0.63,6.63,5095.0,716.0,5.34,0.73,8.54,5719.0,604.0,6.0,0.6,6.42,12730.0,968.0,13.35,0.9,4.62,12660.0,882.0,13.28,0.8,4.24,13066.0,884.0,13.7,0.79,4.11,6300.0,505.0,6.61,0.48,4.87,6028.0,642.0,6.32,0.64,6.47,8731.0,784.0,9.16,0.76,5.46,5219.0,680.0,5.47,0.69,7.92,2864.0,462.0,3.0,0.47,9.81,20314.0,1356.0,21.3,1.21,4.06,75047.0,2464.0,78.7,3.77,2.0,16814.0,1111.0,17.63,0.99,4.02,4938.0,1264.0,5.18,1.31,15.56,43089.0,2401.0,45.19,1.96,3.39,1910.0,409.0,2.0,0.42,13.02,462.0,270.0,0.48,0.28,35.53,34873.0,2269.0,36.57,2.01,3.96,3.0,,0.0,,,10086.0,1701.0,10.58,1.75,10.25,16479.0,1923.0,17.28,1.92,7.09,78882.0,3061.0,82.72,1.41,2.36,38739.0,2392.0,40.62,2.07,3.75,1564.0,371.0,1.64,0.38,14.42,49.0,46.0,0.05,0.05,57.07,34806.0,2268.0,36.5,2.01,3.96,3.0,,0.0,,,660.0,467.0,0.69,0.49,43.01,3061.0,1079.0,3.21,1.13,21.43
11215,11215,11215,29395.0,1166.0,100,,2.41,9392.0,647.0,31.95,1.8,4.19,15491.0,968.0,21.1,1.04,3.8,1591.0,267.0,10.27,1.6,10.2,768.0,175.0,4.96,1.09,13.85,7029.0,644.0,45.37,3.04,5.57,2503.0,344.0,16.16,1.98,8.35,3600.0,508.0,23.24,2.94,8.58,54262.0,2190.0,73.91,0.86,2.45,1388.0,335.0,2.56,0.61,14.67,1475.0,351.0,2.72,0.64,14.47,4003.0,521.0,7.38,0.91,7.91,42098.0,1795.0,77.58,1.07,2.59,56982.0,2289.0,77.61,0.85,2.44,1104.0,231.0,1.94,0.4,12.72,73255.0,2829.0,99.78,5.45,2.35,4176.0,688.0,5.7,0.91,10.02,16430.0,1034.0,22.38,1.11,3.83,492.0,160.0,2.99,0.96,19.77,48895.0,2141.0,66.6,1.37,2.66,1927.0,302.0,3.94,0.59,9.53,7930.0,787.0,10.8,0.99,6.03,1757.0,456.0,22.16,5.31,15.78,72059.0,2807.0,98.15,0.47,2.37,62355.0,2798.0,86.53,1.93,2.73,9104.0,1176.0,12.63,1.56,7.85,600.0,268.0,0.83,0.37,27.15,73419.0,2838.0,100,,2.35,59965.0,2306.0,81.68,4.45,2.34,57279.0,2218.0,78.02,0.18,2.35,2686.0,480.0,3.66,0.64,10.86,13454.0,1326.0,18.32,1.66,5.99,7204.0,977.0,53.55,4.99,8.24,6250.0,808.0,46.45,3.89,7.86,4274.0,571.0,31.77,2.87,8.12,3801.0,734.0,28.25,4.69,11.74,221.0,81.0,1.64,0.58,22.28,202.0,113.0,1.5,0.83,34.01,4149.0,748.0,30.84,4.66,10.96,807.0,264.0,6.0,1.87,19.89,67542.0,2719.0,92.0,1.03,2.45,50888.0,2054.0,75.34,0.22,2.45,4254.0,746.0,6.3,1.08,10.66,7096.0,1069.0,10.51,1.53,9.16,28715.0,1175.0,97.69,0.98,2.49,28008.0,1169.0,95.28,1.24,2.54,58153.0,2343.0,79.21,0.9,2.45,45306.0,1902.0,77.91,0.92,2.55,42581.0,1760.0,73.22,0.68,2.51,2725.0,485.0,4.69,0.81,10.82,0.0,,0.0,,,12847.0,1047.0,22.09,1.57,4.95,,,6.01,1.04,10.82,41978.0,1756.0,57.18,0.91,2.54,3450.0,459.0,8.22,1.04,8.09,664.0,198.0,1.58,0.47,18.13,22823.0,1133.0,54.37,1.45,3.02,3602.0,608.0,8.58,1.4,10.26,9704.0,974.0,23.12,2.11,6.1,42581.0,1760.0,58.0,0.85,2.51,53.0,45.0,0.12,0.11,51.61,1544.0,522.0,3.63,1.22,20.55,1223.0,232.0,2.87,0.53,11.53,720.0,228.0,1.69,0.53,19.25,2471.0,360.0,5.8,0.81,8.86,581.0,165.0,1.36,0.38,17.26,4017.0,487.0,9.43,1.08,7.37,4435.0,675.0,10.42,1.53,9.25,10713.0,906.0,25.16,1.86,5.14,10140.0,829.0,23.81,1.68,4.97,3478.0,408.0,8.17,0.9,7.13,1994.0,342.0,4.68,0.78,10.43,1212.0,274.0,2.85,0.63,13.74,957.0,258.0,3.26,0.87,16.39,295.0,124.0,1.0,0.42,25.55,1049.0,352.0,3.57,1.19,20.4,581.0,198.0,1.98,0.67,20.72,1347.0,317.0,4.58,1.06,14.31,2599.0,464.0,8.84,1.54,10.85,2630.0,412.0,8.95,1.36,9.52,4716.0,544.0,16.04,1.74,7.01,4327.0,578.0,14.72,1.88,8.12,10894.0,728.0,37.06,1.99,4.06,26423.0,1179.0,89.89,1.84,2.71,5079.0,584.0,17.28,1.86,6.99,4327.0,574.0,14.72,1.86,8.06,592.0,148.0,2.01,0.5,15.2,1096.0,374.0,3.73,1.26,20.74,1134.0,226.0,3.86,0.75,12.12,70938.0,2662.0,96.84,5.21,2.28,63543.0,2258.0,86.74,4.55,2.16,14187.0,1486.0,19.37,1.89,6.37,2317.0,537.0,3.16,0.72,14.09,36206.0,1599.0,49.31,1.05,2.68,37213.0,1841.0,50.69,1.56,3.01,5877.0,617.0,8.0,0.78,6.38,4287.0,470.0,5.84,0.6,6.66,4303.0,604.0,5.86,0.79,8.53,2594.0,360.0,3.53,0.47,8.44,2096.0,452.0,2.85,0.61,13.11,13942.0,1289.0,18.99,1.59,5.62,15069.0,1069.0,20.52,1.22,4.31,10189.0,980.0,13.88,1.22,5.85,3879.0,490.0,5.28,0.64,7.68,3182.0,465.0,4.33,0.61,8.88,5009.0,536.0,6.82,0.68,6.51,2291.0,443.0,3.12,0.59,11.75,701.0,256.0,0.95,0.35,22.2,16437.0,1033.0,22.39,1.11,3.82,56982.0,2289.0,77.61,0.85,2.44,8001.0,794.0,10.9,1.0,6.03,6142.0,857.0,8.37,1.12,8.48,53594.0,2362.0,73.0,1.55,2.68,2734.0,554.0,3.72,0.74,12.32,293.0,198.0,0.4,0.27,41.08,6665.0,963.0,9.08,1.26,8.78,0.0,,0.0,,,3991.0,1035.0,5.44,1.39,15.76,11968.0,1438.0,16.3,1.85,7.3,61451.0,2217.0,83.7,4.43,2.19,48592.0,2080.0,66.18,1.22,2.6,2326.0,479.0,3.17,0.64,12.52,40.0,47.0,0.05,0.06,71.43,6532.0,959.0,8.9,1.26,8.92,0.0,,0.0,,,411.0,158.0,0.56,0.21,23.37,3550.0,665.0,4.84,0.89,11.39
11216,11216,11216,26106.0,910.0,100,,2.12,4940.0,607.0,18.92,2.23,7.47,11221.0,1268.0,18.04,1.9,6.87,958.0,262.0,8.54,2.13,16.63,578.0,248.0,5.15,2.13,26.08,3678.0,728.0,32.78,5.33,12.03,1752.0,340.0,15.61,2.46,11.8,4255.0,676.0,37.92,4.23,9.66,48484.0,1895.0,77.94,4.45,2.38,2185.0,487.0,4.51,0.99,13.55,2882.0,456.0,5.94,0.91,9.62,9527.0,1130.0,19.65,2.2,7.21,25609.0,1250.0,52.82,1.54,2.97,53309.0,2084.0,85.69,4.89,2.38,1182.0,235.0,2.22,0.43,12.09,62074.0,2588.0,99.78,0.3,2.53,6264.0,756.0,10.09,1.14,7.34,8895.0,1056.0,14.3,1.59,7.22,309.0,141.0,3.47,1.53,27.74,46869.0,2064.0,75.34,1.09,2.68,3032.0,438.0,6.47,0.89,8.78,6310.0,730.0,10.14,1.1,7.03,2923.0,650.0,46.32,8.8,13.52,61573.0,2546.0,98.98,5.8,2.51,51706.0,2566.0,83.98,2.3,3.02,9347.0,987.0,15.18,1.47,6.42,520.0,173.0,0.84,0.28,20.22,62210.0,2587.0,100,,2.53,48150.0,2052.0,77.4,0.72,2.59,46748.0,1988.0,75.15,0.67,2.59,1402.0,324.0,2.25,0.51,14.05,14060.0,1376.0,22.6,2.0,5.95,9236.0,1192.0,65.69,5.53,7.85,4824.0,593.0,34.31,2.55,7.47,1936.0,396.0,13.77,2.47,12.43,1689.0,320.0,12.01,1.95,11.52,555.0,227.0,3.95,1.57,24.86,146.0,83.0,1.04,0.58,34.56,9341.0,1116.0,66.44,4.55,7.26,393.0,156.0,2.8,1.08,24.13,59215.0,2458.0,95.19,5.59,2.52,48079.0,2023.0,81.19,0.56,2.56,2809.0,498.0,4.74,0.82,10.78,4184.0,831.0,7.07,1.37,12.07,24487.0,918.0,93.8,1.29,2.28,23046.0,875.0,88.28,1.33,2.31,53930.0,2086.0,86.69,4.92,2.35,38764.0,1877.0,71.88,2.09,2.94,36347.0,1819.0,67.4,2.14,3.04,2417.0,518.0,4.48,0.94,13.03,0.0,,0.0,,,15166.0,1339.0,28.12,2.23,5.37,,,6.24,1.3,13.03,35535.0,1769.0,57.12,1.56,3.03,4042.0,640.0,11.37,1.71,9.63,530.0,176.0,1.49,0.49,20.19,21128.0,1376.0,59.46,2.5,3.96,1394.0,270.0,3.92,0.73,11.77,6346.0,800.0,17.86,2.07,7.66,36347.0,1819.0,58.43,1.63,3.04,0.0,,0.0,,,1206.0,366.0,3.32,0.99,18.45,857.0,313.0,2.36,0.85,22.2,407.0,156.0,1.12,0.43,23.3,2878.0,453.0,7.92,1.18,9.57,2029.0,404.0,5.58,1.08,12.1,3683.0,494.0,10.13,1.26,8.15,2543.0,344.0,7.0,0.88,8.22,6716.0,596.0,18.48,1.35,5.39,9430.0,986.0,25.94,2.38,6.36,3573.0,497.0,9.83,1.28,8.46,1490.0,308.0,4.1,0.82,12.57,1535.0,311.0,4.22,0.83,12.32,1822.0,343.0,6.98,1.29,11.44,1179.0,271.0,4.52,1.03,13.97,1764.0,375.0,6.76,1.42,12.92,1367.0,294.0,5.24,1.11,13.07,2401.0,465.0,9.2,1.75,11.77,3354.0,449.0,12.85,1.66,8.14,3368.0,444.0,12.9,1.64,8.01,4079.0,494.0,15.62,1.81,7.36,2774.0,429.0,10.63,1.6,9.4,3998.0,473.0,15.31,1.73,7.19,21863.0,900.0,83.75,1.83,2.5,4760.0,465.0,18.23,1.66,5.94,3496.0,406.0,13.39,1.48,7.06,1848.0,393.0,7.08,1.49,12.93,1327.0,307.0,5.08,1.16,14.06,3603.0,474.0,13.8,1.75,8.0,58312.0,2443.0,93.94,0.39,2.55,44861.0,2299.0,72.27,2.15,3.12,19091.0,1592.0,30.76,2.22,5.07,3762.0,675.0,6.06,1.06,10.91,29236.0,1450.0,47.0,1.27,3.01,32974.0,1719.0,53.0,1.67,3.17,2995.0,596.0,4.81,0.94,12.1,2618.0,622.0,4.21,0.98,14.44,2179.0,526.0,3.5,0.83,14.67,1643.0,355.0,2.64,0.56,13.13,4291.0,580.0,6.9,0.89,8.22,18523.0,1228.0,29.77,1.54,4.03,10101.0,906.0,16.24,1.29,5.45,7596.0,821.0,12.21,1.22,6.57,3150.0,678.0,5.06,1.07,13.08,2693.0,465.0,4.33,0.73,10.5,3770.0,716.0,6.06,1.12,11.55,1871.0,358.0,3.01,0.56,11.63,780.0,223.0,1.25,0.35,17.38,8901.0,1056.0,14.31,1.59,7.21,53309.0,2084.0,85.69,4.89,2.38,6421.0,731.0,10.32,1.09,6.92,5311.0,1014.0,8.54,1.59,11.61,21074.0,1299.0,33.88,1.54,3.75,30187.0,2544.0,48.52,3.56,5.12,35.0,41.0,0.06,0.07,71.21,2873.0,545.0,4.62,0.85,11.53,0.0,,0.0,,,2730.0,739.0,4.39,1.17,16.46,7961.0,1183.0,12.8,1.83,9.03,54249.0,2392.0,87.2,1.28,2.68,18869.0,1184.0,30.33,1.43,3.81,28924.0,2376.0,46.49,3.29,4.99,21.0,33.0,0.03,0.05,95.53,2784.0,524.0,4.48,0.82,11.44,0.0,,0.0,,,462.0,405.0,0.74,0.65,53.29,3189.0,611.0,5.13,0.96,11.65
11217,11217,11217,18052.0,770.0,100,,2.59,4050.0,351.0,22.44,1.69,5.27,7829.0,894.0,18.59,1.92,6.94,922.0,214.0,11.78,2.38,14.11,359.0,147.0,4.59,1.8,24.89,2721.0,525.0,34.76,5.41,11.73,1509.0,350.0,19.27,3.89,14.1,2318.0,323.0,29.61,2.36,8.47,32401.0,1499.0,76.95,5.16,2.81,1247.0,320.0,3.85,0.97,15.6,1461.0,382.0,4.51,1.16,15.89,2576.0,474.0,7.95,1.42,11.19,23116.0,1114.0,71.34,0.96,2.93,34131.0,1608.0,81.06,5.49,2.86,662.0,199.0,1.94,0.58,18.27,41558.0,2058.0,98.7,0.94,3.01,3978.0,569.0,9.57,1.28,8.7,7911.0,758.0,18.79,1.55,5.82,261.0,121.0,3.3,1.5,28.18,29135.0,1519.0,69.19,1.31,3.17,2256.0,358.0,7.74,1.16,9.65,4512.0,651.0,10.72,1.46,8.77,1461.0,332.0,32.38,5.68,13.81,41396.0,2013.0,98.31,0.19,2.96,33944.0,1974.0,82.0,2.62,3.54,7229.0,830.0,17.46,1.82,6.98,223.0,111.0,0.54,0.27,30.26,42107.0,2046.0,100,,2.95,34383.0,1776.0,81.66,1.43,3.14,33123.0,1739.0,78.66,1.56,3.19,1260.0,226.0,2.99,0.52,10.9,7724.0,796.0,18.34,1.67,6.26,4054.0,666.0,52.49,6.71,9.99,3670.0,511.0,47.51,4.45,8.46,2077.0,339.0,26.89,3.4,9.92,1793.0,373.0,23.21,4.19,12.65,328.0,187.0,4.25,2.38,34.66,318.0,169.0,4.12,2.15,32.31,2811.0,578.0,36.39,6.48,12.5,397.0,129.0,5.14,1.58,19.75,38573.0,1983.0,91.61,1.54,3.13,28888.0,1686.0,74.89,2.07,3.55,2340.0,425.0,6.07,1.06,11.04,4600.0,791.0,11.93,1.96,10.45,17038.0,731.0,94.38,0.44,2.61,16434.0,756.0,91.04,1.57,2.8,34756.0,1642.0,82.54,5.59,2.87,25787.0,1120.0,74.19,4.76,2.64,24009.0,1140.0,69.08,0.33,2.89,1739.0,573.0,5.0,1.63,20.03,39.0,43.0,0.11,0.12,67.03,8969.0,1097.0,25.81,2.91,7.44,,,6.74,2.2,20.03,23552.0,1123.0,55.93,3.81,2.9,1602.0,356.0,6.8,1.48,13.51,315.0,171.0,1.34,0.72,33.0,13116.0,777.0,55.69,1.96,3.6,2195.0,431.0,9.32,1.78,11.94,5361.0,663.0,22.76,2.6,7.52,24009.0,1140.0,57.02,3.87,2.89,21.0,31.0,0.09,0.13,89.74,510.0,167.0,2.12,0.69,19.91,888.0,275.0,3.7,1.13,18.83,318.0,144.0,1.32,0.6,27.53,1872.0,353.0,7.8,1.42,11.46,323.0,109.0,1.35,0.45,20.51,2140.0,337.0,8.91,1.34,9.57,2838.0,417.0,11.82,1.64,8.93,6143.0,573.0,25.59,2.05,5.67,5061.0,546.0,21.08,2.04,6.56,1945.0,335.0,8.1,1.34,10.47,1129.0,259.0,4.7,1.06,13.95,821.0,186.0,3.42,0.76,13.77,1286.0,273.0,7.12,1.48,12.9,584.0,182.0,3.24,1.0,18.94,650.0,146.0,3.6,0.79,13.65,875.0,197.0,4.85,1.07,13.69,1072.0,266.0,5.94,1.45,15.08,1564.0,295.0,8.66,1.59,11.47,1417.0,377.0,7.85,2.06,16.17,2637.0,423.0,14.61,2.26,9.75,1847.0,282.0,10.23,1.5,9.28,6120.0,568.0,33.9,2.79,5.64,15404.0,651.0,85.33,5.12,2.57,3221.0,481.0,17.84,2.55,9.08,2251.0,442.0,12.47,2.39,11.94,934.0,197.0,5.17,1.07,12.82,753.0,228.0,4.17,1.25,18.41,1908.0,332.0,10.57,1.78,10.58,40299.0,1996.0,96.97,0.09,3.01,32380.0,1660.0,77.92,1.03,3.12,11526.0,1456.0,27.73,3.22,7.68,1259.0,281.0,3.03,0.66,13.57,19431.0,1153.0,46.15,1.57,3.61,22676.0,1179.0,53.85,1.0,3.16,3534.0,486.0,8.39,1.08,8.36,1610.0,313.0,3.82,0.72,11.82,1675.0,377.0,3.98,0.87,13.68,1284.0,310.0,3.05,0.72,14.68,1603.0,326.0,3.81,0.75,12.36,10814.0,1078.0,25.68,2.24,6.06,8134.0,701.0,19.32,1.37,5.24,5032.0,571.0,11.95,1.23,6.9,1877.0,399.0,4.46,0.92,12.92,1635.0,279.0,3.88,0.64,10.37,2826.0,457.0,6.71,1.04,9.83,1499.0,284.0,3.56,0.65,11.52,584.0,251.0,1.39,0.59,26.13,7937.0,758.0,18.85,1.55,5.81,34170.0,1604.0,81.15,5.48,2.85,4909.0,668.0,11.66,1.48,8.27,4274.0,765.0,10.15,1.75,10.88,24293.0,1424.0,57.69,1.89,3.56,7966.0,1363.0,18.92,3.1,10.4,43.0,60.0,0.1,0.14,84.82,3678.0,567.0,8.73,1.28,9.37,24.0,29.0,0.06,0.07,73.45,1829.0,512.0,4.34,1.2,17.02,6048.0,931.0,14.36,2.1,9.36,36059.0,2029.0,85.64,2.43,3.42,21746.0,1365.0,51.64,2.05,3.82,7515.0,1350.0,17.85,3.09,10.92,43.0,60.0,0.1,0.14,84.82,3644.0,568.0,8.65,1.28,9.48,13.0,22.0,0.03,0.05,102.88,322.0,234.0,0.76,0.55,44.18,2776.0,711.0,6.59,1.66,15.57
11218,11218,11218,26140.0,1106.0,100,,2.57,9143.0,830.0,34.98,2.81,5.52,21581.0,1879.0,28.26,2.11,5.29,1535.0,271.0,7.11,1.09,10.73,1351.0,333.0,6.26,1.44,14.98,9801.0,1051.0,45.41,2.84,6.52,4044.0,498.0,18.74,1.63,7.49,4850.0,941.0,22.47,3.9,11.79,50257.0,2165.0,65.81,4.1,2.62,3542.0,553.0,7.05,1.06,9.49,3463.0,581.0,6.89,1.12,10.2,10205.0,932.0,20.31,1.64,5.55,24254.0,1523.0,48.26,2.2,3.82,55358.0,2437.0,72.49,4.56,2.68,1152.0,384.0,2.08,0.69,20.26,75978.0,3438.0,99.49,0.54,2.75,6506.0,763.0,8.56,0.93,7.13,20989.0,1679.0,27.48,1.82,4.86,567.0,164.0,2.7,0.75,17.58,45585.0,2409.0,59.69,1.66,3.21,2853.0,500.0,6.26,1.05,10.65,9404.0,802.0,12.31,0.89,5.18,3086.0,486.0,32.82,4.34,9.57,74947.0,3320.0,98.14,6.19,2.69,68869.0,3213.0,91.89,1.35,2.84,5633.0,821.0,7.52,1.04,8.86,445.0,239.0,0.59,0.32,32.65,76370.0,3431.0,100,,2.73,52174.0,2766.0,68.32,1.92,3.22,49338.0,2719.0,64.6,2.06,3.35,2836.0,522.0,3.71,0.66,11.19,24196.0,2026.0,31.68,2.24,5.09,15446.0,1610.0,63.84,3.96,6.34,8750.0,1077.0,36.16,3.26,7.48,5280.0,820.0,21.82,2.85,9.44,11292.0,1264.0,46.67,3.47,6.8,552.0,257.0,2.28,1.04,28.3,230.0,338.0,0.95,1.39,89.34,6473.0,915.0,26.75,3.05,8.59,369.0,122.0,1.53,0.49,20.1,70283.0,3058.0,92.03,5.76,2.64,34567.0,1965.0,49.18,1.8,3.46,14608.0,1239.0,20.78,1.51,5.16,8847.0,1195.0,12.59,1.61,8.21,24125.0,1150.0,92.29,2.03,2.9,22586.0,1101.0,86.4,2.09,2.96,57366.0,2490.0,75.12,4.69,2.64,37194.0,1842.0,64.84,1.55,3.01,34704.0,1774.0,60.5,1.63,3.11,2490.0,367.0,4.34,0.61,8.96,0.0,,0.0,,,20172.0,1390.0,35.16,1.88,4.19,,,6.69,0.93,8.96,33817.0,1723.0,44.28,1.06,3.1,6140.0,789.0,18.16,2.14,7.81,1442.0,336.0,4.26,0.97,14.16,16898.0,1077.0,49.97,1.91,3.87,3123.0,483.0,9.24,1.35,9.4,4881.0,735.0,14.43,2.05,9.15,34704.0,1774.0,45.44,1.11,3.11,32.0,34.0,0.09,0.1,64.59,1812.0,280.0,5.22,0.76,9.39,715.0,181.0,2.06,0.51,15.39,728.0,159.0,2.1,0.45,13.28,2833.0,523.0,8.16,1.45,11.22,2342.0,417.0,6.75,1.15,10.82,2417.0,334.0,6.96,0.89,8.4,2218.0,339.0,6.39,0.92,9.29,5221.0,609.0,15.04,1.58,7.09,10129.0,929.0,29.19,2.22,5.58,3278.0,494.0,9.45,1.34,9.16,1987.0,470.0,5.73,1.32,14.38,992.0,202.0,2.86,0.56,12.38,871.0,209.0,3.33,0.79,14.59,1058.0,300.0,4.05,1.13,17.24,1629.0,301.0,6.23,1.12,11.23,1913.0,373.0,7.32,1.39,11.85,2875.0,505.0,11.0,1.88,10.68,3951.0,654.0,15.11,2.42,10.06,3092.0,428.0,11.83,1.56,8.41,4314.0,492.0,16.5,1.75,6.93,2592.0,338.0,9.92,1.22,7.93,3845.0,824.0,14.71,3.09,13.03,21959.0,1143.0,84.01,2.55,3.16,5978.0,530.0,22.87,1.78,5.39,4171.0,552.0,15.96,2.0,8.05,1765.0,462.0,6.75,1.74,15.91,1336.0,443.0,5.11,1.68,20.16,3832.0,582.0,14.66,2.14,9.23,72156.0,3392.0,94.97,1.21,2.86,45026.0,2716.0,59.26,2.36,3.67,34001.0,2139.0,44.75,1.96,3.82,3822.0,708.0,5.03,0.9,11.26,39725.0,2212.0,52.02,1.71,3.38,36645.0,1712.0,47.98,0.61,2.84,6087.0,714.0,7.97,0.86,7.13,5628.0,544.0,7.37,0.63,5.88,6174.0,759.0,8.08,0.93,7.47,4630.0,546.0,6.06,0.66,7.17,3594.0,593.0,4.71,0.75,10.03,10568.0,1078.0,13.84,1.27,6.2,12033.0,1027.0,15.76,1.14,5.19,9849.0,974.0,12.9,1.14,6.01,4363.0,669.0,5.71,0.84,9.32,3743.0,536.0,4.9,0.67,8.71,6144.0,665.0,8.05,0.79,6.58,2683.0,454.0,3.51,0.57,10.29,874.0,243.0,1.14,0.31,16.9,21012.0,1680.0,27.51,1.82,4.86,55358.0,2437.0,72.49,4.56,2.68,9701.0,813.0,12.7,0.9,5.09,5065.0,825.0,6.63,1.04,9.9,44799.0,2331.0,58.66,1.54,3.16,6250.0,1159.0,8.18,1.47,11.27,193.0,125.0,0.25,0.16,39.37,14820.0,1648.0,19.41,1.97,6.76,0.0,,0.0,,,5243.0,1043.0,6.87,1.33,12.09,12444.0,1322.0,16.29,1.57,6.46,63926.0,3308.0,83.71,2.15,3.15,39986.0,2360.0,52.36,2.0,3.59,5788.0,1139.0,7.58,1.45,11.96,35.0,91.0,0.05,0.12,158.05,14713.0,1637.0,19.27,1.96,6.76,0.0,,0.0,,,394.0,221.0,0.52,0.29,34.1,3010.0,529.0,3.94,0.67,10.68
11219,11219,11219,24000.0,887.0,100,,2.25,11568.0,727.0,48.2,2.45,3.82,32794.0,2210.0,35.22,1.9,4.1,2677.0,410.0,8.16,1.12,9.31,2545.0,441.0,7.76,1.24,10.53,15363.0,1297.0,46.85,2.38,5.13,6817.0,766.0,20.79,1.87,6.83,5392.0,675.0,16.44,1.73,7.61,48592.0,1818.0,52.18,2.87,2.27,9186.0,885.0,18.9,1.68,5.86,6024.0,813.0,12.4,1.61,8.2,17630.0,1108.0,36.28,1.83,3.82,10055.0,773.0,20.69,1.39,4.67,56861.0,2043.0,61.06,3.29,2.18,642.0,196.0,1.13,0.34,18.56,92332.0,3754.0,99.15,0.6,2.47,6543.0,694.0,7.09,0.69,6.45,36240.0,2347.0,38.92,1.98,3.94,397.0,159.0,1.1,0.43,24.35,45650.0,2036.0,49.02,0.95,2.71,2252.0,447.0,4.93,0.95,12.07,10442.0,808.0,11.21,0.74,4.7,3894.0,445.0,37.29,3.14,6.95,90133.0,3690.0,96.79,0.75,2.49,83875.0,3533.0,93.06,0.92,2.56,5511.0,1187.0,6.11,1.29,13.09,747.0,407.0,0.83,0.45,33.12,93119.0,3744.0,100,,2.44,62538.0,3194.0,67.16,2.12,3.1,60107.0,3085.0,64.55,2.06,3.12,2431.0,536.0,2.61,0.57,13.4,30581.0,2017.0,32.84,1.72,4.01,15604.0,1158.0,51.03,1.74,4.51,14977.0,1519.0,48.97,3.77,6.17,5662.0,788.0,18.51,2.27,8.46,17591.0,1704.0,57.52,4.08,5.89,739.0,352.0,2.42,1.14,28.96,15.0,22.0,0.05,0.07,89.16,6337.0,1115.0,20.72,3.38,10.7,237.0,128.0,0.77,0.42,32.83,80413.0,3294.0,86.36,0.68,2.49,14195.0,1377.0,17.65,1.55,5.9,38188.0,2600.0,47.49,2.58,4.14,9822.0,1247.0,12.21,1.47,7.72,18316.0,874.0,76.32,2.3,2.9,15631.0,895.0,65.13,2.85,3.48,59963.0,2247.0,64.39,3.54,2.28,35169.0,1745.0,58.65,1.91,3.02,32362.0,1678.0,53.97,1.93,3.15,2807.0,523.0,4.68,0.85,11.33,0.0,,0.0,,,24794.0,1302.0,41.35,1.52,3.19,,,7.98,1.43,11.33,30484.0,1563.0,32.74,1.04,3.12,5304.0,595.0,17.4,1.74,6.82,2322.0,395.0,7.62,1.24,10.34,10898.0,1030.0,35.75,2.84,5.75,8425.0,887.0,27.64,2.54,6.4,2653.0,599.0,8.7,1.91,13.73,32362.0,1678.0,34.75,1.14,3.15,70.0,55.0,0.22,0.17,47.76,2198.0,506.0,6.79,1.52,13.99,1689.0,376.0,5.22,1.13,13.53,1094.0,264.0,3.38,0.8,14.67,3963.0,659.0,12.25,1.93,10.11,1508.0,288.0,4.66,0.86,11.61,457.0,170.0,1.41,0.52,22.61,1987.0,322.0,6.14,0.94,9.85,3041.0,505.0,9.4,1.48,10.1,9932.0,755.0,30.69,1.71,4.62,3837.0,710.0,11.86,2.11,11.25,1851.0,664.0,5.72,2.03,21.81,735.0,276.0,2.27,0.84,22.83,1491.0,282.0,6.21,1.15,11.5,1874.0,387.0,7.81,1.59,12.55,3375.0,420.0,14.06,1.67,7.57,2982.0,496.0,12.42,2.02,10.11,3123.0,374.0,13.01,1.48,7.28,4118.0,508.0,17.16,2.02,7.5,2218.0,363.0,9.24,1.47,9.95,2647.0,416.0,11.03,1.68,9.55,1116.0,272.0,4.65,1.12,14.82,1056.0,196.0,4.4,0.8,11.28,19720.0,788.0,82.17,1.25,2.43,5746.0,554.0,23.94,2.13,5.86,2421.0,372.0,10.09,1.5,9.34,1904.0,306.0,7.93,1.24,9.77,1251.0,246.0,5.21,1.01,11.95,8496.0,626.0,35.4,2.26,4.48,86201.0,3714.0,93.36,1.33,2.62,25936.0,2152.0,28.09,2.03,5.04,65719.0,3742.0,71.18,2.84,3.46,6131.0,1046.0,6.64,1.1,10.37,47458.0,2240.0,50.96,1.26,2.87,45661.0,2046.0,49.04,0.97,2.72,12706.0,1038.0,13.64,0.97,4.97,9883.0,924.0,10.61,0.9,5.68,8960.0,871.0,9.62,0.85,5.91,7157.0,778.0,7.69,0.78,6.61,5821.0,686.0,6.25,0.69,7.16,12404.0,1020.0,13.32,0.96,5.0,10029.0,1291.0,10.77,1.32,7.83,7393.0,705.0,7.94,0.69,5.8,3672.0,474.0,3.94,0.48,7.85,4032.0,589.0,4.33,0.61,8.88,7005.0,743.0,7.52,0.74,6.45,2402.0,385.0,2.58,0.4,9.74,1655.0,324.0,1.78,0.34,11.9,36258.0,2347.0,38.94,1.98,3.93,56861.0,2043.0,61.06,3.29,2.18,11062.0,821.0,11.88,0.74,4.51,1451.0,421.0,1.56,0.45,17.64,59564.0,3460.0,63.97,2.68,3.53,1376.0,534.0,1.48,0.57,23.59,355.0,243.0,0.38,0.26,41.61,21873.0,1867.0,23.49,1.77,5.19,25.0,36.0,0.03,0.04,87.54,8475.0,1599.0,9.1,1.68,11.47,11539.0,1575.0,12.39,1.62,8.3,81580.0,3799.0,87.61,2.06,2.83,56362.0,3369.0,60.53,2.68,3.63,1174.0,494.0,1.26,0.53,25.58,106.0,121.0,0.11,0.13,69.39,21855.0,1866.0,23.47,1.77,5.19,0.0,,0.0,,,1578.0,650.0,1.69,0.69,25.04,505.0,219.0,0.54,0.23,26.36
11220,11220,11220,27487.0,913.0,100,,2.02,10922.0,771.0,39.74,2.48,4.29,23790.0,1753.0,25.42,1.58,4.48,1327.0,323.0,5.58,1.29,14.8,1554.0,316.0,6.53,1.24,12.36,11118.0,987.0,46.73,2.31,5.4,4621.0,554.0,19.42,1.84,7.29,5170.0,593.0,21.73,1.91,6.97,63974.0,2300.0,68.36,3.66,2.19,14045.0,1046.0,21.95,1.43,4.53,11218.0,853.0,17.54,1.17,4.62,15322.0,1141.0,23.95,1.56,4.53,15345.0,1161.0,23.99,1.6,4.6,70242.0,2419.0,75.06,3.95,2.09,810.0,189.0,1.15,0.27,14.18,93506.0,3694.0,99.92,5.6,2.4,7533.0,752.0,8.06,0.74,6.07,23335.0,1775.0,24.93,1.62,4.62,596.0,240.0,2.55,1.01,24.48,58369.0,2443.0,62.37,0.82,2.54,2974.0,437.0,5.1,0.72,8.93,11802.0,896.0,12.61,0.82,4.62,3963.0,529.0,33.58,3.69,8.11,92570.0,3607.0,98.92,5.5,2.37,85182.0,3545.0,92.02,1.35,2.53,6373.0,980.0,6.88,1.02,9.35,1015.0,357.0,1.1,0.38,21.38,93584.0,3717.0,100,,2.41,43339.0,2531.0,46.31,1.98,3.55,39762.0,2396.0,42.49,1.93,3.66,3577.0,613.0,3.82,0.64,10.42,50245.0,2206.0,53.69,1.0,2.67,20391.0,1205.0,40.58,1.61,3.59,29854.0,1924.0,59.42,2.8,3.92,2777.0,450.0,5.53,0.86,9.85,28683.0,1728.0,57.09,2.35,3.66,1425.0,617.0,2.84,1.22,26.32,29.0,40.0,0.06,0.08,83.85,17279.0,1596.0,34.39,2.79,5.61,52.0,44.0,0.1,0.09,51.44,87500.0,3430.0,93.5,5.22,2.38,16334.0,1438.0,18.67,1.47,5.35,51483.0,2511.0,58.84,1.71,2.96,30945.0,2578.0,35.37,2.6,5.06,24906.0,948.0,90.61,1.68,2.31,22102.0,977.0,80.41,2.35,2.69,72574.0,2620.0,77.55,4.16,2.19,46482.0,2175.0,64.05,1.91,2.84,42885.0,2047.0,59.09,1.85,2.9,3597.0,652.0,4.96,0.88,11.02,0.0,,0.0,,,26092.0,1161.0,35.95,0.94,2.7,,,7.74,1.36,11.02,40461.0,1884.0,43.23,1.05,2.83,5562.0,644.0,13.75,1.46,7.04,3032.0,447.0,7.49,1.05,8.96,20858.0,1391.0,51.55,2.46,4.05,6042.0,552.0,14.93,1.17,5.55,3150.0,687.0,7.79,1.66,13.26,42885.0,2047.0,45.83,1.21,2.9,10.0,16.0,0.02,0.04,97.26,3724.0,629.0,8.68,1.41,10.27,2108.0,327.0,4.92,0.73,9.43,856.0,214.0,2.0,0.49,15.2,4288.0,562.0,10.0,1.22,7.97,2504.0,422.0,5.84,0.94,10.25,1173.0,312.0,2.74,0.72,16.17,2020.0,329.0,4.71,0.73,9.9,4382.0,583.0,10.22,1.27,8.09,9280.0,710.0,21.64,1.29,4.65,8637.0,888.0,20.14,1.83,6.25,2778.0,463.0,6.48,1.03,10.13,1125.0,209.0,2.62,0.47,11.29,1684.0,299.0,6.13,1.07,10.79,1633.0,294.0,5.94,1.05,10.94,2862.0,395.0,10.41,1.39,8.39,2679.0,405.0,9.75,1.44,9.19,3331.0,416.0,12.12,1.46,7.59,4766.0,504.0,17.34,1.74,6.43,3511.0,533.0,12.77,1.89,9.23,3682.0,434.0,13.4,1.51,7.17,1617.0,253.0,5.88,0.9,9.51,1722.0,253.0,6.26,0.9,8.93,23087.0,935.0,83.99,1.95,2.46,6781.0,529.0,24.67,1.74,4.74,2956.0,308.0,10.75,1.06,6.33,2225.0,315.0,8.09,1.11,8.61,1178.0,256.0,4.29,0.92,13.21,6823.0,561.0,24.82,1.87,5.0,81955.0,3130.0,87.65,4.82,2.32,30547.0,1764.0,32.67,1.38,3.51,55748.0,2745.0,59.62,1.75,2.99,11551.0,1276.0,12.35,1.27,6.72,46577.0,2313.0,49.77,1.48,3.02,47007.0,1879.0,50.23,0.23,2.43,6084.0,775.0,6.5,0.79,7.74,7334.0,778.0,7.84,0.77,6.45,6422.0,673.0,6.86,0.67,6.37,4993.0,639.0,5.34,0.65,7.78,4777.0,459.0,5.1,0.45,5.84,15600.0,1205.0,16.67,1.1,4.7,14049.0,1306.0,15.01,1.26,5.65,12397.0,970.0,13.25,0.89,4.76,5203.0,502.0,5.56,0.49,5.87,4873.0,551.0,5.21,0.55,6.87,7306.0,761.0,7.81,0.75,6.33,3357.0,389.0,3.59,0.39,7.04,1189.0,222.0,1.27,0.23,11.35,23342.0,1774.0,24.94,1.62,4.62,70242.0,2419.0,75.06,3.95,2.09,11852.0,898.0,12.66,0.82,4.61,4493.0,1121.0,4.8,1.18,15.17,26467.0,2095.0,28.28,1.94,4.81,2515.0,677.0,2.69,0.72,16.36,887.0,383.0,0.95,0.41,26.25,39288.0,2015.0,41.98,1.36,3.12,0.0,,0.0,,,19934.0,2471.0,21.3,2.5,7.54,36812.0,2945.0,39.34,2.73,4.86,56772.0,2261.0,60.66,0.18,2.42,14539.0,1394.0,15.54,1.36,5.83,1705.0,589.0,1.82,0.63,21.0,219.0,275.0,0.23,0.29,76.33,39198.0,2022.0,41.89,1.38,3.14,0.0,,0.0,,,172.0,113.0,0.18,0.12,39.94,939.0,284.0,1.0,0.3,18.39
11221,11221,11221,33851.0,1262.0,100,,2.27,8169.0,719.0,24.13,1.92,5.35,20582.0,1656.0,22.94,1.58,4.89,1300.0,376.0,6.32,1.75,17.58,696.0,205.0,3.38,0.96,17.91,7802.0,934.0,37.91,3.36,7.28,3604.0,551.0,17.51,2.28,9.29,7180.0,885.0,34.88,3.26,7.49,63333.0,2483.0,70.58,4.05,2.38,4412.0,651.0,6.97,0.99,8.97,5490.0,707.0,8.67,1.06,7.83,15765.0,1162.0,24.89,1.55,4.48,24058.0,1480.0,37.99,1.8,3.74,73232.0,3094.0,81.62,0.47,2.57,1270.0,298.0,1.73,0.4,14.26,89459.0,3749.0,99.7,0.22,2.55,8165.0,716.0,9.13,0.7,5.33,16452.0,1387.0,18.34,1.34,5.12,433.0,147.0,2.63,0.87,20.64,64254.0,2919.0,71.61,1.27,2.76,4246.0,513.0,6.61,0.74,7.34,8753.0,773.0,9.76,0.76,5.37,3486.0,478.0,39.83,4.18,8.34,89079.0,3756.0,99.28,0.51,2.56,78024.0,3538.0,87.59,1.46,2.76,10780.0,1153.0,12.1,1.19,6.5,275.0,133.0,0.31,0.15,29.4,89728.0,3755.0,100,,2.54,68268.0,3164.0,76.08,1.52,2.82,64834.0,3024.0,72.26,1.49,2.84,3434.0,721.0,3.83,0.79,12.76,21460.0,1732.0,23.92,1.65,4.91,12089.0,1317.0,56.33,4.12,6.62,9371.0,1267.0,43.67,4.74,8.22,1937.0,416.0,9.03,1.8,13.06,2994.0,823.0,13.95,3.67,16.71,1211.0,491.0,5.64,2.24,24.65,76.0,47.0,0.35,0.22,37.59,15097.0,1486.0,70.35,3.96,5.98,145.0,110.0,0.68,0.51,46.12,85331.0,3523.0,95.1,5.59,2.51,55585.0,2811.0,65.14,1.9,3.07,11789.0,1312.0,13.82,1.43,6.77,21589.0,1954.0,25.3,2.04,5.5,31199.0,1284.0,92.17,1.61,2.5,28705.0,1228.0,84.8,1.78,2.6,74949.0,3095.0,83.53,4.91,2.51,51025.0,2307.0,68.08,1.25,2.75,47086.0,2083.0,62.82,1.0,2.69,3939.0,694.0,5.26,0.9,10.71,0.0,,0.0,,,23924.0,1800.0,31.92,2.01,4.57,,,7.72,1.31,10.71,46025.0,2062.0,51.29,0.82,2.72,6735.0,794.0,14.63,1.6,7.17,1272.0,352.0,2.76,0.75,16.82,28208.0,1760.0,61.29,2.66,3.79,2472.0,385.0,5.37,0.8,9.47,4994.0,678.0,10.85,1.39,8.25,47086.0,2083.0,52.48,0.75,2.69,5.0,13.0,0.01,0.03,158.05,2094.0,468.0,4.45,0.97,13.59,1441.0,331.0,3.06,0.69,13.96,821.0,209.0,1.74,0.44,15.48,4717.0,517.0,10.02,1.0,6.66,3668.0,574.0,7.79,1.17,9.51,2963.0,370.0,6.29,0.73,7.59,2646.0,468.0,5.62,0.96,10.75,7375.0,648.0,15.66,1.19,5.34,11060.0,920.0,23.49,1.65,5.06,6348.0,855.0,13.48,1.72,8.19,2137.0,358.0,4.54,0.73,10.18,1811.0,319.0,3.85,0.66,10.71,2963.0,468.0,8.75,1.34,9.6,2291.0,472.0,6.77,1.37,12.52,2678.0,512.0,7.91,1.48,11.62,2416.0,503.0,7.14,1.46,12.66,3097.0,395.0,9.15,1.12,7.75,4736.0,577.0,13.99,1.62,7.41,4239.0,510.0,12.52,1.43,7.31,5946.0,680.0,17.57,1.9,6.95,2670.0,402.0,7.89,1.15,9.15,2815.0,413.0,8.32,1.18,8.92,27107.0,1267.0,80.08,2.26,2.84,6932.0,687.0,20.48,1.88,6.02,3917.0,553.0,11.57,1.58,8.58,2481.0,437.0,7.33,1.26,10.71,1908.0,352.0,5.64,1.02,11.21,7430.0,624.0,21.95,1.65,5.11,81793.0,3447.0,91.43,0.41,2.56,55864.0,2881.0,62.45,1.88,3.14,36472.0,2292.0,40.77,1.91,3.82,7666.0,1056.0,8.57,1.12,8.37,42176.0,2043.0,47.0,1.15,2.94,47552.0,2398.0,53.0,1.49,3.07,4397.0,745.0,4.9,0.8,10.3,4655.0,647.0,5.19,0.69,8.45,4832.0,631.0,5.39,0.67,7.94,4242.0,589.0,4.73,0.63,8.44,8269.0,1108.0,9.22,1.17,8.15,23622.0,1564.0,26.33,1.35,4.02,12780.0,896.0,14.24,0.8,4.26,9818.0,981.0,10.94,0.99,6.07,4368.0,583.0,4.87,0.62,8.11,3813.0,552.0,4.25,0.59,8.8,5490.0,545.0,6.12,0.55,6.03,2511.0,435.0,2.8,0.47,10.53,931.0,217.0,1.04,0.24,14.17,16496.0,1389.0,18.38,1.34,5.12,73232.0,3094.0,81.62,0.47,2.57,8932.0,779.0,9.95,0.76,5.3,8180.0,1611.0,9.12,1.75,11.97,21971.0,1395.0,24.49,1.17,3.86,38446.0,2680.0,42.85,2.39,4.24,412.0,250.0,0.46,0.28,36.89,3972.0,1110.0,4.43,1.22,16.99,48.0,46.0,0.05,0.05,58.26,16699.0,1708.0,18.61,1.74,6.22,29046.0,2460.0,32.37,2.38,5.15,60682.0,3362.0,67.63,2.46,3.37,17907.0,1263.0,19.96,1.13,4.29,35470.0,2579.0,39.53,2.35,4.42,36.0,57.0,0.04,0.06,96.25,3953.0,1111.0,4.41,1.22,17.09,23.0,29.0,0.03,0.03,76.65,580.0,339.0,0.65,0.38,35.53,2713.0,894.0,3.02,0.99,20.03
11222,11222,11222,18636.0,682.0,100,,2.22,2911.0,295.0,15.62,1.48,6.16,5561.0,686.0,14.02,1.64,7.5,605.0,193.0,10.88,3.2,19.39,371.0,123.0,6.67,2.05,20.15,1807.0,421.0,32.49,6.42,14.16,674.0,171.0,12.12,2.69,15.42,2104.0,369.0,37.83,4.72,10.66,32557.0,1315.0,82.07,0.9,2.46,1282.0,282.0,3.94,0.85,13.37,1029.0,319.0,3.16,0.97,18.85,4664.0,520.0,14.33,1.49,6.78,20678.0,1137.0,63.51,2.37,3.34,34685.0,1335.0,87.44,4.78,2.34,498.0,169.0,1.44,0.48,20.63,39651.0,1544.0,99.95,0.23,2.37,2766.0,413.0,6.98,1.01,9.08,4981.0,524.0,12.56,1.23,6.4,78.0,43.0,1.57,0.85,33.51,30647.0,1251.0,77.26,0.96,2.48,1183.0,274.0,3.86,0.88,14.08,4023.0,408.0,10.14,0.95,6.17,1505.0,308.0,37.41,6.65,12.44,39163.0,1538.0,98.72,0.55,2.39,32111.0,1468.0,81.99,1.92,2.78,6748.0,695.0,17.23,1.64,6.26,304.0,152.0,0.78,0.39,30.4,39669.0,1542.0,100,,2.36,29329.0,1338.0,73.93,1.77,2.77,28165.0,1286.0,71.0,1.7,2.78,1164.0,335.0,2.93,0.84,17.5,10340.0,871.0,26.07,1.95,5.12,5417.0,609.0,52.39,3.9,6.83,4923.0,602.0,47.61,4.22,7.43,6225.0,673.0,60.2,4.08,6.57,1468.0,366.0,14.2,3.33,15.16,245.0,154.0,2.37,1.48,38.21,332.0,131.0,3.21,1.24,23.99,1785.0,460.0,17.26,4.2,15.67,285.0,114.0,2.76,1.08,24.32,37560.0,1499.0,94.68,0.86,2.43,25350.0,1303.0,67.49,2.19,3.12,4517.0,599.0,12.03,1.52,8.06,3837.0,638.0,10.22,1.65,10.11,17556.0,657.0,94.2,0.74,2.27,17053.0,641.0,91.51,0.79,2.29,35062.0,1357.0,88.39,4.85,2.35,27684.0,1263.0,78.96,1.91,2.77,25689.0,1176.0,73.27,1.79,2.78,1995.0,449.0,5.69,1.26,13.68,0.0,,0.0,,,7378.0,643.0,21.04,1.64,5.3,,,7.21,1.59,13.68,25143.0,1167.0,63.38,1.61,2.82,2843.0,423.0,11.31,1.6,9.04,454.0,187.0,1.81,0.74,25.04,12973.0,972.0,51.6,3.03,4.55,2199.0,375.0,8.75,1.44,10.37,4724.0,744.0,18.79,2.83,9.57,25689.0,1176.0,64.76,1.57,2.78,8.0,13.0,0.03,0.05,98.78,1098.0,303.0,4.27,1.16,16.78,755.0,202.0,2.94,0.77,16.26,476.0,145.0,1.85,0.56,18.52,2165.0,358.0,8.43,1.34,10.05,660.0,181.0,2.57,0.69,16.67,2987.0,428.0,11.63,1.58,8.71,1993.0,322.0,7.76,1.2,9.82,6437.0,647.0,25.06,2.24,6.11,3631.0,432.0,14.13,1.55,7.23,3301.0,452.0,12.85,1.66,8.32,1302.0,303.0,5.07,1.16,14.15,876.0,225.0,3.41,0.86,15.61,740.0,192.0,3.97,1.02,15.77,656.0,206.0,3.52,1.1,19.09,750.0,224.0,4.02,1.19,18.16,977.0,290.0,5.24,1.54,18.04,1113.0,259.0,5.97,1.37,14.15,2163.0,410.0,11.61,2.16,11.52,2085.0,338.0,11.19,1.77,9.85,3735.0,470.0,20.04,2.41,7.65,2523.0,298.0,13.54,1.52,7.18,3894.0,491.0,20.9,2.52,7.67,16300.0,683.0,87.47,1.79,2.55,2959.0,359.0,15.88,1.84,7.38,1782.0,330.0,9.56,1.74,11.26,651.0,238.0,3.49,1.27,22.22,832.0,275.0,4.46,1.47,20.09,1443.0,375.0,7.74,1.99,15.8,36646.0,1568.0,92.42,1.64,2.6,29589.0,1468.0,74.62,2.29,3.02,9346.0,808.0,23.57,1.82,5.26,3005.0,575.0,7.58,1.42,11.63,19624.0,1038.0,49.47,1.77,3.22,20045.0,1030.0,50.53,1.7,3.12,2109.0,335.0,5.32,0.82,9.66,1504.0,319.0,3.79,0.79,12.89,880.0,227.0,2.22,0.57,15.68,727.0,166.0,1.83,0.41,13.88,1892.0,491.0,4.77,1.22,15.78,12812.0,1038.0,32.3,2.3,4.93,8736.0,779.0,22.02,1.77,5.42,3684.0,544.0,9.29,1.32,8.98,1795.0,343.0,4.52,0.85,11.62,1500.0,314.0,3.78,0.78,12.73,2052.0,366.0,5.17,0.9,10.84,1310.0,294.0,3.3,0.73,13.64,668.0,191.0,1.68,0.48,17.38,4984.0,524.0,12.56,1.23,6.39,34685.0,1335.0,87.44,4.78,2.34,4030.0,408.0,10.16,0.95,6.15,3416.0,604.0,8.61,1.49,10.75,31132.0,1359.0,78.48,1.56,2.65,1416.0,455.0,3.57,1.14,19.53,116.0,136.0,0.29,0.34,71.27,1595.0,328.0,4.02,0.81,12.5,0.0,,0.0,,,1994.0,493.0,5.03,1.23,15.03,5693.0,762.0,14.35,1.84,8.14,33976.0,1672.0,85.65,2.58,2.99,28802.0,1425.0,72.61,2.22,3.01,1181.0,396.0,2.98,0.99,20.38,22.0,33.0,0.06,0.08,91.19,1569.0,331.0,3.96,0.82,12.82,0.0,,0.0,,,221.0,104.0,0.56,0.26,28.61,2181.0,543.0,5.5,1.35,15.13
11223,11223,11223,27484.0,826.0,100,,1.83,10177.0,651.0,37.03,2.09,3.89,21169.0,1530.0,25.33,1.58,4.39,1629.0,278.0,7.7,1.19,10.37,1533.0,341.0,7.24,1.52,13.52,9015.0,939.0,42.59,3.19,6.33,4771.0,548.0,22.54,2.01,6.98,4221.0,534.0,19.94,2.07,7.69,55448.0,1869.0,66.35,3.29,2.05,7033.0,754.0,12.68,1.29,6.52,5003.0,665.0,9.02,1.16,8.08,15306.0,998.0,27.6,1.54,3.96,18628.0,1223.0,33.6,1.89,3.99,61712.0,2134.0,73.85,3.71,2.1,1160.0,274.0,1.88,0.44,14.36,83536.0,3045.0,99.97,0.1,2.22,9677.0,691.0,11.58,0.71,4.34,21833.0,1641.0,26.13,1.72,4.57,697.0,297.0,3.19,1.34,25.9,48603.0,2042.0,58.16,1.22,2.55,3687.0,457.0,7.59,0.88,7.53,13100.0,852.0,15.68,0.84,3.95,5293.0,475.0,40.4,2.5,5.46,82567.0,3015.0,98.81,0.23,2.22,75346.0,2760.0,91.25,0.26,2.23,6681.0,1337.0,8.09,1.59,12.17,540.0,287.0,0.65,0.35,32.31,83565.0,3045.0,100,,2.22,44525.0,2268.0,53.28,1.9,3.1,43008.0,2281.0,51.47,1.98,3.22,1517.0,298.0,1.82,0.35,11.94,39040.0,1896.0,46.72,1.5,2.95,25987.0,1494.0,66.57,2.05,3.49,13053.0,1087.0,33.43,2.26,5.06,11393.0,919.0,29.18,1.88,4.9,21288.0,1365.0,54.53,2.28,3.9,1157.0,361.0,2.96,0.91,18.97,14.0,27.0,0.04,0.07,117.24,4965.0,834.0,12.72,2.05,10.21,218.0,175.0,0.56,0.45,48.8,76562.0,2751.0,91.62,4.69,2.18,30409.0,2059.0,39.72,2.28,4.12,30325.0,1869.0,39.61,1.98,3.75,7297.0,1219.0,9.53,1.55,10.16,24356.0,798.0,88.62,1.16,1.99,23694.0,819.0,86.21,1.47,2.1,64151.0,2178.0,76.77,3.82,2.06,37310.0,1749.0,58.16,1.88,2.85,34228.0,1656.0,53.36,1.84,2.94,3065.0,552.0,4.78,0.85,10.95,17.0,17.0,0.03,0.03,60.79,26841.0,1224.0,41.84,1.27,2.77,,,8.21,1.43,10.95,32778.0,1516.0,39.22,1.12,2.81,8319.0,697.0,25.38,1.77,5.09,2601.0,523.0,7.94,1.55,12.22,15230.0,1066.0,46.46,2.44,4.25,2982.0,388.0,9.1,1.11,7.91,3031.0,475.0,9.25,1.38,9.53,34228.0,1656.0,40.96,1.3,2.94,21.0,24.0,0.06,0.07,69.47,2153.0,426.0,6.29,1.21,12.03,1177.0,236.0,3.44,0.67,12.19,1975.0,316.0,5.77,0.88,9.73,3376.0,454.0,9.86,1.24,8.17,3007.0,493.0,8.79,1.38,9.97,813.0,262.0,2.38,0.76,19.59,2594.0,407.0,7.58,1.13,9.54,3033.0,521.0,8.86,1.46,10.44,10552.0,760.0,30.83,1.64,4.38,2572.0,461.0,7.51,1.3,10.9,1791.0,397.0,5.23,1.13,13.48,1164.0,244.0,3.4,0.69,12.74,2110.0,438.0,7.68,1.58,12.62,2319.0,378.0,8.44,1.35,9.91,3050.0,445.0,11.1,1.58,8.87,2110.0,248.0,7.68,0.87,7.15,2749.0,339.0,10.0,1.2,7.5,3729.0,405.0,13.57,1.42,6.6,2905.0,414.0,10.57,1.47,8.66,4085.0,442.0,14.86,1.54,6.58,1812.0,278.0,6.59,0.99,9.33,2615.0,370.0,9.51,1.32,8.6,20923.0,833.0,76.13,1.99,2.42,8201.0,545.0,29.84,1.77,4.04,3640.0,400.0,13.24,1.4,6.68,3463.0,438.0,12.6,1.55,7.69,1422.0,345.0,5.17,1.25,14.75,7498.0,603.0,27.28,2.04,4.89,79305.0,3065.0,94.94,1.22,2.35,42021.0,2511.0,50.3,2.38,3.63,43571.0,2215.0,52.16,1.85,3.09,4231.0,690.0,5.06,0.81,9.91,40142.0,1669.0,48.04,0.96,2.53,43423.0,1901.0,51.96,1.26,2.66,7003.0,793.0,8.38,0.9,6.88,6293.0,713.0,7.53,0.81,6.89,5009.0,555.0,5.99,0.63,6.74,5175.0,646.0,6.19,0.74,7.59,4637.0,634.0,5.55,0.73,8.31,10766.0,867.0,12.88,0.93,4.9,10411.0,963.0,12.46,1.06,5.62,9954.0,760.0,11.91,0.8,4.64,5862.0,757.0,7.01,0.87,7.85,5351.0,678.0,6.4,0.78,7.7,7122.0,607.0,8.52,0.66,5.18,3467.0,354.0,4.15,0.4,6.21,2515.0,473.0,3.01,0.56,11.43,21836.0,1641.0,26.13,1.72,4.57,61729.0,2134.0,73.87,3.71,2.1,13104.0,851.0,15.68,0.84,3.95,2880.0,607.0,3.45,0.72,12.81,44906.0,2389.0,53.74,2.08,3.23,5013.0,1137.0,6.0,1.34,13.79,261.0,169.0,0.31,0.2,39.36,21598.0,1572.0,25.85,1.63,4.42,11.0,14.0,0.01,0.02,77.37,8896.0,1609.0,10.65,1.89,11.0,11222.0,1484.0,13.43,1.71,8.04,72343.0,2875.0,86.57,1.37,2.42,42942.0,2392.0,51.39,2.17,3.39,4273.0,1090.0,5.11,1.29,15.51,119.0,104.0,0.14,0.12,53.13,21580.0,1575.0,25.82,1.63,4.44,0.0,,0.0,,,1156.0,586.0,1.38,0.7,30.82,2273.0,608.0,2.72,0.72,16.26
11224,11224,11224,19218.0,823.0,100,,2.6,4496.0,463.0,23.39,2.19,6.26,9895.0,1099.0,20.57,2.01,6.75,360.0,189.0,3.64,1.87,31.91,603.0,212.0,6.09,2.03,21.37,4295.0,762.0,43.41,6.01,10.79,2677.0,593.0,27.05,5.19,13.47,1960.0,453.0,19.81,4.01,14.05,35209.0,1762.0,73.18,5.33,3.04,3143.0,497.0,8.93,1.34,9.61,3340.0,747.0,9.49,2.07,13.6,10286.0,1156.0,29.21,2.94,6.83,12503.0,1111.0,35.51,2.61,5.4,38563.0,1983.0,80.16,5.92,3.13,672.0,210.0,1.74,0.54,19.0,47145.0,2534.0,97.99,0.91,3.27,9214.0,854.0,19.54,1.48,5.63,9528.0,1060.0,19.8,1.94,6.76,438.0,225.0,4.6,2.31,31.23,24893.0,1809.0,51.74,2.58,4.42,3237.0,437.0,13.0,1.48,8.21,12724.0,843.0,26.45,1.05,4.03,5539.0,632.0,43.53,4.04,6.94,47715.0,2512.0,99.18,7.4,3.2,44501.0,2563.0,93.26,2.18,3.5,2924.0,675.0,6.13,1.38,14.03,290.0,184.0,0.61,0.38,38.57,48110.0,2547.0,100,,3.22,25962.0,2016.0,53.96,3.07,4.72,24310.0,2019.0,50.53,3.23,5.05,1652.0,407.0,3.43,0.83,14.98,22148.0,1726.0,46.04,2.63,4.74,16880.0,1431.0,76.21,2.54,5.15,5268.0,1244.0,23.79,5.3,14.36,13196.0,1099.0,59.58,1.75,5.06,5248.0,927.0,23.7,3.76,10.74,376.0,192.0,1.7,0.86,31.04,0.0,,0.0,,,3246.0,759.0,14.66,3.23,14.21,82.0,92.0,0.37,0.41,68.2,45683.0,2369.0,94.96,7.04,3.15,18622.0,1881.0,40.76,3.53,6.14,20414.0,1918.0,44.69,3.5,5.71,5913.0,1463.0,12.94,3.13,15.04,15227.0,848.0,79.23,2.82,3.39,14535.0,869.0,75.63,3.16,3.63,39545.0,2051.0,82.2,6.09,3.15,17729.0,1439.0,44.83,2.8,4.93,16201.0,1434.0,40.97,2.94,5.38,1528.0,356.0,3.86,0.88,14.16,0.0,,0.0,,,21816.0,1525.0,55.17,2.59,4.25,,,8.62,1.88,14.16,15401.0,1365.0,32.01,2.28,5.39,3668.0,525.0,23.82,2.68,8.7,695.0,250.0,4.51,1.57,21.87,7950.0,957.0,51.62,4.2,7.32,1327.0,281.0,8.62,1.66,12.87,1444.0,598.0,9.38,3.79,25.17,16201.0,1434.0,33.67,2.39,5.38,22.0,31.0,0.14,0.19,85.66,1592.0,607.0,9.83,3.64,23.18,519.0,211.0,3.2,1.27,24.71,304.0,140.0,1.88,0.85,28.0,1534.0,437.0,9.47,2.56,17.32,1730.0,456.0,10.68,2.65,16.02,411.0,173.0,2.54,1.04,25.59,1568.0,349.0,9.68,1.98,13.53,1625.0,351.0,10.03,1.98,13.13,4704.0,516.0,29.04,1.88,6.67,813.0,225.0,5.02,1.32,16.82,845.0,201.0,5.22,1.15,14.46,534.0,191.0,3.3,1.14,21.74,2013.0,339.0,10.47,1.71,10.24,3165.0,373.0,16.47,1.81,7.16,2464.0,359.0,12.82,1.79,8.86,1543.0,413.0,8.03,2.12,16.27,2499.0,433.0,13.0,2.18,10.53,2533.0,409.0,13.18,2.05,9.82,1108.0,261.0,5.77,1.34,14.32,1702.0,557.0,8.86,2.87,19.89,838.0,239.0,4.36,1.23,17.34,1353.0,360.0,7.04,1.85,16.17,11297.0,813.0,58.78,3.4,4.37,8290.0,653.0,43.14,2.85,4.79,3656.0,472.0,19.02,2.32,7.85,3152.0,434.0,16.4,2.15,8.37,1036.0,238.0,5.39,1.22,13.97,7895.0,614.0,41.08,2.67,4.73,44643.0,2482.0,94.69,1.35,3.38,20478.0,1998.0,43.44,3.54,5.93,29406.0,1903.0,62.37,2.25,3.93,2502.0,611.0,5.31,1.26,14.85,22139.0,1701.0,46.02,2.56,4.67,25971.0,1326.0,53.98,3.97,3.1,2427.0,461.0,5.04,0.92,11.55,2515.0,375.0,5.23,0.73,9.06,2925.0,591.0,6.08,1.19,12.28,2752.0,580.0,5.72,1.17,12.81,2282.0,502.0,4.74,1.01,13.37,5244.0,768.0,10.9,1.49,8.9,4141.0,626.0,8.61,1.22,9.19,5381.0,703.0,11.18,1.34,7.94,3749.0,696.0,7.79,1.39,11.29,3173.0,656.0,6.6,1.32,12.57,6753.0,736.0,14.04,1.34,6.63,4670.0,534.0,9.71,0.98,6.95,2098.0,388.0,4.36,0.77,11.24,9547.0,1065.0,19.84,1.95,6.78,38563.0,1983.0,80.16,5.92,3.13,13521.0,860.0,28.1,0.99,3.87,2203.0,855.0,4.58,1.76,23.59,26012.0,1821.0,54.07,2.48,4.26,9680.0,1251.0,20.12,2.37,7.86,137.0,146.0,0.28,0.3,64.78,4126.0,912.0,8.58,1.84,13.44,0.0,,0.0,,,5952.0,1648.0,12.37,3.36,16.83,9678.0,1783.0,20.12,3.55,11.2,38432.0,2250.0,79.88,2.0,3.56,23929.0,1553.0,49.74,1.87,3.95,9004.0,1232.0,18.72,2.36,8.32,137.0,146.0,0.28,0.3,64.78,4125.0,912.0,8.57,1.84,13.44,0.0,,0.0,,,0.0,,0.0,,,1237.0,754.0,2.57,1.56,37.05
11225,11225,11225,24609.0,853.0,100,,2.11,5257.0,547.0,21.36,2.1,6.33,13035.0,1504.0,21.92,2.29,7.01,674.0,234.0,5.17,1.69,21.11,371.0,136.0,2.85,0.99,22.28,5155.0,987.0,39.55,6.04,11.64,2259.0,496.0,17.33,3.24,13.35,4576.0,646.0,35.11,2.86,8.58,44191.0,2012.0,74.31,4.97,2.77,2427.0,611.0,5.49,1.36,15.3,2903.0,558.0,6.57,1.23,11.68,9092.0,1207.0,20.57,2.57,8.07,19718.0,1441.0,44.62,2.55,4.44,49191.0,2409.0,82.72,0.22,2.98,699.0,205.0,1.42,0.41,17.83,59420.0,2890.0,99.92,6.89,2.96,5156.0,745.0,8.68,1.18,8.78,10246.0,1334.0,17.23,2.08,7.91,385.0,195.0,3.76,1.84,30.79,39740.0,2208.0,66.83,1.76,3.38,2080.0,427.0,5.23,1.03,12.48,9434.0,888.0,15.86,1.28,5.72,2691.0,550.0,28.52,5.17,12.42,59010.0,2905.0,99.23,0.56,2.99,53217.0,2905.0,90.18,2.13,3.32,5645.0,745.0,9.57,1.17,8.02,148.0,91.0,0.25,0.15,37.38,59465.0,2908.0,100,,2.97,38300.0,2652.0,64.41,3.16,4.21,36887.0,2664.0,62.03,3.3,4.39,1413.0,347.0,2.38,0.57,14.93,21165.0,1602.0,35.59,2.06,4.6,13861.0,1230.0,65.49,3.03,5.39,7304.0,976.0,34.51,3.8,8.12,1356.0,435.0,6.41,2.0,19.5,1144.0,246.0,5.41,1.09,13.07,2014.0,640.0,9.52,2.94,19.32,205.0,129.0,0.97,0.61,38.25,16168.0,1510.0,76.39,4.18,5.68,278.0,126.0,1.31,0.59,27.55,56885.0,2869.0,95.66,1.18,3.07,42528.0,2673.0,74.76,2.8,3.82,3596.0,683.0,6.32,1.16,11.55,4385.0,927.0,7.71,1.58,12.85,22357.0,814.0,90.85,1.01,2.21,20732.0,890.0,84.25,2.13,2.61,50380.0,2456.0,84.72,5.85,2.96,34308.0,1853.0,68.1,1.58,3.28,32044.0,1812.0,63.6,1.82,3.44,2237.0,465.0,4.44,0.9,12.64,27.0,42.0,0.05,0.08,94.56,16072.0,1259.0,31.9,1.96,4.76,,,6.52,1.31,12.64,30472.0,1390.0,51.24,3.43,2.77,3495.0,742.0,11.47,2.38,12.91,480.0,214.0,1.58,0.7,27.1,19290.0,1124.0,63.3,2.3,3.54,1649.0,376.0,5.41,1.21,13.86,4239.0,774.0,13.91,2.46,11.1,32044.0,1812.0,53.89,1.53,3.44,8.0,12.0,0.02,0.04,91.19,1256.0,433.0,3.92,1.33,20.96,457.0,172.0,1.43,0.53,22.88,443.0,190.0,1.38,0.59,26.07,2338.0,355.0,7.3,1.03,9.23,2038.0,397.0,6.36,1.19,11.84,2233.0,400.0,6.97,1.18,10.89,2083.0,387.0,6.5,1.15,11.29,4703.0,582.0,14.68,1.62,7.52,10529.0,1363.0,32.86,3.83,7.87,2704.0,440.0,8.44,1.29,9.89,1750.0,436.0,5.46,1.33,15.15,1502.0,409.0,4.69,1.25,16.55,1510.0,373.0,6.14,1.5,15.02,1252.0,332.0,5.09,1.34,16.12,2168.0,393.0,8.81,1.57,11.02,1899.0,388.0,7.72,1.55,12.42,2409.0,545.0,9.79,2.19,13.75,3643.0,501.0,14.8,1.97,8.36,3237.0,440.0,13.15,1.73,8.26,4054.0,557.0,16.47,2.19,8.35,2116.0,412.0,8.6,1.65,11.84,2321.0,404.0,9.43,1.61,10.58,19985.0,838.0,81.21,1.92,2.55,6940.0,770.0,28.2,2.97,6.74,4175.0,612.0,16.97,2.42,8.91,1439.0,348.0,5.85,1.4,14.7,1335.0,310.0,5.42,1.25,14.12,4091.0,541.0,16.62,2.12,8.04,55427.0,2765.0,93.28,1.03,3.03,37585.0,2071.0,63.25,1.64,3.35,22863.0,2399.0,38.48,3.58,6.38,3993.0,685.0,6.72,1.11,10.43,27124.0,1558.0,45.61,1.37,3.49,32341.0,2002.0,54.39,2.06,3.76,2580.0,547.0,4.34,0.9,12.89,2733.0,481.0,4.6,0.78,10.7,3248.0,778.0,5.46,1.28,14.56,2834.0,525.0,4.77,0.85,11.26,3879.0,742.0,6.52,1.21,11.63,13445.0,1141.0,22.61,1.57,5.16,7387.0,765.0,12.42,1.13,6.3,7733.0,905.0,13.0,1.38,7.11,3152.0,581.0,5.3,0.94,11.21,3037.0,587.0,5.11,0.96,11.75,5311.0,643.0,8.93,0.99,7.36,3072.0,481.0,5.17,0.77,9.52,1054.0,340.0,1.77,0.57,19.61,10247.0,1334.0,17.23,2.08,7.91,49218.0,2418.0,82.77,0.39,2.99,9437.0,887.0,15.87,1.27,5.71,2459.0,495.0,4.14,0.81,12.24,18424.0,2052.0,30.98,3.1,6.77,33595.0,2542.0,56.5,3.26,4.6,66.0,103.0,0.11,0.17,94.87,1630.0,458.0,2.74,0.76,17.08,0.0,,0.0,,,3291.0,816.0,5.53,1.35,15.07,6146.0,1113.0,10.34,1.8,11.01,53319.0,3110.0,89.66,2.85,3.55,17166.0,2082.0,28.87,3.2,7.37,32510.0,2639.0,54.67,3.54,4.93,17.0,27.0,0.03,0.05,96.55,1618.0,459.0,2.72,0.76,17.25,0.0,,0.0,,,474.0,324.0,0.8,0.54,41.55,1534.0,367.0,2.58,0.6,14.54
11226,11226,11226,37128.0,1324.0,100,,2.17,9860.0,749.0,26.56,1.78,4.62,22839.0,1732.0,22.89,1.46,4.61,1354.0,326.0,5.93,1.35,14.64,1373.0,396.0,6.01,1.67,17.53,8180.0,915.0,35.82,2.95,6.8,4680.0,589.0,20.49,2.06,7.65,7252.0,846.0,31.75,2.81,7.09,71646.0,2866.0,71.81,4.1,2.43,4088.0,751.0,5.71,1.02,11.17,5201.0,848.0,7.26,1.15,9.91,23190.0,1574.0,32.37,1.77,4.13,23586.0,1425.0,32.92,1.49,3.67,79928.0,3190.0,80.11,4.57,2.43,687.0,193.0,0.86,0.24,17.08,99333.0,4055.0,99.56,0.34,2.48,6161.0,571.0,6.2,0.52,5.63,19760.0,1586.0,19.8,1.37,4.88,569.0,202.0,2.88,1.0,21.58,67157.0,2966.0,67.31,1.16,2.68,3182.0,419.0,4.74,0.59,8.0,12416.0,928.0,12.44,0.78,4.54,2410.0,364.0,19.41,2.55,9.18,98968.0,4015.0,99.19,5.7,2.47,91816.0,3756.0,92.77,0.49,2.49,6531.0,742.0,6.6,0.7,6.91,621.0,293.0,0.63,0.29,28.68,99776.0,4059.0,100,,2.47,56925.0,2873.0,57.05,1.7,3.07,54884.0,2822.0,55.01,1.73,3.13,2041.0,396.0,2.05,0.39,11.79,42851.0,2446.0,42.95,1.72,3.47,26062.0,1834.0,60.82,2.5,4.28,16789.0,1484.0,39.18,2.64,5.37,1829.0,426.0,4.27,0.96,14.16,2827.0,584.0,6.6,1.31,12.56,2115.0,595.0,4.94,1.36,17.1,148.0,82.0,0.35,0.19,33.68,35643.0,2392.0,83.18,2.94,4.08,288.0,210.0,0.67,0.49,44.33,93843.0,3782.0,94.05,5.39,2.45,62411.0,3032.0,66.51,1.8,2.95,11520.0,1079.0,12.28,1.04,5.69,11794.0,1475.0,12.57,1.49,7.6,33426.0,1273.0,90.03,1.2,2.32,30274.0,1236.0,81.54,1.62,2.48,81743.0,3210.0,81.93,4.63,2.39,55069.0,2578.0,67.37,1.72,2.85,52198.0,2508.0,63.86,1.77,2.92,2793.0,417.0,3.42,0.49,9.08,78.0,78.0,0.1,0.1,60.79,26674.0,1508.0,32.63,1.33,3.44,,,5.07,0.72,9.08,50842.0,2303.0,50.96,1.02,2.75,6682.0,861.0,13.14,1.59,7.83,1260.0,347.0,2.48,0.67,16.74,34335.0,1785.0,67.53,1.72,3.16,2218.0,424.0,4.36,0.81,11.62,4661.0,613.0,9.17,1.13,7.99,52198.0,2508.0,52.32,1.34,2.92,30.0,33.0,0.06,0.06,66.87,2357.0,455.0,4.52,0.84,11.74,1268.0,312.0,2.43,0.59,14.96,373.0,117.0,0.71,0.22,19.07,4490.0,645.0,8.6,1.16,8.73,4484.0,695.0,8.59,1.27,9.42,1893.0,406.0,3.63,0.76,13.04,3091.0,523.0,5.92,0.96,10.29,6557.0,837.0,12.56,1.49,7.76,17017.0,1321.0,32.6,1.99,4.72,5544.0,868.0,10.62,1.58,9.52,2835.0,386.0,5.43,0.69,8.28,2259.0,441.0,4.33,0.82,11.87,2301.0,306.0,6.2,0.79,8.08,2179.0,344.0,5.87,0.9,9.6,2543.0,410.0,6.85,1.08,9.8,2938.0,537.0,7.91,1.42,11.11,4057.0,559.0,10.93,1.45,8.38,6264.0,637.0,16.87,1.61,6.18,4902.0,578.0,13.2,1.48,7.17,6243.0,691.0,16.81,1.76,6.73,2927.0,490.0,7.88,1.29,10.18,2774.0,438.0,7.47,1.15,9.6,30755.0,1328.0,82.84,2.02,2.62,8921.0,729.0,24.03,1.77,4.97,4257.0,503.0,11.47,1.29,7.18,2271.0,345.0,6.12,0.9,9.23,1733.0,315.0,4.67,0.83,11.05,9166.0,837.0,24.69,2.08,5.55,88874.0,3788.0,89.47,1.1,2.59,50799.0,2703.0,51.14,1.75,3.23,43210.0,2743.0,43.5,2.11,3.86,10459.0,1431.0,10.53,1.37,8.32,45570.0,2262.0,45.67,1.3,3.02,54206.0,2556.0,54.33,1.3,2.87,5933.0,737.0,5.95,0.7,7.55,5160.0,580.0,5.17,0.54,6.83,5254.0,691.0,5.27,0.66,8.0,5353.0,755.0,5.37,0.72,8.57,6430.0,669.0,6.44,0.62,6.32,20894.0,1394.0,20.94,1.11,4.06,15393.0,1164.0,15.43,0.98,4.6,11927.0,1088.0,11.95,0.98,5.55,5692.0,675.0,5.7,0.64,7.21,5011.0,598.0,5.02,0.56,7.25,8278.0,724.0,8.3,0.64,5.32,3188.0,524.0,3.2,0.51,9.99,1263.0,243.0,1.27,0.24,11.7,19770.0,1586.0,19.81,1.37,4.88,80006.0,3195.0,80.19,4.57,2.43,12729.0,929.0,12.76,0.77,4.44,5614.0,989.0,5.63,0.96,10.71,15562.0,1219.0,15.6,1.04,4.76,65416.0,3517.0,65.56,2.3,3.27,784.0,579.0,0.79,0.58,44.89,2883.0,597.0,2.89,0.59,12.59,0.0,,0.0,,,9517.0,1421.0,9.54,1.37,9.08,14778.0,1791.0,14.81,1.69,7.37,84998.0,3749.0,85.19,1.45,2.68,13641.0,1185.0,13.67,1.05,5.28,63800.0,3463.0,63.94,2.3,3.3,206.0,268.0,0.21,0.27,79.09,2883.0,597.0,2.89,0.59,12.59,0.0,,0.0,,,742.0,361.0,0.74,0.36,29.58,3726.0,723.0,3.73,0.71,11.8
11228,11228,11228,15485.0,757.0,100,,2.97,4836.0,509.0,31.23,2.91,6.4,9677.0,658.0,21.38,1.14,4.13,803.0,219.0,8.3,2.19,16.58,573.0,154.0,5.92,1.54,16.34,3534.0,381.0,36.52,3.06,6.55,1980.0,238.0,20.46,2.03,7.31,2787.0,354.0,28.8,3.09,7.72,33350.0,1466.0,73.67,0.85,2.67,4185.0,497.0,12.55,1.38,7.22,1905.0,378.0,5.71,1.11,12.06,9335.0,929.0,27.99,2.5,6.05,12473.0,718.0,37.4,1.39,3.5,36635.0,1662.0,80.93,1.3,2.76,984.0,190.0,2.69,0.5,11.74,45121.0,1918.0,99.68,0.28,2.58,4506.0,466.0,9.99,0.94,6.29,8626.0,619.0,19.06,1.1,4.36,304.0,125.0,3.52,1.43,25.0,27705.0,1520.0,61.2,2.13,3.34,1440.0,224.0,5.2,0.76,9.46,8790.0,682.0,19.42,1.26,4.72,2762.0,367.0,31.42,3.39,8.08,44964.0,1907.0,99.33,5.96,2.58,41353.0,1807.0,91.97,0.97,2.66,3231.0,725.0,7.19,1.58,13.64,380.0,200.0,0.85,0.44,31.99,45267.0,1920.0,100,,2.58,27091.0,1375.0,59.85,1.67,3.09,25987.0,1324.0,57.41,1.62,3.1,1104.0,308.0,2.44,0.67,16.96,18176.0,1162.0,40.15,1.92,3.89,11887.0,756.0,65.4,5.9,3.87,6289.0,786.0,34.6,3.72,7.6,4192.0,524.0,23.06,2.48,7.6,10811.0,979.0,59.48,3.81,5.5,916.0,426.0,5.04,2.32,28.27,6.0,9.0,0.03,0.05,91.19,2171.0,556.0,11.94,2.96,15.57,80.0,49.0,0.44,0.27,37.23,42581.0,1805.0,94.07,5.64,2.58,18668.0,1015.0,43.84,1.49,3.31,12251.0,1029.0,28.77,2.09,5.11,3518.0,828.0,8.26,1.91,14.31,14408.0,782.0,93.04,2.19,3.3,14151.0,779.0,91.39,2.31,3.35,37509.0,1677.0,82.86,1.17,2.72,22158.0,1207.0,59.07,1.84,3.31,20814.0,1094.0,55.49,1.53,3.2,1338.0,329.0,3.57,0.86,14.95,6.0,10.0,0.02,0.03,101.32,15351.0,989.0,40.93,1.9,3.92,,,6.04,1.45,14.95,19995.0,1070.0,44.17,1.44,3.25,6242.0,511.0,31.22,1.93,4.98,1392.0,333.0,6.96,1.62,14.54,8273.0,704.0,41.38,2.74,5.17,1293.0,245.0,6.47,1.18,11.52,2227.0,394.0,11.14,1.88,10.75,20814.0,1094.0,45.98,1.43,3.2,0.0,,0.0,,,1952.0,443.0,9.38,2.07,13.8,767.0,157.0,3.69,0.73,12.44,507.0,140.0,2.44,0.66,16.79,1790.0,376.0,8.6,1.75,12.77,1300.0,205.0,6.25,0.93,9.59,457.0,119.0,2.2,0.56,15.83,1679.0,297.0,8.07,1.36,10.75,2225.0,354.0,10.69,1.61,9.67,6457.0,550.0,31.02,2.08,5.18,1813.0,297.0,8.71,1.35,9.96,951.0,185.0,4.57,0.86,11.83,916.0,228.0,4.4,1.07,15.13,598.0,170.0,3.86,1.08,17.28,448.0,140.0,2.89,0.89,19.0,1404.0,358.0,9.07,2.27,15.5,1482.0,454.0,9.57,2.89,18.62,1535.0,271.0,9.91,1.68,10.73,2138.0,251.0,13.81,1.47,7.14,1516.0,278.0,9.79,1.73,11.15,2479.0,254.0,16.01,1.44,6.23,1740.0,255.0,11.24,1.55,8.91,2145.0,240.0,13.85,1.39,6.8,12073.0,723.0,77.97,2.7,3.64,5351.0,419.0,34.56,2.11,4.76,3652.0,459.0,23.58,2.73,7.64,800.0,131.0,5.17,0.81,9.95,408.0,146.0,2.63,0.93,21.75,1875.0,242.0,12.11,1.45,7.85,42578.0,1784.0,94.36,5.63,2.55,28492.0,1337.0,63.15,1.26,2.85,19258.0,1353.0,42.68,2.39,4.27,2543.0,584.0,5.64,1.27,13.96,22531.0,1158.0,49.77,1.44,3.12,22736.0,1162.0,50.23,1.43,3.11,2686.0,362.0,5.93,0.76,8.19,2264.0,306.0,5.0,0.64,8.22,2269.0,283.0,5.01,0.59,7.58,2343.0,287.0,5.18,0.59,7.45,2355.0,356.0,5.2,0.75,9.19,6256.0,719.0,13.82,1.48,6.99,5664.0,509.0,12.51,0.99,5.46,6188.0,644.0,13.67,1.3,6.33,3152.0,417.0,6.96,0.87,8.04,3168.0,430.0,7.0,0.9,8.25,4898.0,504.0,10.82,1.01,6.26,2810.0,363.0,6.21,0.76,7.85,1214.0,227.0,2.68,0.49,11.37,8626.0,619.0,19.06,1.1,4.36,36641.0,1662.0,80.94,1.3,2.76,8922.0,678.0,19.71,1.24,4.62,1647.0,411.0,3.64,0.89,15.17,25185.0,1414.0,55.64,2.05,3.41,502.0,231.0,1.11,0.51,27.97,156.0,191.0,0.34,0.42,74.43,15319.0,1353.0,33.84,2.62,5.37,0.0,,0.0,,,2458.0,749.0,5.43,1.64,18.52,5652.0,1070.0,12.49,2.3,11.51,39615.0,1709.0,87.51,0.69,2.62,23152.0,1356.0,51.15,2.07,3.56,440.0,224.0,0.97,0.49,30.95,31.0,46.0,0.07,0.1,90.2,15237.0,1336.0,33.66,2.58,5.33,0.0,,0.0,,,15.0,17.0,0.03,0.04,68.9,740.0,271.0,1.63,0.59,22.26
11229,11229,11229,31057.0,923.0,100,,1.81,9223.0,636.0,29.7,1.85,4.19,21190.0,1433.0,24.77,1.47,4.11,1403.0,297.0,6.62,1.33,12.87,1163.0,265.0,5.49,1.19,13.85,9103.0,871.0,42.96,2.91,5.82,3836.0,598.0,18.1,2.54,9.48,5685.0,641.0,26.83,2.42,6.85,59927.0,1656.0,70.06,2.98,1.68,5191.0,580.0,8.66,0.94,6.79,2641.0,379.0,4.41,0.62,8.72,16749.0,1073.0,27.95,1.62,3.89,23988.0,1279.0,40.03,1.83,3.24,65981.0,1861.0,77.14,3.31,1.71,1202.0,244.0,1.82,0.37,12.34,85345.0,2756.0,99.77,4.56,1.96,8230.0,643.0,9.64,0.69,4.75,19542.0,1461.0,22.85,1.54,4.54,348.0,114.0,1.78,0.57,19.91,49494.0,1823.0,57.86,1.02,2.24,2637.0,347.0,5.33,0.67,8.0,16309.0,804.0,19.07,0.71,3.0,5245.0,552.0,32.16,2.99,6.4,84713.0,2760.0,99.04,0.35,1.98,79261.0,2739.0,93.56,1.08,2.1,4766.0,758.0,5.63,0.88,9.67,686.0,263.0,0.81,0.31,23.31,85538.0,2770.0,100,,1.97,46295.0,1972.0,54.12,1.5,2.59,44528.0,1979.0,52.06,1.58,2.7,1767.0,404.0,2.07,0.47,13.9,39243.0,1692.0,45.88,1.31,2.62,27073.0,1240.0,68.99,1.07,2.78,12170.0,1171.0,31.01,2.67,5.85,14726.0,1056.0,37.53,2.15,4.36,19822.0,1321.0,50.51,2.57,4.05,687.0,280.0,1.75,0.71,24.78,31.0,46.0,0.08,0.12,90.2,3731.0,767.0,9.51,1.91,12.5,246.0,125.0,0.63,0.32,30.89,80302.0,2576.0,93.88,4.28,1.95,33335.0,1743.0,41.51,1.71,3.18,25555.0,1399.0,31.82,1.41,3.33,4688.0,954.0,5.84,1.17,12.37,27917.0,899.0,89.89,1.11,1.96,26919.0,919.0,86.68,1.46,2.08,67993.0,2015.0,79.49,3.49,1.8,39937.0,1417.0,58.74,1.15,2.16,37956.0,1399.0,55.82,1.22,2.24,1976.0,303.0,2.91,0.44,9.32,5.0,8.0,0.01,0.01,97.26,28056.0,1303.0,41.26,1.48,2.82,,,4.95,0.74,9.32,36994.0,1354.0,43.25,0.74,2.22,10715.0,613.0,28.96,1.27,3.48,2116.0,366.0,5.72,0.97,10.51,16622.0,1055.0,44.93,2.33,3.86,2669.0,421.0,7.21,1.11,9.59,3920.0,529.0,10.6,1.38,8.2,37956.0,1399.0,44.37,0.78,2.24,23.0,22.0,0.06,0.06,58.15,2236.0,377.0,5.89,0.97,10.25,1202.0,270.0,3.17,0.7,13.66,1561.0,269.0,4.11,0.69,10.48,3648.0,559.0,9.61,1.43,9.32,2849.0,363.0,7.51,0.92,7.75,1198.0,200.0,3.16,0.51,10.15,3386.0,336.0,8.92,0.82,6.03,4361.0,441.0,11.49,1.08,6.15,11588.0,701.0,30.53,1.46,3.68,2801.0,456.0,7.38,1.17,9.9,1509.0,229.0,3.98,0.59,9.23,1594.0,263.0,4.2,0.68,10.03,1691.0,268.0,5.44,0.85,9.63,2159.0,390.0,6.95,1.24,10.98,2822.0,397.0,9.09,1.25,8.55,2325.0,350.0,7.49,1.1,9.15,3135.0,528.0,10.09,1.67,10.24,4327.0,506.0,13.93,1.58,7.11,3577.0,424.0,11.52,1.32,7.21,5157.0,456.0,16.6,1.38,5.38,2648.0,355.0,8.53,1.11,8.15,3216.0,362.0,10.36,1.12,6.84,22955.0,814.0,73.91,1.43,2.16,10083.0,597.0,32.47,1.66,3.6,5430.0,485.0,17.48,1.47,5.43,2597.0,362.0,8.36,1.14,8.47,1339.0,246.0,4.31,0.78,11.17,5816.0,571.0,18.73,1.75,5.97,80757.0,2682.0,94.62,0.73,2.02,51568.0,2625.0,60.42,2.38,3.09,37555.0,1741.0,44.0,1.46,2.82,4588.0,769.0,5.38,0.88,10.19,41469.0,1581.0,48.48,0.98,2.32,44069.0,1637.0,51.52,0.94,2.26,5236.0,524.0,6.12,0.58,6.08,5474.0,559.0,6.4,0.62,6.21,5996.0,734.0,7.01,0.83,7.44,4660.0,598.0,5.45,0.68,7.8,4245.0,435.0,4.96,0.48,6.23,11016.0,836.0,12.88,0.88,4.61,10194.0,807.0,11.92,0.86,4.81,10158.0,731.0,11.88,0.76,4.37,5666.0,584.0,6.62,0.65,6.27,6452.0,639.0,7.54,0.71,6.02,10079.0,649.0,11.78,0.66,3.91,4358.0,476.0,5.09,0.53,6.64,2004.0,403.0,2.34,0.46,12.22,19552.0,1463.0,22.86,1.54,4.55,65986.0,1862.0,77.14,3.31,1.72,16441.0,802.0,19.22,0.7,2.97,3148.0,750.0,3.68,0.87,14.48,53999.0,2277.0,63.13,1.7,2.56,5020.0,1011.0,5.87,1.17,12.24,333.0,358.0,0.39,0.42,65.35,20037.0,1359.0,23.42,1.4,4.12,42.0,67.0,0.05,0.08,96.97,2959.0,940.0,3.46,1.09,19.31,7834.0,1293.0,9.16,1.48,10.03,77704.0,2651.0,90.84,0.98,2.07,50725.0,2250.0,59.3,1.8,2.7,4632.0,985.0,5.42,1.14,12.93,72.0,68.0,0.08,0.08,57.41,19812.0,1338.0,23.16,1.37,4.11,42.0,67.0,0.05,0.08,96.97,192.0,130.0,0.22,0.15,41.16,2229.0,586.0,2.61,0.68,15.98
11230,11230,11230,31670.0,887.0,100,,1.7,10238.0,707.0,32.33,2.04,4.2,25965.0,1593.0,28.29,1.46,3.73,1668.0,441.0,6.42,1.65,16.07,1800.0,322.0,6.93,1.16,10.87,9843.0,951.0,37.91,2.83,5.87,5385.0,542.0,20.74,1.65,6.12,7269.0,520.0,28.0,1.03,4.35,59508.0,1939.0,64.83,3.02,1.98,4980.0,671.0,8.37,1.09,8.19,4813.0,802.0,8.09,1.32,10.13,12583.0,861.0,21.15,1.27,4.16,25767.0,1423.0,43.3,1.93,3.36,66510.0,1977.0,72.46,3.23,1.81,878.0,211.0,1.32,0.31,14.61,91579.0,3061.0,99.77,0.29,2.03,11461.0,845.0,12.51,0.82,4.48,25265.0,1770.0,27.53,1.7,4.26,326.0,138.0,1.29,0.54,25.73,51001.0,1752.0,55.56,0.47,2.09,4250.0,532.0,8.33,1.0,7.61,15313.0,1038.0,16.68,0.99,4.12,6885.0,696.0,44.96,3.37,6.15,89988.0,2976.0,98.04,4.6,2.01,82293.0,2819.0,91.45,0.82,2.08,7098.0,1183.0,7.89,1.29,10.13,597.0,252.0,0.66,0.28,25.66,91789.0,3056.0,100,,2.02,54596.0,2622.0,59.48,2.06,2.92,52027.0,2586.0,56.68,2.09,3.02,2569.0,584.0,2.8,0.63,13.82,37193.0,1854.0,40.52,1.5,3.03,23097.0,1187.0,62.1,0.78,3.12,14096.0,1254.0,37.9,2.79,5.41,12500.0,1156.0,33.61,2.62,5.62,16637.0,1587.0,44.73,3.64,5.8,788.0,300.0,2.12,0.8,23.14,38.0,31.0,0.1,0.08,49.59,7128.0,996.0,19.16,2.5,8.49,102.0,57.0,0.27,0.15,33.97,83356.0,2682.0,90.81,4.2,1.96,37850.0,2017.0,45.41,1.93,3.24,24384.0,1697.0,29.25,1.81,4.23,7115.0,1087.0,8.54,1.27,9.29,27307.0,877.0,86.22,1.36,1.95,25963.0,914.0,81.98,1.75,2.14,69179.0,2058.0,75.37,3.37,1.81,40940.0,1453.0,59.18,1.15,2.16,38361.0,1476.0,55.45,1.35,2.34,2579.0,378.0,3.73,0.54,8.91,0.0,,0.0,,,28239.0,1204.0,40.82,1.25,2.59,,,6.3,0.9,8.91,37225.0,1434.0,40.55,0.79,2.34,9110.0,853.0,24.47,2.09,5.69,2473.0,456.0,6.64,1.2,11.21,16287.0,979.0,43.75,2.02,3.65,4233.0,475.0,11.37,1.2,6.82,3647.0,453.0,9.8,1.16,7.55,38361.0,1476.0,41.79,0.81,2.34,68.0,44.0,0.18,0.11,39.33,1914.0,400.0,4.99,1.02,12.7,1430.0,329.0,3.73,0.85,13.99,1194.0,231.0,3.11,0.59,11.76,3608.0,568.0,9.41,1.44,9.57,3216.0,486.0,8.38,1.23,9.19,1146.0,335.0,2.99,0.87,17.77,2774.0,349.0,7.23,0.87,7.65,3875.0,437.0,10.1,1.07,6.86,13375.0,773.0,34.87,1.5,3.51,2961.0,477.0,7.72,1.21,9.79,1621.0,287.0,4.23,0.73,10.76,1179.0,239.0,3.07,0.61,12.32,2364.0,350.0,7.46,1.09,9.0,2511.0,359.0,7.93,1.11,8.69,2999.0,420.0,9.47,1.3,8.51,2684.0,366.0,8.47,1.13,8.29,3385.0,429.0,10.69,1.32,7.7,4434.0,472.0,14.0,1.44,6.47,3993.0,441.0,12.61,1.35,6.71,4352.0,524.0,13.74,1.61,7.32,1931.0,362.0,6.1,1.13,11.4,3017.0,374.0,9.53,1.15,7.54,23746.0,768.0,74.98,1.21,1.97,9295.0,699.0,29.35,2.05,4.57,4177.0,401.0,13.19,1.21,5.84,3618.0,457.0,11.42,1.41,7.68,1440.0,367.0,4.55,1.15,15.49,7531.0,686.0,23.78,2.06,5.54,84609.0,2937.0,92.39,0.87,2.11,42969.0,2157.0,46.92,1.76,3.05,49638.0,2471.0,54.2,2.0,3.03,6970.0,1095.0,7.61,1.17,9.55,45750.0,1956.0,49.84,1.34,2.6,46039.0,1589.0,50.16,0.46,2.1,8433.0,921.0,9.19,0.96,6.64,6360.0,757.0,6.93,0.79,7.24,6430.0,735.0,7.01,0.77,6.95,6067.0,503.0,6.61,0.5,5.04,4991.0,461.0,5.44,0.47,5.61,13375.0,1184.0,14.57,1.2,5.38,10312.0,907.0,11.23,0.91,5.35,10117.0,725.0,11.02,0.7,4.36,4836.0,568.0,5.27,0.59,7.14,5414.0,589.0,5.9,0.61,6.61,9502.0,814.0,10.35,0.82,5.21,3716.0,416.0,4.05,0.43,6.81,2236.0,431.0,2.44,0.46,11.72,25279.0,1771.0,27.54,1.7,4.26,66510.0,1977.0,72.46,3.23,1.81,15454.0,1041.0,16.84,0.99,4.09,3979.0,1034.0,4.33,1.12,15.8,60925.0,2674.0,66.38,1.9,2.67,7397.0,982.0,8.06,1.04,8.07,295.0,362.0,0.32,0.39,74.6,14024.0,1632.0,15.28,1.7,7.07,36.0,47.0,0.04,0.05,79.37,5133.0,1001.0,5.59,1.07,11.85,10037.0,1439.0,10.93,1.52,8.72,81752.0,2970.0,89.07,1.29,2.21,57258.0,2577.0,62.38,1.89,2.74,6847.0,957.0,7.46,1.01,8.5,0.0,,0.0,,,13971.0,1633.0,15.22,1.71,7.11,36.0,47.0,0.04,0.05,79.37,1114.0,495.0,1.21,0.54,27.01,2526.0,669.0,2.75,0.72,16.1
11231,11231,11231,16738.0,722.0,100,,2.62,5652.0,536.0,33.77,2.85,5.76,9297.0,989.0,23.06,2.08,6.47,1179.0,442.0,12.68,4.56,22.79,632.0,214.0,6.8,2.19,20.58,3873.0,569.0,41.66,4.22,8.93,1663.0,349.0,17.89,3.24,12.76,1950.0,517.0,20.97,5.09,16.12,28408.0,1398.0,70.47,5.27,2.99,1168.0,323.0,4.11,1.12,16.81,1304.0,445.0,4.59,1.55,20.75,3203.0,549.0,11.27,1.85,10.42,19480.0,1141.0,68.57,2.18,3.56,30240.0,1562.0,75.02,5.73,3.14,355.0,121.0,1.17,0.4,20.72,40301.0,2266.0,99.98,0.13,3.42,2939.0,391.0,7.29,0.88,8.09,10063.0,1145.0,24.96,2.47,6.92,181.0,117.0,1.8,1.14,39.3,26611.0,1549.0,66.01,1.0,3.54,1908.0,354.0,7.17,1.26,11.28,3627.0,456.0,9.0,1.01,7.64,850.0,189.0,23.44,4.3,13.52,39518.0,2221.0,98.03,7.79,3.42,35028.0,2240.0,88.64,2.7,3.89,4120.0,794.0,10.43,1.92,11.72,370.0,189.0,0.94,0.48,31.05,40311.0,2266.0,100,,3.42,33488.0,2076.0,83.07,2.17,3.77,32385.0,2034.0,80.34,2.25,3.82,1103.0,261.0,2.74,0.63,14.38,6823.0,1059.0,16.93,2.45,9.44,3542.0,720.0,51.91,6.81,12.36,3281.0,731.0,48.09,7.69,13.54,2096.0,439.0,30.72,4.32,12.73,1287.0,394.0,18.86,4.98,18.61,486.0,281.0,7.12,3.97,35.15,159.0,112.0,2.33,1.6,42.82,2487.0,828.0,36.45,10.74,20.24,308.0,114.0,4.51,1.52,22.5,36561.0,2011.0,90.7,7.13,3.34,28092.0,1842.0,76.84,2.74,3.99,2675.0,503.0,7.32,1.32,11.43,3838.0,643.0,10.5,1.66,10.18,15822.0,742.0,94.53,1.74,2.85,15123.0,756.0,90.35,2.28,3.04,31079.0,1585.0,77.1,5.85,3.1,23409.0,1465.0,75.32,2.73,3.8,21560.0,1358.0,69.37,2.56,3.83,1849.0,475.0,5.95,1.5,15.62,0.0,,0.0,,,7670.0,780.0,24.68,2.17,6.18,,,7.9,1.97,15.62,20907.0,1390.0,51.86,1.84,4.04,1526.0,341.0,7.3,1.56,13.58,449.0,177.0,2.15,0.83,23.96,9675.0,754.0,46.28,1.88,4.74,3069.0,903.0,14.68,4.21,17.89,4438.0,614.0,21.23,2.58,8.41,21560.0,1358.0,53.48,1.52,3.83,37.0,32.0,0.17,0.15,52.58,292.0,117.0,1.35,0.54,24.36,593.0,201.0,2.75,0.92,20.61,502.0,441.0,2.33,2.04,53.4,1485.0,430.0,6.89,1.95,17.6,536.0,238.0,2.49,1.09,26.99,2257.0,375.0,10.47,1.61,10.1,2415.0,563.0,11.2,2.51,14.17,5382.0,716.0,24.96,2.93,8.09,4676.0,576.0,21.69,2.3,7.49,1762.0,325.0,8.17,1.42,11.21,824.0,238.0,3.82,1.08,17.56,799.0,345.0,3.71,1.58,26.25,1431.0,342.0,8.55,2.01,14.53,890.0,262.0,5.32,1.55,17.9,716.0,236.0,4.28,1.4,20.04,619.0,184.0,3.7,1.09,18.07,1102.0,358.0,6.58,2.12,19.75,1328.0,331.0,7.93,1.95,15.15,1350.0,299.0,8.07,1.75,13.46,2207.0,363.0,13.19,2.09,10.0,2181.0,374.0,13.03,2.16,10.42,4914.0,573.0,29.36,3.18,7.09,14012.0,731.0,83.71,2.46,3.17,2792.0,317.0,16.68,1.75,6.9,1937.0,410.0,11.57,2.4,12.87,848.0,254.0,5.07,1.5,18.21,782.0,294.0,4.67,1.74,22.85,2515.0,340.0,15.03,1.93,8.22,38434.0,2154.0,95.37,7.57,3.41,30152.0,1977.0,74.82,2.52,3.99,10453.0,1084.0,25.94,2.26,6.3,1867.0,551.0,4.63,1.34,17.94,18981.0,1025.0,47.09,3.67,3.28,21330.0,1589.0,52.91,2.59,4.53,3750.0,706.0,9.3,1.67,11.44,2988.0,668.0,7.41,1.6,13.59,2165.0,398.0,5.37,0.94,11.18,1548.0,335.0,3.84,0.8,13.16,1452.0,418.0,3.6,1.02,17.5,6647.0,771.0,16.49,1.67,7.05,8302.0,961.0,20.59,2.08,7.04,5865.0,895.0,14.55,2.06,9.28,2103.0,461.0,5.22,1.11,13.33,1864.0,374.0,4.62,0.89,12.2,2117.0,299.0,5.25,0.68,8.59,1289.0,393.0,3.2,0.96,18.53,221.0,100.0,0.55,0.25,27.51,10071.0,1146.0,24.98,2.47,6.92,30240.0,1562.0,75.02,5.73,3.14,3627.0,456.0,9.0,1.01,7.64,3292.0,609.0,8.17,1.44,11.25,26885.0,1843.0,66.69,2.62,4.17,5324.0,1147.0,13.21,2.75,13.1,183.0,147.0,0.45,0.36,48.83,2029.0,439.0,5.03,1.05,13.15,653.0,496.0,1.62,1.23,46.17,1945.0,886.0,4.82,2.18,27.69,6437.0,1207.0,15.97,2.86,11.4,33874.0,1982.0,84.03,1.36,3.56,24312.0,1713.0,60.31,2.56,4.28,4577.0,1091.0,11.35,2.63,14.49,64.0,94.0,0.16,0.23,89.29,1960.0,436.0,4.86,1.05,13.52,653.0,496.0,1.62,1.23,46.17,271.0,187.0,0.67,0.46,41.95,2037.0,444.0,5.05,1.06,13.25
11232,11232,11232,9207.0,591.0,100,,3.9,2807.0,320.0,30.49,2.87,6.93,6233.0,830.0,21.87,2.55,8.09,542.0,208.0,8.7,3.13,23.33,272.0,132.0,4.36,2.04,29.5,2840.0,493.0,45.56,5.07,10.55,1101.0,290.0,17.66,4.01,16.01,1478.0,367.0,23.71,4.97,15.09,20493.0,1339.0,71.9,0.77,3.97,3583.0,629.0,17.48,2.85,10.67,2962.0,452.0,14.45,1.99,9.28,3981.0,549.0,19.43,2.36,8.38,6693.0,797.0,32.66,3.25,7.24,22561.0,1463.0,79.16,0.56,3.94,290.0,116.0,1.29,0.51,24.32,26480.0,1789.0,92.91,1.88,4.11,2334.0,397.0,8.81,1.38,10.34,5940.0,757.0,20.84,2.29,7.75,124.0,87.0,2.09,1.44,42.65,18264.0,1343.0,64.08,2.27,4.47,1394.0,321.0,7.63,1.67,14.0,2276.0,349.0,7.99,1.11,9.32,816.0,215.0,35.85,7.68,16.02,28149.0,1842.0,98.76,1.12,3.98,24962.0,1934.0,88.68,3.68,4.71,2999.0,735.0,10.65,2.52,14.9,188.0,108.0,0.67,0.38,34.92,28501.0,1837.0,100,,3.92,17704.0,1249.0,62.12,1.78,4.29,16607.0,1243.0,58.27,2.22,4.55,1097.0,278.0,3.85,0.94,15.41,10797.0,1215.0,37.88,3.49,6.84,4306.0,625.0,39.88,3.66,8.82,6491.0,955.0,60.12,5.7,8.94,536.0,160.0,4.96,1.37,18.15,3365.0,524.0,31.17,3.35,9.47,204.0,134.0,1.89,1.22,39.93,0.0,,0.0,,,6632.0,1067.0,61.42,7.06,9.78,60.0,54.0,0.56,0.5,54.71,26769.0,1815.0,93.92,1.98,4.12,10745.0,1109.0,40.14,3.12,6.27,9108.0,1113.0,34.02,3.46,7.43,11142.0,1435.0,41.62,4.56,7.83,8683.0,596.0,94.31,2.29,4.17,8137.0,603.0,88.38,3.27,4.5,23134.0,1477.0,81.17,7.36,3.88,15271.0,1203.0,66.01,3.05,4.79,14335.0,1183.0,61.97,3.24,5.02,936.0,207.0,4.05,0.86,13.44,0.0,,0.0,,,7863.0,821.0,33.99,2.81,6.35,,,6.13,1.27,13.44,13764.0,1194.0,48.29,2.8,5.27,1781.0,431.0,12.94,2.92,14.71,970.0,263.0,7.05,1.81,16.48,7567.0,772.0,54.98,2.95,6.2,1382.0,313.0,10.04,2.1,13.77,1381.0,392.0,10.03,2.71,17.26,14335.0,1183.0,50.3,2.59,5.02,0.0,,0.0,,,984.0,251.0,6.86,1.66,15.51,791.0,270.0,5.52,1.83,20.75,320.0,138.0,2.23,0.94,26.22,1188.0,317.0,8.29,2.1,16.22,503.0,199.0,3.51,1.36,24.05,746.0,185.0,5.2,1.22,15.08,778.0,199.0,5.43,1.31,15.55,1850.0,371.0,12.91,2.36,12.19,3246.0,504.0,22.64,2.98,9.44,2432.0,450.0,16.97,2.81,11.25,983.0,250.0,6.86,1.65,15.46,514.0,231.0,3.59,1.58,27.32,356.0,105.0,3.87,1.11,17.93,384.0,149.0,4.17,1.6,23.59,663.0,256.0,7.2,2.74,23.47,918.0,278.0,9.97,2.95,18.41,1060.0,220.0,11.51,2.27,12.62,1151.0,239.0,12.5,2.47,12.62,1122.0,278.0,12.19,2.92,15.06,1585.0,307.0,17.22,3.15,11.77,776.0,218.0,8.43,2.31,17.08,1192.0,363.0,12.95,3.85,18.51,8113.0,546.0,88.12,1.78,4.09,1757.0,324.0,19.08,3.3,11.21,962.0,256.0,10.45,2.7,16.18,693.0,190.0,7.53,2.01,16.67,521.0,187.0,5.66,2.0,21.82,1619.0,334.0,17.58,3.45,12.54,23170.0,1530.0,87.5,8.27,4.01,14074.0,1087.0,53.15,1.99,4.7,10955.0,1302.0,41.37,4.05,7.22,3310.0,681.0,12.5,2.43,12.51,15623.0,1139.0,54.82,1.87,4.43,12878.0,985.0,45.18,1.86,4.65,1732.0,414.0,6.08,1.4,14.53,1875.0,401.0,6.58,1.34,13.0,1607.0,315.0,5.64,1.04,11.92,1271.0,305.0,4.46,1.03,14.59,1523.0,320.0,5.34,1.07,12.77,6357.0,710.0,22.3,2.03,6.79,5145.0,681.0,18.05,2.09,8.05,3880.0,553.0,13.61,1.73,8.66,1658.0,305.0,5.82,1.0,11.18,1161.0,273.0,4.07,0.92,14.29,1572.0,344.0,5.52,1.15,13.3,547.0,174.0,1.92,0.6,19.34,173.0,86.0,0.61,0.3,30.22,5940.0,757.0,20.84,2.29,7.75,22561.0,1463.0,79.16,0.56,3.94,2292.0,352.0,8.04,1.12,9.34,2485.0,610.0,8.72,2.07,14.92,11831.0,1084.0,41.51,2.7,5.57,2299.0,500.0,8.07,1.68,13.22,539.0,281.0,1.89,0.98,31.69,4604.0,670.0,16.15,2.11,8.85,19.0,34.0,0.07,0.12,108.78,6724.0,1443.0,23.59,4.83,13.05,14318.0,1652.0,50.24,4.81,7.01,14183.0,1065.0,49.76,1.92,4.56,6499.0,764.0,22.8,2.24,7.15,1942.0,480.0,6.81,1.63,15.03,19.0,33.0,0.07,0.12,105.58,4604.0,670.0,16.15,2.11,8.85,19.0,34.0,0.07,0.12,108.78,61.0,70.0,0.21,0.25,69.76,1039.0,424.0,3.65,1.47,24.81
11233,11233,11233,32147.0,887.0,100,,1.68,9995.0,664.0,31.09,1.88,4.04,20159.0,1437.0,23.54,1.5,4.33,2163.0,441.0,10.73,2.05,12.39,945.0,301.0,4.69,1.46,19.36,8447.0,950.0,41.9,3.65,6.84,3688.0,526.0,18.29,2.26,8.67,4916.0,616.0,24.39,2.51,7.62,58578.0,1881.0,68.41,3.11,1.95,3316.0,510.0,5.66,0.85,9.35,5370.0,763.0,9.17,1.27,8.64,19364.0,1490.0,33.06,2.31,4.68,17660.0,1202.0,30.15,1.81,4.14,65903.0,2131.0,76.96,0.2,1.97,1445.0,316.0,2.19,0.47,13.29,85340.0,2740.0,99.66,4.53,1.95,9799.0,839.0,11.48,0.91,5.2,19694.0,1323.0,23.0,1.36,4.08,299.0,122.0,1.52,0.61,24.8,56079.0,1967.0,65.49,0.91,2.13,5490.0,634.0,9.79,1.08,7.02,9567.0,808.0,11.17,0.87,5.13,4010.0,551.0,41.91,4.54,8.35,84262.0,2619.0,98.4,4.41,1.89,78283.0,2498.0,92.9,0.67,1.94,5561.0,804.0,6.6,0.93,8.79,418.0,209.0,0.5,0.25,30.4,85633.0,2760.0,100,,1.96,64989.0,2779.0,75.89,2.13,2.6,63114.0,2790.0,73.7,2.23,2.69,1875.0,410.0,2.19,0.47,13.29,20644.0,1782.0,24.11,1.93,5.25,12543.0,1183.0,60.76,2.31,5.73,8101.0,1234.0,39.24,4.93,9.26,1102.0,321.0,5.34,1.49,17.71,1459.0,637.0,7.07,3.02,26.54,1733.0,543.0,8.39,2.53,19.05,134.0,78.0,0.65,0.37,35.39,15904.0,1563.0,77.04,3.62,5.97,312.0,159.0,1.51,0.76,30.98,79004.0,2577.0,92.26,0.46,1.98,63432.0,2726.0,80.29,2.25,2.61,4340.0,884.0,5.49,1.1,12.38,9488.0,1462.0,12.01,1.81,9.37,30368.0,881.0,94.47,0.85,1.76,26078.0,987.0,81.12,2.1,2.3,68099.0,2201.0,79.52,0.19,1.96,40439.0,1810.0,59.38,1.84,2.72,38010.0,1716.0,55.82,1.76,2.74,2400.0,499.0,3.52,0.72,12.64,29.0,32.0,0.04,0.05,67.08,27660.0,1904.0,40.62,2.47,4.18,,,5.93,1.21,12.64,37411.0,1696.0,43.69,1.39,2.76,6039.0,627.0,16.14,1.51,6.31,596.0,200.0,1.59,0.53,20.4,24945.0,1475.0,66.68,2.53,3.59,1335.0,310.0,3.57,0.81,14.12,3388.0,577.0,9.06,1.49,10.35,38010.0,1716.0,44.39,1.4,2.74,18.0,29.0,0.05,0.08,97.94,1787.0,522.0,4.7,1.36,17.76,781.0,214.0,2.05,0.56,16.66,384.0,197.0,1.01,0.52,31.19,3352.0,613.0,8.82,1.56,11.12,3169.0,464.0,8.34,1.16,8.9,2024.0,364.0,5.32,0.93,10.93,2125.0,413.0,5.59,1.06,11.81,5063.0,691.0,13.32,1.72,8.3,11501.0,1037.0,30.26,2.36,5.48,3355.0,568.0,8.83,1.44,10.29,2174.0,428.0,5.72,1.1,11.97,2277.0,455.0,5.99,1.17,12.15,4505.0,551.0,14.01,1.67,7.44,2098.0,469.0,6.53,1.45,13.59,2560.0,404.0,7.96,1.24,9.59,2573.0,466.0,8.0,1.43,11.01,3715.0,583.0,11.56,1.79,9.54,4486.0,588.0,13.95,1.79,7.97,3659.0,400.0,11.38,1.2,6.65,4321.0,684.0,13.44,2.1,9.62,2033.0,351.0,6.32,1.08,10.5,2197.0,320.0,6.83,0.98,8.85,24084.0,849.0,74.92,1.64,2.14,7581.0,684.0,23.58,2.03,5.48,4873.0,711.0,15.16,2.17,8.87,3012.0,405.0,9.37,1.23,8.17,2388.0,437.0,7.43,1.34,11.12,8615.0,680.0,26.8,1.98,4.8,79487.0,2627.0,93.14,0.73,2.01,46854.0,2702.0,54.9,2.63,3.51,37932.0,2387.0,44.45,2.41,3.83,5853.0,1014.0,6.86,1.17,10.53,39380.0,1950.0,45.99,1.73,3.01,46253.0,1731.0,54.01,1.03,2.28,6629.0,685.0,7.74,0.76,6.28,5591.0,733.0,6.53,0.83,7.97,4421.0,572.0,5.16,0.65,7.87,4516.0,708.0,5.27,0.81,9.53,5898.0,725.0,6.89,0.82,7.47,17034.0,1210.0,19.89,1.26,4.32,11251.0,913.0,13.14,0.98,4.93,10749.0,919.0,12.55,0.99,5.2,5043.0,678.0,5.89,0.77,8.17,4733.0,617.0,5.53,0.7,7.92,5880.0,703.0,6.87,0.79,7.27,2700.0,407.0,3.15,0.46,9.16,1188.0,336.0,1.39,0.39,17.19,19701.0,1323.0,23.01,1.36,4.08,65932.0,2128.0,76.99,0.13,1.96,9768.0,803.0,11.41,0.86,5.0,3809.0,771.0,4.45,0.89,12.3,11760.0,1507.0,13.73,1.7,7.79,61404.0,2826.0,71.71,2.36,2.8,339.0,203.0,0.4,0.24,36.4,1193.0,420.0,1.39,0.49,21.4,21.0,34.0,0.02,0.04,98.42,7107.0,1444.0,8.3,1.66,12.35,13657.0,1749.0,15.95,1.98,7.79,71976.0,2715.0,84.05,1.65,2.29,9793.0,1353.0,11.44,1.54,8.4,57952.0,3001.0,67.67,2.74,3.15,294.0,190.0,0.34,0.22,39.29,1154.0,419.0,1.35,0.49,22.07,21.0,34.0,0.02,0.04,98.42,184.0,107.0,0.21,0.12,35.35,2578.0,646.0,3.01,0.75,15.23
11234,11234,11234,32645.0,839.0,100,,1.56,10168.0,561.0,31.15,1.52,3.35,24209.0,1353.0,25.68,1.24,3.4,1435.0,282.0,5.93,1.12,11.95,1174.0,330.0,4.85,1.34,17.09,9435.0,870.0,38.97,2.86,5.61,5053.0,528.0,20.87,1.84,6.35,7112.0,468.0,29.38,1.02,4.0,66481.0,1880.0,70.53,0.32,1.72,3924.0,605.0,5.9,0.89,9.37,3673.0,418.0,5.52,0.61,6.92,19440.0,1158.0,29.24,1.53,3.62,24099.0,1160.0,36.25,1.41,2.93,73378.0,1969.0,77.85,3.01,1.63,1947.0,299.0,2.65,0.4,9.34,94193.0,2639.0,99.94,0.24,1.7,9217.0,863.0,9.79,0.87,5.69,20843.0,1483.0,22.11,1.45,4.33,335.0,132.0,1.61,0.62,23.95,55252.0,1748.0,58.62,0.87,1.92,3697.0,393.0,6.69,0.68,6.46,18098.0,1112.0,19.2,1.05,3.74,5185.0,650.0,28.65,3.13,7.62,93450.0,2571.0,99.15,3.89,1.67,88996.0,2563.0,95.23,0.81,1.75,4285.0,855.0,4.59,0.91,12.13,169.0,108.0,0.18,0.12,38.85,94254.0,2631.0,100,,1.7,59044.0,2197.0,62.64,1.54,2.26,56817.0,2153.0,60.28,1.54,2.3,2227.0,390.0,2.36,0.41,10.65,35210.0,1305.0,37.36,0.91,2.25,26259.0,1133.0,74.58,1.65,2.62,8951.0,818.0,25.42,2.12,5.56,4988.0,601.0,14.17,1.62,7.32,7203.0,925.0,20.46,2.52,7.81,962.0,243.0,2.73,0.68,15.36,17.0,18.0,0.05,0.05,64.37,21867.0,1232.0,62.1,2.64,3.42,173.0,141.0,0.49,0.4,49.55,88786.0,2486.0,94.2,0.21,1.7,59362.0,2284.0,66.86,1.76,2.34,10872.0,824.0,12.25,0.86,4.61,6119.0,966.0,6.89,1.07,9.6,30464.0,806.0,93.32,0.59,1.61,29306.0,898.0,89.77,1.5,1.86,75737.0,2035.0,80.35,3.11,1.63,45855.0,1536.0,60.55,1.21,2.04,43357.0,1554.0,57.25,1.36,2.18,2478.0,327.0,3.27,0.42,8.02,20.0,18.0,0.03,0.02,54.71,29882.0,1311.0,39.45,1.37,2.67,,,5.4,0.69,8.02,42473.0,1563.0,45.06,1.08,2.24,16551.0,924.0,38.97,1.64,3.39,3831.0,566.0,9.02,1.29,8.98,17401.0,1167.0,40.97,2.3,4.08,1146.0,206.0,2.7,0.47,10.93,2878.0,439.0,6.78,1.0,9.27,43357.0,1554.0,46.0,1.03,2.18,40.0,36.0,0.09,0.08,54.71,2350.0,445.0,5.42,1.01,11.51,967.0,219.0,2.23,0.5,13.77,592.0,197.0,1.37,0.45,20.23,4314.0,570.0,9.95,1.27,8.03,3569.0,383.0,8.23,0.83,6.52,899.0,186.0,2.07,0.42,12.58,3282.0,382.0,7.57,0.84,7.08,4396.0,460.0,10.14,1.0,6.36,17190.0,1053.0,39.65,1.97,3.72,2326.0,352.0,5.36,0.79,9.2,1650.0,270.0,3.81,0.61,9.95,1782.0,288.0,4.11,0.65,9.82,1273.0,294.0,3.9,0.9,14.04,1118.0,220.0,3.42,0.67,11.96,2467.0,392.0,7.56,1.18,9.66,2422.0,439.0,7.42,1.33,11.02,2300.0,318.0,7.05,0.96,8.4,4307.0,454.0,13.19,1.35,6.41,4514.0,422.0,13.83,1.24,5.68,6011.0,507.0,18.41,1.48,5.13,3639.0,354.0,11.15,1.05,5.91,4594.0,485.0,14.07,1.44,6.42,25410.0,832.0,77.84,1.58,1.99,12481.0,708.0,38.23,1.93,3.45,8378.0,638.0,25.66,1.84,4.63,1744.0,287.0,5.34,0.87,10.0,749.0,181.0,2.29,0.55,14.69,3406.0,350.0,10.43,1.04,6.25,89494.0,2580.0,95.01,0.65,1.75,64395.0,2512.0,68.36,1.86,2.37,35589.0,1783.0,37.78,1.57,3.05,4699.0,562.0,4.99,0.58,7.27,43905.0,1486.0,46.58,0.89,2.06,50349.0,1607.0,53.42,0.83,1.94,5468.0,648.0,5.8,0.67,7.2,5131.0,592.0,5.44,0.61,7.01,6702.0,770.0,7.11,0.79,6.98,5440.0,546.0,5.77,0.56,6.1,5032.0,451.0,5.34,0.45,5.45,10741.0,849.0,11.4,0.84,4.81,11934.0,812.0,12.66,0.79,4.14,12210.0,860.0,12.95,0.84,4.28,6531.0,554.0,6.93,0.56,5.16,6944.0,615.0,7.37,0.62,5.38,10406.0,720.0,11.04,0.7,4.21,5743.0,712.0,6.09,0.74,7.54,1972.0,359.0,2.09,0.38,11.07,20856.0,1480.0,22.13,1.44,4.31,73398.0,1972.0,77.87,3.02,1.63,18121.0,1109.0,19.23,1.05,3.72,4067.0,835.0,4.31,0.88,12.48,34714.0,1630.0,36.83,1.39,2.85,43094.0,2000.0,45.72,1.7,2.82,374.0,283.0,0.4,0.3,46.0,7641.0,1045.0,8.11,1.09,8.31,0.0,,0.0,,,4364.0,1002.0,4.63,1.06,13.96,8570.0,1291.0,9.09,1.35,9.16,85684.0,2728.0,90.91,1.39,1.94,32593.0,1595.0,34.58,1.39,2.97,41612.0,1958.0,44.15,1.67,2.86,224.0,163.0,0.24,0.17,44.24,7528.0,1031.0,7.99,1.07,8.33,0.0,,0.0,,,612.0,395.0,0.65,0.42,39.24,3115.0,830.0,3.3,0.88,16.2
11235,11235,11235,34712.0,884.0,100,,1.55,8053.0,637.0,23.2,1.74,4.81,15432.0,1131.0,18.19,1.22,4.46,736.0,181.0,4.77,1.12,14.95,865.0,238.0,5.61,1.49,16.73,5967.0,623.0,38.67,2.88,6.35,3602.0,567.0,23.34,3.25,9.57,4262.0,522.0,27.62,2.71,7.45,64573.0,1824.0,76.09,3.12,1.72,4335.0,614.0,6.71,0.93,8.61,3309.0,522.0,5.12,0.8,9.59,14213.0,1118.0,22.01,1.62,4.78,31097.0,1314.0,48.16,1.51,2.57,69707.0,1969.0,82.14,3.37,1.72,1006.0,181.0,1.44,0.26,10.94,83848.0,2492.0,98.81,0.17,1.81,12342.0,936.0,14.72,1.03,4.61,15039.0,1146.0,17.72,1.24,4.63,437.0,204.0,2.91,1.34,28.38,48509.0,1699.0,57.16,1.06,2.13,3756.0,579.0,7.74,1.16,9.37,20300.0,1138.0,23.92,1.14,3.41,8149.0,687.0,40.14,2.53,5.12,83465.0,2436.0,98.36,4.09,1.77,76239.0,2580.0,91.34,1.56,2.06,6482.0,1178.0,7.77,1.39,11.05,744.0,325.0,0.89,0.39,26.55,84859.0,2518.0,100,,1.8,32294.0,1791.0,38.06,1.78,3.37,30213.0,1708.0,35.6,1.71,3.44,2081.0,356.0,2.45,0.41,10.4,52565.0,1816.0,61.94,1.1,2.1,36778.0,1551.0,69.97,1.69,2.56,15787.0,1231.0,30.03,2.1,4.74,31110.0,1331.0,59.18,1.49,2.6,17377.0,1309.0,33.06,2.21,4.58,459.0,149.0,0.87,0.28,19.73,23.0,36.0,0.04,0.07,95.15,3457.0,622.0,6.58,1.16,10.94,139.0,81.0,0.26,0.15,35.42,80032.0,2290.0,94.31,3.89,1.74,19578.0,1658.0,24.46,1.95,5.15,40833.0,1876.0,51.02,1.83,2.79,5794.0,1001.0,7.24,1.23,10.5,30262.0,801.0,87.18,0.63,1.61,29080.0,914.0,83.78,1.54,1.91,71136.0,1962.0,83.83,3.4,1.68,40470.0,1406.0,56.89,1.2,2.11,38313.0,1387.0,53.86,1.26,2.2,2052.0,344.0,2.88,0.48,10.19,105.0,94.0,0.15,0.13,54.42,30666.0,1342.0,43.11,1.46,2.66,,,5.07,0.83,10.19,37077.0,1345.0,43.69,0.91,2.21,10470.0,817.0,28.24,1.95,4.74,2020.0,351.0,5.45,0.93,10.56,16398.0,1193.0,44.23,2.79,4.42,4221.0,624.0,11.38,1.63,8.99,3357.0,557.0,9.05,1.47,10.09,38313.0,1387.0,45.15,0.94,2.2,38.0,41.0,0.1,0.11,65.59,2609.0,359.0,6.81,0.9,8.36,1151.0,289.0,3.0,0.75,15.26,673.0,164.0,1.76,0.42,14.81,3690.0,578.0,9.63,1.47,9.52,3389.0,590.0,8.85,1.51,10.58,1157.0,263.0,3.02,0.68,13.82,2901.0,427.0,7.57,1.08,8.95,4150.0,585.0,10.83,1.48,8.57,13183.0,798.0,34.41,1.67,3.68,2578.0,409.0,6.73,1.04,9.64,1463.0,298.0,3.82,0.77,12.38,1331.0,305.0,3.47,0.79,13.93,2277.0,409.0,6.56,1.17,10.92,2852.0,398.0,8.22,1.13,8.48,3458.0,394.0,9.96,1.11,6.93,2952.0,441.0,8.5,1.25,9.08,3512.0,550.0,10.12,1.56,9.52,5256.0,626.0,15.14,1.76,7.24,3696.0,445.0,10.65,1.25,7.32,4841.0,450.0,13.95,1.25,5.65,2534.0,363.0,7.3,1.03,8.71,3334.0,392.0,9.6,1.1,7.15,24818.0,843.0,71.5,1.61,2.06,11383.0,739.0,32.79,1.96,3.95,6429.0,687.0,18.52,1.92,6.5,4077.0,523.0,11.75,1.48,7.8,1475.0,336.0,4.25,0.96,13.85,8385.0,655.0,24.16,1.78,4.75,76913.0,2523.0,91.73,1.27,1.99,42186.0,2120.0,50.31,2.04,3.05,43688.0,2288.0,52.1,2.25,3.18,6935.0,985.0,8.27,1.15,8.63,40595.0,1572.0,47.84,1.19,2.35,44264.0,1609.0,52.16,1.1,2.21,4827.0,514.0,5.69,0.58,6.47,3757.0,526.0,4.43,0.61,8.51,4227.0,527.0,4.98,0.6,7.58,3530.0,490.0,4.16,0.56,8.44,3945.0,584.0,4.65,0.67,9.0,10885.0,964.0,12.83,1.07,5.38,10083.0,792.0,11.88,0.86,4.77,10775.0,936.0,12.7,1.04,5.28,6023.0,652.0,7.1,0.74,6.58,5697.0,626.0,6.71,0.71,6.68,11521.0,860.0,13.58,0.93,4.54,6053.0,718.0,7.13,0.82,7.21,3536.0,519.0,4.17,0.6,8.92,15047.0,1145.0,17.73,1.24,4.63,69812.0,1973.0,82.27,3.37,1.72,21110.0,1163.0,24.88,1.15,3.35,4903.0,1132.0,5.78,1.32,14.04,62076.0,2241.0,73.15,1.5,2.19,1914.0,535.0,2.26,0.63,16.99,3.0,,0.0,,,10849.0,1218.0,12.78,1.38,6.82,0.0,,0.0,,,5114.0,1076.0,6.03,1.26,12.79,7652.0,1352.0,9.02,1.57,10.74,77207.0,2398.0,90.98,0.83,1.89,60353.0,2185.0,71.12,1.48,2.2,1706.0,518.0,2.01,0.61,18.46,0.0,,0.0,,,10849.0,1218.0,12.78,1.38,6.82,0.0,,0.0,,,319.0,288.0,0.38,0.34,54.88,3980.0,1087.0,4.69,1.27,16.6
11236,11236,11236,33728.0,772.0,100,,1.39,11191.0,618.0,33.18,1.67,3.36,25840.0,1373.0,25.27,1.15,3.23,1401.0,275.0,5.42,1.02,11.93,1296.0,322.0,5.02,1.22,15.1,10362.0,776.0,40.1,2.12,4.55,5138.0,511.0,19.88,1.67,6.05,7643.0,669.0,29.58,2.06,5.32,70982.0,2048.0,69.43,0.64,1.75,4524.0,509.0,6.37,0.69,6.84,3846.0,428.0,5.42,0.58,6.77,22844.0,1206.0,32.18,1.42,3.21,20522.0,973.0,28.91,1.09,2.88,79319.0,2179.0,77.58,0.22,1.67,1730.0,298.0,2.18,0.37,10.47,101525.0,2855.0,99.3,0.66,1.71,6160.0,532.0,6.07,0.5,5.25,22874.0,1478.0,22.37,1.31,3.93,360.0,136.0,1.57,0.59,22.97,63158.0,1942.0,61.78,0.87,1.87,2877.0,337.0,4.56,0.51,7.12,15493.0,863.0,15.15,0.74,3.39,2923.0,321.0,18.87,1.79,6.68,101213.0,2710.0,99.0,3.79,1.63,97009.0,2781.0,95.85,0.98,1.74,4029.0,653.0,3.98,0.64,9.85,175.0,90.0,0.17,0.09,31.26,102238.0,2793.0,100,,1.66,56668.0,2209.0,55.43,1.54,2.37,53264.0,2158.0,52.1,1.56,2.46,3404.0,454.0,3.33,0.43,8.11,45570.0,1660.0,44.57,1.07,2.21,33840.0,1321.0,74.26,1.04,2.37,11730.0,939.0,25.74,1.83,4.87,944.0,306.0,2.07,0.67,19.71,1958.0,393.0,4.3,0.85,12.2,1514.0,449.0,3.32,0.98,18.03,17.0,28.0,0.04,0.06,100.13,41072.0,1755.0,90.13,2.01,2.6,65.0,49.0,0.14,0.11,45.83,95842.0,2495.0,93.74,3.54,1.58,71653.0,2002.0,74.76,0.76,1.7,7825.0,933.0,8.16,0.95,7.25,5801.0,691.0,6.05,0.7,7.24,30271.0,824.0,89.75,1.32,1.65,29576.0,833.0,87.69,1.44,1.71,81997.0,2228.0,80.2,3.09,1.65,49409.0,1740.0,60.26,1.35,2.14,46795.0,1632.0,57.07,1.25,2.12,2609.0,413.0,3.18,0.5,9.62,5.0,7.0,0.01,0.01,85.11,32588.0,1233.0,39.74,1.05,2.3,,,5.28,0.81,9.62,46147.0,1597.0,45.14,0.96,2.1,15243.0,986.0,33.03,1.81,3.93,2821.0,439.0,6.11,0.93,9.46,24349.0,1122.0,52.76,1.61,2.8,1264.0,218.0,2.74,0.46,10.48,1923.0,308.0,4.17,0.65,9.74,46795.0,1632.0,45.77,0.99,2.12,22.0,20.0,0.05,0.04,55.26,2194.0,340.0,4.69,0.71,9.42,811.0,215.0,1.73,0.46,16.12,560.0,176.0,1.2,0.37,19.11,4087.0,546.0,8.73,1.13,8.12,5331.0,517.0,11.39,1.03,5.9,1026.0,262.0,2.19,0.55,15.52,2401.0,370.0,5.13,0.77,9.37,3898.0,502.0,8.33,1.03,7.83,18846.0,1020.0,40.27,1.67,3.29,2707.0,355.0,5.78,0.73,7.97,1973.0,333.0,4.22,0.7,10.26,2939.0,390.0,6.28,0.8,8.07,2414.0,328.0,7.16,0.96,8.26,1157.0,230.0,3.43,0.68,12.08,2208.0,301.0,6.55,0.88,8.29,2926.0,403.0,8.68,1.18,8.37,3493.0,420.0,10.36,1.22,7.31,4956.0,401.0,14.69,1.14,4.92,4303.0,482.0,12.76,1.4,6.81,6456.0,457.0,19.14,1.28,4.3,3032.0,330.0,8.99,0.96,6.62,2783.0,332.0,8.25,0.97,7.25,26340.0,780.0,78.1,1.47,1.8,10446.0,630.0,30.97,1.73,3.67,7092.0,522.0,21.03,1.47,4.47,1969.0,393.0,5.84,1.16,12.13,1132.0,228.0,3.36,0.67,12.24,5130.0,386.0,15.21,1.09,4.57,94694.0,2723.0,93.27,0.56,1.75,60906.0,2116.0,59.99,1.22,2.11,41856.0,2382.0,41.23,2.04,3.46,6831.0,639.0,6.73,0.6,5.69,45543.0,1740.0,44.55,1.19,2.32,56695.0,1894.0,55.45,1.07,2.03,6396.0,798.0,6.26,0.76,7.58,6381.0,717.0,6.24,0.68,6.83,6175.0,563.0,6.04,0.53,5.54,6106.0,561.0,5.97,0.52,5.59,6198.0,658.0,6.06,0.62,6.45,14474.0,839.0,14.16,0.72,3.52,13047.0,829.0,12.76,0.73,3.86,12659.0,778.0,12.38,0.68,3.74,7822.0,615.0,7.65,0.56,4.78,6926.0,458.0,6.77,0.41,4.02,9744.0,698.0,9.53,0.63,4.35,4618.0,515.0,4.52,0.49,6.78,1692.0,290.0,1.65,0.28,10.42,22914.0,1477.0,22.41,1.31,3.92,79324.0,2178.0,77.59,0.21,1.67,16054.0,901.0,15.7,0.77,3.41,4487.0,837.0,4.39,0.81,11.34,5470.0,761.0,5.35,0.73,8.46,85092.0,3054.0,83.23,1.94,2.18,140.0,87.0,0.14,0.09,37.78,2515.0,523.0,2.46,0.51,12.64,13.0,22.0,0.01,0.02,102.88,4521.0,789.0,4.42,0.76,10.61,8762.0,989.0,8.57,0.94,6.86,93476.0,2751.0,91.43,1.0,1.79,4016.0,730.0,3.93,0.71,11.05,82918.0,2912.0,81.1,1.79,2.13,117.0,80.0,0.11,0.08,41.57,2384.0,520.0,2.33,0.5,13.26,0.0,,0.0,,,402.0,203.0,0.39,0.2,30.7,3639.0,769.0,3.56,0.75,12.85
11237,11237,11237,17515.0,753.0,100,,2.61,4262.0,461.0,24.33,2.42,6.58,11498.0,1080.0,22.73,1.78,5.71,841.0,195.0,7.31,1.55,14.1,281.0,150.0,2.44,1.28,32.45,4118.0,609.0,35.81,4.09,8.99,2166.0,450.0,18.84,3.49,12.63,4092.0,516.0,35.59,2.99,7.67,36305.0,1935.0,71.76,0.94,3.24,4994.0,768.0,13.76,1.98,9.35,4279.0,725.0,11.79,1.9,10.3,7683.0,688.0,21.16,1.52,5.44,13605.0,1077.0,37.47,2.19,4.81,41821.0,2100.0,82.67,5.96,3.05,352.0,139.0,0.84,0.33,24.01,50582.0,2615.0,99.98,0.17,3.14,4751.0,636.0,9.39,1.16,8.14,8767.0,1138.0,17.33,2.06,7.89,341.0,132.0,3.89,1.42,23.53,37642.0,1890.0,74.41,5.36,3.05,2741.0,414.0,7.28,1.04,9.18,4173.0,673.0,8.25,1.26,9.8,1669.0,378.0,40.0,6.36,13.77,50161.0,2548.0,99.15,7.18,3.09,44072.0,2376.0,87.86,1.59,3.28,5887.0,805.0,11.74,1.49,8.31,202.0,133.0,0.4,0.26,40.03,50590.0,2614.0,100,,3.14,33308.0,2242.0,65.84,2.84,4.09,29888.0,2051.0,59.08,2.67,4.17,3420.0,550.0,6.76,1.03,9.78,17282.0,1323.0,34.16,1.93,4.65,7887.0,870.0,45.64,3.62,6.71,9395.0,1138.0,54.36,5.1,7.36,1648.0,549.0,9.54,3.09,20.25,2609.0,576.0,15.1,3.13,13.42,198.0,122.0,1.15,0.7,37.46,9.0,18.0,0.05,0.1,121.58,12699.0,1202.0,73.48,4.09,5.75,119.0,93.0,0.69,0.54,47.51,48220.0,2416.0,95.32,6.86,3.05,19475.0,1352.0,40.39,1.94,4.22,12945.0,1321.0,26.85,2.39,6.2,23679.0,2010.0,49.11,3.36,5.16,16607.0,732.0,94.82,0.92,2.68,15244.0,731.0,87.03,1.85,2.92,42818.0,2109.0,84.64,6.04,2.99,29783.0,1770.0,69.56,2.31,3.61,27866.0,1678.0,65.08,2.25,3.66,1917.0,375.0,4.48,0.85,11.89,0.0,,0.0,,,13035.0,1140.0,30.44,2.2,5.32,,,6.44,1.2,11.89,27174.0,1623.0,53.71,1.61,3.63,3186.0,571.0,11.72,1.98,10.89,759.0,205.0,2.79,0.74,16.42,16589.0,1059.0,61.05,1.38,3.88,2213.0,609.0,8.14,2.19,16.73,3356.0,543.0,12.35,1.86,9.84,27866.0,1678.0,55.08,1.7,3.66,20.0,23.0,0.07,0.08,69.91,1772.0,414.0,6.36,1.44,14.2,1023.0,267.0,3.67,0.93,15.87,699.0,216.0,2.51,0.76,18.78,2476.0,369.0,8.89,1.21,9.06,1925.0,632.0,6.91,2.23,19.96,2034.0,436.0,7.3,1.5,13.03,1227.0,259.0,4.4,0.89,12.83,4653.0,620.0,16.7,1.98,8.1,5558.0,658.0,19.95,2.03,7.2,4160.0,599.0,14.93,1.95,8.75,1721.0,359.0,6.18,1.23,12.68,598.0,161.0,2.15,0.56,16.37,1170.0,247.0,6.68,1.38,12.83,701.0,200.0,4.0,1.13,17.34,1816.0,391.0,10.37,2.19,13.09,1204.0,270.0,6.87,1.51,13.63,1881.0,337.0,10.74,1.87,10.89,2586.0,507.0,14.76,2.82,11.92,2568.0,373.0,14.66,2.03,8.83,2778.0,394.0,15.86,2.14,8.62,1562.0,270.0,8.92,1.49,10.51,1249.0,233.0,7.13,1.29,11.34,15222.0,786.0,86.91,2.49,3.14,3050.0,438.0,17.41,2.39,8.73,1537.0,373.0,8.78,2.1,14.75,987.0,235.0,5.64,1.32,14.47,1059.0,241.0,6.05,1.35,13.83,3421.0,367.0,19.53,1.92,6.52,44392.0,2409.0,87.76,1.45,3.3,27177.0,1828.0,53.73,2.31,4.09,22180.0,1753.0,43.85,2.62,4.8,6190.0,1010.0,12.24,1.89,9.92,25645.0,1556.0,50.69,1.61,3.69,24945.0,1610.0,49.31,1.91,3.92,2370.0,522.0,4.68,1.0,13.39,2016.0,403.0,3.98,0.77,12.15,2912.0,498.0,5.76,0.94,10.4,2490.0,509.0,4.92,0.97,12.43,4497.0,645.0,8.89,1.19,8.72,14850.0,1279.0,29.35,2.02,5.24,7102.0,690.0,14.04,1.16,5.91,6093.0,636.0,12.04,1.09,6.35,2162.0,437.0,4.27,0.84,12.29,1925.0,372.0,3.81,0.71,11.75,2598.0,393.0,5.14,0.73,9.2,1319.0,541.0,2.61,1.06,24.93,256.0,127.0,0.51,0.25,30.16,8769.0,1136.0,17.33,2.06,7.88,41821.0,2100.0,82.67,5.96,3.05,4173.0,673.0,8.25,1.26,9.8,5458.0,1182.0,10.79,2.27,13.16,16855.0,1511.0,33.32,2.44,5.45,5681.0,958.0,11.23,1.8,10.25,808.0,400.0,1.6,0.79,30.09,3290.0,674.0,6.5,1.29,12.45,64.0,53.0,0.13,0.1,50.34,18434.0,2216.0,36.44,3.96,7.31,29698.0,2238.0,58.7,3.22,4.58,20892.0,1652.0,41.3,2.47,4.81,11711.0,1046.0,23.15,1.69,5.43,3564.0,640.0,7.04,1.21,10.92,189.0,155.0,0.37,0.31,49.85,3269.0,679.0,6.46,1.3,12.63,15.0,25.0,0.03,0.05,101.32,646.0,541.0,1.28,1.07,50.91,1498.0,368.0,2.96,0.71,14.93
11238,11238,11238,26009.0,858.0,100,,2.01,5262.0,479.0,20.23,1.72,5.53,9745.0,973.0,16.63,1.53,6.07,1061.0,249.0,10.89,2.31,14.27,526.0,155.0,5.4,1.5,17.91,3676.0,589.0,37.72,4.73,9.74,1348.0,397.0,13.83,3.83,17.9,3134.0,501.0,32.16,4.01,9.72,46369.0,1701.0,79.13,4.21,2.23,1151.0,305.0,2.48,0.65,16.11,2652.0,573.0,5.72,1.22,13.13,4900.0,583.0,10.57,1.2,7.23,31941.0,1351.0,68.88,1.45,2.57,48763.0,1869.0,83.22,4.53,2.33,1146.0,272.0,2.35,0.55,14.43,58153.0,2241.0,99.24,5.41,2.34,5251.0,626.0,9.03,1.02,7.25,9819.0,1010.0,16.76,1.6,6.25,127.0,92.0,1.29,0.93,44.04,41914.0,1770.0,71.53,1.22,2.57,2550.0,442.0,6.08,1.02,10.54,6420.0,486.0,10.96,0.71,4.6,2574.0,389.0,40.09,5.24,9.19,57663.0,2244.0,98.41,0.48,2.37,48226.0,2250.0,83.63,2.15,2.84,9042.0,761.0,15.68,1.17,5.12,395.0,151.0,0.69,0.26,23.24,58597.0,2262.0,100,,2.35,47569.0,2120.0,81.18,1.81,2.71,45681.0,2103.0,77.96,1.96,2.8,1888.0,448.0,3.22,0.75,14.42,11028.0,870.0,18.82,1.29,4.8,6953.0,744.0,63.05,4.56,6.5,4075.0,501.0,36.95,3.48,7.47,2102.0,374.0,19.06,3.04,10.82,2305.0,458.0,20.9,3.81,12.08,681.0,327.0,6.18,2.92,29.19,296.0,161.0,2.68,1.44,33.06,5342.0,751.0,48.44,5.64,8.55,302.0,121.0,2.74,1.08,24.36,54251.0,2091.0,92.58,5.05,2.34,44915.0,1939.0,82.79,1.61,2.62,2160.0,449.0,3.98,0.81,12.64,2958.0,595.0,5.45,1.08,12.23,24658.0,962.0,94.81,1.97,2.37,23620.0,919.0,90.81,1.87,2.37,49451.0,1894.0,84.39,4.59,2.33,37861.0,1569.0,76.56,1.21,2.52,35524.0,1493.0,71.84,1.24,2.55,2337.0,509.0,4.73,1.01,13.24,0.0,,0.0,,,11590.0,898.0,23.44,1.58,4.71,,,6.17,1.32,13.24,34743.0,1441.0,59.29,0.9,2.52,2630.0,394.0,7.57,1.09,9.11,365.0,189.0,1.05,0.54,31.48,19598.0,1053.0,56.41,1.93,3.27,2615.0,460.0,7.53,1.29,10.69,7201.0,812.0,20.73,2.17,6.85,35524.0,1493.0,60.62,1.01,2.55,49.0,77.0,0.14,0.22,95.53,403.0,129.0,1.13,0.36,19.46,955.0,197.0,2.69,0.54,12.54,681.0,201.0,1.92,0.56,17.94,2479.0,423.0,6.98,1.15,10.37,1291.0,338.0,3.63,0.94,15.92,3628.0,470.0,10.21,1.25,7.88,2576.0,391.0,7.25,1.06,9.23,8819.0,687.0,24.83,1.63,4.74,7987.0,675.0,22.48,1.65,5.14,3372.0,550.0,9.49,1.5,9.92,1800.0,355.0,5.07,0.98,11.99,1484.0,294.0,4.18,0.81,12.04,1602.0,340.0,6.16,1.29,12.9,857.0,281.0,3.3,1.07,19.93,1269.0,239.0,4.88,0.9,11.45,1096.0,247.0,4.21,0.94,13.7,1634.0,344.0,6.28,1.31,12.8,2546.0,349.0,9.79,1.3,8.33,2417.0,377.0,9.29,1.42,9.48,4763.0,625.0,18.31,2.33,7.98,3202.0,366.0,12.31,1.35,6.95,6623.0,600.0,25.46,2.15,5.51,22096.0,871.0,84.96,1.83,2.4,4557.0,397.0,17.52,1.41,5.3,3166.0,333.0,12.17,1.22,6.39,1436.0,321.0,5.52,1.22,13.59,1060.0,360.0,4.08,1.38,20.65,2891.0,461.0,11.12,1.73,9.69,55832.0,2254.0,96.01,1.16,2.45,45927.0,2055.0,78.98,1.8,2.72,14257.0,1360.0,24.52,2.14,5.8,2321.0,448.0,3.99,0.75,11.73,26093.0,1195.0,44.53,1.1,2.78,32504.0,1497.0,55.47,1.39,2.8,4346.0,681.0,7.42,1.13,9.53,2200.0,352.0,3.75,0.58,9.73,2354.0,571.0,4.02,0.96,14.75,1287.0,351.0,2.2,0.59,16.58,2041.0,452.0,3.48,0.76,13.46,16698.0,1044.0,28.5,1.4,3.8,10433.0,742.0,17.8,1.06,4.32,6925.0,812.0,11.82,1.31,7.13,3029.0,522.0,5.17,0.87,10.48,2471.0,397.0,4.22,0.66,9.77,4151.0,450.0,7.08,0.72,6.59,1820.0,348.0,3.11,0.58,11.62,842.0,235.0,1.44,0.4,16.97,9834.0,1009.0,16.78,1.6,6.24,48763.0,1869.0,83.22,4.53,2.33,6813.0,514.0,11.63,0.75,4.59,5219.0,847.0,8.91,1.4,9.87,30572.0,1389.0,52.17,1.25,2.76,17431.0,1572.0,29.75,2.42,5.48,189.0,150.0,0.32,0.26,48.25,3658.0,440.0,6.24,0.71,7.31,0.0,,0.0,,,1528.0,456.0,2.61,0.77,18.14,6620.0,997.0,11.3,1.64,9.16,51977.0,2020.0,88.7,0.4,2.36,28330.0,1383.0,48.35,1.44,2.97,16436.0,1418.0,28.05,2.16,5.24,0.0,,0.0,,,3633.0,443.0,6.2,0.72,7.41,0.0,,0.0,,,230.0,109.0,0.39,0.19,28.81,3348.0,654.0,5.71,1.09,11.87
11239,11239,11239,7845.0,519.0,100,,4.02,1968.0,366.0,25.09,4.36,11.31,3888.0,643.0,24.43,3.53,10.05,114.0,113.0,2.93,2.87,60.26,185.0,125.0,4.76,3.12,41.07,1464.0,369.0,37.65,7.16,15.32,1063.0,295.0,27.34,6.09,16.87,1062.0,375.0,27.31,8.52,21.47,11388.0,815.0,71.55,7.7,4.35,827.0,234.0,7.26,1.99,17.2,671.0,214.0,5.89,1.83,19.39,4725.0,569.0,41.49,4.02,7.32,2298.0,459.0,20.18,3.76,12.14,12808.0,997.0,80.47,9.01,4.73,426.0,187.0,3.33,1.44,26.68,15787.0,1274.0,99.18,0.67,4.91,3614.0,569.0,22.89,3.09,9.57,3078.0,526.0,19.34,2.92,10.39,57.0,72.0,1.85,2.32,76.79,8733.0,944.0,54.87,3.96,6.57,1203.0,343.0,13.78,3.63,17.33,3976.0,577.0,24.98,3.02,8.82,2354.0,492.0,59.21,8.91,12.71,15834.0,1267.0,99.48,11.29,4.86,15281.0,1297.0,96.51,2.73,5.16,553.0,284.0,3.49,1.77,31.22,0.0,,0.0,,,15917.0,1280.0,100,,4.89,10927.0,1094.0,68.65,4.09,6.09,10329.0,1094.0,64.89,4.47,6.44,598.0,223.0,3.76,1.37,22.67,4990.0,736.0,31.35,3.88,8.97,4391.0,676.0,88.0,3.88,9.36,599.0,304.0,12.0,5.83,30.85,1686.0,533.0,33.79,9.45,19.22,798.0,393.0,15.99,7.51,29.94,341.0,180.0,6.83,3.46,32.09,0.0,,0.0,,,2165.0,494.0,43.39,7.55,13.87,0.0,,0.0,,,15340.0,1201.0,96.37,10.82,4.76,10571.0,1105.0,68.91,4.77,6.35,2985.0,570.0,19.46,3.39,11.61,1354.0,402.0,8.83,2.53,18.05,6269.0,556.0,79.91,4.72,5.39,6101.0,564.0,77.77,5.02,5.62,13430.0,1069.0,84.38,9.55,4.84,6488.0,747.0,48.31,4.02,7.0,5960.0,705.0,44.38,3.88,7.19,497.0,266.0,3.7,1.96,32.54,31.0,52.0,0.23,0.39,101.97,6942.0,801.0,51.69,4.32,7.01,,,7.66,4.0,32.54,5747.0,697.0,36.11,3.28,7.37,1429.0,284.0,24.87,3.91,12.08,152.0,91.0,2.64,1.55,36.39,3017.0,512.0,52.5,6.23,10.32,588.0,243.0,10.23,4.04,25.12,333.0,191.0,5.79,3.25,34.87,5960.0,705.0,37.44,3.25,7.19,0.0,,0.0,,,93.0,64.0,1.56,1.06,41.83,82.0,74.0,1.38,1.23,54.86,10.0,17.0,0.17,0.28,103.34,386.0,197.0,6.48,3.22,31.03,848.0,274.0,14.23,4.28,19.64,117.0,146.0,1.96,2.44,75.86,322.0,134.0,5.4,2.16,25.3,517.0,213.0,8.67,3.42,25.05,2703.0,526.0,45.35,7.01,11.83,390.0,198.0,6.54,3.23,30.86,173.0,97.0,2.9,1.59,34.08,319.0,157.0,5.35,2.56,29.92,965.0,312.0,12.3,3.89,19.65,972.0,268.0,12.39,3.32,16.76,1358.0,391.0,17.31,4.85,17.5,767.0,259.0,9.78,3.24,20.53,1143.0,312.0,14.57,3.86,16.59,1040.0,268.0,13.26,3.3,15.67,567.0,186.0,7.23,2.32,19.94,711.0,251.0,9.06,3.14,21.46,181.0,111.0,2.31,1.41,37.28,141.0,143.0,1.8,1.82,61.65,4582.0,482.0,58.41,4.78,6.39,2701.0,370.0,34.43,4.13,8.33,1312.0,321.0,16.72,3.94,14.87,1587.0,400.0,20.23,4.92,15.32,390.0,167.0,4.97,2.1,26.03,3150.0,460.0,40.15,5.23,8.88,15309.0,1297.0,96.97,2.5,5.15,7867.0,1137.0,49.83,5.97,8.79,9314.0,1080.0,59.0,4.91,7.05,478.0,238.0,3.03,1.49,30.27,6588.0,777.0,41.39,3.57,7.17,9329.0,976.0,58.61,3.92,6.36,577.0,270.0,3.63,1.67,28.45,786.0,234.0,4.94,1.42,18.1,996.0,388.0,6.26,2.39,23.68,1151.0,351.0,7.23,2.13,18.54,1019.0,396.0,6.4,2.43,23.62,1470.0,360.0,9.24,2.14,14.89,1721.0,391.0,10.81,2.3,13.81,1959.0,481.0,12.31,2.86,14.93,1030.0,328.0,6.47,1.99,19.36,1140.0,293.0,7.16,1.75,15.62,1640.0,384.0,10.3,2.27,14.23,1461.0,470.0,9.18,2.86,19.56,967.0,299.0,6.08,1.81,18.8,3078.0,526.0,19.34,2.92,10.39,12839.0,1003.0,80.66,9.04,4.75,4068.0,583.0,25.56,3.03,8.71,724.0,363.0,4.55,2.25,30.48,2946.0,618.0,18.51,3.59,12.75,10578.0,1211.0,66.46,5.42,6.96,432.0,307.0,2.71,1.92,43.2,438.0,275.0,2.75,1.71,38.17,0.0,,0.0,,,799.0,341.0,5.02,2.1,25.94,2479.0,633.0,15.57,3.77,15.52,13438.0,1149.0,84.43,2.45,5.2,2460.0,594.0,15.46,3.52,14.68,9950.0,1128.0,62.51,5.0,6.89,0.0,,0.0,,,438.0,275.0,2.75,1.71,38.17,0.0,,0.0,,,142.0,155.0,0.89,0.97,66.36,448.0,308.0,2.81,1.92,41.79
11354,11354,11354,20400.0,1016.0,100,,3.03,4389.0,567.0,21.51,2.56,7.85,9537.0,1106.0,17.87,1.85,7.05,638.0,320.0,6.69,3.26,30.49,370.0,220.0,3.88,2.26,36.15,3388.0,664.0,35.52,5.61,11.91,1781.0,449.0,18.67,4.18,15.33,3360.0,509.0,35.23,3.43,9.21,42460.0,2349.0,79.55,1.44,3.36,5408.0,821.0,12.74,1.8,9.23,3984.0,677.0,9.38,1.51,10.33,12969.0,1355.0,30.54,2.71,6.35,11766.0,1220.0,27.71,2.43,6.3,45549.0,2457.0,85.34,1.14,3.28,923.0,281.0,2.03,0.61,18.51,51670.0,2814.0,96.81,1.48,3.31,4173.0,532.0,8.08,0.93,7.75,7782.0,885.0,14.58,1.47,6.91,18.0,27.0,0.23,0.35,91.19,33731.0,2404.0,63.2,3.06,4.33,1475.0,327.0,4.37,0.92,13.48,10157.0,788.0,19.03,1.09,4.72,2680.0,444.0,26.39,3.86,10.07,53003.0,2764.0,99.3,7.33,3.17,49048.0,2742.0,92.54,1.86,3.4,3537.0,616.0,6.67,1.11,10.59,418.0,230.0,0.79,0.43,33.45,53375.0,2790.0,100,,3.18,18743.0,1452.0,35.12,2.01,4.71,18055.0,1422.0,33.83,1.99,4.79,688.0,291.0,1.29,0.54,25.71,34632.0,2246.0,64.88,2.49,3.94,17299.0,1404.0,49.95,2.44,4.93,17333.0,1689.0,50.05,3.64,5.92,2140.0,588.0,6.18,1.65,16.7,27570.0,1922.0,79.61,2.04,4.24,353.0,171.0,1.02,0.49,29.45,27.0,29.0,0.08,0.08,65.29,4481.0,1252.0,12.94,3.52,16.98,61.0,53.0,0.18,0.15,52.82,50948.0,2755.0,95.45,1.32,3.29,11105.0,1244.0,21.8,2.14,6.81,28910.0,1934.0,56.74,2.23,4.07,6393.0,1643.0,12.55,3.15,15.62,17891.0,1120.0,87.7,3.33,3.81,16720.0,1176.0,81.96,4.07,4.28,46322.0,2480.0,86.79,1.0,3.25,26540.0,2126.0,57.29,3.41,4.87,25434.0,2100.0,54.91,3.45,5.02,1071.0,270.0,2.31,0.57,15.33,35.0,65.0,0.08,0.14,112.9,19782.0,1337.0,42.71,1.76,4.11,,,4.04,0.96,15.33,24427.0,2000.0,45.76,2.88,4.98,6173.0,851.0,25.27,2.8,8.38,2537.0,500.0,10.39,1.86,11.98,9318.0,1022.0,38.15,2.78,6.67,4082.0,801.0,16.71,2.98,11.93,1869.0,428.0,7.65,1.64,13.92,25434.0,2100.0,47.65,3.05,5.02,6.0,10.0,0.02,0.04,101.32,1212.0,381.0,4.77,1.45,19.11,1159.0,300.0,4.56,1.12,15.74,500.0,195.0,1.97,0.75,23.71,3247.0,746.0,12.77,2.74,13.97,1226.0,331.0,4.82,1.24,16.41,571.0,226.0,2.25,0.87,24.06,1982.0,467.0,7.79,1.72,14.32,2666.0,492.0,10.48,1.73,11.22,5671.0,769.0,22.3,2.4,8.24,3515.0,698.0,13.82,2.5,12.07,2922.0,636.0,11.49,2.31,13.23,757.0,232.0,2.98,0.88,18.63,1881.0,394.0,9.22,1.88,12.73,1002.0,295.0,4.91,1.43,17.9,2281.0,433.0,11.18,2.05,11.54,2813.0,602.0,13.79,2.87,13.01,1873.0,413.0,9.18,1.97,13.4,2785.0,595.0,13.65,2.84,12.99,2660.0,536.0,13.04,2.55,12.25,2837.0,595.0,13.91,2.83,12.75,1270.0,363.0,6.23,1.75,17.38,998.0,273.0,4.89,1.32,16.63,14613.0,953.0,71.63,3.02,3.96,6384.0,720.0,31.29,3.17,6.86,2958.0,506.0,14.5,2.37,10.4,1121.0,275.0,5.5,1.32,14.91,733.0,276.0,3.59,1.34,22.89,2658.0,441.0,13.03,2.06,10.09,44742.0,2640.0,86.59,1.97,3.59,27349.0,2570.0,52.93,4.05,5.71,22249.0,1594.0,43.06,2.0,4.36,6928.0,1027.0,13.41,1.85,9.01,24662.0,1693.0,46.21,2.06,4.17,28713.0,1761.0,53.79,1.73,3.73,2427.0,492.0,4.55,0.89,12.32,1923.0,417.0,3.6,0.76,13.18,2297.0,534.0,4.3,0.97,14.13,2049.0,482.0,3.84,0.88,14.3,2219.0,497.0,4.16,0.91,13.62,7760.0,1027.0,14.54,1.77,8.05,6350.0,1039.0,11.9,1.84,9.95,7778.0,985.0,14.57,1.68,7.7,4894.0,784.0,9.17,1.39,9.74,4076.0,624.0,7.64,1.1,9.31,6061.0,768.0,11.36,1.31,7.7,3598.0,541.0,6.74,0.95,9.14,1943.0,375.0,3.64,0.68,11.73,7791.0,883.0,14.6,1.47,6.89,45584.0,2452.0,85.4,1.08,3.27,11602.0,787.0,21.74,0.94,4.12,1552.0,441.0,2.91,0.81,17.27,10317.0,1305.0,19.33,2.23,7.69,1851.0,459.0,3.47,0.84,15.07,93.0,78.0,0.17,0.15,50.99,34227.0,2234.0,64.13,2.51,3.97,130.0,108.0,0.24,0.2,50.5,5205.0,1557.0,9.75,2.87,18.18,7474.0,1650.0,14.0,3.0,13.42,45901.0,2545.0,86.0,1.59,3.37,8846.0,1223.0,16.57,2.12,8.4,1719.0,407.0,3.22,0.74,14.39,68.0,74.0,0.13,0.14,66.15,34128.0,2212.0,63.94,2.45,3.94,130.0,108.0,0.24,0.2,50.5,196.0,128.0,0.37,0.24,39.7,814.0,383.0,1.53,0.71,28.6
11355,11355,11355,29217.0,1267.0,100,,2.64,6814.0,673.0,23.32,2.07,6.0,14288.0,1050.0,17.66,1.03,4.47,916.0,276.0,6.41,1.87,18.32,481.0,130.0,3.37,0.88,16.43,5488.0,568.0,38.41,2.8,6.29,2734.0,495.0,19.13,3.17,11.01,4669.0,571.0,32.68,3.19,7.43,62798.0,2720.0,77.61,4.85,2.63,10487.0,1488.0,16.7,2.26,8.63,9359.0,1123.0,14.9,1.67,7.29,17711.0,1687.0,28.2,2.39,5.79,13627.0,1163.0,21.7,1.6,5.19,67618.0,2894.0,83.56,5.19,2.6,912.0,275.0,1.35,0.4,18.33,80569.0,3645.0,99.57,0.43,2.75,6574.0,833.0,8.16,0.97,7.7,13262.0,1211.0,16.39,1.3,5.55,174.0,130.0,1.31,0.97,45.42,51520.0,2635.0,63.67,1.54,3.11,2025.0,504.0,3.93,0.96,15.13,15787.0,1067.0,19.51,0.98,4.11,4375.0,618.0,27.71,3.44,8.59,80261.0,3535.0,99.19,6.25,2.68,74931.0,3404.0,93.36,1.04,2.76,3890.0,813.0,4.85,0.99,12.71,1440.0,694.0,1.79,0.86,29.3,80918.0,3644.0,100,,2.74,22988.0,1532.0,28.41,1.4,4.05,21771.0,1443.0,26.91,1.31,4.03,1217.0,349.0,1.5,0.43,17.43,57930.0,2755.0,71.59,1.09,2.89,25972.0,1755.0,44.83,2.15,4.11,31958.0,2729.0,55.17,3.91,5.19,1537.0,421.0,2.65,0.72,16.65,48639.0,2729.0,83.96,2.5,3.41,235.0,178.0,0.41,0.31,46.05,0.0,,0.0,,,7519.0,1128.0,12.98,1.85,9.12,0.0,,0.0,,,76208.0,3294.0,94.18,5.88,2.63,11019.0,1036.0,14.46,1.21,5.72,51631.0,2818.0,67.75,2.26,3.32,10002.0,1568.0,13.12,1.98,9.53,25574.0,1248.0,87.53,1.96,2.97,23143.0,1261.0,79.21,2.61,3.31,68643.0,2985.0,84.83,5.31,2.64,39975.0,2296.0,58.24,2.19,3.49,37463.0,2328.0,54.58,2.42,3.78,2490.0,507.0,3.63,0.72,12.38,22.0,27.0,0.03,0.04,74.61,28668.0,1462.0,41.76,1.11,3.1,,,6.23,1.22,12.38,34846.0,2025.0,43.06,1.58,3.53,7401.0,758.0,21.24,1.79,6.23,4466.0,588.0,12.82,1.51,8.0,14544.0,1380.0,41.74,3.13,5.77,6198.0,1000.0,17.79,2.68,9.81,1718.0,462.0,4.93,1.29,16.35,37463.0,2328.0,46.3,1.98,3.78,10.0,15.0,0.03,0.04,91.19,2299.0,548.0,6.14,1.41,14.49,1632.0,342.0,4.36,0.87,12.74,844.0,253.0,2.25,0.66,18.22,3306.0,509.0,8.82,1.24,9.36,2967.0,615.0,7.92,1.57,12.6,512.0,176.0,1.37,0.46,20.9,2671.0,487.0,7.13,1.22,11.08,3757.0,594.0,10.03,1.46,9.61,8608.0,1007.0,22.98,2.28,7.11,6254.0,1143.0,16.69,2.87,11.11,3808.0,648.0,10.16,1.61,10.34,795.0,234.0,2.12,0.61,17.89,3142.0,442.0,10.75,1.44,8.55,1537.0,341.0,5.26,1.14,13.49,3863.0,568.0,13.22,1.86,8.94,2709.0,660.0,9.27,2.22,14.81,4235.0,664.0,14.49,2.18,9.53,4113.0,595.0,14.08,1.94,8.79,3534.0,684.0,12.1,2.28,11.77,3204.0,539.0,10.97,1.78,10.23,1193.0,244.0,4.08,0.82,12.43,1687.0,482.0,5.77,1.63,17.37,21599.0,1095.0,73.93,1.94,3.08,8185.0,870.0,28.01,2.72,6.46,3583.0,847.0,12.26,2.85,14.37,2288.0,494.0,7.83,1.66,13.13,1331.0,455.0,4.56,1.54,20.78,4568.0,647.0,15.63,2.11,8.61,67098.0,3150.0,83.28,1.04,2.85,33163.0,2471.0,41.16,2.44,4.53,38743.0,2380.0,48.09,2.0,3.73,13471.0,1696.0,16.72,1.96,7.65,38911.0,2014.0,48.09,1.23,3.15,42007.0,2271.0,51.91,1.55,3.29,4710.0,805.0,5.82,0.96,10.39,3509.0,446.0,4.34,0.52,7.73,3311.0,525.0,4.09,0.62,9.64,2904.0,511.0,3.59,0.61,10.7,3686.0,588.0,4.56,0.7,9.7,11550.0,1006.0,14.27,1.06,5.29,10874.0,1155.0,13.44,1.29,6.46,12631.0,1374.0,15.61,1.55,6.61,6536.0,911.0,8.08,1.07,8.47,5209.0,626.0,6.44,0.72,7.31,8625.0,822.0,10.66,0.9,5.79,5054.0,683.0,6.25,0.8,8.22,2319.0,583.0,2.87,0.71,15.28,13278.0,1213.0,16.41,1.3,5.55,67640.0,2894.0,83.59,5.19,2.6,15998.0,1056.0,19.77,0.95,4.01,2452.0,884.0,3.03,1.08,21.92,9380.0,1187.0,11.59,1.37,7.69,1878.0,575.0,2.32,0.7,18.61,498.0,342.0,0.62,0.42,41.75,59640.0,3266.0,73.7,2.3,3.33,7.0,17.0,0.01,0.02,147.63,7063.0,1263.0,8.73,1.51,10.87,12102.0,1752.0,14.96,2.06,8.8,68816.0,3325.0,85.04,1.49,2.94,6046.0,830.0,7.47,0.97,8.35,1659.0,561.0,2.05,0.69,20.56,321.0,291.0,0.4,0.36,55.11,59568.0,3266.0,73.62,2.3,3.33,7.0,17.0,0.01,0.02,147.63,443.0,277.0,0.55,0.34,38.01,772.0,297.0,0.95,0.36,23.39
11356,11356,11356,8104.0,490.0,100,,3.68,3120.0,415.0,38.5,4.56,8.09,6697.0,865.0,24.54,2.67,7.85,251.0,121.0,3.75,1.74,29.31,356.0,158.0,5.32,2.26,26.98,2669.0,400.0,39.85,3.03,9.11,1531.0,403.0,22.86,5.24,16.0,1890.0,430.0,28.22,5.29,13.83,18678.0,1249.0,68.43,6.59,4.07,2612.0,767.0,13.98,4.0,17.85,1626.0,367.0,8.71,1.88,13.72,6039.0,757.0,32.33,3.43,7.62,4027.0,602.0,21.56,2.88,9.09,20523.0,1344.0,75.19,7.17,3.98,513.0,209.0,2.5,1.01,24.77,27279.0,1895.0,99.94,0.46,4.22,1842.0,472.0,6.75,1.67,15.58,6756.0,971.0,24.75,3.12,8.74,38.0,38.0,0.56,0.56,60.79,16145.0,1066.0,59.15,5.66,4.01,726.0,208.0,4.5,1.25,17.42,4378.0,897.0,16.04,3.09,12.46,1078.0,407.0,24.62,7.81,22.95,26561.0,1724.0,97.31,9.24,3.95,24902.0,1742.0,93.75,2.45,4.25,1404.0,388.0,5.29,1.42,16.8,255.0,178.0,0.96,0.67,42.43,27295.0,1892.0,100,,4.21,14602.0,1516.0,53.5,4.13,6.31,14331.0,1502.0,52.5,4.13,6.37,271.0,131.0,0.99,0.47,29.39,12693.0,1148.0,46.5,2.7,5.5,7441.0,989.0,58.62,5.71,8.08,5252.0,866.0,41.38,5.7,10.02,923.0,301.0,7.27,2.28,19.82,6360.0,961.0,50.11,6.07,9.19,117.0,93.0,0.92,0.73,48.32,0.0,,0.0,,,5254.0,991.0,41.39,6.85,11.47,39.0,44.0,0.31,0.35,68.58,25101.0,1651.0,91.96,8.79,4.0,7405.0,1298.0,29.5,4.79,10.66,10854.0,935.0,43.24,2.41,5.24,8868.0,1288.0,35.33,4.57,8.83,7697.0,491.0,94.98,1.93,3.88,7212.0,492.0,88.99,2.81,4.15,21282.0,1412.0,77.97,7.48,4.03,13178.0,942.0,61.92,1.65,4.35,12022.0,813.0,56.49,0.74,4.11,1140.0,424.0,5.36,1.96,22.61,16.0,28.0,0.08,0.13,106.38,8104.0,956.0,38.08,3.71,7.17,,,8.65,3.16,22.61,11872.0,817.0,43.5,4.25,4.18,5896.0,657.0,49.66,4.35,6.77,1148.0,330.0,9.67,2.7,17.47,3629.0,613.0,30.57,4.72,10.27,444.0,221.0,3.74,1.84,30.26,619.0,238.0,5.21,1.97,23.37,12022.0,813.0,44.04,4.27,4.11,30.0,45.0,0.25,0.37,91.19,1311.0,306.0,10.91,2.44,14.19,532.0,216.0,4.43,1.77,24.68,326.0,135.0,2.71,1.11,25.17,1339.0,290.0,11.14,2.29,13.17,1167.0,320.0,9.71,2.58,16.67,163.0,94.0,1.36,0.78,35.06,723.0,247.0,6.01,2.01,20.77,1367.0,324.0,11.37,2.58,14.41,2611.0,609.0,21.72,4.85,14.18,1085.0,277.0,9.03,2.22,15.52,970.0,246.0,8.07,1.97,15.42,398.0,151.0,3.31,1.24,23.06,136.0,68.0,1.68,0.83,30.4,148.0,75.0,1.83,0.92,30.81,528.0,206.0,6.52,2.51,23.72,911.0,259.0,11.24,3.12,17.28,811.0,216.0,10.01,2.6,16.19,1592.0,305.0,19.64,3.57,11.65,975.0,264.0,12.03,3.18,16.46,1769.0,440.0,21.83,5.27,15.12,685.0,201.0,8.45,2.43,17.84,549.0,176.0,6.77,2.13,19.49,7126.0,465.0,87.93,2.16,3.97,2600.0,462.0,32.08,5.36,10.8,1435.0,321.0,17.71,3.81,13.6,262.0,105.0,3.23,1.28,24.36,224.0,93.0,2.76,1.14,25.24,768.0,164.0,9.48,1.94,12.98,24788.0,1847.0,90.87,2.45,4.53,16268.0,1634.0,59.64,4.33,6.11,10988.0,1497.0,40.28,4.72,8.28,2491.0,554.0,9.13,1.93,13.52,13869.0,1078.0,50.81,1.79,4.73,13426.0,1126.0,49.19,2.32,5.1,2194.0,552.0,8.04,1.94,15.29,1499.0,378.0,5.49,1.33,15.33,1846.0,342.0,6.76,1.16,11.26,1864.0,496.0,6.83,1.75,16.18,1214.0,281.0,4.45,0.98,14.07,3687.0,609.0,13.51,2.03,10.04,4158.0,566.0,15.23,1.78,8.27,3163.0,359.0,11.59,1.04,6.9,1600.0,353.0,5.86,1.23,13.41,1692.0,357.0,6.2,1.24,12.83,3173.0,819.0,11.62,2.89,15.69,829.0,220.0,3.04,0.78,16.13,376.0,134.0,1.38,0.48,21.66,6756.0,971.0,24.75,3.12,8.74,20539.0,1341.0,75.25,7.17,3.97,4378.0,897.0,16.04,3.09,12.46,1768.0,599.0,6.48,2.15,20.6,7885.0,1342.0,28.89,4.49,10.35,450.0,307.0,1.65,1.12,41.47,54.0,62.0,0.2,0.23,69.8,8479.0,1212.0,31.06,3.88,8.69,29.0,48.0,0.11,0.18,100.62,8630.0,1681.0,31.62,5.76,11.84,11764.0,1790.0,43.1,5.84,9.25,15531.0,1375.0,56.9,3.13,5.38,6470.0,1033.0,23.7,3.41,9.71,337.0,261.0,1.23,0.95,47.08,0.0,,0.0,,,8449.0,1214.0,30.95,3.9,8.73,29.0,48.0,0.11,0.18,100.62,56.0,66.0,0.21,0.24,71.65,190.0,124.0,0.7,0.45,39.67
11357,11357,11357,15456.0,743.0,100,,2.92,4316.0,487.0,27.92,2.85,6.86,9934.0,1204.0,22.56,2.43,7.37,604.0,208.0,6.08,1.96,20.93,686.0,365.0,6.91,3.58,32.34,3915.0,690.0,39.41,5.04,10.71,2014.0,476.0,20.27,4.11,14.37,2715.0,512.0,27.33,3.95,11.46,32333.0,1648.0,73.43,5.53,3.1,3193.0,627.0,9.88,1.87,11.94,1746.0,324.0,5.4,0.96,11.28,8318.0,932.0,25.73,2.57,6.81,11510.0,898.0,35.6,2.1,4.74,34876.0,1760.0,79.21,5.94,3.07,984.0,265.0,2.82,0.75,16.37,43756.0,2461.0,99.38,0.94,3.42,4606.0,586.0,10.53,1.2,7.73,9125.0,1165.0,20.72,2.38,7.76,86.0,52.0,0.94,0.56,36.76,24224.0,1587.0,55.02,1.92,3.98,1581.0,307.0,6.53,1.19,11.8,10407.0,890.0,23.64,1.54,5.2,2939.0,524.0,28.24,4.42,10.84,43628.0,2432.0,99.09,0.58,3.39,40804.0,2307.0,93.53,0.88,3.44,2763.0,666.0,6.33,1.49,14.65,61.0,55.0,0.14,0.13,54.81,44030.0,2441.0,100,,3.37,29001.0,1885.0,65.87,2.23,3.95,27894.0,1798.0,63.35,2.08,3.92,1107.0,388.0,2.51,0.87,21.31,15029.0,1248.0,34.13,2.11,5.05,10607.0,981.0,70.58,2.87,5.62,4422.0,683.0,29.42,3.83,9.39,4033.0,533.0,26.83,2.76,8.03,8431.0,1165.0,56.1,6.2,8.4,230.0,231.0,1.53,1.53,61.05,0.0,,0.0,,,2285.0,555.0,15.2,3.47,14.77,50.0,43.0,0.33,0.28,52.28,41622.0,2305.0,94.53,7.41,3.37,21736.0,1509.0,52.22,2.19,4.22,9154.0,944.0,21.99,1.91,6.27,4734.0,1437.0,11.37,3.39,18.45,14313.0,747.0,92.6,1.88,3.17,13691.0,754.0,88.58,2.38,3.35,35902.0,1819.0,81.54,6.12,3.08,20320.0,1412.0,56.6,2.69,4.22,18826.0,1250.0,52.44,2.25,4.04,1465.0,520.0,4.08,1.43,21.58,29.0,40.0,0.08,0.11,83.85,15582.0,1108.0,43.4,2.17,4.32,,,7.21,2.51,21.58,18248.0,1237.0,41.44,1.62,4.12,11062.0,957.0,60.62,3.26,5.26,1969.0,421.0,10.79,2.19,13.0,3619.0,469.0,19.83,2.19,7.88,211.0,108.0,1.16,0.59,31.12,1294.0,329.0,7.09,1.74,15.46,18826.0,1250.0,42.76,1.56,4.04,28.0,31.0,0.15,0.16,67.3,1994.0,347.0,10.59,1.7,10.58,899.0,243.0,4.78,1.25,16.43,582.0,191.0,3.09,0.99,19.95,1986.0,501.0,10.55,2.57,15.34,1236.0,287.0,6.57,1.46,14.12,369.0,135.0,1.96,0.71,22.24,1824.0,350.0,9.69,1.74,11.66,1972.0,323.0,10.47,1.57,9.96,4649.0,503.0,24.69,2.11,6.58,1486.0,318.0,7.89,1.61,13.01,870.0,228.0,4.62,1.17,15.93,931.0,249.0,4.95,1.28,16.26,672.0,262.0,4.35,1.68,23.7,454.0,236.0,2.94,1.52,31.6,764.0,163.0,4.94,1.03,12.97,1090.0,249.0,7.05,1.57,13.89,1509.0,350.0,9.76,2.22,14.1,2440.0,490.0,15.79,3.08,12.21,1779.0,346.0,11.51,2.17,11.82,2908.0,430.0,18.81,2.63,8.99,1767.0,335.0,11.43,2.1,11.53,2073.0,325.0,13.41,2.0,9.53,11552.0,649.0,74.74,2.17,3.42,6427.0,530.0,41.58,2.79,5.01,4581.0,621.0,29.64,3.76,8.24,527.0,163.0,3.41,1.04,18.8,399.0,165.0,2.58,1.06,25.14,1019.0,330.0,6.59,2.11,19.69,42127.0,2421.0,96.28,1.14,3.49,30861.0,2070.0,70.53,2.58,4.08,17659.0,1516.0,40.36,2.62,5.22,1629.0,411.0,3.72,0.92,15.34,21178.0,1380.0,48.1,1.65,3.96,22852.0,1384.0,51.9,1.27,3.68,2408.0,521.0,5.47,1.14,13.15,2165.0,529.0,4.92,1.17,14.85,3188.0,666.0,7.24,1.46,12.7,2191.0,432.0,4.98,0.94,11.99,1745.0,347.0,3.96,0.76,12.09,4357.0,653.0,9.9,1.38,9.11,5062.0,668.0,11.5,1.38,8.02,6463.0,750.0,14.68,1.5,7.05,2605.0,374.0,5.92,0.78,8.73,3229.0,406.0,7.33,0.83,7.64,6075.0,756.0,13.8,1.54,7.57,3048.0,424.0,6.92,0.88,8.46,1494.0,354.0,3.39,0.78,14.4,9125.0,1165.0,20.72,2.38,7.76,34905.0,1762.0,79.28,5.94,3.07,10617.0,874.0,24.11,1.47,5.0,2304.0,754.0,5.23,1.69,19.89,27975.0,1445.0,63.54,4.81,3.14,327.0,144.0,0.74,0.32,26.77,47.0,72.0,0.11,0.16,93.13,10850.0,1492.0,24.64,3.1,8.36,15.0,24.0,0.03,0.05,97.26,2512.0,1449.0,5.71,3.28,35.07,6670.0,1671.0,15.15,3.7,15.23,37360.0,1833.0,84.85,6.28,2.98,25467.0,1390.0,57.84,4.5,3.32,194.0,91.0,0.44,0.21,28.52,36.0,61.0,0.08,0.14,103.01,10805.0,1485.0,24.54,3.09,8.35,15.0,24.0,0.03,0.05,97.26,275.0,311.0,0.62,0.71,68.75,568.0,310.0,1.29,0.7,33.18
11358,11358,11358,13190.0,583.0,100,,2.69,3562.0,343.0,27.01,2.31,5.85,8116.0,612.0,21.3,1.23,4.58,456.0,152.0,5.62,1.82,20.26,424.0,185.0,5.22,2.25,26.52,3192.0,390.0,39.33,3.78,7.43,1519.0,272.0,18.72,3.04,10.89,2525.0,314.0,31.11,3.08,7.56,28387.0,1482.0,74.5,1.49,3.17,2607.0,377.0,9.18,1.24,8.79,2294.0,367.0,8.08,1.22,9.73,7394.0,893.0,26.05,2.84,7.34,9493.0,574.0,33.44,1.02,3.68,30761.0,1597.0,80.73,1.55,3.16,947.0,287.0,3.08,0.92,18.42,38098.0,1836.0,99.99,6.82,2.93,2713.0,389.0,7.12,0.96,8.72,7337.0,611.0,19.26,1.31,5.06,162.0,133.0,2.21,1.8,49.91,23409.0,1557.0,61.44,2.81,4.04,1007.0,201.0,4.3,0.81,12.13,7352.0,691.0,19.3,1.56,5.71,1544.0,218.0,21.0,2.21,8.58,37781.0,1827.0,99.15,0.34,2.94,35692.0,1820.0,94.47,1.53,3.1,1980.0,431.0,5.24,1.11,13.23,109.0,71.0,0.29,0.19,39.6,38103.0,1838.0,100,,2.93,19141.0,1121.0,50.23,1.67,3.56,18721.0,1115.0,49.13,1.72,3.62,420.0,156.0,1.1,0.41,22.58,18962.0,1326.0,49.77,2.52,4.25,10761.0,850.0,56.75,2.08,4.8,8201.0,962.0,43.25,4.07,7.13,2527.0,486.0,13.33,2.39,11.69,12680.0,1054.0,66.87,3.0,5.05,209.0,180.0,1.1,0.95,52.36,7.0,16.0,0.04,0.08,138.95,3530.0,679.0,18.62,3.34,11.69,9.0,12.0,0.05,0.06,81.05,35945.0,1750.0,94.34,0.62,2.96,12149.0,1040.0,33.8,2.38,5.2,14332.0,1242.0,39.87,2.86,5.27,5162.0,803.0,14.36,2.12,9.46,12261.0,518.0,92.96,5.68,2.57,11809.0,506.0,89.53,5.51,2.6,31483.0,1629.0,82.63,1.55,3.15,18753.0,1234.0,59.57,2.42,4.0,17524.0,1133.0,55.66,2.16,3.93,1224.0,266.0,3.89,0.82,13.21,5.0,7.0,0.02,0.02,85.11,12730.0,893.0,40.43,1.92,4.26,,,6.53,1.35,13.21,16737.0,1115.0,43.93,2.02,4.05,7476.0,704.0,44.67,2.97,5.72,1569.0,217.0,9.37,1.14,8.41,5589.0,530.0,33.39,2.25,5.76,667.0,165.0,3.99,0.95,15.04,1206.0,244.0,7.21,1.38,12.3,17524.0,1133.0,45.99,1.98,3.93,6.0,8.0,0.03,0.05,81.05,1368.0,278.0,7.81,1.5,12.35,623.0,243.0,3.56,1.37,23.71,454.0,136.0,2.59,0.76,18.21,1810.0,441.0,10.33,2.43,14.81,1077.0,174.0,6.15,0.91,9.82,517.0,139.0,2.95,0.77,16.34,1648.0,223.0,9.4,1.12,8.23,2028.0,350.0,11.57,1.85,10.49,3834.0,455.0,21.88,2.18,7.21,1824.0,262.0,10.41,1.34,8.73,1514.0,358.0,8.64,1.97,14.37,821.0,177.0,4.69,0.96,13.11,633.0,170.0,4.8,1.27,16.33,322.0,106.0,2.44,0.8,20.01,870.0,171.0,6.6,1.26,11.95,911.0,335.0,6.91,2.52,22.35,1712.0,256.0,12.98,1.85,9.09,2159.0,284.0,16.37,2.03,8.0,1670.0,272.0,12.66,1.98,9.9,2418.0,294.0,18.33,2.08,7.39,1122.0,184.0,8.51,1.34,9.97,1373.0,220.0,10.41,1.6,9.74,10393.0,548.0,78.79,2.27,3.21,4196.0,422.0,31.81,2.87,6.11,2817.0,360.0,21.36,2.56,7.77,557.0,153.0,4.22,1.14,16.7,464.0,101.0,3.52,0.75,13.23,915.0,138.0,6.94,1.0,9.17,34934.0,1630.0,91.7,6.15,2.84,23490.0,1226.0,61.66,1.24,3.17,15379.0,1224.0,40.37,2.56,4.84,3164.0,638.0,8.3,1.63,12.26,18793.0,1158.0,49.32,1.89,3.75,19310.0,1135.0,50.68,1.7,3.57,2158.0,373.0,5.66,0.94,10.51,1839.0,359.0,4.83,0.91,11.87,2277.0,260.0,5.98,0.62,6.94,1705.0,335.0,4.47,0.85,11.94,1737.0,324.0,4.56,0.82,11.34,4942.0,638.0,12.97,1.55,7.85,5296.0,516.0,13.9,1.18,5.92,5204.0,676.0,13.66,1.65,7.9,2940.0,483.0,7.72,1.21,9.99,2653.0,420.0,6.96,1.05,9.62,4314.0,549.0,11.32,1.33,7.74,2063.0,265.0,5.41,0.64,7.81,975.0,312.0,2.56,0.81,19.45,7337.0,611.0,19.26,1.31,5.06,30766.0,1599.0,80.74,1.56,3.16,7352.0,691.0,19.3,1.56,5.71,1959.0,569.0,5.14,1.47,17.66,14682.0,1140.0,38.53,2.34,4.72,406.0,202.0,1.07,0.53,30.25,239.0,239.0,0.63,0.63,60.79,17443.0,1394.0,45.78,2.92,4.86,0.0,,0.0,,,3374.0,709.0,8.85,1.81,12.77,7164.0,985.0,18.8,2.42,8.36,30939.0,1641.0,81.2,1.79,3.22,11937.0,949.0,31.33,1.98,4.83,265.0,132.0,0.7,0.34,30.28,213.0,236.0,0.56,0.62,67.35,17414.0,1399.0,45.7,2.94,4.88,0.0,,0.0,,,68.0,40.0,0.18,0.1,35.76,1042.0,477.0,2.73,1.24,27.83
11360,11360,"11359, 11360",8822.0,600.0,100,,4.13,1688.0,382.0,19.13,4.13,13.76,3709.0,960.0,18.47,4.45,15.73,219.0,137.0,5.9,3.36,38.03,187.0,106.0,5.04,2.54,34.46,988.0,258.0,26.64,0.92,15.87,802.0,361.0,21.62,7.96,27.36,1513.0,574.0,40.79,11.31,23.06,15885.0,1218.0,79.12,9.68,4.66,987.0,361.0,6.21,2.22,22.23,738.0,246.0,4.65,1.51,20.26,2823.0,409.0,17.77,2.18,8.81,8014.0,646.0,50.45,1.25,4.9,17093.0,1583.0,85.14,11.32,5.63,894.0,286.0,5.23,1.6,19.45,20038.0,1915.0,99.81,0.66,5.81,3020.0,551.0,15.07,2.34,11.09,2972.0,503.0,14.8,2.07,10.29,290.0,332.0,9.76,11.05,69.59,11260.0,1483.0,56.09,5.1,8.01,913.0,334.0,8.11,2.77,22.24,5806.0,531.0,28.92,3.82,5.56,1817.0,318.0,31.3,4.67,10.64,19978.0,1917.0,99.51,1.08,5.83,18273.0,1942.0,91.47,4.18,6.46,1659.0,470.0,8.3,2.21,17.22,46.0,44.0,0.23,0.22,58.15,20076.0,1914.0,100,,5.8,13598.0,1780.0,67.73,6.08,7.96,13400.0,1775.0,66.75,6.14,8.05,198.0,80.0,0.99,0.39,24.56,6478.0,614.0,32.27,4.34,5.76,5214.0,566.0,80.49,4.26,6.6,1264.0,338.0,19.51,4.88,16.26,1387.0,341.0,21.41,4.86,14.95,3984.0,475.0,61.5,4.45,7.25,166.0,132.0,2.56,2.02,48.34,0.0,,0.0,,,941.0,349.0,14.53,5.21,22.55,0.0,,0.0,,,19093.0,1889.0,95.1,2.51,6.01,11183.0,1778.0,58.57,7.29,9.67,3685.0,542.0,19.3,2.1,8.94,1195.0,350.0,6.26,1.73,17.8,8102.0,642.0,91.84,3.73,4.82,7988.0,639.0,90.55,3.81,4.86,17525.0,1844.0,87.29,3.89,6.4,9420.0,932.0,53.75,7.76,6.01,8923.0,873.0,50.92,7.32,5.95,497.0,194.0,2.84,1.07,23.73,0.0,,0.0,,,8105.0,1294.0,46.25,5.55,9.71,,,5.28,1.99,23.73,8494.0,849.0,42.31,1.27,6.08,4623.0,642.0,54.43,5.25,8.44,974.0,262.0,11.47,2.86,16.35,1695.0,323.0,19.96,3.24,11.58,153.0,103.0,1.8,1.2,40.92,1024.0,343.0,12.06,3.85,20.36,8923.0,873.0,44.45,0.98,5.95,1.0,13.0,0.01,0.15,790.27,375.0,157.0,4.2,1.71,25.45,215.0,110.0,2.41,1.21,31.1,417.0,188.0,4.67,2.06,27.41,686.0,184.0,7.69,1.92,16.31,511.0,215.0,5.73,2.34,25.58,222.0,104.0,2.49,1.14,28.48,877.0,266.0,9.83,2.82,18.44,1359.0,345.0,15.23,3.57,15.43,2806.0,365.0,31.45,2.7,7.91,429.0,162.0,4.81,1.75,22.96,673.0,324.0,7.54,3.56,29.27,352.0,130.0,3.94,1.4,22.45,303.0,110.0,3.43,1.22,22.07,291.0,142.0,3.3,1.59,29.66,367.0,127.0,4.16,1.41,21.04,679.0,209.0,7.7,2.31,18.71,512.0,167.0,5.8,1.85,19.83,1485.0,324.0,16.83,3.49,13.26,954.0,220.0,10.81,2.38,14.02,1753.0,413.0,19.87,4.48,14.32,1269.0,268.0,14.38,2.88,12.84,1209.0,226.0,13.7,2.39,11.36,5890.0,577.0,66.76,4.71,5.96,3918.0,359.0,44.41,2.73,5.57,2659.0,452.0,30.14,4.7,10.33,454.0,247.0,5.15,2.78,33.07,171.0,121.0,1.94,1.37,43.02,585.0,230.0,6.63,2.57,23.9,18979.0,1666.0,94.72,12.29,5.34,14672.0,1252.0,73.22,9.38,5.19,8251.0,1144.0,41.18,4.14,8.43,1059.0,440.0,5.28,2.14,25.26,9177.0,1002.0,45.71,2.43,6.64,10899.0,1036.0,54.29,7.31,5.78,983.0,258.0,4.9,1.2,15.96,557.0,169.0,2.77,0.8,18.44,799.0,213.0,3.98,0.99,16.21,937.0,373.0,4.67,1.8,24.2,915.0,558.0,4.56,2.75,37.07,2279.0,501.0,11.35,2.25,13.36,2091.0,384.0,10.42,1.63,11.16,2596.0,521.0,12.93,2.28,12.2,1458.0,420.0,7.26,1.97,17.51,1638.0,306.0,8.16,1.31,11.36,2857.0,362.0,14.23,1.19,7.7,1782.0,268.0,8.88,1.03,9.14,1184.0,284.0,5.9,1.3,14.58,2983.0,505.0,14.86,2.08,10.29,17093.0,1583.0,85.14,11.32,5.63,5823.0,530.0,29.0,3.82,5.53,881.0,289.0,4.39,1.38,19.94,12002.0,1774.0,59.78,6.75,8.99,282.0,139.0,1.4,0.68,29.96,161.0,157.0,0.8,0.78,59.28,5968.0,649.0,29.73,1.56,6.61,0.0,,0.0,,,782.0,367.0,3.9,1.79,28.53,2160.0,546.0,10.76,2.52,15.37,17916.0,1838.0,89.24,3.38,6.24,11253.0,1799.0,56.05,7.19,9.72,224.0,116.0,1.12,0.57,31.48,0.0,,0.0,,,5955.0,648.0,29.66,1.56,6.61,0.0,,0.0,,,199.0,188.0,0.99,0.93,57.43,285.0,181.0,1.42,0.89,38.61
11361,11361,11361,10842.0,542.0,100,,3.04,2796.0,322.0,25.79,2.68,7.0,6376.0,722.0,21.25,2.1,6.88,367.0,117.0,5.76,1.72,19.38,252.0,98.0,3.95,1.47,23.64,2767.0,557.0,43.4,7.22,12.24,932.0,177.0,14.62,2.23,11.54,2058.0,319.0,32.28,3.42,9.42,22465.0,1013.0,74.87,5.34,2.74,1540.0,257.0,6.86,1.1,10.14,1329.0,223.0,5.92,0.96,10.2,4397.0,481.0,19.57,1.95,6.65,10069.0,779.0,44.82,2.82,4.7,24273.0,1157.0,80.89,5.91,2.9,930.0,259.0,3.83,1.05,16.93,29687.0,1638.0,98.94,7.73,3.35,2540.0,355.0,8.56,1.1,8.5,5731.0,819.0,19.1,2.52,8.69,258.0,156.0,4.5,2.64,36.76,18178.0,1096.0,60.58,1.45,3.67,974.0,228.0,5.36,1.21,14.23,5778.0,567.0,19.26,1.56,5.97,1308.0,200.0,22.64,2.65,9.3,29499.0,1554.0,98.31,7.51,3.2,26923.0,1566.0,91.27,2.25,3.54,2425.0,547.0,8.22,1.8,13.71,151.0,87.0,0.51,0.29,35.02,30006.0,1660.0,100,,3.36,18328.0,1475.0,61.08,3.57,4.89,17870.0,1472.0,59.55,3.63,5.01,458.0,186.0,1.53,0.61,24.69,11678.0,949.0,38.92,2.32,4.94,7852.0,774.0,67.24,3.75,5.99,3826.0,431.0,32.76,2.56,6.85,1465.0,297.0,12.54,2.33,12.32,8411.0,869.0,72.02,4.6,6.28,66.0,43.0,0.57,0.37,39.61,9.0,14.0,0.08,0.12,94.56,1660.0,374.0,14.21,2.99,13.7,67.0,47.0,0.57,0.4,42.64,28255.0,1512.0,94.16,7.25,3.25,13455.0,1119.0,47.62,3.03,5.06,7853.0,852.0,27.79,2.62,6.6,2461.0,617.0,8.71,2.13,15.24,10183.0,530.0,93.92,1.36,3.16,9910.0,527.0,91.4,1.66,3.23,24822.0,1177.0,82.72,6.03,2.88,15727.0,948.0,63.36,2.36,3.66,15053.0,925.0,60.64,2.37,3.74,674.0,170.0,2.72,0.67,15.33,0.0,,0.0,,,9095.0,683.0,36.64,2.13,4.57,,,4.29,1.05,15.33,14595.0,895.0,48.64,1.29,3.73,6449.0,719.0,44.19,4.11,6.78,1737.0,311.0,11.9,2.0,10.88,4173.0,499.0,28.59,2.94,7.27,903.0,227.0,6.19,1.51,15.28,1233.0,306.0,8.45,2.03,15.09,15053.0,925.0,50.17,1.34,3.74,0.0,,0.0,,,910.0,243.0,6.05,1.57,16.23,532.0,138.0,3.53,0.89,15.77,455.0,165.0,3.02,1.08,22.04,1245.0,266.0,8.27,1.69,12.99,881.0,217.0,5.85,1.4,14.97,524.0,128.0,3.48,0.82,14.85,1749.0,412.0,11.62,2.64,14.32,1816.0,252.0,12.06,1.5,8.44,4121.0,531.0,27.38,3.1,7.83,1233.0,220.0,8.19,1.37,10.85,859.0,204.0,5.71,1.31,14.44,728.0,230.0,4.84,1.5,19.21,389.0,125.0,3.59,1.14,19.53,191.0,73.0,1.76,0.67,23.23,549.0,144.0,5.06,1.3,15.94,645.0,190.0,5.95,1.73,17.91,839.0,174.0,7.74,1.56,12.61,1687.0,431.0,15.56,3.9,15.53,1448.0,296.0,13.36,2.65,12.43,2538.0,378.0,23.41,3.28,9.05,1024.0,182.0,9.44,1.61,10.8,1532.0,196.0,14.13,1.66,7.78,8582.0,472.0,79.16,1.82,3.34,3669.0,470.0,33.84,3.99,7.79,2473.0,471.0,22.81,4.19,11.58,376.0,106.0,3.47,0.96,17.14,244.0,76.0,2.25,0.69,18.93,661.0,168.0,6.1,1.52,15.45,27812.0,1505.0,93.68,7.24,3.29,20929.0,1263.0,70.5,1.72,3.67,10593.0,882.0,35.68,2.23,5.06,1875.0,405.0,6.32,1.32,13.13,13961.0,868.0,46.53,1.32,3.78,16045.0,1000.0,53.47,1.53,3.79,1751.0,548.0,5.84,1.8,19.03,1436.0,365.0,4.79,1.19,15.45,1804.0,340.0,6.01,1.08,11.46,1089.0,198.0,3.63,0.63,11.05,1461.0,315.0,4.87,1.01,13.11,4281.0,505.0,14.27,1.49,7.17,3442.0,496.0,11.47,1.53,8.76,4080.0,517.0,13.6,1.55,7.7,2527.0,418.0,8.42,1.31,10.06,2053.0,274.0,6.84,0.83,8.11,3477.0,488.0,11.59,1.49,8.53,1482.0,221.0,4.94,0.68,9.07,1123.0,369.0,3.74,1.21,19.97,5733.0,819.0,19.11,2.52,8.68,24273.0,1157.0,80.89,5.91,2.9,6082.0,590.0,20.27,1.62,5.9,1559.0,574.0,5.2,1.89,22.38,13784.0,1205.0,45.94,3.11,5.31,1436.0,380.0,4.79,1.24,16.09,74.0,87.0,0.25,0.29,71.47,11817.0,1079.0,39.38,2.86,5.55,0.0,,0.0,,,1336.0,462.0,4.45,1.52,21.02,4358.0,1029.0,14.52,3.33,14.35,25648.0,1209.0,85.48,6.21,2.87,11899.0,1029.0,39.66,2.64,5.26,1372.0,364.0,4.57,1.19,16.13,48.0,83.0,0.16,0.28,105.12,11797.0,1077.0,39.32,2.86,5.55,0.0,,0.0,,,216.0,199.0,0.72,0.66,56.01,316.0,145.0,1.05,0.48,27.89
11362,11362,11362,7279.0,539.0,100,,4.5,1722.0,361.0,23.66,4.64,12.74,3611.0,515.0,18.79,2.3,8.67,254.0,91.0,7.03,2.31,21.78,240.0,136.0,6.65,3.65,34.45,1261.0,300.0,34.92,6.65,14.46,673.0,238.0,18.64,6.03,21.5,1183.0,262.0,32.76,5.55,13.46,15017.0,1044.0,78.14,7.89,4.23,733.0,220.0,4.88,1.43,18.25,695.0,226.0,4.63,1.47,19.77,2988.0,481.0,19.9,2.89,9.79,7136.0,892.0,47.52,4.94,7.6,16085.0,1145.0,83.7,8.54,4.33,412.0,125.0,2.56,0.76,18.44,19113.0,1403.0,99.46,0.59,4.46,1672.0,414.0,8.75,2.07,15.05,3132.0,523.0,16.3,2.45,10.15,15.0,25.0,0.48,0.79,101.32,11157.0,1136.0,58.06,4.11,6.19,476.0,192.0,4.27,1.67,24.52,4824.0,534.0,25.1,2.09,6.73,1181.0,356.0,24.48,6.86,18.32,19094.0,1376.0,99.36,10.2,4.38,17610.0,1270.0,92.23,0.26,4.38,1474.0,546.0,7.72,2.8,22.52,10.0,11.0,0.05,0.06,66.87,19217.0,1406.0,100,,4.45,11437.0,976.0,59.52,2.61,5.19,11136.0,978.0,57.95,2.82,5.34,301.0,169.0,1.57,0.87,34.13,7780.0,961.0,40.48,4.03,7.51,6087.0,890.0,78.24,6.12,8.89,1693.0,440.0,21.76,4.98,15.8,1111.0,268.0,14.28,2.96,14.66,5817.0,914.0,74.77,7.26,9.55,42.0,46.0,0.54,0.59,66.58,0.0,,0.0,,,778.0,352.0,10.0,4.35,27.5,32.0,30.0,0.41,0.38,56.99,18296.0,1350.0,95.21,0.91,4.49,7969.0,763.0,43.56,2.66,5.82,4766.0,833.0,26.05,4.13,10.62,1270.0,429.0,6.94,2.29,20.53,6842.0,535.0,94.0,2.36,4.75,6555.0,538.0,90.05,3.19,4.99,16443.0,1211.0,85.56,0.72,4.48,9694.0,1046.0,58.96,4.65,6.56,9198.0,1007.0,55.94,4.53,6.66,496.0,177.0,3.02,1.05,21.69,0.0,,0.0,,,6749.0,710.0,41.04,3.08,6.4,,,5.12,1.74,21.69,8975.0,1013.0,46.7,4.01,6.86,5120.0,682.0,57.05,4.04,8.1,926.0,421.0,10.32,4.54,27.64,1673.0,373.0,18.64,3.58,13.55,164.0,85.0,1.83,0.92,31.51,1001.0,350.0,11.15,3.69,21.26,9198.0,1007.0,47.86,3.9,6.66,0.0,,0.0,,,663.0,380.0,7.21,4.06,34.84,300.0,162.0,3.26,1.72,32.83,277.0,139.0,3.01,1.47,30.5,1150.0,408.0,12.5,4.22,21.57,503.0,196.0,5.47,2.05,23.69,110.0,70.0,1.2,0.75,38.68,1467.0,409.0,15.95,4.09,16.95,931.0,239.0,10.12,2.35,15.61,2140.0,447.0,23.27,4.14,12.7,686.0,373.0,7.46,3.97,33.05,525.0,184.0,5.71,1.9,21.31,446.0,161.0,4.85,1.67,21.94,147.0,98.0,2.02,1.34,40.53,40.0,36.0,0.55,0.49,54.71,334.0,163.0,4.59,2.21,29.67,385.0,153.0,5.29,2.07,24.16,764.0,268.0,10.5,3.6,21.32,1159.0,314.0,15.92,4.15,16.47,790.0,186.0,10.85,2.43,14.31,1440.0,265.0,19.78,3.33,11.19,1132.0,357.0,15.55,4.77,19.17,1088.0,352.0,14.95,4.71,19.67,5569.0,541.0,76.51,4.81,5.91,3083.0,374.0,42.35,4.07,7.37,2215.0,340.0,30.43,4.09,9.33,199.0,87.0,2.73,1.18,26.58,191.0,115.0,2.62,1.57,36.6,261.0,99.0,3.59,1.33,23.06,18217.0,1337.0,95.31,9.89,4.46,13864.0,1340.0,72.54,4.56,5.88,7560.0,763.0,39.55,2.74,6.14,896.0,331.0,4.69,1.7,22.46,9433.0,949.0,49.09,3.39,6.12,9784.0,784.0,50.91,1.66,4.87,921.0,249.0,4.79,1.25,16.44,984.0,278.0,5.12,1.4,17.17,725.0,205.0,3.77,1.03,17.19,766.0,261.0,3.99,1.33,20.71,804.0,228.0,4.18,1.15,17.24,1599.0,414.0,8.32,2.07,15.74,2302.0,422.0,11.98,2.01,11.14,3006.0,687.0,15.64,3.39,13.89,1797.0,363.0,9.35,1.76,12.28,1385.0,422.0,7.21,2.13,18.52,2921.0,464.0,15.2,2.14,9.66,1286.0,309.0,6.69,1.53,14.61,721.0,204.0,3.75,1.03,17.2,3132.0,523.0,16.3,2.45,10.15,16085.0,1145.0,83.7,8.54,4.33,4928.0,544.0,25.64,2.12,6.71,598.0,263.0,3.11,1.35,26.74,8345.0,822.0,43.43,2.86,5.99,521.0,404.0,2.71,2.09,47.14,0.0,,0.0,,,9143.0,1275.0,47.58,5.65,8.48,0.0,,0.0,,,610.0,392.0,3.17,2.03,39.07,1847.0,561.0,9.61,2.83,18.46,17370.0,1343.0,90.39,2.26,4.7,7477.0,692.0,38.91,2.21,5.63,463.0,385.0,2.41,2.0,50.55,0.0,,0.0,,,9143.0,1275.0,47.58,5.65,8.48,0.0,,0.0,,,61.0,96.0,0.32,0.5,95.67,226.0,161.0,1.18,0.83,43.31
11363,11363,11363,2908.0,281.0,100,,5.87,746.0,199.0,25.65,6.38,16.22,1494.0,321.0,20.12,3.74,13.06,117.0,74.0,7.83,4.66,38.45,66.0,85.0,4.42,5.61,78.29,590.0,162.0,39.49,6.75,16.69,327.0,168.0,21.89,10.21,31.23,394.0,144.0,26.37,7.8,22.22,5676.0,666.0,76.45,3.48,7.13,357.0,365.0,6.29,6.39,62.15,202.0,163.0,3.56,2.84,49.05,724.0,204.0,12.76,3.27,17.13,3141.0,309.0,55.34,8.47,5.98,6053.0,680.0,81.53,2.47,6.83,304.0,167.0,5.02,2.7,33.39,7424.0,803.0,100.0,0.0,6.58,832.0,257.0,11.21,3.24,18.78,1371.0,306.0,18.47,3.61,13.57,44.0,56.0,3.21,4.02,77.37,4322.0,501.0,58.22,2.43,7.05,284.0,133.0,6.57,2.98,28.47,1731.0,540.0,23.32,6.82,18.96,504.0,217.0,29.12,8.64,26.17,7410.0,801.0,99.81,15.26,6.57,7035.0,781.0,94.94,2.4,6.75,276.0,122.0,3.72,1.6,26.87,99.0,145.0,1.34,1.95,89.04,7424.0,803.0,100,,6.58,4908.0,555.0,66.11,2.18,6.87,4873.0,556.0,65.64,2.38,6.94,35.0,30.0,0.47,0.4,52.11,2516.0,543.0,33.89,6.33,13.12,1762.0,345.0,70.03,20.41,11.9,754.0,329.0,29.97,11.36,26.53,425.0,297.0,16.89,11.23,42.48,1610.0,358.0,63.99,3.43,13.52,9.0,14.0,0.36,0.55,94.56,0.0,,0.0,,,464.0,367.0,18.44,14.03,48.08,8.0,12.0,0.32,0.47,91.19,7082.0,785.0,95.39,2.31,6.74,3809.0,528.0,53.78,4.48,8.43,1389.0,541.0,19.61,7.32,23.68,672.0,505.0,9.49,7.05,45.68,2832.0,283.0,97.39,2.48,6.07,2749.0,283.0,94.53,3.36,6.26,6145.0,689.0,82.77,2.44,6.82,3951.0,478.0,64.3,2.92,7.35,3695.0,452.0,60.13,2.94,7.44,256.0,88.0,4.17,1.35,20.9,0.0,,0.0,,,2194.0,515.0,35.7,7.36,14.27,,,6.48,2.08,20.9,3651.0,444.0,49.18,2.73,7.39,1495.0,292.0,40.95,6.26,11.87,368.0,190.0,10.08,5.06,31.39,1106.0,205.0,30.29,4.24,11.27,131.0,71.0,3.59,1.9,32.95,540.0,162.0,14.79,4.06,18.24,3695.0,452.0,49.77,2.84,7.44,0.0,,0.0,,,134.0,61.0,3.63,1.59,27.67,164.0,97.0,4.44,2.57,35.96,104.0,64.0,2.81,1.7,37.41,251.0,90.0,6.79,2.29,21.8,149.0,87.0,4.03,2.3,35.49,85.0,68.0,2.3,1.82,48.63,334.0,111.0,9.04,2.79,20.2,771.0,249.0,20.87,6.24,19.63,953.0,202.0,25.79,4.46,12.89,321.0,210.0,8.69,5.58,39.77,233.0,122.0,6.31,3.21,31.83,196.0,83.0,5.3,2.15,25.74,90.0,59.0,3.09,2.01,39.85,8.0,14.0,0.28,0.48,106.38,137.0,61.0,4.71,2.05,27.07,241.0,111.0,8.29,3.73,28.0,212.0,123.0,7.29,4.17,35.27,544.0,211.0,18.71,7.03,23.58,256.0,82.0,8.8,2.69,19.47,411.0,139.0,14.13,4.58,20.56,439.0,161.0,15.1,5.34,22.29,570.0,138.0,19.6,4.35,14.72,2348.0,269.0,80.74,4.97,6.96,1103.0,252.0,37.93,7.85,13.89,816.0,190.0,28.06,5.94,14.15,75.0,45.0,2.58,1.53,36.47,87.0,57.0,2.99,1.94,39.83,122.0,83.0,4.2,2.83,41.36,7028.0,714.0,94.67,14.05,6.18,5084.0,649.0,68.48,4.64,7.76,3238.0,721.0,43.62,8.49,13.54,396.0,205.0,5.33,2.7,31.47,3452.0,484.0,46.5,4.15,8.52,3972.0,471.0,53.5,2.6,7.21,342.0,150.0,4.61,1.96,26.66,450.0,194.0,6.06,2.53,26.21,354.0,160.0,4.77,2.09,27.48,313.0,126.0,4.22,1.63,24.47,289.0,126.0,3.89,1.64,26.5,747.0,171.0,10.06,2.03,13.92,889.0,220.0,11.97,2.67,15.04,1025.0,299.0,13.81,3.74,17.73,702.0,141.0,9.46,1.6,12.21,582.0,148.0,7.84,1.8,15.46,955.0,455.0,12.86,5.97,28.96,545.0,187.0,7.34,2.39,20.86,231.0,109.0,3.11,1.43,28.68,1371.0,306.0,18.47,3.61,13.57,6053.0,680.0,81.53,2.47,6.83,1731.0,540.0,23.32,6.82,18.96,564.0,481.0,7.6,6.43,51.84,4025.0,599.0,54.22,5.54,9.05,62.0,56.0,0.84,0.75,54.91,87.0,114.0,1.17,1.53,79.66,2569.0,452.0,34.6,4.8,10.7,0.0,,0.0,,,117.0,59.0,1.58,0.78,30.65,808.0,527.0,10.88,7.0,39.65,6616.0,651.0,89.12,13.03,5.98,3668.0,595.0,49.41,5.97,9.86,62.0,56.0,0.84,0.75,54.91,87.0,114.0,1.17,1.53,79.66,2569.0,452.0,34.6,4.8,10.7,0.0,,0.0,,,29.0,34.0,0.39,0.46,71.27,201.0,120.0,2.71,1.59,36.29
11364,11364,11364,13797.0,629.0,100,,2.77,4219.0,495.0,30.58,3.31,7.13,8703.0,1108.0,22.31,2.5,7.74,541.0,197.0,6.22,2.12,22.14,546.0,234.0,6.27,2.57,26.05,3514.0,815.0,40.38,7.83,14.1,1841.0,368.0,21.15,3.26,12.15,2261.0,376.0,25.98,2.78,10.11,28505.0,1514.0,73.06,5.86,3.23,2411.0,533.0,8.46,1.82,13.44,1180.0,250.0,4.14,0.85,12.88,6328.0,674.0,22.2,2.05,6.47,12947.0,1031.0,45.42,2.69,4.84,31026.0,1734.0,79.52,6.53,3.4,966.0,313.0,3.11,0.99,19.7,39006.0,2347.0,99.98,0.22,3.66,3662.0,604.0,9.39,1.44,10.03,7989.0,1098.0,20.48,2.53,8.35,171.0,88.0,2.14,1.06,31.28,23233.0,1469.0,59.55,1.16,3.84,1400.0,346.0,6.03,1.44,15.02,7784.0,909.0,19.95,2.0,7.1,2091.0,452.0,26.86,4.89,13.14,38597.0,2296.0,98.93,8.37,3.62,35853.0,2212.0,92.89,1.52,3.75,2562.0,533.0,6.64,1.32,12.65,182.0,84.0,0.47,0.22,28.06,39015.0,2346.0,100,,3.66,22818.0,1717.0,58.49,2.65,4.57,21801.0,1606.0,55.88,2.38,4.48,1017.0,478.0,2.61,1.22,28.57,16197.0,1680.0,41.51,3.51,6.31,11283.0,1202.0,69.66,1.69,6.48,4914.0,899.0,30.34,4.57,11.12,1098.0,347.0,6.78,2.02,19.21,12636.0,1401.0,78.01,3.06,6.74,252.0,222.0,1.56,1.36,53.55,0.0,,0.0,,,2160.0,722.0,13.34,4.24,20.32,51.0,64.0,0.31,0.39,76.29,37018.0,2157.0,94.88,7.94,3.54,15957.0,1376.0,43.11,2.74,5.24,11314.0,1236.0,30.56,2.82,6.64,3471.0,996.0,9.38,2.63,17.44,13009.0,684.0,94.29,2.47,3.2,12504.0,678.0,90.63,2.66,3.3,32041.0,1909.0,82.12,6.95,3.62,19744.0,1355.0,61.62,2.1,4.17,18638.0,1330.0,58.17,2.28,4.34,1106.0,238.0,3.45,0.71,13.08,0.0,,0.0,,,12297.0,1369.0,38.38,3.61,6.77,,,5.6,1.14,13.08,18179.0,1311.0,46.59,1.86,4.38,9068.0,754.0,49.88,2.06,5.05,1599.0,395.0,8.8,2.08,15.02,5356.0,704.0,29.46,3.24,7.99,449.0,180.0,2.47,0.97,24.37,1470.0,328.0,8.09,1.71,13.56,18638.0,1330.0,47.77,1.84,4.34,0.0,,0.0,,,893.0,226.0,4.79,1.16,15.38,514.0,178.0,2.76,0.93,21.05,559.0,200.0,3.0,1.05,21.75,1802.0,352.0,9.67,1.76,11.87,1211.0,353.0,6.5,1.84,17.72,514.0,196.0,2.76,1.03,23.18,1751.0,311.0,9.39,1.53,10.8,2266.0,437.0,12.16,2.18,11.72,5399.0,578.0,28.97,2.31,6.51,1622.0,378.0,8.7,1.93,14.17,1193.0,423.0,6.4,2.22,21.55,914.0,222.0,4.9,1.14,14.77,672.0,180.0,4.87,1.29,16.28,270.0,131.0,1.96,0.95,29.49,732.0,231.0,5.31,1.66,19.18,1027.0,269.0,7.44,1.92,15.92,911.0,207.0,6.6,1.47,13.81,2126.0,381.0,15.41,2.67,10.89,1791.0,352.0,12.98,2.48,11.95,3056.0,478.0,22.15,3.31,9.51,1471.0,285.0,10.66,2.01,11.78,1741.0,300.0,12.62,2.1,10.48,10765.0,621.0,78.02,2.76,3.51,4551.0,463.0,32.99,3.0,6.18,3338.0,456.0,24.19,3.12,8.3,425.0,137.0,3.08,0.98,19.6,322.0,109.0,2.33,0.78,20.58,772.0,187.0,5.6,1.33,14.73,36321.0,2234.0,93.12,1.19,3.74,27420.0,1813.0,70.3,1.93,4.02,13741.0,1273.0,35.23,2.48,5.63,2685.0,689.0,6.88,1.72,15.6,19263.0,1296.0,49.37,1.49,4.09,19752.0,1313.0,50.63,1.43,4.04,1997.0,428.0,5.12,1.05,13.03,2140.0,491.0,5.49,1.21,13.95,2441.0,649.0,6.26,1.62,16.16,2123.0,414.0,5.44,1.01,11.85,1809.0,372.0,4.64,0.91,12.5,3924.0,562.0,10.06,1.31,8.71,4873.0,638.0,12.49,1.45,7.96,5600.0,716.0,14.35,1.62,7.77,3157.0,425.0,8.09,0.97,8.18,3158.0,391.0,8.09,0.88,7.53,5231.0,810.0,13.41,1.91,9.41,1672.0,300.0,4.29,0.72,10.91,890.0,273.0,2.28,0.69,18.65,7989.0,1098.0,20.48,2.53,8.35,31026.0,1734.0,79.52,6.53,3.4,7793.0,909.0,19.97,2.0,7.09,1981.0,771.0,5.08,1.95,23.66,14086.0,1375.0,36.1,2.78,5.93,1228.0,694.0,3.15,1.77,34.36,478.0,412.0,1.23,1.05,52.4,18895.0,1815.0,48.43,3.63,5.84,0.0,,0.0,,,2347.0,911.0,6.02,2.31,23.6,6316.0,1482.0,16.19,3.67,14.26,32699.0,1939.0,83.81,7.08,3.6,12023.0,1212.0,30.82,2.49,6.13,743.0,487.0,1.9,1.24,39.85,292.0,300.0,0.75,0.77,62.46,18715.0,1784.0,47.97,3.55,5.79,0.0,,0.0,,,59.0,54.0,0.15,0.14,55.64,867.0,402.0,2.22,1.02,28.19
11365,11365,11365,16167.0,970.0,100,,3.65,4855.0,774.0,30.03,4.44,9.69,10122.0,1397.0,22.28,2.68,8.39,503.0,235.0,4.97,2.22,28.4,603.0,212.0,5.96,1.93,21.37,3745.0,773.0,37.0,5.68,12.55,2560.0,760.0,25.29,6.65,18.05,2711.0,362.0,26.78,5.14,8.12,32388.0,1986.0,71.28,6.5,3.73,2745.0,522.0,8.48,1.53,11.56,1791.0,444.0,5.53,1.33,15.07,7350.0,957.0,22.69,2.61,7.92,12200.0,1282.0,37.67,3.21,6.39,35756.0,2074.0,78.69,7.0,3.53,698.0,195.0,1.95,0.53,16.98,45439.0,3067.0,100.0,0.0,4.1,4288.0,694.0,9.44,1.39,9.84,9683.0,1514.0,21.31,3.01,9.5,171.0,106.0,1.77,1.06,37.68,28351.0,1998.0,62.39,1.26,4.28,2094.0,553.0,7.39,1.88,16.05,7405.0,871.0,16.3,1.57,7.15,2023.0,375.0,27.32,3.91,11.27,44855.0,3013.0,98.71,9.4,4.08,41047.0,3061.0,91.51,2.96,4.53,3357.0,1031.0,7.48,2.24,18.67,451.0,180.0,1.01,0.4,24.26,45439.0,3067.0,100,,4.1,25204.0,2213.0,55.47,3.11,5.34,24103.0,2156.0,53.04,3.11,5.44,1101.0,327.0,2.42,0.7,18.05,20235.0,1809.0,44.53,2.61,5.43,13676.0,1595.0,67.59,5.06,7.09,6559.0,1009.0,32.41,4.06,9.35,1423.0,365.0,7.03,1.69,15.59,14308.0,1553.0,70.71,4.35,6.6,247.0,180.0,1.22,0.88,44.3,0.0,,0.0,,,4250.0,1426.0,21.0,6.79,20.4,7.0,11.0,0.03,0.05,95.53,42202.0,2780.0,92.88,8.76,4.0,17335.0,1993.0,41.08,3.87,6.99,12916.0,1482.0,30.61,2.88,6.98,5273.0,1904.0,12.49,4.44,21.95,15334.0,887.0,94.85,7.9,3.52,14851.0,930.0,91.86,1.65,3.81,36839.0,2283.0,81.07,7.43,3.77,22876.0,1749.0,62.1,2.78,4.65,21368.0,1647.0,58.0,2.66,4.69,1508.0,506.0,4.09,1.35,20.4,0.0,,0.0,,,13963.0,1382.0,37.9,2.93,6.02,,,6.59,2.15,20.4,20377.0,1527.0,44.84,1.46,4.56,8856.0,1189.0,43.46,4.84,8.16,2210.0,492.0,10.85,2.27,13.53,6301.0,807.0,30.92,3.21,7.79,993.0,332.0,4.87,1.59,20.32,1453.0,530.0,7.13,2.55,22.17,21368.0,1647.0,47.03,1.75,4.69,0.0,,0.0,,,1911.0,487.0,8.94,2.17,15.49,1160.0,370.0,5.43,1.68,19.39,513.0,206.0,2.4,0.95,24.41,2456.0,594.0,11.49,2.63,14.7,1240.0,384.0,5.8,1.74,18.83,477.0,242.0,2.23,1.12,30.84,1793.0,372.0,8.39,1.62,12.61,2076.0,326.0,9.72,1.33,9.55,5847.0,817.0,27.36,3.19,8.49,1582.0,432.0,7.4,1.94,16.6,1588.0,462.0,7.43,2.08,17.69,725.0,283.0,3.39,1.3,23.73,1101.0,323.0,6.81,1.96,17.83,298.0,172.0,1.84,1.06,35.09,1241.0,528.0,7.68,3.23,25.86,1270.0,320.0,7.86,1.92,15.32,1755.0,391.0,10.86,2.33,13.54,2614.0,625.0,16.17,3.74,14.53,2425.0,594.0,15.0,3.56,14.89,2639.0,408.0,16.32,2.33,9.4,1533.0,345.0,9.48,2.06,13.68,1291.0,280.0,7.99,1.66,13.18,12849.0,941.0,79.48,3.34,4.45,4468.0,607.0,27.64,3.37,8.26,3002.0,605.0,18.57,3.57,12.25,710.0,249.0,4.39,1.52,21.32,492.0,339.0,3.04,2.09,41.89,1751.0,416.0,10.83,2.49,14.44,42700.0,3031.0,93.97,2.06,4.32,31025.0,2812.0,68.28,4.13,5.51,16281.0,1695.0,35.83,2.84,6.33,2739.0,653.0,6.03,1.38,14.49,21021.0,1613.0,46.26,1.69,4.66,24418.0,1976.0,53.74,2.4,4.92,3237.0,767.0,7.12,1.62,14.4,1964.0,443.0,4.32,0.93,13.71,2973.0,869.0,6.54,1.86,17.77,2734.0,768.0,6.02,1.64,17.08,2143.0,408.0,4.72,0.84,11.57,5602.0,804.0,12.33,1.56,8.72,5439.0,893.0,11.97,1.79,9.98,5982.0,848.0,13.16,1.64,8.62,4214.0,842.0,9.27,1.74,12.15,3746.0,748.0,8.24,1.55,12.14,3913.0,607.0,8.61,1.2,9.43,2651.0,617.0,5.83,1.3,14.15,841.0,282.0,1.85,0.61,20.38,9683.0,1514.0,21.31,3.01,9.5,35756.0,2074.0,78.69,7.0,3.53,7405.0,871.0,16.3,1.57,7.15,3692.0,1544.0,8.13,3.35,25.42,13825.0,1420.0,30.43,2.36,6.24,4693.0,1415.0,10.33,3.04,18.33,63.0,98.0,0.14,0.22,94.56,19683.0,1851.0,43.32,2.84,5.72,15.0,22.0,0.03,0.05,89.16,3468.0,1652.0,7.63,3.6,28.96,9277.0,2664.0,20.42,5.7,17.46,36162.0,2465.0,79.58,0.76,4.14,11143.0,1322.0,24.52,2.39,7.21,4292.0,1407.0,9.45,3.03,19.93,63.0,98.0,0.14,0.22,94.56,19534.0,1851.0,42.99,2.86,5.76,15.0,22.0,0.03,0.05,89.16,217.0,190.0,0.48,0.42,53.23,898.0,381.0,1.98,0.83,25.79
11366,11366,11366,4619.0,447.0,100,,5.88,1270.0,200.0,27.5,3.42,9.57,3384.0,521.0,24.31,3.13,9.36,198.0,54.0,5.85,1.32,16.58,53.0,42.0,1.57,1.22,48.17,1107.0,249.0,32.71,5.36,13.67,605.0,167.0,17.88,4.1,16.78,1421.0,410.0,41.99,10.25,17.54,9829.0,915.0,70.6,2.74,5.66,770.0,263.0,7.83,2.57,20.76,700.0,188.0,7.12,1.79,16.33,1864.0,335.0,18.96,2.92,10.93,4618.0,679.0,46.98,5.35,8.94,11291.0,1081.0,81.1,3.63,5.82,296.0,133.0,2.62,1.15,27.31,13795.0,1184.0,99.09,1.43,5.22,1560.0,302.0,11.31,1.96,11.77,2622.0,412.0,18.83,2.49,9.55,101.0,67.0,3.85,2.48,40.33,8682.0,1068.0,62.36,5.57,7.48,680.0,234.0,7.83,2.52,20.92,2491.0,287.0,17.89,1.4,7.0,779.0,163.0,31.27,5.46,12.72,13738.0,1171.0,98.68,1.02,5.18,13116.0,1158.0,95.47,2.2,5.37,539.0,193.0,3.92,1.36,21.77,83.0,91.0,0.6,0.66,66.65,13922.0,1178.0,100,,5.14,7420.0,621.0,53.3,6.34,5.09,7210.0,607.0,51.79,6.18,5.12,210.0,103.0,1.51,0.73,29.82,6502.0,880.0,46.7,4.93,8.23,4763.0,655.0,73.25,1.78,8.36,1739.0,523.0,26.75,7.18,18.28,626.0,209.0,9.63,2.94,20.3,4538.0,701.0,69.79,5.2,9.39,226.0,152.0,3.48,2.29,40.89,0.0,,0.0,,,1071.0,396.0,16.47,5.67,22.48,41.0,49.0,0.63,0.75,72.65,13058.0,1141.0,93.79,2.05,5.31,4308.0,598.0,32.99,3.56,8.44,4002.0,638.0,30.65,4.09,9.69,1394.0,440.0,10.68,3.24,19.19,4327.0,462.0,93.68,4.23,6.49,4309.0,453.0,93.29,3.83,6.39,11500.0,1083.0,82.6,3.41,5.72,7152.0,1001.0,62.19,6.44,8.51,6688.0,931.0,58.16,5.96,8.46,464.0,195.0,4.03,1.65,25.55,0.0,,0.0,,,4348.0,379.0,37.81,4.85,5.3,,,6.49,2.57,25.55,6575.0,931.0,47.23,5.36,8.61,2271.0,356.0,34.54,2.32,9.53,544.0,185.0,8.27,2.56,20.67,2301.0,526.0,35.0,6.28,13.9,244.0,113.0,3.71,1.64,28.15,1071.0,437.0,16.29,6.23,24.8,6688.0,931.0,48.04,5.31,8.46,0.0,,0.0,,,371.0,173.0,5.55,2.47,28.35,314.0,218.0,4.69,3.19,42.2,345.0,119.0,5.16,1.63,20.97,821.0,229.0,12.28,2.97,16.96,268.0,136.0,4.01,1.96,30.85,210.0,120.0,3.14,1.74,34.74,478.0,148.0,7.15,1.98,18.82,843.0,341.0,12.6,4.79,24.59,1953.0,533.0,29.2,6.85,16.59,603.0,225.0,9.02,3.12,22.68,242.0,87.0,3.62,1.2,21.85,240.0,83.0,3.59,1.14,21.02,210.0,113.0,4.55,2.41,32.71,99.0,52.0,2.14,1.11,31.93,122.0,68.0,2.64,1.45,33.88,308.0,105.0,6.67,2.18,20.72,427.0,149.0,9.24,3.1,21.21,600.0,162.0,12.99,3.27,16.41,536.0,157.0,11.6,3.21,17.81,924.0,355.0,20.0,7.44,23.36,819.0,218.0,17.73,4.4,16.18,574.0,122.0,12.43,2.35,12.92,3722.0,429.0,80.58,5.04,7.01,1887.0,380.0,40.85,7.21,12.24,1436.0,220.0,31.09,3.69,9.31,139.0,63.0,3.01,1.33,27.55,64.0,43.0,1.39,0.92,40.84,336.0,107.0,7.27,2.21,19.36,12625.0,1160.0,91.52,3.0,5.59,9418.0,950.0,68.27,3.62,6.13,5158.0,760.0,37.39,4.48,8.96,1170.0,319.0,8.48,2.19,16.57,7236.0,824.0,51.98,3.96,6.92,6686.0,590.0,48.02,1.2,5.36,864.0,203.0,6.21,1.36,14.28,613.0,147.0,4.4,0.99,14.58,788.0,215.0,5.66,1.47,16.59,622.0,165.0,4.47,1.12,16.13,1206.0,342.0,8.66,2.34,17.24,1851.0,329.0,13.3,2.08,10.8,1407.0,439.0,10.11,3.04,18.97,1671.0,313.0,12.0,2.01,11.39,1139.0,366.0,8.18,2.54,19.53,1184.0,304.0,8.5,2.06,15.61,1426.0,240.0,10.24,1.49,10.23,807.0,154.0,5.8,0.99,11.6,344.0,123.0,2.47,0.86,21.74,2631.0,412.0,18.9,2.49,9.52,11291.0,1081.0,81.1,3.63,5.82,2577.0,292.0,18.51,1.39,6.89,780.0,489.0,5.6,3.48,38.11,5062.0,758.0,36.36,4.49,9.1,919.0,303.0,6.6,2.1,20.04,0.0,,0.0,,,6193.0,673.0,44.48,3.03,6.61,0.0,,0.0,,,968.0,554.0,6.95,3.94,34.79,1647.0,476.0,11.83,3.27,17.57,12275.0,1144.0,88.17,3.44,5.67,4697.0,734.0,33.74,4.43,9.5,843.0,300.0,6.06,2.09,21.63,0.0,,0.0,,,6162.0,673.0,44.26,3.06,6.64,0.0,,0.0,,,63.0,95.0,0.45,0.68,91.67,510.0,426.0,3.66,3.04,50.78
11367,11367,11367,14568.0,728.0,100,,3.04,4498.0,606.0,30.88,3.86,8.19,11631.0,1220.0,27.46,2.34,6.38,1263.0,375.0,10.86,3.02,18.05,519.0,237.0,4.46,1.98,27.76,3978.0,705.0,34.2,4.89,10.77,1680.0,428.0,14.44,3.35,15.49,4191.0,605.0,36.03,3.57,8.78,28553.0,1814.0,67.4,1.15,3.86,2424.0,672.0,8.49,2.29,16.85,1736.0,528.0,6.08,1.81,18.49,7138.0,924.0,25.0,2.82,7.87,12301.0,1194.0,43.08,3.16,5.9,32379.0,1981.0,76.43,6.61,3.72,831.0,252.0,2.57,0.76,18.43,42334.0,2590.0,99.93,8.65,3.72,4645.0,757.0,10.97,1.66,9.91,9968.0,1186.0,23.53,2.4,7.23,268.0,112.0,2.69,1.08,25.4,24425.0,1616.0,57.66,1.45,4.02,1615.0,339.0,6.61,1.32,12.76,7941.0,1204.0,18.75,2.6,9.22,2762.0,661.0,34.78,6.44,14.55,41432.0,2519.0,97.8,8.44,3.7,37671.0,2365.0,90.92,1.42,3.82,3312.0,786.0,7.99,1.83,14.43,449.0,232.0,1.08,0.56,31.41,42362.0,2592.0,100,,3.72,24753.0,1993.0,58.43,3.06,4.89,23570.0,1955.0,55.64,3.12,5.04,1183.0,349.0,2.79,0.81,17.93,17609.0,1438.0,41.57,2.25,4.96,11477.0,1195.0,65.18,4.21,6.33,6132.0,847.0,34.82,3.88,8.4,2310.0,634.0,13.12,3.44,16.68,11175.0,1420.0,63.46,6.18,7.72,534.0,310.0,3.03,1.74,35.29,0.0,,0.0,,,3509.0,858.0,19.93,4.59,14.86,81.0,64.0,0.46,0.36,48.03,38720.0,2384.0,91.4,0.63,3.74,15787.0,1566.0,40.77,3.17,6.03,11350.0,1341.0,29.31,2.96,7.18,4988.0,1052.0,12.88,2.6,12.82,13211.0,711.0,90.69,1.81,3.27,12261.0,656.0,84.16,1.61,3.25,33302.0,2051.0,78.61,0.55,3.74,19950.0,1378.0,59.91,1.87,4.2,18746.0,1347.0,56.29,2.08,4.37,1190.0,304.0,3.57,0.89,15.53,14.0,20.0,0.04,0.06,86.84,13352.0,1485.0,40.09,3.71,6.76,,,5.96,1.47,15.53,18191.0,1334.0,42.94,1.74,4.46,6793.0,701.0,37.34,2.71,6.27,1313.0,321.0,7.22,1.68,14.86,7103.0,938.0,39.05,4.29,8.03,1304.0,336.0,7.17,1.77,15.66,1297.0,394.0,7.13,2.1,18.47,18746.0,1347.0,44.25,1.67,4.37,17.0,33.0,0.09,0.18,118.0,1214.0,465.0,6.48,2.44,23.28,485.0,182.0,2.59,0.95,22.81,394.0,171.0,2.1,0.9,26.38,1375.0,321.0,7.33,1.63,14.19,1200.0,306.0,6.4,1.57,15.5,299.0,136.0,1.6,0.72,27.65,1462.0,303.0,7.8,1.52,12.6,2622.0,511.0,13.99,2.53,11.85,6562.0,1010.0,35.0,4.76,9.36,1365.0,341.0,7.28,1.74,15.19,1277.0,341.0,6.81,1.75,16.23,474.0,204.0,2.53,1.07,26.16,787.0,211.0,5.4,1.42,16.3,724.0,194.0,4.97,1.31,16.29,1445.0,300.0,9.92,2.0,12.62,1467.0,434.0,10.07,2.94,17.98,1132.0,296.0,7.77,1.99,15.9,1931.0,356.0,13.26,2.35,11.21,2069.0,376.0,14.2,2.48,11.05,2090.0,333.0,14.35,2.17,9.69,1544.0,328.0,10.6,2.19,12.91,1379.0,348.0,9.47,2.34,15.34,11678.0,754.0,80.16,3.28,3.92,4684.0,492.0,32.15,2.97,6.39,2699.0,410.0,18.53,2.66,9.23,808.0,275.0,5.55,1.87,20.69,508.0,192.0,3.49,1.31,22.98,2920.0,481.0,20.04,3.15,10.01,39978.0,2427.0,94.43,8.14,3.69,26406.0,1792.0,62.38,1.83,4.13,18037.0,1828.0,42.61,3.44,6.16,2356.0,632.0,5.57,1.45,16.31,20381.0,1303.0,48.11,0.89,3.89,21981.0,1657.0,51.89,2.28,4.58,3642.0,604.0,8.6,1.33,10.08,2685.0,562.0,6.34,1.27,12.72,2269.0,517.0,5.36,1.18,13.85,2636.0,533.0,6.22,1.2,12.29,2577.0,456.0,6.08,1.01,10.76,5814.0,711.0,13.72,1.45,7.43,5094.0,675.0,12.02,1.41,8.06,5122.0,684.0,12.09,1.44,8.12,2183.0,392.0,5.15,0.87,10.92,2390.0,426.0,5.64,0.94,10.84,4020.0,646.0,9.49,1.41,9.77,2751.0,554.0,6.49,1.25,12.24,1179.0,549.0,2.78,1.28,28.31,9969.0,1186.0,23.53,2.4,7.23,32393.0,1983.0,76.47,0.15,3.72,7950.0,1203.0,18.77,2.6,9.2,2060.0,786.0,4.86,1.83,23.19,21738.0,1851.0,51.31,3.04,5.18,3120.0,741.0,7.37,1.69,14.44,142.0,108.0,0.34,0.25,46.23,12050.0,1569.0,28.45,3.27,7.92,0.0,,0.0,,,3252.0,1031.0,7.68,2.39,19.27,7157.0,1304.0,16.89,2.9,11.08,35205.0,2514.0,83.11,3.06,4.34,19117.0,1786.0,45.13,3.19,5.68,2713.0,685.0,6.4,1.57,15.35,75.0,89.0,0.18,0.21,72.14,11983.0,1575.0,28.29,3.29,7.99,0.0,,0.0,,,135.0,109.0,0.32,0.26,49.08,1182.0,532.0,2.79,1.24,27.36
11368,11368,11368,29550.0,881.0,100,,1.81,12777.0,829.0,43.24,2.49,3.94,30306.0,2211.0,26.02,1.61,4.44,2224.0,439.0,7.34,1.35,12.0,1356.0,338.0,4.47,1.07,15.15,12806.0,1341.0,42.26,3.17,6.37,6928.0,965.0,22.86,2.71,8.47,6992.0,859.0,23.07,2.28,7.47,77319.0,3020.0,66.39,0.33,2.37,20079.0,1766.0,25.97,2.05,5.35,7468.0,973.0,9.66,1.2,7.92,25022.0,1769.0,32.36,1.91,4.3,10449.0,992.0,13.51,1.17,5.77,86887.0,3284.0,74.6,4.04,2.3,1021.0,400.0,1.18,0.46,23.82,116111.0,4468.0,99.69,5.44,2.34,10878.0,991.0,9.37,0.77,5.54,29579.0,2214.0,25.4,1.63,4.55,1499.0,419.0,5.07,1.36,16.99,75483.0,3176.0,64.81,1.06,2.56,4790.0,628.0,6.35,0.79,7.97,11049.0,1083.0,9.49,0.85,5.96,4589.0,615.0,41.53,3.8,8.15,114998.0,4392.0,98.74,5.37,2.32,105421.0,4465.0,91.67,1.68,2.57,7745.0,1388.0,6.73,1.18,10.89,1832.0,714.0,1.59,0.62,23.69,116469.0,4513.0,100,,2.36,45270.0,2410.0,38.87,1.42,3.24,43121.0,2255.0,37.02,1.3,3.18,2149.0,508.0,1.85,0.43,14.37,71199.0,3281.0,61.13,1.52,2.8,24552.0,1857.0,34.48,2.07,4.6,46647.0,2897.0,65.52,2.73,3.78,1064.0,493.0,1.49,0.69,28.17,10843.0,1733.0,15.23,2.33,9.72,1620.0,733.0,2.28,1.02,27.51,0.0,,0.0,,,57654.0,3214.0,80.98,2.54,3.39,18.0,27.0,0.03,0.04,91.19,108161.0,4312.0,92.87,0.87,2.42,15365.0,1576.0,14.21,1.34,6.24,58245.0,2961.0,53.85,1.7,3.09,77135.0,3864.0,71.31,2.16,3.05,27565.0,892.0,93.28,1.17,1.97,23648.0,900.0,80.03,1.89,2.31,90435.0,3475.0,77.65,4.24,2.34,61219.0,2738.0,67.69,1.55,2.72,58074.0,2687.0,64.22,1.66,2.81,3145.0,467.0,3.48,0.5,9.03,0.0,,0.0,,,29216.0,1790.0,32.31,1.54,3.72,,,5.14,0.73,9.03,56049.0,2717.0,48.12,1.4,2.95,8557.0,964.0,15.27,1.55,6.85,3343.0,722.0,5.96,1.26,13.13,35918.0,2453.0,64.08,3.08,4.15,5522.0,882.0,9.85,1.5,9.71,1562.0,378.0,2.79,0.66,14.71,58074.0,2687.0,49.86,1.26,2.81,34.0,37.0,0.06,0.06,66.15,10693.0,1068.0,18.41,1.63,6.07,2277.0,463.0,3.92,0.78,12.36,810.0,225.0,1.39,0.38,16.89,6163.0,795.0,10.61,1.28,7.84,4018.0,613.0,6.92,1.01,9.27,659.0,255.0,1.13,0.44,23.52,1996.0,392.0,3.44,0.66,11.94,4940.0,690.0,8.51,1.12,8.49,8760.0,857.0,15.08,1.3,5.95,11632.0,1402.0,20.03,2.23,7.33,5018.0,660.0,8.64,1.06,8.0,1074.0,355.0,1.85,0.61,20.09,1184.0,335.0,4.01,1.13,17.2,1631.0,525.0,5.52,1.77,19.57,2508.0,499.0,8.49,1.67,12.1,2616.0,619.0,8.85,2.08,14.38,3561.0,534.0,12.05,1.77,9.12,5982.0,674.0,20.24,2.2,6.85,4311.0,541.0,14.59,1.78,7.63,4455.0,623.0,15.08,2.06,8.5,1856.0,393.0,6.28,1.32,12.87,1446.0,420.0,4.89,1.41,17.66,25216.0,856.0,85.33,1.39,2.06,6834.0,743.0,23.13,2.42,6.61,3329.0,568.0,11.27,1.89,10.37,2498.0,710.0,8.45,2.39,17.28,1096.0,261.0,3.71,0.88,14.48,7902.0,859.0,26.74,2.8,6.61,89523.0,3616.0,77.1,0.95,2.46,44719.0,3090.0,38.51,2.21,4.2,58700.0,3166.0,50.56,1.91,3.28,26588.0,2298.0,22.9,1.77,5.25,61838.0,3183.0,53.09,1.8,3.13,54631.0,2201.0,46.91,0.52,2.45,8308.0,875.0,7.13,0.7,6.4,7795.0,911.0,6.69,0.74,7.1,8560.0,1148.0,7.35,0.94,8.15,7570.0,936.0,6.5,0.76,7.52,6917.0,765.0,5.94,0.62,6.72,20204.0,1505.0,17.35,1.1,4.53,19292.0,1398.0,16.56,1.01,4.41,16014.0,1294.0,13.75,0.97,4.91,5752.0,749.0,4.94,0.61,7.92,4737.0,734.0,4.07,0.61,9.42,6472.0,944.0,5.56,0.78,8.87,3285.0,462.0,2.82,0.38,8.55,1563.0,357.0,1.34,0.3,13.88,29582.0,2213.0,25.4,1.63,4.55,86887.0,3284.0,74.6,4.04,2.3,11320.0,1097.0,9.72,0.86,5.89,10411.0,2354.0,8.94,1.99,13.75,31219.0,2783.0,26.8,2.15,5.42,10511.0,1641.0,9.02,1.36,9.49,898.0,408.0,0.77,0.35,27.62,14504.0,2148.0,12.45,1.78,9.0,24.0,34.0,0.02,0.03,86.12,48902.0,3700.0,41.99,2.73,4.6,88079.0,4317.0,75.62,2.27,2.98,28390.0,2126.0,24.38,1.56,4.55,5670.0,1264.0,4.87,1.07,13.55,7947.0,1408.0,6.82,1.18,10.77,67.0,81.0,0.06,0.07,73.49,13502.0,1962.0,11.59,1.62,8.83,0.0,,0.0,,,547.0,289.0,0.47,0.25,32.12,657.0,426.0,0.56,0.37,39.42
11369,11369,"11369, 11371",9551.0,653.0,100,,4.16,2783.0,293.0,29.14,2.33,6.4,7073.0,734.0,22.42,1.79,6.31,329.0,126.0,4.65,1.71,23.28,107.0,57.0,1.51,0.79,32.38,2816.0,467.0,39.81,5.15,10.08,1602.0,287.0,22.65,3.31,10.89,2219.0,331.0,31.37,3.36,9.07,23125.0,1611.0,73.3,1.59,4.23,2697.0,366.0,11.66,1.36,8.25,2116.0,418.0,9.15,1.69,12.01,8105.0,789.0,35.05,2.38,5.92,5431.0,670.0,23.49,2.39,7.5,25552.0,1741.0,80.99,1.31,4.14,506.0,138.0,1.98,0.52,16.58,31081.0,2086.0,98.51,1.1,4.08,3144.0,461.0,10.12,1.32,8.91,5984.0,658.0,18.97,1.67,6.68,104.0,61.0,1.74,1.0,35.66,20269.0,1501.0,64.24,2.13,4.5,1390.0,262.0,6.86,1.19,11.46,4828.0,648.0,15.3,1.79,8.16,1650.0,366.0,34.18,6.04,13.48,31304.0,2071.0,99.22,9.28,4.02,29602.0,1970.0,94.56,0.68,4.05,1528.0,442.0,4.88,1.37,17.58,174.0,93.0,0.56,0.29,32.49,31550.0,2088.0,100,,4.02,14326.0,1188.0,45.41,2.27,5.04,13780.0,1142.0,43.68,2.18,5.04,546.0,161.0,1.73,0.5,17.93,17224.0,1361.0,54.59,2.36,4.8,9990.0,933.0,58.0,2.89,5.68,7234.0,954.0,42.0,4.43,8.02,620.0,269.0,3.6,1.54,26.38,3790.0,634.0,22.0,3.24,10.17,419.0,185.0,2.43,1.06,26.84,9.0,19.0,0.05,0.11,128.34,12377.0,1261.0,71.86,4.62,6.19,9.0,18.0,0.05,0.1,121.58,30060.0,2057.0,95.28,1.66,4.16,8679.0,815.0,28.87,1.86,5.71,12021.0,1170.0,39.99,2.77,5.92,15988.0,1602.0,53.19,3.89,6.09,8994.0,647.0,94.17,2.11,4.37,8404.0,616.0,87.99,2.33,4.46,26269.0,1812.0,83.26,1.62,4.19,15720.0,1201.0,59.84,1.97,4.64,14459.0,1143.0,55.04,2.13,4.81,1251.0,238.0,4.76,0.84,11.57,10.0,20.0,0.04,0.08,121.58,10549.0,991.0,40.16,2.56,5.71,,,7.96,1.39,11.57,13023.0,1018.0,41.28,1.72,4.75,3848.0,494.0,29.55,3.01,7.8,824.0,220.0,6.33,1.62,16.23,6597.0,689.0,50.66,3.51,6.35,620.0,183.0,4.76,1.36,17.94,797.0,248.0,6.12,1.84,18.92,14459.0,1143.0,45.83,1.98,4.81,19.0,25.0,0.13,0.17,79.99,1619.0,286.0,11.2,1.77,10.74,504.0,178.0,3.49,1.2,21.47,166.0,90.0,1.15,0.62,32.96,1771.0,419.0,12.25,2.73,14.38,1181.0,259.0,8.17,1.67,13.33,349.0,195.0,2.41,1.34,33.97,646.0,162.0,4.47,1.06,15.24,1286.0,208.0,8.89,1.26,9.83,3736.0,608.0,25.84,3.68,9.89,1885.0,303.0,13.04,1.82,9.77,899.0,209.0,6.22,1.36,14.13,398.0,121.0,2.75,0.81,18.48,605.0,223.0,6.33,2.29,22.41,305.0,130.0,3.19,1.34,25.91,520.0,151.0,5.44,1.54,17.65,725.0,156.0,7.59,1.55,13.08,1240.0,256.0,12.98,2.53,12.55,1942.0,338.0,20.33,3.25,10.58,1108.0,230.0,11.6,2.27,12.62,1814.0,408.0,18.99,4.07,13.67,716.0,122.0,7.5,1.17,10.36,576.0,165.0,6.03,1.68,17.41,7765.0,586.0,81.3,2.6,4.59,3124.0,361.0,32.71,3.05,7.02,1747.0,264.0,18.29,2.47,9.19,521.0,137.0,5.45,1.39,15.99,262.0,84.0,2.74,0.86,19.49,1209.0,274.0,12.66,2.74,13.78,27481.0,1869.0,88.42,0.97,4.13,16015.0,1270.0,51.53,2.18,4.82,14311.0,1335.0,46.04,2.98,5.67,3600.0,657.0,11.58,1.97,11.09,16033.0,1183.0,50.82,1.66,4.49,15517.0,1148.0,49.18,1.63,4.5,1490.0,296.0,4.72,0.88,12.08,1329.0,277.0,4.21,0.83,12.67,2025.0,410.0,6.42,1.23,12.31,1823.0,309.0,5.78,0.9,10.3,1758.0,317.0,5.57,0.93,10.96,4674.0,666.0,14.81,1.87,8.66,4276.0,597.0,13.55,1.67,8.49,4516.0,513.0,14.31,1.32,6.91,2402.0,430.0,7.61,1.27,10.88,2115.0,334.0,6.7,0.96,9.6,2987.0,532.0,9.47,1.57,10.83,1524.0,311.0,4.83,0.93,12.41,631.0,171.0,2.0,0.53,16.47,5988.0,659.0,18.98,1.67,6.69,25562.0,1745.0,81.02,1.36,4.15,5142.0,651.0,16.3,1.76,7.7,2313.0,537.0,7.33,1.63,14.11,7895.0,997.0,25.02,2.69,7.68,5823.0,798.0,18.46,2.21,8.33,152.0,107.0,0.48,0.34,42.79,5067.0,791.0,16.06,2.27,9.49,5.0,18.0,0.02,0.06,218.84,10295.0,1400.0,32.63,3.88,8.27,17659.0,1671.0,55.97,3.79,5.75,13891.0,1142.0,44.03,2.15,5.0,2893.0,640.0,9.17,1.94,13.45,5216.0,749.0,16.53,2.11,8.73,43.0,69.0,0.14,0.22,97.55,5055.0,792.0,16.02,2.28,9.52,5.0,18.0,0.02,0.06,218.84,71.0,69.0,0.23,0.22,59.08,608.0,295.0,1.93,0.93,29.5
11370,11370,11370,7823.0,521.0,100,,4.05,2005.0,311.0,25.63,3.59,9.43,5476.0,784.0,18.39,2.33,8.7,380.0,234.0,6.94,4.16,37.43,157.0,89.0,2.87,1.57,34.46,1943.0,467.0,35.48,6.85,14.61,1025.0,262.0,18.72,3.96,15.54,1971.0,312.0,35.99,2.43,9.62,22711.0,1654.0,76.26,2.16,4.43,2627.0,504.0,11.57,2.05,11.66,3295.0,491.0,14.51,1.89,9.06,8191.0,952.0,36.07,3.27,7.07,4920.0,516.0,21.66,1.63,6.38,25510.0,1772.0,85.66,1.54,4.22,294.0,187.0,1.15,0.73,38.67,23112.0,1739.0,77.61,2.64,4.57,2265.0,404.0,9.8,1.58,10.84,4172.0,737.0,14.01,2.29,10.74,75.0,64.0,1.8,1.5,51.87,15003.0,1353.0,50.38,3.04,5.48,811.0,258.0,5.41,1.65,19.34,3937.0,495.0,13.22,1.41,7.64,1379.0,323.0,35.03,6.92,14.24,29697.0,1990.0,99.72,9.46,4.07,24914.0,1737.0,83.89,1.61,4.24,4685.0,890.0,15.78,2.8,11.55,98.0,63.0,0.33,0.21,39.08,29780.0,1998.0,100,,4.08,16803.0,1377.0,56.42,2.66,4.98,16090.0,1309.0,54.03,2.49,4.95,713.0,210.0,2.39,0.69,17.9,12977.0,1250.0,43.58,3.01,5.86,8151.0,982.0,62.81,4.55,7.32,4826.0,683.0,37.19,3.86,8.6,1810.0,382.0,13.95,2.62,12.83,4482.0,673.0,34.54,3.98,9.13,485.0,490.0,3.74,3.76,61.42,0.0,,0.0,,,6176.0,833.0,47.59,4.49,8.2,24.0,42.0,0.18,0.32,106.38,28708.0,1910.0,96.4,9.11,4.04,11513.0,1181.0,40.1,3.13,6.24,9371.0,1013.0,32.64,2.78,6.57,8702.0,1008.0,30.31,2.87,7.04,7151.0,539.0,91.41,3.23,4.58,6984.0,514.0,89.28,2.8,4.47,26017.0,1779.0,87.36,1.15,4.16,11531.0,1127.0,44.32,3.1,5.94,10486.0,962.0,40.3,2.47,5.58,1045.0,476.0,4.02,1.81,27.69,0.0,,0.0,,,14486.0,1104.0,55.68,1.87,4.63,,,9.06,4.03,27.69,9259.0,931.0,31.09,2.33,6.11,2677.0,390.0,28.91,3.05,8.86,573.0,201.0,6.19,2.08,21.32,4336.0,690.0,46.83,5.78,9.67,408.0,166.0,4.41,1.74,24.73,1001.0,327.0,10.81,3.36,19.86,10486.0,962.0,35.21,2.2,5.58,0.0,,0.0,,,795.0,201.0,7.58,1.79,15.37,402.0,134.0,3.83,1.23,20.26,330.0,130.0,3.15,1.21,23.95,982.0,294.0,9.36,2.67,18.2,1102.0,295.0,10.51,2.64,16.27,361.0,165.0,3.44,1.54,27.79,729.0,143.0,6.95,1.21,11.92,1230.0,248.0,11.73,2.11,12.26,2222.0,480.0,21.19,4.14,13.13,1079.0,248.0,10.29,2.17,13.97,771.0,202.0,7.35,1.8,15.93,483.0,250.0,4.61,2.35,31.46,374.0,178.0,4.78,2.25,28.93,260.0,151.0,3.32,1.92,35.31,612.0,220.0,7.82,2.76,21.85,705.0,260.0,9.01,3.27,22.42,610.0,172.0,7.8,2.14,17.14,1600.0,396.0,20.45,4.88,15.05,1079.0,273.0,13.79,3.37,15.38,1334.0,339.0,17.05,4.18,15.45,591.0,161.0,7.55,2.0,16.56,658.0,171.0,8.41,2.11,15.8,5835.0,465.0,74.59,3.26,4.84,2706.0,338.0,34.59,3.66,7.59,1535.0,329.0,19.62,4.0,13.03,527.0,170.0,6.74,2.13,19.61,248.0,96.0,3.17,1.21,23.53,949.0,302.0,12.13,3.77,19.35,21477.0,1634.0,92.93,1.05,4.63,13452.0,1438.0,58.2,4.42,6.5,10333.0,1183.0,44.71,3.86,6.96,1635.0,543.0,7.07,2.29,20.19,17465.0,1323.0,58.65,2.06,4.6,12315.0,1003.0,41.35,1.91,4.95,1072.0,318.0,3.6,1.04,18.03,1171.0,297.0,3.93,0.96,15.42,1273.0,319.0,4.27,1.03,15.23,1651.0,380.0,5.54,1.22,13.99,1902.0,272.0,6.39,0.81,8.69,5904.0,888.0,19.83,2.67,9.14,4940.0,572.0,16.59,1.57,7.04,4429.0,444.0,14.87,1.11,6.09,1833.0,364.0,6.16,1.15,12.07,1578.0,434.0,5.3,1.41,16.72,2243.0,381.0,7.53,1.18,10.33,1024.0,224.0,3.44,0.72,13.3,760.0,245.0,2.55,0.8,19.6,4270.0,735.0,14.34,2.27,10.46,25510.0,1772.0,85.66,1.54,4.22,4027.0,503.0,13.52,1.42,7.59,1988.0,703.0,6.68,2.32,21.5,12282.0,1214.0,41.24,2.99,6.01,4084.0,731.0,13.71,2.28,10.88,406.0,361.0,1.36,1.21,54.05,6612.0,1101.0,22.2,3.38,10.12,20.0,32.0,0.07,0.11,97.26,4388.0,664.0,14.73,2.0,9.2,11304.0,1074.0,37.96,2.55,5.78,18476.0,1669.0,62.04,3.75,5.49,7573.0,1155.0,25.43,3.48,9.27,3816.0,670.0,12.81,2.08,10.67,93.0,91.0,0.31,0.3,59.48,6602.0,1101.0,22.17,3.38,10.14,0.0,,0.0,,,54.0,48.0,0.18,0.16,54.04,338.0,156.0,1.13,0.52,28.06
11372,11372,11372,25164.0,1047.0,100,,2.53,6993.0,832.0,27.79,3.1,7.23,12695.0,1355.0,18.88,1.74,6.49,643.0,245.0,5.06,1.85,23.16,830.0,458.0,6.54,3.54,33.54,5732.0,794.0,45.15,3.99,8.42,2356.0,506.0,18.56,3.46,13.06,3134.0,591.0,24.69,3.84,11.46,50274.0,2525.0,74.75,5.48,3.05,6412.0,1014.0,12.75,1.91,9.61,3933.0,746.0,7.82,1.43,11.53,14006.0,1400.0,27.86,2.41,6.08,16492.0,1517.0,32.8,2.53,5.59,54035.0,2629.0,80.35,5.8,2.96,833.0,268.0,1.54,0.49,19.56,66979.0,3597.0,99.59,0.6,3.26,7660.0,945.0,11.44,1.27,7.5,13217.0,1678.0,19.65,2.26,7.72,367.0,204.0,2.78,1.5,33.79,43744.0,2482.0,65.04,1.25,3.45,3912.0,669.0,8.94,1.44,10.4,10018.0,1045.0,14.9,1.34,6.34,3381.0,545.0,33.75,4.15,9.8,66224.0,3441.0,98.47,7.33,3.16,62145.0,3148.0,93.84,6.81,3.08,3533.0,906.0,5.33,1.34,15.59,546.0,502.0,0.82,0.76,55.89,67252.0,3589.0,100,,3.24,28396.0,2290.0,42.22,2.55,4.9,26323.0,2267.0,39.14,2.65,5.24,2073.0,510.0,3.08,0.74,14.96,38856.0,2515.0,57.78,2.12,3.93,18938.0,1716.0,48.74,3.09,5.51,19918.0,1997.0,51.26,3.93,6.09,3436.0,949.0,8.84,2.37,16.79,10455.0,1295.0,26.91,2.84,7.53,949.0,751.0,2.44,1.93,48.11,19.0,25.0,0.05,0.06,79.99,23745.0,2375.0,61.11,4.66,6.08,252.0,344.0,0.65,0.88,82.98,63280.0,3244.0,94.09,6.96,3.12,14601.0,1355.0,23.07,1.78,5.64,27245.0,2139.0,43.05,2.56,4.77,31759.0,2379.0,50.19,2.74,4.55,23761.0,1121.0,94.42,2.1,2.87,21512.0,1156.0,85.49,2.91,3.27,55417.0,2779.0,82.4,6.03,3.05,37472.0,2355.0,67.62,2.56,3.82,34114.0,2210.0,61.56,2.52,3.94,3358.0,707.0,6.06,1.24,12.8,0.0,,0.0,,,17945.0,1434.0,32.38,2.01,4.86,,,8.96,1.8,12.8,32923.0,2152.0,48.95,1.85,3.97,4704.0,740.0,14.29,2.04,9.56,1427.0,682.0,4.33,2.05,29.05,18828.0,1602.0,57.19,3.12,5.17,3367.0,627.0,10.23,1.78,11.32,3364.0,905.0,10.22,2.67,16.35,34114.0,2210.0,50.73,1.86,3.94,77.0,82.0,0.23,0.24,64.74,2789.0,612.0,8.18,1.71,13.34,1207.0,413.0,3.54,1.19,20.8,392.0,163.0,1.15,0.47,25.28,2835.0,542.0,8.31,1.49,11.62,2663.0,501.0,7.81,1.38,11.44,840.0,228.0,2.46,0.65,16.5,2197.0,518.0,6.44,1.46,14.33,5171.0,751.0,15.16,1.97,8.83,6962.0,967.0,20.41,2.51,8.44,5404.0,883.0,15.84,2.38,9.93,2399.0,534.0,7.03,1.5,13.53,1178.0,309.0,3.45,0.88,15.95,957.0,272.0,3.8,1.07,17.28,1366.0,314.0,5.43,1.23,13.97,2221.0,512.0,8.83,2.0,14.01,2108.0,374.0,8.38,1.44,10.79,3350.0,587.0,13.31,2.27,10.65,4563.0,772.0,18.13,2.97,10.28,3355.0,537.0,13.33,2.06,9.73,3581.0,561.0,14.23,2.15,9.52,1857.0,380.0,7.38,1.48,12.44,1806.0,367.0,7.18,1.43,12.35,20723.0,1076.0,82.35,2.56,3.16,7028.0,763.0,27.93,2.8,6.6,4256.0,710.0,16.91,2.73,10.14,1216.0,223.0,4.83,0.86,11.15,1122.0,339.0,4.46,1.33,18.37,3650.0,571.0,14.5,2.19,9.51,59962.0,3508.0,89.52,2.08,3.56,33412.0,2612.0,49.88,2.83,4.75,32552.0,2779.0,48.6,3.23,5.19,7017.0,1310.0,10.48,1.87,11.35,33734.0,2258.0,50.16,2.03,4.07,33518.0,1873.0,49.84,0.83,3.4,3972.0,940.0,5.91,1.36,14.39,3860.0,721.0,5.74,1.03,11.35,3552.0,657.0,5.28,0.94,11.24,2547.0,530.0,3.79,0.76,12.65,3047.0,518.0,4.53,0.73,10.33,9333.0,1027.0,13.88,1.34,6.69,12016.0,1217.0,17.87,1.54,6.16,9995.0,1039.0,14.86,1.33,6.32,5014.0,910.0,7.46,1.29,11.03,3648.0,515.0,5.42,0.71,8.58,6282.0,825.0,9.34,1.12,7.98,2847.0,533.0,4.23,0.76,11.38,1139.0,285.0,1.69,0.41,15.21,13217.0,1678.0,19.65,2.26,7.72,54035.0,2629.0,80.35,5.8,2.96,10268.0,1040.0,15.27,1.31,6.16,8192.0,1886.0,12.18,2.73,14.0,28687.0,2460.0,42.66,2.86,5.21,2437.0,978.0,3.62,1.44,24.4,215.0,128.0,0.32,0.19,36.19,14582.0,1881.0,21.68,2.55,7.84,207.0,208.0,0.31,0.31,61.08,12932.0,2237.0,19.23,3.16,10.52,35999.0,2590.0,53.53,2.58,4.37,31253.0,2608.0,46.47,2.98,5.07,12518.0,1746.0,18.61,2.4,8.48,1925.0,940.0,2.86,1.39,29.68,0.0,,0.0,,,14431.0,1876.0,21.46,2.54,7.9,63.0,99.0,0.09,0.15,95.53,445.0,266.0,0.66,0.39,36.34,1871.0,903.0,2.78,1.33,29.34
11373,11373,11373,31438.0,1038.0,100,,2.01,10811.0,656.0,34.39,1.75,3.69,23660.0,1699.0,23.17,1.44,4.37,1156.0,338.0,4.89,1.38,17.77,876.0,260.0,3.7,1.07,18.04,9770.0,1020.0,41.29,3.13,6.35,5290.0,717.0,22.36,2.57,8.24,6568.0,713.0,27.76,2.26,6.6,72671.0,2590.0,71.17,3.6,2.17,12639.0,1122.0,17.39,1.41,5.4,5592.0,794.0,7.69,1.06,8.63,21076.0,1265.0,29.0,1.4,3.65,21644.0,1461.0,29.78,1.71,4.1,80236.0,2983.0,78.58,0.79,2.26,847.0,278.0,1.06,0.34,19.95,101709.0,3624.0,99.61,5.03,2.17,7982.0,838.0,7.85,0.78,6.38,21847.0,1448.0,21.4,1.19,4.03,568.0,236.0,2.6,1.07,25.26,66709.0,2911.0,65.33,1.63,2.65,2867.0,599.0,4.3,0.88,12.7,13153.0,1107.0,12.88,0.98,5.12,4547.0,773.0,34.57,5.11,10.33,101148.0,3634.0,99.06,0.29,2.18,93640.0,3410.0,92.58,0.55,2.21,6380.0,979.0,6.31,0.94,9.33,1128.0,361.0,1.12,0.35,19.46,102104.0,3656.0,100,,2.18,34177.0,1941.0,33.47,1.48,3.45,32434.0,1863.0,31.77,1.43,3.49,1743.0,418.0,1.71,0.4,14.58,67927.0,2656.0,66.53,1.05,2.38,32500.0,2019.0,47.85,2.31,3.78,35427.0,2189.0,52.15,2.5,3.76,1431.0,323.0,2.11,0.47,13.72,37217.0,2294.0,54.79,2.61,3.75,563.0,200.0,0.83,0.29,21.6,0.0,,0.0,,,28688.0,1993.0,42.23,2.43,4.22,28.0,37.0,0.04,0.05,80.33,96738.0,3496.0,94.74,0.46,2.2,12471.0,1301.0,12.89,1.26,6.34,44989.0,2059.0,46.51,1.31,2.78,38945.0,2778.0,40.26,2.48,4.34,29962.0,1068.0,95.31,1.28,2.17,27721.0,1134.0,88.18,2.13,2.49,83108.0,3063.0,81.4,0.71,2.24,55466.0,2247.0,66.74,1.12,2.46,52462.0,2061.0,63.13,0.86,2.39,3004.0,600.0,3.61,0.71,12.14,0.0,,0.0,,,27642.0,1815.0,33.26,1.81,3.99,,,5.42,1.06,12.14,50366.0,2069.0,49.33,0.99,2.5,8106.0,762.0,16.09,1.36,5.71,2155.0,529.0,4.28,1.04,14.92,33176.0,1762.0,65.87,2.22,3.23,3348.0,655.0,6.65,1.27,11.89,2690.0,557.0,5.34,1.08,12.59,52462.0,2061.0,51.38,0.83,2.39,104.0,96.0,0.2,0.18,56.11,4884.0,632.0,9.31,1.15,7.87,1810.0,369.0,3.45,0.69,12.39,926.0,273.0,1.77,0.52,17.92,5240.0,670.0,9.99,1.22,7.77,3908.0,523.0,7.45,0.95,8.14,674.0,203.0,1.28,0.38,18.31,3556.0,554.0,6.78,1.02,9.47,5753.0,688.0,10.97,1.24,7.27,9961.0,957.0,18.99,1.66,5.84,10241.0,994.0,19.52,1.73,5.9,4280.0,589.0,8.16,1.08,8.37,1125.0,291.0,2.14,0.55,15.72,1137.0,293.0,3.62,0.92,15.67,1095.0,356.0,3.48,1.13,19.76,2778.0,670.0,8.84,2.11,14.66,3078.0,493.0,9.79,1.53,9.74,4481.0,744.0,14.25,2.32,10.09,6818.0,686.0,21.69,2.06,6.12,4855.0,528.0,15.44,1.6,6.61,3902.0,414.0,12.41,1.25,6.45,1645.0,267.0,5.23,0.83,9.87,1649.0,281.0,5.25,0.88,10.36,26330.0,894.0,83.75,0.66,2.06,8061.0,861.0,25.64,2.6,6.49,3179.0,396.0,10.11,1.21,7.57,1652.0,288.0,5.25,0.9,10.6,907.0,241.0,2.89,0.76,16.15,5484.0,565.0,17.44,1.7,6.26,85930.0,3289.0,84.49,1.18,2.33,39311.0,2261.0,38.65,1.75,3.5,53516.0,2807.0,52.62,2.03,3.19,15779.0,1555.0,15.51,1.43,5.99,50089.0,2031.0,49.06,0.93,2.46,52015.0,2194.0,50.94,1.14,2.56,5366.0,779.0,5.26,0.74,8.83,5785.0,673.0,5.67,0.63,7.07,6709.0,751.0,6.57,0.7,6.8,5933.0,769.0,5.81,0.72,7.88,5640.0,657.0,5.52,0.61,7.08,17498.0,1441.0,17.14,1.27,5.01,15497.0,1147.0,15.18,0.98,4.5,13618.0,1015.0,13.34,0.87,4.53,6653.0,772.0,6.52,0.72,7.05,6001.0,804.0,5.88,0.76,8.14,8310.0,955.0,8.14,0.89,6.99,3719.0,606.0,3.64,0.58,9.91,1375.0,267.0,1.35,0.26,11.8,21868.0,1450.0,21.42,1.2,4.03,80236.0,2983.0,78.58,0.79,2.26,13404.0,1105.0,13.13,0.97,5.01,5339.0,1113.0,5.23,1.07,12.67,13738.0,1598.0,13.45,1.49,7.07,1608.0,484.0,1.57,0.47,18.3,786.0,436.0,0.77,0.43,33.72,49729.0,2981.0,48.7,2.34,3.64,42.0,74.0,0.04,0.07,107.11,30862.0,2851.0,30.23,2.57,5.62,43484.0,2929.0,42.59,2.43,4.09,58620.0,3274.0,57.41,2.46,3.4,5183.0,756.0,5.08,0.72,8.87,1352.0,425.0,1.32,0.41,19.11,354.0,354.0,0.35,0.35,60.79,49629.0,2951.0,48.61,2.31,3.61,42.0,74.0,0.04,0.07,107.11,301.0,219.0,0.29,0.21,44.23,1759.0,687.0,1.72,0.67,23.74
11374,11374,11374,19938.0,900.0,100,,2.74,4609.0,610.0,23.12,2.88,8.05,8652.0,1222.0,18.4,2.43,8.59,766.0,273.0,8.85,2.9,21.67,278.0,114.0,3.21,1.24,24.93,3317.0,721.0,38.34,6.33,13.21,1574.0,414.0,18.19,4.04,15.99,2717.0,484.0,31.4,3.41,10.83,36019.0,1572.0,76.61,5.12,2.65,2017.0,438.0,5.6,1.19,13.2,1614.0,423.0,4.48,1.16,15.93,6184.0,627.0,17.17,1.57,6.16,18883.0,1436.0,52.43,3.26,4.62,38417.0,1683.0,81.71,5.47,2.66,610.0,178.0,1.59,0.46,17.74,47009.0,2381.0,99.98,0.1,3.08,5898.0,630.0,12.55,1.18,6.49,8592.0,1217.0,18.27,2.42,8.61,286.0,174.0,3.33,1.97,36.98,29368.0,1502.0,62.46,0.45,3.11,1993.0,408.0,6.79,1.35,12.44,9049.0,749.0,19.25,1.26,5.03,3619.0,474.0,39.99,4.06,7.96,46261.0,2362.0,98.39,0.64,3.1,41740.0,2358.0,90.23,2.18,3.43,4220.0,1081.0,9.12,2.29,15.57,301.0,162.0,0.65,0.35,32.72,47019.0,2381.0,100,,3.08,20742.0,1437.0,44.11,2.09,4.21,19999.0,1419.0,42.53,2.11,4.31,743.0,203.0,1.58,0.42,16.61,26277.0,1642.0,55.89,2.05,3.8,17036.0,1307.0,64.83,2.89,4.66,9241.0,1231.0,35.17,4.14,8.1,5872.0,919.0,22.35,3.21,9.51,14419.0,1384.0,54.87,4.0,5.83,1051.0,459.0,4.0,1.73,26.55,26.0,40.0,0.1,0.15,93.52,4843.0,764.0,18.43,2.67,9.59,66.0,49.0,0.25,0.19,45.13,43886.0,2131.0,93.34,6.55,2.95,12950.0,1050.0,29.51,1.92,4.93,13874.0,1111.0,31.61,2.01,4.87,6928.0,1009.0,15.79,2.17,8.85,18718.0,944.0,93.88,2.11,3.07,17362.0,831.0,87.08,1.39,2.91,39108.0,1741.0,83.17,5.61,2.71,25529.0,1485.0,65.28,2.44,3.54,24278.0,1454.0,62.08,2.49,3.64,1241.0,324.0,3.17,0.82,15.87,10.0,15.0,0.03,0.04,91.19,13579.0,931.0,34.72,1.81,4.17,,,4.86,1.24,15.87,23607.0,1465.0,50.21,1.8,3.77,4938.0,638.0,20.92,2.37,7.85,796.0,225.0,3.37,0.93,17.18,12593.0,793.0,53.34,0.57,3.83,1420.0,347.0,6.02,1.42,14.86,3337.0,876.0,14.14,3.61,15.96,24278.0,1454.0,51.63,1.65,3.64,0.0,,0.0,,,1141.0,297.0,4.7,1.19,15.82,764.0,246.0,3.15,1.0,19.57,425.0,164.0,1.75,0.67,23.46,1540.0,277.0,6.34,1.08,10.93,1428.0,277.0,5.88,1.09,11.79,532.0,169.0,2.19,0.68,19.31,3274.0,468.0,13.49,1.75,8.69,3745.0,569.0,15.43,2.15,9.24,7249.0,906.0,29.86,3.28,7.6,1874.0,355.0,7.72,1.39,11.52,1387.0,282.0,5.71,1.11,12.36,919.0,262.0,3.79,1.06,17.33,1160.0,305.0,5.82,1.51,15.98,675.0,162.0,3.39,0.8,14.59,1872.0,324.0,9.39,1.57,10.52,1267.0,356.0,6.35,1.76,17.08,1792.0,308.0,8.99,1.49,10.45,2617.0,350.0,13.13,1.65,8.13,2511.0,438.0,12.59,2.12,10.6,3790.0,579.0,19.01,2.77,9.29,2067.0,344.0,10.37,1.66,10.12,2187.0,409.0,10.97,1.99,11.37,15621.0,950.0,78.35,3.19,3.7,5827.0,619.0,29.23,2.81,6.46,3364.0,472.0,16.87,2.24,8.53,1082.0,243.0,5.43,1.19,13.65,588.0,150.0,2.95,0.74,15.51,2454.0,330.0,12.31,1.56,8.17,43989.0,2348.0,93.58,1.58,3.24,32017.0,2070.0,68.11,2.74,3.93,17019.0,1326.0,36.2,2.14,4.74,3020.0,684.0,6.42,1.42,13.77,22780.0,1509.0,48.45,2.07,4.03,24239.0,1371.0,51.55,1.3,3.44,3133.0,624.0,6.66,1.28,12.11,2392.0,424.0,5.09,0.86,10.78,2006.0,546.0,4.27,1.14,16.55,1587.0,492.0,3.38,1.03,18.85,1882.0,354.0,4.0,0.73,11.43,8324.0,1012.0,17.7,1.96,7.39,6483.0,922.0,13.79,1.83,8.65,5378.0,639.0,11.44,1.23,7.22,3997.0,497.0,8.5,0.97,7.56,2788.0,483.0,5.93,0.98,10.53,4881.0,649.0,10.38,1.28,8.08,2900.0,455.0,6.17,0.92,9.54,1268.0,335.0,2.7,0.7,16.06,8592.0,1217.0,18.27,2.42,8.61,38427.0,1682.0,81.73,5.47,2.66,9049.0,749.0,19.25,1.26,5.03,4711.0,1143.0,10.02,2.38,14.75,21895.0,1675.0,46.57,2.67,4.65,2274.0,880.0,4.84,1.86,23.52,46.0,47.0,0.1,0.1,62.11,14648.0,1282.0,31.15,2.22,5.32,34.0,53.0,0.07,0.11,94.76,3411.0,807.0,7.25,1.68,14.38,9410.0,1272.0,20.01,2.51,8.22,37609.0,2184.0,79.99,2.27,3.53,18516.0,1578.0,39.38,2.7,5.18,1937.0,829.0,4.12,1.75,26.02,0.0,,0.0,,,14511.0,1272.0,30.86,2.21,5.33,34.0,53.0,0.07,0.11,94.76,389.0,215.0,0.83,0.46,33.6,2222.0,613.0,4.73,1.28,16.77
11375,11375,11375,33099.0,968.0,100,,1.78,7305.0,589.0,22.07,1.66,4.9,14223.0,1107.0,18.69,1.28,4.73,1357.0,314.0,9.54,2.08,14.07,734.0,207.0,5.16,1.4,17.14,6177.0,661.0,43.43,3.19,6.51,2254.0,515.0,15.85,3.4,13.89,3701.0,437.0,26.02,2.31,7.18,59201.0,2095.0,77.8,3.98,2.15,2164.0,572.0,3.66,0.96,16.07,1314.0,357.0,2.22,0.6,16.52,8199.0,682.0,13.85,1.04,5.06,37488.0,1793.0,63.32,2.04,2.91,61985.0,2207.0,81.46,4.18,2.16,1536.0,312.0,2.48,0.5,12.35,75689.0,2797.0,99.47,0.19,2.25,7413.0,765.0,9.79,0.94,6.27,14099.0,1064.0,18.53,1.22,4.59,127.0,93.0,0.9,0.66,44.52,46523.0,1941.0,61.14,1.19,2.54,2660.0,512.0,5.72,1.07,11.7,15067.0,911.0,19.8,0.95,3.68,4626.0,553.0,30.7,3.17,7.27,75148.0,2804.0,98.76,0.54,2.27,68890.0,2787.0,91.67,1.43,2.46,5354.0,872.0,7.12,1.13,9.9,904.0,385.0,1.2,0.51,25.89,76091.0,2808.0,100,,2.24,43430.0,2114.0,57.08,1.81,2.96,42159.0,2095.0,55.41,1.84,3.02,1271.0,297.0,1.67,0.39,14.21,32661.0,1733.0,42.92,1.64,3.23,21498.0,1308.0,65.82,1.96,3.7,11163.0,1186.0,34.18,3.15,6.46,7769.0,784.0,23.79,2.04,6.13,18695.0,1438.0,57.24,3.19,4.68,519.0,275.0,1.59,0.84,32.21,140.0,123.0,0.43,0.38,53.41,5140.0,641.0,15.74,1.78,7.58,398.0,151.0,1.22,0.46,23.06,71301.0,2569.0,93.7,4.83,2.19,32043.0,1750.0,44.94,1.84,3.32,15186.0,1218.0,21.3,1.53,4.88,8126.0,1128.0,11.4,1.53,8.44,31525.0,947.0,95.24,0.65,1.83,30534.0,937.0,92.25,0.86,1.87,63209.0,2293.0,83.07,4.3,2.21,40882.0,1838.0,64.68,1.72,2.73,38903.0,1808.0,61.55,1.79,2.83,1973.0,495.0,3.12,0.77,15.25,6.0,9.0,0.01,0.01,91.19,22327.0,1404.0,35.32,1.81,3.82,,,4.83,1.19,15.25,38160.0,1797.0,50.15,1.47,2.86,9250.0,935.0,24.24,2.17,6.14,1598.0,404.0,4.19,1.04,15.37,18973.0,1081.0,49.72,1.59,3.46,2034.0,422.0,5.33,1.08,12.61,5748.0,933.0,15.06,2.34,9.87,38903.0,1808.0,51.13,1.44,2.83,0.0,,0.0,,,1003.0,242.0,2.58,0.61,14.67,1369.0,307.0,3.52,0.77,13.63,1043.0,248.0,2.68,0.63,14.45,2852.0,508.0,7.33,1.26,10.83,1847.0,463.0,4.75,1.17,15.24,1316.0,311.0,3.38,0.78,14.37,5457.0,606.0,14.03,1.41,6.75,7254.0,744.0,18.65,1.7,6.23,10977.0,1043.0,28.22,2.34,5.78,2309.0,474.0,5.94,1.19,12.48,1612.0,265.0,4.14,0.65,9.99,1864.0,342.0,4.79,0.85,11.15,1569.0,325.0,4.74,0.97,12.59,640.0,172.0,1.93,0.52,16.34,2135.0,438.0,6.45,1.31,12.47,1920.0,434.0,5.8,1.3,13.74,2232.0,356.0,6.74,1.06,9.7,4438.0,588.0,13.41,1.73,8.05,4059.0,511.0,12.26,1.5,7.65,6643.0,549.0,20.07,1.55,5.02,3621.0,455.0,10.94,1.34,7.64,5842.0,530.0,17.65,1.52,5.52,25681.0,900.0,77.59,1.5,2.13,9475.0,642.0,28.63,1.75,4.12,6570.0,545.0,19.85,1.54,5.04,1215.0,298.0,3.67,0.89,14.91,702.0,192.0,2.12,0.58,16.63,1945.0,373.0,5.88,1.11,11.66,72935.0,2757.0,96.36,0.77,2.3,59524.0,2340.0,78.64,1.05,2.39,22090.0,1506.0,29.19,1.67,4.14,2754.0,558.0,3.64,0.72,12.32,36241.0,1722.0,47.63,1.43,2.89,39850.0,1582.0,52.37,0.77,2.41,4790.0,625.0,6.3,0.79,7.93,4181.0,552.0,5.49,0.7,8.03,3446.0,507.0,4.53,0.65,8.94,2391.0,446.0,3.14,0.57,11.34,2082.0,368.0,2.74,0.47,10.74,11323.0,1101.0,14.88,1.34,5.91,10845.0,726.0,14.25,0.8,4.07,9918.0,982.0,13.03,1.2,6.02,6014.0,674.0,7.9,0.84,6.81,5712.0,749.0,7.51,0.94,7.97,8165.0,766.0,10.73,0.93,5.7,5049.0,579.0,6.64,0.72,6.97,2175.0,365.0,2.86,0.47,10.2,14100.0,1063.0,18.53,1.22,4.58,61991.0,2207.0,81.47,4.18,2.16,15389.0,931.0,20.22,0.97,3.68,5972.0,1018.0,7.85,1.31,10.36,42804.0,2281.0,56.25,2.16,3.24,2417.0,639.0,3.18,0.83,16.07,163.0,107.0,0.21,0.14,39.91,21718.0,1572.0,28.54,1.78,4.4,0.0,,0.0,,,3017.0,763.0,3.96,0.99,15.37,11002.0,1364.0,14.46,1.71,7.54,65089.0,2645.0,85.54,1.46,2.47,37879.0,2285.0,49.78,2.38,3.67,1999.0,567.0,2.63,0.74,17.24,8.0,16.0,0.01,0.02,121.58,21693.0,1574.0,28.51,1.78,4.41,0.0,,0.0,,,359.0,191.0,0.47,0.25,32.34,3151.0,809.0,4.14,1.05,15.61
11377,11377,11377,32419.0,1169.0,100,,2.19,7868.0,820.0,24.27,2.37,6.34,16721.0,1598.0,19.61,1.69,5.81,904.0,254.0,5.41,1.43,17.08,1208.0,440.0,7.22,2.54,22.14,6256.0,799.0,37.41,3.17,7.76,2921.0,409.0,17.47,1.79,8.51,5432.0,876.0,32.49,4.22,9.8,65633.0,2499.0,76.98,4.32,2.31,7187.0,890.0,10.95,1.29,7.53,4577.0,700.0,6.97,1.03,9.3,21148.0,1725.0,32.22,2.32,4.96,20501.0,1430.0,31.24,1.83,4.24,70429.0,2656.0,82.61,4.61,2.29,1115.0,248.0,1.58,0.35,13.52,85020.0,3536.0,99.72,0.6,2.53,5588.0,739.0,6.57,0.83,8.04,14826.0,1338.0,17.39,1.4,5.49,434.0,178.0,2.93,1.17,24.93,56189.0,2561.0,65.91,1.29,2.77,2123.0,358.0,3.78,0.61,10.25,14005.0,1230.0,16.43,1.27,5.34,3031.0,554.0,21.64,3.47,11.11,84580.0,3434.0,99.21,5.74,2.47,79366.0,3362.0,93.84,1.13,2.58,4631.0,909.0,5.48,1.05,11.93,583.0,219.0,0.69,0.26,22.84,85255.0,3509.0,100,,2.5,36279.0,2027.0,42.55,1.61,3.4,34377.0,2093.0,40.32,1.81,3.7,1902.0,440.0,2.23,0.51,14.06,48976.0,2567.0,57.45,1.86,3.19,19301.0,1526.0,39.41,2.33,4.81,29675.0,2297.0,60.59,3.45,4.71,4654.0,616.0,9.5,1.15,8.05,24407.0,1867.0,49.83,2.78,4.65,183.0,137.0,0.37,0.28,45.51,6.0,13.0,0.01,0.03,131.71,19661.0,2076.0,40.14,3.68,6.42,65.0,50.0,0.13,0.1,46.76,80622.0,3245.0,94.57,5.44,2.45,20701.0,1412.0,25.68,1.41,4.15,33193.0,2074.0,41.17,1.97,3.8,27233.0,2505.0,33.78,2.79,5.59,30147.0,1217.0,92.99,1.69,2.45,27120.0,1104.0,83.65,1.58,2.47,72134.0,2790.0,84.61,4.78,2.35,46534.0,2096.0,64.51,1.49,2.74,43983.0,1932.0,60.97,1.27,2.67,2551.0,523.0,3.54,0.71,12.46,0.0,,0.0,,,25600.0,1555.0,35.49,1.66,3.69,,,5.48,1.1,12.46,43220.0,1913.0,50.69,0.83,2.69,8381.0,895.0,19.39,1.88,6.49,2506.0,490.0,5.8,1.1,11.89,25060.0,1709.0,57.98,3.01,4.15,3512.0,614.0,8.13,1.37,10.63,2663.0,568.0,6.16,1.29,12.97,43983.0,1932.0,51.59,0.79,2.67,58.0,64.0,0.13,0.15,67.08,3666.0,620.0,8.34,1.36,10.28,1360.0,317.0,3.09,0.71,14.17,758.0,234.0,1.72,0.53,18.77,5128.0,966.0,11.66,2.14,11.45,4711.0,770.0,10.71,1.69,9.94,1083.0,234.0,2.46,0.52,13.13,2653.0,407.0,6.03,0.89,9.33,6418.0,614.0,14.59,1.24,5.82,8264.0,792.0,18.79,1.6,5.83,6245.0,769.0,14.2,1.63,7.49,2504.0,417.0,5.69,0.91,10.12,1135.0,245.0,2.58,0.55,13.12,1343.0,282.0,4.14,0.86,12.76,1262.0,318.0,3.89,0.97,15.32,2515.0,523.0,7.76,1.59,12.64,3315.0,609.0,10.23,1.84,11.17,3487.0,503.0,10.76,1.5,8.77,6412.0,840.0,19.78,2.49,7.96,4856.0,614.0,14.98,1.82,7.69,4248.0,527.0,13.1,1.56,7.54,2674.0,385.0,8.25,1.15,8.75,2307.0,507.0,7.12,1.54,13.36,25913.0,1220.0,79.93,2.42,2.86,8805.0,804.0,27.16,2.28,5.55,5604.0,602.0,17.29,1.75,6.53,1384.0,329.0,4.27,1.0,14.45,1663.0,449.0,5.13,1.37,16.41,3362.0,617.0,10.37,1.87,11.16,78846.0,3348.0,92.74,0.79,2.58,42449.0,2194.0,49.93,1.53,3.14,42397.0,2667.0,49.87,2.35,3.82,6174.0,836.0,7.26,0.94,8.23,42902.0,2036.0,50.32,1.19,2.88,42353.0,2118.0,49.68,1.41,3.04,4633.0,688.0,5.43,0.78,9.03,3780.0,496.0,4.43,0.55,7.98,4188.0,671.0,4.91,0.76,9.74,3365.0,494.0,3.95,0.56,8.92,3656.0,565.0,4.29,0.64,9.39,13914.0,1181.0,16.32,1.21,5.16,15310.0,1313.0,17.96,1.35,5.21,12123.0,1061.0,14.22,1.1,5.32,5281.0,557.0,6.19,0.6,6.41,4799.0,646.0,5.63,0.72,8.18,7946.0,912.0,9.32,1.0,6.98,4729.0,691.0,5.55,0.78,8.88,1531.0,365.0,1.8,0.42,14.49,14826.0,1338.0,17.39,1.4,5.49,70429.0,2656.0,82.61,4.61,2.29,14206.0,1240.0,16.66,1.28,5.31,10950.0,2121.0,12.84,2.43,11.77,32761.0,2441.0,38.43,2.39,4.53,1964.0,527.0,2.3,0.61,16.31,319.0,157.0,0.37,0.18,29.92,31479.0,2157.0,36.92,2.02,4.17,0.0,,0.0,,,7782.0,1428.0,9.13,1.63,11.16,33081.0,2880.0,38.8,2.98,5.29,52174.0,2607.0,61.2,1.73,3.04,17408.0,1299.0,20.42,1.27,4.54,1304.0,302.0,1.53,0.35,14.08,53.0,59.0,0.06,0.07,67.67,31345.0,2158.0,36.77,2.03,4.19,0.0,,0.0,,,560.0,235.0,0.66,0.27,25.51,1504.0,441.0,1.76,0.51,17.82
11378,11378,11378,12885.0,615.0,100,,2.9,4566.0,450.0,35.44,3.06,5.99,10382.0,1138.0,25.96,2.4,6.66,499.0,151.0,4.81,1.36,18.4,321.0,131.0,3.09,1.22,24.81,4001.0,719.0,38.54,5.49,10.92,2370.0,390.0,22.83,2.8,10.0,3191.0,474.0,30.74,3.08,9.03,27392.0,1383.0,68.49,5.3,3.07,1966.0,440.0,7.18,1.56,13.61,1912.0,323.0,6.98,1.13,10.27,8963.0,757.0,32.72,2.22,5.13,7471.0,650.0,27.27,1.93,5.29,30757.0,1660.0,76.9,6.13,3.28,695.0,140.0,2.26,0.44,12.25,39805.0,2339.0,99.53,0.3,3.57,3365.0,513.0,8.45,1.19,9.27,9230.0,991.0,23.08,2.08,6.53,323.0,223.0,3.5,2.39,41.97,25915.0,1564.0,64.8,0.91,3.67,1645.0,329.0,6.35,1.21,12.16,4660.0,451.0,11.65,0.9,5.88,1397.0,305.0,29.98,5.87,13.27,39661.0,2324.0,99.17,8.22,3.56,36195.0,2083.0,91.26,7.5,3.5,3191.0,826.0,8.05,2.03,15.74,275.0,148.0,0.69,0.37,32.72,39994.0,2347.0,100,,3.57,24360.0,1474.0,60.91,0.9,3.68,23205.0,1350.0,58.02,4.79,3.54,1155.0,359.0,2.89,0.88,18.89,15634.0,1357.0,39.09,2.5,5.28,8918.0,918.0,57.04,3.16,6.26,6716.0,925.0,42.96,4.59,8.37,6320.0,857.0,40.42,4.21,8.24,3479.0,572.0,22.25,3.11,9.99,161.0,102.0,1.03,0.65,38.51,0.0,,0.0,,,5633.0,782.0,36.03,3.9,8.44,41.0,45.0,0.26,0.29,66.72,37516.0,2194.0,93.8,7.77,3.56,14637.0,972.0,39.02,1.23,4.04,10060.0,1008.0,26.82,2.18,6.09,10969.0,1431.0,29.24,3.41,7.93,11913.0,617.0,92.46,1.86,3.15,11450.0,636.0,88.86,2.52,3.38,31919.0,1762.0,79.81,6.43,3.36,20645.0,1309.0,64.68,2.02,3.85,19284.0,1187.0,60.42,1.65,3.74,1354.0,367.0,4.24,1.13,16.48,7.0,11.0,0.02,0.03,95.53,11274.0,815.0,35.32,1.65,4.39,,,6.56,1.73,16.48,18829.0,1166.0,47.08,0.93,3.76,7478.0,711.0,39.72,2.87,5.78,1450.0,354.0,7.7,1.82,14.84,7541.0,799.0,40.05,3.44,6.44,1057.0,220.0,5.61,1.12,12.65,955.0,218.0,5.07,1.11,13.88,19284.0,1187.0,48.22,0.9,3.74,18.0,27.0,0.09,0.14,91.19,2698.0,386.0,13.99,1.81,8.7,998.0,251.0,5.18,1.26,15.29,499.0,144.0,2.59,0.73,17.54,1448.0,290.0,7.51,1.43,12.17,1647.0,320.0,8.54,1.57,11.81,327.0,136.0,1.7,0.7,25.28,1381.0,269.0,7.16,1.32,11.84,1898.0,281.0,9.84,1.33,9.0,4808.0,571.0,24.93,2.53,7.22,1571.0,294.0,8.15,1.44,11.38,1089.0,217.0,5.65,1.07,12.11,902.0,295.0,4.68,1.5,19.88,465.0,113.0,3.61,0.86,14.77,300.0,79.0,2.33,0.6,16.01,986.0,280.0,7.65,2.14,17.26,812.0,202.0,6.3,1.54,15.12,1423.0,258.0,11.04,1.93,11.02,1877.0,322.0,14.57,2.4,10.43,1693.0,312.0,13.14,2.34,11.2,2538.0,324.0,19.7,2.33,7.76,1550.0,253.0,12.03,1.88,9.92,1241.0,233.0,9.63,1.75,11.41,10623.0,634.0,82.44,2.95,3.63,3375.0,259.0,26.19,1.57,4.67,2269.0,253.0,17.61,1.77,6.78,521.0,147.0,4.04,1.12,17.15,320.0,105.0,2.48,0.81,19.95,1052.0,188.0,8.16,1.41,10.86,36899.0,2205.0,92.7,1.01,3.63,25368.0,1813.0,63.73,2.59,4.34,15187.0,1310.0,38.15,2.41,5.24,2906.0,434.0,7.3,1.0,9.08,20128.0,1437.0,50.33,2.05,4.34,19866.0,1135.0,49.67,4.07,3.47,2478.0,407.0,6.2,0.95,9.98,2004.0,356.0,5.01,0.84,10.8,2819.0,564.0,7.05,1.35,12.16,2820.0,461.0,7.05,1.08,9.94,2481.0,458.0,6.2,1.09,11.22,4752.0,552.0,11.88,1.19,7.06,5562.0,620.0,13.91,1.32,6.78,6221.0,695.0,15.55,1.48,6.79,2961.0,414.0,7.4,0.94,8.5,3065.0,498.0,7.66,1.16,9.88,2854.0,359.0,7.14,0.79,7.65,1399.0,240.0,3.5,0.56,10.43,578.0,152.0,1.45,0.37,15.99,9230.0,991.0,23.08,2.08,6.53,30764.0,1659.0,76.92,6.13,3.28,4831.0,474.0,12.08,0.95,5.96,2575.0,663.0,6.44,1.61,15.65,25182.0,1569.0,62.96,1.32,3.79,659.0,400.0,1.65,1.0,36.9,231.0,219.0,0.58,0.55,57.63,4939.0,815.0,12.35,1.9,10.03,0.0,,0.0,,,6408.0,1091.0,16.02,2.56,10.35,14084.0,1673.0,35.22,3.64,7.22,25910.0,1511.0,64.78,5.36,3.55,19711.0,1365.0,49.28,1.81,4.21,353.0,225.0,0.88,0.56,38.75,24.0,24.0,0.06,0.06,60.79,4896.0,793.0,12.24,1.85,9.85,0.0,,0.0,,,352.0,178.0,0.88,0.44,30.74,574.0,254.0,1.44,0.63,26.9
11379,11379,11379,13887.0,619.0,100,,2.71,4180.0,376.0,30.1,2.35,5.47,8880.0,800.0,22.31,1.62,5.48,581.0,169.0,6.54,1.81,17.68,345.0,113.0,3.89,1.22,19.91,3812.0,495.0,42.93,4.01,7.89,1699.0,310.0,19.13,3.04,11.09,2443.0,310.0,27.51,2.46,7.71,29643.0,1691.0,74.47,1.45,3.47,2169.0,399.0,7.32,1.28,11.18,2055.0,531.0,6.93,1.75,15.71,8028.0,770.0,27.08,2.09,5.83,10981.0,1038.0,37.04,2.79,5.75,31853.0,1774.0,80.02,1.21,3.39,824.0,225.0,2.59,0.69,16.6,39453.0,2134.0,99.12,0.71,3.29,3915.0,527.0,9.92,1.22,8.18,7940.0,725.0,19.95,1.47,5.55,149.0,97.0,1.88,1.21,39.57,23896.0,1398.0,60.03,1.41,3.56,1593.0,269.0,6.67,1.06,10.27,7617.0,1095.0,19.14,2.55,8.74,2173.0,461.0,28.53,4.45,12.9,39508.0,2104.0,99.25,7.5,3.24,36813.0,2017.0,93.18,1.2,3.33,2546.0,550.0,6.44,1.35,13.13,149.0,90.0,0.38,0.23,36.72,39805.0,2134.0,100,,3.26,24920.0,1413.0,62.61,1.16,3.45,24098.0,1412.0,60.54,1.43,3.56,822.0,212.0,2.07,0.52,15.68,14885.0,1438.0,37.39,3.01,5.87,9805.0,1279.0,65.87,5.77,7.93,5080.0,802.0,34.13,4.26,9.6,7004.0,715.0,47.05,1.55,6.21,3287.0,526.0,22.08,2.82,9.73,253.0,180.0,1.7,1.2,43.25,17.0,27.0,0.11,0.18,96.55,4268.0,1178.0,28.67,7.41,16.78,56.0,54.0,0.38,0.36,58.62,37894.0,2029.0,95.2,7.21,3.25,19013.0,1648.0,50.17,3.42,5.27,7468.0,845.0,19.71,1.96,6.88,5786.0,1089.0,15.27,2.76,11.44,12609.0,589.0,90.8,1.27,2.84,12309.0,614.0,88.64,1.98,3.03,32624.0,1846.0,81.96,1.48,3.44,20846.0,1349.0,63.9,2.01,3.93,19844.0,1334.0,60.83,2.21,4.09,990.0,195.0,3.03,0.57,11.97,12.0,19.0,0.04,0.06,96.25,11778.0,997.0,36.1,2.27,5.15,,,4.75,0.88,11.97,19221.0,1262.0,48.29,1.83,3.99,8209.0,875.0,42.71,3.59,6.48,1126.0,239.0,5.86,1.18,12.9,7529.0,624.0,39.17,1.98,5.04,655.0,161.0,3.41,0.81,14.94,1275.0,286.0,6.63,1.42,13.64,19844.0,1334.0,49.85,2.02,4.09,4.0,8.0,0.02,0.04,121.58,1963.0,362.0,9.89,1.7,11.21,751.0,214.0,3.78,1.05,17.32,338.0,103.0,1.7,0.51,18.52,1451.0,369.0,7.31,1.79,15.46,1694.0,334.0,8.54,1.58,11.99,453.0,151.0,2.28,0.75,20.26,1761.0,307.0,8.87,1.43,10.6,2691.0,384.0,13.56,1.71,8.67,5185.0,559.0,26.13,2.2,6.55,1389.0,307.0,7.0,1.47,13.44,1115.0,364.0,5.62,1.79,19.85,1049.0,271.0,5.29,1.32,15.7,493.0,108.0,3.55,0.76,13.32,374.0,121.0,2.69,0.86,19.67,930.0,260.0,6.7,1.85,17.0,865.0,192.0,6.23,1.35,13.49,1166.0,258.0,8.4,1.82,13.45,2296.0,309.0,16.53,2.1,8.18,1396.0,271.0,10.05,1.9,11.8,2705.0,351.0,19.48,2.37,7.89,1792.0,282.0,12.9,1.95,9.57,1870.0,261.0,13.47,1.78,8.48,10785.0,526.0,77.66,1.54,2.96,4747.0,488.0,34.18,3.17,6.25,3387.0,407.0,24.39,2.72,7.3,646.0,176.0,4.65,1.25,16.56,431.0,137.0,3.1,0.98,19.32,1309.0,302.0,9.43,2.13,14.02,37457.0,2090.0,94.94,1.3,3.39,28819.0,1862.0,73.05,2.58,3.93,13273.0,1374.0,33.64,2.97,6.29,1996.0,481.0,5.06,1.19,14.65,19405.0,1164.0,48.75,1.31,3.65,20400.0,1345.0,51.25,1.97,4.01,1911.0,336.0,4.8,0.8,10.69,2123.0,383.0,5.33,0.92,10.97,2777.0,417.0,6.98,0.98,9.13,1677.0,320.0,4.21,0.77,11.6,1674.0,303.0,4.21,0.73,11.0,5347.0,844.0,13.43,1.99,9.6,4917.0,529.0,12.35,1.15,6.54,5936.0,563.0,14.91,1.17,5.77,2817.0,414.0,7.08,0.97,8.93,2703.0,380.0,6.79,0.88,8.55,4653.0,969.0,11.69,2.35,12.66,1958.0,326.0,4.92,0.78,10.12,1312.0,331.0,3.3,0.81,15.34,7940.0,725.0,19.95,1.47,5.55,31865.0,1777.0,80.05,1.23,3.39,7923.0,1111.0,19.9,2.58,8.52,2055.0,645.0,5.16,1.6,19.08,28852.0,1660.0,72.48,1.51,3.5,440.0,160.0,1.11,0.4,22.11,117.0,98.0,0.29,0.25,50.92,4542.0,695.0,11.41,1.64,9.3,0.0,,0.0,,,3799.0,1130.0,9.54,2.79,18.08,8226.0,1227.0,20.67,2.88,9.07,31579.0,2008.0,79.33,2.71,3.87,25687.0,1570.0,64.53,1.89,3.72,206.0,101.0,0.52,0.25,29.8,42.0,57.0,0.11,0.14,82.5,4513.0,693.0,11.34,1.63,9.33,0.0,,0.0,,,780.0,831.0,1.96,2.09,64.77,351.0,173.0,0.88,0.43,29.96
11385,11385,11385,37050.0,926.0,100,,1.52,11222.0,651.0,30.29,1.59,3.53,24753.0,1475.0,22.69,1.14,3.62,1580.0,306.0,6.38,1.18,11.77,1164.0,232.0,4.7,0.89,12.12,9801.0,944.0,39.6,3.0,5.86,4811.0,525.0,19.44,1.78,6.63,7397.0,668.0,29.88,2.03,5.49,76946.0,2304.0,70.52,3.1,1.82,7079.0,872.0,9.2,1.1,7.49,5311.0,494.0,6.9,0.61,5.65,23966.0,1312.0,31.15,1.43,3.33,23043.0,1195.0,29.95,1.27,3.15,86970.0,2725.0,79.71,3.58,1.9,1512.0,197.0,1.74,0.22,7.92,108984.0,3509.0,99.88,4.55,1.96,7720.0,790.0,7.08,0.69,6.22,22054.0,1350.0,20.21,1.05,3.72,493.0,215.0,2.24,0.97,26.51,74511.0,2441.0,68.29,0.4,1.99,3554.0,446.0,4.77,0.58,7.63,12419.0,979.0,11.38,0.82,4.79,3673.0,574.0,29.58,3.99,9.5,107862.0,3496.0,98.86,0.34,1.97,100161.0,3565.0,92.86,1.37,2.16,7041.0,848.0,6.53,0.76,7.32,660.0,299.0,0.61,0.28,27.54,109111.0,3517.0,100,,1.96,65536.0,2425.0,60.06,1.09,2.25,61390.0,2341.0,56.26,1.15,2.32,4146.0,576.0,3.8,0.51,8.45,43575.0,2368.0,39.94,1.75,3.3,23642.0,1481.0,54.26,1.69,3.81,19933.0,1644.0,45.74,2.84,5.01,15865.0,1369.0,36.41,2.44,5.25,5662.0,860.0,12.99,1.84,9.23,1400.0,392.0,3.21,0.88,17.02,24.0,24.0,0.06,0.05,60.79,20405.0,1977.0,46.83,3.76,5.89,219.0,109.0,0.5,0.25,30.26,103149.0,3283.0,94.54,4.28,1.93,41916.0,1733.0,40.64,1.07,2.51,27284.0,1733.0,26.45,1.45,3.86,35886.0,2596.0,34.79,2.26,4.4,34793.0,989.0,93.91,1.27,1.73,32915.0,937.0,88.84,1.21,1.73,89571.0,2789.0,82.09,3.68,1.89,60373.0,2205.0,67.4,1.29,2.22,56202.0,2167.0,62.75,1.43,2.34,4099.0,586.0,4.58,0.64,8.69,72.0,59.0,0.08,0.07,49.81,29198.0,1623.0,32.6,1.5,3.38,,,6.79,0.94,8.69,55142.0,2154.0,50.54,1.12,2.37,14604.0,1067.0,26.48,1.64,4.44,2170.0,424.0,3.94,0.75,11.88,28992.0,1388.0,52.58,1.46,2.91,3639.0,605.0,6.6,1.07,10.11,4408.0,618.0,7.99,1.08,8.52,56202.0,2167.0,51.51,1.09,2.34,87.0,71.0,0.15,0.13,49.61,5815.0,740.0,10.35,1.25,7.74,2585.0,514.0,4.6,0.9,12.09,1599.0,397.0,2.85,0.7,15.09,5031.0,542.0,8.95,0.9,6.55,3889.0,544.0,6.92,0.93,8.5,1619.0,282.0,2.88,0.49,10.59,3901.0,455.0,6.94,0.76,7.09,7115.0,614.0,12.66,0.98,5.25,11912.0,737.0,21.19,1.03,3.76,7471.0,864.0,13.29,1.45,7.03,3502.0,531.0,6.23,0.91,9.22,1676.0,317.0,2.98,0.55,11.5,1691.0,357.0,4.56,0.96,12.83,931.0,186.0,2.51,0.5,12.14,2227.0,484.0,6.01,1.3,13.21,2521.0,410.0,6.8,1.09,9.89,3969.0,455.0,10.71,1.2,6.97,6670.0,605.0,18.0,1.57,5.51,5613.0,554.0,15.15,1.45,6.0,7048.0,667.0,19.02,1.74,5.75,3513.0,356.0,9.48,0.93,6.16,2867.0,411.0,7.74,1.09,8.71,31075.0,864.0,83.87,1.02,1.69,8807.0,574.0,23.77,1.43,3.96,5393.0,468.0,14.56,1.21,5.28,1612.0,424.0,4.35,1.14,15.99,1443.0,388.0,3.89,1.04,16.35,3517.0,538.0,9.49,1.43,9.3,96060.0,2960.0,88.14,3.93,1.87,64873.0,2271.0,59.53,0.82,2.13,38271.0,2179.0,35.12,1.65,3.46,12924.0,1251.0,11.86,1.08,5.88,54044.0,1977.0,49.53,0.86,2.22,55067.0,2182.0,50.47,1.16,2.41,5962.0,699.0,5.46,0.62,7.13,5392.0,548.0,4.94,0.48,6.18,7136.0,854.0,6.54,0.75,7.28,5878.0,626.0,5.39,0.55,6.47,7797.0,881.0,7.15,0.77,6.87,19863.0,1112.0,18.2,0.83,3.4,16000.0,919.0,14.66,0.7,3.49,15588.0,986.0,14.29,0.78,3.85,7303.0,647.0,6.69,0.55,5.39,5757.0,593.0,5.28,0.52,6.26,7592.0,911.0,6.96,0.8,7.29,3149.0,394.0,2.89,0.35,7.61,1694.0,328.0,1.55,0.3,11.77,22069.0,1354.0,20.23,1.06,3.73,87042.0,2730.0,79.77,3.59,1.91,12435.0,979.0,11.4,0.82,4.79,11207.0,2011.0,10.27,1.81,10.91,73355.0,2866.0,67.23,1.48,2.38,3620.0,635.0,3.32,0.57,10.66,340.0,198.0,0.31,0.18,35.4,7557.0,981.0,6.93,0.87,7.89,0.0,,0.0,,,13032.0,1789.0,11.94,1.59,8.35,50797.0,3206.0,46.56,2.53,3.84,58314.0,2312.0,53.44,1.23,2.41,46484.0,2227.0,42.6,1.51,2.91,2147.0,441.0,1.97,0.4,12.49,30.0,29.0,0.03,0.03,58.76,7507.0,981.0,6.88,0.87,7.94,0.0,,0.0,,,294.0,194.0,0.27,0.18,40.11,1852.0,403.0,1.7,0.37,13.23
11411,11411,11411,6509.0,363.0,100,,3.39,1818.0,240.0,27.93,3.34,8.03,4854.0,678.0,22.47,2.73,8.49,301.0,279.0,6.2,5.68,56.35,212.0,90.0,4.37,1.75,25.81,1680.0,348.0,34.61,5.29,12.59,918.0,231.0,18.91,3.96,15.3,1743.0,284.0,35.91,3.01,9.91,16323.0,1025.0,75.55,7.06,3.82,485.0,132.0,2.97,0.79,16.54,640.0,142.0,3.92,0.83,13.49,4489.0,591.0,27.5,3.18,8.0,5396.0,561.0,33.06,2.74,6.32,17977.0,1109.0,83.21,7.71,3.75,533.0,135.0,2.96,0.73,15.4,21595.0,1496.0,99.95,0.42,4.21,2598.0,400.0,12.03,1.65,9.36,3618.0,606.0,16.75,2.55,10.18,247.0,114.0,6.83,2.94,28.06,13527.0,1086.0,62.61,2.55,4.88,1094.0,228.0,8.09,1.56,12.67,4450.0,413.0,20.6,1.27,5.64,1257.0,268.0,28.25,5.42,12.96,21537.0,1491.0,99.69,0.33,4.21,20310.0,1461.0,94.3,1.84,4.37,1062.0,384.0,4.93,1.75,21.98,165.0,169.0,0.77,0.78,62.26,21605.0,1494.0,100,,4.2,12525.0,1087.0,57.97,3.04,5.28,12193.0,1081.0,56.44,3.13,5.39,332.0,128.0,1.54,0.58,23.44,9080.0,984.0,42.03,3.51,6.59,6627.0,714.0,72.98,11.15,6.55,2453.0,559.0,27.02,5.42,13.85,247.0,140.0,2.72,1.51,34.46,42.0,32.0,0.46,0.35,46.32,391.0,239.0,4.31,2.59,37.16,0.0,,0.0,,,8320.0,950.0,91.63,3.3,6.94,80.0,61.0,0.88,0.66,46.35,20765.0,1363.0,96.11,9.16,3.99,16451.0,1155.0,79.22,1.97,4.27,1175.0,352.0,5.66,1.65,18.21,1377.0,485.0,6.63,2.29,21.41,6137.0,379.0,94.28,2.5,3.75,5822.0,402.0,89.45,3.64,4.2,18478.0,1167.0,85.53,8.01,3.84,11605.0,989.0,62.8,3.59,5.18,10945.0,971.0,59.23,3.69,5.39,650.0,136.0,3.52,0.7,12.72,10.0,17.0,0.05,0.09,103.34,6873.0,506.0,37.2,1.41,4.48,,,5.6,1.07,12.72,10608.0,954.0,49.1,2.82,5.47,5720.0,672.0,53.92,4.08,7.14,537.0,164.0,5.06,1.48,18.57,3572.0,444.0,33.67,2.89,7.56,124.0,63.0,1.17,0.58,30.89,554.0,163.0,5.22,1.46,17.89,10945.0,971.0,50.66,2.82,5.39,0.0,,0.0,,,424.0,136.0,3.87,1.19,19.5,147.0,78.0,1.34,0.7,32.26,83.0,61.0,0.76,0.55,44.68,889.0,171.0,8.12,1.39,11.69,1171.0,194.0,10.7,1.5,10.07,294.0,123.0,2.69,1.1,25.43,655.0,231.0,5.98,2.04,21.44,1044.0,195.0,9.54,1.57,11.35,4349.0,521.0,39.74,3.2,7.28,630.0,179.0,5.76,1.55,17.27,368.0,134.0,3.36,1.19,22.14,891.0,196.0,8.14,1.64,13.37,233.0,80.0,3.58,1.21,20.87,161.0,77.0,2.47,1.17,29.07,158.0,58.0,2.43,0.88,22.32,394.0,204.0,6.05,3.12,31.48,466.0,137.0,7.16,2.07,17.87,766.0,130.0,11.77,1.89,10.32,714.0,155.0,10.97,2.3,13.2,1740.0,245.0,26.73,3.46,8.56,820.0,132.0,12.6,1.9,9.79,1057.0,231.0,16.24,3.43,13.29,5175.0,408.0,79.51,4.43,4.79,2854.0,226.0,43.85,2.46,4.81,2617.0,249.0,40.21,3.1,5.78,509.0,203.0,7.82,3.09,24.24,151.0,61.0,2.32,0.93,24.56,630.0,160.0,9.68,2.4,15.44,20529.0,1391.0,95.06,9.21,4.12,15617.0,1407.0,72.32,4.17,5.48,7894.0,638.0,36.55,1.52,4.91,1066.0,232.0,4.94,1.02,13.23,10129.0,824.0,46.88,2.01,4.95,11476.0,886.0,53.12,1.82,4.69,840.0,341.0,3.89,1.56,24.68,725.0,190.0,3.36,0.85,15.93,1425.0,263.0,6.6,1.13,11.22,993.0,218.0,4.6,0.96,13.35,1299.0,237.0,6.01,1.02,11.09,2654.0,380.0,12.28,1.54,8.7,2437.0,374.0,11.28,1.55,9.33,3127.0,459.0,14.47,1.87,8.92,2024.0,304.0,9.37,1.25,9.13,1631.0,245.0,7.55,1.01,9.13,2196.0,346.0,10.16,1.44,9.58,1653.0,235.0,7.65,0.95,8.64,601.0,121.0,2.78,0.53,12.24,3618.0,606.0,16.75,2.55,10.18,17987.0,1107.0,83.25,7.71,3.74,4450.0,413.0,20.6,1.27,5.64,635.0,236.0,2.94,1.07,22.59,1076.0,459.0,4.98,2.1,25.93,19257.0,1421.0,89.13,2.3,4.49,0.0,,0.0,,,54.0,55.0,0.25,0.25,61.92,0.0,,0.0,,,583.0,230.0,2.7,1.05,23.98,1447.0,436.0,6.7,1.96,18.32,20158.0,1398.0,93.3,0.49,4.22,526.0,238.0,2.43,1.09,27.51,19055.0,1440.0,88.2,2.69,4.59,0.0,,0.0,,,54.0,55.0,0.25,0.25,61.92,0.0,,0.0,,,134.0,98.0,0.62,0.45,44.46,389.0,208.0,1.8,0.95,32.5
11412,11412,11412,11500.0,405.0,100,,2.14,3803.0,305.0,33.07,2.38,4.88,9674.0,1013.0,23.15,2.18,6.37,738.0,262.0,7.63,2.59,21.58,447.0,132.0,4.62,1.28,17.95,3465.0,478.0,35.82,3.22,8.39,2210.0,304.0,22.84,2.04,8.36,2814.0,440.0,29.09,3.38,9.51,29732.0,1259.0,71.16,4.45,2.57,1383.0,263.0,4.65,0.86,11.56,1934.0,254.0,6.5,0.81,7.98,10061.0,757.0,33.84,2.1,4.57,7372.0,617.0,24.79,1.79,5.09,33623.0,1409.0,80.47,5.01,2.55,1047.0,198.0,3.11,0.57,11.5,41762.0,1926.0,99.95,0.21,2.8,4113.0,410.0,9.85,0.87,6.06,8145.0,936.0,19.49,2.05,6.99,295.0,109.0,3.62,1.27,22.46,27557.0,1300.0,65.95,0.67,2.87,1800.0,287.0,6.53,0.99,9.69,6060.0,447.0,14.5,0.84,4.48,2018.0,263.0,33.3,3.58,7.92,41382.0,1904.0,99.04,6.45,2.8,38956.0,1919.0,94.14,1.66,2.99,2287.0,538.0,5.53,1.27,14.3,139.0,71.0,0.34,0.17,31.05,41782.0,1925.0,100,,2.8,24480.0,1552.0,58.59,2.55,3.85,23818.0,1521.0,57.01,2.52,3.88,662.0,167.0,1.58,0.39,15.34,17302.0,1140.0,41.41,1.95,4.01,12637.0,877.0,73.04,1.59,4.22,4665.0,649.0,26.96,3.3,8.46,191.0,86.0,1.1,0.49,27.37,955.0,343.0,5.52,1.95,21.83,430.0,136.0,2.49,0.77,19.23,8.0,15.0,0.05,0.09,113.98,15648.0,1201.0,90.44,3.56,4.67,70.0,67.0,0.4,0.39,58.18,39472.0,1745.0,94.47,6.03,2.69,32913.0,1491.0,83.38,0.82,2.75,3240.0,613.0,8.21,1.51,11.5,1968.0,587.0,4.99,1.47,18.13,10999.0,414.0,95.64,1.27,2.29,10069.0,410.0,87.56,1.79,2.48,34620.0,1457.0,82.86,5.17,2.56,22053.0,1201.0,63.7,2.2,3.31,20971.0,1148.0,60.57,2.12,3.33,1082.0,231.0,3.13,0.65,12.98,0.0,,0.0,,,12567.0,717.0,36.3,1.4,3.47,,,4.91,1.01,12.98,20331.0,1119.0,48.66,1.47,3.35,9398.0,759.0,46.22,2.73,4.91,1280.0,292.0,6.3,1.39,13.87,7529.0,551.0,37.03,1.79,4.45,340.0,123.0,1.67,0.6,21.99,1294.0,326.0,6.36,1.56,15.32,20971.0,1148.0,50.19,1.48,3.33,0.0,,0.0,,,980.0,214.0,4.67,0.99,13.27,292.0,96.0,1.39,0.45,19.99,99.0,50.0,0.47,0.24,30.7,1763.0,278.0,8.41,1.24,9.59,2390.0,317.0,11.4,1.38,8.06,396.0,118.0,1.89,0.55,18.11,1108.0,235.0,5.28,1.08,12.89,1635.0,245.0,7.8,1.09,9.11,8262.0,591.0,39.4,1.81,4.35,1514.0,259.0,7.22,1.17,10.4,692.0,158.0,3.3,0.73,13.88,1840.0,384.0,8.77,1.77,12.69,435.0,116.0,3.78,1.0,16.21,390.0,111.0,3.39,0.96,17.3,690.0,150.0,6.0,1.29,13.22,576.0,135.0,5.01,1.16,14.25,1052.0,252.0,9.15,2.17,14.56,1321.0,233.0,11.49,1.99,10.72,1739.0,261.0,15.12,2.21,9.12,2438.0,300.0,21.2,2.5,7.48,1410.0,199.0,12.26,1.68,8.58,1449.0,193.0,12.6,1.62,8.1,9473.0,442.0,82.37,2.52,2.84,4287.0,409.0,37.28,3.31,5.8,2884.0,358.0,25.08,2.99,7.55,876.0,175.0,7.62,1.5,12.14,292.0,93.0,2.54,0.8,19.36,1818.0,245.0,15.81,2.06,8.19,39126.0,1823.0,93.69,0.62,2.83,27694.0,1528.0,66.31,2.01,3.35,14826.0,996.0,35.5,1.73,4.08,2636.0,447.0,6.31,1.03,10.31,18985.0,1018.0,45.44,1.25,3.26,22797.0,1335.0,54.56,1.97,3.56,2310.0,430.0,5.53,1.0,11.32,1912.0,315.0,4.58,0.72,10.02,2356.0,347.0,5.64,0.79,8.95,2519.0,348.0,6.03,0.79,8.4,2953.0,390.0,7.07,0.87,8.03,6054.0,573.0,14.49,1.2,5.75,5263.0,592.0,12.6,1.29,6.84,5862.0,503.0,14.03,1.02,5.22,3589.0,441.0,8.59,0.98,7.47,2904.0,336.0,6.95,0.74,7.03,3546.0,356.0,8.49,0.76,6.1,1729.0,262.0,4.14,0.6,9.21,785.0,173.0,1.88,0.4,13.4,8159.0,938.0,19.53,2.06,6.99,33623.0,1409.0,80.47,5.01,2.55,6060.0,447.0,14.5,0.84,4.48,1443.0,578.0,3.45,1.37,24.35,981.0,350.0,2.35,0.83,21.69,35455.0,1934.0,84.86,2.48,3.32,321.0,230.0,0.77,0.55,43.56,1390.0,375.0,3.33,0.88,16.4,116.0,152.0,0.28,0.36,79.66,2076.0,650.0,4.97,1.54,19.03,2636.0,677.0,6.31,1.59,15.61,39146.0,1952.0,93.69,1.79,3.03,498.0,245.0,1.19,0.58,29.91,34884.0,1936.0,83.49,2.58,3.37,254.0,197.0,0.61,0.47,47.15,1351.0,365.0,3.23,0.86,16.42,116.0,152.0,0.28,0.36,79.66,814.0,399.0,1.95,0.95,29.8,1229.0,550.0,2.94,1.31,27.2
11413,11413,11413,12983.0,605.0,100,,2.83,4635.0,417.0,35.7,2.75,5.47,11018.0,853.0,24.13,1.44,4.71,502.0,145.0,4.56,1.27,17.56,526.0,147.0,4.77,1.28,16.99,4166.0,495.0,37.81,3.41,7.22,2740.0,390.0,24.87,2.97,8.65,3084.0,347.0,27.99,2.29,6.84,31859.0,1552.0,69.77,4.84,2.96,1230.0,286.0,3.86,0.88,14.13,1789.0,305.0,5.62,0.92,10.36,10358.0,966.0,32.51,2.59,5.67,8282.0,639.0,26.0,1.56,4.69,36215.0,1792.0,79.31,0.32,3.01,1212.0,212.0,3.35,0.56,10.63,45351.0,2225.0,99.32,6.91,2.98,4223.0,426.0,9.31,0.82,6.13,9373.0,905.0,20.53,1.7,5.87,178.0,84.0,1.9,0.88,28.69,29079.0,1649.0,63.68,1.78,3.45,1948.0,303.0,6.7,0.97,9.46,6899.0,520.0,15.11,0.86,4.58,2097.0,300.0,30.4,3.7,8.7,45280.0,2225.0,99.17,6.9,2.99,42709.0,2252.0,94.32,1.8,3.21,2380.0,698.0,5.26,1.52,17.83,191.0,96.0,0.42,0.21,30.55,45661.0,2252.0,100,,3.0,28099.0,1704.0,61.54,2.17,3.69,27395.0,1652.0,60.0,2.08,3.67,704.0,216.0,1.54,0.47,18.65,17562.0,1243.0,38.46,1.95,4.3,13291.0,1125.0,75.68,3.51,5.15,4271.0,546.0,24.32,2.59,7.77,185.0,81.0,1.05,0.46,26.62,491.0,248.0,2.8,1.4,30.7,781.0,263.0,4.45,1.46,20.47,0.0,,0.0,,,16067.0,1240.0,91.49,2.82,4.69,38.0,38.0,0.22,0.22,60.79,43426.0,2091.0,95.11,6.56,2.93,36900.0,2006.0,84.97,2.14,3.3,2513.0,538.0,5.79,1.21,13.01,1949.0,484.0,4.49,1.09,15.1,12295.0,586.0,94.7,0.95,2.9,11144.0,567.0,85.84,1.75,3.09,37365.0,1860.0,81.83,0.55,3.03,23688.0,1428.0,63.4,2.16,3.66,22417.0,1325.0,59.99,1.91,3.59,1206.0,251.0,3.23,0.65,12.65,65.0,62.0,0.17,0.17,57.98,13677.0,887.0,36.6,1.52,3.94,,,5.09,1.01,12.65,21653.0,1339.0,47.42,1.77,3.76,10914.0,952.0,50.4,3.1,5.3,1101.0,268.0,5.08,1.2,14.8,6833.0,737.0,31.56,2.79,6.56,465.0,138.0,2.15,0.62,18.04,1765.0,410.0,8.15,1.83,14.12,22417.0,1325.0,49.09,1.6,3.59,33.0,38.0,0.15,0.17,70.0,1089.0,225.0,4.86,0.96,12.56,299.0,117.0,1.33,0.52,23.79,261.0,127.0,1.16,0.56,29.58,1592.0,249.0,7.1,1.03,9.51,2995.0,442.0,13.36,1.81,8.97,544.0,190.0,2.43,0.84,21.23,1415.0,245.0,6.31,1.03,10.53,1605.0,253.0,7.16,1.05,9.58,8491.0,614.0,37.88,1.58,4.4,1485.0,303.0,6.62,1.29,12.4,1128.0,244.0,5.03,1.05,13.15,1480.0,275.0,6.6,1.16,11.3,388.0,126.0,2.99,0.96,19.74,193.0,85.0,1.49,0.65,26.77,461.0,149.0,3.55,1.14,19.65,559.0,143.0,4.31,1.08,15.55,1010.0,174.0,7.78,1.29,10.47,1710.0,292.0,13.17,2.16,10.38,1919.0,296.0,14.78,2.17,9.38,3583.0,394.0,27.6,2.75,6.68,1838.0,301.0,14.16,2.22,9.96,1322.0,210.0,10.18,1.55,9.66,11089.0,607.0,85.41,2.45,3.33,4729.0,402.0,36.42,2.59,5.17,3717.0,344.0,28.63,2.29,5.63,590.0,139.0,4.54,1.05,14.32,380.0,151.0,2.93,1.16,24.16,1620.0,333.0,12.48,2.5,12.5,42631.0,2081.0,94.0,6.51,2.97,31179.0,1724.0,68.75,1.75,3.36,16204.0,1377.0,35.73,2.48,5.17,2720.0,510.0,6.0,1.09,11.4,21091.0,1203.0,46.19,1.32,3.47,24570.0,1403.0,53.81,1.55,3.47,2235.0,470.0,4.89,1.0,12.78,2456.0,378.0,5.38,0.78,9.36,2972.0,408.0,6.51,0.83,8.35,2757.0,387.0,6.04,0.79,8.53,3382.0,429.0,7.41,0.87,7.71,6089.0,650.0,13.34,1.26,6.49,6462.0,605.0,14.15,1.13,5.69,6090.0,560.0,13.34,1.04,5.59,3334.0,371.0,7.3,0.73,6.76,2976.0,456.0,6.52,0.95,9.31,3505.0,419.0,7.68,0.84,7.27,2493.0,291.0,5.46,0.58,7.1,910.0,190.0,1.99,0.4,12.69,9381.0,906.0,20.54,1.71,5.87,36280.0,1802.0,79.46,0.47,3.02,6908.0,520.0,15.13,0.86,4.58,847.0,407.0,1.85,0.89,29.21,870.0,313.0,1.91,0.68,21.87,40594.0,2164.0,88.9,1.8,3.24,78.0,60.0,0.17,0.13,46.76,738.0,334.0,1.62,0.73,27.51,0.0,,0.0,,,2534.0,737.0,5.55,1.59,17.68,3105.0,640.0,6.8,1.36,12.53,42556.0,2197.0,93.2,1.42,3.14,544.0,247.0,1.19,0.54,27.6,39645.0,2135.0,86.82,1.88,3.27,69.0,61.0,0.15,0.13,53.74,712.0,326.0,1.56,0.71,27.83,0.0,,0.0,,,944.0,527.0,2.07,1.15,33.94,642.0,396.0,1.41,0.86,37.5
11414,11414,11414,11516.0,766.0,100,,4.04,2895.0,496.0,25.14,3.97,10.42,6658.0,1242.0,21.54,3.58,11.34,728.0,347.0,10.93,4.8,28.98,336.0,200.0,5.05,2.85,36.18,2643.0,908.0,39.7,11.45,20.88,1176.0,467.0,17.66,6.19,24.14,1775.0,377.0,26.66,2.71,12.91,23547.0,1712.0,76.17,8.51,4.42,1006.0,478.0,4.27,2.01,28.88,1647.0,432.0,6.99,1.76,15.94,7513.0,987.0,31.91,3.49,7.99,6724.0,1012.0,28.56,3.76,9.15,24900.0,1747.0,80.54,8.86,4.27,1166.0,314.0,4.68,1.22,16.37,30848.0,2607.0,99.78,11.94,5.14,4846.0,798.0,15.71,2.22,10.01,5956.0,1235.0,19.27,3.65,12.61,376.0,228.0,6.31,3.6,36.86,17458.0,1590.0,56.47,1.88,5.54,1362.0,361.0,7.8,1.94,16.11,7434.0,759.0,24.05,1.37,6.21,3108.0,632.0,41.81,7.35,12.36,30571.0,2578.0,98.89,11.82,5.13,28270.0,2522.0,92.47,2.69,5.42,2147.0,800.0,7.02,2.55,22.65,154.0,151.0,0.5,0.49,59.61,30915.0,2621.0,100,,5.15,25257.0,2301.0,81.7,2.72,5.54,24335.0,2222.0,78.72,2.67,5.55,922.0,466.0,2.98,1.49,30.72,5658.0,1078.0,18.3,3.12,11.58,4613.0,850.0,81.53,21.61,11.2,1045.0,477.0,18.47,7.66,27.75,2264.0,562.0,40.01,6.37,15.09,988.0,542.0,17.46,8.98,33.35,66.0,92.0,1.17,1.61,84.74,0.0,,0.0,,,2327.0,683.0,41.13,9.18,17.84,13.0,21.0,0.23,0.37,98.2,29241.0,2441.0,94.59,11.25,5.07,18800.0,2011.0,64.29,4.3,6.5,2625.0,655.0,8.98,2.11,15.17,5065.0,1152.0,17.32,3.66,13.83,10412.0,778.0,90.41,3.08,4.54,10140.0,737.0,88.05,2.58,4.42,25695.0,1885.0,83.11,9.32,4.46,14594.0,1333.0,56.8,3.09,5.55,13188.0,1183.0,51.33,2.65,5.45,1350.0,589.0,5.25,2.26,26.52,56.0,73.0,0.22,0.28,79.24,11101.0,1015.0,43.2,2.36,5.56,,,9.25,3.95,26.52,12963.0,1165.0,41.93,1.25,5.46,7717.0,937.0,59.53,4.86,7.38,875.0,334.0,6.75,2.5,23.2,3285.0,733.0,25.34,5.18,13.56,367.0,189.0,2.83,1.44,31.31,499.0,249.0,3.85,1.89,30.33,13188.0,1183.0,42.66,1.25,5.45,0.0,,0.0,,,1330.0,383.0,10.08,2.76,17.51,415.0,188.0,3.15,1.4,27.54,242.0,164.0,1.84,1.23,41.2,1043.0,339.0,7.91,2.47,19.76,1160.0,328.0,8.8,2.36,17.19,292.0,193.0,2.21,1.45,40.18,1150.0,269.0,8.72,1.88,14.22,1260.0,384.0,9.55,2.78,18.53,3871.0,827.0,29.35,5.69,12.99,1211.0,512.0,9.18,3.79,25.7,531.0,249.0,4.03,1.85,28.51,683.0,277.0,5.18,2.05,24.65,677.0,334.0,5.88,2.87,29.99,635.0,303.0,5.51,2.61,29.01,489.0,188.0,4.25,1.61,23.37,577.0,199.0,5.01,1.7,20.97,1181.0,339.0,10.26,2.86,17.45,1742.0,396.0,15.13,3.29,13.82,1265.0,337.0,10.98,2.83,16.19,1870.0,351.0,16.24,2.85,11.41,1320.0,382.0,11.46,3.23,17.59,1760.0,580.0,15.28,4.93,20.03,7843.0,739.0,68.11,4.55,5.73,5316.0,620.0,46.16,4.42,7.09,3522.0,570.0,30.58,4.51,9.84,708.0,242.0,6.15,2.06,20.78,148.0,118.0,1.29,1.02,48.47,1192.0,356.0,10.35,3.01,18.16,29926.0,2561.0,97.01,1.31,5.2,23097.0,2507.0,74.87,5.1,6.6,11890.0,1371.0,38.54,3.02,7.01,922.0,514.0,2.99,1.65,33.89,15134.0,1741.0,48.95,3.81,6.99,15781.0,1306.0,51.05,6.05,5.03,1674.0,529.0,5.41,1.65,19.21,1669.0,669.0,5.4,2.12,24.37,1727.0,530.0,5.59,1.65,18.66,1190.0,436.0,3.85,1.37,22.27,1108.0,294.0,3.58,0.9,16.13,3414.0,639.0,11.04,1.84,11.38,4136.0,781.0,13.38,2.26,11.48,3955.0,745.0,12.79,2.15,11.45,2494.0,691.0,8.07,2.13,16.84,2114.0,438.0,6.84,1.29,12.6,3908.0,668.0,12.64,1.88,10.39,2159.0,516.0,6.98,1.56,14.53,1367.0,397.0,4.42,1.23,17.65,5959.0,1235.0,19.28,3.65,12.6,24956.0,1757.0,80.72,8.9,4.28,7434.0,759.0,24.05,1.37,6.21,2655.0,1261.0,8.59,4.01,28.87,22738.0,2316.0,73.55,4.15,6.19,1298.0,540.0,4.2,1.71,25.29,45.0,83.0,0.15,0.27,112.12,1630.0,1054.0,5.27,3.38,39.31,0.0,,0.0,,,2549.0,856.0,8.25,2.68,20.41,7702.0,1463.0,24.91,4.23,11.55,23213.0,2441.0,75.09,4.67,6.39,19924.0,2370.0,64.45,5.38,7.23,1119.0,538.0,3.62,1.71,29.23,0.0,,0.0,,,1583.0,1044.0,5.12,3.35,40.09,0.0,,0.0,,,0.0,,0.0,,,587.0,462.0,1.9,1.49,47.85
11415,11415,"11415, 11424",8546.0,429.0,100,,3.05,1779.0,288.0,20.82,3.2,9.84,3895.0,679.0,19.14,2.91,10.6,210.0,86.0,5.39,2.0,24.9,388.0,143.0,9.96,3.23,22.4,1555.0,460.0,39.92,9.54,17.98,481.0,138.0,12.35,2.81,17.44,1261.0,288.0,32.37,4.78,13.88,15344.0,1126.0,75.4,8.5,4.46,837.0,529.0,5.45,3.42,38.42,626.0,182.0,4.08,1.15,17.67,2881.0,406.0,18.78,2.26,8.57,7525.0,598.0,49.04,1.5,4.83,16473.0,1213.0,80.94,9.14,4.48,164.0,65.0,1.0,0.39,24.09,20225.0,1730.0,99.38,12.02,5.2,2283.0,405.0,11.29,1.75,10.78,3861.0,859.0,18.97,3.9,13.52,191.0,109.0,4.95,2.6,34.69,12882.0,949.0,63.3,7.15,4.48,965.0,339.0,7.49,2.57,21.36,3482.0,644.0,17.11,2.81,11.24,1127.0,237.0,32.37,3.24,12.78,19861.0,1560.0,97.59,11.33,4.77,17542.0,1593.0,88.32,4.03,5.52,2088.0,481.0,10.51,2.28,14.0,231.0,139.0,1.16,0.69,36.58,20351.0,1741.0,100,,5.2,12348.0,1287.0,60.68,3.61,6.34,11911.0,1284.0,58.53,3.84,6.55,437.0,191.0,2.15,0.92,26.57,8003.0,874.0,39.32,2.67,6.64,5283.0,627.0,66.01,3.07,7.21,2720.0,650.0,33.99,7.22,14.53,1794.0,432.0,22.42,4.81,14.64,3324.0,797.0,41.53,8.87,14.58,304.0,209.0,3.8,2.58,41.79,0.0,,0.0,,,2509.0,493.0,31.35,5.12,11.94,72.0,61.0,0.9,0.76,51.5,18961.0,1511.0,93.17,10.89,4.84,9078.0,812.0,47.88,1.94,5.44,3982.0,684.0,21.0,3.2,10.44,3223.0,681.0,17.0,3.33,12.84,8120.0,502.0,95.02,3.43,3.76,7483.0,528.0,87.56,4.34,4.29,16731.0,1231.0,82.21,9.28,4.47,11221.0,913.0,67.07,2.33,4.95,10552.0,859.0,63.07,2.2,4.95,655.0,237.0,3.91,1.39,22.0,14.0,28.0,0.08,0.17,121.58,5510.0,818.0,32.93,4.25,9.02,,,5.84,2.06,22.0,10279.0,864.0,50.51,6.06,5.11,2870.0,434.0,27.92,3.51,9.19,350.0,130.0,3.41,1.23,22.58,4934.0,572.0,48.0,3.83,7.05,568.0,241.0,5.53,2.3,25.79,1099.0,282.0,10.69,2.59,15.6,10552.0,859.0,51.85,6.12,4.95,0.0,,0.0,,,361.0,122.0,3.42,1.12,20.54,242.0,161.0,2.29,1.51,40.44,213.0,111.0,2.02,1.04,31.68,738.0,175.0,6.99,1.56,14.42,975.0,213.0,9.24,1.87,13.28,493.0,216.0,4.67,2.01,26.63,1114.0,314.0,10.56,2.85,17.13,1685.0,305.0,15.97,2.58,11.0,2692.0,403.0,25.51,3.21,9.1,662.0,212.0,6.27,1.94,19.47,808.0,245.0,7.66,2.24,18.43,569.0,153.0,5.39,1.38,16.35,337.0,126.0,3.94,1.46,22.73,391.0,131.0,4.58,1.52,20.37,581.0,171.0,6.8,1.97,17.89,379.0,162.0,4.43,1.88,25.98,683.0,232.0,7.99,2.68,20.65,1612.0,316.0,18.86,3.57,11.92,1188.0,208.0,13.9,2.33,10.64,1451.0,255.0,16.98,2.86,10.68,888.0,211.0,10.39,2.41,14.44,1036.0,200.0,12.12,2.26,11.74,6980.0,541.0,81.68,4.82,4.71,2320.0,286.0,27.15,3.06,7.49,1015.0,202.0,11.88,2.29,12.1,381.0,107.0,4.46,1.23,17.07,100.0,57.0,1.17,0.66,34.65,870.0,233.0,10.18,2.68,16.28,18953.0,1641.0,93.71,1.26,5.26,13489.0,1364.0,66.69,3.6,6.15,7867.0,1403.0,38.9,6.09,10.84,1272.0,372.0,6.29,1.76,17.78,10174.0,968.0,49.99,2.08,5.78,10177.0,1086.0,50.01,3.19,6.49,1390.0,369.0,6.83,1.72,16.14,1149.0,342.0,5.65,1.61,18.09,933.0,289.0,4.58,1.36,18.83,622.0,194.0,3.06,0.92,18.96,913.0,230.0,4.49,1.06,15.31,3302.0,474.0,16.23,1.87,8.73,2966.0,417.0,14.57,1.63,8.55,3037.0,437.0,14.92,1.73,8.75,1242.0,258.0,6.1,1.16,12.63,1315.0,385.0,6.46,1.81,17.8,1936.0,277.0,9.51,1.09,8.7,1162.0,543.0,5.71,2.62,28.41,384.0,165.0,1.89,0.79,26.12,3864.0,859.0,18.99,3.9,13.51,16487.0,1216.0,81.01,9.15,4.48,3482.0,644.0,17.11,2.81,11.24,1275.0,309.0,6.27,1.42,14.73,11173.0,1413.0,54.9,5.11,7.69,1621.0,514.0,7.97,2.43,19.28,266.0,144.0,1.31,0.7,32.91,4126.0,1055.0,20.27,4.89,15.54,10.0,20.0,0.05,0.1,121.58,1880.0,508.0,9.24,2.37,16.43,4821.0,865.0,23.69,3.74,10.91,15530.0,1570.0,76.31,4.11,6.15,9287.0,1287.0,45.63,4.98,8.42,1199.0,332.0,5.89,1.55,16.83,149.0,119.0,0.73,0.58,48.55,4069.0,1044.0,19.99,4.84,15.6,10.0,20.0,0.05,0.1,121.58,168.0,170.0,0.83,0.83,61.51,648.0,222.0,3.18,1.06,20.83
11416,11416,11416,7372.0,416.0,100,,3.43,2754.0,256.0,37.36,2.76,5.65,6906.0,667.0,25.49,2.08,5.87,412.0,162.0,5.97,2.27,23.9,220.0,102.0,3.19,1.44,28.18,2646.0,341.0,38.31,3.27,7.83,1427.0,234.0,20.66,2.74,9.97,2201.0,360.0,31.87,4.21,9.94,18367.0,1016.0,67.78,1.33,3.36,2187.0,420.0,11.91,2.19,11.67,1754.0,249.0,9.55,1.25,8.63,5927.0,491.0,32.27,1.99,5.04,4262.0,655.0,23.2,3.33,9.34,21048.0,1182.0,77.67,1.7,3.41,622.0,228.0,2.96,1.07,22.28,27073.0,1405.0,99.91,0.41,3.15,2626.0,422.0,9.7,1.48,9.77,6031.0,639.0,22.26,2.06,6.44,155.0,77.0,2.57,1.25,30.2,17727.0,1067.0,65.42,2.01,3.66,1370.0,265.0,7.73,1.42,11.76,3315.0,483.0,12.23,1.67,8.86,1101.0,308.0,33.21,7.93,17.01,26817.0,1397.0,98.96,0.6,3.17,25104.0,1419.0,93.61,2.05,3.44,1555.0,398.0,5.8,1.45,15.56,158.0,77.0,0.59,0.29,29.63,27098.0,1402.0,100,,3.15,13814.0,989.0,50.98,2.52,4.35,12606.0,977.0,46.52,2.68,4.71,1208.0,302.0,4.46,1.09,15.2,13284.0,1033.0,49.02,2.85,4.73,8051.0,736.0,60.61,2.91,5.56,5233.0,604.0,39.39,3.36,7.02,851.0,394.0,6.41,2.92,28.14,4378.0,742.0,32.96,4.96,10.3,127.0,81.0,0.96,0.61,38.77,46.0,74.0,0.35,0.56,97.79,7870.0,824.0,59.24,4.15,6.36,12.0,12.0,0.09,0.09,60.79,25328.0,1339.0,93.47,1.02,3.21,9204.0,875.0,36.34,2.87,5.78,6372.0,712.0,25.16,2.48,6.79,9706.0,1036.0,38.32,3.55,6.49,6842.0,377.0,92.81,7.32,3.35,6653.0,403.0,90.25,1.99,3.68,21639.0,1201.0,79.85,1.6,3.37,14020.0,956.0,64.79,2.57,4.15,12879.0,862.0,59.52,2.23,4.07,1141.0,263.0,5.27,1.18,14.01,0.0,,0.0,,,7619.0,611.0,35.21,2.04,4.88,,,8.14,1.79,14.01,12504.0,840.0,46.14,1.98,4.08,3888.0,507.0,31.09,3.48,7.93,711.0,224.0,5.69,1.75,19.15,5781.0,553.0,46.23,3.15,5.82,770.0,220.0,6.16,1.71,17.37,1088.0,312.0,8.7,2.43,17.43,12879.0,862.0,47.53,2.02,4.07,0.0,,0.0,,,903.0,169.0,7.01,1.23,11.38,638.0,162.0,4.95,1.21,15.44,269.0,109.0,2.09,0.83,24.63,1564.0,248.0,12.14,1.75,9.64,1325.0,234.0,10.29,1.68,10.74,216.0,74.0,1.68,0.56,20.83,974.0,402.0,7.56,3.08,25.09,1683.0,349.0,13.07,2.56,12.61,2968.0,363.0,23.05,2.36,7.43,1408.0,285.0,10.93,2.09,12.3,683.0,222.0,5.3,1.69,19.76,248.0,77.0,1.93,0.58,18.87,289.0,99.0,3.92,1.32,20.82,234.0,93.0,3.17,1.25,24.16,525.0,112.0,7.12,1.47,12.97,627.0,177.0,8.51,2.35,17.16,749.0,218.0,10.16,2.9,17.69,1148.0,307.0,15.57,4.07,16.26,1087.0,192.0,14.74,2.47,10.74,1392.0,299.0,18.88,3.91,13.06,719.0,151.0,9.75,1.97,12.77,602.0,131.0,8.17,1.72,13.23,6341.0,393.0,86.01,2.2,3.77,2029.0,398.0,27.52,5.17,11.92,1172.0,328.0,15.9,4.36,17.01,399.0,105.0,5.41,1.39,16.0,313.0,88.0,4.25,1.17,17.09,1033.0,177.0,14.01,2.27,10.42,24840.0,1321.0,91.75,1.07,3.23,14652.0,1090.0,54.12,2.88,4.52,12312.0,1077.0,45.48,3.2,5.32,2233.0,443.0,8.25,1.58,12.06,14218.0,944.0,52.47,2.18,4.04,12880.0,859.0,47.53,2.0,4.05,1770.0,273.0,6.53,0.95,9.38,1590.0,264.0,5.87,0.93,10.09,1691.0,278.0,6.24,0.97,9.99,1866.0,323.0,6.89,1.14,10.52,1814.0,305.0,6.69,1.07,10.22,4316.0,604.0,15.93,2.07,8.51,3332.0,391.0,12.3,1.3,7.13,3878.0,408.0,14.31,1.31,6.4,1919.0,381.0,7.08,1.36,12.07,1607.0,250.0,5.93,0.87,9.46,2347.0,397.0,8.66,1.39,10.28,642.0,186.0,2.37,0.68,17.61,326.0,225.0,1.2,0.83,41.96,6050.0,636.0,22.33,2.04,6.39,21048.0,1182.0,77.67,1.7,3.41,3315.0,483.0,12.23,1.67,8.86,3327.0,888.0,12.28,3.21,16.23,6557.0,920.0,24.2,3.16,8.53,1483.0,378.0,5.47,1.37,15.49,145.0,88.0,0.54,0.32,36.89,9002.0,1128.0,33.22,3.79,7.62,0.0,,0.0,,,6584.0,978.0,24.3,3.38,9.03,12418.0,1146.0,45.83,3.5,5.61,14680.0,1236.0,54.17,3.6,5.12,3423.0,620.0,12.63,2.19,11.01,1021.0,358.0,3.77,1.31,21.32,0.0,,0.0,,,9002.0,1128.0,33.22,3.79,7.62,0.0,,0.0,,,237.0,139.0,0.87,0.51,35.65,997.0,330.0,3.68,1.2,20.12
11417,11417,11417,9347.0,514.0,100,,3.34,3881.0,393.0,41.52,3.53,6.16,9163.0,893.0,27.57,2.17,5.92,822.0,303.0,8.97,3.19,22.41,405.0,128.0,4.42,1.33,19.21,3458.0,604.0,37.74,5.47,10.62,1650.0,259.0,18.01,2.22,9.54,2828.0,391.0,30.86,3.03,8.4,21808.0,1241.0,65.62,5.31,3.46,2528.0,499.0,11.59,2.19,12.0,2039.0,331.0,9.35,1.42,9.87,5949.0,590.0,27.28,2.22,6.03,5455.0,670.0,25.01,2.72,7.47,24938.0,1430.0,75.03,6.09,3.49,557.0,131.0,2.23,0.51,14.3,33230.0,1912.0,99.98,0.11,3.5,3164.0,426.0,9.52,1.16,8.18,8292.0,876.0,24.95,2.21,6.42,279.0,85.0,3.36,0.96,18.52,20797.0,1227.0,62.57,0.82,3.59,1672.0,351.0,8.04,1.62,12.76,4141.0,667.0,12.46,1.87,9.79,1213.0,214.0,29.29,2.11,10.72,32838.0,1888.0,98.8,8.04,3.5,29957.0,1813.0,91.23,1.72,3.68,2598.0,685.0,7.91,2.04,16.03,283.0,169.0,0.86,0.51,36.3,33236.0,1912.0,100,,3.5,19221.0,1370.0,57.83,2.43,4.33,18363.0,1283.0,55.25,2.19,4.25,858.0,249.0,2.58,0.73,17.64,14015.0,1319.0,42.17,3.14,5.72,9640.0,1076.0,68.78,4.13,6.79,4375.0,614.0,31.22,3.25,8.53,1038.0,321.0,7.41,2.18,18.8,5493.0,921.0,39.19,5.44,10.19,87.0,58.0,0.62,0.41,40.53,0.0,,0.0,,,7372.0,845.0,52.6,3.44,6.97,25.0,27.0,0.18,0.19,65.65,30586.0,1721.0,92.03,7.41,3.42,13757.0,1166.0,44.98,2.85,5.15,6607.0,1054.0,21.6,3.22,9.7,8799.0,986.0,28.77,2.79,6.81,8610.0,469.0,92.12,7.13,3.31,8385.0,478.0,89.71,1.35,3.47,25782.0,1451.0,77.57,6.24,3.42,15827.0,974.0,61.39,1.53,3.74,14789.0,964.0,57.36,1.89,3.96,1032.0,240.0,4.0,0.9,14.14,6.0,11.0,0.02,0.04,111.45,9955.0,947.0,38.61,2.96,5.78,,,6.52,1.46,14.14,14393.0,955.0,43.31,1.43,4.03,5334.0,656.0,37.06,3.84,7.48,810.0,210.0,5.63,1.41,15.76,6305.0,533.0,43.81,2.29,5.14,602.0,173.0,4.18,1.17,17.47,1006.0,292.0,6.99,1.98,17.64,14789.0,964.0,44.5,1.36,3.96,31.0,45.0,0.21,0.3,88.24,1115.0,330.0,7.54,2.18,17.99,567.0,182.0,3.83,1.21,19.51,393.0,167.0,2.66,1.12,25.83,1736.0,327.0,11.74,2.07,11.45,1513.0,289.0,10.23,1.84,11.61,223.0,88.0,1.51,0.59,23.99,987.0,211.0,6.67,1.36,13.0,1595.0,279.0,10.79,1.75,10.63,3610.0,367.0,24.41,1.9,6.18,1125.0,196.0,7.61,1.23,10.59,1022.0,242.0,6.91,1.57,14.39,872.0,180.0,5.9,1.15,12.55,514.0,157.0,5.5,1.65,18.57,239.0,91.0,2.56,0.96,23.15,654.0,196.0,7.0,2.06,18.22,581.0,221.0,6.22,2.34,23.12,1179.0,330.0,12.61,3.46,17.02,1362.0,237.0,14.57,2.41,10.58,1285.0,261.0,13.75,2.69,12.35,1659.0,239.0,17.75,2.36,8.76,939.0,194.0,10.05,2.0,12.56,935.0,171.0,10.0,1.74,11.12,7632.0,441.0,81.65,1.45,3.51,2731.0,356.0,29.22,3.45,7.92,1542.0,218.0,16.5,2.15,8.59,724.0,247.0,7.75,2.61,20.74,298.0,134.0,3.19,1.42,27.34,1428.0,305.0,15.28,3.15,12.98,30906.0,1829.0,93.01,1.29,3.6,19602.0,1409.0,58.99,2.54,4.37,13897.0,1381.0,41.82,3.39,6.04,2324.0,455.0,6.99,1.31,11.9,15377.0,1044.0,46.27,1.67,4.13,17859.0,1156.0,53.73,1.59,3.93,2650.0,486.0,7.97,1.39,11.15,2217.0,476.0,6.67,1.38,13.05,2299.0,400.0,6.92,1.14,10.58,1883.0,337.0,5.67,0.96,10.88,2379.0,341.0,7.16,0.94,8.71,4898.0,610.0,14.74,1.63,7.57,3808.0,437.0,11.46,1.14,6.98,4509.0,524.0,13.57,1.37,7.06,2124.0,330.0,6.39,0.92,9.44,2328.0,464.0,7.0,1.34,12.12,2498.0,442.0,7.52,1.26,10.76,1181.0,344.0,3.55,1.01,17.71,462.0,140.0,1.39,0.41,18.42,8292.0,876.0,24.95,2.21,6.42,24944.0,1429.0,75.05,6.09,3.48,4141.0,667.0,12.46,1.87,9.79,3987.0,858.0,12.0,2.49,13.08,9559.0,1045.0,28.76,2.67,6.65,2835.0,734.0,8.53,2.15,15.74,110.0,96.0,0.33,0.29,53.05,10099.0,1091.0,30.39,2.78,6.57,8.0,15.0,0.02,0.05,113.98,6638.0,1211.0,19.97,3.46,11.09,12292.0,1294.0,36.98,3.26,6.4,20944.0,1574.0,63.02,3.05,4.57,5680.0,613.0,17.09,1.56,6.56,2298.0,690.0,6.91,2.04,18.25,21.0,33.0,0.06,0.1,95.53,9853.0,1085.0,29.65,2.78,6.69,8.0,15.0,0.02,0.05,113.98,1483.0,723.0,4.46,2.16,29.64,1601.0,678.0,4.82,2.02,25.74
11418,11418,11418,11609.0,666.0,100,,3.49,4003.0,425.0,34.48,3.08,6.45,9368.0,927.0,24.06,1.96,6.02,316.0,109.0,3.37,1.11,20.97,422.0,208.0,4.5,2.18,29.96,3580.0,649.0,38.22,5.8,11.02,2041.0,310.0,21.79,2.51,9.23,3009.0,425.0,32.12,3.24,8.59,27096.0,1495.0,69.59,5.47,3.35,2965.0,377.0,10.94,1.25,7.73,2362.0,388.0,8.72,1.35,9.99,7668.0,905.0,28.3,2.95,7.17,8390.0,771.0,30.96,2.28,5.59,30607.0,1746.0,78.6,0.83,3.47,708.0,199.0,2.31,0.64,17.09,38542.0,2115.0,98.98,7.77,3.34,4414.0,502.0,11.45,1.14,6.91,8312.0,875.0,21.35,1.9,6.4,168.0,70.0,2.02,0.81,25.33,24732.0,1624.0,63.52,2.17,3.99,2326.0,389.0,9.4,1.45,10.17,5498.0,590.0,14.12,1.29,6.52,1920.0,329.0,34.92,4.67,10.42,38243.0,2061.0,98.22,7.64,3.28,34535.0,2096.0,90.3,2.52,3.69,3340.0,686.0,8.73,1.73,12.49,368.0,198.0,0.96,0.52,32.71,38938.0,2183.0,100,,3.41,19835.0,1616.0,50.94,3.01,4.95,18583.0,1582.0,47.72,3.06,5.18,1252.0,255.0,3.22,0.63,12.38,19103.0,1207.0,49.06,1.43,3.84,11746.0,937.0,61.49,2.99,4.85,7357.0,881.0,38.51,3.92,7.28,1122.0,322.0,5.87,1.64,17.45,6080.0,966.0,31.83,4.64,9.66,201.0,115.0,1.05,0.6,34.78,0.0,,0.0,,,11687.0,865.0,61.18,2.36,4.5,13.0,15.0,0.07,0.08,70.14,36580.0,2112.0,93.94,1.3,3.51,15224.0,1451.0,41.62,3.16,5.79,9849.0,920.0,26.92,1.98,5.68,12528.0,1013.0,34.25,1.94,4.92,10959.0,669.0,94.4,1.97,3.71,10481.0,652.0,90.28,2.17,3.78,31559.0,1793.0,81.05,0.75,3.45,20557.0,1379.0,65.14,2.32,4.08,19415.0,1367.0,61.52,2.56,4.28,1123.0,219.0,3.56,0.66,11.85,19.0,27.0,0.06,0.09,86.39,11002.0,960.0,34.86,2.31,5.3,,,5.46,1.0,11.85,18570.0,1378.0,47.69,2.32,4.51,6359.0,878.0,34.24,3.99,8.39,1104.0,268.0,5.95,1.37,14.76,8427.0,846.0,45.38,3.07,6.1,1075.0,293.0,5.79,1.52,16.57,1319.0,380.0,7.1,1.98,17.51,19415.0,1367.0,49.86,2.12,4.28,0.0,,0.0,,,1951.0,416.0,10.05,2.02,12.96,705.0,222.0,3.63,1.11,19.14,442.0,198.0,2.28,1.01,27.23,1911.0,287.0,9.84,1.31,9.13,2659.0,576.0,13.7,2.81,13.17,396.0,223.0,2.04,1.14,34.23,1158.0,248.0,5.96,1.21,13.02,1865.0,328.0,9.61,1.55,10.69,4755.0,649.0,24.49,2.86,8.3,1741.0,337.0,8.97,1.62,11.77,1063.0,230.0,5.48,1.12,13.15,769.0,185.0,3.96,0.91,14.62,412.0,121.0,3.55,1.02,17.85,272.0,111.0,2.34,0.95,24.81,563.0,145.0,4.85,1.22,15.66,1242.0,313.0,10.7,2.63,15.32,1354.0,452.0,11.66,3.84,20.29,1815.0,267.0,15.63,2.12,8.94,1739.0,342.0,14.98,2.82,11.96,2032.0,324.0,17.5,2.6,9.69,949.0,264.0,8.17,2.23,16.91,1231.0,206.0,10.6,1.67,10.17,10253.0,697.0,88.32,3.22,4.13,3364.0,369.0,28.98,2.71,6.67,2054.0,330.0,17.69,2.66,9.77,787.0,201.0,6.78,1.69,15.53,389.0,142.0,3.35,1.21,22.19,1595.0,222.0,13.74,1.74,8.46,34467.0,1908.0,89.43,0.65,3.37,21491.0,1876.0,55.76,3.79,5.31,16423.0,1638.0,42.61,3.55,6.06,4075.0,739.0,10.57,1.83,11.02,19673.0,1436.0,50.52,2.36,4.44,19265.0,1112.0,49.48,0.68,3.51,2358.0,485.0,6.06,1.2,12.5,2089.0,368.0,5.36,0.9,10.71,2417.0,559.0,6.21,1.39,14.06,2270.0,311.0,5.83,0.73,8.33,2708.0,553.0,6.95,1.37,12.41,6036.0,757.0,15.5,1.74,7.62,4669.0,576.0,11.99,1.32,7.5,5135.0,577.0,13.19,1.28,6.83,2604.0,431.0,6.69,1.04,10.06,2841.0,390.0,7.3,0.91,8.35,3732.0,603.0,9.58,1.45,9.82,1445.0,254.0,3.71,0.62,10.69,634.0,170.0,1.63,0.43,16.3,8312.0,875.0,21.35,1.9,6.4,30626.0,1749.0,78.65,0.86,3.47,5811.0,671.0,14.92,1.51,7.02,3812.0,984.0,9.79,2.47,15.69,12659.0,1359.0,32.51,2.98,6.53,3592.0,837.0,9.22,2.09,14.17,413.0,270.0,1.06,0.69,39.74,9523.0,1282.0,24.46,2.99,8.18,0.0,,0.0,,,8939.0,1084.0,22.96,2.47,7.37,15672.0,1370.0,40.25,2.7,5.31,23266.0,1853.0,59.75,3.38,4.84,6992.0,987.0,17.96,2.33,8.58,3135.0,787.0,8.05,1.97,15.26,313.0,269.0,0.8,0.69,52.24,9492.0,1277.0,24.38,2.98,8.18,0.0,,0.0,,,1206.0,442.0,3.1,1.12,22.28,2128.0,587.0,5.47,1.48,16.77
11419,11419,11419,12856.0,664.0,100,,3.14,4295.0,400.0,33.41,2.59,5.66,11198.0,975.0,22.35,1.67,5.29,658.0,228.0,5.88,1.97,21.06,420.0,132.0,3.75,1.13,19.11,3747.0,551.0,33.46,3.97,8.94,2122.0,322.0,18.95,2.36,9.22,4251.0,452.0,37.96,2.32,6.46,36761.0,1660.0,73.36,0.51,2.75,6200.0,700.0,16.87,1.75,6.86,3586.0,465.0,9.75,1.19,7.88,11605.0,904.0,31.57,2.0,4.74,7912.0,860.0,21.52,2.13,6.61,41606.0,1774.0,83.03,5.12,2.59,589.0,292.0,1.42,0.7,30.14,50059.0,2236.0,99.9,0.2,2.72,4594.0,549.0,9.18,1.02,7.26,8462.0,971.0,16.89,1.79,6.98,187.0,93.0,2.21,1.07,30.23,33768.0,1633.0,67.39,1.26,2.94,2018.0,357.0,5.98,1.02,10.75,7829.0,945.0,15.62,1.75,7.34,2389.0,421.0,30.51,3.92,10.71,49771.0,2206.0,99.33,6.25,2.69,46736.0,2310.0,93.9,2.05,3.0,2684.0,614.0,5.39,1.21,13.91,351.0,152.0,0.71,0.3,26.33,50107.0,2236.0,100,,2.71,17060.0,1401.0,34.05,2.35,4.99,15955.0,1304.0,31.84,2.18,4.97,1105.0,349.0,2.21,0.69,19.2,33047.0,1552.0,65.95,0.97,2.85,21541.0,1266.0,65.18,2.3,3.57,11506.0,1256.0,34.82,3.43,6.64,303.0,121.0,0.92,0.36,24.28,9059.0,1142.0,27.41,3.21,7.66,104.0,75.0,0.31,0.23,43.84,14.0,23.0,0.04,0.07,99.87,23514.0,1330.0,71.15,2.24,3.44,53.0,40.0,0.16,0.12,45.88,47790.0,2107.0,95.38,5.98,2.68,28222.0,1669.0,59.05,2.33,3.6,9327.0,971.0,19.52,1.84,6.33,7903.0,1216.0,16.54,2.44,9.35,12325.0,727.0,95.87,2.73,3.59,11509.0,687.0,89.52,2.68,3.63,42837.0,1844.0,85.49,5.3,2.62,26890.0,1403.0,62.77,1.85,3.17,24498.0,1302.0,57.19,1.78,3.23,2365.0,521.0,5.52,1.19,13.39,27.0,28.0,0.06,0.07,63.04,15947.0,995.0,37.23,1.68,3.79,,,8.8,1.88,13.39,24232.0,1320.0,48.36,1.51,3.31,8990.0,936.0,37.1,3.29,6.33,2091.0,372.0,8.63,1.46,10.81,10643.0,787.0,43.92,2.2,4.5,1306.0,311.0,5.39,1.25,14.48,998.0,262.0,4.12,1.06,15.96,24498.0,1302.0,48.89,1.41,3.23,0.0,,0.0,,,2108.0,394.0,8.6,1.54,11.36,855.0,222.0,3.49,0.89,15.78,664.0,267.0,2.71,1.08,24.44,2537.0,399.0,10.36,1.53,9.56,3104.0,479.0,12.67,1.84,9.38,418.0,117.0,1.71,0.47,17.02,1656.0,277.0,6.76,1.07,10.17,2061.0,329.0,8.41,1.27,9.7,6985.0,686.0,28.51,2.35,5.97,1695.0,282.0,6.92,1.09,10.11,1425.0,348.0,5.82,1.39,14.85,990.0,286.0,4.04,1.15,17.56,400.0,226.0,3.11,1.75,34.35,224.0,96.0,1.74,0.74,26.05,973.0,253.0,7.57,1.93,15.81,972.0,298.0,7.56,2.28,18.64,1193.0,315.0,9.28,2.4,16.05,2014.0,404.0,15.67,3.04,12.19,1729.0,446.0,13.45,3.4,15.68,2811.0,472.0,21.87,3.49,10.21,1232.0,192.0,9.58,1.41,9.47,1308.0,196.0,10.17,1.43,9.11,11455.0,674.0,89.1,2.51,3.58,4198.0,458.0,32.65,3.14,6.63,1789.0,380.0,13.92,2.87,12.91,757.0,153.0,5.89,1.15,12.29,855.0,180.0,6.65,1.36,12.8,2357.0,409.0,18.33,3.04,10.55,45438.0,2214.0,90.77,1.77,2.96,25012.0,1568.0,49.97,2.2,3.81,23578.0,1710.0,47.1,2.69,4.41,4621.0,684.0,9.23,1.3,9.0,25594.0,1347.0,51.08,1.43,3.2,24513.0,1305.0,48.92,1.42,3.24,2317.0,432.0,4.62,0.84,11.33,1985.0,413.0,3.96,0.81,12.65,2640.0,357.0,5.27,0.67,8.22,2689.0,359.0,5.37,0.68,8.12,3715.0,479.0,7.41,0.9,7.84,8326.0,862.0,16.62,1.55,6.29,6103.0,676.0,12.18,1.23,6.73,7155.0,694.0,14.28,1.23,5.9,3804.0,374.0,7.59,0.67,5.98,3544.0,497.0,7.07,0.94,8.53,4887.0,612.0,9.75,1.14,7.61,2580.0,770.0,5.15,1.52,18.14,362.0,126.0,0.72,0.25,21.16,8474.0,971.0,16.91,1.78,6.97,41633.0,1774.0,83.09,5.13,2.59,7829.0,945.0,15.62,1.75,7.34,5330.0,1181.0,10.64,2.31,13.47,3827.0,755.0,7.64,1.47,11.99,6906.0,924.0,13.78,1.74,8.13,501.0,310.0,1.0,0.62,37.61,17836.0,1701.0,35.6,3.0,5.8,55.0,47.0,0.11,0.09,51.95,15652.0,1693.0,31.24,3.08,6.58,9772.0,1339.0,19.5,2.53,8.33,40335.0,1993.0,80.5,1.71,3.0,1952.0,509.0,3.9,1.0,15.85,6464.0,904.0,12.9,1.71,8.5,308.0,204.0,0.61,0.41,40.26,17717.0,1671.0,35.36,2.94,5.73,35.0,42.0,0.07,0.08,72.95,10689.0,1435.0,21.33,2.7,8.16,3170.0,712.0,6.33,1.39,13.65
11420,11420,11420,13555.0,618.0,100,,2.77,5211.0,500.0,38.44,3.25,5.83,11638.0,1014.0,22.45,1.67,5.3,606.0,165.0,5.21,1.34,16.55,715.0,263.0,6.14,2.2,22.36,4045.0,501.0,34.76,3.06,7.53,2656.0,423.0,22.82,3.04,9.68,3616.0,430.0,31.07,2.51,7.23,37193.0,1673.0,71.76,4.57,2.73,4503.0,529.0,12.11,1.31,7.14,3589.0,600.0,9.65,1.55,10.16,12296.0,944.0,33.06,2.06,4.67,7539.0,844.0,20.27,2.08,6.81,41883.0,1862.0,80.81,5.12,2.7,850.0,222.0,2.03,0.52,15.88,51793.0,2343.0,99.93,0.29,2.75,5130.0,462.0,9.9,0.77,5.47,9915.0,888.0,19.13,1.48,5.44,417.0,120.0,4.21,1.15,17.49,35393.0,1709.0,68.29,1.17,2.94,2919.0,342.0,8.25,0.88,7.12,6485.0,681.0,12.51,1.19,6.38,1794.0,323.0,27.66,4.05,10.94,51053.0,2291.0,98.5,6.27,2.73,48486.0,2333.0,94.97,1.65,2.93,2327.0,551.0,4.56,1.06,14.39,240.0,173.0,0.47,0.34,43.82,51831.0,2340.0,100,,2.74,25876.0,1534.0,49.92,1.92,3.6,24357.0,1520.0,46.99,2.02,3.79,1519.0,382.0,2.93,0.73,15.29,25955.0,1583.0,50.08,2.05,3.71,17952.0,1235.0,69.17,2.2,4.18,8003.0,1042.0,30.83,3.55,7.91,264.0,134.0,1.02,0.51,30.86,3940.0,612.0,15.18,2.17,9.44,148.0,88.0,0.57,0.34,36.15,0.0,,0.0,,,21593.0,1523.0,83.19,2.95,4.29,10.0,12.0,0.04,0.05,72.95,48935.0,2230.0,94.41,0.59,2.77,33890.0,2205.0,69.26,3.22,3.96,5596.0,789.0,11.44,1.53,8.57,8885.0,1280.0,18.16,2.48,8.76,12949.0,640.0,95.53,1.82,3.0,12482.0,614.0,92.08,1.7,2.99,43099.0,1933.0,83.15,5.29,2.73,27396.0,1460.0,63.57,1.83,3.24,25091.0,1443.0,58.22,2.1,3.5,2279.0,464.0,5.29,1.05,12.38,26.0,27.0,0.06,0.06,63.13,15703.0,1022.0,36.43,1.72,3.96,,,8.32,1.63,12.38,24521.0,1414.0,47.31,1.7,3.51,11969.0,925.0,48.81,2.51,4.7,1869.0,439.0,7.62,1.74,14.28,8557.0,844.0,34.9,2.79,6.0,440.0,144.0,1.79,0.58,19.89,1316.0,402.0,5.37,1.61,18.57,25091.0,1443.0,48.41,1.72,3.5,64.0,55.0,0.26,0.22,52.24,2066.0,546.0,8.23,2.12,16.07,1006.0,242.0,4.01,0.94,14.62,440.0,136.0,1.75,0.53,18.79,2746.0,466.0,10.94,1.75,10.32,3842.0,516.0,15.31,1.86,8.16,476.0,162.0,1.9,0.64,20.69,1732.0,351.0,6.9,1.34,12.32,2233.0,361.0,8.9,1.34,9.83,6294.0,679.0,25.08,2.29,6.56,1383.0,327.0,5.51,1.26,14.37,1289.0,320.0,5.14,1.24,15.09,1520.0,295.0,6.06,1.12,11.8,559.0,164.0,4.12,1.2,17.83,279.0,111.0,2.06,0.81,24.19,595.0,157.0,4.39,1.14,16.04,761.0,203.0,5.61,1.48,16.22,1280.0,242.0,9.44,1.73,11.49,2225.0,352.0,16.41,2.49,9.62,1879.0,355.0,13.86,2.54,11.49,2743.0,356.0,20.24,2.46,7.89,1726.0,291.0,12.73,2.07,10.25,1508.0,306.0,11.13,2.2,12.34,12105.0,632.0,89.3,2.27,3.17,3840.0,420.0,28.33,2.82,6.65,2437.0,266.0,17.98,1.78,6.64,1154.0,287.0,8.51,2.08,15.12,454.0,129.0,3.35,0.94,17.27,1783.0,287.0,13.15,2.03,9.79,47181.0,2234.0,91.1,1.27,2.88,31538.0,1784.0,60.89,2.07,3.44,19519.0,1426.0,37.69,2.16,4.44,4612.0,890.0,8.9,1.67,11.73,26442.0,1466.0,51.02,1.64,3.37,25389.0,1263.0,48.98,1.02,3.02,2896.0,523.0,5.59,0.98,10.98,2441.0,476.0,4.71,0.89,11.85,2655.0,376.0,5.12,0.69,8.61,3195.0,492.0,6.16,0.91,9.36,3451.0,481.0,6.66,0.88,8.47,8512.0,788.0,16.42,1.33,5.63,6030.0,618.0,11.63,1.07,6.23,7360.0,682.0,14.2,1.15,5.63,4834.0,596.0,9.33,1.07,7.5,3972.0,537.0,7.66,0.98,8.22,3958.0,652.0,7.64,1.21,10.01,1986.0,272.0,3.83,0.5,8.33,541.0,130.0,1.04,0.25,14.61,9922.0,890.0,19.14,1.48,5.45,41909.0,1859.0,80.86,5.12,2.7,6485.0,681.0,12.51,1.19,6.38,6300.0,1213.0,12.15,2.28,11.7,5817.0,1033.0,11.22,1.93,10.8,12787.0,1425.0,24.67,2.51,6.77,802.0,374.0,1.55,0.72,28.35,17403.0,1620.0,33.58,2.73,5.66,107.0,148.0,0.21,0.29,84.08,8615.0,1425.0,16.62,2.64,10.06,11877.0,1596.0,22.91,2.9,8.17,39954.0,2381.0,77.09,3.0,3.62,2375.0,700.0,4.58,1.33,17.92,12102.0,1418.0,23.35,2.52,7.12,727.0,368.0,1.4,0.71,30.77,17302.0,1610.0,33.38,2.72,5.66,107.0,148.0,0.21,0.29,84.08,3529.0,836.0,6.81,1.58,14.4,3812.0,927.0,7.35,1.76,14.78
11421,11421,11421,11676.0,652.0,100,,3.39,4345.0,486.0,37.21,3.61,6.8,10027.0,877.0,23.48,1.56,5.32,498.0,160.0,4.97,1.54,19.53,608.0,219.0,6.06,2.12,21.9,3783.0,484.0,37.73,3.52,7.78,2259.0,326.0,22.53,2.59,8.77,2879.0,474.0,28.71,4.01,10.01,29901.0,1752.0,70.02,0.98,3.56,3935.0,543.0,13.16,1.64,8.39,2688.0,416.0,8.99,1.29,9.41,8375.0,1015.0,28.01,2.97,7.37,7812.0,892.0,26.13,2.56,6.94,33692.0,1894.0,78.9,6.31,3.42,881.0,221.0,2.61,0.64,15.25,42687.0,2430.0,99.96,0.23,3.46,3554.0,445.0,8.33,0.93,7.61,8995.0,878.0,21.06,1.67,5.93,195.0,97.0,2.17,1.06,30.24,28105.0,1765.0,65.81,1.75,3.82,1544.0,252.0,5.49,0.83,9.92,5587.0,536.0,13.08,1.01,5.83,1815.0,286.0,32.49,4.06,9.58,42350.0,2425.0,99.17,0.65,3.48,39016.0,2497.0,92.13,2.63,3.89,2880.0,667.0,6.8,1.53,14.08,454.0,359.0,1.07,0.85,48.07,42704.0,2429.0,100,,3.46,21315.0,1667.0,49.91,2.68,4.75,19464.0,1537.0,45.58,2.5,4.8,1851.0,571.0,4.33,1.31,18.75,21389.0,1605.0,50.09,2.45,4.56,12442.0,1201.0,58.17,3.53,5.87,8947.0,1083.0,41.83,3.97,7.36,1359.0,245.0,6.35,1.04,10.96,5109.0,701.0,23.89,2.74,8.34,113.0,68.0,0.53,0.32,36.58,0.0,,0.0,,,14789.0,1407.0,69.14,4.04,5.78,19.0,20.0,0.09,0.09,63.99,40289.0,2289.0,94.34,7.58,3.45,12232.0,1271.0,30.36,2.64,6.32,13123.0,1347.0,32.57,2.78,6.24,20255.0,1793.0,50.27,3.41,5.38,10964.0,643.0,93.9,1.68,3.57,10645.0,657.0,91.17,2.4,3.75,34838.0,1991.0,81.58,0.45,3.47,21863.0,1565.0,62.76,2.7,4.35,20147.0,1486.0,57.83,2.7,4.48,1699.0,362.0,4.88,1.0,12.95,17.0,19.0,0.05,0.05,67.94,12975.0,875.0,37.24,1.33,4.1,,,7.77,1.56,12.95,19483.0,1441.0,45.62,2.16,4.5,5325.0,538.0,27.33,1.88,6.14,1045.0,268.0,5.36,1.32,15.59,10955.0,1035.0,56.23,3.31,5.74,798.0,416.0,4.1,2.11,31.69,1100.0,207.0,5.65,0.98,11.44,20147.0,1486.0,47.18,2.22,4.48,12.0,19.0,0.06,0.09,96.25,1749.0,379.0,8.68,1.77,13.17,512.0,125.0,2.54,0.59,14.84,436.0,157.0,2.16,0.76,21.89,1690.0,337.0,8.39,1.55,12.12,1757.0,379.0,8.72,1.77,13.11,342.0,110.0,1.7,0.53,19.55,1336.0,300.0,6.63,1.41,13.65,2320.0,557.0,11.52,2.63,14.59,5346.0,664.0,26.53,2.65,7.55,2804.0,573.0,13.92,2.65,12.42,1162.0,232.0,5.77,1.07,12.14,681.0,164.0,3.38,0.77,14.64,511.0,163.0,4.38,1.37,19.39,298.0,114.0,2.55,0.97,23.26,451.0,115.0,3.86,0.96,15.5,676.0,166.0,5.79,1.38,14.93,1315.0,238.0,11.26,1.94,11.0,2388.0,473.0,20.45,3.89,12.04,1478.0,212.0,12.66,1.67,8.72,2137.0,262.0,18.3,2.0,7.45,1213.0,248.0,10.39,2.04,12.43,1209.0,253.0,10.35,2.09,12.72,10067.0,662.0,86.22,2.99,4.0,3225.0,342.0,27.62,2.49,6.45,1736.0,231.0,14.87,1.8,8.09,837.0,206.0,7.17,1.72,14.96,357.0,117.0,3.06,0.99,19.92,1621.0,222.0,13.88,1.74,8.33,37973.0,2148.0,88.96,7.14,3.44,24221.0,1861.0,56.74,2.93,4.67,17423.0,1518.0,40.82,2.69,5.3,4714.0,884.0,11.04,1.97,11.4,21840.0,1416.0,51.14,1.59,3.94,20864.0,1386.0,48.86,1.68,4.04,2415.0,486.0,5.66,1.09,12.23,2507.0,358.0,5.87,0.77,8.68,2459.0,408.0,5.76,0.9,10.09,2558.0,411.0,5.99,0.9,9.77,2864.0,416.0,6.71,0.9,8.83,5840.0,586.0,13.68,1.13,6.1,6416.0,763.0,15.02,1.57,7.23,6017.0,654.0,14.09,1.31,6.61,3267.0,442.0,7.65,0.94,8.22,2774.0,644.0,6.5,1.46,14.11,3499.0,445.0,8.19,0.93,7.73,1439.0,247.0,3.37,0.55,10.43,649.0,174.0,1.52,0.4,16.3,8995.0,878.0,21.06,1.67,5.93,33709.0,1893.0,78.94,6.31,3.41,5587.0,536.0,13.08,1.01,5.83,7724.0,1472.0,18.09,3.29,11.59,13784.0,1279.0,32.28,2.37,5.64,2615.0,749.0,6.12,1.72,17.41,144.0,88.0,0.34,0.21,37.15,7688.0,942.0,18.0,1.95,7.45,66.0,114.0,0.15,0.27,105.0,10683.0,1376.0,25.02,2.89,7.83,25436.0,2123.0,59.56,3.64,5.07,17268.0,1519.0,40.44,2.71,5.35,6030.0,638.0,14.12,1.26,6.43,1846.0,659.0,4.32,1.52,21.7,0.0,,0.0,,,7604.0,927.0,17.81,1.92,7.41,0.0,,0.0,,,819.0,393.0,1.92,0.91,29.17,969.0,452.0,2.27,1.05,28.36
11422,11422,11422,10191.0,518.0,100,,3.09,3504.0,450.0,34.38,4.06,7.81,9049.0,1364.0,26.57,3.63,9.16,381.0,136.0,4.21,1.36,21.7,290.0,145.0,3.2,1.53,30.4,3294.0,633.0,36.4,4.34,11.68,1925.0,407.0,21.27,3.15,12.85,3159.0,700.0,34.91,5.67,13.47,24669.0,1480.0,72.42,6.35,3.65,767.0,227.0,3.11,0.9,17.99,1510.0,333.0,6.12,1.3,13.41,6915.0,628.0,28.03,1.91,5.52,7480.0,710.0,30.32,2.23,5.77,26997.0,1562.0,79.26,6.84,3.52,737.0,205.0,2.73,0.74,16.91,34009.0,2189.0,99.84,0.68,3.91,2969.0,548.0,8.73,1.51,11.22,7012.0,942.0,20.59,2.43,8.17,282.0,182.0,4.02,2.54,39.23,21467.0,1485.0,63.02,1.65,4.21,1315.0,304.0,6.13,1.35,14.05,5530.0,604.0,16.23,1.44,6.64,1372.0,334.0,24.81,5.4,14.8,33846.0,2175.0,99.36,0.58,3.91,31659.0,2151.0,93.54,2.06,4.13,2132.0,745.0,6.3,2.16,21.24,55.0,38.0,0.16,0.11,42.0,34063.0,2180.0,100,,3.89,20977.0,1777.0,61.58,3.42,5.15,20162.0,1680.0,59.19,3.16,5.07,815.0,312.0,2.39,0.9,23.27,13086.0,1183.0,38.42,2.45,5.5,10489.0,981.0,80.15,1.92,5.69,2597.0,549.0,19.85,3.79,12.85,283.0,113.0,2.16,0.84,24.27,394.0,150.0,3.01,1.11,23.14,790.0,456.0,6.04,3.44,35.09,0.0,,0.0,,,11619.0,1127.0,88.79,3.12,5.9,0.0,,0.0,,,32412.0,2063.0,95.15,8.59,3.87,25045.0,1785.0,77.27,2.48,4.33,2194.0,462.0,6.77,1.36,12.8,2467.0,532.0,7.61,1.57,13.11,9786.0,527.0,96.03,1.71,3.27,8836.0,592.0,86.7,3.78,4.07,28259.0,1641.0,82.96,7.17,3.53,18172.0,1401.0,64.31,3.26,4.69,16828.0,1330.0,59.55,3.19,4.8,1290.0,367.0,4.56,1.27,17.29,54.0,57.0,0.19,0.2,64.17,10087.0,777.0,35.69,1.81,4.68,,,7.1,1.94,17.29,16344.0,1256.0,47.98,2.04,4.67,8820.0,796.0,53.96,2.55,5.49,1201.0,359.0,7.35,2.12,18.17,4741.0,617.0,29.01,3.05,7.91,347.0,150.0,2.12,0.9,26.28,892.0,330.0,5.46,1.98,22.49,16828.0,1330.0,49.4,2.29,4.8,0.0,,0.0,,,549.0,139.0,3.26,0.78,15.39,246.0,142.0,1.46,0.84,35.09,118.0,98.0,0.7,0.58,50.49,1622.0,356.0,9.64,1.97,13.34,1969.0,449.0,11.7,2.5,13.86,254.0,138.0,1.51,0.81,33.03,902.0,193.0,5.36,1.07,13.01,1233.0,246.0,7.33,1.34,12.13,6632.0,753.0,39.41,3.21,6.9,1179.0,349.0,7.01,2.0,17.99,613.0,177.0,3.64,1.01,17.55,1511.0,291.0,8.98,1.58,11.71,204.0,136.0,2.0,1.33,40.53,272.0,138.0,2.67,1.35,30.84,494.0,255.0,4.85,2.49,31.38,395.0,132.0,3.88,1.28,20.31,1137.0,346.0,11.16,3.35,18.5,1476.0,264.0,14.48,2.48,10.87,1516.0,375.0,14.88,3.6,15.04,2050.0,312.0,20.12,2.89,9.25,1533.0,272.0,15.04,2.56,10.79,1114.0,281.0,10.93,2.7,15.33,8529.0,629.0,83.69,4.47,4.48,3650.0,365.0,35.82,3.08,6.08,2844.0,371.0,27.91,3.35,7.93,681.0,191.0,6.68,1.84,17.05,357.0,153.0,3.5,1.49,26.05,1139.0,336.0,11.18,3.25,17.93,32160.0,2159.0,94.56,1.8,4.08,23511.0,1733.0,69.13,2.48,4.48,12183.0,1515.0,35.82,3.81,7.56,1849.0,387.0,5.44,1.08,12.72,16256.0,1374.0,47.72,2.63,5.14,17807.0,1118.0,52.28,4.69,3.82,1651.0,348.0,4.85,0.97,12.81,1665.0,436.0,4.89,1.24,15.92,2202.0,492.0,6.46,1.38,13.58,2206.0,361.0,6.48,0.98,9.95,1670.0,389.0,4.9,1.1,14.16,5230.0,826.0,15.35,2.22,9.6,4268.0,573.0,12.53,1.48,8.16,4864.0,640.0,14.28,1.64,8.0,2268.0,373.0,6.66,1.01,10.0,2509.0,422.0,7.37,1.15,10.22,3689.0,555.0,10.83,1.47,9.15,1383.0,298.0,4.06,0.84,13.1,458.0,128.0,1.34,0.37,16.99,7012.0,942.0,20.59,2.43,8.17,27051.0,1558.0,79.41,6.84,3.5,5530.0,604.0,16.23,1.44,6.64,1332.0,369.0,3.91,1.05,16.84,2764.0,907.0,8.11,2.61,19.95,27242.0,2001.0,79.98,2.88,4.47,248.0,242.0,0.73,0.71,59.32,1463.0,414.0,4.29,1.18,17.2,0.0,,0.0,,,1014.0,347.0,2.98,1.0,20.8,3273.0,683.0,9.61,1.91,12.69,30790.0,2059.0,90.39,1.75,4.07,1862.0,635.0,5.47,1.83,20.73,26547.0,2024.0,77.94,3.23,4.63,95.0,111.0,0.28,0.33,71.03,1290.0,333.0,3.79,0.95,15.69,0.0,,0.0,,,242.0,232.0,0.71,0.68,58.28,754.0,243.0,2.21,0.7,19.59
11423,11423,11423,10007.0,670.0,100,,4.07,2976.0,462.0,29.74,4.17,9.44,7356.0,891.0,23.74,2.41,7.36,256.0,113.0,3.48,1.48,26.83,290.0,142.0,3.94,1.87,29.77,2702.0,492.0,36.73,4.99,11.07,1506.0,304.0,20.47,3.31,12.27,2602.0,446.0,35.37,4.29,10.42,22461.0,1431.0,72.49,6.66,3.87,1604.0,332.0,7.14,1.41,12.58,1524.0,321.0,6.79,1.36,12.8,5659.0,682.0,25.19,2.58,7.33,7567.0,966.0,33.69,3.73,7.76,24910.0,1578.0,80.4,7.36,3.85,511.0,166.0,2.05,0.65,19.75,30621.0,2037.0,98.83,0.71,4.04,4113.0,653.0,13.43,1.94,9.65,6070.0,864.0,19.59,2.47,8.65,233.0,101.0,3.84,1.57,26.35,19441.0,1323.0,62.75,1.01,4.14,1737.0,344.0,8.93,1.66,12.04,5110.0,765.0,16.49,2.22,9.1,2143.0,463.0,41.94,6.53,13.13,30776.0,2022.0,99.33,9.26,3.99,29294.0,2011.0,95.18,1.89,4.17,1286.0,402.0,4.18,1.28,19.0,196.0,139.0,0.64,0.45,43.11,30983.0,2049.0,100,,4.02,14360.0,1087.0,46.35,1.71,4.6,13685.0,1041.0,44.17,1.66,4.62,675.0,222.0,2.18,0.7,19.99,16623.0,1500.0,53.65,3.29,5.49,12291.0,1373.0,73.94,4.87,6.79,4332.0,765.0,26.06,3.96,10.74,743.0,250.0,4.47,1.45,20.45,4428.0,1044.0,26.64,5.8,14.33,792.0,395.0,4.76,2.34,30.32,0.0,,0.0,,,10628.0,1119.0,63.94,3.47,6.4,32.0,38.0,0.19,0.23,72.19,29407.0,1892.0,94.91,8.76,3.91,16416.0,1413.0,55.82,3.19,5.23,5213.0,680.0,17.73,2.01,7.93,4197.0,661.0,14.27,2.05,9.57,9147.0,572.0,91.41,8.37,3.8,8394.0,611.0,83.88,2.4,4.42,25823.0,1671.0,83.35,7.71,3.93,16169.0,1108.0,62.61,1.41,4.17,14782.0,1073.0,57.24,1.88,4.41,1387.0,358.0,5.37,1.34,15.69,0.0,,0.0,,,9654.0,1056.0,37.39,3.3,6.65,,,8.58,2.13,15.69,14476.0,1072.0,46.72,1.56,4.5,6113.0,516.0,42.23,1.71,5.13,960.0,434.0,6.63,2.96,27.48,5912.0,633.0,40.84,3.16,6.51,407.0,166.0,2.81,1.13,24.79,931.0,272.0,6.43,1.82,17.76,14782.0,1073.0,47.71,1.43,4.41,0.0,,0.0,,,762.0,255.0,5.15,1.68,20.34,732.0,386.0,4.95,2.59,32.06,150.0,79.0,1.01,0.53,32.02,1521.0,285.0,10.29,1.78,11.39,1059.0,223.0,7.16,1.42,12.8,354.0,172.0,2.39,1.15,29.54,950.0,241.0,6.43,1.56,15.42,1571.0,320.0,10.63,2.02,12.38,4678.0,484.0,31.65,2.33,6.29,1082.0,282.0,7.32,1.83,15.84,870.0,332.0,5.89,2.2,23.2,1053.0,282.0,7.12,1.84,16.28,764.0,321.0,7.63,3.17,25.54,154.0,81.0,1.54,0.8,31.97,620.0,165.0,6.2,1.6,16.18,668.0,214.0,6.68,2.09,19.47,1289.0,420.0,12.88,4.11,19.81,1821.0,295.0,18.2,2.68,9.85,1174.0,244.0,11.73,2.31,12.63,1483.0,287.0,14.82,2.69,11.76,1096.0,218.0,10.95,2.05,12.09,938.0,228.0,9.37,2.19,14.78,8171.0,569.0,81.65,1.56,4.23,3103.0,468.0,31.01,4.19,9.17,1682.0,251.0,16.81,2.24,9.07,575.0,136.0,5.75,1.3,14.38,253.0,87.0,2.53,0.85,20.9,1110.0,318.0,11.09,3.09,17.42,28281.0,1956.0,92.36,1.75,4.2,17783.0,1296.0,58.07,1.73,4.43,13243.0,1441.0,43.25,3.72,6.61,2340.0,426.0,7.64,1.29,11.07,14921.0,1196.0,48.16,2.18,4.87,16062.0,1208.0,51.84,1.86,4.57,1576.0,376.0,5.09,1.17,14.5,1576.0,355.0,5.09,1.1,13.69,1719.0,364.0,5.55,1.12,12.87,1677.0,377.0,5.41,1.16,13.67,1974.0,364.0,6.37,1.1,11.21,4314.0,679.0,13.92,1.99,9.57,3809.0,451.0,12.29,1.21,7.2,4042.0,524.0,13.05,1.45,7.88,2568.0,404.0,8.29,1.18,9.56,2354.0,376.0,7.6,1.1,9.71,3052.0,520.0,9.85,1.55,10.36,1557.0,357.0,5.03,1.1,13.94,765.0,241.0,2.47,0.76,19.15,6073.0,863.0,19.6,2.47,8.64,24910.0,1578.0,80.4,7.36,3.85,5374.0,766.0,17.34,2.19,8.66,1939.0,557.0,6.26,1.75,17.46,4339.0,656.0,14.0,1.9,9.19,10633.0,1168.0,34.32,3.01,6.68,148.0,114.0,0.48,0.37,46.82,8809.0,1382.0,28.43,4.04,9.54,0.0,,0.0,,,5115.0,916.0,16.51,2.75,10.89,5014.0,845.0,16.18,2.51,10.24,25969.0,1950.0,83.82,2.98,4.56,3540.0,640.0,11.43,1.92,10.99,10560.0,1174.0,34.08,3.05,6.76,95.0,97.0,0.31,0.31,62.07,8809.0,1382.0,28.43,4.04,9.54,0.0,,0.0,,,1746.0,533.0,5.64,1.68,18.56,1219.0,389.0,3.93,1.23,19.4
11426,11426,11426,6256.0,420.0,100,,4.08,1799.0,249.0,28.76,3.48,8.41,4380.0,665.0,20.9,2.59,9.23,341.0,137.0,7.79,2.9,24.42,120.0,65.0,2.74,1.42,32.93,1681.0,488.0,38.38,9.5,17.65,774.0,218.0,17.67,4.19,17.12,1464.0,284.0,33.42,4.04,11.79,15412.0,1471.0,73.53,2.76,5.8,646.0,241.0,4.19,1.51,22.68,988.0,328.0,6.41,2.04,20.18,3749.0,809.0,24.33,4.71,13.12,6857.0,861.0,44.49,3.63,7.63,16874.0,1518.0,80.51,1.6,5.47,353.0,133.0,2.09,0.77,22.9,20900.0,1835.0,99.72,0.31,5.34,1527.0,368.0,7.31,1.64,14.65,4026.0,644.0,19.21,2.57,9.72,74.0,61.0,1.84,1.49,50.11,12316.0,1082.0,58.76,0.26,5.34,332.0,150.0,2.7,1.19,27.47,4558.0,943.0,21.75,4.07,12.58,1121.0,326.0,24.59,5.03,17.68,20751.0,1808.0,99.01,12.24,5.3,19331.0,1917.0,93.16,4.41,6.03,1344.0,562.0,6.48,2.65,25.42,76.0,81.0,0.37,0.39,64.79,20959.0,1839.0,100,,5.33,11297.0,1179.0,53.9,3.05,6.34,10774.0,1102.0,51.41,2.7,6.22,523.0,298.0,2.5,1.4,34.64,9662.0,1306.0,46.1,4.74,8.22,6567.0,1084.0,67.97,6.44,10.03,3095.0,710.0,32.03,5.94,13.95,360.0,126.0,3.73,1.2,21.28,6446.0,1205.0,66.71,8.62,11.36,27.0,31.0,0.28,0.32,69.8,28.0,42.0,0.29,0.43,91.19,2801.0,664.0,28.99,5.65,14.41,0.0,,0.0,,,19552.0,1765.0,93.29,1.98,5.49,7927.0,910.0,40.54,2.88,6.98,4112.0,705.0,21.03,3.07,10.42,3456.0,1027.0,17.68,5.0,18.06,6024.0,410.0,96.29,1.08,4.14,5665.0,389.0,90.55,1.31,4.17,17273.0,1515.0,82.41,10.22,5.33,11138.0,1107.0,64.48,3.01,6.04,10600.0,1074.0,61.37,3.11,6.16,538.0,188.0,3.11,1.05,21.24,0.0,,0.0,,,6135.0,833.0,35.52,3.68,8.25,,,4.83,1.62,21.24,10371.0,1084.0,49.48,2.81,6.35,5979.0,658.0,57.65,1.99,6.69,1282.0,395.0,12.36,3.58,18.73,2452.0,608.0,23.64,5.32,15.07,42.0,39.0,0.4,0.37,56.45,497.0,175.0,4.79,1.61,21.41,10600.0,1074.0,50.57,2.56,6.16,0.0,,0.0,,,753.0,308.0,7.1,2.82,24.87,174.0,107.0,1.64,1.0,37.38,196.0,95.0,1.85,0.88,29.46,1160.0,298.0,10.94,2.58,15.62,936.0,217.0,8.83,1.84,14.09,314.0,386.0,2.96,3.63,74.73,735.0,255.0,6.93,2.3,21.09,1530.0,419.0,14.43,3.67,16.65,3038.0,504.0,28.66,3.76,10.09,651.0,183.0,6.14,1.61,17.09,559.0,181.0,5.27,1.62,19.68,554.0,197.0,5.23,1.78,21.62,153.0,72.0,2.45,1.14,28.61,87.0,55.0,1.39,0.87,38.43,195.0,93.0,3.12,1.47,28.99,275.0,110.0,4.4,1.73,24.32,387.0,124.0,6.19,1.94,19.48,823.0,205.0,13.16,3.16,15.14,1076.0,307.0,17.2,4.77,17.34,1287.0,247.0,20.57,3.7,11.67,1052.0,259.0,16.82,3.98,14.97,921.0,218.0,14.72,3.34,14.39,5078.0,372.0,81.17,2.38,4.45,2307.0,364.0,36.88,5.27,9.59,1832.0,395.0,29.28,6.0,13.11,111.0,63.0,1.77,1.0,34.5,227.0,119.0,3.63,1.89,31.87,421.0,170.0,6.73,2.68,24.55,19749.0,1607.0,94.49,11.31,4.95,15294.0,1411.0,73.18,2.07,5.61,7158.0,1118.0,34.25,4.42,9.49,1151.0,523.0,5.51,2.46,27.62,10633.0,1004.0,50.73,1.77,5.74,10326.0,1124.0,49.27,3.17,6.62,1407.0,317.0,6.71,1.39,13.7,1009.0,375.0,4.81,1.74,22.59,1173.0,326.0,5.6,1.48,16.89,860.0,225.0,4.1,1.01,15.9,1098.0,252.0,5.24,1.11,13.95,2833.0,454.0,13.52,1.81,9.74,2596.0,551.0,12.39,2.39,12.9,2529.0,383.0,12.07,1.49,9.21,1480.0,354.0,7.06,1.57,14.54,1416.0,333.0,6.76,1.47,14.3,3007.0,707.0,14.35,3.13,14.29,995.0,359.0,4.75,1.66,21.93,556.0,226.0,2.65,1.05,24.71,4085.0,648.0,19.49,2.58,9.64,16874.0,1518.0,80.51,1.6,5.47,4558.0,943.0,21.75,4.07,12.58,1648.0,505.0,7.86,2.31,18.63,6114.0,963.0,29.17,3.82,9.57,1489.0,645.0,7.1,3.01,26.33,34.0,38.0,0.16,0.18,67.94,9104.0,1372.0,43.44,5.32,9.16,0.0,,0.0,,,2570.0,975.0,12.26,4.53,23.06,4211.0,1068.0,20.09,4.78,15.42,16748.0,1534.0,79.91,2.1,5.57,5193.0,900.0,24.78,3.7,10.54,1400.0,651.0,6.68,3.05,28.27,10.0,17.0,0.05,0.08,103.34,9067.0,1380.0,43.26,5.38,9.25,0.0,,0.0,,,214.0,194.0,1.02,0.92,55.11,864.0,352.0,4.12,1.64,24.77
11427,11427,11427,7970.0,470.0,100,,3.58,2367.0,342.0,29.7,3.92,8.78,5358.0,728.0,20.7,2.25,8.26,249.0,125.0,4.65,2.25,30.52,168.0,86.0,3.14,1.55,31.12,1956.0,379.0,36.51,5.04,11.78,1165.0,274.0,21.74,4.17,14.3,1820.0,364.0,33.97,4.99,12.16,19101.0,1351.0,73.78,7.97,4.3,1553.0,339.0,8.13,1.68,13.27,1565.0,295.0,8.19,1.43,11.46,4578.0,640.0,23.97,2.89,8.5,6707.0,728.0,35.11,2.89,6.6,20716.0,1455.0,80.02,8.61,4.27,499.0,128.0,2.41,0.59,15.59,25547.0,2149.0,98.68,2.03,5.11,3008.0,563.0,11.77,1.97,11.38,5171.0,902.0,19.97,3.08,10.6,60.0,69.0,1.16,1.32,69.91,15000.0,1165.0,57.94,6.53,4.72,1329.0,406.0,8.86,2.62,18.57,5376.0,680.0,20.76,2.01,7.69,1619.0,346.0,30.12,5.19,12.99,25538.0,2015.0,98.64,11.19,4.8,24283.0,2042.0,95.09,2.77,5.11,1083.0,236.0,4.24,0.86,13.25,172.0,114.0,0.67,0.44,40.29,25890.0,2112.0,100,,4.96,13438.0,1478.0,51.9,3.83,6.69,12781.0,1477.0,49.37,4.04,7.03,657.0,272.0,2.54,1.03,25.17,12452.0,1197.0,48.1,2.45,5.84,9374.0,1043.0,75.28,4.22,6.76,3078.0,579.0,24.72,4.0,11.44,415.0,201.0,3.33,1.58,29.44,6125.0,816.0,49.19,4.54,8.1,124.0,111.0,1.0,0.89,54.42,0.0,,0.0,,,5777.0,847.0,46.39,5.14,8.91,11.0,16.0,0.09,0.13,88.42,24029.0,1808.0,92.81,10.3,4.57,10983.0,1191.0,45.71,3.57,6.59,5761.0,761.0,23.98,2.6,8.03,4129.0,843.0,17.18,3.26,12.41,7437.0,425.0,93.31,7.66,3.47,7259.0,438.0,91.08,1.16,3.67,21198.0,1489.0,81.88,8.81,4.27,12554.0,1018.0,59.22,2.4,4.93,11686.0,956.0,55.13,2.31,4.97,868.0,250.0,4.09,1.14,17.51,0.0,,0.0,,,8644.0,981.0,40.78,3.63,6.9,,,6.91,1.91,17.51,11416.0,942.0,44.09,0.55,5.02,5534.0,671.0,48.48,4.31,7.37,759.0,188.0,6.65,1.55,15.06,4173.0,606.0,36.55,4.37,8.83,87.0,76.0,0.76,0.66,53.1,622.0,221.0,5.45,1.88,21.6,11686.0,956.0,45.14,0.28,4.97,0.0,,0.0,,,520.0,124.0,4.45,1.0,14.5,488.0,144.0,4.18,1.18,17.94,303.0,147.0,2.59,1.24,29.49,1179.0,242.0,10.09,1.9,12.48,1128.0,236.0,9.65,1.86,12.72,321.0,178.0,2.75,1.51,33.71,786.0,186.0,6.73,1.49,14.39,1141.0,306.0,9.76,2.49,16.3,3708.0,445.0,31.73,2.79,7.3,770.0,271.0,6.59,2.26,21.4,743.0,239.0,6.36,1.98,19.55,599.0,168.0,5.13,1.38,17.05,293.0,133.0,3.68,1.65,27.59,207.0,108.0,2.6,1.35,31.72,389.0,166.0,4.88,2.06,25.94,431.0,152.0,5.41,1.88,21.44,724.0,177.0,9.08,2.16,14.86,1370.0,312.0,17.19,3.78,13.84,1253.0,261.0,15.72,3.14,12.66,1558.0,292.0,19.55,3.48,11.39,883.0,176.0,11.08,2.11,12.12,862.0,171.0,10.82,2.05,12.06,6570.0,451.0,82.43,2.9,4.17,2807.0,383.0,35.22,4.33,8.29,1884.0,317.0,23.64,3.73,10.23,392.0,148.0,4.92,1.83,22.95,388.0,121.0,4.87,1.49,18.96,821.0,177.0,10.3,2.14,13.11,24221.0,2174.0,94.81,2.97,5.46,16338.0,1812.0,63.95,4.62,6.74,10809.0,1291.0,42.31,3.59,7.26,1326.0,495.0,5.19,1.89,22.69,12757.0,1432.0,49.27,3.8,6.82,13133.0,1067.0,50.73,5.84,4.94,1861.0,623.0,7.19,2.33,20.35,1114.0,240.0,4.3,0.86,13.1,1370.0,308.0,5.29,1.11,13.67,1137.0,240.0,4.39,0.85,12.83,1307.0,289.0,5.05,1.04,13.44,3460.0,564.0,13.36,1.89,9.91,3063.0,510.0,11.83,1.72,10.12,3057.0,372.0,11.81,1.07,7.4,2025.0,414.0,7.82,1.47,12.43,2011.0,340.0,7.77,1.15,10.28,3766.0,586.0,14.55,1.93,9.46,1195.0,255.0,4.62,0.91,12.97,524.0,185.0,2.02,0.7,21.46,5174.0,902.0,19.98,3.08,10.6,20716.0,1455.0,80.02,8.61,4.27,5485.0,676.0,21.19,1.96,7.49,1900.0,668.0,7.34,2.51,21.37,5328.0,945.0,20.58,3.24,10.78,5785.0,955.0,22.34,3.21,10.04,192.0,180.0,0.74,0.69,56.99,8742.0,1159.0,33.77,3.53,8.06,0.0,,0.0,,,3943.0,921.0,15.23,3.33,14.2,5318.0,946.0,20.54,3.25,10.81,20572.0,1905.0,79.46,3.48,5.63,3982.0,855.0,15.38,3.05,13.05,5556.0,932.0,21.46,3.15,10.2,20.0,39.0,0.08,0.15,118.54,8742.0,1159.0,33.77,3.53,8.06,0.0,,0.0,,,1057.0,412.0,4.08,1.56,23.69,1215.0,572.0,4.69,2.18,28.62
11428,11428,11428,6298.0,479.0,100,,4.62,1915.0,212.0,30.41,2.45,6.73,4789.0,464.0,22.61,1.52,5.89,407.0,154.0,8.5,3.11,23.0,228.0,100.0,4.76,2.04,26.66,1594.0,280.0,33.28,4.88,10.68,1079.0,184.0,22.53,3.16,10.37,1481.0,298.0,30.93,5.45,12.23,15595.0,1237.0,73.62,2.79,4.82,1700.0,428.0,10.9,2.6,15.3,1174.0,355.0,7.53,2.2,18.38,4692.0,657.0,30.09,3.47,8.51,3962.0,547.0,25.41,2.87,8.39,17278.0,1328.0,81.56,2.65,4.67,335.0,94.0,1.94,0.52,17.06,21180.0,1476.0,99.98,0.14,4.24,2106.0,350.0,9.94,1.5,10.1,3902.0,450.0,18.42,1.69,7.01,21.0,25.0,0.54,0.64,72.37,13062.0,1113.0,61.66,3.02,5.18,842.0,226.0,6.45,1.64,16.32,4216.0,756.0,19.9,3.29,10.9,1243.0,278.0,29.48,3.94,13.6,21132.0,1471.0,99.75,9.82,4.23,20328.0,1482.0,96.2,2.08,4.43,710.0,212.0,3.36,0.98,18.15,94.0,65.0,0.44,0.31,42.04,21184.0,1476.0,100,,4.24,10114.0,948.0,47.74,2.99,5.7,9398.0,854.0,44.36,2.59,5.52,716.0,355.0,3.38,1.66,30.14,11070.0,1046.0,52.26,3.34,5.74,8107.0,841.0,73.23,3.14,6.31,2963.0,500.0,26.77,3.74,10.26,469.0,168.0,4.24,1.46,21.78,3000.0,593.0,27.1,4.71,12.02,71.0,82.0,0.64,0.74,70.21,0.0,,0.0,,,7506.0,837.0,67.8,4.02,6.78,24.0,29.0,0.22,0.26,73.45,20098.0,1359.0,94.87,9.21,4.11,10607.0,978.0,52.78,3.31,5.61,4768.0,826.0,23.72,3.78,10.53,4387.0,806.0,21.83,3.73,11.17,5836.0,497.0,92.66,3.55,5.18,5510.0,463.0,87.49,3.13,5.11,17854.0,1313.0,84.28,1.98,4.47,11006.0,1047.0,61.64,3.72,5.78,10209.0,990.0,57.18,3.61,5.9,797.0,194.0,4.46,1.04,14.8,0.0,,0.0,,,6848.0,768.0,38.36,3.25,6.82,,,7.24,1.62,14.8,10113.0,994.0,47.74,3.31,5.98,4847.0,584.0,47.93,3.34,7.32,712.0,206.0,7.04,1.92,17.59,3368.0,495.0,33.3,3.64,8.93,247.0,147.0,2.44,1.43,36.18,757.0,215.0,7.49,1.99,17.27,10209.0,990.0,48.19,3.25,5.9,36.0,43.0,0.35,0.42,72.61,584.0,178.0,5.72,1.65,18.53,580.0,206.0,5.68,1.94,21.59,375.0,213.0,3.67,2.06,34.53,962.0,194.0,9.42,1.67,12.26,1036.0,285.0,10.15,2.61,16.72,222.0,109.0,2.17,1.05,29.85,759.0,183.0,7.43,1.64,14.66,748.0,189.0,7.33,1.71,15.36,3203.0,482.0,31.37,3.61,9.15,606.0,181.0,5.94,1.68,18.16,521.0,149.0,5.1,1.37,17.39,577.0,215.0,5.65,2.03,22.65,131.0,64.0,2.08,1.0,29.7,289.0,162.0,4.59,2.55,34.08,321.0,108.0,5.1,1.67,20.45,433.0,171.0,6.88,2.66,24.01,688.0,301.0,10.92,4.71,26.6,1009.0,253.0,16.02,3.83,15.24,913.0,176.0,14.5,2.57,11.72,1131.0,212.0,17.96,3.08,11.39,722.0,176.0,11.46,2.66,14.82,661.0,195.0,10.5,2.99,17.93,5008.0,460.0,79.52,4.1,5.58,2626.0,469.0,41.7,6.74,10.86,1676.0,397.0,26.61,5.97,14.4,378.0,110.0,6.0,1.69,17.69,134.0,53.0,2.13,0.83,24.04,490.0,176.0,7.78,2.73,21.83,19816.0,1497.0,93.56,2.73,4.59,13075.0,971.0,61.73,1.58,4.51,8702.0,1209.0,41.09,4.94,8.45,1364.0,318.0,6.44,1.43,14.17,10587.0,870.0,49.98,2.18,5.0,10597.0,839.0,50.02,1.88,4.81,1086.0,335.0,5.13,1.54,18.75,965.0,222.0,4.56,1.0,13.98,1130.0,247.0,5.33,1.11,13.29,1075.0,216.0,5.07,0.96,12.21,1333.0,354.0,6.29,1.61,16.14,3157.0,474.0,14.9,1.98,9.13,2101.0,321.0,9.92,1.35,9.29,2995.0,452.0,14.14,1.89,9.17,1620.0,259.0,7.65,1.1,9.72,1506.0,363.0,7.11,1.64,14.65,2534.0,476.0,11.96,2.09,11.42,1299.0,605.0,6.13,2.82,28.31,383.0,189.0,1.81,0.88,30.0,3906.0,450.0,18.44,1.69,7.0,17278.0,1328.0,81.56,2.65,4.67,4216.0,756.0,19.9,3.29,10.9,2284.0,545.0,10.78,2.46,14.51,2900.0,456.0,13.69,1.93,9.56,4056.0,790.0,19.15,3.48,11.84,89.0,57.0,0.42,0.27,38.93,6274.0,951.0,29.62,3.99,9.21,0.0,,0.0,,,5581.0,1079.0,26.35,4.75,11.75,5788.0,977.0,27.32,4.2,10.26,15396.0,1198.0,72.68,2.52,4.73,1987.0,362.0,9.38,1.58,11.08,3918.0,783.0,18.5,3.46,12.15,23.0,27.0,0.11,0.13,71.36,6187.0,944.0,29.21,3.96,9.28,0.0,,0.0,,,1940.0,568.0,9.16,2.6,17.8,1341.0,407.0,6.33,1.87,18.45
11429,11429,11429,7974.0,597.0,100,,4.55,2413.0,274.0,30.26,2.58,6.9,6964.0,774.0,24.31,2.21,6.76,184.0,90.0,2.64,1.26,29.73,231.0,97.0,3.32,1.34,25.53,2222.0,421.0,31.91,4.9,11.52,1545.0,275.0,22.19,3.08,10.82,2782.0,434.0,39.95,4.37,9.48,20658.0,1351.0,72.12,0.98,3.98,1379.0,267.0,6.68,1.22,11.77,1803.0,357.0,8.73,1.63,12.04,5978.0,789.0,28.94,3.32,8.02,5470.0,744.0,26.48,3.16,8.27,23713.0,1535.0,82.79,0.83,3.94,624.0,201.0,2.63,0.83,19.58,28593.0,1834.0,99.83,0.48,3.9,3192.0,589.0,11.16,1.93,11.22,4910.0,544.0,17.14,1.55,6.74,182.0,111.0,3.71,2.22,37.08,18587.0,1306.0,64.89,1.89,4.27,1163.0,308.0,6.26,1.6,16.1,5096.0,632.0,17.79,1.89,7.54,1847.0,458.0,36.24,7.78,15.07,28455.0,1852.0,99.34,1.2,3.96,26166.0,1905.0,91.96,3.0,4.43,2146.0,571.0,7.54,1.95,16.17,143.0,111.0,0.5,0.39,47.19,28643.0,1832.0,100,,3.89,15966.0,1434.0,55.74,3.51,5.46,15276.0,1270.0,53.33,2.83,5.05,690.0,446.0,2.41,1.55,39.29,12677.0,1343.0,44.26,3.74,6.44,8717.0,967.0,68.76,2.26,6.74,3960.0,692.0,31.24,4.34,10.62,187.0,118.0,1.48,0.92,38.36,1161.0,499.0,9.16,3.81,26.13,197.0,125.0,1.55,0.97,38.57,0.0,,0.0,,,11099.0,1286.0,87.55,4.11,7.04,33.0,38.0,0.26,0.3,70.0,27521.0,1837.0,96.08,1.83,4.06,19177.0,1586.0,69.68,3.4,5.03,4486.0,732.0,16.3,2.43,9.92,3537.0,893.0,12.85,3.13,15.35,7224.0,444.0,90.59,8.78,3.74,6997.0,429.0,87.75,8.49,3.73,24580.0,1591.0,85.82,0.85,3.93,16239.0,1169.0,66.07,2.08,4.38,14527.0,1051.0,59.1,1.91,4.4,1712.0,348.0,6.97,1.34,12.36,0.0,,0.0,,,8341.0,847.0,33.93,2.66,6.17,,,10.54,2.0,12.36,14085.0,1051.0,49.17,1.89,4.54,6480.0,743.0,46.01,4.01,6.97,926.0,246.0,6.57,1.68,16.15,5083.0,623.0,36.09,3.51,7.45,257.0,102.0,1.82,0.71,24.13,998.0,342.0,7.09,2.37,20.83,14527.0,1051.0,50.72,1.71,4.4,0.0,,0.0,,,917.0,204.0,6.31,1.33,13.52,281.0,108.0,1.93,0.73,23.36,246.0,121.0,1.69,0.82,29.9,1485.0,333.0,10.22,2.17,13.63,2170.0,387.0,14.94,2.43,10.84,364.0,122.0,2.51,0.82,20.37,801.0,208.0,5.51,1.38,15.79,999.0,256.0,6.88,1.69,15.58,4611.0,509.0,31.74,2.65,6.71,927.0,239.0,6.38,1.58,15.67,574.0,198.0,3.95,1.33,20.97,1152.0,341.0,7.93,2.28,17.99,266.0,159.0,3.34,1.98,36.34,585.0,430.0,7.34,5.36,44.68,239.0,86.0,3.0,1.05,21.87,596.0,255.0,7.47,3.15,26.01,505.0,140.0,6.33,1.69,16.85,857.0,193.0,10.75,2.28,13.69,1267.0,209.0,15.89,2.34,10.03,1720.0,323.0,21.57,3.71,11.42,898.0,168.0,11.26,1.93,11.37,1041.0,176.0,13.05,1.98,10.28,6494.0,427.0,81.44,8.11,4.0,3291.0,521.0,41.27,5.76,9.62,2114.0,353.0,26.51,3.96,10.15,400.0,137.0,5.02,1.68,20.82,731.0,237.0,9.17,2.89,19.71,1107.0,294.0,13.88,3.54,16.14,26254.0,1776.0,91.82,1.97,4.11,17958.0,1508.0,62.81,3.4,5.1,10980.0,1023.0,38.4,2.59,5.66,2339.0,597.0,8.18,2.02,15.52,13118.0,957.0,45.8,1.61,4.43,15525.0,1261.0,54.2,2.71,4.94,1122.0,275.0,3.92,0.93,14.9,1196.0,257.0,4.18,0.86,13.06,1342.0,317.0,4.69,1.07,14.36,1812.0,324.0,6.33,1.06,10.87,2513.0,382.0,8.77,1.21,9.24,3916.0,539.0,13.67,1.67,8.37,3267.0,428.0,11.41,1.3,7.96,4501.0,538.0,15.71,1.59,7.27,1932.0,349.0,6.75,1.14,10.98,1935.0,318.0,6.76,1.02,9.99,2423.0,323.0,8.46,0.99,8.1,1664.0,453.0,5.81,1.54,16.55,1020.0,347.0,3.56,1.19,20.68,4930.0,543.0,17.21,1.54,6.7,23713.0,1535.0,82.79,0.83,3.94,5107.0,631.0,17.83,1.88,7.51,1806.0,896.0,6.31,3.1,30.16,1295.0,482.0,4.52,1.66,22.63,19598.0,1639.0,68.42,3.69,5.08,351.0,225.0,1.23,0.78,38.97,1565.0,500.0,5.46,1.71,19.42,0.0,,0.0,,,4028.0,916.0,14.06,3.07,13.82,4139.0,937.0,14.45,3.14,13.76,24504.0,1730.0,85.55,2.56,4.29,658.0,354.0,2.3,1.23,32.7,19137.0,1577.0,66.81,3.47,5.01,204.0,189.0,0.71,0.66,56.32,1555.0,496.0,5.43,1.7,19.39,0.0,,0.0,,,1528.0,547.0,5.33,1.88,21.76,1422.0,863.0,4.96,3.0,36.89
11432,11432,"11432, 11439",19783.0,956.0,100,,2.94,6862.0,686.0,34.69,3.04,6.08,18992.0,1212.0,28.34,1.39,3.88,966.0,253.0,5.09,1.29,15.92,767.0,209.0,4.04,1.07,16.56,5990.0,603.0,31.54,2.46,6.12,3177.0,457.0,16.73,2.16,8.74,8092.0,801.0,42.61,3.22,6.02,44381.0,1964.0,66.23,1.16,2.69,4985.0,745.0,11.23,1.6,9.09,3788.0,749.0,8.54,1.64,12.02,10079.0,806.0,22.71,1.51,4.86,16111.0,1272.0,36.3,2.37,4.8,52882.0,2279.0,78.91,1.13,2.62,947.0,401.0,1.79,0.75,25.74,65998.0,2741.0,98.49,0.83,2.52,6565.0,714.0,9.95,1.0,6.61,14091.0,1007.0,21.03,1.24,4.34,340.0,111.0,2.41,0.77,19.85,42428.0,2053.0,63.31,1.66,2.94,3433.0,604.0,8.09,1.37,10.7,9479.0,858.0,14.15,1.14,5.5,2792.0,349.0,29.45,2.54,7.6,66152.0,2704.0,98.72,0.41,2.48,58957.0,2659.0,89.12,1.7,2.74,6639.0,954.0,10.04,1.38,8.74,556.0,227.0,0.84,0.34,24.82,67012.0,2725.0,100,,2.47,29078.0,1636.0,43.39,1.69,3.42,28000.0,1600.0,41.78,1.68,3.47,1078.0,227.0,1.61,0.33,12.8,37934.0,1927.0,56.61,1.72,3.09,24398.0,1332.0,64.32,1.29,3.32,13536.0,1206.0,35.68,2.61,5.42,1674.0,379.0,4.41,0.97,13.76,19907.0,1474.0,52.48,2.83,4.5,1421.0,605.0,3.75,1.58,25.88,23.0,30.0,0.06,0.08,79.29,14863.0,1348.0,39.18,2.94,5.51,46.0,41.0,0.12,0.11,54.18,62618.0,2549.0,93.44,0.17,2.47,21916.0,1730.0,35.0,2.37,4.8,19931.0,1602.0,31.83,2.21,4.89,12042.0,1476.0,19.23,2.22,7.45,18811.0,971.0,95.09,1.73,3.14,17055.0,752.0,86.21,5.64,2.68,54285.0,2286.0,81.01,0.89,2.56,32979.0,1560.0,60.75,1.31,2.88,30268.0,1571.0,55.76,1.69,3.16,2680.0,385.0,4.94,0.68,8.73,31.0,38.0,0.06,0.07,74.52,21306.0,1247.0,39.25,1.6,3.56,,,8.13,1.1,8.73,29205.0,1485.0,43.58,1.33,3.09,9198.0,880.0,31.49,2.55,5.82,1093.0,216.0,3.74,0.71,12.01,13676.0,1046.0,46.83,2.68,4.65,2334.0,368.0,7.99,1.19,9.58,2049.0,440.0,7.02,1.46,13.05,30268.0,1571.0,45.17,1.46,3.16,4.0,31.0,0.01,0.1,471.12,2095.0,443.0,6.92,1.42,12.85,1136.0,295.0,3.75,0.95,15.79,466.0,140.0,1.54,0.46,18.26,4295.0,641.0,14.19,1.99,9.07,2777.0,446.0,9.17,1.39,9.76,291.0,95.0,0.96,0.31,19.85,1890.0,329.0,6.24,1.04,10.58,2743.0,449.0,9.06,1.41,9.95,8314.0,779.0,27.47,2.14,5.7,3099.0,493.0,10.24,1.54,9.67,1705.0,403.0,5.63,1.3,14.37,1453.0,307.0,4.8,0.98,12.84,916.0,209.0,4.63,1.03,13.87,633.0,173.0,3.2,0.86,16.61,1384.0,312.0,7.0,1.54,13.7,1925.0,458.0,9.73,2.27,14.46,2433.0,324.0,12.3,1.53,8.1,3793.0,497.0,19.17,2.34,7.97,2346.0,370.0,11.86,1.78,9.59,3114.0,466.0,15.74,2.23,9.1,1589.0,401.0,8.03,1.99,15.34,1650.0,235.0,8.34,1.12,8.66,16582.0,1020.0,83.82,3.19,3.74,5174.0,424.0,26.15,1.73,4.98,3090.0,361.0,15.62,1.66,7.1,1022.0,237.0,5.17,1.17,14.1,847.0,191.0,4.28,0.94,13.71,2599.0,290.0,13.14,1.32,6.78,59920.0,2669.0,90.79,1.46,2.71,32661.0,2023.0,49.49,2.27,3.77,31990.0,1961.0,48.47,2.19,3.73,6078.0,886.0,9.21,1.29,8.86,33090.0,1740.0,49.38,1.65,3.2,33922.0,1552.0,50.62,1.06,2.78,4394.0,569.0,6.56,0.81,7.87,3631.0,504.0,5.42,0.72,8.44,3917.0,479.0,5.85,0.67,7.43,5220.0,639.0,7.79,0.9,7.44,5469.0,738.0,8.16,1.05,8.2,8893.0,729.0,13.27,0.94,4.98,7869.0,650.0,11.74,0.84,5.02,8294.0,747.0,12.38,0.99,5.48,4261.0,518.0,6.36,0.73,7.39,4720.0,702.0,7.04,1.01,9.04,6427.0,772.0,9.59,1.08,7.3,2661.0,343.0,3.97,0.49,7.84,1256.0,243.0,1.87,0.35,11.76,14099.0,1007.0,21.04,1.24,4.34,52913.0,2278.0,78.96,1.12,2.62,10344.0,862.0,15.44,1.12,5.07,4883.0,990.0,7.29,1.45,12.32,11525.0,999.0,17.2,1.32,5.27,11111.0,1353.0,16.58,1.9,7.4,712.0,367.0,1.06,0.55,31.33,28576.0,1883.0,42.64,2.21,4.01,110.0,110.0,0.16,0.16,60.79,10095.0,1469.0,15.06,2.1,8.85,14403.0,1616.0,21.49,2.25,6.82,52609.0,2668.0,78.51,2.38,3.08,8660.0,842.0,12.92,1.14,5.91,10756.0,1329.0,16.05,1.87,7.51,534.0,354.0,0.8,0.53,40.3,28463.0,1886.0,42.47,2.22,4.03,47.0,58.0,0.07,0.09,75.02,985.0,371.0,1.47,0.55,22.9,3164.0,900.0,4.72,1.33,17.29
11433,11433,"11433, 11451",10822.0,482.0,100,,2.71,4700.0,499.0,43.43,4.19,6.45,11217.0,1150.0,27.1,2.28,6.23,505.0,221.0,4.5,1.92,26.6,498.0,230.0,4.44,2.0,28.08,4857.0,741.0,43.3,4.89,9.27,2484.0,362.0,22.14,2.29,8.86,2873.0,486.0,25.61,3.45,10.28,27046.0,1563.0,65.33,5.39,3.51,3046.0,512.0,11.26,1.78,10.22,2708.0,485.0,10.01,1.7,10.89,9410.0,1045.0,34.79,3.3,6.75,4879.0,609.0,18.04,2.0,7.59,30747.0,1784.0,74.28,6.13,3.53,636.0,202.0,2.07,0.65,19.31,41360.0,2432.0,99.91,0.18,3.57,4200.0,515.0,10.15,1.09,7.45,10640.0,1304.0,25.7,2.76,7.45,244.0,137.0,2.29,1.26,34.13,25194.0,1563.0,60.86,1.21,3.77,1693.0,361.0,6.72,1.37,12.96,5526.0,520.0,13.35,0.98,5.72,2263.0,337.0,40.95,4.73,9.05,40900.0,2390.0,98.8,8.19,3.55,37778.0,2249.0,92.37,1.05,3.62,2743.0,847.0,6.71,2.03,18.77,379.0,268.0,0.93,0.65,42.99,41396.0,2433.0,100,,3.57,24443.0,1894.0,59.05,2.98,4.71,23735.0,1995.0,57.34,3.45,5.11,708.0,330.0,1.71,0.79,28.33,16953.0,1512.0,40.95,2.75,5.42,9977.0,1001.0,58.85,2.7,6.1,6976.0,1206.0,41.15,6.09,10.51,95.0,95.0,0.56,0.56,60.79,5132.0,1119.0,30.27,6.02,13.25,601.0,299.0,3.55,1.74,30.24,0.0,,0.0,,,11112.0,1137.0,65.55,3.29,6.22,13.0,26.0,0.08,0.15,121.58,38321.0,2143.0,92.57,7.51,3.4,26538.0,1972.0,69.25,3.39,4.52,7908.0,1309.0,20.64,3.22,10.06,4196.0,929.0,10.95,2.35,13.46,9921.0,528.0,91.67,2.67,3.24,9664.0,527.0,89.3,2.81,3.32,31982.0,1824.0,77.26,6.33,3.47,20078.0,1512.0,62.78,3.09,4.58,17322.0,1310.0,54.16,2.69,4.6,2747.0,434.0,8.59,1.27,9.6,9.0,18.0,0.03,0.06,121.58,11904.0,887.0,37.22,1.78,4.53,,,13.68,1.9,9.6,16797.0,1223.0,40.58,1.74,4.43,6854.0,812.0,40.8,3.81,7.2,1123.0,337.0,6.69,1.95,18.24,7299.0,804.0,43.45,3.59,6.7,544.0,177.0,3.24,1.03,19.78,836.0,315.0,4.98,1.84,22.91,17322.0,1310.0,41.84,1.99,4.6,0.0,,0.0,,,1006.0,287.0,5.81,1.6,17.34,366.0,119.0,2.11,0.67,19.77,250.0,133.0,1.44,0.76,32.34,1974.0,442.0,11.4,2.4,13.61,2011.0,355.0,11.61,1.85,10.73,452.0,236.0,2.61,1.35,31.74,1303.0,478.0,7.52,2.7,22.3,1018.0,220.0,5.88,1.19,13.14,5208.0,684.0,30.07,3.23,7.98,1656.0,407.0,9.56,2.24,14.94,644.0,178.0,3.72,0.99,16.8,1434.0,327.0,8.28,1.78,13.86,715.0,176.0,6.61,1.6,14.96,665.0,192.0,6.14,1.75,17.55,841.0,209.0,7.77,1.9,15.11,690.0,154.0,6.38,1.39,13.57,1246.0,310.0,11.51,2.82,15.12,1769.0,344.0,16.35,3.09,11.82,1321.0,268.0,12.21,2.42,12.33,1708.0,248.0,15.78,2.18,8.83,1073.0,243.0,9.91,2.2,13.77,794.0,254.0,7.34,2.32,19.45,8782.0,540.0,81.15,3.44,3.74,3468.0,349.0,32.05,2.89,6.12,2272.0,354.0,20.99,3.13,9.47,832.0,224.0,7.69,2.04,16.37,1635.0,301.0,15.11,2.7,11.19,2443.0,331.0,22.57,2.89,8.24,37721.0,2266.0,91.2,1.12,3.65,19170.0,1679.0,46.35,3.01,5.32,21214.0,1854.0,51.29,3.32,5.31,3639.0,814.0,8.8,1.9,13.6,19218.0,1353.0,46.42,1.8,4.28,22178.0,1526.0,53.58,1.92,4.18,3075.0,613.0,7.43,1.41,12.12,2421.0,457.0,5.85,1.05,11.48,3194.0,487.0,7.72,1.09,9.27,3007.0,487.0,7.26,1.1,9.85,2653.0,477.0,6.41,1.09,10.93,6716.0,1205.0,16.22,2.75,10.91,4964.0,622.0,11.99,1.33,7.62,4719.0,571.0,11.4,1.21,7.36,2611.0,379.0,6.31,0.84,8.82,2483.0,387.0,6.0,0.87,9.47,3376.0,440.0,8.16,0.95,7.92,1431.0,272.0,3.46,0.62,11.55,746.0,225.0,1.8,0.53,18.33,10640.0,1304.0,25.7,2.76,7.45,30756.0,1787.0,74.3,6.14,3.53,5553.0,517.0,13.41,0.97,5.66,1407.0,487.0,3.4,1.16,21.04,1655.0,769.0,4.0,1.84,28.25,24000.0,1945.0,57.98,3.23,4.93,667.0,539.0,1.61,1.3,49.12,6844.0,1237.0,16.53,2.83,10.99,9.0,21.0,0.02,0.05,141.84,6814.0,1516.0,16.46,3.53,13.52,5759.0,1168.0,13.91,2.7,12.33,35637.0,2212.0,86.09,1.72,3.77,1129.0,621.0,2.73,1.49,33.44,23552.0,1914.0,56.89,3.19,4.94,667.0,539.0,1.61,1.3,49.12,6777.0,1233.0,16.37,2.82,11.06,9.0,21.0,0.02,0.05,141.84,2417.0,766.0,5.84,1.82,19.27,1086.0,412.0,2.62,0.98,23.06
11434,11434,"11430, 11434",22264.0,824.0,100,,2.25,7784.0,728.0,34.96,3.0,5.69,17252.0,1311.0,25.89,1.64,4.62,917.0,344.0,5.32,1.95,22.8,720.0,221.0,4.17,1.24,18.66,7053.0,824.0,40.88,3.63,7.1,3453.0,553.0,20.02,2.82,9.74,5109.0,600.0,29.61,2.65,7.14,46397.0,1916.0,69.62,4.11,2.51,2417.0,481.0,5.21,1.01,12.1,4015.0,548.0,8.65,1.13,8.3,14336.0,1105.0,30.9,2.01,4.69,9797.0,817.0,21.12,1.53,5.07,51610.0,2122.0,77.44,4.56,2.5,1610.0,289.0,3.12,0.55,10.91,66160.0,2793.0,99.27,0.14,2.57,7514.0,961.0,11.36,1.37,7.77,14990.0,1325.0,22.49,1.75,5.37,401.0,150.0,2.68,0.97,22.74,41183.0,2051.0,61.79,1.63,3.03,3874.0,743.0,9.41,1.74,11.66,9987.0,689.0,14.99,0.82,4.19,3239.0,461.0,32.43,4.04,8.65,65868.0,2758.0,98.83,5.87,2.55,61920.0,2605.0,94.01,0.38,2.56,3840.0,649.0,5.83,0.95,10.27,108.0,70.0,0.16,0.11,39.4,66646.0,2812.0,100,,2.56,44561.0,2295.0,66.86,1.97,3.13,43403.0,2232.0,65.12,1.91,3.13,1158.0,308.0,1.74,0.46,16.17,22085.0,1845.0,33.14,2.39,5.08,16442.0,1467.0,74.45,2.33,5.42,5643.0,770.0,25.55,2.76,8.29,165.0,84.0,0.75,0.38,30.95,873.0,382.0,3.95,1.7,26.6,1884.0,606.0,8.53,2.65,19.55,0.0,,0.0,,,19122.0,1769.0,86.58,3.44,5.62,41.0,37.0,0.19,0.17,54.86,62802.0,2661.0,94.23,0.37,2.58,53763.0,2513.0,85.61,1.69,2.84,4291.0,895.0,6.83,1.4,12.68,4408.0,1053.0,7.02,1.65,14.52,21069.0,842.0,94.63,1.43,2.43,19001.0,944.0,85.34,2.83,3.02,53139.0,2170.0,79.73,4.68,2.48,33446.0,1899.0,62.94,2.48,3.45,30331.0,1737.0,57.08,2.29,3.48,3079.0,480.0,5.79,0.87,9.48,36.0,37.0,0.07,0.07,62.48,19693.0,1246.0,37.06,1.79,3.85,,,9.21,1.34,9.48,29491.0,1756.0,44.25,1.86,3.62,13559.0,1041.0,45.98,2.23,4.67,1056.0,254.0,3.58,0.83,14.62,12717.0,1256.0,43.12,3.4,6.0,393.0,164.0,1.33,0.55,25.37,1019.0,297.0,3.46,0.99,17.72,30331.0,1737.0,45.51,1.76,3.48,0.0,,0.0,,,1531.0,385.0,5.05,1.24,15.29,428.0,172.0,1.41,0.56,24.43,246.0,120.0,0.81,0.39,29.65,2277.0,432.0,7.51,1.36,11.53,4587.0,764.0,15.12,2.37,10.13,594.0,192.0,1.96,0.62,19.65,2502.0,797.0,8.25,2.58,19.36,2270.0,419.0,7.48,1.31,11.22,10264.0,825.0,33.84,1.91,4.89,1556.0,308.0,5.13,0.97,12.03,1923.0,329.0,6.34,1.02,10.4,2153.0,488.0,7.1,1.56,13.78,1757.0,507.0,7.89,2.26,17.54,814.0,211.0,3.66,0.94,15.76,1297.0,332.0,5.83,1.48,15.56,1823.0,490.0,8.19,2.18,16.34,2740.0,345.0,12.31,1.48,7.65,4057.0,508.0,18.22,2.18,7.61,2957.0,528.0,13.28,2.32,10.85,3505.0,490.0,15.74,2.12,8.5,1472.0,311.0,6.61,1.38,12.84,1842.0,393.0,8.27,1.74,12.97,17276.0,890.0,77.6,2.78,3.13,7546.0,669.0,33.89,2.73,5.39,5228.0,594.0,23.48,2.52,6.91,1296.0,276.0,5.82,1.22,12.95,984.0,320.0,4.42,1.43,19.77,2964.0,489.0,13.31,2.14,10.03,62123.0,2651.0,93.9,0.59,2.59,40870.0,2311.0,61.77,2.32,3.44,26764.0,2047.0,40.45,2.58,4.65,4037.0,701.0,6.1,1.03,10.56,29508.0,1627.0,44.28,1.57,3.35,37138.0,1796.0,55.72,1.32,2.94,3844.0,637.0,5.77,0.92,10.07,4296.0,555.0,6.45,0.79,7.85,4291.0,595.0,6.44,0.85,8.43,4151.0,582.0,6.23,0.83,8.52,3667.0,546.0,5.5,0.79,9.05,8566.0,880.0,12.85,1.2,6.25,8442.0,812.0,12.67,1.09,5.85,9560.0,800.0,14.34,1.04,5.09,4973.0,893.0,7.46,1.3,10.92,4531.0,591.0,6.8,0.84,7.93,6266.0,614.0,9.4,0.83,5.96,2631.0,348.0,3.95,0.49,8.04,1428.0,383.0,2.14,0.57,16.3,15000.0,1325.0,22.51,1.75,5.37,51646.0,2132.0,77.49,4.57,2.51,10325.0,698.0,15.49,0.82,4.11,3413.0,698.0,5.12,1.02,12.43,2745.0,786.0,4.12,1.17,17.41,53215.0,2604.0,79.85,1.98,2.97,262.0,257.0,0.39,0.39,59.63,2165.0,566.0,3.25,0.84,15.89,0.0,,0.0,,,4846.0,1160.0,7.27,1.71,14.55,7114.0,1448.0,10.67,2.13,12.37,59532.0,2744.0,89.33,1.66,2.8,1339.0,356.0,2.01,0.53,16.16,52402.0,2634.0,78.63,2.15,3.06,131.0,184.0,0.2,0.28,85.38,2165.0,566.0,3.25,0.84,15.89,0.0,,0.0,,,1199.0,456.0,1.8,0.68,23.12,2296.0,553.0,3.45,0.82,14.64
11435,11435,11435,19075.0,805.0,100,,2.57,6336.0,599.0,33.22,2.81,5.75,13511.0,1220.0,22.21,1.73,5.49,703.0,182.0,5.2,1.26,15.74,764.0,191.0,5.65,1.32,15.2,5687.0,847.0,42.09,4.99,9.05,2528.0,428.0,18.71,2.68,10.29,3829.0,533.0,28.34,3.0,8.46,42645.0,2117.0,70.09,1.39,3.02,5286.0,783.0,12.4,1.73,9.0,3647.0,535.0,8.55,1.18,8.92,8914.0,876.0,20.9,1.77,5.97,13766.0,1249.0,32.28,2.45,5.52,47346.0,2266.0,77.82,1.16,2.91,721.0,185.0,1.52,0.38,15.6,60491.0,2774.0,99.42,0.59,2.79,5339.0,678.0,8.83,1.05,7.72,13449.0,1214.0,22.1,1.72,5.49,197.0,145.0,1.46,1.07,44.74,39209.0,2198.0,64.44,2.11,3.41,2634.0,424.0,6.72,1.01,9.79,7833.0,847.0,12.87,1.26,6.57,2508.0,554.0,32.02,6.17,13.43,60079.0,2791.0,98.75,0.94,2.82,54659.0,2721.0,90.98,1.63,3.03,4932.0,795.0,8.21,1.27,9.8,488.0,241.0,0.81,0.4,30.02,60842.0,2767.0,100,,2.76,29903.0,1776.0,49.15,1.88,3.61,28447.0,1780.0,46.76,2.01,3.8,1456.0,413.0,2.39,0.67,17.24,30939.0,1770.0,50.85,1.76,3.48,17988.0,1656.0,58.14,4.19,5.6,12951.0,1380.0,41.86,3.76,6.48,2128.0,1003.0,6.88,3.22,28.65,9684.0,954.0,31.3,2.51,5.99,1073.0,656.0,3.47,2.11,37.17,0.0,,0.0,,,18000.0,1780.0,58.18,4.69,6.01,54.0,56.0,0.17,0.18,63.04,56152.0,2659.0,92.29,1.22,2.88,25307.0,2066.0,45.07,3.0,4.96,17619.0,1492.0,31.38,2.2,5.15,15737.0,1848.0,28.03,3.01,7.14,18005.0,794.0,94.39,1.21,2.68,17267.0,803.0,90.52,1.77,2.83,48565.0,2313.0,79.82,1.13,2.9,33218.0,2010.0,68.4,2.55,3.68,29511.0,1677.0,60.77,1.88,3.45,3695.0,682.0,7.61,1.36,11.22,12.0,13.0,0.02,0.03,65.86,15347.0,1113.0,31.6,1.73,4.41,,,11.12,1.94,11.22,28730.0,1639.0,47.22,1.63,3.47,8622.0,851.0,30.01,2.42,6.0,1069.0,239.0,3.72,0.8,13.59,14769.0,1278.0,51.41,3.34,5.26,1652.0,346.0,5.75,1.16,12.73,2130.0,541.0,7.41,1.83,15.44,29511.0,1677.0,48.5,1.65,3.45,23.0,26.0,0.08,0.09,68.72,2366.0,518.0,8.02,1.7,13.31,988.0,319.0,3.35,1.06,19.63,574.0,228.0,1.95,0.76,24.15,3051.0,460.0,10.34,1.44,9.17,3408.0,545.0,11.55,1.73,9.72,558.0,233.0,1.89,0.78,25.38,1977.0,383.0,6.7,1.24,11.78,2450.0,374.0,8.3,1.18,9.28,8195.0,1001.0,27.77,3.0,7.43,2962.0,540.0,10.04,1.74,11.08,1665.0,405.0,5.64,1.33,14.79,1294.0,251.0,4.38,0.81,11.79,823.0,222.0,4.31,1.15,16.4,968.0,331.0,5.07,1.72,20.79,1290.0,335.0,6.76,1.73,15.79,1303.0,318.0,6.83,1.64,14.84,1946.0,350.0,10.2,1.78,10.93,3801.0,442.0,19.93,2.16,7.07,2276.0,359.0,11.93,1.81,9.59,3197.0,489.0,16.76,2.46,9.3,1772.0,363.0,9.29,1.86,12.45,1699.0,289.0,8.91,1.47,10.34,16290.0,709.0,85.4,0.91,2.65,4483.0,393.0,23.5,1.81,5.33,2667.0,382.0,13.98,1.91,8.71,789.0,182.0,4.14,0.94,14.02,2252.0,483.0,11.81,2.48,13.04,2869.0,444.0,15.04,2.24,9.41,54858.0,2658.0,90.69,1.42,2.95,30001.0,1935.0,49.6,2.25,3.92,28673.0,1982.0,47.4,2.45,4.2,5633.0,1021.0,9.31,1.63,11.02,30940.0,1791.0,50.85,1.82,3.52,29902.0,1607.0,49.15,1.41,3.27,4690.0,734.0,7.71,1.15,9.51,3738.0,667.0,6.14,1.06,10.85,3212.0,627.0,5.28,1.0,11.87,2977.0,466.0,4.89,0.73,9.52,3580.0,537.0,5.88,0.84,9.12,11191.0,1226.0,18.39,1.83,6.66,7686.0,736.0,12.63,1.06,5.82,7884.0,875.0,12.96,1.31,6.75,4185.0,590.0,6.88,0.92,8.57,3667.0,497.0,6.03,0.77,8.24,4832.0,574.0,7.94,0.87,7.22,2397.0,597.0,3.94,0.96,15.14,803.0,195.0,1.32,0.31,14.76,13484.0,1217.0,22.16,1.73,5.49,47358.0,2266.0,77.84,1.16,2.91,8032.0,882.0,13.2,1.32,6.68,3068.0,782.0,5.04,1.26,15.49,10036.0,1341.0,16.5,2.07,8.12,15241.0,1691.0,25.05,2.54,6.74,501.0,402.0,0.82,0.66,48.78,13064.0,1353.0,21.47,2.0,6.3,0.0,,0.0,,,18932.0,2061.0,31.12,3.08,6.62,18919.0,2055.0,31.1,3.07,6.6,41923.0,2710.0,68.9,3.17,3.93,7922.0,1407.0,13.02,2.24,10.8,14727.0,1666.0,24.21,2.51,6.88,215.0,180.0,0.35,0.3,50.89,13018.0,1353.0,21.4,2.0,6.32,0.0,,0.0,,,4336.0,1069.0,7.13,1.73,14.99,1705.0,595.0,2.8,0.97,21.21
11436,11436,11436,5852.0,344.0,100,,3.57,2275.0,205.0,38.88,2.66,5.48,5077.0,450.0,23.89,1.62,5.39,300.0,106.0,5.91,2.02,21.48,268.0,97.0,5.28,1.85,22.0,2134.0,271.0,42.03,3.82,7.72,1131.0,216.0,22.28,3.77,11.61,1244.0,246.0,24.5,4.33,12.02,14570.0,901.0,68.57,1.61,3.76,1005.0,251.0,6.9,1.67,15.18,1319.0,239.0,9.05,1.54,11.02,5176.0,486.0,35.53,2.51,5.71,3142.0,489.0,21.56,3.08,9.46,16582.0,1006.0,78.04,1.58,3.69,527.0,144.0,3.18,0.85,16.61,21248.0,1215.0,100.0,0.0,3.48,2169.0,416.0,10.21,1.87,11.66,4666.0,440.0,21.96,1.65,5.73,159.0,79.0,3.41,1.66,30.2,13840.0,897.0,65.14,1.99,3.94,1045.0,225.0,7.55,1.55,13.09,2742.0,398.0,12.9,1.72,8.82,965.0,284.0,35.19,9.01,17.89,21072.0,1217.0,99.17,0.8,3.51,19753.0,1217.0,93.74,2.01,3.75,1255.0,401.0,5.96,1.87,19.42,64.0,67.0,0.3,0.32,63.64,21248.0,1215.0,100,,3.48,12049.0,978.0,56.71,3.27,4.93,11725.0,953.0,55.18,3.19,4.94,324.0,107.0,1.52,0.5,20.08,9199.0,793.0,43.29,2.79,5.24,5681.0,667.0,61.76,4.92,7.14,3518.0,581.0,38.24,5.39,10.04,106.0,50.0,1.15,0.53,28.67,477.0,209.0,5.19,2.23,26.64,343.0,194.0,3.73,2.08,34.38,0.0,,0.0,,,8237.0,820.0,89.54,4.46,6.05,36.0,54.0,0.39,0.59,91.19,20102.0,1147.0,94.61,7.64,3.47,16410.0,1109.0,81.63,2.96,4.11,1716.0,364.0,8.54,1.74,12.89,1983.0,427.0,9.86,2.05,13.09,5548.0,342.0,94.81,1.76,3.75,5018.0,295.0,85.75,0.07,3.57,17110.0,1018.0,80.53,1.32,3.62,11538.0,812.0,67.43,2.53,4.28,10658.0,753.0,62.29,2.37,4.29,880.0,238.0,5.14,1.36,16.44,0.0,,0.0,,,5572.0,521.0,32.57,2.35,5.68,,,7.63,1.99,16.44,10208.0,745.0,48.04,2.18,4.44,5061.0,625.0,49.58,4.94,7.51,536.0,227.0,5.25,2.19,25.75,3646.0,357.0,35.72,2.33,5.95,416.0,161.0,4.08,1.55,23.53,297.0,110.0,2.91,1.06,22.51,10658.0,753.0,50.16,2.08,4.29,0.0,,0.0,,,682.0,162.0,6.4,1.45,14.44,158.0,85.0,1.48,0.79,32.7,50.0,46.0,0.47,0.43,55.93,922.0,211.0,8.65,1.88,13.91,1680.0,307.0,15.76,2.66,11.11,186.0,95.0,1.75,0.88,31.05,647.0,169.0,6.07,1.53,15.88,757.0,194.0,7.1,1.75,15.58,3525.0,398.0,33.07,2.91,6.86,655.0,156.0,6.15,1.4,14.48,619.0,192.0,5.81,1.75,18.86,777.0,153.0,7.29,1.34,11.97,336.0,118.0,5.74,1.99,21.35,86.0,51.0,1.47,0.87,36.05,364.0,126.0,6.22,2.12,21.04,389.0,183.0,6.65,3.1,28.6,585.0,143.0,10.0,2.37,14.86,1065.0,194.0,18.2,3.14,11.07,811.0,151.0,13.86,2.45,11.32,1135.0,197.0,19.4,3.17,10.55,546.0,123.0,9.33,2.03,13.69,535.0,134.0,9.14,2.23,15.23,4912.0,300.0,83.94,1.39,3.71,1948.0,271.0,33.29,4.2,8.46,1426.0,270.0,24.37,4.39,11.51,160.0,55.0,2.73,0.93,20.9,172.0,72.0,2.94,1.22,25.45,755.0,157.0,12.9,2.57,12.64,19683.0,1156.0,92.63,1.24,3.57,12529.0,973.0,58.97,3.1,4.72,8778.0,896.0,41.31,3.49,6.21,1565.0,277.0,7.37,1.23,10.76,10187.0,806.0,47.94,2.62,4.81,11061.0,690.0,52.06,1.3,3.79,1146.0,239.0,5.39,1.08,12.68,1405.0,224.0,6.61,0.98,9.69,1301.0,238.0,6.12,1.06,11.12,1318.0,234.0,6.2,1.04,10.79,1508.0,254.0,7.1,1.12,10.24,3355.0,513.0,15.79,2.24,9.3,2818.0,414.0,13.26,1.79,8.93,2899.0,443.0,13.64,1.93,9.29,1488.0,283.0,7.0,1.27,11.56,1268.0,212.0,5.97,0.94,10.16,1640.0,333.0,7.72,1.5,12.34,765.0,195.0,3.6,0.89,15.5,337.0,95.0,1.59,0.44,17.14,4666.0,440.0,21.96,1.65,5.73,16582.0,1006.0,78.04,1.58,3.69,2742.0,398.0,12.9,1.72,8.82,1558.0,593.0,7.33,2.76,23.14,685.0,249.0,3.22,1.16,22.1,12907.0,1094.0,60.74,3.8,5.15,127.0,185.0,0.6,0.87,88.55,1666.0,463.0,7.84,2.13,16.89,0.0,,0.0,,,4305.0,830.0,20.26,3.73,11.72,2882.0,582.0,13.56,2.63,12.28,18366.0,1282.0,86.44,3.46,4.24,278.0,137.0,1.31,0.64,29.96,12674.0,1083.0,59.65,3.79,5.19,117.0,175.0,0.55,0.82,90.93,1666.0,463.0,7.84,2.13,16.89,0.0,,0.0,,,2309.0,680.0,10.87,3.14,17.9,1322.0,584.0,6.22,2.73,26.85
11691,11691,11691,21572.0,862.0,100,,2.43,8222.0,787.0,38.11,3.32,5.82,21695.0,2160.0,30.64,2.64,6.05,1724.0,452.0,7.95,1.93,15.94,1668.0,492.0,7.69,2.13,17.93,10451.0,1508.0,48.17,5.03,8.77,3834.0,552.0,17.67,1.84,8.75,4018.0,727.0,18.52,2.8,11.0,42807.0,2077.0,60.46,4.22,2.95,4442.0,692.0,10.38,1.54,9.47,4141.0,588.0,9.67,1.29,8.63,12698.0,1078.0,29.66,2.07,5.16,11228.0,1356.0,26.23,2.9,7.34,48762.0,2379.0,68.88,4.82,2.97,1112.0,268.0,2.28,0.54,14.65,68801.0,3465.0,97.18,0.41,3.06,8766.0,951.0,12.74,1.22,6.59,22033.0,2171.0,31.12,2.64,5.99,939.0,297.0,4.26,1.28,19.23,38250.0,2319.0,54.03,1.84,3.69,4415.0,670.0,11.54,1.61,9.23,8518.0,817.0,12.03,0.98,5.83,3412.0,537.0,40.06,5.0,9.57,69886.0,3574.0,98.71,0.97,3.11,63621.0,3324.0,91.04,0.97,3.18,6094.0,1475.0,8.72,2.06,14.71,171.0,206.0,0.24,0.29,73.23,70797.0,3553.0,100,,3.05,47494.0,3116.0,67.08,2.83,3.99,45674.0,3046.0,64.51,2.83,4.05,1820.0,530.0,2.57,0.74,17.7,23303.0,2074.0,32.92,2.42,5.41,14028.0,1774.0,60.2,5.41,7.69,9275.0,1301.0,39.8,4.32,8.53,1652.0,431.0,7.09,1.74,15.86,2787.0,1018.0,11.96,4.24,22.2,2291.0,553.0,9.83,2.21,14.67,12.0,17.0,0.05,0.07,86.12,16397.0,1824.0,70.36,4.7,6.76,164.0,104.0,0.7,0.44,38.55,64322.0,3301.0,90.85,0.97,3.12,43425.0,2692.0,67.51,2.35,3.77,8895.0,1116.0,13.83,1.58,7.63,12558.0,2190.0,19.52,3.25,10.6,19522.0,930.0,90.5,2.35,2.9,18197.0,975.0,84.35,3.01,3.26,50764.0,2341.0,71.7,4.89,2.8,30126.0,2031.0,59.35,2.92,4.1,27025.0,2070.0,53.24,3.26,4.66,3101.0,659.0,6.11,1.27,12.92,0.0,,0.0,,,20638.0,1439.0,40.65,2.13,4.24,,,10.29,2.07,12.92,26178.0,2077.0,36.98,2.27,4.82,11259.0,1245.0,43.01,3.31,6.72,1478.0,424.0,5.65,1.56,17.44,8840.0,1003.0,33.77,2.74,6.9,1726.0,473.0,6.59,1.73,16.66,1868.0,597.0,7.14,2.21,19.43,27025.0,2070.0,38.17,2.21,4.66,74.0,74.0,0.27,0.27,60.79,1754.0,511.0,6.49,1.82,17.71,518.0,192.0,1.92,0.7,22.53,367.0,199.0,1.36,0.73,32.96,2408.0,563.0,8.91,1.97,14.21,2073.0,390.0,7.67,1.32,11.44,202.0,109.0,0.75,0.4,32.8,1255.0,448.0,4.64,1.62,21.7,2259.0,555.0,8.36,1.95,14.94,11407.0,1229.0,42.21,3.2,6.55,1608.0,447.0,5.95,1.59,16.9,1590.0,426.0,5.88,1.51,16.29,1510.0,453.0,5.59,1.62,18.24,2557.0,510.0,11.85,2.32,12.12,1627.0,378.0,7.54,1.73,14.12,1569.0,311.0,7.27,1.41,12.05,1895.0,436.0,8.78,1.99,13.99,2185.0,441.0,10.13,2.0,12.27,3368.0,541.0,15.61,2.43,9.76,2005.0,511.0,9.29,2.34,15.49,3277.0,687.0,15.19,3.13,12.74,1405.0,448.0,6.51,2.06,19.38,1684.0,436.0,7.81,2.0,15.74,15896.0,1029.0,73.69,3.75,3.94,5869.0,718.0,27.21,3.15,7.44,3784.0,498.0,17.54,2.2,8.0,3181.0,531.0,14.75,2.39,10.15,1492.0,371.0,6.92,1.7,15.12,7149.0,686.0,33.14,2.89,5.83,62317.0,3282.0,90.58,1.4,3.2,34344.0,3104.0,49.92,3.75,5.49,34080.0,2107.0,49.53,1.78,3.76,6484.0,1222.0,9.42,1.71,11.46,33025.0,2451.0,46.65,2.55,4.51,37772.0,1773.0,53.35,3.67,2.85,6475.0,988.0,9.15,1.32,9.28,6282.0,1106.0,8.87,1.5,10.7,6359.0,943.0,8.98,1.25,9.01,4749.0,622.0,6.71,0.81,7.96,4125.0,766.0,5.83,1.04,11.29,9403.0,1095.0,13.28,1.4,7.08,7140.0,725.0,10.09,0.89,6.17,7783.0,1112.0,10.99,1.47,8.69,4398.0,642.0,6.21,0.85,8.87,4153.0,638.0,5.87,0.85,9.34,5647.0,683.0,7.98,0.88,7.35,2833.0,476.0,4.0,0.64,10.21,1450.0,280.0,2.05,0.38,11.74,22035.0,2170.0,31.12,2.64,5.99,48762.0,2379.0,68.88,4.82,2.97,9930.0,803.0,14.03,0.89,4.92,5965.0,1442.0,8.43,1.99,14.7,23157.0,2729.0,32.71,3.49,7.16,31387.0,2558.0,44.33,2.85,4.95,219.0,223.0,0.31,0.31,61.9,3048.0,1346.0,4.31,1.89,26.85,38.0,57.0,0.05,0.08,91.19,6983.0,2000.0,9.86,2.78,17.41,17400.0,2471.0,24.58,3.27,8.63,53397.0,2972.0,75.42,1.82,3.38,17752.0,2276.0,25.07,2.96,7.79,29828.0,2478.0,42.13,2.79,5.05,0.0,,0.0,,,2946.0,1337.0,4.16,1.88,27.59,38.0,57.0,0.05,0.08,91.19,768.0,589.0,1.08,0.83,46.62,2065.0,841.0,2.92,1.18,24.76
11692,11692,11692,8035.0,414.0,100,,3.13,3062.0,366.0,38.11,4.11,7.27,7245.0,1000.0,29.4,3.35,8.39,703.0,187.0,9.7,2.21,16.17,439.0,174.0,6.06,2.25,24.09,3326.0,655.0,45.91,6.45,11.97,1297.0,289.0,17.9,3.13,13.55,1480.0,294.0,20.43,2.92,12.08,15853.0,1066.0,64.34,6.61,4.09,1541.0,407.0,9.72,2.48,16.06,1254.0,296.0,7.91,1.79,14.35,4622.0,634.0,29.16,3.49,8.34,4172.0,655.0,26.32,3.73,9.54,17723.0,1222.0,71.93,7.48,4.19,362.0,126.0,2.04,0.7,21.16,23787.0,1909.0,96.54,1.92,4.88,2718.0,426.0,11.43,1.54,9.53,6916.0,1005.0,28.07,3.45,8.83,305.0,150.0,4.41,2.07,29.9,14238.0,1114.0,57.79,0.5,4.76,1519.0,292.0,10.67,1.87,11.69,2633.0,466.0,10.69,1.7,10.76,894.0,213.0,33.95,5.42,14.48,24506.0,1914.0,99.46,0.72,4.75,22347.0,1807.0,91.19,1.91,4.92,2021.0,618.0,8.25,2.44,18.59,138.0,111.0,0.56,0.45,48.9,24639.0,1916.0,100,,4.73,16135.0,1543.0,65.49,3.64,5.81,15270.0,1480.0,61.97,3.59,5.89,865.0,325.0,3.51,1.29,22.84,8504.0,1103.0,34.51,3.58,7.88,6064.0,908.0,71.31,5.34,9.1,2440.0,464.0,28.69,3.99,11.56,857.0,334.0,10.08,3.7,23.69,1208.0,620.0,14.21,7.05,31.2,1190.0,435.0,13.99,4.78,22.22,0.0,,0.0,,,5236.0,942.0,61.57,7.68,10.94,13.0,22.0,0.15,0.26,102.88,22602.0,1715.0,91.73,9.97,4.61,15265.0,1506.0,67.54,4.26,6.0,3337.0,641.0,14.76,2.61,11.68,4082.0,834.0,18.06,3.43,12.42,7502.0,374.0,93.37,6.69,3.03,6557.0,418.0,81.61,3.06,3.88,18329.0,1251.0,74.39,7.7,4.15,10882.0,914.0,59.37,2.91,5.11,9916.0,940.0,54.1,3.56,5.76,966.0,324.0,5.27,1.73,20.39,0.0,,0.0,,,7447.0,812.0,40.63,3.45,6.63,,,8.88,2.88,20.39,9543.0,915.0,38.73,2.17,5.83,3767.0,565.0,39.47,4.55,9.12,571.0,212.0,5.98,2.15,22.57,4101.0,642.0,42.97,5.32,9.52,365.0,144.0,3.82,1.46,23.98,400.0,175.0,4.19,1.79,26.6,9916.0,940.0,40.25,2.18,5.76,27.0,41.0,0.27,0.41,92.31,378.0,160.0,3.81,1.57,25.73,171.0,101.0,1.72,1.01,35.91,177.0,123.0,1.78,1.23,42.24,571.0,177.0,5.76,1.7,18.84,1174.0,252.0,11.84,2.28,13.05,233.0,107.0,2.35,1.06,27.92,534.0,220.0,5.39,2.16,25.04,1017.0,262.0,10.26,2.46,15.66,3069.0,373.0,30.95,2.35,7.39,876.0,282.0,8.83,2.72,19.57,1036.0,499.0,10.45,4.93,29.28,653.0,209.0,6.59,2.01,19.46,786.0,247.0,9.78,3.03,19.1,440.0,211.0,5.48,2.61,29.15,729.0,224.0,9.07,2.75,18.68,829.0,237.0,10.32,2.9,17.38,950.0,161.0,11.82,1.91,10.3,1277.0,252.0,15.89,3.03,12.0,836.0,207.0,10.4,2.52,15.05,1132.0,302.0,14.09,3.69,16.22,581.0,182.0,7.23,2.23,19.04,475.0,165.0,5.91,2.03,21.12,6311.0,462.0,78.54,4.08,4.45,2036.0,375.0,25.34,4.48,11.2,1092.0,239.0,13.59,2.89,13.3,616.0,196.0,7.67,2.41,19.34,698.0,201.0,8.69,2.46,17.51,2460.0,340.0,30.62,3.93,8.4,22446.0,1815.0,94.36,0.93,4.92,12857.0,1528.0,54.05,4.74,7.22,11755.0,1374.0,49.42,4.2,7.11,1341.0,397.0,5.64,1.61,18.0,11989.0,1128.0,48.66,2.58,5.72,12650.0,1087.0,51.34,1.88,5.22,2037.0,391.0,8.27,1.45,11.67,1740.0,390.0,7.06,1.48,13.63,2367.0,567.0,9.61,2.18,14.56,1256.0,296.0,5.1,1.13,14.33,1386.0,316.0,5.63,1.21,13.86,2727.0,478.0,11.07,1.74,10.66,3754.0,504.0,15.24,1.67,8.16,3161.0,467.0,12.83,1.61,8.98,1421.0,283.0,5.77,1.06,12.11,1540.0,349.0,6.25,1.33,13.78,1969.0,418.0,7.99,1.58,12.91,954.0,237.0,3.87,0.91,15.1,327.0,104.0,1.33,0.41,19.33,6916.0,1005.0,28.07,3.45,8.83,17723.0,1222.0,71.93,7.48,4.19,3250.0,485.0,13.19,1.68,9.07,2375.0,888.0,9.64,3.53,22.73,4882.0,804.0,19.81,2.88,10.01,13798.0,1711.0,56.0,5.41,7.54,47.0,51.0,0.19,0.21,65.96,1407.0,770.0,5.71,3.09,33.27,0.0,,0.0,,,2130.0,673.0,8.64,2.65,19.21,6084.0,1202.0,24.69,4.48,12.01,18555.0,1830.0,75.31,4.57,6.0,3263.0,540.0,13.24,1.93,10.06,12880.0,1635.0,52.27,5.24,7.72,0.0,,0.0,,,1407.0,770.0,5.71,3.09,33.27,0.0,,0.0,,,443.0,346.0,1.8,1.4,47.48,562.0,243.0,2.28,0.97,26.28
11693,11693,11693,5257.0,489.0,100,,5.65,1762.0,329.0,33.52,5.43,11.35,3353.0,673.0,23.7,4.22,12.2,116.0,82.0,3.46,2.34,42.97,242.0,124.0,7.22,3.4,31.15,1411.0,361.0,42.08,6.68,15.55,769.0,283.0,22.93,7.07,22.37,815.0,289.0,24.31,7.11,21.56,9723.0,878.0,68.73,8.88,5.49,815.0,308.0,8.38,3.08,22.97,821.0,274.0,8.44,2.71,20.29,2491.0,395.0,25.62,3.34,9.64,3349.0,624.0,34.44,5.61,11.33,10730.0,990.0,75.85,9.9,5.61,410.0,145.0,3.82,1.3,21.5,14028.0,1287.0,99.16,12.91,5.58,1811.0,564.0,12.91,3.84,18.93,3412.0,598.0,24.12,3.59,10.65,68.0,76.0,1.99,2.2,67.94,8341.0,955.0,58.96,3.99,6.96,978.0,388.0,11.73,4.45,24.12,2275.0,476.0,16.08,3.02,12.72,765.0,287.0,33.63,10.47,22.81,14032.0,1283.0,99.19,12.89,5.56,13323.0,1215.0,94.95,12.26,5.54,698.0,325.0,4.97,2.27,28.3,11.0,17.0,0.08,0.12,93.95,14147.0,1307.0,100,,5.62,10622.0,1266.0,75.08,5.65,7.25,10175.0,1253.0,71.92,5.86,7.49,447.0,237.0,3.16,1.65,32.23,3525.0,712.0,24.92,4.48,12.28,2383.0,507.0,67.6,4.52,12.93,1142.0,509.0,32.4,12.87,27.09,1268.0,312.0,35.97,5.05,14.96,395.0,241.0,11.21,6.45,37.09,159.0,126.0,4.51,3.46,48.17,0.0,,0.0,,,1687.0,583.0,47.86,13.42,21.01,16.0,17.0,0.45,0.47,64.59,13204.0,1228.0,93.33,1.0,5.65,8008.0,1228.0,60.65,7.39,9.32,2105.0,498.0,15.94,3.47,14.38,2980.0,746.0,22.57,5.25,15.22,4780.0,459.0,90.93,2.17,5.84,4550.0,463.0,86.55,3.57,6.19,11102.0,1002.0,78.48,10.14,5.49,6224.0,764.0,56.06,4.66,7.46,5636.0,639.0,50.77,3.48,6.89,583.0,281.0,5.25,2.49,29.3,5.0,7.0,0.05,0.06,85.11,4878.0,844.0,43.94,6.49,10.52,,,9.37,4.37,29.3,5494.0,621.0,38.84,2.53,6.87,3032.0,561.0,55.19,8.08,11.25,62.0,51.0,1.13,0.92,50.0,1777.0,373.0,32.34,5.72,12.76,89.0,73.0,1.62,1.32,49.86,411.0,173.0,7.48,3.03,25.59,5636.0,639.0,39.84,2.62,6.89,0.0,,0.0,,,353.0,149.0,6.26,2.55,25.66,175.0,97.0,3.11,1.68,33.7,11.0,16.0,0.2,0.28,88.42,439.0,151.0,7.79,2.53,20.91,299.0,106.0,5.31,1.78,21.55,118.0,84.0,2.09,1.47,43.27,326.0,178.0,5.78,3.09,33.19,741.0,226.0,13.15,3.72,18.54,1980.0,400.0,35.13,5.87,12.28,383.0,164.0,6.8,2.81,26.03,373.0,160.0,6.62,2.74,26.08,438.0,169.0,7.77,2.87,23.46,411.0,229.0,7.82,4.29,33.87,172.0,105.0,3.27,1.97,37.11,469.0,148.0,8.92,2.69,19.18,640.0,214.0,12.17,3.91,20.33,609.0,267.0,11.58,4.96,26.65,643.0,200.0,12.23,3.63,18.91,555.0,178.0,10.56,3.24,19.5,893.0,339.0,16.99,6.25,23.08,425.0,168.0,8.08,3.11,24.03,440.0,144.0,8.37,2.63,19.89,3612.0,322.0,68.71,8.85,5.42,2057.0,509.0,39.13,8.97,15.04,1611.0,456.0,30.64,8.19,17.21,546.0,229.0,10.39,4.25,25.5,239.0,125.0,4.55,2.34,31.79,1114.0,247.0,21.19,4.27,13.48,13031.0,1347.0,92.89,4.42,6.28,8276.0,962.0,59.0,4.21,7.07,6319.0,974.0,45.05,5.58,9.37,997.0,453.0,7.11,3.16,27.62,5945.0,647.0,42.02,2.42,6.62,8202.0,985.0,57.98,4.45,7.3,943.0,351.0,6.67,2.4,22.63,992.0,299.0,7.01,2.01,18.32,883.0,296.0,6.24,2.01,20.38,935.0,313.0,6.61,2.13,20.35,671.0,229.0,4.74,1.56,20.75,1774.0,390.0,12.54,2.5,13.36,1515.0,369.0,10.71,2.41,14.81,1820.0,331.0,12.86,2.02,11.06,1149.0,343.0,8.12,2.31,18.15,1139.0,330.0,8.05,2.21,17.61,1314.0,328.0,9.29,2.15,15.17,746.0,260.0,5.27,1.77,21.19,266.0,211.0,1.88,1.48,48.22,3412.0,598.0,24.12,3.59,10.65,10735.0,989.0,75.88,9.9,5.6,2326.0,482.0,16.44,3.05,12.6,1170.0,551.0,8.27,3.82,28.63,8512.0,1161.0,60.17,6.04,8.29,3105.0,732.0,21.95,4.76,14.33,39.0,61.0,0.28,0.43,95.08,415.0,304.0,2.93,2.13,44.53,0.0,,0.0,,,906.0,447.0,6.4,3.1,29.99,4208.0,827.0,29.74,5.16,11.95,9939.0,1113.0,70.26,4.45,6.81,6036.0,873.0,42.67,4.75,8.79,2776.0,631.0,19.62,4.08,13.82,39.0,61.0,0.28,0.43,95.08,415.0,304.0,2.93,2.13,44.53,0.0,,0.0,,,298.0,277.0,2.11,1.95,56.51,375.0,213.0,2.65,1.49,34.53
11694,11694,11694,8392.0,392.0,100,,2.84,2004.0,356.0,23.88,4.09,10.8,4906.0,861.0,21.87,3.38,10.67,283.0,129.0,5.77,2.43,27.71,283.0,141.0,5.77,2.69,30.29,2169.0,589.0,44.21,9.16,16.51,1085.0,269.0,22.12,3.87,15.07,1086.0,214.0,22.14,1.98,11.98,16465.0,1118.0,73.4,7.86,4.13,709.0,235.0,4.31,1.4,20.15,1014.0,308.0,6.16,1.82,18.46,3916.0,590.0,23.78,3.2,9.16,7348.0,727.0,44.63,3.21,6.01,17799.0,1221.0,79.35,8.53,4.17,725.0,186.0,4.07,1.01,15.6,21603.0,1860.0,96.3,2.29,5.23,2797.0,502.0,12.95,2.04,10.91,4572.0,945.0,20.38,3.86,12.56,106.0,67.0,2.32,1.38,38.42,13121.0,1105.0,58.49,0.92,5.12,1662.0,320.0,12.67,2.19,11.7,3910.0,519.0,17.43,1.81,8.07,1029.0,301.0,26.32,6.86,17.78,22152.0,1809.0,98.75,11.48,4.96,20247.0,1802.0,91.4,3.23,5.41,1893.0,482.0,8.55,2.06,15.48,12.0,19.0,0.05,0.09,96.25,22432.0,1856.0,100,,5.03,19558.0,1742.0,87.19,2.88,5.41,19229.0,1687.0,85.72,2.5,5.33,329.0,158.0,1.47,0.69,29.19,2874.0,543.0,12.81,2.18,11.49,1792.0,385.0,62.35,6.38,13.06,1082.0,349.0,37.65,9.84,19.61,1017.0,259.0,35.39,6.04,15.48,586.0,239.0,20.39,7.37,24.79,190.0,121.0,6.61,4.02,38.71,5.0,10.0,0.17,0.35,121.58,1022.0,370.0,35.56,10.98,22.01,54.0,52.0,1.88,1.77,58.54,21308.0,1682.0,94.99,10.86,4.8,17057.0,1323.0,80.05,8.86,4.72,1277.0,339.0,5.99,1.52,16.14,2068.0,591.0,9.71,2.67,17.37,7660.0,457.0,91.28,3.39,3.63,7408.0,473.0,88.27,3.84,3.88,18301.0,1290.0,81.58,8.87,4.28,10583.0,892.0,57.83,2.67,5.12,9839.0,797.0,53.76,2.15,4.92,744.0,247.0,4.07,1.32,20.18,0.0,,0.0,,,7718.0,776.0,42.17,3.02,6.11,,,7.03,2.26,20.18,9615.0,785.0,42.86,4.98,4.96,5314.0,607.0,55.27,4.42,6.94,558.0,180.0,5.8,1.81,19.61,2319.0,538.0,24.12,5.24,14.1,742.0,223.0,7.72,2.23,18.27,393.0,140.0,4.09,1.42,21.66,9839.0,797.0,43.86,5.08,4.92,0.0,,0.0,,,685.0,221.0,6.96,2.17,19.61,292.0,169.0,2.97,1.7,35.18,181.0,160.0,1.84,1.62,53.74,701.0,265.0,7.12,2.63,22.98,481.0,155.0,4.89,1.52,19.59,190.0,111.0,1.93,1.12,35.51,637.0,149.0,6.47,1.42,14.22,1330.0,336.0,13.52,3.23,15.36,3210.0,348.0,32.63,2.35,6.59,725.0,230.0,7.37,2.26,19.29,469.0,152.0,4.77,1.5,19.7,938.0,232.0,9.53,2.23,15.04,526.0,151.0,6.27,1.78,17.45,347.0,132.0,4.13,1.56,23.12,601.0,183.0,7.16,2.15,18.51,451.0,159.0,5.37,1.88,21.43,604.0,169.0,7.2,1.99,17.01,1183.0,235.0,14.1,2.72,12.08,915.0,206.0,10.9,2.4,13.69,1567.0,256.0,18.67,2.92,9.93,1020.0,250.0,12.15,2.92,14.9,1178.0,181.0,14.04,2.05,9.34,6155.0,396.0,73.34,3.24,3.91,2938.0,356.0,35.01,3.91,7.37,2406.0,334.0,28.67,3.75,8.44,422.0,153.0,5.03,1.81,22.04,275.0,120.0,3.28,1.42,26.53,872.0,237.0,10.39,2.78,16.52,20890.0,1849.0,96.7,1.98,5.38,15437.0,1469.0,71.46,2.9,5.78,7669.0,1030.0,35.5,3.66,8.16,713.0,269.0,3.3,1.21,22.93,10840.0,1043.0,48.32,2.37,5.85,11592.0,1089.0,51.68,2.3,5.71,1124.0,298.0,5.01,1.26,16.12,1177.0,322.0,5.25,1.37,16.63,1653.0,437.0,7.37,1.85,16.07,1035.0,278.0,4.61,1.18,16.33,978.0,257.0,4.36,1.09,15.97,2072.0,424.0,9.24,1.73,12.44,2823.0,559.0,12.58,2.26,12.04,3444.0,401.0,15.35,1.26,7.08,2140.0,387.0,9.54,1.53,10.99,1501.0,259.0,6.69,1.01,10.49,2552.0,445.0,11.38,1.75,10.6,1276.0,222.0,5.69,0.87,10.58,657.0,156.0,2.93,0.65,14.43,4633.0,942.0,20.65,3.84,12.36,17799.0,1221.0,79.35,8.53,4.17,4485.0,523.0,19.99,1.64,7.09,1237.0,550.0,5.51,2.41,27.03,18238.0,1551.0,81.3,1.6,5.17,1339.0,282.0,5.97,1.16,12.8,0.0,,0.0,,,534.0,195.0,2.38,0.85,22.2,0.0,,0.0,,,1084.0,493.0,4.83,2.16,27.65,3752.0,1171.0,16.73,5.03,18.97,18680.0,1728.0,83.27,3.45,5.62,16507.0,1625.0,73.59,3.93,5.98,1254.0,290.0,5.59,1.21,14.06,0.0,,0.0,,,520.0,196.0,2.32,0.85,22.91,0.0,,0.0,,,38.0,47.0,0.17,0.21,75.19,361.0,173.0,1.61,0.76,29.13
11697,11697,11697,1403.0,236.0,100,,10.23,298.0,66.0,21.24,3.06,13.46,890.0,232.0,23.53,2.92,15.85,179.0,101.0,20.11,10.06,34.3,14.0,26.0,1.57,2.89,112.9,350.0,129.0,39.33,10.25,22.41,124.0,65.0,13.93,6.34,31.87,223.0,225.0,25.06,24.42,61.34,2767.0,664.0,73.16,5.19,14.59,0.0,,0.0,,,114.0,106.0,4.12,3.7,56.52,403.0,148.0,14.56,4.05,22.32,1416.0,273.0,51.17,15.75,11.72,3029.0,857.0,80.09,13.28,17.2,148.0,66.0,4.89,1.68,27.11,3782.0,867.0,100.0,0.0,13.94,491.0,135.0,12.98,1.97,16.71,753.0,127.0,19.91,5.67,10.25,133.0,44.0,17.66,5.03,20.11,2190.0,844.0,57.91,17.94,23.43,117.0,65.0,5.34,2.14,33.77,839.0,176.0,22.18,6.89,12.75,241.0,103.0,28.72,10.7,25.98,3739.0,864.0,98.86,2.87,14.05,3368.0,856.0,90.08,9.53,15.45,371.0,243.0,9.92,6.08,39.82,0.0,,0.0,,,3782.0,867.0,100,,13.94,3675.0,862.0,97.17,4.82,14.26,3674.0,862.0,97.14,4.85,14.26,1.0,3.0,0.03,0.08,182.37,107.0,76.0,2.83,1.9,43.18,105.0,75.0,98.13,7.41,43.42,2.0,5.0,1.87,4.48,151.98,79.0,79.0,73.83,51.97,60.79,20.0,27.0,18.69,21.46,82.07,8.0,12.0,7.48,9.88,91.19,0.0,,0.0,,,0.0,,0.0,,,0.0,,0.0,,,3547.0,856.0,93.79,7.07,14.67,3448.0,851.0,97.21,5.03,15.0,10.0,13.0,0.28,0.36,79.03,18.0,27.0,0.51,0.75,91.19,1265.0,234.0,90.16,6.94,11.24,1217.0,232.0,86.74,7.78,11.59,3076.0,863.0,81.33,13.15,17.06,1639.0,466.0,53.28,2.46,17.28,1602.0,468.0,52.08,4.24,17.76,37.0,38.0,1.2,1.19,62.43,0.0,,0.0,,,1437.0,479.0,46.72,8.41,20.26,,,2.26,2.23,62.43,1558.0,464.0,41.2,7.83,18.1,1035.0,298.0,66.43,27.52,17.5,154.0,87.0,9.88,4.75,34.34,197.0,202.0,12.64,12.41,62.33,33.0,26.0,2.12,1.54,47.9,119.0,67.0,7.64,3.65,34.23,1602.0,468.0,42.36,7.67,17.76,0.0,,0.0,,,150.0,87.0,9.36,4.69,35.26,8.0,12.0,0.5,0.73,91.19,25.0,38.0,1.56,2.33,92.4,35.0,36.0,2.18,2.15,62.53,65.0,52.0,4.06,3.02,48.63,6.0,14.0,0.37,0.87,141.84,228.0,208.0,14.23,12.3,55.46,189.0,84.0,11.8,3.95,27.02,620.0,237.0,38.7,9.54,23.24,42.0,36.0,2.62,2.11,52.11,56.0,54.0,3.5,3.21,58.62,178.0,81.0,11.11,3.88,27.66,30.0,25.0,2.14,1.75,50.66,8.0,14.0,0.57,0.99,106.38,97.0,53.0,6.91,3.59,33.22,55.0,41.0,3.92,2.85,45.32,47.0,40.0,3.35,2.79,51.74,186.0,76.0,13.26,4.94,24.84,189.0,83.0,13.47,5.46,26.7,217.0,95.0,15.47,6.25,26.61,183.0,75.0,13.04,4.87,24.91,391.0,189.0,27.87,12.63,29.38,907.0,216.0,64.65,10.9,14.48,571.0,125.0,40.7,5.7,13.31,724.0,225.0,51.6,13.48,18.89,8.0,12.0,0.57,0.85,91.19,0.0,,0.0,,,22.0,35.0,1.57,2.48,96.71,3781.0,867.0,99.97,0.53,13.94,3510.0,861.0,92.81,8.1,14.91,991.0,234.0,26.2,1.48,14.35,1.0,3.0,0.03,0.08,182.37,1813.0,660.0,47.94,13.56,22.13,1969.0,290.0,52.06,14.19,8.95,235.0,111.0,6.21,2.57,28.71,246.0,121.0,6.5,2.83,29.9,164.0,111.0,4.34,2.76,41.14,148.0,81.0,3.91,1.94,33.27,222.0,215.0,5.87,5.52,58.87,495.0,257.0,13.09,6.1,31.56,309.0,78.0,8.17,0.86,15.35,274.0,143.0,7.24,3.4,31.73,537.0,420.0,14.2,10.62,47.55,313.0,110.0,8.28,2.2,21.36,564.0,141.0,14.91,1.49,15.2,200.0,95.0,5.29,2.2,28.88,75.0,41.0,1.98,0.98,33.23,753.0,127.0,19.91,5.67,10.25,3029.0,857.0,80.09,13.28,17.2,839.0,176.0,22.18,6.89,12.75,40.0,44.0,1.06,1.14,66.87,3713.0,861.0,98.18,3.43,14.1,9.0,15.0,0.24,0.39,101.32,0.0,,0.0,,,20.0,27.0,0.53,0.7,82.07,0.0,,0.0,,,0.0,,0.0,,,208.0,139.0,5.5,3.45,40.62,3574.0,851.0,94.5,6.08,14.47,3505.0,844.0,92.68,6.83,14.64,9.0,15.0,0.24,0.39,101.32,0.0,,0.0,,,20.0,27.0,0.53,0.7,82.07,0.0,,0.0,,,0.0,,0.0,,,40.0,44.0,1.06,1.14,66.87
99999,99999,99999,,,100,,,,,,,,,,,,,,,,,,,,,,,,,,,,,,,,,,,,,,,,,,,,,,,,,,,,,,,,,,,,,,,,,,,,,,,,,,,,,,,,,,,,,,,,,,,,,,,,,,,,,,,,,,,,,,,,,,,,,,,,,,,,,,,,,,,,,,,100,,,,,,,,,,,,,,,,,,,,,,,,,,,,,,,,,,,,,,,,,,,,,,,,,,,,,,,,,,,,,,,,,,,,,,,,,,,,,,,,,,,,,,,,,,,,,,,,,,,,,,,,,,,,,,,,,,,,,,,,,,,,,,,,,,,,,,,,,,,,,,,,,,,,,,,,,,,,,,,,,,,,,,,,,,,,,,,,,,,,,,,,,,,,,,,,,,,,,,,,,,,,,,,,,,,,,,,,,,,,,,,,,,,,,,,,,,,,,,,,,,,,,,,,,,,,,,,,,,,,,,,,,,,,,,,,,,,,,,,,,,,,,,,,,,,,,,,,,,,,,,,,,,,,,,,,,,,,,,,,,,,,,,,,,,,,,,,,,,,,,,,,,,,,,,,,,,,,,,,,,,,,,,,,,,,,,,,,,,,,,,,,,,,,,,,,,,,,,,,,,,,,,,,,,,,,,,,,,,,,,,,,,,,,,,,,,,,,,,,,,,,,,,,,,,,,,,,,,,,,,,,,,,,,,,,,,,,,,,,,,,,,,,,,,,,,,,,,,
