MODZCTA,modzcta,ZCTA,DP02_0001E,DP02_0001M,DP02_0001PE,DP02_0001PM,DP02_0001V,DP02_0013E,DP02_0013M,DP02_0013PE,DP02_0013PM,DP02_0013V,DP02_0052E,DP02_0052M,DP02_0052PE,DP02_0052PM,DP02_0052V,DP02_0053E,DP02_0053M,DP02_0053PE,DP02_0053PM,DP02_0053V,DP02_0054E,DP02_0054M,DP02_0054PE,DP02_0054PM,DP02_0054V,DP02_0055E,DP02_0055M,DP02_0055PE,DP02_0055PM,DP02_0055V,DP02_0056E,DP02_0056M,DP02_0056PE,DP02_0056PM,DP02_0056V,DP02_0057E,DP02_0057M,DP02_0057PE,DP02_0057PM,DP02_0057V,DP02_0058E,DP02_0058M,DP02_0058PE,DP02_0058PM,DP02_0058V,DP02_0059E,DP02_0059M,DP02_0059PE,DP02_0059PM,DP02_0059V,DP02_0060E,DP02_0060M,DP02_0060PE,DP02_0060PM,DP02_0060V,DP02_0061E,DP02_0061M,DP02_0061PE,DP02_0061PM,DP02_0061V,DP02_0067E,DP02_0067M,DP02_0067PE,DP02_0067PM,DP02_0067V,DP02_0068E,DP02_0068M,DP02_0068PE,DP02_0068PM,DP02_0068V,DP02_0069E,DP02_0069M,DP02_0069PE,DP02_0069PM,DP02_0069V,DP02_0070E,DP02_0070M,DP02_0070PE,DP02_0070PM,DP02_0070V,DP02_0071E,DP02_0071M,DP02_0071PE,DP02_0071PM,DP02_0071V,DP02_0072E,DP02_0072M,DP02_0072PE,DP02_0072PM,DP02_0072V,DP02_0073E,DP02_0073M,DP02_0073PE,DP02_0073PM,DP02_0073V,DP02_0074E,DP02_0074M,DP02_0074PE,DP02_0074PM,DP02_0074V,DP02_0075E,DP02_0075M,DP02_0075PE,DP02_0075PM,DP02_0075V,DP02_0076E,DP02_0076M,DP02_0076PE,DP02_0076PM,DP02_0076V,DP02_0077E,DP02_0077M,DP02_0077PE,DP02_0077PM,DP02_0077V,DP02_0078E,DP02_0078M,DP02_0078PE,DP02_0078PM,DP02_0078V,DP02_0079E,DP02_0079M,DP02_0079PE,DP02_0079PM,DP02_0079V,DP02_0080E,DP02_0080M,DP02_0080PE,DP02_0080PM,DP02_0080V,DP02_0085E,DP02_0085M,DP02_0085PE,DP02_0085PM,DP02_0085V,DP02_0086E,DP02_0086M,DP02_0086PE,DP02_0086PM,DP02_0086V,DP02_0087E,DP02_0087M,DP02_0087PE,DP02_0087PM,DP02_0087V,DP02_0088E,DP02_0088M,DP02_0088PE,DP02_0088PM,DP02_0088V,DP02_0091E,DP02_0091M,DP02_0091PE,DP02_0091PM,DP02_0091V,DP02_0092E,DP02_0092M,DP02_0092PE,DP02_0092PM,DP02_0092V,DP02_0094E,DP02_0094M,DP02_0094PE,DP02_0094PM,DP02_0094V,DP02_0095E,DP02_0095M,DP02_0095PE,DP02_0095PM,DP02_0095V,DP02_0104E,DP02_0104M,DP02_0104PE,DP02_0104PM,DP02_0104V,DP02_0105E,DP02_0105M,DP02_0105PE,DP02_0105PM,DP02_0105V,DP02_0106E,DP02_0106M,DP02_0106PE,DP02_0106PM,DP02_0106V,DP02_0107E,DP02_0107M,DP02_0107PE,DP02_0107PM,DP02_0107V,DP02_0108E,DP02_0108M,DP02_0108PE,DP02_0108PM,DP02_0108V,DP02_0109E,DP02_0109M,DP02_0109PE,DP02_0109PM,DP02_0109V,DP02_0110E,DP02_0110M,DP02_0110PE,DP02_0110PM,DP02_0110V,DP02_0111E,DP02_0111M,DP02_0111PE,DP02_0111PM,DP02_0111V,DP02_0113E,DP02_0113M,DP02_0113PE,DP02_0113PM,DP02_0113V,DP02_0114E,DP02_0114M,DP02_0114PE,DP02_0114PM,DP02_0114V,DP03_0001E,DP03_0001M,DP03_0001PE,DP03_0001PM,DP03_0001V,DP03_0002E,DP03_0002M,DP03_0002PE,DP03_0002PM,DP03_0002V,DP03_0004E,DP03_0004M,DP03_0004PE,DP03_0004PM,DP03_0004V,DP03_0005E,DP03_0005M,DP03_0005PE,DP03_0005PM,DP03_0005V,DP03_0006E,DP03_0006M,DP03_0006PE,DP03_0006PM,DP03_0006V,DP03_0007E,DP03_0007M,DP03_0007PE,DP03_0007PM,DP03_0007V,DP03_0009E,DP03_0009M,DP03_0009PE,DP03_0009PM,DP03_0009V,DP03_0018E,DP03_0018M,DP03_0018PE,DP03_0018PM,DP03_0018V,DP03_0019E,DP03_0019M,DP03_0019PE,DP03_0019PM,DP03_0019V,DP03_0020E,DP03_0020M,DP03_0020PE,DP03_0020PM,DP03_0020V,DP03_0021E,DP03_0021M,DP03_0021PE,DP03_0021PM,DP03_0021V,DP03_0022E,DP03_0022M,DP03_0022PE,DP03_0022PM,DP03_0022V,DP03_0024E,DP03_0024M,DP03_0024PE,DP03_0024PM,DP03_0024V,DP03_0032E,DP03_0032M,DP03_0032PE,DP03_0032PM,DP03_0032V,DP03_0033E,DP03_0033M,DP03_0033PE,DP03_0033PM,DP03_0033V,DP03_0034E,DP03_0034M,DP03_0034PE,DP03_0034PM,DP03_0034V,DP03_0035E,DP03_0035M,DP03_0035PE,DP03_0035PM,DP03_0035V,DP03_0036E,DP03_0036M,DP03_0036PE,DP03_0036PM,DP03_0036V,DP03_0037E,DP03_0037M,DP03_0037PE,DP03_0037PM,DP03_0037V,DP03_0038E,DP03_0038M,DP03_0038PE,DP03_0038PM,DP03_0038V,DP03_0039E,DP03_0039M,DP03_0039PE,DP03_0039PM,DP03_0039V,DP03_0040E,DP03_0040M,DP03_0040PE,DP03_0040PM,DP03_0040V,DP03_0041E,DP03_0041M,DP03_0041PE,DP03_0041PM,DP03_0041V,DP03_0042E,DP03_0042M,DP03_0042PE,DP03_0042PM,DP03_0042V,DP03_0043E,DP03_0043M,DP03_0043PE,DP03_0043PM,DP03_0043V,DP03_0044E,DP03_0044M,DP03_0044PE,DP03_0044PM,DP03_0044V,DP03_0045E,DP03_0045M,DP03_0045PE,DP03_0045PM,DP03_0045V,DP03_0052E,DP03_0052M,DP03_0052PE,DP03_0052PM,DP03_0052V,DP03_0053E,DP03_0053M,DP03_0053PE,DP03_0053PM,DP03_0053V,DP03_0054E,DP03_0054M,DP03_0054PE,DP03_0054PM,DP03_0054V,DP03_0055E,DP03_0055M,DP03_0055PE,DP03_0055PM,DP03_0055V,DP03_0056E,DP03_0056M,DP03_0056PE,DP03_0056PM,DP03_0056V,DP03_0057E,DP03_0057M,DP03_0057PE,DP03_0057PM,DP03_0057V,DP03_0058E,DP03_0058M,DP03_0058PE,DP03_0058PM,DP03_0058V,DP03_0059E,DP03_0059M,DP03_0059PE,DP03_0059PM,DP03_0059V,DP03_0060E,DP03_0060M,DP03_0060PE,DP03_0060PM,DP03_0060V,DP03_0061E,DP03_0061M,DP03_0061PE,DP03_0061PM,DP03_0061V,DP03_0064E,DP03_0064M,DP03_0064PE,DP03_0064PM,DP03_0064V,DP03_0066E,DP03_0066M,DP03_0066PE,DP03_0066PM,DP03_0066V,DP03_0068E,DP03_0068M,DP03_0068PE,DP03_0068PM,DP03_0068V,DP03_0070E,DP03_0070M,DP03_0070PE,DP03_0070PM,DP03_0070V,DP03_0072E,DP03_0072M,DP03_0072PE,DP03_0072PM,DP03_0072V,DP03_0074E,DP03_0074M,DP03_0074PE,DP03_0074PM,DP03_0074V,DP03_0096E,DP03_0096M,DP03_0096PE,DP03_0096PM,DP03_0096V,DP03_0097E,DP03_0097M,DP03_0097PE,DP03_0097PM,DP03_0097V,DP03_0098E,DP03_0098M,DP03_0098PE,DP03_0098PM,DP03_0098V,DP03_0099E,DP03_0099M,DP03_0099PE,DP03_0099PM,DP03_0099V,DP05_0002E,DP05_0002M,DP05_0002PE,DP05_0002PM,DP05_0002V,DP05_0003E,DP05_0003M,DP05_0003PE,DP05_0003PM,DP05_0003V,DP05_0004E,DP05_0004M,DP05_0004PE,DP05_0004PM,DP05_0004V,DP05_0005E,DP05_0005M,DP05_0005PE,DP05_0005PM,DP05_0005V,DP05_0006E,DP05_0006M,DP05_0006PE,DP05_0006PM,DP05_0006V,DP05_0007E,DP05_0007M,DP05_0007PE,DP05_0007PM,DP05_0007V,DP05_0008E,DP05_0008M,DP05_0008PE,DP05_0008PM,DP05_0008V,DP05_0009E,DP05_0009M,DP05_0009PE,DP05_0009PM,DP05_0009V,DP05_0010E,DP05_0010M,DP05_0010PE,DP05_0010PM,DP05_0010V,DP05_0011E,DP05_0011M,DP05_0011PE,DP05_0011PM,DP05_0011V,DP05_0012E,DP05_0012M,DP05_0012PE,DP05_0012PM,DP05_0012V,DP05_0013E,DP05_0013M,DP05_0013PE,DP05_0013PM,DP05_0013V,DP05_0014E,DP05_0014M,DP05_0014PE,DP05_0014PM,DP05_0014V,DP05_0015E,DP05_0015M,DP05_0015PE,DP05_0015PM,DP05_0015V,DP05_0016E,DP05_0016M,DP05_0016PE,DP05_0016PM,DP05_0016V,DP05_0018E,DP05_0018M,DP05_0018PE,DP05_0018PM,DP05_0018V,DP05_0021E,DP05_0021M,DP05_0021PE,DP05_0021PM,DP05_0021V,DP05_0032E,DP05_0032M,DP05_0032PE,DP05_0032PM,DP05_0032V,DP05_0033E,DP05_0033M,DP05_0033PE,DP05_0033PM,DP05_0033V,DP05_0034E,DP05_0034M,DP05_0034PE,DP05_0034PM,DP05_0034V,DP05_0039E,DP05_0039M,DP05_0039PE,DP05_0039PM,DP05_0039V,DP05_0047E,DP05_0047M,DP05_0047PE,DP05_0047PM,DP05_0047V,DP05_0052E,DP05_0052M,DP05_0052PE,DP05_0052PM,DP05_0052V,DP05_0053E,DP05_0053M,DP05_0053PE,DP05_0053PM,DP05_0053V,DP05_0066E,DP05_0066M,DP05_0066PE,DP05_0066PM,DP05_0066V,DP05_0071E,DP05_0071M,DP05_0071PE,DP05_0071PM,DP05_0071V,DP05_0072E,DP05_0072M,DP05_0072PE,DP05_0072PM,DP05_0072V,DP05_0073E,DP05_0073M,DP05_0073PE,DP05_0073PM,DP05_0073V,DP05_0074E,DP05_0074M,DP05_0074PE,DP05_0074PM,DP05_0074V,DP05_0075E,DP05_0075M,DP05_0075PE,DP05_0075PM,DP05_0075V,DP05_0076E,DP05_0076M,DP05_0076PE,DP05_0076PM,DP05_0076V,DP05_0077E,DP05_0077M,DP05_0077PE,DP05_0077PM,DP05_0077V,DP05_0078E,DP05_0078M,DP05_0078PE,DP05_0078PM,DP05_0078V
10001,10001,"10001, 10119, 10199",20303.0,,100,,,1782.0,256.0,8.78,1.26,8.73,4660.0,487.0,19.04,1.99,6.35,310.0,98.0,6.65,2.1,19.22,85.0,67.0,1.82,1.44,47.92,830.0,173.0,17.81,3.71,12.67,374.0,121.0,8.03,2.6,19.67,3060.0,234.0,65.66,5.03,4.65,19217.0,438.0,78.53,1.79,1.39,590.0,183.0,3.07,0.95,18.86,578.0,183.0,3.01,0.95,19.25,1948.0,279.0,10.14,1.45,8.71,14000.0,388.0,72.85,2.02,1.68,22349.0,702.0,91.32,2.87,1.91,573.0,161.0,2.56,0.72,17.08,24421.0,382.0,99.79,1.56,0.95,1863.0,303.0,7.63,1.24,9.89,2123.0,360.0,8.68,1.47,10.31,78.0,75.0,3.67,3.53,58.45,19372.0,634.0,79.16,2.59,1.99,834.0,196.0,4.31,1.01,14.29,2927.0,274.0,11.96,1.12,5.69,951.0,175.0,32.49,5.97,11.19,24352.0,798.0,99.51,3.26,1.99,19162.0,575.0,78.69,2.36,1.82,4370.0,541.0,17.94,2.22,7.53,818.0,273.0,3.36,1.12,20.29,24472.0,,100,,,16914.0,504.0,69.11,2.06,1.81,16265.0,514.0,66.46,2.1,1.92,654.0,149.0,2.67,0.61,13.85,7558.0,519.0,30.88,2.12,4.17,3088.0,304.0,40.86,4.02,5.98,4470.0,304.0,59.14,4.02,4.13,1606.0,225.0,21.25,2.98,8.52,3904.0,326.0,51.65,4.31,5.08,394.0,178.0,5.21,2.36,27.46,174.0,74.0,2.3,0.98,25.85,1074.0,204.0,14.21,2.7,11.55,405.0,165.0,5.36,2.18,24.77,23836.0,546.0,97.4,2.23,1.39,15477.0,577.0,64.93,2.42,2.27,2385.0,360.0,10.01,1.51,9.18,2110.0,317.0,8.85,1.33,9.13,22638.0,729.0,92.5,2.98,1.96,16444.0,432.0,72.64,1.91,1.6,15449.0,460.0,68.24,2.03,1.81,999.0,211.0,4.41,0.93,12.84,0.0,,0.0,,,6193.0,432.0,27.36,1.91,4.24,,,6.08,1.27,12.84,15263.0,458.0,62.37,1.87,1.82,529.0,131.0,3.47,0.86,15.05,162.0,67.0,1.06,0.44,25.14,6750.0,418.0,44.22,2.74,3.76,5568.0,411.0,36.48,2.69,4.49,979.0,180.0,6.41,1.18,11.18,15449.0,541.0,63.13,2.21,2.13,0.0,,0.0,,,245.0,90.0,1.59,0.58,22.33,348.0,102.0,2.25,0.66,17.82,226.0,80.0,1.46,0.52,21.52,1281.0,219.0,8.29,1.42,10.39,233.0,96.0,1.51,0.62,25.05,1069.0,192.0,6.92,1.24,10.92,3436.0,340.0,22.24,2.2,6.02,3986.0,317.0,25.8,2.05,4.83,2194.0,294.0,14.2,1.9,8.15,1624.0,213.0,10.51,1.38,7.97,517.0,139.0,3.35,0.9,16.34,291.0,83.0,1.88,0.54,17.34,1466.0,266.0,7.22,1.31,11.03,825.0,215.0,4.06,1.06,15.84,1270.0,280.0,6.26,1.38,13.4,921.0,219.0,4.54,1.08,14.46,1578.0,292.0,7.77,1.44,11.25,2264.0,311.0,11.15,1.53,8.35,1719.0,290.0,8.47,1.43,10.26,2877.0,349.0,14.17,1.72,7.37,2157.0,317.0,10.62,1.56,8.93,5226.0,422.0,25.74,2.08,4.91,17275.0,351.0,85.09,1.73,1.24,3107.0,337.0,15.3,1.66,6.59,1257.0,258.0,6.19,1.27,12.48,657.0,233.0,3.24,1.15,21.56,468.0,209.0,2.31,1.03,27.15,1211.0,274.0,5.96,1.35,13.75,22891.0,256.0,93.73,1.05,0.68,19669.0,523.0,80.54,2.14,1.62,5243.0,527.0,21.47,2.16,6.11,1530.0,256.0,6.27,1.05,10.17,12626.0,431.0,51.59,1.76,2.08,11846.0,431.0,48.41,1.76,2.21,636.0,147.0,2.6,0.6,14.05,576.0,171.0,2.35,0.7,18.05,542.0,159.0,2.21,0.65,17.83,1197.0,208.0,4.89,0.85,10.56,2309.0,323.0,9.44,1.32,8.5,6402.0,441.0,26.16,1.8,4.19,4266.0,411.0,17.43,1.68,5.86,2961.0,289.0,12.1,1.18,5.93,1545.0,232.0,6.31,0.95,9.13,1128.0,198.0,4.61,0.81,10.67,1664.0,245.0,6.8,1.0,8.95,1030.0,201.0,4.21,0.82,11.86,237.0,122.0,0.97,0.5,31.29,22349.0,330.0,91.32,1.35,0.9,2927.0,294.0,11.96,1.2,6.11,16381.0,624.0,66.94,2.55,2.32,1412.0,399.0,5.77,1.63,17.18,40.0,59.0,0.16,0.24,89.67,5420.0,509.0,22.15,2.08,5.71,0.0,,0.0,,,426.0,191.0,1.74,0.78,27.26,790.0,215.0,3.23,0.88,16.54,3097.0,387.0,12.66,1.58,7.6,21375.0,387.0,87.34,1.58,1.1,14038.0,590.0,57.36,2.41,2.55,1260.0,389.0,5.15,1.59,18.77,40.0,59.0,0.16,0.24,89.67,5403.0,509.0,22.08,2.08,5.73,0.0,,0.0,,,53.0,69.0,0.22,0.28,79.14,581.0,159.0,2.37,0.65,16.64
10002,10002,10002,36905.0,,100,,,7054.0,653.0,19.11,1.77,5.63,14392.0,1201.0,18.57,1.55,5.07,1167.0,302.0,8.11,2.1,15.73,694.0,227.0,4.82,1.58,19.88,4798.0,465.0,33.34,3.23,5.89,2685.0,393.0,18.66,2.73,8.9,5047.0,461.0,35.07,3.2,5.55,59999.0,1558.0,77.41,2.01,1.58,12325.0,966.0,20.54,1.61,4.76,6750.0,792.0,11.25,1.32,7.13,12013.0,990.0,20.02,1.65,5.01,20662.0,1110.0,34.44,1.85,3.27,66467.0,2286.0,85.76,2.95,2.09,969.0,213.0,1.46,0.32,13.36,77182.0,876.0,99.59,1.13,0.69,12386.0,1011.0,16.05,1.31,4.96,10988.0,1070.0,14.18,1.38,5.92,543.0,327.0,4.94,2.98,36.61,52203.0,1232.0,67.36,1.59,1.43,5235.0,663.0,10.03,1.27,7.7,14003.0,705.0,18.07,0.91,3.06,6606.0,552.0,47.17,3.94,5.08,76899.0,2271.0,99.22,2.93,1.8,70326.0,800.0,91.45,1.04,0.69,6150.0,777.0,8.0,1.01,7.68,402.0,138.0,0.52,0.18,20.87,77503.0,,100,,,45196.0,1349.0,58.31,1.74,1.81,40462.0,1364.0,52.21,1.76,2.05,4724.0,581.0,6.1,0.75,7.48,32307.0,1318.0,41.68,1.7,2.48,19597.0,995.0,60.66,3.08,3.09,12712.0,995.0,39.35,3.08,4.76,2396.0,439.0,7.42,1.36,11.14,24935.0,827.0,77.18,2.56,2.02,214.0,136.0,0.66,0.42,38.63,135.0,113.0,0.42,0.35,50.88,4457.0,762.0,13.8,2.36,10.39,164.0,103.0,0.51,0.32,38.18,74710.0,2449.0,96.4,3.16,1.99,27701.0,1405.0,37.08,1.88,3.08,27632.0,1427.0,36.99,1.91,3.14,15174.0,1225.0,20.31,1.64,4.91,67847.0,2162.0,87.54,2.79,1.94,38011.0,1167.0,56.02,1.72,1.87,34626.0,1133.0,51.04,1.67,1.99,3357.0,570.0,4.95,0.84,10.32,47.0,129.0,0.07,0.19,166.85,29836.0,1167.0,43.98,1.72,2.38,,,8.83,1.47,10.32,33898.0,1186.0,43.74,1.53,2.13,1947.0,434.0,5.74,1.28,13.55,1054.0,346.0,3.11,1.02,19.96,18440.0,864.0,54.4,2.55,2.85,8688.0,820.0,25.63,2.42,5.74,1614.0,481.0,4.76,1.42,18.12,34626.0,1178.0,44.68,1.52,2.07,26.0,114.0,0.08,0.33,266.54,861.0,315.0,2.49,0.91,22.24,1398.0,315.0,4.04,0.91,13.7,887.0,291.0,2.56,0.84,19.94,2812.0,447.0,8.12,1.29,9.66,1451.0,377.0,4.19,1.09,15.79,1509.0,294.0,4.36,0.85,11.84,3693.0,485.0,10.67,1.4,7.98,6734.0,789.0,19.45,2.28,7.12,7329.0,675.0,21.17,1.95,5.6,5843.0,706.0,16.87,2.04,7.35,1322.0,287.0,3.82,0.83,13.2,776.0,263.0,2.24,0.76,20.6,5695.0,679.0,15.43,1.84,7.25,4446.0,543.0,12.05,1.47,7.42,4997.0,561.0,13.54,1.52,6.82,3107.0,502.0,8.42,1.36,9.82,3878.0,546.0,10.51,1.48,8.56,4874.0,620.0,13.21,1.68,7.73,2824.0,417.0,7.65,1.13,8.98,3446.0,502.0,9.34,1.36,8.86,1323.0,277.0,3.58,0.75,12.73,2320.0,299.0,6.29,0.81,7.83,24755.0,786.0,67.08,2.13,1.93,11564.0,742.0,31.33,2.01,3.9,4552.0,502.0,12.33,1.36,6.7,5298.0,602.0,14.36,1.63,6.91,2262.0,483.0,6.13,1.31,12.98,11403.0,782.0,30.9,2.12,4.17,71040.0,880.0,92.04,1.14,0.75,34227.0,1590.0,44.35,2.06,2.82,41240.0,1575.0,53.43,2.04,2.32,6142.0,880.0,7.96,1.14,8.71,37379.0,1023.0,48.23,1.32,1.66,40124.0,1023.0,51.77,1.32,1.55,2794.0,550.0,3.61,0.71,11.97,3159.0,504.0,4.08,0.65,9.7,3073.0,450.0,3.96,0.58,8.9,3494.0,543.0,4.51,0.7,9.45,5023.0,574.0,6.48,0.74,6.95,14393.0,1101.0,18.57,1.42,4.65,10536.0,915.0,13.59,1.18,5.28,10821.0,1015.0,13.96,1.31,5.7,4342.0,628.0,5.6,0.81,8.79,5657.0,643.0,7.3,0.83,6.91,6841.0,667.0,8.83,0.86,5.93,4696.0,589.0,6.06,0.76,7.62,2700.0,442.0,3.48,0.57,9.95,66515.0,953.0,85.82,1.23,0.87,14244.0,891.0,18.38,1.15,3.8,24490.0,1411.0,31.6,1.82,3.5,6423.0,845.0,8.29,1.09,8.0,199.0,178.0,0.26,0.23,54.38,33281.0,1434.0,42.94,1.85,2.62,11.0,109.0,0.01,0.14,602.38,10275.0,1434.0,13.26,1.85,8.48,2819.0,597.0,3.64,0.77,12.87,20275.0,1349.0,26.16,1.74,4.04,57229.0,1349.0,73.84,1.74,1.43,16378.0,969.0,21.13,1.25,3.6,5472.0,783.0,7.06,1.01,8.7,166.0,171.0,0.21,0.22,62.62,33031.0,1426.0,42.62,1.84,2.62,11.0,109.0,0.01,0.14,602.38,568.0,403.0,0.73,0.52,43.13,1559.0,388.0,2.01,0.5,15.13
10003,10003,10003,33887.0,,100,,,3010.0,363.0,8.88,1.07,7.33,14805.0,768.0,26.4,1.37,3.15,554.0,179.0,3.74,1.21,19.64,191.0,92.0,1.29,0.62,29.28,1117.0,232.0,7.54,1.57,12.63,549.0,195.0,3.71,1.32,21.59,12394.0,345.0,83.71,2.33,1.69,40333.0,959.0,71.93,1.71,1.45,915.0,343.0,2.27,0.85,22.79,699.0,222.0,1.73,0.55,19.31,2429.0,472.0,6.02,1.17,11.81,32128.0,843.0,79.66,2.09,1.6,52293.0,1435.0,93.26,2.56,1.67,823.0,220.0,1.57,0.42,16.25,55899.0,157.0,99.69,0.28,0.17,3344.0,525.0,5.98,0.94,9.54,3706.0,437.0,6.61,0.78,7.17,50.0,86.0,1.35,2.31,104.56,46105.0,1144.0,82.23,2.04,1.51,1826.0,410.0,3.96,0.89,13.65,6097.0,477.0,10.87,0.85,4.76,1468.0,312.0,24.08,5.11,12.92,55415.0,1334.0,98.83,2.38,1.46,39069.0,997.0,70.5,1.8,1.55,14631.0,909.0,26.4,1.64,3.78,1724.0,460.0,3.11,0.83,16.22,56071.0,,100,,,45249.0,920.0,80.7,1.64,1.24,43815.0,970.0,78.14,1.73,1.35,1423.0,387.0,2.54,0.69,16.53,10822.0,948.0,19.3,1.69,5.33,3863.0,434.0,35.7,4.01,6.83,6959.0,434.0,64.3,4.01,3.79,3454.0,486.0,31.92,4.49,8.55,4869.0,473.0,44.99,4.37,5.91,208.0,141.0,1.92,1.3,41.21,301.0,171.0,2.78,1.58,34.54,1226.0,321.0,11.33,2.97,15.92,769.0,227.0,7.11,2.1,17.94,54330.0,1839.0,96.89,3.28,2.06,42267.0,967.0,77.8,1.78,1.39,2710.0,587.0,4.99,1.08,13.17,3441.0,636.0,6.33,1.17,11.24,52734.0,1486.0,94.05,2.65,1.71,35842.0,854.0,67.97,1.62,1.45,33848.0,833.0,64.19,1.58,1.5,1972.0,353.0,3.74,0.67,10.88,17.0,90.0,0.03,0.17,321.83,16892.0,854.0,32.03,1.62,3.07,,,5.5,0.98,10.88,33527.0,908.0,59.79,1.62,1.65,1393.0,282.0,4.15,0.84,12.31,527.0,208.0,1.57,0.62,23.99,17893.0,818.0,53.37,2.44,2.78,8578.0,731.0,25.59,2.18,5.18,2610.0,422.0,7.78,1.26,9.83,33857.0,897.0,60.38,1.6,1.61,30.0,102.0,0.09,0.3,206.69,409.0,210.0,1.21,0.62,31.21,886.0,257.0,2.62,0.76,17.63,746.0,210.0,2.2,0.62,17.11,2358.0,433.0,6.96,1.28,11.16,277.0,142.0,0.82,0.42,31.16,3341.0,471.0,9.87,1.39,8.57,6926.0,657.0,20.46,1.94,5.77,7995.0,691.0,23.61,2.04,5.25,6061.0,667.0,17.9,1.97,6.69,3292.0,528.0,9.72,1.56,9.75,1094.0,301.0,3.23,0.89,16.73,431.0,186.0,1.27,0.55,26.23,2188.0,447.0,6.46,1.32,12.42,672.0,251.0,1.98,0.74,22.71,2188.0,451.0,6.46,1.33,12.53,1775.0,434.0,5.24,1.28,14.86,2435.0,454.0,7.19,1.34,11.33,3894.0,529.0,11.49,1.56,8.26,3589.0,488.0,10.59,1.44,8.27,5053.0,600.0,14.91,1.77,7.22,3632.0,549.0,10.72,1.62,9.19,8457.0,640.0,24.96,1.89,4.6,28615.0,596.0,84.44,1.76,1.27,5846.0,573.0,17.25,1.69,5.96,2652.0,420.0,7.83,1.24,9.63,691.0,285.0,2.04,0.84,25.07,237.0,119.0,0.7,0.35,30.52,1031.0,352.0,3.04,1.04,20.75,52985.0,587.0,94.79,1.05,0.67,47531.0,900.0,85.03,1.61,1.15,9288.0,788.0,16.62,1.41,5.16,2914.0,587.0,5.21,1.05,12.25,27114.0,819.0,48.36,1.46,1.84,28957.0,819.0,51.64,1.46,1.72,1741.0,308.0,3.1,0.55,10.75,803.0,202.0,1.43,0.36,15.29,641.0,174.0,1.14,0.31,16.5,7054.0,527.0,12.58,0.94,4.54,5496.0,634.0,9.8,1.13,7.01,15235.0,914.0,27.17,1.63,3.65,8000.0,735.0,14.27,1.31,5.59,5245.0,611.0,9.35,1.09,7.08,2505.0,421.0,4.47,0.75,10.22,3258.0,488.0,5.81,0.87,9.11,3503.0,460.0,6.25,0.82,7.98,1694.0,325.0,3.02,0.58,11.66,925.0,308.0,1.65,0.55,20.24,52310.0,415.0,93.29,0.74,0.48,6126.0,510.0,10.93,0.91,5.06,43207.0,1004.0,77.06,1.79,1.41,2475.0,493.0,4.41,0.88,12.11,143.0,107.0,0.26,0.19,45.49,7454.0,746.0,13.29,1.33,6.08,10.0,90.0,0.02,0.16,547.11,1134.0,510.0,2.02,0.91,27.34,1642.0,381.0,2.93,0.68,14.11,4441.0,662.0,7.92,1.18,9.06,51630.0,662.0,92.08,1.18,0.78,40361.0,1004.0,71.98,1.79,1.51,2301.0,499.0,4.1,0.89,13.18,131.0,107.0,0.23,0.19,49.65,7420.0,746.0,13.23,1.33,6.11,10.0,90.0,0.02,0.16,547.11,109.0,118.0,0.19,0.21,65.81,1295.0,331.0,2.31,0.59,15.54
10004,10004,10004,2334.0,,100,,,437.0,58.0,18.72,2.5,8.07,546.0,74.0,16.6,2.25,8.24,37.0,18.0,6.77,3.22,29.57,39.0,21.0,7.14,3.87,32.73,151.0,30.0,27.64,5.5,12.08,53.0,24.0,9.7,4.31,27.53,266.0,37.0,48.69,6.84,8.46,2568.0,96.0,78.09,2.91,2.27,23.0,16.0,0.9,0.62,42.29,3.0,22.0,0.12,0.87,445.8,67.0,27.0,2.61,1.04,24.5,2255.0,67.0,87.79,2.6,1.81,2811.0,167.0,85.48,5.09,3.61,26.0,13.0,0.93,0.48,30.4,3285.0,16.0,99.89,0.48,0.3,47.0,17.0,1.43,0.51,21.99,474.0,64.0,14.41,1.94,8.21,4.0,8.0,0.84,1.79,121.58,2728.0,164.0,82.95,4.99,3.65,27.0,13.0,0.99,0.46,29.27,83.0,17.0,2.52,0.51,12.45,17.0,9.0,20.43,10.84,32.18,3236.0,250.0,98.4,7.59,4.7,2393.0,120.0,73.95,3.72,3.05,734.0,119.0,22.68,3.69,9.86,110.0,45.0,3.4,1.4,24.87,3289.0,,100,,,2362.0,94.0,71.82,2.87,2.42,2270.0,100.0,69.03,3.04,2.68,91.0,43.0,2.77,1.3,28.73,927.0,94.0,28.19,2.85,6.16,401.0,59.0,43.27,6.33,8.94,526.0,59.0,56.75,6.33,6.82,338.0,55.0,36.47,5.97,9.89,397.0,58.0,42.84,6.23,8.88,13.0,11.0,1.4,1.21,51.44,28.0,14.0,3.02,1.55,30.4,134.0,47.0,14.46,5.03,21.32,16.0,9.0,1.73,1.0,34.19,3063.0,159.0,93.14,4.82,3.16,2206.0,112.0,72.02,3.67,3.09,133.0,42.0,4.34,1.36,19.2,254.0,95.0,8.29,3.1,22.74,2834.0,169.0,86.18,5.13,3.63,2463.0,55.0,86.91,1.95,1.36,2386.0,57.0,84.19,2.01,1.45,75.0,24.0,2.65,0.84,19.45,3.0,8.0,0.11,0.29,162.11,370.0,55.0,13.06,1.95,9.04,,,3.05,0.97,19.45,2363.0,81.0,71.85,2.47,2.08,120.0,37.0,5.08,1.57,18.74,28.0,29.0,1.19,1.21,62.96,1340.0,95.0,56.72,4.01,4.31,657.0,78.0,27.81,3.31,7.22,158.0,46.0,6.69,1.94,17.7,2386.0,89.0,72.55,2.7,2.27,0.0,,0.0,,,17.0,11.0,0.71,0.45,39.33,55.0,26.0,2.31,1.1,28.74,37.0,18.0,1.55,0.77,29.57,161.0,48.0,6.75,2.01,18.12,31.0,18.0,1.3,0.77,35.3,149.0,34.0,6.25,1.44,13.87,720.0,88.0,30.18,3.67,7.43,702.0,77.0,29.43,3.23,6.67,288.0,51.0,12.07,2.15,10.76,116.0,37.0,4.86,1.53,19.39,49.0,24.0,2.05,1.01,29.77,63.0,31.0,2.64,1.3,29.91,92.0,31.0,3.94,1.31,20.48,30.0,20.0,1.29,0.87,40.53,36.0,20.0,1.54,0.86,33.77,34.0,22.0,1.46,0.93,39.33,89.0,39.0,3.81,1.68,26.64,222.0,51.0,9.51,2.17,13.97,174.0,49.0,7.46,2.11,17.12,547.0,71.0,23.44,3.06,7.89,279.0,60.0,11.95,2.55,13.07,830.0,87.0,35.56,3.72,6.37,2213.0,35.0,94.82,1.52,0.96,80.0,22.0,3.43,0.94,16.72,35.0,15.0,1.5,0.65,26.05,7.0,12.0,0.3,0.53,104.21,14.0,16.0,0.6,0.7,69.47,4.0,29.0,0.17,1.23,440.73,3140.0,38.0,95.59,1.17,0.74,3063.0,44.0,93.24,1.34,0.87,167.0,42.0,5.08,1.27,15.29,145.0,38.0,4.41,1.17,15.93,1641.0,82.0,49.9,2.49,3.04,1647.0,82.0,50.08,2.49,3.03,225.0,44.0,6.84,1.34,11.89,115.0,32.0,3.5,0.96,16.92,83.0,28.0,2.52,0.85,20.51,73.0,30.0,2.22,0.92,24.98,223.0,59.0,6.78,1.8,16.08,1174.0,109.0,35.7,3.3,5.64,701.0,76.0,21.32,2.3,6.59,369.0,65.0,11.22,1.99,10.71,148.0,49.0,4.5,1.49,20.13,94.0,31.0,2.86,0.95,20.05,61.0,13.0,1.85,0.4,12.96,22.0,13.0,0.67,0.41,35.92,0.0,,0.0,,,2814.0,55.0,85.57,1.68,1.19,83.0,17.0,2.52,0.53,12.45,2361.0,115.0,71.79,3.51,2.96,76.0,37.0,2.31,1.14,29.6,0.0,,0.0,,,603.0,92.0,18.34,2.79,9.27,4.0,10.0,0.12,0.3,151.98,109.0,66.0,3.31,2.02,36.81,137.0,52.0,4.17,1.59,23.07,377.0,107.0,11.46,3.26,17.25,2911.0,107.0,88.52,3.26,2.23,2126.0,122.0,64.65,3.7,3.49,69.0,36.0,2.1,1.09,31.72,0.0,,0.0,,,603.0,92.0,18.34,2.79,9.27,4.0,10.0,0.12,0.3,151.98,14.0,14.0,0.43,0.44,60.79,97.0,40.0,2.95,1.22,25.07
10005,10005,"10005, 10271",6146.0,,100,,,824.0,269.0,13.41,4.38,19.85,1891.0,405.0,21.2,4.54,13.02,129.0,72.0,6.82,3.83,33.93,151.0,115.0,7.99,6.06,46.3,289.0,175.0,15.29,9.23,36.81,117.0,97.0,6.19,5.13,50.4,1203.0,243.0,63.63,12.87,12.28,6715.0,370.0,75.29,4.15,3.35,198.0,222.0,2.95,3.31,68.16,56.0,81.0,0.83,1.2,87.93,228.0,148.0,3.4,2.21,39.46,5785.0,353.0,86.15,5.26,3.71,7998.0,1026.0,89.68,11.5,7.8,28.0,30.0,0.35,0.37,65.13,8917.0,6.0,99.98,0.07,0.04,114.0,74.0,1.28,0.83,39.46,920.0,359.0,10.32,4.02,23.72,1.0,27.0,0.11,2.9,1641.34,7805.0,1004.0,87.51,11.26,7.82,75.0,58.0,0.96,0.74,47.01,193.0,54.0,2.16,0.61,17.01,44.0,46.0,22.81,23.88,63.55,8803.0,1193.0,98.7,13.38,8.24,6295.0,554.0,71.51,6.29,5.35,2317.0,537.0,26.32,6.1,14.09,191.0,123.0,2.17,1.4,39.15,8919.0,,100,,,6455.0,412.0,72.38,4.62,3.88,6177.0,413.0,69.26,4.63,4.06,278.0,157.0,3.12,1.76,34.33,2464.0,409.0,27.63,4.59,10.09,916.0,282.0,37.18,11.44,18.71,1548.0,282.0,62.83,11.44,11.07,796.0,286.0,32.31,11.62,21.84,1253.0,277.0,50.85,11.25,13.44,28.0,41.0,1.14,1.67,89.01,65.0,71.0,2.64,2.88,66.4,228.0,143.0,9.25,5.8,38.13,92.0,87.0,3.73,3.53,57.49,8558.0,1142.0,95.95,12.8,8.11,6469.0,547.0,75.59,6.39,5.14,346.0,182.0,4.04,2.13,31.98,355.0,183.0,4.15,2.14,31.34,8003.0,1026.0,89.73,11.5,7.79,7034.0,230.0,87.89,2.87,1.99,6731.0,289.0,84.11,3.61,2.61,301.0,200.0,3.76,2.5,40.39,1.0,30.0,0.01,0.37,1823.71,969.0,230.0,12.11,2.87,14.43,,,4.28,2.84,40.39,6527.0,126.0,73.18,1.41,1.17,97.0,68.0,1.49,1.04,42.62,1.0,30.0,0.02,0.46,1823.71,4021.0,381.0,61.61,5.84,5.76,1960.0,387.0,30.03,5.93,12.0,365.0,230.0,5.59,3.53,38.31,6733.0,915.0,75.49,10.26,8.26,0.0,,0.0,,,83.0,81.0,1.23,1.2,59.33,162.0,94.0,2.41,1.4,35.27,136.0,106.0,2.02,1.58,47.38,206.0,107.0,3.06,1.59,31.58,73.0,75.0,1.08,1.11,62.46,578.0,206.0,8.59,3.06,21.67,1959.0,356.0,29.1,5.29,11.05,2100.0,319.0,31.19,4.74,9.23,954.0,244.0,14.17,3.62,15.55,279.0,162.0,4.14,2.41,35.3,161.0,112.0,2.39,1.67,42.29,37.0,33.0,0.55,0.49,54.22,460.0,218.0,7.48,3.54,28.81,106.0,80.0,1.72,1.3,45.88,217.0,171.0,3.53,2.79,47.9,52.0,58.0,0.85,0.94,67.8,230.0,167.0,3.74,2.71,44.14,618.0,252.0,10.06,4.1,24.79,752.0,292.0,12.24,4.75,23.6,1346.0,344.0,21.9,5.59,15.54,726.0,230.0,11.81,3.74,19.26,1639.0,372.0,26.67,6.06,13.8,5569.0,235.0,90.61,3.82,2.57,206.0,18.0,3.35,0.3,5.31,129.0,97.0,2.1,1.58,45.71,25.0,40.0,0.41,0.65,97.26,3.0,40.0,0.05,0.65,810.54,1.0,42.0,0.02,0.68,2553.19,8190.0,296.0,91.84,3.32,2.2,8025.0,297.0,89.99,3.33,2.25,441.0,132.0,4.95,1.48,18.2,727.0,296.0,8.15,3.32,24.75,4253.0,437.0,47.69,4.9,6.25,4666.0,437.0,52.32,4.9,5.69,361.0,141.0,4.05,1.58,23.74,324.0,214.0,3.63,2.4,40.15,125.0,115.0,1.4,1.29,55.93,252.0,181.0,2.83,2.03,43.66,1141.0,420.0,12.79,4.71,22.38,3766.0,610.0,42.23,6.84,9.85,1902.0,436.0,21.33,4.89,13.94,535.0,190.0,6.0,2.13,21.59,236.0,133.0,2.65,1.49,34.26,91.0,83.0,1.02,0.93,55.45,147.0,17.0,1.65,0.19,7.03,45.0,58.0,0.5,0.65,78.35,1.0,26.0,0.01,0.29,1580.55,7999.0,321.0,89.69,3.6,2.44,193.0,58.0,2.16,0.65,18.27,6422.0,495.0,72.01,5.55,4.69,201.0,140.0,2.25,1.57,42.34,1.0,26.0,0.01,0.29,1580.55,1885.0,478.0,21.14,5.36,15.42,2.0,25.0,0.02,0.28,759.88,244.0,199.0,2.74,2.23,49.58,166.0,116.0,1.86,1.3,42.48,650.0,289.0,7.29,3.24,27.03,8268.0,289.0,92.7,3.24,2.12,6038.0,528.0,67.7,5.92,5.32,199.0,140.0,2.23,1.57,42.77,1.0,26.0,0.01,0.29,1580.55,1885.0,478.0,21.14,5.36,15.42,2.0,25.0,0.02,0.28,759.88,52.0,74.0,0.58,0.83,86.51,92.0,67.0,1.03,0.75,44.27
10006,10006,10006,2704.0,,100,,,316.0,95.0,11.69,3.5,18.28,446.0,143.0,12.7,4.08,19.49,18.0,29.0,4.04,6.4,97.94,10.0,16.0,2.24,3.6,97.26,87.0,57.0,19.5,12.8,39.83,57.0,50.0,12.78,11.2,53.32,274.0,68.0,61.43,15.3,15.09,2676.0,129.0,76.19,3.67,2.93,13.0,21.0,0.49,0.8,98.2,0.0,,0.0,,,37.0,37.0,1.38,1.4,60.79,2481.0,94.0,92.7,3.5,2.3,3108.0,68.0,88.49,1.94,1.33,12.0,19.0,0.39,0.6,96.25,3512.0,0.0,99.99,0.0,0.0,11.0,18.0,0.31,0.5,99.47,404.0,94.0,11.5,2.69,14.14,0.0,,0.0,,,3098.0,78.0,88.21,2.22,1.53,9.0,15.0,0.29,0.5,101.32,14.0,22.0,0.4,0.62,95.53,0.0,,0.0,,,3481.0,519.0,99.11,14.77,9.06,2590.0,219.0,74.41,6.3,5.14,752.0,230.0,21.61,6.6,18.59,139.0,84.0,3.99,2.4,36.74,3512.0,,100,,,2543.0,176.0,72.41,5.0,4.21,2406.0,176.0,68.5,5.0,4.45,137.0,105.0,3.9,3.0,46.59,969.0,176.0,27.59,5.01,11.04,435.0,111.0,44.87,11.5,15.51,534.0,111.0,55.09,11.5,12.64,359.0,119.0,37.03,12.3,20.15,439.0,135.0,45.29,13.9,18.69,11.0,19.0,1.13,2.0,105.0,56.0,38.0,5.78,3.9,41.25,81.0,49.0,8.36,5.1,36.77,24.0,22.0,2.48,2.3,55.72,3263.0,23.0,92.91,0.65,0.43,2483.0,206.0,76.1,6.3,5.04,104.0,82.0,3.19,2.5,47.93,219.0,117.0,6.71,3.6,32.48,3126.0,72.0,89.0,2.04,1.4,2779.0,116.0,88.9,3.7,2.54,2698.0,122.0,86.31,3.9,2.75,84.0,53.0,2.69,1.7,38.36,0.0,,0.0,,,347.0,116.0,11.1,3.7,20.32,,,3.02,1.9,38.36,2694.0,123.0,76.7,3.49,2.78,35.0,35.0,1.3,1.3,60.79,57.0,94.0,2.12,3.5,100.25,1544.0,218.0,57.32,8.1,8.58,897.0,189.0,33.3,7.0,12.81,121.0,75.0,4.49,2.8,37.68,2694.0,123.0,76.7,3.49,2.78,0.0,,0.0,,,24.0,30.0,0.89,1.1,75.99,30.0,32.0,1.11,1.2,64.84,46.0,40.0,1.71,1.5,52.86,213.0,110.0,7.91,4.1,31.39,43.0,46.0,1.6,1.7,65.03,94.0,54.0,3.49,2.0,34.92,908.0,210.0,33.71,7.8,14.06,738.0,154.0,27.4,5.7,12.69,329.0,110.0,12.21,4.1,20.33,135.0,75.0,5.01,2.8,33.77,65.0,51.0,2.41,1.9,47.7,73.0,62.0,2.71,2.3,51.63,127.0,76.0,4.7,2.8,36.38,68.0,65.0,2.51,2.4,58.11,24.0,32.0,0.89,1.2,81.05,27.0,32.0,1.0,1.2,72.05,54.0,51.0,2.0,1.9,57.41,384.0,130.0,14.2,4.8,20.58,235.0,105.0,8.69,3.9,27.16,776.0,154.0,28.7,5.7,12.06,246.0,119.0,9.1,4.4,29.41,765.0,184.0,28.29,6.8,14.62,2607.0,70.0,96.41,2.6,1.63,19.0,30.0,0.7,1.1,95.98,19.0,30.0,0.7,1.1,95.98,0.0,,0.0,,,32.0,49.0,1.18,1.8,93.09,0.0,,0.0,,,3372.0,67.0,96.01,1.9,1.21,3333.0,74.0,94.9,2.1,1.35,46.0,35.0,1.31,1.0,46.25,140.0,67.0,3.99,1.9,29.09,1461.0,183.0,41.6,5.2,7.61,2051.0,183.0,58.4,5.2,5.42,249.0,77.0,7.09,2.2,18.8,35.0,35.0,1.0,1.0,60.79,63.0,39.0,1.79,1.1,37.63,56.0,53.0,1.59,1.5,57.53,432.0,172.0,12.3,4.9,24.2,1566.0,246.0,44.59,7.0,9.55,572.0,158.0,16.29,4.5,16.79,295.0,102.0,8.4,2.9,21.02,172.0,102.0,4.9,2.9,36.05,60.0,46.0,1.71,1.3,46.61,14.0,21.0,0.4,0.6,91.19,0.0,,0.0,,,0.0,,0.0,,,3108.0,91.0,88.49,2.6,1.78,14.0,21.0,0.4,0.6,91.19,2402.0,225.0,68.39,6.4,5.69,95.0,84.0,2.7,2.4,53.75,0.0,,0.0,,,741.0,193.0,21.1,5.5,15.83,0.0,,0.0,,,95.0,102.0,2.7,2.9,65.27,179.0,119.0,5.1,3.4,40.41,485.0,197.0,13.81,5.6,24.69,3027.0,197.0,86.19,5.6,3.96,2132.0,232.0,60.7,6.6,6.62,77.0,81.0,2.19,2.3,63.95,0.0,,0.0,,,741.0,193.0,21.1,5.5,15.83,0.0,,0.0,,,11.0,14.0,0.31,0.4,77.37,67.0,46.0,1.91,1.3,41.74
10007,10007,"10007, 10278, 10279",3796.0,,100,,,1118.0,164.0,29.45,4.31,8.92,1485.0,226.0,21.73,3.31,9.25,168.0,92.0,11.31,6.21,33.29,144.0,74.0,9.7,4.95,31.24,672.0,143.0,45.26,9.62,12.94,211.0,125.0,14.21,8.45,36.01,289.0,117.0,19.46,7.9,24.61,5019.0,493.0,73.44,7.21,5.97,143.0,69.0,2.85,1.37,29.33,94.0,60.0,1.87,1.19,38.8,228.0,98.0,4.54,1.95,26.13,4299.0,168.0,85.66,3.34,2.38,5273.0,511.0,77.16,7.48,5.89,123.0,62.0,2.33,1.18,30.64,6781.0,12.0,99.22,0.17,0.11,186.0,60.0,2.74,0.88,19.61,1561.0,174.0,22.84,2.54,6.78,18.0,25.0,1.15,1.6,84.43,4803.0,135.0,70.28,1.98,1.71,58.0,25.0,1.21,0.53,26.2,411.0,105.0,6.01,1.53,15.53,106.0,44.0,25.82,10.7,25.23,6753.0,663.0,98.81,9.7,5.97,5872.0,211.0,86.96,3.12,2.18,682.0,194.0,10.1,2.87,17.29,194.0,99.0,2.87,1.46,31.02,6834.0,,100,,,5167.0,284.0,75.6,4.15,3.34,5090.0,284.0,74.48,4.15,3.39,76.0,49.0,1.11,0.72,39.19,1667.0,275.0,24.39,4.03,10.03,711.0,168.0,42.64,10.06,14.36,956.0,168.0,57.33,10.06,10.68,680.0,146.0,40.78,8.77,13.05,771.0,163.0,46.24,9.8,12.85,26.0,30.0,1.56,1.77,70.14,13.0,19.0,0.78,1.16,88.85,156.0,76.0,9.36,4.58,29.62,21.0,18.0,1.26,1.08,52.11,6294.0,179.0,92.1,2.62,1.73,4912.0,256.0,78.05,4.07,3.17,361.0,139.0,5.74,2.21,23.41,244.0,135.0,3.88,2.15,33.63,5414.0,193.0,79.22,2.83,2.17,4067.0,229.0,75.12,4.23,3.42,3987.0,234.0,73.64,4.32,3.57,85.0,43.0,1.57,0.8,30.75,0.0,,0.0,,,1347.0,229.0,24.88,4.23,10.33,,,2.09,1.05,30.75,3942.0,236.0,57.68,3.45,3.64,293.0,104.0,7.43,2.64,21.58,36.0,34.0,0.91,0.86,57.41,1957.0,233.0,49.65,5.92,7.24,974.0,186.0,24.71,4.73,11.61,351.0,129.0,8.9,3.28,22.34,3988.0,237.0,58.35,3.47,3.61,0.0,,0.0,,,116.0,85.0,2.91,2.12,44.54,120.0,75.0,3.01,1.87,37.99,89.0,55.0,2.23,1.37,37.57,150.0,79.0,3.76,1.99,32.02,7.0,28.0,0.18,0.7,243.16,220.0,74.0,5.52,1.86,20.45,1462.0,212.0,36.66,5.31,8.82,920.0,183.0,23.07,4.58,12.09,590.0,127.0,14.79,3.18,13.09,223.0,126.0,5.59,3.16,34.35,58.0,40.0,1.45,1.0,41.92,31.0,31.0,0.78,0.77,60.79,110.0,60.0,2.9,1.57,33.16,82.0,56.0,2.16,1.47,41.52,24.0,36.0,0.63,0.95,91.19,77.0,49.0,2.03,1.29,38.68,155.0,76.0,4.08,1.99,29.81,168.0,70.0,4.43,1.85,25.33,222.0,126.0,5.85,3.31,34.5,340.0,96.0,8.96,2.53,17.16,375.0,140.0,9.88,3.68,22.7,2245.0,192.0,59.14,5.05,5.2,3476.0,103.0,91.57,2.71,1.8,424.0,112.0,11.17,2.96,16.06,227.0,96.0,5.98,2.53,25.71,39.0,33.0,1.03,0.86,51.44,10.0,36.0,0.26,0.94,218.84,89.0,50.0,2.34,1.33,34.15,6707.0,43.0,98.91,0.63,0.39,6353.0,136.0,93.69,2.0,1.3,607.0,165.0,8.95,2.43,16.52,74.0,43.0,1.09,0.63,35.32,3628.0,171.0,53.09,2.5,2.87,3206.0,171.0,46.91,2.5,3.24,540.0,169.0,7.9,2.48,19.03,581.0,163.0,8.5,2.38,17.05,238.0,83.0,3.48,1.21,21.2,262.0,139.0,3.83,2.04,32.25,194.0,105.0,2.84,1.53,32.9,1524.0,251.0,22.3,3.67,10.01,1362.0,223.0,19.93,3.26,9.95,997.0,187.0,14.59,2.73,11.4,291.0,90.0,4.26,1.31,18.8,432.0,169.0,6.32,2.47,23.78,231.0,83.0,3.38,1.22,21.84,151.0,76.0,2.21,1.11,30.6,29.0,25.0,0.42,0.36,52.41,5273.0,141.0,77.16,2.07,1.63,412.0,112.0,6.03,1.64,16.53,5236.0,207.0,76.61,3.03,2.4,143.0,72.0,2.09,1.05,30.61,0.0,,0.0,,,1117.0,154.0,16.34,2.25,8.38,0.0,,0.0,,,26.0,29.0,0.38,0.43,67.8,307.0,124.0,4.49,1.82,24.55,361.0,164.0,5.28,2.4,27.62,6473.0,164.0,94.71,2.4,1.54,4920.0,268.0,71.99,3.92,3.31,139.0,66.0,2.03,0.97,28.86,0.0,,0.0,,,1117.0,154.0,16.34,2.25,8.38,0.0,,0.0,,,0.0,,0.0,,,304.0,124.0,4.45,1.82,24.8
10009,10009,10009,33345.0,,100,,,4787.0,550.0,14.36,1.65,6.98,10639.0,1087.0,17.62,1.8,6.21,298.0,140.0,2.8,1.32,28.56,308.0,159.0,2.89,1.49,31.38,2946.0,450.0,27.69,4.23,9.29,1655.0,328.0,15.56,3.08,12.05,5431.0,514.0,51.05,4.83,5.75,47322.0,1196.0,78.36,1.98,1.54,3436.0,535.0,7.26,1.13,9.47,2550.0,459.0,5.39,0.97,10.94,6583.0,729.0,13.91,1.54,6.73,27681.0,956.0,58.5,2.02,2.1,53877.0,1564.0,89.21,2.59,1.76,861.0,318.0,1.6,0.59,22.45,60236.0,97.0,99.74,0.16,0.1,7020.0,705.0,11.65,1.17,6.11,6472.0,701.0,10.72,1.16,6.58,188.0,114.0,2.9,1.76,36.86,45370.0,833.0,75.13,1.38,1.12,3497.0,567.0,7.71,1.25,9.86,8374.0,586.0,13.87,0.97,4.25,3327.0,384.0,39.73,4.58,7.02,59804.0,1021.0,99.03,1.69,1.04,51103.0,1202.0,85.45,2.01,1.43,8023.0,1112.0,13.42,1.86,8.43,678.0,293.0,1.13,0.49,26.27,60392.0,,100,,,45983.0,1105.0,76.14,1.83,1.46,41118.0,1166.0,68.09,1.93,1.72,4859.0,695.0,8.05,1.15,8.7,14409.0,1135.0,23.86,1.88,4.79,7557.0,602.0,52.45,4.18,4.84,6851.0,602.0,47.55,4.18,5.34,3432.0,510.0,23.82,3.54,9.03,5808.0,647.0,40.31,4.49,6.77,478.0,232.0,3.32,1.61,29.5,467.0,218.0,3.24,1.51,28.38,3649.0,624.0,25.33,4.33,10.4,579.0,220.0,4.02,1.53,23.1,58803.0,1461.0,97.37,2.42,1.51,35615.0,1270.0,60.57,2.16,2.17,8975.0,770.0,15.26,1.31,5.22,12372.0,941.0,21.04,1.6,4.62,54732.0,1625.0,90.63,2.69,1.8,36416.0,1002.0,66.54,1.83,1.67,34392.0,1018.0,62.84,1.86,1.8,1975.0,389.0,3.61,0.71,11.97,40.0,109.0,0.07,0.2,165.65,18322.0,1002.0,33.48,1.83,3.32,,,5.42,1.06,11.97,33766.0,1069.0,55.91,1.77,1.92,1660.0,473.0,4.92,1.4,17.32,560.0,338.0,1.66,1.0,36.69,19900.0,1111.0,58.93,3.29,3.39,7121.0,854.0,21.09,2.53,7.29,1770.0,446.0,5.24,1.32,15.32,34396.0,1039.0,56.95,1.72,1.84,0.0,,0.0,,,530.0,210.0,1.54,0.61,24.09,1213.0,389.0,3.53,1.13,19.49,677.0,258.0,1.97,0.75,23.17,2548.0,492.0,7.41,1.43,11.74,909.0,289.0,2.64,0.84,19.33,2578.0,516.0,7.49,1.5,12.17,3609.0,664.0,10.49,1.93,11.18,8407.0,905.0,24.44,2.63,6.54,7002.0,767.0,20.36,2.23,6.66,4306.0,777.0,12.52,2.26,10.97,1383.0,344.0,4.02,1.0,15.12,1233.0,330.0,3.58,0.96,16.27,4186.0,544.0,12.55,1.63,7.9,2562.0,420.0,7.68,1.26,9.97,2935.0,480.0,8.8,1.44,9.94,2155.0,383.0,6.46,1.15,10.8,2712.0,463.0,8.13,1.39,10.38,3951.0,610.0,11.85,1.83,9.39,3819.0,587.0,11.45,1.76,9.34,5307.0,724.0,15.92,2.17,8.29,2521.0,450.0,7.56,1.35,10.85,3193.0,550.0,9.58,1.65,10.47,25351.0,694.0,76.03,2.08,1.66,7315.0,594.0,21.94,1.78,4.94,3637.0,490.0,10.91,1.47,8.19,2383.0,337.0,7.15,1.01,8.6,1319.0,280.0,3.96,0.84,12.9,5170.0,447.0,15.5,1.34,5.26,55135.0,717.0,91.53,1.19,0.79,39105.0,1132.0,64.92,1.88,1.76,19977.0,994.0,33.16,1.65,3.02,5101.0,717.0,8.47,1.19,8.54,26921.0,1190.0,44.58,1.97,2.69,33470.0,1190.0,55.42,1.97,2.16,1588.0,368.0,2.63,0.61,14.09,1829.0,441.0,3.03,0.73,14.66,1728.0,356.0,2.86,0.59,12.52,2036.0,368.0,3.37,0.61,10.99,5888.0,906.0,9.75,1.5,9.35,16057.0,1135.0,26.59,1.88,4.3,7921.0,918.0,13.12,1.52,7.05,7501.0,767.0,12.42,1.27,6.22,3881.0,580.0,6.43,0.96,9.08,3498.0,537.0,5.79,0.89,9.33,4933.0,598.0,8.17,0.99,7.37,2426.0,465.0,4.02,0.77,11.65,1107.0,296.0,1.83,0.49,16.25,53920.0,652.0,89.28,1.08,0.74,8460.0,658.0,14.01,1.09,4.73,36312.0,1196.0,60.13,1.98,2.0,5121.0,664.0,8.48,1.1,7.88,84.0,103.0,0.14,0.17,74.54,8156.0,936.0,13.51,1.55,6.98,69.0,115.0,0.11,0.19,101.32,8624.0,1039.0,14.28,1.72,7.32,2028.0,483.0,3.36,0.8,14.48,15674.0,1111.0,25.95,1.84,4.31,44718.0,1111.0,74.05,1.84,1.51,30101.0,1099.0,49.84,1.82,2.22,4608.0,658.0,7.63,1.09,8.68,47.0,115.0,0.08,0.19,148.74,8035.0,924.0,13.3,1.53,6.99,69.0,115.0,0.11,0.19,101.32,536.0,531.0,0.89,0.88,60.22,1320.0,411.0,2.19,0.68,18.93
10010,10010,10010,19531.0,,100,,,2074.0,330.0,10.62,1.69,9.67,6524.0,738.0,20.07,2.27,6.88,516.0,211.0,7.91,3.23,24.86,89.0,88.0,1.36,1.35,60.11,1186.0,278.0,18.18,4.26,14.25,301.0,131.0,4.61,2.01,26.46,4430.0,350.0,67.9,5.36,4.8,24849.0,1105.0,76.43,3.4,2.7,651.0,206.0,2.62,0.83,19.24,732.0,221.0,2.95,0.89,18.35,1522.0,301.0,6.12,1.21,12.02,18919.0,534.0,76.14,2.15,1.72,29397.0,1099.0,90.42,3.38,2.27,665.0,191.0,2.26,0.65,17.46,32239.0,172.0,99.17,0.53,0.32,2588.0,480.0,8.03,1.49,11.27,3039.0,598.0,9.35,1.84,11.96,17.0,65.0,0.56,2.13,232.43,25050.0,907.0,77.05,2.79,2.2,1072.0,271.0,4.28,1.08,15.37,4153.0,400.0,12.77,1.23,5.86,1497.0,296.0,36.05,7.12,12.02,32164.0,1492.0,98.94,4.59,2.82,23243.0,1042.0,72.26,3.24,2.73,8123.0,1026.0,25.25,3.19,7.68,803.0,261.0,2.5,0.81,19.76,32510.0,,100,,,25724.0,722.0,79.13,2.22,1.71,24809.0,718.0,76.31,2.21,1.76,916.0,380.0,2.82,1.17,25.22,6786.0,663.0,20.87,2.04,5.94,3235.0,325.0,47.67,4.79,6.11,3552.0,325.0,52.34,4.79,5.56,2137.0,357.0,31.49,5.26,10.16,3363.0,400.0,49.56,5.9,7.23,240.0,136.0,3.54,2.01,34.45,101.0,86.0,1.49,1.27,51.76,664.0,190.0,9.78,2.8,17.39,280.0,128.0,4.13,1.88,27.79,31089.0,1310.0,95.63,4.03,2.56,23121.0,768.0,74.37,2.47,2.02,2146.0,438.0,6.9,1.41,12.41,2436.0,612.0,7.84,1.97,15.27,29686.0,1099.0,91.31,3.38,2.25,20626.0,603.0,69.48,2.03,1.78,19653.0,612.0,66.2,2.06,1.89,909.0,223.0,3.06,0.75,14.91,61.0,80.0,0.21,0.27,79.72,9060.0,603.0,30.52,2.03,4.05,,,4.41,1.07,14.91,19399.0,540.0,59.67,1.66,1.69,707.0,210.0,3.64,1.08,18.06,218.0,113.0,1.12,0.58,31.51,10316.0,675.0,53.18,3.48,3.98,5503.0,586.0,28.37,3.02,6.47,1312.0,307.0,6.76,1.58,14.22,19654.0,536.0,60.46,1.65,1.66,0.0,,0.0,,,190.0,114.0,0.97,0.58,36.47,440.0,161.0,2.24,0.82,22.24,345.0,149.0,1.76,0.76,26.25,812.0,271.0,4.13,1.38,20.29,351.0,155.0,1.79,0.79,26.84,1818.0,428.0,9.25,2.18,14.31,4255.0,495.0,21.65,2.52,7.07,4579.0,540.0,23.3,2.75,7.17,4298.0,446.0,21.87,2.27,6.31,1228.0,279.0,6.25,1.42,13.81,740.0,248.0,3.77,1.26,20.37,607.0,189.0,3.09,0.96,18.93,1241.0,277.0,6.35,1.42,13.57,769.0,271.0,3.94,1.39,21.42,1026.0,275.0,5.25,1.41,16.29,686.0,236.0,3.51,1.21,20.91,951.0,270.0,4.87,1.38,17.26,2283.0,402.0,11.69,2.06,10.7,2008.0,418.0,10.28,2.14,12.65,3409.0,498.0,17.45,2.55,8.88,1739.0,328.0,8.9,1.68,11.47,5409.0,500.0,27.69,2.56,5.62,16248.0,367.0,83.19,1.88,1.37,3451.0,377.0,17.67,1.93,6.64,2137.0,311.0,10.94,1.59,8.85,732.0,273.0,3.75,1.4,22.67,340.0,158.0,1.74,0.81,28.25,1185.0,275.0,6.07,1.41,14.11,30787.0,374.0,95.49,1.16,0.74,27167.0,613.0,84.27,1.9,1.37,5730.0,567.0,17.77,1.76,6.02,1453.0,374.0,4.51,1.16,15.65,15873.0,705.0,48.82,2.17,2.7,16637.0,705.0,51.17,2.17,2.58,1421.0,358.0,4.37,1.1,15.32,573.0,185.0,1.76,0.57,19.63,781.0,345.0,2.4,1.06,26.85,1514.0,250.0,4.66,0.77,10.04,3364.0,566.0,10.35,1.74,10.23,8955.0,800.0,27.55,2.46,5.43,4353.0,510.0,13.39,1.57,7.12,4045.0,566.0,12.44,1.74,8.51,1883.0,377.0,5.79,1.16,12.17,1398.0,286.0,4.3,0.88,12.44,2380.0,397.0,7.32,1.22,10.14,1194.0,260.0,3.67,0.8,13.24,651.0,192.0,2.0,0.59,17.93,29452.0,546.0,90.59,1.68,1.13,4222.0,468.0,12.99,1.44,6.74,24061.0,777.0,74.01,2.39,1.96,1866.0,358.0,5.74,1.1,11.66,198.0,202.0,0.61,0.62,62.02,4985.0,640.0,15.33,1.97,7.8,0.0,,0.0,,,505.0,205.0,1.55,0.63,24.68,884.0,250.0,2.72,0.77,17.19,3741.0,735.0,11.51,2.26,11.94,28769.0,735.0,88.49,2.26,1.55,21009.0,852.0,64.62,2.62,2.47,1748.0,348.0,5.38,1.07,12.1,136.0,182.0,0.42,0.56,81.35,4925.0,637.0,15.15,1.96,7.86,0.0,,0.0,,,184.0,140.0,0.57,0.43,46.25,770.0,234.0,2.37,0.72,18.47
10011,10011,10011,35601.0,,100,,,4101.0,545.0,11.52,1.53,8.08,8027.0,1101.0,15.38,2.11,8.34,587.0,218.0,7.31,2.71,22.58,402.0,148.0,5.01,1.84,22.38,2371.0,442.0,29.54,5.51,11.33,877.0,271.0,10.93,3.38,18.78,3786.0,589.0,47.17,7.34,9.46,42668.0,1931.0,81.74,3.7,2.75,1071.0,311.0,2.51,0.73,17.65,1133.0,384.0,2.66,0.9,20.6,3123.0,482.0,7.32,1.13,9.38,32868.0,841.0,77.03,1.97,1.56,46603.0,2208.0,89.28,4.23,2.88,903.0,200.0,1.94,0.43,13.46,51985.0,778.0,99.59,1.49,0.91,3761.0,556.0,7.23,1.07,8.99,5583.0,971.0,10.7,1.86,10.57,100.0,81.0,1.79,1.45,49.24,39401.0,1446.0,75.48,2.77,2.23,1992.0,398.0,5.06,1.01,12.15,7007.0,600.0,13.42,1.15,5.21,1684.0,306.0,24.03,4.36,11.05,51621.0,1978.0,98.89,3.79,2.33,42173.0,1280.0,81.7,2.48,1.85,8391.0,1249.0,16.26,2.42,9.05,1058.0,444.0,2.05,0.86,25.51,52199.0,,100,,,40502.0,1018.0,77.59,1.95,1.53,39334.0,992.0,75.35,1.9,1.53,1156.0,266.0,2.21,0.51,13.99,11696.0,1049.0,22.41,2.01,5.45,5783.0,492.0,49.44,4.21,5.17,5913.0,492.0,50.55,4.21,5.06,4305.0,574.0,36.81,4.91,8.11,3624.0,554.0,30.98,4.74,9.29,371.0,230.0,3.17,1.97,37.69,293.0,118.0,2.51,1.01,24.48,2393.0,481.0,20.46,4.11,12.22,707.0,273.0,6.04,2.33,23.47,50421.0,1989.0,96.59,3.81,2.4,36991.0,1321.0,73.36,2.62,2.17,3761.0,782.0,7.46,1.55,12.64,5053.0,776.0,10.02,1.54,9.34,46963.0,2229.0,89.97,4.27,2.89,36093.0,812.0,76.85,1.73,1.37,34486.0,831.0,73.43,1.77,1.46,1614.0,338.0,3.44,0.72,12.73,0.0,,0.0,,,10870.0,812.0,23.15,1.73,4.54,,,4.47,0.93,12.73,33963.0,1274.0,65.06,2.44,2.28,1614.0,306.0,4.75,0.9,11.53,298.0,115.0,0.88,0.34,23.46,18314.0,808.0,53.92,2.38,2.68,8694.0,737.0,25.6,2.17,5.15,2518.0,431.0,7.41,1.27,10.41,34483.0,1274.0,66.06,2.44,2.25,15.0,79.0,0.04,0.23,320.16,375.0,169.0,1.09,0.49,27.4,853.0,238.0,2.47,0.69,16.96,866.0,234.0,2.51,0.68,16.43,2670.0,448.0,7.74,1.3,10.2,580.0,238.0,1.68,0.69,24.94,3528.0,593.0,10.23,1.72,10.22,6768.0,710.0,19.63,2.06,6.38,8072.0,731.0,23.41,2.12,5.51,5350.0,610.0,15.51,1.77,6.93,3233.0,469.0,9.38,1.36,8.82,1169.0,362.0,3.39,1.05,18.82,1018.0,303.0,2.95,0.88,18.09,2259.0,438.0,6.35,1.23,11.79,1044.0,253.0,2.93,0.71,14.73,1888.0,388.0,5.3,1.09,12.49,1608.0,367.0,4.52,1.03,13.87,2731.0,438.0,7.67,1.23,9.75,3398.0,498.0,9.54,1.4,8.91,2818.0,481.0,7.92,1.35,10.38,6173.0,659.0,17.34,1.85,6.49,3558.0,484.0,9.99,1.36,8.27,10128.0,755.0,28.45,2.12,4.53,30003.0,566.0,84.28,1.59,1.15,6552.0,523.0,18.4,1.47,4.85,3267.0,427.0,9.18,1.2,7.95,911.0,274.0,2.56,0.77,18.28,519.0,196.0,1.46,0.55,22.96,2261.0,449.0,6.35,1.26,12.07,49648.0,457.0,95.5,0.88,0.56,42830.0,1159.0,82.39,2.23,1.65,11223.0,1107.0,21.59,2.13,6.0,2337.0,457.0,4.5,0.88,11.89,26563.0,851.0,50.89,1.63,1.95,25636.0,851.0,49.11,1.63,2.02,1778.0,334.0,3.41,0.64,11.42,1820.0,459.0,3.49,0.88,15.33,1380.0,397.0,2.64,0.76,17.49,1148.0,271.0,2.2,0.52,14.35,3408.0,679.0,6.53,1.3,12.11,13693.0,997.0,26.23,1.91,4.43,8835.0,752.0,16.93,1.44,5.17,6174.0,647.0,11.83,1.24,6.37,3422.0,491.0,6.56,0.94,8.72,3456.0,506.0,6.62,0.97,8.9,4252.0,438.0,8.15,0.84,6.26,2046.0,402.0,3.92,0.77,11.94,796.0,209.0,1.52,0.4,15.96,46603.0,866.0,89.28,1.66,1.13,7097.0,606.0,13.6,1.16,5.19,40464.0,1258.0,77.52,2.41,1.89,3107.0,1002.0,5.95,1.92,19.6,104.0,125.0,0.2,0.24,73.07,5300.0,726.0,10.15,1.39,8.33,3.0,78.0,0.01,0.15,1580.55,1727.0,626.0,3.31,1.2,22.04,1489.0,355.0,2.85,0.68,14.49,6280.0,741.0,12.03,1.42,7.17,45919.0,741.0,87.97,1.42,0.98,36476.0,1169.0,69.88,2.24,1.95,2707.0,976.0,5.19,1.87,21.92,56.0,115.0,0.11,0.22,124.84,5272.0,726.0,10.1,1.39,8.37,3.0,78.0,0.01,0.15,1580.55,311.0,214.0,0.6,0.41,41.83,1112.0,292.0,2.13,0.56,15.96
10012,10012,10012,15653.0,,100,,,1819.0,250.0,11.62,1.6,8.35,5160.0,610.0,21.22,2.51,7.19,220.0,102.0,4.26,1.98,28.18,110.0,74.0,2.13,1.43,40.9,958.0,215.0,18.57,4.16,13.64,416.0,135.0,8.06,2.62,19.73,3456.0,270.0,66.98,5.23,4.75,19041.0,914.0,78.3,3.76,2.92,785.0,173.0,4.12,0.91,13.4,320.0,116.0,1.68,0.61,22.04,1509.0,343.0,7.93,1.8,13.82,14957.0,480.0,78.55,2.52,1.95,22068.0,939.0,90.74,3.86,2.59,366.0,157.0,1.66,0.71,26.08,24317.0,2.0,99.99,0.01,0.0,1415.0,270.0,5.82,1.11,11.6,2251.0,401.0,9.26,1.65,10.83,4.0,63.0,0.18,2.78,957.45,19004.0,725.0,78.15,2.98,2.32,552.0,200.0,2.9,1.05,22.03,3061.0,280.0,12.59,1.15,5.56,860.0,175.0,28.1,5.71,12.37,24092.0,192.0,99.07,0.79,0.48,19207.0,658.0,79.72,2.73,2.08,4330.0,595.0,17.97,2.47,8.35,554.0,224.0,2.3,0.93,24.58,24319.0,,100,,,17220.0,579.0,70.81,2.38,2.04,16770.0,584.0,68.96,2.4,2.12,448.0,158.0,1.84,0.65,21.44,7099.0,601.0,29.19,2.47,5.15,2928.0,373.0,41.25,5.26,7.74,4170.0,373.0,58.74,5.26,5.44,2603.0,312.0,36.67,4.4,7.29,3057.0,331.0,43.07,4.66,6.58,157.0,80.0,2.21,1.12,30.98,230.0,105.0,3.24,1.48,27.75,710.0,185.0,10.0,2.6,15.84,348.0,138.0,4.9,1.95,24.11,23533.0,978.0,96.77,4.02,2.53,16323.0,657.0,69.36,2.79,2.45,2092.0,362.0,8.89,1.54,10.52,1104.0,266.0,4.69,1.13,14.65,22262.0,953.0,91.54,3.92,2.6,15603.0,570.0,70.09,2.56,2.22,15045.0,574.0,67.58,2.58,2.32,563.0,163.0,2.53,0.73,17.6,0.0,,0.0,,,6658.0,570.0,29.91,2.56,5.2,,,3.61,1.04,17.6,14856.0,474.0,61.09,1.95,1.94,630.0,192.0,4.24,1.29,18.53,238.0,160.0,1.6,1.08,40.87,7542.0,450.0,50.77,3.03,3.63,4609.0,428.0,31.02,2.88,5.65,931.0,226.0,6.27,1.52,14.76,15042.0,664.0,61.85,2.73,2.68,34.0,75.0,0.23,0.5,134.1,241.0,137.0,1.6,0.91,34.56,453.0,158.0,3.01,1.05,21.2,328.0,126.0,2.18,0.84,23.35,1101.0,251.0,7.32,1.67,13.86,215.0,95.0,1.43,0.63,26.86,807.0,209.0,5.36,1.39,15.74,2994.0,460.0,19.9,3.06,9.34,3350.0,396.0,22.27,2.63,7.19,3655.0,393.0,24.3,2.61,6.54,1318.0,259.0,8.76,1.72,11.95,395.0,146.0,2.63,0.97,22.47,147.0,96.0,0.98,0.64,39.7,1172.0,257.0,7.49,1.64,13.33,228.0,91.0,1.46,0.58,24.26,723.0,189.0,4.62,1.21,15.89,776.0,233.0,4.96,1.49,18.25,1157.0,319.0,7.39,2.04,16.76,2024.0,347.0,12.93,2.22,10.42,1338.0,261.0,8.55,1.67,11.86,2705.0,405.0,17.28,2.59,9.1,1987.0,376.0,12.69,2.4,11.5,3537.0,391.0,22.6,2.5,6.72,13533.0,321.0,86.46,2.05,1.44,2828.0,322.0,18.07,2.06,6.92,1336.0,274.0,8.54,1.75,12.47,316.0,117.0,2.02,0.75,22.51,117.0,83.0,0.75,0.53,43.12,796.0,177.0,5.09,1.13,13.52,22895.0,275.0,94.15,1.13,0.73,20271.0,450.0,83.36,1.85,1.35,4196.0,452.0,17.26,1.86,6.55,1422.0,275.0,5.85,1.13,11.76,12337.0,540.0,50.73,2.22,2.66,11982.0,540.0,49.27,2.22,2.74,786.0,190.0,3.23,0.78,14.69,576.0,178.0,2.37,0.73,18.79,585.0,214.0,2.41,0.88,22.24,1016.0,345.0,4.18,1.42,20.64,2318.0,377.0,9.53,1.55,9.89,7156.0,647.0,29.43,2.66,5.5,3630.0,440.0,14.93,1.81,7.37,2837.0,409.0,11.67,1.68,8.76,947.0,226.0,3.89,0.93,14.51,1404.0,250.0,5.77,1.03,10.82,1922.0,287.0,7.9,1.18,9.08,810.0,180.0,3.33,0.74,13.51,338.0,141.0,1.39,0.58,25.36,22068.0,370.0,90.74,1.52,1.02,3062.0,328.0,12.59,1.35,6.51,18112.0,593.0,74.48,2.44,1.99,626.0,207.0,2.57,0.85,20.1,39.0,66.0,0.16,0.27,102.88,4174.0,506.0,17.16,2.08,7.37,11.0,63.0,0.05,0.26,348.16,351.0,136.0,1.44,0.56,23.55,1004.0,340.0,4.13,1.4,20.59,1431.0,280.0,5.88,1.15,11.89,22888.0,280.0,94.12,1.15,0.74,17044.0,632.0,70.09,2.6,2.25,552.0,190.0,2.27,0.78,20.92,22.0,68.0,0.09,0.28,187.9,4165.0,506.0,17.13,2.08,7.39,11.0,63.0,0.05,0.26,348.16,102.0,92.0,0.42,0.38,54.83,989.0,338.0,4.07,1.39,20.78
10013,10013,10013,15304.0,,100,,,3241.0,306.0,21.18,2.0,5.74,6235.0,509.0,22.04,1.8,4.96,552.0,158.0,8.85,2.54,17.4,209.0,87.0,3.35,1.39,25.31,1766.0,241.0,28.32,3.86,8.3,839.0,243.0,13.46,3.89,17.61,2870.0,253.0,46.03,4.06,5.36,21302.0,919.0,75.3,3.25,2.62,2118.0,341.0,9.94,1.6,9.79,1218.0,226.0,5.72,1.06,11.28,2125.0,392.0,9.98,1.84,11.21,13521.0,511.0,63.47,2.4,2.3,24223.0,880.0,85.62,3.11,2.21,379.0,126.0,1.56,0.52,20.21,26991.0,280.0,95.41,0.99,0.63,2022.0,335.0,7.49,1.24,10.07,4067.0,379.0,14.38,1.34,5.66,42.0,58.0,1.03,1.42,83.95,19049.0,645.0,67.33,2.28,2.06,483.0,189.0,2.54,0.99,23.79,3885.0,308.0,13.73,1.09,4.82,1490.0,231.0,38.35,5.95,9.42,27932.0,1013.0,98.73,3.58,2.2,22951.0,606.0,82.17,2.17,1.61,4257.0,561.0,15.24,2.01,8.01,725.0,271.0,2.6,0.97,22.72,28290.0,,100,,,19347.0,614.0,68.39,2.17,1.93,18726.0,625.0,66.19,2.21,2.03,612.0,175.0,2.16,0.62,17.38,8943.0,611.0,31.61,2.16,4.15,4718.0,448.0,52.76,5.01,5.77,4225.0,448.0,47.24,5.01,6.45,1530.0,224.0,17.11,2.5,8.9,5875.0,289.0,65.69,3.23,2.99,194.0,93.0,2.17,1.04,29.14,287.0,118.0,3.21,1.32,24.99,843.0,226.0,9.43,2.53,16.3,214.0,95.0,2.39,1.06,26.99,26863.0,1095.0,94.96,3.87,2.48,16798.0,642.0,62.53,2.39,2.32,5036.0,521.0,18.75,1.94,6.29,1640.0,355.0,6.11,1.32,13.16,24579.0,880.0,86.88,3.11,2.18,15992.0,583.0,65.06,2.37,2.22,15263.0,585.0,62.1,2.38,2.33,730.0,189.0,2.97,0.77,15.74,0.0,,0.0,,,8588.0,583.0,34.94,2.37,4.13,,,4.56,1.17,15.74,14990.0,651.0,52.99,2.3,2.64,657.0,177.0,4.38,1.18,16.38,192.0,106.0,1.28,0.71,33.56,7570.0,496.0,50.5,3.31,3.98,4308.0,450.0,28.74,3.0,6.35,1184.0,238.0,7.9,1.59,12.22,15252.0,645.0,53.91,2.28,2.57,21.0,58.0,0.14,0.38,167.9,115.0,99.0,0.75,0.65,52.33,508.0,185.0,3.33,1.21,22.14,497.0,178.0,3.26,1.17,21.77,1384.0,378.0,9.07,2.48,16.6,340.0,140.0,2.23,0.92,25.03,1206.0,238.0,7.91,1.56,12.0,3519.0,429.0,23.07,2.81,7.41,3778.0,400.0,24.77,2.62,6.44,2063.0,294.0,13.53,1.93,8.66,1255.0,261.0,8.23,1.71,12.64,450.0,148.0,2.95,0.97,19.99,116.0,63.0,0.76,0.41,33.02,1019.0,242.0,6.66,1.58,14.44,660.0,167.0,4.31,1.09,15.38,1441.0,259.0,9.42,1.69,10.93,739.0,240.0,4.83,1.57,19.74,917.0,228.0,5.99,1.49,15.11,1269.0,263.0,8.29,1.72,12.6,1197.0,240.0,7.82,1.57,12.19,1956.0,321.0,12.78,2.1,9.98,1010.0,228.0,6.6,1.49,13.72,5093.0,373.0,33.28,2.44,4.45,12821.0,308.0,83.78,2.01,1.46,3384.0,320.0,22.11,2.09,5.75,1106.0,220.0,7.23,1.44,12.09,861.0,210.0,5.63,1.37,14.83,249.0,129.0,1.63,0.84,31.49,1863.0,269.0,12.17,1.76,8.78,25404.0,413.0,94.12,1.53,0.99,20496.0,634.0,75.94,2.35,1.88,6451.0,543.0,23.9,2.01,5.12,1588.0,413.0,5.88,1.53,15.81,14383.0,512.0,50.84,1.81,2.16,13907.0,512.0,49.16,1.81,2.24,1428.0,257.0,5.05,0.91,10.94,1211.0,218.0,4.28,0.77,10.94,967.0,201.0,3.42,0.71,12.64,1071.0,257.0,3.79,0.91,14.59,2315.0,308.0,8.18,1.09,8.09,6125.0,509.0,21.65,1.8,5.05,4946.0,430.0,17.48,1.52,5.29,3115.0,376.0,11.01,1.33,7.34,1410.0,303.0,4.98,1.07,13.06,1758.0,317.0,6.21,1.12,10.96,2201.0,311.0,7.78,1.1,8.59,940.0,209.0,3.32,0.74,13.52,793.0,192.0,2.8,0.68,14.72,24223.0,348.0,85.62,1.23,0.87,3946.0,359.0,13.95,1.27,5.53,16014.0,648.0,56.61,2.29,2.46,1572.0,306.0,5.56,1.08,11.83,45.0,57.0,0.16,0.2,77.0,8679.0,543.0,30.68,1.92,3.8,0.0,,0.0,,,572.0,252.0,2.02,0.89,26.78,1417.0,351.0,5.01,1.24,15.06,2304.0,475.0,8.14,1.68,12.53,25986.0,475.0,91.86,1.68,1.11,14702.0,710.0,51.97,2.51,2.94,1396.0,289.0,4.93,1.02,12.58,45.0,57.0,0.16,0.2,77.0,8602.0,526.0,30.41,1.86,3.72,0.0,,0.0,,,88.0,79.0,0.31,0.28,54.57,1157.0,308.0,4.09,1.09,16.18
10014,10014,10014,22827.0,,100,,,2183.0,301.0,9.56,1.32,8.38,3989.0,460.0,12.57,1.45,7.01,344.0,128.0,8.62,3.21,22.62,132.0,79.0,3.31,1.99,36.38,1211.0,211.0,30.36,5.3,10.59,222.0,93.0,5.57,2.33,25.47,2079.0,215.0,52.12,5.4,6.29,27628.0,1327.0,87.03,4.18,2.92,111.0,69.0,0.4,0.25,37.79,332.0,130.0,1.2,0.47,23.8,1658.0,332.0,6.0,1.2,12.17,22719.0,550.0,82.23,1.99,1.47,29137.0,1168.0,91.79,3.68,2.44,909.0,210.0,3.12,0.72,14.04,31650.0,540.0,99.7,1.7,1.04,2121.0,345.0,6.7,1.09,9.89,2598.0,352.0,8.18,1.11,8.24,91.0,95.0,3.5,3.66,63.46,24630.0,416.0,77.59,1.31,1.03,934.0,234.0,3.79,0.95,15.23,4427.0,387.0,13.95,1.22,5.31,1092.0,211.0,24.67,4.77,11.75,31520.0,1362.0,99.29,4.29,2.63,25654.0,678.0,81.39,2.15,1.61,5172.0,646.0,16.41,2.05,7.59,694.0,221.0,2.2,0.7,19.36,31745.0,,100,,,26198.0,613.0,82.53,1.93,1.42,25559.0,622.0,80.51,1.96,1.48,643.0,171.0,2.03,0.54,16.17,5547.0,619.0,17.47,1.95,6.78,2184.0,273.0,39.37,4.92,7.6,3362.0,273.0,60.61,4.92,4.94,2155.0,301.0,38.85,5.43,8.49,1527.0,296.0,27.53,5.34,11.78,96.0,74.0,1.73,1.33,46.86,405.0,185.0,7.3,3.33,27.77,677.0,191.0,12.21,3.45,17.15,687.0,311.0,12.39,5.61,27.52,30780.0,1340.0,96.96,4.22,2.65,25259.0,637.0,82.06,2.07,1.53,782.0,197.0,2.54,0.64,15.31,1663.0,372.0,5.4,1.21,13.6,29284.0,1441.0,92.25,4.54,2.99,22896.0,501.0,78.19,1.71,1.33,21612.0,565.0,73.8,1.93,1.59,1275.0,278.0,4.35,0.95,13.25,9.0,67.0,0.03,0.23,452.55,6388.0,501.0,21.81,1.71,4.77,,,5.57,1.21,13.25,21470.0,565.0,67.63,1.78,1.6,1058.0,258.0,4.93,1.2,14.82,273.0,131.0,1.27,0.61,29.17,10889.0,648.0,50.72,3.02,3.62,4874.0,612.0,22.7,2.85,7.63,2403.0,404.0,11.19,1.88,10.22,21605.0,546.0,68.06,1.72,1.54,14.0,73.0,0.06,0.34,316.98,110.0,91.0,0.51,0.42,50.29,470.0,166.0,2.18,0.77,21.47,404.0,162.0,1.87,0.75,24.38,1637.0,274.0,7.58,1.27,10.18,180.0,106.0,0.83,0.49,35.8,2203.0,387.0,10.2,1.79,10.68,4785.0,488.0,22.15,2.26,6.2,6239.0,547.0,28.88,2.53,5.33,2900.0,436.0,13.42,2.02,9.14,1974.0,350.0,9.14,1.62,10.78,337.0,147.0,1.56,0.68,26.52,342.0,145.0,1.58,0.67,25.77,924.0,217.0,4.05,0.95,14.28,515.0,201.0,2.26,0.88,23.73,992.0,244.0,4.35,1.07,14.95,1270.0,361.0,5.56,1.58,17.28,1451.0,345.0,6.36,1.51,14.45,2819.0,438.0,12.35,1.92,9.45,2373.0,436.0,10.4,1.91,11.17,3050.0,434.0,13.36,1.9,8.65,2821.0,429.0,12.36,1.88,9.24,6616.0,525.0,28.98,2.3,4.82,19552.0,402.0,85.65,1.76,1.25,3866.0,395.0,16.94,1.73,6.21,2180.0,361.0,9.55,1.58,10.07,238.0,114.0,1.04,0.5,29.12,159.0,105.0,0.7,0.46,40.14,723.0,233.0,3.17,1.02,19.59,30416.0,304.0,96.1,0.96,0.61,27432.0,541.0,86.67,1.71,1.2,5612.0,532.0,17.73,1.68,5.76,1234.0,304.0,3.9,0.96,14.98,16244.0,679.0,51.17,2.14,2.54,15501.0,679.0,48.83,2.14,2.66,965.0,232.0,3.04,0.73,14.61,863.0,210.0,2.72,0.66,14.79,572.0,165.0,1.8,0.52,17.54,466.0,105.0,1.47,0.33,13.7,1239.0,333.0,3.9,1.05,16.34,10101.0,686.0,31.82,2.16,4.13,5163.0,543.0,16.26,1.71,6.39,4413.0,492.0,13.9,1.55,6.78,1716.0,333.0,5.41,1.05,11.8,1785.0,340.0,5.62,1.07,11.58,2901.0,365.0,9.14,1.15,7.65,997.0,216.0,3.14,0.68,13.17,549.0,206.0,1.73,0.65,22.81,29146.0,330.0,91.81,1.04,0.69,4455.0,416.0,14.03,1.31,5.68,27763.0,508.0,87.46,1.6,1.11,549.0,159.0,1.73,0.5,17.61,82.0,102.0,0.26,0.32,75.62,2100.0,397.0,6.62,1.25,11.49,3.0,73.0,0.01,0.23,1479.23,596.0,222.0,1.88,0.7,22.64,633.0,197.0,1.99,0.62,18.92,2319.0,451.0,7.31,1.42,11.82,29426.0,451.0,92.7,1.42,0.93,26157.0,619.0,82.4,1.95,1.44,475.0,146.0,1.5,0.46,18.69,58.0,102.0,0.18,0.32,106.91,2077.0,394.0,6.54,1.24,11.53,3.0,73.0,0.01,0.23,1479.23,159.0,117.0,0.5,0.37,44.73,487.0,149.0,1.53,0.47,18.6
10016,10016,10016,39573.0,,100,,,3549.0,602.0,8.97,1.52,10.31,8036.0,1051.0,15.75,2.06,7.95,514.0,240.0,6.4,2.99,28.38,285.0,204.0,3.55,2.54,43.51,1540.0,424.0,19.16,5.28,16.74,628.0,215.0,7.81,2.68,20.81,5068.0,510.0,63.07,6.35,6.12,40869.0,1765.0,80.11,3.46,2.63,568.0,225.0,1.39,0.55,24.08,695.0,262.0,1.7,0.64,22.92,2784.0,539.0,6.81,1.32,11.77,31899.0,826.0,78.05,2.02,1.57,46590.0,2143.0,91.33,4.2,2.8,744.0,238.0,1.6,0.51,19.45,51002.0,61.0,99.97,0.12,0.07,3557.0,622.0,6.97,1.22,10.63,4418.0,979.0,8.66,1.92,13.47,30.0,82.0,0.68,1.85,166.16,39337.0,1536.0,77.11,3.01,2.37,1418.0,358.0,3.6,0.91,15.35,7260.0,602.0,14.23,1.18,5.04,2114.0,388.0,29.12,5.34,11.16,50463.0,2663.0,98.92,5.22,3.21,40099.0,1246.0,79.46,2.47,1.89,8998.0,1130.0,17.83,2.24,7.63,1364.0,474.0,2.7,0.94,21.13,51015.0,,100,,,38257.0,1015.0,74.99,1.99,1.61,36892.0,1046.0,72.32,2.05,1.72,1365.0,556.0,2.68,1.09,24.76,12758.0,954.0,25.01,1.87,4.55,6316.0,611.0,49.51,4.79,5.88,6442.0,611.0,50.5,4.79,5.77,3503.0,524.0,27.46,4.11,9.09,6906.0,657.0,54.13,5.15,5.78,407.0,217.0,3.19,1.7,32.41,201.0,167.0,1.58,1.31,50.51,1325.0,458.0,10.39,3.59,21.01,411.0,165.0,3.22,1.29,24.4,48929.0,2301.0,95.91,4.51,2.86,34559.0,1204.0,70.63,2.46,2.12,4051.0,925.0,8.28,1.89,13.88,2899.0,768.0,5.92,1.57,16.1,46923.0,2148.0,91.98,4.21,2.78,35143.0,892.0,74.9,1.9,1.54,33737.0,953.0,71.9,2.03,1.72,1426.0,343.0,3.04,0.73,14.62,0.0,,0.0,,,11780.0,892.0,25.11,1.9,4.6,,,4.06,0.97,14.62,33143.0,852.0,64.97,1.67,1.56,932.0,239.0,2.81,0.72,15.59,465.0,169.0,1.4,0.51,22.09,13615.0,951.0,41.08,2.87,4.25,13920.0,935.0,42.0,2.82,4.08,2412.0,454.0,7.28,1.37,11.44,33735.0,903.0,66.13,1.77,1.63,17.0,78.0,0.05,0.23,278.92,242.0,125.0,0.72,0.37,31.4,1124.0,290.0,3.33,0.86,15.68,838.0,236.0,2.48,0.7,17.12,1903.0,428.0,5.64,1.27,13.67,444.0,186.0,1.32,0.55,25.47,2524.0,408.0,7.48,1.21,9.83,8419.0,786.0,24.96,2.33,5.68,8578.0,806.0,25.43,2.39,5.71,5328.0,651.0,15.79,1.93,7.43,2072.0,476.0,6.14,1.41,13.97,1206.0,334.0,3.57,0.99,16.84,1057.0,327.0,3.13,0.97,18.81,2228.0,514.0,5.63,1.3,14.02,1141.0,384.0,2.88,0.97,20.46,1757.0,412.0,4.44,1.04,14.25,1697.0,439.0,4.29,1.11,15.73,2864.0,530.0,7.24,1.34,11.25,5078.0,768.0,12.83,1.94,9.19,4024.0,641.0,10.17,1.62,9.68,7053.0,819.0,17.82,2.07,7.06,4678.0,689.0,11.82,1.74,8.95,9048.0,819.0,22.86,2.07,5.5,32685.0,791.0,82.59,2.0,1.47,7433.0,724.0,18.78,1.83,5.92,3871.0,629.0,9.78,1.59,9.88,880.0,348.0,2.22,0.88,24.04,333.0,218.0,0.84,0.55,39.8,1266.0,364.0,3.2,0.92,17.48,48736.0,515.0,95.56,1.01,0.64,44471.0,836.0,87.19,1.64,1.14,8882.0,842.0,17.42,1.65,5.76,2266.0,515.0,4.44,1.01,13.82,23590.0,1046.0,46.24,2.05,2.7,27425.0,1046.0,53.76,2.05,2.32,2086.0,607.0,4.09,1.19,17.69,965.0,357.0,1.89,0.7,22.49,911.0,423.0,1.79,0.83,28.23,1377.0,321.0,2.7,0.63,14.17,4799.0,668.0,9.41,1.31,8.46,16956.0,1168.0,33.24,2.29,4.19,5902.0,801.0,11.57,1.57,8.25,5480.0,653.0,10.74,1.28,7.24,2941.0,505.0,5.76,0.99,10.44,2341.0,413.0,4.59,0.81,10.72,4063.0,602.0,7.96,1.18,9.01,2167.0,403.0,4.25,0.79,11.31,1032.0,275.0,2.02,0.54,16.2,46590.0,883.0,91.33,1.73,1.15,7260.0,714.0,14.23,1.4,5.98,37281.0,1255.0,73.08,2.46,2.05,1618.0,520.0,3.17,1.02,19.54,48.0,82.0,0.09,0.16,103.85,9836.0,1173.0,19.28,2.3,7.25,0.0,,0.0,,,378.0,255.0,0.74,0.5,41.01,1842.0,622.0,3.61,1.22,20.53,4700.0,944.0,9.21,1.85,12.21,46315.0,944.0,90.79,1.85,1.24,33327.0,1321.0,65.33,2.59,2.41,1514.0,525.0,2.97,1.03,21.08,35.0,82.0,0.07,0.16,142.42,9788.0,1178.0,19.19,2.31,7.32,0.0,,0.0,,,201.0,235.0,0.39,0.46,71.07,1456.0,556.0,2.85,1.09,23.21
10017,10017,"10017, 10165, 10167, 10168, 10169, 10170, 10171, 10172, 10173, 10174, 10177",12666.0,,100,,,1245.0,285.0,9.83,2.25,13.92,1466.0,314.0,9.85,2.11,13.02,120.0,108.0,8.18,7.39,54.71,81.0,79.0,5.52,5.42,59.29,330.0,125.0,22.51,8.53,23.03,139.0,84.0,9.48,5.75,36.74,796.0,145.0,54.28,9.89,11.07,12775.0,600.0,85.8,4.03,2.86,106.0,132.0,0.83,1.03,75.7,172.0,103.0,1.35,0.81,36.4,635.0,345.0,4.97,2.7,33.03,10532.0,461.0,82.44,3.61,2.66,13697.0,1233.0,91.99,8.28,5.47,407.0,151.0,2.97,1.1,22.55,14889.0,0.0,100.0,0.0,0.0,985.0,280.0,6.62,1.88,17.28,1192.0,269.0,8.01,1.81,13.72,21.0,41.0,1.76,3.47,118.69,11143.0,503.0,74.84,3.38,2.74,429.0,167.0,3.85,1.5,23.66,2565.0,335.0,17.23,2.25,7.94,533.0,175.0,20.78,6.82,19.96,14747.0,317.0,99.05,2.13,1.31,12534.0,401.0,84.99,2.72,1.94,1943.0,380.0,13.18,2.58,11.89,261.0,140.0,1.77,0.95,32.61,14889.0,,100,,,10149.0,526.0,68.16,3.53,3.15,9757.0,520.0,65.53,3.49,3.24,392.0,195.0,2.63,1.31,30.24,4740.0,496.0,31.84,3.33,6.36,2249.0,336.0,47.45,7.09,9.08,2491.0,336.0,52.56,7.09,8.2,1186.0,279.0,25.02,5.89,14.3,2515.0,342.0,53.06,7.22,8.27,289.0,175.0,6.1,3.7,36.81,72.0,89.0,1.52,1.88,75.14,449.0,185.0,9.47,3.91,25.05,229.0,146.0,4.83,3.09,38.76,14231.0,1091.0,95.58,7.33,4.66,9797.0,572.0,68.84,4.02,3.55,1080.0,374.0,7.59,2.63,21.05,807.0,383.0,5.67,2.69,28.85,13760.0,1228.0,92.42,8.25,5.43,10923.0,403.0,79.38,2.93,2.24,10702.0,420.0,77.78,3.05,2.39,224.0,98.0,1.63,0.71,26.6,0.0,,0.0,,,2837.0,403.0,20.62,2.93,8.64,,,2.05,0.89,26.6,10614.0,485.0,71.29,3.26,2.78,589.0,246.0,5.55,2.32,25.39,113.0,87.0,1.06,0.82,46.8,3675.0,418.0,34.62,3.94,6.91,4698.0,490.0,44.26,4.62,6.34,1003.0,328.0,9.45,3.09,19.88,10697.0,686.0,71.85,4.61,3.9,0.0,,0.0,,,156.0,140.0,1.46,1.31,54.56,514.0,211.0,4.81,1.97,24.95,439.0,168.0,4.1,1.57,23.26,996.0,263.0,9.31,2.46,16.05,115.0,86.0,1.08,0.8,45.46,707.0,221.0,6.61,2.07,19.0,2169.0,338.0,20.28,3.16,9.47,2805.0,450.0,26.22,4.21,9.75,1236.0,306.0,11.55,2.86,15.05,707.0,250.0,6.61,2.34,21.5,218.0,93.0,2.04,0.87,25.93,631.0,210.0,5.9,1.96,20.23,527.0,191.0,4.16,1.51,22.03,161.0,99.0,1.27,0.78,37.38,664.0,225.0,5.24,1.78,20.6,436.0,215.0,3.44,1.7,29.98,715.0,196.0,5.65,1.55,16.66,1624.0,343.0,12.82,2.71,12.84,1464.0,352.0,11.56,2.78,14.62,2325.0,414.0,18.36,3.27,10.82,1530.0,399.0,12.08,3.15,15.85,3215.0,433.0,25.38,3.42,8.19,10738.0,379.0,84.78,2.99,2.15,2318.0,396.0,18.3,3.13,10.39,1323.0,291.0,10.45,2.3,13.37,240.0,155.0,1.89,1.22,39.26,75.0,100.0,0.59,0.79,81.05,202.0,109.0,1.59,0.86,32.8,14170.0,418.0,95.17,2.81,1.79,13008.0,591.0,87.37,3.97,2.76,3098.0,423.0,20.81,2.84,8.3,719.0,418.0,4.83,2.81,35.34,7169.0,587.0,48.15,3.94,4.98,7720.0,587.0,51.85,3.94,4.62,658.0,200.0,4.42,1.34,18.48,287.0,140.0,1.93,0.94,29.65,121.0,88.0,0.81,0.59,44.21,215.0,112.0,1.44,0.75,31.67,836.0,244.0,5.61,1.64,17.74,4443.0,582.0,29.84,3.91,7.96,2559.0,411.0,17.19,2.76,9.76,1661.0,287.0,11.16,1.93,10.5,972.0,219.0,6.53,1.47,13.7,573.0,155.0,3.85,1.04,16.44,1407.0,246.0,9.45,1.65,10.63,762.0,205.0,5.12,1.38,16.35,397.0,207.0,2.67,1.39,31.7,13697.0,252.0,91.99,1.69,1.12,2565.0,386.0,17.23,2.59,9.15,10877.0,596.0,73.05,4.0,3.33,362.0,152.0,2.43,1.02,25.53,0.0,,0.0,,,3229.0,579.0,21.69,3.89,10.9,8.0,42.0,0.05,0.28,319.15,61.0,57.0,0.41,0.38,56.8,348.0,186.0,2.34,1.25,32.49,1084.0,518.0,7.28,3.48,29.05,13805.0,518.0,92.72,3.48,2.28,9855.0,677.0,66.19,4.55,4.18,344.0,147.0,2.31,0.99,25.98,0.0,,0.0,,,3229.0,579.0,21.69,3.89,10.9,8.0,42.0,0.05,0.28,319.15,35.0,45.0,0.24,0.3,78.16,330.0,183.0,2.22,1.23,33.71
10018,10018,10018,6486.0,,100,,,595.0,128.0,9.17,1.98,13.08,1585.0,245.0,18.37,2.84,9.4,96.0,64.0,6.06,4.01,40.53,23.0,37.0,1.45,2.33,97.79,191.0,64.0,12.05,4.01,20.37,91.0,39.0,5.74,2.47,26.05,1187.0,82.0,74.88,5.19,4.2,6863.0,127.0,79.55,1.47,1.12,210.0,100.0,3.06,1.46,28.95,142.0,71.0,2.07,1.04,30.4,495.0,126.0,7.21,1.84,15.47,5062.0,226.0,73.76,3.29,2.71,7945.0,547.0,92.09,6.34,4.19,84.0,52.0,1.06,0.65,37.63,8610.0,375.0,99.8,4.35,2.65,472.0,129.0,5.48,1.5,16.61,676.0,136.0,7.84,1.58,12.23,21.0,35.0,3.11,5.21,101.32,7619.0,345.0,88.31,4.0,2.75,344.0,117.0,4.52,1.53,20.68,311.0,86.0,3.6,1.0,16.81,107.0,44.0,34.46,14.15,25.0,8572.0,97.0,99.36,1.13,0.69,6199.0,315.0,72.32,3.68,3.09,1994.0,316.0,23.26,3.69,9.63,373.0,131.0,4.35,1.53,21.35,8627.0,,100,,,5184.0,301.0,60.09,3.49,3.53,4973.0,300.0,57.64,3.48,3.67,210.0,91.0,2.43,1.05,26.34,3443.0,333.0,39.91,3.86,5.88,1105.0,210.0,32.09,6.11,11.55,2338.0,210.0,67.9,6.11,5.46,682.0,160.0,19.81,4.65,14.26,1675.0,191.0,48.64,5.54,6.93,142.0,121.0,4.12,3.5,51.8,93.0,55.0,2.7,1.61,35.95,637.0,144.0,18.5,4.17,13.74,215.0,131.0,6.24,3.79,37.04,8244.0,430.0,95.56,4.98,3.17,4892.0,296.0,59.34,3.59,3.68,1128.0,239.0,13.68,2.9,12.88,912.0,187.0,11.06,2.27,12.46,7986.0,549.0,92.57,6.36,4.18,6323.0,218.0,79.18,2.73,2.1,6034.0,221.0,75.56,2.77,2.23,283.0,91.0,3.54,1.14,19.55,6.0,38.0,0.08,0.47,385.01,1663.0,218.0,20.82,2.73,7.97,,,4.48,1.43,19.55,5983.0,182.0,69.35,2.11,1.85,219.0,83.0,3.66,1.38,23.04,31.0,43.0,0.52,0.72,84.32,2827.0,239.0,47.25,4.0,5.14,2289.0,242.0,38.26,4.05,6.43,306.0,141.0,5.11,2.36,28.01,6035.0,183.0,69.95,2.12,1.84,3.0,46.0,0.05,0.77,932.12,125.0,92.0,2.07,1.52,44.74,229.0,85.0,3.79,1.41,22.56,143.0,71.0,2.37,1.18,30.18,519.0,129.0,8.6,2.13,15.11,56.0,39.0,0.93,0.65,42.34,412.0,102.0,6.83,1.69,15.05,1320.0,197.0,21.87,3.26,9.07,1426.0,197.0,23.63,3.26,8.4,892.0,182.0,14.78,3.02,12.4,505.0,139.0,8.37,2.3,16.73,249.0,115.0,4.13,1.9,28.08,155.0,77.0,2.57,1.27,30.2,458.0,121.0,7.06,1.87,16.06,191.0,96.0,2.94,1.48,30.55,431.0,154.0,6.65,2.38,21.72,273.0,95.0,4.21,1.47,21.15,331.0,111.0,5.1,1.71,20.39,560.0,114.0,8.63,1.76,12.38,647.0,154.0,9.98,2.37,14.47,1284.0,191.0,19.8,2.94,9.04,712.0,152.0,10.98,2.34,12.98,1602.0,187.0,24.7,2.88,7.1,5839.0,138.0,90.02,2.13,1.44,440.0,121.0,6.78,1.86,16.72,107.0,82.0,1.65,1.27,46.59,160.0,104.0,2.47,1.6,39.51,117.0,92.0,1.8,1.42,47.8,343.0,113.0,5.29,1.74,20.03,8033.0,138.0,93.3,1.6,1.04,7135.0,245.0,82.87,2.84,2.09,1106.0,226.0,12.85,2.62,12.42,577.0,138.0,6.7,1.6,14.54,4244.0,250.0,49.19,2.9,3.58,4383.0,250.0,50.8,2.9,3.47,383.0,109.0,4.44,1.26,17.3,100.0,59.0,1.16,0.68,35.87,125.0,54.0,1.45,0.63,26.26,178.0,93.0,2.06,1.08,31.76,979.0,195.0,11.35,2.26,12.11,3156.0,311.0,36.58,3.61,5.99,1621.0,271.0,18.79,3.14,10.16,997.0,160.0,11.56,1.85,9.76,511.0,151.0,5.92,1.75,17.96,262.0,90.0,3.04,1.04,20.88,234.0,80.0,2.71,0.93,20.78,79.0,55.0,0.92,0.64,42.32,2.0,47.0,0.02,0.55,1428.57,7951.0,129.0,92.16,1.5,0.99,311.0,91.0,3.6,1.05,17.79,4983.0,341.0,57.76,3.95,4.16,600.0,167.0,6.95,1.93,16.92,1.0,47.0,0.01,0.55,2857.14,2466.0,265.0,28.58,3.07,6.53,0.0,,0.0,,,264.0,111.0,3.06,1.29,25.56,311.0,117.0,3.6,1.36,22.87,1297.0,204.0,15.03,2.37,9.56,7331.0,204.0,84.98,2.37,1.69,4101.0,317.0,47.54,3.68,4.7,547.0,162.0,6.34,1.88,18.0,1.0,47.0,0.01,0.55,2857.14,2466.0,265.0,28.58,3.07,6.53,0.0,,0.0,,,4.0,41.0,0.05,0.47,623.1,208.0,98.0,2.41,1.14,28.64
10019,10019,"10019, 10020, 10103, 10111, 10112",38394.0,,100,,,3144.0,572.0,8.19,1.49,11.06,4448.0,551.0,11.78,1.46,7.53,296.0,173.0,6.65,3.88,35.53,35.0,73.0,0.79,1.65,126.79,1013.0,218.0,22.77,4.91,13.08,422.0,189.0,9.49,4.25,27.23,2682.0,287.0,60.3,6.45,6.51,32106.0,974.0,85.0,2.58,1.84,1024.0,225.0,3.19,0.7,13.36,767.0,302.0,2.39,0.94,23.94,3067.0,488.0,9.55,1.52,9.67,23147.0,758.0,72.1,2.36,1.99,35098.0,1345.0,92.92,3.56,2.33,625.0,193.0,1.78,0.55,18.77,37738.0,76.0,99.91,0.2,0.12,3578.0,562.0,9.48,1.49,9.55,2673.0,514.0,7.08,1.36,11.69,33.0,72.0,1.23,2.69,132.63,29111.0,1008.0,77.07,2.67,2.1,1781.0,442.0,6.12,1.52,15.09,5964.0,400.0,15.79,1.06,4.08,1756.0,283.0,29.45,4.75,9.8,37461.0,1836.0,99.18,4.86,2.98,30144.0,809.0,80.47,2.16,1.63,6425.0,772.0,17.15,2.06,7.3,893.0,288.0,2.38,0.77,19.61,37771.0,,100,,,26514.0,914.0,70.2,2.42,2.1,25492.0,933.0,67.49,2.47,2.22,1018.0,249.0,2.7,0.66,14.87,11256.0,918.0,29.8,2.43,4.96,5503.0,564.0,48.89,5.01,6.23,5753.0,564.0,51.11,5.01,5.96,2877.0,410.0,25.56,3.64,8.66,4498.0,491.0,39.96,4.36,6.64,410.0,238.0,3.64,2.11,35.29,241.0,154.0,2.14,1.37,38.85,2809.0,455.0,24.95,4.04,9.85,423.0,161.0,3.76,1.43,23.14,36647.0,1745.0,97.02,4.62,2.89,24310.0,894.0,66.34,2.44,2.24,3581.0,579.0,9.77,1.58,9.83,4714.0,627.0,12.86,1.71,8.09,35295.0,1356.0,93.45,3.59,2.34,25624.0,762.0,72.6,2.16,1.81,24352.0,815.0,69.0,2.31,2.03,1255.0,293.0,3.56,0.83,14.19,0.0,,0.0,,,9671.0,762.0,27.4,2.16,4.79,,,4.9,1.13,14.19,24099.0,963.0,63.8,2.55,2.43,1065.0,265.0,4.42,1.1,15.13,218.0,140.0,0.9,0.58,39.04,11014.0,843.0,45.7,3.5,4.65,8844.0,774.0,36.7,3.21,5.32,1797.0,441.0,7.46,1.83,14.92,24354.0,948.0,64.48,2.51,2.37,29.0,97.0,0.12,0.4,203.33,157.0,112.0,0.64,0.46,43.37,987.0,341.0,4.05,1.4,21.0,582.0,219.0,2.39,0.9,22.87,1654.0,319.0,6.79,1.31,11.72,355.0,190.0,1.46,0.78,32.54,1726.0,341.0,7.09,1.4,12.01,5495.0,587.0,22.56,2.41,6.49,5865.0,633.0,24.08,2.6,6.56,3793.0,519.0,15.57,2.13,8.32,2552.0,475.0,10.48,1.95,11.31,686.0,217.0,2.82,0.89,19.23,471.0,166.0,1.93,0.68,21.43,2935.0,545.0,7.64,1.42,11.29,1529.0,422.0,3.98,1.1,16.78,2175.0,468.0,5.66,1.22,13.08,2246.0,511.0,5.85,1.33,13.83,2541.0,553.0,6.62,1.44,13.23,4355.0,787.0,11.34,2.05,10.99,3884.0,718.0,10.12,1.87,11.24,6036.0,822.0,15.72,2.14,8.28,3718.0,672.0,9.68,1.75,10.99,8956.0,941.0,23.33,2.45,6.39,30155.0,906.0,78.54,2.36,1.83,8029.0,818.0,20.91,2.13,6.19,3984.0,729.0,10.38,1.9,11.12,1665.0,349.0,4.34,0.91,12.74,926.0,418.0,2.41,1.09,27.44,3181.0,514.0,8.29,1.34,9.82,35623.0,449.0,94.4,1.19,0.77,29903.0,762.0,79.24,2.02,1.55,8788.0,826.0,23.29,2.19,5.71,2114.0,449.0,5.6,1.19,12.91,19083.0,808.0,50.52,2.14,2.57,18688.0,808.0,49.48,2.14,2.63,1124.0,287.0,2.98,0.76,15.52,643.0,272.0,1.7,0.72,25.72,581.0,204.0,1.54,0.54,21.34,679.0,200.0,1.8,0.53,17.91,2634.0,412.0,6.97,1.09,9.51,10219.0,861.0,27.06,2.28,5.12,6389.0,846.0,16.92,2.24,8.05,4870.0,589.0,12.89,1.56,7.35,2637.0,506.0,6.98,1.34,11.66,2012.0,442.0,5.33,1.17,13.35,3308.0,446.0,8.76,1.18,8.2,1947.0,344.0,5.15,0.91,10.74,705.0,246.0,1.87,0.65,21.21,35098.0,476.0,92.92,1.26,0.82,5967.0,525.0,15.8,1.39,5.35,26516.0,929.0,70.2,2.46,2.13,2249.0,536.0,5.95,1.42,14.49,210.0,125.0,0.56,0.33,36.18,5964.0,740.0,15.79,1.96,7.54,51.0,83.0,0.14,0.22,98.93,1619.0,604.0,4.29,1.6,22.68,1164.0,321.0,3.08,0.85,16.76,6250.0,759.0,16.55,2.01,7.38,31520.0,759.0,83.45,2.01,1.46,22477.0,982.0,59.51,2.6,2.66,1827.0,472.0,4.84,1.25,15.7,90.0,94.0,0.24,0.25,63.49,5848.0,729.0,15.48,1.93,7.58,35.0,83.0,0.09,0.22,144.16,400.0,321.0,1.06,0.85,48.78,837.0,295.0,2.22,0.78,21.43
10021,10021,10021,31035.0,,100,,,5487.0,673.0,17.68,2.17,7.46,6575.0,976.0,15.22,2.26,9.02,1059.0,329.0,16.11,5.01,18.89,347.0,169.0,5.28,2.57,29.61,2832.0,418.0,43.07,6.35,8.97,941.0,266.0,14.31,4.04,17.18,1396.0,366.0,21.23,5.56,15.94,34921.0,2277.0,80.84,5.27,3.96,213.0,157.0,0.61,0.45,44.81,478.0,251.0,1.37,0.72,31.92,1841.0,471.0,5.27,1.35,15.55,28358.0,810.0,81.21,2.32,1.74,36157.0,2303.0,83.7,5.33,3.87,1384.0,311.0,3.83,0.86,13.66,42818.0,285.0,99.12,0.66,0.4,2934.0,557.0,6.85,1.3,11.54,7042.0,989.0,16.3,2.29,8.54,50.0,70.0,0.71,0.99,85.11,26850.0,937.0,62.15,2.17,2.12,1135.0,368.0,4.23,1.37,19.71,8927.0,652.0,20.66,1.51,4.44,1752.0,332.0,19.62,3.72,11.52,42264.0,2048.0,97.83,4.74,2.95,35393.0,1306.0,83.74,3.09,2.24,5381.0,1023.0,12.73,2.42,11.56,1493.0,959.0,3.53,2.27,39.05,43200.0,,100,,,33316.0,1214.0,77.12,2.81,2.22,32402.0,1236.0,75.01,2.86,2.32,910.0,328.0,2.11,0.76,21.91,9884.0,1391.0,22.88,3.22,8.56,4626.0,676.0,46.8,6.84,8.88,5258.0,676.0,53.2,6.84,7.82,3855.0,764.0,39.0,7.73,12.05,3035.0,698.0,30.71,7.06,13.98,424.0,250.0,4.29,2.53,35.84,138.0,119.0,1.4,1.2,52.42,1994.0,826.0,20.17,8.36,25.18,442.0,213.0,4.47,2.16,29.29,40424.0,2186.0,93.58,5.06,3.29,29979.0,1269.0,74.16,3.14,2.57,2441.0,716.0,6.04,1.77,17.83,2695.0,1007.0,6.67,2.49,22.71,36510.0,2333.0,84.51,5.4,3.88,25866.0,789.0,70.85,2.16,1.85,24988.0,803.0,68.44,2.2,1.95,892.0,285.0,2.44,0.78,19.42,0.0,,0.0,,,10644.0,789.0,29.15,2.16,4.51,,,3.45,1.1,19.42,24522.0,864.0,56.76,2.0,2.14,2247.0,488.0,9.16,1.99,13.2,586.0,284.0,2.39,1.16,29.46,10856.0,809.0,44.27,3.3,4.53,6384.0,711.0,26.03,2.9,6.77,1868.0,473.0,7.62,1.93,15.39,24984.0,907.0,57.83,2.1,2.21,0.0,,0.0,,,250.0,187.0,1.0,0.75,45.47,692.0,270.0,2.77,1.08,23.72,988.0,367.0,3.95,1.47,22.58,2112.0,512.0,8.45,2.05,14.74,211.0,152.0,0.84,0.61,43.79,1130.0,302.0,4.52,1.21,16.25,6100.0,747.0,24.42,2.99,7.44,5073.0,665.0,20.3,2.66,7.97,5584.0,620.0,22.35,2.48,6.75,1862.0,497.0,7.45,1.99,16.23,353.0,142.0,1.41,0.57,24.45,621.0,302.0,2.49,1.21,29.56,1707.0,447.0,5.5,1.44,15.92,850.0,385.0,2.74,1.24,27.53,1356.0,441.0,4.37,1.42,19.77,1382.0,397.0,4.45,1.28,17.46,1915.0,528.0,6.17,1.7,16.76,3308.0,577.0,10.66,1.86,10.6,3162.0,646.0,10.19,2.08,12.42,3790.0,642.0,12.21,2.07,10.3,3147.0,639.0,10.14,2.06,12.34,10439.0,981.0,33.64,3.16,5.71,25162.0,704.0,81.08,2.27,1.7,8833.0,791.0,28.46,2.55,5.44,3684.0,599.0,11.87,1.93,9.88,596.0,351.0,1.92,1.13,35.8,171.0,133.0,0.55,0.43,47.28,751.0,289.0,2.42,0.93,23.39,41343.0,544.0,96.55,1.27,0.8,36828.0,895.0,86.01,2.09,1.48,9685.0,878.0,22.62,2.05,5.51,1475.0,544.0,3.44,1.27,22.42,19285.0,864.0,44.64,2.0,2.72,23915.0,864.0,55.36,2.0,2.2,2775.0,566.0,6.42,1.31,12.4,2119.0,492.0,4.91,1.14,14.11,1553.0,449.0,3.59,1.04,17.58,798.0,220.0,1.85,0.51,16.76,1017.0,328.0,2.35,0.76,19.61,8991.0,1067.0,20.81,2.47,7.21,7046.0,899.0,16.31,2.08,7.76,4428.0,678.0,10.25,1.57,9.31,2151.0,467.0,4.98,1.08,13.2,3011.0,579.0,6.97,1.34,11.69,5105.0,652.0,11.82,1.51,7.76,2897.0,488.0,6.71,1.13,10.24,1283.0,320.0,2.97,0.74,15.16,36157.0,838.0,83.7,1.94,1.41,9288.0,825.0,21.5,1.91,5.4,35655.0,1387.0,82.54,3.21,2.36,665.0,324.0,1.54,0.75,29.62,316.0,372.0,0.73,0.86,71.56,3924.0,1024.0,9.08,2.37,15.86,22.0,56.0,0.05,0.13,154.74,1251.0,924.0,2.9,2.14,44.9,1372.0,449.0,3.18,1.04,19.89,3468.0,1007.0,8.03,2.33,17.65,39731.0,1007.0,91.97,2.33,1.54,33669.0,1352.0,77.94,3.13,2.44,573.0,302.0,1.33,0.7,32.04,316.0,372.0,0.73,0.86,71.56,3924.0,1024.0,9.08,2.37,15.86,22.0,56.0,0.05,0.13,154.74,48.0,56.0,0.11,0.13,70.92,1169.0,449.0,2.71,1.04,23.35
10022,10022,"10022, 10152, 10153, 10154",26707.0,,100,,,2570.0,451.0,9.62,1.69,10.67,3367.0,524.0,10.8,1.68,9.46,617.0,220.0,18.33,6.53,21.68,69.0,72.0,2.05,2.14,63.43,757.0,204.0,22.48,6.07,16.38,300.0,135.0,8.91,4.02,27.36,1622.0,220.0,48.18,6.54,8.25,26939.0,1621.0,86.4,5.2,3.66,177.0,140.0,0.66,0.52,48.08,343.0,194.0,1.27,0.72,34.38,1372.0,296.0,5.09,1.1,13.12,21676.0,609.0,80.46,2.26,1.71,28475.0,1858.0,91.33,5.96,3.97,1351.0,282.0,4.74,0.99,12.69,31151.0,69.0,99.91,0.22,0.13,2606.0,449.0,8.37,1.44,10.47,2676.0,558.0,8.58,1.79,12.68,93.0,117.0,3.47,4.38,76.48,19947.0,667.0,63.98,2.14,2.03,596.0,203.0,2.99,1.02,20.71,8527.0,764.0,27.35,2.45,5.45,1917.0,353.0,22.48,4.14,11.19,30763.0,2002.0,98.67,6.42,3.96,26294.0,643.0,85.47,2.09,1.49,4207.0,637.0,13.68,2.07,9.2,253.0,126.0,0.82,0.41,30.27,31178.0,,100,,,25338.0,580.0,81.27,1.86,1.39,24824.0,602.0,79.62,1.93,1.47,515.0,196.0,1.65,0.63,23.14,5840.0,605.0,18.73,1.94,6.3,3561.0,321.0,60.97,5.49,5.48,2279.0,321.0,39.02,5.49,8.56,2559.0,352.0,43.82,6.02,8.36,1970.0,324.0,33.73,5.54,10.0,122.0,89.0,2.09,1.53,44.35,163.0,118.0,2.79,2.02,44.01,783.0,243.0,13.41,4.16,18.87,246.0,128.0,4.21,2.19,31.63,29696.0,1889.0,95.25,6.06,3.87,23344.0,763.0,78.61,2.57,1.99,741.0,264.0,2.5,0.89,21.66,1380.0,407.0,4.65,1.37,17.93,28693.0,1643.0,92.03,5.27,3.48,20606.0,643.0,71.82,2.24,1.9,19834.0,646.0,69.13,2.25,1.98,752.0,227.0,2.62,0.79,18.35,24.0,89.0,0.08,0.31,225.43,8087.0,643.0,28.18,2.24,4.83,,,3.65,1.1,18.35,19367.0,636.0,62.12,2.04,2.0,1530.0,393.0,7.9,2.03,15.61,339.0,182.0,1.75,0.94,32.64,8121.0,676.0,41.93,3.49,5.06,6739.0,600.0,34.8,3.1,5.41,1733.0,393.0,8.95,2.03,13.79,19821.0,642.0,63.57,2.06,1.97,0.0,,0.0,,,112.0,93.0,0.57,0.47,50.48,269.0,123.0,1.36,0.62,27.8,551.0,250.0,2.78,1.26,27.58,1388.0,359.0,7.0,1.81,15.72,303.0,186.0,1.53,0.94,37.32,1356.0,333.0,6.84,1.68,14.93,5300.0,579.0,26.74,2.92,6.64,4962.0,569.0,25.03,2.87,6.97,3321.0,517.0,16.75,2.61,9.46,1283.0,297.0,6.47,1.5,14.07,639.0,244.0,3.22,1.23,23.21,340.0,137.0,1.72,0.69,24.49,1282.0,315.0,4.8,1.18,14.94,527.0,254.0,1.97,0.95,29.3,1209.0,379.0,4.53,1.42,19.06,728.0,278.0,2.73,1.04,23.21,1892.0,481.0,7.08,1.8,15.45,2737.0,529.0,10.25,1.98,11.75,2541.0,566.0,9.51,2.12,13.54,4008.0,620.0,15.01,2.32,9.4,2837.0,505.0,10.62,1.89,10.82,8923.0,764.0,33.41,2.86,5.2,21083.0,638.0,78.94,2.39,1.84,8244.0,670.0,30.87,2.51,4.94,3486.0,542.0,13.05,2.03,9.45,372.0,216.0,1.39,0.81,35.3,121.0,174.0,0.45,0.65,87.42,278.0,163.0,1.04,0.61,35.64,30368.0,268.0,97.49,0.86,0.54,26499.0,604.0,85.07,1.94,1.39,8534.0,723.0,27.4,2.32,5.15,783.0,268.0,2.51,0.86,20.81,13820.0,586.0,44.33,1.88,2.58,17359.0,586.0,55.68,1.88,2.05,1482.0,483.0,4.75,1.55,19.81,607.0,209.0,1.95,0.67,20.93,312.0,131.0,1.0,0.42,25.52,637.0,193.0,2.04,0.62,18.42,1205.0,340.0,3.86,1.09,17.15,6546.0,739.0,21.0,2.37,6.86,4530.0,611.0,14.53,1.96,8.2,3726.0,533.0,11.95,1.71,8.7,1560.0,359.0,5.0,1.15,13.99,2042.0,418.0,6.55,1.34,12.44,4273.0,521.0,13.71,1.67,7.41,2993.0,493.0,9.6,1.58,10.01,1264.0,334.0,4.05,1.07,16.06,28502.0,499.0,91.42,1.6,1.06,8527.0,708.0,27.35,2.27,5.05,26679.0,683.0,85.57,2.19,1.56,570.0,215.0,1.83,0.69,22.93,49.0,78.0,0.16,0.25,96.77,3268.0,589.0,10.48,1.89,10.96,0.0,,0.0,,,218.0,150.0,0.7,0.48,41.83,388.0,184.0,1.24,0.59,28.83,1838.0,571.0,5.9,1.83,18.89,29340.0,571.0,94.1,1.83,1.18,25073.0,823.0,80.42,2.64,2.0,498.0,209.0,1.6,0.67,25.51,49.0,78.0,0.16,0.25,96.77,3265.0,589.0,10.47,1.89,10.97,0.0,,0.0,,,88.0,137.0,0.28,0.44,94.64,367.0,184.0,1.18,0.59,30.48
10023,10023,10023,45206.0,,100,,,6968.0,624.0,15.41,1.38,5.44,9393.0,890.0,15.19,1.44,5.76,1552.0,334.0,16.52,3.56,13.08,472.0,189.0,5.03,2.01,24.34,2734.0,400.0,29.11,4.26,8.89,755.0,228.0,8.04,2.43,18.36,3878.0,414.0,41.29,4.41,6.49,50319.0,2084.0,81.38,3.37,2.52,564.0,236.0,1.12,0.47,25.44,706.0,342.0,1.4,0.68,29.45,3378.0,614.0,6.71,1.22,11.05,40832.0,896.0,81.15,1.78,1.33,53379.0,2251.0,86.33,3.64,2.56,1818.0,358.0,3.41,0.67,11.97,61782.0,43.0,99.92,0.07,0.04,4437.0,544.0,7.18,0.88,7.45,8450.0,717.0,13.67,1.16,5.16,119.0,98.0,1.41,1.16,50.06,42254.0,1175.0,68.34,1.9,1.69,1575.0,363.0,3.73,0.86,14.01,11059.0,791.0,17.89,1.28,4.35,2746.0,368.0,24.83,3.33,8.15,60766.0,2201.0,98.28,3.56,2.2,50761.0,1082.0,83.54,1.78,1.3,8732.0,1057.0,14.37,1.74,7.36,1264.0,334.0,2.08,0.55,16.06,61829.0,,100,,,47610.0,1138.0,77.0,1.84,1.45,45577.0,1218.0,73.71,1.97,1.62,2054.0,563.0,3.32,0.91,16.66,14219.0,1169.0,23.0,1.89,5.0,6762.0,670.0,47.56,4.71,6.02,7457.0,670.0,52.44,4.71,5.46,4733.0,563.0,33.29,3.96,7.23,5572.0,600.0,39.19,4.22,6.55,609.0,277.0,4.28,1.95,27.65,634.0,323.0,4.46,2.27,30.97,1986.0,432.0,13.97,3.04,13.22,686.0,273.0,4.82,1.92,24.19,57637.0,1101.0,93.22,1.78,1.16,41706.0,1182.0,72.36,2.05,1.72,3863.0,674.0,6.7,1.17,10.61,4242.0,680.0,7.36,1.18,9.74,53664.0,2269.0,86.79,3.67,2.57,38921.0,934.0,72.53,1.74,1.46,37073.0,961.0,69.08,1.79,1.58,1852.0,381.0,3.45,0.71,12.51,0.0,,0.0,,,14744.0,934.0,27.47,1.74,3.85,,,4.76,0.97,12.51,36190.0,884.0,58.53,1.43,1.48,1599.0,351.0,4.42,0.97,13.34,558.0,206.0,1.54,0.57,22.44,22134.0,883.0,61.16,2.44,2.43,6424.0,670.0,17.75,1.85,6.34,2861.0,528.0,7.91,1.46,11.22,37075.0,816.0,59.96,1.32,1.34,76.0,122.0,0.2,0.33,97.58,346.0,163.0,0.93,0.44,28.64,979.0,256.0,2.64,0.69,15.9,739.0,234.0,1.99,0.63,19.25,2185.0,408.0,5.89,1.1,11.35,259.0,126.0,0.7,0.34,29.57,3152.0,623.0,8.5,1.68,12.02,8417.0,819.0,22.7,2.21,5.92,8376.0,816.0,22.59,2.2,5.92,8131.0,842.0,21.93,2.27,6.3,2735.0,478.0,7.38,1.29,10.62,919.0,267.0,2.48,0.72,17.66,745.0,300.0,2.01,0.81,24.48,2457.0,538.0,5.44,1.19,13.31,998.0,307.0,2.21,0.68,18.7,2683.0,515.0,5.94,1.14,11.67,1776.0,434.0,3.93,0.96,14.86,2309.0,524.0,5.11,1.16,13.8,4566.0,750.0,10.1,1.66,9.99,4105.0,660.0,9.08,1.46,9.77,6869.0,836.0,15.19,1.85,7.4,5666.0,778.0,12.53,1.72,8.35,13794.0,972.0,30.51,2.15,4.28,36913.0,759.0,81.66,1.68,1.25,10764.0,796.0,23.81,1.76,4.5,5854.0,651.0,12.95,1.44,6.76,935.0,335.0,2.07,0.74,21.78,607.0,285.0,1.34,0.63,28.54,1553.0,425.0,3.44,0.94,16.64,59575.0,470.0,96.43,0.76,0.48,53575.0,945.0,86.72,1.53,1.07,13010.0,970.0,21.06,1.57,4.53,2207.0,470.0,3.57,0.76,12.95,28486.0,927.0,46.07,1.5,1.98,33344.0,927.0,53.93,1.5,1.69,4193.0,550.0,6.78,0.89,7.97,2134.0,390.0,3.45,0.63,11.11,1579.0,408.0,2.55,0.66,15.71,1364.0,303.0,2.21,0.49,13.5,2241.0,445.0,3.62,0.72,12.07,12502.0,1138.0,20.22,1.84,5.53,10633.0,847.0,17.2,1.37,4.84,8283.0,791.0,13.4,1.28,5.81,4119.0,624.0,6.66,1.01,9.21,3701.0,544.0,5.99,0.88,8.94,6138.0,612.0,9.93,0.99,6.06,2966.0,458.0,4.8,0.74,9.39,1980.0,396.0,3.2,0.64,12.16,53379.0,643.0,86.33,1.04,0.73,11078.0,810.0,17.92,1.31,4.44,50017.0,1063.0,80.9,1.72,1.29,2080.0,476.0,3.36,0.77,13.91,97.0,105.0,0.16,0.17,65.8,7232.0,884.0,11.7,1.43,7.43,21.0,68.0,0.03,0.11,196.84,920.0,538.0,1.49,0.87,35.55,1450.0,377.0,2.35,0.61,15.81,5807.0,723.0,9.39,1.17,7.57,56023.0,723.0,90.61,1.17,0.78,45631.0,1088.0,73.8,1.76,1.45,1798.0,433.0,2.91,0.7,14.64,42.0,80.0,0.07,0.13,115.79,7036.0,866.0,11.38,1.4,7.48,3.0,74.0,0.0,0.12,1499.49,196.0,223.0,0.32,0.36,69.16,1318.0,365.0,2.13,0.59,16.83
10024,10024,10024,35964.0,,100,,,7001.0,622.0,19.47,1.73,5.4,11004.0,940.0,18.15,1.55,5.19,1430.0,289.0,12.99,2.63,12.29,471.0,162.0,4.28,1.47,20.91,3991.0,413.0,36.27,3.75,6.29,1766.0,362.0,16.05,3.29,12.46,3346.0,436.0,30.41,3.96,7.92,48987.0,2044.0,80.78,3.37,2.54,1248.0,323.0,2.55,0.66,15.73,1362.0,363.0,2.78,0.74,16.2,3633.0,558.0,7.42,1.14,9.34,38196.0,882.0,77.97,1.8,1.4,50942.0,1649.0,84.0,2.72,1.97,1248.0,265.0,2.45,0.52,12.91,60203.0,267.0,99.27,0.44,0.27,5072.0,674.0,8.42,1.12,8.08,9701.0,837.0,16.0,1.38,5.24,258.0,192.0,2.66,1.98,45.24,39626.0,1304.0,65.34,2.15,2.0,1837.0,392.0,4.64,0.99,12.97,10866.0,716.0,17.92,1.18,4.01,2974.0,435.0,27.37,4.0,8.89,59908.0,2038.0,98.79,3.36,2.07,49914.0,1240.0,83.32,2.07,1.51,8789.0,1168.0,14.67,1.95,8.08,1211.0,599.0,2.02,1.0,30.07,60643.0,,100,,,49102.0,1092.0,80.97,1.8,1.35,47535.0,1104.0,78.38,1.82,1.41,1560.0,364.0,2.57,0.6,14.18,11541.0,1037.0,19.03,1.71,5.46,5781.0,582.0,50.09,5.04,6.12,5760.0,582.0,49.91,5.04,6.14,4150.0,501.0,35.96,4.34,7.34,3170.0,518.0,27.47,4.49,9.93,267.0,142.0,2.31,1.23,32.33,253.0,148.0,2.19,1.28,35.56,3215.0,464.0,27.86,4.02,8.77,491.0,195.0,4.25,1.69,24.14,57260.0,1789.0,94.42,2.95,1.9,43860.0,1202.0,76.6,2.1,1.67,4033.0,699.0,7.04,1.22,10.54,5120.0,802.0,8.94,1.4,9.52,51868.0,1759.0,85.53,2.9,2.06,37043.0,908.0,71.42,1.75,1.49,35699.0,944.0,68.83,1.82,1.61,1343.0,306.0,2.59,0.59,13.85,0.0,,0.0,,,14824.0,908.0,28.58,1.75,3.72,,,3.63,0.82,13.85,34973.0,1158.0,57.67,1.91,2.01,1830.0,367.0,5.23,1.05,12.19,583.0,238.0,1.67,0.68,24.82,25076.0,773.0,71.7,2.21,1.87,2559.0,469.0,7.32,1.34,11.14,3196.0,511.0,9.14,1.46,9.72,35696.0,1164.0,58.86,1.92,1.98,0.0,,0.0,,,606.0,300.0,1.7,0.84,30.09,1115.0,311.0,3.12,0.87,16.96,675.0,278.0,1.89,0.78,25.04,1300.0,325.0,3.64,0.91,15.2,426.0,157.0,1.19,0.44,22.4,2969.0,475.0,8.32,1.33,9.73,7187.0,685.0,20.13,1.92,5.79,8581.0,757.0,24.04,2.12,5.36,8142.0,732.0,22.81,2.05,5.47,2893.0,464.0,8.1,1.3,9.75,1108.0,264.0,3.1,0.74,14.48,687.0,218.0,1.92,0.61,19.29,1717.0,424.0,4.77,1.18,15.01,1172.0,288.0,3.26,0.8,14.94,2103.0,446.0,5.85,1.24,12.89,1627.0,360.0,4.52,1.0,13.45,2104.0,388.0,5.85,1.08,11.21,4271.0,586.0,11.88,1.63,8.34,3073.0,478.0,8.54,1.33,9.46,5618.0,640.0,15.62,1.78,6.93,3381.0,521.0,9.4,1.45,9.37,10888.0,809.0,30.27,2.25,4.52,29864.0,626.0,83.04,1.74,1.27,8579.0,640.0,23.85,1.78,4.54,4247.0,536.0,11.81,1.49,7.67,1111.0,327.0,3.09,0.91,17.89,357.0,147.0,0.99,0.41,25.03,1631.0,370.0,4.54,1.03,13.79,56741.0,722.0,94.25,1.2,0.77,49965.0,1005.0,82.99,1.67,1.22,13936.0,1005.0,23.15,1.67,4.38,3462.0,722.0,5.75,1.2,12.68,27581.0,898.0,45.48,1.48,1.98,33062.0,898.0,54.52,1.48,1.65,3383.0,576.0,5.58,0.95,10.35,2370.0,431.0,3.91,0.71,11.06,2552.0,443.0,4.21,0.73,10.55,1772.0,352.0,2.92,0.58,12.08,1598.0,291.0,2.64,0.48,11.07,10751.0,1013.0,17.73,1.67,5.73,9626.0,849.0,15.87,1.4,5.36,9205.0,855.0,15.18,1.41,5.65,4000.0,576.0,6.6,0.95,8.75,4148.0,582.0,6.84,0.96,8.53,6674.0,667.0,11.01,1.1,6.08,2734.0,406.0,4.51,0.67,9.03,1847.0,334.0,3.05,0.55,10.99,50942.0,734.0,84.0,1.21,0.88,11235.0,782.0,18.53,1.29,4.23,49614.0,1110.0,81.81,1.83,1.36,2965.0,588.0,4.89,0.97,12.06,226.0,267.0,0.37,0.44,71.82,4331.0,691.0,7.14,1.14,9.7,0.0,,0.0,,,1901.0,612.0,3.13,1.01,19.57,1611.0,497.0,2.66,0.82,18.75,7142.0,910.0,11.78,1.5,7.75,53501.0,910.0,88.22,1.5,1.03,45561.0,1170.0,75.13,1.93,1.56,2295.0,503.0,3.78,0.83,13.32,1.0,79.0,0.0,0.13,4802.43,4331.0,691.0,7.14,1.14,9.7,0.0,,0.0,,,146.0,194.0,0.24,0.32,80.78,1172.0,376.0,1.93,0.62,19.5
10025,10025,10025,48663.0,,100,,,10006.0,783.0,20.56,1.61,4.76,23904.0,1469.0,25.38,1.56,3.74,1523.0,356.0,6.37,1.49,14.21,664.0,234.0,2.78,0.98,21.42,6591.0,729.0,27.57,3.05,6.72,2956.0,500.0,12.37,2.09,10.28,12177.0,712.0,50.94,2.98,3.55,70146.0,2440.0,74.47,2.59,2.11,3361.0,603.0,4.79,0.86,10.91,3341.0,561.0,4.76,0.8,10.21,6735.0,835.0,9.6,1.19,7.54,47601.0,1228.0,67.86,1.75,1.57,79616.0,3005.0,84.52,3.19,2.29,2380.0,422.0,2.99,0.53,10.78,93017.0,377.0,98.75,0.4,0.25,10316.0,977.0,11.09,1.05,5.76,14533.0,1206.0,15.43,1.28,5.04,891.0,299.0,6.13,2.06,20.4,63051.0,1328.0,66.94,1.41,1.28,4245.0,694.0,6.73,1.1,9.94,15417.0,782.0,16.37,0.83,3.08,5167.0,552.0,33.51,3.58,6.49,93283.0,3561.0,99.03,3.78,2.32,77093.0,1623.0,82.64,1.74,1.28,13585.0,1493.0,14.56,1.6,6.68,2610.0,746.0,2.8,0.8,17.38,94194.0,,100,,,70087.0,1601.0,74.41,1.7,1.39,66325.0,1667.0,70.41,1.77,1.53,3772.0,622.0,4.0,0.66,10.02,24107.0,1686.0,25.59,1.79,4.25,12393.0,928.0,51.41,3.85,4.55,11714.0,928.0,48.59,3.85,4.82,5419.0,726.0,22.48,3.01,8.14,6770.0,836.0,28.08,3.47,7.51,667.0,258.0,2.77,1.07,23.51,288.0,178.0,1.19,0.74,37.57,9989.0,885.0,41.44,3.67,5.39,978.0,272.0,4.06,1.13,16.91,89653.0,2929.0,95.18,3.11,1.99,58751.0,1775.0,65.53,1.98,1.84,10978.0,1354.0,12.24,1.51,7.5,16350.0,1399.0,18.24,1.56,5.2,81057.0,3033.0,86.05,3.22,2.27,51546.0,1370.0,63.59,1.69,1.62,47580.0,1394.0,58.7,1.72,1.78,3957.0,640.0,4.88,0.79,9.83,16.0,105.0,0.02,0.13,398.94,29511.0,1370.0,36.41,1.69,2.82,,,7.68,1.22,9.83,46143.0,1507.0,48.99,1.6,1.99,2978.0,494.0,6.45,1.07,10.08,891.0,305.0,1.93,0.66,20.81,31692.0,978.0,68.68,2.12,1.88,5230.0,678.0,11.33,1.47,7.88,3299.0,503.0,7.15,1.09,9.27,47587.0,1451.0,50.52,1.54,1.85,77.0,114.0,0.16,0.24,90.0,670.0,305.0,1.41,0.64,27.67,950.0,290.0,2.0,0.61,18.56,675.0,266.0,1.42,0.56,23.96,2469.0,476.0,5.19,1.0,11.72,687.0,262.0,1.44,0.55,23.18,3459.0,523.0,7.27,1.1,9.19,5184.0,638.0,10.89,1.34,7.48,10021.0,842.0,21.06,1.77,5.11,15339.0,990.0,32.23,2.08,3.92,4441.0,638.0,9.33,1.34,8.73,2300.0,424.0,4.83,0.89,11.21,1294.0,338.0,2.72,0.71,15.88,5220.0,715.0,10.73,1.47,8.33,2532.0,477.0,5.2,0.98,11.45,3661.0,540.0,7.52,1.11,8.97,3132.0,535.0,6.44,1.1,10.38,2857.0,453.0,5.87,0.93,9.64,5839.0,696.0,12.0,1.43,7.25,4902.0,613.0,10.07,1.26,7.6,6308.0,667.0,12.96,1.37,6.43,4757.0,623.0,9.78,1.28,7.96,9440.0,735.0,19.4,1.51,4.73,37445.0,886.0,76.95,1.82,1.44,13264.0,822.0,27.26,1.69,3.77,6945.0,652.0,14.27,1.34,5.71,2881.0,535.0,5.92,1.1,11.29,867.0,307.0,1.78,0.63,21.53,5924.0,701.0,12.17,1.44,7.19,87998.0,828.0,94.6,0.89,0.57,71301.0,1591.0,76.65,1.71,1.36,28242.0,1591.0,30.36,1.71,3.42,5019.0,828.0,5.4,0.89,10.03,41595.0,1309.0,44.16,1.39,1.91,52599.0,1309.0,55.84,1.39,1.51,4540.0,791.0,4.82,0.84,10.59,3680.0,565.0,3.91,0.6,9.33,4298.0,669.0,4.56,0.71,9.46,4742.0,641.0,5.03,0.68,8.22,6759.0,744.0,7.18,0.79,6.69,16464.0,1234.0,17.48,1.31,4.56,12146.0,923.0,12.89,0.98,4.62,13497.0,1027.0,14.33,1.09,4.63,5319.0,725.0,5.65,0.77,8.29,6237.0,763.0,6.62,0.81,7.44,9325.0,819.0,9.9,0.87,5.34,4406.0,575.0,4.68,0.61,7.93,2767.0,480.0,2.94,0.51,10.55,79634.0,1017.0,84.54,1.08,0.78,16456.0,970.0,17.47,1.03,3.58,61445.0,1846.0,65.23,1.96,1.83,11947.0,1385.0,12.68,1.47,7.05,623.0,612.0,0.66,0.65,59.72,9046.0,1036.0,9.6,1.1,6.96,23.0,94.0,0.02,0.1,248.45,7045.0,1234.0,7.48,1.31,10.65,4090.0,885.0,4.34,0.94,13.15,21012.0,1686.0,22.31,1.79,4.88,73182.0,1686.0,77.69,1.79,1.4,51879.0,1677.0,55.08,1.78,1.97,9230.0,1074.0,9.8,1.14,7.07,94.0,104.0,0.1,0.11,67.26,9031.0,1036.0,9.59,1.1,6.97,23.0,94.0,0.02,0.1,248.45,586.0,405.0,0.62,0.43,42.01,2346.0,659.0,2.49,0.7,17.08
10026,10026,10026,15666.0,,100,,,3887.0,346.0,24.81,2.21,5.41,8583.0,705.0,22.65,1.86,4.99,711.0,207.0,8.28,2.41,17.7,768.0,234.0,8.95,2.73,18.52,2989.0,359.0,34.83,4.18,7.3,1586.0,276.0,18.48,3.21,10.58,2529.0,342.0,29.47,3.99,8.22,26350.0,1258.0,69.54,3.32,2.9,1574.0,316.0,5.97,1.2,12.2,3087.0,506.0,11.72,1.92,9.96,5478.0,569.0,20.79,2.16,6.31,11075.0,580.0,42.03,2.2,3.18,30012.0,1675.0,79.2,4.42,3.39,660.0,186.0,2.2,0.62,17.13,37650.0,155.0,99.35,0.41,0.25,3775.0,437.0,10.03,1.16,7.04,7863.0,758.0,20.75,2.0,5.86,202.0,112.0,2.57,1.42,33.71,26408.0,921.0,69.69,2.43,2.12,2022.0,335.0,7.66,1.27,10.07,3369.0,288.0,8.89,0.76,5.2,1562.0,208.0,46.36,6.16,8.09,37402.0,1895.0,98.7,5.0,3.08,33828.0,539.0,90.44,1.44,0.97,3212.0,505.0,8.59,1.35,9.56,361.0,176.0,0.97,0.47,29.64,37895.0,,100,,,28676.0,800.0,75.67,2.11,1.7,27438.0,803.0,72.41,2.12,1.78,1238.0,284.0,3.27,0.75,13.95,9219.0,750.0,24.33,1.98,4.95,4568.0,431.0,49.55,4.67,5.74,4651.0,431.0,50.45,4.67,5.63,1068.0,225.0,11.58,2.44,12.81,1464.0,329.0,15.88,3.57,13.66,2138.0,433.0,23.19,4.7,12.31,72.0,63.0,0.78,0.68,53.19,4304.0,478.0,46.69,5.18,6.75,173.0,88.0,1.88,0.95,30.92,34891.0,1296.0,92.07,3.42,2.26,23194.0,1008.0,66.48,2.89,2.64,3670.0,611.0,10.52,1.75,10.12,6014.0,820.0,17.24,2.35,8.29,30607.0,1713.0,80.77,4.52,3.4,19619.0,612.0,64.1,2.0,1.9,18043.0,627.0,58.95,2.05,2.11,1559.0,401.0,5.09,1.31,15.64,17.0,67.0,0.06,0.22,239.59,10989.0,612.0,35.9,2.0,3.39,,,7.95,2.03,15.64,17795.0,527.0,46.96,1.39,1.8,996.0,205.0,5.6,1.15,12.51,105.0,71.0,0.59,0.4,41.11,13866.0,500.0,77.92,2.81,2.19,1108.0,231.0,6.23,1.3,12.67,1310.0,356.0,7.36,2.0,16.52,18048.0,512.0,47.63,1.35,1.72,17.0,63.0,0.09,0.35,225.28,286.0,123.0,1.58,0.68,26.14,474.0,166.0,2.63,0.92,21.29,255.0,128.0,1.41,0.71,30.51,1615.0,354.0,8.95,1.96,13.32,728.0,208.0,4.03,1.15,17.37,914.0,206.0,5.06,1.14,13.7,1758.0,291.0,9.74,1.61,10.06,2731.0,401.0,15.13,2.22,8.93,5296.0,478.0,29.34,2.65,5.49,2333.0,370.0,12.93,2.05,9.64,984.0,245.0,5.45,1.36,15.14,659.0,170.0,3.65,0.94,15.68,2164.0,321.0,13.81,2.05,9.02,1281.0,254.0,8.18,1.62,12.05,1156.0,226.0,7.38,1.44,11.88,1106.0,227.0,7.06,1.45,12.48,1662.0,288.0,10.61,1.84,10.53,2403.0,329.0,15.34,2.1,8.32,1521.0,279.0,9.71,1.78,11.15,1878.0,302.0,11.99,1.93,9.78,1059.0,224.0,6.76,1.43,12.86,1421.0,240.0,9.07,1.53,10.27,12235.0,367.0,78.1,2.34,1.82,2696.0,298.0,17.21,1.9,6.72,1259.0,205.0,8.04,1.31,9.9,1364.0,249.0,8.71,1.59,11.1,490.0,155.0,3.13,0.99,19.23,2616.0,312.0,16.7,1.99,7.25,34223.0,580.0,90.9,1.54,1.03,20492.0,964.0,54.43,2.56,2.86,15329.0,949.0,40.71,2.52,3.76,3427.0,580.0,9.1,1.54,10.29,17821.0,743.0,47.03,1.96,2.53,20073.0,743.0,52.97,1.96,2.25,3004.0,447.0,7.93,1.18,9.05,1925.0,341.0,5.08,0.9,10.77,1903.0,394.0,5.02,1.04,12.59,1495.0,299.0,3.95,0.79,12.16,3213.0,515.0,8.48,1.36,9.74,7992.0,712.0,21.09,1.88,5.42,5384.0,489.0,14.21,1.29,5.52,5551.0,523.0,14.65,1.38,5.73,2388.0,333.0,6.3,0.88,8.48,1675.0,303.0,4.42,0.8,11.0,2002.0,284.0,5.28,0.75,8.62,883.0,189.0,2.33,0.5,13.01,490.0,178.0,1.29,0.47,22.08,30032.0,644.0,79.25,1.7,1.3,3369.0,330.0,8.89,0.87,5.95,9388.0,940.0,24.77,2.48,6.09,21459.0,1141.0,56.63,3.01,3.23,53.0,83.0,0.14,0.22,95.2,1918.0,409.0,5.06,1.08,12.96,28.0,87.0,0.07,0.23,188.88,3781.0,788.0,9.98,2.08,12.67,1267.0,394.0,3.34,1.04,18.9,7966.0,970.0,21.02,2.56,7.4,29929.0,970.0,78.98,2.56,1.97,7046.0,675.0,18.59,1.78,5.82,19949.0,1088.0,52.64,2.87,3.32,35.0,80.0,0.09,0.21,138.95,1918.0,409.0,5.06,1.08,12.96,0.0,,0.0,,,124.0,91.0,0.33,0.24,44.61,867.0,345.0,2.29,0.91,24.19
10027,10027,"10027, 10115",28718.0,,100,,,7444.0,526.0,25.92,1.83,4.3,21961.0,979.0,34.09,1.52,2.71,804.0,204.0,3.66,0.93,15.42,739.0,202.0,3.37,0.92,16.62,5166.0,446.0,23.52,2.03,5.25,2526.0,356.0,11.5,1.62,8.57,12732.0,452.0,57.98,2.06,2.16,40681.0,1063.0,63.15,1.65,1.59,3270.0,480.0,8.04,1.18,8.92,3921.0,517.0,9.64,1.27,8.02,8410.0,708.0,20.67,1.74,5.12,18394.0,805.0,45.22,1.98,2.66,52634.0,1965.0,81.7,3.05,2.27,981.0,205.0,1.86,0.39,12.7,64298.0,432.0,99.81,0.67,0.41,6800.0,656.0,10.58,1.02,5.86,11749.0,825.0,18.24,1.28,4.27,276.0,115.0,2.35,0.98,25.33,46305.0,747.0,71.88,1.16,0.98,4020.0,537.0,8.68,1.16,8.12,6221.0,490.0,9.66,0.76,4.79,2487.0,305.0,39.98,4.9,7.46,63844.0,2113.0,99.11,3.28,2.01,56065.0,811.0,87.82,1.27,0.88,6442.0,702.0,10.09,1.1,6.62,1326.0,332.0,2.08,0.52,15.22,64420.0,,100,,,46524.0,1089.0,72.22,1.69,1.42,44495.0,1076.0,69.07,1.67,1.47,2017.0,361.0,3.13,0.56,10.88,17896.0,1069.0,27.78,1.66,3.63,7246.0,632.0,40.49,3.53,5.3,10649.0,632.0,59.51,3.53,3.61,2381.0,335.0,13.3,1.87,8.55,4892.0,632.0,27.34,3.53,7.85,2095.0,404.0,11.71,2.26,11.72,91.0,97.0,0.51,0.54,64.8,8056.0,719.0,45.02,4.02,5.43,381.0,143.0,2.13,0.8,22.82,60822.0,1565.0,94.42,2.43,1.56,37046.0,1296.0,60.91,2.13,2.13,8339.0,803.0,13.71,1.32,5.85,12854.0,997.0,21.13,1.64,4.72,53881.0,1933.0,83.64,3.0,2.18,29131.0,1008.0,54.07,1.87,2.1,27224.0,1008.0,50.53,1.87,2.25,1885.0,350.0,3.5,0.65,11.29,15.0,97.0,0.03,0.18,393.11,24751.0,1008.0,45.94,1.87,2.48,,,6.47,1.18,11.29,26946.0,953.0,41.83,1.48,2.15,1894.0,391.0,7.03,1.45,12.55,347.0,127.0,1.29,0.47,22.25,18423.0,617.0,68.37,2.29,2.04,3783.0,393.0,14.04,1.46,6.32,1927.0,345.0,7.15,1.28,10.88,27226.0,953.0,42.26,1.48,2.13,0.0,,0.0,,,526.0,185.0,1.93,0.68,21.38,850.0,242.0,3.12,0.89,17.31,432.0,215.0,1.59,0.79,30.25,2670.0,449.0,9.81,1.65,10.22,987.0,240.0,3.63,0.88,14.78,1123.0,231.0,4.12,0.85,12.5,2387.0,376.0,8.77,1.38,9.58,3214.0,368.0,11.8,1.35,6.96,9597.0,596.0,35.25,2.19,3.78,2855.0,408.0,10.49,1.5,8.69,1725.0,332.0,6.34,1.22,11.7,863.0,221.0,3.17,0.81,15.57,5531.0,638.0,19.26,2.22,7.01,1951.0,353.0,6.79,1.23,11.0,2625.0,393.0,9.14,1.37,9.1,2378.0,422.0,8.28,1.47,10.79,3114.0,425.0,10.84,1.48,8.3,3622.0,414.0,12.61,1.44,6.95,2466.0,370.0,8.59,1.29,9.12,3184.0,416.0,11.09,1.45,7.94,1605.0,299.0,5.59,1.04,11.32,2244.0,336.0,7.81,1.17,9.1,21056.0,626.0,73.32,2.18,1.81,6201.0,514.0,21.59,1.79,5.04,2658.0,347.0,9.26,1.21,7.94,2606.0,382.0,9.07,1.33,8.91,1334.0,273.0,4.65,0.95,12.44,4370.0,465.0,15.22,1.62,6.47,58597.0,714.0,91.13,1.11,0.74,37362.0,1286.0,58.11,2.0,2.09,24882.0,1260.0,38.7,1.96,3.08,5701.0,714.0,8.87,1.11,7.61,29948.0,895.0,46.49,1.39,1.82,34472.0,895.0,53.51,1.39,1.58,3597.0,548.0,5.58,0.85,9.26,3243.0,393.0,5.03,0.61,7.37,2959.0,444.0,4.59,0.69,9.12,5386.0,470.0,8.36,0.73,5.3,8563.0,734.0,13.29,1.14,5.21,12429.0,844.0,19.29,1.31,4.13,8268.0,664.0,12.83,1.03,4.88,7453.0,618.0,11.57,0.96,5.04,3409.0,419.0,5.29,0.65,7.47,2862.0,393.0,4.44,0.61,8.35,3532.0,438.0,5.48,0.68,7.54,2067.0,322.0,3.21,0.5,9.47,663.0,187.0,1.03,0.29,17.15,52649.0,728.0,81.73,1.13,0.84,6248.0,535.0,9.7,0.83,5.21,19200.0,1024.0,29.8,1.59,3.24,27214.0,1308.0,42.24,2.03,2.92,277.0,180.0,0.43,0.28,39.5,6041.0,805.0,9.38,1.25,8.1,23.0,97.0,0.04,0.15,256.38,9391.0,1056.0,14.58,1.64,6.84,2278.0,477.0,3.54,0.74,12.73,15874.0,1114.0,24.64,1.73,4.27,48546.0,1114.0,75.36,1.73,1.39,15702.0,934.0,24.37,1.45,3.62,24698.0,1205.0,38.34,1.87,2.97,125.0,122.0,0.19,0.19,59.33,6010.0,805.0,9.33,1.25,8.14,23.0,97.0,0.04,0.15,256.38,343.0,348.0,0.53,0.54,61.68,1641.0,399.0,2.55,0.62,14.78
10028,10028,10028,29799.0,,100,,,4707.0,459.0,15.8,1.54,5.93,7171.0,621.0,15.35,1.33,5.26,676.0,189.0,9.43,2.63,17.0,291.0,163.0,4.06,2.27,34.05,3007.0,328.0,41.93,4.58,6.63,1007.0,206.0,14.04,2.87,12.44,2189.0,344.0,30.53,4.8,9.55,38573.0,981.0,82.55,2.1,1.55,445.0,231.0,1.15,0.6,31.56,404.0,166.0,1.05,0.43,24.98,2090.0,440.0,5.42,1.14,12.8,31499.0,729.0,81.66,1.89,1.41,40345.0,1051.0,86.35,2.25,1.58,1466.0,286.0,3.63,0.71,11.86,46513.0,206.0,99.55,0.44,0.27,3136.0,451.0,6.74,0.97,8.74,6372.0,570.0,13.64,1.22,5.44,78.0,85.0,1.22,1.33,66.25,30915.0,958.0,66.16,2.05,1.88,848.0,247.0,2.74,0.8,17.71,9218.0,500.0,19.73,1.07,3.3,2207.0,341.0,23.94,3.7,9.39,46343.0,920.0,99.18,1.97,1.21,39210.0,936.0,84.61,2.02,1.45,6647.0,904.0,14.34,1.95,8.27,488.0,227.0,1.05,0.49,28.28,46725.0,,100,,,37711.0,864.0,80.71,1.85,1.39,36552.0,916.0,78.23,1.96,1.52,1159.0,322.0,2.48,0.69,16.89,9014.0,850.0,19.29,1.82,5.73,4806.0,489.0,53.32,5.42,6.19,4208.0,489.0,46.68,5.42,7.06,3872.0,483.0,42.95,5.36,7.58,2715.0,448.0,30.12,4.97,10.03,388.0,249.0,4.3,2.76,39.01,353.0,193.0,3.92,2.14,33.24,1496.0,332.0,16.6,3.68,13.49,192.0,80.0,2.13,0.89,25.33,44839.0,1589.0,95.96,3.4,2.15,34999.0,955.0,78.06,2.13,1.66,1833.0,421.0,4.09,0.94,13.96,2346.0,543.0,5.23,1.21,14.07,40793.0,977.0,87.3,2.09,1.46,29795.0,747.0,73.04,1.83,1.52,28729.0,763.0,70.43,1.87,1.61,1059.0,249.0,2.6,0.61,14.29,0.0,,0.0,,,10999.0,747.0,26.96,1.83,4.13,,,3.55,0.83,14.29,28424.0,1047.0,60.83,2.24,2.24,1957.0,395.0,6.89,1.39,12.27,251.0,114.0,0.88,0.4,27.61,17360.0,750.0,61.08,2.64,2.63,3792.0,523.0,13.34,1.84,8.38,2528.0,418.0,8.89,1.47,10.05,28737.0,1042.0,61.5,2.23,2.2,8.0,72.0,0.03,0.25,547.11,306.0,141.0,1.06,0.49,28.01,795.0,221.0,2.77,0.77,16.9,866.0,259.0,3.01,0.9,18.18,1465.0,362.0,5.1,1.26,15.02,205.0,106.0,0.71,0.37,31.43,2243.0,402.0,7.81,1.4,10.9,6849.0,649.0,23.83,2.26,5.76,7112.0,707.0,24.75,2.46,6.04,5697.0,575.0,19.82,2.0,6.14,1714.0,445.0,5.96,1.55,15.78,1006.0,325.0,3.5,1.13,19.64,469.0,155.0,1.63,0.54,20.09,1015.0,235.0,3.41,0.79,14.07,968.0,316.0,3.25,1.06,19.84,1651.0,367.0,5.54,1.23,13.51,818.0,289.0,2.75,0.97,21.48,1604.0,343.0,5.38,1.15,13.0,3373.0,516.0,11.32,1.73,9.3,3474.0,527.0,11.66,1.77,9.22,5150.0,667.0,17.28,2.24,7.87,3072.0,548.0,10.31,1.84,10.84,8673.0,712.0,29.11,2.39,4.99,24752.0,513.0,83.06,1.72,1.26,8016.0,548.0,26.9,1.84,4.16,3330.0,456.0,11.17,1.53,8.32,528.0,194.0,1.77,0.65,22.34,267.0,143.0,0.9,0.48,32.56,692.0,292.0,2.32,0.98,25.65,44511.0,512.0,95.7,1.1,0.7,39873.0,767.0,85.72,1.65,1.17,10322.0,754.0,22.19,1.62,4.44,2002.0,512.0,4.3,1.1,15.55,20523.0,748.0,43.92,1.6,2.22,26202.0,748.0,56.08,1.6,1.74,1887.0,346.0,4.04,0.74,11.15,1917.0,355.0,4.1,0.76,11.26,1754.0,280.0,3.75,0.6,9.7,1206.0,299.0,2.58,0.64,15.07,1375.0,304.0,2.94,0.65,13.44,11439.0,1009.0,24.48,2.16,5.36,6852.0,706.0,14.66,1.51,6.26,5374.0,537.0,11.5,1.15,6.07,2974.0,477.0,6.36,1.02,9.75,2523.0,392.0,5.4,0.84,9.45,5367.0,514.0,11.49,1.1,5.82,2663.0,392.0,5.7,0.84,8.95,1389.0,290.0,2.97,0.62,12.69,40345.0,537.0,86.35,1.15,0.81,9422.0,607.0,20.16,1.3,3.92,40597.0,897.0,86.88,1.92,1.34,669.0,299.0,1.43,0.64,27.17,47.0,84.0,0.1,0.18,108.65,3952.0,682.0,8.46,1.46,10.49,100.0,150.0,0.21,0.32,91.19,410.0,210.0,0.88,0.45,31.14,967.0,318.0,2.07,0.68,19.99,3119.0,668.0,6.68,1.43,13.02,43607.0,668.0,93.33,1.43,0.93,37968.0,1009.0,81.26,2.16,1.62,625.0,290.0,1.34,0.62,28.21,47.0,84.0,0.1,0.18,108.65,3922.0,682.0,8.39,1.46,10.57,100.0,150.0,0.21,0.32,91.19,105.0,93.0,0.22,0.2,53.84,829.0,280.0,1.77,0.6,20.53
10029,10029,10029,34378.0,,100,,,9207.0,608.0,26.78,1.77,4.01,19935.0,1091.0,25.94,1.42,3.33,1170.0,263.0,5.87,1.32,13.66,839.0,253.0,4.21,1.27,18.33,6856.0,528.0,34.39,2.65,4.68,4234.0,449.0,21.24,2.25,6.45,6837.0,546.0,34.3,2.74,4.85,52518.0,1368.0,68.33,1.78,1.58,5373.0,635.0,10.23,1.21,7.18,6979.0,714.0,13.29,1.36,6.22,12272.0,840.0,23.37,1.6,4.16,18594.0,940.0,35.41,1.79,3.07,61478.0,1960.0,79.98,2.55,1.94,1173.0,283.0,1.91,0.46,14.67,76026.0,1522.0,98.91,1.98,1.22,9970.0,775.0,13.11,1.02,4.73,15359.0,999.0,19.98,1.3,3.95,873.0,264.0,5.68,1.72,18.38,51462.0,1107.0,66.95,1.44,1.31,5425.0,561.0,10.54,1.09,6.29,9213.0,500.0,11.99,0.65,3.3,3677.0,356.0,39.91,3.86,5.89,76285.0,2168.0,99.25,2.82,1.73,68387.0,885.0,89.65,1.16,0.79,6901.0,847.0,9.05,1.11,7.46,992.0,298.0,1.3,0.39,18.26,76862.0,,100,,,57701.0,1261.0,75.07,1.64,1.33,51543.0,1230.0,67.06,1.6,1.45,6143.0,684.0,7.99,0.89,6.77,19161.0,1299.0,24.93,1.69,4.12,8710.0,642.0,45.46,3.35,4.48,10452.0,642.0,54.55,3.35,3.73,2010.0,389.0,10.49,2.03,11.76,5329.0,544.0,27.81,2.84,6.21,1096.0,368.0,5.72,1.92,20.41,206.0,169.0,1.08,0.88,49.87,10432.0,655.0,54.44,3.42,3.82,84.0,90.0,0.44,0.47,65.13,73084.0,2560.0,95.08,3.33,2.13,33101.0,1403.0,45.29,1.92,2.58,14305.0,1045.0,19.57,1.43,4.44,29823.0,1396.0,40.81,1.91,2.85,63438.0,1776.0,82.53,2.31,1.7,36476.0,1053.0,57.5,1.66,1.75,32372.0,1097.0,51.03,1.73,2.06,4113.0,508.0,6.48,0.8,7.51,25.0,102.0,0.04,0.16,248.02,26961.0,1053.0,42.5,1.66,2.37,,,11.28,1.35,7.51,31846.0,1099.0,41.43,1.43,2.1,2223.0,357.0,6.98,1.12,9.76,298.0,131.0,0.94,0.41,26.72,21862.0,710.0,68.65,2.23,1.97,5283.0,576.0,16.59,1.81,6.63,1276.0,312.0,4.01,0.98,14.86,32349.0,1091.0,42.09,1.42,2.05,45.0,107.0,0.14,0.33,144.55,949.0,262.0,2.93,0.81,16.78,817.0,243.0,2.53,0.75,18.08,450.0,171.0,1.39,0.53,23.1,3546.0,531.0,10.96,1.64,9.1,1232.0,281.0,3.81,0.87,13.87,1367.0,272.0,4.23,0.84,12.1,2944.0,408.0,9.1,1.26,8.42,3994.0,453.0,12.35,1.4,6.89,9608.0,725.0,29.7,2.24,4.59,4505.0,576.0,13.93,1.78,7.77,1814.0,349.0,5.61,1.08,11.7,1079.0,278.0,3.34,0.86,15.66,6013.0,595.0,17.49,1.73,6.02,3860.0,471.0,11.23,1.37,7.42,4610.0,488.0,13.41,1.42,6.44,3539.0,468.0,10.29,1.36,8.04,3699.0,471.0,10.76,1.37,7.74,4482.0,485.0,13.04,1.41,6.58,2984.0,447.0,8.68,1.3,9.11,2508.0,344.0,7.3,1.0,8.34,944.0,234.0,2.75,0.68,15.07,1749.0,248.0,5.09,0.72,8.62,23938.0,670.0,69.63,1.95,1.7,8791.0,547.0,25.57,1.59,3.78,3380.0,395.0,9.83,1.15,7.1,5313.0,512.0,15.45,1.49,5.86,2003.0,364.0,5.83,1.06,11.05,10818.0,660.0,31.47,1.92,3.71,67499.0,943.0,88.78,1.24,0.85,35801.0,1680.0,47.09,2.21,2.85,36298.0,1574.0,47.74,2.07,2.64,8528.0,943.0,11.22,1.24,6.72,35298.0,1084.0,45.92,1.41,1.87,41564.0,1084.0,54.08,1.41,1.59,3779.0,546.0,4.92,0.71,8.78,3886.0,446.0,5.06,0.58,6.98,4613.0,500.0,6.0,0.65,6.59,5262.0,515.0,6.85,0.67,5.95,6792.0,630.0,8.84,0.82,5.64,15045.0,1030.0,19.57,1.34,4.16,10395.0,776.0,13.52,1.01,4.54,8820.0,699.0,11.48,0.91,4.82,4158.0,469.0,5.41,0.61,6.86,4473.0,530.0,5.82,0.69,7.2,4883.0,507.0,6.35,0.66,6.31,3359.0,400.0,4.37,0.52,7.24,1376.0,261.0,1.79,0.34,11.53,61503.0,869.0,80.02,1.13,0.86,9625.0,615.0,12.52,0.8,3.88,26987.0,1576.0,35.11,2.05,3.55,22082.0,1430.0,28.73,1.86,3.94,188.0,138.0,0.24,0.18,44.62,6691.0,730.0,8.71,0.95,6.63,100.0,154.0,0.13,0.2,93.62,18797.0,1752.0,24.46,2.28,5.67,2045.0,400.0,2.66,0.52,11.89,36432.0,1391.0,47.4,1.81,2.32,40430.0,1391.0,52.6,1.81,2.09,13459.0,899.0,17.51,1.17,4.06,18657.0,1261.0,24.27,1.64,4.11,0.0,,0.0,,,6615.0,730.0,8.61,0.95,6.71,80.0,154.0,0.1,0.2,117.02,676.0,277.0,0.88,0.36,24.91,959.0,254.0,1.25,0.33,16.1
10030,10030,10030,14166.0,,100,,,3656.0,358.0,25.81,2.53,5.95,7335.0,641.0,23.82,2.08,5.31,575.0,184.0,7.84,2.51,19.45,426.0,147.0,5.81,2.0,20.98,2235.0,282.0,30.47,3.84,7.67,1332.0,216.0,18.16,2.95,9.86,2766.0,277.0,37.71,3.77,6.09,21442.0,1106.0,69.62,3.59,3.14,1723.0,347.0,8.04,1.62,12.24,3012.0,465.0,14.05,2.17,9.38,5428.0,547.0,25.32,2.55,6.13,6526.0,536.0,30.44,2.5,4.99,24999.0,1469.0,81.17,4.77,3.57,631.0,170.0,2.52,0.68,16.38,30782.0,31.0,99.95,0.1,0.06,4302.0,477.0,13.98,1.55,6.74,5796.0,561.0,18.82,1.82,5.88,171.0,120.0,2.95,2.07,42.66,22286.0,659.0,72.36,2.14,1.8,2619.0,379.0,11.75,1.7,8.8,2692.0,274.0,8.74,0.89,6.19,1507.0,170.0,55.99,6.3,6.86,30429.0,1414.0,98.81,4.59,2.82,26385.0,551.0,86.71,1.81,1.27,3585.0,533.0,11.78,1.75,9.04,467.0,210.0,1.53,0.69,27.34,30797.0,,100,,,23902.0,711.0,77.61,2.31,1.81,23142.0,718.0,75.14,2.33,1.89,752.0,203.0,2.44,0.66,16.41,6895.0,748.0,22.39,2.43,6.59,3120.0,323.0,45.25,4.69,6.29,3775.0,323.0,54.75,4.69,5.2,439.0,145.0,6.37,2.11,20.08,623.0,217.0,9.04,3.15,21.17,2025.0,404.0,29.37,5.86,12.13,20.0,61.0,0.29,0.88,185.41,3774.0,380.0,54.73,5.51,6.12,15.0,54.0,0.22,0.78,218.84,28645.0,1854.0,93.01,6.02,3.93,19117.0,839.0,66.74,2.93,2.67,3567.0,607.0,12.45,2.12,10.34,6029.0,670.0,21.05,2.34,6.76,25446.0,1469.0,82.62,4.77,3.51,16769.0,646.0,65.9,2.54,2.34,14434.0,679.0,56.72,2.67,2.86,2327.0,387.0,9.14,1.52,10.11,0.0,,0.0,,,8677.0,646.0,34.1,2.54,4.53,,,13.88,2.25,10.11,13926.0,690.0,45.22,2.24,3.01,1063.0,253.0,7.63,1.82,14.47,376.0,166.0,2.7,1.19,26.84,10071.0,450.0,72.32,3.23,2.72,1124.0,299.0,8.07,2.15,16.17,812.0,231.0,5.83,1.66,17.29,14433.0,702.0,46.86,2.28,2.96,4.0,59.0,0.03,0.41,896.66,481.0,173.0,3.33,1.2,21.86,330.0,140.0,2.29,0.97,25.79,204.0,105.0,1.41,0.73,31.29,1742.0,320.0,12.07,2.22,11.17,996.0,258.0,6.9,1.79,15.75,444.0,131.0,3.08,0.91,17.94,918.0,240.0,6.36,1.66,15.89,1954.0,346.0,13.54,2.4,10.76,3540.0,419.0,24.53,2.9,7.2,2671.0,391.0,18.51,2.71,8.9,692.0,208.0,4.79,1.44,18.27,457.0,117.0,3.17,0.81,15.56,2318.0,370.0,16.36,2.61,9.7,1184.0,279.0,8.36,1.97,14.32,1875.0,319.0,13.24,2.25,10.34,1708.0,303.0,12.06,2.14,10.78,1361.0,265.0,9.61,1.87,11.84,2127.0,336.0,15.01,2.37,9.6,951.0,212.0,6.71,1.5,13.55,1553.0,282.0,10.96,1.99,11.04,469.0,139.0,3.31,0.98,18.02,624.0,170.0,4.4,1.2,16.56,10602.0,365.0,74.84,2.58,2.09,3008.0,333.0,21.23,2.35,6.73,1413.0,259.0,9.97,1.83,11.14,1470.0,262.0,10.38,1.85,10.83,1035.0,276.0,7.31,1.95,16.21,4075.0,429.0,28.77,3.03,6.4,26644.0,616.0,86.56,2.0,1.41,13284.0,920.0,43.15,2.99,4.21,15021.0,828.0,48.8,2.69,3.35,4139.0,616.0,13.45,2.0,9.05,15036.0,659.0,48.82,2.14,2.66,15761.0,659.0,51.18,2.14,2.54,2152.0,385.0,6.99,1.25,10.88,1350.0,246.0,4.38,0.8,11.08,1516.0,311.0,4.92,1.01,12.47,1702.0,286.0,5.53,0.93,10.22,2661.0,425.0,8.64,1.38,9.71,6532.0,591.0,21.21,1.92,5.5,4605.0,459.0,14.95,1.49,6.06,4341.0,511.0,14.1,1.66,7.16,1735.0,320.0,5.63,1.04,11.21,1506.0,271.0,4.89,0.88,10.94,1635.0,243.0,5.31,0.79,9.03,607.0,169.0,1.97,0.55,16.93,447.0,163.0,1.45,0.53,22.17,24999.0,496.0,81.17,1.61,1.21,2699.0,336.0,8.76,1.09,7.57,5428.0,788.0,17.63,2.56,8.83,19334.0,1099.0,62.78,3.57,3.46,99.0,99.0,0.32,0.32,60.79,712.0,240.0,2.31,0.78,20.49,72.0,114.0,0.23,0.37,96.25,3246.0,779.0,10.54,2.53,14.59,1899.0,502.0,6.17,1.63,16.07,8086.0,893.0,26.26,2.9,6.71,22711.0,893.0,73.74,2.9,2.39,3387.0,490.0,11.0,1.59,8.79,17392.0,1047.0,56.47,3.4,3.66,99.0,99.0,0.32,0.32,60.79,710.0,240.0,2.31,0.78,20.55,72.0,114.0,0.23,0.37,96.25,134.0,120.0,0.44,0.39,54.44,901.0,249.0,2.93,0.81,16.8
10031,10031,10031,23627.0,,100,,,6340.0,480.0,26.83,2.03,4.6,14915.0,908.0,24.64,1.5,3.7,659.0,218.0,4.42,1.46,20.11,820.0,239.0,5.5,1.6,17.72,4299.0,531.0,28.82,3.56,7.51,2794.0,433.0,18.73,2.9,9.42,6341.0,570.0,42.51,3.82,5.46,42467.0,1362.0,70.16,2.25,1.95,6240.0,752.0,14.69,1.77,7.33,5604.0,722.0,13.2,1.7,7.83,8618.0,841.0,20.29,1.98,5.93,13782.0,981.0,32.45,2.31,4.33,50075.0,1864.0,82.72,3.08,2.26,748.0,215.0,1.49,0.43,17.47,60506.0,1065.0,99.96,1.76,1.07,6794.0,647.0,11.23,1.07,5.79,10452.0,817.0,17.27,1.35,4.75,113.0,93.0,1.08,0.89,50.03,43598.0,969.0,72.02,1.6,1.35,3755.0,497.0,8.61,1.14,8.05,6450.0,496.0,10.66,0.82,4.67,2927.0,323.0,45.38,5.01,6.71,59968.0,1731.0,99.07,2.86,1.75,52481.0,888.0,87.51,1.48,1.03,6704.0,858.0,11.18,1.43,7.78,780.0,276.0,1.3,0.46,21.51,60533.0,,100,,,36842.0,1283.0,60.86,2.12,2.12,35287.0,1301.0,58.29,2.15,2.24,1547.0,369.0,2.56,0.61,14.5,23691.0,1235.0,39.14,2.04,3.17,11019.0,796.0,46.51,3.36,4.39,12671.0,796.0,53.49,3.36,3.82,1300.0,303.0,5.49,1.28,14.17,1860.0,519.0,7.85,2.19,16.96,1269.0,370.0,5.36,1.56,17.72,108.0,102.0,0.46,0.43,57.41,18915.0,708.0,79.84,2.99,2.28,236.0,178.0,1.0,0.75,45.85,57597.0,2621.0,95.15,4.33,2.77,24111.0,1382.0,41.86,2.4,3.48,15049.0,1158.0,26.13,2.01,4.68,27163.0,1377.0,47.16,2.39,3.08,51526.0,1544.0,85.12,2.55,1.82,35147.0,922.0,68.21,1.79,1.59,31737.0,943.0,61.59,1.83,1.81,3425.0,551.0,6.65,1.07,9.78,0.0,,0.0,,,16378.0,922.0,31.79,1.79,3.42,,,9.74,1.55,9.78,30624.0,999.0,50.59,1.65,1.98,2082.0,438.0,6.8,1.43,12.79,587.0,239.0,1.92,0.78,24.75,23368.0,747.0,76.31,2.44,1.94,1884.0,447.0,6.15,1.46,14.42,1711.0,371.0,5.59,1.21,13.18,31724.0,969.0,52.41,1.6,1.86,27.0,89.0,0.09,0.28,200.38,1705.0,428.0,5.37,1.35,15.26,815.0,241.0,2.57,0.76,17.98,595.0,241.0,1.88,0.76,24.62,3138.0,549.0,9.89,1.73,10.64,1181.0,282.0,3.72,0.89,14.52,1266.0,295.0,3.99,0.93,14.17,1900.0,409.0,5.99,1.29,13.09,3534.0,501.0,11.14,1.58,8.62,8411.0,746.0,26.51,2.35,5.39,6639.0,765.0,20.93,2.41,7.0,1617.0,378.0,5.1,1.19,14.21,880.0,263.0,2.77,0.83,18.17,3428.0,421.0,14.51,1.78,7.47,1706.0,307.0,7.22,1.3,10.94,2276.0,357.0,9.63,1.51,9.54,3018.0,397.0,12.77,1.68,8.0,2846.0,404.0,12.05,1.71,8.63,4136.0,496.0,17.51,2.1,7.29,2454.0,390.0,10.39,1.65,9.66,2013.0,338.0,8.52,1.43,10.21,1037.0,276.0,4.39,1.17,16.18,707.0,172.0,2.99,0.73,14.79,18743.0,456.0,79.33,1.93,1.48,5461.0,430.0,23.11,1.82,4.79,2230.0,307.0,9.44,1.3,8.37,2528.0,369.0,10.7,1.56,8.87,931.0,224.0,3.94,0.95,14.63,7007.0,522.0,29.66,2.21,4.53,51254.0,1047.0,84.71,1.73,1.24,26610.0,1549.0,43.98,2.56,3.54,27214.0,1416.0,44.98,2.34,3.16,9252.0,1047.0,15.29,1.73,6.88,29931.0,1041.0,49.45,1.72,2.11,30602.0,1041.0,50.55,1.72,2.07,2936.0,521.0,4.85,0.86,10.79,2829.0,460.0,4.67,0.76,9.88,2615.0,412.0,4.32,0.68,9.58,3500.0,484.0,5.78,0.8,8.41,6227.0,690.0,10.29,1.14,6.74,13369.0,1096.0,22.09,1.81,4.98,8617.0,841.0,14.24,1.39,5.93,8183.0,732.0,13.52,1.21,5.44,3068.0,460.0,5.07,0.76,9.11,2792.0,424.0,4.61,0.7,9.23,3532.0,412.0,5.83,0.68,7.09,2016.0,351.0,3.33,0.58,10.58,934.0,260.0,1.54,0.43,16.92,50075.0,751.0,82.72,1.24,0.91,6452.0,551.0,10.66,0.91,5.19,17287.0,1356.0,28.56,2.24,4.77,19769.0,1531.0,32.66,2.53,4.71,250.0,169.0,0.41,0.28,41.09,2231.0,587.0,3.69,0.97,15.99,2.0,91.0,0.0,0.15,2765.96,10645.0,1495.0,17.59,2.47,8.54,10348.0,1465.0,17.09,2.42,8.61,30905.0,1477.0,51.05,2.44,2.91,29628.0,1477.0,48.95,2.44,3.03,9247.0,866.0,15.28,1.43,5.69,15728.0,1289.0,25.98,2.13,4.98,49.0,91.0,0.08,0.15,112.9,2209.0,581.0,3.65,0.96,15.99,2.0,91.0,0.0,0.15,2765.96,127.0,109.0,0.21,0.18,52.17,2257.0,617.0,3.73,1.02,16.62
10032,10032,10032,22135.0,,100,,,5604.0,511.0,25.32,2.31,5.54,13981.0,987.0,21.95,1.55,4.29,500.0,194.0,3.58,1.39,23.59,581.0,238.0,4.16,1.7,24.9,4078.0,488.0,29.17,3.49,7.27,2766.0,424.0,19.78,3.03,9.32,6057.0,566.0,43.32,4.05,5.68,46735.0,1509.0,73.39,2.37,1.96,8842.0,897.0,18.92,1.92,6.17,5736.0,855.0,12.27,1.83,9.06,8967.0,837.0,19.19,1.79,5.67,13945.0,1061.0,29.84,2.27,4.63,53564.0,2592.0,84.11,4.07,2.94,1259.0,311.0,2.35,0.58,15.02,63482.0,159.0,99.68,0.25,0.15,8859.0,870.0,13.96,1.37,5.97,10111.0,1102.0,15.88,1.73,6.63,439.0,175.0,4.34,1.73,24.23,45902.0,1656.0,72.08,2.6,2.19,5024.0,647.0,10.95,1.41,7.83,7467.0,478.0,11.73,0.75,3.89,3392.0,343.0,45.43,4.59,6.15,63104.0,2051.0,99.09,3.22,1.98,55554.0,978.0,88.04,1.55,1.07,6460.0,915.0,10.24,1.45,8.61,1106.0,334.0,1.75,0.53,18.36,63683.0,,100,,,34068.0,1331.0,53.5,2.09,2.38,31303.0,1293.0,49.15,2.03,2.51,2774.0,573.0,4.36,0.9,12.56,29615.0,1401.0,46.5,2.2,2.88,14558.0,995.0,49.16,3.36,4.15,15057.0,995.0,50.84,3.36,4.02,863.0,258.0,2.91,0.87,18.17,1480.0,344.0,5.0,1.16,14.13,457.0,267.0,1.54,0.9,35.52,64.0,92.0,0.22,0.31,87.39,26635.0,503.0,89.94,1.7,1.15,119.0,166.0,0.4,0.56,84.8,60379.0,2955.0,94.81,4.64,2.98,17552.0,1171.0,29.07,1.94,4.06,23322.0,1359.0,38.63,2.25,3.54,38973.0,1232.0,64.55,2.04,1.92,54705.0,2611.0,85.9,4.1,2.9,35233.0,1067.0,64.41,1.95,1.84,31019.0,1072.0,56.7,1.96,2.1,4218.0,536.0,7.71,0.98,7.72,0.0,,0.0,,,19472.0,1067.0,35.59,1.95,3.33,,,11.97,1.48,7.72,30129.0,1172.0,47.31,1.84,2.36,2505.0,446.0,8.31,1.48,10.82,1236.0,350.0,4.1,1.16,17.21,19581.0,862.0,64.99,2.86,2.68,3945.0,615.0,13.09,2.04,9.48,1793.0,380.0,5.95,1.26,12.88,31048.0,1191.0,48.75,1.87,2.33,7.0,81.0,0.02,0.26,703.43,1196.0,444.0,3.85,1.43,22.57,1043.0,323.0,3.36,1.04,18.83,560.0,211.0,1.8,0.68,22.9,3773.0,649.0,12.15,2.09,10.46,1955.0,469.0,6.3,1.51,14.58,928.0,239.0,2.99,0.77,15.66,1780.0,391.0,5.73,1.26,13.35,2558.0,419.0,8.24,1.35,9.96,8513.0,745.0,27.42,2.4,5.32,6067.0,810.0,19.54,2.61,8.12,2098.0,463.0,6.76,1.49,13.42,584.0,208.0,1.88,0.67,21.65,3245.0,409.0,14.66,1.85,7.66,1762.0,343.0,7.96,1.55,11.83,2480.0,365.0,11.2,1.65,8.95,2510.0,376.0,11.34,1.7,9.11,2421.0,376.0,10.94,1.7,9.44,4180.0,480.0,18.88,2.17,6.98,2242.0,354.0,10.13,1.6,9.6,2217.0,339.0,10.02,1.53,9.3,683.0,193.0,3.09,0.87,17.18,402.0,135.0,1.82,0.61,20.41,16872.0,471.0,76.22,2.13,1.7,6702.0,527.0,30.28,2.38,4.78,2286.0,339.0,10.33,1.53,9.01,3441.0,443.0,15.55,2.0,7.83,1441.0,321.0,6.51,1.45,13.54,8142.0,569.0,36.78,2.57,4.25,53732.0,1225.0,84.64,1.93,1.39,26886.0,1657.0,42.35,2.61,3.75,30750.0,1479.0,48.44,2.33,2.92,9750.0,1225.0,15.36,1.93,7.64,32421.0,1064.0,50.91,1.67,2.0,31262.0,1064.0,49.09,1.67,2.07,3305.0,599.0,5.19,0.94,11.02,2642.0,427.0,4.15,0.67,9.82,2388.0,427.0,3.75,0.67,10.87,2938.0,414.0,4.61,0.65,8.57,5664.0,694.0,8.89,1.09,7.45,15280.0,1146.0,23.99,1.8,4.56,8457.0,860.0,13.28,1.35,6.18,7736.0,822.0,12.15,1.29,6.46,4155.0,580.0,6.52,0.91,8.49,3617.0,503.0,5.68,0.79,8.45,3969.0,503.0,6.23,0.79,7.7,2162.0,376.0,3.39,0.59,10.57,1352.0,306.0,2.12,0.48,13.76,53564.0,943.0,84.11,1.48,1.07,7481.0,630.0,11.75,0.99,5.12,20470.0,1910.0,32.14,3.0,5.67,11899.0,1216.0,18.68,1.91,6.21,787.0,573.0,1.24,0.9,44.26,2424.0,535.0,3.81,0.84,13.42,65.0,115.0,0.1,0.18,107.55,22421.0,2191.0,35.21,3.44,5.94,5600.0,1509.0,8.79,2.37,16.38,43920.0,1350.0,68.97,2.12,1.87,19764.0,1350.0,31.03,2.12,4.15,7994.0,841.0,12.55,1.32,6.4,8291.0,923.0,13.02,1.45,6.77,30.0,89.0,0.05,0.14,180.34,2395.0,535.0,3.76,0.84,13.58,65.0,115.0,0.1,0.18,107.55,215.0,153.0,0.34,0.24,43.26,790.0,287.0,1.24,0.45,22.08
10033,10033,10033,19920.0,,100,,,5837.0,410.0,29.3,2.06,4.27,14548.0,904.0,24.62,1.53,3.78,1244.0,374.0,8.55,2.57,18.28,617.0,185.0,4.24,1.27,18.23,3851.0,409.0,26.47,2.81,6.46,2524.0,400.0,17.35,2.75,9.63,6310.0,495.0,43.37,3.4,4.77,41681.0,1271.0,70.53,2.15,1.85,7633.0,692.0,18.31,1.66,5.51,4151.0,563.0,9.96,1.35,8.24,6699.0,738.0,16.07,1.77,6.7,15123.0,750.0,36.28,1.8,3.01,48751.0,1548.0,82.5,2.62,1.93,571.0,171.0,1.17,0.35,18.21,59076.0,875.0,99.97,1.48,0.9,7041.0,721.0,11.92,1.22,6.22,10344.0,745.0,17.5,1.26,4.38,410.0,170.0,3.96,1.64,25.21,41525.0,745.0,70.27,1.26,1.09,3565.0,511.0,8.59,1.23,8.71,7219.0,502.0,12.22,0.85,4.23,3071.0,336.0,42.54,4.65,6.65,58328.0,2104.0,98.7,3.56,2.19,51590.0,910.0,88.45,1.56,1.07,5591.0,852.0,9.59,1.46,9.26,1144.0,379.0,1.96,0.65,20.14,59096.0,,100,,,30911.0,1200.0,52.31,2.03,2.36,29310.0,1158.0,49.6,1.96,2.4,1601.0,331.0,2.71,0.56,12.57,28185.0,1294.0,47.69,2.19,2.79,14008.0,933.0,49.7,3.31,4.05,14178.0,933.0,50.3,3.31,4.0,2147.0,389.0,7.62,1.38,11.01,1280.0,333.0,4.54,1.18,15.81,470.0,318.0,1.67,1.13,41.13,20.0,73.0,0.07,0.26,221.88,24020.0,595.0,85.22,2.11,1.51,253.0,197.0,0.9,0.7,47.33,55589.0,2311.0,94.07,3.91,2.53,15143.0,962.0,27.24,1.73,3.86,20611.0,1140.0,37.08,2.05,3.36,35913.0,1012.0,64.61,1.82,1.71,49917.0,1572.0,84.47,2.66,1.91,33046.0,968.0,66.2,1.94,1.78,28698.0,1063.0,57.49,2.13,2.25,4355.0,624.0,8.72,1.25,8.71,0.0,,0.0,,,16871.0,968.0,33.8,1.94,3.49,,,13.18,1.85,8.71,27672.0,1146.0,46.83,1.94,2.52,2020.0,374.0,7.3,1.35,11.26,1454.0,338.0,5.25,1.22,14.13,18736.0,717.0,67.71,2.59,2.33,3391.0,520.0,12.25,1.88,9.32,1479.0,296.0,5.34,1.07,12.17,28697.0,1117.0,48.56,1.89,2.37,0.0,,0.0,,,962.0,275.0,3.35,0.96,17.38,1148.0,298.0,4.0,1.04,15.78,692.0,264.0,2.41,0.92,23.19,2805.0,468.0,9.77,1.63,10.14,926.0,296.0,3.23,1.03,19.43,1113.0,258.0,3.88,0.9,14.09,2686.0,425.0,9.36,1.48,9.62,2828.0,399.0,9.85,1.39,8.58,8265.0,663.0,28.8,2.31,4.88,4738.0,654.0,16.51,2.28,8.39,2000.0,379.0,6.97,1.32,11.52,526.0,166.0,1.83,0.58,19.18,2217.0,355.0,11.13,1.78,9.73,1686.0,287.0,8.46,1.44,10.35,2477.0,345.0,12.43,1.73,8.47,1822.0,319.0,9.15,1.6,10.64,2213.0,339.0,11.11,1.7,9.31,3108.0,396.0,15.6,1.99,7.75,1843.0,275.0,9.25,1.38,9.07,2548.0,341.0,12.79,1.71,8.14,1032.0,219.0,5.18,1.1,12.9,971.0,197.0,4.87,0.99,12.33,15662.0,414.0,78.62,2.08,1.61,5166.0,412.0,25.93,2.07,4.85,1874.0,277.0,9.41,1.39,8.99,2242.0,311.0,11.26,1.56,8.43,722.0,181.0,3.62,0.91,15.24,6249.0,458.0,31.37,2.3,4.46,52406.0,821.0,88.71,1.39,0.95,28154.0,1347.0,47.66,2.28,2.91,27204.0,1288.0,46.05,2.18,2.88,6670.0,821.0,11.29,1.39,7.48,29593.0,969.0,50.08,1.64,1.99,29503.0,969.0,49.92,1.64,2.0,3507.0,496.0,5.93,0.84,8.6,2777.0,443.0,4.7,0.75,9.7,2430.0,402.0,4.11,0.68,10.06,3184.0,490.0,5.39,0.83,9.36,5527.0,668.0,9.35,1.13,7.35,11880.0,951.0,20.1,1.61,4.87,8381.0,774.0,14.18,1.31,5.61,7478.0,656.0,12.65,1.11,5.33,3594.0,490.0,6.08,0.83,8.29,3114.0,455.0,5.27,0.77,8.88,4259.0,461.0,7.21,0.78,6.58,2018.0,355.0,3.41,0.6,10.69,940.0,219.0,1.59,0.37,14.16,48751.0,674.0,82.5,1.14,0.84,7227.0,567.0,12.23,0.96,4.77,24082.0,1542.0,40.75,2.61,3.89,6086.0,1076.0,10.3,1.82,10.75,590.0,355.0,1.0,0.6,36.58,1592.0,396.0,2.69,0.67,15.12,53.0,112.0,0.09,0.19,128.46,22545.0,1797.0,38.15,3.04,4.85,4136.0,1022.0,7.0,1.73,15.02,40553.0,922.0,68.62,1.56,1.38,18543.0,922.0,31.38,1.56,3.02,13357.0,851.0,22.6,1.44,3.87,2747.0,561.0,4.65,0.95,12.41,33.0,77.0,0.06,0.13,141.84,1537.0,384.0,2.6,0.65,15.19,0.0,,0.0,,,177.0,124.0,0.3,0.21,42.59,684.0,189.0,1.16,0.32,16.8
10034,10034,10034,15922.0,,100,,,5126.0,401.0,32.19,2.52,4.76,10337.0,792.0,23.61,1.81,4.66,725.0,242.0,7.01,2.34,20.29,430.0,171.0,4.16,1.65,24.17,3676.0,399.0,35.56,3.86,6.6,2012.0,313.0,19.46,3.03,9.46,3496.0,433.0,33.82,4.19,7.53,30410.0,858.0,69.46,1.96,1.72,5153.0,617.0,16.95,2.03,7.28,3030.0,538.0,9.96,1.77,10.79,6391.0,721.0,21.02,2.37,6.86,9237.0,675.0,30.38,2.22,4.44,35038.0,911.0,80.03,2.08,1.58,768.0,210.0,2.19,0.6,16.62,43734.0,144.0,99.89,0.33,0.2,4415.0,477.0,10.1,1.09,6.57,8687.0,762.0,19.84,1.74,5.33,268.0,138.0,3.09,1.59,31.3,29806.0,928.0,68.08,2.12,1.89,2434.0,390.0,8.17,1.31,9.74,5242.0,412.0,11.97,0.94,4.78,1724.0,226.0,32.89,4.32,7.97,43253.0,1804.0,98.79,4.12,2.54,39379.0,705.0,91.04,1.63,1.09,3507.0,662.0,8.11,1.53,11.48,366.0,195.0,0.85,0.45,32.39,43781.0,,100,,,22498.0,1090.0,51.39,2.49,2.95,20864.0,1024.0,47.66,2.34,2.98,1651.0,425.0,3.77,0.97,15.65,21283.0,1243.0,48.61,2.84,3.55,10620.0,811.0,49.9,3.81,4.64,10663.0,811.0,50.1,3.81,4.62,1168.0,285.0,5.49,1.34,14.83,792.0,304.0,3.72,1.43,23.33,153.0,106.0,0.72,0.5,42.12,26.0,68.0,0.12,0.32,158.99,19003.0,426.0,89.29,2.0,1.36,131.0,104.0,0.62,0.49,48.26,40887.0,928.0,93.39,2.12,1.38,11114.0,797.0,27.18,1.95,4.36,15619.0,1047.0,38.2,2.56,4.07,27710.0,846.0,67.77,2.07,1.86,36182.0,876.0,82.64,2.0,1.47,24336.0,785.0,67.26,2.17,1.96,21352.0,890.0,59.01,2.46,2.53,2920.0,532.0,8.07,1.47,11.08,53.0,109.0,0.15,0.3,125.02,11846.0,785.0,32.74,2.17,4.03,,,12.0,2.15,11.08,20523.0,1024.0,46.88,2.34,3.03,2476.0,472.0,12.06,2.3,11.59,666.0,252.0,3.25,1.23,23.0,13919.0,673.0,67.82,3.28,2.94,1946.0,589.0,9.48,2.87,18.4,1181.0,300.0,5.75,1.46,15.44,21352.0,1024.0,48.77,2.34,2.92,0.0,,0.0,,,450.0,303.0,2.11,1.42,40.93,793.0,233.0,3.71,1.09,17.86,495.0,235.0,2.32,1.1,28.86,2993.0,498.0,14.02,2.33,10.11,1016.0,271.0,4.76,1.27,16.21,617.0,186.0,2.89,0.87,18.33,1428.0,327.0,6.69,1.53,13.92,2612.0,444.0,12.23,2.08,10.33,5525.0,566.0,25.88,2.65,6.23,3342.0,628.0,15.65,2.94,11.42,1549.0,352.0,7.25,1.65,13.81,521.0,167.0,2.44,0.78,19.49,1811.0,325.0,11.37,2.04,10.91,1193.0,271.0,7.49,1.7,13.81,2202.0,338.0,13.83,2.12,9.33,1548.0,279.0,9.72,1.75,10.96,1694.0,291.0,10.64,1.83,10.44,2405.0,368.0,15.1,2.31,9.3,2418.0,395.0,15.19,2.48,9.93,1662.0,271.0,10.44,1.7,9.91,490.0,154.0,3.08,0.97,19.11,496.0,151.0,3.12,0.95,18.51,12758.0,374.0,80.13,2.35,1.78,4231.0,398.0,26.57,2.5,5.72,1635.0,250.0,10.27,1.57,9.3,1639.0,269.0,10.29,1.69,9.98,519.0,186.0,3.26,1.17,21.79,5440.0,486.0,34.17,3.05,5.43,38048.0,1080.0,87.0,2.47,1.73,19747.0,1365.0,45.15,3.12,4.2,21792.0,1347.0,49.83,3.08,3.76,5686.0,1080.0,13.0,2.47,11.55,21084.0,880.0,48.16,2.01,2.54,22697.0,880.0,51.84,2.01,2.36,2894.0,477.0,6.61,1.09,10.02,2071.0,359.0,4.73,0.82,10.54,2404.0,416.0,5.49,0.95,10.52,2615.0,429.0,5.97,0.98,9.97,3384.0,525.0,7.73,1.2,9.43,8006.0,784.0,18.29,1.79,5.95,6247.0,674.0,14.27,1.54,6.56,5922.0,639.0,13.53,1.46,6.56,2164.0,390.0,4.94,0.89,10.96,2827.0,447.0,6.46,1.02,9.61,3047.0,390.0,6.96,0.89,7.78,1520.0,276.0,3.47,0.63,11.04,668.0,197.0,1.53,0.45,17.93,35094.0,696.0,80.16,1.59,1.21,5242.0,455.0,11.97,1.04,5.28,17268.0,1344.0,39.44,3.07,4.73,4018.0,722.0,9.18,1.65,10.92,212.0,188.0,0.48,0.43,53.91,867.0,271.0,1.98,0.62,19.0,63.0,74.0,0.14,0.17,71.4,18894.0,1594.0,43.16,3.64,5.13,2454.0,547.0,5.61,1.25,13.55,32294.0,749.0,73.76,1.71,1.41,11487.0,749.0,26.24,1.71,3.96,7676.0,657.0,17.53,1.5,5.2,2241.0,412.0,5.12,0.94,11.18,0.0,,0.0,,,854.0,271.0,1.95,0.62,19.29,27.0,61.0,0.06,0.14,137.34,120.0,92.0,0.27,0.21,46.61,573.0,210.0,1.31,0.48,22.28
10035,10035,10035,16350.0,,100,,,4752.0,358.0,29.06,2.19,4.58,9083.0,656.0,26.16,1.89,4.39,532.0,167.0,5.86,1.84,19.08,443.0,139.0,4.88,1.53,19.07,3845.0,327.0,42.33,3.6,5.17,1857.0,246.0,20.44,2.71,8.05,2405.0,275.0,26.48,3.03,6.95,23056.0,1066.0,66.4,3.07,2.81,3177.0,399.0,13.78,1.73,7.63,3806.0,466.0,16.51,2.02,7.44,5781.0,484.0,25.07,2.1,5.09,5837.0,491.0,25.32,2.13,5.11,26729.0,1281.0,76.98,3.69,2.91,503.0,123.0,1.88,0.46,14.87,34365.0,201.0,98.97,0.58,0.36,5389.0,522.0,15.68,1.52,5.89,7995.0,715.0,23.02,2.06,5.44,410.0,163.0,5.13,2.04,24.17,22470.0,1056.0,64.71,3.04,2.86,3082.0,398.0,13.72,1.77,7.85,3896.0,319.0,11.22,0.92,4.98,1902.0,205.0,48.81,5.26,6.55,34432.0,1038.0,99.16,2.99,1.83,31616.0,465.0,91.82,1.35,0.89,2587.0,424.0,7.51,1.23,9.96,229.0,176.0,0.67,0.51,46.72,34724.0,,100,,,26096.0,781.0,75.15,2.25,1.82,23575.0,799.0,67.89,2.3,2.06,2519.0,385.0,7.25,1.11,9.29,8628.0,788.0,24.85,2.27,5.55,3352.0,393.0,38.85,4.56,7.13,5276.0,393.0,61.15,4.56,4.53,597.0,183.0,6.92,2.12,18.63,1547.0,349.0,17.93,4.05,13.71,726.0,223.0,8.41,2.58,18.67,33.0,81.0,0.38,0.94,149.21,5648.0,399.0,65.46,4.62,4.29,77.0,73.0,0.89,0.85,57.63,32439.0,1413.0,93.42,4.07,2.65,15933.0,925.0,49.12,2.85,3.53,6425.0,694.0,19.81,2.14,6.57,12761.0,892.0,39.34,2.75,4.25,27627.0,1333.0,79.56,3.84,2.93,14343.0,602.0,51.92,2.18,2.55,13025.0,605.0,47.15,2.19,2.82,1320.0,243.0,4.78,0.88,11.19,0.0,,0.0,,,13284.0,602.0,48.08,2.18,2.75,,,9.2,1.65,11.19,12818.0,639.0,36.91,1.84,3.03,1091.0,227.0,8.51,1.77,12.65,184.0,97.0,1.44,0.76,32.05,9441.0,385.0,73.65,3.0,2.48,1371.0,260.0,10.7,2.03,11.53,462.0,172.0,3.6,1.34,22.63,13022.0,642.0,37.5,1.85,3.0,10.0,68.0,0.08,0.52,413.37,348.0,109.0,2.67,0.84,19.04,345.0,161.0,2.65,1.24,28.37,119.0,79.0,0.91,0.61,40.36,1952.0,329.0,14.99,2.53,10.25,697.0,198.0,5.35,1.52,17.27,505.0,163.0,3.88,1.25,19.62,955.0,212.0,7.33,1.63,13.49,1367.0,224.0,10.5,1.72,9.96,3728.0,348.0,28.63,2.67,5.67,1982.0,324.0,15.22,2.49,9.94,575.0,161.0,4.42,1.24,17.02,443.0,133.0,3.4,1.02,18.25,3416.0,384.0,20.89,2.35,6.83,2165.0,307.0,13.24,1.88,8.62,2256.0,347.0,13.8,2.12,9.35,1678.0,271.0,10.26,1.66,9.82,1810.0,278.0,11.07,1.7,9.34,2135.0,309.0,13.06,1.89,8.8,1019.0,199.0,6.23,1.22,11.87,1017.0,191.0,6.22,1.17,11.42,470.0,149.0,2.87,0.91,19.27,378.0,113.0,2.31,0.69,18.17,10517.0,423.0,64.32,2.59,2.45,3976.0,358.0,24.32,2.19,5.47,1213.0,216.0,7.42,1.32,10.82,3425.0,353.0,20.95,2.16,6.27,1303.0,271.0,7.97,1.66,12.64,5226.0,417.0,31.96,2.55,4.85,30390.0,574.0,88.43,1.67,1.15,13372.0,869.0,38.91,2.53,3.95,18766.0,859.0,54.61,2.5,2.78,3975.0,574.0,11.57,1.67,8.78,16411.0,556.0,47.26,1.6,2.06,18313.0,556.0,52.74,1.6,1.85,2285.0,392.0,6.58,1.13,10.43,2084.0,313.0,6.0,0.9,9.13,2450.0,309.0,7.06,0.89,7.67,2104.0,274.0,6.06,0.79,7.92,2744.0,351.0,7.9,1.01,7.78,6206.0,545.0,17.87,1.57,5.34,4737.0,448.0,13.64,1.29,5.75,4514.0,385.0,13.0,1.11,5.18,1856.0,285.0,5.34,0.82,9.33,1577.0,267.0,4.54,0.77,10.29,2338.0,326.0,6.73,0.94,8.48,1254.0,222.0,3.61,0.64,10.76,566.0,163.0,1.63,0.47,17.51,26733.0,590.0,76.99,1.7,1.34,4170.0,410.0,12.01,1.18,5.98,7214.0,747.0,20.78,2.15,6.29,14422.0,1038.0,41.53,2.99,4.38,264.0,215.0,0.76,0.62,49.51,2023.0,399.0,5.83,1.15,11.99,11.0,66.0,0.03,0.19,364.74,9352.0,1056.0,26.93,3.04,6.86,1442.0,392.0,4.15,1.13,16.53,16049.0,948.0,46.22,2.73,3.59,18675.0,948.0,53.78,2.73,3.09,3240.0,455.0,9.33,1.31,8.54,12650.0,944.0,36.43,2.72,4.54,24.0,69.0,0.07,0.2,174.77,1893.0,389.0,5.45,1.12,12.49,11.0,66.0,0.03,0.19,364.74,196.0,128.0,0.56,0.37,39.7,661.0,319.0,1.9,0.92,29.34
10036,10036,"10036, 10110",21560.0,,100,,,1639.0,321.0,7.6,1.49,11.91,3088.0,615.0,12.34,2.46,12.11,75.0,63.0,2.43,2.03,51.06,54.0,74.0,1.75,2.4,83.31,485.0,185.0,15.71,5.98,23.19,267.0,122.0,8.65,3.94,27.78,2206.0,235.0,71.44,7.61,6.48,21027.0,505.0,84.04,2.02,1.46,381.0,143.0,1.81,0.68,22.82,741.0,244.0,3.52,1.16,20.02,1645.0,322.0,7.82,1.53,11.9,15418.0,515.0,73.33,2.45,2.03,23554.0,1076.0,94.15,4.3,2.78,319.0,163.0,1.35,0.69,31.06,25019.0,0.0,100.0,0.0,0.0,2603.0,390.0,10.4,1.56,9.11,1465.0,248.0,5.86,0.99,10.29,132.0,99.0,9.01,6.76,45.59,21049.0,821.0,84.13,3.28,2.37,1390.0,278.0,6.6,1.32,12.16,2507.0,285.0,10.02,1.14,6.91,1093.0,179.0,43.59,7.14,9.96,24887.0,771.0,99.47,3.08,1.88,19900.0,672.0,79.96,2.7,2.05,4385.0,605.0,17.62,2.43,8.39,597.0,363.0,2.4,1.46,36.96,25019.0,,100,,,17082.0,716.0,68.28,2.86,2.55,16411.0,716.0,65.59,2.86,2.65,669.0,195.0,2.67,0.78,17.72,7937.0,726.0,31.72,2.9,5.56,2916.0,394.0,36.74,4.96,8.21,5021.0,394.0,63.26,4.96,4.77,1480.0,338.0,18.65,4.26,13.88,3474.0,440.0,43.77,5.55,7.7,171.0,90.0,2.15,1.13,31.99,250.0,141.0,3.15,1.78,34.29,2075.0,445.0,26.14,5.61,13.04,493.0,306.0,6.21,3.86,37.73,24325.0,848.0,97.23,3.39,2.12,16411.0,732.0,67.47,3.01,2.71,2505.0,491.0,10.3,2.02,11.92,3086.0,564.0,12.69,2.32,11.11,23738.0,1083.0,94.88,4.33,2.77,19145.0,456.0,80.65,1.92,1.45,17772.0,513.0,74.87,2.16,1.75,1361.0,309.0,5.73,1.3,13.8,0.0,,0.0,,,4594.0,456.0,19.35,1.92,6.03,,,7.11,1.61,13.8,17649.0,693.0,70.54,2.77,2.39,665.0,266.0,3.77,1.51,24.32,154.0,102.0,0.87,0.58,40.26,7598.0,584.0,43.05,3.31,4.67,6800.0,514.0,38.53,2.91,4.6,1113.0,279.0,6.31,1.58,15.24,17774.0,698.0,71.04,2.79,2.39,6.0,66.0,0.03,0.37,668.69,554.0,259.0,3.12,1.46,28.42,835.0,256.0,4.7,1.44,18.64,402.0,146.0,2.26,0.82,22.08,1155.0,263.0,6.5,1.48,13.84,349.0,220.0,1.96,1.24,38.32,1282.0,270.0,7.21,1.52,12.8,3262.0,435.0,18.35,2.45,8.11,4439.0,507.0,24.98,2.85,6.94,2256.0,345.0,12.69,1.94,9.3,2196.0,400.0,12.36,2.25,11.07,800.0,224.0,4.5,1.26,17.02,242.0,114.0,1.36,0.64,28.64,1669.0,343.0,7.74,1.59,12.49,842.0,250.0,3.91,1.16,18.05,1652.0,367.0,7.66,1.7,13.5,1944.0,423.0,9.02,1.96,13.23,1670.0,379.0,7.75,1.76,13.8,1993.0,444.0,9.24,2.06,13.54,2190.0,459.0,10.16,2.13,12.74,3463.0,563.0,16.06,2.61,9.88,2001.0,377.0,9.28,1.75,11.45,4125.0,492.0,19.13,2.28,7.25,18446.0,416.0,85.56,1.93,1.37,3047.0,429.0,14.13,1.99,8.56,1385.0,302.0,6.42,1.4,13.26,715.0,218.0,3.32,1.01,18.53,612.0,237.0,2.84,1.1,23.54,1869.0,328.0,8.67,1.52,10.67,23250.0,395.0,92.93,1.58,1.03,19058.0,663.0,76.17,2.65,2.11,5892.0,588.0,23.55,2.35,6.07,1769.0,395.0,7.07,1.58,13.57,14471.0,615.0,57.84,2.46,2.58,10548.0,615.0,42.16,2.46,3.54,694.0,210.0,2.77,0.84,18.39,325.0,155.0,1.3,0.62,28.99,148.0,103.0,0.59,0.41,42.31,479.0,175.0,1.91,0.7,22.21,2349.0,525.0,9.39,2.1,13.59,7449.0,668.0,29.77,2.67,5.45,4376.0,500.0,17.49,2.0,6.95,3469.0,475.0,13.87,1.9,8.32,1698.0,335.0,6.79,1.34,11.99,1503.0,293.0,6.01,1.17,11.85,1715.0,258.0,6.85,1.03,9.15,597.0,178.0,2.39,0.71,18.13,186.0,130.0,0.74,0.52,42.49,23554.0,245.0,94.15,0.98,0.63,2507.0,308.0,10.02,1.23,7.47,16565.0,778.0,66.21,3.11,2.86,1936.0,393.0,7.74,1.57,12.34,116.0,118.0,0.46,0.47,61.84,4434.0,668.0,17.72,2.67,9.16,0.0,,0.0,,,1456.0,510.0,5.82,2.04,21.29,525.0,193.0,2.1,0.77,22.35,4344.0,698.0,17.36,2.79,9.77,20675.0,698.0,82.64,2.79,2.05,14172.0,808.0,56.65,3.23,3.47,1705.0,373.0,6.81,1.49,13.3,34.0,70.0,0.14,0.28,125.16,4289.0,650.0,17.14,2.6,9.21,0.0,,0.0,,,132.0,103.0,0.53,0.41,47.43,343.0,140.0,1.37,0.56,24.81
10037,10037,10037,10195.0,,100,,,2408.0,265.0,23.62,2.6,6.69,4955.0,571.0,25.43,2.93,7.01,488.0,189.0,9.85,3.82,23.54,202.0,102.0,4.08,2.06,30.7,1835.0,297.0,37.03,5.99,9.84,909.0,240.0,18.34,4.84,16.05,1519.0,243.0,30.65,4.91,9.72,13909.0,682.0,71.39,3.5,2.98,719.0,171.0,5.17,1.23,14.46,1218.0,249.0,8.76,1.79,12.43,2918.0,428.0,20.98,3.08,8.92,5469.0,474.0,39.32,3.41,5.27,15256.0,744.0,78.3,3.82,2.96,463.0,133.0,3.03,0.87,17.46,19241.0,187.0,98.76,0.96,0.59,2562.0,371.0,13.31,1.93,8.8,4228.0,536.0,21.7,2.75,7.71,257.0,163.0,6.08,3.86,38.56,12524.0,551.0,64.28,2.83,2.67,1384.0,263.0,11.05,2.1,11.55,2488.0,234.0,12.77,1.2,5.72,914.0,169.0,36.74,6.81,11.24,19323.0,573.0,99.18,2.94,1.8,17350.0,427.0,89.79,2.21,1.5,1795.0,408.0,9.29,2.11,13.82,185.0,99.0,0.96,0.51,32.53,19483.0,,100,,,15981.0,495.0,82.02,2.54,1.88,15532.0,532.0,79.72,2.73,2.08,448.0,170.0,2.3,0.87,23.07,3502.0,491.0,17.97,2.52,8.52,1747.0,226.0,49.88,6.44,7.86,1755.0,226.0,50.11,6.44,7.83,264.0,103.0,7.54,2.94,23.72,385.0,141.0,10.99,4.02,22.26,690.0,195.0,19.7,5.56,17.18,19.0,49.0,0.54,1.41,156.77,2095.0,236.0,59.82,6.74,6.85,50.0,56.0,1.43,1.59,68.09,18169.0,1066.0,93.25,5.47,3.57,13542.0,543.0,74.53,2.99,2.44,1412.0,278.0,7.77,1.53,11.97,2870.0,438.0,15.8,2.41,9.28,15701.0,703.0,80.59,3.61,2.72,9766.0,400.0,62.2,2.55,2.49,8643.0,404.0,55.05,2.57,2.84,1123.0,228.0,7.15,1.45,12.34,0.0,,0.0,,,5936.0,400.0,37.81,2.55,4.1,,,11.5,2.29,12.34,8474.0,397.0,43.49,2.04,2.85,683.0,190.0,8.06,2.24,16.91,148.0,92.0,1.75,1.08,37.79,6253.0,314.0,73.79,3.7,3.05,855.0,211.0,10.09,2.49,15.0,382.0,160.0,4.51,1.89,25.46,8645.0,384.0,44.37,1.97,2.7,0.0,,0.0,,,118.0,71.0,1.36,0.82,36.58,179.0,140.0,2.07,1.62,47.55,68.0,61.0,0.79,0.7,54.53,890.0,268.0,10.3,3.1,18.31,610.0,199.0,7.06,2.3,19.83,264.0,110.0,3.05,1.27,25.33,877.0,229.0,10.14,2.65,15.87,1097.0,220.0,12.69,2.55,12.19,2572.0,330.0,29.75,3.82,7.8,796.0,192.0,9.21,2.22,14.66,493.0,219.0,5.7,2.53,27.0,675.0,221.0,7.81,2.56,19.9,1398.0,241.0,13.71,2.36,10.48,946.0,197.0,9.28,1.93,12.66,1279.0,222.0,12.55,2.18,10.55,853.0,198.0,8.37,1.94,14.11,1184.0,248.0,11.61,2.43,12.73,1934.0,286.0,18.97,2.81,8.99,1242.0,233.0,12.18,2.29,11.4,759.0,193.0,7.44,1.89,15.46,393.0,156.0,3.85,1.53,24.13,199.0,90.0,1.95,0.88,27.49,7328.0,297.0,71.88,2.91,2.46,2629.0,272.0,25.79,2.67,6.29,1546.0,234.0,15.16,2.3,9.2,833.0,186.0,8.17,1.82,13.57,285.0,99.0,2.8,0.97,21.12,2515.0,292.0,24.67,2.86,7.06,17465.0,369.0,90.77,1.92,1.28,10540.0,691.0,54.78,3.59,3.99,8764.0,681.0,45.55,3.54,4.72,1776.0,369.0,9.23,1.92,12.63,8448.0,464.0,43.36,2.38,3.34,11035.0,464.0,56.64,2.38,2.56,1315.0,286.0,6.75,1.47,13.22,1203.0,298.0,6.17,1.53,15.06,1055.0,228.0,5.41,1.17,13.14,969.0,251.0,4.97,1.29,15.75,1028.0,214.0,5.28,1.1,12.65,3919.0,452.0,20.11,2.32,7.01,2332.0,320.0,11.97,1.64,8.34,2572.0,378.0,13.2,1.94,8.93,1316.0,267.0,6.75,1.37,12.33,1124.0,240.0,5.77,1.23,12.98,1209.0,222.0,6.21,1.14,11.16,837.0,197.0,4.3,1.01,14.31,598.0,168.0,3.07,0.86,17.08,15256.0,464.0,78.3,2.38,1.85,2644.0,316.0,13.57,1.62,7.27,2166.0,355.0,11.12,1.82,9.96,14224.0,659.0,73.01,3.38,2.82,30.0,53.0,0.15,0.27,107.4,573.0,203.0,2.94,1.04,21.54,20.0,53.0,0.1,0.27,161.09,1536.0,489.0,7.88,2.51,19.35,944.0,316.0,4.85,1.62,20.35,4285.0,596.0,21.99,3.06,8.46,15198.0,596.0,78.01,3.06,2.38,1388.0,251.0,7.12,1.29,10.99,12752.0,569.0,65.45,2.92,2.71,2.0,55.0,0.01,0.28,1671.73,553.0,201.0,2.84,1.03,22.1,0.0,,0.0,,,9.0,49.0,0.05,0.25,330.97,498.0,220.0,2.56,1.13,26.86
10038,10038,10038,11997.0,,100,,,1782.0,263.0,14.85,2.19,8.97,4538.0,534.0,20.49,2.41,7.15,343.0,122.0,7.56,2.68,21.62,39.0,41.0,0.86,0.9,63.91,1054.0,202.0,23.22,4.45,11.65,519.0,149.0,11.44,3.28,17.45,2582.0,229.0,56.89,5.05,5.39,16615.0,673.0,75.02,3.04,2.46,1864.0,311.0,11.22,1.87,10.14,813.0,188.0,4.89,1.13,14.06,2411.0,297.0,14.51,1.79,7.49,9796.0,347.0,58.96,2.09,2.15,19732.0,926.0,89.1,4.18,2.85,368.0,128.0,1.86,0.65,21.14,21991.0,675.0,99.3,3.05,1.87,2521.0,396.0,11.46,1.8,9.55,2414.0,399.0,10.9,1.8,10.05,54.0,64.0,2.24,2.66,72.05,16511.0,412.0,74.55,1.86,1.52,1070.0,266.0,6.48,1.61,15.11,3061.0,266.0,13.82,1.2,5.28,1398.0,210.0,45.67,6.85,9.13,21982.0,766.0,99.26,3.46,2.12,17206.0,543.0,78.27,2.47,1.92,4272.0,558.0,19.43,2.54,7.94,504.0,251.0,2.29,1.14,30.27,22147.0,,100,,,14512.0,551.0,65.53,2.49,2.31,13613.0,594.0,61.47,2.68,2.65,900.0,255.0,4.06,1.15,17.22,7635.0,523.0,34.47,2.36,4.16,4334.0,357.0,56.77,4.68,5.01,3301.0,357.0,43.24,4.68,6.57,1191.0,256.0,15.6,3.35,13.07,5108.0,350.0,66.91,4.58,4.17,77.0,89.0,1.01,1.16,70.26,195.0,153.0,2.55,2.0,47.7,949.0,260.0,12.43,3.41,16.65,114.0,68.0,1.49,0.89,36.26,21341.0,963.0,96.36,4.35,2.74,11693.0,632.0,54.79,2.96,3.29,4676.0,487.0,21.91,2.28,6.33,2562.0,395.0,12.0,1.85,9.37,20001.0,651.0,90.31,2.94,1.98,12945.0,460.0,64.72,2.3,2.16,12149.0,458.0,60.74,2.29,2.29,796.0,208.0,3.98,1.04,15.88,0.0,,0.0,,,7056.0,460.0,35.28,2.3,3.96,,,6.15,1.59,15.88,11952.0,419.0,53.97,1.89,2.13,547.0,172.0,4.58,1.44,19.12,61.0,73.0,0.51,0.61,72.75,6673.0,465.0,55.83,3.89,4.24,3577.0,387.0,29.93,3.24,6.58,672.0,200.0,5.62,1.67,18.09,12142.0,445.0,54.83,2.01,2.23,0.0,,0.0,,,57.0,66.0,0.47,0.54,70.39,304.0,118.0,2.5,0.97,23.6,205.0,104.0,1.69,0.86,30.84,970.0,217.0,7.99,1.79,13.6,236.0,103.0,1.94,0.85,26.53,725.0,195.0,5.97,1.61,16.35,2176.0,290.0,17.92,2.39,8.1,3349.0,363.0,27.58,2.99,6.59,2118.0,331.0,17.44,2.73,9.5,1224.0,274.0,10.08,2.26,13.61,473.0,149.0,3.9,1.23,19.15,303.0,119.0,2.5,0.98,23.87,1274.0,258.0,10.62,2.15,12.31,727.0,185.0,6.06,1.54,15.47,1036.0,232.0,8.64,1.93,13.61,643.0,185.0,5.36,1.54,17.49,579.0,172.0,4.83,1.43,18.06,975.0,248.0,8.13,2.07,15.46,1059.0,241.0,8.83,2.01,13.83,1852.0,342.0,15.44,2.85,11.23,1351.0,290.0,11.26,2.42,13.05,2501.0,310.0,20.85,2.58,7.53,9651.0,274.0,80.45,2.28,1.73,2461.0,268.0,20.51,2.23,6.62,949.0,180.0,7.91,1.5,11.53,1057.0,187.0,8.81,1.56,10.75,389.0,127.0,3.24,1.06,19.85,1895.0,216.0,15.8,1.8,6.93,20925.0,292.0,95.15,1.33,0.85,15731.0,539.0,71.53,2.45,2.08,6603.0,449.0,30.03,2.04,4.13,1066.0,292.0,4.85,1.33,16.65,10405.0,554.0,46.98,2.5,3.24,11742.0,554.0,53.02,2.5,2.87,805.0,210.0,3.63,0.95,15.86,539.0,155.0,2.43,0.7,17.48,658.0,221.0,2.97,1.0,20.42,1612.0,326.0,7.28,1.47,12.29,1897.0,368.0,8.57,1.66,11.79,5635.0,576.0,25.44,2.6,6.21,2996.0,390.0,13.53,1.76,7.91,2468.0,401.0,11.14,1.81,9.88,1265.0,270.0,5.71,1.22,12.97,1179.0,277.0,5.32,1.25,14.28,1431.0,279.0,6.46,1.26,11.85,1071.0,221.0,4.84,1.0,12.54,567.0,206.0,2.56,0.93,22.09,19732.0,357.0,89.1,1.61,1.1,3065.0,348.0,13.84,1.57,6.9,11113.0,640.0,50.18,2.89,3.5,2030.0,503.0,9.17,2.27,15.06,53.0,60.0,0.24,0.27,68.82,7364.0,622.0,33.25,2.81,5.13,0.0,,0.0,,,960.0,328.0,4.33,1.48,20.77,615.0,219.0,2.78,0.99,21.65,3369.0,447.0,15.21,2.02,8.07,18777.0,447.0,84.78,2.02,1.45,9474.0,501.0,42.78,2.26,3.21,1480.0,365.0,6.68,1.65,14.99,53.0,60.0,0.24,0.27,68.82,7221.0,640.0,32.61,2.89,5.39,0.0,,0.0,,,77.0,109.0,0.35,0.49,86.05,477.0,164.0,2.15,0.74,20.9
10039,10039,10039,11877.0,,100,,,3919.0,350.0,33.0,2.95,5.43,8117.0,689.0,29.91,2.54,5.16,715.0,240.0,8.81,2.96,20.41,311.0,138.0,3.83,1.7,26.97,3297.0,371.0,40.62,4.57,6.84,1653.0,309.0,20.36,3.81,11.36,2136.0,302.0,26.32,3.72,8.59,17119.0,736.0,63.07,2.71,2.61,1390.0,329.0,8.12,1.92,14.39,2365.0,413.0,13.81,2.41,10.62,4497.0,484.0,26.27,2.83,6.54,4418.0,435.0,25.81,2.54,5.99,20242.0,852.0,74.58,3.14,2.56,528.0,188.0,2.61,0.93,21.65,27122.0,90.0,99.92,0.33,0.2,3986.0,513.0,14.7,1.89,7.82,6879.0,679.0,25.34,2.5,6.0,240.0,115.0,3.49,1.67,29.13,17677.0,546.0,65.13,2.01,1.88,2412.0,382.0,13.64,2.16,9.63,2560.0,290.0,9.43,1.07,6.89,1324.0,183.0,51.71,7.15,8.4,26743.0,1064.0,98.53,3.92,2.42,24215.0,521.0,90.55,1.95,1.31,2324.0,516.0,8.69,1.93,13.5,212.0,118.0,0.79,0.44,33.84,27142.0,,100,,,20637.0,725.0,76.03,2.67,2.14,19974.0,749.0,73.59,2.76,2.28,668.0,220.0,2.46,0.81,20.02,6506.0,719.0,23.97,2.65,6.72,3059.0,358.0,47.02,5.5,7.11,3446.0,358.0,52.97,5.5,6.32,168.0,88.0,2.58,1.35,31.84,356.0,153.0,5.47,2.35,26.13,1598.0,269.0,24.56,4.14,10.23,1.0,62.0,0.02,0.96,3769.0,4373.0,291.0,67.22,4.48,4.05,10.0,56.0,0.15,0.86,340.43,25013.0,966.0,92.15,3.56,2.35,15521.0,941.0,62.05,3.76,3.69,3882.0,573.0,15.52,2.29,8.97,6463.0,740.0,25.84,2.96,6.96,20950.0,882.0,77.19,3.25,2.56,13265.0,599.0,63.32,2.86,2.75,10729.0,568.0,51.21,2.71,3.22,2509.0,427.0,11.98,2.04,10.35,21.0,63.0,0.1,0.3,182.37,7684.0,599.0,36.68,2.86,4.74,,,18.91,3.1,10.35,10548.0,548.0,38.86,2.02,3.16,993.0,259.0,9.41,2.46,15.86,272.0,154.0,2.58,1.46,34.42,7831.0,400.0,74.24,3.79,3.11,884.0,263.0,8.38,2.49,18.09,357.0,132.0,3.38,1.25,22.48,10732.0,543.0,39.54,2.0,3.08,7.0,60.0,0.07,0.56,521.06,309.0,151.0,2.88,1.41,29.71,200.0,114.0,1.86,1.06,34.65,80.0,59.0,0.75,0.55,44.83,1561.0,304.0,14.54,2.83,11.84,667.0,217.0,6.21,2.02,19.78,297.0,114.0,2.77,1.06,23.33,776.0,205.0,7.23,1.91,16.06,967.0,235.0,9.01,2.19,14.77,3209.0,427.0,29.9,3.98,8.09,1494.0,272.0,13.92,2.53,11.07,698.0,208.0,6.5,1.94,18.12,465.0,144.0,4.33,1.34,18.83,2009.0,347.0,16.92,2.92,10.5,1167.0,274.0,9.83,2.31,14.27,1644.0,304.0,13.84,2.56,11.24,1555.0,319.0,13.09,2.69,12.47,1760.0,357.0,14.82,3.01,12.33,1707.0,287.0,14.37,2.42,10.22,878.0,223.0,7.39,1.88,15.44,768.0,181.0,6.47,1.52,14.33,174.0,83.0,1.47,0.7,29.0,223.0,87.0,1.88,0.73,23.72,8546.0,347.0,71.95,2.92,2.47,2967.0,330.0,24.98,2.78,6.76,1293.0,247.0,10.89,2.08,11.61,1661.0,292.0,13.99,2.46,10.69,1071.0,254.0,9.02,2.14,14.42,4066.0,380.0,34.23,3.2,5.68,24209.0,507.0,89.26,1.87,1.27,12776.0,911.0,47.11,3.36,4.33,13442.0,892.0,49.56,3.29,4.03,2912.0,507.0,10.74,1.87,10.58,11991.0,605.0,44.18,2.23,3.07,15152.0,605.0,55.82,2.23,2.43,2129.0,410.0,7.84,1.51,11.71,1698.0,391.0,6.26,1.44,14.0,2067.0,366.0,7.62,1.35,10.76,1765.0,301.0,6.5,1.11,10.37,2371.0,415.0,8.74,1.53,10.64,4956.0,543.0,18.26,2.0,6.66,3520.0,429.0,12.97,1.58,7.41,3412.0,442.0,12.57,1.63,7.87,1501.0,337.0,5.53,1.24,13.65,1162.0,250.0,4.28,0.92,13.08,1201.0,244.0,4.42,0.9,12.35,991.0,247.0,3.65,0.91,15.15,375.0,179.0,1.38,0.66,29.02,20263.0,594.0,74.65,2.19,1.78,2560.0,339.0,9.43,1.25,8.05,3049.0,605.0,11.23,2.23,12.06,18037.0,920.0,66.45,3.39,3.1,313.0,195.0,1.15,0.72,37.87,326.0,157.0,1.2,0.58,29.28,2.0,60.0,0.01,0.22,1823.71,4336.0,915.0,15.97,3.37,12.83,1083.0,358.0,3.99,1.32,20.1,8581.0,869.0,31.61,3.2,6.16,18562.0,869.0,68.39,3.2,2.85,1356.0,252.0,5.0,0.93,11.3,16173.0,885.0,59.59,3.26,3.33,199.0,141.0,0.73,0.52,43.07,326.0,157.0,1.2,0.58,29.28,2.0,60.0,0.01,0.22,1823.71,19.0,57.0,0.07,0.21,182.37,474.0,185.0,1.75,0.68,23.73
10040,10040,10040,16167.0,,100,,,4293.0,359.0,26.55,2.22,5.08,9943.0,824.0,22.33,1.85,5.04,619.0,202.0,6.23,2.03,19.84,485.0,173.0,4.88,1.74,21.68,3480.0,432.0,35.0,4.34,7.55,1779.0,317.0,17.89,3.19,10.83,3577.0,416.0,35.97,4.18,7.07,32494.0,1848.0,72.97,4.15,3.46,5222.0,556.0,16.07,1.71,6.47,4341.0,598.0,13.36,1.84,8.37,5431.0,601.0,16.71,1.85,6.73,10848.0,660.0,33.38,2.03,3.7,36842.0,1599.0,82.73,3.59,2.64,563.0,173.0,1.53,0.47,18.68,42929.0,503.0,96.4,1.13,0.71,4395.0,567.0,10.24,1.32,7.84,7670.0,762.0,17.22,1.71,6.04,311.0,130.0,4.05,1.69,25.41,30084.0,824.0,67.55,1.85,1.67,2185.0,415.0,7.26,1.38,11.55,5196.0,387.0,11.67,0.87,4.53,1900.0,270.0,36.57,5.19,8.64,43835.0,2592.0,98.43,5.82,3.59,38163.0,877.0,87.06,2.0,1.4,4794.0,793.0,10.94,1.81,10.06,892.0,508.0,2.03,1.16,34.62,44533.0,,100,,,23050.0,1091.0,51.76,2.45,2.88,21169.0,1091.0,47.54,2.45,3.13,1879.0,454.0,4.22,1.02,14.69,21483.0,1283.0,48.24,2.88,3.63,10473.0,825.0,48.75,3.84,4.79,11011.0,825.0,51.25,3.84,4.55,1484.0,393.0,6.91,1.83,16.1,1079.0,322.0,5.02,1.5,18.14,379.0,286.0,1.76,1.33,45.87,48.0,69.0,0.22,0.32,87.39,18315.0,561.0,85.25,2.61,1.86,181.0,114.0,0.84,0.53,38.29,42173.0,1826.0,94.7,4.1,2.63,12115.0,848.0,28.73,2.01,4.26,15244.0,1054.0,36.15,2.5,4.2,26980.0,915.0,63.97,2.17,2.06,37657.0,1283.0,84.56,2.88,2.07,24767.0,813.0,65.77,2.16,2.0,22234.0,859.0,59.04,2.28,2.35,2530.0,516.0,6.72,1.37,12.4,8.0,64.0,0.02,0.17,486.32,12890.0,813.0,34.23,2.16,3.83,,,10.22,2.06,12.4,21242.0,646.0,47.7,1.45,1.85,1541.0,285.0,7.25,1.34,11.24,594.0,193.0,2.8,0.91,19.75,14976.0,599.0,70.5,2.82,2.43,2304.0,423.0,10.85,1.99,11.16,1436.0,348.0,6.76,1.64,14.73,22225.0,1113.0,49.91,2.5,3.04,19.0,71.0,0.09,0.32,227.16,585.0,247.0,2.63,1.11,25.67,962.0,271.0,4.33,1.22,17.12,335.0,180.0,1.51,0.81,32.66,2477.0,438.0,11.15,1.97,10.75,989.0,289.0,4.45,1.3,17.76,1093.0,284.0,4.92,1.28,15.8,1455.0,298.0,6.55,1.34,12.45,2630.0,436.0,11.83,1.96,10.08,6268.0,662.0,28.2,2.98,6.42,3246.0,464.0,14.61,2.09,8.69,1734.0,371.0,7.8,1.67,13.01,429.0,167.0,1.93,0.75,23.66,1880.0,312.0,11.63,1.93,10.09,719.0,168.0,4.45,1.04,14.2,2128.0,352.0,13.16,2.18,10.06,1460.0,288.0,9.03,1.78,11.99,2354.0,340.0,14.56,2.1,8.78,2934.0,386.0,18.15,2.39,8.0,1975.0,341.0,12.22,2.11,10.5,1608.0,270.0,9.95,1.67,10.21,513.0,124.0,3.17,0.77,14.69,471.0,124.0,2.91,0.77,16.0,12936.0,351.0,80.01,2.17,1.65,4173.0,356.0,25.81,2.2,5.19,1453.0,247.0,8.99,1.53,10.33,1350.0,239.0,8.35,1.48,10.76,487.0,149.0,3.01,0.92,18.6,5264.0,388.0,32.56,2.4,4.48,37818.0,786.0,88.09,1.83,1.26,19715.0,1245.0,45.92,2.9,3.84,20787.0,1146.0,48.42,2.67,3.35,5111.0,786.0,11.91,1.83,9.35,20849.0,726.0,46.82,1.63,2.12,23684.0,726.0,53.18,1.63,1.86,2360.0,436.0,5.3,0.98,11.23,2023.0,361.0,4.54,0.81,10.85,2114.0,374.0,4.75,0.84,10.75,2042.0,436.0,4.59,0.98,12.98,3500.0,597.0,7.86,1.34,10.37,8609.0,788.0,19.33,1.77,5.56,6202.0,592.0,13.93,1.33,5.8,5993.0,597.0,13.46,1.34,6.06,2467.0,379.0,5.54,0.85,9.34,2621.0,436.0,5.89,0.98,10.11,3296.0,383.0,7.4,0.86,7.06,1831.0,316.0,4.11,0.71,10.49,1499.0,303.0,3.37,0.68,12.29,36848.0,681.0,82.74,1.53,1.12,6624.0,530.0,14.87,1.19,4.86,16425.0,1269.0,36.88,2.85,4.7,4803.0,775.0,10.79,1.74,9.81,357.0,338.0,0.8,0.76,57.55,1262.0,405.0,2.83,0.91,19.51,9.0,71.0,0.02,0.16,479.57,19212.0,1599.0,43.14,3.59,5.06,2463.0,610.0,5.53,1.37,15.06,30714.0,900.0,68.97,2.02,1.78,13820.0,900.0,31.03,2.02,3.96,9249.0,664.0,20.77,1.49,4.36,2804.0,472.0,6.3,1.06,10.23,0.0,,0.0,,,1140.0,392.0,2.56,0.88,20.9,0.0,,0.0,,,68.0,76.0,0.15,0.17,67.94,577.0,187.0,1.3,0.42,19.7
10044,10044,10044,11610.0,,100,,,2334.0,488.0,20.1,4.2,12.71,2494.0,446.0,21.26,3.8,10.87,253.0,153.0,10.15,6.13,36.76,94.0,86.0,3.77,3.44,55.62,343.0,179.0,13.76,7.16,31.72,376.0,162.0,15.08,6.51,26.19,1428.0,259.0,57.27,10.39,11.03,9150.0,367.0,78.0,3.13,2.44,448.0,228.0,4.9,2.49,30.94,570.0,255.0,6.23,2.79,27.2,1319.0,276.0,14.42,3.02,12.72,5757.0,451.0,62.92,4.93,4.76,10255.0,203.0,87.42,1.73,1.2,296.0,187.0,2.89,1.82,38.4,10279.0,374.0,87.62,3.19,2.21,1143.0,363.0,11.12,3.53,19.31,1476.0,279.0,12.58,2.38,11.49,0.0,,0.0,,,7371.0,446.0,62.83,3.8,3.68,648.0,233.0,8.79,3.16,21.86,1432.0,351.0,12.21,2.99,14.9,491.0,213.0,34.28,14.87,26.37,11475.0,156.0,97.82,1.33,0.83,8949.0,526.0,77.99,4.58,3.57,1671.0,397.0,14.56,3.46,14.44,863.0,360.0,7.52,3.14,25.36,11731.0,,100,,,5732.0,606.0,48.86,5.17,6.43,5211.0,580.0,44.42,4.94,6.77,521.0,177.0,4.44,1.51,20.65,5999.0,663.0,51.14,5.65,6.72,1486.0,352.0,24.77,5.87,14.4,4513.0,352.0,75.23,5.87,4.74,1274.0,328.0,21.24,5.46,15.65,2633.0,423.0,43.89,7.05,9.77,741.0,494.0,12.35,8.23,40.53,70.0,77.0,1.17,1.29,66.87,1258.0,400.0,20.97,6.67,19.33,24.0,28.0,0.4,0.46,70.92,11063.0,190.0,94.31,1.62,1.04,4672.0,696.0,42.23,6.29,9.06,1926.0,427.0,17.41,3.86,13.48,1154.0,350.0,10.43,3.16,18.44,10490.0,922.0,89.42,7.86,5.34,5720.0,447.0,54.53,4.26,4.75,5374.0,433.0,51.23,4.13,4.9,349.0,170.0,3.33,1.62,29.61,0.0,,0.0,,,4770.0,447.0,45.47,4.26,5.7,,,6.1,2.93,29.61,5360.0,433.0,45.69,3.69,4.91,258.0,108.0,4.81,2.02,25.45,14.0,37.0,0.26,0.69,160.66,4376.0,248.0,81.64,4.63,3.45,290.0,146.0,5.41,2.72,30.6,86.0,59.0,1.6,1.1,41.7,5372.0,435.0,45.79,3.71,4.92,0.0,,0.0,,,49.0,61.0,0.91,1.14,75.68,176.0,126.0,3.28,2.35,43.52,120.0,120.0,2.23,2.24,60.79,172.0,125.0,3.2,2.33,44.18,144.0,129.0,2.68,2.41,54.46,245.0,158.0,4.56,2.94,39.2,598.0,208.0,11.13,3.87,21.14,777.0,228.0,14.46,4.25,17.84,1845.0,330.0,34.34,6.14,10.87,296.0,165.0,5.51,3.08,33.89,228.0,121.0,4.24,2.25,32.26,723.0,228.0,13.46,4.25,19.17,848.0,395.0,7.3,3.4,28.32,557.0,441.0,4.8,3.8,48.13,290.0,221.0,2.5,1.9,46.33,813.0,569.0,7.0,4.9,42.55,627.0,348.0,5.4,3.0,33.74,2159.0,708.0,18.6,6.1,19.93,1347.0,592.0,11.6,5.1,26.72,2206.0,720.0,19.0,6.2,19.84,1068.0,546.0,9.2,4.7,31.08,1684.0,650.0,14.5,5.6,23.46,9439.0,592.0,81.3,5.1,3.81,2357.0,534.0,20.3,4.6,13.77,1590.0,592.0,13.7,5.1,22.63,1033.0,615.0,8.9,5.3,36.19,360.0,267.0,3.1,2.3,45.09,1509.0,615.0,13.0,5.3,24.78,9432.0,299.0,91.76,2.91,1.93,7840.0,406.0,76.27,3.95,3.15,1990.0,373.0,19.36,3.63,11.39,847.0,299.0,8.24,2.91,21.46,5406.0,400.0,46.08,3.41,4.5,6325.0,400.0,53.92,3.41,3.84,668.0,228.0,5.69,1.94,20.75,182.0,97.0,1.55,0.83,32.4,332.0,169.0,2.83,1.44,30.94,320.0,141.0,2.73,1.2,26.79,1079.0,364.0,9.2,3.1,20.51,2312.0,421.0,19.71,3.59,11.07,1772.0,355.0,15.11,3.03,12.18,1485.0,294.0,12.66,2.51,12.04,675.0,230.0,5.75,1.96,20.71,837.0,253.0,7.13,2.16,18.38,1145.0,357.0,9.76,3.04,18.95,621.0,231.0,5.29,1.97,22.61,300.0,196.0,2.56,1.67,39.72,10255.0,270.0,87.42,2.3,1.6,2066.0,373.0,17.61,3.18,10.98,6230.0,583.0,53.11,4.97,5.69,1712.0,445.0,14.59,3.79,15.8,0.0,,0.0,,,3032.0,545.0,25.85,4.65,10.93,0.0,,0.0,,,254.0,199.0,2.17,1.7,47.63,494.0,221.0,4.21,1.88,27.2,1571.0,395.0,13.39,3.37,15.28,10160.0,395.0,86.61,3.37,2.36,5125.0,597.0,43.69,5.09,7.08,1593.0,422.0,13.58,3.6,16.1,0.0,,0.0,,,3032.0,545.0,25.85,4.65,10.93,0.0,,0.0,,,19.0,35.0,0.16,0.3,111.98,389.0,202.0,3.32,1.72,31.57
10065,10065,10065,23107.0,,100,,,3847.0,499.0,16.65,2.16,7.89,4142.0,598.0,13.64,1.97,8.78,780.0,247.0,18.83,5.96,19.25,278.0,152.0,6.71,3.67,33.24,1233.0,256.0,29.77,6.18,12.62,544.0,164.0,13.13,3.96,18.33,1305.0,220.0,31.51,5.31,10.25,24770.0,1682.0,81.58,5.54,4.13,115.0,116.0,0.46,0.47,61.32,101.0,74.0,0.41,0.3,44.54,1671.0,406.0,6.75,1.64,14.77,20395.0,552.0,82.34,2.23,1.65,26180.0,1779.0,86.23,5.86,4.13,886.0,230.0,3.38,0.88,15.78,30341.0,580.0,99.93,1.91,1.16,2256.0,394.0,7.44,1.3,10.62,4161.0,586.0,13.71,1.93,8.56,46.0,70.0,1.11,1.68,92.51,19640.0,993.0,64.69,3.27,3.07,598.0,224.0,3.04,1.14,22.77,6543.0,480.0,21.55,1.58,4.46,1617.0,309.0,24.71,4.73,11.62,29935.0,2086.0,98.6,6.87,4.24,25441.0,763.0,84.99,2.55,1.82,3983.0,718.0,13.31,2.4,10.96,505.0,281.0,1.69,0.94,33.83,30361.0,,100,,,23417.0,641.0,77.13,2.11,1.66,22993.0,647.0,75.73,2.13,1.71,427.0,143.0,1.41,0.47,20.36,6944.0,641.0,22.87,2.11,5.61,3432.0,384.0,49.43,5.53,6.8,3512.0,384.0,50.58,5.53,6.65,2499.0,381.0,35.99,5.48,9.27,2290.0,332.0,32.98,4.78,8.81,506.0,217.0,7.29,3.13,26.07,187.0,158.0,2.69,2.27,51.36,1100.0,301.0,15.84,4.33,16.63,360.0,169.0,5.18,2.44,28.54,28447.0,1922.0,93.7,6.33,4.11,20968.0,728.0,73.71,2.56,2.11,1246.0,310.0,4.38,1.09,15.12,1633.0,410.0,5.74,1.44,15.26,26418.0,1749.0,87.01,5.76,4.02,19141.0,520.0,72.45,1.97,1.65,18480.0,544.0,69.95,2.06,1.79,644.0,190.0,2.44,0.72,17.94,21.0,77.0,0.08,0.29,222.9,7277.0,520.0,27.55,1.97,4.34,,,3.36,0.99,17.94,18134.0,367.0,59.73,1.21,1.23,1420.0,335.0,7.83,1.85,14.34,280.0,143.0,1.54,0.79,31.05,6620.0,539.0,36.51,2.97,4.95,7000.0,573.0,38.6,3.16,4.98,1508.0,294.0,8.32,1.62,11.85,18477.0,969.0,60.86,3.19,3.19,0.0,,0.0,,,162.0,105.0,0.88,0.57,39.4,497.0,168.0,2.69,0.91,20.55,752.0,255.0,4.07,1.38,20.61,1278.0,299.0,6.92,1.62,14.22,326.0,183.0,1.76,0.99,34.12,1160.0,292.0,6.28,1.58,15.3,4549.0,571.0,24.62,3.09,7.63,3239.0,462.0,17.53,2.5,8.67,4409.0,491.0,23.86,2.66,6.77,1378.0,340.0,7.46,1.84,15.0,460.0,222.0,2.49,1.2,29.34,259.0,146.0,1.4,0.79,34.27,1008.0,289.0,4.36,1.25,17.43,297.0,143.0,1.29,0.62,29.27,894.0,291.0,3.87,1.26,19.79,955.0,263.0,4.13,1.14,16.74,1489.0,344.0,6.44,1.49,14.04,2982.0,508.0,12.91,2.2,10.36,1898.0,397.0,8.21,1.72,12.72,3490.0,511.0,15.1,2.21,8.9,2365.0,430.0,10.23,1.86,11.05,7728.0,626.0,33.44,2.71,4.92,18498.0,508.0,80.05,2.2,1.67,6357.0,538.0,27.51,2.33,5.14,2482.0,416.0,10.74,1.8,10.19,445.0,185.0,1.93,0.8,25.27,181.0,132.0,0.78,0.57,44.33,403.0,164.0,1.74,0.71,24.74,29470.0,294.0,97.13,0.97,0.61,26441.0,537.0,87.15,1.77,1.23,7202.0,607.0,23.74,2.0,5.12,871.0,294.0,2.87,0.97,20.52,13479.0,559.0,44.4,1.84,2.52,16882.0,559.0,55.6,1.84,2.01,1914.0,352.0,6.3,1.16,11.18,1191.0,276.0,3.92,0.91,14.09,744.0,231.0,2.45,0.76,18.87,437.0,149.0,1.44,0.49,20.73,1308.0,349.0,4.31,1.15,16.22,6706.0,738.0,22.09,2.43,6.69,4946.0,589.0,16.29,1.94,7.24,3720.0,513.0,12.25,1.69,8.38,1531.0,313.0,5.04,1.03,12.43,1343.0,288.0,4.42,0.95,13.04,3283.0,468.0,10.81,1.54,8.67,2117.0,355.0,6.97,1.17,10.19,1138.0,298.0,3.75,0.98,15.92,26200.0,489.0,86.29,1.61,1.13,6543.0,531.0,21.55,1.75,4.93,26377.0,613.0,86.88,2.02,1.41,1014.0,410.0,3.34,1.35,24.58,13.0,70.0,0.04,0.23,327.33,2479.0,492.0,8.17,1.62,12.06,17.0,73.0,0.06,0.24,261.04,123.0,109.0,0.41,0.36,53.87,338.0,140.0,1.11,0.46,25.18,1739.0,407.0,5.73,1.34,14.23,28622.0,407.0,94.27,1.34,0.86,24812.0,701.0,81.72,2.31,1.72,987.0,407.0,3.25,1.34,25.07,13.0,70.0,0.04,0.23,327.33,2459.0,495.0,8.1,1.63,12.24,17.0,73.0,0.06,0.24,261.04,13.0,73.0,0.04,0.24,341.36,312.0,137.0,1.03,0.45,26.69
10069,10069,10069,3536.0,,100,,,548.0,97.0,15.5,2.73,10.76,783.0,147.0,16.23,3.04,11.41,109.0,47.0,13.92,5.94,26.21,52.0,31.0,6.64,3.93,36.24,283.0,68.0,36.13,8.67,14.61,69.0,36.0,8.81,4.66,31.72,269.0,70.0,34.35,8.89,15.82,3913.0,230.0,81.09,4.76,3.57,82.0,40.0,2.1,1.01,29.65,93.0,74.0,2.38,1.9,48.37,333.0,84.0,8.51,2.15,15.33,2966.0,122.0,75.79,3.12,2.5,4118.0,268.0,85.33,5.56,3.96,184.0,64.0,4.47,1.56,21.14,4826.0,0.0,100.01,0.0,0.0,400.0,72.0,8.29,1.5,10.94,707.0,120.0,14.65,2.49,10.32,7.0,10.0,0.99,1.44,86.84,3103.0,125.0,64.3,2.58,2.45,132.0,50.0,4.25,1.62,23.03,1015.0,112.0,21.03,2.33,6.71,261.0,54.0,25.71,5.27,12.58,4790.0,410.0,99.26,8.49,5.2,4057.0,162.0,84.69,3.39,2.43,642.0,147.0,13.4,3.07,13.92,92.0,53.0,1.92,1.1,35.02,4826.0,,100,,,3683.0,163.0,76.32,3.37,2.69,3463.0,168.0,71.76,3.48,2.95,224.0,100.0,4.64,2.07,27.14,1142.0,165.0,23.66,3.41,8.78,635.0,101.0,55.59,8.81,9.67,507.0,101.0,44.39,8.81,12.11,344.0,77.0,30.12,6.77,13.61,545.0,94.0,47.71,8.27,10.48,52.0,42.0,4.55,3.68,49.1,22.0,23.0,1.93,1.98,63.55,139.0,62.0,12.17,5.46,27.12,39.0,30.0,3.41,2.62,46.76,4564.0,44.0,94.58,0.92,0.59,3039.0,186.0,66.59,4.07,3.72,441.0,113.0,9.66,2.48,15.58,500.0,128.0,10.96,2.81,15.56,4138.0,268.0,85.75,5.55,3.94,2815.0,139.0,68.03,3.36,3.0,2656.0,139.0,64.19,3.36,3.18,160.0,62.0,3.87,1.51,23.56,0.0,,0.0,,,1322.0,139.0,31.95,3.36,6.39,,,5.68,2.18,23.56,2578.0,150.0,53.42,3.1,3.54,94.0,38.0,3.65,1.48,24.57,22.0,23.0,0.85,0.88,63.55,1742.0,112.0,67.58,4.35,3.91,336.0,77.0,13.04,2.97,13.93,211.0,79.0,8.19,3.08,22.76,2655.0,145.0,55.02,3.01,3.32,0.0,,0.0,,,43.0,31.0,1.62,1.18,43.83,82.0,42.0,3.09,1.57,31.14,48.0,27.0,1.81,1.01,34.19,151.0,61.0,5.69,2.3,24.56,15.0,15.0,0.56,0.55,60.79,207.0,75.0,7.8,2.81,22.03,480.0,91.0,18.08,3.43,11.52,632.0,118.0,23.8,4.44,11.35,650.0,119.0,24.48,4.49,11.13,242.0,76.0,9.11,2.86,19.09,58.0,33.0,2.18,1.26,34.59,49.0,34.0,1.85,1.29,42.18,286.0,90.0,8.09,2.55,19.13,126.0,62.0,3.56,1.75,29.91,288.0,76.0,8.14,2.14,16.04,232.0,81.0,6.56,2.28,21.22,169.0,78.0,4.78,2.2,28.06,445.0,113.0,12.58,3.19,15.44,334.0,102.0,9.45,2.89,18.56,506.0,99.0,14.31,2.81,11.89,290.0,78.0,8.2,2.2,16.35,862.0,130.0,24.38,3.68,9.17,2670.0,109.0,75.51,3.08,2.48,1092.0,123.0,30.88,3.49,6.85,567.0,96.0,16.04,2.71,10.29,138.0,69.0,3.9,1.94,30.4,88.0,57.0,2.49,1.6,39.38,270.0,92.0,7.64,2.61,20.71,4595.0,75.0,95.22,1.55,0.99,3924.0,172.0,81.31,3.57,2.66,1359.0,167.0,28.16,3.46,7.47,230.0,75.0,4.77,1.55,19.82,2069.0,133.0,42.87,2.75,3.91,2756.0,133.0,57.11,2.75,2.93,262.0,71.0,5.43,1.47,16.47,206.0,65.0,4.27,1.35,19.18,183.0,72.0,3.79,1.49,23.92,82.0,40.0,1.7,0.83,29.65,181.0,72.0,3.75,1.49,24.18,854.0,159.0,17.7,3.29,11.32,745.0,117.0,15.44,2.42,9.55,686.0,119.0,14.22,2.46,10.55,292.0,88.0,6.05,1.82,18.32,326.0,76.0,6.76,1.58,14.17,485.0,96.0,10.05,1.98,12.03,315.0,72.0,6.53,1.5,13.89,214.0,69.0,4.43,1.43,19.6,4118.0,113.0,85.33,2.34,1.67,1015.0,127.0,21.03,2.64,7.61,3596.0,183.0,74.52,3.8,3.09,296.0,93.0,6.13,1.92,19.1,5.0,12.0,0.1,0.25,145.9,632.0,140.0,13.1,2.91,13.47,0.0,,0.0,,,194.0,143.0,4.02,2.97,44.81,101.0,62.0,2.09,1.28,37.32,593.0,129.0,12.29,2.67,13.22,4233.0,129.0,87.72,2.67,1.85,3245.0,164.0,67.24,3.4,3.07,237.0,79.0,4.91,1.64,20.26,0.0,,0.0,,,625.0,140.0,12.95,2.91,13.62,0.0,,0.0,,,40.0,67.0,0.83,1.38,101.82,88.0,58.0,1.82,1.2,40.07
10075,10075,"10075, 10162",18877.0,,100,,,3052.0,381.0,16.17,2.02,7.59,4069.0,505.0,14.34,1.78,7.54,563.0,168.0,13.83,4.12,18.14,108.0,70.0,2.65,1.72,39.4,1460.0,267.0,35.88,6.57,11.12,755.0,190.0,18.55,4.68,15.3,1183.0,256.0,29.07,6.29,13.15,23190.0,1158.0,81.72,4.08,3.04,200.0,116.0,0.86,0.5,35.26,295.0,155.0,1.27,0.67,31.94,1410.0,336.0,6.08,1.45,14.49,18681.0,573.0,80.56,2.47,1.86,24422.0,1226.0,86.06,4.32,3.05,878.0,225.0,3.6,0.92,15.58,28260.0,114.0,99.58,0.4,0.25,1726.0,339.0,6.11,1.2,11.94,3952.0,494.0,13.93,1.74,7.6,42.0,46.0,1.06,1.17,66.58,19164.0,792.0,67.53,2.79,2.51,429.0,169.0,2.24,0.88,23.95,5138.0,380.0,18.11,1.34,4.5,1254.0,244.0,24.41,4.75,11.83,27907.0,403.0,98.34,1.42,0.88,23480.0,720.0,84.14,2.58,1.86,3996.0,689.0,14.32,2.47,10.48,433.0,215.0,1.55,0.77,30.18,28379.0,,100,,,22179.0,812.0,78.15,2.86,2.23,21609.0,823.0,76.15,2.9,2.32,582.0,213.0,2.05,0.75,22.25,6199.0,885.0,21.84,3.12,8.68,3104.0,537.0,50.07,8.66,10.52,3095.0,537.0,49.93,8.66,10.55,2274.0,454.0,36.68,7.32,12.14,1634.0,368.0,26.36,5.94,13.69,243.0,140.0,3.92,2.26,35.02,278.0,148.0,4.48,2.39,32.36,1656.0,446.0,26.71,7.2,16.37,112.0,61.0,1.81,0.98,33.11,26905.0,1181.0,94.81,4.16,2.67,20640.0,915.0,76.71,3.4,2.69,1243.0,312.0,4.62,1.16,15.26,2019.0,702.0,7.5,2.61,21.14,24875.0,1260.0,87.65,4.44,3.08,18363.0,525.0,73.82,2.11,1.74,17754.0,532.0,71.37,2.14,1.82,610.0,187.0,2.45,0.75,18.64,0.0,,0.0,,,6513.0,525.0,26.18,2.11,4.9,,,3.32,1.01,18.64,17611.0,749.0,62.06,2.64,2.59,1392.0,312.0,7.9,1.77,13.63,282.0,137.0,1.6,0.78,29.53,9925.0,567.0,56.36,3.22,3.47,3200.0,488.0,18.17,2.77,9.27,1227.0,268.0,6.97,1.52,13.28,17761.0,755.0,62.59,2.66,2.58,5.0,34.0,0.03,0.19,413.37,244.0,123.0,1.37,0.69,30.64,629.0,208.0,3.54,1.17,20.1,697.0,266.0,3.92,1.5,23.2,1225.0,341.0,6.9,1.92,16.92,102.0,85.0,0.57,0.48,50.66,1148.0,277.0,6.46,1.56,14.67,4202.0,508.0,23.66,2.86,7.35,4411.0,568.0,24.84,3.2,7.83,3041.0,419.0,17.12,2.36,8.38,1268.0,371.0,7.14,2.09,17.79,441.0,176.0,2.48,0.99,24.26,360.0,197.0,2.03,1.11,33.27,708.0,228.0,3.75,1.21,19.58,630.0,236.0,3.34,1.25,22.77,1065.0,311.0,5.64,1.65,17.75,752.0,279.0,3.98,1.48,22.55,1076.0,257.0,5.7,1.36,14.52,2458.0,404.0,13.02,2.14,9.99,2215.0,421.0,11.73,2.23,11.55,3030.0,453.0,16.05,2.4,9.09,1698.0,396.0,9.0,2.1,14.18,5256.0,561.0,27.84,2.97,6.49,15837.0,361.0,83.9,1.91,1.39,4660.0,417.0,24.69,2.21,5.44,2018.0,336.0,10.69,1.78,10.12,279.0,126.0,1.48,0.67,27.45,288.0,179.0,1.53,0.95,37.78,588.0,262.0,3.11,1.39,27.09,26808.0,523.0,94.86,1.85,1.19,24341.0,647.0,86.13,2.29,1.62,5616.0,548.0,19.87,1.94,5.93,1453.0,523.0,5.14,1.85,21.88,12145.0,585.0,42.8,2.06,2.93,16234.0,585.0,57.21,2.06,2.19,1473.0,272.0,5.19,0.96,11.23,992.0,221.0,3.5,0.78,13.54,840.0,213.0,2.96,0.75,15.41,832.0,219.0,2.93,0.77,16.0,1045.0,244.0,3.68,0.86,14.19,6881.0,772.0,24.25,2.72,6.82,4428.0,539.0,15.6,1.9,7.4,3165.0,454.0,11.15,1.6,8.72,1829.0,392.0,6.45,1.38,13.03,1646.0,420.0,5.8,1.48,15.51,2678.0,366.0,9.44,1.29,8.31,1647.0,315.0,5.8,1.11,11.63,921.0,281.0,3.25,0.99,18.55,24422.0,429.0,86.06,1.51,1.07,5252.0,451.0,18.51,1.59,5.22,24351.0,684.0,85.81,2.41,1.71,348.0,179.0,1.23,0.63,31.27,0.0,,0.0,,,2188.0,397.0,7.71,1.4,11.03,65.0,74.0,0.23,0.26,69.21,468.0,386.0,1.65,1.36,50.14,971.0,312.0,3.42,1.1,19.53,2412.0,721.0,8.5,2.54,18.17,25967.0,721.0,91.5,2.54,1.69,22585.0,823.0,79.58,2.9,2.22,332.0,176.0,1.17,0.62,32.23,0.0,,0.0,,,2188.0,397.0,7.71,1.4,11.03,65.0,74.0,0.23,0.26,69.21,21.0,37.0,0.07,0.13,107.11,763.0,306.0,2.69,1.08,24.38
10128,10128,10128,35988.0,,100,,,6785.0,677.0,18.85,1.88,6.07,10938.0,883.0,17.35,1.4,4.91,1077.0,238.0,9.85,2.18,13.43,364.0,154.0,3.33,1.41,25.72,3739.0,412.0,34.18,3.77,6.7,1759.0,441.0,16.08,4.03,15.24,3998.0,488.0,36.55,4.46,7.42,49591.0,2100.0,78.64,3.33,2.57,668.0,243.0,1.35,0.49,22.11,1046.0,352.0,2.11,0.71,20.46,3819.0,665.0,7.7,1.34,10.59,39470.0,962.0,79.59,1.94,1.48,53298.0,2182.0,84.52,3.46,2.49,1868.0,341.0,3.5,0.64,11.1,62910.0,95.0,99.77,0.15,0.09,5432.0,768.0,8.63,1.22,8.59,9692.0,1047.0,15.37,1.66,6.57,315.0,229.0,3.25,2.36,44.19,42393.0,889.0,67.23,1.41,1.27,2177.0,483.0,5.14,1.14,13.49,10810.0,561.0,17.14,0.89,3.15,2934.0,449.0,27.14,4.15,9.3,62211.0,1576.0,98.66,2.5,1.54,52744.0,1132.0,84.78,1.82,1.3,8516.0,1095.0,13.69,1.76,7.82,936.0,323.0,1.5,0.52,20.98,63057.0,,100,,,49114.0,1204.0,77.89,1.91,1.49,47764.0,1236.0,75.75,1.96,1.57,1363.0,353.0,2.16,0.56,15.74,13943.0,1261.0,22.11,2.0,5.5,6851.0,664.0,49.13,4.76,5.89,7092.0,664.0,50.86,4.76,5.69,5516.0,658.0,39.56,4.72,7.25,4755.0,650.0,34.1,4.66,8.31,396.0,206.0,2.84,1.48,31.62,109.0,106.0,0.78,0.76,59.12,2802.0,513.0,20.1,3.68,11.13,360.0,128.0,2.58,0.92,21.61,59427.0,2541.0,94.24,4.03,2.6,41455.0,1492.0,69.76,2.51,2.19,4212.0,737.0,7.09,1.24,10.64,5934.0,731.0,9.99,1.23,7.49,54283.0,2220.0,86.09,3.52,2.49,38799.0,934.0,71.48,1.72,1.46,37083.0,972.0,68.31,1.79,1.59,1651.0,429.0,3.04,0.79,15.8,64.0,119.0,0.12,0.22,113.03,15484.0,934.0,28.52,1.72,3.67,,,4.26,1.1,15.8,36567.0,996.0,57.99,1.58,1.66,2116.0,380.0,5.79,1.04,10.92,784.0,307.0,2.14,0.84,23.8,23497.0,867.0,64.26,2.37,2.24,4736.0,629.0,12.95,1.72,8.07,3104.0,417.0,8.49,1.14,8.17,37092.0,1022.0,58.82,1.62,1.67,0.0,,0.0,,,456.0,189.0,1.23,0.51,25.2,792.0,226.0,2.14,0.61,17.35,932.0,256.0,2.51,0.69,16.7,1873.0,360.0,5.05,0.97,11.68,793.0,338.0,2.14,0.91,25.91,2588.0,616.0,6.98,1.66,14.47,8102.0,872.0,21.84,2.35,6.54,7511.0,757.0,20.25,2.04,6.13,9042.0,864.0,24.38,2.33,5.81,2358.0,523.0,6.36,1.41,13.48,1343.0,330.0,3.62,0.89,14.94,1290.0,382.0,3.48,1.03,18.0,1782.0,399.0,4.95,1.11,13.61,746.0,263.0,2.07,0.73,21.43,2042.0,500.0,5.67,1.39,14.88,1659.0,403.0,4.61,1.12,14.77,2683.0,623.0,7.46,1.73,14.12,4299.0,608.0,11.95,1.69,8.6,4127.0,637.0,11.47,1.77,9.38,6209.0,698.0,17.25,1.94,6.83,3165.0,493.0,8.79,1.37,9.47,9271.0,702.0,25.76,1.95,4.6,29131.0,691.0,80.95,1.92,1.44,9370.0,745.0,26.04,2.07,4.83,5353.0,695.0,14.87,1.93,7.89,1231.0,342.0,3.42,0.95,16.89,342.0,180.0,0.95,0.5,31.99,1846.0,515.0,5.13,1.43,16.96,60419.0,528.0,96.04,0.84,0.53,52306.0,1088.0,83.14,1.73,1.26,15004.0,1195.0,23.85,1.9,4.84,2491.0,528.0,3.96,0.84,12.89,26975.0,977.0,42.78,1.55,2.2,36083.0,977.0,57.22,1.55,1.65,3630.0,574.0,5.76,0.91,9.61,2593.0,441.0,4.11,0.7,10.34,2303.0,422.0,3.65,0.67,11.14,1956.0,372.0,3.1,0.59,11.56,3000.0,568.0,4.76,0.9,11.51,14189.0,1242.0,22.5,1.97,5.32,8849.0,889.0,14.03,1.41,6.11,8952.0,908.0,14.2,1.44,6.17,3143.0,473.0,4.98,0.75,9.15,3651.0,574.0,5.79,0.91,9.56,5972.0,656.0,9.47,1.04,6.68,3409.0,504.0,5.41,0.8,8.99,1444.0,315.0,2.29,0.5,13.26,53365.0,895.0,84.63,1.42,1.02,10815.0,725.0,17.15,1.15,4.08,50683.0,1324.0,80.38,2.1,1.59,3217.0,675.0,5.1,1.07,12.76,4.0,82.0,0.01,0.13,1246.2,5664.0,908.0,8.98,1.44,9.75,21.0,88.0,0.03,0.14,254.74,1064.0,410.0,1.69,0.65,23.42,2400.0,681.0,3.81,1.08,17.25,8267.0,1015.0,13.11,1.61,7.46,54790.0,1015.0,86.89,1.61,1.13,44553.0,1362.0,70.65,2.16,1.86,2482.0,599.0,3.94,0.95,14.67,0.0,,0.0,,,5589.0,876.0,8.86,1.39,9.53,0.0,,0.0,,,131.0,139.0,0.21,0.22,64.5,2023.0,612.0,3.21,0.97,18.39
10280,10280,10280,5072.0,,100,,,1576.0,283.0,31.07,5.58,10.92,1347.0,313.0,19.65,4.56,14.13,121.0,66.0,8.98,4.92,33.16,203.0,145.0,15.07,10.75,43.42,653.0,129.0,48.47,9.59,12.01,149.0,102.0,11.06,7.57,41.61,220.0,120.0,16.33,8.92,33.16,5187.0,639.0,75.66,9.32,7.49,18.0,24.0,0.35,0.47,81.05,11.0,19.0,0.21,0.37,105.0,91.0,53.0,1.75,1.03,35.41,4563.0,183.0,87.98,3.52,2.44,5350.0,653.0,78.04,9.52,7.42,91.0,55.0,1.7,1.02,36.74,6856.0,0.0,100.01,0.0,0.0,149.0,70.0,2.17,1.02,28.56,1506.0,302.0,21.97,4.41,12.19,12.0,20.0,0.8,1.36,101.32,4902.0,614.0,71.5,8.95,7.61,70.0,41.0,1.43,0.84,35.61,447.0,100.0,6.52,1.46,13.6,70.0,46.0,15.65,10.3,39.95,6789.0,893.0,99.03,13.03,8.0,5263.0,605.0,77.52,8.91,6.99,1279.0,611.0,18.84,9.0,29.04,253.0,158.0,3.73,2.32,37.96,6856.0,,100,,,4584.0,334.0,66.86,4.87,4.43,4455.0,372.0,64.98,5.42,5.08,130.0,138.0,1.9,2.02,64.53,2271.0,237.0,33.13,3.46,6.34,956.0,210.0,42.09,9.24,13.35,1315.0,210.0,57.9,9.24,9.71,859.0,175.0,37.82,7.69,12.38,1011.0,189.0,44.51,8.33,11.36,53.0,68.0,2.33,2.98,78.0,36.0,34.0,1.59,1.49,57.41,271.0,134.0,11.93,5.89,30.06,39.0,37.0,1.72,1.63,57.67,6363.0,160.0,92.81,2.34,1.53,3847.0,477.0,60.46,7.49,7.54,442.0,200.0,6.95,3.15,27.51,752.0,576.0,11.82,9.05,46.56,5452.0,660.0,79.53,9.63,7.36,4656.0,182.0,85.4,3.33,2.38,4471.0,192.0,82.0,3.52,2.61,185.0,106.0,3.39,1.94,34.83,0.0,,0.0,,,796.0,182.0,14.6,3.33,13.9,,,3.97,2.27,34.83,4444.0,588.0,64.82,8.58,8.04,378.0,166.0,8.51,3.73,26.7,71.0,58.0,1.6,1.31,49.66,2529.0,261.0,56.9,5.87,6.27,1080.0,228.0,24.3,5.13,12.83,227.0,87.0,5.11,1.96,23.3,4465.0,590.0,65.13,8.6,8.03,0.0,,0.0,,,13.0,21.0,0.29,0.47,98.2,48.0,42.0,1.07,0.93,53.19,6.0,25.0,0.13,0.57,253.29,197.0,100.0,4.41,2.24,30.86,60.0,62.0,1.34,1.39,62.82,262.0,137.0,5.87,3.07,31.79,1336.0,221.0,29.92,4.94,10.06,1423.0,278.0,31.87,6.23,11.88,813.0,216.0,18.21,4.83,16.15,199.0,108.0,4.46,2.42,32.99,56.0,46.0,1.25,1.03,49.93,44.0,42.0,0.99,0.94,58.03,148.0,88.0,2.92,1.74,36.15,22.0,34.0,0.43,0.67,93.95,113.0,122.0,2.23,2.4,65.63,117.0,93.0,2.31,1.83,48.32,222.0,122.0,4.38,2.41,33.41,317.0,166.0,6.25,3.27,31.83,334.0,215.0,6.59,4.23,39.13,1091.0,288.0,21.51,5.68,16.05,456.0,171.0,8.99,3.37,22.8,2247.0,385.0,44.3,7.6,10.42,4714.0,142.0,92.94,2.79,1.83,417.0,122.0,8.22,2.41,17.79,166.0,88.0,3.27,1.73,32.23,23.0,34.0,0.45,0.68,89.86,1.0,44.0,0.02,0.87,2674.77,38.0,44.0,0.75,0.87,70.39,6576.0,164.0,95.92,2.39,1.52,6323.0,176.0,92.23,2.57,1.69,732.0,283.0,10.68,4.13,23.5,280.0,164.0,4.08,2.39,35.61,3434.0,252.0,50.09,3.67,4.46,3422.0,252.0,49.92,3.67,4.48,493.0,133.0,7.19,1.94,16.4,514.0,176.0,7.5,2.57,20.82,376.0,164.0,5.48,2.39,26.51,129.0,88.0,1.88,1.29,41.47,157.0,95.0,2.29,1.39,36.78,1263.0,309.0,18.42,4.5,14.87,1764.0,315.0,25.73,4.59,10.86,1044.0,258.0,15.23,3.76,15.02,292.0,113.0,4.26,1.65,23.53,375.0,145.0,5.47,2.11,23.51,333.0,82.0,4.86,1.2,14.97,107.0,69.0,1.56,1.01,39.2,7.0,25.0,0.1,0.37,217.11,5350.0,233.0,78.04,3.4,2.65,447.0,108.0,6.52,1.57,14.69,4947.0,359.0,72.16,5.23,4.41,68.0,69.0,0.99,1.01,61.68,0.0,,0.0,,,1498.0,296.0,21.85,4.32,12.01,0.0,,0.0,,,94.0,82.0,1.37,1.2,53.03,256.0,170.0,3.73,2.48,40.37,889.0,566.0,12.97,8.25,38.7,5966.0,566.0,87.02,8.25,5.77,4174.0,472.0,60.88,6.88,6.87,66.0,69.0,0.96,1.01,63.55,0.0,,0.0,,,1498.0,296.0,21.85,4.32,12.01,0.0,,0.0,,,17.0,20.0,0.25,0.29,71.52,219.0,151.0,3.19,2.2,41.91
10282,10282,10282,2805.0,,100,,,987.0,146.0,35.19,5.2,8.99,1588.0,357.0,19.1,4.29,13.67,341.0,135.0,21.47,8.5,24.07,149.0,84.0,9.38,5.3,34.27,646.0,173.0,40.67,10.9,16.28,235.0,140.0,14.8,8.8,36.22,216.0,100.0,13.6,6.3,28.14,5796.0,629.0,69.7,7.56,6.6,58.0,58.0,1.0,1.0,60.79,23.0,35.0,0.4,0.6,92.51,284.0,145.0,4.9,2.5,31.04,4944.0,238.0,85.3,4.1,2.93,6154.0,661.0,74.0,7.95,6.53,98.0,68.0,1.59,1.1,42.18,8316.0,0.0,100.0,0.0,0.0,341.0,133.0,4.1,1.6,23.71,2162.0,352.0,26.0,4.23,9.9,0.0,,0.0,,,5588.0,631.0,67.2,7.59,6.86,168.0,78.0,3.01,1.4,28.22,565.0,149.0,6.79,1.79,16.03,170.0,83.0,30.06,14.7,29.68,8083.0,127.0,97.2,1.53,0.96,6377.0,412.0,78.89,5.1,3.93,1285.0,339.0,15.9,4.2,16.04,420.0,339.0,5.2,4.2,49.07,8316.0,,100,,,6079.0,407.0,73.1,4.9,4.07,5929.0,399.0,71.3,4.8,4.09,150.0,100.0,1.8,1.2,40.53,2237.0,426.0,26.9,5.12,11.58,785.0,183.0,35.09,8.2,14.17,1452.0,183.0,64.91,8.2,7.66,980.0,275.0,43.81,12.3,17.06,792.0,257.0,35.41,11.5,19.73,31.0,38.0,1.39,1.7,74.52,0.0,,0.0,,,275.0,157.0,12.29,7.0,34.71,161.0,132.0,7.2,5.9,49.84,7093.0,817.0,85.29,9.83,7.0,5192.0,404.0,73.19,5.7,4.73,454.0,206.0,6.4,2.9,27.58,348.0,184.0,4.91,2.6,32.14,6187.0,664.0,74.4,7.98,6.52,4770.0,210.0,77.1,3.4,2.68,4634.0,241.0,74.9,3.9,3.16,136.0,93.0,2.2,1.5,41.57,0.0,,0.0,,,1417.0,210.0,22.9,3.4,9.01,,,2.85,1.95,41.57,4507.0,136.0,54.2,1.64,1.83,203.0,140.0,4.5,3.1,41.92,77.0,72.0,1.71,1.6,56.84,1857.0,275.0,41.2,6.1,9.0,1690.0,261.0,37.5,5.8,9.39,239.0,122.0,5.3,2.7,31.03,4632.0,129.0,55.7,1.55,1.69,0.0,,0.0,,,14.0,28.0,0.3,0.6,121.58,88.0,69.0,1.9,1.5,47.67,83.0,88.0,1.79,1.9,64.45,213.0,120.0,4.6,2.6,34.25,28.0,37.0,0.6,0.8,80.33,375.0,144.0,8.1,3.1,23.34,1751.0,306.0,37.8,6.6,10.62,1214.0,259.0,26.21,5.6,12.97,482.0,171.0,10.41,3.7,21.57,176.0,120.0,3.8,2.6,41.45,97.0,69.0,2.09,1.5,43.24,102.0,88.0,2.2,1.9,52.45,171.0,98.0,6.1,3.5,34.84,31.0,28.0,1.11,1.0,54.91,17.0,28.0,0.61,1.0,100.13,65.0,45.0,2.32,1.6,42.09,109.0,79.0,3.89,2.8,44.06,213.0,101.0,7.59,3.6,28.83,247.0,109.0,8.81,3.9,26.83,393.0,115.0,14.01,4.1,17.79,247.0,95.0,8.81,3.4,23.38,1316.0,171.0,46.92,6.1,7.9,2499.0,101.0,89.09,3.6,2.46,314.0,115.0,11.19,4.1,22.26,137.0,79.0,4.88,2.8,35.05,48.0,70.0,1.71,2.5,88.65,20.0,25.0,0.71,0.9,75.99,53.0,45.0,1.89,1.6,51.61,8083.0,141.0,97.2,1.7,1.06,7609.0,216.0,91.5,2.6,1.73,773.0,191.0,9.3,2.3,15.02,233.0,141.0,2.8,1.7,36.79,4241.0,241.0,51.0,2.9,3.45,4075.0,241.0,49.0,2.9,3.6,1222.0,241.0,14.69,2.9,11.99,524.0,208.0,6.3,2.5,24.13,266.0,125.0,3.2,1.5,28.57,233.0,150.0,2.8,1.8,39.14,274.0,175.0,3.29,2.1,38.83,1647.0,291.0,19.81,3.5,10.74,2170.0,283.0,26.09,3.4,7.93,923.0,241.0,11.1,2.9,15.87,233.0,125.0,2.8,1.5,32.61,249.0,116.0,2.99,1.4,28.32,366.0,150.0,4.4,1.8,24.91,100.0,75.0,1.2,0.9,45.59,108.0,58.0,1.3,0.7,32.65,6154.0,274.0,74.0,3.3,2.71,565.0,166.0,6.79,2.0,17.86,6320.0,349.0,76.0,4.2,3.36,166.0,100.0,2.0,1.2,36.62,0.0,,0.0,,,1405.0,341.0,16.9,4.1,14.75,0.0,,0.0,,,175.0,150.0,2.1,1.8,52.11,258.0,158.0,3.1,1.9,37.23,507.0,183.0,6.1,2.2,21.94,7809.0,183.0,93.9,2.2,1.42,5962.0,341.0,71.69,4.1,3.48,133.0,100.0,1.6,1.2,45.71,0.0,,0.0,,,1405.0,341.0,16.9,4.1,14.75,0.0,,0.0,,,58.0,83.0,0.7,1.0,86.99,258.0,158.0,3.1,1.9,37.23
10301,10301,10301,16058.0,,100,,,5440.0,345.0,33.88,2.15,3.86,10706.0,702.0,26.52,1.74,3.99,661.0,178.0,6.17,1.66,16.37,517.0,117.0,4.83,1.09,13.76,3958.0,312.0,36.97,2.91,4.79,2107.0,254.0,19.68,2.37,7.33,3464.0,321.0,32.35,3.0,5.63,26238.0,1150.0,65.0,2.85,2.66,1663.0,275.0,6.34,1.05,10.05,1995.0,341.0,7.6,1.3,10.39,7074.0,514.0,26.96,1.96,4.42,9265.0,512.0,35.31,1.95,3.36,30584.0,1183.0,75.77,2.93,2.35,1396.0,211.0,4.56,0.69,9.19,39517.0,791.0,97.9,1.96,1.22,3767.0,454.0,9.53,1.15,7.33,9783.0,872.0,24.24,2.16,5.42,371.0,156.0,3.79,1.59,25.56,25079.0,751.0,62.13,1.86,1.82,2127.0,324.0,8.48,1.29,9.26,4658.0,323.0,11.54,0.8,4.22,1271.0,159.0,27.28,3.41,7.6,39897.0,1328.0,98.84,3.29,2.02,36714.0,475.0,92.02,1.19,0.79,2849.0,435.0,7.14,1.09,9.28,334.0,207.0,0.84,0.52,37.68,40366.0,,100,,,31355.0,714.0,77.68,1.77,1.38,30315.0,735.0,75.1,1.82,1.47,1042.0,210.0,2.58,0.52,12.25,9011.0,727.0,22.32,1.8,4.9,4765.0,378.0,52.88,4.2,4.82,4246.0,378.0,47.12,4.2,5.41,1767.0,259.0,19.61,2.87,8.91,2158.0,311.0,23.95,3.45,8.76,1224.0,310.0,13.58,3.44,15.4,7.0,98.0,0.08,1.09,851.06,3763.0,366.0,41.76,4.06,5.91,90.0,92.0,1.0,1.02,62.14,37393.0,1647.0,92.63,4.08,2.68,26272.0,890.0,70.26,2.38,2.06,4244.0,494.0,11.35,1.32,7.08,5551.0,729.0,14.84,1.95,7.98,31697.0,1045.0,78.52,2.59,2.0,18501.0,602.0,58.37,1.9,1.98,17300.0,599.0,54.58,1.89,2.1,1204.0,197.0,3.8,0.62,9.95,0.0,,0.0,,,13196.0,602.0,41.63,1.9,2.77,,,6.51,1.04,9.95,17007.0,549.0,42.13,1.36,1.96,7135.0,415.0,41.95,2.44,3.54,984.0,214.0,5.79,1.26,13.22,7390.0,405.0,43.45,2.38,3.33,843.0,182.0,4.96,1.07,13.12,555.0,143.0,3.26,0.84,15.66,17300.0,533.0,42.86,1.32,1.87,63.0,92.0,0.36,0.53,88.77,1077.0,209.0,6.23,1.21,11.8,383.0,119.0,2.21,0.69,18.89,229.0,85.0,1.32,0.49,22.56,1500.0,237.0,8.67,1.37,9.6,895.0,171.0,5.17,0.99,11.61,478.0,114.0,2.76,0.66,14.5,1580.0,234.0,9.13,1.35,9.0,2024.0,268.0,11.7,1.55,8.05,5142.0,358.0,29.72,2.07,4.23,1757.0,285.0,10.16,1.65,9.86,993.0,197.0,5.74,1.14,12.06,1179.0,291.0,6.82,1.68,15.0,1937.0,302.0,12.06,1.88,9.48,827.0,194.0,5.15,1.21,14.26,1439.0,238.0,8.96,1.48,10.05,1117.0,222.0,6.96,1.38,12.08,1867.0,275.0,11.63,1.71,8.95,2473.0,302.0,15.4,1.88,7.42,2009.0,242.0,12.51,1.51,7.32,2155.0,249.0,13.42,1.55,7.02,1192.0,193.0,7.42,1.2,9.84,1044.0,151.0,6.5,0.94,8.79,12110.0,329.0,75.41,2.05,1.65,4093.0,305.0,25.49,1.9,4.53,2376.0,234.0,14.8,1.46,5.99,1293.0,238.0,8.05,1.48,11.19,822.0,175.0,5.12,1.09,12.94,3225.0,328.0,20.08,2.04,6.18,36237.0,494.0,91.7,1.25,0.83,23996.0,1114.0,60.72,2.82,2.82,15389.0,984.0,38.94,2.49,3.89,3280.0,494.0,8.3,1.25,9.16,20009.0,513.0,49.57,1.27,1.56,20357.0,513.0,50.43,1.27,1.53,2973.0,383.0,7.37,0.95,7.83,2473.0,347.0,6.13,0.86,8.53,2751.0,367.0,6.82,0.91,8.11,2793.0,355.0,6.92,0.88,7.73,3135.0,355.0,7.77,0.88,6.88,4741.0,460.0,11.74,1.14,5.9,5472.0,416.0,13.56,1.03,4.62,5759.0,436.0,14.27,1.08,4.6,2732.0,327.0,6.77,0.81,7.28,2377.0,270.0,5.89,0.67,6.91,2878.0,283.0,7.13,0.7,5.98,1607.0,218.0,3.98,0.54,8.25,695.0,145.0,1.72,0.36,12.68,30584.0,690.0,75.77,1.71,1.37,5174.0,400.0,12.82,0.99,4.7,22014.0,916.0,54.54,2.27,2.53,11222.0,1122.0,27.8,2.78,6.08,85.0,117.0,0.21,0.29,83.68,2514.0,428.0,6.23,1.06,10.35,3.0,101.0,0.01,0.25,2046.61,2643.0,759.0,6.55,1.88,17.46,1882.0,945.0,4.66,2.34,30.52,9728.0,977.0,24.1,2.42,6.11,30638.0,977.0,75.9,2.42,1.94,16420.0,747.0,40.68,1.85,2.77,9941.0,1102.0,24.63,2.73,6.74,73.0,121.0,0.18,0.3,100.76,2484.0,424.0,6.15,1.05,10.38,3.0,101.0,0.01,0.25,2046.61,145.0,117.0,0.36,0.29,49.05,1581.0,928.0,3.92,2.3,35.68
10302,10302,10302,6324.0,,100,,,2314.0,204.0,36.59,3.23,5.36,4727.0,381.0,26.64,2.15,4.9,223.0,66.0,4.72,1.4,17.99,290.0,104.0,6.14,2.19,21.8,1859.0,244.0,39.33,5.16,7.98,963.0,194.0,20.37,4.11,12.25,1393.0,211.0,29.47,4.47,9.21,11815.0,751.0,66.59,4.23,3.86,599.0,216.0,5.07,1.83,21.92,1127.0,232.0,9.54,1.96,12.51,4329.0,366.0,36.64,3.1,5.14,2595.0,286.0,21.96,2.42,6.7,13495.0,719.0,76.06,4.05,3.24,941.0,163.0,6.97,1.21,10.53,17684.0,855.0,99.66,4.82,2.94,1813.0,269.0,10.25,1.52,9.02,4237.0,417.0,23.88,2.35,5.98,129.0,105.0,3.04,2.49,49.48,11586.0,326.0,65.3,1.84,1.71,1088.0,191.0,9.39,1.65,10.67,1859.0,147.0,10.48,0.83,4.81,597.0,90.0,32.11,4.86,9.16,17475.0,1166.0,98.49,6.57,4.06,16545.0,262.0,94.68,1.5,0.96,885.0,255.0,5.06,1.46,17.52,40.0,65.0,0.23,0.37,98.78,17743.0,,100,,,13413.0,506.0,75.59,2.85,2.29,12870.0,490.0,72.53,2.76,2.31,543.0,181.0,3.06,1.02,20.26,4330.0,561.0,24.4,3.16,7.88,1856.0,282.0,42.86,6.51,9.24,2474.0,282.0,57.13,6.51,6.93,337.0,109.0,7.78,2.51,19.66,809.0,240.0,18.68,5.54,18.03,501.0,194.0,11.57,4.49,23.54,0.0,,0.0,,,2671.0,275.0,61.68,6.36,6.26,12.0,37.0,0.28,0.85,187.44,16559.0,1148.0,93.32,6.47,4.21,10052.0,603.0,60.7,3.64,3.65,2141.0,432.0,12.93,2.61,12.27,4792.0,604.0,28.94,3.65,7.66,13906.0,916.0,78.37,5.16,4.0,7917.0,337.0,56.93,2.42,2.59,7478.0,352.0,53.77,2.53,2.86,440.0,106.0,3.16,0.76,14.64,0.0,,0.0,,,5990.0,337.0,43.07,2.42,3.42,,,5.56,1.32,14.64,7330.0,334.0,41.31,1.88,2.77,3793.0,306.0,51.75,4.17,4.9,418.0,108.0,5.7,1.47,15.71,2442.0,309.0,33.32,4.22,7.69,257.0,95.0,3.51,1.3,22.47,188.0,113.0,2.56,1.54,36.54,7479.0,328.0,42.15,1.85,2.67,0.0,,0.0,,,888.0,229.0,11.87,3.06,15.68,143.0,61.0,1.91,0.81,25.93,99.0,56.0,1.32,0.75,34.39,1033.0,188.0,13.81,2.51,11.06,555.0,138.0,7.42,1.85,15.12,166.0,67.0,2.22,0.89,24.54,466.0,125.0,6.23,1.67,16.31,713.0,132.0,9.53,1.76,11.25,1925.0,239.0,25.74,3.19,7.55,563.0,138.0,7.53,1.84,14.9,357.0,116.0,4.77,1.55,19.75,571.0,129.0,7.63,1.72,13.73,937.0,190.0,14.82,3.0,12.33,206.0,89.0,3.26,1.4,26.26,488.0,128.0,7.72,2.02,15.94,720.0,180.0,11.39,2.84,15.2,565.0,129.0,8.93,2.04,13.88,932.0,167.0,14.74,2.64,10.89,753.0,140.0,11.91,2.21,11.3,879.0,152.0,13.9,2.41,10.51,615.0,125.0,9.72,1.97,12.36,228.0,62.0,3.61,0.98,16.53,4570.0,199.0,72.26,3.15,2.65,1610.0,163.0,25.46,2.57,6.15,1111.0,135.0,17.57,2.13,7.39,349.0,87.0,5.52,1.38,15.15,421.0,135.0,6.66,2.14,19.49,1363.0,205.0,21.55,3.24,9.14,15438.0,442.0,87.3,2.5,1.74,10565.0,688.0,59.74,3.89,3.96,6391.0,509.0,36.14,2.88,4.84,2247.0,442.0,12.71,2.5,11.96,9153.0,332.0,51.59,1.87,2.21,8590.0,332.0,48.41,1.87,2.35,1185.0,208.0,6.68,1.17,10.67,1368.0,243.0,7.71,1.37,10.8,1078.0,193.0,6.08,1.09,10.88,1109.0,193.0,6.25,1.09,10.58,1186.0,220.0,6.68,1.24,11.28,3282.0,390.0,18.5,2.2,7.22,2105.0,273.0,11.86,1.54,7.88,2465.0,256.0,13.89,1.44,6.31,1188.0,179.0,6.7,1.01,9.16,901.0,163.0,5.08,0.92,11.0,1030.0,153.0,5.8,0.86,9.03,621.0,117.0,3.5,0.66,11.45,207.0,80.0,1.17,0.45,23.49,13495.0,346.0,76.06,1.95,1.56,1859.0,202.0,10.48,1.14,6.61,10782.0,694.0,60.77,3.91,3.91,3319.0,538.0,18.71,3.03,9.85,65.0,99.0,0.37,0.56,92.59,1214.0,389.0,6.84,2.19,19.48,3.0,46.0,0.02,0.26,932.12,1590.0,531.0,8.96,2.99,20.3,767.0,202.0,4.32,1.14,16.01,6859.0,628.0,38.66,3.54,5.57,10884.0,628.0,61.34,3.54,3.51,6006.0,461.0,33.85,2.6,4.67,3123.0,534.0,17.6,3.01,10.39,14.0,51.0,0.08,0.29,221.45,1122.0,383.0,6.32,2.16,20.75,3.0,46.0,0.02,0.26,932.12,254.0,256.0,1.43,1.44,61.27,352.0,142.0,1.98,0.8,24.52
10303,10303,10303,8350.0,,100,,,4073.0,270.0,48.78,3.23,4.03,7375.0,462.0,30.0,1.88,3.81,383.0,159.0,5.19,2.15,25.24,330.0,115.0,4.47,1.56,21.18,2850.0,281.0,38.65,3.81,5.99,1777.0,233.0,24.1,3.16,7.97,2035.0,257.0,27.59,3.49,7.68,15204.0,767.0,61.84,3.12,3.07,871.0,207.0,5.73,1.36,14.45,1994.0,347.0,13.12,2.28,10.58,4399.0,371.0,28.93,2.44,5.13,3756.0,353.0,24.7,2.32,5.71,18010.0,1008.0,73.26,4.1,3.4,1063.0,205.0,5.9,1.14,11.72,24552.0,74.0,99.86,0.3,0.18,2262.0,319.0,9.21,1.3,8.57,6555.0,484.0,26.66,1.97,4.49,116.0,73.0,1.77,1.12,38.26,15745.0,605.0,64.04,2.46,2.34,1258.0,239.0,7.99,1.52,11.55,2252.0,231.0,9.16,0.94,6.24,883.0,115.0,39.2,5.11,7.92,24347.0,1372.0,99.03,5.58,3.43,22785.0,499.0,93.59,2.05,1.33,1417.0,482.0,5.82,1.98,20.68,156.0,83.0,0.64,0.34,32.34,24585.0,,100,,,17985.0,536.0,73.15,2.18,1.81,16764.0,561.0,68.19,2.28,2.03,1223.0,236.0,4.97,0.96,11.73,6600.0,548.0,26.85,2.23,5.05,3639.0,325.0,55.14,4.93,5.43,2961.0,325.0,44.86,4.93,6.67,361.0,168.0,5.47,2.54,28.29,1957.0,334.0,29.65,5.06,10.38,1369.0,292.0,20.74,4.42,12.97,0.0,,0.0,,,2912.0,362.0,44.12,5.48,7.56,0.0,,0.0,,,22928.0,1138.0,93.26,4.63,3.02,12841.0,763.0,56.01,3.33,3.61,2768.0,385.0,12.07,1.68,8.46,6112.0,688.0,26.66,3.0,6.84,18926.0,1067.0,76.98,4.34,3.43,10292.0,467.0,54.38,2.47,2.76,9724.0,475.0,51.38,2.51,2.97,568.0,131.0,3.0,0.69,14.02,0.0,,0.0,,,8634.0,467.0,45.62,2.47,3.29,,,5.52,1.25,14.02,9626.0,467.0,39.15,1.9,2.95,4817.0,383.0,50.04,3.98,4.83,730.0,200.0,7.58,2.08,16.65,3696.0,372.0,38.4,3.86,6.12,269.0,104.0,2.79,1.08,23.5,74.0,67.0,0.77,0.7,55.04,9716.0,472.0,39.52,1.92,2.95,0.0,,0.0,,,553.0,156.0,5.69,1.61,17.15,290.0,103.0,2.98,1.06,21.59,111.0,77.0,1.14,0.79,42.17,996.0,197.0,10.25,2.03,12.02,814.0,163.0,8.38,1.68,12.17,190.0,96.0,1.96,0.99,30.72,638.0,155.0,6.57,1.6,14.77,741.0,160.0,7.63,1.65,13.13,2990.0,291.0,30.77,2.99,5.92,858.0,163.0,8.83,1.68,11.55,656.0,182.0,6.75,1.87,16.87,881.0,202.0,9.07,2.08,13.94,1723.0,253.0,20.63,3.03,8.93,363.0,127.0,4.35,1.52,21.27,649.0,157.0,7.77,1.88,14.71,429.0,124.0,5.14,1.48,17.57,709.0,154.0,8.49,1.85,13.2,1369.0,213.0,16.4,2.55,9.46,1098.0,195.0,13.15,2.33,10.8,1325.0,224.0,15.87,2.68,10.28,450.0,114.0,5.39,1.36,15.4,239.0,99.0,2.86,1.18,25.18,6037.0,239.0,72.3,2.86,2.41,1540.0,190.0,18.44,2.28,7.5,1020.0,185.0,12.22,2.22,11.03,543.0,150.0,6.5,1.8,16.79,824.0,187.0,9.87,2.24,13.8,2156.0,223.0,25.82,2.67,6.29,22252.0,378.0,90.63,1.54,1.03,14401.0,739.0,58.65,3.01,3.12,9296.0,700.0,37.86,2.85,4.58,2300.0,378.0,9.37,1.54,9.99,11599.0,411.0,47.18,1.67,2.15,12987.0,411.0,52.82,1.67,1.92,1658.0,288.0,6.74,1.17,10.56,1779.0,261.0,7.24,1.06,8.92,1787.0,256.0,7.27,1.04,8.71,2049.0,302.0,8.33,1.23,8.96,2105.0,300.0,8.56,1.22,8.66,3735.0,425.0,15.19,1.73,6.92,2989.0,337.0,12.16,1.37,6.85,3543.0,356.0,14.41,1.45,6.11,1612.0,248.0,6.56,1.01,9.35,1084.0,175.0,4.41,0.71,9.81,1458.0,216.0,5.93,0.88,9.01,599.0,160.0,2.44,0.65,16.24,188.0,79.0,0.76,0.32,25.54,18010.0,381.0,73.26,1.55,1.29,2252.0,268.0,9.16,1.09,7.23,10241.0,875.0,41.66,3.56,5.19,9081.0,733.0,36.94,2.98,4.91,69.0,86.0,0.28,0.35,75.77,2036.0,411.0,8.28,1.67,12.27,0.0,,0.0,,,2435.0,624.0,9.9,2.54,15.58,712.0,256.0,2.9,1.04,21.86,8818.0,738.0,35.87,3.0,5.09,15767.0,738.0,64.13,3.0,2.85,4848.0,580.0,19.72,2.36,7.27,8408.0,683.0,34.2,2.78,4.94,0.0,,0.0,,,2031.0,411.0,8.26,1.67,12.3,0.0,,0.0,,,108.0,103.0,0.44,0.42,57.98,369.0,199.0,1.5,0.81,32.78
10304,10304,10304,15189.0,,100,,,5945.0,475.0,39.14,3.13,4.86,11795.0,779.0,28.6,1.89,4.01,672.0,223.0,5.7,1.89,20.17,471.0,169.0,3.99,1.43,21.81,4859.0,408.0,41.2,3.46,5.1,2414.0,305.0,20.47,2.59,7.68,3379.0,337.0,28.65,2.86,6.06,26800.0,788.0,64.99,1.91,1.79,2322.0,429.0,8.66,1.6,11.23,2411.0,407.0,9.0,1.52,10.26,7884.0,667.0,29.42,2.49,5.14,8138.0,641.0,30.37,2.39,4.79,31331.0,1456.0,75.98,3.53,2.83,1220.0,210.0,3.89,0.67,10.46,40380.0,334.0,97.93,0.81,0.5,4309.0,545.0,10.67,1.35,7.69,9861.0,800.0,23.91,1.94,4.93,371.0,157.0,3.76,1.59,25.73,25420.0,454.0,61.65,1.1,1.09,2432.0,422.0,9.57,1.66,10.55,5097.0,318.0,12.36,0.77,3.79,1497.0,235.0,29.37,4.62,9.54,40803.0,1258.0,98.95,3.05,1.87,38126.0,571.0,93.44,1.4,0.91,2424.0,555.0,5.94,1.36,13.92,254.0,139.0,0.62,0.34,33.27,41236.0,,100,,,28990.0,1023.0,70.3,2.48,2.15,27951.0,1047.0,67.78,2.54,2.28,1048.0,289.0,2.54,0.7,16.76,12246.0,1002.0,29.7,2.43,4.97,7191.0,556.0,58.72,4.54,4.7,5055.0,556.0,41.28,4.54,6.69,2390.0,331.0,19.52,2.7,8.42,3308.0,467.0,27.01,3.81,8.58,1831.0,557.0,14.95,4.55,18.49,5.0,75.0,0.04,0.61,911.85,4673.0,603.0,38.16,4.92,7.84,38.0,73.0,0.31,0.6,116.78,38935.0,1678.0,94.42,4.07,2.62,24247.0,1324.0,62.28,3.4,3.32,6698.0,814.0,17.2,2.09,7.39,7253.0,1129.0,18.63,2.9,9.46,32713.0,1468.0,79.33,3.56,2.73,18252.0,710.0,55.79,2.17,2.36,16939.0,710.0,51.78,2.17,2.55,1304.0,288.0,3.99,0.88,13.43,11.0,72.0,0.03,0.22,397.9,14461.0,710.0,44.21,2.17,2.98,,,7.14,1.55,13.43,16636.0,746.0,40.34,1.81,2.73,7908.0,506.0,47.54,3.04,3.89,1005.0,236.0,6.04,1.42,14.28,6537.0,529.0,39.29,3.18,4.92,477.0,135.0,2.87,0.81,17.2,564.0,143.0,3.39,0.86,15.41,16950.0,750.0,41.11,1.82,2.69,18.0,71.0,0.11,0.42,239.78,1151.0,298.0,6.79,1.76,15.74,489.0,154.0,2.88,0.91,19.14,337.0,139.0,1.99,0.82,25.07,1820.0,331.0,10.74,1.95,11.06,945.0,217.0,5.58,1.28,13.96,386.0,144.0,2.28,0.85,22.68,1623.0,286.0,9.58,1.69,10.71,1671.0,266.0,9.86,1.57,9.68,5290.0,520.0,31.21,3.07,5.98,1616.0,361.0,9.53,2.13,13.58,830.0,220.0,4.9,1.3,16.11,783.0,190.0,4.62,1.12,14.75,2192.0,416.0,14.43,2.74,11.54,715.0,213.0,4.71,1.4,18.11,1449.0,261.0,9.54,1.72,10.95,1236.0,289.0,8.14,1.9,14.21,1705.0,316.0,11.23,2.08,11.27,2191.0,346.0,14.42,2.28,9.6,1259.0,234.0,8.29,1.54,11.3,2392.0,327.0,15.75,2.15,8.31,912.0,193.0,6.0,1.27,12.86,1137.0,226.0,7.49,1.49,12.08,11085.0,462.0,72.98,3.04,2.53,3941.0,334.0,25.95,2.2,5.15,2308.0,248.0,15.2,1.63,6.53,1161.0,261.0,7.64,1.72,13.67,1116.0,292.0,7.35,1.92,15.91,3754.0,390.0,24.72,2.57,6.32,36198.0,824.0,89.64,2.04,1.38,22410.0,1276.0,55.5,3.16,3.46,16959.0,1248.0,42.0,3.09,4.47,4182.0,824.0,10.36,2.04,11.98,19537.0,602.0,47.38,1.46,1.87,21699.0,602.0,52.62,1.46,1.69,2301.0,437.0,5.58,1.06,11.55,3260.0,425.0,7.91,1.03,7.93,2463.0,342.0,5.97,0.83,8.44,3104.0,421.0,7.53,1.02,8.25,3299.0,408.0,8.0,0.99,7.52,5690.0,565.0,13.8,1.37,6.04,5223.0,511.0,12.67,1.24,5.95,5221.0,482.0,12.66,1.17,5.61,2396.0,309.0,5.81,0.75,7.84,2698.0,351.0,6.54,0.85,7.91,3157.0,285.0,7.66,0.69,5.49,1609.0,264.0,3.9,0.64,9.97,809.0,219.0,1.96,0.53,16.46,31342.0,652.0,76.01,1.58,1.26,5581.0,404.0,13.53,0.98,4.4,21430.0,1200.0,51.97,2.91,3.4,11106.0,1171.0,26.93,2.84,6.41,207.0,231.0,0.5,0.56,67.84,3791.0,553.0,9.19,1.34,8.87,18.0,70.0,0.04,0.17,236.41,3399.0,928.0,8.24,2.25,16.6,1291.0,441.0,3.13,1.07,20.77,11229.0,1270.0,27.23,3.08,6.88,30006.0,1270.0,72.77,3.08,2.57,14726.0,693.0,35.71,1.68,2.86,10381.0,1146.0,25.17,2.78,6.71,207.0,231.0,0.5,0.56,67.84,3765.0,548.0,9.13,1.33,8.85,9.0,74.0,0.02,0.18,499.83,166.0,132.0,0.4,0.32,48.34,749.0,396.0,1.82,0.96,32.14
10305,10305,10305,15380.0,,100,,,5360.0,338.0,34.85,2.2,3.83,10019.0,661.0,23.8,1.57,4.01,627.0,179.0,6.26,1.79,17.35,488.0,165.0,4.87,1.65,20.55,3973.0,320.0,39.66,3.19,4.9,2046.0,268.0,20.42,2.67,7.96,2884.0,302.0,28.79,3.01,6.37,29767.0,589.0,70.7,1.4,1.2,1852.0,295.0,6.22,0.99,9.68,2068.0,295.0,6.95,0.99,8.67,9099.0,545.0,30.57,1.83,3.64,9267.0,545.0,31.13,1.83,3.58,33181.0,1288.0,78.81,3.06,2.36,1211.0,176.0,3.65,0.53,8.83,41547.0,619.0,98.69,1.47,0.91,4687.0,415.0,11.28,1.0,5.38,8758.0,602.0,20.8,1.43,4.18,191.0,95.0,2.18,1.09,30.24,27047.0,636.0,64.24,1.51,1.43,2538.0,325.0,9.38,1.2,7.78,5751.0,387.0,13.66,0.92,4.09,1965.0,209.0,34.17,3.64,6.47,41507.0,1705.0,98.59,4.05,2.5,39155.0,448.0,94.33,1.08,0.7,2160.0,440.0,5.2,1.06,12.38,191.0,91.0,0.46,0.22,28.96,42100.0,,100,,,28499.0,838.0,67.69,1.99,1.79,27393.0,834.0,65.07,1.98,1.85,1112.0,244.0,2.64,0.58,13.34,13601.0,888.0,32.31,2.11,3.97,9455.0,480.0,69.52,3.53,3.09,4146.0,480.0,30.48,3.53,7.04,7005.0,513.0,51.5,3.77,4.45,3409.0,422.0,25.06,3.1,7.53,922.0,457.0,6.78,3.36,30.13,0.0,,0.0,,,2241.0,351.0,16.48,2.58,9.52,23.0,79.0,0.17,0.58,208.8,39631.0,1019.0,94.13,2.42,1.56,21097.0,1078.0,53.23,2.72,3.11,7182.0,662.0,18.12,1.67,5.6,4643.0,733.0,11.72,1.85,9.6,34200.0,1335.0,81.23,3.17,2.37,20247.0,544.0,59.2,1.59,1.63,18779.0,561.0,54.91,1.64,1.82,1322.0,212.0,3.87,0.62,9.75,143.0,96.0,0.42,0.28,40.81,13953.0,544.0,40.8,1.59,2.37,,,6.53,1.03,9.75,18619.0,518.0,44.23,1.23,1.69,8929.0,482.0,47.96,2.59,3.28,1351.0,229.0,7.26,1.23,10.3,6819.0,482.0,36.62,2.59,4.3,710.0,203.0,3.81,1.09,17.38,635.0,168.0,3.41,0.9,16.08,18785.0,505.0,44.62,1.2,1.63,0.0,,0.0,,,1552.0,259.0,8.26,1.38,10.14,654.0,197.0,3.48,1.05,18.31,293.0,103.0,1.56,0.55,21.37,1982.0,308.0,10.55,1.64,9.45,1209.0,224.0,6.44,1.19,11.26,436.0,145.0,2.32,0.77,20.22,2197.0,310.0,11.7,1.65,8.58,2145.0,316.0,11.42,1.68,8.96,5111.0,374.0,27.21,1.99,4.45,1566.0,252.0,8.34,1.34,9.78,697.0,186.0,3.71,0.99,16.22,939.0,188.0,5.0,1.0,12.17,1214.0,209.0,7.89,1.36,10.47,667.0,149.0,4.34,0.97,13.58,1295.0,237.0,8.42,1.54,11.13,1295.0,241.0,8.42,1.57,11.31,1374.0,218.0,8.93,1.42,9.65,2232.0,285.0,14.51,1.85,7.76,2252.0,300.0,14.64,1.95,8.1,2947.0,306.0,19.16,1.99,6.31,1211.0,208.0,7.87,1.35,10.44,891.0,188.0,5.79,1.22,12.83,11902.0,305.0,77.39,1.98,1.56,4812.0,352.0,31.29,2.29,4.45,2875.0,292.0,18.69,1.9,6.17,1177.0,215.0,7.65,1.4,11.1,525.0,128.0,3.41,0.83,14.82,2276.0,277.0,14.8,1.8,7.4,38170.0,519.0,91.87,1.25,0.83,28206.0,1018.0,67.89,2.45,2.19,13746.0,922.0,33.09,2.22,4.08,3377.0,519.0,8.13,1.25,9.34,19983.0,480.0,47.47,1.14,1.46,22117.0,480.0,52.53,1.14,1.32,2469.0,345.0,5.86,0.82,8.49,2451.0,328.0,5.82,0.78,8.14,2474.0,354.0,5.88,0.84,8.7,2175.0,282.0,5.17,0.67,7.88,2764.0,345.0,6.57,0.82,7.59,6163.0,543.0,14.64,1.29,5.36,5705.0,450.0,13.55,1.07,4.8,6032.0,446.0,14.33,1.06,4.49,2887.0,324.0,6.86,0.77,6.82,3074.0,349.0,7.3,0.83,6.9,3198.0,333.0,7.6,0.79,6.33,1876.0,269.0,4.46,0.64,8.72,823.0,156.0,1.95,0.37,11.52,33324.0,539.0,79.15,1.28,0.98,5904.0,446.0,14.02,1.06,4.59,32059.0,909.0,76.15,2.16,1.72,2300.0,564.0,5.46,1.34,14.91,386.0,345.0,0.92,0.82,54.33,4594.0,530.0,10.91,1.26,7.01,17.0,93.0,0.04,0.22,332.56,1689.0,598.0,4.01,1.42,21.52,1041.0,324.0,2.47,0.77,18.92,7565.0,834.0,17.97,1.98,6.7,34535.0,834.0,82.03,1.98,1.47,27090.0,943.0,64.35,2.24,2.12,2009.0,547.0,4.77,1.3,16.55,53.0,118.0,0.13,0.28,135.34,4497.0,522.0,10.68,1.24,7.06,0.0,,0.0,,,158.0,109.0,0.38,0.26,41.94,720.0,240.0,1.71,0.57,20.26
10306,10306,10306,21613.0,,100,,,6832.0,400.0,31.61,1.85,3.56,13040.0,722.0,23.86,1.32,3.37,569.0,168.0,4.36,1.29,17.95,670.0,193.0,5.14,1.48,17.51,5087.0,402.0,39.01,3.08,4.8,2766.0,309.0,21.21,2.37,6.79,3948.0,390.0,30.28,2.99,6.01,39048.0,1432.0,71.43,2.62,2.23,1343.0,238.0,3.44,0.61,10.77,2306.0,359.0,5.91,0.92,9.46,13385.0,668.0,34.28,1.71,3.03,12185.0,687.0,31.2,1.76,3.43,43596.0,1541.0,79.75,2.82,2.15,2178.0,266.0,5.0,0.61,7.42,54148.0,394.0,99.06,0.72,0.44,6362.0,552.0,11.75,1.02,5.27,11038.0,683.0,20.19,1.25,3.76,434.0,177.0,3.93,1.6,24.79,33699.0,678.0,61.65,1.24,1.22,2964.0,357.0,8.8,1.06,7.32,9411.0,372.0,17.22,0.68,2.4,2970.0,293.0,31.56,3.11,6.0,54333.0,1252.0,99.4,2.29,1.4,51852.0,435.0,95.43,0.8,0.51,2301.0,435.0,4.23,0.8,11.49,176.0,103.0,0.32,0.19,35.58,54663.0,,100,,,42718.0,918.0,78.15,1.68,1.31,41689.0,924.0,76.27,1.69,1.35,1041.0,224.0,1.9,0.41,13.08,11945.0,962.0,21.85,1.76,4.9,8639.0,493.0,72.32,4.13,3.47,3305.0,493.0,27.67,4.13,9.07,7304.0,535.0,61.15,4.48,4.45,2665.0,484.0,22.31,4.05,11.04,411.0,227.0,3.44,1.9,33.58,34.0,111.0,0.28,0.93,198.46,1502.0,416.0,12.57,3.48,16.84,31.0,103.0,0.26,0.86,201.98,51949.0,1782.0,95.04,3.26,2.09,35917.0,1158.0,69.14,2.23,1.96,5635.0,644.0,10.85,1.24,6.95,3600.0,722.0,6.93,1.39,12.19,45079.0,1476.0,82.47,2.7,1.99,26265.0,658.0,58.26,1.46,1.52,24621.0,645.0,54.62,1.43,1.59,1605.0,239.0,3.56,0.53,9.05,27.0,104.0,0.06,0.23,234.16,18814.0,658.0,41.74,1.46,2.13,,,6.11,0.9,9.05,24167.0,656.0,44.21,1.2,1.65,13891.0,582.0,57.48,2.41,2.55,1966.0,307.0,8.14,1.27,9.49,7035.0,534.0,29.11,2.21,4.61,508.0,145.0,2.1,0.6,17.35,463.0,145.0,1.92,0.6,19.04,24627.0,640.0,45.05,1.17,1.58,0.0,,0.0,,,2051.0,328.0,8.33,1.33,9.72,691.0,165.0,2.81,0.67,14.52,562.0,172.0,2.28,0.7,18.6,2181.0,310.0,8.86,1.26,8.64,1750.0,266.0,7.11,1.08,9.24,471.0,135.0,1.91,0.55,17.42,2621.0,323.0,10.64,1.31,7.49,2730.0,340.0,11.09,1.38,7.57,7190.0,458.0,29.2,1.86,3.87,1486.0,291.0,6.03,1.18,11.9,1097.0,239.0,4.45,0.97,13.24,1802.0,303.0,7.32,1.23,10.22,1251.0,255.0,5.79,1.18,12.39,958.0,223.0,4.43,1.03,14.15,1872.0,290.0,8.66,1.34,9.42,1516.0,274.0,7.01,1.27,10.99,1817.0,266.0,8.41,1.23,8.9,3036.0,346.0,14.05,1.6,6.93,2852.0,348.0,13.2,1.61,7.42,4337.0,396.0,20.07,1.83,5.55,2236.0,283.0,10.35,1.31,7.69,1730.0,246.0,8.0,1.14,8.64,15727.0,391.0,72.77,1.81,1.51,8415.0,406.0,38.93,1.88,2.93,5123.0,387.0,23.7,1.79,4.59,989.0,184.0,4.58,0.85,11.31,592.0,143.0,2.74,0.66,14.68,2066.0,272.0,9.56,1.26,8.0,51428.0,541.0,94.98,1.0,0.64,41498.0,1088.0,76.64,2.01,1.59,16529.0,980.0,30.53,1.81,3.6,2720.0,541.0,5.02,1.0,12.09,25802.0,579.0,47.2,1.06,1.36,28861.0,579.0,52.8,1.06,1.22,2714.0,366.0,4.96,0.67,8.2,2927.0,383.0,5.35,0.7,7.95,3271.0,344.0,5.98,0.63,6.39,3363.0,383.0,6.15,0.7,6.92,3341.0,383.0,6.11,0.7,6.97,6418.0,590.0,11.74,1.08,5.59,7097.0,525.0,12.98,0.96,4.5,7821.0,547.0,14.31,1.0,4.25,4281.0,410.0,7.83,0.75,5.82,3621.0,377.0,6.62,0.69,6.33,5053.0,432.0,9.24,0.79,5.2,3097.0,350.0,5.67,0.64,6.87,1675.0,290.0,3.06,0.53,10.52,43625.0,574.0,79.81,1.05,0.8,9807.0,519.0,17.94,0.95,3.22,48671.0,880.0,89.04,1.61,1.1,1166.0,372.0,2.13,0.68,19.39,17.0,104.0,0.03,0.19,371.89,2964.0,601.0,5.42,1.1,12.33,0.0,,0.0,,,1209.0,486.0,2.21,0.89,24.44,639.0,219.0,1.17,0.4,20.83,6937.0,907.0,12.69,1.66,7.95,47726.0,907.0,87.31,1.66,1.16,43267.0,1017.0,79.15,1.86,1.43,1037.0,361.0,1.9,0.66,21.16,0.0,,0.0,,,2948.0,601.0,5.39,1.1,12.39,0.0,,0.0,,,81.0,148.0,0.15,0.27,111.07,389.0,164.0,0.71,0.3,25.63
10307,10307,10307,5329.0,,100,,,2094.0,210.0,39.29,3.95,6.1,4079.0,378.0,27.1,2.51,5.63,197.0,91.0,4.83,2.23,28.08,159.0,72.0,3.9,1.76,27.53,1672.0,212.0,40.99,5.2,7.71,993.0,190.0,24.34,4.66,11.63,1057.0,189.0,25.91,4.64,10.87,9911.0,653.0,65.85,4.34,4.01,374.0,128.0,3.77,1.29,20.81,428.0,133.0,4.32,1.34,18.89,2915.0,354.0,29.41,3.57,7.38,3080.0,353.0,31.08,3.56,6.97,11360.0,745.0,75.48,4.95,3.99,574.0,127.0,5.05,1.12,13.45,15030.0,23.0,99.86,0.15,0.09,1362.0,230.0,9.06,1.53,10.27,3691.0,354.0,24.52,2.35,5.83,61.0,47.0,1.65,1.28,46.84,9601.0,549.0,63.79,3.65,3.48,673.0,163.0,7.01,1.7,14.72,1745.0,254.0,11.59,1.69,8.85,630.0,137.0,36.11,7.83,13.22,14941.0,867.0,99.27,5.76,3.53,14300.0,264.0,95.71,1.77,1.12,619.0,263.0,4.14,1.76,25.83,21.0,40.0,0.14,0.27,115.79,15051.0,,100,,,13620.0,328.0,90.49,2.18,1.46,13497.0,358.0,89.68,2.38,1.61,124.0,86.0,0.82,0.57,42.16,1430.0,331.0,9.5,2.2,14.07,1136.0,119.0,79.43,8.31,6.37,294.0,119.0,20.56,8.31,24.61,598.0,157.0,41.81,10.96,15.96,452.0,169.0,31.61,11.84,22.73,203.0,137.0,14.19,9.56,41.03,8.0,40.0,0.56,2.79,303.95,147.0,90.0,10.28,6.28,37.22,22.0,42.0,1.54,2.91,116.05,14223.0,754.0,94.5,5.01,3.22,12270.0,428.0,86.27,3.01,2.12,448.0,189.0,3.15,1.33,25.65,401.0,162.0,2.82,1.14,24.56,11786.0,784.0,78.31,5.21,4.04,6776.0,371.0,57.49,3.15,3.33,6271.0,387.0,53.21,3.28,3.75,505.0,144.0,4.28,1.22,17.33,0.0,,0.0,,,5011.0,371.0,42.51,3.15,4.5,,,7.45,2.09,17.33,6236.0,301.0,41.43,2.0,2.93,4450.0,254.0,71.36,4.07,3.47,343.0,127.0,5.5,2.03,22.51,1187.0,244.0,19.03,3.91,12.5,52.0,39.0,0.83,0.63,45.59,168.0,94.0,2.69,1.5,34.01,6273.0,300.0,41.68,1.99,2.91,34.0,63.0,0.54,1.01,112.64,674.0,199.0,10.74,3.17,17.95,292.0,128.0,4.65,2.04,26.65,140.0,85.0,2.23,1.35,36.91,615.0,149.0,9.8,2.37,14.73,311.0,126.0,4.96,2.01,24.63,135.0,65.0,2.15,1.04,29.27,566.0,159.0,9.02,2.53,17.08,629.0,175.0,10.03,2.79,16.91,1905.0,248.0,30.37,3.95,7.91,432.0,142.0,6.89,2.27,19.98,178.0,86.0,2.84,1.37,29.37,366.0,122.0,5.83,1.94,20.26,131.0,67.0,2.46,1.26,31.09,330.0,150.0,6.19,2.82,27.63,431.0,147.0,8.09,2.76,20.73,267.0,92.0,5.01,1.72,20.95,659.0,201.0,12.37,3.78,18.54,710.0,185.0,13.32,3.48,15.84,824.0,184.0,15.46,3.46,13.57,796.0,168.0,14.94,3.16,12.83,544.0,142.0,10.21,2.67,15.87,639.0,156.0,11.99,2.93,14.84,4071.0,209.0,76.39,3.92,3.12,1764.0,216.0,33.1,4.05,7.44,1266.0,211.0,23.76,3.96,10.13,213.0,104.0,4.0,1.95,29.68,101.0,88.0,1.9,1.65,52.97,322.0,131.0,6.04,2.46,24.73,14177.0,274.0,94.32,1.82,1.17,11589.0,657.0,77.1,4.37,3.45,4034.0,601.0,26.84,4.0,9.06,854.0,274.0,5.68,1.82,19.5,7386.0,361.0,49.07,2.4,2.97,7665.0,361.0,50.93,2.4,2.86,827.0,232.0,5.49,1.54,17.05,963.0,209.0,6.4,1.39,13.19,1265.0,208.0,8.4,1.38,10.0,954.0,205.0,6.34,1.36,13.06,1141.0,178.0,7.58,1.18,9.48,1920.0,351.0,12.76,2.33,11.11,2010.0,289.0,13.35,1.92,8.74,2862.0,284.0,19.02,1.89,6.03,806.0,175.0,5.36,1.16,13.2,545.0,144.0,3.62,0.96,16.06,1109.0,230.0,7.37,1.53,12.61,431.0,120.0,2.86,0.8,16.93,210.0,86.0,1.4,0.57,24.9,11360.0,275.0,75.48,1.83,1.47,1760.0,277.0,11.69,1.84,9.57,14111.0,351.0,93.76,2.33,1.51,35.0,56.0,0.23,0.37,97.26,30.0,54.0,0.2,0.36,109.42,456.0,221.0,3.03,1.47,29.46,0.0,,0.0,,,190.0,239.0,1.26,1.59,76.47,228.0,132.0,1.51,0.88,35.19,1038.0,420.0,6.9,2.79,24.6,14013.0,420.0,93.11,2.79,1.82,13274.0,488.0,88.2,3.24,2.23,35.0,56.0,0.23,0.37,97.26,30.0,54.0,0.2,0.36,109.42,456.0,221.0,3.03,1.47,29.46,0.0,,0.0,,,0.0,,0.0,,,223.0,132.0,1.48,0.88,35.98
10308,10308,10308,10586.0,,100,,,3521.0,246.0,33.26,2.32,4.25,7232.0,456.0,24.6,1.55,3.83,462.0,133.0,6.39,1.84,17.5,349.0,118.0,4.83,1.63,20.55,2779.0,256.0,38.43,3.54,5.6,1565.0,233.0,21.64,3.22,9.05,2078.0,246.0,28.73,3.4,7.2,21022.0,673.0,71.51,2.29,1.95,598.0,168.0,2.84,0.8,17.08,965.0,181.0,4.59,0.86,11.4,7207.0,427.0,34.28,2.03,3.6,6670.0,467.0,31.73,2.22,4.26,23384.0,750.0,79.55,2.55,1.95,1189.0,173.0,5.08,0.74,8.85,29390.0,353.0,99.98,1.2,0.73,2959.0,303.0,10.07,1.03,6.22,6006.0,429.0,20.43,1.46,4.34,95.0,70.0,1.58,1.16,44.79,18502.0,514.0,62.94,1.75,1.69,1396.0,204.0,7.55,1.1,8.88,4883.0,268.0,16.61,0.91,3.34,1472.0,174.0,30.15,3.57,7.19,29191.0,694.0,99.3,2.36,1.45,27349.0,415.0,93.69,1.42,0.92,1730.0,409.0,5.93,1.4,14.37,115.0,79.0,0.39,0.27,41.76,29396.0,,100,,,24291.0,582.0,82.63,1.98,1.46,23953.0,579.0,81.48,1.97,1.47,345.0,123.0,1.17,0.42,21.67,5105.0,617.0,17.37,2.1,7.35,3549.0,292.0,69.52,5.72,5.0,1556.0,292.0,30.48,5.72,11.41,2979.0,328.0,58.35,6.43,6.69,1161.0,281.0,22.74,5.5,14.71,229.0,129.0,4.49,2.53,34.24,0.0,,0.0,,,716.0,245.0,14.02,4.8,20.8,21.0,59.0,0.41,1.15,170.79,27996.0,764.0,95.24,2.6,1.66,21853.0,647.0,78.06,2.31,1.8,2112.0,328.0,7.54,1.17,9.44,1229.0,358.0,4.39,1.28,17.71,24198.0,791.0,82.32,2.69,1.99,14998.0,399.0,61.98,1.65,1.62,13848.0,404.0,57.23,1.67,1.77,1150.0,179.0,4.75,0.74,9.46,7.0,58.0,0.03,0.24,503.69,9201.0,399.0,38.02,1.65,2.64,,,7.67,1.18,9.46,13624.0,373.0,46.35,1.27,1.66,8486.0,377.0,62.29,2.77,2.7,1119.0,233.0,8.21,1.71,12.66,3446.0,356.0,25.29,2.61,6.28,198.0,104.0,1.45,0.76,31.93,244.0,95.0,1.79,0.7,23.67,13850.0,412.0,47.11,1.4,1.81,0.0,,0.0,,,1026.0,230.0,7.41,1.66,13.63,333.0,118.0,2.4,0.85,21.54,131.0,61.0,0.95,0.44,28.31,1456.0,216.0,10.51,1.56,9.02,991.0,183.0,7.16,1.32,11.23,376.0,105.0,2.71,0.76,16.98,1548.0,245.0,11.18,1.77,9.62,1473.0,244.0,10.64,1.76,10.07,3738.0,303.0,26.99,2.19,4.93,768.0,166.0,5.55,1.2,13.14,791.0,188.0,5.71,1.36,14.45,1225.0,216.0,8.84,1.56,10.72,354.0,110.0,3.34,1.04,18.89,327.0,116.0,3.09,1.1,21.56,608.0,144.0,5.74,1.36,14.4,619.0,141.0,5.85,1.33,13.85,770.0,155.0,7.27,1.46,12.24,1603.0,229.0,15.14,2.16,8.68,1600.0,213.0,15.11,2.01,8.09,2612.0,277.0,24.67,2.62,6.45,1318.0,200.0,12.45,1.89,9.22,780.0,150.0,7.37,1.42,11.69,8354.0,206.0,78.92,1.95,1.5,3798.0,238.0,35.88,2.25,3.81,2572.0,239.0,24.3,2.26,5.65,425.0,104.0,4.01,0.98,14.88,173.0,79.0,1.63,0.75,27.76,549.0,134.0,5.19,1.27,14.84,27999.0,409.0,95.27,1.39,0.89,23389.0,705.0,79.58,2.4,1.83,8076.0,594.0,27.48,2.02,4.47,1392.0,409.0,4.74,1.39,17.86,14330.0,365.0,48.75,1.24,1.55,15067.0,365.0,51.25,1.24,1.47,1401.0,250.0,4.77,0.85,10.85,1667.0,268.0,5.67,0.91,9.77,1766.0,218.0,6.01,0.74,7.5,1760.0,279.0,5.99,0.95,9.64,1791.0,235.0,6.09,0.8,7.98,3517.0,388.0,11.96,1.32,6.71,3924.0,356.0,13.35,1.21,5.52,4728.0,332.0,16.08,1.13,4.27,2159.0,300.0,7.34,1.02,8.45,1811.0,229.0,6.16,0.78,7.69,2814.0,306.0,9.57,1.04,6.61,1413.0,209.0,4.81,0.71,8.99,648.0,147.0,2.2,0.5,13.79,23390.0,376.0,79.57,1.28,0.98,4883.0,335.0,16.61,1.14,4.17,27129.0,494.0,92.29,1.68,1.11,83.0,53.0,0.28,0.18,38.82,63.0,65.0,0.21,0.22,62.72,1582.0,467.0,5.38,1.59,17.95,8.0,62.0,0.03,0.21,471.12,217.0,123.0,0.74,0.42,34.46,306.0,188.0,1.04,0.64,37.35,2784.0,520.0,9.47,1.77,11.35,26612.0,520.0,90.53,1.77,1.19,24673.0,691.0,83.93,2.35,1.7,63.0,53.0,0.21,0.18,51.14,51.0,62.0,0.17,0.21,73.9,1574.0,467.0,5.35,1.59,18.04,0.0,,0.0,,,0.0,,0.0,,,249.0,185.0,0.85,0.63,45.17
10309,10309,10309,12069.0,,100,,,4955.0,363.0,41.06,3.01,4.45,8423.0,598.0,24.91,1.77,4.32,462.0,135.0,5.49,1.6,17.76,458.0,176.0,5.44,2.09,23.36,3459.0,340.0,41.07,4.04,5.98,2131.0,300.0,25.3,3.56,8.56,1915.0,264.0,22.74,3.13,8.38,23181.0,1139.0,68.56,3.37,2.99,558.0,204.0,2.41,0.88,22.22,1082.0,260.0,4.67,1.12,14.61,6923.0,561.0,29.87,2.42,4.93,7763.0,663.0,33.49,2.86,5.19,25683.0,1072.0,75.96,3.17,2.54,1020.0,221.0,3.97,0.86,13.17,33757.0,1116.0,99.84,3.3,2.01,2624.0,358.0,7.77,1.06,8.29,8129.0,527.0,24.04,1.56,3.94,182.0,95.0,2.24,1.17,31.73,21440.0,433.0,63.41,1.28,1.23,1355.0,249.0,6.32,1.16,11.17,4189.0,335.0,12.39,0.99,4.86,1093.0,187.0,26.09,4.46,10.4,33351.0,1522.0,98.64,4.5,2.77,31553.0,627.0,94.61,1.88,1.21,1797.0,627.0,5.39,1.88,21.21,1.0,60.0,0.0,0.18,3647.42,33811.0,,100,,,28506.0,710.0,84.31,2.1,1.51,28361.0,717.0,83.88,2.12,1.54,145.0,105.0,0.43,0.31,44.02,5306.0,730.0,15.69,2.16,8.36,4188.0,372.0,78.93,7.01,5.4,1117.0,372.0,21.05,7.01,20.25,2992.0,407.0,56.39,7.68,8.27,1493.0,338.0,28.14,6.37,13.76,123.0,138.0,2.32,2.61,68.2,0.0,,0.0,,,683.0,361.0,12.87,6.81,32.13,12.0,56.0,0.23,1.05,283.69,31867.0,1383.0,94.25,4.09,2.64,24382.0,978.0,76.51,3.07,2.44,2320.0,500.0,7.28,1.57,13.1,1462.0,548.0,4.59,1.72,22.79,26645.0,1153.0,78.8,3.41,2.63,16441.0,650.0,61.7,2.44,2.4,15829.0,661.0,59.41,2.48,2.54,608.0,160.0,2.28,0.6,16.0,0.0,,0.0,,,10203.0,650.0,38.29,2.44,3.87,,,3.7,0.96,16.0,15554.0,595.0,46.0,1.76,2.33,10243.0,526.0,65.85,3.38,3.12,1075.0,272.0,6.91,1.75,15.38,3668.0,504.0,23.58,3.24,8.35,242.0,103.0,1.56,0.66,25.87,203.0,95.0,1.31,0.61,28.45,15831.0,588.0,46.82,1.74,2.26,1.0,60.0,0.01,0.38,3647.42,1436.0,325.0,9.07,2.05,13.76,402.0,138.0,2.54,0.87,20.87,416.0,161.0,2.63,1.02,23.53,1832.0,350.0,11.57,2.21,11.61,1028.0,302.0,6.49,1.91,17.86,405.0,146.0,2.56,0.92,21.91,1617.0,290.0,10.21,1.83,10.9,1648.0,283.0,10.41,1.79,10.44,4197.0,439.0,26.51,2.77,6.36,983.0,271.0,6.21,1.71,16.76,707.0,192.0,4.47,1.21,16.51,1157.0,250.0,7.31,1.58,13.14,343.0,130.0,2.84,1.08,23.04,287.0,140.0,2.38,1.16,29.65,914.0,229.0,7.57,1.9,15.23,476.0,168.0,3.94,1.39,21.46,789.0,185.0,6.54,1.53,14.25,1719.0,309.0,14.24,2.56,10.93,1733.0,307.0,14.36,2.54,10.77,2901.0,377.0,24.04,3.12,7.9,1352.0,263.0,11.2,2.18,11.83,1561.0,286.0,12.93,2.37,11.14,10067.0,298.0,83.41,2.47,1.8,3501.0,309.0,29.01,2.56,5.37,2356.0,304.0,19.52,2.52,7.84,370.0,122.0,3.07,1.01,20.04,158.0,93.0,1.31,0.77,35.78,734.0,197.0,6.08,1.63,16.32,32449.0,358.0,96.12,1.06,0.67,26802.0,891.0,79.4,2.64,2.02,8187.0,861.0,24.25,2.55,6.39,1308.0,358.0,3.87,1.06,16.64,16862.0,511.0,49.87,1.51,1.84,16949.0,511.0,50.13,1.51,1.83,1944.0,331.0,5.75,0.98,10.35,2496.0,348.0,7.38,1.03,8.48,2120.0,325.0,6.27,0.96,9.32,2062.0,358.0,6.1,1.06,10.55,1997.0,311.0,5.91,0.92,9.47,4192.0,541.0,12.4,1.6,7.85,5060.0,409.0,14.97,1.21,4.91,4943.0,477.0,14.62,1.41,5.87,2631.0,358.0,7.78,1.06,8.27,2144.0,362.0,6.34,1.07,10.26,2748.0,362.0,8.13,1.07,8.01,1065.0,230.0,3.15,0.68,13.13,400.0,125.0,1.18,0.37,19.0,25683.0,433.0,75.96,1.28,1.02,4216.0,379.0,12.47,1.12,5.46,30158.0,876.0,89.19,2.59,1.77,475.0,304.0,1.4,0.9,38.91,77.0,81.0,0.23,0.24,63.95,1774.0,504.0,5.25,1.49,17.27,0.0,,0.0,,,906.0,602.0,2.68,1.78,40.39,428.0,243.0,1.27,0.72,34.51,3426.0,720.0,10.13,2.13,12.78,30386.0,720.0,89.87,2.13,1.44,27802.0,943.0,82.23,2.79,2.06,291.0,193.0,0.86,0.57,40.32,77.0,81.0,0.23,0.24,63.95,1774.0,504.0,5.25,1.49,17.27,0.0,,0.0,,,60.0,108.0,0.18,0.32,109.42,389.0,240.0,1.15,0.71,37.51
10310,10310,10310,8825.0,,100,,,3534.0,234.0,40.05,2.65,4.03,6886.0,426.0,28.48,1.76,3.76,544.0,125.0,7.9,1.82,13.97,337.0,103.0,4.89,1.5,18.58,2754.0,238.0,39.99,3.45,5.25,1430.0,207.0,20.77,3.0,8.8,1823.0,247.0,26.47,3.58,8.24,15628.0,750.0,64.63,3.1,2.92,983.0,230.0,6.29,1.47,14.22,1060.0,205.0,6.78,1.31,11.76,4459.0,366.0,28.53,2.34,4.99,4829.0,361.0,30.9,2.31,4.54,17895.0,909.0,74.01,3.76,3.09,827.0,140.0,4.62,0.78,10.29,24153.0,73.0,99.89,0.3,0.18,2513.0,271.0,10.4,1.12,6.56,6264.0,442.0,25.91,1.83,4.29,102.0,66.0,1.63,1.05,39.33,15107.0,481.0,62.48,1.99,1.94,1583.0,222.0,10.48,1.47,8.53,2784.0,198.0,11.51,0.82,4.32,823.0,107.0,29.57,3.84,7.9,23902.0,735.0,98.85,3.04,1.87,22450.0,368.0,93.93,1.54,1.0,1408.0,368.0,5.89,1.54,15.89,43.0,72.0,0.18,0.3,101.79,24180.0,,100,,,19427.0,503.0,80.34,2.08,1.57,18824.0,503.0,77.85,2.08,1.62,598.0,157.0,2.47,0.65,15.96,4753.0,520.0,19.66,2.15,6.65,2581.0,273.0,54.3,5.74,6.43,2172.0,273.0,45.69,5.74,7.64,647.0,165.0,13.61,3.48,15.5,1014.0,215.0,21.33,4.52,12.89,664.0,205.0,13.97,4.31,18.77,0.0,,0.0,,,2405.0,320.0,50.6,6.73,8.09,25.0,67.0,0.53,1.42,162.92,22521.0,517.0,93.14,2.14,1.4,15714.0,631.0,69.78,2.8,2.44,2265.0,360.0,10.06,1.6,9.66,4421.0,595.0,19.63,2.64,8.18,18530.0,737.0,76.63,3.05,2.42,10842.0,398.0,58.51,2.15,2.23,9959.0,404.0,53.74,2.18,2.47,876.0,170.0,4.73,0.92,11.8,11.0,72.0,0.06,0.39,397.9,7688.0,398.0,41.49,2.15,3.15,,,8.08,1.54,11.8,9848.0,421.0,40.73,1.74,2.6,5293.0,325.0,53.75,3.3,3.73,872.0,175.0,8.85,1.78,12.2,3032.0,290.0,30.79,2.94,5.81,383.0,116.0,3.89,1.18,18.41,205.0,82.0,2.08,0.83,24.32,9963.0,421.0,41.2,1.74,2.57,1.0,77.0,0.01,0.77,4680.85,645.0,245.0,6.47,2.46,23.09,327.0,101.0,3.28,1.01,18.78,129.0,79.0,1.29,0.79,37.23,838.0,185.0,8.41,1.86,13.42,699.0,148.0,7.02,1.49,12.87,278.0,90.0,2.79,0.9,19.68,685.0,140.0,6.88,1.41,12.42,1168.0,191.0,11.72,1.92,9.94,3201.0,300.0,32.13,3.01,5.7,661.0,144.0,6.63,1.45,13.24,493.0,121.0,4.95,1.21,14.92,836.0,175.0,8.39,1.76,12.73,972.0,178.0,11.01,2.02,11.13,264.0,85.0,2.99,0.96,19.57,852.0,164.0,9.65,1.86,11.7,670.0,161.0,7.59,1.82,14.61,912.0,155.0,10.33,1.76,10.33,1257.0,198.0,14.24,2.24,9.58,880.0,156.0,9.97,1.77,10.78,1617.0,180.0,18.32,2.04,6.77,840.0,156.0,9.52,1.77,11.29,565.0,131.0,6.4,1.48,14.09,6652.0,220.0,75.38,2.49,2.01,2606.0,224.0,29.53,2.54,5.23,1843.0,187.0,20.88,2.12,6.17,514.0,125.0,5.82,1.42,14.78,429.0,131.0,4.86,1.49,18.56,1813.0,209.0,20.54,2.37,7.01,21902.0,386.0,90.68,1.6,1.07,15414.0,734.0,63.82,3.04,2.89,8644.0,638.0,35.79,2.64,4.49,2251.0,386.0,9.32,1.6,10.42,11662.0,387.0,48.23,1.6,2.02,12517.0,387.0,51.77,1.6,1.88,1659.0,232.0,6.86,0.96,8.5,1684.0,225.0,6.96,0.93,8.12,1916.0,239.0,7.92,0.99,7.58,1737.0,259.0,7.18,1.07,9.06,1561.0,230.0,6.46,0.95,8.96,3118.0,346.0,12.89,1.43,6.75,3139.0,266.0,12.98,1.1,5.15,3462.0,372.0,14.32,1.54,6.53,1555.0,222.0,6.43,0.92,8.68,1577.0,213.0,6.52,0.88,8.21,1585.0,193.0,6.56,0.8,7.4,852.0,150.0,3.52,0.62,10.7,343.0,82.0,1.42,0.34,14.53,17907.0,358.0,74.06,1.48,1.22,2784.0,237.0,11.51,0.98,5.18,14952.0,704.0,61.84,2.91,2.86,5215.0,530.0,21.57,2.19,6.18,4.0,73.0,0.02,0.3,1109.42,1280.0,285.0,5.29,1.18,13.54,0.0,,0.0,,,1770.0,575.0,7.32,2.38,19.75,959.0,278.0,3.97,1.15,17.62,7867.0,745.0,32.54,3.08,5.76,16313.0,745.0,67.47,3.08,2.78,9717.0,619.0,40.19,2.56,3.87,4883.0,515.0,20.19,2.13,6.41,0.0,,0.0,,,1264.0,285.0,5.23,1.18,13.71,0.0,,0.0,,,33.0,85.0,0.14,0.35,156.58,411.0,177.0,1.7,0.73,26.18
10312,10312,10312,22026.0,,100,,,7881.0,357.0,35.78,1.62,2.75,14631.0,682.0,23.83,1.11,2.83,915.0,176.0,6.25,1.2,11.69,633.0,136.0,4.33,0.93,13.06,5539.0,373.0,37.86,2.55,4.09,3110.0,294.0,21.26,2.01,5.75,4436.0,335.0,30.32,2.29,4.59,43133.0,798.0,70.25,1.3,1.12,1213.0,198.0,2.81,0.46,9.92,2072.0,272.0,4.8,0.63,7.98,13940.0,669.0,32.32,1.55,2.92,14350.0,755.0,33.27,1.75,3.2,48394.0,1105.0,78.82,1.8,1.39,2496.0,295.0,5.16,0.61,7.18,61398.0,209.0,99.99,0.34,0.21,5389.0,436.0,8.78,0.71,4.92,13004.0,553.0,21.18,0.9,2.59,301.0,113.0,2.31,0.87,22.82,38416.0,743.0,62.57,1.21,1.18,2441.0,327.0,6.35,0.85,8.14,9970.0,411.0,16.24,0.67,2.51,2648.0,249.0,26.56,2.5,5.72,60859.0,1363.0,99.12,2.22,1.36,58322.0,438.0,95.83,0.72,0.46,2504.0,438.0,4.11,0.72,10.63,35.0,91.0,0.06,0.15,158.05,61402.0,,100,,,52753.0,669.0,85.91,1.09,0.77,51984.0,694.0,84.66,1.13,0.81,779.0,209.0,1.27,0.34,16.31,8649.0,657.0,14.09,1.07,4.62,6899.0,307.0,79.77,3.55,2.71,1749.0,307.0,20.22,3.55,10.67,4334.0,350.0,50.11,4.05,4.91,2513.0,303.0,29.06,3.5,7.33,741.0,233.0,8.57,2.69,19.11,12.0,89.0,0.14,1.03,450.86,1008.0,280.0,11.66,3.24,16.89,40.0,102.0,0.46,1.18,155.02,58206.0,1283.0,94.8,2.09,1.34,46589.0,896.0,80.04,1.54,1.17,3663.0,402.0,6.29,0.69,6.67,1981.0,390.0,3.4,0.67,11.97,50009.0,1019.0,81.45,1.66,1.24,30340.0,630.0,60.67,1.26,1.26,28582.0,640.0,57.15,1.28,1.36,1756.0,235.0,3.51,0.47,8.14,4.0,90.0,0.01,0.18,1367.78,19669.0,630.0,39.33,1.26,1.95,,,5.79,0.77,8.14,28200.0,596.0,45.93,0.97,1.28,18230.0,553.0,64.64,1.96,1.84,2220.0,333.0,7.87,1.18,9.12,6522.0,465.0,23.13,1.65,4.33,203.0,87.0,0.72,0.31,26.05,828.0,209.0,2.94,0.74,15.34,28573.0,602.0,46.53,0.98,1.28,0.0,,0.0,,,2166.0,311.0,7.58,1.09,8.73,556.0,143.0,1.95,0.5,15.63,597.0,171.0,2.09,0.6,17.41,2715.0,317.0,9.5,1.11,7.1,1881.0,280.0,6.58,0.98,9.05,773.0,157.0,2.71,0.55,12.35,2900.0,343.0,10.15,1.2,7.19,3542.0,366.0,12.4,1.28,6.28,8873.0,480.0,31.05,1.68,3.29,1529.0,306.0,5.35,1.07,12.17,1072.0,183.0,3.75,0.64,10.38,1962.0,266.0,6.87,0.93,8.24,918.0,209.0,4.17,0.95,13.84,573.0,137.0,2.6,0.62,14.53,1161.0,207.0,5.27,0.94,10.84,1293.0,231.0,5.87,1.05,10.86,2092.0,282.0,9.5,1.28,8.19,3550.0,363.0,16.12,1.65,6.22,2801.0,293.0,12.72,1.33,6.36,4988.0,405.0,22.65,1.84,4.94,2544.0,315.0,11.55,1.43,7.53,2107.0,238.0,9.57,1.08,6.87,17529.0,322.0,79.58,1.46,1.12,8212.0,372.0,37.28,1.69,2.75,4932.0,337.0,22.39,1.53,4.15,666.0,132.0,3.02,0.6,12.05,303.0,97.0,1.38,0.44,19.46,1034.0,194.0,4.69,0.88,11.41,59454.0,362.0,96.83,0.59,0.37,49692.0,970.0,80.93,1.58,1.19,16383.0,896.0,26.68,1.46,3.32,1945.0,362.0,3.17,0.59,11.31,29785.0,602.0,48.51,0.98,1.23,31617.0,602.0,51.49,0.98,1.16,3196.0,399.0,5.21,0.65,7.59,3277.0,338.0,5.34,0.55,6.27,4035.0,387.0,6.57,0.63,5.83,3779.0,350.0,6.15,0.57,5.63,3979.0,362.0,6.48,0.59,5.53,7071.0,565.0,11.52,0.92,4.86,8252.0,485.0,13.44,0.79,3.57,9118.0,516.0,14.85,0.84,3.44,4698.0,448.0,7.65,0.73,5.8,4040.0,381.0,6.58,0.62,5.73,6503.0,430.0,10.59,0.7,4.02,2616.0,301.0,4.26,0.49,6.99,844.0,160.0,1.37,0.26,11.52,48398.0,479.0,78.82,0.78,0.6,9970.0,473.0,16.24,0.77,2.88,56415.0,589.0,91.88,0.96,0.63,567.0,282.0,0.92,0.46,30.23,72.0,92.0,0.12,0.15,77.68,3165.0,393.0,5.15,0.64,7.55,43.0,92.0,0.07,0.15,130.06,544.0,233.0,0.89,0.38,26.04,608.0,203.0,0.99,0.33,20.3,5972.0,749.0,9.73,1.22,7.62,55429.0,749.0,90.27,1.22,0.82,51142.0,872.0,83.29,1.42,1.04,481.0,258.0,0.78,0.42,32.61,50.0,92.0,0.08,0.15,111.85,3146.0,393.0,5.12,0.64,7.59,23.0,92.0,0.04,0.15,243.16,113.0,135.0,0.18,0.22,72.63,500.0,190.0,0.81,0.31,23.1
10314,10314,"10311, 10314",32091.0,,100,,,10430.0,510.0,32.5,1.59,2.97,22196.0,1003.0,25.01,1.13,2.75,1499.0,277.0,6.75,1.25,11.23,988.0,191.0,4.45,0.86,11.75,8390.0,519.0,37.8,2.34,3.76,4195.0,382.0,18.9,1.72,5.54,7119.0,482.0,32.07,2.17,4.12,62569.0,1660.0,70.5,1.87,1.61,2402.0,325.0,3.84,0.52,8.23,3763.0,451.0,6.01,0.72,7.29,20369.0,895.0,32.55,1.43,2.67,19809.0,857.0,31.66,1.37,2.63,70300.0,1926.0,79.21,2.17,1.67,3475.0,344.0,4.94,0.49,6.02,87865.0,541.0,99.0,0.61,0.37,8894.0,606.0,10.12,0.69,4.14,18399.0,896.0,20.73,1.01,2.96,649.0,212.0,3.53,1.15,19.86,55515.0,799.0,62.55,0.9,0.87,4124.0,416.0,7.43,0.75,6.13,13966.0,524.0,15.74,0.59,2.28,4107.0,344.0,29.41,2.46,5.09,87922.0,2104.0,99.06,2.37,1.45,83312.0,695.0,94.76,0.79,0.51,4393.0,686.0,5.0,0.78,9.49,225.0,123.0,0.26,0.14,33.23,88756.0,,100,,,68186.0,1136.0,76.82,1.28,1.01,66366.0,1172.0,74.77,1.32,1.07,1828.0,417.0,2.06,0.47,13.87,20571.0,1145.0,23.18,1.29,3.38,14705.0,590.0,71.49,2.87,2.44,5865.0,590.0,28.51,2.87,6.12,5848.0,603.0,28.43,2.93,6.27,10204.0,640.0,49.6,3.11,3.81,1485.0,383.0,7.22,1.86,15.68,22.0,121.0,0.11,0.59,334.35,2913.0,455.0,14.16,2.21,9.5,101.0,121.0,0.49,0.59,72.83,83675.0,2228.0,94.28,2.51,1.62,56376.0,1397.0,67.38,1.67,1.51,8094.0,728.0,9.67,0.87,5.47,6262.0,761.0,7.48,0.91,7.39,72575.0,1997.0,81.77,2.25,1.67,42926.0,936.0,59.15,1.29,1.33,40377.0,958.0,55.63,1.32,1.44,2535.0,312.0,3.49,0.43,7.48,8.0,123.0,0.01,0.17,934.65,29649.0,936.0,40.85,1.29,1.92,,,5.91,0.72,7.48,39883.0,861.0,44.94,0.97,1.31,23467.0,734.0,58.84,1.84,1.9,3755.0,443.0,9.42,1.11,7.17,10555.0,678.0,26.47,1.7,3.9,832.0,191.0,2.09,0.48,13.96,1008.0,271.0,2.53,0.68,16.34,40383.0,861.0,45.5,0.97,1.3,5.0,121.0,0.01,0.3,1471.12,2543.0,351.0,6.3,0.87,8.39,1235.0,262.0,3.06,0.65,12.9,558.0,170.0,1.38,0.42,18.52,4546.0,497.0,11.26,1.23,6.65,2987.0,351.0,7.4,0.87,7.14,1235.0,238.0,3.06,0.59,11.72,3897.0,424.0,9.65,1.05,6.61,4802.0,448.0,11.89,1.11,5.67,11189.0,598.0,27.71,1.48,3.25,2804.0,416.0,6.94,1.03,9.02,1926.0,323.0,4.77,0.8,10.19,2666.0,339.0,6.6,0.84,7.73,2061.0,334.0,6.42,1.04,9.85,1054.0,212.0,3.28,0.66,12.23,2212.0,321.0,6.89,1.0,8.82,2139.0,318.0,6.67,0.99,9.04,2940.0,327.0,9.16,1.02,6.76,5264.0,452.0,16.4,1.41,5.22,4296.0,395.0,13.39,1.23,5.59,6354.0,449.0,19.8,1.4,4.3,3116.0,321.0,9.71,1.0,6.26,2653.0,308.0,8.27,0.96,7.06,24849.0,465.0,77.43,1.45,1.14,11052.0,485.0,34.44,1.51,2.67,7005.0,427.0,21.83,1.33,3.71,1456.0,234.0,4.54,0.73,9.77,604.0,144.0,1.88,0.45,14.49,2779.0,327.0,8.66,1.02,7.15,82637.0,694.0,94.05,0.79,0.51,63982.0,1388.0,72.82,1.58,1.32,27699.0,1274.0,31.52,1.45,2.8,5228.0,694.0,5.95,0.79,8.07,42978.0,710.0,48.42,0.8,1.0,45778.0,710.0,51.58,0.8,0.94,5082.0,488.0,5.73,0.55,5.84,4753.0,479.0,5.36,0.54,6.13,5577.0,488.0,6.28,0.55,5.32,5051.0,453.0,5.69,0.51,5.45,5741.0,533.0,6.47,0.6,5.64,11602.0,799.0,13.07,0.9,4.19,10791.0,604.0,12.16,0.68,3.4,13546.0,701.0,15.26,0.79,3.15,5941.0,515.0,6.69,0.58,5.27,6108.0,506.0,6.88,0.57,5.04,8500.0,577.0,9.58,0.65,4.13,4004.0,408.0,4.51,0.46,6.19,2094.0,311.0,2.36,0.35,9.03,70309.0,754.0,79.22,0.85,0.65,14618.0,657.0,16.47,0.74,2.73,67417.0,1367.0,75.96,1.54,1.23,4381.0,799.0,4.94,0.9,11.09,69.0,124.0,0.08,0.14,109.25,12688.0,1021.0,14.3,1.15,4.89,157.0,151.0,0.18,0.17,58.47,1974.0,577.0,2.22,0.65,17.77,2063.0,479.0,2.32,0.54,14.11,12902.0,1065.0,14.54,1.2,5.02,75854.0,1065.0,85.46,1.2,0.85,57363.0,1411.0,64.63,1.59,1.5,3903.0,746.0,4.4,0.84,11.62,15.0,124.0,0.02,0.14,502.53,12521.0,1021.0,14.11,1.15,4.96,157.0,151.0,0.18,0.17,58.47,431.0,417.0,0.49,0.47,58.82,1455.0,435.0,1.64,0.49,18.17
10451,10451,10451,19506.0,,100,,,6896.0,410.0,35.35,2.1,3.61,14632.0,819.0,30.55,1.71,3.4,705.0,181.0,4.82,1.24,15.61,861.0,202.0,5.88,1.38,14.26,6207.0,411.0,42.42,2.81,4.03,3485.0,379.0,23.82,2.59,6.61,3368.0,413.0,23.02,2.82,7.45,29661.0,1020.0,61.93,2.13,2.09,5055.0,460.0,17.04,1.55,5.53,4174.0,454.0,14.07,1.53,6.61,7806.0,572.0,26.32,1.93,4.45,5484.0,516.0,18.49,1.74,5.72,35041.0,1269.0,73.17,2.65,2.2,804.0,196.0,2.29,0.56,14.82,47836.0,81.0,99.88,0.17,0.1,7725.0,646.0,16.15,1.35,5.08,12808.0,800.0,26.74,1.67,3.8,840.0,233.0,6.56,1.82,16.86,29626.0,666.0,61.86,1.39,1.37,4141.0,471.0,13.98,1.59,6.91,5410.0,307.0,11.3,0.64,3.45,2736.0,240.0,50.58,4.43,5.33,47270.0,1633.0,98.7,3.41,2.1,43432.0,605.0,91.88,1.28,0.85,3304.0,539.0,6.99,1.14,9.92,534.0,298.0,1.13,0.63,33.92,47891.0,,100,,,32751.0,991.0,68.39,2.07,1.84,29616.0,991.0,61.84,2.07,2.03,3120.0,426.0,6.51,0.89,8.3,15140.0,1039.0,31.61,2.17,4.17,6784.0,506.0,44.81,3.34,4.53,8356.0,506.0,55.19,3.34,3.68,130.0,95.0,0.86,0.63,44.42,909.0,354.0,6.0,2.34,23.67,1976.0,398.0,13.05,2.63,12.24,0.0,,0.0,,,12105.0,521.0,79.95,3.44,2.62,20.0,79.0,0.13,0.52,240.12,44410.0,1676.0,92.73,3.5,2.29,16787.0,1066.0,37.8,2.4,3.86,12944.0,906.0,29.15,2.04,4.25,24026.0,1053.0,54.1,2.37,2.66,36387.0,1384.0,75.98,2.89,2.31,20521.0,702.0,56.4,1.93,2.08,17864.0,742.0,49.09,2.04,2.52,2624.0,408.0,7.21,1.12,9.45,28.0,84.0,0.08,0.23,182.37,15866.0,702.0,43.6,1.93,2.69,,,12.79,1.94,9.45,17376.0,766.0,36.28,1.6,2.68,2144.0,325.0,12.34,1.87,9.21,257.0,97.0,1.48,0.56,22.94,12232.0,457.0,70.4,2.63,2.27,1934.0,328.0,11.13,1.89,10.31,562.0,165.0,3.23,0.95,17.85,17863.0,776.0,37.3,1.62,2.64,2.0,86.0,0.01,0.48,2613.98,483.0,173.0,2.7,0.97,21.77,618.0,168.0,3.46,0.94,16.53,318.0,139.0,1.78,0.78,26.57,2072.0,302.0,11.6,1.69,8.86,1295.0,270.0,7.25,1.51,12.67,304.0,150.0,1.7,0.84,30.0,1076.0,238.0,6.02,1.33,13.45,1630.0,261.0,9.13,1.46,9.73,5441.0,472.0,30.46,2.64,5.27,2377.0,384.0,13.31,2.15,9.82,1174.0,247.0,6.57,1.38,12.79,1075.0,279.0,6.02,1.56,15.78,3736.0,375.0,19.15,1.92,6.1,2526.0,320.0,12.95,1.64,7.7,3170.0,367.0,16.25,1.88,7.04,2473.0,332.0,12.68,1.7,8.16,2675.0,351.0,13.71,1.8,7.98,2325.0,324.0,11.92,1.66,8.47,1150.0,226.0,5.9,1.16,11.95,962.0,197.0,4.93,1.01,12.45,233.0,117.0,1.19,0.6,30.53,260.0,117.0,1.33,0.6,27.36,13013.0,421.0,66.71,2.16,1.97,4857.0,357.0,24.9,1.83,4.47,2053.0,254.0,10.52,1.3,7.52,3058.0,339.0,15.68,1.74,6.74,1700.0,296.0,8.72,1.52,10.58,8744.0,474.0,44.83,2.43,3.3,41685.0,689.0,87.14,1.44,1.0,17127.0,1162.0,35.8,2.43,4.12,27821.0,1158.0,58.16,2.42,2.53,6150.0,689.0,12.86,1.44,6.81,22088.0,728.0,46.12,1.52,2.0,25803.0,728.0,53.88,1.52,1.72,3481.0,383.0,7.27,0.8,6.69,3756.0,402.0,7.84,0.84,6.51,3444.0,378.0,7.19,0.79,6.67,3756.0,402.0,7.84,0.84,6.51,3793.0,436.0,7.92,0.91,6.99,7356.0,647.0,15.36,1.35,5.35,5818.0,445.0,12.15,0.93,4.65,6235.0,527.0,13.02,1.1,5.14,2493.0,326.0,5.21,0.68,7.95,2362.0,326.0,4.93,0.68,8.39,3062.0,345.0,6.39,0.72,6.85,1560.0,230.0,3.26,0.48,8.96,765.0,187.0,1.6,0.39,14.86,35067.0,675.0,73.22,1.41,1.17,5410.0,402.0,11.3,0.84,4.52,5322.0,733.0,11.11,1.53,8.37,17718.0,1130.0,37.0,2.36,3.88,254.0,163.0,0.53,0.34,39.01,1152.0,517.0,2.41,1.08,27.28,36.0,101.0,0.08,0.21,170.55,21549.0,1231.0,45.0,2.57,3.47,1852.0,536.0,3.87,1.12,17.59,29068.0,1082.0,60.7,2.26,2.26,18823.0,1082.0,39.3,2.26,3.49,994.0,268.0,2.08,0.56,16.39,15833.0,1044.0,33.06,2.18,4.01,170.0,158.0,0.35,0.33,56.5,1134.0,517.0,2.37,1.08,27.71,36.0,101.0,0.08,0.21,170.55,193.0,158.0,0.4,0.33,49.77,478.0,239.0,1.0,0.5,30.4
10452,10452,10452,26757.0,,100,,,11644.0,532.0,43.52,1.99,2.78,23964.0,1017.0,31.56,1.34,2.58,1186.0,268.0,4.95,1.12,13.74,1089.0,240.0,4.54,1.0,13.4,10715.0,601.0,44.71,2.51,3.41,5199.0,498.0,21.7,2.08,5.82,5772.0,532.0,24.09,2.22,5.6,44694.0,1086.0,58.87,1.43,1.48,8366.0,702.0,18.72,1.57,5.1,7658.0,693.0,17.13,1.55,5.5,11766.0,773.0,26.33,1.73,3.99,5847.0,617.0,13.08,1.38,6.41,53571.0,987.0,70.56,1.3,1.12,1158.0,295.0,2.16,0.55,15.49,75748.0,114.0,99.77,0.15,0.09,12085.0,864.0,15.95,1.14,4.35,22337.0,941.0,29.42,1.24,2.56,1329.0,297.0,5.95,1.33,13.59,47774.0,729.0,62.92,0.96,0.93,7805.0,693.0,16.34,1.45,5.4,5644.0,402.0,7.43,0.53,4.33,2950.0,286.0,52.27,5.06,5.89,74810.0,2209.0,98.53,2.91,1.8,69887.0,771.0,93.42,1.03,0.67,4233.0,696.0,5.66,0.93,10.0,691.0,292.0,0.92,0.39,25.69,75924.0,,100,,,42538.0,1397.0,56.03,1.84,2.0,38349.0,1359.0,50.51,1.79,2.15,4205.0,562.0,5.54,0.74,8.12,33385.0,1465.0,43.97,1.93,2.67,14498.0,885.0,43.43,2.65,3.71,18887.0,885.0,56.57,2.65,2.85,145.0,134.0,0.43,0.4,56.18,739.0,294.0,2.21,0.88,24.18,4819.0,701.0,14.43,2.1,8.84,0.0,,0.0,,,27681.0,751.0,82.91,2.25,1.65,0.0,,0.0,,,69898.0,1959.0,92.06,2.58,1.7,19528.0,1391.0,27.94,1.99,4.33,24142.0,1216.0,34.54,1.74,3.06,43826.0,1412.0,62.7,2.02,1.96,56221.0,843.0,74.05,1.11,0.91,33420.0,911.0,59.44,1.62,1.66,29331.0,950.0,52.17,1.69,1.97,4097.0,528.0,7.29,0.94,7.83,0.0,,0.0,,,22800.0,911.0,40.55,1.62,2.43,,,12.26,1.54,7.83,28487.0,1002.0,37.52,1.32,2.14,4222.0,490.0,14.82,1.72,7.06,1166.0,296.0,4.09,1.04,15.43,19445.0,641.0,68.26,2.25,2.0,2112.0,382.0,7.41,1.34,11.0,941.0,236.0,3.3,0.83,15.25,29333.0,1010.0,38.63,1.33,2.09,34.0,109.0,0.12,0.37,194.89,1300.0,290.0,4.43,0.99,13.56,1228.0,290.0,4.19,0.99,14.36,575.0,188.0,1.96,0.64,19.88,4147.0,560.0,14.14,1.91,8.21,2124.0,352.0,7.24,1.2,10.07,322.0,158.0,1.1,0.54,29.83,1448.0,311.0,4.94,1.06,13.06,2252.0,364.0,7.68,1.24,9.83,8662.0,619.0,29.53,2.11,4.34,4652.0,560.0,15.86,1.91,7.32,1824.0,340.0,6.22,1.16,11.33,762.0,223.0,2.6,0.76,17.79,5127.0,500.0,19.16,1.87,5.93,3286.0,401.0,12.28,1.5,7.42,4674.0,466.0,17.47,1.74,6.06,3162.0,415.0,11.82,1.55,7.98,3350.0,393.0,12.52,1.47,7.13,3743.0,439.0,13.99,1.64,7.13,1886.0,340.0,7.05,1.27,10.96,1168.0,230.0,4.37,0.86,11.97,146.0,120.0,0.55,0.45,49.96,203.0,123.0,0.76,0.46,36.83,19388.0,532.0,72.46,1.99,1.67,5015.0,407.0,18.74,1.52,4.93,1945.0,321.0,7.27,1.2,10.03,4492.0,444.0,16.79,1.66,6.01,2419.0,356.0,9.04,1.33,8.95,13005.0,615.0,48.6,2.3,2.87,64997.0,1091.0,85.81,1.44,1.02,21934.0,1553.0,28.96,2.05,4.3,46264.0,1553.0,61.08,2.05,2.04,10752.0,1091.0,14.19,1.44,6.17,34795.0,888.0,45.83,1.17,1.55,41129.0,888.0,54.17,1.17,1.31,6025.0,585.0,7.94,0.77,5.9,6349.0,577.0,8.36,0.76,5.52,6213.0,569.0,8.18,0.75,5.57,5936.0,577.0,7.82,0.76,5.91,6698.0,661.0,8.82,0.87,6.0,11699.0,828.0,15.41,1.09,4.3,10078.0,721.0,13.27,0.95,4.35,9960.0,721.0,13.12,0.95,4.4,4172.0,501.0,5.5,0.66,7.3,3027.0,433.0,3.99,0.57,8.7,3718.0,395.0,4.9,0.52,6.46,1548.0,273.0,2.04,0.36,10.72,502.0,167.0,0.66,0.22,20.22,53571.0,828.0,70.56,1.09,0.94,5755.0,440.0,7.58,0.58,4.65,8432.0,1177.0,11.11,1.55,8.49,24181.0,1465.0,31.85,1.93,3.68,160.0,152.0,0.21,0.2,57.75,782.0,289.0,1.03,0.38,22.47,28.0,121.0,0.04,0.16,262.7,39408.0,1769.0,51.9,2.33,2.73,2924.0,721.0,3.85,0.95,14.99,51626.0,1435.0,68.0,1.89,1.69,24298.0,1435.0,32.0,1.89,3.59,1195.0,380.0,1.57,0.5,19.33,21239.0,1374.0,27.97,1.81,3.93,33.0,114.0,0.04,0.15,210.0,750.0,289.0,0.99,0.38,23.42,28.0,121.0,0.04,0.16,262.7,455.0,296.0,0.6,0.39,39.55,580.0,243.0,0.76,0.32,25.47
10453,10453,10453,39817.0,,100,,,16789.0,904.0,42.17,2.27,3.27,24900.0,1083.0,31.28,1.36,2.64,1371.0,251.0,5.51,1.01,11.13,1448.0,244.0,5.82,0.98,10.24,10123.0,570.0,40.65,2.29,3.42,5449.0,448.0,21.88,1.8,5.0,6513.0,503.0,26.16,2.02,4.69,46885.0,987.0,58.9,1.24,1.28,7992.0,591.0,17.05,1.26,4.5,7518.0,600.0,16.04,1.28,4.85,13820.0,745.0,29.48,1.59,3.28,6183.0,511.0,13.19,1.09,5.02,57148.0,1361.0,71.79,1.71,1.45,1137.0,240.0,1.99,0.42,12.83,79503.0,175.0,99.88,0.22,0.13,12580.0,803.0,15.82,1.01,3.88,22414.0,1027.0,28.16,1.29,2.79,1451.0,247.0,6.47,1.1,10.35,50967.0,1075.0,64.03,1.35,1.28,8067.0,632.0,15.83,1.24,4.76,6115.0,454.0,7.68,0.57,4.51,3068.0,258.0,50.17,4.22,5.11,78491.0,1823.0,98.61,2.29,1.41,72171.0,793.0,91.95,1.01,0.67,5523.0,746.0,7.04,0.95,8.21,794.0,290.0,1.01,0.37,22.2,79600.0,,100,,,46720.0,1290.0,58.69,1.62,1.68,42511.0,1290.0,53.41,1.62,1.84,4227.0,525.0,5.31,0.66,7.55,32880.0,1282.0,41.31,1.61,2.37,14230.0,760.0,43.28,2.31,3.25,18650.0,760.0,56.72,2.31,2.48,160.0,125.0,0.49,0.38,47.49,944.0,378.0,2.87,1.15,24.34,4103.0,592.0,12.48,1.8,8.77,0.0,,0.0,,,27672.0,661.0,84.16,2.01,1.45,0.0,,0.0,,,73299.0,1751.0,92.08,2.2,1.45,19857.0,1092.0,27.09,1.49,3.34,26063.0,1180.0,35.56,1.61,2.75,47095.0,1202.0,64.25,1.64,1.55,59757.0,1401.0,75.07,1.76,1.43,34814.0,914.0,58.26,1.53,1.6,30467.0,926.0,50.98,1.55,1.85,4320.0,502.0,7.23,0.84,7.06,13.0,120.0,0.02,0.2,561.14,24943.0,914.0,41.74,1.53,2.23,,,12.41,1.4,7.06,29791.0,971.0,37.43,1.22,1.98,4339.0,462.0,14.56,1.55,6.47,1285.0,265.0,4.31,0.89,12.54,19759.0,623.0,66.33,2.09,1.92,2494.0,375.0,8.37,1.26,9.14,1252.0,280.0,4.2,0.94,13.6,30459.0,987.0,38.26,1.24,1.97,26.0,119.0,0.09,0.39,278.23,1486.0,305.0,4.88,1.0,12.48,1079.0,241.0,3.54,0.79,13.58,675.0,201.0,2.22,0.66,18.1,4006.0,433.0,13.15,1.42,6.57,2098.0,341.0,6.89,1.12,9.88,460.0,180.0,1.51,0.59,23.79,1674.0,317.0,5.5,1.04,11.51,2478.0,350.0,8.14,1.15,8.59,9649.0,624.0,31.68,2.05,3.93,3908.0,500.0,12.83,1.64,7.78,2193.0,353.0,7.2,1.16,9.79,716.0,174.0,2.35,0.57,14.77,10052.0,960.0,25.25,2.41,5.81,5131.0,693.0,12.89,1.74,8.21,6350.0,729.0,15.95,1.83,6.98,4447.0,772.0,11.17,1.94,10.55,5488.0,673.0,13.78,1.69,7.45,4443.0,617.0,11.16,1.55,8.44,2086.0,430.0,5.24,1.08,12.53,1044.0,275.0,2.62,0.69,16.01,606.0,326.0,1.52,0.82,32.7,149.0,159.0,0.37,0.4,64.87,27132.0,1031.0,68.14,2.59,2.31,8027.0,780.0,20.16,1.96,5.91,1798.0,342.0,4.52,0.86,11.56,8103.0,908.0,20.35,2.28,6.81,3847.0,561.0,9.66,1.41,8.86,21513.0,1059.0,54.03,2.66,2.99,68876.0,843.0,86.63,1.06,0.74,21892.0,1336.0,27.54,1.68,3.71,51492.0,1399.0,64.77,1.76,1.65,10628.0,843.0,13.37,1.06,4.82,35840.0,899.0,45.03,1.13,1.52,43760.0,899.0,54.97,1.13,1.25,6301.0,573.0,7.92,0.72,5.53,6451.0,509.0,8.1,0.64,4.8,5997.0,501.0,7.53,0.63,5.08,6210.0,541.0,7.8,0.68,5.3,7755.0,669.0,9.74,0.84,5.24,12927.0,780.0,16.24,0.98,3.67,9659.0,629.0,12.13,0.79,3.96,10666.0,637.0,13.4,0.8,3.63,4449.0,430.0,5.59,0.54,5.88,3098.0,422.0,3.89,0.53,8.28,4200.0,414.0,5.28,0.52,5.99,1502.0,255.0,1.89,0.32,10.32,394.0,143.0,0.49,0.18,22.06,57160.0,884.0,71.81,1.11,0.94,6115.0,494.0,7.68,0.62,4.91,8310.0,963.0,10.44,1.21,7.04,25377.0,1250.0,31.88,1.57,2.99,624.0,318.0,0.78,0.4,30.98,1242.0,565.0,1.56,0.71,27.65,52.0,135.0,0.07,0.17,157.82,42207.0,1592.0,53.02,2.0,2.29,1810.0,414.0,2.27,0.52,13.9,54912.0,1250.0,68.98,1.57,1.38,24688.0,1250.0,31.01,1.57,3.08,750.0,191.0,0.94,0.24,15.48,22181.0,1154.0,27.87,1.45,3.16,82.0,127.0,0.1,0.16,94.15,1175.0,565.0,1.48,0.71,29.23,4.0,119.0,0.01,0.15,1808.51,201.0,167.0,0.25,0.21,50.51,282.0,183.0,0.35,0.23,39.45
10454,10454,10454,14843.0,,100,,,6692.0,407.0,45.09,2.74,3.7,12588.0,679.0,32.27,1.74,3.28,695.0,188.0,5.52,1.49,16.44,864.0,203.0,6.86,1.61,14.28,5570.0,394.0,44.25,3.13,4.3,3113.0,356.0,24.73,2.83,6.95,2352.0,331.0,18.68,2.63,8.56,21564.0,722.0,55.27,1.85,2.04,5018.0,509.0,23.27,2.36,6.17,4423.0,466.0,20.51,2.16,6.4,5714.0,505.0,26.5,2.34,5.37,1892.0,304.0,8.77,1.41,9.77,26883.0,808.0,68.91,2.07,1.83,483.0,151.0,1.8,0.56,19.0,38964.0,441.0,99.87,1.13,0.69,6621.0,581.0,16.99,1.49,5.33,12108.0,761.0,31.04,1.95,3.82,948.0,237.0,7.83,1.96,15.2,23628.0,726.0,60.56,1.86,1.87,3707.0,402.0,15.69,1.7,6.59,3230.0,293.0,8.28,0.75,5.51,1967.0,197.0,60.9,6.09,6.09,38481.0,1483.0,98.64,3.8,2.34,34898.0,716.0,90.69,1.86,1.25,3454.0,708.0,8.98,1.84,12.46,129.0,131.0,0.34,0.34,61.73,39013.0,,100,,,28447.0,1003.0,72.92,2.57,2.14,24208.0,968.0,62.05,2.48,2.43,4239.0,523.0,10.87,1.34,7.5,10567.0,1018.0,27.09,2.61,5.86,3660.0,417.0,34.64,3.95,6.93,6906.0,417.0,65.36,3.95,3.67,68.0,101.0,0.64,0.96,90.29,223.0,131.0,2.11,1.24,35.71,1017.0,393.0,9.62,3.72,23.49,20.0,85.0,0.19,0.8,258.36,9231.0,417.0,87.36,3.95,2.75,6.0,79.0,0.06,0.75,800.41,35700.0,1182.0,91.51,3.03,2.01,11789.0,957.0,33.02,2.68,4.93,12323.0,939.0,34.52,2.63,4.63,22088.0,964.0,61.87,2.7,2.65,28226.0,956.0,72.35,2.45,2.06,15076.0,658.0,53.41,2.33,2.65,13112.0,646.0,46.45,2.29,3.0,1955.0,316.0,6.93,1.12,9.83,8.0,82.0,0.03,0.29,623.1,13150.0,658.0,46.59,2.33,3.04,,,12.97,2.02,9.83,12708.0,827.0,32.57,2.12,3.96,1192.0,220.0,9.38,1.73,11.22,333.0,126.0,2.62,0.99,23.0,9295.0,391.0,73.15,3.08,2.56,1338.0,287.0,10.53,2.26,13.04,294.0,111.0,2.31,0.87,22.95,13110.0,823.0,33.6,2.11,3.82,10.0,80.0,0.08,0.61,486.32,794.0,224.0,6.06,1.71,17.15,616.0,201.0,4.7,1.53,19.84,144.0,111.0,1.1,0.85,46.86,1814.0,307.0,13.84,2.34,10.29,875.0,228.0,6.67,1.74,15.84,241.0,122.0,1.84,0.93,30.77,589.0,177.0,4.49,1.35,18.27,1034.0,218.0,7.89,1.66,12.82,3162.0,353.0,24.12,2.69,6.79,2608.0,430.0,19.89,3.28,10.02,880.0,210.0,6.71,1.6,14.51,341.0,114.0,2.6,0.87,20.32,3858.0,395.0,25.99,2.66,6.22,1842.0,310.0,12.41,2.09,10.23,2744.0,335.0,18.49,2.26,7.42,1642.0,273.0,11.06,1.84,10.11,1732.0,298.0,11.67,2.01,10.46,1416.0,264.0,9.54,1.78,11.33,749.0,183.0,5.05,1.23,14.85,599.0,189.0,4.04,1.27,19.18,193.0,117.0,1.3,0.79,36.85,75.0,95.0,0.51,0.64,77.0,9562.0,386.0,64.42,2.6,2.45,3556.0,350.0,23.96,2.36,5.98,892.0,193.0,6.01,1.3,13.15,2993.0,332.0,20.16,2.24,6.74,1384.0,242.0,9.32,1.63,10.63,8031.0,405.0,54.11,2.73,3.07,32399.0,853.0,83.15,2.19,1.6,10361.0,1013.0,26.59,2.6,5.94,24436.0,1017.0,62.71,2.61,2.53,6565.0,853.0,16.85,2.19,7.9,18869.0,694.0,48.37,1.78,2.24,20145.0,694.0,51.64,1.78,2.09,3314.0,433.0,8.49,1.11,7.94,3264.0,375.0,8.37,0.96,6.98,3591.0,402.0,9.2,1.03,6.81,3415.0,390.0,8.75,1.0,6.94,3869.0,464.0,9.92,1.19,7.29,5802.0,558.0,14.87,1.43,5.85,5203.0,468.0,13.34,1.2,5.47,4459.0,429.0,11.43,1.1,5.85,1648.0,285.0,4.22,0.73,10.51,1230.0,234.0,3.15,0.6,11.56,1762.0,261.0,4.52,0.67,9.0,1198.0,226.0,3.07,0.58,11.47,270.0,125.0,0.69,0.32,28.14,26893.0,687.0,68.93,1.76,1.55,3230.0,332.0,8.28,0.85,6.25,6048.0,979.0,15.5,2.51,9.84,11384.0,964.0,29.18,2.47,5.15,344.0,211.0,0.88,0.54,37.29,277.0,187.0,0.71,0.48,41.04,0.0,,0.0,,,19932.0,1252.0,51.09,3.21,3.82,1042.0,390.0,2.67,1.0,22.75,27942.0,886.0,71.62,2.27,1.93,11072.0,886.0,28.38,2.27,4.86,736.0,336.0,1.89,0.86,27.75,9769.0,815.0,25.04,2.09,5.07,132.0,156.0,0.34,0.4,71.84,238.0,176.0,0.61,0.45,44.95,0.0,,0.0,,,91.0,105.0,0.23,0.27,70.14,121.0,113.0,0.31,0.29,56.77
10455,10455,10455,16219.0,,100,,,6845.0,357.0,42.2,2.2,3.17,13175.0,787.0,29.78,1.78,3.63,706.0,186.0,5.36,1.41,16.02,806.0,180.0,6.12,1.37,13.58,6338.0,345.0,48.11,2.62,3.31,2681.0,295.0,20.35,2.24,6.69,2650.0,306.0,20.11,2.32,7.02,25884.0,690.0,58.51,1.56,1.62,5648.0,466.0,21.82,1.8,5.02,5159.0,456.0,19.93,1.76,5.37,6963.0,538.0,26.9,2.08,4.7,2706.0,349.0,10.45,1.35,7.84,30624.0,1004.0,69.22,2.27,1.99,666.0,199.0,2.17,0.65,18.16,44111.0,916.0,99.71,2.07,1.26,6076.0,543.0,13.77,1.23,5.43,13511.0,796.0,30.54,1.8,3.58,915.0,231.0,6.77,1.71,15.35,26865.0,655.0,60.72,1.48,1.48,3556.0,416.0,13.24,1.55,7.11,3744.0,239.0,8.46,0.54,3.88,1605.0,186.0,42.87,4.96,7.04,43446.0,1146.0,98.2,2.59,1.6,39072.0,669.0,89.93,1.54,1.04,4207.0,652.0,9.68,1.5,9.42,160.0,109.0,0.37,0.25,41.41,44241.0,,100,,,30340.0,982.0,68.58,2.22,1.97,26231.0,929.0,59.29,2.1,2.15,4104.0,504.0,9.28,1.14,7.47,13901.0,1049.0,31.42,2.37,4.59,5496.0,506.0,39.54,3.64,5.6,8406.0,506.0,60.47,3.64,3.66,89.0,79.0,0.64,0.57,53.96,243.0,152.0,1.75,1.09,38.03,1718.0,519.0,12.36,3.73,18.36,52.0,99.0,0.37,0.71,115.74,11780.0,537.0,84.74,3.86,2.77,17.0,79.0,0.12,0.57,282.5,40120.0,1416.0,90.69,3.2,2.15,11370.0,991.0,28.34,2.47,5.3,14136.0,967.0,35.23,2.41,4.16,25555.0,1047.0,63.7,2.61,2.49,32153.0,1009.0,72.68,2.28,1.91,17973.0,685.0,55.9,2.13,2.32,15522.0,701.0,48.28,2.18,2.75,2415.0,350.0,7.51,1.09,8.81,34.0,80.0,0.11,0.25,143.04,14179.0,685.0,44.1,2.13,2.94,,,13.44,1.88,8.81,15167.0,801.0,34.28,1.81,3.21,2151.0,288.0,14.18,1.9,8.14,398.0,138.0,2.62,0.91,21.08,10184.0,431.0,67.15,2.84,2.57,1379.0,256.0,9.09,1.69,11.29,632.0,196.0,4.17,1.29,18.85,15528.0,810.0,35.1,1.83,3.17,3.0,79.0,0.02,0.51,1600.81,822.0,205.0,5.29,1.32,15.16,602.0,168.0,3.88,1.08,16.96,341.0,166.0,2.2,1.07,29.59,1734.0,264.0,11.17,1.7,9.26,1131.0,242.0,7.28,1.56,13.01,57.0,95.0,0.37,0.61,101.32,1120.0,259.0,7.21,1.67,14.06,1309.0,236.0,8.43,1.52,10.96,4152.0,373.0,26.74,2.4,5.46,3030.0,523.0,19.51,3.37,10.49,865.0,208.0,5.57,1.34,14.62,358.0,120.0,2.31,0.77,20.38,3745.0,367.0,23.09,2.26,5.96,2032.0,282.0,12.53,1.74,8.44,2389.0,298.0,14.73,1.84,7.58,2074.0,300.0,12.79,1.85,8.79,2119.0,294.0,13.06,1.81,8.43,1896.0,292.0,11.69,1.8,9.36,960.0,191.0,5.92,1.18,12.09,630.0,161.0,3.88,0.99,15.54,142.0,76.0,0.88,0.47,32.54,223.0,130.0,1.37,0.8,35.44,11041.0,378.0,68.07,2.33,2.08,3664.0,290.0,22.59,1.79,4.81,1059.0,175.0,6.53,1.08,10.05,2978.0,318.0,18.36,1.96,6.49,1601.0,248.0,9.87,1.53,9.42,8008.0,409.0,49.37,2.52,3.1,37323.0,851.0,84.61,1.93,1.39,12578.0,953.0,28.51,2.16,4.61,26774.0,1015.0,60.7,2.3,2.3,6789.0,851.0,15.39,1.93,7.62,21404.0,699.0,48.38,1.58,1.99,22837.0,699.0,51.62,1.58,1.86,4120.0,403.0,9.31,0.91,5.95,3859.0,389.0,8.72,0.88,6.13,3383.0,376.0,7.65,0.85,6.76,3177.0,319.0,7.18,0.72,6.1,3817.0,398.0,8.63,0.9,6.34,7455.0,593.0,16.85,1.34,4.84,5438.0,491.0,12.29,1.11,5.49,5100.0,465.0,11.53,1.05,5.54,2334.0,323.0,5.28,0.73,8.41,1828.0,469.0,4.13,1.06,15.6,2213.0,243.0,5.0,0.55,6.68,1177.0,204.0,2.66,0.46,10.54,352.0,119.0,0.8,0.27,20.55,30660.0,695.0,69.3,1.57,1.38,3744.0,296.0,8.46,0.67,4.81,3937.0,553.0,8.9,1.25,8.54,13528.0,1146.0,30.58,2.59,5.15,217.0,128.0,0.49,0.29,35.86,425.0,296.0,0.96,0.67,42.34,134.0,133.0,0.3,0.3,60.34,24805.0,1225.0,56.07,2.77,3.0,1208.0,301.0,2.73,0.68,15.15,31233.0,1084.0,70.6,2.45,2.11,13008.0,1084.0,29.4,2.45,5.07,357.0,124.0,0.81,0.28,21.11,11583.0,1084.0,26.18,2.45,5.69,97.0,119.0,0.22,0.27,74.58,407.0,305.0,0.92,0.69,45.56,134.0,133.0,0.3,0.3,60.34,170.0,173.0,0.38,0.39,61.86,270.0,164.0,0.61,0.37,36.92
10456,10456,10456,32790.0,,100,,,14479.0,600.0,44.16,1.83,2.52,29066.0,1185.0,31.39,1.28,2.48,1820.0,363.0,6.26,1.25,12.12,1822.0,314.0,6.27,1.08,10.48,12200.0,619.0,41.97,2.13,3.08,7092.0,587.0,24.4,2.02,5.03,6126.0,552.0,21.08,1.9,5.48,53587.0,1352.0,57.88,1.46,1.53,10306.0,761.0,19.23,1.42,4.49,9213.0,723.0,17.19,1.35,4.77,13987.0,761.0,26.1,1.42,3.31,7082.0,611.0,13.22,1.14,5.24,64865.0,1731.0,70.06,1.87,1.62,1266.0,259.0,1.95,0.4,12.44,91436.0,870.0,98.76,0.94,0.58,13307.0,896.0,14.55,0.98,4.09,27687.0,1167.0,29.9,1.26,2.56,1231.0,296.0,4.45,1.07,14.62,56570.0,1148.0,61.1,1.24,1.23,8355.0,651.0,14.77,1.15,4.74,7183.0,565.0,7.76,0.61,4.78,3715.0,295.0,51.72,4.11,4.83,91320.0,2342.0,98.63,2.53,1.56,82707.0,1178.0,90.57,1.29,0.87,7924.0,1160.0,8.68,1.27,8.9,700.0,247.0,0.77,0.27,21.45,92588.0,,100,,,60857.0,1380.0,65.73,1.49,1.38,54728.0,1370.0,59.11,1.48,1.52,6119.0,667.0,6.61,0.72,6.63,31731.0,1435.0,34.27,1.55,2.75,12952.0,815.0,40.82,2.57,3.83,18779.0,815.0,59.18,2.57,2.64,185.0,140.0,0.58,0.44,46.0,764.0,257.0,2.41,0.81,20.45,6144.0,704.0,19.36,2.22,6.97,41.0,121.0,0.13,0.38,179.41,24527.0,758.0,77.3,2.39,1.88,73.0,127.0,0.23,0.4,105.76,84728.0,2111.0,91.51,2.28,1.51,29373.0,1610.0,34.67,1.9,3.33,26057.0,1347.0,30.75,1.59,3.14,45374.0,1610.0,53.55,1.9,2.16,68059.0,1852.0,73.51,2.0,1.65,37409.0,1103.0,54.97,1.62,1.79,32359.0,1103.0,47.55,1.62,2.07,5044.0,585.0,7.41,0.86,7.05,1.0,116.0,0.0,0.17,7051.67,30650.0,1103.0,45.03,1.62,2.19,,,13.48,1.51,7.05,31405.0,991.0,33.92,1.07,1.92,4638.0,462.0,14.77,1.47,6.06,1238.0,301.0,3.94,0.96,14.78,21133.0,663.0,67.29,2.11,1.91,2799.0,386.0,8.91,1.23,8.38,1013.0,273.0,3.23,0.87,16.38,32350.0,991.0,34.94,1.07,1.86,39.0,120.0,0.12,0.37,187.05,1090.0,233.0,3.37,0.72,12.99,1078.0,243.0,3.33,0.75,13.7,695.0,226.0,2.15,0.7,19.77,3875.0,450.0,11.98,1.39,7.06,2666.0,359.0,8.24,1.11,8.19,353.0,165.0,1.09,0.51,28.41,2249.0,388.0,6.95,1.2,10.49,2844.0,395.0,8.79,1.22,8.44,11038.0,673.0,34.12,2.08,3.71,3538.0,463.0,10.94,1.43,7.96,1782.0,340.0,5.51,1.05,11.6,1103.0,252.0,3.41,0.78,13.89,6637.0,551.0,20.24,1.68,5.05,3968.0,433.0,12.1,1.32,6.63,5296.0,512.0,16.15,1.56,5.88,4232.0,462.0,12.91,1.41,6.64,4183.0,466.0,12.76,1.42,6.77,4554.0,469.0,13.89,1.43,6.26,1899.0,302.0,5.79,0.92,9.67,1602.0,279.0,4.89,0.85,10.59,236.0,118.0,0.72,0.36,30.4,185.0,138.0,0.56,0.42,45.35,23424.0,597.0,71.44,1.82,1.55,6893.0,492.0,21.02,1.5,4.34,1984.0,279.0,6.05,0.85,8.55,5375.0,489.0,16.39,1.49,5.53,3697.0,446.0,11.27,1.36,7.33,16164.0,636.0,49.3,1.94,2.39,80629.0,933.0,88.18,1.02,0.7,27710.0,1719.0,30.31,1.88,3.77,57859.0,1655.0,63.28,1.81,1.74,10807.0,933.0,11.82,1.02,5.25,42302.0,1130.0,45.69,1.22,1.62,50287.0,1130.0,54.31,1.22,1.37,7860.0,685.0,8.49,0.74,5.3,7613.0,639.0,8.22,0.69,5.1,7640.0,611.0,8.25,0.66,4.86,7420.0,630.0,8.01,0.68,5.16,8474.0,694.0,9.15,0.75,4.98,13390.0,889.0,14.46,0.96,4.04,11165.0,676.0,12.06,0.73,3.68,11960.0,806.0,12.92,0.87,4.1,5318.0,546.0,5.74,0.59,6.24,3969.0,454.0,4.29,0.49,6.95,4977.0,556.0,5.38,0.6,6.79,1833.0,269.0,1.98,0.29,8.92,991.0,231.0,1.07,0.25,14.17,64866.0,1056.0,70.06,1.14,0.99,7801.0,630.0,8.43,0.68,4.91,8044.0,944.0,8.69,1.02,7.13,37995.0,1731.0,41.04,1.87,2.77,892.0,426.0,0.96,0.46,29.03,780.0,278.0,0.84,0.3,21.67,0.0,,0.0,,,42237.0,1917.0,45.62,2.07,2.76,2640.0,537.0,2.85,0.58,12.37,54905.0,1694.0,59.3,1.83,1.88,37683.0,1694.0,40.7,1.83,2.73,1309.0,287.0,1.41,0.31,13.33,33894.0,1648.0,36.61,1.78,2.96,582.0,407.0,0.63,0.44,42.51,766.0,278.0,0.83,0.3,22.06,0.0,,0.0,,,432.0,222.0,0.47,0.24,31.24,705.0,269.0,0.76,0.29,23.2
10457,10457,10457,27143.0,,100,,,11879.0,442.0,43.76,1.63,2.26,22717.0,855.0,30.54,1.15,2.29,1028.0,216.0,4.53,0.95,12.77,1197.0,193.0,5.27,0.85,9.8,9737.0,482.0,42.86,2.12,3.01,6003.0,445.0,26.43,1.96,4.51,4751.0,413.0,20.91,1.82,5.28,43179.0,1101.0,58.06,1.48,1.55,7931.0,600.0,18.37,1.39,4.6,8012.0,596.0,18.56,1.38,4.52,11445.0,661.0,26.51,1.53,3.51,5667.0,488.0,13.12,1.13,5.23,51788.0,1309.0,69.63,1.76,1.54,839.0,181.0,1.62,0.35,13.11,73947.0,335.0,99.43,0.45,0.28,10277.0,680.0,13.9,0.92,4.02,22573.0,863.0,30.35,1.16,2.32,1366.0,339.0,6.05,1.5,15.09,45381.0,952.0,61.02,1.28,1.28,6165.0,499.0,13.59,1.1,4.92,5989.0,357.0,8.05,0.48,3.62,2754.0,224.0,45.99,3.74,4.94,72834.0,1785.0,97.93,2.4,1.49,64637.0,867.0,88.75,1.19,0.82,7448.0,845.0,10.23,1.16,6.9,753.0,248.0,1.03,0.34,20.02,74374.0,,100,,,44608.0,1212.0,59.98,1.63,1.65,40085.0,1227.0,53.9,1.65,1.86,4518.0,491.0,6.07,0.66,6.61,29766.0,1294.0,40.02,1.74,2.64,11467.0,729.0,38.52,2.45,3.86,18299.0,729.0,61.48,2.45,2.42,261.0,128.0,0.88,0.43,29.81,782.0,256.0,2.63,0.86,19.9,4687.0,634.0,15.75,2.13,8.22,62.0,137.0,0.21,0.46,134.33,23941.0,699.0,80.43,2.35,1.77,32.0,116.0,0.11,0.39,220.36,67646.0,1487.0,90.95,2.0,1.34,20142.0,1170.0,29.78,1.73,3.53,22706.0,1123.0,33.57,1.66,3.01,40250.0,1224.0,59.5,1.81,1.85,54595.0,1398.0,73.41,1.88,1.56,31551.0,748.0,57.79,1.37,1.44,26691.0,753.0,48.89,1.38,1.72,4851.0,470.0,8.89,0.86,5.89,16.0,126.0,0.03,0.23,478.72,23044.0,748.0,42.21,1.37,1.97,,,15.38,1.44,5.89,25796.0,766.0,34.68,1.03,1.81,4039.0,400.0,15.66,1.55,6.02,929.0,204.0,3.6,0.79,13.35,17192.0,524.0,66.65,2.03,1.85,2004.0,273.0,7.77,1.06,8.28,1239.0,255.0,4.8,0.99,12.51,26691.0,759.0,35.89,1.02,1.73,32.0,120.0,0.12,0.45,227.96,1126.0,224.0,4.22,0.84,12.09,1128.0,248.0,4.23,0.93,13.37,295.0,125.0,1.11,0.47,25.76,3640.0,438.0,13.64,1.64,7.31,2087.0,291.0,7.82,1.09,8.48,354.0,128.0,1.33,0.48,21.98,1773.0,275.0,6.64,1.03,9.43,2069.0,307.0,7.75,1.15,9.02,8460.0,494.0,31.7,1.85,3.55,3405.0,448.0,12.76,1.68,8.0,1595.0,256.0,5.98,0.96,9.76,718.0,187.0,2.69,0.7,15.83,5315.0,399.0,19.58,1.47,4.56,3447.0,375.0,12.7,1.38,6.61,4339.0,402.0,15.99,1.48,5.63,3523.0,366.0,12.98,1.35,6.32,3849.0,385.0,14.18,1.42,6.08,3619.0,372.0,13.33,1.37,6.25,1562.0,261.0,5.75,0.96,10.16,1012.0,185.0,3.73,0.68,11.11,298.0,128.0,1.1,0.47,26.11,179.0,136.0,0.66,0.5,46.19,19529.0,440.0,71.95,1.62,1.37,5292.0,372.0,19.5,1.37,4.27,1796.0,231.0,6.62,0.85,7.82,4503.0,375.0,16.59,1.38,5.06,2473.0,282.0,9.11,1.04,6.93,14071.0,527.0,51.84,1.94,2.28,63566.0,836.0,85.96,1.13,0.8,21628.0,1213.0,29.25,1.64,3.41,46636.0,1272.0,63.07,1.72,1.66,10381.0,836.0,14.04,1.13,4.9,35284.0,818.0,47.44,1.1,1.41,39090.0,818.0,52.56,1.1,1.27,6729.0,550.0,9.05,0.74,4.97,6140.0,476.0,8.26,0.64,4.71,5726.0,454.0,7.7,0.61,4.82,6476.0,513.0,8.71,0.69,4.82,6132.0,528.0,8.24,0.71,5.23,11587.0,699.0,15.58,0.94,3.67,9559.0,543.0,12.85,0.73,3.45,9492.0,595.0,12.76,0.8,3.81,3965.0,416.0,5.33,0.56,6.38,2350.0,290.0,3.16,0.39,7.5,3961.0,372.0,5.33,0.5,5.71,1761.0,245.0,2.37,0.33,8.46,510.0,134.0,0.69,0.18,15.97,51801.0,714.0,69.65,0.96,0.84,6216.0,424.0,8.36,0.57,4.15,8761.0,1034.0,11.78,1.39,7.17,25153.0,1339.0,33.82,1.8,3.24,297.0,193.0,0.4,0.26,39.5,1012.0,364.0,1.36,0.49,21.87,52.0,134.0,0.07,0.18,156.65,36500.0,1584.0,49.08,2.13,2.64,2566.0,513.0,3.45,0.69,12.15,48318.0,1294.0,64.97,1.74,1.63,26056.0,1294.0,35.03,1.74,3.02,1409.0,312.0,1.89,0.42,13.46,22561.0,1279.0,30.33,1.72,3.45,127.0,186.0,0.17,0.25,89.03,993.0,364.0,1.34,0.49,22.28,23.0,126.0,0.03,0.17,333.02,280.0,164.0,0.38,0.22,35.61,654.0,290.0,0.88,0.39,26.96
10458,10458,10458,28051.0,,100,,,11165.0,527.0,39.8,1.88,2.87,26372.0,973.0,32.27,1.19,2.24,1338.0,266.0,5.07,1.01,12.09,918.0,206.0,3.48,0.78,13.64,10403.0,591.0,39.45,2.24,3.45,4887.0,427.0,18.53,1.62,5.31,8828.0,535.0,33.48,2.03,3.68,46872.0,1275.0,57.35,1.56,1.65,7723.0,661.0,16.48,1.41,5.2,7287.0,647.0,15.55,1.38,5.4,13370.0,787.0,28.52,1.68,3.58,6648.0,609.0,14.18,1.3,5.57,59615.0,1708.0,72.94,2.09,1.74,1090.0,238.0,1.83,0.4,13.27,81733.0,0.0,100.0,0.0,0.0,10186.0,744.0,12.46,0.91,4.44,22118.0,1112.0,27.06,1.36,3.06,1313.0,263.0,5.94,1.19,12.18,53782.0,997.0,65.8,1.22,1.13,6238.0,575.0,11.6,1.07,5.6,5819.0,433.0,7.12,0.53,4.52,2635.0,262.0,45.28,4.5,6.04,80540.0,1945.0,98.54,2.38,1.47,70020.0,1103.0,86.94,1.37,0.96,9265.0,991.0,11.5,1.23,6.5,1252.0,475.0,1.55,0.59,23.06,81733.0,,100,,,49952.0,1479.0,61.12,1.81,1.8,45109.0,1463.0,55.19,1.79,1.97,4849.0,572.0,5.93,0.7,7.17,31780.0,1349.0,38.88,1.65,2.58,12831.0,817.0,40.37,2.57,3.87,18949.0,817.0,59.62,2.57,2.62,1783.0,477.0,5.61,1.5,16.26,1839.0,381.0,5.79,1.2,12.59,2616.0,464.0,8.23,1.46,10.78,16.0,114.0,0.05,0.36,433.13,25462.0,725.0,80.12,2.28,1.73,61.0,124.0,0.19,0.39,123.57,75140.0,2076.0,91.93,2.54,1.68,22903.0,1360.0,30.48,1.81,3.61,24233.0,1285.0,32.25,1.71,3.22,44544.0,1450.0,59.28,1.93,1.98,61795.0,1749.0,75.61,2.14,1.72,38141.0,952.0,61.72,1.54,1.52,32742.0,1001.0,52.98,1.62,1.86,5392.0,581.0,8.73,0.94,6.55,0.0,,0.0,,,23654.0,952.0,38.28,1.54,2.45,,,14.14,1.48,6.55,32090.0,915.0,39.26,1.12,1.73,4864.0,546.0,15.16,1.7,6.82,1027.0,286.0,3.2,0.89,16.93,20659.0,719.0,64.38,2.24,2.12,3879.0,465.0,12.09,1.45,7.29,1109.0,266.0,3.46,0.83,14.58,32750.0,907.0,40.07,1.11,1.68,41.0,111.0,0.13,0.34,164.58,2012.0,350.0,6.14,1.07,10.57,1297.0,288.0,3.96,0.88,13.5,513.0,174.0,1.57,0.53,20.62,4683.0,540.0,14.3,1.65,7.01,2267.0,367.0,6.92,1.12,9.84,616.0,213.0,1.88,0.65,21.02,1898.0,360.0,5.8,1.1,11.53,2461.0,347.0,7.51,1.06,8.57,9401.0,629.0,28.71,1.92,4.07,4776.0,547.0,14.58,1.67,6.96,1990.0,305.0,6.08,0.93,9.32,786.0,210.0,2.4,0.64,16.24,5081.0,466.0,18.11,1.66,5.58,2946.0,362.0,10.5,1.29,7.47,4346.0,449.0,15.49,1.6,6.28,3293.0,373.0,11.74,1.33,6.89,3856.0,424.0,13.75,1.51,6.68,4285.0,440.0,15.28,1.57,6.24,2027.0,334.0,7.23,1.19,10.02,1603.0,278.0,5.71,0.99,10.54,358.0,157.0,1.28,0.56,26.66,245.0,126.0,0.87,0.45,31.26,21037.0,480.0,75.0,1.71,1.39,5287.0,418.0,18.85,1.49,4.81,1867.0,295.0,6.66,1.05,9.61,4016.0,390.0,14.32,1.39,5.9,2160.0,325.0,7.7,1.16,9.15,12581.0,612.0,44.85,2.18,2.96,69773.0,1022.0,85.37,1.25,0.89,27864.0,1537.0,34.09,1.88,3.35,45489.0,1528.0,55.66,1.87,2.04,11960.0,1022.0,14.63,1.25,5.19,39339.0,907.0,48.13,1.11,1.4,42394.0,907.0,51.87,1.11,1.3,6592.0,629.0,8.07,0.77,5.8,5747.0,490.0,7.03,0.6,5.18,6196.0,507.0,7.58,0.62,4.97,7474.0,556.0,9.14,0.68,4.52,8829.0,736.0,10.8,0.9,5.07,13171.0,858.0,16.11,1.05,3.96,10786.0,703.0,13.2,0.86,3.96,9633.0,711.0,11.79,0.87,4.49,3813.0,433.0,4.67,0.53,6.9,3657.0,425.0,4.47,0.52,7.06,3737.0,409.0,4.57,0.5,6.65,1556.0,245.0,1.9,0.3,9.57,525.0,147.0,0.64,0.18,17.02,59615.0,948.0,72.94,1.16,0.97,5819.0,482.0,7.12,0.59,5.04,15691.0,1381.0,19.2,1.69,5.35,16601.0,1210.0,20.31,1.48,4.43,375.0,196.0,0.46,0.24,31.77,2666.0,499.0,3.26,0.61,11.38,68.0,131.0,0.08,0.16,117.11,42817.0,1757.0,52.39,2.15,2.49,3493.0,727.0,4.27,0.89,12.65,54731.0,1496.0,66.96,1.83,1.66,27002.0,1496.0,33.04,1.83,3.37,8388.0,875.0,10.26,1.07,6.34,14464.0,1112.0,17.7,1.36,4.67,59.0,123.0,0.07,0.15,126.73,2510.0,490.0,3.07,0.6,11.87,67.0,131.0,0.08,0.16,118.86,488.0,221.0,0.6,0.27,27.53,1028.0,400.0,1.26,0.49,23.65
10459,10459,10459,17771.0,,100,,,7761.0,366.0,43.67,2.06,2.87,14813.0,746.0,31.17,1.57,3.06,1091.0,203.0,7.36,1.37,11.31,797.0,167.0,5.38,1.13,12.74,6058.0,353.0,40.9,2.38,3.54,3640.0,310.0,24.57,2.09,5.18,3224.0,323.0,21.76,2.18,6.09,28191.0,955.0,59.32,2.01,2.06,5907.0,491.0,20.95,1.74,5.05,4591.0,369.0,16.29,1.31,4.89,8007.0,476.0,28.4,1.69,3.61,3106.0,321.0,11.02,1.14,6.28,33981.0,950.0,71.5,2.0,1.7,813.0,170.0,2.39,0.5,12.71,47373.0,770.0,99.68,1.62,0.99,5363.0,455.0,11.32,0.96,5.16,13542.0,675.0,28.5,1.42,3.03,653.0,156.0,4.82,1.15,14.52,29496.0,689.0,62.07,1.45,1.42,3141.0,342.0,10.65,1.16,6.62,4339.0,299.0,9.13,0.63,4.19,1568.0,169.0,36.14,3.89,6.55,46935.0,1445.0,98.76,3.04,1.87,42721.0,648.0,91.02,1.38,0.92,3738.0,629.0,7.96,1.34,10.23,476.0,197.0,1.01,0.42,25.16,47523.0,,100,,,32286.0,870.0,67.94,1.83,1.64,27527.0,846.0,57.92,1.78,1.87,4753.0,485.0,10.0,1.02,6.2,15237.0,846.0,32.06,1.78,3.38,6475.0,425.0,42.49,2.79,3.99,8762.0,425.0,57.5,2.79,2.95,83.0,87.0,0.54,0.57,63.72,376.0,158.0,2.47,1.04,25.54,1806.0,337.0,11.85,2.21,11.34,0.0,,0.0,,,12970.0,361.0,85.12,2.37,1.69,5.0,101.0,0.03,0.66,1227.96,43658.0,1088.0,91.87,2.29,1.51,14753.0,908.0,33.79,2.08,3.74,12952.0,720.0,29.67,1.65,3.38,26371.0,856.0,60.4,1.96,1.97,35441.0,922.0,74.58,1.94,1.58,18105.0,606.0,51.09,1.71,2.03,16400.0,599.0,46.27,1.69,2.22,1699.0,245.0,4.79,0.69,8.77,0.0,,0.0,,,17335.0,606.0,48.91,1.71,2.13,,,9.38,1.32,8.77,16091.0,594.0,33.86,1.25,2.24,2133.0,262.0,13.26,1.63,7.47,651.0,169.0,4.05,1.05,15.78,11320.0,386.0,70.35,2.4,2.07,1069.0,191.0,6.64,1.19,10.86,614.0,179.0,3.82,1.11,17.72,16399.0,589.0,34.51,1.24,2.18,0.0,,0.0,,,797.0,179.0,4.86,1.09,13.65,614.0,141.0,3.74,0.86,13.96,257.0,118.0,1.57,0.72,27.91,1852.0,251.0,11.29,1.53,8.24,1173.0,205.0,7.15,1.25,10.62,235.0,130.0,1.43,0.79,33.63,1101.0,198.0,6.71,1.21,10.93,1471.0,246.0,8.97,1.5,10.17,5041.0,353.0,30.74,2.15,4.26,2266.0,308.0,13.82,1.88,8.26,1149.0,235.0,7.01,1.43,12.43,435.0,134.0,2.65,0.82,18.73,4365.0,345.0,24.56,1.94,4.8,1974.0,245.0,11.11,1.38,7.54,2729.0,286.0,15.36,1.61,6.37,2194.0,277.0,12.35,1.56,7.67,2411.0,277.0,13.57,1.56,6.98,2100.0,256.0,11.82,1.44,7.41,987.0,188.0,5.55,1.06,11.58,723.0,153.0,4.07,0.86,12.86,181.0,108.0,1.02,0.61,36.27,102.0,100.0,0.57,0.56,59.6,11716.0,341.0,65.93,1.92,1.77,4060.0,288.0,22.85,1.62,4.31,949.0,149.0,5.34,0.84,9.54,3156.0,304.0,17.76,1.71,5.86,1556.0,236.0,8.76,1.33,9.22,8948.0,411.0,50.35,2.31,2.79,40693.0,687.0,85.9,1.45,1.03,14371.0,929.0,30.34,1.96,3.93,28544.0,1033.0,60.25,2.18,2.2,6681.0,687.0,14.1,1.45,6.25,22190.0,580.0,46.69,1.22,1.59,25333.0,580.0,53.31,1.22,1.39,3865.0,380.0,8.13,0.8,5.98,3731.0,347.0,7.85,0.73,5.65,3684.0,356.0,7.75,0.75,5.87,4017.0,361.0,8.45,0.76,5.46,4025.0,390.0,8.47,0.82,5.89,7557.0,499.0,15.9,1.05,4.01,5833.0,437.0,12.27,0.92,4.55,5696.0,394.0,11.99,0.83,4.2,2532.0,266.0,5.33,0.56,6.39,2115.0,280.0,4.45,0.59,8.05,2327.0,280.0,4.9,0.59,7.31,1650.0,219.0,3.47,0.46,8.07,484.0,128.0,1.02,0.27,16.08,33981.0,594.0,71.5,1.25,1.06,4461.0,361.0,9.39,0.76,4.92,5649.0,684.0,11.89,1.44,7.36,15339.0,903.0,32.28,1.9,3.58,304.0,166.0,0.64,0.35,33.19,511.0,209.0,1.08,0.44,24.86,0.0,,0.0,,,24434.0,1041.0,51.42,2.19,2.59,1285.0,285.0,2.7,0.6,13.48,32899.0,865.0,69.23,1.82,1.6,14626.0,865.0,30.78,1.82,3.6,686.0,171.0,1.44,0.36,15.15,12924.0,836.0,27.2,1.76,3.93,118.0,119.0,0.25,0.25,61.31,407.0,176.0,0.86,0.37,26.29,0.0,,0.0,,,243.0,143.0,0.51,0.3,35.77,244.0,128.0,0.51,0.27,31.89
10460,10460,10460,22362.0,,100,,,9670.0,487.0,43.24,2.18,3.06,17220.0,944.0,28.83,1.58,3.33,1097.0,226.0,6.37,1.31,12.52,925.0,198.0,5.37,1.15,13.01,7461.0,480.0,43.33,2.79,3.91,4084.0,418.0,23.72,2.43,6.22,3649.0,393.0,21.19,2.28,6.55,35918.0,1028.0,60.12,1.72,1.74,6564.0,607.0,18.27,1.69,5.62,7194.0,593.0,20.03,1.65,5.01,9338.0,636.0,26.0,1.77,4.14,4335.0,521.0,12.07,1.45,7.31,42625.0,1189.0,71.35,1.99,1.7,715.0,205.0,1.68,0.48,17.43,59675.0,137.0,99.89,0.23,0.14,8125.0,644.0,13.62,1.08,4.82,17071.0,974.0,28.58,1.63,3.47,961.0,242.0,5.63,1.42,15.31,37045.0,633.0,62.01,1.06,1.04,4783.0,493.0,12.91,1.33,6.27,5562.0,460.0,9.31,0.77,5.03,2383.0,243.0,42.84,4.37,6.2,58727.0,1368.0,98.31,2.29,1.42,52427.0,869.0,89.27,1.48,1.01,5747.0,857.0,9.79,1.46,9.07,558.0,206.0,0.95,0.35,22.44,59739.0,,100,,,40038.0,1171.0,67.02,1.96,1.78,34051.0,1183.0,57.0,1.98,2.11,5989.0,717.0,10.03,1.2,7.28,19701.0,1165.0,32.98,1.95,3.59,8158.0,634.0,41.41,3.22,4.72,11543.0,634.0,58.59,3.22,3.34,320.0,187.0,1.62,0.95,35.52,833.0,355.0,4.23,1.8,25.91,1952.0,396.0,9.91,2.01,12.33,0.0,,0.0,,,16595.0,532.0,84.23,2.7,1.95,4.0,104.0,0.02,0.53,1580.55,54549.0,1804.0,91.31,3.02,2.01,19768.0,1156.0,36.24,2.12,3.55,13123.0,906.0,24.06,1.66,4.2,30978.0,1173.0,56.79,2.15,2.3,44754.0,1243.0,74.92,2.08,1.69,26712.0,797.0,59.69,1.78,1.81,21300.0,779.0,47.59,1.74,2.22,5386.0,595.0,12.03,1.33,6.72,29.0,116.0,0.06,0.26,243.16,18041.0,797.0,40.31,1.78,2.69,,,20.16,2.14,6.72,20618.0,777.0,34.51,1.3,2.29,3709.0,414.0,17.99,2.01,6.79,906.0,254.0,4.39,1.23,17.04,13742.0,538.0,66.65,2.61,2.38,1332.0,256.0,6.46,1.24,11.68,621.0,175.0,3.01,0.85,17.13,21292.0,759.0,35.64,1.27,2.17,15.0,104.0,0.07,0.49,421.48,734.0,194.0,3.45,0.91,16.07,623.0,179.0,2.93,0.84,17.47,487.0,172.0,2.29,0.81,21.47,3073.0,392.0,14.43,1.84,7.75,1807.0,322.0,8.49,1.51,10.83,309.0,130.0,1.45,0.61,25.58,1379.0,285.0,6.48,1.34,12.56,1770.0,304.0,8.31,1.43,10.44,6170.0,432.0,28.98,2.03,4.26,2824.0,428.0,13.26,2.01,9.21,1692.0,273.0,7.95,1.28,9.81,415.0,143.0,1.95,0.67,20.95,4885.0,429.0,21.85,1.92,5.34,2672.0,349.0,11.95,1.56,7.94,3915.0,427.0,17.51,1.91,6.63,2803.0,369.0,12.53,1.65,8.0,2619.0,351.0,11.71,1.57,8.15,2901.0,360.0,12.97,1.61,7.54,1286.0,242.0,5.75,1.08,11.44,868.0,192.0,3.88,0.86,13.45,260.0,136.0,1.16,0.61,31.8,150.0,110.0,0.67,0.49,44.58,15456.0,463.0,69.12,2.07,1.82,4964.0,403.0,22.2,1.8,4.94,2144.0,288.0,9.59,1.29,8.17,4226.0,411.0,18.9,1.84,5.91,2334.0,333.0,10.44,1.49,8.67,11414.0,530.0,51.04,2.37,2.82,52580.0,812.0,88.11,1.36,0.94,25729.0,1337.0,43.12,2.24,3.16,38921.0,1265.0,65.22,2.12,1.98,7095.0,812.0,11.89,1.36,6.96,27385.0,789.0,45.84,1.32,1.75,32354.0,789.0,54.16,1.32,1.48,5190.0,538.0,8.69,0.9,6.3,4425.0,454.0,7.41,0.76,6.24,4452.0,436.0,7.45,0.73,5.95,4931.0,508.0,8.25,0.85,6.26,4835.0,478.0,8.09,0.8,6.01,9704.0,723.0,16.24,1.21,4.53,6657.0,526.0,11.14,0.88,4.8,8667.0,591.0,14.51,0.99,4.15,2842.0,370.0,4.76,0.62,7.91,2487.0,352.0,4.16,0.59,8.6,3543.0,376.0,5.93,0.63,6.45,1551.0,311.0,2.6,0.52,12.19,467.0,137.0,0.78,0.23,17.83,42656.0,830.0,71.4,1.39,1.18,5562.0,496.0,9.31,0.83,5.42,7841.0,962.0,13.13,1.61,7.46,17549.0,1201.0,29.38,2.01,4.16,110.0,114.0,0.18,0.19,63.0,1053.0,400.0,1.76,0.67,23.09,0.0,,0.0,,,31668.0,1386.0,53.01,2.32,2.66,1512.0,352.0,2.53,0.59,14.15,41639.0,1183.0,69.7,1.98,1.73,18100.0,1183.0,30.3,1.98,3.97,1451.0,335.0,2.43,0.56,14.03,15057.0,1123.0,25.2,1.88,4.53,0.0,,0.0,,,1039.0,400.0,1.74,0.67,23.4,0.0,,0.0,,,302.0,185.0,0.51,0.31,37.24,249.0,149.0,0.42,0.25,36.38
10461,10461,10461,20077.0,,100,,,6077.0,424.0,30.27,2.11,4.24,11352.0,704.0,22.89,1.42,3.77,786.0,216.0,6.92,1.9,16.71,445.0,157.0,3.92,1.38,21.45,4238.0,409.0,37.33,3.6,5.87,2156.0,294.0,18.99,2.59,8.29,3727.0,380.0,32.83,3.35,6.2,35520.0,1389.0,71.62,2.8,2.38,3241.0,394.0,9.12,1.11,7.39,3619.0,444.0,10.19,1.25,7.46,10411.0,682.0,29.31,1.92,3.98,9412.0,664.0,26.5,1.87,4.29,39646.0,1473.0,79.94,2.97,2.26,1279.0,218.0,3.23,0.55,10.36,48733.0,501.0,98.26,1.01,0.62,6669.0,541.0,13.68,1.11,4.93,9938.0,674.0,20.04,1.36,4.12,394.0,124.0,3.96,1.25,19.13,31666.0,640.0,63.85,1.29,1.23,3195.0,383.0,10.09,1.21,7.29,7121.0,417.0,14.36,0.84,3.56,3081.0,281.0,43.27,3.94,5.54,49024.0,1314.0,98.85,2.65,1.63,42066.0,1005.0,85.81,2.05,1.45,6157.0,980.0,12.56,2.0,9.68,799.0,299.0,1.63,0.61,22.75,49594.0,,100,,,35931.0,957.0,72.45,1.93,1.62,32543.0,987.0,65.62,1.99,1.84,3388.0,417.0,6.83,0.84,7.48,13663.0,987.0,27.55,1.99,4.39,7501.0,492.0,54.9,3.6,3.99,6162.0,492.0,45.1,3.6,4.85,3512.0,454.0,25.7,3.32,7.86,3681.0,434.0,26.94,3.18,7.17,324.0,224.0,2.37,1.64,42.03,34.0,111.0,0.25,0.81,198.46,6036.0,536.0,44.18,3.92,5.4,75.0,115.0,0.55,0.84,93.21,46447.0,1567.0,93.65,3.16,2.05,21193.0,1017.0,45.63,2.19,2.92,8997.0,771.0,19.37,1.66,5.21,15756.0,938.0,33.92,2.02,3.62,40607.0,1408.0,81.88,2.84,2.11,25664.0,650.0,63.2,1.6,1.54,23373.0,694.0,57.56,1.71,1.81,2281.0,365.0,5.62,0.9,9.73,10.0,110.0,0.02,0.27,668.69,14943.0,650.0,36.8,1.6,2.64,,,8.89,1.4,9.73,22644.0,674.0,45.66,1.36,1.81,7908.0,534.0,34.92,2.36,4.1,1819.0,349.0,8.03,1.54,11.66,10041.0,568.0,44.34,2.51,3.44,1894.0,288.0,8.36,1.27,9.24,619.0,181.0,2.73,0.8,17.78,23362.0,630.0,47.11,1.27,1.64,55.0,128.0,0.24,0.55,141.48,1646.0,299.0,7.05,1.28,11.04,765.0,199.0,3.27,0.85,15.81,410.0,164.0,1.76,0.7,24.32,2140.0,325.0,9.16,1.39,9.23,1629.0,292.0,6.97,1.25,10.9,429.0,154.0,1.84,0.66,21.82,2079.0,353.0,8.9,1.51,10.32,1991.0,299.0,8.52,1.28,9.13,7792.0,507.0,33.35,2.17,3.96,2378.0,339.0,10.18,1.45,8.67,894.0,229.0,3.83,0.98,15.57,1148.0,252.0,4.91,1.08,13.34,1391.0,243.0,6.93,1.21,10.62,1343.0,245.0,6.69,1.22,11.09,1954.0,289.0,9.73,1.44,8.99,2076.0,283.0,10.34,1.41,8.29,2357.0,313.0,11.74,1.56,8.07,3641.0,381.0,18.14,1.9,6.36,2439.0,351.0,12.15,1.75,8.75,3057.0,351.0,15.23,1.75,6.98,1024.0,201.0,5.1,1.0,11.93,796.0,189.0,3.96,0.94,14.43,15458.0,347.0,76.99,1.73,1.36,5402.0,377.0,26.91,1.88,4.24,3052.0,319.0,15.2,1.59,6.35,1331.0,221.0,6.63,1.1,10.09,742.0,197.0,3.7,0.98,16.14,3056.0,353.0,15.22,1.76,7.02,43493.0,799.0,89.25,1.64,1.12,31038.0,1135.0,63.69,2.33,2.22,18060.0,980.0,37.06,2.01,3.3,5240.0,799.0,10.75,1.64,9.27,23788.0,650.0,47.97,1.31,1.66,25806.0,650.0,52.03,1.31,1.53,3147.0,441.0,6.35,0.89,8.52,2347.0,332.0,4.73,0.67,8.6,2840.0,362.0,5.73,0.73,7.75,2338.0,307.0,4.71,0.62,7.98,3402.0,456.0,6.86,0.92,8.15,8175.0,665.0,16.48,1.34,4.95,6964.0,565.0,14.04,1.14,4.93,7376.0,620.0,14.87,1.25,5.11,3144.0,387.0,6.34,0.78,7.48,2340.0,332.0,4.72,0.67,8.62,3485.0,357.0,7.03,0.72,6.23,2651.0,352.0,5.35,0.71,8.07,1378.0,253.0,2.78,0.51,11.16,39656.0,590.0,79.96,1.19,0.9,7515.0,531.0,15.15,1.07,4.3,23467.0,1146.0,47.32,2.31,2.97,4528.0,704.0,9.13,1.42,9.45,257.0,154.0,0.52,0.31,36.43,5401.0,625.0,10.89,1.26,7.03,6.0,104.0,0.01,0.21,1053.7,13821.0,1175.0,27.87,2.37,5.17,2115.0,511.0,4.26,1.03,14.69,22299.0,1091.0,44.96,2.2,2.97,27295.0,1091.0,55.04,2.2,2.43,17401.0,1027.0,35.09,2.07,3.59,3776.0,650.0,7.61,1.31,10.46,76.0,114.0,0.15,0.23,91.19,5322.0,620.0,10.73,1.25,7.08,4.0,109.0,0.01,0.22,1656.53,115.0,109.0,0.23,0.22,57.62,604.0,208.0,1.22,0.42,20.93
10462,10462,10462,31794.0,,100,,,10604.0,540.0,33.35,1.7,3.1,20774.0,933.0,26.06,1.17,2.73,999.0,193.0,4.81,0.93,11.74,1189.0,231.0,5.72,1.11,11.81,7932.0,476.0,38.18,2.29,3.65,4246.0,418.0,20.44,2.01,5.98,6407.0,484.0,30.84,2.33,4.59,53801.0,1666.0,67.48,2.09,1.88,6002.0,560.0,11.16,1.04,5.67,5572.0,533.0,10.36,0.99,5.82,15192.0,802.0,28.24,1.49,3.21,13085.0,802.0,24.32,1.49,3.73,61407.0,1890.0,77.02,2.37,1.87,1695.0,338.0,2.76,0.55,12.12,79397.0,279.0,99.59,0.35,0.21,9854.0,723.0,12.41,0.91,4.46,18228.0,933.0,22.86,1.17,3.11,609.0,193.0,3.34,1.06,19.27,52500.0,853.0,65.85,1.07,0.99,5878.0,572.0,11.2,1.09,5.92,8668.0,502.0,10.87,0.63,3.52,3369.0,290.0,38.87,3.34,5.23,78838.0,1451.0,98.89,1.82,1.12,70853.0,1033.0,89.87,1.31,0.89,6908.0,970.0,8.76,1.23,8.54,1070.0,339.0,1.36,0.43,19.26,79726.0,,100,,,54617.0,1220.0,68.51,1.53,1.36,45794.0,1268.0,57.44,1.59,1.68,8835.0,789.0,11.08,0.99,5.43,25109.0,1236.0,31.49,1.55,2.99,12045.0,680.0,47.97,2.71,3.43,13064.0,680.0,52.03,2.71,3.16,2317.0,326.0,9.23,1.3,8.55,6565.0,680.0,26.15,2.71,6.3,2433.0,532.0,9.69,2.12,13.29,4.0,126.0,0.02,0.5,1914.89,13740.0,751.0,54.72,2.99,3.32,48.0,131.0,0.19,0.52,165.91,74334.0,2025.0,93.24,2.54,1.66,31331.0,1338.0,42.15,1.8,2.6,17175.0,1018.0,23.11,1.37,3.6,27702.0,1234.0,37.27,1.66,2.71,63234.0,1794.0,79.31,2.25,1.72,43217.0,790.0,68.34,1.25,1.11,37311.0,822.0,59.0,1.3,1.34,5802.0,563.0,9.18,0.89,5.9,90.0,177.0,0.14,0.28,119.55,20017.0,790.0,31.66,1.25,2.4,,,13.43,1.28,5.9,36612.0,702.0,45.92,0.88,1.17,7355.0,571.0,20.09,1.56,4.72,1994.0,319.0,5.45,0.87,9.73,23076.0,729.0,63.03,1.99,1.92,2463.0,366.0,6.73,1.0,9.03,913.0,212.0,2.49,0.58,14.12,37316.0,686.0,46.81,0.86,1.12,0.0,,0.0,,,2125.0,351.0,5.69,0.94,10.04,2031.0,362.0,5.44,0.97,10.84,537.0,168.0,1.44,0.45,19.02,3874.0,437.0,10.38,1.17,6.86,2580.0,396.0,6.91,1.06,9.33,1052.0,254.0,2.82,0.68,14.68,2489.0,433.0,6.67,1.16,10.58,3274.0,459.0,8.77,1.23,8.52,11142.0,657.0,29.86,1.76,3.58,4889.0,530.0,13.1,1.42,6.59,1697.0,302.0,4.55,0.81,10.82,1633.0,302.0,4.38,0.81,11.24,3307.0,362.0,10.4,1.14,6.65,1744.0,283.0,5.49,0.89,9.86,3315.0,366.0,10.43,1.15,6.71,3473.0,420.0,10.92,1.32,7.35,4447.0,458.0,13.99,1.44,6.26,6415.0,540.0,20.18,1.7,5.12,4072.0,458.0,12.81,1.44,6.84,3600.0,423.0,11.32,1.33,7.14,920.0,213.0,2.89,0.67,14.07,505.0,159.0,1.59,0.5,19.14,24990.0,442.0,78.6,1.39,1.08,7388.0,451.0,23.24,1.42,3.71,3885.0,375.0,12.22,1.18,5.87,2729.0,356.0,8.58,1.12,7.93,1409.0,245.0,4.43,0.77,10.57,7954.0,556.0,25.02,1.75,4.25,70981.0,810.0,89.4,1.02,0.69,42022.0,1540.0,52.93,1.94,2.23,36353.0,1485.0,45.79,1.87,2.48,8416.0,810.0,10.6,1.02,5.85,37586.0,773.0,47.14,0.97,1.25,42140.0,773.0,52.86,0.97,1.12,5393.0,542.0,6.76,0.68,6.11,5501.0,478.0,6.9,0.6,5.28,4612.0,431.0,5.78,0.54,5.68,4485.0,431.0,5.63,0.54,5.84,5927.0,502.0,7.43,0.63,5.15,13845.0,837.0,17.37,1.05,3.68,11421.0,726.0,14.33,0.91,3.86,10472.0,686.0,13.13,0.86,3.98,5204.0,486.0,6.53,0.61,5.68,3982.0,438.0,4.99,0.55,6.69,4978.0,462.0,6.24,0.58,5.64,2900.0,335.0,3.64,0.42,7.02,999.0,183.0,1.25,0.23,11.14,61498.0,789.0,77.14,0.99,0.78,8870.0,582.0,11.13,0.73,3.99,18312.0,1124.0,22.97,1.41,3.73,21409.0,1284.0,26.85,1.61,3.65,448.0,223.0,0.56,0.28,30.26,9672.0,1092.0,12.13,1.37,6.86,0.0,,0.0,,,26296.0,1515.0,32.98,1.9,3.5,3590.0,662.0,4.5,0.83,11.21,38234.0,1379.0,47.96,1.73,2.19,41492.0,1379.0,52.04,1.73,2.02,10039.0,686.0,12.59,0.86,4.15,19321.0,1220.0,24.23,1.53,3.84,112.0,151.0,0.14,0.19,81.96,9634.0,1092.0,12.08,1.37,6.89,0.0,,0.0,,,749.0,271.0,0.94,0.34,21.99,1642.0,470.0,2.06,0.59,17.4
10463,10463,10463,30875.0,,100,,,9401.0,485.0,30.45,1.57,3.14,17643.0,848.0,24.34,1.17,2.92,1337.0,266.0,7.58,1.51,12.09,1023.0,222.0,5.8,1.26,13.19,6454.0,483.0,36.58,2.74,4.55,3058.0,390.0,17.33,2.21,7.75,5768.0,464.0,32.69,2.63,4.89,51027.0,906.0,70.4,1.25,1.08,4778.0,510.0,9.36,1.0,6.49,4696.0,485.0,9.2,0.95,6.28,10525.0,725.0,20.63,1.42,4.19,19967.0,806.0,39.13,1.58,2.45,56791.0,1065.0,78.35,1.47,1.14,2039.0,290.0,3.59,0.51,8.65,69947.0,935.0,96.5,1.29,0.81,7602.0,630.0,10.87,0.9,5.04,15663.0,797.0,21.61,1.1,3.09,616.0,196.0,3.93,1.25,19.34,43609.0,1008.0,60.16,1.39,1.41,3466.0,423.0,7.95,0.97,7.42,10674.0,529.0,14.73,0.73,3.01,3514.0,341.0,32.92,3.19,5.9,71198.0,2196.0,98.23,3.03,1.87,62805.0,940.0,88.21,1.32,0.91,7770.0,904.0,10.91,1.27,7.07,621.0,249.0,0.87,0.35,24.37,72483.0,,100,,,48654.0,1334.0,67.13,1.84,1.67,45049.0,1283.0,62.15,1.77,1.73,3605.0,500.0,4.97,0.69,8.43,23829.0,1486.0,32.88,2.05,3.79,14049.0,774.0,58.96,3.25,3.35,9780.0,774.0,41.04,3.25,4.81,3884.0,446.0,16.3,1.87,6.98,2836.0,424.0,11.9,1.78,9.09,1067.0,307.0,4.48,1.29,17.49,0.0,,0.0,,,15933.0,591.0,66.87,2.48,2.25,110.0,110.0,0.46,0.46,60.79,67386.0,2080.0,92.97,2.87,1.88,29840.0,1233.0,44.28,1.83,2.51,14627.0,1065.0,21.71,1.58,4.43,28805.0,1233.0,42.75,1.83,2.6,58216.0,1102.0,80.32,1.52,1.15,36758.0,897.0,63.14,1.54,1.48,33458.0,926.0,57.47,1.59,1.68,3303.0,448.0,5.67,0.77,8.25,0.0,,0.0,,,21457.0,897.0,36.86,1.54,2.54,,,8.99,1.2,8.25,32325.0,1000.0,44.6,1.38,1.88,7573.0,585.0,23.43,1.81,4.7,1487.0,288.0,4.6,0.89,11.77,18348.0,676.0,56.76,2.09,2.24,2554.0,414.0,7.9,1.28,9.85,1575.0,291.0,4.87,0.9,11.23,33452.0,971.0,46.15,1.34,1.76,47.0,124.0,0.14,0.37,160.38,1182.0,271.0,3.53,0.81,13.94,875.0,217.0,2.62,0.65,15.08,673.0,211.0,2.01,0.63,19.06,2750.0,482.0,8.22,1.44,10.65,1306.0,278.0,3.9,0.83,12.94,1059.0,227.0,3.17,0.68,13.03,2685.0,385.0,8.03,1.15,8.72,3895.0,468.0,11.64,1.4,7.3,11378.0,639.0,34.01,1.91,3.41,4221.0,512.0,12.62,1.53,7.37,1966.0,361.0,5.88,1.08,11.16,1411.0,268.0,4.22,0.8,11.55,2421.0,315.0,7.84,1.02,7.91,1385.0,232.0,4.49,0.75,10.18,3169.0,398.0,10.26,1.29,7.63,2586.0,333.0,8.38,1.08,7.83,3559.0,411.0,11.53,1.33,7.02,5417.0,543.0,17.54,1.76,6.09,4167.0,435.0,13.5,1.41,6.35,4477.0,417.0,14.5,1.35,5.66,1622.0,269.0,5.25,0.87,10.08,2076.0,275.0,6.72,0.89,8.05,23949.0,438.0,77.57,1.42,1.11,9132.0,497.0,29.58,1.61,3.31,5309.0,448.0,17.2,1.45,5.13,2039.0,299.0,6.6,0.97,8.91,1049.0,256.0,3.4,0.83,14.84,6003.0,451.0,19.44,1.46,4.57,63676.0,881.0,91.03,1.26,0.84,42042.0,1343.0,60.11,1.92,1.94,28507.0,1294.0,40.75,1.85,2.76,6271.0,881.0,8.97,1.26,8.54,34600.0,855.0,47.74,1.18,1.5,37882.0,855.0,52.26,1.18,1.37,5096.0,565.0,7.03,0.78,6.74,4676.0,464.0,6.45,0.64,6.03,3671.0,435.0,5.06,0.6,7.2,3614.0,471.0,4.99,0.65,7.92,4406.0,558.0,6.08,0.77,7.7,11777.0,805.0,16.25,1.11,4.16,9218.0,725.0,12.72,1.0,4.78,8918.0,660.0,12.3,0.91,4.5,4418.0,478.0,6.1,0.66,6.58,4020.0,413.0,5.55,0.57,6.25,6353.0,507.0,8.76,0.7,4.85,3788.0,406.0,5.23,0.56,6.52,2547.0,312.0,3.51,0.43,7.45,56791.0,732.0,78.35,1.01,0.78,12678.0,667.0,17.49,0.92,3.2,31451.0,1290.0,43.39,1.78,2.49,11684.0,1116.0,16.12,1.54,5.81,452.0,297.0,0.62,0.41,39.94,2909.0,522.0,4.01,0.72,10.91,80.0,159.0,0.11,0.22,120.82,22138.0,1479.0,30.54,2.04,4.06,3768.0,652.0,5.2,0.9,10.52,35879.0,1326.0,49.5,1.83,2.25,36603.0,1326.0,50.5,1.83,2.2,22659.0,1022.0,31.26,1.41,2.74,9394.0,1022.0,12.96,1.41,6.61,269.0,283.0,0.37,0.39,63.95,2868.0,515.0,3.96,0.71,10.92,61.0,159.0,0.08,0.22,158.45,454.0,377.0,0.63,0.52,50.48,891.0,261.0,1.23,0.36,17.81
10464,10464,"10464, 10803",2053.0,,100,,,484.0,133.0,23.58,6.47,16.7,976.0,224.0,23.16,5.31,13.95,1.0,30.0,0.1,3.1,1823.71,32.0,40.0,3.28,4.13,75.99,389.0,141.0,39.85,14.47,22.03,209.0,115.0,21.41,11.78,33.45,347.0,111.0,35.55,11.4,19.45,3041.0,548.0,72.16,13.01,10.95,31.0,40.0,1.02,1.33,78.44,177.0,84.0,5.82,2.77,28.85,908.0,187.0,29.85,6.15,12.52,1112.0,198.0,36.56,6.52,10.82,3429.0,652.0,81.36,15.46,11.56,207.0,94.0,6.04,2.74,27.61,4214.0,0.0,99.99,0.0,0.0,644.0,174.0,15.28,4.13,16.42,785.0,184.0,18.63,4.37,14.25,36.0,46.0,4.59,5.92,77.68,2371.0,291.0,56.26,6.9,7.46,277.0,132.0,11.69,5.57,28.97,1059.0,159.0,25.13,3.77,9.13,332.0,103.0,31.35,9.75,18.86,4177.0,73.0,99.11,1.74,1.06,3864.0,146.0,92.51,3.49,2.3,311.0,146.0,7.45,3.49,28.54,2.0,36.0,0.05,0.85,1094.22,4214.0,,100,,,3861.0,174.0,91.62,4.14,2.74,3696.0,178.0,87.7,4.23,2.93,165.0,115.0,3.92,2.74,42.37,353.0,182.0,8.38,4.31,31.34,233.0,64.0,66.01,18.22,16.7,120.0,64.0,34.0,18.22,32.42,91.0,65.0,25.78,18.53,43.42,138.0,93.0,39.1,26.32,40.97,2.0,31.0,0.57,8.74,942.25,0.0,,0.0,,,122.0,78.0,34.56,22.19,38.87,0.0,,0.0,,,4057.0,105.0,96.27,2.48,1.57,2911.0,239.0,71.76,5.88,4.99,223.0,152.0,5.5,3.75,41.44,832.0,211.0,20.51,5.21,15.42,3506.0,668.0,83.19,15.84,11.58,2065.0,222.0,58.9,6.32,6.54,1841.0,255.0,52.51,7.28,8.42,224.0,116.0,6.39,3.31,31.48,0.0,,0.0,,,1440.0,222.0,41.07,6.32,9.37,,,10.85,5.5,31.48,1815.0,247.0,43.07,5.87,8.27,1135.0,181.0,62.54,10.0,9.69,83.0,74.0,4.57,4.09,54.2,369.0,126.0,20.33,6.97,20.76,158.0,105.0,8.71,5.77,40.4,53.0,66.0,2.92,3.63,75.7,1843.0,248.0,43.73,5.89,8.18,0.0,,0.0,,,63.0,57.0,3.42,3.09,55.0,34.0,37.0,1.84,2.02,66.15,20.0,27.0,1.08,1.45,82.07,150.0,92.0,8.14,5.01,37.28,41.0,42.0,2.22,2.28,62.27,88.0,98.0,4.77,5.3,67.7,131.0,69.0,7.11,3.73,32.02,196.0,98.0,10.63,5.3,30.4,782.0,144.0,42.42,7.82,11.19,64.0,54.0,3.47,2.92,51.29,116.0,106.0,6.29,5.77,55.55,156.0,100.0,8.46,5.4,38.97,90.0,72.0,4.38,3.53,48.63,42.0,46.0,2.05,2.26,66.58,189.0,86.0,9.21,4.21,27.66,191.0,127.0,9.3,6.17,40.42,115.0,78.0,5.6,3.82,41.23,344.0,151.0,16.76,7.35,26.68,275.0,125.0,13.4,6.08,27.63,469.0,163.0,22.84,7.94,21.13,210.0,135.0,10.23,6.56,39.08,128.0,72.0,6.23,3.53,34.19,1419.0,175.0,69.12,8.52,7.5,910.0,171.0,44.33,8.33,11.42,653.0,173.0,31.81,8.43,16.11,80.0,60.0,3.9,2.94,45.59,15.0,22.0,0.73,1.08,89.16,122.0,103.0,5.94,5.0,51.32,3877.0,171.0,91.99,4.06,2.68,3095.0,247.0,73.44,5.85,4.85,1566.0,283.0,37.16,6.71,10.99,338.0,171.0,8.02,4.06,30.75,1961.0,275.0,46.53,6.52,8.52,2254.0,275.0,53.48,6.52,7.42,158.0,114.0,3.75,2.7,43.86,99.0,85.0,2.35,2.02,52.19,417.0,161.0,9.89,3.83,23.47,159.0,92.0,3.77,2.18,35.17,340.0,163.0,8.07,3.87,29.14,330.0,134.0,7.83,3.18,24.68,417.0,129.0,9.89,3.07,18.81,748.0,207.0,17.75,4.91,16.82,168.0,81.0,3.99,1.92,29.31,316.0,125.0,7.5,2.97,24.05,710.0,215.0,16.85,5.1,18.41,249.0,97.0,5.91,2.31,23.68,104.0,80.0,2.47,1.9,46.76,3429.0,162.0,81.36,3.85,2.87,1059.0,230.0,25.13,5.46,13.2,3117.0,460.0,73.96,10.92,8.97,115.0,47.0,2.73,1.11,24.84,1.0,36.0,0.02,0.86,2188.45,211.0,246.0,5.01,5.84,70.87,0.0,,0.0,,,742.0,428.0,17.61,10.16,35.07,32.0,30.0,0.76,0.7,56.99,1235.0,275.0,29.3,6.52,13.54,2979.0,275.0,70.69,6.52,5.61,2665.0,300.0,63.24,7.11,6.84,92.0,39.0,2.18,0.93,25.77,0.0,,0.0,,,211.0,246.0,5.01,5.84,70.87,0.0,,0.0,,,0.0,,0.0,,,15.0,31.0,0.36,0.73,125.63
10465,10465,10465,16076.0,,100,,,5088.0,384.0,31.65,2.39,4.59,11806.0,809.0,26.26,1.8,4.17,602.0,172.0,5.1,1.46,17.37,797.0,218.0,6.75,1.85,16.63,3759.0,340.0,31.84,2.88,5.5,2043.0,281.0,17.31,2.38,8.36,4604.0,377.0,39.0,3.19,4.98,30899.0,1061.0,68.72,2.36,2.09,2741.0,408.0,8.87,1.32,9.05,2596.0,343.0,8.4,1.11,8.03,9445.0,581.0,30.57,1.88,3.74,7638.0,565.0,24.72,1.83,4.5,36010.0,1259.0,80.09,2.8,2.13,1868.0,277.0,5.19,0.77,9.01,44515.0,450.0,99.01,1.0,0.61,5619.0,539.0,12.62,1.21,5.83,8951.0,742.0,19.91,1.65,5.04,340.0,137.0,3.8,1.53,24.49,28284.0,841.0,62.91,1.87,1.81,2254.0,325.0,7.97,1.15,8.77,7284.0,495.0,16.2,1.1,4.13,3028.0,262.0,41.57,3.6,5.26,44598.0,1349.0,99.19,3.0,1.84,41149.0,535.0,92.27,1.2,0.79,3203.0,517.0,7.18,1.16,9.81,250.0,161.0,0.56,0.36,39.15,44961.0,,100,,,38128.0,683.0,84.8,1.52,1.09,34640.0,787.0,77.04,1.75,1.38,3474.0,513.0,7.73,1.14,8.98,6833.0,697.0,15.2,1.55,6.2,4305.0,355.0,63.0,5.19,5.01,2528.0,355.0,37.0,5.19,8.54,1961.0,273.0,28.7,4.0,8.46,1148.0,320.0,16.8,4.69,16.95,479.0,229.0,7.01,3.35,29.06,22.0,99.0,0.32,1.45,273.56,3198.0,400.0,46.8,5.85,7.6,26.0,98.0,0.38,1.44,229.13,42399.0,1497.0,94.3,3.33,2.15,24769.0,1157.0,58.42,2.73,2.84,4903.0,594.0,11.56,1.4,7.36,12044.0,1018.0,28.41,2.4,5.14,36988.0,1326.0,82.27,2.95,2.18,22234.0,703.0,60.11,1.9,1.92,20322.0,692.0,54.94,1.87,2.07,1902.0,325.0,5.14,0.88,10.39,0.0,,0.0,,,14754.0,703.0,39.89,1.9,2.9,,,8.55,1.44,10.39,19833.0,589.0,44.11,1.31,1.81,9783.0,506.0,49.33,2.55,3.14,1883.0,297.0,9.49,1.5,9.59,6354.0,476.0,32.04,2.4,4.55,996.0,234.0,5.02,1.18,14.28,569.0,159.0,2.87,0.8,16.99,20310.0,580.0,45.17,1.29,1.74,9.0,108.0,0.04,0.53,729.48,1181.0,232.0,5.81,1.14,11.94,775.0,201.0,3.82,0.99,15.77,331.0,120.0,1.63,0.59,22.04,1977.0,331.0,9.73,1.63,10.18,1314.0,262.0,6.47,1.29,12.12,463.0,138.0,2.28,0.68,18.12,1595.0,331.0,7.85,1.63,12.62,1883.0,339.0,9.27,1.67,10.94,6573.0,542.0,32.36,2.67,5.01,2180.0,335.0,10.73,1.65,9.34,781.0,193.0,3.85,0.95,15.02,1242.0,227.0,6.12,1.12,11.11,1178.0,236.0,7.33,1.47,12.18,998.0,230.0,6.21,1.43,14.01,1402.0,233.0,8.72,1.45,10.1,881.0,199.0,5.48,1.24,13.73,1665.0,275.0,10.36,1.71,10.04,2349.0,289.0,14.61,1.8,7.48,2245.0,315.0,13.96,1.96,8.53,3115.0,344.0,19.38,2.14,6.71,1163.0,214.0,7.23,1.33,11.19,1088.0,220.0,6.77,1.37,12.29,12093.0,317.0,75.22,1.97,1.59,5623.0,360.0,34.98,2.24,3.89,3431.0,320.0,21.34,1.99,5.67,1014.0,220.0,6.31,1.37,13.19,387.0,162.0,2.41,1.01,25.45,2229.0,301.0,13.87,1.87,8.21,41366.0,512.0,92.93,1.15,0.75,30972.0,939.0,69.58,2.11,1.84,16068.0,948.0,36.1,2.13,3.59,3148.0,512.0,7.07,1.15,9.89,21770.0,589.0,48.42,1.31,1.64,23191.0,589.0,51.58,1.31,1.54,2562.0,405.0,5.7,0.9,9.61,2684.0,355.0,5.97,0.79,8.04,2303.0,333.0,5.12,0.74,8.79,2973.0,351.0,6.61,0.78,7.18,3553.0,459.0,7.9,1.02,7.85,5107.0,540.0,11.36,1.2,6.43,5837.0,486.0,12.98,1.08,5.06,6144.0,499.0,13.67,1.11,4.94,3035.0,400.0,6.75,0.89,8.01,3104.0,391.0,6.9,0.87,7.66,3917.0,427.0,8.71,0.95,6.63,2389.0,337.0,5.31,0.75,8.58,1378.0,265.0,3.06,0.59,11.69,36010.0,611.0,80.09,1.36,1.03,7673.0,584.0,17.07,1.3,4.63,27228.0,1124.0,60.56,2.5,2.51,5229.0,841.0,11.63,1.87,9.78,66.0,135.0,0.15,0.3,124.34,1506.0,436.0,3.35,0.97,17.6,11.0,108.0,0.02,0.24,596.85,9493.0,1173.0,21.11,2.61,7.51,1441.0,423.0,3.2,0.94,17.84,18528.0,1102.0,41.21,2.45,3.62,26433.0,1102.0,58.79,2.45,2.53,20274.0,940.0,45.09,2.09,2.82,3835.0,800.0,8.53,1.78,12.68,32.0,130.0,0.07,0.29,246.96,1496.0,436.0,3.33,0.97,17.72,11.0,108.0,0.02,0.24,596.85,487.0,355.0,1.08,0.79,44.31,309.0,130.0,0.69,0.29,25.58
10466,10466,10466,23625.0,,100,,,9213.0,480.0,39.0,2.03,3.17,19866.0,980.0,27.96,1.38,3.0,1035.0,207.0,5.21,1.04,12.16,925.0,217.0,4.66,1.09,14.26,7444.0,463.0,37.47,2.33,3.78,4530.0,425.0,22.8,2.14,5.7,5930.0,471.0,29.85,2.37,4.83,46449.0,1201.0,65.39,1.69,1.57,4405.0,483.0,9.48,1.04,6.67,5183.0,492.0,11.16,1.06,5.77,14347.0,720.0,30.89,1.55,3.05,10109.0,632.0,21.76,1.36,3.8,54588.0,1570.0,76.84,2.21,1.75,1786.0,306.0,3.27,0.56,10.42,70219.0,448.0,98.85,0.63,0.39,9431.0,681.0,13.43,0.97,4.39,16410.0,902.0,23.1,1.27,3.34,1007.0,228.0,6.14,1.39,13.76,45250.0,831.0,63.7,1.17,1.12,5157.0,534.0,11.4,1.18,6.29,8552.0,440.0,12.04,0.62,3.13,3258.0,290.0,38.1,3.39,5.41,70268.0,1975.0,98.91,2.78,1.71,63547.0,878.0,90.44,1.25,0.84,6155.0,850.0,8.76,1.21,8.4,564.0,197.0,0.8,0.28,21.23,71039.0,,100,,,42434.0,1122.0,59.73,1.58,1.61,38393.0,1115.0,54.04,1.57,1.77,4041.0,590.0,5.69,0.83,8.88,28605.0,1087.0,40.27,1.53,2.31,17707.0,672.0,61.9,2.35,2.31,10898.0,672.0,38.1,2.35,3.75,973.0,280.0,3.4,0.98,17.49,562.0,243.0,1.96,0.85,26.28,2547.0,535.0,8.9,1.87,12.77,20.0,126.0,0.07,0.44,382.98,24453.0,618.0,85.48,2.16,1.54,48.0,129.0,0.17,0.45,163.37,66600.0,1939.0,93.75,2.73,1.77,47933.0,1179.0,71.97,1.77,1.5,6189.0,633.0,9.29,0.95,6.22,12731.0,1032.0,19.12,1.55,4.93,56432.0,1520.0,79.44,2.14,1.64,35450.0,751.0,62.82,1.33,1.29,31356.0,779.0,55.56,1.38,1.51,4088.0,423.0,7.24,0.75,6.29,0.0,,0.0,,,20982.0,751.0,37.18,1.33,2.18,,,11.53,1.17,6.29,30366.0,824.0,42.75,1.16,1.65,10644.0,580.0,35.05,1.91,3.31,1561.0,288.0,5.14,0.95,11.22,15519.0,638.0,51.11,2.1,2.5,1451.0,316.0,4.78,1.04,13.24,698.0,176.0,2.3,0.58,15.33,31367.0,781.0,44.15,1.1,1.51,61.0,132.0,0.19,0.42,131.55,1235.0,235.0,3.94,0.75,11.57,1185.0,267.0,3.78,0.85,13.7,299.0,141.0,0.95,0.45,28.67,3454.0,449.0,11.01,1.43,7.9,2143.0,314.0,6.83,1.0,8.91,583.0,179.0,1.86,0.57,18.66,1863.0,301.0,5.94,0.96,9.82,2554.0,329.0,8.14,1.05,7.83,12592.0,596.0,40.14,1.9,2.88,2129.0,348.0,6.79,1.11,9.94,1999.0,304.0,6.37,0.97,9.24,1272.0,245.0,4.06,0.78,11.71,2907.0,335.0,12.3,1.42,7.01,1679.0,258.0,7.11,1.09,9.34,2352.0,291.0,9.96,1.23,7.52,2404.0,333.0,10.18,1.41,8.42,3262.0,371.0,13.81,1.57,6.91,3984.0,392.0,16.86,1.66,5.98,2620.0,307.0,11.09,1.3,7.12,2816.0,302.0,11.92,1.28,6.52,1041.0,177.0,4.41,0.75,10.34,551.0,151.0,2.33,0.64,16.66,18450.0,397.0,78.1,1.68,1.31,6741.0,416.0,28.53,1.76,3.75,3317.0,293.0,14.04,1.24,5.37,2305.0,307.0,9.76,1.3,8.1,1625.0,274.0,6.88,1.16,10.25,6380.0,432.0,27.01,1.83,4.12,62292.0,772.0,88.71,1.1,0.75,38447.0,1383.0,54.75,1.97,2.19,30741.0,1285.0,43.78,1.83,2.54,7927.0,772.0,11.29,1.1,5.92,32367.0,746.0,45.56,1.05,1.4,38672.0,746.0,54.44,1.05,1.17,4439.0,448.0,6.25,0.63,6.14,4174.0,440.0,5.88,0.62,6.41,4806.0,440.0,6.77,0.62,5.57,5129.0,497.0,7.22,0.7,5.89,6055.0,575.0,8.52,0.81,5.77,9496.0,696.0,13.37,0.98,4.46,8937.0,590.0,12.58,0.83,4.01,10407.0,654.0,14.65,0.92,3.82,4780.0,448.0,6.73,0.63,5.7,3843.0,412.0,5.41,0.58,6.52,5288.0,448.0,7.44,0.63,5.15,2711.0,341.0,3.82,0.48,7.65,981.0,192.0,1.38,0.27,11.9,54588.0,760.0,76.84,1.07,0.85,8969.0,568.0,12.63,0.8,3.85,6949.0,860.0,9.78,1.21,7.52,50665.0,1250.0,71.32,1.76,1.5,522.0,320.0,0.73,0.45,37.27,1865.0,533.0,2.63,0.75,17.37,92.0,135.0,0.13,0.19,89.2,9171.0,1151.0,12.91,1.62,7.63,1781.0,440.0,2.51,0.62,15.02,16372.0,1201.0,23.05,1.69,4.46,54667.0,1201.0,76.95,1.69,1.34,2697.0,490.0,3.8,0.69,11.04,48333.0,1250.0,68.04,1.76,1.57,43.0,128.0,0.06,0.18,180.96,1852.0,533.0,2.61,0.75,17.5,71.0,135.0,0.1,0.19,115.59,635.0,263.0,0.89,0.37,25.18,1049.0,348.0,1.48,0.49,20.17
10467,10467,10467,50636.0,,100,,,19866.0,1104.0,39.23,2.18,3.38,28319.0,1207.0,27.46,1.17,2.59,1967.0,351.0,6.95,1.24,10.85,1580.0,295.0,5.58,1.04,11.35,11043.0,595.0,38.99,2.1,3.28,5696.0,484.0,20.11,1.71,5.17,8033.0,581.0,28.37,2.05,4.4,65979.0,1372.0,63.97,1.33,1.26,9257.0,825.0,14.03,1.25,5.42,9328.0,812.0,14.14,1.23,5.29,19080.0,1069.0,28.92,1.62,3.41,12499.0,825.0,18.94,1.25,4.01,76697.0,1795.0,74.37,1.74,1.42,1863.0,299.0,2.43,0.39,9.76,101960.0,278.0,98.86,0.27,0.17,15644.0,969.0,15.34,0.95,3.77,26419.0,1217.0,25.62,1.18,2.8,1848.0,407.0,7.0,1.54,13.39,64953.0,1083.0,62.98,1.05,1.01,8675.0,721.0,13.36,1.11,5.05,10593.0,578.0,10.27,0.56,3.32,5133.0,376.0,48.46,3.55,4.45,101566.0,2393.0,98.48,2.32,1.43,89528.0,1310.0,88.15,1.29,0.89,10492.0,1239.0,10.33,1.22,7.18,1572.0,498.0,1.55,0.49,19.26,103135.0,,100,,,62284.0,1588.0,60.39,1.54,1.55,54720.0,1547.0,53.06,1.5,1.72,7562.0,825.0,7.33,0.8,6.63,40851.0,1733.0,39.61,1.68,2.58,19184.0,1042.0,46.96,2.55,3.3,21666.0,1042.0,53.04,2.55,2.92,2808.0,625.0,6.87,1.53,13.53,5498.0,715.0,13.46,1.75,7.91,3203.0,617.0,7.84,1.51,11.71,17.0,135.0,0.04,0.33,482.75,29179.0,1005.0,71.43,2.46,2.09,147.0,200.0,0.36,0.49,82.71,94360.0,2290.0,91.49,2.22,1.48,39404.0,1538.0,41.76,1.63,2.37,26212.0,1434.0,27.78,1.52,3.33,41043.0,1566.0,43.5,1.66,2.32,79344.0,1970.0,76.93,1.91,1.51,49176.0,1055.0,61.98,1.33,1.3,41465.0,1055.0,52.26,1.33,1.55,7715.0,746.0,9.72,0.94,5.88,0.0,,0.0,,,30168.0,1055.0,38.02,1.33,2.13,,,15.69,1.48,5.88,40215.0,1073.0,38.99,1.04,1.62,8237.0,611.0,20.48,1.52,4.51,1468.0,322.0,3.65,0.8,13.33,25381.0,784.0,63.11,1.95,1.88,3231.0,426.0,8.03,1.06,8.02,1161.0,273.0,2.89,0.68,14.29,41472.0,1073.0,40.21,1.04,1.57,0.0,,0.0,,,2535.0,452.0,6.11,1.09,10.84,1696.0,373.0,4.09,0.9,13.37,538.0,187.0,1.3,0.45,21.13,5614.0,572.0,13.54,1.38,6.19,2652.0,382.0,6.39,0.92,8.76,795.0,228.0,1.92,0.55,17.43,2731.0,386.0,6.59,0.93,8.59,3290.0,444.0,7.93,1.07,8.2,13140.0,734.0,31.68,1.77,3.4,5070.0,659.0,12.23,1.59,7.9,2294.0,365.0,5.53,0.88,9.67,1108.0,241.0,2.67,0.58,13.22,9062.0,1038.0,17.9,2.05,6.96,4590.0,795.0,9.06,1.57,10.53,6839.0,780.0,13.51,1.54,6.93,5326.0,765.0,10.52,1.51,8.73,7463.0,927.0,14.74,1.83,7.55,7975.0,917.0,15.75,1.81,6.99,4326.0,709.0,8.54,1.4,9.96,3674.0,643.0,7.26,1.27,10.64,982.0,395.0,1.94,0.78,24.45,398.0,278.0,0.79,0.55,42.46,36003.0,1104.0,71.1,2.18,1.86,13043.0,957.0,25.76,1.89,4.46,5692.0,820.0,11.24,1.62,8.76,6240.0,881.0,12.32,1.74,8.58,4457.0,744.0,8.8,1.47,10.15,19026.0,1236.0,37.57,2.44,3.95,88233.0,1091.0,86.54,1.07,0.75,45430.0,1907.0,44.56,1.87,2.55,54859.0,1754.0,53.8,1.72,1.94,13727.0,1091.0,13.46,1.07,4.83,49631.0,1042.0,48.12,1.01,1.28,53504.0,1042.0,51.88,1.01,1.18,8775.0,743.0,8.51,0.72,5.15,7260.0,567.0,7.04,0.55,4.75,6634.0,567.0,6.43,0.55,5.2,6405.0,557.0,6.21,0.54,5.29,8069.0,691.0,7.82,0.67,5.21,17377.0,1052.0,16.85,1.02,3.68,13570.0,825.0,13.16,0.8,3.7,13309.0,825.0,12.9,0.8,3.77,4964.0,495.0,4.81,0.48,6.06,5336.0,547.0,5.17,0.53,6.23,6346.0,536.0,6.15,0.52,5.13,3584.0,413.0,3.48,0.4,7.01,1472.0,309.0,1.43,0.3,12.76,76697.0,1052.0,74.37,1.02,0.83,11420.0,691.0,11.07,0.67,3.68,20485.0,1619.0,19.86,1.57,4.8,36945.0,1660.0,35.82,1.61,2.73,741.0,371.0,0.72,0.36,30.44,6407.0,815.0,6.21,0.79,7.73,6.0,134.0,0.01,0.13,1357.65,34276.0,2073.0,33.23,2.01,3.68,4281.0,712.0,4.15,0.69,10.11,53500.0,1733.0,51.87,1.68,1.97,49635.0,1733.0,48.13,1.68,2.12,8411.0,1062.0,8.16,1.03,7.68,32173.0,1444.0,31.2,1.4,2.73,281.0,289.0,0.27,0.28,62.52,6364.0,815.0,6.17,0.79,7.79,0.0,,0.0,,,1148.0,732.0,1.11,0.71,38.76,1268.0,423.0,1.23,0.41,20.28
10468,10468,10468,25986.0,,100,,,10468.0,502.0,40.28,1.93,2.92,19932.0,967.0,26.39,1.28,2.95,1091.0,241.0,5.47,1.21,13.43,1169.0,261.0,5.86,1.31,13.57,7692.0,488.0,38.59,2.45,3.86,4492.0,458.0,22.54,2.3,6.2,5486.0,478.0,27.52,2.4,5.3,47290.0,1201.0,62.61,1.59,1.54,8042.0,757.0,17.01,1.6,5.72,7430.0,662.0,15.71,1.4,5.42,13371.0,842.0,28.27,1.78,3.83,7962.0,624.0,16.84,1.32,4.76,56171.0,1360.0,74.37,1.8,1.47,1154.0,230.0,2.05,0.41,12.12,74882.0,914.0,99.14,1.21,0.74,8234.0,637.0,11.0,0.85,4.7,19323.0,1057.0,25.58,1.4,3.33,568.0,155.0,2.94,0.8,16.59,49220.0,1125.0,65.17,1.49,1.39,5105.0,497.0,10.37,1.01,5.92,6348.0,476.0,8.4,0.63,4.56,2562.0,269.0,40.36,4.23,6.38,73993.0,2198.0,97.97,2.91,1.81,65129.0,1176.0,88.02,1.59,1.1,7856.0,1154.0,10.62,1.56,8.93,997.0,355.0,1.35,0.48,21.65,75530.0,,100,,,40485.0,1405.0,53.6,1.86,2.11,35241.0,1337.0,46.66,1.77,2.31,5244.0,634.0,6.94,0.84,7.35,35045.0,1443.0,46.4,1.91,2.5,15595.0,918.0,44.5,2.62,3.58,19450.0,918.0,55.5,2.62,2.87,819.0,287.0,2.34,0.82,21.3,2512.0,442.0,7.17,1.26,10.7,2718.0,505.0,7.76,1.44,11.29,0.0,,0.0,,,28960.0,659.0,82.64,1.88,1.38,35.0,112.0,0.1,0.32,194.53,68869.0,2017.0,91.18,2.67,1.78,15112.0,1081.0,21.94,1.57,4.35,25513.0,1260.0,37.05,1.83,3.0,46953.0,1150.0,68.18,1.67,1.49,58019.0,1382.0,76.82,1.83,1.45,38312.0,870.0,66.03,1.5,1.38,33154.0,946.0,57.14,1.63,1.73,5149.0,598.0,8.87,1.03,7.06,12.0,110.0,0.02,0.19,557.24,19707.0,870.0,33.97,1.5,2.68,,,13.44,1.53,7.06,32256.0,989.0,42.71,1.31,1.86,4460.0,435.0,13.83,1.35,5.93,1286.0,287.0,3.99,0.89,13.57,21877.0,664.0,67.82,2.06,1.85,2877.0,429.0,8.92,1.33,9.06,1320.0,310.0,4.09,0.96,14.28,33159.0,997.0,43.9,1.32,1.83,45.0,123.0,0.14,0.37,166.16,1544.0,328.0,4.66,0.99,12.91,1146.0,295.0,3.46,0.89,15.65,770.0,196.0,2.32,0.59,15.47,3971.0,497.0,11.98,1.5,7.61,2408.0,358.0,7.26,1.08,9.04,358.0,159.0,1.08,0.48,27.0,1969.0,328.0,5.94,0.99,10.13,2496.0,355.0,7.53,1.07,8.65,9339.0,607.0,28.16,1.83,3.95,6006.0,587.0,18.11,1.77,5.94,2265.0,375.0,6.83,1.13,10.06,844.0,202.0,2.55,0.61,14.55,3945.0,387.0,15.18,1.49,5.96,2226.0,314.0,8.57,1.21,8.58,4165.0,426.0,16.03,1.64,6.22,2840.0,348.0,10.93,1.34,7.45,3802.0,431.0,14.63,1.66,6.89,4052.0,411.0,15.59,1.58,6.17,2782.0,346.0,10.71,1.33,7.56,1473.0,252.0,5.67,0.97,10.4,425.0,151.0,1.64,0.58,21.6,269.0,125.0,1.04,0.48,28.25,20559.0,421.0,79.12,1.62,1.24,4928.0,398.0,18.96,1.53,4.91,2148.0,296.0,8.27,1.14,8.38,3114.0,356.0,11.98,1.37,6.95,1685.0,278.0,6.48,1.07,10.03,10469.0,561.0,40.29,2.16,3.26,63270.0,1086.0,84.49,1.45,1.04,23981.0,1513.0,32.02,2.02,3.84,42598.0,1535.0,56.89,2.05,2.19,11613.0,1086.0,15.51,1.45,5.68,35859.0,899.0,47.48,1.19,1.52,39671.0,899.0,52.52,1.19,1.38,6661.0,665.0,8.82,0.88,6.07,5055.0,483.0,6.69,0.64,5.81,4616.0,498.0,6.11,0.66,6.56,4826.0,521.0,6.39,0.69,6.56,7067.0,627.0,9.36,0.83,5.39,13157.0,816.0,17.42,1.08,3.77,9688.0,672.0,12.83,0.89,4.22,10019.0,680.0,13.26,0.9,4.13,4418.0,461.0,5.85,0.61,6.34,3158.0,408.0,4.18,0.54,7.85,3960.0,408.0,5.24,0.54,6.26,2074.0,332.0,2.75,0.44,9.73,795.0,211.0,1.05,0.28,16.13,56183.0,899.0,74.39,1.19,0.97,6858.0,559.0,9.08,0.74,4.96,10595.0,1057.0,14.03,1.4,6.06,15317.0,1141.0,20.28,1.51,4.53,590.0,272.0,0.78,0.36,28.03,2750.0,514.0,3.64,0.68,11.36,0.0,,0.0,,,42756.0,1601.0,56.61,2.12,2.28,3549.0,687.0,4.7,0.91,11.77,55958.0,1148.0,74.09,1.52,1.25,19572.0,1148.0,25.91,1.52,3.57,3060.0,476.0,4.05,0.63,9.46,12631.0,1020.0,16.72,1.35,4.91,219.0,189.0,0.29,0.25,52.46,2703.0,514.0,3.58,0.68,11.56,0.0,,0.0,,,226.0,204.0,0.3,0.27,54.87,714.0,287.0,0.95,0.38,24.44
10469,10469,10469,34592.0,,100,,,14228.0,1166.0,41.13,3.37,4.98,19410.0,929.0,27.37,1.31,2.91,957.0,215.0,4.93,1.11,13.66,813.0,184.0,4.19,0.95,13.76,7046.0,448.0,36.3,2.31,3.87,4400.0,384.0,22.67,1.98,5.31,6191.0,450.0,31.9,2.32,4.42,47759.0,1156.0,67.34,1.63,1.47,4984.0,511.0,10.44,1.07,6.23,4607.0,463.0,9.65,0.97,6.11,13151.0,769.0,27.54,1.61,3.55,11767.0,750.0,24.64,1.57,3.87,55114.0,1340.0,77.71,1.89,1.48,1379.0,226.0,2.5,0.41,9.96,68827.0,518.0,97.05,0.73,0.46,8056.0,661.0,11.7,0.96,4.99,15786.0,887.0,22.26,1.25,3.42,802.0,238.0,5.08,1.51,18.04,43951.0,1000.0,61.97,1.41,1.38,3969.0,475.0,9.03,1.08,7.28,9094.0,496.0,12.82,0.7,3.32,3289.0,280.0,36.17,3.08,5.18,70273.0,2269.0,99.09,3.2,1.96,64149.0,815.0,91.28,1.16,0.77,5363.0,773.0,7.63,1.1,8.76,770.0,337.0,1.1,0.48,26.61,70921.0,,100,,,43133.0,1170.0,60.82,1.65,1.65,38653.0,1184.0,54.5,1.67,1.86,4480.0,553.0,6.32,0.78,7.5,27789.0,1163.0,39.18,1.64,2.54,17465.0,750.0,62.85,2.7,2.61,10323.0,750.0,37.15,2.7,4.42,2578.0,397.0,9.28,1.43,9.36,2643.0,575.0,9.51,2.07,13.23,3106.0,636.0,11.18,2.29,12.45,0.0,,0.0,,,19430.0,817.0,69.92,2.94,2.56,25.0,125.0,0.09,0.45,303.95,67119.0,1894.0,94.64,2.67,1.72,41556.0,1383.0,61.91,2.06,2.02,8339.0,725.0,12.42,1.08,5.29,14400.0,1161.0,21.45,1.73,4.9,57551.0,1426.0,81.15,2.01,1.51,35751.0,811.0,62.12,1.41,1.38,31496.0,829.0,54.73,1.44,1.6,4238.0,489.0,7.36,0.85,7.01,0.0,,0.0,,,21800.0,811.0,37.88,1.41,2.26,,,11.85,1.34,7.01,30461.0,915.0,42.95,1.29,1.83,11615.0,667.0,38.13,2.19,3.49,2136.0,326.0,7.01,1.07,9.28,13982.0,685.0,45.9,2.25,2.98,1497.0,302.0,4.91,0.99,12.26,785.0,232.0,2.58,0.76,17.97,31504.0,908.0,44.42,1.28,1.75,8.0,129.0,0.03,0.41,980.24,1621.0,306.0,5.15,0.97,11.48,883.0,202.0,2.8,0.64,13.91,483.0,158.0,1.53,0.5,19.89,3369.0,359.0,10.69,1.14,6.48,2426.0,384.0,7.7,1.22,9.62,642.0,170.0,2.04,0.54,16.1,1801.0,277.0,5.72,0.88,9.35,2686.0,365.0,8.53,1.16,8.26,12014.0,633.0,38.14,2.01,3.2,2392.0,350.0,7.59,1.11,8.89,1812.0,350.0,5.75,1.11,11.74,1366.0,252.0,4.34,0.8,11.21,4432.0,1052.0,12.81,3.04,14.43,1726.0,564.0,4.99,1.63,19.86,3886.0,851.0,11.23,2.46,13.31,3923.0,809.0,11.34,2.34,12.54,4966.0,854.0,14.36,2.47,10.45,5219.0,764.0,15.09,2.21,8.9,3871.0,668.0,11.19,1.93,10.49,4100.0,758.0,11.85,2.19,11.24,1453.0,384.0,4.2,1.11,16.07,1017.0,322.0,2.94,0.93,19.25,25622.0,1034.0,74.07,2.99,2.45,9881.0,989.0,28.56,2.86,6.08,4685.0,643.0,13.54,1.86,8.34,2923.0,733.0,8.45,2.12,15.24,2064.0,654.0,5.97,1.89,19.26,9343.0,1121.0,27.01,3.24,7.29,62012.0,709.0,90.1,1.03,0.7,41996.0,1321.0,61.02,1.92,1.91,27844.0,1287.0,40.46,1.87,2.81,6814.0,709.0,9.9,1.03,6.33,32498.0,745.0,45.82,1.05,1.39,38423.0,745.0,54.18,1.05,1.18,3802.0,447.0,5.36,0.63,7.15,4218.0,454.0,5.95,0.64,6.54,4421.0,440.0,6.23,0.62,6.05,5313.0,489.0,7.49,0.69,5.6,5417.0,546.0,7.64,0.77,6.13,9384.0,723.0,13.23,1.02,4.68,9275.0,603.0,13.08,0.85,3.95,10392.0,624.0,14.65,0.88,3.65,4046.0,418.0,5.7,0.59,6.28,3976.0,418.0,5.61,0.59,6.39,5451.0,454.0,7.69,0.64,5.06,3605.0,362.0,5.08,0.51,6.1,1632.0,248.0,2.3,0.35,9.24,55114.0,794.0,77.71,1.12,0.88,10687.0,645.0,15.07,0.91,3.67,12772.0,1092.0,18.01,1.54,5.2,39322.0,1348.0,55.44,1.9,2.08,612.0,397.0,0.86,0.56,39.43,3785.0,801.0,5.34,1.13,12.86,126.0,184.0,0.18,0.26,88.77,12281.0,1312.0,17.32,1.85,6.49,2020.0,433.0,2.85,0.61,13.03,19494.0,1269.0,27.49,1.79,3.96,51427.0,1269.0,72.51,1.79,1.5,8131.0,780.0,11.46,1.1,5.83,37740.0,1298.0,53.21,1.83,2.09,283.0,255.0,0.4,0.36,54.78,3727.0,794.0,5.26,1.12,12.95,78.0,177.0,0.11,0.25,137.95,659.0,326.0,0.93,0.46,30.07,797.0,298.0,1.12,0.42,22.73
10470,10470,10470,6550.0,,100,,,1709.0,191.0,26.09,2.92,6.79,3161.0,354.0,21.34,2.39,6.81,278.0,101.0,8.8,3.18,22.09,161.0,82.0,5.09,2.6,30.96,1123.0,140.0,35.53,4.43,7.58,523.0,135.0,16.55,4.28,15.69,1076.0,158.0,34.04,5.0,8.93,10691.0,684.0,72.18,4.62,3.89,860.0,189.0,8.04,1.77,13.36,799.0,169.0,7.47,1.58,12.86,3444.0,322.0,32.22,3.01,5.68,3323.0,311.0,31.08,2.91,5.69,11966.0,747.0,80.79,5.04,3.79,586.0,110.0,4.9,0.92,11.41,14776.0,838.0,99.76,5.66,3.45,1748.0,228.0,11.83,1.54,7.93,2828.0,317.0,19.09,2.14,6.81,107.0,70.0,3.78,2.49,39.77,9591.0,301.0,64.75,2.03,1.91,801.0,172.0,8.35,1.79,13.05,2360.0,185.0,15.93,1.25,4.77,843.0,118.0,35.73,4.99,8.51,14601.0,902.0,98.58,6.09,3.76,13055.0,353.0,89.41,2.42,1.64,1434.0,355.0,9.82,2.43,15.05,111.0,83.0,0.76,0.57,45.46,14812.0,,100,,,9527.0,410.0,64.32,2.77,2.62,9110.0,401.0,61.51,2.71,2.68,421.0,145.0,2.84,0.98,20.94,5284.0,410.0,35.67,2.77,4.72,3401.0,235.0,64.36,4.45,4.2,1884.0,235.0,35.65,4.45,7.58,1559.0,181.0,29.5,3.43,7.06,174.0,86.0,3.29,1.62,30.05,533.0,284.0,10.09,5.37,32.39,0.0,,0.0,,,3019.0,306.0,57.13,5.8,6.16,0.0,,0.0,,,13855.0,843.0,93.54,5.69,3.7,10300.0,533.0,74.34,3.85,3.15,987.0,231.0,7.12,1.67,14.23,2026.0,409.0,14.62,2.95,12.27,12213.0,763.0,82.46,5.15,3.8,7894.0,316.0,64.64,2.59,2.43,7100.0,322.0,58.14,2.64,2.76,791.0,191.0,6.48,1.56,14.68,5.0,62.0,0.04,0.51,753.8,4319.0,316.0,35.36,2.59,4.45,,,10.02,2.39,14.68,6915.0,347.0,46.69,2.34,3.05,2398.0,297.0,34.68,4.3,7.53,463.0,124.0,6.7,1.8,16.28,3326.0,272.0,48.1,3.93,4.97,508.0,154.0,7.35,2.22,18.43,161.0,77.0,2.33,1.12,29.07,7095.0,351.0,47.9,2.37,3.01,43.0,89.0,0.61,1.26,125.82,738.0,182.0,10.4,2.57,14.99,168.0,79.0,2.37,1.11,28.59,129.0,98.0,1.82,1.38,46.18,526.0,129.0,7.41,1.82,14.91,368.0,109.0,5.19,1.54,18.01,140.0,62.0,1.97,0.87,26.92,596.0,150.0,8.4,2.11,15.3,705.0,136.0,9.94,1.91,11.73,2452.0,257.0,34.56,3.62,6.37,624.0,150.0,8.79,2.11,14.61,361.0,107.0,5.09,1.51,18.02,246.0,79.0,3.47,1.11,19.52,455.0,124.0,6.95,1.89,16.57,506.0,130.0,7.73,1.99,15.62,471.0,113.0,7.19,1.73,14.58,524.0,125.0,8.0,1.91,14.5,812.0,156.0,12.4,2.38,11.68,1079.0,172.0,16.47,2.62,9.69,1052.0,176.0,16.06,2.69,10.17,1163.0,178.0,17.76,2.71,9.3,277.0,107.0,4.23,1.64,23.48,209.0,72.0,3.19,1.1,20.94,4956.0,187.0,75.66,2.85,2.29,2035.0,180.0,31.07,2.75,5.38,1249.0,176.0,19.07,2.69,8.57,279.0,82.0,4.26,1.25,17.87,326.0,113.0,4.98,1.72,21.07,945.0,156.0,14.43,2.38,10.04,13330.0,278.0,90.21,1.88,1.27,9536.0,480.0,64.54,3.25,3.06,5559.0,468.0,37.62,3.17,5.12,1446.0,278.0,9.79,1.88,11.69,7138.0,314.0,48.19,2.12,2.67,7673.0,314.0,51.8,2.12,2.49,957.0,190.0,6.46,1.28,12.07,771.0,166.0,5.21,1.12,13.09,714.0,139.0,4.82,0.94,11.83,592.0,161.0,4.0,1.09,16.53,1096.0,185.0,7.4,1.25,10.26,2431.0,298.0,16.41,2.01,7.45,1884.0,253.0,12.72,1.71,8.16,2130.0,275.0,14.38,1.86,7.85,1058.0,182.0,7.14,1.23,10.46,820.0,194.0,5.54,1.31,14.38,1088.0,190.0,7.35,1.28,10.62,890.0,150.0,6.01,1.01,10.25,391.0,96.0,2.64,0.65,14.93,11971.0,273.0,80.82,1.84,1.39,2368.0,243.0,15.99,1.64,6.24,6931.0,397.0,46.79,2.68,3.48,5520.0,465.0,37.27,3.14,5.12,1.0,68.0,0.01,0.46,4133.74,521.0,163.0,3.52,1.1,19.02,0.0,,0.0,,,1596.0,430.0,10.78,2.9,16.38,253.0,110.0,1.71,0.74,26.43,2776.0,507.0,18.74,3.42,11.1,12036.0,507.0,81.26,3.42,2.56,6024.0,369.0,40.67,2.49,3.72,5320.0,475.0,35.92,3.21,5.43,0.0,,0.0,,,521.0,163.0,3.52,1.1,19.02,0.0,,0.0,,,81.0,118.0,0.55,0.8,88.56,101.0,65.0,0.68,0.44,39.12
10471,10471,10471,10186.0,,100,,,2550.0,229.0,25.03,2.25,5.46,5765.0,489.0,27.36,2.32,5.16,580.0,157.0,10.06,2.72,16.46,154.0,84.0,2.67,1.45,33.16,1464.0,224.0,25.39,3.89,9.3,637.0,165.0,11.05,2.86,15.75,2929.0,224.0,50.81,3.89,4.65,14729.0,611.0,69.9,2.9,2.52,581.0,161.0,3.94,1.09,16.85,626.0,161.0,4.25,1.09,15.63,2187.0,355.0,14.85,2.41,9.87,8445.0,429.0,57.34,2.91,3.09,17223.0,877.0,81.74,4.16,3.1,709.0,169.0,4.12,0.98,14.49,20574.0,137.0,97.64,0.65,0.4,2478.0,304.0,12.04,1.48,7.46,3843.0,362.0,18.24,1.72,5.73,120.0,75.0,3.12,1.96,37.99,12877.0,457.0,61.11,2.17,2.16,986.0,196.0,7.66,1.52,12.08,3853.0,221.0,18.29,1.05,3.49,1373.0,182.0,35.63,4.73,8.06,20765.0,1070.0,98.55,5.08,3.13,18293.0,380.0,88.1,1.83,1.26,2254.0,370.0,10.85,1.78,9.98,216.0,123.0,1.04,0.59,34.62,21072.0,,100,,,16031.0,440.0,76.08,2.09,1.67,15528.0,457.0,73.69,2.17,1.79,504.0,160.0,2.39,0.76,19.3,5040.0,430.0,23.92,2.04,5.19,3345.0,252.0,66.36,4.99,4.58,1695.0,252.0,33.63,4.99,9.04,1850.0,248.0,36.7,4.93,8.15,1136.0,253.0,22.54,5.01,13.54,129.0,85.0,2.56,1.69,40.06,26.0,61.0,0.52,1.22,142.62,1806.0,232.0,35.83,4.61,7.81,93.0,83.0,1.85,1.64,54.25,19563.0,1033.0,92.84,4.9,3.21,12522.0,589.0,64.01,3.01,2.86,2294.0,327.0,11.73,1.67,8.67,3383.0,413.0,17.29,2.11,7.42,17585.0,577.0,83.45,2.74,1.99,10510.0,448.0,59.77,2.55,2.59,9716.0,454.0,55.25,2.58,2.84,795.0,232.0,4.52,1.32,17.74,0.0,,0.0,,,7076.0,448.0,40.24,2.55,3.85,,,7.56,2.18,17.74,9510.0,377.0,45.13,1.79,2.41,3368.0,316.0,35.42,3.32,5.7,632.0,183.0,6.65,1.92,17.6,4176.0,323.0,43.91,3.4,4.7,638.0,173.0,6.71,1.82,16.48,596.0,140.0,6.27,1.47,14.28,9718.0,369.0,46.12,1.75,2.31,23.0,67.0,0.24,0.69,177.08,317.0,110.0,3.26,1.13,21.09,295.0,118.0,3.04,1.21,24.32,108.0,68.0,1.11,0.7,38.28,589.0,180.0,6.06,1.85,18.58,323.0,121.0,3.32,1.24,22.77,365.0,120.0,3.76,1.23,19.99,960.0,161.0,9.88,1.66,10.2,1225.0,200.0,12.61,2.06,9.92,3804.0,322.0,39.14,3.31,5.15,914.0,194.0,9.41,2.0,12.9,435.0,133.0,4.48,1.37,18.59,364.0,106.0,3.75,1.09,17.7,607.0,150.0,5.96,1.47,15.02,338.0,105.0,3.32,1.03,18.88,624.0,141.0,6.13,1.38,13.74,555.0,157.0,5.45,1.54,17.2,1042.0,227.0,10.23,2.23,13.24,1479.0,228.0,14.52,2.24,9.37,1619.0,235.0,15.89,2.31,8.82,1899.0,267.0,18.64,2.62,8.55,948.0,236.0,9.31,2.32,15.13,1066.0,167.0,10.47,1.64,9.52,7615.0,254.0,74.76,2.49,2.03,3388.0,277.0,33.26,2.72,4.97,2148.0,252.0,21.09,2.47,7.13,352.0,104.0,3.46,1.02,17.96,144.0,135.0,1.41,1.33,56.99,658.0,143.0,6.46,1.4,13.21,19612.0,253.0,95.33,1.23,0.78,16042.0,500.0,77.97,2.43,1.89,6015.0,481.0,29.24,2.34,4.86,962.0,253.0,4.68,1.23,15.99,10032.0,367.0,47.61,1.74,2.22,11040.0,367.0,52.39,1.74,2.02,1509.0,261.0,7.16,1.24,10.51,981.0,185.0,4.66,0.88,11.46,879.0,171.0,4.17,0.81,11.83,1579.0,240.0,7.49,1.14,9.24,1398.0,232.0,6.63,1.1,10.09,2804.0,377.0,13.31,1.79,8.17,2599.0,310.0,12.33,1.47,7.25,2448.0,278.0,11.62,1.32,6.9,1169.0,207.0,5.55,0.98,10.76,1454.0,247.0,6.9,1.17,10.33,2029.0,261.0,9.63,1.24,7.82,1381.0,217.0,6.55,1.03,9.55,856.0,164.0,4.06,0.78,11.65,17223.0,329.0,81.74,1.56,1.16,4263.0,335.0,20.23,1.59,4.78,14768.0,622.0,70.09,2.95,2.56,1710.0,367.0,8.12,1.74,13.05,41.0,76.0,0.19,0.36,112.68,1546.0,548.0,7.34,2.6,21.55,0.0,,0.0,,,2337.0,432.0,11.09,2.05,11.24,669.0,188.0,3.17,0.89,17.08,5007.0,554.0,23.76,2.63,6.73,16064.0,554.0,76.24,2.63,2.1,12768.0,626.0,60.59,2.97,2.98,1394.0,331.0,6.62,1.57,14.43,6.0,76.0,0.03,0.36,770.01,1529.0,548.0,7.26,2.6,21.79,0.0,,0.0,,,38.0,72.0,0.18,0.34,115.18,334.0,129.0,1.59,0.61,23.48
10472,10472,10472,34117.0,,100,,,14572.0,1256.0,42.71,3.68,5.24,18675.0,890.0,27.08,1.29,2.9,1108.0,267.0,5.93,1.43,14.65,1148.0,226.0,6.15,1.21,11.97,8507.0,553.0,45.55,2.96,3.95,4246.0,454.0,22.74,2.43,6.5,3668.0,405.0,19.64,2.17,6.71,42376.0,938.0,61.44,1.36,1.35,9019.0,797.0,21.28,1.88,5.37,7671.0,627.0,18.1,1.48,4.97,11136.0,703.0,26.28,1.66,3.84,4533.0,475.0,10.7,1.12,6.37,50032.0,1262.0,72.54,1.83,1.53,1068.0,205.0,2.13,0.41,11.67,68737.0,90.0,99.66,0.13,0.08,9040.0,756.0,13.15,1.1,5.08,18918.0,1028.0,27.43,1.49,3.3,940.0,242.0,4.97,1.28,15.65,42689.0,986.0,61.89,1.43,1.4,5015.0,538.0,11.75,1.26,6.52,7135.0,448.0,10.34,0.65,3.82,3081.0,290.0,43.18,4.06,5.72,67879.0,1731.0,98.42,2.51,1.55,61383.0,971.0,90.43,1.43,0.96,5738.0,903.0,8.45,1.33,9.57,764.0,292.0,1.13,0.43,23.23,68972.0,,100,,,42046.0,1262.0,60.96,1.83,1.82,35537.0,1214.0,51.52,1.76,2.08,6516.0,710.0,9.45,1.03,6.62,26926.0,1352.0,39.04,1.96,3.05,10259.0,784.0,38.1,2.91,4.65,16667.0,784.0,61.9,2.91,2.86,267.0,162.0,0.99,0.6,36.88,2894.0,530.0,10.75,1.97,11.13,1758.0,444.0,6.53,1.65,15.35,0.0,,0.0,,,21928.0,681.0,81.44,2.53,1.89,75.0,135.0,0.28,0.5,109.42,63324.0,1904.0,91.81,2.76,1.83,21651.0,1266.0,34.19,2.0,3.55,20573.0,1165.0,32.49,1.84,3.44,35217.0,1355.0,55.61,2.14,2.34,52110.0,1000.0,75.55,1.45,1.17,30791.0,875.0,59.09,1.68,1.73,26741.0,865.0,51.32,1.66,1.97,4041.0,485.0,7.75,0.93,7.3,9.0,115.0,0.02,0.22,776.76,21320.0,875.0,40.91,1.68,2.49,,,13.12,1.53,7.3,25815.0,966.0,37.43,1.4,2.27,4685.0,503.0,18.15,1.95,6.53,994.0,250.0,3.85,0.97,15.29,17326.0,635.0,67.12,2.46,2.23,1629.0,364.0,6.31,1.41,13.58,654.0,178.0,2.53,0.69,16.55,26726.0,959.0,38.75,1.39,2.18,0.0,,0.0,,,2689.0,449.0,10.06,1.68,10.15,1004.0,238.0,3.76,0.89,14.41,543.0,211.0,2.03,0.79,23.62,4091.0,492.0,15.31,1.84,7.31,1859.0,302.0,6.96,1.13,9.88,383.0,195.0,1.43,0.73,30.95,1502.0,302.0,5.62,1.13,12.22,2191.0,355.0,8.2,1.33,9.85,6371.0,521.0,23.84,1.95,4.97,3701.0,521.0,13.85,1.95,8.56,1993.0,329.0,7.46,1.23,10.04,405.0,126.0,1.52,0.47,18.91,6786.0,1109.0,19.89,3.25,9.93,2825.0,563.0,8.28,1.65,12.12,6049.0,1204.0,17.73,3.53,12.1,4270.0,966.0,12.52,2.83,13.75,4802.0,1000.0,14.08,2.93,12.66,4472.0,856.0,13.11,2.51,11.64,2391.0,682.0,7.01,2.0,17.34,1966.0,590.0,5.76,1.73,18.24,454.0,198.0,1.33,0.58,26.51,107.0,201.0,0.31,0.59,114.19,23701.0,1273.0,69.47,3.73,3.27,8147.0,1170.0,23.88,3.43,8.73,3369.0,706.0,9.87,2.07,12.74,6402.0,1198.0,18.76,3.51,11.38,3483.0,931.0,10.21,2.73,16.25,15387.0,1372.0,45.1,4.02,5.42,57050.0,1038.0,83.0,1.51,1.11,27323.0,1498.0,39.75,2.18,3.33,39583.0,1375.0,57.59,2.0,2.11,11687.0,1038.0,17.0,1.51,5.4,33365.0,828.0,48.37,1.2,1.51,35607.0,828.0,51.63,1.2,1.41,5648.0,559.0,8.19,0.81,6.02,5451.0,503.0,7.9,0.73,5.61,4747.0,497.0,6.88,0.72,6.36,5066.0,538.0,7.35,0.78,6.46,5684.0,593.0,8.24,0.86,6.34,11447.0,821.0,16.6,1.19,4.36,8944.0,641.0,12.97,0.93,4.36,8419.0,607.0,12.21,0.88,4.38,3382.0,400.0,4.9,0.58,7.19,2868.0,379.0,4.16,0.55,8.03,4270.0,448.0,6.19,0.65,6.38,2129.0,324.0,3.09,0.47,9.25,917.0,193.0,1.33,0.28,12.79,50044.0,883.0,72.56,1.28,1.07,7299.0,531.0,10.58,0.77,4.42,12039.0,1290.0,17.45,1.87,6.51,19599.0,1393.0,28.42,2.02,4.32,607.0,262.0,0.88,0.38,26.24,4010.0,683.0,5.81,0.99,10.35,0.0,,0.0,,,29082.0,1752.0,42.16,2.54,3.66,3620.0,738.0,5.25,1.07,12.39,44562.0,1421.0,64.61,2.06,1.94,24410.0,1421.0,35.39,2.06,3.54,1660.0,455.0,2.41,0.66,16.66,16494.0,1235.0,23.91,1.79,4.55,238.0,200.0,0.35,0.29,51.08,3885.0,676.0,5.63,0.98,10.58,0.0,,0.0,,,1043.0,462.0,1.51,0.67,26.93,1079.0,462.0,1.56,0.67,26.03
10473,10473,10473,21886.0,,100,,,8227.0,519.0,37.59,2.37,3.83,17582.0,1216.0,28.49,1.97,4.2,1004.0,237.0,5.71,1.35,14.35,706.0,195.0,4.02,1.11,16.79,6758.0,475.0,38.44,2.7,4.27,4092.0,429.0,23.27,2.44,6.37,5021.0,513.0,28.56,2.92,6.21,39628.0,1216.0,64.22,1.97,1.87,4600.0,499.0,11.61,1.26,6.59,5498.0,559.0,13.87,1.41,6.18,11777.0,729.0,29.72,1.84,3.76,6542.0,567.0,16.51,1.43,5.27,47045.0,1604.0,76.24,2.6,2.07,1850.0,329.0,3.93,0.7,10.81,61443.0,796.0,99.57,1.29,0.79,10384.0,860.0,16.9,1.4,5.03,14660.0,1006.0,23.76,1.63,4.17,979.0,314.0,6.68,2.14,19.5,38794.0,1105.0,62.87,1.79,1.73,5844.0,597.0,15.06,1.54,6.21,7995.0,494.0,12.96,0.8,3.76,3556.0,331.0,44.48,4.14,5.66,61127.0,1277.0,99.06,2.07,1.27,58225.0,642.0,95.25,1.05,0.67,2666.0,630.0,4.36,1.03,14.37,245.0,165.0,0.4,0.27,40.94,61705.0,,100,,,47154.0,1203.0,76.42,1.95,1.55,40447.0,1259.0,65.55,2.04,1.89,6696.0,740.0,10.85,1.2,6.72,14552.0,1222.0,23.58,1.98,5.1,8340.0,662.0,57.31,4.55,4.83,6212.0,662.0,42.69,4.55,6.48,114.0,102.0,0.78,0.7,54.39,605.0,243.0,4.16,1.67,24.42,1983.0,520.0,13.63,3.57,15.94,0.0,,0.0,,,11826.0,559.0,81.27,3.84,2.87,27.0,105.0,0.19,0.72,236.41,58098.0,2215.0,94.15,3.59,2.32,27082.0,1330.0,46.61,2.29,2.99,12149.0,1075.0,20.91,1.85,5.38,28082.0,1342.0,48.34,2.31,2.91,48564.0,1580.0,78.7,2.56,1.98,26200.0,952.0,53.95,1.96,2.21,22952.0,894.0,47.26,1.84,2.37,3244.0,505.0,6.68,1.04,9.46,0.0,,0.0,,,22364.0,952.0,46.05,1.96,2.59,,,12.38,1.87,9.46,22483.0,771.0,36.44,1.25,2.08,8066.0,540.0,35.88,2.4,4.07,1347.0,265.0,5.99,1.18,11.96,11474.0,591.0,51.03,2.63,3.13,1206.0,283.0,5.36,1.26,14.27,220.0,137.0,0.98,0.61,37.86,22962.0,765.0,37.21,1.24,2.03,0.0,,0.0,,,800.0,225.0,3.48,0.98,17.1,459.0,181.0,2.0,0.79,23.97,435.0,163.0,1.89,0.71,22.78,2227.0,372.0,9.7,1.62,10.15,2482.0,404.0,10.81,1.76,9.89,525.0,186.0,2.29,0.81,21.54,1600.0,319.0,6.97,1.39,12.12,2065.0,344.0,8.99,1.5,10.13,8480.0,597.0,36.93,2.6,4.28,1565.0,308.0,6.82,1.34,11.96,1089.0,257.0,4.74,1.12,14.35,1242.0,266.0,5.41,1.16,13.02,3238.0,398.0,14.79,1.82,7.47,2161.0,376.0,9.87,1.72,10.58,2769.0,372.0,12.65,1.7,8.17,2305.0,350.0,10.53,1.6,9.23,2814.0,390.0,12.86,1.78,8.43,3463.0,405.0,15.82,1.85,7.11,1795.0,278.0,8.2,1.27,9.41,2260.0,324.0,10.33,1.48,8.72,692.0,173.0,3.16,0.79,15.2,397.0,123.0,1.81,0.56,18.83,15539.0,484.0,71.0,2.21,1.89,7010.0,453.0,32.03,2.07,3.93,3362.0,368.0,15.36,1.68,6.65,3035.0,392.0,13.87,1.79,7.85,1425.0,282.0,6.51,1.29,12.03,7728.0,525.0,35.31,2.4,4.13,56313.0,682.0,91.65,1.11,0.74,32242.0,1315.0,52.47,2.14,2.48,32686.0,1352.0,53.2,2.2,2.51,5130.0,682.0,8.35,1.11,8.08,27526.0,784.0,44.61,1.27,1.73,34179.0,784.0,55.39,1.27,1.39,3607.0,475.0,5.85,0.77,8.01,3722.0,438.0,6.03,0.71,7.15,4796.0,494.0,7.77,0.8,6.26,4329.0,500.0,7.02,0.81,7.02,5625.0,592.0,9.12,0.96,6.4,8124.0,673.0,13.17,1.09,5.04,7266.0,605.0,11.78,0.98,5.06,8673.0,666.0,14.06,1.08,4.67,3940.0,494.0,6.39,0.8,7.62,3443.0,426.0,5.58,0.69,7.52,4698.0,481.0,7.61,0.78,6.22,2569.0,346.0,4.16,0.56,8.19,937.0,204.0,1.52,0.33,13.24,47045.0,845.0,76.24,1.37,1.09,8182.0,592.0,13.26,0.96,4.4,21998.0,1635.0,35.65,2.65,4.52,24488.0,1549.0,39.69,2.51,3.85,261.0,216.0,0.42,0.35,50.31,1303.0,444.0,2.11,0.72,20.71,0.0,,0.0,,,11687.0,1388.0,18.94,2.25,7.22,1977.0,555.0,3.2,0.9,17.07,37950.0,1481.0,61.5,2.4,2.37,23756.0,1481.0,38.5,2.4,3.79,1488.0,438.0,2.41,0.71,17.89,20203.0,1438.0,32.74,2.33,4.33,26.0,111.0,0.04,0.18,259.53,1168.0,413.0,1.89,0.67,21.5,0.0,,0.0,,,434.0,222.0,0.7,0.36,31.1,437.0,234.0,0.71,0.38,32.55
10474,10474,10474,4042.0,,100,,,1937.0,206.0,47.92,5.1,6.47,3976.0,356.0,31.09,2.78,5.44,246.0,107.0,6.19,2.69,26.44,206.0,89.0,5.18,2.24,26.26,1785.0,193.0,44.9,4.86,6.57,924.0,163.0,23.24,4.09,10.72,814.0,185.0,20.47,4.66,13.82,7464.0,113.0,58.36,0.88,0.92,1549.0,274.0,20.75,3.67,10.75,1316.0,210.0,17.63,2.82,9.7,1824.0,236.0,24.44,3.16,7.87,805.0,197.0,10.78,2.64,14.88,8991.0,848.0,70.3,6.63,5.73,131.0,59.0,1.46,0.66,27.38,12011.0,318.0,93.91,2.49,1.61,1158.0,204.0,9.64,1.7,10.71,3746.0,411.0,29.29,3.21,6.67,124.0,64.0,3.31,1.7,31.38,7410.0,249.0,57.94,1.95,2.04,764.0,166.0,10.31,2.24,13.21,855.0,147.0,6.68,1.15,10.45,274.0,78.0,32.04,9.12,17.31,12588.0,973.0,98.42,7.61,4.7,10676.0,419.0,84.81,3.33,2.39,1787.0,409.0,14.2,3.25,13.91,124.0,118.0,0.99,0.94,57.85,12790.0,,100,,,8099.0,544.0,63.32,4.25,4.08,6824.0,413.0,53.35,3.23,3.68,1279.0,370.0,10.0,2.89,17.59,4691.0,521.0,36.68,4.07,6.75,1215.0,241.0,25.9,5.14,12.06,3476.0,241.0,74.1,5.14,4.21,3.0,41.0,0.06,0.88,830.8,74.0,86.0,1.58,1.83,70.65,1156.0,339.0,24.64,7.22,17.83,0.0,,0.0,,,3459.0,344.0,73.74,7.33,6.05,0.0,,0.0,,,11824.0,1137.0,92.45,8.89,5.85,3618.0,469.0,30.6,3.97,7.88,4191.0,514.0,35.45,4.35,7.46,7100.0,521.0,60.05,4.41,4.46,9360.0,911.0,73.18,7.12,5.92,4668.0,322.0,49.87,3.44,4.19,4165.0,314.0,44.5,3.35,4.58,503.0,128.0,5.37,1.37,15.47,0.0,,0.0,,,4692.0,322.0,50.13,3.44,4.17,,,10.78,2.64,15.47,4108.0,280.0,32.12,2.19,4.14,778.0,168.0,18.94,4.09,13.13,144.0,79.0,3.51,1.92,33.35,2369.0,203.0,57.66,4.94,5.21,604.0,154.0,14.7,3.76,15.5,183.0,106.0,4.45,2.59,35.21,4163.0,288.0,32.55,2.25,4.21,0.0,,0.0,,,311.0,127.0,7.47,3.06,24.82,278.0,128.0,6.68,3.07,27.99,79.0,51.0,1.9,1.22,39.24,469.0,127.0,11.27,3.04,16.46,297.0,101.0,7.13,2.43,20.67,81.0,62.0,1.95,1.48,46.53,356.0,116.0,8.55,2.78,19.81,486.0,163.0,11.67,3.92,20.39,1151.0,203.0,27.65,4.87,10.72,348.0,107.0,8.36,2.57,18.69,257.0,119.0,6.17,2.87,28.15,40.0,43.0,0.96,1.04,65.35,840.0,174.0,20.78,4.3,12.59,532.0,145.0,13.16,3.58,16.57,545.0,134.0,13.48,3.31,14.95,538.0,152.0,13.31,3.76,17.17,622.0,152.0,15.39,3.77,14.86,517.0,148.0,12.79,3.65,17.4,219.0,97.0,5.42,2.4,26.93,178.0,84.0,4.4,2.07,28.69,20.0,38.0,0.49,0.93,115.5,32.0,44.0,0.79,1.1,83.59,2824.0,180.0,69.87,4.45,3.87,825.0,138.0,20.41,3.41,10.17,223.0,81.0,5.52,2.01,22.08,646.0,140.0,15.98,3.47,13.17,311.0,110.0,7.69,2.71,21.5,1821.0,216.0,45.05,5.34,7.21,9970.0,345.0,83.01,2.87,2.1,3187.0,524.0,26.53,4.36,10.0,7407.0,539.0,61.67,4.49,4.42,2041.0,345.0,16.99,2.87,10.28,6762.0,389.0,52.87,3.04,3.5,6027.0,389.0,47.12,3.04,3.92,966.0,188.0,7.55,1.47,11.83,1092.0,179.0,8.54,1.4,9.96,1023.0,188.0,8.0,1.47,11.17,1073.0,197.0,8.39,1.54,11.16,1177.0,235.0,9.2,1.84,12.14,2385.0,313.0,18.65,2.45,7.98,1637.0,263.0,12.8,2.06,9.77,1834.0,230.0,14.34,1.8,7.62,390.0,101.0,3.05,0.79,15.74,359.0,125.0,2.81,0.98,21.17,572.0,129.0,4.47,1.01,13.71,173.0,75.0,1.35,0.59,26.35,104.0,61.0,0.81,0.48,35.66,8991.0,334.0,70.3,2.61,2.26,855.0,148.0,6.68,1.16,10.52,1571.0,418.0,12.28,3.27,16.17,4222.0,567.0,33.01,4.43,8.16,44.0,51.0,0.34,0.4,70.46,51.0,81.0,0.4,0.63,96.55,42.0,95.0,0.33,0.74,137.5,6434.0,645.0,50.31,5.04,6.09,421.0,187.0,3.29,1.46,27.0,8893.0,538.0,69.53,4.21,3.68,3896.0,538.0,30.46,4.21,8.39,138.0,78.0,1.08,0.61,34.36,3667.0,542.0,28.67,4.24,8.99,13.0,45.0,0.1,0.35,210.43,51.0,87.0,0.4,0.68,103.7,0.0,,0.0,,,0.0,,0.0,,,26.0,52.0,0.2,0.41,121.58
10475,10475,10475,17493.0,,100,,,4209.0,577.0,24.06,3.3,8.33,10678.0,1144.0,23.72,2.54,6.51,317.0,238.0,2.97,2.23,45.64,595.0,250.0,5.57,2.34,25.54,3526.0,580.0,33.02,5.43,10.0,2003.0,506.0,18.76,4.74,15.36,4239.0,577.0,39.7,5.4,8.27,32681.0,2337.0,72.59,5.19,4.35,2453.0,729.0,7.51,2.23,18.07,2255.0,536.0,6.9,1.64,14.45,9210.0,964.0,28.18,2.95,6.36,8422.0,980.0,25.77,3.0,7.07,37396.0,2710.0,83.06,6.02,4.41,2099.0,486.0,5.61,1.3,14.08,43565.0,549.0,96.77,1.22,0.77,7526.0,1120.0,17.28,2.57,9.05,7595.0,1013.0,16.87,2.25,8.11,416.0,336.0,5.48,4.42,49.1,26908.0,959.0,59.77,2.13,2.17,3081.0,759.0,11.45,2.82,14.98,9063.0,707.0,20.13,1.57,4.74,4047.0,569.0,44.66,6.28,8.55,44716.0,2782.0,99.32,6.18,3.78,41131.0,1717.0,91.98,3.84,2.54,3384.0,1717.0,7.57,3.84,30.84,235.0,268.0,0.53,0.6,69.33,45021.0,,100,,,33566.0,1697.0,74.56,3.77,3.07,29947.0,1634.0,66.52,3.63,3.32,3608.0,999.0,8.01,2.22,16.83,11455.0,1760.0,25.44,3.91,9.34,7995.0,675.0,69.79,5.89,5.13,3460.0,675.0,30.2,5.89,11.86,603.0,254.0,5.26,2.22,25.61,358.0,194.0,3.13,1.69,32.94,2314.0,940.0,20.2,8.21,24.69,7.0,38.0,0.06,0.33,330.0,8166.0,932.0,71.29,8.14,6.94,7.0,41.0,0.06,0.36,356.06,43129.0,2602.0,95.8,5.78,3.67,29113.0,1553.0,67.5,3.6,3.24,5175.0,1143.0,12.0,2.65,13.43,10298.0,1484.0,23.88,3.44,8.76,38345.0,2827.0,85.17,6.28,4.48,21736.0,1177.0,56.69,3.07,3.29,19524.0,1258.0,50.92,3.28,3.92,2220.0,610.0,5.79,1.59,16.7,0.0,,0.0,,,16608.0,1177.0,43.31,3.07,4.31,,,10.21,2.75,16.7,19069.0,990.0,42.36,2.2,3.16,6291.0,828.0,32.99,4.34,8.0,646.0,391.0,3.39,2.05,36.79,10832.0,959.0,56.8,5.03,5.38,906.0,307.0,4.75,1.61,20.6,221.0,193.0,1.16,1.01,53.09,19534.0,999.0,43.39,2.22,3.11,0.0,,0.0,,,641.0,299.0,3.28,1.53,28.36,373.0,359.0,1.91,1.84,58.51,225.0,145.0,1.15,0.74,39.18,1463.0,498.0,7.49,2.55,20.69,1630.0,576.0,8.34,2.95,21.48,547.0,289.0,2.8,1.48,32.12,2024.0,627.0,10.36,3.21,18.83,1857.0,576.0,9.51,2.95,18.86,7452.0,885.0,38.15,4.53,7.22,1092.0,492.0,5.59,2.52,27.39,525.0,395.0,2.69,2.02,45.74,1675.0,525.0,8.57,2.69,19.05,1118.0,357.0,6.39,2.04,19.41,1205.0,418.0,6.89,2.39,21.09,1522.0,366.0,8.7,2.09,14.62,2287.0,509.0,13.07,2.91,13.53,3207.0,687.0,18.33,3.93,13.02,3246.0,675.0,18.56,3.86,12.64,1960.0,511.0,11.2,2.92,15.85,2008.0,523.0,11.48,2.99,15.83,697.0,341.0,3.98,1.95,29.74,258.0,159.0,1.47,0.91,37.46,12234.0,619.0,69.94,3.54,3.08,6691.0,645.0,38.25,3.69,5.86,4543.0,663.0,25.97,3.79,8.87,1083.0,357.0,6.19,2.04,20.04,312.0,184.0,1.78,1.05,35.85,2267.0,493.0,12.96,2.82,13.22,41129.0,845.0,94.41,1.94,1.25,30197.0,1507.0,69.31,3.46,3.03,17858.0,1520.0,40.99,3.49,5.17,2435.0,845.0,5.59,1.94,21.1,19404.0,986.0,43.1,2.19,3.09,25617.0,986.0,56.9,2.19,2.34,1891.0,617.0,4.2,1.37,19.83,2333.0,608.0,5.18,1.35,15.84,2010.0,486.0,4.46,1.08,14.7,2461.0,581.0,5.47,1.29,14.35,3644.0,693.0,8.09,1.54,11.56,3977.0,833.0,8.83,1.85,12.73,5511.0,788.0,12.24,1.75,8.69,6629.0,864.0,14.72,1.92,7.92,3214.0,630.0,7.14,1.4,11.92,3248.0,689.0,7.21,1.53,12.9,5147.0,788.0,11.43,1.75,9.31,3439.0,608.0,7.64,1.35,10.75,1511.0,405.0,3.36,0.9,16.29,37396.0,864.0,83.06,1.92,1.4,10096.0,972.0,22.43,2.16,5.85,6799.0,1697.0,15.1,3.77,15.17,28544.0,1900.0,63.4,4.22,4.05,132.0,131.0,0.29,0.29,60.33,521.0,158.0,1.16,0.35,18.44,0.0,,0.0,,,7059.0,1742.0,15.68,3.87,15.0,1966.0,1130.0,4.37,2.51,34.94,12710.0,1679.0,28.23,3.73,8.03,32311.0,1679.0,71.77,3.73,3.16,3527.0,887.0,7.83,1.97,15.29,26934.0,1909.0,59.83,4.24,4.31,61.0,95.0,0.14,0.21,94.67,520.0,158.0,1.16,0.35,18.47,0.0,,0.0,,,728.0,707.0,1.62,1.57,59.04,540.0,419.0,1.2,0.93,47.17
11004,11004,"11001, 11004, 11005, 11040",9120.0,,100,,,1728.0,228.0,18.95,2.5,8.02,3749.0,417.0,16.99,1.89,6.76,190.0,105.0,5.07,2.81,33.59,132.0,87.0,3.52,2.31,40.07,1215.0,201.0,32.41,5.37,10.06,680.0,166.0,18.14,4.44,14.84,1531.0,237.0,40.83,6.33,9.41,17181.0,649.0,77.85,2.94,2.3,859.0,194.0,5.0,1.13,13.73,786.0,182.0,4.57,1.06,14.08,4662.0,442.0,27.13,2.57,5.76,7075.0,509.0,41.18,2.96,4.37,18940.0,576.0,85.82,2.61,1.85,877.0,167.0,4.63,0.88,11.58,21274.0,150.0,96.39,0.68,0.43,2991.0,325.0,14.06,1.53,6.61,3009.0,428.0,13.63,1.94,8.65,15.0,42.0,0.5,1.39,170.21,13269.0,463.0,60.12,2.1,2.12,1121.0,204.0,8.45,1.54,11.06,5009.0,527.0,22.7,2.39,6.4,1858.0,220.0,37.09,4.39,7.2,21845.0,1209.0,98.98,5.48,3.36,19987.0,465.0,91.49,2.13,1.41,1697.0,452.0,7.77,2.07,16.19,165.0,162.0,0.76,0.74,59.68,22070.0,,100,,,14139.0,587.0,64.07,2.66,2.52,13816.0,598.0,62.6,2.71,2.63,328.0,135.0,1.49,0.61,25.02,7930.0,594.0,35.93,2.69,4.55,6263.0,328.0,78.97,4.14,3.18,1667.0,328.0,21.02,4.14,11.96,898.0,252.0,11.32,3.18,17.06,5860.0,356.0,73.89,4.49,3.69,188.0,113.0,2.37,1.42,36.54,0.0,,0.0,,,947.0,252.0,11.94,3.18,16.18,39.0,68.0,0.49,0.86,105.99,20936.0,918.0,94.86,4.16,2.67,11951.0,634.0,57.08,3.03,3.22,3464.0,446.0,16.55,2.13,7.83,870.0,293.0,4.16,1.4,20.47,19217.0,830.0,87.07,3.76,2.63,11013.0,448.0,57.31,2.33,2.47,10359.0,429.0,53.91,2.23,2.52,654.0,198.0,3.4,1.03,18.4,0.0,,0.0,,,8204.0,448.0,42.69,2.33,3.32,,,5.94,1.78,18.4,10040.0,468.0,45.49,2.12,2.83,6316.0,405.0,62.91,4.03,3.9,874.0,233.0,8.71,2.32,16.21,2185.0,325.0,21.76,3.24,9.04,272.0,110.0,2.71,1.1,24.58,329.0,116.0,3.28,1.16,21.43,10361.0,466.0,46.95,2.11,2.73,10.0,59.0,0.1,0.57,358.66,371.0,147.0,3.58,1.42,24.09,244.0,92.0,2.36,0.89,22.92,346.0,140.0,3.34,1.35,24.6,1111.0,281.0,10.72,2.71,15.38,984.0,198.0,9.5,1.91,12.23,211.0,107.0,2.04,1.03,30.83,1094.0,247.0,10.56,2.38,13.73,1375.0,306.0,13.27,2.95,13.53,3099.0,358.0,29.91,3.46,7.02,464.0,140.0,4.48,1.35,18.34,541.0,179.0,5.22,1.73,20.11,503.0,159.0,4.85,1.53,19.22,298.0,104.0,3.27,1.14,21.22,198.0,92.0,2.17,1.01,28.25,613.0,143.0,6.72,1.57,14.18,617.0,179.0,6.77,1.96,17.64,892.0,200.0,9.78,2.19,13.63,1494.0,261.0,16.38,2.86,10.62,1434.0,257.0,15.72,2.82,10.89,1907.0,245.0,20.91,2.69,7.81,975.0,207.0,10.69,2.27,12.91,697.0,191.0,7.64,2.09,16.66,6299.0,261.0,69.07,2.86,2.52,4179.0,260.0,45.82,2.85,3.78,2351.0,262.0,25.78,2.87,6.77,217.0,89.0,2.38,0.98,24.93,66.0,51.0,0.72,0.56,46.97,301.0,108.0,3.3,1.18,21.81,20138.0,283.0,94.66,1.33,0.85,16448.0,585.0,77.31,2.75,2.16,7107.0,538.0,33.41,2.53,4.6,1137.0,283.0,5.34,1.33,15.13,9938.0,377.0,45.03,1.71,2.31,12132.0,377.0,54.97,1.71,1.89,1133.0,313.0,5.13,1.42,16.79,894.0,263.0,4.05,1.19,17.88,674.0,179.0,3.05,0.81,16.14,674.0,177.0,3.05,0.8,15.96,1517.0,274.0,6.87,1.24,10.98,2922.0,384.0,13.24,1.74,7.99,2064.0,351.0,9.35,1.59,10.34,3097.0,424.0,14.03,1.92,8.32,1874.0,305.0,8.49,1.38,9.89,1704.0,269.0,7.72,1.22,9.6,2298.0,300.0,10.41,1.36,7.94,1760.0,265.0,7.97,1.2,9.15,1452.0,238.0,6.58,1.08,9.96,18940.0,415.0,85.82,1.88,1.33,5515.0,377.0,24.99,1.71,4.16,11355.0,790.0,51.45,3.58,4.23,1029.0,404.0,4.66,1.83,23.87,36.0,82.0,0.16,0.37,138.47,8410.0,702.0,38.11,3.18,5.07,0.0,,0.0,,,489.0,386.0,2.22,1.75,47.99,750.0,327.0,3.4,1.48,26.5,1994.0,614.0,9.04,2.78,18.72,20075.0,614.0,90.96,2.78,1.86,9858.0,728.0,44.67,3.3,4.49,1003.0,404.0,4.54,1.83,24.49,27.0,71.0,0.12,0.32,159.86,8369.0,691.0,37.92,3.13,5.02,0.0,,0.0,,,119.0,108.0,0.54,0.49,55.17,704.0,324.0,3.19,1.47,27.98
11101,11101,11101,22121.0,,100,,,3555.0,383.0,16.07,1.73,6.55,5140.0,573.0,18.83,2.1,6.78,332.0,111.0,6.46,2.16,20.32,213.0,76.0,4.14,1.47,21.69,1826.0,223.0,35.53,4.34,7.42,823.0,177.0,16.01,3.45,13.07,1947.0,255.0,37.88,4.97,7.96,20652.0,912.0,75.65,3.34,2.68,1748.0,287.0,8.46,1.39,9.98,1686.0,273.0,8.16,1.32,9.84,4303.0,415.0,20.84,2.01,5.86,9379.0,394.0,45.41,1.91,2.55,23057.0,1100.0,84.46,4.03,2.9,408.0,104.0,1.77,0.45,15.5,26941.0,142.0,98.69,0.52,0.32,2258.0,350.0,8.38,1.3,9.42,4242.0,489.0,15.54,1.79,7.01,135.0,81.0,3.18,1.92,36.47,20040.0,726.0,73.41,2.66,2.2,1204.0,240.0,6.01,1.2,12.12,2653.0,289.0,9.72,1.06,6.62,917.0,158.0,34.56,5.97,10.47,27070.0,964.0,99.16,3.53,2.16,22977.0,447.0,84.88,1.65,1.18,3714.0,439.0,13.72,1.62,7.19,387.0,108.0,1.43,0.4,16.96,27300.0,,100,,,16709.0,581.0,61.21,2.13,2.11,15749.0,562.0,57.69,2.06,2.17,962.0,213.0,3.52,0.78,13.46,10590.0,576.0,38.79,2.11,3.31,5009.0,317.0,47.3,2.99,3.85,5582.0,317.0,52.71,2.99,3.45,1860.0,256.0,17.56,2.42,8.37,4045.0,342.0,38.2,3.23,5.14,257.0,90.0,2.43,0.85,21.29,114.0,104.0,1.08,0.98,55.46,4249.0,327.0,40.12,3.09,4.68,63.0,66.0,0.59,0.62,63.69,25754.0,1185.0,94.34,4.34,2.8,12598.0,664.0,48.92,2.58,3.2,6284.0,518.0,24.4,2.01,5.01,6091.0,598.0,23.65,2.32,5.97,23350.0,1108.0,85.53,4.06,2.88,16204.0,474.0,69.4,2.03,1.78,14757.0,448.0,63.2,1.92,1.85,1447.0,308.0,6.2,1.32,12.94,0.0,,0.0,,,7146.0,474.0,30.6,2.03,4.03,,,8.93,1.88,12.94,14399.0,423.0,52.74,1.55,1.79,1678.0,226.0,11.65,1.57,8.19,341.0,117.0,2.37,0.81,20.86,10661.0,324.0,74.04,2.25,1.85,1041.0,202.0,7.23,1.4,11.8,355.0,95.0,2.47,0.66,16.27,14764.0,412.0,54.08,1.51,1.7,16.0,78.0,0.11,0.53,296.35,468.0,120.0,3.17,0.81,15.59,411.0,106.0,2.78,0.72,15.68,309.0,100.0,2.09,0.68,19.67,1471.0,224.0,9.96,1.52,9.26,756.0,149.0,5.12,1.01,11.98,724.0,154.0,4.9,1.04,12.93,1670.0,219.0,11.31,1.48,7.97,2778.0,316.0,18.82,2.14,6.91,2800.0,306.0,18.97,2.07,6.64,2031.0,241.0,13.76,1.63,7.21,913.0,195.0,6.18,1.32,12.98,403.0,120.0,2.73,0.81,18.1,1808.0,325.0,8.17,1.47,10.93,1425.0,296.0,6.44,1.34,12.63,1751.0,312.0,7.92,1.41,10.83,1402.0,279.0,6.34,1.26,12.1,1792.0,358.0,8.1,1.62,12.14,3056.0,513.0,13.81,2.32,10.2,1873.0,301.0,8.47,1.36,9.77,3774.0,509.0,17.06,2.3,8.2,2299.0,400.0,10.39,1.81,10.58,2944.0,445.0,13.31,2.01,9.19,18594.0,434.0,84.06,1.96,1.42,3282.0,409.0,14.84,1.85,7.58,1508.0,294.0,6.82,1.33,11.85,1269.0,281.0,5.74,1.27,13.46,713.0,279.0,3.22,1.26,23.79,2780.0,316.0,12.57,1.43,6.91,23878.0,369.0,88.63,1.37,0.94,15396.0,555.0,57.15,2.06,2.19,10167.0,517.0,37.74,1.92,3.09,3064.0,369.0,11.37,1.37,7.32,13789.0,450.0,50.51,1.65,1.98,13510.0,450.0,49.49,1.65,2.02,1545.0,224.0,5.66,0.82,8.81,1153.0,243.0,4.22,0.89,12.81,1036.0,202.0,3.79,0.74,11.85,1120.0,243.0,4.1,0.89,13.19,1800.0,295.0,6.59,1.08,9.96,6774.0,470.0,24.81,1.72,4.22,4749.0,369.0,17.4,1.35,4.72,3766.0,412.0,13.8,1.51,6.65,1148.0,229.0,4.21,0.84,12.13,1557.0,295.0,5.7,1.08,11.52,1440.0,232.0,5.27,0.85,9.79,927.0,194.0,3.4,0.71,12.72,287.0,109.0,1.05,0.4,23.09,23057.0,423.0,84.46,1.55,1.12,2658.0,325.0,9.74,1.19,7.43,13280.0,661.0,48.65,2.42,3.03,3901.0,587.0,14.29,2.15,9.15,175.0,177.0,0.64,0.65,61.49,5711.0,579.0,20.92,2.12,6.16,36.0,93.0,0.13,0.34,157.04,2959.0,546.0,10.84,2.0,11.22,1238.0,251.0,4.53,0.92,12.33,7593.0,715.0,27.81,2.62,5.72,19707.0,715.0,72.19,2.62,2.21,9531.0,543.0,34.91,1.99,3.46,3435.0,584.0,12.58,2.14,10.34,85.0,128.0,0.31,0.47,91.54,5660.0,579.0,20.73,2.12,6.22,36.0,93.0,0.13,0.34,157.04,241.0,177.0,0.88,0.65,44.65,720.0,183.0,2.64,0.67,15.45
11102,11102,11102,16106.0,,100,,,3156.0,271.0,19.6,1.68,5.22,7190.0,543.0,20.78,1.57,4.59,451.0,119.0,6.27,1.66,16.04,177.0,65.0,2.46,0.91,22.32,2378.0,224.0,33.07,3.11,5.73,1288.0,199.0,17.91,2.77,9.39,2896.0,270.0,40.28,3.76,5.67,25951.0,1173.0,75.02,3.39,2.75,2532.0,314.0,9.76,1.21,7.54,2026.0,296.0,7.81,1.14,8.88,5119.0,405.0,19.73,1.56,4.81,11799.0,535.0,45.47,2.06,2.76,29135.0,1380.0,84.22,3.99,2.88,691.0,149.0,2.37,0.51,13.11,34294.0,197.0,99.14,0.57,0.35,3431.0,374.0,10.0,1.09,6.63,5452.0,536.0,15.76,1.55,5.98,297.0,149.0,5.45,2.74,30.5,25116.0,799.0,72.61,2.31,1.93,1715.0,239.0,6.83,0.95,8.47,3721.0,353.0,10.76,1.02,5.77,1421.0,173.0,38.18,4.66,7.4,34211.0,1225.0,98.9,3.54,2.18,29253.0,520.0,85.51,1.52,1.08,4533.0,506.0,13.25,1.48,6.79,423.0,130.0,1.24,0.38,18.68,34593.0,,100,,,20415.0,650.0,59.02,1.88,1.94,19523.0,657.0,56.44,1.9,2.05,886.0,190.0,2.56,0.55,13.04,14177.0,699.0,40.98,2.02,3.0,7738.0,434.0,54.58,3.06,3.41,6439.0,434.0,45.42,3.06,4.1,3684.0,371.0,25.99,2.62,6.12,3882.0,447.0,27.38,3.15,7.0,666.0,197.0,4.7,1.39,17.98,19.0,82.0,0.13,0.58,262.36,5799.0,493.0,40.9,3.48,5.17,126.0,92.0,0.89,0.65,44.39,32833.0,1526.0,94.91,4.41,2.83,14527.0,801.0,44.24,2.44,3.35,7909.0,558.0,24.09,1.7,4.29,7555.0,821.0,23.01,2.5,6.61,29824.0,1467.0,86.22,4.24,2.99,21105.0,471.0,70.76,1.58,1.36,19550.0,510.0,65.55,1.71,1.59,1555.0,239.0,5.21,0.8,9.34,4.0,89.0,0.01,0.3,1352.58,8719.0,471.0,29.23,1.58,3.28,,,7.37,1.12,9.34,18722.0,702.0,54.12,2.03,2.28,2640.0,290.0,14.1,1.55,6.68,467.0,152.0,2.49,0.81,19.79,13136.0,388.0,70.16,2.07,1.8,1213.0,206.0,6.48,1.1,10.32,775.0,163.0,4.14,0.87,12.79,19550.0,713.0,56.52,2.06,2.22,14.0,86.0,0.07,0.44,373.43,891.0,203.0,4.56,1.04,13.85,687.0,147.0,3.51,0.75,13.01,605.0,172.0,3.09,0.88,17.28,1904.0,272.0,9.74,1.39,8.68,827.0,184.0,4.23,0.94,13.53,992.0,172.0,5.07,0.88,10.54,1648.0,248.0,8.43,1.27,9.15,3103.0,293.0,15.87,1.5,5.74,3820.0,364.0,19.54,1.86,5.79,3205.0,344.0,16.39,1.76,6.52,1286.0,197.0,6.58,1.01,9.31,575.0,131.0,2.94,0.67,13.85,1152.0,203.0,7.15,1.26,10.71,698.0,155.0,4.33,0.96,13.5,1778.0,235.0,11.04,1.46,8.03,1488.0,211.0,9.24,1.31,8.62,2001.0,264.0,12.42,1.64,8.02,2719.0,253.0,16.88,1.57,5.66,2047.0,245.0,12.71,1.52,7.28,2384.0,275.0,14.8,1.71,7.01,932.0,159.0,5.79,0.99,10.37,904.0,164.0,5.61,1.02,11.03,13470.0,269.0,83.63,1.67,1.21,2975.0,266.0,18.47,1.65,5.44,1458.0,209.0,9.05,1.3,8.71,952.0,177.0,5.91,1.1,11.3,636.0,153.0,3.95,0.95,14.62,2040.0,229.0,12.67,1.42,6.82,29459.0,466.0,85.9,1.36,0.96,19134.0,816.0,55.79,2.38,2.59,12696.0,734.0,37.02,2.14,3.51,4835.0,466.0,14.1,1.36,5.86,17077.0,464.0,49.37,1.34,1.65,17515.0,464.0,50.63,1.34,1.61,1759.0,266.0,5.08,0.77,9.19,1296.0,170.0,3.75,0.49,7.97,1460.0,256.0,4.22,0.74,10.66,1432.0,228.0,4.14,0.66,9.68,2696.0,370.0,7.79,1.07,8.34,9459.0,560.0,27.34,1.62,3.6,5239.0,381.0,15.14,1.1,4.42,4225.0,377.0,12.21,1.09,5.42,1745.0,242.0,5.04,0.7,8.43,1321.0,211.0,3.82,0.61,9.71,2246.0,301.0,6.49,0.87,8.15,1056.0,187.0,3.05,0.54,10.76,651.0,166.0,1.88,0.48,15.5,29139.0,460.0,84.23,1.33,0.96,3961.0,387.0,11.45,1.12,5.94,20066.0,830.0,58.01,2.4,2.51,3745.0,550.0,10.83,1.59,8.93,135.0,131.0,0.39,0.38,58.99,5600.0,726.0,16.19,2.1,7.88,25.0,86.0,0.07,0.25,209.12,4007.0,706.0,11.58,2.04,10.71,1010.0,221.0,2.92,0.64,13.3,9477.0,848.0,27.4,2.45,5.44,25116.0,848.0,72.61,2.45,2.05,15292.0,726.0,44.21,2.1,2.89,3451.0,515.0,9.98,1.49,9.07,74.0,107.0,0.21,0.31,87.9,5571.0,726.0,16.1,2.1,7.92,16.0,90.0,0.05,0.26,341.95,134.0,131.0,0.39,0.38,59.43,582.0,145.0,1.68,0.42,15.15
11103,11103,11103,17036.0,,100,,,2813.0,235.0,16.51,1.38,5.08,6549.0,467.0,17.66,1.26,4.33,267.0,81.0,4.08,1.23,18.44,215.0,94.0,3.28,1.43,26.58,1775.0,196.0,27.1,2.99,6.71,1136.0,210.0,17.35,3.21,11.24,3156.0,225.0,48.19,3.44,4.33,29161.0,912.0,78.65,2.46,1.9,2869.0,335.0,9.84,1.15,7.1,1625.0,239.0,5.57,0.82,8.94,5815.0,379.0,19.94,1.3,3.96,13603.0,531.0,46.65,1.82,2.37,32444.0,1023.0,87.51,2.76,1.92,602.0,133.0,1.86,0.41,13.43,37076.0,0.0,100.0,0.0,0.0,2977.0,274.0,8.03,0.74,5.6,4632.0,400.0,12.49,1.08,5.25,153.0,93.0,3.3,2.01,36.95,28223.0,582.0,76.12,1.57,1.25,1355.0,186.0,4.8,0.66,8.34,4220.0,285.0,11.38,0.77,4.11,1469.0,149.0,34.81,3.54,6.17,36697.0,856.0,98.98,2.31,1.42,31551.0,624.0,85.98,1.7,1.2,4699.0,620.0,12.8,1.69,8.02,456.0,132.0,1.24,0.36,17.6,37076.0,,100,,,20917.0,638.0,56.42,1.72,1.85,19979.0,623.0,53.89,1.68,1.9,941.0,174.0,2.54,0.47,11.24,16159.0,697.0,43.58,1.88,2.62,8593.0,475.0,53.18,2.94,3.36,7565.0,475.0,46.82,2.94,3.82,4990.0,398.0,30.88,2.46,4.85,4245.0,480.0,26.27,2.97,6.87,789.0,178.0,4.88,1.1,13.71,37.0,97.0,0.23,0.6,159.37,6030.0,480.0,37.32,2.97,4.84,64.0,78.0,0.4,0.48,74.09,35560.0,1112.0,95.91,3.0,1.9,15059.0,701.0,42.35,1.97,2.83,9298.0,569.0,26.15,1.6,3.72,7891.0,651.0,22.19,1.83,5.02,32923.0,1060.0,88.8,2.86,1.96,24470.0,438.0,74.33,1.33,1.09,22830.0,497.0,69.34,1.51,1.32,1641.0,230.0,4.98,0.7,8.52,0.0,,0.0,,,8453.0,438.0,25.68,1.33,3.15,,,6.71,0.93,8.52,22218.0,482.0,59.93,1.3,1.32,2933.0,295.0,13.2,1.33,6.11,653.0,153.0,2.94,0.69,14.24,16226.0,389.0,73.03,1.75,1.46,1438.0,207.0,6.47,0.93,8.75,501.0,109.0,2.25,0.49,13.23,22831.0,460.0,61.58,1.24,1.22,20.0,87.0,0.09,0.38,264.44,1210.0,219.0,5.3,0.96,11.0,623.0,135.0,2.73,0.59,13.17,457.0,107.0,2.0,0.47,14.23,2089.0,242.0,9.15,1.06,7.04,1025.0,178.0,4.49,0.78,10.56,1330.0,192.0,5.83,0.84,8.78,2079.0,235.0,9.11,1.03,6.87,3529.0,295.0,15.46,1.29,5.08,4443.0,338.0,19.46,1.48,4.62,3879.0,365.0,16.99,1.6,5.72,1522.0,210.0,6.67,0.92,8.39,633.0,146.0,2.77,0.64,14.02,919.0,157.0,5.39,0.92,10.39,642.0,126.0,3.77,0.74,11.93,1568.0,194.0,9.2,1.14,7.52,1478.0,189.0,8.68,1.11,7.77,2062.0,230.0,12.1,1.35,6.78,3356.0,269.0,19.7,1.58,4.87,2497.0,245.0,14.66,1.44,5.96,2478.0,257.0,14.55,1.51,6.3,1313.0,179.0,7.71,1.05,8.29,715.0,128.0,4.2,0.75,10.88,14400.0,235.0,84.53,1.38,0.99,3392.0,240.0,19.91,1.41,4.3,1559.0,179.0,9.15,1.05,6.98,538.0,109.0,3.16,0.64,12.32,419.0,107.0,2.46,0.63,15.52,1332.0,191.0,7.82,1.12,8.72,31256.0,515.0,84.3,1.39,1.0,21589.0,716.0,58.23,1.93,2.02,11751.0,638.0,31.69,1.72,3.3,5820.0,515.0,15.7,1.39,5.38,18442.0,486.0,49.74,1.31,1.6,18634.0,486.0,50.26,1.31,1.59,1516.0,219.0,4.09,0.59,8.78,1030.0,171.0,2.78,0.46,10.09,1302.0,208.0,3.51,0.56,9.71,1338.0,334.0,3.61,0.9,15.17,2726.0,300.0,7.35,0.81,6.69,11455.0,590.0,30.9,1.59,3.13,5784.0,415.0,15.6,1.12,4.36,4227.0,341.0,11.4,0.92,4.9,1922.0,245.0,5.18,0.66,7.75,1562.0,219.0,4.21,0.59,8.52,2280.0,234.0,6.15,0.63,6.24,1458.0,208.0,3.93,0.56,8.67,470.0,108.0,1.27,0.29,13.97,32444.0,363.0,87.51,0.98,0.68,4220.0,323.0,11.38,0.87,4.65,25811.0,849.0,69.62,2.29,2.0,1085.0,282.0,2.93,0.76,15.8,96.0,108.0,0.26,0.29,68.39,5699.0,634.0,15.37,1.71,6.76,53.0,122.0,0.14,0.33,139.93,3230.0,552.0,8.71,1.49,10.39,1104.0,226.0,2.98,0.61,12.44,9483.0,656.0,25.58,1.77,4.21,27593.0,656.0,74.42,1.77,1.45,20447.0,742.0,55.15,2.0,2.21,628.0,145.0,1.69,0.39,14.04,21.0,100.0,0.06,0.27,289.48,5657.0,634.0,15.26,1.71,6.81,53.0,122.0,0.14,0.33,139.93,64.0,89.0,0.17,0.24,84.54,708.0,193.0,1.91,0.52,16.57
11104,11104,11104,12806.0,,100,,,2493.0,259.0,19.47,2.02,6.32,5192.0,466.0,18.61,1.67,5.46,231.0,105.0,4.45,2.02,27.63,249.0,99.0,4.8,1.91,24.17,1837.0,230.0,35.38,4.43,7.61,907.0,171.0,17.47,3.29,11.46,1968.0,212.0,37.9,4.09,6.55,21735.0,1194.0,77.89,4.28,3.34,1600.0,274.0,7.36,1.26,10.41,1792.0,326.0,8.24,1.5,11.06,5043.0,448.0,23.2,2.06,5.4,9030.0,567.0,41.55,2.61,3.82,23475.0,1278.0,84.13,4.58,3.31,497.0,127.0,2.12,0.54,15.53,27903.0,0.0,100.0,0.0,0.0,1816.0,273.0,6.51,0.98,9.14,4428.0,483.0,15.87,1.73,6.63,49.0,58.0,1.11,1.3,71.96,20122.0,608.0,72.11,2.18,1.84,860.0,173.0,4.27,0.86,12.23,3353.0,340.0,12.02,1.22,6.16,910.0,153.0,27.14,4.56,10.22,27613.0,1074.0,98.96,3.85,2.36,25191.0,351.0,91.23,1.27,0.85,2049.0,326.0,7.42,1.18,9.67,374.0,135.0,1.35,0.49,21.94,27903.0,,100,,,14034.0,639.0,50.3,2.29,2.77,13374.0,631.0,47.93,2.26,2.87,658.0,179.0,2.36,0.64,16.54,13870.0,725.0,49.71,2.6,3.18,6572.0,552.0,47.38,3.98,5.11,7297.0,552.0,52.61,3.98,4.6,2339.0,341.0,16.86,2.46,8.86,5759.0,527.0,41.52,3.8,5.56,243.0,146.0,1.75,1.05,36.52,30.0,67.0,0.22,0.48,135.76,5446.0,570.0,39.27,4.11,6.36,51.0,65.0,0.37,0.47,77.48,26471.0,1415.0,94.87,5.07,3.25,9222.0,625.0,34.84,2.36,4.12,9410.0,651.0,35.55,2.46,4.21,7957.0,789.0,30.06,2.98,6.03,23868.0,1303.0,85.54,4.67,3.32,16996.0,439.0,71.21,1.84,1.57,15998.0,458.0,67.03,1.92,1.74,994.0,196.0,4.16,0.82,11.99,0.0,,0.0,,,6872.0,439.0,28.79,1.84,3.88,,,5.85,1.14,11.99,15808.0,539.0,56.65,1.93,2.07,1913.0,278.0,12.1,1.76,8.83,385.0,133.0,2.44,0.84,21.0,11475.0,351.0,72.59,2.22,1.86,941.0,196.0,5.95,1.24,12.66,611.0,152.0,3.87,0.96,15.12,15994.0,536.0,57.32,1.92,2.04,18.0,69.0,0.11,0.43,233.03,879.0,202.0,5.5,1.26,13.97,650.0,146.0,4.06,0.91,13.65,370.0,106.0,2.31,0.66,17.42,1447.0,234.0,9.05,1.46,9.83,944.0,227.0,5.9,1.42,14.62,872.0,173.0,5.45,1.08,12.06,1401.0,224.0,8.76,1.4,9.72,2531.0,305.0,15.82,1.91,7.33,2722.0,297.0,17.02,1.86,6.63,2790.0,334.0,17.44,2.09,7.28,951.0,213.0,5.95,1.33,13.62,425.0,133.0,2.66,0.83,19.02,687.0,145.0,5.36,1.13,12.83,564.0,152.0,4.4,1.19,16.38,1336.0,205.0,10.43,1.6,9.33,1109.0,213.0,8.66,1.66,11.68,1665.0,227.0,13.0,1.77,8.29,2635.0,284.0,20.58,2.22,6.55,1782.0,228.0,13.92,1.78,7.78,1837.0,243.0,14.34,1.9,8.04,667.0,158.0,5.21,1.23,14.4,518.0,143.0,4.04,1.12,16.78,10779.0,231.0,84.17,1.8,1.3,2432.0,260.0,18.99,2.03,6.5,1148.0,188.0,8.96,1.47,9.96,416.0,111.0,3.25,0.87,16.22,447.0,152.0,3.49,1.19,20.67,1121.0,193.0,8.75,1.51,10.47,22986.0,608.0,82.38,2.18,1.61,15234.0,759.0,54.6,2.72,3.03,9245.0,633.0,33.13,2.27,4.16,4917.0,608.0,17.62,2.18,7.52,13786.0,446.0,49.41,1.6,1.97,14117.0,446.0,50.59,1.6,1.92,1432.0,299.0,5.13,1.07,12.69,1242.0,243.0,4.45,0.87,11.89,1072.0,206.0,3.84,0.74,11.68,1068.0,198.0,3.83,0.71,11.27,1362.0,215.0,4.88,0.77,9.6,5991.0,536.0,21.47,1.92,5.44,5316.0,427.0,19.05,1.53,4.88,3860.0,385.0,13.83,1.38,6.06,1632.0,257.0,5.85,0.92,9.57,1588.0,248.0,5.69,0.89,9.49,2009.0,268.0,7.2,0.96,8.11,1019.0,215.0,3.65,0.77,12.83,319.0,100.0,1.14,0.36,19.06,23475.0,410.0,84.13,1.47,1.06,3353.0,377.0,12.02,1.35,6.84,17681.0,781.0,63.37,2.8,2.69,607.0,232.0,2.18,0.83,23.23,33.0,70.0,0.12,0.25,128.95,6391.0,661.0,22.9,2.37,6.29,0.0,,0.0,,,2299.0,497.0,8.24,1.78,13.14,884.0,268.0,3.17,0.96,18.43,9483.0,818.0,33.99,2.93,5.24,18420.0,818.0,66.01,2.93,2.7,11122.0,742.0,39.86,2.66,4.06,343.0,128.0,1.23,0.46,22.69,0.0,,0.0,,,6349.0,661.0,22.75,2.37,6.33,0.0,,0.0,,,92.0,73.0,0.33,0.26,48.24,514.0,159.0,1.84,0.57,18.8
11105,11105,11105,16505.0,,100,,,3186.0,271.0,19.3,1.64,5.17,7596.0,565.0,20.69,1.54,4.52,474.0,138.0,6.24,1.82,17.7,226.0,90.0,2.98,1.18,24.21,2289.0,236.0,30.13,3.11,6.27,1205.0,188.0,15.86,2.48,9.48,3404.0,258.0,44.81,3.4,4.61,28040.0,991.0,76.39,2.7,2.15,2307.0,292.0,8.23,1.04,7.69,1776.0,286.0,6.33,1.02,9.79,5525.0,449.0,19.7,1.6,4.94,13307.0,592.0,47.46,2.11,2.7,31391.0,1116.0,85.51,3.04,2.16,574.0,160.0,1.83,0.51,16.95,36691.0,44.0,99.95,0.12,0.07,3266.0,338.0,8.9,0.92,6.29,5303.0,488.0,14.45,1.33,5.59,88.0,89.0,1.66,1.67,61.48,27179.0,712.0,74.04,1.94,1.59,1631.0,261.0,6.0,0.96,9.73,4211.0,330.0,11.47,0.9,4.76,1548.0,164.0,36.76,3.9,6.44,36200.0,921.0,98.62,2.51,1.55,31537.0,568.0,87.12,1.57,1.09,4174.0,529.0,11.53,1.46,7.7,496.0,192.0,1.37,0.53,23.53,36708.0,,100,,,23259.0,679.0,63.36,1.85,1.77,21965.0,675.0,59.84,1.84,1.87,1286.0,217.0,3.5,0.59,10.26,13449.0,672.0,36.64,1.83,3.04,8177.0,425.0,60.8,3.16,3.16,5273.0,425.0,39.21,3.16,4.9,5086.0,440.0,37.82,3.27,5.26,3606.0,421.0,26.81,3.13,7.1,632.0,167.0,4.7,1.24,16.06,5.0,101.0,0.04,0.75,1227.96,3980.0,444.0,29.59,3.3,6.78,139.0,91.0,1.03,0.68,39.8,34921.0,1182.0,95.13,3.22,2.06,15751.0,765.0,45.1,2.19,2.95,6998.0,541.0,20.04,1.55,4.7,6122.0,674.0,17.53,1.93,6.69,32004.0,1142.0,87.18,3.11,2.17,22978.0,496.0,71.8,1.55,1.31,21508.0,515.0,67.21,1.61,1.46,1455.0,240.0,4.55,0.75,10.03,17.0,102.0,0.05,0.32,364.74,9026.0,496.0,28.2,1.55,3.34,,,6.33,1.04,10.03,20879.0,587.0,56.88,1.6,1.71,3700.0,351.0,17.72,1.68,5.77,899.0,182.0,4.31,0.87,12.31,13631.0,441.0,65.29,2.11,1.97,1443.0,248.0,6.91,1.19,10.45,894.0,192.0,4.28,0.92,13.06,21501.0,580.0,58.57,1.58,1.64,179.0,206.0,0.83,0.96,69.96,1030.0,198.0,4.79,0.92,11.69,656.0,146.0,3.05,0.68,13.53,399.0,125.0,1.86,0.58,19.04,1946.0,247.0,9.05,1.15,7.72,1121.0,206.0,5.21,0.96,11.17,1314.0,221.0,6.11,1.03,10.22,1976.0,256.0,9.19,1.19,7.88,3318.0,312.0,15.43,1.45,5.72,4683.0,368.0,21.78,1.71,4.78,3202.0,323.0,14.89,1.5,6.13,1138.0,204.0,5.29,0.95,10.9,545.0,146.0,2.53,0.68,16.29,1017.0,177.0,6.16,1.07,10.58,507.0,147.0,3.07,0.89,17.63,1306.0,198.0,7.91,1.2,9.22,1468.0,226.0,8.89,1.37,9.36,1853.0,231.0,11.23,1.4,7.58,3368.0,314.0,20.41,1.9,5.67,1909.0,241.0,11.57,1.46,7.67,3074.0,300.0,18.62,1.82,5.93,1106.0,193.0,6.7,1.17,10.61,890.0,165.0,5.39,1.0,11.27,13823.0,269.0,83.75,1.63,1.18,3628.0,289.0,21.98,1.75,4.84,2008.0,221.0,12.17,1.34,6.69,795.0,162.0,4.82,0.98,12.39,365.0,107.0,2.21,0.65,17.82,1423.0,195.0,8.62,1.18,8.33,32499.0,514.0,88.58,1.4,0.96,24680.0,759.0,67.26,2.07,1.87,10604.0,697.0,28.9,1.9,4.0,4192.0,514.0,11.43,1.4,7.45,18232.0,466.0,49.67,1.27,1.55,18476.0,466.0,50.33,1.27,1.53,1787.0,264.0,4.87,0.72,8.98,1414.0,253.0,3.85,0.69,10.88,1266.0,220.0,3.45,0.6,10.56,1336.0,209.0,3.64,0.57,9.51,2866.0,367.0,7.81,1.0,7.78,9936.0,573.0,27.07,1.56,3.51,5444.0,426.0,14.83,1.16,4.76,4670.0,400.0,12.72,1.09,5.21,2167.0,268.0,5.9,0.73,7.52,1607.0,246.0,4.38,0.67,9.31,2039.0,257.0,5.55,0.7,7.66,1545.0,220.0,4.21,0.6,8.66,629.0,128.0,1.71,0.35,12.37,31405.0,429.0,85.55,1.17,0.83,4211.0,367.0,11.47,1.0,5.3,27280.0,826.0,74.32,2.25,1.84,796.0,217.0,2.17,0.59,16.57,114.0,128.0,0.31,0.35,68.26,4886.0,642.0,13.31,1.75,7.99,0.0,,0.0,,,2600.0,558.0,7.08,1.52,13.05,1024.0,246.0,2.79,0.67,14.6,8117.0,760.0,22.11,2.07,5.69,28591.0,760.0,77.89,2.07,1.62,22179.0,863.0,60.42,2.35,2.37,695.0,195.0,1.89,0.53,17.06,92.0,128.0,0.25,0.35,84.58,4791.0,639.0,13.05,1.74,8.11,0.0,,0.0,,,62.0,84.0,0.17,0.23,82.36,771.0,220.0,2.1,0.6,17.35
11106,11106,11106,19148.0,,100,,,3606.0,370.0,18.83,1.93,6.24,7574.0,597.0,19.29,1.52,4.79,401.0,123.0,5.29,1.62,18.65,276.0,121.0,3.64,1.6,26.65,2371.0,261.0,31.3,3.44,6.69,1158.0,204.0,15.29,2.69,10.71,3368.0,287.0,44.47,3.79,5.18,30505.0,1394.0,77.68,3.55,2.78,2481.0,354.0,8.13,1.16,8.67,1826.0,293.0,5.99,0.96,9.75,6036.0,558.0,19.79,1.83,5.62,14401.0,717.0,47.21,2.35,3.03,33642.0,1496.0,85.67,3.81,2.7,749.0,168.0,2.23,0.5,13.64,39263.0,16.0,99.98,0.04,0.02,4110.0,400.0,10.47,1.02,5.92,5627.0,597.0,14.33,1.52,6.45,194.0,105.0,3.45,1.86,32.9,28751.0,1143.0,73.21,2.91,2.42,1630.0,267.0,5.67,0.93,9.96,4891.0,420.0,12.45,1.07,5.22,2291.0,218.0,46.84,4.46,5.78,38749.0,1331.0,98.67,3.39,2.09,33490.0,562.0,86.43,1.45,1.02,4662.0,550.0,12.03,1.42,7.17,593.0,198.0,1.53,0.51,20.3,39271.0,,100,,,23372.0,770.0,59.52,1.96,2.0,21571.0,770.0,54.93,1.96,2.17,1806.0,326.0,4.6,0.83,10.97,15898.0,793.0,40.48,2.02,3.03,8105.0,521.0,50.98,3.28,3.91,7793.0,521.0,49.02,3.28,4.06,3474.0,428.0,21.85,2.69,7.49,5089.0,493.0,32.01,3.1,5.89,442.0,156.0,2.78,0.98,21.46,17.0,94.0,0.11,0.59,336.13,6678.0,560.0,42.0,3.52,5.1,195.0,126.0,1.23,0.79,39.28,37311.0,1689.0,95.01,4.3,2.75,16262.0,925.0,43.58,2.48,3.46,9447.0,724.0,25.32,1.94,4.66,9221.0,937.0,24.71,2.51,6.18,34122.0,1547.0,86.89,3.94,2.76,24759.0,560.0,72.56,1.64,1.37,22670.0,580.0,66.44,1.7,1.56,2093.0,307.0,6.13,0.9,8.92,0.0,,0.0,,,9363.0,560.0,27.44,1.64,3.64,,,8.45,1.23,8.92,21761.0,385.0,55.41,0.98,1.08,2521.0,311.0,11.59,1.43,7.5,435.0,133.0,2.0,0.61,18.59,15906.0,437.0,73.1,2.01,1.67,1614.0,270.0,7.42,1.24,10.17,675.0,168.0,3.1,0.77,15.13,22666.0,664.0,57.72,1.69,1.78,0.0,,0.0,,,1023.0,213.0,4.51,0.94,12.66,784.0,163.0,3.46,0.72,12.64,613.0,165.0,2.7,0.73,16.36,1775.0,256.0,7.83,1.13,8.77,1260.0,254.0,5.56,1.12,12.25,1244.0,288.0,5.49,1.27,14.07,1764.0,288.0,7.78,1.27,9.92,3549.0,428.0,15.66,1.89,7.33,4925.0,426.0,21.73,1.88,5.26,3487.0,431.0,15.38,1.9,7.51,1509.0,265.0,6.66,1.17,10.68,728.0,195.0,3.21,0.86,16.28,1652.0,260.0,8.63,1.36,9.57,987.0,201.0,5.15,1.05,12.38,1727.0,245.0,9.02,1.28,8.62,1614.0,272.0,8.43,1.42,10.24,2567.0,331.0,13.41,1.73,7.84,2935.0,301.0,15.33,1.57,6.23,2549.0,341.0,13.31,1.78,8.13,2956.0,326.0,15.44,1.7,6.7,992.0,186.0,5.18,0.97,11.4,827.0,178.0,4.32,0.93,13.08,15779.0,287.0,82.41,1.5,1.11,3884.0,396.0,20.28,2.07,6.2,1708.0,224.0,8.92,1.17,7.97,1049.0,203.0,5.48,1.06,11.76,659.0,193.0,3.44,1.01,17.8,2348.0,281.0,12.26,1.47,7.28,34027.0,593.0,86.66,1.51,1.06,24381.0,852.0,62.1,2.17,2.12,12853.0,817.0,32.74,2.08,3.86,5236.0,593.0,13.34,1.51,6.88,19150.0,601.0,48.76,1.53,1.91,20121.0,601.0,51.24,1.53,1.82,1959.0,322.0,4.99,0.82,9.99,1667.0,267.0,4.24,0.68,9.74,1287.0,251.0,3.28,0.64,11.86,1249.0,236.0,3.18,0.6,11.49,2600.0,353.0,6.62,0.9,8.25,10030.0,715.0,25.54,1.82,4.33,7305.0,558.0,18.6,1.42,4.64,4832.0,479.0,12.3,1.22,6.03,1883.0,267.0,4.79,0.68,8.62,1570.0,259.0,4.0,0.66,10.03,2910.0,361.0,7.41,0.92,7.54,1272.0,228.0,3.24,0.58,10.9,702.0,169.0,1.79,0.43,14.63,33642.0,522.0,85.67,1.33,0.94,4891.0,444.0,12.45,1.13,5.52,22187.0,990.0,56.5,2.52,2.71,2829.0,495.0,7.2,1.26,10.64,95.0,94.0,0.24,0.24,60.15,7478.0,762.0,19.04,1.94,6.19,22.0,94.0,0.06,0.24,259.74,4870.0,809.0,12.4,2.06,10.1,1786.0,546.0,4.55,1.39,18.58,11694.0,1005.0,29.78,2.56,5.22,27577.0,1005.0,70.22,2.56,2.22,16294.0,899.0,41.49,2.29,3.35,2372.0,452.0,6.04,1.15,11.58,42.0,94.0,0.11,0.24,136.05,7351.0,754.0,18.72,1.92,6.24,15.0,98.0,0.04,0.25,397.16,364.0,196.0,0.93,0.5,32.73,1127.0,479.0,2.87,1.22,25.84
11109,11109,11109,3980.0,,100,,,633.0,163.0,15.9,4.1,15.65,498.0,164.0,10.91,3.6,20.02,42.0,44.0,8.44,8.9,63.69,55.0,54.0,11.05,10.8,59.68,83.0,55.0,16.68,11.0,40.28,8.0,15.0,1.61,3.0,113.98,308.0,98.0,61.91,19.6,19.34,3793.0,482.0,83.1,10.55,7.72,68.0,87.0,1.79,2.3,77.78,11.0,15.0,0.29,0.4,82.9,193.0,87.0,5.09,2.3,27.4,3088.0,152.0,81.41,4.0,2.99,3957.0,483.0,86.69,10.59,7.42,87.0,79.0,2.2,2.0,55.2,4564.0,0.0,99.99,0.0,0.0,201.0,87.0,4.4,1.9,26.31,607.0,182.0,13.3,3.98,18.23,0.0,,0.0,,,3766.0,466.0,82.51,10.22,7.52,136.0,68.0,3.61,1.8,30.4,192.0,111.0,4.21,2.44,35.14,66.0,54.0,34.43,28.4,49.74,4469.0,603.0,97.91,13.22,8.2,2945.0,286.0,65.91,6.4,5.9,1350.0,268.0,30.21,6.0,12.07,170.0,116.0,3.8,2.6,41.48,4564.0,,100,,,2862.0,274.0,62.7,6.0,5.82,2730.0,283.0,59.81,6.2,6.3,137.0,91.0,3.0,2.0,40.38,1703.0,236.0,37.31,5.16,8.42,502.0,128.0,29.49,7.5,15.5,1200.0,128.0,70.48,7.5,6.48,647.0,141.0,38.0,8.3,13.25,776.0,143.0,45.58,8.4,11.2,10.0,15.0,0.59,0.9,91.19,56.0,48.0,3.29,2.8,52.11,180.0,90.0,10.57,5.3,30.4,32.0,31.0,1.88,1.8,58.89,4076.0,510.0,89.3,11.18,7.61,2421.0,265.0,59.4,6.5,6.65,363.0,139.0,8.91,3.4,23.28,220.0,106.0,5.4,2.6,29.29,3966.0,483.0,86.89,10.58,7.4,3189.0,198.0,80.4,5.0,3.77,3110.0,198.0,78.41,5.0,3.87,79.0,48.0,1.99,1.2,36.94,0.0,,0.0,,,777.0,198.0,19.59,5.0,15.49,,,2.48,1.5,36.94,3067.0,100.0,67.19,2.18,1.98,390.0,104.0,12.71,3.4,16.21,15.0,18.0,0.49,0.6,72.95,2472.0,126.0,80.59,4.1,3.1,61.0,49.0,1.99,1.6,48.83,107.0,49.0,3.49,1.6,27.84,3108.0,89.0,68.09,1.95,1.74,0.0,,0.0,,,9.0,16.0,0.29,0.5,108.07,78.0,50.0,2.51,1.6,38.97,56.0,44.0,1.8,1.4,47.76,258.0,93.0,8.3,3.0,21.91,50.0,50.0,1.61,1.6,60.79,155.0,71.0,4.99,2.3,27.85,665.0,146.0,21.39,4.7,13.35,895.0,165.0,28.79,5.3,11.21,463.0,127.0,14.9,4.1,16.67,199.0,109.0,6.4,3.5,33.3,137.0,71.0,4.41,2.3,31.5,143.0,78.0,4.6,2.5,33.16,362.0,167.0,9.1,4.2,28.04,72.0,72.0,1.81,1.8,60.79,100.0,84.0,2.51,2.1,51.06,139.0,131.0,3.49,3.3,57.29,127.0,96.0,3.19,2.4,45.95,267.0,131.0,6.71,3.3,29.83,446.0,147.0,11.21,3.7,20.04,776.0,191.0,19.5,4.8,14.96,486.0,143.0,12.21,3.6,17.89,1210.0,259.0,30.4,6.5,13.01,3610.0,151.0,90.7,3.8,2.54,195.0,100.0,4.9,2.5,31.17,76.0,64.0,1.91,1.6,51.19,111.0,100.0,2.79,2.5,54.77,48.0,52.0,1.21,1.3,65.86,72.0,72.0,1.81,1.8,60.79,4167.0,228.0,91.29,5.0,3.33,3921.0,233.0,85.9,5.1,3.61,447.0,187.0,9.79,4.1,25.43,397.0,228.0,8.7,5.0,34.91,2378.0,178.0,52.1,3.9,4.55,2186.0,178.0,47.89,3.9,4.95,488.0,114.0,10.69,2.5,14.2,100.0,64.0,2.19,1.4,38.91,9.0,18.0,0.2,0.4,121.58,41.0,41.0,0.9,0.9,60.79,132.0,73.0,2.89,1.6,33.62,1990.0,251.0,43.6,5.5,7.67,940.0,141.0,20.59,3.1,9.12,420.0,123.0,9.2,2.7,17.8,96.0,55.0,2.1,1.2,34.83,151.0,73.0,3.31,1.6,29.39,96.0,68.0,2.1,1.5,43.06,78.0,82.0,1.71,1.8,63.91,14.0,18.0,0.31,0.4,78.16,3957.0,146.0,86.69,3.2,2.24,192.0,110.0,4.21,2.4,34.83,2894.0,288.0,63.4,6.3,6.05,233.0,196.0,5.1,4.3,51.14,0.0,,0.0,,,1141.0,237.0,25.0,5.2,12.63,0.0,,0.0,,,68.0,55.0,1.49,1.2,49.17,228.0,96.0,5.0,2.1,25.6,297.0,123.0,6.51,2.7,25.18,4268.0,123.0,93.51,2.7,1.75,2634.0,274.0,57.71,6.0,6.32,233.0,196.0,5.1,4.3,51.14,0.0,,0.0,,,1141.0,237.0,25.0,5.2,12.63,0.0,,0.0,,,50.0,46.0,1.1,1.0,55.93,210.0,91.0,4.6,2.0,26.34
11201,11201,11201,36885.0,,100,,,7555.0,461.0,20.48,1.25,3.71,11700.0,658.0,19.75,1.11,3.42,1290.0,204.0,11.03,1.74,9.61,602.0,149.0,5.15,1.27,15.05,3066.0,288.0,26.21,2.46,5.71,1135.0,198.0,9.7,1.69,10.6,5605.0,310.0,47.91,2.65,3.36,45171.0,1262.0,76.25,2.13,1.7,1426.0,276.0,3.16,0.61,11.77,1724.0,294.0,3.82,0.65,10.37,4890.0,443.0,10.83,0.98,5.51,31997.0,574.0,70.84,1.27,1.09,50118.0,1445.0,84.6,2.44,1.75,1185.0,185.0,2.36,0.37,9.49,58565.0,160.0,98.86,0.27,0.17,5024.0,451.0,8.58,0.77,5.46,9117.0,669.0,15.39,1.13,4.46,286.0,127.0,3.14,1.39,26.99,43496.0,865.0,73.42,1.46,1.21,2631.0,322.0,6.05,0.74,7.44,5959.0,367.0,10.06,0.62,3.74,2109.0,221.0,35.39,3.71,6.37,58285.0,1659.0,98.39,2.8,1.73,47385.0,729.0,81.3,1.25,0.94,9749.0,705.0,16.73,1.21,4.4,1149.0,280.0,1.97,0.48,14.81,59241.0,,100,,,47391.0,717.0,80.0,1.21,0.92,45454.0,758.0,76.73,1.28,1.01,1934.0,314.0,3.26,0.53,9.87,11851.0,705.0,20.0,1.19,3.62,5815.0,370.0,49.07,3.12,3.87,6036.0,370.0,50.93,3.12,3.73,3286.0,320.0,27.73,2.7,5.92,4547.0,395.0,38.37,3.33,5.28,419.0,132.0,3.54,1.11,19.15,233.0,111.0,1.97,0.94,28.96,2829.0,379.0,23.87,3.2,8.14,535.0,132.0,4.51,1.11,15.0,55144.0,1120.0,93.08,1.89,1.23,40985.0,844.0,74.32,1.53,1.25,4245.0,540.0,7.7,0.98,7.73,5704.0,618.0,10.34,1.12,6.59,50786.0,1475.0,85.73,2.49,1.77,35565.0,635.0,70.03,1.25,1.09,33347.0,675.0,65.66,1.33,1.23,2216.0,335.0,4.36,0.66,9.19,1.0,117.0,0.0,0.23,7112.46,15221.0,635.0,29.97,1.25,2.54,,,6.23,0.94,9.19,32827.0,515.0,55.41,0.87,0.95,1923.0,249.0,5.86,0.76,7.87,427.0,128.0,1.3,0.39,18.22,22433.0,519.0,68.34,1.58,1.41,3702.0,338.0,11.28,1.03,5.55,2869.0,328.0,8.74,1.0,6.95,33351.0,504.0,56.3,0.85,0.92,50.0,120.0,0.15,0.36,145.9,539.0,170.0,1.62,0.51,19.17,873.0,170.0,2.62,0.51,11.84,463.0,137.0,1.39,0.41,17.99,2121.0,263.0,6.36,0.79,7.54,489.0,123.0,1.47,0.37,15.29,3151.0,337.0,9.45,1.01,6.5,5002.0,400.0,15.0,1.2,4.86,8920.0,487.0,26.75,1.46,3.32,6532.0,434.0,19.59,1.3,4.04,2610.0,280.0,7.83,0.84,6.52,1317.0,223.0,3.95,0.67,10.29,1292.0,190.0,3.87,0.57,8.94,2056.0,299.0,5.57,0.81,8.84,1398.0,277.0,3.79,0.75,12.04,1872.0,306.0,5.08,0.83,9.94,1652.0,321.0,4.48,0.87,11.81,2350.0,350.0,6.37,0.95,9.05,3647.0,387.0,9.89,1.05,6.45,3677.0,406.0,9.97,1.1,6.71,6680.0,505.0,18.11,1.37,4.6,4335.0,420.0,11.75,1.14,5.89,9218.0,546.0,24.99,1.48,3.6,31657.0,406.0,85.83,1.1,0.78,6007.0,435.0,16.29,1.18,4.4,3572.0,343.0,9.68,0.93,5.84,1492.0,243.0,4.05,0.66,9.9,728.0,218.0,1.97,0.59,18.2,2759.0,302.0,7.48,0.82,6.65,54610.0,533.0,93.25,0.91,0.59,46327.0,855.0,79.1,1.46,1.12,12557.0,726.0,21.44,1.24,3.51,3955.0,533.0,6.75,0.91,8.19,29075.0,592.0,49.08,1.0,1.24,30166.0,592.0,50.92,1.0,1.19,4098.0,391.0,6.92,0.66,5.8,2500.0,296.0,4.22,0.5,7.2,1555.0,243.0,2.62,0.41,9.5,2383.0,284.0,4.02,0.48,7.24,3543.0,373.0,5.98,0.63,6.4,15367.0,729.0,25.94,1.23,2.88,10970.0,557.0,18.52,0.94,3.09,6906.0,515.0,11.66,0.87,4.53,2657.0,290.0,4.49,0.49,6.63,2747.0,308.0,4.64,0.52,6.82,3497.0,355.0,5.9,0.6,6.17,1936.0,249.0,3.27,0.42,7.82,1097.0,195.0,1.85,0.33,10.81,50120.0,557.0,84.6,0.94,0.68,6538.0,444.0,11.04,0.75,4.13,38140.0,841.0,64.38,1.42,1.34,8022.0,687.0,13.54,1.16,5.21,34.0,113.0,0.06,0.19,202.04,6597.0,622.0,11.14,1.05,5.73,108.0,160.0,0.18,0.27,90.06,3331.0,581.0,5.62,0.98,10.6,3003.0,456.0,5.07,0.77,9.23,7294.0,705.0,12.31,1.19,5.88,51947.0,705.0,87.69,1.19,0.83,35103.0,818.0,59.25,1.38,1.42,7504.0,675.0,12.67,1.14,5.47,0.0,,0.0,,,6538.0,622.0,11.04,1.05,5.78,29.0,113.0,0.05,0.19,236.87,216.0,124.0,0.36,0.21,34.9,2546.0,432.0,4.3,0.73,10.31
11203,11203,11203,26693.0,,100,,,8389.0,400.0,31.43,1.5,2.9,19491.0,909.0,25.73,1.2,2.84,1115.0,211.0,5.72,1.08,11.5,1075.0,187.0,5.52,0.96,10.57,7057.0,407.0,36.21,2.09,3.51,3966.0,324.0,20.35,1.66,4.97,6277.0,417.0,32.2,2.14,4.04,52346.0,1492.0,69.11,1.97,1.73,3893.0,398.0,7.44,0.76,6.21,3604.0,325.0,6.88,0.62,5.48,18949.0,670.0,36.2,1.28,2.15,11398.0,560.0,21.77,1.07,2.99,59416.0,1689.0,78.44,2.23,1.73,1193.0,202.0,2.01,0.34,10.29,74810.0,614.0,98.76,0.81,0.5,6941.0,501.0,9.28,0.67,4.39,16289.0,864.0,21.5,1.14,3.22,452.0,137.0,2.77,0.84,18.43,46392.0,780.0,61.25,1.03,1.02,2739.0,302.0,5.9,0.65,6.7,12129.0,454.0,16.01,0.6,2.28,3748.0,281.0,30.9,2.32,4.56,74897.0,1682.0,98.88,2.22,1.37,70441.0,547.0,94.05,0.73,0.47,4234.0,539.0,5.65,0.72,7.74,223.0,150.0,0.3,0.2,40.89,75746.0,,100,,,35614.0,939.0,47.02,1.24,1.6,34437.0,917.0,45.46,1.21,1.62,1179.0,227.0,1.56,0.3,11.7,40133.0,795.0,52.98,1.05,1.2,26605.0,646.0,66.29,1.61,1.48,13528.0,646.0,33.71,1.61,2.9,516.0,144.0,1.29,0.36,16.96,1177.0,309.0,2.93,0.77,15.96,901.0,245.0,2.25,0.61,16.53,23.0,157.0,0.06,0.39,414.96,37391.0,385.0,93.17,0.96,0.63,124.0,144.0,0.31,0.36,70.6,71150.0,2053.0,93.93,2.71,1.75,56363.0,968.0,79.22,1.36,1.04,6130.0,548.0,8.62,0.77,5.43,3740.0,576.0,5.26,0.81,9.36,61324.0,1735.0,80.96,2.29,1.72,37420.0,632.0,61.02,1.03,1.03,33836.0,644.0,55.18,1.05,1.16,3580.0,337.0,5.84,0.55,5.72,0.0,,0.0,,,23905.0,632.0,38.98,1.03,1.61,,,9.57,0.89,5.72,33086.0,629.0,43.68,0.83,1.16,8631.0,447.0,26.09,1.35,3.15,1172.0,199.0,3.54,0.6,10.32,20449.0,523.0,61.81,1.58,1.55,1585.0,218.0,4.79,0.66,8.36,787.0,165.0,2.38,0.5,12.75,33836.0,621.0,44.67,0.82,1.12,0.0,,0.0,,,1766.0,240.0,5.22,0.71,8.26,921.0,169.0,2.72,0.5,11.15,411.0,145.0,1.21,0.43,21.45,3194.0,321.0,9.44,0.95,6.11,3057.0,301.0,9.03,0.89,5.99,578.0,129.0,1.71,0.38,13.57,1806.0,227.0,5.34,0.67,7.64,2668.0,288.0,7.89,0.85,6.56,13640.0,487.0,40.31,1.44,2.17,1861.0,227.0,5.5,0.67,7.42,2371.0,267.0,7.01,0.79,6.85,1559.0,206.0,4.61,0.61,8.03,2490.0,248.0,9.33,0.93,6.05,1727.0,227.0,6.47,0.85,7.99,3045.0,272.0,11.41,1.02,5.43,2985.0,283.0,11.18,1.06,5.76,3746.0,304.0,14.03,1.14,4.93,4740.0,328.0,17.76,1.23,4.21,3284.0,283.0,12.3,1.06,5.24,3032.0,270.0,11.36,1.01,5.41,936.0,144.0,3.51,0.54,9.35,701.0,149.0,2.63,0.56,12.92,20928.0,342.0,78.4,1.28,0.99,8164.0,360.0,30.58,1.35,2.68,4566.0,288.0,17.11,1.08,3.83,1463.0,184.0,5.48,0.69,7.65,947.0,165.0,3.55,0.62,10.59,4687.0,315.0,17.56,1.18,4.09,66426.0,584.0,88.79,0.78,0.53,39222.0,1100.0,52.43,1.47,1.7,32725.0,1055.0,43.74,1.41,1.96,8384.0,584.0,11.21,0.78,4.23,33035.0,667.0,43.61,0.88,1.23,42711.0,667.0,56.39,0.88,0.95,4597.0,447.0,6.07,0.59,5.91,4485.0,386.0,5.92,0.51,5.23,4348.0,348.0,5.74,0.46,4.87,4688.0,371.0,6.19,0.49,4.81,5268.0,386.0,6.95,0.51,4.45,10449.0,583.0,13.79,0.77,3.39,9571.0,492.0,12.64,0.65,3.12,9936.0,523.0,13.12,0.69,3.2,5256.0,409.0,6.94,0.54,4.73,4569.0,379.0,6.03,0.5,5.04,6988.0,424.0,9.23,0.56,3.69,3954.0,326.0,5.22,0.43,5.01,1618.0,205.0,2.14,0.27,7.7,59416.0,720.0,78.44,0.95,0.74,12563.0,545.0,16.59,0.72,2.64,3449.0,515.0,4.55,0.68,9.08,67666.0,826.0,89.33,1.09,0.74,106.0,159.0,0.14,0.21,91.19,1201.0,311.0,1.59,0.41,15.74,12.0,159.0,0.02,0.21,805.47,2286.0,545.0,3.02,0.72,14.49,1008.0,265.0,1.33,0.35,15.98,4824.0,682.0,6.37,0.9,8.59,70923.0,682.0,93.63,0.9,0.58,3019.0,485.0,3.99,0.64,9.77,65522.0,894.0,86.5,1.18,0.83,98.0,159.0,0.13,0.21,98.63,1198.0,311.0,1.58,0.41,15.78,0.0,,0.0,,,175.0,167.0,0.23,0.22,58.01,908.0,265.0,1.2,0.35,17.74
11204,11204,11204,26824.0,,100,,,10158.0,413.0,37.87,1.54,2.47,21746.0,871.0,26.71,1.07,2.43,1299.0,207.0,5.97,0.95,9.69,1504.0,194.0,6.92,0.89,7.84,9360.0,372.0,43.04,1.71,2.42,4560.0,337.0,20.97,1.55,4.49,5020.0,376.0,23.08,1.73,4.55,52686.0,1514.0,64.71,1.86,1.75,8168.0,543.0,15.5,1.03,4.04,6024.0,501.0,11.43,0.95,5.06,15627.0,711.0,29.66,1.35,2.77,13735.0,659.0,26.07,1.25,2.92,59242.0,1694.0,72.76,2.08,1.74,928.0,160.0,1.57,0.27,10.48,81367.0,73.0,99.94,0.09,0.05,8088.0,529.0,9.94,0.65,3.98,22175.0,912.0,27.24,1.12,2.5,359.0,115.0,1.62,0.52,19.47,48507.0,782.0,59.58,0.96,0.98,3018.0,310.0,6.22,0.64,6.24,10679.0,480.0,13.12,0.59,2.73,4711.0,305.0,44.12,2.86,3.94,80214.0,1637.0,98.52,2.01,1.24,74377.0,746.0,92.72,0.93,0.61,5203.0,722.0,6.49,0.9,8.44,624.0,225.0,0.78,0.28,21.92,81419.0,,100,,,43134.0,1018.0,52.98,1.25,1.43,41651.0,1010.0,51.16,1.24,1.47,1479.0,269.0,1.82,0.33,11.06,38285.0,1001.0,47.02,1.23,1.59,21630.0,869.0,56.5,2.27,2.44,16655.0,869.0,43.5,2.27,3.17,11504.0,739.0,30.05,1.93,3.91,21073.0,838.0,55.04,2.19,2.42,874.0,260.0,2.28,0.68,18.08,7.0,134.0,0.02,0.35,1163.7,4676.0,632.0,12.21,1.65,8.22,151.0,123.0,0.39,0.32,49.52,74460.0,1832.0,91.45,2.25,1.5,19304.0,1057.0,25.93,1.42,3.33,32534.0,1102.0,43.69,1.48,2.06,6746.0,871.0,9.06,1.17,7.85,61434.0,1620.0,75.45,1.99,1.6,36897.0,682.0,60.06,1.11,1.12,33843.0,688.0,55.09,1.12,1.24,3050.0,350.0,4.96,0.57,6.98,0.0,,0.0,,,24537.0,682.0,39.94,1.11,1.69,,,8.27,0.94,6.98,32886.0,659.0,40.39,0.81,1.22,6844.0,437.0,20.81,1.33,3.88,2552.0,319.0,7.76,0.97,7.6,17828.0,595.0,54.21,1.81,2.03,4148.0,368.0,12.61,1.12,5.39,915.0,168.0,2.78,0.51,11.16,33848.0,668.0,41.57,0.82,1.2,75.0,125.0,0.22,0.37,101.32,2605.0,345.0,7.7,1.02,8.05,2085.0,288.0,6.16,0.85,8.4,1514.0,220.0,4.47,0.65,8.83,3589.0,349.0,10.6,1.03,5.91,2263.0,298.0,6.69,0.88,8.01,744.0,183.0,2.2,0.54,14.95,2640.0,271.0,7.8,0.8,6.24,3054.0,332.0,9.02,0.98,6.61,9036.0,504.0,26.7,1.49,3.39,3679.0,376.0,10.87,1.11,6.21,1761.0,244.0,5.2,0.72,8.42,803.0,159.0,2.37,0.47,12.04,2176.0,244.0,8.11,0.91,6.82,1956.0,247.0,7.29,0.92,7.68,3582.0,327.0,13.35,1.22,5.55,2845.0,298.0,10.61,1.11,6.37,3374.0,330.0,12.58,1.23,5.95,4710.0,376.0,17.56,1.4,4.85,2784.0,295.0,10.38,1.1,6.44,3027.0,282.0,11.28,1.05,5.66,1290.0,201.0,4.81,0.75,9.47,1081.0,164.0,4.03,0.61,9.22,21533.0,338.0,80.28,1.26,0.95,6982.0,365.0,26.03,1.36,3.18,2562.0,236.0,9.55,0.88,5.6,2558.0,258.0,9.54,0.96,6.13,1002.0,185.0,3.74,0.69,11.22,6828.0,405.0,25.45,1.51,3.61,72982.0,789.0,89.69,0.97,0.66,34118.0,1351.0,41.93,1.66,2.41,43906.0,1318.0,53.96,1.62,1.82,8385.0,789.0,10.31,0.97,5.72,40490.0,651.0,49.73,0.8,0.98,40929.0,651.0,50.27,0.8,0.97,6959.0,505.0,8.55,0.62,4.41,6132.0,423.0,7.53,0.52,4.19,5680.0,366.0,6.98,0.45,3.92,5108.0,391.0,6.27,0.48,4.65,4868.0,415.0,5.98,0.51,5.18,12082.0,700.0,14.84,0.86,3.52,10919.0,594.0,13.41,0.73,3.31,9371.0,562.0,11.51,0.69,3.65,4905.0,440.0,6.02,0.54,5.45,4697.0,423.0,5.77,0.52,5.47,5671.0,432.0,6.97,0.53,4.63,3281.0,318.0,4.03,0.39,5.89,1771.0,228.0,2.18,0.28,7.83,59242.0,733.0,72.76,0.9,0.75,10714.0,578.0,13.16,0.71,3.28,49466.0,1238.0,60.75,1.52,1.52,683.0,212.0,0.84,0.26,18.87,124.0,130.0,0.15,0.16,63.73,25243.0,1221.0,31.0,1.5,2.94,0.0,,0.0,,,4846.0,863.0,5.95,1.06,10.83,1061.0,342.0,1.3,0.42,19.59,8834.0,1010.0,10.85,1.24,6.95,72584.0,1010.0,89.15,1.24,0.85,45755.0,1238.0,56.2,1.52,1.64,594.0,204.0,0.73,0.25,20.88,65.0,122.0,0.08,0.15,114.1,25080.0,1221.0,30.8,1.5,2.96,0.0,,0.0,,,257.0,220.0,0.32,0.27,52.04,831.0,318.0,1.02,0.39,23.26
11205,11205,11205,17234.0,,100,,,5393.0,327.0,31.29,1.9,3.69,13347.0,670.0,30.46,1.53,3.05,1385.0,194.0,10.38,1.45,8.52,870.0,162.0,6.52,1.21,11.32,5281.0,318.0,39.57,2.38,3.66,2044.0,260.0,15.31,1.95,7.73,3770.0,308.0,28.25,2.31,4.97,26279.0,745.0,59.98,1.7,1.72,1990.0,315.0,7.57,1.2,9.62,2697.0,363.0,10.26,1.38,8.18,5460.0,441.0,20.78,1.68,4.91,11246.0,486.0,42.79,1.85,2.63,31594.0,964.0,72.11,2.2,1.85,830.0,186.0,2.63,0.59,13.62,43574.0,543.0,99.45,1.24,0.76,3701.0,392.0,8.49,0.9,6.44,12200.0,627.0,27.84,1.43,3.12,299.0,134.0,2.45,1.1,27.24,27871.0,776.0,63.61,1.77,1.69,1919.0,248.0,6.89,0.89,7.86,3508.0,272.0,8.01,0.62,4.71,1487.0,188.0,42.39,5.37,7.69,43043.0,1157.0,98.24,2.64,1.63,37841.0,594.0,87.91,1.38,0.95,4654.0,568.0,10.81,1.32,7.42,548.0,172.0,1.27,0.4,19.08,43815.0,,100,,,35416.0,692.0,80.83,1.58,1.19,33973.0,705.0,77.54,1.61,1.26,1439.0,245.0,3.28,0.56,10.35,8400.0,723.0,19.17,1.65,5.23,3956.0,339.0,47.1,4.03,5.21,4444.0,339.0,52.91,4.03,4.64,839.0,161.0,9.99,1.92,11.67,2391.0,353.0,28.47,4.2,8.97,551.0,249.0,6.56,2.96,27.47,104.0,93.0,1.24,1.11,54.36,4275.0,393.0,50.9,4.68,5.59,240.0,110.0,2.86,1.31,27.86,39685.0,964.0,90.57,2.2,1.48,22569.0,806.0,56.87,2.03,2.17,6850.0,619.0,17.26,1.56,5.49,6129.0,683.0,15.44,1.72,6.77,32532.0,1130.0,74.25,2.58,2.11,21517.0,566.0,66.14,1.74,1.6,19406.0,556.0,59.65,1.71,1.74,2090.0,280.0,6.42,0.86,8.14,18.0,101.0,0.06,0.31,341.1,11015.0,566.0,33.86,1.74,3.12,,,9.71,1.28,8.14,19036.0,648.0,43.45,1.48,2.07,2126.0,284.0,11.17,1.49,8.12,597.0,141.0,3.14,0.74,14.36,11324.0,426.0,59.49,2.24,2.29,2670.0,289.0,14.03,1.52,6.58,1270.0,217.0,6.67,1.14,10.39,19410.0,648.0,44.3,1.48,2.03,36.0,97.0,0.19,0.5,163.8,719.0,196.0,3.7,1.01,16.57,1020.0,181.0,5.26,0.93,10.79,503.0,130.0,2.59,0.67,15.71,1752.0,252.0,9.03,1.3,8.74,858.0,190.0,4.42,0.98,13.46,1149.0,182.0,5.92,0.94,9.63,1126.0,204.0,5.8,1.05,11.01,3249.0,287.0,16.74,1.48,5.37,4784.0,349.0,24.65,1.8,4.43,2559.0,303.0,13.18,1.56,7.2,784.0,159.0,4.04,0.82,12.33,868.0,181.0,4.47,0.93,12.68,1831.0,255.0,10.62,1.48,8.47,1236.0,202.0,7.17,1.17,9.93,1738.0,241.0,10.08,1.4,8.43,1583.0,246.0,9.19,1.43,9.45,1721.0,264.0,9.99,1.53,9.33,2472.0,295.0,14.34,1.71,7.25,2006.0,269.0,11.64,1.56,8.15,2179.0,267.0,12.64,1.55,7.45,1141.0,202.0,6.62,1.17,10.76,1329.0,212.0,7.71,1.23,9.7,13879.0,284.0,80.53,1.65,1.24,3201.0,271.0,18.57,1.57,5.15,2254.0,269.0,13.08,1.56,7.25,1083.0,184.0,6.28,1.07,10.33,812.0,162.0,4.71,0.94,12.13,4141.0,303.0,24.03,1.76,4.45,39978.0,471.0,91.75,1.08,0.72,21732.0,858.0,49.87,1.97,2.4,21280.0,832.0,48.84,1.91,2.38,3596.0,471.0,8.25,1.08,7.96,20433.0,530.0,46.63,1.21,1.58,23382.0,530.0,53.37,1.21,1.38,4130.0,359.0,9.43,0.82,5.28,3769.0,302.0,8.6,0.69,4.87,2911.0,302.0,6.64,0.69,6.31,2803.0,351.0,6.4,0.8,7.61,3926.0,416.0,8.96,0.95,6.44,8560.0,556.0,19.54,1.27,3.95,6441.0,456.0,14.7,1.04,4.3,4246.0,390.0,9.69,0.89,5.58,1733.0,267.0,3.96,0.61,9.37,1606.0,272.0,3.67,0.62,10.3,2116.0,245.0,4.83,0.56,7.04,1172.0,223.0,2.67,0.51,11.57,403.0,118.0,0.92,0.27,17.8,31613.0,495.0,72.15,1.13,0.95,3690.0,315.0,8.42,0.72,5.19,21288.0,854.0,48.59,1.95,2.44,13846.0,898.0,31.6,2.05,3.94,64.0,105.0,0.15,0.24,99.73,3260.0,460.0,7.44,1.05,8.58,4.0,101.0,0.01,0.23,1534.95,4076.0,675.0,9.3,1.54,10.07,1267.0,254.0,2.89,0.58,12.19,7951.0,784.0,18.15,1.79,5.99,35864.0,784.0,81.85,1.79,1.33,18707.0,771.0,42.7,1.76,2.51,12793.0,859.0,29.2,1.96,4.08,31.0,101.0,0.07,0.23,198.06,3224.0,460.0,7.36,1.05,8.67,4.0,101.0,0.01,0.23,1534.95,130.0,96.0,0.3,0.22,44.89,978.0,206.0,2.23,0.47,12.8
11206,11206,11206,32486.0,,100,,,10260.0,510.0,31.58,1.57,3.02,26190.0,1060.0,30.38,1.23,2.46,2009.0,291.0,7.67,1.11,8.81,1996.0,275.0,7.62,1.05,8.38,10945.0,471.0,41.79,1.8,2.62,5083.0,432.0,19.41,1.65,5.17,6165.0,477.0,23.54,1.82,4.7,51801.0,1276.0,60.09,1.48,1.5,7324.0,601.0,14.14,1.16,4.99,7672.0,611.0,14.81,1.18,4.84,13654.0,715.0,26.36,1.38,3.18,12929.0,648.0,24.96,1.25,3.05,62051.0,1621.0,71.98,1.88,1.59,1071.0,230.0,1.73,0.37,13.05,85997.0,517.0,99.76,0.6,0.37,11251.0,800.0,13.08,0.93,4.32,24134.0,1034.0,28.0,1.2,2.6,970.0,244.0,4.02,1.01,15.29,53698.0,879.0,62.29,1.02,1.0,6342.0,553.0,11.81,1.03,5.3,8172.0,483.0,9.48,0.56,3.59,3955.0,346.0,48.4,4.23,5.32,84845.0,1828.0,98.42,2.12,1.31,76057.0,933.0,89.64,1.1,0.75,8103.0,908.0,9.55,1.07,6.81,684.0,212.0,0.81,0.25,18.84,86207.0,,100,,,66449.0,1052.0,77.08,1.22,0.96,60313.0,1078.0,69.96,1.25,1.09,6132.0,560.0,7.11,0.65,5.55,19758.0,1095.0,22.92,1.27,3.37,9911.0,575.0,50.16,2.91,3.53,9847.0,575.0,49.84,2.91,3.55,2215.0,366.0,11.21,1.85,10.04,4925.0,535.0,24.93,2.71,6.6,364.0,198.0,1.84,1.0,33.07,143.0,138.0,0.72,0.7,58.66,11949.0,563.0,60.48,2.85,2.86,165.0,123.0,0.84,0.62,45.32,79015.0,1931.0,91.66,2.24,1.49,33836.0,1225.0,42.82,1.55,2.2,19354.0,1075.0,24.49,1.36,3.38,26773.0,1162.0,33.88,1.47,2.64,64543.0,1716.0,74.87,1.99,1.62,40634.0,839.0,62.96,1.3,1.26,35509.0,923.0,55.02,1.43,1.58,5115.0,562.0,7.93,0.87,6.68,17.0,136.0,0.03,0.21,486.32,23908.0,839.0,37.04,1.3,2.13,,,12.59,1.36,6.68,34738.0,966.0,40.3,1.12,1.69,3247.0,368.0,9.35,1.06,6.89,992.0,226.0,2.86,0.65,13.85,23456.0,615.0,67.52,1.77,1.59,4283.0,441.0,12.33,1.27,6.26,1456.0,254.0,4.19,0.73,10.6,35513.0,974.0,41.19,1.13,1.67,77.0,128.0,0.22,0.36,101.05,1294.0,270.0,3.64,0.76,12.68,1694.0,277.0,4.77,0.78,9.94,849.0,195.0,2.39,0.55,13.96,4381.0,408.0,12.34,1.15,5.66,1527.0,263.0,4.3,0.74,10.47,1933.0,259.0,5.44,0.73,8.15,2096.0,298.0,5.9,0.84,8.64,5167.0,444.0,14.55,1.25,5.22,8347.0,558.0,23.5,1.57,4.06,5333.0,476.0,15.02,1.34,5.43,1814.0,298.0,5.11,0.84,9.99,1013.0,206.0,2.85,0.58,12.36,5399.0,510.0,16.62,1.57,5.74,3299.0,396.0,10.16,1.22,7.3,5143.0,471.0,15.83,1.45,5.57,3406.0,383.0,10.48,1.18,6.84,3812.0,406.0,11.73,1.25,6.47,4091.0,416.0,12.59,1.28,6.18,2575.0,328.0,7.93,1.01,7.74,2746.0,318.0,8.45,0.98,7.04,1065.0,192.0,3.28,0.59,10.96,944.0,205.0,2.91,0.63,13.2,23553.0,552.0,72.5,1.7,1.42,7645.0,468.0,23.53,1.44,3.72,2481.0,331.0,7.64,1.02,8.11,4657.0,461.0,14.34,1.42,6.02,2164.0,318.0,6.66,0.98,8.93,12773.0,611.0,39.32,1.88,2.91,76282.0,894.0,88.7,1.04,0.71,35767.0,1514.0,41.59,1.76,2.57,47470.0,1410.0,55.2,1.64,1.81,9714.0,894.0,11.3,1.04,5.59,42216.0,871.0,48.97,1.01,1.25,43991.0,871.0,51.03,1.01,1.2,7193.0,491.0,8.34,0.57,4.15,7286.0,483.0,8.45,0.56,4.03,6094.0,431.0,7.07,0.5,4.3,5751.0,448.0,6.67,0.52,4.74,8083.0,664.0,9.38,0.77,4.99,17639.0,862.0,20.46,1.0,2.97,10146.0,595.0,11.77,0.69,3.56,8561.0,603.0,9.93,0.7,4.28,3995.0,466.0,4.63,0.54,7.09,3246.0,388.0,3.77,0.45,7.27,4843.0,483.0,5.62,0.56,6.06,2663.0,353.0,3.09,0.41,8.06,714.0,172.0,0.83,0.2,14.64,62068.0,802.0,72.0,0.93,0.79,8228.0,560.0,9.54,0.65,4.14,38963.0,1328.0,45.2,1.54,2.07,23721.0,1284.0,27.52,1.49,3.29,641.0,259.0,0.74,0.3,24.56,6055.0,741.0,7.02,0.86,7.44,46.0,138.0,0.05,0.16,182.37,13592.0,1241.0,15.77,1.44,5.55,3180.0,629.0,3.69,0.73,12.02,33064.0,1233.0,38.35,1.43,2.27,53143.0,1233.0,61.65,1.43,1.41,27137.0,836.0,31.48,0.97,1.87,18643.0,1009.0,21.63,1.17,3.29,128.0,138.0,0.15,0.16,65.54,5979.0,741.0,6.94,0.86,7.53,35.0,138.0,0.04,0.16,239.69,240.0,190.0,0.28,0.22,48.13,980.0,267.0,1.14,0.31,16.56
11207,11207,11207,32866.0,,100,,,12537.0,516.0,38.15,1.57,2.5,27410.0,1128.0,28.91,1.19,2.5,1532.0,258.0,5.59,0.94,10.24,1429.0,233.0,5.21,0.85,9.91,10910.0,526.0,39.8,1.92,2.93,5751.0,408.0,20.98,1.49,4.31,7793.0,524.0,28.43,1.91,4.09,58942.0,1460.0,62.17,1.54,1.51,7343.0,566.0,12.46,0.96,4.69,7905.0,572.0,13.41,0.97,4.4,20788.0,784.0,35.27,1.33,2.29,8431.0,536.0,14.3,0.91,3.86,70139.0,1754.0,73.98,1.85,1.52,1638.0,217.0,2.34,0.31,8.05,94509.0,180.0,99.69,0.19,0.12,11598.0,652.0,12.27,0.69,3.42,24638.0,1185.0,25.99,1.25,2.92,1216.0,239.0,4.94,0.97,11.95,60935.0,1242.0,64.28,1.31,1.24,6601.0,487.0,10.83,0.8,4.48,8923.0,493.0,9.41,0.52,3.36,3775.0,281.0,42.31,3.15,4.53,93771.0,1830.0,98.91,1.93,1.19,86645.0,863.0,92.4,0.92,0.61,6775.0,853.0,7.23,0.91,7.65,348.0,169.0,0.37,0.18,29.52,94802.0,,100,,,63900.0,1204.0,67.4,1.27,1.15,59463.0,1242.0,62.72,1.31,1.27,4436.0,578.0,4.68,0.61,7.92,30902.0,1128.0,32.6,1.19,2.22,16783.0,667.0,54.31,2.16,2.42,14120.0,667.0,45.69,2.16,2.87,496.0,213.0,1.61,0.69,26.11,1099.0,309.0,3.56,1.0,17.09,1270.0,343.0,4.11,1.11,16.42,7.0,158.0,0.02,0.51,1372.12,27974.0,473.0,90.52,1.53,1.03,58.0,151.0,0.19,0.49,158.26,87902.0,2247.0,92.72,2.37,1.55,58217.0,1204.0,66.23,1.37,1.26,11721.0,791.0,13.33,0.9,4.1,24858.0,1116.0,28.28,1.27,2.73,73080.0,1887.0,77.09,1.99,1.57,42940.0,840.0,58.76,1.15,1.19,37743.0,892.0,51.65,1.22,1.44,5172.0,460.0,7.08,0.63,5.41,18.0,153.0,0.02,0.21,516.72,30139.0,840.0,41.24,1.15,1.69,,,12.04,1.05,5.41,36840.0,929.0,38.86,0.98,1.53,7548.0,519.0,20.49,1.41,4.18,1105.0,206.0,3.0,0.56,11.33,24972.0,634.0,67.79,1.72,1.54,1706.0,265.0,4.63,0.72,9.44,1006.0,258.0,2.73,0.7,15.59,37736.0,929.0,39.81,0.98,1.5,53.0,155.0,0.14,0.41,177.78,2200.0,313.0,5.83,0.83,8.65,1103.0,208.0,2.92,0.55,11.46,755.0,162.0,2.0,0.43,13.04,4566.0,389.0,12.1,1.03,5.18,3774.0,366.0,10.0,0.97,5.9,706.0,174.0,1.87,0.46,14.98,1823.0,253.0,4.83,0.67,8.44,3830.0,396.0,10.15,1.05,6.29,11917.0,555.0,31.58,1.47,2.83,2976.0,332.0,7.89,0.88,6.78,2006.0,287.0,5.32,0.76,8.7,2021.0,279.0,5.36,0.74,8.39,6605.0,454.0,20.1,1.38,4.18,2524.0,296.0,7.68,0.9,7.13,3878.0,365.0,11.8,1.11,5.72,3220.0,342.0,9.8,1.04,6.46,4071.0,368.0,12.39,1.12,5.5,5321.0,408.0,16.19,1.24,4.66,2949.0,335.0,8.97,1.02,6.91,2834.0,299.0,8.62,0.91,6.41,999.0,197.0,3.04,0.6,11.99,454.0,145.0,1.38,0.44,19.42,23548.0,490.0,71.65,1.49,1.26,6937.0,411.0,21.11,1.25,3.6,3311.0,306.0,10.07,0.93,5.62,3642.0,332.0,11.08,1.01,5.54,3537.0,368.0,10.76,1.12,6.32,11689.0,523.0,35.57,1.59,2.72,84077.0,794.0,88.96,0.84,0.57,40679.0,1427.0,43.04,1.51,2.13,50034.0,1380.0,52.94,1.46,1.68,10432.0,794.0,11.04,0.84,4.63,42571.0,872.0,44.91,0.92,1.25,52230.0,872.0,55.09,0.92,1.01,6900.0,559.0,7.28,0.59,4.92,6677.0,512.0,7.04,0.54,4.66,6767.0,502.0,7.14,0.53,4.51,6892.0,483.0,7.27,0.51,4.26,8654.0,569.0,9.13,0.6,4.0,15147.0,777.0,15.98,0.82,3.12,11566.0,616.0,12.2,0.65,3.24,12725.0,645.0,13.42,0.68,3.08,5964.0,483.0,6.29,0.51,4.92,4471.0,417.0,4.72,0.44,5.67,5643.0,465.0,5.95,0.49,5.01,2500.0,275.0,2.64,0.29,6.69,927.0,180.0,0.98,0.19,11.8,70158.0,967.0,74.0,1.02,0.84,9056.0,559.0,9.55,0.59,3.75,13359.0,1109.0,14.09,1.17,5.05,62834.0,1394.0,66.28,1.47,1.35,377.0,256.0,0.4,0.27,41.28,1258.0,332.0,1.33,0.35,16.04,101.0,199.0,0.11,0.21,119.77,14649.0,1223.0,15.45,1.29,5.08,2231.0,465.0,2.35,0.49,12.67,31362.0,1318.0,33.08,1.39,2.55,63440.0,1318.0,66.92,1.39,1.26,2929.0,502.0,3.09,0.53,10.42,57347.0,1375.0,60.49,1.45,1.46,133.0,161.0,0.14,0.17,73.59,1231.0,332.0,1.3,0.35,16.4,87.0,199.0,0.09,0.21,139.05,769.0,370.0,0.81,0.39,29.25,952.0,265.0,1.0,0.28,16.92
11208,11208,11208,29647.0,,100,,,12662.0,537.0,42.71,1.81,2.58,26556.0,1065.0,28.17,1.13,2.44,1914.0,281.0,7.21,1.06,8.92,1852.0,274.0,6.97,1.03,8.99,10578.0,521.0,39.83,1.96,2.99,6147.0,425.0,23.15,1.6,4.2,6060.0,478.0,22.82,1.8,4.8,57735.0,1216.0,61.24,1.29,1.28,6873.0,554.0,11.9,0.96,4.9,5954.0,502.0,10.31,0.87,5.13,26062.0,878.0,45.14,1.52,2.05,7823.0,612.0,13.55,1.06,4.76,68227.0,1574.0,72.37,1.67,1.4,1203.0,225.0,1.76,0.33,11.37,94080.0,848.0,99.8,0.9,0.55,9110.0,668.0,9.68,0.71,4.46,26027.0,1160.0,27.61,1.23,2.71,544.0,167.0,2.09,0.64,18.66,60474.0,1065.0,64.15,1.13,1.07,5276.0,484.0,8.72,0.8,5.58,7571.0,519.0,8.03,0.55,4.17,3299.0,260.0,43.58,3.43,4.79,92705.0,2131.0,98.34,2.26,1.4,86671.0,825.0,93.49,0.89,0.58,5204.0,788.0,5.61,0.85,9.2,838.0,306.0,0.9,0.33,22.2,94273.0,,100,,,57230.0,1320.0,60.71,1.4,1.4,52546.0,1301.0,55.74,1.38,1.51,4682.0,528.0,4.97,0.56,6.86,37043.0,1282.0,39.29,1.36,2.1,19899.0,833.0,53.72,2.25,2.54,17144.0,833.0,46.28,2.25,2.95,379.0,189.0,1.02,0.51,30.31,4576.0,604.0,12.35,1.63,8.02,2205.0,470.0,5.95,1.27,12.96,1.0,148.0,0.0,0.4,8996.96,29827.0,770.0,80.52,2.08,1.57,56.0,144.0,0.15,0.39,156.32,86423.0,2083.0,91.67,2.21,1.47,43200.0,1383.0,49.99,1.6,1.95,14647.0,916.0,16.95,1.06,3.8,32818.0,1322.0,37.97,1.53,2.45,71338.0,1631.0,75.67,1.73,1.39,40798.0,913.0,57.19,1.28,1.36,36859.0,942.0,51.67,1.32,1.55,3909.0,457.0,5.48,0.64,7.11,16.0,150.0,0.02,0.21,569.91,30541.0,913.0,42.81,1.28,1.82,,,9.58,1.1,7.11,36245.0,924.0,38.45,0.98,1.55,7505.0,544.0,20.71,1.5,4.41,1627.0,323.0,4.49,0.89,12.07,24413.0,642.0,67.35,1.77,1.6,1578.0,268.0,4.35,0.74,10.32,754.0,188.0,2.08,0.52,15.16,36862.0,914.0,39.1,0.97,1.51,94.0,144.0,0.26,0.39,93.13,2844.0,365.0,7.72,0.99,7.8,1378.0,232.0,3.74,0.63,10.23,683.0,188.0,1.85,0.51,16.73,3831.0,409.0,10.39,1.11,6.49,3677.0,398.0,9.98,1.08,6.58,512.0,151.0,1.39,0.41,17.93,2011.0,280.0,5.46,0.76,8.46,3675.0,405.0,9.97,1.1,6.7,10835.0,601.0,29.39,1.63,3.37,3725.0,402.0,10.11,1.09,6.56,1928.0,280.0,5.23,0.76,8.83,1672.0,299.0,4.54,0.81,10.87,5208.0,436.0,17.57,1.47,5.09,1721.0,240.0,5.8,0.81,8.48,3722.0,359.0,12.55,1.21,5.86,3193.0,350.0,10.77,1.18,6.66,4358.0,400.0,14.7,1.35,5.58,4809.0,412.0,16.22,1.39,5.21,2823.0,329.0,9.52,1.11,7.08,2598.0,302.0,8.76,1.02,7.07,681.0,169.0,2.3,0.57,15.09,530.0,175.0,1.79,0.59,20.07,22272.0,480.0,75.12,1.62,1.31,5271.0,382.0,17.78,1.29,4.41,2454.0,291.0,8.28,0.98,7.21,2471.0,302.0,8.33,1.02,7.43,1885.0,285.0,6.36,0.96,9.19,8545.0,480.0,28.82,1.62,3.41,84694.0,781.0,90.02,0.83,0.56,45097.0,1599.0,47.93,1.7,2.16,43969.0,1562.0,46.74,1.66,2.16,9386.0,781.0,9.98,0.83,5.06,44249.0,877.0,46.94,0.93,1.2,50024.0,877.0,53.06,0.93,1.07,7850.0,594.0,8.33,0.63,4.6,7484.0,556.0,7.94,0.59,4.52,6140.0,471.0,6.51,0.5,4.66,7208.0,500.0,7.65,0.53,4.22,7838.0,575.0,8.31,0.61,4.46,14727.0,801.0,15.62,0.85,3.31,12354.0,726.0,13.1,0.77,3.57,12807.0,707.0,13.59,0.75,3.36,5404.0,443.0,5.73,0.47,4.98,4761.0,434.0,5.05,0.46,5.54,4818.0,415.0,5.11,0.44,5.24,2025.0,292.0,2.15,0.31,8.77,827.0,189.0,0.88,0.2,13.89,68239.0,990.0,72.38,1.05,0.88,7674.0,547.0,8.14,0.58,4.33,24206.0,1518.0,25.68,1.61,3.81,49944.0,1593.0,52.98,1.69,1.94,292.0,207.0,0.31,0.22,43.09,5735.0,782.0,6.08,0.83,8.29,114.0,189.0,0.12,0.2,100.78,11892.0,1207.0,12.61,1.28,6.17,2106.0,424.0,2.23,0.45,12.24,38934.0,1518.0,41.3,1.61,2.37,55339.0,1518.0,58.7,1.61,1.67,2417.0,453.0,2.56,0.48,11.39,45194.0,1518.0,47.94,1.61,2.04,45.0,151.0,0.05,0.16,203.99,5717.0,782.0,6.06,0.83,8.32,10.0,151.0,0.01,0.16,917.93,822.0,330.0,0.87,0.35,24.4,1128.0,311.0,1.2,0.33,16.76
11209,11209,11209,32927.0,,100,,,8371.0,441.0,25.42,1.34,3.2,14794.0,757.0,21.51,1.1,3.11,1186.0,194.0,8.02,1.31,9.94,796.0,161.0,5.38,1.09,12.3,5199.0,343.0,35.14,2.32,4.01,2381.0,263.0,16.09,1.78,6.71,5233.0,370.0,35.37,2.5,4.3,51046.0,1458.0,74.22,2.12,1.74,3342.0,419.0,6.55,0.82,7.62,3224.0,373.0,6.32,0.73,7.03,9562.0,551.0,18.73,1.08,3.5,24311.0,730.0,47.63,1.43,1.83,55821.0,1630.0,81.16,2.37,1.78,2074.0,246.0,3.72,0.44,7.21,68596.0,165.0,99.73,0.24,0.15,7105.0,521.0,10.36,0.76,4.46,12831.0,743.0,18.66,1.08,3.52,302.0,141.0,2.35,1.1,28.38,44805.0,942.0,65.14,1.37,1.28,2903.0,327.0,6.48,0.73,6.85,10964.0,488.0,15.94,0.71,2.71,3893.0,293.0,35.51,2.67,4.58,67762.0,1403.0,98.52,2.04,1.26,61051.0,684.0,90.1,1.01,0.68,5881.0,596.0,8.68,0.88,6.16,838.0,339.0,1.24,0.5,24.59,68779.0,,100,,,45439.0,880.0,66.07,1.28,1.18,43363.0,887.0,63.05,1.29,1.24,2083.0,323.0,3.03,0.47,9.43,23340.0,949.0,33.93,1.38,2.47,14880.0,600.0,63.75,2.57,2.45,8460.0,600.0,36.25,2.57,4.31,7506.0,541.0,32.16,2.32,4.38,9803.0,626.0,42.0,2.68,3.88,2348.0,457.0,10.06,1.96,11.83,55.0,138.0,0.24,0.59,152.53,3427.0,513.0,14.68,2.2,9.1,199.0,149.0,0.85,0.64,45.52,64291.0,1582.0,93.48,2.3,1.5,32683.0,1119.0,50.84,1.74,2.08,12967.0,752.0,20.17,1.17,3.53,7299.0,791.0,11.35,1.23,6.59,57197.0,1678.0,83.16,2.44,1.78,37028.0,721.0,64.74,1.26,1.18,34148.0,726.0,59.7,1.27,1.29,2758.0,320.0,4.82,0.56,7.05,116.0,137.0,0.2,0.24,71.8,20169.0,721.0,35.26,1.26,2.17,,,7.45,0.85,7.05,33394.0,598.0,48.55,0.87,1.09,7860.0,461.0,23.54,1.38,3.57,1805.0,274.0,5.41,0.82,9.23,18952.0,581.0,56.75,1.74,1.86,2943.0,364.0,8.81,1.09,7.52,1444.0,244.0,4.32,0.73,10.27,34151.0,591.0,49.65,0.86,1.05,13.0,140.0,0.04,0.41,654.66,1568.0,239.0,4.59,0.7,9.27,1253.0,219.0,3.67,0.64,10.62,686.0,150.0,2.01,0.44,13.29,3032.0,321.0,8.88,0.94,6.44,1654.0,232.0,4.84,0.68,8.53,1327.0,205.0,3.89,0.6,9.39,4065.0,352.0,11.9,1.03,5.26,4617.0,372.0,13.52,1.09,4.9,8858.0,499.0,25.94,1.46,3.42,3290.0,389.0,9.63,1.14,7.19,1692.0,273.0,4.95,0.8,9.81,2096.0,260.0,6.14,0.76,7.54,2301.0,306.0,6.99,0.93,8.08,1498.0,240.0,4.55,0.73,9.74,3078.0,333.0,9.35,1.01,6.58,2794.0,323.0,8.49,0.98,7.03,3334.0,346.0,10.13,1.05,6.31,5645.0,408.0,17.14,1.24,4.39,3996.0,349.0,12.14,1.06,5.31,4937.0,389.0,14.99,1.18,4.79,2534.0,273.0,7.7,0.83,6.55,2813.0,290.0,8.54,0.88,6.27,25803.0,441.0,78.36,1.34,1.04,8765.0,428.0,26.62,1.3,2.97,4843.0,349.0,14.71,1.06,4.38,1758.0,247.0,5.34,0.75,8.54,1153.0,237.0,3.5,0.72,12.5,4051.0,372.0,12.3,1.13,5.58,62775.0,645.0,91.51,0.94,0.62,44864.0,1146.0,65.4,1.67,1.55,24421.0,1077.0,35.6,1.57,2.68,5821.0,645.0,8.49,0.94,6.74,32697.0,598.0,47.54,0.87,1.11,36082.0,598.0,52.46,0.87,1.01,4488.0,413.0,6.53,0.6,5.59,3823.0,337.0,5.56,0.49,5.36,2790.0,316.0,4.06,0.46,6.89,2948.0,365.0,4.29,0.53,7.53,3680.0,365.0,5.35,0.53,6.03,11988.0,695.0,17.43,1.01,3.52,9570.0,516.0,13.91,0.75,3.28,9992.0,536.0,14.53,0.78,3.26,4246.0,358.0,6.17,0.52,5.13,4259.0,378.0,6.19,0.55,5.4,6194.0,447.0,9.01,0.65,4.39,3343.0,330.0,4.86,0.48,6.0,1447.0,206.0,2.1,0.3,8.65,55940.0,605.0,81.33,0.88,0.66,10994.0,571.0,15.98,0.83,3.16,51338.0,1176.0,74.64,1.71,1.39,1404.0,351.0,2.04,0.51,15.2,179.0,199.0,0.26,0.29,67.58,9467.0,818.0,13.76,1.19,5.25,20.0,144.0,0.03,0.21,437.69,4311.0,860.0,6.27,1.25,12.13,2057.0,447.0,2.99,0.65,13.21,11356.0,1025.0,16.51,1.49,5.49,57423.0,1025.0,83.49,1.49,1.09,45403.0,1197.0,66.01,1.74,1.6,1230.0,344.0,1.79,0.5,17.0,73.0,144.0,0.11,0.21,119.92,9443.0,812.0,13.73,1.18,5.23,20.0,144.0,0.03,0.21,437.69,132.0,165.0,0.19,0.24,75.99,1137.0,289.0,1.65,0.42,15.45
11210,11210,11210,21258.0,,100,,,7877.0,347.0,37.05,1.63,2.68,19971.0,786.0,29.99,1.18,2.39,1059.0,182.0,5.3,0.91,10.45,1009.0,208.0,5.05,1.04,12.53,7537.0,407.0,37.74,2.04,3.28,4278.0,342.0,21.42,1.71,4.86,6088.0,377.0,30.48,1.89,3.76,42783.0,1218.0,64.25,1.83,1.73,2502.0,334.0,5.85,0.78,8.12,2412.0,278.0,5.64,0.65,7.01,12687.0,595.0,29.65,1.39,2.85,14839.0,595.0,34.68,1.39,2.44,49710.0,1218.0,74.66,1.83,1.49,927.0,144.0,1.86,0.29,9.44,66545.0,47.0,99.94,0.07,0.04,4998.0,359.0,7.51,0.54,4.37,16846.0,746.0,25.3,1.12,2.69,339.0,128.0,2.01,0.76,22.95,41692.0,872.0,62.62,1.31,1.27,2267.0,242.0,5.44,0.58,6.49,8010.0,346.0,12.03,0.52,2.63,2392.0,195.0,29.86,2.44,4.96,65691.0,1165.0,98.66,1.75,1.08,62105.0,506.0,94.54,0.77,0.5,3248.0,493.0,4.94,0.75,9.23,345.0,145.0,0.53,0.22,25.55,66584.0,,100,,,38592.0,859.0,57.96,1.29,1.35,37505.0,859.0,56.33,1.29,1.39,1085.0,206.0,1.63,0.31,11.54,27992.0,866.0,42.04,1.3,1.88,17459.0,619.0,62.37,2.21,2.16,10533.0,619.0,37.63,2.21,3.57,1990.0,224.0,7.11,0.8,6.84,3140.0,451.0,11.22,1.61,8.73,801.0,238.0,2.86,0.85,18.06,19.0,123.0,0.07,0.44,393.54,21942.0,507.0,78.39,1.81,1.4,99.0,112.0,0.35,0.4,68.77,62086.0,1585.0,93.24,2.38,1.55,39776.0,1130.0,64.07,1.82,1.73,12081.0,913.0,19.46,1.47,4.59,4370.0,590.0,7.04,0.95,8.21,51741.0,1285.0,77.71,1.93,1.51,32201.0,621.0,62.24,1.2,1.17,29774.0,626.0,57.54,1.21,1.28,2405.0,295.0,4.65,0.57,7.46,23.0,124.0,0.04,0.24,327.74,19540.0,621.0,37.77,1.2,1.93,,,7.47,0.9,7.46,29081.0,626.0,43.68,0.94,1.31,8264.0,439.0,28.42,1.51,3.23,1480.0,212.0,5.09,0.73,8.71,16515.0,480.0,56.79,1.65,1.77,1670.0,230.0,5.74,0.79,8.37,831.0,157.0,2.86,0.54,11.49,29773.0,679.0,44.71,1.02,1.39,3.0,128.0,0.01,0.43,2593.72,1329.0,235.0,4.46,0.79,10.75,649.0,143.0,2.18,0.48,13.39,599.0,137.0,2.01,0.46,13.9,2437.0,289.0,8.19,0.97,7.21,2583.0,274.0,8.68,0.92,6.45,609.0,146.0,2.05,0.49,14.57,2529.0,286.0,8.49,0.96,6.87,3040.0,298.0,10.21,1.0,5.96,11435.0,470.0,38.41,1.58,2.5,1626.0,229.0,5.46,0.77,8.56,1576.0,244.0,5.29,0.82,9.41,1351.0,197.0,4.54,0.66,8.86,1473.0,200.0,6.93,0.94,8.25,979.0,181.0,4.61,0.85,11.24,1844.0,221.0,8.67,1.04,7.29,1975.0,238.0,9.29,1.12,7.33,2939.0,283.0,13.83,1.33,5.85,3778.0,310.0,17.77,1.46,4.99,2979.0,266.0,14.01,1.25,5.43,3019.0,264.0,14.2,1.24,5.32,1138.0,159.0,5.35,0.75,8.49,1138.0,157.0,5.35,0.74,8.39,17897.0,272.0,84.19,1.28,0.92,5169.0,281.0,24.32,1.32,3.3,3054.0,238.0,14.37,1.12,4.74,1343.0,181.0,6.32,0.85,8.19,799.0,168.0,3.76,0.79,12.78,4490.0,325.0,21.12,1.53,4.4,61514.0,539.0,92.44,0.81,0.53,40396.0,1098.0,60.7,1.65,1.65,26482.0,1105.0,39.8,1.66,2.54,5031.0,539.0,7.56,0.81,6.51,30018.0,566.0,45.08,0.85,1.15,36566.0,566.0,54.92,0.85,0.94,4498.0,393.0,6.76,0.59,5.31,4661.0,366.0,7.0,0.55,4.77,4776.0,373.0,7.17,0.56,4.75,4926.0,393.0,7.4,0.59,4.85,4921.0,393.0,7.39,0.59,4.85,9263.0,566.0,13.91,0.85,3.71,9030.0,519.0,13.56,0.78,3.49,8434.0,479.0,12.67,0.72,3.45,4236.0,326.0,6.36,0.49,4.68,3813.0,340.0,5.73,0.51,5.42,4889.0,380.0,7.34,0.57,4.72,2261.0,233.0,3.4,0.35,6.26,861.0,140.0,1.29,0.21,9.88,49733.0,613.0,74.69,0.92,0.75,8011.0,413.0,12.03,0.62,3.13,19037.0,666.0,28.59,1.0,2.13,40643.0,919.0,61.04,1.38,1.37,55.0,127.0,0.08,0.19,140.37,2896.0,579.0,4.35,0.87,12.15,0.0,,0.0,,,2664.0,553.0,4.0,0.83,12.62,1297.0,326.0,1.95,0.49,15.28,5122.0,646.0,7.69,0.97,7.67,61462.0,646.0,92.31,0.97,0.64,17721.0,599.0,26.61,0.9,2.05,39345.0,899.0,59.09,1.35,1.39,27.0,127.0,0.04,0.19,285.94,2887.0,579.0,4.34,0.87,12.19,0.0,,0.0,,,294.0,160.0,0.44,0.24,33.08,1173.0,320.0,1.76,0.48,16.58
11211,11211,"11211, 11249",44931.0,,100,,,11941.0,553.0,26.58,1.23,2.82,23816.0,1076.0,23.91,1.08,2.75,2492.0,300.0,10.46,1.26,7.32,2055.0,267.0,8.63,1.12,7.9,9082.0,488.0,38.13,2.05,3.27,4171.0,417.0,17.51,1.75,6.08,6021.0,438.0,25.28,1.84,4.42,66148.0,1415.0,66.4,1.42,1.3,5138.0,562.0,7.77,0.85,6.65,6129.0,556.0,9.27,0.84,5.51,12983.0,747.0,19.63,1.13,3.5,30521.0,893.0,46.14,1.35,1.78,75001.0,1793.0,75.29,1.8,1.45,969.0,240.0,1.29,0.32,15.06,99442.0,80.0,99.83,0.08,0.05,7913.0,686.0,7.96,0.69,5.27,24608.0,1166.0,24.7,1.17,2.88,418.0,153.0,1.7,0.62,22.25,67119.0,1385.0,67.38,1.39,1.25,4078.0,510.0,6.08,0.76,7.6,7712.0,508.0,7.74,0.51,4.0,3422.0,305.0,44.37,3.95,5.42,97376.0,2192.0,97.75,2.2,1.37,86925.0,876.0,89.27,0.9,0.61,9525.0,828.0,9.78,0.85,5.28,930.0,263.0,0.96,0.27,17.19,99616.0,,100,,,78578.0,1106.0,78.88,1.11,0.86,74188.0,1076.0,74.47,1.08,0.88,4382.0,508.0,4.4,0.51,7.05,21037.0,1106.0,21.12,1.11,3.2,11085.0,539.0,52.69,2.56,2.96,9953.0,539.0,47.31,2.56,3.29,6666.0,553.0,31.69,2.63,5.04,4488.0,480.0,21.33,2.28,6.5,436.0,231.0,2.07,1.1,32.21,332.0,166.0,1.58,0.79,30.4,8420.0,581.0,40.02,2.76,4.19,697.0,231.0,3.31,1.1,20.15,89450.0,2172.0,89.8,2.18,1.48,39094.0,1279.0,43.7,1.43,1.99,19392.0,1047.0,21.68,1.17,3.28,20366.0,1073.0,22.77,1.2,3.2,77109.0,2012.0,77.41,2.02,1.59,53393.0,871.0,69.24,1.13,0.99,50323.0,910.0,65.26,1.18,1.1,3070.0,432.0,3.98,0.56,8.55,0.0,,0.0,,,23715.0,871.0,30.76,1.13,2.23,,,5.75,0.8,8.55,49494.0,907.0,49.69,0.91,1.11,4699.0,460.0,9.49,0.93,5.95,1212.0,228.0,2.45,0.46,11.44,30902.0,767.0,62.44,1.55,1.51,7406.0,535.0,14.96,1.08,4.39,3404.0,411.0,6.88,0.83,7.34,50319.0,897.0,50.51,0.9,1.08,53.0,141.0,0.11,0.28,161.73,1155.0,231.0,2.3,0.46,12.16,2279.0,312.0,4.53,0.62,8.32,1452.0,267.0,2.89,0.53,11.18,4911.0,483.0,9.76,0.96,5.98,1089.0,231.0,2.16,0.46,12.89,4676.0,453.0,9.29,0.9,5.89,4210.0,418.0,8.37,0.83,6.04,10793.0,704.0,21.45,1.4,3.97,10231.0,599.0,20.33,1.19,3.56,6466.0,533.0,12.85,1.06,5.01,2063.0,297.0,4.1,0.59,8.75,944.0,231.0,1.88,0.46,14.88,4185.0,449.0,9.31,1.0,6.52,3522.0,427.0,7.84,0.95,7.37,4112.0,454.0,9.15,1.01,6.71,3747.0,449.0,8.34,1.0,7.28,4216.0,436.0,9.38,0.97,6.29,5414.0,481.0,12.05,1.07,5.4,4865.0,494.0,10.83,1.1,6.17,6283.0,499.0,13.98,1.11,4.83,3557.0,413.0,7.92,0.92,7.06,5023.0,436.0,11.18,0.97,5.28,37913.0,562.0,84.38,1.25,0.9,6880.0,485.0,15.31,1.08,4.29,2051.0,310.0,4.56,0.69,9.19,2912.0,391.0,6.48,0.87,8.16,1879.0,341.0,4.18,0.76,11.03,10424.0,575.0,23.2,1.28,3.35,90610.0,865.0,91.12,0.87,0.58,53595.0,1631.0,53.9,1.64,1.85,44393.0,1541.0,44.64,1.55,2.11,8832.0,865.0,8.88,0.87,5.95,49706.0,897.0,49.9,0.9,1.1,49909.0,897.0,50.1,0.9,1.09,10166.0,657.0,10.21,0.66,3.93,6326.0,458.0,6.35,0.46,4.4,5164.0,488.0,5.18,0.49,5.74,4864.0,488.0,4.88,0.49,6.1,6950.0,638.0,6.98,0.64,5.58,27687.0,1086.0,27.79,1.09,2.38,14951.0,797.0,15.01,0.8,3.24,8533.0,638.0,8.57,0.64,4.55,3653.0,448.0,3.67,0.45,7.46,3436.0,418.0,3.45,0.42,7.4,4304.0,458.0,4.32,0.46,6.47,2105.0,309.0,2.11,0.31,8.92,1478.0,259.0,1.48,0.26,10.65,75001.0,877.0,75.29,0.88,0.71,7867.0,578.0,7.9,0.58,4.47,76819.0,1534.0,77.12,1.54,1.21,6191.0,1006.0,6.21,1.01,9.88,335.0,289.0,0.34,0.29,52.44,5324.0,578.0,5.34,0.58,6.6,28.0,149.0,0.03,0.15,323.49,8447.0,1146.0,8.48,1.15,8.25,2488.0,458.0,2.5,0.46,11.19,25360.0,1166.0,25.46,1.17,2.8,74255.0,1166.0,74.54,1.17,0.95,63154.0,1305.0,63.4,1.31,1.26,3832.0,657.0,3.85,0.66,10.42,138.0,179.0,0.14,0.18,78.85,5302.0,578.0,5.32,0.58,6.63,28.0,149.0,0.03,0.15,323.49,372.0,199.0,0.37,0.2,32.52,1432.0,279.0,1.44,0.28,11.84
11212,11212,11212,32242.0,,100,,,11668.0,609.0,36.19,1.89,3.17,23403.0,1346.0,26.95,1.55,3.5,1707.0,297.0,7.29,1.27,10.58,1563.0,300.0,6.68,1.28,11.67,9500.0,587.0,40.59,2.51,3.76,5327.0,513.0,22.76,2.19,5.85,5309.0,484.0,22.69,2.07,5.54,55380.0,1720.0,63.77,1.98,1.89,5481.0,581.0,9.9,1.05,6.44,8338.0,665.0,15.06,1.2,4.85,19968.0,886.0,36.06,1.6,2.7,7429.0,626.0,13.41,1.13,5.12,64095.0,2119.0,73.8,2.44,2.01,1138.0,244.0,1.78,0.38,13.03,86483.0,747.0,99.58,0.86,0.53,10954.0,839.0,12.67,0.97,4.66,22684.0,1390.0,26.12,1.6,3.73,1099.0,318.0,4.84,1.4,17.59,54056.0,1259.0,62.24,1.45,1.42,6298.0,600.0,11.65,1.11,5.79,9751.0,582.0,11.23,0.67,3.63,3560.0,335.0,36.51,3.44,5.72,85569.0,2805.0,98.53,3.23,1.99,78151.0,839.0,91.33,0.98,0.65,6906.0,813.0,8.07,0.95,7.16,502.0,205.0,0.59,0.24,24.82,86845.0,,100,,,56792.0,1216.0,65.39,1.4,1.3,54497.0,1225.0,62.75,1.41,1.37,2301.0,417.0,2.65,0.48,11.02,30053.0,1155.0,34.61,1.33,2.34,16919.0,703.0,56.3,2.34,2.53,13134.0,703.0,43.7,2.34,3.25,325.0,195.0,1.08,0.65,36.47,864.0,316.0,2.87,1.05,22.23,1310.0,352.0,4.36,1.17,16.33,11.0,123.0,0.04,0.41,679.75,27518.0,481.0,91.57,1.6,1.06,23.0,129.0,0.08,0.43,340.95,79759.0,2571.0,91.84,2.96,1.96,63561.0,1220.0,79.69,1.53,1.17,6823.0,726.0,8.55,0.91,6.47,10822.0,1013.0,13.57,1.27,5.69,66778.0,1997.0,76.89,2.3,1.82,36135.0,1042.0,54.11,1.56,1.75,31285.0,1008.0,46.85,1.51,1.96,4852.0,561.0,7.27,0.84,7.03,0.0,,0.0,,,30643.0,1042.0,45.89,1.56,2.07,,,13.43,1.5,7.03,30422.0,964.0,35.03,1.11,1.93,5524.0,514.0,18.16,1.69,5.66,1288.0,283.0,4.23,0.93,13.36,20729.0,621.0,68.14,2.04,1.82,1881.0,335.0,6.18,1.1,10.83,551.0,161.0,1.81,0.53,17.76,31286.0,964.0,36.03,1.11,1.87,15.0,125.0,0.05,0.4,506.59,1396.0,266.0,4.46,0.85,11.58,461.0,160.0,1.47,0.51,21.1,298.0,150.0,0.95,0.48,30.6,3663.0,463.0,11.71,1.48,7.68,3216.0,385.0,10.28,1.23,7.28,390.0,160.0,1.25,0.51,24.94,1397.0,260.0,4.47,0.83,11.31,2708.0,369.0,8.66,1.18,8.28,11906.0,654.0,38.05,2.09,3.34,2412.0,372.0,7.71,1.19,9.38,2013.0,332.0,6.43,1.06,10.03,1405.0,266.0,4.49,0.85,11.51,7190.0,561.0,22.3,1.74,4.74,2883.0,361.0,8.94,1.12,7.61,4543.0,471.0,14.09,1.46,6.3,3575.0,416.0,11.09,1.29,7.07,4528.0,458.0,14.04,1.42,6.15,4579.0,432.0,14.2,1.34,5.74,2340.0,316.0,7.26,0.98,8.21,1913.0,300.0,5.93,0.93,9.53,398.0,142.0,1.23,0.44,21.69,289.0,135.0,0.9,0.42,28.4,21765.0,580.0,67.51,1.8,1.62,8063.0,506.0,25.01,1.57,3.81,3491.0,355.0,10.83,1.1,6.18,4343.0,442.0,13.47,1.37,6.19,3533.0,419.0,10.96,1.3,7.21,13183.0,622.0,40.89,1.93,2.87,76919.0,882.0,88.94,1.02,0.7,35031.0,1522.0,40.51,1.76,2.64,49570.0,1444.0,57.32,1.67,1.77,9564.0,882.0,11.06,1.02,5.61,36826.0,964.0,42.4,1.11,1.59,50019.0,964.0,57.6,1.11,1.17,7086.0,677.0,8.16,0.78,5.81,5307.0,556.0,6.11,0.64,6.37,6551.0,591.0,7.54,0.68,5.48,6321.0,617.0,7.28,0.71,5.93,6192.0,599.0,7.13,0.69,5.88,13799.0,842.0,15.89,0.97,3.71,11117.0,756.0,12.8,0.87,4.13,11702.0,738.0,13.47,0.85,3.83,4734.0,478.0,5.45,0.55,6.14,4111.0,478.0,4.73,0.55,7.07,5882.0,521.0,6.77,0.6,5.38,2865.0,365.0,3.3,0.42,7.74,1150.0,217.0,1.32,0.25,11.47,64095.0,1120.0,73.8,1.29,1.06,9906.0,686.0,11.41,0.79,4.21,4778.0,834.0,5.5,0.96,10.61,72844.0,1268.0,83.88,1.46,1.06,262.0,182.0,0.3,0.21,42.23,1327.0,504.0,1.53,0.58,23.09,0.0,,0.0,,,6158.0,842.0,7.09,0.97,8.31,1474.0,426.0,1.7,0.49,17.57,14774.0,1294.0,17.01,1.49,5.32,72071.0,1294.0,82.99,1.49,1.09,1094.0,295.0,1.26,0.34,16.39,68680.0,1363.0,79.08,1.57,1.21,185.0,174.0,0.21,0.2,57.18,1313.0,495.0,1.51,0.57,22.92,0.0,,0.0,,,250.0,217.0,0.29,0.25,52.77,556.0,217.0,0.64,0.25,23.73
11213,11213,11213,25335.0,,100,,,8514.0,438.0,33.61,1.73,3.13,18088.0,889.0,27.67,1.36,2.99,1152.0,206.0,6.37,1.14,10.87,969.0,186.0,5.36,1.03,11.67,6801.0,450.0,37.6,2.49,4.02,3801.0,362.0,21.01,2.0,5.79,5363.0,403.0,29.65,2.23,4.57,42060.0,1419.0,64.33,2.17,2.05,3238.0,395.0,7.7,0.94,7.42,4569.0,437.0,10.86,1.04,5.81,12842.0,707.0,30.53,1.68,3.35,10621.0,644.0,25.25,1.53,3.69,49372.0,1680.0,75.52,2.57,2.07,973.0,207.0,1.97,0.42,12.93,65058.0,1249.0,99.51,1.91,1.17,6280.0,501.0,9.65,0.77,4.85,15960.0,889.0,24.41,1.36,3.39,547.0,176.0,3.43,1.1,19.56,42088.0,1262.0,64.38,1.93,1.82,3404.0,379.0,8.09,0.9,6.77,6995.0,327.0,10.7,0.5,2.84,2315.0,227.0,33.1,3.25,5.96,64510.0,1569.0,98.67,2.4,1.48,59522.0,639.0,92.27,0.99,0.65,4325.0,587.0,6.7,0.91,8.25,670.0,245.0,1.04,0.38,22.23,65378.0,,100,,,41426.0,1066.0,63.36,1.63,1.56,39077.0,1059.0,59.77,1.62,1.65,2343.0,360.0,3.58,0.55,9.34,23952.0,1033.0,36.64,1.58,2.62,13702.0,608.0,57.21,2.54,2.7,10250.0,608.0,42.79,2.54,3.61,1672.0,309.0,6.98,1.29,11.23,2051.0,381.0,8.56,1.59,11.29,734.0,232.0,3.06,0.97,19.21,44.0,105.0,0.18,0.44,145.07,19212.0,537.0,80.21,2.24,1.7,241.0,129.0,1.01,0.54,32.54,60457.0,2020.0,92.47,3.09,2.03,43391.0,1149.0,71.77,1.9,1.61,6295.0,677.0,10.41,1.12,6.54,5738.0,719.0,9.49,1.19,7.62,51489.0,1752.0,78.76,2.68,2.07,30988.0,767.0,60.18,1.49,1.5,28156.0,752.0,54.68,1.46,1.62,2791.0,355.0,5.42,0.69,7.73,37.0,118.0,0.07,0.23,193.87,20501.0,767.0,39.82,1.49,2.27,,,9.01,1.12,7.73,27364.0,575.0,41.85,0.88,1.28,3994.0,386.0,14.6,1.41,5.88,958.0,222.0,3.5,0.81,14.09,18093.0,520.0,66.12,1.9,1.75,2663.0,331.0,9.73,1.21,7.56,1127.0,230.0,4.12,0.84,12.41,28157.0,713.0,43.07,1.09,1.54,21.0,118.0,0.07,0.42,341.58,1191.0,231.0,4.23,0.82,11.79,513.0,146.0,1.82,0.52,17.3,550.0,166.0,1.95,0.59,18.35,2733.0,349.0,9.71,1.24,7.76,2130.0,298.0,7.56,1.06,8.5,1029.0,206.0,3.65,0.73,12.17,1605.0,276.0,5.7,0.98,10.45,2904.0,349.0,10.31,1.24,7.31,9925.0,558.0,35.25,1.98,3.42,2459.0,352.0,8.73,1.25,8.7,1939.0,301.0,6.89,1.07,9.44,1151.0,234.0,4.09,0.83,12.36,3939.0,372.0,15.55,1.47,5.74,1951.0,256.0,7.7,1.01,7.98,3344.0,355.0,13.2,1.4,6.45,2674.0,309.0,10.55,1.22,7.02,3461.0,393.0,13.66,1.55,6.9,4393.0,418.0,17.34,1.65,5.78,2149.0,279.0,8.48,1.1,7.89,2186.0,289.0,8.63,1.14,8.04,715.0,185.0,2.82,0.73,15.73,514.0,152.0,2.03,0.6,17.98,19075.0,390.0,75.29,1.54,1.24,6054.0,362.0,23.9,1.43,3.63,2599.0,251.0,10.26,0.99,5.87,2263.0,279.0,8.93,1.1,7.49,1803.0,256.0,7.12,1.01,8.63,7955.0,446.0,31.4,1.76,3.41,56583.0,735.0,86.97,1.13,0.79,33356.0,1308.0,51.27,2.01,2.38,30559.0,1197.0,46.97,1.84,2.38,8475.0,735.0,13.03,1.13,5.27,29431.0,745.0,45.02,1.14,1.54,35947.0,745.0,54.98,1.14,1.26,4921.0,464.0,7.53,0.71,5.73,4162.0,392.0,6.37,0.6,5.73,4104.0,412.0,6.28,0.63,6.1,4530.0,471.0,6.93,0.72,6.32,5591.0,490.0,8.55,0.75,5.33,10955.0,641.0,16.76,0.98,3.56,8198.0,569.0,12.54,0.87,4.22,8391.0,595.0,12.83,0.91,4.31,4060.0,418.0,6.21,0.64,6.26,3276.0,373.0,5.01,0.57,6.92,3853.0,353.0,5.89,0.54,5.57,2159.0,268.0,3.3,0.41,7.55,1172.0,209.0,1.79,0.32,10.84,49412.0,713.0,75.58,1.09,0.88,7180.0,418.0,10.98,0.64,3.54,13260.0,974.0,20.28,1.49,4.47,44891.0,1209.0,68.66,1.85,1.64,212.0,163.0,0.32,0.25,46.74,1371.0,386.0,2.1,0.59,17.12,0.0,,0.0,,,3895.0,686.0,5.96,1.05,10.71,1756.0,503.0,2.69,0.77,17.41,7700.0,850.0,11.78,1.3,6.71,57678.0,850.0,88.22,1.3,0.9,12566.0,961.0,19.22,1.47,4.65,42043.0,1151.0,64.31,1.76,1.66,133.0,144.0,0.2,0.22,65.82,1347.0,386.0,2.06,0.59,17.42,0.0,,0.0,,,324.0,209.0,0.5,0.32,39.21,1259.0,405.0,1.93,0.62,19.56
11214,11214,11214,33155.0,,100,,,11161.0,481.0,33.66,1.45,2.62,21362.0,938.0,23.45,1.03,2.67,1315.0,250.0,6.16,1.17,11.56,1047.0,190.0,4.9,0.89,11.03,7673.0,444.0,35.92,2.08,3.52,4377.0,359.0,20.49,1.68,4.99,6953.0,457.0,32.55,2.14,4.0,65443.0,1558.0,71.84,1.71,1.45,9582.0,628.0,14.64,0.96,3.98,6600.0,563.0,10.09,0.86,5.19,17937.0,805.0,27.41,1.23,2.73,19545.0,798.0,29.87,1.22,2.48,72296.0,1685.0,79.36,1.85,1.42,1453.0,224.0,2.01,0.31,9.37,90816.0,592.0,99.69,0.65,0.4,9959.0,627.0,10.97,0.69,3.83,18777.0,884.0,20.61,0.97,2.86,396.0,145.0,2.11,0.77,22.26,58018.0,993.0,63.69,1.09,1.04,3721.0,377.0,6.41,0.65,6.16,14030.0,556.0,15.4,0.61,2.41,5850.0,342.0,41.7,2.44,3.55,89943.0,1977.0,98.73,2.17,1.34,81235.0,953.0,90.32,1.06,0.71,7533.0,881.0,8.38,0.98,7.11,1169.0,360.0,1.3,0.4,18.72,91101.0,,100,,,41011.0,1139.0,45.02,1.25,1.69,39025.0,1111.0,42.84,1.22,1.73,1988.0,374.0,2.18,0.41,11.44,50090.0,1193.0,54.98,1.31,1.45,30014.0,912.0,59.92,1.82,1.85,20076.0,912.0,40.08,1.82,2.76,15828.0,902.0,31.6,1.8,3.46,27029.0,1007.0,53.96,2.01,2.26,1112.0,301.0,2.22,0.6,16.45,8.0,145.0,0.02,0.29,1101.82,6005.0,816.0,11.99,1.63,8.26,95.0,145.0,0.19,0.29,92.79,85285.0,2141.0,93.62,2.35,1.53,24693.0,1220.0,28.95,1.43,3.0,40571.0,1185.0,47.57,1.39,1.78,8973.0,1143.0,10.52,1.34,7.74,74372.0,1722.0,81.64,1.89,1.41,44398.0,796.0,59.7,1.07,1.09,40964.0,811.0,55.08,1.09,1.2,3406.0,350.0,4.58,0.47,6.25,27.0,149.0,0.04,0.2,335.47,29974.0,796.0,40.3,1.07,1.61,,,7.67,0.78,6.25,39755.0,820.0,43.64,0.9,1.25,9057.0,521.0,22.78,1.31,3.5,2491.0,366.0,6.27,0.92,8.93,24319.0,664.0,61.17,1.67,1.66,2497.0,310.0,6.28,0.78,7.55,820.0,203.0,2.06,0.51,15.05,40962.0,811.0,44.96,0.89,1.2,46.0,143.0,0.11,0.35,188.98,3222.0,422.0,7.87,1.03,7.96,2506.0,315.0,6.12,0.77,7.64,1054.0,209.0,2.57,0.51,12.05,4327.0,418.0,10.56,1.02,5.87,2844.0,324.0,6.94,0.79,6.93,1041.0,217.0,2.54,0.53,12.67,3504.0,377.0,8.55,0.92,6.54,4613.0,393.0,11.26,0.96,5.18,10647.0,545.0,25.99,1.33,3.11,3923.0,393.0,9.58,0.96,6.09,2283.0,295.0,5.57,0.72,7.86,967.0,172.0,2.36,0.42,10.81,2955.0,308.0,8.91,0.93,6.34,1908.0,255.0,5.75,0.77,8.12,3507.0,348.0,10.58,1.05,6.03,3680.0,371.0,11.1,1.12,6.13,3969.0,365.0,11.97,1.1,5.59,5597.0,454.0,16.88,1.37,4.93,3800.0,358.0,11.46,1.08,5.73,4441.0,375.0,13.39,1.13,5.13,1909.0,262.0,5.76,0.79,8.34,1386.0,212.0,4.18,0.64,9.3,25669.0,434.0,77.42,1.31,1.03,9406.0,448.0,28.37,1.35,2.9,3624.0,318.0,10.93,0.96,5.33,3694.0,338.0,11.14,1.02,5.56,1198.0,186.0,3.61,0.56,9.44,7717.0,471.0,23.28,1.42,3.71,79945.0,854.0,88.03,0.94,0.65,41932.0,1389.0,46.17,1.53,2.01,43912.0,1326.0,48.35,1.46,1.84,10871.0,854.0,11.97,0.94,4.78,44566.0,720.0,48.92,0.79,0.98,46534.0,720.0,51.08,0.79,0.94,5816.0,528.0,6.38,0.58,5.52,5128.0,446.0,5.63,0.49,5.29,4750.0,401.0,5.21,0.44,5.13,4511.0,383.0,4.95,0.42,5.16,5468.0,474.0,6.0,0.52,5.27,14388.0,884.0,15.79,0.97,3.73,12836.0,692.0,14.09,0.76,3.28,12544.0,656.0,13.77,0.72,3.18,6311.0,483.0,6.93,0.53,4.65,5114.0,428.0,5.61,0.47,5.09,7265.0,483.0,7.97,0.53,4.04,4350.0,419.0,4.77,0.46,5.86,2640.0,337.0,2.9,0.37,7.76,72324.0,774.0,79.39,0.85,0.65,14257.0,683.0,15.65,0.75,2.91,47948.0,1530.0,52.63,1.68,1.94,1245.0,346.0,1.37,0.38,16.89,176.0,210.0,0.19,0.23,72.53,32957.0,1421.0,36.18,1.56,2.62,4.0,146.0,0.0,0.16,2218.84,7529.0,1239.0,8.26,1.36,10.0,1238.0,383.0,1.36,0.42,18.81,13130.0,1357.0,14.41,1.49,6.28,77970.0,1357.0,85.59,1.49,1.06,42775.0,1448.0,46.95,1.59,2.06,970.0,282.0,1.06,0.31,17.67,64.0,155.0,0.07,0.17,147.23,32834.0,1421.0,36.04,1.56,2.63,4.0,146.0,0.0,0.16,2218.84,412.0,264.0,0.45,0.29,38.95,889.0,337.0,0.98,0.37,23.04
11215,11215,11215,32516.0,,100,,,9672.0,462.0,29.75,1.42,2.9,14322.0,683.0,20.13,0.96,2.9,1878.0,262.0,13.11,1.83,8.48,1122.0,221.0,7.83,1.54,11.97,5282.0,377.0,36.88,2.63,4.34,2283.0,285.0,15.94,1.99,7.59,3757.0,364.0,26.23,2.54,5.89,52721.0,1209.0,74.12,1.7,1.39,1877.0,316.0,3.56,0.6,10.23,2006.0,316.0,3.8,0.6,9.58,4024.0,380.0,7.63,0.72,5.74,38859.0,733.0,73.71,1.39,1.15,56857.0,1252.0,79.93,1.76,1.34,1115.0,193.0,1.96,0.34,10.52,70992.0,960.0,99.8,1.35,0.82,4426.0,426.0,6.23,0.6,5.85,14225.0,683.0,20.0,0.96,2.92,314.0,129.0,2.21,0.91,24.97,50218.0,960.0,70.6,1.35,1.16,2217.0,291.0,4.41,0.58,7.98,6553.0,420.0,9.21,0.59,3.9,1894.0,215.0,28.9,3.28,6.9,70032.0,1650.0,98.45,2.32,1.43,58413.0,973.0,83.41,1.39,1.01,10469.0,945.0,14.95,1.35,5.49,1151.0,301.0,1.64,0.43,15.9,71132.0,,100,,,59170.0,740.0,83.18,1.04,0.76,56457.0,768.0,79.37,1.08,0.83,2708.0,370.0,3.81,0.52,8.31,11962.0,747.0,16.82,1.05,3.8,5989.0,426.0,50.07,3.56,4.32,5973.0,426.0,49.93,3.56,4.34,3727.0,345.0,31.16,2.88,5.63,3338.0,330.0,27.9,2.76,6.01,210.0,105.0,1.76,0.88,30.4,325.0,144.0,2.72,1.2,26.93,3939.0,368.0,32.93,3.08,5.68,423.0,144.0,3.54,1.2,20.69,65491.0,1522.0,92.07,2.14,1.41,49009.0,937.0,74.83,1.43,1.16,4734.0,517.0,7.23,0.79,6.64,9052.0,753.0,13.82,1.15,5.06,58058.0,1167.0,81.62,1.64,1.22,45316.0,668.0,78.05,1.15,0.9,43100.0,691.0,74.24,1.19,0.97,2182.0,284.0,3.76,0.49,7.91,29.0,122.0,0.05,0.21,255.74,12743.0,668.0,21.95,1.15,3.19,,,4.82,0.62,7.91,42315.0,640.0,59.49,0.9,0.92,3885.0,372.0,9.18,0.88,5.82,1017.0,216.0,2.4,0.51,12.91,28365.0,622.0,67.03,1.47,1.33,3267.0,339.0,7.72,0.8,6.31,4161.0,444.0,9.83,1.05,6.49,43105.0,612.0,60.6,0.86,0.86,0.0,,0.0,,,768.0,168.0,1.78,0.39,13.3,1086.0,216.0,2.52,0.5,12.09,763.0,164.0,1.77,0.38,13.07,2845.0,341.0,6.6,0.79,7.29,652.0,164.0,1.51,0.38,15.29,4342.0,392.0,10.07,0.91,5.49,4081.0,409.0,9.47,0.95,6.09,10077.0,608.0,23.38,1.41,3.67,10324.0,608.0,23.95,1.41,3.58,4679.0,509.0,10.85,1.18,6.61,2044.0,302.0,4.74,0.7,8.98,1447.0,246.0,3.36,0.57,10.33,1408.0,254.0,4.33,0.78,10.97,915.0,215.0,2.81,0.66,14.28,1179.0,218.0,3.63,0.67,11.24,1084.0,224.0,3.33,0.69,12.56,2199.0,309.0,6.76,0.95,8.54,4176.0,413.0,12.84,1.27,6.01,3674.0,371.0,11.3,1.14,6.14,6495.0,488.0,19.97,1.5,4.57,4200.0,393.0,12.92,1.21,5.69,7175.0,458.0,22.07,1.41,3.88,28976.0,338.0,89.11,1.04,0.71,5386.0,380.0,16.56,1.17,4.29,2855.0,293.0,8.78,0.9,6.24,859.0,172.0,2.64,0.53,12.17,236.0,120.0,0.73,0.37,30.91,1763.0,257.0,5.42,0.79,8.86,66767.0,525.0,94.05,0.74,0.48,59505.0,816.0,83.82,1.15,0.83,11660.0,703.0,16.42,0.99,3.67,4225.0,525.0,5.95,0.74,7.55,34185.0,669.0,48.06,0.94,1.19,36948.0,669.0,51.94,0.94,1.1,5641.0,484.0,7.93,0.68,5.22,4204.0,398.0,5.91,0.56,5.76,2796.0,313.0,3.93,0.44,6.81,2073.0,277.0,2.91,0.39,8.12,3702.0,448.0,5.2,0.63,7.36,16625.0,846.0,23.37,1.19,3.09,14221.0,647.0,19.99,0.91,2.77,8591.0,569.0,12.08,0.8,4.03,3480.0,377.0,4.89,0.53,6.59,3209.0,377.0,4.51,0.53,7.14,4365.0,377.0,6.14,0.53,5.25,1529.0,277.0,2.15,0.39,11.01,669.0,149.0,0.94,0.21,13.54,56886.0,583.0,79.97,0.82,0.62,6583.0,455.0,9.25,0.64,4.2,53710.0,1039.0,75.51,1.46,1.18,3336.0,498.0,4.69,0.7,9.07,182.0,149.0,0.26,0.21,49.77,5383.0,562.0,7.57,0.79,6.35,0.0,,0.0,,,4497.0,662.0,6.32,0.93,8.95,4050.0,562.0,5.69,0.79,8.44,12368.0,868.0,17.39,1.22,4.27,58765.0,868.0,82.61,1.22,0.9,47435.0,1067.0,66.69,1.5,1.37,2651.0,413.0,3.73,0.58,9.47,105.0,142.0,0.15,0.2,82.21,5313.0,555.0,7.47,0.78,6.35,0.0,,0.0,,,405.0,164.0,0.57,0.23,24.62,2855.0,477.0,4.01,0.67,10.16
11216,11216,11216,25627.0,,100,,,5522.0,390.0,21.55,1.52,4.29,12485.0,743.0,22.18,1.32,3.62,959.0,195.0,7.68,1.56,12.36,499.0,130.0,4.0,1.04,15.84,3710.0,316.0,29.72,2.53,5.18,2377.0,293.0,19.04,2.35,7.49,4939.0,401.0,39.56,3.21,4.94,41104.0,1244.0,73.02,2.21,1.84,2417.0,321.0,5.88,0.78,8.07,3973.0,386.0,9.67,0.94,5.91,9154.0,555.0,22.27,1.35,3.69,17038.0,703.0,41.45,1.71,2.51,47034.0,1475.0,83.56,2.62,1.91,1252.0,216.0,2.66,0.46,10.49,56199.0,68.0,99.84,0.12,0.07,5940.0,511.0,10.57,0.91,5.23,9255.0,698.0,16.44,1.24,4.58,456.0,141.0,4.93,1.52,18.8,41332.0,1131.0,73.43,2.01,1.66,3310.0,384.0,8.01,0.93,7.05,5616.0,394.0,9.98,0.7,4.26,2170.0,213.0,38.64,3.8,5.97,55707.0,1576.0,98.96,2.8,1.72,47674.0,758.0,85.58,1.36,0.97,7545.0,735.0,13.54,1.32,5.92,481.0,217.0,0.86,0.39,27.43,56291.0,,100,,,41413.0,850.0,73.57,1.51,1.25,39945.0,873.0,70.96,1.55,1.33,1464.0,276.0,2.6,0.49,11.46,14878.0,867.0,26.43,1.54,3.54,8313.0,475.0,55.88,3.19,3.47,6565.0,475.0,44.13,3.19,4.4,1208.0,244.0,8.12,1.64,12.28,2069.0,365.0,13.91,2.45,10.72,1014.0,263.0,6.82,1.77,15.77,23.0,98.0,0.15,0.66,259.02,10356.0,472.0,69.61,3.17,2.77,207.0,106.0,1.39,0.71,31.13,53420.0,1694.0,94.9,3.01,1.93,43551.0,796.0,81.53,1.49,1.11,3286.0,454.0,6.15,0.85,8.4,4083.0,507.0,7.64,0.95,7.55,48306.0,1458.0,85.82,2.59,1.83,33690.0,667.0,69.74,1.38,1.2,29869.0,720.0,61.83,1.49,1.47,3811.0,420.0,7.89,0.87,6.7,3.0,101.0,0.01,0.21,2046.61,14615.0,667.0,30.26,1.38,2.77,,,11.31,1.23,6.7,29054.0,625.0,51.61,1.11,1.31,3216.0,363.0,11.07,1.25,6.86,597.0,183.0,2.05,0.63,18.63,20892.0,514.0,71.91,1.77,1.5,1679.0,285.0,5.78,0.98,10.32,1203.0,215.0,4.14,0.74,10.86,29876.0,597.0,53.07,1.06,1.21,63.0,105.0,0.21,0.35,101.32,927.0,179.0,3.1,0.6,11.74,1017.0,215.0,3.4,0.72,12.85,561.0,140.0,1.88,0.47,15.17,2534.0,323.0,8.48,1.08,7.75,1522.0,245.0,5.09,0.82,9.79,1790.0,263.0,5.99,0.88,8.93,2093.0,302.0,7.01,1.01,8.77,4632.0,391.0,15.5,1.31,5.13,8336.0,526.0,27.9,1.76,3.84,3515.0,359.0,11.77,1.2,6.21,1869.0,296.0,6.26,0.99,9.63,1016.0,170.0,3.4,0.57,10.17,3059.0,331.0,11.94,1.29,6.58,1704.0,254.0,6.65,0.99,9.06,2403.0,308.0,9.38,1.2,7.79,2120.0,279.0,8.27,1.09,8.0,3114.0,328.0,12.15,1.28,6.4,4407.0,387.0,17.2,1.51,5.34,2964.0,315.0,11.57,1.23,6.46,3399.0,328.0,13.26,1.28,5.87,1303.0,241.0,5.08,0.94,11.24,1159.0,179.0,4.52,0.7,9.39,20012.0,410.0,78.09,1.6,1.25,5077.0,369.0,19.81,1.44,4.42,2613.0,295.0,10.2,1.15,6.86,2070.0,272.0,8.08,1.06,7.99,1524.0,220.0,5.95,0.86,8.78,5546.0,390.0,21.64,1.52,4.27,49244.0,590.0,87.62,1.05,0.73,33195.0,1000.0,59.07,1.78,1.83,20210.0,978.0,35.96,1.74,2.94,6955.0,590.0,12.38,1.05,5.16,27075.0,681.0,48.1,1.21,1.53,29216.0,681.0,51.9,1.21,1.42,2871.0,326.0,5.1,0.58,6.9,2393.0,281.0,4.25,0.5,7.14,2290.0,270.0,4.07,0.48,7.17,2563.0,310.0,4.55,0.55,7.35,5082.0,512.0,9.03,0.91,6.12,14308.0,788.0,25.42,1.4,3.35,8276.0,563.0,14.7,1.0,4.14,6737.0,507.0,11.97,0.9,4.57,3304.0,338.0,5.87,0.6,6.22,2798.0,332.0,4.97,0.59,7.21,3183.0,326.0,5.65,0.58,6.23,1756.0,265.0,3.12,0.47,9.17,737.0,163.0,1.31,0.29,13.44,47036.0,614.0,83.56,1.09,0.79,5689.0,428.0,10.11,0.76,4.57,13280.0,799.0,23.59,1.42,3.66,35962.0,963.0,63.89,1.71,1.63,191.0,141.0,0.34,0.25,44.88,2571.0,456.0,4.57,0.81,10.78,13.0,107.0,0.02,0.19,500.35,2377.0,490.0,4.22,0.87,12.53,1881.0,360.0,3.34,0.64,11.63,5556.0,625.0,9.87,1.11,6.84,50735.0,625.0,90.13,1.11,0.75,11913.0,766.0,21.16,1.36,3.91,34508.0,985.0,61.3,1.75,1.74,140.0,141.0,0.25,0.25,61.22,2516.0,450.0,4.47,0.8,10.87,3.0,107.0,0.01,0.19,2168.19,258.0,191.0,0.46,0.34,45.0,1399.0,298.0,2.49,0.53,12.95
11217,11217,11217,20248.0,,100,,,4893.0,350.0,24.17,1.73,4.35,7429.0,577.0,19.69,1.53,4.72,1006.0,179.0,13.54,2.41,10.82,332.0,85.0,4.47,1.15,15.56,2295.0,256.0,30.89,3.45,6.78,1209.0,204.0,16.27,2.75,10.26,2588.0,286.0,34.84,3.85,6.72,29044.0,879.0,76.97,2.33,1.84,1411.0,227.0,4.86,0.78,9.78,1949.0,311.0,6.71,1.07,9.7,3277.0,357.0,11.28,1.23,6.62,18750.0,549.0,64.56,1.89,1.78,31210.0,1064.0,82.71,2.82,2.07,711.0,153.0,2.28,0.49,13.08,37406.0,351.0,99.13,0.93,0.57,4033.0,449.0,10.78,1.2,6.77,6485.0,483.0,17.19,1.28,4.53,270.0,123.0,4.16,1.89,27.69,27112.0,785.0,71.85,2.08,1.76,2201.0,323.0,8.12,1.19,8.92,3810.0,325.0,10.1,0.86,5.19,1565.0,184.0,41.07,4.83,7.15,37291.0,698.0,98.83,1.85,1.14,31310.0,641.0,83.96,1.72,1.24,5536.0,615.0,14.85,1.65,6.75,457.0,175.0,1.23,0.47,23.28,37734.0,,100,,,31218.0,517.0,82.73,1.37,1.01,29030.0,525.0,76.93,1.39,1.1,2199.0,302.0,5.83,0.8,8.35,6516.0,517.0,17.27,1.37,4.82,3455.0,231.0,53.03,3.54,4.06,3061.0,231.0,46.98,3.54,4.59,1595.0,220.0,24.48,3.37,8.38,1634.0,266.0,25.08,4.08,9.9,255.0,98.0,3.91,1.5,23.36,173.0,93.0,2.66,1.42,32.68,2582.0,289.0,39.63,4.43,6.8,277.0,106.0,4.25,1.62,23.26,34977.0,936.0,92.69,2.48,1.63,25300.0,696.0,72.33,1.99,1.67,2935.0,409.0,8.39,1.17,8.47,5594.0,591.0,15.99,1.69,6.42,31703.0,1094.0,84.02,2.9,2.1,23262.0,485.0,73.37,1.53,1.27,21790.0,501.0,68.73,1.58,1.4,1461.0,231.0,4.61,0.73,9.61,14.0,95.0,0.04,0.3,412.51,8441.0,485.0,26.63,1.53,3.49,,,6.28,0.98,9.61,21381.0,604.0,56.66,1.6,1.72,1235.0,199.0,5.78,0.93,9.8,278.0,115.0,1.3,0.54,25.15,15283.0,443.0,71.48,2.07,1.76,1820.0,263.0,8.51,1.23,8.78,1941.0,269.0,9.08,1.26,8.42,21790.0,604.0,57.75,1.6,1.69,28.0,89.0,0.13,0.41,193.23,402.0,118.0,1.84,0.54,17.84,725.0,170.0,3.33,0.78,14.25,200.0,85.0,0.92,0.39,25.84,1482.0,238.0,6.8,1.09,9.76,483.0,163.0,2.22,0.75,20.52,2152.0,257.0,9.88,1.18,7.26,2298.0,266.0,10.55,1.22,7.04,4904.0,373.0,22.51,1.71,4.62,5150.0,397.0,23.63,1.82,4.69,2236.0,301.0,10.26,1.38,8.18,765.0,148.0,3.51,0.68,11.76,960.0,192.0,4.41,0.88,12.16,1177.0,207.0,5.81,1.02,10.69,774.0,178.0,3.82,0.88,13.98,1254.0,221.0,6.19,1.09,10.71,1208.0,249.0,5.97,1.23,12.53,1504.0,245.0,7.43,1.21,9.9,2421.0,285.0,11.96,1.41,7.16,2292.0,269.0,11.32,1.33,7.13,3321.0,312.0,16.4,1.54,5.71,2111.0,267.0,10.43,1.32,7.69,4179.0,332.0,20.64,1.64,4.83,17597.0,294.0,86.91,1.45,1.02,3336.0,300.0,16.48,1.48,5.47,1922.0,255.0,9.49,1.26,8.07,1467.0,259.0,7.25,1.28,10.73,632.0,170.0,3.12,0.84,16.35,2438.0,251.0,12.04,1.24,6.26,34659.0,468.0,92.66,1.25,0.82,27354.0,666.0,73.13,1.78,1.48,9966.0,599.0,26.64,1.6,3.65,2747.0,468.0,7.34,1.25,10.36,17769.0,472.0,47.09,1.25,1.61,19965.0,472.0,52.91,1.25,1.44,2757.0,306.0,7.31,0.81,6.75,1472.0,226.0,3.9,0.6,9.33,1450.0,226.0,3.84,0.6,9.47,1141.0,215.0,3.02,0.57,11.45,1858.0,309.0,4.92,0.82,10.11,9958.0,619.0,26.39,1.64,3.78,6908.0,445.0,18.31,1.18,3.92,4318.0,370.0,11.44,0.98,5.21,1879.0,249.0,4.98,0.66,8.06,1950.0,260.0,5.17,0.69,8.11,2521.0,287.0,6.68,0.76,6.92,1010.0,174.0,2.68,0.46,10.47,525.0,136.0,1.39,0.36,15.75,31226.0,411.0,82.75,1.09,0.8,4046.0,347.0,10.72,0.92,5.21,21891.0,800.0,58.01,2.12,2.22,6959.0,600.0,18.44,1.59,5.24,77.0,94.0,0.2,0.25,74.21,2691.0,423.0,7.13,1.12,9.56,0.0,,0.0,,,4302.0,675.0,11.4,1.79,9.54,1808.0,321.0,4.79,0.85,10.79,7578.0,743.0,20.08,1.97,5.96,30156.0,743.0,79.92,1.97,1.5,19467.0,755.0,51.59,2.0,2.36,6525.0,592.0,17.29,1.57,5.52,36.0,98.0,0.1,0.26,165.48,2659.0,423.0,7.05,1.12,9.67,0.0,,0.0,,,239.0,204.0,0.63,0.54,51.89,1223.0,234.0,3.24,0.62,11.63
11218,11218,11218,26996.0,,100,,,10269.0,432.0,38.04,1.6,2.56,21625.0,930.0,28.14,1.21,2.61,1722.0,247.0,7.96,1.14,8.72,1761.0,240.0,8.14,1.11,8.28,8816.0,389.0,40.77,1.8,2.68,4176.0,350.0,19.31,1.62,5.09,5148.0,361.0,23.81,1.67,4.26,48898.0,1483.0,63.63,1.93,1.84,4774.0,435.0,9.76,0.89,5.54,4238.0,406.0,8.67,0.83,5.82,10237.0,601.0,20.94,1.23,3.57,20588.0,738.0,42.1,1.51,2.18,55237.0,1714.0,71.88,2.23,1.89,927.0,160.0,1.68,0.29,10.49,76752.0,507.0,99.88,0.66,0.4,6708.0,507.0,8.74,0.66,4.59,21561.0,968.0,28.06,1.26,2.73,410.0,142.0,1.9,0.66,21.05,47327.0,938.0,61.59,1.22,1.2,3019.0,355.0,6.38,0.75,7.15,7850.0,384.0,10.22,0.5,2.97,3267.0,243.0,41.62,3.1,4.52,75428.0,2067.0,98.15,2.69,1.67,69392.0,701.0,92.0,0.93,0.61,5224.0,656.0,6.93,0.87,7.63,808.0,234.0,1.07,0.31,17.61,76846.0,,100,,,47810.0,1091.0,62.22,1.42,1.39,45558.0,1037.0,59.28,1.35,1.38,2242.0,369.0,2.92,0.48,10.01,29037.0,1007.0,37.79,1.31,2.11,16008.0,729.0,55.13,2.51,2.77,13029.0,729.0,44.87,2.51,3.4,6158.0,572.0,21.21,1.97,5.65,12907.0,761.0,44.45,2.62,3.58,726.0,256.0,2.5,0.88,21.44,97.0,125.0,0.33,0.43,78.34,8847.0,650.0,30.47,2.24,4.47,300.0,116.0,1.03,0.4,23.51,69717.0,1791.0,90.72,2.33,1.56,30448.0,1213.0,43.67,1.74,2.42,20851.0,1095.0,29.91,1.57,3.19,10807.0,997.0,15.5,1.43,5.61,57068.0,1767.0,74.26,2.3,1.88,37320.0,691.0,65.4,1.21,1.13,35067.0,708.0,61.45,1.24,1.23,2246.0,291.0,3.94,0.51,7.88,11.0,120.0,0.02,0.21,663.17,19748.0,691.0,34.6,1.21,2.13,,,6.02,0.77,7.88,34294.0,738.0,44.63,0.96,1.31,6045.0,453.0,17.63,1.32,4.56,1198.0,213.0,3.49,0.62,10.81,20785.0,569.0,60.61,1.66,1.66,3113.0,326.0,9.08,0.95,6.37,1730.0,278.0,5.04,0.81,9.77,35070.0,715.0,45.64,0.93,1.24,67.0,126.0,0.19,0.36,114.32,2297.0,337.0,6.55,0.96,8.92,1106.0,235.0,3.15,0.67,12.92,1011.0,214.0,2.88,0.61,12.87,3111.0,337.0,8.87,0.96,6.59,2096.0,298.0,5.98,0.85,8.64,1823.0,267.0,5.2,0.76,8.9,2292.0,291.0,6.54,0.83,7.72,4186.0,365.0,11.94,1.04,5.3,10004.0,547.0,28.53,1.56,3.32,4017.0,449.0,11.45,1.28,6.79,1865.0,288.0,5.32,0.82,9.39,1191.0,200.0,3.4,0.57,10.21,2109.0,270.0,7.81,1.0,7.78,1345.0,227.0,4.98,0.84,10.26,2944.0,324.0,10.91,1.2,6.69,2581.0,283.0,9.56,1.05,6.67,2968.0,321.0,10.99,1.19,6.57,4200.0,383.0,15.56,1.42,5.54,3551.0,332.0,13.15,1.23,5.68,3840.0,335.0,14.22,1.24,5.3,1632.0,221.0,6.05,0.82,8.23,1820.0,221.0,6.74,0.82,7.38,22637.0,324.0,83.85,1.2,0.87,5440.0,343.0,20.15,1.27,3.83,3044.0,270.0,11.28,1.0,5.39,1758.0,213.0,6.51,0.79,7.37,751.0,162.0,2.78,0.6,13.11,5257.0,364.0,19.47,1.35,4.21,68405.0,867.0,89.13,1.13,0.77,37886.0,1366.0,49.36,1.78,2.19,35242.0,1305.0,45.92,1.7,2.25,8346.0,867.0,10.87,1.13,6.32,37974.0,622.0,49.42,0.81,1.0,38872.0,622.0,50.58,0.81,0.97,7129.0,546.0,9.28,0.71,4.66,6029.0,430.0,7.85,0.56,4.34,5597.0,423.0,7.28,0.55,4.59,4448.0,377.0,5.79,0.49,5.15,4762.0,469.0,6.2,0.61,5.99,12931.0,761.0,16.83,0.99,3.58,11361.0,561.0,14.78,0.73,3.0,8665.0,576.0,11.28,0.75,4.04,3974.0,369.0,5.17,0.48,5.64,4092.0,407.0,5.32,0.53,6.05,4488.0,369.0,5.84,0.48,5.0,2290.0,261.0,2.98,0.34,6.93,1109.0,184.0,1.44,0.24,10.09,55251.0,761.0,71.9,0.99,0.84,7879.0,461.0,10.25,0.6,3.56,44624.0,1352.0,58.07,1.76,1.84,6623.0,768.0,8.62,1.0,7.05,296.0,215.0,0.39,0.28,44.16,13901.0,1068.0,18.09,1.39,4.67,0.0,,0.0,,,8626.0,1114.0,11.22,1.45,7.85,2774.0,538.0,3.61,0.7,11.79,13741.0,1137.0,17.88,1.48,5.03,63105.0,1137.0,82.12,1.48,1.1,40195.0,1291.0,52.31,1.68,1.95,6365.0,761.0,8.28,0.99,7.27,54.0,108.0,0.07,0.14,121.58,13804.0,1076.0,17.96,1.4,4.74,0.0,,0.0,,,500.0,231.0,0.65,0.3,28.09,2198.0,507.0,2.86,0.66,14.02
11219,11219,11219,28320.0,,100,,,12997.0,476.0,45.89,1.68,2.23,30516.0,1222.0,32.2,1.29,2.43,2365.0,296.0,7.75,0.97,7.61,2526.0,253.0,8.28,0.83,6.09,13363.0,528.0,43.79,1.73,2.4,6319.0,442.0,20.71,1.45,4.25,5937.0,461.0,19.46,1.51,4.72,52487.0,1526.0,55.39,1.61,1.77,8554.0,630.0,16.3,1.2,4.48,8716.0,646.0,16.61,1.23,4.51,17549.0,751.0,33.44,1.43,2.6,9364.0,572.0,17.84,1.09,3.71,61830.0,1886.0,65.25,1.99,1.85,659.0,142.0,1.07,0.23,13.1,94494.0,227.0,99.72,0.24,0.15,9082.0,661.0,9.61,0.7,4.42,32930.0,1346.0,34.75,1.42,2.48,583.0,145.0,1.77,0.44,15.12,51246.0,891.0,54.08,0.94,1.06,3469.0,400.0,6.77,0.78,7.01,10318.0,550.0,10.89,0.58,3.24,5027.0,309.0,48.72,2.99,3.74,92626.0,2255.0,97.74,2.38,1.48,85882.0,936.0,92.72,1.01,0.66,5988.0,908.0,6.46,0.98,9.22,761.0,250.0,0.82,0.27,19.97,94764.0,,100,,,60972.0,1147.0,64.34,1.21,1.14,58128.0,1185.0,61.34,1.25,1.24,2852.0,512.0,3.01,0.54,10.91,33792.0,1042.0,35.66,1.1,1.87,16109.0,720.0,47.67,2.13,2.72,17684.0,720.0,52.33,2.13,2.48,8157.0,588.0,24.14,1.74,4.38,18414.0,666.0,54.49,1.97,2.2,856.0,257.0,2.53,0.76,18.25,53.0,128.0,0.16,0.38,146.81,5930.0,679.0,17.55,2.01,6.96,378.0,182.0,1.12,0.54,29.27,83263.0,2369.0,87.86,2.5,1.73,18047.0,1182.0,21.67,1.42,3.98,34834.0,1191.0,41.84,1.43,2.08,9642.0,1074.0,11.58,1.29,6.77,64916.0,1886.0,68.5,1.99,1.77,37718.0,747.0,58.1,1.15,1.2,35175.0,740.0,54.19,1.14,1.28,2537.0,299.0,3.91,0.46,7.16,0.0,,0.0,,,27198.0,747.0,41.9,1.15,1.67,,,6.73,0.78,7.16,34059.0,824.0,35.94,0.87,1.47,5918.0,433.0,17.38,1.27,4.45,2780.0,344.0,8.16,1.01,7.52,14777.0,627.0,43.39,1.84,2.58,8340.0,545.0,24.49,1.6,3.97,1347.0,255.0,3.95,0.75,11.51,35171.0,805.0,37.11,0.85,1.39,45.0,123.0,0.13,0.35,166.16,2072.0,302.0,5.89,0.86,8.86,2114.0,292.0,6.01,0.83,8.4,1545.0,257.0,4.39,0.73,10.11,4312.0,429.0,12.26,1.22,6.05,1484.0,225.0,4.22,0.64,9.22,443.0,127.0,1.26,0.36,17.43,2369.0,288.0,6.74,0.82,7.39,2960.0,317.0,8.42,0.9,6.51,9454.0,538.0,26.88,1.53,3.46,5127.0,482.0,14.58,1.37,5.72,2717.0,334.0,7.73,0.95,7.47,539.0,137.0,1.53,0.39,15.45,2579.0,292.0,9.11,1.03,6.88,2816.0,317.0,9.94,1.12,6.84,4944.0,408.0,17.46,1.44,5.02,3678.0,362.0,12.99,1.28,5.98,3811.0,354.0,13.46,1.25,5.65,4151.0,377.0,14.66,1.33,5.52,2371.0,292.0,8.37,1.03,7.49,2495.0,280.0,8.81,0.99,6.82,876.0,178.0,3.09,0.63,12.35,606.0,122.0,2.14,0.43,12.24,22892.0,382.0,80.83,1.35,1.01,6829.0,402.0,24.11,1.42,3.58,2039.0,232.0,7.2,0.82,6.92,2179.0,263.0,7.69,0.93,7.34,1500.0,241.0,5.3,0.85,9.77,10292.0,476.0,36.34,1.68,2.81,85808.0,794.0,90.81,0.84,0.56,29281.0,1559.0,30.99,1.65,3.24,63795.0,1493.0,67.51,1.58,1.42,8686.0,794.0,9.19,0.84,5.56,47785.0,720.0,50.43,0.76,0.92,46979.0,720.0,49.57,0.76,0.93,11501.0,635.0,12.14,0.67,3.36,9199.0,521.0,9.71,0.55,3.44,7802.0,521.0,8.23,0.55,4.06,6394.0,512.0,6.75,0.54,4.87,7374.0,578.0,7.78,0.61,4.76,14457.0,768.0,15.26,0.81,3.23,10403.0,663.0,10.98,0.7,3.87,8742.0,559.0,9.23,0.59,3.89,4374.0,455.0,4.62,0.48,6.32,4041.0,417.0,4.26,0.44,6.27,5067.0,445.0,5.35,0.47,5.34,2937.0,351.0,3.1,0.37,7.27,2471.0,313.0,2.61,0.33,7.7,61831.0,986.0,65.25,1.04,0.97,10472.0,663.0,11.05,0.7,3.85,62706.0,1336.0,66.17,1.41,1.3,1137.0,313.0,1.2,0.33,16.73,244.0,171.0,0.26,0.18,42.6,23480.0,1090.0,24.78,1.15,2.82,0.0,,0.0,,,6276.0,986.0,6.62,1.04,9.55,920.0,341.0,0.97,0.36,22.53,11914.0,1241.0,12.57,1.31,6.33,82850.0,1241.0,87.43,1.31,0.91,57788.0,1403.0,60.98,1.48,1.48,862.0,275.0,0.91,0.29,19.39,140.0,142.0,0.15,0.15,61.66,23412.0,1090.0,24.71,1.15,2.83,0.0,,0.0,,,144.0,161.0,0.15,0.17,67.97,488.0,237.0,0.51,0.25,29.52
11220,11220,11220,28115.0,,100,,,12479.0,444.0,44.39,1.58,2.16,25024.0,918.0,25.08,0.92,2.23,1618.0,260.0,6.47,1.04,9.77,1672.0,238.0,6.68,0.95,8.65,11014.0,510.0,44.01,2.04,2.81,4808.0,405.0,19.21,1.62,5.12,5911.0,450.0,23.62,1.8,4.63,65952.0,1487.0,66.1,1.49,1.37,15899.0,838.0,24.11,1.27,3.2,16020.0,910.0,24.29,1.38,3.45,13603.0,745.0,20.63,1.13,3.33,12366.0,673.0,18.75,1.02,3.31,74917.0,1646.0,75.09,1.65,1.34,1003.0,165.0,1.34,0.22,10.0,99565.0,998.0,99.79,1.0,0.61,8042.0,637.0,8.08,0.64,4.82,24836.0,988.0,24.89,0.99,2.42,490.0,166.0,1.97,0.67,20.59,65835.0,1107.0,65.99,1.11,1.02,3923.0,454.0,5.96,0.69,7.04,8873.0,489.0,8.89,0.49,3.35,3629.0,274.0,40.9,3.09,4.59,98163.0,2255.0,98.39,2.26,1.4,86525.0,1256.0,88.14,1.28,0.88,10155.0,1217.0,10.34,1.24,7.29,1492.0,373.0,1.52,0.38,15.2,99772.0,,100,,,44842.0,1157.0,44.94,1.16,1.57,40477.0,1117.0,40.57,1.12,1.68,4382.0,449.0,4.39,0.45,6.23,54930.0,1157.0,55.06,1.16,1.28,19313.0,879.0,35.16,1.6,2.77,35617.0,879.0,64.84,1.6,1.5,2246.0,313.0,4.09,0.57,8.47,31106.0,956.0,56.63,1.74,1.87,1207.0,264.0,2.2,0.48,13.3,22.0,132.0,0.04,0.24,364.74,20245.0,945.0,36.86,1.72,2.84,100.0,137.0,0.18,0.25,83.28,91642.0,2395.0,91.85,2.4,1.59,15649.0,935.0,17.08,1.02,3.63,52173.0,1246.0,56.93,1.36,1.45,34305.0,1347.0,37.43,1.47,2.39,76989.0,1836.0,77.16,1.84,1.45,49743.0,878.0,64.61,1.14,1.07,45407.0,893.0,58.98,1.16,1.2,4306.0,447.0,5.59,0.58,6.31,15.0,131.0,0.02,0.17,530.9,27245.0,878.0,35.39,1.14,1.96,,,8.66,0.89,6.31,43854.0,888.0,43.95,0.89,1.23,5250.0,439.0,11.97,1.0,5.08,3173.0,408.0,7.24,0.93,7.82,27291.0,737.0,62.23,1.68,1.64,6826.0,553.0,15.57,1.26,4.92,564.0,145.0,1.29,0.33,15.63,45407.0,898.0,45.51,0.9,1.2,30.0,132.0,0.07,0.29,267.48,3928.0,463.0,8.65,1.02,7.17,3276.0,395.0,7.21,0.87,7.33,1353.0,236.0,2.98,0.52,10.6,4894.0,468.0,10.78,1.03,5.81,2109.0,282.0,4.64,0.62,8.13,790.0,163.0,1.74,0.36,12.54,1874.0,241.0,4.13,0.53,7.82,3818.0,372.0,8.41,0.82,5.92,8233.0,499.0,18.13,1.1,3.68,10756.0,658.0,23.69,1.45,3.72,3543.0,395.0,7.8,0.87,6.78,800.0,173.0,1.76,0.38,13.15,2410.0,273.0,8.57,0.97,6.89,1942.0,253.0,6.91,0.9,7.92,4630.0,377.0,16.47,1.34,4.95,3295.0,312.0,11.72,1.11,5.76,3947.0,337.0,14.04,1.2,5.19,4658.0,357.0,16.57,1.27,4.66,2950.0,295.0,10.49,1.05,6.08,2578.0,270.0,9.17,0.96,6.37,881.0,166.0,3.13,0.59,11.45,828.0,152.0,2.95,0.54,11.16,23585.0,343.0,83.89,1.22,0.88,5774.0,343.0,20.54,1.22,3.61,2285.0,231.0,8.13,0.82,6.15,2293.0,261.0,8.16,0.93,6.92,1029.0,186.0,3.66,0.66,10.99,8287.0,450.0,29.48,1.6,3.3,80403.0,1165.0,80.75,1.17,0.88,28919.0,1394.0,29.05,1.4,2.93,56132.0,1434.0,56.38,1.44,1.55,19162.0,1165.0,19.25,1.17,3.7,50572.0,808.0,50.69,0.81,0.97,49200.0,808.0,49.31,0.81,1.0,8130.0,589.0,8.15,0.59,4.4,7476.0,499.0,7.49,0.5,4.06,6250.0,499.0,6.26,0.5,4.85,5417.0,459.0,5.43,0.46,5.15,6566.0,539.0,6.58,0.54,4.99,19256.0,938.0,19.3,0.94,2.96,15751.0,758.0,15.79,0.76,2.93,12514.0,708.0,12.54,0.71,3.44,4994.0,439.0,5.01,0.44,5.34,4416.0,459.0,4.43,0.46,6.32,5072.0,429.0,5.08,0.43,5.14,2937.0,299.0,2.94,0.3,6.19,1056.0,180.0,1.06,0.18,10.36,74933.0,828.0,75.1,0.83,0.67,9035.0,549.0,9.06,0.55,3.69,26287.0,1437.0,26.35,1.44,3.32,2515.0,469.0,2.52,0.47,11.34,523.0,319.0,0.52,0.32,37.08,40848.0,1437.0,40.94,1.44,2.14,16.0,140.0,0.02,0.14,531.91,26981.0,1646.0,27.04,1.65,3.71,2594.0,589.0,2.6,0.59,13.8,41728.0,1487.0,41.82,1.49,2.17,58044.0,1487.0,58.18,1.49,1.56,14169.0,938.0,14.2,0.94,4.02,1758.0,389.0,1.76,0.39,13.45,172.0,170.0,0.17,0.17,60.08,40715.0,1437.0,40.81,1.44,2.15,16.0,140.0,0.02,0.14,531.91,203.0,200.0,0.2,0.2,59.89,998.0,269.0,1.0,0.27,16.39
11221,11221,11221,32217.0,,100,,,10341.0,503.0,32.1,1.56,2.96,21682.0,990.0,25.83,1.18,2.78,1322.0,230.0,6.1,1.06,10.58,987.0,195.0,4.55,0.9,12.01,7861.0,470.0,36.26,2.17,3.63,4644.0,397.0,21.42,1.83,5.2,6871.0,510.0,31.69,2.35,4.51,54410.0,1326.0,64.82,1.58,1.48,6927.0,566.0,12.73,1.04,4.97,7889.0,571.0,14.5,1.05,4.4,14225.0,686.0,26.14,1.26,2.93,13576.0,691.0,24.95,1.27,3.09,65163.0,1763.0,77.63,2.1,1.64,1639.0,254.0,2.52,0.39,9.42,83653.0,814.0,99.66,0.97,0.59,7686.0,519.0,9.19,0.62,4.1,18740.0,982.0,22.33,1.17,3.19,433.0,131.0,2.31,0.7,18.39,56833.0,1284.0,67.71,1.53,1.37,3923.0,369.0,6.9,0.65,5.72,8078.0,411.0,9.62,0.49,3.09,3331.0,263.0,41.24,3.26,4.8,82777.0,2367.0,98.61,2.82,1.74,72488.0,935.0,87.57,1.13,0.78,9468.0,902.0,11.44,1.09,5.79,822.0,248.0,0.99,0.3,18.34,83940.0,,100,,,62588.0,1041.0,74.56,1.24,1.01,57625.0,1032.0,68.65,1.23,1.09,4974.0,495.0,5.93,0.59,6.05,21352.0,1083.0,25.44,1.29,3.08,9841.0,564.0,46.09,2.64,3.48,11511.0,564.0,53.91,2.64,2.98,1054.0,239.0,4.94,1.12,13.78,2157.0,384.0,10.1,1.8,10.82,603.0,199.0,2.82,0.93,20.06,66.0,122.0,0.31,0.57,112.37,17345.0,483.0,81.23,2.26,1.69,124.0,120.0,0.58,0.56,58.83,78029.0,2266.0,92.96,2.7,1.77,47589.0,1209.0,60.99,1.55,1.54,12690.0,866.0,16.26,1.11,4.15,25351.0,1147.0,32.49,1.47,2.75,67434.0,1872.0,80.34,2.23,1.69,44793.0,809.0,66.42,1.2,1.1,38222.0,863.0,56.68,1.28,1.37,6556.0,519.0,9.72,0.77,4.81,6.0,128.0,0.01,0.19,1296.86,22641.0,809.0,33.58,1.2,2.17,,,14.64,1.13,4.81,37467.0,839.0,44.64,1.0,1.36,5161.0,446.0,13.77,1.19,5.25,711.0,169.0,1.9,0.45,14.45,26599.0,584.0,70.99,1.56,1.33,2101.0,288.0,5.61,0.77,8.33,1501.0,259.0,4.01,0.69,10.49,38215.0,839.0,45.53,1.0,1.33,85.0,157.0,0.22,0.41,112.28,2331.0,352.0,6.1,0.92,9.18,1395.0,225.0,3.65,0.59,9.8,637.0,168.0,1.67,0.44,16.03,4313.0,382.0,11.29,1.0,5.38,2252.0,302.0,5.89,0.79,8.15,1695.0,260.0,4.44,0.68,9.32,2337.0,287.0,6.12,0.75,7.47,4212.0,386.0,11.02,1.01,5.57,9965.0,554.0,26.08,1.45,3.38,5189.0,447.0,13.58,1.17,5.24,2194.0,298.0,5.74,0.78,8.26,1622.0,237.0,4.24,0.62,8.88,4841.0,399.0,15.03,1.24,5.01,2660.0,309.0,8.26,0.96,7.06,3492.0,361.0,10.84,1.12,6.28,3030.0,335.0,9.4,1.04,6.72,4142.0,387.0,12.86,1.2,5.68,5062.0,412.0,15.71,1.28,4.95,3322.0,338.0,10.31,1.05,6.19,3710.0,358.0,11.52,1.11,5.87,993.0,187.0,3.08,0.58,11.45,968.0,180.0,3.0,0.56,11.3,23978.0,474.0,74.43,1.47,1.2,6499.0,387.0,20.17,1.2,3.62,3182.0,303.0,9.88,0.94,5.79,4031.0,358.0,12.51,1.11,5.4,1741.0,255.0,5.4,0.79,8.9,10850.0,522.0,33.68,1.62,2.92,71864.0,887.0,85.91,1.06,0.75,38285.0,1364.0,45.77,1.63,2.17,38372.0,1322.0,45.87,1.58,2.09,11789.0,887.0,14.09,1.06,4.57,40565.0,797.0,48.33,0.95,1.19,43374.0,797.0,51.67,0.95,1.12,5911.0,537.0,7.04,0.64,5.52,4729.0,428.0,5.63,0.51,5.5,4888.0,436.0,5.82,0.52,5.42,5465.0,462.0,6.51,0.55,5.14,8553.0,655.0,10.19,0.78,4.66,17067.0,848.0,20.33,1.01,3.02,10663.0,638.0,12.7,0.76,3.64,10512.0,613.0,12.52,0.73,3.54,4527.0,420.0,5.39,0.5,5.64,3367.0,353.0,4.01,0.42,6.37,4881.0,386.0,5.81,0.46,4.81,2496.0,285.0,2.97,0.34,6.94,896.0,159.0,1.07,0.19,10.79,65171.0,839.0,77.64,1.0,0.78,8258.0,478.0,9.84,0.57,3.52,24092.0,1402.0,28.7,1.67,3.54,45310.0,1477.0,53.98,1.76,1.98,751.0,311.0,0.89,0.37,25.17,3096.0,613.0,3.69,0.73,12.04,6.0,126.0,0.01,0.15,1276.6,8183.0,907.0,9.75,1.08,6.74,2492.0,445.0,2.97,0.53,10.86,31747.0,1267.0,37.82,1.51,2.43,52193.0,1267.0,62.18,1.51,1.48,9925.0,806.0,11.82,0.96,4.94,37771.0,1259.0,45.0,1.5,2.03,224.0,185.0,0.27,0.22,50.21,3057.0,604.0,3.64,0.72,12.01,0.0,,0.0,,,162.0,134.0,0.19,0.16,50.28,1058.0,260.0,1.26,0.31,14.94
11222,11222,11222,19778.0,,100,,,2796.0,249.0,14.14,1.26,5.41,5394.0,480.0,15.05,1.34,5.41,334.0,107.0,6.19,1.98,19.47,146.0,83.0,2.71,1.54,34.56,1570.0,209.0,29.11,3.88,8.09,723.0,140.0,13.4,2.6,11.77,2620.0,245.0,48.57,4.55,5.68,29489.0,918.0,82.26,2.56,1.89,1334.0,227.0,4.52,0.77,10.34,1471.0,260.0,4.99,0.88,10.74,5027.0,439.0,17.05,1.49,5.31,16471.0,622.0,55.86,2.11,2.3,32092.0,946.0,89.52,2.64,1.79,636.0,148.0,1.98,0.46,14.15,35847.0,0.0,100.0,0.0,0.0,2681.0,341.0,7.48,0.95,7.73,3755.0,355.0,10.48,0.99,5.75,103.0,92.0,2.74,2.46,54.3,28632.0,548.0,79.87,1.53,1.16,1242.0,241.0,4.34,0.84,11.8,3459.0,305.0,9.65,0.85,5.36,1335.0,177.0,38.6,5.11,8.06,35484.0,871.0,98.99,2.43,1.49,31228.0,511.0,88.01,1.44,0.99,3942.0,483.0,11.11,1.36,7.45,314.0,117.0,0.88,0.33,22.65,35847.0,,100,,,25970.0,631.0,72.45,1.76,1.48,24844.0,638.0,69.31,1.78,1.56,1130.0,229.0,3.15,0.64,12.32,9877.0,617.0,27.55,1.72,3.8,4996.0,361.0,50.58,3.66,4.39,4881.0,361.0,49.42,3.66,4.5,6142.0,386.0,62.19,3.91,3.82,1332.0,254.0,13.49,2.57,11.59,107.0,104.0,1.08,1.05,59.09,129.0,115.0,1.31,1.16,54.19,1929.0,344.0,19.53,3.48,10.84,236.0,93.0,2.39,0.94,23.96,34485.0,878.0,96.2,2.45,1.55,22228.0,735.0,64.46,2.13,2.01,5471.0,524.0,15.86,1.52,5.82,3532.0,552.0,10.24,1.6,9.5,32398.0,1075.0,90.38,3.0,2.02,24445.0,535.0,75.45,1.65,1.33,23095.0,557.0,71.28,1.72,1.47,1349.0,233.0,4.16,0.72,10.5,0.0,,0.0,,,7953.0,535.0,24.55,1.65,4.09,,,5.52,0.95,10.5,22689.0,656.0,63.29,1.83,1.76,2536.0,318.0,11.18,1.4,7.62,530.0,179.0,2.34,0.79,20.53,15095.0,470.0,66.53,2.07,1.89,1838.0,268.0,8.1,1.18,8.86,1258.0,200.0,5.54,0.88,9.66,23091.0,645.0,64.42,1.8,1.7,45.0,106.0,0.19,0.46,143.19,1499.0,277.0,6.49,1.2,11.23,1064.0,231.0,4.61,1.0,13.2,659.0,157.0,2.85,0.68,14.48,2178.0,314.0,9.43,1.36,8.76,563.0,143.0,2.44,0.62,15.44,2222.0,270.0,9.62,1.17,7.39,1477.0,240.0,6.4,1.04,9.88,5262.0,423.0,22.79,1.83,4.89,3713.0,369.0,16.08,1.6,6.04,2640.0,289.0,11.43,1.25,6.65,1203.0,219.0,5.21,0.95,11.07,556.0,169.0,2.41,0.73,18.48,1532.0,267.0,7.75,1.35,10.59,597.0,152.0,3.02,0.77,15.48,1745.0,303.0,8.82,1.53,10.56,1207.0,216.0,6.1,1.09,10.88,1756.0,291.0,8.88,1.47,10.07,3138.0,344.0,15.87,1.74,6.66,2900.0,330.0,14.66,1.67,6.92,3658.0,350.0,18.5,1.77,5.82,1503.0,245.0,7.6,1.24,9.91,1745.0,251.0,8.82,1.27,8.74,16542.0,334.0,83.64,1.69,1.23,3134.0,311.0,15.85,1.57,6.03,1420.0,227.0,7.18,1.15,9.72,903.0,216.0,4.57,1.09,14.54,362.0,134.0,1.83,0.68,22.5,1570.0,283.0,7.94,1.43,10.96,31201.0,505.0,87.04,1.41,0.98,25031.0,771.0,69.83,2.15,1.87,8076.0,634.0,22.53,1.77,4.77,4646.0,505.0,12.96,1.41,6.61,17185.0,473.0,47.94,1.32,1.67,18662.0,473.0,52.06,1.32,1.54,1362.0,204.0,3.8,0.57,9.11,938.0,183.0,2.62,0.51,11.86,922.0,194.0,2.57,0.54,12.79,987.0,201.0,2.75,0.56,12.38,2148.0,348.0,5.99,0.97,9.85,12081.0,678.0,33.7,1.89,3.41,6124.0,448.0,17.08,1.25,4.45,3981.0,366.0,11.11,1.02,5.59,2076.0,308.0,5.79,0.86,9.02,1760.0,280.0,4.91,0.78,9.67,1991.0,269.0,5.55,0.75,8.21,952.0,179.0,2.66,0.5,11.43,529.0,140.0,1.48,0.39,16.09,32092.0,326.0,89.52,0.91,0.62,3459.0,326.0,9.65,0.91,5.73,29189.0,667.0,81.43,1.86,1.39,1228.0,312.0,3.43,0.87,15.45,138.0,140.0,0.38,0.39,61.67,2130.0,355.0,5.94,0.99,10.13,9.0,100.0,0.03,0.28,675.45,1809.0,362.0,5.05,1.01,12.16,1344.0,401.0,3.75,1.12,18.14,4941.0,599.0,13.78,1.67,7.37,30906.0,599.0,86.22,1.67,1.18,26473.0,731.0,73.85,2.04,1.68,1076.0,308.0,3.0,0.86,17.4,36.0,100.0,0.1,0.28,168.86,2129.0,355.0,5.94,0.99,10.14,9.0,100.0,0.03,0.28,675.45,203.0,165.0,0.57,0.46,49.41,972.0,272.0,2.71,0.76,17.01
11223,11223,11223,28840.0,,100,,,10587.0,493.0,36.71,1.71,2.83,20219.0,991.0,25.7,1.26,2.98,1580.0,249.0,7.81,1.23,9.58,1330.0,228.0,6.58,1.13,10.42,7297.0,445.0,36.09,2.2,3.71,4559.0,392.0,22.55,1.94,5.23,5455.0,412.0,26.98,2.04,4.59,52648.0,1644.0,66.91,2.09,1.9,6138.0,490.0,11.66,0.93,4.85,5222.0,495.0,9.92,0.94,5.76,15183.0,748.0,28.84,1.42,2.99,16046.0,705.0,30.48,1.34,2.67,59437.0,1920.0,75.54,2.44,1.96,1221.0,172.0,2.05,0.29,8.56,78647.0,496.0,99.96,0.63,0.38,8849.0,613.0,11.25,0.78,4.21,19234.0,976.0,24.45,1.24,3.08,310.0,135.0,1.61,0.7,26.47,47407.0,865.0,60.25,1.1,1.11,3225.0,384.0,6.8,0.81,7.24,12011.0,448.0,15.27,0.57,2.27,5317.0,327.0,44.27,2.72,3.74,77462.0,1951.0,98.45,2.48,1.53,70435.0,844.0,90.93,1.09,0.73,5732.0,767.0,7.4,0.99,8.13,1304.0,372.0,1.68,0.48,17.34,78681.0,,100,,,40867.0,1141.0,51.94,1.45,1.7,39113.0,1149.0,49.71,1.46,1.79,1742.0,378.0,2.21,0.48,13.19,37813.0,1007.0,48.06,1.28,1.62,23273.0,809.0,61.55,2.14,2.11,14541.0,809.0,38.45,2.14,3.38,12929.0,768.0,34.19,2.03,3.61,18863.0,892.0,49.88,2.36,2.87,947.0,291.0,2.5,0.77,18.68,16.0,144.0,0.04,0.38,547.11,5039.0,673.0,13.33,1.78,8.12,27.0,136.0,0.07,0.36,306.2,72058.0,1959.0,91.58,2.49,1.65,25888.0,1247.0,35.93,1.73,2.93,27907.0,1110.0,38.73,1.54,2.42,8251.0,980.0,11.45,1.36,7.22,61665.0,2077.0,78.37,2.64,2.05,36315.0,728.0,58.89,1.18,1.22,32795.0,752.0,53.18,1.22,1.39,3507.0,425.0,5.69,0.69,7.37,10.0,148.0,0.02,0.24,899.7,25350.0,728.0,41.11,1.18,1.75,,,9.66,1.15,7.37,32079.0,826.0,40.77,1.05,1.57,7582.0,484.0,23.64,1.51,3.88,1987.0,289.0,6.19,0.9,8.84,17528.0,629.0,54.64,1.96,2.18,2692.0,330.0,8.39,1.03,7.45,1508.0,359.0,4.7,1.12,14.47,32799.0,787.0,41.69,1.0,1.46,23.0,134.0,0.07,0.41,354.17,2346.0,348.0,7.15,1.06,9.02,1474.0,239.0,4.49,0.73,9.86,1501.0,236.0,4.58,0.72,9.56,3868.0,380.0,11.79,1.16,5.97,2439.0,348.0,7.44,1.06,8.67,472.0,144.0,1.44,0.44,18.55,2595.0,308.0,7.91,0.94,7.22,3401.0,335.0,10.37,1.02,5.99,8722.0,502.0,26.59,1.53,3.5,3259.0,413.0,9.94,1.26,7.7,1749.0,292.0,5.33,0.89,10.15,950.0,200.0,2.9,0.61,12.8,3381.0,346.0,11.72,1.2,6.22,1907.0,271.0,6.61,0.94,8.64,3790.0,369.0,13.14,1.28,5.92,2800.0,320.0,9.71,1.11,6.95,3504.0,346.0,12.15,1.2,6.0,4590.0,401.0,15.92,1.39,5.31,3117.0,326.0,10.81,1.13,6.36,3117.0,291.0,10.81,1.01,5.68,1306.0,231.0,4.53,0.8,10.75,1335.0,199.0,4.63,0.69,9.06,21277.0,430.0,73.78,1.49,1.23,7966.0,424.0,27.62,1.47,3.24,3162.0,283.0,10.96,0.98,5.44,3475.0,346.0,12.05,1.2,6.05,1141.0,202.0,3.96,0.7,10.76,6957.0,435.0,24.12,1.51,3.8,70484.0,755.0,89.62,0.96,0.65,40132.0,1439.0,51.03,1.83,2.18,35460.0,1368.0,45.09,1.74,2.35,8163.0,755.0,10.38,0.96,5.62,38016.0,692.0,48.32,0.88,1.11,40664.0,692.0,51.68,0.88,1.03,6623.0,527.0,8.42,0.67,4.84,5022.0,425.0,6.38,0.54,5.14,4348.0,393.0,5.53,0.5,5.49,4954.0,433.0,6.3,0.55,5.31,5068.0,472.0,6.44,0.6,5.66,12286.0,708.0,15.62,0.9,3.5,9820.0,622.0,12.48,0.79,3.85,9497.0,598.0,12.07,0.76,3.83,4840.0,448.0,6.15,0.57,5.63,4184.0,370.0,5.32,0.47,5.38,6227.0,472.0,7.91,0.6,4.61,3914.0,386.0,4.97,0.49,6.0,1875.0,252.0,2.38,0.32,8.17,59446.0,763.0,75.55,0.97,0.78,12029.0,637.0,15.29,0.81,3.22,50143.0,1369.0,63.73,1.74,1.66,3311.0,692.0,4.21,0.88,12.71,360.0,252.0,0.46,0.32,42.55,17783.0,1164.0,22.6,1.48,3.98,165.0,244.0,0.21,0.31,89.9,5390.0,1007.0,6.85,1.28,11.36,1528.0,480.0,1.94,0.61,19.1,10662.0,1204.0,13.55,1.53,6.86,68019.0,1204.0,86.45,1.53,1.08,45770.0,1361.0,58.17,1.73,1.81,2829.0,677.0,3.6,0.86,14.55,179.0,212.0,0.23,0.27,72.0,17722.0,1157.0,22.52,1.47,3.97,158.0,244.0,0.2,0.31,93.88,119.0,157.0,0.15,0.2,80.2,1238.0,456.0,1.57,0.58,22.39
11224,11224,11224,20842.0,,100,,,5077.0,417.0,24.36,2.0,4.99,9557.0,705.0,21.95,1.62,4.48,639.0,229.0,6.69,2.4,21.79,676.0,206.0,7.07,2.16,18.52,3236.0,406.0,33.86,4.25,7.63,2149.0,356.0,22.49,3.73,10.07,2852.0,334.0,29.84,3.5,7.12,31822.0,1054.0,73.07,2.42,2.01,3001.0,423.0,9.43,1.33,8.57,3177.0,423.0,9.98,1.33,8.09,7999.0,636.0,25.14,2.0,4.83,10740.0,636.0,33.75,2.0,3.6,35392.0,1084.0,81.27,2.49,1.86,1044.0,223.0,2.95,0.63,12.98,42935.0,501.0,98.59,1.15,0.71,9938.0,674.0,23.15,1.57,4.12,8141.0,719.0,18.69,1.65,5.37,323.0,172.0,3.97,2.11,32.37,24665.0,714.0,56.64,1.64,1.76,3753.0,437.0,15.22,1.77,7.08,10118.0,483.0,23.23,1.11,2.9,5858.0,334.0,57.9,3.3,3.47,43196.0,1385.0,99.19,3.18,1.95,40638.0,596.0,94.08,1.38,0.89,2372.0,587.0,5.49,1.36,15.04,190.0,147.0,0.44,0.34,47.03,43549.0,,100,,,24607.0,841.0,56.5,1.93,2.08,22821.0,854.0,52.4,1.96,2.27,1793.0,383.0,4.12,0.88,12.99,18942.0,814.0,43.5,1.87,2.61,14997.0,447.0,79.17,2.36,1.81,3945.0,447.0,20.83,2.36,6.89,12044.0,527.0,63.58,2.78,2.66,4252.0,510.0,22.45,2.69,7.29,404.0,189.0,2.13,1.0,28.44,0.0,,0.0,,,2230.0,358.0,11.77,1.89,9.76,13.0,97.0,0.07,0.51,453.59,41332.0,1441.0,94.91,3.31,2.12,16395.0,1046.0,39.67,2.53,3.88,14202.0,905.0,34.36,2.19,3.87,5326.0,777.0,12.89,1.88,8.87,36415.0,1163.0,83.62,2.67,1.94,18689.0,674.0,51.32,1.85,2.19,15983.0,670.0,43.89,1.84,2.55,2691.0,408.0,7.39,1.12,9.22,10.0,98.0,0.03,0.27,595.74,17726.0,674.0,48.68,1.85,2.31,,,14.4,2.12,9.22,15490.0,684.0,35.57,1.57,2.68,3738.0,393.0,24.13,2.54,6.39,892.0,246.0,5.76,1.59,16.77,8689.0,477.0,56.1,3.08,3.34,1483.0,293.0,9.57,1.89,12.01,399.0,167.0,2.58,1.08,25.44,15984.0,684.0,36.7,1.57,2.6,37.0,96.0,0.23,0.6,157.73,793.0,264.0,4.96,1.65,20.24,586.0,153.0,3.67,0.96,15.87,423.0,160.0,2.65,1.0,22.99,1223.0,267.0,7.65,1.67,13.27,1329.0,265.0,8.31,1.66,12.12,210.0,110.0,1.31,0.69,31.84,1399.0,248.0,8.75,1.55,10.78,1585.0,283.0,9.92,1.77,10.85,5802.0,499.0,36.3,3.12,5.23,1165.0,277.0,7.29,1.73,14.45,814.0,230.0,5.09,1.44,17.18,613.0,166.0,3.83,1.04,16.46,3909.0,406.0,18.76,1.95,6.31,2321.0,325.0,11.14,1.56,8.51,2914.0,406.0,13.98,1.95,8.47,1744.0,315.0,8.37,1.51,10.98,2344.0,363.0,11.25,1.74,9.41,2934.0,402.0,14.08,1.93,8.33,1755.0,292.0,8.42,1.4,10.11,1736.0,286.0,8.33,1.37,10.01,707.0,204.0,3.39,0.98,17.54,487.0,160.0,2.34,0.77,19.97,12747.0,448.0,61.16,2.15,2.14,7148.0,456.0,34.3,2.19,3.88,2490.0,325.0,11.95,1.56,7.93,5383.0,454.0,25.83,2.18,5.13,1097.0,231.0,5.26,1.11,12.8,8742.0,506.0,41.94,2.43,3.52,39514.0,571.0,92.03,1.33,0.88,18888.0,1142.0,43.99,2.66,3.68,24667.0,1116.0,57.45,2.6,2.75,3420.0,571.0,7.97,1.33,10.15,19415.0,705.0,44.58,1.62,2.21,24134.0,705.0,55.42,1.62,1.78,2218.0,414.0,5.09,0.95,11.35,2417.0,344.0,5.55,0.79,8.65,2148.0,353.0,4.93,0.81,9.99,2305.0,314.0,5.29,0.72,8.28,2632.0,348.0,6.04,0.8,8.04,4889.0,531.0,11.23,1.22,6.6,4777.0,492.0,10.97,1.13,6.26,5113.0,505.0,11.74,1.16,6.0,2908.0,414.0,6.68,0.95,8.65,3502.0,427.0,8.04,0.98,7.41,5055.0,453.0,11.61,1.04,5.45,3847.0,392.0,8.83,0.9,6.19,1723.0,248.0,3.96,0.57,8.75,35400.0,623.0,81.29,1.43,1.07,10636.0,584.0,24.42,1.34,3.34,25630.0,1010.0,58.85,2.32,2.4,9606.0,884.0,22.06,2.03,5.59,92.0,118.0,0.21,0.27,77.97,3228.0,601.0,7.41,1.38,11.32,26.0,96.0,0.06,0.22,224.46,3787.0,836.0,8.7,1.92,13.42,1183.0,523.0,2.72,1.2,26.88,8104.0,993.0,18.61,2.28,7.45,35445.0,993.0,81.39,2.28,1.7,22446.0,836.0,51.54,1.92,2.26,8996.0,854.0,20.66,1.96,5.77,92.0,118.0,0.21,0.27,77.97,3214.0,601.0,7.38,1.38,11.37,8.0,96.0,0.02,0.22,729.48,245.0,379.0,0.56,0.87,94.04,437.0,244.0,1.0,0.56,33.94
11225,11225,11225,24459.0,,100,,,6977.0,433.0,28.53,1.77,3.77,15448.0,905.0,24.92,1.46,3.56,1050.0,238.0,6.8,1.54,13.78,827.0,209.0,5.35,1.35,15.36,5204.0,420.0,33.69,2.72,4.91,2727.0,357.0,17.65,2.31,7.96,5637.0,431.0,36.49,2.79,4.65,43074.0,1110.0,69.48,1.79,1.57,2513.0,461.0,5.83,1.07,11.15,4143.0,500.0,9.62,1.16,7.34,10979.0,758.0,25.49,1.76,4.2,14081.0,788.0,32.69,1.83,3.4,49069.0,1246.0,79.15,2.01,1.54,1144.0,255.0,2.33,0.52,13.55,61960.0,74.0,99.94,0.12,0.07,4313.0,489.0,6.96,0.79,6.89,12903.0,831.0,20.81,1.34,3.92,259.0,133.0,2.01,1.03,31.22,41539.0,849.0,67.0,1.37,1.24,2114.0,361.0,5.09,0.87,10.38,7511.0,484.0,12.12,0.78,3.92,1936.0,253.0,25.77,3.37,7.94,60998.0,1475.0,98.39,2.38,1.47,55539.0,647.0,91.05,1.06,0.71,5018.0,634.0,8.23,1.04,7.68,439.0,177.0,0.72,0.29,24.51,61995.0,,100,,,37521.0,1097.0,60.52,1.77,1.78,36248.0,1079.0,58.47,1.74,1.81,1273.0,316.0,2.05,0.51,15.09,24474.0,1085.0,39.48,1.75,2.7,14675.0,739.0,59.96,3.02,3.06,9799.0,739.0,40.04,3.02,4.58,1482.0,264.0,6.06,1.08,10.83,1408.0,308.0,5.75,1.26,13.3,1407.0,409.0,5.75,1.67,17.67,24.0,98.0,0.1,0.4,248.23,19991.0,565.0,81.68,2.31,1.72,163.0,105.0,0.67,0.43,39.16,57817.0,1426.0,93.26,2.3,1.5,40576.0,1364.0,70.18,2.36,2.04,6329.0,781.0,10.95,1.35,7.5,5191.0,752.0,8.98,1.3,8.81,50288.0,1314.0,81.12,2.12,1.59,34393.0,785.0,68.39,1.56,1.39,30214.0,800.0,60.08,1.59,1.61,4164.0,503.0,8.28,1.0,7.34,11.0,101.0,0.02,0.2,558.17,15895.0,785.0,31.61,1.56,3.0,,,12.11,1.44,7.34,29677.0,738.0,47.87,1.19,1.51,3552.0,460.0,11.97,1.55,7.87,883.0,258.0,2.98,0.87,17.76,21295.0,620.0,71.76,2.09,1.77,1964.0,294.0,6.62,0.99,9.1,1338.0,270.0,4.51,0.91,12.27,30207.0,738.0,48.72,1.19,1.49,0.0,,0.0,,,1031.0,245.0,3.41,0.81,14.45,890.0,239.0,2.95,0.79,16.32,395.0,139.0,1.31,0.46,21.39,2466.0,378.0,8.16,1.25,9.32,1885.0,356.0,6.24,1.18,11.48,1500.0,263.0,4.97,0.87,10.66,2281.0,344.0,7.55,1.14,9.17,3786.0,453.0,12.53,1.5,7.27,9935.0,595.0,32.89,1.97,3.64,2841.0,372.0,9.41,1.23,7.96,1613.0,272.0,5.34,0.9,10.25,1593.0,332.0,5.27,1.1,12.67,2010.0,308.0,8.22,1.26,9.32,1544.0,262.0,6.31,1.07,10.32,2739.0,362.0,11.2,1.48,8.03,2689.0,362.0,10.99,1.48,8.18,3502.0,399.0,14.32,1.63,6.93,4479.0,450.0,18.31,1.84,6.11,3145.0,394.0,12.86,1.61,7.62,2683.0,328.0,10.97,1.34,7.43,837.0,215.0,3.42,0.88,15.62,823.0,188.0,3.36,0.77,13.89,20164.0,391.0,82.44,1.6,1.18,6117.0,433.0,25.01,1.77,4.3,2745.0,320.0,11.22,1.31,7.09,1579.0,269.0,6.46,1.1,10.36,1000.0,218.0,4.09,0.89,13.25,4498.0,440.0,18.39,1.8,5.95,54412.0,787.0,87.82,1.27,0.88,33748.0,1487.0,54.47,2.4,2.68,24921.0,1376.0,40.22,2.22,3.36,7548.0,787.0,12.18,1.27,6.34,28189.0,825.0,45.47,1.33,1.78,33806.0,825.0,54.53,1.33,1.48,4178.0,477.0,6.74,0.77,6.94,3232.0,391.0,5.21,0.63,7.35,3592.0,434.0,5.79,0.7,7.34,3012.0,378.0,4.86,0.61,7.63,4919.0,564.0,7.93,0.91,6.97,12693.0,818.0,20.47,1.32,3.92,8345.0,626.0,13.46,1.01,4.56,7269.0,583.0,11.73,0.94,4.88,3623.0,471.0,5.84,0.76,7.9,3609.0,446.0,5.82,0.72,7.51,4557.0,465.0,7.35,0.75,6.2,2115.0,291.0,3.41,0.47,8.36,854.0,211.0,1.38,0.34,15.02,49080.0,701.0,79.17,1.13,0.87,7523.0,539.0,12.13,0.87,4.36,14202.0,1004.0,22.91,1.62,4.3,42145.0,1209.0,67.98,1.95,1.74,170.0,223.0,0.27,0.36,79.74,1442.0,384.0,2.33,0.62,16.19,84.0,155.0,0.14,0.25,112.17,2717.0,775.0,4.38,1.25,17.34,1231.0,366.0,1.99,0.59,18.07,6103.0,856.0,9.84,1.38,8.53,55892.0,856.0,90.16,1.38,0.93,12495.0,856.0,20.15,1.38,4.16,40183.0,1228.0,64.82,1.98,1.86,170.0,223.0,0.27,0.36,79.74,1400.0,384.0,2.26,0.62,16.67,84.0,155.0,0.14,0.25,112.17,552.0,366.0,0.89,0.59,40.31,985.0,322.0,1.59,0.52,19.87
11226,11226,11226,38854.0,,100,,,13694.0,594.0,35.24,1.53,2.64,26590.0,1090.0,26.34,1.08,2.49,1589.0,290.0,5.98,1.09,11.09,1734.0,285.0,6.52,1.07,9.99,10110.0,548.0,38.02,2.06,3.3,5327.0,425.0,20.03,1.6,4.85,7831.0,521.0,29.45,1.96,4.04,67434.0,1706.0,66.79,1.69,1.54,6265.0,560.0,9.29,0.83,5.43,6698.0,553.0,9.93,0.82,5.02,21882.0,904.0,32.45,1.34,2.51,17516.0,802.0,25.97,1.19,2.78,77138.0,2181.0,76.4,2.16,1.72,1292.0,247.0,1.67,0.32,11.62,100797.0,505.0,99.83,0.5,0.3,8238.0,635.0,8.17,0.63,4.69,23799.0,1111.0,23.57,1.1,2.84,516.0,162.0,2.17,0.68,19.09,65908.0,1141.0,65.28,1.13,1.05,4331.0,428.0,6.57,0.65,6.01,11081.0,545.0,10.98,0.54,2.99,3390.0,307.0,30.59,2.77,5.51,99504.0,2423.0,98.55,2.4,1.48,93121.0,667.0,93.59,0.67,0.44,5857.0,637.0,5.89,0.64,6.61,519.0,199.0,0.52,0.2,23.31,100964.0,,100,,,53137.0,1302.0,52.63,1.29,1.49,51110.0,1292.0,50.62,1.28,1.54,2040.0,323.0,2.02,0.32,9.63,47828.0,1201.0,47.37,1.19,1.53,26632.0,923.0,55.68,1.93,2.11,21195.0,923.0,44.32,1.93,2.65,1070.0,253.0,2.24,0.53,14.37,2951.0,426.0,6.17,0.89,8.78,1881.0,430.0,3.93,0.9,13.9,18.0,124.0,0.04,0.26,418.78,41763.0,641.0,87.32,1.34,0.93,152.0,143.0,0.32,0.3,57.19,93779.0,2352.0,92.88,2.33,1.52,57479.0,1632.0,61.29,1.74,1.73,16178.0,1107.0,17.25,1.18,4.16,14999.0,1088.0,15.99,1.16,4.41,79635.0,2120.0,78.87,2.1,1.62,52319.0,932.0,65.7,1.17,1.08,47335.0,964.0,59.44,1.21,1.24,4990.0,486.0,6.27,0.61,5.92,8.0,127.0,0.01,0.16,965.05,27316.0,932.0,34.3,1.17,2.07,,,9.54,0.91,5.92,46145.0,848.0,45.7,0.84,1.12,5825.0,521.0,12.62,1.13,5.44,1304.0,240.0,2.83,0.52,11.19,33795.0,720.0,73.24,1.56,1.3,2311.0,360.0,5.01,0.78,9.47,1671.0,295.0,3.62,0.64,10.73,47331.0,1010.0,46.88,1.0,1.3,0.0,,0.0,,,2325.0,350.0,4.91,0.74,9.15,1212.0,260.0,2.56,0.55,13.04,570.0,185.0,1.2,0.39,19.73,4861.0,464.0,10.27,0.98,5.8,3073.0,398.0,6.49,0.84,7.87,1429.0,260.0,3.02,0.55,11.06,2953.0,355.0,6.24,0.75,7.31,5307.0,473.0,11.21,1.0,5.42,16607.0,738.0,35.09,1.56,2.7,4522.0,464.0,9.55,0.98,6.24,2816.0,374.0,5.95,0.79,8.07,1652.0,279.0,3.49,0.59,10.27,3956.0,392.0,10.18,1.01,6.02,2115.0,319.0,5.44,0.82,9.17,4414.0,427.0,11.36,1.1,5.88,4889.0,466.0,12.58,1.2,5.79,5559.0,482.0,14.31,1.24,5.27,7424.0,548.0,19.11,1.41,4.49,4401.0,420.0,11.33,1.08,5.8,3771.0,416.0,9.71,1.07,6.71,1358.0,233.0,3.5,0.6,10.43,961.0,198.0,2.47,0.51,12.52,31558.0,493.0,81.22,1.27,0.95,9118.0,513.0,23.47,1.32,3.42,3658.0,350.0,9.41,0.9,5.82,2617.0,330.0,6.74,0.85,7.67,2056.0,303.0,5.29,0.78,8.96,10901.0,606.0,28.06,1.56,3.38,86360.0,958.0,85.68,0.95,0.67,47263.0,1623.0,46.89,1.61,2.09,44104.0,1512.0,43.76,1.5,2.08,14437.0,958.0,14.32,0.95,4.03,45378.0,929.0,44.94,0.92,1.24,55586.0,929.0,55.06,0.92,1.02,7185.0,626.0,7.12,0.62,5.3,6405.0,535.0,6.34,0.53,5.08,6320.0,525.0,6.26,0.52,5.05,6092.0,515.0,6.03,0.51,5.14,7517.0,606.0,7.45,0.6,4.9,18264.0,909.0,18.09,0.9,3.03,14205.0,757.0,14.07,0.75,3.24,12474.0,697.0,12.35,0.69,3.4,5589.0,515.0,5.54,0.51,5.6,5709.0,505.0,5.65,0.5,5.38,6741.0,485.0,6.68,0.48,4.37,3257.0,343.0,3.23,0.34,6.4,1172.0,222.0,1.16,0.22,11.51,77148.0,909.0,76.41,0.9,0.72,11187.0,616.0,11.08,0.61,3.35,12556.0,1040.0,12.44,1.03,5.04,70394.0,1413.0,69.72,1.4,1.22,142.0,182.0,0.14,0.18,77.91,3759.0,626.0,3.72,0.62,10.12,12.0,131.0,0.01,0.13,663.63,10809.0,1353.0,10.71,1.34,7.61,3303.0,606.0,3.27,0.6,11.15,17761.0,1343.0,17.59,1.33,4.6,83203.0,1343.0,82.41,1.33,0.98,9454.0,868.0,9.36,0.86,5.58,67117.0,1424.0,66.48,1.41,1.29,31.0,131.0,0.03,0.13,256.89,3658.0,626.0,3.62,0.62,10.4,12.0,131.0,0.01,0.13,663.63,548.0,242.0,0.54,0.24,26.85,2386.0,515.0,2.36,0.51,13.12
11228,11228,11228,15829.0,,100,,,5804.0,293.0,36.67,1.85,3.07,10827.0,524.0,23.95,1.16,2.94,823.0,146.0,7.6,1.35,10.78,501.0,128.0,4.63,1.18,15.53,3777.0,264.0,34.89,2.44,4.25,2366.0,207.0,21.85,1.91,5.32,3360.0,266.0,31.03,2.46,4.81,31911.0,886.0,70.59,1.96,1.69,3745.0,329.0,11.74,1.03,5.34,3092.0,319.0,9.69,1.0,6.27,9050.0,488.0,28.36,1.53,3.28,10129.0,450.0,31.74,1.41,2.7,35459.0,1126.0,78.44,2.49,1.93,987.0,135.0,2.78,0.38,8.31,45074.0,298.0,99.71,0.66,0.4,4543.0,383.0,10.08,0.85,5.12,9717.0,520.0,21.49,1.15,3.25,318.0,154.0,3.27,1.59,29.44,28466.0,606.0,62.97,1.34,1.29,1729.0,225.0,6.07,0.79,7.91,6885.0,335.0,15.23,0.74,2.96,2492.0,187.0,36.2,2.72,4.56,44695.0,1352.0,98.87,2.99,1.84,40617.0,612.0,90.88,1.37,0.92,3808.0,603.0,8.52,1.35,9.63,268.0,143.0,0.6,0.32,32.44,45207.0,,100,,,26849.0,678.0,59.39,1.5,1.54,25871.0,687.0,57.23,1.52,1.61,986.0,212.0,2.18,0.47,13.07,18357.0,732.0,40.61,1.62,2.42,11450.0,543.0,62.37,2.96,2.88,6907.0,543.0,37.63,2.96,4.78,4510.0,395.0,24.57,2.15,5.32,11449.0,505.0,62.37,2.75,2.68,546.0,178.0,2.97,0.97,19.82,22.0,117.0,0.12,0.64,323.29,1750.0,338.0,9.53,1.84,11.74,80.0,95.0,0.44,0.52,72.19,42087.0,1388.0,93.1,3.07,2.0,17343.0,741.0,41.21,1.76,2.6,12839.0,648.0,30.51,1.54,3.07,2968.0,497.0,7.05,1.18,10.18,36605.0,1184.0,80.97,2.62,1.97,22258.0,458.0,60.81,1.25,1.25,20387.0,461.0,55.7,1.26,1.37,1846.0,216.0,5.04,0.59,7.11,29.0,121.0,0.08,0.33,253.64,14347.0,458.0,39.19,1.25,1.94,,,8.29,0.96,7.11,19876.0,529.0,43.97,1.17,1.62,6158.0,362.0,30.98,1.82,3.57,1769.0,237.0,8.9,1.19,8.14,9720.0,411.0,48.9,2.07,2.57,1489.0,189.0,7.49,0.95,7.72,464.0,105.0,2.33,0.53,13.76,20394.0,552.0,45.11,1.22,1.65,27.0,108.0,0.13,0.53,243.16,1499.0,202.0,7.35,0.99,8.19,1168.0,198.0,5.73,0.97,10.31,724.0,157.0,3.55,0.77,13.18,1925.0,224.0,9.44,1.1,7.07,1453.0,210.0,7.12,1.03,8.79,377.0,77.0,1.85,0.38,12.42,2344.0,243.0,11.49,1.19,6.3,1794.0,192.0,8.8,0.94,6.51,5236.0,310.0,25.67,1.52,3.6,1979.0,237.0,9.7,1.16,7.28,1057.0,169.0,5.18,0.83,9.72,813.0,143.0,3.99,0.7,10.69,833.0,136.0,5.26,0.86,9.92,759.0,141.0,4.79,0.89,11.29,1598.0,201.0,10.1,1.27,7.65,1185.0,165.0,7.49,1.04,8.46,1725.0,199.0,10.9,1.26,7.01,2794.0,266.0,17.65,1.68,5.79,1794.0,193.0,11.33,1.22,6.54,2751.0,234.0,17.38,1.48,5.17,1112.0,157.0,7.03,0.99,8.58,1281.0,157.0,8.09,0.99,7.45,12474.0,231.0,78.8,1.46,1.13,5107.0,263.0,32.26,1.66,3.13,2771.0,218.0,17.51,1.38,4.78,881.0,147.0,5.57,0.93,10.14,366.0,108.0,2.31,0.68,17.94,2200.0,217.0,13.9,1.37,6.0,41837.0,415.0,92.82,0.92,0.6,28404.0,879.0,63.02,1.95,1.88,17945.0,861.0,39.81,1.91,2.92,3237.0,415.0,7.18,0.92,7.79,21808.0,407.0,48.24,0.9,1.13,23399.0,407.0,51.76,0.9,1.06,3120.0,325.0,6.9,0.72,6.33,2470.0,258.0,5.46,0.57,6.35,2410.0,231.0,5.33,0.51,5.83,2741.0,258.0,6.06,0.57,5.72,2560.0,289.0,5.66,0.64,6.86,6600.0,479.0,14.6,1.06,4.41,6370.0,402.0,14.09,0.89,3.84,6241.0,411.0,13.81,0.91,4.0,2967.0,262.0,6.56,0.58,5.37,2762.0,258.0,6.11,0.57,5.68,3567.0,312.0,7.89,0.69,5.32,2238.0,240.0,4.95,0.53,6.52,1161.0,163.0,2.57,0.36,8.53,35490.0,429.0,78.51,0.95,0.73,6967.0,416.0,15.41,0.92,3.63,26303.0,877.0,58.18,1.94,2.03,378.0,176.0,0.84,0.39,28.3,122.0,149.0,0.27,0.33,74.24,16005.0,913.0,35.4,2.02,3.47,30.0,122.0,0.07,0.27,247.21,1988.0,533.0,4.4,1.18,16.3,368.0,190.0,0.81,0.42,31.39,4896.0,651.0,10.83,1.44,8.08,40311.0,651.0,89.17,1.44,0.98,23729.0,832.0,52.49,1.84,2.13,309.0,163.0,0.68,0.36,32.07,61.0,145.0,0.13,0.32,144.5,15859.0,918.0,35.08,2.03,3.52,30.0,122.0,0.07,0.27,247.21,65.0,122.0,0.14,0.27,114.1,246.0,158.0,0.54,0.35,39.04
11229,11229,11229,31742.0,,100,,,9534.0,451.0,30.04,1.42,2.88,19680.0,877.0,24.02,1.07,2.71,1184.0,230.0,6.02,1.17,11.81,926.0,177.0,4.71,0.9,11.62,7457.0,396.0,37.89,2.01,3.23,3934.0,327.0,19.99,1.66,5.05,6176.0,394.0,31.38,2.0,3.88,57790.0,1499.0,70.55,1.83,1.58,4814.0,422.0,8.33,0.73,5.33,4063.0,439.0,7.03,0.76,6.57,15175.0,717.0,26.26,1.24,2.87,22121.0,745.0,38.28,1.29,2.05,64595.0,1475.0,78.85,1.8,1.39,1517.0,174.0,2.35,0.27,6.97,81847.0,745.0,99.91,0.91,0.55,9140.0,565.0,11.17,0.69,3.76,17304.0,868.0,21.12,1.06,3.05,261.0,119.0,1.51,0.69,27.72,50801.0,868.0,62.02,1.06,1.04,3509.0,376.0,6.91,0.74,6.51,13731.0,442.0,16.76,0.54,1.96,5378.0,308.0,39.17,2.24,3.48,80982.0,1647.0,98.86,2.01,1.24,74937.0,729.0,92.53,0.9,0.59,5321.0,672.0,6.57,0.83,7.68,729.0,292.0,0.9,0.36,24.35,81917.0,,100,,,44276.0,1024.0,54.05,1.25,1.41,42656.0,1024.0,52.07,1.25,1.46,1615.0,295.0,1.97,0.36,11.1,37641.0,901.0,45.95,1.1,1.46,26496.0,719.0,70.39,1.91,1.65,11145.0,719.0,29.61,1.91,3.92,15499.0,738.0,41.18,1.96,2.89,17698.0,772.0,47.02,2.05,2.65,551.0,173.0,1.46,0.46,19.09,31.0,136.0,0.08,0.36,266.69,3716.0,501.0,9.87,1.33,8.2,148.0,173.0,0.39,0.46,71.06,76797.0,1892.0,93.75,2.31,1.5,34952.0,1190.0,45.51,1.55,2.07,24044.0,952.0,31.31,1.24,2.41,4996.0,745.0,6.51,0.97,9.07,66637.0,1671.0,81.35,2.04,1.52,39271.0,726.0,58.93,1.09,1.12,36123.0,726.0,54.21,1.09,1.22,3137.0,373.0,4.71,0.56,7.23,12.0,140.0,0.02,0.21,709.22,27365.0,726.0,41.07,1.09,1.61,,,7.99,0.94,7.23,35230.0,696.0,43.01,0.85,1.2,9706.0,479.0,27.55,1.36,3.0,2280.0,296.0,6.47,0.84,7.89,18364.0,564.0,52.13,1.6,1.87,2517.0,275.0,7.14,0.78,6.64,1633.0,289.0,4.64,0.82,10.76,36122.0,672.0,44.1,0.82,1.13,32.0,144.0,0.09,0.4,273.56,1866.0,271.0,5.17,0.75,8.83,1490.0,235.0,4.12,0.65,9.59,1536.0,231.0,4.25,0.64,9.14,3702.0,350.0,10.25,0.97,5.75,2547.0,307.0,7.05,0.85,7.33,1022.0,173.0,2.83,0.48,10.29,3155.0,300.0,8.73,0.83,5.78,4018.0,376.0,11.12,1.04,5.69,11100.0,527.0,30.73,1.46,2.89,2654.0,321.0,7.35,0.89,7.35,1586.0,224.0,4.39,0.62,8.59,1421.0,228.0,3.93,0.63,9.75,2881.0,317.0,9.08,1.0,6.69,2106.0,286.0,6.63,0.9,8.26,3379.0,343.0,10.65,1.08,6.17,2784.0,321.0,8.77,1.01,7.01,3765.0,333.0,11.86,1.05,5.38,5013.0,362.0,15.79,1.14,4.39,3705.0,321.0,11.67,1.01,5.27,4724.0,343.0,14.88,1.08,4.41,1712.0,216.0,5.39,0.68,7.67,1670.0,200.0,5.26,0.63,7.28,23889.0,397.0,75.26,1.25,1.01,9101.0,390.0,28.67,1.23,2.61,4350.0,295.0,13.7,0.93,4.12,2792.0,257.0,8.8,0.81,5.6,1002.0,197.0,3.16,0.62,11.95,6376.0,409.0,20.09,1.29,3.9,75969.0,606.0,92.82,0.74,0.48,48303.0,1310.0,59.02,1.6,1.65,34100.0,1260.0,41.66,1.54,2.25,5878.0,606.0,7.18,0.74,6.27,39466.0,680.0,48.18,0.83,1.05,42451.0,680.0,51.82,0.83,0.97,5120.0,467.0,6.25,0.57,5.54,4624.0,393.0,5.64,0.48,5.17,4708.0,418.0,5.75,0.51,5.4,4471.0,393.0,5.46,0.48,5.34,5181.0,467.0,6.32,0.57,5.48,10822.0,631.0,13.21,0.77,3.54,10194.0,565.0,12.44,0.69,3.37,11018.0,590.0,13.45,0.72,3.26,6308.0,434.0,7.7,0.53,4.18,5696.0,442.0,6.95,0.54,4.72,7436.0,426.0,9.08,0.52,3.48,4090.0,352.0,4.99,0.43,5.23,2226.0,254.0,2.72,0.31,6.94,64608.0,713.0,78.87,0.87,0.67,13748.0,565.0,16.78,0.69,2.5,56387.0,1221.0,68.83,1.49,1.32,4238.0,483.0,5.17,0.59,6.93,33.0,139.0,0.04,0.17,256.06,16215.0,1024.0,19.79,1.25,3.84,108.0,188.0,0.13,0.23,105.82,3353.0,827.0,4.09,1.01,14.99,1565.0,401.0,1.91,0.49,15.58,8148.0,967.0,9.95,1.18,7.21,73769.0,967.0,90.05,1.18,0.8,52294.0,1163.0,63.84,1.42,1.35,3714.0,475.0,4.53,0.58,7.77,33.0,139.0,0.04,0.17,256.06,16147.0,1024.0,19.71,1.25,3.86,108.0,188.0,0.13,0.23,105.82,141.0,156.0,0.17,0.19,67.26,1333.0,385.0,1.63,0.47,17.56
11230,11230,11230,32662.0,,100,,,11109.0,444.0,34.01,1.36,2.43,26150.0,1032.0,29.39,1.16,2.4,1792.0,241.0,6.85,0.92,8.18,1839.0,217.0,7.03,0.83,7.17,10596.0,471.0,40.52,1.8,2.7,4779.0,377.0,18.28,1.44,4.8,7142.0,458.0,27.31,1.75,3.9,55508.0,1584.0,62.39,1.78,1.73,5087.0,472.0,9.16,0.85,5.64,4208.0,444.0,7.58,0.8,6.41,12488.0,627.0,22.5,1.13,3.05,22121.0,744.0,39.85,1.34,2.04,63997.0,1717.0,71.93,1.93,1.63,1012.0,166.0,1.58,0.26,9.97,88712.0,125.0,99.71,0.14,0.09,10543.0,612.0,11.88,0.69,3.53,24928.0,1059.0,28.02,1.19,2.58,473.0,152.0,1.9,0.61,19.54,51090.0,1050.0,57.42,1.18,1.25,4005.0,378.0,7.84,0.74,5.74,12699.0,409.0,14.27,0.46,1.96,6063.0,309.0,47.74,2.43,3.1,87447.0,1726.0,98.29,1.94,1.2,80936.0,813.0,92.55,0.93,0.61,5677.0,770.0,6.49,0.88,8.25,833.0,289.0,0.95,0.33,21.09,88971.0,,100,,,53798.0,1112.0,60.47,1.25,1.26,51499.0,1103.0,57.88,1.24,1.3,2301.0,365.0,2.59,0.41,9.64,35173.0,1014.0,39.53,1.14,1.75,21735.0,739.0,61.79,2.1,2.07,13439.0,739.0,38.21,2.1,3.34,12468.0,693.0,35.45,1.97,3.38,14733.0,739.0,41.89,2.1,3.05,718.0,218.0,2.04,0.62,18.46,29.0,144.0,0.08,0.41,301.86,7071.0,693.0,20.1,1.97,5.96,156.0,130.0,0.44,0.37,50.66,81079.0,2055.0,91.13,2.31,1.54,37441.0,1257.0,46.18,1.55,2.04,25166.0,1070.0,31.04,1.32,2.58,6709.0,884.0,8.27,1.09,8.01,66596.0,1859.0,74.85,2.09,1.7,39139.0,726.0,58.77,1.09,1.13,35883.0,699.0,53.88,1.05,1.18,3215.0,366.0,4.83,0.55,6.92,42.0,153.0,0.06,0.23,221.45,27457.0,726.0,41.23,1.09,1.61,,,8.21,0.92,6.92,34965.0,721.0,39.3,0.81,1.25,8923.0,497.0,25.52,1.42,3.39,2184.0,262.0,6.25,0.75,7.29,17466.0,573.0,49.95,1.64,1.99,4587.0,388.0,13.12,1.11,5.14,1158.0,206.0,3.31,0.59,10.81,35875.0,721.0,40.32,0.81,1.22,8.0,151.0,0.02,0.42,1147.42,1806.0,287.0,5.03,0.8,9.66,1417.0,258.0,3.95,0.72,11.07,1548.0,226.0,4.31,0.63,8.88,3625.0,373.0,10.1,1.04,6.26,2493.0,334.0,6.95,0.93,8.14,859.0,154.0,2.39,0.43,10.9,3150.0,319.0,8.78,0.89,6.16,3811.0,341.0,10.62,0.95,5.44,12222.0,563.0,34.07,1.57,2.8,2589.0,316.0,7.22,0.88,7.42,1406.0,201.0,3.92,0.56,8.69,936.0,165.0,2.61,0.46,10.72,3999.0,363.0,12.24,1.11,5.52,2417.0,287.0,7.4,0.88,7.22,4046.0,353.0,12.39,1.08,5.3,3073.0,317.0,9.41,0.97,6.27,3750.0,343.0,11.48,1.05,5.56,4934.0,376.0,15.11,1.15,4.63,3276.0,320.0,10.03,0.98,5.94,3504.0,307.0,10.73,0.94,5.33,1581.0,212.0,4.84,0.65,8.15,2084.0,225.0,6.38,0.69,6.56,24810.0,415.0,75.96,1.27,1.02,8195.0,392.0,25.09,1.2,2.91,3475.0,281.0,10.64,0.86,4.92,3779.0,346.0,11.57,1.06,5.57,972.0,183.0,2.98,0.56,11.45,8050.0,461.0,24.65,1.41,3.48,80004.0,843.0,90.18,0.95,0.64,43138.0,1375.0,48.63,1.55,1.94,43021.0,1411.0,48.5,1.59,1.99,8708.0,843.0,9.82,0.95,5.88,43065.0,685.0,48.4,0.77,0.97,45906.0,685.0,51.6,0.77,0.91,7892.0,561.0,8.87,0.63,4.32,6989.0,480.0,7.86,0.54,4.18,6332.0,445.0,7.12,0.5,4.27,5674.0,445.0,6.38,0.5,4.77,6567.0,489.0,7.38,0.55,4.53,12368.0,694.0,13.9,0.78,3.41,10204.0,569.0,11.47,0.64,3.39,9761.0,543.0,10.97,0.61,3.38,5302.0,427.0,5.96,0.48,4.9,5037.0,427.0,5.66,0.48,5.15,6642.0,463.0,7.47,0.52,4.24,3867.0,338.0,4.35,0.38,5.31,2328.0,258.0,2.62,0.29,6.74,64038.0,810.0,71.98,0.91,0.77,12825.0,561.0,14.41,0.63,2.66,61866.0,1352.0,69.53,1.52,1.33,7364.0,632.0,8.28,0.71,5.22,475.0,365.0,0.53,0.41,46.71,12036.0,1023.0,13.53,1.15,5.17,0.0,,0.0,,,5607.0,961.0,6.3,1.08,10.42,1622.0,400.0,1.82,0.45,14.99,8340.0,1023.0,9.37,1.15,7.46,80632.0,1023.0,90.63,1.15,0.77,59386.0,1370.0,66.75,1.54,1.4,7199.0,623.0,8.09,0.7,5.26,400.0,365.0,0.45,0.41,55.47,11928.0,1014.0,13.41,1.14,5.17,0.0,,0.0,,,339.0,214.0,0.38,0.24,38.37,1388.0,365.0,1.56,0.41,15.99
11231,11231,11231,17681.0,,100,,,5125.0,403.0,28.99,2.28,4.78,7267.0,620.0,19.57,1.67,5.19,975.0,178.0,13.42,2.45,11.1,575.0,137.0,7.91,1.89,14.48,2637.0,288.0,36.29,3.97,6.64,1449.0,223.0,19.94,3.07,9.36,1633.0,247.0,22.47,3.4,9.19,27523.0,1033.0,74.1,2.78,2.28,1735.0,303.0,6.3,1.1,10.62,2035.0,347.0,7.39,1.26,10.37,3828.0,476.0,13.91,1.73,7.56,16592.0,592.0,60.28,2.15,2.17,29532.0,1107.0,79.51,2.98,2.28,677.0,174.0,2.29,0.59,15.62,36931.0,137.0,99.43,0.37,0.23,4149.0,465.0,11.23,1.26,6.81,7601.0,579.0,20.46,1.56,4.63,198.0,106.0,2.61,1.39,32.54,25622.0,698.0,68.98,1.88,1.66,2356.0,336.0,9.2,1.31,8.67,3719.0,383.0,10.01,1.03,6.26,1595.0,219.0,42.89,5.88,8.35,36526.0,1267.0,98.34,3.41,2.11,31645.0,727.0,86.64,1.99,1.4,4380.0,683.0,11.99,1.87,9.48,500.0,289.0,1.37,0.79,35.14,37142.0,,100,,,30312.0,702.0,81.61,1.89,1.41,28404.0,713.0,76.47,1.92,1.53,1914.0,331.0,5.15,0.89,10.51,6830.0,702.0,18.39,1.89,6.25,3390.0,363.0,49.63,5.32,6.51,3440.0,363.0,50.37,5.32,6.41,2657.0,311.0,38.9,4.56,7.12,1549.0,301.0,22.68,4.4,11.81,142.0,97.0,2.08,1.42,41.53,80.0,83.0,1.17,1.22,63.07,2171.0,294.0,31.79,4.31,8.23,230.0,104.0,3.37,1.53,27.49,34251.0,1096.0,92.22,2.95,1.95,24163.0,767.0,70.55,2.24,1.93,3434.0,500.0,10.03,1.46,8.85,5411.0,582.0,15.8,1.7,6.54,30163.0,1144.0,81.21,3.08,2.31,21799.0,537.0,72.27,1.78,1.5,19893.0,567.0,65.95,1.88,1.73,1895.0,350.0,6.28,1.16,11.23,6.0,84.0,0.02,0.28,851.06,8363.0,537.0,27.73,1.78,3.9,,,8.69,1.59,11.23,19508.0,468.0,52.52,1.26,1.46,1678.0,285.0,8.6,1.46,10.32,426.0,164.0,2.18,0.84,23.4,12649.0,533.0,64.84,2.73,2.56,2057.0,320.0,10.54,1.64,9.46,1554.0,259.0,7.97,1.33,10.13,19893.0,464.0,53.56,1.25,1.42,40.0,86.0,0.2,0.43,130.7,471.0,151.0,2.37,0.76,19.49,684.0,181.0,3.44,0.91,16.09,326.0,131.0,1.64,0.66,24.43,1754.0,294.0,8.82,1.48,10.19,508.0,223.0,2.55,1.12,26.69,2039.0,314.0,10.25,1.58,9.36,2005.0,294.0,10.08,1.48,8.91,4606.0,450.0,23.15,2.26,5.94,4254.0,426.0,21.38,2.14,6.09,1946.0,286.0,9.78,1.44,8.93,714.0,169.0,3.59,0.85,14.39,536.0,145.0,2.69,0.73,16.45,1960.0,299.0,11.09,1.69,9.27,608.0,173.0,3.44,0.98,17.3,1063.0,267.0,6.01,1.51,15.27,871.0,198.0,4.93,1.12,13.82,1154.0,217.0,6.53,1.23,11.43,2026.0,329.0,11.46,1.86,9.87,1773.0,281.0,10.03,1.59,9.63,2709.0,322.0,15.32,1.82,7.23,1992.0,309.0,11.27,1.75,9.43,3535.0,393.0,19.99,2.22,6.76,14299.0,331.0,80.87,1.87,1.41,3215.0,347.0,18.18,1.96,6.56,1707.0,279.0,9.65,1.58,9.94,1483.0,244.0,8.39,1.38,10.0,628.0,175.0,3.55,0.99,16.94,2730.0,258.0,15.44,1.46,5.75,34576.0,439.0,93.62,1.19,0.77,26749.0,746.0,72.43,2.02,1.7,10130.0,628.0,27.43,1.7,3.77,2355.0,439.0,6.38,1.19,11.33,17464.0,568.0,47.02,1.53,1.98,19678.0,568.0,52.98,1.53,1.75,2891.0,316.0,7.78,0.85,6.64,2177.0,271.0,5.86,0.73,7.57,1550.0,293.0,4.17,0.79,11.49,1515.0,286.0,4.08,0.77,11.48,1483.0,267.0,3.99,0.72,10.94,7758.0,695.0,20.89,1.87,5.45,6937.0,542.0,18.68,1.46,4.75,4752.0,449.0,12.79,1.21,5.74,2318.0,353.0,6.24,0.95,9.26,1872.0,323.0,5.04,0.87,10.49,2176.0,301.0,5.86,0.81,8.41,1201.0,241.0,3.23,0.65,12.2,507.0,137.0,1.37,0.37,16.43,29537.0,494.0,79.53,1.33,1.02,3878.0,412.0,10.44,1.11,6.46,24778.0,691.0,66.71,1.86,1.7,4853.0,472.0,13.07,1.27,5.91,132.0,160.0,0.36,0.43,73.69,1977.0,375.0,5.32,1.01,11.53,0.0,,0.0,,,3483.0,609.0,9.38,1.64,10.63,1917.0,357.0,5.16,0.96,11.32,7604.0,672.0,20.47,1.81,5.37,29537.0,672.0,79.53,1.81,1.38,21743.0,635.0,58.54,1.71,1.78,4333.0,423.0,11.67,1.14,5.93,0.0,,0.0,,,1918.0,368.0,5.16,0.99,11.66,0.0,,0.0,,,255.0,175.0,0.69,0.47,41.72,1285.0,279.0,3.46,0.75,13.2
11232,11232,11232,8807.0,,100,,,3329.0,239.0,37.8,2.71,4.36,7070.0,523.0,23.67,1.75,4.5,427.0,130.0,6.04,1.84,18.51,240.0,93.0,3.39,1.32,23.56,2893.0,288.0,40.92,4.07,6.05,1416.0,195.0,20.03,2.76,8.37,2093.0,274.0,29.6,3.88,7.96,20568.0,1398.0,68.86,4.68,4.13,4046.0,436.0,19.67,2.12,6.55,3608.0,403.0,17.54,1.96,6.79,4710.0,463.0,22.9,2.25,5.98,5063.0,395.0,24.62,1.92,4.74,23617.0,950.0,79.07,3.18,2.45,483.0,135.0,2.05,0.57,16.99,27787.0,57.0,93.03,0.19,0.12,2614.0,339.0,9.41,1.22,7.88,6243.0,490.0,20.9,1.64,4.77,194.0,95.0,3.11,1.52,29.77,19161.0,660.0,64.15,2.21,2.09,1472.0,232.0,7.68,1.21,9.58,2385.0,275.0,7.98,0.92,7.01,949.0,148.0,39.79,6.19,9.48,29460.0,827.0,98.63,2.77,1.71,25568.0,454.0,86.79,1.54,1.08,3399.0,436.0,11.54,1.48,7.8,493.0,197.0,1.67,0.67,24.29,29869.0,,100,,,16832.0,714.0,56.35,2.39,2.58,14883.0,684.0,49.83,2.29,2.79,1947.0,326.0,6.52,1.09,10.18,13037.0,789.0,43.65,2.64,3.68,5097.0,463.0,39.1,3.55,5.52,7940.0,463.0,60.9,3.55,3.54,917.0,220.0,7.03,1.69,14.58,4412.0,387.0,33.84,2.97,5.33,91.0,87.0,0.7,0.67,58.12,8.0,74.0,0.06,0.57,562.31,7527.0,422.0,57.74,3.24,3.41,85.0,69.0,0.65,0.53,49.35,28102.0,899.0,94.08,3.01,1.94,7758.0,652.0,27.61,2.32,5.11,11784.0,733.0,41.93,2.61,3.78,13780.0,759.0,49.04,2.7,3.35,24239.0,950.0,81.15,3.18,2.38,15494.0,427.0,63.92,1.76,1.68,14286.0,448.0,58.94,1.85,1.91,1199.0,221.0,4.95,0.91,11.2,11.0,78.0,0.05,0.32,431.06,8745.0,427.0,36.08,1.76,2.97,,,7.74,1.41,11.2,13960.0,418.0,46.74,1.4,1.82,1096.0,170.0,7.85,1.22,9.43,491.0,144.0,3.52,1.03,17.83,9955.0,348.0,71.31,2.49,2.13,1540.0,268.0,11.03,1.92,10.58,344.0,92.0,2.46,0.66,16.26,14286.0,418.0,47.83,1.4,1.78,27.0,67.0,0.19,0.47,150.85,1010.0,244.0,7.07,1.71,14.69,1055.0,193.0,7.38,1.35,11.12,421.0,127.0,2.95,0.89,18.34,1611.0,276.0,11.28,1.93,10.41,515.0,141.0,3.6,0.99,16.64,550.0,120.0,3.85,0.84,13.26,906.0,190.0,6.34,1.33,12.75,1743.0,241.0,12.2,1.69,8.41,2720.0,260.0,19.04,1.82,5.81,2732.0,309.0,19.12,2.16,6.88,806.0,174.0,5.64,1.22,13.12,192.0,83.0,1.34,0.58,26.28,709.0,147.0,8.05,1.67,12.6,597.0,138.0,6.78,1.57,14.05,864.0,160.0,9.81,1.82,11.26,988.0,179.0,11.22,2.03,11.01,1411.0,195.0,16.02,2.21,8.4,1416.0,182.0,16.08,2.07,7.81,1103.0,169.0,12.52,1.92,9.31,998.0,150.0,11.33,1.7,9.14,401.0,111.0,4.55,1.26,16.83,308.0,81.0,3.5,0.92,15.99,7464.0,164.0,84.75,1.86,1.34,1683.0,182.0,19.11,2.07,6.57,611.0,125.0,6.94,1.42,12.44,663.0,138.0,7.53,1.57,12.65,322.0,104.0,3.66,1.18,19.63,2407.0,234.0,27.33,2.66,5.91,22514.0,561.0,81.02,2.02,1.51,11982.0,803.0,43.12,2.89,4.07,12491.0,686.0,44.95,2.47,3.34,5273.0,561.0,18.98,2.02,6.47,16093.0,391.0,53.88,1.31,1.48,13777.0,391.0,46.12,1.31,1.73,1768.0,263.0,5.92,0.88,9.04,2152.0,338.0,7.2,1.13,9.55,1435.0,197.0,4.8,0.66,8.35,1452.0,224.0,4.86,0.75,9.38,2498.0,346.0,8.36,1.16,8.42,6773.0,481.0,22.68,1.61,4.32,4784.0,391.0,16.02,1.31,4.97,4115.0,421.0,13.78,1.41,6.22,1247.0,212.0,4.17,0.71,10.33,1248.0,221.0,4.18,0.74,10.76,1523.0,236.0,5.1,0.79,9.42,683.0,158.0,2.29,0.53,14.06,189.0,87.0,0.63,0.29,27.98,23626.0,406.0,79.1,1.36,1.04,2398.0,305.0,8.03,1.02,7.73,10968.0,815.0,36.72,2.73,4.52,1456.0,335.0,4.87,1.12,13.99,303.0,197.0,1.01,0.66,39.52,6012.0,609.0,20.13,2.04,6.16,33.0,81.0,0.11,0.27,149.21,9622.0,944.0,32.21,3.16,5.96,1483.0,487.0,4.96,1.63,19.96,16349.0,789.0,54.74,2.64,2.93,13520.0,789.0,45.26,2.64,3.55,5624.0,490.0,18.83,1.64,5.3,1244.0,281.0,4.16,0.94,13.73,93.0,90.0,0.31,0.3,58.83,5997.0,609.0,20.08,2.04,6.17,17.0,81.0,0.06,0.27,289.65,118.0,105.0,0.4,0.35,54.09,419.0,146.0,1.4,0.49,21.18
11233,11233,11233,30279.0,,100,,,10788.0,539.0,35.63,1.78,3.04,19001.0,952.0,26.74,1.34,3.05,1686.0,266.0,8.87,1.4,9.59,1046.0,226.0,5.5,1.19,13.13,7754.0,445.0,40.81,2.34,3.49,4122.0,382.0,21.69,2.01,5.63,4395.0,429.0,23.13,2.26,5.93,45179.0,1357.0,63.59,1.91,1.83,4280.0,465.0,9.47,1.03,6.6,6383.0,547.0,14.13,1.21,5.21,14197.0,732.0,31.42,1.62,3.13,10082.0,614.0,22.32,1.36,3.7,52938.0,1521.0,74.51,2.14,1.75,1355.0,222.0,2.56,0.42,9.96,70937.0,732.0,99.84,1.03,0.63,7250.0,610.0,10.22,0.86,5.11,18091.0,1044.0,25.46,1.47,3.51,472.0,154.0,2.61,0.85,19.83,45155.0,1037.0,63.55,1.46,1.4,3649.0,429.0,8.08,0.95,7.15,7691.0,469.0,10.82,0.66,3.71,3145.0,275.0,40.89,3.58,5.32,69777.0,2061.0,98.21,2.9,1.8,63887.0,656.0,91.56,0.94,0.62,5551.0,649.0,7.96,0.93,7.11,355.0,167.0,0.51,0.24,28.6,71052.0,,100,,,54154.0,973.0,76.22,1.37,1.09,52565.0,1002.0,73.98,1.41,1.16,1589.0,320.0,2.24,0.45,12.24,16898.0,938.0,23.78,1.32,3.37,9170.0,512.0,54.27,3.03,3.39,7728.0,512.0,45.73,3.03,4.03,424.0,125.0,2.51,0.74,17.92,1132.0,272.0,6.7,1.61,14.61,1875.0,368.0,11.1,2.18,11.93,74.0,108.0,0.44,0.64,88.72,13234.0,483.0,78.32,2.86,2.22,158.0,154.0,0.94,0.91,59.25,65616.0,2103.0,92.35,2.96,1.95,52565.0,938.0,80.11,1.43,1.08,4373.0,597.0,6.66,0.91,8.3,7715.0,761.0,11.76,1.16,6.0,55134.0,1727.0,77.6,2.43,1.9,33104.0,772.0,60.04,1.4,1.42,29677.0,788.0,53.83,1.43,1.61,3406.0,425.0,6.18,0.77,7.59,20.0,127.0,0.04,0.23,386.02,22034.0,772.0,39.96,1.4,2.13,,,10.29,1.26,7.59,29243.0,668.0,41.16,0.94,1.39,5418.0,480.0,18.53,1.64,5.39,623.0,170.0,2.13,0.58,16.59,20305.0,541.0,69.44,1.85,1.62,1299.0,231.0,4.44,0.79,10.81,1042.0,225.0,3.56,0.77,13.13,29681.0,668.0,41.77,0.94,1.37,25.0,116.0,0.08,0.39,282.07,984.0,220.0,3.32,0.74,13.59,824.0,205.0,2.78,0.69,15.12,317.0,128.0,1.07,0.43,24.55,2704.0,338.0,9.11,1.14,7.6,2362.0,338.0,7.96,1.14,8.7,995.0,223.0,3.35,0.75,13.62,1699.0,270.0,5.72,0.91,9.66,3833.0,392.0,12.91,1.32,6.22,9771.0,552.0,32.92,1.86,3.43,2369.0,326.0,7.98,1.1,8.37,1751.0,270.0,5.9,0.91,9.37,2060.0,303.0,6.94,1.02,8.94,5057.0,451.0,16.7,1.49,5.42,2829.0,372.0,9.34,1.23,7.99,3863.0,421.0,12.76,1.39,6.63,3315.0,391.0,10.95,1.29,7.17,3868.0,406.0,12.77,1.34,6.38,4496.0,433.0,14.85,1.43,5.85,2532.0,339.0,8.36,1.12,8.14,2556.0,333.0,8.44,1.1,7.92,1001.0,188.0,3.31,0.62,11.42,763.0,160.0,2.52,0.53,12.75,22300.0,512.0,73.65,1.69,1.4,6523.0,436.0,21.54,1.44,4.06,3527.0,351.0,11.65,1.16,6.05,2860.0,348.0,9.45,1.15,7.4,1956.0,300.0,6.46,0.99,9.32,9866.0,557.0,32.58,1.84,3.43,63215.0,731.0,89.11,1.03,0.7,34202.0,1327.0,48.21,1.87,2.36,33926.0,1291.0,47.83,1.82,2.31,7722.0,731.0,10.89,1.03,5.75,31676.0,774.0,44.58,1.09,1.49,39376.0,774.0,55.42,1.09,1.19,5436.0,561.0,7.65,0.79,6.27,5055.0,441.0,7.11,0.62,5.3,4706.0,433.0,6.62,0.61,5.59,4479.0,433.0,6.3,0.61,5.88,6202.0,561.0,8.73,0.79,5.5,11541.0,725.0,16.24,1.02,3.82,9659.0,590.0,13.59,0.83,3.71,9649.0,647.0,13.58,0.91,4.08,3613.0,398.0,5.08,0.56,6.7,2935.0,355.0,4.13,0.5,7.35,4596.0,405.0,6.47,0.57,5.36,2254.0,291.0,3.17,0.41,7.85,910.0,185.0,1.28,0.26,12.36,52961.0,860.0,74.54,1.21,0.99,7765.0,519.0,10.93,0.73,4.06,4915.0,568.0,6.92,0.8,7.03,56659.0,1087.0,79.74,1.53,1.17,188.0,185.0,0.26,0.26,59.82,1288.0,320.0,1.81,0.45,15.1,0.0,,0.0,,,6505.0,917.0,9.16,1.29,8.57,1512.0,334.0,2.13,0.47,13.43,11254.0,981.0,15.84,1.38,5.3,59798.0,981.0,84.16,1.38,1.0,3789.0,512.0,5.33,0.72,8.21,53668.0,1073.0,75.53,1.51,1.22,31.0,121.0,0.04,0.17,237.28,1212.0,313.0,1.71,0.44,15.7,0.0,,0.0,,,108.0,135.0,0.15,0.19,75.99,991.0,284.0,1.39,0.4,17.42
11234,11234,11234,31435.0,,100,,,11574.0,437.0,36.82,1.39,2.3,26108.0,946.0,27.05,0.98,2.2,1621.0,251.0,6.21,0.96,9.41,1459.0,243.0,5.59,0.93,10.12,10094.0,454.0,38.66,1.74,2.73,5435.0,352.0,20.82,1.35,3.94,7499.0,420.0,28.72,1.61,3.4,66012.0,1621.0,68.41,1.68,1.49,3321.0,337.0,5.03,0.51,6.17,3933.0,383.0,5.96,0.58,5.92,19162.0,733.0,29.03,1.11,2.33,22115.0,772.0,33.5,1.17,2.12,74393.0,1776.0,77.09,1.84,1.45,2515.0,268.0,3.38,0.36,6.48,96459.0,39.0,99.96,0.04,0.02,8265.0,511.0,8.57,0.53,3.76,22094.0,859.0,22.9,0.89,2.36,427.0,141.0,1.93,0.64,20.07,59885.0,791.0,62.06,0.82,0.8,3527.0,311.0,5.89,0.52,5.36,14484.0,473.0,15.01,0.49,1.99,4310.0,314.0,29.76,2.17,4.43,95683.0,1853.0,99.15,1.92,1.18,90363.0,727.0,94.44,0.76,0.49,5049.0,718.0,5.28,0.75,8.64,256.0,172.0,0.27,0.18,40.84,96501.0,,100,,,61539.0,1033.0,63.77,1.07,1.02,60046.0,1023.0,62.22,1.06,1.04,1509.0,241.0,1.56,0.25,9.71,34964.0,1004.0,36.23,1.04,1.75,25896.0,640.0,74.06,1.83,1.5,9069.0,640.0,25.94,1.83,4.29,5786.0,458.0,16.55,1.31,4.81,5075.0,507.0,14.51,1.45,6.07,1076.0,269.0,3.08,0.77,15.2,56.0,171.0,0.16,0.49,185.63,22877.0,549.0,65.43,1.57,1.46,95.0,178.0,0.27,0.51,113.9,90966.0,1998.0,94.26,2.07,1.34,60995.0,1310.0,67.05,1.44,1.31,12549.0,855.0,13.8,0.94,4.14,6531.0,873.0,7.18,0.96,8.13,77126.0,1901.0,79.92,1.97,1.5,49368.0,717.0,64.01,0.93,0.88,44915.0,733.0,58.24,0.95,0.99,4451.0,416.0,5.77,0.54,5.68,4.0,177.0,0.01,0.23,2689.97,27757.0,717.0,35.99,0.93,1.57,,,9.02,0.83,5.68,44061.0,733.0,45.66,0.76,1.01,18651.0,604.0,42.33,1.37,1.97,3310.0,388.0,7.51,0.88,7.13,18829.0,608.0,42.73,1.38,1.96,1776.0,260.0,4.03,0.59,8.9,1064.0,207.0,2.41,0.47,11.83,44913.0,733.0,46.54,0.76,0.99,85.0,184.0,0.19,0.41,131.59,2457.0,296.0,5.47,0.66,7.32,1094.0,207.0,2.44,0.46,11.5,848.0,189.0,1.89,0.42,13.55,3825.0,404.0,8.52,0.9,6.42,3807.0,391.0,8.48,0.87,6.24,1098.0,198.0,2.44,0.44,10.96,3682.0,341.0,8.2,0.76,5.63,4271.0,355.0,9.51,0.79,5.05,16200.0,575.0,36.07,1.28,2.16,3020.0,355.0,6.72,0.79,7.15,1871.0,243.0,4.17,0.54,7.9,2656.0,292.0,5.91,0.65,6.68,1504.0,239.0,4.78,0.76,9.66,1146.0,207.0,3.65,0.66,10.98,2171.0,261.0,6.91,0.83,7.31,2420.0,292.0,7.7,0.93,7.34,3391.0,327.0,10.79,1.04,5.86,5103.0,374.0,16.23,1.19,4.46,4410.0,333.0,14.03,1.06,4.59,6136.0,393.0,19.52,1.25,3.89,2755.0,273.0,8.76,0.87,6.02,2398.0,270.0,7.63,0.86,6.84,25267.0,365.0,80.38,1.16,0.88,10327.0,428.0,32.85,1.36,2.52,5709.0,336.0,18.16,1.07,3.58,1967.0,236.0,6.26,0.75,7.29,776.0,145.0,2.47,0.46,11.36,3953.0,324.0,12.58,1.03,4.98,89464.0,646.0,92.75,0.67,0.44,65095.0,1302.0,67.48,1.35,1.22,33497.0,1215.0,34.73,1.26,2.2,6995.0,646.0,7.25,0.67,5.61,45487.0,724.0,47.14,0.75,0.97,51014.0,724.0,52.86,0.75,0.86,5534.0,463.0,5.73,0.48,5.09,6121.0,444.0,6.34,0.46,4.41,6675.0,473.0,6.92,0.49,4.31,6059.0,444.0,6.28,0.46,4.45,6115.0,454.0,6.34,0.47,4.51,12491.0,676.0,12.94,0.7,3.29,11859.0,589.0,12.29,0.61,3.02,13459.0,618.0,13.95,0.64,2.79,7003.0,483.0,7.26,0.5,4.19,6698.0,473.0,6.94,0.49,4.29,8386.0,502.0,8.69,0.52,3.64,4009.0,367.0,4.15,0.38,5.56,2101.0,270.0,2.18,0.28,7.81,74397.0,704.0,77.09,0.73,0.58,14494.0,618.0,15.02,0.64,2.59,41746.0,1197.0,43.26,1.24,1.74,44722.0,1081.0,46.34,1.12,1.47,73.0,183.0,0.08,0.19,152.39,5180.0,666.0,5.37,0.69,7.82,12.0,183.0,0.01,0.19,927.05,3386.0,733.0,3.51,0.76,13.16,1378.0,338.0,1.43,0.35,14.91,9669.0,1110.0,10.02,1.15,6.98,86832.0,1110.0,89.98,1.15,0.78,37813.0,1168.0,39.18,1.21,1.88,42382.0,1090.0,43.92,1.13,1.56,26.0,183.0,0.03,0.19,427.87,5158.0,666.0,5.35,0.69,7.85,12.0,183.0,0.01,0.19,927.05,358.0,203.0,0.37,0.21,34.47,1084.0,318.0,1.12,0.33,17.83
11235,11235,11235,35817.0,,100,,,9378.0,509.0,26.18,1.42,3.3,16531.0,805.0,20.75,1.01,2.96,915.0,190.0,5.54,1.15,12.62,792.0,195.0,4.79,1.18,14.97,6596.0,426.0,39.9,2.58,3.93,2767.0,284.0,16.74,1.72,6.24,5459.0,403.0,33.02,2.44,4.49,59659.0,1633.0,74.89,2.05,1.66,4204.0,436.0,7.05,0.73,6.3,3130.0,364.0,5.25,0.61,7.07,13847.0,805.0,23.21,1.35,3.53,26550.0,931.0,44.5,1.56,2.13,65002.0,1785.0,81.59,2.24,1.67,1441.0,208.0,2.22,0.32,8.77,79253.0,1211.0,99.48,1.52,0.93,12452.0,745.0,15.71,0.94,3.64,14603.0,836.0,18.33,1.05,3.48,200.0,108.0,1.37,0.74,32.83,47821.0,1099.0,60.03,1.38,1.4,3324.0,368.0,6.95,0.77,6.73,16819.0,605.0,21.11,0.76,2.19,8920.0,420.0,53.03,2.5,2.86,78726.0,1880.0,98.82,2.36,1.45,70689.0,992.0,89.79,1.26,0.85,6924.0,866.0,8.8,1.1,7.6,1116.0,378.0,1.42,0.48,20.59,79665.0,,100,,,30229.0,1012.0,37.94,1.27,2.04,29133.0,1004.0,36.57,1.26,2.09,1106.0,247.0,1.39,0.31,13.58,49436.0,1060.0,62.05,1.33,1.3,35149.0,959.0,71.1,1.94,1.66,14287.0,959.0,28.9,1.94,4.08,29270.0,999.0,59.21,2.02,2.07,15997.0,1023.0,32.36,2.07,3.89,408.0,163.0,0.83,0.33,24.29,0.0,,0.0,,,3737.0,549.0,7.56,1.11,8.93,24.0,133.0,0.05,0.27,336.88,75039.0,2055.0,94.19,2.58,1.66,19192.0,1036.0,25.58,1.38,3.28,35312.0,1096.0,47.06,1.46,1.89,5066.0,773.0,6.75,1.03,9.28,66491.0,1816.0,83.46,2.28,1.66,38303.0,818.0,57.61,1.23,1.3,35052.0,805.0,52.72,1.21,1.4,3200.0,412.0,4.81,0.62,7.83,56.0,140.0,0.08,0.21,151.98,28188.0,818.0,42.39,1.23,1.76,,,8.35,1.06,7.83,34212.0,892.0,42.94,1.12,1.58,9263.0,554.0,27.08,1.62,3.64,2408.0,332.0,7.04,0.97,8.38,17148.0,653.0,50.12,1.91,2.31,3387.0,390.0,9.9,1.14,7.0,1478.0,277.0,4.32,0.81,11.39,35056.0,868.0,44.0,1.09,1.51,44.0,133.0,0.13,0.38,183.75,2378.0,326.0,6.78,0.93,8.33,1287.0,238.0,3.67,0.68,11.24,855.0,186.0,2.44,0.53,13.22,3439.0,382.0,9.81,1.09,6.75,2565.0,326.0,7.32,0.93,7.73,684.0,154.0,1.95,0.44,13.69,3126.0,319.0,8.92,0.91,6.2,3754.0,396.0,10.71,1.13,6.41,11518.0,575.0,32.86,1.64,3.03,2367.0,330.0,6.75,0.94,8.48,1816.0,270.0,5.18,0.77,9.04,1228.0,207.0,3.5,0.59,10.25,4939.0,437.0,13.79,1.22,5.38,2918.0,330.0,8.15,0.92,6.87,3704.0,394.0,10.34,1.1,6.47,3414.0,383.0,9.53,1.07,6.82,3604.0,383.0,10.06,1.07,6.46,5542.0,444.0,15.47,1.24,4.87,3316.0,351.0,9.26,0.98,6.43,4457.0,398.0,12.44,1.11,5.43,2030.0,287.0,5.67,0.8,8.59,1909.0,265.0,5.33,0.74,8.44,24691.0,523.0,68.94,1.46,1.29,9763.0,519.0,27.26,1.45,3.23,5105.0,401.0,14.25,1.12,4.78,4937.0,390.0,13.78,1.09,4.8,1005.0,208.0,2.81,0.58,12.58,8566.0,487.0,23.92,1.36,3.46,71937.0,793.0,90.77,1.0,0.67,43721.0,1276.0,55.17,1.61,1.77,34562.0,1324.0,43.61,1.67,2.33,7317.0,793.0,9.23,1.0,6.59,37934.0,685.0,47.62,0.86,1.1,41731.0,685.0,52.38,0.86,1.0,4626.0,486.0,5.81,0.61,6.39,4230.0,390.0,5.31,0.49,5.6,3538.0,374.0,4.44,0.47,6.43,3473.0,343.0,4.36,0.43,6.0,4120.0,398.0,5.17,0.5,5.87,10598.0,693.0,13.3,0.87,3.98,10195.0,613.0,12.8,0.77,3.66,10969.0,637.0,13.77,0.8,3.53,5253.0,430.0,6.59,0.54,4.98,5497.0,454.0,6.9,0.57,5.02,8136.0,542.0,10.21,0.68,4.05,5919.0,526.0,7.43,0.66,5.4,3074.0,358.0,3.86,0.45,7.08,65058.0,693.0,81.66,0.87,0.65,17131.0,813.0,21.5,1.02,2.88,60849.0,1251.0,76.38,1.57,1.25,2243.0,518.0,2.82,0.65,14.04,320.0,263.0,0.4,0.33,49.96,11836.0,1004.0,14.86,1.26,5.16,34.0,143.0,0.04,0.18,255.68,2553.0,717.0,3.2,0.9,17.07,1826.0,574.0,2.29,0.72,19.11,6871.0,932.0,8.62,1.17,8.25,72794.0,932.0,91.37,1.17,0.78,56957.0,1259.0,71.5,1.58,1.34,2042.0,510.0,2.56,0.64,15.18,311.0,263.0,0.39,0.33,51.41,11789.0,1004.0,14.8,1.26,5.18,34.0,143.0,0.04,0.18,255.68,165.0,207.0,0.21,0.26,76.26,1481.0,494.0,1.86,0.62,20.28
11236,11236,11236,30488.0,,100,,,11387.0,433.0,37.35,1.42,2.31,28541.0,994.0,28.99,1.01,2.12,1603.0,225.0,5.62,0.79,8.53,1312.0,208.0,4.6,0.73,9.64,9946.0,457.0,34.85,1.6,2.79,5688.0,385.0,19.93,1.35,4.11,9991.0,482.0,35.01,1.69,2.93,66136.0,1526.0,67.17,1.55,1.4,4340.0,410.0,6.56,0.62,5.74,5353.0,417.0,8.09,0.63,4.74,19297.0,714.0,29.18,1.08,2.25,17318.0,675.0,26.19,1.02,2.37,76547.0,1812.0,77.74,1.84,1.44,1304.0,184.0,1.7,0.24,8.58,97980.0,1093.0,99.51,1.11,0.68,9245.0,558.0,9.44,0.57,3.67,21807.0,955.0,22.15,0.97,2.66,485.0,146.0,2.22,0.67,18.3,64532.0,1113.0,65.54,1.13,1.05,4603.0,394.0,7.13,0.61,5.2,11629.0,532.0,11.81,0.54,2.78,4148.0,276.0,35.67,2.37,4.04,97635.0,1703.0,99.16,1.73,1.06,91555.0,771.0,93.77,0.79,0.51,5528.0,762.0,5.66,0.78,8.38,548.0,215.0,0.56,0.22,23.85,98460.0,,100,,,52546.0,1044.0,53.37,1.06,1.21,50682.0,1044.0,51.47,1.06,1.25,1862.0,266.0,1.89,0.27,8.68,45914.0,916.0,46.63,0.93,1.21,32863.0,675.0,71.58,1.47,1.25,13051.0,675.0,28.42,1.47,3.14,894.0,207.0,1.95,0.45,14.08,2149.0,395.0,4.68,0.86,11.17,1269.0,257.0,2.76,0.56,12.31,11.0,174.0,0.02,0.38,961.59,41457.0,496.0,90.29,1.08,0.73,135.0,152.0,0.29,0.33,68.45,92789.0,1871.0,94.24,1.9,1.23,69338.0,1197.0,74.73,1.29,1.05,10467.0,770.0,11.28,0.83,4.47,4679.0,520.0,5.04,0.56,6.76,79304.0,1812.0,80.54,1.84,1.39,52624.0,745.0,66.36,0.94,0.86,48066.0,761.0,60.61,0.96,0.96,4485.0,381.0,5.66,0.48,5.16,73.0,167.0,0.09,0.21,139.07,26680.0,745.0,33.64,0.94,1.7,,,8.52,0.71,5.16,47151.0,817.0,47.89,0.83,1.05,16334.0,627.0,34.64,1.33,2.33,2522.0,302.0,5.35,0.64,7.28,25412.0,670.0,53.9,1.42,1.6,1532.0,226.0,3.25,0.48,8.97,802.0,189.0,1.7,0.4,14.33,48074.0,876.0,48.83,0.89,1.11,24.0,173.0,0.05,0.36,438.2,2104.0,279.0,4.38,0.58,8.06,842.0,192.0,1.75,0.4,13.86,544.0,163.0,1.13,0.34,18.21,4487.0,380.0,9.33,0.79,5.15,4927.0,370.0,10.25,0.77,4.57,1036.0,183.0,2.16,0.38,10.74,2576.0,274.0,5.36,0.57,6.47,3691.0,346.0,7.68,0.72,5.7,20569.0,611.0,42.79,1.27,1.81,2712.0,288.0,5.64,0.6,6.46,1835.0,240.0,3.82,0.5,7.95,2716.0,293.0,5.65,0.61,6.56,2387.0,244.0,7.83,0.8,6.21,1378.0,201.0,4.52,0.66,8.87,2550.0,268.0,8.36,0.88,6.39,2528.0,253.0,8.29,0.83,6.08,3840.0,311.0,12.6,1.02,4.92,5329.0,351.0,17.48,1.15,4.0,4553.0,345.0,14.93,1.13,4.61,4777.0,332.0,15.67,1.09,4.22,1990.0,220.0,6.53,0.72,6.72,1154.0,171.0,3.79,0.56,9.01,25691.0,326.0,84.27,1.07,0.77,7451.0,366.0,24.44,1.2,2.99,4466.0,299.0,14.65,0.98,4.07,1829.0,198.0,6.0,0.65,6.58,1114.0,183.0,3.65,0.6,9.99,5104.0,326.0,16.74,1.07,3.88,88793.0,666.0,90.62,0.68,0.46,62855.0,1244.0,64.15,1.27,1.2,32494.0,1176.0,33.16,1.2,2.2,9186.0,666.0,9.38,0.68,4.41,43514.0,748.0,44.19,0.76,1.04,54946.0,748.0,55.81,0.76,0.83,5671.0,453.0,5.76,0.46,4.86,5534.0,433.0,5.62,0.44,4.76,6574.0,443.0,6.68,0.45,4.1,6796.0,443.0,6.9,0.45,3.96,7770.0,473.0,7.89,0.48,3.7,13792.0,650.0,14.01,0.66,2.86,12578.0,601.0,12.77,0.61,2.9,14322.0,640.0,14.55,0.65,2.72,7280.0,463.0,7.39,0.47,3.87,6285.0,433.0,6.38,0.44,4.19,7185.0,443.0,7.3,0.45,3.75,3231.0,305.0,3.28,0.31,5.74,1466.0,207.0,1.49,0.21,8.58,76619.0,807.0,77.82,0.82,0.64,11867.0,571.0,12.05,0.58,2.93,5450.0,581.0,5.54,0.59,6.48,85846.0,965.0,87.19,0.98,0.68,457.0,295.0,0.46,0.3,39.24,2644.0,492.0,2.69,0.5,11.31,0.0,,0.0,,,2977.0,512.0,3.02,0.52,10.46,1099.0,295.0,1.12,0.3,16.32,5905.0,699.0,6.0,0.71,7.2,92555.0,699.0,94.0,0.71,0.46,4211.0,492.0,4.28,0.5,7.1,84077.0,1034.0,85.39,1.05,0.75,349.0,286.0,0.35,0.29,49.82,2644.0,492.0,2.69,0.5,11.31,0.0,,0.0,,,335.0,207.0,0.34,0.21,37.56,951.0,286.0,0.97,0.29,18.28
11237,11237,11237,16878.0,,100,,,6143.0,351.0,36.4,2.08,3.47,13629.0,714.0,25.57,1.34,3.18,961.0,202.0,7.05,1.48,12.78,760.0,169.0,5.58,1.24,13.52,5410.0,357.0,39.69,2.62,4.01,2770.0,289.0,20.32,2.12,6.34,3728.0,367.0,27.35,2.69,5.98,34041.0,880.0,63.86,1.65,1.57,7677.0,592.0,22.55,1.74,4.69,5785.0,483.0,16.99,1.42,5.08,6928.0,551.0,20.35,1.62,4.83,8150.0,534.0,23.94,1.57,3.98,41255.0,1391.0,77.39,2.61,2.05,651.0,173.0,1.58,0.42,16.15,53292.0,32.0,99.97,0.06,0.04,3929.0,432.0,7.37,0.81,6.68,12050.0,752.0,22.61,1.41,3.79,384.0,155.0,3.19,1.29,24.54,37965.0,1055.0,71.22,1.98,1.69,2250.0,345.0,5.93,0.91,9.32,3283.0,288.0,6.16,0.54,5.33,1300.0,157.0,39.59,4.78,7.34,52655.0,1914.0,98.78,3.59,2.21,45862.0,753.0,87.1,1.43,1.0,6109.0,711.0,11.6,1.35,7.08,688.0,211.0,1.31,0.4,18.64,53307.0,,100,,,31469.0,938.0,59.03,1.76,1.81,28137.0,896.0,52.78,1.68,1.94,3332.0,458.0,6.25,0.86,8.36,21838.0,1023.0,40.97,1.92,2.85,6215.0,528.0,28.46,2.42,5.16,15622.0,528.0,71.54,2.42,2.05,753.0,166.0,3.45,0.76,13.4,2824.0,491.0,12.93,2.25,10.57,219.0,127.0,1.0,0.58,35.25,59.0,94.0,0.27,0.43,96.85,17936.0,526.0,82.13,2.41,1.78,45.0,83.0,0.21,0.38,112.12,49817.0,1940.0,93.45,3.64,2.37,16127.0,922.0,32.37,1.85,3.48,16996.0,877.0,34.12,1.76,3.14,29518.0,1041.0,59.25,2.09,2.14,42574.0,1461.0,79.87,2.74,2.09,31106.0,639.0,73.06,1.5,1.25,27282.0,702.0,64.08,1.65,1.56,3825.0,447.0,8.98,1.05,7.1,0.0,,0.0,,,11468.0,639.0,26.94,1.5,3.39,,,12.3,1.41,7.1,26812.0,666.0,50.3,1.25,1.51,2426.0,330.0,9.05,1.23,8.27,483.0,161.0,1.8,0.6,20.26,19375.0,534.0,72.26,1.99,1.68,2573.0,338.0,9.6,1.26,7.99,832.0,182.0,3.1,0.68,13.3,27278.0,682.0,51.17,1.28,1.52,116.0,128.0,0.43,0.47,67.08,2944.0,393.0,10.79,1.44,8.12,1543.0,251.0,5.66,0.92,9.89,748.0,164.0,2.74,0.6,13.33,3350.0,368.0,12.28,1.35,6.68,1584.0,284.0,5.81,1.04,10.9,1408.0,245.0,5.16,0.9,10.58,1073.0,191.0,3.93,0.7,10.82,3404.0,376.0,12.48,1.38,6.71,4665.0,396.0,17.1,1.45,5.16,4306.0,417.0,15.79,1.53,5.89,1716.0,251.0,6.29,0.92,8.89,428.0,147.0,1.57,0.54,20.88,1884.0,240.0,11.16,1.42,7.74,1086.0,206.0,6.43,1.22,11.53,2096.0,260.0,12.42,1.54,7.54,1523.0,235.0,9.02,1.39,9.38,2220.0,270.0,13.15,1.6,7.39,2810.0,294.0,16.65,1.74,6.36,1832.0,236.0,10.85,1.4,7.83,2241.0,270.0,13.28,1.6,7.32,763.0,155.0,4.52,0.92,12.35,421.0,115.0,2.49,0.68,16.61,14290.0,270.0,84.67,1.6,1.15,2226.0,218.0,13.19,1.29,5.95,802.0,154.0,4.75,0.91,11.67,1443.0,221.0,8.55,1.31,9.31,870.0,182.0,5.15,1.08,12.72,5410.0,365.0,32.05,2.16,4.1,39247.0,917.0,73.64,1.72,1.42,17402.0,986.0,32.65,1.85,3.44,23453.0,1007.0,44.01,1.89,2.61,14045.0,917.0,26.35,1.72,3.97,27428.0,634.0,51.45,1.19,1.41,25879.0,634.0,48.55,1.19,1.49,3490.0,421.0,6.55,0.79,7.33,3140.0,362.0,5.89,0.68,7.01,3462.0,346.0,6.49,0.65,6.08,3206.0,389.0,6.01,0.73,7.38,5942.0,528.0,11.15,0.99,5.4,13114.0,736.0,24.6,1.38,3.41,8257.0,517.0,15.49,0.97,3.81,5747.0,453.0,10.78,0.85,4.79,2141.0,293.0,4.02,0.55,8.32,1494.0,229.0,2.8,0.43,9.32,2083.0,267.0,3.91,0.5,7.79,877.0,171.0,1.65,0.32,11.85,327.0,112.0,0.61,0.21,20.82,41255.0,634.0,77.39,1.19,0.93,3291.0,325.0,6.17,0.61,6.0,27631.0,1381.0,51.83,2.59,3.04,9979.0,1023.0,18.72,1.92,6.23,361.0,251.0,0.68,0.47,42.27,3916.0,597.0,7.35,1.12,9.27,0.0,,0.0,,,9768.0,1157.0,18.32,2.17,7.2,1672.0,394.0,3.14,0.74,14.32,35635.0,1029.0,66.85,1.93,1.76,17672.0,1029.0,33.15,1.93,3.54,8593.0,656.0,16.12,1.23,4.64,4389.0,554.0,8.23,1.04,7.67,35.0,96.0,0.07,0.18,166.74,3819.0,597.0,7.16,1.12,9.5,0.0,,0.0,,,194.0,128.0,0.36,0.24,40.11,657.0,229.0,1.23,0.43,21.19
11238,11238,11238,28949.0,,100,,,6186.0,411.0,21.37,1.42,4.04,10623.0,621.0,19.16,1.12,3.55,875.0,178.0,8.24,1.68,12.37,547.0,132.0,5.15,1.24,14.67,3485.0,317.0,32.81,2.98,5.53,1371.0,207.0,12.91,1.95,9.18,4345.0,317.0,40.9,2.98,4.44,42124.0,904.0,75.97,1.63,1.3,1808.0,291.0,4.29,0.69,9.78,2190.0,308.0,5.2,0.73,8.55,6035.0,493.0,14.33,1.17,4.97,25095.0,729.0,59.57,1.73,1.77,46599.0,1431.0,84.04,2.58,1.87,807.0,154.0,1.73,0.33,11.6,54861.0,693.0,98.94,1.25,0.77,4332.0,455.0,7.9,0.83,6.38,8838.0,615.0,15.94,1.11,4.23,197.0,90.0,2.23,1.02,27.77,40549.0,904.0,73.13,1.63,1.36,2363.0,349.0,5.83,0.86,8.98,5461.0,410.0,9.85,0.74,4.56,1766.0,226.0,32.34,4.14,7.78,54687.0,1481.0,98.62,2.67,1.65,47524.0,612.0,86.9,1.12,0.78,6645.0,585.0,12.15,1.07,5.35,507.0,180.0,0.93,0.33,21.58,55450.0,,100,,,43491.0,749.0,78.43,1.35,1.05,41818.0,743.0,75.42,1.34,1.08,1672.0,277.0,3.02,0.5,10.07,11960.0,732.0,21.57,1.32,3.72,7062.0,367.0,59.05,3.07,3.16,4897.0,367.0,40.95,3.07,4.56,1863.0,249.0,15.58,2.08,8.12,2319.0,336.0,19.39,2.81,8.81,833.0,252.0,6.97,2.11,18.39,175.0,122.0,1.46,1.02,42.38,6550.0,429.0,54.77,3.59,3.98,218.0,102.0,1.82,0.85,28.44,52055.0,1469.0,93.88,2.65,1.72,39456.0,854.0,75.8,1.64,1.32,3538.0,463.0,6.8,0.89,7.96,5607.0,645.0,10.77,1.24,6.99,47274.0,1442.0,85.26,2.6,1.85,34944.0,586.0,73.92,1.24,1.02,32526.0,624.0,68.8,1.32,1.17,2404.0,303.0,5.09,0.64,7.66,14.0,104.0,0.03,0.22,451.58,12330.0,586.0,26.08,1.24,2.89,,,6.88,0.86,7.66,31852.0,688.0,57.44,1.24,1.31,2669.0,331.0,8.38,1.04,7.54,615.0,201.0,1.93,0.63,19.87,22889.0,529.0,71.86,1.66,1.4,1951.0,277.0,6.13,0.87,8.63,1960.0,261.0,6.15,0.82,8.1,32528.0,676.0,58.66,1.22,1.26,10.0,101.0,0.03,0.31,613.98,512.0,143.0,1.57,0.44,16.98,732.0,143.0,2.25,0.44,11.88,277.0,101.0,0.85,0.31,22.17,2608.0,283.0,8.02,0.87,6.6,1286.0,250.0,3.95,0.77,11.82,3298.0,361.0,10.14,1.11,6.65,2634.0,306.0,8.1,0.94,7.06,6776.0,459.0,20.83,1.41,4.12,8020.0,475.0,24.66,1.46,3.6,3256.0,358.0,10.01,1.1,6.68,2026.0,289.0,6.23,0.89,8.67,1081.0,189.0,3.32,0.58,10.63,2281.0,316.0,7.88,1.09,8.42,1150.0,223.0,3.97,0.77,11.79,2194.0,336.0,7.58,1.16,9.31,2029.0,307.0,7.01,1.06,9.2,2450.0,324.0,8.46,1.12,8.04,4171.0,388.0,14.41,1.34,5.65,3931.0,405.0,13.58,1.4,6.26,5055.0,426.0,17.46,1.47,5.12,2587.0,318.0,8.94,1.1,7.47,3104.0,347.0,10.72,1.2,6.8,24501.0,376.0,84.64,1.3,0.93,4716.0,368.0,16.29,1.27,4.74,2529.0,278.0,8.74,0.96,6.68,1486.0,229.0,5.13,0.79,9.37,913.0,217.0,3.15,0.75,14.45,3869.0,365.0,13.36,1.26,5.73,50366.0,510.0,91.81,0.93,0.62,39800.0,900.0,72.55,1.64,1.37,14524.0,856.0,26.47,1.56,3.58,4495.0,510.0,8.19,0.93,6.9,26046.0,660.0,46.97,1.19,1.54,29404.0,660.0,53.03,1.19,1.36,3395.0,349.0,6.12,0.63,6.25,2374.0,305.0,4.28,0.55,7.81,2035.0,261.0,3.67,0.47,7.8,1720.0,233.0,3.1,0.42,8.23,3820.0,416.0,6.89,0.75,6.62,14503.0,737.0,26.16,1.33,3.09,9866.0,549.0,17.79,0.99,3.38,5968.0,466.0,10.76,0.84,4.75,3114.0,360.0,5.62,0.65,7.03,2737.0,349.0,4.94,0.63,7.75,3568.0,349.0,6.43,0.63,5.95,1535.0,238.0,2.77,0.43,9.43,828.0,166.0,1.49,0.3,12.19,46609.0,543.0,84.06,0.98,0.71,5937.0,449.0,10.71,0.81,4.6,23746.0,904.0,42.82,1.63,2.31,22522.0,954.0,40.62,1.72,2.57,79.0,105.0,0.14,0.19,80.8,3456.0,494.0,6.23,0.89,8.69,14.0,105.0,0.03,0.19,455.93,2624.0,444.0,4.73,0.8,10.29,3027.0,449.0,5.46,0.81,9.02,6864.0,715.0,12.38,1.29,6.33,48586.0,715.0,87.62,1.29,0.89,21749.0,871.0,39.22,1.57,2.43,20766.0,943.0,37.45,1.7,2.76,60.0,105.0,0.11,0.19,106.38,3421.0,494.0,6.17,0.89,8.78,10.0,105.0,0.02,0.19,638.3,250.0,122.0,0.45,0.22,29.67,2346.0,372.0,4.23,0.67,9.64
11239,11239,11239,9079.0,,100,,,2168.0,331.0,23.88,3.65,9.28,3155.0,486.0,22.97,3.54,9.36,323.0,165.0,10.24,5.24,31.05,104.0,80.0,3.3,2.54,46.76,1161.0,201.0,36.8,6.38,10.52,703.0,250.0,22.28,7.91,21.62,864.0,166.0,27.39,5.25,11.68,10158.0,718.0,73.95,5.23,4.3,940.0,254.0,9.25,2.5,16.43,1458.0,366.0,14.35,3.6,15.26,3112.0,412.0,30.64,4.06,8.05,2107.0,357.0,20.74,3.51,10.3,11233.0,838.0,81.78,6.1,4.54,411.0,179.0,3.66,1.59,26.48,13712.0,48.0,99.83,0.35,0.21,3356.0,418.0,24.47,3.05,7.57,2503.0,429.0,18.22,3.12,10.42,85.0,61.0,3.4,2.42,43.63,7465.0,426.0,54.35,3.1,3.47,1127.0,267.0,15.1,3.58,14.4,3744.0,275.0,27.26,2.0,4.47,2147.0,221.0,57.34,5.9,6.26,13622.0,791.0,99.17,5.76,3.53,12809.0,353.0,94.03,2.59,1.68,775.0,347.0,5.69,2.55,27.22,38.0,76.0,0.28,0.56,121.58,13736.0,,100,,,9552.0,440.0,69.54,3.2,2.8,8911.0,475.0,64.87,3.46,3.24,648.0,246.0,4.72,1.79,23.08,4184.0,363.0,30.46,2.64,5.27,3447.0,228.0,82.38,5.44,4.02,738.0,228.0,17.64,5.44,18.78,1837.0,279.0,43.9,6.66,9.23,501.0,210.0,11.97,5.02,25.48,73.0,77.0,1.74,1.83,64.12,0.0,,0.0,,,1771.0,273.0,42.33,6.52,9.37,0.0,,0.0,,,13045.0,997.0,94.97,7.26,4.65,8206.0,550.0,62.91,4.22,4.07,2767.0,347.0,21.21,2.66,7.62,1532.0,394.0,11.74,3.02,15.63,11491.0,869.0,83.66,6.33,4.6,5645.0,437.0,49.12,3.8,4.71,5031.0,425.0,43.78,3.7,5.14,609.0,198.0,5.3,1.72,19.76,0.0,,0.0,,,5847.0,437.0,50.88,3.8,4.54,,,10.79,3.41,19.76,4773.0,490.0,34.75,3.57,6.24,1613.0,296.0,33.79,6.2,11.16,195.0,105.0,4.09,2.19,32.73,2775.0,316.0,58.14,6.63,6.92,186.0,134.0,3.9,2.8,43.8,0.0,,0.0,,,5034.0,471.0,36.65,3.43,5.69,0.0,,0.0,,,96.0,104.0,1.91,2.07,65.86,202.0,154.0,4.01,3.05,46.35,36.0,69.0,0.72,1.37,116.51,479.0,218.0,9.51,4.34,27.67,302.0,129.0,6.0,2.57,25.97,66.0,76.0,1.31,1.5,70.0,270.0,113.0,5.36,2.24,25.44,375.0,189.0,7.45,3.75,30.64,1870.0,314.0,37.14,6.24,10.21,303.0,142.0,6.02,2.82,28.49,188.0,107.0,3.73,2.13,34.6,847.0,230.0,16.82,4.56,16.51,1422.0,311.0,15.66,3.42,13.3,1650.0,330.0,18.17,3.64,12.16,1150.0,301.0,12.67,3.32,15.91,843.0,305.0,9.29,3.36,21.99,1322.0,318.0,14.56,3.5,14.62,1420.0,343.0,15.64,3.78,14.68,561.0,197.0,6.18,2.17,21.35,502.0,203.0,5.53,2.24,24.58,144.0,140.0,1.59,1.54,59.1,68.0,106.0,0.75,1.17,94.76,5159.0,393.0,56.82,4.33,4.63,3434.0,438.0,37.82,4.82,7.75,1378.0,316.0,15.18,3.48,13.94,1802.0,334.0,19.85,3.68,11.27,941.0,333.0,10.36,3.67,21.51,3625.0,397.0,39.93,4.37,6.66,12942.0,350.0,94.38,2.55,1.64,6388.0,653.0,46.59,4.76,6.21,7608.0,677.0,55.48,4.94,5.41,770.0,350.0,5.62,2.55,27.63,5438.0,460.0,39.59,3.35,5.14,8298.0,460.0,60.41,3.35,3.37,691.0,218.0,5.03,1.59,19.18,661.0,234.0,4.81,1.7,21.52,754.0,221.0,5.49,1.61,17.82,625.0,187.0,4.55,1.36,18.19,846.0,280.0,6.16,2.04,20.12,1625.0,390.0,11.83,2.84,14.59,1464.0,342.0,10.66,2.49,14.2,1701.0,389.0,12.38,2.83,13.9,746.0,207.0,5.43,1.51,16.87,885.0,228.0,6.44,1.66,15.66,1814.0,327.0,13.21,2.38,10.96,1332.0,254.0,9.7,1.85,11.59,610.0,177.0,4.44,1.29,17.64,11233.0,371.0,81.78,2.7,2.01,3756.0,379.0,27.34,2.76,6.13,3909.0,617.0,28.46,4.49,9.6,8345.0,611.0,60.75,4.45,4.45,167.0,124.0,1.22,0.9,45.14,417.0,238.0,3.04,1.73,34.7,0.0,,0.0,,,539.0,376.0,3.92,2.74,42.41,367.0,155.0,2.67,1.13,25.67,2569.0,530.0,18.7,3.86,12.54,11167.0,530.0,81.3,3.86,2.89,2779.0,420.0,20.23,3.06,9.19,7690.0,551.0,55.98,4.01,4.36,115.0,106.0,0.84,0.77,56.03,393.0,236.0,2.86,1.72,36.51,0.0,,0.0,,,0.0,,0.0,,,188.0,129.0,1.37,0.94,41.71
11354,11354,11354,22089.0,,100,,,5897.0,473.0,26.7,2.14,4.88,12053.0,809.0,21.01,1.41,4.08,535.0,170.0,4.44,1.41,19.32,515.0,155.0,4.27,1.29,18.3,4193.0,377.0,34.79,3.13,5.47,1840.0,282.0,15.27,2.34,9.32,4972.0,472.0,41.25,3.92,5.77,43880.0,1234.0,76.47,2.15,1.71,5300.0,553.0,12.08,1.26,6.34,5785.0,584.0,13.18,1.33,6.14,12148.0,711.0,27.68,1.62,3.56,9965.0,724.0,22.71,1.65,4.42,48134.0,1297.0,83.89,2.26,1.64,945.0,183.0,1.96,0.38,11.77,55995.0,539.0,97.59,0.94,0.59,4748.0,510.0,8.48,0.91,6.53,9237.0,729.0,16.1,1.27,4.8,205.0,136.0,2.22,1.47,40.33,38311.0,935.0,66.77,1.63,1.48,1678.0,291.0,4.38,0.76,10.54,8454.0,499.0,14.73,0.87,3.59,2877.0,303.0,34.03,3.58,6.4,56879.0,1704.0,99.13,2.97,1.82,52262.0,643.0,91.88,1.13,0.75,3504.0,529.0,6.16,0.93,9.18,1110.0,307.0,1.95,0.54,16.81,57379.0,,100,,,20740.0,912.0,36.15,1.59,2.67,19714.0,878.0,34.36,1.53,2.71,1014.0,275.0,1.77,0.48,16.49,36639.0,878.0,63.85,1.53,1.46,16532.0,934.0,45.12,2.55,3.43,20108.0,934.0,54.88,2.55,2.82,2083.0,341.0,5.69,0.93,9.95,28793.0,832.0,78.59,2.27,1.76,111.0,103.0,0.3,0.28,56.41,5.0,95.0,0.01,0.26,1155.02,5607.0,780.0,15.3,2.13,8.46,37.0,92.0,0.1,0.25,151.15,54547.0,1784.0,95.06,3.11,1.99,11470.0,851.0,21.03,1.56,4.51,32634.0,1118.0,59.83,2.05,2.08,8374.0,1091.0,15.35,2.0,7.92,49169.0,1325.0,85.69,2.31,1.64,28452.0,806.0,57.87,1.64,1.72,26703.0,821.0,54.31,1.67,1.87,1743.0,285.0,3.54,0.58,9.94,9.0,93.0,0.02,0.19,628.17,20717.0,806.0,42.13,1.64,2.37,,,6.13,0.99,9.94,25831.0,849.0,45.02,1.48,2.0,7227.0,537.0,27.98,2.08,4.52,3838.0,548.0,14.86,2.12,8.68,10361.0,638.0,40.11,2.47,3.74,3507.0,478.0,13.58,1.85,8.29,521.0,183.0,2.02,0.71,21.35,26708.0,872.0,46.55,1.52,1.98,113.0,120.0,0.42,0.45,64.56,1576.0,294.0,5.9,1.1,11.34,917.0,203.0,3.43,0.76,13.46,774.0,238.0,2.9,0.89,18.69,3092.0,379.0,11.58,1.42,7.45,1827.0,312.0,6.84,1.17,10.38,555.0,158.0,2.08,0.59,17.31,2228.0,326.0,8.34,1.22,8.89,2629.0,350.0,9.84,1.31,8.09,4900.0,473.0,18.35,1.77,5.87,4279.0,526.0,16.02,1.97,7.47,3277.0,422.0,12.27,1.58,7.83,539.0,158.0,2.02,0.59,17.82,2443.0,351.0,11.06,1.59,8.73,1312.0,228.0,5.94,1.03,10.56,3108.0,406.0,14.07,1.84,7.94,2258.0,296.0,10.22,1.34,7.97,3102.0,417.0,14.04,1.89,8.17,3615.0,360.0,16.37,1.63,6.05,2367.0,334.0,10.72,1.51,8.58,2234.0,325.0,10.11,1.47,8.84,816.0,190.0,3.69,0.86,14.15,831.0,168.0,3.76,0.76,12.29,17191.0,422.0,77.83,1.91,1.49,5642.0,413.0,25.54,1.87,4.45,2247.0,303.0,10.17,1.37,8.2,1487.0,272.0,6.73,1.23,11.12,613.0,157.0,2.78,0.71,15.57,3195.0,347.0,14.46,1.57,6.6,43178.0,946.0,77.11,1.69,1.33,25552.0,1153.0,45.63,2.06,2.74,20907.0,1131.0,37.34,2.02,3.29,12817.0,946.0,22.89,1.69,4.49,26709.0,723.0,46.55,1.26,1.65,30670.0,723.0,53.45,1.26,1.43,2832.0,430.0,4.94,0.75,9.23,2560.0,367.0,4.46,0.64,8.71,2471.0,310.0,4.31,0.54,7.63,2091.0,327.0,3.64,0.57,9.51,3543.0,482.0,6.17,0.84,8.27,9049.0,694.0,15.77,1.21,4.66,7449.0,602.0,12.98,1.05,4.91,9059.0,643.0,15.79,1.12,4.31,4867.0,488.0,8.48,0.85,6.1,3815.0,476.0,6.65,0.83,7.58,4705.0,459.0,8.2,0.8,5.93,3038.0,344.0,5.29,0.6,6.88,1885.0,275.0,3.29,0.48,8.87,48146.0,654.0,83.91,1.14,0.83,9625.0,666.0,16.77,1.16,4.21,13119.0,1067.0,22.86,1.86,4.94,1970.0,361.0,3.43,0.63,11.14,121.0,109.0,0.21,0.19,54.76,34635.0,1434.0,60.36,2.5,2.52,43.0,98.0,0.07,0.17,138.55,5654.0,1119.0,9.85,1.95,12.03,1843.0,585.0,3.21,1.02,19.3,10094.0,1303.0,17.59,2.27,7.85,47285.0,1303.0,82.41,2.27,1.68,9615.0,832.0,16.76,1.45,5.26,1703.0,350.0,2.97,0.61,12.49,67.0,103.0,0.12,0.18,93.45,34556.0,1434.0,60.22,2.5,2.52,43.0,98.0,0.07,0.17,138.55,322.0,184.0,0.56,0.32,34.74,972.0,327.0,1.69,0.57,20.45
11355,11355,11355,30373.0,,100,,,8948.0,571.0,29.46,1.88,3.88,17279.0,954.0,21.19,1.17,3.36,623.0,197.0,3.61,1.14,19.22,910.0,207.0,5.27,1.2,13.83,5811.0,475.0,33.63,2.75,4.97,3330.0,380.0,19.27,2.2,6.94,6610.0,460.0,38.25,2.66,4.23,61490.0,1484.0,75.4,1.82,1.47,9370.0,695.0,15.24,1.13,4.51,8901.0,732.0,14.48,1.19,5.0,17924.0,861.0,29.15,1.4,2.92,13269.0,818.0,21.58,1.33,3.75,68023.0,1892.0,83.41,2.32,1.69,800.0,163.0,1.18,0.24,12.39,80967.0,840.0,99.28,1.03,0.63,6018.0,510.0,7.43,0.63,5.15,13467.0,832.0,16.51,1.02,3.76,315.0,167.0,2.34,1.24,32.23,54652.0,979.0,67.01,1.2,1.09,2136.0,306.0,3.91,0.56,8.71,12851.0,710.0,15.76,0.87,3.36,3571.0,338.0,27.79,2.63,5.75,81005.0,1590.0,99.33,1.95,1.19,73525.0,948.0,90.77,1.17,0.78,5558.0,802.0,6.86,0.99,8.77,1933.0,535.0,2.39,0.66,16.83,81555.0,,100,,,22927.0,1085.0,28.11,1.33,2.88,21956.0,1068.0,26.92,1.31,2.96,974.0,220.0,1.19,0.27,13.73,58628.0,946.0,71.89,1.16,0.98,26795.0,1190.0,45.7,2.03,2.7,31833.0,1190.0,54.3,2.03,2.27,1505.0,252.0,2.57,0.43,10.18,48818.0,897.0,83.27,1.53,1.12,162.0,141.0,0.28,0.24,52.91,28.0,123.0,0.05,0.21,267.04,8055.0,868.0,13.74,1.48,6.55,57.0,123.0,0.1,0.21,131.18,77674.0,1827.0,95.24,2.24,1.43,11306.0,1080.0,14.56,1.39,5.81,52546.0,1320.0,67.65,1.7,1.53,9811.0,1103.0,12.63,1.42,6.83,69652.0,1705.0,85.4,2.09,1.49,38788.0,892.0,55.69,1.28,1.4,36288.0,857.0,52.1,1.23,1.44,2442.0,334.0,3.51,0.48,8.31,51.0,125.0,0.07,0.18,149.0,30865.0,892.0,44.31,1.28,1.76,,,6.3,0.85,8.31,35332.0,881.0,43.32,1.08,1.52,7718.0,541.0,21.84,1.53,4.26,5853.0,608.0,16.57,1.72,6.31,15653.0,756.0,44.3,2.14,2.94,4856.0,523.0,13.74,1.48,6.55,534.0,152.0,1.51,0.43,17.3,36293.0,889.0,44.5,1.09,1.49,36.0,116.0,0.1,0.32,195.88,2183.0,319.0,6.01,0.88,8.88,1675.0,290.0,4.62,0.8,10.52,1021.0,214.0,2.81,0.59,12.74,3448.0,392.0,9.5,1.08,6.91,2468.0,348.0,6.8,0.96,8.57,528.0,138.0,1.45,0.38,15.89,2792.0,352.0,7.69,0.97,7.66,2894.0,439.0,7.97,1.21,9.22,6740.0,512.0,18.57,1.41,4.62,6932.0,613.0,19.1,1.69,5.38,4788.0,541.0,13.19,1.49,6.87,794.0,203.0,2.19,0.56,15.54,3414.0,428.0,11.24,1.41,7.62,1988.0,322.0,6.55,1.06,9.85,4499.0,480.0,14.81,1.58,6.49,4000.0,462.0,13.17,1.52,7.02,4110.0,434.0,13.53,1.43,6.42,5003.0,477.0,16.47,1.57,5.8,2865.0,349.0,9.43,1.15,7.41,2765.0,328.0,9.1,1.08,7.21,1096.0,228.0,3.61,0.75,12.65,630.0,161.0,2.07,0.53,15.54,23805.0,486.0,78.38,1.6,1.24,8075.0,513.0,26.59,1.69,3.86,2885.0,313.0,9.5,1.03,6.6,2662.0,334.0,8.76,1.1,7.63,1106.0,225.0,3.64,0.74,12.37,5218.0,446.0,17.18,1.47,5.2,61392.0,1231.0,75.82,1.52,1.22,30410.0,1393.0,37.56,1.72,2.78,34761.0,1457.0,42.93,1.8,2.55,19575.0,1231.0,24.18,1.52,3.82,39203.0,775.0,48.07,0.95,1.2,42352.0,775.0,51.93,0.95,1.11,3881.0,522.0,4.76,0.64,8.18,3824.0,497.0,4.69,0.61,7.9,3447.0,440.0,4.23,0.54,7.76,3686.0,416.0,4.52,0.51,6.86,5225.0,506.0,6.41,0.62,5.89,12226.0,848.0,14.99,1.04,4.22,11467.0,734.0,14.06,0.9,3.89,13719.0,832.0,16.82,1.02,3.69,5862.0,579.0,7.19,0.71,6.0,4994.0,497.0,6.12,0.61,6.05,6825.0,595.0,8.37,0.73,5.3,4414.0,489.0,5.41,0.6,6.73,1966.0,294.0,2.41,0.36,9.09,68078.0,750.0,83.47,0.92,0.67,13222.0,824.0,16.21,1.01,3.79,10449.0,840.0,12.81,1.03,4.89,2785.0,710.0,3.41,0.87,15.5,296.0,171.0,0.36,0.21,35.12,59429.0,1476.0,72.87,1.81,1.51,47.0,130.0,0.06,0.16,168.14,6413.0,1183.0,7.86,1.45,11.21,2122.0,710.0,2.6,0.87,20.34,11244.0,1199.0,13.79,1.47,6.48,70311.0,1199.0,86.21,1.47,1.04,6166.0,612.0,7.56,0.75,6.03,2476.0,644.0,3.04,0.79,15.81,186.0,155.0,0.23,0.19,50.66,59388.0,1476.0,72.82,1.81,1.51,34.0,130.0,0.04,0.16,232.43,829.0,693.0,1.02,0.85,50.82,1203.0,383.0,1.48,0.47,19.35
11356,11356,11356,8105.0,,100,,,3213.0,290.0,39.64,3.58,5.49,5954.0,558.0,23.92,2.24,5.7,319.0,140.0,5.36,2.35,26.68,196.0,78.0,3.29,1.31,24.19,2417.0,258.0,40.6,4.33,6.49,1302.0,271.0,21.87,4.55,12.65,1719.0,253.0,28.87,4.25,8.95,16813.0,941.0,67.55,3.78,3.4,1990.0,372.0,11.84,2.21,11.36,1651.0,296.0,9.82,1.76,10.9,5802.0,479.0,34.51,2.85,5.02,3663.0,402.0,21.79,2.39,6.67,19133.0,1073.0,76.87,4.31,3.41,493.0,126.0,2.58,0.66,15.54,24508.0,144.0,98.46,0.58,0.36,1615.0,262.0,6.59,1.07,9.86,5729.0,553.0,23.02,2.22,5.87,93.0,74.0,1.62,1.29,48.37,15728.0,717.0,63.19,2.88,2.77,765.0,186.0,4.86,1.18,14.78,3057.0,294.0,12.28,1.18,5.85,769.0,145.0,25.16,4.73,11.46,24680.0,1068.0,99.15,4.29,2.63,22538.0,523.0,91.32,2.12,1.41,1883.0,506.0,7.63,2.05,16.34,255.0,138.0,1.03,0.56,32.9,24891.0,,100,,,13274.0,615.0,53.33,2.47,2.82,13021.0,607.0,52.31,2.44,2.83,252.0,100.0,1.01,0.4,24.12,11618.0,680.0,46.68,2.73,3.56,5979.0,486.0,51.47,4.18,4.94,5639.0,486.0,48.54,4.18,5.24,920.0,193.0,7.92,1.66,12.75,5999.0,641.0,51.64,5.52,6.5,113.0,89.0,0.97,0.77,47.88,18.0,70.0,0.15,0.6,236.41,4557.0,625.0,39.23,5.38,8.34,9.0,60.0,0.08,0.52,405.27,23046.0,1426.0,92.59,5.73,3.76,7363.0,710.0,31.95,3.08,5.86,10211.0,809.0,44.31,3.51,4.82,7425.0,936.0,32.22,4.06,7.66,19804.0,1128.0,79.56,4.53,3.46,11956.0,436.0,60.37,2.2,2.22,11201.0,432.0,56.56,2.18,2.34,732.0,190.0,3.7,0.96,15.78,22.0,67.0,0.11,0.34,185.13,7848.0,436.0,39.63,2.2,3.38,,,6.12,1.57,15.78,10906.0,548.0,43.81,2.2,3.05,4403.0,423.0,40.37,3.88,5.84,1592.0,300.0,14.6,2.75,11.46,3695.0,388.0,33.88,3.56,6.38,747.0,244.0,6.85,2.24,19.86,362.0,140.0,3.32,1.28,23.51,11199.0,563.0,44.99,2.26,3.06,15.0,65.0,0.13,0.58,263.42,1140.0,226.0,10.18,2.02,12.05,571.0,179.0,5.1,1.6,19.06,522.0,132.0,4.66,1.18,15.37,1313.0,307.0,11.72,2.74,14.21,868.0,190.0,7.75,1.7,13.31,187.0,87.0,1.67,0.78,28.28,729.0,187.0,6.51,1.67,15.59,1164.0,216.0,10.39,1.93,11.28,2023.0,330.0,18.06,2.95,9.92,1236.0,241.0,11.04,2.15,11.85,979.0,260.0,8.74,2.32,16.14,454.0,153.0,4.05,1.37,20.49,468.0,151.0,5.77,1.86,19.61,274.0,109.0,3.38,1.35,24.18,868.0,197.0,10.71,2.43,13.8,824.0,206.0,10.17,2.54,15.2,1068.0,221.0,13.18,2.73,12.58,1459.0,216.0,18.0,2.67,9.0,1229.0,216.0,15.16,2.66,10.68,1089.0,191.0,13.44,2.36,10.66,459.0,121.0,5.66,1.49,16.03,365.0,130.0,4.5,1.61,21.65,6821.0,203.0,84.16,2.51,1.81,2021.0,246.0,24.94,3.03,7.4,967.0,169.0,11.93,2.08,10.62,336.0,94.0,4.15,1.16,17.01,278.0,117.0,3.43,1.44,25.58,949.0,211.0,11.71,2.6,13.52,20324.0,569.0,82.93,2.32,1.7,12773.0,924.0,52.12,3.77,4.4,9041.0,774.0,36.89,3.16,5.2,4184.0,569.0,17.07,2.32,8.27,12333.0,460.0,49.55,1.85,2.27,12559.0,460.0,50.46,1.85,2.23,1846.0,353.0,7.42,1.42,11.62,1555.0,261.0,6.25,1.05,10.2,1298.0,249.0,5.21,1.0,11.66,1614.0,341.0,6.48,1.37,12.84,1748.0,306.0,7.02,1.23,10.64,3688.0,485.0,14.82,1.95,7.99,3095.0,356.0,12.43,1.43,6.99,3624.0,353.0,14.56,1.42,5.92,1520.0,249.0,6.11,1.0,9.96,1582.0,276.0,6.36,1.11,10.61,1832.0,284.0,7.36,1.14,9.42,1036.0,199.0,4.16,0.8,11.68,445.0,110.0,1.79,0.44,15.03,19156.0,465.0,76.96,1.87,1.48,3315.0,343.0,13.32,1.38,6.29,9181.0,821.0,36.88,3.3,5.44,536.0,276.0,2.15,1.11,31.3,188.0,194.0,0.76,0.78,62.73,7854.0,998.0,31.55,4.01,7.72,29.0,75.0,0.12,0.3,157.22,6256.0,1045.0,25.13,4.2,10.15,847.0,421.0,3.4,1.69,30.22,9198.0,1065.0,36.95,4.28,7.04,15693.0,1065.0,63.05,4.28,4.13,6559.0,625.0,26.35,2.51,5.79,508.0,281.0,2.04,1.13,33.63,188.0,194.0,0.76,0.78,62.73,7734.0,988.0,31.07,3.97,7.77,29.0,75.0,0.12,0.3,157.22,134.0,112.0,0.54,0.45,50.81,540.0,391.0,2.17,1.57,44.02
11357,11357,11357,15858.0,,100,,,4615.0,362.0,29.1,2.28,4.77,9037.0,688.0,22.45,1.71,4.63,668.0,182.0,7.39,2.01,16.56,522.0,196.0,5.78,2.17,22.83,3303.0,361.0,36.55,3.99,6.64,1732.0,263.0,19.17,2.91,9.23,2812.0,310.0,31.12,3.43,6.7,29812.0,1393.0,74.04,3.46,2.84,2315.0,313.0,7.77,1.05,8.22,1973.0,310.0,6.62,1.04,9.55,7721.0,495.0,25.9,1.66,3.9,10672.0,599.0,35.8,2.01,3.41,32318.0,1502.0,80.27,3.73,2.83,1475.0,226.0,4.56,0.7,9.31,40047.0,632.0,99.46,1.57,0.96,4341.0,408.0,10.84,1.02,5.71,7915.0,652.0,19.66,1.62,5.01,88.0,74.0,1.11,0.93,51.12,23586.0,890.0,58.58,2.21,2.29,1410.0,250.0,5.98,1.06,10.78,8533.0,503.0,21.19,1.25,3.58,2839.0,276.0,33.27,3.23,5.91,39810.0,1780.0,98.88,4.42,2.72,37179.0,677.0,93.39,1.7,1.11,2462.0,673.0,6.18,1.69,16.62,170.0,123.0,0.43,0.31,43.98,40262.0,,100,,,26224.0,793.0,65.13,1.97,1.84,25711.0,797.0,63.86,1.98,1.88,509.0,169.0,1.26,0.42,20.18,14039.0,829.0,34.87,2.06,3.59,9923.0,511.0,70.68,3.64,3.13,4115.0,511.0,29.31,3.64,7.55,4910.0,508.0,34.97,3.62,6.29,6771.0,571.0,48.23,4.07,5.13,74.0,86.0,0.53,0.61,70.65,0.0,,0.0,,,2255.0,430.0,16.06,3.06,11.59,30.0,86.0,0.21,0.61,174.27,37792.0,1300.0,93.86,3.23,2.09,18266.0,1009.0,48.33,2.67,3.36,9932.0,794.0,26.28,2.1,4.86,3913.0,703.0,10.35,1.86,10.92,33054.0,1562.0,82.1,3.88,2.87,19470.0,575.0,58.9,1.74,1.8,18227.0,572.0,55.14,1.73,1.91,1213.0,205.0,3.67,0.62,10.27,30.0,79.0,0.09,0.24,160.08,13584.0,575.0,41.1,1.74,2.57,,,6.23,1.04,10.27,17796.0,515.0,44.2,1.28,1.76,10905.0,452.0,61.28,2.54,2.52,1593.0,315.0,8.95,1.77,12.02,4381.0,388.0,24.62,2.18,5.38,494.0,141.0,2.78,0.79,17.35,327.0,112.0,1.84,0.63,20.82,18238.0,479.0,45.3,1.19,1.6,74.0,97.0,0.41,0.53,79.68,1579.0,268.0,8.66,1.47,10.32,948.0,290.0,5.2,1.59,18.6,627.0,148.0,3.44,0.81,14.35,1945.0,323.0,10.66,1.77,10.1,1153.0,201.0,6.32,1.1,10.6,570.0,181.0,3.13,0.99,19.3,1933.0,268.0,10.6,1.47,8.43,2076.0,275.0,11.38,1.51,8.05,4180.0,359.0,22.92,1.97,5.22,1567.0,285.0,8.59,1.56,11.06,881.0,201.0,4.83,1.1,13.87,698.0,157.0,3.83,0.86,13.67,591.0,162.0,3.73,1.02,16.66,475.0,127.0,3.0,0.8,16.25,1290.0,208.0,8.13,1.31,9.8,1062.0,190.0,6.7,1.2,10.88,1540.0,244.0,9.71,1.54,9.63,2946.0,320.0,18.58,2.02,6.6,2264.0,276.0,14.28,1.74,7.41,2971.0,355.0,18.74,2.24,7.26,1685.0,258.0,10.63,1.63,9.31,1034.0,192.0,6.52,1.21,11.29,11939.0,331.0,75.29,2.09,1.69,6069.0,377.0,38.27,2.38,3.78,3157.0,322.0,19.91,2.03,6.2,540.0,147.0,3.41,0.93,16.55,147.0,81.0,0.93,0.51,33.5,984.0,203.0,6.21,1.28,12.54,37045.0,489.0,92.5,1.22,0.8,29643.0,861.0,74.02,2.15,1.77,12447.0,809.0,31.08,2.02,3.95,3002.0,489.0,7.5,1.22,9.9,19272.0,451.0,47.87,1.12,1.42,20991.0,451.0,52.14,1.12,1.31,2470.0,382.0,6.13,0.95,9.4,2069.0,322.0,5.14,0.8,9.46,2080.0,318.0,5.17,0.79,9.29,1999.0,314.0,4.96,0.78,9.55,1827.0,274.0,4.54,0.68,9.12,4658.0,471.0,11.57,1.17,6.15,5128.0,443.0,12.74,1.1,5.25,5719.0,491.0,14.2,1.22,5.22,3050.0,374.0,7.58,0.93,7.45,2587.0,330.0,6.43,0.82,7.75,4546.0,439.0,11.29,1.09,5.87,2878.0,374.0,7.15,0.93,7.9,1247.0,209.0,3.1,0.52,10.19,32348.0,544.0,80.34,1.35,1.02,8666.0,616.0,21.52,1.53,4.32,28169.0,1019.0,69.96,2.53,2.2,239.0,129.0,0.59,0.32,32.81,96.0,121.0,0.24,0.3,76.62,9158.0,942.0,22.75,2.34,6.25,0.0,,0.0,,,1719.0,491.0,4.27,1.22,17.36,886.0,395.0,2.2,0.98,27.1,5612.0,886.0,13.94,2.2,9.6,34650.0,886.0,86.06,2.2,1.55,24282.0,1115.0,60.31,2.77,2.79,203.0,125.0,0.5,0.31,37.43,65.0,117.0,0.16,0.29,109.42,9145.0,942.0,22.71,2.34,6.26,0.0,,0.0,,,265.0,141.0,0.66,0.35,32.35,695.0,378.0,1.73,0.94,33.06
11358,11358,11358,13896.0,,100,,,3960.0,243.0,28.5,1.75,3.73,8244.0,441.0,21.5,1.15,3.25,578.0,131.0,7.01,1.59,13.78,391.0,97.0,4.74,1.18,15.08,2989.0,221.0,36.26,2.68,4.49,1434.0,169.0,17.4,2.05,7.16,2850.0,217.0,34.57,2.63,4.63,28803.0,794.0,75.1,2.07,1.68,2493.0,265.0,8.66,0.92,6.46,2109.0,265.0,7.32,0.92,7.64,7229.0,441.0,25.1,1.53,3.71,9751.0,493.0,33.85,1.71,3.07,31610.0,874.0,82.42,2.28,1.68,996.0,133.0,3.15,0.42,8.12,38335.0,27.0,99.96,0.07,0.04,2745.0,257.0,7.16,0.67,5.69,6728.0,414.0,17.54,1.08,3.74,130.0,81.0,1.93,1.2,37.88,25483.0,525.0,66.44,1.37,1.25,1058.0,161.0,4.15,0.63,9.25,6126.0,284.0,15.97,0.74,2.82,1552.0,158.0,25.33,2.58,6.19,37943.0,947.0,98.93,2.47,1.52,35383.0,391.0,93.25,1.03,0.67,2204.0,372.0,5.81,0.98,10.26,353.0,140.0,0.93,0.37,24.11,38352.0,,100,,,19207.0,591.0,50.08,1.54,1.87,18701.0,587.0,48.76,1.53,1.91,501.0,142.0,1.31,0.37,17.23,19145.0,591.0,49.92,1.54,1.88,10972.0,448.0,57.31,2.34,2.48,8174.0,448.0,42.69,2.34,3.33,2589.0,324.0,13.52,1.69,7.61,12798.0,509.0,66.85,2.66,2.42,39.0,103.0,0.2,0.54,160.55,25.0,96.0,0.13,0.5,233.43,3641.0,444.0,19.02,2.32,7.41,49.0,96.0,0.26,0.5,119.1,36388.0,1001.0,94.88,2.61,1.67,11766.0,626.0,32.34,1.72,3.23,14891.0,659.0,40.92,1.81,2.69,5323.0,611.0,14.63,1.68,6.98,32292.0,886.0,84.2,2.31,1.67,19943.0,462.0,61.76,1.43,1.41,18831.0,465.0,58.32,1.44,1.5,1100.0,171.0,3.41,0.53,9.45,15.0,103.0,0.05,0.32,417.43,12348.0,462.0,38.24,1.43,2.27,,,5.52,0.85,9.45,18245.0,499.0,47.57,1.3,1.66,7698.0,361.0,42.19,1.98,2.85,2086.0,246.0,11.43,1.35,7.17,6918.0,365.0,37.92,2.0,3.21,817.0,166.0,4.48,0.91,12.35,472.0,100.0,2.59,0.55,12.88,18832.0,510.0,49.1,1.33,1.65,27.0,107.0,0.14,0.57,240.91,1180.0,186.0,6.27,0.99,9.58,963.0,164.0,5.11,0.87,10.35,631.0,128.0,3.35,0.68,12.33,1764.0,211.0,9.37,1.12,7.27,1030.0,153.0,5.47,0.81,9.03,622.0,139.0,3.3,0.74,13.58,1806.0,207.0,9.59,1.1,6.97,2152.0,241.0,11.43,1.28,6.81,4192.0,309.0,22.26,1.64,4.48,1742.0,218.0,9.25,1.16,7.61,2145.0,275.0,11.39,1.46,7.79,578.0,107.0,3.07,0.57,11.25,759.0,140.0,5.46,1.01,11.21,485.0,122.0,3.49,0.88,15.29,1251.0,175.0,9.0,1.26,8.5,997.0,172.0,7.17,1.24,10.49,1785.0,192.0,12.85,1.38,6.54,2399.0,235.0,17.26,1.69,5.95,1785.0,207.0,12.85,1.49,7.05,2183.0,218.0,15.71,1.57,6.07,1153.0,154.0,8.3,1.11,8.12,1098.0,150.0,7.9,1.08,8.3,11028.0,221.0,79.36,1.59,1.22,4225.0,231.0,30.4,1.66,3.32,2265.0,190.0,16.3,1.37,5.1,469.0,96.0,3.38,0.69,12.44,285.0,93.0,2.05,0.67,19.84,1000.0,154.0,7.2,1.11,9.36,32120.0,575.0,83.79,1.5,1.09,23218.0,774.0,60.57,2.02,2.03,11814.0,640.0,30.82,1.67,3.29,6215.0,575.0,16.21,1.5,5.62,18832.0,349.0,49.1,0.91,1.13,19520.0,349.0,50.9,0.91,1.09,1965.0,276.0,5.12,0.72,8.54,1759.0,215.0,4.59,0.56,7.43,1878.0,203.0,4.9,0.53,6.57,1689.0,188.0,4.4,0.49,6.77,2253.0,226.0,5.87,0.59,6.1,5696.0,456.0,14.85,1.19,4.87,5296.0,384.0,13.81,1.0,4.41,5977.0,422.0,15.58,1.1,4.29,3103.0,276.0,8.09,0.72,5.41,2614.0,265.0,6.82,0.69,6.16,3375.0,291.0,8.8,0.76,5.24,2025.0,238.0,5.28,0.62,7.14,726.0,119.0,1.89,0.31,9.96,31624.0,376.0,82.46,0.98,0.72,6126.0,345.0,15.97,0.9,3.42,16416.0,786.0,42.8,2.05,2.91,509.0,173.0,1.33,0.45,20.66,61.0,104.0,0.16,0.27,103.64,17429.0,828.0,45.44,2.16,2.89,0.0,,0.0,,,2870.0,529.0,7.48,1.38,11.2,1064.0,268.0,2.77,0.7,15.31,6595.0,694.0,17.2,1.81,6.4,31757.0,694.0,82.8,1.81,1.33,13169.0,702.0,34.34,1.83,3.24,271.0,119.0,0.71,0.31,26.69,25.0,104.0,0.07,0.27,252.89,17384.0,828.0,45.33,2.16,2.9,0.0,,0.0,,,175.0,165.0,0.46,0.43,57.32,733.0,226.0,1.91,0.59,18.74
11360,11360,"11359, 11360",9142.0,,100,,,1823.0,252.0,19.94,2.76,8.4,3543.0,538.0,19.1,2.9,9.23,228.0,105.0,6.43,2.97,28.0,190.0,109.0,5.36,3.08,34.87,1372.0,247.0,38.72,6.98,10.94,641.0,167.0,18.09,4.72,15.84,1111.0,184.0,31.35,5.2,10.07,14448.0,1009.0,77.89,5.44,4.25,611.0,157.0,4.23,1.09,15.62,459.0,146.0,3.18,1.01,19.34,3068.0,392.0,21.24,2.71,7.77,7308.0,448.0,50.58,3.1,3.73,15590.0,1135.0,84.05,6.12,4.43,1044.0,220.0,6.7,1.41,12.81,18539.0,26.0,99.95,0.14,0.09,2535.0,347.0,13.67,1.87,8.32,2949.0,421.0,15.9,2.27,8.68,86.0,88.0,2.92,3.0,62.2,10792.0,564.0,58.18,3.04,3.18,687.0,181.0,6.37,1.68,16.02,4792.0,345.0,25.84,1.86,4.38,1759.0,227.0,36.71,4.74,7.85,18321.0,645.0,98.77,3.48,2.14,16759.0,520.0,91.47,2.84,1.89,1155.0,412.0,6.3,2.25,21.68,401.0,361.0,2.19,1.97,54.73,18548.0,,100,,,12039.0,631.0,64.91,3.4,3.19,11882.0,640.0,64.06,3.45,3.27,158.0,80.0,0.85,0.43,30.78,6509.0,657.0,35.09,3.54,6.14,4501.0,433.0,69.15,6.65,5.85,2008.0,433.0,30.85,6.65,13.11,1592.0,294.0,24.46,4.51,11.23,4013.0,378.0,61.65,5.81,5.73,23.0,54.0,0.35,0.83,142.72,8.0,54.0,0.12,0.83,410.33,849.0,315.0,13.04,4.84,22.55,27.0,54.0,0.41,0.83,121.58,17722.0,1193.0,95.54,6.43,4.09,9366.0,719.0,52.85,4.06,4.67,3526.0,564.0,19.9,3.18,9.72,1426.0,441.0,8.05,2.49,18.8,15842.0,1152.0,85.41,6.21,4.42,9276.0,474.0,58.55,2.99,3.11,8724.0,480.0,55.07,3.03,3.34,540.0,165.0,3.41,1.04,18.57,9.0,62.0,0.06,0.39,418.78,6566.0,474.0,41.45,2.99,4.39,,,5.82,1.75,18.57,8380.0,406.0,45.18,2.19,2.95,4604.0,353.0,54.94,4.21,4.66,589.0,158.0,7.03,1.89,16.31,2442.0,308.0,29.14,3.67,7.67,223.0,137.0,2.66,1.64,37.35,408.0,137.0,4.87,1.64,20.41,8727.0,414.0,47.05,2.23,2.88,0.0,,0.0,,,468.0,151.0,5.36,1.73,19.61,244.0,108.0,2.8,1.24,26.91,472.0,147.0,5.41,1.69,18.93,944.0,199.0,10.82,2.28,12.81,448.0,143.0,5.13,1.64,19.4,391.0,136.0,4.48,1.56,21.14,1051.0,203.0,12.04,2.33,11.74,1175.0,236.0,13.46,2.7,12.21,2256.0,284.0,25.85,3.25,7.65,574.0,158.0,6.58,1.81,16.73,378.0,116.0,4.33,1.33,18.66,315.0,108.0,3.61,1.24,20.84,467.0,144.0,5.11,1.57,18.74,402.0,131.0,4.4,1.43,19.81,705.0,176.0,7.71,1.93,15.18,460.0,123.0,5.03,1.34,16.25,817.0,178.0,8.94,1.95,13.24,1478.0,266.0,16.17,2.91,10.94,1185.0,219.0,12.96,2.4,11.23,1805.0,256.0,19.74,2.8,8.62,916.0,197.0,10.02,2.15,13.07,908.0,208.0,9.93,2.27,13.93,6315.0,276.0,69.08,3.02,2.66,3853.0,304.0,42.15,3.33,4.8,2042.0,261.0,22.34,2.86,7.77,222.0,92.0,2.43,1.01,25.19,58.0,56.0,0.63,0.61,58.69,371.0,124.0,4.06,1.36,20.32,17684.0,256.0,95.39,1.38,0.88,14764.0,499.0,79.64,2.69,2.05,6396.0,632.0,34.5,3.41,6.01,855.0,256.0,4.61,1.38,18.2,8676.0,343.0,46.77,1.85,2.4,9872.0,343.0,53.22,1.85,2.11,827.0,208.0,4.46,1.12,15.29,962.0,258.0,5.19,1.39,16.3,776.0,193.0,4.18,1.04,15.12,667.0,197.0,3.6,1.06,17.95,862.0,250.0,4.65,1.35,17.63,1766.0,360.0,9.52,1.94,12.39,2644.0,371.0,14.25,2.0,8.53,2556.0,367.0,13.78,1.98,8.73,1378.0,232.0,7.43,1.25,10.23,1302.0,245.0,7.02,1.32,11.44,2121.0,299.0,11.43,1.61,8.57,1556.0,243.0,8.39,1.31,9.49,1116.0,239.0,6.02,1.29,13.02,15600.0,349.0,84.1,1.88,1.36,4792.0,505.0,25.84,2.72,6.41,12108.0,811.0,65.28,4.37,4.07,336.0,297.0,1.81,1.6,53.73,49.0,65.0,0.26,0.35,80.64,4643.0,690.0,25.03,3.72,9.03,0.0,,0.0,,,1084.0,605.0,5.84,3.26,33.93,325.0,178.0,1.75,0.96,33.29,2535.0,735.0,13.67,3.96,17.63,16014.0,735.0,86.34,3.96,2.79,10941.0,781.0,58.99,4.21,4.34,133.0,87.0,0.72,0.47,39.77,48.0,67.0,0.26,0.36,84.85,4593.0,690.0,24.76,3.72,9.13,0.0,,0.0,,,70.0,87.0,0.38,0.47,75.55,224.0,137.0,1.21,0.74,37.18
11361,11361,11361,11080.0,,100,,,3271.0,253.0,29.52,2.28,4.7,6691.0,525.0,22.68,1.78,4.77,342.0,106.0,5.11,1.59,18.84,290.0,90.0,4.33,1.34,18.87,2356.0,230.0,35.21,3.44,5.93,1409.0,175.0,21.06,2.61,7.55,2295.0,246.0,34.3,3.68,6.52,21912.0,897.0,74.26,3.04,2.49,1478.0,210.0,6.75,0.96,8.64,953.0,153.0,4.35,0.7,9.76,4783.0,381.0,21.83,1.74,4.84,9344.0,462.0,42.64,2.11,3.01,24098.0,1012.0,81.67,3.43,2.55,699.0,123.0,2.9,0.51,10.7,29069.0,319.0,98.52,1.08,0.67,2462.0,270.0,8.47,0.93,6.67,5392.0,451.0,18.27,1.53,5.08,82.0,71.0,1.52,1.31,52.64,19228.0,330.0,65.17,1.12,1.04,1059.0,173.0,5.51,0.9,9.93,4450.0,277.0,15.08,0.94,3.78,1318.0,166.0,29.61,3.72,7.66,29177.0,988.0,98.88,3.35,2.06,26457.0,420.0,90.68,1.44,0.97,2415.0,385.0,8.28,1.32,9.69,313.0,175.0,1.07,0.6,33.99,29506.0,,100,,,17131.0,581.0,58.06,1.97,2.06,16867.0,575.0,57.16,1.95,2.07,262.0,97.0,0.89,0.33,22.51,12375.0,596.0,41.94,2.02,2.93,7810.0,401.0,63.11,3.24,3.12,4566.0,401.0,36.9,3.24,5.34,1799.0,265.0,14.54,2.14,8.95,8721.0,384.0,70.47,3.1,2.68,104.0,98.0,0.84,0.79,57.28,11.0,92.0,0.09,0.74,508.43,1700.0,316.0,13.74,2.55,11.3,38.0,71.0,0.31,0.57,113.58,28075.0,897.0,95.15,3.04,1.94,11768.0,632.0,41.92,2.25,3.26,8135.0,561.0,28.98,2.0,4.19,3088.0,573.0,11.0,2.04,11.28,24764.0,1053.0,83.93,3.57,2.58,16135.0,406.0,65.16,1.64,1.53,15054.0,414.0,60.79,1.67,1.67,1070.0,206.0,4.32,0.83,11.7,11.0,87.0,0.04,0.35,480.8,8629.0,406.0,34.85,1.64,2.86,,,6.63,1.27,11.7,14564.0,440.0,49.36,1.49,1.84,7415.0,352.0,50.91,2.42,2.89,1577.0,246.0,10.83,1.69,9.48,4528.0,325.0,31.09,2.23,4.36,543.0,133.0,3.73,0.91,14.89,386.0,122.0,2.65,0.84,19.21,15047.0,413.0,51.0,1.4,1.67,0.0,,0.0,,,903.0,173.0,6.0,1.15,11.65,690.0,155.0,4.59,1.03,13.66,632.0,138.0,4.2,0.92,13.27,1344.0,187.0,8.93,1.24,8.46,874.0,185.0,5.81,1.23,12.87,485.0,102.0,3.22,0.68,12.78,1672.0,206.0,11.11,1.37,7.49,1624.0,236.0,10.79,1.57,8.83,3751.0,308.0,24.93,2.05,4.99,1542.0,230.0,10.25,1.53,9.07,958.0,179.0,6.37,1.19,11.36,568.0,128.0,3.77,0.85,13.7,450.0,104.0,4.06,0.94,14.05,211.0,89.0,1.9,0.8,25.64,792.0,145.0,7.15,1.31,11.13,778.0,148.0,7.02,1.34,11.56,1013.0,166.0,9.14,1.5,9.96,1823.0,215.0,16.45,1.94,7.17,1818.0,212.0,16.41,1.91,7.09,2170.0,211.0,19.58,1.9,5.91,1113.0,156.0,10.05,1.41,8.52,911.0,143.0,8.22,1.29,9.54,9221.0,181.0,83.22,1.63,1.19,3131.0,222.0,28.26,2.0,4.31,1653.0,166.0,14.92,1.5,6.1,269.0,75.0,2.43,0.68,16.95,191.0,65.0,1.72,0.59,20.69,681.0,126.0,6.15,1.14,11.25,26384.0,363.0,90.76,1.25,0.84,21342.0,619.0,73.42,2.13,1.76,8472.0,561.0,29.14,1.93,4.03,2684.0,363.0,9.23,1.25,8.22,14279.0,413.0,48.39,1.4,1.76,15227.0,413.0,51.61,1.4,1.65,1434.0,221.0,4.86,0.75,9.37,1455.0,239.0,4.93,0.81,9.99,1482.0,224.0,5.02,0.76,9.19,1665.0,236.0,5.64,0.8,8.62,1568.0,245.0,5.31,0.83,9.5,4306.0,398.0,14.59,1.35,5.62,4253.0,339.0,14.41,1.15,4.85,4285.0,345.0,14.52,1.17,4.89,2253.0,260.0,7.64,0.88,7.02,1950.0,239.0,6.61,0.81,7.45,2526.0,277.0,8.56,0.94,6.67,1429.0,218.0,4.84,0.74,9.27,911.0,165.0,3.09,0.56,11.01,24109.0,381.0,81.71,1.29,0.96,4866.0,375.0,16.49,1.27,4.68,14726.0,785.0,49.91,2.66,3.24,674.0,198.0,2.28,0.67,17.86,0.0,,0.0,,,11918.0,785.0,40.39,2.66,4.0,0.0,,0.0,,,1422.0,466.0,4.82,1.58,19.92,774.0,230.0,2.62,0.78,18.06,4218.0,711.0,14.3,2.41,10.25,25291.0,711.0,85.71,2.41,1.71,12397.0,741.0,42.01,2.51,3.63,625.0,198.0,2.12,0.67,19.26,0.0,,0.0,,,11813.0,791.0,40.04,2.68,4.07,0.0,,0.0,,,17.0,91.0,0.06,0.31,325.41,432.0,165.0,1.46,0.56,23.22
11362,11362,11362,6977.0,,100,,,1853.0,268.0,26.56,3.84,8.79,3655.0,500.0,20.19,2.76,8.32,322.0,134.0,8.81,3.67,25.3,250.0,164.0,6.84,4.48,39.88,1201.0,205.0,32.86,5.61,10.38,730.0,189.0,19.97,5.18,15.74,1152.0,230.0,31.52,6.28,12.14,13752.0,914.0,75.97,5.05,4.04,655.0,231.0,4.76,1.68,21.44,596.0,183.0,4.33,1.33,18.67,2461.0,344.0,17.9,2.5,8.5,6598.0,509.0,47.98,3.7,4.69,14835.0,1037.0,81.95,5.73,4.25,510.0,156.0,3.44,1.05,18.59,17982.0,94.0,99.33,0.52,0.32,1835.0,322.0,10.2,1.79,10.67,3268.0,465.0,18.05,2.57,8.65,34.0,54.0,1.04,1.64,96.55,11029.0,556.0,60.92,3.07,3.06,572.0,186.0,5.19,1.69,19.77,3682.0,322.0,20.34,1.78,5.32,1229.0,207.0,33.38,5.63,10.24,17933.0,273.0,99.06,1.51,0.93,16548.0,520.0,92.28,2.9,1.91,1242.0,497.0,6.93,2.77,24.33,150.0,167.0,0.84,0.93,67.68,18103.0,,100,,,11192.0,731.0,61.82,4.04,3.97,10862.0,733.0,60.0,4.05,4.1,329.0,143.0,1.82,0.79,26.42,6912.0,833.0,38.18,4.6,7.33,4966.0,428.0,71.85,6.19,5.24,1946.0,428.0,28.16,6.19,13.37,965.0,270.0,13.96,3.9,17.01,4797.0,460.0,69.41,6.66,5.83,253.0,299.0,3.66,4.33,71.84,8.0,54.0,0.12,0.78,410.33,870.0,308.0,12.59,4.45,21.52,16.0,47.0,0.23,0.68,178.57,17054.0,1095.0,94.21,6.05,3.9,8673.0,810.0,50.86,4.75,5.68,4477.0,629.0,26.25,3.69,8.54,807.0,266.0,4.73,1.56,20.04,15264.0,1066.0,84.32,5.89,4.25,9571.0,504.0,62.7,3.3,3.2,9059.0,524.0,59.35,3.43,3.52,507.0,224.0,3.32,1.47,26.86,0.0,,0.0,,,5693.0,504.0,37.3,3.3,5.38,,,5.3,2.32,26.86,8691.0,509.0,48.01,2.81,3.56,5143.0,349.0,59.18,4.01,4.13,741.0,243.0,8.53,2.8,19.94,1959.0,329.0,22.54,3.79,10.21,218.0,149.0,2.51,1.71,41.55,515.0,177.0,5.93,2.04,20.89,9056.0,503.0,50.02,2.78,3.38,14.0,55.0,0.15,0.61,238.82,257.0,110.0,2.84,1.22,26.02,310.0,126.0,3.42,1.39,24.71,345.0,151.0,3.81,1.67,26.61,836.0,219.0,9.23,2.42,15.92,464.0,165.0,5.12,1.82,21.62,349.0,148.0,3.85,1.63,25.78,1189.0,268.0,13.13,2.96,13.7,920.0,242.0,10.16,2.67,15.99,2106.0,321.0,23.25,3.55,9.27,966.0,322.0,10.67,3.56,20.26,757.0,215.0,8.36,2.37,17.27,552.0,184.0,6.1,2.03,20.26,300.0,142.0,4.3,2.04,28.77,147.0,94.0,2.11,1.35,38.87,354.0,114.0,5.07,1.64,19.58,687.0,194.0,9.85,2.78,17.17,512.0,154.0,7.34,2.21,18.28,1203.0,241.0,17.24,3.46,12.18,1079.0,232.0,15.46,3.32,13.07,1366.0,204.0,19.58,2.93,9.08,720.0,195.0,10.32,2.79,16.46,605.0,146.0,8.67,2.09,14.67,5352.0,247.0,76.71,3.54,2.81,2466.0,253.0,35.34,3.63,6.24,1362.0,225.0,19.52,3.22,10.04,149.0,74.0,2.14,1.06,30.19,5.0,54.0,0.07,0.77,656.53,314.0,132.0,4.5,1.89,25.56,16829.0,464.0,93.59,2.58,1.68,13587.0,698.0,75.56,3.88,3.12,5551.0,581.0,30.87,3.23,6.36,1153.0,464.0,6.41,2.58,24.46,8114.0,442.0,44.82,2.44,3.31,9989.0,442.0,55.18,2.44,2.69,1049.0,282.0,5.79,1.56,16.34,912.0,237.0,5.04,1.31,15.8,682.0,185.0,3.77,1.02,16.49,960.0,212.0,5.3,1.17,13.42,737.0,208.0,4.07,1.15,17.16,2171.0,364.0,11.99,2.01,10.19,2472.0,371.0,13.66,2.05,9.12,2474.0,396.0,13.67,2.19,9.73,1490.0,293.0,8.23,1.62,11.95,1361.0,281.0,7.52,1.55,12.55,1966.0,324.0,10.86,1.79,10.02,933.0,212.0,5.15,1.17,13.81,881.0,230.0,4.87,1.27,15.87,14835.0,396.0,81.95,2.19,1.62,3787.0,451.0,20.92,2.49,7.24,9351.0,925.0,51.65,5.11,6.01,435.0,407.0,2.4,2.25,56.88,0.0,,0.0,,,7398.0,949.0,40.87,5.24,7.8,0.0,,0.0,,,332.0,237.0,1.83,1.31,43.4,589.0,458.0,3.25,2.53,47.27,1696.0,516.0,9.37,2.85,18.5,16407.0,516.0,90.63,2.85,1.91,8084.0,769.0,44.66,4.25,5.78,350.0,391.0,1.93,2.16,67.91,0.0,,0.0,,,7398.0,949.0,40.87,5.24,7.8,0.0,,0.0,,,63.0,85.0,0.35,0.47,82.02,512.0,453.0,2.83,2.5,53.79
11363,11363,11363,2775.0,,100,,,856.0,155.0,30.85,5.58,11.01,1862.0,313.0,24.37,4.1,10.22,121.0,74.0,6.5,3.98,37.18,57.0,39.0,3.06,2.11,41.59,781.0,163.0,41.94,8.74,12.69,410.0,125.0,22.01,6.73,18.53,493.0,144.0,26.47,7.75,17.76,5509.0,555.0,72.11,7.26,6.12,151.0,110.0,2.74,1.99,44.28,105.0,52.0,1.91,0.94,30.11,1206.0,215.0,21.89,3.9,10.84,2730.0,282.0,49.55,5.11,6.28,5979.0,523.0,78.26,6.84,5.32,253.0,89.0,4.23,1.49,21.38,7640.0,0.0,100.0,0.0,0.0,686.0,167.0,8.98,2.19,14.8,1661.0,318.0,21.74,4.16,11.64,0.0,,0.0,,,4563.0,274.0,59.72,3.59,3.65,251.0,116.0,5.5,2.55,28.09,1416.0,160.0,18.53,2.1,6.87,434.0,96.0,30.64,6.79,13.45,7579.0,95.0,99.2,1.24,0.76,6949.0,390.0,91.69,5.14,3.41,630.0,390.0,8.31,5.14,37.63,0.0,,0.0,,,7640.0,,100,,,5192.0,316.0,67.96,4.14,3.7,5067.0,319.0,66.32,4.17,3.83,125.0,88.0,1.64,1.15,42.8,2448.0,349.0,32.04,4.57,8.67,1740.0,184.0,71.07,7.53,6.43,708.0,184.0,28.92,7.53,15.8,385.0,159.0,15.73,6.48,25.11,1455.0,238.0,59.43,9.71,9.94,0.0,,0.0,,,0.0,,0.0,,,600.0,225.0,24.51,9.18,22.8,8.0,32.0,0.33,1.32,243.16,7236.0,627.0,94.71,8.21,5.27,3541.0,490.0,48.93,6.77,8.41,1686.0,315.0,23.3,4.35,11.36,1035.0,363.0,14.3,5.01,21.32,6160.0,536.0,80.63,7.02,5.29,3818.0,265.0,61.98,4.3,4.22,3601.0,265.0,58.46,4.3,4.47,217.0,75.0,3.52,1.21,21.01,0.0,,0.0,,,2342.0,265.0,38.02,4.3,6.88,,,5.68,1.92,21.01,3523.0,219.0,46.11,2.87,3.78,1772.0,209.0,50.3,5.92,7.17,242.0,111.0,6.87,3.16,27.88,1182.0,212.0,33.55,6.02,10.9,106.0,73.0,3.01,2.08,41.86,165.0,75.0,4.68,2.13,27.63,3601.0,213.0,47.13,2.79,3.6,0.0,,0.0,,,253.0,102.0,7.03,2.84,24.51,229.0,100.0,6.36,2.79,26.55,125.0,58.0,3.47,1.6,28.21,354.0,125.0,9.83,3.46,21.47,184.0,90.0,5.11,2.5,29.73,66.0,48.0,1.83,1.33,44.21,430.0,135.0,11.94,3.75,19.09,588.0,131.0,16.33,3.64,13.54,796.0,138.0,22.11,3.82,10.54,197.0,84.0,5.47,2.32,25.92,214.0,95.0,5.94,2.63,26.99,163.0,73.0,4.53,2.03,27.23,73.0,46.0,2.63,1.65,38.31,32.0,26.0,1.15,0.92,49.39,225.0,111.0,8.11,4.0,29.99,143.0,90.0,5.15,3.26,38.26,290.0,98.0,10.45,3.53,20.54,400.0,113.0,14.41,4.06,17.17,376.0,99.0,13.55,3.57,16.01,618.0,123.0,22.27,4.43,12.1,233.0,84.0,8.4,3.03,21.92,383.0,100.0,13.8,3.59,15.87,2183.0,117.0,78.67,4.21,3.26,960.0,140.0,34.59,5.03,8.87,638.0,119.0,22.99,4.28,11.34,113.0,64.0,4.07,2.32,34.43,20.0,39.0,0.72,1.41,118.54,130.0,59.0,4.68,2.12,27.59,7042.0,219.0,92.17,2.86,1.89,6093.0,319.0,79.75,4.18,3.18,2055.0,300.0,26.9,3.93,8.87,598.0,219.0,7.83,2.86,22.26,3786.0,183.0,49.55,2.4,2.94,3855.0,183.0,50.46,2.4,2.89,404.0,155.0,5.29,2.03,23.32,404.0,132.0,5.29,1.73,19.86,623.0,193.0,8.15,2.52,18.83,383.0,144.0,5.01,1.88,22.86,317.0,106.0,4.15,1.39,20.33,791.0,192.0,10.35,2.51,14.76,998.0,174.0,13.06,2.28,10.6,1249.0,199.0,16.35,2.61,9.69,653.0,153.0,8.55,2.0,14.24,402.0,108.0,5.26,1.42,16.33,834.0,185.0,10.92,2.42,13.48,351.0,111.0,4.59,1.45,19.22,231.0,89.0,3.02,1.16,23.42,5979.0,275.0,78.26,3.6,2.8,1416.0,222.0,18.53,2.91,9.53,4579.0,483.0,59.93,6.32,6.41,91.0,65.0,1.19,0.85,43.42,0.0,,0.0,,,2259.0,480.0,29.57,6.28,12.92,0.0,,0.0,,,389.0,176.0,5.09,2.3,27.5,323.0,372.0,4.23,4.87,70.01,1372.0,452.0,17.96,5.92,20.03,6269.0,452.0,82.05,5.92,4.38,3859.0,478.0,50.51,6.26,7.53,57.0,65.0,0.75,0.85,69.32,0.0,,0.0,,,2259.0,480.0,29.57,6.28,12.92,0.0,,0.0,,,38.0,56.0,0.5,0.73,89.59,55.0,59.0,0.72,0.77,65.21
11364,11364,11364,13879.0,,100,,,4107.0,326.0,29.59,2.35,4.83,7876.0,607.0,22.44,1.73,4.69,434.0,131.0,5.51,1.66,18.35,272.0,78.0,3.45,0.99,17.43,3091.0,257.0,39.25,3.26,5.05,1617.0,232.0,20.53,2.95,8.72,2462.0,232.0,31.26,2.94,5.73,26118.0,934.0,74.42,2.66,2.17,1621.0,298.0,6.21,1.14,11.18,1276.0,261.0,4.89,1.0,12.43,5761.0,470.0,22.06,1.8,4.96,11458.0,593.0,43.87,2.27,3.15,28308.0,1176.0,80.66,3.35,2.53,857.0,167.0,3.03,0.59,11.85,35086.0,14.0,99.97,0.04,0.02,2849.0,323.0,8.12,0.92,6.89,6789.0,523.0,19.34,1.49,4.68,113.0,80.0,1.66,1.18,43.04,21907.0,583.0,62.42,1.66,1.62,1020.0,186.0,4.66,0.85,11.09,6391.0,361.0,18.21,1.03,3.43,1708.0,226.0,26.73,3.53,8.04,34748.0,1141.0,99.01,3.25,2.0,32356.0,525.0,93.12,1.51,0.99,2104.0,486.0,6.06,1.4,14.04,287.0,208.0,0.83,0.6,44.06,35097.0,,100,,,19035.0,628.0,54.24,1.79,2.01,18501.0,628.0,52.71,1.79,2.06,535.0,144.0,1.52,0.41,16.36,16062.0,653.0,45.76,1.86,2.47,11605.0,482.0,72.25,3.0,2.52,4456.0,482.0,27.74,3.0,6.58,1806.0,323.0,11.24,2.01,10.87,12526.0,464.0,77.99,2.89,2.25,88.0,95.0,0.55,0.59,65.63,8.0,87.0,0.05,0.54,661.09,1611.0,357.0,10.03,2.22,13.47,32.0,87.0,0.2,0.54,165.27,33319.0,1281.0,94.93,3.65,2.34,12978.0,783.0,38.95,2.35,3.67,10785.0,770.0,32.37,2.31,4.34,2214.0,456.0,6.64,1.37,12.52,29124.0,1232.0,82.98,3.51,2.57,17900.0,504.0,61.46,1.73,1.71,17012.0,513.0,58.41,1.76,1.83,882.0,207.0,3.03,0.71,14.27,0.0,,0.0,,,11224.0,504.0,38.54,1.73,2.73,,,4.93,1.15,14.27,16577.0,505.0,47.23,1.44,1.85,8661.0,443.0,52.25,2.67,3.11,1952.0,323.0,11.78,1.95,10.06,4968.0,404.0,29.97,2.44,4.94,284.0,94.0,1.71,0.57,20.12,617.0,149.0,3.72,0.9,14.68,17014.0,512.0,48.48,1.46,1.83,33.0,99.0,0.19,0.58,182.37,955.0,214.0,5.61,1.26,13.62,706.0,172.0,4.15,1.01,14.81,688.0,158.0,4.04,0.93,13.96,2003.0,281.0,11.77,1.65,8.53,1071.0,208.0,6.29,1.22,11.81,531.0,146.0,3.12,0.86,16.71,1973.0,301.0,11.6,1.77,9.27,1948.0,269.0,11.45,1.58,8.39,4362.0,386.0,25.64,2.27,5.38,1130.0,197.0,6.64,1.16,10.6,858.0,201.0,5.04,1.18,14.24,756.0,167.0,4.44,0.98,13.43,608.0,160.0,4.38,1.15,16.0,504.0,151.0,3.63,1.09,18.21,1212.0,223.0,8.73,1.61,11.19,1021.0,229.0,7.36,1.65,13.63,1446.0,223.0,10.42,1.61,9.37,2546.0,297.0,18.34,2.14,7.09,1567.0,230.0,11.29,1.66,8.92,2545.0,307.0,18.34,2.21,7.33,1352.0,218.0,9.74,1.57,9.8,1081.0,192.0,7.79,1.38,10.8,10910.0,296.0,78.61,2.13,1.65,4542.0,322.0,32.73,2.32,4.31,2344.0,254.0,16.89,1.83,6.59,622.0,147.0,4.48,1.06,14.37,228.0,86.0,1.64,0.62,22.93,1206.0,240.0,8.69,1.73,12.1,32257.0,439.0,91.94,1.25,0.83,24462.0,853.0,69.72,2.43,2.12,11241.0,821.0,32.04,2.34,4.44,2829.0,439.0,8.06,1.25,9.43,17008.0,432.0,48.46,1.23,1.54,18089.0,432.0,51.54,1.23,1.45,1778.0,284.0,5.07,0.81,9.71,1811.0,260.0,5.16,0.74,8.73,1884.0,267.0,5.37,0.76,8.62,1716.0,253.0,4.89,0.72,8.96,1792.0,249.0,5.11,0.71,8.45,4052.0,470.0,11.55,1.34,7.05,4869.0,411.0,13.87,1.17,5.13,5619.0,435.0,16.01,1.24,4.71,2670.0,326.0,7.61,0.93,7.42,2505.0,330.0,7.14,0.94,8.01,3730.0,365.0,10.63,1.04,5.95,1630.0,228.0,4.64,0.65,8.5,1039.0,214.0,2.96,0.61,12.52,28308.0,442.0,80.66,1.26,0.95,6398.0,467.0,18.23,1.33,4.44,14814.0,783.0,42.21,2.23,3.21,1075.0,467.0,3.06,1.33,26.41,38.0,95.0,0.11,0.27,151.98,17433.0,891.0,49.67,2.54,3.11,59.0,109.0,0.17,0.31,112.31,722.0,256.0,2.06,0.73,21.55,962.0,354.0,2.74,1.01,22.37,3056.0,586.0,8.71,1.67,11.66,32041.0,586.0,91.29,1.67,1.11,12823.0,793.0,36.54,2.26,3.76,833.0,305.0,2.37,0.87,22.26,38.0,95.0,0.11,0.27,151.98,17357.0,895.0,49.45,2.55,3.13,53.0,112.0,0.15,0.32,128.46,51.0,105.0,0.15,0.3,125.16,892.0,354.0,2.54,1.01,24.13
11365,11365,11365,15166.0,,100,,,5047.0,453.0,33.28,2.99,5.46,9774.0,893.0,22.67,2.07,5.55,674.0,262.0,6.9,2.68,23.63,614.0,208.0,6.28,2.13,20.59,3561.0,404.0,36.43,4.13,6.9,1512.0,237.0,15.47,2.42,9.53,3410.0,396.0,34.89,4.05,7.06,30841.0,1406.0,71.53,3.26,2.77,2209.0,512.0,7.16,1.66,14.09,1846.0,318.0,5.99,1.03,10.47,7659.0,703.0,24.83,2.28,5.58,11181.0,728.0,36.25,2.36,3.96,34444.0,1535.0,79.88,3.56,2.71,1373.0,282.0,3.99,0.82,12.49,43109.0,9.0,99.98,0.02,0.01,3290.0,444.0,7.63,1.03,8.2,8674.0,910.0,20.12,2.11,6.38,117.0,95.0,1.35,1.09,49.36,28335.0,1388.0,65.72,3.22,2.98,1321.0,315.0,4.66,1.11,14.5,6099.0,496.0,14.15,1.15,4.94,1852.0,254.0,30.36,4.17,8.34,42576.0,1117.0,98.74,2.59,1.59,38511.0,826.0,90.45,1.94,1.3,3470.0,762.0,8.15,1.79,13.35,614.0,366.0,1.44,0.86,36.24,43118.0,,100,,,22516.0,966.0,52.22,2.24,2.61,21681.0,970.0,50.28,2.25,2.72,830.0,233.0,1.92,0.54,17.07,20602.0,1061.0,47.78,2.46,3.13,13561.0,719.0,65.82,3.49,3.22,7041.0,719.0,34.18,3.49,6.21,1519.0,284.0,7.37,1.38,11.37,15124.0,822.0,73.41,3.99,3.3,66.0,74.0,0.32,0.36,68.16,47.0,74.0,0.23,0.36,95.71,3756.0,789.0,18.23,3.83,12.77,86.0,101.0,0.42,0.49,71.39,40175.0,1940.0,93.18,4.5,2.94,14641.0,1169.0,36.44,2.91,4.85,13235.0,1117.0,32.94,2.78,5.13,5101.0,1032.0,12.7,2.57,12.3,35175.0,1544.0,81.58,3.58,2.67,22363.0,735.0,63.58,2.09,2.0,20316.0,686.0,57.76,1.95,2.05,2047.0,412.0,5.82,1.17,12.24,0.0,,0.0,,,12811.0,735.0,36.42,2.09,3.49,,,9.15,1.82,12.24,19674.0,996.0,45.63,2.31,3.08,9301.0,573.0,47.28,2.91,3.75,1952.0,452.0,9.92,2.3,14.08,7169.0,596.0,36.44,3.03,5.05,583.0,203.0,2.96,1.03,21.17,472.0,163.0,2.4,0.83,20.99,20311.0,1000.0,47.11,2.32,2.99,18.0,73.0,0.09,0.36,246.54,1434.0,329.0,7.06,1.62,13.95,629.0,171.0,3.1,0.84,16.53,952.0,382.0,4.69,1.88,24.39,2224.0,427.0,10.95,2.1,11.67,1524.0,321.0,7.5,1.58,12.8,569.0,211.0,2.8,1.04,22.54,2267.0,465.0,11.16,2.29,12.47,2134.0,339.0,10.51,1.67,9.66,4874.0,483.0,24.0,2.38,6.02,1671.0,299.0,8.23,1.47,10.88,1431.0,313.0,7.05,1.54,13.3,596.0,154.0,2.93,0.76,15.71,920.0,235.0,6.07,1.55,15.53,638.0,232.0,4.21,1.53,22.11,1016.0,258.0,6.7,1.7,15.44,1562.0,329.0,10.3,2.17,12.8,1606.0,297.0,10.59,1.96,11.24,2939.0,385.0,19.38,2.54,7.96,1974.0,308.0,13.02,2.03,9.49,2354.0,329.0,15.52,2.17,8.5,1144.0,253.0,7.54,1.67,13.44,1016.0,214.0,6.7,1.41,12.8,12321.0,337.0,81.24,2.22,1.66,4117.0,388.0,27.15,2.56,5.73,2495.0,306.0,16.45,2.02,7.46,503.0,191.0,3.32,1.26,23.08,372.0,141.0,2.45,0.93,23.04,1024.0,223.0,6.75,1.47,13.24,38652.0,716.0,89.66,1.66,1.13,28124.0,1345.0,65.24,3.12,2.91,14276.0,1216.0,33.12,2.82,5.18,4456.0,716.0,10.34,1.66,9.77,20573.0,690.0,47.71,1.6,2.04,22545.0,690.0,52.29,1.6,1.86,2943.0,539.0,6.83,1.25,11.13,2146.0,457.0,4.98,1.06,12.95,2399.0,388.0,5.56,0.9,9.83,1987.0,328.0,4.61,0.76,10.03,2774.0,414.0,6.43,0.96,9.07,5750.0,772.0,13.34,1.79,8.16,5658.0,552.0,13.12,1.28,5.93,7141.0,664.0,16.56,1.54,5.65,3321.0,483.0,7.7,1.12,8.84,2885.0,461.0,6.69,1.07,9.71,3229.0,418.0,7.49,0.97,7.87,1677.0,285.0,3.89,0.66,10.33,1203.0,263.0,2.79,0.61,13.29,34444.0,750.0,79.88,1.74,1.32,6104.0,617.0,14.16,1.43,6.14,15015.0,1289.0,34.82,2.99,5.22,1662.0,535.0,3.85,1.24,19.57,194.0,190.0,0.45,0.44,59.54,20649.0,1436.0,47.89,3.33,4.23,0.0,,0.0,,,4198.0,1371.0,9.74,3.18,19.85,1397.0,517.0,3.24,1.2,22.5,7327.0,1319.0,16.99,3.06,10.94,35790.0,1319.0,83.01,3.06,2.24,12381.0,1112.0,28.71,2.58,5.46,1521.0,526.0,3.53,1.22,21.02,138.0,190.0,0.32,0.44,83.7,20420.0,1457.0,47.36,3.38,4.34,0.0,,0.0,,,505.0,371.0,1.17,0.86,44.66,850.0,349.0,1.97,0.81,24.96
11366,11366,11366,4727.0,,100,,,1536.0,158.0,32.49,3.34,6.25,3380.0,307.0,25.08,2.28,5.52,220.0,104.0,6.51,3.08,28.74,141.0,69.0,4.17,2.03,29.75,1123.0,160.0,33.23,4.73,8.66,571.0,115.0,16.89,3.4,12.24,1326.0,179.0,39.23,5.29,8.21,9408.0,392.0,69.81,2.91,2.53,509.0,153.0,5.41,1.63,18.27,574.0,126.0,6.1,1.34,13.34,2071.0,261.0,22.01,2.77,7.66,4331.0,296.0,46.04,3.15,4.15,10741.0,593.0,79.71,4.4,3.36,322.0,92.0,3.0,0.86,17.37,13343.0,42.0,99.01,0.31,0.19,1153.0,177.0,8.64,1.33,9.33,2735.0,294.0,20.3,2.18,6.53,60.0,58.0,2.19,2.11,58.76,8375.0,292.0,62.15,2.17,2.12,535.0,128.0,6.39,1.53,14.54,2237.0,187.0,16.6,1.39,5.08,557.0,97.0,24.9,4.34,10.59,13312.0,686.0,98.78,5.09,3.13,12143.0,285.0,91.22,2.14,1.43,1066.0,281.0,8.01,2.11,16.02,105.0,81.0,0.79,0.61,46.9,13476.0,,100,,,6770.0,410.0,50.24,3.04,3.68,6593.0,416.0,48.92,3.09,3.84,177.0,102.0,1.31,0.76,35.03,6706.0,423.0,49.76,3.14,3.83,4862.0,345.0,72.51,5.14,4.31,1844.0,345.0,27.5,5.14,11.37,983.0,200.0,14.66,2.99,12.37,4746.0,286.0,70.78,4.27,3.66,126.0,114.0,1.88,1.7,55.0,0.0,,0.0,,,838.0,228.0,12.5,3.4,16.54,11.0,56.0,0.16,0.84,309.48,12629.0,753.0,93.72,5.59,3.62,4635.0,489.0,36.7,3.87,6.41,3574.0,414.0,28.3,3.28,7.04,885.0,253.0,7.01,2.0,17.38,11074.0,620.0,82.18,4.6,3.4,6521.0,291.0,58.89,2.63,2.71,5916.0,278.0,53.42,2.51,2.86,602.0,135.0,5.44,1.22,13.63,0.0,,0.0,,,4552.0,291.0,41.11,2.63,3.89,,,9.23,2.03,13.63,5774.0,268.0,42.85,1.99,2.82,2685.0,208.0,46.5,3.6,4.71,503.0,126.0,8.71,2.19,15.23,2110.0,223.0,36.54,3.86,6.42,201.0,88.0,3.48,1.52,26.61,218.0,88.0,3.78,1.52,24.54,5920.0,265.0,43.93,1.97,2.72,11.0,56.0,0.19,0.94,309.48,347.0,108.0,5.86,1.83,18.92,157.0,52.0,2.65,0.88,20.13,222.0,82.0,3.75,1.39,22.45,486.0,124.0,8.21,2.09,15.51,263.0,89.0,4.44,1.51,20.57,126.0,53.0,2.13,0.89,25.57,830.0,150.0,14.02,2.54,10.99,631.0,127.0,10.66,2.14,12.24,1510.0,175.0,25.51,2.96,7.05,646.0,140.0,10.91,2.37,13.17,485.0,165.0,8.19,2.79,20.68,207.0,81.0,3.5,1.37,23.79,287.0,86.0,6.07,1.82,18.22,128.0,56.0,2.71,1.18,26.6,350.0,97.0,7.4,2.06,16.85,261.0,81.0,5.52,1.72,18.87,537.0,139.0,11.36,2.94,15.74,698.0,130.0,14.77,2.75,11.32,529.0,116.0,11.19,2.46,13.33,869.0,141.0,18.38,2.99,9.86,459.0,110.0,9.71,2.32,14.57,610.0,130.0,12.9,2.75,12.96,3747.0,143.0,79.27,3.02,2.32,1668.0,170.0,35.29,3.59,6.2,894.0,138.0,18.91,2.91,9.38,212.0,77.0,4.48,1.62,22.08,171.0,78.0,3.62,1.66,27.73,405.0,103.0,8.57,2.17,15.46,12636.0,205.0,94.7,1.54,0.99,9253.0,496.0,69.35,3.72,3.26,5082.0,483.0,38.09,3.62,5.78,707.0,205.0,5.3,1.54,17.63,6496.0,255.0,48.2,1.89,2.39,6980.0,255.0,51.8,1.89,2.22,847.0,193.0,6.29,1.43,13.85,763.0,164.0,5.66,1.22,13.07,672.0,132.0,4.99,0.98,11.94,739.0,189.0,5.48,1.4,15.55,1048.0,212.0,7.78,1.57,12.3,1626.0,253.0,12.07,1.88,9.46,1784.0,194.0,13.24,1.44,6.61,1834.0,241.0,13.61,1.79,7.99,937.0,167.0,6.95,1.24,10.83,912.0,155.0,6.77,1.15,10.33,1320.0,166.0,9.8,1.23,7.64,662.0,137.0,4.91,1.02,12.58,343.0,111.0,2.55,0.82,19.67,10741.0,257.0,79.71,1.91,1.45,2322.0,236.0,17.23,1.75,6.18,6538.0,536.0,48.52,3.98,4.98,663.0,253.0,4.92,1.88,23.2,6.0,58.0,0.04,0.43,587.64,5526.0,570.0,41.01,4.23,6.27,0.0,,0.0,,,356.0,208.0,2.64,1.54,35.52,387.0,245.0,2.87,1.82,38.48,1180.0,296.0,8.76,2.2,15.25,12296.0,296.0,91.24,2.2,1.46,5783.0,528.0,42.91,3.92,5.55,597.0,245.0,4.43,1.82,24.95,5.0,58.0,0.04,0.43,705.17,5520.0,570.0,40.96,4.23,6.28,0.0,,0.0,,,14.0,51.0,0.1,0.38,221.45,380.0,245.0,2.82,1.82,39.19
11367,11367,11367,16788.0,,100,,,5404.0,430.0,32.19,2.56,4.84,12204.0,921.0,27.04,2.04,4.59,1044.0,249.0,8.55,2.04,14.5,470.0,177.0,3.85,1.45,22.89,4017.0,460.0,32.92,3.77,6.96,1958.0,311.0,16.04,2.55,9.66,4715.0,445.0,38.63,3.65,5.74,29702.0,1412.0,65.82,3.13,2.89,2338.0,425.0,7.87,1.43,11.05,1896.0,342.0,6.38,1.15,10.97,7585.0,633.0,25.54,2.13,5.07,11441.0,665.0,38.52,2.24,3.53,34541.0,1719.0,76.54,3.81,3.03,921.0,245.0,2.67,0.71,16.17,45067.0,131.0,99.87,0.29,0.18,3870.0,496.0,8.59,1.1,7.79,10544.0,916.0,23.37,2.03,5.28,217.0,124.0,2.06,1.18,34.74,28260.0,704.0,62.62,1.56,1.51,1807.0,367.0,6.39,1.3,12.35,6254.0,429.0,13.86,0.95,4.17,1847.0,252.0,29.53,4.03,8.29,44015.0,1949.0,97.54,4.32,2.69,40338.0,568.0,91.65,1.29,0.86,3418.0,555.0,7.77,1.26,9.87,270.0,110.0,0.61,0.25,24.77,45127.0,,100,,,27474.0,957.0,60.88,2.12,2.12,26255.0,988.0,58.18,2.19,2.29,1199.0,320.0,2.66,0.71,16.22,17652.0,952.0,39.12,2.11,3.28,12178.0,583.0,68.99,3.3,2.91,5475.0,583.0,31.02,3.3,6.47,2888.0,461.0,16.36,2.61,9.7,10415.0,743.0,59.0,4.21,4.34,542.0,245.0,3.07,1.39,27.48,6.0,90.0,0.03,0.51,911.85,3655.0,644.0,20.71,3.65,10.71,150.0,90.0,0.85,0.51,36.47,41005.0,1931.0,90.87,4.28,2.86,17673.0,1136.0,43.1,2.77,3.91,10890.0,886.0,26.56,2.16,4.95,5647.0,972.0,13.77,2.37,10.46,35428.0,1751.0,78.51,3.88,3.0,21622.0,652.0,61.03,1.84,1.83,20073.0,659.0,56.66,1.86,2.0,1515.0,294.0,4.28,0.83,11.8,42.0,96.0,0.12,0.27,138.95,13806.0,652.0,38.97,1.84,2.87,,,7.01,1.34,11.8,19348.0,605.0,42.87,1.34,1.9,7678.0,528.0,39.68,2.73,4.18,1695.0,354.0,8.76,1.83,12.7,7994.0,569.0,41.32,2.94,4.33,1395.0,341.0,7.21,1.76,14.86,365.0,110.0,1.89,0.57,18.32,20079.0,582.0,44.49,1.29,1.76,28.0,94.0,0.14,0.47,204.08,969.0,275.0,4.83,1.37,17.25,743.0,197.0,3.7,0.98,16.12,549.0,155.0,2.73,0.77,17.16,1665.0,281.0,8.29,1.4,10.26,1069.0,273.0,5.32,1.36,15.52,281.0,110.0,1.4,0.55,23.8,1773.0,301.0,8.83,1.5,10.32,2269.0,357.0,11.3,1.78,9.56,6468.0,518.0,32.21,2.58,4.87,1923.0,343.0,9.58,1.71,10.84,1146.0,281.0,5.71,1.4,14.91,1185.0,281.0,5.9,1.4,14.42,1359.0,230.0,8.1,1.37,10.29,968.0,238.0,5.77,1.42,14.95,1786.0,319.0,10.64,1.9,10.86,1615.0,279.0,9.62,1.66,10.5,1812.0,297.0,10.79,1.77,9.96,2845.0,368.0,16.95,2.19,7.86,2034.0,295.0,12.12,1.76,8.82,2448.0,336.0,14.58,2.0,8.34,1329.0,257.0,7.92,1.53,11.76,594.0,143.0,3.54,0.85,14.63,13205.0,359.0,78.66,2.14,1.65,4549.0,389.0,27.1,2.32,5.2,2283.0,297.0,13.6,1.77,7.91,1038.0,227.0,6.18,1.35,13.29,769.0,196.0,4.58,1.17,15.49,2491.0,321.0,14.84,1.91,7.83,41756.0,536.0,92.65,1.19,0.78,28640.0,1230.0,63.55,2.73,2.61,16587.0,1172.0,36.81,2.6,4.3,3311.0,536.0,7.35,1.19,9.84,21277.0,713.0,47.15,1.58,2.04,23849.0,713.0,52.85,1.58,1.82,4122.0,546.0,9.13,1.21,8.05,3007.0,456.0,6.66,1.01,9.22,2199.0,411.0,4.87,0.91,11.36,2562.0,370.0,5.68,0.82,8.78,3537.0,474.0,7.84,1.05,8.15,7037.0,668.0,15.59,1.48,5.77,5591.0,573.0,12.39,1.27,6.23,4475.0,478.0,9.92,1.06,6.49,3120.0,438.0,6.91,0.97,8.53,3197.0,406.0,7.08,0.9,7.72,3826.0,469.0,8.48,1.04,7.45,1644.0,275.0,3.64,0.61,10.17,791.0,185.0,1.75,0.41,14.22,34583.0,754.0,76.64,1.67,1.33,6262.0,569.0,13.88,1.26,5.52,25732.0,1349.0,57.02,2.99,3.19,4867.0,803.0,10.79,1.78,10.03,104.0,108.0,0.23,0.24,63.13,10691.0,1097.0,23.69,2.43,6.24,0.0,,0.0,,,1766.0,614.0,3.91,1.36,21.14,1955.0,636.0,4.33,1.41,19.78,7556.0,1038.0,16.74,2.3,8.35,37571.0,1038.0,83.26,2.3,1.68,21232.0,1173.0,47.05,2.6,3.36,4339.0,745.0,9.62,1.65,10.44,64.0,104.0,0.14,0.23,98.78,10633.0,1101.0,23.56,2.44,6.29,0.0,,0.0,,,1.0,90.0,0.0,0.2,5471.12,1310.0,505.0,2.9,1.12,23.43
11368,11368,11368,29466.0,,100,,,14315.0,592.0,48.58,2.01,2.51,28597.0,1267.0,25.28,1.12,2.69,1980.0,335.0,6.92,1.17,10.29,2025.0,340.0,7.08,1.19,10.21,12771.0,626.0,44.66,2.19,2.98,5336.0,489.0,18.66,1.71,5.57,6484.0,581.0,22.67,2.03,5.45,71701.0,2070.0,63.39,1.83,1.76,19732.0,1040.0,27.52,1.45,3.2,8678.0,674.0,12.1,0.94,4.72,22875.0,1126.0,31.9,1.57,2.99,8342.0,774.0,11.63,1.08,5.64,83058.0,2760.0,73.43,2.44,2.02,681.0,174.0,0.82,0.21,15.53,112713.0,475.0,99.64,0.42,0.26,11335.0,913.0,10.06,0.81,4.9,30059.0,1471.0,26.57,1.3,2.97,1262.0,337.0,4.2,1.12,16.23,73316.0,1697.0,64.81,1.5,1.41,5924.0,645.0,8.08,0.88,6.62,9338.0,679.0,8.26,0.6,4.42,4151.0,368.0,44.45,3.94,5.39,111200.0,3936.0,98.3,3.48,2.15,102384.0,1434.0,92.07,1.29,0.85,7715.0,1401.0,6.94,1.26,11.04,1090.0,334.0,0.98,0.3,18.63,113118.0,,100,,,45932.0,1471.0,40.61,1.3,1.95,44058.0,1414.0,38.95,1.25,1.95,1862.0,396.0,1.65,0.35,12.93,67185.0,1403.0,59.39,1.24,1.27,22201.0,1277.0,33.04,1.9,3.5,44984.0,1277.0,66.96,1.9,1.73,1269.0,450.0,1.89,0.67,21.56,9233.0,1008.0,13.74,1.5,6.64,2424.0,665.0,3.61,0.99,16.68,86.0,195.0,0.13,0.29,137.84,54171.0,1095.0,80.63,1.63,1.23,5.0,128.0,0.01,0.19,1556.23,102680.0,3767.0,90.77,3.33,2.23,13505.0,1407.0,13.15,1.37,6.33,54621.0,1448.0,53.2,1.41,1.61,72932.0,1704.0,71.03,1.66,1.42,85515.0,3145.0,75.6,2.78,2.24,57068.0,1069.0,66.73,1.25,1.14,53538.0,1086.0,62.61,1.27,1.23,3524.0,445.0,4.12,0.52,7.68,0.0,,0.0,,,28447.0,1069.0,33.27,1.25,2.28,,,6.18,0.77,7.68,51954.0,1222.0,45.93,1.08,1.43,7731.0,727.0,14.88,1.4,5.72,2711.0,410.0,5.22,0.79,9.19,35042.0,987.0,67.45,1.9,1.71,4797.0,618.0,9.23,1.19,7.83,584.0,229.0,1.12,0.44,23.84,53535.0,1176.0,47.33,1.04,1.34,92.0,139.0,0.17,0.26,91.85,7198.0,680.0,13.45,1.27,5.74,2867.0,439.0,5.36,0.82,9.31,1330.0,305.0,2.48,0.57,13.94,6173.0,637.0,11.53,1.19,6.27,3309.0,482.0,6.18,0.9,8.85,666.0,198.0,1.24,0.37,18.07,1896.0,327.0,3.54,0.61,10.48,4194.0,530.0,7.83,0.99,7.68,7429.0,685.0,13.88,1.28,5.61,11708.0,867.0,21.87,1.62,4.5,5404.0,616.0,10.09,1.15,6.93,1257.0,305.0,2.35,0.57,14.75,2266.0,371.0,7.69,1.26,9.95,1287.0,236.0,4.37,0.8,11.15,3657.0,442.0,12.41,1.5,7.35,3849.0,448.0,13.06,1.52,7.08,4906.0,498.0,16.65,1.69,6.17,5506.0,572.0,18.69,1.94,6.32,3489.0,395.0,11.84,1.34,6.88,3337.0,407.0,11.32,1.38,7.41,773.0,180.0,2.62,0.61,14.16,388.0,127.0,1.32,0.43,19.9,25156.0,451.0,85.37,1.53,1.09,6366.0,498.0,21.6,1.69,4.76,2775.0,374.0,9.42,1.27,8.19,2187.0,368.0,7.42,1.25,10.23,1777.0,348.0,6.03,1.18,11.9,8602.0,578.0,29.19,1.96,4.08,79255.0,1533.0,70.32,1.36,1.18,37057.0,1882.0,32.88,1.67,3.09,51661.0,1747.0,45.83,1.55,2.06,33458.0,1533.0,29.68,1.36,2.79,60613.0,1165.0,53.58,1.03,1.17,52505.0,1165.0,46.42,1.03,1.35,10438.0,814.0,9.23,0.72,4.74,8218.0,656.0,7.27,0.58,4.85,7443.0,600.0,6.58,0.53,4.9,6362.0,554.0,5.62,0.49,5.29,8947.0,792.0,7.91,0.7,5.38,21703.0,1165.0,19.19,1.03,3.26,18740.0,1086.0,16.57,0.96,3.52,12124.0,826.0,10.72,0.73,4.14,5326.0,622.0,4.71,0.55,7.1,4174.0,509.0,3.69,0.45,7.41,5569.0,600.0,4.92,0.53,6.55,2838.0,419.0,2.51,0.37,8.98,1220.0,260.0,1.08,0.23,12.96,83058.0,1210.0,73.43,1.07,0.89,9616.0,792.0,8.5,0.7,5.01,47228.0,2545.0,41.75,2.25,3.28,13663.0,1391.0,12.08,1.23,6.19,1094.0,543.0,0.97,0.48,30.17,12838.0,1335.0,11.35,1.18,6.32,0.0,,0.0,,,35614.0,2319.0,31.48,2.05,3.96,2708.0,747.0,2.39,0.66,16.77,83979.0,1923.0,74.24,1.7,1.39,29138.0,1923.0,25.76,1.7,4.01,4534.0,928.0,4.01,0.82,12.44,11323.0,1267.0,10.01,1.12,6.8,247.0,226.0,0.22,0.2,55.62,12201.0,1278.0,10.79,1.13,6.37,0.0,,0.0,,,378.0,238.0,0.33,0.21,38.28,482.0,283.0,0.43,0.25,35.69
11369,11369,"11369, 11371",10724.0,,100,,,4076.0,263.0,38.01,2.45,3.92,9192.0,621.0,25.32,1.71,4.11,370.0,111.0,4.03,1.21,18.24,465.0,130.0,5.06,1.41,17.0,3126.0,283.0,34.01,3.08,5.5,1926.0,213.0,20.95,2.32,6.72,3304.0,265.0,35.94,2.88,4.88,24579.0,1111.0,67.71,3.06,2.75,3616.0,349.0,14.71,1.42,5.87,2074.0,241.0,8.44,0.98,7.06,9235.0,467.0,37.57,1.9,3.07,4471.0,364.0,18.19,1.48,4.95,28643.0,1358.0,78.91,3.74,2.88,553.0,120.0,1.93,0.42,13.19,35946.0,240.0,99.03,0.66,0.41,2996.0,316.0,8.33,0.88,6.41,7655.0,563.0,21.09,1.55,4.47,160.0,88.0,2.09,1.15,33.43,23810.0,472.0,65.6,1.3,1.21,1492.0,219.0,6.27,0.92,8.92,4486.0,319.0,12.36,0.88,4.32,1346.0,169.0,30.01,3.77,7.63,35872.0,1401.0,98.83,3.86,2.37,33109.0,520.0,92.3,1.45,0.95,2390.0,474.0,6.66,1.32,12.06,373.0,179.0,1.04,0.5,29.17,36298.0,,100,,,15834.0,668.0,43.62,1.84,2.56,15123.0,672.0,41.66,1.85,2.7,702.0,192.0,1.93,0.53,16.63,20464.0,701.0,56.38,1.93,2.08,10544.0,553.0,51.53,2.7,3.19,9919.0,553.0,48.47,2.7,3.39,454.0,143.0,2.22,0.7,19.15,3728.0,524.0,18.22,2.56,8.54,259.0,113.0,1.27,0.55,26.52,0.0,,0.0,,,15970.0,532.0,78.04,2.6,2.03,47.0,92.0,0.23,0.45,118.99,33948.0,1267.0,93.53,3.49,2.27,8194.0,686.0,24.14,2.02,5.09,12994.0,655.0,38.28,1.93,3.06,20291.0,862.0,59.77,2.54,2.58,29587.0,1314.0,81.51,3.62,2.7,18019.0,473.0,60.9,1.6,1.6,16561.0,479.0,55.97,1.62,1.76,1457.0,234.0,4.92,0.79,9.76,0.0,,0.0,,,11568.0,473.0,39.1,1.6,2.49,,,8.09,1.28,9.76,15917.0,468.0,43.85,1.29,1.79,3859.0,333.0,24.24,2.09,5.25,1311.0,229.0,8.24,1.44,10.62,8961.0,390.0,56.3,2.45,2.65,1017.0,186.0,6.39,1.17,11.12,277.0,96.0,1.74,0.6,21.07,16564.0,454.0,45.63,1.25,1.67,16.0,101.0,0.1,0.61,383.74,1669.0,242.0,10.08,1.46,8.81,854.0,157.0,5.16,0.95,11.18,372.0,124.0,2.25,0.75,20.26,1682.0,222.0,10.15,1.34,8.02,1605.0,220.0,9.69,1.33,8.33,308.0,128.0,1.86,0.77,25.26,803.0,164.0,4.85,0.99,12.42,1788.0,230.0,10.79,1.39,7.82,3453.0,287.0,20.85,1.73,5.05,2394.0,273.0,14.45,1.65,6.93,1154.0,200.0,6.97,1.21,10.54,468.0,126.0,2.83,0.76,16.37,838.0,157.0,7.81,1.46,11.39,383.0,113.0,3.57,1.05,17.94,1211.0,178.0,11.29,1.66,8.94,1277.0,195.0,11.91,1.82,9.28,1586.0,208.0,14.79,1.94,7.97,1845.0,224.0,17.2,2.09,7.38,1457.0,192.0,13.59,1.79,8.01,1356.0,177.0,12.64,1.65,7.94,545.0,125.0,5.08,1.17,13.94,222.0,79.0,2.07,0.74,21.63,8859.0,209.0,82.61,1.95,1.43,2922.0,218.0,27.25,2.03,4.54,1480.0,172.0,13.8,1.6,7.06,769.0,142.0,7.17,1.32,11.23,268.0,77.0,2.5,0.72,17.47,1839.0,205.0,17.15,1.91,6.78,28871.0,625.0,80.32,1.74,1.32,16034.0,845.0,44.61,2.35,3.2,15793.0,776.0,43.93,2.16,2.99,7075.0,625.0,19.68,1.74,5.37,17972.0,486.0,49.51,1.34,1.64,18326.0,486.0,50.49,1.34,1.61,2349.0,305.0,6.47,0.84,7.89,1901.0,254.0,5.24,0.7,8.12,1918.0,254.0,5.28,0.7,8.05,2338.0,283.0,6.44,0.78,7.36,3205.0,345.0,8.83,0.95,6.54,5879.0,465.0,16.2,1.28,4.81,4805.0,367.0,13.24,1.01,4.64,5073.0,407.0,13.98,1.12,4.88,2224.0,283.0,6.13,0.78,7.74,1824.0,229.0,5.03,0.63,7.63,2654.0,319.0,7.31,0.88,7.31,1494.0,221.0,4.12,0.61,8.99,639.0,131.0,1.76,0.36,12.46,28643.0,476.0,78.91,1.31,1.01,4791.0,407.0,13.2,1.12,5.16,9039.0,820.0,24.9,2.26,5.51,5893.0,661.0,16.24,1.82,6.82,55.0,98.0,0.15,0.27,108.32,4854.0,672.0,13.37,1.85,8.42,0.0,,0.0,,,15147.0,1016.0,41.73,2.8,4.08,1311.0,309.0,3.61,0.85,14.33,22956.0,929.0,63.24,2.56,2.46,13342.0,929.0,36.76,2.56,4.23,2462.0,385.0,6.78,1.06,9.51,5499.0,650.0,15.15,1.79,7.19,40.0,105.0,0.11,0.29,159.57,4823.0,672.0,13.29,1.85,8.47,0.0,,0.0,,,182.0,163.0,0.5,0.45,54.44,330.0,149.0,0.91,0.41,27.45
11370,11370,11370,9558.0,,100,,,3324.0,283.0,34.78,2.96,5.18,7165.0,505.0,24.83,1.75,4.28,379.0,145.0,5.29,2.02,23.26,261.0,112.0,3.64,1.57,26.09,2514.0,289.0,35.09,4.04,6.99,1412.0,173.0,19.71,2.41,7.45,2599.0,315.0,36.28,4.39,7.37,20278.0,669.0,70.27,2.32,2.01,2176.0,339.0,10.73,1.67,9.47,1594.0,266.0,7.86,1.31,10.14,6885.0,509.0,33.95,2.51,4.49,5310.0,487.0,26.19,2.4,5.58,23188.0,805.0,80.36,2.79,2.11,412.0,109.0,1.78,0.47,16.08,28839.0,46.0,99.94,0.16,0.1,2357.0,355.0,8.17,1.23,9.16,5668.0,482.0,19.64,1.67,5.17,196.0,137.0,3.46,2.41,42.49,19065.0,583.0,66.07,2.02,1.86,1013.0,221.0,5.31,1.16,13.26,4099.0,372.0,14.2,1.29,5.52,1152.0,180.0,28.1,4.39,9.5,28615.0,1362.0,99.16,4.72,2.89,26769.0,452.0,93.55,1.58,1.03,1705.0,441.0,5.96,1.54,15.72,147.0,86.0,0.51,0.3,35.56,28857.0,,100,,,13354.0,664.0,46.28,2.3,3.02,12869.0,644.0,44.6,2.23,3.04,473.0,139.0,1.64,0.48,17.86,15503.0,661.0,53.72,2.29,2.59,9931.0,457.0,64.06,2.95,2.8,5572.0,457.0,35.94,2.95,4.99,2235.0,332.0,14.42,2.14,9.03,5961.0,609.0,38.45,3.93,6.21,255.0,130.0,1.64,0.84,30.99,15.0,62.0,0.1,0.4,251.27,7027.0,600.0,45.33,3.87,5.19,9.0,65.0,0.06,0.42,439.04,27214.0,1198.0,94.31,4.15,2.68,5799.0,618.0,21.31,2.27,6.48,9703.0,604.0,35.65,2.22,3.78,10164.0,912.0,37.35,3.35,5.45,23874.0,851.0,82.73,2.95,2.17,14814.0,501.0,62.05,2.1,2.06,13692.0,520.0,57.35,2.18,2.31,1113.0,244.0,4.66,1.02,13.33,0.0,,0.0,,,9059.0,501.0,37.95,2.1,3.36,,,7.51,1.63,13.33,13236.0,586.0,45.87,2.03,2.69,4228.0,390.0,31.94,2.95,5.61,941.0,205.0,7.11,1.55,13.24,6956.0,421.0,52.55,3.18,3.68,634.0,180.0,4.79,1.36,17.26,264.0,127.0,1.99,0.96,29.24,13695.0,560.0,47.46,1.94,2.49,11.0,66.0,0.08,0.48,364.74,997.0,197.0,7.28,1.44,12.01,602.0,182.0,4.4,1.33,18.38,427.0,140.0,3.12,1.02,19.93,1850.0,294.0,13.51,2.15,9.66,1262.0,238.0,9.22,1.74,11.46,146.0,99.0,1.07,0.72,41.22,986.0,207.0,7.2,1.51,12.76,1196.0,244.0,8.73,1.78,12.4,2801.0,334.0,20.45,2.44,7.25,2011.0,294.0,14.68,2.15,8.89,820.0,192.0,5.99,1.4,14.23,591.0,167.0,4.32,1.22,17.18,630.0,151.0,6.59,1.58,14.57,441.0,172.0,4.61,1.8,23.71,981.0,198.0,10.26,2.07,12.27,991.0,201.0,10.37,2.1,12.33,1233.0,220.0,12.9,2.3,10.85,1649.0,254.0,17.25,2.66,9.36,1317.0,218.0,13.78,2.28,10.06,1342.0,224.0,14.04,2.34,10.15,656.0,166.0,6.86,1.74,15.38,320.0,114.0,3.35,1.19,21.66,7874.0,242.0,82.38,2.53,1.87,2540.0,275.0,26.57,2.88,6.58,1178.0,203.0,12.32,2.12,10.48,473.0,127.0,4.95,1.33,16.32,330.0,160.0,3.45,1.67,29.47,1168.0,220.0,12.22,2.3,11.45,25411.0,496.0,88.11,1.72,1.19,15204.0,831.0,52.72,2.88,3.32,12743.0,831.0,44.19,2.88,3.96,3427.0,496.0,11.88,1.72,8.8,14701.0,433.0,50.94,1.5,1.79,14155.0,433.0,49.05,1.5,1.86,1643.0,291.0,5.69,1.01,10.77,1338.0,245.0,4.64,0.85,11.13,1594.0,242.0,5.52,0.84,9.23,1725.0,242.0,5.98,0.84,8.53,2259.0,343.0,7.83,1.19,9.23,4088.0,465.0,14.17,1.61,6.91,4243.0,493.0,14.7,1.71,7.06,4262.0,436.0,14.77,1.51,6.22,1970.0,306.0,6.83,1.06,9.44,1601.0,309.0,5.55,1.07,11.73,1935.0,286.0,6.71,0.99,8.99,1599.0,260.0,5.54,0.9,9.88,575.0,159.0,1.99,0.55,16.81,23188.0,450.0,80.36,1.56,1.18,4105.0,424.0,14.23,1.47,6.28,13389.0,909.0,46.4,3.15,4.13,475.0,185.0,1.65,0.64,23.68,251.0,150.0,0.87,0.52,36.33,8426.0,895.0,29.2,3.1,6.46,0.0,,0.0,,,5693.0,848.0,19.73,2.94,9.06,607.0,216.0,2.1,0.75,21.63,11445.0,958.0,39.66,3.32,5.09,17412.0,958.0,60.34,3.32,3.34,8007.0,742.0,27.75,2.57,5.63,416.0,179.0,1.44,0.62,26.16,52.0,75.0,0.18,0.26,87.68,8397.0,895.0,29.1,3.1,6.48,0.0,,0.0,,,83.0,107.0,0.29,0.37,78.37,450.0,211.0,1.56,0.73,28.5
11372,11372,11372,24665.0,,100,,,6840.0,533.0,27.73,2.16,4.74,13819.0,980.0,21.44,1.52,4.31,900.0,272.0,6.51,1.97,18.37,824.0,272.0,5.96,1.97,20.07,4906.0,510.0,35.5,3.69,6.32,2394.0,386.0,17.32,2.79,9.8,4789.0,506.0,34.65,3.66,6.42,47867.0,2243.0,74.26,3.48,2.85,6789.0,809.0,14.18,1.69,7.24,5286.0,670.0,11.04,1.4,7.71,12971.0,981.0,27.1,2.05,4.6,13571.0,909.0,28.35,1.9,4.07,52897.0,2217.0,82.06,3.44,2.55,870.0,217.0,1.64,0.41,15.16,64201.0,193.0,99.6,0.3,0.18,5187.0,603.0,8.08,0.94,7.07,11562.0,1018.0,17.94,1.58,5.35,262.0,134.0,2.27,1.16,31.09,43780.0,1257.0,67.92,1.95,1.75,2149.0,377.0,4.91,0.86,10.66,8859.0,612.0,13.74,0.95,4.2,2778.0,367.0,31.36,4.14,8.03,63851.0,2591.0,99.06,4.02,2.47,59166.0,856.0,92.66,1.34,0.88,3886.0,785.0,6.09,1.23,12.28,792.0,332.0,1.24,0.52,25.48,64460.0,,100,,,25529.0,1244.0,39.6,1.93,2.96,24054.0,1193.0,37.32,1.85,3.01,1464.0,361.0,2.27,0.56,14.99,38931.0,1289.0,60.4,2.0,2.01,15413.0,1067.0,39.59,2.74,4.21,23518.0,1067.0,60.41,2.74,2.76,2937.0,498.0,7.54,1.28,10.31,10130.0,934.0,26.02,2.4,5.6,401.0,249.0,1.03,0.64,37.75,114.0,187.0,0.29,0.48,99.72,25208.0,997.0,64.75,2.56,2.4,123.0,125.0,0.32,0.32,61.78,60793.0,2785.0,94.31,4.32,2.78,11687.0,954.0,19.22,1.57,4.96,26685.0,1252.0,43.89,2.06,2.85,33935.0,1392.0,55.82,2.29,2.49,53895.0,2269.0,83.61,3.52,2.56,35352.0,1002.0,65.59,1.86,1.72,33475.0,997.0,62.11,1.85,1.81,1862.0,366.0,3.45,0.68,11.95,0.0,,0.0,,,18542.0,1002.0,34.4,1.86,3.29,,,5.27,1.02,11.95,32921.0,935.0,51.07,1.45,1.73,5203.0,675.0,15.8,2.05,7.89,1613.0,408.0,4.9,1.24,15.38,22669.0,899.0,68.86,2.73,2.41,2378.0,454.0,7.22,1.38,11.61,541.0,188.0,1.64,0.57,21.12,33476.0,1212.0,51.93,1.88,2.2,15.0,94.0,0.04,0.28,380.95,2355.0,479.0,7.03,1.43,12.36,1392.0,372.0,4.16,1.11,16.25,819.0,238.0,2.45,0.71,17.67,3358.0,556.0,10.03,1.66,10.07,2726.0,485.0,8.14,1.45,10.82,826.0,268.0,2.47,0.8,19.72,2256.0,405.0,6.74,1.21,10.91,4297.0,596.0,12.84,1.78,8.43,6065.0,609.0,18.12,1.82,6.1,6246.0,763.0,18.66,2.28,7.43,2007.0,375.0,6.0,1.12,11.36,1136.0,311.0,3.39,0.93,16.64,1204.0,249.0,4.88,1.01,12.57,1210.0,271.0,4.91,1.1,13.62,3063.0,446.0,12.42,1.81,8.85,3100.0,444.0,12.57,1.8,8.71,3060.0,439.0,12.41,1.78,8.72,5731.0,592.0,23.24,2.4,6.28,2976.0,424.0,12.07,1.72,8.66,2583.0,382.0,10.47,1.55,8.99,921.0,229.0,3.73,0.93,15.12,812.0,200.0,3.29,0.81,14.97,20187.0,444.0,81.84,1.8,1.34,6333.0,523.0,25.68,2.12,5.02,3343.0,392.0,13.55,1.59,7.13,1015.0,229.0,4.12,0.93,13.72,1406.0,335.0,5.7,1.36,14.48,3591.0,456.0,14.56,1.85,7.72,51422.0,1168.0,80.1,1.82,1.38,29245.0,1599.0,45.55,2.49,3.32,27300.0,1425.0,42.52,2.22,3.17,12779.0,1168.0,19.9,1.82,5.56,32182.0,902.0,49.93,1.4,1.7,32278.0,902.0,50.07,1.4,1.7,3667.0,587.0,5.69,0.91,9.73,3331.0,503.0,5.17,0.78,9.18,3051.0,464.0,4.73,0.72,9.25,2744.0,432.0,4.26,0.67,9.57,3784.0,509.0,5.87,0.79,8.18,11676.0,999.0,18.11,1.55,5.2,9757.0,857.0,15.14,1.33,5.34,9978.0,922.0,15.48,1.43,5.62,3765.0,516.0,5.84,0.8,8.33,3600.0,516.0,5.58,0.8,8.71,5798.0,580.0,8.99,0.9,6.08,2179.0,367.0,3.38,0.57,10.24,1127.0,264.0,1.75,0.41,14.24,52897.0,864.0,82.06,1.34,0.99,9106.0,735.0,14.13,1.14,4.91,39322.0,1798.0,61.0,2.79,2.78,1594.0,522.0,2.47,0.81,19.91,141.0,116.0,0.22,0.18,50.01,13152.0,1257.0,20.4,1.95,5.81,138.0,180.0,0.21,0.28,79.29,8465.0,1457.0,13.13,2.26,10.46,1650.0,477.0,2.56,0.74,17.57,38435.0,1470.0,59.63,2.28,2.33,26025.0,1470.0,40.37,2.28,3.43,11043.0,948.0,17.13,1.47,5.22,827.0,239.0,1.28,0.37,17.57,30.0,97.0,0.05,0.15,196.56,12989.0,1257.0,20.15,1.95,5.88,93.0,161.0,0.14,0.25,105.24,323.0,239.0,0.5,0.37,44.98,718.0,309.0,1.11,0.48,26.16
11373,11373,11373,32204.0,,100,,,10562.0,554.0,32.8,1.72,3.19,20949.0,1025.0,21.67,1.06,2.97,1251.0,266.0,5.97,1.27,12.93,1379.0,247.0,6.58,1.18,10.89,7601.0,507.0,36.28,2.42,4.05,3832.0,390.0,18.29,1.86,6.19,6887.0,524.0,32.88,2.5,4.63,69791.0,1943.0,72.19,2.01,1.69,12030.0,851.0,17.24,1.22,4.3,7031.0,705.0,10.07,1.01,6.1,19646.0,991.0,28.15,1.42,3.07,18257.0,935.0,26.16,1.34,3.11,78089.0,2233.0,80.78,2.31,1.74,852.0,187.0,1.09,0.24,13.34,96507.0,1218.0,99.83,1.26,0.77,8308.0,724.0,8.61,0.75,5.3,18559.0,1083.0,19.2,1.12,3.55,595.0,186.0,3.21,1.0,19.0,65931.0,1189.0,68.2,1.23,1.1,3586.0,494.0,5.44,0.75,8.37,12025.0,667.0,12.44,0.69,3.37,4128.0,384.0,34.33,3.19,5.65,95807.0,2726.0,99.1,2.82,1.73,87042.0,1178.0,90.85,1.23,0.82,7409.0,1131.0,7.73,1.18,9.28,1372.0,307.0,1.43,0.32,13.6,96674.0,,100,,,31360.0,1305.0,32.44,1.35,2.53,30020.0,1295.0,31.05,1.34,2.62,1331.0,309.0,1.38,0.32,14.11,65314.0,1373.0,67.56,1.42,1.28,30715.0,1143.0,47.03,1.75,2.26,34600.0,1143.0,52.97,1.75,2.01,1441.0,300.0,2.21,0.46,12.66,37582.0,1391.0,57.54,2.13,2.25,336.0,189.0,0.51,0.29,34.19,97.0,144.0,0.15,0.22,90.25,25682.0,1372.0,39.32,2.1,3.25,175.0,144.0,0.27,0.22,50.02,90511.0,3026.0,93.62,3.13,2.03,12476.0,1023.0,13.78,1.13,4.98,48925.0,1340.0,54.05,1.48,1.66,34018.0,1747.0,37.58,1.93,3.12,79822.0,2262.0,82.57,2.34,1.72,51217.0,998.0,64.16,1.25,1.18,48043.0,998.0,60.19,1.25,1.26,3158.0,383.0,3.96,0.48,7.37,7.0,128.0,0.01,0.16,1111.59,28605.0,998.0,35.84,1.25,2.12,,,6.17,0.74,7.37,46450.0,1034.0,48.05,1.07,1.35,5710.0,502.0,12.29,1.08,5.34,2519.0,437.0,5.42,0.94,10.55,33110.0,762.0,71.28,1.64,1.4,3454.0,427.0,7.44,0.92,7.52,785.0,186.0,1.69,0.4,14.4,48052.0,1083.0,49.71,1.12,1.37,52.0,144.0,0.11,0.3,168.34,3278.0,461.0,6.82,0.96,8.55,2019.0,303.0,4.2,0.63,9.12,1214.0,245.0,2.53,0.51,12.27,5528.0,524.0,11.5,1.09,5.76,3907.0,428.0,8.13,0.89,6.66,906.0,207.0,1.89,0.43,13.89,3316.0,399.0,6.9,0.83,7.31,4698.0,471.0,9.78,0.98,6.09,8266.0,644.0,17.2,1.34,4.74,9419.0,730.0,19.6,1.52,4.71,4414.0,466.0,9.19,0.97,6.42,1028.0,235.0,2.14,0.49,13.9,2748.0,361.0,8.53,1.12,7.99,1832.0,299.0,5.69,0.93,9.92,3973.0,428.0,12.34,1.33,6.55,3737.0,396.0,11.6,1.23,6.44,4944.0,448.0,15.35,1.39,5.51,6037.0,477.0,18.75,1.48,4.8,3171.0,357.0,9.85,1.11,6.84,3539.0,354.0,10.99,1.1,6.08,1209.0,216.0,3.75,0.67,10.86,1020.0,225.0,3.17,0.7,13.41,26712.0,435.0,82.95,1.35,0.99,7490.0,490.0,23.26,1.52,3.98,2846.0,312.0,8.84,0.97,6.66,1789.0,283.0,5.56,0.88,9.62,1459.0,258.0,4.53,0.8,10.75,5181.0,457.0,16.09,1.42,5.36,76554.0,1312.0,79.33,1.36,1.04,38737.0,1621.0,40.14,1.68,2.54,45618.0,1670.0,47.27,1.73,2.23,19952.0,1312.0,20.67,1.36,4.0,48759.0,976.0,50.44,1.01,1.22,47915.0,976.0,49.56,1.01,1.24,6163.0,580.0,6.38,0.6,5.72,5429.0,532.0,5.62,0.55,5.96,4274.0,464.0,4.42,0.48,6.6,4408.0,445.0,4.56,0.46,6.14,6617.0,628.0,6.84,0.65,5.77,17407.0,996.0,18.01,1.03,3.48,15590.0,841.0,16.13,0.87,3.28,12804.0,822.0,13.24,0.85,3.9,6445.0,609.0,6.67,0.63,5.74,5462.0,532.0,5.65,0.55,5.92,7122.0,619.0,7.37,0.64,5.28,3669.0,425.0,3.8,0.44,7.04,1295.0,232.0,1.34,0.24,10.89,78098.0,957.0,80.78,0.99,0.74,12103.0,783.0,12.52,0.81,3.93,28910.0,1962.0,29.9,2.03,4.13,2260.0,493.0,2.34,0.51,13.26,496.0,251.0,0.51,0.26,30.76,47942.0,1933.0,49.59,2.0,2.45,7.0,135.0,0.01,0.14,1172.38,14688.0,1595.0,15.19,1.65,6.6,2364.0,715.0,2.45,0.74,18.39,38642.0,1904.0,39.97,1.97,3.0,58032.0,1904.0,60.03,1.97,1.99,6282.0,686.0,6.5,0.71,6.64,1920.0,464.0,1.99,0.48,14.69,153.0,155.0,0.16,0.16,61.58,47655.0,1933.0,49.29,2.0,2.47,6.0,135.0,0.01,0.14,1367.78,502.0,338.0,0.52,0.35,40.93,1487.0,648.0,1.54,0.67,26.49
11374,11374,11374,20743.0,,100,,,3837.0,340.0,18.5,1.64,5.39,8285.0,626.0,19.05,1.44,4.59,651.0,149.0,7.86,1.8,13.91,392.0,143.0,4.73,1.72,22.18,2810.0,297.0,33.92,3.58,6.43,1272.0,186.0,15.35,2.24,8.89,3162.0,297.0,38.17,3.58,5.71,34077.0,1714.0,78.35,3.94,3.06,1989.0,314.0,5.84,0.92,9.6,1513.0,334.0,4.44,0.98,13.42,6922.0,538.0,20.31,1.58,4.72,16315.0,750.0,47.88,2.2,2.79,36734.0,1866.0,84.46,4.29,3.09,906.0,187.0,2.47,0.51,12.55,43372.0,70.0,99.72,0.16,0.1,5268.0,486.0,12.15,1.12,5.61,6749.0,670.0,15.52,1.54,6.03,148.0,92.0,2.19,1.37,37.79,28468.0,609.0,65.45,1.4,1.3,2029.0,316.0,7.13,1.11,9.47,8147.0,418.0,18.73,0.96,3.12,3090.0,252.0,37.93,3.09,4.96,43140.0,1070.0,99.18,2.46,1.51,39329.0,626.0,91.17,1.45,0.97,3262.0,578.0,7.56,1.34,10.77,550.0,246.0,1.27,0.57,27.19,43495.0,,100,,,17905.0,857.0,41.17,1.97,2.91,16986.0,844.0,39.05,1.94,3.02,921.0,204.0,2.12,0.47,13.46,25590.0,800.0,58.83,1.84,1.9,17575.0,655.0,68.68,2.56,2.27,8015.0,655.0,31.32,2.56,4.97,6137.0,642.0,23.98,2.51,6.36,13693.0,793.0,53.51,3.1,3.52,627.0,233.0,2.45,0.91,22.59,0.0,,0.0,,,5012.0,706.0,19.59,2.76,8.56,113.0,118.0,0.44,0.46,63.48,41086.0,1866.0,94.46,4.29,2.76,12217.0,933.0,29.74,2.27,4.64,13092.0,723.0,31.86,1.76,3.36,6603.0,949.0,16.07,2.31,8.74,37424.0,1905.0,86.04,4.38,3.09,23408.0,651.0,62.55,1.74,1.69,21866.0,662.0,58.43,1.77,1.84,1536.0,262.0,4.1,0.7,10.37,10.0,90.0,0.03,0.24,547.11,14016.0,651.0,37.45,1.74,2.82,,,6.56,1.1,10.37,21364.0,783.0,49.12,1.8,2.23,4676.0,393.0,21.89,1.84,5.11,990.0,222.0,4.63,1.04,13.63,12689.0,511.0,59.39,2.39,2.45,1967.0,331.0,9.21,1.55,10.23,790.0,199.0,3.7,0.93,15.31,21864.0,770.0,50.27,1.77,2.14,22.0,90.0,0.1,0.41,248.69,722.0,184.0,3.3,0.84,15.49,1001.0,206.0,4.58,0.94,12.51,642.0,153.0,2.94,0.7,14.49,1909.0,326.0,8.73,1.49,10.38,1351.0,225.0,6.18,1.03,10.12,822.0,216.0,3.76,0.99,15.97,2467.0,306.0,11.28,1.4,7.54,3107.0,354.0,14.21,1.62,6.93,5504.0,413.0,25.17,1.89,4.56,1986.0,335.0,9.08,1.53,10.25,1511.0,262.0,6.91,1.2,10.54,815.0,203.0,3.73,0.93,15.14,2060.0,322.0,9.93,1.55,9.5,1104.0,212.0,5.32,1.02,11.67,2159.0,295.0,10.41,1.42,8.31,1564.0,241.0,7.54,1.16,9.37,2370.0,307.0,11.43,1.48,7.87,3313.0,355.0,15.97,1.71,6.51,2696.0,330.0,13.0,1.59,7.44,3114.0,348.0,15.01,1.68,6.79,1438.0,266.0,6.93,1.28,11.24,925.0,174.0,4.46,0.84,11.44,15524.0,407.0,74.84,1.96,1.59,5948.0,409.0,28.67,1.97,4.18,2383.0,276.0,11.49,1.33,7.04,1588.0,245.0,7.66,1.18,9.38,565.0,145.0,2.72,0.7,15.6,2691.0,307.0,12.97,1.48,6.94,39148.0,533.0,90.26,1.23,0.83,27356.0,941.0,63.07,2.17,2.09,15467.0,1002.0,35.66,2.31,3.94,4224.0,533.0,9.74,1.23,7.67,20394.0,578.0,46.89,1.33,1.72,23101.0,578.0,53.11,1.33,1.52,2409.0,357.0,5.54,0.82,9.01,1928.0,287.0,4.43,0.66,9.05,1418.0,235.0,3.26,0.54,10.07,1519.0,231.0,3.49,0.53,9.24,2147.0,331.0,4.94,0.76,9.37,7033.0,609.0,16.17,1.4,5.26,5926.0,505.0,13.62,1.16,5.18,5639.0,457.0,12.96,1.05,4.93,3804.0,387.0,8.75,0.89,6.18,3411.0,452.0,7.84,1.04,8.06,4271.0,396.0,9.82,0.91,5.64,2567.0,326.0,5.9,0.75,7.72,1431.0,239.0,3.29,0.55,10.15,36746.0,539.0,84.48,1.24,0.89,8256.0,609.0,18.98,1.4,4.48,26078.0,1157.0,59.96,2.66,2.7,1556.0,526.0,3.58,1.21,20.55,80.0,113.0,0.18,0.26,85.87,12148.0,896.0,27.93,2.06,4.48,15.0,96.0,0.03,0.22,389.06,2326.0,648.0,5.35,1.49,16.94,1288.0,326.0,2.96,0.75,15.39,8131.0,939.0,18.69,2.16,7.02,35364.0,939.0,81.31,2.16,1.61,20717.0,1122.0,47.63,2.58,3.29,1375.0,509.0,3.16,1.17,22.5,80.0,113.0,0.18,0.26,85.87,12064.0,896.0,27.74,2.06,4.51,15.0,96.0,0.03,0.22,389.06,137.0,109.0,0.31,0.25,48.37,978.0,287.0,2.25,0.66,17.84
11375,11375,11375,34514.0,,100,,,8186.0,476.0,23.72,1.38,3.53,14442.0,817.0,20.15,1.14,3.44,1364.0,257.0,9.44,1.78,11.45,788.0,168.0,5.46,1.16,12.96,5579.0,439.0,38.63,3.04,4.78,1906.0,282.0,13.2,1.95,8.99,4804.0,401.0,33.26,2.78,5.07,54969.0,1813.0,76.7,2.53,2.0,2232.0,313.0,4.06,0.57,8.52,1508.0,247.0,2.74,0.45,9.96,8988.0,632.0,16.35,1.15,4.27,32262.0,836.0,58.69,1.52,1.58,58226.0,1906.0,81.24,2.66,1.99,1417.0,210.0,2.43,0.36,9.01,71236.0,366.0,99.39,0.51,0.31,7450.0,598.0,10.46,0.84,4.88,13434.0,860.0,18.74,1.2,3.89,161.0,140.0,1.2,1.04,52.86,45209.0,968.0,63.08,1.35,1.3,2824.0,398.0,6.25,0.88,8.57,12599.0,552.0,17.58,0.77,2.66,4456.0,334.0,35.37,2.65,4.56,70489.0,1928.0,98.35,2.69,1.66,63349.0,839.0,89.87,1.19,0.81,6418.0,811.0,9.1,1.15,7.68,717.0,211.0,1.02,0.3,17.89,71671.0,,100,,,39193.0,1061.0,54.68,1.48,1.65,37935.0,1075.0,52.93,1.5,1.72,1262.0,258.0,1.76,0.36,12.43,32478.0,1190.0,45.32,1.66,2.23,23321.0,689.0,71.81,2.12,1.8,9157.0,689.0,28.19,2.12,4.57,8170.0,640.0,25.16,1.97,4.76,17629.0,799.0,54.28,2.46,2.76,562.0,172.0,1.73,0.53,18.6,22.0,130.0,0.07,0.4,359.22,5758.0,656.0,17.73,2.02,6.93,334.0,159.0,1.03,0.49,28.94,66700.0,2086.0,93.06,2.91,1.9,29432.0,1181.0,44.13,1.77,2.44,14113.0,827.0,21.16,1.24,3.56,7557.0,860.0,11.33,1.29,6.92,59199.0,1935.0,82.6,2.7,1.99,38813.0,764.0,65.56,1.29,1.2,36752.0,781.0,62.08,1.32,1.29,2045.0,296.0,3.45,0.5,8.8,11.0,130.0,0.02,0.22,718.43,20386.0,764.0,34.44,1.29,2.28,,,5.27,0.76,8.8,36145.0,960.0,50.43,1.34,1.61,8028.0,549.0,22.21,1.52,4.16,2010.0,361.0,5.56,1.0,10.92,22141.0,654.0,61.26,1.81,1.8,1981.0,307.0,5.48,0.85,9.42,1612.0,257.0,4.46,0.71,9.69,36762.0,982.0,51.29,1.37,1.62,16.0,132.0,0.04,0.36,501.52,1203.0,250.0,3.27,0.68,12.63,1587.0,309.0,4.32,0.84,11.84,1069.0,243.0,2.91,0.66,13.82,2943.0,364.0,8.01,0.99,7.52,1376.0,239.0,3.74,0.65,10.56,1569.0,261.0,4.27,0.71,10.11,4848.0,437.0,13.19,1.19,5.48,6042.0,489.0,16.44,1.33,4.92,9674.0,581.0,26.32,1.58,3.65,2414.0,368.0,6.57,1.0,9.27,2049.0,312.0,5.57,0.85,9.26,1969.0,316.0,5.36,0.86,9.76,2343.0,345.0,6.79,1.0,8.95,1667.0,280.0,4.83,0.81,10.21,2643.0,345.0,7.66,1.0,7.94,2024.0,300.0,5.86,0.87,9.01,3005.0,390.0,8.71,1.13,7.89,6098.0,500.0,17.67,1.45,4.98,4330.0,404.0,12.55,1.17,5.67,6013.0,490.0,17.42,1.42,4.95,3187.0,369.0,9.23,1.07,7.04,3219.0,345.0,9.33,1.0,6.52,26576.0,490.0,77.0,1.42,1.12,9376.0,511.0,27.17,1.48,3.31,4553.0,376.0,13.19,1.09,5.02,1362.0,235.0,3.95,0.68,10.49,491.0,179.0,1.42,0.52,22.16,2323.0,276.0,6.73,0.8,7.22,66898.0,577.0,93.91,0.81,0.52,53211.0,1118.0,74.7,1.57,1.28,20743.0,1069.0,29.12,1.5,3.13,4338.0,577.0,6.09,0.81,8.09,33369.0,667.0,46.56,0.93,1.22,38302.0,667.0,53.44,0.93,1.06,4971.0,495.0,6.94,0.69,6.05,3921.0,437.0,5.47,0.61,6.78,3039.0,344.0,4.24,0.48,6.88,2350.0,323.0,3.28,0.45,8.36,2405.0,330.0,3.36,0.46,8.34,10597.0,753.0,14.79,1.05,4.32,12627.0,688.0,17.62,0.96,3.31,9901.0,681.0,13.81,0.95,4.18,4786.0,444.0,6.68,0.62,5.64,4089.0,423.0,5.71,0.59,6.29,6342.0,516.0,8.85,0.72,4.95,4247.0,437.0,5.93,0.61,6.26,2362.0,337.0,3.3,0.47,8.67,58237.0,702.0,81.26,0.98,0.73,12962.0,710.0,18.09,0.99,3.33,45475.0,1412.0,63.45,1.97,1.89,2171.0,466.0,3.03,0.65,13.05,257.0,186.0,0.36,0.26,44.0,18976.0,1333.0,26.48,1.86,4.27,57.0,158.0,0.08,0.22,168.51,2377.0,616.0,3.32,0.86,15.75,2340.0,416.0,3.26,0.58,10.81,10101.0,1039.0,14.09,1.45,6.25,61569.0,1039.0,85.91,1.45,1.03,38390.0,1455.0,53.56,2.03,2.3,1983.0,452.0,2.77,0.63,13.86,179.0,179.0,0.25,0.25,60.79,18879.0,1326.0,26.34,1.85,4.27,57.0,158.0,0.08,0.22,168.51,189.0,165.0,0.26,0.23,53.07,1883.0,380.0,2.63,0.53,12.27
11377,11377,11377,32061.0,,100,,,9489.0,503.0,29.6,1.57,3.22,20878.0,1042.0,23.44,1.17,3.03,1210.0,267.0,5.8,1.28,13.41,1060.0,246.0,5.08,1.18,14.11,7360.0,516.0,35.25,2.47,4.26,3679.0,386.0,17.62,1.85,6.38,7573.0,578.0,36.27,2.77,4.64,64930.0,2138.0,72.9,2.4,2.0,9105.0,721.0,14.02,1.11,4.81,6731.0,649.0,10.37,1.0,5.86,17956.0,922.0,27.65,1.42,3.12,18983.0,838.0,29.24,1.29,2.68,72179.0,2583.0,81.04,2.9,2.18,1660.0,253.0,2.3,0.35,9.27,88791.0,143.0,99.69,0.16,0.1,6235.0,595.0,7.02,0.67,5.8,16886.0,1051.0,18.96,1.18,3.78,334.0,184.0,1.98,1.09,33.49,60940.0,1104.0,68.42,1.24,1.1,2684.0,366.0,4.4,0.6,8.29,10966.0,597.0,12.31,0.67,3.31,3216.0,307.0,29.33,2.8,5.8,87882.0,2814.0,98.67,3.16,1.95,81410.0,888.0,92.64,1.01,0.66,5236.0,791.0,5.96,0.9,9.18,1244.0,395.0,1.42,0.45,19.3,89064.0,,100,,,37717.0,1238.0,42.35,1.39,2.0,35845.0,1202.0,40.25,1.35,2.04,1861.0,321.0,2.09,0.36,10.49,51348.0,1327.0,57.65,1.49,1.57,20833.0,1068.0,40.57,2.08,3.12,30515.0,1068.0,59.43,2.08,2.13,4669.0,524.0,9.09,1.02,6.82,25196.0,1253.0,49.07,2.44,3.02,572.0,216.0,1.11,0.42,22.96,36.0,128.0,0.07,0.25,216.14,20755.0,1268.0,40.42,2.47,3.71,117.0,139.0,0.23,0.27,72.22,84107.0,2975.0,94.43,3.34,2.15,19698.0,1085.0,23.42,1.29,3.35,36463.0,1270.0,43.35,1.51,2.12,29189.0,1665.0,34.7,1.98,3.47,73863.0,2636.0,82.93,2.96,2.17,47840.0,894.0,64.77,1.21,1.14,45070.0,923.0,61.02,1.25,1.24,2765.0,362.0,3.74,0.49,7.96,0.0,,0.0,,,26023.0,894.0,35.23,1.21,2.09,,,5.78,0.75,7.96,44434.0,908.0,49.89,1.02,1.24,8177.0,627.0,18.4,1.41,4.66,1843.0,329.0,4.15,0.74,10.85,30390.0,782.0,68.39,1.76,1.56,2322.0,391.0,5.23,0.88,10.24,886.0,222.0,1.99,0.5,15.23,45066.0,900.0,50.6,1.01,1.21,163.0,162.0,0.36,0.36,60.42,2831.0,406.0,6.28,0.9,8.72,2105.0,370.0,4.67,0.82,10.69,1053.0,216.0,2.34,0.48,12.47,4925.0,514.0,10.93,1.14,6.34,4340.0,532.0,9.63,1.18,7.45,1402.0,252.0,3.11,0.56,10.93,2963.0,352.0,6.57,0.78,7.22,5381.0,536.0,11.94,1.19,6.06,7380.0,514.0,16.38,1.14,4.23,8009.0,640.0,17.77,1.42,4.86,3362.0,460.0,7.46,1.02,8.32,1159.0,203.0,2.57,0.45,10.65,1968.0,285.0,6.14,0.89,8.8,1373.0,240.0,4.28,0.75,10.63,3377.0,375.0,10.53,1.17,6.75,3694.0,385.0,11.52,1.2,6.34,4832.0,449.0,15.07,1.4,5.65,6597.0,484.0,20.58,1.51,4.46,3964.0,382.0,12.36,1.19,5.86,3749.0,365.0,11.69,1.14,5.92,1373.0,215.0,4.28,0.67,9.52,1132.0,202.0,3.53,0.63,10.85,26319.0,433.0,82.09,1.35,1.0,7553.0,452.0,23.56,1.41,3.64,3972.0,369.0,12.39,1.15,5.65,1490.0,260.0,4.65,0.81,10.61,1371.0,247.0,4.28,0.77,10.95,3597.0,362.0,11.22,1.13,6.12,71346.0,1163.0,80.35,1.31,0.99,39091.0,1598.0,44.03,1.8,2.49,37266.0,1474.0,41.97,1.66,2.4,17445.0,1163.0,19.65,1.31,4.05,44873.0,846.0,50.38,0.95,1.15,44191.0,846.0,49.62,0.95,1.16,4957.0,579.0,5.57,0.65,7.1,4887.0,472.0,5.49,0.53,5.87,4584.0,445.0,5.15,0.5,5.9,4020.0,428.0,4.51,0.48,6.47,5701.0,570.0,6.4,0.64,6.08,16422.0,1006.0,18.44,1.13,3.72,15397.0,828.0,17.29,0.93,3.27,12339.0,775.0,13.85,0.87,3.82,5330.0,561.0,5.98,0.63,6.4,4239.0,454.0,4.76,0.51,6.51,6422.0,561.0,7.21,0.63,5.31,3546.0,374.0,3.98,0.42,6.41,1254.0,223.0,1.41,0.25,10.81,72179.0,882.0,81.04,0.99,0.74,11223.0,704.0,12.6,0.79,3.81,44304.0,1844.0,49.74,2.07,2.53,2016.0,392.0,2.26,0.44,11.82,300.0,196.0,0.34,0.22,39.72,32309.0,1746.0,36.28,1.96,3.29,8.0,134.0,0.01,0.15,1018.24,7430.0,1149.0,8.34,1.29,9.4,2688.0,588.0,3.02,0.66,13.3,34264.0,1853.0,38.47,2.08,3.29,54800.0,1853.0,61.53,2.08,2.06,19412.0,1149.0,21.8,1.29,3.6,1490.0,285.0,1.67,0.32,11.63,123.0,169.0,0.14,0.19,83.52,32119.0,1737.0,36.06,1.95,3.29,7.0,134.0,0.01,0.15,1163.7,135.0,134.0,0.15,0.15,60.34,1500.0,365.0,1.68,0.41,14.79
11378,11378,11378,13634.0,,100,,,4220.0,274.0,30.95,2.01,3.95,7762.0,450.0,23.47,1.36,3.52,492.0,116.0,6.34,1.49,14.33,437.0,109.0,5.63,1.4,15.16,2859.0,217.0,36.83,2.79,4.61,1781.0,202.0,22.95,2.6,6.89,2192.0,218.0,28.24,2.81,6.05,23391.0,966.0,70.74,2.92,2.51,1847.0,225.0,7.9,0.96,7.41,1553.0,220.0,6.64,0.94,8.61,8081.0,423.0,34.55,1.81,3.18,6239.0,391.0,26.67,1.67,3.81,25982.0,1045.0,78.58,3.16,2.44,836.0,138.0,3.22,0.53,10.03,32870.0,76.0,99.41,0.23,0.14,2457.0,260.0,7.47,0.79,6.43,7083.0,493.0,21.42,1.49,4.23,134.0,79.0,1.89,1.12,35.84,21608.0,354.0,65.35,1.07,1.0,1086.0,164.0,5.03,0.76,9.18,4180.0,268.0,12.64,0.81,3.9,1238.0,139.0,29.62,3.32,6.83,32702.0,1085.0,98.9,3.28,2.02,30353.0,379.0,92.82,1.16,0.76,2155.0,363.0,6.59,1.11,10.24,199.0,137.0,0.61,0.42,41.85,33065.0,,100,,,20083.0,579.0,60.74,1.75,1.75,19111.0,592.0,57.8,1.79,1.88,967.0,179.0,2.92,0.54,11.25,12982.0,589.0,39.26,1.78,2.76,7754.0,353.0,59.73,2.72,2.77,5228.0,353.0,40.27,2.72,4.1,5659.0,389.0,43.59,3.0,4.18,2722.0,279.0,20.97,2.15,6.23,272.0,140.0,2.1,1.08,31.29,0.0,,0.0,,,4284.0,417.0,33.0,3.21,5.92,46.0,105.0,0.35,0.81,138.76,31093.0,1299.0,94.04,3.93,2.54,14148.0,684.0,45.5,2.2,2.94,7290.0,501.0,23.45,1.61,4.18,7430.0,675.0,23.9,2.17,5.52,26806.0,1078.0,81.07,3.26,2.44,17476.0,402.0,65.2,1.5,1.4,16257.0,410.0,60.65,1.53,1.53,1221.0,188.0,4.55,0.7,9.36,0.0,,0.0,,,9330.0,402.0,34.81,1.5,2.62,,,6.99,1.06,9.36,16034.0,410.0,48.49,1.24,1.55,6323.0,345.0,39.44,2.15,3.32,1246.0,184.0,7.77,1.15,8.98,7076.0,346.0,44.13,2.16,2.97,842.0,157.0,5.25,0.98,11.34,325.0,127.0,2.03,0.79,23.75,16254.0,413.0,49.16,1.25,1.54,18.0,104.0,0.11,0.64,351.23,2113.0,242.0,13.0,1.49,6.96,807.0,145.0,4.96,0.89,10.92,442.0,130.0,2.72,0.8,17.88,1422.0,193.0,8.75,1.19,8.25,1134.0,166.0,6.98,1.02,8.9,325.0,93.0,2.0,0.57,17.4,1460.0,193.0,8.98,1.19,8.04,1823.0,219.0,11.22,1.35,7.3,3424.0,273.0,21.06,1.68,4.85,1642.0,198.0,10.1,1.22,7.33,999.0,169.0,6.15,1.04,10.28,644.0,130.0,3.96,0.8,12.27,1123.0,185.0,8.24,1.36,10.01,625.0,140.0,4.58,1.03,13.62,1208.0,191.0,8.86,1.4,9.61,1300.0,196.0,9.53,1.44,9.17,1443.0,192.0,10.58,1.41,8.09,2393.0,229.0,17.55,1.68,5.82,1938.0,217.0,14.21,1.59,6.81,2012.0,224.0,14.76,1.64,6.77,924.0,143.0,6.78,1.05,9.41,670.0,128.0,4.91,0.94,11.61,10795.0,252.0,79.18,1.85,1.42,3481.0,251.0,25.53,1.84,4.38,2026.0,199.0,14.86,1.46,5.97,486.0,109.0,3.56,0.8,13.63,264.0,97.0,1.94,0.71,22.34,882.0,150.0,6.47,1.1,10.34,28397.0,437.0,86.39,1.33,0.94,20741.0,677.0,63.1,2.06,1.98,10103.0,588.0,30.74,1.79,3.54,4473.0,437.0,13.61,1.33,5.94,16059.0,407.0,48.57,1.23,1.54,17006.0,407.0,51.43,1.23,1.45,1972.0,245.0,5.96,0.74,7.55,1897.0,212.0,5.74,0.64,6.79,1864.0,218.0,5.64,0.66,7.11,2005.0,248.0,6.06,0.75,7.52,1937.0,212.0,5.86,0.64,6.65,5190.0,417.0,15.7,1.26,4.88,4615.0,334.0,13.96,1.01,4.4,4711.0,354.0,14.25,1.07,4.57,2472.0,258.0,7.48,0.78,6.34,2063.0,222.0,6.24,0.67,6.54,2286.0,231.0,6.91,0.7,6.14,1248.0,179.0,3.77,0.54,8.72,789.0,149.0,2.39,0.45,11.48,25982.0,420.0,78.58,1.27,0.98,4329.0,331.0,13.09,1.0,4.65,24845.0,701.0,75.14,2.12,1.72,598.0,172.0,1.81,0.52,17.48,82.0,119.0,0.25,0.36,88.22,3583.0,436.0,10.84,1.32,7.4,27.0,116.0,0.08,0.35,261.17,3139.0,536.0,9.49,1.62,10.38,795.0,291.0,2.4,0.88,22.25,10084.0,784.0,30.5,2.37,4.73,22981.0,784.0,69.5,2.37,2.07,18497.0,770.0,55.94,2.33,2.53,448.0,159.0,1.35,0.48,21.58,59.0,122.0,0.18,0.37,125.7,3565.0,436.0,10.78,1.32,7.43,0.0,,0.0,,,36.0,116.0,0.11,0.35,195.88,376.0,215.0,1.14,0.65,34.76
11379,11379,11379,14607.0,,100,,,3852.0,299.0,26.37,2.05,4.72,7440.0,521.0,20.98,1.47,4.26,424.0,99.0,5.7,1.33,14.19,408.0,109.0,5.48,1.46,16.24,3155.0,240.0,42.41,3.22,4.62,1389.0,177.0,18.67,2.38,7.75,2064.0,229.0,27.74,3.08,6.74,26794.0,1018.0,75.56,2.87,2.31,1893.0,255.0,7.07,0.95,8.19,1587.0,209.0,5.92,0.78,8.01,8268.0,439.0,30.86,1.64,3.23,8354.0,464.0,31.18,1.73,3.38,28927.0,1121.0,81.57,3.16,2.36,1136.0,148.0,3.93,0.51,7.92,35175.0,535.0,99.19,1.51,0.92,3429.0,310.0,9.75,0.88,5.5,6510.0,553.0,18.36,1.56,5.16,163.0,96.0,2.5,1.47,35.8,22120.0,496.0,62.38,1.4,1.36,1302.0,195.0,5.89,0.88,9.1,6537.0,365.0,18.43,1.03,3.39,1958.0,195.0,29.95,2.99,6.05,35172.0,1014.0,99.18,2.86,1.75,32553.0,457.0,92.55,1.3,0.85,2315.0,426.0,6.58,1.21,11.19,298.0,162.0,0.85,0.46,33.05,35462.0,,100,,,23598.0,596.0,66.55,1.68,1.54,22811.0,603.0,64.33,1.7,1.61,783.0,156.0,2.21,0.44,12.11,11864.0,567.0,33.46,1.6,2.91,8365.0,339.0,70.51,2.86,2.46,3499.0,339.0,29.49,2.86,5.89,6215.0,380.0,52.39,3.2,3.72,2971.0,351.0,25.04,2.96,7.18,165.0,125.0,1.39,1.05,46.05,18.0,101.0,0.15,0.85,341.1,2475.0,327.0,20.86,2.76,8.03,20.0,101.0,0.17,0.85,306.99,33822.0,1277.0,95.38,3.6,2.3,18814.0,737.0,55.63,2.18,2.38,6301.0,477.0,18.63,1.41,4.6,4160.0,534.0,12.3,1.58,7.8,29566.0,1153.0,83.37,3.25,2.37,18352.0,494.0,62.07,1.67,1.64,17072.0,506.0,57.74,1.71,1.8,1255.0,204.0,4.24,0.69,9.88,26.0,103.0,0.09,0.35,240.82,11214.0,494.0,37.93,1.67,2.68,,,6.84,1.1,9.88,16717.0,486.0,47.14,1.37,1.77,6950.0,376.0,41.57,2.25,3.29,1304.0,196.0,7.8,1.17,9.14,7032.0,400.0,42.06,2.39,3.46,934.0,169.0,5.59,1.01,11.0,376.0,145.0,2.25,0.87,23.44,17071.0,482.0,48.14,1.36,1.72,26.0,106.0,0.15,0.62,247.84,1484.0,207.0,8.69,1.21,8.48,844.0,157.0,4.94,0.92,11.31,534.0,135.0,3.13,0.79,15.37,1394.0,219.0,8.17,1.28,9.55,1379.0,186.0,8.08,1.09,8.2,565.0,142.0,3.31,0.83,15.28,1892.0,225.0,11.08,1.32,7.23,1770.0,205.0,10.37,1.2,7.04,4177.0,321.0,24.47,1.88,4.67,1258.0,196.0,7.37,1.15,9.47,789.0,203.0,4.62,1.19,15.64,958.0,159.0,5.61,0.93,10.09,894.0,174.0,6.12,1.19,11.83,471.0,123.0,3.22,0.84,15.88,1139.0,183.0,7.8,1.25,9.77,1201.0,190.0,8.22,1.3,9.62,1367.0,194.0,9.36,1.33,8.63,2320.0,244.0,15.88,1.67,6.39,2165.0,244.0,14.82,1.67,6.85,2932.0,267.0,20.07,1.83,5.54,1400.0,203.0,9.58,1.39,8.81,717.0,120.0,4.91,0.82,10.17,11059.0,282.0,75.71,1.93,1.55,5140.0,313.0,35.19,2.14,3.7,2658.0,231.0,18.2,1.58,5.28,540.0,101.0,3.7,0.69,11.37,278.0,101.0,1.9,0.69,22.09,769.0,146.0,5.26,1.0,11.54,32252.0,380.0,91.69,1.08,0.72,24953.0,668.0,70.94,1.9,1.63,10833.0,644.0,30.8,1.83,3.61,2923.0,380.0,8.31,1.08,7.9,16648.0,397.0,46.95,1.12,1.45,18814.0,397.0,53.05,1.12,1.28,1639.0,248.0,4.62,0.7,9.2,2000.0,277.0,5.64,0.78,8.42,1908.0,245.0,5.38,0.69,7.81,1551.0,202.0,4.37,0.57,7.92,1565.0,231.0,4.41,0.65,8.97,4586.0,401.0,12.93,1.13,5.32,5330.0,408.0,15.03,1.15,4.65,5078.0,387.0,14.32,1.09,4.63,2664.0,259.0,7.51,0.73,5.91,2325.0,262.0,6.56,0.74,6.85,3591.0,337.0,10.13,0.95,5.7,2218.0,245.0,6.25,0.69,6.71,990.0,160.0,2.79,0.45,9.82,28952.0,472.0,81.64,1.33,0.99,6795.0,461.0,19.16,1.3,4.12,28952.0,599.0,81.64,1.69,1.26,395.0,163.0,1.11,0.46,25.09,23.0,106.0,0.06,0.3,280.16,3626.0,500.0,10.23,1.41,8.38,0.0,,0.0,,,1686.0,369.0,4.75,1.04,13.3,785.0,223.0,2.21,0.63,17.27,6449.0,681.0,18.19,1.92,6.42,29013.0,681.0,81.82,1.92,1.43,24643.0,734.0,69.49,2.07,1.81,317.0,152.0,0.89,0.43,29.15,0.0,,0.0,,,3611.0,500.0,10.18,1.41,8.42,0.0,,0.0,,,24.0,106.0,0.07,0.3,268.49,405.0,177.0,1.14,0.5,26.57
11385,11385,11385,37447.0,,100,,,13020.0,558.0,34.77,1.49,2.61,24646.0,1059.0,23.74,1.02,2.61,1144.0,227.0,4.64,0.92,12.06,1733.0,264.0,7.03,1.07,9.26,9805.0,505.0,39.78,2.05,3.13,4961.0,394.0,20.13,1.6,4.83,7005.0,453.0,28.42,1.84,3.93,70485.0,1630.0,67.9,1.57,1.41,7418.0,613.0,10.52,0.87,5.02,5451.0,472.0,7.73,0.67,5.26,23332.0,860.0,33.1,1.22,2.24,16923.0,796.0,24.01,1.13,2.86,80743.0,1651.0,77.78,1.59,1.24,1685.0,202.0,2.09,0.25,7.29,103698.0,789.0,99.9,0.76,0.46,6425.0,456.0,6.2,0.44,4.31,22976.0,1059.0,22.13,1.02,2.8,535.0,161.0,2.33,0.7,18.29,70510.0,1225.0,67.92,1.18,1.06,3351.0,338.0,4.75,0.48,6.13,10230.0,581.0,9.85,0.56,3.45,2532.0,240.0,24.75,2.35,5.76,102584.0,2024.0,98.82,1.95,1.2,94437.0,821.0,92.06,0.8,0.53,7181.0,769.0,7.0,0.75,6.51,976.0,277.0,0.95,0.27,17.25,103807.0,,100,,,61950.0,1412.0,59.68,1.36,1.39,58690.0,1391.0,56.54,1.34,1.44,3248.0,446.0,3.13,0.43,8.35,41857.0,1495.0,40.32,1.44,2.17,19838.0,846.0,47.39,2.02,2.59,22019.0,846.0,52.61,2.02,2.34,17664.0,904.0,42.2,2.16,3.11,5740.0,695.0,13.71,1.66,7.36,1712.0,393.0,4.09,0.94,13.95,89.0,172.0,0.21,0.41,117.48,16482.0,908.0,39.38,2.17,3.35,169.0,172.0,0.4,0.41,61.87,97015.0,2190.0,93.46,2.11,1.37,43104.0,1513.0,44.43,1.56,2.13,23472.0,1116.0,24.19,1.15,2.89,29339.0,1436.0,30.24,1.48,2.98,83354.0,1879.0,80.3,1.81,1.37,55329.0,892.0,66.38,1.07,0.98,51856.0,900.0,62.21,1.08,1.06,3421.0,358.0,4.1,0.43,6.36,53.0,167.0,0.06,0.2,191.55,28025.0,892.0,33.62,1.07,1.93,,,6.18,0.64,6.36,51096.0,965.0,49.22,0.93,1.15,12467.0,634.0,24.4,1.24,3.09,2272.0,322.0,4.45,0.63,8.62,30943.0,736.0,60.56,1.44,1.45,3331.0,373.0,6.52,0.73,6.81,1289.0,266.0,2.52,0.52,12.54,51849.0,955.0,49.95,0.92,1.12,37.0,161.0,0.07,0.31,264.52,5658.0,487.0,10.91,0.94,5.23,2754.0,353.0,5.31,0.68,7.79,1326.0,239.0,2.56,0.46,10.96,4351.0,410.0,8.39,0.79,5.73,3597.0,404.0,6.94,0.78,6.83,1360.0,223.0,2.62,0.43,9.97,4019.0,399.0,7.75,0.77,6.04,6022.0,508.0,11.61,0.98,5.13,10913.0,601.0,21.05,1.16,3.35,6443.0,550.0,12.43,1.06,5.19,3240.0,373.0,6.25,0.72,7.0,2139.0,301.0,4.13,0.58,8.55,2905.0,326.0,7.76,0.87,6.82,1434.0,255.0,3.83,0.68,10.81,3614.0,345.0,9.65,0.92,5.8,3088.0,318.0,8.25,0.85,6.26,4692.0,412.0,12.53,1.1,5.34,6476.0,464.0,17.29,1.24,4.36,5803.0,434.0,15.5,1.16,4.55,6231.0,453.0,16.64,1.21,4.42,1889.0,258.0,5.04,0.69,8.3,1310.0,225.0,3.5,0.6,10.44,30593.0,442.0,81.7,1.18,0.88,8713.0,468.0,23.27,1.25,3.27,3473.0,288.0,9.27,0.77,5.04,1364.0,206.0,3.64,0.55,9.18,1017.0,202.0,2.72,0.54,12.07,3478.0,322.0,9.29,0.86,5.63,87814.0,1037.0,84.68,1.0,0.72,54787.0,1597.0,52.83,1.54,1.77,38256.0,1504.0,36.89,1.45,2.39,15883.0,1037.0,15.32,1.0,3.97,51269.0,810.0,49.39,0.78,0.96,52538.0,810.0,50.61,0.78,0.94,6792.0,581.0,6.54,0.56,5.2,6647.0,498.0,6.4,0.48,4.55,5809.0,478.0,5.6,0.46,5.0,6053.0,498.0,5.83,0.48,5.0,8016.0,581.0,7.72,0.56,4.41,18059.0,872.0,17.4,0.84,2.94,15818.0,789.0,15.24,0.76,3.03,14122.0,747.0,13.6,0.72,3.22,6747.0,540.0,6.5,0.52,4.87,5518.0,478.0,5.32,0.46,5.27,5740.0,498.0,5.53,0.48,5.27,3171.0,353.0,3.05,0.34,6.77,1319.0,197.0,1.27,0.19,9.08,80802.0,914.0,77.84,0.88,0.69,10248.0,633.0,9.87,0.61,3.75,84960.0,1381.0,81.84,1.33,0.99,2438.0,436.0,2.35,0.42,10.87,237.0,197.0,0.23,0.19,50.53,7073.0,893.0,6.81,0.86,7.68,46.0,166.0,0.04,0.16,219.37,6922.0,945.0,6.67,0.91,8.3,2136.0,384.0,2.06,0.37,10.93,45353.0,1630.0,43.69,1.57,2.18,58453.0,1630.0,56.31,1.57,1.7,48446.0,1609.0,46.67,1.55,2.02,1741.0,374.0,1.68,0.36,13.06,50.0,176.0,0.05,0.17,213.98,7027.0,893.0,6.77,0.86,7.73,9.0,166.0,0.01,0.16,1121.24,257.0,228.0,0.25,0.22,53.93,921.0,249.0,0.89,0.24,16.44
11411,11411,11411,5971.0,,100,,,1998.0,150.0,33.46,2.51,4.56,4613.0,327.0,23.28,1.65,4.31,255.0,90.0,5.53,1.95,21.46,151.0,79.0,3.27,1.72,31.8,1495.0,142.0,32.41,3.07,5.77,1087.0,130.0,23.56,2.82,7.27,1625.0,153.0,35.23,3.32,5.72,14557.0,646.0,73.47,3.26,2.7,547.0,98.0,3.76,0.67,10.89,847.0,151.0,5.82,1.04,10.84,4039.0,307.0,27.75,2.11,4.62,4484.0,294.0,30.8,2.02,3.99,16249.0,654.0,82.01,3.3,2.45,858.0,132.0,5.28,0.81,9.35,19789.0,40.0,99.88,0.2,0.12,1975.0,204.0,9.98,1.03,6.28,3542.0,281.0,17.88,1.42,4.82,92.0,78.0,2.6,2.19,51.54,12249.0,361.0,61.82,1.82,1.79,773.0,125.0,6.31,1.02,9.83,3999.0,196.0,20.18,0.99,2.98,1112.0,118.0,27.81,2.94,6.45,19632.0,620.0,99.08,3.13,1.92,18578.0,234.0,94.63,1.19,0.77,951.0,226.0,4.84,1.15,14.45,106.0,94.0,0.54,0.48,53.91,19814.0,,100,,,12306.0,422.0,62.11,2.13,2.08,12020.0,424.0,60.67,2.14,2.14,280.0,91.0,1.41,0.46,19.76,7508.0,418.0,37.89,2.11,3.38,5583.0,227.0,74.36,3.03,2.47,1925.0,227.0,25.64,3.03,7.17,92.0,68.0,1.23,0.91,44.93,113.0,94.0,1.51,1.25,50.57,237.0,98.0,3.16,1.31,25.14,0.0,,0.0,,,7040.0,114.0,93.77,1.52,0.98,27.0,95.0,0.36,1.26,213.89,18941.0,579.0,95.6,2.92,1.86,15361.0,385.0,81.1,2.03,1.52,1118.0,203.0,5.9,1.07,11.04,882.0,224.0,4.66,1.18,15.44,16800.0,727.0,84.79,3.67,2.63,10523.0,277.0,62.64,1.65,1.6,9729.0,291.0,57.91,1.73,1.82,773.0,124.0,4.6,0.74,9.75,20.0,94.0,0.12,0.56,285.71,6277.0,277.0,37.36,1.65,2.68,,,7.35,1.16,9.75,9448.0,299.0,47.68,1.51,1.92,5079.0,249.0,53.76,2.64,2.98,635.0,138.0,6.72,1.46,13.21,3393.0,248.0,35.91,2.62,4.44,85.0,85.0,0.9,0.9,60.79,177.0,67.0,1.87,0.71,23.01,9726.0,295.0,49.09,1.49,1.84,8.0,97.0,0.08,1.0,737.08,296.0,93.0,3.04,0.96,19.1,193.0,68.0,1.98,0.7,21.42,136.0,65.0,1.4,0.67,29.05,892.0,149.0,9.17,1.53,10.15,1062.0,158.0,10.92,1.62,9.04,228.0,75.0,2.34,0.77,20.0,635.0,110.0,6.53,1.13,10.53,676.0,116.0,6.95,1.19,10.43,3770.0,212.0,38.76,2.18,3.42,539.0,127.0,5.54,1.31,14.32,370.0,83.0,3.8,0.85,13.64,921.0,146.0,9.47,1.5,9.64,208.0,64.0,3.48,1.08,18.7,151.0,72.0,2.53,1.2,28.99,314.0,72.0,5.26,1.2,13.94,420.0,88.0,7.03,1.48,12.74,623.0,103.0,10.43,1.72,10.05,1060.0,130.0,17.75,2.18,7.46,886.0,116.0,14.84,1.95,7.96,1374.0,137.0,23.01,2.29,6.06,560.0,90.0,9.38,1.5,9.77,374.0,70.0,6.26,1.18,11.38,4723.0,130.0,79.1,2.18,1.67,2661.0,158.0,44.57,2.65,3.61,2062.0,149.0,34.53,2.49,4.39,213.0,64.0,3.57,1.07,18.27,203.0,62.0,3.4,1.04,18.57,680.0,102.0,11.39,1.7,9.12,18050.0,243.0,91.21,1.23,0.82,13917.0,420.0,70.33,2.12,1.83,6704.0,423.0,33.88,2.14,3.84,1739.0,243.0,8.79,1.23,8.49,8977.0,289.0,45.31,1.46,1.96,10836.0,289.0,54.69,1.46,1.62,872.0,143.0,4.4,0.72,9.97,906.0,131.0,4.57,0.66,8.79,1034.0,133.0,5.22,0.67,7.82,1009.0,139.0,5.09,0.7,8.37,1438.0,188.0,7.26,0.95,7.95,2218.0,228.0,11.19,1.15,6.25,2701.0,232.0,13.63,1.17,5.22,2853.0,236.0,14.4,1.19,5.03,1496.0,170.0,7.55,0.86,6.91,1285.0,160.0,6.49,0.81,7.57,2385.0,220.0,12.04,1.11,5.61,1221.0,153.0,6.16,0.77,7.62,392.0,81.0,1.98,0.41,12.56,16268.0,246.0,82.11,1.24,0.92,3999.0,271.0,20.18,1.37,4.12,432.0,139.0,2.18,0.7,19.56,18273.0,299.0,92.22,1.51,0.99,56.0,101.0,0.28,0.51,109.64,162.0,107.0,0.82,0.54,40.15,0.0,,0.0,,,454.0,206.0,2.29,1.04,27.58,444.0,145.0,2.24,0.73,19.85,1104.0,275.0,5.57,1.39,15.14,18709.0,275.0,94.43,1.39,0.89,225.0,87.0,1.14,0.44,23.51,17836.0,333.0,90.02,1.68,1.13,56.0,101.0,0.28,0.51,109.64,162.0,107.0,0.82,0.54,40.15,0.0,,0.0,,,104.0,97.0,0.52,0.49,56.7,331.0,111.0,1.67,0.56,20.39
11412,11412,11412,11065.0,,100,,,4693.0,233.0,42.41,2.11,3.02,10596.0,501.0,27.94,1.32,2.87,779.0,146.0,7.35,1.38,11.39,431.0,106.0,4.07,1.0,14.95,3875.0,253.0,36.57,2.39,3.97,2083.0,207.0,19.66,1.95,6.04,3430.0,245.0,32.37,2.31,4.34,25321.0,834.0,66.77,2.2,2.0,1451.0,192.0,5.73,0.76,8.04,1602.0,210.0,6.33,0.83,7.97,7992.0,382.0,31.56,1.51,2.91,5723.0,354.0,22.6,1.4,3.76,29154.0,884.0,76.87,2.33,1.84,1241.0,166.0,4.26,0.57,8.13,37815.0,535.0,99.71,1.41,0.86,3941.0,295.0,10.42,0.78,4.55,8675.0,512.0,22.87,1.35,3.59,154.0,91.0,1.78,1.05,35.92,24186.0,466.0,63.77,1.23,1.17,1833.0,210.0,7.58,0.87,6.96,4957.0,269.0,13.07,0.71,3.3,1953.0,154.0,39.4,3.1,4.79,37608.0,1073.0,99.16,2.83,1.73,36105.0,297.0,96.0,0.79,0.5,1383.0,286.0,3.68,0.76,12.57,120.0,113.0,0.32,0.3,57.24,37925.0,,100,,,24361.0,675.0,64.23,1.78,1.68,23788.0,686.0,62.72,1.81,1.75,574.0,152.0,1.51,0.4,16.1,13564.0,686.0,35.77,1.81,3.07,9276.0,331.0,68.39,2.44,2.17,4288.0,331.0,31.61,2.44,4.69,231.0,110.0,1.7,0.81,28.95,216.0,134.0,1.59,0.99,37.71,724.0,246.0,5.34,1.81,20.66,17.0,118.0,0.13,0.87,421.96,12351.0,262.0,91.06,1.93,1.29,22.0,114.0,0.16,0.84,315.0,35390.0,1145.0,93.32,3.02,1.97,30113.0,566.0,85.09,1.6,1.14,1730.0,276.0,4.89,0.78,9.7,1671.0,343.0,4.72,0.97,12.48,30289.0,796.0,79.87,2.1,1.6,21343.0,394.0,70.46,1.3,1.12,18701.0,421.0,61.74,1.39,1.37,2569.0,260.0,8.48,0.86,6.15,74.0,124.0,0.24,0.41,101.86,8946.0,394.0,29.54,1.3,2.68,,,12.04,1.2,6.15,18509.0,429.0,48.8,1.13,1.41,9057.0,391.0,48.93,2.11,2.62,607.0,128.0,3.28,0.69,12.82,7844.0,381.0,42.38,2.06,2.95,389.0,117.0,2.1,0.63,18.28,464.0,143.0,2.51,0.77,18.73,18705.0,398.0,49.32,1.05,1.29,25.0,114.0,0.13,0.61,277.2,698.0,148.0,3.73,0.79,12.89,435.0,110.0,2.33,0.59,15.37,196.0,95.0,1.05,0.51,29.46,1843.0,223.0,9.85,1.19,7.36,2225.0,234.0,11.9,1.25,6.39,393.0,88.0,2.1,0.47,13.61,1058.0,170.0,5.66,0.91,9.77,1393.0,178.0,7.45,0.95,7.77,6750.0,333.0,36.09,1.78,3.0,1268.0,170.0,6.78,0.91,8.15,868.0,168.0,4.64,0.9,11.77,1555.0,215.0,8.31,1.15,8.41,447.0,104.0,4.04,0.94,14.14,465.0,114.0,4.2,1.03,14.9,872.0,135.0,7.88,1.22,9.41,887.0,146.0,8.02,1.32,10.01,1218.0,160.0,11.01,1.45,7.99,1980.0,194.0,17.89,1.75,5.96,1802.0,190.0,16.29,1.72,6.41,2038.0,195.0,18.42,1.76,5.82,876.0,132.0,7.92,1.19,9.16,482.0,105.0,4.36,0.95,13.24,9356.0,167.0,84.55,1.51,1.09,3521.0,214.0,31.82,1.93,3.69,2369.0,191.0,21.41,1.73,4.9,528.0,97.0,4.77,0.88,11.17,368.0,104.0,3.33,0.94,17.18,1716.0,174.0,15.51,1.57,6.16,34121.0,363.0,90.23,0.96,0.65,24374.0,681.0,64.46,1.8,1.7,12557.0,643.0,33.21,1.7,3.11,3694.0,363.0,9.77,0.96,5.97,17133.0,410.0,45.18,1.08,1.45,20793.0,410.0,54.83,1.08,1.2,2535.0,296.0,6.68,0.78,7.1,2306.0,239.0,6.08,0.63,6.3,2339.0,235.0,6.17,0.62,6.11,2496.0,239.0,6.58,0.63,5.82,2937.0,273.0,7.74,0.72,5.65,4965.0,375.0,13.09,0.99,4.59,4358.0,322.0,11.49,0.85,4.49,5852.0,338.0,15.43,0.89,3.51,3022.0,262.0,7.97,0.69,5.27,2165.0,239.0,5.71,0.63,6.71,2744.0,243.0,7.24,0.64,5.38,1513.0,171.0,3.99,0.45,6.87,710.0,114.0,1.87,0.3,9.76,29231.0,440.0,77.08,1.16,0.92,4957.0,319.0,13.07,0.84,3.91,869.0,254.0,2.29,0.67,17.77,33363.0,611.0,87.97,1.61,1.11,168.0,205.0,0.44,0.54,74.18,849.0,311.0,2.24,0.82,22.27,14.0,118.0,0.04,0.31,512.38,1310.0,356.0,3.45,0.94,16.52,1350.0,292.0,3.56,0.77,13.15,2536.0,451.0,6.69,1.19,10.81,35389.0,451.0,93.31,1.19,0.77,342.0,133.0,0.9,0.35,23.64,32665.0,618.0,86.13,1.63,1.15,168.0,205.0,0.44,0.54,74.18,849.0,311.0,2.24,0.82,22.27,14.0,118.0,0.04,0.31,512.38,214.0,178.0,0.56,0.47,50.56,1130.0,277.0,2.98,0.73,14.9
11413,11413,11413,12280.0,,100,,,5053.0,276.0,41.15,2.25,3.32,12085.0,558.0,27.94,1.29,2.81,822.0,161.0,6.8,1.33,11.91,440.0,112.0,3.64,0.93,15.47,4247.0,280.0,35.14,2.32,4.01,2741.0,244.0,22.68,2.02,5.41,3832.0,297.0,31.71,2.46,4.71,29142.0,792.0,67.37,1.83,1.65,1232.0,210.0,4.23,0.72,10.36,2048.0,259.0,7.03,0.89,7.69,8127.0,455.0,27.89,1.56,3.4,7656.0,458.0,26.27,1.57,3.64,33445.0,826.0,77.32,1.91,1.5,1487.0,181.0,4.45,0.54,7.4,43170.0,177.0,99.81,0.41,0.25,4247.0,371.0,9.84,0.86,5.31,9779.0,580.0,22.61,1.34,3.61,290.0,105.0,2.97,1.07,22.01,27210.0,510.0,62.91,1.18,1.14,2038.0,242.0,7.49,0.89,7.22,6183.0,355.0,14.29,0.82,3.49,1919.0,177.0,31.04,2.87,5.61,42789.0,1267.0,98.93,2.93,1.8,40308.0,428.0,94.2,1.0,0.65,2176.0,411.0,5.09,0.96,11.48,296.0,120.0,0.69,0.28,24.64,43254.0,,100,,,27642.0,761.0,63.91,1.76,1.67,27088.0,761.0,62.63,1.76,1.71,564.0,147.0,1.3,0.34,15.84,15611.0,748.0,36.09,1.73,2.91,10800.0,379.0,69.18,2.43,2.13,4812.0,379.0,30.82,2.43,4.79,209.0,94.0,1.34,0.6,27.34,244.0,133.0,1.56,0.85,33.14,922.0,237.0,5.91,1.52,15.63,5.0,97.0,0.03,0.62,1179.33,14152.0,281.0,90.65,1.8,1.21,78.0,89.0,0.5,0.57,69.36,40713.0,1276.0,94.13,2.95,1.91,35159.0,586.0,86.36,1.44,1.01,1592.0,265.0,3.91,0.65,10.12,1647.0,350.0,4.05,0.86,12.92,34790.0,817.0,80.43,1.89,1.43,23273.0,449.0,66.9,1.29,1.17,21192.0,473.0,60.91,1.36,1.36,2052.0,240.0,5.9,0.69,7.11,25.0,97.0,0.07,0.28,235.87,11517.0,449.0,33.1,1.29,2.37,,,8.82,1.02,7.11,20245.0,510.0,46.81,1.18,1.53,9699.0,405.0,47.91,2.0,2.54,1110.0,178.0,5.48,0.88,9.75,8389.0,429.0,41.44,2.12,3.11,398.0,148.0,1.97,0.73,22.61,482.0,156.0,2.38,0.77,19.67,21188.0,484.0,48.99,1.12,1.39,25.0,91.0,0.12,0.43,221.28,925.0,176.0,4.37,0.83,11.57,459.0,119.0,2.17,0.56,15.76,178.0,87.0,0.84,0.41,29.71,2077.0,248.0,9.8,1.17,7.26,2275.0,252.0,10.74,1.19,6.73,361.0,91.0,1.7,0.43,15.32,1485.0,201.0,7.01,0.95,8.23,2009.0,267.0,9.48,1.26,8.08,7319.0,369.0,34.54,1.74,3.06,1528.0,218.0,7.21,1.03,8.67,912.0,170.0,4.3,0.8,11.33,1633.0,220.0,7.71,1.04,8.19,372.0,92.0,3.03,0.75,15.03,383.0,113.0,3.12,0.92,17.94,699.0,134.0,5.69,1.09,11.65,866.0,145.0,7.05,1.18,10.18,1251.0,178.0,10.19,1.45,8.65,2206.0,215.0,17.96,1.75,5.92,1978.0,196.0,16.11,1.6,6.02,2386.0,211.0,19.43,1.72,5.38,1397.0,188.0,11.38,1.53,8.18,745.0,130.0,6.07,1.06,10.61,10439.0,182.0,85.01,1.48,1.06,4233.0,238.0,34.47,1.94,3.42,3169.0,223.0,25.81,1.82,4.28,569.0,114.0,4.63,0.93,12.18,467.0,104.0,3.8,0.85,13.54,1753.0,195.0,14.28,1.59,6.76,39660.0,363.0,91.87,0.84,0.56,29228.0,725.0,67.7,1.68,1.51,14934.0,717.0,34.59,1.66,2.92,3510.0,363.0,8.13,0.84,6.29,19556.0,489.0,45.21,1.13,1.52,23698.0,489.0,54.79,1.13,1.25,2541.0,277.0,5.87,0.64,6.63,2475.0,285.0,5.72,0.66,7.0,2730.0,285.0,6.31,0.66,6.35,3213.0,272.0,7.43,0.63,5.15,3162.0,307.0,7.31,0.71,5.9,5923.0,424.0,13.69,0.98,4.35,5462.0,389.0,12.63,0.9,4.33,6598.0,411.0,15.25,0.95,3.79,2528.0,260.0,5.84,0.6,6.25,2434.0,264.0,5.63,0.61,6.59,3672.0,324.0,8.49,0.75,5.36,1888.0,212.0,4.36,0.49,6.83,621.0,121.0,1.44,0.28,11.84,33471.0,515.0,77.38,1.19,0.94,6192.0,402.0,14.32,0.93,3.95,1220.0,342.0,2.82,0.79,17.04,39247.0,666.0,90.74,1.54,1.03,96.0,117.0,0.22,0.27,74.09,527.0,216.0,1.22,0.5,24.92,120.0,147.0,0.28,0.34,74.47,1211.0,389.0,2.8,0.9,19.53,830.0,216.0,1.92,0.5,15.82,2861.0,510.0,6.61,1.18,10.84,40393.0,510.0,93.39,1.18,0.77,504.0,164.0,1.17,0.38,19.78,38088.0,722.0,88.06,1.67,1.15,85.0,117.0,0.2,0.27,83.68,523.0,216.0,1.21,0.5,25.11,120.0,147.0,0.28,0.34,74.47,347.0,281.0,0.8,0.65,49.23,722.0,203.0,1.67,0.47,17.09
11414,11414,11414,10662.0,,100,,,3122.0,385.0,29.28,3.61,7.5,6139.0,726.0,21.73,2.57,7.19,478.0,197.0,7.79,3.21,25.05,396.0,169.0,6.45,2.76,25.94,2540.0,373.0,41.38,6.08,8.93,1163.0,274.0,18.95,4.47,14.32,1562.0,309.0,25.44,5.04,12.03,20895.0,1503.0,73.97,5.32,4.37,1460.0,376.0,6.99,1.8,15.66,1804.0,387.0,8.63,1.85,13.04,6432.0,562.0,30.78,2.69,5.31,5709.0,685.0,27.32,3.28,7.29,22723.0,1652.0,80.44,5.85,4.42,1406.0,266.0,6.19,1.17,11.5,28233.0,62.0,99.95,0.22,0.13,3963.0,519.0,14.04,1.84,7.96,5517.0,706.0,19.53,2.5,7.78,349.0,187.0,6.33,3.39,32.57,16747.0,686.0,59.29,2.43,2.49,1391.0,315.0,8.31,1.88,13.77,5968.0,494.0,21.13,1.75,5.03,2227.0,278.0,37.31,4.65,7.59,28120.0,989.0,99.55,3.5,2.14,25508.0,815.0,90.71,2.9,1.94,2544.0,813.0,9.05,2.89,19.43,62.0,62.0,0.22,0.22,60.79,28247.0,,100,,,22582.0,791.0,79.94,2.8,2.13,21678.0,853.0,76.74,3.02,2.39,917.0,305.0,3.25,1.08,20.22,5665.0,895.0,20.06,3.17,9.6,4236.0,339.0,74.77,5.99,4.86,1429.0,339.0,25.22,5.99,14.42,2519.0,466.0,44.47,8.23,11.25,928.0,295.0,16.38,5.21,19.32,69.0,77.0,1.22,1.36,67.84,0.0,,0.0,,,2071.0,492.0,36.56,8.68,14.44,78.0,97.0,1.38,1.72,75.6,26776.0,1576.0,94.79,5.58,3.58,17492.0,1103.0,65.33,4.12,3.83,2959.0,506.0,11.05,1.89,10.4,3900.0,803.0,14.57,3.0,12.52,23416.0,1709.0,82.9,6.05,4.44,14231.0,646.0,60.78,2.76,2.76,13160.0,653.0,56.2,2.79,3.02,1077.0,290.0,4.6,1.24,16.37,0.0,,0.0,,,9184.0,646.0,39.22,2.76,4.28,,,7.57,2.01,16.37,12762.0,576.0,45.18,2.04,2.74,7554.0,505.0,59.19,3.96,4.06,887.0,258.0,6.95,2.02,17.68,3883.0,489.0,30.43,3.83,7.66,283.0,134.0,2.22,1.05,28.78,128.0,98.0,1.0,0.77,46.54,13153.0,613.0,46.56,2.17,2.83,0.0,,0.0,,,926.0,289.0,7.04,2.2,18.97,769.0,299.0,5.85,2.27,23.64,516.0,187.0,3.92,1.42,22.03,1122.0,301.0,8.53,2.29,16.31,977.0,249.0,7.43,1.89,15.49,456.0,162.0,3.47,1.23,21.6,1442.0,306.0,10.96,2.33,12.9,1245.0,280.0,9.47,2.13,13.67,3312.0,426.0,25.18,3.24,7.82,983.0,278.0,7.47,2.11,17.19,578.0,199.0,4.39,1.51,20.93,816.0,203.0,6.2,1.54,15.12,628.0,190.0,5.89,1.78,18.39,493.0,187.0,4.62,1.75,23.06,714.0,211.0,6.7,1.98,17.96,753.0,218.0,7.06,2.04,17.6,1385.0,313.0,12.99,2.94,13.74,1673.0,308.0,15.69,2.89,11.19,1600.0,332.0,15.01,3.11,12.61,1534.0,294.0,14.39,2.76,11.65,1126.0,273.0,10.56,2.56,14.74,753.0,192.0,7.06,1.8,15.5,8113.0,336.0,76.09,3.15,2.52,4579.0,414.0,42.95,3.88,5.5,2639.0,339.0,24.75,3.18,7.81,444.0,175.0,4.16,1.64,23.96,124.0,69.0,1.16,0.65,33.83,841.0,237.0,7.89,2.22,17.13,26414.0,457.0,93.56,1.62,1.05,20111.0,937.0,71.23,3.32,2.83,10346.0,1002.0,36.65,3.55,5.89,1819.0,457.0,6.44,1.62,15.27,13358.0,534.0,47.29,1.89,2.43,14889.0,534.0,52.71,1.89,2.18,1471.0,379.0,5.21,1.34,15.66,1610.0,353.0,5.7,1.25,13.33,1573.0,305.0,5.57,1.08,11.79,1358.0,325.0,4.81,1.15,14.55,1320.0,302.0,4.67,1.07,13.91,2690.0,517.0,9.52,1.83,11.68,4080.0,619.0,14.44,2.19,9.22,4068.0,596.0,14.4,2.11,8.91,1995.0,379.0,7.06,1.34,11.55,2108.0,381.0,7.46,1.35,10.99,2831.0,427.0,10.02,1.51,9.17,1933.0,370.0,6.84,1.31,11.64,1211.0,330.0,4.29,1.17,16.57,22723.0,607.0,80.44,2.15,1.62,5968.0,653.0,21.13,2.31,6.65,22443.0,932.0,79.45,3.3,2.52,513.0,362.0,1.82,1.28,42.9,0.0,,0.0,,,1161.0,458.0,4.11,1.62,23.98,0.0,,0.0,,,2856.0,794.0,10.11,2.81,16.9,1268.0,441.0,4.49,1.56,21.14,6222.0,960.0,22.03,3.4,9.38,22025.0,960.0,77.97,3.4,2.65,19668.0,1008.0,69.63,3.57,3.12,463.0,359.0,1.64,1.27,47.14,0.0,,0.0,,,1161.0,458.0,4.11,1.62,23.98,0.0,,0.0,,,312.0,294.0,1.1,1.04,57.28,399.0,223.0,1.41,0.79,33.98
11415,11415,"11415, 11424",9359.0,,100,,,2502.0,264.0,26.73,2.82,6.41,5063.0,479.0,24.29,2.3,5.75,354.0,113.0,6.99,2.23,19.4,258.0,108.0,5.1,2.13,25.45,1878.0,229.0,37.09,4.52,7.41,979.0,200.0,19.34,3.96,12.42,1592.0,214.0,31.45,4.23,8.17,14929.0,878.0,71.61,4.21,3.58,804.0,170.0,5.39,1.14,12.85,874.0,188.0,5.85,1.26,13.08,2616.0,269.0,17.52,1.8,6.25,6952.0,421.0,46.57,2.82,3.68,16361.0,905.0,78.48,4.34,3.36,385.0,95.0,2.35,0.58,15.0,20847.0,0.0,100.0,0.0,0.0,1845.0,238.0,8.85,1.14,7.84,4486.0,469.0,21.52,2.25,6.36,69.0,68.0,1.54,1.52,59.91,13533.0,707.0,64.92,3.39,3.18,773.0,152.0,5.71,1.12,11.95,2824.0,227.0,13.55,1.09,4.89,1005.0,132.0,35.59,4.68,7.98,20637.0,1057.0,98.99,5.07,3.11,18757.0,371.0,90.89,1.8,1.2,1670.0,357.0,8.09,1.73,13.0,210.0,109.0,1.02,0.53,31.55,20847.0,,100,,,12561.0,521.0,60.25,2.5,2.52,11704.0,555.0,56.14,2.66,2.88,855.0,244.0,4.1,1.17,17.35,8286.0,525.0,39.75,2.52,3.85,5390.0,330.0,65.05,3.98,3.72,2896.0,330.0,34.95,3.98,6.93,1906.0,306.0,23.0,3.69,9.76,3227.0,378.0,38.95,4.56,7.12,190.0,120.0,2.29,1.45,38.39,25.0,66.0,0.3,0.8,160.49,2894.0,365.0,34.93,4.4,7.67,45.0,49.0,0.54,0.59,66.19,19466.0,992.0,93.38,4.76,3.1,8494.0,646.0,43.64,3.32,4.62,4101.0,405.0,21.07,2.08,6.0,4293.0,625.0,22.05,3.21,8.85,16876.0,1024.0,80.95,4.91,3.69,11460.0,403.0,67.91,2.39,2.14,10813.0,405.0,64.07,2.4,2.28,641.0,174.0,3.8,1.03,16.5,0.0,,0.0,,,5416.0,403.0,32.09,2.39,4.52,,,5.59,1.51,16.5,10463.0,496.0,50.19,2.38,2.88,2903.0,301.0,27.75,2.88,6.3,334.0,123.0,3.19,1.18,22.39,5719.0,322.0,54.66,3.08,3.42,601.0,165.0,5.74,1.58,16.69,501.0,144.0,4.79,1.38,17.47,10821.0,500.0,51.91,2.4,2.81,8.0,66.0,0.07,0.61,501.52,499.0,153.0,4.61,1.41,18.64,357.0,110.0,3.3,1.02,18.73,299.0,114.0,2.76,1.05,23.18,997.0,288.0,9.21,2.66,17.56,849.0,199.0,7.85,1.84,14.25,441.0,124.0,4.08,1.15,17.09,1126.0,189.0,10.41,1.75,10.2,1633.0,227.0,15.09,2.1,8.45,2689.0,304.0,24.85,2.81,6.87,943.0,196.0,8.71,1.81,12.64,433.0,132.0,4.0,1.22,18.53,552.0,134.0,5.1,1.24,14.76,655.0,168.0,7.0,1.79,15.59,318.0,112.0,3.4,1.2,21.41,850.0,166.0,9.08,1.77,11.87,827.0,183.0,8.84,1.96,13.45,959.0,183.0,10.25,1.95,11.6,1873.0,232.0,20.01,2.48,7.53,1268.0,215.0,13.55,2.3,10.31,1372.0,204.0,14.66,2.18,9.04,647.0,151.0,6.91,1.61,14.19,595.0,128.0,6.36,1.37,13.08,7564.0,207.0,80.82,2.21,1.66,2201.0,223.0,23.52,2.38,6.16,1238.0,178.0,13.23,1.9,8.74,425.0,103.0,4.54,1.1,14.73,335.0,110.0,3.58,1.17,19.96,723.0,137.0,7.73,1.46,11.52,19095.0,319.0,91.6,1.53,1.02,13614.0,640.0,65.31,3.07,2.86,6748.0,630.0,32.37,3.02,5.68,1751.0,319.0,8.4,1.53,11.07,10149.0,365.0,48.68,1.75,2.19,10698.0,365.0,51.32,1.75,2.07,1381.0,256.0,6.62,1.23,11.27,1193.0,183.0,5.72,0.88,9.32,1179.0,219.0,5.66,1.05,11.29,1025.0,244.0,4.92,1.17,14.47,1136.0,211.0,5.45,1.01,11.29,3468.0,371.0,16.64,1.78,6.5,3304.0,346.0,15.85,1.66,6.37,2795.0,306.0,13.41,1.47,6.66,1218.0,221.0,5.84,1.06,11.03,1315.0,254.0,6.31,1.22,11.74,1581.0,198.0,7.58,0.95,7.61,797.0,158.0,3.82,0.76,12.05,449.0,121.0,2.15,0.58,16.38,16361.0,373.0,78.48,1.79,1.39,2824.0,284.0,13.55,1.36,6.11,12278.0,721.0,58.9,3.46,3.57,1403.0,317.0,6.73,1.52,13.74,71.0,100.0,0.34,0.48,85.62,3928.0,627.0,18.84,3.01,9.7,0.0,,0.0,,,2437.0,636.0,11.69,3.05,15.86,728.0,194.0,3.49,0.93,16.2,5258.0,694.0,25.22,3.33,8.02,15589.0,694.0,74.78,3.33,2.71,9656.0,690.0,46.32,3.31,4.34,1326.0,315.0,6.36,1.51,14.44,51.0,104.0,0.24,0.5,123.96,3917.0,627.0,18.79,3.01,9.73,0.0,,0.0,,,133.0,88.0,0.64,0.42,40.22,505.0,171.0,2.42,0.82,20.58
11416,11416,11416,7314.0,,100,,,3438.0,206.0,47.01,2.81,3.64,7523.0,445.0,28.05,1.66,3.6,373.0,102.0,4.96,1.35,16.62,303.0,71.0,4.03,0.95,14.24,2908.0,229.0,38.66,3.05,4.79,1781.0,194.0,23.68,2.58,6.62,2156.0,218.0,28.66,2.9,6.15,17283.0,716.0,64.44,2.67,2.52,2570.0,256.0,14.87,1.48,6.06,1937.0,233.0,11.21,1.35,7.31,5307.0,334.0,30.71,1.93,3.83,3651.0,292.0,21.12,1.69,4.86,20337.0,917.0,75.82,3.42,2.74,354.0,87.0,1.74,0.43,14.94,26811.0,30.0,99.96,0.11,0.07,2950.0,306.0,11.0,1.14,6.31,6479.0,456.0,24.16,1.7,4.28,269.0,89.0,4.15,1.38,20.11,17685.0,370.0,65.94,1.38,1.27,1669.0,233.0,9.44,1.32,8.49,2646.0,236.0,9.87,0.88,5.42,1013.0,119.0,38.29,4.5,7.14,26542.0,1094.0,98.96,4.08,2.51,24034.0,438.0,90.55,1.65,1.11,2270.0,427.0,8.55,1.61,11.43,232.0,109.0,0.87,0.41,28.56,26821.0,,100,,,12995.0,544.0,48.45,2.03,2.54,12040.0,518.0,44.89,1.93,2.62,959.0,209.0,3.58,0.78,13.25,13826.0,574.0,51.55,2.14,2.52,8297.0,405.0,60.01,2.93,2.97,5529.0,405.0,39.99,2.93,4.45,696.0,185.0,5.03,1.34,16.16,4341.0,467.0,31.4,3.38,6.54,263.0,126.0,1.9,0.91,29.12,0.0,,0.0,,,8457.0,469.0,61.17,3.39,3.37,73.0,90.0,0.53,0.65,74.95,25044.0,1153.0,93.37,4.3,2.8,9973.0,616.0,39.82,2.46,3.75,6517.0,481.0,26.02,1.92,4.49,8452.0,624.0,33.75,2.49,4.49,21128.0,936.0,78.77,3.49,2.69,13290.0,391.0,62.9,1.85,1.79,11958.0,385.0,56.6,1.82,1.96,1329.0,173.0,6.29,0.82,7.91,0.0,,0.0,,,7839.0,391.0,37.1,1.85,3.03,,,10.0,1.27,7.91,11422.0,400.0,42.59,1.49,2.13,3479.0,262.0,30.46,2.29,4.58,692.0,143.0,6.06,1.25,12.56,6103.0,292.0,53.43,2.56,2.91,629.0,145.0,5.51,1.27,14.01,371.0,121.0,3.25,1.06,19.83,11963.0,378.0,44.6,1.41,1.92,25.0,84.0,0.21,0.7,204.26,925.0,181.0,7.73,1.51,11.9,783.0,193.0,6.55,1.61,14.98,276.0,84.0,2.31,0.7,18.5,1296.0,175.0,10.83,1.46,8.21,1221.0,175.0,10.21,1.46,8.71,211.0,74.0,1.76,0.62,21.32,803.0,135.0,6.71,1.13,10.22,1043.0,158.0,8.72,1.32,9.21,2806.0,270.0,23.46,2.26,5.85,1395.0,197.0,11.66,1.65,8.58,723.0,130.0,6.04,1.09,10.93,458.0,108.0,3.83,0.9,14.33,493.0,95.0,6.74,1.3,11.71,197.0,73.0,2.69,1.0,22.53,812.0,138.0,11.1,1.88,10.33,695.0,122.0,9.5,1.67,10.67,1012.0,154.0,13.84,2.11,9.25,1171.0,166.0,16.01,2.27,8.62,1121.0,167.0,15.33,2.28,9.06,1129.0,151.0,15.44,2.06,8.13,434.0,98.0,5.93,1.34,13.73,252.0,69.0,3.45,0.95,16.64,6362.0,144.0,86.98,1.97,1.38,1703.0,166.0,23.28,2.27,5.93,810.0,132.0,11.07,1.81,9.91,595.0,117.0,8.14,1.6,11.95,281.0,78.0,3.84,1.07,16.87,1641.0,177.0,22.44,2.42,6.56,23445.0,389.0,87.45,1.45,1.01,12530.0,694.0,46.73,2.59,3.37,12244.0,657.0,45.67,2.45,3.26,3366.0,389.0,12.55,1.45,7.03,12973.0,338.0,48.37,1.26,1.58,13848.0,338.0,51.63,1.26,1.48,1778.0,233.0,6.63,0.87,7.97,1676.0,196.0,6.25,0.73,7.11,1790.0,209.0,6.67,0.78,7.1,1900.0,212.0,7.08,0.79,6.78,2403.0,260.0,8.96,0.97,6.58,3923.0,333.0,14.63,1.24,5.16,3716.0,295.0,13.85,1.1,4.83,3727.0,290.0,13.9,1.08,4.73,1845.0,236.0,6.88,0.88,7.78,1435.0,193.0,5.35,0.72,8.18,1547.0,198.0,5.77,0.74,7.78,809.0,150.0,3.02,0.56,11.27,282.0,72.0,1.05,0.27,15.52,20337.0,392.0,75.82,1.46,1.17,2646.0,266.0,9.87,0.99,6.11,7750.0,679.0,28.9,2.53,5.33,1630.0,316.0,6.08,1.18,11.79,86.0,97.0,0.32,0.36,68.57,8754.0,735.0,32.64,2.74,5.1,45.0,97.0,0.17,0.36,131.04,7002.0,721.0,26.11,2.69,6.26,1552.0,330.0,5.79,1.23,12.93,11681.0,740.0,43.55,2.76,3.85,15140.0,740.0,56.45,2.76,2.97,3597.0,445.0,13.41,1.66,7.52,1435.0,298.0,5.35,1.11,12.62,83.0,97.0,0.31,0.36,71.04,8691.0,732.0,32.4,2.73,5.12,45.0,97.0,0.17,0.36,131.04,632.0,204.0,2.36,0.76,19.62,657.0,204.0,2.45,0.76,18.88
11417,11417,11417,9388.0,,100,,,3982.0,248.0,42.42,2.64,3.79,8469.0,540.0,26.83,1.71,3.88,387.0,124.0,4.57,1.46,19.48,465.0,123.0,5.49,1.45,16.08,3143.0,252.0,37.11,2.98,4.87,1807.0,202.0,21.34,2.39,6.8,2667.0,217.0,31.49,2.56,4.95,21052.0,732.0,66.69,2.32,2.11,2215.0,242.0,10.52,1.15,6.64,2562.0,284.0,12.17,1.35,6.74,6673.0,432.0,31.7,2.05,3.94,4844.0,383.0,23.01,1.82,4.81,24481.0,988.0,77.56,3.13,2.45,604.0,135.0,2.47,0.55,13.59,31558.0,22.0,99.97,0.07,0.04,3550.0,325.0,11.25,1.03,5.57,7082.0,458.0,22.44,1.45,3.93,389.0,120.0,5.49,1.69,18.75,21217.0,496.0,67.21,1.57,1.42,1771.0,223.0,8.35,1.05,7.65,3268.0,262.0,10.35,0.83,4.87,1388.0,140.0,42.47,4.27,6.13,31325.0,770.0,99.24,2.44,1.49,28071.0,539.0,89.61,1.72,1.17,2980.0,523.0,9.51,1.67,10.67,278.0,132.0,0.89,0.42,28.86,31566.0,,100,,,17237.0,663.0,54.61,2.1,2.34,15880.0,676.0,50.31,2.14,2.59,1361.0,319.0,4.31,1.01,14.25,14329.0,685.0,45.39,2.17,2.91,8803.0,407.0,61.44,2.84,2.81,5525.0,407.0,38.56,2.84,4.48,979.0,213.0,6.83,1.49,13.23,4070.0,454.0,28.4,3.17,6.78,158.0,90.0,1.1,0.63,34.63,0.0,,0.0,,,9118.0,457.0,63.64,3.19,3.05,7.0,77.0,0.05,0.54,668.69,29648.0,578.0,93.92,1.83,1.19,14169.0,854.0,47.79,2.88,3.66,6277.0,507.0,21.17,1.71,4.91,9084.0,815.0,30.64,2.75,5.45,25367.0,997.0,80.36,3.16,2.39,16277.0,386.0,64.17,1.52,1.44,14623.0,383.0,57.65,1.51,1.59,1661.0,218.0,6.55,0.86,7.98,0.0,,0.0,,,9090.0,386.0,35.83,1.52,2.58,,,10.2,1.32,7.98,14176.0,372.0,44.91,1.18,1.6,4990.0,330.0,35.2,2.33,4.02,1079.0,169.0,7.61,1.19,9.52,6923.0,357.0,48.83,2.52,3.13,731.0,156.0,5.16,1.1,12.97,340.0,102.0,2.4,0.72,18.24,14620.0,350.0,46.32,1.11,1.46,20.0,79.0,0.14,0.54,240.12,927.0,177.0,6.34,1.21,11.61,622.0,139.0,4.25,0.95,13.58,393.0,113.0,2.69,0.77,17.48,1594.0,215.0,10.9,1.47,8.2,1498.0,237.0,10.25,1.62,9.62,334.0,108.0,2.28,0.74,19.66,1231.0,194.0,8.42,1.33,9.58,1340.0,211.0,9.17,1.44,9.57,3672.0,291.0,25.12,1.99,4.82,1628.0,222.0,11.14,1.52,8.29,818.0,152.0,5.6,1.04,11.3,540.0,145.0,3.69,0.99,16.32,546.0,112.0,5.82,1.19,12.47,420.0,97.0,4.47,1.03,14.04,928.0,166.0,9.88,1.77,10.87,614.0,124.0,6.54,1.32,12.28,908.0,138.0,9.67,1.47,9.24,1859.0,224.0,19.8,2.39,7.32,1297.0,192.0,13.82,2.04,9.0,1744.0,196.0,18.58,2.09,6.83,665.0,127.0,7.08,1.35,11.61,411.0,115.0,4.38,1.23,17.01,8044.0,168.0,85.68,1.79,1.27,2280.0,213.0,24.29,2.27,5.68,944.0,133.0,10.06,1.42,8.56,527.0,100.0,5.61,1.06,11.54,276.0,86.0,2.94,0.92,18.94,1541.0,175.0,16.41,1.86,6.9,28077.0,372.0,88.97,1.18,0.81,17852.0,811.0,56.57,2.57,2.76,12401.0,767.0,39.3,2.43,3.76,3487.0,372.0,11.05,1.18,6.49,15447.0,376.0,48.94,1.19,1.48,16119.0,376.0,51.06,1.19,1.42,1918.0,249.0,6.08,0.79,7.89,1821.0,234.0,5.77,0.74,7.81,2119.0,259.0,6.71,0.82,7.43,2025.0,240.0,6.42,0.76,7.2,2630.0,313.0,8.33,0.99,7.23,4460.0,360.0,14.13,1.14,4.91,4296.0,335.0,13.61,1.06,4.74,5077.0,357.0,16.08,1.13,4.27,2397.0,265.0,7.59,0.84,6.72,1547.0,193.0,4.9,0.61,7.58,2039.0,249.0,6.46,0.79,7.42,802.0,155.0,2.54,0.49,11.75,426.0,110.0,1.35,0.35,15.7,24481.0,388.0,77.56,1.23,0.96,3268.0,309.0,10.35,0.98,5.75,11938.0,884.0,37.82,2.8,4.5,2351.0,442.0,7.45,1.4,11.43,67.0,85.0,0.21,0.27,77.12,8866.0,713.0,28.09,2.26,4.89,2.0,85.0,0.01,0.27,2583.59,6542.0,805.0,20.72,2.55,7.48,1794.0,344.0,5.68,1.09,11.66,12557.0,814.0,39.78,2.58,3.94,19009.0,814.0,60.22,2.58,2.6,6174.0,612.0,19.56,1.94,6.03,2110.0,388.0,6.68,1.23,11.18,14.0,88.0,0.04,0.28,382.11,8758.0,710.0,27.75,2.25,4.93,2.0,85.0,0.01,0.27,2583.59,1022.0,240.0,3.24,0.76,14.28,926.0,246.0,2.93,0.78,16.15
11418,11418,11418,11264.0,,100,,,4949.0,251.0,43.94,2.23,3.08,10235.0,516.0,26.76,1.35,3.06,450.0,111.0,4.4,1.08,14.99,461.0,113.0,4.5,1.1,14.9,4129.0,273.0,40.34,2.67,4.02,2237.0,210.0,21.86,2.05,5.71,2957.0,267.0,28.89,2.61,5.49,24991.0,665.0,65.35,1.74,1.62,3283.0,350.0,13.14,1.4,6.48,2776.0,305.0,11.11,1.22,6.68,7088.0,400.0,28.36,1.6,3.43,6521.0,372.0,26.09,1.49,3.47,28943.0,1124.0,75.68,2.94,2.36,553.0,107.0,1.91,0.37,11.76,38064.0,425.0,99.53,1.11,0.68,3077.0,308.0,8.08,0.81,6.08,9299.0,532.0,24.31,1.39,3.48,181.0,81.0,1.95,0.87,27.2,25225.0,650.0,65.96,1.7,1.57,1762.0,235.0,6.99,0.93,8.11,3531.0,268.0,9.23,0.7,4.61,1124.0,132.0,31.84,3.75,7.14,37884.0,1186.0,99.06,3.1,1.9,33389.0,614.0,88.14,1.62,1.12,4037.0,587.0,10.66,1.55,8.84,457.0,235.0,1.21,0.62,31.26,38244.0,,100,,,18266.0,643.0,47.76,1.68,2.14,17032.0,635.0,44.53,1.66,2.27,1237.0,226.0,3.23,0.59,11.11,19978.0,669.0,52.24,1.75,2.04,11017.0,523.0,55.15,2.62,2.89,8961.0,523.0,44.85,2.62,3.55,1056.0,178.0,5.29,0.89,10.25,5142.0,541.0,25.74,2.71,6.4,316.0,138.0,1.58,0.69,26.55,2.0,104.0,0.01,0.52,3161.09,13408.0,567.0,67.11,2.84,2.57,48.0,102.0,0.24,0.51,129.18,35625.0,983.0,93.15,2.57,1.68,13478.0,787.0,37.83,2.21,3.55,10124.0,627.0,28.42,1.76,3.76,13975.0,837.0,39.23,2.35,3.64,30065.0,1086.0,78.61,2.84,2.2,19405.0,457.0,64.54,1.52,1.43,17808.0,457.0,59.23,1.52,1.56,1593.0,216.0,5.3,0.72,8.24,4.0,99.0,0.01,0.33,1504.56,10660.0,457.0,35.46,1.52,2.61,,,8.21,1.1,8.24,17290.0,528.0,45.21,1.38,1.86,5075.0,316.0,29.35,1.83,3.79,1226.0,204.0,7.09,1.18,10.12,9289.0,368.0,53.72,2.13,2.41,854.0,175.0,4.94,1.01,12.46,591.0,140.0,3.42,0.81,14.4,17808.0,555.0,46.56,1.45,1.89,55.0,107.0,0.31,0.6,118.26,1834.0,260.0,10.3,1.46,8.62,830.0,144.0,4.66,0.81,10.55,458.0,112.0,2.57,0.63,14.87,1913.0,219.0,10.74,1.23,6.96,1718.0,230.0,9.65,1.29,8.14,292.0,89.0,1.64,0.5,18.53,1069.0,146.0,6.0,0.82,8.3,1912.0,205.0,10.74,1.15,6.52,3946.0,306.0,22.16,1.72,4.71,1924.0,237.0,10.8,1.33,7.49,1136.0,162.0,6.38,0.91,8.67,720.0,128.0,4.04,0.72,10.81,792.0,136.0,7.03,1.21,10.44,366.0,101.0,3.25,0.9,16.78,956.0,150.0,8.49,1.33,9.54,904.0,148.0,8.03,1.31,9.95,1327.0,173.0,11.78,1.54,7.93,2405.0,223.0,21.35,1.98,5.64,1657.0,188.0,14.71,1.67,6.9,1701.0,186.0,15.1,1.65,6.65,691.0,117.0,6.13,1.04,10.29,472.0,96.0,4.19,0.85,12.36,9702.0,170.0,86.13,1.51,1.07,2323.0,187.0,20.62,1.66,4.89,1067.0,126.0,9.47,1.12,7.18,639.0,119.0,5.67,1.06,11.32,431.0,91.0,3.83,0.81,12.84,1868.0,194.0,16.58,1.72,6.31,31879.0,571.0,83.75,1.5,1.09,18137.0,841.0,47.65,2.21,2.82,15500.0,742.0,40.72,1.95,2.91,6185.0,571.0,16.25,1.5,5.61,19081.0,421.0,49.89,1.1,1.34,19164.0,421.0,50.11,1.1,1.34,2620.0,294.0,6.85,0.77,6.82,2502.0,268.0,6.54,0.7,6.51,2537.0,264.0,6.63,0.69,6.33,2649.0,294.0,6.93,0.77,6.75,2939.0,283.0,7.68,0.74,5.85,6472.0,451.0,16.92,1.18,4.24,5040.0,337.0,13.18,0.88,4.06,5597.0,363.0,14.63,0.95,3.94,2217.0,249.0,5.8,0.65,6.83,1981.0,214.0,5.18,0.56,6.57,2193.0,226.0,5.73,0.59,6.26,1107.0,164.0,2.89,0.43,9.01,395.0,99.0,1.03,0.26,15.24,28945.0,459.0,75.68,1.2,0.96,3676.0,321.0,9.61,0.84,5.31,14861.0,937.0,38.86,2.45,3.83,2694.0,409.0,7.04,1.07,9.23,287.0,161.0,0.75,0.42,34.1,9976.0,860.0,26.08,2.25,5.24,0.0,,0.0,,,8232.0,872.0,21.52,2.28,6.44,2194.0,440.0,5.74,1.15,12.19,17170.0,956.0,44.9,2.5,3.38,21074.0,956.0,55.1,2.5,2.76,5709.0,467.0,14.93,1.22,4.97,2466.0,394.0,6.45,1.03,9.71,186.0,149.0,0.49,0.39,48.7,9972.0,860.0,26.07,2.25,5.24,0.0,,0.0,,,1449.0,382.0,3.79,1.0,16.03,1295.0,337.0,3.39,0.88,15.82
11419,11419,11419,12362.0,,100,,,5564.0,276.0,45.01,2.23,3.02,13462.0,599.0,25.85,1.15,2.7,555.0,133.0,4.12,0.99,14.57,825.0,135.0,6.13,1.0,9.95,4412.0,319.0,32.77,2.37,4.4,3167.0,258.0,23.53,1.92,4.95,4501.0,341.0,33.44,2.53,4.61,35315.0,781.0,67.81,1.5,1.34,6061.0,449.0,17.16,1.27,4.5,3945.0,335.0,11.17,0.95,5.16,11768.0,537.0,33.32,1.52,2.77,6656.0,463.0,18.85,1.31,4.23,41230.0,1177.0,79.17,2.26,1.74,539.0,115.0,1.31,0.28,12.97,52062.0,31.0,99.97,0.06,0.04,4508.0,380.0,8.66,0.73,5.12,10837.0,599.0,20.81,1.15,3.36,444.0,128.0,4.1,1.18,17.53,36201.0,802.0,69.51,1.54,1.35,2437.0,286.0,6.73,0.79,7.13,5031.0,323.0,9.66,0.62,3.9,1627.0,172.0,32.34,3.42,6.43,51495.0,1666.0,98.88,3.2,1.97,47657.0,597.0,92.55,1.16,0.76,3154.0,546.0,6.12,1.06,10.52,684.0,268.0,1.33,0.52,23.82,52078.0,,100,,,19910.0,807.0,38.23,1.55,2.46,18581.0,771.0,35.68,1.48,2.52,1344.0,229.0,2.58,0.44,10.36,32168.0,740.0,61.77,1.42,1.4,19989.0,669.0,62.14,2.08,2.03,12179.0,669.0,37.86,2.08,3.34,342.0,167.0,1.06,0.52,29.68,8153.0,772.0,25.35,2.4,5.76,93.0,122.0,0.29,0.38,79.75,16.0,106.0,0.05,0.33,402.74,23540.0,782.0,73.18,2.43,2.02,23.0,109.0,0.07,0.34,288.09,49151.0,1547.0,94.38,2.97,1.91,29819.0,988.0,60.67,2.01,2.01,7602.0,624.0,15.47,1.27,4.99,8580.0,831.0,17.46,1.69,5.89,42832.0,1271.0,82.25,2.44,1.8,28283.0,535.0,66.03,1.25,1.15,25516.0,540.0,59.57,1.26,1.29,2763.0,300.0,6.45,0.7,6.6,0.0,,0.0,,,14549.0,535.0,33.97,1.25,2.24,,,9.77,1.04,6.6,25097.0,542.0,48.19,1.04,1.31,8383.0,449.0,33.4,1.79,3.26,1833.0,264.0,7.3,1.05,8.76,12619.0,502.0,50.28,2.0,2.42,1508.0,213.0,6.01,0.85,8.59,317.0,98.0,1.26,0.39,18.79,25515.0,547.0,48.99,1.05,1.3,41.0,112.0,0.16,0.44,166.06,2399.0,304.0,9.4,1.19,7.7,1285.0,184.0,5.04,0.72,8.7,589.0,148.0,2.31,0.58,15.27,3573.0,334.0,14.0,1.31,5.68,3090.0,327.0,12.11,1.28,6.43,310.0,94.0,1.21,0.37,18.43,1743.0,217.0,6.83,0.85,7.57,2425.0,255.0,9.5,1.0,6.39,5512.0,355.0,21.6,1.39,3.92,2131.0,253.0,8.35,0.99,7.22,1674.0,217.0,6.56,0.85,7.88,737.0,148.0,2.89,0.58,12.21,632.0,120.0,5.11,0.97,11.54,493.0,116.0,3.99,0.94,14.3,1146.0,158.0,9.27,1.28,8.38,1218.0,177.0,9.85,1.43,8.83,1499.0,192.0,12.13,1.55,7.79,2495.0,226.0,20.18,1.83,5.51,1603.0,187.0,12.97,1.51,7.09,1869.0,190.0,15.12,1.54,6.18,793.0,134.0,6.41,1.08,10.27,617.0,135.0,4.99,1.09,13.3,11078.0,167.0,89.61,1.35,0.92,2768.0,218.0,22.39,1.76,4.79,1270.0,157.0,10.27,1.27,7.52,907.0,129.0,7.34,1.04,8.65,537.0,111.0,4.34,0.9,12.57,2450.0,229.0,19.82,1.85,5.68,44055.0,604.0,84.62,1.16,0.83,22117.0,979.0,42.48,1.88,2.69,24395.0,948.0,46.86,1.82,2.36,8007.0,604.0,15.38,1.16,4.59,26381.0,526.0,50.66,1.01,1.21,25697.0,526.0,49.34,1.01,1.24,2927.0,318.0,5.62,0.61,6.6,2522.0,245.0,4.84,0.47,5.91,3162.0,307.0,6.07,0.59,5.9,3586.0,323.0,6.89,0.62,5.48,4575.0,380.0,8.78,0.73,5.05,8309.0,479.0,15.95,0.92,3.5,7053.0,437.0,13.54,0.84,3.77,8240.0,469.0,15.82,0.9,3.46,3685.0,312.0,7.08,0.6,5.15,3010.0,266.0,5.78,0.51,5.37,3195.0,281.0,6.14,0.54,5.35,1415.0,214.0,2.72,0.41,9.19,413.0,99.0,0.79,0.19,14.57,41230.0,536.0,79.17,1.03,0.79,5031.0,349.0,9.66,0.67,4.22,6761.0,771.0,12.98,1.48,6.93,8815.0,870.0,16.93,1.67,6.0,508.0,224.0,0.98,0.43,26.81,15946.0,1172.0,30.62,2.25,4.47,0.0,,0.0,,,16629.0,1187.0,31.93,2.28,4.34,3418.0,521.0,6.56,1.0,9.27,10801.0,989.0,20.74,1.9,5.57,41277.0,989.0,79.26,1.9,1.46,2326.0,396.0,4.47,0.76,10.35,8507.0,859.0,16.34,1.65,6.14,344.0,182.0,0.66,0.35,32.16,15761.0,1167.0,30.26,2.24,4.5,0.0,,0.0,,,11397.0,1021.0,21.88,1.96,5.45,2942.0,500.0,5.65,0.96,10.33
11420,11420,11420,13120.0,,100,,,5796.0,307.0,44.18,2.34,3.22,14102.0,705.0,27.61,1.38,3.04,660.0,154.0,4.68,1.09,14.18,559.0,148.0,3.96,1.05,16.09,5261.0,350.0,37.31,2.48,4.04,2918.0,268.0,20.69,1.9,5.58,4700.0,334.0,33.33,2.37,4.32,33924.0,1267.0,66.43,2.48,2.27,4242.0,394.0,12.5,1.16,5.65,4487.0,414.0,13.23,1.22,5.61,11048.0,560.0,32.57,1.65,3.08,5813.0,438.0,17.14,1.29,4.58,39696.0,1466.0,77.73,2.87,2.25,831.0,151.0,2.09,0.38,11.05,51051.0,36.0,99.97,0.07,0.04,5880.0,511.0,11.52,1.0,5.28,11360.0,695.0,22.24,1.36,3.72,602.0,173.0,5.3,1.52,17.47,34173.0,684.0,66.92,1.34,1.22,3254.0,383.0,9.52,1.12,7.16,5523.0,378.0,10.81,0.74,4.16,2033.0,194.0,36.81,3.52,5.8,50492.0,1634.0,98.87,3.2,1.97,47655.0,465.0,94.38,0.92,0.59,2456.0,439.0,4.86,0.87,10.87,390.0,197.0,0.77,0.39,30.71,51069.0,,100,,,24744.0,873.0,48.45,1.71,2.14,22996.0,858.0,45.03,1.68,2.27,1748.0,286.0,3.42,0.56,9.95,26325.0,832.0,51.55,1.63,1.92,17232.0,642.0,65.46,2.44,2.26,9093.0,642.0,34.54,2.44,4.29,482.0,171.0,1.83,0.65,21.57,3841.0,671.0,14.59,2.55,10.62,255.0,142.0,0.97,0.54,33.85,7.0,111.0,0.03,0.42,963.96,21714.0,687.0,82.48,2.61,1.92,20.0,103.0,0.08,0.39,313.07,48193.0,1680.0,94.37,3.29,2.12,33210.0,1104.0,68.91,2.29,2.02,5607.0,593.0,11.63,1.23,6.43,8938.0,935.0,18.55,1.94,6.36,41198.0,1527.0,80.67,2.99,2.25,26844.0,589.0,65.16,1.43,1.33,23865.0,564.0,57.93,1.37,1.44,2976.0,330.0,7.22,0.8,6.74,10.0,111.0,0.02,0.27,674.77,14353.0,589.0,34.84,1.43,2.49,,,11.09,1.21,6.74,23187.0,557.0,45.4,1.09,1.46,9730.0,478.0,41.96,2.06,2.99,2078.0,267.0,8.96,1.15,7.81,9729.0,519.0,41.96,2.24,3.24,603.0,130.0,2.6,0.56,13.11,594.0,153.0,2.56,0.66,15.66,23868.0,557.0,46.74,1.09,1.42,35.0,110.0,0.15,0.46,191.06,1717.0,234.0,7.19,0.98,8.28,1219.0,212.0,5.11,0.89,10.57,450.0,124.0,1.89,0.52,16.75,3065.0,329.0,12.84,1.38,6.53,2885.0,289.0,12.09,1.21,6.09,404.0,115.0,1.69,0.48,17.3,1869.0,222.0,7.83,0.93,7.22,2319.0,263.0,9.72,1.1,6.89,5551.0,391.0,23.26,1.64,4.28,1730.0,241.0,7.25,1.01,8.47,1814.0,248.0,7.6,1.04,8.31,807.0,165.0,3.38,0.69,12.43,734.0,154.0,5.59,1.17,12.75,358.0,114.0,2.73,0.87,19.36,1201.0,186.0,9.15,1.42,9.41,1177.0,185.0,8.97,1.41,9.55,1988.0,236.0,15.15,1.8,7.22,2280.0,240.0,17.38,1.83,6.4,1758.0,216.0,13.4,1.65,7.47,2211.0,237.0,16.85,1.81,6.52,809.0,134.0,6.17,1.02,10.07,608.0,135.0,4.63,1.03,13.5,11301.0,215.0,86.14,1.64,1.16,3435.0,252.0,26.18,1.92,4.46,1965.0,198.0,14.98,1.51,6.13,1034.0,173.0,7.88,1.32,10.17,832.0,172.0,6.34,1.31,12.57,2333.0,262.0,17.78,2.0,6.83,45069.0,587.0,88.28,1.15,0.79,26863.0,1118.0,52.62,2.19,2.53,21628.0,1047.0,42.37,2.05,2.94,5982.0,587.0,11.72,1.15,5.97,24813.0,552.0,48.59,1.08,1.35,26255.0,552.0,51.41,1.08,1.28,2876.0,363.0,5.63,0.71,7.67,2953.0,317.0,5.78,0.62,6.53,3467.0,347.0,6.79,0.68,6.08,3402.0,332.0,6.66,0.65,5.93,4448.0,378.0,8.71,0.74,5.17,7144.0,516.0,13.99,1.01,4.39,6957.0,424.0,13.62,0.83,3.7,7970.0,480.0,15.61,0.94,3.66,3503.0,327.0,6.86,0.64,5.67,2838.0,312.0,5.56,0.61,6.68,3435.0,327.0,6.73,0.64,5.79,1533.0,214.0,3.0,0.42,8.49,551.0,153.0,1.08,0.3,16.88,39704.0,603.0,77.75,1.18,0.92,5523.0,424.0,10.81,0.83,4.67,8194.0,975.0,16.05,1.91,7.23,12760.0,1032.0,24.99,2.02,4.92,837.0,378.0,1.64,0.74,27.45,12732.0,1154.0,24.93,2.26,5.51,74.0,143.0,0.14,0.28,117.47,13097.0,1241.0,25.65,2.43,5.76,3367.0,521.0,6.59,1.02,9.41,11557.0,1113.0,22.63,2.18,5.85,39512.0,1113.0,77.37,2.18,1.71,2954.0,485.0,5.78,0.95,9.98,12205.0,1021.0,23.9,2.0,5.09,584.0,306.0,1.14,0.6,31.85,12674.0,1149.0,24.82,2.25,5.51,74.0,143.0,0.14,0.28,117.47,8071.0,1052.0,15.8,2.06,7.92,2955.0,495.0,5.79,0.97,10.18
11421,11421,11421,12154.0,,100,,,5051.0,289.0,41.56,2.38,3.48,10269.0,498.0,23.72,1.15,2.95,535.0,129.0,5.21,1.26,14.66,458.0,133.0,4.46,1.3,17.65,4248.0,305.0,41.37,2.97,4.36,2136.0,239.0,20.8,2.33,6.8,2892.0,285.0,28.16,2.78,5.99,28733.0,974.0,66.37,2.25,2.06,4123.0,468.0,14.35,1.63,6.9,2803.0,351.0,9.76,1.22,7.61,8745.0,500.0,30.44,1.74,3.48,6231.0,454.0,21.69,1.58,4.43,33470.0,978.0,77.31,2.26,1.78,870.0,151.0,2.6,0.45,10.55,43281.0,65.0,99.97,0.15,0.09,3832.0,424.0,8.85,0.98,6.73,9811.0,593.0,22.66,1.37,3.67,337.0,116.0,3.43,1.18,20.92,28927.0,645.0,66.81,1.49,1.36,2023.0,278.0,6.99,0.96,8.35,4553.0,355.0,10.52,0.82,4.74,1468.0,184.0,32.24,4.04,7.62,42843.0,1511.0,98.96,3.49,2.14,38364.0,763.0,89.55,1.78,1.21,4136.0,750.0,9.65,1.75,11.02,341.0,129.0,0.8,0.3,23.0,43294.0,,100,,,22564.0,870.0,52.12,2.01,2.34,20820.0,849.0,48.09,1.96,2.48,1737.0,299.0,4.01,0.69,10.46,20730.0,935.0,47.88,2.16,2.74,11571.0,616.0,55.82,2.97,3.24,9159.0,616.0,44.18,2.97,4.09,1751.0,255.0,8.45,1.23,8.85,5222.0,578.0,25.19,2.79,6.73,150.0,108.0,0.72,0.52,43.77,7.0,104.0,0.03,0.5,903.17,13504.0,607.0,65.14,2.93,2.73,84.0,95.0,0.41,0.46,68.75,40253.0,1550.0,92.98,3.58,2.34,13443.0,890.0,33.4,2.21,4.02,12314.0,741.0,30.59,1.84,3.66,18463.0,1014.0,45.87,2.52,3.34,34705.0,1108.0,80.16,2.56,1.94,23093.0,514.0,66.54,1.48,1.35,21411.0,538.0,61.69,1.55,1.53,1669.0,236.0,4.81,0.68,8.6,15.0,108.0,0.04,0.31,437.69,11612.0,514.0,33.46,1.48,2.69,,,7.23,1.01,8.6,20867.0,567.0,48.2,1.31,1.65,5771.0,413.0,27.66,1.98,4.35,1206.0,286.0,5.78,1.37,14.42,12408.0,470.0,59.46,2.25,2.3,1034.0,207.0,4.96,0.99,12.17,312.0,111.0,1.5,0.53,21.63,21411.0,580.0,49.45,1.34,1.65,12.0,98.0,0.06,0.46,496.45,1455.0,238.0,6.8,1.11,9.94,1084.0,197.0,5.06,0.92,11.05,647.0,161.0,3.02,0.75,15.13,2300.0,285.0,10.74,1.33,7.53,1915.0,274.0,8.94,1.28,8.7,260.0,101.0,1.21,0.47,23.61,1700.0,242.0,7.94,1.13,8.65,2322.0,285.0,10.84,1.33,7.46,4721.0,392.0,22.05,1.83,5.05,2613.0,302.0,12.2,1.41,7.03,1560.0,229.0,7.29,1.07,8.92,821.0,171.0,3.83,0.8,12.66,607.0,131.0,4.99,1.08,13.12,463.0,123.0,3.81,1.01,16.15,993.0,165.0,8.17,1.36,10.1,1006.0,174.0,8.28,1.43,10.51,1445.0,190.0,11.89,1.56,7.99,2462.0,256.0,20.26,2.11,6.32,1633.0,216.0,13.44,1.78,8.04,2121.0,224.0,17.45,1.84,6.42,799.0,139.0,6.57,1.14,10.58,625.0,137.0,5.14,1.13,13.33,10556.0,193.0,86.85,1.59,1.11,3231.0,250.0,26.58,2.06,4.7,1447.0,180.0,11.91,1.48,7.56,814.0,152.0,6.7,1.25,11.35,290.0,78.0,2.39,0.64,16.35,1993.0,232.0,16.4,1.91,7.08,37291.0,675.0,86.16,1.56,1.1,22707.0,969.0,52.46,2.24,2.59,16787.0,926.0,38.79,2.14,3.35,5990.0,675.0,13.84,1.56,6.85,21407.0,485.0,49.45,1.12,1.38,21887.0,485.0,50.55,1.12,1.35,3041.0,355.0,7.02,0.82,7.1,2639.0,307.0,6.1,0.71,7.07,2470.0,268.0,5.71,0.62,6.6,2716.0,290.0,6.27,0.67,6.49,3702.0,368.0,8.55,0.85,6.04,6408.0,528.0,14.8,1.22,5.01,5915.0,459.0,13.66,1.06,4.72,6252.0,459.0,14.44,1.06,4.46,3227.0,359.0,7.45,0.83,6.76,2380.0,286.0,5.5,0.66,7.31,2831.0,294.0,6.54,0.68,6.31,1236.0,208.0,2.85,0.48,10.23,479.0,113.0,1.11,0.26,14.34,33483.0,524.0,77.34,1.21,0.95,4553.0,398.0,10.52,0.92,5.31,20894.0,1199.0,48.26,2.77,3.49,1926.0,437.0,4.45,1.01,13.79,306.0,169.0,0.71,0.39,33.57,8795.0,939.0,20.31,2.17,6.49,0.0,,0.0,,,8944.0,957.0,20.66,2.21,6.5,2420.0,563.0,5.59,1.3,14.14,24796.0,1121.0,57.27,2.59,2.75,18498.0,1121.0,42.73,2.59,3.68,7147.0,680.0,16.51,1.57,5.78,1406.0,411.0,3.25,0.95,17.77,122.0,156.0,0.28,0.36,77.73,8701.0,931.0,20.1,2.15,6.5,0.0,,0.0,,,214.0,130.0,0.49,0.3,36.93,896.0,247.0,2.07,0.57,16.76
11422,11422,11422,9481.0,,100,,,4037.0,314.0,42.58,3.31,4.73,9669.0,816.0,28.56,2.41,5.13,521.0,143.0,5.39,1.48,16.69,296.0,109.0,3.06,1.13,22.39,3276.0,303.0,33.88,3.13,5.62,2180.0,310.0,22.55,3.21,8.64,3398.0,314.0,35.14,3.25,5.62,22855.0,1212.0,67.52,3.58,3.22,872.0,208.0,3.82,0.91,14.5,1738.0,267.0,7.6,1.17,9.34,6261.0,469.0,27.39,2.05,4.55,6242.0,448.0,27.31,1.96,4.36,26276.0,978.0,77.62,2.89,2.26,827.0,184.0,3.15,0.7,13.53,33822.0,58.0,99.91,0.17,0.1,2832.0,396.0,8.37,1.17,8.5,7555.0,687.0,22.32,2.03,5.53,296.0,119.0,3.92,1.57,24.44,22490.0,823.0,66.44,2.43,2.22,1462.0,277.0,6.5,1.23,11.52,3774.0,339.0,11.15,1.0,5.46,1075.0,158.0,28.49,4.18,8.93,33508.0,894.0,98.98,2.64,1.62,31252.0,526.0,93.27,1.57,1.02,1972.0,489.0,5.89,1.46,15.07,274.0,144.0,0.82,0.43,31.95,33852.0,,100,,,19770.0,802.0,58.4,2.37,2.47,19178.0,823.0,56.65,2.43,2.61,589.0,179.0,1.74,0.53,18.47,14081.0,789.0,41.6,2.33,3.41,9670.0,453.0,68.67,3.22,2.85,4411.0,453.0,31.33,3.22,6.24,301.0,128.0,2.14,0.91,25.85,375.0,172.0,2.66,1.22,27.88,822.0,287.0,5.84,2.04,21.22,1.0,79.0,0.01,0.56,4802.43,12581.0,359.0,89.35,2.55,1.73,0.0,,0.0,,,31737.0,1737.0,93.75,5.13,3.33,24100.0,882.0,75.94,2.78,2.22,2095.0,368.0,6.6,1.16,10.68,2355.0,584.0,7.42,1.84,15.07,27198.0,1026.0,80.34,3.03,2.29,18748.0,547.0,68.93,2.01,1.77,17477.0,549.0,64.26,2.02,1.91,1236.0,231.0,4.54,0.85,11.36,22.0,76.0,0.08,0.28,210.0,8450.0,547.0,31.07,2.01,3.94,,,6.59,1.22,11.36,17116.0,579.0,50.56,1.71,2.06,8723.0,474.0,50.96,2.77,3.3,1271.0,257.0,7.43,1.5,12.29,6334.0,467.0,37.01,2.73,4.48,202.0,98.0,1.18,0.57,29.49,465.0,168.0,2.72,0.98,21.96,17484.0,572.0,51.65,1.69,1.99,9.0,75.0,0.05,0.43,506.59,937.0,217.0,5.36,1.24,14.08,447.0,140.0,2.56,0.8,19.04,136.0,70.0,0.78,0.4,31.29,1863.0,294.0,10.66,1.68,9.59,1944.0,280.0,11.12,1.6,8.76,216.0,101.0,1.24,0.58,28.43,1158.0,201.0,6.62,1.15,10.55,1354.0,227.0,7.74,1.3,10.19,6651.0,406.0,38.04,2.32,3.71,965.0,205.0,5.52,1.17,12.91,592.0,175.0,3.39,1.0,17.97,1221.0,231.0,6.98,1.32,11.5,304.0,110.0,3.21,1.16,22.0,175.0,102.0,1.85,1.08,35.43,504.0,143.0,5.32,1.51,17.25,582.0,154.0,6.14,1.62,16.09,886.0,187.0,9.35,1.97,12.83,1632.0,243.0,17.21,2.56,9.05,1618.0,231.0,17.07,2.44,8.68,1970.0,240.0,20.78,2.53,7.41,1187.0,221.0,12.52,2.33,11.32,620.0,148.0,6.54,1.56,14.51,8448.0,162.0,89.1,1.71,1.17,2474.0,239.0,26.09,2.52,5.87,2065.0,233.0,21.78,2.46,6.86,454.0,139.0,4.79,1.47,18.61,378.0,118.0,3.99,1.24,18.98,1681.0,248.0,17.73,2.62,8.97,31209.0,419.0,92.27,1.24,0.82,23916.0,829.0,70.71,2.45,2.11,9739.0,717.0,28.79,2.12,4.48,2613.0,419.0,7.73,1.24,9.75,15351.0,535.0,45.35,1.58,2.12,18501.0,535.0,54.65,1.58,1.76,2114.0,359.0,6.24,1.06,10.32,1868.0,308.0,5.52,0.91,10.02,2178.0,284.0,6.43,0.84,7.93,2211.0,311.0,6.53,0.92,8.55,2648.0,325.0,7.82,0.96,7.46,5266.0,501.0,15.56,1.48,5.78,4007.0,430.0,11.84,1.27,6.52,5265.0,430.0,15.55,1.27,4.96,2585.0,339.0,7.64,1.0,7.97,1944.0,278.0,5.74,0.82,8.69,2516.0,315.0,7.43,0.93,7.61,898.0,166.0,2.65,0.49,11.24,369.0,115.0,1.09,0.34,18.95,26297.0,586.0,77.68,1.73,1.35,3781.0,379.0,11.17,1.12,6.09,2132.0,494.0,6.3,1.46,14.09,29541.0,660.0,87.27,1.95,1.36,24.0,74.0,0.07,0.22,187.44,515.0,240.0,1.52,0.71,28.33,0.0,,0.0,,,788.0,383.0,2.33,1.13,29.55,851.0,267.0,2.51,0.79,19.07,2648.0,603.0,7.82,1.78,13.84,31204.0,603.0,92.18,1.78,1.17,1135.0,291.0,3.35,0.86,15.59,28810.0,677.0,85.11,2.0,1.43,21.0,74.0,0.06,0.22,214.21,515.0,240.0,1.52,0.71,28.33,0.0,,0.0,,,135.0,135.0,0.4,0.4,60.79,587.0,217.0,1.73,0.64,22.47
11423,11423,11423,9996.0,,100,,,3464.0,322.0,34.65,3.22,5.65,7979.0,618.0,26.06,2.02,4.71,513.0,138.0,6.43,1.73,16.35,220.0,86.0,2.76,1.08,23.76,2719.0,294.0,34.08,3.69,6.57,1534.0,202.0,19.23,2.53,8.0,2994.0,294.0,37.52,3.68,5.97,21431.0,1019.0,70.0,3.33,2.89,2196.0,319.0,10.25,1.49,8.83,1779.0,255.0,8.3,1.19,8.71,6046.0,504.0,28.21,2.35,5.07,6158.0,542.0,28.73,2.53,5.35,24669.0,1454.0,80.58,4.75,3.58,757.0,158.0,3.07,0.64,12.69,30206.0,156.0,98.66,0.51,0.31,3165.0,350.0,10.48,1.16,6.72,5945.0,545.0,19.42,1.78,5.57,78.0,84.0,1.31,1.41,65.47,20168.0,756.0,65.88,2.47,2.28,1580.0,258.0,7.83,1.28,9.93,4093.0,272.0,13.37,0.89,4.04,1510.0,178.0,36.9,4.36,7.17,30340.0,1271.0,99.1,4.15,2.55,28007.0,589.0,92.31,1.94,1.28,2035.0,576.0,6.71,1.9,17.21,303.0,133.0,1.0,0.44,26.68,30615.0,,100,,,14401.0,664.0,47.04,2.17,2.8,13921.0,674.0,45.47,2.2,2.94,490.0,165.0,1.6,0.54,20.47,16214.0,701.0,52.96,2.29,2.63,10700.0,488.0,65.99,3.01,2.77,5514.0,488.0,34.01,3.01,5.38,579.0,175.0,3.57,1.08,18.37,3809.0,663.0,23.49,4.09,10.58,701.0,287.0,4.32,1.77,24.89,0.0,,0.0,,,11122.0,674.0,68.6,4.16,3.68,3.0,89.0,0.02,0.55,1803.44,28942.0,1362.0,94.54,4.45,2.86,18100.0,984.0,62.54,3.4,3.3,4627.0,663.0,15.99,2.29,8.71,3408.0,706.0,11.78,2.44,12.59,25450.0,1424.0,83.13,4.65,3.4,17311.0,473.0,68.02,1.86,1.66,15356.0,496.0,60.34,1.95,1.96,1964.0,293.0,7.72,1.15,9.07,0.0,,0.0,,,8138.0,473.0,31.98,1.86,3.53,,,11.35,1.66,9.07,15116.0,496.0,49.37,1.62,1.99,6550.0,493.0,43.33,3.26,4.58,478.0,116.0,3.16,0.77,14.75,7224.0,496.0,47.79,3.28,4.17,333.0,124.0,2.2,0.82,22.64,287.0,110.0,1.9,0.73,23.3,15357.0,490.0,50.16,1.6,1.94,0.0,,0.0,,,926.0,244.0,6.03,1.59,16.02,491.0,140.0,3.2,0.91,17.33,462.0,149.0,3.01,0.97,19.61,1977.0,359.0,12.87,2.34,11.04,1602.0,260.0,10.43,1.69,9.87,343.0,123.0,2.23,0.8,21.8,1202.0,227.0,7.83,1.48,11.48,1280.0,186.0,8.34,1.21,8.83,4480.0,401.0,29.17,2.61,5.44,1023.0,210.0,6.66,1.37,12.48,1011.0,220.0,6.58,1.43,13.23,557.0,138.0,3.63,0.9,15.06,649.0,177.0,6.49,1.77,16.58,325.0,125.0,3.25,1.25,23.38,990.0,188.0,9.9,1.88,11.54,611.0,172.0,6.11,1.72,17.11,1274.0,217.0,12.75,2.17,10.35,1881.0,291.0,18.82,2.91,9.4,1400.0,260.0,14.01,2.6,11.29,1632.0,222.0,16.33,2.22,8.27,695.0,192.0,6.95,1.92,16.79,543.0,109.0,5.43,1.09,12.2,8505.0,220.0,85.08,2.2,1.57,2656.0,242.0,26.57,2.42,5.54,1637.0,233.0,16.38,2.33,8.65,514.0,130.0,5.14,1.3,15.37,322.0,119.0,3.22,1.19,22.47,1694.0,240.0,16.95,2.4,8.61,26998.0,405.0,89.38,1.34,0.91,17429.0,861.0,57.7,2.85,3.0,11835.0,770.0,39.18,2.55,3.96,3208.0,405.0,10.62,1.34,7.67,14758.0,419.0,48.21,1.37,1.73,15857.0,419.0,51.8,1.37,1.61,1673.0,263.0,5.46,0.86,9.56,1334.0,196.0,4.36,0.64,8.93,1827.0,276.0,5.97,0.9,9.18,1958.0,254.0,6.4,0.83,7.89,2389.0,325.0,7.8,1.06,8.27,4294.0,453.0,14.03,1.48,6.41,3732.0,395.0,12.19,1.29,6.43,4707.0,395.0,15.37,1.29,5.1,2365.0,309.0,7.72,1.01,7.94,1903.0,254.0,6.22,0.83,8.11,2693.0,272.0,8.8,0.89,6.14,1074.0,171.0,3.51,0.56,9.68,662.0,159.0,2.16,0.52,14.6,24669.0,468.0,80.58,1.53,1.15,4428.0,340.0,14.46,1.11,4.67,3890.0,618.0,12.71,2.02,9.66,12131.0,842.0,39.62,2.75,4.22,287.0,300.0,0.94,0.98,63.54,8535.0,961.0,27.88,3.14,6.84,0.0,,0.0,,,4049.0,759.0,13.23,2.48,11.4,1727.0,471.0,5.64,1.54,16.58,4307.0,784.0,14.07,2.56,11.07,26308.0,784.0,85.93,2.56,1.81,2672.0,502.0,8.73,1.64,11.42,11880.0,842.0,38.8,2.75,4.31,282.0,300.0,0.92,0.98,64.67,8507.0,958.0,27.79,3.13,6.85,0.0,,0.0,,,1700.0,459.0,5.55,1.5,16.41,1269.0,389.0,4.15,1.27,18.63
11426,11426,11426,6551.0,,100,,,2366.0,220.0,36.12,3.36,5.65,4985.0,426.0,23.85,2.04,5.19,352.0,146.0,7.06,2.93,25.21,448.0,152.0,8.99,3.04,20.63,1511.0,242.0,30.31,4.85,9.74,888.0,182.0,17.81,3.66,12.46,1786.0,234.0,35.83,4.7,7.96,14478.0,1003.0,69.26,4.8,4.21,660.0,166.0,4.56,1.15,15.29,941.0,191.0,6.5,1.32,12.34,4668.0,444.0,32.24,3.07,5.78,5054.0,450.0,34.91,3.11,5.41,16499.0,1131.0,78.93,5.41,4.17,591.0,150.0,3.58,0.91,15.43,20593.0,109.0,98.52,0.52,0.32,1769.0,266.0,8.59,1.29,9.14,4348.0,552.0,20.8,2.64,7.72,31.0,59.0,0.71,1.35,115.7,13445.0,974.0,64.32,4.66,4.4,722.0,152.0,5.37,1.13,12.8,2811.0,224.0,13.45,1.07,4.84,1015.0,162.0,36.1,5.75,9.7,20652.0,1561.0,98.8,7.47,4.59,19006.0,440.0,92.03,2.13,1.41,1386.0,394.0,6.71,1.91,17.28,268.0,178.0,1.3,0.86,40.38,20903.0,,100,,,12018.0,575.0,57.49,2.75,2.91,11630.0,596.0,55.64,2.85,3.12,387.0,136.0,1.85,0.65,21.36,8886.0,679.0,42.51,3.25,4.65,6280.0,404.0,70.68,4.55,3.91,2606.0,404.0,29.33,4.55,9.42,359.0,121.0,4.04,1.36,20.49,6356.0,439.0,71.53,4.94,4.2,39.0,52.0,0.44,0.58,81.05,2.0,55.0,0.02,0.62,1671.73,2128.0,429.0,23.95,4.83,12.26,1.0,55.0,0.01,0.62,3343.47,19184.0,1334.0,91.78,6.38,4.23,8490.0,685.0,44.26,3.57,4.9,4508.0,735.0,23.5,3.83,9.91,2637.0,543.0,13.75,2.83,12.52,16905.0,1152.0,80.87,5.51,4.14,10644.0,367.0,62.96,2.17,2.1,10015.0,355.0,59.24,2.1,2.15,630.0,152.0,3.73,0.9,14.67,0.0,,0.0,,,6260.0,367.0,37.03,2.17,3.56,,,5.92,1.41,14.67,9739.0,694.0,46.59,3.32,4.33,5820.0,383.0,59.76,3.93,4.0,810.0,310.0,8.32,3.18,23.27,2558.0,350.0,26.27,3.59,8.32,203.0,102.0,2.08,1.05,30.54,317.0,107.0,3.25,1.1,20.52,10009.0,727.0,47.88,3.48,4.42,3.0,56.0,0.03,0.56,1134.75,604.0,203.0,6.03,2.03,20.43,376.0,142.0,3.76,1.42,22.96,211.0,109.0,2.11,1.09,31.4,1024.0,223.0,10.23,2.23,13.24,1228.0,233.0,12.27,2.33,11.53,213.0,73.0,2.13,0.73,20.83,844.0,193.0,8.43,1.93,13.9,1095.0,240.0,10.94,2.4,13.32,2523.0,294.0,25.21,2.94,7.08,962.0,366.0,9.61,3.66,23.13,416.0,122.0,4.16,1.22,17.83,513.0,149.0,5.13,1.49,17.66,365.0,151.0,5.57,2.31,25.15,163.0,70.0,2.49,1.07,26.11,329.0,98.0,5.02,1.49,18.11,320.0,90.0,4.88,1.37,17.1,856.0,189.0,13.07,2.88,13.42,1055.0,189.0,16.1,2.89,10.89,1052.0,206.0,16.06,3.14,11.9,1255.0,196.0,19.16,2.99,9.49,776.0,164.0,11.85,2.5,12.85,380.0,94.0,5.8,1.43,15.04,5359.0,168.0,81.8,2.57,1.91,1888.0,208.0,28.82,3.18,6.7,1250.0,200.0,19.08,3.06,9.73,190.0,70.0,2.9,1.07,22.4,84.0,56.0,1.28,0.85,40.53,341.0,105.0,5.21,1.6,18.72,18764.0,634.0,91.12,3.08,2.05,14932.0,694.0,72.51,3.37,2.83,6034.0,645.0,29.3,3.13,6.5,1829.0,634.0,8.88,3.08,21.07,10206.0,301.0,48.83,1.44,1.79,10697.0,301.0,51.17,1.44,1.71,1719.0,355.0,8.22,1.7,12.55,1154.0,278.0,5.52,1.33,14.64,937.0,190.0,4.48,0.91,12.33,1140.0,217.0,5.45,1.04,11.57,1459.0,232.0,6.98,1.11,9.67,3438.0,445.0,16.45,2.13,7.87,2192.0,311.0,10.49,1.49,8.62,2888.0,311.0,13.82,1.49,6.55,1632.0,247.0,7.81,1.18,9.2,1409.0,284.0,6.74,1.36,12.25,1764.0,242.0,8.44,1.16,8.34,654.0,161.0,3.13,0.77,14.97,502.0,123.0,2.4,0.59,14.89,16499.0,429.0,78.93,2.05,1.58,2925.0,311.0,13.99,1.49,6.46,8527.0,786.0,40.79,3.76,5.6,990.0,305.0,4.74,1.46,18.73,56.0,92.0,0.27,0.44,99.87,9243.0,851.0,44.22,4.07,5.6,0.0,,0.0,,,1473.0,445.0,7.05,2.13,18.37,601.0,190.0,2.88,0.91,19.22,3911.0,692.0,18.71,3.31,10.76,16992.0,692.0,81.29,3.31,2.48,6174.0,667.0,29.54,3.19,6.57,926.0,305.0,4.43,1.46,20.02,0.0,,0.0,,,9233.0,851.0,44.17,4.07,5.6,0.0,,0.0,,,198.0,113.0,0.95,0.54,34.69,461.0,165.0,2.21,0.79,21.76
11427,11427,11427,7797.0,,100,,,2526.0,203.0,32.4,2.6,4.89,5374.0,366.0,23.64,1.61,4.14,332.0,110.0,6.18,2.04,20.14,212.0,84.0,3.94,1.57,24.09,1717.0,204.0,31.95,3.79,7.22,1021.0,162.0,19.0,3.01,9.65,2095.0,177.0,38.98,3.29,5.14,16339.0,832.0,71.87,3.66,3.1,1046.0,181.0,6.4,1.11,10.52,1167.0,198.0,7.14,1.21,10.31,4775.0,355.0,29.22,2.17,4.52,5186.0,355.0,31.74,2.17,4.16,18467.0,962.0,81.23,4.23,3.17,553.0,111.0,2.99,0.6,12.2,22289.0,650.0,98.05,2.86,1.77,2050.0,267.0,9.2,1.2,7.92,4190.0,339.0,18.43,1.49,4.92,61.0,54.0,1.46,1.29,53.81,14645.0,452.0,64.42,1.99,1.88,959.0,174.0,6.55,1.19,11.03,3455.0,261.0,15.2,1.15,4.59,1035.0,137.0,29.96,3.98,8.05,22528.0,791.0,99.1,3.48,2.13,20765.0,356.0,92.17,1.58,1.04,1587.0,336.0,7.04,1.49,12.87,178.0,101.0,0.79,0.45,34.49,22733.0,,100,,,11760.0,473.0,51.73,2.08,2.45,11207.0,461.0,49.3,2.03,2.5,555.0,161.0,2.44,0.71,17.63,10973.0,516.0,48.27,2.27,2.86,7897.0,368.0,71.97,3.35,2.83,3076.0,368.0,28.03,3.35,7.27,518.0,153.0,4.72,1.39,17.96,4528.0,388.0,41.26,3.54,5.21,283.0,143.0,2.58,1.3,30.72,5.0,69.0,0.05,0.63,838.91,5624.0,368.0,51.25,3.35,3.98,18.0,63.0,0.16,0.57,212.77,21275.0,932.0,93.59,4.1,2.66,10890.0,653.0,51.19,3.07,3.65,4509.0,449.0,21.19,2.11,6.05,3208.0,485.0,15.08,2.28,9.19,18914.0,984.0,83.2,4.33,3.16,11286.0,380.0,59.67,2.01,2.05,10581.0,393.0,55.94,2.08,2.26,711.0,132.0,3.76,0.7,11.29,0.0,,0.0,,,7628.0,380.0,40.33,2.01,3.03,,,6.3,1.15,11.29,10382.0,373.0,45.67,1.64,2.18,4925.0,277.0,47.44,2.67,3.42,799.0,151.0,7.7,1.45,11.49,4090.0,260.0,39.4,2.5,3.86,260.0,85.0,2.5,0.82,19.87,267.0,84.0,2.57,0.81,19.13,10579.0,368.0,46.54,1.62,2.11,27.0,57.0,0.26,0.54,128.34,483.0,122.0,4.57,1.15,15.35,387.0,105.0,3.66,0.99,16.49,195.0,63.0,1.84,0.6,19.64,1167.0,193.0,11.03,1.82,10.05,1050.0,154.0,9.93,1.46,8.92,238.0,92.0,2.25,0.87,23.5,853.0,171.0,8.06,1.62,12.19,1135.0,198.0,10.73,1.87,10.6,3365.0,262.0,31.81,2.48,4.73,721.0,135.0,6.82,1.28,11.38,488.0,114.0,4.61,1.08,14.2,473.0,111.0,4.47,1.05,14.27,479.0,119.0,6.14,1.53,15.1,332.0,93.0,4.26,1.19,17.03,530.0,140.0,6.8,1.8,16.06,622.0,139.0,7.98,1.78,13.58,1065.0,178.0,13.66,2.28,10.16,1369.0,175.0,17.56,2.25,7.77,1039.0,168.0,13.33,2.15,9.83,1244.0,171.0,15.95,2.19,8.36,666.0,124.0,8.54,1.59,11.32,453.0,87.0,5.81,1.11,11.67,6306.0,181.0,80.88,2.32,1.74,2341.0,209.0,30.02,2.68,5.43,1423.0,177.0,18.25,2.27,7.56,381.0,101.0,4.89,1.29,16.12,216.0,89.0,2.77,1.14,25.05,662.0,136.0,8.49,1.74,12.49,20103.0,386.0,90.19,1.73,1.17,14657.0,646.0,65.76,2.9,2.68,7258.0,629.0,32.56,2.82,5.27,2186.0,386.0,9.81,1.73,10.73,10836.0,332.0,47.67,1.46,1.86,11897.0,332.0,52.33,1.46,1.7,1458.0,257.0,6.41,1.13,10.72,971.0,161.0,4.27,0.71,10.08,1073.0,155.0,4.72,0.68,8.78,1255.0,196.0,5.52,0.86,9.49,1629.0,261.0,7.17,1.15,9.74,2747.0,311.0,12.08,1.37,6.88,3114.0,289.0,13.7,1.27,5.64,3280.0,314.0,14.43,1.38,5.82,1776.0,223.0,7.81,0.98,7.63,1876.0,271.0,8.25,1.19,8.78,1959.0,241.0,8.62,1.06,7.48,1041.0,173.0,4.58,0.76,10.1,551.0,139.0,2.42,0.61,15.34,18467.0,309.0,81.23,1.36,1.02,3549.0,316.0,15.61,1.39,5.41,6396.0,564.0,28.14,2.48,5.36,5469.0,621.0,24.06,2.73,6.9,59.0,91.0,0.26,0.4,93.76,7165.0,618.0,31.52,2.72,5.24,11.0,73.0,0.05,0.32,403.43,2270.0,484.0,9.99,2.13,12.96,1364.0,352.0,6.0,1.55,15.69,4136.0,568.0,18.19,2.5,8.35,18597.0,568.0,81.81,2.5,1.86,4362.0,486.0,19.19,2.14,6.77,5114.0,623.0,22.5,2.74,7.41,59.0,91.0,0.26,0.4,93.76,7089.0,618.0,31.18,2.72,5.3,11.0,73.0,0.05,0.32,403.43,849.0,311.0,3.73,1.37,22.27,1111.0,332.0,4.89,1.46,18.17
11428,11428,11428,5715.0,,100,,,2200.0,177.0,38.5,3.1,4.89,5151.0,362.0,25.91,1.82,4.27,199.0,68.0,3.86,1.32,20.77,247.0,90.0,4.79,1.75,22.15,1691.0,197.0,32.83,3.83,7.08,945.0,137.0,18.34,2.66,8.81,2069.0,186.0,40.16,3.61,5.46,14036.0,372.0,70.61,1.87,1.61,1167.0,181.0,8.31,1.29,9.43,1242.0,211.0,8.85,1.5,10.33,4959.0,350.0,35.33,2.49,4.29,2603.0,261.0,18.54,1.86,6.1,15995.0,833.0,80.47,4.19,3.17,301.0,74.0,1.88,0.46,14.95,19870.0,26.0,99.96,0.13,0.08,1460.0,221.0,7.35,1.11,9.2,3876.0,340.0,19.5,1.71,5.33,72.0,59.0,1.86,1.51,49.81,13497.0,260.0,67.9,1.31,1.17,690.0,155.0,5.11,1.15,13.66,2491.0,219.0,12.53,1.1,5.34,699.0,113.0,28.06,4.52,9.83,19699.0,1069.0,99.1,5.38,3.3,18197.0,378.0,92.37,1.92,1.26,1417.0,370.0,7.19,1.88,15.87,85.0,75.0,0.43,0.38,53.64,19877.0,,100,,,9453.0,459.0,47.56,2.31,2.95,9018.0,447.0,45.37,2.25,3.01,435.0,131.0,2.19,0.66,18.31,10425.0,433.0,52.45,2.18,2.52,7993.0,334.0,76.67,3.2,2.54,2432.0,334.0,23.33,3.2,8.35,317.0,94.0,3.04,0.9,18.03,2984.0,398.0,28.62,3.82,8.11,99.0,87.0,0.95,0.83,53.42,0.0,,0.0,,,7009.0,404.0,67.23,3.88,3.5,16.0,74.0,0.15,0.71,281.16,18900.0,749.0,95.08,3.77,2.41,10439.0,627.0,55.23,3.32,3.65,3987.0,452.0,21.1,2.39,6.89,3665.0,586.0,19.39,3.1,9.72,16543.0,789.0,83.22,3.97,2.9,10591.0,354.0,64.02,2.14,2.03,9854.0,347.0,59.57,2.1,2.14,741.0,144.0,4.48,0.87,11.81,0.0,,0.0,,,5952.0,354.0,35.98,2.14,3.62,,,7.0,1.34,11.81,9593.0,346.0,48.26,1.74,2.19,4687.0,283.0,48.86,2.95,3.67,777.0,171.0,8.1,1.78,13.38,3648.0,295.0,38.03,3.07,4.92,148.0,71.0,1.54,0.74,29.16,210.0,81.0,2.19,0.84,23.45,9851.0,360.0,49.56,1.81,2.22,8.0,80.0,0.08,0.81,607.9,672.0,141.0,6.82,1.43,12.76,574.0,160.0,5.83,1.62,16.95,215.0,78.0,2.18,0.79,22.05,1113.0,176.0,11.3,1.79,9.61,999.0,167.0,10.14,1.7,10.16,231.0,85.0,2.34,0.86,22.37,829.0,157.0,8.42,1.59,11.51,875.0,176.0,8.88,1.79,12.23,2740.0,233.0,27.82,2.37,5.17,669.0,146.0,6.79,1.48,13.27,506.0,131.0,5.14,1.33,15.74,418.0,99.0,4.24,1.01,14.4,262.0,78.0,4.58,1.36,18.1,152.0,58.0,2.66,1.02,23.2,491.0,110.0,8.59,1.92,13.62,526.0,104.0,9.2,1.82,12.02,597.0,110.0,10.45,1.93,11.2,1112.0,146.0,19.46,2.55,7.98,816.0,127.0,14.28,2.22,9.46,1136.0,149.0,19.88,2.61,7.97,400.0,94.0,7.0,1.64,14.29,224.0,59.0,3.92,1.04,16.01,4935.0,112.0,86.35,1.96,1.38,1533.0,151.0,26.82,2.65,5.99,838.0,109.0,14.66,1.9,7.91,322.0,76.0,5.63,1.33,14.35,291.0,89.0,5.09,1.55,18.59,629.0,110.0,11.01,1.92,10.63,17839.0,344.0,89.78,1.73,1.17,12981.0,558.0,65.33,2.81,2.61,6215.0,509.0,31.28,2.56,4.98,2031.0,344.0,10.22,1.73,10.3,9702.0,306.0,48.81,1.54,1.92,10176.0,306.0,51.19,1.54,1.83,977.0,175.0,4.92,0.88,10.89,1053.0,173.0,5.3,0.87,9.99,1041.0,187.0,5.24,0.94,10.92,1309.0,195.0,6.59,0.98,9.06,1461.0,213.0,7.35,1.07,8.86,2741.0,320.0,13.79,1.61,7.1,2747.0,231.0,13.82,1.16,5.11,3359.0,308.0,16.9,1.55,5.57,1442.0,177.0,7.25,0.89,7.46,1258.0,189.0,6.33,0.95,9.13,1660.0,207.0,8.35,1.04,7.58,643.0,117.0,3.23,0.59,11.06,188.0,54.0,0.95,0.27,17.46,15995.0,292.0,80.47,1.47,1.11,2491.0,244.0,12.53,1.23,5.95,4435.0,535.0,22.31,2.69,7.33,3989.0,523.0,20.07,2.63,7.97,9.0,72.0,0.05,0.36,486.32,5902.0,588.0,29.69,2.96,6.06,66.0,109.0,0.33,0.55,100.4,3445.0,567.0,17.33,2.85,10.01,2025.0,475.0,10.19,2.39,14.26,4274.0,604.0,21.5,3.04,8.59,15604.0,604.0,78.5,3.04,2.35,2470.0,417.0,12.43,2.1,10.26,3870.0,515.0,19.47,2.59,8.09,2.0,78.0,0.01,0.39,2370.82,5814.0,584.0,29.25,2.94,6.11,14.0,83.0,0.07,0.42,360.4,1667.0,427.0,8.39,2.15,15.57,1771.0,471.0,8.91,2.37,16.17
11429,11429,11429,7164.0,,100,,,2608.0,205.0,36.4,2.86,4.78,7001.0,456.0,26.25,1.71,3.96,237.0,95.0,3.39,1.35,24.37,250.0,88.0,3.57,1.26,21.4,2451.0,246.0,35.01,3.52,6.1,1438.0,195.0,20.54,2.79,8.24,2626.0,245.0,37.51,3.5,5.67,18656.0,624.0,69.94,2.34,2.03,1384.0,289.0,7.42,1.55,12.69,1562.0,265.0,8.37,1.42,10.31,5606.0,433.0,30.05,2.32,4.7,3981.0,397.0,21.34,2.13,6.06,21528.0,816.0,80.7,3.06,2.3,742.0,155.0,3.45,0.72,12.7,26581.0,918.0,99.65,3.44,2.1,2609.0,346.0,9.82,1.3,8.06,5131.0,437.0,19.23,1.64,5.18,212.0,124.0,4.13,2.41,35.56,17823.0,499.0,66.81,1.87,1.7,1398.0,233.0,7.84,1.31,10.13,3626.0,293.0,13.59,1.1,4.91,1000.0,141.0,27.58,3.89,8.57,26437.0,1019.0,99.11,3.82,2.34,24433.0,492.0,92.42,1.86,1.22,1630.0,441.0,6.17,1.67,16.45,374.0,225.0,1.41,0.85,36.57,26675.0,,100,,,14710.0,686.0,55.14,2.57,2.83,14208.0,672.0,53.26,2.52,2.88,502.0,155.0,1.88,0.58,18.77,11965.0,739.0,44.85,2.77,3.75,7710.0,413.0,64.44,3.45,3.26,4255.0,413.0,35.56,3.45,5.9,200.0,138.0,1.67,1.15,41.95,424.0,165.0,3.54,1.38,23.66,578.0,197.0,4.83,1.65,20.72,0.0,,0.0,,,10730.0,280.0,89.68,2.34,1.59,34.0,71.0,0.28,0.59,126.94,25558.0,1139.0,95.81,4.27,2.71,16837.0,769.0,65.88,3.01,2.78,3465.0,475.0,13.56,1.86,8.33,2468.0,427.0,9.66,1.67,10.52,22302.0,784.0,83.61,2.94,2.14,15373.0,446.0,68.93,2.0,1.76,12902.0,466.0,57.85,2.09,2.2,2473.0,319.0,11.09,1.43,7.84,0.0,,0.0,,,6929.0,446.0,31.07,2.0,3.91,,,16.09,2.02,7.84,12702.0,515.0,47.62,1.93,2.46,5767.0,390.0,45.4,3.07,4.11,962.0,235.0,7.57,1.85,14.85,5439.0,376.0,42.82,2.96,4.2,151.0,93.0,1.19,0.73,37.44,174.0,94.0,1.37,0.74,32.84,12902.0,504.0,48.37,1.89,2.37,3.0,80.0,0.02,0.62,1621.07,568.0,148.0,4.4,1.15,15.84,391.0,126.0,3.03,0.98,19.59,206.0,92.0,1.6,0.71,27.15,1582.0,255.0,12.26,1.98,9.8,1460.0,232.0,11.32,1.8,9.66,344.0,116.0,2.67,0.9,20.5,766.0,161.0,5.94,1.25,12.78,1015.0,190.0,7.87,1.47,11.38,4375.0,364.0,33.91,2.82,5.06,620.0,151.0,4.81,1.17,14.81,669.0,161.0,5.19,1.25,14.63,907.0,168.0,7.03,1.3,11.26,409.0,110.0,5.71,1.53,16.35,301.0,111.0,4.2,1.55,22.42,616.0,140.0,8.6,1.95,13.82,537.0,122.0,7.5,1.7,13.81,732.0,148.0,10.22,2.06,12.29,961.0,163.0,13.41,2.28,10.31,1200.0,188.0,16.75,2.63,9.52,1465.0,177.0,20.45,2.47,7.34,630.0,139.0,8.79,1.94,13.41,315.0,87.0,4.4,1.21,16.79,5930.0,181.0,82.77,2.53,1.86,2229.0,196.0,31.11,2.73,5.35,1540.0,176.0,21.5,2.46,6.95,369.0,92.0,5.15,1.29,15.16,416.0,114.0,5.81,1.59,16.66,1067.0,176.0,14.89,2.45,10.03,23917.0,439.0,89.98,1.65,1.12,15916.0,776.0,59.88,2.92,2.96,9795.0,696.0,36.85,2.62,4.32,2665.0,439.0,10.03,1.65,10.01,12521.0,395.0,46.94,1.48,1.92,14154.0,395.0,53.06,1.48,1.7,1118.0,208.0,4.19,0.78,11.31,1311.0,208.0,4.91,0.78,9.64,1671.0,227.0,6.26,0.85,8.26,1702.0,224.0,6.38,0.84,8.0,2231.0,275.0,8.36,1.03,7.49,3849.0,389.0,14.43,1.46,6.14,3544.0,349.0,13.29,1.31,5.99,4004.0,333.0,15.01,1.25,5.06,2050.0,264.0,7.68,0.99,7.83,1519.0,205.0,5.69,0.77,8.2,2319.0,283.0,8.69,1.06,7.42,1016.0,176.0,3.81,0.66,10.53,343.0,104.0,1.29,0.39,18.43,21528.0,403.0,80.7,1.51,1.14,3684.0,347.0,13.81,1.3,5.73,1150.0,301.0,4.31,1.13,15.91,20621.0,752.0,77.3,2.82,2.22,119.0,107.0,0.45,0.4,54.66,860.0,275.0,3.22,1.03,19.44,48.0,107.0,0.18,0.4,135.51,2926.0,624.0,10.97,2.34,12.96,947.0,288.0,3.55,1.08,18.49,3311.0,542.0,12.41,2.03,9.95,23364.0,542.0,87.59,2.03,1.41,511.0,160.0,1.92,0.6,19.03,19924.0,771.0,74.69,2.89,2.35,97.0,109.0,0.36,0.41,68.31,860.0,275.0,3.22,1.03,19.44,48.0,107.0,0.18,0.4,135.51,1206.0,443.0,4.52,1.66,22.33,716.0,269.0,2.68,1.01,22.84
11432,11432,"11432, 11439",19622.0,,100,,,7614.0,426.0,38.8,2.17,3.4,19405.0,928.0,29.69,1.42,2.91,923.0,202.0,4.76,1.04,13.3,1007.0,192.0,5.19,0.99,11.59,6356.0,460.0,32.75,2.37,4.4,3095.0,345.0,15.95,1.78,6.78,8022.0,464.0,41.34,2.39,3.52,42392.0,1530.0,64.85,2.34,2.19,5979.0,593.0,14.1,1.4,6.03,3359.0,390.0,7.92,0.92,7.06,9362.0,619.0,22.08,1.46,4.02,14912.0,661.0,35.18,1.56,2.69,50823.0,1771.0,77.75,2.71,2.12,729.0,142.0,1.43,0.28,11.84,64224.0,307.0,98.26,0.47,0.29,5680.0,495.0,8.84,0.77,5.3,14534.0,928.0,22.24,1.42,3.88,357.0,118.0,2.46,0.81,20.09,42102.0,954.0,64.41,1.46,1.38,2987.0,383.0,7.09,0.91,7.79,7581.0,503.0,11.6,0.77,4.03,2335.0,218.0,30.8,2.88,5.68,64556.0,1530.0,98.76,2.34,1.44,55485.0,981.0,85.95,1.52,1.07,7511.0,878.0,11.63,1.36,7.11,1550.0,445.0,2.4,0.69,17.45,65365.0,,100,,,28384.0,902.0,43.42,1.38,1.93,27065.0,889.0,41.41,1.36,2.0,1313.0,248.0,2.01,0.38,11.48,36981.0,909.0,56.58,1.39,1.49,21183.0,862.0,57.28,2.33,2.47,15798.0,862.0,42.72,2.33,3.32,1567.0,263.0,4.24,0.71,10.2,19161.0,1002.0,51.81,2.71,3.18,776.0,285.0,2.1,0.77,22.33,32.0,118.0,0.09,0.32,224.16,15371.0,950.0,41.56,2.57,3.76,73.0,111.0,0.2,0.3,92.43,60876.0,2079.0,93.13,3.18,2.08,19290.0,1132.0,31.69,1.86,3.57,20638.0,1011.0,33.9,1.66,2.98,13517.0,1193.0,22.2,1.96,5.37,52312.0,1837.0,80.03,2.81,2.13,32178.0,753.0,61.51,1.44,1.42,28857.0,764.0,55.16,1.46,1.61,3318.0,398.0,6.34,0.76,7.29,0.0,,0.0,,,20133.0,753.0,38.49,1.44,2.27,,,10.31,1.21,7.29,28302.0,909.0,43.3,1.39,1.95,7070.0,507.0,24.98,1.79,4.36,1455.0,289.0,5.14,1.02,12.07,16179.0,586.0,57.16,2.07,2.2,2406.0,320.0,8.5,1.13,8.09,733.0,192.0,2.59,0.68,15.92,28845.0,889.0,44.13,1.36,1.87,47.0,121.0,0.16,0.42,156.5,1778.0,306.0,6.16,1.06,10.46,1514.0,291.0,5.25,1.01,11.68,643.0,176.0,2.23,0.61,16.64,3364.0,375.0,11.66,1.3,6.78,2568.0,309.0,8.9,1.07,7.31,605.0,156.0,2.1,0.54,15.67,1913.0,291.0,6.63,1.01,9.25,2731.0,329.0,9.47,1.14,7.32,7225.0,499.0,25.05,1.73,4.2,3657.0,525.0,12.68,1.82,8.73,1784.0,277.0,6.18,0.96,9.44,1005.0,187.0,3.48,0.65,11.31,1399.0,234.0,7.13,1.19,10.17,979.0,188.0,4.99,0.96,11.67,2311.0,292.0,11.78,1.49,7.68,2116.0,290.0,10.78,1.48,8.33,2732.0,324.0,13.92,1.65,7.21,3555.0,347.0,18.12,1.77,5.93,2056.0,265.0,10.48,1.35,7.84,2287.0,253.0,11.66,1.29,6.72,1173.0,198.0,5.98,1.01,10.26,1009.0,188.0,5.14,0.96,11.33,16606.0,294.0,84.63,1.5,1.08,5001.0,343.0,25.49,1.75,4.17,2230.0,249.0,11.36,1.27,6.79,995.0,194.0,5.07,0.99,11.85,957.0,226.0,4.88,1.15,14.36,3559.0,365.0,18.14,1.86,6.23,55976.0,873.0,87.16,1.36,0.95,30680.0,1188.0,47.77,1.85,2.35,29691.0,1278.0,46.23,1.99,2.62,8248.0,873.0,12.84,1.36,6.43,30934.0,719.0,47.33,1.1,1.41,34431.0,719.0,52.68,1.1,1.27,4488.0,471.0,6.87,0.72,6.38,3729.0,386.0,5.7,0.59,6.29,4123.0,386.0,6.31,0.59,5.69,5525.0,490.0,8.45,0.75,5.39,5107.0,490.0,7.81,0.75,5.83,9478.0,673.0,14.5,1.03,4.32,8653.0,575.0,13.24,0.88,4.04,8157.0,549.0,12.48,0.84,4.09,4244.0,405.0,6.49,0.62,5.8,3302.0,360.0,5.05,0.55,6.63,4794.0,431.0,7.33,0.66,5.47,2638.0,353.0,4.04,0.54,8.13,1141.0,203.0,1.75,0.31,10.82,50823.0,752.0,77.75,1.15,0.9,8559.0,627.0,13.09,0.96,4.45,14796.0,1268.0,22.64,1.94,5.21,10231.0,1007.0,15.65,1.54,5.98,307.0,176.0,0.47,0.27,34.85,27204.0,1477.0,41.62,2.26,3.3,0.0,,0.0,,,10213.0,1268.0,15.62,1.94,7.55,2606.0,549.0,3.99,0.84,12.81,16291.0,1340.0,24.92,2.05,5.0,49074.0,1340.0,75.08,2.05,1.66,8562.0,686.0,13.1,1.05,4.87,9400.0,961.0,14.38,1.47,6.21,219.0,157.0,0.34,0.24,43.58,27027.0,1471.0,41.35,2.25,3.31,0.0,,0.0,,,1921.0,471.0,2.94,0.72,14.9,1955.0,477.0,2.99,0.73,14.83
11433,11433,"11433, 11451",10860.0,,100,,,4552.0,321.0,41.92,2.96,4.29,10252.0,685.0,29.19,1.95,4.06,479.0,164.0,4.67,1.6,20.81,483.0,147.0,4.71,1.43,18.5,4334.0,337.0,42.27,3.29,4.73,2183.0,299.0,21.29,2.92,8.33,2775.0,365.0,27.07,3.56,8.0,22138.0,1264.0,63.04,3.6,3.47,2351.0,339.0,10.62,1.53,8.77,2583.0,372.0,11.67,1.68,8.75,7412.0,538.0,33.48,2.43,4.41,3814.0,390.0,17.23,1.76,6.22,26073.0,741.0,74.24,2.11,1.73,775.0,175.0,2.97,0.67,13.73,35087.0,32.0,99.91,0.09,0.06,3635.0,404.0,10.36,1.15,6.76,9046.0,706.0,25.76,2.01,4.74,337.0,132.0,3.73,1.46,23.81,22257.0,860.0,63.38,2.45,2.35,1765.0,258.0,7.93,1.16,8.89,3785.0,288.0,10.78,0.82,4.63,1534.0,185.0,40.53,4.88,7.33,34752.0,2097.0,98.96,5.97,3.67,31023.0,778.0,89.27,2.24,1.52,3130.0,695.0,9.01,2.0,13.5,590.0,341.0,1.7,0.98,35.13,35119.0,,100,,,21277.0,836.0,60.59,2.38,2.39,20473.0,829.0,58.3,2.36,2.46,805.0,207.0,2.29,0.59,15.63,13841.0,839.0,39.41,2.39,3.68,7550.0,572.0,54.55,4.13,4.61,6291.0,572.0,45.45,4.13,5.53,62.0,89.0,0.45,0.64,87.26,1605.0,512.0,11.6,3.7,19.39,985.0,363.0,7.12,2.62,22.4,0.0,,0.0,,,11172.0,563.0,80.72,4.07,3.06,15.0,93.0,0.11,0.67,376.9,32852.0,1833.0,93.55,5.22,3.39,24283.0,976.0,73.92,2.97,2.44,4290.0,664.0,13.06,2.02,9.41,5294.0,851.0,16.11,2.59,9.77,27278.0,980.0,77.67,2.79,2.18,18021.0,595.0,66.07,2.18,2.01,14991.0,586.0,54.96,2.15,2.38,3023.0,445.0,11.08,1.63,8.95,0.0,,0.0,,,9256.0,595.0,33.93,2.18,3.91,,,16.77,2.41,8.95,14480.0,618.0,41.23,1.76,2.59,4886.0,417.0,33.74,2.88,5.19,628.0,165.0,4.34,1.14,15.97,8069.0,420.0,55.72,2.9,3.16,609.0,185.0,4.21,1.28,18.47,176.0,81.0,1.22,0.56,27.98,14998.0,608.0,42.71,1.73,2.46,12.0,94.0,0.08,0.63,476.19,825.0,178.0,5.5,1.19,13.12,384.0,120.0,2.56,0.8,19.0,290.0,172.0,1.93,1.15,36.05,1880.0,255.0,12.53,1.7,8.25,1663.0,295.0,11.09,1.97,10.78,291.0,93.0,1.94,0.62,19.43,648.0,178.0,4.32,1.19,16.7,1435.0,228.0,9.57,1.52,9.66,4750.0,390.0,31.67,2.6,4.99,1114.0,255.0,7.43,1.7,13.92,783.0,214.0,5.22,1.43,16.61,931.0,196.0,6.21,1.31,12.8,1069.0,200.0,9.84,1.84,11.37,697.0,180.0,6.42,1.66,15.7,1281.0,215.0,11.8,1.98,10.2,1039.0,199.0,9.57,1.83,11.64,1810.0,263.0,16.67,2.42,8.83,1639.0,230.0,15.09,2.12,8.53,1246.0,217.0,11.47,2.0,10.59,1432.0,226.0,13.19,2.08,9.59,396.0,99.0,3.65,0.91,15.2,253.0,93.0,2.33,0.86,22.35,8441.0,251.0,77.73,2.31,1.81,2916.0,277.0,26.85,2.55,5.77,1473.0,195.0,13.56,1.8,8.05,920.0,155.0,8.47,1.43,10.24,796.0,162.0,7.33,1.49,12.37,3366.0,294.0,30.99,2.71,5.31,29517.0,793.0,84.13,2.26,1.63,15614.0,954.0,44.5,2.72,3.71,15755.0,940.0,44.9,2.68,3.63,5570.0,793.0,15.87,2.26,8.65,16486.0,562.0,46.94,1.6,2.07,18633.0,562.0,53.06,1.6,1.83,2267.0,341.0,6.46,0.97,9.14,2396.0,355.0,6.82,1.01,9.01,2662.0,365.0,7.58,1.04,8.34,2710.0,383.0,7.72,1.09,8.59,2942.0,393.0,8.38,1.12,8.12,5224.0,471.0,14.88,1.34,5.48,4624.0,492.0,13.17,1.4,6.47,4690.0,435.0,13.35,1.24,5.64,2004.0,299.0,5.71,0.85,9.07,1799.0,274.0,5.12,0.78,9.26,2192.0,281.0,6.24,0.8,7.79,1170.0,186.0,3.33,0.53,9.66,451.0,116.0,1.28,0.33,15.64,26073.0,622.0,74.24,1.77,1.45,3811.0,369.0,10.85,1.05,5.89,1464.0,383.0,4.17,1.09,15.9,23727.0,1145.0,67.56,3.26,2.93,90.0,119.0,0.26,0.34,80.38,2304.0,681.0,6.56,1.94,17.97,0.0,,0.0,,,6545.0,1068.0,18.64,3.04,9.92,1001.0,464.0,2.85,1.32,28.18,6978.0,1015.0,19.87,2.89,8.84,28141.0,1015.0,80.13,2.89,2.19,204.0,98.0,0.58,0.28,29.2,22906.0,1159.0,65.22,3.3,3.08,89.0,119.0,0.25,0.34,81.28,2301.0,681.0,6.55,1.94,17.99,0.0,,0.0,,,2158.0,615.0,6.14,1.75,17.32,479.0,214.0,1.36,0.61,27.16
11434,11434,"11430, 11434",21402.0,,100,,,7941.0,454.0,37.1,2.12,3.48,17861.0,1003.0,27.59,1.55,3.41,1533.0,295.0,8.58,1.65,11.7,1010.0,204.0,5.65,1.14,12.28,6496.0,425.0,36.37,2.38,3.98,3621.0,370.0,20.27,2.07,6.21,5200.0,395.0,29.11,2.21,4.62,43499.0,1243.0,67.2,1.92,1.74,2301.0,396.0,5.29,0.91,10.46,3650.0,422.0,8.39,0.97,7.03,14269.0,787.0,32.8,1.81,3.35,9640.0,692.0,22.16,1.59,4.36,49811.0,1832.0,76.95,2.83,2.24,2341.0,359.0,4.7,0.72,9.32,64258.0,686.0,99.27,1.06,0.65,7597.0,707.0,11.82,1.1,5.66,14896.0,867.0,23.01,1.34,3.54,451.0,142.0,3.03,0.95,19.14,40620.0,848.0,62.75,1.31,1.27,3458.0,569.0,8.51,1.4,10.0,8748.0,511.0,13.51,0.79,3.55,3695.0,306.0,42.24,3.5,5.03,64000.0,2084.0,98.87,3.22,1.98,58450.0,787.0,91.33,1.23,0.82,5268.0,762.0,8.23,1.19,8.79,277.0,179.0,0.43,0.28,39.28,64730.0,,100,,,44828.0,1113.0,69.25,1.72,1.51,43960.0,1113.0,67.91,1.72,1.54,873.0,252.0,1.35,0.39,17.55,19902.0,1133.0,30.75,1.75,3.46,13346.0,482.0,67.06,2.42,2.2,6557.0,482.0,32.95,2.42,4.47,266.0,135.0,1.34,0.68,30.85,524.0,239.0,2.63,1.2,27.73,1384.0,388.0,6.95,1.95,17.04,9.0,115.0,0.05,0.58,776.76,17633.0,466.0,88.6,2.34,1.61,86.0,117.0,0.43,0.59,82.7,60556.0,2214.0,93.55,3.42,2.22,53328.0,842.0,88.06,1.39,0.96,2847.0,503.0,4.7,0.83,10.74,2913.0,497.0,4.81,0.82,10.37,51643.0,1871.0,79.78,2.89,2.2,33702.0,775.0,65.26,1.5,1.4,30580.0,785.0,59.21,1.52,1.56,3090.0,367.0,5.98,0.71,7.22,13.0,119.0,0.03,0.23,556.46,17941.0,775.0,34.74,1.5,2.63,,,9.17,1.07,7.22,28793.0,731.0,44.48,1.13,1.54,11863.0,677.0,41.2,2.35,3.47,1531.0,259.0,5.32,0.9,10.28,13435.0,662.0,46.66,2.3,3.0,919.0,271.0,3.19,0.94,17.93,770.0,317.0,2.67,1.1,25.03,30584.0,777.0,47.25,1.2,1.54,36.0,116.0,0.12,0.38,195.88,1064.0,239.0,3.48,0.78,13.65,874.0,223.0,2.86,0.73,15.51,395.0,187.0,1.29,0.61,28.78,3135.0,474.0,10.25,1.55,9.19,3569.0,462.0,11.67,1.51,7.87,682.0,208.0,2.23,0.68,18.54,1830.0,312.0,5.98,1.02,10.36,2596.0,398.0,8.49,1.3,9.32,11067.0,661.0,36.19,2.16,3.63,1872.0,327.0,6.12,1.07,10.62,993.0,211.0,3.25,0.69,12.92,2470.0,395.0,8.08,1.29,9.72,1267.0,280.0,5.92,1.31,13.43,971.0,205.0,4.54,0.96,12.83,1747.0,321.0,8.16,1.5,11.17,2121.0,310.0,9.91,1.45,8.88,3089.0,411.0,14.43,1.92,8.09,4092.0,522.0,19.12,2.44,7.75,3036.0,364.0,14.19,1.7,7.29,3564.0,383.0,16.65,1.79,6.53,1076.0,216.0,5.03,1.01,12.2,418.0,122.0,1.95,0.57,17.74,17082.0,452.0,79.81,2.11,1.61,7383.0,486.0,34.5,2.27,4.0,4956.0,464.0,23.16,2.17,5.69,1239.0,246.0,5.79,1.15,12.07,623.0,143.0,2.91,0.67,13.95,3839.0,379.0,17.94,1.77,6.0,58424.0,675.0,90.92,1.05,0.7,41164.0,1259.0,64.06,1.96,1.86,23445.0,1202.0,36.49,1.87,3.12,5834.0,675.0,9.08,1.05,7.03,28371.0,829.0,43.83,1.28,1.78,36360.0,829.0,56.17,1.28,1.39,4174.0,427.0,6.45,0.66,6.22,3915.0,447.0,6.05,0.69,6.94,4047.0,421.0,6.25,0.65,6.32,4300.0,421.0,6.64,0.65,5.95,4786.0,518.0,7.39,0.8,6.58,9310.0,725.0,14.38,1.12,4.73,8108.0,647.0,12.53,1.0,4.85,9639.0,634.0,14.89,0.98,4.0,4289.0,505.0,6.63,0.78,7.16,3057.0,382.0,4.72,0.59,7.6,4682.0,447.0,7.23,0.69,5.8,2867.0,395.0,4.43,0.61,8.38,1542.0,304.0,2.38,0.47,11.98,49828.0,738.0,76.98,1.14,0.9,9097.0,647.0,14.05,1.0,4.32,1775.0,337.0,2.74,0.52,11.54,57390.0,880.0,88.66,1.36,0.93,16.0,117.0,0.02,0.18,444.53,1112.0,460.0,1.72,0.71,25.15,18.0,123.0,0.03,0.19,415.4,3314.0,647.0,5.12,1.0,11.87,1109.0,246.0,1.71,0.38,13.48,5610.0,783.0,8.67,1.21,8.48,59120.0,783.0,91.33,1.21,0.81,883.0,246.0,1.36,0.38,16.94,55131.0,1003.0,85.17,1.55,1.11,11.0,117.0,0.02,0.18,646.59,1108.0,460.0,1.71,0.71,25.24,18.0,123.0,0.03,0.19,415.4,1108.0,388.0,1.71,0.6,21.29,852.0,214.0,1.32,0.33,15.27
11435,11435,11435,19233.0,,100,,,6426.0,385.0,33.41,2.0,3.64,13984.0,782.0,24.5,1.37,3.4,1001.0,215.0,7.16,1.54,13.06,856.0,199.0,6.12,1.42,14.13,5311.0,396.0,37.98,2.83,4.53,2486.0,305.0,17.78,2.18,7.46,4329.0,414.0,30.96,2.96,5.81,39997.0,1324.0,70.06,2.32,2.01,4866.0,492.0,12.17,1.23,6.15,4000.0,448.0,10.0,1.12,6.81,10795.0,684.0,26.99,1.71,3.85,11455.0,744.0,28.64,1.86,3.95,44844.0,1564.0,78.55,2.74,2.12,847.0,184.0,1.89,0.41,13.21,56740.0,714.0,99.39,1.25,0.76,5667.0,511.0,9.99,0.9,5.48,12222.0,811.0,21.41,1.42,4.03,420.0,133.0,3.44,1.09,19.25,38386.0,691.0,67.24,1.21,1.09,3241.0,407.0,8.44,1.06,7.63,6148.0,445.0,10.77,0.78,4.4,2016.0,202.0,32.79,3.28,6.09,56358.0,1627.0,98.72,2.85,1.75,50965.0,812.0,90.43,1.44,0.97,4742.0,772.0,8.41,1.37,9.9,652.0,225.0,1.16,0.4,20.98,57088.0,,100,,,26656.0,936.0,46.69,1.64,2.13,25195.0,885.0,44.13,1.55,2.14,1457.0,331.0,2.55,0.58,13.81,30432.0,999.0,53.31,1.75,2.0,16335.0,819.0,53.68,2.69,3.05,14097.0,819.0,46.32,2.69,3.53,1884.0,383.0,6.19,1.26,12.36,9719.0,813.0,31.94,2.67,5.09,732.0,304.0,2.41,1.0,25.25,21.0,107.0,0.07,0.35,309.74,18037.0,834.0,59.27,2.74,2.81,38.0,110.0,0.12,0.36,175.97,53289.0,1878.0,93.35,3.29,2.14,23863.0,1130.0,44.78,2.12,2.88,15026.0,959.0,28.2,1.8,3.88,15022.0,1151.0,28.19,2.16,4.66,46090.0,1753.0,80.74,3.07,2.31,31757.0,705.0,68.9,1.53,1.35,27768.0,714.0,60.25,1.55,1.56,3990.0,475.0,8.66,1.03,7.24,0.0,,0.0,,,14332.0,705.0,31.1,1.53,2.99,,,12.56,1.47,7.24,27310.0,571.0,47.84,1.0,1.27,7416.0,486.0,27.16,1.78,3.98,1204.0,246.0,4.41,0.9,12.42,16549.0,595.0,60.6,2.18,2.19,1292.0,270.0,4.73,0.99,12.7,504.0,164.0,1.85,0.6,19.78,27769.0,554.0,48.64,0.97,1.21,243.0,303.0,0.88,1.09,75.8,2067.0,347.0,7.44,1.25,10.21,876.0,203.0,3.15,0.73,14.09,690.0,230.0,2.48,0.83,20.26,3056.0,355.0,11.01,1.28,7.06,2387.0,305.0,8.6,1.1,7.77,437.0,142.0,1.57,0.51,19.75,2464.0,367.0,8.87,1.32,9.05,3106.0,378.0,11.19,1.36,7.4,6710.0,550.0,24.16,1.98,4.98,2833.0,411.0,10.2,1.48,8.82,1747.0,289.0,6.29,1.04,10.06,1148.0,219.0,4.13,0.79,11.6,1354.0,242.0,7.04,1.26,10.87,817.0,163.0,4.25,0.85,12.13,2190.0,285.0,11.39,1.48,7.91,1881.0,265.0,9.78,1.38,8.56,2260.0,292.0,11.75,1.52,7.85,3892.0,377.0,20.24,1.96,5.89,2598.0,319.0,13.51,1.66,7.46,2620.0,335.0,13.62,1.74,7.77,1116.0,221.0,5.8,1.15,12.04,506.0,140.0,2.63,0.73,16.82,16287.0,292.0,84.68,1.52,1.09,4177.0,325.0,21.72,1.69,4.73,2095.0,242.0,10.89,1.26,7.02,838.0,175.0,4.36,0.91,12.69,914.0,169.0,4.75,0.88,11.24,2906.0,300.0,15.11,1.56,6.28,47618.0,857.0,83.92,1.51,1.09,25448.0,1220.0,44.85,2.15,2.91,24999.0,1226.0,44.06,2.16,2.98,9122.0,857.0,16.08,1.51,5.71,28395.0,662.0,49.74,1.16,1.42,28693.0,662.0,50.26,1.16,1.4,3799.0,417.0,6.65,0.73,6.67,3572.0,377.0,6.26,0.66,6.42,3056.0,325.0,5.35,0.57,6.46,3020.0,360.0,5.29,0.63,7.25,3664.0,462.0,6.42,0.81,7.67,10784.0,794.0,18.89,1.39,4.48,8108.0,582.0,14.2,1.02,4.36,7959.0,577.0,13.94,1.01,4.41,3795.0,445.0,6.65,0.78,7.13,2956.0,360.0,5.18,0.63,7.4,3651.0,388.0,6.4,0.68,6.46,1984.0,303.0,3.48,0.53,9.28,757.0,177.0,1.33,0.31,14.21,44844.0,702.0,78.55,1.23,0.95,6364.0,497.0,11.15,0.87,4.75,11595.0,1033.0,20.31,1.81,5.42,14127.0,953.0,24.75,1.67,4.1,116.0,114.0,0.2,0.2,59.74,12473.0,1153.0,21.85,2.02,5.62,24.0,103.0,0.04,0.18,260.89,15543.0,1364.0,27.23,2.39,5.33,3202.0,628.0,5.61,1.1,11.92,17922.0,1227.0,31.39,2.15,4.16,39166.0,1227.0,68.61,2.15,1.9,6886.0,714.0,12.06,1.25,6.3,13467.0,919.0,23.59,1.61,4.15,42.0,108.0,0.07,0.19,156.32,12428.0,1153.0,21.77,2.02,5.64,11.0,108.0,0.02,0.19,596.85,3891.0,702.0,6.82,1.23,10.97,2447.0,594.0,4.29,1.04,14.76
11436,11436,11436,5912.0,,100,,,2539.0,174.0,42.95,2.94,4.17,5398.0,376.0,27.01,1.88,4.23,271.0,82.0,5.02,1.52,18.39,197.0,74.0,3.65,1.38,22.83,2238.0,193.0,41.46,3.58,5.24,1129.0,137.0,20.92,2.54,7.38,1563.0,178.0,28.95,3.29,6.92,13248.0,526.0,66.29,2.63,2.41,1126.0,175.0,8.5,1.32,9.45,1496.0,207.0,11.29,1.56,8.41,4448.0,277.0,33.57,2.09,3.79,2359.0,231.0,17.81,1.74,5.95,15412.0,612.0,77.12,3.06,2.41,471.0,99.0,3.06,0.64,12.78,19979.0,20.0,99.97,0.1,0.06,2433.0,250.0,12.18,1.25,6.25,4565.0,362.0,22.84,1.81,4.82,234.0,85.0,5.13,1.86,22.08,13322.0,368.0,66.66,1.84,1.68,1381.0,194.0,10.37,1.46,8.54,2095.0,164.0,10.48,0.82,4.76,820.0,97.0,39.15,4.64,7.19,19818.0,735.0,99.17,3.68,2.25,18101.0,347.0,91.33,1.75,1.17,1582.0,339.0,7.98,1.71,13.03,136.0,105.0,0.69,0.53,46.93,19984.0,,100,,,11890.0,450.0,59.5,2.25,2.3,11456.0,448.0,57.33,2.24,2.38,436.0,114.0,2.18,0.57,15.89,8094.0,474.0,40.5,2.37,3.56,4734.0,277.0,58.49,3.42,3.56,3360.0,277.0,41.51,3.42,5.01,80.0,68.0,0.99,0.84,51.67,500.0,211.0,6.18,2.61,25.65,333.0,130.0,4.11,1.6,23.73,0.0,,0.0,,,7165.0,248.0,88.52,3.07,2.1,15.0,74.0,0.19,0.91,299.9,18849.0,783.0,94.32,3.92,2.53,15113.0,483.0,80.18,2.56,1.94,1400.0,279.0,7.43,1.48,12.11,2238.0,401.0,11.87,2.13,10.89,15947.0,703.0,79.8,3.52,2.68,10556.0,290.0,66.2,1.82,1.67,9363.0,311.0,58.71,1.95,2.02,1185.0,199.0,7.43,1.25,10.21,6.0,81.0,0.04,0.51,820.67,5391.0,290.0,33.81,1.82,3.27,,,11.23,1.86,10.21,9066.0,308.0,45.37,1.54,2.07,3772.0,246.0,41.61,2.71,3.96,581.0,131.0,6.41,1.44,13.71,4143.0,264.0,45.7,2.91,3.87,244.0,81.0,2.69,0.89,20.18,154.0,82.0,1.7,0.9,32.37,9360.0,306.0,46.84,1.53,1.99,17.0,82.0,0.18,0.88,293.22,708.0,139.0,7.56,1.49,11.93,301.0,102.0,3.22,1.09,20.6,120.0,52.0,1.28,0.56,26.34,1187.0,169.0,12.68,1.81,8.66,1144.0,152.0,12.22,1.62,8.08,259.0,76.0,2.77,0.81,17.84,552.0,120.0,5.9,1.28,13.22,747.0,126.0,7.98,1.35,10.25,2677.0,204.0,28.6,2.18,4.63,729.0,127.0,7.79,1.36,10.59,411.0,96.0,4.39,1.03,14.2,508.0,107.0,5.43,1.14,12.8,276.0,82.0,4.67,1.38,18.06,193.0,65.0,3.26,1.1,20.47,368.0,86.0,6.22,1.45,14.21,432.0,99.0,7.31,1.67,13.93,842.0,133.0,14.24,2.25,9.6,1159.0,155.0,19.6,2.63,8.13,1020.0,150.0,17.25,2.53,8.94,1059.0,147.0,17.91,2.49,8.44,434.0,102.0,7.34,1.73,14.29,133.0,57.0,2.25,0.97,26.05,5033.0,127.0,85.13,2.15,1.53,1610.0,149.0,27.23,2.52,5.63,1089.0,137.0,18.42,2.31,7.65,621.0,120.0,10.5,2.03,11.75,263.0,70.0,4.45,1.18,16.18,1094.0,142.0,18.5,2.41,7.89,17938.0,260.0,89.79,1.3,0.88,11145.0,543.0,55.78,2.72,2.96,8235.0,511.0,41.22,2.56,3.77,2041.0,260.0,10.22,1.3,7.74,9718.0,318.0,48.63,1.59,1.99,10266.0,318.0,51.37,1.59,1.88,1135.0,170.0,5.68,0.85,9.11,1201.0,160.0,6.01,0.8,8.1,1486.0,204.0,7.44,1.02,8.35,1149.0,156.0,5.75,0.78,8.25,1770.0,200.0,8.86,1.0,6.87,3061.0,272.0,15.32,1.36,5.4,2653.0,252.0,13.28,1.26,5.77,3162.0,238.0,15.82,1.19,4.58,1229.0,162.0,6.15,0.81,8.01,1040.0,152.0,5.2,0.76,8.88,1249.0,160.0,6.25,0.8,7.79,557.0,100.0,2.79,0.5,10.91,285.0,76.0,1.43,0.38,16.21,15419.0,304.0,77.16,1.52,1.2,2095.0,196.0,10.48,0.98,5.69,1349.0,366.0,6.75,1.83,16.49,13446.0,655.0,67.28,3.28,2.96,125.0,90.0,0.63,0.45,43.77,1745.0,402.0,8.73,2.01,14.0,0.0,,0.0,,,2628.0,488.0,13.15,2.44,11.29,701.0,186.0,3.51,0.93,16.13,2822.0,476.0,14.12,2.38,10.25,17162.0,476.0,85.88,2.38,1.69,289.0,116.0,1.45,0.58,24.4,12862.0,667.0,64.36,3.34,3.15,95.0,90.0,0.48,0.45,57.59,1703.0,392.0,8.52,1.96,13.99,0.0,,0.0,,,1580.0,422.0,7.91,2.11,16.24,636.0,178.0,3.18,0.89,17.01
11691,11691,11691,21726.0,,100,,,9321.0,591.0,42.9,2.72,3.85,19110.0,1254.0,29.71,1.95,3.99,1714.0,346.0,8.97,1.81,12.27,1385.0,271.0,7.25,1.42,11.89,8059.0,550.0,42.17,2.88,4.15,3824.0,449.0,20.01,2.35,7.14,4133.0,508.0,21.63,2.66,7.47,38179.0,1820.0,59.35,2.83,2.9,4683.0,573.0,12.27,1.5,7.44,6232.0,638.0,16.32,1.67,6.22,9338.0,687.0,24.46,1.8,4.47,8739.0,806.0,22.89,2.11,5.61,44506.0,2213.0,69.19,3.44,3.02,1245.0,267.0,2.8,0.6,13.04,62302.0,553.0,96.85,0.86,0.54,10962.0,922.0,17.59,1.48,5.11,19779.0,1338.0,30.75,2.08,4.11,1467.0,356.0,7.42,1.8,14.75,35856.0,894.0,55.74,1.39,1.52,5909.0,692.0,16.48,1.93,7.12,6673.0,566.0,10.37,0.88,5.16,3597.0,333.0,53.9,4.99,5.63,62842.0,2560.0,97.69,3.98,2.48,56845.0,1100.0,90.46,1.75,1.18,5584.0,1068.0,8.89,1.7,11.63,408.0,245.0,0.65,0.39,36.5,64328.0,,100,,,45053.0,1377.0,70.04,2.14,1.86,42291.0,1396.0,65.74,2.17,2.01,2771.0,598.0,4.31,0.93,13.12,19275.0,1370.0,29.96,2.13,4.32,11406.0,665.0,59.17,3.45,3.54,7870.0,665.0,40.83,3.45,5.14,1852.0,349.0,9.61,1.81,11.46,1301.0,434.0,6.75,2.25,20.28,1160.0,426.0,6.02,2.21,22.32,0.0,,0.0,,,14882.0,646.0,77.21,3.35,2.64,80.0,79.0,0.42,0.41,60.03,57474.0,2406.0,89.34,3.74,2.54,36754.0,1500.0,63.95,2.61,2.48,9221.0,989.0,16.04,1.72,6.52,13541.0,1362.0,23.56,2.37,6.11,46419.0,2245.0,72.16,3.49,2.94,27151.0,836.0,58.49,1.8,1.87,24423.0,845.0,52.61,1.82,2.1,2698.0,446.0,5.81,0.96,10.05,33.0,107.0,0.07,0.23,197.11,19268.0,836.0,41.51,1.8,2.64,,,9.94,1.61,10.05,23790.0,965.0,36.98,1.5,2.47,9528.0,737.0,40.05,3.1,4.7,1722.0,397.0,7.24,1.67,14.01,9288.0,707.0,39.04,2.97,4.63,2147.0,447.0,9.02,1.88,12.66,500.0,255.0,2.1,1.07,31.0,24438.0,1061.0,37.99,1.65,2.64,0.0,,0.0,,,1332.0,310.0,5.45,1.27,14.15,748.0,252.0,3.06,1.03,20.48,308.0,156.0,1.26,0.64,30.79,2196.0,391.0,8.99,1.6,10.82,2292.0,435.0,9.38,1.78,11.54,439.0,169.0,1.8,0.69,23.4,1762.0,369.0,7.21,1.51,12.73,2762.0,430.0,11.3,1.76,9.46,8579.0,630.0,35.11,2.58,4.46,1671.0,357.0,6.84,1.46,12.99,1371.0,310.0,5.61,1.27,13.75,979.0,310.0,4.01,1.27,19.25,3649.0,443.0,16.8,2.04,7.38,1588.0,298.0,7.31,1.37,11.41,2456.0,411.0,11.3,1.89,10.17,2159.0,376.0,9.94,1.73,10.59,3061.0,454.0,14.09,2.09,9.02,3312.0,450.0,15.24,2.07,8.26,2174.0,341.0,10.01,1.57,9.54,2069.0,352.0,9.52,1.62,10.34,733.0,230.0,3.37,1.06,19.07,518.0,200.0,2.38,0.92,23.47,15924.0,504.0,73.29,2.32,1.92,5261.0,493.0,24.22,2.27,5.7,2451.0,352.0,11.28,1.62,8.73,3508.0,443.0,16.15,2.04,7.68,1418.0,300.0,6.53,1.38,12.86,8155.0,578.0,37.54,2.66,4.31,56261.0,754.0,90.3,1.21,0.81,29675.0,1651.0,47.63,2.65,3.38,30891.0,1620.0,49.58,2.6,3.19,6041.0,754.0,9.7,1.21,7.59,29290.0,875.0,45.53,1.36,1.82,35038.0,875.0,54.47,1.36,1.52,6854.0,753.0,10.65,1.17,6.68,5536.0,534.0,8.61,0.83,5.86,4785.0,540.0,7.44,0.84,6.86,4085.0,515.0,6.35,0.8,7.66,4868.0,618.0,7.57,0.96,7.72,8510.0,746.0,13.23,1.16,5.33,7339.0,663.0,11.41,1.03,5.49,7441.0,727.0,11.57,1.13,5.94,3526.0,476.0,5.48,0.74,8.21,3353.0,495.0,5.21,0.77,8.97,3875.0,482.0,6.02,0.75,7.56,2976.0,437.0,4.63,0.68,8.93,1176.0,251.0,1.83,0.39,12.97,44550.0,1049.0,69.25,1.63,1.43,8010.0,701.0,12.45,1.09,5.32,24924.0,1602.0,38.74,2.49,3.91,29742.0,1647.0,46.23,2.56,3.37,165.0,180.0,0.26,0.28,66.32,2114.0,753.0,3.29,1.17,21.65,58.0,129.0,0.09,0.2,135.21,5824.0,1126.0,9.05,1.75,11.75,1499.0,566.0,2.33,0.88,22.95,17902.0,1705.0,27.83,2.65,5.79,46426.0,1705.0,72.17,2.65,2.23,15024.0,1280.0,23.36,1.99,5.18,27890.0,1673.0,43.36,2.6,3.65,86.0,161.0,0.13,0.25,113.81,2067.0,753.0,3.21,1.17,22.15,58.0,129.0,0.09,0.2,135.21,336.0,244.0,0.52,0.38,44.15,965.0,437.0,1.5,0.68,27.53
11692,11692,11692,7381.0,,100,,,3358.0,266.0,45.5,3.61,4.82,6188.0,495.0,30.85,2.47,4.86,693.0,167.0,11.2,2.7,14.65,312.0,105.0,5.04,1.7,20.46,2549.0,256.0,41.19,4.14,6.11,1357.0,197.0,21.93,3.18,8.83,1277.0,205.0,20.64,3.32,9.76,12628.0,728.0,62.96,3.63,3.5,1214.0,222.0,9.61,1.76,11.12,2031.0,272.0,16.08,2.15,8.14,3376.0,333.0,26.73,2.64,6.0,2733.0,316.0,21.64,2.5,7.03,14228.0,844.0,70.93,4.21,3.61,445.0,112.0,3.13,0.79,15.3,19154.0,285.0,95.49,1.42,0.9,3390.0,381.0,17.7,1.99,6.83,5786.0,554.0,28.85,2.76,5.82,548.0,160.0,9.47,2.76,17.75,11626.0,355.0,57.96,1.77,1.86,2049.0,283.0,17.62,2.43,8.4,1748.0,217.0,8.71,1.08,7.55,790.0,129.0,45.21,7.37,9.93,19839.0,1286.0,98.91,6.41,3.94,17520.0,480.0,88.31,2.42,1.67,2160.0,464.0,10.89,2.34,13.06,163.0,123.0,0.82,0.62,45.87,20058.0,,100,,,13878.0,576.0,69.19,2.87,2.52,13229.0,596.0,65.95,2.97,2.74,648.0,185.0,3.23,0.92,17.36,6180.0,558.0,30.81,2.78,5.49,3703.0,328.0,59.92,5.31,5.38,2477.0,328.0,40.08,5.31,8.05,564.0,158.0,9.13,2.55,17.03,670.0,209.0,10.84,3.38,18.96,600.0,215.0,9.71,3.48,21.78,0.0,,0.0,,,4317.0,312.0,69.85,5.05,4.39,28.0,39.0,0.45,0.63,84.67,18450.0,993.0,91.98,4.95,3.27,12630.0,590.0,68.46,3.2,2.84,2264.0,411.0,12.27,2.23,11.04,3650.0,502.0,19.78,2.72,8.36,15072.0,848.0,75.14,4.23,3.42,8394.0,365.0,55.69,2.42,2.64,7325.0,387.0,48.6,2.57,3.21,1029.0,205.0,6.83,1.36,12.11,43.0,57.0,0.29,0.38,80.58,6678.0,365.0,44.31,2.42,3.32,,,12.26,2.38,12.11,7250.0,275.0,36.15,1.37,2.31,2795.0,279.0,38.55,3.85,6.07,442.0,144.0,6.1,1.98,19.8,3457.0,295.0,47.68,4.07,5.19,234.0,87.0,3.23,1.2,22.6,157.0,75.0,2.17,1.03,29.04,7321.0,265.0,36.5,1.32,2.2,0.0,,0.0,,,475.0,125.0,6.49,1.71,16.0,254.0,113.0,3.47,1.54,27.04,68.0,58.0,0.93,0.79,51.85,782.0,161.0,10.68,2.2,12.52,608.0,152.0,8.31,2.07,15.2,135.0,76.0,1.84,1.04,34.22,411.0,107.0,5.61,1.46,15.83,786.0,176.0,10.74,2.4,13.61,2334.0,235.0,31.88,3.21,6.12,556.0,142.0,7.6,1.94,15.53,394.0,122.0,5.38,1.67,18.82,516.0,124.0,7.05,1.69,14.61,892.0,177.0,12.09,2.4,12.06,454.0,120.0,6.15,1.63,16.07,960.0,181.0,13.01,2.45,11.46,669.0,159.0,9.06,2.15,14.45,1009.0,216.0,13.67,2.93,13.01,1155.0,193.0,15.65,2.62,10.16,781.0,193.0,10.58,2.61,15.02,920.0,185.0,12.46,2.51,12.22,345.0,142.0,4.67,1.93,25.02,195.0,96.0,2.64,1.3,29.93,5816.0,202.0,78.8,2.73,2.11,1642.0,220.0,22.25,2.98,8.14,980.0,171.0,13.28,2.32,10.61,896.0,159.0,12.14,2.16,10.79,487.0,129.0,6.6,1.75,16.1,2251.0,233.0,30.5,3.16,6.29,17424.0,299.0,90.97,1.56,1.04,9469.0,718.0,49.44,3.75,4.61,9275.0,676.0,48.42,3.53,4.43,1730.0,299.0,9.03,1.56,10.51,9243.0,375.0,46.08,1.87,2.47,10815.0,375.0,53.92,1.87,2.11,1608.0,279.0,8.02,1.39,10.55,1610.0,225.0,8.03,1.12,8.5,1498.0,225.0,7.47,1.12,9.13,1517.0,247.0,7.56,1.23,9.9,1197.0,217.0,5.97,1.08,11.02,2603.0,331.0,12.98,1.65,7.73,2318.0,269.0,11.56,1.34,7.05,3067.0,313.0,15.29,1.56,6.2,1167.0,221.0,5.82,1.1,11.51,1192.0,201.0,5.94,1.0,10.25,1165.0,193.0,5.81,0.96,10.07,850.0,183.0,4.24,0.91,13.09,263.0,86.0,1.31,0.43,19.88,14272.0,469.0,71.15,2.34,2.0,2277.0,263.0,11.35,1.31,7.02,4984.0,584.0,24.85,2.91,7.12,11526.0,678.0,57.46,3.38,3.58,155.0,128.0,0.77,0.64,50.2,1177.0,377.0,5.87,1.88,19.47,0.0,,0.0,,,1653.0,431.0,8.24,2.15,15.85,563.0,205.0,2.81,1.02,22.14,5013.0,648.0,24.99,3.23,7.86,15045.0,648.0,75.01,3.23,2.62,2191.0,349.0,10.92,1.74,9.68,11056.0,668.0,55.12,3.33,3.67,48.0,60.0,0.24,0.3,75.99,1168.0,377.0,5.82,1.88,19.62,0.0,,0.0,,,228.0,175.0,1.14,0.87,46.66,357.0,164.0,1.78,0.82,27.93
11693,11693,11693,5191.0,,100,,,1581.0,191.0,30.46,3.67,7.34,3056.0,408.0,25.0,3.34,8.12,342.0,127.0,11.19,4.17,22.57,156.0,84.0,5.1,2.76,32.73,1114.0,192.0,36.45,6.27,10.48,518.0,135.0,16.95,4.42,15.84,926.0,161.0,30.3,5.27,10.57,8467.0,604.0,69.27,4.94,4.34,438.0,152.0,5.17,1.8,21.1,959.0,205.0,11.33,2.42,12.99,2459.0,321.0,29.04,3.79,7.94,2160.0,320.0,25.51,3.78,9.01,9417.0,694.0,77.04,5.68,4.48,461.0,131.0,4.9,1.39,17.27,12177.0,101.0,99.62,0.83,0.5,2210.0,368.0,18.15,3.02,10.12,2760.0,370.0,22.58,3.03,8.15,274.0,119.0,9.93,4.33,26.4,7980.0,480.0,65.28,3.93,3.66,1277.0,252.0,16.0,3.16,12.0,1437.0,188.0,11.76,1.54,7.95,660.0,126.0,45.93,8.76,11.61,12091.0,711.0,98.91,5.82,3.57,11544.0,184.0,95.48,1.52,0.97,528.0,184.0,4.37,1.52,21.18,18.0,36.0,0.15,0.3,121.58,12224.0,,100,,,9425.0,401.0,77.1,3.28,2.59,9082.0,438.0,74.3,3.58,2.93,343.0,155.0,2.81,1.27,27.47,2799.0,396.0,22.9,3.24,8.6,2059.0,167.0,73.56,5.98,4.93,739.0,167.0,26.4,5.98,13.74,1173.0,195.0,41.91,6.96,10.11,515.0,206.0,18.4,7.36,24.32,72.0,60.0,2.57,2.14,50.66,0.0,,0.0,,,1013.0,210.0,36.19,7.52,12.6,24.0,50.0,0.86,1.8,126.65,11321.0,557.0,92.61,4.56,2.99,7399.0,545.0,65.35,4.81,4.48,1454.0,340.0,12.84,3.0,14.22,1738.0,366.0,15.35,3.23,12.8,9754.0,714.0,79.79,5.84,4.45,6106.0,325.0,62.6,3.33,3.24,5580.0,316.0,57.21,3.24,3.44,483.0,127.0,4.95,1.3,15.98,47.0,74.0,0.48,0.76,95.71,3648.0,325.0,37.4,3.33,5.42,,,7.91,2.04,15.98,5528.0,345.0,45.22,2.82,3.79,2565.0,257.0,46.4,4.64,6.09,318.0,106.0,5.75,1.91,20.26,2350.0,255.0,42.51,4.61,6.6,165.0,87.0,2.98,1.57,32.05,96.0,51.0,1.74,0.93,32.29,5574.0,318.0,45.6,2.6,3.47,0.0,,0.0,,,546.0,138.0,9.79,2.48,15.36,133.0,88.0,2.39,1.57,40.22,48.0,36.0,0.86,0.65,45.59,273.0,90.0,4.9,1.61,20.04,553.0,152.0,9.92,2.73,16.71,170.0,87.0,3.05,1.56,31.11,488.0,125.0,8.75,2.25,15.57,474.0,149.0,8.5,2.68,19.11,1795.0,236.0,32.2,4.23,7.99,456.0,156.0,8.18,2.8,20.8,280.0,107.0,5.02,1.92,23.23,356.0,100.0,6.39,1.79,17.08,540.0,127.0,10.4,2.45,14.3,162.0,66.0,3.12,1.28,24.77,607.0,156.0,11.69,3.01,15.62,574.0,151.0,11.06,2.91,15.99,613.0,166.0,11.81,3.19,16.46,943.0,176.0,18.17,3.4,11.35,502.0,120.0,9.67,2.32,14.53,761.0,168.0,14.66,3.23,13.42,272.0,102.0,5.24,1.97,22.8,210.0,107.0,4.05,2.07,30.97,4028.0,182.0,77.6,3.5,2.75,1328.0,183.0,25.58,3.52,8.38,820.0,139.0,15.8,2.67,10.3,482.0,156.0,9.29,3.01,19.67,179.0,82.0,3.45,1.58,27.85,978.0,187.0,18.84,3.6,11.62,11297.0,241.0,92.78,1.98,1.3,7587.0,525.0,62.31,4.31,4.21,4703.0,493.0,38.62,4.05,6.37,880.0,241.0,7.23,1.98,16.65,6055.0,292.0,49.53,2.39,2.93,6169.0,292.0,50.47,2.39,2.88,902.0,205.0,7.38,1.68,13.82,872.0,193.0,7.13,1.58,13.45,581.0,175.0,4.75,1.43,18.31,588.0,154.0,4.81,1.26,15.92,819.0,183.0,6.7,1.5,13.58,1784.0,287.0,14.59,2.35,9.78,1581.0,203.0,12.93,1.66,7.81,2120.0,293.0,17.34,2.4,8.4,795.0,166.0,6.5,1.36,12.69,749.0,170.0,6.13,1.39,13.8,883.0,187.0,7.22,1.53,12.87,448.0,150.0,3.66,1.23,20.35,102.0,62.0,0.83,0.51,36.95,9464.0,298.0,77.42,2.44,1.91,1437.0,209.0,11.76,1.71,8.84,6985.0,485.0,57.14,3.97,4.22,2863.0,418.0,23.42,3.42,8.88,30.0,54.0,0.25,0.44,109.42,851.0,358.0,6.96,2.93,25.57,0.0,,0.0,,,882.0,326.0,7.22,2.67,22.47,607.0,215.0,4.97,1.76,21.53,2775.0,441.0,22.7,3.61,9.66,9448.0,441.0,77.29,3.61,2.84,5744.0,390.0,46.99,3.19,4.13,2570.0,428.0,21.02,3.5,10.12,14.0,51.0,0.11,0.42,221.45,851.0,358.0,6.96,2.93,25.57,0.0,,0.0,,,82.0,109.0,0.67,0.89,80.81,186.0,104.0,1.52,0.85,33.99
11694,11694,11694,9094.0,,100,,,2258.0,258.0,24.83,2.84,6.95,5113.0,512.0,24.38,2.44,6.09,485.0,201.0,9.49,3.94,25.19,120.0,67.0,2.35,1.31,33.94,2019.0,248.0,39.49,4.85,7.47,1175.0,190.0,22.98,3.71,9.83,1315.0,197.0,25.72,3.86,9.11,15390.0,1036.0,73.38,4.94,4.09,695.0,168.0,4.52,1.09,14.69,1060.0,231.0,6.89,1.5,13.25,3307.0,315.0,21.49,2.05,5.79,5989.0,419.0,38.92,2.72,4.25,16483.0,1103.0,78.6,5.26,4.07,1054.0,190.0,6.39,1.15,10.96,20095.0,273.0,95.82,1.3,0.83,3431.0,434.0,17.07,2.16,7.69,4457.0,562.0,21.25,2.68,7.67,253.0,146.0,5.68,3.28,35.08,11849.0,545.0,56.5,2.6,2.8,1630.0,282.0,13.76,2.38,10.52,3787.0,321.0,18.06,1.53,5.15,1546.0,187.0,40.82,4.94,7.35,20778.0,1023.0,99.08,4.88,2.99,19499.0,264.0,93.84,1.27,0.82,1227.0,258.0,5.91,1.24,12.78,53.0,106.0,0.26,0.51,121.58,20972.0,,100,,,17673.0,443.0,84.27,2.11,1.52,17368.0,455.0,82.82,2.17,1.59,308.0,117.0,1.47,0.56,23.09,3298.0,422.0,15.73,2.01,7.78,2217.0,214.0,67.21,6.5,5.87,1082.0,214.0,32.8,6.5,12.02,1559.0,236.0,47.27,7.17,9.2,469.0,180.0,14.22,5.45,23.33,60.0,79.0,1.82,2.41,80.04,26.0,64.0,0.79,1.93,149.64,1156.0,226.0,35.05,6.84,11.88,29.0,56.0,0.88,1.7,117.39,19820.0,1059.0,94.51,5.05,3.25,15606.0,488.0,78.74,2.46,1.9,1554.0,335.0,7.84,1.69,13.1,1897.0,363.0,9.57,1.83,11.63,17108.0,1147.0,81.58,5.47,4.08,9720.0,419.0,56.82,2.45,2.62,9070.0,414.0,53.02,2.42,2.77,644.0,159.0,3.76,0.93,15.01,0.0,,0.0,,,7388.0,419.0,43.19,2.45,3.45,,,6.63,1.61,15.01,8887.0,308.0,42.38,1.47,2.11,5237.0,342.0,58.93,3.85,3.97,435.0,116.0,4.89,1.3,16.21,2383.0,317.0,26.81,3.57,8.09,314.0,124.0,3.53,1.4,24.01,286.0,120.0,3.22,1.35,25.51,9075.0,308.0,43.27,1.47,2.06,17.0,69.0,0.19,0.76,246.74,799.0,224.0,8.8,2.47,17.04,246.0,93.0,2.71,1.02,22.98,241.0,120.0,2.66,1.32,30.27,661.0,198.0,7.28,2.18,18.21,541.0,171.0,5.96,1.88,19.21,251.0,100.0,2.77,1.1,24.22,836.0,165.0,9.21,1.82,12.0,786.0,178.0,8.66,1.96,13.77,2854.0,307.0,31.45,3.38,6.54,700.0,191.0,7.71,2.1,16.59,293.0,126.0,3.23,1.39,26.14,848.0,178.0,9.34,1.96,12.76,501.0,176.0,5.51,1.94,21.36,358.0,125.0,3.94,1.37,21.23,605.0,146.0,6.65,1.6,14.67,539.0,167.0,5.93,1.84,18.83,818.0,192.0,8.99,2.11,14.27,1251.0,242.0,13.76,2.66,11.76,1528.0,233.0,16.8,2.56,9.27,1551.0,237.0,17.06,2.61,9.29,1083.0,206.0,11.91,2.27,11.56,860.0,168.0,9.46,1.85,11.88,7151.0,255.0,78.63,2.8,2.17,3123.0,286.0,34.34,3.15,5.57,2124.0,253.0,23.36,2.78,7.24,493.0,160.0,5.42,1.76,19.73,60.0,61.0,0.66,0.67,61.8,731.0,167.0,8.04,1.84,13.89,18781.0,348.0,93.46,1.73,1.13,14423.0,691.0,71.78,3.44,2.91,7252.0,667.0,36.09,3.32,5.59,1314.0,348.0,6.54,1.73,16.1,10821.0,384.0,51.6,1.83,2.16,10151.0,384.0,48.4,1.83,2.3,1152.0,340.0,5.49,1.62,17.94,1053.0,235.0,5.02,1.12,13.57,1379.0,231.0,6.58,1.1,10.18,1222.0,197.0,5.83,0.94,9.8,781.0,159.0,3.72,0.76,12.38,2350.0,392.0,11.21,1.87,10.14,2080.0,323.0,9.92,1.54,9.44,3393.0,346.0,16.18,1.65,6.2,1632.0,273.0,7.78,1.3,10.17,1562.0,292.0,7.45,1.39,11.36,2239.0,304.0,10.68,1.45,8.25,1397.0,262.0,6.66,1.25,11.4,724.0,147.0,3.45,0.7,12.34,16483.0,463.0,78.6,2.21,1.71,4361.0,430.0,20.79,2.05,5.99,17301.0,583.0,82.5,2.78,2.05,1642.0,361.0,7.83,1.72,13.36,103.0,94.0,0.49,0.45,55.48,605.0,285.0,2.88,1.36,28.64,0.0,,0.0,,,1151.0,457.0,5.49,2.18,24.14,174.0,122.0,0.83,0.58,42.62,2758.0,417.0,13.15,1.99,9.19,18214.0,417.0,86.85,1.99,1.39,15845.0,612.0,75.55,2.92,2.35,1430.0,344.0,6.82,1.64,14.62,60.0,92.0,0.29,0.44,93.21,605.0,285.0,2.88,1.36,28.64,0.0,,0.0,,,175.0,279.0,0.83,1.33,96.92,100.0,82.0,0.48,0.39,49.85
11697,11697,11697,2835.0,,100,,,774.0,145.0,27.3,5.1,11.39,1076.0,257.0,27.39,6.54,14.52,59.0,41.0,5.48,3.8,42.24,45.0,47.0,4.18,4.4,63.49,463.0,125.0,43.02,11.6,16.41,238.0,84.0,22.11,7.8,21.46,271.0,75.0,25.18,7.0,16.82,2734.0,401.0,69.6,10.2,8.92,33.0,33.0,1.21,1.2,60.79,55.0,38.0,2.01,1.4,42.0,577.0,126.0,21.11,4.6,13.27,1290.0,159.0,47.19,5.8,7.49,3001.0,462.0,76.4,11.75,9.36,315.0,96.0,10.5,3.2,18.53,3928.0,0.0,100.0,0.0,0.0,570.0,137.0,14.51,3.5,14.61,927.0,182.0,23.6,4.64,11.94,33.0,27.0,3.56,2.9,49.74,2129.0,215.0,54.2,5.47,6.14,177.0,83.0,8.31,3.9,28.51,872.0,128.0,22.2,3.25,8.92,362.0,76.0,41.51,8.7,12.76,3885.0,61.0,98.91,1.55,0.95,3679.0,101.0,94.7,2.6,1.67,206.0,101.0,5.3,2.6,29.8,0.0,,0.0,,,3928.0,,100,,,3791.0,67.0,96.51,1.7,1.07,3759.0,79.0,95.7,2.0,1.28,31.0,31.0,0.79,0.8,60.79,137.0,64.0,3.49,1.63,28.4,124.0,19.0,90.19,13.9,9.31,13.0,19.0,9.46,13.9,88.85,117.0,20.0,85.1,14.8,10.39,10.0,15.0,7.27,10.6,91.19,0.0,,0.0,,,0.0,,0.0,,,10.0,16.0,7.27,11.3,97.26,0.0,,0.0,,,3751.0,133.0,95.49,3.38,2.16,3665.0,53.0,97.7,1.4,0.88,8.0,11.0,0.21,0.3,83.59,0.0,,0.0,,,3068.0,475.0,78.11,12.1,9.41,1782.0,160.0,58.09,5.2,5.46,1693.0,160.0,55.19,5.2,5.75,89.0,58.0,2.9,1.9,39.62,0.0,,0.0,,,1285.0,160.0,41.89,5.2,7.57,,,4.99,3.22,39.62,1614.0,126.0,41.09,3.22,4.75,1198.0,94.0,74.21,5.8,4.77,103.0,60.0,6.38,3.7,35.41,210.0,73.0,13.01,4.5,21.13,57.0,37.0,3.53,2.3,39.46,39.0,32.0,2.42,2.0,49.88,1693.0,125.0,43.1,3.19,4.49,0.0,,0.0,,,74.0,44.0,4.37,2.6,36.15,12.0,17.0,0.71,1.0,86.12,8.0,14.0,0.47,0.8,106.38,81.0,64.0,4.78,3.8,48.03,142.0,86.0,8.39,5.1,36.82,34.0,27.0,2.01,1.6,48.27,218.0,76.0,12.88,4.5,21.19,129.0,52.0,7.62,3.1,24.5,484.0,83.0,28.59,4.9,10.42,122.0,49.0,7.21,2.9,24.42,52.0,34.0,3.07,2.0,39.75,334.0,86.0,19.73,5.1,15.65,65.0,60.0,2.29,2.1,56.11,65.0,57.0,2.29,2.0,53.31,113.0,68.0,3.99,2.4,36.58,145.0,88.0,5.11,3.1,36.89,295.0,122.0,10.41,4.3,25.14,513.0,153.0,18.1,5.4,18.13,196.0,96.0,6.91,3.4,29.77,672.0,136.0,23.7,4.8,12.3,360.0,145.0,12.7,5.1,24.48,408.0,128.0,14.39,4.5,19.07,2004.0,170.0,70.69,6.0,5.16,1165.0,179.0,41.09,6.3,9.34,1032.0,193.0,36.4,6.8,11.37,71.0,48.0,2.5,1.7,41.1,0.0,,0.0,,,40.0,43.0,1.41,1.5,65.35,3857.0,67.0,98.19,1.7,1.06,3633.0,118.0,92.49,3.0,1.97,1057.0,232.0,26.91,5.9,13.34,71.0,67.0,1.81,1.7,57.37,1901.0,134.0,48.4,3.4,4.29,2027.0,134.0,51.6,3.4,4.02,177.0,67.0,4.51,1.7,23.01,259.0,75.0,6.59,1.9,17.6,338.0,157.0,8.6,4.0,28.24,216.0,86.0,5.5,2.2,24.2,208.0,67.0,5.3,1.7,19.58,224.0,79.0,5.7,2.0,21.44,393.0,102.0,10.01,2.6,15.78,613.0,161.0,15.61,4.1,15.97,334.0,102.0,8.5,2.6,18.56,295.0,86.0,7.51,2.2,17.72,365.0,118.0,9.29,3.0,19.65,338.0,118.0,8.6,3.0,21.22,169.0,75.0,4.3,1.9,26.98,3001.0,141.0,76.4,3.6,2.86,872.0,192.0,22.2,4.9,13.39,3775.0,169.0,96.1,4.3,2.72,12.0,16.0,0.31,0.4,81.05,0.0,,0.0,,,12.0,16.0,0.31,0.4,81.05,0.0,,0.0,,,118.0,177.0,3.0,4.5,91.19,12.0,20.0,0.31,0.5,101.32,149.0,153.0,3.79,3.9,62.42,3779.0,153.0,96.21,3.9,2.46,3720.0,181.0,94.7,4.6,2.96,12.0,16.0,0.31,0.4,81.05,0.0,,0.0,,,12.0,16.0,0.31,0.4,81.05,0.0,,0.0,,,24.0,39.0,0.61,1.0,98.78,12.0,20.0,0.31,0.5,101.32
99999,99999,99999,51.0,,100,,,9.0,19.0,17.67,37.59,128.34,150.0,63.0,1.56,0.66,25.53,5.0,31.0,3.32,20.53,376.9,0.0,,0.0,,,45.0,19.0,29.91,12.72,25.67,42.0,29.0,27.92,19.39,41.97,59.0,16.0,39.22,10.48,16.49,7228.0,214.0,75.39,2.23,1.8,760.0,142.0,10.51,1.96,11.36,3260.0,272.0,45.1,3.76,5.07,1907.0,232.0,26.38,3.21,7.4,271.0,101.0,3.75,1.4,22.66,9253.0,131.0,96.52,1.37,0.86,172.0,87.0,1.86,0.94,30.75,1782.0,66.0,18.59,0.69,2.25,723.0,207.0,40.58,11.6,17.4,64.0,53.0,0.67,0.55,50.34,0.0,,0.0,,,1524.0,181.0,15.9,1.89,7.22,607.0,185.0,39.83,12.15,18.53,194.0,69.0,2.02,0.72,21.62,115.0,39.0,59.18,19.87,20.62,9587.0,0.0,100.0,0.0,0.0,2550.0,311.0,26.6,3.24,7.41,7027.0,309.0,73.3,3.22,2.67,8.0,52.0,0.08,0.54,395.14,9587.0,,100,,,8025.0,245.0,83.71,2.56,1.86,7511.0,278.0,78.35,2.9,2.25,513.0,140.0,5.35,1.46,16.59,1562.0,253.0,16.29,2.64,9.85,467.0,108.0,29.89,6.92,14.06,1095.0,108.0,70.09,6.92,6.0,169.0,70.0,10.82,4.48,25.18,147.0,67.0,9.41,4.26,27.71,131.0,45.0,8.38,2.87,20.88,9.0,40.0,0.58,2.58,270.18,1105.0,89.0,70.73,5.72,4.9,4.0,47.0,0.26,2.99,714.29,9576.0,29.0,99.89,0.3,0.18,6945.0,279.0,72.52,2.91,2.44,2013.0,241.0,21.02,2.52,7.28,2171.0,246.0,22.67,2.57,6.89,9531.0,69.0,99.42,0.72,0.44,536.0,140.0,5.62,1.47,15.88,371.0,112.0,3.89,1.17,18.35,165.0,111.0,1.73,1.16,40.9,0.0,,0.0,,,8996.0,140.0,94.38,1.47,0.95,,,30.78,19.08,40.9,371.0,104.0,3.87,1.08,17.04,70.0,33.0,18.87,8.85,28.66,13.0,34.0,3.51,9.16,158.99,226.0,42.0,60.94,11.33,11.3,26.0,43.0,7.01,11.47,100.54,31.0,41.0,8.36,10.98,80.4,371.0,104.0,3.87,1.08,17.04,4.0,42.0,1.08,11.25,638.3,12.0,40.0,3.23,10.84,202.63,27.0,38.0,7.28,10.22,85.56,0.0,,0.0,,,16.0,40.0,4.31,10.86,151.98,4.0,43.0,1.08,11.51,653.5,0.0,,0.0,,,32.0,31.0,8.62,8.22,58.89,45.0,54.0,12.13,14.55,72.95,93.0,33.0,25.06,8.89,21.57,82.0,51.0,22.1,13.79,37.81,51.0,56.0,13.74,15.14,66.75,4.0,43.0,1.08,11.66,653.5,0.0,,0.0,,,0.0,,0.0,,,1.0,20.0,1.96,39.11,1215.81,1.0,20.0,1.96,39.12,1215.81,1.0,20.0,1.96,39.13,1215.81,1.0,20.0,1.96,39.11,1215.81,22.0,19.0,43.19,37.5,52.5,3.0,20.0,5.89,39.07,405.27,15.0,19.0,29.45,37.56,77.0,1.0,20.0,1.96,39.04,1215.81,44.0,20.0,86.38,39.1,27.63,3.0,20.0,5.89,39.01,405.27,11.0,20.0,21.59,39.1,110.53,0.0,,0.0,,,0.0,,0.0,,,1.0,20.0,1.96,39.13,1215.81,1577.0,94.0,88.51,5.3,3.62,276.0,87.0,15.49,4.86,19.16,1387.0,90.0,77.84,5.06,3.94,205.0,94.0,11.51,5.3,27.87,8732.0,176.0,91.08,1.84,1.23,854.0,176.0,8.91,1.84,12.53,10.0,60.0,0.1,0.63,364.74,35.0,48.0,0.37,0.5,83.37,11.0,58.0,0.11,0.6,320.53,907.0,156.0,9.46,1.63,10.46,1396.0,192.0,14.56,2.0,8.36,2512.0,265.0,26.2,2.76,6.41,1731.0,218.0,18.06,2.27,7.66,1817.0,217.0,18.95,2.26,7.26,594.0,135.0,6.2,1.41,13.82,320.0,95.0,3.34,0.99,18.05,180.0,100.0,1.88,1.04,33.77,53.0,51.0,0.55,0.53,58.5,17.0,52.0,0.18,0.54,185.95,9253.0,104.0,96.52,1.08,0.68,252.0,91.0,2.63,0.95,21.95,1779.0,230.0,18.56,2.4,7.86,5759.0,259.0,60.07,2.7,2.73,29.0,52.0,0.3,0.54,109.0,195.0,88.0,2.03,0.92,27.43,31.0,76.0,0.32,0.79,149.03,1648.0,213.0,17.19,2.22,7.86,147.0,73.0,1.53,0.76,30.19,2625.0,239.0,27.38,2.49,5.53,6962.0,239.0,72.62,2.49,2.09,1094.0,164.0,11.41,1.71,9.11,5484.0,256.0,57.2,2.67,2.84,29.0,52.0,0.3,0.54,109.0,195.0,88.0,2.03,0.92,27.43,31.0,76.0,0.32,0.79,149.03,48.0,58.0,0.5,0.6,73.45,87.0,61.0,0.91,0.64,42.62
