{
"type": "FeatureCollection",
"name": "assembly district-nyc-wide",
"crs": { "type": "name", "properties": { "name": "urn:ogc:def:crs:OGC:1.3:CRS84" } },
"features": [
{ "type": "Feature", "properties": { "assembly district": 59 }, "geometry": { "type": "MultiPolygon", "coordinates": [ [ [ [ -73.942312, 40.608269 ], [ -73.941547, 40.608768 ], [ -73.940829, 40.60923 ], [ -73.940115, 40.609691 ], [ -73.939598, 40.610024 ], [ -73.939347, 40.610187 ], [ -73.939582, 40.610398 ], [ -73.940911, 40.611594 ], [ -73.941021, 40.611694 ], [ -73.941161, 40.61182 ], [ -73.940397, 40.612315 ], [ -73.939683, 40.612782 ], [ -73.93897, 40.61324 ], [ -73.938254, 40.613702 ], [ -73.937542, 40.614165 ], [ -73.936801, 40.614643 ], [ -73.936057, 40.615123 ], [ -73.935348, 40.615584 ], [ -73.934633, 40.616048 ], [ -73.933917, 40.616508 ], [ -73.933205, 40.61697 ], [ -73.932487, 40.617432 ], [ -73.931731, 40.617927 ], [ -73.93163, 40.618097 ], [ -73.931692, 40.618653 ], [ -73.931951, 40.62106 ], [ -73.932195, 40.623269 ], [ -73.93125, 40.623321 ], [ -73.931307, 40.62385 ], [ -73.930393, 40.624442 ], [ -73.929482, 40.625032 ], [ -73.928606, 40.625605 ], [ -73.928316, 40.625785 ], [ -73.927722, 40.62581 ], [ -73.927613, 40.625824 ], [ -73.926608, 40.625895 ], [ -73.925673, 40.625952 ], [ -73.925826, 40.627392 ], [ -73.925927, 40.628288 ], [ -73.924956, 40.628349 ], [ -73.924298, 40.628386 ], [ -73.924005, 40.628567 ], [ -73.924239, 40.630749 ], [ -73.925205, 40.630689 ], [ -73.925456, 40.633028 ], [ -73.925706, 40.635367 ], [ -73.924738, 40.635428 ], [ -73.923803, 40.635485 ], [ -73.922832, 40.635543 ], [ -73.921908, 40.636075 ], [ -73.921129, 40.636471 ], [ -73.921017, 40.636528 ], [ -73.9208, 40.636638 ], [ -73.920228, 40.636932 ], [ -73.920119, 40.636988 ], [ -73.919172, 40.63747 ], [ -73.918436, 40.637847 ], [ -73.917654, 40.638249 ], [ -73.916809, 40.638682 ], [ -73.916033, 40.639172 ], [ -73.915321, 40.639637 ], [ -73.917402, 40.641517 ], [ -73.916621, 40.641948 ], [ -73.917084, 40.642372 ], [ -73.91734, 40.642617 ], [ -73.91758, 40.642827 ], [ -73.917952, 40.64316 ], [ -73.918084, 40.643265 ], [ -73.918594, 40.643675 ], [ -73.915836, 40.645692 ], [ -73.915277, 40.646138 ], [ -73.914589, 40.646639 ], [ -73.913727, 40.647196 ], [ -73.913178, 40.646709 ], [ -73.912756, 40.646328 ], [ -73.911728, 40.645405 ], [ -73.911128, 40.644865 ], [ -73.910206, 40.644038 ], [ -73.90928, 40.643204 ], [ -73.908689, 40.642675 ], [ -73.908015, 40.642069 ], [ -73.906827, 40.642994 ], [ -73.906321, 40.642561 ], [ -73.906812, 40.642258 ], [ -73.905861, 40.641407 ], [ -73.905352, 40.641731 ], [ -73.904485, 40.642292 ], [ -73.90377, 40.642752 ], [ -73.904702, 40.64359 ], [ -73.903988, 40.644052 ], [ -73.903112, 40.644623 ], [ -73.902313, 40.645134 ], [ -73.901433, 40.645703 ], [ -73.900498, 40.644867 ], [ -73.899791, 40.644227 ], [ -73.899024, 40.643539 ], [ -73.899914, 40.642978 ], [ -73.899406, 40.642523 ], [ -73.898828, 40.642005 ], [ -73.897011, 40.640374 ], [ -73.896368, 40.639798 ], [ -73.895191, 40.638742 ], [ -73.893375, 40.637108 ], [ -73.892495, 40.637676 ], [ -73.891754, 40.638157 ], [ -73.891042, 40.638619 ], [ -73.889223, 40.636986 ], [ -73.888507, 40.637446 ], [ -73.887793, 40.637908 ], [ -73.887049, 40.638388 ], [ -73.886312, 40.638866 ], [ -73.885565, 40.639347 ], [ -73.883443, 40.640727 ], [ -73.882843, 40.640189 ], [ -73.882234, 40.639638 ], [ -73.881574, 40.639052 ], [ -73.881007, 40.639433 ], [ -73.880739, 40.639613 ], [ -73.879541, 40.638862 ], [ -73.878938, 40.638085 ], [ -73.878814, 40.637942 ], [ -73.8763, 40.635192 ], [ -73.873957, 40.633773 ], [ -73.855021, 40.643098 ], [ -73.854938, 40.64265 ], [ -73.848338, 40.643521 ], [ -73.842955, 40.63814 ], [ -73.838298, 40.633485 ], [ -73.838111, 40.633298 ], [ -73.837652, 40.63284 ], [ -73.837379, 40.632506 ], [ -73.837091, 40.632155 ], [ -73.836595, 40.631548 ], [ -73.836238, 40.631111 ], [ -73.835769, 40.630678 ], [ -73.835376, 40.630315 ], [ -73.833041, 40.628261 ], [ -73.833393, 40.627674 ], [ -73.8334, 40.627449 ], [ -73.833422, 40.626782 ], [ -73.833452, 40.626149 ], [ -73.8337, 40.620922 ], [ -73.834008, 40.614425 ], [ -73.834054, 40.613455 ], [ -73.834283, 40.609186 ], [ -73.834463, 40.607193 ], [ -73.835876, 40.605637 ], [ -73.842017, 40.598313 ], [ -73.844437, 40.595855 ], [ -73.84668, 40.593209 ], [ -73.847386, 40.592028 ], [ -73.849852, 40.588669 ], [ -73.853522, 40.586592 ], [ -73.854937, 40.585974 ], [ -73.855106, 40.585899 ], [ -73.859492, 40.583938 ], [ -73.865607, 40.581205 ], [ -73.866005, 40.581001 ], [ -73.867374, 40.580299 ], [ -73.86751, 40.580229 ], [ -73.867661, 40.580151 ], [ -73.868425, 40.579757 ], [ -73.869232, 40.579342 ], [ -73.870239, 40.57897 ], [ -73.871212, 40.578611 ], [ -73.871418, 40.578535 ], [ -73.871613, 40.578438 ], [ -73.879222, 40.574656 ], [ -73.885069, 40.573749 ], [ -73.886292, 40.573505 ], [ -73.890518, 40.572705 ], [ -73.902874, 40.5717 ], [ -73.903871, 40.571619 ], [ -73.904908, 40.571407 ], [ -73.918487, 40.569284 ], [ -73.926236, 40.568072 ], [ -73.927424, 40.567887 ], [ -73.92807, 40.567786 ], [ -73.929387, 40.572613 ], [ -73.930331, 40.576073 ], [ -73.931946, 40.582022 ], [ -73.931842, 40.583076 ], [ -73.93178, 40.583049 ], [ -73.931736, 40.582966 ], [ -73.931719, 40.582809 ], [ -73.931103, 40.582753 ], [ -73.931107, 40.582882 ], [ -73.931081, 40.584225 ], [ -73.931078, 40.584388 ], [ -73.931256, 40.585432 ], [ -73.931297, 40.585633 ], [ -73.931301, 40.585678 ], [ -73.931322, 40.585803 ], [ -73.931369, 40.586071 ], [ -73.931432, 40.586347 ], [ -73.931784, 40.588141 ], [ -73.932225, 40.590479 ], [ -73.932614, 40.592517 ], [ -73.933011, 40.594639 ], [ -73.933056, 40.594887 ], [ -73.932431, 40.595238 ], [ -73.932054, 40.59547 ], [ -73.931684, 40.595719 ], [ -73.931293, 40.595984 ], [ -73.930944, 40.596201 ], [ -73.930574, 40.596439 ], [ -73.9302, 40.596676 ], [ -73.929738, 40.596978 ], [ -73.929569, 40.59682 ], [ -73.928791, 40.597323 ], [ -73.928131, 40.597778 ], [ -73.929922, 40.599437 ], [ -73.931734, 40.601062 ], [ -73.933551, 40.602687 ], [ -73.934263, 40.60223 ], [ -73.936094, 40.603873 ], [ -73.937916, 40.605498 ], [ -73.938373, 40.605918 ], [ -73.939726, 40.607133 ], [ -73.940508, 40.606642 ], [ -73.941168, 40.607244 ], [ -73.941547, 40.607582 ], [ -73.942312, 40.608269 ] ] ] ] } },
{ "type": "Feature", "properties": { "assembly district": 37 }, "geometry": { "type": "MultiPolygon", "coordinates": [ [ [ [ -73.96262, 40.739033 ], [ -73.962441, 40.73964 ], [ -73.962435, 40.739672 ], [ -73.961911, 40.740997 ], [ -73.961796, 40.741131 ], [ -73.961684, 40.741582 ], [ -73.961381, 40.742802 ], [ -73.961291, 40.742894 ], [ -73.961183, 40.743005 ], [ -73.960833, 40.743639 ], [ -73.960563, 40.744024 ], [ -73.960513, 40.744108 ], [ -73.960267, 40.744428 ], [ -73.960211, 40.744511 ], [ -73.959778, 40.745178 ], [ -73.959725, 40.745261 ], [ -73.959193, 40.746035 ], [ -73.959124, 40.746119 ], [ -73.958711, 40.746635 ], [ -73.958327, 40.747081 ], [ -73.958216, 40.747212 ], [ -73.957732, 40.747775 ], [ -73.957584, 40.747948 ], [ -73.956842, 40.748828 ], [ -73.956174, 40.749665 ], [ -73.9562, 40.749671 ], [ -73.956201, 40.749686 ], [ -73.956121, 40.74976 ], [ -73.956088, 40.749769 ], [ -73.956062, 40.749764 ], [ -73.955532, 40.750216 ], [ -73.954317, 40.751258 ], [ -73.95394, 40.751746 ], [ -73.953994, 40.751786 ], [ -73.953802, 40.751958 ], [ -73.953679, 40.752047 ], [ -73.953641, 40.752037 ], [ -73.952972, 40.752747 ], [ -73.953009, 40.752775 ], [ -73.952849, 40.75294 ], [ -73.952657, 40.753107 ], [ -73.952173, 40.753703 ], [ -73.952081, 40.753757 ], [ -73.951779, 40.754087 ], [ -73.951625, 40.754249 ], [ -73.951367, 40.754524 ], [ -73.951018, 40.755087 ], [ -73.950877, 40.755167 ], [ -73.95084, 40.755219 ], [ -73.950766, 40.755313 ], [ -73.950735, 40.755352 ], [ -73.950713, 40.755378 ], [ -73.950663, 40.755436 ], [ -73.94915, 40.757329 ], [ -73.948445, 40.758218 ], [ -73.947832, 40.758989 ], [ -73.945964, 40.761293 ], [ -73.945806, 40.76145 ], [ -73.945705, 40.761488 ], [ -73.944715, 40.762879 ], [ -73.943503, 40.764499 ], [ -73.941585, 40.766616 ], [ -73.941312, 40.766918 ], [ -73.940463, 40.76753 ], [ -73.940351, 40.767653 ], [ -73.939836, 40.767988 ], [ -73.938204, 40.768728 ], [ -73.936404, 40.769475 ], [ -73.935323, 40.770485 ], [ -73.934956, 40.77173 ], [ -73.937466, 40.772504 ], [ -73.937466, 40.772531 ], [ -73.937813, 40.773563 ], [ -73.937858, 40.774088 ], [ -73.937655, 40.775086 ], [ -73.937047, 40.775866 ], [ -73.93638, 40.776921 ], [ -73.936089, 40.777184 ], [ -73.935855, 40.777212 ], [ -73.935509, 40.777539 ], [ -73.935082, 40.777944 ], [ -73.934744, 40.778076 ], [ -73.934412, 40.778093 ], [ -73.933908, 40.778117 ], [ -73.932903, 40.777944 ], [ -73.932775, 40.777922 ], [ -73.932722, 40.778035 ], [ -73.932649, 40.778022 ], [ -73.931847, 40.777892 ], [ -73.931788, 40.777871 ], [ -73.93105, 40.777442 ], [ -73.931074, 40.777261 ], [ -73.930883, 40.776974 ], [ -73.930629, 40.776591 ], [ -73.929881, 40.776222 ], [ -73.929036, 40.776467 ], [ -73.928605, 40.776593 ], [ -73.928396, 40.776791 ], [ -73.928277, 40.776899 ], [ -73.927831, 40.776702 ], [ -73.927376, 40.776467 ], [ -73.928196, 40.77491 ], [ -73.92904, 40.775173 ], [ -73.929879, 40.77361 ], [ -73.929928, 40.773551 ], [ -73.930051, 40.772569 ], [ -73.930126, 40.772114 ], [ -73.930772, 40.772108 ], [ -73.932239, 40.772041 ], [ -73.931278, 40.771516 ], [ -73.932046, 40.770545 ], [ -73.932726, 40.769699 ], [ -73.933176, 40.769145 ], [ -73.933367, 40.768912 ], [ -73.933445, 40.768818 ], [ -73.934229, 40.767855 ], [ -73.934935, 40.767013 ], [ -73.933627, 40.766292 ], [ -73.934189, 40.765455 ], [ -73.934476, 40.765003 ], [ -73.934607, 40.764798 ], [ -73.935414, 40.763497 ], [ -73.933981, 40.762826 ], [ -73.933125, 40.762426 ], [ -73.932672, 40.762215 ], [ -73.932227, 40.762008 ], [ -73.93158, 40.761706 ], [ -73.932025, 40.761194 ], [ -73.932255, 40.76093 ], [ -73.932897, 40.76019 ], [ -73.931944, 40.759741 ], [ -73.932657, 40.758999 ], [ -73.932902, 40.758743 ], [ -73.933353, 40.758274 ], [ -73.934632, 40.75694 ], [ -73.935465, 40.757393 ], [ -73.936581, 40.756212 ], [ -73.935798, 40.755796 ], [ -73.93504, 40.755391 ], [ -73.936009, 40.754341 ], [ -73.93717, 40.753079 ], [ -73.936402, 40.752672 ], [ -73.935614, 40.752282 ], [ -73.934749, 40.751959 ], [ -73.933833, 40.751605 ], [ -73.93291, 40.752693 ], [ -73.9337, 40.753112 ], [ -73.932791, 40.754195 ], [ -73.932022, 40.753787 ], [ -73.931057, 40.754974 ], [ -73.930299, 40.754548 ], [ -73.928956, 40.756213 ], [ -73.928154, 40.755836 ], [ -73.927352, 40.75546 ], [ -73.926554, 40.755086 ], [ -73.927781, 40.753571 ], [ -73.928025, 40.753272 ], [ -73.927266, 40.752847 ], [ -73.926509, 40.752434 ], [ -73.926469, 40.752069 ], [ -73.926424, 40.752072 ], [ -73.925961, 40.752096 ], [ -73.925627, 40.752137 ], [ -73.924417, 40.752404 ], [ -73.924689, 40.751727 ], [ -73.924715, 40.751228 ], [ -73.924832, 40.750637 ], [ -73.924957, 40.750003 ], [ -73.925145, 40.749066 ], [ -73.925175, 40.748913 ], [ -73.925247, 40.748539 ], [ -73.925342, 40.748049 ], [ -73.925467, 40.747432 ], [ -73.92451, 40.747321 ], [ -73.923581, 40.747214 ], [ -73.923916, 40.745545 ], [ -73.922989, 40.745438 ], [ -73.92206, 40.74533 ], [ -73.921132, 40.745224 ], [ -73.920798, 40.746891 ], [ -73.920342, 40.749159 ], [ -73.919359, 40.749345 ], [ -73.918676, 40.749488 ], [ -73.918557, 40.749482 ], [ -73.91838, 40.749473 ], [ -73.918019, 40.749427 ], [ -73.917456, 40.749356 ], [ -73.917231, 40.74933 ], [ -73.917153, 40.749321 ], [ -73.916849, 40.749286 ], [ -73.916526, 40.749248 ], [ -73.916234, 40.749215 ], [ -73.916149, 40.749206 ], [ -73.916175, 40.74898 ], [ -73.91633, 40.748988 ], [ -73.916408, 40.748557 ], [ -73.91634, 40.74855 ], [ -73.916186, 40.748522 ], [ -73.916101, 40.748506 ], [ -73.915735, 40.748469 ], [ -73.915762, 40.748335 ], [ -73.915786, 40.748213 ], [ -73.915788, 40.748202 ], [ -73.915839, 40.747947 ], [ -73.91588, 40.747741 ], [ -73.91589, 40.747693 ], [ -73.915923, 40.747528 ], [ -73.915941, 40.747438 ], [ -73.915949, 40.747401 ], [ -73.915013, 40.747331 ], [ -73.915077, 40.747013 ], [ -73.915113, 40.746835 ], [ -73.915165, 40.746578 ], [ -73.915186, 40.746473 ], [ -73.915232, 40.746246 ], [ -73.915252, 40.746142 ], [ -73.915307, 40.745864 ], [ -73.915566, 40.744579 ], [ -73.915588, 40.744464 ], [ -73.915847, 40.743139 ], [ -73.915878, 40.742998 ], [ -73.915944, 40.742686 ], [ -73.916311, 40.740854 ], [ -73.916685, 40.738989 ], [ -73.917612, 40.739096 ], [ -73.917982, 40.737251 ], [ -73.91891, 40.737357 ], [ -73.919836, 40.737464 ], [ -73.920764, 40.737571 ], [ -73.921203, 40.735379 ], [ -73.921211, 40.735235 ], [ -73.921341, 40.734836 ], [ -73.921268, 40.734724 ], [ -73.920713, 40.73444 ], [ -73.920731, 40.73438 ], [ -73.920745, 40.734313 ], [ -73.920751, 40.734246 ], [ -73.920749, 40.734178 ], [ -73.920738, 40.734111 ], [ -73.920719, 40.734045 ], [ -73.920691, 40.73398 ], [ -73.920656, 40.733918 ], [ -73.920613, 40.733859 ], [ -73.920514, 40.733728 ], [ -73.91977, 40.732737 ], [ -73.919267, 40.732208 ], [ -73.919017, 40.732089 ], [ -73.919038, 40.732021 ], [ -73.919061, 40.731954 ], [ -73.918852, 40.73185 ], [ -73.917848, 40.731468 ], [ -73.917366, 40.731328 ], [ -73.917521, 40.731003 ], [ -73.917657, 40.731046 ], [ -73.917873, 40.731092 ], [ -73.918109, 40.731113 ], [ -73.918315, 40.731108 ], [ -73.918474, 40.731089 ], [ -73.918588, 40.731067 ], [ -73.918726, 40.73103 ], [ -73.919334, 40.731139 ], [ -73.921783, 40.731656 ], [ -73.92204, 40.730971 ], [ -73.922294, 40.730293 ], [ -73.922561, 40.729587 ], [ -73.919496, 40.728929 ], [ -73.919537, 40.728834 ], [ -73.919659, 40.728517 ], [ -73.918013, 40.728238 ], [ -73.918364, 40.725931 ], [ -73.91796, 40.725834 ], [ -73.917562, 40.725718 ], [ -73.917171, 40.725585 ], [ -73.916791, 40.725433 ], [ -73.916423, 40.725265 ], [ -73.916068, 40.725081 ], [ -73.91573, 40.724881 ], [ -73.915409, 40.724668 ], [ -73.915106, 40.724443 ], [ -73.914587, 40.723898 ], [ -73.913845, 40.722898 ], [ -73.91317, 40.723082 ], [ -73.912708, 40.723285 ], [ -73.912563, 40.723239 ], [ -73.911345, 40.724182 ], [ -73.910759, 40.724137 ], [ -73.910686, 40.72299 ], [ -73.910465, 40.722973 ], [ -73.910241, 40.722968 ], [ -73.910017, 40.722976 ], [ -73.909795, 40.722997 ], [ -73.909575, 40.72303 ], [ -73.909361, 40.723075 ], [ -73.909143, 40.723113 ], [ -73.909056, 40.723117 ], [ -73.908922, 40.72314 ], [ -73.908698, 40.723155 ], [ -73.908475, 40.723158 ], [ -73.908422, 40.722447 ], [ -73.904563, 40.7226 ], [ -73.904448, 40.721919 ], [ -73.904435, 40.721842 ], [ -73.9044, 40.721689 ], [ -73.904354, 40.721538 ], [ -73.904296, 40.721389 ], [ -73.904227, 40.721244 ], [ -73.904096, 40.721031 ], [ -73.904782, 40.720609 ], [ -73.904368, 40.719137 ], [ -73.904159, 40.718392 ], [ -73.903972, 40.717721 ], [ -73.904861, 40.717588 ], [ -73.90639, 40.717364 ], [ -73.906176, 40.716421 ], [ -73.906021, 40.715743 ], [ -73.905868, 40.715069 ], [ -73.904224, 40.715282 ], [ -73.90333, 40.715398 ], [ -73.902854, 40.713793 ], [ -73.902045, 40.714197 ], [ -73.901158, 40.714622 ], [ -73.900938, 40.713841 ], [ -73.899595, 40.714041 ], [ -73.898696, 40.714225 ], [ -73.897977, 40.7144 ], [ -73.897118, 40.714611 ], [ -73.896285, 40.714818 ], [ -73.895538, 40.713804 ], [ -73.895025, 40.712478 ], [ -73.895904, 40.712507 ], [ -73.896219, 40.712522 ], [ -73.897103, 40.712558 ], [ -73.897683, 40.71258 ], [ -73.899355, 40.712647 ], [ -73.900184, 40.712681 ], [ -73.900596, 40.712697 ], [ -73.900185, 40.711904 ], [ -73.899855, 40.711265 ], [ -73.899709, 40.710981 ], [ -73.898632, 40.711225 ], [ -73.897576, 40.710775 ], [ -73.896459, 40.710298 ], [ -73.896163, 40.709622 ], [ -73.898453, 40.70904 ], [ -73.898003, 40.708401 ], [ -73.897563, 40.707759 ], [ -73.897231, 40.707091 ], [ -73.89694, 40.706499 ], [ -73.896649, 40.705914 ], [ -73.896573, 40.705766 ], [ -73.896331, 40.705274 ], [ -73.895379, 40.705511 ], [ -73.894486, 40.705734 ], [ -73.893917, 40.704401 ], [ -73.893131, 40.702567 ], [ -73.893436, 40.702188 ], [ -73.892968, 40.702136 ], [ -73.892744, 40.701851 ], [ -73.892448, 40.700964 ], [ -73.893349, 40.700891 ], [ -73.89384, 40.70086 ], [ -73.894388, 40.700784 ], [ -73.89676, 40.698506 ], [ -73.897258, 40.698753 ], [ -73.896, 40.699995 ], [ -73.896096, 40.700667 ], [ -73.896271, 40.700653 ], [ -73.896721, 40.700617 ], [ -73.897983, 40.700517 ], [ -73.898369, 40.700518 ], [ -73.899116, 40.700511 ], [ -73.899504, 40.700082 ], [ -73.9002, 40.700501 ], [ -73.901327, 40.700492 ], [ -73.901693, 40.700716 ], [ -73.902561, 40.701229 ], [ -73.902948, 40.701458 ], [ -73.903802, 40.701962 ], [ -73.904542, 40.7024 ], [ -73.905284, 40.702838 ], [ -73.906024, 40.703277 ], [ -73.906761, 40.703714 ], [ -73.907507, 40.704156 ], [ -73.908247, 40.704593 ], [ -73.908989, 40.705032 ], [ -73.90973, 40.705471 ], [ -73.910471, 40.705908 ], [ -73.911212, 40.706346 ], [ -73.911952, 40.706784 ], [ -73.912878, 40.705879 ], [ -73.914031, 40.704749 ], [ -73.914771, 40.705189 ], [ -73.915513, 40.705626 ], [ -73.916253, 40.706066 ], [ -73.916995, 40.706503 ], [ -73.917737, 40.706943 ], [ -73.918477, 40.707382 ], [ -73.919222, 40.707815 ], [ -73.91996, 40.708257 ], [ -73.920701, 40.708695 ], [ -73.921435, 40.709129 ], [ -73.921892, 40.709396 ], [ -73.920745, 40.71053 ], [ -73.921221, 40.710791 ], [ -73.921546, 40.711043 ], [ -73.921687, 40.711894 ], [ -73.922233, 40.712854 ], [ -73.923137, 40.713396 ], [ -73.92404, 40.714008 ], [ -73.924059, 40.714112 ], [ -73.924241, 40.715126 ], [ -73.924327, 40.715568 ], [ -73.922739, 40.716158 ], [ -73.922711, 40.716478 ], [ -73.923127, 40.717024 ], [ -73.924278, 40.718536 ], [ -73.92418, 40.72002 ], [ -73.925344, 40.721638 ], [ -73.926539, 40.724065 ], [ -73.927171, 40.725233 ], [ -73.927225, 40.725333 ], [ -73.927801, 40.726494 ], [ -73.928908, 40.727548 ], [ -73.929058, 40.727688 ], [ -73.929086, 40.727714 ], [ -73.92914, 40.727745 ], [ -73.929179, 40.727764 ], [ -73.929213, 40.72778 ], [ -73.931825, 40.728482 ], [ -73.934425, 40.728818 ], [ -73.937525, 40.729815 ], [ -73.93966, 40.731487 ], [ -73.939913, 40.731943 ], [ -73.939977, 40.732052 ], [ -73.940003, 40.732114 ], [ -73.940073, 40.732233 ], [ -73.94037, 40.732767 ], [ -73.940318, 40.733195 ], [ -73.940368, 40.733269 ], [ -73.942163, 40.735678 ], [ -73.946367, 40.737256 ], [ -73.946832, 40.737437 ], [ -73.947064, 40.737516 ], [ -73.951886, 40.739023 ], [ -73.95254, 40.739228 ], [ -73.952669, 40.739258 ], [ -73.952723, 40.739261 ], [ -73.952749, 40.739262 ], [ -73.953907, 40.739421 ], [ -73.955087, 40.7394 ], [ -73.95706, 40.739167 ], [ -73.961525, 40.737218 ], [ -73.961859, 40.737072 ], [ -73.962478, 40.736802 ], [ -73.962609, 40.738805 ], [ -73.96262, 40.739033 ] ] ] ] } },
{ "type": "Feature", "properties": { "assembly district": 33 }, "geometry": { "type": "MultiPolygon", "coordinates": [ [ [ [ -73.775176, 40.705978 ], [ -73.774892, 40.706527 ], [ -73.774438, 40.706998 ], [ -73.773486, 40.707626 ], [ -73.771939, 40.708091 ], [ -73.769008, 40.709083 ], [ -73.76826, 40.709526 ], [ -73.767807, 40.709632 ], [ -73.766155, 40.71005 ], [ -73.765228, 40.710273 ], [ -73.764353, 40.710495 ], [ -73.763446, 40.710707 ], [ -73.762549, 40.710916 ], [ -73.761653, 40.711133 ], [ -73.760766, 40.711349 ], [ -73.759864, 40.71157 ], [ -73.75897, 40.711783 ], [ -73.758102, 40.712005 ], [ -73.758246, 40.712225 ], [ -73.759377, 40.712141 ], [ -73.758748, 40.712876 ], [ -73.759222, 40.713473 ], [ -73.758205, 40.713498 ], [ -73.757137, 40.713498 ], [ -73.756242, 40.713502 ], [ -73.756068, 40.713504 ], [ -73.755072, 40.71362 ], [ -73.754037, 40.71388 ], [ -73.754349, 40.71427 ], [ -73.754701, 40.71471 ], [ -73.755889, 40.716299 ], [ -73.757257, 40.718139 ], [ -73.758327, 40.719582 ], [ -73.758777, 40.719388 ], [ -73.759216, 40.719199 ], [ -73.76003, 40.718847 ], [ -73.761138, 40.720329 ], [ -73.7603, 40.72066 ], [ -73.759772, 40.720907 ], [ -73.759441, 40.721063 ], [ -73.759997, 40.721759 ], [ -73.75808, 40.723129 ], [ -73.756057, 40.724529 ], [ -73.755508, 40.724894 ], [ -73.756168, 40.725188 ], [ -73.756423, 40.725303 ], [ -73.75657, 40.725407 ], [ -73.756642, 40.725479 ], [ -73.756695, 40.725552 ], [ -73.756727, 40.725624 ], [ -73.756751, 40.725691 ], [ -73.756772, 40.725796 ], [ -73.756752, 40.725973 ], [ -73.756719, 40.726133 ], [ -73.75671, 40.726179 ], [ -73.756612, 40.726208 ], [ -73.756425, 40.726153 ], [ -73.756204, 40.726087 ], [ -73.755968, 40.726028 ], [ -73.755757, 40.725956 ], [ -73.755515, 40.725836 ], [ -73.755357, 40.725738 ], [ -73.755156, 40.725558 ], [ -73.754973, 40.725393 ], [ -73.754774, 40.725236 ], [ -73.754408, 40.725492 ], [ -73.754028, 40.725737 ], [ -73.753634, 40.725971 ], [ -73.753229, 40.726192 ], [ -73.752812, 40.7264 ], [ -73.752385, 40.726594 ], [ -73.751721, 40.726006 ], [ -73.750831, 40.726431 ], [ -73.750034, 40.72681 ], [ -73.749212, 40.727201 ], [ -73.748423, 40.727578 ], [ -73.747635, 40.728027 ], [ -73.747186, 40.7283 ], [ -73.747094, 40.728312 ], [ -73.746846, 40.728443 ], [ -73.746399, 40.728653 ], [ -73.746041, 40.728822 ], [ -73.745294, 40.729281 ], [ -73.744591, 40.729726 ], [ -73.743764, 40.730227 ], [ -73.742421, 40.729919 ], [ -73.740702, 40.729533 ], [ -73.739403, 40.729243 ], [ -73.739049, 40.729165 ], [ -73.738715, 40.729086 ], [ -73.738402, 40.729012 ], [ -73.738156, 40.728957 ], [ -73.737971, 40.728915 ], [ -73.737155, 40.728732 ], [ -73.737138, 40.728969 ], [ -73.736594, 40.730356 ], [ -73.736481, 40.730657 ], [ -73.736317, 40.731043 ], [ -73.735139, 40.731012 ], [ -73.734023, 40.730983 ], [ -73.732911, 40.730952 ], [ -73.732186, 40.732867 ], [ -73.731277, 40.732714 ], [ -73.730985, 40.732665 ], [ -73.730721, 40.732654 ], [ -73.730456, 40.732656 ], [ -73.730191, 40.732671 ], [ -73.729928, 40.732701 ], [ -73.729637, 40.73275 ], [ -73.729416, 40.732799 ], [ -73.728212, 40.733057 ], [ -73.726991, 40.73332 ], [ -73.726366, 40.733455 ], [ -73.726105, 40.73351 ], [ -73.725464, 40.73365 ], [ -73.725246, 40.733696 ], [ -73.724555, 40.733845 ], [ -73.724044, 40.73394 ], [ -73.72365, 40.734032 ], [ -73.723264, 40.734122 ], [ -73.722825, 40.734215 ], [ -73.722675, 40.734247 ], [ -73.722691, 40.734556 ], [ -73.722698, 40.734775 ], [ -73.722764, 40.735182 ], [ -73.722852, 40.7356 ], [ -73.722954, 40.735941 ], [ -73.722974, 40.736001 ], [ -73.723059, 40.736253 ], [ -73.723128, 40.736416 ], [ -73.723256, 40.736701 ], [ -73.723865, 40.738135 ], [ -73.723898, 40.738296 ], [ -73.724188, 40.7387 ], [ -73.723374, 40.738261 ], [ -73.722485, 40.738452 ], [ -73.721581, 40.738647 ], [ -73.720677, 40.738841 ], [ -73.719776, 40.739035 ], [ -73.718873, 40.739229 ], [ -73.71797, 40.739423 ], [ -73.717069, 40.739617 ], [ -73.71589, 40.73987 ], [ -73.715783, 40.739894 ], [ -73.715169, 40.740027 ], [ -73.714265, 40.740221 ], [ -73.713363, 40.740416 ], [ -73.71246, 40.740609 ], [ -73.711557, 40.740802 ], [ -73.710653, 40.740996 ], [ -73.709749, 40.74119 ], [ -73.708846, 40.741384 ], [ -73.707947, 40.741578 ], [ -73.708614, 40.743364 ], [ -73.707672, 40.743562 ], [ -73.706734, 40.743763 ], [ -73.706073, 40.74198 ], [ -73.705169, 40.742175 ], [ -73.704266, 40.742369 ], [ -73.703346, 40.742568 ], [ -73.702424, 40.742763 ], [ -73.702151, 40.742825 ], [ -73.701074, 40.74307 ], [ -73.700582, 40.743184 ], [ -73.70036, 40.741031 ], [ -73.700169, 40.73954 ], [ -73.700384, 40.73919 ], [ -73.700506, 40.739061 ], [ -73.700531, 40.738992 ], [ -73.700639, 40.738828 ], [ -73.700715, 40.738711 ], [ -73.700848, 40.738534 ], [ -73.70095, 40.738391 ], [ -73.701032, 40.738264 ], [ -73.701267, 40.737905 ], [ -73.701487, 40.737555 ], [ -73.701586, 40.737403 ], [ -73.701829, 40.737022 ], [ -73.702069, 40.73667 ], [ -73.702202, 40.736464 ], [ -73.702334, 40.736266 ], [ -73.702699, 40.735723 ], [ -73.703028, 40.735226 ], [ -73.703116, 40.735087 ], [ -73.70337, 40.734711 ], [ -73.703461, 40.734566 ], [ -73.703512, 40.734489 ], [ -73.703725, 40.734165 ], [ -73.704021, 40.733732 ], [ -73.704565, 40.732897 ], [ -73.704674, 40.732714 ], [ -73.705179, 40.73193 ], [ -73.705304, 40.731756 ], [ -73.70586, 40.730917 ], [ -73.706543, 40.729883 ], [ -73.706691, 40.729666 ], [ -73.707165, 40.728933 ], [ -73.707747, 40.72805 ], [ -73.707902, 40.727837 ], [ -73.707939, 40.727771 ], [ -73.708575, 40.727635 ], [ -73.70912, 40.727519 ], [ -73.709679, 40.7274 ], [ -73.70976, 40.727382 ], [ -73.709941, 40.727345 ], [ -73.710311, 40.727266 ], [ -73.710485, 40.72723 ], [ -73.710499, 40.727227 ], [ -73.710913, 40.727173 ], [ -73.71178, 40.727059 ], [ -73.712403, 40.726978 ], [ -73.712764, 40.726931 ], [ -73.713446, 40.726842 ], [ -73.714075, 40.72676 ], [ -73.714141, 40.726751 ], [ -73.714879, 40.726658 ], [ -73.714972, 40.726647 ], [ -73.715865, 40.726541 ], [ -73.715947, 40.72653 ], [ -73.716494, 40.726454 ], [ -73.716899, 40.726387 ], [ -73.717267, 40.726301 ], [ -73.717527, 40.726242 ], [ -73.717854, 40.726157 ], [ -73.718288, 40.726043 ], [ -73.719988, 40.725597 ], [ -73.720387, 40.725487 ], [ -73.720919, 40.725341 ], [ -73.721196, 40.725265 ], [ -73.721341, 40.725225 ], [ -73.722051, 40.725026 ], [ -73.7225, 40.7249 ], [ -73.722576, 40.724879 ], [ -73.722909, 40.72479 ], [ -73.722929, 40.724784 ], [ -73.723431, 40.724649 ], [ -73.723745, 40.724575 ], [ -73.724026, 40.724501 ], [ -73.724141, 40.724469 ], [ -73.724404, 40.724395 ], [ -73.724551, 40.72435 ], [ -73.72472, 40.724298 ], [ -73.724848, 40.724259 ], [ -73.72508, 40.724196 ], [ -73.725526, 40.724076 ], [ -73.725683, 40.724025 ], [ -73.726032, 40.723912 ], [ -73.726453, 40.723756 ], [ -73.726465, 40.723751 ], [ -73.726932, 40.723569 ], [ -73.727213, 40.723453 ], [ -73.727331, 40.723407 ], [ -73.727497, 40.723343 ], [ -73.727985, 40.723159 ], [ -73.728066, 40.723129 ], [ -73.728175, 40.723092 ], [ -73.728261, 40.723063 ], [ -73.728783, 40.722876 ], [ -73.729234, 40.722705 ], [ -73.729503, 40.722595 ], [ -73.729648, 40.722518 ], [ -73.729885, 40.722393 ], [ -73.730326, 40.722157 ], [ -73.729695, 40.720571 ], [ -73.729661, 40.720483 ], [ -73.729433, 40.719865 ], [ -73.729255, 40.719381 ], [ -73.729176, 40.719167 ], [ -73.72894, 40.718306 ], [ -73.728576, 40.71698 ], [ -73.728554, 40.716898 ], [ -73.728501, 40.716706 ], [ -73.728418, 40.716391 ], [ -73.728313, 40.715998 ], [ -73.728188, 40.715524 ], [ -73.728064, 40.715051 ], [ -73.727698, 40.713662 ], [ -73.727511, 40.712951 ], [ -73.727364, 40.712392 ], [ -73.727332, 40.712272 ], [ -73.727317, 40.712216 ], [ -73.727165, 40.711588 ], [ -73.727094, 40.711293 ], [ -73.727086, 40.711259 ], [ -73.726971, 40.710715 ], [ -73.7269, 40.709997 ], [ -73.726896, 40.709976 ], [ -73.727047, 40.709497 ], [ -73.726895, 40.7058 ], [ -73.726871, 40.705237 ], [ -73.726835, 40.704406 ], [ -73.726781, 40.703145 ], [ -73.726779, 40.703082 ], [ -73.726772, 40.702954 ], [ -73.726767, 40.702872 ], [ -73.726762, 40.702768 ], [ -73.726746, 40.702473 ], [ -73.726728, 40.702146 ], [ -73.726751, 40.70208 ], [ -73.726783, 40.701987 ], [ -73.726738, 40.701588 ], [ -73.726713, 40.701448 ], [ -73.726654, 40.701112 ], [ -73.726544, 40.698983 ], [ -73.726525, 40.698258 ], [ -73.726511, 40.697781 ], [ -73.726509, 40.697522 ], [ -73.726503, 40.696886 ], [ -73.726263, 40.690773 ], [ -73.726258, 40.690611 ], [ -73.726259, 40.690269 ], [ -73.726239, 40.689815 ], [ -73.726231, 40.68966 ], [ -73.726217, 40.689306 ], [ -73.7262, 40.688984 ], [ -73.726175, 40.68865 ], [ -73.726158, 40.68847 ], [ -73.726089, 40.687774 ], [ -73.725996, 40.686932 ], [ -73.725941, 40.686399 ], [ -73.725926, 40.686225 ], [ -73.725918, 40.686099 ], [ -73.725911, 40.686085 ], [ -73.725878, 40.685514 ], [ -73.725798, 40.684354 ], [ -73.725821, 40.68395 ], [ -73.725843, 40.683575 ], [ -73.725861, 40.683223 ], [ -73.726583, 40.683418 ], [ -73.726754, 40.683464 ], [ -73.727183, 40.683597 ], [ -73.727852, 40.6838 ], [ -73.728721, 40.684062 ], [ -73.729591, 40.684325 ], [ -73.730458, 40.684587 ], [ -73.731327, 40.684851 ], [ -73.73222, 40.685121 ], [ -73.733085, 40.685383 ], [ -73.73323, 40.685424 ], [ -73.7336, 40.685529 ], [ -73.73396, 40.685639 ], [ -73.734649, 40.68585 ], [ -73.73483, 40.685906 ], [ -73.7357, 40.686173 ], [ -73.736578, 40.686438 ], [ -73.737442, 40.686701 ], [ -73.738314, 40.686965 ], [ -73.739186, 40.687228 ], [ -73.740061, 40.687491 ], [ -73.741041, 40.68779 ], [ -73.741779, 40.688044 ], [ -73.744434, 40.688841 ], [ -73.745303, 40.689104 ], [ -73.746174, 40.689369 ], [ -73.746694, 40.689541 ], [ -73.746984, 40.689637 ], [ -73.74722, 40.689715 ], [ -73.747342, 40.68977 ], [ -73.74766, 40.689913 ], [ -73.747719, 40.68994 ], [ -73.748123, 40.690131 ], [ -73.748687, 40.689281 ], [ -73.749213, 40.688545 ], [ -73.750384, 40.690382 ], [ -73.750597, 40.690307 ], [ -73.751199, 40.690087 ], [ -73.751323, 40.690045 ], [ -73.75158, 40.690346 ], [ -73.752105, 40.691447 ], [ -73.752908, 40.693125 ], [ -73.753752, 40.692889 ], [ -73.75423, 40.693897 ], [ -73.753958, 40.693971 ], [ -73.754645, 40.695489 ], [ -73.755532, 40.695257 ], [ -73.75484, 40.693728 ], [ -73.755082, 40.69366 ], [ -73.756016, 40.693404 ], [ -73.756869, 40.693172 ], [ -73.757727, 40.692938 ], [ -73.758565, 40.692706 ], [ -73.759411, 40.69247 ], [ -73.76026, 40.692232 ], [ -73.761103, 40.691994 ], [ -73.762385, 40.691668 ], [ -73.763742, 40.691803 ], [ -73.764117, 40.691882 ], [ -73.765394, 40.692065 ], [ -73.765214, 40.692789 ], [ -73.766425, 40.693853 ], [ -73.767011, 40.694409 ], [ -73.767586, 40.694975 ], [ -73.768797, 40.696164 ], [ -73.769294, 40.69665 ], [ -73.768834, 40.696904 ], [ -73.768576, 40.697031 ], [ -73.76728, 40.697217 ], [ -73.76681, 40.697297 ], [ -73.766062, 40.697412 ], [ -73.764805, 40.697614 ], [ -73.764093, 40.697727 ], [ -73.763978, 40.697748 ], [ -73.763539, 40.697814 ], [ -73.76282, 40.698719 ], [ -73.762615, 40.698697 ], [ -73.762708, 40.698859 ], [ -73.763005, 40.699338 ], [ -73.763192, 40.6996 ], [ -73.763506, 40.699969 ], [ -73.763774, 40.700259 ], [ -73.764101, 40.700568 ], [ -73.764412, 40.700844 ], [ -73.764763, 40.701157 ], [ -73.765083, 40.701428 ], [ -73.765439, 40.701743 ], [ -73.765745, 40.702003 ], [ -73.766125, 40.702334 ], [ -73.766369, 40.702563 ], [ -73.766573, 40.702752 ], [ -73.766991, 40.703141 ], [ -73.767211, 40.703367 ], [ -73.767498, 40.703494 ], [ -73.767717, 40.70358 ], [ -73.767852, 40.703621 ], [ -73.768483, 40.703769 ], [ -73.768806, 40.70386 ], [ -73.769494, 40.704046 ], [ -73.769833, 40.70413 ], [ -73.770883, 40.704403 ], [ -73.771862, 40.704639 ], [ -73.772775, 40.70481 ], [ -73.772921, 40.705398 ], [ -73.773835, 40.70524 ], [ -73.774181, 40.705087 ], [ -73.775037, 40.705233 ], [ -73.775176, 40.705978 ] ] ] ] } },
{ "type": "Feature", "properties": { "assembly district": 58 }, "geometry": { "type": "MultiPolygon", "coordinates": [ [ [ [ -73.946449, 40.63872 ], [ -73.945373, 40.638787 ], [ -73.945522, 40.640165 ], [ -73.94555, 40.640429 ], [ -73.945625, 40.641126 ], [ -73.946136, 40.641093 ], [ -73.946298, 40.642907 ], [ -73.945869, 40.643424 ], [ -73.944901, 40.643484 ], [ -73.943965, 40.643543 ], [ -73.944079, 40.644594 ], [ -73.943107, 40.644637 ], [ -73.943198, 40.645487 ], [ -73.943309, 40.646527 ], [ -73.943374, 40.647115 ], [ -73.943525, 40.648541 ], [ -73.943604, 40.649279 ], [ -73.9438, 40.651106 ], [ -73.944002, 40.652973 ], [ -73.943029, 40.653033 ], [ -73.942098, 40.653091 ], [ -73.941164, 40.653149 ], [ -73.94023, 40.653207 ], [ -73.93926, 40.653267 ], [ -73.939424, 40.654799 ], [ -73.938454, 40.654858 ], [ -73.937518, 40.654916 ], [ -73.936548, 40.654976 ], [ -73.935578, 40.655039 ], [ -73.934645, 40.655096 ], [ -73.934784, 40.656361 ], [ -73.93381, 40.656423 ], [ -73.933676, 40.655156 ], [ -73.932706, 40.655216 ], [ -73.932847, 40.656478 ], [ -73.931907, 40.656537 ], [ -73.931306, 40.656581 ], [ -73.930903, 40.65661 ], [ -73.931083, 40.658296 ], [ -73.931723, 40.658257 ], [ -73.93209, 40.658235 ], [ -73.932203, 40.659288 ], [ -73.932336, 40.660532 ], [ -73.931325, 40.660594 ], [ -73.931406, 40.661331 ], [ -73.93148, 40.662051 ], [ -73.931556, 40.662756 ], [ -73.931579, 40.66323 ], [ -73.930685, 40.66362 ], [ -73.929874, 40.66399 ], [ -73.927699, 40.662028 ], [ -73.927566, 40.661908 ], [ -73.926854, 40.662371 ], [ -73.926139, 40.662832 ], [ -73.925424, 40.663294 ], [ -73.924549, 40.663862 ], [ -73.922728, 40.662231 ], [ -73.92193, 40.662744 ], [ -73.920127, 40.661123 ], [ -73.919744, 40.660771 ], [ -73.918294, 40.659484 ], [ -73.917419, 40.660051 ], [ -73.917074, 40.659745 ], [ -73.915728, 40.65855 ], [ -73.915567, 40.658393 ], [ -73.914692, 40.658503 ], [ -73.913736, 40.658645 ], [ -73.912817, 40.658783 ], [ -73.912423, 40.657247 ], [ -73.911503, 40.657382 ], [ -73.910549, 40.657525 ], [ -73.910123, 40.655852 ], [ -73.909177, 40.655995 ], [ -73.908245, 40.656133 ], [ -73.908674, 40.657803 ], [ -73.907736, 40.657943 ], [ -73.907307, 40.656273 ], [ -73.90696, 40.654905 ], [ -73.906916, 40.654732 ], [ -73.906875, 40.654571 ], [ -73.906571, 40.653379 ], [ -73.906238, 40.652065 ], [ -73.905968, 40.650944 ], [ -73.905386, 40.651327 ], [ -73.904551, 40.651877 ], [ -73.902734, 40.650244 ], [ -73.899836, 40.652117 ], [ -73.898967, 40.651423 ], [ -73.898836, 40.651307 ], [ -73.897943, 40.650515 ], [ -73.896345, 40.649027 ], [ -73.894679, 40.64753 ], [ -73.893986, 40.647974 ], [ -73.893275, 40.648436 ], [ -73.892551, 40.648911 ], [ -73.89071, 40.647256 ], [ -73.890094, 40.646697 ], [ -73.889521, 40.646174 ], [ -73.888901, 40.64563 ], [ -73.88827, 40.645062 ], [ -73.887697, 40.644548 ], [ -73.887074, 40.643985 ], [ -73.886459, 40.643434 ], [ -73.885872, 40.642909 ], [ -73.885253, 40.642357 ], [ -73.884643, 40.641801 ], [ -73.884058, 40.641277 ], [ -73.883443, 40.640727 ], [ -73.885565, 40.639347 ], [ -73.886312, 40.638866 ], [ -73.887049, 40.638388 ], [ -73.887793, 40.637908 ], [ -73.888507, 40.637446 ], [ -73.889223, 40.636986 ], [ -73.891042, 40.638619 ], [ -73.891754, 40.638157 ], [ -73.892495, 40.637676 ], [ -73.893375, 40.637108 ], [ -73.895191, 40.638742 ], [ -73.896368, 40.639798 ], [ -73.897011, 40.640374 ], [ -73.898828, 40.642005 ], [ -73.899406, 40.642523 ], [ -73.899914, 40.642978 ], [ -73.899024, 40.643539 ], [ -73.899791, 40.644227 ], [ -73.900498, 40.644867 ], [ -73.901433, 40.645703 ], [ -73.902313, 40.645134 ], [ -73.903112, 40.644623 ], [ -73.903988, 40.644052 ], [ -73.904702, 40.64359 ], [ -73.90377, 40.642752 ], [ -73.904485, 40.642292 ], [ -73.905352, 40.641731 ], [ -73.905861, 40.641407 ], [ -73.906812, 40.642258 ], [ -73.906321, 40.642561 ], [ -73.906827, 40.642994 ], [ -73.908015, 40.642069 ], [ -73.908689, 40.642675 ], [ -73.90928, 40.643204 ], [ -73.910206, 40.644038 ], [ -73.911128, 40.644865 ], [ -73.911728, 40.645405 ], [ -73.912756, 40.646328 ], [ -73.913178, 40.646709 ], [ -73.913727, 40.647196 ], [ -73.914589, 40.646639 ], [ -73.915277, 40.646138 ], [ -73.915836, 40.645692 ], [ -73.918594, 40.643675 ], [ -73.918084, 40.643265 ], [ -73.917952, 40.64316 ], [ -73.91758, 40.642827 ], [ -73.91734, 40.642617 ], [ -73.917084, 40.642372 ], [ -73.916621, 40.641948 ], [ -73.917402, 40.641517 ], [ -73.915321, 40.639637 ], [ -73.916033, 40.639172 ], [ -73.916809, 40.638682 ], [ -73.917654, 40.638249 ], [ -73.918436, 40.637847 ], [ -73.919172, 40.63747 ], [ -73.920119, 40.636988 ], [ -73.920228, 40.636932 ], [ -73.9208, 40.636638 ], [ -73.921017, 40.636528 ], [ -73.921129, 40.636471 ], [ -73.921908, 40.636075 ], [ -73.922832, 40.635543 ], [ -73.923078, 40.637908 ], [ -73.923168, 40.638837 ], [ -73.925477, 40.637599 ], [ -73.925969, 40.637576 ], [ -73.926146, 40.637568 ], [ -73.926082, 40.638163 ], [ -73.923327, 40.6399 ], [ -73.923354, 40.640177 ], [ -73.923375, 40.640495 ], [ -73.923565, 40.642499 ], [ -73.924542, 40.642439 ], [ -73.925382, 40.642384 ], [ -73.926446, 40.642316 ], [ -73.927416, 40.642253 ], [ -73.928348, 40.642197 ], [ -73.929355, 40.642134 ], [ -73.93036, 40.642073 ], [ -73.931293, 40.642015 ], [ -73.932264, 40.64195 ], [ -73.932013, 40.639616 ], [ -73.932984, 40.639555 ], [ -73.932734, 40.637217 ], [ -73.9325, 40.634947 ], [ -73.933427, 40.634884 ], [ -73.933379, 40.634368 ], [ -73.93333, 40.63402 ], [ -73.934268, 40.633679 ], [ -73.934146, 40.632492 ], [ -73.934619, 40.632461 ], [ -73.935116, 40.632429 ], [ -73.936046, 40.632371 ], [ -73.937013, 40.632304 ], [ -73.937593, 40.632268 ], [ -73.937998, 40.632247 ], [ -73.938925, 40.632193 ], [ -73.939854, 40.632135 ], [ -73.940788, 40.632076 ], [ -73.941757, 40.632017 ], [ -73.942729, 40.631957 ], [ -73.94366, 40.6319 ], [ -73.944629, 40.631838 ], [ -73.944881, 40.634177 ], [ -73.945868, 40.634117 ], [ -73.946123, 40.635991 ], [ -73.94615, 40.636385 ], [ -73.94627, 40.637459 ], [ -73.946449, 40.63872 ] ] ] ] } },
{ "type": "Feature", "properties": { "assembly district": 28 }, "geometry": { "type": "MultiPolygon", "coordinates": [ [ [ [ -73.900596, 40.712697 ], [ -73.900184, 40.712681 ], [ -73.899355, 40.712647 ], [ -73.897683, 40.71258 ], [ -73.897103, 40.712558 ], [ -73.896219, 40.712522 ], [ -73.895904, 40.712507 ], [ -73.895025, 40.712478 ], [ -73.894019, 40.712441 ], [ -73.893806, 40.712434 ], [ -73.888776, 40.712286 ], [ -73.887446, 40.715177 ], [ -73.887349, 40.715111 ], [ -73.887287, 40.715029 ], [ -73.887237, 40.714941 ], [ -73.8872, 40.714849 ], [ -73.887179, 40.714756 ], [ -73.886982, 40.71474 ], [ -73.886539, 40.71537 ], [ -73.886459, 40.715444 ], [ -73.886392, 40.71553 ], [ -73.886343, 40.715624 ], [ -73.886314, 40.715724 ], [ -73.886306, 40.715825 ], [ -73.886319, 40.715924 ], [ -73.886351, 40.716017 ], [ -73.886662, 40.716396 ], [ -73.885837, 40.716777 ], [ -73.885047, 40.717142 ], [ -73.884229, 40.717524 ], [ -73.88342, 40.717902 ], [ -73.882629, 40.718271 ], [ -73.88183, 40.71864 ], [ -73.881025, 40.719013 ], [ -73.879557, 40.71715 ], [ -73.879135, 40.716982 ], [ -73.877385, 40.717205 ], [ -73.87722, 40.717226 ], [ -73.876387, 40.717329 ], [ -73.87628, 40.717342 ], [ -73.875368, 40.717452 ], [ -73.874402, 40.717575 ], [ -73.873209, 40.717741 ], [ -73.872392, 40.717831 ], [ -73.87143, 40.717992 ], [ -73.870531, 40.718161 ], [ -73.869586, 40.718545 ], [ -73.868779, 40.718904 ], [ -73.867969, 40.719268 ], [ -73.867167, 40.719641 ], [ -73.865476, 40.720281 ], [ -73.866042, 40.720901 ], [ -73.866572, 40.721487 ], [ -73.867114, 40.722076 ], [ -73.867285, 40.722257 ], [ -73.867659, 40.722661 ], [ -73.868244, 40.723256 ], [ -73.868487, 40.723572 ], [ -73.868768, 40.723821 ], [ -73.869293, 40.724436 ], [ -73.869699, 40.725146 ], [ -73.870211, 40.726187 ], [ -73.870107, 40.726215 ], [ -73.869576, 40.726359 ], [ -73.869422, 40.726603 ], [ -73.868788, 40.727602 ], [ -73.869243, 40.727768 ], [ -73.869632, 40.72791 ], [ -73.871133, 40.728372 ], [ -73.871429, 40.729248 ], [ -73.871489, 40.729485 ], [ -73.871566, 40.730078 ], [ -73.871629, 40.730751 ], [ -73.87164, 40.730864 ], [ -73.871642, 40.730886 ], [ -73.871646, 40.731017 ], [ -73.871595, 40.731183 ], [ -73.871533, 40.731342 ], [ -73.871378, 40.731383 ], [ -73.871218, 40.731447 ], [ -73.871047, 40.731495 ], [ -73.870869, 40.731529 ], [ -73.870688, 40.731546 ], [ -73.870618, 40.731559 ], [ -73.870507, 40.731547 ], [ -73.869835, 40.731311 ], [ -73.869365, 40.731146 ], [ -73.8689, 40.731819 ], [ -73.868727, 40.732125 ], [ -73.868583, 40.732253 ], [ -73.868427, 40.732374 ], [ -73.868261, 40.732486 ], [ -73.868352, 40.732527 ], [ -73.867865, 40.732701 ], [ -73.867718, 40.732753 ], [ -73.866723, 40.733089 ], [ -73.865747, 40.733419 ], [ -73.865207, 40.733665 ], [ -73.864438, 40.73393 ], [ -73.864339, 40.733743 ], [ -73.863424, 40.731951 ], [ -73.8626, 40.73042 ], [ -73.862188, 40.730276 ], [ -73.86083, 40.730913 ], [ -73.859277, 40.731774 ], [ -73.858423, 40.73222 ], [ -73.858265, 40.732304 ], [ -73.857049, 40.732512 ], [ -73.856597, 40.731623 ], [ -73.856257, 40.730959 ], [ -73.855914, 40.730293 ], [ -73.855572, 40.72963 ], [ -73.855228, 40.728965 ], [ -73.852514, 40.729775 ], [ -73.850794, 40.730288 ], [ -73.848578, 40.730949 ], [ -73.846325, 40.731616 ], [ -73.845987, 40.730955 ], [ -73.845765, 40.730262 ], [ -73.845707, 40.729501 ], [ -73.845158, 40.728901 ], [ -73.845016, 40.728801 ], [ -73.844888, 40.728688 ], [ -73.844777, 40.728564 ], [ -73.844687, 40.728432 ], [ -73.844617, 40.728295 ], [ -73.844277, 40.72763 ], [ -73.843934, 40.726965 ], [ -73.843594, 40.7263 ], [ -73.843252, 40.725637 ], [ -73.842909, 40.724971 ], [ -73.840692, 40.725632 ], [ -73.840351, 40.724968 ], [ -73.839359, 40.725261 ], [ -73.838678, 40.723932 ], [ -73.839665, 40.723639 ], [ -73.839324, 40.722974 ], [ -73.838976, 40.722313 ], [ -73.838641, 40.721644 ], [ -73.838298, 40.720979 ], [ -73.837957, 40.720313 ], [ -73.837619, 40.719654 ], [ -73.837281, 40.718986 ], [ -73.837015, 40.718331 ], [ -73.836863, 40.718261 ], [ -73.835849, 40.717727 ], [ -73.834962, 40.717172 ], [ -73.834213, 40.716637 ], [ -73.833567, 40.716143 ], [ -73.832231, 40.71512 ], [ -73.831385, 40.714529 ], [ -73.831311, 40.714474 ], [ -73.831069, 40.714354 ], [ -73.830982, 40.71431 ], [ -73.830868, 40.71427 ], [ -73.83073, 40.714217 ], [ -73.830082, 40.713914 ], [ -73.827397, 40.712832 ], [ -73.82913, 40.712154 ], [ -73.829314, 40.712423 ], [ -73.831372, 40.711109 ], [ -73.832041, 40.710678 ], [ -73.832626, 40.710333 ], [ -73.831529, 40.709348 ], [ -73.831691, 40.709262 ], [ -73.83184, 40.709197 ], [ -73.832047, 40.709123 ], [ -73.832236, 40.709071 ], [ -73.832411, 40.709037 ], [ -73.832624, 40.709008 ], [ -73.834184, 40.708672 ], [ -73.834289, 40.708649 ], [ -73.834541, 40.708594 ], [ -73.834827, 40.708533 ], [ -73.835307, 40.708429 ], [ -73.835393, 40.708403 ], [ -73.835547, 40.708341 ], [ -73.835652, 40.708276 ], [ -73.835815, 40.708116 ], [ -73.836185, 40.707573 ], [ -73.835558, 40.707328 ], [ -73.835176, 40.707175 ], [ -73.835076, 40.707135 ], [ -73.834982, 40.707098 ], [ -73.834517, 40.706003 ], [ -73.834197, 40.70525 ], [ -73.834114, 40.705062 ], [ -73.833715, 40.704149 ], [ -73.832825, 40.704371 ], [ -73.832132, 40.702794 ], [ -73.831521, 40.70139 ], [ -73.831632, 40.701341 ], [ -73.831739, 40.701286 ], [ -73.831834, 40.701232 ], [ -73.83194, 40.701164 ], [ -73.832033, 40.701097 ], [ -73.83211, 40.701033 ], [ -73.832201, 40.700949 ], [ -73.832277, 40.70087 ], [ -73.832335, 40.700765 ], [ -73.831037, 40.700253 ], [ -73.830886, 40.700009 ], [ -73.831067, 40.699957 ], [ -73.831522, 40.699843 ], [ -73.831784, 40.699779 ], [ -73.832052, 40.699707 ], [ -73.832452, 40.699547 ], [ -73.832596, 40.699482 ], [ -73.833313, 40.699108 ], [ -73.834066, 40.698695 ], [ -73.834844, 40.698269 ], [ -73.835641, 40.697829 ], [ -73.836401, 40.697405 ], [ -73.837167, 40.696866 ], [ -73.837899, 40.696369 ], [ -73.838014, 40.696297 ], [ -73.838652, 40.695926 ], [ -73.838791, 40.695853 ], [ -73.839483, 40.695582 ], [ -73.839634, 40.695535 ], [ -73.840351, 40.695383 ], [ -73.840497, 40.69536 ], [ -73.841135, 40.695284 ], [ -73.841988, 40.695218 ], [ -73.842946, 40.695193 ], [ -73.843442, 40.695187 ], [ -73.845397, 40.695157 ], [ -73.845568, 40.695553 ], [ -73.845857, 40.696203 ], [ -73.846142, 40.696859 ], [ -73.846426, 40.697506 ], [ -73.846711, 40.698159 ], [ -73.847017, 40.698842 ], [ -73.84706, 40.699028 ], [ -73.847162, 40.699188 ], [ -73.847214, 40.699376 ], [ -73.84726, 40.699676 ], [ -73.84729, 40.699788 ], [ -73.847314, 40.69984 ], [ -73.84734, 40.699897 ], [ -73.84741, 40.700001 ], [ -73.847453, 40.70005 ], [ -73.847546, 40.70014 ], [ -73.847711, 40.700259 ], [ -73.84783, 40.700318 ], [ -73.849816, 40.70129 ], [ -73.849928, 40.701351 ], [ -73.850004, 40.701405 ], [ -73.850077, 40.70147 ], [ -73.850193, 40.701613 ], [ -73.850272, 40.701829 ], [ -73.850285, 40.702045 ], [ -73.850687, 40.702089 ], [ -73.852151, 40.702251 ], [ -73.855293, 40.702596 ], [ -73.856145, 40.702686 ], [ -73.85704, 40.702788 ], [ -73.857953, 40.70288 ], [ -73.858112, 40.702895 ], [ -73.85815, 40.702898 ], [ -73.858288, 40.702911 ], [ -73.858532, 40.70295 ], [ -73.858747, 40.702974 ], [ -73.859975, 40.703109 ], [ -73.86037, 40.703151 ], [ -73.860682, 40.703184 ], [ -73.861423, 40.70327 ], [ -73.862797, 40.703361 ], [ -73.863077, 40.70338 ], [ -73.863254, 40.703392 ], [ -73.863794, 40.703334 ], [ -73.864728, 40.703259 ], [ -73.86507, 40.705664 ], [ -73.865982, 40.705591 ], [ -73.866131, 40.706656 ], [ -73.867037, 40.706642 ], [ -73.866878, 40.705518 ], [ -73.867767, 40.705445 ], [ -73.867603, 40.704678 ], [ -73.867247, 40.703052 ], [ -73.868243, 40.70297 ], [ -73.869033, 40.702904 ], [ -73.869156, 40.702893 ], [ -73.869819, 40.702838 ], [ -73.870733, 40.702762 ], [ -73.871648, 40.702687 ], [ -73.872562, 40.702612 ], [ -73.873512, 40.702535 ], [ -73.874463, 40.702457 ], [ -73.875431, 40.702374 ], [ -73.876162, 40.704215 ], [ -73.876303, 40.704439 ], [ -73.876521, 40.705061 ], [ -73.876764, 40.705648 ], [ -73.877157, 40.706573 ], [ -73.87722, 40.706687 ], [ -73.880969, 40.706371 ], [ -73.881232, 40.706372 ], [ -73.880878, 40.706193 ], [ -73.881697, 40.706026 ], [ -73.882613, 40.705801 ], [ -73.883454, 40.705615 ], [ -73.884313, 40.705411 ], [ -73.884598, 40.706123 ], [ -73.885549, 40.706155 ], [ -73.886528, 40.706225 ], [ -73.887396, 40.706018 ], [ -73.888263, 40.70581 ], [ -73.887762, 40.704594 ], [ -73.888623, 40.704389 ], [ -73.889517, 40.704179 ], [ -73.89041, 40.70397 ], [ -73.891053, 40.703816 ], [ -73.891268, 40.703597 ], [ -73.891942, 40.702886 ], [ -73.892744, 40.701851 ], [ -73.892968, 40.702136 ], [ -73.893436, 40.702188 ], [ -73.893131, 40.702567 ], [ -73.893917, 40.704401 ], [ -73.894486, 40.705734 ], [ -73.895379, 40.705511 ], [ -73.896331, 40.705274 ], [ -73.896573, 40.705766 ], [ -73.896649, 40.705914 ], [ -73.89694, 40.706499 ], [ -73.897231, 40.707091 ], [ -73.897563, 40.707759 ], [ -73.898003, 40.708401 ], [ -73.898453, 40.70904 ], [ -73.896163, 40.709622 ], [ -73.896459, 40.710298 ], [ -73.897576, 40.710775 ], [ -73.898632, 40.711225 ], [ -73.899709, 40.710981 ], [ -73.899855, 40.711265 ], [ -73.900185, 40.711904 ], [ -73.900596, 40.712697 ] ] ] ] } },
{ "type": "Feature", "properties": { "assembly district": 57 }, "geometry": { "type": "MultiPolygon", "coordinates": [ [ [ [ -73.986601, 40.700621 ], [ -73.985634, 40.700595 ], [ -73.985443, 40.70059 ], [ -73.984827, 40.700577 ], [ -73.984761, 40.701439 ], [ -73.98285, 40.701359 ], [ -73.980729, 40.701268 ], [ -73.980455, 40.700852 ], [ -73.980462, 40.699703 ], [ -73.980544, 40.698246 ], [ -73.980515, 40.697437 ], [ -73.980447, 40.69667 ], [ -73.980388, 40.696507 ], [ -73.979529, 40.696529 ], [ -73.978381, 40.696492 ], [ -73.97739, 40.696419 ], [ -73.976443, 40.696371 ], [ -73.975486, 40.696315 ], [ -73.974484, 40.696308 ], [ -73.973485, 40.696246 ], [ -73.973469, 40.696141 ], [ -73.973458, 40.696052 ], [ -73.973446, 40.695948 ], [ -73.973309, 40.69521 ], [ -73.973123, 40.694293 ], [ -73.972992, 40.693646 ], [ -73.972911, 40.693251 ], [ -73.972553, 40.69168 ], [ -73.97156, 40.69164 ], [ -73.970549, 40.691602 ], [ -73.970859, 40.693172 ], [ -73.969831, 40.693135 ], [ -73.96881, 40.693121 ], [ -73.967844, 40.69323 ], [ -73.966881, 40.693341 ], [ -73.966566, 40.691756 ], [ -73.9656, 40.691871 ], [ -73.965775, 40.692769 ], [ -73.965906, 40.693433 ], [ -73.964984, 40.693515 ], [ -73.964054, 40.693628 ], [ -73.963127, 40.693733 ], [ -73.962211, 40.69386 ], [ -73.961093, 40.694011 ], [ -73.960158, 40.694117 ], [ -73.959311, 40.694215 ], [ -73.958993, 40.692628 ], [ -73.957681, 40.692779 ], [ -73.957997, 40.694366 ], [ -73.957087, 40.694471 ], [ -73.956143, 40.694579 ], [ -73.955826, 40.692993 ], [ -73.95488, 40.693102 ], [ -73.953989, 40.693205 ], [ -73.953098, 40.693308 ], [ -73.953414, 40.694893 ], [ -73.952489, 40.695004 ], [ -73.952341, 40.694263 ], [ -73.952193, 40.693526 ], [ -73.952172, 40.693419 ], [ -73.95205, 40.692794 ], [ -73.951902, 40.692063 ], [ -73.95181, 40.691599 ], [ -73.951757, 40.69133 ], [ -73.951612, 40.690597 ], [ -73.951464, 40.689864 ], [ -73.951444, 40.689764 ], [ -73.951319, 40.689133 ], [ -73.951175, 40.6884 ], [ -73.951028, 40.687667 ], [ -73.950883, 40.686933 ], [ -73.950737, 40.6862 ], [ -73.95059, 40.685467 ], [ -73.950446, 40.684735 ], [ -73.950299, 40.684001 ], [ -73.950155, 40.683269 ], [ -73.950009, 40.682537 ], [ -73.949861, 40.681804 ], [ -73.949715, 40.68107 ], [ -73.949557, 40.68039 ], [ -73.949585, 40.679636 ], [ -73.949647, 40.678963 ], [ -73.949679, 40.678566 ], [ -73.949676, 40.678457 ], [ -73.949697, 40.678362 ], [ -73.94977, 40.677652 ], [ -73.949845, 40.676875 ], [ -73.949915, 40.676096 ], [ -73.952687, 40.676245 ], [ -73.952768, 40.675355 ], [ -73.952849, 40.674462 ], [ -73.952937, 40.673571 ], [ -73.953019, 40.672681 ], [ -73.953102, 40.671791 ], [ -73.953187, 40.670898 ], [ -73.953249, 40.670227 ], [ -73.95327, 40.670007 ], [ -73.953289, 40.669796 ], [ -73.953353, 40.669115 ], [ -73.953439, 40.668224 ], [ -73.953521, 40.667333 ], [ -73.953606, 40.66644 ], [ -73.95369, 40.665549 ], [ -73.953787, 40.664514 ], [ -73.953849, 40.663728 ], [ -73.95721, 40.663517 ], [ -73.959739, 40.663361 ], [ -73.960615, 40.663303 ], [ -73.960956, 40.663285 ], [ -73.961939, 40.663224 ], [ -73.962429, 40.663125 ], [ -73.962894, 40.663798 ], [ -73.969247, 40.672743 ], [ -73.968924, 40.672938 ], [ -73.968858, 40.67307 ], [ -73.968797, 40.673284 ], [ -73.968731, 40.673928 ], [ -73.966942, 40.674416 ], [ -73.966613, 40.675302 ], [ -73.966296, 40.67618 ], [ -73.965974, 40.67706 ], [ -73.96886, 40.677665 ], [ -73.972027, 40.678328 ], [ -73.972338, 40.678393 ], [ -73.973509, 40.678639 ], [ -73.97431, 40.679735 ], [ -73.974692, 40.680266 ], [ -73.974504, 40.680733 ], [ -73.975144, 40.680872 ], [ -73.975834, 40.681836 ], [ -73.976317, 40.682509 ], [ -73.976569, 40.682827 ], [ -73.976667, 40.682973 ], [ -73.977457, 40.684052 ], [ -73.978026, 40.684864 ], [ -73.978274, 40.685196 ], [ -73.979088, 40.686285 ], [ -73.979363, 40.686682 ], [ -73.97959, 40.687004 ], [ -73.979841, 40.687345 ], [ -73.980559, 40.688351 ], [ -73.980647, 40.688523 ], [ -73.980813, 40.688775 ], [ -73.98087, 40.688866 ], [ -73.98136, 40.689928 ], [ -73.982079, 40.691292 ], [ -73.982452, 40.69205 ], [ -73.982559, 40.692272 ], [ -73.983221, 40.693602 ], [ -73.983261, 40.693683 ], [ -73.9834, 40.693926 ], [ -73.983322, 40.694429 ], [ -73.983264, 40.694814 ], [ -73.983213, 40.695916 ], [ -73.983191, 40.696099 ], [ -73.983118, 40.697542 ], [ -73.984044, 40.697577 ], [ -73.983995, 40.698414 ], [ -73.98496, 40.698445 ], [ -73.985044, 40.698444 ], [ -73.985158, 40.698443 ], [ -73.985379, 40.69844 ], [ -73.985587, 40.698446 ], [ -73.986208, 40.699581 ], [ -73.986409, 40.699928 ], [ -73.98657, 40.700213 ], [ -73.986798, 40.700617 ], [ -73.986601, 40.700621 ] ] ] ] } },
{ "type": "Feature", "properties": { "assembly district": 32 }, "geometry": { "type": "MultiPolygon", "coordinates": [ [ [ [ -73.818413, 40.694863 ], [ -73.817396, 40.695155 ], [ -73.816552, 40.695399 ], [ -73.815709, 40.695638 ], [ -73.814862, 40.695878 ], [ -73.815316, 40.696822 ], [ -73.814853, 40.696962 ], [ -73.814572, 40.697044 ], [ -73.814407, 40.697087 ], [ -73.814285, 40.697114 ], [ -73.814173, 40.697135 ], [ -73.813943, 40.697147 ], [ -73.814006, 40.69726 ], [ -73.814334, 40.697866 ], [ -73.814201, 40.697911 ], [ -73.814429, 40.698335 ], [ -73.81423, 40.698332 ], [ -73.81404, 40.69833 ], [ -73.814194, 40.69858 ], [ -73.813187, 40.698864 ], [ -73.812325, 40.69911 ], [ -73.811474, 40.699353 ], [ -73.811926, 40.700274 ], [ -73.812782, 40.700032 ], [ -73.813361, 40.701215 ], [ -73.812505, 40.701458 ], [ -73.811638, 40.70171 ], [ -73.811905, 40.702337 ], [ -73.811529, 40.702273 ], [ -73.811632, 40.703052 ], [ -73.811713, 40.703662 ], [ -73.811773, 40.704181 ], [ -73.811802, 40.704366 ], [ -73.811904, 40.705124 ], [ -73.812012, 40.705945 ], [ -73.809348, 40.706685 ], [ -73.809001, 40.705949 ], [ -73.808493, 40.706087 ], [ -73.806589, 40.706634 ], [ -73.8045, 40.707228 ], [ -73.804048, 40.706255 ], [ -73.802228, 40.706749 ], [ -73.802787, 40.707716 ], [ -73.801857, 40.70798 ], [ -73.801077, 40.708202 ], [ -73.800222, 40.708446 ], [ -73.799304, 40.708698 ], [ -73.798258, 40.707016 ], [ -73.796799, 40.704697 ], [ -73.797007, 40.704611 ], [ -73.796637, 40.704079 ], [ -73.79609, 40.703294 ], [ -73.795939, 40.703061 ], [ -73.794639, 40.701237 ], [ -73.793577, 40.699756 ], [ -73.792844, 40.700244 ], [ -73.792605, 40.700432 ], [ -73.791944, 40.701272 ], [ -73.791869, 40.701366 ], [ -73.790498, 40.701791 ], [ -73.790268, 40.701561 ], [ -73.789425, 40.701836 ], [ -73.788597, 40.702103 ], [ -73.788157, 40.701268 ], [ -73.789539, 40.700822 ], [ -73.789028, 40.700328 ], [ -73.788717, 40.700033 ], [ -73.788387, 40.69972 ], [ -73.787624, 40.698999 ], [ -73.786901, 40.698386 ], [ -73.785735, 40.697887 ], [ -73.784762, 40.697473 ], [ -73.785438, 40.697211 ], [ -73.784891, 40.696626 ], [ -73.784392, 40.696091 ], [ -73.783923, 40.695588 ], [ -73.783933, 40.695494 ], [ -73.783937, 40.695409 ], [ -73.783428, 40.694702 ], [ -73.78211, 40.695237 ], [ -73.781464, 40.69447 ], [ -73.780921, 40.69384 ], [ -73.780237, 40.692972 ], [ -73.779198, 40.691651 ], [ -73.777893, 40.689918 ], [ -73.776619, 40.688364 ], [ -73.775755, 40.687691 ], [ -73.77486, 40.687013 ], [ -73.774479, 40.686732 ], [ -73.77381, 40.686272 ], [ -73.773149, 40.685806 ], [ -73.773822, 40.685252 ], [ -73.775012, 40.684276 ], [ -73.776708, 40.682886 ], [ -73.776179, 40.682565 ], [ -73.774138, 40.681339 ], [ -73.773565, 40.680964 ], [ -73.772995, 40.681209 ], [ -73.772322, 40.681491 ], [ -73.772203, 40.68161 ], [ -73.772042, 40.681727 ], [ -73.771104, 40.682405 ], [ -73.770901, 40.682553 ], [ -73.770143, 40.683111 ], [ -73.769742, 40.683778 ], [ -73.76858, 40.683143 ], [ -73.767163, 40.682371 ], [ -73.766293, 40.681973 ], [ -73.765567, 40.681627 ], [ -73.765328, 40.681491 ], [ -73.764818, 40.68125 ], [ -73.764078, 40.680894 ], [ -73.764056, 40.680885 ], [ -73.764031, 40.680867 ], [ -73.763928, 40.680823 ], [ -73.76329, 40.680525 ], [ -73.762812, 40.680296 ], [ -73.76177, 40.679818 ], [ -73.76161, 40.679738 ], [ -73.759825, 40.67897 ], [ -73.759682, 40.678654 ], [ -73.75924, 40.678041 ], [ -73.758787, 40.677415 ], [ -73.758338, 40.676786 ], [ -73.758004, 40.676281 ], [ -73.758008, 40.676081 ], [ -73.758675, 40.675799 ], [ -73.759509, 40.675447 ], [ -73.760315, 40.67511 ], [ -73.761149, 40.674764 ], [ -73.761625, 40.675418 ], [ -73.761779, 40.675629 ], [ -73.762078, 40.67604 ], [ -73.762425, 40.676489 ], [ -73.762556, 40.676657 ], [ -73.76343, 40.676319 ], [ -73.763494, 40.676003 ], [ -73.763575, 40.67542 ], [ -73.763677, 40.674746 ], [ -73.763718, 40.674316 ], [ -73.763725, 40.674274 ], [ -73.763787, 40.673883 ], [ -73.763805, 40.67377 ], [ -73.763831, 40.67364 ], [ -73.764047, 40.672847 ], [ -73.764137, 40.672554 ], [ -73.764353, 40.671853 ], [ -73.764546, 40.671512 ], [ -73.76466, 40.671318 ], [ -73.765085, 40.670588 ], [ -73.765257, 40.670279 ], [ -73.765605, 40.669666 ], [ -73.763881, 40.669378 ], [ -73.763138, 40.669252 ], [ -73.762938, 40.669219 ], [ -73.762428, 40.669135 ], [ -73.762045, 40.669071 ], [ -73.761543, 40.668986 ], [ -73.760627, 40.668835 ], [ -73.759717, 40.668682 ], [ -73.760056, 40.667505 ], [ -73.759121, 40.667352 ], [ -73.757317, 40.66704 ], [ -73.757631, 40.666451 ], [ -73.760463, 40.66674 ], [ -73.761072, 40.666821 ], [ -73.761871, 40.666929 ], [ -73.762049, 40.666948 ], [ -73.762779, 40.667017 ], [ -73.76376, 40.667098 ], [ -73.764071, 40.66713 ], [ -73.764901, 40.667224 ], [ -73.766754, 40.667433 ], [ -73.771545, 40.667963 ], [ -73.773425, 40.668028 ], [ -73.774311, 40.667982 ], [ -73.775224, 40.667915 ], [ -73.776164, 40.667867 ], [ -73.777013, 40.667776 ], [ -73.777913, 40.667715 ], [ -73.779705, 40.66759 ], [ -73.78062, 40.667526 ], [ -73.781796, 40.667421 ], [ -73.782654, 40.667369 ], [ -73.7833, 40.667315 ], [ -73.785025, 40.66723 ], [ -73.785664, 40.667188 ], [ -73.78697, 40.667085 ], [ -73.78941, 40.666841 ], [ -73.790395, 40.666888 ], [ -73.79047, 40.666895 ], [ -73.791299, 40.66697 ], [ -73.792174, 40.66704 ], [ -73.793062, 40.667087 ], [ -73.79323, 40.667074 ], [ -73.793867, 40.667472 ], [ -73.794145, 40.667653 ], [ -73.794319, 40.667744 ], [ -73.794495, 40.667822 ], [ -73.794733, 40.667908 ], [ -73.795025, 40.66802 ], [ -73.795449, 40.668185 ], [ -73.795697, 40.668273 ], [ -73.795873, 40.66832 ], [ -73.796054, 40.66833 ], [ -73.796262, 40.668328 ], [ -73.797201, 40.668157 ], [ -73.797678, 40.669387 ], [ -73.798087, 40.670442 ], [ -73.798218, 40.671327 ], [ -73.798293, 40.671937 ], [ -73.798376, 40.672531 ], [ -73.798483, 40.673349 ], [ -73.798365, 40.674087 ], [ -73.79893, 40.67414 ], [ -73.799879, 40.674224 ], [ -73.800632, 40.674307 ], [ -73.801216, 40.674344 ], [ -73.801593, 40.674376 ], [ -73.801793, 40.674394 ], [ -73.803089, 40.677037 ], [ -73.803356, 40.677644 ], [ -73.804235, 40.679416 ], [ -73.804579, 40.680129 ], [ -73.805031, 40.681146 ], [ -73.805207, 40.681094 ], [ -73.805361, 40.68105 ], [ -73.805561, 40.681495 ], [ -73.80622, 40.682804 ], [ -73.807156, 40.682539 ], [ -73.807771, 40.682364 ], [ -73.808047, 40.682287 ], [ -73.808908, 40.682042 ], [ -73.809791, 40.681792 ], [ -73.810669, 40.681543 ], [ -73.811528, 40.683292 ], [ -73.812459, 40.685185 ], [ -73.812437, 40.685287 ], [ -73.812415, 40.685393 ], [ -73.812523, 40.685609 ], [ -73.813315, 40.687199 ], [ -73.813452, 40.687155 ], [ -73.813458, 40.687535 ], [ -73.814703, 40.690002 ], [ -73.814805, 40.690047 ], [ -73.814915, 40.690095 ], [ -73.815228, 40.690733 ], [ -73.816075, 40.690492 ], [ -73.817069, 40.692502 ], [ -73.817233, 40.692457 ], [ -73.817823, 40.693669 ], [ -73.818413, 40.694863 ] ] ] ] } },
{ "type": "Feature", "properties": { "assembly district": 61 }, "geometry": { "type": "MultiPolygon", "coordinates": [ [ [ [ -74.161536, 40.644157 ], [ -74.161428, 40.644148 ], [ -74.161328, 40.644137 ], [ -74.16121, 40.644123 ], [ -74.159904, 40.643969 ], [ -74.158107, 40.643757 ], [ -74.157943, 40.643738 ], [ -74.149095, 40.642695 ], [ -74.14311, 40.64199 ], [ -74.142237, 40.642135 ], [ -74.142003, 40.642174 ], [ -74.141795, 40.642208 ], [ -74.13654, 40.643082 ], [ -74.1362, 40.643139 ], [ -74.135839, 40.643199 ], [ -74.134271, 40.643459 ], [ -74.132921, 40.643684 ], [ -74.131815, 40.643438 ], [ -74.130222, 40.643085 ], [ -74.128077, 40.642608 ], [ -74.126018, 40.642151 ], [ -74.12546, 40.642355 ], [ -74.123444, 40.643092 ], [ -74.121643, 40.643754 ], [ -74.12096, 40.644001 ], [ -74.119294, 40.64461 ], [ -74.109848, 40.648064 ], [ -74.106143, 40.648064 ], [ -74.105038, 40.648064 ], [ -74.103928, 40.648064 ], [ -74.10024, 40.648064 ], [ -74.09419, 40.648065 ], [ -74.093442, 40.648065 ], [ -74.091127, 40.649301 ], [ -74.090615, 40.649572 ], [ -74.086986, 40.651506 ], [ -74.072557, 40.651492 ], [ -74.071661, 40.651496 ], [ -74.06978, 40.651489 ], [ -74.055774, 40.651476 ], [ -74.055749, 40.651476 ], [ -74.056193, 40.639281 ], [ -74.056233, 40.638177 ], [ -74.056261, 40.637407 ], [ -74.056468, 40.631715 ], [ -74.05663, 40.627287 ], [ -74.055324, 40.625103 ], [ -74.053838, 40.622618 ], [ -74.053522, 40.622091 ], [ -74.052477, 40.620344 ], [ -74.052352, 40.620134 ], [ -74.062871, 40.616669 ], [ -74.062982, 40.616633 ], [ -74.063614, 40.616425 ], [ -74.063953, 40.616341 ], [ -74.064515, 40.616562 ], [ -74.06485, 40.616714 ], [ -74.064916, 40.616744 ], [ -74.066384, 40.617409 ], [ -74.068207, 40.618647 ], [ -74.069244, 40.619412 ], [ -74.069739, 40.61899 ], [ -74.069148, 40.618187 ], [ -74.070855, 40.61743 ], [ -74.071794, 40.617009 ], [ -74.071839, 40.6171 ], [ -74.07189, 40.617234 ], [ -74.071929, 40.617386 ], [ -74.071949, 40.617543 ], [ -74.07195, 40.617708 ], [ -74.071926, 40.617879 ], [ -74.071886, 40.618031 ], [ -74.072101, 40.617935 ], [ -74.071309, 40.619639 ], [ -74.074547, 40.616943 ], [ -74.074911, 40.617392 ], [ -74.076353, 40.616573 ], [ -74.076807, 40.616323 ], [ -74.077507, 40.615964 ], [ -74.078264, 40.615588 ], [ -74.078151, 40.615489 ], [ -74.07811, 40.615442 ], [ -74.077656, 40.615084 ], [ -74.077314, 40.614806 ], [ -74.077094, 40.614624 ], [ -74.076844, 40.614514 ], [ -74.076204, 40.614419 ], [ -74.077557, 40.612137 ], [ -74.077843, 40.611655 ], [ -74.079429, 40.609099 ], [ -74.08011, 40.608136 ], [ -74.080695, 40.607389 ], [ -74.080841, 40.607466 ], [ -74.081395, 40.607801 ], [ -74.081629, 40.60757 ], [ -74.081261, 40.607342 ], [ -74.081449, 40.60714 ], [ -74.082035, 40.607171 ], [ -74.082254, 40.606954 ], [ -74.082546, 40.606667 ], [ -74.083466, 40.606874 ], [ -74.083659, 40.606938 ], [ -74.084368, 40.607173 ], [ -74.085134, 40.607466 ], [ -74.085965, 40.607779 ], [ -74.086755, 40.608118 ], [ -74.086906, 40.608196 ], [ -74.087448, 40.608574 ], [ -74.088125, 40.60898 ], [ -74.087209, 40.609879 ], [ -74.087946, 40.610319 ], [ -74.088859, 40.609415 ], [ -74.089588, 40.609848 ], [ -74.088997, 40.610664 ], [ -74.089513, 40.610879 ], [ -74.088855, 40.611853 ], [ -74.08931, 40.612006 ], [ -74.089423, 40.612048 ], [ -74.089544, 40.612077 ], [ -74.089669, 40.612093 ], [ -74.089732, 40.612094 ], [ -74.089756, 40.612155 ], [ -74.089764, 40.612226 ], [ -74.089677, 40.612348 ], [ -74.089501, 40.612571 ], [ -74.089327, 40.612768 ], [ -74.088897, 40.613532 ], [ -74.088738, 40.613814 ], [ -74.089584, 40.614011 ], [ -74.090488, 40.61429 ], [ -74.090177, 40.614983 ], [ -74.091876, 40.61507 ], [ -74.092475, 40.614917 ], [ -74.09267, 40.615851 ], [ -74.092941, 40.616063 ], [ -74.093389, 40.616198 ], [ -74.093897, 40.616496 ], [ -74.094303, 40.616655 ], [ -74.096233, 40.61572 ], [ -74.096443, 40.61562 ], [ -74.096647, 40.615523 ], [ -74.097147, 40.615285 ], [ -74.097387, 40.616597 ], [ -74.097702, 40.618809 ], [ -74.094624, 40.619654 ], [ -74.094263, 40.620108 ], [ -74.094211, 40.620145 ], [ -74.094127, 40.620191 ], [ -74.094021, 40.620231 ], [ -74.093904, 40.620255 ], [ -74.093783, 40.620262 ], [ -74.093676, 40.620254 ], [ -74.093575, 40.620232 ], [ -74.093483, 40.6202 ], [ -74.091923, 40.61989 ], [ -74.091055, 40.619718 ], [ -74.090224, 40.619409 ], [ -74.08986, 40.619875 ], [ -74.08942, 40.620307 ], [ -74.088675, 40.621031 ], [ -74.088629, 40.621458 ], [ -74.088545, 40.622619 ], [ -74.090069, 40.62254 ], [ -74.090559, 40.622515 ], [ -74.091217, 40.622482 ], [ -74.09095, 40.623356 ], [ -74.090798, 40.62427 ], [ -74.090838, 40.624432 ], [ -74.092438, 40.624205 ], [ -74.09309, 40.6241 ], [ -74.093364, 40.624133 ], [ -74.093954, 40.624334 ], [ -74.092239, 40.625743 ], [ -74.091581, 40.626546 ], [ -74.088904, 40.630292 ], [ -74.089672, 40.630532 ], [ -74.090416, 40.630675 ], [ -74.092966, 40.631184 ], [ -74.095921, 40.631723 ], [ -74.097155, 40.631898 ], [ -74.09799, 40.631764 ], [ -74.098421, 40.631598 ], [ -74.098177, 40.630007 ], [ -74.099257, 40.629933 ], [ -74.099022, 40.628684 ], [ -74.100012, 40.628539 ], [ -74.100844, 40.628444 ], [ -74.10074, 40.62793 ], [ -74.100597, 40.627145 ], [ -74.100454, 40.626328 ], [ -74.100304, 40.625497 ], [ -74.100174, 40.624727 ], [ -74.100064, 40.624173 ], [ -74.10203, 40.623796 ], [ -74.101802, 40.623147 ], [ -74.102285, 40.623245 ], [ -74.103378, 40.62305 ], [ -74.104453, 40.622913 ], [ -74.105644, 40.622321 ], [ -74.106016, 40.622138 ], [ -74.106822, 40.621794 ], [ -74.107585, 40.621531 ], [ -74.108435, 40.62126 ], [ -74.110015, 40.620688 ], [ -74.110944, 40.621195 ], [ -74.111534, 40.621603 ], [ -74.113309, 40.623042 ], [ -74.11539, 40.623887 ], [ -74.117127, 40.624533 ], [ -74.118406, 40.623761 ], [ -74.118532, 40.622837 ], [ -74.118572, 40.622544 ], [ -74.119669, 40.621745 ], [ -74.120078, 40.621667 ], [ -74.120773, 40.622292 ], [ -74.124024, 40.621702 ], [ -74.123998, 40.621625 ], [ -74.124783, 40.621563 ], [ -74.125254, 40.621525 ], [ -74.126103, 40.621456 ], [ -74.126426, 40.62143 ], [ -74.127251, 40.621369 ], [ -74.129151, 40.62122 ], [ -74.130895, 40.621083 ], [ -74.130801, 40.620442 ], [ -74.129884, 40.620512 ], [ -74.129789, 40.619817 ], [ -74.129693, 40.619111 ], [ -74.13147, 40.619007 ], [ -74.131378, 40.618408 ], [ -74.131924, 40.618491 ], [ -74.132591, 40.618597 ], [ -74.132288, 40.62033 ], [ -74.132315, 40.621043 ], [ -74.133047, 40.621088 ], [ -74.133757, 40.621137 ], [ -74.133987, 40.621163 ], [ -74.134742, 40.621261 ], [ -74.13488, 40.62128 ], [ -74.135768, 40.621396 ], [ -74.136089, 40.621439 ], [ -74.136662, 40.621514 ], [ -74.136795, 40.621531 ], [ -74.136966, 40.620882 ], [ -74.137171, 40.620129 ], [ -74.137437, 40.619148 ], [ -74.138191, 40.619267 ], [ -74.138428, 40.618391 ], [ -74.139238, 40.61852 ], [ -74.139442, 40.617766 ], [ -74.138632, 40.617639 ], [ -74.138876, 40.616604 ], [ -74.138974, 40.616192 ], [ -74.139113, 40.615518 ], [ -74.139292, 40.614843 ], [ -74.140232, 40.61498 ], [ -74.140412, 40.61431 ], [ -74.140665, 40.613366 ], [ -74.140858, 40.612648 ], [ -74.14091, 40.612459 ], [ -74.141037, 40.611986 ], [ -74.141203, 40.611305 ], [ -74.142201, 40.611107 ], [ -74.143059, 40.610935 ], [ -74.144042, 40.610739 ], [ -74.14501, 40.610544 ], [ -74.146016, 40.610344 ], [ -74.146969, 40.610151 ], [ -74.147741, 40.609999 ], [ -74.148936, 40.609752 ], [ -74.149543, 40.609627 ], [ -74.149969, 40.60954 ], [ -74.150506, 40.609906 ], [ -74.152385, 40.611352 ], [ -74.153138, 40.611938 ], [ -74.153689, 40.612322 ], [ -74.15382, 40.612428 ], [ -74.154705, 40.613146 ], [ -74.154913, 40.613308 ], [ -74.155994, 40.61414 ], [ -74.15638, 40.614436 ], [ -74.157312, 40.615155 ], [ -74.157084, 40.615651 ], [ -74.157048, 40.615737 ], [ -74.156759, 40.616363 ], [ -74.156136, 40.617353 ], [ -74.155778, 40.617922 ], [ -74.155243, 40.618432 ], [ -74.155003, 40.618649 ], [ -74.154792, 40.61884 ], [ -74.154291, 40.6193 ], [ -74.154175, 40.619402 ], [ -74.153707, 40.619816 ], [ -74.153647, 40.619869 ], [ -74.153547, 40.619931 ], [ -74.153177, 40.620162 ], [ -74.153116, 40.6202 ], [ -74.152999, 40.620273 ], [ -74.152394, 40.620663 ], [ -74.151793, 40.621041 ], [ -74.151541, 40.621202 ], [ -74.156995, 40.621588 ], [ -74.157249, 40.621618 ], [ -74.156824, 40.622026 ], [ -74.157093, 40.622066 ], [ -74.157759, 40.622179 ], [ -74.157737, 40.622274 ], [ -74.157844, 40.622275 ], [ -74.158291, 40.622325 ], [ -74.161273, 40.622702 ], [ -74.16113, 40.623126 ], [ -74.161046, 40.623329 ], [ -74.160446, 40.624854 ], [ -74.160354, 40.625605 ], [ -74.160244, 40.626498 ], [ -74.160502, 40.62653 ], [ -74.160434, 40.627996 ], [ -74.160424, 40.628249 ], [ -74.160404, 40.628804 ], [ -74.160402, 40.628911 ], [ -74.160392, 40.629476 ], [ -74.16038, 40.630186 ], [ -74.160381, 40.63047 ], [ -74.160388, 40.631595 ], [ -74.160342, 40.632998 ], [ -74.160311, 40.633788 ], [ -74.1603, 40.634136 ], [ -74.160193, 40.637152 ], [ -74.160153, 40.638056 ], [ -74.160192, 40.640211 ], [ -74.161255, 40.64179 ], [ -74.161331, 40.642226 ], [ -74.161484, 40.64343 ], [ -74.161536, 40.644157 ] ] ] ] } },
{ "type": "Feature", "properties": { "assembly district": 29 }, "geometry": { "type": "MultiPolygon", "coordinates": [ [ [ [ -73.801611, 40.710701 ], [ -73.800403, 40.711131 ], [ -73.800328, 40.711009 ], [ -73.799855, 40.711176 ], [ -73.799272, 40.711376 ], [ -73.798701, 40.710663 ], [ -73.798303, 40.710016 ], [ -73.798072, 40.70964 ], [ -73.797768, 40.709143 ], [ -73.797314, 40.70927 ], [ -73.796889, 40.708598 ], [ -73.796317, 40.707723 ], [ -73.795426, 40.70805 ], [ -73.795884, 40.708755 ], [ -73.794339, 40.709326 ], [ -73.79438, 40.709397 ], [ -73.793512, 40.709696 ], [ -73.792621, 40.709997 ], [ -73.7916, 40.710344 ], [ -73.791144, 40.709566 ], [ -73.790117, 40.709906 ], [ -73.790578, 40.710692 ], [ -73.791014, 40.711433 ], [ -73.790215, 40.711717 ], [ -73.789413, 40.711998 ], [ -73.789012, 40.712073 ], [ -73.788994, 40.712115 ], [ -73.78897, 40.712155 ], [ -73.788939, 40.712193 ], [ -73.788902, 40.712227 ], [ -73.78886, 40.712258 ], [ -73.788814, 40.712285 ], [ -73.788764, 40.712307 ], [ -73.78871, 40.712325 ], [ -73.788654, 40.712337 ], [ -73.788597, 40.712344 ], [ -73.788236, 40.71249 ], [ -73.787866, 40.712622 ], [ -73.787487, 40.712739 ], [ -73.787101, 40.71284 ], [ -73.785719, 40.713172 ], [ -73.782796, 40.71404 ], [ -73.781234, 40.714541 ], [ -73.778466, 40.715201 ], [ -73.778001, 40.714051 ], [ -73.777306, 40.714209 ], [ -73.777123, 40.714262 ], [ -73.776675, 40.714368 ], [ -73.776186, 40.714486 ], [ -73.775715, 40.714598 ], [ -73.775299, 40.714696 ], [ -73.774442, 40.714905 ], [ -73.773571, 40.71512 ], [ -73.772759, 40.715397 ], [ -73.771921, 40.715685 ], [ -73.771104, 40.715975 ], [ -73.77008, 40.716327 ], [ -73.769139, 40.716657 ], [ -73.768685, 40.716815 ], [ -73.768179, 40.716993 ], [ -73.767332, 40.71729 ], [ -73.766641, 40.717647 ], [ -73.765398, 40.718356 ], [ -73.765242, 40.718446 ], [ -73.764469, 40.71889 ], [ -73.763608, 40.719282 ], [ -73.762766, 40.719639 ], [ -73.762403, 40.719809 ], [ -73.761967, 40.72 ], [ -73.761138, 40.720329 ], [ -73.76003, 40.718847 ], [ -73.759216, 40.719199 ], [ -73.758777, 40.719388 ], [ -73.758327, 40.719582 ], [ -73.757257, 40.718139 ], [ -73.755889, 40.716299 ], [ -73.754701, 40.71471 ], [ -73.754349, 40.71427 ], [ -73.754037, 40.71388 ], [ -73.755072, 40.71362 ], [ -73.756068, 40.713504 ], [ -73.756242, 40.713502 ], [ -73.757137, 40.713498 ], [ -73.758205, 40.713498 ], [ -73.759222, 40.713473 ], [ -73.758748, 40.712876 ], [ -73.759377, 40.712141 ], [ -73.758246, 40.712225 ], [ -73.758102, 40.712005 ], [ -73.75897, 40.711783 ], [ -73.759864, 40.71157 ], [ -73.760766, 40.711349 ], [ -73.761653, 40.711133 ], [ -73.762549, 40.710916 ], [ -73.763446, 40.710707 ], [ -73.764353, 40.710495 ], [ -73.765228, 40.710273 ], [ -73.766155, 40.71005 ], [ -73.767807, 40.709632 ], [ -73.76826, 40.709526 ], [ -73.769008, 40.709083 ], [ -73.771939, 40.708091 ], [ -73.773486, 40.707626 ], [ -73.774438, 40.706998 ], [ -73.774892, 40.706527 ], [ -73.775176, 40.705978 ], [ -73.775037, 40.705233 ], [ -73.774181, 40.705087 ], [ -73.773835, 40.70524 ], [ -73.772921, 40.705398 ], [ -73.772775, 40.70481 ], [ -73.771862, 40.704639 ], [ -73.770883, 40.704403 ], [ -73.769833, 40.70413 ], [ -73.769494, 40.704046 ], [ -73.768806, 40.70386 ], [ -73.768483, 40.703769 ], [ -73.767852, 40.703621 ], [ -73.767717, 40.70358 ], [ -73.767498, 40.703494 ], [ -73.767211, 40.703367 ], [ -73.766991, 40.703141 ], [ -73.766573, 40.702752 ], [ -73.766369, 40.702563 ], [ -73.766125, 40.702334 ], [ -73.765745, 40.702003 ], [ -73.765439, 40.701743 ], [ -73.765083, 40.701428 ], [ -73.764763, 40.701157 ], [ -73.764412, 40.700844 ], [ -73.764101, 40.700568 ], [ -73.763774, 40.700259 ], [ -73.763506, 40.699969 ], [ -73.763192, 40.6996 ], [ -73.763005, 40.699338 ], [ -73.762708, 40.698859 ], [ -73.762615, 40.698697 ], [ -73.76282, 40.698719 ], [ -73.763539, 40.697814 ], [ -73.763978, 40.697748 ], [ -73.764093, 40.697727 ], [ -73.764805, 40.697614 ], [ -73.766062, 40.697412 ], [ -73.76681, 40.697297 ], [ -73.76728, 40.697217 ], [ -73.768576, 40.697031 ], [ -73.768834, 40.696904 ], [ -73.769294, 40.69665 ], [ -73.768797, 40.696164 ], [ -73.767586, 40.694975 ], [ -73.767011, 40.694409 ], [ -73.766425, 40.693853 ], [ -73.765214, 40.692789 ], [ -73.765394, 40.692065 ], [ -73.764117, 40.691882 ], [ -73.763742, 40.691803 ], [ -73.762385, 40.691668 ], [ -73.761103, 40.691994 ], [ -73.76026, 40.692232 ], [ -73.759411, 40.69247 ], [ -73.758565, 40.692706 ], [ -73.757727, 40.692938 ], [ -73.756869, 40.693172 ], [ -73.756016, 40.693404 ], [ -73.755082, 40.69366 ], [ -73.75484, 40.693728 ], [ -73.755532, 40.695257 ], [ -73.754645, 40.695489 ], [ -73.753958, 40.693971 ], [ -73.75423, 40.693897 ], [ -73.753752, 40.692889 ], [ -73.752908, 40.693125 ], [ -73.752105, 40.691447 ], [ -73.75158, 40.690346 ], [ -73.751323, 40.690045 ], [ -73.751199, 40.690087 ], [ -73.750597, 40.690307 ], [ -73.750384, 40.690382 ], [ -73.749213, 40.688545 ], [ -73.748687, 40.689281 ], [ -73.748123, 40.690131 ], [ -73.747719, 40.68994 ], [ -73.74766, 40.689913 ], [ -73.747342, 40.68977 ], [ -73.74722, 40.689715 ], [ -73.746984, 40.689637 ], [ -73.746694, 40.689541 ], [ -73.746174, 40.689369 ], [ -73.745303, 40.689104 ], [ -73.744434, 40.688841 ], [ -73.741779, 40.688044 ], [ -73.741041, 40.68779 ], [ -73.740061, 40.687491 ], [ -73.739186, 40.687228 ], [ -73.738314, 40.686965 ], [ -73.737442, 40.686701 ], [ -73.736578, 40.686438 ], [ -73.7357, 40.686173 ], [ -73.73483, 40.685906 ], [ -73.734649, 40.68585 ], [ -73.73396, 40.685639 ], [ -73.7336, 40.685529 ], [ -73.73323, 40.685424 ], [ -73.733085, 40.685383 ], [ -73.73222, 40.685121 ], [ -73.731327, 40.684851 ], [ -73.730458, 40.684587 ], [ -73.729591, 40.684325 ], [ -73.728721, 40.684062 ], [ -73.727852, 40.6838 ], [ -73.727183, 40.683597 ], [ -73.726754, 40.683464 ], [ -73.726583, 40.683418 ], [ -73.725861, 40.683223 ], [ -73.725907, 40.682657 ], [ -73.725824, 40.681636 ], [ -73.725796, 40.68136 ], [ -73.725754, 40.680946 ], [ -73.725714, 40.680529 ], [ -73.725687, 40.68025 ], [ -73.72563, 40.679588 ], [ -73.725788, 40.678962 ], [ -73.725841, 40.678753 ], [ -73.725903, 40.678507 ], [ -73.726011, 40.678078 ], [ -73.726198, 40.677381 ], [ -73.726355, 40.676973 ], [ -73.726456, 40.676748 ], [ -73.726543, 40.676487 ], [ -73.726713, 40.67609 ], [ -73.726851, 40.675769 ], [ -73.726945, 40.675552 ], [ -73.727141, 40.675096 ], [ -73.727301, 40.674739 ], [ -73.727441, 40.674429 ], [ -73.727542, 40.67416 ], [ -73.727557, 40.674101 ], [ -73.727547, 40.674084 ], [ -73.727528, 40.673871 ], [ -73.727577, 40.673476 ], [ -73.727632, 40.673032 ], [ -73.727681, 40.672646 ], [ -73.727726, 40.67228 ], [ -73.727789, 40.671788 ], [ -73.727813, 40.671612 ], [ -73.727829, 40.671474 ], [ -73.727833, 40.671445 ], [ -73.72784, 40.671389 ], [ -73.727855, 40.671261 ], [ -73.727887, 40.67105 ], [ -73.727905, 40.67084 ], [ -73.727941, 40.670809 ], [ -73.727937, 40.670546 ], [ -73.728, 40.670112 ], [ -73.728095, 40.669442 ], [ -73.728178, 40.668719 ], [ -73.728264, 40.668073 ], [ -73.728222, 40.667314 ], [ -73.728264, 40.666606 ], [ -73.728272, 40.66644 ], [ -73.728224, 40.665965 ], [ -73.728031, 40.665519 ], [ -73.727954, 40.665344 ], [ -73.72784, 40.665053 ], [ -73.727823, 40.664806 ], [ -73.727815, 40.66469 ], [ -73.727763, 40.663985 ], [ -73.727814, 40.663224 ], [ -73.728085, 40.663071 ], [ -73.728331, 40.663044 ], [ -73.728153, 40.662454 ], [ -73.727931, 40.661749 ], [ -73.727592, 40.661094 ], [ -73.727208, 40.660422 ], [ -73.72681, 40.659795 ], [ -73.726444, 40.659162 ], [ -73.726211, 40.658479 ], [ -73.726027, 40.657996 ], [ -73.725927, 40.657731 ], [ -73.725882, 40.657537 ], [ -73.725759, 40.656998 ], [ -73.725335, 40.655324 ], [ -73.724787, 40.654001 ], [ -73.724874, 40.653447 ], [ -73.724821, 40.65302 ], [ -73.724984, 40.652678 ], [ -73.725052, 40.652341 ], [ -73.725248, 40.652193 ], [ -73.725496, 40.652115 ], [ -73.725682, 40.652058 ], [ -73.725946, 40.651961 ], [ -73.726189, 40.651861 ], [ -73.72643, 40.651791 ], [ -73.726515, 40.651753 ], [ -73.726671, 40.651685 ], [ -73.726818, 40.651577 ], [ -73.726873, 40.651541 ], [ -73.727024, 40.651498 ], [ -73.72853, 40.650973 ], [ -73.728703, 40.650916 ], [ -73.728991, 40.650839 ], [ -73.729497, 40.650636 ], [ -73.729739, 40.650558 ], [ -73.730004, 40.65048 ], [ -73.731055, 40.650231 ], [ -73.731427, 40.650171 ], [ -73.732208, 40.650091 ], [ -73.734388, 40.649821 ], [ -73.735135, 40.649732 ], [ -73.736735, 40.6491 ], [ -73.736838, 40.649264 ], [ -73.737014, 40.649583 ], [ -73.737381, 40.650264 ], [ -73.738145, 40.651628 ], [ -73.738437, 40.652134 ], [ -73.738565, 40.652355 ], [ -73.738942, 40.653026 ], [ -73.739376, 40.653796 ], [ -73.739785, 40.654526 ], [ -73.740193, 40.655257 ], [ -73.740608, 40.655967 ], [ -73.741044, 40.656676 ], [ -73.741532, 40.657359 ], [ -73.740748, 40.658476 ], [ -73.739937, 40.658117 ], [ -73.73861, 40.657535 ], [ -73.738142, 40.658154 ], [ -73.737672, 40.658771 ], [ -73.739809, 40.659712 ], [ -73.739342, 40.66033 ], [ -73.737203, 40.659389 ], [ -73.736734, 40.660008 ], [ -73.736266, 40.660626 ], [ -73.737079, 40.660982 ], [ -73.738405, 40.661566 ], [ -73.739857, 40.662204 ], [ -73.73939, 40.662822 ], [ -73.73892, 40.66344 ], [ -73.738452, 40.664059 ], [ -73.740018, 40.664748 ], [ -73.73955, 40.665256 ], [ -73.739371, 40.665452 ], [ -73.740395, 40.665703 ], [ -73.74097, 40.665795 ], [ -73.740698, 40.665928 ], [ -73.739929, 40.666401 ], [ -73.740221, 40.666401 ], [ -73.740432, 40.666401 ], [ -73.741178, 40.666403 ], [ -73.741792, 40.666403 ], [ -73.745366, 40.666404 ], [ -73.746086, 40.6664 ], [ -73.748762, 40.666423 ], [ -73.749784, 40.666418 ], [ -73.750714, 40.666427 ], [ -73.751759, 40.666395 ], [ -73.753271, 40.666401 ], [ -73.755262, 40.666395 ], [ -73.755511, 40.666399 ], [ -73.755925, 40.666388 ], [ -73.757631, 40.666451 ], [ -73.757317, 40.66704 ], [ -73.759121, 40.667352 ], [ -73.760056, 40.667505 ], [ -73.759717, 40.668682 ], [ -73.760627, 40.668835 ], [ -73.761543, 40.668986 ], [ -73.762045, 40.669071 ], [ -73.762428, 40.669135 ], [ -73.762938, 40.669219 ], [ -73.763138, 40.669252 ], [ -73.763881, 40.669378 ], [ -73.765605, 40.669666 ], [ -73.765257, 40.670279 ], [ -73.765085, 40.670588 ], [ -73.76466, 40.671318 ], [ -73.764546, 40.671512 ], [ -73.764353, 40.671853 ], [ -73.764137, 40.672554 ], [ -73.764047, 40.672847 ], [ -73.763831, 40.67364 ], [ -73.763805, 40.67377 ], [ -73.763787, 40.673883 ], [ -73.763725, 40.674274 ], [ -73.763718, 40.674316 ], [ -73.763677, 40.674746 ], [ -73.763575, 40.67542 ], [ -73.763494, 40.676003 ], [ -73.76343, 40.676319 ], [ -73.762556, 40.676657 ], [ -73.762425, 40.676489 ], [ -73.762078, 40.67604 ], [ -73.761779, 40.675629 ], [ -73.761625, 40.675418 ], [ -73.761149, 40.674764 ], [ -73.760315, 40.67511 ], [ -73.759509, 40.675447 ], [ -73.758675, 40.675799 ], [ -73.758008, 40.676081 ], [ -73.758004, 40.676281 ], [ -73.758338, 40.676786 ], [ -73.758787, 40.677415 ], [ -73.75924, 40.678041 ], [ -73.759682, 40.678654 ], [ -73.759825, 40.67897 ], [ -73.76161, 40.679738 ], [ -73.76177, 40.679818 ], [ -73.762812, 40.680296 ], [ -73.76329, 40.680525 ], [ -73.763928, 40.680823 ], [ -73.764031, 40.680867 ], [ -73.764056, 40.680885 ], [ -73.764078, 40.680894 ], [ -73.764818, 40.68125 ], [ -73.765328, 40.681491 ], [ -73.765567, 40.681627 ], [ -73.766293, 40.681973 ], [ -73.767163, 40.682371 ], [ -73.76858, 40.683143 ], [ -73.769742, 40.683778 ], [ -73.770143, 40.683111 ], [ -73.770901, 40.682553 ], [ -73.771104, 40.682405 ], [ -73.772042, 40.681727 ], [ -73.772203, 40.68161 ], [ -73.772322, 40.681491 ], [ -73.772995, 40.681209 ], [ -73.773565, 40.680964 ], [ -73.774138, 40.681339 ], [ -73.776179, 40.682565 ], [ -73.776708, 40.682886 ], [ -73.775012, 40.684276 ], [ -73.773822, 40.685252 ], [ -73.773149, 40.685806 ], [ -73.77381, 40.686272 ], [ -73.774479, 40.686732 ], [ -73.77486, 40.687013 ], [ -73.775755, 40.687691 ], [ -73.776619, 40.688364 ], [ -73.777893, 40.689918 ], [ -73.779198, 40.691651 ], [ -73.780237, 40.692972 ], [ -73.780921, 40.69384 ], [ -73.781464, 40.69447 ], [ -73.78211, 40.695237 ], [ -73.783428, 40.694702 ], [ -73.783937, 40.695409 ], [ -73.783933, 40.695494 ], [ -73.783923, 40.695588 ], [ -73.784392, 40.696091 ], [ -73.784891, 40.696626 ], [ -73.785438, 40.697211 ], [ -73.784762, 40.697473 ], [ -73.785735, 40.697887 ], [ -73.786901, 40.698386 ], [ -73.787624, 40.698999 ], [ -73.788387, 40.69972 ], [ -73.788717, 40.700033 ], [ -73.789028, 40.700328 ], [ -73.789539, 40.700822 ], [ -73.788157, 40.701268 ], [ -73.788597, 40.702103 ], [ -73.789425, 40.701836 ], [ -73.790268, 40.701561 ], [ -73.790498, 40.701791 ], [ -73.791869, 40.701366 ], [ -73.791944, 40.701272 ], [ -73.792605, 40.700432 ], [ -73.792844, 40.700244 ], [ -73.793577, 40.699756 ], [ -73.794639, 40.701237 ], [ -73.795939, 40.703061 ], [ -73.79609, 40.703294 ], [ -73.796637, 40.704079 ], [ -73.797007, 40.704611 ], [ -73.796799, 40.704697 ], [ -73.798258, 40.707016 ], [ -73.799304, 40.708698 ], [ -73.800222, 40.708446 ], [ -73.800658, 40.709156 ], [ -73.801069, 40.709818 ], [ -73.801424, 40.710391 ], [ -73.801611, 40.710701 ] ] ] ] } },
{ "type": "Feature", "properties": { "assembly district": 44 }, "geometry": { "type": "MultiPolygon", "coordinates": [ [ [ [ -73.993363, 40.641248 ], [ -73.992644, 40.641728 ], [ -73.991929, 40.642205 ], [ -73.991213, 40.642686 ], [ -73.990497, 40.643164 ], [ -73.989779, 40.643645 ], [ -73.989059, 40.644119 ], [ -73.98835, 40.644562 ], [ -73.985284, 40.645768 ], [ -73.983073, 40.646625 ], [ -73.98231, 40.646927 ], [ -73.981805, 40.647128 ], [ -73.981315, 40.64732 ], [ -73.980364, 40.647694 ], [ -73.980712, 40.649524 ], [ -73.98111, 40.651592 ], [ -73.981297, 40.652637 ], [ -73.981453, 40.653416 ], [ -73.981607, 40.654236 ], [ -73.981796, 40.655246 ], [ -73.984024, 40.656592 ], [ -73.986228, 40.657921 ], [ -73.985645, 40.658481 ], [ -73.985436, 40.658661 ], [ -73.985343, 40.658742 ], [ -73.985645, 40.658914 ], [ -73.985933, 40.6591 ], [ -73.986207, 40.659301 ], [ -73.986465, 40.659513 ], [ -73.986715, 40.659728 ], [ -73.986927, 40.659971 ], [ -73.987296, 40.660442 ], [ -73.987107, 40.660575 ], [ -73.986682, 40.66093 ], [ -73.98774, 40.661602 ], [ -73.987221, 40.66213 ], [ -73.987569, 40.662339 ], [ -73.986655, 40.663437 ], [ -73.987453, 40.663823 ], [ -73.986951, 40.664425 ], [ -73.98645, 40.665028 ], [ -73.985948, 40.66563 ], [ -73.985445, 40.666233 ], [ -73.984943, 40.666834 ], [ -73.984438, 40.667437 ], [ -73.983943, 40.66803 ], [ -73.983435, 40.668642 ], [ -73.982932, 40.669245 ], [ -73.980569, 40.668103 ], [ -73.980068, 40.668705 ], [ -73.982428, 40.669847 ], [ -73.981927, 40.670448 ], [ -73.981425, 40.671052 ], [ -73.980923, 40.671655 ], [ -73.980418, 40.672256 ], [ -73.978061, 40.671112 ], [ -73.975696, 40.669973 ], [ -73.973323, 40.668825 ], [ -73.97282, 40.669427 ], [ -73.972317, 40.670029 ], [ -73.971816, 40.67063 ], [ -73.971325, 40.671248 ], [ -73.970855, 40.671865 ], [ -73.970409, 40.672617 ], [ -73.970039, 40.67268 ], [ -73.969662, 40.672654 ], [ -73.969347, 40.672674 ], [ -73.969247, 40.672743 ], [ -73.962894, 40.663798 ], [ -73.962429, 40.663125 ], [ -73.962884, 40.662622 ], [ -73.96295, 40.66253 ], [ -73.963011, 40.662416 ], [ -73.963052, 40.662298 ], [ -73.963075, 40.66217 ], [ -73.963077, 40.66213 ], [ -73.962814, 40.660504 ], [ -73.962462, 40.658425 ], [ -73.962444, 40.658315 ], [ -73.9619, 40.654871 ], [ -73.964145, 40.653995 ], [ -73.966213, 40.653189 ], [ -73.971691, 40.651064 ], [ -73.971719, 40.650894 ], [ -73.971776, 40.65078 ], [ -73.971875, 40.650723 ], [ -73.972082, 40.650635 ], [ -73.971916, 40.650056 ], [ -73.971559, 40.648823 ], [ -73.971397, 40.648258 ], [ -73.971211, 40.64762 ], [ -73.972526, 40.647112 ], [ -73.971744, 40.646001 ], [ -73.972086, 40.645863 ], [ -73.971946, 40.645164 ], [ -73.970546, 40.645317 ], [ -73.969023, 40.645487 ], [ -73.969172, 40.646285 ], [ -73.968246, 40.646389 ], [ -73.968428, 40.647335 ], [ -73.967546, 40.647683 ], [ -73.966665, 40.648029 ], [ -73.966391, 40.646594 ], [ -73.965468, 40.64672 ], [ -73.965012, 40.644302 ], [ -73.96443, 40.641214 ], [ -73.964056, 40.639263 ], [ -73.964925, 40.638851 ], [ -73.964513, 40.636688 ], [ -73.964497, 40.636606 ], [ -73.96446, 40.636412 ], [ -73.9643, 40.635556 ], [ -73.964263, 40.635358 ], [ -73.964215, 40.6351 ], [ -73.964187, 40.634954 ], [ -73.963946, 40.633662 ], [ -73.963814, 40.63301 ], [ -73.96255, 40.633155 ], [ -73.962436, 40.633152 ], [ -73.962299, 40.6324 ], [ -73.96086, 40.632562 ], [ -73.959898, 40.632668 ], [ -73.958954, 40.632771 ], [ -73.9585, 40.630381 ], [ -73.959445, 40.630277 ], [ -73.960408, 40.63017 ], [ -73.961369, 40.63006 ], [ -73.961222, 40.629274 ], [ -73.961197, 40.629151 ], [ -73.961593, 40.62911 ], [ -73.961592, 40.629011 ], [ -73.961155, 40.628929 ], [ -73.960918, 40.627674 ], [ -73.961399, 40.627621 ], [ -73.961846, 40.627571 ], [ -73.962774, 40.627469 ], [ -73.9637, 40.627367 ], [ -73.964628, 40.627266 ], [ -73.965625, 40.627155 ], [ -73.966623, 40.627044 ], [ -73.967553, 40.626944 ], [ -73.968478, 40.626841 ], [ -73.969552, 40.626722 ], [ -73.970669, 40.626598 ], [ -73.970922, 40.62657 ], [ -73.971187, 40.626543 ], [ -73.972298, 40.626432 ], [ -73.97249, 40.627437 ], [ -73.973415, 40.627333 ], [ -73.974343, 40.627231 ], [ -73.974418, 40.627636 ], [ -73.9759, 40.627398 ], [ -73.975832, 40.627072 ], [ -73.97645, 40.627008 ], [ -73.976514, 40.627294 ], [ -73.976578, 40.627574 ], [ -73.976696, 40.628354 ], [ -73.97685, 40.629089 ], [ -73.976999, 40.629871 ], [ -73.977071, 40.630253 ], [ -73.977165, 40.630747 ], [ -73.977617, 40.633154 ], [ -73.978652, 40.633045 ], [ -73.978516, 40.6323 ], [ -73.97885, 40.632497 ], [ -73.979558, 40.632913 ], [ -73.978973, 40.633476 ], [ -73.979064, 40.63353 ], [ -73.981432, 40.634955 ], [ -73.982015, 40.634395 ], [ -73.984218, 40.635726 ], [ -73.983634, 40.636285 ], [ -73.985836, 40.637616 ], [ -73.988039, 40.638947 ], [ -73.990244, 40.640275 ], [ -73.990823, 40.639717 ], [ -73.991408, 40.639156 ], [ -73.994077, 40.64077 ], [ -73.993363, 40.641248 ] ] ] ] } },
{ "type": "Feature", "properties": { "assembly district": 41 }, "geometry": { "type": "MultiPolygon", "coordinates": [ [ [ [ -73.956225, 40.613272 ], [ -73.955283, 40.613375 ], [ -73.955786, 40.616036 ], [ -73.954587, 40.616169 ], [ -73.95419, 40.616212 ], [ -73.954025, 40.616229 ], [ -73.953553, 40.616281 ], [ -73.952627, 40.616384 ], [ -73.951699, 40.616487 ], [ -73.950772, 40.616588 ], [ -73.949812, 40.616692 ], [ -73.948846, 40.616799 ], [ -73.947917, 40.6169 ], [ -73.946993, 40.617001 ], [ -73.946067, 40.617104 ], [ -73.945066, 40.617213 ], [ -73.944069, 40.617325 ], [ -73.94347, 40.617385 ], [ -73.943194, 40.617678 ], [ -73.943591, 40.619816 ], [ -73.944044, 40.622208 ], [ -73.944496, 40.624598 ], [ -73.945425, 40.624496 ], [ -73.945877, 40.626886 ], [ -73.94495, 40.626987 ], [ -73.945401, 40.629378 ], [ -73.944468, 40.62948 ], [ -73.944155, 40.629508 ], [ -73.94454, 40.629866 ], [ -73.944808, 40.630127 ], [ -73.945511, 40.630792 ], [ -73.94455, 40.631072 ], [ -73.944629, 40.631838 ], [ -73.94366, 40.6319 ], [ -73.942729, 40.631957 ], [ -73.941757, 40.632017 ], [ -73.940788, 40.632076 ], [ -73.939854, 40.632135 ], [ -73.938925, 40.632193 ], [ -73.937998, 40.632247 ], [ -73.937593, 40.632268 ], [ -73.937013, 40.632304 ], [ -73.936046, 40.632371 ], [ -73.935116, 40.632429 ], [ -73.934619, 40.632461 ], [ -73.934146, 40.632492 ], [ -73.934268, 40.633679 ], [ -73.93333, 40.63402 ], [ -73.933379, 40.634368 ], [ -73.933427, 40.634884 ], [ -73.9325, 40.634947 ], [ -73.932734, 40.637217 ], [ -73.932984, 40.639555 ], [ -73.932013, 40.639616 ], [ -73.932264, 40.64195 ], [ -73.931293, 40.642015 ], [ -73.93036, 40.642073 ], [ -73.929355, 40.642134 ], [ -73.928348, 40.642197 ], [ -73.927416, 40.642253 ], [ -73.926446, 40.642316 ], [ -73.925382, 40.642384 ], [ -73.924542, 40.642439 ], [ -73.923565, 40.642499 ], [ -73.923375, 40.640495 ], [ -73.923354, 40.640177 ], [ -73.923327, 40.6399 ], [ -73.926082, 40.638163 ], [ -73.926146, 40.637568 ], [ -73.925969, 40.637576 ], [ -73.925477, 40.637599 ], [ -73.923168, 40.638837 ], [ -73.923078, 40.637908 ], [ -73.922832, 40.635543 ], [ -73.923803, 40.635485 ], [ -73.924738, 40.635428 ], [ -73.925706, 40.635367 ], [ -73.925456, 40.633028 ], [ -73.925205, 40.630689 ], [ -73.924239, 40.630749 ], [ -73.924005, 40.628567 ], [ -73.924298, 40.628386 ], [ -73.924956, 40.628349 ], [ -73.925927, 40.628288 ], [ -73.925826, 40.627392 ], [ -73.925673, 40.625952 ], [ -73.926608, 40.625895 ], [ -73.927613, 40.625824 ], [ -73.927722, 40.62581 ], [ -73.928316, 40.625785 ], [ -73.928606, 40.625605 ], [ -73.929482, 40.625032 ], [ -73.930393, 40.624442 ], [ -73.931307, 40.62385 ], [ -73.93125, 40.623321 ], [ -73.932195, 40.623269 ], [ -73.931951, 40.62106 ], [ -73.931692, 40.618653 ], [ -73.93163, 40.618097 ], [ -73.931731, 40.617927 ], [ -73.932487, 40.617432 ], [ -73.933205, 40.61697 ], [ -73.933917, 40.616508 ], [ -73.934633, 40.616048 ], [ -73.935348, 40.615584 ], [ -73.936057, 40.615123 ], [ -73.936801, 40.614643 ], [ -73.937542, 40.614165 ], [ -73.938254, 40.613702 ], [ -73.93897, 40.61324 ], [ -73.939683, 40.612782 ], [ -73.940397, 40.612315 ], [ -73.941161, 40.61182 ], [ -73.941021, 40.611694 ], [ -73.940911, 40.611594 ], [ -73.939582, 40.610398 ], [ -73.939347, 40.610187 ], [ -73.939598, 40.610024 ], [ -73.940115, 40.609691 ], [ -73.940829, 40.60923 ], [ -73.941547, 40.608768 ], [ -73.942312, 40.608269 ], [ -73.941547, 40.607582 ], [ -73.941168, 40.607244 ], [ -73.940508, 40.606642 ], [ -73.939726, 40.607133 ], [ -73.938373, 40.605918 ], [ -73.937916, 40.605498 ], [ -73.936094, 40.603873 ], [ -73.934263, 40.60223 ], [ -73.933551, 40.602687 ], [ -73.931734, 40.601062 ], [ -73.929922, 40.599437 ], [ -73.928131, 40.597778 ], [ -73.928791, 40.597323 ], [ -73.929569, 40.59682 ], [ -73.929738, 40.596978 ], [ -73.9302, 40.596676 ], [ -73.930574, 40.596439 ], [ -73.930944, 40.596201 ], [ -73.931293, 40.595984 ], [ -73.931684, 40.595719 ], [ -73.932054, 40.59547 ], [ -73.932431, 40.595238 ], [ -73.933056, 40.594887 ], [ -73.933011, 40.594639 ], [ -73.932614, 40.592517 ], [ -73.932225, 40.590479 ], [ -73.931784, 40.588141 ], [ -73.931432, 40.586347 ], [ -73.931369, 40.586071 ], [ -73.931322, 40.585803 ], [ -73.931301, 40.585678 ], [ -73.931297, 40.585633 ], [ -73.931256, 40.585432 ], [ -73.931078, 40.584388 ], [ -73.931081, 40.584225 ], [ -73.931107, 40.582882 ], [ -73.931103, 40.582753 ], [ -73.931719, 40.582809 ], [ -73.931736, 40.582966 ], [ -73.93178, 40.583049 ], [ -73.931842, 40.583076 ], [ -73.931946, 40.582022 ], [ -73.940439, 40.581879 ], [ -73.940947, 40.581913 ], [ -73.941234, 40.583131 ], [ -73.941311, 40.583337 ], [ -73.941394, 40.583337 ], [ -73.941449, 40.583345 ], [ -73.94149, 40.583528 ], [ -73.941546, 40.583519 ], [ -73.941569, 40.583608 ], [ -73.942551, 40.583514 ], [ -73.942584, 40.5837 ], [ -73.942793, 40.584815 ], [ -73.943755, 40.584708 ], [ -73.943803, 40.584963 ], [ -73.943824, 40.585075 ], [ -73.943866, 40.585298 ], [ -73.944931, 40.585172 ], [ -73.945552, 40.585139 ], [ -73.946692, 40.585073 ], [ -73.946748, 40.585352 ], [ -73.946793, 40.585594 ], [ -73.94696, 40.586477 ], [ -73.947346, 40.588507 ], [ -73.947381, 40.588731 ], [ -73.948313, 40.588628 ], [ -73.949345, 40.588514 ], [ -73.950539, 40.588383 ], [ -73.950948, 40.590502 ], [ -73.951287, 40.592293 ], [ -73.951349, 40.592622 ], [ -73.951754, 40.594738 ], [ -73.952699, 40.594637 ], [ -73.952912, 40.595752 ], [ -73.95315, 40.597028 ], [ -73.953552, 40.599146 ], [ -73.953978, 40.601401 ], [ -73.954432, 40.60379 ], [ -73.954869, 40.606114 ], [ -73.955334, 40.608573 ], [ -73.954389, 40.608675 ], [ -73.954695, 40.610266 ], [ -73.954796, 40.61082 ], [ -73.955741, 40.610715 ], [ -73.956225, 40.613272 ] ] ] ] } },
{ "type": "Feature", "properties": { "assembly district": 49 }, "geometry": { "type": "MultiPolygon", "coordinates": [ [ [ [ -74.017385, 40.631223 ], [ -74.017261, 40.631337 ], [ -74.017078, 40.631508 ], [ -74.016956, 40.631622 ], [ -74.016684, 40.632321 ], [ -74.016491, 40.632819 ], [ -74.01638, 40.633153 ], [ -74.016331, 40.633699 ], [ -74.016395, 40.634183 ], [ -74.016559, 40.634636 ], [ -74.016977, 40.635235 ], [ -74.016885, 40.635309 ], [ -74.016856, 40.635332 ], [ -74.016802, 40.635375 ], [ -74.016752, 40.63544 ], [ -74.016692, 40.635519 ], [ -74.016306, 40.635896 ], [ -74.016068, 40.636139 ], [ -74.01574, 40.636452 ], [ -74.015146, 40.637014 ], [ -74.017352, 40.638341 ], [ -74.016769, 40.638899 ], [ -74.014567, 40.637571 ], [ -74.013961, 40.638153 ], [ -74.013357, 40.638736 ], [ -74.015562, 40.640067 ], [ -74.01498, 40.640626 ], [ -74.012776, 40.639295 ], [ -74.012195, 40.639855 ], [ -74.011611, 40.640416 ], [ -74.011029, 40.640976 ], [ -74.010447, 40.641535 ], [ -74.009863, 40.642097 ], [ -74.009281, 40.642657 ], [ -74.008699, 40.643217 ], [ -74.008116, 40.643777 ], [ -74.007532, 40.644337 ], [ -74.00533, 40.643006 ], [ -74.004747, 40.643567 ], [ -74.004165, 40.644127 ], [ -74.003581, 40.644689 ], [ -74.002999, 40.645245 ], [ -74.000798, 40.643918 ], [ -74.00138, 40.643357 ], [ -74.00196, 40.642799 ], [ -73.999757, 40.641467 ], [ -74.000341, 40.640905 ], [ -74.000925, 40.640346 ], [ -74.001508, 40.639785 ], [ -74.002091, 40.639225 ], [ -73.999889, 40.637896 ], [ -73.999091, 40.637415 ], [ -73.999807, 40.636936 ], [ -74.000525, 40.636456 ], [ -74.00124, 40.635978 ], [ -74.001957, 40.635497 ], [ -74.002673, 40.635019 ], [ -74.003388, 40.634538 ], [ -74.004107, 40.63406 ], [ -74.003989, 40.63399 ], [ -74.004549, 40.633414 ], [ -74.005153, 40.632833 ], [ -74.005759, 40.632253 ], [ -74.003554, 40.630923 ], [ -74.001349, 40.629598 ], [ -73.999149, 40.628263 ], [ -73.996953, 40.626931 ], [ -73.996788, 40.626826 ], [ -73.995079, 40.625807 ], [ -73.994649, 40.625698 ], [ -73.994734, 40.625615 ], [ -73.994892, 40.625462 ], [ -73.994325, 40.625343 ], [ -73.993982, 40.625142 ], [ -73.99255, 40.624274 ], [ -73.990094, 40.622789 ], [ -73.987851, 40.621435 ], [ -73.987257, 40.622022 ], [ -73.986667, 40.622614 ], [ -73.984478, 40.621293 ], [ -73.985087, 40.620712 ], [ -73.985693, 40.620131 ], [ -73.983489, 40.6188 ], [ -73.981286, 40.617471 ], [ -73.981868, 40.616912 ], [ -73.98245, 40.616353 ], [ -73.98303, 40.615793 ], [ -73.983296, 40.615955 ], [ -73.985233, 40.617125 ], [ -73.98586, 40.616522 ], [ -73.983668, 40.615185 ], [ -73.984287, 40.614588 ], [ -73.984868, 40.61403 ], [ -73.98545, 40.61347 ], [ -73.986033, 40.612912 ], [ -73.986615, 40.612353 ], [ -73.987195, 40.611792 ], [ -73.987776, 40.611234 ], [ -73.988358, 40.610675 ], [ -73.988936, 40.610116 ], [ -73.989567, 40.609514 ], [ -73.989894, 40.609198 ], [ -73.990193, 40.608911 ], [ -73.990775, 40.608352 ], [ -73.991358, 40.607794 ], [ -73.993557, 40.609123 ], [ -73.994137, 40.608564 ], [ -73.994719, 40.608005 ], [ -73.995303, 40.607445 ], [ -73.995882, 40.606886 ], [ -73.998086, 40.608216 ], [ -74.000021, 40.609386 ], [ -73.999454, 40.60995 ], [ -74.001302, 40.611068 ], [ -74.001073, 40.61183 ], [ -74.001318, 40.611995 ], [ -74.003778, 40.613475 ], [ -74.00412, 40.613145 ], [ -74.004359, 40.612917 ], [ -74.00656, 40.614246 ], [ -74.007142, 40.613685 ], [ -74.004942, 40.612356 ], [ -74.005521, 40.611798 ], [ -74.007723, 40.613128 ], [ -74.009924, 40.614457 ], [ -74.009341, 40.615015 ], [ -74.011543, 40.616345 ], [ -74.010961, 40.616906 ], [ -74.013164, 40.618236 ], [ -74.012584, 40.618794 ], [ -74.012002, 40.619353 ], [ -74.0098, 40.618024 ], [ -74.009217, 40.618582 ], [ -74.01142, 40.619914 ], [ -74.010839, 40.620473 ], [ -74.010257, 40.621032 ], [ -74.00963, 40.621634 ], [ -74.009002, 40.622235 ], [ -74.011206, 40.623566 ], [ -74.013409, 40.624896 ], [ -74.012827, 40.625456 ], [ -74.012245, 40.626016 ], [ -74.011665, 40.626574 ], [ -74.011082, 40.627134 ], [ -74.010742, 40.627459 ], [ -74.0106, 40.627596 ], [ -74.0105, 40.627693 ], [ -74.01068, 40.627801 ], [ -74.010812, 40.627881 ], [ -74.011782, 40.628466 ], [ -74.012074, 40.628643 ], [ -74.012142, 40.628684 ], [ -74.012858, 40.628207 ], [ -74.013572, 40.627728 ], [ -74.016069, 40.629234 ], [ -74.015488, 40.629792 ], [ -74.016343, 40.630286 ], [ -74.016607, 40.630406 ], [ -74.016815, 40.6305 ], [ -74.01699, 40.63058 ], [ -74.017336, 40.630729 ], [ -74.017724, 40.63091 ], [ -74.017385, 40.631223 ] ] ] ] } },
{ "type": "Feature", "properties": { "assembly district": 79 }, "geometry": { "type": "MultiPolygon", "coordinates": [ [ [ [ -73.924644, 40.821021 ], [ -73.923371, 40.8231 ], [ -73.923073, 40.823624 ], [ -73.923021, 40.823711 ], [ -73.922378, 40.824794 ], [ -73.922274, 40.82497 ], [ -73.921739, 40.82564 ], [ -73.921152, 40.826398 ], [ -73.920694, 40.827211 ], [ -73.920201, 40.8281 ], [ -73.920118, 40.82825 ], [ -73.919642, 40.829114 ], [ -73.919313, 40.829702 ], [ -73.918944, 40.830335 ], [ -73.91811, 40.830005 ], [ -73.918626, 40.829108 ], [ -73.917797, 40.828759 ], [ -73.917285, 40.829655 ], [ -73.916591, 40.830839 ], [ -73.915699, 40.830536 ], [ -73.91641, 40.82929 ], [ -73.916906, 40.828389 ], [ -73.917222, 40.827809 ], [ -73.917533, 40.82725 ], [ -73.916235, 40.826842 ], [ -73.915418, 40.826579 ], [ -73.915316, 40.826546 ], [ -73.91461, 40.826295 ], [ -73.913631, 40.826924 ], [ -73.912169, 40.827902 ], [ -73.91166, 40.828749 ], [ -73.911524, 40.82896 ], [ -73.91139, 40.829138 ], [ -73.91049, 40.830737 ], [ -73.909713, 40.83047 ], [ -73.90875, 40.832007 ], [ -73.909621, 40.832281 ], [ -73.908691, 40.833938 ], [ -73.908148, 40.834904 ], [ -73.907402, 40.836232 ], [ -73.90694, 40.836969 ], [ -73.906906, 40.837023 ], [ -73.905979, 40.838505 ], [ -73.905229, 40.838265 ], [ -73.904545, 40.839498 ], [ -73.905383, 40.839769 ], [ -73.904155, 40.84197 ], [ -73.903576, 40.843004 ], [ -73.902916, 40.844181 ], [ -73.901675, 40.843838 ], [ -73.902335, 40.842667 ], [ -73.902168, 40.842618 ], [ -73.901958, 40.842556 ], [ -73.902146, 40.842233 ], [ -73.902292, 40.841981 ], [ -73.903054, 40.840625 ], [ -73.901877, 40.840246 ], [ -73.901118, 40.841599 ], [ -73.900333, 40.842989 ], [ -73.899733, 40.844056 ], [ -73.898663, 40.843933 ], [ -73.897611, 40.84381 ], [ -73.897112, 40.843706 ], [ -73.896639, 40.8435 ], [ -73.896303, 40.843319 ], [ -73.895714, 40.843049 ], [ -73.895367, 40.842895 ], [ -73.894894, 40.843636 ], [ -73.894809, 40.843761 ], [ -73.894673, 40.843915 ], [ -73.893985, 40.844704 ], [ -73.893567, 40.845138 ], [ -73.893398, 40.845403 ], [ -73.89322, 40.845808 ], [ -73.892901, 40.846269 ], [ -73.893374, 40.846401 ], [ -73.89304, 40.846971 ], [ -73.892421, 40.848003 ], [ -73.891334, 40.84747 ], [ -73.89046, 40.848933 ], [ -73.889795, 40.848608 ], [ -73.888837, 40.848134 ], [ -73.887789, 40.847618 ], [ -73.887112, 40.848415 ], [ -73.885815, 40.849931 ], [ -73.884802, 40.849309 ], [ -73.884478, 40.850044 ], [ -73.884199, 40.850705 ], [ -73.88382, 40.851499 ], [ -73.882322, 40.851061 ], [ -73.882558, 40.850224 ], [ -73.88285, 40.849193 ], [ -73.882883, 40.849074 ], [ -73.883013, 40.848612 ], [ -73.883109, 40.848273 ], [ -73.883216, 40.847768 ], [ -73.883301, 40.847454 ], [ -73.883445, 40.847153 ], [ -73.88379, 40.846783 ], [ -73.884465, 40.845985 ], [ -73.885192, 40.845195 ], [ -73.885292, 40.844608 ], [ -73.884882, 40.8446 ], [ -73.885085, 40.843609 ], [ -73.885298, 40.842536 ], [ -73.88545, 40.841752 ], [ -73.885684, 40.84051 ], [ -73.884918, 40.840063 ], [ -73.883938, 40.839573 ], [ -73.883811, 40.839469 ], [ -73.883468, 40.839057 ], [ -73.883565, 40.838986 ], [ -73.883739, 40.838846 ], [ -73.884817, 40.836977 ], [ -73.885107, 40.836475 ], [ -73.884249, 40.836179 ], [ -73.883396, 40.835884 ], [ -73.884394, 40.834211 ], [ -73.88538, 40.83256 ], [ -73.886242, 40.832855 ], [ -73.887095, 40.833152 ], [ -73.887948, 40.833447 ], [ -73.888936, 40.831798 ], [ -73.88906, 40.831584 ], [ -73.889093, 40.831527 ], [ -73.889912, 40.830124 ], [ -73.890873, 40.830136 ], [ -73.891876, 40.830137 ], [ -73.892886, 40.830148 ], [ -73.89336, 40.830152 ], [ -73.893833, 40.82967 ], [ -73.894269, 40.829211 ], [ -73.895058, 40.828388 ], [ -73.895226, 40.828213 ], [ -73.895292, 40.828143 ], [ -73.896222, 40.82717 ], [ -73.895824, 40.825995 ], [ -73.896839, 40.825991 ], [ -73.896861, 40.823848 ], [ -73.895847, 40.823892 ], [ -73.895932, 40.823784 ], [ -73.895937, 40.823569 ], [ -73.896215, 40.823578 ], [ -73.896316, 40.823533 ], [ -73.896685, 40.823534 ], [ -73.896685, 40.82349 ], [ -73.896864, 40.823492 ], [ -73.896878, 40.822118 ], [ -73.897864, 40.821598 ], [ -73.898985, 40.821038 ], [ -73.89986, 40.820563 ], [ -73.899869, 40.819477 ], [ -73.899918, 40.818687 ], [ -73.900023, 40.818595 ], [ -73.901668, 40.819534 ], [ -73.901832, 40.819147 ], [ -73.901928, 40.818924 ], [ -73.902107, 40.818505 ], [ -73.902579, 40.81737 ], [ -73.903593, 40.817579 ], [ -73.905007, 40.817866 ], [ -73.905313, 40.817925 ], [ -73.906305, 40.817371 ], [ -73.90665, 40.817179 ], [ -73.907589, 40.816596 ], [ -73.908225, 40.816203 ], [ -73.909132, 40.815941 ], [ -73.90991, 40.815936 ], [ -73.910133, 40.815932 ], [ -73.911025, 40.815977 ], [ -73.911942, 40.816047 ], [ -73.911381, 40.817373 ], [ -73.912344, 40.817509 ], [ -73.912373, 40.817509 ], [ -73.913192, 40.818003 ], [ -73.913645, 40.818168 ], [ -73.914472, 40.818507 ], [ -73.914031, 40.818956 ], [ -73.91456, 40.819097 ], [ -73.914264, 40.819747 ], [ -73.913963, 40.820394 ], [ -73.914194, 40.820454 ], [ -73.914908, 40.82064 ], [ -73.915609, 40.820823 ], [ -73.91736, 40.821262 ], [ -73.917417, 40.821277 ], [ -73.917495, 40.821108 ], [ -73.917691, 40.820691 ], [ -73.917713, 40.820647 ], [ -73.918011, 40.819995 ], [ -73.918032, 40.819946 ], [ -73.918072, 40.820011 ], [ -73.918731, 40.820195 ], [ -73.919617, 40.820444 ], [ -73.920329, 40.820644 ], [ -73.920581, 40.819969 ], [ -73.921478, 40.8202 ], [ -73.92119, 40.820833 ], [ -73.920891, 40.821494 ], [ -73.920665, 40.821837 ], [ -73.921145, 40.821563 ], [ -73.921948, 40.821032 ], [ -73.922652, 40.820494 ], [ -73.92294, 40.820598 ], [ -73.923229, 40.820672 ], [ -73.923639, 40.820777 ], [ -73.924644, 40.821021 ] ] ] ] } },
{ "type": "Feature", "properties": { "assembly district": 64 }, "geometry": { "type": "MultiPolygon", "coordinates": [ [ [ [ -74.165743, 40.545398 ], [ -74.164598, 40.54585 ], [ -74.16524, 40.548731 ], [ -74.164255, 40.548834 ], [ -74.163386, 40.548916 ], [ -74.162096, 40.549085 ], [ -74.16203, 40.549092 ], [ -74.161625, 40.549138 ], [ -74.161168, 40.549191 ], [ -74.160824, 40.549274 ], [ -74.160178, 40.54943 ], [ -74.159264, 40.549679 ], [ -74.158374, 40.549913 ], [ -74.157235, 40.550218 ], [ -74.156056, 40.550532 ], [ -74.155186, 40.550776 ], [ -74.154306, 40.551004 ], [ -74.153412, 40.551233 ], [ -74.152474, 40.551464 ], [ -74.151953, 40.551599 ], [ -74.151555, 40.55172 ], [ -74.150637, 40.55195 ], [ -74.150503, 40.551635 ], [ -74.149501, 40.552017 ], [ -74.148705, 40.552213 ], [ -74.147977, 40.55234 ], [ -74.145576, 40.552708 ], [ -74.14467, 40.552941 ], [ -74.142121, 40.553594 ], [ -74.140428, 40.55436 ], [ -74.140478, 40.554176 ], [ -74.139775, 40.554492 ], [ -74.139699, 40.554522 ], [ -74.13947, 40.554627 ], [ -74.139367, 40.55468 ], [ -74.139214, 40.554761 ], [ -74.138995, 40.554893 ], [ -74.138229, 40.555322 ], [ -74.137431, 40.555818 ], [ -74.136667, 40.556336 ], [ -74.136027, 40.556818 ], [ -74.135116, 40.557544 ], [ -74.134487, 40.558044 ], [ -74.133603, 40.55876 ], [ -74.132705, 40.559468 ], [ -74.131833, 40.56019 ], [ -74.131568, 40.560041 ], [ -74.13094, 40.560543 ], [ -74.129665, 40.561609 ], [ -74.129031, 40.562151 ], [ -74.128402, 40.562668 ], [ -74.127406, 40.563539 ], [ -74.127034, 40.564152 ], [ -74.126729, 40.56443 ], [ -74.125709, 40.565327 ], [ -74.125142, 40.565889 ], [ -74.124259, 40.566822 ], [ -74.123682, 40.567382 ], [ -74.123093, 40.567967 ], [ -74.122423, 40.568662 ], [ -74.12188, 40.569246 ], [ -74.121317, 40.569837 ], [ -74.120744, 40.570421 ], [ -74.119894, 40.57125 ], [ -74.118518, 40.572353 ], [ -74.11746, 40.573121 ], [ -74.116316, 40.573951 ], [ -74.11552, 40.574415 ], [ -74.114842, 40.57489 ], [ -74.114177, 40.57537 ], [ -74.113507, 40.575853 ], [ -74.112822, 40.576322 ], [ -74.112105, 40.576857 ], [ -74.11144, 40.577369 ], [ -74.110766, 40.577883 ], [ -74.1101, 40.578397 ], [ -74.10943, 40.578909 ], [ -74.108795, 40.579438 ], [ -74.10801, 40.580037 ], [ -74.107268, 40.580575 ], [ -74.106399, 40.581159 ], [ -74.105688, 40.581628 ], [ -74.105033, 40.582153 ], [ -74.103843, 40.58303 ], [ -74.103157, 40.583522 ], [ -74.102497, 40.584016 ], [ -74.102617, 40.584104 ], [ -74.102789, 40.584225 ], [ -74.102043, 40.584776 ], [ -74.101683, 40.585085 ], [ -74.101508, 40.585429 ], [ -74.101068, 40.586344 ], [ -74.100749, 40.586971 ], [ -74.100611, 40.587303 ], [ -74.100193, 40.587764 ], [ -74.099941, 40.588047 ], [ -74.099639, 40.588389 ], [ -74.098939, 40.589181 ], [ -74.098435, 40.589747 ], [ -74.097933, 40.590314 ], [ -74.097433, 40.590883 ], [ -74.096678, 40.591736 ], [ -74.095813, 40.591284 ], [ -74.095302, 40.591861 ], [ -74.094795, 40.592425 ], [ -74.094285, 40.592996 ], [ -74.093766, 40.59355 ], [ -74.093026, 40.593167 ], [ -74.092483, 40.593781 ], [ -74.092219, 40.594064 ], [ -74.092975, 40.594467 ], [ -74.092179, 40.595354 ], [ -74.092623, 40.595582 ], [ -74.092708, 40.595626 ], [ -74.093377, 40.59597 ], [ -74.092633, 40.596796 ], [ -74.093364, 40.597033 ], [ -74.092724, 40.597464 ], [ -74.092286, 40.598082 ], [ -74.091928, 40.598504 ], [ -74.091783, 40.598719 ], [ -74.091779, 40.599239 ], [ -74.092837, 40.601089 ], [ -74.091503, 40.601008 ], [ -74.09154, 40.599456 ], [ -74.090833, 40.599988 ], [ -74.089476, 40.600904 ], [ -74.089202, 40.600964 ], [ -74.088706, 40.601044 ], [ -74.088275, 40.601113 ], [ -74.086583, 40.60125 ], [ -74.086185, 40.601345 ], [ -74.086144, 40.603583 ], [ -74.088832, 40.605016 ], [ -74.089524, 40.605384 ], [ -74.090312, 40.605824 ], [ -74.090404, 40.605876 ], [ -74.090699, 40.606041 ], [ -74.090916, 40.606162 ], [ -74.090805, 40.606278 ], [ -74.089443, 40.607691 ], [ -74.090176, 40.608125 ], [ -74.090613, 40.608406 ], [ -74.09096, 40.60863 ], [ -74.090801, 40.608779 ], [ -74.090568, 40.609002 ], [ -74.088888, 40.60823 ], [ -74.088647, 40.608464 ], [ -74.088378, 40.608726 ], [ -74.088125, 40.60898 ], [ -74.087448, 40.608574 ], [ -74.086906, 40.608196 ], [ -74.086755, 40.608118 ], [ -74.085965, 40.607779 ], [ -74.085134, 40.607466 ], [ -74.084368, 40.607173 ], [ -74.083659, 40.606938 ], [ -74.083466, 40.606874 ], [ -74.082546, 40.606667 ], [ -74.082254, 40.606954 ], [ -74.082035, 40.607171 ], [ -74.081449, 40.60714 ], [ -74.081261, 40.607342 ], [ -74.081629, 40.60757 ], [ -74.081395, 40.607801 ], [ -74.080841, 40.607466 ], [ -74.080695, 40.607389 ], [ -74.08011, 40.608136 ], [ -74.079429, 40.609099 ], [ -74.077843, 40.611655 ], [ -74.077557, 40.612137 ], [ -74.076204, 40.614419 ], [ -74.076844, 40.614514 ], [ -74.077094, 40.614624 ], [ -74.077314, 40.614806 ], [ -74.077656, 40.615084 ], [ -74.07811, 40.615442 ], [ -74.078151, 40.615489 ], [ -74.078264, 40.615588 ], [ -74.077507, 40.615964 ], [ -74.076807, 40.616323 ], [ -74.076353, 40.616573 ], [ -74.074911, 40.617392 ], [ -74.074547, 40.616943 ], [ -74.071309, 40.619639 ], [ -74.072101, 40.617935 ], [ -74.071886, 40.618031 ], [ -74.071926, 40.617879 ], [ -74.07195, 40.617708 ], [ -74.071949, 40.617543 ], [ -74.071929, 40.617386 ], [ -74.07189, 40.617234 ], [ -74.071839, 40.6171 ], [ -74.071794, 40.617009 ], [ -74.070855, 40.61743 ], [ -74.069148, 40.618187 ], [ -74.069739, 40.61899 ], [ -74.069244, 40.619412 ], [ -74.068207, 40.618647 ], [ -74.066384, 40.617409 ], [ -74.064916, 40.616744 ], [ -74.06485, 40.616714 ], [ -74.064515, 40.616562 ], [ -74.063953, 40.616341 ], [ -74.063614, 40.616425 ], [ -74.062982, 40.616633 ], [ -74.062871, 40.616669 ], [ -74.052352, 40.620134 ], [ -74.052477, 40.620344 ], [ -74.053522, 40.622091 ], [ -74.053838, 40.622618 ], [ -74.055324, 40.625103 ], [ -74.05663, 40.627287 ], [ -74.056468, 40.631715 ], [ -74.056261, 40.637407 ], [ -74.056233, 40.638177 ], [ -74.056193, 40.639281 ], [ -74.055749, 40.651476 ], [ -74.055355, 40.652135 ], [ -74.054597, 40.653404 ], [ -74.054518, 40.653536 ], [ -74.054423, 40.653696 ], [ -74.054198, 40.654071 ], [ -74.053484, 40.655203 ], [ -74.053229, 40.655657 ], [ -74.032644, 40.6438 ], [ -74.032076, 40.643407 ], [ -74.030563, 40.642564 ], [ -74.02906, 40.641727 ], [ -74.028923, 40.641451 ], [ -74.029105, 40.641415 ], [ -74.029079, 40.641274 ], [ -74.028901, 40.641147 ], [ -74.028901, 40.641008 ], [ -74.029073, 40.640969 ], [ -74.028852, 40.640802 ], [ -74.029095, 40.640811 ], [ -74.030322, 40.639647 ], [ -74.030606, 40.638963 ], [ -74.030891, 40.638279 ], [ -74.030165, 40.638052 ], [ -74.028279, 40.637468 ], [ -74.028658, 40.636546 ], [ -74.028807, 40.636189 ], [ -74.028942, 40.635867 ], [ -74.029134, 40.635373 ], [ -74.029357, 40.634837 ], [ -74.02668, 40.634197 ], [ -74.026951, 40.633516 ], [ -74.026039, 40.633303 ], [ -74.025731, 40.634077 ], [ -74.025417, 40.634503 ], [ -74.023884, 40.633724 ], [ -74.023518, 40.634616 ], [ -74.02324, 40.634489 ], [ -74.023035, 40.634395 ], [ -74.021217, 40.633562 ], [ -74.021012, 40.633469 ], [ -74.019736, 40.632885 ], [ -74.01853, 40.632334 ], [ -74.018245, 40.633034 ], [ -74.01796, 40.633728 ], [ -74.017811, 40.634099 ], [ -74.017505, 40.634748 ], [ -74.016977, 40.635235 ], [ -74.016559, 40.634636 ], [ -74.016395, 40.634183 ], [ -74.016331, 40.633699 ], [ -74.01638, 40.633153 ], [ -74.016491, 40.632819 ], [ -74.016684, 40.632321 ], [ -74.016956, 40.631622 ], [ -74.017078, 40.631508 ], [ -74.017261, 40.631337 ], [ -74.017385, 40.631223 ], [ -74.017724, 40.63091 ], [ -74.017336, 40.630729 ], [ -74.017559, 40.630131 ], [ -74.017809, 40.629381 ], [ -74.017852, 40.62925 ], [ -74.017892, 40.629128 ], [ -74.01806, 40.628619 ], [ -74.018328, 40.627862 ], [ -74.018639, 40.627071 ], [ -74.018961, 40.626296 ], [ -74.019264, 40.625577 ], [ -74.019632, 40.624879 ], [ -74.020064, 40.624285 ], [ -74.021495, 40.625084 ], [ -74.023853, 40.626514 ], [ -74.026263, 40.62792 ], [ -74.028976, 40.628564 ], [ -74.028678, 40.629294 ], [ -74.03136, 40.629931 ], [ -74.031658, 40.629199 ], [ -74.031957, 40.628471 ], [ -74.03464, 40.629106 ], [ -74.034938, 40.628375 ], [ -74.03762, 40.629013 ], [ -74.037918, 40.628281 ], [ -74.038197, 40.6276 ], [ -74.039954, 40.628014 ], [ -74.040661, 40.626689 ], [ -74.040716, 40.62572 ], [ -74.040662, 40.624913 ], [ -74.040792, 40.624197 ], [ -74.040291, 40.622546 ], [ -74.040211, 40.621631 ], [ -74.040475, 40.62079 ], [ -74.040503, 40.620606 ], [ -74.040509, 40.620443 ], [ -74.040502, 40.620279 ], [ -74.040476, 40.620107 ], [ -74.04043, 40.619928 ], [ -74.040368, 40.619761 ], [ -74.040294, 40.619606 ], [ -74.040182, 40.619419 ], [ -74.040049, 40.619244 ], [ -74.039966, 40.61915 ], [ -74.039575, 40.618501 ], [ -74.039183, 40.617856 ], [ -74.038768, 40.617181 ], [ -74.038364, 40.616513 ], [ -74.037975, 40.615859 ], [ -74.037665, 40.615181 ], [ -74.037352, 40.614466 ], [ -74.037068, 40.613819 ], [ -74.036094, 40.612558 ], [ -74.034871, 40.611366 ], [ -74.034879, 40.611279 ], [ -74.03495, 40.611185 ], [ -74.035013, 40.610999 ], [ -74.03506, 40.610811 ], [ -74.035091, 40.610621 ], [ -74.035091, 40.610451 ], [ -74.035081, 40.610301 ], [ -74.035049, 40.610143 ], [ -74.034997, 40.609981 ], [ -74.035022, 40.609693 ], [ -74.035053, 40.609544 ], [ -74.035734, 40.60939 ], [ -74.03604, 40.609296 ], [ -74.036075, 40.609279 ], [ -74.04149, 40.607511 ], [ -74.043479, 40.60679 ], [ -74.043741, 40.606691 ], [ -74.043722, 40.606662 ], [ -74.042036, 40.604088 ], [ -74.041393, 40.603106 ], [ -74.037877, 40.589201 ], [ -74.034547, 40.57625 ], [ -74.035047, 40.57285 ], [ -74.035053, 40.572747 ], [ -74.035153, 40.571003 ], [ -74.035978, 40.556563 ], [ -74.036209, 40.552524 ], [ -74.036216, 40.5524 ], [ -74.036285, 40.551185 ], [ -74.036293, 40.551042 ], [ -74.036297, 40.550969 ], [ -74.036298, 40.550948 ], [ -74.0363, 40.550905 ], [ -74.036549, 40.549209 ], [ -74.036551, 40.549194 ], [ -74.03667, 40.548384 ], [ -74.036672, 40.54837 ], [ -74.037494, 40.54279 ], [ -74.038131, 40.538294 ], [ -74.042279, 40.508085 ], [ -74.04378, 40.507828 ], [ -74.056729, 40.505599 ], [ -74.069721, 40.503369 ], [ -74.083243, 40.501037 ], [ -74.08562, 40.500627 ], [ -74.091264, 40.499663 ], [ -74.091912, 40.499543 ], [ -74.092728, 40.499406 ], [ -74.094682, 40.499067 ], [ -74.098035, 40.498489 ], [ -74.133515, 40.525982 ], [ -74.133715, 40.526137 ], [ -74.135375, 40.527424 ], [ -74.143334, 40.533592 ], [ -74.142584, 40.534326 ], [ -74.146095, 40.535519 ], [ -74.147127, 40.535233 ], [ -74.147933, 40.5349 ], [ -74.14855, 40.534616 ], [ -74.149226, 40.534245 ], [ -74.14935, 40.534312 ], [ -74.149916, 40.534638 ], [ -74.149808, 40.534728 ], [ -74.14966, 40.534833 ], [ -74.149484, 40.534939 ], [ -74.149298, 40.535032 ], [ -74.151585, 40.536351 ], [ -74.151409, 40.536503 ], [ -74.152279, 40.53702 ], [ -74.153529, 40.53772 ], [ -74.154724, 40.538404 ], [ -74.155552, 40.539247 ], [ -74.156693, 40.540394 ], [ -74.15795, 40.541667 ], [ -74.158661, 40.541246 ], [ -74.160195, 40.54281 ], [ -74.160952, 40.542424 ], [ -74.162391, 40.543911 ], [ -74.163445, 40.543769 ], [ -74.164231, 40.543301 ], [ -74.164788, 40.543802 ], [ -74.165296, 40.544273 ], [ -74.165401, 40.544433 ], [ -74.165489, 40.544652 ], [ -74.165743, 40.545398 ] ] ] ] } },
{ "type": "Feature", "properties": { "assembly district": 50 }, "geometry": { "type": "MultiPolygon", "coordinates": [ [ [ [ -73.980649, 40.701561 ], [ -73.980511, 40.702048 ], [ -73.980141, 40.702386 ], [ -73.980339, 40.702659 ], [ -73.980224, 40.703063 ], [ -73.979988, 40.703541 ], [ -73.979603, 40.704177 ], [ -73.979466, 40.704462 ], [ -73.979328, 40.704746 ], [ -73.979168, 40.705279 ], [ -73.979171, 40.705301 ], [ -73.979372, 40.705443 ], [ -73.979233, 40.705769 ], [ -73.979069, 40.705963 ], [ -73.975476, 40.707492 ], [ -73.97502, 40.707736 ], [ -73.97482, 40.707883 ], [ -73.974554, 40.708079 ], [ -73.974431, 40.708169 ], [ -73.974264, 40.708298 ], [ -73.973243, 40.709044 ], [ -73.97306, 40.709179 ], [ -73.972789, 40.709378 ], [ -73.972309, 40.709071 ], [ -73.970573, 40.707555 ], [ -73.970318, 40.707332 ], [ -73.970236, 40.707367 ], [ -73.970141, 40.707407 ], [ -73.969613, 40.707634 ], [ -73.969845, 40.707988 ], [ -73.969888, 40.70877 ], [ -73.969941, 40.70931 ], [ -73.969612, 40.71016 ], [ -73.969128, 40.712144 ], [ -73.969072, 40.712385 ], [ -73.96905, 40.712482 ], [ -73.969021, 40.712508 ], [ -73.968993, 40.712533 ], [ -73.968945, 40.712575 ], [ -73.968895, 40.71262 ], [ -73.968861, 40.71265 ], [ -73.968819, 40.712686 ], [ -73.968469, 40.712999 ], [ -73.96837, 40.714127 ], [ -73.968041, 40.714966 ], [ -73.967999, 40.715106 ], [ -73.967716, 40.71604 ], [ -73.967578, 40.716496 ], [ -73.966836, 40.717564 ], [ -73.966671, 40.717743 ], [ -73.966613, 40.717806 ], [ -73.966511, 40.717917 ], [ -73.966477, 40.717955 ], [ -73.966249, 40.718205 ], [ -73.96613, 40.718331 ], [ -73.965704, 40.718779 ], [ -73.965572, 40.71895 ], [ -73.965206, 40.719425 ], [ -73.965086, 40.719581 ], [ -73.964676, 40.72011 ], [ -73.964038, 40.720939 ], [ -73.96373, 40.721339 ], [ -73.96355, 40.721571 ], [ -73.962787, 40.722562 ], [ -73.962645, 40.722747 ], [ -73.962014, 40.723369 ], [ -73.961543, 40.723876 ], [ -73.961539, 40.724401 ], [ -73.961538, 40.724584 ], [ -73.961537, 40.724695 ], [ -73.96155, 40.724722 ], [ -73.961606, 40.724836 ], [ -73.961618, 40.724861 ], [ -73.961611, 40.724951 ], [ -73.961531, 40.72591 ], [ -73.961501, 40.726986 ], [ -73.961436, 40.727298 ], [ -73.961389, 40.727524 ], [ -73.961283, 40.728038 ], [ -73.961172, 40.728057 ], [ -73.961157, 40.728114 ], [ -73.961215, 40.728151 ], [ -73.961107, 40.728195 ], [ -73.961063, 40.72844 ], [ -73.961055, 40.728471 ], [ -73.96104, 40.72849 ], [ -73.961028, 40.728512 ], [ -73.960992, 40.728656 ], [ -73.960986, 40.72876 ], [ -73.960994, 40.728773 ], [ -73.961044, 40.728782 ], [ -73.961054, 40.728943 ], [ -73.961075, 40.729107 ], [ -73.96108, 40.729148 ], [ -73.961076, 40.729194 ], [ -73.961088, 40.729256 ], [ -73.961115, 40.729361 ], [ -73.961137, 40.72943 ], [ -73.961197, 40.729425 ], [ -73.961214, 40.729508 ], [ -73.96126, 40.729749 ], [ -73.961308, 40.730299 ], [ -73.96145, 40.730994 ], [ -73.961843, 40.731625 ], [ -73.961997, 40.732038 ], [ -73.962148, 40.732452 ], [ -73.961897, 40.732485 ], [ -73.961932, 40.732679 ], [ -73.962229, 40.732649 ], [ -73.962252, 40.732713 ], [ -73.962261, 40.732741 ], [ -73.962268, 40.732769 ], [ -73.962278, 40.732826 ], [ -73.962288, 40.732899 ], [ -73.962307, 40.733119 ], [ -73.962338, 40.733451 ], [ -73.962348, 40.733812 ], [ -73.962605, 40.734902 ], [ -73.962665, 40.736334 ], [ -73.962668, 40.73641 ], [ -73.962672, 40.736446 ], [ -73.962629, 40.736545 ], [ -73.962478, 40.736802 ], [ -73.961859, 40.737072 ], [ -73.961525, 40.737218 ], [ -73.95706, 40.739167 ], [ -73.955087, 40.7394 ], [ -73.953907, 40.739421 ], [ -73.952749, 40.739262 ], [ -73.952723, 40.739261 ], [ -73.952669, 40.739258 ], [ -73.95254, 40.739228 ], [ -73.951886, 40.739023 ], [ -73.947064, 40.737516 ], [ -73.946832, 40.737437 ], [ -73.946367, 40.737256 ], [ -73.942163, 40.735678 ], [ -73.940368, 40.733269 ], [ -73.940318, 40.733195 ], [ -73.94037, 40.732767 ], [ -73.940073, 40.732233 ], [ -73.940003, 40.732114 ], [ -73.939977, 40.732052 ], [ -73.939913, 40.731943 ], [ -73.93966, 40.731487 ], [ -73.937525, 40.729815 ], [ -73.934425, 40.728818 ], [ -73.931825, 40.728482 ], [ -73.932269, 40.728175 ], [ -73.932369, 40.728066 ], [ -73.930723, 40.727841 ], [ -73.930482, 40.727329 ], [ -73.93004, 40.727572 ], [ -73.92994, 40.727627 ], [ -73.929516, 40.727492 ], [ -73.929467, 40.727476 ], [ -73.929415, 40.727447 ], [ -73.929368, 40.727421 ], [ -73.929277, 40.727371 ], [ -73.928735, 40.726853 ], [ -73.928337, 40.726418 ], [ -73.927873, 40.725831 ], [ -73.927806, 40.72505 ], [ -73.929195, 40.724646 ], [ -73.930871, 40.72422 ], [ -73.932441, 40.723814 ], [ -73.934012, 40.723404 ], [ -73.935589, 40.722991 ], [ -73.935284, 40.722318 ], [ -73.935041, 40.721669 ], [ -73.936504, 40.721247 ], [ -73.936209, 40.720576 ], [ -73.935883, 40.719863 ], [ -73.935606, 40.719222 ], [ -73.935287, 40.718521 ], [ -73.934983, 40.717838 ], [ -73.936659, 40.717438 ], [ -73.936549, 40.717211 ], [ -73.938061, 40.716821 ], [ -73.938121, 40.716972 ], [ -73.94012, 40.716359 ], [ -73.942077, 40.716178 ], [ -73.942162, 40.715452 ], [ -73.941228, 40.715519 ], [ -73.94216, 40.715063 ], [ -73.942066, 40.714729 ], [ -73.942687, 40.714692 ], [ -73.944388, 40.714532 ], [ -73.94607, 40.714372 ], [ -73.946186, 40.715067 ], [ -73.947833, 40.714914 ], [ -73.949482, 40.714755 ], [ -73.951701, 40.714538 ], [ -73.951624, 40.714066 ], [ -73.951591, 40.713799 ], [ -73.952319, 40.712702 ], [ -73.952724, 40.712057 ], [ -73.953876, 40.712516 ], [ -73.953498, 40.713123 ], [ -73.95291, 40.714061 ], [ -73.953092, 40.714064 ], [ -73.953309, 40.714067 ], [ -73.953485, 40.714069 ], [ -73.95434, 40.714072 ], [ -73.954656, 40.714075 ], [ -73.95533, 40.714073 ], [ -73.955994, 40.714092 ], [ -73.956402, 40.713399 ], [ -73.957934, 40.713958 ], [ -73.958046, 40.713773 ], [ -73.958342, 40.713306 ], [ -73.959797, 40.713887 ], [ -73.960163, 40.713345 ], [ -73.960561, 40.712713 ], [ -73.961029, 40.711969 ], [ -73.961421, 40.711349 ], [ -73.96181, 40.710737 ], [ -73.961905, 40.71058 ], [ -73.961962, 40.710488 ], [ -73.962035, 40.710362 ], [ -73.961462, 40.710179 ], [ -73.961244, 40.710111 ], [ -73.961303, 40.710285 ], [ -73.961123, 40.710227 ], [ -73.960816, 40.71016 ], [ -73.960702, 40.710135 ], [ -73.960597, 40.71011 ], [ -73.960381, 40.710004 ], [ -73.959997, 40.709936 ], [ -73.958862, 40.709552 ], [ -73.957488, 40.70908 ], [ -73.956974, 40.708904 ], [ -73.957362, 40.708235 ], [ -73.957203, 40.708179 ], [ -73.956724, 40.70801 ], [ -73.95627, 40.70785 ], [ -73.955542, 40.707593 ], [ -73.954017, 40.70708 ], [ -73.953378, 40.706857 ], [ -73.952913, 40.706701 ], [ -73.952515, 40.706559 ], [ -73.9523, 40.70649 ], [ -73.95191, 40.70636 ], [ -73.951086, 40.705913 ], [ -73.950957, 40.705843 ], [ -73.950237, 40.705473 ], [ -73.949836, 40.705229 ], [ -73.949471, 40.705019 ], [ -73.949362, 40.704958 ], [ -73.949254, 40.704896 ], [ -73.949022, 40.70469 ], [ -73.948791, 40.704483 ], [ -73.950225, 40.703556 ], [ -73.950641, 40.703287 ], [ -73.952551, 40.702051 ], [ -73.951921, 40.701487 ], [ -73.951288, 40.700922 ], [ -73.950756, 40.700445 ], [ -73.950657, 40.700347 ], [ -73.950136, 40.699915 ], [ -73.950091, 40.699791 ], [ -73.950922, 40.699688 ], [ -73.952161, 40.699537 ], [ -73.952663, 40.699482 ], [ -73.95337, 40.699405 ], [ -73.952925, 40.697204 ], [ -73.952489, 40.695004 ], [ -73.953414, 40.694893 ], [ -73.953098, 40.693308 ], [ -73.953989, 40.693205 ], [ -73.95488, 40.693102 ], [ -73.955826, 40.692993 ], [ -73.956143, 40.694579 ], [ -73.957087, 40.694471 ], [ -73.957997, 40.694366 ], [ -73.957681, 40.692779 ], [ -73.958993, 40.692628 ], [ -73.959311, 40.694215 ], [ -73.960158, 40.694117 ], [ -73.961093, 40.694011 ], [ -73.962211, 40.69386 ], [ -73.963127, 40.693733 ], [ -73.964054, 40.693628 ], [ -73.964984, 40.693515 ], [ -73.965906, 40.693433 ], [ -73.965775, 40.692769 ], [ -73.9656, 40.691871 ], [ -73.966566, 40.691756 ], [ -73.966881, 40.693341 ], [ -73.967844, 40.69323 ], [ -73.96881, 40.693121 ], [ -73.969831, 40.693135 ], [ -73.970859, 40.693172 ], [ -73.970549, 40.691602 ], [ -73.97156, 40.69164 ], [ -73.972553, 40.69168 ], [ -73.972911, 40.693251 ], [ -73.972992, 40.693646 ], [ -73.973123, 40.694293 ], [ -73.973309, 40.69521 ], [ -73.973446, 40.695948 ], [ -73.973458, 40.696052 ], [ -73.973469, 40.696141 ], [ -73.973485, 40.696246 ], [ -73.974484, 40.696308 ], [ -73.975486, 40.696315 ], [ -73.976443, 40.696371 ], [ -73.97739, 40.696419 ], [ -73.978381, 40.696492 ], [ -73.979529, 40.696529 ], [ -73.980388, 40.696507 ], [ -73.980447, 40.69667 ], [ -73.980515, 40.697437 ], [ -73.980544, 40.698246 ], [ -73.980462, 40.699703 ], [ -73.980455, 40.700852 ], [ -73.980729, 40.701268 ], [ -73.980649, 40.701561 ] ] ] ] } },
{ "type": "Feature", "properties": { "assembly district": 72 }, "geometry": { "type": "MultiPolygon", "coordinates": [ [ [ [ -73.942503, 40.841593 ], [ -73.942279, 40.842154 ], [ -73.939766, 40.841078 ], [ -73.939334, 40.841681 ], [ -73.938884, 40.842265 ], [ -73.93842, 40.842902 ], [ -73.937982, 40.843501 ], [ -73.939025, 40.843942 ], [ -73.938855, 40.844679 ], [ -73.938776, 40.845019 ], [ -73.93868, 40.845439 ], [ -73.938451, 40.846193 ], [ -73.938235, 40.84691 ], [ -73.938036, 40.847558 ], [ -73.937975, 40.847711 ], [ -73.937672, 40.848392 ], [ -73.937567, 40.848491 ], [ -73.937487, 40.848569 ], [ -73.937286, 40.848748 ], [ -73.937164, 40.848847 ], [ -73.93707, 40.848939 ], [ -73.935929, 40.84852 ], [ -73.935471, 40.849145 ], [ -73.936397, 40.849541 ], [ -73.935754, 40.850168 ], [ -73.936661, 40.850448 ], [ -73.937365, 40.850645 ], [ -73.937084, 40.851393 ], [ -73.936893, 40.851902 ], [ -73.936545, 40.852611 ], [ -73.936478, 40.85285 ], [ -73.936426, 40.853091 ], [ -73.936388, 40.853333 ], [ -73.936365, 40.853577 ], [ -73.936355, 40.853821 ], [ -73.935133, 40.853479 ], [ -73.934193, 40.8532 ], [ -73.933705, 40.854169 ], [ -73.934627, 40.854501 ], [ -73.934266, 40.855581 ], [ -73.933703, 40.856737 ], [ -73.933681, 40.856783 ], [ -73.933432, 40.857271 ], [ -73.933406, 40.857323 ], [ -73.932983, 40.858113 ], [ -73.932284, 40.859448 ], [ -73.932264, 40.859469 ], [ -73.93224, 40.859488 ], [ -73.932212, 40.859504 ], [ -73.932182, 40.859517 ], [ -73.93215, 40.859527 ], [ -73.932117, 40.859533 ], [ -73.932082, 40.859536 ], [ -73.932048, 40.859535 ], [ -73.932014, 40.85953 ], [ -73.931981, 40.859522 ], [ -73.931313, 40.859328 ], [ -73.931215, 40.859665 ], [ -73.930771, 40.860641 ], [ -73.930174, 40.861649 ], [ -73.930077, 40.861871 ], [ -73.930037, 40.861986 ], [ -73.930003, 40.862103 ], [ -73.92994, 40.86255 ], [ -73.929968, 40.862656 ], [ -73.929991, 40.862763 ], [ -73.930018, 40.862979 ], [ -73.930023, 40.863087 ], [ -73.930015, 40.863304 ], [ -73.930002, 40.863412 ], [ -73.929946, 40.86353 ], [ -73.929881, 40.863648 ], [ -73.929812, 40.863759 ], [ -73.929734, 40.863872 ], [ -73.929652, 40.863978 ], [ -73.929562, 40.864083 ], [ -73.929466, 40.864185 ], [ -73.929364, 40.864284 ], [ -73.929256, 40.864378 ], [ -73.929143, 40.864469 ], [ -73.9289, 40.864639 ], [ -73.928093, 40.86507 ], [ -73.927753, 40.865267 ], [ -73.927269, 40.865535 ], [ -73.928057, 40.8662 ], [ -73.928722, 40.866743 ], [ -73.929853, 40.865966 ], [ -73.930488, 40.866449 ], [ -73.930997, 40.86681 ], [ -73.931089, 40.866825 ], [ -73.931183, 40.866834 ], [ -73.931277, 40.866836 ], [ -73.931371, 40.866833 ], [ -73.931465, 40.866823 ], [ -73.931557, 40.866808 ], [ -73.931647, 40.866786 ], [ -73.931734, 40.866759 ], [ -73.931818, 40.866726 ], [ -73.931898, 40.866688 ], [ -73.931973, 40.866645 ], [ -73.932043, 40.866597 ], [ -73.932108, 40.866545 ], [ -73.932166, 40.866489 ], [ -73.931918, 40.866897 ], [ -73.932065, 40.866846 ], [ -73.932221, 40.866774 ], [ -73.932358, 40.866692 ], [ -73.93248, 40.866598 ], [ -73.932585, 40.866494 ], [ -73.932672, 40.866382 ], [ -73.932971, 40.866017 ], [ -73.932422, 40.866886 ], [ -73.932196, 40.867244 ], [ -73.931277, 40.868844 ], [ -73.93141, 40.868959 ], [ -73.931716, 40.869221 ], [ -73.932521, 40.869914 ], [ -73.938354, 40.874749 ], [ -73.938177, 40.875038 ], [ -73.938118, 40.875134 ], [ -73.933907, 40.882012 ], [ -73.933788, 40.882207 ], [ -73.924974, 40.879144 ], [ -73.92465, 40.879038 ], [ -73.924503, 40.878974 ], [ -73.922602, 40.878779 ], [ -73.92163, 40.878321 ], [ -73.919808, 40.876577 ], [ -73.919122, 40.876429 ], [ -73.918932, 40.876388 ], [ -73.917309, 40.876037 ], [ -73.9152, 40.875581 ], [ -73.915168, 40.875695 ], [ -73.915125, 40.875845 ], [ -73.914905, 40.876578 ], [ -73.912205, 40.878178 ], [ -73.911405, 40.879278 ], [ -73.91031, 40.879047 ], [ -73.910184, 40.879021 ], [ -73.910044, 40.878991 ], [ -73.909505, 40.878878 ], [ -73.909189, 40.878168 ], [ -73.908682, 40.877763 ], [ -73.908554, 40.877712 ], [ -73.908502, 40.877691 ], [ -73.908005, 40.877478 ], [ -73.90782, 40.877201 ], [ -73.907652, 40.876934 ], [ -73.907306, 40.876519 ], [ -73.907245, 40.876446 ], [ -73.90723, 40.876427 ], [ -73.907198, 40.876389 ], [ -73.907105, 40.876277 ], [ -73.907078, 40.875561 ], [ -73.907047, 40.874724 ], [ -73.907, 40.873455 ], [ -73.907007, 40.873373 ], [ -73.907104, 40.872978 ], [ -73.907905, 40.872678 ], [ -73.90798, 40.872572 ], [ -73.908249, 40.872187 ], [ -73.908526, 40.871792 ], [ -73.908605, 40.871678 ], [ -73.909105, 40.871676 ], [ -73.909203, 40.869776 ], [ -73.909804, 40.868282 ], [ -73.910056, 40.867849 ], [ -73.910209, 40.867591 ], [ -73.910851, 40.866528 ], [ -73.91434, 40.862521 ], [ -73.914901, 40.861983 ], [ -73.9165, 40.860384 ], [ -73.916975, 40.859909 ], [ -73.918206, 40.858679 ], [ -73.9185, 40.858352 ], [ -73.91929, 40.857475 ], [ -73.920005, 40.856679 ], [ -73.920273, 40.856234 ], [ -73.920958, 40.855112 ], [ -73.921215, 40.854693 ], [ -73.921405, 40.854358 ], [ -73.921536, 40.854127 ], [ -73.921581, 40.854046 ], [ -73.921626, 40.853966 ], [ -73.922199, 40.853112 ], [ -73.922706, 40.852479 ], [ -73.922978, 40.852022 ], [ -73.923647, 40.850902 ], [ -73.923904, 40.850488 ], [ -73.925036, 40.84918 ], [ -73.927296, 40.846557 ], [ -73.927397, 40.846436 ], [ -73.928032, 40.84567 ], [ -73.928106, 40.845579 ], [ -73.92815, 40.845507 ], [ -73.928159, 40.845492 ], [ -73.928245, 40.845349 ], [ -73.928253, 40.845335 ], [ -73.929006, 40.844079 ], [ -73.929503, 40.842381 ], [ -73.929597, 40.842292 ], [ -73.929609, 40.84228 ], [ -73.929635, 40.842256 ], [ -73.929695, 40.842195 ], [ -73.929579, 40.842047 ], [ -73.929727, 40.841849 ], [ -73.930039, 40.84125 ], [ -73.930368, 40.84065 ], [ -73.930406, 40.840279 ], [ -73.930606, 40.839679 ], [ -73.930654, 40.839599 ], [ -73.933006, 40.835679 ], [ -73.933144, 40.834815 ], [ -73.933459, 40.833184 ], [ -73.933417, 40.831377 ], [ -73.933263, 40.829504 ], [ -73.933193, 40.829161 ], [ -73.933182, 40.828985 ], [ -73.93316, 40.828886 ], [ -73.93314, 40.828629 ], [ -73.933074, 40.828275 ], [ -73.933062, 40.828202 ], [ -73.933059, 40.828156 ], [ -73.93312, 40.828153 ], [ -73.934555, 40.828047 ], [ -73.934676, 40.828043 ], [ -73.934735, 40.828042 ], [ -73.934837, 40.828032 ], [ -73.934842, 40.828097 ], [ -73.934938, 40.82816 ], [ -73.93519, 40.828295 ], [ -73.935152, 40.828355 ], [ -73.935118, 40.828436 ], [ -73.935104, 40.828512 ], [ -73.935105, 40.828587 ], [ -73.935182, 40.82942 ], [ -73.935293, 40.830066 ], [ -73.935307, 40.830148 ], [ -73.935319, 40.830204 ], [ -73.935359, 40.830289 ], [ -73.935407, 40.830355 ], [ -73.935556, 40.830496 ], [ -73.936111, 40.830742 ], [ -73.935902, 40.831016 ], [ -73.935499, 40.831554 ], [ -73.93539, 40.831702 ], [ -73.935396, 40.831874 ], [ -73.935422, 40.832664 ], [ -73.935427, 40.832834 ], [ -73.935431, 40.832931 ], [ -73.935434, 40.833024 ], [ -73.935434, 40.833047 ], [ -73.935439, 40.833183 ], [ -73.935442, 40.833284 ], [ -73.935447, 40.833444 ], [ -73.935451, 40.833548 ], [ -73.935458, 40.833774 ], [ -73.935464, 40.833968 ], [ -73.93547, 40.834138 ], [ -73.935475, 40.834289 ], [ -73.935478, 40.834389 ], [ -73.93549, 40.834764 ], [ -73.935504, 40.835095 ], [ -73.935615, 40.83514 ], [ -73.936407, 40.834556 ], [ -73.936496, 40.834569 ], [ -73.936755, 40.834378 ], [ -73.937006, 40.834193 ], [ -73.937297, 40.833978 ], [ -73.937957, 40.833454 ], [ -73.938385, 40.833114 ], [ -73.938575, 40.832915 ], [ -73.938683, 40.832801 ], [ -73.938773, 40.832663 ], [ -73.938786, 40.832647 ], [ -73.938912, 40.832479 ], [ -73.939038, 40.832281 ], [ -73.939147, 40.832077 ], [ -73.939225, 40.8319 ], [ -73.939244, 40.831837 ], [ -73.939299, 40.831696 ], [ -73.939343, 40.831612 ], [ -73.93938, 40.831543 ], [ -73.93947, 40.831411 ], [ -73.939587, 40.831274 ], [ -73.939728, 40.831141 ], [ -73.939763, 40.831111 ], [ -73.939844, 40.831026 ], [ -73.939911, 40.830932 ], [ -73.939959, 40.830833 ], [ -73.939989, 40.830731 ], [ -73.940079, 40.830464 ], [ -73.940167, 40.830383 ], [ -73.940346, 40.830458 ], [ -73.94037, 40.831332 ], [ -73.940368, 40.831468 ], [ -73.940347, 40.83159 ], [ -73.940309, 40.831711 ], [ -73.940255, 40.831827 ], [ -73.940174, 40.831952 ], [ -73.940094, 40.832048 ], [ -73.940075, 40.832067 ], [ -73.939676, 40.832685 ], [ -73.939626, 40.832799 ], [ -73.93956, 40.832909 ], [ -73.939478, 40.833013 ], [ -73.939382, 40.833111 ], [ -73.939273, 40.8332 ], [ -73.939155, 40.833278 ], [ -73.938492, 40.833843 ], [ -73.939237, 40.834163 ], [ -73.940049, 40.834491 ], [ -73.93986, 40.834918 ], [ -73.939775, 40.835183 ], [ -73.939888, 40.835794 ], [ -73.939375, 40.836505 ], [ -73.93933, 40.836567 ], [ -73.9393, 40.836607 ], [ -73.93884, 40.837229 ], [ -73.938343, 40.837909 ], [ -73.938548, 40.837954 ], [ -73.939827, 40.838498 ], [ -73.94114, 40.83918 ], [ -73.943066, 40.840193 ], [ -73.942503, 40.841593 ] ] ] ] } },
{ "type": "Feature", "properties": { "assembly district": 65 }, "geometry": { "type": "MultiPolygon", "coordinates": [ [ [ [ -74.035443, 40.685125 ], [ -74.033553, 40.688257 ], [ -74.02639, 40.700103 ], [ -74.026153, 40.701649 ], [ -74.025676, 40.704764 ], [ -74.025294, 40.707262 ], [ -74.025127, 40.708343 ], [ -74.024952, 40.709474 ], [ -74.024679, 40.711269 ], [ -74.024397, 40.713111 ], [ -74.024271, 40.71394 ], [ -74.024131, 40.714843 ], [ -74.023981, 40.715839 ], [ -74.023637, 40.718069 ], [ -74.023066, 40.720414 ], [ -74.023019, 40.720611 ], [ -74.022699, 40.721923 ], [ -74.022289, 40.72361 ], [ -74.022003, 40.724783 ], [ -74.02189, 40.725251 ], [ -74.021862, 40.725363 ], [ -74.021832, 40.725487 ], [ -74.01599, 40.724766 ], [ -74.016864, 40.719611 ], [ -74.017977, 40.715019 ], [ -74.018144, 40.714291 ], [ -74.01831, 40.713562 ], [ -74.017606, 40.713648 ], [ -74.017211, 40.713544 ], [ -74.016781, 40.713998 ], [ -74.016198, 40.714767 ], [ -74.013921, 40.713764 ], [ -74.0137, 40.713668 ], [ -74.012553, 40.713147 ], [ -74.011663, 40.712798 ], [ -74.010122, 40.712085 ], [ -74.010465, 40.711535 ], [ -74.009063, 40.710887 ], [ -74.007745, 40.710221 ], [ -74.007376, 40.710579 ], [ -74.007759, 40.710806 ], [ -74.008459, 40.711235 ], [ -74.008601, 40.711392 ], [ -74.008348, 40.711359 ], [ -74.007968, 40.711447 ], [ -74.008089, 40.711463 ], [ -74.008147, 40.711477 ], [ -74.008204, 40.711495 ], [ -74.008216, 40.711522 ], [ -74.008227, 40.711547 ], [ -74.008222, 40.711578 ], [ -74.008216, 40.711606 ], [ -74.008186, 40.711657 ], [ -74.008135, 40.711698 ], [ -74.008079, 40.711721 ], [ -74.008022, 40.711731 ], [ -74.007964, 40.711736 ], [ -74.007905, 40.711737 ], [ -74.007846, 40.711733 ], [ -74.007796, 40.711709 ], [ -74.007741, 40.71169 ], [ -74.007626, 40.711668 ], [ -74.007507, 40.711669 ], [ -74.007018, 40.711784 ], [ -74.006952, 40.711687 ], [ -74.006768, 40.711502 ], [ -74.006478, 40.711231 ], [ -74.006171, 40.710939 ], [ -74.005599, 40.710397 ], [ -74.005048, 40.710936 ], [ -74.004253, 40.710166 ], [ -74.004147, 40.710251 ], [ -74.003822, 40.710592 ], [ -74.003754, 40.710706 ], [ -74.003658, 40.710913 ], [ -74.003642, 40.710974 ], [ -74.003615, 40.711008 ], [ -74.003591, 40.711037 ], [ -74.003467, 40.711192 ], [ -74.00341, 40.711235 ], [ -74.003364, 40.711269 ], [ -74.003311, 40.711315 ], [ -74.003537, 40.711495 ], [ -74.00363, 40.711575 ], [ -74.003731, 40.711657 ], [ -74.003971, 40.711822 ], [ -74.00401, 40.711853 ], [ -74.004106, 40.711928 ], [ -74.004229, 40.712025 ], [ -74.004858, 40.712453 ], [ -74.004291, 40.712908 ], [ -74.004059, 40.713135 ], [ -74.003603, 40.713646 ], [ -74.003404, 40.714151 ], [ -74.003094, 40.713958 ], [ -74.002598, 40.714313 ], [ -74.003181, 40.714707 ], [ -74.00303, 40.715585 ], [ -74.002808, 40.715886 ], [ -74.002558, 40.716181 ], [ -74.002078, 40.716731 ], [ -74.001566, 40.717299 ], [ -74.000988, 40.717932 ], [ -74.001831, 40.718309 ], [ -74.001273, 40.718961 ], [ -74.000532, 40.71843 ], [ -73.999956, 40.718017 ], [ -73.999313, 40.71755 ], [ -73.998753, 40.718445 ], [ -73.999423, 40.71868 ], [ -73.999234, 40.718913 ], [ -73.999841, 40.719193 ], [ -74.000622, 40.719552 ], [ -73.999868, 40.720433 ], [ -73.999031, 40.721421 ], [ -73.998196, 40.721063 ], [ -73.997655, 40.720836 ], [ -73.997574, 40.721029 ], [ -73.997481, 40.721251 ], [ -73.997399, 40.721449 ], [ -73.997123, 40.722301 ], [ -73.996268, 40.721952 ], [ -73.995705, 40.723366 ], [ -73.995351, 40.724072 ], [ -73.994908, 40.724951 ], [ -73.99418, 40.724693 ], [ -73.993458, 40.724433 ], [ -73.994153, 40.722723 ], [ -73.993259, 40.722353 ], [ -73.993089, 40.722819 ], [ -73.992618, 40.724099 ], [ -73.992604, 40.724136 ], [ -73.992326, 40.724909 ], [ -73.991634, 40.724616 ], [ -73.99082, 40.724275 ], [ -73.991035, 40.724028 ], [ -73.991256, 40.723723 ], [ -73.991022, 40.723649 ], [ -73.990274, 40.723426 ], [ -73.989392, 40.723174 ], [ -73.988643, 40.722933 ], [ -73.988451, 40.723277 ], [ -73.987968, 40.723942 ], [ -73.985752, 40.723009 ], [ -73.985286, 40.723649 ], [ -73.984837, 40.724269 ], [ -73.984403, 40.724863 ], [ -73.984043, 40.724711 ], [ -73.982083, 40.723882 ], [ -73.982524, 40.723278 ], [ -73.982964, 40.722671 ], [ -73.983444, 40.722019 ], [ -73.98373, 40.721606 ], [ -73.983824, 40.721473 ], [ -73.984678, 40.72173 ], [ -73.985516, 40.721985 ], [ -73.986158, 40.720745 ], [ -73.985319, 40.720489 ], [ -73.984477, 40.720235 ], [ -73.983642, 40.719978 ], [ -73.982803, 40.719723 ], [ -73.983395, 40.718571 ], [ -73.982477, 40.71829 ], [ -73.983104, 40.717181 ], [ -73.982289, 40.716976 ], [ -73.981858, 40.717861 ], [ -73.981712, 40.71818 ], [ -73.981225, 40.719245 ], [ -73.980371, 40.718992 ], [ -73.980224, 40.718942 ], [ -73.979416, 40.718666 ], [ -73.979486, 40.718528 ], [ -73.979965, 40.71759 ], [ -73.979992, 40.71754 ], [ -73.980202, 40.717149 ], [ -73.98023, 40.717096 ], [ -73.980577, 40.716455 ], [ -73.98067, 40.716304 ], [ -73.980699, 40.716257 ], [ -73.97924, 40.715818 ], [ -73.97902, 40.715748 ], [ -73.978179, 40.715492 ], [ -73.977999, 40.71544 ], [ -73.977368, 40.715236 ], [ -73.976614, 40.714995 ], [ -73.976554, 40.714978 ], [ -73.976454, 40.714949 ], [ -73.9764, 40.714931 ], [ -73.976344, 40.714917 ], [ -73.975227, 40.714582 ], [ -73.975233, 40.714568 ], [ -73.975286, 40.714442 ], [ -73.975298, 40.714412 ], [ -73.975305, 40.714396 ], [ -73.97534, 40.714313 ], [ -73.975933, 40.712907 ], [ -73.972789, 40.709378 ], [ -73.97306, 40.709179 ], [ -73.973243, 40.709044 ], [ -73.974264, 40.708298 ], [ -73.974431, 40.708169 ], [ -73.974554, 40.708079 ], [ -73.97482, 40.707883 ], [ -73.97502, 40.707736 ], [ -73.975476, 40.707492 ], [ -73.979069, 40.705963 ], [ -73.979233, 40.705769 ], [ -73.979479, 40.705825 ], [ -73.980332, 40.705846 ], [ -73.980907, 40.705907 ], [ -73.980987, 40.705374 ], [ -73.981856, 40.70549 ], [ -73.982033, 40.705515 ], [ -73.98221, 40.70554 ], [ -73.982329, 40.705552 ], [ -73.982449, 40.705547 ], [ -73.982455, 40.705509 ], [ -73.982572, 40.705518 ], [ -73.982748, 40.705532 ], [ -73.982741, 40.705576 ], [ -73.982825, 40.705558 ], [ -73.98308, 40.705519 ], [ -73.98308, 40.70548 ], [ -73.983227, 40.705482 ], [ -73.983351, 40.705451 ], [ -73.983398, 40.705467 ], [ -73.983426, 40.705577 ], [ -73.983442, 40.705645 ], [ -73.984189, 40.705582 ], [ -73.985852, 40.705415 ], [ -73.986434, 40.705349 ], [ -73.986429, 40.705083 ], [ -73.98653, 40.704979 ], [ -73.986623, 40.704979 ], [ -73.986641, 40.705018 ], [ -73.98669, 40.705075 ], [ -73.986762, 40.705118 ], [ -73.986866, 40.705161 ], [ -73.987271, 40.705181 ], [ -73.987449, 40.705166 ], [ -73.987577, 40.705158 ], [ -73.987957, 40.705134 ], [ -73.989224, 40.705137 ], [ -73.989381, 40.705137 ], [ -73.989424, 40.705137 ], [ -73.989495, 40.705145 ], [ -73.989608, 40.705158 ], [ -73.989861, 40.705175 ], [ -73.990549, 40.705144 ], [ -73.990696, 40.705131 ], [ -73.990882, 40.705124 ], [ -73.99148, 40.705625 ], [ -73.992722, 40.705544 ], [ -73.993853, 40.704829 ], [ -73.993713, 40.70452 ], [ -73.993693, 40.704476 ], [ -73.993775, 40.704449 ], [ -73.993807, 40.70454 ], [ -73.993861, 40.704556 ], [ -73.994341, 40.704429 ], [ -73.994498, 40.704318 ], [ -73.994565, 40.704265 ], [ -73.994618, 40.704226 ], [ -73.994797, 40.704096 ], [ -73.994714, 40.703997 ], [ -73.994816, 40.703906 ], [ -73.994881, 40.703813 ], [ -73.994882, 40.703788 ], [ -73.994992, 40.703654 ], [ -73.994858, 40.703566 ], [ -73.994663, 40.703431 ], [ -73.994806, 40.703296 ], [ -73.995069, 40.703102 ], [ -73.995138, 40.70298 ], [ -73.996698, 40.700877 ], [ -73.9975, 40.699653 ], [ -73.998032, 40.698762 ], [ -73.998376, 40.698048 ], [ -73.998847, 40.697141 ], [ -73.998763, 40.69711 ], [ -73.998857, 40.69692 ], [ -73.99894, 40.696941 ], [ -73.998991, 40.696812 ], [ -73.999182, 40.696885 ], [ -73.999295, 40.696795 ], [ -73.999474, 40.696704 ], [ -73.999535, 40.696578 ], [ -73.999478, 40.696466 ], [ -73.999428, 40.69641 ], [ -73.99942, 40.696361 ], [ -73.999461, 40.69628 ], [ -73.999604, 40.696069 ], [ -73.999882, 40.695605 ], [ -74.000277, 40.694959 ], [ -74.000701, 40.694388 ], [ -74.000959, 40.694069 ], [ -74.001194, 40.693484 ], [ -74.001277, 40.693298 ], [ -74.001317, 40.693208 ], [ -74.001542, 40.692786 ], [ -74.001744, 40.692407 ], [ -74.001818, 40.692222 ], [ -74.001969, 40.691843 ], [ -74.001332, 40.691225 ], [ -74.000699, 40.690612 ], [ -74.00096, 40.690132 ], [ -74.001853, 40.690388 ], [ -74.001963, 40.690136 ], [ -74.002178, 40.690206 ], [ -74.002427, 40.690273 ], [ -74.002616, 40.690324 ], [ -74.002763, 40.690364 ], [ -74.002993, 40.690427 ], [ -74.003024, 40.690349 ], [ -74.003409, 40.689613 ], [ -74.00382, 40.68893 ], [ -74.003919, 40.68886 ], [ -74.004593, 40.688215 ], [ -74.005038, 40.687561 ], [ -74.00563, 40.686784 ], [ -74.005874, 40.686207 ], [ -74.00635, 40.686285 ], [ -74.006406, 40.686289 ], [ -74.006444, 40.686296 ], [ -74.006506, 40.686314 ], [ -74.006594, 40.686347 ], [ -74.006755, 40.686413 ], [ -74.006875, 40.686464 ], [ -74.006989, 40.686509 ], [ -74.00702, 40.686526 ], [ -74.007064, 40.686504 ], [ -74.00715, 40.686475 ], [ -74.007243, 40.686449 ], [ -74.007411, 40.686388 ], [ -74.007497, 40.686344 ], [ -74.007536, 40.686315 ], [ -74.007623, 40.686285 ], [ -74.00767, 40.686269 ], [ -74.00773, 40.686254 ], [ -74.007778, 40.686245 ], [ -74.007843, 40.686238 ], [ -74.007899, 40.686251 ], [ -74.007929, 40.686276 ], [ -74.00795, 40.686293 ], [ -74.008164, 40.686175 ], [ -74.008425, 40.686016 ], [ -74.008513, 40.685963 ], [ -74.008595, 40.685904 ], [ -74.01094, 40.684485 ], [ -74.011924, 40.683894 ], [ -74.012126, 40.68377 ], [ -74.012484, 40.683553 ], [ -74.01263, 40.683471 ], [ -74.012768, 40.683605 ], [ -74.012835, 40.683609 ], [ -74.013167, 40.683411 ], [ -74.015275, 40.682142 ], [ -74.015323, 40.682112 ], [ -74.015237, 40.681996 ], [ -74.015345, 40.681897 ], [ -74.016309, 40.68132 ], [ -74.01652, 40.681194 ], [ -74.01729, 40.680731 ], [ -74.01744, 40.680636 ], [ -74.017463, 40.680632 ], [ -74.017559, 40.680645 ], [ -74.017574, 40.680644 ], [ -74.017644, 40.680598 ], [ -74.017713, 40.68066 ], [ -74.017797, 40.680619 ], [ -74.018263, 40.680334 ], [ -74.018482, 40.680203 ], [ -74.018579, 40.680144 ], [ -74.018673, 40.680086 ], [ -74.018739, 40.680046 ], [ -74.018983, 40.679898 ], [ -74.018925, 40.679842 ], [ -74.019077, 40.679763 ], [ -74.019317, 40.679608 ], [ -74.019347, 40.679548 ], [ -74.019399, 40.679573 ], [ -74.034573, 40.684866 ], [ -74.034591, 40.684831 ], [ -74.035443, 40.685125 ] ] ], [ [ [ -74.040747, 40.700167 ], [ -74.04073, 40.700193 ], [ -74.040697, 40.700215 ], [ -74.040648, 40.700214 ], [ -74.040612, 40.700201 ], [ -74.040569, 40.700188 ], [ -74.040528, 40.700176 ], [ -74.040496, 40.700162 ], [ -74.04046, 40.700149 ], [ -74.040415, 40.700126 ], [ -74.040376, 40.700112 ], [ -74.040329, 40.700101 ], [ -74.040283, 40.700111 ], [ -74.040249, 40.700117 ], [ -74.040187, 40.700114 ], [ -74.040153, 40.700103 ], [ -74.040121, 40.700101 ], [ -74.040082, 40.700092 ], [ -74.040048, 40.700074 ], [ -74.040022, 40.700061 ], [ -74.039994, 40.700041 ], [ -74.039966, 40.700018 ], [ -74.039934, 40.699994 ], [ -74.0399, 40.699981 ], [ -74.039859, 40.699966 ], [ -74.039825, 40.699955 ], [ -74.039783, 40.699952 ], [ -74.039745, 40.69995 ], [ -74.039713, 40.699928 ], [ -74.039689, 40.699899 ], [ -74.039665, 40.699873 ], [ -74.039622, 40.699856 ], [ -74.039586, 40.699853 ], [ -74.039547, 40.699843 ], [ -74.039511, 40.699816 ], [ -74.039477, 40.699782 ], [ -74.039428, 40.699763 ], [ -74.039381, 40.69975 ], [ -74.03933, 40.699727 ], [ -74.039287, 40.699708 ], [ -74.039255, 40.699687 ], [ -74.039163, 40.699677 ], [ -74.039121, 40.699671 ], [ -74.039075, 40.699668 ], [ -74.039024, 40.699662 ], [ -74.03899, 40.699662 ], [ -74.038936, 40.699655 ], [ -74.038893, 40.699625 ], [ -74.03888, 40.699602 ], [ -74.038838, 40.699562 ], [ -74.038815, 40.699532 ], [ -74.038802, 40.699487 ], [ -74.038796, 40.699439 ], [ -74.038783, 40.699406 ], [ -74.038772, 40.699398 ], [ -74.038759, 40.699368 ], [ -74.038742, 40.699335 ], [ -74.038723, 40.699302 ], [ -74.038697, 40.699279 ], [ -74.038664, 40.699263 ], [ -74.038632, 40.699239 ], [ -74.038598, 40.69921 ], [ -74.038561, 40.699193 ], [ -74.038533, 40.699172 ], [ -74.03851, 40.699147 ], [ -74.038494, 40.699115 ], [ -74.038498, 40.699074 ], [ -74.038467, 40.699017 ], [ -74.038459, 40.698981 ], [ -74.038463, 40.698924 ], [ -74.038467, 40.69887 ], [ -74.038455, 40.698825 ], [ -74.038435, 40.698792 ], [ -74.038396, 40.698729 ], [ -74.03838, 40.698714 ], [ -74.038368, 40.698687 ], [ -74.038372, 40.698669 ], [ -74.038392, 40.698666 ], [ -74.03842, 40.698665 ], [ -74.038453, 40.698681 ], [ -74.038505, 40.698702 ], [ -74.038527, 40.698712 ], [ -74.038569, 40.69873 ], [ -74.038606, 40.698718 ], [ -74.038623, 40.698698 ], [ -74.038603, 40.698677 ], [ -74.038621, 40.698671 ], [ -74.038634, 40.698667 ], [ -74.038653, 40.698663 ], [ -74.038681, 40.69866 ], [ -74.038712, 40.698654 ], [ -74.038744, 40.698637 ], [ -74.03878, 40.698636 ], [ -74.038827, 40.698624 ], [ -74.038879, 40.698611 ], [ -74.038925, 40.698607 ], [ -74.03896, 40.698595 ], [ -74.039006, 40.698594 ], [ -74.039061, 40.698597 ], [ -74.039115, 40.698592 ], [ -74.039168, 40.698595 ], [ -74.039205, 40.698604 ], [ -74.039245, 40.698614 ], [ -74.039285, 40.698632 ], [ -74.039317, 40.698665 ], [ -74.039341, 40.698684 ], [ -74.039365, 40.698709 ], [ -74.039376, 40.698731 ], [ -74.039411, 40.698737 ], [ -74.039438, 40.698739 ], [ -74.039469, 40.698752 ], [ -74.039488, 40.698777 ], [ -74.039508, 40.69878 ], [ -74.039538, 40.698787 ], [ -74.039585, 40.69879 ], [ -74.039632, 40.69879 ], [ -74.039651, 40.698795 ], [ -74.03967, 40.698775 ], [ -74.039931, 40.69859 ], [ -74.040078, 40.698715 ], [ -74.040234, 40.698833 ], [ -74.040215, 40.698854 ], [ -74.040145, 40.698897 ], [ -74.040096, 40.698934 ], [ -74.040059, 40.698907 ], [ -74.040044, 40.698903 ], [ -74.040028, 40.698898 ], [ -74.039986, 40.698887 ], [ -74.039951, 40.698882 ], [ -74.03991, 40.698883 ], [ -74.039868, 40.698893 ], [ -74.039824, 40.698911 ], [ -74.039798, 40.698937 ], [ -74.039796, 40.698977 ], [ -74.039817, 40.699009 ], [ -74.039846, 40.699032 ], [ -74.039863, 40.699045 ], [ -74.039899, 40.699068 ], [ -74.039948, 40.699098 ], [ -74.03998, 40.699124 ], [ -74.04007, 40.699172 ], [ -74.040158, 40.699197 ], [ -74.040186, 40.699215 ], [ -74.04019, 40.699245 ], [ -74.04019, 40.699278 ], [ -74.040211, 40.699315 ], [ -74.040243, 40.699333 ], [ -74.040278, 40.699351 ], [ -74.040316, 40.699365 ], [ -74.040351, 40.699375 ], [ -74.040402, 40.699393 ], [ -74.040426, 40.699413 ], [ -74.040438, 40.699438 ], [ -74.040455, 40.699467 ], [ -74.040467, 40.699493 ], [ -74.040466, 40.699528 ], [ -74.04047, 40.699558 ], [ -74.040484, 40.699595 ], [ -74.040512, 40.699627 ], [ -74.040531, 40.699657 ], [ -74.040553, 40.69968 ], [ -74.040578, 40.69971 ], [ -74.0406, 40.699739 ], [ -74.040612, 40.699766 ], [ -74.040617, 40.699803 ], [ -74.040615, 40.699828 ], [ -74.040624, 40.69986 ], [ -74.040644, 40.699883 ], [ -74.040663, 40.699907 ], [ -74.040674, 40.699935 ], [ -74.040674, 40.699962 ], [ -74.040684, 40.699983 ], [ -74.040687, 40.70001 ], [ -74.040691, 40.70005 ], [ -74.040702, 40.700071 ], [ -74.040719, 40.700096 ], [ -74.04074, 40.700131 ], [ -74.040747, 40.700167 ] ] ], [ [ [ -74.047207, 40.690893 ], [ -74.047192, 40.690926 ], [ -74.047187, 40.690937 ], [ -74.047149, 40.690985 ], [ -74.047099, 40.691018 ], [ -74.047041, 40.691041 ], [ -74.046965, 40.691051 ], [ -74.046536, 40.691076 ], [ -74.046487, 40.691078 ], [ -74.046309, 40.69109 ], [ -74.046177, 40.691092 ], [ -74.046164, 40.691098 ], [ -74.046143, 40.691123 ], [ -74.046113, 40.691125 ], [ -74.045982, 40.691109 ], [ -74.04597, 40.691103 ], [ -74.045427, 40.690895 ], [ -74.045034, 40.690731 ], [ -74.04457, 40.690559 ], [ -74.043885, 40.690185 ], [ -74.043863, 40.690166 ], [ -74.043455, 40.68963 ], [ -74.043499, 40.689172 ], [ -74.043619, 40.68876 ], [ -74.043942, 40.688569 ], [ -74.043958, 40.688567 ], [ -74.044132, 40.688538 ], [ -74.044349, 40.688508 ], [ -74.044445, 40.688526 ], [ -74.044717, 40.688576 ], [ -74.044792, 40.68859 ], [ -74.045074, 40.688735 ], [ -74.04537, 40.688878 ], [ -74.046248, 40.689319 ], [ -74.046485, 40.689589 ], [ -74.046911, 40.690082 ], [ -74.046922, 40.690096 ], [ -74.047183, 40.690411 ], [ -74.04715, 40.690427 ], [ -74.047041, 40.690483 ], [ -74.047031, 40.69056 ], [ -74.047027, 40.690589 ], [ -74.047048, 40.690627 ], [ -74.047146, 40.690715 ], [ -74.04719, 40.690786 ], [ -74.047196, 40.690795 ], [ -74.047207, 40.690843 ], [ -74.047207, 40.690893 ] ] ] ] } },
{ "type": "Feature", "properties": { "assembly district": 25 }, "geometry": { "type": "MultiPolygon", "coordinates": [ [ [ [ -73.837711, 40.743865 ], [ -73.837639, 40.744042 ], [ -73.837533, 40.744293 ], [ -73.837295, 40.744684 ], [ -73.837084, 40.744948 ], [ -73.837041, 40.744996 ], [ -73.836632, 40.745455 ], [ -73.836519, 40.745584 ], [ -73.836138, 40.746021 ], [ -73.835651, 40.746579 ], [ -73.835616, 40.746622 ], [ -73.835649, 40.746358 ], [ -73.835035, 40.747062 ], [ -73.834975, 40.747184 ], [ -73.834818, 40.747572 ], [ -73.8348, 40.747615 ], [ -73.83473, 40.747874 ], [ -73.834693, 40.748057 ], [ -73.834647, 40.748333 ], [ -73.834624, 40.748518 ], [ -73.834621, 40.748606 ], [ -73.834619, 40.748661 ], [ -73.834637, 40.748912 ], [ -73.834646, 40.749008 ], [ -73.834674, 40.749295 ], [ -73.834716, 40.749434 ], [ -73.834774, 40.749624 ], [ -73.834813, 40.749751 ], [ -73.834943, 40.750062 ], [ -73.835108, 40.750368 ], [ -73.835129, 40.750399 ], [ -73.835476, 40.750911 ], [ -73.835759, 40.751324 ], [ -73.836007, 40.751687 ], [ -73.836167, 40.75192 ], [ -73.836888, 40.752973 ], [ -73.837674, 40.754114 ], [ -73.837014, 40.754027 ], [ -73.835998, 40.752006 ], [ -73.835602, 40.751395 ], [ -73.832295, 40.751942 ], [ -73.832391, 40.752317 ], [ -73.832601, 40.753007 ], [ -73.830138, 40.753915 ], [ -73.829867, 40.753495 ], [ -73.827825, 40.754251 ], [ -73.827144, 40.75451 ], [ -73.826082, 40.753529 ], [ -73.825758, 40.753231 ], [ -73.825508, 40.753 ], [ -73.825445, 40.752944 ], [ -73.824993, 40.752537 ], [ -73.824131, 40.753017 ], [ -73.823804, 40.753271 ], [ -73.822909, 40.753968 ], [ -73.822803, 40.75388 ], [ -73.821925, 40.753167 ], [ -73.820849, 40.752242 ], [ -73.819778, 40.752937 ], [ -73.819092, 40.753385 ], [ -73.818408, 40.75383 ], [ -73.817721, 40.754276 ], [ -73.815942, 40.752691 ], [ -73.815251, 40.753138 ], [ -73.814651, 40.752604 ], [ -73.814067, 40.752083 ], [ -73.812735, 40.752939 ], [ -73.812356, 40.7522 ], [ -73.810768, 40.752079 ], [ -73.809835, 40.752006 ], [ -73.808909, 40.751933 ], [ -73.807975, 40.751858 ], [ -73.807043, 40.751786 ], [ -73.806111, 40.751711 ], [ -73.805174, 40.75164 ], [ -73.804241, 40.751565 ], [ -73.803779, 40.751534 ], [ -73.803934, 40.751839 ], [ -73.804066, 40.75215 ], [ -73.804176, 40.752467 ], [ -73.804326, 40.753112 ], [ -73.804445, 40.75373 ], [ -73.803946, 40.753699 ], [ -73.803007, 40.753699 ], [ -73.801827, 40.753717 ], [ -73.801114, 40.753734 ], [ -73.800166, 40.753782 ], [ -73.799214, 40.753832 ], [ -73.798261, 40.753895 ], [ -73.797325, 40.753871 ], [ -73.796396, 40.753772 ], [ -73.795459, 40.753667 ], [ -73.794577, 40.753563 ], [ -73.793433, 40.753343 ], [ -73.792375, 40.75307 ], [ -73.791314, 40.752767 ], [ -73.791415, 40.753465 ], [ -73.789002, 40.753609 ], [ -73.788047, 40.753666 ], [ -73.787111, 40.753717 ], [ -73.786177, 40.753777 ], [ -73.785241, 40.753833 ], [ -73.784315, 40.753986 ], [ -73.784391, 40.754726 ], [ -73.784468, 40.75546 ], [ -73.782481, 40.755997 ], [ -73.780563, 40.756515 ], [ -73.779015, 40.756934 ], [ -73.777417, 40.757362 ], [ -73.777667, 40.758148 ], [ -73.777403, 40.758214 ], [ -73.7772, 40.758269 ], [ -73.777016, 40.758319 ], [ -73.776475, 40.758467 ], [ -73.77557, 40.758681 ], [ -73.774687, 40.75892 ], [ -73.774225, 40.759043 ], [ -73.773781, 40.759165 ], [ -73.772916, 40.759398 ], [ -73.772035, 40.759636 ], [ -73.77182, 40.759689 ], [ -73.771149, 40.759867 ], [ -73.770275, 40.760083 ], [ -73.769337, 40.760254 ], [ -73.768459, 40.760384 ], [ -73.76752, 40.760492 ], [ -73.766604, 40.760648 ], [ -73.76569, 40.760802 ], [ -73.764771, 40.760948 ], [ -73.763854, 40.761096 ], [ -73.763337, 40.759294 ], [ -73.762395, 40.759497 ], [ -73.761997, 40.758102 ], [ -73.762938, 40.757901 ], [ -73.763844, 40.757708 ], [ -73.763611, 40.75689 ], [ -73.763517, 40.756549 ], [ -73.76342, 40.756197 ], [ -73.764333, 40.755994 ], [ -73.764238, 40.755239 ], [ -73.764108, 40.754532 ], [ -73.763964, 40.753673 ], [ -73.763869, 40.752222 ], [ -73.764598, 40.752596 ], [ -73.764736, 40.75246 ], [ -73.764015, 40.750858 ], [ -73.763089, 40.751138 ], [ -73.76235, 40.749506 ], [ -73.761452, 40.749758 ], [ -73.760565, 40.75 ], [ -73.759682, 40.750241 ], [ -73.758799, 40.750483 ], [ -73.757827, 40.750758 ], [ -73.757377, 40.750228 ], [ -73.755014, 40.750817 ], [ -73.754558, 40.750933 ], [ -73.75413, 40.751043 ], [ -73.753255, 40.751238 ], [ -73.752358, 40.751412 ], [ -73.751392, 40.751572 ], [ -73.752001, 40.752954 ], [ -73.751273, 40.753166 ], [ -73.751096, 40.753278 ], [ -73.750936, 40.75337 ], [ -73.750774, 40.753449 ], [ -73.750605, 40.753518 ], [ -73.750429, 40.753577 ], [ -73.750249, 40.753626 ], [ -73.749976, 40.75294 ], [ -73.749291, 40.751282 ], [ -73.748439, 40.751613 ], [ -73.747099, 40.752347 ], [ -73.746867, 40.752093 ], [ -73.746808, 40.752028 ], [ -73.745973, 40.75255 ], [ -73.744704, 40.753373 ], [ -73.744516, 40.753495 ], [ -73.744409, 40.753563 ], [ -73.744279, 40.75365 ], [ -73.743978, 40.753851 ], [ -73.739706, 40.756623 ], [ -73.739263, 40.756917 ], [ -73.739179, 40.756718 ], [ -73.739144, 40.756394 ], [ -73.73915, 40.756261 ], [ -73.739178, 40.756129 ], [ -73.739226, 40.756 ], [ -73.739295, 40.755876 ], [ -73.739381, 40.755761 ], [ -73.738727, 40.755514 ], [ -73.736762, 40.755748 ], [ -73.736278, 40.755796 ], [ -73.735509, 40.755872 ], [ -73.73407, 40.7563 ], [ -73.733426, 40.754455 ], [ -73.732702, 40.754611 ], [ -73.73093, 40.754908 ], [ -73.730963, 40.754968 ], [ -73.730975, 40.755037 ], [ -73.730962, 40.755109 ], [ -73.730925, 40.755175 ], [ -73.730867, 40.755229 ], [ -73.730798, 40.755268 ], [ -73.729735, 40.75548 ], [ -73.728709, 40.755674 ], [ -73.728399, 40.755199 ], [ -73.72852, 40.753901 ], [ -73.728636, 40.752794 ], [ -73.728568, 40.752177 ], [ -73.728422, 40.750578 ], [ -73.728428, 40.75034 ], [ -73.728817, 40.749597 ], [ -73.729051, 40.749151 ], [ -73.729042, 40.749115 ], [ -73.729195, 40.74904 ], [ -73.729519, 40.747861 ], [ -73.729692, 40.747271 ], [ -73.730076, 40.746769 ], [ -73.729966, 40.746586 ], [ -73.730551, 40.745981 ], [ -73.731017, 40.745541 ], [ -73.731195, 40.745393 ], [ -73.731429, 40.745265 ], [ -73.731543, 40.745191 ], [ -73.731747, 40.74506 ], [ -73.73208, 40.744867 ], [ -73.732427, 40.744687 ], [ -73.732785, 40.744522 ], [ -73.733144, 40.744378 ], [ -73.733189, 40.744355 ], [ -73.733393, 40.744251 ], [ -73.733639, 40.744114 ], [ -73.734362, 40.743628 ], [ -73.734928, 40.743152 ], [ -73.735458, 40.742673 ], [ -73.736384, 40.741912 ], [ -73.737048, 40.741463 ], [ -73.738445, 40.740615 ], [ -73.739128, 40.740022 ], [ -73.739662, 40.739605 ], [ -73.739771, 40.739487 ], [ -73.740072, 40.739172 ], [ -73.740195, 40.739031 ], [ -73.741067, 40.738978 ], [ -73.74155, 40.738763 ], [ -73.74214, 40.738617 ], [ -73.743068, 40.738441 ], [ -73.743375, 40.738885 ], [ -73.743464, 40.739014 ], [ -73.743719, 40.739383 ], [ -73.743853, 40.740094 ], [ -73.743962, 40.740789 ], [ -73.745059, 40.741531 ], [ -73.746755, 40.742439 ], [ -73.747849, 40.743296 ], [ -73.748631, 40.744979 ], [ -73.749543, 40.744732 ], [ -73.750434, 40.744487 ], [ -73.751316, 40.744243 ], [ -73.752193, 40.744002 ], [ -73.75308, 40.743762 ], [ -73.753978, 40.743518 ], [ -73.754788, 40.745277 ], [ -73.754951, 40.745618 ], [ -73.757198, 40.744998 ], [ -73.758082, 40.744764 ], [ -73.758973, 40.744541 ], [ -73.759927, 40.744288 ], [ -73.759755, 40.743914 ], [ -73.760704, 40.743653 ], [ -73.761587, 40.743411 ], [ -73.760753, 40.741654 ], [ -73.761633, 40.741411 ], [ -73.76252, 40.741171 ], [ -73.7634, 40.740929 ], [ -73.764315, 40.740673 ], [ -73.763609, 40.739175 ], [ -73.763191, 40.738308 ], [ -73.762683, 40.737256 ], [ -73.762597, 40.737087 ], [ -73.762531, 40.736912 ], [ -73.762486, 40.736731 ], [ -73.762472, 40.736621 ], [ -73.762463, 40.736548 ], [ -73.762463, 40.736364 ], [ -73.762485, 40.736182 ], [ -73.762529, 40.736004 ], [ -73.762733, 40.735262 ], [ -73.765041, 40.734477 ], [ -73.764709, 40.734085 ], [ -73.7637, 40.732864 ], [ -73.764268, 40.732767 ], [ -73.764807, 40.732674 ], [ -73.764917, 40.732655 ], [ -73.765551, 40.732544 ], [ -73.76571, 40.732516 ], [ -73.766349, 40.732409 ], [ -73.766841, 40.732339 ], [ -73.770107, 40.731779 ], [ -73.771527, 40.731522 ], [ -73.772286, 40.731391 ], [ -73.77307, 40.731249 ], [ -73.773997, 40.731081 ], [ -73.774913, 40.730913 ], [ -73.775804, 40.73068 ], [ -73.776685, 40.730439 ], [ -73.777575, 40.730193 ], [ -73.778486, 40.729944 ], [ -73.779365, 40.729702 ], [ -73.780248, 40.72946 ], [ -73.781161, 40.729213 ], [ -73.782059, 40.728919 ], [ -73.782923, 40.728636 ], [ -73.783601, 40.728413 ], [ -73.783977, 40.728291 ], [ -73.784821, 40.728015 ], [ -73.785685, 40.72773 ], [ -73.78619, 40.727564 ], [ -73.78655, 40.727445 ], [ -73.787383, 40.727172 ], [ -73.78825, 40.726887 ], [ -73.789113, 40.726606 ], [ -73.789459, 40.726493 ], [ -73.78998, 40.726317 ], [ -73.790845, 40.726036 ], [ -73.791745, 40.725776 ], [ -73.793335, 40.725284 ], [ -73.794224, 40.724982 ], [ -73.795116, 40.724676 ], [ -73.795883, 40.724415 ], [ -73.796752, 40.724117 ], [ -73.797609, 40.723825 ], [ -73.798472, 40.72353 ], [ -73.797828, 40.722031 ], [ -73.797233, 40.720609 ], [ -73.798099, 40.720345 ], [ -73.799001, 40.720145 ], [ -73.799928, 40.720004 ], [ -73.800843, 40.719836 ], [ -73.801763, 40.719679 ], [ -73.802693, 40.719514 ], [ -73.803973, 40.719288 ], [ -73.804976, 40.71911 ], [ -73.805876, 40.71895 ], [ -73.806762, 40.718792 ], [ -73.807671, 40.718634 ], [ -73.808605, 40.718415 ], [ -73.811769, 40.717616 ], [ -73.811835, 40.717873 ], [ -73.811917, 40.718187 ], [ -73.812118, 40.719062 ], [ -73.8123, 40.719011 ], [ -73.812527, 40.718948 ], [ -73.81285, 40.718859 ], [ -73.813768, 40.718607 ], [ -73.815155, 40.718257 ], [ -73.815443, 40.718818 ], [ -73.81568, 40.71928 ], [ -73.816021, 40.719943 ], [ -73.816364, 40.720608 ], [ -73.814095, 40.721284 ], [ -73.814438, 40.721948 ], [ -73.814779, 40.722612 ], [ -73.81512, 40.72328 ], [ -73.815469, 40.72394 ], [ -73.815807, 40.724606 ], [ -73.813557, 40.725288 ], [ -73.813899, 40.725941 ], [ -73.811516, 40.726658 ], [ -73.812468, 40.727133 ], [ -73.81229, 40.727197 ], [ -73.812108, 40.727186 ], [ -73.811924, 40.727192 ], [ -73.811543, 40.727156 ], [ -73.811333, 40.727161 ], [ -73.811113, 40.727166 ], [ -73.810886, 40.727172 ], [ -73.810694, 40.726489 ], [ -73.808697, 40.726713 ], [ -73.806912, 40.726913 ], [ -73.805084, 40.727115 ], [ -73.805152, 40.727802 ], [ -73.805222, 40.728484 ], [ -73.805166, 40.730458 ], [ -73.805081, 40.73169 ], [ -73.804983, 40.733103 ], [ -73.804862, 40.73494 ], [ -73.804743, 40.736774 ], [ -73.805761, 40.736812 ], [ -73.806697, 40.736847 ], [ -73.807635, 40.736885 ], [ -73.80857, 40.736921 ], [ -73.809512, 40.736958 ], [ -73.810482, 40.736992 ], [ -73.810658, 40.736998 ], [ -73.811454, 40.73703 ], [ -73.812391, 40.737067 ], [ -73.81333, 40.737102 ], [ -73.813475, 40.737107 ], [ -73.814069, 40.73713 ], [ -73.814694, 40.737154 ], [ -73.814742, 40.73562 ], [ -73.814769, 40.734764 ], [ -73.814773, 40.734638 ], [ -73.814775, 40.734582 ], [ -73.8148, 40.733783 ], [ -73.817404, 40.73396 ], [ -73.819749, 40.734195 ], [ -73.820538, 40.734284 ], [ -73.821218, 40.734361 ], [ -73.821859, 40.734433 ], [ -73.82163, 40.735342 ], [ -73.821644, 40.735389 ], [ -73.821679, 40.735433 ], [ -73.821733, 40.735467 ], [ -73.821796, 40.735485 ], [ -73.82186, 40.735486 ], [ -73.822932, 40.735367 ], [ -73.825183, 40.735135 ], [ -73.82532, 40.735121 ], [ -73.825259, 40.735758 ], [ -73.825197, 40.736528 ], [ -73.824982, 40.738604 ], [ -73.824964, 40.738819 ], [ -73.82489, 40.739403 ], [ -73.824812, 40.739631 ], [ -73.824988, 40.739377 ], [ -73.825583, 40.739402 ], [ -73.825636, 40.73932 ], [ -73.825736, 40.739193 ], [ -73.825861, 40.739064 ], [ -73.826022, 40.738931 ], [ -73.826137, 40.738853 ], [ -73.826278, 40.738771 ], [ -73.82643, 40.738698 ], [ -73.826559, 40.738646 ], [ -73.826841, 40.738561 ], [ -73.827014, 40.738526 ], [ -73.827167, 40.738505 ], [ -73.827396, 40.73849 ], [ -73.827557, 40.738491 ], [ -73.827776, 40.738508 ], [ -73.828053, 40.738556 ], [ -73.828092, 40.737083 ], [ -73.829468, 40.737025 ], [ -73.830536, 40.73752 ], [ -73.831301, 40.739561 ], [ -73.831268, 40.740262 ], [ -73.83122, 40.740953 ], [ -73.831173, 40.741638 ], [ -73.831131, 40.742338 ], [ -73.832071, 40.742451 ], [ -73.832265, 40.742496 ], [ -73.833015, 40.742601 ], [ -73.833826, 40.742762 ], [ -73.835861, 40.743228 ], [ -73.835896, 40.743381 ], [ -73.835925, 40.743501 ], [ -73.836201, 40.743507 ], [ -73.836848, 40.743474 ], [ -73.837152, 40.743446 ], [ -73.837338, 40.743417 ], [ -73.837671, 40.743365 ], [ -73.837847, 40.743334 ], [ -73.837711, 40.743865 ] ] ] ] } },
{ "type": "Feature", "properties": { "assembly district": 84 }, "geometry": { "type": "MultiPolygon", "coordinates": [ [ [ [ -73.93263, 40.810606 ], [ -73.932605, 40.811517 ], [ -73.932602, 40.811988 ], [ -73.932493, 40.812884 ], [ -73.932425, 40.813566 ], [ -73.932417, 40.814025 ], [ -73.93241, 40.81406 ], [ -73.932401, 40.814151 ], [ -73.932396, 40.814195 ], [ -73.932394, 40.814217 ], [ -73.93239, 40.814254 ], [ -73.93238, 40.814319 ], [ -73.932368, 40.814399 ], [ -73.932365, 40.814591 ], [ -73.932356, 40.81468 ], [ -73.932349, 40.814754 ], [ -73.932333, 40.814923 ], [ -73.932333, 40.8151 ], [ -73.932263, 40.818002 ], [ -73.932325, 40.819463 ], [ -73.932327, 40.81949 ], [ -73.932327, 40.819503 ], [ -73.930733, 40.819362 ], [ -73.930825, 40.820266 ], [ -73.930633, 40.819907 ], [ -73.930687, 40.820516 ], [ -73.930608, 40.820495 ], [ -73.929752, 40.820266 ], [ -73.928839, 40.820016 ], [ -73.928024, 40.819789 ], [ -73.92748, 40.821111 ], [ -73.927224, 40.821709 ], [ -73.927841, 40.822533 ], [ -73.928498, 40.823427 ], [ -73.92913, 40.824238 ], [ -73.929549, 40.824773 ], [ -73.929924, 40.825244 ], [ -73.930658, 40.826166 ], [ -73.930693, 40.82621 ], [ -73.930834, 40.82638 ], [ -73.930789, 40.826685 ], [ -73.930735, 40.82701 ], [ -73.930723, 40.827171 ], [ -73.930729, 40.827341 ], [ -73.930738, 40.827439 ], [ -73.930759, 40.82757 ], [ -73.930872, 40.828113 ], [ -73.93076, 40.827962 ], [ -73.930661, 40.827861 ], [ -73.930411, 40.827803 ], [ -73.930234, 40.827847 ], [ -73.930092, 40.827997 ], [ -73.929932, 40.828636 ], [ -73.930852, 40.82836 ], [ -73.930889, 40.829483 ], [ -73.930962, 40.829547 ], [ -73.931247, 40.829512 ], [ -73.931623, 40.829666 ], [ -73.931849, 40.830354 ], [ -73.931937, 40.830947 ], [ -73.931924, 40.830986 ], [ -73.931505, 40.830838 ], [ -73.930934, 40.831914 ], [ -73.930214, 40.833187 ], [ -73.92938, 40.83467 ], [ -73.928684, 40.835895 ], [ -73.927859, 40.835621 ], [ -73.926994, 40.835332 ], [ -73.926136, 40.835052 ], [ -73.927008, 40.833917 ], [ -73.92614, 40.833636 ], [ -73.926611, 40.833022 ], [ -73.927265, 40.832171 ], [ -73.928108, 40.830997 ], [ -73.928572, 40.830143 ], [ -73.928151, 40.830278 ], [ -73.927264, 40.830565 ], [ -73.927158, 40.830674 ], [ -73.926803, 40.831039 ], [ -73.926429, 40.831423 ], [ -73.925364, 40.832625 ], [ -73.925029, 40.833273 ], [ -73.924394, 40.834484 ], [ -73.925265, 40.834774 ], [ -73.924298, 40.83602 ], [ -73.923302, 40.837317 ], [ -73.923231, 40.83816 ], [ -73.922977, 40.838685 ], [ -73.922559, 40.839271 ], [ -73.92164, 40.838888 ], [ -73.921435, 40.839241 ], [ -73.921328, 40.839602 ], [ -73.921298, 40.839954 ], [ -73.921357, 40.840189 ], [ -73.919783, 40.840876 ], [ -73.919011, 40.840648 ], [ -73.918062, 40.840362 ], [ -73.917683, 40.840225 ], [ -73.916783, 40.839881 ], [ -73.91594, 40.839552 ], [ -73.916429, 40.838948 ], [ -73.914414, 40.838176 ], [ -73.914238, 40.838109 ], [ -73.91478, 40.837517 ], [ -73.914588, 40.837443 ], [ -73.913726, 40.83711 ], [ -73.914817, 40.83599 ], [ -73.915727, 40.836338 ], [ -73.915871, 40.836393 ], [ -73.916467, 40.835778 ], [ -73.91763, 40.834588 ], [ -73.917706, 40.83451 ], [ -73.917903, 40.834579 ], [ -73.918257, 40.834704 ], [ -73.919446, 40.83511 ], [ -73.919907, 40.834323 ], [ -73.920365, 40.833543 ], [ -73.921062, 40.832355 ], [ -73.921661, 40.831337 ], [ -73.922413, 40.830053 ], [ -73.923964, 40.827386 ], [ -73.924047, 40.827244 ], [ -73.922669, 40.826854 ], [ -73.922742, 40.826714 ], [ -73.923062, 40.826096 ], [ -73.923473, 40.825425 ], [ -73.922274, 40.82497 ], [ -73.922378, 40.824794 ], [ -73.923021, 40.823711 ], [ -73.923073, 40.823624 ], [ -73.923371, 40.8231 ], [ -73.924644, 40.821021 ], [ -73.923639, 40.820777 ], [ -73.923229, 40.820672 ], [ -73.92294, 40.820598 ], [ -73.922652, 40.820494 ], [ -73.921948, 40.821032 ], [ -73.921145, 40.821563 ], [ -73.920665, 40.821837 ], [ -73.920891, 40.821494 ], [ -73.92119, 40.820833 ], [ -73.921478, 40.8202 ], [ -73.920581, 40.819969 ], [ -73.920329, 40.820644 ], [ -73.919617, 40.820444 ], [ -73.918731, 40.820195 ], [ -73.918072, 40.820011 ], [ -73.918032, 40.819946 ], [ -73.918011, 40.819995 ], [ -73.917713, 40.820647 ], [ -73.917691, 40.820691 ], [ -73.917495, 40.821108 ], [ -73.917417, 40.821277 ], [ -73.91736, 40.821262 ], [ -73.915609, 40.820823 ], [ -73.914908, 40.82064 ], [ -73.914194, 40.820454 ], [ -73.913963, 40.820394 ], [ -73.914264, 40.819747 ], [ -73.91456, 40.819097 ], [ -73.914031, 40.818956 ], [ -73.914472, 40.818507 ], [ -73.913645, 40.818168 ], [ -73.913192, 40.818003 ], [ -73.912373, 40.817509 ], [ -73.912344, 40.817509 ], [ -73.911381, 40.817373 ], [ -73.911942, 40.816047 ], [ -73.911025, 40.815977 ], [ -73.910133, 40.815932 ], [ -73.90991, 40.815936 ], [ -73.909132, 40.815941 ], [ -73.908225, 40.816203 ], [ -73.907589, 40.816596 ], [ -73.90665, 40.817179 ], [ -73.906305, 40.817371 ], [ -73.905313, 40.817925 ], [ -73.905007, 40.817866 ], [ -73.903593, 40.817579 ], [ -73.902579, 40.81737 ], [ -73.902107, 40.818505 ], [ -73.901928, 40.818924 ], [ -73.901832, 40.819147 ], [ -73.901668, 40.819534 ], [ -73.900023, 40.818595 ], [ -73.899818, 40.81847 ], [ -73.899285, 40.818147 ], [ -73.898521, 40.817686 ], [ -73.897786, 40.817246 ], [ -73.899207, 40.815866 ], [ -73.90012, 40.815084 ], [ -73.899728, 40.81429 ], [ -73.899341, 40.813489 ], [ -73.898448, 40.813177 ], [ -73.898352, 40.813137 ], [ -73.898215, 40.81308 ], [ -73.898106, 40.813034 ], [ -73.8973, 40.813634 ], [ -73.896594, 40.814313 ], [ -73.895158, 40.815683 ], [ -73.894724, 40.816144 ], [ -73.89453, 40.816153 ], [ -73.894396, 40.81616 ], [ -73.893856, 40.816196 ], [ -73.89286, 40.816275 ], [ -73.891806, 40.816362 ], [ -73.891251, 40.8164 ], [ -73.889862, 40.81651 ], [ -73.88902, 40.816579 ], [ -73.887996, 40.816664 ], [ -73.887084, 40.81679 ], [ -73.886161, 40.81693 ], [ -73.885239, 40.81707 ], [ -73.884319, 40.81721 ], [ -73.88338, 40.817351 ], [ -73.882977, 40.817337 ], [ -73.882346, 40.817416 ], [ -73.881408, 40.817993 ], [ -73.880219, 40.817165 ], [ -73.879868, 40.816827 ], [ -73.879599, 40.816616 ], [ -73.879354, 40.816371 ], [ -73.878758, 40.816067 ], [ -73.876833, 40.815268 ], [ -73.871998, 40.813743 ], [ -73.87077, 40.811863 ], [ -73.868132, 40.806872 ], [ -73.868313, 40.806314 ], [ -73.870333, 40.803525 ], [ -73.870694, 40.802986 ], [ -73.870981, 40.802575 ], [ -73.871102, 40.802605 ], [ -73.87163, 40.801926 ], [ -73.871701, 40.801832 ], [ -73.87172, 40.801806 ], [ -73.87157, 40.80176 ], [ -73.87169, 40.801534 ], [ -73.873424, 40.800811 ], [ -73.874706, 40.800931 ], [ -73.874736, 40.801172 ], [ -73.87564, 40.801418 ], [ -73.875668, 40.80097 ], [ -73.878359, 40.801302 ], [ -73.877906, 40.802272 ], [ -73.878113, 40.802295 ], [ -73.878355, 40.802952 ], [ -73.880529, 40.802564 ], [ -73.883541, 40.802129 ], [ -73.883892, 40.801746 ], [ -73.884818, 40.801902 ], [ -73.885263, 40.802336 ], [ -73.88551, 40.802364 ], [ -73.885894, 40.802775 ], [ -73.886277, 40.803378 ], [ -73.886935, 40.803707 ], [ -73.88757, 40.804185 ], [ -73.887511, 40.804557 ], [ -73.887703, 40.804831 ], [ -73.888059, 40.80494 ], [ -73.888178, 40.804901 ], [ -73.888361, 40.804776 ], [ -73.888744, 40.804748 ], [ -73.889101, 40.804968 ], [ -73.889402, 40.805297 ], [ -73.889242, 40.805937 ], [ -73.889755, 40.805958 ], [ -73.890004, 40.80574 ], [ -73.890391, 40.805874 ], [ -73.89086, 40.80597 ], [ -73.891184, 40.805994 ], [ -73.891532, 40.805982 ], [ -73.89176, 40.80645 ], [ -73.894835, 40.806222 ], [ -73.895015, 40.806306 ], [ -73.895111, 40.806859 ], [ -73.896336, 40.806714 ], [ -73.896252, 40.806246 ], [ -73.897273, 40.806138 ], [ -73.897345, 40.806546 ], [ -73.898221, 40.806414 ], [ -73.898137, 40.805646 ], [ -73.898486, 40.805477 ], [ -73.900695, 40.804989 ], [ -73.902184, 40.804877 ], [ -73.902392, 40.804624 ], [ -73.902293, 40.804554 ], [ -73.90247, 40.804384 ], [ -73.902612, 40.804426 ], [ -73.903347, 40.803847 ], [ -73.903707, 40.803811 ], [ -73.904584, 40.803111 ], [ -73.904881, 40.802793 ], [ -73.905106, 40.802518 ], [ -73.905885, 40.801712 ], [ -73.906181, 40.801496 ], [ -73.90853, 40.799092 ], [ -73.909885, 40.797995 ], [ -73.91141, 40.796686 ], [ -73.913624, 40.796786 ], [ -73.913802, 40.796834 ], [ -73.913903, 40.796843 ], [ -73.914462, 40.797042 ], [ -73.915754, 40.797589 ], [ -73.916252, 40.797838 ], [ -73.916306, 40.797881 ], [ -73.918669, 40.798801 ], [ -73.918812, 40.798853 ], [ -73.918901, 40.798903 ], [ -73.919053, 40.798988 ], [ -73.919098, 40.799013 ], [ -73.919861, 40.799353 ], [ -73.920357, 40.799672 ], [ -73.920728, 40.800101 ], [ -73.921052, 40.800642 ], [ -73.921204, 40.801011 ], [ -73.921622, 40.801447 ], [ -73.921742, 40.801689 ], [ -73.92234, 40.801962 ], [ -73.923022, 40.802425 ], [ -73.923633, 40.802554 ], [ -73.923748, 40.802548 ], [ -73.923801, 40.802504 ], [ -73.924069, 40.802468 ], [ -73.925081, 40.802521 ], [ -73.926419, 40.802476 ], [ -73.926562, 40.802476 ], [ -73.926737, 40.8025 ], [ -73.92725, 40.802558 ], [ -73.927525, 40.802764 ], [ -73.928225, 40.80385 ], [ -73.928401, 40.804106 ], [ -73.929986, 40.805793 ], [ -73.930347, 40.806196 ], [ -73.930406, 40.806479 ], [ -73.931166, 40.807205 ], [ -73.931801, 40.807876 ], [ -73.931825, 40.807902 ], [ -73.932112, 40.808182 ], [ -73.932346, 40.808586 ], [ -73.932477, 40.808864 ], [ -73.93257, 40.809256 ], [ -73.932586, 40.809676 ], [ -73.932615, 40.810015 ], [ -73.93263, 40.810606 ] ] ] ] } },
{ "type": "Feature", "properties": { "assembly district": 70 }, "geometry": { "type": "MultiPolygon", "coordinates": [ [ [ [ -73.971123, 40.816308 ], [ -73.970693, 40.816897 ], [ -73.967894, 40.820731 ], [ -73.967865, 40.820771 ], [ -73.963475, 40.818729 ], [ -73.96298, 40.818512 ], [ -73.962067, 40.818099 ], [ -73.961901, 40.818048 ], [ -73.961819, 40.818023 ], [ -73.961688, 40.817967 ], [ -73.961575, 40.81791 ], [ -73.960911, 40.818565 ], [ -73.960469, 40.819054 ], [ -73.959946, 40.819635 ], [ -73.959422, 40.820234 ], [ -73.959167, 40.820537 ], [ -73.958918, 40.820832 ], [ -73.958787, 40.821005 ], [ -73.958407, 40.821497 ], [ -73.957625, 40.822508 ], [ -73.957083, 40.823202 ], [ -73.956989, 40.823349 ], [ -73.956545, 40.823926 ], [ -73.956281, 40.824264 ], [ -73.955756, 40.824886 ], [ -73.955399, 40.825284 ], [ -73.954884, 40.825834 ], [ -73.954848, 40.825817 ], [ -73.954256, 40.82555 ], [ -73.953828, 40.825372 ], [ -73.953684, 40.825312 ], [ -73.954347, 40.824739 ], [ -73.95483, 40.824126 ], [ -73.952762, 40.823263 ], [ -73.952304, 40.823887 ], [ -73.951853, 40.82451 ], [ -73.949694, 40.823604 ], [ -73.950496, 40.82312 ], [ -73.949465, 40.82269 ], [ -73.948083, 40.822108 ], [ -73.947622, 40.822737 ], [ -73.947165, 40.82336 ], [ -73.946714, 40.823981 ], [ -73.946222, 40.824652 ], [ -73.944756, 40.824032 ], [ -73.943842, 40.823648 ], [ -73.942924, 40.82326 ], [ -73.941917, 40.822837 ], [ -73.942411, 40.822164 ], [ -73.939566, 40.820965 ], [ -73.940022, 40.820342 ], [ -73.940477, 40.819721 ], [ -73.94025, 40.819624 ], [ -73.938029, 40.818681 ], [ -73.937641, 40.818517 ], [ -73.937181, 40.819144 ], [ -73.936721, 40.81977 ], [ -73.936227, 40.820438 ], [ -73.934475, 40.819697 ], [ -73.934313, 40.81963 ], [ -73.934117, 40.819551 ], [ -73.933823, 40.819491 ], [ -73.932327, 40.819503 ], [ -73.932327, 40.81949 ], [ -73.932325, 40.819463 ], [ -73.932263, 40.818002 ], [ -73.932333, 40.8151 ], [ -73.932333, 40.814923 ], [ -73.932349, 40.814754 ], [ -73.932356, 40.81468 ], [ -73.932365, 40.814591 ], [ -73.932368, 40.814399 ], [ -73.93238, 40.814319 ], [ -73.93239, 40.814254 ], [ -73.932394, 40.814217 ], [ -73.932396, 40.814195 ], [ -73.932401, 40.814151 ], [ -73.93241, 40.81406 ], [ -73.932417, 40.814025 ], [ -73.932425, 40.813566 ], [ -73.932493, 40.812884 ], [ -73.932602, 40.811988 ], [ -73.932605, 40.811517 ], [ -73.932666, 40.811494 ], [ -73.934144, 40.810895 ], [ -73.93424, 40.810846 ], [ -73.934733, 40.810602 ], [ -73.934868, 40.810495 ], [ -73.93496, 40.810422 ], [ -73.935023, 40.81038 ], [ -73.935172, 40.810252 ], [ -73.935313, 40.81011 ], [ -73.935577, 40.80982 ], [ -73.935782, 40.80954 ], [ -73.935819, 40.809503 ], [ -73.937408, 40.810176 ], [ -73.937881, 40.809525 ], [ -73.938338, 40.808903 ], [ -73.938475, 40.808713 ], [ -73.938548, 40.808614 ], [ -73.938792, 40.80828 ], [ -73.939248, 40.807655 ], [ -73.939702, 40.807035 ], [ -73.940157, 40.806409 ], [ -73.941771, 40.807089 ], [ -73.942262, 40.806416 ], [ -73.942754, 40.805744 ], [ -73.943402, 40.806014 ], [ -73.944302, 40.806391 ], [ -73.944783, 40.805761 ], [ -73.945239, 40.805136 ], [ -73.945693, 40.804515 ], [ -73.947352, 40.805213 ], [ -73.947813, 40.804587 ], [ -73.946131, 40.803877 ], [ -73.944597, 40.803228 ], [ -73.944667, 40.80313 ], [ -73.945052, 40.802599 ], [ -73.945508, 40.801971 ], [ -73.945968, 40.801342 ], [ -73.946325, 40.800852 ], [ -73.946462, 40.800665 ], [ -73.946974, 40.799961 ], [ -73.947791, 40.80031 ], [ -73.948625, 40.800666 ], [ -73.950186, 40.801332 ], [ -73.950442, 40.800982 ], [ -73.950636, 40.80072 ], [ -73.951094, 40.800091 ], [ -73.952508, 40.800686 ], [ -73.952458, 40.799843 ], [ -73.952408, 40.799 ], [ -73.952483, 40.798253 ], [ -73.955289, 40.799435 ], [ -73.957762, 40.800472 ], [ -73.957798, 40.800479 ], [ -73.957781, 40.800558 ], [ -73.957824, 40.800682 ], [ -73.957887, 40.800757 ], [ -73.957993, 40.800827 ], [ -73.957944, 40.800893 ], [ -73.957696, 40.801232 ], [ -73.959147, 40.801844 ], [ -73.959647, 40.801156 ], [ -73.960158, 40.801386 ], [ -73.961077, 40.8018 ], [ -73.960916, 40.802262 ], [ -73.960319, 40.803992 ], [ -73.960074, 40.804706 ], [ -73.962008, 40.805509 ], [ -73.961548, 40.806136 ], [ -73.960205, 40.805589 ], [ -73.959826, 40.805435 ], [ -73.959357, 40.806121 ], [ -73.958407, 40.807419 ], [ -73.959791, 40.80799 ], [ -73.960106, 40.80812 ], [ -73.95994, 40.808349 ], [ -73.959648, 40.808754 ], [ -73.959217, 40.809341 ], [ -73.958938, 40.809721 ], [ -73.958726, 40.810008 ], [ -73.958241, 40.80981 ], [ -73.957245, 40.809404 ], [ -73.957091, 40.81008 ], [ -73.958272, 40.810629 ], [ -73.957808, 40.811264 ], [ -73.956801, 40.810839 ], [ -73.954966, 40.810064 ], [ -73.954513, 40.810687 ], [ -73.954288, 40.810992 ], [ -73.954835, 40.811725 ], [ -73.955508, 40.8125 ], [ -73.955739, 40.812766 ], [ -73.956269, 40.813375 ], [ -73.956984, 40.814193 ], [ -73.957546, 40.814834 ], [ -73.958023, 40.814715 ], [ -73.958298, 40.81434 ], [ -73.958575, 40.815068 ], [ -73.958701, 40.81512 ], [ -73.959235, 40.814384 ], [ -73.959679, 40.813776 ], [ -73.960687, 40.814192 ], [ -73.962106, 40.812252 ], [ -73.962554, 40.812435 ], [ -73.963016, 40.812624 ], [ -73.963809, 40.813107 ], [ -73.964585, 40.813547 ], [ -73.964645, 40.813581 ], [ -73.964865, 40.813713 ], [ -73.965105, 40.813821 ], [ -73.965379, 40.813959 ], [ -73.966411, 40.814405 ], [ -73.971152, 40.816269 ], [ -73.971123, 40.816308 ] ] ] ] } },
{ "type": "Feature", "properties": { "assembly district": 45 }, "geometry": { "type": "MultiPolygon", "coordinates": [ [ [ [ -73.984231, 40.586069 ], [ -73.983268, 40.586191 ], [ -73.983374, 40.586771 ], [ -73.983469, 40.587264 ], [ -73.983723, 40.588619 ], [ -73.983803, 40.589042 ], [ -73.983901, 40.589573 ], [ -73.984014, 40.590153 ], [ -73.984094, 40.590567 ], [ -73.984204, 40.591166 ], [ -73.9832, 40.591243 ], [ -73.982279, 40.59138 ], [ -73.981319, 40.591484 ], [ -73.98179, 40.593868 ], [ -73.981977, 40.594764 ], [ -73.982032, 40.595044 ], [ -73.982211, 40.595987 ], [ -73.981283, 40.596088 ], [ -73.980358, 40.596192 ], [ -73.979432, 40.596292 ], [ -73.978927, 40.596348 ], [ -73.978504, 40.596396 ], [ -73.977507, 40.596506 ], [ -73.97651, 40.596616 ], [ -73.975588, 40.596719 ], [ -73.975039, 40.59678 ], [ -73.974927, 40.596794 ], [ -73.974083, 40.596883 ], [ -73.973755, 40.599221 ], [ -73.973408, 40.601702 ], [ -73.97305, 40.604282 ], [ -73.973195, 40.604298 ], [ -73.973621, 40.606557 ], [ -73.97259, 40.606671 ], [ -73.972959, 40.60863 ], [ -73.972994, 40.608814 ], [ -73.971913, 40.608936 ], [ -73.970896, 40.60905 ], [ -73.96997, 40.60915 ], [ -73.969041, 40.609254 ], [ -73.967941, 40.609374 ], [ -73.967668, 40.609404 ], [ -73.968153, 40.61196 ], [ -73.967881, 40.61199 ], [ -73.966782, 40.612109 ], [ -73.965708, 40.612228 ], [ -73.964781, 40.612331 ], [ -73.963853, 40.612433 ], [ -73.964358, 40.615094 ], [ -73.963361, 40.615204 ], [ -73.962364, 40.615314 ], [ -73.962663, 40.616911 ], [ -73.961775, 40.617204 ], [ -73.960888, 40.617501 ], [ -73.959993, 40.617795 ], [ -73.959663, 40.617922 ], [ -73.9595, 40.617978 ], [ -73.959107, 40.618113 ], [ -73.958977, 40.617409 ], [ -73.95805, 40.617705 ], [ -73.958147, 40.618217 ], [ -73.957184, 40.618326 ], [ -73.956765, 40.618369 ], [ -73.956238, 40.618427 ], [ -73.95614, 40.617895 ], [ -73.955786, 40.616036 ], [ -73.955283, 40.613375 ], [ -73.956225, 40.613272 ], [ -73.955741, 40.610715 ], [ -73.954796, 40.61082 ], [ -73.954695, 40.610266 ], [ -73.954389, 40.608675 ], [ -73.955334, 40.608573 ], [ -73.954869, 40.606114 ], [ -73.954432, 40.60379 ], [ -73.953978, 40.601401 ], [ -73.953552, 40.599146 ], [ -73.95315, 40.597028 ], [ -73.952912, 40.595752 ], [ -73.952699, 40.594637 ], [ -73.951754, 40.594738 ], [ -73.951349, 40.592622 ], [ -73.951287, 40.592293 ], [ -73.950948, 40.590502 ], [ -73.950539, 40.588383 ], [ -73.949345, 40.588514 ], [ -73.948313, 40.588628 ], [ -73.947381, 40.588731 ], [ -73.947346, 40.588507 ], [ -73.94696, 40.586477 ], [ -73.946793, 40.585594 ], [ -73.946748, 40.585352 ], [ -73.946692, 40.585073 ], [ -73.945552, 40.585139 ], [ -73.944931, 40.585172 ], [ -73.943866, 40.585298 ], [ -73.943824, 40.585075 ], [ -73.943803, 40.584963 ], [ -73.943755, 40.584708 ], [ -73.942793, 40.584815 ], [ -73.942584, 40.5837 ], [ -73.942551, 40.583514 ], [ -73.941569, 40.583608 ], [ -73.941546, 40.583519 ], [ -73.94149, 40.583528 ], [ -73.941449, 40.583345 ], [ -73.941394, 40.583337 ], [ -73.941311, 40.583337 ], [ -73.941234, 40.583131 ], [ -73.940947, 40.581913 ], [ -73.940439, 40.581879 ], [ -73.931946, 40.582022 ], [ -73.930331, 40.576073 ], [ -73.929387, 40.572613 ], [ -73.92807, 40.567786 ], [ -73.928717, 40.567681 ], [ -73.932716, 40.567034 ], [ -73.933363, 40.566929 ], [ -73.933448, 40.566914 ], [ -73.934894, 40.566652 ], [ -73.936525, 40.566436 ], [ -73.945004, 40.565313 ], [ -73.94988, 40.564555 ], [ -73.950703, 40.564427 ], [ -73.951009, 40.56439 ], [ -73.951195, 40.564368 ], [ -73.951409, 40.564343 ], [ -73.95167, 40.564312 ], [ -73.952309, 40.564208 ], [ -73.958844, 40.56315 ], [ -73.959281, 40.563079 ], [ -73.959347, 40.569509 ], [ -73.959423, 40.573911 ], [ -73.959414, 40.575158 ], [ -73.961034, 40.575076 ], [ -73.961136, 40.575803 ], [ -73.962078, 40.575762 ], [ -73.962364, 40.577411 ], [ -73.963106, 40.579377 ], [ -73.963555, 40.579283 ], [ -73.964008, 40.579187 ], [ -73.964237, 40.579818 ], [ -73.964332, 40.58008 ], [ -73.964428, 40.580346 ], [ -73.964652, 40.58096 ], [ -73.965113, 40.580863 ], [ -73.965555, 40.58077 ], [ -73.965945, 40.580689 ], [ -73.965814, 40.581266 ], [ -73.965691, 40.58181 ], [ -73.965632, 40.582068 ], [ -73.965389, 40.583151 ], [ -73.966651, 40.583337 ], [ -73.966894, 40.583348 ], [ -73.966795, 40.583821 ], [ -73.966777, 40.583904 ], [ -73.966744, 40.584066 ], [ -73.966709, 40.58424 ], [ -73.966614, 40.584575 ], [ -73.966497, 40.585142 ], [ -73.96633, 40.585896 ], [ -73.96615, 40.586669 ], [ -73.965975, 40.587432 ], [ -73.965814, 40.588133 ], [ -73.965641, 40.588888 ], [ -73.965936, 40.588856 ], [ -73.96635, 40.588812 ], [ -73.96653, 40.588792 ], [ -73.967047, 40.588738 ], [ -73.96797, 40.588631 ], [ -73.968897, 40.588529 ], [ -73.969823, 40.588427 ], [ -73.969423, 40.586307 ], [ -73.970349, 40.586204 ], [ -73.971278, 40.586101 ], [ -73.972204, 40.586001 ], [ -73.97441, 40.585758 ], [ -73.974441, 40.58524 ], [ -73.974638, 40.583114 ], [ -73.975194, 40.582967 ], [ -73.97572, 40.582876 ], [ -73.976681, 40.582826 ], [ -73.977504, 40.582784 ], [ -73.980274, 40.583133 ], [ -73.98034, 40.582978 ], [ -73.98039, 40.582867 ], [ -73.98089, 40.582946 ], [ -73.982711, 40.583254 ], [ -73.982731, 40.583365 ], [ -73.982812, 40.583792 ], [ -73.983876, 40.583976 ], [ -73.984001, 40.584699 ], [ -73.984105, 40.585318 ], [ -73.984231, 40.586069 ] ] ] ] } },
{ "type": "Feature", "properties": { "assembly district": 23 }, "geometry": { "type": "MultiPolygon", "coordinates": [ [ [ [ -74.038131, 40.538294 ], [ -74.037494, 40.54279 ], [ -74.036672, 40.54837 ], [ -74.03667, 40.548384 ], [ -74.036551, 40.549194 ], [ -74.036549, 40.549209 ], [ -74.0363, 40.550905 ], [ -74.036298, 40.550948 ], [ -74.036297, 40.550969 ], [ -74.036293, 40.551042 ], [ -73.997087, 40.557283 ], [ -73.959715, 40.563013 ], [ -73.959281, 40.563079 ], [ -73.958844, 40.56315 ], [ -73.952309, 40.564208 ], [ -73.95167, 40.564312 ], [ -73.951409, 40.564343 ], [ -73.951195, 40.564368 ], [ -73.951009, 40.56439 ], [ -73.950703, 40.564427 ], [ -73.94988, 40.564555 ], [ -73.945004, 40.565313 ], [ -73.936525, 40.566436 ], [ -73.934894, 40.566652 ], [ -73.933448, 40.566914 ], [ -73.933363, 40.566929 ], [ -73.932716, 40.567034 ], [ -73.928717, 40.567681 ], [ -73.92807, 40.567786 ], [ -73.927424, 40.567887 ], [ -73.926236, 40.568072 ], [ -73.918487, 40.569284 ], [ -73.904908, 40.571407 ], [ -73.903871, 40.571619 ], [ -73.902874, 40.5717 ], [ -73.890518, 40.572705 ], [ -73.886292, 40.573505 ], [ -73.885069, 40.573749 ], [ -73.879222, 40.574656 ], [ -73.871613, 40.578438 ], [ -73.871418, 40.578535 ], [ -73.871212, 40.578611 ], [ -73.870239, 40.57897 ], [ -73.869232, 40.579342 ], [ -73.868425, 40.579757 ], [ -73.867661, 40.580151 ], [ -73.86751, 40.580229 ], [ -73.867374, 40.580299 ], [ -73.866005, 40.581001 ], [ -73.865607, 40.581205 ], [ -73.859492, 40.583938 ], [ -73.855106, 40.585899 ], [ -73.854937, 40.585974 ], [ -73.853522, 40.586592 ], [ -73.849852, 40.588669 ], [ -73.847386, 40.592028 ], [ -73.84668, 40.593209 ], [ -73.844437, 40.595855 ], [ -73.842017, 40.598313 ], [ -73.835876, 40.605637 ], [ -73.834463, 40.607193 ], [ -73.834283, 40.609186 ], [ -73.834054, 40.613455 ], [ -73.834008, 40.614425 ], [ -73.8337, 40.620922 ], [ -73.833452, 40.626149 ], [ -73.833422, 40.626782 ], [ -73.8334, 40.627449 ], [ -73.833393, 40.627674 ], [ -73.833041, 40.628261 ], [ -73.835376, 40.630315 ], [ -73.835769, 40.630678 ], [ -73.836238, 40.631111 ], [ -73.836595, 40.631548 ], [ -73.837091, 40.632155 ], [ -73.837379, 40.632506 ], [ -73.837652, 40.63284 ], [ -73.838111, 40.633298 ], [ -73.838298, 40.633485 ], [ -73.842955, 40.63814 ], [ -73.848338, 40.643521 ], [ -73.854938, 40.64265 ], [ -73.855021, 40.643098 ], [ -73.856148, 40.649198 ], [ -73.856537, 40.649916 ], [ -73.856652, 40.650129 ], [ -73.856962, 40.650584 ], [ -73.85898, 40.652675 ], [ -73.859755, 40.654104 ], [ -73.859907, 40.654229 ], [ -73.860422, 40.654612 ], [ -73.860483, 40.654659 ], [ -73.860567, 40.654751 ], [ -73.860594, 40.65478 ], [ -73.860635, 40.654824 ], [ -73.860676, 40.654868 ], [ -73.860964, 40.65518 ], [ -73.860988, 40.655212 ], [ -73.861658, 40.65611 ], [ -73.862193, 40.656829 ], [ -73.862438, 40.657258 ], [ -73.8627, 40.657623 ], [ -73.863171, 40.658277 ], [ -73.861508, 40.65905 ], [ -73.861222, 40.659221 ], [ -73.86036, 40.659646 ], [ -73.860138, 40.659676 ], [ -73.859387, 40.659773 ], [ -73.858514, 40.659899 ], [ -73.857615, 40.660119 ], [ -73.857922, 40.661319 ], [ -73.858025, 40.661721 ], [ -73.85837, 40.663182 ], [ -73.85843, 40.663453 ], [ -73.857536, 40.663598 ], [ -73.856591, 40.663747 ], [ -73.856117, 40.663808 ], [ -73.855685, 40.663867 ], [ -73.856063, 40.665511 ], [ -73.856115, 40.665729 ], [ -73.856425, 40.667033 ], [ -73.856459, 40.667159 ], [ -73.856847, 40.668603 ], [ -73.857226, 40.670094 ], [ -73.857252, 40.670198 ], [ -73.857282, 40.670312 ], [ -73.857309, 40.670419 ], [ -73.857633, 40.671656 ], [ -73.858555, 40.671533 ], [ -73.859391, 40.671394 ], [ -73.859474, 40.671381 ], [ -73.860389, 40.671269 ], [ -73.860775, 40.672806 ], [ -73.861077, 40.674021 ], [ -73.861064, 40.674343 ], [ -73.861318, 40.675021 ], [ -73.861373, 40.675236 ], [ -73.861397, 40.675335 ], [ -73.861554, 40.675973 ], [ -73.861712, 40.676611 ], [ -73.861915, 40.67743 ], [ -73.862028, 40.677886 ], [ -73.862346, 40.679165 ], [ -73.863282, 40.679073 ], [ -73.863316, 40.679214 ], [ -73.863349, 40.679352 ], [ -73.862296, 40.679632 ], [ -73.861564, 40.679839 ], [ -73.861423, 40.679879 ], [ -73.860659, 40.680099 ], [ -73.860531, 40.680135 ], [ -73.859779, 40.680349 ], [ -73.85966, 40.680383 ], [ -73.858786, 40.68063 ], [ -73.857907, 40.68088 ], [ -73.857043, 40.681127 ], [ -73.856198, 40.681367 ], [ -73.855353, 40.681607 ], [ -73.854496, 40.681851 ], [ -73.853664, 40.682088 ], [ -73.852819, 40.682331 ], [ -73.851979, 40.682564 ], [ -73.85087, 40.682259 ], [ -73.849764, 40.681987 ], [ -73.850284, 40.683049 ], [ -73.849422, 40.683295 ], [ -73.848543, 40.683544 ], [ -73.847662, 40.683794 ], [ -73.846784, 40.684045 ], [ -73.847608, 40.685722 ], [ -73.847101, 40.685869 ], [ -73.84698, 40.685904 ], [ -73.846151, 40.684224 ], [ -73.846036, 40.684257 ], [ -73.845926, 40.684288 ], [ -73.844918, 40.684576 ], [ -73.844215, 40.684775 ], [ -73.843342, 40.683002 ], [ -73.843231, 40.682775 ], [ -73.842236, 40.680747 ], [ -73.843146, 40.680594 ], [ -73.843074, 40.680463 ], [ -73.84202, 40.680315 ], [ -73.840945, 40.680165 ], [ -73.839964, 40.680027 ], [ -73.839764, 40.679997 ], [ -73.839521, 40.679962 ], [ -73.83883, 40.679862 ], [ -73.838455, 40.679811 ], [ -73.837806, 40.67972 ], [ -73.836781, 40.679571 ], [ -73.836391, 40.679473 ], [ -73.83565, 40.679273 ], [ -73.834462, 40.678944 ], [ -73.834185, 40.678874 ], [ -73.834109, 40.678853 ], [ -73.833325, 40.678657 ], [ -73.833015, 40.678589 ], [ -73.832206, 40.678408 ], [ -73.83211, 40.678386 ], [ -73.831624, 40.678275 ], [ -73.831083, 40.678151 ], [ -73.83094, 40.67812 ], [ -73.829947, 40.677904 ], [ -73.828837, 40.677692 ], [ -73.827595, 40.677501 ], [ -73.826447, 40.67732 ], [ -73.825781, 40.677207 ], [ -73.825406, 40.677147 ], [ -73.824673, 40.677031 ], [ -73.825252, 40.675168 ], [ -73.825818, 40.673353 ], [ -73.826385, 40.671533 ], [ -73.826953, 40.669718 ], [ -73.827518, 40.667898 ], [ -73.828079, 40.66609 ], [ -73.829333, 40.666101 ], [ -73.83025, 40.66612 ], [ -73.831021, 40.666209 ], [ -73.831567, 40.666312 ], [ -73.83254, 40.666539 ], [ -73.833312, 40.666759 ], [ -73.83294, 40.665892 ], [ -73.832884, 40.66576 ], [ -73.832705, 40.665406 ], [ -73.831742, 40.665182 ], [ -73.831781, 40.663674 ], [ -73.830964, 40.6621 ], [ -73.830222, 40.660526 ], [ -73.82987, 40.659967 ], [ -73.829801, 40.659511 ], [ -73.828712, 40.65706 ], [ -73.828392, 40.65603 ], [ -73.826907, 40.650294 ], [ -73.826848, 40.650074 ], [ -73.82678, 40.649772 ], [ -73.82641, 40.648261 ], [ -73.825531, 40.645018 ], [ -73.825337, 40.644248 ], [ -73.824193, 40.639954 ], [ -73.823376, 40.638988 ], [ -73.822771, 40.635577 ], [ -73.822538, 40.635158 ], [ -73.822218, 40.634427 ], [ -73.822093, 40.633756 ], [ -73.82189, 40.633095 ], [ -73.821841, 40.632424 ], [ -73.821846, 40.63204 ], [ -73.821075, 40.629734 ], [ -73.820814, 40.62939 ], [ -73.820591, 40.628924 ], [ -73.820159, 40.62836 ], [ -73.820052, 40.628185 ], [ -73.819989, 40.628032 ], [ -73.819849, 40.627796 ], [ -73.819734, 40.627712 ], [ -73.819478, 40.627629 ], [ -73.817964, 40.627106 ], [ -73.818008, 40.626476 ], [ -73.817698, 40.625962 ], [ -73.817085, 40.625279 ], [ -73.816115, 40.624605 ], [ -73.816086, 40.624315 ], [ -73.81673, 40.623872 ], [ -73.817953, 40.624093 ], [ -73.818917, 40.62309 ], [ -73.818813, 40.622562 ], [ -73.818253, 40.622094 ], [ -73.817786, 40.621938 ], [ -73.817787, 40.621672 ], [ -73.81697, 40.621492 ], [ -73.816911, 40.62187 ], [ -73.816531, 40.622003 ], [ -73.815939, 40.621631 ], [ -73.815715, 40.62149 ], [ -73.815432, 40.620117 ], [ -73.816391, 40.619622 ], [ -73.816825, 40.619462 ], [ -73.817181, 40.619267 ], [ -73.817444, 40.618912 ], [ -73.817446, 40.618111 ], [ -73.817647, 40.617612 ], [ -73.817774, 40.617501 ], [ -73.817757, 40.617307 ], [ -73.817587, 40.616878 ], [ -73.817477, 40.616333 ], [ -73.817168, 40.615843 ], [ -73.817119, 40.615282 ], [ -73.816527, 40.614947 ], [ -73.811435, 40.615831 ], [ -73.809753, 40.614276 ], [ -73.814652, 40.605252 ], [ -73.814292, 40.604457 ], [ -73.813397, 40.604364 ], [ -73.811776, 40.603171 ], [ -73.810787, 40.603287 ], [ -73.810511, 40.602533 ], [ -73.809863, 40.601896 ], [ -73.809951, 40.601807 ], [ -73.809997, 40.601696 ], [ -73.810034, 40.601611 ], [ -73.810024, 40.601466 ], [ -73.80995, 40.601385 ], [ -73.809943, 40.601263 ], [ -73.809995, 40.601201 ], [ -73.810039, 40.60109 ], [ -73.810036, 40.60103 ], [ -73.810026, 40.600861 ], [ -73.809979, 40.600781 ], [ -73.809928, 40.600625 ], [ -73.809861, 40.600477 ], [ -73.809851, 40.600366 ], [ -73.809939, 40.600254 ], [ -73.810001, 40.600184 ], [ -73.810015, 40.600109 ], [ -73.810001, 40.600029 ], [ -73.810144, 40.600055 ], [ -73.809988, 40.599883 ], [ -73.810101, 40.599845 ], [ -73.810189, 40.59986 ], [ -73.81024, 40.599772 ], [ -73.810302, 40.599604 ], [ -73.810255, 40.599505 ], [ -73.810293, 40.599342 ], [ -73.810357, 40.599262 ], [ -73.810331, 40.599127 ], [ -73.810331, 40.59895 ], [ -73.810416, 40.598883 ], [ -73.810551, 40.59876 ], [ -73.810686, 40.598699 ], [ -73.810859, 40.59864 ], [ -73.810962, 40.598557 ], [ -73.811186, 40.598579 ], [ -73.811375, 40.598559 ], [ -73.81149, 40.598371 ], [ -73.811576, 40.598141 ], [ -73.810843, 40.59635 ], [ -73.810285, 40.595073 ], [ -73.809955, 40.594332 ], [ -73.809661, 40.593561 ], [ -73.809701, 40.593534 ], [ -73.809528, 40.593009 ], [ -73.809503, 40.592876 ], [ -73.809506, 40.592775 ], [ -73.809616, 40.592537 ], [ -73.809634, 40.592495 ], [ -73.809668, 40.59247 ], [ -73.809691, 40.592454 ], [ -73.809743, 40.592695 ], [ -73.809799, 40.59272 ], [ -73.809795, 40.592658 ], [ -73.809764, 40.592646 ], [ -73.809731, 40.592404 ], [ -73.809778, 40.592399 ], [ -73.809803, 40.592058 ], [ -73.810031, 40.592185 ], [ -73.810202, 40.592226 ], [ -73.81059, 40.592137 ], [ -73.810795, 40.592094 ], [ -73.81094, 40.592547 ], [ -73.811358, 40.592463 ], [ -73.811373, 40.592684 ], [ -73.81075, 40.592792 ], [ -73.810757, 40.592811 ], [ -73.811373, 40.592703 ], [ -73.811374, 40.592861 ], [ -73.811028, 40.592987 ], [ -73.811073, 40.593022 ], [ -73.811408, 40.592871 ], [ -73.811386, 40.592442 ], [ -73.811107, 40.592476 ], [ -73.810954, 40.592489 ], [ -73.810825, 40.592088 ], [ -73.810896, 40.592062 ], [ -73.810879, 40.592011 ], [ -73.81089, 40.591957 ], [ -73.810945, 40.591824 ], [ -73.811008, 40.591768 ], [ -73.811149, 40.591758 ], [ -73.811326, 40.591746 ], [ -73.811361, 40.591981 ], [ -73.811399, 40.592101 ], [ -73.81143, 40.592255 ], [ -73.811436, 40.592508 ], [ -73.811466, 40.592628 ], [ -73.811479, 40.592742 ], [ -73.811473, 40.592854 ], [ -73.811478, 40.592916 ], [ -73.811507, 40.592894 ], [ -73.811562, 40.59285 ], [ -73.811574, 40.592829 ], [ -73.811561, 40.592728 ], [ -73.811529, 40.592493 ], [ -73.811517, 40.592315 ], [ -73.811532, 40.592259 ], [ -73.811504, 40.592191 ], [ -73.811567, 40.592149 ], [ -73.811535, 40.592089 ], [ -73.811513, 40.591958 ], [ -73.811513, 40.591783 ], [ -73.811569, 40.591694 ], [ -73.811703, 40.591594 ], [ -73.811674, 40.591299 ], [ -73.81161, 40.590475 ], [ -73.811054, 40.590451 ], [ -73.810951, 40.5895 ], [ -73.81093, 40.589297 ], [ -73.811448, 40.589017 ], [ -73.811252, 40.587567 ], [ -73.812157, 40.587445 ], [ -73.812208, 40.587955 ], [ -73.812273, 40.588621 ], [ -73.813141, 40.588268 ], [ -73.81439, 40.587782 ], [ -73.813846, 40.587075 ], [ -73.813197, 40.586238 ], [ -73.812088, 40.586514 ], [ -73.810638, 40.586875 ], [ -73.810338, 40.586951 ], [ -73.809789, 40.586989 ], [ -73.809865, 40.587742 ], [ -73.807283, 40.588001 ], [ -73.806346, 40.58808 ], [ -73.805144, 40.588215 ], [ -73.804735, 40.588269 ], [ -73.804305, 40.588327 ], [ -73.803512, 40.588486 ], [ -73.803497, 40.588489 ], [ -73.802749, 40.588668 ], [ -73.801991, 40.588869 ], [ -73.801005, 40.589108 ], [ -73.800343, 40.589321 ], [ -73.800168, 40.589378 ], [ -73.799587, 40.589589 ], [ -73.799339, 40.589664 ], [ -73.798814, 40.589836 ], [ -73.798472, 40.58996 ], [ -73.797861, 40.590167 ], [ -73.796883, 40.590486 ], [ -73.796781, 40.58983 ], [ -73.795841, 40.589247 ], [ -73.795194, 40.589295 ], [ -73.794903, 40.589596 ], [ -73.794938, 40.590308 ], [ -73.794252, 40.590423 ], [ -73.793503, 40.590106 ], [ -73.793451, 40.590095 ], [ -73.792786, 40.589957 ], [ -73.792615, 40.589922 ], [ -73.792061, 40.589684 ], [ -73.791879, 40.589467 ], [ -73.791757, 40.58932 ], [ -73.791723, 40.58928 ], [ -73.791334, 40.589846 ], [ -73.791191, 40.590055 ], [ -73.791172, 40.58986 ], [ -73.79107, 40.588747 ], [ -73.791047, 40.588499 ], [ -73.791019, 40.588191 ], [ -73.79016, 40.588404 ], [ -73.789284, 40.588677 ], [ -73.788582, 40.588896 ], [ -73.787301, 40.589295 ], [ -73.785959, 40.589713 ], [ -73.785994, 40.589972 ], [ -73.786175, 40.591328 ], [ -73.786257, 40.591938 ], [ -73.786388, 40.592084 ], [ -73.785708, 40.592083 ], [ -73.785062, 40.5922 ], [ -73.784291, 40.592446 ], [ -73.783375, 40.592722 ], [ -73.783612, 40.595145 ], [ -73.781836, 40.595267 ], [ -73.780916, 40.595325 ], [ -73.779939, 40.595382 ], [ -73.779036, 40.595444 ], [ -73.778801, 40.593387 ], [ -73.777979, 40.593461 ], [ -73.777154, 40.593545 ], [ -73.776318, 40.593623 ], [ -73.775489, 40.593676 ], [ -73.775377, 40.593683 ], [ -73.774542, 40.59375 ], [ -73.773675, 40.593893 ], [ -73.772808, 40.594074 ], [ -73.772713, 40.593321 ], [ -73.772701, 40.593123 ], [ -73.771844, 40.593292 ], [ -73.771496, 40.593405 ], [ -73.771094, 40.593536 ], [ -73.770231, 40.593975 ], [ -73.770268, 40.594192 ], [ -73.767604, 40.595803 ], [ -73.767669, 40.596024 ], [ -73.767718, 40.596261 ], [ -73.768067, 40.597911 ], [ -73.768037, 40.597983 ], [ -73.768008, 40.598045 ], [ -73.767975, 40.598071 ], [ -73.76795, 40.5981 ], [ -73.767935, 40.598136 ], [ -73.76796, 40.598154 ], [ -73.768023, 40.598189 ], [ -73.768044, 40.598197 ], [ -73.768123, 40.598228 ], [ -73.768141, 40.598236 ], [ -73.768172, 40.598265 ], [ -73.768205, 40.598303 ], [ -73.76824, 40.598322 ], [ -73.768293, 40.598329 ], [ -73.768397, 40.598357 ], [ -73.768474, 40.598362 ], [ -73.768554, 40.598359 ], [ -73.768633, 40.598377 ], [ -73.768701, 40.598385 ], [ -73.768797, 40.598389 ], [ -73.768905, 40.598397 ], [ -73.768903, 40.59845 ], [ -73.768931, 40.598468 ], [ -73.76898, 40.598453 ], [ -73.769021, 40.598487 ], [ -73.76905, 40.59851 ], [ -73.769104, 40.598514 ], [ -73.769189, 40.598509 ], [ -73.769251, 40.598504 ], [ -73.769309, 40.598529 ], [ -73.769424, 40.598564 ], [ -73.7696, 40.598618 ], [ -73.769674, 40.598633 ], [ -73.769736, 40.598656 ], [ -73.769788, 40.598686 ], [ -73.769828, 40.598707 ], [ -73.769944, 40.598751 ], [ -73.770016, 40.598784 ], [ -73.770066, 40.598816 ], [ -73.770118, 40.598855 ], [ -73.770177, 40.598897 ], [ -73.770274, 40.59896 ], [ -73.770346, 40.598986 ], [ -73.770407, 40.598988 ], [ -73.770477, 40.598974 ], [ -73.770512, 40.598937 ], [ -73.770555, 40.598897 ], [ -73.770673, 40.598829 ], [ -73.770725, 40.598813 ], [ -73.770824, 40.598818 ], [ -73.770914, 40.598849 ], [ -73.770982, 40.598894 ], [ -73.771011, 40.59893 ], [ -73.771037, 40.598982 ], [ -73.77105, 40.599022 ], [ -73.771062, 40.599075 ], [ -73.771065, 40.59911 ], [ -73.771063, 40.599221 ], [ -73.771137, 40.599328 ], [ -73.771158, 40.599393 ], [ -73.771147, 40.599512 ], [ -73.771094, 40.59964 ], [ -73.771087, 40.599792 ], [ -73.771103, 40.599971 ], [ -73.771139, 40.600165 ], [ -73.771112, 40.600276 ], [ -73.771177, 40.600405 ], [ -73.7711, 40.600588 ], [ -73.771041, 40.600789 ], [ -73.770944, 40.601151 ], [ -73.770817, 40.60128 ], [ -73.770738, 40.601546 ], [ -73.770753, 40.601626 ], [ -73.770803, 40.601675 ], [ -73.770847, 40.601725 ], [ -73.770881, 40.60182 ], [ -73.770781, 40.601923 ], [ -73.770652, 40.601855 ], [ -73.770474, 40.602108 ], [ -73.770397, 40.602282 ], [ -73.770344, 40.602358 ], [ -73.770275, 40.602489 ], [ -73.770233, 40.602619 ], [ -73.770186, 40.602749 ], [ -73.770289, 40.602815 ], [ -73.770397, 40.602968 ], [ -73.770358, 40.603031 ], [ -73.770253, 40.603079 ], [ -73.770135, 40.60312 ], [ -73.770272, 40.603244 ], [ -73.770297, 40.603308 ], [ -73.770339, 40.603402 ], [ -73.770403, 40.603693 ], [ -73.770474, 40.603951 ], [ -73.770444, 40.604098 ], [ -73.770468, 40.604379 ], [ -73.770465, 40.604533 ], [ -73.77054, 40.604675 ], [ -73.770565, 40.60484 ], [ -73.77049, 40.604952 ], [ -73.770279, 40.605082 ], [ -73.77015, 40.60515 ], [ -73.770088, 40.605312 ], [ -73.770005, 40.605392 ], [ -73.770068, 40.605602 ], [ -73.770026, 40.605787 ], [ -73.769852, 40.606123 ], [ -73.769836, 40.606278 ], [ -73.769861, 40.606461 ], [ -73.76992, 40.606596 ], [ -73.770002, 40.606904 ], [ -73.770017, 40.607097 ], [ -73.769967, 40.607225 ], [ -73.769865, 40.607414 ], [ -73.769803, 40.607529 ], [ -73.769825, 40.607661 ], [ -73.769846, 40.607788 ], [ -73.769775, 40.607933 ], [ -73.76966, 40.608039 ], [ -73.769572, 40.608157 ], [ -73.769497, 40.608293 ], [ -73.769293, 40.608373 ], [ -73.769212, 40.608474 ], [ -73.769146, 40.608664 ], [ -73.769085, 40.608786 ], [ -73.769014, 40.608971 ], [ -73.768935, 40.609157 ], [ -73.768968, 40.60926 ], [ -73.769001, 40.609392 ], [ -73.769088, 40.609578 ], [ -73.769216, 40.609727 ], [ -73.769309, 40.609784 ], [ -73.769501, 40.609896 ], [ -73.769661, 40.610006 ], [ -73.769954, 40.610146 ], [ -73.770015, 40.610169 ], [ -73.770242, 40.61025 ], [ -73.770369, 40.610195 ], [ -73.770533, 40.610191 ], [ -73.77059, 40.610161 ], [ -73.770735, 40.610273 ], [ -73.770822, 40.61034 ], [ -73.770968, 40.610367 ], [ -73.771126, 40.610362 ], [ -73.771263, 40.610398 ], [ -73.771367, 40.610527 ], [ -73.771516, 40.610585 ], [ -73.771624, 40.61062 ], [ -73.771739, 40.61073 ], [ -73.771847, 40.610824 ], [ -73.771895, 40.610931 ], [ -73.771928, 40.611011 ], [ -73.771964, 40.611129 ], [ -73.77199, 40.611254 ], [ -73.772053, 40.611349 ], [ -73.772125, 40.611454 ], [ -73.77228, 40.611506 ], [ -73.772386, 40.6115 ], [ -73.772693, 40.611424 ], [ -73.773021, 40.61131 ], [ -73.773263, 40.611212 ], [ -73.773404, 40.61109 ], [ -73.773382, 40.610987 ], [ -73.773236, 40.610786 ], [ -73.773066, 40.610494 ], [ -73.772957, 40.610331 ], [ -73.772885, 40.610201 ], [ -73.772888, 40.610159 ], [ -73.772963, 40.610153 ], [ -73.773, 40.610199 ], [ -73.773066, 40.610297 ], [ -73.77341, 40.610783 ], [ -73.773492, 40.610917 ], [ -73.773605, 40.61107 ], [ -73.773724, 40.611195 ], [ -73.773781, 40.611284 ], [ -73.773807, 40.611408 ], [ -73.773811, 40.611612 ], [ -73.773855, 40.611779 ], [ -73.773886, 40.611937 ], [ -73.773914, 40.61206 ], [ -73.773971, 40.612113 ], [ -73.774018, 40.612028 ], [ -73.774081, 40.611926 ], [ -73.774131, 40.611816 ], [ -73.774172, 40.611831 ], [ -73.774132, 40.611943 ], [ -73.774092, 40.612024 ], [ -73.774043, 40.61211 ], [ -73.774033, 40.612238 ], [ -73.774014, 40.612349 ], [ -73.773977, 40.612508 ], [ -73.773935, 40.612644 ], [ -73.773901, 40.61274 ], [ -73.773855, 40.612887 ], [ -73.773817, 40.612954 ], [ -73.773726, 40.61312 ], [ -73.773688, 40.61321 ], [ -73.773621, 40.613277 ], [ -73.773567, 40.613465 ], [ -73.773448, 40.613646 ], [ -73.773315, 40.613688 ], [ -73.772999, 40.61356 ], [ -73.772663, 40.613668 ], [ -73.772416, 40.61376 ], [ -73.772166, 40.613845 ], [ -73.771702, 40.613965 ], [ -73.771566, 40.613972 ], [ -73.771213, 40.613941 ], [ -73.77108, 40.613995 ], [ -73.770807, 40.61401 ], [ -73.77039, 40.614045 ], [ -73.770069, 40.614062 ], [ -73.769809, 40.613992 ], [ -73.769331, 40.613975 ], [ -73.769067, 40.614052 ], [ -73.768858, 40.614069 ], [ -73.768371, 40.614224 ], [ -73.768259, 40.614221 ], [ -73.768031, 40.6142 ], [ -73.767684, 40.614164 ], [ -73.767172, 40.614249 ], [ -73.766819, 40.614291 ], [ -73.766599, 40.614257 ], [ -73.766409, 40.614204 ], [ -73.766195, 40.614071 ], [ -73.765972, 40.613921 ], [ -73.765525, 40.613889 ], [ -73.76521, 40.613784 ], [ -73.765149, 40.613733 ], [ -73.76506, 40.613589 ], [ -73.765026, 40.613521 ], [ -73.765016, 40.613458 ], [ -73.765028, 40.613402 ], [ -73.765053, 40.613363 ], [ -73.765121, 40.613323 ], [ -73.765146, 40.613207 ], [ -73.765153, 40.613109 ], [ -73.765157, 40.612987 ], [ -73.765146, 40.612899 ], [ -73.765121, 40.612788 ], [ -73.765108, 40.612645 ], [ -73.765118, 40.612523 ], [ -73.765109, 40.612457 ], [ -73.765044, 40.612402 ], [ -73.764982, 40.612343 ], [ -73.764994, 40.612294 ], [ -73.765053, 40.612251 ], [ -73.765104, 40.612172 ], [ -73.765119, 40.612118 ], [ -73.765087, 40.61206 ], [ -73.76506, 40.612035 ], [ -73.764987, 40.612002 ], [ -73.764811, 40.611924 ], [ -73.764595, 40.611846 ], [ -73.764354, 40.611801 ], [ -73.764199, 40.611797 ], [ -73.763998, 40.611761 ], [ -73.763842, 40.611758 ], [ -73.763722, 40.611757 ], [ -73.763613, 40.611751 ], [ -73.763517, 40.611694 ], [ -73.763425, 40.611714 ], [ -73.763273, 40.61169 ], [ -73.763163, 40.611636 ], [ -73.763026, 40.611609 ], [ -73.762897, 40.611553 ], [ -73.762686, 40.611458 ], [ -73.762541, 40.611407 ], [ -73.762396, 40.611375 ], [ -73.762299, 40.611359 ], [ -73.761724, 40.611847 ], [ -73.760236, 40.610821 ], [ -73.760767, 40.610185 ], [ -73.76087, 40.610198 ], [ -73.761173, 40.609839 ], [ -73.761782, 40.609152 ], [ -73.761544, 40.609039 ], [ -73.75998, 40.610869 ], [ -73.759491, 40.610816 ], [ -73.759736, 40.610155 ], [ -73.759824, 40.609647 ], [ -73.760953, 40.606452 ], [ -73.760874, 40.605521 ], [ -73.760838, 40.605272 ], [ -73.760742, 40.604666 ], [ -73.760652, 40.604037 ], [ -73.760401, 40.602433 ], [ -73.760431, 40.602184 ], [ -73.76046, 40.602021 ], [ -73.760532, 40.601852 ], [ -73.760598, 40.60181 ], [ -73.76108, 40.601801 ], [ -73.762567, 40.601335 ], [ -73.764446, 40.600435 ], [ -73.764927, 40.60103 ], [ -73.765284, 40.601671 ], [ -73.76609, 40.601287 ], [ -73.766678, 40.601006 ], [ -73.767803, 40.60047 ], [ -73.767742, 40.600376 ], [ -73.767663, 40.600288 ], [ -73.767569, 40.600208 ], [ -73.76746, 40.600137 ], [ -73.767341, 40.600079 ], [ -73.767071, 40.599953 ], [ -73.766542, 40.599434 ], [ -73.765997, 40.598721 ], [ -73.76547, 40.598012 ], [ -73.764968, 40.59738 ], [ -73.764645, 40.597621 ], [ -73.76387, 40.597414 ], [ -73.763335, 40.597823 ], [ -73.7632, 40.597145 ], [ -73.762357, 40.597229 ], [ -73.762156, 40.596085 ], [ -73.761302, 40.596151 ], [ -73.760409, 40.596103 ], [ -73.75962, 40.595935 ], [ -73.759392, 40.595841 ], [ -73.758407, 40.596376 ], [ -73.758768, 40.596789 ], [ -73.758588, 40.596865 ], [ -73.758397, 40.596928 ], [ -73.758198, 40.596977 ], [ -73.757995, 40.59701 ], [ -73.757794, 40.597027 ], [ -73.757684, 40.597036 ], [ -73.757109, 40.597194 ], [ -73.756758, 40.597535 ], [ -73.756596, 40.597586 ], [ -73.756439, 40.597649 ], [ -73.756292, 40.597724 ], [ -73.756155, 40.597808 ], [ -73.756029, 40.597902 ], [ -73.755882, 40.597782 ], [ -73.755716, 40.597671 ], [ -73.755534, 40.597573 ], [ -73.755338, 40.597488 ], [ -73.755131, 40.59742 ], [ -73.754916, 40.597368 ], [ -73.754698, 40.597334 ], [ -73.754479, 40.597316 ], [ -73.754262, 40.597316 ], [ -73.754251, 40.598238 ], [ -73.754237, 40.598882 ], [ -73.754068, 40.599502 ], [ -73.75391, 40.600112 ], [ -73.753754, 40.600712 ], [ -73.753356, 40.602274 ], [ -73.754149, 40.602243 ], [ -73.753538, 40.604569 ], [ -73.75285, 40.60426 ], [ -73.751837, 40.605285 ], [ -73.751131, 40.605869 ], [ -73.750254, 40.606599 ], [ -73.749592, 40.607147 ], [ -73.748691, 40.607874 ], [ -73.749244, 40.608256 ], [ -73.749962, 40.608769 ], [ -73.750629, 40.608092 ], [ -73.751262, 40.608421 ], [ -73.750916, 40.608801 ], [ -73.750418, 40.609299 ], [ -73.749872, 40.609734 ], [ -73.748995, 40.610315 ], [ -73.748096, 40.610743 ], [ -73.747198, 40.611137 ], [ -73.745633, 40.611756 ], [ -73.745492, 40.611805 ], [ -73.745169, 40.6113 ], [ -73.744451, 40.610169 ], [ -73.743676, 40.608956 ], [ -73.743623, 40.608869 ], [ -73.743451, 40.6086 ], [ -73.743311, 40.608384 ], [ -73.743215, 40.608234 ], [ -73.743059, 40.607998 ], [ -73.743146, 40.607957 ], [ -73.74307, 40.607886 ], [ -73.743204, 40.607705 ], [ -73.743393, 40.607569 ], [ -73.743551, 40.607452 ], [ -73.743292, 40.607251 ], [ -73.743213, 40.607205 ], [ -73.743168, 40.607177 ], [ -73.742873, 40.606933 ], [ -73.742464, 40.606594 ], [ -73.742074, 40.606266 ], [ -73.741772, 40.606021 ], [ -73.741148, 40.60546 ], [ -73.740571, 40.60488 ], [ -73.740291, 40.604598 ], [ -73.739463, 40.604235 ], [ -73.739402, 40.604179 ], [ -73.739235, 40.604028 ], [ -73.739029, 40.603769 ], [ -73.738901, 40.603608 ], [ -73.738785, 40.603462 ], [ -73.738733, 40.603397 ], [ -73.738585, 40.60321 ], [ -73.738519, 40.603128 ], [ -73.738499, 40.603063 ], [ -73.738492, 40.602984 ], [ -73.738463, 40.602836 ], [ -73.738422, 40.602767 ], [ -73.738358, 40.60266 ], [ -73.738265, 40.602557 ], [ -73.738269, 40.602307 ], [ -73.738289, 40.601622 ], [ -73.738371, 40.59949 ], [ -73.738396, 40.598533 ], [ -73.738397, 40.598473 ], [ -73.738401, 40.598334 ], [ -73.738405, 40.598187 ], [ -73.738422, 40.598017 ], [ -73.738438, 40.597815 ], [ -73.738447, 40.597481 ], [ -73.738447, 40.597139 ], [ -73.738449, 40.596982 ], [ -73.738466, 40.596454 ], [ -73.738465, 40.59605 ], [ -73.738464, 40.595924 ], [ -73.738463, 40.595866 ], [ -73.738092, 40.594633 ], [ -73.738078, 40.594586 ], [ -73.737977, 40.594543 ], [ -73.737925, 40.594525 ], [ -73.737819, 40.594483 ], [ -73.737704, 40.594438 ], [ -73.737656, 40.594418 ], [ -73.737637, 40.594415 ], [ -73.737604, 40.594209 ], [ -73.737521, 40.59392 ], [ -73.737451, 40.593604 ], [ -73.737421, 40.593458 ], [ -73.737414, 40.593425 ], [ -73.737226, 40.593048 ], [ -73.737185, 40.592965 ], [ -73.737232, 40.592964 ], [ -73.73839, 40.592939 ], [ -73.738468, 40.592937 ], [ -73.740019, 40.592906 ], [ -73.741628, 40.592872 ], [ -73.743237, 40.592839 ], [ -73.74338, 40.592847 ], [ -73.743604, 40.592859 ], [ -73.743829, 40.592871 ], [ -73.744469, 40.592904 ], [ -73.747749, 40.591503 ], [ -73.750978, 40.589049 ], [ -73.752121, 40.588182 ], [ -73.752371, 40.587965 ], [ -73.755183, 40.585649 ], [ -73.755502, 40.585387 ], [ -73.755567, 40.583186 ], [ -73.75557, 40.583094 ], [ -73.755701, 40.578688 ], [ -73.756909, 40.567652 ], [ -73.758047, 40.557268 ], [ -73.758256, 40.555364 ], [ -73.762234, 40.550203 ], [ -73.764932, 40.544402 ], [ -73.767272, 40.538111 ], [ -73.76763, 40.537152 ], [ -73.768739, 40.533873 ], [ -73.768781, 40.533747 ], [ -73.772964, 40.533371 ], [ -73.776981, 40.533012 ], [ -73.783969, 40.532387 ], [ -73.792855, 40.530382 ], [ -73.804242, 40.527815 ], [ -73.818919, 40.524505 ], [ -73.826158, 40.522874 ], [ -73.829875, 40.521464 ], [ -73.837816, 40.518453 ], [ -73.854843, 40.512 ], [ -73.860609, 40.508386 ], [ -73.870029, 40.502486 ], [ -73.876778, 40.501127 ], [ -73.881839, 40.49569 ], [ -73.882272, 40.49521 ], [ -73.886543, 40.489929 ], [ -73.886652, 40.489794 ], [ -73.889645, 40.486511 ], [ -73.90214, 40.492121 ], [ -73.947794, 40.50839 ], [ -73.977874, 40.519095 ], [ -74.013522, 40.513006 ], [ -74.042279, 40.508085 ], [ -74.038131, 40.538294 ] ] ] ] } },
{ "type": "Feature", "properties": { "assembly district": 82 }, "geometry": { "type": "MultiPolygon", "coordinates": [ [ [ [ -73.856279, 40.848093 ], [ -73.855468, 40.848458 ], [ -73.855405, 40.848486 ], [ -73.85521, 40.848573 ], [ -73.854663, 40.848821 ], [ -73.853853, 40.849184 ], [ -73.853046, 40.849547 ], [ -73.852242, 40.849911 ], [ -73.851368, 40.850304 ], [ -73.850499, 40.850696 ], [ -73.852024, 40.85265 ], [ -73.851218, 40.853019 ], [ -73.850408, 40.853382 ], [ -73.849422, 40.852119 ], [ -73.848613, 40.85108 ], [ -73.848214, 40.851091 ], [ -73.847298, 40.851087 ], [ -73.847224, 40.851145 ], [ -73.846704, 40.851241 ], [ -73.844451, 40.851244 ], [ -73.844362, 40.851119 ], [ -73.843189, 40.852973 ], [ -73.842929, 40.853419 ], [ -73.842487, 40.853976 ], [ -73.842054, 40.854437 ], [ -73.841399, 40.855015 ], [ -73.840459, 40.855635 ], [ -73.83975, 40.855974 ], [ -73.839072, 40.856261 ], [ -73.838826, 40.856345 ], [ -73.838669, 40.8564 ], [ -73.838186, 40.856474 ], [ -73.837794, 40.856904 ], [ -73.836928, 40.857193 ], [ -73.836819, 40.857277 ], [ -73.836289, 40.857477 ], [ -73.835334, 40.857832 ], [ -73.834377, 40.858191 ], [ -73.833487, 40.858529 ], [ -73.833233, 40.858626 ], [ -73.831906, 40.85907 ], [ -73.831034, 40.859343 ], [ -73.830172, 40.859634 ], [ -73.829609, 40.859889 ], [ -73.829543, 40.86029 ], [ -73.830109, 40.861298 ], [ -73.83053, 40.86197 ], [ -73.830917, 40.862225 ], [ -73.831602, 40.862628 ], [ -73.835907, 40.865077 ], [ -73.836431, 40.865356 ], [ -73.837319, 40.866974 ], [ -73.83649, 40.86724 ], [ -73.835658, 40.867513 ], [ -73.834818, 40.867781 ], [ -73.833912, 40.868076 ], [ -73.83316, 40.86832 ], [ -73.833385, 40.868947 ], [ -73.833631, 40.870146 ], [ -73.834013, 40.871172 ], [ -73.834337, 40.872027 ], [ -73.834494, 40.872558 ], [ -73.83475, 40.873743 ], [ -73.834881, 40.874429 ], [ -73.834881, 40.875505 ], [ -73.834789, 40.876079 ], [ -73.834666, 40.876612 ], [ -73.834502, 40.877227 ], [ -73.834422, 40.877403 ], [ -73.834, 40.878388 ], [ -73.8334, 40.879155 ], [ -73.832451, 40.880216 ], [ -73.832117, 40.880537 ], [ -73.831444, 40.881107 ], [ -73.830485, 40.881777 ], [ -73.829861, 40.882175 ], [ -73.829049, 40.882622 ], [ -73.828249, 40.883035 ], [ -73.826063, 40.884153 ], [ -73.825295, 40.884192 ], [ -73.824784, 40.884218 ], [ -73.822336, 40.884944 ], [ -73.82076, 40.885304 ], [ -73.820322, 40.885438 ], [ -73.819814, 40.885574 ], [ -73.81936, 40.885726 ], [ -73.819478, 40.885855 ], [ -73.820392, 40.886859 ], [ -73.822334, 40.88731 ], [ -73.823752, 40.887832 ], [ -73.824015, 40.887814 ], [ -73.824234, 40.888566 ], [ -73.824047, 40.889866 ], [ -73.824036, 40.889823 ], [ -73.824017, 40.88975 ], [ -73.823963, 40.889763 ], [ -73.823781, 40.889809 ], [ -73.823639, 40.88985 ], [ -73.823567, 40.889825 ], [ -73.822375, 40.889477 ], [ -73.822363, 40.88964 ], [ -73.822508, 40.889882 ], [ -73.822667, 40.889958 ], [ -73.822899, 40.889926 ], [ -73.823101, 40.889892 ], [ -73.823304, 40.890057 ], [ -73.823275, 40.890222 ], [ -73.823217, 40.890365 ], [ -73.823245, 40.890474 ], [ -73.823172, 40.890545 ], [ -73.82312, 40.890648 ], [ -73.823113, 40.890777 ], [ -73.823132, 40.890871 ], [ -73.823205, 40.890918 ], [ -73.823256, 40.890961 ], [ -73.823302, 40.890989 ], [ -73.823282, 40.891082 ], [ -73.823244, 40.891199 ], [ -73.823003, 40.891078 ], [ -73.822959, 40.891056 ], [ -73.821703, 40.89073 ], [ -73.820994, 40.890543 ], [ -73.819719, 40.890206 ], [ -73.819558, 40.890163 ], [ -73.8195, 40.890147 ], [ -73.819419, 40.890125 ], [ -73.818929, 40.889993 ], [ -73.818732, 40.88994 ], [ -73.818503, 40.889878 ], [ -73.817614, 40.889679 ], [ -73.817596, 40.889675 ], [ -73.816749, 40.889454 ], [ -73.816619, 40.889419 ], [ -73.816484, 40.889386 ], [ -73.816206, 40.889316 ], [ -73.816104, 40.889276 ], [ -73.815603, 40.889178 ], [ -73.815329, 40.889066 ], [ -73.815165, 40.888999 ], [ -73.815048, 40.888951 ], [ -73.814177, 40.888795 ], [ -73.813666, 40.888661 ], [ -73.812439, 40.888353 ], [ -73.812324, 40.888321 ], [ -73.811281, 40.888054 ], [ -73.811, 40.887983 ], [ -73.810408, 40.887832 ], [ -73.809942, 40.88769 ], [ -73.809923, 40.887684 ], [ -73.809651, 40.887637 ], [ -73.808757, 40.887402 ], [ -73.807575, 40.887098 ], [ -73.806398, 40.886795 ], [ -73.805368, 40.886528 ], [ -73.804997, 40.886433 ], [ -73.804402, 40.886281 ], [ -73.803017, 40.885926 ], [ -73.801932, 40.885648 ], [ -73.799279, 40.884965 ], [ -73.797353, 40.884468 ], [ -73.796246, 40.884186 ], [ -73.794961, 40.883853 ], [ -73.794842, 40.883822 ], [ -73.794107, 40.883631 ], [ -73.793284, 40.883419 ], [ -73.793016, 40.883361 ], [ -73.791993, 40.88317 ], [ -73.785797, 40.8816 ], [ -73.783702, 40.881078 ], [ -73.783555, 40.881042 ], [ -73.783519, 40.881033 ], [ -73.783408, 40.881006 ], [ -73.782838, 40.880868 ], [ -73.782267, 40.880729 ], [ -73.781202, 40.880478 ], [ -73.760988, 40.875178 ], [ -73.749483, 40.872101 ], [ -73.74806, 40.871721 ], [ -73.753732, 40.856556 ], [ -73.753787, 40.856409 ], [ -73.757801, 40.845679 ], [ -73.757967, 40.845536 ], [ -73.76164, 40.842372 ], [ -73.762174, 40.841911 ], [ -73.766501, 40.838182 ], [ -73.773429, 40.832214 ], [ -73.77452, 40.831273 ], [ -73.774977, 40.830879 ], [ -73.780193, 40.8264 ], [ -73.778958, 40.811713 ], [ -73.779556, 40.811247 ], [ -73.782676, 40.805386 ], [ -73.784745, 40.802592 ], [ -73.787316, 40.800853 ], [ -73.787918, 40.800362 ], [ -73.79002, 40.80023 ], [ -73.793371, 40.800387 ], [ -73.793559, 40.80038 ], [ -73.797133, 40.80141 ], [ -73.799745, 40.802199 ], [ -73.804543, 40.803554 ], [ -73.811299, 40.805397 ], [ -73.817418, 40.80579 ], [ -73.823438, 40.80481 ], [ -73.827583, 40.803936 ], [ -73.83023, 40.803267 ], [ -73.830404, 40.803199 ], [ -73.830509, 40.803164 ], [ -73.830546, 40.803151 ], [ -73.830676, 40.803108 ], [ -73.83082, 40.80306 ], [ -73.831706, 40.802894 ], [ -73.835409, 40.802199 ], [ -73.844076, 40.801023 ], [ -73.845397, 40.801024 ], [ -73.846654, 40.801024 ], [ -73.845117, 40.806299 ], [ -73.843134, 40.811603 ], [ -73.842449, 40.813438 ], [ -73.842106, 40.814444 ], [ -73.838906, 40.821118 ], [ -73.842235, 40.827777 ], [ -73.842297, 40.827831 ], [ -73.842331, 40.827873 ], [ -73.842363, 40.827943 ], [ -73.84265, 40.827909 ], [ -73.842667, 40.827997 ], [ -73.84267, 40.82804 ], [ -73.842653, 40.828263 ], [ -73.842667, 40.828342 ], [ -73.842736, 40.828528 ], [ -73.842748, 40.828544 ], [ -73.842812, 40.828637 ], [ -73.842385, 40.828688 ], [ -73.842387, 40.82879 ], [ -73.842346, 40.828795 ], [ -73.842308, 40.828799 ], [ -73.842314, 40.828923 ], [ -73.842311, 40.829079 ], [ -73.842368, 40.829431 ], [ -73.842331, 40.829941 ], [ -73.842189, 40.83031 ], [ -73.842028, 40.830508 ], [ -73.841915, 40.83081 ], [ -73.842279, 40.831267 ], [ -73.842416, 40.831207 ], [ -73.842548, 40.831056 ], [ -73.842671, 40.830857 ], [ -73.843096, 40.830782 ], [ -73.844415, 40.830599 ], [ -73.844577, 40.831302 ], [ -73.844753, 40.832035 ], [ -73.847812, 40.831622 ], [ -73.850871, 40.83121 ], [ -73.85104, 40.831928 ], [ -73.847979, 40.832339 ], [ -73.848147, 40.83306 ], [ -73.848314, 40.833781 ], [ -73.848486, 40.834525 ], [ -73.849559, 40.834409 ], [ -73.850166, 40.834355 ], [ -73.850535, 40.835794 ], [ -73.850722, 40.836508 ], [ -73.852207, 40.836347 ], [ -73.852331, 40.83701 ], [ -73.850896, 40.837165 ], [ -73.851008, 40.837647 ], [ -73.851444, 40.837952 ], [ -73.850678, 40.838575 ], [ -73.850011, 40.838115 ], [ -73.849373, 40.838633 ], [ -73.84984, 40.838958 ], [ -73.850041, 40.839094 ], [ -73.850479, 40.839401 ], [ -73.850262, 40.839598 ], [ -73.850151, 40.839698 ], [ -73.849524, 40.840273 ], [ -73.849063, 40.840698 ], [ -73.849613, 40.841107 ], [ -73.848986, 40.8416 ], [ -73.848353, 40.842097 ], [ -73.847857, 40.842485 ], [ -73.848546, 40.843007 ], [ -73.849392, 40.842919 ], [ -73.849992, 40.842852 ], [ -73.850197, 40.84386 ], [ -73.850234, 40.844141 ], [ -73.850255, 40.844301 ], [ -73.850258, 40.844364 ], [ -73.850271, 40.844597 ], [ -73.851152, 40.844322 ], [ -73.851787, 40.844169 ], [ -73.852057, 40.844105 ], [ -73.85221, 40.844264 ], [ -73.853029, 40.843927 ], [ -73.854014, 40.843639 ], [ -73.854729, 40.843444 ], [ -73.855741, 40.843143 ], [ -73.856863, 40.84353 ], [ -73.856186, 40.843771 ], [ -73.855298, 40.844009 ], [ -73.855436, 40.84422 ], [ -73.856871, 40.846054 ], [ -73.856064, 40.84642 ], [ -73.857086, 40.847729 ], [ -73.856279, 40.848093 ] ] ] ] } },
{ "type": "Feature", "properties": { "assembly district": 54 }, "geometry": { "type": "MultiPolygon", "coordinates": [ [ [ [ -73.943526, 40.696031 ], [ -73.940705, 40.696354 ], [ -73.938849, 40.696568 ], [ -73.937792, 40.69669 ], [ -73.937955, 40.697423 ], [ -73.938089, 40.698088 ], [ -73.938177, 40.698641 ], [ -73.937773, 40.698405 ], [ -73.937391, 40.698186 ], [ -73.93676, 40.697831 ], [ -73.936388, 40.697616 ], [ -73.936006, 40.697406 ], [ -73.935222, 40.696986 ], [ -73.933987, 40.698264 ], [ -73.933696, 40.698104 ], [ -73.933246, 40.697855 ], [ -73.932267, 40.697315 ], [ -73.931842, 40.697077 ], [ -73.931084, 40.696659 ], [ -73.9305, 40.696337 ], [ -73.930348, 40.696254 ], [ -73.929894, 40.696004 ], [ -73.929584, 40.69584 ], [ -73.929235, 40.695643 ], [ -73.928431, 40.695205 ], [ -73.928259, 40.695111 ], [ -73.92725, 40.696142 ], [ -73.926499, 40.695712 ], [ -73.924528, 40.697726 ], [ -73.923776, 40.697299 ], [ -73.923025, 40.696871 ], [ -73.922271, 40.696443 ], [ -73.92152, 40.696015 ], [ -73.920767, 40.695587 ], [ -73.920011, 40.695157 ], [ -73.919271, 40.694731 ], [ -73.918512, 40.694304 ], [ -73.917761, 40.693877 ], [ -73.917009, 40.693449 ], [ -73.916257, 40.693022 ], [ -73.914808, 40.694497 ], [ -73.913361, 40.69597 ], [ -73.911806, 40.697554 ], [ -73.911049, 40.697126 ], [ -73.910272, 40.69793 ], [ -73.909513, 40.697499 ], [ -73.909251, 40.697767 ], [ -73.908774, 40.698255 ], [ -73.908022, 40.697825 ], [ -73.907771, 40.697684 ], [ -73.90757, 40.697572 ], [ -73.907523, 40.697548 ], [ -73.907372, 40.697452 ], [ -73.907275, 40.697399 ], [ -73.90712, 40.697314 ], [ -73.907036, 40.697268 ], [ -73.906927, 40.697208 ], [ -73.906846, 40.697164 ], [ -73.906524, 40.696976 ], [ -73.906263, 40.696832 ], [ -73.906156, 40.696776 ], [ -73.906117, 40.69675 ], [ -73.905771, 40.696549 ], [ -73.905704, 40.696515 ], [ -73.905583, 40.696449 ], [ -73.905401, 40.69635 ], [ -73.905235, 40.696251 ], [ -73.905083, 40.696163 ], [ -73.905011, 40.696122 ], [ -73.904952, 40.696086 ], [ -73.90489, 40.696051 ], [ -73.904803, 40.696008 ], [ -73.904664, 40.695932 ], [ -73.90426, 40.6957 ], [ -73.904804, 40.695148 ], [ -73.904914, 40.695074 ], [ -73.9058, 40.694128 ], [ -73.905043, 40.693704 ], [ -73.904288, 40.693278 ], [ -73.903541, 40.692849 ], [ -73.902788, 40.692418 ], [ -73.902073, 40.691999 ], [ -73.90183, 40.691815 ], [ -73.90159, 40.691632 ], [ -73.901241, 40.691438 ], [ -73.901805, 40.690766 ], [ -73.900425, 40.688184 ], [ -73.901162, 40.687878 ], [ -73.897341, 40.683368 ], [ -73.896518, 40.682397 ], [ -73.896482, 40.68253 ], [ -73.896406, 40.68268 ], [ -73.896331, 40.68283 ], [ -73.896231, 40.682977 ], [ -73.896123, 40.68314 ], [ -73.895819, 40.683516 ], [ -73.895293, 40.684169 ], [ -73.894942, 40.684548 ], [ -73.894597, 40.684882 ], [ -73.894406, 40.68509 ], [ -73.8942, 40.685309 ], [ -73.894139, 40.685243 ], [ -73.892523, 40.683424 ], [ -73.89166, 40.684044 ], [ -73.890878, 40.684543 ], [ -73.89014, 40.685005 ], [ -73.889607, 40.684214 ], [ -73.889089, 40.684641 ], [ -73.888294, 40.685175 ], [ -73.888083, 40.685294 ], [ -73.887284, 40.685622 ], [ -73.884517, 40.686691 ], [ -73.883867, 40.687721 ], [ -73.883777, 40.687863 ], [ -73.883757, 40.687879 ], [ -73.883654, 40.687959 ], [ -73.882649, 40.688741 ], [ -73.882267, 40.689039 ], [ -73.881341, 40.689761 ], [ -73.880723, 40.690243 ], [ -73.879616, 40.691106 ], [ -73.879512, 40.691187 ], [ -73.879456, 40.691231 ], [ -73.877764, 40.692153 ], [ -73.874021, 40.694191 ], [ -73.868917, 40.69515 ], [ -73.868717, 40.694622 ], [ -73.868685, 40.694035 ], [ -73.868672, 40.693855 ], [ -73.868685, 40.69385 ], [ -73.868059, 40.691184 ], [ -73.86797, 40.690765 ], [ -73.867909, 40.690476 ], [ -73.867768, 40.689803 ], [ -73.867623, 40.689145 ], [ -73.867504, 40.68861 ], [ -73.867461, 40.688415 ], [ -73.867277, 40.687745 ], [ -73.867018, 40.68683 ], [ -73.866871, 40.686331 ], [ -73.866598, 40.68527 ], [ -73.866504, 40.684474 ], [ -73.866295, 40.683189 ], [ -73.866199, 40.682736 ], [ -73.866074, 40.682144 ], [ -73.866027, 40.681918 ], [ -73.864994, 40.682129 ], [ -73.864449, 40.682278 ], [ -73.864101, 40.682373 ], [ -73.863787, 40.681114 ], [ -73.863508, 40.679992 ], [ -73.863349, 40.679352 ], [ -73.863316, 40.679214 ], [ -73.863282, 40.679073 ], [ -73.862346, 40.679165 ], [ -73.862028, 40.677886 ], [ -73.861915, 40.67743 ], [ -73.861712, 40.676611 ], [ -73.862184, 40.676581 ], [ -73.862652, 40.676553 ], [ -73.863592, 40.676494 ], [ -73.864537, 40.676449 ], [ -73.865462, 40.676329 ], [ -73.866101, 40.676239 ], [ -73.867258, 40.676113 ], [ -73.86823, 40.675936 ], [ -73.869151, 40.675803 ], [ -73.870073, 40.675671 ], [ -73.870995, 40.675537 ], [ -73.871915, 40.675402 ], [ -73.87267, 40.675297 ], [ -73.873429, 40.675186 ], [ -73.873115, 40.673916 ], [ -73.874035, 40.673785 ], [ -73.874957, 40.673651 ], [ -73.87588, 40.673517 ], [ -73.8768, 40.673385 ], [ -73.877722, 40.673253 ], [ -73.878645, 40.67312 ], [ -73.87896, 40.674384 ], [ -73.879882, 40.674255 ], [ -73.879568, 40.672987 ], [ -73.880487, 40.672854 ], [ -73.881392, 40.672723 ], [ -73.882261, 40.672595 ], [ -73.883074, 40.672475 ], [ -73.883889, 40.672355 ], [ -73.884281, 40.672296 ], [ -73.884703, 40.672234 ], [ -73.885517, 40.672113 ], [ -73.885841, 40.67338 ], [ -73.885027, 40.6735 ], [ -73.885352, 40.674768 ], [ -73.885668, 40.676009 ], [ -73.886482, 40.675888 ], [ -73.887371, 40.675756 ], [ -73.887726, 40.677154 ], [ -73.886861, 40.67736 ], [ -73.887304, 40.679097 ], [ -73.888156, 40.678828 ], [ -73.889006, 40.678557 ], [ -73.889875, 40.678302 ], [ -73.890773, 40.678165 ], [ -73.891672, 40.678031 ], [ -73.892579, 40.6779 ], [ -73.893484, 40.677762 ], [ -73.893068, 40.676144 ], [ -73.893977, 40.676019 ], [ -73.894388, 40.67763 ], [ -73.895318, 40.677496 ], [ -73.896218, 40.677358 ], [ -73.897225, 40.677208 ], [ -73.898199, 40.677064 ], [ -73.899066, 40.676939 ], [ -73.899359, 40.676885 ], [ -73.899605, 40.676854 ], [ -73.899836, 40.676869 ], [ -73.89999, 40.6769 ], [ -73.900627, 40.677265 ], [ -73.900708, 40.677145 ], [ -73.900922, 40.677172 ], [ -73.901044, 40.677188 ], [ -73.901548, 40.677356 ], [ -73.902338, 40.677604 ], [ -73.903316, 40.677869 ], [ -73.904688, 40.677943 ], [ -73.904464, 40.678776 ], [ -73.904046, 40.67922 ], [ -73.904568, 40.679515 ], [ -73.904791, 40.679641 ], [ -73.903893, 40.680559 ], [ -73.90358, 40.680879 ], [ -73.903371, 40.681092 ], [ -73.904098, 40.681505 ], [ -73.904876, 40.681947 ], [ -73.905641, 40.682383 ], [ -73.905758, 40.68245 ], [ -73.906376, 40.682802 ], [ -73.907126, 40.68323 ], [ -73.907878, 40.683657 ], [ -73.908629, 40.684086 ], [ -73.909382, 40.684513 ], [ -73.910132, 40.684939 ], [ -73.910887, 40.685369 ], [ -73.911637, 40.685796 ], [ -73.912389, 40.686224 ], [ -73.91314, 40.686652 ], [ -73.913892, 40.687079 ], [ -73.914642, 40.687507 ], [ -73.914785, 40.68736 ], [ -73.914887, 40.687254 ], [ -73.915753, 40.68637 ], [ -73.916046, 40.686072 ], [ -73.916611, 40.686391 ], [ -73.916798, 40.686497 ], [ -73.917614, 40.686966 ], [ -73.918046, 40.687213 ], [ -73.918294, 40.687357 ], [ -73.918783, 40.687626 ], [ -73.919061, 40.687784 ], [ -73.91981, 40.688211 ], [ -73.92055, 40.688641 ], [ -73.920961, 40.688872 ], [ -73.921214, 40.689019 ], [ -73.921306, 40.689072 ], [ -73.922072, 40.68949 ], [ -73.922807, 40.689924 ], [ -73.923169, 40.690123 ], [ -73.923644, 40.690399 ], [ -73.924287, 40.690768 ], [ -73.924392, 40.690831 ], [ -73.925365, 40.691367 ], [ -73.927694, 40.691099 ], [ -73.927839, 40.691831 ], [ -73.927985, 40.692563 ], [ -73.928043, 40.692904 ], [ -73.928507, 40.693166 ], [ -73.928868, 40.693215 ], [ -73.931053, 40.692961 ], [ -73.933979, 40.692624 ], [ -73.934134, 40.693355 ], [ -73.937049, 40.693021 ], [ -73.938959, 40.6928 ], [ -73.939127, 40.69278 ], [ -73.939971, 40.692683 ], [ -73.940118, 40.693416 ], [ -73.942951, 40.693091 ], [ -73.9431, 40.693823 ], [ -73.943243, 40.694558 ], [ -73.943388, 40.695289 ], [ -73.943526, 40.696031 ] ] ] ] } },
{ "type": "Feature", "properties": { "assembly district": 83 }, "geometry": { "type": "MultiPolygon", "coordinates": [ [ [ [ -73.86931, 40.878428 ], [ -73.869224, 40.878524 ], [ -73.868846, 40.878586 ], [ -73.868119, 40.880062 ], [ -73.867053, 40.882255 ], [ -73.865982, 40.884391 ], [ -73.866071, 40.884509 ], [ -73.866149, 40.884643 ], [ -73.866208, 40.884785 ], [ -73.866248, 40.884931 ], [ -73.866265, 40.885079 ], [ -73.866262, 40.885234 ], [ -73.866235, 40.885387 ], [ -73.86622, 40.885442 ], [ -73.86538, 40.886884 ], [ -73.8646, 40.8883 ], [ -73.863863, 40.88975 ], [ -73.863044, 40.891116 ], [ -73.862652, 40.891822 ], [ -73.861788, 40.89155 ], [ -73.861397, 40.892253 ], [ -73.859524, 40.891658 ], [ -73.858518, 40.891337 ], [ -73.858127, 40.892044 ], [ -73.857732, 40.892754 ], [ -73.857368, 40.893394 ], [ -73.855664, 40.892853 ], [ -73.855241, 40.893624 ], [ -73.854848, 40.894329 ], [ -73.854435, 40.895073 ], [ -73.853629, 40.894815 ], [ -73.853262, 40.894699 ], [ -73.853136, 40.894922 ], [ -73.852788, 40.895563 ], [ -73.852567, 40.895973 ], [ -73.852377, 40.896334 ], [ -73.851965, 40.897095 ], [ -73.851683, 40.897566 ], [ -73.851344, 40.897991 ], [ -73.851223, 40.898115 ], [ -73.850649, 40.898851 ], [ -73.850047, 40.899623 ], [ -73.849086, 40.89964 ], [ -73.848219, 40.899828 ], [ -73.847424, 40.900274 ], [ -73.846936, 40.90152 ], [ -73.846802, 40.901552 ], [ -73.846768, 40.901791 ], [ -73.846578, 40.903153 ], [ -73.847478, 40.903221 ], [ -73.847995, 40.903253 ], [ -73.847918, 40.903934 ], [ -73.847818, 40.904554 ], [ -73.847511, 40.905223 ], [ -73.847206, 40.905879 ], [ -73.847071, 40.906173 ], [ -73.846799, 40.906078 ], [ -73.846256, 40.905842 ], [ -73.846104, 40.905777 ], [ -73.845403, 40.905604 ], [ -73.84532, 40.905582 ], [ -73.844847, 40.90531 ], [ -73.844793, 40.905048 ], [ -73.844728, 40.904732 ], [ -73.844713, 40.904625 ], [ -73.844702, 40.904183 ], [ -73.84442, 40.904172 ], [ -73.843399, 40.904171 ], [ -73.842374, 40.904166 ], [ -73.841386, 40.904174 ], [ -73.841318, 40.903987 ], [ -73.841291, 40.903913 ], [ -73.841281, 40.903886 ], [ -73.841136, 40.903487 ], [ -73.841062, 40.903214 ], [ -73.841048, 40.903162 ], [ -73.841017, 40.902979 ], [ -73.840999, 40.902812 ], [ -73.840958, 40.902516 ], [ -73.840873, 40.901979 ], [ -73.840832, 40.901819 ], [ -73.840787, 40.901693 ], [ -73.840729, 40.901567 ], [ -73.84065, 40.901414 ], [ -73.840562, 40.901284 ], [ -73.840445, 40.901124 ], [ -73.84021, 40.900804 ], [ -73.84019, 40.900777 ], [ -73.840179, 40.900762 ], [ -73.840172, 40.900753 ], [ -73.840159, 40.900735 ], [ -73.840085, 40.900634 ], [ -73.840049, 40.900585 ], [ -73.840036, 40.900567 ], [ -73.839363, 40.899713 ], [ -73.839287, 40.899594 ], [ -73.839221, 40.899475 ], [ -73.839185, 40.89936 ], [ -73.839155, 40.899226 ], [ -73.839154, 40.899199 ], [ -73.839149, 40.899061 ], [ -73.839208, 40.898819 ], [ -73.839241, 40.898744 ], [ -73.839257, 40.898707 ], [ -73.839391, 40.89841 ], [ -73.83951, 40.898184 ], [ -73.839649, 40.897891 ], [ -73.83972, 40.897694 ], [ -73.839724, 40.897633 ], [ -73.839718, 40.897511 ], [ -73.839696, 40.897385 ], [ -73.839677, 40.897323 ], [ -73.839655, 40.897249 ], [ -73.839615, 40.89714 ], [ -73.839411, 40.896693 ], [ -73.838985, 40.895602 ], [ -73.838407, 40.894061 ], [ -73.837368, 40.893821 ], [ -73.837337, 40.893814 ], [ -73.836282, 40.893531 ], [ -73.835605, 40.893315 ], [ -73.835174, 40.89317 ], [ -73.833595, 40.892706 ], [ -73.832716, 40.892443 ], [ -73.8327, 40.892438 ], [ -73.832503, 40.892377 ], [ -73.831856, 40.892217 ], [ -73.831703, 40.892178 ], [ -73.830972, 40.891935 ], [ -73.830818, 40.891879 ], [ -73.830087, 40.8917 ], [ -73.830022, 40.891686 ], [ -73.828716, 40.891274 ], [ -73.828125, 40.891051 ], [ -73.827943, 40.890928 ], [ -73.827269, 40.890797 ], [ -73.827224, 40.890785 ], [ -73.825256, 40.890248 ], [ -73.825241, 40.890244 ], [ -73.825002, 40.890178 ], [ -73.824403, 40.889978 ], [ -73.824025, 40.889978 ], [ -73.824009, 40.889978 ], [ -73.824047, 40.889866 ], [ -73.824234, 40.888566 ], [ -73.824015, 40.887814 ], [ -73.823752, 40.887832 ], [ -73.822334, 40.88731 ], [ -73.820392, 40.886859 ], [ -73.819478, 40.885855 ], [ -73.81936, 40.885726 ], [ -73.819814, 40.885574 ], [ -73.820322, 40.885438 ], [ -73.82076, 40.885304 ], [ -73.822336, 40.884944 ], [ -73.824784, 40.884218 ], [ -73.825295, 40.884192 ], [ -73.826063, 40.884153 ], [ -73.828249, 40.883035 ], [ -73.829049, 40.882622 ], [ -73.829861, 40.882175 ], [ -73.830485, 40.881777 ], [ -73.831444, 40.881107 ], [ -73.832117, 40.880537 ], [ -73.832451, 40.880216 ], [ -73.8334, 40.879155 ], [ -73.834, 40.878388 ], [ -73.834422, 40.877403 ], [ -73.834502, 40.877227 ], [ -73.834666, 40.876612 ], [ -73.834789, 40.876079 ], [ -73.834881, 40.875505 ], [ -73.834881, 40.874429 ], [ -73.83475, 40.873743 ], [ -73.834494, 40.872558 ], [ -73.834337, 40.872027 ], [ -73.834013, 40.871172 ], [ -73.833631, 40.870146 ], [ -73.833385, 40.868947 ], [ -73.83316, 40.86832 ], [ -73.833912, 40.868076 ], [ -73.834818, 40.867781 ], [ -73.835658, 40.867513 ], [ -73.83649, 40.86724 ], [ -73.837319, 40.866974 ], [ -73.836431, 40.865356 ], [ -73.836971, 40.865643 ], [ -73.837844, 40.866099 ], [ -73.838752, 40.866572 ], [ -73.83922, 40.866821 ], [ -73.839743, 40.867088 ], [ -73.840644, 40.867554 ], [ -73.841224, 40.867858 ], [ -73.841601, 40.867783 ], [ -73.841633, 40.866797 ], [ -73.84298, 40.867117 ], [ -73.842836, 40.867489 ], [ -73.843213, 40.867445 ], [ -73.844292, 40.867466 ], [ -73.845234, 40.867484 ], [ -73.846174, 40.867503 ], [ -73.846143, 40.868795 ], [ -73.845173, 40.869915 ], [ -73.845782, 40.870227 ], [ -73.84609, 40.87039 ], [ -73.846408, 40.870555 ], [ -73.847035, 40.869845 ], [ -73.847441, 40.869343 ], [ -73.847994, 40.869354 ], [ -73.848974, 40.869372 ], [ -73.849032, 40.867554 ], [ -73.850003, 40.867575 ], [ -73.850944, 40.867591 ], [ -73.851883, 40.867606 ], [ -73.852818, 40.867625 ], [ -73.853756, 40.867642 ], [ -73.854697, 40.86766 ], [ -73.855707, 40.867678 ], [ -73.856721, 40.867697 ], [ -73.856663, 40.869517 ], [ -73.85745, 40.869533 ], [ -73.857616, 40.869383 ], [ -73.858571, 40.868571 ], [ -73.858541, 40.869551 ], [ -73.859484, 40.869567 ], [ -73.860422, 40.869585 ], [ -73.861433, 40.869603 ], [ -73.861795, 40.869609 ], [ -73.861876, 40.86961 ], [ -73.862447, 40.869622 ], [ -73.863387, 40.869641 ], [ -73.863332, 40.871375 ], [ -73.863182, 40.872175 ], [ -73.86362, 40.872265 ], [ -73.863866, 40.872298 ], [ -73.863897, 40.872406 ], [ -73.863945, 40.872497 ], [ -73.864008, 40.872583 ], [ -73.864103, 40.872673 ], [ -73.864206, 40.872743 ], [ -73.86431, 40.872795 ], [ -73.864371, 40.872802 ], [ -73.864526, 40.87283 ], [ -73.864676, 40.872874 ], [ -73.864811, 40.872928 ], [ -73.864919, 40.872985 ], [ -73.865011, 40.873044 ], [ -73.865109, 40.873121 ], [ -73.865207, 40.873218 ], [ -73.865294, 40.873335 ], [ -73.865345, 40.873387 ], [ -73.86542, 40.873439 ], [ -73.865513, 40.873481 ], [ -73.86561, 40.873507 ], [ -73.865726, 40.873518 ], [ -73.865831, 40.87351 ], [ -73.86594, 40.873485 ], [ -73.866025, 40.873448 ], [ -73.866111, 40.873392 ], [ -73.866169, 40.873335 ], [ -73.866297, 40.873212 ], [ -73.867096, 40.873213 ], [ -73.868208, 40.873235 ], [ -73.86813, 40.875305 ], [ -73.867054, 40.875219 ], [ -73.86702, 40.87592 ], [ -73.86701, 40.876133 ], [ -73.867098, 40.877171 ], [ -73.867017, 40.877322 ], [ -73.86692, 40.877458 ], [ -73.866874, 40.877513 ], [ -73.867061, 40.877558 ], [ -73.867375, 40.877634 ], [ -73.867654, 40.877703 ], [ -73.86805, 40.877799 ], [ -73.868485, 40.877903 ], [ -73.869435, 40.878129 ], [ -73.86931, 40.878428 ] ] ] ] } },
{ "type": "Feature", "properties": { "assembly district": 66 }, "geometry": { "type": "MultiPolygon", "coordinates": [ [ [ [ -74.021352, 40.727462 ], [ -74.021332, 40.727543 ], [ -74.021311, 40.727624 ], [ -74.02102, 40.72883 ], [ -74.021, 40.728905 ], [ -74.020968, 40.729037 ], [ -74.020639, 40.730391 ], [ -74.020387, 40.731425 ], [ -74.020062, 40.732759 ], [ -74.019607, 40.73463 ], [ -74.019427, 40.735369 ], [ -74.019321, 40.735807 ], [ -74.019184, 40.736366 ], [ -74.018399, 40.739594 ], [ -74.018136, 40.740667 ], [ -74.017887, 40.741696 ], [ -74.017398, 40.743706 ], [ -74.017344, 40.743929 ], [ -74.017283, 40.74418 ], [ -74.009331, 40.742572 ], [ -74.008893, 40.742384 ], [ -74.008699, 40.742362 ], [ -74.008517, 40.743174 ], [ -74.008372, 40.743969 ], [ -74.008259, 40.744674 ], [ -74.006811, 40.744061 ], [ -74.007238, 40.74347 ], [ -74.004416, 40.742284 ], [ -74.001555, 40.74108 ], [ -74.002019, 40.740444 ], [ -74.002523, 40.739753 ], [ -74.001783, 40.739439 ], [ -74.001282, 40.739227 ], [ -74.0007, 40.738981 ], [ -73.999684, 40.738552 ], [ -73.99922, 40.738358 ], [ -73.99684, 40.737361 ], [ -73.993617, 40.736005 ], [ -73.99312, 40.736691 ], [ -73.992654, 40.73733 ], [ -73.990752, 40.736531 ], [ -73.990929, 40.736284 ], [ -73.991109, 40.736031 ], [ -73.991211, 40.735888 ], [ -73.991715, 40.735215 ], [ -73.991198, 40.735011 ], [ -73.990754, 40.734839 ], [ -73.989903, 40.734435 ], [ -73.98888, 40.73401 ], [ -73.988843, 40.733994 ], [ -73.988779, 40.733966 ], [ -73.988402, 40.733807 ], [ -73.987616, 40.733476 ], [ -73.987578, 40.73346 ], [ -73.98718, 40.733292 ], [ -73.986813, 40.733137 ], [ -73.986104, 40.732837 ], [ -73.984941, 40.732347 ], [ -73.985444, 40.731658 ], [ -73.983077, 40.730659 ], [ -73.983543, 40.730021 ], [ -73.984009, 40.729381 ], [ -73.984448, 40.728781 ], [ -73.984875, 40.728194 ], [ -73.985307, 40.727599 ], [ -73.985753, 40.726988 ], [ -73.986176, 40.726409 ], [ -73.986623, 40.725796 ], [ -73.987053, 40.725203 ], [ -73.987502, 40.724584 ], [ -73.987968, 40.723942 ], [ -73.988451, 40.723277 ], [ -73.988643, 40.722933 ], [ -73.989392, 40.723174 ], [ -73.990274, 40.723426 ], [ -73.991022, 40.723649 ], [ -73.991256, 40.723723 ], [ -73.991035, 40.724028 ], [ -73.99082, 40.724275 ], [ -73.991634, 40.724616 ], [ -73.992326, 40.724909 ], [ -73.992604, 40.724136 ], [ -73.992618, 40.724099 ], [ -73.993089, 40.722819 ], [ -73.993259, 40.722353 ], [ -73.994153, 40.722723 ], [ -73.993458, 40.724433 ], [ -73.99418, 40.724693 ], [ -73.994908, 40.724951 ], [ -73.995351, 40.724072 ], [ -73.995705, 40.723366 ], [ -73.996268, 40.721952 ], [ -73.997123, 40.722301 ], [ -73.997399, 40.721449 ], [ -73.997481, 40.721251 ], [ -73.997574, 40.721029 ], [ -73.997655, 40.720836 ], [ -73.998196, 40.721063 ], [ -73.999031, 40.721421 ], [ -73.999868, 40.720433 ], [ -74.000622, 40.719552 ], [ -73.999841, 40.719193 ], [ -73.999234, 40.718913 ], [ -73.999423, 40.71868 ], [ -73.998753, 40.718445 ], [ -73.999313, 40.71755 ], [ -73.999956, 40.718017 ], [ -74.000532, 40.71843 ], [ -74.001273, 40.718961 ], [ -74.001831, 40.718309 ], [ -74.000988, 40.717932 ], [ -74.001566, 40.717299 ], [ -74.002078, 40.716731 ], [ -74.002558, 40.716181 ], [ -74.002808, 40.715886 ], [ -74.00303, 40.715585 ], [ -74.003181, 40.714707 ], [ -74.002598, 40.714313 ], [ -74.003094, 40.713958 ], [ -74.003404, 40.714151 ], [ -74.003603, 40.713646 ], [ -74.004059, 40.713135 ], [ -74.004291, 40.712908 ], [ -74.004858, 40.712453 ], [ -74.004229, 40.712025 ], [ -74.004106, 40.711928 ], [ -74.00401, 40.711853 ], [ -74.003971, 40.711822 ], [ -74.003731, 40.711657 ], [ -74.00363, 40.711575 ], [ -74.003537, 40.711495 ], [ -74.003311, 40.711315 ], [ -74.003364, 40.711269 ], [ -74.00341, 40.711235 ], [ -74.003467, 40.711192 ], [ -74.003591, 40.711037 ], [ -74.003615, 40.711008 ], [ -74.003642, 40.710974 ], [ -74.003658, 40.710913 ], [ -74.003754, 40.710706 ], [ -74.003822, 40.710592 ], [ -74.004147, 40.710251 ], [ -74.004253, 40.710166 ], [ -74.005048, 40.710936 ], [ -74.005599, 40.710397 ], [ -74.006171, 40.710939 ], [ -74.006478, 40.711231 ], [ -74.006768, 40.711502 ], [ -74.006952, 40.711687 ], [ -74.007018, 40.711784 ], [ -74.007507, 40.711669 ], [ -74.007626, 40.711668 ], [ -74.007741, 40.71169 ], [ -74.007796, 40.711709 ], [ -74.007846, 40.711733 ], [ -74.007905, 40.711737 ], [ -74.007964, 40.711736 ], [ -74.008022, 40.711731 ], [ -74.008079, 40.711721 ], [ -74.008135, 40.711698 ], [ -74.008186, 40.711657 ], [ -74.008216, 40.711606 ], [ -74.008222, 40.711578 ], [ -74.008227, 40.711547 ], [ -74.008216, 40.711522 ], [ -74.008204, 40.711495 ], [ -74.008147, 40.711477 ], [ -74.008089, 40.711463 ], [ -74.007968, 40.711447 ], [ -74.008348, 40.711359 ], [ -74.008601, 40.711392 ], [ -74.008459, 40.711235 ], [ -74.007759, 40.710806 ], [ -74.007376, 40.710579 ], [ -74.007745, 40.710221 ], [ -74.009063, 40.710887 ], [ -74.010465, 40.711535 ], [ -74.010122, 40.712085 ], [ -74.011663, 40.712798 ], [ -74.012553, 40.713147 ], [ -74.0137, 40.713668 ], [ -74.013921, 40.713764 ], [ -74.016198, 40.714767 ], [ -74.016781, 40.713998 ], [ -74.017211, 40.713544 ], [ -74.017606, 40.713648 ], [ -74.01831, 40.713562 ], [ -74.018144, 40.714291 ], [ -74.017977, 40.715019 ], [ -74.016864, 40.719611 ], [ -74.01599, 40.724766 ], [ -74.021832, 40.725487 ], [ -74.021352, 40.727462 ] ] ] ] } },
{ "type": "Feature", "properties": { "assembly district": 51 }, "geometry": { "type": "MultiPolygon", "coordinates": [ [ [ [ -74.053046, 40.65598 ], [ -74.051724, 40.658168 ], [ -74.051286, 40.658893 ], [ -74.050735, 40.659807 ], [ -74.050665, 40.659922 ], [ -74.049988, 40.661043 ], [ -74.049631, 40.661634 ], [ -74.048976, 40.662718 ], [ -74.048248, 40.663923 ], [ -74.047956, 40.664407 ], [ -74.047689, 40.664849 ], [ -74.047332, 40.66544 ], [ -74.045971, 40.667694 ], [ -74.045849, 40.667895 ], [ -74.043519, 40.671754 ], [ -74.043451, 40.671867 ], [ -74.042769, 40.672996 ], [ -74.037461, 40.681784 ], [ -74.03579, 40.68455 ], [ -74.035443, 40.685125 ], [ -74.034591, 40.684831 ], [ -74.034573, 40.684866 ], [ -74.019399, 40.679573 ], [ -74.019347, 40.679548 ], [ -74.019317, 40.679608 ], [ -74.019077, 40.679763 ], [ -74.018925, 40.679842 ], [ -74.018983, 40.679898 ], [ -74.018739, 40.680046 ], [ -74.018673, 40.680086 ], [ -74.018579, 40.680144 ], [ -74.018482, 40.680203 ], [ -74.018263, 40.680334 ], [ -74.017797, 40.680619 ], [ -74.017713, 40.68066 ], [ -74.017644, 40.680598 ], [ -74.017574, 40.680644 ], [ -74.017559, 40.680645 ], [ -74.017463, 40.680632 ], [ -74.01744, 40.680636 ], [ -74.01729, 40.680731 ], [ -74.01652, 40.681194 ], [ -74.016309, 40.68132 ], [ -74.015345, 40.681897 ], [ -74.015237, 40.681996 ], [ -74.015323, 40.682112 ], [ -74.015275, 40.682142 ], [ -74.01439, 40.681341 ], [ -74.013883, 40.6808 ], [ -74.012299, 40.679731 ], [ -74.0117, 40.679365 ], [ -74.011055, 40.678926 ], [ -74.010427, 40.67946 ], [ -74.009805, 40.679991 ], [ -74.010451, 40.680431 ], [ -74.0092, 40.681496 ], [ -74.008553, 40.681058 ], [ -74.007925, 40.681592 ], [ -74.007303, 40.682123 ], [ -74.006678, 40.682658 ], [ -74.006456, 40.682846 ], [ -74.006343, 40.682944 ], [ -74.006228, 40.683044 ], [ -74.006175, 40.683096 ], [ -74.006065, 40.683202 ], [ -74.00596, 40.683363 ], [ -74.005819, 40.683656 ], [ -74.005498, 40.684326 ], [ -74.005179, 40.684998 ], [ -74.004853, 40.685668 ], [ -74.002686, 40.685062 ], [ -74.001327, 40.684682 ], [ -74.001648, 40.684009 ], [ -74.00197, 40.683345 ], [ -74.003334, 40.683721 ], [ -74.003656, 40.683048 ], [ -74.003979, 40.682377 ], [ -74.004302, 40.681707 ], [ -74.002962, 40.681334 ], [ -74.003289, 40.680664 ], [ -74.004473, 40.680993 ], [ -74.003841, 40.680177 ], [ -74.003718, 40.680021 ], [ -74.003525, 40.67979 ], [ -74.003431, 40.679708 ], [ -74.003439, 40.67967 ], [ -74.003443, 40.679574 ], [ -74.003357, 40.679244 ], [ -74.003642, 40.6792 ], [ -74.003735, 40.678898 ], [ -74.003766, 40.678805 ], [ -74.003834, 40.678646 ], [ -74.003628, 40.678594 ], [ -74.003512, 40.678564 ], [ -74.003277, 40.67823 ], [ -74.003056, 40.677976 ], [ -74.002744, 40.67762 ], [ -74.002682, 40.677544 ], [ -74.002405, 40.677188 ], [ -74.001995, 40.676661 ], [ -74.001888, 40.676628 ], [ -74.001869, 40.676622 ], [ -74.001768, 40.676603 ], [ -74.001634, 40.676551 ], [ -74.00136, 40.676113 ], [ -74.001213, 40.67587 ], [ -74.000904, 40.675637 ], [ -74.000699, 40.675571 ], [ -73.999352, 40.6752 ], [ -73.99777, 40.674742 ], [ -73.998077, 40.674115 ], [ -73.998388, 40.673471 ], [ -73.998694, 40.672824 ], [ -73.998913, 40.672481 ], [ -73.998551, 40.671926 ], [ -73.998372, 40.671641 ], [ -73.997767, 40.672429 ], [ -73.997521, 40.672137 ], [ -73.996649, 40.67163 ], [ -73.996363, 40.671493 ], [ -73.996851, 40.670903 ], [ -73.996938, 40.670778 ], [ -73.997039, 40.67066 ], [ -73.997153, 40.670547 ], [ -73.99728, 40.670443 ], [ -73.997416, 40.670349 ], [ -73.995895, 40.669593 ], [ -73.995392, 40.670195 ], [ -73.994896, 40.67079 ], [ -73.994384, 40.671403 ], [ -73.993878, 40.672005 ], [ -73.993668, 40.672257 ], [ -73.993379, 40.672604 ], [ -73.991023, 40.671458 ], [ -73.991345, 40.671073 ], [ -73.991522, 40.670861 ], [ -73.992024, 40.670257 ], [ -73.992527, 40.669655 ], [ -73.990226, 40.668544 ], [ -73.99073, 40.667941 ], [ -73.991231, 40.667339 ], [ -73.991734, 40.666736 ], [ -73.992238, 40.666133 ], [ -73.99277, 40.665507 ], [ -73.992893, 40.665391 ], [ -73.992937, 40.66535 ], [ -73.99335, 40.664953 ], [ -73.991089, 40.66359 ], [ -73.988924, 40.662283 ], [ -73.988769, 40.662432 ], [ -73.988335, 40.662805 ], [ -73.987453, 40.663823 ], [ -73.986655, 40.663437 ], [ -73.987569, 40.662339 ], [ -73.987221, 40.66213 ], [ -73.98774, 40.661602 ], [ -73.986682, 40.66093 ], [ -73.987107, 40.660575 ], [ -73.987296, 40.660442 ], [ -73.986927, 40.659971 ], [ -73.986715, 40.659728 ], [ -73.986465, 40.659513 ], [ -73.986207, 40.659301 ], [ -73.985933, 40.6591 ], [ -73.985645, 40.658914 ], [ -73.985343, 40.658742 ], [ -73.985436, 40.658661 ], [ -73.985645, 40.658481 ], [ -73.986228, 40.657921 ], [ -73.984024, 40.656592 ], [ -73.981796, 40.655246 ], [ -73.981607, 40.654236 ], [ -73.981453, 40.653416 ], [ -73.981297, 40.652637 ], [ -73.98111, 40.651592 ], [ -73.980712, 40.649524 ], [ -73.980364, 40.647694 ], [ -73.981315, 40.64732 ], [ -73.981805, 40.647128 ], [ -73.98231, 40.646927 ], [ -73.983073, 40.646625 ], [ -73.985284, 40.645768 ], [ -73.98835, 40.644562 ], [ -73.989059, 40.644119 ], [ -73.989779, 40.643645 ], [ -73.990497, 40.643164 ], [ -73.991213, 40.642686 ], [ -73.991929, 40.642205 ], [ -73.992644, 40.641728 ], [ -73.993363, 40.641248 ], [ -73.994077, 40.64077 ], [ -73.994331, 40.6406 ], [ -73.994795, 40.640288 ], [ -73.994333, 40.639967 ], [ -73.994346, 40.639816 ], [ -73.994791, 40.639372 ], [ -73.99551, 40.63981 ], [ -73.996974, 40.640694 ], [ -73.997557, 40.640136 ], [ -73.998139, 40.639575 ], [ -73.998722, 40.639016 ], [ -73.999305, 40.638455 ], [ -73.999889, 40.637896 ], [ -74.002091, 40.639225 ], [ -74.001508, 40.639785 ], [ -74.000925, 40.640346 ], [ -74.000341, 40.640905 ], [ -73.999757, 40.641467 ], [ -74.00196, 40.642799 ], [ -74.00138, 40.643357 ], [ -74.000798, 40.643918 ], [ -74.002999, 40.645245 ], [ -74.003581, 40.644689 ], [ -74.004165, 40.644127 ], [ -74.004747, 40.643567 ], [ -74.00533, 40.643006 ], [ -74.007532, 40.644337 ], [ -74.008116, 40.643777 ], [ -74.008699, 40.643217 ], [ -74.009281, 40.642657 ], [ -74.009863, 40.642097 ], [ -74.010447, 40.641535 ], [ -74.011029, 40.640976 ], [ -74.011611, 40.640416 ], [ -74.012195, 40.639855 ], [ -74.012776, 40.639295 ], [ -74.01498, 40.640626 ], [ -74.015562, 40.640067 ], [ -74.013357, 40.638736 ], [ -74.013961, 40.638153 ], [ -74.014567, 40.637571 ], [ -74.016769, 40.638899 ], [ -74.017352, 40.638341 ], [ -74.015146, 40.637014 ], [ -74.01574, 40.636452 ], [ -74.016068, 40.636139 ], [ -74.016306, 40.635896 ], [ -74.016692, 40.635519 ], [ -74.016752, 40.63544 ], [ -74.016802, 40.635375 ], [ -74.016856, 40.635332 ], [ -74.016885, 40.635309 ], [ -74.016977, 40.635235 ], [ -74.017505, 40.634748 ], [ -74.017811, 40.634099 ], [ -74.01796, 40.633728 ], [ -74.018245, 40.633034 ], [ -74.01853, 40.632334 ], [ -74.019736, 40.632885 ], [ -74.021012, 40.633469 ], [ -74.021217, 40.633562 ], [ -74.023035, 40.634395 ], [ -74.02324, 40.634489 ], [ -74.023518, 40.634616 ], [ -74.023884, 40.633724 ], [ -74.025417, 40.634503 ], [ -74.025731, 40.634077 ], [ -74.026039, 40.633303 ], [ -74.026951, 40.633516 ], [ -74.02668, 40.634197 ], [ -74.029357, 40.634837 ], [ -74.029134, 40.635373 ], [ -74.028942, 40.635867 ], [ -74.028807, 40.636189 ], [ -74.028658, 40.636546 ], [ -74.028279, 40.637468 ], [ -74.030165, 40.638052 ], [ -74.030891, 40.638279 ], [ -74.030606, 40.638963 ], [ -74.030322, 40.639647 ], [ -74.029095, 40.640811 ], [ -74.028852, 40.640802 ], [ -74.029073, 40.640969 ], [ -74.028901, 40.641008 ], [ -74.028901, 40.641147 ], [ -74.029079, 40.641274 ], [ -74.029105, 40.641415 ], [ -74.028923, 40.641451 ], [ -74.02906, 40.641727 ], [ -74.030563, 40.642564 ], [ -74.032076, 40.643407 ], [ -74.032644, 40.6438 ], [ -74.053229, 40.655657 ], [ -74.053046, 40.65598 ] ] ] ] } },
{ "type": "Feature", "properties": { "assembly district": 27 }, "geometry": { "type": "MultiPolygon", "coordinates": [ [ [ [ -73.871475, 40.787043 ], [ -73.871374, 40.787271 ], [ -73.871225, 40.787445 ], [ -73.871073, 40.787575 ], [ -73.870809, 40.787897 ], [ -73.870795, 40.787929 ], [ -73.870787, 40.787962 ], [ -73.870786, 40.787996 ], [ -73.87079, 40.78803 ], [ -73.870801, 40.788063 ], [ -73.870853, 40.788206 ], [ -73.870892, 40.788339 ], [ -73.87095, 40.788468 ], [ -73.870949, 40.788607 ], [ -73.870961, 40.788743 ], [ -73.870977, 40.788878 ], [ -73.870947, 40.788954 ], [ -73.870973, 40.789057 ], [ -73.870299, 40.790688 ], [ -73.870207, 40.790909 ], [ -73.867118, 40.793742 ], [ -73.863502, 40.797162 ], [ -73.863147, 40.797497 ], [ -73.862965, 40.79767 ], [ -73.854632, 40.799724 ], [ -73.853072, 40.800113 ], [ -73.846654, 40.801024 ], [ -73.845397, 40.801024 ], [ -73.844076, 40.801023 ], [ -73.835409, 40.802199 ], [ -73.831706, 40.802894 ], [ -73.83082, 40.80306 ], [ -73.830676, 40.803108 ], [ -73.830546, 40.803151 ], [ -73.830509, 40.803164 ], [ -73.830404, 40.803199 ], [ -73.83023, 40.803267 ], [ -73.827583, 40.803936 ], [ -73.823438, 40.80481 ], [ -73.817418, 40.80579 ], [ -73.811299, 40.805397 ], [ -73.810145, 40.797147 ], [ -73.810438, 40.796644 ], [ -73.810562, 40.796301 ], [ -73.809607, 40.796091 ], [ -73.809865, 40.79554 ], [ -73.810426, 40.795501 ], [ -73.810436, 40.795009 ], [ -73.81031, 40.793544 ], [ -73.811568, 40.793289 ], [ -73.81296, 40.792966 ], [ -73.815241, 40.792438 ], [ -73.817213, 40.791986 ], [ -73.816824, 40.791026 ], [ -73.818224, 40.79071 ], [ -73.819832, 40.790346 ], [ -73.821159, 40.790027 ], [ -73.820859, 40.789912 ], [ -73.820538, 40.789807 ], [ -73.820208, 40.789718 ], [ -73.819872, 40.789646 ], [ -73.819531, 40.78959 ], [ -73.8194, 40.789271 ], [ -73.819348, 40.789144 ], [ -73.819417, 40.789163 ], [ -73.820039, 40.789432 ], [ -73.820249, 40.789482 ], [ -73.820354, 40.789507 ], [ -73.820673, 40.789571 ], [ -73.820995, 40.789624 ], [ -73.821321, 40.789666 ], [ -73.821648, 40.789697 ], [ -73.821858, 40.789696 ], [ -73.822026, 40.789682 ], [ -73.822212, 40.789653 ], [ -73.822362, 40.789616 ], [ -73.82248, 40.789587 ], [ -73.822537, 40.789568 ], [ -73.822625, 40.789606 ], [ -73.822712, 40.789661 ], [ -73.822889, 40.789792 ], [ -73.822996, 40.789886 ], [ -73.82309, 40.78998 ], [ -73.823169, 40.790088 ], [ -73.823404, 40.790619 ], [ -73.823511, 40.789389 ], [ -73.823671, 40.789447 ], [ -73.823685, 40.789345 ], [ -73.823705, 40.789155 ], [ -73.823733, 40.788966 ], [ -73.823768, 40.788777 ], [ -73.82381, 40.788589 ], [ -73.823859, 40.788402 ], [ -73.823916, 40.788217 ], [ -73.82398, 40.788032 ], [ -73.82405, 40.787849 ], [ -73.824092, 40.787764 ], [ -73.824152, 40.787682 ], [ -73.824228, 40.787608 ], [ -73.824317, 40.787545 ], [ -73.824416, 40.787493 ], [ -73.825, 40.788923 ], [ -73.82518, 40.789119 ], [ -73.82617, 40.788968 ], [ -73.826152, 40.788818 ], [ -73.826115, 40.788671 ], [ -73.826059, 40.788527 ], [ -73.825984, 40.788389 ], [ -73.825453, 40.787099 ], [ -73.826377, 40.78797 ], [ -73.827538, 40.787838 ], [ -73.828457, 40.787735 ], [ -73.828921, 40.787682 ], [ -73.829388, 40.787632 ], [ -73.830187, 40.787538 ], [ -73.829958, 40.786354 ], [ -73.830493, 40.786293 ], [ -73.830767, 40.786262 ], [ -73.830909, 40.786246 ], [ -73.830839, 40.785906 ], [ -73.830679, 40.785119 ], [ -73.830649, 40.784959 ], [ -73.830589, 40.784641 ], [ -73.829622, 40.784638 ], [ -73.828806, 40.784649 ], [ -73.827862, 40.784649 ], [ -73.826902, 40.784652 ], [ -73.82689, 40.783639 ], [ -73.826785, 40.781668 ], [ -73.825697, 40.781691 ], [ -73.826061, 40.780984 ], [ -73.826127, 40.780655 ], [ -73.825916, 40.780518 ], [ -73.826235, 40.779921 ], [ -73.826298, 40.779803 ], [ -73.827101, 40.77842 ], [ -73.828103, 40.776694 ], [ -73.828239, 40.77646 ], [ -73.828528, 40.776007 ], [ -73.828883, 40.775427 ], [ -73.828965, 40.775311 ], [ -73.829185, 40.775018 ], [ -73.829279, 40.774882 ], [ -73.829512, 40.774569 ], [ -73.829852, 40.774163 ], [ -73.830157, 40.773825 ], [ -73.83022, 40.773759 ], [ -73.83054, 40.773437 ], [ -73.830633, 40.773361 ], [ -73.831, 40.773047 ], [ -73.831127, 40.772943 ], [ -73.831593, 40.77256 ], [ -73.831713, 40.772474 ], [ -73.831833, 40.772388 ], [ -73.832178, 40.772175 ], [ -73.832438, 40.772014 ], [ -73.832522, 40.771964 ], [ -73.832789, 40.771807 ], [ -73.833133, 40.77161 ], [ -73.833428, 40.771434 ], [ -73.834035, 40.771086 ], [ -73.834376, 40.770892 ], [ -73.835178, 40.770346 ], [ -73.83548, 40.770142 ], [ -73.836269, 40.76961 ], [ -73.836732, 40.769222 ], [ -73.837292, 40.768689 ], [ -73.838164, 40.767725 ], [ -73.83871, 40.766895 ], [ -73.838829, 40.766725 ], [ -73.839319, 40.766054 ], [ -73.839256, 40.766034 ], [ -73.839132, 40.765991 ], [ -73.839121, 40.765983 ], [ -73.839417, 40.765428 ], [ -73.839538, 40.765224 ], [ -73.839725, 40.765284 ], [ -73.839863, 40.764995 ], [ -73.839961, 40.764754 ], [ -73.840021, 40.76455 ], [ -73.840099, 40.764211 ], [ -73.840109, 40.764162 ], [ -73.840103, 40.764057 ], [ -73.840089, 40.763644 ], [ -73.840048, 40.763416 ], [ -73.839983, 40.763189 ], [ -73.839896, 40.762965 ], [ -73.839788, 40.762748 ], [ -73.839691, 40.762587 ], [ -73.839614, 40.762473 ], [ -73.839254, 40.761908 ], [ -73.839106, 40.761637 ], [ -73.838966, 40.76133 ], [ -73.83891, 40.761201 ], [ -73.838867, 40.76105 ], [ -73.838834, 40.760883 ], [ -73.838808, 40.760734 ], [ -73.83879, 40.760582 ], [ -73.838782, 40.760418 ], [ -73.838795, 40.760249 ], [ -73.838815, 40.76008 ], [ -73.83884, 40.759926 ], [ -73.838875, 40.759745 ], [ -73.83869, 40.759747 ], [ -73.838779, 40.759248 ], [ -73.83882, 40.758383 ], [ -73.838713, 40.757716 ], [ -73.838618, 40.757091 ], [ -73.838619, 40.757045 ], [ -73.838406, 40.756101 ], [ -73.838305, 40.755633 ], [ -73.838211, 40.755253 ], [ -73.838134, 40.755038 ], [ -73.838054, 40.75483 ], [ -73.837987, 40.754682 ], [ -73.837917, 40.754541 ], [ -73.837674, 40.754114 ], [ -73.836888, 40.752973 ], [ -73.836167, 40.75192 ], [ -73.836007, 40.751687 ], [ -73.835759, 40.751324 ], [ -73.835476, 40.750911 ], [ -73.835129, 40.750399 ], [ -73.835108, 40.750368 ], [ -73.834943, 40.750062 ], [ -73.834813, 40.749751 ], [ -73.834774, 40.749624 ], [ -73.834716, 40.749434 ], [ -73.834674, 40.749295 ], [ -73.834646, 40.749008 ], [ -73.834637, 40.748912 ], [ -73.834619, 40.748661 ], [ -73.834621, 40.748606 ], [ -73.834624, 40.748518 ], [ -73.834647, 40.748333 ], [ -73.834693, 40.748057 ], [ -73.83473, 40.747874 ], [ -73.8348, 40.747615 ], [ -73.834818, 40.747572 ], [ -73.834975, 40.747184 ], [ -73.835035, 40.747062 ], [ -73.835649, 40.746358 ], [ -73.835616, 40.746622 ], [ -73.835651, 40.746579 ], [ -73.836138, 40.746021 ], [ -73.836519, 40.745584 ], [ -73.836632, 40.745455 ], [ -73.837041, 40.744996 ], [ -73.837084, 40.744948 ], [ -73.837295, 40.744684 ], [ -73.837533, 40.744293 ], [ -73.837639, 40.744042 ], [ -73.837711, 40.743865 ], [ -73.837847, 40.743334 ], [ -73.837671, 40.743365 ], [ -73.837338, 40.743417 ], [ -73.837152, 40.743446 ], [ -73.836848, 40.743474 ], [ -73.836201, 40.743507 ], [ -73.835925, 40.743501 ], [ -73.835896, 40.743381 ], [ -73.835861, 40.743228 ], [ -73.833826, 40.742762 ], [ -73.833015, 40.742601 ], [ -73.832265, 40.742496 ], [ -73.832071, 40.742451 ], [ -73.831131, 40.742338 ], [ -73.831173, 40.741638 ], [ -73.83122, 40.740953 ], [ -73.831268, 40.740262 ], [ -73.831301, 40.739561 ], [ -73.830536, 40.73752 ], [ -73.829468, 40.737025 ], [ -73.828092, 40.737083 ], [ -73.828053, 40.738556 ], [ -73.827776, 40.738508 ], [ -73.827557, 40.738491 ], [ -73.827396, 40.73849 ], [ -73.827167, 40.738505 ], [ -73.827014, 40.738526 ], [ -73.826841, 40.738561 ], [ -73.826559, 40.738646 ], [ -73.82643, 40.738698 ], [ -73.826278, 40.738771 ], [ -73.826137, 40.738853 ], [ -73.826022, 40.738931 ], [ -73.825861, 40.739064 ], [ -73.825736, 40.739193 ], [ -73.825636, 40.73932 ], [ -73.825583, 40.739402 ], [ -73.824988, 40.739377 ], [ -73.824812, 40.739631 ], [ -73.82489, 40.739403 ], [ -73.824964, 40.738819 ], [ -73.824982, 40.738604 ], [ -73.825197, 40.736528 ], [ -73.825259, 40.735758 ], [ -73.82532, 40.735121 ], [ -73.825183, 40.735135 ], [ -73.822932, 40.735367 ], [ -73.82186, 40.735486 ], [ -73.821796, 40.735485 ], [ -73.821733, 40.735467 ], [ -73.821679, 40.735433 ], [ -73.821644, 40.735389 ], [ -73.82163, 40.735342 ], [ -73.821859, 40.734433 ], [ -73.821218, 40.734361 ], [ -73.820538, 40.734284 ], [ -73.819749, 40.734195 ], [ -73.817404, 40.73396 ], [ -73.8148, 40.733783 ], [ -73.814775, 40.734582 ], [ -73.814773, 40.734638 ], [ -73.814769, 40.734764 ], [ -73.814742, 40.73562 ], [ -73.814694, 40.737154 ], [ -73.814069, 40.73713 ], [ -73.813475, 40.737107 ], [ -73.81333, 40.737102 ], [ -73.812391, 40.737067 ], [ -73.811454, 40.73703 ], [ -73.810658, 40.736998 ], [ -73.810482, 40.736992 ], [ -73.809512, 40.736958 ], [ -73.80857, 40.736921 ], [ -73.807635, 40.736885 ], [ -73.806697, 40.736847 ], [ -73.805761, 40.736812 ], [ -73.804743, 40.736774 ], [ -73.804862, 40.73494 ], [ -73.804983, 40.733103 ], [ -73.805081, 40.73169 ], [ -73.805166, 40.730458 ], [ -73.805222, 40.728484 ], [ -73.805152, 40.727802 ], [ -73.805084, 40.727115 ], [ -73.806912, 40.726913 ], [ -73.808697, 40.726713 ], [ -73.810694, 40.726489 ], [ -73.810886, 40.727172 ], [ -73.811113, 40.727166 ], [ -73.811333, 40.727161 ], [ -73.811543, 40.727156 ], [ -73.811924, 40.727192 ], [ -73.812108, 40.727186 ], [ -73.81229, 40.727197 ], [ -73.812468, 40.727133 ], [ -73.811516, 40.726658 ], [ -73.813899, 40.725941 ], [ -73.813557, 40.725288 ], [ -73.815807, 40.724606 ], [ -73.815469, 40.72394 ], [ -73.81512, 40.72328 ], [ -73.814779, 40.722612 ], [ -73.814438, 40.721948 ], [ -73.814095, 40.721284 ], [ -73.816364, 40.720608 ], [ -73.816021, 40.719943 ], [ -73.81568, 40.71928 ], [ -73.815443, 40.718818 ], [ -73.815155, 40.718257 ], [ -73.816191, 40.717971 ], [ -73.817066, 40.717717 ], [ -73.817186, 40.717662 ], [ -73.816763, 40.716822 ], [ -73.816641, 40.71661 ], [ -73.81651, 40.716324 ], [ -73.816462, 40.716138 ], [ -73.816442, 40.716028 ], [ -73.816441, 40.715887 ], [ -73.816442, 40.715785 ], [ -73.816433, 40.715644 ], [ -73.816288, 40.715644 ], [ -73.815241, 40.715647 ], [ -73.815224, 40.714949 ], [ -73.815206, 40.714234 ], [ -73.816407, 40.714227 ], [ -73.816534, 40.714226 ], [ -73.816421, 40.714133 ], [ -73.816206, 40.714011 ], [ -73.816139, 40.713798 ], [ -73.816052, 40.713588 ], [ -73.815947, 40.713383 ], [ -73.815825, 40.713184 ], [ -73.815686, 40.712992 ], [ -73.815532, 40.712809 ], [ -73.815444, 40.712666 ], [ -73.815364, 40.712499 ], [ -73.815312, 40.712364 ], [ -73.815271, 40.712208 ], [ -73.815245, 40.712051 ], [ -73.815103, 40.712016 ], [ -73.814965, 40.711969 ], [ -73.814834, 40.711908 ], [ -73.814713, 40.711837 ], [ -73.814604, 40.711754 ], [ -73.814511, 40.711664 ], [ -73.814432, 40.711568 ], [ -73.814357, 40.71144 ], [ -73.814292, 40.711309 ], [ -73.814239, 40.711174 ], [ -73.814198, 40.711037 ], [ -73.814373, 40.711048 ], [ -73.814548, 40.711043 ], [ -73.814723, 40.711023 ], [ -73.814894, 40.710987 ], [ -73.815055, 40.710937 ], [ -73.815244, 40.710872 ], [ -73.815425, 40.710788 ], [ -73.815594, 40.710689 ], [ -73.815746, 40.710574 ], [ -73.81588, 40.710447 ], [ -73.815992, 40.710311 ], [ -73.816081, 40.710168 ], [ -73.816416, 40.709865 ], [ -73.81704, 40.70956 ], [ -73.817798, 40.709342 ], [ -73.817634, 40.709213 ], [ -73.817454, 40.709095 ], [ -73.81726, 40.70899 ], [ -73.817054, 40.7089 ], [ -73.81684, 40.708825 ], [ -73.816975, 40.708688 ], [ -73.817071, 40.708596 ], [ -73.817102, 40.708517 ], [ -73.817124, 40.708411 ], [ -73.817098, 40.708288 ], [ -73.817003, 40.708156 ], [ -73.816915, 40.708016 ], [ -73.816817, 40.707919 ], [ -73.81638, 40.707271 ], [ -73.815948, 40.706628 ], [ -73.815448, 40.705894 ], [ -73.815007, 40.705239 ], [ -73.814439, 40.704402 ], [ -73.815239, 40.704204 ], [ -73.815372, 40.704172 ], [ -73.815271, 40.704018 ], [ -73.814294, 40.702531 ], [ -73.814962, 40.702499 ], [ -73.815316, 40.702487 ], [ -73.81594, 40.702459 ], [ -73.816293, 40.702453 ], [ -73.816477, 40.70245 ], [ -73.81686, 40.702444 ], [ -73.817442, 40.702418 ], [ -73.818749, 40.702358 ], [ -73.819644, 40.70224 ], [ -73.820331, 40.702147 ], [ -73.820614, 40.7021 ], [ -73.821199, 40.702 ], [ -73.821786, 40.701902 ], [ -73.822112, 40.701847 ], [ -73.822275, 40.701792 ], [ -73.822505, 40.701757 ], [ -73.822708, 40.70171 ], [ -73.823079, 40.701624 ], [ -73.823401, 40.701532 ], [ -73.823912, 40.701408 ], [ -73.824767, 40.701189 ], [ -73.825666, 40.700956 ], [ -73.826336, 40.700829 ], [ -73.826563, 40.700789 ], [ -73.827252, 40.700677 ], [ -73.827473, 40.700638 ], [ -73.828173, 40.700521 ], [ -73.828786, 40.700417 ], [ -73.828143, 40.699106 ], [ -73.828207, 40.698719 ], [ -73.829458, 40.699361 ], [ -73.830886, 40.700009 ], [ -73.831037, 40.700253 ], [ -73.832335, 40.700765 ], [ -73.832277, 40.70087 ], [ -73.832201, 40.700949 ], [ -73.83211, 40.701033 ], [ -73.832033, 40.701097 ], [ -73.83194, 40.701164 ], [ -73.831834, 40.701232 ], [ -73.831739, 40.701286 ], [ -73.831632, 40.701341 ], [ -73.831521, 40.70139 ], [ -73.832132, 40.702794 ], [ -73.832825, 40.704371 ], [ -73.833715, 40.704149 ], [ -73.834114, 40.705062 ], [ -73.834197, 40.70525 ], [ -73.834517, 40.706003 ], [ -73.834982, 40.707098 ], [ -73.835076, 40.707135 ], [ -73.835176, 40.707175 ], [ -73.835558, 40.707328 ], [ -73.836185, 40.707573 ], [ -73.835815, 40.708116 ], [ -73.835652, 40.708276 ], [ -73.835547, 40.708341 ], [ -73.835393, 40.708403 ], [ -73.835307, 40.708429 ], [ -73.834827, 40.708533 ], [ -73.834541, 40.708594 ], [ -73.834289, 40.708649 ], [ -73.834184, 40.708672 ], [ -73.832624, 40.709008 ], [ -73.832411, 40.709037 ], [ -73.832236, 40.709071 ], [ -73.832047, 40.709123 ], [ -73.83184, 40.709197 ], [ -73.831691, 40.709262 ], [ -73.831529, 40.709348 ], [ -73.832626, 40.710333 ], [ -73.832041, 40.710678 ], [ -73.831372, 40.711109 ], [ -73.829314, 40.712423 ], [ -73.82913, 40.712154 ], [ -73.827397, 40.712832 ], [ -73.830082, 40.713914 ], [ -73.83073, 40.714217 ], [ -73.830868, 40.71427 ], [ -73.830982, 40.71431 ], [ -73.831069, 40.714354 ], [ -73.831311, 40.714474 ], [ -73.831385, 40.714529 ], [ -73.832231, 40.71512 ], [ -73.833567, 40.716143 ], [ -73.834213, 40.716637 ], [ -73.834962, 40.717172 ], [ -73.835849, 40.717727 ], [ -73.836863, 40.718261 ], [ -73.837015, 40.718331 ], [ -73.837281, 40.718986 ], [ -73.837619, 40.719654 ], [ -73.837957, 40.720313 ], [ -73.838298, 40.720979 ], [ -73.838641, 40.721644 ], [ -73.838976, 40.722313 ], [ -73.839324, 40.722974 ], [ -73.839665, 40.723639 ], [ -73.838678, 40.723932 ], [ -73.839359, 40.725261 ], [ -73.840351, 40.724968 ], [ -73.840692, 40.725632 ], [ -73.842909, 40.724971 ], [ -73.843252, 40.725637 ], [ -73.843594, 40.7263 ], [ -73.843934, 40.726965 ], [ -73.844277, 40.72763 ], [ -73.844617, 40.728295 ], [ -73.844687, 40.728432 ], [ -73.844777, 40.728564 ], [ -73.844888, 40.728688 ], [ -73.845016, 40.728801 ], [ -73.845158, 40.728901 ], [ -73.845707, 40.729501 ], [ -73.845765, 40.730262 ], [ -73.845987, 40.730955 ], [ -73.846325, 40.731616 ], [ -73.848578, 40.730949 ], [ -73.850794, 40.730288 ], [ -73.852514, 40.729775 ], [ -73.855228, 40.728965 ], [ -73.855572, 40.72963 ], [ -73.855914, 40.730293 ], [ -73.856257, 40.730959 ], [ -73.856597, 40.731623 ], [ -73.857049, 40.732512 ], [ -73.857309, 40.733004 ], [ -73.855122, 40.733653 ], [ -73.855466, 40.734319 ], [ -73.855808, 40.734983 ], [ -73.856152, 40.735648 ], [ -73.853911, 40.736316 ], [ -73.853579, 40.735647 ], [ -73.853249, 40.734977 ], [ -73.852153, 40.735297 ], [ -73.850998, 40.735656 ], [ -73.851342, 40.736316 ], [ -73.851496, 40.736619 ], [ -73.851688, 40.736997 ], [ -73.851275, 40.737136 ], [ -73.848607, 40.738105 ], [ -73.847214, 40.738644 ], [ -73.847325, 40.738771 ], [ -73.84716, 40.7389 ], [ -73.845848, 40.739516 ], [ -73.845724, 40.739576 ], [ -73.845546, 40.739659 ], [ -73.845354, 40.739749 ], [ -73.845399, 40.739931 ], [ -73.845436, 40.740079 ], [ -73.845473, 40.740253 ], [ -73.845683, 40.741089 ], [ -73.845798, 40.741546 ], [ -73.845889, 40.741784 ], [ -73.846049, 40.742197 ], [ -73.8462, 40.742591 ], [ -73.846449, 40.743237 ], [ -73.846474, 40.743298 ], [ -73.846669, 40.743763 ], [ -73.846897, 40.743691 ], [ -73.846956, 40.743672 ], [ -73.847221, 40.744398 ], [ -73.84726, 40.74448 ], [ -73.847368, 40.744695 ], [ -73.847546, 40.745048 ], [ -73.847872, 40.745657 ], [ -73.848151, 40.746165 ], [ -73.848415, 40.746592 ], [ -73.84863, 40.746923 ], [ -73.848828, 40.747204 ], [ -73.84859, 40.74728 ], [ -73.848376, 40.74735 ], [ -73.848323, 40.747367 ], [ -73.847099, 40.747739 ], [ -73.845837, 40.748128 ], [ -73.845574, 40.748236 ], [ -73.845301, 40.748331 ], [ -73.84502, 40.748413 ], [ -73.844733, 40.74848 ], [ -73.844441, 40.748534 ], [ -73.844147, 40.748573 ], [ -73.84371, 40.749583 ], [ -73.843118, 40.750932 ], [ -73.843002, 40.750889 ], [ -73.842746, 40.750944 ], [ -73.842615, 40.751061 ], [ -73.842667, 40.751397 ], [ -73.842562, 40.751425 ], [ -73.841822, 40.751917 ], [ -73.841182, 40.752684 ], [ -73.841311, 40.752683 ], [ -73.84144, 40.752676 ], [ -73.841568, 40.752664 ], [ -73.841694, 40.752645 ], [ -73.841819, 40.752621 ], [ -73.841942, 40.752591 ], [ -73.842062, 40.752555 ], [ -73.842179, 40.752514 ], [ -73.843489, 40.752049 ], [ -73.843679, 40.752308 ], [ -73.84383, 40.752464 ], [ -73.843948, 40.752575 ], [ -73.84432, 40.752242 ], [ -73.849695, 40.750405 ], [ -73.850499, 40.750121 ], [ -73.851715, 40.75241 ], [ -73.851897, 40.752753 ], [ -73.851196, 40.752962 ], [ -73.850679, 40.753117 ], [ -73.850121, 40.753284 ], [ -73.849541, 40.753457 ], [ -73.84562, 40.754612 ], [ -73.843244, 40.755337 ], [ -73.843634, 40.756157 ], [ -73.844044, 40.756945 ], [ -73.84445, 40.757744 ], [ -73.84479, 40.758403 ], [ -73.845134, 40.759069 ], [ -73.84549, 40.759729 ], [ -73.845852, 40.760455 ], [ -73.845902, 40.760565 ], [ -73.845911, 40.760585 ], [ -73.845975, 40.760717 ], [ -73.846017, 40.760805 ], [ -73.846863, 40.760416 ], [ -73.846353, 40.761219 ], [ -73.846709, 40.761345 ], [ -73.848515, 40.763822 ], [ -73.849215, 40.764209 ], [ -73.850281, 40.76606 ], [ -73.851834, 40.767746 ], [ -73.853702, 40.76948 ], [ -73.852642, 40.77208 ], [ -73.852897, 40.775457 ], [ -73.860505, 40.778984 ], [ -73.86542, 40.78497 ], [ -73.871631, 40.786798 ], [ -73.871475, 40.787043 ] ] ] ] } },
{ "type": "Feature", "properties": { "assembly district": 86 }, "geometry": { "type": "MultiPolygon", "coordinates": [ [ [ [ -73.919094, 40.849999 ], [ -73.918948, 40.850182 ], [ -73.917275, 40.851314 ], [ -73.916447, 40.851905 ], [ -73.916831, 40.851976 ], [ -73.917198, 40.85205 ], [ -73.917406, 40.852146 ], [ -73.917578, 40.852277 ], [ -73.917923, 40.85276 ], [ -73.918167, 40.852983 ], [ -73.916935, 40.854609 ], [ -73.91679, 40.854873 ], [ -73.915886, 40.857887 ], [ -73.916642, 40.857988 ], [ -73.916875, 40.858009 ], [ -73.917058, 40.858027 ], [ -73.917338, 40.857389 ], [ -73.917387, 40.857277 ], [ -73.91764, 40.857348 ], [ -73.917901, 40.856937 ], [ -73.91929, 40.857475 ], [ -73.9185, 40.858352 ], [ -73.918206, 40.858679 ], [ -73.916975, 40.859909 ], [ -73.9165, 40.860384 ], [ -73.914901, 40.861983 ], [ -73.91434, 40.862521 ], [ -73.910851, 40.866528 ], [ -73.910209, 40.867591 ], [ -73.910056, 40.867849 ], [ -73.909804, 40.868282 ], [ -73.909203, 40.869776 ], [ -73.909105, 40.871676 ], [ -73.908605, 40.871678 ], [ -73.908526, 40.871792 ], [ -73.908249, 40.872187 ], [ -73.90798, 40.872572 ], [ -73.907905, 40.872678 ], [ -73.907104, 40.872978 ], [ -73.907007, 40.873373 ], [ -73.907, 40.873455 ], [ -73.9067, 40.873397 ], [ -73.906413, 40.873296 ], [ -73.906162, 40.873243 ], [ -73.905988, 40.873202 ], [ -73.905714, 40.873138 ], [ -73.904662, 40.872645 ], [ -73.9045, 40.872534 ], [ -73.904459, 40.872423 ], [ -73.904442, 40.872176 ], [ -73.904436, 40.871576 ], [ -73.904494, 40.870836 ], [ -73.904483, 40.870566 ], [ -73.904397, 40.870348 ], [ -73.904731, 40.870344 ], [ -73.905055, 40.870308 ], [ -73.905585, 40.870135 ], [ -73.905996, 40.869873 ], [ -73.906319, 40.869572 ], [ -73.907222, 40.868851 ], [ -73.90793, 40.868451 ], [ -73.908368, 40.867247 ], [ -73.908527, 40.866537 ], [ -73.908488, 40.865345 ], [ -73.908826, 40.864854 ], [ -73.909027, 40.864216 ], [ -73.909071, 40.863853 ], [ -73.909107, 40.863555 ], [ -73.909099, 40.863001 ], [ -73.90904, 40.862679 ], [ -73.908608, 40.862796 ], [ -73.90821, 40.862828 ], [ -73.907586, 40.862816 ], [ -73.906159, 40.862779 ], [ -73.904934, 40.862749 ], [ -73.904038, 40.862741 ], [ -73.903319, 40.862735 ], [ -73.904366, 40.861218 ], [ -73.903514, 40.860918 ], [ -73.902293, 40.862717 ], [ -73.901866, 40.862787 ], [ -73.901566, 40.862806 ], [ -73.90133, 40.8628 ], [ -73.90108, 40.862756 ], [ -73.900276, 40.863788 ], [ -73.899198, 40.863329 ], [ -73.89804, 40.862831 ], [ -73.898387, 40.862344 ], [ -73.897306, 40.862499 ], [ -73.897068, 40.862534 ], [ -73.897729, 40.861349 ], [ -73.897561, 40.861304 ], [ -73.896425, 40.860997 ], [ -73.895376, 40.860744 ], [ -73.895545, 40.860338 ], [ -73.89579, 40.859748 ], [ -73.895229, 40.859618 ], [ -73.894849, 40.860166 ], [ -73.894631, 40.860553 ], [ -73.894042, 40.860279 ], [ -73.894694, 40.859426 ], [ -73.893808, 40.858942 ], [ -73.893885, 40.85882 ], [ -73.892993, 40.858386 ], [ -73.894414, 40.856434 ], [ -73.894776, 40.85593 ], [ -73.894617, 40.855864 ], [ -73.894432, 40.855786 ], [ -73.893136, 40.855244 ], [ -73.893274, 40.855079 ], [ -73.893322, 40.855024 ], [ -73.893984, 40.854247 ], [ -73.894205, 40.853855 ], [ -73.893713, 40.853595 ], [ -73.893071, 40.85325 ], [ -73.894318, 40.851891 ], [ -73.893426, 40.851404 ], [ -73.892797, 40.851098 ], [ -73.891741, 40.851666 ], [ -73.891052, 40.852004 ], [ -73.890483, 40.852288 ], [ -73.88994, 40.852591 ], [ -73.889607, 40.853238 ], [ -73.888912, 40.852979 ], [ -73.889518, 40.851803 ], [ -73.888953, 40.851441 ], [ -73.889332, 40.850832 ], [ -73.8899, 40.849869 ], [ -73.89046, 40.848933 ], [ -73.891334, 40.84747 ], [ -73.892421, 40.848003 ], [ -73.89304, 40.846971 ], [ -73.893374, 40.846401 ], [ -73.892901, 40.846269 ], [ -73.89322, 40.845808 ], [ -73.893398, 40.845403 ], [ -73.893567, 40.845138 ], [ -73.893985, 40.844704 ], [ -73.894673, 40.843915 ], [ -73.894809, 40.843761 ], [ -73.894894, 40.843636 ], [ -73.895367, 40.842895 ], [ -73.895714, 40.843049 ], [ -73.896303, 40.843319 ], [ -73.896639, 40.8435 ], [ -73.897112, 40.843706 ], [ -73.897611, 40.84381 ], [ -73.898663, 40.843933 ], [ -73.899733, 40.844056 ], [ -73.900333, 40.842989 ], [ -73.901118, 40.841599 ], [ -73.901877, 40.840246 ], [ -73.903054, 40.840625 ], [ -73.902292, 40.841981 ], [ -73.902146, 40.842233 ], [ -73.901958, 40.842556 ], [ -73.902168, 40.842618 ], [ -73.902335, 40.842667 ], [ -73.901675, 40.843838 ], [ -73.902916, 40.844181 ], [ -73.903576, 40.843004 ], [ -73.904155, 40.84197 ], [ -73.905032, 40.842263 ], [ -73.905, 40.842535 ], [ -73.906002, 40.842629 ], [ -73.906846, 40.842668 ], [ -73.907744, 40.842703 ], [ -73.907722, 40.842958 ], [ -73.908512, 40.843007 ], [ -73.90863, 40.843009 ], [ -73.909547, 40.843045 ], [ -73.909463, 40.843779 ], [ -73.910367, 40.843824 ], [ -73.910274, 40.844883 ], [ -73.911115, 40.844803 ], [ -73.91132, 40.844783 ], [ -73.911537, 40.844768 ], [ -73.912265, 40.844718 ], [ -73.912001, 40.845087 ], [ -73.911899, 40.845231 ], [ -73.911439, 40.845873 ], [ -73.910882, 40.845542 ], [ -73.910743, 40.845459 ], [ -73.909462, 40.846401 ], [ -73.909555, 40.846496 ], [ -73.909661, 40.846605 ], [ -73.910647, 40.84698 ], [ -73.911472, 40.84732 ], [ -73.910674, 40.848438 ], [ -73.909749, 40.848256 ], [ -73.909451, 40.849079 ], [ -73.909175, 40.849899 ], [ -73.908879, 40.850773 ], [ -73.908823, 40.850879 ], [ -73.908411, 40.851319 ], [ -73.909215, 40.851801 ], [ -73.909531, 40.851902 ], [ -73.909864, 40.851958 ], [ -73.910175, 40.851983 ], [ -73.910777, 40.851939 ], [ -73.911025, 40.851906 ], [ -73.911322, 40.851805 ], [ -73.911453, 40.85174 ], [ -73.911536, 40.851692 ], [ -73.911844, 40.851445 ], [ -73.911947, 40.851353 ], [ -73.912113, 40.851092 ], [ -73.912172, 40.850943 ], [ -73.912212, 40.850781 ], [ -73.912291, 40.85061 ], [ -73.912482, 40.850378 ], [ -73.912731, 40.85017 ], [ -73.912875, 40.850125 ], [ -73.913464, 40.850018 ], [ -73.914156, 40.849968 ], [ -73.91382, 40.850611 ], [ -73.914873, 40.851047 ], [ -73.915452, 40.850494 ], [ -73.916051, 40.850043 ], [ -73.917286, 40.849189 ], [ -73.918409, 40.84944 ], [ -73.919371, 40.849621 ], [ -73.919094, 40.849999 ] ] ] ] } },
{ "type": "Feature", "properties": { "assembly district": 26 }, "geometry": { "type": "MultiPolygon", "coordinates": [ [ [ [ -73.830909, 40.786246 ], [ -73.830767, 40.786262 ], [ -73.830493, 40.786293 ], [ -73.829958, 40.786354 ], [ -73.830187, 40.787538 ], [ -73.829388, 40.787632 ], [ -73.828921, 40.787682 ], [ -73.828457, 40.787735 ], [ -73.827538, 40.787838 ], [ -73.826377, 40.78797 ], [ -73.825453, 40.787099 ], [ -73.825984, 40.788389 ], [ -73.826059, 40.788527 ], [ -73.826115, 40.788671 ], [ -73.826152, 40.788818 ], [ -73.82617, 40.788968 ], [ -73.82518, 40.789119 ], [ -73.825, 40.788923 ], [ -73.824416, 40.787493 ], [ -73.824317, 40.787545 ], [ -73.824228, 40.787608 ], [ -73.824152, 40.787682 ], [ -73.824092, 40.787764 ], [ -73.82405, 40.787849 ], [ -73.82398, 40.788032 ], [ -73.823916, 40.788217 ], [ -73.823859, 40.788402 ], [ -73.82381, 40.788589 ], [ -73.823768, 40.788777 ], [ -73.823733, 40.788966 ], [ -73.823705, 40.789155 ], [ -73.823685, 40.789345 ], [ -73.823671, 40.789447 ], [ -73.823511, 40.789389 ], [ -73.823404, 40.790619 ], [ -73.823169, 40.790088 ], [ -73.82309, 40.78998 ], [ -73.822996, 40.789886 ], [ -73.822889, 40.789792 ], [ -73.822712, 40.789661 ], [ -73.822625, 40.789606 ], [ -73.822537, 40.789568 ], [ -73.82248, 40.789587 ], [ -73.822362, 40.789616 ], [ -73.822212, 40.789653 ], [ -73.822026, 40.789682 ], [ -73.821858, 40.789696 ], [ -73.821648, 40.789697 ], [ -73.821321, 40.789666 ], [ -73.820995, 40.789624 ], [ -73.820673, 40.789571 ], [ -73.820354, 40.789507 ], [ -73.820249, 40.789482 ], [ -73.820039, 40.789432 ], [ -73.819417, 40.789163 ], [ -73.819348, 40.789144 ], [ -73.8194, 40.789271 ], [ -73.819531, 40.78959 ], [ -73.819872, 40.789646 ], [ -73.820208, 40.789718 ], [ -73.820538, 40.789807 ], [ -73.820859, 40.789912 ], [ -73.821159, 40.790027 ], [ -73.819832, 40.790346 ], [ -73.818224, 40.79071 ], [ -73.816824, 40.791026 ], [ -73.817213, 40.791986 ], [ -73.815241, 40.792438 ], [ -73.81296, 40.792966 ], [ -73.811568, 40.793289 ], [ -73.81031, 40.793544 ], [ -73.810436, 40.795009 ], [ -73.810426, 40.795501 ], [ -73.809865, 40.79554 ], [ -73.809607, 40.796091 ], [ -73.810562, 40.796301 ], [ -73.810438, 40.796644 ], [ -73.810145, 40.797147 ], [ -73.811299, 40.805397 ], [ -73.804543, 40.803554 ], [ -73.799745, 40.802199 ], [ -73.797133, 40.80141 ], [ -73.793559, 40.80038 ], [ -73.793371, 40.800387 ], [ -73.79002, 40.80023 ], [ -73.787918, 40.800362 ], [ -73.787316, 40.800853 ], [ -73.784745, 40.802592 ], [ -73.782676, 40.805386 ], [ -73.779556, 40.811247 ], [ -73.778958, 40.811713 ], [ -73.774869, 40.80691 ], [ -73.770899, 40.802246 ], [ -73.766229, 40.79676 ], [ -73.763712, 40.793803 ], [ -73.757103, 40.789692 ], [ -73.756187, 40.788703 ], [ -73.750817, 40.782887 ], [ -73.750458, 40.78261 ], [ -73.750337, 40.782512 ], [ -73.750295, 40.782478 ], [ -73.749664, 40.782106 ], [ -73.749334, 40.781908 ], [ -73.747068, 40.780546 ], [ -73.7468, 40.780378 ], [ -73.746368, 40.78012 ], [ -73.745436, 40.779497 ], [ -73.74421, 40.778705 ], [ -73.744107, 40.778642 ], [ -73.743421, 40.778224 ], [ -73.741535, 40.777111 ], [ -73.74076, 40.776695 ], [ -73.740366, 40.77639 ], [ -73.74008, 40.776209 ], [ -73.739598, 40.776075 ], [ -73.739376, 40.776014 ], [ -73.739332, 40.77596 ], [ -73.739423, 40.775902 ], [ -73.739488, 40.77585 ], [ -73.739538, 40.775814 ], [ -73.739428, 40.775817 ], [ -73.739311, 40.775744 ], [ -73.739185, 40.775666 ], [ -73.739036, 40.775574 ], [ -73.738759, 40.775403 ], [ -73.738458, 40.775217 ], [ -73.73809, 40.774989 ], [ -73.737809, 40.774815 ], [ -73.737732, 40.774786 ], [ -73.737681, 40.774764 ], [ -73.73762, 40.774738 ], [ -73.737023, 40.774347 ], [ -73.736925, 40.774267 ], [ -73.736806, 40.774198 ], [ -73.736349, 40.773906 ], [ -73.736294, 40.773873 ], [ -73.73577, 40.773553 ], [ -73.735525, 40.773403 ], [ -73.735221, 40.773218 ], [ -73.734674, 40.772885 ], [ -73.734181, 40.772582 ], [ -73.733962, 40.772449 ], [ -73.73309, 40.771918 ], [ -73.733036, 40.771883 ], [ -73.732118, 40.77132 ], [ -73.732072, 40.771296 ], [ -73.731927, 40.771216 ], [ -73.731736, 40.771098 ], [ -73.731275, 40.77082 ], [ -73.731167, 40.770747 ], [ -73.730826, 40.770536 ], [ -73.73051, 40.770338 ], [ -73.730471, 40.770314 ], [ -73.730294, 40.770204 ], [ -73.729737, 40.769866 ], [ -73.729524, 40.769734 ], [ -73.729217, 40.76953 ], [ -73.729121, 40.769471 ], [ -73.728965, 40.769373 ], [ -73.728816, 40.769279 ], [ -73.727993, 40.76878 ], [ -73.727762, 40.768631 ], [ -73.727449, 40.768427 ], [ -73.727049, 40.76817 ], [ -73.726906, 40.768083 ], [ -73.726759, 40.767977 ], [ -73.726329, 40.767705 ], [ -73.726047, 40.767527 ], [ -73.725901, 40.767456 ], [ -73.725771, 40.767393 ], [ -73.725097, 40.766989 ], [ -73.723831, 40.766218 ], [ -73.72382, 40.766211 ], [ -73.723511, 40.766017 ], [ -73.722934, 40.765659 ], [ -73.722154, 40.765176 ], [ -73.721616, 40.764841 ], [ -73.721514, 40.764775 ], [ -73.721231, 40.764607 ], [ -73.721059, 40.764499 ], [ -73.720999, 40.764454 ], [ -73.72058, 40.764195 ], [ -73.720507, 40.764151 ], [ -73.720138, 40.763928 ], [ -73.719528, 40.763556 ], [ -73.719166, 40.763334 ], [ -73.716599, 40.761768 ], [ -73.716082, 40.761451 ], [ -73.716068, 40.761462 ], [ -73.714126, 40.760245 ], [ -73.713656, 40.759936 ], [ -73.713632, 40.75992 ], [ -73.713498, 40.759832 ], [ -73.713325, 40.75973 ], [ -73.712898, 40.75949 ], [ -73.712761, 40.759415 ], [ -73.712605, 40.759328 ], [ -73.712449, 40.759242 ], [ -73.712108, 40.759017 ], [ -73.712034, 40.758968 ], [ -73.711548, 40.758649 ], [ -73.711341, 40.758513 ], [ -73.710858, 40.758195 ], [ -73.710606, 40.75803 ], [ -73.710112, 40.757708 ], [ -73.709501, 40.75731 ], [ -73.709374, 40.757227 ], [ -73.708129, 40.756414 ], [ -73.707825, 40.756216 ], [ -73.707008, 40.755758 ], [ -73.70619, 40.755301 ], [ -73.705271, 40.75477 ], [ -73.703468, 40.753683 ], [ -73.703336, 40.753599 ], [ -73.703203, 40.753515 ], [ -73.702968, 40.753383 ], [ -73.702735, 40.753251 ], [ -73.702178, 40.752886 ], [ -73.701633, 40.752493 ], [ -73.70154, 40.751925 ], [ -73.701473, 40.751329 ], [ -73.701421, 40.750804 ], [ -73.701422, 40.750752 ], [ -73.701425, 40.75066 ], [ -73.701238, 40.749011 ], [ -73.701205, 40.748861 ], [ -73.701001, 40.747086 ], [ -73.700988, 40.746878 ], [ -73.700791, 40.745082 ], [ -73.700768, 40.745014 ], [ -73.700582, 40.743184 ], [ -73.701074, 40.74307 ], [ -73.702151, 40.742825 ], [ -73.702424, 40.742763 ], [ -73.703346, 40.742568 ], [ -73.704266, 40.742369 ], [ -73.705169, 40.742175 ], [ -73.706073, 40.74198 ], [ -73.706734, 40.743763 ], [ -73.707437, 40.745651 ], [ -73.708098, 40.747435 ], [ -73.709035, 40.747235 ], [ -73.709971, 40.747034 ], [ -73.710296, 40.747908 ], [ -73.709537, 40.748316 ], [ -73.711329, 40.749474 ], [ -73.712632, 40.750307 ], [ -73.713731, 40.751029 ], [ -73.715098, 40.751812 ], [ -73.715368, 40.751734 ], [ -73.715523, 40.751699 ], [ -73.715743, 40.75166 ], [ -73.715998, 40.75163 ], [ -73.716256, 40.751616 ], [ -73.716501, 40.751618 ], [ -73.716606, 40.75162 ], [ -73.716701, 40.751613 ], [ -73.716826, 40.75159 ], [ -73.716963, 40.751545 ], [ -73.717043, 40.751506 ], [ -73.717734, 40.750888 ], [ -73.719207, 40.751826 ], [ -73.719316, 40.751899 ], [ -73.719444, 40.751958 ], [ -73.719591, 40.752005 ], [ -73.71974, 40.752037 ], [ -73.719896, 40.752055 ], [ -73.721028, 40.752109 ], [ -73.721098, 40.752074 ], [ -73.721263, 40.752473 ], [ -73.721561, 40.752747 ], [ -73.722126, 40.753098 ], [ -73.722271, 40.753175 ], [ -73.722376, 40.753251 ], [ -73.722495, 40.753352 ], [ -73.722591, 40.753462 ], [ -73.722635, 40.753566 ], [ -73.722661, 40.753626 ], [ -73.72269, 40.753711 ], [ -73.722934, 40.754128 ], [ -73.723028, 40.754286 ], [ -73.723188, 40.754557 ], [ -73.724002, 40.754152 ], [ -73.725576, 40.753327 ], [ -73.725425, 40.753056 ], [ -73.726232, 40.752595 ], [ -73.726955, 40.752071 ], [ -73.727585, 40.751495 ], [ -73.727645, 40.751429 ], [ -73.728321, 40.750689 ], [ -73.728422, 40.750578 ], [ -73.728568, 40.752177 ], [ -73.728636, 40.752794 ], [ -73.72852, 40.753901 ], [ -73.728399, 40.755199 ], [ -73.728709, 40.755674 ], [ -73.729735, 40.75548 ], [ -73.730798, 40.755268 ], [ -73.730867, 40.755229 ], [ -73.730925, 40.755175 ], [ -73.730962, 40.755109 ], [ -73.730975, 40.755037 ], [ -73.730963, 40.754968 ], [ -73.73093, 40.754908 ], [ -73.732702, 40.754611 ], [ -73.733426, 40.754455 ], [ -73.73407, 40.7563 ], [ -73.735509, 40.755872 ], [ -73.736278, 40.755796 ], [ -73.736762, 40.755748 ], [ -73.738727, 40.755514 ], [ -73.739381, 40.755761 ], [ -73.739295, 40.755876 ], [ -73.739226, 40.756 ], [ -73.739178, 40.756129 ], [ -73.73915, 40.756261 ], [ -73.739144, 40.756394 ], [ -73.739179, 40.756718 ], [ -73.739263, 40.756917 ], [ -73.739706, 40.756623 ], [ -73.743978, 40.753851 ], [ -73.744279, 40.75365 ], [ -73.744409, 40.753563 ], [ -73.744516, 40.753495 ], [ -73.744704, 40.753373 ], [ -73.745973, 40.75255 ], [ -73.746808, 40.752028 ], [ -73.746867, 40.752093 ], [ -73.747099, 40.752347 ], [ -73.748439, 40.751613 ], [ -73.749291, 40.751282 ], [ -73.749976, 40.75294 ], [ -73.750249, 40.753626 ], [ -73.750429, 40.753577 ], [ -73.750605, 40.753518 ], [ -73.750774, 40.753449 ], [ -73.750936, 40.75337 ], [ -73.751096, 40.753278 ], [ -73.751273, 40.753166 ], [ -73.752001, 40.752954 ], [ -73.751392, 40.751572 ], [ -73.752358, 40.751412 ], [ -73.753255, 40.751238 ], [ -73.75413, 40.751043 ], [ -73.754558, 40.750933 ], [ -73.755014, 40.750817 ], [ -73.757377, 40.750228 ], [ -73.757827, 40.750758 ], [ -73.758799, 40.750483 ], [ -73.759682, 40.750241 ], [ -73.760565, 40.75 ], [ -73.761452, 40.749758 ], [ -73.76235, 40.749506 ], [ -73.763089, 40.751138 ], [ -73.764015, 40.750858 ], [ -73.764736, 40.75246 ], [ -73.764598, 40.752596 ], [ -73.763869, 40.752222 ], [ -73.763964, 40.753673 ], [ -73.764108, 40.754532 ], [ -73.764238, 40.755239 ], [ -73.764333, 40.755994 ], [ -73.76342, 40.756197 ], [ -73.763517, 40.756549 ], [ -73.763611, 40.75689 ], [ -73.763844, 40.757708 ], [ -73.762938, 40.757901 ], [ -73.761997, 40.758102 ], [ -73.762395, 40.759497 ], [ -73.763337, 40.759294 ], [ -73.763854, 40.761096 ], [ -73.764771, 40.760948 ], [ -73.76569, 40.760802 ], [ -73.766604, 40.760648 ], [ -73.76752, 40.760492 ], [ -73.768459, 40.760384 ], [ -73.769337, 40.760254 ], [ -73.770275, 40.760083 ], [ -73.771149, 40.759867 ], [ -73.77182, 40.759689 ], [ -73.772035, 40.759636 ], [ -73.772916, 40.759398 ], [ -73.773781, 40.759165 ], [ -73.774225, 40.759043 ], [ -73.774687, 40.75892 ], [ -73.77557, 40.758681 ], [ -73.776475, 40.758467 ], [ -73.777016, 40.758319 ], [ -73.7772, 40.758269 ], [ -73.777403, 40.758214 ], [ -73.777667, 40.758148 ], [ -73.777417, 40.757362 ], [ -73.779015, 40.756934 ], [ -73.780563, 40.756515 ], [ -73.782481, 40.755997 ], [ -73.784468, 40.75546 ], [ -73.784391, 40.754726 ], [ -73.784315, 40.753986 ], [ -73.785241, 40.753833 ], [ -73.786177, 40.753777 ], [ -73.787111, 40.753717 ], [ -73.788047, 40.753666 ], [ -73.789002, 40.753609 ], [ -73.791415, 40.753465 ], [ -73.791314, 40.752767 ], [ -73.792375, 40.75307 ], [ -73.793433, 40.753343 ], [ -73.794577, 40.753563 ], [ -73.795459, 40.753667 ], [ -73.796396, 40.753772 ], [ -73.797325, 40.753871 ], [ -73.798261, 40.753895 ], [ -73.799214, 40.753832 ], [ -73.800166, 40.753782 ], [ -73.801114, 40.753734 ], [ -73.801827, 40.753717 ], [ -73.803007, 40.753699 ], [ -73.80266, 40.756252 ], [ -73.802335, 40.7586 ], [ -73.802153, 40.759987 ], [ -73.80125, 40.759828 ], [ -73.801238, 40.759901 ], [ -73.800834, 40.759971 ], [ -73.801191, 40.760198 ], [ -73.802049, 40.760836 ], [ -73.801937, 40.761536 ], [ -73.801915, 40.761661 ], [ -73.802076, 40.761753 ], [ -73.801889, 40.761898 ], [ -73.801781, 40.762703 ], [ -73.801428, 40.765286 ], [ -73.801082, 40.767815 ], [ -73.800894, 40.769191 ], [ -73.800641, 40.771054 ], [ -73.800481, 40.772202 ], [ -73.799962, 40.772436 ], [ -73.799481, 40.772671 ], [ -73.798719, 40.773054 ], [ -73.798456, 40.773197 ], [ -73.797593, 40.773682 ], [ -73.798384, 40.773747 ], [ -73.798335, 40.77415 ], [ -73.7983, 40.77445 ], [ -73.798233, 40.774848 ], [ -73.798169, 40.775163 ], [ -73.798088, 40.775877 ], [ -73.797994, 40.776587 ], [ -73.799946, 40.776741 ], [ -73.800584, 40.777466 ], [ -73.800682, 40.777562 ], [ -73.801173, 40.778166 ], [ -73.801644, 40.778864 ], [ -73.803327, 40.778996 ], [ -73.804801, 40.77912 ], [ -73.805111, 40.779039 ], [ -73.806005, 40.779925 ], [ -73.80613, 40.779217 ], [ -73.808989, 40.779443 ], [ -73.812204, 40.779698 ], [ -73.814395, 40.779871 ], [ -73.817145, 40.780089 ], [ -73.819173, 40.78025 ], [ -73.821178, 40.780415 ], [ -73.821209, 40.780243 ], [ -73.822918, 40.780536 ], [ -73.823313, 40.779579 ], [ -73.823547, 40.779036 ], [ -73.824505, 40.779353 ], [ -73.825667, 40.77973 ], [ -73.825929, 40.779808 ], [ -73.826235, 40.779921 ], [ -73.825916, 40.780518 ], [ -73.826127, 40.780655 ], [ -73.826061, 40.780984 ], [ -73.825697, 40.781691 ], [ -73.826785, 40.781668 ], [ -73.82689, 40.783639 ], [ -73.826902, 40.784652 ], [ -73.827862, 40.784649 ], [ -73.828806, 40.784649 ], [ -73.829622, 40.784638 ], [ -73.830589, 40.784641 ], [ -73.830649, 40.784959 ], [ -73.830679, 40.785119 ], [ -73.830839, 40.785906 ], [ -73.830909, 40.786246 ] ] ] ] } },
{ "type": "Feature", "properties": { "assembly district": 48 }, "geometry": { "type": "MultiPolygon", "coordinates": [ [ [ [ -74.005153, 40.632833 ], [ -74.004549, 40.633414 ], [ -74.003989, 40.63399 ], [ -74.004107, 40.63406 ], [ -74.003388, 40.634538 ], [ -74.002673, 40.635019 ], [ -74.001957, 40.635497 ], [ -74.00124, 40.635978 ], [ -74.000525, 40.636456 ], [ -73.999807, 40.636936 ], [ -73.999091, 40.637415 ], [ -73.999889, 40.637896 ], [ -73.999305, 40.638455 ], [ -73.998722, 40.639016 ], [ -73.998139, 40.639575 ], [ -73.997557, 40.640136 ], [ -73.996974, 40.640694 ], [ -73.99551, 40.63981 ], [ -73.994791, 40.639372 ], [ -73.994346, 40.639816 ], [ -73.994333, 40.639967 ], [ -73.994795, 40.640288 ], [ -73.994331, 40.6406 ], [ -73.994077, 40.64077 ], [ -73.991408, 40.639156 ], [ -73.990823, 40.639717 ], [ -73.990244, 40.640275 ], [ -73.988039, 40.638947 ], [ -73.985836, 40.637616 ], [ -73.983634, 40.636285 ], [ -73.984218, 40.635726 ], [ -73.982015, 40.634395 ], [ -73.981432, 40.634955 ], [ -73.979064, 40.63353 ], [ -73.978973, 40.633476 ], [ -73.979558, 40.632913 ], [ -73.97885, 40.632497 ], [ -73.978516, 40.6323 ], [ -73.978652, 40.633045 ], [ -73.977617, 40.633154 ], [ -73.977165, 40.630747 ], [ -73.977071, 40.630253 ], [ -73.976999, 40.629871 ], [ -73.97685, 40.629089 ], [ -73.976696, 40.628354 ], [ -73.976578, 40.627574 ], [ -73.976514, 40.627294 ], [ -73.97645, 40.627008 ], [ -73.975832, 40.627072 ], [ -73.9759, 40.627398 ], [ -73.974418, 40.627636 ], [ -73.974343, 40.627231 ], [ -73.973415, 40.627333 ], [ -73.97249, 40.627437 ], [ -73.972298, 40.626432 ], [ -73.971187, 40.626543 ], [ -73.970922, 40.62657 ], [ -73.970669, 40.626598 ], [ -73.969552, 40.626722 ], [ -73.968478, 40.626841 ], [ -73.967553, 40.626944 ], [ -73.966623, 40.627044 ], [ -73.965625, 40.627155 ], [ -73.964628, 40.627266 ], [ -73.9637, 40.627367 ], [ -73.962774, 40.627469 ], [ -73.961846, 40.627571 ], [ -73.961399, 40.627621 ], [ -73.960918, 40.627674 ], [ -73.959956, 40.627778 ], [ -73.958994, 40.627886 ], [ -73.958053, 40.627972 ], [ -73.956847, 40.62812 ], [ -73.956393, 40.62573 ], [ -73.955774, 40.625799 ], [ -73.955364, 40.625844 ], [ -73.954908, 40.623454 ], [ -73.953983, 40.623555 ], [ -73.953052, 40.623658 ], [ -73.952126, 40.623759 ], [ -73.95167, 40.621369 ], [ -73.951221, 40.618978 ], [ -73.952148, 40.618875 ], [ -73.953078, 40.618775 ], [ -73.954003, 40.618672 ], [ -73.955037, 40.618558 ], [ -73.956238, 40.618427 ], [ -73.956765, 40.618369 ], [ -73.957184, 40.618326 ], [ -73.958147, 40.618217 ], [ -73.95805, 40.617705 ], [ -73.958977, 40.617409 ], [ -73.959107, 40.618113 ], [ -73.9595, 40.617978 ], [ -73.959663, 40.617922 ], [ -73.959993, 40.617795 ], [ -73.960888, 40.617501 ], [ -73.961775, 40.617204 ], [ -73.962663, 40.616911 ], [ -73.962364, 40.615314 ], [ -73.963361, 40.615204 ], [ -73.964358, 40.615094 ], [ -73.963853, 40.612433 ], [ -73.964781, 40.612331 ], [ -73.965708, 40.612228 ], [ -73.966782, 40.612109 ], [ -73.967881, 40.61199 ], [ -73.968153, 40.61196 ], [ -73.967668, 40.609404 ], [ -73.967941, 40.609374 ], [ -73.969041, 40.609254 ], [ -73.96997, 40.60915 ], [ -73.970896, 40.60905 ], [ -73.971913, 40.608936 ], [ -73.972994, 40.608814 ], [ -73.97322, 40.608789 ], [ -73.974031, 40.608702 ], [ -73.974184, 40.609463 ], [ -73.975278, 40.610128 ], [ -73.976358, 40.610784 ], [ -73.976738, 40.611009 ], [ -73.977011, 40.611173 ], [ -73.977408, 40.611411 ], [ -73.97847, 40.612044 ], [ -73.979209, 40.612497 ], [ -73.979474, 40.612666 ], [ -73.980707, 40.613402 ], [ -73.981438, 40.613838 ], [ -73.98249, 40.614424 ], [ -73.983668, 40.615185 ], [ -73.98586, 40.616522 ], [ -73.985233, 40.617125 ], [ -73.983296, 40.615955 ], [ -73.98303, 40.615793 ], [ -73.98245, 40.616353 ], [ -73.981868, 40.616912 ], [ -73.981286, 40.617471 ], [ -73.983489, 40.6188 ], [ -73.985693, 40.620131 ], [ -73.985087, 40.620712 ], [ -73.984478, 40.621293 ], [ -73.986667, 40.622614 ], [ -73.987257, 40.622022 ], [ -73.987851, 40.621435 ], [ -73.990094, 40.622789 ], [ -73.99255, 40.624274 ], [ -73.993982, 40.625142 ], [ -73.994325, 40.625343 ], [ -73.994892, 40.625462 ], [ -73.994734, 40.625615 ], [ -73.994649, 40.625698 ], [ -73.995079, 40.625807 ], [ -73.996788, 40.626826 ], [ -73.996953, 40.626931 ], [ -73.999149, 40.628263 ], [ -74.001349, 40.629598 ], [ -74.003554, 40.630923 ], [ -74.005759, 40.632253 ], [ -74.005153, 40.632833 ] ] ] ] } },
{ "type": "Feature", "properties": { "assembly district": 36 }, "geometry": { "type": "MultiPolygon", "coordinates": [ [ [ [ -73.934607, 40.764798 ], [ -73.934476, 40.765003 ], [ -73.934189, 40.765455 ], [ -73.933627, 40.766292 ], [ -73.934935, 40.767013 ], [ -73.934229, 40.767855 ], [ -73.933445, 40.768818 ], [ -73.933367, 40.768912 ], [ -73.933176, 40.769145 ], [ -73.932726, 40.769699 ], [ -73.932046, 40.770545 ], [ -73.931278, 40.771516 ], [ -73.932239, 40.772041 ], [ -73.930772, 40.772108 ], [ -73.930126, 40.772114 ], [ -73.930051, 40.772569 ], [ -73.929928, 40.773551 ], [ -73.929879, 40.77361 ], [ -73.92904, 40.775173 ], [ -73.928196, 40.77491 ], [ -73.927376, 40.776467 ], [ -73.927831, 40.776702 ], [ -73.928277, 40.776899 ], [ -73.927084, 40.777717 ], [ -73.926318, 40.778242 ], [ -73.925908, 40.778361 ], [ -73.925745, 40.778405 ], [ -73.925573, 40.778459 ], [ -73.924816, 40.778758 ], [ -73.924234, 40.779101 ], [ -73.923187, 40.780248 ], [ -73.922957, 40.780441 ], [ -73.92263, 40.780565 ], [ -73.9221, 40.780852 ], [ -73.920999, 40.781749 ], [ -73.920763, 40.78195 ], [ -73.920383, 40.782276 ], [ -73.919965, 40.782635 ], [ -73.91909, 40.783368 ], [ -73.918474, 40.783754 ], [ -73.918189, 40.783933 ], [ -73.917738, 40.784076 ], [ -73.917245, 40.784142 ], [ -73.917171, 40.784193 ], [ -73.917182, 40.784552 ], [ -73.916833, 40.785191 ], [ -73.915752, 40.786108 ], [ -73.915399, 40.786058 ], [ -73.915344, 40.786116 ], [ -73.91526, 40.786192 ], [ -73.915587, 40.78643 ], [ -73.914239, 40.787856 ], [ -73.9126, 40.789376 ], [ -73.91223, 40.789179 ], [ -73.912069, 40.789339 ], [ -73.911951, 40.789402 ], [ -73.91208, 40.789522 ], [ -73.911774, 40.789723 ], [ -73.911618, 40.789586 ], [ -73.91125, 40.789744 ], [ -73.911131, 40.790114 ], [ -73.910296, 40.790657 ], [ -73.910673, 40.793116 ], [ -73.912456, 40.796096 ], [ -73.899869, 40.792449 ], [ -73.892182, 40.790394 ], [ -73.892104, 40.790323 ], [ -73.891974, 40.790236 ], [ -73.89177, 40.790222 ], [ -73.891606, 40.790161 ], [ -73.891405, 40.790194 ], [ -73.891156, 40.790174 ], [ -73.89092, 40.790226 ], [ -73.8908, 40.790208 ], [ -73.89057, 40.790108 ], [ -73.890301, 40.789877 ], [ -73.890127, 40.789636 ], [ -73.889885, 40.78901 ], [ -73.88987, 40.788895 ], [ -73.889797, 40.788652 ], [ -73.889611, 40.7882 ], [ -73.889523, 40.788059 ], [ -73.889405, 40.787791 ], [ -73.889052, 40.787373 ], [ -73.888565, 40.787161 ], [ -73.888307, 40.787006 ], [ -73.8877, 40.78687 ], [ -73.887278, 40.786807 ], [ -73.887153, 40.786826 ], [ -73.886922, 40.786733 ], [ -73.886593, 40.786738 ], [ -73.886317, 40.786733 ], [ -73.88613, 40.786708 ], [ -73.885962, 40.786753 ], [ -73.88577, 40.786678 ], [ -73.885374, 40.786669 ], [ -73.885303, 40.786685 ], [ -73.889428, 40.78057 ], [ -73.888854, 40.779737 ], [ -73.889058, 40.774377 ], [ -73.889077, 40.773574 ], [ -73.889424, 40.773046 ], [ -73.88904, 40.770916 ], [ -73.888726, 40.768916 ], [ -73.888407, 40.767055 ], [ -73.887818, 40.767202 ], [ -73.887731, 40.766915 ], [ -73.888365, 40.76677 ], [ -73.888342, 40.766597 ], [ -73.888514, 40.766563 ], [ -73.888739, 40.766518 ], [ -73.888773, 40.766511 ], [ -73.889186, 40.766299 ], [ -73.889399, 40.766246 ], [ -73.889949, 40.766104 ], [ -73.890424, 40.765962 ], [ -73.89072, 40.765887 ], [ -73.890898, 40.765857 ], [ -73.891911, 40.765711 ], [ -73.89247, 40.765744 ], [ -73.893501, 40.765954 ], [ -73.894324, 40.766146 ], [ -73.894432, 40.766011 ], [ -73.8945, 40.76592 ], [ -73.894566, 40.765813 ], [ -73.894598, 40.765728 ], [ -73.894625, 40.765615 ], [ -73.894796, 40.765154 ], [ -73.894955, 40.764668 ], [ -73.895031, 40.764477 ], [ -73.895097, 40.764357 ], [ -73.8952, 40.76423 ], [ -73.895291, 40.764151 ], [ -73.895383, 40.764052 ], [ -73.8955, 40.763953 ], [ -73.895651, 40.763836 ], [ -73.895857, 40.763702 ], [ -73.895987, 40.763611 ], [ -73.896112, 40.763518 ], [ -73.896216, 40.763434 ], [ -73.896318, 40.763347 ], [ -73.896392, 40.763269 ], [ -73.896551, 40.763082 ], [ -73.896764, 40.762774 ], [ -73.896824, 40.762687 ], [ -73.897006, 40.76244 ], [ -73.897127, 40.762291 ], [ -73.897317, 40.762021 ], [ -73.897345, 40.761977 ], [ -73.897204, 40.761967 ], [ -73.897051, 40.761957 ], [ -73.896941, 40.761968 ], [ -73.896024, 40.762062 ], [ -73.895693, 40.760239 ], [ -73.896623, 40.760141 ], [ -73.897553, 40.760044 ], [ -73.898223, 40.75996 ], [ -73.898454, 40.759931 ], [ -73.898552, 40.759926 ], [ -73.899003, 40.75931 ], [ -73.899372, 40.758798 ], [ -73.899481, 40.758638 ], [ -73.899548, 40.758521 ], [ -73.899608, 40.758386 ], [ -73.899682, 40.758111 ], [ -73.899696, 40.758001 ], [ -73.899703, 40.757783 ], [ -73.89946, 40.757814 ], [ -73.899212, 40.757848 ], [ -73.898926, 40.756299 ], [ -73.89948, 40.756247 ], [ -73.899573, 40.756237 ], [ -73.899689, 40.756224 ], [ -73.899885, 40.756202 ], [ -73.900066, 40.756182 ], [ -73.900174, 40.75617 ], [ -73.900438, 40.756139 ], [ -73.900703, 40.75611 ], [ -73.901608, 40.756015 ], [ -73.901899, 40.757564 ], [ -73.902786, 40.757472 ], [ -73.903678, 40.757377 ], [ -73.904665, 40.757274 ], [ -73.904847, 40.757255 ], [ -73.904772, 40.758083 ], [ -73.904561, 40.759485 ], [ -73.905101, 40.759515 ], [ -73.905231, 40.759543 ], [ -73.905439, 40.759588 ], [ -73.906315, 40.759844 ], [ -73.906997, 40.760143 ], [ -73.907292, 40.760281 ], [ -73.907417, 40.76034 ], [ -73.907794, 40.760518 ], [ -73.908592, 40.76089 ], [ -73.909391, 40.761264 ], [ -73.910217, 40.760239 ], [ -73.91149, 40.758693 ], [ -73.910684, 40.758319 ], [ -73.912397, 40.756236 ], [ -73.912611, 40.755971 ], [ -73.913411, 40.756348 ], [ -73.915265, 40.754068 ], [ -73.915473, 40.753792 ], [ -73.916505, 40.753892 ], [ -73.917632, 40.753858 ], [ -73.918923, 40.753636 ], [ -73.91767, 40.755181 ], [ -73.917476, 40.755418 ], [ -73.915806, 40.757473 ], [ -73.914267, 40.759367 ], [ -73.913897, 40.759818 ], [ -73.914696, 40.760188 ], [ -73.914942, 40.761243 ], [ -73.915158, 40.762339 ], [ -73.916294, 40.760945 ], [ -73.917089, 40.76132 ], [ -73.917888, 40.761695 ], [ -73.918686, 40.762072 ], [ -73.920326, 40.760057 ], [ -73.920597, 40.759725 ], [ -73.919799, 40.759349 ], [ -73.921659, 40.757051 ], [ -73.922905, 40.755506 ], [ -73.923704, 40.75588 ], [ -73.924504, 40.756255 ], [ -73.925301, 40.756629 ], [ -73.926102, 40.757004 ], [ -73.926903, 40.757379 ], [ -73.927703, 40.757753 ], [ -73.928501, 40.758129 ], [ -73.927247, 40.759671 ], [ -73.928051, 40.760048 ], [ -73.929301, 40.758504 ], [ -73.9301, 40.75888 ], [ -73.92885, 40.760421 ], [ -73.929651, 40.760798 ], [ -73.930548, 40.761223 ], [ -73.930947, 40.761409 ], [ -73.931456, 40.761648 ], [ -73.93158, 40.761706 ], [ -73.932227, 40.762008 ], [ -73.932672, 40.762215 ], [ -73.933125, 40.762426 ], [ -73.933981, 40.762826 ], [ -73.935414, 40.763497 ], [ -73.934607, 40.764798 ] ] ] ] } },
{ "type": "Feature", "properties": { "assembly district": 77 }, "geometry": { "type": "MultiPolygon", "coordinates": [ [ [ [ -73.933459, 40.833184 ], [ -73.933144, 40.834815 ], [ -73.933006, 40.835679 ], [ -73.930654, 40.839599 ], [ -73.930606, 40.839679 ], [ -73.930406, 40.840279 ], [ -73.930368, 40.84065 ], [ -73.930039, 40.84125 ], [ -73.929727, 40.841849 ], [ -73.929579, 40.842047 ], [ -73.929695, 40.842195 ], [ -73.929635, 40.842256 ], [ -73.929609, 40.84228 ], [ -73.929597, 40.842292 ], [ -73.929503, 40.842381 ], [ -73.929006, 40.844079 ], [ -73.928253, 40.845335 ], [ -73.928245, 40.845349 ], [ -73.928159, 40.845492 ], [ -73.92815, 40.845507 ], [ -73.928106, 40.845579 ], [ -73.928032, 40.84567 ], [ -73.927397, 40.846436 ], [ -73.927296, 40.846557 ], [ -73.925036, 40.84918 ], [ -73.923904, 40.850488 ], [ -73.923647, 40.850902 ], [ -73.922978, 40.852022 ], [ -73.922706, 40.852479 ], [ -73.922199, 40.853112 ], [ -73.921626, 40.853966 ], [ -73.921581, 40.854046 ], [ -73.921536, 40.854127 ], [ -73.921405, 40.854358 ], [ -73.921215, 40.854693 ], [ -73.920958, 40.855112 ], [ -73.920273, 40.856234 ], [ -73.920005, 40.856679 ], [ -73.91929, 40.857475 ], [ -73.917901, 40.856937 ], [ -73.91764, 40.857348 ], [ -73.917387, 40.857277 ], [ -73.917338, 40.857389 ], [ -73.917058, 40.858027 ], [ -73.916875, 40.858009 ], [ -73.916642, 40.857988 ], [ -73.915886, 40.857887 ], [ -73.91679, 40.854873 ], [ -73.916935, 40.854609 ], [ -73.918167, 40.852983 ], [ -73.917923, 40.85276 ], [ -73.917578, 40.852277 ], [ -73.917406, 40.852146 ], [ -73.917198, 40.85205 ], [ -73.916831, 40.851976 ], [ -73.916447, 40.851905 ], [ -73.917275, 40.851314 ], [ -73.918948, 40.850182 ], [ -73.919094, 40.849999 ], [ -73.919371, 40.849621 ], [ -73.918409, 40.84944 ], [ -73.917286, 40.849189 ], [ -73.916051, 40.850043 ], [ -73.915452, 40.850494 ], [ -73.914873, 40.851047 ], [ -73.91382, 40.850611 ], [ -73.914156, 40.849968 ], [ -73.913464, 40.850018 ], [ -73.912875, 40.850125 ], [ -73.912731, 40.85017 ], [ -73.912482, 40.850378 ], [ -73.912291, 40.85061 ], [ -73.912212, 40.850781 ], [ -73.912172, 40.850943 ], [ -73.912113, 40.851092 ], [ -73.911947, 40.851353 ], [ -73.911844, 40.851445 ], [ -73.911536, 40.851692 ], [ -73.911453, 40.85174 ], [ -73.911322, 40.851805 ], [ -73.911025, 40.851906 ], [ -73.910777, 40.851939 ], [ -73.910175, 40.851983 ], [ -73.909864, 40.851958 ], [ -73.909531, 40.851902 ], [ -73.909215, 40.851801 ], [ -73.908411, 40.851319 ], [ -73.908823, 40.850879 ], [ -73.908879, 40.850773 ], [ -73.909175, 40.849899 ], [ -73.909451, 40.849079 ], [ -73.909749, 40.848256 ], [ -73.910674, 40.848438 ], [ -73.911472, 40.84732 ], [ -73.910647, 40.84698 ], [ -73.909661, 40.846605 ], [ -73.909555, 40.846496 ], [ -73.909462, 40.846401 ], [ -73.910743, 40.845459 ], [ -73.910882, 40.845542 ], [ -73.911439, 40.845873 ], [ -73.911899, 40.845231 ], [ -73.912001, 40.845087 ], [ -73.912265, 40.844718 ], [ -73.911537, 40.844768 ], [ -73.91132, 40.844783 ], [ -73.911115, 40.844803 ], [ -73.910274, 40.844883 ], [ -73.910367, 40.843824 ], [ -73.909463, 40.843779 ], [ -73.909547, 40.843045 ], [ -73.90863, 40.843009 ], [ -73.908512, 40.843007 ], [ -73.907722, 40.842958 ], [ -73.907744, 40.842703 ], [ -73.906846, 40.842668 ], [ -73.906002, 40.842629 ], [ -73.905, 40.842535 ], [ -73.905032, 40.842263 ], [ -73.904155, 40.84197 ], [ -73.905383, 40.839769 ], [ -73.904545, 40.839498 ], [ -73.905229, 40.838265 ], [ -73.905979, 40.838505 ], [ -73.906906, 40.837023 ], [ -73.90694, 40.836969 ], [ -73.907402, 40.836232 ], [ -73.908148, 40.834904 ], [ -73.908691, 40.833938 ], [ -73.909621, 40.832281 ], [ -73.90875, 40.832007 ], [ -73.909713, 40.83047 ], [ -73.91049, 40.830737 ], [ -73.91139, 40.829138 ], [ -73.911524, 40.82896 ], [ -73.91166, 40.828749 ], [ -73.912169, 40.827902 ], [ -73.913631, 40.826924 ], [ -73.91461, 40.826295 ], [ -73.915316, 40.826546 ], [ -73.915418, 40.826579 ], [ -73.916235, 40.826842 ], [ -73.917533, 40.82725 ], [ -73.917222, 40.827809 ], [ -73.916906, 40.828389 ], [ -73.91641, 40.82929 ], [ -73.915699, 40.830536 ], [ -73.916591, 40.830839 ], [ -73.917285, 40.829655 ], [ -73.917797, 40.828759 ], [ -73.918626, 40.829108 ], [ -73.91811, 40.830005 ], [ -73.918944, 40.830335 ], [ -73.919313, 40.829702 ], [ -73.919642, 40.829114 ], [ -73.920118, 40.82825 ], [ -73.920201, 40.8281 ], [ -73.920694, 40.827211 ], [ -73.921152, 40.826398 ], [ -73.921739, 40.82564 ], [ -73.922274, 40.82497 ], [ -73.923473, 40.825425 ], [ -73.923062, 40.826096 ], [ -73.922742, 40.826714 ], [ -73.922669, 40.826854 ], [ -73.924047, 40.827244 ], [ -73.923964, 40.827386 ], [ -73.922413, 40.830053 ], [ -73.921661, 40.831337 ], [ -73.921062, 40.832355 ], [ -73.920365, 40.833543 ], [ -73.919907, 40.834323 ], [ -73.919446, 40.83511 ], [ -73.918257, 40.834704 ], [ -73.917903, 40.834579 ], [ -73.917706, 40.83451 ], [ -73.91763, 40.834588 ], [ -73.916467, 40.835778 ], [ -73.915871, 40.836393 ], [ -73.915727, 40.836338 ], [ -73.914817, 40.83599 ], [ -73.913726, 40.83711 ], [ -73.914588, 40.837443 ], [ -73.91478, 40.837517 ], [ -73.914238, 40.838109 ], [ -73.914414, 40.838176 ], [ -73.916429, 40.838948 ], [ -73.91594, 40.839552 ], [ -73.916783, 40.839881 ], [ -73.917683, 40.840225 ], [ -73.918062, 40.840362 ], [ -73.919011, 40.840648 ], [ -73.919783, 40.840876 ], [ -73.921357, 40.840189 ], [ -73.921298, 40.839954 ], [ -73.921328, 40.839602 ], [ -73.921435, 40.839241 ], [ -73.92164, 40.838888 ], [ -73.922559, 40.839271 ], [ -73.922977, 40.838685 ], [ -73.923231, 40.83816 ], [ -73.923302, 40.837317 ], [ -73.924298, 40.83602 ], [ -73.925265, 40.834774 ], [ -73.924394, 40.834484 ], [ -73.925029, 40.833273 ], [ -73.925364, 40.832625 ], [ -73.926429, 40.831423 ], [ -73.926803, 40.831039 ], [ -73.927158, 40.830674 ], [ -73.927264, 40.830565 ], [ -73.928151, 40.830278 ], [ -73.928572, 40.830143 ], [ -73.928108, 40.830997 ], [ -73.927265, 40.832171 ], [ -73.926611, 40.833022 ], [ -73.92614, 40.833636 ], [ -73.927008, 40.833917 ], [ -73.926136, 40.835052 ], [ -73.926994, 40.835332 ], [ -73.927859, 40.835621 ], [ -73.928684, 40.835895 ], [ -73.92938, 40.83467 ], [ -73.930214, 40.833187 ], [ -73.930934, 40.831914 ], [ -73.931505, 40.830838 ], [ -73.931924, 40.830986 ], [ -73.931937, 40.830947 ], [ -73.931849, 40.830354 ], [ -73.931623, 40.829666 ], [ -73.931247, 40.829512 ], [ -73.930962, 40.829547 ], [ -73.930889, 40.829483 ], [ -73.930852, 40.82836 ], [ -73.929932, 40.828636 ], [ -73.930092, 40.827997 ], [ -73.930234, 40.827847 ], [ -73.930411, 40.827803 ], [ -73.930661, 40.827861 ], [ -73.93076, 40.827962 ], [ -73.930872, 40.828113 ], [ -73.930759, 40.82757 ], [ -73.930738, 40.827439 ], [ -73.930729, 40.827341 ], [ -73.930723, 40.827171 ], [ -73.930735, 40.82701 ], [ -73.930789, 40.826685 ], [ -73.930834, 40.82638 ], [ -73.930693, 40.82621 ], [ -73.930658, 40.826166 ], [ -73.929924, 40.825244 ], [ -73.929549, 40.824773 ], [ -73.92913, 40.824238 ], [ -73.928498, 40.823427 ], [ -73.927841, 40.822533 ], [ -73.927224, 40.821709 ], [ -73.92748, 40.821111 ], [ -73.928024, 40.819789 ], [ -73.928839, 40.820016 ], [ -73.929752, 40.820266 ], [ -73.930608, 40.820495 ], [ -73.930687, 40.820516 ], [ -73.930633, 40.819907 ], [ -73.930825, 40.820266 ], [ -73.930733, 40.819362 ], [ -73.932327, 40.819503 ], [ -73.932329, 40.819554 ], [ -73.932333, 40.819654 ], [ -73.932401, 40.821193 ], [ -73.932407, 40.821284 ], [ -73.932425, 40.821561 ], [ -73.932468, 40.822203 ], [ -73.932491, 40.822554 ], [ -73.93252, 40.8228 ], [ -73.932538, 40.823051 ], [ -73.932567, 40.82325 ], [ -73.932568, 40.823488 ], [ -73.932591, 40.823666 ], [ -73.932632, 40.824134 ], [ -73.932643, 40.824356 ], [ -73.932661, 40.824538 ], [ -73.932719, 40.825116 ], [ -73.932728, 40.825183 ], [ -73.932736, 40.82529 ], [ -73.932749, 40.825386 ], [ -73.932749, 40.825439 ], [ -73.932749, 40.825492 ], [ -73.932781, 40.825715 ], [ -73.932793, 40.82583 ], [ -73.932813, 40.825941 ], [ -73.932825, 40.826078 ], [ -73.932898, 40.826558 ], [ -73.933003, 40.827676 ], [ -73.933021, 40.827834 ], [ -73.933033, 40.827913 ], [ -73.933047, 40.827995 ], [ -73.933059, 40.828156 ], [ -73.933062, 40.828202 ], [ -73.933074, 40.828275 ], [ -73.93314, 40.828629 ], [ -73.93316, 40.828886 ], [ -73.933182, 40.828985 ], [ -73.933193, 40.829161 ], [ -73.933263, 40.829504 ], [ -73.933417, 40.831377 ], [ -73.933459, 40.833184 ] ] ] ] } },
{ "type": "Feature", "properties": { "assembly district": 55 }, "geometry": { "type": "MultiPolygon", "coordinates": [ [ [ [ -73.931607, 40.663557 ], [ -73.931539, 40.664343 ], [ -73.931455, 40.665234 ], [ -73.931381, 40.666126 ], [ -73.931291, 40.667015 ], [ -73.931214, 40.667825 ], [ -73.93114, 40.668581 ], [ -73.931119, 40.668798 ], [ -73.931099, 40.669019 ], [ -73.931033, 40.669738 ], [ -73.930952, 40.670583 ], [ -73.930868, 40.671474 ], [ -73.930785, 40.672363 ], [ -73.930697, 40.673257 ], [ -73.929313, 40.673181 ], [ -73.927929, 40.673106 ], [ -73.925161, 40.672954 ], [ -73.922215, 40.672792 ], [ -73.922132, 40.673684 ], [ -73.922049, 40.674574 ], [ -73.922021, 40.674858 ], [ -73.921975, 40.675348 ], [ -73.921901, 40.676131 ], [ -73.921832, 40.676849 ], [ -73.921816, 40.677019 ], [ -73.921711, 40.678116 ], [ -73.9227, 40.678171 ], [ -73.922806, 40.677067 ], [ -73.923779, 40.677118 ], [ -73.923673, 40.678222 ], [ -73.924662, 40.678276 ], [ -73.924593, 40.679032 ], [ -73.925266, 40.679073 ], [ -73.92534, 40.679393 ], [ -73.925479, 40.680112 ], [ -73.925625, 40.680847 ], [ -73.925786, 40.681571 ], [ -73.922545, 40.681936 ], [ -73.919866, 40.682254 ], [ -73.920011, 40.682986 ], [ -73.92267, 40.682682 ], [ -73.922814, 40.683415 ], [ -73.920156, 40.683719 ], [ -73.920304, 40.684451 ], [ -73.920447, 40.685185 ], [ -73.923104, 40.68488 ], [ -73.923252, 40.685612 ], [ -73.923396, 40.686345 ], [ -73.92074, 40.68665 ], [ -73.920887, 40.687382 ], [ -73.923542, 40.687076 ], [ -73.923689, 40.687811 ], [ -73.923834, 40.688541 ], [ -73.923979, 40.689275 ], [ -73.924127, 40.690005 ], [ -73.924261, 40.690642 ], [ -73.924392, 40.690831 ], [ -73.924287, 40.690768 ], [ -73.923644, 40.690399 ], [ -73.923169, 40.690123 ], [ -73.922807, 40.689924 ], [ -73.922072, 40.68949 ], [ -73.921306, 40.689072 ], [ -73.921214, 40.689019 ], [ -73.920961, 40.688872 ], [ -73.92055, 40.688641 ], [ -73.91981, 40.688211 ], [ -73.919061, 40.687784 ], [ -73.918783, 40.687626 ], [ -73.918294, 40.687357 ], [ -73.918046, 40.687213 ], [ -73.917614, 40.686966 ], [ -73.916798, 40.686497 ], [ -73.916611, 40.686391 ], [ -73.916046, 40.686072 ], [ -73.915753, 40.68637 ], [ -73.914887, 40.687254 ], [ -73.914785, 40.68736 ], [ -73.914642, 40.687507 ], [ -73.913892, 40.687079 ], [ -73.91314, 40.686652 ], [ -73.912389, 40.686224 ], [ -73.911637, 40.685796 ], [ -73.910887, 40.685369 ], [ -73.910132, 40.684939 ], [ -73.909382, 40.684513 ], [ -73.908629, 40.684086 ], [ -73.907878, 40.683657 ], [ -73.907126, 40.68323 ], [ -73.906376, 40.682802 ], [ -73.905758, 40.68245 ], [ -73.905641, 40.682383 ], [ -73.904876, 40.681947 ], [ -73.904098, 40.681505 ], [ -73.903371, 40.681092 ], [ -73.90358, 40.680879 ], [ -73.903893, 40.680559 ], [ -73.904791, 40.679641 ], [ -73.904568, 40.679515 ], [ -73.904046, 40.67922 ], [ -73.904464, 40.678776 ], [ -73.904688, 40.677943 ], [ -73.903316, 40.677869 ], [ -73.902338, 40.677604 ], [ -73.901548, 40.677356 ], [ -73.901044, 40.677188 ], [ -73.900922, 40.677172 ], [ -73.900708, 40.677145 ], [ -73.900627, 40.677265 ], [ -73.89999, 40.6769 ], [ -73.899836, 40.676869 ], [ -73.899605, 40.676854 ], [ -73.899359, 40.676885 ], [ -73.899066, 40.676939 ], [ -73.898199, 40.677064 ], [ -73.897225, 40.677208 ], [ -73.896218, 40.677358 ], [ -73.895318, 40.677496 ], [ -73.894388, 40.67763 ], [ -73.893977, 40.676019 ], [ -73.893068, 40.676144 ], [ -73.893484, 40.677762 ], [ -73.892579, 40.6779 ], [ -73.891672, 40.678031 ], [ -73.890773, 40.678165 ], [ -73.889875, 40.678302 ], [ -73.889006, 40.678557 ], [ -73.888156, 40.678828 ], [ -73.887304, 40.679097 ], [ -73.886861, 40.67736 ], [ -73.887726, 40.677154 ], [ -73.887371, 40.675756 ], [ -73.886482, 40.675888 ], [ -73.885668, 40.676009 ], [ -73.885352, 40.674768 ], [ -73.885027, 40.6735 ], [ -73.885841, 40.67338 ], [ -73.885517, 40.672113 ], [ -73.886403, 40.671981 ], [ -73.887289, 40.671848 ], [ -73.888192, 40.671715 ], [ -73.889096, 40.671582 ], [ -73.889994, 40.671449 ], [ -73.890878, 40.671318 ], [ -73.891799, 40.67118 ], [ -73.892711, 40.671046 ], [ -73.893633, 40.67091 ], [ -73.894556, 40.67077 ], [ -73.895544, 40.670626 ], [ -73.896518, 40.670481 ], [ -73.897422, 40.670347 ], [ -73.898341, 40.670212 ], [ -73.899262, 40.670073 ], [ -73.900183, 40.669939 ], [ -73.899863, 40.668684 ], [ -73.900783, 40.668547 ], [ -73.901668, 40.668413 ], [ -73.901266, 40.66688 ], [ -73.900851, 40.665346 ], [ -73.900417, 40.663806 ], [ -73.900026, 40.662281 ], [ -73.900333, 40.662302 ], [ -73.901053, 40.662125 ], [ -73.901972, 40.661988 ], [ -73.902892, 40.66185 ], [ -73.903813, 40.661714 ], [ -73.904782, 40.661568 ], [ -73.905743, 40.661429 ], [ -73.906666, 40.661294 ], [ -73.907585, 40.661156 ], [ -73.908524, 40.661014 ], [ -73.909461, 40.660876 ], [ -73.91038, 40.660739 ], [ -73.911335, 40.660597 ], [ -73.912292, 40.660455 ], [ -73.912686, 40.661993 ], [ -73.913604, 40.661854 ], [ -73.91321, 40.660319 ], [ -73.912817, 40.658783 ], [ -73.913736, 40.658645 ], [ -73.914692, 40.658503 ], [ -73.915567, 40.658393 ], [ -73.915728, 40.65855 ], [ -73.917074, 40.659745 ], [ -73.917419, 40.660051 ], [ -73.918294, 40.659484 ], [ -73.919744, 40.660771 ], [ -73.920127, 40.661123 ], [ -73.92193, 40.662744 ], [ -73.922728, 40.662231 ], [ -73.924549, 40.663862 ], [ -73.925424, 40.663294 ], [ -73.926139, 40.662832 ], [ -73.926854, 40.662371 ], [ -73.927566, 40.661908 ], [ -73.927699, 40.662028 ], [ -73.929874, 40.66399 ], [ -73.930685, 40.66362 ], [ -73.931579, 40.66323 ], [ -73.931607, 40.663557 ] ] ] ] } },
{ "type": "Feature", "properties": { "assembly district": 81 }, "geometry": { "type": "MultiPolygon", "coordinates": [ [ [ [ -73.933808, 40.882214 ], [ -73.933652, 40.882463 ], [ -73.932573, 40.88421 ], [ -73.931729, 40.885578 ], [ -73.929821, 40.888682 ], [ -73.929455, 40.889622 ], [ -73.929428, 40.889692 ], [ -73.929187, 40.890308 ], [ -73.928294, 40.892562 ], [ -73.927242, 40.895198 ], [ -73.927119, 40.895496 ], [ -73.926549, 40.896879 ], [ -73.925922, 40.898477 ], [ -73.925665, 40.899151 ], [ -73.924953, 40.901018 ], [ -73.924235, 40.902736 ], [ -73.923842, 40.903675 ], [ -73.923307, 40.905062 ], [ -73.922467, 40.907236 ], [ -73.921241, 40.910323 ], [ -73.920968, 40.911013 ], [ -73.919946, 40.913592 ], [ -73.919934, 40.913623 ], [ -73.919431, 40.914892 ], [ -73.91921, 40.915449 ], [ -73.918347, 40.91763 ], [ -73.918317, 40.917705 ], [ -73.910808, 40.915372 ], [ -73.910516, 40.915282 ], [ -73.910279, 40.915187 ], [ -73.910006, 40.915076 ], [ -73.909496, 40.914931 ], [ -73.909471, 40.914924 ], [ -73.90884, 40.914754 ], [ -73.908814, 40.914747 ], [ -73.908328, 40.914616 ], [ -73.908302, 40.914609 ], [ -73.905947, 40.913948 ], [ -73.905911, 40.913938 ], [ -73.904194, 40.91346 ], [ -73.903806, 40.913353 ], [ -73.902454, 40.912979 ], [ -73.902106, 40.912879 ], [ -73.900697, 40.912381 ], [ -73.89997, 40.912132 ], [ -73.899789, 40.912072 ], [ -73.899505, 40.911978 ], [ -73.898682, 40.911871 ], [ -73.89812, 40.911798 ], [ -73.897424, 40.911693 ], [ -73.89736, 40.911672 ], [ -73.897253, 40.911655 ], [ -73.896634, 40.911324 ], [ -73.896543, 40.911293 ], [ -73.892799, 40.910058 ], [ -73.892205, 40.909878 ], [ -73.891928, 40.909809 ], [ -73.891805, 40.909778 ], [ -73.888394, 40.90872 ], [ -73.887984, 40.908593 ], [ -73.886237, 40.908052 ], [ -73.886165, 40.90803 ], [ -73.886124, 40.908016 ], [ -73.88601, 40.907979 ], [ -73.885401, 40.907977 ], [ -73.884832, 40.907723 ], [ -73.884726, 40.907685 ], [ -73.884246, 40.907512 ], [ -73.884127, 40.907503 ], [ -73.884106, 40.907501 ], [ -73.884054, 40.907497 ], [ -73.882993, 40.907423 ], [ -73.882829, 40.907382 ], [ -73.881825, 40.907134 ], [ -73.881443, 40.907004 ], [ -73.880929, 40.90683 ], [ -73.880637, 40.906745 ], [ -73.880111, 40.906591 ], [ -73.879531, 40.906441 ], [ -73.879239, 40.906365 ], [ -73.878827, 40.906188 ], [ -73.87835, 40.905983 ], [ -73.87822, 40.905983 ], [ -73.878189, 40.905983 ], [ -73.878012, 40.905965 ], [ -73.877855, 40.905922 ], [ -73.877741, 40.905888 ], [ -73.877628, 40.905854 ], [ -73.876588, 40.905539 ], [ -73.876455, 40.905497 ], [ -73.876229, 40.90543 ], [ -73.875599, 40.905244 ], [ -73.875559, 40.905232 ], [ -73.874797, 40.90501 ], [ -73.874623, 40.90496 ], [ -73.874087, 40.904807 ], [ -73.873949, 40.904767 ], [ -73.872913, 40.904467 ], [ -73.872735, 40.904415 ], [ -73.87094, 40.903887 ], [ -73.870731, 40.903826 ], [ -73.869046, 40.903333 ], [ -73.867876, 40.902983 ], [ -73.866952, 40.902475 ], [ -73.865635, 40.902086 ], [ -73.865268, 40.901962 ], [ -73.865256, 40.901949 ], [ -73.864669, 40.901793 ], [ -73.862879, 40.901538 ], [ -73.86286, 40.901525 ], [ -73.862643, 40.901474 ], [ -73.862557, 40.901427 ], [ -73.862401, 40.901341 ], [ -73.862041, 40.901203 ], [ -73.86159, 40.901051 ], [ -73.860956, 40.900846 ], [ -73.860775, 40.900787 ], [ -73.860321, 40.900638 ], [ -73.860257, 40.900616 ], [ -73.860104, 40.900578 ], [ -73.860006, 40.900565 ], [ -73.859633, 40.900458 ], [ -73.859393, 40.900381 ], [ -73.85931, 40.900479 ], [ -73.8593, 40.900494 ], [ -73.859204, 40.900878 ], [ -73.859215, 40.900906 ], [ -73.859308, 40.901138 ], [ -73.859404, 40.901378 ], [ -73.859037, 40.90147 ], [ -73.859003, 40.901478 ], [ -73.859018, 40.901493 ], [ -73.859303, 40.901778 ], [ -73.859392, 40.901895 ], [ -73.859604, 40.902178 ], [ -73.859114, 40.902472 ], [ -73.859097, 40.902471 ], [ -73.859014, 40.902433 ], [ -73.858469, 40.90216 ], [ -73.858302, 40.902077 ], [ -73.858221, 40.902335 ], [ -73.8582, 40.902379 ], [ -73.858042, 40.902444 ], [ -73.85792, 40.902494 ], [ -73.857825, 40.902533 ], [ -73.857805, 40.90254 ], [ -73.857707, 40.902572 ], [ -73.857199, 40.902878 ], [ -73.857, 40.903579 ], [ -73.857003, 40.903736 ], [ -73.857004, 40.90382 ], [ -73.857004, 40.903861 ], [ -73.857004, 40.904041 ], [ -73.857004, 40.904169 ], [ -73.857004, 40.904378 ], [ -73.857079, 40.904416 ], [ -73.857232, 40.904493 ], [ -73.857404, 40.904579 ], [ -73.857449, 40.904601 ], [ -73.857587, 40.904669 ], [ -73.857449, 40.904837 ], [ -73.857321, 40.905017 ], [ -73.857136, 40.904985 ], [ -73.857104, 40.904979 ], [ -73.856956, 40.904953 ], [ -73.856697, 40.90491 ], [ -73.856434, 40.905027 ], [ -73.856394, 40.905045 ], [ -73.856204, 40.905091 ], [ -73.856178, 40.905107 ], [ -73.855944, 40.905256 ], [ -73.855959, 40.905388 ], [ -73.856001, 40.905406 ], [ -73.856118, 40.905454 ], [ -73.856204, 40.905475 ], [ -73.856279, 40.905728 ], [ -73.856326, 40.905801 ], [ -73.856325, 40.905966 ], [ -73.856324, 40.906166 ], [ -73.856227, 40.906119 ], [ -73.856153, 40.906082 ], [ -73.856108, 40.90606 ], [ -73.856074, 40.90606 ], [ -73.855997, 40.90606 ], [ -73.85574, 40.90606 ], [ -73.855687, 40.90606 ], [ -73.855574, 40.906122 ], [ -73.855534, 40.906144 ], [ -73.855315, 40.906263 ], [ -73.855104, 40.906378 ], [ -73.854704, 40.906578 ], [ -73.854128, 40.906675 ], [ -73.854104, 40.906679 ], [ -73.854007, 40.906842 ], [ -73.853802, 40.907179 ], [ -73.853804, 40.907681 ], [ -73.853822, 40.907773 ], [ -73.853983, 40.908005 ], [ -73.854204, 40.908067 ], [ -73.854302, 40.908091 ], [ -73.854485, 40.908011 ], [ -73.854768, 40.908159 ], [ -73.854796, 40.908173 ], [ -73.854881, 40.908217 ], [ -73.854342, 40.908974 ], [ -73.854234, 40.90901 ], [ -73.854037, 40.909231 ], [ -73.853997, 40.909276 ], [ -73.853713, 40.909447 ], [ -73.852935, 40.909919 ], [ -73.8529, 40.909916 ], [ -73.852678, 40.909899 ], [ -73.852184, 40.909515 ], [ -73.851379, 40.910044 ], [ -73.851123, 40.910009 ], [ -73.851484, 40.909592 ], [ -73.851634, 40.909426 ], [ -73.851812, 40.909229 ], [ -73.851872, 40.909159 ], [ -73.852046, 40.908959 ], [ -73.852078, 40.908887 ], [ -73.852369, 40.90888 ], [ -73.852714, 40.908446 ], [ -73.853069, 40.908021 ], [ -73.853528, 40.907465 ], [ -73.85279, 40.907073 ], [ -73.852601, 40.906977 ], [ -73.852564, 40.906968 ], [ -73.852204, 40.906878 ], [ -73.851506, 40.906645 ], [ -73.851304, 40.906578 ], [ -73.851057, 40.906458 ], [ -73.851019, 40.906502 ], [ -73.850661, 40.906925 ], [ -73.850518, 40.907124 ], [ -73.850452, 40.907183 ], [ -73.850423, 40.907207 ], [ -73.850331, 40.907282 ], [ -73.850225, 40.907368 ], [ -73.849126, 40.906923 ], [ -73.848803, 40.906792 ], [ -73.848732, 40.906763 ], [ -73.848683, 40.906743 ], [ -73.847071, 40.906173 ], [ -73.847206, 40.905879 ], [ -73.847511, 40.905223 ], [ -73.847818, 40.904554 ], [ -73.847918, 40.903934 ], [ -73.847995, 40.903253 ], [ -73.847478, 40.903221 ], [ -73.846578, 40.903153 ], [ -73.846768, 40.901791 ], [ -73.846802, 40.901552 ], [ -73.846936, 40.90152 ], [ -73.847424, 40.900274 ], [ -73.848219, 40.899828 ], [ -73.849086, 40.89964 ], [ -73.850047, 40.899623 ], [ -73.850649, 40.898851 ], [ -73.851223, 40.898115 ], [ -73.851344, 40.897991 ], [ -73.851683, 40.897566 ], [ -73.851965, 40.897095 ], [ -73.852377, 40.896334 ], [ -73.852567, 40.895973 ], [ -73.852788, 40.895563 ], [ -73.853136, 40.894922 ], [ -73.853262, 40.894699 ], [ -73.853629, 40.894815 ], [ -73.854435, 40.895073 ], [ -73.854848, 40.894329 ], [ -73.855241, 40.893624 ], [ -73.855664, 40.892853 ], [ -73.857368, 40.893394 ], [ -73.857732, 40.892754 ], [ -73.858127, 40.892044 ], [ -73.858518, 40.891337 ], [ -73.859524, 40.891658 ], [ -73.861397, 40.892253 ], [ -73.861788, 40.89155 ], [ -73.862652, 40.891822 ], [ -73.863044, 40.891116 ], [ -73.863863, 40.88975 ], [ -73.8646, 40.8883 ], [ -73.86538, 40.886884 ], [ -73.86622, 40.885442 ], [ -73.866235, 40.885387 ], [ -73.866262, 40.885234 ], [ -73.866265, 40.885079 ], [ -73.866248, 40.884931 ], [ -73.866208, 40.884785 ], [ -73.866149, 40.884643 ], [ -73.866071, 40.884509 ], [ -73.865982, 40.884391 ], [ -73.867053, 40.882255 ], [ -73.868119, 40.880062 ], [ -73.868846, 40.878586 ], [ -73.869224, 40.878524 ], [ -73.86931, 40.878428 ], [ -73.869435, 40.878129 ], [ -73.869628, 40.878176 ], [ -73.869754, 40.878207 ], [ -73.869984, 40.878269 ], [ -73.870148, 40.878314 ], [ -73.870412, 40.878375 ], [ -73.870944, 40.878511 ], [ -73.870241, 40.88023 ], [ -73.87092, 40.880258 ], [ -73.871918, 40.880237 ], [ -73.872545, 40.878746 ], [ -73.873483, 40.878855 ], [ -73.874387, 40.879055 ], [ -73.874734, 40.8779 ], [ -73.875268, 40.87714 ], [ -73.874448, 40.876787 ], [ -73.875592, 40.875254 ], [ -73.876491, 40.875499 ], [ -73.87956, 40.87573 ], [ -73.87973, 40.876865 ], [ -73.880018, 40.876811 ], [ -73.880283, 40.876699 ], [ -73.880649, 40.876483 ], [ -73.880732, 40.877116 ], [ -73.880692, 40.877542 ], [ -73.880525, 40.878011 ], [ -73.881442, 40.878187 ], [ -73.880851, 40.879949 ], [ -73.881756, 40.880122 ], [ -73.881458, 40.881084 ], [ -73.881372, 40.881363 ], [ -73.880456, 40.88222 ], [ -73.881244, 40.88271 ], [ -73.882087, 40.883133 ], [ -73.882478, 40.883327 ], [ -73.882673, 40.883383 ], [ -73.882922, 40.883383 ], [ -73.88319, 40.883285 ], [ -73.883508, 40.883183 ], [ -73.883864, 40.883151 ], [ -73.884107, 40.883177 ], [ -73.884379, 40.883248 ], [ -73.884552, 40.883325 ], [ -73.885165, 40.883632 ], [ -73.886125, 40.884047 ], [ -73.886459, 40.884193 ], [ -73.886569, 40.884242 ], [ -73.886751, 40.884317 ], [ -73.886863, 40.884347 ], [ -73.887047, 40.884358 ], [ -73.88703, 40.883889 ], [ -73.886646, 40.882768 ], [ -73.886513, 40.882513 ], [ -73.887011, 40.882472 ], [ -73.885936, 40.880481 ], [ -73.887196, 40.880064 ], [ -73.889114, 40.87842 ], [ -73.889181, 40.878242 ], [ -73.889658, 40.876975 ], [ -73.891634, 40.874477 ], [ -73.89485, 40.870451 ], [ -73.895002, 40.870361 ], [ -73.895452, 40.869932 ], [ -73.896037, 40.86923 ], [ -73.896561, 40.868565 ], [ -73.898918, 40.869658 ], [ -73.8996, 40.868927 ], [ -73.899653, 40.868686 ], [ -73.899644, 40.868468 ], [ -73.899782, 40.868169 ], [ -73.899976, 40.867986 ], [ -73.90017, 40.86804 ], [ -73.90114, 40.86828 ], [ -73.902074, 40.866997 ], [ -73.903322, 40.865311 ], [ -73.903798, 40.865574 ], [ -73.904105, 40.865745 ], [ -73.904391, 40.865905 ], [ -73.903116, 40.867654 ], [ -73.902358, 40.868696 ], [ -73.902127, 40.869409 ], [ -73.902062, 40.869614 ], [ -73.901727, 40.86999 ], [ -73.901598, 40.870184 ], [ -73.901523, 40.870393 ], [ -73.900954, 40.872293 ], [ -73.900316, 40.874426 ], [ -73.900452, 40.874702 ], [ -73.900476, 40.874949 ], [ -73.900429, 40.875219 ], [ -73.900341, 40.875489 ], [ -73.9002, 40.87576 ], [ -73.900096, 40.87589 ], [ -73.900054, 40.876184 ], [ -73.90068, 40.875677 ], [ -73.900916, 40.875489 ], [ -73.901169, 40.875178 ], [ -73.901375, 40.874826 ], [ -73.901604, 40.874185 ], [ -73.901748, 40.873675 ], [ -73.902713, 40.873985 ], [ -73.903706, 40.874292 ], [ -73.904708, 40.874617 ], [ -73.905714, 40.873138 ], [ -73.905988, 40.873202 ], [ -73.906162, 40.873243 ], [ -73.906413, 40.873296 ], [ -73.9067, 40.873397 ], [ -73.907, 40.873455 ], [ -73.907047, 40.874724 ], [ -73.907078, 40.875561 ], [ -73.907105, 40.876277 ], [ -73.907198, 40.876389 ], [ -73.90723, 40.876427 ], [ -73.907245, 40.876446 ], [ -73.907306, 40.876519 ], [ -73.907652, 40.876934 ], [ -73.90782, 40.877201 ], [ -73.908005, 40.877478 ], [ -73.908502, 40.877691 ], [ -73.908554, 40.877712 ], [ -73.908682, 40.877763 ], [ -73.909189, 40.878168 ], [ -73.909505, 40.878878 ], [ -73.910044, 40.878991 ], [ -73.910184, 40.879021 ], [ -73.91031, 40.879047 ], [ -73.911405, 40.879278 ], [ -73.912205, 40.878178 ], [ -73.914905, 40.876578 ], [ -73.915125, 40.875845 ], [ -73.915168, 40.875695 ], [ -73.9152, 40.875581 ], [ -73.917309, 40.876037 ], [ -73.918932, 40.876388 ], [ -73.919122, 40.876429 ], [ -73.919808, 40.876577 ], [ -73.92163, 40.878321 ], [ -73.922602, 40.878779 ], [ -73.924503, 40.878974 ], [ -73.92465, 40.879038 ], [ -73.924974, 40.879144 ], [ -73.933788, 40.882207 ], [ -73.933808, 40.882214 ] ] ] ] } },
{ "type": "Feature", "properties": { "assembly district": 38 }, "geometry": { "type": "MultiPolygon", "coordinates": [ [ [ [ -73.914031, 40.704749 ], [ -73.912878, 40.705879 ], [ -73.911952, 40.706784 ], [ -73.911212, 40.706346 ], [ -73.910471, 40.705908 ], [ -73.90973, 40.705471 ], [ -73.908989, 40.705032 ], [ -73.908247, 40.704593 ], [ -73.907507, 40.704156 ], [ -73.906761, 40.703714 ], [ -73.906024, 40.703277 ], [ -73.905284, 40.702838 ], [ -73.904542, 40.7024 ], [ -73.903802, 40.701962 ], [ -73.902948, 40.701458 ], [ -73.902561, 40.701229 ], [ -73.901693, 40.700716 ], [ -73.901327, 40.700492 ], [ -73.9002, 40.700501 ], [ -73.899504, 40.700082 ], [ -73.899116, 40.700511 ], [ -73.898369, 40.700518 ], [ -73.897983, 40.700517 ], [ -73.896721, 40.700617 ], [ -73.896271, 40.700653 ], [ -73.896096, 40.700667 ], [ -73.896, 40.699995 ], [ -73.897258, 40.698753 ], [ -73.89676, 40.698506 ], [ -73.894388, 40.700784 ], [ -73.89384, 40.70086 ], [ -73.893349, 40.700891 ], [ -73.892448, 40.700964 ], [ -73.892744, 40.701851 ], [ -73.891942, 40.702886 ], [ -73.891268, 40.703597 ], [ -73.891053, 40.703816 ], [ -73.89041, 40.70397 ], [ -73.889517, 40.704179 ], [ -73.888623, 40.704389 ], [ -73.887762, 40.704594 ], [ -73.888263, 40.70581 ], [ -73.887396, 40.706018 ], [ -73.886528, 40.706225 ], [ -73.885549, 40.706155 ], [ -73.884598, 40.706123 ], [ -73.884313, 40.705411 ], [ -73.883454, 40.705615 ], [ -73.882613, 40.705801 ], [ -73.881697, 40.706026 ], [ -73.880878, 40.706193 ], [ -73.881232, 40.706372 ], [ -73.880969, 40.706371 ], [ -73.87722, 40.706687 ], [ -73.877157, 40.706573 ], [ -73.876764, 40.705648 ], [ -73.876521, 40.705061 ], [ -73.876303, 40.704439 ], [ -73.876162, 40.704215 ], [ -73.875431, 40.702374 ], [ -73.874463, 40.702457 ], [ -73.873512, 40.702535 ], [ -73.872562, 40.702612 ], [ -73.871648, 40.702687 ], [ -73.870733, 40.702762 ], [ -73.869819, 40.702838 ], [ -73.869156, 40.702893 ], [ -73.869033, 40.702904 ], [ -73.868243, 40.70297 ], [ -73.867247, 40.703052 ], [ -73.867603, 40.704678 ], [ -73.867767, 40.705445 ], [ -73.866878, 40.705518 ], [ -73.867037, 40.706642 ], [ -73.866131, 40.706656 ], [ -73.865982, 40.705591 ], [ -73.86507, 40.705664 ], [ -73.864728, 40.703259 ], [ -73.863794, 40.703334 ], [ -73.863254, 40.703392 ], [ -73.863077, 40.70338 ], [ -73.862797, 40.703361 ], [ -73.861423, 40.70327 ], [ -73.860682, 40.703184 ], [ -73.86037, 40.703151 ], [ -73.859975, 40.703109 ], [ -73.858747, 40.702974 ], [ -73.858532, 40.70295 ], [ -73.858288, 40.702911 ], [ -73.85815, 40.702898 ], [ -73.858112, 40.702895 ], [ -73.857953, 40.70288 ], [ -73.85704, 40.702788 ], [ -73.856145, 40.702686 ], [ -73.855293, 40.702596 ], [ -73.852151, 40.702251 ], [ -73.850687, 40.702089 ], [ -73.850285, 40.702045 ], [ -73.850272, 40.701829 ], [ -73.850193, 40.701613 ], [ -73.850077, 40.70147 ], [ -73.850004, 40.701405 ], [ -73.849928, 40.701351 ], [ -73.849816, 40.70129 ], [ -73.84783, 40.700318 ], [ -73.847711, 40.700259 ], [ -73.847546, 40.70014 ], [ -73.847453, 40.70005 ], [ -73.84741, 40.700001 ], [ -73.84734, 40.699897 ], [ -73.847314, 40.69984 ], [ -73.84729, 40.699788 ], [ -73.84726, 40.699676 ], [ -73.847214, 40.699376 ], [ -73.847162, 40.699188 ], [ -73.84706, 40.699028 ], [ -73.847017, 40.698842 ], [ -73.846711, 40.698159 ], [ -73.846426, 40.697506 ], [ -73.846142, 40.696859 ], [ -73.845857, 40.696203 ], [ -73.845568, 40.695553 ], [ -73.845397, 40.695157 ], [ -73.843442, 40.695187 ], [ -73.842946, 40.695193 ], [ -73.841988, 40.695218 ], [ -73.841135, 40.695284 ], [ -73.840497, 40.69536 ], [ -73.840351, 40.695383 ], [ -73.839634, 40.695535 ], [ -73.839483, 40.695582 ], [ -73.838791, 40.695853 ], [ -73.838652, 40.695926 ], [ -73.838014, 40.696297 ], [ -73.837899, 40.696369 ], [ -73.837167, 40.696866 ], [ -73.835982, 40.694416 ], [ -73.834882, 40.692222 ], [ -73.834806, 40.692071 ], [ -73.834768, 40.691995 ], [ -73.834045, 40.690552 ], [ -73.833104, 40.690828 ], [ -73.832228, 40.691082 ], [ -73.831795, 40.691209 ], [ -73.831514, 40.691279 ], [ -73.83143, 40.691284 ], [ -73.831386, 40.691265 ], [ -73.831305, 40.691252 ], [ -73.831105, 40.691279 ], [ -73.830767, 40.691354 ], [ -73.830526, 40.691431 ], [ -73.829336, 40.689004 ], [ -73.830163, 40.688772 ], [ -73.829182, 40.686771 ], [ -73.828627, 40.685655 ], [ -73.82946, 40.6854 ], [ -73.83028, 40.685075 ], [ -73.831121, 40.68475 ], [ -73.831905, 40.684441 ], [ -73.832112, 40.684358 ], [ -73.832726, 40.684116 ], [ -73.83295, 40.684029 ], [ -73.833524, 40.683806 ], [ -73.83379, 40.683693 ], [ -73.834293, 40.683432 ], [ -73.834583, 40.683276 ], [ -73.835056, 40.683015 ], [ -73.835369, 40.682843 ], [ -73.836158, 40.682415 ], [ -73.836975, 40.681988 ], [ -73.836327, 40.680668 ], [ -73.83565, 40.679273 ], [ -73.836391, 40.679473 ], [ -73.836781, 40.679571 ], [ -73.837806, 40.67972 ], [ -73.838455, 40.679811 ], [ -73.83883, 40.679862 ], [ -73.839521, 40.679962 ], [ -73.839764, 40.679997 ], [ -73.839964, 40.680027 ], [ -73.840945, 40.680165 ], [ -73.84202, 40.680315 ], [ -73.843074, 40.680463 ], [ -73.843146, 40.680594 ], [ -73.842236, 40.680747 ], [ -73.843231, 40.682775 ], [ -73.843342, 40.683002 ], [ -73.844215, 40.684775 ], [ -73.844918, 40.684576 ], [ -73.845926, 40.684288 ], [ -73.846036, 40.684257 ], [ -73.846151, 40.684224 ], [ -73.84698, 40.685904 ], [ -73.847101, 40.685869 ], [ -73.847608, 40.685722 ], [ -73.846784, 40.684045 ], [ -73.847662, 40.683794 ], [ -73.848543, 40.683544 ], [ -73.849422, 40.683295 ], [ -73.850284, 40.683049 ], [ -73.849764, 40.681987 ], [ -73.85087, 40.682259 ], [ -73.851979, 40.682564 ], [ -73.852819, 40.682331 ], [ -73.853664, 40.682088 ], [ -73.854496, 40.681851 ], [ -73.855353, 40.681607 ], [ -73.856198, 40.681367 ], [ -73.857043, 40.681127 ], [ -73.857907, 40.68088 ], [ -73.858786, 40.68063 ], [ -73.85966, 40.680383 ], [ -73.859779, 40.680349 ], [ -73.860531, 40.680135 ], [ -73.860659, 40.680099 ], [ -73.861423, 40.679879 ], [ -73.861564, 40.679839 ], [ -73.862296, 40.679632 ], [ -73.863349, 40.679352 ], [ -73.863508, 40.679992 ], [ -73.863787, 40.681114 ], [ -73.864101, 40.682373 ], [ -73.864449, 40.682278 ], [ -73.864994, 40.682129 ], [ -73.866027, 40.681918 ], [ -73.866074, 40.682144 ], [ -73.866199, 40.682736 ], [ -73.866295, 40.683189 ], [ -73.866504, 40.684474 ], [ -73.866598, 40.68527 ], [ -73.866871, 40.686331 ], [ -73.867018, 40.68683 ], [ -73.867277, 40.687745 ], [ -73.867461, 40.688415 ], [ -73.867504, 40.68861 ], [ -73.867623, 40.689145 ], [ -73.867768, 40.689803 ], [ -73.867909, 40.690476 ], [ -73.86797, 40.690765 ], [ -73.868059, 40.691184 ], [ -73.868685, 40.69385 ], [ -73.868672, 40.693855 ], [ -73.868685, 40.694035 ], [ -73.868717, 40.694622 ], [ -73.868917, 40.69515 ], [ -73.874021, 40.694191 ], [ -73.877764, 40.692153 ], [ -73.879456, 40.691231 ], [ -73.879512, 40.691187 ], [ -73.879616, 40.691106 ], [ -73.880723, 40.690243 ], [ -73.881341, 40.689761 ], [ -73.882267, 40.689039 ], [ -73.882649, 40.688741 ], [ -73.883654, 40.687959 ], [ -73.883757, 40.687879 ], [ -73.883777, 40.687863 ], [ -73.883867, 40.687721 ], [ -73.884517, 40.686691 ], [ -73.887284, 40.685622 ], [ -73.888083, 40.685294 ], [ -73.888294, 40.685175 ], [ -73.889089, 40.684641 ], [ -73.889607, 40.684214 ], [ -73.89014, 40.685005 ], [ -73.890878, 40.684543 ], [ -73.89166, 40.684044 ], [ -73.892523, 40.683424 ], [ -73.894139, 40.685243 ], [ -73.8942, 40.685309 ], [ -73.894406, 40.68509 ], [ -73.894597, 40.684882 ], [ -73.894942, 40.684548 ], [ -73.895293, 40.684169 ], [ -73.895819, 40.683516 ], [ -73.896123, 40.68314 ], [ -73.896231, 40.682977 ], [ -73.896331, 40.68283 ], [ -73.896406, 40.68268 ], [ -73.896482, 40.68253 ], [ -73.896518, 40.682397 ], [ -73.897341, 40.683368 ], [ -73.901162, 40.687878 ], [ -73.900425, 40.688184 ], [ -73.901805, 40.690766 ], [ -73.901241, 40.691438 ], [ -73.90159, 40.691632 ], [ -73.90183, 40.691815 ], [ -73.902073, 40.691999 ], [ -73.902788, 40.692418 ], [ -73.903541, 40.692849 ], [ -73.904288, 40.693278 ], [ -73.905043, 40.693704 ], [ -73.9058, 40.694128 ], [ -73.904914, 40.695074 ], [ -73.904804, 40.695148 ], [ -73.90426, 40.6957 ], [ -73.904664, 40.695932 ], [ -73.904803, 40.696008 ], [ -73.90489, 40.696051 ], [ -73.904952, 40.696086 ], [ -73.905011, 40.696122 ], [ -73.905083, 40.696163 ], [ -73.905235, 40.696251 ], [ -73.905401, 40.69635 ], [ -73.905583, 40.696449 ], [ -73.905704, 40.696515 ], [ -73.905771, 40.696549 ], [ -73.906117, 40.69675 ], [ -73.906156, 40.696776 ], [ -73.906263, 40.696832 ], [ -73.906524, 40.696976 ], [ -73.906846, 40.697164 ], [ -73.906927, 40.697208 ], [ -73.907036, 40.697268 ], [ -73.90712, 40.697314 ], [ -73.907275, 40.697399 ], [ -73.907372, 40.697452 ], [ -73.907523, 40.697548 ], [ -73.90757, 40.697572 ], [ -73.907771, 40.697684 ], [ -73.908022, 40.697825 ], [ -73.908774, 40.698255 ], [ -73.909533, 40.698675 ], [ -73.910143, 40.699033 ], [ -73.911036, 40.699532 ], [ -73.911808, 40.699938 ], [ -73.910679, 40.701046 ], [ -73.911422, 40.701487 ], [ -73.912162, 40.701923 ], [ -73.912904, 40.702362 ], [ -73.911807, 40.703435 ], [ -73.912549, 40.703873 ], [ -73.913292, 40.704313 ], [ -73.914031, 40.704749 ] ] ] ] } },
{ "type": "Feature", "properties": { "assembly district": 39 }, "geometry": { "type": "MultiPolygon", "coordinates": [ [ [ [ -73.89654, 40.750542 ], [ -73.8959, 40.750609 ], [ -73.895799, 40.75062 ], [ -73.894899, 40.750717 ], [ -73.893976, 40.750811 ], [ -73.893048, 40.750908 ], [ -73.892708, 40.748863 ], [ -73.892409, 40.747135 ], [ -73.891505, 40.747238 ], [ -73.890576, 40.747343 ], [ -73.890901, 40.749009 ], [ -73.890865, 40.749057 ], [ -73.891748, 40.748965 ], [ -73.892121, 40.751004 ], [ -73.891189, 40.751101 ], [ -73.890262, 40.7512 ], [ -73.889332, 40.751297 ], [ -73.888401, 40.751396 ], [ -73.88747, 40.751495 ], [ -73.886543, 40.751592 ], [ -73.885613, 40.75169 ], [ -73.884684, 40.751788 ], [ -73.883753, 40.751885 ], [ -73.882823, 40.751982 ], [ -73.882451, 40.74994 ], [ -73.88152, 40.750039 ], [ -73.881137, 40.747927 ], [ -73.881304, 40.747909 ], [ -73.879363, 40.747034 ], [ -73.878892, 40.747639 ], [ -73.877159, 40.746865 ], [ -73.876789, 40.747511 ], [ -73.874896, 40.74667 ], [ -73.874442, 40.747262 ], [ -73.873978, 40.747865 ], [ -73.871964, 40.746984 ], [ -73.872068, 40.747481 ], [ -73.870709, 40.747655 ], [ -73.870375, 40.746989 ], [ -73.869342, 40.747317 ], [ -73.868911, 40.74746 ], [ -73.868805, 40.747495 ], [ -73.868529, 40.747588 ], [ -73.868438, 40.747031 ], [ -73.867351, 40.747358 ], [ -73.867097, 40.747432 ], [ -73.866489, 40.747614 ], [ -73.865627, 40.747869 ], [ -73.86474, 40.748136 ], [ -73.865015, 40.748625 ], [ -73.865397, 40.749237 ], [ -73.865084, 40.749339 ], [ -73.864766, 40.749433 ], [ -73.864444, 40.749518 ], [ -73.864119, 40.749595 ], [ -73.864185, 40.74972 ], [ -73.866557, 40.749464 ], [ -73.866649, 40.74962 ], [ -73.865689, 40.749904 ], [ -73.8647, 40.750197 ], [ -73.863986, 40.750408 ], [ -73.863097, 40.750672 ], [ -73.862241, 40.75092 ], [ -73.862514, 40.751448 ], [ -73.859586, 40.752321 ], [ -73.856662, 40.753191 ], [ -73.856253, 40.752398 ], [ -73.855835, 40.751577 ], [ -73.855479, 40.750891 ], [ -73.855139, 40.750226 ], [ -73.854793, 40.749563 ], [ -73.854477, 40.748953 ], [ -73.854421, 40.748805 ], [ -73.854369, 40.748739 ], [ -73.854021, 40.748156 ], [ -73.853602, 40.747492 ], [ -73.85326, 40.746834 ], [ -73.852918, 40.746171 ], [ -73.852577, 40.745506 ], [ -73.852241, 40.744841 ], [ -73.851895, 40.74418 ], [ -73.851551, 40.743507 ], [ -73.851209, 40.742844 ], [ -73.850869, 40.74218 ], [ -73.850525, 40.741514 ], [ -73.851701, 40.741173 ], [ -73.852358, 40.741375 ], [ -73.85264, 40.74071 ], [ -73.853453, 40.740969 ], [ -73.853629, 40.741035 ], [ -73.853813, 40.741104 ], [ -73.853623, 40.740742 ], [ -73.853342, 40.740194 ], [ -73.852878, 40.740038 ], [ -73.853065, 40.739657 ], [ -73.853129, 40.739374 ], [ -73.853392, 40.738689 ], [ -73.854879, 40.739193 ], [ -73.85523, 40.738564 ], [ -73.857702, 40.73936 ], [ -73.857309, 40.739681 ], [ -73.857953, 40.740142 ], [ -73.858174, 40.740292 ], [ -73.858384, 40.740452 ], [ -73.858581, 40.740621 ], [ -73.858766, 40.740797 ], [ -73.859491, 40.740358 ], [ -73.860249, 40.739921 ], [ -73.860734, 40.739636 ], [ -73.86117, 40.740396 ], [ -73.861855, 40.741589 ], [ -73.863524, 40.740688 ], [ -73.864411, 40.740472 ], [ -73.865312, 40.740258 ], [ -73.866209, 40.740051 ], [ -73.866647, 40.73995 ], [ -73.867147, 40.739837 ], [ -73.867318, 40.740261 ], [ -73.867563, 40.740942 ], [ -73.869248, 40.74057 ], [ -73.869506, 40.741243 ], [ -73.870858, 40.740941 ], [ -73.871723, 40.740748 ], [ -73.872161, 40.741881 ], [ -73.873045, 40.741685 ], [ -73.873485, 40.742501 ], [ -73.875019, 40.741494 ], [ -73.875623, 40.741985 ], [ -73.876959, 40.74103 ], [ -73.877614, 40.741551 ], [ -73.87825, 40.741068 ], [ -73.878714, 40.740733 ], [ -73.879107, 40.740445 ], [ -73.87932, 40.740602 ], [ -73.880788, 40.739427 ], [ -73.882613, 40.737952 ], [ -73.881785, 40.737807 ], [ -73.882873, 40.737611 ], [ -73.883863, 40.737429 ], [ -73.88375, 40.737052 ], [ -73.884059, 40.73455 ], [ -73.884084, 40.734326 ], [ -73.884072, 40.734292 ], [ -73.884025, 40.734232 ], [ -73.883934, 40.734182 ], [ -73.883878, 40.73417 ], [ -73.883822, 40.734167 ], [ -73.883749, 40.734178 ], [ -73.883675, 40.73421 ], [ -73.88325, 40.734428 ], [ -73.883144, 40.734497 ], [ -73.882513, 40.734591 ], [ -73.883529, 40.733848 ], [ -73.883811, 40.73356 ], [ -73.884691, 40.733886 ], [ -73.884838, 40.733933 ], [ -73.885065, 40.733982 ], [ -73.885266, 40.734005 ], [ -73.88549, 40.734009 ], [ -73.886892, 40.734099 ], [ -73.887514, 40.734225 ], [ -73.887702, 40.734291 ], [ -73.888566, 40.734592 ], [ -73.889016, 40.735231 ], [ -73.891379, 40.735239 ], [ -73.891379, 40.735918 ], [ -73.891369, 40.736061 ], [ -73.88981, 40.736373 ], [ -73.889383, 40.736422 ], [ -73.888802, 40.736531 ], [ -73.889591, 40.738098 ], [ -73.889697, 40.738307 ], [ -73.89004, 40.738975 ], [ -73.890254, 40.739391 ], [ -73.889669, 40.739302 ], [ -73.889654, 40.739354 ], [ -73.889641, 40.739482 ], [ -73.889651, 40.73961 ], [ -73.889683, 40.739737 ], [ -73.889736, 40.739859 ], [ -73.889809, 40.739971 ], [ -73.889898, 40.740074 ], [ -73.89001, 40.740166 ], [ -73.890106, 40.74027 ], [ -73.890183, 40.740385 ], [ -73.890238, 40.740508 ], [ -73.890269, 40.740633 ], [ -73.890278, 40.74076 ], [ -73.890406, 40.740786 ], [ -73.890547, 40.741513 ], [ -73.890698, 40.742261 ], [ -73.891746, 40.742138 ], [ -73.892179, 40.742873 ], [ -73.893445, 40.744958 ], [ -73.89349, 40.744953 ], [ -73.893878, 40.744907 ], [ -73.894192, 40.744863 ], [ -73.89455, 40.744787 ], [ -73.894765, 40.744739 ], [ -73.895094, 40.744671 ], [ -73.895985, 40.744557 ], [ -73.896325, 40.746335 ], [ -73.895421, 40.746428 ], [ -73.895041, 40.746468 ], [ -73.895025, 40.74647 ], [ -73.894826, 40.746493 ], [ -73.894734, 40.746503 ], [ -73.894447, 40.746535 ], [ -73.895659, 40.748473 ], [ -73.895277, 40.748317 ], [ -73.89531, 40.748591 ], [ -73.895501, 40.748833 ], [ -73.895605, 40.749451 ], [ -73.895875, 40.749432 ], [ -73.89611, 40.749784 ], [ -73.89654, 40.750542 ] ] ] ] } },
{ "type": "Feature", "properties": { "assembly district": 71 }, "geometry": { "type": "MultiPolygon", "coordinates": [ [ [ [ -73.967803, 40.820854 ], [ -73.966563, 40.822553 ], [ -73.96647, 40.82268 ], [ -73.965981, 40.82335 ], [ -73.9659, 40.823461 ], [ -73.965719, 40.823709 ], [ -73.965592, 40.823883 ], [ -73.96517, 40.82446 ], [ -73.965138, 40.824504 ], [ -73.96502, 40.824666 ], [ -73.963815, 40.826316 ], [ -73.963787, 40.826355 ], [ -73.963577, 40.826642 ], [ -73.962654, 40.828742 ], [ -73.962585, 40.828901 ], [ -73.962463, 40.829177 ], [ -73.96168, 40.830961 ], [ -73.961646, 40.831036 ], [ -73.961329, 40.831759 ], [ -73.961263, 40.83191 ], [ -73.961211, 40.832027 ], [ -73.960136, 40.834474 ], [ -73.960086, 40.834587 ], [ -73.958824, 40.837462 ], [ -73.958705, 40.837732 ], [ -73.958019, 40.839292 ], [ -73.957831, 40.839721 ], [ -73.957796, 40.839801 ], [ -73.955727, 40.84451 ], [ -73.955661, 40.844661 ], [ -73.954312, 40.847732 ], [ -73.954194, 40.848003 ], [ -73.953988, 40.848468 ], [ -73.952829, 40.851106 ], [ -73.952565, 40.851537 ], [ -73.952486, 40.851666 ], [ -73.952397, 40.851812 ], [ -73.948822, 40.857651 ], [ -73.948336, 40.858446 ], [ -73.948292, 40.858517 ], [ -73.945885, 40.862448 ], [ -73.94584, 40.86252 ], [ -73.945783, 40.862615 ], [ -73.943042, 40.867092 ], [ -73.942953, 40.867237 ], [ -73.938946, 40.873783 ], [ -73.938909, 40.873842 ], [ -73.938354, 40.874749 ], [ -73.932521, 40.869914 ], [ -73.931716, 40.869221 ], [ -73.93141, 40.868959 ], [ -73.931277, 40.868844 ], [ -73.932196, 40.867244 ], [ -73.932422, 40.866886 ], [ -73.932971, 40.866017 ], [ -73.932672, 40.866382 ], [ -73.932585, 40.866494 ], [ -73.93248, 40.866598 ], [ -73.932358, 40.866692 ], [ -73.932221, 40.866774 ], [ -73.932065, 40.866846 ], [ -73.931918, 40.866897 ], [ -73.932166, 40.866489 ], [ -73.932108, 40.866545 ], [ -73.932043, 40.866597 ], [ -73.931973, 40.866645 ], [ -73.931898, 40.866688 ], [ -73.931818, 40.866726 ], [ -73.931734, 40.866759 ], [ -73.931647, 40.866786 ], [ -73.931557, 40.866808 ], [ -73.931465, 40.866823 ], [ -73.931371, 40.866833 ], [ -73.931277, 40.866836 ], [ -73.931183, 40.866834 ], [ -73.931089, 40.866825 ], [ -73.930997, 40.86681 ], [ -73.930488, 40.866449 ], [ -73.929853, 40.865966 ], [ -73.928722, 40.866743 ], [ -73.928057, 40.8662 ], [ -73.927269, 40.865535 ], [ -73.927753, 40.865267 ], [ -73.928093, 40.86507 ], [ -73.9289, 40.864639 ], [ -73.929143, 40.864469 ], [ -73.929256, 40.864378 ], [ -73.929364, 40.864284 ], [ -73.929466, 40.864185 ], [ -73.929562, 40.864083 ], [ -73.929652, 40.863978 ], [ -73.929734, 40.863872 ], [ -73.929812, 40.863759 ], [ -73.929881, 40.863648 ], [ -73.929946, 40.86353 ], [ -73.930002, 40.863412 ], [ -73.930015, 40.863304 ], [ -73.930023, 40.863087 ], [ -73.930018, 40.862979 ], [ -73.929991, 40.862763 ], [ -73.929968, 40.862656 ], [ -73.92994, 40.86255 ], [ -73.930003, 40.862103 ], [ -73.930037, 40.861986 ], [ -73.930077, 40.861871 ], [ -73.930174, 40.861649 ], [ -73.930771, 40.860641 ], [ -73.931215, 40.859665 ], [ -73.931313, 40.859328 ], [ -73.931981, 40.859522 ], [ -73.932014, 40.85953 ], [ -73.932048, 40.859535 ], [ -73.932082, 40.859536 ], [ -73.932117, 40.859533 ], [ -73.93215, 40.859527 ], [ -73.932182, 40.859517 ], [ -73.932212, 40.859504 ], [ -73.93224, 40.859488 ], [ -73.932264, 40.859469 ], [ -73.932284, 40.859448 ], [ -73.932983, 40.858113 ], [ -73.933406, 40.857323 ], [ -73.933432, 40.857271 ], [ -73.933681, 40.856783 ], [ -73.933703, 40.856737 ], [ -73.934266, 40.855581 ], [ -73.934627, 40.854501 ], [ -73.933705, 40.854169 ], [ -73.934193, 40.8532 ], [ -73.935133, 40.853479 ], [ -73.936355, 40.853821 ], [ -73.936365, 40.853577 ], [ -73.936388, 40.853333 ], [ -73.936426, 40.853091 ], [ -73.936478, 40.85285 ], [ -73.936545, 40.852611 ], [ -73.936893, 40.851902 ], [ -73.937084, 40.851393 ], [ -73.937365, 40.850645 ], [ -73.936661, 40.850448 ], [ -73.935754, 40.850168 ], [ -73.936397, 40.849541 ], [ -73.935471, 40.849145 ], [ -73.935929, 40.84852 ], [ -73.93707, 40.848939 ], [ -73.937164, 40.848847 ], [ -73.937286, 40.848748 ], [ -73.937487, 40.848569 ], [ -73.937567, 40.848491 ], [ -73.937672, 40.848392 ], [ -73.937975, 40.847711 ], [ -73.938036, 40.847558 ], [ -73.938235, 40.84691 ], [ -73.938451, 40.846193 ], [ -73.93868, 40.845439 ], [ -73.938776, 40.845019 ], [ -73.938855, 40.844679 ], [ -73.939025, 40.843942 ], [ -73.937982, 40.843501 ], [ -73.93842, 40.842902 ], [ -73.938884, 40.842265 ], [ -73.939334, 40.841681 ], [ -73.939766, 40.841078 ], [ -73.942279, 40.842154 ], [ -73.942503, 40.841593 ], [ -73.943066, 40.840193 ], [ -73.94114, 40.83918 ], [ -73.939827, 40.838498 ], [ -73.938548, 40.837954 ], [ -73.938343, 40.837909 ], [ -73.93884, 40.837229 ], [ -73.9393, 40.836607 ], [ -73.93933, 40.836567 ], [ -73.939375, 40.836505 ], [ -73.939888, 40.835794 ], [ -73.939775, 40.835183 ], [ -73.93986, 40.834918 ], [ -73.940049, 40.834491 ], [ -73.939237, 40.834163 ], [ -73.938492, 40.833843 ], [ -73.939155, 40.833278 ], [ -73.939273, 40.8332 ], [ -73.939382, 40.833111 ], [ -73.939478, 40.833013 ], [ -73.93956, 40.832909 ], [ -73.939626, 40.832799 ], [ -73.939676, 40.832685 ], [ -73.940075, 40.832067 ], [ -73.940094, 40.832048 ], [ -73.940174, 40.831952 ], [ -73.940255, 40.831827 ], [ -73.940309, 40.831711 ], [ -73.940347, 40.83159 ], [ -73.940368, 40.831468 ], [ -73.94037, 40.831332 ], [ -73.940346, 40.830458 ], [ -73.940167, 40.830383 ], [ -73.940079, 40.830464 ], [ -73.939989, 40.830731 ], [ -73.939959, 40.830833 ], [ -73.939911, 40.830932 ], [ -73.939844, 40.831026 ], [ -73.939763, 40.831111 ], [ -73.939728, 40.831141 ], [ -73.939587, 40.831274 ], [ -73.93947, 40.831411 ], [ -73.93938, 40.831543 ], [ -73.939343, 40.831612 ], [ -73.939299, 40.831696 ], [ -73.939244, 40.831837 ], [ -73.939225, 40.8319 ], [ -73.939147, 40.832077 ], [ -73.939038, 40.832281 ], [ -73.938912, 40.832479 ], [ -73.938786, 40.832647 ], [ -73.938773, 40.832663 ], [ -73.938683, 40.832801 ], [ -73.938575, 40.832915 ], [ -73.938385, 40.833114 ], [ -73.937957, 40.833454 ], [ -73.937297, 40.833978 ], [ -73.937006, 40.834193 ], [ -73.936755, 40.834378 ], [ -73.936496, 40.834569 ], [ -73.936407, 40.834556 ], [ -73.935615, 40.83514 ], [ -73.935504, 40.835095 ], [ -73.93549, 40.834764 ], [ -73.935478, 40.834389 ], [ -73.935475, 40.834289 ], [ -73.93547, 40.834138 ], [ -73.935464, 40.833968 ], [ -73.935458, 40.833774 ], [ -73.935451, 40.833548 ], [ -73.935447, 40.833444 ], [ -73.935442, 40.833284 ], [ -73.935439, 40.833183 ], [ -73.935434, 40.833047 ], [ -73.935434, 40.833024 ], [ -73.935431, 40.832931 ], [ -73.935427, 40.832834 ], [ -73.935422, 40.832664 ], [ -73.935396, 40.831874 ], [ -73.93539, 40.831702 ], [ -73.935499, 40.831554 ], [ -73.935902, 40.831016 ], [ -73.936111, 40.830742 ], [ -73.935556, 40.830496 ], [ -73.935407, 40.830355 ], [ -73.935359, 40.830289 ], [ -73.935319, 40.830204 ], [ -73.935307, 40.830148 ], [ -73.935293, 40.830066 ], [ -73.935182, 40.82942 ], [ -73.935105, 40.828587 ], [ -73.935104, 40.828512 ], [ -73.935118, 40.828436 ], [ -73.935152, 40.828355 ], [ -73.93519, 40.828295 ], [ -73.934938, 40.82816 ], [ -73.934842, 40.828097 ], [ -73.934837, 40.828032 ], [ -73.934735, 40.828042 ], [ -73.934676, 40.828043 ], [ -73.934555, 40.828047 ], [ -73.93312, 40.828153 ], [ -73.933059, 40.828156 ], [ -73.933047, 40.827995 ], [ -73.933033, 40.827913 ], [ -73.933021, 40.827834 ], [ -73.933003, 40.827676 ], [ -73.932898, 40.826558 ], [ -73.932825, 40.826078 ], [ -73.932813, 40.825941 ], [ -73.932793, 40.82583 ], [ -73.932781, 40.825715 ], [ -73.932749, 40.825492 ], [ -73.932749, 40.825439 ], [ -73.932749, 40.825386 ], [ -73.932736, 40.82529 ], [ -73.932728, 40.825183 ], [ -73.932719, 40.825116 ], [ -73.932661, 40.824538 ], [ -73.932643, 40.824356 ], [ -73.932632, 40.824134 ], [ -73.932591, 40.823666 ], [ -73.932568, 40.823488 ], [ -73.932567, 40.82325 ], [ -73.932538, 40.823051 ], [ -73.93252, 40.8228 ], [ -73.932491, 40.822554 ], [ -73.932468, 40.822203 ], [ -73.932425, 40.821561 ], [ -73.932407, 40.821284 ], [ -73.932401, 40.821193 ], [ -73.932333, 40.819654 ], [ -73.932329, 40.819554 ], [ -73.932327, 40.819503 ], [ -73.933823, 40.819491 ], [ -73.934117, 40.819551 ], [ -73.934313, 40.81963 ], [ -73.934475, 40.819697 ], [ -73.936227, 40.820438 ], [ -73.936721, 40.81977 ], [ -73.937181, 40.819144 ], [ -73.937641, 40.818517 ], [ -73.938029, 40.818681 ], [ -73.94025, 40.819624 ], [ -73.940477, 40.819721 ], [ -73.940022, 40.820342 ], [ -73.939566, 40.820965 ], [ -73.942411, 40.822164 ], [ -73.941917, 40.822837 ], [ -73.942924, 40.82326 ], [ -73.943842, 40.823648 ], [ -73.944756, 40.824032 ], [ -73.946222, 40.824652 ], [ -73.946714, 40.823981 ], [ -73.947165, 40.82336 ], [ -73.947622, 40.822737 ], [ -73.948083, 40.822108 ], [ -73.949465, 40.82269 ], [ -73.950496, 40.82312 ], [ -73.949694, 40.823604 ], [ -73.951853, 40.82451 ], [ -73.952304, 40.823887 ], [ -73.952762, 40.823263 ], [ -73.95483, 40.824126 ], [ -73.954347, 40.824739 ], [ -73.953684, 40.825312 ], [ -73.953828, 40.825372 ], [ -73.954256, 40.82555 ], [ -73.954848, 40.825817 ], [ -73.954884, 40.825834 ], [ -73.955399, 40.825284 ], [ -73.955756, 40.824886 ], [ -73.956281, 40.824264 ], [ -73.956545, 40.823926 ], [ -73.956989, 40.823349 ], [ -73.957083, 40.823202 ], [ -73.957625, 40.822508 ], [ -73.958407, 40.821497 ], [ -73.958787, 40.821005 ], [ -73.958918, 40.820832 ], [ -73.959167, 40.820537 ], [ -73.959422, 40.820234 ], [ -73.959946, 40.819635 ], [ -73.960469, 40.819054 ], [ -73.960911, 40.818565 ], [ -73.961575, 40.81791 ], [ -73.961688, 40.817967 ], [ -73.961819, 40.818023 ], [ -73.961901, 40.818048 ], [ -73.962067, 40.818099 ], [ -73.96298, 40.818512 ], [ -73.963475, 40.818729 ], [ -73.967865, 40.820771 ], [ -73.967803, 40.820854 ] ] ] ] } },
{ "type": "Feature", "properties": { "assembly district": 76 }, "geometry": { "type": "MultiPolygon", "coordinates": [ [ [ [ -73.968192, 40.747251 ], [ -73.967989, 40.747484 ], [ -73.96793, 40.747552 ], [ -73.967881, 40.747617 ], [ -73.967697, 40.747866 ], [ -73.964715, 40.751717 ], [ -73.963185, 40.753415 ], [ -73.963268, 40.753459 ], [ -73.963406, 40.75352 ], [ -73.9633, 40.753641 ], [ -73.96288, 40.754121 ], [ -73.962284, 40.754808 ], [ -73.962157, 40.754948 ], [ -73.961877, 40.755197 ], [ -73.961773, 40.755284 ], [ -73.961223, 40.755686 ], [ -73.961093, 40.755811 ], [ -73.96087, 40.756025 ], [ -73.960546, 40.756416 ], [ -73.960038, 40.757054 ], [ -73.960009, 40.757094 ], [ -73.959389, 40.757707 ], [ -73.958934, 40.758335 ], [ -73.958719, 40.75864 ], [ -73.958671, 40.758705 ], [ -73.958502, 40.758935 ], [ -73.958455, 40.758997 ], [ -73.958008, 40.75958 ], [ -73.958107, 40.759618 ], [ -73.958162, 40.75964 ], [ -73.958809, 40.759913 ], [ -73.959791, 40.760323 ], [ -73.960615, 40.760668 ], [ -73.961068, 40.760858 ], [ -73.96244, 40.761443 ], [ -73.962865, 40.761622 ], [ -73.963424, 40.761859 ], [ -73.96567, 40.762805 ], [ -73.965214, 40.763432 ], [ -73.964755, 40.764058 ], [ -73.964299, 40.764683 ], [ -73.963843, 40.765309 ], [ -73.963401, 40.765911 ], [ -73.96294, 40.765722 ], [ -73.961542, 40.765148 ], [ -73.961148, 40.764987 ], [ -73.96069, 40.765614 ], [ -73.96108, 40.765779 ], [ -73.962478, 40.766369 ], [ -73.962929, 40.766559 ], [ -73.96247, 40.767185 ], [ -73.962145, 40.767631 ], [ -73.962014, 40.767812 ], [ -73.961559, 40.768437 ], [ -73.961102, 40.769059 ], [ -73.960602, 40.769749 ], [ -73.960109, 40.770432 ], [ -73.959645, 40.771064 ], [ -73.959182, 40.771697 ], [ -73.958717, 40.772331 ], [ -73.958625, 40.772456 ], [ -73.958619, 40.772464 ], [ -73.958483, 40.772649 ], [ -73.958255, 40.772965 ], [ -73.957794, 40.7736 ], [ -73.955553, 40.772654 ], [ -73.955055, 40.773337 ], [ -73.954556, 40.77402 ], [ -73.954725, 40.774091 ], [ -73.954991, 40.774203 ], [ -73.95508, 40.77424 ], [ -73.955116, 40.774255 ], [ -73.955933, 40.774602 ], [ -73.956251, 40.774736 ], [ -73.956798, 40.774967 ], [ -73.95678, 40.774991 ], [ -73.956583, 40.775259 ], [ -73.956334, 40.775601 ], [ -73.955869, 40.776236 ], [ -73.955408, 40.776868 ], [ -73.954945, 40.777504 ], [ -73.954482, 40.778139 ], [ -73.953984, 40.778822 ], [ -73.953758, 40.77913 ], [ -73.953673, 40.779247 ], [ -73.953492, 40.779496 ], [ -73.953033, 40.780126 ], [ -73.952656, 40.779966 ], [ -73.952522, 40.779909 ], [ -73.951971, 40.779676 ], [ -73.950792, 40.779179 ], [ -73.950336, 40.77981 ], [ -73.9501, 40.780132 ], [ -73.94988, 40.780436 ], [ -73.949419, 40.781062 ], [ -73.948961, 40.781689 ], [ -73.947014, 40.78087 ], [ -73.946591, 40.780692 ], [ -73.945264, 40.780138 ], [ -73.944939, 40.780003 ], [ -73.944653, 40.779884 ], [ -73.944358, 40.779761 ], [ -73.944195, 40.780128 ], [ -73.9442, 40.780261 ], [ -73.9442, 40.780271 ], [ -73.944224, 40.780413 ], [ -73.944265, 40.780553 ], [ -73.944474, 40.781471 ], [ -73.944486, 40.781619 ], [ -73.944487, 40.781709 ], [ -73.944489, 40.781769 ], [ -73.944474, 40.781998 ], [ -73.944438, 40.782241 ], [ -73.944397, 40.782382 ], [ -73.944342, 40.78252 ], [ -73.94426, 40.782676 ], [ -73.94418, 40.7828 ], [ -73.944097, 40.782911 ], [ -73.944054, 40.782964 ], [ -73.943955, 40.782916 ], [ -73.943833, 40.782859 ], [ -73.94376, 40.782829 ], [ -73.943604, 40.78265 ], [ -73.937608, 40.781754 ], [ -73.937288, 40.780963 ], [ -73.934412, 40.778093 ], [ -73.934744, 40.778076 ], [ -73.935082, 40.777944 ], [ -73.935509, 40.777539 ], [ -73.935855, 40.777212 ], [ -73.936089, 40.777184 ], [ -73.93638, 40.776921 ], [ -73.937047, 40.775866 ], [ -73.937655, 40.775086 ], [ -73.937858, 40.774088 ], [ -73.937813, 40.773563 ], [ -73.937466, 40.772531 ], [ -73.937466, 40.772504 ], [ -73.934956, 40.77173 ], [ -73.935323, 40.770485 ], [ -73.936404, 40.769475 ], [ -73.938204, 40.768728 ], [ -73.939836, 40.767988 ], [ -73.940351, 40.767653 ], [ -73.940463, 40.76753 ], [ -73.941312, 40.766918 ], [ -73.941585, 40.766616 ], [ -73.943503, 40.764499 ], [ -73.944715, 40.762879 ], [ -73.945705, 40.761488 ], [ -73.945806, 40.76145 ], [ -73.945964, 40.761293 ], [ -73.947832, 40.758989 ], [ -73.948445, 40.758218 ], [ -73.94915, 40.757329 ], [ -73.950663, 40.755436 ], [ -73.950713, 40.755378 ], [ -73.950735, 40.755352 ], [ -73.950766, 40.755313 ], [ -73.95084, 40.755219 ], [ -73.950877, 40.755167 ], [ -73.951018, 40.755087 ], [ -73.951367, 40.754524 ], [ -73.951625, 40.754249 ], [ -73.951779, 40.754087 ], [ -73.952081, 40.753757 ], [ -73.952173, 40.753703 ], [ -73.952657, 40.753107 ], [ -73.952849, 40.75294 ], [ -73.953009, 40.752775 ], [ -73.952972, 40.752747 ], [ -73.953641, 40.752037 ], [ -73.953679, 40.752047 ], [ -73.953802, 40.751958 ], [ -73.953994, 40.751786 ], [ -73.95394, 40.751746 ], [ -73.954317, 40.751258 ], [ -73.955532, 40.750216 ], [ -73.956062, 40.749764 ], [ -73.956088, 40.749769 ], [ -73.956121, 40.74976 ], [ -73.956201, 40.749686 ], [ -73.9562, 40.749671 ], [ -73.956174, 40.749665 ], [ -73.956842, 40.748828 ], [ -73.957584, 40.747948 ], [ -73.957732, 40.747775 ], [ -73.958216, 40.747212 ], [ -73.958327, 40.747081 ], [ -73.958711, 40.746635 ], [ -73.959124, 40.746119 ], [ -73.959193, 40.746035 ], [ -73.959725, 40.745261 ], [ -73.959778, 40.745178 ], [ -73.960211, 40.744511 ], [ -73.960267, 40.744428 ], [ -73.960513, 40.744108 ], [ -73.960563, 40.744024 ], [ -73.960833, 40.743639 ], [ -73.961183, 40.743005 ], [ -73.961291, 40.742894 ], [ -73.961381, 40.742802 ], [ -73.968737, 40.746508 ], [ -73.968192, 40.747251 ] ] ] ] } },
{ "type": "Feature", "properties": { "assembly district": 73 }, "geometry": { "type": "MultiPolygon", "coordinates": [ [ [ [ -73.983621, 40.749724 ], [ -73.983174, 40.750342 ], [ -73.982724, 40.750959 ], [ -73.982275, 40.751577 ], [ -73.981822, 40.752197 ], [ -73.981372, 40.752814 ], [ -73.980888, 40.753481 ], [ -73.980395, 40.754155 ], [ -73.979937, 40.754783 ], [ -73.979483, 40.755405 ], [ -73.979024, 40.756032 ], [ -73.978565, 40.756655 ], [ -73.97696, 40.75598 ], [ -73.976504, 40.756606 ], [ -73.978116, 40.757284 ], [ -73.977655, 40.757912 ], [ -73.977201, 40.758538 ], [ -73.976744, 40.759165 ], [ -73.976289, 40.759787 ], [ -73.975831, 40.760418 ], [ -73.975373, 40.76104 ], [ -73.974915, 40.761667 ], [ -73.973309, 40.760989 ], [ -73.972852, 40.761614 ], [ -73.974457, 40.762293 ], [ -73.973968, 40.762967 ], [ -73.973465, 40.763659 ], [ -73.973015, 40.764279 ], [ -73.972553, 40.764898 ], [ -73.972099, 40.765518 ], [ -73.971648, 40.766143 ], [ -73.971189, 40.766767 ], [ -73.970728, 40.767394 ], [ -73.970281, 40.768025 ], [ -73.969825, 40.768646 ], [ -73.969365, 40.769271 ], [ -73.968904, 40.769901 ], [ -73.968441, 40.770517 ], [ -73.967994, 40.771147 ], [ -73.967534, 40.771776 ], [ -73.967039, 40.772461 ], [ -73.966537, 40.77314 ], [ -73.966074, 40.773773 ], [ -73.96561, 40.774407 ], [ -73.965148, 40.775045 ], [ -73.964687, 40.775677 ], [ -73.964228, 40.77631 ], [ -73.963729, 40.776994 ], [ -73.96323, 40.777677 ], [ -73.96316, 40.777772 ], [ -73.963131, 40.777812 ], [ -73.962768, 40.778313 ], [ -73.962303, 40.778947 ], [ -73.961839, 40.779584 ], [ -73.961361, 40.780241 ], [ -73.960919, 40.78085 ], [ -73.960416, 40.781532 ], [ -73.959921, 40.782213 ], [ -73.959469, 40.782833 ], [ -73.959004, 40.783467 ], [ -73.958558, 40.784098 ], [ -73.958096, 40.784718 ], [ -73.957636, 40.785344 ], [ -73.956031, 40.78467 ], [ -73.955569, 40.785298 ], [ -73.953961, 40.784616 ], [ -73.953503, 40.785247 ], [ -73.953045, 40.785874 ], [ -73.951426, 40.785192 ], [ -73.951883, 40.784565 ], [ -73.950282, 40.783891 ], [ -73.948532, 40.783151 ], [ -73.948039, 40.782942 ], [ -73.94567, 40.781947 ], [ -73.946131, 40.781316 ], [ -73.946591, 40.780692 ], [ -73.947014, 40.78087 ], [ -73.948961, 40.781689 ], [ -73.949419, 40.781062 ], [ -73.94988, 40.780436 ], [ -73.9501, 40.780132 ], [ -73.950336, 40.77981 ], [ -73.950792, 40.779179 ], [ -73.951971, 40.779676 ], [ -73.952522, 40.779909 ], [ -73.952656, 40.779966 ], [ -73.953033, 40.780126 ], [ -73.953492, 40.779496 ], [ -73.953673, 40.779247 ], [ -73.953758, 40.77913 ], [ -73.953984, 40.778822 ], [ -73.954482, 40.778139 ], [ -73.954945, 40.777504 ], [ -73.955408, 40.776868 ], [ -73.955869, 40.776236 ], [ -73.956334, 40.775601 ], [ -73.956583, 40.775259 ], [ -73.95678, 40.774991 ], [ -73.956798, 40.774967 ], [ -73.956251, 40.774736 ], [ -73.955933, 40.774602 ], [ -73.955116, 40.774255 ], [ -73.95508, 40.77424 ], [ -73.954991, 40.774203 ], [ -73.954725, 40.774091 ], [ -73.954556, 40.77402 ], [ -73.955055, 40.773337 ], [ -73.955553, 40.772654 ], [ -73.957794, 40.7736 ], [ -73.958255, 40.772965 ], [ -73.958483, 40.772649 ], [ -73.958619, 40.772464 ], [ -73.958625, 40.772456 ], [ -73.958717, 40.772331 ], [ -73.959182, 40.771697 ], [ -73.959645, 40.771064 ], [ -73.960109, 40.770432 ], [ -73.960602, 40.769749 ], [ -73.961102, 40.769059 ], [ -73.961559, 40.768437 ], [ -73.962014, 40.767812 ], [ -73.962145, 40.767631 ], [ -73.96247, 40.767185 ], [ -73.962929, 40.766559 ], [ -73.962478, 40.766369 ], [ -73.96108, 40.765779 ], [ -73.96069, 40.765614 ], [ -73.961148, 40.764987 ], [ -73.961542, 40.765148 ], [ -73.96294, 40.765722 ], [ -73.963401, 40.765911 ], [ -73.963843, 40.765309 ], [ -73.964299, 40.764683 ], [ -73.964755, 40.764058 ], [ -73.965214, 40.763432 ], [ -73.96567, 40.762805 ], [ -73.963424, 40.761859 ], [ -73.962865, 40.761622 ], [ -73.96244, 40.761443 ], [ -73.961068, 40.760858 ], [ -73.960615, 40.760668 ], [ -73.959791, 40.760323 ], [ -73.958809, 40.759913 ], [ -73.958162, 40.75964 ], [ -73.958107, 40.759618 ], [ -73.958008, 40.75958 ], [ -73.958455, 40.758997 ], [ -73.958502, 40.758935 ], [ -73.958671, 40.758705 ], [ -73.958719, 40.75864 ], [ -73.958934, 40.758335 ], [ -73.959389, 40.757707 ], [ -73.960009, 40.757094 ], [ -73.960038, 40.757054 ], [ -73.960546, 40.756416 ], [ -73.96087, 40.756025 ], [ -73.961093, 40.755811 ], [ -73.961223, 40.755686 ], [ -73.961773, 40.755284 ], [ -73.961877, 40.755197 ], [ -73.962157, 40.754948 ], [ -73.962284, 40.754808 ], [ -73.96288, 40.754121 ], [ -73.9633, 40.753641 ], [ -73.963406, 40.75352 ], [ -73.963632, 40.753283 ], [ -73.964007, 40.752893 ], [ -73.964459, 40.752421 ], [ -73.964862, 40.752011 ], [ -73.965055, 40.751813 ], [ -73.965215, 40.751808 ], [ -73.96529, 40.751812 ], [ -73.965334, 40.751822 ], [ -73.96538, 40.751833 ], [ -73.965512, 40.751878 ], [ -73.966917, 40.75249 ], [ -73.967056, 40.752548 ], [ -73.967144, 40.752585 ], [ -73.967261, 40.75264 ], [ -73.967698, 40.752041 ], [ -73.967797, 40.751717 ], [ -73.967777, 40.751626 ], [ -73.967974, 40.751366 ], [ -73.968024, 40.75139 ], [ -73.968527, 40.751605 ], [ -73.970341, 40.752379 ], [ -73.970804, 40.751748 ], [ -73.971263, 40.751122 ], [ -73.973503, 40.752065 ], [ -73.973959, 40.751441 ], [ -73.971713, 40.750494 ], [ -73.972203, 40.749823 ], [ -73.972692, 40.749157 ], [ -73.972824, 40.748973 ], [ -73.972979, 40.74876 ], [ -73.973141, 40.748538 ], [ -73.973592, 40.747919 ], [ -73.974044, 40.747296 ], [ -73.974115, 40.747199 ], [ -73.974496, 40.746682 ], [ -73.974619, 40.746518 ], [ -73.974667, 40.746452 ], [ -73.974811, 40.746261 ], [ -73.974936, 40.746078 ], [ -73.975394, 40.745442 ], [ -73.975881, 40.744779 ], [ -73.976348, 40.744092 ], [ -73.976758, 40.743472 ], [ -73.979058, 40.744444 ], [ -73.978607, 40.745058 ], [ -73.978121, 40.745726 ], [ -73.979724, 40.746402 ], [ -73.981361, 40.747145 ], [ -73.980853, 40.747751 ], [ -73.980404, 40.748366 ], [ -73.982024, 40.74905 ], [ -73.982473, 40.748432 ], [ -73.984076, 40.749102 ], [ -73.983621, 40.749724 ] ] ] ] } },
{ "type": "Feature", "properties": { "assembly district": 85 }, "geometry": { "type": "MultiPolygon", "coordinates": [ [ [ [ -73.913624, 40.796786 ], [ -73.91141, 40.796686 ], [ -73.909885, 40.797995 ], [ -73.90853, 40.799092 ], [ -73.906181, 40.801496 ], [ -73.905885, 40.801712 ], [ -73.905106, 40.802518 ], [ -73.904881, 40.802793 ], [ -73.904584, 40.803111 ], [ -73.903707, 40.803811 ], [ -73.903347, 40.803847 ], [ -73.902612, 40.804426 ], [ -73.90247, 40.804384 ], [ -73.902293, 40.804554 ], [ -73.902392, 40.804624 ], [ -73.902184, 40.804877 ], [ -73.900695, 40.804989 ], [ -73.898486, 40.805477 ], [ -73.898137, 40.805646 ], [ -73.898221, 40.806414 ], [ -73.897345, 40.806546 ], [ -73.897273, 40.806138 ], [ -73.896252, 40.806246 ], [ -73.896336, 40.806714 ], [ -73.895111, 40.806859 ], [ -73.895015, 40.806306 ], [ -73.894835, 40.806222 ], [ -73.89176, 40.80645 ], [ -73.891532, 40.805982 ], [ -73.891184, 40.805994 ], [ -73.89086, 40.80597 ], [ -73.890391, 40.805874 ], [ -73.890004, 40.80574 ], [ -73.889755, 40.805958 ], [ -73.889242, 40.805937 ], [ -73.889402, 40.805297 ], [ -73.889101, 40.804968 ], [ -73.888744, 40.804748 ], [ -73.888361, 40.804776 ], [ -73.888178, 40.804901 ], [ -73.888059, 40.80494 ], [ -73.887703, 40.804831 ], [ -73.887511, 40.804557 ], [ -73.88757, 40.804185 ], [ -73.886935, 40.803707 ], [ -73.886277, 40.803378 ], [ -73.885894, 40.802775 ], [ -73.88551, 40.802364 ], [ -73.885263, 40.802336 ], [ -73.884818, 40.801902 ], [ -73.883892, 40.801746 ], [ -73.883541, 40.802129 ], [ -73.880529, 40.802564 ], [ -73.878355, 40.802952 ], [ -73.878113, 40.802295 ], [ -73.877906, 40.802272 ], [ -73.878359, 40.801302 ], [ -73.875668, 40.80097 ], [ -73.87564, 40.801418 ], [ -73.874736, 40.801172 ], [ -73.874706, 40.800931 ], [ -73.873424, 40.800811 ], [ -73.87169, 40.801534 ], [ -73.87157, 40.80176 ], [ -73.87172, 40.801806 ], [ -73.871701, 40.801832 ], [ -73.87163, 40.801926 ], [ -73.871102, 40.802605 ], [ -73.870981, 40.802575 ], [ -73.870694, 40.802986 ], [ -73.870333, 40.803525 ], [ -73.868313, 40.806314 ], [ -73.868132, 40.806872 ], [ -73.87077, 40.811863 ], [ -73.871998, 40.813743 ], [ -73.876833, 40.815268 ], [ -73.878758, 40.816067 ], [ -73.879354, 40.816371 ], [ -73.879599, 40.816616 ], [ -73.879868, 40.816827 ], [ -73.880219, 40.817165 ], [ -73.881408, 40.817993 ], [ -73.882346, 40.817416 ], [ -73.882977, 40.817337 ], [ -73.88338, 40.817351 ], [ -73.884319, 40.81721 ], [ -73.885239, 40.81707 ], [ -73.886161, 40.81693 ], [ -73.887084, 40.81679 ], [ -73.887996, 40.816664 ], [ -73.88902, 40.816579 ], [ -73.889862, 40.81651 ], [ -73.891251, 40.8164 ], [ -73.891806, 40.816362 ], [ -73.89286, 40.816275 ], [ -73.893856, 40.816196 ], [ -73.894396, 40.81616 ], [ -73.89453, 40.816153 ], [ -73.894724, 40.816144 ], [ -73.895158, 40.815683 ], [ -73.896594, 40.814313 ], [ -73.8973, 40.813634 ], [ -73.898106, 40.813034 ], [ -73.898215, 40.81308 ], [ -73.898352, 40.813137 ], [ -73.898448, 40.813177 ], [ -73.899341, 40.813489 ], [ -73.899728, 40.81429 ], [ -73.90012, 40.815084 ], [ -73.899207, 40.815866 ], [ -73.897786, 40.817246 ], [ -73.898521, 40.817686 ], [ -73.899285, 40.818147 ], [ -73.899818, 40.81847 ], [ -73.900023, 40.818595 ], [ -73.899918, 40.818687 ], [ -73.899869, 40.819477 ], [ -73.89986, 40.820563 ], [ -73.898985, 40.821038 ], [ -73.897864, 40.821598 ], [ -73.896878, 40.822118 ], [ -73.896864, 40.823492 ], [ -73.896685, 40.82349 ], [ -73.896685, 40.823534 ], [ -73.896316, 40.823533 ], [ -73.896215, 40.823578 ], [ -73.895937, 40.823569 ], [ -73.895932, 40.823784 ], [ -73.895847, 40.823892 ], [ -73.896861, 40.823848 ], [ -73.896839, 40.825991 ], [ -73.895824, 40.825995 ], [ -73.896222, 40.82717 ], [ -73.895292, 40.828143 ], [ -73.895226, 40.828213 ], [ -73.895058, 40.828388 ], [ -73.894269, 40.829211 ], [ -73.893833, 40.82967 ], [ -73.89336, 40.830152 ], [ -73.892886, 40.830148 ], [ -73.891876, 40.830137 ], [ -73.890873, 40.830136 ], [ -73.889912, 40.830124 ], [ -73.889093, 40.831527 ], [ -73.88906, 40.831584 ], [ -73.888936, 40.831798 ], [ -73.887948, 40.833447 ], [ -73.887095, 40.833152 ], [ -73.886242, 40.832855 ], [ -73.88538, 40.83256 ], [ -73.884394, 40.834211 ], [ -73.883396, 40.835884 ], [ -73.884249, 40.836179 ], [ -73.885107, 40.836475 ], [ -73.884817, 40.836977 ], [ -73.883739, 40.838846 ], [ -73.883565, 40.838986 ], [ -73.883468, 40.839057 ], [ -73.882992, 40.838796 ], [ -73.88288, 40.838728 ], [ -73.882741, 40.838644 ], [ -73.88172, 40.837954 ], [ -73.88079, 40.837512 ], [ -73.880706, 40.837471 ], [ -73.880599, 40.837419 ], [ -73.880163, 40.837256 ], [ -73.879332, 40.836973 ], [ -73.877615, 40.836569 ], [ -73.876942, 40.836505 ], [ -73.876399, 40.836455 ], [ -73.876455, 40.836387 ], [ -73.876937, 40.836137 ], [ -73.876623, 40.836214 ], [ -73.876125, 40.836183 ], [ -73.875887, 40.836164 ], [ -73.875207, 40.836109 ], [ -73.875105, 40.835671 ], [ -73.874951, 40.835046 ], [ -73.874742, 40.83413 ], [ -73.874406, 40.834176 ], [ -73.87406, 40.834223 ], [ -73.873954, 40.834237 ], [ -73.873633, 40.834277 ], [ -73.87322, 40.832022 ], [ -73.872755, 40.830028 ], [ -73.871794, 40.830305 ], [ -73.870903, 40.830563 ], [ -73.870007, 40.83082 ], [ -73.869682, 40.829428 ], [ -73.86872, 40.829558 ], [ -73.868223, 40.827426 ], [ -73.867268, 40.827554 ], [ -73.866346, 40.82768 ], [ -73.86542, 40.827802 ], [ -73.864494, 40.827926 ], [ -73.863572, 40.828049 ], [ -73.862642, 40.82817 ], [ -73.861717, 40.828296 ], [ -73.861207, 40.826087 ], [ -73.859703, 40.826277 ], [ -73.859586, 40.826017 ], [ -73.859538, 40.825912 ], [ -73.859407, 40.825621 ], [ -73.858789, 40.824209 ], [ -73.858445, 40.822774 ], [ -73.858264, 40.822013 ], [ -73.859262, 40.821882 ], [ -73.860193, 40.821757 ], [ -73.861114, 40.821632 ], [ -73.862029, 40.821509 ], [ -73.86298, 40.821384 ], [ -73.862464, 40.819247 ], [ -73.861531, 40.819379 ], [ -73.860612, 40.819497 ], [ -73.860122, 40.817389 ], [ -73.859198, 40.817511 ], [ -73.858703, 40.815405 ], [ -73.85778, 40.81553 ], [ -73.856783, 40.815662 ], [ -73.855517, 40.815833 ], [ -73.854718, 40.815942 ], [ -73.85362, 40.816088 ], [ -73.851629, 40.816354 ], [ -73.851145, 40.814396 ], [ -73.850899, 40.814344 ], [ -73.850115, 40.814419 ], [ -73.849097, 40.814551 ], [ -73.848112, 40.814687 ], [ -73.848588, 40.816765 ], [ -73.847539, 40.816905 ], [ -73.846478, 40.817049 ], [ -73.845496, 40.817181 ], [ -73.844486, 40.817315 ], [ -73.843881, 40.817391 ], [ -73.843995, 40.817246 ], [ -73.845071, 40.815419 ], [ -73.845244, 40.815006 ], [ -73.845743, 40.813896 ], [ -73.844751, 40.813718 ], [ -73.84463, 40.813697 ], [ -73.842449, 40.813438 ], [ -73.843134, 40.811603 ], [ -73.845117, 40.806299 ], [ -73.846654, 40.801024 ], [ -73.853072, 40.800113 ], [ -73.854632, 40.799724 ], [ -73.862965, 40.79767 ], [ -73.863147, 40.797497 ], [ -73.863502, 40.797162 ], [ -73.867118, 40.793742 ], [ -73.870207, 40.790909 ], [ -73.870299, 40.790688 ], [ -73.870973, 40.789057 ], [ -73.870947, 40.788954 ], [ -73.870977, 40.788878 ], [ -73.870961, 40.788743 ], [ -73.870949, 40.788607 ], [ -73.87095, 40.788468 ], [ -73.870892, 40.788339 ], [ -73.870853, 40.788206 ], [ -73.870801, 40.788063 ], [ -73.87079, 40.78803 ], [ -73.870786, 40.787996 ], [ -73.870787, 40.787962 ], [ -73.870795, 40.787929 ], [ -73.870809, 40.787897 ], [ -73.871073, 40.787575 ], [ -73.871225, 40.787445 ], [ -73.871374, 40.787271 ], [ -73.871475, 40.787043 ], [ -73.871631, 40.786798 ], [ -73.871876, 40.786624 ], [ -73.872106, 40.786469 ], [ -73.872265, 40.786424 ], [ -73.872473, 40.786303 ], [ -73.872685, 40.786154 ], [ -73.872788, 40.786078 ], [ -73.872872, 40.785975 ], [ -73.872823, 40.785964 ], [ -73.872774, 40.785942 ], [ -73.872809, 40.785903 ], [ -73.872854, 40.785926 ], [ -73.872885, 40.785963 ], [ -73.872981, 40.785894 ], [ -73.873088, 40.785855 ], [ -73.873202, 40.785825 ], [ -73.873286, 40.785812 ], [ -73.873355, 40.785789 ], [ -73.873428, 40.785762 ], [ -73.87351, 40.785721 ], [ -73.873689, 40.785755 ], [ -73.873864, 40.785765 ], [ -73.874038, 40.78578 ], [ -73.874211, 40.7858 ], [ -73.874356, 40.78581 ], [ -73.874596, 40.785836 ], [ -73.874837, 40.785857 ], [ -73.875079, 40.785872 ], [ -73.875321, 40.785881 ], [ -73.875563, 40.785884 ], [ -73.875806, 40.785881 ], [ -73.876048, 40.785872 ], [ -73.87629, 40.785858 ], [ -73.876531, 40.785837 ], [ -73.876771, 40.785811 ], [ -73.876973, 40.785778 ], [ -73.877173, 40.785737 ], [ -73.877371, 40.78569 ], [ -73.877566, 40.785636 ], [ -73.877757, 40.785576 ], [ -73.877944, 40.785509 ], [ -73.878128, 40.785436 ], [ -73.878307, 40.785357 ], [ -73.882929, 40.786209 ], [ -73.885222, 40.78663 ], [ -73.885303, 40.786685 ], [ -73.885374, 40.786669 ], [ -73.88577, 40.786678 ], [ -73.885962, 40.786753 ], [ -73.88613, 40.786708 ], [ -73.886317, 40.786733 ], [ -73.886593, 40.786738 ], [ -73.886922, 40.786733 ], [ -73.887153, 40.786826 ], [ -73.887278, 40.786807 ], [ -73.8877, 40.78687 ], [ -73.888307, 40.787006 ], [ -73.888565, 40.787161 ], [ -73.889052, 40.787373 ], [ -73.889405, 40.787791 ], [ -73.889523, 40.788059 ], [ -73.889611, 40.7882 ], [ -73.889797, 40.788652 ], [ -73.88987, 40.788895 ], [ -73.889885, 40.78901 ], [ -73.890127, 40.789636 ], [ -73.890301, 40.789877 ], [ -73.89057, 40.790108 ], [ -73.8908, 40.790208 ], [ -73.89092, 40.790226 ], [ -73.891156, 40.790174 ], [ -73.891405, 40.790194 ], [ -73.891606, 40.790161 ], [ -73.89177, 40.790222 ], [ -73.891974, 40.790236 ], [ -73.892104, 40.790323 ], [ -73.892182, 40.790394 ], [ -73.899869, 40.792449 ], [ -73.912456, 40.796096 ], [ -73.913624, 40.796786 ] ] ] ] } },
{ "type": "Feature", "properties": { "assembly district": 63 }, "geometry": { "type": "MultiPolygon", "coordinates": [ [ [ [ -74.21747, 40.555131 ], [ -74.216666, 40.555431 ], [ -74.21645, 40.555488 ], [ -74.216282, 40.555516 ], [ -74.216066, 40.555544 ], [ -74.21586, 40.555647 ], [ -74.21571, 40.55575 ], [ -74.215466, 40.555919 ], [ -74.21511, 40.556031 ], [ -74.214997, 40.556116 ], [ -74.214904, 40.556272 ], [ -74.214894, 40.556322 ], [ -74.214904, 40.556434 ], [ -74.21495, 40.556519 ], [ -74.21496, 40.556594 ], [ -74.214904, 40.556753 ], [ -74.2148, 40.556884 ], [ -74.214725, 40.556903 ], [ -74.214575, 40.556978 ], [ -74.214604, 40.557119 ], [ -74.214463, 40.557175 ], [ -74.214332, 40.556978 ], [ -74.214285, 40.556997 ], [ -74.214238, 40.557081 ], [ -74.214182, 40.557119 ], [ -74.2139, 40.557184 ], [ -74.213703, 40.557225 ], [ -74.213694, 40.557316 ], [ -74.213844, 40.557419 ], [ -74.213947, 40.557475 ], [ -74.214079, 40.55755 ], [ -74.214172, 40.557634 ], [ -74.214182, 40.5577 ], [ -74.214004, 40.557738 ], [ -74.213882, 40.557653 ], [ -74.213713, 40.557522 ], [ -74.213507, 40.557353 ], [ -74.213422, 40.557241 ], [ -74.213394, 40.557184 ], [ -74.213469, 40.557044 ], [ -74.213516, 40.556809 ], [ -74.213507, 40.556744 ], [ -74.213572, 40.556613 ], [ -74.213591, 40.556528 ], [ -74.213535, 40.556528 ], [ -74.213385, 40.556659 ], [ -74.213291, 40.556828 ], [ -74.213207, 40.55695 ], [ -74.213141, 40.557034 ], [ -74.213066, 40.557138 ], [ -74.212804, 40.557259 ], [ -74.2127, 40.5574 ], [ -74.21271, 40.557484 ], [ -74.212635, 40.557653 ], [ -74.212411, 40.557905 ], [ -74.216495, 40.558588 ], [ -74.214575, 40.560533 ], [ -74.21203, 40.568111 ], [ -74.211884, 40.568544 ], [ -74.210667, 40.572167 ], [ -74.210144, 40.573724 ], [ -74.209544, 40.576666 ], [ -74.209095, 40.578853 ], [ -74.208924, 40.57969 ], [ -74.207383, 40.587222 ], [ -74.207242, 40.587915 ], [ -74.204877, 40.590986 ], [ -74.204244, 40.591808 ], [ -74.203605, 40.592635 ], [ -74.202461, 40.594118 ], [ -74.200303, 40.596919 ], [ -74.199589, 40.597846 ], [ -74.199589, 40.600382 ], [ -74.202366, 40.603389 ], [ -74.203683, 40.604816 ], [ -74.204833, 40.606062 ], [ -74.203889, 40.614276 ], [ -74.202571, 40.616521 ], [ -74.202425, 40.61677 ], [ -74.202545, 40.61738 ], [ -74.203925, 40.62437 ], [ -74.203617, 40.625198 ], [ -74.203458, 40.625624 ], [ -74.202708, 40.627635 ], [ -74.202281, 40.628781 ], [ -74.202328, 40.629907 ], [ -74.2024, 40.631592 ], [ -74.200668, 40.6329 ], [ -74.200176, 40.63327 ], [ -74.198164, 40.634787 ], [ -74.197447, 40.635874 ], [ -74.197415, 40.635921 ], [ -74.197393, 40.635956 ], [ -74.196247, 40.637689 ], [ -74.196203, 40.637734 ], [ -74.195242, 40.638595 ], [ -74.19143, 40.642025 ], [ -74.189216, 40.643561 ], [ -74.187756, 40.644575 ], [ -74.186985, 40.64511 ], [ -74.185689, 40.64601 ], [ -74.185641, 40.646042 ], [ -74.18165, 40.646528 ], [ -74.177596, 40.646051 ], [ -74.177373, 40.646025 ], [ -74.170623, 40.64523 ], [ -74.162125, 40.644231 ], [ -74.161536, 40.644157 ], [ -74.161484, 40.64343 ], [ -74.161331, 40.642226 ], [ -74.161255, 40.64179 ], [ -74.160192, 40.640211 ], [ -74.160153, 40.638056 ], [ -74.160193, 40.637152 ], [ -74.1603, 40.634136 ], [ -74.160311, 40.633788 ], [ -74.160342, 40.632998 ], [ -74.160388, 40.631595 ], [ -74.160381, 40.63047 ], [ -74.16038, 40.630186 ], [ -74.160392, 40.629476 ], [ -74.160402, 40.628911 ], [ -74.160404, 40.628804 ], [ -74.160424, 40.628249 ], [ -74.160434, 40.627996 ], [ -74.160502, 40.62653 ], [ -74.160244, 40.626498 ], [ -74.160354, 40.625605 ], [ -74.160446, 40.624854 ], [ -74.161046, 40.623329 ], [ -74.16113, 40.623126 ], [ -74.161273, 40.622702 ], [ -74.158291, 40.622325 ], [ -74.157844, 40.622275 ], [ -74.157737, 40.622274 ], [ -74.157759, 40.622179 ], [ -74.157093, 40.622066 ], [ -74.156824, 40.622026 ], [ -74.157249, 40.621618 ], [ -74.156995, 40.621588 ], [ -74.151541, 40.621202 ], [ -74.151793, 40.621041 ], [ -74.152394, 40.620663 ], [ -74.152999, 40.620273 ], [ -74.153116, 40.6202 ], [ -74.153177, 40.620162 ], [ -74.153547, 40.619931 ], [ -74.153647, 40.619869 ], [ -74.153707, 40.619816 ], [ -74.154175, 40.619402 ], [ -74.154291, 40.6193 ], [ -74.154792, 40.61884 ], [ -74.155003, 40.618649 ], [ -74.155243, 40.618432 ], [ -74.155778, 40.617922 ], [ -74.156136, 40.617353 ], [ -74.156759, 40.616363 ], [ -74.157048, 40.615737 ], [ -74.157084, 40.615651 ], [ -74.157312, 40.615155 ], [ -74.15638, 40.614436 ], [ -74.155994, 40.61414 ], [ -74.154913, 40.613308 ], [ -74.154705, 40.613146 ], [ -74.15382, 40.612428 ], [ -74.153689, 40.612322 ], [ -74.153138, 40.611938 ], [ -74.152385, 40.611352 ], [ -74.150506, 40.609906 ], [ -74.149969, 40.60954 ], [ -74.149543, 40.609627 ], [ -74.148936, 40.609752 ], [ -74.147741, 40.609999 ], [ -74.146969, 40.610151 ], [ -74.146016, 40.610344 ], [ -74.14501, 40.610544 ], [ -74.144042, 40.610739 ], [ -74.143059, 40.610935 ], [ -74.142201, 40.611107 ], [ -74.141203, 40.611305 ], [ -74.141037, 40.611986 ], [ -74.14091, 40.612459 ], [ -74.140858, 40.612648 ], [ -74.140665, 40.613366 ], [ -74.140412, 40.61431 ], [ -74.140232, 40.61498 ], [ -74.139292, 40.614843 ], [ -74.139113, 40.615518 ], [ -74.138974, 40.616192 ], [ -74.138876, 40.616604 ], [ -74.138632, 40.617639 ], [ -74.139442, 40.617766 ], [ -74.139238, 40.61852 ], [ -74.138428, 40.618391 ], [ -74.138191, 40.619267 ], [ -74.137437, 40.619148 ], [ -74.137171, 40.620129 ], [ -74.136966, 40.620882 ], [ -74.136795, 40.621531 ], [ -74.136662, 40.621514 ], [ -74.136089, 40.621439 ], [ -74.135768, 40.621396 ], [ -74.13488, 40.62128 ], [ -74.134742, 40.621261 ], [ -74.133987, 40.621163 ], [ -74.133757, 40.621137 ], [ -74.133047, 40.621088 ], [ -74.132315, 40.621043 ], [ -74.132288, 40.62033 ], [ -74.132591, 40.618597 ], [ -74.131924, 40.618491 ], [ -74.131378, 40.618408 ], [ -74.13147, 40.619007 ], [ -74.129693, 40.619111 ], [ -74.129789, 40.619817 ], [ -74.129884, 40.620512 ], [ -74.130801, 40.620442 ], [ -74.130895, 40.621083 ], [ -74.129151, 40.62122 ], [ -74.127251, 40.621369 ], [ -74.126426, 40.62143 ], [ -74.126103, 40.621456 ], [ -74.125254, 40.621525 ], [ -74.124783, 40.621563 ], [ -74.123998, 40.621625 ], [ -74.124024, 40.621702 ], [ -74.120773, 40.622292 ], [ -74.120078, 40.621667 ], [ -74.119669, 40.621745 ], [ -74.118572, 40.622544 ], [ -74.118532, 40.622837 ], [ -74.118406, 40.623761 ], [ -74.117127, 40.624533 ], [ -74.11539, 40.623887 ], [ -74.113309, 40.623042 ], [ -74.111534, 40.621603 ], [ -74.110944, 40.621195 ], [ -74.110015, 40.620688 ], [ -74.108435, 40.62126 ], [ -74.107585, 40.621531 ], [ -74.106822, 40.621794 ], [ -74.106016, 40.622138 ], [ -74.105644, 40.622321 ], [ -74.104453, 40.622913 ], [ -74.103378, 40.62305 ], [ -74.102285, 40.623245 ], [ -74.101802, 40.623147 ], [ -74.10203, 40.623796 ], [ -74.100064, 40.624173 ], [ -74.100174, 40.624727 ], [ -74.100304, 40.625497 ], [ -74.100454, 40.626328 ], [ -74.100597, 40.627145 ], [ -74.10074, 40.62793 ], [ -74.100844, 40.628444 ], [ -74.100012, 40.628539 ], [ -74.099022, 40.628684 ], [ -74.099257, 40.629933 ], [ -74.098177, 40.630007 ], [ -74.098421, 40.631598 ], [ -74.09799, 40.631764 ], [ -74.097155, 40.631898 ], [ -74.095921, 40.631723 ], [ -74.092966, 40.631184 ], [ -74.090416, 40.630675 ], [ -74.089672, 40.630532 ], [ -74.088904, 40.630292 ], [ -74.091581, 40.626546 ], [ -74.092239, 40.625743 ], [ -74.093954, 40.624334 ], [ -74.093364, 40.624133 ], [ -74.09309, 40.6241 ], [ -74.092438, 40.624205 ], [ -74.090838, 40.624432 ], [ -74.090798, 40.62427 ], [ -74.09095, 40.623356 ], [ -74.091217, 40.622482 ], [ -74.090559, 40.622515 ], [ -74.090069, 40.62254 ], [ -74.088545, 40.622619 ], [ -74.088629, 40.621458 ], [ -74.088675, 40.621031 ], [ -74.08942, 40.620307 ], [ -74.08986, 40.619875 ], [ -74.090224, 40.619409 ], [ -74.091055, 40.619718 ], [ -74.091923, 40.61989 ], [ -74.093483, 40.6202 ], [ -74.093575, 40.620232 ], [ -74.093676, 40.620254 ], [ -74.093783, 40.620262 ], [ -74.093904, 40.620255 ], [ -74.094021, 40.620231 ], [ -74.094127, 40.620191 ], [ -74.094211, 40.620145 ], [ -74.094263, 40.620108 ], [ -74.094624, 40.619654 ], [ -74.097702, 40.618809 ], [ -74.097387, 40.616597 ], [ -74.097147, 40.615285 ], [ -74.096647, 40.615523 ], [ -74.096443, 40.61562 ], [ -74.096233, 40.61572 ], [ -74.094303, 40.616655 ], [ -74.093897, 40.616496 ], [ -74.093389, 40.616198 ], [ -74.092941, 40.616063 ], [ -74.09267, 40.615851 ], [ -74.092475, 40.614917 ], [ -74.091876, 40.61507 ], [ -74.090177, 40.614983 ], [ -74.090488, 40.61429 ], [ -74.089584, 40.614011 ], [ -74.088738, 40.613814 ], [ -74.088897, 40.613532 ], [ -74.089327, 40.612768 ], [ -74.089501, 40.612571 ], [ -74.089677, 40.612348 ], [ -74.089764, 40.612226 ], [ -74.089756, 40.612155 ], [ -74.089732, 40.612094 ], [ -74.089669, 40.612093 ], [ -74.089544, 40.612077 ], [ -74.089423, 40.612048 ], [ -74.08931, 40.612006 ], [ -74.088855, 40.611853 ], [ -74.089513, 40.610879 ], [ -74.088997, 40.610664 ], [ -74.089588, 40.609848 ], [ -74.088859, 40.609415 ], [ -74.087946, 40.610319 ], [ -74.087209, 40.609879 ], [ -74.088125, 40.60898 ], [ -74.088378, 40.608726 ], [ -74.088647, 40.608464 ], [ -74.088888, 40.60823 ], [ -74.090568, 40.609002 ], [ -74.090801, 40.608779 ], [ -74.09096, 40.60863 ], [ -74.090613, 40.608406 ], [ -74.090176, 40.608125 ], [ -74.089443, 40.607691 ], [ -74.090805, 40.606278 ], [ -74.090916, 40.606162 ], [ -74.090699, 40.606041 ], [ -74.090404, 40.605876 ], [ -74.090312, 40.605824 ], [ -74.089524, 40.605384 ], [ -74.088832, 40.605016 ], [ -74.086144, 40.603583 ], [ -74.086185, 40.601345 ], [ -74.086583, 40.60125 ], [ -74.088275, 40.601113 ], [ -74.088706, 40.601044 ], [ -74.089202, 40.600964 ], [ -74.089476, 40.600904 ], [ -74.090833, 40.599988 ], [ -74.09154, 40.599456 ], [ -74.091503, 40.601008 ], [ -74.092837, 40.601089 ], [ -74.091779, 40.599239 ], [ -74.091783, 40.598719 ], [ -74.091928, 40.598504 ], [ -74.092286, 40.598082 ], [ -74.092724, 40.597464 ], [ -74.093364, 40.597033 ], [ -74.092633, 40.596796 ], [ -74.093377, 40.59597 ], [ -74.092708, 40.595626 ], [ -74.092623, 40.595582 ], [ -74.092179, 40.595354 ], [ -74.092975, 40.594467 ], [ -74.092219, 40.594064 ], [ -74.092483, 40.593781 ], [ -74.093026, 40.593167 ], [ -74.093766, 40.59355 ], [ -74.094285, 40.592996 ], [ -74.094795, 40.592425 ], [ -74.095302, 40.591861 ], [ -74.095813, 40.591284 ], [ -74.096678, 40.591736 ], [ -74.097433, 40.590883 ], [ -74.097933, 40.590314 ], [ -74.098435, 40.589747 ], [ -74.098939, 40.589181 ], [ -74.099639, 40.588389 ], [ -74.099941, 40.588047 ], [ -74.100193, 40.587764 ], [ -74.100611, 40.587303 ], [ -74.100749, 40.586971 ], [ -74.101068, 40.586344 ], [ -74.101508, 40.585429 ], [ -74.103926, 40.587076 ], [ -74.102709, 40.588172 ], [ -74.102079, 40.588741 ], [ -74.101761, 40.589067 ], [ -74.101494, 40.589344 ], [ -74.100883, 40.590179 ], [ -74.10089, 40.590446 ], [ -74.100905, 40.59102 ], [ -74.101262, 40.591032 ], [ -74.105336, 40.590545 ], [ -74.105002, 40.592102 ], [ -74.104952, 40.592336 ], [ -74.10554, 40.593089 ], [ -74.106254, 40.593441 ], [ -74.106654, 40.594557 ], [ -74.107825, 40.59388 ], [ -74.108318, 40.594778 ], [ -74.108913, 40.595821 ], [ -74.110378, 40.5953 ], [ -74.110786, 40.596127 ], [ -74.11131, 40.597057 ], [ -74.11132, 40.597551 ], [ -74.111302, 40.598208 ], [ -74.113023, 40.600135 ], [ -74.113383, 40.60057 ], [ -74.114871, 40.602137 ], [ -74.116844, 40.601895 ], [ -74.117838, 40.601858 ], [ -74.119576, 40.601817 ], [ -74.120596, 40.60181 ], [ -74.12057, 40.601236 ], [ -74.120554, 40.601023 ], [ -74.120772, 40.600672 ], [ -74.12143, 40.600678 ], [ -74.122387, 40.600639 ], [ -74.122294, 40.599687 ], [ -74.122643, 40.599419 ], [ -74.125789, 40.594267 ], [ -74.126285, 40.593455 ], [ -74.126385, 40.590725 ], [ -74.127821, 40.589437 ], [ -74.1278, 40.588319 ], [ -74.127782, 40.587449 ], [ -74.129102, 40.586291 ], [ -74.128981, 40.585362 ], [ -74.128937, 40.585014 ], [ -74.129141, 40.584165 ], [ -74.127823, 40.583088 ], [ -74.127141, 40.582529 ], [ -74.126997, 40.582502 ], [ -74.126838, 40.582484 ], [ -74.126677, 40.582482 ], [ -74.126528, 40.582492 ], [ -74.126394, 40.582513 ], [ -74.1262, 40.58116 ], [ -74.126141, 40.580561 ], [ -74.126387, 40.580391 ], [ -74.126651, 40.580225 ], [ -74.126916, 40.580073 ], [ -74.127218, 40.579916 ], [ -74.127492, 40.579788 ], [ -74.127115, 40.579179 ], [ -74.126967, 40.578958 ], [ -74.126932, 40.5789 ], [ -74.12689, 40.578799 ], [ -74.126871, 40.57871 ], [ -74.12687, 40.578595 ], [ -74.126892, 40.57849 ], [ -74.126935, 40.578391 ], [ -74.127249, 40.577551 ], [ -74.128871, 40.577023 ], [ -74.12922, 40.577668 ], [ -74.131545, 40.576908 ], [ -74.133167, 40.57641 ], [ -74.133307, 40.576367 ], [ -74.133381, 40.576357 ], [ -74.134897, 40.576167 ], [ -74.135105, 40.576141 ], [ -74.135274, 40.576121 ], [ -74.136935, 40.575919 ], [ -74.138765, 40.575715 ], [ -74.13918, 40.575657 ], [ -74.140252, 40.575802 ], [ -74.140932, 40.575738 ], [ -74.142256, 40.57612 ], [ -74.142398, 40.576085 ], [ -74.142668, 40.576029 ], [ -74.142961, 40.575979 ], [ -74.143374, 40.575929 ], [ -74.143408, 40.576034 ], [ -74.143421, 40.57608 ], [ -74.143438, 40.576161 ], [ -74.144957, 40.575735 ], [ -74.145436, 40.57567 ], [ -74.145519, 40.575666 ], [ -74.145593, 40.575674 ], [ -74.145666, 40.575691 ], [ -74.145741, 40.575721 ], [ -74.145798, 40.575755 ], [ -74.145866, 40.575803 ], [ -74.145945, 40.575845 ], [ -74.146043, 40.575881 ], [ -74.146137, 40.575902 ], [ -74.146255, 40.575911 ], [ -74.146391, 40.575902 ], [ -74.146464, 40.575934 ], [ -74.146554, 40.575955 ], [ -74.146641, 40.575961 ], [ -74.146732, 40.575951 ], [ -74.146787, 40.575938 ], [ -74.146848, 40.575913 ], [ -74.146925, 40.575866 ], [ -74.146986, 40.575803 ], [ -74.147016, 40.575749 ], [ -74.147207, 40.575751 ], [ -74.147387, 40.57574 ], [ -74.147576, 40.575713 ], [ -74.147699, 40.575688 ], [ -74.14785, 40.575649 ], [ -74.147957, 40.575613 ], [ -74.147798, 40.575462 ], [ -74.147627, 40.575276 ], [ -74.147475, 40.575089 ], [ -74.147342, 40.574902 ], [ -74.147259, 40.574771 ], [ -74.147205, 40.574666 ], [ -74.147129, 40.57455 ], [ -74.147018, 40.574422 ], [ -74.146938, 40.574348 ], [ -74.146881, 40.574306 ], [ -74.146837, 40.57425 ], [ -74.146817, 40.574194 ], [ -74.146814, 40.574136 ], [ -74.14683, 40.574081 ], [ -74.146853, 40.57404 ], [ -74.146941, 40.573964 ], [ -74.147015, 40.573876 ], [ -74.147061, 40.5738 ], [ -74.147099, 40.573703 ], [ -74.147119, 40.573603 ], [ -74.147118, 40.573494 ], [ -74.147097, 40.573396 ], [ -74.147059, 40.573304 ], [ -74.147016, 40.573233 ], [ -74.146941, 40.573249 ], [ -74.146872, 40.573253 ], [ -74.146797, 40.573244 ], [ -74.146732, 40.573225 ], [ -74.146662, 40.573188 ], [ -74.146606, 40.57314 ], [ -74.14657, 40.573082 ], [ -74.146553, 40.573023 ], [ -74.146556, 40.572959 ], [ -74.146576, 40.572903 ], [ -74.146594, 40.572875 ], [ -74.146859, 40.5723 ], [ -74.14699, 40.572013 ], [ -74.147235, 40.571461 ], [ -74.147897, 40.570888 ], [ -74.149838, 40.569357 ], [ -74.150235, 40.569632 ], [ -74.150325, 40.56968 ], [ -74.150921, 40.56966 ], [ -74.150946, 40.570075 ], [ -74.151447, 40.570334 ], [ -74.151761, 40.570225 ], [ -74.151767, 40.569978 ], [ -74.152, 40.570248 ], [ -74.151613, 40.570763 ], [ -74.152631, 40.570387 ], [ -74.155259, 40.56942 ], [ -74.156877, 40.568825 ], [ -74.157163, 40.56872 ], [ -74.157661, 40.568537 ], [ -74.162562, 40.566732 ], [ -74.164275, 40.565693 ], [ -74.164387, 40.565625 ], [ -74.164402, 40.565515 ], [ -74.164439, 40.565253 ], [ -74.164531, 40.564613 ], [ -74.164766, 40.562951 ], [ -74.164853, 40.56234 ], [ -74.164892, 40.562065 ], [ -74.164993, 40.561447 ], [ -74.16555, 40.560642 ], [ -74.165894, 40.560283 ], [ -74.16689, 40.560476 ], [ -74.169827, 40.561078 ], [ -74.171286, 40.561343 ], [ -74.171543, 40.561439 ], [ -74.171878, 40.561566 ], [ -74.172255, 40.561704 ], [ -74.172446, 40.561679 ], [ -74.172738, 40.561639 ], [ -74.173546, 40.561535 ], [ -74.175094, 40.561335 ], [ -74.175251, 40.562039 ], [ -74.176281, 40.561905 ], [ -74.176594, 40.563241 ], [ -74.177618, 40.563804 ], [ -74.177604, 40.563669 ], [ -74.177425, 40.562463 ], [ -74.177308, 40.561775 ], [ -74.177174, 40.561063 ], [ -74.177025, 40.560348 ], [ -74.176882, 40.559603 ], [ -74.176742, 40.558962 ], [ -74.176463, 40.557634 ], [ -74.17639, 40.557279 ], [ -74.176116, 40.555937 ], [ -74.17662, 40.554991 ], [ -74.177463, 40.553411 ], [ -74.178156, 40.552113 ], [ -74.179943, 40.551877 ], [ -74.179799, 40.551141 ], [ -74.180503, 40.550358 ], [ -74.181348, 40.550673 ], [ -74.182092, 40.551104 ], [ -74.182385, 40.552055 ], [ -74.1825, 40.552636 ], [ -74.18256, 40.552945 ], [ -74.18267, 40.553342 ], [ -74.183181, 40.555201 ], [ -74.183469, 40.554931 ], [ -74.184152, 40.554296 ], [ -74.184539, 40.553912 ], [ -74.184645, 40.553807 ], [ -74.184889, 40.55355 ], [ -74.18532, 40.553765 ], [ -74.185755, 40.553981 ], [ -74.185657, 40.554096 ], [ -74.186093, 40.554549 ], [ -74.186921, 40.554066 ], [ -74.188265, 40.553275 ], [ -74.187813, 40.552821 ], [ -74.187074, 40.552424 ], [ -74.1886, 40.550687 ], [ -74.187573, 40.550147 ], [ -74.188076, 40.549523 ], [ -74.190971, 40.550968 ], [ -74.190145, 40.551601 ], [ -74.190732, 40.552116 ], [ -74.191015, 40.552399 ], [ -74.191428, 40.552801 ], [ -74.191605, 40.552603 ], [ -74.192363, 40.552408 ], [ -74.193425, 40.552235 ], [ -74.194118, 40.551606 ], [ -74.194486, 40.551325 ], [ -74.195331, 40.551195 ], [ -74.196307, 40.550891 ], [ -74.19674, 40.55074 ], [ -74.197, 40.550003 ], [ -74.197433, 40.54996 ], [ -74.198171, 40.549579 ], [ -74.198948, 40.549401 ], [ -74.199739, 40.549214 ], [ -74.199623, 40.548929 ], [ -74.200144, 40.548801 ], [ -74.20097, 40.55079 ], [ -74.201851, 40.552689 ], [ -74.202162, 40.55336 ], [ -74.202248, 40.55357 ], [ -74.202628, 40.554343 ], [ -74.20291, 40.554945 ], [ -74.203213, 40.555776 ], [ -74.203343, 40.556133 ], [ -74.203985, 40.556617 ], [ -74.204932, 40.557213 ], [ -74.205145, 40.557347 ], [ -74.205704, 40.557502 ], [ -74.206461, 40.55759 ], [ -74.207032, 40.557616 ], [ -74.207709, 40.557517 ], [ -74.208254, 40.55743 ], [ -74.209089, 40.557323 ], [ -74.209804, 40.557186 ], [ -74.210315, 40.557092 ], [ -74.210589, 40.557021 ], [ -74.211257, 40.55679 ], [ -74.212009, 40.556514 ], [ -74.212329, 40.556367 ], [ -74.212594, 40.556209 ], [ -74.21289, 40.556005 ], [ -74.213502, 40.555668 ], [ -74.214372, 40.555588 ], [ -74.214541, 40.555591 ], [ -74.214691, 40.555581 ], [ -74.21485, 40.55556 ], [ -74.215036, 40.555516 ], [ -74.215183, 40.555468 ], [ -74.215258, 40.555437 ], [ -74.217209, 40.554715 ], [ -74.21747, 40.555131 ] ] ] ] } },
{ "type": "Feature", "properties": { "assembly district": 68 }, "geometry": { "type": "MultiPolygon", "coordinates": [ [ [ [ -73.963897, 40.792751 ], [ -73.963804, 40.792881 ], [ -73.963711, 40.793013 ], [ -73.963223, 40.793675 ], [ -73.962834, 40.794203 ], [ -73.962359, 40.794852 ], [ -73.961899, 40.79548 ], [ -73.96144, 40.796111 ], [ -73.960979, 40.796738 ], [ -73.960523, 40.797369 ], [ -73.960037, 40.798038 ], [ -73.959537, 40.798719 ], [ -73.959077, 40.799352 ], [ -73.958619, 40.799977 ], [ -73.958354, 40.800337 ], [ -73.958227, 40.800301 ], [ -73.95813, 40.800298 ], [ -73.958033, 40.800315 ], [ -73.957938, 40.800355 ], [ -73.957868, 40.800399 ], [ -73.957798, 40.800479 ], [ -73.957762, 40.800472 ], [ -73.955289, 40.799435 ], [ -73.952483, 40.798253 ], [ -73.952408, 40.799 ], [ -73.952458, 40.799843 ], [ -73.952508, 40.800686 ], [ -73.951094, 40.800091 ], [ -73.950636, 40.80072 ], [ -73.950442, 40.800982 ], [ -73.950186, 40.801332 ], [ -73.948625, 40.800666 ], [ -73.947791, 40.80031 ], [ -73.946974, 40.799961 ], [ -73.946462, 40.800665 ], [ -73.946325, 40.800852 ], [ -73.945968, 40.801342 ], [ -73.945508, 40.801971 ], [ -73.945052, 40.802599 ], [ -73.944667, 40.80313 ], [ -73.944597, 40.803228 ], [ -73.946131, 40.803877 ], [ -73.947813, 40.804587 ], [ -73.947352, 40.805213 ], [ -73.945693, 40.804515 ], [ -73.945239, 40.805136 ], [ -73.944783, 40.805761 ], [ -73.944302, 40.806391 ], [ -73.943402, 40.806014 ], [ -73.942754, 40.805744 ], [ -73.942262, 40.806416 ], [ -73.941771, 40.807089 ], [ -73.940157, 40.806409 ], [ -73.939702, 40.807035 ], [ -73.939248, 40.807655 ], [ -73.938792, 40.80828 ], [ -73.938548, 40.808614 ], [ -73.938475, 40.808713 ], [ -73.938338, 40.808903 ], [ -73.937881, 40.809525 ], [ -73.937408, 40.810176 ], [ -73.935819, 40.809503 ], [ -73.935782, 40.80954 ], [ -73.935577, 40.80982 ], [ -73.935313, 40.81011 ], [ -73.935172, 40.810252 ], [ -73.935023, 40.81038 ], [ -73.93496, 40.810422 ], [ -73.934868, 40.810495 ], [ -73.934733, 40.810602 ], [ -73.93424, 40.810846 ], [ -73.934144, 40.810895 ], [ -73.932666, 40.811494 ], [ -73.932605, 40.811517 ], [ -73.93263, 40.810606 ], [ -73.932615, 40.810015 ], [ -73.932586, 40.809676 ], [ -73.93257, 40.809256 ], [ -73.932477, 40.808864 ], [ -73.932346, 40.808586 ], [ -73.932112, 40.808182 ], [ -73.931825, 40.807902 ], [ -73.931801, 40.807876 ], [ -73.931166, 40.807205 ], [ -73.930406, 40.806479 ], [ -73.930347, 40.806196 ], [ -73.929986, 40.805793 ], [ -73.928401, 40.804106 ], [ -73.928225, 40.80385 ], [ -73.927525, 40.802764 ], [ -73.92725, 40.802558 ], [ -73.926737, 40.8025 ], [ -73.926562, 40.802476 ], [ -73.926419, 40.802476 ], [ -73.925081, 40.802521 ], [ -73.924069, 40.802468 ], [ -73.923801, 40.802504 ], [ -73.923748, 40.802548 ], [ -73.923633, 40.802554 ], [ -73.923022, 40.802425 ], [ -73.92234, 40.801962 ], [ -73.921742, 40.801689 ], [ -73.921622, 40.801447 ], [ -73.921204, 40.801011 ], [ -73.921052, 40.800642 ], [ -73.920728, 40.800101 ], [ -73.920357, 40.799672 ], [ -73.919861, 40.799353 ], [ -73.919098, 40.799013 ], [ -73.919053, 40.798988 ], [ -73.918901, 40.798903 ], [ -73.918812, 40.798853 ], [ -73.918669, 40.798801 ], [ -73.916306, 40.797881 ], [ -73.916252, 40.797838 ], [ -73.915754, 40.797589 ], [ -73.914462, 40.797042 ], [ -73.913903, 40.796843 ], [ -73.913802, 40.796834 ], [ -73.913624, 40.796786 ], [ -73.912456, 40.796096 ], [ -73.910673, 40.793116 ], [ -73.910296, 40.790657 ], [ -73.911131, 40.790114 ], [ -73.91125, 40.789744 ], [ -73.911618, 40.789586 ], [ -73.911774, 40.789723 ], [ -73.91208, 40.789522 ], [ -73.911951, 40.789402 ], [ -73.912069, 40.789339 ], [ -73.91223, 40.789179 ], [ -73.9126, 40.789376 ], [ -73.914239, 40.787856 ], [ -73.915587, 40.78643 ], [ -73.91526, 40.786192 ], [ -73.915344, 40.786116 ], [ -73.915399, 40.786058 ], [ -73.915752, 40.786108 ], [ -73.916833, 40.785191 ], [ -73.917182, 40.784552 ], [ -73.917171, 40.784193 ], [ -73.917245, 40.784142 ], [ -73.917738, 40.784076 ], [ -73.918189, 40.783933 ], [ -73.918474, 40.783754 ], [ -73.91909, 40.783368 ], [ -73.919965, 40.782635 ], [ -73.920383, 40.782276 ], [ -73.920763, 40.78195 ], [ -73.920999, 40.781749 ], [ -73.9221, 40.780852 ], [ -73.92263, 40.780565 ], [ -73.922957, 40.780441 ], [ -73.923187, 40.780248 ], [ -73.924234, 40.779101 ], [ -73.924816, 40.778758 ], [ -73.925573, 40.778459 ], [ -73.925745, 40.778405 ], [ -73.925908, 40.778361 ], [ -73.926318, 40.778242 ], [ -73.927084, 40.777717 ], [ -73.928277, 40.776899 ], [ -73.928396, 40.776791 ], [ -73.928605, 40.776593 ], [ -73.929036, 40.776467 ], [ -73.929881, 40.776222 ], [ -73.930629, 40.776591 ], [ -73.930883, 40.776974 ], [ -73.931074, 40.777261 ], [ -73.93105, 40.777442 ], [ -73.931788, 40.777871 ], [ -73.931847, 40.777892 ], [ -73.932649, 40.778022 ], [ -73.932722, 40.778035 ], [ -73.932775, 40.777922 ], [ -73.932903, 40.777944 ], [ -73.933908, 40.778117 ], [ -73.934412, 40.778093 ], [ -73.937288, 40.780963 ], [ -73.937608, 40.781754 ], [ -73.943604, 40.78265 ], [ -73.94376, 40.782829 ], [ -73.943833, 40.782859 ], [ -73.943955, 40.782916 ], [ -73.944054, 40.782964 ], [ -73.944097, 40.782911 ], [ -73.94418, 40.7828 ], [ -73.94426, 40.782676 ], [ -73.944342, 40.78252 ], [ -73.944397, 40.782382 ], [ -73.944438, 40.782241 ], [ -73.944474, 40.781998 ], [ -73.944489, 40.781769 ], [ -73.944487, 40.781709 ], [ -73.944486, 40.781619 ], [ -73.944474, 40.781471 ], [ -73.944265, 40.780553 ], [ -73.944224, 40.780413 ], [ -73.9442, 40.780271 ], [ -73.9442, 40.780261 ], [ -73.944195, 40.780128 ], [ -73.944358, 40.779761 ], [ -73.944653, 40.779884 ], [ -73.944939, 40.780003 ], [ -73.945264, 40.780138 ], [ -73.946591, 40.780692 ], [ -73.946131, 40.781316 ], [ -73.94567, 40.781947 ], [ -73.948039, 40.782942 ], [ -73.948532, 40.783151 ], [ -73.950282, 40.783891 ], [ -73.951883, 40.784565 ], [ -73.951426, 40.785192 ], [ -73.953045, 40.785874 ], [ -73.953503, 40.785247 ], [ -73.953961, 40.784616 ], [ -73.955569, 40.785298 ], [ -73.956031, 40.78467 ], [ -73.957636, 40.785344 ], [ -73.957168, 40.785983 ], [ -73.956718, 40.786601 ], [ -73.956262, 40.787223 ], [ -73.955778, 40.787914 ], [ -73.955528, 40.788245 ], [ -73.955275, 40.788584 ], [ -73.95675, 40.789204 ], [ -73.957394, 40.789475 ], [ -73.958259, 40.789844 ], [ -73.958525, 40.789948 ], [ -73.958771, 40.790027 ], [ -73.958994, 40.790087 ], [ -73.959178, 40.790128 ], [ -73.959397, 40.790163 ], [ -73.959594, 40.790205 ], [ -73.959847, 40.790276 ], [ -73.960063, 40.790353 ], [ -73.96027, 40.790442 ], [ -73.960485, 40.790553 ], [ -73.960677, 40.79067 ], [ -73.960832, 40.790782 ], [ -73.961065, 40.79094 ], [ -73.961326, 40.791099 ], [ -73.961583, 40.791236 ], [ -73.961792, 40.791338 ], [ -73.962063, 40.791457 ], [ -73.962372, 40.791573 ], [ -73.96256, 40.791635 ], [ -73.964176, 40.792362 ], [ -73.963897, 40.792751 ] ] ] ] } },
{ "type": "Feature", "properties": { "assembly district": 24 }, "geometry": { "type": "MultiPolygon", "coordinates": [ [ [ [ -73.836401, 40.697405 ], [ -73.835641, 40.697829 ], [ -73.834844, 40.698269 ], [ -73.834066, 40.698695 ], [ -73.833313, 40.699108 ], [ -73.832596, 40.699482 ], [ -73.832452, 40.699547 ], [ -73.832052, 40.699707 ], [ -73.831784, 40.699779 ], [ -73.831522, 40.699843 ], [ -73.831067, 40.699957 ], [ -73.830886, 40.700009 ], [ -73.829458, 40.699361 ], [ -73.828207, 40.698719 ], [ -73.828143, 40.699106 ], [ -73.828786, 40.700417 ], [ -73.828173, 40.700521 ], [ -73.827473, 40.700638 ], [ -73.827252, 40.700677 ], [ -73.826563, 40.700789 ], [ -73.826336, 40.700829 ], [ -73.825666, 40.700956 ], [ -73.824767, 40.701189 ], [ -73.823912, 40.701408 ], [ -73.823401, 40.701532 ], [ -73.823079, 40.701624 ], [ -73.822708, 40.70171 ], [ -73.822505, 40.701757 ], [ -73.822275, 40.701792 ], [ -73.822112, 40.701847 ], [ -73.821786, 40.701902 ], [ -73.821199, 40.702 ], [ -73.820614, 40.7021 ], [ -73.820331, 40.702147 ], [ -73.819644, 40.70224 ], [ -73.818749, 40.702358 ], [ -73.817442, 40.702418 ], [ -73.81686, 40.702444 ], [ -73.816477, 40.70245 ], [ -73.816293, 40.702453 ], [ -73.81594, 40.702459 ], [ -73.815316, 40.702487 ], [ -73.814962, 40.702499 ], [ -73.814294, 40.702531 ], [ -73.815271, 40.704018 ], [ -73.815372, 40.704172 ], [ -73.815239, 40.704204 ], [ -73.814439, 40.704402 ], [ -73.815007, 40.705239 ], [ -73.815448, 40.705894 ], [ -73.815948, 40.706628 ], [ -73.81638, 40.707271 ], [ -73.816817, 40.707919 ], [ -73.816915, 40.708016 ], [ -73.817003, 40.708156 ], [ -73.817098, 40.708288 ], [ -73.817124, 40.708411 ], [ -73.817102, 40.708517 ], [ -73.817071, 40.708596 ], [ -73.816975, 40.708688 ], [ -73.81684, 40.708825 ], [ -73.817054, 40.7089 ], [ -73.81726, 40.70899 ], [ -73.817454, 40.709095 ], [ -73.817634, 40.709213 ], [ -73.817798, 40.709342 ], [ -73.81704, 40.70956 ], [ -73.816416, 40.709865 ], [ -73.816081, 40.710168 ], [ -73.815992, 40.710311 ], [ -73.81588, 40.710447 ], [ -73.815746, 40.710574 ], [ -73.815594, 40.710689 ], [ -73.815425, 40.710788 ], [ -73.815244, 40.710872 ], [ -73.815055, 40.710937 ], [ -73.814894, 40.710987 ], [ -73.814723, 40.711023 ], [ -73.814548, 40.711043 ], [ -73.814373, 40.711048 ], [ -73.814198, 40.711037 ], [ -73.814239, 40.711174 ], [ -73.814292, 40.711309 ], [ -73.814357, 40.71144 ], [ -73.814432, 40.711568 ], [ -73.814511, 40.711664 ], [ -73.814604, 40.711754 ], [ -73.814713, 40.711837 ], [ -73.814834, 40.711908 ], [ -73.814965, 40.711969 ], [ -73.815103, 40.712016 ], [ -73.815245, 40.712051 ], [ -73.815271, 40.712208 ], [ -73.815312, 40.712364 ], [ -73.815364, 40.712499 ], [ -73.815444, 40.712666 ], [ -73.815532, 40.712809 ], [ -73.815686, 40.712992 ], [ -73.815825, 40.713184 ], [ -73.815947, 40.713383 ], [ -73.816052, 40.713588 ], [ -73.816139, 40.713798 ], [ -73.816206, 40.714011 ], [ -73.816421, 40.714133 ], [ -73.816534, 40.714226 ], [ -73.816407, 40.714227 ], [ -73.815206, 40.714234 ], [ -73.815224, 40.714949 ], [ -73.815241, 40.715647 ], [ -73.816288, 40.715644 ], [ -73.816433, 40.715644 ], [ -73.816442, 40.715785 ], [ -73.816441, 40.715887 ], [ -73.816442, 40.716028 ], [ -73.816462, 40.716138 ], [ -73.81651, 40.716324 ], [ -73.816641, 40.71661 ], [ -73.816763, 40.716822 ], [ -73.817186, 40.717662 ], [ -73.817066, 40.717717 ], [ -73.816191, 40.717971 ], [ -73.815155, 40.718257 ], [ -73.813768, 40.718607 ], [ -73.81285, 40.718859 ], [ -73.812527, 40.718948 ], [ -73.8123, 40.719011 ], [ -73.812118, 40.719062 ], [ -73.811917, 40.718187 ], [ -73.811835, 40.717873 ], [ -73.811769, 40.717616 ], [ -73.808605, 40.718415 ], [ -73.807671, 40.718634 ], [ -73.806762, 40.718792 ], [ -73.805876, 40.71895 ], [ -73.804976, 40.71911 ], [ -73.803973, 40.719288 ], [ -73.802693, 40.719514 ], [ -73.801763, 40.719679 ], [ -73.800843, 40.719836 ], [ -73.799928, 40.720004 ], [ -73.799001, 40.720145 ], [ -73.798099, 40.720345 ], [ -73.797233, 40.720609 ], [ -73.797828, 40.722031 ], [ -73.798472, 40.72353 ], [ -73.797609, 40.723825 ], [ -73.796752, 40.724117 ], [ -73.795883, 40.724415 ], [ -73.795116, 40.724676 ], [ -73.794224, 40.724982 ], [ -73.793335, 40.725284 ], [ -73.791745, 40.725776 ], [ -73.790845, 40.726036 ], [ -73.78998, 40.726317 ], [ -73.789459, 40.726493 ], [ -73.789113, 40.726606 ], [ -73.78825, 40.726887 ], [ -73.787383, 40.727172 ], [ -73.78655, 40.727445 ], [ -73.78619, 40.727564 ], [ -73.785685, 40.72773 ], [ -73.784821, 40.728015 ], [ -73.783977, 40.728291 ], [ -73.783601, 40.728413 ], [ -73.782923, 40.728636 ], [ -73.782059, 40.728919 ], [ -73.781161, 40.729213 ], [ -73.780248, 40.72946 ], [ -73.779365, 40.729702 ], [ -73.778486, 40.729944 ], [ -73.777575, 40.730193 ], [ -73.776685, 40.730439 ], [ -73.775804, 40.73068 ], [ -73.774913, 40.730913 ], [ -73.773997, 40.731081 ], [ -73.77307, 40.731249 ], [ -73.772286, 40.731391 ], [ -73.771527, 40.731522 ], [ -73.770107, 40.731779 ], [ -73.766841, 40.732339 ], [ -73.766349, 40.732409 ], [ -73.76571, 40.732516 ], [ -73.765551, 40.732544 ], [ -73.764917, 40.732655 ], [ -73.764807, 40.732674 ], [ -73.764268, 40.732767 ], [ -73.7637, 40.732864 ], [ -73.764709, 40.734085 ], [ -73.765041, 40.734477 ], [ -73.762733, 40.735262 ], [ -73.762529, 40.736004 ], [ -73.762485, 40.736182 ], [ -73.762463, 40.736364 ], [ -73.762463, 40.736548 ], [ -73.762472, 40.736621 ], [ -73.762486, 40.736731 ], [ -73.762531, 40.736912 ], [ -73.762597, 40.737087 ], [ -73.762683, 40.737256 ], [ -73.763191, 40.738308 ], [ -73.763609, 40.739175 ], [ -73.764315, 40.740673 ], [ -73.7634, 40.740929 ], [ -73.76252, 40.741171 ], [ -73.761633, 40.741411 ], [ -73.760753, 40.741654 ], [ -73.761587, 40.743411 ], [ -73.760704, 40.743653 ], [ -73.759755, 40.743914 ], [ -73.759927, 40.744288 ], [ -73.758973, 40.744541 ], [ -73.758082, 40.744764 ], [ -73.757198, 40.744998 ], [ -73.754951, 40.745618 ], [ -73.754788, 40.745277 ], [ -73.753978, 40.743518 ], [ -73.75308, 40.743762 ], [ -73.752193, 40.744002 ], [ -73.751316, 40.744243 ], [ -73.750434, 40.744487 ], [ -73.749543, 40.744732 ], [ -73.748631, 40.744979 ], [ -73.747849, 40.743296 ], [ -73.746755, 40.742439 ], [ -73.745059, 40.741531 ], [ -73.743962, 40.740789 ], [ -73.743853, 40.740094 ], [ -73.743719, 40.739383 ], [ -73.743464, 40.739014 ], [ -73.743375, 40.738885 ], [ -73.743068, 40.738441 ], [ -73.74214, 40.738617 ], [ -73.74155, 40.738763 ], [ -73.741067, 40.738978 ], [ -73.740195, 40.739031 ], [ -73.740072, 40.739172 ], [ -73.739771, 40.739487 ], [ -73.739662, 40.739605 ], [ -73.739128, 40.740022 ], [ -73.738445, 40.740615 ], [ -73.737048, 40.741463 ], [ -73.736384, 40.741912 ], [ -73.735458, 40.742673 ], [ -73.734928, 40.743152 ], [ -73.734362, 40.743628 ], [ -73.733639, 40.744114 ], [ -73.733393, 40.744251 ], [ -73.733189, 40.744355 ], [ -73.733144, 40.744378 ], [ -73.732785, 40.744522 ], [ -73.732427, 40.744687 ], [ -73.73208, 40.744867 ], [ -73.731747, 40.74506 ], [ -73.731543, 40.745191 ], [ -73.731429, 40.745265 ], [ -73.731195, 40.745393 ], [ -73.731017, 40.745541 ], [ -73.730551, 40.745981 ], [ -73.729966, 40.746586 ], [ -73.730076, 40.746769 ], [ -73.729692, 40.747271 ], [ -73.729519, 40.747861 ], [ -73.729195, 40.74904 ], [ -73.729042, 40.749115 ], [ -73.729051, 40.749151 ], [ -73.728817, 40.749597 ], [ -73.728428, 40.75034 ], [ -73.728422, 40.750578 ], [ -73.728321, 40.750689 ], [ -73.727645, 40.751429 ], [ -73.727585, 40.751495 ], [ -73.726955, 40.752071 ], [ -73.726232, 40.752595 ], [ -73.725425, 40.753056 ], [ -73.725576, 40.753327 ], [ -73.724002, 40.754152 ], [ -73.723188, 40.754557 ], [ -73.723028, 40.754286 ], [ -73.722934, 40.754128 ], [ -73.72269, 40.753711 ], [ -73.722661, 40.753626 ], [ -73.722635, 40.753566 ], [ -73.722591, 40.753462 ], [ -73.722495, 40.753352 ], [ -73.722376, 40.753251 ], [ -73.722271, 40.753175 ], [ -73.722126, 40.753098 ], [ -73.721561, 40.752747 ], [ -73.721263, 40.752473 ], [ -73.721098, 40.752074 ], [ -73.721028, 40.752109 ], [ -73.719896, 40.752055 ], [ -73.71974, 40.752037 ], [ -73.719591, 40.752005 ], [ -73.719444, 40.751958 ], [ -73.719316, 40.751899 ], [ -73.719207, 40.751826 ], [ -73.717734, 40.750888 ], [ -73.717043, 40.751506 ], [ -73.716963, 40.751545 ], [ -73.716826, 40.75159 ], [ -73.716701, 40.751613 ], [ -73.716606, 40.75162 ], [ -73.716501, 40.751618 ], [ -73.716256, 40.751616 ], [ -73.715998, 40.75163 ], [ -73.715743, 40.75166 ], [ -73.715523, 40.751699 ], [ -73.715368, 40.751734 ], [ -73.715098, 40.751812 ], [ -73.713731, 40.751029 ], [ -73.712632, 40.750307 ], [ -73.711329, 40.749474 ], [ -73.709537, 40.748316 ], [ -73.710296, 40.747908 ], [ -73.709971, 40.747034 ], [ -73.709035, 40.747235 ], [ -73.708098, 40.747435 ], [ -73.707437, 40.745651 ], [ -73.706734, 40.743763 ], [ -73.707672, 40.743562 ], [ -73.708614, 40.743364 ], [ -73.707947, 40.741578 ], [ -73.708846, 40.741384 ], [ -73.709749, 40.74119 ], [ -73.710653, 40.740996 ], [ -73.711557, 40.740802 ], [ -73.71246, 40.740609 ], [ -73.713363, 40.740416 ], [ -73.714265, 40.740221 ], [ -73.715169, 40.740027 ], [ -73.715783, 40.739894 ], [ -73.71589, 40.73987 ], [ -73.717069, 40.739617 ], [ -73.71797, 40.739423 ], [ -73.718873, 40.739229 ], [ -73.719776, 40.739035 ], [ -73.720677, 40.738841 ], [ -73.721581, 40.738647 ], [ -73.722485, 40.738452 ], [ -73.723374, 40.738261 ], [ -73.724188, 40.7387 ], [ -73.723898, 40.738296 ], [ -73.723865, 40.738135 ], [ -73.723256, 40.736701 ], [ -73.723128, 40.736416 ], [ -73.723059, 40.736253 ], [ -73.722974, 40.736001 ], [ -73.722954, 40.735941 ], [ -73.722852, 40.7356 ], [ -73.722764, 40.735182 ], [ -73.722698, 40.734775 ], [ -73.722691, 40.734556 ], [ -73.722675, 40.734247 ], [ -73.722825, 40.734215 ], [ -73.723264, 40.734122 ], [ -73.72365, 40.734032 ], [ -73.724044, 40.73394 ], [ -73.724555, 40.733845 ], [ -73.725246, 40.733696 ], [ -73.725464, 40.73365 ], [ -73.726105, 40.73351 ], [ -73.726366, 40.733455 ], [ -73.726991, 40.73332 ], [ -73.728212, 40.733057 ], [ -73.729416, 40.732799 ], [ -73.729637, 40.73275 ], [ -73.729928, 40.732701 ], [ -73.730191, 40.732671 ], [ -73.730456, 40.732656 ], [ -73.730721, 40.732654 ], [ -73.730985, 40.732665 ], [ -73.731277, 40.732714 ], [ -73.732186, 40.732867 ], [ -73.732911, 40.730952 ], [ -73.734023, 40.730983 ], [ -73.735139, 40.731012 ], [ -73.736317, 40.731043 ], [ -73.736481, 40.730657 ], [ -73.736594, 40.730356 ], [ -73.737138, 40.728969 ], [ -73.737155, 40.728732 ], [ -73.737971, 40.728915 ], [ -73.738156, 40.728957 ], [ -73.738402, 40.729012 ], [ -73.738715, 40.729086 ], [ -73.739049, 40.729165 ], [ -73.739403, 40.729243 ], [ -73.740702, 40.729533 ], [ -73.742421, 40.729919 ], [ -73.743764, 40.730227 ], [ -73.744591, 40.729726 ], [ -73.745294, 40.729281 ], [ -73.746041, 40.728822 ], [ -73.746399, 40.728653 ], [ -73.746846, 40.728443 ], [ -73.747094, 40.728312 ], [ -73.747186, 40.7283 ], [ -73.747635, 40.728027 ], [ -73.748423, 40.727578 ], [ -73.749212, 40.727201 ], [ -73.750034, 40.72681 ], [ -73.750831, 40.726431 ], [ -73.751721, 40.726006 ], [ -73.752385, 40.726594 ], [ -73.752812, 40.7264 ], [ -73.753229, 40.726192 ], [ -73.753634, 40.725971 ], [ -73.754028, 40.725737 ], [ -73.754408, 40.725492 ], [ -73.754774, 40.725236 ], [ -73.754973, 40.725393 ], [ -73.755156, 40.725558 ], [ -73.755357, 40.725738 ], [ -73.755515, 40.725836 ], [ -73.755757, 40.725956 ], [ -73.755968, 40.726028 ], [ -73.756204, 40.726087 ], [ -73.756425, 40.726153 ], [ -73.756612, 40.726208 ], [ -73.75671, 40.726179 ], [ -73.756719, 40.726133 ], [ -73.756752, 40.725973 ], [ -73.756772, 40.725796 ], [ -73.756751, 40.725691 ], [ -73.756727, 40.725624 ], [ -73.756695, 40.725552 ], [ -73.756642, 40.725479 ], [ -73.75657, 40.725407 ], [ -73.756423, 40.725303 ], [ -73.756168, 40.725188 ], [ -73.755508, 40.724894 ], [ -73.756057, 40.724529 ], [ -73.75808, 40.723129 ], [ -73.759997, 40.721759 ], [ -73.759441, 40.721063 ], [ -73.759772, 40.720907 ], [ -73.7603, 40.72066 ], [ -73.761138, 40.720329 ], [ -73.761967, 40.72 ], [ -73.762403, 40.719809 ], [ -73.762766, 40.719639 ], [ -73.763608, 40.719282 ], [ -73.764469, 40.71889 ], [ -73.765242, 40.718446 ], [ -73.765398, 40.718356 ], [ -73.766641, 40.717647 ], [ -73.767332, 40.71729 ], [ -73.768179, 40.716993 ], [ -73.768685, 40.716815 ], [ -73.769139, 40.716657 ], [ -73.77008, 40.716327 ], [ -73.771104, 40.715975 ], [ -73.771921, 40.715685 ], [ -73.772759, 40.715397 ], [ -73.773571, 40.71512 ], [ -73.774442, 40.714905 ], [ -73.775299, 40.714696 ], [ -73.775715, 40.714598 ], [ -73.776186, 40.714486 ], [ -73.776675, 40.714368 ], [ -73.777123, 40.714262 ], [ -73.777306, 40.714209 ], [ -73.778001, 40.714051 ], [ -73.778466, 40.715201 ], [ -73.781234, 40.714541 ], [ -73.782796, 40.71404 ], [ -73.785719, 40.713172 ], [ -73.787101, 40.71284 ], [ -73.787487, 40.712739 ], [ -73.787866, 40.712622 ], [ -73.788236, 40.71249 ], [ -73.788597, 40.712344 ], [ -73.788654, 40.712337 ], [ -73.78871, 40.712325 ], [ -73.788764, 40.712307 ], [ -73.788814, 40.712285 ], [ -73.78886, 40.712258 ], [ -73.788902, 40.712227 ], [ -73.788939, 40.712193 ], [ -73.78897, 40.712155 ], [ -73.788994, 40.712115 ], [ -73.789012, 40.712073 ], [ -73.789413, 40.711998 ], [ -73.790215, 40.711717 ], [ -73.791014, 40.711433 ], [ -73.790578, 40.710692 ], [ -73.790117, 40.709906 ], [ -73.791144, 40.709566 ], [ -73.7916, 40.710344 ], [ -73.792621, 40.709997 ], [ -73.793512, 40.709696 ], [ -73.79438, 40.709397 ], [ -73.794339, 40.709326 ], [ -73.795884, 40.708755 ], [ -73.795426, 40.70805 ], [ -73.796317, 40.707723 ], [ -73.796889, 40.708598 ], [ -73.797314, 40.70927 ], [ -73.797768, 40.709143 ], [ -73.798072, 40.70964 ], [ -73.798303, 40.710016 ], [ -73.798701, 40.710663 ], [ -73.799272, 40.711376 ], [ -73.799855, 40.711176 ], [ -73.800328, 40.711009 ], [ -73.800403, 40.711131 ], [ -73.801611, 40.710701 ], [ -73.801424, 40.710391 ], [ -73.801069, 40.709818 ], [ -73.800658, 40.709156 ], [ -73.800222, 40.708446 ], [ -73.801077, 40.708202 ], [ -73.801857, 40.70798 ], [ -73.802787, 40.707716 ], [ -73.802228, 40.706749 ], [ -73.804048, 40.706255 ], [ -73.8045, 40.707228 ], [ -73.806589, 40.706634 ], [ -73.808493, 40.706087 ], [ -73.809001, 40.705949 ], [ -73.809348, 40.706685 ], [ -73.812012, 40.705945 ], [ -73.811904, 40.705124 ], [ -73.811802, 40.704366 ], [ -73.811773, 40.704181 ], [ -73.811713, 40.703662 ], [ -73.811632, 40.703052 ], [ -73.811529, 40.702273 ], [ -73.811905, 40.702337 ], [ -73.811638, 40.70171 ], [ -73.812505, 40.701458 ], [ -73.813361, 40.701215 ], [ -73.812782, 40.700032 ], [ -73.811926, 40.700274 ], [ -73.811474, 40.699353 ], [ -73.812325, 40.69911 ], [ -73.813187, 40.698864 ], [ -73.814194, 40.69858 ], [ -73.81404, 40.69833 ], [ -73.81423, 40.698332 ], [ -73.814429, 40.698335 ], [ -73.814201, 40.697911 ], [ -73.814334, 40.697866 ], [ -73.814006, 40.69726 ], [ -73.813943, 40.697147 ], [ -73.814173, 40.697135 ], [ -73.814285, 40.697114 ], [ -73.814407, 40.697087 ], [ -73.814572, 40.697044 ], [ -73.814853, 40.696962 ], [ -73.815316, 40.696822 ], [ -73.814862, 40.695878 ], [ -73.815709, 40.695638 ], [ -73.816552, 40.695399 ], [ -73.817396, 40.695155 ], [ -73.818413, 40.694863 ], [ -73.817823, 40.693669 ], [ -73.817233, 40.692457 ], [ -73.817069, 40.692502 ], [ -73.816075, 40.690492 ], [ -73.815228, 40.690733 ], [ -73.814915, 40.690095 ], [ -73.814805, 40.690047 ], [ -73.814703, 40.690002 ], [ -73.813458, 40.687535 ], [ -73.813452, 40.687155 ], [ -73.813315, 40.687199 ], [ -73.812523, 40.685609 ], [ -73.812415, 40.685393 ], [ -73.812437, 40.685287 ], [ -73.813367, 40.684847 ], [ -73.813592, 40.68471 ], [ -73.813937, 40.684598 ], [ -73.814268, 40.684503 ], [ -73.814773, 40.684361 ], [ -73.815138, 40.684258 ], [ -73.815619, 40.684121 ], [ -73.816028, 40.684004 ], [ -73.816335, 40.683918 ], [ -73.817375, 40.686003 ], [ -73.818183, 40.685774 ], [ -73.819031, 40.68554 ], [ -73.819726, 40.685385 ], [ -73.820593, 40.685138 ], [ -73.82147, 40.684891 ], [ -73.822348, 40.684643 ], [ -73.823261, 40.684382 ], [ -73.824122, 40.684136 ], [ -73.824953, 40.683902 ], [ -73.825776, 40.683666 ], [ -73.826602, 40.68343 ], [ -73.827414, 40.683203 ], [ -73.828627, 40.685655 ], [ -73.829182, 40.686771 ], [ -73.830163, 40.688772 ], [ -73.829336, 40.689004 ], [ -73.830526, 40.691431 ], [ -73.830767, 40.691354 ], [ -73.831105, 40.691279 ], [ -73.831305, 40.691252 ], [ -73.831386, 40.691265 ], [ -73.83143, 40.691284 ], [ -73.831514, 40.691279 ], [ -73.831795, 40.691209 ], [ -73.832228, 40.691082 ], [ -73.833104, 40.690828 ], [ -73.834045, 40.690552 ], [ -73.834768, 40.691995 ], [ -73.834806, 40.692071 ], [ -73.834882, 40.692222 ], [ -73.835982, 40.694416 ], [ -73.837167, 40.696866 ], [ -73.836401, 40.697405 ] ] ] ] } },
{ "type": "Feature", "properties": { "assembly district": 46 }, "geometry": { "type": "MultiPolygon", "coordinates": [ [ [ [ -74.043741, 40.606691 ], [ -74.043479, 40.60679 ], [ -74.04149, 40.607511 ], [ -74.036075, 40.609279 ], [ -74.03604, 40.609296 ], [ -74.035734, 40.60939 ], [ -74.035053, 40.609544 ], [ -74.035022, 40.609693 ], [ -74.034997, 40.609981 ], [ -74.035049, 40.610143 ], [ -74.035081, 40.610301 ], [ -74.035091, 40.610451 ], [ -74.035091, 40.610621 ], [ -74.03506, 40.610811 ], [ -74.035013, 40.610999 ], [ -74.03495, 40.611185 ], [ -74.034879, 40.611279 ], [ -74.034871, 40.611366 ], [ -74.036094, 40.612558 ], [ -74.037068, 40.613819 ], [ -74.037352, 40.614466 ], [ -74.037665, 40.615181 ], [ -74.037975, 40.615859 ], [ -74.038364, 40.616513 ], [ -74.038768, 40.617181 ], [ -74.039183, 40.617856 ], [ -74.039575, 40.618501 ], [ -74.039966, 40.61915 ], [ -74.040049, 40.619244 ], [ -74.040182, 40.619419 ], [ -74.040294, 40.619606 ], [ -74.040368, 40.619761 ], [ -74.04043, 40.619928 ], [ -74.040476, 40.620107 ], [ -74.040502, 40.620279 ], [ -74.040509, 40.620443 ], [ -74.040503, 40.620606 ], [ -74.040475, 40.62079 ], [ -74.040211, 40.621631 ], [ -74.040291, 40.622546 ], [ -74.040792, 40.624197 ], [ -74.040662, 40.624913 ], [ -74.040716, 40.62572 ], [ -74.040661, 40.626689 ], [ -74.039954, 40.628014 ], [ -74.038197, 40.6276 ], [ -74.037918, 40.628281 ], [ -74.03762, 40.629013 ], [ -74.034938, 40.628375 ], [ -74.03464, 40.629106 ], [ -74.031957, 40.628471 ], [ -74.031658, 40.629199 ], [ -74.03136, 40.629931 ], [ -74.028678, 40.629294 ], [ -74.028976, 40.628564 ], [ -74.026263, 40.62792 ], [ -74.023853, 40.626514 ], [ -74.021495, 40.625084 ], [ -74.020064, 40.624285 ], [ -74.019632, 40.624879 ], [ -74.019264, 40.625577 ], [ -74.018961, 40.626296 ], [ -74.018639, 40.627071 ], [ -74.018328, 40.627862 ], [ -74.01806, 40.628619 ], [ -74.017892, 40.629128 ], [ -74.017852, 40.62925 ], [ -74.017809, 40.629381 ], [ -74.017559, 40.630131 ], [ -74.017336, 40.630729 ], [ -74.01699, 40.63058 ], [ -74.016815, 40.6305 ], [ -74.016607, 40.630406 ], [ -74.016343, 40.630286 ], [ -74.015488, 40.629792 ], [ -74.016069, 40.629234 ], [ -74.013572, 40.627728 ], [ -74.012858, 40.628207 ], [ -74.012142, 40.628684 ], [ -74.012074, 40.628643 ], [ -74.011782, 40.628466 ], [ -74.010812, 40.627881 ], [ -74.01068, 40.627801 ], [ -74.0105, 40.627693 ], [ -74.0106, 40.627596 ], [ -74.010742, 40.627459 ], [ -74.011082, 40.627134 ], [ -74.011665, 40.626574 ], [ -74.012245, 40.626016 ], [ -74.012827, 40.625456 ], [ -74.013409, 40.624896 ], [ -74.011206, 40.623566 ], [ -74.009002, 40.622235 ], [ -74.00963, 40.621634 ], [ -74.010257, 40.621032 ], [ -74.010839, 40.620473 ], [ -74.01142, 40.619914 ], [ -74.009217, 40.618582 ], [ -74.0098, 40.618024 ], [ -74.012002, 40.619353 ], [ -74.012584, 40.618794 ], [ -74.013164, 40.618236 ], [ -74.010961, 40.616906 ], [ -74.011543, 40.616345 ], [ -74.009341, 40.615015 ], [ -74.009924, 40.614457 ], [ -74.010504, 40.613897 ], [ -74.011086, 40.613339 ], [ -74.011712, 40.612735 ], [ -74.013482, 40.611038 ], [ -74.012737, 40.610589 ], [ -74.012022, 40.610156 ], [ -74.011278, 40.609706 ], [ -74.010538, 40.609258 ], [ -74.009822, 40.608827 ], [ -74.009397, 40.60857 ], [ -74.009078, 40.608378 ], [ -74.009284, 40.608179 ], [ -74.009381, 40.608085 ], [ -74.010519, 40.606992 ], [ -74.010691, 40.606827 ], [ -74.010823, 40.606701 ], [ -74.010973, 40.606556 ], [ -74.011024, 40.606506 ], [ -74.01237, 40.605214 ], [ -74.0115, 40.60476 ], [ -74.013563, 40.602585 ], [ -74.012622, 40.602358 ], [ -74.012216, 40.602263 ], [ -74.011549, 40.602095 ], [ -74.010868, 40.601657 ], [ -74.010129, 40.601218 ], [ -74.009407, 40.600777 ], [ -74.008714, 40.600357 ], [ -74.007947, 40.599897 ], [ -74.007195, 40.599453 ], [ -74.004948, 40.598172 ], [ -74.004456, 40.597878 ], [ -74.004164, 40.597691 ], [ -74.003819, 40.597458 ], [ -74.002692, 40.597043 ], [ -74.003313, 40.59692 ], [ -74.003482, 40.596821 ], [ -74.003389, 40.596788 ], [ -74.002666, 40.596608 ], [ -74.002115, 40.596475 ], [ -74.00158, 40.59635 ], [ -74.000818, 40.596171 ], [ -74.000478, 40.596077 ], [ -74.000271, 40.596018 ], [ -74.000069, 40.595934 ], [ -73.999658, 40.595797 ], [ -73.999413, 40.595699 ], [ -73.999164, 40.595582 ], [ -73.998941, 40.595469 ], [ -73.998617, 40.595287 ], [ -73.998535, 40.595385 ], [ -73.998319, 40.595645 ], [ -73.997246, 40.594891 ], [ -73.996194, 40.593992 ], [ -73.995247, 40.593173 ], [ -73.994588, 40.592548 ], [ -73.994004, 40.59192 ], [ -73.993465, 40.591271 ], [ -73.992986, 40.590631 ], [ -73.992558, 40.589922 ], [ -73.991866, 40.588482 ], [ -73.991488, 40.5878 ], [ -73.991078, 40.587165 ], [ -73.989838, 40.585951 ], [ -73.98909, 40.585461 ], [ -73.98822, 40.585035 ], [ -73.987536, 40.58535 ], [ -73.987482, 40.585243 ], [ -73.987417, 40.585131 ], [ -73.987285, 40.585241 ], [ -73.986189, 40.586276 ], [ -73.985777, 40.586668 ], [ -73.985394, 40.587032 ], [ -73.985331, 40.586712 ], [ -73.984928, 40.584596 ], [ -73.984001, 40.584699 ], [ -73.983876, 40.583976 ], [ -73.982812, 40.583792 ], [ -73.982731, 40.583365 ], [ -73.982711, 40.583254 ], [ -73.98089, 40.582946 ], [ -73.98039, 40.582867 ], [ -73.98034, 40.582978 ], [ -73.980274, 40.583133 ], [ -73.977504, 40.582784 ], [ -73.976681, 40.582826 ], [ -73.97572, 40.582876 ], [ -73.975194, 40.582967 ], [ -73.974638, 40.583114 ], [ -73.974441, 40.58524 ], [ -73.97441, 40.585758 ], [ -73.972204, 40.586001 ], [ -73.971278, 40.586101 ], [ -73.970349, 40.586204 ], [ -73.969423, 40.586307 ], [ -73.969823, 40.588427 ], [ -73.968897, 40.588529 ], [ -73.96797, 40.588631 ], [ -73.967047, 40.588738 ], [ -73.96653, 40.588792 ], [ -73.96635, 40.588812 ], [ -73.965936, 40.588856 ], [ -73.965641, 40.588888 ], [ -73.965814, 40.588133 ], [ -73.965975, 40.587432 ], [ -73.96615, 40.586669 ], [ -73.96633, 40.585896 ], [ -73.966497, 40.585142 ], [ -73.966614, 40.584575 ], [ -73.966709, 40.58424 ], [ -73.966744, 40.584066 ], [ -73.966777, 40.583904 ], [ -73.966795, 40.583821 ], [ -73.966894, 40.583348 ], [ -73.966651, 40.583337 ], [ -73.965389, 40.583151 ], [ -73.965632, 40.582068 ], [ -73.965691, 40.58181 ], [ -73.965814, 40.581266 ], [ -73.965945, 40.580689 ], [ -73.965555, 40.58077 ], [ -73.965113, 40.580863 ], [ -73.964652, 40.58096 ], [ -73.964428, 40.580346 ], [ -73.964332, 40.58008 ], [ -73.964237, 40.579818 ], [ -73.964008, 40.579187 ], [ -73.963555, 40.579283 ], [ -73.963106, 40.579377 ], [ -73.962364, 40.577411 ], [ -73.962078, 40.575762 ], [ -73.961136, 40.575803 ], [ -73.961034, 40.575076 ], [ -73.959414, 40.575158 ], [ -73.959423, 40.573911 ], [ -73.959347, 40.569509 ], [ -73.959281, 40.563079 ], [ -73.959715, 40.563013 ], [ -73.997087, 40.557283 ], [ -74.036293, 40.551042 ], [ -74.036285, 40.551185 ], [ -74.036216, 40.5524 ], [ -74.036209, 40.552524 ], [ -74.035978, 40.556563 ], [ -74.035153, 40.571003 ], [ -74.035053, 40.572747 ], [ -74.035047, 40.57285 ], [ -74.034547, 40.57625 ], [ -74.037877, 40.589201 ], [ -74.041393, 40.603106 ], [ -74.042036, 40.604088 ], [ -74.043722, 40.606662 ], [ -74.043741, 40.606691 ] ] ] ] } },
{ "type": "Feature", "properties": { "assembly district": 75 }, "geometry": { "type": "MultiPolygon", "coordinates": [ [ [ [ -74.016606, 40.746962 ], [ -74.016013, 40.749396 ], [ -74.015505, 40.751483 ], [ -74.015013, 40.753506 ], [ -74.014249, 40.756656 ], [ -74.014029, 40.757551 ], [ -74.012952, 40.759026 ], [ -74.012009, 40.760318 ], [ -74.011105, 40.761556 ], [ -74.010235, 40.762747 ], [ -74.010136, 40.762882 ], [ -74.010046, 40.763006 ], [ -74.009884, 40.763226 ], [ -74.009525, 40.763719 ], [ -74.008603, 40.764981 ], [ -74.008212, 40.764823 ], [ -74.004683, 40.763432 ], [ -74.001716, 40.762208 ], [ -74.001278, 40.762076 ], [ -74.001151, 40.762026 ], [ -74.001036, 40.761968 ], [ -74.001183, 40.761863 ], [ -74.001316, 40.761746 ], [ -74.001435, 40.76162 ], [ -74.001537, 40.761487 ], [ -74.001622, 40.761347 ], [ -73.999795, 40.760576 ], [ -73.998794, 40.760153 ], [ -73.998315, 40.760823 ], [ -73.996232, 40.759946 ], [ -73.995694, 40.760601 ], [ -73.994983, 40.7603 ], [ -73.994526, 40.760927 ], [ -73.99407, 40.761552 ], [ -73.993609, 40.762184 ], [ -73.993156, 40.762806 ], [ -73.992701, 40.763431 ], [ -73.992244, 40.764057 ], [ -73.991788, 40.764684 ], [ -73.992345, 40.764919 ], [ -73.991917, 40.765556 ], [ -73.991333, 40.76531 ], [ -73.988491, 40.76411 ], [ -73.987255, 40.76359 ], [ -73.985647, 40.762915 ], [ -73.983628, 40.762065 ], [ -73.982807, 40.761719 ], [ -73.982351, 40.762343 ], [ -73.981895, 40.762968 ], [ -73.981434, 40.763594 ], [ -73.980981, 40.764223 ], [ -73.980528, 40.764844 ], [ -73.980036, 40.765521 ], [ -73.981848, 40.766287 ], [ -73.982877, 40.766715 ], [ -73.98238, 40.7674 ], [ -73.982147, 40.76773 ], [ -73.982307, 40.767816 ], [ -73.982409, 40.767965 ], [ -73.98242, 40.768102 ], [ -73.982356, 40.768235 ], [ -73.982264, 40.768337 ], [ -73.982093, 40.768398 ], [ -73.982093, 40.768893 ], [ -73.982118, 40.769742 ], [ -73.982147, 40.770574 ], [ -73.983468, 40.771136 ], [ -73.983033, 40.771762 ], [ -73.98259, 40.772345 ], [ -73.982195, 40.772864 ], [ -73.982072, 40.772989 ], [ -73.981573, 40.773602 ], [ -73.981114, 40.774227 ], [ -73.98066, 40.774852 ], [ -73.980203, 40.775479 ], [ -73.979746, 40.776106 ], [ -73.976912, 40.774909 ], [ -73.976458, 40.775533 ], [ -73.975955, 40.77622 ], [ -73.975573, 40.776063 ], [ -73.975487, 40.775991 ], [ -73.975438, 40.775929 ], [ -73.975429, 40.775862 ], [ -73.975491, 40.775707 ], [ -73.975569, 40.775465 ], [ -73.975585, 40.775339 ], [ -73.975558, 40.775189 ], [ -73.975354, 40.774607 ], [ -73.975158, 40.774688 ], [ -73.974853, 40.774736 ], [ -73.974427, 40.774743 ], [ -73.974124, 40.774655 ], [ -73.973868, 40.774494 ], [ -73.973701, 40.774281 ], [ -73.973536, 40.774039 ], [ -73.973404, 40.773906 ], [ -73.973205, 40.773821 ], [ -73.972911, 40.773774 ], [ -73.972355, 40.773781 ], [ -73.971868, 40.773802 ], [ -73.971261, 40.773736 ], [ -73.970502, 40.773556 ], [ -73.970124, 40.77348 ], [ -73.969406, 40.773423 ], [ -73.969017, 40.773376 ], [ -73.968797, 40.773072 ], [ -73.96874, 40.772854 ], [ -73.968764, 40.772715 ], [ -73.968494, 40.772788 ], [ -73.968058, 40.772778 ], [ -73.967707, 40.772702 ], [ -73.967039, 40.772461 ], [ -73.967534, 40.771776 ], [ -73.967994, 40.771147 ], [ -73.968441, 40.770517 ], [ -73.968904, 40.769901 ], [ -73.969365, 40.769271 ], [ -73.969825, 40.768646 ], [ -73.970281, 40.768025 ], [ -73.970728, 40.767394 ], [ -73.971189, 40.766767 ], [ -73.971648, 40.766143 ], [ -73.972099, 40.765518 ], [ -73.972553, 40.764898 ], [ -73.973015, 40.764279 ], [ -73.973465, 40.763659 ], [ -73.973968, 40.762967 ], [ -73.974457, 40.762293 ], [ -73.972852, 40.761614 ], [ -73.973309, 40.760989 ], [ -73.974915, 40.761667 ], [ -73.975373, 40.76104 ], [ -73.975831, 40.760418 ], [ -73.976289, 40.759787 ], [ -73.976744, 40.759165 ], [ -73.977201, 40.758538 ], [ -73.977655, 40.757912 ], [ -73.978116, 40.757284 ], [ -73.976504, 40.756606 ], [ -73.97696, 40.75598 ], [ -73.978565, 40.756655 ], [ -73.979024, 40.756032 ], [ -73.979483, 40.755405 ], [ -73.979937, 40.754783 ], [ -73.980395, 40.754155 ], [ -73.980888, 40.753481 ], [ -73.981372, 40.752814 ], [ -73.981822, 40.752197 ], [ -73.982275, 40.751577 ], [ -73.982724, 40.750959 ], [ -73.983174, 40.750342 ], [ -73.983621, 40.749724 ], [ -73.984076, 40.749102 ], [ -73.982473, 40.748432 ], [ -73.982024, 40.74905 ], [ -73.980404, 40.748366 ], [ -73.980853, 40.747751 ], [ -73.981361, 40.747145 ], [ -73.979724, 40.746402 ], [ -73.978121, 40.745726 ], [ -73.978607, 40.745058 ], [ -73.979058, 40.744444 ], [ -73.976758, 40.743472 ], [ -73.977206, 40.742854 ], [ -73.977673, 40.742259 ], [ -73.979959, 40.743205 ], [ -73.98041, 40.742587 ], [ -73.980859, 40.74197 ], [ -73.981312, 40.741351 ], [ -73.981622, 40.740924 ], [ -73.981762, 40.740733 ], [ -73.982211, 40.740115 ], [ -73.982665, 40.739497 ], [ -73.983147, 40.738832 ], [ -73.984002, 40.739191 ], [ -73.984749, 40.739506 ], [ -73.984261, 40.740172 ], [ -73.985879, 40.740853 ], [ -73.986366, 40.740187 ], [ -73.986849, 40.739522 ], [ -73.987302, 40.738903 ], [ -73.989582, 40.739865 ], [ -73.989765, 40.739177 ], [ -73.987726, 40.738317 ], [ -73.988159, 40.737732 ], [ -73.988578, 40.737147 ], [ -73.989016, 40.73656 ], [ -73.989455, 40.735987 ], [ -73.989916, 40.735349 ], [ -73.989947, 40.735314 ], [ -73.990021, 40.735232 ], [ -73.990232, 40.73508 ], [ -73.990585, 40.734917 ], [ -73.990754, 40.734839 ], [ -73.991198, 40.735011 ], [ -73.991715, 40.735215 ], [ -73.991211, 40.735888 ], [ -73.991109, 40.736031 ], [ -73.990929, 40.736284 ], [ -73.990752, 40.736531 ], [ -73.992654, 40.73733 ], [ -73.99312, 40.736691 ], [ -73.993617, 40.736005 ], [ -73.99684, 40.737361 ], [ -73.99922, 40.738358 ], [ -73.999684, 40.738552 ], [ -74.0007, 40.738981 ], [ -74.001282, 40.739227 ], [ -74.001783, 40.739439 ], [ -74.002523, 40.739753 ], [ -74.002019, 40.740444 ], [ -74.001555, 40.74108 ], [ -74.004416, 40.742284 ], [ -74.007238, 40.74347 ], [ -74.006811, 40.744061 ], [ -74.008259, 40.744674 ], [ -74.008372, 40.743969 ], [ -74.008517, 40.743174 ], [ -74.008699, 40.742362 ], [ -74.008893, 40.742384 ], [ -74.009331, 40.742572 ], [ -74.017283, 40.74418 ], [ -74.016606, 40.746962 ] ] ] ] } },
{ "type": "Feature", "properties": { "assembly district": 31 }, "geometry": { "type": "MultiPolygon", "coordinates": [ [ [ [ -73.836975, 40.681988 ], [ -73.836158, 40.682415 ], [ -73.835369, 40.682843 ], [ -73.835056, 40.683015 ], [ -73.834583, 40.683276 ], [ -73.834293, 40.683432 ], [ -73.83379, 40.683693 ], [ -73.833524, 40.683806 ], [ -73.83295, 40.684029 ], [ -73.832726, 40.684116 ], [ -73.832112, 40.684358 ], [ -73.831905, 40.684441 ], [ -73.831121, 40.68475 ], [ -73.83028, 40.685075 ], [ -73.82946, 40.6854 ], [ -73.828627, 40.685655 ], [ -73.827414, 40.683203 ], [ -73.826602, 40.68343 ], [ -73.825776, 40.683666 ], [ -73.824953, 40.683902 ], [ -73.824122, 40.684136 ], [ -73.823261, 40.684382 ], [ -73.822348, 40.684643 ], [ -73.82147, 40.684891 ], [ -73.820593, 40.685138 ], [ -73.819726, 40.685385 ], [ -73.819031, 40.68554 ], [ -73.818183, 40.685774 ], [ -73.817375, 40.686003 ], [ -73.816335, 40.683918 ], [ -73.816028, 40.684004 ], [ -73.815619, 40.684121 ], [ -73.815138, 40.684258 ], [ -73.814773, 40.684361 ], [ -73.814268, 40.684503 ], [ -73.813937, 40.684598 ], [ -73.813592, 40.68471 ], [ -73.813367, 40.684847 ], [ -73.812437, 40.685287 ], [ -73.812459, 40.685185 ], [ -73.811528, 40.683292 ], [ -73.810669, 40.681543 ], [ -73.809791, 40.681792 ], [ -73.808908, 40.682042 ], [ -73.808047, 40.682287 ], [ -73.807771, 40.682364 ], [ -73.807156, 40.682539 ], [ -73.80622, 40.682804 ], [ -73.805561, 40.681495 ], [ -73.805361, 40.68105 ], [ -73.805207, 40.681094 ], [ -73.805031, 40.681146 ], [ -73.804579, 40.680129 ], [ -73.804235, 40.679416 ], [ -73.803356, 40.677644 ], [ -73.803089, 40.677037 ], [ -73.801793, 40.674394 ], [ -73.801593, 40.674376 ], [ -73.801216, 40.674344 ], [ -73.800632, 40.674307 ], [ -73.799879, 40.674224 ], [ -73.79893, 40.67414 ], [ -73.798365, 40.674087 ], [ -73.798483, 40.673349 ], [ -73.798376, 40.672531 ], [ -73.798293, 40.671937 ], [ -73.798218, 40.671327 ], [ -73.798087, 40.670442 ], [ -73.797678, 40.669387 ], [ -73.797201, 40.668157 ], [ -73.796262, 40.668328 ], [ -73.796054, 40.66833 ], [ -73.795873, 40.66832 ], [ -73.795697, 40.668273 ], [ -73.795449, 40.668185 ], [ -73.795025, 40.66802 ], [ -73.794733, 40.667908 ], [ -73.794495, 40.667822 ], [ -73.794319, 40.667744 ], [ -73.794145, 40.667653 ], [ -73.793867, 40.667472 ], [ -73.79323, 40.667074 ], [ -73.793062, 40.667087 ], [ -73.792174, 40.66704 ], [ -73.791299, 40.66697 ], [ -73.79047, 40.666895 ], [ -73.790395, 40.666888 ], [ -73.78941, 40.666841 ], [ -73.78697, 40.667085 ], [ -73.785664, 40.667188 ], [ -73.785025, 40.66723 ], [ -73.7833, 40.667315 ], [ -73.782654, 40.667369 ], [ -73.781796, 40.667421 ], [ -73.78062, 40.667526 ], [ -73.779705, 40.66759 ], [ -73.777913, 40.667715 ], [ -73.777013, 40.667776 ], [ -73.776164, 40.667867 ], [ -73.775224, 40.667915 ], [ -73.774311, 40.667982 ], [ -73.773425, 40.668028 ], [ -73.771545, 40.667963 ], [ -73.766754, 40.667433 ], [ -73.764901, 40.667224 ], [ -73.764071, 40.66713 ], [ -73.76376, 40.667098 ], [ -73.762779, 40.667017 ], [ -73.762049, 40.666948 ], [ -73.761871, 40.666929 ], [ -73.761072, 40.666821 ], [ -73.760463, 40.66674 ], [ -73.757631, 40.666451 ], [ -73.755925, 40.666388 ], [ -73.755511, 40.666399 ], [ -73.755262, 40.666395 ], [ -73.753271, 40.666401 ], [ -73.751759, 40.666395 ], [ -73.750714, 40.666427 ], [ -73.749784, 40.666418 ], [ -73.748762, 40.666423 ], [ -73.746086, 40.6664 ], [ -73.745366, 40.666404 ], [ -73.741792, 40.666403 ], [ -73.741178, 40.666403 ], [ -73.740432, 40.666401 ], [ -73.740221, 40.666401 ], [ -73.739929, 40.666401 ], [ -73.740698, 40.665928 ], [ -73.74097, 40.665795 ], [ -73.740395, 40.665703 ], [ -73.739371, 40.665452 ], [ -73.73955, 40.665256 ], [ -73.740018, 40.664748 ], [ -73.738452, 40.664059 ], [ -73.73892, 40.66344 ], [ -73.73939, 40.662822 ], [ -73.739857, 40.662204 ], [ -73.738405, 40.661566 ], [ -73.737079, 40.660982 ], [ -73.736266, 40.660626 ], [ -73.736734, 40.660008 ], [ -73.737203, 40.659389 ], [ -73.739342, 40.66033 ], [ -73.739809, 40.659712 ], [ -73.737672, 40.658771 ], [ -73.738142, 40.658154 ], [ -73.73861, 40.657535 ], [ -73.739937, 40.658117 ], [ -73.740748, 40.658476 ], [ -73.741532, 40.657359 ], [ -73.741044, 40.656676 ], [ -73.740608, 40.655967 ], [ -73.740193, 40.655257 ], [ -73.739785, 40.654526 ], [ -73.739376, 40.653796 ], [ -73.738942, 40.653026 ], [ -73.738565, 40.652355 ], [ -73.738437, 40.652134 ], [ -73.738145, 40.651628 ], [ -73.737381, 40.650264 ], [ -73.737014, 40.649583 ], [ -73.736838, 40.649264 ], [ -73.736735, 40.6491 ], [ -73.736979, 40.649005 ], [ -73.73746, 40.648818 ], [ -73.737626, 40.648753 ], [ -73.738799, 40.648297 ], [ -73.739045, 40.648201 ], [ -73.73919, 40.648122 ], [ -73.741437, 40.646889 ], [ -73.741439, 40.646345 ], [ -73.74144, 40.646086 ], [ -73.741448, 40.645942 ], [ -73.741468, 40.645564 ], [ -73.741485, 40.645248 ], [ -73.741623, 40.642716 ], [ -73.741632, 40.642586 ], [ -73.741643, 40.64244 ], [ -73.741661, 40.642198 ], [ -73.741759, 40.642016 ], [ -73.741873, 40.641804 ], [ -73.742051, 40.641474 ], [ -73.741428, 40.640502 ], [ -73.742283, 40.640121 ], [ -73.741534, 40.63923 ], [ -73.741263, 40.638905 ], [ -73.741224, 40.638828 ], [ -73.741126, 40.638656 ], [ -73.741032, 40.638476 ], [ -73.740662, 40.637833 ], [ -73.740284, 40.637175 ], [ -73.739558, 40.635863 ], [ -73.739471, 40.635706 ], [ -73.73996, 40.635144 ], [ -73.740141, 40.63511 ], [ -73.740802, 40.634986 ], [ -73.741095, 40.634931 ], [ -73.741678, 40.634838 ], [ -73.742237, 40.634851 ], [ -73.74265, 40.635045 ], [ -73.742673, 40.635408 ], [ -73.742629, 40.635537 ], [ -73.74258, 40.635648 ], [ -73.742531, 40.635715 ], [ -73.742081, 40.636381 ], [ -73.74127, 40.637257 ], [ -73.741187, 40.637412 ], [ -73.741201, 40.63759 ], [ -73.741501, 40.63785 ], [ -73.742361, 40.638093 ], [ -73.743295, 40.638048 ], [ -73.743651, 40.637769 ], [ -73.743941, 40.637541 ], [ -73.744177, 40.637356 ], [ -73.746022, 40.635212 ], [ -73.748001, 40.634631 ], [ -73.767425, 40.626606 ], [ -73.767507, 40.626469 ], [ -73.767708, 40.626208 ], [ -73.767758, 40.626113 ], [ -73.767772, 40.625996 ], [ -73.767782, 40.625912 ], [ -73.767933, 40.625755 ], [ -73.768142, 40.625463 ], [ -73.768154, 40.625449 ], [ -73.76825, 40.625398 ], [ -73.768269, 40.625295 ], [ -73.768293, 40.625236 ], [ -73.768326, 40.625097 ], [ -73.768418, 40.624989 ], [ -73.7685, 40.624897 ], [ -73.768563, 40.624801 ], [ -73.768604, 40.624733 ], [ -73.768624, 40.624585 ], [ -73.768649, 40.624466 ], [ -73.768709, 40.624386 ], [ -73.768761, 40.624352 ], [ -73.768784, 40.624289 ], [ -73.768777, 40.624195 ], [ -73.76883, 40.6241 ], [ -73.768805, 40.624027 ], [ -73.768838, 40.623952 ], [ -73.768757, 40.62382 ], [ -73.768762, 40.623761 ], [ -73.768668, 40.623589 ], [ -73.768643, 40.623492 ], [ -73.768643, 40.623431 ], [ -73.76861, 40.623373 ], [ -73.768584, 40.623313 ], [ -73.768553, 40.623155 ], [ -73.767571, 40.621477 ], [ -73.767459, 40.620511 ], [ -73.766757, 40.615284 ], [ -73.766719, 40.615004 ], [ -73.765244, 40.614942 ], [ -73.764349, 40.614316 ], [ -73.763476, 40.613706 ], [ -73.763454, 40.61369 ], [ -73.762084, 40.612732 ], [ -73.760021, 40.611349 ], [ -73.759631, 40.611297 ], [ -73.759334, 40.611258 ], [ -73.75891, 40.611206 ], [ -73.757546, 40.611037 ], [ -73.757235, 40.610993 ], [ -73.755197, 40.610594 ], [ -73.754947, 40.610497 ], [ -73.754732, 40.610405 ], [ -73.753458, 40.61052 ], [ -73.750652, 40.611453 ], [ -73.750088, 40.611641 ], [ -73.74912, 40.611794 ], [ -73.748216, 40.612011 ], [ -73.747993, 40.61231 ], [ -73.747614, 40.611998 ], [ -73.747495, 40.611888 ], [ -73.747194, 40.611998 ], [ -73.747119, 40.612036 ], [ -73.746942, 40.611775 ], [ -73.746855, 40.611574 ], [ -73.746747, 40.611403 ], [ -73.746387, 40.61154 ], [ -73.746075, 40.611661 ], [ -73.745793, 40.611769 ], [ -73.74553, 40.611871 ], [ -73.745492, 40.611805 ], [ -73.745633, 40.611756 ], [ -73.747198, 40.611137 ], [ -73.748096, 40.610743 ], [ -73.748995, 40.610315 ], [ -73.749872, 40.609734 ], [ -73.750418, 40.609299 ], [ -73.750916, 40.608801 ], [ -73.751262, 40.608421 ], [ -73.750629, 40.608092 ], [ -73.749962, 40.608769 ], [ -73.749244, 40.608256 ], [ -73.748691, 40.607874 ], [ -73.749592, 40.607147 ], [ -73.750254, 40.606599 ], [ -73.751131, 40.605869 ], [ -73.751837, 40.605285 ], [ -73.75285, 40.60426 ], [ -73.753538, 40.604569 ], [ -73.754149, 40.602243 ], [ -73.753356, 40.602274 ], [ -73.753754, 40.600712 ], [ -73.75391, 40.600112 ], [ -73.754068, 40.599502 ], [ -73.754237, 40.598882 ], [ -73.754251, 40.598238 ], [ -73.754262, 40.597316 ], [ -73.754479, 40.597316 ], [ -73.754698, 40.597334 ], [ -73.754916, 40.597368 ], [ -73.755131, 40.59742 ], [ -73.755338, 40.597488 ], [ -73.755534, 40.597573 ], [ -73.755716, 40.597671 ], [ -73.755882, 40.597782 ], [ -73.756029, 40.597902 ], [ -73.756155, 40.597808 ], [ -73.756292, 40.597724 ], [ -73.756439, 40.597649 ], [ -73.756596, 40.597586 ], [ -73.756758, 40.597535 ], [ -73.757109, 40.597194 ], [ -73.757684, 40.597036 ], [ -73.757794, 40.597027 ], [ -73.757995, 40.59701 ], [ -73.758198, 40.596977 ], [ -73.758397, 40.596928 ], [ -73.758588, 40.596865 ], [ -73.758768, 40.596789 ], [ -73.758407, 40.596376 ], [ -73.759392, 40.595841 ], [ -73.75962, 40.595935 ], [ -73.760409, 40.596103 ], [ -73.761302, 40.596151 ], [ -73.762156, 40.596085 ], [ -73.762357, 40.597229 ], [ -73.7632, 40.597145 ], [ -73.763335, 40.597823 ], [ -73.76387, 40.597414 ], [ -73.764645, 40.597621 ], [ -73.764968, 40.59738 ], [ -73.76547, 40.598012 ], [ -73.765997, 40.598721 ], [ -73.766542, 40.599434 ], [ -73.767071, 40.599953 ], [ -73.767341, 40.600079 ], [ -73.76746, 40.600137 ], [ -73.767569, 40.600208 ], [ -73.767663, 40.600288 ], [ -73.767742, 40.600376 ], [ -73.767803, 40.60047 ], [ -73.766678, 40.601006 ], [ -73.76609, 40.601287 ], [ -73.765284, 40.601671 ], [ -73.764927, 40.60103 ], [ -73.764446, 40.600435 ], [ -73.762567, 40.601335 ], [ -73.76108, 40.601801 ], [ -73.760598, 40.60181 ], [ -73.760532, 40.601852 ], [ -73.76046, 40.602021 ], [ -73.760431, 40.602184 ], [ -73.760401, 40.602433 ], [ -73.760652, 40.604037 ], [ -73.760742, 40.604666 ], [ -73.760838, 40.605272 ], [ -73.760874, 40.605521 ], [ -73.760953, 40.606452 ], [ -73.759824, 40.609647 ], [ -73.759736, 40.610155 ], [ -73.759491, 40.610816 ], [ -73.75998, 40.610869 ], [ -73.761544, 40.609039 ], [ -73.761782, 40.609152 ], [ -73.761173, 40.609839 ], [ -73.76087, 40.610198 ], [ -73.760767, 40.610185 ], [ -73.760236, 40.610821 ], [ -73.761724, 40.611847 ], [ -73.762299, 40.611359 ], [ -73.762396, 40.611375 ], [ -73.762541, 40.611407 ], [ -73.762686, 40.611458 ], [ -73.762897, 40.611553 ], [ -73.763026, 40.611609 ], [ -73.763163, 40.611636 ], [ -73.763273, 40.61169 ], [ -73.763425, 40.611714 ], [ -73.763517, 40.611694 ], [ -73.763613, 40.611751 ], [ -73.763722, 40.611757 ], [ -73.763842, 40.611758 ], [ -73.763998, 40.611761 ], [ -73.764199, 40.611797 ], [ -73.764354, 40.611801 ], [ -73.764595, 40.611846 ], [ -73.764811, 40.611924 ], [ -73.764987, 40.612002 ], [ -73.76506, 40.612035 ], [ -73.765087, 40.61206 ], [ -73.765119, 40.612118 ], [ -73.765104, 40.612172 ], [ -73.765053, 40.612251 ], [ -73.764994, 40.612294 ], [ -73.764982, 40.612343 ], [ -73.765044, 40.612402 ], [ -73.765109, 40.612457 ], [ -73.765118, 40.612523 ], [ -73.765108, 40.612645 ], [ -73.765121, 40.612788 ], [ -73.765146, 40.612899 ], [ -73.765157, 40.612987 ], [ -73.765153, 40.613109 ], [ -73.765146, 40.613207 ], [ -73.765121, 40.613323 ], [ -73.765053, 40.613363 ], [ -73.765028, 40.613402 ], [ -73.765016, 40.613458 ], [ -73.765026, 40.613521 ], [ -73.76506, 40.613589 ], [ -73.765149, 40.613733 ], [ -73.76521, 40.613784 ], [ -73.765525, 40.613889 ], [ -73.765972, 40.613921 ], [ -73.766195, 40.614071 ], [ -73.766409, 40.614204 ], [ -73.766599, 40.614257 ], [ -73.766819, 40.614291 ], [ -73.767172, 40.614249 ], [ -73.767684, 40.614164 ], [ -73.768031, 40.6142 ], [ -73.768259, 40.614221 ], [ -73.768371, 40.614224 ], [ -73.768858, 40.614069 ], [ -73.769067, 40.614052 ], [ -73.769331, 40.613975 ], [ -73.769809, 40.613992 ], [ -73.770069, 40.614062 ], [ -73.77039, 40.614045 ], [ -73.770807, 40.61401 ], [ -73.77108, 40.613995 ], [ -73.771213, 40.613941 ], [ -73.771566, 40.613972 ], [ -73.771702, 40.613965 ], [ -73.772166, 40.613845 ], [ -73.772416, 40.61376 ], [ -73.772663, 40.613668 ], [ -73.772999, 40.61356 ], [ -73.773315, 40.613688 ], [ -73.773448, 40.613646 ], [ -73.773567, 40.613465 ], [ -73.773621, 40.613277 ], [ -73.773688, 40.61321 ], [ -73.773726, 40.61312 ], [ -73.773817, 40.612954 ], [ -73.773855, 40.612887 ], [ -73.773901, 40.61274 ], [ -73.773935, 40.612644 ], [ -73.773977, 40.612508 ], [ -73.774014, 40.612349 ], [ -73.774033, 40.612238 ], [ -73.774043, 40.61211 ], [ -73.774092, 40.612024 ], [ -73.774132, 40.611943 ], [ -73.774172, 40.611831 ], [ -73.774131, 40.611816 ], [ -73.774081, 40.611926 ], [ -73.774018, 40.612028 ], [ -73.773971, 40.612113 ], [ -73.773914, 40.61206 ], [ -73.773886, 40.611937 ], [ -73.773855, 40.611779 ], [ -73.773811, 40.611612 ], [ -73.773807, 40.611408 ], [ -73.773781, 40.611284 ], [ -73.773724, 40.611195 ], [ -73.773605, 40.61107 ], [ -73.773492, 40.610917 ], [ -73.77341, 40.610783 ], [ -73.773066, 40.610297 ], [ -73.773, 40.610199 ], [ -73.772963, 40.610153 ], [ -73.772888, 40.610159 ], [ -73.772885, 40.610201 ], [ -73.772957, 40.610331 ], [ -73.773066, 40.610494 ], [ -73.773236, 40.610786 ], [ -73.773382, 40.610987 ], [ -73.773404, 40.61109 ], [ -73.773263, 40.611212 ], [ -73.773021, 40.61131 ], [ -73.772693, 40.611424 ], [ -73.772386, 40.6115 ], [ -73.77228, 40.611506 ], [ -73.772125, 40.611454 ], [ -73.772053, 40.611349 ], [ -73.77199, 40.611254 ], [ -73.771964, 40.611129 ], [ -73.771928, 40.611011 ], [ -73.771895, 40.610931 ], [ -73.771847, 40.610824 ], [ -73.771739, 40.61073 ], [ -73.771624, 40.61062 ], [ -73.771516, 40.610585 ], [ -73.771367, 40.610527 ], [ -73.771263, 40.610398 ], [ -73.771126, 40.610362 ], [ -73.770968, 40.610367 ], [ -73.770822, 40.61034 ], [ -73.770735, 40.610273 ], [ -73.77059, 40.610161 ], [ -73.770533, 40.610191 ], [ -73.770369, 40.610195 ], [ -73.770242, 40.61025 ], [ -73.770015, 40.610169 ], [ -73.769954, 40.610146 ], [ -73.769661, 40.610006 ], [ -73.769501, 40.609896 ], [ -73.769309, 40.609784 ], [ -73.769216, 40.609727 ], [ -73.769088, 40.609578 ], [ -73.769001, 40.609392 ], [ -73.768968, 40.60926 ], [ -73.768935, 40.609157 ], [ -73.769014, 40.608971 ], [ -73.769085, 40.608786 ], [ -73.769146, 40.608664 ], [ -73.769212, 40.608474 ], [ -73.769293, 40.608373 ], [ -73.769497, 40.608293 ], [ -73.769572, 40.608157 ], [ -73.76966, 40.608039 ], [ -73.769775, 40.607933 ], [ -73.769846, 40.607788 ], [ -73.769825, 40.607661 ], [ -73.769803, 40.607529 ], [ -73.769865, 40.607414 ], [ -73.769967, 40.607225 ], [ -73.770017, 40.607097 ], [ -73.770002, 40.606904 ], [ -73.76992, 40.606596 ], [ -73.769861, 40.606461 ], [ -73.769836, 40.606278 ], [ -73.769852, 40.606123 ], [ -73.770026, 40.605787 ], [ -73.770068, 40.605602 ], [ -73.770005, 40.605392 ], [ -73.770088, 40.605312 ], [ -73.77015, 40.60515 ], [ -73.770279, 40.605082 ], [ -73.77049, 40.604952 ], [ -73.770565, 40.60484 ], [ -73.77054, 40.604675 ], [ -73.770465, 40.604533 ], [ -73.770468, 40.604379 ], [ -73.770444, 40.604098 ], [ -73.770474, 40.603951 ], [ -73.770403, 40.603693 ], [ -73.770339, 40.603402 ], [ -73.770297, 40.603308 ], [ -73.770272, 40.603244 ], [ -73.770135, 40.60312 ], [ -73.770253, 40.603079 ], [ -73.770358, 40.603031 ], [ -73.770397, 40.602968 ], [ -73.770289, 40.602815 ], [ -73.770186, 40.602749 ], [ -73.770233, 40.602619 ], [ -73.770275, 40.602489 ], [ -73.770344, 40.602358 ], [ -73.770397, 40.602282 ], [ -73.770474, 40.602108 ], [ -73.770652, 40.601855 ], [ -73.770781, 40.601923 ], [ -73.770881, 40.60182 ], [ -73.770847, 40.601725 ], [ -73.770803, 40.601675 ], [ -73.770753, 40.601626 ], [ -73.770738, 40.601546 ], [ -73.770817, 40.60128 ], [ -73.770944, 40.601151 ], [ -73.771041, 40.600789 ], [ -73.7711, 40.600588 ], [ -73.771177, 40.600405 ], [ -73.771112, 40.600276 ], [ -73.771139, 40.600165 ], [ -73.771103, 40.599971 ], [ -73.771087, 40.599792 ], [ -73.771094, 40.59964 ], [ -73.771147, 40.599512 ], [ -73.771158, 40.599393 ], [ -73.771137, 40.599328 ], [ -73.771063, 40.599221 ], [ -73.771065, 40.59911 ], [ -73.771062, 40.599075 ], [ -73.77105, 40.599022 ], [ -73.771037, 40.598982 ], [ -73.771011, 40.59893 ], [ -73.770982, 40.598894 ], [ -73.770914, 40.598849 ], [ -73.770824, 40.598818 ], [ -73.770725, 40.598813 ], [ -73.770673, 40.598829 ], [ -73.770555, 40.598897 ], [ -73.770512, 40.598937 ], [ -73.770477, 40.598974 ], [ -73.770407, 40.598988 ], [ -73.770346, 40.598986 ], [ -73.770274, 40.59896 ], [ -73.770177, 40.598897 ], [ -73.770118, 40.598855 ], [ -73.770066, 40.598816 ], [ -73.770016, 40.598784 ], [ -73.769944, 40.598751 ], [ -73.769828, 40.598707 ], [ -73.769788, 40.598686 ], [ -73.769736, 40.598656 ], [ -73.769674, 40.598633 ], [ -73.7696, 40.598618 ], [ -73.769424, 40.598564 ], [ -73.769309, 40.598529 ], [ -73.769251, 40.598504 ], [ -73.769189, 40.598509 ], [ -73.769104, 40.598514 ], [ -73.76905, 40.59851 ], [ -73.769021, 40.598487 ], [ -73.76898, 40.598453 ], [ -73.768931, 40.598468 ], [ -73.768903, 40.59845 ], [ -73.768905, 40.598397 ], [ -73.768797, 40.598389 ], [ -73.768701, 40.598385 ], [ -73.768633, 40.598377 ], [ -73.768554, 40.598359 ], [ -73.768474, 40.598362 ], [ -73.768397, 40.598357 ], [ -73.768293, 40.598329 ], [ -73.76824, 40.598322 ], [ -73.768205, 40.598303 ], [ -73.768172, 40.598265 ], [ -73.768141, 40.598236 ], [ -73.768123, 40.598228 ], [ -73.768044, 40.598197 ], [ -73.768023, 40.598189 ], [ -73.76796, 40.598154 ], [ -73.767935, 40.598136 ], [ -73.76795, 40.5981 ], [ -73.767975, 40.598071 ], [ -73.768008, 40.598045 ], [ -73.768037, 40.597983 ], [ -73.768067, 40.597911 ], [ -73.767718, 40.596261 ], [ -73.767669, 40.596024 ], [ -73.767604, 40.595803 ], [ -73.770268, 40.594192 ], [ -73.770231, 40.593975 ], [ -73.771094, 40.593536 ], [ -73.771496, 40.593405 ], [ -73.771844, 40.593292 ], [ -73.772701, 40.593123 ], [ -73.772713, 40.593321 ], [ -73.772808, 40.594074 ], [ -73.773675, 40.593893 ], [ -73.774542, 40.59375 ], [ -73.775377, 40.593683 ], [ -73.775489, 40.593676 ], [ -73.776318, 40.593623 ], [ -73.777154, 40.593545 ], [ -73.777979, 40.593461 ], [ -73.778801, 40.593387 ], [ -73.779036, 40.595444 ], [ -73.779939, 40.595382 ], [ -73.780916, 40.595325 ], [ -73.781836, 40.595267 ], [ -73.783612, 40.595145 ], [ -73.783375, 40.592722 ], [ -73.784291, 40.592446 ], [ -73.785062, 40.5922 ], [ -73.785708, 40.592083 ], [ -73.786388, 40.592084 ], [ -73.786257, 40.591938 ], [ -73.786175, 40.591328 ], [ -73.785994, 40.589972 ], [ -73.785959, 40.589713 ], [ -73.787301, 40.589295 ], [ -73.788582, 40.588896 ], [ -73.789284, 40.588677 ], [ -73.79016, 40.588404 ], [ -73.791019, 40.588191 ], [ -73.791047, 40.588499 ], [ -73.79107, 40.588747 ], [ -73.791172, 40.58986 ], [ -73.791191, 40.590055 ], [ -73.791334, 40.589846 ], [ -73.791723, 40.58928 ], [ -73.791757, 40.58932 ], [ -73.791879, 40.589467 ], [ -73.792061, 40.589684 ], [ -73.792615, 40.589922 ], [ -73.792786, 40.589957 ], [ -73.793451, 40.590095 ], [ -73.793503, 40.590106 ], [ -73.794252, 40.590423 ], [ -73.794938, 40.590308 ], [ -73.794903, 40.589596 ], [ -73.795194, 40.589295 ], [ -73.795841, 40.589247 ], [ -73.796781, 40.58983 ], [ -73.796883, 40.590486 ], [ -73.797861, 40.590167 ], [ -73.798472, 40.58996 ], [ -73.798814, 40.589836 ], [ -73.799339, 40.589664 ], [ -73.799587, 40.589589 ], [ -73.800168, 40.589378 ], [ -73.800343, 40.589321 ], [ -73.801005, 40.589108 ], [ -73.801991, 40.588869 ], [ -73.802749, 40.588668 ], [ -73.803497, 40.588489 ], [ -73.803512, 40.588486 ], [ -73.804305, 40.588327 ], [ -73.804735, 40.588269 ], [ -73.805144, 40.588215 ], [ -73.806346, 40.58808 ], [ -73.807283, 40.588001 ], [ -73.809865, 40.587742 ], [ -73.809789, 40.586989 ], [ -73.810338, 40.586951 ], [ -73.810638, 40.586875 ], [ -73.812088, 40.586514 ], [ -73.813197, 40.586238 ], [ -73.813846, 40.587075 ], [ -73.81439, 40.587782 ], [ -73.813141, 40.588268 ], [ -73.812273, 40.588621 ], [ -73.812208, 40.587955 ], [ -73.812157, 40.587445 ], [ -73.811252, 40.587567 ], [ -73.811448, 40.589017 ], [ -73.81093, 40.589297 ], [ -73.810951, 40.5895 ], [ -73.811054, 40.590451 ], [ -73.81161, 40.590475 ], [ -73.811674, 40.591299 ], [ -73.811703, 40.591594 ], [ -73.811569, 40.591694 ], [ -73.811513, 40.591783 ], [ -73.811513, 40.591958 ], [ -73.811535, 40.592089 ], [ -73.811567, 40.592149 ], [ -73.811504, 40.592191 ], [ -73.811532, 40.592259 ], [ -73.811517, 40.592315 ], [ -73.811529, 40.592493 ], [ -73.811561, 40.592728 ], [ -73.811574, 40.592829 ], [ -73.811562, 40.59285 ], [ -73.811507, 40.592894 ], [ -73.811478, 40.592916 ], [ -73.811473, 40.592854 ], [ -73.811479, 40.592742 ], [ -73.811466, 40.592628 ], [ -73.811436, 40.592508 ], [ -73.81143, 40.592255 ], [ -73.811399, 40.592101 ], [ -73.811361, 40.591981 ], [ -73.811326, 40.591746 ], [ -73.811149, 40.591758 ], [ -73.811008, 40.591768 ], [ -73.810945, 40.591824 ], [ -73.81089, 40.591957 ], [ -73.810879, 40.592011 ], [ -73.810896, 40.592062 ], [ -73.810825, 40.592088 ], [ -73.810954, 40.592489 ], [ -73.811107, 40.592476 ], [ -73.811386, 40.592442 ], [ -73.811408, 40.592871 ], [ -73.811073, 40.593022 ], [ -73.811028, 40.592987 ], [ -73.811374, 40.592861 ], [ -73.811373, 40.592703 ], [ -73.810757, 40.592811 ], [ -73.81075, 40.592792 ], [ -73.811373, 40.592684 ], [ -73.811358, 40.592463 ], [ -73.81094, 40.592547 ], [ -73.810795, 40.592094 ], [ -73.81059, 40.592137 ], [ -73.810202, 40.592226 ], [ -73.810031, 40.592185 ], [ -73.809803, 40.592058 ], [ -73.809778, 40.592399 ], [ -73.809731, 40.592404 ], [ -73.809764, 40.592646 ], [ -73.809795, 40.592658 ], [ -73.809799, 40.59272 ], [ -73.809743, 40.592695 ], [ -73.809691, 40.592454 ], [ -73.809668, 40.59247 ], [ -73.809634, 40.592495 ], [ -73.809616, 40.592537 ], [ -73.809506, 40.592775 ], [ -73.809503, 40.592876 ], [ -73.809528, 40.593009 ], [ -73.809701, 40.593534 ], [ -73.809661, 40.593561 ], [ -73.809955, 40.594332 ], [ -73.810285, 40.595073 ], [ -73.810843, 40.59635 ], [ -73.811576, 40.598141 ], [ -73.81149, 40.598371 ], [ -73.811375, 40.598559 ], [ -73.811186, 40.598579 ], [ -73.810962, 40.598557 ], [ -73.810859, 40.59864 ], [ -73.810686, 40.598699 ], [ -73.810551, 40.59876 ], [ -73.810416, 40.598883 ], [ -73.810331, 40.59895 ], [ -73.810331, 40.599127 ], [ -73.810357, 40.599262 ], [ -73.810293, 40.599342 ], [ -73.810255, 40.599505 ], [ -73.810302, 40.599604 ], [ -73.81024, 40.599772 ], [ -73.810189, 40.59986 ], [ -73.810101, 40.599845 ], [ -73.809988, 40.599883 ], [ -73.810144, 40.600055 ], [ -73.810001, 40.600029 ], [ -73.810015, 40.600109 ], [ -73.810001, 40.600184 ], [ -73.809939, 40.600254 ], [ -73.809851, 40.600366 ], [ -73.809861, 40.600477 ], [ -73.809928, 40.600625 ], [ -73.809979, 40.600781 ], [ -73.810026, 40.600861 ], [ -73.810036, 40.60103 ], [ -73.810039, 40.60109 ], [ -73.809995, 40.601201 ], [ -73.809943, 40.601263 ], [ -73.80995, 40.601385 ], [ -73.810024, 40.601466 ], [ -73.810034, 40.601611 ], [ -73.809997, 40.601696 ], [ -73.809951, 40.601807 ], [ -73.809863, 40.601896 ], [ -73.810511, 40.602533 ], [ -73.810787, 40.603287 ], [ -73.811776, 40.603171 ], [ -73.813397, 40.604364 ], [ -73.814292, 40.604457 ], [ -73.814652, 40.605252 ], [ -73.809753, 40.614276 ], [ -73.811435, 40.615831 ], [ -73.816527, 40.614947 ], [ -73.817119, 40.615282 ], [ -73.817168, 40.615843 ], [ -73.817477, 40.616333 ], [ -73.817587, 40.616878 ], [ -73.817757, 40.617307 ], [ -73.817774, 40.617501 ], [ -73.817647, 40.617612 ], [ -73.817446, 40.618111 ], [ -73.817444, 40.618912 ], [ -73.817181, 40.619267 ], [ -73.816825, 40.619462 ], [ -73.816391, 40.619622 ], [ -73.815432, 40.620117 ], [ -73.815715, 40.62149 ], [ -73.815939, 40.621631 ], [ -73.816531, 40.622003 ], [ -73.816911, 40.62187 ], [ -73.81697, 40.621492 ], [ -73.817787, 40.621672 ], [ -73.817786, 40.621938 ], [ -73.818253, 40.622094 ], [ -73.818813, 40.622562 ], [ -73.818917, 40.62309 ], [ -73.817953, 40.624093 ], [ -73.81673, 40.623872 ], [ -73.816086, 40.624315 ], [ -73.816115, 40.624605 ], [ -73.817085, 40.625279 ], [ -73.817698, 40.625962 ], [ -73.818008, 40.626476 ], [ -73.817964, 40.627106 ], [ -73.819478, 40.627629 ], [ -73.819734, 40.627712 ], [ -73.819849, 40.627796 ], [ -73.819989, 40.628032 ], [ -73.820052, 40.628185 ], [ -73.820159, 40.62836 ], [ -73.820591, 40.628924 ], [ -73.820814, 40.62939 ], [ -73.821075, 40.629734 ], [ -73.821846, 40.63204 ], [ -73.821841, 40.632424 ], [ -73.82189, 40.633095 ], [ -73.822093, 40.633756 ], [ -73.822218, 40.634427 ], [ -73.822538, 40.635158 ], [ -73.822771, 40.635577 ], [ -73.823376, 40.638988 ], [ -73.824193, 40.639954 ], [ -73.825337, 40.644248 ], [ -73.825531, 40.645018 ], [ -73.82641, 40.648261 ], [ -73.82678, 40.649772 ], [ -73.826848, 40.650074 ], [ -73.826907, 40.650294 ], [ -73.828392, 40.65603 ], [ -73.828712, 40.65706 ], [ -73.829801, 40.659511 ], [ -73.82987, 40.659967 ], [ -73.830222, 40.660526 ], [ -73.830964, 40.6621 ], [ -73.831781, 40.663674 ], [ -73.831742, 40.665182 ], [ -73.832705, 40.665406 ], [ -73.832884, 40.66576 ], [ -73.83294, 40.665892 ], [ -73.833312, 40.666759 ], [ -73.83254, 40.666539 ], [ -73.831567, 40.666312 ], [ -73.831021, 40.666209 ], [ -73.83025, 40.66612 ], [ -73.829333, 40.666101 ], [ -73.828079, 40.66609 ], [ -73.827518, 40.667898 ], [ -73.826953, 40.669718 ], [ -73.826385, 40.671533 ], [ -73.825818, 40.673353 ], [ -73.825252, 40.675168 ], [ -73.824673, 40.677031 ], [ -73.825406, 40.677147 ], [ -73.825781, 40.677207 ], [ -73.826447, 40.67732 ], [ -73.827595, 40.677501 ], [ -73.828837, 40.677692 ], [ -73.829947, 40.677904 ], [ -73.83094, 40.67812 ], [ -73.831083, 40.678151 ], [ -73.831624, 40.678275 ], [ -73.83211, 40.678386 ], [ -73.832206, 40.678408 ], [ -73.833015, 40.678589 ], [ -73.833325, 40.678657 ], [ -73.834109, 40.678853 ], [ -73.834185, 40.678874 ], [ -73.834462, 40.678944 ], [ -73.83565, 40.679273 ], [ -73.836327, 40.680668 ], [ -73.836975, 40.681988 ] ] ] ] } },
{ "type": "Feature", "properties": { "assembly district": 56 }, "geometry": { "type": "MultiPolygon", "coordinates": [ [ [ [ -73.95337, 40.699405 ], [ -73.952663, 40.699482 ], [ -73.952161, 40.699537 ], [ -73.950922, 40.699688 ], [ -73.950091, 40.699791 ], [ -73.949944, 40.699047 ], [ -73.949788, 40.69831 ], [ -73.949647, 40.697583 ], [ -73.946797, 40.697903 ], [ -73.945755, 40.698018 ], [ -73.944956, 40.698108 ], [ -73.944879, 40.698116 ], [ -73.943949, 40.698222 ], [ -73.944096, 40.698973 ], [ -73.944243, 40.699699 ], [ -73.944308, 40.700024 ], [ -73.944388, 40.700425 ], [ -73.943692, 40.70051 ], [ -73.941931, 40.700725 ], [ -73.941149, 40.700281 ], [ -73.941431, 40.699935 ], [ -73.941309, 40.699292 ], [ -73.94115, 40.698541 ], [ -73.938568, 40.698848 ], [ -73.938177, 40.698641 ], [ -73.938089, 40.698088 ], [ -73.937955, 40.697423 ], [ -73.937792, 40.69669 ], [ -73.938849, 40.696568 ], [ -73.940705, 40.696354 ], [ -73.943526, 40.696031 ], [ -73.943388, 40.695289 ], [ -73.943243, 40.694558 ], [ -73.9431, 40.693823 ], [ -73.942951, 40.693091 ], [ -73.940118, 40.693416 ], [ -73.939971, 40.692683 ], [ -73.939127, 40.69278 ], [ -73.938959, 40.6928 ], [ -73.937049, 40.693021 ], [ -73.934134, 40.693355 ], [ -73.933979, 40.692624 ], [ -73.931053, 40.692961 ], [ -73.928868, 40.693215 ], [ -73.928507, 40.693166 ], [ -73.928043, 40.692904 ], [ -73.927985, 40.692563 ], [ -73.927839, 40.691831 ], [ -73.927694, 40.691099 ], [ -73.925365, 40.691367 ], [ -73.924392, 40.690831 ], [ -73.924261, 40.690642 ], [ -73.924127, 40.690005 ], [ -73.923979, 40.689275 ], [ -73.923834, 40.688541 ], [ -73.923689, 40.687811 ], [ -73.923542, 40.687076 ], [ -73.920887, 40.687382 ], [ -73.92074, 40.68665 ], [ -73.923396, 40.686345 ], [ -73.923252, 40.685612 ], [ -73.923104, 40.68488 ], [ -73.920447, 40.685185 ], [ -73.920304, 40.684451 ], [ -73.920156, 40.683719 ], [ -73.922814, 40.683415 ], [ -73.92267, 40.682682 ], [ -73.920011, 40.682986 ], [ -73.919866, 40.682254 ], [ -73.922545, 40.681936 ], [ -73.925786, 40.681571 ], [ -73.925625, 40.680847 ], [ -73.925479, 40.680112 ], [ -73.92534, 40.679393 ], [ -73.925266, 40.679073 ], [ -73.924593, 40.679032 ], [ -73.924662, 40.678276 ], [ -73.923673, 40.678222 ], [ -73.923779, 40.677118 ], [ -73.922806, 40.677067 ], [ -73.9227, 40.678171 ], [ -73.921711, 40.678116 ], [ -73.921816, 40.677019 ], [ -73.921832, 40.676849 ], [ -73.921901, 40.676131 ], [ -73.921975, 40.675348 ], [ -73.922021, 40.674858 ], [ -73.922049, 40.674574 ], [ -73.922132, 40.673684 ], [ -73.922215, 40.672792 ], [ -73.925161, 40.672954 ], [ -73.927929, 40.673106 ], [ -73.929313, 40.673181 ], [ -73.930697, 40.673257 ], [ -73.930785, 40.672363 ], [ -73.930868, 40.671474 ], [ -73.930952, 40.670583 ], [ -73.931033, 40.669738 ], [ -73.931099, 40.669019 ], [ -73.931119, 40.668798 ], [ -73.933888, 40.66895 ], [ -73.936657, 40.669101 ], [ -73.939427, 40.669252 ], [ -73.942196, 40.669403 ], [ -73.942176, 40.669605 ], [ -73.942106, 40.670342 ], [ -73.94203, 40.671185 ], [ -73.940931, 40.671126 ], [ -73.93926, 40.671033 ], [ -73.939177, 40.671926 ], [ -73.939076, 40.672826 ], [ -73.939971, 40.672867 ], [ -73.940764, 40.67291 ], [ -73.94186, 40.672968 ], [ -73.941775, 40.673859 ], [ -73.941694, 40.674748 ], [ -73.941609, 40.675643 ], [ -73.941535, 40.676421 ], [ -73.941705, 40.67643 ], [ -73.944303, 40.676572 ], [ -73.947074, 40.676723 ], [ -73.947089, 40.676557 ], [ -73.947108, 40.676348 ], [ -73.947146, 40.675944 ], [ -73.949915, 40.676096 ], [ -73.949845, 40.676875 ], [ -73.94977, 40.677652 ], [ -73.949697, 40.678362 ], [ -73.949676, 40.678457 ], [ -73.949679, 40.678566 ], [ -73.949647, 40.678963 ], [ -73.949585, 40.679636 ], [ -73.949557, 40.68039 ], [ -73.949715, 40.68107 ], [ -73.949861, 40.681804 ], [ -73.950009, 40.682537 ], [ -73.950155, 40.683269 ], [ -73.950299, 40.684001 ], [ -73.950446, 40.684735 ], [ -73.95059, 40.685467 ], [ -73.950737, 40.6862 ], [ -73.950883, 40.686933 ], [ -73.951028, 40.687667 ], [ -73.951175, 40.6884 ], [ -73.951319, 40.689133 ], [ -73.951444, 40.689764 ], [ -73.951464, 40.689864 ], [ -73.951612, 40.690597 ], [ -73.951757, 40.69133 ], [ -73.95181, 40.691599 ], [ -73.951902, 40.692063 ], [ -73.95205, 40.692794 ], [ -73.952172, 40.693419 ], [ -73.952193, 40.693526 ], [ -73.952341, 40.694263 ], [ -73.952489, 40.695004 ], [ -73.952925, 40.697204 ], [ -73.95337, 40.699405 ] ] ] ] } },
{ "type": "Feature", "properties": { "assembly district": 87 }, "geometry": { "type": "MultiPolygon", "coordinates": [ [ [ [ -73.88545, 40.841752 ], [ -73.885298, 40.842536 ], [ -73.885085, 40.843609 ], [ -73.884882, 40.8446 ], [ -73.885292, 40.844608 ], [ -73.885192, 40.845195 ], [ -73.884465, 40.845985 ], [ -73.88379, 40.846783 ], [ -73.883445, 40.847153 ], [ -73.883301, 40.847454 ], [ -73.883216, 40.847768 ], [ -73.883109, 40.848273 ], [ -73.882781, 40.84807 ], [ -73.882844, 40.847818 ], [ -73.881998, 40.847235 ], [ -73.881056, 40.846594 ], [ -73.880477, 40.846197 ], [ -73.879194, 40.845321 ], [ -73.878007, 40.844484 ], [ -73.877314, 40.844007 ], [ -73.87652, 40.845293 ], [ -73.876464, 40.845691 ], [ -73.876343, 40.846161 ], [ -73.876172, 40.846576 ], [ -73.875944, 40.847022 ], [ -73.875295, 40.848315 ], [ -73.875099, 40.850277 ], [ -73.875207, 40.850495 ], [ -73.875262, 40.850681 ], [ -73.875282, 40.850914 ], [ -73.875254, 40.851114 ], [ -73.875234, 40.851199 ], [ -73.874496, 40.852581 ], [ -73.874059, 40.852977 ], [ -73.873681, 40.853249 ], [ -73.873316, 40.853439 ], [ -73.872722, 40.853679 ], [ -73.872348, 40.853805 ], [ -73.871938, 40.854042 ], [ -73.871763, 40.854113 ], [ -73.871281, 40.85425 ], [ -73.870984, 40.854397 ], [ -73.870786, 40.854522 ], [ -73.87061, 40.854653 ], [ -73.870441, 40.854801 ], [ -73.869815, 40.855484 ], [ -73.869377, 40.854266 ], [ -73.869167, 40.853686 ], [ -73.868722, 40.852424 ], [ -73.868609, 40.852088 ], [ -73.868235, 40.850913 ], [ -73.867819, 40.849905 ], [ -73.868374, 40.84897 ], [ -73.867855, 40.848889 ], [ -73.868006, 40.848302 ], [ -73.868355, 40.84708 ], [ -73.867714, 40.847279 ], [ -73.866879, 40.845066 ], [ -73.866307, 40.843612 ], [ -73.865911, 40.843197 ], [ -73.865727, 40.843011 ], [ -73.865495, 40.842786 ], [ -73.865167, 40.842466 ], [ -73.864107, 40.841675 ], [ -73.85521, 40.842975 ], [ -73.855741, 40.843143 ], [ -73.854729, 40.843444 ], [ -73.854014, 40.843639 ], [ -73.853029, 40.843927 ], [ -73.85221, 40.844264 ], [ -73.852057, 40.844105 ], [ -73.851787, 40.844169 ], [ -73.851152, 40.844322 ], [ -73.850271, 40.844597 ], [ -73.850258, 40.844364 ], [ -73.850255, 40.844301 ], [ -73.850234, 40.844141 ], [ -73.850197, 40.84386 ], [ -73.849992, 40.842852 ], [ -73.849392, 40.842919 ], [ -73.848546, 40.843007 ], [ -73.847857, 40.842485 ], [ -73.848353, 40.842097 ], [ -73.848986, 40.8416 ], [ -73.849613, 40.841107 ], [ -73.849063, 40.840698 ], [ -73.849524, 40.840273 ], [ -73.850151, 40.839698 ], [ -73.850262, 40.839598 ], [ -73.850479, 40.839401 ], [ -73.850041, 40.839094 ], [ -73.84984, 40.838958 ], [ -73.849373, 40.838633 ], [ -73.850011, 40.838115 ], [ -73.850678, 40.838575 ], [ -73.851444, 40.837952 ], [ -73.851008, 40.837647 ], [ -73.850896, 40.837165 ], [ -73.852331, 40.83701 ], [ -73.852207, 40.836347 ], [ -73.850722, 40.836508 ], [ -73.850535, 40.835794 ], [ -73.850166, 40.834355 ], [ -73.849559, 40.834409 ], [ -73.848486, 40.834525 ], [ -73.848314, 40.833781 ], [ -73.848147, 40.83306 ], [ -73.847979, 40.832339 ], [ -73.85104, 40.831928 ], [ -73.850871, 40.83121 ], [ -73.847812, 40.831622 ], [ -73.844753, 40.832035 ], [ -73.844577, 40.831302 ], [ -73.844415, 40.830599 ], [ -73.843096, 40.830782 ], [ -73.842671, 40.830857 ], [ -73.842548, 40.831056 ], [ -73.842416, 40.831207 ], [ -73.842279, 40.831267 ], [ -73.841915, 40.83081 ], [ -73.842028, 40.830508 ], [ -73.842189, 40.83031 ], [ -73.842331, 40.829941 ], [ -73.842368, 40.829431 ], [ -73.842311, 40.829079 ], [ -73.842314, 40.828923 ], [ -73.842308, 40.828799 ], [ -73.842346, 40.828795 ], [ -73.842387, 40.82879 ], [ -73.842385, 40.828688 ], [ -73.842812, 40.828637 ], [ -73.842748, 40.828544 ], [ -73.842736, 40.828528 ], [ -73.842667, 40.828342 ], [ -73.842653, 40.828263 ], [ -73.84267, 40.82804 ], [ -73.842667, 40.827997 ], [ -73.84265, 40.827909 ], [ -73.842363, 40.827943 ], [ -73.842331, 40.827873 ], [ -73.842297, 40.827831 ], [ -73.842235, 40.827777 ], [ -73.838906, 40.821118 ], [ -73.842106, 40.814444 ], [ -73.842449, 40.813438 ], [ -73.84463, 40.813697 ], [ -73.844751, 40.813718 ], [ -73.845743, 40.813896 ], [ -73.845244, 40.815006 ], [ -73.845071, 40.815419 ], [ -73.843995, 40.817246 ], [ -73.843881, 40.817391 ], [ -73.844486, 40.817315 ], [ -73.845496, 40.817181 ], [ -73.846478, 40.817049 ], [ -73.847539, 40.816905 ], [ -73.848588, 40.816765 ], [ -73.848112, 40.814687 ], [ -73.849097, 40.814551 ], [ -73.850115, 40.814419 ], [ -73.850899, 40.814344 ], [ -73.851145, 40.814396 ], [ -73.851629, 40.816354 ], [ -73.85362, 40.816088 ], [ -73.854718, 40.815942 ], [ -73.855517, 40.815833 ], [ -73.856783, 40.815662 ], [ -73.85778, 40.81553 ], [ -73.858703, 40.815405 ], [ -73.859198, 40.817511 ], [ -73.860122, 40.817389 ], [ -73.860612, 40.819497 ], [ -73.861531, 40.819379 ], [ -73.862464, 40.819247 ], [ -73.86298, 40.821384 ], [ -73.862029, 40.821509 ], [ -73.861114, 40.821632 ], [ -73.860193, 40.821757 ], [ -73.859262, 40.821882 ], [ -73.858264, 40.822013 ], [ -73.858445, 40.822774 ], [ -73.858789, 40.824209 ], [ -73.859407, 40.825621 ], [ -73.859538, 40.825912 ], [ -73.859586, 40.826017 ], [ -73.859703, 40.826277 ], [ -73.861207, 40.826087 ], [ -73.861717, 40.828296 ], [ -73.862642, 40.82817 ], [ -73.863572, 40.828049 ], [ -73.864494, 40.827926 ], [ -73.86542, 40.827802 ], [ -73.866346, 40.82768 ], [ -73.867268, 40.827554 ], [ -73.868223, 40.827426 ], [ -73.86872, 40.829558 ], [ -73.869682, 40.829428 ], [ -73.870007, 40.83082 ], [ -73.870903, 40.830563 ], [ -73.871794, 40.830305 ], [ -73.872755, 40.830028 ], [ -73.87322, 40.832022 ], [ -73.873633, 40.834277 ], [ -73.873954, 40.834237 ], [ -73.87406, 40.834223 ], [ -73.874406, 40.834176 ], [ -73.874742, 40.83413 ], [ -73.874951, 40.835046 ], [ -73.875105, 40.835671 ], [ -73.875207, 40.836109 ], [ -73.875887, 40.836164 ], [ -73.876125, 40.836183 ], [ -73.876623, 40.836214 ], [ -73.876937, 40.836137 ], [ -73.876455, 40.836387 ], [ -73.876399, 40.836455 ], [ -73.876942, 40.836505 ], [ -73.877615, 40.836569 ], [ -73.879332, 40.836973 ], [ -73.880163, 40.837256 ], [ -73.880599, 40.837419 ], [ -73.880706, 40.837471 ], [ -73.88079, 40.837512 ], [ -73.88172, 40.837954 ], [ -73.882741, 40.838644 ], [ -73.88288, 40.838728 ], [ -73.882992, 40.838796 ], [ -73.883468, 40.839057 ], [ -73.883811, 40.839469 ], [ -73.883938, 40.839573 ], [ -73.884918, 40.840063 ], [ -73.885684, 40.84051 ], [ -73.88545, 40.841752 ] ] ] ] } },
{ "type": "Feature", "properties": { "assembly district": 43 }, "geometry": { "type": "MultiPolygon", "coordinates": [ [ [ [ -73.963075, 40.66217 ], [ -73.963052, 40.662298 ], [ -73.963011, 40.662416 ], [ -73.96295, 40.66253 ], [ -73.962884, 40.662622 ], [ -73.962429, 40.663125 ], [ -73.961939, 40.663224 ], [ -73.960956, 40.663285 ], [ -73.960615, 40.663303 ], [ -73.959739, 40.663361 ], [ -73.95721, 40.663517 ], [ -73.953849, 40.663728 ], [ -73.953787, 40.664514 ], [ -73.95369, 40.665549 ], [ -73.953606, 40.66644 ], [ -73.953521, 40.667333 ], [ -73.953439, 40.668224 ], [ -73.953353, 40.669115 ], [ -73.953289, 40.669796 ], [ -73.95327, 40.670007 ], [ -73.953249, 40.670227 ], [ -73.953187, 40.670898 ], [ -73.953102, 40.671791 ], [ -73.953019, 40.672681 ], [ -73.952937, 40.673571 ], [ -73.952849, 40.674462 ], [ -73.952768, 40.675355 ], [ -73.952687, 40.676245 ], [ -73.949915, 40.676096 ], [ -73.947146, 40.675944 ], [ -73.947108, 40.676348 ], [ -73.947089, 40.676557 ], [ -73.947074, 40.676723 ], [ -73.944303, 40.676572 ], [ -73.941705, 40.67643 ], [ -73.941535, 40.676421 ], [ -73.941609, 40.675643 ], [ -73.941694, 40.674748 ], [ -73.941775, 40.673859 ], [ -73.94186, 40.672968 ], [ -73.940764, 40.67291 ], [ -73.939971, 40.672867 ], [ -73.939076, 40.672826 ], [ -73.939177, 40.671926 ], [ -73.93926, 40.671033 ], [ -73.940931, 40.671126 ], [ -73.94203, 40.671185 ], [ -73.942106, 40.670342 ], [ -73.942176, 40.669605 ], [ -73.942196, 40.669403 ], [ -73.939427, 40.669252 ], [ -73.936657, 40.669101 ], [ -73.933888, 40.66895 ], [ -73.931119, 40.668798 ], [ -73.93114, 40.668581 ], [ -73.931214, 40.667825 ], [ -73.931291, 40.667015 ], [ -73.931381, 40.666126 ], [ -73.931455, 40.665234 ], [ -73.931539, 40.664343 ], [ -73.931607, 40.663557 ], [ -73.931579, 40.66323 ], [ -73.931556, 40.662756 ], [ -73.93148, 40.662051 ], [ -73.931406, 40.661331 ], [ -73.931325, 40.660594 ], [ -73.932336, 40.660532 ], [ -73.932203, 40.659288 ], [ -73.93209, 40.658235 ], [ -73.931723, 40.658257 ], [ -73.931083, 40.658296 ], [ -73.930903, 40.65661 ], [ -73.931306, 40.656581 ], [ -73.931907, 40.656537 ], [ -73.932847, 40.656478 ], [ -73.932706, 40.655216 ], [ -73.933676, 40.655156 ], [ -73.93381, 40.656423 ], [ -73.934784, 40.656361 ], [ -73.934645, 40.655096 ], [ -73.935578, 40.655039 ], [ -73.936548, 40.654976 ], [ -73.937518, 40.654916 ], [ -73.938454, 40.654858 ], [ -73.939424, 40.654799 ], [ -73.93926, 40.653267 ], [ -73.94023, 40.653207 ], [ -73.941164, 40.653149 ], [ -73.942098, 40.653091 ], [ -73.943029, 40.653033 ], [ -73.944002, 40.652973 ], [ -73.9438, 40.651106 ], [ -73.94477, 40.651064 ], [ -73.945706, 40.651006 ], [ -73.946674, 40.650948 ], [ -73.947656, 40.650899 ], [ -73.947467, 40.649039 ], [ -73.948401, 40.648982 ], [ -73.94937, 40.648923 ], [ -73.949465, 40.64978 ], [ -73.949571, 40.650807 ], [ -73.949669, 40.651698 ], [ -73.952563, 40.651546 ], [ -73.955907, 40.651369 ], [ -73.958014, 40.651261 ], [ -73.958926, 40.651212 ], [ -73.959151, 40.652145 ], [ -73.959329, 40.652928 ], [ -73.960423, 40.652556 ], [ -73.961407, 40.65217 ], [ -73.961597, 40.653173 ], [ -73.961726, 40.65389 ], [ -73.961759, 40.654071 ], [ -73.9619, 40.654871 ], [ -73.962444, 40.658315 ], [ -73.962462, 40.658425 ], [ -73.962814, 40.660504 ], [ -73.963077, 40.66213 ], [ -73.963075, 40.66217 ] ] ] ] } },
{ "type": "Feature", "properties": { "assembly district": 40 }, "geometry": { "type": "MultiPolygon", "coordinates": [ [ [ [ -73.840109, 40.764162 ], [ -73.840099, 40.764211 ], [ -73.840021, 40.76455 ], [ -73.839961, 40.764754 ], [ -73.839863, 40.764995 ], [ -73.839725, 40.765284 ], [ -73.839538, 40.765224 ], [ -73.839417, 40.765428 ], [ -73.839121, 40.765983 ], [ -73.839132, 40.765991 ], [ -73.839256, 40.766034 ], [ -73.839319, 40.766054 ], [ -73.838829, 40.766725 ], [ -73.83871, 40.766895 ], [ -73.838164, 40.767725 ], [ -73.837292, 40.768689 ], [ -73.836732, 40.769222 ], [ -73.836269, 40.76961 ], [ -73.83548, 40.770142 ], [ -73.835178, 40.770346 ], [ -73.834376, 40.770892 ], [ -73.834035, 40.771086 ], [ -73.833428, 40.771434 ], [ -73.833133, 40.77161 ], [ -73.832789, 40.771807 ], [ -73.832522, 40.771964 ], [ -73.832438, 40.772014 ], [ -73.832178, 40.772175 ], [ -73.831833, 40.772388 ], [ -73.831713, 40.772474 ], [ -73.831593, 40.77256 ], [ -73.831127, 40.772943 ], [ -73.831, 40.773047 ], [ -73.830633, 40.773361 ], [ -73.83054, 40.773437 ], [ -73.83022, 40.773759 ], [ -73.830157, 40.773825 ], [ -73.829852, 40.774163 ], [ -73.829512, 40.774569 ], [ -73.829279, 40.774882 ], [ -73.829185, 40.775018 ], [ -73.828965, 40.775311 ], [ -73.828883, 40.775427 ], [ -73.828528, 40.776007 ], [ -73.828239, 40.77646 ], [ -73.828103, 40.776694 ], [ -73.827101, 40.77842 ], [ -73.826298, 40.779803 ], [ -73.826235, 40.779921 ], [ -73.825929, 40.779808 ], [ -73.825667, 40.77973 ], [ -73.824505, 40.779353 ], [ -73.823547, 40.779036 ], [ -73.823313, 40.779579 ], [ -73.822918, 40.780536 ], [ -73.821209, 40.780243 ], [ -73.821178, 40.780415 ], [ -73.819173, 40.78025 ], [ -73.817145, 40.780089 ], [ -73.814395, 40.779871 ], [ -73.812204, 40.779698 ], [ -73.808989, 40.779443 ], [ -73.80613, 40.779217 ], [ -73.806005, 40.779925 ], [ -73.805111, 40.779039 ], [ -73.804801, 40.77912 ], [ -73.803327, 40.778996 ], [ -73.801644, 40.778864 ], [ -73.801173, 40.778166 ], [ -73.800682, 40.777562 ], [ -73.800584, 40.777466 ], [ -73.799946, 40.776741 ], [ -73.797994, 40.776587 ], [ -73.798088, 40.775877 ], [ -73.798169, 40.775163 ], [ -73.798233, 40.774848 ], [ -73.7983, 40.77445 ], [ -73.798335, 40.77415 ], [ -73.798384, 40.773747 ], [ -73.797593, 40.773682 ], [ -73.798456, 40.773197 ], [ -73.798719, 40.773054 ], [ -73.799481, 40.772671 ], [ -73.799962, 40.772436 ], [ -73.800481, 40.772202 ], [ -73.800641, 40.771054 ], [ -73.800894, 40.769191 ], [ -73.801082, 40.767815 ], [ -73.801428, 40.765286 ], [ -73.801781, 40.762703 ], [ -73.801889, 40.761898 ], [ -73.802076, 40.761753 ], [ -73.801915, 40.761661 ], [ -73.801937, 40.761536 ], [ -73.802049, 40.760836 ], [ -73.801191, 40.760198 ], [ -73.800834, 40.759971 ], [ -73.801238, 40.759901 ], [ -73.80125, 40.759828 ], [ -73.802153, 40.759987 ], [ -73.802335, 40.7586 ], [ -73.80266, 40.756252 ], [ -73.803007, 40.753699 ], [ -73.803946, 40.753699 ], [ -73.804445, 40.75373 ], [ -73.804326, 40.753112 ], [ -73.804176, 40.752467 ], [ -73.804066, 40.75215 ], [ -73.803934, 40.751839 ], [ -73.803779, 40.751534 ], [ -73.804241, 40.751565 ], [ -73.805174, 40.75164 ], [ -73.806111, 40.751711 ], [ -73.807043, 40.751786 ], [ -73.807975, 40.751858 ], [ -73.808909, 40.751933 ], [ -73.809835, 40.752006 ], [ -73.810768, 40.752079 ], [ -73.812356, 40.7522 ], [ -73.812735, 40.752939 ], [ -73.814067, 40.752083 ], [ -73.814651, 40.752604 ], [ -73.815251, 40.753138 ], [ -73.815942, 40.752691 ], [ -73.817721, 40.754276 ], [ -73.818408, 40.75383 ], [ -73.819092, 40.753385 ], [ -73.819778, 40.752937 ], [ -73.820849, 40.752242 ], [ -73.821925, 40.753167 ], [ -73.822803, 40.75388 ], [ -73.822909, 40.753968 ], [ -73.823804, 40.753271 ], [ -73.824131, 40.753017 ], [ -73.824993, 40.752537 ], [ -73.825445, 40.752944 ], [ -73.825508, 40.753 ], [ -73.825758, 40.753231 ], [ -73.826082, 40.753529 ], [ -73.827144, 40.75451 ], [ -73.827825, 40.754251 ], [ -73.829867, 40.753495 ], [ -73.830138, 40.753915 ], [ -73.832601, 40.753007 ], [ -73.832391, 40.752317 ], [ -73.832295, 40.751942 ], [ -73.835602, 40.751395 ], [ -73.835998, 40.752006 ], [ -73.837014, 40.754027 ], [ -73.837674, 40.754114 ], [ -73.837917, 40.754541 ], [ -73.837987, 40.754682 ], [ -73.838054, 40.75483 ], [ -73.838134, 40.755038 ], [ -73.838211, 40.755253 ], [ -73.838305, 40.755633 ], [ -73.838406, 40.756101 ], [ -73.838619, 40.757045 ], [ -73.838618, 40.757091 ], [ -73.838713, 40.757716 ], [ -73.83882, 40.758383 ], [ -73.838779, 40.759248 ], [ -73.83869, 40.759747 ], [ -73.838875, 40.759745 ], [ -73.83884, 40.759926 ], [ -73.838815, 40.76008 ], [ -73.838795, 40.760249 ], [ -73.838782, 40.760418 ], [ -73.83879, 40.760582 ], [ -73.838808, 40.760734 ], [ -73.838834, 40.760883 ], [ -73.838867, 40.76105 ], [ -73.83891, 40.761201 ], [ -73.838966, 40.76133 ], [ -73.839106, 40.761637 ], [ -73.839254, 40.761908 ], [ -73.839614, 40.762473 ], [ -73.839691, 40.762587 ], [ -73.839788, 40.762748 ], [ -73.839896, 40.762965 ], [ -73.839983, 40.763189 ], [ -73.840048, 40.763416 ], [ -73.840089, 40.763644 ], [ -73.840103, 40.764057 ], [ -73.840109, 40.764162 ] ] ] ] } },
{ "type": "Feature", "properties": { "assembly district": 69 }, "geometry": { "type": "MultiPolygon", "coordinates": [ [ [ [ -73.986277, 40.795556 ], [ -73.986256, 40.795585 ], [ -73.984904, 40.797436 ], [ -73.984739, 40.797662 ], [ -73.984362, 40.798179 ], [ -73.982655, 40.800516 ], [ -73.982516, 40.800706 ], [ -73.980634, 40.803283 ], [ -73.979094, 40.805392 ], [ -73.978864, 40.805707 ], [ -73.977172, 40.808025 ], [ -73.975085, 40.810882 ], [ -73.973487, 40.813071 ], [ -73.971616, 40.815633 ], [ -73.971152, 40.816269 ], [ -73.966411, 40.814405 ], [ -73.965379, 40.813959 ], [ -73.965105, 40.813821 ], [ -73.964865, 40.813713 ], [ -73.964645, 40.813581 ], [ -73.964585, 40.813547 ], [ -73.963809, 40.813107 ], [ -73.963016, 40.812624 ], [ -73.962554, 40.812435 ], [ -73.962106, 40.812252 ], [ -73.960687, 40.814192 ], [ -73.959679, 40.813776 ], [ -73.959235, 40.814384 ], [ -73.958701, 40.81512 ], [ -73.958575, 40.815068 ], [ -73.958298, 40.81434 ], [ -73.958023, 40.814715 ], [ -73.957546, 40.814834 ], [ -73.956984, 40.814193 ], [ -73.956269, 40.813375 ], [ -73.955739, 40.812766 ], [ -73.955508, 40.8125 ], [ -73.954835, 40.811725 ], [ -73.954288, 40.810992 ], [ -73.954513, 40.810687 ], [ -73.954966, 40.810064 ], [ -73.956801, 40.810839 ], [ -73.957808, 40.811264 ], [ -73.958272, 40.810629 ], [ -73.957091, 40.81008 ], [ -73.957245, 40.809404 ], [ -73.958241, 40.80981 ], [ -73.958726, 40.810008 ], [ -73.958938, 40.809721 ], [ -73.959217, 40.809341 ], [ -73.959648, 40.808754 ], [ -73.95994, 40.808349 ], [ -73.960106, 40.80812 ], [ -73.959791, 40.80799 ], [ -73.958407, 40.807419 ], [ -73.959357, 40.806121 ], [ -73.959826, 40.805435 ], [ -73.960205, 40.805589 ], [ -73.961548, 40.806136 ], [ -73.962008, 40.805509 ], [ -73.960074, 40.804706 ], [ -73.960319, 40.803992 ], [ -73.960916, 40.802262 ], [ -73.961077, 40.8018 ], [ -73.960158, 40.801386 ], [ -73.959647, 40.801156 ], [ -73.959147, 40.801844 ], [ -73.957696, 40.801232 ], [ -73.957944, 40.800893 ], [ -73.957993, 40.800827 ], [ -73.957887, 40.800757 ], [ -73.957824, 40.800682 ], [ -73.957781, 40.800558 ], [ -73.957798, 40.800479 ], [ -73.957868, 40.800399 ], [ -73.957938, 40.800355 ], [ -73.958033, 40.800315 ], [ -73.95813, 40.800298 ], [ -73.958227, 40.800301 ], [ -73.958354, 40.800337 ], [ -73.958619, 40.799977 ], [ -73.959077, 40.799352 ], [ -73.959537, 40.798719 ], [ -73.960037, 40.798038 ], [ -73.960523, 40.797369 ], [ -73.960979, 40.796738 ], [ -73.96144, 40.796111 ], [ -73.961899, 40.79548 ], [ -73.962359, 40.794852 ], [ -73.962834, 40.794203 ], [ -73.963223, 40.793675 ], [ -73.963711, 40.793013 ], [ -73.963804, 40.792881 ], [ -73.963897, 40.792751 ], [ -73.964176, 40.792362 ], [ -73.96256, 40.791635 ], [ -73.962372, 40.791573 ], [ -73.962063, 40.791457 ], [ -73.961792, 40.791338 ], [ -73.961583, 40.791236 ], [ -73.961326, 40.791099 ], [ -73.961065, 40.79094 ], [ -73.960832, 40.790782 ], [ -73.960677, 40.79067 ], [ -73.960485, 40.790553 ], [ -73.96027, 40.790442 ], [ -73.960063, 40.790353 ], [ -73.959847, 40.790276 ], [ -73.959594, 40.790205 ], [ -73.959397, 40.790163 ], [ -73.959178, 40.790128 ], [ -73.958994, 40.790087 ], [ -73.958771, 40.790027 ], [ -73.958525, 40.789948 ], [ -73.958259, 40.789844 ], [ -73.957394, 40.789475 ], [ -73.95675, 40.789204 ], [ -73.955275, 40.788584 ], [ -73.955528, 40.788245 ], [ -73.955778, 40.787914 ], [ -73.956262, 40.787223 ], [ -73.956718, 40.786601 ], [ -73.957168, 40.785983 ], [ -73.957636, 40.785344 ], [ -73.958096, 40.784718 ], [ -73.958558, 40.784098 ], [ -73.959004, 40.783467 ], [ -73.959469, 40.782833 ], [ -73.959921, 40.782213 ], [ -73.960416, 40.781532 ], [ -73.960919, 40.78085 ], [ -73.961361, 40.780241 ], [ -73.961839, 40.779584 ], [ -73.962303, 40.778947 ], [ -73.962768, 40.778313 ], [ -73.963131, 40.777812 ], [ -73.96316, 40.777772 ], [ -73.96323, 40.777677 ], [ -73.963729, 40.776994 ], [ -73.964416, 40.77735 ], [ -73.964784, 40.77765 ], [ -73.965171, 40.777902 ], [ -73.965703, 40.778057 ], [ -73.966464, 40.778186 ], [ -73.967348, 40.778376 ], [ -73.968209, 40.778724 ], [ -73.969593, 40.779344 ], [ -73.970738, 40.779816 ], [ -73.971029, 40.779945 ], [ -73.971387, 40.78021 ], [ -73.971528, 40.780383 ], [ -73.971593, 40.780567 ], [ -73.971626, 40.780784 ], [ -73.971636, 40.780947 ], [ -73.971582, 40.781142 ], [ -73.971474, 40.781489 ], [ -73.971441, 40.78164 ], [ -73.971474, 40.781738 ], [ -73.971539, 40.781868 ], [ -73.971724, 40.782021 ], [ -73.971223, 40.782706 ], [ -73.974058, 40.783901 ], [ -73.97454, 40.783242 ], [ -73.974985, 40.78263 ], [ -73.977827, 40.783831 ], [ -73.977365, 40.784464 ], [ -73.976902, 40.785098 ], [ -73.976439, 40.785735 ], [ -73.975976, 40.786369 ], [ -73.975513, 40.787003 ], [ -73.975284, 40.787319 ], [ -73.975016, 40.787687 ], [ -73.974522, 40.78836 ], [ -73.974064, 40.788989 ], [ -73.973607, 40.789615 ], [ -73.973147, 40.790244 ], [ -73.972458, 40.789955 ], [ -73.972177, 40.790352 ], [ -73.972187, 40.790385 ], [ -73.972041, 40.790597 ], [ -73.972508, 40.790793 ], [ -73.97269, 40.79087 ], [ -73.972593, 40.791002 ], [ -73.972233, 40.791498 ], [ -73.971773, 40.792127 ], [ -73.973195, 40.792725 ], [ -73.974616, 40.793325 ], [ -73.975075, 40.792696 ], [ -73.975367, 40.792293 ], [ -73.975531, 40.792069 ], [ -73.975989, 40.791438 ], [ -73.977691, 40.792164 ], [ -73.97867, 40.791752 ], [ -73.978755, 40.791718 ], [ -73.9789, 40.791648 ], [ -73.979068, 40.791546 ], [ -73.97919, 40.791453 ], [ -73.9793, 40.791352 ], [ -73.979395, 40.791245 ], [ -73.979862, 40.790614 ], [ -73.980357, 40.789941 ], [ -73.981595, 40.790384 ], [ -73.981766, 40.790455 ], [ -73.981932, 40.790548 ], [ -73.98815, 40.792991 ], [ -73.986277, 40.795556 ] ] ] ] } },
{ "type": "Feature", "properties": { "assembly district": 62 }, "geometry": { "type": "MultiPolygon", "coordinates": [ [ [ [ -74.258754, 40.500103 ], [ -74.258704, 40.500789 ], [ -74.258596, 40.502281 ], [ -74.258576, 40.502545 ], [ -74.258559, 40.502782 ], [ -74.258392, 40.505079 ], [ -74.258313, 40.506178 ], [ -74.25829, 40.506494 ], [ -74.258186, 40.507919 ], [ -74.258169, 40.508163 ], [ -74.258129, 40.508717 ], [ -74.257233, 40.510259 ], [ -74.256984, 40.510688 ], [ -74.256287, 40.511887 ], [ -74.25571, 40.512881 ], [ -74.25476, 40.514517 ], [ -74.254095, 40.515661 ], [ -74.254048, 40.515692 ], [ -74.253017, 40.516369 ], [ -74.24602, 40.520958 ], [ -74.246027, 40.520995 ], [ -74.246083, 40.521275 ], [ -74.246782, 40.524771 ], [ -74.246834, 40.525032 ], [ -74.247461, 40.528171 ], [ -74.249735, 40.539551 ], [ -74.249937, 40.54056 ], [ -74.250284, 40.5423 ], [ -74.249192, 40.545062 ], [ -74.248982, 40.545592 ], [ -74.247527, 40.54927 ], [ -74.247484, 40.549377 ], [ -74.23964, 40.554166 ], [ -74.239135, 40.554472 ], [ -74.232134, 40.558743 ], [ -74.231415, 40.559182 ], [ -74.228306, 40.55869 ], [ -74.227412, 40.558548 ], [ -74.218003, 40.557058 ], [ -74.216495, 40.558588 ], [ -74.212411, 40.557905 ], [ -74.212635, 40.557653 ], [ -74.21271, 40.557484 ], [ -74.2127, 40.5574 ], [ -74.212804, 40.557259 ], [ -74.213066, 40.557138 ], [ -74.213141, 40.557034 ], [ -74.213207, 40.55695 ], [ -74.213291, 40.556828 ], [ -74.213385, 40.556659 ], [ -74.213535, 40.556528 ], [ -74.213591, 40.556528 ], [ -74.213572, 40.556613 ], [ -74.213507, 40.556744 ], [ -74.213516, 40.556809 ], [ -74.213469, 40.557044 ], [ -74.213394, 40.557184 ], [ -74.213422, 40.557241 ], [ -74.213507, 40.557353 ], [ -74.213713, 40.557522 ], [ -74.213882, 40.557653 ], [ -74.214004, 40.557738 ], [ -74.214182, 40.5577 ], [ -74.214172, 40.557634 ], [ -74.214079, 40.55755 ], [ -74.213947, 40.557475 ], [ -74.213844, 40.557419 ], [ -74.213694, 40.557316 ], [ -74.213703, 40.557225 ], [ -74.2139, 40.557184 ], [ -74.214182, 40.557119 ], [ -74.214238, 40.557081 ], [ -74.214285, 40.556997 ], [ -74.214332, 40.556978 ], [ -74.214463, 40.557175 ], [ -74.214604, 40.557119 ], [ -74.214575, 40.556978 ], [ -74.214725, 40.556903 ], [ -74.2148, 40.556884 ], [ -74.214904, 40.556753 ], [ -74.21496, 40.556594 ], [ -74.21495, 40.556519 ], [ -74.214904, 40.556434 ], [ -74.214894, 40.556322 ], [ -74.214904, 40.556272 ], [ -74.214997, 40.556116 ], [ -74.21511, 40.556031 ], [ -74.215466, 40.555919 ], [ -74.21571, 40.55575 ], [ -74.21586, 40.555647 ], [ -74.216066, 40.555544 ], [ -74.216282, 40.555516 ], [ -74.21645, 40.555488 ], [ -74.216666, 40.555431 ], [ -74.21747, 40.555131 ], [ -74.217209, 40.554715 ], [ -74.215258, 40.555437 ], [ -74.215183, 40.555468 ], [ -74.215036, 40.555516 ], [ -74.21485, 40.55556 ], [ -74.214691, 40.555581 ], [ -74.214541, 40.555591 ], [ -74.214372, 40.555588 ], [ -74.213502, 40.555668 ], [ -74.21289, 40.556005 ], [ -74.212594, 40.556209 ], [ -74.212329, 40.556367 ], [ -74.212009, 40.556514 ], [ -74.211257, 40.55679 ], [ -74.210589, 40.557021 ], [ -74.210315, 40.557092 ], [ -74.209804, 40.557186 ], [ -74.209089, 40.557323 ], [ -74.208254, 40.55743 ], [ -74.207709, 40.557517 ], [ -74.207032, 40.557616 ], [ -74.206461, 40.55759 ], [ -74.205704, 40.557502 ], [ -74.205145, 40.557347 ], [ -74.204932, 40.557213 ], [ -74.203985, 40.556617 ], [ -74.203343, 40.556133 ], [ -74.203213, 40.555776 ], [ -74.20291, 40.554945 ], [ -74.202628, 40.554343 ], [ -74.202248, 40.55357 ], [ -74.202162, 40.55336 ], [ -74.201851, 40.552689 ], [ -74.20097, 40.55079 ], [ -74.200144, 40.548801 ], [ -74.199623, 40.548929 ], [ -74.199739, 40.549214 ], [ -74.198948, 40.549401 ], [ -74.198171, 40.549579 ], [ -74.197433, 40.54996 ], [ -74.197, 40.550003 ], [ -74.19674, 40.55074 ], [ -74.196307, 40.550891 ], [ -74.195331, 40.551195 ], [ -74.194486, 40.551325 ], [ -74.194118, 40.551606 ], [ -74.193425, 40.552235 ], [ -74.192363, 40.552408 ], [ -74.191605, 40.552603 ], [ -74.191428, 40.552801 ], [ -74.191015, 40.552399 ], [ -74.190732, 40.552116 ], [ -74.190145, 40.551601 ], [ -74.190971, 40.550968 ], [ -74.188076, 40.549523 ], [ -74.187573, 40.550147 ], [ -74.1886, 40.550687 ], [ -74.187074, 40.552424 ], [ -74.187813, 40.552821 ], [ -74.188265, 40.553275 ], [ -74.186921, 40.554066 ], [ -74.186093, 40.554549 ], [ -74.185657, 40.554096 ], [ -74.185755, 40.553981 ], [ -74.18532, 40.553765 ], [ -74.184889, 40.55355 ], [ -74.184645, 40.553807 ], [ -74.184539, 40.553912 ], [ -74.184152, 40.554296 ], [ -74.183469, 40.554931 ], [ -74.183181, 40.555201 ], [ -74.18267, 40.553342 ], [ -74.18256, 40.552945 ], [ -74.1825, 40.552636 ], [ -74.182385, 40.552055 ], [ -74.182092, 40.551104 ], [ -74.181348, 40.550673 ], [ -74.180503, 40.550358 ], [ -74.179799, 40.551141 ], [ -74.179943, 40.551877 ], [ -74.178156, 40.552113 ], [ -74.177463, 40.553411 ], [ -74.17662, 40.554991 ], [ -74.176116, 40.555937 ], [ -74.17639, 40.557279 ], [ -74.176463, 40.557634 ], [ -74.176742, 40.558962 ], [ -74.176882, 40.559603 ], [ -74.177025, 40.560348 ], [ -74.177174, 40.561063 ], [ -74.177308, 40.561775 ], [ -74.177425, 40.562463 ], [ -74.177604, 40.563669 ], [ -74.177618, 40.563804 ], [ -74.176594, 40.563241 ], [ -74.176281, 40.561905 ], [ -74.175251, 40.562039 ], [ -74.175094, 40.561335 ], [ -74.173546, 40.561535 ], [ -74.172738, 40.561639 ], [ -74.172446, 40.561679 ], [ -74.172255, 40.561704 ], [ -74.171878, 40.561566 ], [ -74.171543, 40.561439 ], [ -74.171286, 40.561343 ], [ -74.169827, 40.561078 ], [ -74.16689, 40.560476 ], [ -74.165894, 40.560283 ], [ -74.16555, 40.560642 ], [ -74.164993, 40.561447 ], [ -74.164892, 40.562065 ], [ -74.164853, 40.56234 ], [ -74.164766, 40.562951 ], [ -74.164531, 40.564613 ], [ -74.164439, 40.565253 ], [ -74.164402, 40.565515 ], [ -74.164387, 40.565625 ], [ -74.164275, 40.565693 ], [ -74.162562, 40.566732 ], [ -74.157661, 40.568537 ], [ -74.157163, 40.56872 ], [ -74.156877, 40.568825 ], [ -74.155259, 40.56942 ], [ -74.152631, 40.570387 ], [ -74.151613, 40.570763 ], [ -74.152, 40.570248 ], [ -74.151767, 40.569978 ], [ -74.151761, 40.570225 ], [ -74.151447, 40.570334 ], [ -74.150946, 40.570075 ], [ -74.150921, 40.56966 ], [ -74.150325, 40.56968 ], [ -74.150235, 40.569632 ], [ -74.149838, 40.569357 ], [ -74.147897, 40.570888 ], [ -74.147235, 40.571461 ], [ -74.14699, 40.572013 ], [ -74.146859, 40.5723 ], [ -74.146594, 40.572875 ], [ -74.146576, 40.572903 ], [ -74.146556, 40.572959 ], [ -74.146553, 40.573023 ], [ -74.14657, 40.573082 ], [ -74.146606, 40.57314 ], [ -74.146662, 40.573188 ], [ -74.146732, 40.573225 ], [ -74.146797, 40.573244 ], [ -74.146872, 40.573253 ], [ -74.146941, 40.573249 ], [ -74.147016, 40.573233 ], [ -74.147059, 40.573304 ], [ -74.147097, 40.573396 ], [ -74.147118, 40.573494 ], [ -74.147119, 40.573603 ], [ -74.147099, 40.573703 ], [ -74.147061, 40.5738 ], [ -74.147015, 40.573876 ], [ -74.146941, 40.573964 ], [ -74.146853, 40.57404 ], [ -74.14683, 40.574081 ], [ -74.146814, 40.574136 ], [ -74.146817, 40.574194 ], [ -74.146837, 40.57425 ], [ -74.146881, 40.574306 ], [ -74.146938, 40.574348 ], [ -74.147018, 40.574422 ], [ -74.147129, 40.57455 ], [ -74.147205, 40.574666 ], [ -74.147259, 40.574771 ], [ -74.147342, 40.574902 ], [ -74.147475, 40.575089 ], [ -74.147627, 40.575276 ], [ -74.147798, 40.575462 ], [ -74.147957, 40.575613 ], [ -74.14785, 40.575649 ], [ -74.147699, 40.575688 ], [ -74.147576, 40.575713 ], [ -74.147387, 40.57574 ], [ -74.147207, 40.575751 ], [ -74.147016, 40.575749 ], [ -74.146986, 40.575803 ], [ -74.146925, 40.575866 ], [ -74.146848, 40.575913 ], [ -74.146787, 40.575938 ], [ -74.146732, 40.575951 ], [ -74.146641, 40.575961 ], [ -74.146554, 40.575955 ], [ -74.146464, 40.575934 ], [ -74.146391, 40.575902 ], [ -74.146255, 40.575911 ], [ -74.146137, 40.575902 ], [ -74.146043, 40.575881 ], [ -74.145945, 40.575845 ], [ -74.145866, 40.575803 ], [ -74.145798, 40.575755 ], [ -74.145741, 40.575721 ], [ -74.145666, 40.575691 ], [ -74.145593, 40.575674 ], [ -74.145519, 40.575666 ], [ -74.145436, 40.57567 ], [ -74.144957, 40.575735 ], [ -74.143438, 40.576161 ], [ -74.143421, 40.57608 ], [ -74.143408, 40.576034 ], [ -74.143374, 40.575929 ], [ -74.142961, 40.575979 ], [ -74.142668, 40.576029 ], [ -74.142398, 40.576085 ], [ -74.142256, 40.57612 ], [ -74.140932, 40.575738 ], [ -74.140252, 40.575802 ], [ -74.13918, 40.575657 ], [ -74.138765, 40.575715 ], [ -74.136935, 40.575919 ], [ -74.135274, 40.576121 ], [ -74.135105, 40.576141 ], [ -74.134897, 40.576167 ], [ -74.133381, 40.576357 ], [ -74.133307, 40.576367 ], [ -74.133167, 40.57641 ], [ -74.131545, 40.576908 ], [ -74.12922, 40.577668 ], [ -74.128871, 40.577023 ], [ -74.127249, 40.577551 ], [ -74.126935, 40.578391 ], [ -74.126892, 40.57849 ], [ -74.12687, 40.578595 ], [ -74.126871, 40.57871 ], [ -74.12689, 40.578799 ], [ -74.126932, 40.5789 ], [ -74.126967, 40.578958 ], [ -74.127115, 40.579179 ], [ -74.127492, 40.579788 ], [ -74.127218, 40.579916 ], [ -74.126916, 40.580073 ], [ -74.126651, 40.580225 ], [ -74.126387, 40.580391 ], [ -74.126141, 40.580561 ], [ -74.1262, 40.58116 ], [ -74.126394, 40.582513 ], [ -74.126528, 40.582492 ], [ -74.126677, 40.582482 ], [ -74.126838, 40.582484 ], [ -74.126997, 40.582502 ], [ -74.127141, 40.582529 ], [ -74.127823, 40.583088 ], [ -74.129141, 40.584165 ], [ -74.128937, 40.585014 ], [ -74.128981, 40.585362 ], [ -74.129102, 40.586291 ], [ -74.127782, 40.587449 ], [ -74.1278, 40.588319 ], [ -74.127821, 40.589437 ], [ -74.126385, 40.590725 ], [ -74.126285, 40.593455 ], [ -74.125789, 40.594267 ], [ -74.122643, 40.599419 ], [ -74.122294, 40.599687 ], [ -74.122387, 40.600639 ], [ -74.12143, 40.600678 ], [ -74.120772, 40.600672 ], [ -74.120554, 40.601023 ], [ -74.12057, 40.601236 ], [ -74.120596, 40.60181 ], [ -74.119576, 40.601817 ], [ -74.117838, 40.601858 ], [ -74.116844, 40.601895 ], [ -74.114871, 40.602137 ], [ -74.113383, 40.60057 ], [ -74.113023, 40.600135 ], [ -74.111302, 40.598208 ], [ -74.11132, 40.597551 ], [ -74.11131, 40.597057 ], [ -74.110786, 40.596127 ], [ -74.110378, 40.5953 ], [ -74.108913, 40.595821 ], [ -74.108318, 40.594778 ], [ -74.107825, 40.59388 ], [ -74.106654, 40.594557 ], [ -74.106254, 40.593441 ], [ -74.10554, 40.593089 ], [ -74.104952, 40.592336 ], [ -74.105002, 40.592102 ], [ -74.105336, 40.590545 ], [ -74.101262, 40.591032 ], [ -74.100905, 40.59102 ], [ -74.10089, 40.590446 ], [ -74.100883, 40.590179 ], [ -74.101494, 40.589344 ], [ -74.101761, 40.589067 ], [ -74.102079, 40.588741 ], [ -74.102709, 40.588172 ], [ -74.103926, 40.587076 ], [ -74.101508, 40.585429 ], [ -74.101683, 40.585085 ], [ -74.102043, 40.584776 ], [ -74.102789, 40.584225 ], [ -74.102617, 40.584104 ], [ -74.102497, 40.584016 ], [ -74.103157, 40.583522 ], [ -74.103843, 40.58303 ], [ -74.105033, 40.582153 ], [ -74.105688, 40.581628 ], [ -74.106399, 40.581159 ], [ -74.107268, 40.580575 ], [ -74.10801, 40.580037 ], [ -74.108795, 40.579438 ], [ -74.10943, 40.578909 ], [ -74.1101, 40.578397 ], [ -74.110766, 40.577883 ], [ -74.11144, 40.577369 ], [ -74.112105, 40.576857 ], [ -74.112822, 40.576322 ], [ -74.113507, 40.575853 ], [ -74.114177, 40.57537 ], [ -74.114842, 40.57489 ], [ -74.11552, 40.574415 ], [ -74.116316, 40.573951 ], [ -74.11746, 40.573121 ], [ -74.118518, 40.572353 ], [ -74.119894, 40.57125 ], [ -74.120744, 40.570421 ], [ -74.121317, 40.569837 ], [ -74.12188, 40.569246 ], [ -74.122423, 40.568662 ], [ -74.123093, 40.567967 ], [ -74.123682, 40.567382 ], [ -74.124259, 40.566822 ], [ -74.125142, 40.565889 ], [ -74.125709, 40.565327 ], [ -74.126729, 40.56443 ], [ -74.127034, 40.564152 ], [ -74.127406, 40.563539 ], [ -74.128402, 40.562668 ], [ -74.129031, 40.562151 ], [ -74.129665, 40.561609 ], [ -74.13094, 40.560543 ], [ -74.131568, 40.560041 ], [ -74.131833, 40.56019 ], [ -74.132705, 40.559468 ], [ -74.133603, 40.55876 ], [ -74.134487, 40.558044 ], [ -74.135116, 40.557544 ], [ -74.136027, 40.556818 ], [ -74.136667, 40.556336 ], [ -74.137431, 40.555818 ], [ -74.138229, 40.555322 ], [ -74.138995, 40.554893 ], [ -74.139214, 40.554761 ], [ -74.139367, 40.55468 ], [ -74.13947, 40.554627 ], [ -74.139699, 40.554522 ], [ -74.139775, 40.554492 ], [ -74.140478, 40.554176 ], [ -74.140428, 40.55436 ], [ -74.142121, 40.553594 ], [ -74.14467, 40.552941 ], [ -74.145576, 40.552708 ], [ -74.147977, 40.55234 ], [ -74.148705, 40.552213 ], [ -74.149501, 40.552017 ], [ -74.150503, 40.551635 ], [ -74.150637, 40.55195 ], [ -74.151555, 40.55172 ], [ -74.151953, 40.551599 ], [ -74.152474, 40.551464 ], [ -74.153412, 40.551233 ], [ -74.154306, 40.551004 ], [ -74.155186, 40.550776 ], [ -74.156056, 40.550532 ], [ -74.157235, 40.550218 ], [ -74.158374, 40.549913 ], [ -74.159264, 40.549679 ], [ -74.160178, 40.54943 ], [ -74.160824, 40.549274 ], [ -74.161168, 40.549191 ], [ -74.161625, 40.549138 ], [ -74.16203, 40.549092 ], [ -74.162096, 40.549085 ], [ -74.163386, 40.548916 ], [ -74.164255, 40.548834 ], [ -74.16524, 40.548731 ], [ -74.164598, 40.54585 ], [ -74.165743, 40.545398 ], [ -74.165489, 40.544652 ], [ -74.165401, 40.544433 ], [ -74.165296, 40.544273 ], [ -74.164788, 40.543802 ], [ -74.164231, 40.543301 ], [ -74.163445, 40.543769 ], [ -74.162391, 40.543911 ], [ -74.160952, 40.542424 ], [ -74.160195, 40.54281 ], [ -74.158661, 40.541246 ], [ -74.15795, 40.541667 ], [ -74.156693, 40.540394 ], [ -74.155552, 40.539247 ], [ -74.154724, 40.538404 ], [ -74.153529, 40.53772 ], [ -74.152279, 40.53702 ], [ -74.151409, 40.536503 ], [ -74.151585, 40.536351 ], [ -74.149298, 40.535032 ], [ -74.149484, 40.534939 ], [ -74.14966, 40.534833 ], [ -74.149808, 40.534728 ], [ -74.149916, 40.534638 ], [ -74.14935, 40.534312 ], [ -74.149226, 40.534245 ], [ -74.14855, 40.534616 ], [ -74.147933, 40.5349 ], [ -74.147127, 40.535233 ], [ -74.146095, 40.535519 ], [ -74.142584, 40.534326 ], [ -74.143334, 40.533592 ], [ -74.135375, 40.527424 ], [ -74.133715, 40.526137 ], [ -74.133515, 40.525982 ], [ -74.098035, 40.498489 ], [ -74.102547, 40.497713 ], [ -74.130578, 40.492888 ], [ -74.13706, 40.491772 ], [ -74.158821, 40.488023 ], [ -74.162207, 40.487444 ], [ -74.176332, 40.485012 ], [ -74.200003, 40.480938 ], [ -74.206443, 40.479818 ], [ -74.216802, 40.478046 ], [ -74.218541, 40.477747 ], [ -74.225331, 40.476578 ], [ -74.227763, 40.477463 ], [ -74.228196, 40.477621 ], [ -74.229518, 40.478102 ], [ -74.23529, 40.480202 ], [ -74.237956, 40.481172 ], [ -74.240982, 40.482274 ], [ -74.243811, 40.483301 ], [ -74.246668, 40.484343 ], [ -74.24897, 40.485181 ], [ -74.249947, 40.485536 ], [ -74.253036, 40.48666 ], [ -74.253143, 40.486886 ], [ -74.2533, 40.487215 ], [ -74.253635, 40.48792 ], [ -74.256134, 40.493183 ], [ -74.25629, 40.493506 ], [ -74.257117, 40.495245 ], [ -74.258136, 40.497389 ], [ -74.258843, 40.498875 ], [ -74.258754, 40.500103 ] ] ] ] } },
{ "type": "Feature", "properties": { "assembly district": 47 }, "geometry": { "type": "MultiPolygon", "coordinates": [ [ [ [ -74.013563, 40.602585 ], [ -74.0115, 40.60476 ], [ -74.01237, 40.605214 ], [ -74.011024, 40.606506 ], [ -74.010973, 40.606556 ], [ -74.010823, 40.606701 ], [ -74.010691, 40.606827 ], [ -74.010519, 40.606992 ], [ -74.009381, 40.608085 ], [ -74.009284, 40.608179 ], [ -74.009078, 40.608378 ], [ -74.009397, 40.60857 ], [ -74.009822, 40.608827 ], [ -74.010538, 40.609258 ], [ -74.011278, 40.609706 ], [ -74.012022, 40.610156 ], [ -74.012737, 40.610589 ], [ -74.013482, 40.611038 ], [ -74.011712, 40.612735 ], [ -74.011086, 40.613339 ], [ -74.010504, 40.613897 ], [ -74.009924, 40.614457 ], [ -74.007723, 40.613128 ], [ -74.005521, 40.611798 ], [ -74.004942, 40.612356 ], [ -74.007142, 40.613685 ], [ -74.00656, 40.614246 ], [ -74.004359, 40.612917 ], [ -74.00412, 40.613145 ], [ -74.003778, 40.613475 ], [ -74.001318, 40.611995 ], [ -74.001073, 40.61183 ], [ -74.001302, 40.611068 ], [ -73.999454, 40.60995 ], [ -74.000021, 40.609386 ], [ -73.998086, 40.608216 ], [ -73.995882, 40.606886 ], [ -73.995303, 40.607445 ], [ -73.994719, 40.608005 ], [ -73.994137, 40.608564 ], [ -73.993557, 40.609123 ], [ -73.991358, 40.607794 ], [ -73.990775, 40.608352 ], [ -73.990193, 40.608911 ], [ -73.989894, 40.609198 ], [ -73.989567, 40.609514 ], [ -73.988936, 40.610116 ], [ -73.988358, 40.610675 ], [ -73.987776, 40.611234 ], [ -73.987195, 40.611792 ], [ -73.986615, 40.612353 ], [ -73.986033, 40.612912 ], [ -73.98545, 40.61347 ], [ -73.984868, 40.61403 ], [ -73.984287, 40.614588 ], [ -73.983668, 40.615185 ], [ -73.98249, 40.614424 ], [ -73.981438, 40.613838 ], [ -73.980707, 40.613402 ], [ -73.979474, 40.612666 ], [ -73.979209, 40.612497 ], [ -73.97847, 40.612044 ], [ -73.977408, 40.611411 ], [ -73.977011, 40.611173 ], [ -73.976738, 40.611009 ], [ -73.976358, 40.610784 ], [ -73.975278, 40.610128 ], [ -73.974184, 40.609463 ], [ -73.974031, 40.608702 ], [ -73.97322, 40.608789 ], [ -73.972994, 40.608814 ], [ -73.972959, 40.60863 ], [ -73.97259, 40.606671 ], [ -73.973621, 40.606557 ], [ -73.973195, 40.604298 ], [ -73.97305, 40.604282 ], [ -73.973408, 40.601702 ], [ -73.973755, 40.599221 ], [ -73.974083, 40.596883 ], [ -73.974927, 40.596794 ], [ -73.975039, 40.59678 ], [ -73.975588, 40.596719 ], [ -73.97651, 40.596616 ], [ -73.977507, 40.596506 ], [ -73.978504, 40.596396 ], [ -73.978927, 40.596348 ], [ -73.979432, 40.596292 ], [ -73.980358, 40.596192 ], [ -73.981283, 40.596088 ], [ -73.982211, 40.595987 ], [ -73.982032, 40.595044 ], [ -73.981977, 40.594764 ], [ -73.98179, 40.593868 ], [ -73.981319, 40.591484 ], [ -73.982279, 40.59138 ], [ -73.9832, 40.591243 ], [ -73.984204, 40.591166 ], [ -73.984094, 40.590567 ], [ -73.984014, 40.590153 ], [ -73.983901, 40.589573 ], [ -73.983803, 40.589042 ], [ -73.983723, 40.588619 ], [ -73.983469, 40.587264 ], [ -73.983374, 40.586771 ], [ -73.983268, 40.586191 ], [ -73.984231, 40.586069 ], [ -73.984105, 40.585318 ], [ -73.984001, 40.584699 ], [ -73.984928, 40.584596 ], [ -73.985331, 40.586712 ], [ -73.985394, 40.587032 ], [ -73.985777, 40.586668 ], [ -73.986189, 40.586276 ], [ -73.987285, 40.585241 ], [ -73.987417, 40.585131 ], [ -73.987482, 40.585243 ], [ -73.987536, 40.58535 ], [ -73.98822, 40.585035 ], [ -73.98909, 40.585461 ], [ -73.989838, 40.585951 ], [ -73.991078, 40.587165 ], [ -73.991488, 40.5878 ], [ -73.991866, 40.588482 ], [ -73.992558, 40.589922 ], [ -73.992986, 40.590631 ], [ -73.993465, 40.591271 ], [ -73.994004, 40.59192 ], [ -73.994588, 40.592548 ], [ -73.995247, 40.593173 ], [ -73.996194, 40.593992 ], [ -73.997246, 40.594891 ], [ -73.998319, 40.595645 ], [ -73.998535, 40.595385 ], [ -73.998617, 40.595287 ], [ -73.998941, 40.595469 ], [ -73.999164, 40.595582 ], [ -73.999413, 40.595699 ], [ -73.999658, 40.595797 ], [ -74.000069, 40.595934 ], [ -74.000271, 40.596018 ], [ -74.000478, 40.596077 ], [ -74.000818, 40.596171 ], [ -74.00158, 40.59635 ], [ -74.002115, 40.596475 ], [ -74.002666, 40.596608 ], [ -74.003389, 40.596788 ], [ -74.003482, 40.596821 ], [ -74.003313, 40.59692 ], [ -74.002692, 40.597043 ], [ -74.003819, 40.597458 ], [ -74.004164, 40.597691 ], [ -74.004456, 40.597878 ], [ -74.004948, 40.598172 ], [ -74.007195, 40.599453 ], [ -74.007947, 40.599897 ], [ -74.008714, 40.600357 ], [ -74.009407, 40.600777 ], [ -74.010129, 40.601218 ], [ -74.010868, 40.601657 ], [ -74.011549, 40.602095 ], [ -74.012216, 40.602263 ], [ -74.012622, 40.602358 ], [ -74.013563, 40.602585 ] ] ] ] } },
{ "type": "Feature", "properties": { "assembly district": 35 }, "geometry": { "type": "MultiPolygon", "coordinates": [ [ [ [ -73.891911, 40.765711 ], [ -73.890898, 40.765857 ], [ -73.89072, 40.765887 ], [ -73.890424, 40.765962 ], [ -73.889949, 40.766104 ], [ -73.889399, 40.766246 ], [ -73.889186, 40.766299 ], [ -73.888773, 40.766511 ], [ -73.888739, 40.766518 ], [ -73.888514, 40.766563 ], [ -73.888342, 40.766597 ], [ -73.888365, 40.76677 ], [ -73.887731, 40.766915 ], [ -73.887818, 40.767202 ], [ -73.888407, 40.767055 ], [ -73.888726, 40.768916 ], [ -73.88904, 40.770916 ], [ -73.889424, 40.773046 ], [ -73.889077, 40.773574 ], [ -73.889058, 40.774377 ], [ -73.888854, 40.779737 ], [ -73.889428, 40.78057 ], [ -73.885303, 40.786685 ], [ -73.885222, 40.78663 ], [ -73.882929, 40.786209 ], [ -73.878307, 40.785357 ], [ -73.878128, 40.785436 ], [ -73.877944, 40.785509 ], [ -73.877757, 40.785576 ], [ -73.877566, 40.785636 ], [ -73.877371, 40.78569 ], [ -73.877173, 40.785737 ], [ -73.876973, 40.785778 ], [ -73.876771, 40.785811 ], [ -73.876531, 40.785837 ], [ -73.87629, 40.785858 ], [ -73.876048, 40.785872 ], [ -73.875806, 40.785881 ], [ -73.875563, 40.785884 ], [ -73.875321, 40.785881 ], [ -73.875079, 40.785872 ], [ -73.874837, 40.785857 ], [ -73.874596, 40.785836 ], [ -73.874356, 40.78581 ], [ -73.874211, 40.7858 ], [ -73.874038, 40.78578 ], [ -73.873864, 40.785765 ], [ -73.873689, 40.785755 ], [ -73.87351, 40.785721 ], [ -73.873428, 40.785762 ], [ -73.873355, 40.785789 ], [ -73.873286, 40.785812 ], [ -73.873202, 40.785825 ], [ -73.873088, 40.785855 ], [ -73.872981, 40.785894 ], [ -73.872885, 40.785963 ], [ -73.872854, 40.785926 ], [ -73.872809, 40.785903 ], [ -73.872774, 40.785942 ], [ -73.872823, 40.785964 ], [ -73.872872, 40.785975 ], [ -73.872788, 40.786078 ], [ -73.872685, 40.786154 ], [ -73.872473, 40.786303 ], [ -73.872265, 40.786424 ], [ -73.872106, 40.786469 ], [ -73.871876, 40.786624 ], [ -73.871631, 40.786798 ], [ -73.86542, 40.78497 ], [ -73.860505, 40.778984 ], [ -73.852897, 40.775457 ], [ -73.852642, 40.77208 ], [ -73.853702, 40.76948 ], [ -73.851834, 40.767746 ], [ -73.850281, 40.76606 ], [ -73.849215, 40.764209 ], [ -73.848515, 40.763822 ], [ -73.846709, 40.761345 ], [ -73.846353, 40.761219 ], [ -73.846863, 40.760416 ], [ -73.846017, 40.760805 ], [ -73.845975, 40.760717 ], [ -73.845911, 40.760585 ], [ -73.845902, 40.760565 ], [ -73.845852, 40.760455 ], [ -73.84549, 40.759729 ], [ -73.845134, 40.759069 ], [ -73.84479, 40.758403 ], [ -73.84445, 40.757744 ], [ -73.844044, 40.756945 ], [ -73.843634, 40.756157 ], [ -73.843244, 40.755337 ], [ -73.84562, 40.754612 ], [ -73.849541, 40.753457 ], [ -73.850121, 40.753284 ], [ -73.850679, 40.753117 ], [ -73.851196, 40.752962 ], [ -73.851897, 40.752753 ], [ -73.851715, 40.75241 ], [ -73.850499, 40.750121 ], [ -73.849695, 40.750405 ], [ -73.84432, 40.752242 ], [ -73.843948, 40.752575 ], [ -73.84383, 40.752464 ], [ -73.843679, 40.752308 ], [ -73.843489, 40.752049 ], [ -73.842179, 40.752514 ], [ -73.842062, 40.752555 ], [ -73.841942, 40.752591 ], [ -73.841819, 40.752621 ], [ -73.841694, 40.752645 ], [ -73.841568, 40.752664 ], [ -73.84144, 40.752676 ], [ -73.841311, 40.752683 ], [ -73.841182, 40.752684 ], [ -73.841822, 40.751917 ], [ -73.842562, 40.751425 ], [ -73.842667, 40.751397 ], [ -73.842615, 40.751061 ], [ -73.842746, 40.750944 ], [ -73.843002, 40.750889 ], [ -73.843118, 40.750932 ], [ -73.84371, 40.749583 ], [ -73.844147, 40.748573 ], [ -73.844441, 40.748534 ], [ -73.844733, 40.74848 ], [ -73.84502, 40.748413 ], [ -73.845301, 40.748331 ], [ -73.845574, 40.748236 ], [ -73.845837, 40.748128 ], [ -73.847099, 40.747739 ], [ -73.848323, 40.747367 ], [ -73.848376, 40.74735 ], [ -73.84859, 40.74728 ], [ -73.848828, 40.747204 ], [ -73.84863, 40.746923 ], [ -73.848415, 40.746592 ], [ -73.848151, 40.746165 ], [ -73.847872, 40.745657 ], [ -73.847546, 40.745048 ], [ -73.847368, 40.744695 ], [ -73.84726, 40.74448 ], [ -73.847221, 40.744398 ], [ -73.846956, 40.743672 ], [ -73.846897, 40.743691 ], [ -73.846669, 40.743763 ], [ -73.846474, 40.743298 ], [ -73.846449, 40.743237 ], [ -73.8462, 40.742591 ], [ -73.846049, 40.742197 ], [ -73.845889, 40.741784 ], [ -73.845798, 40.741546 ], [ -73.845683, 40.741089 ], [ -73.845473, 40.740253 ], [ -73.845436, 40.740079 ], [ -73.845399, 40.739931 ], [ -73.845354, 40.739749 ], [ -73.845546, 40.739659 ], [ -73.845724, 40.739576 ], [ -73.845848, 40.739516 ], [ -73.84716, 40.7389 ], [ -73.847325, 40.738771 ], [ -73.847214, 40.738644 ], [ -73.848607, 40.738105 ], [ -73.851275, 40.737136 ], [ -73.851688, 40.736997 ], [ -73.851496, 40.736619 ], [ -73.851342, 40.736316 ], [ -73.850998, 40.735656 ], [ -73.852153, 40.735297 ], [ -73.853249, 40.734977 ], [ -73.853579, 40.735647 ], [ -73.853911, 40.736316 ], [ -73.856152, 40.735648 ], [ -73.855808, 40.734983 ], [ -73.855466, 40.734319 ], [ -73.855122, 40.733653 ], [ -73.857309, 40.733004 ], [ -73.857049, 40.732512 ], [ -73.858265, 40.732304 ], [ -73.858423, 40.73222 ], [ -73.859277, 40.731774 ], [ -73.86083, 40.730913 ], [ -73.862188, 40.730276 ], [ -73.8626, 40.73042 ], [ -73.863424, 40.731951 ], [ -73.864339, 40.733743 ], [ -73.864438, 40.73393 ], [ -73.865207, 40.733665 ], [ -73.865747, 40.733419 ], [ -73.866723, 40.733089 ], [ -73.867718, 40.732753 ], [ -73.867865, 40.732701 ], [ -73.868352, 40.732527 ], [ -73.868261, 40.732486 ], [ -73.868427, 40.732374 ], [ -73.868583, 40.732253 ], [ -73.868727, 40.732125 ], [ -73.8689, 40.731819 ], [ -73.869365, 40.731146 ], [ -73.869835, 40.731311 ], [ -73.870507, 40.731547 ], [ -73.870618, 40.731559 ], [ -73.870688, 40.731546 ], [ -73.870869, 40.731529 ], [ -73.871047, 40.731495 ], [ -73.871218, 40.731447 ], [ -73.871378, 40.731383 ], [ -73.871533, 40.731342 ], [ -73.871595, 40.731183 ], [ -73.871646, 40.731017 ], [ -73.871825, 40.731098 ], [ -73.871936, 40.731132 ], [ -73.872054, 40.731151 ], [ -73.872175, 40.731154 ], [ -73.872293, 40.731141 ], [ -73.872403, 40.731114 ], [ -73.873126, 40.730999 ], [ -73.87367, 40.730882 ], [ -73.874637, 40.730579 ], [ -73.874792, 40.730669 ], [ -73.874996, 40.730788 ], [ -73.875237, 40.730724 ], [ -73.875426, 40.730796 ], [ -73.875588, 40.730859 ], [ -73.875825, 40.730947 ], [ -73.876782, 40.731304 ], [ -73.877506, 40.731607 ], [ -73.878247, 40.731873 ], [ -73.87848, 40.731961 ], [ -73.878707, 40.731717 ], [ -73.879578, 40.732032 ], [ -73.88031, 40.731492 ], [ -73.879686, 40.730996 ], [ -73.880061, 40.730722 ], [ -73.88067, 40.731232 ], [ -73.881295, 40.731751 ], [ -73.881714, 40.732107 ], [ -73.883182, 40.733329 ], [ -73.883811, 40.73356 ], [ -73.883529, 40.733848 ], [ -73.882513, 40.734591 ], [ -73.883144, 40.734497 ], [ -73.88325, 40.734428 ], [ -73.883675, 40.73421 ], [ -73.883749, 40.734178 ], [ -73.883822, 40.734167 ], [ -73.883878, 40.73417 ], [ -73.883934, 40.734182 ], [ -73.884025, 40.734232 ], [ -73.884072, 40.734292 ], [ -73.884084, 40.734326 ], [ -73.884059, 40.73455 ], [ -73.88375, 40.737052 ], [ -73.883863, 40.737429 ], [ -73.882873, 40.737611 ], [ -73.881785, 40.737807 ], [ -73.882613, 40.737952 ], [ -73.880788, 40.739427 ], [ -73.87932, 40.740602 ], [ -73.879107, 40.740445 ], [ -73.878714, 40.740733 ], [ -73.87825, 40.741068 ], [ -73.877614, 40.741551 ], [ -73.876959, 40.74103 ], [ -73.875623, 40.741985 ], [ -73.875019, 40.741494 ], [ -73.873485, 40.742501 ], [ -73.873045, 40.741685 ], [ -73.872161, 40.741881 ], [ -73.871723, 40.740748 ], [ -73.870858, 40.740941 ], [ -73.869506, 40.741243 ], [ -73.869248, 40.74057 ], [ -73.867563, 40.740942 ], [ -73.867318, 40.740261 ], [ -73.867147, 40.739837 ], [ -73.866647, 40.73995 ], [ -73.866209, 40.740051 ], [ -73.865312, 40.740258 ], [ -73.864411, 40.740472 ], [ -73.863524, 40.740688 ], [ -73.861855, 40.741589 ], [ -73.86117, 40.740396 ], [ -73.860734, 40.739636 ], [ -73.860249, 40.739921 ], [ -73.859491, 40.740358 ], [ -73.858766, 40.740797 ], [ -73.858581, 40.740621 ], [ -73.858384, 40.740452 ], [ -73.858174, 40.740292 ], [ -73.857953, 40.740142 ], [ -73.857309, 40.739681 ], [ -73.857702, 40.73936 ], [ -73.85523, 40.738564 ], [ -73.854879, 40.739193 ], [ -73.853392, 40.738689 ], [ -73.853129, 40.739374 ], [ -73.853065, 40.739657 ], [ -73.852878, 40.740038 ], [ -73.853342, 40.740194 ], [ -73.853623, 40.740742 ], [ -73.853813, 40.741104 ], [ -73.853629, 40.741035 ], [ -73.853453, 40.740969 ], [ -73.85264, 40.74071 ], [ -73.852358, 40.741375 ], [ -73.851701, 40.741173 ], [ -73.850525, 40.741514 ], [ -73.850869, 40.74218 ], [ -73.851209, 40.742844 ], [ -73.851551, 40.743507 ], [ -73.851895, 40.74418 ], [ -73.852241, 40.744841 ], [ -73.852577, 40.745506 ], [ -73.852918, 40.746171 ], [ -73.85326, 40.746834 ], [ -73.853602, 40.747492 ], [ -73.854021, 40.748156 ], [ -73.854369, 40.748739 ], [ -73.854421, 40.748805 ], [ -73.854477, 40.748953 ], [ -73.854793, 40.749563 ], [ -73.855139, 40.750226 ], [ -73.855479, 40.750891 ], [ -73.855835, 40.751577 ], [ -73.856253, 40.752398 ], [ -73.856662, 40.753191 ], [ -73.859586, 40.752321 ], [ -73.862514, 40.751448 ], [ -73.862241, 40.75092 ], [ -73.863097, 40.750672 ], [ -73.863986, 40.750408 ], [ -73.8647, 40.750197 ], [ -73.865071, 40.750541 ], [ -73.866267, 40.752779 ], [ -73.867265, 40.752513 ], [ -73.868206, 40.752261 ], [ -73.869078, 40.75203 ], [ -73.869748, 40.753474 ], [ -73.869802, 40.753751 ], [ -73.870083, 40.755302 ], [ -73.870995, 40.755208 ], [ -73.871886, 40.755114 ], [ -73.871933, 40.755372 ], [ -73.871957, 40.755509 ], [ -73.872126, 40.756433 ], [ -73.872219, 40.756943 ], [ -73.872603, 40.756903 ], [ -73.873111, 40.756851 ], [ -73.873657, 40.756804 ], [ -73.874408, 40.758216 ], [ -73.874512, 40.758593 ], [ -73.874584, 40.758999 ], [ -73.874841, 40.760411 ], [ -73.874996, 40.761264 ], [ -73.876014, 40.761444 ], [ -73.876992, 40.761621 ], [ -73.877973, 40.761795 ], [ -73.878954, 40.761984 ], [ -73.879263, 40.763685 ], [ -73.879787, 40.76377 ], [ -73.880008, 40.763806 ], [ -73.880224, 40.763728 ], [ -73.881148, 40.763628 ], [ -73.882082, 40.763546 ], [ -73.883011, 40.763444 ], [ -73.883291, 40.763414 ], [ -73.88343, 40.763399 ], [ -73.883941, 40.763347 ], [ -73.884869, 40.763249 ], [ -73.885801, 40.763153 ], [ -73.88673, 40.763053 ], [ -73.887064, 40.764873 ], [ -73.887991, 40.764776 ], [ -73.888921, 40.764679 ], [ -73.889853, 40.764581 ], [ -73.890758, 40.764487 ], [ -73.891674, 40.76439 ], [ -73.891911, 40.765711 ] ] ] ] } },
{ "type": "Feature", "properties": { "assembly district": 67 }, "geometry": { "type": "MultiPolygon", "coordinates": [ [ [ [ -74.008603, 40.764981 ], [ -74.006583, 40.767748 ], [ -74.006169, 40.768315 ], [ -74.005371, 40.769408 ], [ -74.004653, 40.770391 ], [ -74.004086, 40.771168 ], [ -74.003421, 40.772078 ], [ -74.002953, 40.772719 ], [ -74.002302, 40.77361 ], [ -74.001618, 40.774548 ], [ -74.000912, 40.775514 ], [ -74.000447, 40.776152 ], [ -73.999637, 40.77726 ], [ -73.99864, 40.778625 ], [ -73.997807, 40.779767 ], [ -73.997408, 40.780313 ], [ -73.995868, 40.782423 ], [ -73.995769, 40.782558 ], [ -73.994845, 40.783823 ], [ -73.993939, 40.785063 ], [ -73.992998, 40.786353 ], [ -73.99169, 40.788143 ], [ -73.991372, 40.788579 ], [ -73.990009, 40.790445 ], [ -73.98815, 40.792991 ], [ -73.981932, 40.790548 ], [ -73.981766, 40.790455 ], [ -73.981595, 40.790384 ], [ -73.980357, 40.789941 ], [ -73.979862, 40.790614 ], [ -73.979395, 40.791245 ], [ -73.9793, 40.791352 ], [ -73.97919, 40.791453 ], [ -73.979068, 40.791546 ], [ -73.9789, 40.791648 ], [ -73.978755, 40.791718 ], [ -73.97867, 40.791752 ], [ -73.977691, 40.792164 ], [ -73.975989, 40.791438 ], [ -73.975531, 40.792069 ], [ -73.975367, 40.792293 ], [ -73.975075, 40.792696 ], [ -73.974616, 40.793325 ], [ -73.973195, 40.792725 ], [ -73.971773, 40.792127 ], [ -73.972233, 40.791498 ], [ -73.972593, 40.791002 ], [ -73.97269, 40.79087 ], [ -73.972508, 40.790793 ], [ -73.972041, 40.790597 ], [ -73.972187, 40.790385 ], [ -73.972177, 40.790352 ], [ -73.972458, 40.789955 ], [ -73.973147, 40.790244 ], [ -73.973607, 40.789615 ], [ -73.974064, 40.788989 ], [ -73.974522, 40.78836 ], [ -73.975016, 40.787687 ], [ -73.975284, 40.787319 ], [ -73.975513, 40.787003 ], [ -73.975976, 40.786369 ], [ -73.976439, 40.785735 ], [ -73.976902, 40.785098 ], [ -73.977365, 40.784464 ], [ -73.977827, 40.783831 ], [ -73.974985, 40.78263 ], [ -73.97454, 40.783242 ], [ -73.974058, 40.783901 ], [ -73.971223, 40.782706 ], [ -73.971724, 40.782021 ], [ -73.971539, 40.781868 ], [ -73.971474, 40.781738 ], [ -73.971441, 40.78164 ], [ -73.971474, 40.781489 ], [ -73.971582, 40.781142 ], [ -73.971636, 40.780947 ], [ -73.971626, 40.780784 ], [ -73.971593, 40.780567 ], [ -73.971528, 40.780383 ], [ -73.971387, 40.78021 ], [ -73.971029, 40.779945 ], [ -73.970738, 40.779816 ], [ -73.969593, 40.779344 ], [ -73.968209, 40.778724 ], [ -73.967348, 40.778376 ], [ -73.966464, 40.778186 ], [ -73.965703, 40.778057 ], [ -73.965171, 40.777902 ], [ -73.964784, 40.77765 ], [ -73.964416, 40.77735 ], [ -73.963729, 40.776994 ], [ -73.964228, 40.77631 ], [ -73.964687, 40.775677 ], [ -73.965148, 40.775045 ], [ -73.96561, 40.774407 ], [ -73.966074, 40.773773 ], [ -73.966537, 40.77314 ], [ -73.967039, 40.772461 ], [ -73.967707, 40.772702 ], [ -73.968058, 40.772778 ], [ -73.968494, 40.772788 ], [ -73.968764, 40.772715 ], [ -73.96874, 40.772854 ], [ -73.968797, 40.773072 ], [ -73.969017, 40.773376 ], [ -73.969406, 40.773423 ], [ -73.970124, 40.77348 ], [ -73.970502, 40.773556 ], [ -73.971261, 40.773736 ], [ -73.971868, 40.773802 ], [ -73.972355, 40.773781 ], [ -73.972911, 40.773774 ], [ -73.973205, 40.773821 ], [ -73.973404, 40.773906 ], [ -73.973536, 40.774039 ], [ -73.973701, 40.774281 ], [ -73.973868, 40.774494 ], [ -73.974124, 40.774655 ], [ -73.974427, 40.774743 ], [ -73.974853, 40.774736 ], [ -73.975158, 40.774688 ], [ -73.975354, 40.774607 ], [ -73.975558, 40.775189 ], [ -73.975585, 40.775339 ], [ -73.975569, 40.775465 ], [ -73.975491, 40.775707 ], [ -73.975429, 40.775862 ], [ -73.975438, 40.775929 ], [ -73.975487, 40.775991 ], [ -73.975573, 40.776063 ], [ -73.975955, 40.77622 ], [ -73.976458, 40.775533 ], [ -73.976912, 40.774909 ], [ -73.979746, 40.776106 ], [ -73.980203, 40.775479 ], [ -73.98066, 40.774852 ], [ -73.981114, 40.774227 ], [ -73.981573, 40.773602 ], [ -73.982072, 40.772989 ], [ -73.982195, 40.772864 ], [ -73.98259, 40.772345 ], [ -73.983033, 40.771762 ], [ -73.983468, 40.771136 ], [ -73.982147, 40.770574 ], [ -73.982118, 40.769742 ], [ -73.982093, 40.768893 ], [ -73.982093, 40.768398 ], [ -73.982264, 40.768337 ], [ -73.982356, 40.768235 ], [ -73.98242, 40.768102 ], [ -73.982409, 40.767965 ], [ -73.982307, 40.767816 ], [ -73.982147, 40.76773 ], [ -73.98238, 40.7674 ], [ -73.982877, 40.766715 ], [ -73.981848, 40.766287 ], [ -73.980036, 40.765521 ], [ -73.980528, 40.764844 ], [ -73.980981, 40.764223 ], [ -73.981434, 40.763594 ], [ -73.981895, 40.762968 ], [ -73.982351, 40.762343 ], [ -73.982807, 40.761719 ], [ -73.983628, 40.762065 ], [ -73.985647, 40.762915 ], [ -73.987255, 40.76359 ], [ -73.988491, 40.76411 ], [ -73.991333, 40.76531 ], [ -73.991917, 40.765556 ], [ -73.992345, 40.764919 ], [ -73.991788, 40.764684 ], [ -73.992244, 40.764057 ], [ -73.992701, 40.763431 ], [ -73.993156, 40.762806 ], [ -73.993609, 40.762184 ], [ -73.99407, 40.761552 ], [ -73.994526, 40.760927 ], [ -73.994983, 40.7603 ], [ -73.995694, 40.760601 ], [ -73.996232, 40.759946 ], [ -73.998315, 40.760823 ], [ -73.998794, 40.760153 ], [ -73.999795, 40.760576 ], [ -74.001622, 40.761347 ], [ -74.001537, 40.761487 ], [ -74.001435, 40.76162 ], [ -74.001316, 40.761746 ], [ -74.001183, 40.761863 ], [ -74.001036, 40.761968 ], [ -74.001151, 40.762026 ], [ -74.001278, 40.762076 ], [ -74.001716, 40.762208 ], [ -74.004683, 40.763432 ], [ -74.008212, 40.764823 ], [ -74.008603, 40.764981 ] ] ] ] } },
{ "type": "Feature", "properties": { "assembly district": 60 }, "geometry": { "type": "MultiPolygon", "coordinates": [ [ [ [ -73.913604, 40.661854 ], [ -73.912686, 40.661993 ], [ -73.912292, 40.660455 ], [ -73.911335, 40.660597 ], [ -73.91038, 40.660739 ], [ -73.909461, 40.660876 ], [ -73.908524, 40.661014 ], [ -73.907585, 40.661156 ], [ -73.906666, 40.661294 ], [ -73.905743, 40.661429 ], [ -73.904782, 40.661568 ], [ -73.903813, 40.661714 ], [ -73.902892, 40.66185 ], [ -73.901972, 40.661988 ], [ -73.901053, 40.662125 ], [ -73.900333, 40.662302 ], [ -73.900026, 40.662281 ], [ -73.900417, 40.663806 ], [ -73.900851, 40.665346 ], [ -73.901266, 40.66688 ], [ -73.901668, 40.668413 ], [ -73.900783, 40.668547 ], [ -73.899863, 40.668684 ], [ -73.900183, 40.669939 ], [ -73.899262, 40.670073 ], [ -73.898341, 40.670212 ], [ -73.897422, 40.670347 ], [ -73.896518, 40.670481 ], [ -73.895544, 40.670626 ], [ -73.894556, 40.67077 ], [ -73.893633, 40.67091 ], [ -73.892711, 40.671046 ], [ -73.891799, 40.67118 ], [ -73.890878, 40.671318 ], [ -73.889994, 40.671449 ], [ -73.889096, 40.671582 ], [ -73.888192, 40.671715 ], [ -73.887289, 40.671848 ], [ -73.886403, 40.671981 ], [ -73.885517, 40.672113 ], [ -73.884703, 40.672234 ], [ -73.884281, 40.672296 ], [ -73.883889, 40.672355 ], [ -73.883074, 40.672475 ], [ -73.882261, 40.672595 ], [ -73.881392, 40.672723 ], [ -73.880487, 40.672854 ], [ -73.879568, 40.672987 ], [ -73.879882, 40.674255 ], [ -73.87896, 40.674384 ], [ -73.878645, 40.67312 ], [ -73.877722, 40.673253 ], [ -73.8768, 40.673385 ], [ -73.87588, 40.673517 ], [ -73.874957, 40.673651 ], [ -73.874035, 40.673785 ], [ -73.873115, 40.673916 ], [ -73.873429, 40.675186 ], [ -73.87267, 40.675297 ], [ -73.871915, 40.675402 ], [ -73.870995, 40.675537 ], [ -73.870073, 40.675671 ], [ -73.869151, 40.675803 ], [ -73.86823, 40.675936 ], [ -73.867258, 40.676113 ], [ -73.866101, 40.676239 ], [ -73.865462, 40.676329 ], [ -73.864537, 40.676449 ], [ -73.863592, 40.676494 ], [ -73.862652, 40.676553 ], [ -73.862184, 40.676581 ], [ -73.861712, 40.676611 ], [ -73.861554, 40.675973 ], [ -73.861397, 40.675335 ], [ -73.861373, 40.675236 ], [ -73.861318, 40.675021 ], [ -73.861064, 40.674343 ], [ -73.861077, 40.674021 ], [ -73.860775, 40.672806 ], [ -73.860389, 40.671269 ], [ -73.859474, 40.671381 ], [ -73.859391, 40.671394 ], [ -73.858555, 40.671533 ], [ -73.857633, 40.671656 ], [ -73.857309, 40.670419 ], [ -73.857282, 40.670312 ], [ -73.857252, 40.670198 ], [ -73.857226, 40.670094 ], [ -73.856847, 40.668603 ], [ -73.856459, 40.667159 ], [ -73.856425, 40.667033 ], [ -73.856115, 40.665729 ], [ -73.856063, 40.665511 ], [ -73.855685, 40.663867 ], [ -73.856117, 40.663808 ], [ -73.856591, 40.663747 ], [ -73.857536, 40.663598 ], [ -73.85843, 40.663453 ], [ -73.85837, 40.663182 ], [ -73.858025, 40.661721 ], [ -73.857922, 40.661319 ], [ -73.857615, 40.660119 ], [ -73.858514, 40.659899 ], [ -73.859387, 40.659773 ], [ -73.860138, 40.659676 ], [ -73.86036, 40.659646 ], [ -73.861222, 40.659221 ], [ -73.861508, 40.65905 ], [ -73.863171, 40.658277 ], [ -73.8627, 40.657623 ], [ -73.862438, 40.657258 ], [ -73.862193, 40.656829 ], [ -73.861658, 40.65611 ], [ -73.860988, 40.655212 ], [ -73.860964, 40.65518 ], [ -73.860676, 40.654868 ], [ -73.860635, 40.654824 ], [ -73.860594, 40.65478 ], [ -73.860567, 40.654751 ], [ -73.860483, 40.654659 ], [ -73.860422, 40.654612 ], [ -73.859907, 40.654229 ], [ -73.859755, 40.654104 ], [ -73.85898, 40.652675 ], [ -73.856962, 40.650584 ], [ -73.856652, 40.650129 ], [ -73.856537, 40.649916 ], [ -73.856148, 40.649198 ], [ -73.855021, 40.643098 ], [ -73.873957, 40.633773 ], [ -73.8763, 40.635192 ], [ -73.878814, 40.637942 ], [ -73.878938, 40.638085 ], [ -73.879541, 40.638862 ], [ -73.880739, 40.639613 ], [ -73.881007, 40.639433 ], [ -73.881574, 40.639052 ], [ -73.882234, 40.639638 ], [ -73.882843, 40.640189 ], [ -73.883443, 40.640727 ], [ -73.884058, 40.641277 ], [ -73.884643, 40.641801 ], [ -73.885253, 40.642357 ], [ -73.885872, 40.642909 ], [ -73.886459, 40.643434 ], [ -73.887074, 40.643985 ], [ -73.887697, 40.644548 ], [ -73.88827, 40.645062 ], [ -73.888901, 40.64563 ], [ -73.889521, 40.646174 ], [ -73.890094, 40.646697 ], [ -73.89071, 40.647256 ], [ -73.892551, 40.648911 ], [ -73.893275, 40.648436 ], [ -73.893986, 40.647974 ], [ -73.894679, 40.64753 ], [ -73.896345, 40.649027 ], [ -73.897943, 40.650515 ], [ -73.898836, 40.651307 ], [ -73.898967, 40.651423 ], [ -73.899836, 40.652117 ], [ -73.902734, 40.650244 ], [ -73.904551, 40.651877 ], [ -73.905386, 40.651327 ], [ -73.905968, 40.650944 ], [ -73.906238, 40.652065 ], [ -73.906571, 40.653379 ], [ -73.906875, 40.654571 ], [ -73.906916, 40.654732 ], [ -73.90696, 40.654905 ], [ -73.907307, 40.656273 ], [ -73.907736, 40.657943 ], [ -73.908674, 40.657803 ], [ -73.908245, 40.656133 ], [ -73.909177, 40.655995 ], [ -73.910123, 40.655852 ], [ -73.910549, 40.657525 ], [ -73.911503, 40.657382 ], [ -73.912423, 40.657247 ], [ -73.912817, 40.658783 ], [ -73.91321, 40.660319 ], [ -73.913604, 40.661854 ] ] ] ] } },
{ "type": "Feature", "properties": { "assembly district": 80 }, "geometry": { "type": "MultiPolygon", "coordinates": [ [ [ [ -73.889181, 40.878242 ], [ -73.889114, 40.87842 ], [ -73.887196, 40.880064 ], [ -73.885936, 40.880481 ], [ -73.887011, 40.882472 ], [ -73.886513, 40.882513 ], [ -73.886646, 40.882768 ], [ -73.88703, 40.883889 ], [ -73.887047, 40.884358 ], [ -73.886863, 40.884347 ], [ -73.886751, 40.884317 ], [ -73.886569, 40.884242 ], [ -73.886459, 40.884193 ], [ -73.886125, 40.884047 ], [ -73.885165, 40.883632 ], [ -73.884552, 40.883325 ], [ -73.884379, 40.883248 ], [ -73.884107, 40.883177 ], [ -73.883864, 40.883151 ], [ -73.883508, 40.883183 ], [ -73.88319, 40.883285 ], [ -73.882922, 40.883383 ], [ -73.882673, 40.883383 ], [ -73.882478, 40.883327 ], [ -73.882087, 40.883133 ], [ -73.881244, 40.88271 ], [ -73.880456, 40.88222 ], [ -73.881372, 40.881363 ], [ -73.881458, 40.881084 ], [ -73.881756, 40.880122 ], [ -73.880851, 40.879949 ], [ -73.881442, 40.878187 ], [ -73.880525, 40.878011 ], [ -73.880692, 40.877542 ], [ -73.880732, 40.877116 ], [ -73.880649, 40.876483 ], [ -73.880283, 40.876699 ], [ -73.880018, 40.876811 ], [ -73.87973, 40.876865 ], [ -73.87956, 40.87573 ], [ -73.876491, 40.875499 ], [ -73.875592, 40.875254 ], [ -73.874448, 40.876787 ], [ -73.875268, 40.87714 ], [ -73.874734, 40.8779 ], [ -73.874387, 40.879055 ], [ -73.873483, 40.878855 ], [ -73.872545, 40.878746 ], [ -73.871918, 40.880237 ], [ -73.87092, 40.880258 ], [ -73.870241, 40.88023 ], [ -73.870944, 40.878511 ], [ -73.870412, 40.878375 ], [ -73.870148, 40.878314 ], [ -73.869984, 40.878269 ], [ -73.869754, 40.878207 ], [ -73.869628, 40.878176 ], [ -73.869435, 40.878129 ], [ -73.868485, 40.877903 ], [ -73.86805, 40.877799 ], [ -73.867654, 40.877703 ], [ -73.867375, 40.877634 ], [ -73.867061, 40.877558 ], [ -73.866874, 40.877513 ], [ -73.86692, 40.877458 ], [ -73.867017, 40.877322 ], [ -73.867098, 40.877171 ], [ -73.86701, 40.876133 ], [ -73.86702, 40.87592 ], [ -73.867054, 40.875219 ], [ -73.86813, 40.875305 ], [ -73.868208, 40.873235 ], [ -73.867096, 40.873213 ], [ -73.866297, 40.873212 ], [ -73.866169, 40.873335 ], [ -73.866111, 40.873392 ], [ -73.866025, 40.873448 ], [ -73.86594, 40.873485 ], [ -73.865831, 40.87351 ], [ -73.865726, 40.873518 ], [ -73.86561, 40.873507 ], [ -73.865513, 40.873481 ], [ -73.86542, 40.873439 ], [ -73.865345, 40.873387 ], [ -73.865294, 40.873335 ], [ -73.865207, 40.873218 ], [ -73.865109, 40.873121 ], [ -73.865011, 40.873044 ], [ -73.864919, 40.872985 ], [ -73.864811, 40.872928 ], [ -73.864676, 40.872874 ], [ -73.864526, 40.87283 ], [ -73.864371, 40.872802 ], [ -73.86431, 40.872795 ], [ -73.864206, 40.872743 ], [ -73.864103, 40.872673 ], [ -73.864008, 40.872583 ], [ -73.863945, 40.872497 ], [ -73.863897, 40.872406 ], [ -73.863866, 40.872298 ], [ -73.86362, 40.872265 ], [ -73.863182, 40.872175 ], [ -73.863332, 40.871375 ], [ -73.863387, 40.869641 ], [ -73.862447, 40.869622 ], [ -73.861876, 40.86961 ], [ -73.861795, 40.869609 ], [ -73.861433, 40.869603 ], [ -73.860422, 40.869585 ], [ -73.859484, 40.869567 ], [ -73.858541, 40.869551 ], [ -73.858571, 40.868571 ], [ -73.857616, 40.869383 ], [ -73.85745, 40.869533 ], [ -73.856663, 40.869517 ], [ -73.856721, 40.867697 ], [ -73.855707, 40.867678 ], [ -73.854697, 40.86766 ], [ -73.853756, 40.867642 ], [ -73.852818, 40.867625 ], [ -73.851883, 40.867606 ], [ -73.850944, 40.867591 ], [ -73.850003, 40.867575 ], [ -73.849032, 40.867554 ], [ -73.848974, 40.869372 ], [ -73.847994, 40.869354 ], [ -73.847441, 40.869343 ], [ -73.847035, 40.869845 ], [ -73.846408, 40.870555 ], [ -73.84609, 40.87039 ], [ -73.845782, 40.870227 ], [ -73.845173, 40.869915 ], [ -73.846143, 40.868795 ], [ -73.846174, 40.867503 ], [ -73.845234, 40.867484 ], [ -73.844292, 40.867466 ], [ -73.843213, 40.867445 ], [ -73.842836, 40.867489 ], [ -73.84298, 40.867117 ], [ -73.841633, 40.866797 ], [ -73.841601, 40.867783 ], [ -73.841224, 40.867858 ], [ -73.840644, 40.867554 ], [ -73.839743, 40.867088 ], [ -73.83922, 40.866821 ], [ -73.838752, 40.866572 ], [ -73.837844, 40.866099 ], [ -73.836971, 40.865643 ], [ -73.836431, 40.865356 ], [ -73.835907, 40.865077 ], [ -73.831602, 40.862628 ], [ -73.830917, 40.862225 ], [ -73.83053, 40.86197 ], [ -73.830109, 40.861298 ], [ -73.829543, 40.86029 ], [ -73.829609, 40.859889 ], [ -73.830172, 40.859634 ], [ -73.831034, 40.859343 ], [ -73.831906, 40.85907 ], [ -73.833233, 40.858626 ], [ -73.833487, 40.858529 ], [ -73.834377, 40.858191 ], [ -73.835334, 40.857832 ], [ -73.836289, 40.857477 ], [ -73.836819, 40.857277 ], [ -73.836928, 40.857193 ], [ -73.837794, 40.856904 ], [ -73.838186, 40.856474 ], [ -73.838669, 40.8564 ], [ -73.838826, 40.856345 ], [ -73.839072, 40.856261 ], [ -73.83975, 40.855974 ], [ -73.840459, 40.855635 ], [ -73.841399, 40.855015 ], [ -73.842054, 40.854437 ], [ -73.842487, 40.853976 ], [ -73.842929, 40.853419 ], [ -73.843189, 40.852973 ], [ -73.844362, 40.851119 ], [ -73.844451, 40.851244 ], [ -73.846704, 40.851241 ], [ -73.847224, 40.851145 ], [ -73.847298, 40.851087 ], [ -73.848214, 40.851091 ], [ -73.848613, 40.85108 ], [ -73.849422, 40.852119 ], [ -73.850408, 40.853382 ], [ -73.851218, 40.853019 ], [ -73.852024, 40.85265 ], [ -73.850499, 40.850696 ], [ -73.851368, 40.850304 ], [ -73.852242, 40.849911 ], [ -73.853046, 40.849547 ], [ -73.853853, 40.849184 ], [ -73.854663, 40.848821 ], [ -73.85521, 40.848573 ], [ -73.855405, 40.848486 ], [ -73.855468, 40.848458 ], [ -73.856279, 40.848093 ], [ -73.857086, 40.847729 ], [ -73.856064, 40.84642 ], [ -73.856871, 40.846054 ], [ -73.855436, 40.84422 ], [ -73.855298, 40.844009 ], [ -73.856186, 40.843771 ], [ -73.856863, 40.84353 ], [ -73.855741, 40.843143 ], [ -73.85521, 40.842975 ], [ -73.864107, 40.841675 ], [ -73.865167, 40.842466 ], [ -73.865495, 40.842786 ], [ -73.865727, 40.843011 ], [ -73.865911, 40.843197 ], [ -73.866307, 40.843612 ], [ -73.866879, 40.845066 ], [ -73.867714, 40.847279 ], [ -73.868355, 40.84708 ], [ -73.868006, 40.848302 ], [ -73.867855, 40.848889 ], [ -73.868374, 40.84897 ], [ -73.867819, 40.849905 ], [ -73.868235, 40.850913 ], [ -73.868609, 40.852088 ], [ -73.868722, 40.852424 ], [ -73.869167, 40.853686 ], [ -73.869377, 40.854266 ], [ -73.869815, 40.855484 ], [ -73.8699, 40.855712 ], [ -73.869929, 40.85586 ], [ -73.869889, 40.855971 ], [ -73.869327, 40.856647 ], [ -73.868859, 40.857225 ], [ -73.868383, 40.857812 ], [ -73.867835, 40.85852 ], [ -73.867595, 40.858989 ], [ -73.867337, 40.859555 ], [ -73.866798, 40.861338 ], [ -73.867486, 40.861346 ], [ -73.868496, 40.861363 ], [ -73.869436, 40.861382 ], [ -73.870579, 40.861405 ], [ -73.870462, 40.863272 ], [ -73.870419, 40.865363 ], [ -73.870743, 40.865372 ], [ -73.870853, 40.865372 ], [ -73.871016, 40.865427 ], [ -73.871371, 40.865627 ], [ -73.871698, 40.865918 ], [ -73.871965, 40.866148 ], [ -73.872153, 40.866212 ], [ -73.873651, 40.866722 ], [ -73.874324, 40.866863 ], [ -73.875089, 40.866194 ], [ -73.875732, 40.866507 ], [ -73.876212, 40.866758 ], [ -73.876464, 40.866878 ], [ -73.876611, 40.866927 ], [ -73.876759, 40.866938 ], [ -73.877037, 40.866911 ], [ -73.877294, 40.866791 ], [ -73.877452, 40.866725 ], [ -73.877632, 40.86672 ], [ -73.877802, 40.866834 ], [ -73.878025, 40.867047 ], [ -73.878446, 40.86755 ], [ -73.878517, 40.867593 ], [ -73.87861, 40.867593 ], [ -73.878987, 40.867451 ], [ -73.879369, 40.867249 ], [ -73.87998, 40.866916 ], [ -73.880286, 40.866698 ], [ -73.880548, 40.866517 ], [ -73.880791, 40.866395 ], [ -73.880701, 40.86699 ], [ -73.880352, 40.867244 ], [ -73.879549, 40.867719 ], [ -73.87911, 40.86803 ], [ -73.879197, 40.867988 ], [ -73.879288, 40.867962 ], [ -73.879387, 40.867951 ], [ -73.879477, 40.867955 ], [ -73.879554, 40.86797 ], [ -73.879652, 40.868004 ], [ -73.879738, 40.868057 ], [ -73.87986, 40.868274 ], [ -73.880375, 40.869194 ], [ -73.881469, 40.868573 ], [ -73.881742, 40.869552 ], [ -73.881976, 40.870387 ], [ -73.882819, 40.869871 ], [ -73.883258, 40.870593 ], [ -73.883781, 40.871382 ], [ -73.883276, 40.871775 ], [ -73.882902, 40.871956 ], [ -73.88247, 40.872128 ], [ -73.882957, 40.873052 ], [ -73.8834, 40.873947 ], [ -73.88344, 40.874794 ], [ -73.883436, 40.875384 ], [ -73.883424, 40.875742 ], [ -73.88383, 40.876783 ], [ -73.884907, 40.8772 ], [ -73.885151, 40.877294 ], [ -73.885278, 40.877427 ], [ -73.885329, 40.877341 ], [ -73.88554, 40.877402 ], [ -73.885745, 40.877397 ], [ -73.886575, 40.877241 ], [ -73.887736, 40.877034 ], [ -73.88807, 40.876271 ], [ -73.888893, 40.876635 ], [ -73.889658, 40.876975 ], [ -73.889181, 40.878242 ] ] ] ] } },
{ "type": "Feature", "properties": { "assembly district": 74 }, "geometry": { "type": "MultiPolygon", "coordinates": [ [ [ [ -73.990585, 40.734917 ], [ -73.990232, 40.73508 ], [ -73.990021, 40.735232 ], [ -73.989947, 40.735314 ], [ -73.989916, 40.735349 ], [ -73.989455, 40.735987 ], [ -73.989016, 40.73656 ], [ -73.988578, 40.737147 ], [ -73.988159, 40.737732 ], [ -73.987726, 40.738317 ], [ -73.989765, 40.739177 ], [ -73.989582, 40.739865 ], [ -73.987302, 40.738903 ], [ -73.986849, 40.739522 ], [ -73.986366, 40.740187 ], [ -73.985879, 40.740853 ], [ -73.984261, 40.740172 ], [ -73.984749, 40.739506 ], [ -73.984002, 40.739191 ], [ -73.983147, 40.738832 ], [ -73.982665, 40.739497 ], [ -73.982211, 40.740115 ], [ -73.981762, 40.740733 ], [ -73.981622, 40.740924 ], [ -73.981312, 40.741351 ], [ -73.980859, 40.74197 ], [ -73.98041, 40.742587 ], [ -73.979959, 40.743205 ], [ -73.977673, 40.742259 ], [ -73.977206, 40.742854 ], [ -73.976758, 40.743472 ], [ -73.976348, 40.744092 ], [ -73.975881, 40.744779 ], [ -73.975394, 40.745442 ], [ -73.974936, 40.746078 ], [ -73.974811, 40.746261 ], [ -73.974667, 40.746452 ], [ -73.974619, 40.746518 ], [ -73.974496, 40.746682 ], [ -73.974115, 40.747199 ], [ -73.974044, 40.747296 ], [ -73.973592, 40.747919 ], [ -73.973141, 40.748538 ], [ -73.972979, 40.74876 ], [ -73.972824, 40.748973 ], [ -73.972692, 40.749157 ], [ -73.972203, 40.749823 ], [ -73.971713, 40.750494 ], [ -73.973959, 40.751441 ], [ -73.973503, 40.752065 ], [ -73.971263, 40.751122 ], [ -73.970804, 40.751748 ], [ -73.970341, 40.752379 ], [ -73.968527, 40.751605 ], [ -73.968024, 40.75139 ], [ -73.967974, 40.751366 ], [ -73.967777, 40.751626 ], [ -73.967797, 40.751717 ], [ -73.967698, 40.752041 ], [ -73.967261, 40.75264 ], [ -73.967144, 40.752585 ], [ -73.967056, 40.752548 ], [ -73.966917, 40.75249 ], [ -73.965512, 40.751878 ], [ -73.96538, 40.751833 ], [ -73.965334, 40.751822 ], [ -73.96529, 40.751812 ], [ -73.965215, 40.751808 ], [ -73.965055, 40.751813 ], [ -73.964862, 40.752011 ], [ -73.964459, 40.752421 ], [ -73.964007, 40.752893 ], [ -73.963632, 40.753283 ], [ -73.963406, 40.75352 ], [ -73.963268, 40.753459 ], [ -73.963185, 40.753415 ], [ -73.964715, 40.751717 ], [ -73.967697, 40.747866 ], [ -73.967881, 40.747617 ], [ -73.96793, 40.747552 ], [ -73.967989, 40.747484 ], [ -73.968192, 40.747251 ], [ -73.968737, 40.746508 ], [ -73.961381, 40.742802 ], [ -73.961684, 40.741582 ], [ -73.961796, 40.741131 ], [ -73.961911, 40.740997 ], [ -73.962435, 40.739672 ], [ -73.962441, 40.73964 ], [ -73.96262, 40.739033 ], [ -73.962609, 40.738805 ], [ -73.962478, 40.736802 ], [ -73.962629, 40.736545 ], [ -73.962672, 40.736446 ], [ -73.962668, 40.73641 ], [ -73.962665, 40.736334 ], [ -73.962605, 40.734902 ], [ -73.962348, 40.733812 ], [ -73.962338, 40.733451 ], [ -73.962307, 40.733119 ], [ -73.962288, 40.732899 ], [ -73.962278, 40.732826 ], [ -73.962268, 40.732769 ], [ -73.962261, 40.732741 ], [ -73.962252, 40.732713 ], [ -73.962229, 40.732649 ], [ -73.961932, 40.732679 ], [ -73.961897, 40.732485 ], [ -73.962148, 40.732452 ], [ -73.961997, 40.732038 ], [ -73.961843, 40.731625 ], [ -73.96145, 40.730994 ], [ -73.961308, 40.730299 ], [ -73.96126, 40.729749 ], [ -73.961214, 40.729508 ], [ -73.961197, 40.729425 ], [ -73.961137, 40.72943 ], [ -73.961115, 40.729361 ], [ -73.961088, 40.729256 ], [ -73.961076, 40.729194 ], [ -73.96108, 40.729148 ], [ -73.961075, 40.729107 ], [ -73.961054, 40.728943 ], [ -73.961044, 40.728782 ], [ -73.960994, 40.728773 ], [ -73.960986, 40.72876 ], [ -73.960992, 40.728656 ], [ -73.961028, 40.728512 ], [ -73.96104, 40.72849 ], [ -73.961055, 40.728471 ], [ -73.961063, 40.72844 ], [ -73.961107, 40.728195 ], [ -73.961215, 40.728151 ], [ -73.961157, 40.728114 ], [ -73.961172, 40.728057 ], [ -73.961283, 40.728038 ], [ -73.961389, 40.727524 ], [ -73.961436, 40.727298 ], [ -73.961501, 40.726986 ], [ -73.961531, 40.72591 ], [ -73.961611, 40.724951 ], [ -73.961618, 40.724861 ], [ -73.961606, 40.724836 ], [ -73.96155, 40.724722 ], [ -73.961537, 40.724695 ], [ -73.961538, 40.724584 ], [ -73.961539, 40.724401 ], [ -73.961543, 40.723876 ], [ -73.962014, 40.723369 ], [ -73.962645, 40.722747 ], [ -73.962787, 40.722562 ], [ -73.96355, 40.721571 ], [ -73.96373, 40.721339 ], [ -73.964038, 40.720939 ], [ -73.964676, 40.72011 ], [ -73.965086, 40.719581 ], [ -73.965206, 40.719425 ], [ -73.965572, 40.71895 ], [ -73.965704, 40.718779 ], [ -73.96613, 40.718331 ], [ -73.966249, 40.718205 ], [ -73.966477, 40.717955 ], [ -73.966511, 40.717917 ], [ -73.966613, 40.717806 ], [ -73.966671, 40.717743 ], [ -73.966836, 40.717564 ], [ -73.967578, 40.716496 ], [ -73.967716, 40.71604 ], [ -73.967999, 40.715106 ], [ -73.968041, 40.714966 ], [ -73.96837, 40.714127 ], [ -73.968469, 40.712999 ], [ -73.968819, 40.712686 ], [ -73.968861, 40.71265 ], [ -73.968895, 40.71262 ], [ -73.968945, 40.712575 ], [ -73.968993, 40.712533 ], [ -73.969021, 40.712508 ], [ -73.96905, 40.712482 ], [ -73.969072, 40.712385 ], [ -73.969128, 40.712144 ], [ -73.969612, 40.71016 ], [ -73.969941, 40.70931 ], [ -73.969888, 40.70877 ], [ -73.969845, 40.707988 ], [ -73.969613, 40.707634 ], [ -73.970141, 40.707407 ], [ -73.970236, 40.707367 ], [ -73.970318, 40.707332 ], [ -73.970573, 40.707555 ], [ -73.972309, 40.709071 ], [ -73.972789, 40.709378 ], [ -73.975933, 40.712907 ], [ -73.97534, 40.714313 ], [ -73.975305, 40.714396 ], [ -73.975298, 40.714412 ], [ -73.975286, 40.714442 ], [ -73.975233, 40.714568 ], [ -73.975227, 40.714582 ], [ -73.976344, 40.714917 ], [ -73.9764, 40.714931 ], [ -73.976454, 40.714949 ], [ -73.976554, 40.714978 ], [ -73.976614, 40.714995 ], [ -73.977368, 40.715236 ], [ -73.977999, 40.71544 ], [ -73.978179, 40.715492 ], [ -73.97902, 40.715748 ], [ -73.97924, 40.715818 ], [ -73.980699, 40.716257 ], [ -73.98067, 40.716304 ], [ -73.980577, 40.716455 ], [ -73.98023, 40.717096 ], [ -73.980202, 40.717149 ], [ -73.979992, 40.71754 ], [ -73.979965, 40.71759 ], [ -73.979486, 40.718528 ], [ -73.979416, 40.718666 ], [ -73.980224, 40.718942 ], [ -73.980371, 40.718992 ], [ -73.981225, 40.719245 ], [ -73.981712, 40.71818 ], [ -73.981858, 40.717861 ], [ -73.982289, 40.716976 ], [ -73.983104, 40.717181 ], [ -73.982477, 40.71829 ], [ -73.983395, 40.718571 ], [ -73.982803, 40.719723 ], [ -73.983642, 40.719978 ], [ -73.984477, 40.720235 ], [ -73.985319, 40.720489 ], [ -73.986158, 40.720745 ], [ -73.985516, 40.721985 ], [ -73.984678, 40.72173 ], [ -73.983824, 40.721473 ], [ -73.98373, 40.721606 ], [ -73.983444, 40.722019 ], [ -73.982964, 40.722671 ], [ -73.982524, 40.723278 ], [ -73.982083, 40.723882 ], [ -73.984043, 40.724711 ], [ -73.984403, 40.724863 ], [ -73.984837, 40.724269 ], [ -73.985286, 40.723649 ], [ -73.985752, 40.723009 ], [ -73.987968, 40.723942 ], [ -73.987502, 40.724584 ], [ -73.987053, 40.725203 ], [ -73.986623, 40.725796 ], [ -73.986176, 40.726409 ], [ -73.985753, 40.726988 ], [ -73.985307, 40.727599 ], [ -73.984875, 40.728194 ], [ -73.984448, 40.728781 ], [ -73.984009, 40.729381 ], [ -73.983543, 40.730021 ], [ -73.983077, 40.730659 ], [ -73.985444, 40.731658 ], [ -73.984941, 40.732347 ], [ -73.986104, 40.732837 ], [ -73.986813, 40.733137 ], [ -73.98718, 40.733292 ], [ -73.987578, 40.73346 ], [ -73.987616, 40.733476 ], [ -73.988402, 40.733807 ], [ -73.988779, 40.733966 ], [ -73.988843, 40.733994 ], [ -73.98888, 40.73401 ], [ -73.989903, 40.734435 ], [ -73.990754, 40.734839 ], [ -73.990585, 40.734917 ] ] ] ] } },
{ "type": "Feature", "properties": { "assembly district": 30 }, "geometry": { "type": "MultiPolygon", "coordinates": [ [ [ [ -73.93717, 40.753079 ], [ -73.936009, 40.754341 ], [ -73.93504, 40.755391 ], [ -73.935798, 40.755796 ], [ -73.936581, 40.756212 ], [ -73.935465, 40.757393 ], [ -73.934632, 40.75694 ], [ -73.933353, 40.758274 ], [ -73.932902, 40.758743 ], [ -73.932657, 40.758999 ], [ -73.931944, 40.759741 ], [ -73.932897, 40.76019 ], [ -73.932255, 40.76093 ], [ -73.932025, 40.761194 ], [ -73.93158, 40.761706 ], [ -73.931456, 40.761648 ], [ -73.930947, 40.761409 ], [ -73.930548, 40.761223 ], [ -73.929651, 40.760798 ], [ -73.92885, 40.760421 ], [ -73.9301, 40.75888 ], [ -73.929301, 40.758504 ], [ -73.928051, 40.760048 ], [ -73.927247, 40.759671 ], [ -73.928501, 40.758129 ], [ -73.927703, 40.757753 ], [ -73.926903, 40.757379 ], [ -73.926102, 40.757004 ], [ -73.925301, 40.756629 ], [ -73.924504, 40.756255 ], [ -73.923704, 40.75588 ], [ -73.922905, 40.755506 ], [ -73.921659, 40.757051 ], [ -73.919799, 40.759349 ], [ -73.920597, 40.759725 ], [ -73.920326, 40.760057 ], [ -73.918686, 40.762072 ], [ -73.917888, 40.761695 ], [ -73.917089, 40.76132 ], [ -73.916294, 40.760945 ], [ -73.915158, 40.762339 ], [ -73.914942, 40.761243 ], [ -73.914696, 40.760188 ], [ -73.913897, 40.759818 ], [ -73.914267, 40.759367 ], [ -73.915806, 40.757473 ], [ -73.917476, 40.755418 ], [ -73.91767, 40.755181 ], [ -73.918923, 40.753636 ], [ -73.917632, 40.753858 ], [ -73.916505, 40.753892 ], [ -73.915473, 40.753792 ], [ -73.915265, 40.754068 ], [ -73.913411, 40.756348 ], [ -73.912611, 40.755971 ], [ -73.912397, 40.756236 ], [ -73.910684, 40.758319 ], [ -73.91149, 40.758693 ], [ -73.910217, 40.760239 ], [ -73.909391, 40.761264 ], [ -73.908592, 40.76089 ], [ -73.907794, 40.760518 ], [ -73.907417, 40.76034 ], [ -73.907292, 40.760281 ], [ -73.906997, 40.760143 ], [ -73.906315, 40.759844 ], [ -73.905439, 40.759588 ], [ -73.905231, 40.759543 ], [ -73.905101, 40.759515 ], [ -73.904561, 40.759485 ], [ -73.904772, 40.758083 ], [ -73.904847, 40.757255 ], [ -73.905102, 40.757228 ], [ -73.905487, 40.757187 ], [ -73.905575, 40.757178 ], [ -73.906302, 40.757099 ], [ -73.906468, 40.757082 ], [ -73.906189, 40.755532 ], [ -73.905294, 40.755628 ], [ -73.904919, 40.755671 ], [ -73.904348, 40.755733 ], [ -73.903923, 40.753611 ], [ -73.903868, 40.753492 ], [ -73.90442, 40.75221 ], [ -73.903571, 40.75184 ], [ -73.902756, 40.751503 ], [ -73.902021, 40.751191 ], [ -73.90198, 40.751014 ], [ -73.90256, 40.7497 ], [ -73.903366, 40.747914 ], [ -73.903581, 40.747429 ], [ -73.902677, 40.74719 ], [ -73.903166, 40.746096 ], [ -73.903389, 40.745595 ], [ -73.903687, 40.744914 ], [ -73.903255, 40.744797 ], [ -73.902626, 40.744633 ], [ -73.902242, 40.74453 ], [ -73.901409, 40.744251 ], [ -73.901502, 40.744006 ], [ -73.9009, 40.743448 ], [ -73.901185, 40.742161 ], [ -73.900355, 40.742066 ], [ -73.900527, 40.741224 ], [ -73.900602, 40.740858 ], [ -73.900795, 40.739935 ], [ -73.900807, 40.73958 ], [ -73.900457, 40.739768 ], [ -73.899711, 40.740365 ], [ -73.899736, 40.740205 ], [ -73.899762, 40.740011 ], [ -73.899829, 40.739512 ], [ -73.898825, 40.739669 ], [ -73.898173, 40.739773 ], [ -73.897652, 40.739842 ], [ -73.897661, 40.739559 ], [ -73.897676, 40.739109 ], [ -73.897706, 40.738394 ], [ -73.897732, 40.73768 ], [ -73.89593, 40.737639 ], [ -73.895956, 40.736925 ], [ -73.895975, 40.736441 ], [ -73.896016, 40.735239 ], [ -73.895086, 40.735392 ], [ -73.895101, 40.735021 ], [ -73.894996, 40.735015 ], [ -73.894765, 40.734986 ], [ -73.894641, 40.734962 ], [ -73.89439, 40.734894 ], [ -73.894246, 40.734842 ], [ -73.894153, 40.734801 ], [ -73.893235, 40.734561 ], [ -73.892326, 40.73447 ], [ -73.89175, 40.734485 ], [ -73.891385, 40.734505 ], [ -73.891379, 40.735239 ], [ -73.889016, 40.735231 ], [ -73.888566, 40.734592 ], [ -73.887702, 40.734291 ], [ -73.887514, 40.734225 ], [ -73.886892, 40.734099 ], [ -73.88549, 40.734009 ], [ -73.885266, 40.734005 ], [ -73.885065, 40.733982 ], [ -73.884838, 40.733933 ], [ -73.884691, 40.733886 ], [ -73.883811, 40.73356 ], [ -73.883182, 40.733329 ], [ -73.881714, 40.732107 ], [ -73.881295, 40.731751 ], [ -73.88067, 40.731232 ], [ -73.880061, 40.730722 ], [ -73.879686, 40.730996 ], [ -73.88031, 40.731492 ], [ -73.879578, 40.732032 ], [ -73.878707, 40.731717 ], [ -73.87848, 40.731961 ], [ -73.878247, 40.731873 ], [ -73.877506, 40.731607 ], [ -73.876782, 40.731304 ], [ -73.875825, 40.730947 ], [ -73.875588, 40.730859 ], [ -73.875426, 40.730796 ], [ -73.875237, 40.730724 ], [ -73.874996, 40.730788 ], [ -73.874792, 40.730669 ], [ -73.874637, 40.730579 ], [ -73.87367, 40.730882 ], [ -73.873126, 40.730999 ], [ -73.872403, 40.731114 ], [ -73.872293, 40.731141 ], [ -73.872175, 40.731154 ], [ -73.872054, 40.731151 ], [ -73.871936, 40.731132 ], [ -73.871825, 40.731098 ], [ -73.871646, 40.731017 ], [ -73.871642, 40.730886 ], [ -73.87164, 40.730864 ], [ -73.871629, 40.730751 ], [ -73.871566, 40.730078 ], [ -73.871489, 40.729485 ], [ -73.871429, 40.729248 ], [ -73.871133, 40.728372 ], [ -73.869632, 40.72791 ], [ -73.869243, 40.727768 ], [ -73.868788, 40.727602 ], [ -73.869422, 40.726603 ], [ -73.869576, 40.726359 ], [ -73.870107, 40.726215 ], [ -73.870211, 40.726187 ], [ -73.869699, 40.725146 ], [ -73.869293, 40.724436 ], [ -73.868768, 40.723821 ], [ -73.868487, 40.723572 ], [ -73.868244, 40.723256 ], [ -73.867659, 40.722661 ], [ -73.867285, 40.722257 ], [ -73.867114, 40.722076 ], [ -73.866572, 40.721487 ], [ -73.866042, 40.720901 ], [ -73.865476, 40.720281 ], [ -73.867167, 40.719641 ], [ -73.867969, 40.719268 ], [ -73.868779, 40.718904 ], [ -73.869586, 40.718545 ], [ -73.870531, 40.718161 ], [ -73.87143, 40.717992 ], [ -73.872392, 40.717831 ], [ -73.873209, 40.717741 ], [ -73.874402, 40.717575 ], [ -73.875368, 40.717452 ], [ -73.87628, 40.717342 ], [ -73.876387, 40.717329 ], [ -73.87722, 40.717226 ], [ -73.877385, 40.717205 ], [ -73.879135, 40.716982 ], [ -73.879557, 40.71715 ], [ -73.881025, 40.719013 ], [ -73.88183, 40.71864 ], [ -73.882629, 40.718271 ], [ -73.88342, 40.717902 ], [ -73.884229, 40.717524 ], [ -73.885047, 40.717142 ], [ -73.885837, 40.716777 ], [ -73.886662, 40.716396 ], [ -73.886351, 40.716017 ], [ -73.886319, 40.715924 ], [ -73.886306, 40.715825 ], [ -73.886314, 40.715724 ], [ -73.886343, 40.715624 ], [ -73.886392, 40.71553 ], [ -73.886459, 40.715444 ], [ -73.886539, 40.71537 ], [ -73.886982, 40.71474 ], [ -73.887179, 40.714756 ], [ -73.8872, 40.714849 ], [ -73.887237, 40.714941 ], [ -73.887287, 40.715029 ], [ -73.887349, 40.715111 ], [ -73.887446, 40.715177 ], [ -73.888776, 40.712286 ], [ -73.893806, 40.712434 ], [ -73.894019, 40.712441 ], [ -73.895025, 40.712478 ], [ -73.895538, 40.713804 ], [ -73.896285, 40.714818 ], [ -73.897118, 40.714611 ], [ -73.897977, 40.7144 ], [ -73.898696, 40.714225 ], [ -73.899595, 40.714041 ], [ -73.900938, 40.713841 ], [ -73.901158, 40.714622 ], [ -73.902045, 40.714197 ], [ -73.902854, 40.713793 ], [ -73.90333, 40.715398 ], [ -73.904224, 40.715282 ], [ -73.905868, 40.715069 ], [ -73.906021, 40.715743 ], [ -73.906176, 40.716421 ], [ -73.90639, 40.717364 ], [ -73.904861, 40.717588 ], [ -73.903972, 40.717721 ], [ -73.904159, 40.718392 ], [ -73.904368, 40.719137 ], [ -73.904782, 40.720609 ], [ -73.904096, 40.721031 ], [ -73.904227, 40.721244 ], [ -73.904296, 40.721389 ], [ -73.904354, 40.721538 ], [ -73.9044, 40.721689 ], [ -73.904435, 40.721842 ], [ -73.904448, 40.721919 ], [ -73.904563, 40.7226 ], [ -73.908422, 40.722447 ], [ -73.908475, 40.723158 ], [ -73.908698, 40.723155 ], [ -73.908922, 40.72314 ], [ -73.909056, 40.723117 ], [ -73.909143, 40.723113 ], [ -73.909361, 40.723075 ], [ -73.909575, 40.72303 ], [ -73.909795, 40.722997 ], [ -73.910017, 40.722976 ], [ -73.910241, 40.722968 ], [ -73.910465, 40.722973 ], [ -73.910686, 40.72299 ], [ -73.910759, 40.724137 ], [ -73.911345, 40.724182 ], [ -73.912563, 40.723239 ], [ -73.912708, 40.723285 ], [ -73.91317, 40.723082 ], [ -73.913845, 40.722898 ], [ -73.914587, 40.723898 ], [ -73.915106, 40.724443 ], [ -73.915409, 40.724668 ], [ -73.91573, 40.724881 ], [ -73.916068, 40.725081 ], [ -73.916423, 40.725265 ], [ -73.916791, 40.725433 ], [ -73.917171, 40.725585 ], [ -73.917562, 40.725718 ], [ -73.91796, 40.725834 ], [ -73.918364, 40.725931 ], [ -73.918013, 40.728238 ], [ -73.919659, 40.728517 ], [ -73.919537, 40.728834 ], [ -73.919496, 40.728929 ], [ -73.922561, 40.729587 ], [ -73.922294, 40.730293 ], [ -73.92204, 40.730971 ], [ -73.921783, 40.731656 ], [ -73.919334, 40.731139 ], [ -73.918726, 40.73103 ], [ -73.918588, 40.731067 ], [ -73.918474, 40.731089 ], [ -73.918315, 40.731108 ], [ -73.918109, 40.731113 ], [ -73.917873, 40.731092 ], [ -73.917657, 40.731046 ], [ -73.917521, 40.731003 ], [ -73.917366, 40.731328 ], [ -73.917848, 40.731468 ], [ -73.918852, 40.73185 ], [ -73.919061, 40.731954 ], [ -73.919038, 40.732021 ], [ -73.919017, 40.732089 ], [ -73.919267, 40.732208 ], [ -73.91977, 40.732737 ], [ -73.920514, 40.733728 ], [ -73.920613, 40.733859 ], [ -73.920656, 40.733918 ], [ -73.920691, 40.73398 ], [ -73.920719, 40.734045 ], [ -73.920738, 40.734111 ], [ -73.920749, 40.734178 ], [ -73.920751, 40.734246 ], [ -73.920745, 40.734313 ], [ -73.920731, 40.73438 ], [ -73.920713, 40.73444 ], [ -73.921268, 40.734724 ], [ -73.921341, 40.734836 ], [ -73.921211, 40.735235 ], [ -73.921203, 40.735379 ], [ -73.920764, 40.737571 ], [ -73.919836, 40.737464 ], [ -73.91891, 40.737357 ], [ -73.917982, 40.737251 ], [ -73.917612, 40.739096 ], [ -73.916685, 40.738989 ], [ -73.916311, 40.740854 ], [ -73.915944, 40.742686 ], [ -73.915878, 40.742998 ], [ -73.915847, 40.743139 ], [ -73.915588, 40.744464 ], [ -73.915566, 40.744579 ], [ -73.915307, 40.745864 ], [ -73.915252, 40.746142 ], [ -73.915232, 40.746246 ], [ -73.915186, 40.746473 ], [ -73.915165, 40.746578 ], [ -73.915113, 40.746835 ], [ -73.915077, 40.747013 ], [ -73.915013, 40.747331 ], [ -73.915949, 40.747401 ], [ -73.915941, 40.747438 ], [ -73.915923, 40.747528 ], [ -73.91589, 40.747693 ], [ -73.91588, 40.747741 ], [ -73.915839, 40.747947 ], [ -73.915788, 40.748202 ], [ -73.915786, 40.748213 ], [ -73.915762, 40.748335 ], [ -73.915735, 40.748469 ], [ -73.916101, 40.748506 ], [ -73.916186, 40.748522 ], [ -73.91634, 40.74855 ], [ -73.916408, 40.748557 ], [ -73.91633, 40.748988 ], [ -73.916175, 40.74898 ], [ -73.916149, 40.749206 ], [ -73.916234, 40.749215 ], [ -73.916526, 40.749248 ], [ -73.916849, 40.749286 ], [ -73.917153, 40.749321 ], [ -73.917231, 40.74933 ], [ -73.917456, 40.749356 ], [ -73.918019, 40.749427 ], [ -73.91838, 40.749473 ], [ -73.918557, 40.749482 ], [ -73.918676, 40.749488 ], [ -73.919359, 40.749345 ], [ -73.920342, 40.749159 ], [ -73.920798, 40.746891 ], [ -73.921132, 40.745224 ], [ -73.92206, 40.74533 ], [ -73.922989, 40.745438 ], [ -73.923916, 40.745545 ], [ -73.923581, 40.747214 ], [ -73.92451, 40.747321 ], [ -73.925467, 40.747432 ], [ -73.925342, 40.748049 ], [ -73.925247, 40.748539 ], [ -73.925175, 40.748913 ], [ -73.925145, 40.749066 ], [ -73.924957, 40.750003 ], [ -73.924832, 40.750637 ], [ -73.924715, 40.751228 ], [ -73.924689, 40.751727 ], [ -73.924417, 40.752404 ], [ -73.925627, 40.752137 ], [ -73.925961, 40.752096 ], [ -73.926424, 40.752072 ], [ -73.926469, 40.752069 ], [ -73.926509, 40.752434 ], [ -73.927266, 40.752847 ], [ -73.928025, 40.753272 ], [ -73.927781, 40.753571 ], [ -73.926554, 40.755086 ], [ -73.927352, 40.75546 ], [ -73.928154, 40.755836 ], [ -73.928956, 40.756213 ], [ -73.930299, 40.754548 ], [ -73.931057, 40.754974 ], [ -73.932022, 40.753787 ], [ -73.932791, 40.754195 ], [ -73.9337, 40.753112 ], [ -73.93291, 40.752693 ], [ -73.933833, 40.751605 ], [ -73.934749, 40.751959 ], [ -73.935614, 40.752282 ], [ -73.936402, 40.752672 ], [ -73.93717, 40.753079 ] ] ] ] } },
{ "type": "Feature", "properties": { "assembly district": 52 }, "geometry": { "type": "MultiPolygon", "coordinates": [ [ [ [ -74.015275, 40.682142 ], [ -74.013167, 40.683411 ], [ -74.012835, 40.683609 ], [ -74.012768, 40.683605 ], [ -74.01263, 40.683471 ], [ -74.012484, 40.683553 ], [ -74.012126, 40.68377 ], [ -74.011924, 40.683894 ], [ -74.01094, 40.684485 ], [ -74.008595, 40.685904 ], [ -74.008513, 40.685963 ], [ -74.008425, 40.686016 ], [ -74.008164, 40.686175 ], [ -74.00795, 40.686293 ], [ -74.007929, 40.686276 ], [ -74.007899, 40.686251 ], [ -74.007843, 40.686238 ], [ -74.007778, 40.686245 ], [ -74.00773, 40.686254 ], [ -74.00767, 40.686269 ], [ -74.007623, 40.686285 ], [ -74.007536, 40.686315 ], [ -74.007497, 40.686344 ], [ -74.007411, 40.686388 ], [ -74.007243, 40.686449 ], [ -74.00715, 40.686475 ], [ -74.007064, 40.686504 ], [ -74.00702, 40.686526 ], [ -74.006989, 40.686509 ], [ -74.006875, 40.686464 ], [ -74.006755, 40.686413 ], [ -74.006594, 40.686347 ], [ -74.006506, 40.686314 ], [ -74.006444, 40.686296 ], [ -74.006406, 40.686289 ], [ -74.00635, 40.686285 ], [ -74.005874, 40.686207 ], [ -74.00563, 40.686784 ], [ -74.005038, 40.687561 ], [ -74.004593, 40.688215 ], [ -74.003919, 40.68886 ], [ -74.00382, 40.68893 ], [ -74.003409, 40.689613 ], [ -74.003024, 40.690349 ], [ -74.002993, 40.690427 ], [ -74.002763, 40.690364 ], [ -74.002616, 40.690324 ], [ -74.002427, 40.690273 ], [ -74.002178, 40.690206 ], [ -74.001963, 40.690136 ], [ -74.001853, 40.690388 ], [ -74.00096, 40.690132 ], [ -74.000699, 40.690612 ], [ -74.001332, 40.691225 ], [ -74.001969, 40.691843 ], [ -74.001818, 40.692222 ], [ -74.001744, 40.692407 ], [ -74.001542, 40.692786 ], [ -74.001317, 40.693208 ], [ -74.001277, 40.693298 ], [ -74.001194, 40.693484 ], [ -74.000959, 40.694069 ], [ -74.000701, 40.694388 ], [ -74.000277, 40.694959 ], [ -73.999882, 40.695605 ], [ -73.999604, 40.696069 ], [ -73.999461, 40.69628 ], [ -73.99942, 40.696361 ], [ -73.999428, 40.69641 ], [ -73.999478, 40.696466 ], [ -73.999535, 40.696578 ], [ -73.999474, 40.696704 ], [ -73.999295, 40.696795 ], [ -73.999182, 40.696885 ], [ -73.998991, 40.696812 ], [ -73.99894, 40.696941 ], [ -73.998857, 40.69692 ], [ -73.998763, 40.69711 ], [ -73.998847, 40.697141 ], [ -73.998376, 40.698048 ], [ -73.998032, 40.698762 ], [ -73.9975, 40.699653 ], [ -73.996698, 40.700877 ], [ -73.995138, 40.70298 ], [ -73.995069, 40.703102 ], [ -73.994806, 40.703296 ], [ -73.994663, 40.703431 ], [ -73.994858, 40.703566 ], [ -73.994992, 40.703654 ], [ -73.994882, 40.703788 ], [ -73.994881, 40.703813 ], [ -73.994816, 40.703906 ], [ -73.994714, 40.703997 ], [ -73.994797, 40.704096 ], [ -73.994618, 40.704226 ], [ -73.994565, 40.704265 ], [ -73.994498, 40.704318 ], [ -73.994341, 40.704429 ], [ -73.993861, 40.704556 ], [ -73.993807, 40.70454 ], [ -73.993775, 40.704449 ], [ -73.993693, 40.704476 ], [ -73.993713, 40.70452 ], [ -73.993853, 40.704829 ], [ -73.992722, 40.705544 ], [ -73.99148, 40.705625 ], [ -73.990882, 40.705124 ], [ -73.990696, 40.705131 ], [ -73.990549, 40.705144 ], [ -73.989861, 40.705175 ], [ -73.989608, 40.705158 ], [ -73.989495, 40.705145 ], [ -73.989424, 40.705137 ], [ -73.989381, 40.705137 ], [ -73.989224, 40.705137 ], [ -73.987957, 40.705134 ], [ -73.987577, 40.705158 ], [ -73.987449, 40.705166 ], [ -73.987271, 40.705181 ], [ -73.986866, 40.705161 ], [ -73.986762, 40.705118 ], [ -73.98669, 40.705075 ], [ -73.986641, 40.705018 ], [ -73.986623, 40.704979 ], [ -73.98653, 40.704979 ], [ -73.986429, 40.705083 ], [ -73.986434, 40.705349 ], [ -73.985852, 40.705415 ], [ -73.984189, 40.705582 ], [ -73.983442, 40.705645 ], [ -73.983426, 40.705577 ], [ -73.983398, 40.705467 ], [ -73.983351, 40.705451 ], [ -73.983227, 40.705482 ], [ -73.98308, 40.70548 ], [ -73.98308, 40.705519 ], [ -73.982825, 40.705558 ], [ -73.982741, 40.705576 ], [ -73.982748, 40.705532 ], [ -73.982572, 40.705518 ], [ -73.982455, 40.705509 ], [ -73.982449, 40.705547 ], [ -73.982329, 40.705552 ], [ -73.98221, 40.70554 ], [ -73.982033, 40.705515 ], [ -73.981856, 40.70549 ], [ -73.980987, 40.705374 ], [ -73.980907, 40.705907 ], [ -73.980332, 40.705846 ], [ -73.979479, 40.705825 ], [ -73.979233, 40.705769 ], [ -73.979372, 40.705443 ], [ -73.979171, 40.705301 ], [ -73.979168, 40.705279 ], [ -73.979328, 40.704746 ], [ -73.979466, 40.704462 ], [ -73.979603, 40.704177 ], [ -73.979988, 40.703541 ], [ -73.980224, 40.703063 ], [ -73.980339, 40.702659 ], [ -73.980141, 40.702386 ], [ -73.980511, 40.702048 ], [ -73.980649, 40.701561 ], [ -73.980729, 40.701268 ], [ -73.98285, 40.701359 ], [ -73.984761, 40.701439 ], [ -73.984827, 40.700577 ], [ -73.985443, 40.70059 ], [ -73.985634, 40.700595 ], [ -73.986601, 40.700621 ], [ -73.986798, 40.700617 ], [ -73.98657, 40.700213 ], [ -73.986409, 40.699928 ], [ -73.986208, 40.699581 ], [ -73.985587, 40.698446 ], [ -73.985379, 40.69844 ], [ -73.985158, 40.698443 ], [ -73.985044, 40.698444 ], [ -73.98496, 40.698445 ], [ -73.983995, 40.698414 ], [ -73.984044, 40.697577 ], [ -73.983118, 40.697542 ], [ -73.983191, 40.696099 ], [ -73.983213, 40.695916 ], [ -73.983264, 40.694814 ], [ -73.983322, 40.694429 ], [ -73.9834, 40.693926 ], [ -73.983261, 40.693683 ], [ -73.983221, 40.693602 ], [ -73.982559, 40.692272 ], [ -73.982452, 40.69205 ], [ -73.982079, 40.691292 ], [ -73.98136, 40.689928 ], [ -73.98087, 40.688866 ], [ -73.980813, 40.688775 ], [ -73.980647, 40.688523 ], [ -73.980559, 40.688351 ], [ -73.979841, 40.687345 ], [ -73.97959, 40.687004 ], [ -73.979363, 40.686682 ], [ -73.979088, 40.686285 ], [ -73.978274, 40.685196 ], [ -73.978026, 40.684864 ], [ -73.977457, 40.684052 ], [ -73.976667, 40.682973 ], [ -73.976569, 40.682827 ], [ -73.976317, 40.682509 ], [ -73.975834, 40.681836 ], [ -73.975144, 40.680872 ], [ -73.974504, 40.680733 ], [ -73.974692, 40.680266 ], [ -73.97431, 40.679735 ], [ -73.973509, 40.678639 ], [ -73.972338, 40.678393 ], [ -73.972027, 40.678328 ], [ -73.96886, 40.677665 ], [ -73.965974, 40.67706 ], [ -73.966296, 40.67618 ], [ -73.966613, 40.675302 ], [ -73.966942, 40.674416 ], [ -73.968731, 40.673928 ], [ -73.968797, 40.673284 ], [ -73.968858, 40.67307 ], [ -73.968924, 40.672938 ], [ -73.969247, 40.672743 ], [ -73.969347, 40.672674 ], [ -73.969662, 40.672654 ], [ -73.970039, 40.67268 ], [ -73.970409, 40.672617 ], [ -73.970855, 40.671865 ], [ -73.971325, 40.671248 ], [ -73.971816, 40.67063 ], [ -73.972317, 40.670029 ], [ -73.97282, 40.669427 ], [ -73.973323, 40.668825 ], [ -73.975696, 40.669973 ], [ -73.978061, 40.671112 ], [ -73.980418, 40.672256 ], [ -73.980923, 40.671655 ], [ -73.981425, 40.671052 ], [ -73.981927, 40.670448 ], [ -73.982428, 40.669847 ], [ -73.980068, 40.668705 ], [ -73.980569, 40.668103 ], [ -73.982932, 40.669245 ], [ -73.983435, 40.668642 ], [ -73.983943, 40.66803 ], [ -73.984438, 40.667437 ], [ -73.984943, 40.666834 ], [ -73.985445, 40.666233 ], [ -73.985948, 40.66563 ], [ -73.98645, 40.665028 ], [ -73.986951, 40.664425 ], [ -73.987453, 40.663823 ], [ -73.988335, 40.662805 ], [ -73.988769, 40.662432 ], [ -73.988924, 40.662283 ], [ -73.991089, 40.66359 ], [ -73.99335, 40.664953 ], [ -73.992937, 40.66535 ], [ -73.992893, 40.665391 ], [ -73.99277, 40.665507 ], [ -73.992238, 40.666133 ], [ -73.991734, 40.666736 ], [ -73.991231, 40.667339 ], [ -73.99073, 40.667941 ], [ -73.990226, 40.668544 ], [ -73.992527, 40.669655 ], [ -73.992024, 40.670257 ], [ -73.991522, 40.670861 ], [ -73.991345, 40.671073 ], [ -73.991023, 40.671458 ], [ -73.993379, 40.672604 ], [ -73.993668, 40.672257 ], [ -73.993878, 40.672005 ], [ -73.994384, 40.671403 ], [ -73.994896, 40.67079 ], [ -73.995392, 40.670195 ], [ -73.995895, 40.669593 ], [ -73.997416, 40.670349 ], [ -73.99728, 40.670443 ], [ -73.997153, 40.670547 ], [ -73.997039, 40.67066 ], [ -73.996938, 40.670778 ], [ -73.996851, 40.670903 ], [ -73.996363, 40.671493 ], [ -73.996649, 40.67163 ], [ -73.997521, 40.672137 ], [ -73.997767, 40.672429 ], [ -73.998372, 40.671641 ], [ -73.998551, 40.671926 ], [ -73.998913, 40.672481 ], [ -73.998694, 40.672824 ], [ -73.998388, 40.673471 ], [ -73.998077, 40.674115 ], [ -73.99777, 40.674742 ], [ -73.999352, 40.6752 ], [ -74.000699, 40.675571 ], [ -74.000904, 40.675637 ], [ -74.001213, 40.67587 ], [ -74.00136, 40.676113 ], [ -74.001634, 40.676551 ], [ -74.001768, 40.676603 ], [ -74.001869, 40.676622 ], [ -74.001888, 40.676628 ], [ -74.001995, 40.676661 ], [ -74.002405, 40.677188 ], [ -74.002682, 40.677544 ], [ -74.002744, 40.67762 ], [ -74.003056, 40.677976 ], [ -74.003277, 40.67823 ], [ -74.003512, 40.678564 ], [ -74.003628, 40.678594 ], [ -74.003834, 40.678646 ], [ -74.003766, 40.678805 ], [ -74.003735, 40.678898 ], [ -74.003642, 40.6792 ], [ -74.003357, 40.679244 ], [ -74.003443, 40.679574 ], [ -74.003439, 40.67967 ], [ -74.003431, 40.679708 ], [ -74.003525, 40.67979 ], [ -74.003718, 40.680021 ], [ -74.003841, 40.680177 ], [ -74.004473, 40.680993 ], [ -74.003289, 40.680664 ], [ -74.002962, 40.681334 ], [ -74.004302, 40.681707 ], [ -74.003979, 40.682377 ], [ -74.003656, 40.683048 ], [ -74.003334, 40.683721 ], [ -74.00197, 40.683345 ], [ -74.001648, 40.684009 ], [ -74.001327, 40.684682 ], [ -74.002686, 40.685062 ], [ -74.004853, 40.685668 ], [ -74.005179, 40.684998 ], [ -74.005498, 40.684326 ], [ -74.005819, 40.683656 ], [ -74.00596, 40.683363 ], [ -74.006065, 40.683202 ], [ -74.006175, 40.683096 ], [ -74.006228, 40.683044 ], [ -74.006343, 40.682944 ], [ -74.006456, 40.682846 ], [ -74.006678, 40.682658 ], [ -74.007303, 40.682123 ], [ -74.007925, 40.681592 ], [ -74.008553, 40.681058 ], [ -74.0092, 40.681496 ], [ -74.010451, 40.680431 ], [ -74.009805, 40.679991 ], [ -74.010427, 40.67946 ], [ -74.011055, 40.678926 ], [ -74.0117, 40.679365 ], [ -74.012299, 40.679731 ], [ -74.013883, 40.6808 ], [ -74.01439, 40.681341 ], [ -74.015275, 40.682142 ] ] ] ] } },
{ "type": "Feature", "properties": { "assembly district": 78 }, "geometry": { "type": "MultiPolygon", "coordinates": [ [ [ [ -73.909107, 40.863555 ], [ -73.909071, 40.863853 ], [ -73.909027, 40.864216 ], [ -73.908826, 40.864854 ], [ -73.908488, 40.865345 ], [ -73.908527, 40.866537 ], [ -73.908368, 40.867247 ], [ -73.90793, 40.868451 ], [ -73.907222, 40.868851 ], [ -73.906319, 40.869572 ], [ -73.905996, 40.869873 ], [ -73.905585, 40.870135 ], [ -73.905055, 40.870308 ], [ -73.904731, 40.870344 ], [ -73.904397, 40.870348 ], [ -73.904483, 40.870566 ], [ -73.904494, 40.870836 ], [ -73.904436, 40.871576 ], [ -73.904442, 40.872176 ], [ -73.904459, 40.872423 ], [ -73.9045, 40.872534 ], [ -73.904662, 40.872645 ], [ -73.905714, 40.873138 ], [ -73.904708, 40.874617 ], [ -73.903706, 40.874292 ], [ -73.902713, 40.873985 ], [ -73.901748, 40.873675 ], [ -73.901604, 40.874185 ], [ -73.901375, 40.874826 ], [ -73.901169, 40.875178 ], [ -73.900916, 40.875489 ], [ -73.90068, 40.875677 ], [ -73.900054, 40.876184 ], [ -73.900096, 40.87589 ], [ -73.9002, 40.87576 ], [ -73.900341, 40.875489 ], [ -73.900429, 40.875219 ], [ -73.900476, 40.874949 ], [ -73.900452, 40.874702 ], [ -73.900316, 40.874426 ], [ -73.900954, 40.872293 ], [ -73.901523, 40.870393 ], [ -73.901598, 40.870184 ], [ -73.901727, 40.86999 ], [ -73.902062, 40.869614 ], [ -73.902127, 40.869409 ], [ -73.902358, 40.868696 ], [ -73.903116, 40.867654 ], [ -73.904391, 40.865905 ], [ -73.904105, 40.865745 ], [ -73.903798, 40.865574 ], [ -73.903322, 40.865311 ], [ -73.902074, 40.866997 ], [ -73.90114, 40.86828 ], [ -73.90017, 40.86804 ], [ -73.899976, 40.867986 ], [ -73.899782, 40.868169 ], [ -73.899644, 40.868468 ], [ -73.899653, 40.868686 ], [ -73.8996, 40.868927 ], [ -73.898918, 40.869658 ], [ -73.896561, 40.868565 ], [ -73.896037, 40.86923 ], [ -73.895452, 40.869932 ], [ -73.895002, 40.870361 ], [ -73.89485, 40.870451 ], [ -73.891634, 40.874477 ], [ -73.889658, 40.876975 ], [ -73.888893, 40.876635 ], [ -73.88807, 40.876271 ], [ -73.887736, 40.877034 ], [ -73.886575, 40.877241 ], [ -73.885745, 40.877397 ], [ -73.88554, 40.877402 ], [ -73.885329, 40.877341 ], [ -73.885278, 40.877427 ], [ -73.885151, 40.877294 ], [ -73.884907, 40.8772 ], [ -73.88383, 40.876783 ], [ -73.883424, 40.875742 ], [ -73.883436, 40.875384 ], [ -73.88344, 40.874794 ], [ -73.8834, 40.873947 ], [ -73.882957, 40.873052 ], [ -73.88247, 40.872128 ], [ -73.882902, 40.871956 ], [ -73.883276, 40.871775 ], [ -73.883781, 40.871382 ], [ -73.883258, 40.870593 ], [ -73.882819, 40.869871 ], [ -73.881976, 40.870387 ], [ -73.881742, 40.869552 ], [ -73.881469, 40.868573 ], [ -73.880375, 40.869194 ], [ -73.87986, 40.868274 ], [ -73.879738, 40.868057 ], [ -73.879652, 40.868004 ], [ -73.879554, 40.86797 ], [ -73.879477, 40.867955 ], [ -73.879387, 40.867951 ], [ -73.879288, 40.867962 ], [ -73.879197, 40.867988 ], [ -73.87911, 40.86803 ], [ -73.879549, 40.867719 ], [ -73.880352, 40.867244 ], [ -73.880701, 40.86699 ], [ -73.880791, 40.866395 ], [ -73.880548, 40.866517 ], [ -73.880286, 40.866698 ], [ -73.87998, 40.866916 ], [ -73.879369, 40.867249 ], [ -73.878987, 40.867451 ], [ -73.87861, 40.867593 ], [ -73.878517, 40.867593 ], [ -73.878446, 40.86755 ], [ -73.878025, 40.867047 ], [ -73.877802, 40.866834 ], [ -73.877632, 40.86672 ], [ -73.877452, 40.866725 ], [ -73.877294, 40.866791 ], [ -73.877037, 40.866911 ], [ -73.876759, 40.866938 ], [ -73.876611, 40.866927 ], [ -73.876464, 40.866878 ], [ -73.876212, 40.866758 ], [ -73.875732, 40.866507 ], [ -73.875089, 40.866194 ], [ -73.874324, 40.866863 ], [ -73.873651, 40.866722 ], [ -73.872153, 40.866212 ], [ -73.871965, 40.866148 ], [ -73.871698, 40.865918 ], [ -73.871371, 40.865627 ], [ -73.871016, 40.865427 ], [ -73.870853, 40.865372 ], [ -73.870743, 40.865372 ], [ -73.870419, 40.865363 ], [ -73.870462, 40.863272 ], [ -73.870579, 40.861405 ], [ -73.869436, 40.861382 ], [ -73.868496, 40.861363 ], [ -73.867486, 40.861346 ], [ -73.866798, 40.861338 ], [ -73.867337, 40.859555 ], [ -73.867595, 40.858989 ], [ -73.867835, 40.85852 ], [ -73.868383, 40.857812 ], [ -73.868859, 40.857225 ], [ -73.869327, 40.856647 ], [ -73.869889, 40.855971 ], [ -73.869929, 40.85586 ], [ -73.8699, 40.855712 ], [ -73.869815, 40.855484 ], [ -73.870441, 40.854801 ], [ -73.87061, 40.854653 ], [ -73.870786, 40.854522 ], [ -73.870984, 40.854397 ], [ -73.871281, 40.85425 ], [ -73.871763, 40.854113 ], [ -73.871938, 40.854042 ], [ -73.872348, 40.853805 ], [ -73.872722, 40.853679 ], [ -73.873316, 40.853439 ], [ -73.873681, 40.853249 ], [ -73.874059, 40.852977 ], [ -73.874496, 40.852581 ], [ -73.875234, 40.851199 ], [ -73.875254, 40.851114 ], [ -73.875282, 40.850914 ], [ -73.875262, 40.850681 ], [ -73.875207, 40.850495 ], [ -73.875099, 40.850277 ], [ -73.875295, 40.848315 ], [ -73.875944, 40.847022 ], [ -73.876172, 40.846576 ], [ -73.876343, 40.846161 ], [ -73.876464, 40.845691 ], [ -73.87652, 40.845293 ], [ -73.877314, 40.844007 ], [ -73.878007, 40.844484 ], [ -73.879194, 40.845321 ], [ -73.880477, 40.846197 ], [ -73.881056, 40.846594 ], [ -73.881998, 40.847235 ], [ -73.882844, 40.847818 ], [ -73.882781, 40.84807 ], [ -73.883109, 40.848273 ], [ -73.883013, 40.848612 ], [ -73.882883, 40.849074 ], [ -73.88285, 40.849193 ], [ -73.882558, 40.850224 ], [ -73.882322, 40.851061 ], [ -73.88382, 40.851499 ], [ -73.884199, 40.850705 ], [ -73.884478, 40.850044 ], [ -73.884802, 40.849309 ], [ -73.885815, 40.849931 ], [ -73.887112, 40.848415 ], [ -73.887789, 40.847618 ], [ -73.888837, 40.848134 ], [ -73.889795, 40.848608 ], [ -73.89046, 40.848933 ], [ -73.8899, 40.849869 ], [ -73.889332, 40.850832 ], [ -73.888953, 40.851441 ], [ -73.889518, 40.851803 ], [ -73.888912, 40.852979 ], [ -73.889607, 40.853238 ], [ -73.88994, 40.852591 ], [ -73.890483, 40.852288 ], [ -73.891052, 40.852004 ], [ -73.891741, 40.851666 ], [ -73.892797, 40.851098 ], [ -73.893426, 40.851404 ], [ -73.894318, 40.851891 ], [ -73.893071, 40.85325 ], [ -73.893713, 40.853595 ], [ -73.894205, 40.853855 ], [ -73.893984, 40.854247 ], [ -73.893322, 40.855024 ], [ -73.893274, 40.855079 ], [ -73.893136, 40.855244 ], [ -73.894432, 40.855786 ], [ -73.894617, 40.855864 ], [ -73.894776, 40.85593 ], [ -73.894414, 40.856434 ], [ -73.892993, 40.858386 ], [ -73.893885, 40.85882 ], [ -73.893808, 40.858942 ], [ -73.894694, 40.859426 ], [ -73.894042, 40.860279 ], [ -73.894631, 40.860553 ], [ -73.894849, 40.860166 ], [ -73.895229, 40.859618 ], [ -73.89579, 40.859748 ], [ -73.895545, 40.860338 ], [ -73.895376, 40.860744 ], [ -73.896425, 40.860997 ], [ -73.897561, 40.861304 ], [ -73.897729, 40.861349 ], [ -73.897068, 40.862534 ], [ -73.897306, 40.862499 ], [ -73.898387, 40.862344 ], [ -73.89804, 40.862831 ], [ -73.899198, 40.863329 ], [ -73.900276, 40.863788 ], [ -73.90108, 40.862756 ], [ -73.90133, 40.8628 ], [ -73.901566, 40.862806 ], [ -73.901866, 40.862787 ], [ -73.902293, 40.862717 ], [ -73.903514, 40.860918 ], [ -73.904366, 40.861218 ], [ -73.903319, 40.862735 ], [ -73.904038, 40.862741 ], [ -73.904934, 40.862749 ], [ -73.906159, 40.862779 ], [ -73.907586, 40.862816 ], [ -73.90821, 40.862828 ], [ -73.908608, 40.862796 ], [ -73.90904, 40.862679 ], [ -73.909099, 40.863001 ], [ -73.909107, 40.863555 ] ] ] ] } },
{ "type": "Feature", "properties": { "assembly district": 34 }, "geometry": { "type": "MultiPolygon", "coordinates": [ [ [ [ -73.906302, 40.757099 ], [ -73.905575, 40.757178 ], [ -73.905487, 40.757187 ], [ -73.905102, 40.757228 ], [ -73.904847, 40.757255 ], [ -73.904665, 40.757274 ], [ -73.903678, 40.757377 ], [ -73.902786, 40.757472 ], [ -73.901899, 40.757564 ], [ -73.901608, 40.756015 ], [ -73.900703, 40.75611 ], [ -73.900438, 40.756139 ], [ -73.900174, 40.75617 ], [ -73.900066, 40.756182 ], [ -73.899885, 40.756202 ], [ -73.899689, 40.756224 ], [ -73.899573, 40.756237 ], [ -73.89948, 40.756247 ], [ -73.898926, 40.756299 ], [ -73.899212, 40.757848 ], [ -73.89946, 40.757814 ], [ -73.899703, 40.757783 ], [ -73.899696, 40.758001 ], [ -73.899682, 40.758111 ], [ -73.899608, 40.758386 ], [ -73.899548, 40.758521 ], [ -73.899481, 40.758638 ], [ -73.899372, 40.758798 ], [ -73.899003, 40.75931 ], [ -73.898552, 40.759926 ], [ -73.898454, 40.759931 ], [ -73.898223, 40.75996 ], [ -73.897553, 40.760044 ], [ -73.896623, 40.760141 ], [ -73.895693, 40.760239 ], [ -73.896024, 40.762062 ], [ -73.896941, 40.761968 ], [ -73.897051, 40.761957 ], [ -73.897204, 40.761967 ], [ -73.897345, 40.761977 ], [ -73.897317, 40.762021 ], [ -73.897127, 40.762291 ], [ -73.897006, 40.76244 ], [ -73.896824, 40.762687 ], [ -73.896764, 40.762774 ], [ -73.896551, 40.763082 ], [ -73.896392, 40.763269 ], [ -73.896318, 40.763347 ], [ -73.896216, 40.763434 ], [ -73.896112, 40.763518 ], [ -73.895987, 40.763611 ], [ -73.895857, 40.763702 ], [ -73.895651, 40.763836 ], [ -73.8955, 40.763953 ], [ -73.895383, 40.764052 ], [ -73.895291, 40.764151 ], [ -73.8952, 40.76423 ], [ -73.895097, 40.764357 ], [ -73.895031, 40.764477 ], [ -73.894955, 40.764668 ], [ -73.894796, 40.765154 ], [ -73.894625, 40.765615 ], [ -73.894598, 40.765728 ], [ -73.894566, 40.765813 ], [ -73.8945, 40.76592 ], [ -73.894432, 40.766011 ], [ -73.894324, 40.766146 ], [ -73.893501, 40.765954 ], [ -73.89247, 40.765744 ], [ -73.891911, 40.765711 ], [ -73.891674, 40.76439 ], [ -73.890758, 40.764487 ], [ -73.889853, 40.764581 ], [ -73.888921, 40.764679 ], [ -73.887991, 40.764776 ], [ -73.887064, 40.764873 ], [ -73.88673, 40.763053 ], [ -73.885801, 40.763153 ], [ -73.884869, 40.763249 ], [ -73.883941, 40.763347 ], [ -73.88343, 40.763399 ], [ -73.883291, 40.763414 ], [ -73.883011, 40.763444 ], [ -73.882082, 40.763546 ], [ -73.881148, 40.763628 ], [ -73.880224, 40.763728 ], [ -73.880008, 40.763806 ], [ -73.879787, 40.76377 ], [ -73.879263, 40.763685 ], [ -73.878954, 40.761984 ], [ -73.877973, 40.761795 ], [ -73.876992, 40.761621 ], [ -73.876014, 40.761444 ], [ -73.874996, 40.761264 ], [ -73.874841, 40.760411 ], [ -73.874584, 40.758999 ], [ -73.874512, 40.758593 ], [ -73.874408, 40.758216 ], [ -73.873657, 40.756804 ], [ -73.873111, 40.756851 ], [ -73.872603, 40.756903 ], [ -73.872219, 40.756943 ], [ -73.872126, 40.756433 ], [ -73.871957, 40.755509 ], [ -73.871933, 40.755372 ], [ -73.871886, 40.755114 ], [ -73.870995, 40.755208 ], [ -73.870083, 40.755302 ], [ -73.869802, 40.753751 ], [ -73.869748, 40.753474 ], [ -73.869078, 40.75203 ], [ -73.868206, 40.752261 ], [ -73.867265, 40.752513 ], [ -73.866267, 40.752779 ], [ -73.865071, 40.750541 ], [ -73.8647, 40.750197 ], [ -73.865689, 40.749904 ], [ -73.866649, 40.74962 ], [ -73.866557, 40.749464 ], [ -73.864185, 40.74972 ], [ -73.864119, 40.749595 ], [ -73.864444, 40.749518 ], [ -73.864766, 40.749433 ], [ -73.865084, 40.749339 ], [ -73.865397, 40.749237 ], [ -73.865015, 40.748625 ], [ -73.86474, 40.748136 ], [ -73.865627, 40.747869 ], [ -73.866489, 40.747614 ], [ -73.867097, 40.747432 ], [ -73.867351, 40.747358 ], [ -73.868438, 40.747031 ], [ -73.868529, 40.747588 ], [ -73.868805, 40.747495 ], [ -73.868911, 40.74746 ], [ -73.869342, 40.747317 ], [ -73.870375, 40.746989 ], [ -73.870709, 40.747655 ], [ -73.872068, 40.747481 ], [ -73.871964, 40.746984 ], [ -73.873978, 40.747865 ], [ -73.874442, 40.747262 ], [ -73.874896, 40.74667 ], [ -73.876789, 40.747511 ], [ -73.877159, 40.746865 ], [ -73.878892, 40.747639 ], [ -73.879363, 40.747034 ], [ -73.881304, 40.747909 ], [ -73.881137, 40.747927 ], [ -73.88152, 40.750039 ], [ -73.882451, 40.74994 ], [ -73.882823, 40.751982 ], [ -73.883753, 40.751885 ], [ -73.884684, 40.751788 ], [ -73.885613, 40.75169 ], [ -73.886543, 40.751592 ], [ -73.88747, 40.751495 ], [ -73.888401, 40.751396 ], [ -73.889332, 40.751297 ], [ -73.890262, 40.7512 ], [ -73.891189, 40.751101 ], [ -73.892121, 40.751004 ], [ -73.891748, 40.748965 ], [ -73.890865, 40.749057 ], [ -73.890901, 40.749009 ], [ -73.890576, 40.747343 ], [ -73.891505, 40.747238 ], [ -73.892409, 40.747135 ], [ -73.892708, 40.748863 ], [ -73.893048, 40.750908 ], [ -73.893976, 40.750811 ], [ -73.894899, 40.750717 ], [ -73.895799, 40.75062 ], [ -73.8959, 40.750609 ], [ -73.89654, 40.750542 ], [ -73.89611, 40.749784 ], [ -73.895875, 40.749432 ], [ -73.895605, 40.749451 ], [ -73.895501, 40.748833 ], [ -73.89531, 40.748591 ], [ -73.895277, 40.748317 ], [ -73.895659, 40.748473 ], [ -73.894447, 40.746535 ], [ -73.894734, 40.746503 ], [ -73.894826, 40.746493 ], [ -73.895025, 40.74647 ], [ -73.895041, 40.746468 ], [ -73.895421, 40.746428 ], [ -73.896325, 40.746335 ], [ -73.895985, 40.744557 ], [ -73.895094, 40.744671 ], [ -73.894765, 40.744739 ], [ -73.89455, 40.744787 ], [ -73.894192, 40.744863 ], [ -73.893878, 40.744907 ], [ -73.89349, 40.744953 ], [ -73.893445, 40.744958 ], [ -73.892179, 40.742873 ], [ -73.891746, 40.742138 ], [ -73.890698, 40.742261 ], [ -73.890547, 40.741513 ], [ -73.890406, 40.740786 ], [ -73.890278, 40.74076 ], [ -73.890269, 40.740633 ], [ -73.890238, 40.740508 ], [ -73.890183, 40.740385 ], [ -73.890106, 40.74027 ], [ -73.89001, 40.740166 ], [ -73.889898, 40.740074 ], [ -73.889809, 40.739971 ], [ -73.889736, 40.739859 ], [ -73.889683, 40.739737 ], [ -73.889651, 40.73961 ], [ -73.889641, 40.739482 ], [ -73.889654, 40.739354 ], [ -73.889669, 40.739302 ], [ -73.890254, 40.739391 ], [ -73.89004, 40.738975 ], [ -73.889697, 40.738307 ], [ -73.889591, 40.738098 ], [ -73.888802, 40.736531 ], [ -73.889383, 40.736422 ], [ -73.88981, 40.736373 ], [ -73.891369, 40.736061 ], [ -73.891379, 40.735918 ], [ -73.891379, 40.735239 ], [ -73.891385, 40.734505 ], [ -73.89175, 40.734485 ], [ -73.892326, 40.73447 ], [ -73.893235, 40.734561 ], [ -73.894153, 40.734801 ], [ -73.894246, 40.734842 ], [ -73.89439, 40.734894 ], [ -73.894641, 40.734962 ], [ -73.894765, 40.734986 ], [ -73.894996, 40.735015 ], [ -73.895101, 40.735021 ], [ -73.895086, 40.735392 ], [ -73.896016, 40.735239 ], [ -73.895975, 40.736441 ], [ -73.895956, 40.736925 ], [ -73.89593, 40.737639 ], [ -73.897732, 40.73768 ], [ -73.897706, 40.738394 ], [ -73.897676, 40.739109 ], [ -73.897661, 40.739559 ], [ -73.897652, 40.739842 ], [ -73.898173, 40.739773 ], [ -73.898825, 40.739669 ], [ -73.899829, 40.739512 ], [ -73.899762, 40.740011 ], [ -73.899736, 40.740205 ], [ -73.899711, 40.740365 ], [ -73.900457, 40.739768 ], [ -73.900807, 40.73958 ], [ -73.900795, 40.739935 ], [ -73.900602, 40.740858 ], [ -73.900527, 40.741224 ], [ -73.900355, 40.742066 ], [ -73.901185, 40.742161 ], [ -73.9009, 40.743448 ], [ -73.901502, 40.744006 ], [ -73.901409, 40.744251 ], [ -73.902242, 40.74453 ], [ -73.902626, 40.744633 ], [ -73.903255, 40.744797 ], [ -73.903687, 40.744914 ], [ -73.903389, 40.745595 ], [ -73.903166, 40.746096 ], [ -73.902677, 40.74719 ], [ -73.903581, 40.747429 ], [ -73.903366, 40.747914 ], [ -73.90256, 40.7497 ], [ -73.90198, 40.751014 ], [ -73.902021, 40.751191 ], [ -73.902756, 40.751503 ], [ -73.903571, 40.75184 ], [ -73.90442, 40.75221 ], [ -73.903868, 40.753492 ], [ -73.903923, 40.753611 ], [ -73.904348, 40.755733 ], [ -73.904919, 40.755671 ], [ -73.905294, 40.755628 ], [ -73.906189, 40.755532 ], [ -73.906468, 40.757082 ], [ -73.906302, 40.757099 ] ] ] ] } },
{ "type": "Feature", "properties": { "assembly district": 53 }, "geometry": { "type": "MultiPolygon", "coordinates": [ [ [ [ -73.961962, 40.710488 ], [ -73.961905, 40.71058 ], [ -73.96181, 40.710737 ], [ -73.961421, 40.711349 ], [ -73.961029, 40.711969 ], [ -73.960561, 40.712713 ], [ -73.960163, 40.713345 ], [ -73.959797, 40.713887 ], [ -73.958342, 40.713306 ], [ -73.958046, 40.713773 ], [ -73.957934, 40.713958 ], [ -73.956402, 40.713399 ], [ -73.955994, 40.714092 ], [ -73.95533, 40.714073 ], [ -73.954656, 40.714075 ], [ -73.95434, 40.714072 ], [ -73.953485, 40.714069 ], [ -73.953309, 40.714067 ], [ -73.953092, 40.714064 ], [ -73.95291, 40.714061 ], [ -73.953498, 40.713123 ], [ -73.953876, 40.712516 ], [ -73.952724, 40.712057 ], [ -73.952319, 40.712702 ], [ -73.951591, 40.713799 ], [ -73.951624, 40.714066 ], [ -73.951701, 40.714538 ], [ -73.949482, 40.714755 ], [ -73.947833, 40.714914 ], [ -73.946186, 40.715067 ], [ -73.94607, 40.714372 ], [ -73.944388, 40.714532 ], [ -73.942687, 40.714692 ], [ -73.942066, 40.714729 ], [ -73.94216, 40.715063 ], [ -73.941228, 40.715519 ], [ -73.942162, 40.715452 ], [ -73.942077, 40.716178 ], [ -73.94012, 40.716359 ], [ -73.938121, 40.716972 ], [ -73.938061, 40.716821 ], [ -73.936549, 40.717211 ], [ -73.936659, 40.717438 ], [ -73.934983, 40.717838 ], [ -73.935287, 40.718521 ], [ -73.935606, 40.719222 ], [ -73.935883, 40.719863 ], [ -73.936209, 40.720576 ], [ -73.936504, 40.721247 ], [ -73.935041, 40.721669 ], [ -73.935284, 40.722318 ], [ -73.935589, 40.722991 ], [ -73.934012, 40.723404 ], [ -73.932441, 40.723814 ], [ -73.930871, 40.72422 ], [ -73.929195, 40.724646 ], [ -73.927806, 40.72505 ], [ -73.927873, 40.725831 ], [ -73.928337, 40.726418 ], [ -73.928735, 40.726853 ], [ -73.929277, 40.727371 ], [ -73.929368, 40.727421 ], [ -73.929415, 40.727447 ], [ -73.929467, 40.727476 ], [ -73.929516, 40.727492 ], [ -73.92994, 40.727627 ], [ -73.93004, 40.727572 ], [ -73.930482, 40.727329 ], [ -73.930723, 40.727841 ], [ -73.932369, 40.728066 ], [ -73.932269, 40.728175 ], [ -73.931825, 40.728482 ], [ -73.929213, 40.72778 ], [ -73.929179, 40.727764 ], [ -73.92914, 40.727745 ], [ -73.929086, 40.727714 ], [ -73.929058, 40.727688 ], [ -73.928908, 40.727548 ], [ -73.927801, 40.726494 ], [ -73.927225, 40.725333 ], [ -73.927171, 40.725233 ], [ -73.926539, 40.724065 ], [ -73.925344, 40.721638 ], [ -73.92418, 40.72002 ], [ -73.924278, 40.718536 ], [ -73.923127, 40.717024 ], [ -73.922711, 40.716478 ], [ -73.922739, 40.716158 ], [ -73.924327, 40.715568 ], [ -73.924241, 40.715126 ], [ -73.924059, 40.714112 ], [ -73.92404, 40.714008 ], [ -73.923137, 40.713396 ], [ -73.922233, 40.712854 ], [ -73.921687, 40.711894 ], [ -73.921546, 40.711043 ], [ -73.921221, 40.710791 ], [ -73.920745, 40.71053 ], [ -73.921892, 40.709396 ], [ -73.921435, 40.709129 ], [ -73.920701, 40.708695 ], [ -73.91996, 40.708257 ], [ -73.919222, 40.707815 ], [ -73.918477, 40.707382 ], [ -73.917737, 40.706943 ], [ -73.916995, 40.706503 ], [ -73.916253, 40.706066 ], [ -73.915513, 40.705626 ], [ -73.914771, 40.705189 ], [ -73.914031, 40.704749 ], [ -73.913292, 40.704313 ], [ -73.912549, 40.703873 ], [ -73.911807, 40.703435 ], [ -73.912904, 40.702362 ], [ -73.912162, 40.701923 ], [ -73.911422, 40.701487 ], [ -73.910679, 40.701046 ], [ -73.911808, 40.699938 ], [ -73.911036, 40.699532 ], [ -73.910143, 40.699033 ], [ -73.909533, 40.698675 ], [ -73.908774, 40.698255 ], [ -73.909251, 40.697767 ], [ -73.909513, 40.697499 ], [ -73.910272, 40.69793 ], [ -73.911049, 40.697126 ], [ -73.911806, 40.697554 ], [ -73.913361, 40.69597 ], [ -73.914808, 40.694497 ], [ -73.916257, 40.693022 ], [ -73.917009, 40.693449 ], [ -73.917761, 40.693877 ], [ -73.918512, 40.694304 ], [ -73.919271, 40.694731 ], [ -73.920011, 40.695157 ], [ -73.920767, 40.695587 ], [ -73.92152, 40.696015 ], [ -73.922271, 40.696443 ], [ -73.923025, 40.696871 ], [ -73.923776, 40.697299 ], [ -73.924528, 40.697726 ], [ -73.926499, 40.695712 ], [ -73.92725, 40.696142 ], [ -73.928259, 40.695111 ], [ -73.928431, 40.695205 ], [ -73.929235, 40.695643 ], [ -73.929584, 40.69584 ], [ -73.929894, 40.696004 ], [ -73.930348, 40.696254 ], [ -73.9305, 40.696337 ], [ -73.931084, 40.696659 ], [ -73.931842, 40.697077 ], [ -73.932267, 40.697315 ], [ -73.933246, 40.697855 ], [ -73.933696, 40.698104 ], [ -73.933987, 40.698264 ], [ -73.935222, 40.696986 ], [ -73.936006, 40.697406 ], [ -73.936388, 40.697616 ], [ -73.93676, 40.697831 ], [ -73.937391, 40.698186 ], [ -73.937773, 40.698405 ], [ -73.938177, 40.698641 ], [ -73.938568, 40.698848 ], [ -73.94115, 40.698541 ], [ -73.941309, 40.699292 ], [ -73.941431, 40.699935 ], [ -73.941149, 40.700281 ], [ -73.941931, 40.700725 ], [ -73.943692, 40.70051 ], [ -73.944388, 40.700425 ], [ -73.944308, 40.700024 ], [ -73.944243, 40.699699 ], [ -73.944096, 40.698973 ], [ -73.943949, 40.698222 ], [ -73.944879, 40.698116 ], [ -73.944956, 40.698108 ], [ -73.945755, 40.698018 ], [ -73.946797, 40.697903 ], [ -73.949647, 40.697583 ], [ -73.949788, 40.69831 ], [ -73.949944, 40.699047 ], [ -73.950091, 40.699791 ], [ -73.950136, 40.699915 ], [ -73.950657, 40.700347 ], [ -73.950756, 40.700445 ], [ -73.951288, 40.700922 ], [ -73.951921, 40.701487 ], [ -73.952551, 40.702051 ], [ -73.950641, 40.703287 ], [ -73.950225, 40.703556 ], [ -73.948791, 40.704483 ], [ -73.949022, 40.70469 ], [ -73.949254, 40.704896 ], [ -73.949362, 40.704958 ], [ -73.949471, 40.705019 ], [ -73.949836, 40.705229 ], [ -73.950237, 40.705473 ], [ -73.950957, 40.705843 ], [ -73.951086, 40.705913 ], [ -73.95191, 40.70636 ], [ -73.9523, 40.70649 ], [ -73.952515, 40.706559 ], [ -73.952913, 40.706701 ], [ -73.953378, 40.706857 ], [ -73.954017, 40.70708 ], [ -73.955542, 40.707593 ], [ -73.95627, 40.70785 ], [ -73.956724, 40.70801 ], [ -73.957203, 40.708179 ], [ -73.957362, 40.708235 ], [ -73.956974, 40.708904 ], [ -73.957488, 40.70908 ], [ -73.958862, 40.709552 ], [ -73.959997, 40.709936 ], [ -73.960381, 40.710004 ], [ -73.960597, 40.71011 ], [ -73.960702, 40.710135 ], [ -73.960816, 40.71016 ], [ -73.961123, 40.710227 ], [ -73.961303, 40.710285 ], [ -73.961244, 40.710111 ], [ -73.961462, 40.710179 ], [ -73.962035, 40.710362 ], [ -73.961962, 40.710488 ] ] ] ] } },
{ "type": "Feature", "properties": { "assembly district": 42 }, "geometry": { "type": "MultiPolygon", "coordinates": [ [ [ [ -73.972526, 40.647112 ], [ -73.971211, 40.64762 ], [ -73.971397, 40.648258 ], [ -73.971559, 40.648823 ], [ -73.971916, 40.650056 ], [ -73.972082, 40.650635 ], [ -73.971875, 40.650723 ], [ -73.971776, 40.65078 ], [ -73.971719, 40.650894 ], [ -73.971691, 40.651064 ], [ -73.966213, 40.653189 ], [ -73.964145, 40.653995 ], [ -73.9619, 40.654871 ], [ -73.961759, 40.654071 ], [ -73.961726, 40.65389 ], [ -73.961597, 40.653173 ], [ -73.961407, 40.65217 ], [ -73.960423, 40.652556 ], [ -73.959329, 40.652928 ], [ -73.959151, 40.652145 ], [ -73.958926, 40.651212 ], [ -73.958014, 40.651261 ], [ -73.955907, 40.651369 ], [ -73.952563, 40.651546 ], [ -73.949669, 40.651698 ], [ -73.949571, 40.650807 ], [ -73.949465, 40.64978 ], [ -73.94937, 40.648923 ], [ -73.948401, 40.648982 ], [ -73.947467, 40.649039 ], [ -73.947656, 40.650899 ], [ -73.946674, 40.650948 ], [ -73.945706, 40.651006 ], [ -73.94477, 40.651064 ], [ -73.9438, 40.651106 ], [ -73.943604, 40.649279 ], [ -73.943525, 40.648541 ], [ -73.943374, 40.647115 ], [ -73.943309, 40.646527 ], [ -73.943198, 40.645487 ], [ -73.943107, 40.644637 ], [ -73.944079, 40.644594 ], [ -73.943965, 40.643543 ], [ -73.944901, 40.643484 ], [ -73.945869, 40.643424 ], [ -73.946298, 40.642907 ], [ -73.946136, 40.641093 ], [ -73.945625, 40.641126 ], [ -73.94555, 40.640429 ], [ -73.945522, 40.640165 ], [ -73.945373, 40.638787 ], [ -73.946449, 40.63872 ], [ -73.94627, 40.637459 ], [ -73.94615, 40.636385 ], [ -73.946123, 40.635991 ], [ -73.945868, 40.634117 ], [ -73.944881, 40.634177 ], [ -73.944629, 40.631838 ], [ -73.94455, 40.631072 ], [ -73.945511, 40.630792 ], [ -73.944808, 40.630127 ], [ -73.94454, 40.629866 ], [ -73.944155, 40.629508 ], [ -73.944468, 40.62948 ], [ -73.945401, 40.629378 ], [ -73.94495, 40.626987 ], [ -73.945877, 40.626886 ], [ -73.945425, 40.624496 ], [ -73.944496, 40.624598 ], [ -73.944044, 40.622208 ], [ -73.943591, 40.619816 ], [ -73.943194, 40.617678 ], [ -73.94347, 40.617385 ], [ -73.944069, 40.617325 ], [ -73.945066, 40.617213 ], [ -73.946067, 40.617104 ], [ -73.946993, 40.617001 ], [ -73.947917, 40.6169 ], [ -73.948846, 40.616799 ], [ -73.949812, 40.616692 ], [ -73.950772, 40.616588 ], [ -73.951699, 40.616487 ], [ -73.952627, 40.616384 ], [ -73.953553, 40.616281 ], [ -73.954025, 40.616229 ], [ -73.95419, 40.616212 ], [ -73.954587, 40.616169 ], [ -73.955786, 40.616036 ], [ -73.95614, 40.617895 ], [ -73.956238, 40.618427 ], [ -73.955037, 40.618558 ], [ -73.954003, 40.618672 ], [ -73.953078, 40.618775 ], [ -73.952148, 40.618875 ], [ -73.951221, 40.618978 ], [ -73.95167, 40.621369 ], [ -73.952126, 40.623759 ], [ -73.953052, 40.623658 ], [ -73.953983, 40.623555 ], [ -73.954908, 40.623454 ], [ -73.955364, 40.625844 ], [ -73.955774, 40.625799 ], [ -73.956393, 40.62573 ], [ -73.956847, 40.62812 ], [ -73.958053, 40.627972 ], [ -73.958994, 40.627886 ], [ -73.959956, 40.627778 ], [ -73.960918, 40.627674 ], [ -73.961155, 40.628929 ], [ -73.961592, 40.629011 ], [ -73.961593, 40.62911 ], [ -73.961197, 40.629151 ], [ -73.961222, 40.629274 ], [ -73.961369, 40.63006 ], [ -73.960408, 40.63017 ], [ -73.959445, 40.630277 ], [ -73.9585, 40.630381 ], [ -73.958954, 40.632771 ], [ -73.959898, 40.632668 ], [ -73.96086, 40.632562 ], [ -73.962299, 40.6324 ], [ -73.962436, 40.633152 ], [ -73.96255, 40.633155 ], [ -73.963814, 40.63301 ], [ -73.963946, 40.633662 ], [ -73.964187, 40.634954 ], [ -73.964215, 40.6351 ], [ -73.964263, 40.635358 ], [ -73.9643, 40.635556 ], [ -73.96446, 40.636412 ], [ -73.964497, 40.636606 ], [ -73.964513, 40.636688 ], [ -73.964925, 40.638851 ], [ -73.964056, 40.639263 ], [ -73.96443, 40.641214 ], [ -73.965012, 40.644302 ], [ -73.965468, 40.64672 ], [ -73.966391, 40.646594 ], [ -73.966665, 40.648029 ], [ -73.967546, 40.647683 ], [ -73.968428, 40.647335 ], [ -73.968246, 40.646389 ], [ -73.969172, 40.646285 ], [ -73.969023, 40.645487 ], [ -73.970546, 40.645317 ], [ -73.971946, 40.645164 ], [ -73.972086, 40.645863 ], [ -73.971744, 40.646001 ], [ -73.972526, 40.647112 ] ] ] ] } }
]
}
