,boro_cd,communitydist,DP02_0001E,DP02_0001M,DP02_0001PE,DP02_0001PM,DP02_0001V,DP02_0013E,DP02_0013M,DP02_0013PE,DP02_0013PM,DP02_0013V,DP02_0052E,DP02_0052M,DP02_0052PE,DP02_0052PM,DP02_0052V,DP02_0053E,DP02_0053M,DP02_0053PE,DP02_0053PM,DP02_0053V,DP02_0054E,DP02_0054M,DP02_0054PE,DP02_0054PM,DP02_0054V,DP02_0055E,DP02_0055M,DP02_0055PE,DP02_0055PM,DP02_0055V,DP02_0056E,DP02_0056M,DP02_0056PE,DP02_0056PM,DP02_0056V,DP02_0057E,DP02_0057M,DP02_0057PE,DP02_0057PM,DP02_0057V,DP02_0058E,DP02_0058M,DP02_0058PE,DP02_0058PM,DP02_0058V,DP02_0059E,DP02_0059M,DP02_0059PE,DP02_0059PM,DP02_0059V,DP02_0060E,DP02_0060M,DP02_0060PE,DP02_0060PM,DP02_0060V,DP02_0061E,DP02_0061M,DP02_0061PE,DP02_0061PM,DP02_0061V,DP02_0067E,DP02_0067M,DP02_0067PE,DP02_0067PM,DP02_0067V,DP02_0068E,DP02_0068M,DP02_0068PE,DP02_0068PM,DP02_0068V,DP02_0069E,DP02_0069M,DP02_0069PE,DP02_0069PM,DP02_0069V,DP02_0070E,DP02_0070M,DP02_0070PE,DP02_0070PM,DP02_0070V,DP02_0071E,DP02_0071M,DP02_0071PE,DP02_0071PM,DP02_0071V,DP02_0072E,DP02_0072M,DP02_0072PE,DP02_0072PM,DP02_0072V,DP02_0073E,DP02_0073M,DP02_0073PE,DP02_0073PM,DP02_0073V,DP02_0074E,DP02_0074M,DP02_0074PE,DP02_0074PM,DP02_0074V,DP02_0075E,DP02_0075M,DP02_0075PE,DP02_0075PM,DP02_0075V,DP02_0076E,DP02_0076M,DP02_0076PE,DP02_0076PM,DP02_0076V,DP02_0077E,DP02_0077M,DP02_0077PE,DP02_0077PM,DP02_0077V,DP02_0078E,DP02_0078M,DP02_0078PE,DP02_0078PM,DP02_0078V,DP02_0079E,DP02_0079M,DP02_0079PE,DP02_0079PM,DP02_0079V,DP02_0080E,DP02_0080M,DP02_0080PE,DP02_0080PM,DP02_0080V,DP02_0085E,DP02_0085M,DP02_0085PE,DP02_0085PM,DP02_0085V,DP02_0086E,DP02_0086M,DP02_0086PE,DP02_0086PM,DP02_0086V,DP02_0087E,DP02_0087M,DP02_0087PE,DP02_0087PM,DP02_0087V,DP02_0088E,DP02_0088M,DP02_0088PE,DP02_0088PM,DP02_0088V,DP02_0091E,DP02_0091M,DP02_0091PE,DP02_0091PM,DP02_0091V,DP02_0092E,DP02_0092M,DP02_0092PE,DP02_0092PM,DP02_0092V,DP02_0094E,DP02_0094M,DP02_0094PE,DP02_0094PM,DP02_0094V,DP02_0095E,DP02_0095M,DP02_0095PE,DP02_0095PM,DP02_0095V,DP02_0104E,DP02_0104M,DP02_0104PE,DP02_0104PM,DP02_0104V,DP02_0105E,DP02_0105M,DP02_0105PE,DP02_0105PM,DP02_0105V,DP02_0106E,DP02_0106M,DP02_0106PE,DP02_0106PM,DP02_0106V,DP02_0107E,DP02_0107M,DP02_0107PE,DP02_0107PM,DP02_0107V,DP02_0108E,DP02_0108M,DP02_0108PE,DP02_0108PM,DP02_0108V,DP02_0109E,DP02_0109M,DP02_0109PE,DP02_0109PM,DP02_0109V,DP02_0110E,DP02_0110M,DP02_0110PE,DP02_0110PM,DP02_0110V,DP02_0111E,DP02_0111M,DP02_0111PE,DP02_0111PM,DP02_0111V,DP02_0113E,DP02_0113M,DP02_0113PE,DP02_0113PM,DP02_0113V,DP02_0114E,DP02_0114M,DP02_0114PE,DP02_0114PM,DP02_0114V,DP03_0001E,DP03_0001M,DP03_0001PE,DP03_0001PM,DP03_0001V,DP03_0002E,DP03_0002M,DP03_0002PE,DP03_0002PM,DP03_0002V,DP03_0004E,DP03_0004M,DP03_0004PE,DP03_0004PM,DP03_0004V,DP03_0005E,DP03_0005M,DP03_0005PE,DP03_0005PM,DP03_0005V,DP03_0006E,DP03_0006M,DP03_0006PE,DP03_0006PM,DP03_0006V,DP03_0007E,DP03_0007M,DP03_0007PE,DP03_0007PM,DP03_0007V,DP03_0009E,DP03_0009M,DP03_0009PE,DP03_0009PM,DP03_0009V,DP03_0018E,DP03_0018M,DP03_0018PE,DP03_0018PM,DP03_0018V,DP03_0019E,DP03_0019M,DP03_0019PE,DP03_0019PM,DP03_0019V,DP03_0020E,DP03_0020M,DP03_0020PE,DP03_0020PM,DP03_0020V,DP03_0021E,DP03_0021M,DP03_0021PE,DP03_0021PM,DP03_0021V,DP03_0022E,DP03_0022M,DP03_0022PE,DP03_0022PM,DP03_0022V,DP03_0024E,DP03_0024M,DP03_0024PE,DP03_0024PM,DP03_0024V,DP03_0032E,DP03_0032M,DP03_0032PE,DP03_0032PM,DP03_0032V,DP03_0033E,DP03_0033M,DP03_0033PE,DP03_0033PM,DP03_0033V,DP03_0034E,DP03_0034M,DP03_0034PE,DP03_0034PM,DP03_0034V,DP03_0035E,DP03_0035M,DP03_0035PE,DP03_0035PM,DP03_0035V,DP03_0036E,DP03_0036M,DP03_0036PE,DP03_0036PM,DP03_0036V,DP03_0037E,DP03_0037M,DP03_0037PE,DP03_0037PM,DP03_0037V,DP03_0038E,DP03_0038M,DP03_0038PE,DP03_0038PM,DP03_0038V,DP03_0039E,DP03_0039M,DP03_0039PE,DP03_0039PM,DP03_0039V,DP03_0040E,DP03_0040M,DP03_0040PE,DP03_0040PM,DP03_0040V,DP03_0041E,DP03_0041M,DP03_0041PE,DP03_0041PM,DP03_0041V,DP03_0042E,DP03_0042M,DP03_0042PE,DP03_0042PM,DP03_0042V,DP03_0043E,DP03_0043M,DP03_0043PE,DP03_0043PM,DP03_0043V,DP03_0044E,DP03_0044M,DP03_0044PE,DP03_0044PM,DP03_0044V,DP03_0045E,DP03_0045M,DP03_0045PE,DP03_0045PM,DP03_0045V,DP03_0052E,DP03_0052M,DP03_0052PE,DP03_0052PM,DP03_0052V,DP03_0053E,DP03_0053M,DP03_0053PE,DP03_0053PM,DP03_0053V,DP03_0054E,DP03_0054M,DP03_0054PE,DP03_0054PM,DP03_0054V,DP03_0055E,DP03_0055M,DP03_0055PE,DP03_0055PM,DP03_0055V,DP03_0056E,DP03_0056M,DP03_0056PE,DP03_0056PM,DP03_0056V,DP03_0057E,DP03_0057M,DP03_0057PE,DP03_0057PM,DP03_0057V,DP03_0058E,DP03_0058M,DP03_0058PE,DP03_0058PM,DP03_0058V,DP03_0059E,DP03_0059M,DP03_0059PE,DP03_0059PM,DP03_0059V,DP03_0060E,DP03_0060M,DP03_0060PE,DP03_0060PM,DP03_0060V,DP03_0061E,DP03_0061M,DP03_0061PE,DP03_0061PM,DP03_0061V,DP03_0064E,DP03_0064M,DP03_0064PE,DP03_0064PM,DP03_0064V,DP03_0066E,DP03_0066M,DP03_0066PE,DP03_0066PM,DP03_0066V,DP03_0068E,DP03_0068M,DP03_0068PE,DP03_0068PM,DP03_0068V,DP03_0070E,DP03_0070M,DP03_0070PE,DP03_0070PM,DP03_0070V,DP03_0072E,DP03_0072M,DP03_0072PE,DP03_0072PM,DP03_0072V,DP03_0074E,DP03_0074M,DP03_0074PE,DP03_0074PM,DP03_0074V,DP03_0096E,DP03_0096M,DP03_0096PE,DP03_0096PM,DP03_0096V,DP03_0097E,DP03_0097M,DP03_0097PE,DP03_0097PM,DP03_0097V,DP03_0098E,DP03_0098M,DP03_0098PE,DP03_0098PM,DP03_0098V,DP03_0099E,DP03_0099M,DP03_0099PE,DP03_0099PM,DP03_0099V,DP05_0002E,DP05_0002M,DP05_0002PE,DP05_0002PM,DP05_0002V,DP05_0003E,DP05_0003M,DP05_0003PE,DP05_0003PM,DP05_0003V,DP05_0004E,DP05_0004M,DP05_0004PE,DP05_0004PM,DP05_0004V,DP05_0005E,DP05_0005M,DP05_0005PE,DP05_0005PM,DP05_0005V,DP05_0006E,DP05_0006M,DP05_0006PE,DP05_0006PM,DP05_0006V,DP05_0007E,DP05_0007M,DP05_0007PE,DP05_0007PM,DP05_0007V,DP05_0008E,DP05_0008M,DP05_0008PE,DP05_0008PM,DP05_0008V,DP05_0009E,DP05_0009M,DP05_0009PE,DP05_0009PM,DP05_0009V,DP05_0010E,DP05_0010M,DP05_0010PE,DP05_0010PM,DP05_0010V,DP05_0011E,DP05_0011M,DP05_0011PE,DP05_0011PM,DP05_0011V,DP05_0012E,DP05_0012M,DP05_0012PE,DP05_0012PM,DP05_0012V,DP05_0013E,DP05_0013M,DP05_0013PE,DP05_0013PM,DP05_0013V,DP05_0014E,DP05_0014M,DP05_0014PE,DP05_0014PM,DP05_0014V,DP05_0015E,DP05_0015M,DP05_0015PE,DP05_0015PM,DP05_0015V,DP05_0016E,DP05_0016M,DP05_0016PE,DP05_0016PM,DP05_0016V,DP05_0018E,DP05_0018M,DP05_0018PE,DP05_0018PM,DP05_0018V,DP05_0021E,DP05_0021M,DP05_0021PE,DP05_0021PM,DP05_0021V,DP05_0032E,DP05_0032M,DP05_0032PE,DP05_0032PM,DP05_0032V,DP05_0033E,DP05_0033M,DP05_0033PE,DP05_0033PM,DP05_0033V,DP05_0034E,DP05_0034M,DP05_0034PE,DP05_0034PM,DP05_0034V,DP05_0039E,DP05_0039M,DP05_0039PE,DP05_0039PM,DP05_0039V,DP05_0047E,DP05_0047M,DP05_0047PE,DP05_0047PM,DP05_0047V,DP05_0052E,DP05_0052M,DP05_0052PE,DP05_0052PM,DP05_0052V,DP05_0053E,DP05_0053M,DP05_0053PE,DP05_0053PM,DP05_0053V,DP05_0066E,DP05_0066M,DP05_0066PE,DP05_0066PM,DP05_0066V,DP05_0071E,DP05_0071M,DP05_0071PE,DP05_0071PM,DP05_0071V,DP05_0072E,DP05_0072M,DP05_0072PE,DP05_0072PM,DP05_0072V,DP05_0073E,DP05_0073M,DP05_0073PE,DP05_0073PM,DP05_0073V,DP05_0074E,DP05_0074M,DP05_0074PE,DP05_0074PM,DP05_0074V,DP05_0075E,DP05_0075M,DP05_0075PE,DP05_0075PM,DP05_0075V,DP05_0076E,DP05_0076M,DP05_0076PE,DP05_0076PM,DP05_0076V,DP05_0077E,DP05_0077M,DP05_0077PE,DP05_0077PM,DP05_0077V,DP05_0078E,DP05_0078M,DP05_0078PE,DP05_0078PM,DP05_0078V
0,101,101,39668.0,,100,,,8429.0,611.0,21.25,1.54,4.41,13932.0,925.0,21.09,1.4,4.04,1462.0,279.0,10.49,2.0,11.59,847.0,248.0,6.08,1.78,17.8,4035.0,432.0,28.96,3.1,6.51,1394.0,336.0,10.01,2.41,14.64,6190.0,425.0,44.43,3.05,4.17,48414.0,1486.0,73.28,2.25,1.87,989.0,320.0,2.04,0.66,19.67,716.0,208.0,1.48,0.43,17.66,1992.0,392.0,4.11,0.81,11.98,40497.0,717.0,83.65,1.48,1.08,55130.0,1883.0,83.45,2.85,2.08,809.0,198.0,1.47,0.36,14.89,65944.0,674.0,99.82,1.02,0.62,2523.0,376.0,3.83,0.57,9.05,10931.0,773.0,16.55,1.17,4.3,63.0,86.0,0.58,0.79,82.8,50378.0,1586.0,76.25,2.4,1.91,1141.0,257.0,2.26,0.51,13.72,4640.0,390.0,7.02,0.59,5.11,1319.0,240.0,28.43,5.18,11.08,65187.0,2213.0,98.67,3.35,2.06,50092.0,1258.0,76.84,1.93,1.53,13028.0,1232.0,19.99,1.89,5.75,2065.0,567.0,3.17,0.87,16.68,66066.0,,100,,,48607.0,1044.0,73.57,1.58,1.31,47210.0,1064.0,71.46,1.61,1.37,1399.0,344.0,2.12,0.52,14.91,17459.0,1024.0,26.43,1.55,3.57,7723.0,609.0,44.23,3.49,4.8,9736.0,609.0,55.76,3.49,3.8,6053.0,609.0,34.67,3.49,6.12,7932.0,630.0,45.43,3.61,4.83,364.0,164.0,2.08,0.94,27.47,473.0,189.0,2.71,1.08,24.23,2030.0,384.0,11.63,2.2,11.5,605.0,211.0,3.47,1.21,21.2,61454.0,1929.0,93.02,2.92,1.91,44916.0,1198.0,73.09,1.95,1.62,3867.0,572.0,6.29,0.93,8.99,3559.0,836.0,5.79,1.36,14.28,55764.0,1685.0,84.41,2.55,1.84,43623.0,731.0,78.23,1.31,1.02,42010.0,770.0,75.34,1.38,1.11,1620.0,335.0,2.91,0.6,12.53,5.0,95.0,0.01,0.17,1033.43,12140.0,731.0,21.77,1.31,3.66,,,3.71,0.77,12.57,41263.0,971.0,62.46,1.47,1.43,1922.0,347.0,4.66,0.84,10.96,364.0,186.0,0.88,0.45,31.09,22200.0,891.0,53.8,2.16,2.44,11795.0,801.0,28.58,1.94,4.13,2843.0,446.0,6.89,1.08,9.53,41990.0,1387.0,63.56,2.1,2.01,9.0,97.0,0.02,0.23,699.09,316.0,155.0,0.75,0.37,29.99,932.0,231.0,2.22,0.55,15.06,811.0,248.0,1.93,0.59,18.58,2265.0,365.0,5.39,0.87,9.81,444.0,176.0,1.06,0.42,24.09,3087.0,433.0,7.35,1.03,8.52,12121.0,789.0,28.87,1.88,3.96,12104.0,773.0,28.83,1.84,3.88,5982.0,579.0,14.25,1.38,5.89,2321.0,412.0,5.53,0.98,10.77,999.0,239.0,2.38,0.57,14.56,574.0,172.0,1.37,0.41,18.19,2146.0,409.0,5.41,1.03,11.57,784.0,230.0,1.98,0.58,17.81,1415.0,325.0,3.57,0.82,13.96,1003.0,290.0,2.53,0.73,17.54,1572.0,349.0,3.96,0.88,13.51,3098.0,504.0,7.81,1.27,9.89,3451.0,559.0,8.7,1.41,9.85,7006.0,702.0,17.66,1.77,6.09,4155.0,528.0,10.47,1.33,7.72,15041.0,837.0,37.92,2.11,3.38,35836.0,476.0,90.34,1.2,0.81,4081.0,393.0,10.29,0.99,5.85,1888.0,321.0,4.76,0.81,10.34,463.0,194.0,1.17,0.49,25.46,266.0,155.0,0.67,0.39,35.39,1035.0,250.0,2.61,0.63,14.67,63422.0,488.0,96.18,0.74,0.47,59834.0,659.0,90.73,1.0,0.67,6664.0,613.0,10.11,0.93,5.59,2522.0,488.0,3.82,0.74,11.78,32266.0,898.0,48.84,1.36,1.69,33800.0,898.0,51.16,1.36,1.62,4612.0,489.0,6.98,0.74,6.44,3181.0,469.0,4.81,0.71,8.97,2026.0,357.0,3.07,0.54,10.69,2742.0,482.0,4.15,0.73,10.69,5079.0,687.0,7.69,1.04,8.22,18041.0,1117.0,27.31,1.69,3.76,13159.0,879.0,19.92,1.33,4.06,6937.0,654.0,10.5,0.99,5.73,2913.0,436.0,4.41,0.66,9.1,2726.0,436.0,4.13,0.66,9.71,3021.0,363.0,4.57,0.55,7.32,1034.0,225.0,1.57,0.34,13.16,596.0,211.0,0.9,0.32,21.61,55135.0,647.0,83.45,0.98,0.71,4643.0,410.0,7.03,0.62,5.36,47906.0,1110.0,72.51,1.68,1.41,2022.0,383.0,3.06,0.58,11.52,46.0,99.0,0.07,0.15,130.26,12439.0,951.0,18.83,1.44,4.65,5.0,92.0,0.01,0.14,851.06,1206.0,403.0,1.83,0.61,20.26,2456.0,482.0,3.72,0.73,11.93,5460.0,951.0,8.26,1.44,10.6,60606.0,951.0,91.74,1.44,0.95,44011.0,1235.0,66.62,1.87,1.71,1912.0,383.0,2.89,0.58,12.2,46.0,99.0,0.07,0.15,130.26,12347.0,945.0,18.69,1.43,4.65,5.0,92.0,0.01,0.14,851.06,277.0,172.0,0.42,0.26,37.63,2033.0,416.0,3.08,0.63,12.43
1,102,102,60408.0,,100,,,6632.0,513.0,10.98,0.85,4.71,16398.0,1024.0,18.25,1.14,3.8,882.0,205.0,5.38,1.25,14.12,459.0,153.0,2.8,0.93,20.19,3552.0,387.0,21.66,2.36,6.62,1213.0,287.0,7.4,1.75,14.38,10292.0,487.0,62.76,2.97,2.88,72907.0,1941.0,81.14,2.16,1.62,1945.0,357.0,2.67,0.49,11.16,1113.0,262.0,1.53,0.36,14.3,4716.0,620.0,6.47,0.85,7.99,58597.0,948.0,80.37,1.3,0.98,81835.0,1905.0,91.07,2.12,1.42,1953.0,336.0,2.39,0.41,10.43,89688.0,872.0,99.81,0.97,0.59,5793.0,610.0,6.46,0.68,6.4,8004.0,683.0,8.91,0.76,5.19,148.0,145.0,1.85,1.81,59.48,68738.0,1087.0,76.5,1.21,0.96,2155.0,392.0,3.14,0.57,11.04,12950.0,665.0,14.41,0.74,3.12,3482.0,394.0,26.89,3.04,6.87,89080.0,1851.0,99.14,2.06,1.26,71230.0,1265.0,79.96,1.42,1.08,15710.0,1167.0,17.64,1.31,4.51,2138.0,428.0,2.4,0.48,12.16,89857.0,,100,,,69399.0,1168.0,77.23,1.3,1.02,67654.0,1177.0,75.29,1.31,1.06,1732.0,314.0,1.93,0.35,11.02,20458.0,1177.0,22.77,1.31,3.5,8862.0,706.0,43.32,3.45,4.84,11596.0,706.0,56.68,3.45,3.7,6949.0,571.0,33.97,2.79,4.99,8830.0,616.0,43.16,3.01,4.24,385.0,141.0,1.88,0.69,22.31,1056.0,311.0,5.16,1.52,17.91,1855.0,364.0,9.07,1.78,11.93,1388.0,381.0,6.78,1.86,16.68,87014.0,2049.0,96.84,2.28,1.43,65958.0,1253.0,75.8,1.44,1.15,5506.0,679.0,6.33,0.78,7.49,4022.0,592.0,4.62,0.68,8.95,82502.0,2094.0,91.81,2.33,1.54,59714.0,1089.0,72.38,1.32,1.11,56959.0,1122.0,69.04,1.36,1.2,2743.0,413.0,3.32,0.5,9.16,16.0,124.0,0.02,0.15,455.93,22788.0,1089.0,27.62,1.32,2.91,,,4.59,0.69,9.15,56447.0,1042.0,62.82,1.16,1.12,2549.0,389.0,4.52,0.69,9.28,952.0,288.0,1.69,0.51,18.34,29054.0,1039.0,51.47,1.84,2.17,14533.0,960.0,25.75,1.7,4.01,4921.0,564.0,8.72,1.0,6.97,56942.0,1141.0,63.37,1.27,1.22,73.0,137.0,0.13,0.24,112.23,470.0,199.0,0.83,0.35,25.63,1387.0,313.0,2.44,0.55,13.7,1438.0,307.0,2.53,0.54,12.97,4363.0,592.0,7.66,1.04,8.25,700.0,216.0,1.23,0.38,18.78,4590.0,547.0,8.06,0.96,7.24,11996.0,905.0,21.07,1.59,4.59,14568.0,871.0,25.58,1.53,3.64,10068.0,803.0,17.68,1.41,4.85,5224.0,575.0,9.17,1.01,6.7,1268.0,290.0,2.23,0.51,13.9,785.0,239.0,1.38,0.42,18.5,3016.0,435.0,4.99,0.72,8.77,1303.0,290.0,2.16,0.48,13.51,3237.0,483.0,5.36,0.8,9.07,2761.0,495.0,4.57,0.82,10.91,4391.0,616.0,7.27,1.02,8.53,7216.0,707.0,11.95,1.17,5.95,5439.0,616.0,9.0,1.02,6.89,9390.0,791.0,15.54,1.31,5.12,6934.0,707.0,11.48,1.17,6.2,16717.0,876.0,27.67,1.45,3.19,51300.0,689.0,84.92,1.14,0.82,11997.0,725.0,19.86,1.2,3.67,5619.0,598.0,9.3,0.99,6.47,1040.0,242.0,1.72,0.4,14.14,461.0,181.0,0.76,0.3,24.0,2641.0,411.0,4.37,0.68,9.46,85486.0,646.0,95.31,0.72,0.46,76000.0,1031.0,84.74,1.15,0.82,16977.0,996.0,18.93,1.11,3.56,4203.0,646.0,4.69,0.72,9.33,44823.0,1150.0,49.88,1.28,1.56,45034.0,1150.0,50.12,1.28,1.55,2843.0,404.0,3.16,0.45,8.66,2328.0,359.0,2.59,0.4,9.39,1919.0,341.0,2.14,0.38,10.79,4267.0,548.0,4.75,0.61,7.81,5580.0,665.0,6.21,0.74,7.24,25628.0,1231.0,28.52,1.37,2.92,13754.0,890.0,15.31,0.99,3.93,10745.0,791.0,11.96,0.88,4.47,4349.0,521.0,4.84,0.58,7.28,5435.0,602.0,6.05,0.67,6.73,7733.0,620.0,8.61,0.69,4.87,3508.0,440.0,3.9,0.49,7.64,1743.0,350.0,1.94,0.39,12.22,81853.0,638.0,91.09,0.71,0.47,13004.0,737.0,14.47,0.82,3.44,71342.0,1159.0,79.4,1.29,0.99,1797.0,350.0,2.0,0.39,11.85,209.0,207.0,0.23,0.23,60.79,12725.0,979.0,14.16,1.09,4.68,17.0,126.0,0.02,0.14,425.53,1221.0,323.0,1.36,0.36,16.09,2528.0,521.0,2.81,0.58,12.55,5438.0,683.0,6.05,0.76,7.64,84419.0,683.0,93.95,0.76,0.49,67371.0,1249.0,74.98,1.39,1.13,1609.0,314.0,1.79,0.35,11.89,175.0,207.0,0.19,0.23,73.59,12643.0,970.0,14.07,1.08,4.67,17.0,126.0,0.02,0.14,425.53,402.0,198.0,0.45,0.22,29.72,2199.0,476.0,2.45,0.53,13.15
2,103,103,80799.0,,100,,,12455.0,840.0,15.41,1.04,4.1,31658.0,1587.0,19.75,0.99,3.05,1763.0,364.0,5.57,1.15,12.55,1058.0,288.0,3.34,0.91,16.56,8250.0,617.0,26.06,1.95,4.55,4559.0,491.0,14.4,1.55,6.54,16028.0,655.0,50.63,2.07,2.49,123130.0,2084.0,76.82,1.3,1.03,19071.0,1207.0,15.49,0.98,3.85,10782.0,936.0,8.76,0.76,5.27,22255.0,1305.0,18.07,1.06,3.57,54140.0,1576.0,43.97,1.28,1.77,141332.0,3093.0,88.18,1.93,1.33,2003.0,339.0,1.42,0.24,10.27,158379.0,930.0,98.82,0.58,0.36,21855.0,1267.0,13.8,0.8,3.52,18834.0,1330.0,11.75,0.83,4.29,773.0,350.0,4.1,1.86,27.58,115289.0,1747.0,71.93,1.09,0.92,9782.0,853.0,8.48,0.74,5.3,24273.0,914.0,15.14,0.57,2.29,11291.0,701.0,46.52,2.89,3.78,158787.0,2645.0,99.07,1.65,1.01,136849.0,1397.0,86.18,0.88,0.62,19978.0,1318.0,12.58,0.83,4.01,1954.0,397.0,1.23,0.25,12.36,160274.0,,100,,,105123.0,1827.0,65.59,1.14,1.06,94581.0,1875.0,59.01,1.17,1.21,10514.0,930.0,6.56,0.58,5.37,55151.0,1811.0,34.41,1.13,2.0,30578.0,1202.0,55.44,2.18,2.39,24574.0,1202.0,44.56,2.18,2.97,6856.0,689.0,12.43,1.25,6.11,37035.0,1081.0,67.15,1.96,1.77,695.0,270.0,1.26,0.49,23.64,717.0,265.0,1.3,0.48,22.45,8953.0,1015.0,16.23,1.84,6.89,895.0,248.0,1.62,0.45,16.89,155091.0,3398.0,96.77,2.12,1.33,73478.0,1939.0,47.38,1.25,1.6,43273.0,1753.0,27.9,1.13,2.46,30986.0,1613.0,19.98,1.04,3.16,143909.0,2997.0,89.79,1.87,1.27,85271.0,1569.0,59.25,1.09,1.12,78708.0,1569.0,54.69,1.09,1.21,6477.0,734.0,4.5,0.51,6.89,87.0,187.0,0.06,0.13,131.71,58645.0,1569.0,40.75,1.09,1.63,,,7.6,0.85,6.89,77269.0,1667.0,48.21,1.04,1.31,3975.0,580.0,5.14,0.75,8.87,1403.0,386.0,1.82,0.5,16.7,42951.0,1321.0,55.59,1.71,1.87,19712.0,1182.0,25.51,1.53,3.65,3942.0,672.0,5.1,0.87,10.37,78712.0,1635.0,49.11,1.02,1.26,56.0,173.0,0.07,0.22,191.06,1701.0,425.0,2.16,0.54,15.2,2836.0,457.0,3.6,0.58,9.79,1625.0,370.0,2.06,0.47,13.87,6594.0,724.0,8.38,0.92,6.67,2478.0,464.0,3.15,0.59,11.39,5406.0,622.0,6.87,0.79,6.99,9434.0,850.0,11.99,1.08,5.48,16900.0,1133.0,21.47,1.44,4.08,15316.0,1000.0,19.46,1.27,3.97,11095.0,976.0,14.1,1.24,5.35,3367.0,512.0,4.28,0.65,9.23,1918.0,386.0,2.44,0.49,12.21,11457.0,921.0,14.18,1.14,4.89,7657.0,703.0,9.48,0.87,5.58,9877.0,840.0,12.22,1.04,5.17,6828.0,735.0,8.45,0.91,6.55,7367.0,743.0,9.12,0.92,6.13,10047.0,856.0,12.43,1.06,5.18,6844.0,671.0,8.47,0.83,5.96,9442.0,832.0,11.69,1.03,5.36,4226.0,541.0,5.23,0.67,7.79,7055.0,606.0,8.73,0.75,5.22,58559.0,1067.0,72.47,1.32,1.11,20463.0,970.0,25.33,1.2,2.88,7658.0,646.0,9.48,0.8,5.13,9326.0,760.0,11.54,0.94,4.95,3989.0,566.0,4.94,0.7,8.61,19266.0,978.0,23.84,1.21,3.09,145344.0,1220.0,91.77,0.77,0.51,84339.0,2091.0,53.25,1.32,1.51,69272.0,1964.0,43.74,1.24,1.72,13035.0,1220.0,8.23,0.77,5.69,78019.0,1475.0,48.68,0.92,1.15,82255.0,1475.0,51.32,0.92,1.09,5183.0,705.0,3.23,0.44,8.28,5051.0,609.0,3.15,0.38,7.33,5112.0,593.0,3.19,0.37,7.05,9137.0,737.0,5.7,0.46,4.91,12711.0,930.0,7.93,0.58,4.45,36535.0,1587.0,22.8,0.99,2.64,22336.0,1330.0,13.94,0.83,3.62,20779.0,1298.0,12.96,0.81,3.8,8685.0,833.0,5.42,0.52,5.83,10165.0,865.0,6.34,0.54,5.18,12686.0,930.0,7.92,0.58,4.45,7503.0,721.0,4.68,0.45,5.85,4442.0,593.0,2.77,0.37,8.12,141423.0,1186.0,88.24,0.74,0.51,24639.0,1122.0,15.37,0.7,2.77,69231.0,1971.0,43.2,1.23,1.73,14745.0,1250.0,9.2,0.78,5.15,358.0,224.0,0.22,0.14,38.68,50084.0,1795.0,31.25,1.12,2.18,90.0,176.0,0.06,0.11,111.45,20085.0,1827.0,12.53,1.14,5.53,5667.0,785.0,3.54,0.49,8.41,40021.0,1811.0,24.97,1.13,2.75,120252.0,1811.0,75.03,1.13,0.92,53135.0,1507.0,33.15,0.94,1.72,12566.0,1154.0,7.84,0.72,5.58,288.0,224.0,0.18,0.14,47.28,49599.0,1779.0,30.95,1.11,2.18,90.0,176.0,0.06,0.11,111.45,1141.0,673.0,0.71,0.42,35.96,3382.0,561.0,2.11,0.35,10.08
3,104,104,85497.0,,100,,,7739.0,778.0,9.05,0.91,6.11,15314.0,1561.0,14.12,1.44,6.2,1062.0,302.0,6.93,1.97,17.28,443.0,176.0,2.89,1.15,24.19,3552.0,603.0,23.2,3.94,10.32,1608.0,406.0,10.5,2.65,15.34,8646.0,809.0,56.46,5.28,5.68,89724.0,2331.0,82.75,2.15,1.58,2563.0,467.0,2.86,0.52,11.05,2892.0,592.0,3.22,0.66,12.46,8074.0,825.0,9.0,0.92,6.21,64622.0,1337.0,72.02,1.49,1.26,99233.0,3177.0,91.52,2.93,1.95,1630.0,327.0,1.64,0.33,12.23,108312.0,596.0,99.9,0.55,0.33,9755.0,964.0,9.01,0.89,6.0,9192.0,1323.0,8.48,1.22,8.75,304.0,161.0,3.31,1.75,32.14,86508.0,2158.0,79.79,1.99,1.52,5343.0,727.0,6.18,0.84,8.26,12618.0,802.0,11.64,0.74,3.86,4127.0,464.0,32.71,3.68,6.84,107602.0,3188.0,99.24,2.94,1.8,87906.0,1829.0,81.7,1.7,1.26,17653.0,1775.0,16.41,1.65,6.11,2031.0,613.0,1.89,0.57,18.33,108425.0,,100,,,78008.0,1637.0,71.95,1.51,1.28,75073.0,1637.0,69.24,1.51,1.33,2925.0,455.0,2.7,0.42,9.46,30417.0,1681.0,28.05,1.55,3.36,13765.0,916.0,45.25,3.01,4.04,16652.0,916.0,54.75,3.01,3.34,7548.0,782.0,24.82,2.57,6.29,11855.0,940.0,38.98,3.09,4.82,1098.0,411.0,3.61,1.35,22.73,627.0,222.0,2.06,0.73,21.54,7639.0,870.0,25.11,2.86,6.92,1655.0,468.0,5.44,1.54,17.21,105105.0,2862.0,96.94,2.64,1.66,70585.0,1944.0,67.16,1.85,1.67,10879.0,1198.0,10.35,1.14,6.7,13946.0,1324.0,13.27,1.26,5.77,99911.0,3209.0,92.15,2.96,1.95,77534.0,1229.0,77.6,1.23,0.96,73251.0,1319.0,73.32,1.32,1.09,4265.0,599.0,4.27,0.6,8.54,0.0,,0.0,,,22377.0,1229.0,22.4,1.23,3.34,,,5.5,0.77,8.54,72367.0,1789.0,66.74,1.65,1.5,3186.0,521.0,4.4,0.72,9.95,615.0,217.0,0.85,0.3,21.46,34917.0,1360.0,48.25,1.88,2.37,23878.0,1274.0,33.0,1.76,3.24,4566.0,673.0,6.31,0.93,8.96,73255.0,1854.0,67.56,1.71,1.54,38.0,139.0,0.05,0.19,231.0,1190.0,359.0,1.62,0.49,18.39,2509.0,491.0,3.43,0.67,11.87,1687.0,374.0,2.3,0.51,13.48,5809.0,681.0,7.93,0.93,7.13,1295.0,440.0,1.77,0.6,20.61,5957.0,733.0,8.13,1.0,7.48,13679.0,1099.0,18.67,1.5,4.88,17260.0,1150.0,23.56,1.57,4.05,11227.0,938.0,15.33,1.28,5.08,8306.0,850.0,11.34,1.16,6.22,2679.0,505.0,3.66,0.69,11.46,1633.0,359.0,2.23,0.49,13.36,6187.0,787.0,7.24,0.92,7.72,3102.0,522.0,3.63,0.61,10.22,5393.0,718.0,6.31,0.84,8.09,5543.0,769.0,6.48,0.9,8.44,6502.0,821.0,7.6,0.96,7.68,9618.0,1026.0,11.25,1.2,6.48,8510.0,975.0,9.95,1.14,6.96,13597.0,1163.0,15.9,1.36,5.2,8375.0,846.0,9.8,0.99,6.14,18654.0,1223.0,21.82,1.43,3.98,72013.0,1035.0,84.23,1.21,0.87,13525.0,923.0,15.82,1.08,4.15,6632.0,752.0,7.76,0.88,6.89,3276.0,504.0,3.83,0.59,9.36,2129.0,539.0,2.49,0.63,15.38,7265.0,821.0,8.5,0.96,6.87,101763.0,834.0,93.95,0.77,0.5,84569.0,1830.0,78.08,1.69,1.32,24925.0,1744.0,23.01,1.61,4.25,6550.0,834.0,6.05,0.77,7.74,57657.0,1399.0,53.18,1.29,1.47,50768.0,1399.0,46.82,1.29,1.67,3320.0,499.0,3.06,0.46,9.14,2553.0,607.0,2.35,0.56,14.49,2062.0,542.0,1.9,0.5,16.0,2324.0,445.0,2.14,0.41,11.65,8452.0,1030.0,7.8,0.95,7.4,29594.0,1550.0,27.29,1.43,3.19,19654.0,1269.0,18.13,1.17,3.92,13994.0,1073.0,12.91,0.99,4.66,7430.0,813.0,6.85,0.75,6.66,6411.0,726.0,5.91,0.67,6.89,7583.0,661.0,6.99,0.61,5.31,3773.0,531.0,3.48,0.49,8.56,1264.0,293.0,1.17,0.27,14.03,99233.0,1193.0,91.52,1.1,0.73,12622.0,846.0,11.64,0.78,4.07,75877.0,2038.0,69.98,1.88,1.63,7841.0,1518.0,7.23,1.4,11.77,368.0,228.0,0.34,0.21,37.55,16216.0,1377.0,14.96,1.27,5.16,10.0,130.0,0.01,0.12,729.48,4942.0,1160.0,4.56,1.07,14.26,3174.0,542.0,2.93,0.5,10.37,18667.0,1431.0,17.22,1.32,4.66,89758.0,1431.0,82.78,1.32,0.97,64284.0,1908.0,59.29,1.76,1.8,6713.0,1464.0,6.19,1.35,13.26,111.0,130.0,0.1,0.12,72.95,15910.0,1344.0,14.67,1.24,5.14,10.0,130.0,0.01,0.12,729.48,623.0,379.0,0.57,0.35,37.33,2108.0,434.0,1.94,0.4,12.53
4,105,105,45751.0,,100,,,4339.0,595.0,9.48,1.3,8.34,8846.0,622.0,17.64,1.24,4.27,562.0,156.0,6.35,1.76,16.85,176.0,110.0,1.99,1.24,37.88,1352.0,218.0,15.28,2.46,9.79,512.0,142.0,5.79,1.6,16.8,6243.0,283.0,70.58,3.2,2.76,39503.0,908.0,78.78,1.81,1.4,783.0,205.0,1.98,0.52,15.97,709.0,198.0,1.79,0.5,16.98,2505.0,363.0,6.34,0.92,8.82,31705.0,593.0,80.26,1.5,1.14,45973.0,1153.0,91.69,2.3,1.52,954.0,198.0,2.08,0.43,12.57,49959.0,757.0,99.64,1.51,0.92,2860.0,330.0,5.72,0.66,7.01,4149.0,456.0,8.27,0.91,6.68,42.0,98.0,1.01,2.37,142.65,39254.0,988.0,78.29,1.97,1.53,1169.0,208.0,2.98,0.53,10.81,6570.0,401.0,13.1,0.8,3.71,1652.0,237.0,25.15,3.6,8.7,49564.0,938.0,98.85,1.87,1.15,36407.0,927.0,73.45,1.87,1.55,11142.0,848.0,22.48,1.71,4.62,2016.0,451.0,4.07,0.91,13.59,50141.0,,100,,,35915.0,807.0,71.63,1.61,1.37,34935.0,812.0,69.67,1.62,1.41,984.0,211.0,1.96,0.42,13.03,14226.0,772.0,28.37,1.54,3.3,6197.0,459.0,43.56,3.23,4.51,8029.0,459.0,56.44,3.23,3.48,3800.0,417.0,26.71,2.93,6.67,6996.0,444.0,49.18,3.12,3.86,424.0,203.0,2.98,1.43,29.17,349.0,152.0,2.45,1.07,26.55,1868.0,314.0,13.13,2.21,10.23,789.0,208.0,5.55,1.46,15.99,48216.0,1093.0,96.16,2.18,1.38,34119.0,781.0,70.76,1.62,1.39,3449.0,492.0,7.15,1.02,8.67,2667.0,376.0,5.53,0.78,8.57,46402.0,1163.0,92.54,2.32,1.52,33328.0,673.0,71.83,1.45,1.23,31633.0,701.0,68.17,1.51,1.35,1689.0,269.0,3.64,0.58,9.69,6.0,130.0,0.01,0.28,1702.13,13073.0,673.0,28.17,1.45,3.13,,,5.07,0.8,9.68,31199.0,852.0,62.22,1.7,1.66,1097.0,228.0,3.52,0.73,12.61,317.0,122.0,1.02,0.39,23.24,14216.0,736.0,45.57,2.36,3.15,11128.0,665.0,35.67,2.13,3.63,2724.0,396.0,8.73,1.27,8.84,31634.0,832.0,63.09,1.66,1.6,0.0,,0.0,,,329.0,158.0,1.04,0.5,29.23,1044.0,259.0,3.3,0.82,15.11,574.0,158.0,1.81,0.5,16.79,1845.0,304.0,5.83,0.96,10.01,373.0,161.0,1.18,0.51,26.27,2436.0,386.0,7.7,1.22,9.63,9653.0,576.0,30.51,1.82,3.63,8138.0,557.0,25.73,1.76,4.16,3962.0,427.0,12.52,1.35,6.55,2013.0,320.0,6.36,1.01,9.65,789.0,177.0,2.49,0.56,13.67,479.0,164.0,1.51,0.52,20.93,3429.0,462.0,7.49,1.01,8.2,1631.0,407.0,3.56,0.89,15.2,2266.0,444.0,4.95,0.97,11.91,1461.0,416.0,3.19,0.91,17.34,2546.0,458.0,5.56,1.0,10.93,4014.0,622.0,8.77,1.36,9.43,3657.0,554.0,7.99,1.21,9.21,7077.0,714.0,15.47,1.56,6.13,4939.0,663.0,10.8,1.45,8.16,14726.0,915.0,32.19,2.0,3.78,37492.0,741.0,81.95,1.62,1.2,8361.0,737.0,18.28,1.61,5.35,3842.0,622.0,8.4,1.36,9.84,1112.0,361.0,2.43,0.79,19.76,676.0,366.0,1.48,0.8,32.86,2113.0,352.0,4.62,0.77,10.13,47680.0,390.0,95.44,0.78,0.5,43301.0,590.0,86.67,1.18,0.83,8310.0,565.0,16.63,1.13,4.13,2279.0,390.0,4.56,0.78,10.4,24643.0,677.0,49.15,1.35,1.67,25499.0,677.0,50.85,1.35,1.61,1925.0,306.0,3.84,0.61,9.66,991.0,251.0,1.98,0.5,15.35,741.0,196.0,1.48,0.39,16.02,2204.0,286.0,4.4,0.57,7.88,4767.0,486.0,9.51,0.97,6.2,14517.0,827.0,28.95,1.65,3.46,7513.0,742.0,14.98,1.48,6.01,5552.0,476.0,11.07,0.95,5.22,3095.0,411.0,6.17,0.82,8.08,2171.0,306.0,4.33,0.61,8.56,3883.0,421.0,7.74,0.84,6.6,2072.0,326.0,4.13,0.65,9.57,703.0,246.0,1.4,0.49,21.28,45979.0,436.0,91.7,0.87,0.58,6662.0,501.0,13.29,1.0,4.57,35971.0,797.0,71.74,1.59,1.35,1965.0,331.0,3.92,0.66,10.24,106.0,125.0,0.21,0.25,72.37,9869.0,712.0,19.68,1.42,4.39,41.0,135.0,0.08,0.27,205.17,837.0,241.0,1.67,0.48,17.47,1352.0,321.0,2.7,0.64,14.41,3659.0,466.0,7.3,0.93,7.74,46483.0,466.0,92.7,0.93,0.61,33226.0,862.0,66.26,1.72,1.58,1733.0,316.0,3.46,0.63,11.07,106.0,125.0,0.21,0.25,72.37,9846.0,712.0,19.64,1.42,4.4,26.0,135.0,0.05,0.27,328.27,320.0,196.0,0.64,0.39,37.04,1233.0,321.0,2.46,0.64,15.82
5,106,106,100007.0,,100,,,10035.0,1010.0,10.03,1.01,6.12,21909.0,1812.0,15.72,1.3,5.03,1662.0,449.0,7.59,2.05,16.42,500.0,250.0,2.28,1.14,30.4,4238.0,692.0,19.34,3.16,9.93,1786.0,432.0,8.15,1.97,14.69,13718.0,844.0,62.61,3.85,3.74,112392.0,3025.0,80.63,2.17,1.64,1427.0,427.0,1.27,0.38,18.19,1946.0,495.0,1.73,0.44,15.46,6599.0,865.0,5.87,0.77,7.97,88614.0,1439.0,78.84,1.28,0.99,127184.0,3471.0,91.24,2.49,1.66,3318.0,547.0,2.61,0.43,10.02,138985.0,251.0,99.71,0.18,0.11,10775.0,1223.0,7.75,0.88,6.9,12052.0,1575.0,8.65,1.13,7.94,200.0,180.0,1.66,1.49,54.56,102562.0,2230.0,73.58,1.6,1.32,4242.0,769.0,4.14,0.75,11.01,24378.0,1199.0,17.49,0.86,2.99,6329.0,758.0,25.96,3.11,7.28,137889.0,3973.0,98.92,2.85,1.75,110108.0,2234.0,79.85,1.62,1.23,24996.0,2137.0,18.13,1.55,5.2,2770.0,607.0,2.01,0.44,13.31,139390.0,,100,,,108207.0,1701.0,77.63,1.22,0.96,104410.0,1756.0,74.91,1.26,1.02,3797.0,990.0,2.72,0.71,15.87,31183.0,1603.0,22.37,1.15,3.12,15799.0,935.0,50.67,3.0,3.6,15384.0,935.0,49.33,3.0,3.7,9740.0,929.0,31.23,2.98,5.8,14976.0,1023.0,48.03,3.28,4.15,1138.0,352.0,3.65,1.13,18.82,579.0,243.0,1.86,0.78,25.49,3470.0,649.0,11.13,2.08,11.36,1281.0,327.0,4.11,1.05,15.53,133894.0,3554.0,96.06,2.55,1.61,99386.0,2075.0,74.23,1.55,1.27,8091.0,1205.0,6.04,0.9,9.06,8274.0,1473.0,6.18,1.1,10.82,128133.0,3401.0,91.92,2.44,1.61,93818.0,1525.0,73.22,1.19,0.99,90229.0,1550.0,70.42,1.21,1.04,3522.0,538.0,2.75,0.42,9.28,95.0,154.0,0.07,0.12,104.21,34315.0,1525.0,26.78,1.19,2.7,,,3.75,0.57,9.29,88830.0,1491.0,63.73,1.07,1.02,4074.0,693.0,4.59,0.78,10.33,1504.0,444.0,1.69,0.5,17.99,40554.0,1777.0,45.65,2.0,2.66,30693.0,1608.0,34.55,1.81,3.18,6756.0,871.0,7.61,0.98,7.83,90214.0,1701.0,64.72,1.22,1.15,17.0,126.0,0.02,0.14,425.53,734.0,253.0,0.81,0.28,21.01,2598.0,523.0,2.88,0.58,12.24,2343.0,478.0,2.6,0.53,12.39,5381.0,785.0,5.96,0.87,8.87,1324.0,370.0,1.47,0.41,16.96,6896.0,839.0,7.64,0.93,7.4,19090.0,1281.0,21.16,1.42,4.08,22489.0,1461.0,24.93,1.62,3.95,16529.0,1236.0,18.32,1.37,4.55,6709.0,938.0,7.44,1.04,8.5,3013.0,595.0,3.34,0.66,12.01,3111.0,577.0,3.45,0.64,11.28,5330.0,770.0,5.33,0.77,8.78,2670.0,660.0,2.67,0.66,15.03,4556.0,700.0,4.56,0.7,9.33,3695.0,650.0,3.69,0.65,10.71,6807.0,900.0,6.81,0.9,8.03,11865.0,1200.0,11.86,1.2,6.15,11467.0,1190.0,11.47,1.19,6.31,17762.0,1380.0,17.76,1.38,4.72,11130.0,1080.0,11.13,1.08,5.9,24681.0,1400.0,24.68,1.4,3.45,81487.0,1270.0,81.48,1.27,0.95,22426.0,1260.0,22.42,1.26,3.42,12133.0,1060.0,12.13,1.06,5.31,2069.0,630.0,2.07,0.63,18.5,790.0,300.0,0.79,0.3,23.08,2498.0,550.0,2.5,0.55,13.37,133018.0,945.0,95.71,0.68,0.43,119755.0,1571.0,86.16,1.13,0.8,28029.0,1473.0,20.17,1.06,3.19,5968.0,945.0,4.29,0.68,9.64,62679.0,1868.0,44.97,1.34,1.81,76711.0,1868.0,55.03,1.34,1.48,5496.0,948.0,3.94,0.68,10.49,2798.0,599.0,2.01,0.43,13.0,2372.0,767.0,1.7,0.55,19.67,4485.0,585.0,3.22,0.42,7.93,11831.0,1255.0,8.49,0.9,6.44,38748.0,1965.0,27.8,1.41,3.08,17804.0,1380.0,12.77,0.99,4.71,15751.0,1255.0,11.3,0.9,4.84,8051.0,906.0,5.78,0.65,6.84,7564.0,808.0,5.43,0.58,6.49,13075.0,1101.0,9.38,0.79,5.12,7866.0,850.0,5.64,0.61,6.57,3550.0,585.0,2.55,0.42,10.01,127275.0,1422.0,91.31,1.02,0.68,24473.0,1338.0,17.56,0.96,3.32,106692.0,1965.0,76.54,1.41,1.12,4838.0,739.0,3.47,0.53,9.28,323.0,265.0,0.23,0.19,50.22,21871.0,1728.0,15.69,1.24,4.8,8.0,139.0,0.01,0.1,607.9,1611.0,544.0,1.16,0.39,20.44,4016.0,822.0,2.88,0.59,12.45,12376.0,1770.0,8.88,1.27,8.69,127014.0,1770.0,91.12,1.27,0.85,96661.0,2161.0,69.35,1.55,1.36,4531.0,739.0,3.25,0.53,9.91,236.0,251.0,0.17,0.18,64.37,21787.0,1728.0,15.63,1.24,4.82,8.0,139.0,0.01,0.1,607.9,435.0,307.0,0.31,0.22,43.14,3363.0,739.0,2.41,0.53,13.37
6,107,107,127401.0,,100,,,23375.0,1236.0,18.35,0.97,3.21,38865.0,2023.0,18.64,0.97,3.16,4508.0,602.0,11.6,1.55,8.12,1621.0,354.0,4.17,0.91,13.27,12811.0,968.0,32.96,2.49,4.59,5427.0,684.0,13.96,1.76,7.66,14499.0,964.0,37.31,2.48,4.04,165891.0,4003.0,79.56,1.92,1.47,5141.0,763.0,3.1,0.46,9.02,5349.0,813.0,3.22,0.49,9.25,13675.0,1244.0,8.24,0.75,5.53,123555.0,1808.0,74.48,1.09,0.89,176523.0,4191.0,84.66,2.01,1.44,5368.0,653.0,3.04,0.37,7.4,207330.0,438.0,99.43,0.21,0.13,19619.0,1348.0,9.46,0.65,4.18,31963.0,1689.0,15.33,0.81,3.21,1199.0,371.0,3.75,1.16,18.8,138199.0,2252.0,66.28,1.08,0.99,7611.0,912.0,5.51,0.66,7.28,37117.0,1397.0,17.8,0.67,2.29,10800.0,835.0,29.1,2.25,4.7,205883.0,4796.0,98.74,2.3,1.42,172769.0,2409.0,83.92,1.17,0.85,28638.0,2265.0,13.91,1.1,4.81,4486.0,1029.0,2.18,0.5,13.94,208512.0,,100,,,160487.0,2356.0,76.97,1.13,0.89,153134.0,2440.0,73.44,1.17,0.97,7379.0,980.0,3.54,0.47,8.07,48025.0,2419.0,23.03,1.16,3.06,24665.0,1359.0,51.36,2.83,3.35,23360.0,1359.0,48.64,2.83,3.54,13892.0,1100.0,28.93,2.29,4.81,14759.0,1201.0,30.73,2.5,4.95,1510.0,423.0,3.14,0.88,17.04,1158.0,403.0,2.41,0.84,21.19,14756.0,1143.0,30.73,2.38,4.71,1959.0,437.0,4.08,0.91,13.56,196551.0,3753.0,94.26,1.8,1.16,138803.0,2594.0,70.62,1.32,1.14,18526.0,1749.0,9.43,0.89,5.74,24680.0,1887.0,12.56,0.96,4.65,179067.0,4233.0,85.88,2.03,1.44,124619.0,1970.0,69.59,1.1,0.96,117692.0,2023.0,65.73,1.13,1.05,6936.0,842.0,3.87,0.47,7.38,0.0,,0.0,,,54448.0,1970.0,30.41,1.1,2.2,,,5.57,0.67,7.38,114698.0,2127.0,55.01,1.02,1.13,6244.0,757.0,5.44,0.66,7.38,1967.0,470.0,1.71,0.41,14.58,77965.0,1583.0,67.97,1.38,1.23,12951.0,1078.0,11.29,0.94,5.06,9204.0,952.0,8.02,0.83,6.29,117697.0,2043.0,56.45,0.98,1.06,153.0,188.0,0.13,0.16,74.82,1631.0,471.0,1.39,0.4,17.49,3021.0,506.0,2.57,0.43,10.17,2092.0,471.0,1.78,0.4,13.66,5869.0,741.0,4.99,0.63,7.67,1349.0,353.0,1.15,0.3,15.86,9202.0,953.0,7.82,0.81,6.3,20917.0,1306.0,17.77,1.11,3.8,26990.0,1483.0,22.93,1.26,3.34,29720.0,1554.0,25.25,1.32,3.18,9877.0,977.0,8.39,0.83,6.01,4106.0,600.0,3.49,0.51,8.88,2728.0,530.0,2.32,0.45,11.79,8962.0,1032.0,7.03,0.81,7.0,4565.0,675.0,3.58,0.53,9.0,8182.0,892.0,6.42,0.7,6.63,6474.0,828.0,5.08,0.65,7.78,7216.0,854.0,5.66,0.67,7.2,14410.0,1249.0,11.31,0.98,5.27,11648.0,1083.0,9.14,0.85,5.65,18614.0,1312.0,14.61,1.03,4.29,13673.0,1159.0,10.73,0.91,5.16,33649.0,1529.0,26.41,1.2,2.76,102067.0,1389.0,80.11,1.09,0.83,32533.0,1389.0,25.54,1.09,2.59,16867.0,1147.0,13.24,0.9,4.13,4818.0,752.0,3.78,0.59,9.49,1855.0,471.0,1.46,0.37,15.41,9141.0,956.0,7.17,0.75,6.36,196930.0,1244.0,94.98,0.6,0.38,167351.0,2239.0,80.72,1.08,0.81,54875.0,2260.0,26.47,1.09,2.5,10401.0,1244.0,5.02,0.6,7.27,94394.0,1897.0,45.27,0.91,1.22,114118.0,1897.0,54.73,0.91,1.01,11961.0,1189.0,5.74,0.57,6.04,8030.0,855.0,3.85,0.41,6.47,8080.0,938.0,3.88,0.45,7.05,6340.0,792.0,3.04,0.38,7.6,8203.0,917.0,3.93,0.44,6.81,38148.0,2023.0,18.3,0.97,3.22,32013.0,1564.0,15.35,0.75,2.97,30434.0,1626.0,14.6,0.78,3.25,13163.0,1168.0,6.31,0.56,5.4,13995.0,1147.0,6.71,0.55,4.98,21934.0,1293.0,10.52,0.62,3.58,9816.0,897.0,4.71,0.43,5.55,6410.0,751.0,3.07,0.36,7.13,176523.0,1460.0,84.66,0.7,0.5,38101.0,1564.0,18.27,0.75,2.5,155198.0,2586.0,74.43,1.24,1.01,16295.0,1626.0,7.81,0.78,6.07,918.0,876.0,0.44,0.42,58.03,19411.0,1606.0,9.31,0.77,5.03,21.0,146.0,0.01,0.07,425.53,9895.0,1626.0,4.75,0.78,9.98,6789.0,1126.0,3.26,0.54,10.07,32812.0,2189.0,15.74,1.05,4.06,175700.0,2189.0,84.26,1.05,0.76,138298.0,2460.0,66.33,1.18,1.08,12609.0,1314.0,6.05,0.63,6.33,104.0,167.0,0.05,0.08,97.26,19193.0,1606.0,9.2,0.77,5.09,3.0,146.0,0.0,0.07,,938.0,521.0,0.45,0.25,33.77,4568.0,876.0,2.19,0.42,11.66
7,108,108,150614.0,,100,,,26145.0,1461.0,17.36,0.97,3.4,34596.0,1909.0,15.59,0.86,3.35,4380.0,630.0,12.66,1.82,8.74,1499.0,374.0,4.33,1.08,15.16,12509.0,889.0,36.16,2.57,4.32,5375.0,692.0,15.54,2.0,7.82,10830.0,917.0,31.3,2.65,5.15,179413.0,4261.0,80.85,1.92,1.44,2041.0,520.0,1.14,0.29,15.46,2732.0,592.0,1.52,0.33,13.2,12094.0,1238.0,6.74,0.69,6.22,143803.0,1956.0,80.15,1.09,0.83,189354.0,4394.0,85.32,1.98,1.41,6790.0,738.0,3.59,0.39,6.6,219661.0,821.0,98.98,0.37,0.23,16562.0,1362.0,7.54,0.62,5.0,32475.0,1953.0,14.63,0.88,3.66,524.0,283.0,1.61,0.87,32.85,144895.0,2463.0,65.29,1.11,1.03,5778.0,797.0,3.99,0.55,8.38,42265.0,1398.0,19.04,0.63,2.01,10254.0,904.0,24.26,2.14,5.36,218657.0,3662.0,98.53,1.65,1.02,184209.0,2580.0,84.25,1.18,0.85,29837.0,2362.0,13.65,1.08,4.81,4605.0,1203.0,2.11,0.55,15.85,221922.0,,100,,,170444.0,2552.0,76.8,1.15,0.91,165583.0,2619.0,74.61,1.18,0.96,4886.0,755.0,2.2,0.34,9.39,51478.0,2730.0,23.2,1.23,3.22,24117.0,1493.0,46.85,2.9,3.76,27361.0,1493.0,53.15,2.9,3.32,19220.0,1477.0,37.34,2.87,4.67,16745.0,1364.0,32.53,2.65,4.95,2699.0,741.0,5.24,1.44,16.71,1133.0,407.0,2.2,0.79,21.83,10176.0,1359.0,19.77,2.64,8.12,1502.0,345.0,2.92,0.67,13.95,209671.0,4904.0,94.48,2.21,1.42,152334.0,2893.0,72.65,1.38,1.15,12536.0,1384.0,5.98,0.66,6.71,15192.0,1845.0,7.25,0.88,7.38,192039.0,4505.0,86.53,2.03,1.43,136948.0,1901.0,71.31,0.99,0.84,131710.0,1940.0,68.58,1.01,0.9,5171.0,730.0,2.69,0.38,8.59,81.0,192.0,0.04,0.1,151.98,55091.0,1901.0,28.69,0.99,2.1,,,3.78,0.53,8.58,129920.0,2308.0,58.54,1.04,1.08,9360.0,1000.0,7.2,0.77,6.5,2203.0,520.0,1.7,0.4,14.3,71937.0,1871.0,55.37,1.44,1.58,25371.0,1533.0,19.53,1.18,3.67,10332.0,987.0,7.95,0.76,5.81,131726.0,2508.0,59.36,1.13,1.16,13.0,171.0,0.01,0.13,790.27,1449.0,408.0,1.1,0.31,17.13,3570.0,593.0,2.71,0.45,10.09,4369.0,751.0,3.32,0.57,10.44,8048.0,988.0,6.11,0.75,7.46,1768.0,487.0,1.34,0.37,16.79,8511.0,1027.0,6.46,0.78,7.34,30484.0,1765.0,23.14,1.34,3.52,27979.0,1699.0,21.24,1.29,3.69,29236.0,1568.0,22.19,1.19,3.26,8782.0,1159.0,6.67,0.88,8.02,3830.0,672.0,2.91,0.51,10.65,3668.0,672.0,2.78,0.51,11.15,7045.0,919.0,4.68,0.61,7.92,3999.0,858.0,2.66,0.57,13.03,7309.0,1039.0,4.85,0.69,8.65,6386.0,1024.0,4.24,0.68,9.75,9371.0,1130.0,6.22,0.75,7.33,18569.0,1536.0,12.33,1.02,5.03,16178.0,1491.0,10.74,0.99,5.6,23884.0,1717.0,15.86,1.14,4.37,14569.0,1446.0,9.67,0.96,6.04,43315.0,1988.0,28.76,1.32,2.79,122838.0,1551.0,81.56,1.03,0.77,39946.0,1642.0,26.52,1.09,2.5,18551.0,1431.0,12.32,0.95,4.69,4087.0,874.0,2.71,0.58,13.01,1605.0,497.0,1.07,0.33,18.75,5738.0,1024.0,3.81,0.68,10.85,210744.0,1318.0,95.94,0.6,0.38,186648.0,2109.0,84.97,0.96,0.69,49662.0,2109.0,22.61,0.96,2.58,8917.0,1318.0,4.06,0.6,8.98,97166.0,1997.0,43.78,0.9,1.25,124756.0,1997.0,56.22,0.9,0.97,12251.0,1110.0,5.52,0.5,5.51,8949.0,932.0,4.03,0.42,6.34,7470.0,843.0,3.37,0.38,6.85,5265.0,688.0,2.37,0.31,7.95,8556.0,999.0,3.86,0.45,7.09,49997.0,2552.0,22.53,1.15,3.1,33630.0,1909.0,15.15,0.86,3.45,27027.0,1642.0,12.18,0.74,3.69,12215.0,1154.0,5.5,0.52,5.75,13008.0,1198.0,5.86,0.54,5.6,23605.0,1442.0,10.64,0.65,3.71,13408.0,1087.0,6.04,0.49,4.93,6561.0,821.0,2.96,0.37,7.6,189435.0,1687.0,85.36,0.76,0.54,43576.0,1687.0,19.64,0.76,2.35,183422.0,2596.0,82.65,1.17,0.86,7296.0,1087.0,3.29,0.49,9.05,377.0,399.0,0.17,0.18,64.37,20781.0,1886.0,9.36,0.85,5.52,204.0,244.0,0.09,0.11,74.3,3427.0,1198.0,1.54,0.54,21.32,6437.0,1065.0,2.9,0.48,10.06,19928.0,2064.0,8.98,0.93,6.3,201994.0,2064.0,91.02,0.93,0.62,168692.0,2796.0,76.01,1.26,1.01,6278.0,999.0,2.83,0.45,9.67,377.0,399.0,0.17,0.18,64.37,20660.0,1864.0,9.31,0.84,5.48,204.0,244.0,0.09,0.11,74.3,326.0,222.0,0.15,0.1,40.53,5403.0,999.0,2.43,0.45,11.26
8,109,109,46649.0,,100,,,11181.0,690.0,23.97,1.48,3.75,37067.0,1392.0,32.75,1.23,2.28,1096.0,282.0,2.96,0.76,15.61,1141.0,285.0,3.08,0.77,15.2,7556.0,697.0,20.38,1.88,5.61,4308.0,541.0,11.62,1.46,7.64,22972.0,752.0,61.97,2.03,1.99,74175.0,1573.0,65.54,1.39,1.29,8353.0,898.0,11.26,1.21,6.53,7944.0,868.0,10.71,1.17,6.64,13811.0,1061.0,18.62,1.43,4.67,31633.0,1283.0,42.65,1.73,2.47,95502.0,2784.0,84.38,2.46,1.77,1464.0,306.0,1.53,0.32,12.71,112639.0,1087.0,99.52,0.96,0.59,11613.0,912.0,10.31,0.81,4.78,17655.0,1121.0,15.6,0.99,3.86,336.0,154.0,1.9,0.87,27.84,82959.0,1426.0,73.3,1.26,1.04,6223.0,713.0,7.5,0.86,6.97,12012.0,713.0,10.61,0.63,3.61,5034.0,453.0,41.91,3.77,5.47,112180.0,2864.0,99.11,2.53,1.55,95038.0,1313.0,84.72,1.17,0.84,14372.0,1200.0,12.81,1.07,5.08,2745.0,494.0,2.45,0.44,10.92,113182.0,,100,,,73986.0,1686.0,65.37,1.49,1.39,70919.0,1709.0,62.66,1.51,1.46,3053.0,509.0,2.7,0.45,10.13,39196.0,1641.0,34.63,1.45,2.55,16834.0,1023.0,42.95,2.61,3.69,22362.0,1023.0,57.05,2.61,2.78,3731.0,478.0,9.52,1.22,7.79,7267.0,831.0,18.54,2.12,6.95,2091.0,490.0,5.33,1.25,14.26,212.0,141.0,0.54,0.36,40.53,25263.0,999.0,64.45,2.55,2.41,629.0,235.0,1.6,0.6,22.8,108191.0,2977.0,95.59,2.63,1.67,53741.0,1904.0,49.67,1.76,2.15,22333.0,1450.0,20.64,1.34,3.95,38403.0,1753.0,35.5,1.62,2.77,97746.0,2603.0,86.36,2.3,1.62,57999.0,1388.0,59.34,1.42,1.45,53199.0,1398.0,54.43,1.43,1.6,4801.0,645.0,4.91,0.66,8.17,16.0,127.0,0.02,0.13,395.14,39746.0,1388.0,40.66,1.42,2.12,,,8.28,1.09,8.17,51748.0,1449.0,45.72,1.28,1.7,3129.0,517.0,6.05,1.0,10.05,733.0,269.0,1.42,0.52,22.26,36689.0,952.0,70.9,1.84,1.58,6474.0,631.0,12.51,1.22,5.93,3213.0,507.0,6.21,0.98,9.59,53191.0,1415.0,47.0,1.25,1.62,27.0,133.0,0.05,0.25,303.95,1928.0,457.0,3.62,0.86,14.44,1363.0,340.0,2.56,0.64,15.2,848.0,309.0,1.59,0.58,22.18,5178.0,718.0,9.73,1.35,8.43,1617.0,340.0,3.04,0.64,12.8,2627.0,463.0,4.94,0.87,10.71,3465.0,537.0,6.51,1.01,9.43,5897.0,617.0,11.09,1.16,6.36,17215.0,952.0,32.36,1.79,3.36,8791.0,872.0,16.53,1.64,6.03,2991.0,505.0,5.62,0.95,10.28,1231.0,298.0,2.31,0.56,14.74,7638.0,765.0,16.37,1.64,6.09,3135.0,471.0,6.72,1.01,9.14,4297.0,550.0,9.21,1.18,7.79,4829.0,578.0,10.35,1.24,7.28,4808.0,560.0,10.31,1.2,7.08,6980.0,653.0,14.96,1.4,5.69,4716.0,560.0,10.11,1.2,7.22,4556.0,541.0,9.77,1.16,7.22,2426.0,429.0,5.2,0.92,10.76,3263.0,401.0,6.99,0.86,7.48,35762.0,774.0,76.66,1.66,1.32,10809.0,667.0,23.17,1.43,3.75,4654.0,485.0,9.98,1.04,6.33,4187.0,527.0,8.98,1.13,7.65,1531.0,308.0,3.28,0.66,12.23,9752.0,686.0,20.91,1.47,4.27,99251.0,1250.0,88.11,1.11,0.77,62425.0,1937.0,55.42,1.72,1.89,42789.0,1836.0,37.99,1.63,2.61,13388.0,1250.0,11.89,1.11,5.68,53783.0,1392.0,47.52,1.23,1.57,59399.0,1392.0,52.48,1.23,1.42,4991.0,690.0,4.41,0.61,8.41,4818.0,577.0,4.26,0.51,7.28,4591.0,566.0,4.06,0.5,7.49,9158.0,747.0,8.09,0.66,4.96,15496.0,1064.0,13.69,0.94,4.17,23859.0,1415.0,21.08,1.25,3.6,13988.0,1064.0,12.36,0.94,4.62,13576.0,973.0,11.99,0.86,4.36,5476.0,623.0,4.84,0.55,6.91,4803.0,566.0,4.24,0.5,7.17,6456.0,600.0,5.7,0.53,5.65,4233.0,509.0,3.74,0.45,7.31,1844.0,374.0,1.63,0.33,12.31,95520.0,1019.0,84.4,0.9,0.65,12472.0,815.0,11.02,0.72,3.97,40966.0,1754.0,36.19,1.55,2.6,32683.0,1969.0,28.88,1.74,3.66,438.0,226.0,0.39,0.2,31.17,9159.0,1064.0,8.09,0.94,7.06,48.0,125.0,0.04,0.11,167.17,17703.0,1845.0,15.64,1.63,6.34,12183.0,1539.0,10.76,1.36,7.68,44269.0,1901.0,39.11,1.68,2.61,68913.0,1901.0,60.89,1.68,1.68,28624.0,1324.0,25.29,1.17,2.81,26879.0,1698.0,23.75,1.5,3.84,144.0,136.0,0.13,0.12,56.11,9138.0,1064.0,8.07,0.94,7.08,48.0,125.0,0.04,0.11,167.17,449.0,374.0,0.4,0.33,50.15,3618.0,736.0,3.2,0.65,12.35
9,110,110,60088.0,,100,,,16346.0,775.0,27.2,1.29,2.88,32445.0,1408.0,24.42,1.06,2.64,2720.0,451.0,8.38,1.39,10.08,2007.0,383.0,6.19,1.18,11.59,12254.0,717.0,37.77,2.21,3.56,5936.0,561.0,18.3,1.73,5.75,9525.0,646.0,29.36,1.99,4.12,90819.0,2245.0,68.37,1.69,1.5,6520.0,681.0,7.18,0.75,6.35,10826.0,917.0,11.92,1.01,5.15,20870.0,1162.0,22.98,1.28,3.39,32811.0,1190.0,36.13,1.31,2.2,104218.0,2896.0,78.46,2.18,1.69,2697.0,386.0,2.59,0.37,8.68,132240.0,505.0,99.55,0.38,0.23,16080.0,992.0,12.16,0.75,3.75,28542.0,1408.0,21.49,1.06,3.0,804.0,225.0,2.82,0.79,17.03,91447.0,1554.0,68.84,1.17,1.03,9569.0,786.0,10.46,0.86,5.0,12219.0,611.0,9.2,0.46,3.04,5700.0,398.0,46.65,3.26,4.25,131252.0,2962.0,98.81,2.23,1.37,117613.0,1168.0,89.61,0.89,0.6,12484.0,1129.0,9.51,0.86,5.5,1168.0,354.0,0.89,0.27,18.44,132838.0,,100,,,102016.0,1567.0,76.8,1.18,0.93,98317.0,1594.0,74.01,1.2,0.99,3693.0,518.0,2.78,0.39,8.53,30822.0,1554.0,23.2,1.17,3.06,14443.0,786.0,46.86,2.55,3.31,16379.0,786.0,53.14,2.55,2.92,2637.0,382.0,8.56,1.24,8.81,3503.0,564.0,11.37,1.83,9.78,7692.0,795.0,24.96,2.58,6.28,137.0,139.0,0.44,0.45,62.17,16389.0,832.0,53.17,2.7,3.09,465.0,185.0,1.51,0.6,24.16,122875.0,3082.0,92.5,2.32,1.52,81990.0,1905.0,66.73,1.55,1.41,14039.0,1204.0,11.43,0.98,5.21,23524.0,1499.0,19.14,1.22,3.87,106674.0,2829.0,80.3,2.13,1.61,68761.0,1312.0,64.46,1.23,1.16,60502.0,1344.0,56.72,1.26,1.35,8183.0,800.0,7.67,0.75,5.94,52.0,149.0,0.05,0.14,170.21,37913.0,1312.0,35.54,1.23,2.1,,,11.9,1.14,5.94,59348.0,1262.0,44.68,0.95,1.29,4666.0,617.0,7.86,1.04,8.04,1179.0,309.0,1.99,0.52,15.88,43871.0,979.0,73.92,1.65,1.36,4458.0,552.0,7.51,0.93,7.53,3637.0,534.0,6.13,0.9,8.93,60507.0,1275.0,45.55,0.96,1.28,28.0,139.0,0.05,0.23,279.64,1497.0,333.0,2.47,0.55,13.54,1466.0,309.0,2.42,0.51,12.81,823.0,242.0,1.36,0.4,17.88,6265.0,678.0,10.35,1.12,6.58,3400.0,520.0,5.62,0.86,9.3,2315.0,339.0,3.83,0.56,8.89,5238.0,563.0,8.66,0.93,6.53,8044.0,696.0,13.29,1.15,5.26,17244.0,944.0,28.5,1.56,3.33,8343.0,732.0,13.79,1.21,5.33,3316.0,478.0,5.48,0.79,8.76,2530.0,375.0,4.18,0.62,9.02,9185.0,733.0,15.29,1.22,4.85,5021.0,553.0,8.36,0.92,6.69,6562.0,589.0,10.92,0.98,5.46,5738.0,601.0,9.55,1.0,6.37,6834.0,679.0,11.37,1.13,6.04,9169.0,703.0,15.26,1.17,4.66,5387.0,547.0,8.97,0.91,6.17,6049.0,577.0,10.07,0.96,5.8,2657.0,373.0,4.42,0.62,8.53,3476.0,421.0,5.78,0.7,7.36,45401.0,787.0,75.56,1.31,1.05,12424.0,703.0,20.68,1.17,3.44,5892.0,511.0,9.81,0.85,5.27,6118.0,565.0,10.18,0.94,5.61,3524.0,481.0,5.86,0.8,8.3,13966.0,781.0,23.24,1.3,3.4,118206.0,1203.0,89.39,0.91,0.62,66503.0,1984.0,50.29,1.5,1.81,59485.0,1891.0,44.98,1.43,1.93,14034.0,1203.0,10.61,0.91,5.21,61837.0,1408.0,46.55,1.06,1.38,71001.0,1408.0,53.45,1.06,1.21,9962.0,890.0,7.5,0.67,5.43,7261.0,704.0,5.47,0.53,5.89,7456.0,757.0,5.61,0.57,6.18,6628.0,611.0,4.99,0.46,5.6,10747.0,917.0,8.09,0.69,5.18,26643.0,1328.0,20.06,1.0,3.03,19222.0,996.0,14.47,0.75,3.15,18226.0,1023.0,13.72,0.77,3.41,7992.0,704.0,6.02,0.53,5.35,6316.0,598.0,4.75,0.45,5.76,7050.0,571.0,5.31,0.43,4.92,3469.0,425.0,2.61,0.32,7.45,1873.0,345.0,1.41,0.26,11.21,104273.0,1222.0,78.5,0.92,0.71,12393.0,717.0,9.33,0.54,3.52,24581.0,1607.0,18.5,1.21,3.98,82576.0,2205.0,62.16,1.66,1.62,614.0,279.0,0.46,0.21,27.75,4333.0,664.0,3.26,0.5,9.32,123.0,186.0,0.09,0.14,94.56,14786.0,1674.0,11.13,1.26,6.88,5831.0,903.0,4.39,0.68,9.42,31304.0,1833.0,23.57,1.38,3.56,101534.0,1833.0,76.43,1.38,1.1,17405.0,1142.0,13.1,0.86,3.99,75705.0,2112.0,56.99,1.59,1.7,400.0,226.0,0.3,0.17,34.45,4284.0,651.0,3.22,0.49,9.25,75.0,186.0,0.06,0.14,141.84,340.0,186.0,0.26,0.14,32.73,3305.0,611.0,2.49,0.46,11.23
10,111,111,56299.0,,100,,,15696.0,799.0,27.88,1.42,3.1,33156.0,1496.0,26.38,1.19,2.74,2016.0,365.0,6.08,1.1,11.0,1448.0,332.0,4.37,1.0,13.91,11930.0,729.0,35.98,2.2,3.72,6922.0,597.0,20.88,1.8,5.24,10837.0,686.0,32.68,2.07,3.85,85152.0,1936.0,67.75,1.54,1.38,9090.0,809.0,10.68,0.95,5.41,12354.0,962.0,14.51,1.13,4.73,20037.0,1081.0,23.53,1.27,3.28,27699.0,1192.0,32.53,1.4,2.62,99220.0,2514.0,78.94,2.0,1.54,1967.0,347.0,1.98,0.35,10.75,124131.0,1546.0,98.76,1.23,0.76,17571.0,1055.0,14.16,0.85,3.65,26441.0,1420.0,21.04,1.13,3.26,1500.0,373.0,5.67,1.41,15.12,83253.0,1697.0,66.24,1.35,1.24,9885.0,783.0,11.87,0.94,4.81,14440.0,666.0,11.49,0.53,2.8,6190.0,458.0,42.87,3.17,4.5,124654.0,2715.0,99.17,2.16,1.32,111785.0,1147.0,89.68,0.92,0.62,11351.0,1084.0,9.11,0.87,5.81,1518.0,411.0,1.22,0.33,16.44,125692.0,,100,,,95443.0,1634.0,75.93,1.3,1.04,86383.0,1647.0,68.73,1.31,1.16,9041.0,892.0,7.19,0.71,6.0,30249.0,1672.0,24.07,1.33,3.36,13209.0,823.0,43.67,2.72,3.79,17040.0,823.0,56.33,2.72,2.94,2947.0,475.0,9.74,1.57,9.8,7563.0,702.0,25.0,2.32,5.64,2011.0,472.0,6.65,1.56,14.26,247.0,212.0,0.82,0.7,51.89,17296.0,832.0,57.18,2.75,2.92,181.0,130.0,0.6,0.43,43.57,118738.0,3167.0,94.47,2.52,1.62,58171.0,1924.0,48.99,1.62,2.01,22131.0,1377.0,18.64,1.16,3.78,45152.0,1876.0,38.03,1.58,2.53,102481.0,2413.0,81.53,1.92,1.43,56673.0,1353.0,55.3,1.32,1.45,50672.0,1383.0,49.45,1.35,1.66,6008.0,625.0,5.86,0.61,6.33,28.0,143.0,0.03,0.14,283.69,45808.0,1353.0,44.7,1.32,1.8,,,10.6,1.07,6.32,49828.0,1408.0,39.64,1.12,1.72,3665.0,473.0,7.36,0.95,7.85,526.0,179.0,1.06,0.36,20.65,35156.0,892.0,70.56,1.79,1.54,7376.0,693.0,14.8,1.39,5.71,1878.0,379.0,3.77,0.76,12.25,50647.0,1395.0,40.29,1.11,1.67,54.0,147.0,0.11,0.29,160.27,1399.0,309.0,2.76,0.61,13.44,1348.0,339.0,2.66,0.67,15.31,651.0,218.0,1.29,0.43,20.26,6125.0,699.0,12.09,1.38,6.94,2216.0,400.0,4.38,0.79,10.96,2006.0,349.0,3.96,0.69,10.59,4423.0,522.0,8.73,1.03,7.17,6016.0,577.0,11.88,1.14,5.83,14845.0,886.0,29.31,1.75,3.63,6973.0,729.0,13.77,1.44,6.36,2697.0,461.0,5.33,0.91,10.38,1897.0,375.0,3.75,0.74,12.0,10422.0,783.0,18.51,1.39,4.57,6487.0,631.0,11.52,1.12,5.91,7560.0,670.0,13.43,1.19,5.39,5766.0,602.0,10.24,1.07,6.35,6213.0,614.0,11.04,1.09,6.0,7376.0,653.0,13.1,1.16,5.38,4448.0,535.0,7.9,0.95,7.31,4028.0,462.0,7.15,0.82,6.97,1606.0,310.0,2.85,0.55,11.73,2395.0,304.0,4.25,0.54,7.72,38358.0,890.0,68.13,1.58,1.41,13965.0,726.0,24.81,1.29,3.16,5330.0,524.0,9.47,0.93,5.97,9281.0,698.0,16.49,1.24,4.57,3505.0,495.0,6.23,0.88,8.59,17560.0,861.0,31.19,1.53,2.98,110562.0,1204.0,89.07,0.97,0.66,55966.0,2098.0,45.09,1.69,2.28,61893.0,1999.0,49.86,1.61,1.96,13569.0,1204.0,10.93,0.97,5.39,58591.0,1357.0,46.61,1.08,1.41,67101.0,1357.0,53.39,1.08,1.23,6954.0,754.0,5.53,0.6,6.6,6717.0,641.0,5.34,0.51,5.81,7937.0,679.0,6.31,0.54,5.2,8419.0,679.0,6.7,0.54,4.9,10491.0,817.0,8.35,0.65,4.73,23972.0,1307.0,19.07,1.04,3.32,16815.0,1006.0,13.38,0.8,3.63,15350.0,918.0,12.21,0.73,3.63,7043.0,628.0,5.6,0.5,5.43,6813.0,666.0,5.42,0.53,5.94,7877.0,666.0,6.27,0.53,5.14,5050.0,515.0,4.02,0.41,6.2,2207.0,352.0,1.76,0.28,9.67,99255.0,1207.0,78.97,0.96,0.74,15160.0,830.0,12.06,0.66,3.33,37636.0,1885.0,29.94,1.5,3.05,44434.0,1986.0,35.35,1.58,2.72,472.0,264.0,0.38,0.21,33.59,9564.0,943.0,7.61,0.75,5.99,163.0,201.0,0.13,0.16,74.82,29431.0,2225.0,23.42,1.77,4.59,4028.0,641.0,3.2,0.51,9.69,56229.0,1898.0,44.74,1.51,2.05,69463.0,1898.0,55.26,1.51,1.66,18904.0,1119.0,15.04,0.89,3.6,38341.0,1772.0,30.5,1.41,2.81,36.0,138.0,0.03,0.11,222.9,9348.0,930.0,7.44,0.74,6.05,122.0,189.0,0.1,0.15,91.19,891.0,352.0,0.71,0.28,23.97,1847.0,440.0,1.47,0.35,14.47
11,112,112,73305.0,,100,,,20668.0,872.0,28.19,1.19,2.57,48288.0,1820.0,23.08,0.87,2.29,3077.0,546.0,6.37,1.13,10.78,2104.0,401.0,4.36,0.83,11.57,14839.0,884.0,30.73,1.83,3.62,9001.0,748.0,18.64,1.55,5.05,19264.0,985.0,39.89,2.04,3.11,150087.0,2887.0,71.73,1.38,1.17,26681.0,1426.0,17.78,0.95,3.25,17161.0,1321.0,11.43,0.88,4.68,27221.0,1501.0,18.14,1.0,3.35,48745.0,1651.0,32.48,1.1,2.06,172783.0,3620.0,82.58,1.73,1.27,3121.0,449.0,1.81,0.26,8.73,207337.0,1214.0,99.1,0.58,0.36,24503.0,1389.0,11.82,0.67,3.45,36358.0,1737.0,17.38,0.83,2.9,1414.0,320.0,3.89,0.88,13.75,146071.0,2218.0,69.81,1.06,0.92,13100.0,1023.0,8.97,0.7,4.74,24938.0,921.0,11.92,0.44,2.25,10003.0,608.0,40.11,2.44,3.7,206668.0,4415.0,98.78,2.11,1.3,183089.0,1798.0,88.59,0.87,0.6,20138.0,1674.0,9.74,0.81,5.06,3470.0,765.0,1.68,0.37,13.39,209227.0,,100,,,109262.0,2427.0,52.22,1.16,1.35,101476.0,2343.0,48.5,1.12,1.4,7810.0,921.0,3.73,0.44,7.17,99965.0,2678.0,47.78,1.28,1.63,49395.0,1829.0,49.41,1.83,2.25,50570.0,1829.0,50.59,1.83,2.2,5602.0,690.0,5.6,0.69,7.49,4564.0,680.0,4.57,0.68,9.05,1426.0,520.0,1.43,0.52,22.11,158.0,160.0,0.16,0.16,60.79,87531.0,1080.0,87.56,1.08,0.75,683.0,320.0,0.68,0.32,28.61,197276.0,4394.0,94.29,2.1,1.35,55027.0,1973.0,27.89,1.0,2.18,74368.0,2367.0,37.7,1.2,1.93,128968.0,2071.0,65.37,1.05,0.98,176996.0,3515.0,84.6,1.68,1.21,116345.0,1876.0,65.73,1.06,0.98,102396.0,2000.0,57.85,1.13,1.19,13894.0,1133.0,7.85,0.64,4.96,61.0,177.0,0.03,0.1,202.63,60651.0,1876.0,34.27,1.06,1.88,,,11.94,0.95,4.96,98720.0,2092.0,47.18,1.0,1.29,8464.0,819.0,8.57,0.83,5.89,3934.0,592.0,3.99,0.6,9.14,66618.0,1481.0,67.48,1.5,1.35,11550.0,1116.0,11.7,1.13,5.87,5817.0,681.0,5.89,0.69,7.12,102416.0,2281.0,48.95,1.09,1.35,27.0,154.0,0.03,0.15,303.95,3153.0,666.0,3.08,0.65,12.83,3927.0,584.0,3.83,0.57,9.05,2050.0,461.0,2.0,0.45,13.68,11994.0,1055.0,11.71,1.03,5.35,4820.0,696.0,4.71,0.68,8.78,3671.0,502.0,3.58,0.49,8.32,7304.0,758.0,7.13,0.74,6.31,10530.0,871.0,10.28,0.85,5.03,28353.0,1362.0,27.68,1.33,2.92,17209.0,1321.0,16.8,1.29,4.67,7339.0,809.0,7.17,0.79,6.7,2032.0,369.0,1.98,0.36,11.05,8989.0,726.0,12.26,0.99,4.91,5322.0,564.0,7.26,0.77,6.45,9206.0,726.0,12.56,0.99,4.79,7211.0,652.0,9.84,0.89,5.5,8586.0,689.0,11.71,0.94,4.88,12527.0,836.0,17.09,1.14,4.06,8343.0,704.0,11.38,0.96,5.13,7976.0,630.0,10.88,0.86,4.81,2690.0,367.0,3.67,0.5,8.28,2330.0,323.0,3.18,0.44,8.41,57608.0,836.0,78.59,1.14,0.88,20099.0,872.0,27.42,1.19,2.64,7180.0,579.0,9.79,0.79,4.91,8590.0,660.0,11.72,0.9,4.67,3143.0,447.0,4.29,0.61,8.64,24842.0,982.0,33.89,1.34,2.4,180421.0,2011.0,87.02,0.97,0.68,93750.0,2882.0,45.22,1.39,1.87,99622.0,2695.0,48.05,1.3,1.64,26916.0,2011.0,12.98,0.97,4.54,102946.0,1883.0,49.2,0.9,1.11,106281.0,1883.0,50.8,0.9,1.08,11951.0,1025.0,5.71,0.49,5.22,9411.0,816.0,4.5,0.39,5.27,9164.0,816.0,4.38,0.39,5.41,10686.0,900.0,5.11,0.43,5.12,17921.0,1276.0,8.57,0.61,4.33,43395.0,1904.0,20.74,0.91,2.67,29061.0,1506.0,13.89,0.72,3.15,26836.0,1402.0,12.83,0.67,3.17,12312.0,962.0,5.88,0.46,4.76,12098.0,942.0,5.78,0.45,4.73,14486.0,900.0,6.92,0.43,3.78,7489.0,690.0,3.58,0.33,5.6,4397.0,523.0,2.1,0.25,7.24,172846.0,1548.0,82.61,0.74,0.54,26388.0,1130.0,12.61,0.54,2.6,77846.0,3138.0,37.21,1.5,2.45,26007.0,1967.0,12.43,0.94,4.6,1945.0,795.0,0.93,0.38,24.84,6098.0,858.0,2.91,0.41,8.56,191.0,209.0,0.09,0.1,67.54,82586.0,3703.0,39.47,1.77,2.73,14520.0,2050.0,6.94,0.98,8.58,146694.0,2050.0,70.11,0.98,0.85,62533.0,2050.0,29.89,0.98,1.99,38006.0,1569.0,18.16,0.75,2.51,15377.0,1255.0,7.35,0.6,4.96,62.0,146.0,0.03,0.07,141.84,5879.0,858.0,2.81,0.41,8.87,92.0,167.0,0.04,0.08,121.58,579.0,230.0,0.28,0.11,23.88,2567.0,460.0,1.23,0.22,10.87
12,164,164,1.0,,100,,,0.0,,0.0,,,2.0,7.0,40.0,144.28,212.77,1.0,1.0,50.0,50.0,60.79,0.0,,0.0,,,0.0,,0.0,,,0.0,,0.0,,,1.0,1.0,50.0,50.0,60.79,2.0,7.0,40.0,144.28,212.77,0.0,,0.0,,,0.0,,0.0,,,2.0,2.0,100.0,100.0,60.79,0.0,,0.0,,,4.0,14.0,80.0,288.56,212.77,0.0,,0.0,,,5.0,0.0,100.0,0.0,0.0,3.0,3.0,60.0,60.0,60.79,1.0,1.0,20.0,29.93,60.79,0.0,,0.0,,,4.0,14.0,80.0,288.56,212.77,3.0,3.0,75.0,75.0,60.79,0.0,,0.0,,,0.0,,,,,5.0,0.0,100.0,0.0,0.0,2.0,3.0,40.0,60.0,91.19,3.0,3.0,60.0,60.0,60.79,0.0,,0.0,,,5.0,,100,,,4.0,4.0,80.0,80.0,60.79,4.0,4.0,80.0,80.0,60.79,0.0,,0.0,,,1.0,1.0,20.0,29.93,60.79,1.0,1.0,100.0,100.0,60.79,0.0,,0.0,,,0.0,,0.0,,,0.0,,0.0,,,0.0,,0.0,,,0.0,,0.0,,,1.0,1.0,100.0,100.0,60.79,0.0,,0.0,,,4.0,14.0,80.0,288.56,212.77,1.0,3.0,25.0,75.0,182.37,1.0,3.0,25.0,75.0,182.37,2.0,2.0,50.0,50.0,60.79,4.0,14.0,80.0,288.56,212.77,0.0,,0.0,,,0.0,,0.0,,,0.0,,0.0,,,0.0,,0.0,,,4.0,4.0,100.0,100.0,60.79,,,,,,0.0,,0.0,,,0.0,,,,,0.0,,,,,0.0,,,,,0.0,,,,,0.0,,,,,0.0,,0.0,,,0.0,,,,,0.0,,,,,0.0,,,,,0.0,,,,,0.0,,,,,0.0,,,,,0.0,,,,,0.0,,,,,0.0,,,,,0.0,,,,,0.0,,,,,0.0,,,,,0.0,,,,,0.0,,0.0,,,0.0,,0.0,,,0.0,,0.0,,,0.0,,0.0,,,0.0,,0.0,,,0.0,,0.0,,,0.0,,0.0,,,0.0,,0.0,,,0.0,,0.0,,,0.0,,0.0,,,0.0,,0.0,,,0.0,,0.0,,,0.0,,0.0,,,0.0,,0.0,,,0.0,,0.0,,,0.0,,0.0,,,5.0,5.0,100.0,100.0,60.79,0.0,,0.0,,,5.0,5.0,100.0,100.0,60.79,0.0,,0.0,,,0.0,,0.0,,,5.0,5.0,100.0,100.0,60.79,1.0,4.0,20.0,80.0,243.16,0.0,,0.0,,,0.0,,0.0,,,2.0,3.0,40.0,60.0,91.19,0.0,,0.0,,,0.0,,0.0,,,2.0,3.0,40.0,60.0,91.19,0.0,,0.0,,,0.0,,0.0,,,0.0,,0.0,,,0.0,,0.0,,,0.0,,0.0,,,0.0,,0.0,,,4.0,4.0,80.0,80.0,60.79,0.0,,0.0,,,2.0,3.0,40.0,60.0,91.19,2.0,3.0,40.0,60.0,91.19,0.0,,0.0,,,0.0,,0.0,,,0.0,,0.0,,,0.0,,0.0,,,1.0,4.0,20.0,80.0,243.16,2.0,3.0,40.0,60.0,91.19,3.0,3.0,60.0,60.0,60.79,0.0,,0.0,,,2.0,3.0,40.0,60.0,91.19,0.0,,0.0,,,0.0,,0.0,,,0.0,,0.0,,,0.0,,0.0,,,1.0,4.0,20.0,80.0,243.16
13,201,201,36692.0,,100,,,15961.0,624.0,43.5,1.7,2.38,31938.0,1246.0,32.54,1.27,2.37,1707.0,300.0,5.34,0.94,10.7,1930.0,316.0,6.04,0.99,9.96,14479.0,629.0,45.33,1.97,2.64,7412.0,581.0,23.21,1.82,4.77,6416.0,591.0,20.09,1.85,5.6,54934.0,1472.0,55.97,1.5,1.63,11856.0,764.0,21.58,1.39,3.92,10369.0,714.0,18.88,1.3,4.19,14956.0,819.0,27.23,1.49,3.33,5660.0,577.0,10.3,1.05,6.2,67333.0,1462.0,68.6,1.49,1.32,1134.0,229.0,1.68,0.34,12.3,97944.0,1011.0,99.79,1.03,0.63,14995.0,930.0,15.31,0.95,3.77,30668.0,1305.0,31.25,1.33,2.59,1948.0,347.0,6.35,1.13,10.82,59045.0,1040.0,60.16,1.06,1.07,8649.0,697.0,14.65,1.18,4.9,8227.0,442.0,8.38,0.45,3.27,4389.0,319.0,53.35,3.88,4.42,96596.0,2022.0,98.42,2.06,1.27,87585.0,1101.0,90.67,1.14,0.76,8357.0,1043.0,8.65,1.08,7.59,655.0,338.0,0.68,0.35,31.29,98147.0,,100,,,70546.0,1570.0,71.88,1.6,1.35,61479.0,1511.0,62.64,1.54,1.49,9057.0,785.0,9.23,0.8,5.27,27602.0,1619.0,28.12,1.65,3.57,10858.0,737.0,39.34,2.67,4.13,16744.0,737.0,60.66,2.67,2.68,181.0,149.0,0.66,0.54,49.74,587.0,240.0,2.13,0.87,24.83,3408.0,629.0,12.35,2.28,11.22,20.0,132.0,0.07,0.48,416.85,23374.0,673.0,84.68,2.44,1.75,32.0,127.0,0.12,0.46,233.03,89277.0,2179.0,90.96,2.22,1.48,30011.0,1661.0,33.62,1.86,3.36,28991.0,1509.0,32.47,1.69,3.16,53515.0,1634.0,59.94,1.83,1.86,70594.0,1649.0,71.93,1.68,1.42,38560.0,1080.0,54.62,1.53,1.7,33532.0,1101.0,47.5,1.56,2.0,4986.0,565.0,7.06,0.8,6.89,38.0,134.0,0.05,0.19,231.0,32034.0,1080.0,45.38,1.53,2.05,,,12.93,1.42,6.89,32542.0,1256.0,33.16,1.28,2.35,3779.0,413.0,11.61,1.27,6.65,865.0,212.0,2.66,0.65,14.85,22825.0,654.0,70.14,2.01,1.74,3248.0,462.0,9.98,1.42,8.65,1111.0,260.0,3.41,0.8,14.26,33533.0,1256.0,34.17,1.28,2.28,13.0,127.0,0.04,0.38,577.51,1802.0,342.0,5.37,1.02,11.55,1368.0,282.0,4.08,0.84,12.52,417.0,181.0,1.24,0.54,26.47,4056.0,456.0,12.1,1.36,6.83,2252.0,386.0,6.72,1.15,10.4,372.0,168.0,1.11,0.5,27.38,1822.0,332.0,5.43,0.99,11.08,2611.0,352.0,7.79,1.05,8.19,9170.0,630.0,27.35,1.88,4.18,6309.0,718.0,18.81,2.14,6.92,2191.0,369.0,6.53,1.1,10.24,1145.0,298.0,3.41,0.89,15.87,8630.0,605.0,23.52,1.65,4.26,4719.0,484.0,12.86,1.32,6.24,6214.0,528.0,16.94,1.44,5.17,4607.0,473.0,12.56,1.29,6.24,4690.0,499.0,12.78,1.36,6.47,3715.0,422.0,10.12,1.15,6.91,1940.0,316.0,5.29,0.86,9.88,1378.0,283.0,3.76,0.77,12.45,452.0,169.0,1.23,0.46,22.73,350.0,183.0,0.95,0.5,31.99,24369.0,620.0,66.42,1.69,1.55,8406.0,521.0,22.91,1.42,3.77,2358.0,286.0,6.43,0.78,7.37,7365.0,543.0,20.07,1.48,4.48,3653.0,418.0,9.96,1.14,6.96,19193.0,686.0,52.31,1.87,2.17,83486.0,1293.0,85.24,1.32,0.94,27608.0,1694.0,28.19,1.73,3.73,61178.0,1724.0,62.46,1.76,1.71,14457.0,1293.0,14.76,1.32,5.44,46126.0,1129.0,47.0,1.15,1.49,52022.0,1129.0,53.0,1.15,1.32,8870.0,687.0,9.04,0.7,4.71,8713.0,609.0,8.88,0.62,4.24,8303.0,628.0,8.46,0.64,4.6,8238.0,638.0,8.39,0.65,4.71,9101.0,716.0,9.27,0.73,4.79,15146.0,923.0,15.43,0.94,3.7,12209.0,746.0,12.44,0.76,3.71,11400.0,726.0,11.62,0.74,3.87,4717.0,491.0,4.81,0.5,6.32,3256.0,422.0,3.32,0.43,7.87,4614.0,412.0,4.7,0.42,5.43,2789.0,344.0,2.84,0.35,7.49,817.0,216.0,0.83,0.22,16.11,67371.0,1119.0,68.64,1.14,1.01,8227.0,530.0,8.38,0.54,3.92,11574.0,1246.0,11.79,1.27,6.55,31999.0,1767.0,32.6,1.8,3.36,761.0,324.0,0.78,0.33,25.72,631.0,294.0,0.64,0.3,28.5,157.0,196.0,0.16,0.2,75.99,50217.0,2012.0,51.16,2.05,2.44,2841.0,687.0,2.89,0.7,14.72,66705.0,1619.0,67.96,1.65,1.48,31442.0,1619.0,32.04,1.65,3.13,1469.0,422.0,1.5,0.43,17.43,28017.0,1619.0,28.55,1.65,3.51,392.0,275.0,0.4,0.28,42.55,579.0,294.0,0.59,0.3,30.91,157.0,196.0,0.16,0.2,75.99,347.0,324.0,0.35,0.33,57.32,519.0,304.0,0.53,0.31,35.56
14,202,202,19017.0,,100,,,8495.0,409.0,44.67,2.15,2.93,16824.0,851.0,30.84,1.56,3.07,1038.0,212.0,6.17,1.26,12.41,954.0,192.0,5.67,1.14,12.22,7420.0,392.0,44.1,2.33,3.21,3870.0,330.0,23.0,1.96,5.18,3540.0,362.0,21.04,2.15,6.21,32288.0,944.0,59.19,1.73,1.78,7053.0,533.0,21.84,1.65,4.59,5964.0,475.0,18.47,1.47,4.84,8389.0,533.0,25.98,1.65,3.86,3370.0,391.0,10.44,1.21,7.05,38703.0,1391.0,70.95,2.55,2.18,800.0,201.0,2.07,0.52,15.27,53624.0,835.0,98.3,1.53,0.95,6292.0,536.0,11.73,1.0,5.18,15789.0,813.0,28.94,1.49,3.13,981.0,221.0,6.21,1.4,13.7,33085.0,742.0,60.65,1.36,1.36,3612.0,374.0,10.92,1.13,6.29,4757.0,289.0,8.72,0.53,3.69,1706.0,196.0,35.86,4.13,7.0,53806.0,1871.0,98.63,3.43,2.11,47647.0,812.0,88.55,1.51,1.04,5713.0,802.0,10.62,1.49,8.53,437.0,199.0,0.81,0.37,27.77,54552.0,,100,,,35954.0,1064.0,65.91,1.95,1.8,30399.0,966.0,55.72,1.77,1.93,5554.0,595.0,10.18,1.09,6.51,18598.0,1069.0,34.09,1.96,3.49,6820.0,504.0,36.67,2.71,4.49,11778.0,504.0,63.33,2.71,2.6,97.0,84.0,0.52,0.45,52.61,333.0,169.0,1.79,0.91,30.9,2490.0,595.0,13.39,3.2,14.53,52.0,117.0,0.28,0.63,136.78,15628.0,606.0,84.03,3.26,2.36,0.0,,0.0,,,50313.0,1729.0,92.23,3.17,2.09,14595.0,956.0,29.01,1.9,3.98,17289.0,946.0,34.36,1.88,3.33,32483.0,1021.0,64.56,2.03,1.91,40370.0,1435.0,74.0,2.63,2.16,20696.0,682.0,51.27,1.69,2.0,18466.0,698.0,45.74,1.73,2.3,2218.0,311.0,5.49,0.77,8.53,5.0,101.0,0.01,0.25,1519.76,19674.0,682.0,48.73,1.69,2.11,,,10.72,1.46,8.52,18100.0,731.0,33.18,1.34,2.46,2324.0,297.0,12.84,1.64,7.76,619.0,170.0,3.42,0.94,16.71,12554.0,431.0,69.36,2.38,2.09,1625.0,259.0,8.98,1.43,9.68,690.0,203.0,3.81,1.12,17.87,18465.0,731.0,33.85,1.34,2.41,0.0,,0.0,,,976.0,225.0,5.29,1.22,14.02,792.0,194.0,4.29,1.05,14.88,391.0,159.0,2.12,0.86,24.66,2233.0,283.0,12.09,1.53,7.69,1350.0,242.0,7.31,1.31,10.89,222.0,122.0,1.2,0.66,33.43,1519.0,264.0,8.23,1.43,10.56,1666.0,270.0,9.02,1.46,9.84,5023.0,403.0,27.2,2.18,4.87,2784.0,408.0,15.08,2.21,8.91,1142.0,225.0,6.18,1.22,12.0,356.0,122.0,1.93,0.66,20.79,4597.0,375.0,24.17,1.97,4.95,2366.0,291.0,12.44,1.53,7.48,2744.0,295.0,14.43,1.55,6.53,2338.0,300.0,12.29,1.58,7.82,2580.0,299.0,13.57,1.57,7.03,2362.0,304.0,12.42,1.6,7.83,1036.0,194.0,5.45,1.02,11.38,768.0,173.0,4.04,0.91,13.69,93.0,84.0,0.49,0.44,54.59,125.0,105.0,0.66,0.55,50.66,12531.0,377.0,65.89,1.98,1.83,4308.0,295.0,22.65,1.55,4.16,955.0,165.0,5.02,0.87,10.54,3338.0,318.0,17.55,1.67,5.78,1618.0,247.0,8.51,1.3,9.29,9673.0,437.0,50.87,2.3,2.75,45280.0,810.0,84.44,1.51,1.09,14589.0,1013.0,27.21,1.89,4.22,32987.0,1110.0,61.52,2.07,2.05,8343.0,810.0,15.56,1.51,5.9,26675.0,747.0,48.9,1.37,1.7,27877.0,747.0,51.1,1.37,1.63,4239.0,404.0,7.77,0.74,5.79,4447.0,404.0,8.15,0.74,5.52,4411.0,398.0,8.09,0.73,5.49,4492.0,376.0,8.23,0.69,5.1,4677.0,442.0,8.57,0.81,5.75,9039.0,622.0,16.57,1.14,4.18,6962.0,513.0,12.76,0.94,4.48,6779.0,464.0,12.43,0.85,4.16,2384.0,267.0,4.37,0.49,6.82,2264.0,496.0,4.15,0.91,13.33,2879.0,305.0,5.28,0.56,6.45,1493.0,218.0,2.74,0.4,8.87,490.0,136.0,0.9,0.25,16.89,38710.0,704.0,70.96,1.29,1.11,4873.0,360.0,8.93,0.66,4.49,6372.0,775.0,11.68,1.42,7.39,15407.0,1135.0,28.24,2.08,4.48,246.0,142.0,0.45,0.26,35.12,673.0,338.0,1.23,0.62,30.64,56.0,131.0,0.1,0.24,145.9,30411.0,1266.0,55.75,2.32,2.53,1385.0,300.0,2.54,0.55,13.16,40336.0,1042.0,73.94,1.91,1.57,14217.0,1042.0,26.06,1.91,4.46,585.0,147.0,1.07,0.27,15.34,12569.0,1036.0,23.04,1.9,5.01,88.0,109.0,0.16,0.2,75.99,574.0,327.0,1.05,0.6,34.74,14.0,104.0,0.03,0.19,385.01,152.0,109.0,0.28,0.2,43.42,236.0,136.0,0.43,0.25,35.34
15,203,203,33036.0,,100,,,14540.0,614.0,44.01,1.86,2.57,26796.0,1074.0,30.7,1.23,2.44,2206.0,389.0,8.23,1.45,10.71,1711.0,287.0,6.39,1.07,10.18,10824.0,552.0,40.39,2.06,3.1,6436.0,544.0,24.02,2.03,5.14,5613.0,509.0,20.95,1.9,5.51,51262.0,1344.0,58.73,1.54,1.59,8939.0,723.0,17.44,1.41,4.91,8941.0,687.0,17.44,1.34,4.67,14089.0,774.0,27.48,1.51,3.34,6685.0,605.0,13.04,1.18,5.5,61113.0,1658.0,70.02,1.9,1.65,1443.0,275.0,2.36,0.45,11.59,86826.0,393.0,99.48,0.45,0.28,12343.0,834.0,14.22,0.96,4.1,26145.0,1065.0,29.95,1.22,2.48,1090.0,267.0,4.17,1.02,14.87,53816.0,1222.0,61.66,1.4,1.38,8073.0,624.0,15.0,1.16,4.7,6880.0,559.0,7.88,0.64,4.94,3183.0,265.0,46.26,3.85,5.06,85936.0,2008.0,98.46,2.3,1.42,77368.0,1203.0,90.03,1.4,0.95,7988.0,1195.0,9.3,1.39,9.09,589.0,223.0,0.69,0.26,22.91,87284.0,,100,,,60255.0,1301.0,69.03,1.49,1.31,53345.0,1309.0,61.12,1.5,1.49,6891.0,707.0,7.89,0.81,6.24,27029.0,1283.0,30.97,1.47,2.89,11968.0,722.0,44.28,2.67,3.67,15061.0,722.0,55.72,2.67,2.91,114.0,143.0,0.42,0.53,76.71,495.0,197.0,1.83,0.73,24.25,4720.0,627.0,17.46,2.32,8.08,6.0,122.0,0.02,0.45,1367.78,21632.0,654.0,80.03,2.42,1.84,64.0,141.0,0.24,0.52,131.71,79071.0,1859.0,90.59,2.13,1.43,30565.0,1542.0,38.66,1.95,3.07,20240.0,1147.0,25.6,1.45,3.44,41499.0,1447.0,52.48,1.83,2.12,64080.0,1632.0,73.42,1.87,1.55,34869.0,1077.0,54.41,1.68,1.88,29883.0,1057.0,46.63,1.65,2.15,4982.0,564.0,7.77,0.88,6.88,8.0,122.0,0.01,0.19,1155.02,29212.0,1077.0,45.59,1.68,2.24,,,14.29,1.56,6.88,29011.0,969.0,33.24,1.11,2.03,5013.0,499.0,17.28,1.72,6.05,983.0,264.0,3.39,0.91,16.32,19467.0,638.0,67.1,2.2,1.99,2439.0,386.0,8.41,1.33,9.61,731.0,206.0,2.52,0.71,17.13,29872.0,969.0,34.22,1.11,1.97,28.0,128.0,0.09,0.43,290.44,1023.0,233.0,3.42,0.78,13.86,987.0,236.0,3.3,0.79,14.55,706.0,209.0,2.36,0.7,18.03,3629.0,424.0,12.15,1.42,7.1,2314.0,347.0,7.75,1.16,9.1,533.0,197.0,1.78,0.66,22.54,1823.0,302.0,6.1,1.01,10.07,2627.0,382.0,8.79,1.28,8.85,10110.0,588.0,33.84,1.97,3.54,3047.0,445.0,10.2,1.49,8.88,1991.0,332.0,6.67,1.11,10.12,1046.0,242.0,3.5,0.81,14.07,7489.0,568.0,22.67,1.72,4.61,4056.0,439.0,12.28,1.33,6.58,5270.0,505.0,15.95,1.53,5.83,3972.0,433.0,12.02,1.31,6.63,4300.0,469.0,13.02,1.42,6.63,4277.0,463.0,12.95,1.4,6.57,1758.0,297.0,5.32,0.9,10.28,1414.0,258.0,4.28,0.78,11.08,317.0,162.0,0.96,0.49,31.03,185.0,139.0,0.56,0.42,45.59,22891.0,605.0,69.29,1.83,1.61,6833.0,496.0,20.68,1.5,4.41,2408.0,324.0,7.29,0.98,8.17,5779.0,496.0,17.49,1.5,5.21,3546.0,426.0,10.73,1.29,7.31,16528.0,661.0,50.03,2.0,2.43,77327.0,825.0,89.06,0.95,0.65,30304.0,1606.0,34.9,1.85,3.22,54585.0,1598.0,62.87,1.84,1.78,9499.0,825.0,10.94,0.95,5.28,40114.0,1135.0,45.96,1.3,1.72,47170.0,1135.0,54.04,1.3,1.46,8214.0,698.0,9.41,0.8,5.17,6868.0,594.0,7.87,0.68,5.25,6827.0,559.0,7.82,0.64,4.98,7040.0,594.0,8.07,0.68,5.12,7068.0,646.0,8.1,0.74,5.55,13497.0,847.0,15.46,0.97,3.81,10594.0,655.0,12.14,0.75,3.76,11086.0,786.0,12.7,0.9,4.31,5172.0,532.0,5.93,0.61,6.25,3862.0,445.0,4.42,0.51,7.01,4430.0,524.0,5.08,0.6,7.18,1866.0,262.0,2.14,0.3,8.52,754.0,201.0,0.86,0.23,16.26,61119.0,1004.0,70.02,1.15,1.0,7055.0,602.0,8.08,0.69,5.19,8583.0,1030.0,9.83,1.18,7.3,35033.0,1580.0,40.14,1.81,2.74,369.0,227.0,0.42,0.26,37.63,493.0,192.0,0.56,0.22,23.88,0.0,,0.0,,,40090.0,1772.0,45.93,2.03,2.69,2687.0,524.0,3.08,0.6,11.84,52970.0,1562.0,60.69,1.79,1.79,34314.0,1562.0,39.31,1.79,2.77,1124.0,279.0,1.29,0.32,15.08,31628.0,1545.0,36.24,1.77,2.97,175.0,218.0,0.2,0.25,75.99,462.0,192.0,0.53,0.22,25.23,0.0,,0.0,,,370.0,227.0,0.42,0.26,37.63,550.0,236.0,0.63,0.27,26.05
16,204,204,53627.0,,100,,,21732.0,745.0,40.52,1.39,2.09,44909.0,1476.0,30.42,1.0,2.0,2071.0,359.0,4.61,0.8,10.55,2271.0,350.0,5.06,0.78,9.37,19944.0,822.0,44.41,1.83,2.5,10239.0,701.0,22.8,1.56,4.16,10379.0,732.0,23.11,1.63,4.29,88749.0,1388.0,60.12,0.94,0.95,16987.0,1021.0,19.14,1.15,3.65,14491.0,958.0,16.33,1.08,4.02,22754.0,1109.0,25.64,1.25,2.96,13481.0,870.0,15.19,0.98,3.92,105999.0,1949.0,71.8,1.32,1.12,2224.0,382.0,2.1,0.36,10.42,146721.0,782.0,99.39,0.53,0.32,21829.0,1159.0,14.88,0.79,3.23,41582.0,1388.0,28.17,0.94,2.03,2319.0,399.0,5.58,0.96,10.46,92460.0,1033.0,62.63,0.7,0.68,13176.0,897.0,14.25,0.97,4.14,12690.0,605.0,8.6,0.41,2.9,6324.0,414.0,49.84,3.26,3.98,145626.0,3026.0,98.65,2.05,1.26,135014.0,1078.0,92.71,0.74,0.49,9308.0,1005.0,6.39,0.69,6.56,1311.0,379.0,0.9,0.26,17.56,147622.0,,100,,,84854.0,1949.0,57.48,1.32,1.4,76861.0,1919.0,52.07,1.3,1.52,8009.0,797.0,5.43,0.54,6.05,62769.0,2052.0,42.52,1.39,1.99,25453.0,1211.0,40.55,1.93,2.89,37315.0,1211.0,59.45,1.93,1.97,402.0,195.0,0.64,0.31,29.45,2422.0,584.0,3.86,0.93,14.65,9647.0,992.0,15.37,1.58,6.25,82.0,182.0,0.13,0.29,135.61,50187.0,1167.0,79.96,1.86,1.41,31.0,157.0,0.05,0.25,303.95,136689.0,2820.0,92.59,1.91,1.25,40180.0,1886.0,29.4,1.38,2.85,47518.0,1791.0,34.76,1.31,2.29,80742.0,2064.0,59.07,1.51,1.55,110919.0,2022.0,75.14,1.37,1.11,65148.0,1287.0,58.73,1.16,1.2,56768.0,1320.0,51.18,1.19,1.41,8360.0,754.0,7.54,0.68,5.48,20.0,166.0,0.02,0.15,455.93,45772.0,1287.0,41.27,1.16,1.71,,,12.83,1.13,5.48,55190.0,1373.0,37.39,0.93,1.51,7665.0,640.0,13.89,1.16,5.08,2272.0,403.0,4.12,0.73,10.77,37514.0,894.0,67.97,1.62,1.45,4641.0,519.0,8.41,0.94,6.79,1849.0,364.0,3.35,0.66,11.98,56770.0,1388.0,38.46,0.94,1.49,47.0,159.0,0.08,0.28,212.77,2132.0,358.0,3.76,0.63,10.19,2162.0,369.0,3.81,0.65,10.37,1147.0,290.0,2.02,0.51,15.35,7498.0,727.0,13.21,1.28,5.89,4484.0,505.0,7.9,0.89,6.85,693.0,255.0,1.22,0.45,22.42,3363.0,500.0,5.92,0.88,9.04,4876.0,528.0,8.59,0.93,6.58,17354.0,880.0,30.57,1.55,3.08,8029.0,727.0,14.14,1.28,5.5,3284.0,471.0,5.78,0.83,8.73,1703.0,329.0,3.0,0.58,11.75,10022.0,703.0,18.69,1.31,4.26,6032.0,558.0,11.25,1.04,5.62,8816.0,670.0,16.44,1.25,4.62,6884.0,627.0,12.84,1.17,5.54,6907.0,590.0,12.88,1.1,5.19,7785.0,627.0,14.52,1.17,4.9,3746.0,450.0,6.99,0.84,7.31,2519.0,349.0,4.7,0.65,8.41,418.0,172.0,0.78,0.32,24.94,493.0,193.0,0.92,0.36,23.79,38665.0,751.0,72.1,1.4,1.18,11216.0,617.0,20.91,1.15,3.34,4350.0,440.0,8.11,0.82,6.15,8055.0,622.0,15.02,1.16,4.69,4710.0,509.0,8.78,0.95,6.58,24717.0,853.0,46.09,1.59,2.1,125880.0,1438.0,85.8,0.98,0.69,45158.0,2142.0,30.78,1.46,2.88,88191.0,2113.0,60.11,1.44,1.46,20841.0,1438.0,14.2,0.98,4.2,68102.0,1284.0,46.13,0.87,1.15,79520.0,1284.0,53.87,0.87,0.98,10933.0,768.0,7.41,0.52,4.27,11848.0,812.0,8.03,0.55,4.16,11799.0,797.0,7.99,0.54,4.11,11325.0,768.0,7.67,0.52,4.12,12965.0,900.0,8.78,0.61,4.22,22581.0,1166.0,15.3,0.79,3.14,18875.0,945.0,12.79,0.64,3.04,19587.0,989.0,13.27,0.67,3.07,7890.0,679.0,5.34,0.46,5.24,6560.0,620.0,4.44,0.42,5.75,8084.0,620.0,5.48,0.42,4.66,3561.0,399.0,2.41,0.27,6.81,1614.0,310.0,1.09,0.21,11.71,106020.0,1196.0,71.82,0.81,0.69,13251.0,694.0,8.98,0.47,3.18,15198.0,1476.0,10.3,1.0,5.9,51308.0,2170.0,34.76,1.47,2.57,888.0,428.0,0.6,0.29,29.38,2811.0,782.0,1.9,0.53,16.96,27.0,177.0,0.02,0.12,364.74,72084.0,2480.0,48.83,1.68,2.09,5294.0,900.0,3.59,0.61,10.33,94722.0,2155.0,64.17,1.46,1.38,52901.0,2155.0,35.84,1.46,2.48,2486.0,472.0,1.68,0.32,11.58,45043.0,2037.0,30.51,1.38,2.75,487.0,399.0,0.33,0.27,49.74,2767.0,782.0,1.87,0.53,17.23,27.0,177.0,0.02,0.12,364.74,804.0,340.0,0.54,0.23,25.89,1272.0,384.0,0.86,0.26,18.38
17,205,205,57057.0,,100,,,24927.0,987.0,43.69,1.73,2.41,40302.0,1350.0,30.76,1.03,2.04,2228.0,330.0,5.53,0.82,9.01,1993.0,290.0,4.95,0.72,8.84,16741.0,721.0,41.54,1.79,2.62,9460.0,601.0,23.47,1.49,3.86,9885.0,637.0,24.53,1.58,3.92,76878.0,1389.0,58.68,1.06,1.1,13732.0,800.0,17.86,1.04,3.54,12801.0,815.0,16.65,1.06,3.87,22577.0,984.0,29.37,1.28,2.65,9613.0,661.0,12.5,0.86,4.18,93531.0,1585.0,71.39,1.21,1.03,1590.0,281.0,1.7,0.3,10.73,130708.0,328.0,99.76,0.25,0.15,19246.0,1020.0,14.72,0.78,3.22,37442.0,1245.0,28.58,0.95,2.02,2468.0,416.0,6.59,1.11,10.24,83497.0,1363.0,63.73,1.04,0.99,12196.0,777.0,14.61,0.93,3.87,9750.0,563.0,7.44,0.43,3.51,4598.0,329.0,47.16,3.37,4.34,129023.0,2372.0,98.47,1.81,1.12,116502.0,1161.0,90.3,0.9,0.61,10975.0,1123.0,8.51,0.87,6.21,1543.0,387.0,1.2,0.3,15.2,131023.0,,100,,,75852.0,1703.0,57.89,1.3,1.37,68487.0,1677.0,52.27,1.28,1.49,7382.0,708.0,5.63,0.54,5.83,55171.0,1756.0,42.11,1.34,1.93,22568.0,1010.0,40.91,1.83,2.72,32603.0,1010.0,59.09,1.83,1.88,362.0,199.0,0.66,0.36,33.16,1203.0,397.0,2.18,0.72,20.08,7057.0,783.0,12.79,1.42,6.75,16.0,154.0,0.03,0.28,567.38,46518.0,855.0,84.32,1.55,1.12,10.0,154.0,0.02,0.28,851.06,120184.0,2254.0,91.73,1.72,1.14,32512.0,1514.0,27.05,1.26,2.83,43644.0,1598.0,36.31,1.33,2.23,77073.0,1610.0,64.13,1.34,1.27,97957.0,1638.0,74.76,1.25,1.02,58298.0,1156.0,59.51,1.18,1.21,50449.0,1175.0,51.5,1.2,1.42,7807.0,666.0,7.97,0.68,5.19,29.0,157.0,0.03,0.16,324.21,39659.0,1156.0,40.49,1.18,1.77,,,13.39,1.11,5.19,49231.0,1205.0,37.57,0.92,1.49,6897.0,615.0,14.01,1.25,5.42,1721.0,310.0,3.5,0.63,10.94,33264.0,822.0,67.57,1.67,1.5,4194.0,492.0,8.52,1.0,7.14,2219.0,369.0,4.51,0.75,10.11,50433.0,1205.0,38.49,0.92,1.45,34.0,156.0,0.07,0.31,269.21,2387.0,378.0,4.73,0.75,9.64,1846.0,318.0,3.66,0.63,10.46,924.0,232.0,1.83,0.46,15.28,6896.0,600.0,13.67,1.19,5.29,3340.0,424.0,6.62,0.84,7.71,771.0,232.0,1.53,0.46,18.28,3025.0,414.0,6.0,0.82,8.31,3920.0,459.0,7.77,0.91,7.12,15595.0,792.0,30.92,1.57,3.09,7037.0,721.0,13.95,1.43,6.23,3404.0,429.0,6.75,0.85,7.66,1223.0,242.0,2.42,0.48,12.06,12992.0,1021.0,22.77,1.79,4.78,7366.0,765.0,12.91,1.34,6.31,9426.0,822.0,16.52,1.44,5.3,6433.0,827.0,11.27,1.45,7.82,8164.0,753.0,14.31,1.32,5.61,6506.0,696.0,11.4,1.22,6.51,3282.0,491.0,5.75,0.86,9.09,1796.0,331.0,3.15,0.58,11.19,783.0,342.0,1.37,0.6,26.62,286.0,194.0,0.5,0.34,41.34,40511.0,1095.0,71.0,1.92,1.64,10945.0,839.0,19.18,1.47,4.66,2651.0,382.0,4.65,0.67,8.76,10238.0,953.0,17.94,1.67,5.66,5297.0,616.0,9.28,1.08,7.07,30148.0,1153.0,52.84,2.02,2.32,112014.0,1203.0,85.7,0.92,0.65,36237.0,1804.0,27.72,1.38,3.03,82804.0,1856.0,63.35,1.42,1.36,18694.0,1203.0,14.3,0.92,3.91,60411.0,1192.0,46.11,0.91,1.2,70612.0,1192.0,53.89,0.91,1.03,10839.0,760.0,8.27,0.58,4.26,10166.0,655.0,7.76,0.5,3.92,10121.0,655.0,7.72,0.5,3.94,10609.0,721.0,8.1,0.55,4.13,12401.0,865.0,9.46,0.66,4.24,20949.0,1035.0,15.99,0.79,3.0,16608.0,812.0,12.68,0.62,2.97,17240.0,839.0,13.16,0.64,2.96,7344.0,577.0,5.61,0.44,4.77,4914.0,511.0,3.75,0.39,6.32,6669.0,524.0,5.09,0.4,4.78,2464.0,328.0,1.88,0.25,8.08,686.0,183.0,0.52,0.14,16.37,93557.0,1074.0,71.41,0.82,0.7,9835.0,616.0,7.51,0.47,3.8,14481.0,1363.0,11.05,1.04,5.72,40289.0,1651.0,30.75,1.26,2.49,919.0,367.0,0.7,0.28,24.32,1758.0,603.0,1.34,0.46,20.87,109.0,183.0,0.08,0.14,106.38,69469.0,2162.0,53.02,1.65,1.89,4012.0,668.0,3.06,0.51,10.13,90706.0,1638.0,69.23,1.25,1.1,40316.0,1638.0,30.77,1.25,2.47,2084.0,472.0,1.59,0.36,13.76,35150.0,1533.0,26.83,1.17,2.65,216.0,210.0,0.16,0.16,60.79,1605.0,603.0,1.22,0.46,22.92,61.0,157.0,0.05,0.12,145.9,350.0,210.0,0.27,0.16,36.02,816.0,288.0,0.62,0.22,21.57
18,206,206,31618.0,,100,,,13346.0,566.0,42.21,1.79,2.58,28210.0,1117.0,32.57,1.29,2.41,1214.0,245.0,4.3,0.87,12.3,1558.0,251.0,5.52,0.89,9.8,11147.0,632.0,39.51,2.24,3.45,6399.0,525.0,22.68,1.86,4.99,7885.0,528.0,27.95,1.87,4.07,48799.0,1057.0,56.35,1.22,1.32,8809.0,678.0,18.05,1.39,4.68,9547.0,673.0,19.56,1.38,4.29,12496.0,708.0,25.61,1.45,3.44,6385.0,605.0,13.08,1.24,5.76,60985.0,1697.0,70.42,1.96,1.69,1082.0,238.0,1.77,0.39,13.39,86355.0,156.0,99.71,0.18,0.11,12631.0,820.0,14.63,0.95,3.95,25576.0,1152.0,29.53,1.33,2.74,1659.0,353.0,6.49,1.38,12.93,53410.0,1212.0,61.67,1.4,1.38,7327.0,609.0,13.72,1.14,5.05,7369.0,442.0,8.51,0.51,3.65,3646.0,292.0,49.48,3.96,4.87,84912.0,2286.0,98.05,2.64,1.64,73948.0,1087.0,87.09,1.28,0.89,9812.0,1036.0,11.56,1.22,6.42,1159.0,340.0,1.36,0.4,17.88,86604.0,,100,,,58892.0,1386.0,68.0,1.6,1.43,51177.0,1438.0,59.09,1.66,1.71,7719.0,883.0,8.91,1.02,6.96,27712.0,1455.0,32.0,1.68,3.19,10773.0,743.0,38.88,2.68,4.19,16939.0,743.0,61.13,2.68,2.67,1085.0,280.0,3.92,1.01,15.66,788.0,272.0,2.84,0.98,20.98,3153.0,490.0,11.38,1.77,9.46,16.0,130.0,0.06,0.47,476.19,22633.0,587.0,81.67,2.12,1.58,34.0,127.0,0.12,0.46,233.03,79048.0,2425.0,91.28,2.8,1.86,26726.0,1383.0,33.81,1.75,3.15,22022.0,1202.0,27.86,1.52,3.32,45749.0,1439.0,57.87,1.82,1.91,64147.0,1784.0,74.07,2.06,1.69,36025.0,930.0,56.16,1.45,1.57,29504.0,924.0,45.99,1.44,1.9,6488.0,622.0,10.11,0.97,5.83,29.0,135.0,0.05,0.21,255.32,28122.0,930.0,43.84,1.45,2.01,,,18.01,1.66,5.83,28551.0,1005.0,32.97,1.16,2.14,4723.0,468.0,16.54,1.64,6.03,1040.0,254.0,3.64,0.89,14.86,17998.0,597.0,63.04,2.09,2.02,2989.0,385.0,10.47,1.35,7.84,1242.0,274.0,4.35,0.96,13.42,29504.0,987.0,34.07,1.14,2.03,51.0,130.0,0.17,0.44,157.34,1437.0,286.0,4.87,0.97,12.11,1119.0,268.0,3.79,0.91,14.6,415.0,174.0,1.41,0.59,25.44,3773.0,460.0,12.79,1.56,7.41,2537.0,387.0,8.6,1.31,9.26,398.0,162.0,1.35,0.55,24.77,1759.0,325.0,5.96,1.1,11.22,2210.0,322.0,7.49,1.09,8.85,8602.0,558.0,29.16,1.89,3.94,4473.0,564.0,15.16,1.91,7.66,1976.0,301.0,6.7,1.02,9.25,757.0,174.0,2.57,0.59,13.96,7352.0,522.0,23.25,1.65,4.31,3798.0,402.0,12.01,1.27,6.43,5380.0,496.0,17.02,1.57,5.61,3982.0,433.0,12.59,1.37,6.61,3955.0,421.0,12.51,1.33,6.46,3809.0,411.0,12.05,1.3,6.56,1531.0,269.0,4.84,0.85,10.68,1356.0,259.0,4.29,0.82,11.62,262.0,149.0,0.83,0.47,34.42,189.0,139.0,0.6,0.44,44.58,21225.0,553.0,67.13,1.75,1.58,6785.0,458.0,21.46,1.45,4.11,2536.0,319.0,8.02,1.01,7.66,6351.0,490.0,20.09,1.55,4.69,3449.0,386.0,10.91,1.22,6.8,16625.0,613.0,52.58,1.94,2.24,74759.0,1114.0,86.57,1.29,0.91,30226.0,1563.0,35.0,1.81,3.14,54641.0,1511.0,63.28,1.75,1.68,11596.0,1114.0,13.43,1.29,5.84,40688.0,944.0,46.98,1.09,1.41,45916.0,944.0,53.02,1.09,1.25,7556.0,676.0,8.72,0.78,5.44,6917.0,563.0,7.99,0.65,4.95,6496.0,537.0,7.5,0.62,5.03,8192.0,632.0,9.46,0.73,4.69,8635.0,693.0,9.97,0.8,4.88,13662.0,901.0,15.78,1.04,4.01,10030.0,650.0,11.58,0.75,3.94,10816.0,667.0,12.49,0.77,3.75,3918.0,416.0,4.52,0.48,6.46,2882.0,346.0,3.33,0.4,7.3,4687.0,450.0,5.41,0.52,5.84,2126.0,294.0,2.45,0.34,8.44,711.0,173.0,0.82,0.2,14.83,61016.0,979.0,70.45,1.13,0.98,7512.0,520.0,8.67,0.6,4.21,13915.0,1204.0,16.07,1.39,5.26,24033.0,1368.0,27.75,1.58,3.46,206.0,165.0,0.24,0.19,48.13,815.0,268.0,0.94,0.31,20.05,29.0,139.0,0.03,0.16,324.21,45028.0,1723.0,51.99,1.99,2.33,2566.0,606.0,2.96,0.7,14.38,57671.0,1429.0,66.59,1.65,1.51,28933.0,1429.0,33.41,1.65,3.0,5548.0,598.0,6.41,0.69,6.54,21725.0,1273.0,25.09,1.47,3.56,42.0,139.0,0.05,0.16,194.53,811.0,268.0,0.94,0.31,20.05,0.0,,0.0,,,297.0,173.0,0.34,0.2,35.76,518.0,251.0,0.6,0.29,29.38
19,207,207,50654.0,,100,,,19393.0,755.0,38.29,1.49,2.37,38348.0,1397.0,26.9,0.98,2.21,2374.0,391.0,6.19,1.02,10.02,1709.0,330.0,4.46,0.86,11.72,15877.0,752.0,41.4,1.96,2.88,7582.0,614.0,19.77,1.6,4.92,10815.0,690.0,28.2,1.8,3.88,88873.0,1896.0,62.35,1.33,1.3,14831.0,1111.0,16.69,1.25,4.55,13220.0,986.0,14.88,1.11,4.53,24875.0,1244.0,27.99,1.4,3.04,15469.0,969.0,17.41,1.09,3.81,105599.0,2266.0,74.09,1.59,1.3,2357.0,359.0,2.23,0.34,9.27,141373.0,1041.0,99.18,0.73,0.45,17487.0,1046.0,12.37,0.74,3.64,36886.0,1568.0,25.88,1.1,2.58,1643.0,343.0,4.45,0.93,12.7,92746.0,1468.0,65.07,1.03,0.96,10504.0,816.0,11.33,0.88,4.72,11739.0,670.0,8.24,0.47,3.47,5337.0,393.0,45.46,3.35,4.48,139964.0,2965.0,98.19,2.08,1.29,123400.0,1680.0,88.17,1.2,0.83,14424.0,1554.0,10.31,1.11,6.54,2139.0,672.0,1.53,0.48,19.07,142537.0,,100,,,80122.0,2067.0,56.21,1.45,1.57,70394.0,2010.0,49.39,1.41,1.74,9733.0,941.0,6.83,0.66,5.87,62416.0,2053.0,43.79,1.44,2.0,27421.0,1329.0,43.93,2.13,2.95,34995.0,1329.0,56.07,2.13,2.31,2610.0,662.0,4.18,1.06,15.42,7192.0,811.0,11.52,1.3,6.86,3836.0,674.0,6.15,1.08,10.68,17.0,156.0,0.03,0.25,506.59,48557.0,1105.0,77.8,1.77,1.38,201.0,218.0,0.32,0.35,66.49,130120.0,2737.0,91.29,1.92,1.28,34281.0,1783.0,26.35,1.37,3.16,45948.0,1887.0,35.31,1.45,2.5,79922.0,1939.0,61.42,1.49,1.47,108887.0,2366.0,76.39,1.66,1.32,70437.0,1307.0,64.69,1.2,1.13,60690.0,1372.0,55.74,1.26,1.37,9750.0,882.0,8.95,0.81,5.5,12.0,152.0,0.01,0.14,851.06,38449.0,1307.0,35.31,1.2,2.07,,,13.84,1.23,5.5,59164.0,1326.0,41.51,0.93,1.36,8158.0,680.0,13.79,1.15,5.07,2415.0,444.0,4.08,0.75,11.17,40057.0,1006.0,67.7,1.7,1.53,5644.0,598.0,9.54,1.01,6.44,2120.0,390.0,3.58,0.66,11.21,60696.0,1326.0,42.58,0.93,1.33,67.0,164.0,0.11,0.27,149.21,3655.0,552.0,6.02,0.91,9.19,2398.0,437.0,3.95,0.72,11.08,979.0,249.0,1.61,0.41,15.48,8077.0,771.0,13.31,1.27,5.8,3833.0,486.0,6.32,0.8,7.69,925.0,285.0,1.52,0.47,18.8,3777.0,510.0,6.22,0.84,8.21,4892.0,558.0,8.06,0.92,6.94,17580.0,874.0,28.96,1.44,3.02,9198.0,783.0,15.15,1.29,5.18,3971.0,504.0,6.54,0.83,7.71,1348.0,279.0,2.22,0.46,12.6,7820.0,638.0,15.44,1.26,4.96,4640.0,496.0,9.16,0.98,6.5,7709.0,633.0,15.22,1.25,4.99,5809.0,577.0,11.47,1.14,6.04,7412.0,653.0,14.63,1.29,5.36,8505.0,643.0,16.79,1.27,4.6,4523.0,496.0,8.93,0.98,6.67,2853.0,390.0,5.63,0.77,8.31,792.0,223.0,1.56,0.44,17.15,584.0,167.0,1.15,0.33,17.44,39406.0,659.0,77.79,1.3,1.02,9976.0,608.0,19.69,1.2,3.7,4263.0,441.0,8.42,0.87,6.28,6181.0,562.0,12.2,1.11,5.53,3542.0,466.0,6.99,0.92,8.0,20198.0,881.0,39.87,1.74,2.65,121846.0,1414.0,86.19,1.0,0.71,50943.0,2262.0,36.03,1.6,2.7,79761.0,2234.0,56.42,1.58,1.7,19527.0,1414.0,13.81,1.0,4.4,68298.0,1254.0,47.92,0.88,1.12,74239.0,1254.0,52.08,0.88,1.03,12418.0,955.0,8.71,0.67,4.68,9693.0,670.0,6.8,0.47,4.2,9536.0,741.0,6.69,0.52,4.73,9426.0,713.0,6.61,0.5,4.6,12571.0,884.0,8.82,0.62,4.27,24755.0,1254.0,17.37,0.88,3.08,18743.0,1012.0,13.15,0.71,3.28,18328.0,1026.0,12.86,0.72,3.4,7173.0,627.0,5.03,0.44,5.32,7232.0,656.0,5.07,0.46,5.52,7507.0,627.0,5.27,0.44,5.08,3615.0,442.0,2.54,0.31,7.42,1511.0,328.0,1.06,0.23,13.19,105612.0,1340.0,74.09,0.94,0.77,12657.0,784.0,8.88,0.55,3.77,25260.0,1867.0,17.72,1.31,4.49,27561.0,1739.0,19.34,1.22,3.83,981.0,385.0,0.69,0.27,23.79,8808.0,969.0,6.18,0.68,6.69,41.0,157.0,0.03,0.11,222.9,73687.0,2509.0,51.7,1.76,2.07,6211.0,941.0,4.36,0.66,9.2,98347.0,1996.0,69.0,1.4,1.23,44191.0,1996.0,31.0,1.4,2.75,10027.0,1140.0,7.03,0.8,6.92,22465.0,1525.0,15.76,1.07,4.13,264.0,214.0,0.19,0.15,47.99,8636.0,955.0,6.06,0.67,6.72,34.0,157.0,0.02,0.11,334.35,1213.0,727.0,0.85,0.51,36.47,1545.0,513.0,1.08,0.36,20.26
20,208,208,44599.0,,100,,,13571.0,607.0,30.43,1.36,2.72,26754.0,1108.0,25.6,1.06,2.52,2098.0,353.0,7.84,1.32,10.24,1563.0,294.0,5.84,1.1,11.45,8847.0,594.0,33.07,2.22,4.08,4397.0,492.0,16.44,1.84,6.8,9844.0,573.0,36.8,2.14,3.54,72496.0,1286.0,69.36,1.23,1.08,6337.0,609.0,8.74,0.84,5.84,6274.0,602.0,8.65,0.83,5.83,14727.0,899.0,20.31,1.24,3.71,29726.0,993.0,41.0,1.37,2.03,82177.0,1526.0,78.62,1.46,1.13,2886.0,370.0,3.51,0.45,7.79,101419.0,962.0,97.03,0.92,0.58,11022.0,771.0,10.87,0.76,4.25,22310.0,993.0,21.34,0.95,2.71,733.0,214.0,3.29,0.96,17.74,63552.0,1202.0,60.8,1.15,1.15,5158.0,527.0,8.12,0.83,6.21,15558.0,638.0,14.88,0.61,2.49,5123.0,423.0,32.93,2.72,5.02,102618.0,2603.0,98.18,2.49,1.54,91107.0,1088.0,88.78,1.06,0.73,10592.0,1047.0,10.32,1.02,6.01,916.0,318.0,0.89,0.31,21.17,104523.0,,100,,,70070.0,1568.0,67.04,1.5,1.36,65494.0,1526.0,62.66,1.46,1.42,4578.0,585.0,4.38,0.56,7.77,34453.0,1725.0,32.96,1.65,3.04,19765.0,906.0,57.37,2.63,2.79,14688.0,906.0,42.63,2.63,3.75,5861.0,548.0,17.01,1.59,5.68,4738.0,565.0,13.75,1.64,7.25,1666.0,410.0,4.84,1.19,14.95,26.0,141.0,0.08,0.41,311.55,21957.0,737.0,63.73,2.14,2.04,203.0,145.0,0.59,0.42,43.27,96911.0,2446.0,92.72,2.34,1.53,44359.0,1473.0,45.77,1.52,2.02,20706.0,1231.0,21.37,1.27,3.61,38939.0,1405.0,40.18,1.45,2.19,84229.0,1286.0,80.58,1.23,0.93,52822.0,1103.0,62.71,1.31,1.27,47975.0,1137.0,56.96,1.35,1.44,4848.0,581.0,5.76,0.69,7.28,0.0,,0.0,,,31407.0,1103.0,37.29,1.31,2.14,,,9.18,1.08,7.29,46509.0,1181.0,44.5,1.13,1.54,11836.0,730.0,25.45,1.57,3.75,2246.0,381.0,4.83,0.82,10.32,25412.0,823.0,54.64,1.77,1.97,3620.0,498.0,7.78,1.07,8.36,2379.0,363.0,5.12,0.78,9.26,47978.0,1150.0,45.9,1.1,1.46,70.0,149.0,0.15,0.31,125.63,1614.0,312.0,3.36,0.65,11.76,1317.0,278.0,2.75,0.58,12.82,887.0,245.0,1.85,0.51,16.76,4051.0,561.0,8.44,1.17,8.43,2083.0,365.0,4.34,0.76,10.65,1537.0,278.0,3.2,0.58,11.02,3894.0,456.0,8.12,0.95,7.11,5424.0,547.0,11.31,1.14,6.13,16544.0,796.0,34.48,1.66,2.93,5771.0,600.0,12.03,1.25,6.32,2876.0,441.0,5.99,0.92,9.34,1907.0,302.0,3.97,0.63,9.65,3561.0,401.0,7.98,0.9,6.86,1964.0,290.0,4.4,0.65,8.98,4353.0,464.0,9.76,1.04,6.48,3557.0,410.0,7.98,0.92,7.01,4960.0,513.0,11.12,1.15,6.29,7616.0,647.0,17.08,1.45,5.16,6181.0,535.0,13.86,1.2,5.26,6544.0,526.0,14.67,1.18,4.89,2688.0,379.0,6.03,0.85,8.57,3170.0,352.0,7.11,0.79,6.75,34478.0,566.0,77.31,1.27,1.0,13168.0,624.0,29.53,1.4,2.88,7697.0,557.0,17.26,1.25,4.4,2775.0,357.0,6.22,0.8,7.82,1425.0,317.0,3.2,0.71,13.49,8285.0,544.0,18.58,1.22,3.99,92241.0,1024.0,90.95,1.01,0.68,62110.0,1613.0,61.24,1.59,1.58,40059.0,1572.0,39.5,1.55,2.39,9178.0,1024.0,9.05,1.01,6.78,49565.0,1035.0,47.42,0.99,1.27,54958.0,1035.0,52.58,0.99,1.14,7611.0,711.0,7.28,0.68,5.68,6386.0,564.0,6.11,0.54,5.37,5216.0,533.0,4.99,0.51,6.21,5939.0,596.0,5.68,0.57,6.1,6888.0,690.0,6.59,0.66,6.09,16393.0,972.0,15.68,0.93,3.61,13350.0,857.0,12.77,0.82,3.9,12471.0,784.0,11.93,0.75,3.82,6288.0,585.0,6.02,0.56,5.65,6014.0,533.0,5.75,0.51,5.39,9146.0,617.0,8.75,0.59,4.1,5396.0,502.0,5.16,0.48,5.65,3455.0,387.0,3.31,0.37,6.8,82177.0,899.0,78.62,0.86,0.66,17992.0,815.0,17.21,0.78,2.76,47749.0,1536.0,45.68,1.47,1.96,15493.0,1307.0,14.82,1.25,5.13,517.0,314.0,0.49,0.3,37.22,5244.0,815.0,5.02,0.78,9.45,80.0,188.0,0.08,0.18,136.78,30331.0,1725.0,29.02,1.65,3.46,5108.0,805.0,4.89,0.77,9.57,49147.0,1536.0,47.02,1.47,1.9,55376.0,1536.0,52.98,1.47,1.69,35661.0,1233.0,34.12,1.18,2.1,12223.0,1160.0,11.69,1.11,5.77,275.0,293.0,0.26,0.28,65.47,5184.0,815.0,4.96,0.78,9.56,61.0,188.0,0.06,0.18,182.37,472.0,387.0,0.45,0.37,49.98,1489.0,376.0,1.42,0.36,15.41
21,209,209,76284.0,,100,,,29339.0,1442.0,38.46,1.89,2.99,48388.0,1715.0,26.8,0.95,2.15,2733.0,402.0,5.65,0.83,8.93,2472.0,358.0,5.11,0.74,8.8,19941.0,837.0,41.21,1.73,2.55,10918.0,731.0,22.56,1.51,4.07,12322.0,769.0,25.46,1.59,3.8,116141.0,2220.0,64.34,1.23,1.16,17141.0,1068.0,14.76,0.92,3.79,17288.0,987.0,14.89,0.85,3.47,32638.0,1266.0,28.1,1.09,2.36,18516.0,1022.0,15.94,0.88,3.36,135682.0,2654.0,75.16,1.47,1.19,4018.0,502.0,2.96,0.37,7.6,179779.0,848.0,99.59,0.47,0.29,25563.0,1330.0,14.22,0.74,3.16,44731.0,1697.0,24.78,0.94,2.31,2271.0,429.0,5.08,0.96,11.49,114520.0,1571.0,63.44,0.87,0.83,14769.0,973.0,12.9,0.85,4.01,20539.0,830.0,11.38,0.46,2.46,8518.0,505.0,41.47,2.46,3.61,178288.0,2311.0,98.76,1.28,0.79,163466.0,1533.0,91.69,0.86,0.57,13245.0,1444.0,7.43,0.81,6.63,1583.0,428.0,0.89,0.24,16.39,180523.0,,100,,,122896.0,2094.0,68.08,1.16,1.04,104848.0,2094.0,58.08,1.16,1.21,18046.0,1210.0,10.0,0.67,4.07,57627.0,2148.0,31.92,1.19,2.27,26977.0,1216.0,46.81,2.11,2.74,30650.0,1216.0,53.19,2.11,2.41,705.0,271.0,1.22,0.47,23.42,7753.0,882.0,13.45,1.53,6.92,5587.0,841.0,9.7,1.46,9.15,4.0,179.0,0.01,0.31,1884.5,43477.0,1147.0,75.45,1.99,1.6,102.0,190.0,0.18,0.33,111.45,167602.0,3448.0,92.84,1.91,1.25,70493.0,2212.0,42.06,1.32,1.91,42069.0,1827.0,25.1,1.09,2.64,79684.0,2196.0,47.54,1.31,1.68,140505.0,2545.0,77.83,1.41,1.1,84069.0,1475.0,59.83,1.05,1.07,73008.0,1461.0,51.96,1.04,1.22,10964.0,871.0,7.8,0.62,4.83,96.0,211.0,0.07,0.15,130.26,56436.0,1475.0,40.17,1.05,1.59,,,13.04,1.01,4.83,71093.0,1390.0,39.38,0.77,1.19,16881.0,889.0,23.75,1.25,3.2,3464.0,462.0,4.87,0.65,8.11,44111.0,1081.0,62.05,1.52,1.49,4118.0,547.0,5.79,0.77,8.08,1355.0,291.0,1.91,0.41,13.05,73003.0,1372.0,40.44,0.76,1.14,0.0,,0.0,,,4558.0,577.0,6.24,0.79,7.7,2303.0,394.0,3.15,0.54,10.42,1413.0,314.0,1.94,0.43,13.47,8438.0,723.0,11.56,0.99,5.21,6186.0,635.0,8.47,0.87,6.24,1408.0,329.0,1.93,0.45,14.17,4974.0,599.0,6.81,0.82,7.32,6752.0,664.0,9.25,0.91,5.98,22027.0,971.0,30.17,1.33,2.68,8172.0,774.0,11.19,1.06,5.76,4144.0,496.0,5.68,0.68,7.28,2654.0,394.0,3.64,0.54,9.02,12124.0,1221.0,15.89,1.6,6.12,6222.0,725.0,8.16,0.95,7.08,11201.0,1312.0,14.68,1.72,7.12,8897.0,1091.0,11.66,1.43,7.46,10436.0,1144.0,13.68,1.5,6.67,12054.0,1053.0,15.8,1.38,5.31,6762.0,839.0,8.86,1.1,7.55,6331.0,763.0,8.3,1.0,7.32,1587.0,313.0,2.08,0.41,11.98,684.0,267.0,0.9,0.35,23.64,54999.0,1419.0,72.1,1.86,1.57,19868.0,1320.0,26.04,1.73,4.04,9245.0,862.0,12.12,1.13,5.67,11310.0,1304.0,14.83,1.71,7.01,6061.0,1007.0,7.95,1.32,10.09,28553.0,1549.0,37.43,2.03,3.3,157934.0,1438.0,87.85,0.8,0.55,85552.0,2445.0,47.59,1.36,1.74,96288.0,2319.0,53.56,1.29,1.46,21845.0,1438.0,12.15,0.8,4.0,84394.0,1318.0,46.75,0.73,0.95,96129.0,1318.0,53.25,0.73,0.83,12921.0,903.0,7.16,0.5,4.25,12589.0,776.0,6.97,0.43,3.75,12058.0,794.0,6.68,0.44,4.0,11884.0,830.0,6.58,0.46,4.25,14924.0,939.0,8.27,0.52,3.82,27891.0,1300.0,15.45,0.72,2.83,22997.0,1101.0,12.74,0.61,2.91,24590.0,1101.0,13.62,0.61,2.72,10588.0,776.0,5.87,0.43,4.45,9044.0,704.0,5.01,0.39,4.73,12185.0,776.0,6.75,0.43,3.87,6625.0,596.0,3.67,0.33,5.47,2233.0,307.0,1.24,0.17,8.33,135783.0,1444.0,75.22,0.8,0.65,21005.0,975.0,11.64,0.54,2.82,41407.0,2275.0,22.94,1.26,3.34,62920.0,2437.0,34.85,1.35,2.35,1145.0,379.0,0.63,0.21,20.26,11967.0,1300.0,6.63,0.72,6.6,0.0,,0.0,,,55102.0,2600.0,30.52,1.44,2.87,7970.0,1083.0,4.41,0.6,8.27,105564.0,2419.0,58.48,1.34,1.39,74959.0,2419.0,41.52,1.34,1.96,4707.0,722.0,2.61,0.4,9.32,53591.0,2257.0,29.69,1.25,2.56,347.0,253.0,0.19,0.14,44.79,11687.0,1282.0,6.47,0.71,6.67,0.0,,0.0,,,2168.0,596.0,1.2,0.33,16.72,2447.0,650.0,1.36,0.36,16.09
22,210,210,49673.0,,100,,,13849.0,810.0,27.88,1.63,3.55,30869.0,1533.0,24.36,1.21,3.02,1482.0,355.0,4.8,1.15,14.56,1543.0,355.0,5.0,1.15,13.98,10516.0,781.0,34.07,2.53,4.51,5652.0,651.0,18.31,2.11,7.01,11679.0,778.0,37.83,2.52,4.05,89783.0,2889.0,70.85,2.28,1.96,7542.0,907.0,8.4,1.01,7.31,7660.0,763.0,8.53,0.85,6.06,26701.0,1284.0,29.74,1.43,2.92,22359.0,1275.0,24.9,1.42,3.47,102843.0,3333.0,81.16,2.63,1.97,5103.0,607.0,4.96,0.59,7.23,125185.0,697.0,98.79,0.55,0.34,18704.0,1352.0,14.94,1.08,4.39,23848.0,1407.0,18.82,1.11,3.59,1099.0,384.0,4.61,1.61,21.23,79303.0,1432.0,62.58,1.13,1.1,8127.0,912.0,10.25,1.15,6.82,22032.0,950.0,17.39,0.75,2.62,9498.0,681.0,43.11,3.09,4.36,125630.0,3409.0,99.14,2.69,1.65,113162.0,2048.0,90.08,1.63,1.1,11410.0,2023.0,9.08,1.61,10.78,1087.0,440.0,0.87,0.35,24.46,126720.0,,100,,,99469.0,2015.0,78.5,1.59,1.23,89465.0,2015.0,70.6,1.59,1.37,9982.0,1204.0,7.88,0.95,7.33,27251.0,2066.0,21.5,1.63,4.61,17527.0,880.0,64.32,3.23,3.05,9724.0,880.0,35.68,3.23,5.5,4449.0,518.0,16.33,1.9,7.07,4387.0,545.0,16.1,2.0,7.55,2813.0,976.0,10.32,3.58,21.09,51.0,144.0,0.19,0.53,169.57,15487.0,1128.0,56.83,4.14,4.43,63.0,142.0,0.23,0.52,137.44,119986.0,3383.0,94.69,2.67,1.71,68398.0,2136.0,57.0,1.78,1.9,16849.0,1464.0,14.04,1.22,5.28,36300.0,2004.0,30.25,1.67,3.36,105481.0,3421.0,83.24,2.7,1.97,63621.0,1508.0,60.32,1.43,1.44,57670.0,1572.0,54.67,1.49,1.66,5949.0,770.0,5.64,0.73,7.87,0.0,,0.0,,,41860.0,1508.0,39.68,1.43,2.19,,,9.35,1.19,7.87,56099.0,1318.0,44.27,1.04,1.43,22400.0,1088.0,39.93,1.94,2.95,3716.0,567.0,6.62,1.01,9.27,25171.0,1195.0,44.87,2.13,2.89,2909.0,460.0,5.19,0.82,9.6,1205.0,297.0,2.15,0.53,14.99,57660.0,1293.0,45.5,1.02,1.36,64.0,161.0,0.11,0.28,154.74,2898.0,456.0,5.03,0.79,9.55,1709.0,444.0,2.96,0.77,15.81,884.0,242.0,1.53,0.42,16.69,5514.0,686.0,9.56,1.19,7.57,4078.0,686.0,7.07,1.19,10.23,1444.0,363.0,2.5,0.63,15.32,5263.0,784.0,9.13,1.36,9.06,4998.0,715.0,8.67,1.24,8.69,19521.0,1136.0,33.86,1.97,3.54,5298.0,680.0,9.19,1.18,7.81,2023.0,496.0,3.51,0.86,14.89,3928.0,611.0,6.81,1.06,9.46,3364.0,487.0,6.77,0.98,8.8,3333.0,532.0,6.71,1.07,9.69,4583.0,517.0,9.23,1.04,6.85,5012.0,621.0,10.09,1.25,7.53,6458.0,790.0,13.0,1.59,7.44,8537.0,830.0,17.19,1.67,5.91,6320.0,695.0,12.72,1.4,6.69,7639.0,715.0,15.38,1.44,5.69,2565.0,452.0,5.16,0.91,10.72,1889.0,318.0,3.8,0.64,10.24,36538.0,780.0,73.56,1.57,1.3,16890.0,835.0,34.0,1.68,3.0,10563.0,810.0,21.27,1.63,4.66,3147.0,472.0,6.34,0.95,9.11,1316.0,313.0,2.65,0.63,14.45,7123.0,676.0,14.34,1.36,5.77,115528.0,1227.0,92.29,0.98,0.65,84216.0,2078.0,67.27,1.66,1.5,48560.0,2015.0,38.79,1.61,2.52,9656.0,1227.0,7.71,0.98,7.73,58938.0,1318.0,46.51,1.04,1.36,67782.0,1318.0,53.49,1.04,1.18,6734.0,849.0,5.31,0.67,7.67,6520.0,760.0,5.15,0.6,7.08,6679.0,684.0,5.27,0.54,6.23,7026.0,735.0,5.54,0.58,6.36,9987.0,950.0,7.88,0.75,5.79,15181.0,1166.0,11.98,0.92,4.67,16135.0,1064.0,12.73,0.84,4.01,18462.0,1166.0,14.57,0.92,3.84,8476.0,824.0,6.69,0.65,5.91,8372.0,862.0,6.61,0.68,6.25,11845.0,963.0,9.35,0.76,4.94,7613.0,760.0,6.01,0.6,6.07,3707.0,532.0,2.93,0.42,8.71,102843.0,1191.0,81.16,0.94,0.7,23147.0,1242.0,18.27,0.98,3.26,51996.0,2332.0,41.03,1.84,2.73,33237.0,2142.0,26.23,1.69,3.92,258.0,203.0,0.2,0.16,48.63,6629.0,811.0,5.23,0.64,7.44,14.0,152.0,0.01,0.12,729.48,29338.0,2420.0,23.15,1.91,5.02,5271.0,1305.0,4.16,1.03,15.05,51049.0,2243.0,40.28,1.77,2.67,75671.0,2243.0,59.72,1.77,1.8,36329.0,1597.0,28.67,1.26,2.67,29684.0,2116.0,23.42,1.67,4.33,81.0,177.0,0.06,0.14,141.84,6618.0,811.0,5.22,0.64,7.45,14.0,152.0,0.01,0.12,729.48,1385.0,798.0,1.09,0.63,35.14,1579.0,532.0,1.25,0.42,20.43
23,211,211,68264.0,,100,,,26228.0,1502.0,38.42,2.2,3.48,31331.0,1168.0,26.03,0.97,2.27,1607.0,276.0,5.13,0.88,10.43,1557.0,269.0,4.97,0.86,10.52,12195.0,605.0,38.92,1.93,3.01,6699.0,461.0,21.38,1.47,4.18,9273.0,558.0,29.6,1.78,3.66,82126.0,1565.0,68.23,1.3,1.16,10329.0,723.0,12.58,0.88,4.25,8839.0,657.0,10.76,0.8,4.52,22673.0,986.0,27.61,1.2,2.64,19766.0,887.0,24.07,1.08,2.73,93304.0,2070.0,77.51,1.72,1.35,2457.0,299.0,2.63,0.32,7.4,117282.0,722.0,97.43,0.6,0.37,16032.0,880.0,13.67,0.75,3.34,27038.0,1131.0,22.46,0.94,2.54,1404.0,311.0,5.19,1.15,13.47,75378.0,1216.0,62.62,1.01,0.98,8077.0,626.0,10.72,0.83,4.71,14878.0,602.0,12.36,0.5,2.46,6563.0,396.0,44.11,2.66,3.67,119229.0,2383.0,99.05,1.98,1.21,107743.0,1109.0,90.37,0.93,0.63,10196.0,1085.0,8.55,0.91,6.47,1306.0,310.0,1.1,0.26,14.37,120370.0,,100,,,79215.0,1493.0,65.81,1.24,1.15,68643.0,1505.0,57.03,1.25,1.33,10576.0,831.0,8.79,0.69,4.77,41155.0,1553.0,34.19,1.29,2.29,20981.0,864.0,50.98,2.1,2.5,20174.0,864.0,49.02,2.1,2.6,7603.0,720.0,18.47,1.75,5.76,6472.0,634.0,15.73,1.54,5.95,2793.0,551.0,6.79,1.34,12.0,12.0,177.0,0.03,0.43,871.33,24138.0,901.0,58.65,2.19,2.27,134.0,181.0,0.33,0.44,81.05,113021.0,2624.0,93.89,2.18,1.41,48660.0,1616.0,43.05,1.43,2.02,26222.0,1243.0,23.2,1.1,2.88,42232.0,1526.0,37.37,1.35,2.2,96545.0,2010.0,80.21,1.67,1.27,60170.0,1072.0,62.32,1.11,1.08,52953.0,1072.0,54.85,1.11,1.23,7178.0,666.0,7.43,0.69,5.65,13.0,174.0,0.01,0.18,1094.22,36374.0,1072.0,37.68,1.11,1.79,,,11.93,1.09,5.64,51678.0,1083.0,42.93,0.9,1.27,15195.0,734.0,29.4,1.42,2.94,3375.0,419.0,6.53,0.81,7.54,26362.0,837.0,51.01,1.62,1.93,4246.0,465.0,8.22,0.9,6.66,1593.0,300.0,3.08,0.58,11.45,52969.0,1107.0,44.01,0.92,1.27,14.0,175.0,0.03,0.33,668.69,3258.0,418.0,6.15,0.79,7.81,2881.0,408.0,5.44,0.77,8.6,752.0,201.0,1.42,0.38,16.27,6191.0,519.0,11.69,0.98,5.1,3615.0,450.0,6.82,0.85,7.58,1175.0,249.0,2.22,0.47,12.87,3308.0,376.0,6.25,0.71,6.91,4278.0,434.0,8.08,0.82,6.17,17137.0,773.0,32.35,1.46,2.74,5708.0,614.0,10.78,1.16,6.54,2663.0,344.0,5.03,0.65,7.86,1966.0,318.0,3.71,0.6,9.83,10170.0,1379.0,14.9,2.02,8.24,4988.0,887.0,7.31,1.3,10.81,7972.0,1065.0,11.68,1.56,8.12,6832.0,997.0,10.01,1.46,8.87,9687.0,1174.0,14.19,1.72,7.37,10702.0,1092.0,15.68,1.6,6.2,6971.0,915.0,10.21,1.34,7.98,6911.0,922.0,10.12,1.35,8.11,2455.0,498.0,3.6,0.73,12.33,1569.0,375.0,2.3,0.55,14.54,48922.0,1420.0,71.67,2.08,1.76,19158.0,1304.0,28.06,1.91,4.14,8447.0,976.0,12.37,1.43,7.03,6931.0,1058.0,10.15,1.55,9.28,4413.0,887.0,6.46,1.3,12.23,20809.0,1543.0,30.48,2.26,4.51,103236.0,1056.0,88.02,0.9,0.62,64192.0,1677.0,54.73,1.43,1.59,51534.0,1642.0,43.94,1.4,1.94,14046.0,1056.0,11.98,0.9,4.57,58094.0,987.0,48.26,0.82,1.03,62276.0,987.0,51.74,0.82,0.96,7349.0,626.0,6.11,0.52,5.17,7741.0,614.0,6.43,0.51,4.82,7109.0,566.0,5.91,0.47,4.83,7668.0,566.0,6.37,0.47,4.49,8387.0,638.0,6.97,0.53,4.62,19398.0,963.0,16.12,0.8,3.02,16746.0,806.0,13.91,0.67,2.93,16051.0,819.0,13.33,0.68,3.1,7077.0,518.0,5.88,0.43,4.45,5954.0,494.0,4.95,0.41,5.04,8577.0,566.0,7.13,0.47,4.01,5551.0,445.0,4.61,0.37,4.88,2765.0,313.0,2.3,0.26,6.87,93318.0,999.0,77.53,0.83,0.65,16903.0,794.0,14.04,0.66,2.86,40732.0,1721.0,33.84,1.43,2.57,29283.0,1541.0,24.33,1.28,3.2,791.0,397.0,0.66,0.33,30.4,8245.0,855.0,6.85,0.71,6.3,51.0,193.0,0.04,0.16,243.16,37111.0,1818.0,30.83,1.51,2.98,4159.0,614.0,3.46,0.51,8.96,56062.0,1625.0,46.57,1.35,1.76,64308.0,1625.0,53.43,1.35,1.54,27849.0,1336.0,23.14,1.11,2.92,25831.0,1408.0,21.46,1.17,3.31,105.0,193.0,0.09,0.16,108.07,8087.0,843.0,6.72,0.7,6.33,0.0,,0.0,,,895.0,361.0,0.74,0.3,24.64,1540.0,397.0,1.28,0.33,15.67
24,212,212,54657.0,,100,,,21046.0,738.0,38.51,1.35,2.13,44778.0,1509.0,28.19,0.95,2.05,2589.0,354.0,5.78,0.79,8.31,2407.0,336.0,5.38,0.75,8.47,16075.0,681.0,35.9,1.52,2.57,9833.0,627.0,21.96,1.4,3.88,13867.0,725.0,30.97,1.62,3.18,103541.0,1922.0,65.18,1.21,1.13,9496.0,714.0,9.17,0.69,4.57,11210.0,766.0,10.83,0.74,4.15,31355.0,1149.0,30.28,1.11,2.23,23589.0,1035.0,22.78,1.0,2.67,121490.0,2256.0,76.48,1.42,1.13,3594.0,401.0,2.96,0.33,6.78,157062.0,1017.0,98.88,0.64,0.39,20291.0,1052.0,12.92,0.67,3.15,37288.0,1382.0,23.47,0.87,2.25,2299.0,406.0,6.17,1.09,10.74,100501.0,1271.0,63.27,0.8,0.77,10760.0,774.0,10.71,0.77,4.37,19270.0,715.0,12.13,0.45,2.26,7236.0,432.0,37.55,2.24,3.63,156989.0,3082.0,98.83,1.94,1.19,141027.0,1366.0,89.83,0.87,0.59,14309.0,1287.0,9.11,0.82,5.47,1668.0,471.0,1.06,0.3,17.2,158847.0,,100,,,96451.0,1763.0,60.72,1.11,1.11,88033.0,1763.0,55.42,1.11,1.22,8419.0,810.0,5.3,0.51,5.85,62396.0,1763.0,39.28,1.11,1.72,38089.0,1098.0,61.04,1.76,1.75,24307.0,1098.0,38.96,1.76,2.75,3089.0,387.0,4.95,0.62,7.61,2104.0,611.0,3.37,0.98,17.68,7481.0,986.0,11.99,1.58,8.01,20.0,193.0,0.03,0.31,628.17,49636.0,1117.0,79.55,1.79,1.37,61.0,193.0,0.1,0.31,188.45,148442.0,2621.0,93.45,1.65,1.07,103960.0,1945.0,70.03,1.31,1.14,14729.0,1039.0,9.92,0.7,4.29,28349.0,1648.0,19.1,1.11,3.53,125863.0,2335.0,79.24,1.47,1.13,79537.0,1171.0,63.19,0.93,0.89,68953.0,1246.0,54.78,0.99,1.1,10563.0,743.0,8.39,0.59,4.27,5.0,201.0,0.0,0.16,,46326.0,1171.0,36.81,0.93,1.54,,,13.28,0.91,4.28,66874.0,1318.0,42.1,0.83,1.2,22866.0,963.0,34.19,1.44,2.56,3419.0,428.0,5.11,0.64,7.61,34750.0,1010.0,51.96,1.51,1.77,3280.0,455.0,4.9,0.68,8.44,1511.0,281.0,2.26,0.42,11.3,68961.0,1287.0,43.41,0.81,1.13,105.0,214.0,0.15,0.31,125.63,3532.0,448.0,5.12,0.65,7.72,1970.0,345.0,2.86,0.5,10.63,965.0,255.0,1.4,0.37,16.07,7202.0,607.0,10.44,0.88,5.12,4912.0,490.0,7.12,0.71,6.06,1281.0,262.0,1.86,0.38,12.42,4179.0,455.0,6.06,0.66,6.62,5859.0,538.0,8.5,0.78,5.58,27007.0,924.0,39.16,1.34,2.08,5164.0,524.0,7.49,0.76,6.17,3961.0,490.0,5.74,0.71,7.52,2827.0,379.0,4.1,0.55,8.15,6438.0,519.0,11.78,0.95,4.9,3633.0,459.0,6.65,0.84,7.68,5522.0,476.0,10.1,0.87,5.24,5692.0,563.0,10.41,1.03,6.01,7660.0,563.0,14.01,1.03,4.47,9062.0,629.0,16.58,1.15,4.22,6372.0,519.0,11.66,0.95,4.95,6955.0,558.0,12.72,1.02,4.87,2167.0,355.0,3.96,0.65,9.98,1145.0,295.0,2.09,0.54,15.71,42131.0,634.0,77.08,1.16,0.91,15190.0,618.0,27.79,1.13,2.47,8075.0,492.0,14.77,0.9,3.7,4985.0,459.0,9.12,0.84,5.6,3569.0,459.0,6.53,0.84,7.82,13979.0,672.0,25.58,1.23,2.92,139722.0,1162.0,88.96,0.74,0.51,87687.0,2167.0,55.83,1.38,1.5,69419.0,2058.0,44.2,1.31,1.8,17340.0,1162.0,11.04,0.74,4.07,72482.0,1175.0,45.63,0.74,0.99,86366.0,1175.0,54.37,0.74,0.83,10405.0,715.0,6.55,0.45,4.18,9838.0,683.0,6.19,0.43,4.22,10267.0,620.0,6.46,0.39,3.67,11328.0,747.0,7.13,0.47,4.01,13488.0,874.0,8.49,0.55,3.94,22045.0,1112.0,13.88,0.7,3.07,20122.0,921.0,12.67,0.58,2.78,22987.0,985.0,14.47,0.62,2.6,9868.0,667.0,6.21,0.42,4.11,8041.0,635.0,5.06,0.4,4.81,11166.0,667.0,7.03,0.42,3.63,6774.0,540.0,4.26,0.34,4.85,2519.0,318.0,1.59,0.2,7.65,121494.0,1191.0,76.48,0.75,0.6,20451.0,874.0,12.87,0.55,2.6,19315.0,1271.0,12.16,0.8,4.0,107638.0,2017.0,67.76,1.27,1.14,1272.0,524.0,0.8,0.33,25.08,4288.0,937.0,2.7,0.59,13.28,169.0,238.0,0.11,0.15,82.9,21860.0,1811.0,13.76,1.14,5.04,4317.0,699.0,2.72,0.44,9.83,37399.0,1970.0,23.54,1.24,3.2,121449.0,1970.0,76.46,1.24,0.99,10411.0,731.0,6.55,0.46,4.27,102966.0,2017.0,64.82,1.27,1.19,588.0,397.0,0.37,0.25,41.07,4259.0,937.0,2.68,0.59,13.38,149.0,238.0,0.09,0.15,101.32,1199.0,397.0,0.75,0.25,20.26,1905.0,445.0,1.2,0.28,14.18
25,226,226,0.0,,100,,,0.0,,,,,0.0,,,,,0.0,,,,,0.0,,,,,0.0,,,,,0.0,,,,,0.0,,,,,0.0,,,,,0.0,,,,,0.0,,,,,0.0,,,,,0.0,,,,,0.0,,,,,0.0,,,,,0.0,,,,,0.0,,,,,0.0,,,,,0.0,,,,,0.0,,,,,0.0,,,,,0.0,,,,,0.0,,,,,0.0,,,,,0.0,,,,,0.0,,,,,0.0,,,,,0.0,,100,,,0.0,,,,,0.0,,,,,0.0,,,,,0.0,,,,,0.0,,,,,0.0,,,,,0.0,,,,,0.0,,,,,0.0,,,,,0.0,,,,,0.0,,,,,0.0,,,,,0.0,,,,,0.0,,,,,0.0,,,,,0.0,,,,,0.0,,,,,0.0,,,,,0.0,,,,,0.0,,,,,0.0,,,,,0.0,,,,,,,,,,0.0,,,,,0.0,,,,,0.0,,,,,0.0,,,,,0.0,,,,,0.0,,,,,0.0,,,,,0.0,,,,,0.0,,,,,0.0,,,,,0.0,,,,,0.0,,,,,0.0,,,,,0.0,,,,,0.0,,,,,0.0,,,,,0.0,,,,,0.0,,,,,0.0,,,,,0.0,,,,,0.0,,,,,0.0,,,,,0.0,,,,,0.0,,,,,0.0,,,,,0.0,,,,,0.0,,,,,0.0,,,,,0.0,,,,,0.0,,,,,0.0,,,,,0.0,,,,,0.0,,,,,0.0,,,,,0.0,,,,,0.0,,,,,0.0,,,,,0.0,,,,,0.0,,,,,0.0,,,,,0.0,,,,,0.0,,,,,0.0,,,,,0.0,,,,,0.0,,,,,0.0,,,,,0.0,,,,,0.0,,,,,0.0,,,,,0.0,,,,,0.0,,,,,0.0,,,,,0.0,,,,,0.0,,,,,0.0,,,,,0.0,,,,,0.0,,,,,0.0,,,,,0.0,,,,,0.0,,,,,0.0,,,,,0.0,,,,,0.0,,,,,0.0,,,,,0.0,,,,,0.0,,,,,0.0,,,,,0.0,,,,,0.0,,,,,0.0,,,,,0.0,,,,,0.0,,,,,0.0,,,,
26,227,227,0.0,,100,,,0.0,,,,,0.0,,,,,0.0,,,,,0.0,,,,,0.0,,,,,0.0,,,,,0.0,,,,,0.0,,,,,0.0,,,,,0.0,,,,,0.0,,,,,0.0,,,,,0.0,,,,,0.0,,,,,0.0,,,,,0.0,,,,,0.0,,,,,0.0,,,,,0.0,,,,,0.0,,,,,0.0,,,,,0.0,,,,,0.0,,,,,0.0,,,,,0.0,,,,,0.0,,,,,0.0,,100,,,0.0,,,,,0.0,,,,,0.0,,,,,0.0,,,,,0.0,,,,,0.0,,,,,0.0,,,,,0.0,,,,,0.0,,,,,0.0,,,,,0.0,,,,,0.0,,,,,0.0,,,,,0.0,,,,,0.0,,,,,0.0,,,,,0.0,,,,,0.0,,,,,0.0,,,,,0.0,,,,,0.0,,,,,0.0,,,,,,,,,,0.0,,,,,0.0,,,,,0.0,,,,,0.0,,,,,0.0,,,,,0.0,,,,,0.0,,,,,0.0,,,,,0.0,,,,,0.0,,,,,0.0,,,,,0.0,,,,,0.0,,,,,0.0,,,,,0.0,,,,,0.0,,,,,0.0,,,,,0.0,,,,,0.0,,,,,0.0,,,,,0.0,,,,,0.0,,,,,0.0,,,,,0.0,,,,,0.0,,,,,0.0,,,,,0.0,,,,,0.0,,,,,0.0,,,,,0.0,,,,,0.0,,,,,0.0,,,,,0.0,,,,,0.0,,,,,0.0,,,,,0.0,,,,,0.0,,,,,0.0,,,,,0.0,,,,,0.0,,,,,0.0,,,,,0.0,,,,,0.0,,,,,0.0,,,,,0.0,,,,,0.0,,,,,0.0,,,,,0.0,,,,,0.0,,,,,0.0,,,,,0.0,,,,,0.0,,,,,0.0,,,,,0.0,,,,,0.0,,,,,0.0,,,,,0.0,,,,,0.0,,,,,0.0,,,,,0.0,,,,,0.0,,,,,0.0,,,,,0.0,,,,,0.0,,,,,0.0,,,,,0.0,,,,,0.0,,,,,0.0,,,,,0.0,,,,,0.0,,,,,0.0,,,,,0.0,,,,,0.0,,,,
27,228,228,0.0,,100,,,0.0,,,,,0.0,,,,,0.0,,,,,0.0,,,,,0.0,,,,,0.0,,,,,0.0,,,,,0.0,,,,,0.0,,,,,0.0,,,,,0.0,,,,,0.0,,,,,0.0,,,,,0.0,,,,,0.0,,,,,0.0,,,,,0.0,,,,,0.0,,,,,0.0,,,,,0.0,,,,,0.0,,,,,0.0,,,,,0.0,,,,,0.0,,,,,0.0,,,,,0.0,,,,,0.0,,100,,,0.0,,,,,0.0,,,,,0.0,,,,,0.0,,,,,0.0,,,,,0.0,,,,,0.0,,,,,0.0,,,,,0.0,,,,,0.0,,,,,0.0,,,,,0.0,,,,,0.0,,,,,0.0,,,,,0.0,,,,,0.0,,,,,0.0,,,,,0.0,,,,,0.0,,,,,0.0,,,,,0.0,,,,,0.0,,,,,,,,,,0.0,,,,,0.0,,,,,0.0,,,,,0.0,,,,,0.0,,,,,0.0,,,,,0.0,,,,,0.0,,,,,0.0,,,,,0.0,,,,,0.0,,,,,0.0,,,,,0.0,,,,,0.0,,,,,0.0,,,,,0.0,,,,,0.0,,,,,0.0,,,,,0.0,,,,,0.0,,,,,0.0,,,,,0.0,,,,,0.0,,,,,0.0,,,,,0.0,,,,,0.0,,,,,0.0,,,,,0.0,,,,,0.0,,,,,0.0,,,,,0.0,,,,,0.0,,,,,0.0,,,,,0.0,,,,,0.0,,,,,0.0,,,,,0.0,,,,,0.0,,,,,0.0,,,,,0.0,,,,,0.0,,,,,0.0,,,,,0.0,,,,,0.0,,,,,0.0,,,,,0.0,,,,,0.0,,,,,0.0,,,,,0.0,,,,,0.0,,,,,0.0,,,,,0.0,,,,,0.0,,,,,0.0,,,,,0.0,,,,,0.0,,,,,0.0,,,,,0.0,,,,,0.0,,,,,0.0,,,,,0.0,,,,,0.0,,,,,0.0,,,,,0.0,,,,,0.0,,,,,0.0,,,,,0.0,,,,,0.0,,,,,0.0,,,,,0.0,,,,,0.0,,,,,0.0,,,,,0.0,,,,
28,301,301,82210.0,,100,,,20364.0,707.0,24.77,0.86,2.11,44945.0,1466.0,24.23,0.79,1.98,4027.0,396.0,8.96,0.88,5.97,3587.0,360.0,7.98,0.8,6.09,17622.0,638.0,39.21,1.42,2.2,7874.0,562.0,17.52,1.25,4.34,11843.0,625.0,26.35,1.39,3.21,124888.0,2022.0,67.32,1.09,0.98,10734.0,774.0,8.59,0.62,4.39,11901.0,787.0,9.53,0.63,4.02,25547.0,1049.0,20.46,0.84,2.5,54941.0,1236.0,43.99,0.99,1.37,141742.0,2375.0,76.41,1.28,1.02,2260.0,354.0,1.59,0.25,9.56,185312.0,93.0,99.89,0.05,0.03,16606.0,1019.0,8.96,0.55,3.73,43761.0,1466.0,23.59,0.79,2.04,858.0,245.0,1.96,0.56,17.37,125835.0,1651.0,67.83,0.89,0.8,8900.0,755.0,7.07,0.6,5.16,15711.0,705.0,8.47,0.38,2.73,6862.0,451.0,43.68,2.87,3.99,181934.0,2838.0,98.07,1.53,0.95,162164.0,1292.0,89.13,0.71,0.48,18054.0,1237.0,9.92,0.68,4.17,1719.0,346.0,0.94,0.19,12.29,185510.0,,100,,,144100.0,1521.0,77.68,0.82,0.64,134815.0,1521.0,72.67,0.82,0.69,9283.0,723.0,5.0,0.39,4.74,41410.0,1540.0,22.32,0.83,2.26,21683.0,783.0,52.36,1.89,2.19,19727.0,783.0,47.64,1.89,2.41,14619.0,779.0,35.3,1.88,3.24,9495.0,704.0,22.93,1.7,4.51,655.0,277.0,1.58,0.67,25.78,552.0,228.0,1.33,0.55,25.14,15011.0,807.0,36.25,1.95,3.27,1081.0,265.0,2.61,0.64,14.91,169106.0,2783.0,91.16,1.5,1.0,76927.0,1759.0,45.49,1.04,1.39,37852.0,1505.0,22.38,0.89,2.42,37140.0,1505.0,21.96,0.89,2.46,145596.0,2634.0,78.48,1.42,1.1,100221.0,1252.0,68.84,0.86,0.76,93526.0,1325.0,64.24,0.91,0.86,6691.0,655.0,4.6,0.45,5.95,0.0,,0.0,,,45374.0,1252.0,31.16,0.86,1.68,,,6.68,0.65,5.95,91933.0,1354.0,49.56,0.73,0.9,8999.0,634.0,9.79,0.69,4.28,2366.0,349.0,2.57,0.38,8.99,58671.0,1030.0,63.82,1.12,1.07,12318.0,717.0,13.4,0.78,3.54,5549.0,515.0,6.04,0.56,5.64,93521.0,1354.0,50.41,0.73,0.88,154.0,206.0,0.16,0.22,83.59,3345.0,430.0,3.58,0.46,7.81,4402.0,458.0,4.71,0.49,6.32,2765.0,383.0,2.96,0.41,8.42,9335.0,664.0,9.98,0.71,4.32,2412.0,346.0,2.58,0.37,8.72,8221.0,589.0,8.79,0.63,4.36,7044.0,552.0,7.53,0.59,4.76,19436.0,926.0,20.78,0.99,2.9,18541.0,851.0,19.83,0.91,2.79,11816.0,720.0,12.63,0.77,3.71,4153.0,440.0,4.44,0.47,6.44,1899.0,327.0,2.03,0.35,10.48,8120.0,649.0,9.88,0.79,4.86,5863.0,551.0,7.13,0.67,5.71,8857.0,682.0,10.77,0.83,4.68,6876.0,592.0,8.36,0.72,5.24,7953.0,608.0,9.67,0.74,4.65,10793.0,691.0,13.13,0.84,3.89,9155.0,649.0,11.14,0.79,4.31,11421.0,666.0,13.89,0.81,3.55,5721.0,518.0,6.96,0.63,5.5,7447.0,543.0,9.06,0.66,4.43,67536.0,781.0,82.15,0.95,0.7,13961.0,674.0,16.98,0.82,2.94,4799.0,460.0,5.84,0.56,5.83,6129.0,567.0,7.46,0.69,5.62,3258.0,436.0,3.96,0.53,8.14,18441.0,806.0,22.43,0.98,2.66,166725.0,1242.0,89.97,0.67,0.45,98618.0,2205.0,53.22,1.19,1.36,81088.0,2075.0,43.76,1.12,1.56,18587.0,1242.0,10.03,0.67,4.06,92300.0,1261.0,49.75,0.68,0.83,93210.0,1261.0,50.25,0.68,0.82,16404.0,798.0,8.84,0.43,2.96,11811.0,612.0,6.37,0.33,3.15,10102.0,631.0,5.45,0.34,3.79,8980.0,649.0,4.84,0.35,4.4,13319.0,890.0,7.18,0.48,4.06,50189.0,1484.0,27.05,0.8,1.8,26782.0,1057.0,14.44,0.57,2.4,17227.0,909.0,9.29,0.49,3.21,7664.0,668.0,4.13,0.36,5.3,7118.0,612.0,3.84,0.33,5.22,8828.0,649.0,4.76,0.35,4.47,4676.0,482.0,2.52,0.26,6.27,2413.0,334.0,1.3,0.18,8.42,141742.0,1113.0,76.41,0.6,0.48,15888.0,798.0,8.56,0.43,3.05,135969.0,1985.0,73.29,1.07,0.89,14600.0,1373.0,7.87,0.74,5.72,785.0,371.0,0.42,0.2,28.95,12180.0,983.0,6.57,0.53,4.9,72.0,204.0,0.04,0.11,167.17,16608.0,1521.0,8.95,0.82,5.57,5302.0,761.0,2.86,0.41,8.71,46791.0,1614.0,25.22,0.87,2.1,138718.0,1614.0,74.78,0.87,0.71,112942.0,1670.0,60.88,0.9,0.9,9715.0,946.0,5.24,0.51,5.92,254.0,241.0,0.14,0.13,56.45,12079.0,983.0,6.51,0.53,4.95,72.0,204.0,0.04,0.11,167.17,706.0,297.0,0.38,0.16,25.6,2948.0,445.0,1.59,0.24,9.18
29,302,302,64144.0,,100,,,14097.0,616.0,21.98,0.96,2.66,24576.0,976.0,21.16,0.84,2.41,2393.0,288.0,9.74,1.17,7.3,1054.0,197.0,4.29,0.8,11.34,7174.0,479.0,29.19,1.95,4.06,3191.0,329.0,12.98,1.34,6.28,10763.0,479.0,43.8,1.95,2.71,85853.0,1603.0,73.92,1.38,1.14,3820.0,438.0,4.45,0.51,6.97,4634.0,472.0,5.4,0.55,6.19,11241.0,652.0,13.09,0.76,3.53,53093.0,901.0,61.84,1.05,1.03,96954.0,1963.0,83.48,1.69,1.23,2308.0,291.0,2.38,0.3,7.66,115052.0,627.0,99.06,0.54,0.33,10519.0,667.0,9.14,0.58,3.86,19166.0,918.0,16.5,0.79,2.91,603.0,182.0,3.15,0.95,18.33,84138.0,1324.0,72.44,1.14,0.96,5539.0,463.0,6.58,0.55,5.08,11766.0,534.0,10.13,0.46,2.76,4386.0,333.0,37.28,2.83,4.61,114616.0,2079.0,98.69,1.79,1.1,96458.0,1009.0,84.16,0.88,0.64,16293.0,963.0,14.22,0.84,3.59,1861.0,367.0,1.62,0.32,12.01,116142.0,,100,,,92407.0,1069.0,79.56,0.92,0.7,88280.0,1103.0,76.01,0.95,0.76,4129.0,441.0,3.56,0.38,6.49,23736.0,1069.0,20.44,0.92,2.74,12279.0,539.0,51.73,2.27,2.67,11456.0,539.0,48.27,2.27,2.86,4890.0,408.0,20.6,1.72,5.08,7761.0,567.0,32.7,2.39,4.44,1441.0,342.0,6.07,1.44,14.42,410.0,176.0,1.73,0.74,26.0,8358.0,619.0,35.21,2.61,4.51,878.0,197.0,3.7,0.83,13.64,108656.0,1765.0,93.55,1.52,0.99,78445.0,1293.0,72.2,1.19,1.0,9714.0,804.0,8.94,0.74,5.03,13356.0,1000.0,12.29,0.92,4.55,98549.0,2067.0,84.85,1.78,1.28,68601.0,926.0,69.61,0.94,0.82,63265.0,966.0,64.2,0.98,0.93,5315.0,493.0,5.39,0.5,5.64,15.0,168.0,0.02,0.17,516.72,29948.0,926.0,30.39,0.94,1.88,,,7.75,0.71,5.64,62122.0,848.0,53.49,0.73,0.83,4535.0,410.0,7.3,0.66,5.5,1100.0,211.0,1.77,0.34,11.68,42751.0,745.0,68.82,1.2,1.06,5989.0,441.0,9.64,0.71,4.48,4845.0,435.0,7.8,0.7,5.46,63276.0,836.0,54.48,0.72,0.8,92.0,165.0,0.15,0.26,105.37,1289.0,253.0,2.04,0.4,11.92,2101.0,266.0,3.32,0.42,7.69,710.0,171.0,1.12,0.27,14.65,4792.0,399.0,7.57,0.63,5.06,1740.0,285.0,2.75,0.45,9.95,5477.0,449.0,8.66,0.71,4.98,7195.0,500.0,11.37,0.79,4.22,14809.0,652.0,23.4,1.03,2.68,13618.0,620.0,21.52,0.98,2.77,6276.0,500.0,9.92,0.79,4.84,2670.0,316.0,4.22,0.5,7.2,2508.0,285.0,3.96,0.45,6.91,4354.0,417.0,6.79,0.65,5.82,2720.0,366.0,4.24,0.57,8.17,3937.0,417.0,6.14,0.65,6.44,3708.0,430.0,5.78,0.67,7.05,4786.0,487.0,7.46,0.76,6.19,7404.0,545.0,11.54,0.85,4.48,7381.0,564.0,11.51,0.88,4.65,10733.0,635.0,16.73,0.99,3.6,6783.0,539.0,10.57,0.84,4.83,12337.0,654.0,19.23,1.02,3.22,54026.0,545.0,84.23,0.85,0.61,11405.0,584.0,17.78,0.91,3.11,7041.0,494.0,10.98,0.77,4.26,3211.0,353.0,5.01,0.55,6.67,1684.0,301.0,2.63,0.47,10.86,7020.0,455.0,10.94,0.71,3.95,106196.0,782.0,92.3,0.68,0.45,82943.0,1277.0,72.09,1.11,0.94,31483.0,1128.0,27.36,0.98,2.18,8856.0,782.0,7.7,0.68,5.37,55498.0,871.0,47.78,0.75,0.95,60644.0,871.0,52.22,0.75,0.87,7487.0,546.0,6.45,0.47,4.43,5007.0,430.0,4.31,0.37,5.22,4241.0,418.0,3.65,0.36,6.0,5222.0,453.0,4.5,0.39,5.27,8343.0,616.0,7.18,0.53,4.49,27801.0,1010.0,23.94,0.87,2.21,20302.0,767.0,17.48,0.66,2.3,13695.0,720.0,11.79,0.62,3.2,5834.0,476.0,5.02,0.41,4.96,5599.0,511.0,4.82,0.44,5.55,7138.0,499.0,6.15,0.43,4.25,3681.0,372.0,3.17,0.32,6.14,1828.0,267.0,1.57,0.23,8.91,96973.0,790.0,83.5,0.68,0.5,12656.0,616.0,10.9,0.53,2.96,59550.0,1347.0,51.27,1.16,1.38,31260.0,1336.0,26.92,1.15,2.6,123.0,163.0,0.11,0.14,77.37,11269.0,825.0,9.7,0.71,4.45,117.0,197.0,0.1,0.17,103.34,8085.0,894.0,6.96,0.77,6.73,5734.0,616.0,4.94,0.53,6.52,17426.0,1150.0,15.0,0.99,4.01,98716.0,1150.0,85.0,0.99,0.71,53504.0,1254.0,46.07,1.08,1.43,28926.0,1301.0,24.91,1.12,2.73,33.0,163.0,0.03,0.14,283.69,11146.0,825.0,9.6,0.71,4.5,38.0,163.0,0.03,0.14,283.69,489.0,186.0,0.42,0.16,23.16,4585.0,546.0,3.95,0.47,7.23
30,303,303,67870.0,,100,,,19969.0,781.0,29.42,1.15,2.38,42956.0,1434.0,26.67,0.89,2.03,3659.0,395.0,8.52,0.92,6.56,2367.0,309.0,5.51,0.72,7.94,16139.0,657.0,37.57,1.53,2.48,8598.0,567.0,20.02,1.32,4.01,12198.0,670.0,28.4,1.56,3.34,105026.0,2142.0,65.2,1.33,1.24,8569.0,651.0,8.16,0.62,4.62,13355.0,777.0,12.72,0.74,3.54,27660.0,998.0,26.34,0.95,2.19,32341.0,1050.0,30.79,1.0,1.97,123152.0,2513.0,76.46,1.56,1.24,3390.0,382.0,2.75,0.31,6.85,160499.0,1256.0,99.64,0.78,0.48,17495.0,899.0,10.9,0.56,3.12,37843.0,1466.0,23.49,0.91,2.35,1270.0,261.0,3.36,0.69,12.48,107046.0,1949.0,66.46,1.21,1.11,9429.0,621.0,8.81,0.58,4.0,15620.0,677.0,9.7,0.42,2.63,6806.0,403.0,43.57,2.58,3.6,158851.0,2835.0,98.62,1.76,1.08,140545.0,1287.0,88.48,0.81,0.56,16936.0,1239.0,10.66,0.78,4.45,1368.0,365.0,0.86,0.23,16.26,161076.0,,100,,,128575.0,1417.0,79.82,0.88,0.67,123376.0,1450.0,76.59,0.9,0.71,5210.0,532.0,3.23,0.33,6.21,32502.0,1450.0,20.18,0.9,2.71,16924.0,731.0,52.07,2.25,2.63,15578.0,731.0,47.93,2.25,2.85,1998.0,309.0,6.15,0.95,9.39,4786.0,614.0,14.73,1.89,7.8,2081.0,410.0,6.4,1.26,11.97,131.0,176.0,0.4,0.54,82.07,23108.0,761.0,71.1,2.34,2.0,402.0,192.0,1.24,0.59,28.92,149328.0,3189.0,92.71,1.98,1.3,109281.0,1598.0,73.18,1.07,0.89,15207.0,1045.0,10.18,0.7,4.18,22743.0,1314.0,15.23,0.88,3.51,127294.0,2674.0,79.03,1.66,1.28,82944.0,1171.0,65.16,0.92,0.86,72519.0,1209.0,56.97,0.95,1.01,10354.0,726.0,8.13,0.57,4.26,68.0,191.0,0.05,0.15,182.37,44354.0,1171.0,34.84,0.92,1.61,,,12.48,0.86,4.26,70766.0,1224.0,43.93,0.76,1.05,9471.0,630.0,13.38,0.89,4.04,1564.0,290.0,2.21,0.41,11.28,48435.0,906.0,68.44,1.28,1.14,5123.0,531.0,7.24,0.75,6.3,3058.0,389.0,4.32,0.55,7.74,72522.0,1224.0,45.02,0.76,1.03,148.0,196.0,0.2,0.27,82.07,2586.0,341.0,3.57,0.47,8.0,2346.0,312.0,3.23,0.43,8.09,1389.0,247.0,1.92,0.34,10.76,7502.0,580.0,10.34,0.8,4.7,4343.0,435.0,5.99,0.6,6.09,3507.0,399.0,4.84,0.55,6.91,4589.0,435.0,6.33,0.6,5.76,9675.0,580.0,13.34,0.8,3.65,20087.0,819.0,27.7,1.13,2.48,8817.0,653.0,12.16,0.9,4.5,4113.0,435.0,5.67,0.6,6.43,3434.0,363.0,4.74,0.5,6.41,10144.0,645.0,14.95,0.95,3.86,5647.0,502.0,8.32,0.74,5.41,7662.0,557.0,11.29,0.82,4.42,6834.0,550.0,10.07,0.81,4.89,8024.0,604.0,11.82,0.89,4.58,9622.0,618.0,14.18,0.91,3.9,6507.0,543.0,9.59,0.8,5.07,7897.0,563.0,11.64,0.83,4.33,2971.0,353.0,4.38,0.52,7.22,2560.0,305.0,3.77,0.45,7.26,51002.0,740.0,75.15,1.09,0.88,14434.0,638.0,21.27,0.94,2.69,7600.0,523.0,11.2,0.77,4.18,7527.0,563.0,11.09,0.83,4.55,4374.0,434.0,6.44,0.64,6.04,21115.0,794.0,31.11,1.17,2.29,144598.0,1043.0,90.09,0.65,0.44,80570.0,1958.0,50.2,1.22,1.48,76205.0,1878.0,47.48,1.17,1.5,15901.0,1043.0,9.91,0.65,3.99,75447.0,1176.0,46.84,0.73,0.95,85629.0,1176.0,53.16,0.73,0.83,11748.0,725.0,7.29,0.45,3.75,10657.0,628.0,6.62,0.39,3.58,9393.0,612.0,5.83,0.38,3.96,9821.0,628.0,6.1,0.39,3.89,14477.0,870.0,8.99,0.54,3.65,32984.0,1224.0,20.48,0.76,2.26,21145.0,902.0,13.13,0.56,2.59,19081.0,870.0,11.85,0.54,2.77,8937.0,612.0,5.55,0.38,4.16,6906.0,548.0,4.29,0.34,4.82,9226.0,596.0,5.73,0.37,3.93,4904.0,435.0,3.04,0.27,5.4,1807.0,258.0,1.12,0.16,8.68,123225.0,1208.0,76.5,0.75,0.6,15946.0,757.0,9.9,0.47,2.89,37589.0,1530.0,23.34,0.95,2.47,100011.0,1852.0,62.09,1.15,1.13,797.0,322.0,0.49,0.2,24.81,5921.0,789.0,3.68,0.49,8.09,39.0,193.0,0.02,0.12,364.74,11558.0,1160.0,7.18,0.72,6.1,5154.0,693.0,3.2,0.43,8.17,29462.0,1562.0,18.29,0.97,3.22,131615.0,1562.0,81.71,0.97,0.72,28722.0,1240.0,17.83,0.77,2.63,93507.0,1788.0,58.05,1.11,1.16,305.0,226.0,0.19,0.14,44.79,5838.0,773.0,3.62,0.48,8.06,9.0,193.0,0.01,0.12,729.48,333.0,209.0,0.21,0.13,37.63,2897.0,451.0,1.8,0.28,9.46
31,304,304,39990.0,,100,,,14133.0,584.0,35.34,1.46,2.51,30588.0,1200.0,25.74,1.01,2.38,1932.0,297.0,6.32,0.97,9.33,1565.0,260.0,5.12,0.85,10.09,12052.0,596.0,39.4,1.95,3.01,5824.0,465.0,19.04,1.52,4.85,9219.0,636.0,30.14,2.08,4.2,75972.0,1283.0,63.94,1.08,1.03,14668.0,889.0,19.31,1.17,3.68,12075.0,767.0,15.89,1.01,3.86,17865.0,874.0,23.52,1.15,2.97,17173.0,836.0,22.6,1.1,2.96,92040.0,2091.0,77.46,1.76,1.38,1458.0,267.0,1.58,0.29,11.16,118505.0,665.0,99.73,0.56,0.34,9403.0,640.0,7.93,0.54,4.14,26748.0,1188.0,22.51,1.0,2.7,813.0,214.0,3.04,0.8,16.0,82237.0,1450.0,69.21,1.22,1.07,4847.0,469.0,5.89,0.57,5.88,9520.0,558.0,8.01,0.47,3.56,3745.0,301.0,39.34,3.16,4.88,117385.0,2947.0,98.79,2.48,1.53,102916.0,1221.0,87.67,1.04,0.72,13164.0,1162.0,11.21,0.99,5.37,1306.0,340.0,1.11,0.29,15.88,118821.0,,100,,,75310.0,1509.0,63.38,1.27,1.22,67022.0,1450.0,56.41,1.22,1.31,8292.0,725.0,6.98,0.61,5.31,43511.0,1640.0,36.62,1.38,2.29,15265.0,857.0,35.08,1.97,3.41,28246.0,857.0,64.92,1.97,1.84,1791.0,339.0,4.12,0.78,11.51,4360.0,583.0,10.02,1.34,8.13,548.0,218.0,1.26,0.5,24.12,145.0,174.0,0.33,0.4,73.69,36554.0,696.0,84.01,1.6,1.16,110.0,148.0,0.25,0.34,82.67,110958.0,2780.0,93.38,2.34,1.52,43005.0,1576.0,38.76,1.42,2.23,31923.0,1365.0,28.77,1.23,2.6,59920.0,1642.0,54.0,1.48,1.67,95109.0,2281.0,80.04,1.92,1.46,66334.0,1008.0,69.75,1.06,0.92,57860.0,1094.0,60.84,1.15,1.15,8476.0,666.0,8.91,0.7,4.78,0.0,,0.0,,,28775.0,1008.0,30.25,1.06,2.13,,,12.78,0.99,4.78,56881.0,1117.0,47.87,0.94,1.19,6476.0,580.0,11.39,1.02,5.44,1152.0,262.0,2.03,0.46,13.78,40868.0,808.0,71.85,1.42,1.2,4477.0,478.0,7.87,0.84,6.49,1926.0,296.0,3.39,0.52,9.32,57849.0,1129.0,48.69,0.95,1.19,175.0,220.0,0.3,0.38,77.0,5079.0,550.0,8.78,0.95,6.58,2905.0,382.0,5.02,0.66,7.99,1267.0,231.0,2.19,0.4,11.1,7406.0,561.0,12.8,0.97,4.61,3137.0,405.0,5.42,0.7,7.85,2670.0,347.0,4.62,0.6,7.89,2636.0,318.0,4.56,0.55,7.33,6775.0,550.0,11.71,0.95,4.93,12018.0,665.0,20.77,1.15,3.37,8768.0,625.0,15.16,1.08,4.33,3575.0,399.0,6.18,0.69,6.79,1450.0,278.0,2.51,0.48,11.63,5452.0,456.0,13.63,1.14,5.08,2963.0,352.0,7.41,0.88,7.22,4925.0,444.0,12.32,1.11,5.48,3360.0,372.0,8.4,0.93,6.73,5372.0,464.0,13.43,1.16,5.25,6823.0,496.0,17.06,1.24,4.42,4108.0,392.0,10.27,0.98,5.8,4760.0,416.0,11.9,1.04,5.31,1377.0,236.0,3.44,0.59,10.43,846.0,184.0,2.12,0.46,13.19,31807.0,508.0,79.54,1.27,0.97,6711.0,420.0,16.78,1.05,3.8,2465.0,304.0,6.16,0.76,7.5,4213.0,384.0,10.54,0.96,5.54,2227.0,316.0,5.57,0.79,8.62,13796.0,604.0,34.5,1.51,2.66,93079.0,1375.0,78.54,1.16,0.9,45006.0,1695.0,37.98,1.43,2.29,52900.0,1647.0,44.64,1.39,1.89,25427.0,1375.0,21.46,1.16,3.29,59232.0,1010.0,49.85,0.85,1.04,59589.0,1010.0,50.15,0.85,1.03,7863.0,665.0,6.62,0.56,5.14,7302.0,558.0,6.15,0.47,4.65,7307.0,547.0,6.15,0.46,4.55,7122.0,594.0,5.99,0.5,5.07,13229.0,879.0,11.13,0.74,4.04,26929.0,1117.0,22.66,0.94,2.52,16714.0,844.0,14.07,0.71,3.07,13108.0,737.0,11.03,0.62,3.42,5466.0,511.0,4.6,0.43,5.68,4053.0,428.0,3.41,0.36,6.42,5947.0,511.0,5.0,0.43,5.23,2761.0,321.0,2.32,0.27,7.07,1003.0,202.0,0.84,0.17,12.3,92040.0,1034.0,77.46,0.87,0.68,9704.0,618.0,8.17,0.52,3.87,51202.0,2091.0,43.09,1.76,2.48,35199.0,1877.0,29.62,1.58,3.24,945.0,380.0,0.8,0.32,24.32,6109.0,772.0,5.14,0.65,7.69,0.0,,0.0,,,21824.0,1747.0,18.37,1.47,4.86,3556.0,582.0,2.99,0.49,9.96,72761.0,1675.0,61.24,1.41,1.4,46061.0,1675.0,38.76,1.41,2.21,16503.0,1010.0,13.89,0.85,3.72,21915.0,1283.0,18.44,1.08,3.56,143.0,190.0,0.12,0.16,81.05,5976.0,772.0,5.03,0.65,7.86,0.0,,0.0,,,335.0,190.0,0.28,0.16,34.74,1206.0,297.0,1.01,0.25,15.05
32,305,305,64841.0,,100,,,25135.0,791.0,38.76,1.22,1.91,52393.0,1565.0,28.45,0.85,1.82,3397.0,398.0,6.48,0.76,7.13,3173.0,362.0,6.06,0.69,6.92,20988.0,739.0,40.06,1.41,2.14,11797.0,623.0,22.52,1.19,3.21,13038.0,697.0,24.88,1.33,3.25,114503.0,1989.0,62.18,1.08,1.06,13463.0,779.0,11.76,0.68,3.52,13583.0,802.0,11.86,0.7,3.59,46096.0,1214.0,40.26,1.06,1.6,15979.0,847.0,13.96,0.74,3.22,135048.0,2431.0,73.33,1.32,1.09,2966.0,351.0,2.2,0.26,7.18,183675.0,866.0,99.74,0.47,0.29,22161.0,992.0,12.07,0.54,2.72,49068.0,1676.0,26.65,0.91,2.08,1731.0,285.0,3.53,0.58,9.99,116407.0,1657.0,63.21,0.9,0.87,12012.0,722.0,10.32,0.62,3.65,18177.0,718.0,9.87,0.39,2.4,8422.0,424.0,46.33,2.33,3.06,181578.0,2928.0,98.6,1.59,0.98,169490.0,1198.0,93.34,0.66,0.43,10974.0,1162.0,6.04,0.64,6.44,1123.0,345.0,0.62,0.19,18.63,184154.0,,100,,,117960.0,1768.0,64.05,0.96,0.91,108978.0,1786.0,59.18,0.97,1.0,8983.0,792.0,4.88,0.43,5.36,66194.0,1657.0,35.94,0.9,1.52,37478.0,1059.0,56.62,1.6,1.72,28717.0,1059.0,43.38,1.6,2.24,2434.0,357.0,3.68,0.54,8.92,6012.0,708.0,9.08,1.07,7.16,3453.0,583.0,5.22,0.88,10.25,8.0,212.0,0.01,0.32,1945.29,54174.0,933.0,81.84,1.41,1.05,113.0,212.0,0.17,0.32,114.43,169950.0,3167.0,92.29,1.72,1.13,99992.0,1852.0,58.84,1.09,1.13,25648.0,1173.0,15.09,0.69,2.78,52372.0,1716.0,30.82,1.01,1.99,140798.0,2597.0,76.46,1.41,1.12,80139.0,1281.0,56.92,0.91,0.97,71298.0,1323.0,50.64,0.94,1.13,8779.0,648.0,6.24,0.46,4.48,33.0,211.0,0.02,0.15,455.93,60659.0,1281.0,43.08,0.91,1.28,,,10.95,0.79,4.49,69680.0,1344.0,37.84,0.73,1.17,15445.0,773.0,22.17,1.11,3.04,2756.0,390.0,3.96,0.56,8.6,46074.0,920.0,66.12,1.32,1.21,3088.0,383.0,4.43,0.55,7.55,1559.0,314.0,2.24,0.45,12.21,71303.0,1326.0,38.72,0.72,1.13,147.0,214.0,0.21,0.3,86.84,4633.0,471.0,6.5,0.66,6.17,2403.0,328.0,3.37,0.46,8.3,1241.0,242.0,1.74,0.34,11.88,7625.0,570.0,10.69,0.8,4.55,7214.0,542.0,10.12,0.76,4.57,986.0,221.0,1.38,0.31,13.66,3734.0,378.0,5.24,0.53,6.15,6970.0,570.0,9.78,0.8,4.97,22439.0,856.0,31.47,1.2,2.32,6115.0,521.0,8.58,0.73,5.17,3632.0,399.0,5.09,0.56,6.69,4162.0,449.0,5.84,0.63,6.56,12148.0,681.0,18.74,1.05,3.41,5367.0,486.0,8.28,0.75,5.51,7863.0,571.0,12.13,0.88,4.41,6655.0,558.0,10.26,0.86,5.1,8865.0,610.0,13.67,0.94,4.18,10358.0,648.0,15.97,1.0,3.81,5784.0,486.0,8.92,0.75,5.11,5236.0,454.0,8.08,0.7,5.27,1630.0,279.0,2.51,0.43,10.41,932.0,240.0,1.44,0.37,15.62,45975.0,765.0,70.9,1.18,1.01,14156.0,687.0,21.83,1.06,2.95,6514.0,506.0,10.05,0.78,4.72,7269.0,545.0,11.21,0.84,4.56,5822.0,558.0,8.98,0.86,5.82,21434.0,785.0,33.06,1.21,2.22,165812.0,1102.0,90.27,0.6,0.4,84624.0,2186.0,46.07,1.19,1.57,92264.0,2131.0,50.23,1.16,1.4,17863.0,1102.0,9.73,0.6,3.75,83662.0,1271.0,45.43,0.69,0.92,100493.0,1271.0,54.57,0.69,0.77,14205.0,810.0,7.71,0.44,3.47,13624.0,773.0,7.4,0.42,3.45,12790.0,700.0,6.95,0.38,3.32,13579.0,700.0,7.37,0.38,3.13,15462.0,810.0,8.4,0.44,3.18,27565.0,1123.0,14.97,0.61,2.48,23127.0,976.0,12.56,0.53,2.57,25189.0,994.0,13.68,0.54,2.4,10982.0,663.0,5.96,0.36,3.67,9229.0,608.0,5.01,0.33,4.0,10981.0,663.0,5.96,0.36,3.67,5263.0,460.0,2.86,0.25,5.31,2177.0,313.0,1.18,0.17,8.76,135079.0,1400.0,73.35,0.76,0.63,18417.0,829.0,10.0,0.45,2.74,36950.0,1878.0,20.06,1.02,3.09,111409.0,2118.0,60.5,1.15,1.16,768.0,350.0,0.42,0.19,27.5,7134.0,884.0,3.87,0.48,7.54,215.0,276.0,0.12,0.15,75.99,23399.0,1657.0,12.71,0.9,4.3,4307.0,626.0,2.34,0.34,8.83,64577.0,2007.0,35.07,1.09,1.89,119577.0,2007.0,64.93,1.09,1.02,6418.0,737.0,3.49,0.4,6.97,101989.0,2063.0,55.38,1.12,1.23,272.0,239.0,0.15,0.13,52.68,7092.0,884.0,3.85,0.48,7.58,97.0,258.0,0.05,0.14,170.21,1575.0,497.0,0.86,0.27,19.09,2133.0,424.0,1.16,0.23,12.05
33,306,306,54207.0,,100,,,15450.0,629.0,28.5,1.16,2.47,22696.0,997.0,19.81,0.87,2.67,3084.0,322.0,13.59,1.42,6.35,1717.0,254.0,7.57,1.12,8.99,8145.0,481.0,35.89,2.12,3.59,3904.0,365.0,17.2,1.61,5.69,5850.0,452.0,25.78,1.99,4.69,85787.0,1638.0,74.88,1.43,1.16,3665.0,412.0,4.27,0.48,6.83,4494.0,489.0,5.24,0.57,6.61,8676.0,635.0,10.11,0.74,4.45,59887.0,926.0,69.81,1.08,0.94,91734.0,1776.0,80.07,1.55,1.18,2109.0,284.0,2.3,0.31,8.19,113996.0,550.0,99.51,0.48,0.29,9687.0,661.0,8.5,0.58,4.15,22768.0,928.0,19.87,0.81,2.48,560.0,173.0,2.46,0.76,18.78,80247.0,1329.0,70.05,1.16,1.01,5263.0,473.0,6.56,0.59,5.47,10986.0,596.0,9.59,0.52,3.3,3861.0,316.0,35.14,2.88,4.98,112806.0,1993.0,98.47,1.74,1.07,94758.0,1297.0,84.0,1.15,0.83,16361.0,1241.0,14.5,1.1,4.61,1690.0,417.0,1.5,0.37,14.99,114561.0,,100,,,95480.0,1020.0,83.34,0.89,0.65,90412.0,1054.0,78.92,0.92,0.71,5078.0,504.0,4.43,0.44,6.04,19081.0,1020.0,16.66,0.89,3.25,9564.0,538.0,50.12,2.82,3.42,9517.0,538.0,49.88,2.82,3.44,6524.0,467.0,34.19,2.45,4.36,4955.0,460.0,25.97,2.41,5.64,405.0,151.0,2.12,0.79,22.65,478.0,174.0,2.51,0.91,22.04,6024.0,460.0,31.57,2.41,4.64,694.0,183.0,3.64,0.96,16.03,105382.0,1833.0,91.99,1.6,1.06,78571.0,1222.0,74.56,1.16,0.95,7768.0,685.0,7.37,0.65,5.36,14430.0,938.0,13.69,0.89,3.95,93525.0,1787.0,81.64,1.56,1.16,70447.0,860.0,75.32,0.92,0.74,66124.0,888.0,70.7,0.95,0.82,4301.0,449.0,4.6,0.48,6.34,19.0,159.0,0.02,0.17,516.72,23078.0,860.0,24.68,0.92,2.27,,,6.11,0.63,6.35,64921.0,894.0,56.67,0.78,0.84,5120.0,454.0,7.89,0.7,5.39,1319.0,260.0,2.03,0.4,11.98,43801.0,850.0,67.47,1.31,1.18,5685.0,480.0,8.76,0.74,5.14,6182.0,539.0,9.52,0.83,5.3,66128.0,871.0,57.72,0.76,0.8,52.0,159.0,0.08,0.24,182.37,1202.0,231.0,1.82,0.35,11.69,1933.0,284.0,2.92,0.43,8.95,1033.0,205.0,1.56,0.31,12.08,4671.0,450.0,7.06,0.68,5.86,1206.0,291.0,1.82,0.44,14.7,6819.0,509.0,10.31,0.77,4.54,7025.0,529.0,10.62,0.8,4.58,15692.0,760.0,23.73,1.15,2.95,15071.0,747.0,22.79,1.13,3.01,6455.0,555.0,9.76,0.84,5.23,2579.0,331.0,3.9,0.5,7.79,2373.0,311.0,3.59,0.47,7.96,3614.0,396.0,6.67,0.73,6.65,1632.0,282.0,3.01,0.52,10.5,2517.0,352.0,4.64,0.65,8.52,2253.0,331.0,4.16,0.61,8.91,3581.0,390.0,6.61,0.72,6.62,6312.0,515.0,11.64,0.95,4.96,5923.0,482.0,10.93,0.89,4.95,9317.0,575.0,17.19,1.06,3.75,6711.0,515.0,12.38,0.95,4.66,12349.0,634.0,22.78,1.17,3.12,46683.0,493.0,86.12,0.91,0.64,9084.0,531.0,16.76,0.98,3.55,5222.0,434.0,9.63,0.8,5.05,2863.0,331.0,5.28,0.61,7.02,1115.0,239.0,2.06,0.44,12.98,5216.0,369.0,9.62,0.68,4.3,107232.0,684.0,94.07,0.6,0.39,90144.0,1094.0,79.08,0.96,0.74,24461.0,980.0,21.46,0.86,2.44,6764.0,684.0,5.93,0.6,6.15,54518.0,882.0,47.59,0.77,0.98,60043.0,882.0,52.41,0.77,0.89,9179.0,584.0,8.01,0.51,3.87,6495.0,493.0,5.67,0.43,4.61,4499.0,435.0,3.93,0.38,5.88,3639.0,401.0,3.18,0.35,6.69,4957.0,493.0,4.33,0.43,6.04,26630.0,1134.0,23.25,0.99,2.59,22061.0,871.0,19.26,0.76,2.4,14148.0,745.0,12.35,0.65,3.2,5948.0,516.0,5.19,0.45,5.27,5639.0,516.0,4.92,0.45,5.56,7098.0,504.0,6.2,0.44,4.31,2989.0,367.0,2.61,0.32,7.45,1271.0,218.0,1.11,0.19,10.41,91753.0,779.0,80.09,0.68,0.52,11349.0,653.0,9.91,0.57,3.5,80961.0,1260.0,70.67,1.1,0.95,10831.0,756.0,9.45,0.66,4.25,286.0,218.0,0.25,0.19,46.2,7341.0,687.0,6.41,0.6,5.69,0.0,,0.0,,,8867.0,939.0,7.74,0.82,6.44,6275.0,687.0,5.48,0.6,6.66,19856.0,1123.0,17.33,0.98,3.44,94705.0,1123.0,82.67,0.98,0.72,72625.0,1260.0,63.39,1.1,1.05,9644.0,687.0,8.42,0.6,4.33,98.0,172.0,0.09,0.15,101.32,7195.0,676.0,6.28,0.59,5.71,0.0,,0.0,,,658.0,263.0,0.57,0.23,24.53,4470.0,561.0,3.9,0.49,7.64
34,307,307,40959.0,,100,,,16075.0,512.0,39.25,1.25,1.94,30603.0,1003.0,23.49,0.77,1.99,2409.0,291.0,7.87,0.95,7.34,1785.0,242.0,5.83,0.79,8.24,13060.0,566.0,42.68,1.85,2.64,5590.0,422.0,18.27,1.38,4.59,7756.0,514.0,25.34,1.68,4.03,88764.0,1954.0,68.13,1.5,1.34,16756.0,843.0,18.88,0.95,3.06,16757.0,888.0,18.88,1.0,3.22,16085.0,817.0,18.12,0.92,3.09,27192.0,852.0,30.63,0.96,1.91,100096.0,1824.0,76.83,1.4,1.11,1646.0,220.0,1.64,0.22,8.15,128027.0,1055.0,98.27,0.81,0.5,10444.0,691.0,8.16,0.54,4.02,30151.0,1055.0,23.14,0.81,2.13,684.0,193.0,2.27,0.64,17.14,86469.0,1199.0,66.37,0.92,0.84,5236.0,484.0,6.06,0.56,5.62,11396.0,560.0,8.75,0.43,2.99,4533.0,310.0,39.78,2.72,4.16,128119.0,2371.0,98.34,1.82,1.12,111716.0,1256.0,87.2,0.98,0.68,14508.0,1217.0,11.32,0.95,5.1,1905.0,423.0,1.49,0.33,13.46,130282.0,,100,,,72714.0,1329.0,55.81,1.02,1.11,66162.0,1290.0,50.78,0.99,1.19,6560.0,560.0,5.04,0.43,5.19,57568.0,1381.0,44.19,1.06,1.46,20530.0,892.0,35.66,1.55,2.64,37038.0,892.0,64.34,1.55,1.46,3465.0,386.0,6.02,0.67,6.77,25986.0,944.0,45.14,1.64,2.21,723.0,236.0,1.26,0.41,19.78,90.0,150.0,0.16,0.26,98.78,26937.0,979.0,46.79,1.7,2.21,368.0,173.0,0.64,0.3,28.5,120144.0,2462.0,92.22,1.89,1.25,37100.0,1201.0,30.88,1.0,1.97,53052.0,1334.0,44.16,1.11,1.53,47118.0,1490.0,39.22,1.24,1.92,102647.0,1954.0,78.79,1.5,1.16,69318.0,975.0,67.53,0.95,0.86,63991.0,1006.0,62.34,0.98,0.96,5283.0,482.0,5.15,0.47,5.55,33.0,154.0,0.03,0.15,303.95,33329.0,975.0,32.47,0.95,1.78,,,7.62,0.69,5.55,62210.0,1003.0,47.75,0.77,0.98,6316.0,467.0,10.15,0.75,4.49,3108.0,379.0,5.0,0.61,7.42,40988.0,821.0,65.89,1.32,1.22,7842.0,603.0,12.61,0.97,4.68,2140.0,274.0,3.44,0.44,7.78,63996.0,1003.0,49.12,0.77,0.95,42.0,147.0,0.07,0.23,199.74,4382.0,499.0,6.85,0.78,6.92,3945.0,416.0,6.16,0.65,6.41,1773.0,282.0,2.77,0.44,9.66,6225.0,518.0,9.73,0.81,5.06,2319.0,294.0,3.62,0.46,7.72,2837.0,307.0,4.43,0.48,6.59,3213.0,339.0,5.02,0.53,6.42,8221.0,525.0,12.85,0.82,3.88,12659.0,608.0,19.78,0.95,2.92,12783.0,704.0,19.97,1.1,3.35,4333.0,429.0,6.77,0.67,6.02,1266.0,218.0,1.98,0.34,10.44,3119.0,315.0,7.61,0.77,6.15,2253.0,274.0,5.5,0.67,7.41,4671.0,381.0,11.4,0.93,4.96,3644.0,324.0,8.9,0.79,5.4,5008.0,385.0,12.23,0.94,4.67,6754.0,442.0,16.49,1.08,3.98,4569.0,365.0,11.16,0.89,4.85,5675.0,414.0,13.86,1.01,4.43,2229.0,274.0,5.44,0.67,7.49,3024.0,283.0,7.38,0.69,5.68,34816.0,397.0,85.0,0.97,0.69,8057.0,414.0,19.67,1.01,3.12,3346.0,287.0,8.17,0.7,5.21,2796.0,283.0,6.83,0.69,6.14,1190.0,205.0,2.91,0.5,10.45,9543.0,487.0,23.3,1.19,3.1,105846.0,1229.0,82.67,0.96,0.71,54519.0,1536.0,42.58,1.2,1.71,58167.0,1460.0,45.43,1.14,1.53,22181.0,1229.0,17.33,0.96,3.37,66371.0,886.0,50.94,0.68,0.81,63911.0,886.0,49.06,0.68,0.84,10138.0,625.0,7.78,0.48,3.75,9214.0,573.0,7.07,0.44,3.78,7135.0,495.0,5.48,0.38,4.22,6113.0,469.0,4.69,0.36,4.67,8939.0,651.0,6.86,0.5,4.43,27118.0,1068.0,20.81,0.82,2.4,21942.0,834.0,16.84,0.64,2.31,16314.0,782.0,12.52,0.6,2.91,6236.0,469.0,4.79,0.36,4.57,5621.0,495.0,4.31,0.38,5.36,6645.0,482.0,5.1,0.37,4.41,3501.0,352.0,2.69,0.27,6.1,1399.0,208.0,1.07,0.16,9.09,100131.0,899.0,76.86,0.69,0.55,11542.0,625.0,8.86,0.48,3.29,50824.0,1668.0,39.01,1.28,1.99,4627.0,599.0,3.55,0.46,7.88,707.0,365.0,0.54,0.28,31.52,34989.0,1394.0,26.86,1.07,2.42,34.0,156.0,0.03,0.12,243.16,34515.0,1798.0,26.49,1.38,3.17,4597.0,756.0,3.53,0.58,9.99,57129.0,1589.0,43.85,1.22,1.69,73153.0,1589.0,56.15,1.22,1.32,32314.0,1120.0,24.8,0.86,2.11,3450.0,482.0,2.65,0.37,8.49,168.0,169.0,0.13,0.13,60.79,34891.0,1394.0,26.78,1.07,2.43,25.0,156.0,0.02,0.12,364.74,488.0,195.0,0.37,0.15,24.64,1810.0,326.0,1.39,0.25,10.93
35,308,308,47414.0,,100,,,11914.0,626.0,25.13,1.32,3.19,22829.0,1040.0,22.83,1.04,2.77,1835.0,290.0,8.04,1.27,9.6,1340.0,235.0,5.87,1.03,10.67,7285.0,466.0,31.91,2.04,3.89,4262.0,420.0,18.67,1.84,5.99,8106.0,500.0,35.51,2.19,3.75,71518.0,1690.0,71.51,1.69,1.44,4527.0,479.0,6.33,0.67,6.43,6461.0,558.0,9.03,0.78,5.25,16917.0,880.0,23.65,1.23,3.16,29603.0,965.0,41.39,1.35,1.98,81133.0,2100.0,81.12,2.1,1.57,1483.0,260.0,1.83,0.32,10.63,99392.0,1290.0,99.38,1.29,0.79,9184.0,706.0,9.24,0.71,4.67,18819.0,1010.0,18.82,1.01,3.26,650.0,199.0,3.45,1.06,18.68,70239.0,1300.0,70.23,1.3,1.13,5139.0,541.0,7.32,0.77,6.39,10306.0,530.0,10.3,0.53,3.13,3380.0,316.0,32.8,3.07,5.69,98728.0,2090.0,98.72,2.09,1.29,87642.0,869.0,88.77,0.88,0.6,10399.0,839.0,10.53,0.85,4.91,683.0,217.0,0.69,0.22,19.38,100011.0,,100,,,69573.0,1240.0,69.57,1.24,1.08,66625.0,1230.0,66.62,1.23,1.12,2928.0,400.0,2.93,0.4,8.3,30438.0,1200.0,30.43,1.2,2.4,17442.0,685.0,57.3,2.25,2.39,12995.0,685.0,42.69,2.25,3.2,2262.0,320.0,7.43,1.05,8.59,3289.0,478.0,10.81,1.57,8.83,1190.0,310.0,3.91,1.02,15.86,128.0,143.0,0.42,0.47,68.03,23188.0,609.0,76.18,2.0,1.6,376.0,180.0,1.24,0.59,28.92,93615.0,2330.0,93.61,2.33,1.51,73195.0,1142.0,78.19,1.22,0.95,6998.0,683.0,7.48,0.73,5.93,9396.0,871.0,10.04,0.93,5.63,83532.0,2130.0,83.52,2.13,1.55,56087.0,969.0,67.14,1.16,1.05,51348.0,1002.0,61.47,1.2,1.19,4697.0,493.0,5.62,0.59,6.38,41.0,150.0,0.05,0.18,218.84,27445.0,969.0,32.86,1.16,2.15,,,8.37,0.87,6.38,50207.0,880.0,50.2,0.88,1.07,5571.0,532.0,11.1,1.06,5.81,1179.0,276.0,2.35,0.55,14.23,35948.0,718.0,71.6,1.43,1.21,3029.0,387.0,6.03,0.77,7.76,2399.0,326.0,4.78,0.65,8.27,51348.0,930.0,51.34,0.93,1.1,24.0,144.0,0.05,0.28,340.43,1675.0,293.0,3.26,0.57,10.63,1016.0,236.0,1.98,0.46,14.12,705.0,190.0,1.37,0.37,16.42,3940.0,395.0,7.67,0.77,6.1,2796.0,375.0,5.45,0.73,8.14,3591.0,395.0,6.99,0.77,6.7,3569.0,421.0,6.95,0.82,7.17,8399.0,585.0,16.36,1.14,4.24,15166.0,739.0,29.54,1.44,2.96,4929.0,478.0,9.6,0.93,5.89,3552.0,426.0,6.92,0.83,7.29,1979.0,288.0,3.85,0.56,8.84,6075.0,526.0,12.81,1.11,5.27,3031.0,394.0,6.39,0.83,7.9,4976.0,507.0,10.49,1.07,6.2,4172.0,455.0,8.8,0.96,6.63,5240.0,498.0,11.05,1.05,5.78,7409.0,550.0,15.63,1.16,4.51,4980.0,493.0,10.5,1.04,6.02,6262.0,526.0,13.21,1.11,5.11,2373.0,332.0,5.0,0.7,8.51,2897.0,351.0,6.11,0.74,7.36,37366.0,588.0,78.81,1.24,0.96,8919.0,531.0,18.81,1.12,3.62,4124.0,384.0,8.7,0.81,5.66,3330.0,370.0,7.02,0.78,6.75,2545.0,351.0,5.37,0.74,8.38,10684.0,621.0,22.53,1.31,3.53,87128.0,904.0,87.66,0.91,0.63,58178.0,1461.0,58.53,1.47,1.53,37914.0,1372.0,38.15,1.38,2.2,12264.0,904.0,12.34,0.91,4.48,45881.0,960.0,45.88,0.96,1.27,54129.0,960.0,54.12,0.96,1.08,6396.0,540.0,6.4,0.54,5.13,4842.0,450.0,4.84,0.45,5.65,4378.0,420.0,4.38,0.42,5.83,5023.0,490.0,5.02,0.49,5.93,7857.0,630.0,7.86,0.63,4.87,22986.0,1010.0,22.98,1.01,2.67,15552.0,810.0,15.55,0.81,3.17,11931.0,750.0,11.93,0.75,3.82,5661.0,520.0,5.66,0.52,5.58,4621.0,460.0,4.62,0.46,6.05,6197.0,480.0,6.2,0.48,4.71,2963.0,350.0,2.96,0.35,7.19,1585.0,260.0,1.58,0.26,10.0,81171.0,840.0,81.16,0.84,0.63,10752.0,610.0,10.75,0.61,3.45,25782.0,1100.0,25.78,1.1,2.59,59876.0,1370.0,59.87,1.37,1.39,270.0,200.0,0.27,0.2,45.03,4203.0,620.0,4.2,0.62,8.97,0.0,,0.0,,,6272.0,810.0,6.27,0.81,7.85,3627.0,570.0,3.63,0.57,9.55,12328.0,1020.0,12.33,1.02,5.03,87683.0,1020.0,87.67,1.02,0.71,23682.0,1080.0,23.68,1.08,2.77,56394.0,1350.0,56.39,1.35,1.46,194.0,190.0,0.19,0.19,60.79,4119.0,610.0,4.12,0.61,9.0,0.0,,0.0,,,596.0,270.0,0.6,0.27,27.36,2704.0,480.0,2.7,0.48,10.81
36,309,309,38953.0,,100,,,11921.0,541.0,30.6,1.39,2.76,27035.0,1226.0,26.46,1.2,2.76,1748.0,284.0,6.47,1.05,9.87,1460.0,257.0,5.4,0.95,10.69,9511.0,573.0,35.18,2.12,3.66,5047.0,454.0,18.67,1.68,5.47,9263.0,576.0,34.26,2.13,3.78,68482.0,1594.0,67.03,1.56,1.41,4434.0,555.0,6.47,0.81,7.61,6481.0,582.0,9.46,0.85,5.46,18935.0,925.0,27.65,1.35,2.97,20397.0,918.0,29.78,1.34,2.74,78944.0,1829.0,77.27,1.79,1.41,1633.0,292.0,2.07,0.37,10.87,101469.0,409.0,99.32,0.4,0.25,8145.0,639.0,8.03,0.63,4.77,23148.0,1185.0,22.66,1.16,3.11,579.0,194.0,2.5,0.84,20.43,65766.0,1277.0,64.38,1.25,1.18,4009.0,454.0,6.1,0.69,6.88,12546.0,582.0,12.28,0.57,2.82,3547.0,332.0,28.27,2.65,5.7,100494.0,1951.0,98.37,1.91,1.18,91552.0,814.0,91.1,0.81,0.54,8084.0,774.0,8.04,0.77,5.82,859.0,281.0,0.85,0.28,20.03,102160.0,,100,,,61395.0,1389.0,60.1,1.36,1.38,58889.0,1369.0,57.64,1.34,1.41,2508.0,398.0,2.45,0.39,9.68,40765.0,1328.0,39.9,1.3,1.98,24742.0,885.0,60.69,2.17,2.17,16023.0,885.0,39.31,2.17,3.36,2800.0,387.0,6.87,0.95,8.41,2633.0,408.0,6.46,1.0,9.41,1842.0,448.0,4.52,1.1,14.79,58.0,130.0,0.14,0.32,138.95,33115.0,701.0,81.23,1.72,1.29,321.0,143.0,0.79,0.35,26.93,94847.0,2156.0,92.84,2.11,1.38,65438.0,1679.0,68.99,1.77,1.56,10855.0,977.0,11.44,1.03,5.47,7840.0,901.0,8.27,0.95,6.98,81399.0,1931.0,79.68,1.89,1.44,52843.0,969.0,64.92,1.19,1.11,46887.0,977.0,57.6,1.2,1.27,5934.0,578.0,7.29,0.71,5.92,17.0,138.0,0.02,0.17,516.72,28556.0,969.0,35.08,1.19,2.06,,,11.23,1.07,5.92,45837.0,858.0,44.87,0.84,1.14,6169.0,545.0,13.46,1.19,5.37,1327.0,293.0,2.9,0.64,13.42,31416.0,733.0,68.54,1.6,1.42,4071.0,422.0,8.88,0.92,6.3,1978.0,321.0,4.32,0.7,9.85,46874.0,919.0,45.88,0.9,1.19,0.0,,0.0,,,1603.0,291.0,3.42,0.62,11.02,1313.0,267.0,2.8,0.57,12.38,763.0,197.0,1.63,0.42,15.66,4129.0,478.0,8.81,1.02,7.04,3008.0,412.0,6.42,0.88,8.33,2013.0,300.0,4.29,0.64,9.07,3202.0,408.0,6.83,0.87,7.74,5215.0,511.0,11.13,1.09,5.95,16422.0,736.0,35.03,1.57,2.72,4104.0,431.0,8.76,0.92,6.38,2832.0,352.0,6.04,0.75,7.55,2274.0,389.0,4.85,0.83,10.4,3825.0,390.0,9.82,1.0,6.19,2718.0,327.0,6.98,0.84,7.32,4565.0,432.0,11.72,1.11,5.76,4384.0,432.0,11.25,1.11,6.0,5559.0,487.0,14.27,1.25,5.33,7142.0,541.0,18.33,1.39,4.61,4441.0,452.0,11.4,1.16,6.19,3838.0,386.0,9.85,0.99,6.11,1336.0,257.0,3.43,0.66,11.7,1141.0,218.0,2.93,0.56,11.62,31381.0,479.0,80.56,1.23,0.93,9892.0,514.0,25.39,1.32,3.16,4533.0,378.0,11.64,0.97,5.07,2771.0,331.0,7.11,0.85,7.27,1761.0,269.0,4.52,0.69,9.28,8386.0,538.0,21.53,1.38,3.9,89306.0,944.0,88.01,0.93,0.64,53720.0,1816.0,52.94,1.79,2.06,43670.0,1695.0,43.04,1.67,2.36,12163.0,944.0,11.99,0.93,4.72,46389.0,1001.0,45.41,0.98,1.31,55771.0,1001.0,54.59,0.98,1.09,7313.0,593.0,7.16,0.58,4.92,6021.0,511.0,5.89,0.5,5.16,6166.0,552.0,6.04,0.54,5.43,5843.0,511.0,5.72,0.5,5.31,8345.0,684.0,8.17,0.67,4.99,18835.0,971.0,18.44,0.95,3.13,12966.0,736.0,12.69,0.72,3.45,12019.0,746.0,11.76,0.73,3.77,6158.0,582.0,6.03,0.57,5.75,5673.0,521.0,5.55,0.51,5.59,7325.0,552.0,7.17,0.54,4.58,3796.0,388.0,3.72,0.38,6.21,1702.0,276.0,1.67,0.27,9.83,78963.0,960.0,77.29,0.94,0.74,12818.0,664.0,12.55,0.65,3.15,24942.0,1267.0,24.41,1.24,3.09,68232.0,1471.0,66.79,1.44,1.31,201.0,235.0,0.2,0.23,69.91,1998.0,419.0,1.96,0.41,12.72,84.0,184.0,0.08,0.18,136.78,4428.0,909.0,4.33,0.89,12.49,2265.0,511.0,2.22,0.5,13.69,9922.0,1032.0,9.71,1.01,6.32,92238.0,1032.0,90.29,1.01,0.68,22789.0,1154.0,22.31,1.13,3.08,64826.0,1502.0,63.46,1.47,1.41,187.0,235.0,0.18,0.23,77.68,1956.0,419.0,1.91,0.41,13.05,84.0,184.0,0.08,0.18,136.78,636.0,378.0,0.62,0.37,36.28,1733.0,439.0,1.7,0.43,15.38
37,310,310,53323.0,,100,,,15716.0,565.0,29.47,1.06,2.19,29379.0,1004.0,22.82,0.78,2.08,2149.0,261.0,7.31,0.89,7.4,1633.0,226.0,5.56,0.77,8.42,10845.0,499.0,36.91,1.7,2.8,5474.0,388.0,18.63,1.32,4.31,9278.0,511.0,31.58,1.74,3.35,92771.0,1957.0,72.06,1.52,1.28,9290.0,622.0,10.01,0.67,4.07,8639.0,649.0,9.31,0.7,4.57,20788.0,816.0,22.41,0.88,2.39,36096.0,918.0,38.91,0.99,1.55,102448.0,2124.0,79.58,1.65,1.26,3377.0,307.0,3.3,0.3,5.53,128376.0,554.0,99.72,0.43,0.26,12852.0,680.0,10.01,0.53,3.22,26146.0,1030.0,20.31,0.8,2.39,650.0,188.0,2.49,0.72,17.58,82753.0,1159.0,64.28,0.9,0.85,5185.0,430.0,6.27,0.52,5.04,19479.0,644.0,15.13,0.5,2.01,6999.0,378.0,35.93,1.94,3.28,127050.0,2240.0,98.69,1.74,1.07,114678.0,1016.0,90.26,0.8,0.54,10923.0,953.0,8.6,0.75,5.3,1460.0,394.0,1.15,0.31,16.39,128737.0,,100,,,77714.0,1223.0,60.37,0.95,0.96,74094.0,1236.0,57.55,0.96,1.01,3649.0,412.0,2.83,0.32,6.87,51023.0,1339.0,39.63,1.04,1.6,29274.0,913.0,57.37,1.79,1.9,21749.0,913.0,42.63,1.79,2.55,12771.0,735.0,25.03,1.44,3.5,26908.0,903.0,52.74,1.77,2.04,3893.0,571.0,7.63,1.12,8.92,114.0,189.0,0.22,0.37,102.24,7024.0,740.0,13.77,1.45,6.4,307.0,194.0,0.6,0.38,38.5,120408.0,2446.0,93.53,1.9,1.23,51692.0,1433.0,42.93,1.19,1.69,34257.0,1144.0,28.45,0.95,2.03,13485.0,1108.0,11.2,0.92,4.99,105335.0,2266.0,81.82,1.76,1.31,66465.0,937.0,63.1,0.89,0.86,61136.0,937.0,58.04,0.89,0.93,5201.0,432.0,4.94,0.41,5.05,127.0,200.0,0.12,0.19,96.25,38870.0,937.0,36.9,0.89,1.47,,,7.83,0.64,5.05,59586.0,850.0,46.29,0.66,0.87,14843.0,638.0,24.91,1.07,2.61,3840.0,393.0,6.44,0.66,6.23,32532.0,792.0,54.6,1.33,1.48,5539.0,506.0,9.3,0.85,5.56,1975.0,280.0,3.31,0.47,8.63,61138.0,863.0,47.49,0.67,0.86,33.0,190.0,0.05,0.31,376.9,3377.0,342.0,5.52,0.56,6.17,2806.0,330.0,4.59,0.54,7.15,1387.0,220.0,2.27,0.36,9.64,5919.0,477.0,9.68,0.78,4.9,3395.0,330.0,5.55,0.54,5.91,1852.0,238.0,3.03,0.39,7.82,6589.0,440.0,10.78,0.72,4.06,7077.0,465.0,11.58,0.76,3.99,15201.0,654.0,24.86,1.07,2.62,7167.0,569.0,11.72,0.93,4.82,3416.0,379.0,5.59,0.62,6.74,2929.0,306.0,4.79,0.5,6.35,3732.0,373.0,7.0,0.7,6.08,2640.0,304.0,4.95,0.57,7.0,5644.0,443.0,10.58,0.83,4.77,4746.0,405.0,8.9,0.76,5.19,5684.0,437.0,10.66,0.82,4.68,9106.0,523.0,17.08,0.98,3.49,6312.0,432.0,11.84,0.81,4.16,7716.0,469.0,14.47,0.88,3.7,3672.0,320.0,6.89,0.6,5.29,4076.0,336.0,7.64,0.63,5.01,42075.0,533.0,78.91,1.0,0.77,14619.0,533.0,27.42,1.0,2.22,7770.0,432.0,14.57,0.81,3.38,2937.0,309.0,5.51,0.58,6.4,1839.0,293.0,3.45,0.55,9.69,7720.0,491.0,14.48,0.92,3.86,116473.0,911.0,90.73,0.71,0.48,75073.0,1579.0,58.48,1.23,1.28,53050.0,1515.0,41.32,1.18,1.74,11903.0,911.0,9.27,0.71,4.66,61901.0,811.0,48.08,0.63,0.8,66836.0,811.0,51.92,0.63,0.74,8329.0,579.0,6.47,0.45,4.23,7557.0,476.0,5.87,0.37,3.83,6327.0,451.0,4.91,0.35,4.33,6415.0,502.0,4.98,0.39,4.76,7330.0,515.0,5.69,0.4,4.27,20916.0,914.0,16.25,0.71,2.66,18157.0,734.0,14.1,0.57,2.46,18333.0,747.0,14.24,0.58,2.48,8208.0,489.0,6.38,0.38,3.62,7533.0,502.0,5.85,0.39,4.05,10680.0,579.0,8.3,0.45,3.3,6018.0,451.0,4.67,0.35,4.56,2926.0,296.0,2.27,0.23,6.16,102579.0,850.0,79.68,0.66,0.5,19631.0,760.0,15.25,0.59,2.35,82122.0,1609.0,63.79,1.25,1.19,2242.0,425.0,1.74,0.33,11.53,515.0,296.0,0.4,0.23,34.95,31690.0,1300.0,24.62,1.01,2.49,26.0,206.0,0.02,0.16,486.32,9044.0,1197.0,7.03,0.93,8.04,3084.0,579.0,2.4,0.45,11.4,20446.0,1429.0,15.88,1.11,4.25,108291.0,1429.0,84.12,1.11,0.8,72528.0,1596.0,56.34,1.24,1.34,1910.0,412.0,1.48,0.32,13.14,281.0,245.0,0.22,0.19,52.5,31577.0,1300.0,24.53,1.01,2.5,26.0,206.0,0.02,0.16,486.32,230.0,219.0,0.18,0.17,57.41,1740.0,373.0,1.35,0.29,13.06
38,311,311,66181.0,,100,,,23048.0,688.0,34.83,1.04,1.82,43667.0,1288.0,23.05,0.68,1.79,2706.0,345.0,6.2,0.79,7.75,2334.0,293.0,5.35,0.67,7.61,15611.0,607.0,35.75,1.39,2.36,9207.0,515.0,21.08,1.18,3.4,13814.0,651.0,31.64,1.49,2.86,134933.0,2369.0,71.21,1.25,1.07,21035.0,931.0,15.59,0.69,2.69,14243.0,823.0,10.56,0.61,3.51,37165.0,1174.0,27.54,0.87,1.92,39069.0,1120.0,28.95,0.83,1.74,150039.0,2691.0,79.18,1.42,1.09,2805.0,285.0,1.87,0.19,6.18,189152.0,568.0,99.82,0.3,0.18,20268.0,908.0,10.72,0.48,2.72,39391.0,1288.0,20.79,0.68,1.99,816.0,252.0,2.07,0.64,18.8,122001.0,1326.0,64.39,0.7,0.66,7735.0,549.0,6.34,0.45,4.31,27759.0,796.0,14.65,0.42,1.74,11731.0,491.0,42.26,1.77,2.55,187283.0,2861.0,98.84,1.51,0.93,169664.0,1367.0,90.59,0.73,0.49,15213.0,1274.0,8.12,0.68,5.09,2389.0,468.0,1.28,0.25,11.87,189485.0,,100,,,84567.0,1611.0,44.63,0.85,1.16,80834.0,1592.0,42.66,0.84,1.2,3720.0,493.0,1.96,0.26,8.06,104918.0,1686.0,55.37,0.89,0.98,60625.0,1395.0,57.78,1.33,1.4,44293.0,1395.0,42.22,1.33,1.91,30256.0,1290.0,28.84,1.23,2.59,59226.0,1490.0,56.45,1.42,1.53,2476.0,483.0,2.36,0.46,11.85,21.0,220.0,0.02,0.21,638.3,12758.0,1175.0,12.16,1.12,5.6,176.0,199.0,0.17,0.19,67.94,176549.0,3089.0,93.17,1.63,1.06,46677.0,1642.0,26.44,0.93,2.14,83324.0,1695.0,47.2,0.96,1.24,19534.0,1624.0,11.06,0.92,5.06,154401.0,2729.0,81.48,1.44,1.07,94011.0,1143.0,60.89,0.74,0.74,86021.0,1158.0,55.71,0.75,0.82,7936.0,556.0,5.14,0.36,4.26,52.0,216.0,0.03,0.14,283.69,60390.0,1143.0,39.11,0.74,1.15,,,8.44,0.58,4.26,83556.0,1194.0,44.1,0.63,0.87,17758.0,752.0,21.25,0.9,2.57,5588.0,535.0,6.69,0.64,5.82,50458.0,994.0,60.39,1.19,1.2,6228.0,493.0,7.45,0.59,4.81,2034.0,309.0,2.43,0.37,9.26,86029.0,1194.0,45.4,0.63,0.84,144.0,198.0,0.17,0.23,82.25,6823.0,594.0,7.93,0.69,5.29,5414.0,482.0,6.29,0.56,5.41,2666.0,318.0,3.1,0.37,7.26,9089.0,594.0,10.56,0.69,3.97,6223.0,499.0,7.23,0.58,4.88,1933.0,293.0,2.25,0.34,9.19,7127.0,516.0,8.28,0.6,4.41,8575.0,559.0,9.97,0.65,3.96,21782.0,800.0,25.32,0.93,2.23,9260.0,637.0,10.76,0.74,4.18,4502.0,430.0,5.23,0.5,5.81,2504.0,284.0,2.91,0.33,6.89,5792.0,424.0,8.75,0.64,4.45,3945.0,364.0,5.96,0.55,5.61,7634.0,510.0,11.54,0.77,4.06,6645.0,483.0,10.04,0.73,4.42,8323.0,529.0,12.58,0.8,3.87,11583.0,629.0,17.5,0.95,3.3,7578.0,503.0,11.45,0.76,4.03,8217.0,496.0,12.42,0.75,3.67,3656.0,357.0,5.52,0.54,5.95,2813.0,298.0,4.25,0.45,6.44,52030.0,582.0,78.62,0.88,0.68,18244.0,615.0,27.57,0.93,2.05,7355.0,424.0,11.11,0.64,3.5,6859.0,450.0,10.36,0.68,3.99,2382.0,278.0,3.6,0.42,7.09,15085.0,649.0,22.79,0.98,2.61,167235.0,1229.0,88.41,0.65,0.45,88287.0,2043.0,46.68,1.08,1.41,90674.0,1967.0,47.94,1.04,1.32,21917.0,1229.0,11.59,0.65,3.41,92843.0,1042.0,49.0,0.55,0.68,96641.0,1042.0,51.0,0.55,0.66,12935.0,777.0,6.83,0.41,3.65,10602.0,644.0,5.6,0.34,3.69,9409.0,550.0,4.97,0.29,3.55,9875.0,568.0,5.21,0.3,3.5,11756.0,701.0,6.2,0.37,3.63,30937.0,1251.0,16.33,0.66,2.46,26515.0,985.0,13.99,0.52,2.26,25958.0,947.0,13.7,0.5,2.22,12598.0,701.0,6.65,0.37,3.38,10935.0,625.0,5.77,0.33,3.48,14396.0,720.0,7.6,0.38,3.04,8867.0,550.0,4.68,0.29,3.77,4732.0,417.0,2.5,0.22,5.35,150093.0,1118.0,79.21,0.59,0.45,28004.0,966.0,14.78,0.51,2.1,95625.0,2217.0,50.47,1.17,1.41,2162.0,455.0,1.14,0.24,12.8,394.0,284.0,0.21,0.15,43.42,74011.0,2141.0,39.06,1.13,1.76,34.0,227.0,0.02,0.12,364.74,14840.0,1686.0,7.83,0.89,6.91,2418.0,531.0,1.28,0.28,13.3,27160.0,1914.0,14.33,1.01,4.28,162325.0,1914.0,85.67,1.01,0.72,84215.0,2122.0,44.44,1.12,1.53,1749.0,417.0,0.92,0.22,14.54,127.0,227.0,0.07,0.12,104.21,73596.0,2141.0,38.84,1.13,1.77,27.0,227.0,0.01,0.12,729.48,736.0,360.0,0.39,0.19,29.62,1850.0,474.0,0.98,0.25,15.51
39,312,312,60257.0,,100,,,26250.0,669.0,43.56,1.11,1.55,62455.0,1669.0,32.55,0.87,1.62,4673.0,400.0,7.48,0.64,5.2,5172.0,381.0,8.28,0.61,4.48,27511.0,681.0,44.05,1.09,1.5,12712.0,618.0,20.35,0.99,2.96,12374.0,606.0,19.81,0.97,2.98,107710.0,2187.0,56.14,1.14,1.23,14282.0,786.0,13.26,0.73,3.35,14191.0,732.0,13.18,0.68,3.14,31726.0,980.0,29.45,0.91,1.88,28730.0,937.0,26.67,0.87,1.98,125879.0,2667.0,65.6,1.39,1.29,1278.0,176.0,1.02,0.14,8.34,191485.0,326.0,99.8,0.17,0.1,17217.0,862.0,8.99,0.45,3.04,65953.0,1804.0,34.37,0.94,1.66,1156.0,204.0,1.75,0.31,10.77,105383.0,1401.0,54.92,0.73,0.81,6776.0,537.0,6.43,0.51,4.82,20133.0,672.0,10.49,0.35,2.03,9272.0,399.0,46.05,1.98,2.61,187571.0,2897.0,97.76,1.51,0.94,174903.0,1182.0,93.25,0.63,0.41,11070.0,1125.0,5.9,0.6,6.18,1596.0,356.0,0.85,0.19,13.59,191876.0,,100,,,126588.0,1669.0,65.97,0.87,0.8,121075.0,1689.0,63.1,0.88,0.85,5499.0,672.0,2.87,0.35,7.41,65288.0,1497.0,34.03,0.78,1.39,34221.0,1018.0,52.42,1.56,1.81,31067.0,1018.0,47.58,1.56,1.99,16928.0,849.0,25.93,1.3,3.05,32809.0,999.0,50.25,1.53,1.85,1164.0,300.0,1.78,0.46,15.71,69.0,196.0,0.11,0.3,165.79,13639.0,966.0,20.89,1.48,4.31,670.0,215.0,1.03,0.33,19.48,169965.0,3089.0,88.58,1.61,1.1,54412.0,1836.0,32.01,1.08,2.05,60755.0,1717.0,35.75,1.01,1.72,20310.0,1513.0,11.95,0.89,4.53,131817.0,2629.0,68.7,1.37,1.21,78547.0,1028.0,59.59,0.78,0.8,73587.0,1028.0,55.82,0.78,0.85,4946.0,422.0,3.75,0.32,5.19,12.0,198.0,0.01,0.15,911.85,53270.0,1028.0,40.41,0.78,1.17,,,6.3,0.53,5.19,71577.0,1132.0,37.3,0.59,0.96,13906.0,637.0,19.43,0.89,2.78,5173.0,437.0,7.23,0.61,5.13,33616.0,866.0,46.96,1.21,1.57,13846.0,659.0,19.34,0.92,2.89,3065.0,387.0,4.28,0.54,7.67,73583.0,1132.0,38.35,0.59,0.94,125.0,199.0,0.17,0.27,96.55,4894.0,493.0,6.65,0.67,6.12,3519.0,383.0,4.78,0.52,6.61,3424.0,368.0,4.65,0.5,6.54,8117.0,552.0,11.03,0.75,4.13,3384.0,368.0,4.6,0.5,6.61,1619.0,250.0,2.2,0.34,9.39,4890.0,412.0,6.65,0.56,5.12,6801.0,471.0,9.24,0.64,4.21,21593.0,795.0,29.35,1.08,2.24,9030.0,611.0,12.27,0.83,4.11,4632.0,434.0,6.29,0.59,5.7,1560.0,213.0,2.12,0.29,8.32,5197.0,410.0,8.62,0.68,4.8,4828.0,416.0,8.01,0.69,5.24,9249.0,554.0,15.35,0.92,3.64,7191.0,494.0,11.93,0.82,4.18,7492.0,488.0,12.43,0.81,3.96,8946.0,542.0,14.85,0.9,3.68,5884.0,434.0,9.76,0.72,4.48,6489.0,440.0,10.77,0.73,4.12,2601.0,289.0,4.32,0.48,6.75,2377.0,247.0,3.94,0.41,6.33,49170.0,518.0,81.6,0.86,0.64,13830.0,554.0,22.95,0.92,2.44,4970.0,349.0,8.25,0.58,4.27,4550.0,362.0,7.55,0.6,4.83,2386.0,295.0,3.96,0.49,7.52,17422.0,627.0,28.91,1.04,2.19,173294.0,1264.0,90.5,0.66,0.44,73236.0,2221.0,38.25,1.16,1.84,112956.0,2164.0,58.99,1.13,1.16,18191.0,1264.0,9.5,0.66,4.22,96566.0,998.0,50.33,0.52,0.63,95310.0,998.0,49.67,0.52,0.64,21911.0,883.0,11.42,0.46,2.45,18489.0,729.0,9.64,0.38,2.4,16514.0,729.0,8.61,0.38,2.68,13723.0,691.0,7.15,0.36,3.06,13550.0,748.0,7.06,0.39,3.36,28750.0,1113.0,14.98,0.58,2.35,22863.0,883.0,11.92,0.46,2.35,17424.0,787.0,9.08,0.41,2.74,8961.0,595.0,4.67,0.31,4.04,9356.0,614.0,4.88,0.32,3.99,10757.0,614.0,5.61,0.32,3.47,5708.0,461.0,2.97,0.24,4.91,3905.0,365.0,2.04,0.19,5.66,125891.0,1343.0,65.61,0.7,0.65,20340.0,844.0,10.6,0.44,2.52,130841.0,1938.0,68.19,1.01,0.9,4870.0,729.0,2.54,0.38,9.09,723.0,422.0,0.38,0.22,35.19,36234.0,1477.0,18.88,0.77,2.48,14.0,211.0,0.01,0.11,668.69,15518.0,1554.0,8.09,0.81,6.09,3661.0,652.0,1.91,0.34,10.82,24937.0,1727.0,13.0,0.9,4.21,166938.0,1727.0,87.0,0.9,0.63,122684.0,1976.0,63.94,1.03,0.98,4469.0,691.0,2.33,0.36,9.39,482.0,384.0,0.25,0.2,48.63,36064.0,1477.0,18.8,0.77,2.49,7.0,211.0,0.0,0.11,,484.0,288.0,0.25,0.15,36.47,2727.0,576.0,1.42,0.3,12.84
40,313,313,46069.0,,100,,,12137.0,631.0,26.35,1.37,3.16,21809.0,1114.0,21.94,1.12,3.11,1481.0,312.0,6.79,1.43,12.8,1320.0,279.0,6.05,1.28,12.86,7829.0,556.0,35.9,2.55,4.32,4655.0,460.0,21.34,2.11,6.01,6518.0,493.0,29.89,2.26,4.6,72601.0,1879.0,73.02,1.89,1.57,6635.0,581.0,9.14,0.8,5.32,6237.0,595.0,8.59,0.82,5.8,18517.0,1016.0,25.51,1.4,3.34,25804.0,973.0,35.54,1.34,2.29,80416.0,2098.0,80.88,2.11,1.59,1949.0,289.0,2.42,0.36,9.04,98526.0,1203.0,99.1,1.21,0.74,19541.0,975.0,19.83,0.99,3.03,18953.0,1044.0,19.06,1.05,3.35,494.0,197.0,2.61,1.04,24.22,57608.0,1223.0,57.94,1.23,1.29,6424.0,576.0,11.15,1.0,5.45,21951.0,626.0,22.08,0.63,1.73,12607.0,500.0,57.43,2.28,2.41,98516.0,2217.0,99.09,2.23,1.37,90983.0,1015.0,92.35,1.03,0.68,6434.0,887.0,6.53,0.9,8.38,1106.0,404.0,1.12,0.41,22.25,99422.0,,100,,,47259.0,1312.0,47.53,1.32,1.69,44107.0,1312.0,44.36,1.32,1.81,3160.0,507.0,3.18,0.51,9.75,52163.0,1292.0,52.47,1.3,1.51,37751.0,944.0,72.37,1.81,1.52,14413.0,944.0,27.63,1.81,3.98,30236.0,965.0,57.96,1.85,1.94,15925.0,1012.0,30.53,1.94,3.86,558.0,224.0,1.07,0.43,24.43,2.0,151.0,0.0,0.29,,5418.0,621.0,10.39,1.19,6.96,23.0,146.0,0.04,0.28,425.53,93869.0,2446.0,94.41,2.46,1.58,29968.0,1483.0,31.93,1.58,3.01,40482.0,1370.0,43.13,1.46,2.06,10609.0,1089.0,11.3,1.16,6.24,82701.0,2187.0,83.18,2.2,1.61,43901.0,976.0,53.08,1.18,1.35,38837.0,968.0,46.96,1.17,1.51,5008.0,587.0,6.06,0.71,7.12,45.0,149.0,0.05,0.18,218.84,38800.0,976.0,46.92,1.18,1.53,,,11.41,1.31,7.13,37781.0,1004.0,38.0,1.01,1.62,9336.0,586.0,24.71,1.55,3.81,2008.0,336.0,5.31,0.89,10.19,20813.0,722.0,55.09,1.91,2.11,3853.0,465.0,10.2,1.23,7.33,1135.0,325.0,3.0,0.86,17.43,38845.0,994.0,39.07,1.0,1.56,71.0,140.0,0.18,0.36,121.58,2276.0,377.0,5.86,0.97,10.06,1572.0,256.0,4.05,0.66,9.91,1043.0,241.0,2.69,0.62,14.01,3432.0,423.0,8.84,1.09,7.5,3367.0,420.0,8.67,1.08,7.57,495.0,167.0,1.27,0.43,20.58,3264.0,369.0,8.4,0.95,6.88,3964.0,435.0,10.2,1.12,6.68,12866.0,680.0,33.12,1.75,3.21,3024.0,420.0,7.78,1.08,8.44,2244.0,350.0,5.78,0.9,9.47,1222.0,241.0,3.15,0.62,11.97,8404.0,585.0,18.24,1.27,4.23,4863.0,475.0,10.56,1.03,5.93,5891.0,553.0,12.79,1.2,5.7,4087.0,456.0,8.87,0.99,6.78,4951.0,507.0,10.75,1.1,6.22,6656.0,580.0,14.45,1.26,5.3,3677.0,410.0,7.98,0.89,6.78,4231.0,424.0,9.18,0.92,6.09,1841.0,313.0,4.0,0.68,10.33,1487.0,253.0,3.23,0.55,10.35,28981.0,663.0,62.91,1.44,1.39,14208.0,659.0,30.84,1.43,2.82,5473.0,465.0,11.88,1.01,5.17,10010.0,613.0,21.73,1.33,3.72,2087.0,313.0,4.53,0.68,9.13,17115.0,700.0,37.15,1.52,2.49,89246.0,906.0,90.58,0.92,0.62,46002.0,1645.0,46.69,1.67,2.17,51605.0,1626.0,52.38,1.65,1.91,9281.0,906.0,9.42,0.92,5.94,45453.0,945.0,45.72,0.95,1.26,53969.0,945.0,54.28,0.95,1.06,5553.0,587.0,5.59,0.59,6.42,5427.0,487.0,5.46,0.49,5.46,4866.0,487.0,4.89,0.49,6.09,5114.0,467.0,5.14,0.47,5.56,5843.0,517.0,5.88,0.52,5.38,12287.0,785.0,12.36,0.79,3.89,11669.0,756.0,11.74,0.76,3.94,12394.0,775.0,12.47,0.78,3.8,6549.0,597.0,6.59,0.6,5.53,6994.0,567.0,7.03,0.57,4.93,10284.0,646.0,10.34,0.65,3.82,8759.0,646.0,8.81,0.65,4.49,3641.0,368.0,3.66,0.37,6.15,80457.0,875.0,80.92,0.88,0.66,22703.0,925.0,22.83,0.93,2.48,63628.0,1501.0,64.0,1.51,1.43,12637.0,1104.0,12.71,1.11,5.31,317.0,229.0,0.32,0.23,43.69,13290.0,1123.0,13.37,1.13,5.14,26.0,149.0,0.03,0.15,303.95,6882.0,1153.0,6.92,1.16,10.19,2656.0,736.0,2.67,0.74,16.85,15113.0,1362.0,15.2,1.37,5.48,84309.0,1362.0,84.8,1.37,0.98,57031.0,1362.0,57.36,1.37,1.45,11602.0,1064.0,11.67,1.07,5.57,302.0,229.0,0.3,0.23,46.61,13254.0,1123.0,13.33,1.13,5.15,8.0,149.0,0.01,0.15,911.85,371.0,418.0,0.37,0.42,69.01,1739.0,557.0,1.75,0.56,19.45
41,314,314,60511.0,,100,,,20748.0,678.0,34.29,1.12,1.99,45808.0,1430.0,27.86,0.87,1.9,2638.0,344.0,5.76,0.75,7.92,2924.0,321.0,6.38,0.7,6.67,17716.0,692.0,38.67,1.51,2.37,8810.0,531.0,19.23,1.16,3.67,13719.0,669.0,29.95,1.46,2.96,106723.0,2187.0,64.91,1.33,1.25,9926.0,715.0,9.3,0.67,4.38,9302.0,672.0,8.72,0.63,4.39,27542.0,1014.0,25.81,0.95,2.24,38170.0,1067.0,35.77,1.0,1.7,122839.0,2532.0,74.71,1.54,1.25,2266.0,307.0,1.84,0.25,8.26,164109.0,510.0,99.81,0.31,0.19,16448.0,837.0,10.02,0.51,3.09,41497.0,1414.0,25.24,0.86,2.07,870.0,216.0,2.1,0.52,15.05,103077.0,1595.0,62.69,0.97,0.94,7519.0,557.0,7.29,0.54,4.5,19537.0,608.0,11.88,0.37,1.89,8052.0,402.0,41.21,2.06,3.04,161800.0,2795.0,98.41,1.7,1.05,149579.0,1036.0,92.45,0.64,0.42,10967.0,987.0,6.78,0.61,5.47,1256.0,324.0,0.78,0.2,15.59,164418.0,,100,,,94554.0,1562.0,57.51,0.95,1.0,90567.0,1562.0,55.08,0.95,1.05,3994.0,477.0,2.43,0.29,7.25,69864.0,1447.0,42.49,0.88,1.26,40545.0,1076.0,58.03,1.54,1.61,29319.0,1076.0,41.97,1.54,2.23,12792.0,727.0,18.31,1.04,3.45,17468.0,880.0,25.0,1.26,3.06,1651.0,398.0,2.36,0.57,14.68,78.0,175.0,0.11,0.25,138.16,37583.0,908.0,53.79,1.3,1.47,302.0,182.0,0.43,0.26,36.76,151623.0,2812.0,92.22,1.71,1.13,77130.0,1910.0,50.87,1.26,1.51,40393.0,1547.0,26.64,1.02,2.33,21122.0,1380.0,13.93,0.91,3.97,127193.0,2565.0,77.36,1.56,1.23,80107.0,1119.0,62.98,0.88,0.85,73039.0,1119.0,57.42,0.88,0.93,7002.0,572.0,5.51,0.45,4.96,64.0,191.0,0.05,0.15,182.37,47086.0,1119.0,37.02,0.88,1.45,,,8.74,0.7,4.97,71138.0,1069.0,43.27,0.65,0.91,14119.0,718.0,19.85,1.01,3.09,3078.0,349.0,4.33,0.49,6.88,43534.0,882.0,61.2,1.24,1.23,5976.0,505.0,8.4,0.71,5.14,2667.0,349.0,3.75,0.49,7.94,73035.0,1233.0,44.42,0.75,1.03,1.0,190.0,0.0,0.26,,3415.0,431.0,4.68,0.59,7.66,2313.0,358.0,3.17,0.49,9.4,1898.0,270.0,2.6,0.37,8.65,7129.0,540.0,9.76,0.74,4.61,5379.0,511.0,7.36,0.7,5.78,2443.0,321.0,3.34,0.44,8.01,5752.0,460.0,7.88,0.63,4.86,8127.0,555.0,11.13,0.76,4.15,24383.0,862.0,33.39,1.18,2.15,6388.0,548.0,8.75,0.75,5.21,3577.0,402.0,4.9,0.55,6.82,2224.0,307.0,3.05,0.42,8.37,6408.0,490.0,10.59,0.81,4.65,3641.0,381.0,6.02,0.63,6.36,6971.0,502.0,11.52,0.83,4.38,6658.0,532.0,11.0,0.88,4.86,7649.0,551.0,12.64,0.91,4.38,10494.0,611.0,17.34,1.01,3.54,6767.0,502.0,11.18,0.83,4.51,6432.0,490.0,10.63,0.81,4.63,2674.0,297.0,4.42,0.49,6.74,2824.0,284.0,4.67,0.47,6.12,48585.0,575.0,80.29,0.95,0.72,13671.0,569.0,22.59,0.94,2.53,6273.0,405.0,10.37,0.67,3.93,5590.0,454.0,9.24,0.75,4.93,2461.0,327.0,4.07,0.54,8.07,15422.0,690.0,25.49,1.14,2.72,144866.0,1198.0,88.27,0.73,0.5,80242.0,1986.0,48.9,1.21,1.5,75100.0,1969.0,45.76,1.2,1.59,19243.0,1198.0,11.73,0.73,3.78,77075.0,1069.0,46.88,0.65,0.84,87344.0,1069.0,53.12,0.65,0.74,12796.0,806.0,7.78,0.49,3.83,11453.0,658.0,6.97,0.4,3.49,10822.0,658.0,6.58,0.4,3.7,10164.0,641.0,6.18,0.39,3.84,12427.0,740.0,7.56,0.45,3.62,26534.0,1102.0,16.14,0.67,2.52,21856.0,921.0,13.29,0.56,2.56,19982.0,871.0,12.15,0.53,2.65,9654.0,608.0,5.87,0.37,3.83,9046.0,608.0,5.5,0.37,4.09,11097.0,608.0,6.75,0.37,3.33,5810.0,444.0,3.53,0.27,4.65,2760.0,296.0,1.68,0.18,6.51,122903.0,1134.0,74.75,0.69,0.56,19663.0,740.0,11.96,0.45,2.29,69498.0,1677.0,42.27,1.02,1.47,57660.0,1529.0,35.07,0.93,1.61,378.0,280.0,0.23,0.17,44.93,16685.0,1266.0,10.15,0.77,4.61,12.0,197.0,0.01,0.12,729.48,15877.0,1710.0,9.66,1.04,6.54,4336.0,707.0,2.64,0.43,9.9,25083.0,1677.0,15.26,1.02,4.06,139336.0,1677.0,84.74,1.02,0.73,63103.0,1546.0,38.38,0.94,1.49,55277.0,1496.0,33.62,0.91,1.65,130.0,197.0,0.08,0.12,91.19,16494.0,1266.0,10.03,0.77,4.67,12.0,197.0,0.01,0.12,729.48,1036.0,395.0,0.63,0.24,23.16,3284.0,625.0,2.0,0.38,11.55
42,315,315,64279.0,,100,,,19867.0,669.0,30.91,1.04,2.05,39031.0,1271.0,23.96,0.78,1.98,2550.0,320.0,6.53,0.82,7.63,2026.0,265.0,5.19,0.68,7.96,15092.0,613.0,38.67,1.57,2.47,7550.0,484.0,19.34,1.24,3.9,11811.0,578.0,30.26,1.48,2.97,114471.0,2151.0,70.26,1.32,1.14,9429.0,618.0,8.24,0.54,3.98,7907.0,618.0,6.91,0.54,4.75,29279.0,1007.0,25.58,0.88,2.09,45085.0,1168.0,39.39,1.02,1.57,127072.0,2281.0,77.99,1.4,1.09,2982.0,280.0,2.35,0.22,5.69,162717.0,945.0,99.87,0.58,0.35,19084.0,846.0,11.73,0.52,2.69,35803.0,1303.0,21.98,0.8,2.21,552.0,175.0,1.54,0.49,19.34,98838.0,1303.0,60.66,0.8,0.8,6614.0,504.0,6.69,0.51,4.63,28065.0,749.0,17.23,0.46,1.62,11931.0,494.0,42.51,1.76,2.52,160652.0,2623.0,98.6,1.61,0.99,146731.0,1189.0,91.33,0.74,0.49,12274.0,1125.0,7.64,0.7,5.57,1662.0,418.0,1.03,0.26,15.35,162926.0,,100,,,83696.0,1499.0,51.37,0.92,1.09,80911.0,1499.0,49.66,0.92,1.13,2784.0,407.0,1.71,0.25,8.89,79230.0,1369.0,48.63,0.84,1.05,55510.0,1141.0,70.06,1.44,1.25,23720.0,1141.0,29.94,1.44,2.92,35998.0,1165.0,45.43,1.47,1.97,34142.0,1212.0,43.09,1.53,2.16,1374.0,269.0,1.73,0.34,11.95,45.0,206.0,0.06,0.26,263.42,7488.0,745.0,9.45,0.94,6.05,187.0,222.0,0.24,0.28,70.92,151413.0,2656.0,92.93,1.63,1.07,61620.0,1711.0,40.7,1.13,1.69,51780.0,1484.0,34.2,0.98,1.74,10261.0,1075.0,6.78,0.71,6.37,130966.0,2509.0,80.38,1.54,1.16,77447.0,1087.0,59.14,0.83,0.85,70961.0,1087.0,54.18,0.83,0.93,6449.0,550.0,4.92,0.42,5.19,43.0,210.0,0.03,0.16,324.21,53519.0,1087.0,40.86,0.83,1.23,,,8.33,0.7,5.18,69349.0,1157.0,42.56,0.71,1.01,19269.0,742.0,27.79,1.07,2.34,4924.0,492.0,7.1,0.71,6.08,34979.0,874.0,50.44,1.26,1.52,5429.0,437.0,7.83,0.63,4.89,3361.0,430.0,4.85,0.62,7.77,70958.0,1092.0,43.55,0.67,0.94,60.0,213.0,0.08,0.3,227.96,4262.0,447.0,6.01,0.63,6.37,2734.0,341.0,3.85,0.48,7.58,3035.0,348.0,4.28,0.49,6.96,7666.0,518.0,10.8,0.73,4.11,4816.0,440.0,6.79,0.62,5.55,1724.0,248.0,2.43,0.35,8.76,6344.0,454.0,8.94,0.64,4.35,7794.0,553.0,10.98,0.78,4.32,21509.0,766.0,30.31,1.08,2.17,5106.0,468.0,7.2,0.66,5.57,3315.0,348.0,4.67,0.49,6.38,2611.0,326.0,3.68,0.46,7.6,5856.0,456.0,9.11,0.71,4.74,4134.0,392.0,6.43,0.61,5.77,7019.0,508.0,10.92,0.79,4.4,6076.0,489.0,9.45,0.76,4.89,7380.0,495.0,11.48,0.77,4.08,10207.0,546.0,15.88,0.85,3.25,7386.0,495.0,11.49,0.77,4.07,9161.0,521.0,14.25,0.81,3.46,3490.0,334.0,5.43,0.52,5.82,3574.0,321.0,5.56,0.5,5.47,48016.0,604.0,74.7,0.94,0.76,18146.0,604.0,28.23,0.94,2.02,8883.0,463.0,13.82,0.72,3.17,5992.0,405.0,9.32,0.63,4.11,1838.0,257.0,2.86,0.4,8.5,12108.0,579.0,18.84,0.9,2.9,149732.0,960.0,92.02,0.59,0.39,94125.0,1936.0,57.85,1.19,1.25,68532.0,1904.0,42.12,1.17,1.69,12985.0,960.0,7.98,0.59,4.49,78707.0,978.0,48.31,0.6,0.76,84219.0,978.0,51.69,0.6,0.71,11513.0,733.0,7.07,0.45,3.87,9612.0,603.0,5.9,0.37,3.81,9024.0,587.0,5.54,0.36,3.95,8635.0,554.0,5.3,0.34,3.9,9631.0,635.0,5.91,0.39,4.01,22625.0,961.0,13.89,0.59,2.58,20431.0,847.0,12.54,0.52,2.52,21305.0,864.0,13.08,0.53,2.46,11371.0,619.0,6.98,0.38,3.31,10570.0,619.0,6.49,0.38,3.56,15269.0,684.0,9.37,0.42,2.72,8007.0,521.0,4.91,0.32,3.96,4885.0,424.0,3.0,0.26,5.27,127118.0,1059.0,78.02,0.65,0.51,28159.0,912.0,17.28,0.56,1.97,118403.0,1808.0,72.67,1.11,0.93,6513.0,733.0,4.0,0.45,6.84,430.0,326.0,0.26,0.2,46.76,27888.0,1466.0,17.12,0.9,3.2,300.0,326.0,0.18,0.2,67.54,6202.0,1108.0,3.81,0.68,10.85,3164.0,668.0,1.94,0.41,12.85,15351.0,1369.0,9.42,0.84,5.42,147575.0,1369.0,90.58,0.84,0.56,110664.0,1792.0,67.92,1.1,0.98,5770.0,717.0,3.54,0.44,7.56,313.0,293.0,0.19,0.18,57.59,27776.0,1466.0,17.05,0.9,3.21,300.0,326.0,0.18,0.2,67.54,229.0,212.0,0.14,0.13,56.45,2508.0,587.0,1.54,0.36,14.21
43,316,316,35342.0,,100,,,13388.0,615.0,37.88,1.74,2.79,25456.0,1317.0,28.21,1.46,3.15,2109.0,305.0,8.28,1.2,8.81,1556.0,285.0,6.11,1.12,11.14,11029.0,568.0,43.33,2.23,3.13,5461.0,504.0,21.45,1.98,5.61,5301.0,489.0,20.82,1.92,5.61,55672.0,1606.0,61.7,1.78,1.75,5937.0,546.0,10.66,0.98,5.59,9216.0,701.0,16.55,1.26,4.63,18983.0,830.0,34.1,1.49,2.66,7834.0,585.0,14.07,1.05,4.54,65085.0,1850.0,72.13,2.05,1.73,1234.0,221.0,1.9,0.34,10.88,90121.0,695.0,99.88,0.77,0.47,11346.0,820.0,12.59,0.91,4.39,25080.0,1444.0,27.8,1.6,3.5,1161.0,314.0,4.63,1.25,16.41,55580.0,1290.0,61.6,1.43,1.41,6386.0,595.0,11.49,1.07,5.66,9476.0,514.0,10.5,0.57,3.3,3808.0,324.0,40.19,3.42,5.17,88657.0,2761.0,98.25,3.06,1.89,80948.0,816.0,91.3,0.92,0.61,7247.0,807.0,8.17,0.91,6.77,464.0,195.0,0.52,0.22,25.72,90232.0,,100,,,65175.0,1218.0,72.23,1.35,1.14,62444.0,1245.0,69.2,1.38,1.21,2741.0,397.0,3.04,0.44,8.8,25057.0,1164.0,27.77,1.29,2.82,13429.0,631.0,53.59,2.52,2.86,11627.0,631.0,46.4,2.52,3.3,140.0,123.0,0.56,0.49,53.19,1277.0,356.0,5.1,1.42,16.93,1880.0,388.0,7.5,1.55,12.56,52.0,130.0,0.21,0.52,150.53,21646.0,524.0,86.39,2.09,1.47,58.0,145.0,0.23,0.58,153.3,82289.0,2445.0,91.2,2.71,1.81,62032.0,1234.0,75.38,1.5,1.21,7746.0,774.0,9.41,0.94,6.07,13877.0,1062.0,16.86,1.29,4.65,67900.0,1976.0,75.25,2.19,1.77,36554.0,991.0,53.84,1.46,1.65,31732.0,964.0,46.73,1.42,1.85,4822.0,550.0,7.1,0.81,6.94,0.0,,0.0,,,31346.0,991.0,46.17,1.46,1.92,,,13.19,1.46,6.93,30962.0,812.0,34.31,0.9,1.59,5347.0,480.0,17.27,1.55,5.46,1008.0,229.0,3.26,0.74,13.8,21784.0,560.0,70.36,1.81,1.56,1754.0,263.0,5.67,0.85,9.11,684.0,189.0,2.21,0.61,16.78,31742.0,803.0,35.18,0.89,1.54,19.0,136.0,0.06,0.43,435.66,1081.0,232.0,3.41,0.73,13.01,816.0,219.0,2.57,0.69,16.32,378.0,146.0,1.19,0.46,23.5,3592.0,409.0,11.32,1.29,6.93,3325.0,409.0,10.47,1.29,7.49,653.0,213.0,2.06,0.67,19.77,1646.0,276.0,5.19,0.87,10.19,2949.0,384.0,9.29,1.21,7.92,10880.0,600.0,34.28,1.89,3.35,2770.0,406.0,8.73,1.28,8.91,1716.0,289.0,5.41,0.91,10.23,1922.0,298.0,6.05,0.94,9.45,8034.0,580.0,22.73,1.64,4.39,3499.0,399.0,9.9,1.13,6.94,4785.0,467.0,13.54,1.32,5.93,3781.0,431.0,10.7,1.22,6.93,4993.0,470.0,14.13,1.33,5.72,4905.0,456.0,13.88,1.29,5.65,2562.0,346.0,7.25,0.98,8.22,1842.0,272.0,5.21,0.77,8.98,536.0,163.0,1.52,0.46,18.4,397.0,145.0,1.12,0.41,22.25,23579.0,622.0,66.72,1.76,1.6,8626.0,534.0,24.41,1.51,3.76,3626.0,371.0,10.26,1.05,6.22,4489.0,435.0,12.7,1.23,5.89,3698.0,435.0,10.46,1.23,7.15,14918.0,640.0,42.21,1.81,2.61,80891.0,874.0,89.76,0.97,0.66,36510.0,1514.0,40.51,1.68,2.52,51618.0,1478.0,57.28,1.64,1.74,9230.0,874.0,10.24,0.97,5.76,38831.0,956.0,43.03,1.06,1.5,51400.0,956.0,56.96,1.06,1.13,7942.0,722.0,8.8,0.8,5.53,6237.0,577.0,6.91,0.64,5.63,7171.0,577.0,7.95,0.64,4.89,6043.0,550.0,6.7,0.61,5.53,7144.0,632.0,7.92,0.7,5.37,14131.0,803.0,15.66,0.89,3.45,12006.0,731.0,13.31,0.81,3.7,11675.0,731.0,12.94,0.81,3.81,4619.0,442.0,5.12,0.49,5.82,3746.0,442.0,4.15,0.49,7.18,5860.0,487.0,6.49,0.54,5.06,2737.0,361.0,3.03,0.4,8.03,901.0,180.0,1.0,0.2,12.16,65085.0,1164.0,72.13,1.29,1.09,9501.0,641.0,10.53,0.71,4.1,5406.0,758.0,5.99,0.84,8.52,71752.0,1326.0,79.52,1.47,1.12,336.0,226.0,0.37,0.25,41.07,1590.0,469.0,1.76,0.52,17.96,0.0,,0.0,,,9519.0,1092.0,10.55,1.21,6.97,1641.0,424.0,1.82,0.47,15.7,18830.0,1317.0,20.87,1.46,4.25,71402.0,1317.0,79.13,1.46,1.12,1979.0,442.0,2.19,0.49,13.6,66874.0,1344.0,74.11,1.49,1.22,163.0,171.0,0.18,0.19,64.17,1537.0,460.0,1.7,0.51,18.24,0.0,,0.0,,,200.0,208.0,0.22,0.23,63.55,653.0,226.0,0.72,0.25,21.11
44,317,317,57066.0,,100,,,19426.0,679.0,34.04,1.19,2.13,41020.0,1365.0,25.85,0.86,2.02,2335.0,336.0,5.69,0.82,8.76,2326.0,340.0,5.67,0.83,8.9,14942.0,652.0,36.43,1.59,2.65,9020.0,537.0,21.99,1.31,3.62,12400.0,636.0,30.23,1.55,3.12,108144.0,2206.0,68.16,1.39,1.24,8266.0,649.0,7.64,0.6,4.77,8501.0,562.0,7.86,0.52,4.02,38844.0,1103.0,35.92,1.02,1.73,23683.0,962.0,21.9,0.89,2.47,123288.0,2777.0,77.7,1.75,1.37,2218.0,284.0,1.8,0.23,7.77,157917.0,666.0,99.53,0.42,0.26,13714.0,774.0,8.68,0.49,3.43,35339.0,1317.0,22.27,0.83,2.27,894.0,212.0,2.53,0.6,14.42,100125.0,1190.0,63.1,0.75,0.72,6189.0,501.0,6.18,0.5,4.92,22452.0,698.0,14.15,0.44,1.89,6636.0,393.0,29.56,1.75,3.6,156836.0,2935.0,98.84,1.85,1.14,148113.0,878.0,94.44,0.56,0.36,8132.0,863.0,5.19,0.55,6.44,589.0,235.0,0.38,0.15,24.0,158670.0,,100,,,74601.0,1571.0,47.02,0.99,1.28,72137.0,1555.0,45.46,0.98,1.31,2469.0,413.0,1.56,0.26,10.13,84069.0,1476.0,52.98,0.93,1.07,52662.0,1093.0,62.64,1.3,1.26,31406.0,1093.0,37.36,1.3,2.12,1033.0,261.0,1.23,0.31,15.32,1978.0,504.0,2.35,0.6,15.52,2820.0,521.0,3.35,0.62,11.25,19.0,202.0,0.02,0.24,729.48,78074.0,765.0,92.87,0.91,0.6,148.0,193.0,0.18,0.23,77.68,148867.0,3237.0,93.82,2.04,1.32,115494.0,1697.0,77.58,1.14,0.89,14160.0,997.0,9.51,0.67,4.28,9161.0,983.0,6.15,0.66,6.52,127633.0,2697.0,80.44,1.7,1.28,79504.0,1098.0,62.29,0.86,0.84,72085.0,1098.0,56.48,0.86,0.93,7403.0,549.0,5.8,0.43,4.51,27.0,191.0,0.02,0.15,455.93,48130.0,1098.0,37.71,0.86,1.39,,,9.31,0.68,4.51,70535.0,1111.0,44.45,0.7,0.96,15547.0,705.0,22.04,1.0,2.76,2772.0,353.0,3.93,0.5,7.73,46392.0,868.0,65.77,1.23,1.14,3207.0,409.0,4.55,0.58,7.75,1589.0,254.0,2.25,0.36,9.73,72079.0,1111.0,45.43,0.7,0.94,0.0,,0.0,,,3925.0,404.0,5.45,0.56,6.25,1354.0,231.0,1.88,0.32,10.35,689.0,209.0,0.96,0.29,18.36,6847.0,562.0,9.5,0.78,4.99,6201.0,476.0,8.6,0.66,4.67,1118.0,202.0,1.55,0.28,10.98,3755.0,368.0,5.21,0.51,5.95,6364.0,490.0,8.83,0.68,4.68,29898.0,851.0,41.48,1.18,1.73,4263.0,396.0,5.91,0.55,5.66,4740.0,432.0,6.58,0.6,5.54,2907.0,317.0,4.03,0.44,6.64,5646.0,451.0,9.89,0.79,4.86,3488.0,371.0,6.11,0.65,6.47,6449.0,491.0,11.3,0.86,4.63,6410.0,479.0,11.23,0.84,4.55,8198.0,514.0,14.37,0.9,3.81,10582.0,588.0,18.54,1.03,3.38,6974.0,468.0,12.22,0.82,4.08,6291.0,462.0,11.02,0.81,4.47,1805.0,228.0,3.16,0.4,7.69,1205.0,211.0,2.11,0.37,10.66,45390.0,565.0,79.54,0.99,0.76,15599.0,565.0,27.34,0.99,2.2,8016.0,439.0,14.05,0.77,3.33,3585.0,360.0,6.28,0.63,6.1,2613.0,308.0,4.58,0.54,7.17,13125.0,622.0,23.0,1.09,2.88,138476.0,1058.0,87.69,0.67,0.46,80830.0,1863.0,51.18,1.18,1.4,68994.0,1753.0,43.69,1.11,1.54,19441.0,1058.0,12.31,0.67,3.31,68938.0,1095.0,43.45,0.69,0.97,89732.0,1095.0,56.55,0.69,0.74,9803.0,682.0,6.18,0.43,4.23,9505.0,651.0,5.99,0.41,4.16,9610.0,619.0,6.06,0.39,3.91,10621.0,666.0,6.69,0.42,3.82,10972.0,635.0,6.92,0.4,3.51,23262.0,1015.0,14.66,0.64,2.65,20778.0,841.0,13.1,0.53,2.46,21660.0,841.0,13.65,0.53,2.36,10138.0,635.0,6.39,0.4,3.81,9406.0,603.0,5.93,0.38,3.9,13021.0,666.0,8.21,0.42,3.11,7078.0,460.0,4.46,0.29,3.95,2761.0,301.0,1.74,0.19,6.64,123314.0,1095.0,77.72,0.69,0.54,22876.0,825.0,14.42,0.52,2.19,5597.0,904.0,3.53,0.57,9.82,142383.0,1396.0,89.74,0.88,0.6,222.0,206.0,0.14,0.13,56.45,2376.0,587.0,1.5,0.37,14.99,12.0,206.0,0.01,0.13,790.27,5501.0,873.0,3.47,0.55,9.64,2552.0,476.0,1.61,0.3,11.33,12111.0,1206.0,7.63,0.76,6.06,146558.0,1206.0,92.37,0.76,0.5,3793.0,682.0,2.39,0.43,10.94,137719.0,1491.0,86.8,0.94,0.66,188.0,206.0,0.12,0.13,65.86,2335.0,587.0,1.47,0.37,15.3,0.0,,0.0,,,438.0,238.0,0.28,0.15,32.57,2077.0,460.0,1.31,0.29,13.46
45,318,318,65379.0,,100,,,24701.0,634.0,37.78,0.97,1.56,59570.0,1438.0,28.58,0.69,1.47,3577.0,357.0,6.0,0.6,6.08,3145.0,357.0,5.28,0.6,6.91,22029.0,685.0,36.98,1.15,1.89,12161.0,560.0,20.41,0.94,2.8,18659.0,661.0,31.32,1.11,2.15,139874.0,2313.0,67.12,1.11,1.01,7994.0,573.0,5.72,0.41,4.36,9639.0,587.0,6.89,0.42,3.71,40587.0,1063.0,29.02,0.76,1.59,42610.0,1063.0,30.46,0.76,1.52,159940.0,2563.0,76.75,1.23,0.97,4027.0,336.0,2.52,0.21,5.07,207891.0,1084.0,99.75,0.52,0.32,18579.0,790.0,8.94,0.38,2.58,48356.0,1355.0,23.2,0.65,1.7,1046.0,218.0,2.16,0.45,12.66,132180.0,1438.0,63.42,0.69,0.66,8644.0,516.0,6.54,0.39,3.63,27346.0,729.0,13.12,0.35,1.62,8879.0,429.0,32.47,1.57,2.94,206578.0,2480.0,99.12,1.19,0.73,194869.0,1074.0,94.33,0.52,0.34,10789.0,1054.0,5.22,0.51,5.94,904.0,289.0,0.44,0.14,19.34,208404.0,,100,,,124602.0,1521.0,59.79,0.73,0.74,120852.0,1521.0,57.99,0.73,0.77,3766.0,396.0,1.81,0.19,6.38,83804.0,1417.0,40.21,0.68,1.03,60382.0,989.0,72.05,1.18,1.0,23422.0,989.0,27.95,1.18,2.57,6978.0,503.0,8.33,0.6,4.38,8476.0,729.0,10.11,0.87,5.23,2593.0,411.0,3.09,0.49,9.64,81.0,251.0,0.1,0.3,182.37,65428.0,805.0,78.07,0.96,0.75,245.0,243.0,0.29,0.29,60.79,196060.0,2834.0,94.08,1.36,0.88,136503.0,1902.0,69.62,0.97,0.85,26606.0,1294.0,13.57,0.66,2.96,12383.0,1078.0,6.32,0.55,5.29,166067.0,2668.0,79.69,1.28,0.98,107638.0,1079.0,64.82,0.65,0.61,98278.0,1113.0,59.18,0.67,0.69,9303.0,581.0,5.6,0.35,3.8,61.0,266.0,0.04,0.16,243.16,58430.0,1079.0,35.18,0.65,1.12,,,8.64,0.53,3.8,96399.0,1188.0,46.26,0.57,0.75,36893.0,906.0,38.27,0.94,1.49,6107.0,501.0,6.34,0.52,4.99,46697.0,945.0,48.44,0.98,1.23,3608.0,366.0,3.74,0.38,6.18,2047.0,289.0,2.12,0.3,8.6,98283.0,1230.0,47.16,0.59,0.76,112.0,265.0,0.11,0.27,149.21,4845.0,423.0,4.93,0.43,5.3,2129.0,295.0,2.17,0.3,8.4,1450.0,256.0,1.48,0.26,10.68,8736.0,570.0,8.89,0.58,3.97,9142.0,560.0,9.3,0.57,3.73,2186.0,275.0,2.22,0.28,7.67,6919.0,472.0,7.04,0.48,4.14,8616.0,511.0,8.77,0.52,3.6,38385.0,875.0,39.06,0.89,1.39,6045.0,472.0,6.15,0.48,4.74,3938.0,354.0,4.01,0.36,5.46,5770.0,432.0,5.87,0.44,4.56,4125.0,360.0,6.31,0.55,5.3,2656.0,301.0,4.06,0.46,6.89,4926.0,386.0,7.53,0.59,4.76,5152.0,405.0,7.88,0.62,4.78,7679.0,471.0,11.75,0.72,3.73,10805.0,530.0,16.53,0.81,2.98,9471.0,497.0,14.49,0.76,3.19,11578.0,536.0,17.71,0.82,2.81,5066.0,366.0,7.75,0.56,4.39,3918.0,333.0,5.99,0.51,5.18,53919.0,510.0,82.47,0.78,0.57,18552.0,575.0,28.38,0.88,1.88,10700.0,464.0,16.37,0.71,2.64,4100.0,327.0,6.27,0.5,4.85,2093.0,248.0,3.2,0.38,7.22,9956.0,497.0,15.23,0.76,3.03,191493.0,956.0,92.11,0.46,0.3,137153.0,1913.0,65.97,0.92,0.85,71068.0,1809.0,34.19,0.87,1.55,16399.0,956.0,7.89,0.46,3.54,95370.0,1084.0,45.76,0.52,0.69,113033.0,1084.0,54.24,0.52,0.58,12344.0,688.0,5.92,0.33,3.39,12947.0,646.0,6.21,0.31,3.03,14476.0,667.0,6.95,0.32,2.8,14087.0,667.0,6.76,0.32,2.88,14716.0,688.0,7.06,0.33,2.84,28419.0,979.0,13.64,0.47,2.09,26066.0,875.0,12.51,0.42,2.04,28859.0,917.0,13.85,0.44,1.93,15062.0,688.0,7.23,0.33,2.77,13861.0,688.0,6.65,0.33,3.02,16486.0,709.0,7.91,0.34,2.61,7371.0,479.0,3.54,0.23,3.95,3754.0,354.0,1.8,0.17,5.74,160001.0,1125.0,76.77,0.54,0.43,27593.0,854.0,13.24,0.41,1.88,54092.0,1417.0,25.96,0.68,1.59,134933.0,1563.0,64.75,0.75,0.7,541.0,354.0,0.26,0.17,39.75,9130.0,959.0,4.38,0.46,6.38,12.0,271.0,0.01,0.13,790.27,6922.0,959.0,3.32,0.46,8.42,2783.0,458.0,1.34,0.22,9.98,16809.0,1355.0,8.07,0.65,4.9,191595.0,1355.0,91.93,0.65,0.43,48504.0,1355.0,23.27,0.65,1.7,130541.0,1626.0,62.64,0.78,0.76,373.0,354.0,0.18,0.17,57.41,9100.0,959.0,4.37,0.46,6.4,12.0,271.0,0.01,0.13,790.27,765.0,313.0,0.37,0.15,24.64,2314.0,458.0,1.11,0.22,12.05
46,355,355,0.0,,100,,,0.0,,,,,0.0,,,,,0.0,,,,,0.0,,,,,0.0,,,,,0.0,,,,,0.0,,,,,0.0,,,,,0.0,,,,,0.0,,,,,0.0,,,,,0.0,,,,,0.0,,,,,0.0,,,,,0.0,,,,,0.0,,,,,0.0,,,,,0.0,,,,,0.0,,,,,0.0,,,,,0.0,,,,,0.0,,,,,0.0,,,,,0.0,,,,,0.0,,,,,0.0,,,,,0.0,,100,,,0.0,,,,,0.0,,,,,0.0,,,,,0.0,,,,,0.0,,,,,0.0,,,,,0.0,,,,,0.0,,,,,0.0,,,,,0.0,,,,,0.0,,,,,0.0,,,,,0.0,,,,,0.0,,,,,0.0,,,,,0.0,,,,,0.0,,,,,0.0,,,,,0.0,,,,,0.0,,,,,0.0,,,,,0.0,,,,,,,,,,0.0,,,,,0.0,,,,,0.0,,,,,0.0,,,,,0.0,,,,,0.0,,,,,0.0,,,,,0.0,,,,,0.0,,,,,0.0,,,,,0.0,,,,,0.0,,,,,0.0,,,,,0.0,,,,,0.0,,,,,0.0,,,,,0.0,,,,,0.0,,,,,0.0,,,,,0.0,,,,,0.0,,,,,0.0,,,,,0.0,,,,,0.0,,,,,0.0,,,,,0.0,,,,,0.0,,,,,0.0,,,,,0.0,,,,,0.0,,,,,0.0,,,,,0.0,,,,,0.0,,,,,0.0,,,,,0.0,,,,,0.0,,,,,0.0,,,,,0.0,,,,,0.0,,,,,0.0,,,,,0.0,,,,,0.0,,,,,0.0,,,,,0.0,,,,,0.0,,,,,0.0,,,,,0.0,,,,,0.0,,,,,0.0,,,,,0.0,,,,,0.0,,,,,0.0,,,,,0.0,,,,,0.0,,,,,0.0,,,,,0.0,,,,,0.0,,,,,0.0,,,,,0.0,,,,,0.0,,,,,0.0,,,,,0.0,,,,,0.0,,,,,0.0,,,,,0.0,,,,,0.0,,,,,0.0,,,,,0.0,,,,,0.0,,,,,0.0,,,,,0.0,,,,,0.0,,,,,0.0,,,,
47,356,356,0.0,,100,,,0.0,,0.0,,,0.0,,0.0,,,0.0,,,,,0.0,,,,,0.0,,,,,0.0,,,,,0.0,,,,,5.0,0.0,93.75,0.0,0.0,0.0,,0.0,,,0.0,,0.0,,,1.0,1.0,18.75,14.4,46.69,1.0,1.0,18.75,13.5,43.77,5.0,0.0,93.75,0.0,0.0,0.0,,0.0,,,5.0,0.0,93.75,0.0,0.0,0.0,,0.0,,,0.0,,0.0,,,0.0,,,,,5.0,0.0,93.75,0.0,0.0,0.0,,0.0,,,0.0,,0.0,,,0.0,,,,,5.0,0.0,93.75,0.0,0.0,5.0,4.0,93.75,71.2,46.17,0.0,,0.0,,,0.0,,0.0,,,5.0,,100,,,5.0,4.0,93.75,71.2,46.17,5.0,4.0,93.75,71.2,46.17,0.0,,0.0,,,0.0,,0.0,,,0.0,,,,,0.0,,,,,0.0,,,,,0.0,,,,,0.0,,,,,0.0,,,,,0.0,,,,,0.0,,,,,5.0,0.0,93.75,0.0,0.0,5.0,4.0,93.75,71.2,46.17,0.0,,0.0,,,0.0,,0.0,,,5.0,0.0,93.75,0.0,0.0,5.0,4.0,93.75,71.2,46.17,5.0,4.0,93.75,71.2,46.17,0.0,,0.0,,,0.0,,0.0,,,0.0,,0.0,,,,,0.0,,,5.0,0.0,93.75,0.0,0.0,0.0,,0.0,,,1.0,1.0,18.75,13.5,43.77,4.0,1.0,75.0,13.5,10.94,0.0,,0.0,,,0.0,,0.0,,,5.0,0.0,93.75,0.0,0.0,0.0,,0.0,,,1.0,1.0,18.75,11.9,38.58,0.0,,0.0,,,0.0,,0.0,,,0.0,,0.0,,,0.0,,0.0,,,0.0,,0.0,,,1.0,1.0,18.75,13.5,43.77,1.0,1.0,18.75,17.1,55.44,1.0,1.0,18.75,14.4,46.69,0.0,,0.0,,,0.0,,0.0,,,0.0,,0.0,,,0.0,,0.0,,,0.0,,0.0,,,0.0,,0.0,,,0.0,,0.0,,,0.0,,0.0,,,0.0,,0.0,,,0.0,,0.0,,,0.0,,0.0,,,0.0,,0.0,,,0.0,,0.0,,,0.0,,0.0,,,0.0,,0.0,,,0.0,,0.0,,,0.0,,0.0,,,0.0,,0.0,,,0.0,,0.0,,,5.0,4.0,93.75,71.2,46.17,5.0,4.0,93.75,71.2,46.17,0.0,,0.0,,,0.0,,0.0,,,3.0,1.0,56.25,17.2,18.59,3.0,1.0,56.25,17.2,18.59,0.0,,0.0,,,0.0,,0.0,,,0.0,,0.0,,,0.0,,0.0,,,0.0,,0.0,,,1.0,1.0,18.75,13.5,43.77,0.0,,0.0,,,1.0,1.0,18.75,11.9,38.58,3.0,1.0,56.25,17.3,18.7,0.0,,0.0,,,0.0,,0.0,,,0.0,,0.0,,,0.0,,0.0,,,5.0,4.0,93.75,71.2,46.17,0.0,,0.0,,,5.0,4.0,93.75,71.2,46.17,0.0,,0.0,,,0.0,,0.0,,,0.0,,0.0,,,0.0,,0.0,,,0.0,,0.0,,,0.0,,0.0,,,0.0,,0.0,,,5.0,4.0,93.75,71.2,46.17,5.0,4.0,93.75,71.2,46.17,0.0,,0.0,,,0.0,,0.0,,,0.0,,0.0,,,0.0,,0.0,,,0.0,,0.0,,,0.0,,0.0,,
48,401,401,84524.0,,100,,,16162.0,693.0,19.12,0.82,2.61,35681.0,1300.0,19.21,0.7,2.21,2029.0,285.0,5.69,0.8,8.55,1233.0,228.0,3.46,0.64,11.24,11130.0,557.0,31.19,1.56,3.04,5827.0,464.0,16.33,1.3,4.84,15466.0,639.0,43.35,1.79,2.51,141634.0,2545.0,76.24,1.37,1.09,13465.0,793.0,9.51,0.56,3.58,12124.0,722.0,8.56,0.51,3.62,30286.0,1119.0,21.38,0.79,2.25,59664.0,1346.0,42.13,0.95,1.37,159367.0,2898.0,85.79,1.56,1.11,3103.0,367.0,1.95,0.23,7.17,177925.0,204.0,95.78,0.11,0.07,17206.0,854.0,9.67,0.48,3.02,26113.0,1189.0,14.06,0.64,2.77,937.0,251.0,3.59,0.96,16.26,129983.0,1876.0,69.97,1.01,0.88,7831.0,585.0,6.02,0.45,4.54,21837.0,855.0,11.75,0.46,2.38,8447.0,445.0,38.68,2.04,3.21,183765.0,2619.0,98.92,1.41,0.87,154823.0,1305.0,84.25,0.71,0.51,26707.0,1268.0,14.53,0.69,2.89,2259.0,368.0,1.23,0.2,9.88,185772.0,,100,,,111751.0,1616.0,60.15,0.87,0.88,105562.0,1616.0,56.82,0.87,0.93,6176.0,539.0,3.32,0.29,5.31,74021.0,1691.0,39.85,0.91,1.39,40291.0,1081.0,54.43,1.46,1.63,33729.0,1081.0,45.57,1.46,1.95,20429.0,947.0,27.6,1.28,2.82,21146.0,1073.0,28.57,1.45,3.09,2958.0,400.0,4.0,0.54,8.21,124.0,215.0,0.17,0.29,103.7,28797.0,1147.0,38.9,1.55,2.42,556.0,222.0,0.75,0.3,24.32,177205.0,3140.0,95.39,1.69,1.08,78623.0,1861.0,44.37,1.05,1.44,44023.0,1435.0,24.84,0.81,1.98,40342.0,1825.0,22.77,1.03,2.75,162307.0,3010.0,87.37,1.62,1.13,108987.0,1169.0,67.15,0.72,0.65,100767.0,1234.0,62.08,0.76,0.74,8210.0,617.0,5.06,0.38,4.57,21.0,227.0,0.01,0.14,851.06,53320.0,1169.0,32.85,0.72,1.33,,,7.53,0.56,4.57,97382.0,1319.0,52.42,0.71,0.82,14146.0,721.0,14.53,0.74,3.1,3047.0,370.0,3.13,0.38,7.38,68039.0,954.0,69.87,0.98,0.85,6775.0,536.0,6.96,0.55,4.8,3290.0,370.0,3.38,0.38,6.83,100760.0,1412.0,54.24,0.76,0.85,232.0,282.0,0.23,0.28,74.01,4864.0,474.0,4.83,0.47,5.92,3273.0,363.0,3.25,0.36,6.73,2551.0,343.0,2.53,0.34,8.17,9404.0,605.0,9.33,0.6,3.91,5148.0,474.0,5.11,0.47,5.59,5386.0,484.0,5.35,0.48,5.45,8548.0,584.0,8.48,0.58,4.16,15365.0,756.0,15.25,0.75,2.99,20938.0,877.0,20.78,0.87,2.55,15778.0,836.0,15.66,0.83,3.22,6305.0,514.0,6.26,0.51,4.95,2980.0,363.0,2.96,0.36,7.39,6505.0,516.0,7.7,0.61,4.82,4274.0,440.0,5.06,0.52,6.25,8370.0,558.0,9.9,0.66,4.05,7618.0,558.0,9.01,0.66,4.45,10357.0,634.0,12.25,0.75,3.72,14786.0,693.0,17.49,0.82,2.85,10741.0,625.0,12.71,0.74,3.54,12522.0,668.0,14.81,0.79,3.24,4989.0,423.0,5.9,0.5,5.15,3993.0,389.0,4.72,0.46,5.92,69233.0,676.0,81.91,0.8,0.59,17956.0,735.0,21.24,0.87,2.49,8663.0,524.0,10.25,0.62,3.68,4811.0,456.0,5.69,0.54,5.77,2981.0,389.0,3.53,0.46,7.92,10507.0,600.0,12.43,0.71,3.47,154420.0,1210.0,86.79,0.68,0.48,105160.0,1833.0,59.1,1.03,1.06,62591.0,1708.0,35.18,0.96,1.66,23505.0,1210.0,13.21,0.68,3.13,94548.0,1189.0,50.89,0.64,0.76,91224.0,1189.0,49.11,0.64,0.79,8567.0,632.0,4.61,0.34,4.48,6802.0,520.0,3.66,0.28,4.65,6867.0,557.0,3.7,0.3,4.93,7597.0,613.0,4.09,0.33,4.9,14306.0,836.0,7.7,0.45,3.55,48476.0,1412.0,26.09,0.76,1.77,29632.0,1077.0,15.95,0.58,2.21,23814.0,1003.0,12.82,0.54,2.56,9432.0,594.0,5.08,0.32,3.83,8182.0,613.0,4.4,0.33,4.56,12130.0,706.0,6.53,0.38,3.54,6905.0,520.0,3.72,0.28,4.58,3044.0,353.0,1.64,0.19,7.04,159385.0,1059.0,85.8,0.57,0.4,22112.0,947.0,11.9,0.51,2.61,112114.0,2043.0,60.35,1.1,1.11,17445.0,1077.0,9.39,0.58,3.75,715.0,316.0,0.38,0.17,27.2,29730.0,1616.0,16.0,0.87,3.31,136.0,242.0,0.07,0.13,112.9,19621.0,1560.0,10.56,0.84,4.84,5987.0,743.0,3.22,0.4,7.55,50558.0,1969.0,27.22,1.06,2.37,135214.0,1969.0,72.78,1.06,0.89,85203.0,1876.0,45.86,1.01,1.34,15499.0,985.0,8.34,0.53,3.86,330.0,260.0,0.18,0.14,47.28,29377.0,1616.0,15.81,0.87,3.35,119.0,242.0,0.06,0.13,131.71,836.0,334.0,0.45,0.18,24.32,3832.0,632.0,2.06,0.34,10.03
49,402,402,55457.0,,100,,,12476.0,688.0,22.5,1.24,3.35,24504.0,1219.0,20.71,1.03,3.02,1411.0,301.0,5.76,1.23,12.98,1257.0,284.0,5.13,1.16,13.75,8527.0,581.0,34.8,2.37,4.14,4119.0,429.0,16.81,1.75,6.33,9192.0,649.0,37.51,2.65,4.29,88975.0,2722.0,75.18,2.3,1.86,9571.0,774.0,10.76,0.87,4.92,7633.0,721.0,8.58,0.81,5.74,21318.0,1059.0,23.96,1.19,3.02,34325.0,1121.0,38.58,1.26,1.99,97600.0,3136.0,82.47,2.65,1.95,2265.0,322.0,2.32,0.33,8.65,117742.0,201.0,99.49,0.17,0.1,7335.0,671.0,6.23,0.57,5.56,20745.0,1254.0,17.53,1.06,3.67,318.0,193.0,1.53,0.93,36.95,83994.0,1586.0,70.97,1.34,1.15,3427.0,428.0,4.08,0.51,7.6,13000.0,722.0,10.98,0.61,3.38,3594.0,342.0,27.65,2.63,5.78,116732.0,3101.0,98.64,2.62,1.61,104901.0,1086.0,89.86,0.93,0.63,9979.0,992.0,8.55,0.85,6.04,1855.0,455.0,1.59,0.39,14.91,118345.0,,100,,,55338.0,1503.0,46.76,1.27,1.65,52552.0,1479.0,44.41,1.25,1.71,2787.0,426.0,2.35,0.36,9.31,63007.0,1586.0,53.24,1.34,1.53,25653.0,1235.0,40.71,1.96,2.93,37353.0,1235.0,59.28,1.96,2.01,7591.0,687.0,12.05,1.09,5.5,29472.0,1392.0,46.78,2.21,2.87,654.0,252.0,1.04,0.4,23.38,212.0,183.0,0.34,0.29,51.85,24842.0,1411.0,39.43,2.24,3.45,228.0,164.0,0.36,0.26,43.9,111322.0,3574.0,94.07,3.02,1.95,33700.0,1392.0,30.27,1.25,2.51,42647.0,1481.0,38.31,1.33,2.11,35275.0,1881.0,31.69,1.69,3.24,99460.0,3207.0,84.04,2.71,1.96,68711.0,1064.0,69.08,1.07,0.94,64960.0,1104.0,65.31,1.11,1.03,3738.0,438.0,3.76,0.44,7.11,0.0,,0.0,,,30749.0,1064.0,30.92,1.07,2.1,,,5.44,0.63,7.12,64078.0,1077.0,54.15,0.91,1.02,10158.0,737.0,15.85,1.15,4.41,2154.0,372.0,3.36,0.58,10.49,45405.0,916.0,70.86,1.43,1.23,3307.0,461.0,5.16,0.72,8.48,1640.0,308.0,2.56,0.48,11.4,64956.0,1065.0,54.89,0.9,1.0,182.0,182.0,0.28,0.28,60.79,3375.0,468.0,5.2,0.72,8.42,2819.0,416.0,4.34,0.64,8.96,1410.0,260.0,2.17,0.4,11.21,6486.0,598.0,9.99,0.92,5.6,5056.0,591.0,7.78,0.91,7.11,2709.0,370.0,4.17,0.57,8.31,5694.0,500.0,8.77,0.77,5.34,9741.0,734.0,15.0,1.13,4.58,10655.0,663.0,16.4,1.02,3.78,10740.0,766.0,16.53,1.18,4.34,4411.0,539.0,6.79,0.83,7.43,1682.0,292.0,2.59,0.45,10.56,2949.0,438.0,5.32,0.79,9.03,2023.0,360.0,3.65,0.65,10.83,4514.0,494.0,8.14,0.89,6.65,4677.0,505.0,8.43,0.91,6.56,6780.0,604.0,12.23,1.09,5.42,9968.0,749.0,17.97,1.35,4.57,6415.0,549.0,11.57,0.99,5.2,8659.0,721.0,15.61,1.3,5.06,4249.0,516.0,7.66,0.93,7.38,5229.0,621.0,9.43,1.12,7.22,47560.0,627.0,85.76,1.13,0.8,9797.0,627.0,17.67,1.13,3.89,5062.0,488.0,9.13,0.88,5.86,1812.0,333.0,3.27,0.6,11.15,1698.0,366.0,3.06,0.66,13.11,4101.0,421.0,7.39,0.76,6.25,96141.0,1366.0,81.65,1.16,0.86,60008.0,1837.0,50.97,1.56,1.86,42267.0,1660.0,35.9,1.41,2.39,21601.0,1366.0,18.35,1.16,3.84,60080.0,1053.0,50.77,0.89,1.07,58265.0,1053.0,49.23,0.89,1.1,7022.0,698.0,5.93,0.59,6.05,5839.0,568.0,4.93,0.48,5.92,5001.0,509.0,4.23,0.43,6.18,4668.0,485.0,3.94,0.41,6.33,6866.0,627.0,5.8,0.53,5.55,25618.0,1266.0,21.65,1.07,3.0,21984.0,1006.0,18.58,0.85,2.78,15746.0,923.0,13.31,0.78,3.56,6712.0,651.0,5.67,0.55,5.9,5688.0,544.0,4.81,0.46,5.81,7712.0,627.0,6.52,0.53,4.94,4118.0,473.0,3.48,0.4,6.99,1398.0,237.0,1.18,0.2,10.3,97600.0,1041.0,82.47,0.88,0.65,13237.0,828.0,11.19,0.7,3.8,65294.0,2095.0,55.17,1.77,1.95,2406.0,568.0,2.03,0.48,14.37,283.0,213.0,0.24,0.18,45.59,36995.0,1941.0,31.26,1.64,3.19,6.0,166.0,0.01,0.14,851.06,9298.0,1278.0,7.86,1.08,8.35,4049.0,686.0,3.42,0.58,10.31,41749.0,2071.0,35.28,1.75,3.02,76596.0,2071.0,64.72,1.75,1.64,35473.0,1527.0,29.97,1.29,2.62,1571.0,438.0,1.33,0.37,16.91,115.0,189.0,0.1,0.16,97.26,36766.0,1941.0,31.07,1.64,3.21,6.0,166.0,0.01,0.14,851.06,320.0,178.0,0.27,0.15,33.77,2334.0,438.0,1.97,0.37,11.42
50,403,403,52764.0,,100,,,19380.0,718.0,36.73,1.36,2.25,40468.0,1436.0,23.96,0.85,2.16,2435.0,372.0,6.02,0.92,9.29,2305.0,356.0,5.7,0.88,9.39,15657.0,741.0,38.69,1.83,2.88,7524.0,534.0,18.59,1.32,4.32,12538.0,716.0,30.98,1.77,3.47,116234.0,2787.0,68.81,1.65,1.46,21436.0,1139.0,18.44,0.98,3.23,12298.0,860.0,10.58,0.74,4.25,36727.0,1325.0,31.6,1.14,2.19,24196.0,1127.0,20.82,0.97,2.83,132705.0,3091.0,78.56,1.83,1.42,2063.0,292.0,1.55,0.22,8.63,168284.0,321.0,99.62,0.19,0.12,13577.0,875.0,8.07,0.52,3.92,36215.0,1503.0,21.44,0.89,2.52,1027.0,246.0,2.84,0.68,14.56,112917.0,1824.0,66.85,1.08,0.98,6580.0,587.0,5.83,0.52,5.42,19145.0,845.0,11.33,0.5,2.68,5978.0,461.0,31.23,2.41,4.69,166915.0,3919.0,98.81,2.32,1.43,154032.0,1319.0,92.28,0.79,0.52,11177.0,1252.0,6.7,0.75,6.8,1700.0,434.0,1.02,0.26,15.5,168920.0,,100,,,68306.0,1706.0,40.44,1.01,1.52,64965.0,1655.0,38.46,0.98,1.55,3300.0,490.0,1.95,0.29,9.04,100614.0,1706.0,59.56,1.01,1.03,41742.0,1429.0,41.49,1.42,2.08,58872.0,1429.0,58.51,1.42,1.48,4345.0,584.0,4.32,0.58,8.16,22422.0,1358.0,22.29,1.35,3.68,989.0,332.0,0.98,0.33,20.47,114.0,231.0,0.11,0.23,127.11,72539.0,1399.0,72.1,1.39,1.17,183.0,181.0,0.18,0.18,60.79,157316.0,3936.0,93.13,2.33,1.52,26655.0,1353.0,16.94,0.86,3.09,71999.0,1730.0,45.77,1.1,1.46,97076.0,2029.0,61.71,1.29,1.27,136091.0,3226.0,80.57,1.91,1.44,88471.0,1334.0,65.01,0.98,0.92,82572.0,1347.0,60.67,0.99,0.99,5880.0,572.0,4.32,0.42,5.91,0.0,,0.0,,,47621.0,1334.0,34.99,0.98,1.7,,,6.65,0.64,5.91,80552.0,1318.0,47.69,0.78,0.99,15487.0,926.0,19.23,1.15,3.64,4542.0,556.0,5.64,0.69,7.44,52274.0,1200.0,64.89,1.49,1.4,5599.0,604.0,6.95,0.75,6.56,1084.0,234.0,1.35,0.29,13.06,82574.0,1520.0,48.88,0.9,1.12,59.0,173.0,0.07,0.21,182.37,8356.0,735.0,10.12,0.89,5.35,3908.0,504.0,4.73,0.61,7.84,1963.0,322.0,2.38,0.39,9.96,8900.0,751.0,10.78,0.91,5.13,6574.0,619.0,7.96,0.75,5.73,1407.0,314.0,1.7,0.38,13.59,4494.0,504.0,5.44,0.61,6.82,8289.0,718.0,10.04,0.87,5.27,14092.0,809.0,17.07,0.98,3.49,15844.0,1024.0,19.19,1.24,3.93,6335.0,570.0,7.67,0.69,5.47,2386.0,388.0,2.89,0.47,9.89,3147.0,369.0,5.96,0.7,7.14,2361.0,348.0,4.47,0.66,8.98,6414.0,554.0,12.16,1.05,5.25,6664.0,575.0,12.63,1.09,5.25,6983.0,559.0,13.23,1.06,4.87,10725.0,718.0,20.33,1.36,4.07,6656.0,549.0,12.61,1.04,5.01,6165.0,501.0,11.68,0.95,4.94,2268.0,317.0,4.3,0.6,8.48,1371.0,237.0,2.6,0.45,10.52,44199.0,565.0,83.77,1.07,0.78,12908.0,654.0,24.46,1.24,3.08,6383.0,480.0,12.1,0.91,4.57,2704.0,317.0,5.12,0.6,7.12,2309.0,375.0,4.38,0.71,9.85,9562.0,607.0,18.12,1.15,3.86,129478.0,1683.0,76.94,1.0,0.79,68854.0,2221.0,40.92,1.32,1.96,74112.0,2019.0,44.04,1.2,1.66,38805.0,1683.0,23.06,1.0,2.64,86541.0,1301.0,51.23,0.77,0.91,82380.0,1301.0,48.77,0.77,0.96,11605.0,828.0,6.87,0.49,4.34,10000.0,726.0,5.92,0.43,4.42,9203.0,676.0,5.45,0.4,4.46,8932.0,642.0,5.29,0.38,4.37,12895.0,861.0,7.63,0.51,4.06,30650.0,1368.0,18.14,0.81,2.71,25265.0,1182.0,14.96,0.7,2.84,23336.0,1182.0,13.81,0.7,3.08,9504.0,726.0,5.63,0.43,4.64,7789.0,659.0,4.61,0.39,5.14,11411.0,743.0,6.76,0.44,3.96,5781.0,524.0,3.42,0.31,5.51,2529.0,355.0,1.5,0.21,8.51,132705.0,1267.0,78.56,0.75,0.58,19722.0,997.0,11.68,0.59,3.07,74297.0,2568.0,43.98,1.52,2.1,11004.0,1014.0,6.51,0.6,5.6,876.0,389.0,0.52,0.23,26.89,30428.0,1875.0,18.01,1.11,3.75,138.0,236.0,0.08,0.14,106.38,47425.0,2466.0,28.08,1.46,3.16,4754.0,777.0,2.81,0.46,9.95,109921.0,2145.0,65.07,1.27,1.19,59000.0,2145.0,34.93,1.27,2.21,17994.0,1233.0,10.65,0.73,4.17,8592.0,811.0,5.09,0.48,5.73,181.0,186.0,0.11,0.11,60.79,29741.0,1824.0,17.61,1.08,3.73,93.0,220.0,0.06,0.13,131.71,753.0,338.0,0.45,0.2,27.02,1643.0,422.0,0.97,0.25,15.67
51,404,404,52655.0,,100,,,19749.0,748.0,37.51,1.42,2.3,39362.0,1434.0,23.33,0.85,2.21,2371.0,366.0,6.02,0.93,9.39,2620.0,374.0,6.66,0.95,8.67,15420.0,709.0,39.18,1.8,2.79,7553.0,559.0,19.19,1.42,4.5,11399.0,705.0,28.96,1.79,3.76,116217.0,2598.0,68.89,1.54,1.36,23044.0,1127.0,19.83,0.97,2.97,12568.0,872.0,10.81,0.75,4.22,34342.0,1348.0,29.55,1.16,2.39,24977.0,1174.0,21.49,1.01,2.86,131402.0,3037.0,77.89,1.8,1.41,1238.0,237.0,0.94,0.18,11.64,168132.0,1316.0,99.66,0.78,0.48,16221.0,1076.0,9.65,0.64,4.03,37276.0,1586.0,22.1,0.94,2.59,1441.0,354.0,3.87,0.95,14.92,112080.0,1569.0,66.44,0.93,0.85,7488.0,729.0,6.68,0.65,5.92,18783.0,877.0,11.13,0.52,2.84,7292.0,501.0,38.82,2.67,4.18,166694.0,4100.0,98.81,2.43,1.5,152852.0,1650.0,91.7,0.99,0.66,11763.0,1600.0,7.06,0.96,8.27,2085.0,383.0,1.25,0.23,11.19,168704.0,,100,,,61425.0,1788.0,36.41,1.06,1.77,58874.0,1738.0,34.9,1.03,1.79,2539.0,439.0,1.51,0.26,10.47,107279.0,1856.0,63.59,1.1,1.05,46477.0,1566.0,43.32,1.46,2.05,60802.0,1566.0,56.68,1.46,1.57,2617.0,536.0,2.44,0.5,12.46,45765.0,1641.0,42.66,1.53,2.18,2707.0,687.0,2.52,0.64,15.44,183.0,236.0,0.17,0.22,78.67,55827.0,1684.0,52.04,1.57,1.83,183.0,172.0,0.17,0.16,57.21,156326.0,4116.0,92.66,2.44,1.6,23093.0,1673.0,14.77,1.07,4.4,81711.0,1782.0,52.27,1.14,1.33,74584.0,2314.0,47.71,1.48,1.89,134896.0,3273.0,79.96,1.94,1.47,86985.0,1322.0,64.48,0.98,0.92,81685.0,1322.0,60.55,0.98,0.98,5276.0,526.0,3.91,0.39,6.06,7.0,162.0,0.01,0.12,729.48,47911.0,1322.0,35.52,0.98,1.68,,,6.07,0.6,6.06,78956.0,1417.0,46.8,0.84,1.09,10662.0,766.0,13.5,0.97,4.37,4345.0,553.0,5.5,0.7,7.74,54451.0,1082.0,68.96,1.37,1.21,6627.0,663.0,8.39,0.84,6.09,1231.0,284.0,1.56,0.36,14.03,81696.0,1417.0,48.43,0.84,1.05,121.0,188.0,0.15,0.23,93.21,7183.0,645.0,8.79,0.79,5.46,3692.0,457.0,4.52,0.56,7.53,2082.0,343.0,2.55,0.42,10.01,9531.0,727.0,11.67,0.89,4.64,6290.0,613.0,7.7,0.75,5.92,1371.0,270.0,1.68,0.33,11.94,4619.0,482.0,5.65,0.59,6.35,7760.0,670.0,9.5,0.82,5.25,13358.0,874.0,16.35,1.07,3.98,16137.0,964.0,19.75,1.18,3.63,7524.0,662.0,9.21,0.81,5.35,2007.0,368.0,2.46,0.45,11.12,4574.0,500.0,8.69,0.95,6.65,2716.0,353.0,5.16,0.67,7.89,6440.0,574.0,12.23,1.09,5.42,6309.0,548.0,11.98,1.04,5.28,8390.0,621.0,15.93,1.18,4.5,10036.0,695.0,19.06,1.32,4.21,5542.0,479.0,10.53,0.91,5.25,5672.0,490.0,10.77,0.93,5.25,1714.0,253.0,3.26,0.48,8.95,1264.0,242.0,2.4,0.46,11.65,43748.0,600.0,83.08,1.14,0.83,12112.0,658.0,23.0,1.25,3.3,4828.0,463.0,9.17,0.88,5.83,3469.0,442.0,6.59,0.84,7.75,2891.0,416.0,5.49,0.79,8.75,10864.0,669.0,20.63,1.27,3.74,129678.0,1749.0,77.13,1.04,0.82,64697.0,2253.0,38.48,1.34,2.12,78617.0,2203.0,46.76,1.31,1.7,38454.0,1749.0,22.87,1.04,2.76,87001.0,1316.0,51.57,0.78,0.92,81703.0,1316.0,48.43,0.78,0.98,12378.0,860.0,7.34,0.51,4.22,10301.0,742.0,6.11,0.44,4.38,9156.0,658.0,5.43,0.39,4.37,8778.0,641.0,5.2,0.38,4.44,11882.0,827.0,7.04,0.49,4.23,29918.0,1316.0,17.73,0.78,2.67,27645.0,1198.0,16.39,0.71,2.63,20734.0,1063.0,12.29,0.63,3.12,10172.0,827.0,6.03,0.49,4.94,8608.0,709.0,5.1,0.42,5.01,11159.0,810.0,6.61,0.48,4.41,5803.0,557.0,3.44,0.33,5.83,2173.0,321.0,1.29,0.19,8.95,131411.0,1350.0,77.89,0.8,0.62,19138.0,1046.0,11.34,0.62,3.32,59756.0,2767.0,35.42,1.64,2.81,12909.0,1350.0,7.65,0.8,6.36,1126.0,405.0,0.67,0.24,21.78,58728.0,2227.0,34.81,1.32,2.31,7.0,169.0,0.0,0.1,,32303.0,2227.0,19.15,1.32,4.19,3886.0,844.0,2.3,0.5,13.22,85630.0,2581.0,50.76,1.53,1.83,83074.0,2581.0,49.24,1.53,1.89,10420.0,1147.0,6.18,0.68,6.69,11434.0,1299.0,6.78,0.77,6.9,349.0,253.0,0.21,0.15,43.42,58277.0,2227.0,34.54,1.32,2.32,7.0,169.0,0.0,0.1,,737.0,388.0,0.44,0.23,31.78,1838.0,692.0,1.09,0.41,22.87
52,405,405,66033.0,,100,,,21196.0,707.0,32.1,1.07,2.03,39959.0,1281.0,23.08,0.74,1.95,2087.0,284.0,5.22,0.71,8.27,2587.0,316.0,6.47,0.79,7.42,15847.0,611.0,39.66,1.53,2.35,8186.0,492.0,20.49,1.23,3.65,11252.0,571.0,28.16,1.43,3.09,121335.0,2216.0,70.08,1.28,1.11,11249.0,716.0,9.27,0.59,3.87,8623.0,570.0,7.11,0.47,4.02,39831.0,1080.0,32.83,0.89,1.65,31702.0,1019.0,26.13,0.84,1.95,136322.0,2337.0,78.74,1.35,1.04,3680.0,286.0,2.7,0.21,4.73,172449.0,970.0,99.6,0.56,0.34,12343.0,621.0,7.16,0.36,3.06,36699.0,1333.0,21.2,0.77,2.21,830.0,209.0,2.26,0.57,15.33,114661.0,1420.0,66.23,0.82,0.75,5714.0,424.0,4.98,0.37,4.52,21096.0,744.0,12.18,0.43,2.14,5785.0,350.0,27.42,1.66,3.68,171246.0,2580.0,98.91,1.49,0.92,157924.0,1045.0,92.22,0.61,0.4,11845.0,976.0,6.92,0.57,5.01,1486.0,360.0,0.87,0.21,14.67,173134.0,,100,,,105819.0,1679.0,61.12,0.97,0.96,100758.0,1662.0,58.2,0.96,1.0,5040.0,519.0,2.91,0.3,6.27,67315.0,1731.0,38.88,1.0,1.56,36259.0,1003.0,53.86,1.49,1.68,31056.0,1003.0,46.14,1.49,1.96,29686.0,1077.0,44.1,1.6,2.21,11728.0,848.0,17.42,1.26,4.4,2189.0,444.0,3.25,0.66,12.35,107.0,236.0,0.16,0.35,132.98,23390.0,1070.0,34.75,1.59,2.78,215.0,229.0,0.32,0.34,64.59,162697.0,2909.0,93.97,1.68,1.09,76120.0,1855.0,46.79,1.14,1.48,37509.0,1350.0,23.05,0.83,2.19,41150.0,1708.0,25.29,1.05,2.52,140399.0,2528.0,81.09,1.46,1.09,91488.0,1123.0,65.16,0.8,0.75,85498.0,1137.0,60.9,0.81,0.81,5914.0,477.0,4.21,0.34,4.91,80.0,225.0,0.06,0.16,162.11,48911.0,1123.0,34.84,0.8,1.4,,,6.46,0.52,4.9,84141.0,1195.0,48.6,0.69,0.86,25781.0,833.0,30.64,0.99,1.96,4829.0,438.0,5.74,0.52,5.51,45244.0,934.0,53.77,1.11,1.25,5138.0,446.0,6.11,0.53,5.27,2007.0,328.0,2.39,0.39,9.92,85487.0,1177.0,49.38,0.68,0.84,86.0,222.0,0.1,0.26,158.05,9293.0,590.0,10.87,0.69,3.86,4425.0,419.0,5.18,0.49,5.75,2286.0,299.0,2.67,0.35,7.97,7204.0,513.0,8.43,0.6,4.33,6183.0,487.0,7.23,0.57,4.79,2231.0,282.0,2.61,0.33,7.69,7393.0,504.0,8.65,0.59,4.15,9629.0,598.0,11.26,0.7,3.78,18602.0,752.0,21.76,0.88,2.46,9374.0,624.0,10.97,0.73,4.05,5061.0,479.0,5.92,0.56,5.75,3726.0,368.0,4.36,0.43,6.0,4976.0,429.0,7.54,0.65,5.24,2554.0,324.0,3.87,0.49,7.7,6018.0,442.0,9.11,0.67,4.47,5638.0,429.0,8.54,0.65,4.63,7538.0,502.0,11.42,0.76,4.05,11246.0,588.0,17.03,0.89,3.18,9913.0,555.0,15.01,0.84,3.4,11205.0,588.0,16.97,0.89,3.19,4230.0,363.0,6.41,0.55,5.22,2709.0,291.0,4.1,0.44,6.52,52734.0,601.0,79.86,0.91,0.69,17404.0,634.0,26.36,0.96,2.21,8172.0,429.0,12.38,0.65,3.19,2428.0,264.0,3.68,0.4,6.61,1557.0,244.0,2.36,0.37,9.53,5188.0,403.0,7.86,0.61,4.72,148974.0,1224.0,86.39,0.71,0.5,100664.0,1897.0,58.37,1.1,1.15,59589.0,1776.0,34.55,1.03,1.81,23475.0,1224.0,13.61,0.71,3.17,84360.0,1021.0,48.73,0.59,0.74,88774.0,1021.0,51.27,0.59,0.7,10437.0,693.0,6.03,0.4,4.03,10582.0,623.0,6.11,0.36,3.58,9613.0,589.0,5.55,0.34,3.72,9633.0,606.0,5.56,0.35,3.83,11525.0,675.0,6.66,0.39,3.56,27935.0,1073.0,16.13,0.62,2.34,25884.0,987.0,14.95,0.57,2.32,23972.0,935.0,13.85,0.54,2.37,11967.0,658.0,6.91,0.38,3.34,9959.0,606.0,5.75,0.35,3.7,11768.0,658.0,6.8,0.38,3.4,6667.0,485.0,3.85,0.28,4.42,3159.0,312.0,1.82,0.18,6.01,136406.0,1143.0,78.79,0.66,0.51,21613.0,866.0,12.48,0.5,2.44,139173.0,1714.0,80.38,0.99,0.75,3422.0,502.0,1.98,0.29,8.9,342.0,260.0,0.2,0.15,45.59,14661.0,1143.0,8.47,0.66,4.74,75.0,242.0,0.04,0.14,212.77,11714.0,1177.0,6.77,0.68,6.11,3762.0,554.0,2.17,0.32,8.96,62041.0,1974.0,35.83,1.14,1.93,111093.0,1974.0,64.17,1.14,1.08,91860.0,1974.0,53.06,1.14,1.31,2495.0,433.0,1.44,0.25,10.55,110.0,242.0,0.06,0.14,141.84,14583.0,1143.0,8.42,0.66,4.77,9.0,225.0,0.01,0.13,790.27,319.0,277.0,0.18,0.16,54.04,1704.0,398.0,0.98,0.23,14.27
53,406,406,55607.0,,100,,,12132.0,623.0,21.82,1.12,3.12,22942.0,1102.0,19.77,0.95,2.92,2030.0,317.0,8.85,1.38,9.48,1179.0,227.0,5.14,0.99,11.71,8466.0,567.0,36.9,2.47,4.07,3203.0,356.0,13.96,1.55,6.75,8064.0,541.0,35.15,2.36,4.08,89630.0,2669.0,77.25,2.3,1.81,4266.0,484.0,4.76,0.54,6.9,3046.0,439.0,3.4,0.49,8.76,16074.0,887.0,17.93,0.99,3.36,48849.0,1210.0,54.5,1.35,1.51,95612.0,2854.0,82.41,2.46,1.81,2339.0,296.0,2.45,0.31,7.69,115559.0,383.0,99.6,0.33,0.2,12825.0,832.0,11.1,0.72,3.94,20388.0,1172.0,17.57,1.01,3.49,314.0,177.0,1.54,0.87,34.34,74323.0,1253.0,64.06,1.08,1.02,4931.0,565.0,6.63,0.76,6.97,20848.0,731.0,17.97,0.63,2.13,7571.0,444.0,36.32,2.13,3.57,114483.0,2320.0,98.67,2.0,1.23,103590.0,1088.0,90.48,0.95,0.64,9617.0,1030.0,8.4,0.9,6.51,1274.0,343.0,1.11,0.3,16.43,116022.0,,100,,,57678.0,1462.0,49.71,1.26,1.54,55503.0,1462.0,47.84,1.26,1.6,2181.0,348.0,1.88,0.3,9.7,58345.0,1531.0,50.29,1.32,1.6,41113.0,1004.0,70.47,1.72,1.48,17232.0,1004.0,29.53,1.72,3.54,14385.0,986.0,24.66,1.69,4.17,31541.0,1231.0,54.06,2.11,2.37,1182.0,315.0,2.03,0.54,16.17,22.0,163.0,0.04,0.28,425.53,10737.0,1074.0,18.4,1.84,6.08,465.0,210.0,0.8,0.36,27.36,108542.0,3005.0,93.55,2.59,1.68,42126.0,1606.0,38.81,1.48,2.32,27267.0,1183.0,25.12,1.09,2.64,14101.0,1422.0,12.99,1.31,6.13,97317.0,2912.0,83.88,2.51,1.82,62754.0,1070.0,64.48,1.1,1.04,59129.0,1100.0,60.76,1.13,1.13,3605.0,428.0,3.7,0.44,7.23,21.0,165.0,0.02,0.17,516.72,34563.0,1070.0,35.52,1.1,1.88,,,5.74,0.67,7.22,58019.0,1311.0,50.01,1.13,1.37,12896.0,725.0,22.23,1.25,3.42,3038.0,453.0,5.24,0.78,9.05,35103.0,893.0,60.5,1.54,1.55,3962.0,482.0,6.83,0.83,7.39,2395.0,348.0,4.13,0.6,8.83,59136.0,1311.0,50.97,1.13,1.35,36.0,166.0,0.06,0.28,283.69,1948.0,319.0,3.29,0.54,9.98,2602.0,408.0,4.4,0.69,9.53,1746.0,296.0,2.95,0.5,10.3,4903.0,520.0,8.29,0.88,6.45,2718.0,361.0,4.6,0.61,8.06,2422.0,367.0,4.1,0.62,9.19,7361.0,568.0,12.45,0.96,4.69,9239.0,639.0,15.62,1.08,4.2,15298.0,763.0,25.87,1.29,3.03,4451.0,532.0,7.53,0.9,7.27,3569.0,438.0,6.04,0.74,7.45,2835.0,402.0,4.79,0.68,8.63,4406.0,500.0,7.92,0.9,6.91,2783.0,378.0,5.0,0.68,8.27,4805.0,484.0,8.64,0.87,6.12,3592.0,411.0,6.46,0.74,6.96,5427.0,534.0,9.76,0.96,5.98,9475.0,651.0,17.04,1.17,4.17,7103.0,556.0,12.77,1.0,4.76,9227.0,634.0,16.59,1.14,4.18,4647.0,473.0,8.36,0.85,6.18,4157.0,406.0,7.48,0.73,5.93,42386.0,678.0,76.22,1.22,0.97,15427.0,695.0,27.74,1.25,2.74,7017.0,495.0,12.62,0.89,4.29,2961.0,367.0,5.32,0.66,7.54,1067.0,245.0,1.92,0.44,13.93,4999.0,445.0,8.99,0.8,5.41,106960.0,832.0,92.56,0.72,0.47,81378.0,1560.0,70.42,1.35,1.17,36372.0,1560.0,31.47,1.35,2.61,8599.0,832.0,7.44,0.72,5.88,54161.0,951.0,46.68,0.82,1.07,61861.0,951.0,53.32,0.82,0.93,7480.0,638.0,6.45,0.55,5.18,5877.0,557.0,5.07,0.48,5.76,4496.0,441.0,3.88,0.38,5.95,3932.0,429.0,3.39,0.37,6.63,4595.0,510.0,3.96,0.44,6.75,17785.0,1033.0,15.33,0.89,3.53,18663.0,917.0,16.09,0.79,2.98,15732.0,870.0,13.56,0.75,3.36,8645.0,638.0,7.45,0.55,4.49,7564.0,661.0,6.52,0.57,5.31,10593.0,696.0,9.13,0.6,3.99,6866.0,569.0,5.92,0.49,5.03,3771.0,429.0,3.25,0.37,6.92,95635.0,951.0,82.43,0.82,0.6,21227.0,986.0,18.3,0.85,2.82,72000.0,1961.0,62.06,1.69,1.66,3772.0,743.0,3.25,0.64,11.97,337.0,232.0,0.29,0.2,41.92,31424.0,1694.0,27.08,1.46,3.28,72.0,197.0,0.06,0.17,172.24,4774.0,963.0,4.11,0.83,12.28,3619.0,569.0,3.12,0.49,9.55,18328.0,1531.0,15.8,1.32,5.08,97695.0,1531.0,84.2,1.32,0.95,59497.0,1972.0,51.28,1.7,2.02,3403.0,731.0,2.93,0.63,13.07,259.0,232.0,0.22,0.2,55.26,31242.0,1694.0,26.93,1.46,3.3,72.0,197.0,0.06,0.17,172.24,327.0,209.0,0.28,0.18,39.08,2887.0,522.0,2.49,0.45,10.99
54,407,407,94662.0,,100,,,27328.0,984.0,28.87,1.04,2.19,53526.0,1770.0,21.48,0.71,2.01,2682.0,391.0,5.01,0.73,8.86,2600.0,380.0,4.86,0.71,8.88,18970.0,867.0,35.44,1.62,2.78,9808.0,680.0,18.32,1.27,4.21,19470.0,872.0,36.37,1.63,2.72,186265.0,3016.0,74.74,1.21,0.98,21666.0,1155.0,11.63,0.62,3.24,20545.0,1136.0,11.03,0.61,3.36,51748.0,1509.0,27.78,0.81,1.77,50961.0,1527.0,27.36,0.82,1.82,205221.0,3439.0,82.34,1.38,1.02,5258.0,451.0,2.56,0.22,5.22,246647.0,1421.0,98.96,0.57,0.35,20938.0,1011.0,8.49,0.41,2.94,43866.0,1595.0,17.6,0.64,2.21,903.0,281.0,2.06,0.64,18.89,161117.0,2019.0,64.65,0.81,0.76,7199.0,596.0,4.47,0.37,5.03,41663.0,1196.0,16.72,0.48,1.75,12856.0,646.0,30.86,1.55,3.05,246976.0,3664.0,99.1,1.47,0.9,226784.0,1630.0,91.82,0.66,0.44,16012.0,1432.0,6.48,0.58,5.44,4177.0,790.0,1.69,0.32,11.51,249229.0,,100,,,106883.0,2044.0,42.89,0.82,1.16,103626.0,2019.0,41.58,0.81,1.18,3237.0,474.0,1.3,0.19,8.88,142346.0,1994.0,57.11,0.8,0.85,71725.0,1879.0,50.39,1.32,1.59,70621.0,1879.0,49.61,1.32,1.62,12137.0,840.0,8.53,0.59,4.2,104885.0,1708.0,73.68,1.2,0.99,583.0,270.0,0.41,0.19,28.17,79.0,228.0,0.06,0.16,162.11,24461.0,1580.0,17.18,1.11,3.93,193.0,228.0,0.14,0.16,69.47,235842.0,3838.0,94.63,1.54,0.99,64062.0,2146.0,27.16,0.91,2.04,120559.0,2335.0,51.12,0.99,1.18,35529.0,2240.0,15.06,0.95,3.83,210002.0,3414.0,84.26,1.37,0.99,121664.0,1617.0,57.93,0.77,0.81,114131.0,1617.0,54.35,0.77,0.86,7409.0,609.0,3.53,0.29,4.99,122.0,231.0,0.06,0.11,111.45,88338.0,1617.0,42.07,0.77,1.11,,,6.09,0.49,5.0,110935.0,1645.0,44.51,0.66,0.9,39756.0,1154.0,35.84,1.04,1.76,14929.0,1021.0,13.46,0.92,4.16,41737.0,1298.0,37.62,1.17,1.89,10485.0,854.0,9.45,0.77,4.95,2405.0,355.0,2.17,0.32,8.96,114153.0,1670.0,45.8,0.67,0.89,261.0,240.0,0.23,0.21,55.5,7616.0,639.0,6.67,0.56,5.1,5139.0,548.0,4.5,0.48,6.48,3821.0,445.0,3.35,0.39,7.08,12056.0,799.0,10.56,0.7,4.03,7569.0,628.0,6.63,0.55,5.04,2667.0,365.0,2.34,0.32,8.31,9824.0,674.0,8.61,0.59,4.17,11369.0,776.0,9.96,0.68,4.15,22813.0,993.0,19.98,0.87,2.65,15930.0,993.0,13.95,0.87,3.79,11810.0,856.0,10.35,0.75,4.41,3268.0,388.0,2.86,0.34,7.23,7930.0,663.0,8.38,0.7,5.08,4770.0,483.0,5.04,0.51,6.15,11389.0,767.0,12.03,0.81,4.09,9375.0,691.0,9.9,0.73,4.48,11823.0,776.0,12.49,0.82,3.99,16121.0,833.0,17.03,0.88,3.14,10929.0,700.0,11.55,0.74,3.89,12289.0,719.0,12.98,0.76,3.56,5636.0,502.0,5.95,0.53,5.41,4392.0,426.0,4.64,0.45,5.9,73343.0,871.0,77.48,0.92,0.72,28185.0,918.0,29.77,0.97,1.98,12540.0,672.0,13.25,0.71,3.26,5676.0,511.0,6.0,0.54,5.47,2462.0,350.0,2.6,0.37,8.65,11607.0,710.0,12.26,0.75,3.72,201255.0,1949.0,81.6,0.79,0.59,127625.0,2516.0,51.74,1.02,1.2,92331.0,2466.0,37.43,1.0,1.62,45392.0,1949.0,18.4,0.79,2.61,119413.0,1396.0,47.91,0.56,0.71,129816.0,1396.0,52.09,0.56,0.65,13387.0,972.0,5.37,0.39,4.41,12094.0,847.0,4.85,0.34,4.26,11237.0,748.0,4.51,0.3,4.04,11314.0,798.0,4.54,0.32,4.28,14899.0,922.0,5.98,0.37,3.76,35720.0,1495.0,14.33,0.6,2.55,33301.0,1296.0,13.36,0.52,2.37,38685.0,1396.0,15.52,0.56,2.19,18923.0,997.0,7.59,0.4,3.2,16029.0,947.0,6.43,0.38,3.59,22271.0,1047.0,8.94,0.42,2.86,14174.0,847.0,5.69,0.34,3.63,7138.0,548.0,2.86,0.22,4.68,205349.0,1396.0,82.39,0.56,0.41,43596.0,1470.0,17.49,0.59,2.05,81647.0,2268.0,32.76,0.91,1.69,6356.0,947.0,2.55,0.38,9.06,813.0,349.0,0.33,0.14,25.79,130015.0,2841.0,52.17,1.14,1.33,119.0,249.0,0.05,0.1,121.58,23655.0,2293.0,9.49,0.92,5.89,6617.0,1171.0,2.65,0.47,10.78,43836.0,2592.0,17.59,1.04,3.59,205393.0,2592.0,82.41,1.04,0.77,63810.0,1994.0,25.6,0.8,1.9,5309.0,847.0,2.13,0.34,9.7,573.0,324.0,0.23,0.13,34.36,129742.0,2841.0,52.06,1.14,1.33,106.0,249.0,0.04,0.1,151.98,1705.0,773.0,0.68,0.31,27.71,4115.0,822.0,1.65,0.33,12.16
55,408,408,56711.0,,100,,,17771.0,777.0,31.34,1.37,2.66,42696.0,1638.0,26.58,1.02,2.33,2886.0,435.0,6.76,1.02,9.17,1962.0,350.0,4.6,0.82,10.84,13477.0,764.0,31.57,1.79,3.45,6905.0,529.0,16.17,1.24,4.66,17460.0,790.0,40.89,1.85,2.75,109939.0,2618.0,68.45,1.63,1.45,8715.0,847.0,7.93,0.77,5.9,6733.0,605.0,6.12,0.55,5.46,25068.0,1209.0,22.8,1.1,2.93,44379.0,1374.0,40.37,1.25,1.88,127485.0,2988.0,79.37,1.86,1.42,3437.0,433.0,2.7,0.34,7.66,159244.0,739.0,99.14,0.46,0.28,13927.0,876.0,8.75,0.55,3.82,33068.0,1606.0,20.59,1.0,2.95,793.0,218.0,2.4,0.66,16.72,104652.0,1879.0,65.15,1.17,1.09,6843.0,659.0,6.54,0.63,5.86,21518.0,835.0,13.4,0.52,2.36,6298.0,439.0,29.27,2.04,4.24,158223.0,2843.0,98.51,1.77,1.09,141967.0,1392.0,89.73,0.88,0.6,14622.0,1345.0,9.24,0.85,5.59,1678.0,443.0,1.06,0.28,16.06,160623.0,,100,,,84899.0,1735.0,52.86,1.08,1.24,81315.0,1735.0,50.62,1.08,1.3,3564.0,514.0,2.22,0.32,8.76,75724.0,1879.0,47.14,1.17,1.51,49375.0,1295.0,65.2,1.71,1.59,26349.0,1295.0,34.8,1.71,2.99,8007.0,742.0,10.57,0.98,5.64,44762.0,1492.0,59.11,1.97,2.03,1965.0,492.0,2.59,0.65,15.26,92.0,174.0,0.12,0.23,116.51,20588.0,1386.0,27.19,1.83,4.09,306.0,189.0,0.4,0.25,37.99,149569.0,3518.0,93.12,2.19,1.43,59001.0,2139.0,39.45,1.43,2.2,40867.0,1810.0,27.32,1.21,2.69,22555.0,1810.0,15.08,1.21,4.88,130869.0,3116.0,81.48,1.94,1.45,82182.0,1309.0,62.8,1.0,0.97,74555.0,1283.0,56.97,0.98,1.05,7587.0,720.0,5.8,0.55,5.76,42.0,183.0,0.03,0.14,283.69,48687.0,1309.0,37.2,1.0,1.63,,,9.23,0.86,5.77,72547.0,1430.0,45.17,0.89,1.2,27867.0,1016.0,38.41,1.4,2.22,5185.0,638.0,7.15,0.88,7.48,32809.0,1110.0,45.22,1.53,2.06,4124.0,522.0,5.68,0.72,7.71,1829.0,297.0,2.52,0.41,9.89,74560.0,1413.0,46.42,0.88,1.15,322.0,336.0,0.43,0.45,63.62,4076.0,559.0,5.47,0.75,8.34,2541.0,358.0,3.41,0.48,8.56,2443.0,485.0,3.28,0.65,12.05,7345.0,664.0,9.85,0.89,5.49,4806.0,529.0,6.45,0.71,6.69,1537.0,306.0,2.06,0.41,12.1,7779.0,716.0,10.43,0.96,5.6,8064.0,641.0,10.82,0.86,4.83,20887.0,947.0,28.01,1.27,2.76,6844.0,619.0,9.18,0.83,5.5,4849.0,559.0,6.5,0.75,7.01,3058.0,395.0,4.1,0.53,7.86,3889.0,425.0,6.86,0.75,6.65,2282.0,374.0,4.02,0.66,9.98,5277.0,522.0,9.31,0.92,6.01,5134.0,522.0,9.05,0.92,6.18,6375.0,550.0,11.24,0.97,5.25,10242.0,686.0,18.06,1.21,4.07,7112.0,567.0,12.54,1.0,4.85,8667.0,612.0,15.28,1.08,4.3,4419.0,465.0,7.79,0.82,6.4,3319.0,357.0,5.85,0.63,6.55,46451.0,601.0,81.91,1.06,0.79,14821.0,686.0,26.13,1.21,2.82,8417.0,539.0,14.84,0.95,3.89,2417.0,352.0,4.26,0.62,8.85,1838.0,301.0,3.24,0.53,9.94,5986.0,505.0,10.56,0.89,5.12,143643.0,1226.0,90.2,0.77,0.52,98848.0,2309.0,62.07,1.45,1.42,57629.0,2198.0,36.19,1.38,2.32,15601.0,1226.0,9.8,0.77,4.78,76147.0,1237.0,47.41,0.77,0.99,84476.0,1237.0,52.59,0.77,0.89,11054.0,899.0,6.88,0.56,4.95,8785.0,771.0,5.47,0.48,5.33,8343.0,707.0,5.19,0.44,5.15,10449.0,707.0,6.51,0.44,4.11,12045.0,867.0,7.5,0.54,4.38,23747.0,1317.0,14.78,0.82,3.37,20636.0,1028.0,12.85,0.64,3.03,21306.0,1076.0,13.26,0.67,3.07,11479.0,835.0,7.15,0.52,4.42,10177.0,739.0,6.34,0.46,4.41,12855.0,787.0,8.0,0.49,3.72,6300.0,546.0,3.92,0.34,5.27,3448.0,418.0,2.15,0.26,7.35,127527.0,1333.0,79.4,0.83,0.64,22574.0,1044.0,14.05,0.65,2.81,63843.0,2281.0,39.75,1.42,2.17,19454.0,1478.0,12.11,0.92,4.62,365.0,273.0,0.23,0.17,44.93,55078.0,2361.0,34.29,1.47,2.61,23.0,177.0,0.01,0.11,668.69,15171.0,1927.0,9.45,1.2,7.72,6672.0,1044.0,4.15,0.65,9.52,29785.0,2056.0,18.54,1.28,4.2,130838.0,2056.0,81.46,1.28,0.96,51315.0,1976.0,31.95,1.23,2.34,17845.0,1413.0,11.11,0.88,4.82,232.0,257.0,0.14,0.16,69.47,54731.0,2361.0,34.07,1.47,2.62,11.0,177.0,0.01,0.11,668.69,1762.0,530.0,1.1,0.33,18.24,4973.0,899.0,3.1,0.56,10.98
56,409,409,46393.0,,100,,,18890.0,575.0,40.72,1.24,1.85,40178.0,1107.0,25.78,0.71,1.67,1944.0,249.0,4.84,0.62,7.79,1939.0,257.0,4.83,0.64,8.06,15480.0,591.0,38.53,1.47,2.32,8770.0,478.0,21.83,1.19,3.31,12041.0,558.0,29.97,1.39,2.82,103726.0,1823.0,66.55,1.17,1.07,14047.0,747.0,13.54,0.72,3.23,10279.0,622.0,9.91,0.6,3.68,29435.0,882.0,28.38,0.85,1.82,27015.0,892.0,26.04,0.86,2.01,120135.0,2244.0,77.08,1.44,1.14,2467.0,252.0,2.05,0.21,6.23,155649.0,436.0,99.87,0.28,0.17,14056.0,732.0,9.03,0.47,3.16,35697.0,1169.0,22.9,0.75,1.99,1132.0,211.0,3.17,0.59,11.31,103893.0,1481.0,66.66,0.95,0.87,7505.0,509.0,7.22,0.49,4.13,16051.0,623.0,10.3,0.4,2.36,5406.0,324.0,33.68,2.02,3.65,154289.0,2727.0,99.0,1.75,1.07,138538.0,1265.0,89.79,0.82,0.56,14047.0,1219.0,9.1,0.79,5.28,1693.0,401.0,1.1,0.26,14.37,155853.0,,100,,,76395.0,1465.0,49.02,0.94,1.17,70895.0,1449.0,45.49,0.93,1.24,5505.0,561.0,3.53,0.36,6.2,79457.0,1512.0,50.98,0.97,1.16,46542.0,1104.0,58.57,1.39,1.44,32916.0,1104.0,41.43,1.39,2.04,5647.0,540.0,7.11,0.68,5.81,23855.0,1160.0,30.02,1.46,2.96,940.0,286.0,1.18,0.36,18.55,49.0,207.0,0.06,0.26,263.42,48700.0,1184.0,61.29,1.49,1.48,255.0,199.0,0.32,0.25,47.49,145558.0,2759.0,93.39,1.77,1.15,57995.0,1703.0,39.84,1.17,1.79,38111.0,1281.0,26.18,0.88,2.04,50012.0,1747.0,34.36,1.2,2.12,124635.0,2385.0,79.97,1.53,1.16,81304.0,1010.0,65.23,0.81,0.75,74811.0,1022.0,60.02,0.82,0.83,6462.0,474.0,5.18,0.38,4.46,18.0,212.0,0.01,0.17,1033.43,43331.0,1010.0,34.77,0.81,1.42,,,7.95,0.57,4.46,72649.0,1122.0,46.61,0.72,0.94,21276.0,748.0,29.29,1.03,2.14,4478.0,450.0,6.16,0.62,6.12,39750.0,843.0,54.72,1.16,1.29,4081.0,400.0,5.62,0.55,5.95,1920.0,283.0,2.64,0.39,8.98,74825.0,1122.0,48.01,0.72,0.91,137.0,210.0,0.18,0.28,94.56,6093.0,501.0,8.14,0.67,5.0,3614.0,359.0,4.83,0.48,6.04,2052.0,277.0,2.74,0.37,8.21,8237.0,569.0,11.01,0.76,4.2,7368.0,509.0,9.85,0.68,4.2,1316.0,224.0,1.76,0.3,10.36,5416.0,412.0,7.24,0.55,4.62,8092.0,509.0,10.81,0.68,3.82,16915.0,711.0,22.61,0.95,2.55,8015.0,531.0,10.71,0.71,4.03,4639.0,382.0,6.2,0.51,5.0,2931.0,307.0,3.92,0.41,6.36,2870.0,302.0,6.19,0.65,6.38,1598.0,232.0,3.44,0.5,8.84,4251.0,353.0,9.16,0.76,5.04,4095.0,362.0,8.83,0.78,5.37,5571.0,394.0,12.01,0.85,4.3,9235.0,501.0,19.91,1.08,3.3,6508.0,441.0,14.03,0.95,4.12,7145.0,427.0,15.4,0.92,3.63,2947.0,288.0,6.35,0.62,5.94,2187.0,246.0,4.71,0.53,6.84,39805.0,404.0,85.8,0.87,0.62,10824.0,464.0,23.33,1.0,2.61,5183.0,348.0,11.17,0.75,4.08,2963.0,278.0,6.39,0.6,5.71,1622.0,213.0,3.5,0.46,7.99,7373.0,422.0,15.89,0.91,3.48,134293.0,1136.0,86.28,0.73,0.51,77542.0,1806.0,49.82,1.16,1.42,64511.0,1728.0,41.45,1.11,1.63,21356.0,1136.0,13.72,0.73,3.23,77044.0,904.0,49.43,0.58,0.71,78808.0,904.0,50.57,0.58,0.7,10294.0,639.0,6.6,0.41,3.78,9419.0,545.0,6.04,0.35,3.52,9535.0,545.0,6.12,0.35,3.48,10312.0,592.0,6.62,0.38,3.49,12583.0,655.0,8.07,0.42,3.16,24641.0,951.0,15.81,0.61,2.35,21487.0,826.0,13.79,0.53,2.34,22466.0,810.0,14.41,0.52,2.19,10350.0,608.0,6.64,0.39,3.57,8592.0,530.0,5.51,0.34,3.75,9761.0,530.0,6.26,0.34,3.3,4583.0,374.0,2.94,0.24,4.96,1854.0,234.0,1.19,0.15,7.66,120151.0,997.0,77.09,0.64,0.5,16196.0,717.0,10.39,0.46,2.69,59520.0,1979.0,38.19,1.27,2.02,10352.0,904.0,6.64,0.58,5.31,1011.0,343.0,0.65,0.22,20.58,41264.0,1839.0,26.48,1.18,2.71,48.0,218.0,0.03,0.14,283.69,35266.0,1855.0,22.63,1.19,3.2,8385.0,904.0,5.38,0.58,6.55,64934.0,1979.0,41.66,1.27,1.85,90918.0,1979.0,58.34,1.27,1.32,27583.0,1309.0,17.7,0.84,2.88,9256.0,888.0,5.94,0.57,5.83,647.0,327.0,0.42,0.21,30.4,41026.0,1839.0,26.32,1.18,2.73,48.0,218.0,0.03,0.14,283.69,7758.0,810.0,4.98,0.52,6.35,4591.0,608.0,2.95,0.39,8.04
57,410,410,39162.0,,100,,,15487.0,603.0,39.55,1.54,2.37,35013.0,1265.0,25.74,0.93,2.2,1844.0,305.0,5.27,0.87,10.04,1783.0,280.0,5.09,0.8,9.55,13015.0,644.0,37.17,1.84,3.01,7402.0,494.0,21.14,1.41,4.05,10963.0,602.0,31.31,1.72,3.34,93222.0,2204.0,68.53,1.62,1.44,10686.0,699.0,11.46,0.75,3.98,10884.0,690.0,11.68,0.74,3.85,30168.0,1007.0,32.36,1.08,2.03,19337.0,997.0,20.74,1.07,3.14,106889.0,2571.0,78.57,1.89,1.46,3071.0,342.0,2.87,0.32,6.78,135979.0,82.0,99.96,0.06,0.04,15535.0,857.0,11.42,0.63,3.35,29112.0,1224.0,21.4,0.9,2.56,1508.0,311.0,5.18,1.07,12.56,89616.0,1184.0,65.88,0.87,0.8,7566.0,600.0,8.44,0.67,4.83,17277.0,735.0,12.7,0.54,2.59,6474.0,396.0,37.47,2.29,3.72,134779.0,2517.0,99.08,1.85,1.14,124642.0,1173.0,92.48,0.87,0.57,9187.0,1132.0,6.82,0.84,7.49,957.0,350.0,0.71,0.26,22.26,136035.0,,100,,,74337.0,1564.0,54.65,1.15,1.28,69718.0,1578.0,51.25,1.16,1.38,4645.0,558.0,3.41,0.41,7.31,61699.0,1564.0,45.36,1.15,1.54,39915.0,1043.0,64.69,1.69,1.59,21784.0,1043.0,35.31,1.69,2.91,4081.0,549.0,6.61,0.89,8.19,11015.0,1160.0,17.85,1.88,6.4,548.0,210.0,0.89,0.34,23.22,7.0,173.0,0.01,0.28,1702.13,45917.0,1240.0,74.42,2.01,1.64,124.0,179.0,0.2,0.29,88.15,128335.0,2694.0,94.34,1.98,1.28,81980.0,1989.0,63.88,1.55,1.48,17337.0,1065.0,13.51,0.83,3.73,25599.0,1694.0,19.95,1.32,4.02,110728.0,2680.0,81.4,1.97,1.47,71453.0,1063.0,64.53,0.96,0.9,64226.0,1052.0,58.0,0.95,1.0,7235.0,554.0,6.53,0.5,4.65,10.0,177.0,0.01,0.16,972.64,39275.0,1063.0,35.47,0.96,1.65,,,10.13,0.76,4.65,62501.0,1007.0,45.94,0.74,0.98,26588.0,875.0,42.54,1.4,2.0,4851.0,475.0,7.76,0.76,5.95,26842.0,925.0,42.95,1.48,2.09,2161.0,294.0,3.46,0.47,8.26,1231.0,225.0,1.97,0.36,11.11,64218.0,1034.0,47.21,0.76,0.98,59.0,167.0,0.09,0.26,175.62,4575.0,482.0,7.12,0.75,6.4,3332.0,430.0,5.19,0.67,7.85,1575.0,276.0,2.45,0.43,10.67,7606.0,604.0,11.84,0.94,4.83,6774.0,533.0,10.55,0.83,4.78,1393.0,244.0,2.17,0.38,10.65,5561.0,482.0,8.66,0.75,5.26,6135.0,501.0,9.55,0.78,4.97,15271.0,726.0,23.78,1.13,2.89,5315.0,482.0,8.28,0.75,5.51,4090.0,405.0,6.37,0.63,6.01,2515.0,321.0,3.92,0.5,7.75,2205.0,290.0,5.63,0.74,7.99,1507.0,258.0,3.85,0.66,10.42,3340.0,356.0,8.53,0.91,6.49,3091.0,345.0,7.89,0.88,6.78,4943.0,446.0,12.62,1.14,5.49,6971.0,490.0,17.8,1.25,4.27,5423.0,470.0,13.85,1.2,5.27,6528.0,470.0,16.67,1.2,4.38,3016.0,349.0,7.7,0.89,7.03,2145.0,302.0,5.48,0.77,8.54,32863.0,458.0,83.92,1.17,0.85,11686.0,564.0,29.84,1.44,2.93,6195.0,439.0,15.82,1.12,4.3,2418.0,286.0,6.17,0.73,7.19,1482.0,223.0,3.78,0.57,9.17,6003.0,450.0,15.33,1.15,4.56,120796.0,965.0,88.83,0.71,0.49,76261.0,1877.0,56.08,1.38,1.5,55421.0,1822.0,40.76,1.34,2.0,15188.0,965.0,11.17,0.71,3.86,66427.0,1007.0,48.83,0.74,0.92,69608.0,1007.0,51.17,0.74,0.88,7700.0,653.0,5.66,0.48,5.16,7481.0,571.0,5.5,0.42,4.64,8744.0,599.0,6.43,0.44,4.16,8326.0,612.0,6.12,0.45,4.47,10540.0,667.0,7.75,0.49,3.84,18190.0,911.0,13.37,0.67,3.05,18832.0,898.0,13.84,0.66,2.9,21222.0,952.0,15.6,0.7,2.73,9714.0,626.0,7.14,0.46,3.92,8007.0,599.0,5.89,0.44,4.54,9879.0,653.0,7.26,0.48,4.02,5047.0,490.0,3.71,0.36,5.9,2351.0,395.0,1.73,0.29,10.19,106897.0,1075.0,78.58,0.79,0.61,17277.0,898.0,12.7,0.66,3.16,45534.0,1796.0,33.47,1.32,2.4,21607.0,1442.0,15.88,1.06,4.06,1151.0,476.0,0.85,0.35,25.03,28842.0,1836.0,21.2,1.35,3.87,74.0,190.0,0.05,0.14,170.21,30448.0,1986.0,22.38,1.46,3.97,8353.0,898.0,6.14,0.66,6.53,35026.0,1945.0,25.75,1.43,3.38,101009.0,1945.0,74.25,1.43,1.17,29638.0,1306.0,21.79,0.96,2.68,20537.0,1415.0,15.1,1.04,4.19,737.0,354.0,0.54,0.26,29.27,28556.0,1823.0,20.99,1.34,3.88,74.0,190.0,0.05,0.14,170.21,15468.0,1456.0,11.37,1.07,5.72,5981.0,735.0,4.4,0.54,7.46
58,411,411,45165.0,,100,,,13163.0,574.0,29.14,1.27,2.65,26596.0,1123.0,22.26,0.94,2.57,1761.0,271.0,6.62,1.02,9.37,1319.0,242.0,4.96,0.91,11.15,10002.0,500.0,37.61,1.88,3.04,5268.0,418.0,19.81,1.57,4.82,8245.0,492.0,31.0,1.85,3.63,88914.0,1923.0,74.43,1.61,1.31,5380.0,516.0,6.05,0.58,5.83,4240.0,436.0,4.77,0.49,6.24,19374.0,845.0,21.79,0.95,2.65,38711.0,1076.0,43.54,1.21,1.69,96607.0,2210.0,80.87,1.85,1.39,3247.0,319.0,3.36,0.33,5.97,118870.0,334.0,99.51,0.28,0.17,10175.0,630.0,8.56,0.53,3.76,22817.0,1027.0,19.1,0.86,2.74,253.0,151.0,1.11,0.66,36.15,74979.0,1039.0,62.77,0.87,0.84,3774.0,382.0,5.03,0.51,6.16,21073.0,669.0,17.64,0.56,1.93,6131.0,413.0,29.09,1.96,4.1,118266.0,1875.0,99.01,1.57,0.96,108742.0,1076.0,91.95,0.91,0.6,8564.0,1017.0,7.24,0.86,7.22,968.0,355.0,0.82,0.3,22.24,119454.0,,100,,,68628.0,1314.0,57.45,1.1,1.16,66996.0,1302.0,56.09,1.09,1.18,1629.0,275.0,1.36,0.23,10.28,50826.0,1398.0,42.55,1.17,1.67,35344.0,874.0,69.54,1.72,1.5,15482.0,874.0,30.46,1.72,3.43,7299.0,630.0,14.36,1.24,5.25,36357.0,910.0,71.53,1.79,1.52,481.0,346.0,0.95,0.68,43.51,39.0,168.0,0.08,0.33,250.76,6535.0,701.0,12.86,1.38,6.52,121.0,152.0,0.24,0.3,75.99,113164.0,2305.0,94.73,1.93,1.24,47060.0,1550.0,41.59,1.37,2.0,34389.0,1358.0,30.39,1.2,2.4,9719.0,985.0,8.59,0.87,6.16,99178.0,2294.0,83.03,1.92,1.41,62322.0,972.0,62.84,0.98,0.95,58692.0,992.0,59.18,1.0,1.03,3594.0,426.0,3.62,0.43,7.22,25.0,179.0,0.03,0.18,364.74,36856.0,972.0,37.16,0.98,1.6,,,5.77,0.68,7.21,56844.0,980.0,47.59,0.82,1.05,29723.0,796.0,52.29,1.4,1.63,5933.0,546.0,10.44,0.96,5.59,17181.0,739.0,30.22,1.3,2.62,1397.0,250.0,2.46,0.44,10.87,2123.0,296.0,3.73,0.52,8.47,58680.0,980.0,49.12,0.82,1.02,50.0,182.0,0.09,0.31,209.39,3373.0,370.0,5.75,0.63,6.66,2453.0,317.0,4.18,0.54,7.85,2308.0,305.0,3.93,0.52,8.04,5860.0,475.0,9.99,0.81,4.93,3513.0,381.0,5.99,0.65,6.6,1868.0,270.0,3.18,0.46,8.79,6722.0,522.0,11.46,0.89,4.72,6612.0,516.0,11.27,0.88,4.75,14430.0,675.0,24.59,1.15,2.84,4925.0,505.0,8.39,0.86,6.23,4080.0,422.0,6.95,0.72,6.3,2487.0,311.0,4.24,0.53,7.6,1859.0,276.0,4.12,0.61,9.0,1179.0,226.0,2.61,0.5,11.65,3244.0,343.0,7.18,0.76,6.43,3319.0,384.0,7.35,0.85,7.03,4322.0,375.0,9.57,0.83,5.27,7837.0,506.0,17.35,1.12,3.92,6400.0,465.0,14.17,1.03,4.42,8469.0,501.0,18.75,1.11,3.6,4509.0,379.0,9.98,0.84,5.12,4027.0,343.0,8.92,0.76,5.18,36086.0,497.0,79.9,1.1,0.84,14548.0,551.0,32.21,1.22,2.3,8014.0,447.0,17.74,0.99,3.39,1374.0,208.0,3.04,0.46,9.2,585.0,145.0,1.3,0.32,14.96,2894.0,330.0,6.41,0.73,6.92,108899.0,880.0,91.61,0.74,0.49,86162.0,1486.0,72.48,1.25,1.05,35825.0,1355.0,30.14,1.14,2.3,9971.0,880.0,8.39,0.74,5.36,57609.0,848.0,48.23,0.71,0.89,61845.0,848.0,51.77,0.71,0.83,6292.0,573.0,5.27,0.48,5.54,6227.0,514.0,5.21,0.43,5.02,6295.0,502.0,5.27,0.42,4.84,5855.0,478.0,4.9,0.4,4.96,5862.0,490.0,4.91,0.41,5.08,15023.0,848.0,12.58,0.71,3.43,16485.0,765.0,13.8,0.64,2.82,18196.0,836.0,15.23,0.7,2.79,9289.0,597.0,7.78,0.5,3.91,8325.0,585.0,6.97,0.49,4.27,11766.0,681.0,9.85,0.57,3.52,6022.0,478.0,5.04,0.4,4.82,3811.0,394.0,3.19,0.33,6.29,96632.0,872.0,80.89,0.73,0.55,21600.0,896.0,18.08,0.75,2.52,57634.0,1768.0,48.25,1.48,1.86,2593.0,669.0,2.17,0.56,15.69,90.0,179.0,0.08,0.15,113.98,51449.0,1828.0,43.07,1.53,2.16,59.0,191.0,0.05,0.16,194.53,3865.0,729.0,3.24,0.61,11.45,3775.0,860.0,3.16,0.72,13.85,13984.0,1338.0,11.71,1.12,5.81,105472.0,1338.0,88.29,1.12,0.77,49354.0,1648.0,41.32,1.38,2.03,2111.0,561.0,1.77,0.47,16.14,67.0,179.0,0.06,0.15,151.98,51111.0,1828.0,42.79,1.53,2.17,53.0,191.0,0.04,0.16,243.16,271.0,215.0,0.23,0.18,47.57,2500.0,681.0,2.09,0.57,16.58
59,412,412,75767.0,,100,,,30690.0,826.0,40.51,1.09,1.64,66416.0,1709.0,27.21,0.7,1.56,4488.0,458.0,6.76,0.69,6.2,3141.0,352.0,4.73,0.53,6.81,25888.0,837.0,38.98,1.26,1.97,13216.0,677.0,19.9,1.02,3.12,19684.0,810.0,29.64,1.22,2.5,162328.0,2587.0,66.51,1.06,0.97,15884.0,877.0,9.79,0.54,3.35,15264.0,844.0,9.4,0.52,3.36,51275.0,1347.0,31.59,0.83,1.6,34210.0,1153.0,21.07,0.71,2.05,186724.0,3149.0,76.5,1.29,1.03,6349.0,523.0,3.4,0.28,5.01,242790.0,610.0,99.47,0.25,0.15,25930.0,1093.0,10.68,0.45,2.56,57215.0,1660.0,23.44,0.68,1.76,1739.0,303.0,3.04,0.53,10.6,156613.0,1709.0,64.17,0.7,0.66,13014.0,830.0,8.31,0.53,3.88,28985.0,903.0,11.88,0.37,1.89,11191.0,487.0,38.61,1.68,2.65,241389.0,3808.0,98.9,1.56,0.96,221164.0,1593.0,91.62,0.66,0.44,17518.0,1472.0,7.26,0.61,5.11,2685.0,628.0,1.11,0.26,14.24,244074.0,,100,,,140829.0,2026.0,57.7,0.83,0.87,136265.0,2026.0,55.83,0.83,0.9,4574.0,513.0,1.87,0.21,6.83,103246.0,2026.0,42.3,0.83,1.19,60958.0,1322.0,59.04,1.28,1.32,42288.0,1322.0,40.96,1.28,1.9,1485.0,310.0,1.44,0.3,12.66,15876.0,1260.0,15.38,1.22,4.82,4446.0,712.0,4.31,0.69,9.73,23.0,258.0,0.02,0.25,759.88,81236.0,1394.0,78.68,1.35,1.04,173.0,248.0,0.17,0.24,85.82,227638.0,4027.0,93.27,1.65,1.08,163210.0,2117.0,71.7,0.93,0.79,32388.0,1480.0,14.23,0.65,2.78,31908.0,1821.0,14.02,0.8,3.47,193572.0,3319.0,79.31,1.36,1.04,129849.0,1413.0,67.08,0.73,0.66,114146.0,1432.0,58.97,0.74,0.76,15585.0,852.0,8.05,0.44,3.32,99.0,271.0,0.05,0.14,170.21,63723.0,1413.0,32.92,0.73,1.35,,,12.0,0.64,3.32,110921.0,1464.0,45.45,0.6,0.8,41148.0,1142.0,37.1,1.03,1.69,4985.0,477.0,4.49,0.43,5.82,56824.0,1176.0,51.23,1.06,1.26,4207.0,477.0,3.79,0.43,6.9,2249.0,422.0,2.03,0.38,11.38,114149.0,1464.0,46.77,0.6,0.78,136.0,251.0,0.12,0.22,111.45,6493.0,559.0,5.69,0.49,5.24,3557.0,422.0,3.12,0.37,7.21,1849.0,342.0,1.62,0.3,11.26,13234.0,799.0,11.59,0.7,3.67,13052.0,742.0,11.43,0.65,3.46,2358.0,320.0,2.07,0.28,8.22,6545.0,537.0,5.73,0.47,4.99,9790.0,639.0,8.58,0.56,3.97,35254.0,1073.0,30.88,0.94,1.85,9372.0,742.0,8.21,0.65,4.81,5493.0,491.0,4.81,0.43,5.43,7002.0,571.0,6.13,0.5,4.96,5066.0,477.0,6.69,0.63,5.72,3808.0,394.0,5.03,0.52,6.28,7529.0,553.0,9.94,0.73,4.46,7162.0,538.0,9.45,0.71,4.57,10746.0,667.0,14.18,0.88,3.77,13927.0,765.0,18.38,1.01,3.34,10333.0,614.0,13.64,0.81,3.61,11139.0,606.0,14.7,0.8,3.31,3979.0,379.0,5.25,0.5,5.79,2063.0,265.0,2.72,0.35,7.82,62248.0,682.0,82.16,0.9,0.67,21953.0,758.0,28.97,1.0,2.1,12821.0,652.0,16.92,0.86,3.09,4917.0,417.0,6.49,0.55,5.15,3654.0,371.0,4.82,0.49,6.18,15779.0,697.0,20.83,0.92,2.68,212866.0,1505.0,87.67,0.62,0.43,128074.0,2331.0,52.75,0.96,1.11,101778.0,2307.0,41.92,0.95,1.38,29924.0,1505.0,12.33,0.62,3.06,113912.0,1440.0,46.67,0.59,0.77,130162.0,1440.0,53.33,0.59,0.67,16437.0,879.0,6.73,0.36,3.25,14897.0,781.0,6.1,0.32,3.19,16071.0,805.0,6.58,0.33,3.05,15914.0,830.0,6.52,0.34,3.17,18432.0,927.0,7.55,0.38,3.06,36709.0,1294.0,15.04,0.53,2.14,31612.0,1172.0,12.95,0.48,2.25,35404.0,1098.0,14.51,0.45,1.89,16118.0,830.0,6.6,0.34,3.13,12576.0,708.0,5.15,0.29,3.42,16809.0,781.0,6.89,0.32,2.82,8981.0,610.0,3.68,0.25,4.13,4138.0,415.0,1.7,0.17,6.08,186831.0,1416.0,76.55,0.58,0.46,29905.0,1098.0,12.25,0.45,2.23,15022.0,1464.0,6.15,0.6,5.93,156174.0,2172.0,63.99,0.89,0.85,1016.0,464.0,0.42,0.19,27.5,28901.0,1831.0,11.84,0.75,3.85,60.0,268.0,0.02,0.11,334.35,34452.0,2148.0,14.12,0.88,3.79,8466.0,952.0,3.47,0.39,6.83,41300.0,2172.0,16.92,0.89,3.2,202775.0,2172.0,83.08,0.89,0.65,4454.0,513.0,1.82,0.21,7.01,150902.0,2245.0,61.83,0.92,0.9,876.0,464.0,0.36,0.19,32.08,28710.0,1831.0,11.76,0.75,3.88,58.0,268.0,0.02,0.11,334.35,11382.0,1294.0,4.66,0.53,6.91,6403.0,781.0,2.62,0.32,7.42
60,413,413,60720.0,,100,,,21321.0,668.0,35.11,1.1,1.9,50432.0,1458.0,25.25,0.73,1.76,2702.0,363.0,5.36,0.72,8.17,2173.0,313.0,4.31,0.62,8.74,16808.0,686.0,33.33,1.36,2.48,10398.0,580.0,20.62,1.15,3.39,18348.0,711.0,36.38,1.41,2.36,140381.0,2377.0,70.28,1.19,1.03,7432.0,576.0,5.29,0.41,4.71,10146.0,660.0,7.23,0.47,3.95,41390.0,1221.0,29.48,0.87,1.79,39815.0,1193.0,28.36,0.85,1.82,159977.0,2497.0,80.09,1.25,0.95,5803.0,432.0,3.63,0.27,4.52,197913.0,1358.0,99.08,0.68,0.42,19251.0,910.0,9.73,0.46,2.87,39438.0,1418.0,19.74,0.71,2.19,952.0,233.0,2.41,0.59,14.88,128589.0,1758.0,64.37,0.88,0.83,8875.0,617.0,6.9,0.48,4.23,29900.0,919.0,14.97,0.46,1.87,9435.0,457.0,31.55,1.53,2.95,197728.0,3256.0,98.98,1.63,1.0,183019.0,1345.0,92.56,0.68,0.45,12874.0,1246.0,6.51,0.63,5.88,1827.0,435.0,0.92,0.22,14.54,199757.0,,100,,,116144.0,1798.0,58.14,0.9,0.94,112698.0,1818.0,56.42,0.91,0.98,3451.0,439.0,1.73,0.22,7.73,83612.0,1858.0,41.86,0.93,1.35,59352.0,1079.0,70.98,1.29,1.1,24260.0,1079.0,29.01,1.29,2.7,2579.0,393.0,3.08,0.47,9.28,19523.0,861.0,23.35,1.03,2.68,3027.0,518.0,3.62,0.62,10.41,22.0,234.0,0.03,0.28,567.38,58237.0,970.0,69.65,1.16,1.01,226.0,226.0,0.27,0.27,60.79,188522.0,3336.0,94.38,1.67,1.08,127493.0,1961.0,67.63,1.04,0.93,23623.0,1301.0,12.53,0.69,3.35,17139.0,1339.0,9.09,0.71,4.75,164930.0,2557.0,82.57,1.28,0.94,106163.0,1220.0,64.37,0.74,0.7,97248.0,1220.0,58.96,0.74,0.76,8843.0,610.0,5.36,0.37,4.2,61.0,231.0,0.04,0.14,212.77,58768.0,1220.0,35.63,0.74,1.26,,,8.33,0.57,4.19,94275.0,1458.0,47.19,0.73,0.94,48363.0,1084.0,51.3,1.15,1.36,6905.0,632.0,7.32,0.67,5.56,34285.0,1037.0,36.37,1.1,1.84,1673.0,302.0,1.77,0.32,10.99,2287.0,330.0,2.43,0.35,8.76,97243.0,1458.0,48.68,0.73,0.91,75.0,224.0,0.08,0.23,174.77,4611.0,467.0,4.74,0.48,6.16,3037.0,360.0,3.12,0.37,7.21,1556.0,272.0,1.6,0.28,10.64,10195.0,671.0,10.48,0.69,4.0,10462.0,642.0,10.76,0.66,3.73,1879.0,282.0,1.93,0.29,9.13,7133.0,535.0,7.34,0.55,4.56,9192.0,661.0,9.45,0.68,4.37,32289.0,953.0,33.2,0.98,1.79,6298.0,603.0,6.48,0.62,5.82,4173.0,418.0,4.29,0.43,6.09,6354.0,496.0,6.53,0.51,4.75,2548.0,310.0,4.2,0.51,7.38,1828.0,267.0,3.01,0.44,8.89,3875.0,358.0,6.38,0.59,5.62,4252.0,389.0,7.0,0.64,5.56,6498.0,474.0,10.7,0.78,4.43,10314.0,577.0,16.99,0.95,3.4,9478.0,565.0,15.61,0.93,3.62,12224.0,577.0,20.13,0.95,2.87,6288.0,468.0,10.36,0.77,4.52,3417.0,334.0,5.63,0.55,5.94,49658.0,516.0,81.78,0.85,0.63,20612.0,619.0,33.95,1.02,1.83,13986.0,577.0,23.03,0.95,2.51,2607.0,279.0,4.29,0.46,6.52,2068.0,261.0,3.41,0.43,7.67,6990.0,461.0,11.51,0.76,4.01,180985.0,1187.0,91.45,0.6,0.4,135054.0,1959.0,68.24,0.99,0.88,65409.0,1821.0,33.05,0.92,1.69,16928.0,1187.0,8.55,0.6,4.27,92417.0,1139.0,46.26,0.57,0.75,107340.0,1139.0,53.74,0.57,0.64,11234.0,799.0,5.62,0.4,4.33,10308.0,699.0,5.16,0.35,4.12,10824.0,639.0,5.42,0.32,3.59,11902.0,659.0,5.96,0.33,3.37,15132.0,779.0,7.58,0.39,3.13,27843.0,1139.0,13.94,0.57,2.49,24741.0,979.0,12.39,0.49,2.4,29654.0,1039.0,14.85,0.52,2.13,14749.0,759.0,7.38,0.38,3.13,12660.0,699.0,6.34,0.35,3.36,17730.0,779.0,8.88,0.39,2.67,8734.0,539.0,4.37,0.27,3.76,4227.0,380.0,2.12,0.19,5.45,160037.0,1238.0,80.12,0.62,0.47,30714.0,979.0,15.38,0.49,1.94,33502.0,1598.0,16.77,0.8,2.9,114842.0,1618.0,57.49,0.81,0.86,433.0,280.0,0.22,0.14,38.68,30591.0,1518.0,15.31,0.76,3.02,219.0,280.0,0.11,0.14,77.37,12699.0,1338.0,6.36,0.67,6.4,7451.0,859.0,3.73,0.43,7.01,23497.0,1678.0,11.76,0.84,4.34,176260.0,1678.0,88.24,0.84,0.58,23491.0,1318.0,11.76,0.66,3.41,111336.0,1638.0,55.74,0.82,0.89,329.0,260.0,0.16,0.13,49.39,30401.0,1518.0,15.22,0.76,3.04,167.0,260.0,0.08,0.13,98.78,4560.0,779.0,2.28,0.39,10.4,5980.0,799.0,2.99,0.4,8.13
61,414,414,46236.0,,100,,,17291.0,768.0,37.4,1.66,2.7,34543.0,1604.0,28.43,1.32,2.82,3293.0,477.0,9.53,1.38,8.8,2018.0,321.0,5.84,0.93,9.68,14203.0,729.0,41.12,2.11,3.12,7112.0,584.0,20.59,1.69,4.99,7922.0,629.0,22.93,1.82,4.83,77405.0,2418.0,63.7,1.99,1.9,7062.0,681.0,9.12,0.88,5.87,10337.0,797.0,13.35,1.03,4.69,19058.0,944.0,24.62,1.22,3.01,20919.0,1060.0,27.03,1.37,3.08,87642.0,2843.0,72.12,2.34,1.97,3520.0,394.0,4.02,0.45,6.8,117662.0,693.0,96.83,0.57,0.36,20566.0,1224.0,17.48,1.04,3.62,33709.0,1677.0,27.74,1.38,3.02,2575.0,458.0,7.64,1.36,10.82,69442.0,1276.0,57.15,1.05,1.12,11046.0,882.0,15.91,1.27,4.85,14521.0,753.0,11.95,0.62,3.15,6955.0,443.0,47.9,3.05,3.87,119441.0,3196.0,98.29,2.63,1.63,109095.0,1266.0,91.34,1.06,0.71,9705.0,1230.0,8.13,1.03,7.7,642.0,299.0,0.54,0.25,28.14,121517.0,,100,,,89823.0,1665.0,73.92,1.37,1.13,85731.0,1713.0,70.55,1.41,1.21,4102.0,680.0,3.38,0.56,10.07,31694.0,1640.0,26.08,1.35,3.15,19513.0,811.0,61.57,2.56,2.53,12181.0,811.0,38.43,2.56,4.05,5269.0,523.0,16.62,1.65,6.04,2965.0,583.0,9.35,1.84,11.96,1893.0,520.0,5.97,1.64,16.7,26.0,143.0,0.08,0.45,341.95,21379.0,818.0,67.45,2.58,2.33,161.0,124.0,0.51,0.39,46.49,110824.0,2941.0,91.2,2.42,1.61,76056.0,1851.0,68.63,1.67,1.48,14501.0,1219.0,13.08,1.1,5.11,20826.0,1607.0,18.79,1.45,4.69,91427.0,2868.0,75.24,2.36,1.91,53160.0,1115.0,58.14,1.22,1.28,48098.0,1125.0,52.61,1.23,1.42,4943.0,567.0,5.41,0.62,6.97,123.0,165.0,0.13,0.18,84.17,38266.0,1115.0,41.85,1.22,1.77,,,9.3,1.05,6.97,47077.0,1142.0,38.74,0.94,1.47,21329.0,927.0,45.31,1.97,2.64,3021.0,466.0,6.42,0.99,9.37,17689.0,899.0,37.57,1.91,3.09,2917.0,490.0,6.2,1.04,10.2,1078.0,306.0,2.29,0.65,17.25,48108.0,1215.0,39.59,1.0,1.54,17.0,144.0,0.04,0.3,455.93,3227.0,447.0,6.71,0.93,8.43,1393.0,318.0,2.9,0.66,13.84,673.0,212.0,1.4,0.44,19.11,3993.0,500.0,8.3,1.04,7.62,4136.0,534.0,8.6,1.11,7.85,1029.0,241.0,2.14,0.5,14.2,3716.0,457.0,7.72,0.95,7.48,4937.0,539.0,10.26,1.12,6.64,16048.0,813.0,33.36,1.69,3.08,3505.0,481.0,7.29,1.0,8.34,2390.0,385.0,4.97,0.8,9.79,3036.0,414.0,6.31,0.86,8.29,5647.0,550.0,12.21,1.19,5.92,2628.0,375.0,5.68,0.81,8.67,4741.0,532.0,10.25,1.15,6.82,4085.0,504.0,8.84,1.09,7.5,5796.0,601.0,12.54,1.3,6.3,7175.0,615.0,15.52,1.33,5.21,5179.0,495.0,11.2,1.07,5.81,5972.0,532.0,12.92,1.15,5.41,2802.0,388.0,6.06,0.84,8.43,2192.0,333.0,4.74,0.72,9.23,34932.0,670.0,75.55,1.45,1.17,12518.0,689.0,27.07,1.49,3.35,7416.0,536.0,16.04,1.16,4.4,5450.0,555.0,11.79,1.2,6.19,2144.0,361.0,4.64,0.78,10.22,12154.0,703.0,26.29,1.52,3.51,107627.0,953.0,91.47,0.81,0.54,64794.0,2083.0,55.07,1.77,1.95,53181.0,2024.0,45.2,1.72,2.31,10035.0,953.0,8.53,0.81,5.77,57314.0,1118.0,47.17,0.92,1.19,64203.0,1118.0,52.83,0.92,1.06,10693.0,924.0,8.8,0.76,5.25,9330.0,680.0,7.68,0.56,4.43,8581.0,705.0,7.06,0.58,4.99,7628.0,656.0,6.28,0.54,5.23,7873.0,729.0,6.48,0.6,5.63,15471.0,1009.0,12.73,0.83,3.96,13711.0,851.0,11.28,0.7,3.77,16634.0,960.0,13.69,0.79,3.51,7454.0,644.0,6.13,0.53,5.26,7154.0,656.0,5.89,0.54,5.57,8532.0,668.0,7.02,0.55,4.76,6008.0,595.0,4.94,0.49,6.03,2434.0,328.0,2.0,0.27,8.21,87776.0,1337.0,72.23,1.1,0.93,16961.0,936.0,13.96,0.77,3.35,57975.0,1944.0,47.71,1.6,2.04,45784.0,1944.0,37.68,1.6,2.58,453.0,267.0,0.37,0.22,36.15,4758.0,996.0,3.92,0.82,12.72,58.0,170.0,0.05,0.14,170.21,9629.0,1434.0,7.92,1.18,9.06,2854.0,668.0,2.35,0.55,14.23,28597.0,2005.0,23.53,1.65,4.26,92920.0,2005.0,76.47,1.65,1.31,42532.0,1568.0,35.0,1.29,2.24,42957.0,1956.0,35.35,1.61,2.77,208.0,219.0,0.17,0.18,64.37,4702.0,996.0,3.87,0.82,12.88,58.0,170.0,0.05,0.14,170.21,845.0,450.0,0.7,0.37,32.13,1620.0,498.0,1.33,0.41,18.74
62,480,480,0.0,,100,,,0.0,,,,,0.0,,,,,0.0,,,,,0.0,,,,,0.0,,,,,0.0,,,,,0.0,,,,,0.0,,,,,0.0,,,,,0.0,,,,,0.0,,,,,0.0,,,,,0.0,,,,,0.0,,,,,0.0,,,,,0.0,,,,,0.0,,,,,0.0,,,,,0.0,,,,,0.0,,,,,0.0,,,,,0.0,,,,,0.0,,,,,0.0,,,,,0.0,,,,,0.0,,,,,0.0,,100,,,0.0,,,,,0.0,,,,,0.0,,,,,0.0,,,,,0.0,,,,,0.0,,,,,0.0,,,,,0.0,,,,,0.0,,,,,0.0,,,,,0.0,,,,,0.0,,,,,0.0,,,,,0.0,,,,,0.0,,,,,0.0,,,,,0.0,,,,,0.0,,,,,0.0,,,,,0.0,,,,,0.0,,,,,0.0,,,,,,,,,,0.0,,,,,0.0,,,,,0.0,,,,,0.0,,,,,0.0,,,,,0.0,,,,,0.0,,,,,0.0,,,,,0.0,,,,,0.0,,,,,0.0,,,,,0.0,,,,,0.0,,,,,0.0,,,,,0.0,,,,,0.0,,,,,0.0,,,,,0.0,,,,,0.0,,,,,0.0,,,,,0.0,,,,,0.0,,,,,0.0,,,,,0.0,,,,,0.0,,,,,0.0,,,,,0.0,,,,,0.0,,,,,0.0,,,,,0.0,,,,,0.0,,,,,0.0,,,,,0.0,,,,,0.0,,,,,0.0,,,,,0.0,,,,,0.0,,,,,0.0,,,,,0.0,,,,,0.0,,,,,0.0,,,,,0.0,,,,,0.0,,,,,0.0,,,,,0.0,,,,,0.0,,,,,0.0,,,,,0.0,,,,,0.0,,,,,0.0,,,,,0.0,,,,,0.0,,,,,0.0,,,,,0.0,,,,,0.0,,,,,0.0,,,,,0.0,,,,,0.0,,,,,0.0,,,,,0.0,,,,,0.0,,,,,0.0,,,,,0.0,,,,,0.0,,,,,0.0,,,,,0.0,,,,,0.0,,,,,0.0,,,,,0.0,,,,,0.0,,,,,0.0,,,,,0.0,,,,,0.0,,,,
63,481,481,0.0,,100,,,0.0,,,,,0.0,,,,,0.0,,,,,0.0,,,,,0.0,,,,,0.0,,,,,0.0,,,,,0.0,,,,,0.0,,,,,0.0,,,,,0.0,,,,,0.0,,,,,0.0,,,,,0.0,,,,,0.0,,,,,0.0,,,,,0.0,,,,,0.0,,,,,0.0,,,,,0.0,,,,,0.0,,,,,0.0,,,,,0.0,,,,,0.0,,,,,0.0,,,,,0.0,,,,,0.0,,100,,,0.0,,,,,0.0,,,,,0.0,,,,,0.0,,,,,0.0,,,,,0.0,,,,,0.0,,,,,0.0,,,,,0.0,,,,,0.0,,,,,0.0,,,,,0.0,,,,,0.0,,,,,0.0,,,,,0.0,,,,,0.0,,,,,0.0,,,,,0.0,,,,,0.0,,,,,0.0,,,,,0.0,,,,,0.0,,,,,,,,,,0.0,,,,,0.0,,,,,0.0,,,,,0.0,,,,,0.0,,,,,0.0,,,,,0.0,,,,,0.0,,,,,0.0,,,,,0.0,,,,,0.0,,,,,0.0,,,,,0.0,,,,,0.0,,,,,0.0,,,,,0.0,,,,,0.0,,,,,0.0,,,,,0.0,,,,,0.0,,,,,0.0,,,,,0.0,,,,,0.0,,,,,0.0,,,,,0.0,,,,,0.0,,,,,0.0,,,,,0.0,,,,,0.0,,,,,0.0,,,,,0.0,,,,,0.0,,,,,0.0,,,,,0.0,,,,,0.0,,,,,0.0,,,,,0.0,,,,,0.0,,,,,0.0,,,,,0.0,,,,,0.0,,,,,0.0,,,,,0.0,,,,,0.0,,,,,0.0,,,,,0.0,,,,,0.0,,,,,0.0,,,,,0.0,,,,,0.0,,,,,0.0,,,,,0.0,,,,,0.0,,,,,0.0,,,,,0.0,,,,,0.0,,,,,0.0,,,,,0.0,,,,,0.0,,,,,0.0,,,,,0.0,,,,,0.0,,,,,0.0,,,,,0.0,,,,,0.0,,,,,0.0,,,,,0.0,,,,,0.0,,,,,0.0,,,,,0.0,,,,,0.0,,,,,0.0,,,,,0.0,,,,
64,482,482,2.0,,100,,,0.0,,0.0,,,4.0,5.0,18.6,21.95,75.99,0.0,,0.0,,,0.0,,0.0,,,4.0,2.0,110.09,52.9,29.21,0.0,,0.0,,,0.0,,0.0,,,14.0,12.0,65.12,57.86,52.11,2.0,2.0,14.03,15.5,67.16,0.0,,0.0,,,6.0,2.0,42.09,11.3,16.32,2.0,1.0,14.03,9.2,39.86,16.0,15.0,74.42,68.1,56.99,0.0,,0.0,,,22.0,0.0,102.33,0.0,0.0,2.0,3.0,9.3,12.7,83.01,6.0,7.0,27.91,33.81,70.92,0.0,,0.0,,,11.0,6.0,51.16,26.9,33.16,0.0,,0.0,,,5.0,4.0,23.26,20.02,48.63,2.0,1.0,37.21,26.2,42.8,22.0,0.0,102.33,0.0,0.0,18.0,5.0,83.72,22.8,16.56,4.0,5.0,18.6,22.8,74.52,0.0,,0.0,,,22.0,,100,,,18.0,4.0,83.72,17.3,12.56,18.0,4.0,83.72,17.3,12.56,0.0,,0.0,,,3.0,3.0,13.95,13.99,60.79,3.0,2.0,99.67,58.2,35.5,0.0,,0.0,,,2.0,1.0,66.45,39.8,36.41,0.0,,0.0,,,0.0,,0.0,,,0.0,,0.0,,,2.0,1.0,66.45,39.8,36.41,0.0,,0.0,,,20.0,19.0,93.02,88.19,57.75,18.0,3.0,91.7,13.6,9.02,1.0,2.0,5.09,12.4,148.09,1.0,2.0,5.09,10.2,121.82,16.0,15.0,74.42,68.1,56.99,8.0,4.0,50.01,24.2,29.42,8.0,4.0,50.01,24.2,29.42,0.0,,0.0,,,0.0,,0.0,,,8.0,4.0,50.01,24.2,29.42,,,0.0,,,8.0,3.0,37.21,13.04,22.8,6.0,2.0,76.25,24.7,19.69,0.0,,0.0,,,1.0,2.0,12.71,19.3,92.31,0.0,,0.0,,,0.0,,0.0,,,8.0,3.0,37.21,13.04,22.8,0.0,,0.0,,,2.0,2.0,25.42,25.6,61.22,1.0,1.0,12.71,12.0,57.39,0.0,,0.0,,,0.0,,0.0,,,0.0,,0.0,,,0.0,,0.0,,,0.0,,0.0,,,0.0,,0.0,,,3.0,3.0,38.12,38.4,61.24,2.0,2.0,25.42,21.3,50.94,0.0,,0.0,,,0.0,,0.0,,,0.0,,0.0,,,0.0,,0.0,,,0.0,,0.0,,,1.0,1.0,50.0,28.7,34.89,0.0,,0.0,,,1.0,1.0,50.0,28.9,35.14,0.0,,0.0,,,0.0,,0.0,,,0.0,,0.0,,,0.0,,0.0,,,1.0,0.0,50.0,23.8,28.94,1.0,1.0,50.0,28.9,35.14,1.0,1.0,50.0,27.0,32.83,0.0,,0.0,,,0.0,,0.0,,,0.0,,0.0,,,20.0,3.0,93.02,12.0,7.84,10.0,8.0,46.51,36.5,47.71,14.0,7.0,65.12,33.0,30.81,2.0,3.0,9.3,12.0,78.44,10.0,3.0,46.51,14.0,18.3,11.0,3.0,51.16,14.0,16.64,2.0,2.0,9.3,9.6,62.75,2.0,2.0,9.3,9.3,60.79,2.0,2.0,9.3,8.8,57.52,0.0,,0.0,,,2.0,3.0,9.3,12.0,78.44,2.0,2.0,9.3,10.2,66.67,2.0,2.0,9.3,8.3,54.25,2.0,2.0,9.3,11.3,73.86,0.0,,0.0,,,3.0,2.0,13.95,11.5,50.11,2.0,2.0,9.3,11.1,72.56,2.0,3.0,9.3,14.2,92.82,1.0,2.0,4.65,7.5,98.05,16.0,6.0,74.42,27.7,22.63,5.0,6.0,23.26,26.6,69.52,21.0,1.0,97.67,4.0,2.49,0.0,,0.0,,,0.0,,0.0,,,0.0,,0.0,,,0.0,,0.0,,,0.0,,0.0,,,0.0,,0.0,,,1.0,2.0,4.65,9.7,126.81,20.0,2.0,93.02,9.7,6.34,20.0,2.0,93.02,11.2,7.32,0.0,,0.0,,,0.0,,0.0,,,0.0,,0.0,,,0.0,,0.0,,,0.0,,0.0,,,0.0,,0.0,,
65,483,483,0.0,,100,,,0.0,,,,,0.0,,,,,0.0,,,,,0.0,,,,,0.0,,,,,0.0,,,,,0.0,,,,,0.0,,,,,0.0,,,,,0.0,,,,,0.0,,,,,0.0,,,,,0.0,,,,,0.0,,,,,0.0,,,,,0.0,,,,,0.0,,,,,0.0,,,,,0.0,,,,,0.0,,,,,0.0,,,,,0.0,,,,,0.0,,,,,0.0,,,,,0.0,,,,,0.0,,,,,0.0,,100,,,0.0,,,,,0.0,,,,,0.0,,,,,0.0,,,,,0.0,,,,,0.0,,,,,0.0,,,,,0.0,,,,,0.0,,,,,0.0,,,,,0.0,,,,,0.0,,,,,0.0,,,,,0.0,,,,,0.0,,,,,0.0,,,,,0.0,,,,,0.0,,,,,0.0,,,,,0.0,,,,,0.0,,,,,0.0,,,,,,,,,,0.0,,,,,0.0,,,,,0.0,,,,,0.0,,,,,0.0,,,,,0.0,,,,,0.0,,,,,0.0,,,,,0.0,,,,,0.0,,,,,0.0,,,,,0.0,,,,,0.0,,,,,0.0,,,,,0.0,,,,,0.0,,,,,0.0,,,,,0.0,,,,,0.0,,,,,0.0,,,,,0.0,,,,,0.0,,,,,0.0,,,,,0.0,,,,,0.0,,,,,0.0,,,,,0.0,,,,,0.0,,,,,0.0,,,,,0.0,,,,,0.0,,,,,0.0,,,,,0.0,,,,,0.0,,,,,0.0,,,,,0.0,,,,,0.0,,,,,0.0,,,,,0.0,,,,,0.0,,,,,0.0,,,,,0.0,,,,,0.0,,,,,0.0,,,,,0.0,,,,,0.0,,,,,0.0,,,,,0.0,,,,,0.0,,,,,0.0,,,,,0.0,,,,,0.0,,,,,0.0,,,,,0.0,,,,,0.0,,,,,0.0,,,,,0.0,,,,,0.0,,,,,0.0,,,,,0.0,,,,,0.0,,,,,0.0,,,,,0.0,,,,,0.0,,,,,0.0,,,,,0.0,,,,,0.0,,,,,0.0,,,,,0.0,,,,,0.0,,,,,0.0,,,,,0.0,,,,,0.0,,,,
66,484,484,0.0,,100,,,0.0,,,,,0.0,,,,,0.0,,,,,0.0,,,,,0.0,,,,,0.0,,,,,0.0,,,,,0.0,,,,,0.0,,,,,0.0,,,,,0.0,,,,,0.0,,,,,0.0,,,,,0.0,,,,,0.0,,,,,0.0,,,,,0.0,,,,,0.0,,,,,0.0,,,,,0.0,,,,,0.0,,,,,0.0,,,,,0.0,,,,,0.0,,,,,0.0,,,,,0.0,,,,,0.0,,100,,,0.0,,,,,0.0,,,,,0.0,,,,,0.0,,,,,0.0,,,,,0.0,,,,,0.0,,,,,0.0,,,,,0.0,,,,,0.0,,,,,0.0,,,,,0.0,,,,,0.0,,,,,0.0,,,,,0.0,,,,,0.0,,,,,0.0,,,,,0.0,,,,,0.0,,,,,0.0,,,,,0.0,,,,,0.0,,,,,,,,,,0.0,,,,,0.0,,,,,0.0,,,,,0.0,,,,,0.0,,,,,0.0,,,,,0.0,,,,,0.0,,,,,0.0,,,,,0.0,,,,,0.0,,,,,0.0,,,,,0.0,,,,,0.0,,,,,0.0,,,,,0.0,,,,,0.0,,,,,0.0,,,,,0.0,,,,,0.0,,,,,0.0,,,,,0.0,,,,,0.0,,,,,0.0,,,,,0.0,,,,,0.0,,,,,0.0,,,,,0.0,,,,,0.0,,,,,0.0,,,,,0.0,,,,,0.0,,,,,0.0,,,,,0.0,,,,,0.0,,,,,0.0,,,,,0.0,,,,,0.0,,,,,0.0,,,,,0.0,,,,,0.0,,,,,0.0,,,,,0.0,,,,,0.0,,,,,0.0,,,,,0.0,,,,,0.0,,,,,0.0,,,,,0.0,,,,,0.0,,,,,0.0,,,,,0.0,,,,,0.0,,,,,0.0,,,,,0.0,,,,,0.0,,,,,0.0,,,,,0.0,,,,,0.0,,,,,0.0,,,,,0.0,,,,,0.0,,,,,0.0,,,,,0.0,,,,,0.0,,,,,0.0,,,,,0.0,,,,,0.0,,,,,0.0,,,,,0.0,,,,,0.0,,,,,0.0,,,,,0.0,,,,
67,501,501,64099.0,,100,,,24166.0,795.0,37.7,1.24,2.0,47403.0,1431.0,27.5,0.83,1.84,2890.0,389.0,6.1,0.82,8.17,2393.0,322.0,5.05,0.68,8.19,18402.0,744.0,38.82,1.57,2.46,9526.0,588.0,20.1,1.24,3.75,14195.0,702.0,29.95,1.48,3.0,112672.0,2120.0,65.37,1.23,1.14,6985.0,676.0,6.2,0.6,5.88,9771.0,766.0,8.67,0.68,4.77,33592.0,1217.0,29.81,1.08,2.2,33101.0,1149.0,29.38,1.02,2.11,130473.0,2654.0,75.69,1.54,1.24,6502.0,483.0,4.98,0.37,4.52,170767.0,1189.0,99.07,0.69,0.42,17384.0,973.0,10.18,0.57,3.4,41784.0,1517.0,24.24,0.88,2.21,1262.0,309.0,3.02,0.74,14.9,108942.0,1362.0,63.2,0.79,0.76,9780.0,730.0,8.98,0.67,4.54,20046.0,689.0,11.63,0.4,2.09,6328.0,411.0,31.57,2.05,3.95,170360.0,3016.0,98.83,1.75,1.08,159003.0,1158.0,93.33,0.68,0.44,10606.0,1124.0,6.23,0.66,6.44,753.0,290.0,0.44,0.17,23.49,172369.0,,100,,,130657.0,1724.0,75.8,1.0,0.8,125765.0,1758.0,72.96,1.02,0.85,4907.0,517.0,2.85,0.3,6.4,41712.0,1758.0,24.2,1.02,2.56,23122.0,930.0,55.43,2.23,2.45,18590.0,930.0,44.57,2.23,3.04,6633.0,605.0,15.9,1.45,5.54,10928.0,826.0,26.2,1.98,4.59,6048.0,822.0,14.5,1.97,8.26,12.0,200.0,0.03,0.48,972.64,17874.0,980.0,42.85,2.35,3.33,216.0,192.0,0.52,0.46,53.78,161024.0,3223.0,93.42,1.87,1.22,104990.0,2174.0,65.2,1.35,1.26,20141.0,1256.0,12.51,0.78,3.79,31512.0,1916.0,19.57,1.19,3.7,135381.0,2672.0,78.54,1.55,1.2,78319.0,1327.0,57.85,0.98,1.03,73077.0,1327.0,53.98,0.98,1.1,5222.0,487.0,3.86,0.36,5.67,31.0,203.0,0.02,0.15,455.93,57062.0,1327.0,42.15,0.98,1.41,,,6.67,0.61,5.67,72007.0,1310.0,41.77,0.76,1.11,35015.0,1030.0,48.63,1.43,1.79,5167.0,518.0,7.18,0.72,6.1,27070.0,1008.0,37.59,1.4,2.26,2529.0,338.0,3.51,0.47,8.14,1563.0,266.0,2.17,0.37,10.37,73088.0,1310.0,42.4,0.76,1.09,75.0,197.0,0.1,0.27,164.13,4965.0,555.0,6.79,0.76,6.8,1749.0,278.0,2.39,0.38,9.67,909.0,212.0,1.24,0.29,14.22,7700.0,636.0,10.54,0.87,5.02,4865.0,453.0,6.66,0.62,5.66,1799.0,285.0,2.46,0.39,9.64,6012.0,519.0,8.23,0.71,5.24,7890.0,577.0,10.8,0.79,4.45,21574.0,892.0,29.52,1.22,2.51,6641.0,629.0,9.09,0.86,5.75,3658.0,424.0,5.0,0.58,7.05,5262.0,526.0,7.2,0.72,6.08,8572.0,686.0,13.37,1.07,4.87,2589.0,359.0,4.04,0.56,8.43,5633.0,494.0,8.79,0.77,5.33,4871.0,500.0,7.6,0.78,6.24,6416.0,538.0,10.01,0.84,5.1,9696.0,647.0,15.13,1.01,4.06,7818.0,551.0,12.2,0.86,4.29,10160.0,615.0,15.85,0.96,3.68,4782.0,423.0,7.46,0.66,5.38,3562.0,372.0,5.56,0.58,6.34,47571.0,763.0,74.21,1.19,0.97,16762.0,667.0,26.15,1.04,2.42,10787.0,545.0,16.83,0.85,3.07,4207.0,436.0,6.56,0.68,6.3,3712.0,449.0,5.79,0.7,7.35,13377.0,686.0,20.87,1.07,3.12,154727.0,1281.0,90.61,0.75,0.5,105340.0,2237.0,61.69,1.31,1.29,63224.0,2049.0,37.02,1.2,1.97,16040.0,1281.0,9.39,0.75,4.86,84109.0,1138.0,48.8,0.66,0.82,88260.0,1138.0,51.2,0.66,0.78,11345.0,793.0,6.58,0.46,4.25,11904.0,776.0,6.91,0.45,3.96,11610.0,707.0,6.74,0.41,3.7,11823.0,776.0,6.86,0.45,3.99,13008.0,810.0,7.55,0.47,3.78,24592.0,1172.0,14.27,0.68,2.9,22260.0,931.0,12.91,0.54,2.54,24016.0,983.0,13.93,0.57,2.49,10821.0,655.0,6.28,0.38,3.68,10175.0,638.0,5.9,0.37,3.81,12103.0,621.0,7.02,0.36,3.12,6050.0,500.0,3.51,0.29,5.02,2685.0,362.0,1.56,0.21,8.18,130505.0,1241.0,75.71,0.72,0.58,20853.0,845.0,12.1,0.49,2.46,97263.0,2241.0,56.43,1.3,1.4,41492.0,1999.0,24.07,1.16,2.93,496.0,328.0,0.29,0.19,39.83,13238.0,1103.0,7.68,0.64,5.07,29.0,207.0,0.02,0.12,364.74,13054.0,1689.0,7.57,0.98,7.87,6767.0,1189.0,3.93,0.69,10.67,50584.0,2241.0,29.35,1.3,2.69,121785.0,2241.0,70.65,1.3,1.12,65434.0,1758.0,37.96,1.02,1.63,38077.0,1948.0,22.09,1.13,3.11,295.0,310.0,0.17,0.18,64.37,12956.0,1086.0,7.52,0.63,5.09,3.0,207.0,0.0,0.12,,973.0,534.0,0.56,0.31,33.65,4026.0,1086.0,2.34,0.63,16.37
68,502,502,49253.0,,100,,,16756.0,670.0,34.02,1.36,2.43,33136.0,1276.0,24.67,0.95,2.34,2030.0,348.0,6.13,1.05,10.41,1442.0,262.0,4.35,0.79,11.04,12939.0,656.0,39.05,1.98,3.08,6819.0,520.0,20.58,1.57,4.64,9899.0,613.0,29.87,1.85,3.77,94943.0,2095.0,70.68,1.56,1.34,4396.0,503.0,4.63,0.53,6.96,6037.0,598.0,6.36,0.63,6.02,30699.0,1111.0,32.33,1.17,2.2,30559.0,1111.0,32.19,1.17,2.21,106209.0,2579.0,79.07,1.92,1.48,4551.0,393.0,4.28,0.37,5.26,132359.0,1155.0,98.54,0.86,0.53,14184.0,834.0,10.72,0.63,3.57,28016.0,1155.0,20.86,0.86,2.51,954.0,233.0,3.41,0.83,14.8,83785.0,1088.0,62.37,0.81,0.79,6857.0,561.0,8.18,0.67,4.98,20583.0,672.0,15.32,0.5,1.98,6369.0,438.0,30.94,2.13,4.18,132996.0,2861.0,99.01,2.13,1.31,126212.0,825.0,94.9,0.62,0.4,6179.0,798.0,4.65,0.6,7.84,615.0,213.0,0.46,0.16,21.14,134325.0,,100,,,98073.0,1531.0,73.01,1.14,0.95,94875.0,1558.0,70.63,1.16,1.0,3210.0,510.0,2.39,0.38,9.67,36252.0,1598.0,26.99,1.19,2.68,25773.0,848.0,71.09,2.34,2.0,10479.0,848.0,28.91,2.34,4.92,15444.0,924.0,42.6,2.55,3.64,13709.0,870.0,37.82,2.4,3.86,2017.0,540.0,5.56,1.49,16.29,56.0,163.0,0.15,0.45,182.37,4948.0,656.0,13.65,1.81,8.06,79.0,149.0,0.22,0.41,113.29,126873.0,2700.0,94.45,2.01,1.29,79003.0,1954.0,62.27,1.54,1.5,16857.0,1155.0,13.29,0.91,4.16,10066.0,1129.0,7.93,0.89,6.82,109667.0,2606.0,81.64,1.94,1.44,63561.0,1141.0,57.96,1.04,1.09,59742.0,1152.0,54.48,1.05,1.17,3760.0,384.0,3.43,0.35,6.2,41.0,165.0,0.04,0.15,227.96,46107.0,1141.0,42.04,1.04,1.5,,,5.92,0.59,6.21,58971.0,1048.0,43.9,0.78,1.08,33039.0,908.0,56.03,1.54,1.67,5052.0,525.0,8.57,0.89,6.31,16954.0,855.0,28.75,1.45,3.07,1482.0,289.0,2.51,0.49,11.87,1929.0,360.0,3.27,0.61,11.34,59756.0,1048.0,44.49,0.78,1.07,12.0,155.0,0.02,0.26,790.27,4651.0,544.0,7.78,0.91,7.11,2112.0,353.0,3.53,0.59,10.16,1148.0,257.0,1.92,0.43,13.61,6013.0,586.0,10.06,0.98,5.92,4151.0,442.0,6.95,0.74,6.47,1609.0,275.0,2.69,0.46,10.4,6407.0,568.0,10.72,0.95,5.39,6896.0,562.0,11.54,0.94,4.95,16563.0,753.0,27.72,1.26,2.76,3971.0,460.0,6.65,0.77,7.04,2914.0,412.0,4.88,0.69,8.6,3320.0,400.0,5.56,0.67,7.33,3198.0,389.0,6.49,0.79,7.4,2052.0,320.0,4.17,0.65,9.48,3602.0,429.0,7.31,0.87,7.23,3557.0,438.0,7.22,0.89,7.49,4710.0,453.0,9.56,0.92,5.85,7529.0,561.0,15.29,1.14,4.53,6192.0,517.0,12.57,1.05,5.08,9610.0,601.0,19.51,1.22,3.8,4748.0,438.0,9.64,0.89,5.61,4047.0,409.0,8.22,0.83,6.14,37978.0,601.0,77.11,1.22,0.96,16857.0,645.0,34.23,1.31,2.33,10302.0,576.0,20.92,1.17,3.4,2902.0,360.0,5.89,0.73,7.53,1423.0,222.0,2.89,0.45,9.47,5311.0,453.0,10.78,0.92,5.19,123857.0,940.0,93.58,0.71,0.46,93654.0,1985.0,70.76,1.5,1.29,43576.0,1760.0,32.92,1.33,2.46,8502.0,940.0,6.42,0.71,6.72,64051.0,927.0,47.68,0.69,0.88,70274.0,927.0,52.32,0.69,0.8,7452.0,631.0,5.55,0.47,5.15,7511.0,618.0,5.59,0.46,5.0,8097.0,645.0,6.03,0.48,4.84,8045.0,604.0,5.99,0.45,4.57,8293.0,645.0,6.17,0.48,4.73,17017.0,954.0,12.67,0.71,3.41,17087.0,833.0,12.72,0.62,2.96,19851.0,900.0,14.78,0.67,2.76,9599.0,658.0,7.15,0.49,4.17,9492.0,658.0,7.07,0.49,4.21,12147.0,712.0,9.04,0.53,3.56,6368.0,537.0,4.74,0.4,5.13,3380.0,403.0,2.52,0.3,7.24,106249.0,994.0,79.1,0.74,0.57,21911.0,833.0,16.31,0.62,2.31,105463.0,1692.0,78.51,1.26,0.98,5611.0,954.0,4.18,0.71,10.33,382.0,363.0,0.28,0.27,58.62,17056.0,1276.0,12.7,0.95,4.55,169.0,175.0,0.13,0.13,60.79,3321.0,819.0,2.47,0.61,15.01,2327.0,524.0,1.73,0.39,13.7,18333.0,1397.0,13.65,1.04,4.63,115992.0,1397.0,86.35,1.04,0.73,91763.0,1787.0,68.31,1.33,1.18,4974.0,913.0,3.7,0.68,11.17,59.0,175.0,0.04,0.13,197.57,16890.0,1276.0,12.57,0.95,4.59,169.0,175.0,0.13,0.13,60.79,338.0,201.0,0.25,0.15,36.47,1792.0,484.0,1.33,0.36,16.45
69,503,503,60513.0,,100,,,21462.0,714.0,35.47,1.18,2.02,40346.0,1295.0,24.3,0.78,1.95,2281.0,327.0,5.65,0.81,8.72,1854.0,311.0,4.6,0.77,10.18,15742.0,726.0,39.02,1.8,2.8,9111.0,609.0,22.58,1.51,4.07,11362.0,642.0,28.16,1.59,3.43,116393.0,2059.0,70.1,1.24,1.08,3390.0,431.0,2.91,0.37,7.73,5461.0,524.0,4.69,0.45,5.83,37614.0,1234.0,32.32,1.06,1.99,37933.0,1373.0,32.59,1.18,2.2,130288.0,2308.0,78.47,1.39,1.08,6526.0,521.0,5.01,0.4,4.85,165858.0,1245.0,99.89,0.75,0.46,15338.0,846.0,9.25,0.51,3.35,35728.0,1146.0,21.52,0.69,1.95,774.0,225.0,2.17,0.63,17.65,104194.0,1378.0,62.75,0.83,0.8,7325.0,604.0,7.03,0.58,5.02,25930.0,764.0,15.62,0.46,1.79,7254.0,477.0,27.98,1.84,4.0,164624.0,2623.0,99.15,1.58,0.97,156839.0,1021.0,95.27,0.62,0.4,7571.0,1021.0,4.6,0.62,8.19,213.0,165.0,0.13,0.1,46.76,166043.0,,100,,,140493.0,1445.0,84.61,0.87,0.63,138814.0,1461.0,83.6,0.88,0.64,1705.0,315.0,1.03,0.19,11.21,25550.0,1478.0,15.39,0.89,3.52,19694.0,718.0,77.08,2.81,2.22,5856.0,718.0,22.92,2.81,7.45,14481.0,784.0,56.68,3.07,3.29,6498.0,677.0,25.43,2.65,6.33,1630.0,414.0,6.38,1.62,15.44,20.0,156.0,0.08,0.61,463.53,2798.0,565.0,10.95,2.21,12.27,121.0,164.0,0.47,0.64,82.78,157480.0,2557.0,94.84,1.54,0.99,123156.0,1843.0,78.2,1.17,0.91,10560.0,898.0,6.71,0.57,5.16,6105.0,882.0,3.88,0.56,8.77,134851.0,2275.0,81.21,1.37,1.03,81643.0,1254.0,60.54,0.93,0.93,76737.0,1281.0,56.91,0.95,1.01,4881.0,445.0,3.62,0.33,5.54,27.0,162.0,0.02,0.12,364.74,53208.0,1254.0,39.46,0.93,1.43,,,5.98,0.54,5.54,75507.0,1196.0,45.47,0.72,0.96,48511.0,1087.0,64.25,1.44,1.36,5578.0,597.0,7.39,0.79,6.5,18276.0,997.0,24.2,1.32,3.32,879.0,219.0,1.16,0.29,15.2,1637.0,302.0,2.17,0.4,11.21,76736.0,1212.0,46.21,0.73,0.96,35.0,169.0,0.05,0.22,267.48,6145.0,629.0,8.01,0.82,6.22,1944.0,330.0,2.53,0.43,10.33,1546.0,292.0,2.01,0.38,11.49,7785.0,629.0,10.15,0.82,4.91,5042.0,537.0,6.57,0.7,6.48,1923.0,292.0,2.51,0.38,9.2,7913.0,645.0,10.31,0.84,4.95,8485.0,660.0,11.06,0.86,4.73,22594.0,905.0,29.44,1.18,2.44,4385.0,537.0,5.71,0.7,7.45,3208.0,414.0,4.18,0.54,7.85,5736.0,545.0,7.47,0.71,5.78,2261.0,351.0,3.74,0.58,9.43,1928.0,333.0,3.19,0.55,10.48,4135.0,472.0,6.83,0.78,6.94,3349.0,418.0,5.53,0.69,7.59,5072.0,484.0,8.38,0.8,5.8,9110.0,660.0,15.05,1.09,4.4,8370.0,617.0,13.83,1.02,4.48,13532.0,762.0,22.36,1.26,3.43,6805.0,563.0,11.25,0.93,5.03,5965.0,502.0,9.86,0.83,5.12,47429.0,647.0,78.38,1.07,0.83,21726.0,702.0,35.9,1.16,1.96,13698.0,678.0,22.64,1.12,3.01,2046.0,284.0,3.38,0.47,8.45,932.0,212.0,1.54,0.35,13.82,3381.0,405.0,5.59,0.67,7.29,159319.0,862.0,96.06,0.52,0.33,132597.0,1907.0,79.95,1.15,0.87,44452.0,1758.0,26.8,1.06,2.4,6539.0,862.0,3.94,0.52,8.02,80598.0,1112.0,48.54,0.67,0.84,85445.0,1112.0,51.46,0.67,0.79,8563.0,714.0,5.16,0.43,5.07,9618.0,697.0,5.79,0.42,4.41,10735.0,681.0,6.47,0.41,3.85,10034.0,731.0,6.04,0.44,4.43,10704.0,697.0,6.45,0.42,3.96,19750.0,1112.0,11.89,0.67,3.43,22302.0,930.0,13.43,0.56,2.53,25560.0,980.0,15.39,0.59,2.33,12447.0,797.0,7.5,0.48,3.89,10309.0,697.0,6.21,0.42,4.11,15780.0,830.0,9.5,0.5,3.2,7369.0,581.0,4.44,0.35,4.79,2872.0,349.0,1.73,0.21,7.38,130315.0,963.0,78.48,0.58,0.45,26039.0,913.0,15.68,0.55,2.13,152246.0,1428.0,91.69,0.86,0.57,1775.0,548.0,1.07,0.33,18.75,259.0,183.0,0.16,0.11,41.79,7755.0,996.0,4.67,0.6,7.81,50.0,166.0,0.03,0.1,202.63,2184.0,747.0,1.32,0.45,20.72,1782.0,448.0,1.07,0.27,15.34,16130.0,1411.0,9.71,0.85,5.32,149913.0,1411.0,90.29,0.85,0.57,138796.0,1777.0,83.59,1.07,0.78,1430.0,465.0,0.86,0.28,19.79,208.0,183.0,0.13,0.11,51.44,7728.0,996.0,4.65,0.6,7.84,23.0,166.0,0.01,0.1,607.9,240.0,266.0,0.14,0.16,69.47,1522.0,432.0,0.92,0.26,17.18
70,595,595,2.0,,100,,,1.0,0.0,50.0,8.68,10.55,224.0,45.0,38.18,7.75,12.21,14.0,13.0,6.26,5.89,57.2,0.0,,0.0,,,96.0,39.0,42.93,17.46,24.72,41.0,24.0,18.33,10.77,35.72,72.0,32.0,32.19,14.26,26.93,328.0,88.0,55.91,15.07,16.31,7.0,8.0,2.14,2.29,65.05,0.0,,0.0,,,89.0,42.0,27.16,12.93,28.94,120.0,40.0,36.61,12.23,20.31,272.0,25.0,46.36,4.26,5.59,12.0,10.0,4.41,3.67,50.59,473.0,72.0,80.62,12.22,9.25,44.0,25.0,9.31,5.27,34.41,200.0,66.0,34.09,11.17,20.06,11.0,11.0,5.49,5.49,60.79,266.0,23.0,45.34,3.88,5.26,27.0,20.0,10.16,7.65,45.77,6.0,7.0,1.02,1.18,70.92,6.0,6.0,95.79,93.24,59.17,583.0,166.0,99.37,28.23,17.31,443.0,54.0,76.04,9.26,7.4,130.0,55.0,22.31,9.46,25.78,9.0,19.0,1.54,3.19,125.92,587.0,,100,,,553.0,26.0,94.26,4.38,2.82,546.0,27.0,93.06,4.68,3.06,7.0,10.0,1.19,1.69,86.33,34.0,27.0,5.8,4.64,48.27,16.0,10.0,47.21,29.47,37.95,18.0,10.0,53.11,29.47,33.73,4.0,5.0,11.8,13.75,70.84,9.0,13.0,26.55,39.68,90.85,7.0,11.0,20.65,31.23,91.94,0.0,,0.0,,,14.0,12.0,41.31,36.24,53.33,0.0,,0.0,,,536.0,146.0,91.36,24.93,16.56,490.0,38.0,91.47,7.17,4.77,10.0,11.0,1.87,2.09,67.94,24.0,24.0,4.48,4.48,60.79,397.0,100.0,67.67,17.09,15.31,303.0,29.0,76.42,7.36,5.85,179.0,37.0,45.14,9.25,12.46,10.0,16.0,2.52,3.98,96.01,114.0,31.0,28.75,7.85,16.6,93.0,29.0,23.46,7.36,19.07,,,3.3,5.27,97.26,275.0,23.0,46.87,3.94,5.08,92.0,29.0,33.43,10.45,19.0,41.0,24.0,14.9,8.56,34.92,31.0,18.0,11.27,6.57,35.44,85.0,33.0,30.89,12.14,23.89,18.0,21.0,6.54,7.47,69.43,179.0,35.0,30.51,5.92,11.89,0.0,,0.0,,,0.0,,0.0,,,11.0,15.0,6.13,8.24,81.71,0.0,,0.0,,,18.0,18.0,10.03,10.23,62.0,7.0,12.0,3.9,6.55,102.1,0.0,,0.0,,,7.0,11.0,3.9,6.25,97.42,19.0,17.0,10.59,9.43,54.13,24.0,17.0,13.38,9.73,44.21,26.0,17.0,14.49,9.43,39.56,17.0,11.0,9.48,5.86,37.58,49.0,28.0,27.31,15.59,34.7,0.0,,0.0,,,0.0,,0.0,,,0.0,,0.0,,,0.0,,0.0,,,0.0,,0.0,,,0.0,,0.0,,,0.0,,0.0,,,0.0,,0.0,,,0.0,,0.0,,,0.0,,0.0,,,2.0,0.0,100.0,8.23,5.0,0.0,,0.0,,,0.0,,0.0,,,0.0,,0.0,,,0.0,,0.0,,,0.0,,0.0,,,470.0,5.0,99.4,0.99,0.61,388.0,84.0,82.06,17.8,13.19,82.0,84.0,17.34,17.7,62.05,3.0,5.0,0.63,0.99,95.53,333.0,35.0,56.76,5.97,6.39,254.0,35.0,43.29,5.97,8.38,51.0,20.0,8.69,3.48,24.34,64.0,30.0,10.91,5.08,28.31,62.0,24.0,10.57,4.08,23.46,34.0,23.0,5.8,3.98,41.71,47.0,31.0,8.01,5.28,40.07,107.0,39.0,18.24,6.57,21.9,119.0,27.0,20.28,4.68,14.03,72.0,33.0,12.27,5.57,27.6,19.0,17.0,3.24,2.89,54.22,3.0,5.0,0.51,0.8,95.36,3.0,5.0,0.51,0.8,95.36,3.0,5.0,0.51,0.8,95.36,0.0,,0.0,,,386.0,47.0,65.79,8.06,7.45,6.0,7.0,1.02,1.19,70.92,439.0,54.0,74.83,9.16,7.44,74.0,39.0,12.61,6.57,31.67,9.0,19.0,1.53,3.19,126.75,9.0,15.0,1.53,2.59,102.91,0.0,,0.0,,,8.0,12.0,1.36,2.09,93.42,47.0,23.0,8.01,3.98,30.21,79.0,50.0,13.47,8.56,38.63,507.0,50.0,86.42,8.56,6.02,368.0,66.0,62.72,11.25,10.9,74.0,39.0,12.61,6.57,31.67,9.0,19.0,1.53,3.19,126.75,9.0,15.0,1.53,2.59,102.91,0.0,,0.0,,,0.0,,0.0,,,47.0,23.0,8.01,3.98,30.21
