{
"type": "FeatureCollection",
"name": "congressional district-nyc-wide",
"crs": { "type": "name", "properties": { "name": "urn:ogc:def:crs:OGC:1.3:CRS84" } },
"features": [
{ "type": "Feature", "properties": { "congressional district": 7 }, "geometry": { "type": "MultiPolygon", "coordinates": [ [ [ [ -73.987254, 40.693125 ], [ -73.987202, 40.693784 ], [ -73.987162, 40.694961 ], [ -73.987109, 40.696025 ], [ -73.9871, 40.69622 ], [ -73.987063, 40.69684 ], [ -73.98704, 40.69728 ], [ -73.987033, 40.697433 ], [ -73.987022, 40.697682 ], [ -73.986969, 40.698504 ], [ -73.986947, 40.698713 ], [ -73.986943, 40.698753 ], [ -73.98694, 40.698781 ], [ -73.986901, 40.699221 ], [ -73.986813, 40.699956 ], [ -73.986808, 40.700084 ], [ -73.986804, 40.70021 ], [ -73.986797, 40.700477 ], [ -73.986798, 40.700617 ], [ -73.986601, 40.700621 ], [ -73.985634, 40.700595 ], [ -73.985443, 40.70059 ], [ -73.984827, 40.700577 ], [ -73.984761, 40.701439 ], [ -73.98285, 40.701359 ], [ -73.980729, 40.701268 ], [ -73.980649, 40.701561 ], [ -73.980511, 40.702048 ], [ -73.980141, 40.702386 ], [ -73.980339, 40.702659 ], [ -73.980224, 40.703063 ], [ -73.979988, 40.703541 ], [ -73.979603, 40.704177 ], [ -73.979466, 40.704462 ], [ -73.979328, 40.704746 ], [ -73.979168, 40.705279 ], [ -73.979171, 40.705301 ], [ -73.979372, 40.705443 ], [ -73.979233, 40.705769 ], [ -73.979069, 40.705963 ], [ -73.975476, 40.707492 ], [ -73.97502, 40.707736 ], [ -73.97482, 40.707883 ], [ -73.974554, 40.708079 ], [ -73.974431, 40.708169 ], [ -73.974264, 40.708298 ], [ -73.973243, 40.709044 ], [ -73.97306, 40.709179 ], [ -73.972789, 40.709378 ], [ -73.972309, 40.709071 ], [ -73.970573, 40.707555 ], [ -73.970318, 40.707332 ], [ -73.970236, 40.707367 ], [ -73.970141, 40.707407 ], [ -73.969613, 40.707634 ], [ -73.969845, 40.707988 ], [ -73.969888, 40.70877 ], [ -73.969941, 40.70931 ], [ -73.969612, 40.71016 ], [ -73.969128, 40.712144 ], [ -73.969072, 40.712385 ], [ -73.96905, 40.712482 ], [ -73.969021, 40.712508 ], [ -73.968993, 40.712533 ], [ -73.968945, 40.712575 ], [ -73.968895, 40.71262 ], [ -73.968861, 40.71265 ], [ -73.968819, 40.712686 ], [ -73.968469, 40.712999 ], [ -73.96837, 40.714127 ], [ -73.968041, 40.714966 ], [ -73.967999, 40.715106 ], [ -73.967716, 40.71604 ], [ -73.967578, 40.716496 ], [ -73.966836, 40.717564 ], [ -73.966671, 40.717743 ], [ -73.966613, 40.717806 ], [ -73.966511, 40.717917 ], [ -73.966477, 40.717955 ], [ -73.966249, 40.718205 ], [ -73.96613, 40.718331 ], [ -73.965704, 40.718779 ], [ -73.965572, 40.71895 ], [ -73.965206, 40.719425 ], [ -73.965086, 40.719581 ], [ -73.964676, 40.72011 ], [ -73.964038, 40.720939 ], [ -73.96373, 40.721339 ], [ -73.96355, 40.721571 ], [ -73.962787, 40.722562 ], [ -73.962645, 40.722747 ], [ -73.962014, 40.723369 ], [ -73.961543, 40.723876 ], [ -73.961539, 40.724401 ], [ -73.961538, 40.724584 ], [ -73.961537, 40.724695 ], [ -73.96155, 40.724722 ], [ -73.961606, 40.724836 ], [ -73.961618, 40.724861 ], [ -73.961611, 40.724951 ], [ -73.961531, 40.72591 ], [ -73.961501, 40.726986 ], [ -73.961436, 40.727298 ], [ -73.961389, 40.727524 ], [ -73.961283, 40.728038 ], [ -73.961172, 40.728057 ], [ -73.961157, 40.728114 ], [ -73.961215, 40.728151 ], [ -73.961107, 40.728195 ], [ -73.961063, 40.72844 ], [ -73.961055, 40.728471 ], [ -73.96104, 40.72849 ], [ -73.961028, 40.728512 ], [ -73.960992, 40.728656 ], [ -73.960986, 40.72876 ], [ -73.960994, 40.728773 ], [ -73.961044, 40.728782 ], [ -73.961054, 40.728943 ], [ -73.961075, 40.729107 ], [ -73.96108, 40.729148 ], [ -73.961076, 40.729194 ], [ -73.961088, 40.729256 ], [ -73.961115, 40.729361 ], [ -73.961137, 40.72943 ], [ -73.961197, 40.729425 ], [ -73.961214, 40.729508 ], [ -73.96126, 40.729749 ], [ -73.961308, 40.730299 ], [ -73.96145, 40.730994 ], [ -73.961843, 40.731625 ], [ -73.961997, 40.732038 ], [ -73.962148, 40.732452 ], [ -73.961897, 40.732485 ], [ -73.961932, 40.732679 ], [ -73.962229, 40.732649 ], [ -73.962252, 40.732713 ], [ -73.962261, 40.732741 ], [ -73.962268, 40.732769 ], [ -73.962278, 40.732826 ], [ -73.962288, 40.732899 ], [ -73.962307, 40.733119 ], [ -73.962338, 40.733451 ], [ -73.962348, 40.733812 ], [ -73.962605, 40.734902 ], [ -73.962665, 40.736334 ], [ -73.962668, 40.73641 ], [ -73.962672, 40.736446 ], [ -73.962629, 40.736545 ], [ -73.962478, 40.736802 ], [ -73.962609, 40.738805 ], [ -73.96262, 40.739033 ], [ -73.962441, 40.73964 ], [ -73.962435, 40.739672 ], [ -73.961911, 40.740997 ], [ -73.961796, 40.741131 ], [ -73.961684, 40.741582 ], [ -73.961381, 40.742802 ], [ -73.961291, 40.742894 ], [ -73.961183, 40.743005 ], [ -73.960833, 40.743639 ], [ -73.960563, 40.744024 ], [ -73.960513, 40.744108 ], [ -73.960267, 40.744428 ], [ -73.960211, 40.744511 ], [ -73.959778, 40.745178 ], [ -73.959725, 40.745261 ], [ -73.959193, 40.746035 ], [ -73.959124, 40.746119 ], [ -73.958711, 40.746635 ], [ -73.958327, 40.747081 ], [ -73.958216, 40.747212 ], [ -73.957732, 40.747775 ], [ -73.957584, 40.747948 ], [ -73.956842, 40.748828 ], [ -73.956174, 40.749665 ], [ -73.9562, 40.749671 ], [ -73.956201, 40.749686 ], [ -73.956121, 40.74976 ], [ -73.956088, 40.749769 ], [ -73.956062, 40.749764 ], [ -73.955532, 40.750216 ], [ -73.954317, 40.751258 ], [ -73.95394, 40.751746 ], [ -73.953994, 40.751786 ], [ -73.953802, 40.751958 ], [ -73.953679, 40.752047 ], [ -73.953641, 40.752037 ], [ -73.952972, 40.752747 ], [ -73.953009, 40.752775 ], [ -73.952849, 40.75294 ], [ -73.952657, 40.753107 ], [ -73.952173, 40.753703 ], [ -73.952081, 40.753757 ], [ -73.951779, 40.754087 ], [ -73.951625, 40.754249 ], [ -73.951367, 40.754524 ], [ -73.951018, 40.755087 ], [ -73.950877, 40.755167 ], [ -73.95084, 40.755219 ], [ -73.950766, 40.755313 ], [ -73.950735, 40.755352 ], [ -73.950713, 40.755378 ], [ -73.950663, 40.755436 ], [ -73.94915, 40.757329 ], [ -73.948445, 40.758218 ], [ -73.947832, 40.758989 ], [ -73.945964, 40.761293 ], [ -73.945806, 40.76145 ], [ -73.945705, 40.761488 ], [ -73.944715, 40.762879 ], [ -73.943503, 40.764499 ], [ -73.941585, 40.766616 ], [ -73.941312, 40.766918 ], [ -73.940463, 40.76753 ], [ -73.93859, 40.766817 ], [ -73.9397, 40.766411 ], [ -73.940272, 40.76553 ], [ -73.939419, 40.765215 ], [ -73.938603, 40.764921 ], [ -73.937796, 40.764616 ], [ -73.937005, 40.76424 ], [ -73.936256, 40.763894 ], [ -73.935414, 40.763497 ], [ -73.934607, 40.764798 ], [ -73.934476, 40.765003 ], [ -73.934189, 40.765455 ], [ -73.933797, 40.765311 ], [ -73.933708, 40.765413 ], [ -73.932796, 40.764924 ], [ -73.932249, 40.764639 ], [ -73.930867, 40.763874 ], [ -73.93135, 40.763275 ], [ -73.931226, 40.763216 ], [ -73.930467, 40.762852 ], [ -73.930004, 40.76263 ], [ -73.929454, 40.762366 ], [ -73.930548, 40.761223 ], [ -73.929651, 40.760798 ], [ -73.92885, 40.760421 ], [ -73.928051, 40.760048 ], [ -73.927247, 40.759671 ], [ -73.926453, 40.759296 ], [ -73.925654, 40.758922 ], [ -73.924854, 40.758551 ], [ -73.926102, 40.757004 ], [ -73.925301, 40.756629 ], [ -73.924054, 40.758176 ], [ -73.923258, 40.757803 ], [ -73.922832, 40.757602 ], [ -73.92246, 40.757427 ], [ -73.921659, 40.757051 ], [ -73.920865, 40.756678 ], [ -73.918998, 40.758974 ], [ -73.918203, 40.7586 ], [ -73.917404, 40.758224 ], [ -73.916604, 40.757848 ], [ -73.915806, 40.757473 ], [ -73.914267, 40.759367 ], [ -73.913897, 40.759818 ], [ -73.913087, 40.759438 ], [ -73.912286, 40.759066 ], [ -73.91149, 40.758693 ], [ -73.910217, 40.760239 ], [ -73.909391, 40.761264 ], [ -73.908592, 40.76089 ], [ -73.907794, 40.760518 ], [ -73.907417, 40.76034 ], [ -73.907292, 40.760281 ], [ -73.906997, 40.760143 ], [ -73.906315, 40.759844 ], [ -73.906437, 40.759652 ], [ -73.906915, 40.758901 ], [ -73.907534, 40.758045 ], [ -73.907528, 40.757689 ], [ -73.907366, 40.756988 ], [ -73.906468, 40.757082 ], [ -73.906189, 40.755532 ], [ -73.905294, 40.755628 ], [ -73.905154, 40.754858 ], [ -73.905845, 40.753648 ], [ -73.905832, 40.753587 ], [ -73.905831, 40.753525 ], [ -73.905842, 40.753463 ], [ -73.905864, 40.753404 ], [ -73.906075, 40.752913 ], [ -73.90525, 40.752565 ], [ -73.90611, 40.750624 ], [ -73.907, 40.750853 ], [ -73.907509, 40.749767 ], [ -73.908319, 40.750119 ], [ -73.908393, 40.749946 ], [ -73.907704, 40.749297 ], [ -73.907836, 40.748998 ], [ -73.908016, 40.74859 ], [ -73.908901, 40.748828 ], [ -73.909554, 40.747395 ], [ -73.909919, 40.747764 ], [ -73.91193, 40.747988 ], [ -73.911801, 40.748276 ], [ -73.911765, 40.748357 ], [ -73.91173, 40.748435 ], [ -73.911642, 40.748685 ], [ -73.911888, 40.748715 ], [ -73.91281, 40.748818 ], [ -73.912853, 40.748605 ], [ -73.912881, 40.748467 ], [ -73.913373, 40.746031 ], [ -73.914303, 40.746138 ], [ -73.915232, 40.746246 ], [ -73.915252, 40.746142 ], [ -73.915307, 40.745864 ], [ -73.915566, 40.744579 ], [ -73.915588, 40.744464 ], [ -73.915847, 40.743139 ], [ -73.915878, 40.742998 ], [ -73.915759, 40.742987 ], [ -73.914949, 40.742908 ], [ -73.914009, 40.742795 ], [ -73.913736, 40.742764 ], [ -73.912805, 40.742659 ], [ -73.912853, 40.742542 ], [ -73.912891, 40.742482 ], [ -73.91292, 40.742413 ], [ -73.91295, 40.742307 ], [ -73.911987, 40.742189 ], [ -73.911088, 40.742078 ], [ -73.910192, 40.741972 ], [ -73.90929, 40.741867 ], [ -73.908339, 40.741757 ], [ -73.907556, 40.741659 ], [ -73.906339, 40.741529 ], [ -73.905504, 40.741434 ], [ -73.904619, 40.741332 ], [ -73.903727, 40.741232 ], [ -73.903229, 40.741163 ], [ -73.903799, 40.7399 ], [ -73.903261, 40.739882 ], [ -73.90377, 40.738548 ], [ -73.903732, 40.738449 ], [ -73.903684, 40.738267 ], [ -73.903648, 40.738217 ], [ -73.903658, 40.738142 ], [ -73.902941, 40.738403 ], [ -73.902669, 40.738492 ], [ -73.901642, 40.738745 ], [ -73.900803, 40.739158 ], [ -73.900819, 40.739087 ], [ -73.900828, 40.739045 ], [ -73.901093, 40.738915 ], [ -73.901809, 40.738564 ], [ -73.901785, 40.738488 ], [ -73.900842, 40.738463 ], [ -73.900901, 40.737037 ], [ -73.900955, 40.735634 ], [ -73.901076, 40.733952 ], [ -73.90108, 40.733908 ], [ -73.901231, 40.73372 ], [ -73.901298, 40.73364 ], [ -73.902597, 40.732104 ], [ -73.904023, 40.730365 ], [ -73.904218, 40.730127 ], [ -73.905181, 40.728957 ], [ -73.905576, 40.728635 ], [ -73.905684, 40.72855 ], [ -73.90673, 40.727733 ], [ -73.906933, 40.727574 ], [ -73.90707, 40.727466 ], [ -73.907173, 40.727387 ], [ -73.9073, 40.727293 ], [ -73.90741, 40.727209 ], [ -73.908047, 40.726734 ], [ -73.908892, 40.726068 ], [ -73.911345, 40.724182 ], [ -73.912563, 40.723239 ], [ -73.912708, 40.723285 ], [ -73.91317, 40.723082 ], [ -73.913845, 40.722898 ], [ -73.91377, 40.722747 ], [ -73.913672, 40.722601 ], [ -73.913558, 40.722463 ], [ -73.913427, 40.722334 ], [ -73.913365, 40.722179 ], [ -73.913314, 40.722077 ], [ -73.913289, 40.722028 ], [ -73.9132, 40.72188 ], [ -73.913098, 40.721737 ], [ -73.912984, 40.721601 ], [ -73.91246, 40.720931 ], [ -73.911889, 40.720263 ], [ -73.911321, 40.719624 ], [ -73.910702, 40.718933 ], [ -73.90966, 40.717793 ], [ -73.909763, 40.717737 ], [ -73.908641, 40.716545 ], [ -73.908391, 40.716276 ], [ -73.907772, 40.715607 ], [ -73.907549, 40.715504 ], [ -73.907375, 40.715415 ], [ -73.907331, 40.715392 ], [ -73.90576, 40.714588 ], [ -73.90571, 40.714368 ], [ -73.905563, 40.713715 ], [ -73.905439, 40.713162 ], [ -73.90541, 40.71303 ], [ -73.905386, 40.712922 ], [ -73.905376, 40.712877 ], [ -73.904895, 40.712857 ], [ -73.904772, 40.712866 ], [ -73.903769, 40.712817 ], [ -73.902935, 40.712786 ], [ -73.902243, 40.71276 ], [ -73.900596, 40.712697 ], [ -73.900184, 40.712681 ], [ -73.899355, 40.712647 ], [ -73.897683, 40.71258 ], [ -73.897103, 40.712558 ], [ -73.896219, 40.712522 ], [ -73.895904, 40.712507 ], [ -73.895025, 40.712478 ], [ -73.894019, 40.712441 ], [ -73.893806, 40.712434 ], [ -73.888776, 40.712286 ], [ -73.888546, 40.712275 ], [ -73.886879, 40.712223 ], [ -73.886377, 40.712208 ], [ -73.885076, 40.712161 ], [ -73.884351, 40.71223 ], [ -73.88426, 40.713304 ], [ -73.883722, 40.713283 ], [ -73.882295, 40.71343 ], [ -73.880033, 40.713654 ], [ -73.879343, 40.712727 ], [ -73.879215, 40.712026 ], [ -73.877543, 40.712195 ], [ -73.87543, 40.712416 ], [ -73.875389, 40.711713 ], [ -73.87349, 40.711824 ], [ -73.873539, 40.712509 ], [ -73.873593, 40.713234 ], [ -73.873029, 40.71326 ], [ -73.871618, 40.71329 ], [ -73.869636, 40.713298 ], [ -73.862079, 40.712201 ], [ -73.86501, 40.710777 ], [ -73.864447, 40.710084 ], [ -73.864082, 40.709622 ], [ -73.863973, 40.709491 ], [ -73.863779, 40.709251 ], [ -73.863508, 40.708911 ], [ -73.863041, 40.708329 ], [ -73.862575, 40.707749 ], [ -73.862282, 40.707377 ], [ -73.862162, 40.707264 ], [ -73.860006, 40.707375 ], [ -73.859267, 40.707489 ], [ -73.858268, 40.707552 ], [ -73.856677, 40.707692 ], [ -73.85594, 40.706395 ], [ -73.857172, 40.705989 ], [ -73.858215, 40.705602 ], [ -73.857431, 40.705035 ], [ -73.859614, 40.704071 ], [ -73.859144, 40.703485 ], [ -73.859975, 40.703109 ], [ -73.858747, 40.702974 ], [ -73.858532, 40.70295 ], [ -73.858288, 40.702911 ], [ -73.85815, 40.702898 ], [ -73.858112, 40.702895 ], [ -73.857953, 40.70288 ], [ -73.85704, 40.702788 ], [ -73.856145, 40.702686 ], [ -73.855293, 40.702596 ], [ -73.855292, 40.701844 ], [ -73.855245, 40.701479 ], [ -73.855134, 40.701265 ], [ -73.85492, 40.700975 ], [ -73.854734, 40.700784 ], [ -73.854566, 40.700594 ], [ -73.854458, 40.700487 ], [ -73.854414, 40.700443 ], [ -73.853834, 40.699959 ], [ -73.853775, 40.69991 ], [ -73.853286, 40.699287 ], [ -73.852711, 40.698415 ], [ -73.852624, 40.698114 ], [ -73.852608, 40.69796 ], [ -73.85261, 40.697805 ], [ -73.852664, 40.697572 ], [ -73.851838, 40.697682 ], [ -73.851699, 40.696984 ], [ -73.851548, 40.696309 ], [ -73.849591, 40.696562 ], [ -73.849438, 40.695882 ], [ -73.849291, 40.695204 ], [ -73.849132, 40.694506 ], [ -73.849562, 40.694422 ], [ -73.84836, 40.691955 ], [ -73.847486, 40.692218 ], [ -73.846847, 40.690918 ], [ -73.846772, 40.690763 ], [ -73.846508, 40.690222 ], [ -73.84769, 40.689889 ], [ -73.847433, 40.689371 ], [ -73.846254, 40.689708 ], [ -73.845955, 40.689071 ], [ -73.845885, 40.688913 ], [ -73.847051, 40.688586 ], [ -73.847884, 40.688323 ], [ -73.847965, 40.688485 ], [ -73.848232, 40.688993 ], [ -73.849288, 40.688691 ], [ -73.849398, 40.688521 ], [ -73.848985, 40.688038 ], [ -73.849661, 40.687831 ], [ -73.850571, 40.687661 ], [ -73.850015, 40.686537 ], [ -73.849947, 40.6864 ], [ -73.849369, 40.685227 ], [ -73.850248, 40.684977 ], [ -73.849422, 40.683295 ], [ -73.850284, 40.683049 ], [ -73.851129, 40.682809 ], [ -73.851979, 40.682564 ], [ -73.851639, 40.681886 ], [ -73.851318, 40.68124 ], [ -73.850991, 40.680568 ], [ -73.85066, 40.679892 ], [ -73.851595, 40.679833 ], [ -73.850636, 40.677876 ], [ -73.851534, 40.677749 ], [ -73.85123, 40.677124 ], [ -73.850923, 40.676496 ], [ -73.850648, 40.675851 ], [ -73.850452, 40.6748 ], [ -73.851473, 40.675063 ], [ -73.851297, 40.674162 ], [ -73.852253, 40.674027 ], [ -73.851851, 40.672492 ], [ -73.852838, 40.672279 ], [ -73.851635, 40.67193 ], [ -73.850965, 40.67172 ], [ -73.851123, 40.671078 ], [ -73.852969, 40.670808 ], [ -73.853305, 40.670728 ], [ -73.854409, 40.670584 ], [ -73.855337, 40.670394 ], [ -73.855355, 40.670459 ], [ -73.856271, 40.670334 ], [ -73.856303, 40.67045 ], [ -73.857282, 40.670312 ], [ -73.857309, 40.670419 ], [ -73.857633, 40.671656 ], [ -73.858555, 40.671533 ], [ -73.859391, 40.671394 ], [ -73.859474, 40.671381 ], [ -73.860389, 40.671269 ], [ -73.860775, 40.672806 ], [ -73.861077, 40.674021 ], [ -73.861764, 40.674233 ], [ -73.862074, 40.674208 ], [ -73.862992, 40.674073 ], [ -73.863919, 40.673942 ], [ -73.8649, 40.673808 ], [ -73.865324, 40.673738 ], [ -73.865755, 40.673678 ], [ -73.866668, 40.673544 ], [ -73.867603, 40.673411 ], [ -73.868523, 40.673279 ], [ -73.869447, 40.673143 ], [ -73.870367, 40.673011 ], [ -73.871303, 40.672858 ], [ -73.871854, 40.672781 ], [ -73.872042, 40.672755 ], [ -73.872803, 40.672643 ], [ -73.873719, 40.672511 ], [ -73.874035, 40.673785 ], [ -73.874957, 40.673651 ], [ -73.87588, 40.673517 ], [ -73.876193, 40.674787 ], [ -73.875275, 40.674918 ], [ -73.874351, 40.675052 ], [ -73.874666, 40.676321 ], [ -73.875588, 40.676189 ], [ -73.876509, 40.676055 ], [ -73.877431, 40.675923 ], [ -73.877739, 40.677165 ], [ -73.878662, 40.677033 ], [ -73.879584, 40.6769 ], [ -73.880505, 40.676766 ], [ -73.881427, 40.676634 ], [ -73.882331, 40.676501 ], [ -73.883226, 40.67637 ], [ -73.88404, 40.67625 ], [ -73.884854, 40.676129 ], [ -73.885074, 40.676096 ], [ -73.885668, 40.676009 ], [ -73.886482, 40.675888 ], [ -73.887371, 40.675756 ], [ -73.888256, 40.675625 ], [ -73.889151, 40.675496 ], [ -73.890056, 40.675357 ], [ -73.890959, 40.675224 ], [ -73.89186, 40.675091 ], [ -73.892766, 40.674956 ], [ -73.893068, 40.676144 ], [ -73.893977, 40.676019 ], [ -73.894912, 40.675911 ], [ -73.895825, 40.675819 ], [ -73.896218, 40.677358 ], [ -73.897225, 40.677208 ], [ -73.896852, 40.675737 ], [ -73.897846, 40.675674 ], [ -73.898199, 40.677064 ], [ -73.899066, 40.676939 ], [ -73.899359, 40.676885 ], [ -73.899605, 40.676854 ], [ -73.899836, 40.676869 ], [ -73.89999, 40.6769 ], [ -73.900627, 40.677265 ], [ -73.900708, 40.677145 ], [ -73.900922, 40.677172 ], [ -73.901044, 40.677188 ], [ -73.901548, 40.677356 ], [ -73.902338, 40.677604 ], [ -73.903316, 40.677869 ], [ -73.904688, 40.677943 ], [ -73.904464, 40.678776 ], [ -73.904046, 40.67922 ], [ -73.904568, 40.679515 ], [ -73.904791, 40.679641 ], [ -73.905493, 40.680037 ], [ -73.905659, 40.680141 ], [ -73.906282, 40.680507 ], [ -73.90672, 40.680768 ], [ -73.907018, 40.680948 ], [ -73.907771, 40.681377 ], [ -73.908517, 40.681804 ], [ -73.90886, 40.681994 ], [ -73.909055, 40.682105 ], [ -73.909275, 40.682235 ], [ -73.910067, 40.682684 ], [ -73.910769, 40.683092 ], [ -73.911512, 40.683505 ], [ -73.912273, 40.683935 ], [ -73.913037, 40.684368 ], [ -73.913238, 40.684482 ], [ -73.913308, 40.684521 ], [ -73.913798, 40.6848 ], [ -73.91454, 40.685227 ], [ -73.914701, 40.685317 ], [ -73.91529, 40.685645 ], [ -73.915501, 40.685762 ], [ -73.915827, 40.685947 ], [ -73.916046, 40.686072 ], [ -73.916611, 40.686391 ], [ -73.916798, 40.686497 ], [ -73.917614, 40.686966 ], [ -73.918046, 40.687213 ], [ -73.918294, 40.687357 ], [ -73.918783, 40.687626 ], [ -73.919061, 40.687784 ], [ -73.91981, 40.688211 ], [ -73.92055, 40.688641 ], [ -73.920961, 40.688872 ], [ -73.921214, 40.689019 ], [ -73.921306, 40.689072 ], [ -73.922072, 40.68949 ], [ -73.922807, 40.689924 ], [ -73.923169, 40.690123 ], [ -73.923644, 40.690399 ], [ -73.924287, 40.690768 ], [ -73.924392, 40.690831 ], [ -73.925365, 40.691367 ], [ -73.92556, 40.691491 ], [ -73.926316, 40.691929 ], [ -73.92645, 40.692002 ], [ -73.927071, 40.692346 ], [ -73.927507, 40.692604 ], [ -73.927811, 40.692774 ], [ -73.928043, 40.692904 ], [ -73.928507, 40.693166 ], [ -73.928642, 40.693241 ], [ -73.929702, 40.693864 ], [ -73.930512, 40.694317 ], [ -73.931145, 40.694674 ], [ -73.931458, 40.694855 ], [ -73.931773, 40.695028 ], [ -73.931929, 40.695115 ], [ -73.932366, 40.695358 ], [ -73.933118, 40.695791 ], [ -73.933828, 40.696184 ], [ -73.934134, 40.696359 ], [ -73.934797, 40.696737 ], [ -73.935222, 40.696986 ], [ -73.936006, 40.697406 ], [ -73.936388, 40.697616 ], [ -73.93676, 40.697831 ], [ -73.937391, 40.698186 ], [ -73.937773, 40.698405 ], [ -73.938177, 40.698641 ], [ -73.938568, 40.698848 ], [ -73.938902, 40.699037 ], [ -73.93969, 40.699456 ], [ -73.94042, 40.699874 ], [ -73.941149, 40.700281 ], [ -73.941931, 40.700725 ], [ -73.943692, 40.70051 ], [ -73.944388, 40.700425 ], [ -73.944617, 40.700405 ], [ -73.946316, 40.700215 ], [ -73.947128, 40.700123 ], [ -73.947248, 40.700105 ], [ -73.948133, 40.700006 ], [ -73.949794, 40.699823 ], [ -73.950091, 40.699791 ], [ -73.950922, 40.699688 ], [ -73.952161, 40.699537 ], [ -73.952663, 40.699482 ], [ -73.95337, 40.699405 ], [ -73.95429, 40.699296 ], [ -73.955184, 40.699193 ], [ -73.956075, 40.69909 ], [ -73.956645, 40.699019 ], [ -73.95702, 40.698974 ], [ -73.957434, 40.698905 ], [ -73.957959, 40.69882 ], [ -73.958858, 40.698677 ], [ -73.960197, 40.698462 ], [ -73.961051, 40.698326 ], [ -73.960925, 40.697737 ], [ -73.960621, 40.69632 ], [ -73.960158, 40.694117 ], [ -73.959311, 40.694215 ], [ -73.958993, 40.692628 ], [ -73.959844, 40.69253 ], [ -73.959428, 40.690448 ], [ -73.960293, 40.690346 ], [ -73.960197, 40.689856 ], [ -73.960122, 40.689469 ], [ -73.960006, 40.688881 ], [ -73.959859, 40.688148 ], [ -73.959714, 40.687416 ], [ -73.959568, 40.686683 ], [ -73.959423, 40.685951 ], [ -73.959276, 40.685217 ], [ -73.959132, 40.684486 ], [ -73.958983, 40.68375 ], [ -73.958841, 40.683018 ], [ -73.959785, 40.682909 ], [ -73.959595, 40.681953 ], [ -73.960595, 40.682162 ], [ -73.961611, 40.682375 ], [ -73.961424, 40.681434 ], [ -73.961312, 40.680456 ], [ -73.96168, 40.679702 ], [ -73.961957, 40.678934 ], [ -73.964073, 40.679379 ], [ -73.965067, 40.679586 ], [ -73.967954, 40.680189 ], [ -73.967678, 40.680955 ], [ -73.967477, 40.681754 ], [ -73.968664, 40.682 ], [ -73.96978, 40.682235 ], [ -73.97064, 40.682414 ], [ -73.971742, 40.682646 ], [ -73.971987, 40.683906 ], [ -73.972057, 40.684261 ], [ -73.972067, 40.684318 ], [ -73.972113, 40.684569 ], [ -73.972274, 40.685443 ], [ -73.972848, 40.685675 ], [ -73.973119, 40.685781 ], [ -73.973374, 40.685885 ], [ -73.973413, 40.686089 ], [ -73.973648, 40.687303 ], [ -73.974616, 40.687191 ], [ -73.97559, 40.687086 ], [ -73.976206, 40.687025 ], [ -73.976545, 40.686994 ], [ -73.976592, 40.687184 ], [ -73.977498, 40.687535 ], [ -73.978347, 40.687872 ], [ -73.978208, 40.68682 ], [ -73.979057, 40.686713 ], [ -73.979363, 40.686682 ], [ -73.97959, 40.687004 ], [ -73.979841, 40.687345 ], [ -73.980559, 40.688351 ], [ -73.980647, 40.688523 ], [ -73.980813, 40.688775 ], [ -73.98087, 40.688866 ], [ -73.981068, 40.688945 ], [ -73.982009, 40.689322 ], [ -73.982893, 40.689674 ], [ -73.982794, 40.689891 ], [ -73.982664, 40.689983 ], [ -73.981567, 40.689937 ], [ -73.98136, 40.689928 ], [ -73.982079, 40.691292 ], [ -73.982452, 40.69205 ], [ -73.98265, 40.692058 ], [ -73.983403, 40.692087 ], [ -73.984341, 40.692121 ], [ -73.984433, 40.690292 ], [ -73.985105, 40.690561 ], [ -73.985363, 40.690667 ], [ -73.985279, 40.692158 ], [ -73.986272, 40.692195 ], [ -73.987299, 40.692234 ], [ -73.987254, 40.693125 ] ] ] ] } },
{ "type": "Feature", "properties": { "congressional district": 5 }, "geometry": { "type": "MultiPolygon", "coordinates": [ [ [ [ -74.038131, 40.538294 ], [ -74.037494, 40.54279 ], [ -74.036672, 40.54837 ], [ -74.03667, 40.548384 ], [ -74.036551, 40.549194 ], [ -74.036549, 40.549209 ], [ -74.0363, 40.550905 ], [ -74.036298, 40.550948 ], [ -74.036297, 40.550969 ], [ -74.036293, 40.551042 ], [ -73.997087, 40.557283 ], [ -73.959715, 40.563013 ], [ -73.959281, 40.563079 ], [ -73.958844, 40.56315 ], [ -73.952309, 40.564208 ], [ -73.95167, 40.564312 ], [ -73.951409, 40.564343 ], [ -73.951195, 40.564368 ], [ -73.951009, 40.56439 ], [ -73.950703, 40.564427 ], [ -73.94988, 40.564555 ], [ -73.945004, 40.565313 ], [ -73.936525, 40.566436 ], [ -73.934894, 40.566652 ], [ -73.933448, 40.566914 ], [ -73.933363, 40.566929 ], [ -73.932716, 40.567034 ], [ -73.928717, 40.567681 ], [ -73.92807, 40.567786 ], [ -73.927424, 40.567887 ], [ -73.926236, 40.568072 ], [ -73.918487, 40.569284 ], [ -73.904908, 40.571407 ], [ -73.903871, 40.571619 ], [ -73.902874, 40.5717 ], [ -73.890518, 40.572705 ], [ -73.886292, 40.573505 ], [ -73.885069, 40.573749 ], [ -73.879222, 40.574656 ], [ -73.871613, 40.578438 ], [ -73.871418, 40.578535 ], [ -73.871212, 40.578611 ], [ -73.870239, 40.57897 ], [ -73.869232, 40.579342 ], [ -73.868425, 40.579757 ], [ -73.867661, 40.580151 ], [ -73.86751, 40.580229 ], [ -73.867374, 40.580299 ], [ -73.866005, 40.581001 ], [ -73.865607, 40.581205 ], [ -73.859492, 40.583938 ], [ -73.855106, 40.585899 ], [ -73.854937, 40.585974 ], [ -73.853522, 40.586592 ], [ -73.849852, 40.588669 ], [ -73.847386, 40.592028 ], [ -73.84668, 40.593209 ], [ -73.844437, 40.595855 ], [ -73.842017, 40.598313 ], [ -73.835876, 40.605637 ], [ -73.834463, 40.607193 ], [ -73.834283, 40.609186 ], [ -73.834054, 40.613455 ], [ -73.834008, 40.614425 ], [ -73.8337, 40.620922 ], [ -73.833452, 40.626149 ], [ -73.833422, 40.626782 ], [ -73.8334, 40.627449 ], [ -73.833393, 40.627674 ], [ -73.833041, 40.628261 ], [ -73.835376, 40.630315 ], [ -73.835769, 40.630678 ], [ -73.836238, 40.631111 ], [ -73.836595, 40.631548 ], [ -73.837091, 40.632155 ], [ -73.837379, 40.632506 ], [ -73.837652, 40.63284 ], [ -73.838111, 40.633298 ], [ -73.838298, 40.633485 ], [ -73.842955, 40.63814 ], [ -73.848338, 40.643521 ], [ -73.854938, 40.64265 ], [ -73.855021, 40.643098 ], [ -73.856148, 40.649198 ], [ -73.856537, 40.649916 ], [ -73.856652, 40.650129 ], [ -73.856962, 40.650584 ], [ -73.85898, 40.652675 ], [ -73.859755, 40.654104 ], [ -73.859907, 40.654229 ], [ -73.860422, 40.654612 ], [ -73.860483, 40.654659 ], [ -73.860567, 40.654751 ], [ -73.860594, 40.65478 ], [ -73.860635, 40.654824 ], [ -73.860676, 40.654868 ], [ -73.860964, 40.65518 ], [ -73.860988, 40.655212 ], [ -73.861658, 40.65611 ], [ -73.862193, 40.656829 ], [ -73.862438, 40.657258 ], [ -73.8627, 40.657623 ], [ -73.863171, 40.658277 ], [ -73.861508, 40.65905 ], [ -73.861222, 40.659221 ], [ -73.86036, 40.659646 ], [ -73.860138, 40.659676 ], [ -73.859387, 40.659773 ], [ -73.858514, 40.659899 ], [ -73.857615, 40.660119 ], [ -73.857922, 40.661319 ], [ -73.858025, 40.661721 ], [ -73.85837, 40.663182 ], [ -73.85843, 40.663453 ], [ -73.857536, 40.663598 ], [ -73.856591, 40.663747 ], [ -73.856117, 40.663808 ], [ -73.855685, 40.663867 ], [ -73.856063, 40.665511 ], [ -73.856115, 40.665729 ], [ -73.856425, 40.667033 ], [ -73.856459, 40.667159 ], [ -73.856847, 40.668603 ], [ -73.857226, 40.670094 ], [ -73.857252, 40.670198 ], [ -73.857282, 40.670312 ], [ -73.856303, 40.67045 ], [ -73.856271, 40.670334 ], [ -73.855355, 40.670459 ], [ -73.855337, 40.670394 ], [ -73.854409, 40.670584 ], [ -73.853305, 40.670728 ], [ -73.852969, 40.670808 ], [ -73.851123, 40.671078 ], [ -73.850965, 40.67172 ], [ -73.851635, 40.67193 ], [ -73.852838, 40.672279 ], [ -73.851851, 40.672492 ], [ -73.852253, 40.674027 ], [ -73.851297, 40.674162 ], [ -73.851473, 40.675063 ], [ -73.850452, 40.6748 ], [ -73.850648, 40.675851 ], [ -73.850923, 40.676496 ], [ -73.85123, 40.677124 ], [ -73.851534, 40.677749 ], [ -73.850636, 40.677876 ], [ -73.851595, 40.679833 ], [ -73.85066, 40.679892 ], [ -73.850991, 40.680568 ], [ -73.851318, 40.68124 ], [ -73.851639, 40.681886 ], [ -73.851979, 40.682564 ], [ -73.851129, 40.682809 ], [ -73.850284, 40.683049 ], [ -73.849422, 40.683295 ], [ -73.850248, 40.684977 ], [ -73.849369, 40.685227 ], [ -73.849947, 40.6864 ], [ -73.850015, 40.686537 ], [ -73.850571, 40.687661 ], [ -73.849661, 40.687831 ], [ -73.848985, 40.688038 ], [ -73.849398, 40.688521 ], [ -73.849288, 40.688691 ], [ -73.848232, 40.688993 ], [ -73.847965, 40.688485 ], [ -73.847884, 40.688323 ], [ -73.847051, 40.688586 ], [ -73.845885, 40.688913 ], [ -73.845955, 40.689071 ], [ -73.846254, 40.689708 ], [ -73.847433, 40.689371 ], [ -73.84769, 40.689889 ], [ -73.846508, 40.690222 ], [ -73.846772, 40.690763 ], [ -73.846847, 40.690918 ], [ -73.847486, 40.692218 ], [ -73.84836, 40.691955 ], [ -73.849562, 40.694422 ], [ -73.849132, 40.694506 ], [ -73.849291, 40.695204 ], [ -73.849438, 40.695882 ], [ -73.849591, 40.696562 ], [ -73.851548, 40.696309 ], [ -73.851699, 40.696984 ], [ -73.851838, 40.697682 ], [ -73.852664, 40.697572 ], [ -73.85261, 40.697805 ], [ -73.852608, 40.69796 ], [ -73.852624, 40.698114 ], [ -73.852711, 40.698415 ], [ -73.853286, 40.699287 ], [ -73.853775, 40.69991 ], [ -73.853834, 40.699959 ], [ -73.854414, 40.700443 ], [ -73.854458, 40.700487 ], [ -73.854566, 40.700594 ], [ -73.854734, 40.700784 ], [ -73.85492, 40.700975 ], [ -73.855134, 40.701265 ], [ -73.855245, 40.701479 ], [ -73.855292, 40.701844 ], [ -73.855293, 40.702596 ], [ -73.856145, 40.702686 ], [ -73.85704, 40.702788 ], [ -73.857953, 40.70288 ], [ -73.858112, 40.702895 ], [ -73.85815, 40.702898 ], [ -73.858288, 40.702911 ], [ -73.858532, 40.70295 ], [ -73.858747, 40.702974 ], [ -73.859975, 40.703109 ], [ -73.859144, 40.703485 ], [ -73.859614, 40.704071 ], [ -73.857431, 40.705035 ], [ -73.858215, 40.705602 ], [ -73.857172, 40.705989 ], [ -73.85594, 40.706395 ], [ -73.856677, 40.707692 ], [ -73.85365, 40.707623 ], [ -73.852766, 40.707442 ], [ -73.851099, 40.707901 ], [ -73.850533, 40.708067 ], [ -73.849517, 40.708392 ], [ -73.848576, 40.708507 ], [ -73.847626, 40.70841 ], [ -73.846634, 40.708396 ], [ -73.84568, 40.70848 ], [ -73.84395, 40.708937 ], [ -73.843016, 40.709176 ], [ -73.840692, 40.710153 ], [ -73.839732, 40.7104 ], [ -73.838058, 40.710921 ], [ -73.837709, 40.711036 ], [ -73.837368, 40.711167 ], [ -73.837037, 40.711312 ], [ -73.836716, 40.71147 ], [ -73.836409, 40.711642 ], [ -73.836115, 40.711825 ], [ -73.834926, 40.712474 ], [ -73.834342, 40.712755 ], [ -73.833763, 40.71313 ], [ -73.83256, 40.713794 ], [ -73.833035, 40.714307 ], [ -73.833147, 40.714434 ], [ -73.832231, 40.71512 ], [ -73.831385, 40.714529 ], [ -73.831311, 40.714474 ], [ -73.831069, 40.714354 ], [ -73.830982, 40.71431 ], [ -73.830934, 40.714322 ], [ -73.829945, 40.714559 ], [ -73.829896, 40.714571 ], [ -73.829256, 40.714757 ], [ -73.828496, 40.715014 ], [ -73.827139, 40.715342 ], [ -73.826976, 40.715391 ], [ -73.826396, 40.715655 ], [ -73.826272, 40.71572 ], [ -73.826253, 40.71573 ], [ -73.826202, 40.715757 ], [ -73.825946, 40.715912 ], [ -73.825921, 40.715928 ], [ -73.825852, 40.715969 ], [ -73.825705, 40.716063 ], [ -73.82557, 40.715784 ], [ -73.825558, 40.715764 ], [ -73.825506, 40.715677 ], [ -73.825483, 40.715638 ], [ -73.825467, 40.71561 ], [ -73.825441, 40.715556 ], [ -73.824773, 40.714593 ], [ -73.82458, 40.714285 ], [ -73.824283, 40.713826 ], [ -73.824196, 40.713648 ], [ -73.824149, 40.713518 ], [ -73.82404, 40.713212 ], [ -73.823948, 40.712906 ], [ -73.823955, 40.712853 ], [ -73.823426, 40.712284 ], [ -73.822923, 40.711883 ], [ -73.822737, 40.711733 ], [ -73.821167, 40.710397 ], [ -73.821036, 40.710261 ], [ -73.820662, 40.709869 ], [ -73.820318, 40.709715 ], [ -73.820103, 40.709599 ], [ -73.819427, 40.709208 ], [ -73.819376, 40.709421 ], [ -73.81918, 40.710246 ], [ -73.819067, 40.710188 ], [ -73.818934, 40.710119 ], [ -73.818398, 40.709789 ], [ -73.817798, 40.709342 ], [ -73.817634, 40.709213 ], [ -73.817454, 40.709095 ], [ -73.81726, 40.70899 ], [ -73.817054, 40.7089 ], [ -73.81684, 40.708825 ], [ -73.816684, 40.708803 ], [ -73.816524, 40.708795 ], [ -73.816365, 40.7088 ], [ -73.813327, 40.709027 ], [ -73.812431, 40.709093 ], [ -73.812155, 40.707046 ], [ -73.812111, 40.706698 ], [ -73.812012, 40.705945 ], [ -73.809348, 40.706685 ], [ -73.809689, 40.707377 ], [ -73.809983, 40.70807 ], [ -73.807622, 40.708731 ], [ -73.805012, 40.709473 ], [ -73.804841, 40.709338 ], [ -73.804251, 40.71039 ], [ -73.803493, 40.711071 ], [ -73.802428, 40.712041 ], [ -73.802593, 40.712539 ], [ -73.801384, 40.712674 ], [ -73.801242, 40.712503 ], [ -73.800394, 40.712941 ], [ -73.799021, 40.713514 ], [ -73.798335, 40.712908 ], [ -73.797262, 40.713157 ], [ -73.797222, 40.713229 ], [ -73.797164, 40.713296 ], [ -73.79709, 40.713355 ], [ -73.797005, 40.713402 ], [ -73.796912, 40.713436 ], [ -73.7965, 40.713554 ], [ -73.795612, 40.713807 ], [ -73.794755, 40.712067 ], [ -73.793903, 40.71237 ], [ -73.794736, 40.714057 ], [ -73.795825, 40.716267 ], [ -73.794946, 40.716518 ], [ -73.794618, 40.715851 ], [ -73.79374, 40.716099 ], [ -73.793333, 40.715278 ], [ -73.793149, 40.714933 ], [ -73.792921, 40.714806 ], [ -73.792705, 40.714665 ], [ -73.792502, 40.714511 ], [ -73.792317, 40.714345 ], [ -73.792149, 40.714169 ], [ -73.792, 40.713984 ], [ -73.791871, 40.713793 ], [ -73.791898, 40.713929 ], [ -73.791901, 40.714071 ], [ -73.79188, 40.714215 ], [ -73.791832, 40.714357 ], [ -73.79176, 40.714494 ], [ -73.791664, 40.714622 ], [ -73.791548, 40.714738 ], [ -73.791416, 40.714838 ], [ -73.791273, 40.714922 ], [ -73.791041, 40.715041 ], [ -73.790819, 40.715172 ], [ -73.790609, 40.715313 ], [ -73.790413, 40.715466 ], [ -73.79023, 40.715627 ], [ -73.79009, 40.715774 ], [ -73.789965, 40.715932 ], [ -73.789857, 40.716099 ], [ -73.789768, 40.716273 ], [ -73.7897, 40.716452 ], [ -73.789652, 40.716634 ], [ -73.789624, 40.716817 ], [ -73.789618, 40.716999 ], [ -73.78943, 40.71701 ], [ -73.789242, 40.717034 ], [ -73.789058, 40.717072 ], [ -73.788879, 40.717122 ], [ -73.788707, 40.717185 ], [ -73.788546, 40.717259 ], [ -73.788597, 40.717348 ], [ -73.788656, 40.717435 ], [ -73.788721, 40.717518 ], [ -73.788793, 40.717599 ], [ -73.788871, 40.717676 ], [ -73.788955, 40.71775 ], [ -73.789045, 40.717819 ], [ -73.78914, 40.717884 ], [ -73.78924, 40.717945 ], [ -73.789344, 40.718001 ], [ -73.789453, 40.718052 ], [ -73.789566, 40.718098 ], [ -73.789682, 40.718139 ], [ -73.789802, 40.718174 ], [ -73.789923, 40.718204 ], [ -73.790047, 40.718228 ], [ -73.790173, 40.718247 ], [ -73.7903, 40.71826 ], [ -73.790428, 40.718266 ], [ -73.790556, 40.718267 ], [ -73.790643, 40.718286 ], [ -73.790729, 40.71831 ], [ -73.790811, 40.71834 ], [ -73.79089, 40.718374 ], [ -73.790965, 40.718414 ], [ -73.791035, 40.718458 ], [ -73.7911, 40.718506 ], [ -73.79116, 40.718558 ], [ -73.791213, 40.718614 ], [ -73.791263, 40.718669 ], [ -73.79109, 40.71877 ], [ -73.790896, 40.718876 ], [ -73.791033, 40.718897 ], [ -73.791168, 40.718916 ], [ -73.791303, 40.718932 ], [ -73.791439, 40.718945 ], [ -73.791535, 40.718947 ], [ -73.791632, 40.718944 ], [ -73.791729, 40.718938 ], [ -73.791825, 40.718928 ], [ -73.79192, 40.718914 ], [ -73.792014, 40.718884 ], [ -73.79261, 40.718717 ], [ -73.794961, 40.718213 ], [ -73.795648, 40.718134 ], [ -73.796382, 40.717897 ], [ -73.79697, 40.717723 ], [ -73.798055, 40.717431 ], [ -73.798096, 40.717543 ], [ -73.798492, 40.718707 ], [ -73.799001, 40.720145 ], [ -73.798099, 40.720345 ], [ -73.797233, 40.720609 ], [ -73.797828, 40.722031 ], [ -73.798472, 40.72353 ], [ -73.797609, 40.723825 ], [ -73.796752, 40.724117 ], [ -73.795883, 40.724415 ], [ -73.795116, 40.724676 ], [ -73.794224, 40.724982 ], [ -73.793335, 40.725284 ], [ -73.791745, 40.725776 ], [ -73.790845, 40.726036 ], [ -73.78998, 40.726317 ], [ -73.789459, 40.726493 ], [ -73.789113, 40.726606 ], [ -73.78825, 40.726887 ], [ -73.787383, 40.727172 ], [ -73.78655, 40.727445 ], [ -73.78619, 40.727564 ], [ -73.785685, 40.72773 ], [ -73.784821, 40.728015 ], [ -73.783977, 40.728291 ], [ -73.783601, 40.728413 ], [ -73.782923, 40.728636 ], [ -73.782059, 40.728919 ], [ -73.781161, 40.729213 ], [ -73.780799, 40.728425 ], [ -73.780485, 40.727752 ], [ -73.780337, 40.727439 ], [ -73.77941, 40.727692 ], [ -73.780248, 40.72946 ], [ -73.779365, 40.729702 ], [ -73.778486, 40.729944 ], [ -73.777575, 40.730193 ], [ -73.776728, 40.72843 ], [ -73.775962, 40.726813 ], [ -73.775561, 40.72597 ], [ -73.775234, 40.725238 ], [ -73.776338, 40.724469 ], [ -73.776422, 40.724323 ], [ -73.776546, 40.724145 ], [ -73.776666, 40.724009 ], [ -73.776832, 40.723851 ], [ -73.77699, 40.723731 ], [ -73.777182, 40.723607 ], [ -73.77739, 40.723498 ], [ -73.777583, 40.723418 ], [ -73.777817, 40.723339 ], [ -73.778038, 40.723284 ], [ -73.777876, 40.723037 ], [ -73.777319, 40.723224 ], [ -73.777103, 40.723213 ], [ -73.776885, 40.723215 ], [ -73.776666, 40.723231 ], [ -73.77645, 40.723261 ], [ -73.776238, 40.723305 ], [ -73.776056, 40.723356 ], [ -73.774917, 40.724088 ], [ -73.774263, 40.724416 ], [ -73.77359, 40.724742 ], [ -73.772743, 40.725035 ], [ -73.771984, 40.725229 ], [ -73.771058, 40.725485 ], [ -73.770289, 40.725634 ], [ -73.769241, 40.725903 ], [ -73.768466, 40.726039 ], [ -73.767727, 40.726169 ], [ -73.767183, 40.726264 ], [ -73.766244, 40.726403 ], [ -73.765457, 40.726474 ], [ -73.765042, 40.726488 ], [ -73.7647, 40.726479 ], [ -73.764415, 40.726441 ], [ -73.763897, 40.726364 ], [ -73.762401, 40.726161 ], [ -73.762028, 40.72611 ], [ -73.76179, 40.726083 ], [ -73.760818, 40.725962 ], [ -73.762063, 40.725986 ], [ -73.761837, 40.725949 ], [ -73.761329, 40.725865 ], [ -73.761193, 40.725842 ], [ -73.761051, 40.725817 ], [ -73.760911, 40.7258 ], [ -73.760426, 40.725744 ], [ -73.760178, 40.725735 ], [ -73.759937, 40.725722 ], [ -73.759722, 40.725719 ], [ -73.759153, 40.72573 ], [ -73.759114, 40.725732 ], [ -73.758304, 40.725832 ], [ -73.758063, 40.725862 ], [ -73.757526, 40.725948 ], [ -73.757158, 40.726051 ], [ -73.756943, 40.726111 ], [ -73.756843, 40.726138 ], [ -73.75671, 40.726179 ], [ -73.756719, 40.726133 ], [ -73.756752, 40.725973 ], [ -73.756772, 40.725796 ], [ -73.756751, 40.725691 ], [ -73.756727, 40.725624 ], [ -73.756695, 40.725552 ], [ -73.756642, 40.725479 ], [ -73.75657, 40.725407 ], [ -73.756423, 40.725303 ], [ -73.756168, 40.725188 ], [ -73.755508, 40.724894 ], [ -73.755244, 40.724783 ], [ -73.755086, 40.72449 ], [ -73.754969, 40.72416 ], [ -73.754087, 40.724695 ], [ -73.752629, 40.723513 ], [ -73.753458, 40.722929 ], [ -73.752279, 40.721969 ], [ -73.751092, 40.721007 ], [ -73.750499, 40.720527 ], [ -73.749906, 40.720046 ], [ -73.749126, 40.720589 ], [ -73.748881, 40.720137 ], [ -73.74803, 40.720404 ], [ -73.748386, 40.721017 ], [ -73.747695, 40.721425 ], [ -73.746972, 40.721775 ], [ -73.746826, 40.721829 ], [ -73.746205, 40.722076 ], [ -73.74548, 40.722529 ], [ -73.744748, 40.722982 ], [ -73.74357, 40.721868 ], [ -73.744325, 40.721441 ], [ -73.743233, 40.720417 ], [ -73.742816, 40.72003 ], [ -73.741961, 40.720357 ], [ -73.740819, 40.718754 ], [ -73.73984, 40.717309 ], [ -73.738872, 40.717535 ], [ -73.737911, 40.717722 ], [ -73.737329, 40.717841 ], [ -73.736958, 40.717931 ], [ -73.736133, 40.718172 ], [ -73.735304, 40.718498 ], [ -73.734383, 40.718931 ], [ -73.733187, 40.719574 ], [ -73.732566, 40.720305 ], [ -73.732374, 40.720402 ], [ -73.731013, 40.721587 ], [ -73.730655, 40.721924 ], [ -73.730326, 40.722157 ], [ -73.729695, 40.720571 ], [ -73.729661, 40.720483 ], [ -73.729433, 40.719865 ], [ -73.729255, 40.719381 ], [ -73.729176, 40.719167 ], [ -73.72894, 40.718306 ], [ -73.728576, 40.71698 ], [ -73.728554, 40.716898 ], [ -73.728501, 40.716706 ], [ -73.728418, 40.716391 ], [ -73.728313, 40.715998 ], [ -73.728188, 40.715524 ], [ -73.728064, 40.715051 ], [ -73.727698, 40.713662 ], [ -73.727511, 40.712951 ], [ -73.727364, 40.712392 ], [ -73.727332, 40.712272 ], [ -73.727317, 40.712216 ], [ -73.727165, 40.711588 ], [ -73.727094, 40.711293 ], [ -73.727086, 40.711259 ], [ -73.726971, 40.710715 ], [ -73.7269, 40.709997 ], [ -73.726896, 40.709976 ], [ -73.727047, 40.709497 ], [ -73.726895, 40.7058 ], [ -73.726871, 40.705237 ], [ -73.726835, 40.704406 ], [ -73.726781, 40.703145 ], [ -73.726779, 40.703082 ], [ -73.726772, 40.702954 ], [ -73.726767, 40.702872 ], [ -73.726762, 40.702768 ], [ -73.726746, 40.702473 ], [ -73.726728, 40.702146 ], [ -73.726751, 40.70208 ], [ -73.726783, 40.701987 ], [ -73.726738, 40.701588 ], [ -73.726713, 40.701448 ], [ -73.726654, 40.701112 ], [ -73.726544, 40.698983 ], [ -73.726525, 40.698258 ], [ -73.726511, 40.697781 ], [ -73.726509, 40.697522 ], [ -73.726503, 40.696886 ], [ -73.726263, 40.690773 ], [ -73.726258, 40.690611 ], [ -73.726259, 40.690269 ], [ -73.726239, 40.689815 ], [ -73.726231, 40.68966 ], [ -73.726217, 40.689306 ], [ -73.7262, 40.688984 ], [ -73.726175, 40.68865 ], [ -73.726158, 40.68847 ], [ -73.726089, 40.687774 ], [ -73.725996, 40.686932 ], [ -73.725941, 40.686399 ], [ -73.725926, 40.686225 ], [ -73.725918, 40.686099 ], [ -73.725911, 40.686085 ], [ -73.725878, 40.685514 ], [ -73.725798, 40.684354 ], [ -73.725821, 40.68395 ], [ -73.725843, 40.683575 ], [ -73.725861, 40.683223 ], [ -73.725907, 40.682657 ], [ -73.725824, 40.681636 ], [ -73.725796, 40.68136 ], [ -73.725754, 40.680946 ], [ -73.725714, 40.680529 ], [ -73.725687, 40.68025 ], [ -73.72563, 40.679588 ], [ -73.725788, 40.678962 ], [ -73.725841, 40.678753 ], [ -73.725903, 40.678507 ], [ -73.726011, 40.678078 ], [ -73.726198, 40.677381 ], [ -73.726355, 40.676973 ], [ -73.726456, 40.676748 ], [ -73.726543, 40.676487 ], [ -73.726713, 40.67609 ], [ -73.726851, 40.675769 ], [ -73.726945, 40.675552 ], [ -73.727141, 40.675096 ], [ -73.727301, 40.674739 ], [ -73.727441, 40.674429 ], [ -73.727542, 40.67416 ], [ -73.727557, 40.674101 ], [ -73.727547, 40.674084 ], [ -73.727528, 40.673871 ], [ -73.727577, 40.673476 ], [ -73.727632, 40.673032 ], [ -73.727681, 40.672646 ], [ -73.727726, 40.67228 ], [ -73.727789, 40.671788 ], [ -73.727813, 40.671612 ], [ -73.727829, 40.671474 ], [ -73.727833, 40.671445 ], [ -73.72784, 40.671389 ], [ -73.727855, 40.671261 ], [ -73.727887, 40.67105 ], [ -73.727905, 40.67084 ], [ -73.727941, 40.670809 ], [ -73.727937, 40.670546 ], [ -73.728, 40.670112 ], [ -73.728095, 40.669442 ], [ -73.728178, 40.668719 ], [ -73.728264, 40.668073 ], [ -73.728222, 40.667314 ], [ -73.728264, 40.666606 ], [ -73.728272, 40.66644 ], [ -73.728224, 40.665965 ], [ -73.728031, 40.665519 ], [ -73.727954, 40.665344 ], [ -73.72784, 40.665053 ], [ -73.727823, 40.664806 ], [ -73.727815, 40.66469 ], [ -73.727763, 40.663985 ], [ -73.727814, 40.663224 ], [ -73.728085, 40.663071 ], [ -73.728331, 40.663044 ], [ -73.728153, 40.662454 ], [ -73.727931, 40.661749 ], [ -73.727592, 40.661094 ], [ -73.727208, 40.660422 ], [ -73.72681, 40.659795 ], [ -73.726444, 40.659162 ], [ -73.726211, 40.658479 ], [ -73.726027, 40.657996 ], [ -73.725927, 40.657731 ], [ -73.725882, 40.657537 ], [ -73.725759, 40.656998 ], [ -73.725335, 40.655324 ], [ -73.724787, 40.654001 ], [ -73.724874, 40.653447 ], [ -73.724821, 40.65302 ], [ -73.724984, 40.652678 ], [ -73.725052, 40.652341 ], [ -73.725248, 40.652193 ], [ -73.725496, 40.652115 ], [ -73.725682, 40.652058 ], [ -73.725946, 40.651961 ], [ -73.726189, 40.651861 ], [ -73.72643, 40.651791 ], [ -73.726515, 40.651753 ], [ -73.726671, 40.651685 ], [ -73.726818, 40.651577 ], [ -73.726873, 40.651541 ], [ -73.727024, 40.651498 ], [ -73.72853, 40.650973 ], [ -73.728703, 40.650916 ], [ -73.728991, 40.650839 ], [ -73.729497, 40.650636 ], [ -73.729739, 40.650558 ], [ -73.730004, 40.65048 ], [ -73.731055, 40.650231 ], [ -73.731427, 40.650171 ], [ -73.732208, 40.650091 ], [ -73.734388, 40.649821 ], [ -73.735135, 40.649732 ], [ -73.736735, 40.6491 ], [ -73.736979, 40.649005 ], [ -73.73746, 40.648818 ], [ -73.737626, 40.648753 ], [ -73.738799, 40.648297 ], [ -73.739045, 40.648201 ], [ -73.73919, 40.648122 ], [ -73.741437, 40.646889 ], [ -73.741439, 40.646345 ], [ -73.74144, 40.646086 ], [ -73.741448, 40.645942 ], [ -73.741468, 40.645564 ], [ -73.741485, 40.645248 ], [ -73.741623, 40.642716 ], [ -73.741632, 40.642586 ], [ -73.741643, 40.64244 ], [ -73.741661, 40.642198 ], [ -73.741759, 40.642016 ], [ -73.741873, 40.641804 ], [ -73.742051, 40.641474 ], [ -73.741428, 40.640502 ], [ -73.742283, 40.640121 ], [ -73.741534, 40.63923 ], [ -73.741263, 40.638905 ], [ -73.741224, 40.638828 ], [ -73.741126, 40.638656 ], [ -73.741032, 40.638476 ], [ -73.740662, 40.637833 ], [ -73.740284, 40.637175 ], [ -73.739558, 40.635863 ], [ -73.739471, 40.635706 ], [ -73.73996, 40.635144 ], [ -73.740141, 40.63511 ], [ -73.740802, 40.634986 ], [ -73.741095, 40.634931 ], [ -73.741678, 40.634838 ], [ -73.742237, 40.634851 ], [ -73.74265, 40.635045 ], [ -73.742673, 40.635408 ], [ -73.742629, 40.635537 ], [ -73.74258, 40.635648 ], [ -73.742531, 40.635715 ], [ -73.742081, 40.636381 ], [ -73.74127, 40.637257 ], [ -73.741187, 40.637412 ], [ -73.741201, 40.63759 ], [ -73.741501, 40.63785 ], [ -73.742361, 40.638093 ], [ -73.743295, 40.638048 ], [ -73.743651, 40.637769 ], [ -73.743941, 40.637541 ], [ -73.744177, 40.637356 ], [ -73.746022, 40.635212 ], [ -73.748001, 40.634631 ], [ -73.767425, 40.626606 ], [ -73.767507, 40.626469 ], [ -73.767708, 40.626208 ], [ -73.767758, 40.626113 ], [ -73.767772, 40.625996 ], [ -73.767782, 40.625912 ], [ -73.767933, 40.625755 ], [ -73.768142, 40.625463 ], [ -73.768154, 40.625449 ], [ -73.76825, 40.625398 ], [ -73.768269, 40.625295 ], [ -73.768293, 40.625236 ], [ -73.768326, 40.625097 ], [ -73.768418, 40.624989 ], [ -73.7685, 40.624897 ], [ -73.768563, 40.624801 ], [ -73.768604, 40.624733 ], [ -73.768624, 40.624585 ], [ -73.768649, 40.624466 ], [ -73.768709, 40.624386 ], [ -73.768761, 40.624352 ], [ -73.768784, 40.624289 ], [ -73.768777, 40.624195 ], [ -73.76883, 40.6241 ], [ -73.768805, 40.624027 ], [ -73.768838, 40.623952 ], [ -73.768757, 40.62382 ], [ -73.768762, 40.623761 ], [ -73.768668, 40.623589 ], [ -73.768643, 40.623492 ], [ -73.768643, 40.623431 ], [ -73.76861, 40.623373 ], [ -73.768584, 40.623313 ], [ -73.768553, 40.623155 ], [ -73.767571, 40.621477 ], [ -73.767459, 40.620511 ], [ -73.766757, 40.615284 ], [ -73.766719, 40.615004 ], [ -73.765244, 40.614942 ], [ -73.764349, 40.614316 ], [ -73.763476, 40.613706 ], [ -73.763454, 40.61369 ], [ -73.762084, 40.612732 ], [ -73.760021, 40.611349 ], [ -73.759631, 40.611297 ], [ -73.759334, 40.611258 ], [ -73.75891, 40.611206 ], [ -73.757546, 40.611037 ], [ -73.757235, 40.610993 ], [ -73.755197, 40.610594 ], [ -73.754947, 40.610497 ], [ -73.754732, 40.610405 ], [ -73.753458, 40.61052 ], [ -73.750652, 40.611453 ], [ -73.750088, 40.611641 ], [ -73.74912, 40.611794 ], [ -73.748216, 40.612011 ], [ -73.747993, 40.61231 ], [ -73.747614, 40.611998 ], [ -73.747495, 40.611888 ], [ -73.747194, 40.611998 ], [ -73.747119, 40.612036 ], [ -73.746942, 40.611775 ], [ -73.746855, 40.611574 ], [ -73.746747, 40.611403 ], [ -73.746387, 40.61154 ], [ -73.746075, 40.611661 ], [ -73.745793, 40.611769 ], [ -73.74553, 40.611871 ], [ -73.745492, 40.611805 ], [ -73.745169, 40.6113 ], [ -73.744451, 40.610169 ], [ -73.743676, 40.608956 ], [ -73.743623, 40.608869 ], [ -73.743451, 40.6086 ], [ -73.743311, 40.608384 ], [ -73.743215, 40.608234 ], [ -73.743059, 40.607998 ], [ -73.743146, 40.607957 ], [ -73.74307, 40.607886 ], [ -73.743204, 40.607705 ], [ -73.743393, 40.607569 ], [ -73.743551, 40.607452 ], [ -73.743292, 40.607251 ], [ -73.743213, 40.607205 ], [ -73.743168, 40.607177 ], [ -73.742873, 40.606933 ], [ -73.742464, 40.606594 ], [ -73.742074, 40.606266 ], [ -73.741772, 40.606021 ], [ -73.741148, 40.60546 ], [ -73.740571, 40.60488 ], [ -73.740291, 40.604598 ], [ -73.739463, 40.604235 ], [ -73.739402, 40.604179 ], [ -73.739235, 40.604028 ], [ -73.739029, 40.603769 ], [ -73.738901, 40.603608 ], [ -73.738785, 40.603462 ], [ -73.738733, 40.603397 ], [ -73.738585, 40.60321 ], [ -73.738519, 40.603128 ], [ -73.738499, 40.603063 ], [ -73.738492, 40.602984 ], [ -73.738463, 40.602836 ], [ -73.738422, 40.602767 ], [ -73.738358, 40.60266 ], [ -73.738265, 40.602557 ], [ -73.738269, 40.602307 ], [ -73.738289, 40.601622 ], [ -73.738371, 40.59949 ], [ -73.738396, 40.598533 ], [ -73.738397, 40.598473 ], [ -73.738401, 40.598334 ], [ -73.738405, 40.598187 ], [ -73.738422, 40.598017 ], [ -73.738438, 40.597815 ], [ -73.738447, 40.597481 ], [ -73.738447, 40.597139 ], [ -73.738449, 40.596982 ], [ -73.738466, 40.596454 ], [ -73.738465, 40.59605 ], [ -73.738464, 40.595924 ], [ -73.738463, 40.595866 ], [ -73.738092, 40.594633 ], [ -73.738078, 40.594586 ], [ -73.737977, 40.594543 ], [ -73.737925, 40.594525 ], [ -73.737819, 40.594483 ], [ -73.737704, 40.594438 ], [ -73.737656, 40.594418 ], [ -73.737637, 40.594415 ], [ -73.737604, 40.594209 ], [ -73.737521, 40.59392 ], [ -73.737451, 40.593604 ], [ -73.737421, 40.593458 ], [ -73.737414, 40.593425 ], [ -73.737226, 40.593048 ], [ -73.737185, 40.592965 ], [ -73.737232, 40.592964 ], [ -73.73839, 40.592939 ], [ -73.738468, 40.592937 ], [ -73.740019, 40.592906 ], [ -73.741628, 40.592872 ], [ -73.743237, 40.592839 ], [ -73.74338, 40.592847 ], [ -73.743604, 40.592859 ], [ -73.743829, 40.592871 ], [ -73.744469, 40.592904 ], [ -73.747749, 40.591503 ], [ -73.750978, 40.589049 ], [ -73.752121, 40.588182 ], [ -73.752371, 40.587965 ], [ -73.755183, 40.585649 ], [ -73.755502, 40.585387 ], [ -73.755567, 40.583186 ], [ -73.75557, 40.583094 ], [ -73.755701, 40.578688 ], [ -73.756909, 40.567652 ], [ -73.758047, 40.557268 ], [ -73.758256, 40.555364 ], [ -73.762234, 40.550203 ], [ -73.764932, 40.544402 ], [ -73.767272, 40.538111 ], [ -73.76763, 40.537152 ], [ -73.768739, 40.533873 ], [ -73.768781, 40.533747 ], [ -73.772964, 40.533371 ], [ -73.776981, 40.533012 ], [ -73.783969, 40.532387 ], [ -73.792855, 40.530382 ], [ -73.804242, 40.527815 ], [ -73.818919, 40.524505 ], [ -73.826158, 40.522874 ], [ -73.829875, 40.521464 ], [ -73.837816, 40.518453 ], [ -73.854843, 40.512 ], [ -73.860609, 40.508386 ], [ -73.870029, 40.502486 ], [ -73.876778, 40.501127 ], [ -73.881839, 40.49569 ], [ -73.882272, 40.49521 ], [ -73.886543, 40.489929 ], [ -73.886652, 40.489794 ], [ -73.889645, 40.486511 ], [ -73.90214, 40.492121 ], [ -73.947794, 40.50839 ], [ -73.977874, 40.519095 ], [ -74.013522, 40.513006 ], [ -74.042279, 40.508085 ], [ -74.038131, 40.538294 ] ] ] ] } },
{ "type": "Feature", "properties": { "congressional district": 8 }, "geometry": { "type": "MultiPolygon", "coordinates": [ [ [ [ -74.034656, 40.588682 ], [ -74.009468, 40.584235 ], [ -74.009319, 40.584208 ], [ -74.008093, 40.583992 ], [ -74.006578, 40.583716 ], [ -74.004168, 40.583193 ], [ -74.003472, 40.583031 ], [ -74.003059, 40.582935 ], [ -73.990679, 40.58006 ], [ -73.988237, 40.579704 ], [ -73.988856, 40.579992 ], [ -73.989097, 40.580205 ], [ -73.98936, 40.580238 ], [ -73.989535, 40.580417 ], [ -73.989568, 40.580435 ], [ -73.989758, 40.580499 ], [ -73.990006, 40.580676 ], [ -73.989858, 40.58081 ], [ -73.989545, 40.581933 ], [ -73.988749, 40.58282 ], [ -73.988358, 40.583475 ], [ -73.988523, 40.58388 ], [ -73.988781, 40.584363 ], [ -73.98915, 40.58467 ], [ -73.990035, 40.585211 ], [ -73.990877, 40.585848 ], [ -73.991757, 40.586728 ], [ -73.992223, 40.587454 ], [ -73.991902, 40.587615 ], [ -73.99177, 40.587673 ], [ -73.991488, 40.5878 ], [ -73.991866, 40.588482 ], [ -73.992558, 40.589922 ], [ -73.991539, 40.590391 ], [ -73.990364, 40.591432 ], [ -73.989621, 40.590982 ], [ -73.987988, 40.592553 ], [ -73.986019, 40.594446 ], [ -73.985015, 40.595413 ], [ -73.985061, 40.595671 ], [ -73.984064, 40.595783 ], [ -73.983722, 40.595821 ], [ -73.98314, 40.595885 ], [ -73.982211, 40.595987 ], [ -73.981283, 40.596088 ], [ -73.980358, 40.596192 ], [ -73.979432, 40.596292 ], [ -73.978927, 40.596348 ], [ -73.978504, 40.596396 ], [ -73.977507, 40.596506 ], [ -73.97651, 40.596616 ], [ -73.975588, 40.596719 ], [ -73.975039, 40.59678 ], [ -73.974927, 40.596794 ], [ -73.974083, 40.596883 ], [ -73.97324, 40.596979 ], [ -73.971484, 40.597172 ], [ -73.970556, 40.597274 ], [ -73.96963, 40.597379 ], [ -73.968703, 40.597479 ], [ -73.967777, 40.59758 ], [ -73.96685, 40.597683 ], [ -73.965749, 40.597804 ], [ -73.965477, 40.597834 ], [ -73.965904, 40.60009 ], [ -73.965624, 40.600121 ], [ -73.96453, 40.600242 ], [ -73.963455, 40.600363 ], [ -73.962534, 40.600461 ], [ -73.961363, 40.600589 ], [ -73.960363, 40.600698 ], [ -73.959612, 40.600781 ], [ -73.958683, 40.600885 ], [ -73.957757, 40.600986 ], [ -73.95683, 40.601087 ], [ -73.957283, 40.60347 ], [ -73.956737, 40.603534 ], [ -73.956354, 40.603579 ], [ -73.955393, 40.603683 ], [ -73.954432, 40.60379 ], [ -73.953978, 40.601401 ], [ -73.953037, 40.601506 ], [ -73.951834, 40.601637 ], [ -73.950801, 40.601749 ], [ -73.949874, 40.601853 ], [ -73.94895, 40.601954 ], [ -73.948023, 40.602056 ], [ -73.947059, 40.602162 ], [ -73.946096, 40.60227 ], [ -73.945169, 40.602369 ], [ -73.94562, 40.604759 ], [ -73.944693, 40.604863 ], [ -73.943766, 40.604961 ], [ -73.942769, 40.605073 ], [ -73.941771, 40.605183 ], [ -73.942207, 40.607503 ], [ -73.942312, 40.608269 ], [ -73.941547, 40.608768 ], [ -73.940829, 40.60923 ], [ -73.940115, 40.609691 ], [ -73.939598, 40.610024 ], [ -73.939347, 40.610187 ], [ -73.939582, 40.610398 ], [ -73.940911, 40.611594 ], [ -73.941021, 40.611694 ], [ -73.941161, 40.61182 ], [ -73.940397, 40.612315 ], [ -73.939683, 40.612782 ], [ -73.93897, 40.61324 ], [ -73.938254, 40.613702 ], [ -73.937542, 40.614165 ], [ -73.936801, 40.614643 ], [ -73.936057, 40.615123 ], [ -73.935348, 40.615584 ], [ -73.934633, 40.616048 ], [ -73.933917, 40.616508 ], [ -73.933205, 40.61697 ], [ -73.932487, 40.617432 ], [ -73.931731, 40.617927 ], [ -73.930602, 40.616922 ], [ -73.930759, 40.61871 ], [ -73.931016, 40.621116 ], [ -73.930045, 40.621178 ], [ -73.930282, 40.623381 ], [ -73.929311, 40.623441 ], [ -73.928376, 40.623499 ], [ -73.927369, 40.623562 ], [ -73.927613, 40.625824 ], [ -73.926608, 40.625895 ], [ -73.925673, 40.625952 ], [ -73.92471, 40.62601 ], [ -73.92374, 40.626072 ], [ -73.922806, 40.626131 ], [ -73.921836, 40.62619 ], [ -73.920869, 40.626251 ], [ -73.919938, 40.626307 ], [ -73.920184, 40.628644 ], [ -73.919248, 40.628702 ], [ -73.918242, 40.62877 ], [ -73.91835, 40.629767 ], [ -73.918604, 40.632096 ], [ -73.918763, 40.633637 ], [ -73.918852, 40.634483 ], [ -73.918925, 40.635159 ], [ -73.919006, 40.635893 ], [ -73.919123, 40.637012 ], [ -73.919164, 40.637404 ], [ -73.919172, 40.63747 ], [ -73.91929, 40.638596 ], [ -73.919415, 40.639775 ], [ -73.919462, 40.640239 ], [ -73.91893, 40.640585 ], [ -73.918163, 40.64108 ], [ -73.917402, 40.641517 ], [ -73.916621, 40.641948 ], [ -73.915925, 40.642384 ], [ -73.91567, 40.64255 ], [ -73.915187, 40.642862 ], [ -73.914724, 40.643161 ], [ -73.914441, 40.643342 ], [ -73.913755, 40.643778 ], [ -73.913688, 40.643813 ], [ -73.913197, 40.64407 ], [ -73.912915, 40.644177 ], [ -73.912067, 40.64452 ], [ -73.911128, 40.644865 ], [ -73.909891, 40.645615 ], [ -73.908899, 40.646256 ], [ -73.908185, 40.64672 ], [ -73.90747, 40.647181 ], [ -73.906595, 40.647748 ], [ -73.9058, 40.648265 ], [ -73.906372, 40.648779 ], [ -73.907615, 40.649896 ], [ -73.908681, 40.650717 ], [ -73.909449, 40.651522 ], [ -73.908558, 40.652096 ], [ -73.909335, 40.652809 ], [ -73.910144, 40.653521 ], [ -73.910551, 40.654023 ], [ -73.910679, 40.65418 ], [ -73.91091, 40.654353 ], [ -73.912206, 40.655322 ], [ -73.912339, 40.655531 ], [ -73.913144, 40.656221 ], [ -73.91378, 40.656783 ], [ -73.914029, 40.657004 ], [ -73.914413, 40.657362 ], [ -73.915567, 40.658393 ], [ -73.915728, 40.65855 ], [ -73.917074, 40.659745 ], [ -73.917419, 40.660051 ], [ -73.918185, 40.660726 ], [ -73.918602, 40.661118 ], [ -73.919205, 40.661655 ], [ -73.919584, 40.661994 ], [ -73.919626, 40.662556 ], [ -73.918703, 40.662694 ], [ -73.919097, 40.66423 ], [ -73.919234, 40.66465 ], [ -73.919414, 40.665779 ], [ -73.920039, 40.668282 ], [ -73.920128, 40.668241 ], [ -73.92102, 40.667852 ], [ -73.921872, 40.667481 ], [ -73.922215, 40.667334 ], [ -73.922753, 40.667098 ], [ -73.922727, 40.667365 ], [ -73.922654, 40.668139 ], [ -73.922632, 40.668373 ], [ -73.922476, 40.668438 ], [ -73.922197, 40.668554 ], [ -73.920708, 40.669174 ], [ -73.919966, 40.669476 ], [ -73.918888, 40.66992 ], [ -73.917024, 40.670687 ], [ -73.91696, 40.670714 ], [ -73.917022, 40.670718 ], [ -73.917019, 40.670748 ], [ -73.916942, 40.671607 ], [ -73.916857, 40.672499 ], [ -73.916773, 40.67339 ], [ -73.919541, 40.673542 ], [ -73.922132, 40.673684 ], [ -73.925082, 40.673844 ], [ -73.924996, 40.674736 ], [ -73.925395, 40.674759 ], [ -73.925246, 40.676314 ], [ -73.924831, 40.676293 ], [ -73.924776, 40.677013 ], [ -73.92477, 40.67709 ], [ -73.924765, 40.677173 ], [ -73.926594, 40.677278 ], [ -73.927532, 40.677337 ], [ -73.928227, 40.677378 ], [ -73.930322, 40.677485 ], [ -73.933069, 40.677647 ], [ -73.935858, 40.677817 ], [ -73.937895, 40.677924 ], [ -73.938593, 40.67797 ], [ -73.939825, 40.678025 ], [ -73.940558, 40.678064 ], [ -73.941369, 40.678093 ], [ -73.941376, 40.678008 ], [ -73.941385, 40.677919 ], [ -73.941463, 40.6772 ], [ -73.941867, 40.677222 ], [ -73.94423, 40.677351 ], [ -73.946999, 40.677501 ], [ -73.94977, 40.677652 ], [ -73.949697, 40.678362 ], [ -73.949676, 40.678457 ], [ -73.949679, 40.678566 ], [ -73.952053, 40.678675 ], [ -73.953005, 40.678815 ], [ -73.954144, 40.679037 ], [ -73.954265, 40.679062 ], [ -73.954801, 40.67917 ], [ -73.955309, 40.679273 ], [ -73.955642, 40.679258 ], [ -73.956022, 40.679359 ], [ -73.958292, 40.679831 ], [ -73.961312, 40.680456 ], [ -73.961424, 40.681434 ], [ -73.961611, 40.682375 ], [ -73.960595, 40.682162 ], [ -73.959595, 40.681953 ], [ -73.959785, 40.682909 ], [ -73.958841, 40.683018 ], [ -73.958983, 40.68375 ], [ -73.959132, 40.684486 ], [ -73.959276, 40.685217 ], [ -73.959423, 40.685951 ], [ -73.959568, 40.686683 ], [ -73.959714, 40.687416 ], [ -73.959859, 40.688148 ], [ -73.960006, 40.688881 ], [ -73.960122, 40.689469 ], [ -73.960197, 40.689856 ], [ -73.960293, 40.690346 ], [ -73.959428, 40.690448 ], [ -73.959844, 40.69253 ], [ -73.958993, 40.692628 ], [ -73.959311, 40.694215 ], [ -73.960158, 40.694117 ], [ -73.960621, 40.69632 ], [ -73.960925, 40.697737 ], [ -73.961051, 40.698326 ], [ -73.960197, 40.698462 ], [ -73.958858, 40.698677 ], [ -73.957959, 40.69882 ], [ -73.957434, 40.698905 ], [ -73.95702, 40.698974 ], [ -73.956645, 40.699019 ], [ -73.956075, 40.69909 ], [ -73.955184, 40.699193 ], [ -73.95429, 40.699296 ], [ -73.95337, 40.699405 ], [ -73.952663, 40.699482 ], [ -73.952161, 40.699537 ], [ -73.950922, 40.699688 ], [ -73.950091, 40.699791 ], [ -73.949794, 40.699823 ], [ -73.948133, 40.700006 ], [ -73.947248, 40.700105 ], [ -73.947128, 40.700123 ], [ -73.946316, 40.700215 ], [ -73.944617, 40.700405 ], [ -73.944388, 40.700425 ], [ -73.943692, 40.70051 ], [ -73.941931, 40.700725 ], [ -73.941149, 40.700281 ], [ -73.94042, 40.699874 ], [ -73.93969, 40.699456 ], [ -73.938902, 40.699037 ], [ -73.938568, 40.698848 ], [ -73.938177, 40.698641 ], [ -73.937773, 40.698405 ], [ -73.937391, 40.698186 ], [ -73.93676, 40.697831 ], [ -73.936388, 40.697616 ], [ -73.936006, 40.697406 ], [ -73.935222, 40.696986 ], [ -73.934797, 40.696737 ], [ -73.934134, 40.696359 ], [ -73.933828, 40.696184 ], [ -73.933118, 40.695791 ], [ -73.932366, 40.695358 ], [ -73.931929, 40.695115 ], [ -73.931773, 40.695028 ], [ -73.931458, 40.694855 ], [ -73.931145, 40.694674 ], [ -73.930512, 40.694317 ], [ -73.929702, 40.693864 ], [ -73.928642, 40.693241 ], [ -73.928507, 40.693166 ], [ -73.928043, 40.692904 ], [ -73.927811, 40.692774 ], [ -73.927507, 40.692604 ], [ -73.927071, 40.692346 ], [ -73.92645, 40.692002 ], [ -73.926316, 40.691929 ], [ -73.92556, 40.691491 ], [ -73.925365, 40.691367 ], [ -73.924392, 40.690831 ], [ -73.924287, 40.690768 ], [ -73.923644, 40.690399 ], [ -73.923169, 40.690123 ], [ -73.922807, 40.689924 ], [ -73.922072, 40.68949 ], [ -73.921306, 40.689072 ], [ -73.921214, 40.689019 ], [ -73.920961, 40.688872 ], [ -73.92055, 40.688641 ], [ -73.91981, 40.688211 ], [ -73.919061, 40.687784 ], [ -73.918783, 40.687626 ], [ -73.918294, 40.687357 ], [ -73.918046, 40.687213 ], [ -73.917614, 40.686966 ], [ -73.916798, 40.686497 ], [ -73.916611, 40.686391 ], [ -73.916046, 40.686072 ], [ -73.915827, 40.685947 ], [ -73.915501, 40.685762 ], [ -73.91529, 40.685645 ], [ -73.914701, 40.685317 ], [ -73.91454, 40.685227 ], [ -73.913798, 40.6848 ], [ -73.913308, 40.684521 ], [ -73.913238, 40.684482 ], [ -73.913037, 40.684368 ], [ -73.912273, 40.683935 ], [ -73.911512, 40.683505 ], [ -73.910769, 40.683092 ], [ -73.910067, 40.682684 ], [ -73.909275, 40.682235 ], [ -73.909055, 40.682105 ], [ -73.90886, 40.681994 ], [ -73.908517, 40.681804 ], [ -73.907771, 40.681377 ], [ -73.907018, 40.680948 ], [ -73.90672, 40.680768 ], [ -73.906282, 40.680507 ], [ -73.905659, 40.680141 ], [ -73.905493, 40.680037 ], [ -73.904791, 40.679641 ], [ -73.904568, 40.679515 ], [ -73.904046, 40.67922 ], [ -73.904464, 40.678776 ], [ -73.904688, 40.677943 ], [ -73.903316, 40.677869 ], [ -73.902338, 40.677604 ], [ -73.901548, 40.677356 ], [ -73.901044, 40.677188 ], [ -73.900922, 40.677172 ], [ -73.900708, 40.677145 ], [ -73.900627, 40.677265 ], [ -73.89999, 40.6769 ], [ -73.899836, 40.676869 ], [ -73.899605, 40.676854 ], [ -73.899359, 40.676885 ], [ -73.899066, 40.676939 ], [ -73.898199, 40.677064 ], [ -73.897846, 40.675674 ], [ -73.896852, 40.675737 ], [ -73.897225, 40.677208 ], [ -73.896218, 40.677358 ], [ -73.895825, 40.675819 ], [ -73.894912, 40.675911 ], [ -73.893977, 40.676019 ], [ -73.893068, 40.676144 ], [ -73.892766, 40.674956 ], [ -73.89186, 40.675091 ], [ -73.890959, 40.675224 ], [ -73.890056, 40.675357 ], [ -73.889151, 40.675496 ], [ -73.888256, 40.675625 ], [ -73.887371, 40.675756 ], [ -73.886482, 40.675888 ], [ -73.885668, 40.676009 ], [ -73.885074, 40.676096 ], [ -73.884854, 40.676129 ], [ -73.88404, 40.67625 ], [ -73.883226, 40.67637 ], [ -73.882331, 40.676501 ], [ -73.881427, 40.676634 ], [ -73.880505, 40.676766 ], [ -73.879584, 40.6769 ], [ -73.878662, 40.677033 ], [ -73.877739, 40.677165 ], [ -73.877431, 40.675923 ], [ -73.876509, 40.676055 ], [ -73.875588, 40.676189 ], [ -73.874666, 40.676321 ], [ -73.874351, 40.675052 ], [ -73.875275, 40.674918 ], [ -73.876193, 40.674787 ], [ -73.87588, 40.673517 ], [ -73.874957, 40.673651 ], [ -73.874035, 40.673785 ], [ -73.873719, 40.672511 ], [ -73.872803, 40.672643 ], [ -73.872042, 40.672755 ], [ -73.871854, 40.672781 ], [ -73.871303, 40.672858 ], [ -73.870367, 40.673011 ], [ -73.869447, 40.673143 ], [ -73.868523, 40.673279 ], [ -73.867603, 40.673411 ], [ -73.866668, 40.673544 ], [ -73.865755, 40.673678 ], [ -73.865324, 40.673738 ], [ -73.8649, 40.673808 ], [ -73.863919, 40.673942 ], [ -73.862992, 40.674073 ], [ -73.862074, 40.674208 ], [ -73.861764, 40.674233 ], [ -73.861077, 40.674021 ], [ -73.860775, 40.672806 ], [ -73.860389, 40.671269 ], [ -73.859474, 40.671381 ], [ -73.859391, 40.671394 ], [ -73.858555, 40.671533 ], [ -73.857633, 40.671656 ], [ -73.857309, 40.670419 ], [ -73.857282, 40.670312 ], [ -73.857252, 40.670198 ], [ -73.857226, 40.670094 ], [ -73.856847, 40.668603 ], [ -73.856459, 40.667159 ], [ -73.856425, 40.667033 ], [ -73.856115, 40.665729 ], [ -73.856063, 40.665511 ], [ -73.855685, 40.663867 ], [ -73.856117, 40.663808 ], [ -73.856591, 40.663747 ], [ -73.857536, 40.663598 ], [ -73.85843, 40.663453 ], [ -73.85837, 40.663182 ], [ -73.858025, 40.661721 ], [ -73.857922, 40.661319 ], [ -73.857615, 40.660119 ], [ -73.858514, 40.659899 ], [ -73.859387, 40.659773 ], [ -73.860138, 40.659676 ], [ -73.86036, 40.659646 ], [ -73.861222, 40.659221 ], [ -73.861508, 40.65905 ], [ -73.863171, 40.658277 ], [ -73.8627, 40.657623 ], [ -73.862438, 40.657258 ], [ -73.862193, 40.656829 ], [ -73.861658, 40.65611 ], [ -73.860988, 40.655212 ], [ -73.860964, 40.65518 ], [ -73.860676, 40.654868 ], [ -73.860635, 40.654824 ], [ -73.860594, 40.65478 ], [ -73.860567, 40.654751 ], [ -73.860483, 40.654659 ], [ -73.860422, 40.654612 ], [ -73.859907, 40.654229 ], [ -73.859755, 40.654104 ], [ -73.85898, 40.652675 ], [ -73.856962, 40.650584 ], [ -73.856652, 40.650129 ], [ -73.856537, 40.649916 ], [ -73.856148, 40.649198 ], [ -73.855021, 40.643098 ], [ -73.854938, 40.64265 ], [ -73.848338, 40.643521 ], [ -73.842955, 40.63814 ], [ -73.838298, 40.633485 ], [ -73.838111, 40.633298 ], [ -73.837652, 40.63284 ], [ -73.837379, 40.632506 ], [ -73.837091, 40.632155 ], [ -73.836595, 40.631548 ], [ -73.836238, 40.631111 ], [ -73.835769, 40.630678 ], [ -73.835376, 40.630315 ], [ -73.833041, 40.628261 ], [ -73.833393, 40.627674 ], [ -73.8334, 40.627449 ], [ -73.833422, 40.626782 ], [ -73.833452, 40.626149 ], [ -73.8337, 40.620922 ], [ -73.834008, 40.614425 ], [ -73.834054, 40.613455 ], [ -73.834283, 40.609186 ], [ -73.834463, 40.607193 ], [ -73.835876, 40.605637 ], [ -73.842017, 40.598313 ], [ -73.844437, 40.595855 ], [ -73.84668, 40.593209 ], [ -73.847386, 40.592028 ], [ -73.849852, 40.588669 ], [ -73.853522, 40.586592 ], [ -73.854937, 40.585974 ], [ -73.855106, 40.585899 ], [ -73.859492, 40.583938 ], [ -73.865607, 40.581205 ], [ -73.866005, 40.581001 ], [ -73.867374, 40.580299 ], [ -73.86751, 40.580229 ], [ -73.867661, 40.580151 ], [ -73.868425, 40.579757 ], [ -73.869232, 40.579342 ], [ -73.870239, 40.57897 ], [ -73.871212, 40.578611 ], [ -73.871418, 40.578535 ], [ -73.871613, 40.578438 ], [ -73.879222, 40.574656 ], [ -73.885069, 40.573749 ], [ -73.886292, 40.573505 ], [ -73.890518, 40.572705 ], [ -73.902874, 40.5717 ], [ -73.903871, 40.571619 ], [ -73.904908, 40.571407 ], [ -73.918487, 40.569284 ], [ -73.926236, 40.568072 ], [ -73.927424, 40.567887 ], [ -73.92807, 40.567786 ], [ -73.928717, 40.567681 ], [ -73.932716, 40.567034 ], [ -73.933363, 40.566929 ], [ -73.933448, 40.566914 ], [ -73.934894, 40.566652 ], [ -73.936525, 40.566436 ], [ -73.945004, 40.565313 ], [ -73.94988, 40.564555 ], [ -73.950703, 40.564427 ], [ -73.951009, 40.56439 ], [ -73.951195, 40.564368 ], [ -73.951409, 40.564343 ], [ -73.95167, 40.564312 ], [ -73.952309, 40.564208 ], [ -73.958844, 40.56315 ], [ -73.959281, 40.563079 ], [ -73.959715, 40.563013 ], [ -73.997087, 40.557283 ], [ -74.036293, 40.551042 ], [ -74.036285, 40.551185 ], [ -74.036216, 40.5524 ], [ -74.036209, 40.552524 ], [ -74.035978, 40.556563 ], [ -74.035153, 40.571003 ], [ -74.035053, 40.572747 ], [ -74.035047, 40.57285 ], [ -74.034547, 40.57625 ], [ -74.037877, 40.589201 ], [ -74.034656, 40.588682 ] ] ] ] } },
{ "type": "Feature", "properties": { "congressional district": 13 }, "geometry": { "type": "MultiPolygon", "coordinates": [ [ [ [ -73.971123, 40.816308 ], [ -73.970693, 40.816897 ], [ -73.967894, 40.820731 ], [ -73.967865, 40.820771 ], [ -73.967803, 40.820854 ], [ -73.966563, 40.822553 ], [ -73.96647, 40.82268 ], [ -73.965981, 40.82335 ], [ -73.9659, 40.823461 ], [ -73.965719, 40.823709 ], [ -73.965592, 40.823883 ], [ -73.96517, 40.82446 ], [ -73.965138, 40.824504 ], [ -73.96502, 40.824666 ], [ -73.963815, 40.826316 ], [ -73.963787, 40.826355 ], [ -73.963577, 40.826642 ], [ -73.962654, 40.828742 ], [ -73.962585, 40.828901 ], [ -73.962463, 40.829177 ], [ -73.96168, 40.830961 ], [ -73.961646, 40.831036 ], [ -73.961329, 40.831759 ], [ -73.961263, 40.83191 ], [ -73.961211, 40.832027 ], [ -73.960136, 40.834474 ], [ -73.960086, 40.834587 ], [ -73.958824, 40.837462 ], [ -73.958705, 40.837732 ], [ -73.958019, 40.839292 ], [ -73.957831, 40.839721 ], [ -73.957796, 40.839801 ], [ -73.955727, 40.84451 ], [ -73.955661, 40.844661 ], [ -73.954312, 40.847732 ], [ -73.954194, 40.848003 ], [ -73.953988, 40.848468 ], [ -73.952829, 40.851106 ], [ -73.952565, 40.851537 ], [ -73.952486, 40.851666 ], [ -73.952397, 40.851812 ], [ -73.948822, 40.857651 ], [ -73.948336, 40.858446 ], [ -73.948292, 40.858517 ], [ -73.945885, 40.862448 ], [ -73.94584, 40.86252 ], [ -73.945783, 40.862615 ], [ -73.943042, 40.867092 ], [ -73.942953, 40.867237 ], [ -73.938946, 40.873783 ], [ -73.938909, 40.873842 ], [ -73.938354, 40.874749 ], [ -73.938177, 40.875038 ], [ -73.938118, 40.875134 ], [ -73.933907, 40.882012 ], [ -73.933788, 40.882207 ], [ -73.924974, 40.879144 ], [ -73.92465, 40.879038 ], [ -73.924503, 40.878974 ], [ -73.922602, 40.878779 ], [ -73.92163, 40.878321 ], [ -73.919808, 40.876577 ], [ -73.919122, 40.876429 ], [ -73.918932, 40.876388 ], [ -73.917309, 40.876037 ], [ -73.9152, 40.875581 ], [ -73.915168, 40.875695 ], [ -73.915125, 40.875845 ], [ -73.914905, 40.876578 ], [ -73.912205, 40.878178 ], [ -73.911405, 40.879278 ], [ -73.91031, 40.879047 ], [ -73.910103, 40.8792 ], [ -73.909678, 40.879515 ], [ -73.910305, 40.880052 ], [ -73.910363, 40.880126 ], [ -73.910449, 40.880238 ], [ -73.910476, 40.880327 ], [ -73.910537, 40.880569 ], [ -73.91027, 40.880735 ], [ -73.909336, 40.881346 ], [ -73.908012, 40.8824 ], [ -73.906475, 40.883732 ], [ -73.904721, 40.885242 ], [ -73.904017, 40.884772 ], [ -73.903309, 40.884301 ], [ -73.901794, 40.88561 ], [ -73.901692, 40.885526 ], [ -73.90154, 40.885422 ], [ -73.901366, 40.885325 ], [ -73.901189, 40.885247 ], [ -73.901014, 40.885186 ], [ -73.900647, 40.885099 ], [ -73.901043, 40.884371 ], [ -73.899289, 40.883957 ], [ -73.898959, 40.884592 ], [ -73.898259, 40.885306 ], [ -73.897383, 40.886087 ], [ -73.897157, 40.886045 ], [ -73.896839, 40.885986 ], [ -73.89658, 40.885938 ], [ -73.897626, 40.885152 ], [ -73.898465, 40.884325 ], [ -73.897967, 40.884034 ], [ -73.896596, 40.885009 ], [ -73.896428, 40.885117 ], [ -73.896223, 40.885196 ], [ -73.896001, 40.885262 ], [ -73.895754, 40.885316 ], [ -73.895391, 40.885362 ], [ -73.895145, 40.885352 ], [ -73.894922, 40.885352 ], [ -73.894784, 40.885431 ], [ -73.894724, 40.885557 ], [ -73.894529, 40.885504 ], [ -73.892886, 40.885264 ], [ -73.891766, 40.88505 ], [ -73.890806, 40.884868 ], [ -73.889847, 40.884685 ], [ -73.888896, 40.884504 ], [ -73.890425, 40.88251 ], [ -73.888635, 40.882765 ], [ -73.888097, 40.882855 ], [ -73.887832, 40.882906 ], [ -73.887573, 40.882906 ], [ -73.887247, 40.882844 ], [ -73.886967, 40.882814 ], [ -73.887011, 40.882472 ], [ -73.885936, 40.880481 ], [ -73.885826, 40.879908 ], [ -73.885774, 40.8796 ], [ -73.885656, 40.87889 ], [ -73.885265, 40.879228 ], [ -73.884661, 40.879749 ], [ -73.884332, 40.87934 ], [ -73.884229, 40.878722 ], [ -73.884112, 40.878264 ], [ -73.884304, 40.878343 ], [ -73.884471, 40.878359 ], [ -73.884605, 40.878354 ], [ -73.88471, 40.878295 ], [ -73.88383, 40.876783 ], [ -73.883424, 40.875742 ], [ -73.883436, 40.875384 ], [ -73.88344, 40.874794 ], [ -73.8834, 40.873947 ], [ -73.882957, 40.873052 ], [ -73.88247, 40.872128 ], [ -73.881754, 40.872349 ], [ -73.881394, 40.871208 ], [ -73.881142, 40.870844 ], [ -73.880911, 40.870488 ], [ -73.880695, 40.86982 ], [ -73.880375, 40.869194 ], [ -73.881469, 40.868573 ], [ -73.881841, 40.86837 ], [ -73.882843, 40.867736 ], [ -73.883625, 40.867258 ], [ -73.884429, 40.866801 ], [ -73.88514, 40.866383 ], [ -73.885283, 40.866301 ], [ -73.885937, 40.865924 ], [ -73.886833, 40.86539 ], [ -73.888122, 40.864255 ], [ -73.889453, 40.863092 ], [ -73.890105, 40.862616 ], [ -73.891292, 40.861765 ], [ -73.891447, 40.861634 ], [ -73.892428, 40.860657 ], [ -73.892563, 40.860523 ], [ -73.893215, 40.859874 ], [ -73.894042, 40.860279 ], [ -73.894694, 40.859426 ], [ -73.89574, 40.858139 ], [ -73.895581, 40.858022 ], [ -73.895509, 40.857913 ], [ -73.895509, 40.857829 ], [ -73.895557, 40.857745 ], [ -73.895823, 40.857322 ], [ -73.895883, 40.857202 ], [ -73.895871, 40.857093 ], [ -73.895826, 40.857026 ], [ -73.896126, 40.856915 ], [ -73.896167, 40.856843 ], [ -73.896197, 40.856793 ], [ -73.896874, 40.857061 ], [ -73.897235, 40.856382 ], [ -73.897263, 40.85633 ], [ -73.897307, 40.85651 ], [ -73.897513, 40.856582 ], [ -73.898104, 40.856788 ], [ -73.898172, 40.856812 ], [ -73.899067, 40.857119 ], [ -73.899777, 40.857361 ], [ -73.899949, 40.85742 ], [ -73.900138, 40.857485 ], [ -73.900939, 40.857759 ], [ -73.901762, 40.856388 ], [ -73.902779, 40.856734 ], [ -73.903615, 40.857021 ], [ -73.904305, 40.855888 ], [ -73.905222, 40.856204 ], [ -73.90557, 40.855787 ], [ -73.907333, 40.853816 ], [ -73.908418, 40.852644 ], [ -73.909215, 40.851801 ], [ -73.909531, 40.851902 ], [ -73.909864, 40.851958 ], [ -73.910175, 40.851983 ], [ -73.910777, 40.851939 ], [ -73.911025, 40.851906 ], [ -73.911322, 40.851805 ], [ -73.911453, 40.85174 ], [ -73.911536, 40.851692 ], [ -73.911844, 40.851445 ], [ -73.911947, 40.851353 ], [ -73.912113, 40.851092 ], [ -73.912172, 40.850943 ], [ -73.912212, 40.850781 ], [ -73.912291, 40.85061 ], [ -73.912482, 40.850378 ], [ -73.912731, 40.85017 ], [ -73.912875, 40.850125 ], [ -73.913968, 40.848609 ], [ -73.914426, 40.847964 ], [ -73.916174, 40.848289 ], [ -73.916142, 40.848878 ], [ -73.916127, 40.849006 ], [ -73.916051, 40.850043 ], [ -73.917286, 40.849189 ], [ -73.918409, 40.84944 ], [ -73.919241, 40.848423 ], [ -73.91968, 40.847902 ], [ -73.920482, 40.848264 ], [ -73.921278, 40.848648 ], [ -73.920319, 40.849804 ], [ -73.921282, 40.849992 ], [ -73.921633, 40.850057 ], [ -73.922288, 40.850277 ], [ -73.92242, 40.850123 ], [ -73.922618, 40.850173 ], [ -73.92281, 40.850221 ], [ -73.923305, 40.850341 ], [ -73.923472, 40.850382 ], [ -73.923904, 40.850488 ], [ -73.925036, 40.84918 ], [ -73.927296, 40.846557 ], [ -73.927397, 40.846436 ], [ -73.928032, 40.84567 ], [ -73.928106, 40.845579 ], [ -73.92815, 40.845507 ], [ -73.928159, 40.845492 ], [ -73.928245, 40.845349 ], [ -73.928253, 40.845335 ], [ -73.929006, 40.844079 ], [ -73.929503, 40.842381 ], [ -73.929597, 40.842292 ], [ -73.929609, 40.84228 ], [ -73.929635, 40.842256 ], [ -73.929695, 40.842195 ], [ -73.929579, 40.842047 ], [ -73.929727, 40.841849 ], [ -73.930039, 40.84125 ], [ -73.930368, 40.84065 ], [ -73.930406, 40.840279 ], [ -73.930606, 40.839679 ], [ -73.930654, 40.839599 ], [ -73.933006, 40.835679 ], [ -73.933144, 40.834815 ], [ -73.933459, 40.833184 ], [ -73.933417, 40.831377 ], [ -73.933263, 40.829504 ], [ -73.933193, 40.829161 ], [ -73.933182, 40.828985 ], [ -73.93316, 40.828886 ], [ -73.93314, 40.828629 ], [ -73.933074, 40.828275 ], [ -73.933062, 40.828202 ], [ -73.933059, 40.828156 ], [ -73.933047, 40.827995 ], [ -73.933033, 40.827913 ], [ -73.933021, 40.827834 ], [ -73.933003, 40.827676 ], [ -73.932898, 40.826558 ], [ -73.932825, 40.826078 ], [ -73.932813, 40.825941 ], [ -73.932793, 40.82583 ], [ -73.932781, 40.825715 ], [ -73.932749, 40.825492 ], [ -73.932749, 40.825439 ], [ -73.932749, 40.825386 ], [ -73.932736, 40.82529 ], [ -73.932728, 40.825183 ], [ -73.932719, 40.825116 ], [ -73.932661, 40.824538 ], [ -73.932643, 40.824356 ], [ -73.932632, 40.824134 ], [ -73.932591, 40.823666 ], [ -73.932568, 40.823488 ], [ -73.932567, 40.82325 ], [ -73.932538, 40.823051 ], [ -73.93252, 40.8228 ], [ -73.932491, 40.822554 ], [ -73.932468, 40.822203 ], [ -73.932425, 40.821561 ], [ -73.932407, 40.821284 ], [ -73.932401, 40.821193 ], [ -73.932333, 40.819654 ], [ -73.932329, 40.819554 ], [ -73.932327, 40.819503 ], [ -73.932327, 40.81949 ], [ -73.932325, 40.819463 ], [ -73.932263, 40.818002 ], [ -73.932333, 40.8151 ], [ -73.932333, 40.814923 ], [ -73.932349, 40.814754 ], [ -73.932356, 40.81468 ], [ -73.932365, 40.814591 ], [ -73.932368, 40.814399 ], [ -73.93238, 40.814319 ], [ -73.93239, 40.814254 ], [ -73.932394, 40.814217 ], [ -73.932396, 40.814195 ], [ -73.932401, 40.814151 ], [ -73.93241, 40.81406 ], [ -73.932417, 40.814025 ], [ -73.932425, 40.813566 ], [ -73.932493, 40.812884 ], [ -73.932602, 40.811988 ], [ -73.932605, 40.811517 ], [ -73.93263, 40.810606 ], [ -73.932615, 40.810015 ], [ -73.932586, 40.809676 ], [ -73.93257, 40.809256 ], [ -73.932477, 40.808864 ], [ -73.932346, 40.808586 ], [ -73.932112, 40.808182 ], [ -73.931825, 40.807902 ], [ -73.931801, 40.807876 ], [ -73.931166, 40.807205 ], [ -73.930406, 40.806479 ], [ -73.930347, 40.806196 ], [ -73.929986, 40.805793 ], [ -73.928401, 40.804106 ], [ -73.928225, 40.80385 ], [ -73.927525, 40.802764 ], [ -73.92725, 40.802558 ], [ -73.926737, 40.8025 ], [ -73.926562, 40.802476 ], [ -73.926419, 40.802476 ], [ -73.925081, 40.802521 ], [ -73.924069, 40.802468 ], [ -73.923801, 40.802504 ], [ -73.923748, 40.802548 ], [ -73.923633, 40.802554 ], [ -73.923022, 40.802425 ], [ -73.92234, 40.801962 ], [ -73.921742, 40.801689 ], [ -73.921622, 40.801447 ], [ -73.921204, 40.801011 ], [ -73.921052, 40.800642 ], [ -73.920728, 40.800101 ], [ -73.920357, 40.799672 ], [ -73.919861, 40.799353 ], [ -73.919098, 40.799013 ], [ -73.919053, 40.798988 ], [ -73.918901, 40.798903 ], [ -73.918812, 40.798853 ], [ -73.918669, 40.798801 ], [ -73.916306, 40.797881 ], [ -73.916252, 40.797838 ], [ -73.915754, 40.797589 ], [ -73.914462, 40.797042 ], [ -73.913903, 40.796843 ], [ -73.913802, 40.796834 ], [ -73.913624, 40.796786 ], [ -73.912456, 40.796096 ], [ -73.910673, 40.793116 ], [ -73.910296, 40.790657 ], [ -73.911131, 40.790114 ], [ -73.91125, 40.789744 ], [ -73.911618, 40.789586 ], [ -73.911774, 40.789723 ], [ -73.91208, 40.789522 ], [ -73.911951, 40.789402 ], [ -73.912069, 40.789339 ], [ -73.91223, 40.789179 ], [ -73.9126, 40.789376 ], [ -73.914239, 40.787856 ], [ -73.915587, 40.78643 ], [ -73.91526, 40.786192 ], [ -73.915344, 40.786116 ], [ -73.915399, 40.786058 ], [ -73.915752, 40.786108 ], [ -73.916833, 40.785191 ], [ -73.917182, 40.784552 ], [ -73.917171, 40.784193 ], [ -73.917245, 40.784142 ], [ -73.917738, 40.784076 ], [ -73.918189, 40.783933 ], [ -73.918474, 40.783754 ], [ -73.91909, 40.783368 ], [ -73.919965, 40.782635 ], [ -73.920383, 40.782276 ], [ -73.920763, 40.78195 ], [ -73.920999, 40.781749 ], [ -73.9221, 40.780852 ], [ -73.92263, 40.780565 ], [ -73.922957, 40.780441 ], [ -73.923187, 40.780248 ], [ -73.924234, 40.779101 ], [ -73.924816, 40.778758 ], [ -73.925573, 40.778459 ], [ -73.925745, 40.778405 ], [ -73.925908, 40.778361 ], [ -73.926318, 40.778242 ], [ -73.927084, 40.777717 ], [ -73.928277, 40.776899 ], [ -73.928396, 40.776791 ], [ -73.928605, 40.776593 ], [ -73.929036, 40.776467 ], [ -73.929881, 40.776222 ], [ -73.930629, 40.776591 ], [ -73.930883, 40.776974 ], [ -73.931074, 40.777261 ], [ -73.93105, 40.777442 ], [ -73.931788, 40.777871 ], [ -73.931847, 40.777892 ], [ -73.932649, 40.778022 ], [ -73.932722, 40.778035 ], [ -73.932775, 40.777922 ], [ -73.932903, 40.777944 ], [ -73.933908, 40.778117 ], [ -73.934412, 40.778093 ], [ -73.937288, 40.780963 ], [ -73.937608, 40.781754 ], [ -73.943604, 40.78265 ], [ -73.94376, 40.782829 ], [ -73.943833, 40.782859 ], [ -73.943955, 40.782916 ], [ -73.944054, 40.782964 ], [ -73.944018, 40.783015 ], [ -73.943911, 40.783177 ], [ -73.943791, 40.783334 ], [ -73.94366, 40.783486 ], [ -73.943519, 40.783633 ], [ -73.943304, 40.783815 ], [ -73.943112, 40.783958 ], [ -73.942901, 40.784097 ], [ -73.942778, 40.784171 ], [ -73.941971, 40.78459 ], [ -73.943319, 40.785174 ], [ -73.944223, 40.783933 ], [ -73.944723, 40.783247 ], [ -73.947069, 40.784236 ], [ -73.946588, 40.784941 ], [ -73.948827, 40.785881 ], [ -73.948378, 40.786497 ], [ -73.948589, 40.786586 ], [ -73.948848, 40.786695 ], [ -73.949981, 40.787173 ], [ -73.951609, 40.787858 ], [ -73.95278, 40.788352 ], [ -73.952797, 40.788359 ], [ -73.95321, 40.788533 ], [ -73.954135, 40.78892 ], [ -73.954817, 40.789205 ], [ -73.954564, 40.789551 ], [ -73.953889, 40.790471 ], [ -73.953438, 40.791085 ], [ -73.952984, 40.791722 ], [ -73.952522, 40.792347 ], [ -73.952073, 40.792967 ], [ -73.951602, 40.793608 ], [ -73.951111, 40.794285 ], [ -73.950613, 40.794965 ], [ -73.950158, 40.795588 ], [ -73.949695, 40.796217 ], [ -73.949405, 40.796631 ], [ -73.949486, 40.796651 ], [ -73.949558, 40.796684 ], [ -73.949613, 40.796728 ], [ -73.949649, 40.796772 ], [ -73.949676, 40.796832 ], [ -73.949682, 40.796894 ], [ -73.949671, 40.796952 ], [ -73.949641, 40.797009 ], [ -73.949604, 40.79705 ], [ -73.950541, 40.797442 ], [ -73.950578, 40.797457 ], [ -73.950868, 40.797578 ], [ -73.950913, 40.797597 ], [ -73.952483, 40.798253 ], [ -73.955289, 40.799435 ], [ -73.957762, 40.800472 ], [ -73.957798, 40.800479 ], [ -73.957868, 40.800399 ], [ -73.957938, 40.800355 ], [ -73.958033, 40.800315 ], [ -73.95813, 40.800298 ], [ -73.958227, 40.800301 ], [ -73.958354, 40.800337 ], [ -73.958619, 40.799977 ], [ -73.959077, 40.799352 ], [ -73.959537, 40.798719 ], [ -73.960037, 40.798038 ], [ -73.960523, 40.797369 ], [ -73.960979, 40.796738 ], [ -73.96144, 40.796111 ], [ -73.961899, 40.79548 ], [ -73.962359, 40.794852 ], [ -73.962834, 40.794203 ], [ -73.964111, 40.794711 ], [ -73.964303, 40.794787 ], [ -73.965132, 40.795205 ], [ -73.965628, 40.795456 ], [ -73.966226, 40.795705 ], [ -73.966637, 40.795876 ], [ -73.967022, 40.796037 ], [ -73.967128, 40.796081 ], [ -73.968476, 40.796643 ], [ -73.968038, 40.79725 ], [ -73.969457, 40.797838 ], [ -73.969001, 40.798476 ], [ -73.967575, 40.79787 ], [ -73.96712, 40.798503 ], [ -73.966662, 40.799133 ], [ -73.968207, 40.799786 ], [ -73.969505, 40.80033 ], [ -73.969046, 40.800957 ], [ -73.968584, 40.801636 ], [ -73.967878, 40.801354 ], [ -73.967789, 40.8022 ], [ -73.967585, 40.802932 ], [ -73.967142, 40.803568 ], [ -73.966701, 40.804169 ], [ -73.966225, 40.804833 ], [ -73.96605, 40.805068 ], [ -73.965959, 40.805191 ], [ -73.965764, 40.805453 ], [ -73.965308, 40.806081 ], [ -73.966073, 40.806399 ], [ -73.966102, 40.806412 ], [ -73.965896, 40.806717 ], [ -73.966586, 40.807031 ], [ -73.966354, 40.807335 ], [ -73.966979, 40.807596 ], [ -73.968695, 40.80827 ], [ -73.968874, 40.808341 ], [ -73.969222, 40.808506 ], [ -73.965511, 40.813762 ], [ -73.965379, 40.813959 ], [ -73.966411, 40.814405 ], [ -73.971152, 40.816269 ], [ -73.971123, 40.816308 ] ] ] ] } },
{ "type": "Feature", "properties": { "congressional district": 12 }, "geometry": { "type": "MultiPolygon", "coordinates": [ [ [ [ -74.016606, 40.746962 ], [ -74.016013, 40.749396 ], [ -74.015505, 40.751483 ], [ -74.015013, 40.753506 ], [ -74.014249, 40.756656 ], [ -74.014029, 40.757551 ], [ -74.012952, 40.759026 ], [ -74.012009, 40.760318 ], [ -74.011105, 40.761556 ], [ -74.010235, 40.762747 ], [ -74.010136, 40.762882 ], [ -74.010046, 40.763006 ], [ -74.009884, 40.763226 ], [ -74.009525, 40.763719 ], [ -74.008603, 40.764981 ], [ -74.006583, 40.767748 ], [ -74.006169, 40.768315 ], [ -74.005371, 40.769408 ], [ -74.004653, 40.770391 ], [ -74.004086, 40.771168 ], [ -74.003421, 40.772078 ], [ -74.002953, 40.772719 ], [ -74.002302, 40.77361 ], [ -74.001618, 40.774548 ], [ -74.000912, 40.775514 ], [ -74.000447, 40.776152 ], [ -73.999637, 40.77726 ], [ -73.99864, 40.778625 ], [ -73.997807, 40.779767 ], [ -73.997408, 40.780313 ], [ -73.995868, 40.782423 ], [ -73.995769, 40.782558 ], [ -73.994845, 40.783823 ], [ -73.993939, 40.785063 ], [ -73.992998, 40.786353 ], [ -73.99169, 40.788143 ], [ -73.991372, 40.788579 ], [ -73.990009, 40.790445 ], [ -73.98815, 40.792991 ], [ -73.986277, 40.795556 ], [ -73.986256, 40.795585 ], [ -73.984904, 40.797436 ], [ -73.984739, 40.797662 ], [ -73.984362, 40.798179 ], [ -73.982655, 40.800516 ], [ -73.982516, 40.800706 ], [ -73.980634, 40.803283 ], [ -73.979094, 40.805392 ], [ -73.978864, 40.805707 ], [ -73.977172, 40.808025 ], [ -73.975085, 40.810882 ], [ -73.973487, 40.813071 ], [ -73.971616, 40.815633 ], [ -73.971152, 40.816269 ], [ -73.966411, 40.814405 ], [ -73.965379, 40.813959 ], [ -73.965511, 40.813762 ], [ -73.969222, 40.808506 ], [ -73.968874, 40.808341 ], [ -73.968695, 40.80827 ], [ -73.966979, 40.807596 ], [ -73.966354, 40.807335 ], [ -73.966586, 40.807031 ], [ -73.965896, 40.806717 ], [ -73.966102, 40.806412 ], [ -73.966073, 40.806399 ], [ -73.965308, 40.806081 ], [ -73.965764, 40.805453 ], [ -73.965959, 40.805191 ], [ -73.96605, 40.805068 ], [ -73.966225, 40.804833 ], [ -73.966701, 40.804169 ], [ -73.967142, 40.803568 ], [ -73.967585, 40.802932 ], [ -73.967789, 40.8022 ], [ -73.967878, 40.801354 ], [ -73.968584, 40.801636 ], [ -73.969046, 40.800957 ], [ -73.969505, 40.80033 ], [ -73.968207, 40.799786 ], [ -73.966662, 40.799133 ], [ -73.96712, 40.798503 ], [ -73.967575, 40.79787 ], [ -73.969001, 40.798476 ], [ -73.969457, 40.797838 ], [ -73.968038, 40.79725 ], [ -73.968476, 40.796643 ], [ -73.967128, 40.796081 ], [ -73.967022, 40.796037 ], [ -73.966637, 40.795876 ], [ -73.966226, 40.795705 ], [ -73.965628, 40.795456 ], [ -73.965132, 40.795205 ], [ -73.964303, 40.794787 ], [ -73.964111, 40.794711 ], [ -73.962834, 40.794203 ], [ -73.962359, 40.794852 ], [ -73.961899, 40.79548 ], [ -73.96144, 40.796111 ], [ -73.960979, 40.796738 ], [ -73.960523, 40.797369 ], [ -73.960037, 40.798038 ], [ -73.959537, 40.798719 ], [ -73.959077, 40.799352 ], [ -73.958619, 40.799977 ], [ -73.958354, 40.800337 ], [ -73.958227, 40.800301 ], [ -73.95813, 40.800298 ], [ -73.958033, 40.800315 ], [ -73.957938, 40.800355 ], [ -73.957868, 40.800399 ], [ -73.957798, 40.800479 ], [ -73.957762, 40.800472 ], [ -73.955289, 40.799435 ], [ -73.952483, 40.798253 ], [ -73.950913, 40.797597 ], [ -73.950868, 40.797578 ], [ -73.950578, 40.797457 ], [ -73.950541, 40.797442 ], [ -73.949604, 40.79705 ], [ -73.949641, 40.797009 ], [ -73.949671, 40.796952 ], [ -73.949682, 40.796894 ], [ -73.949676, 40.796832 ], [ -73.949649, 40.796772 ], [ -73.949613, 40.796728 ], [ -73.949558, 40.796684 ], [ -73.949486, 40.796651 ], [ -73.949405, 40.796631 ], [ -73.949695, 40.796217 ], [ -73.950158, 40.795588 ], [ -73.950613, 40.794965 ], [ -73.951111, 40.794285 ], [ -73.951602, 40.793608 ], [ -73.952073, 40.792967 ], [ -73.952522, 40.792347 ], [ -73.952984, 40.791722 ], [ -73.953438, 40.791085 ], [ -73.953889, 40.790471 ], [ -73.954564, 40.789551 ], [ -73.954817, 40.789205 ], [ -73.954135, 40.78892 ], [ -73.95321, 40.788533 ], [ -73.952797, 40.788359 ], [ -73.95278, 40.788352 ], [ -73.951609, 40.787858 ], [ -73.949981, 40.787173 ], [ -73.948848, 40.786695 ], [ -73.948589, 40.786586 ], [ -73.948378, 40.786497 ], [ -73.948827, 40.785881 ], [ -73.946588, 40.784941 ], [ -73.947069, 40.784236 ], [ -73.944723, 40.783247 ], [ -73.944223, 40.783933 ], [ -73.943319, 40.785174 ], [ -73.941971, 40.78459 ], [ -73.942778, 40.784171 ], [ -73.942901, 40.784097 ], [ -73.943112, 40.783958 ], [ -73.943304, 40.783815 ], [ -73.943519, 40.783633 ], [ -73.94366, 40.783486 ], [ -73.943791, 40.783334 ], [ -73.943911, 40.783177 ], [ -73.944018, 40.783015 ], [ -73.944054, 40.782964 ], [ -73.943955, 40.782916 ], [ -73.943833, 40.782859 ], [ -73.94376, 40.782829 ], [ -73.943604, 40.78265 ], [ -73.937608, 40.781754 ], [ -73.937288, 40.780963 ], [ -73.934412, 40.778093 ], [ -73.934744, 40.778076 ], [ -73.935082, 40.777944 ], [ -73.935509, 40.777539 ], [ -73.935855, 40.777212 ], [ -73.936089, 40.777184 ], [ -73.93638, 40.776921 ], [ -73.937047, 40.775866 ], [ -73.937655, 40.775086 ], [ -73.937858, 40.774088 ], [ -73.937813, 40.773563 ], [ -73.937466, 40.772531 ], [ -73.937466, 40.772504 ], [ -73.934956, 40.77173 ], [ -73.935323, 40.770485 ], [ -73.936404, 40.769475 ], [ -73.938204, 40.768728 ], [ -73.939836, 40.767988 ], [ -73.940351, 40.767653 ], [ -73.940463, 40.76753 ], [ -73.941312, 40.766918 ], [ -73.941585, 40.766616 ], [ -73.943503, 40.764499 ], [ -73.944715, 40.762879 ], [ -73.945705, 40.761488 ], [ -73.945806, 40.76145 ], [ -73.945964, 40.761293 ], [ -73.947832, 40.758989 ], [ -73.948445, 40.758218 ], [ -73.94915, 40.757329 ], [ -73.950663, 40.755436 ], [ -73.950713, 40.755378 ], [ -73.950735, 40.755352 ], [ -73.950766, 40.755313 ], [ -73.95084, 40.755219 ], [ -73.950877, 40.755167 ], [ -73.951018, 40.755087 ], [ -73.951367, 40.754524 ], [ -73.951625, 40.754249 ], [ -73.951779, 40.754087 ], [ -73.952081, 40.753757 ], [ -73.952173, 40.753703 ], [ -73.952657, 40.753107 ], [ -73.952849, 40.75294 ], [ -73.953009, 40.752775 ], [ -73.952972, 40.752747 ], [ -73.953641, 40.752037 ], [ -73.953679, 40.752047 ], [ -73.953802, 40.751958 ], [ -73.953994, 40.751786 ], [ -73.95394, 40.751746 ], [ -73.954317, 40.751258 ], [ -73.955532, 40.750216 ], [ -73.956062, 40.749764 ], [ -73.956088, 40.749769 ], [ -73.956121, 40.74976 ], [ -73.956201, 40.749686 ], [ -73.9562, 40.749671 ], [ -73.956174, 40.749665 ], [ -73.956842, 40.748828 ], [ -73.957584, 40.747948 ], [ -73.957732, 40.747775 ], [ -73.958216, 40.747212 ], [ -73.958327, 40.747081 ], [ -73.958711, 40.746635 ], [ -73.959124, 40.746119 ], [ -73.959193, 40.746035 ], [ -73.959725, 40.745261 ], [ -73.959778, 40.745178 ], [ -73.960211, 40.744511 ], [ -73.960267, 40.744428 ], [ -73.960513, 40.744108 ], [ -73.960563, 40.744024 ], [ -73.960833, 40.743639 ], [ -73.961183, 40.743005 ], [ -73.961291, 40.742894 ], [ -73.961381, 40.742802 ], [ -73.961684, 40.741582 ], [ -73.961796, 40.741131 ], [ -73.961911, 40.740997 ], [ -73.962435, 40.739672 ], [ -73.962441, 40.73964 ], [ -73.96262, 40.739033 ], [ -73.962609, 40.738805 ], [ -73.962478, 40.736802 ], [ -73.962629, 40.736545 ], [ -73.962672, 40.736446 ], [ -73.962668, 40.73641 ], [ -73.962665, 40.736334 ], [ -73.962605, 40.734902 ], [ -73.962348, 40.733812 ], [ -73.962338, 40.733451 ], [ -73.962307, 40.733119 ], [ -73.962288, 40.732899 ], [ -73.962278, 40.732826 ], [ -73.962268, 40.732769 ], [ -73.962261, 40.732741 ], [ -73.962252, 40.732713 ], [ -73.962229, 40.732649 ], [ -73.961932, 40.732679 ], [ -73.961897, 40.732485 ], [ -73.962148, 40.732452 ], [ -73.961997, 40.732038 ], [ -73.961843, 40.731625 ], [ -73.96145, 40.730994 ], [ -73.961308, 40.730299 ], [ -73.96126, 40.729749 ], [ -73.961214, 40.729508 ], [ -73.961197, 40.729425 ], [ -73.961137, 40.72943 ], [ -73.961115, 40.729361 ], [ -73.961088, 40.729256 ], [ -73.961076, 40.729194 ], [ -73.96108, 40.729148 ], [ -73.961075, 40.729107 ], [ -73.961054, 40.728943 ], [ -73.961044, 40.728782 ], [ -73.960994, 40.728773 ], [ -73.960986, 40.72876 ], [ -73.960992, 40.728656 ], [ -73.961028, 40.728512 ], [ -73.96104, 40.72849 ], [ -73.961055, 40.728471 ], [ -73.961063, 40.72844 ], [ -73.961107, 40.728195 ], [ -73.961215, 40.728151 ], [ -73.961157, 40.728114 ], [ -73.961172, 40.728057 ], [ -73.961283, 40.728038 ], [ -73.961389, 40.727524 ], [ -73.961436, 40.727298 ], [ -73.961501, 40.726986 ], [ -73.961531, 40.72591 ], [ -73.961611, 40.724951 ], [ -73.961618, 40.724861 ], [ -73.961606, 40.724836 ], [ -73.96155, 40.724722 ], [ -73.961537, 40.724695 ], [ -73.961538, 40.724584 ], [ -73.961539, 40.724401 ], [ -73.961543, 40.723876 ], [ -73.962014, 40.723369 ], [ -73.962645, 40.722747 ], [ -73.969293, 40.725812 ], [ -73.971396, 40.726662 ], [ -73.971857, 40.726759 ], [ -73.971977, 40.72683 ], [ -73.97205, 40.726881 ], [ -73.973298, 40.727428 ], [ -73.975696, 40.728475 ], [ -73.978001, 40.729429 ], [ -73.978536, 40.728746 ], [ -73.978998, 40.728106 ], [ -73.981325, 40.729086 ], [ -73.980858, 40.729725 ], [ -73.983077, 40.730659 ], [ -73.985444, 40.731658 ], [ -73.984941, 40.732347 ], [ -73.984441, 40.733033 ], [ -73.983549, 40.734261 ], [ -73.984347, 40.734598 ], [ -73.984773, 40.734012 ], [ -73.985242, 40.733372 ], [ -73.985545, 40.733499 ], [ -73.986679, 40.733978 ], [ -73.986954, 40.733602 ], [ -73.98718, 40.733292 ], [ -73.987578, 40.73346 ], [ -73.987616, 40.733476 ], [ -73.988402, 40.733807 ], [ -73.988779, 40.733966 ], [ -73.988286, 40.734659 ], [ -73.989916, 40.735349 ], [ -73.989933, 40.735275 ], [ -73.989946, 40.735201 ], [ -73.989957, 40.735052 ], [ -73.98995, 40.734902 ], [ -73.989903, 40.734435 ], [ -73.990754, 40.734839 ], [ -73.991198, 40.735011 ], [ -73.991715, 40.735215 ], [ -73.991211, 40.735888 ], [ -73.991109, 40.736031 ], [ -73.990929, 40.736284 ], [ -73.990752, 40.736531 ], [ -73.990331, 40.737132 ], [ -73.992225, 40.737917 ], [ -73.995446, 40.739272 ], [ -73.995018, 40.73986 ], [ -73.997862, 40.741056 ], [ -73.998287, 40.74047 ], [ -73.998713, 40.739881 ], [ -73.999185, 40.739243 ], [ -74.000062, 40.739614 ], [ -74.000776, 40.739916 ], [ -74.001575, 40.740256 ], [ -74.002019, 40.740444 ], [ -74.001555, 40.74108 ], [ -74.004416, 40.742284 ], [ -74.007238, 40.74347 ], [ -74.006811, 40.744061 ], [ -74.008259, 40.744674 ], [ -74.008372, 40.743969 ], [ -74.008517, 40.743174 ], [ -74.008699, 40.742362 ], [ -74.008893, 40.742384 ], [ -74.009331, 40.742572 ], [ -74.017283, 40.74418 ], [ -74.016606, 40.746962 ] ] ] ] } },
{ "type": "Feature", "properties": { "congressional district": 9 }, "geometry": { "type": "MultiPolygon", "coordinates": [ [ [ [ -73.997241, 40.625289 ], [ -73.997017, 40.626062 ], [ -73.996878, 40.62653 ], [ -73.996788, 40.626826 ], [ -73.996953, 40.626931 ], [ -73.996702, 40.627172 ], [ -73.996348, 40.627511 ], [ -73.995743, 40.628097 ], [ -73.995161, 40.628656 ], [ -73.994578, 40.629216 ], [ -73.993995, 40.629776 ], [ -73.993413, 40.630336 ], [ -73.992828, 40.630898 ], [ -73.992246, 40.631456 ], [ -73.991664, 40.632016 ], [ -73.989462, 40.630686 ], [ -73.988879, 40.631247 ], [ -73.988296, 40.631804 ], [ -73.987713, 40.632366 ], [ -73.987132, 40.632927 ], [ -73.986548, 40.633487 ], [ -73.988751, 40.634816 ], [ -73.988167, 40.635374 ], [ -73.987585, 40.635937 ], [ -73.987002, 40.636496 ], [ -73.986419, 40.637056 ], [ -73.985836, 40.637616 ], [ -73.98554, 40.637898 ], [ -73.985252, 40.638175 ], [ -73.984672, 40.638735 ], [ -73.984088, 40.639297 ], [ -73.983502, 40.639857 ], [ -73.983178, 40.640169 ], [ -73.982921, 40.640416 ], [ -73.982337, 40.640976 ], [ -73.982994, 40.641325 ], [ -73.983316, 40.641479 ], [ -73.984303, 40.642085 ], [ -73.983119, 40.64254 ], [ -73.983548, 40.643176 ], [ -73.983976, 40.643812 ], [ -73.984402, 40.644447 ], [ -73.984829, 40.645084 ], [ -73.985284, 40.645768 ], [ -73.983073, 40.646625 ], [ -73.98231, 40.646927 ], [ -73.981805, 40.647128 ], [ -73.981315, 40.64732 ], [ -73.980364, 40.647694 ], [ -73.980291, 40.647297 ], [ -73.979118, 40.647428 ], [ -73.978191, 40.647526 ], [ -73.977263, 40.647628 ], [ -73.976336, 40.647728 ], [ -73.975176, 40.647818 ], [ -73.974959, 40.647796 ], [ -73.974731, 40.647773 ], [ -73.973504, 40.647595 ], [ -73.973347, 40.646793 ], [ -73.973101, 40.645451 ], [ -73.972086, 40.645863 ], [ -73.971744, 40.646001 ], [ -73.972526, 40.647112 ], [ -73.971211, 40.64762 ], [ -73.971397, 40.648258 ], [ -73.970693, 40.648497 ], [ -73.969672, 40.648898 ], [ -73.968793, 40.649249 ], [ -73.96791, 40.649599 ], [ -73.967028, 40.649948 ], [ -73.966145, 40.650298 ], [ -73.965262, 40.650642 ], [ -73.964654, 40.650887 ], [ -73.965242, 40.651742 ], [ -73.965751, 40.6525 ], [ -73.966213, 40.653189 ], [ -73.964145, 40.653995 ], [ -73.9619, 40.654871 ], [ -73.962444, 40.658315 ], [ -73.962462, 40.658425 ], [ -73.962814, 40.660504 ], [ -73.963077, 40.66213 ], [ -73.963075, 40.66217 ], [ -73.963052, 40.662298 ], [ -73.963011, 40.662416 ], [ -73.96295, 40.66253 ], [ -73.962884, 40.662622 ], [ -73.962429, 40.663125 ], [ -73.961939, 40.663224 ], [ -73.960956, 40.663285 ], [ -73.961108, 40.664063 ], [ -73.961258, 40.664802 ], [ -73.960665, 40.666492 ], [ -73.960322, 40.667364 ], [ -73.961806, 40.667681 ], [ -73.961996, 40.668663 ], [ -73.962111, 40.669195 ], [ -73.962194, 40.669641 ], [ -73.962576, 40.671415 ], [ -73.962622, 40.671629 ], [ -73.962652, 40.671847 ], [ -73.962754, 40.6726 ], [ -73.961029, 40.672244 ], [ -73.960709, 40.673122 ], [ -73.960393, 40.673999 ], [ -73.960074, 40.674878 ], [ -73.963183, 40.675529 ], [ -73.963331, 40.675561 ], [ -73.963529, 40.676547 ], [ -73.963709, 40.677527 ], [ -73.962547, 40.677287 ], [ -73.962229, 40.678166 ], [ -73.959124, 40.677514 ], [ -73.958845, 40.678282 ], [ -73.961957, 40.678934 ], [ -73.96168, 40.679702 ], [ -73.961312, 40.680456 ], [ -73.958292, 40.679831 ], [ -73.956022, 40.679359 ], [ -73.955642, 40.679258 ], [ -73.955309, 40.679273 ], [ -73.954801, 40.67917 ], [ -73.954265, 40.679062 ], [ -73.954144, 40.679037 ], [ -73.953005, 40.678815 ], [ -73.952053, 40.678675 ], [ -73.949679, 40.678566 ], [ -73.949676, 40.678457 ], [ -73.949697, 40.678362 ], [ -73.94977, 40.677652 ], [ -73.946999, 40.677501 ], [ -73.94423, 40.677351 ], [ -73.941867, 40.677222 ], [ -73.941463, 40.6772 ], [ -73.941385, 40.677919 ], [ -73.941376, 40.678008 ], [ -73.941369, 40.678093 ], [ -73.940558, 40.678064 ], [ -73.939825, 40.678025 ], [ -73.938593, 40.67797 ], [ -73.937895, 40.677924 ], [ -73.935858, 40.677817 ], [ -73.933069, 40.677647 ], [ -73.930322, 40.677485 ], [ -73.928227, 40.677378 ], [ -73.927532, 40.677337 ], [ -73.926594, 40.677278 ], [ -73.924765, 40.677173 ], [ -73.92477, 40.67709 ], [ -73.924776, 40.677013 ], [ -73.924831, 40.676293 ], [ -73.925246, 40.676314 ], [ -73.925395, 40.674759 ], [ -73.924996, 40.674736 ], [ -73.925082, 40.673844 ], [ -73.922132, 40.673684 ], [ -73.919541, 40.673542 ], [ -73.916773, 40.67339 ], [ -73.916857, 40.672499 ], [ -73.916942, 40.671607 ], [ -73.917019, 40.670748 ], [ -73.917022, 40.670718 ], [ -73.91696, 40.670714 ], [ -73.917024, 40.670687 ], [ -73.918888, 40.66992 ], [ -73.919966, 40.669476 ], [ -73.920708, 40.669174 ], [ -73.922197, 40.668554 ], [ -73.922476, 40.668438 ], [ -73.922632, 40.668373 ], [ -73.922654, 40.668139 ], [ -73.922727, 40.667365 ], [ -73.922753, 40.667098 ], [ -73.922215, 40.667334 ], [ -73.921872, 40.667481 ], [ -73.92102, 40.667852 ], [ -73.920128, 40.668241 ], [ -73.920039, 40.668282 ], [ -73.919414, 40.665779 ], [ -73.919234, 40.66465 ], [ -73.919097, 40.66423 ], [ -73.918703, 40.662694 ], [ -73.919626, 40.662556 ], [ -73.919584, 40.661994 ], [ -73.919205, 40.661655 ], [ -73.918602, 40.661118 ], [ -73.918185, 40.660726 ], [ -73.917419, 40.660051 ], [ -73.917074, 40.659745 ], [ -73.915728, 40.65855 ], [ -73.915567, 40.658393 ], [ -73.914413, 40.657362 ], [ -73.914029, 40.657004 ], [ -73.91378, 40.656783 ], [ -73.913144, 40.656221 ], [ -73.912339, 40.655531 ], [ -73.912206, 40.655322 ], [ -73.91091, 40.654353 ], [ -73.910679, 40.65418 ], [ -73.910551, 40.654023 ], [ -73.910144, 40.653521 ], [ -73.909335, 40.652809 ], [ -73.908558, 40.652096 ], [ -73.909449, 40.651522 ], [ -73.908681, 40.650717 ], [ -73.907615, 40.649896 ], [ -73.906372, 40.648779 ], [ -73.9058, 40.648265 ], [ -73.906595, 40.647748 ], [ -73.90747, 40.647181 ], [ -73.908185, 40.64672 ], [ -73.908899, 40.646256 ], [ -73.909891, 40.645615 ], [ -73.911128, 40.644865 ], [ -73.912067, 40.64452 ], [ -73.912915, 40.644177 ], [ -73.913197, 40.64407 ], [ -73.913688, 40.643813 ], [ -73.913755, 40.643778 ], [ -73.914441, 40.643342 ], [ -73.914724, 40.643161 ], [ -73.915187, 40.642862 ], [ -73.91567, 40.64255 ], [ -73.915925, 40.642384 ], [ -73.916621, 40.641948 ], [ -73.917402, 40.641517 ], [ -73.918163, 40.64108 ], [ -73.91893, 40.640585 ], [ -73.919462, 40.640239 ], [ -73.919415, 40.639775 ], [ -73.91929, 40.638596 ], [ -73.919172, 40.63747 ], [ -73.919164, 40.637404 ], [ -73.919123, 40.637012 ], [ -73.919006, 40.635893 ], [ -73.918925, 40.635159 ], [ -73.918852, 40.634483 ], [ -73.918763, 40.633637 ], [ -73.918604, 40.632096 ], [ -73.91835, 40.629767 ], [ -73.918242, 40.62877 ], [ -73.919248, 40.628702 ], [ -73.920184, 40.628644 ], [ -73.919938, 40.626307 ], [ -73.920869, 40.626251 ], [ -73.921836, 40.62619 ], [ -73.922806, 40.626131 ], [ -73.92374, 40.626072 ], [ -73.92471, 40.62601 ], [ -73.925673, 40.625952 ], [ -73.926608, 40.625895 ], [ -73.927613, 40.625824 ], [ -73.927369, 40.623562 ], [ -73.928376, 40.623499 ], [ -73.929311, 40.623441 ], [ -73.930282, 40.623381 ], [ -73.930045, 40.621178 ], [ -73.931016, 40.621116 ], [ -73.930759, 40.61871 ], [ -73.930602, 40.616922 ], [ -73.931731, 40.617927 ], [ -73.932487, 40.617432 ], [ -73.933205, 40.61697 ], [ -73.933917, 40.616508 ], [ -73.934633, 40.616048 ], [ -73.935348, 40.615584 ], [ -73.936057, 40.615123 ], [ -73.936801, 40.614643 ], [ -73.937542, 40.614165 ], [ -73.938254, 40.613702 ], [ -73.93897, 40.61324 ], [ -73.939683, 40.612782 ], [ -73.940397, 40.612315 ], [ -73.941161, 40.61182 ], [ -73.941021, 40.611694 ], [ -73.940911, 40.611594 ], [ -73.939582, 40.610398 ], [ -73.939347, 40.610187 ], [ -73.939598, 40.610024 ], [ -73.940115, 40.609691 ], [ -73.940829, 40.60923 ], [ -73.941547, 40.608768 ], [ -73.942312, 40.608269 ], [ -73.942207, 40.607503 ], [ -73.941771, 40.605183 ], [ -73.942769, 40.605073 ], [ -73.943766, 40.604961 ], [ -73.944693, 40.604863 ], [ -73.94562, 40.604759 ], [ -73.945169, 40.602369 ], [ -73.946096, 40.60227 ], [ -73.947059, 40.602162 ], [ -73.948023, 40.602056 ], [ -73.94895, 40.601954 ], [ -73.949874, 40.601853 ], [ -73.950801, 40.601749 ], [ -73.951834, 40.601637 ], [ -73.953037, 40.601506 ], [ -73.953978, 40.601401 ], [ -73.954432, 40.60379 ], [ -73.955393, 40.603683 ], [ -73.956354, 40.603579 ], [ -73.956737, 40.603534 ], [ -73.957283, 40.60347 ], [ -73.95683, 40.601087 ], [ -73.957757, 40.600986 ], [ -73.958683, 40.600885 ], [ -73.959612, 40.600781 ], [ -73.960363, 40.600698 ], [ -73.961363, 40.600589 ], [ -73.962534, 40.600461 ], [ -73.963455, 40.600363 ], [ -73.96453, 40.600242 ], [ -73.965624, 40.600121 ], [ -73.965904, 40.60009 ], [ -73.965477, 40.597834 ], [ -73.965749, 40.597804 ], [ -73.96685, 40.597683 ], [ -73.967777, 40.59758 ], [ -73.968703, 40.597479 ], [ -73.96963, 40.597379 ], [ -73.970556, 40.597274 ], [ -73.971484, 40.597172 ], [ -73.97324, 40.596979 ], [ -73.974083, 40.596883 ], [ -73.974927, 40.596794 ], [ -73.975039, 40.59678 ], [ -73.975588, 40.596719 ], [ -73.97651, 40.596616 ], [ -73.976935, 40.59887 ], [ -73.977388, 40.601263 ], [ -73.977828, 40.603586 ], [ -73.978828, 40.603475 ], [ -73.979827, 40.60337 ], [ -73.980171, 40.605179 ], [ -73.980685, 40.605237 ], [ -73.981134, 40.60528 ], [ -73.9821, 40.605379 ], [ -73.983066, 40.605497 ], [ -73.983403, 40.607274 ], [ -73.983413, 40.607326 ], [ -73.983477, 40.607663 ], [ -73.982548, 40.607764 ], [ -73.981624, 40.607866 ], [ -73.982106, 40.610421 ], [ -73.982518, 40.612588 ], [ -73.98266, 40.612693 ], [ -73.982211, 40.613168 ], [ -73.982107, 40.613273 ], [ -73.982264, 40.613367 ], [ -73.98249, 40.614424 ], [ -73.983668, 40.615185 ], [ -73.98586, 40.616522 ], [ -73.988066, 40.617852 ], [ -73.987435, 40.618455 ], [ -73.987136, 40.618742 ], [ -73.989251, 40.620045 ], [ -73.991497, 40.621441 ], [ -73.991256, 40.621672 ], [ -73.993711, 40.623156 ], [ -73.995925, 40.62448 ], [ -73.996055, 40.624354 ], [ -73.996498, 40.623923 ], [ -73.997484, 40.62452 ], [ -73.997241, 40.625289 ] ] ] ] } },
{ "type": "Feature", "properties": { "congressional district": 11 }, "geometry": { "type": "MultiPolygon", "coordinates": [ [ [ [ -74.258754, 40.500103 ], [ -74.258704, 40.500789 ], [ -74.258596, 40.502281 ], [ -74.258576, 40.502545 ], [ -74.258559, 40.502782 ], [ -74.258392, 40.505079 ], [ -74.258313, 40.506178 ], [ -74.25829, 40.506494 ], [ -74.258186, 40.507919 ], [ -74.258169, 40.508163 ], [ -74.258129, 40.508717 ], [ -74.257233, 40.510259 ], [ -74.256984, 40.510688 ], [ -74.256287, 40.511887 ], [ -74.25571, 40.512881 ], [ -74.25476, 40.514517 ], [ -74.254095, 40.515661 ], [ -74.254048, 40.515692 ], [ -74.253017, 40.516369 ], [ -74.24602, 40.520958 ], [ -74.246027, 40.520995 ], [ -74.246083, 40.521275 ], [ -74.246782, 40.524771 ], [ -74.246834, 40.525032 ], [ -74.247461, 40.528171 ], [ -74.249735, 40.539551 ], [ -74.249937, 40.54056 ], [ -74.250284, 40.5423 ], [ -74.249192, 40.545062 ], [ -74.248982, 40.545592 ], [ -74.247527, 40.54927 ], [ -74.247484, 40.549377 ], [ -74.23964, 40.554166 ], [ -74.239135, 40.554472 ], [ -74.232134, 40.558743 ], [ -74.231415, 40.559182 ], [ -74.228306, 40.55869 ], [ -74.227412, 40.558548 ], [ -74.218003, 40.557058 ], [ -74.216495, 40.558588 ], [ -74.214575, 40.560533 ], [ -74.21203, 40.568111 ], [ -74.211884, 40.568544 ], [ -74.210667, 40.572167 ], [ -74.210144, 40.573724 ], [ -74.209544, 40.576666 ], [ -74.209095, 40.578853 ], [ -74.208924, 40.57969 ], [ -74.207383, 40.587222 ], [ -74.207242, 40.587915 ], [ -74.204877, 40.590986 ], [ -74.204244, 40.591808 ], [ -74.203605, 40.592635 ], [ -74.203291, 40.593042 ], [ -74.202461, 40.594118 ], [ -74.200303, 40.596919 ], [ -74.199589, 40.597846 ], [ -74.199589, 40.600382 ], [ -74.202366, 40.603389 ], [ -74.203683, 40.604816 ], [ -74.204833, 40.606062 ], [ -74.203889, 40.614276 ], [ -74.202571, 40.616521 ], [ -74.202425, 40.61677 ], [ -74.202545, 40.61738 ], [ -74.203925, 40.62437 ], [ -74.203617, 40.625198 ], [ -74.203458, 40.625624 ], [ -74.202708, 40.627635 ], [ -74.202281, 40.628781 ], [ -74.202328, 40.629907 ], [ -74.2024, 40.631592 ], [ -74.200668, 40.6329 ], [ -74.200176, 40.63327 ], [ -74.198164, 40.634787 ], [ -74.197447, 40.635874 ], [ -74.197415, 40.635921 ], [ -74.197393, 40.635956 ], [ -74.196247, 40.637689 ], [ -74.196203, 40.637734 ], [ -74.195242, 40.638595 ], [ -74.19143, 40.642025 ], [ -74.189216, 40.643561 ], [ -74.187756, 40.644575 ], [ -74.186985, 40.64511 ], [ -74.185689, 40.64601 ], [ -74.185641, 40.646042 ], [ -74.18165, 40.646528 ], [ -74.177596, 40.646051 ], [ -74.177373, 40.646025 ], [ -74.170623, 40.64523 ], [ -74.162125, 40.644231 ], [ -74.161536, 40.644157 ], [ -74.161428, 40.644148 ], [ -74.161328, 40.644137 ], [ -74.16121, 40.644123 ], [ -74.159904, 40.643969 ], [ -74.158107, 40.643757 ], [ -74.157943, 40.643738 ], [ -74.149095, 40.642695 ], [ -74.14311, 40.64199 ], [ -74.142237, 40.642135 ], [ -74.142003, 40.642174 ], [ -74.141795, 40.642208 ], [ -74.13654, 40.643082 ], [ -74.1362, 40.643139 ], [ -74.135839, 40.643199 ], [ -74.134271, 40.643459 ], [ -74.132921, 40.643684 ], [ -74.131815, 40.643438 ], [ -74.130222, 40.643085 ], [ -74.128077, 40.642608 ], [ -74.126018, 40.642151 ], [ -74.12546, 40.642355 ], [ -74.123444, 40.643092 ], [ -74.121643, 40.643754 ], [ -74.12096, 40.644001 ], [ -74.119294, 40.64461 ], [ -74.109848, 40.648064 ], [ -74.106143, 40.648064 ], [ -74.105038, 40.648064 ], [ -74.103928, 40.648064 ], [ -74.10024, 40.648064 ], [ -74.09419, 40.648065 ], [ -74.093442, 40.648065 ], [ -74.091127, 40.649301 ], [ -74.090615, 40.649572 ], [ -74.086986, 40.651506 ], [ -74.072557, 40.651492 ], [ -74.071661, 40.651496 ], [ -74.06978, 40.651489 ], [ -74.055774, 40.651476 ], [ -74.055749, 40.651476 ], [ -74.055355, 40.652135 ], [ -74.054597, 40.653404 ], [ -74.054518, 40.653536 ], [ -74.054423, 40.653696 ], [ -74.054198, 40.654071 ], [ -74.053484, 40.655203 ], [ -74.053229, 40.655657 ], [ -74.032644, 40.6438 ], [ -74.032866, 40.643587 ], [ -74.033337, 40.643873 ], [ -74.033421, 40.643924 ], [ -74.034073, 40.644312 ], [ -74.034527, 40.643875 ], [ -74.034444, 40.643825 ], [ -74.034605, 40.643671 ], [ -74.03612, 40.642219 ], [ -74.036187, 40.6422 ], [ -74.036247, 40.642165 ], [ -74.036349, 40.642082 ], [ -74.03641, 40.642018 ], [ -74.036485, 40.641922 ], [ -74.036662, 40.641757 ], [ -74.036744, 40.641672 ], [ -74.036797, 40.641575 ], [ -74.036802, 40.641478 ], [ -74.036751, 40.641409 ], [ -74.03666, 40.641348 ], [ -74.036522, 40.64123 ], [ -74.036456, 40.641175 ], [ -74.036337, 40.64111 ], [ -74.036212, 40.641031 ], [ -74.036087, 40.640969 ], [ -74.035983, 40.640903 ], [ -74.035913, 40.640822 ], [ -74.035847, 40.640782 ], [ -74.035787, 40.640707 ], [ -74.035762, 40.640663 ], [ -74.035758, 40.64063 ], [ -74.035807, 40.640584 ], [ -74.035865, 40.640534 ], [ -74.035949, 40.640435 ], [ -74.035983, 40.640396 ], [ -74.03602, 40.64035 ], [ -74.036074, 40.640265 ], [ -74.036137, 40.640187 ], [ -74.036223, 40.640064 ], [ -74.036306, 40.639929 ], [ -74.036395, 40.639785 ], [ -74.036433, 40.639723 ], [ -74.036477, 40.63965 ], [ -74.036549, 40.639525 ], [ -74.03661, 40.639428 ], [ -74.036682, 40.639325 ], [ -74.036731, 40.639238 ], [ -74.036761, 40.639189 ], [ -74.036725, 40.639141 ], [ -74.03714, 40.638288 ], [ -74.036773, 40.63837 ], [ -74.036546, 40.638912 ], [ -74.036508, 40.639012 ], [ -74.036426, 40.638984 ], [ -74.035958, 40.638821 ], [ -74.035589, 40.639763 ], [ -74.034382, 40.639355 ], [ -74.033502, 40.639089 ], [ -74.031609, 40.638502 ], [ -74.030891, 40.638279 ], [ -74.030165, 40.638052 ], [ -74.028279, 40.637468 ], [ -74.028658, 40.636546 ], [ -74.027888, 40.636309 ], [ -74.026039, 40.635741 ], [ -74.023518, 40.634616 ], [ -74.02324, 40.634489 ], [ -74.023035, 40.634395 ], [ -74.021217, 40.633562 ], [ -74.021012, 40.633469 ], [ -74.019736, 40.632885 ], [ -74.01853, 40.632334 ], [ -74.018448, 40.632296 ], [ -74.016956, 40.631622 ], [ -74.016696, 40.631454 ], [ -74.016502, 40.631326 ], [ -74.016458, 40.631297 ], [ -74.016223, 40.631145 ], [ -74.016048, 40.631033 ], [ -74.014903, 40.630353 ], [ -74.014323, 40.630911 ], [ -74.012122, 40.629583 ], [ -74.011428, 40.629162 ], [ -74.0107, 40.629646 ], [ -74.010004, 40.630113 ], [ -74.008754, 40.629371 ], [ -74.008128, 40.629974 ], [ -74.007503, 40.630576 ], [ -74.005298, 40.629246 ], [ -74.004718, 40.629804 ], [ -74.002515, 40.628475 ], [ -74.003099, 40.627916 ], [ -74.000895, 40.626584 ], [ -74.000314, 40.627145 ], [ -73.998117, 40.625816 ], [ -73.997241, 40.625289 ], [ -73.997484, 40.62452 ], [ -73.996498, 40.623923 ], [ -73.996055, 40.624354 ], [ -73.995925, 40.62448 ], [ -73.993711, 40.623156 ], [ -73.991256, 40.621672 ], [ -73.991497, 40.621441 ], [ -73.989251, 40.620045 ], [ -73.987136, 40.618742 ], [ -73.987435, 40.618455 ], [ -73.988066, 40.617852 ], [ -73.98586, 40.616522 ], [ -73.983668, 40.615185 ], [ -73.98249, 40.614424 ], [ -73.982264, 40.613367 ], [ -73.982107, 40.613273 ], [ -73.982211, 40.613168 ], [ -73.98266, 40.612693 ], [ -73.982518, 40.612588 ], [ -73.982106, 40.610421 ], [ -73.981624, 40.607866 ], [ -73.982548, 40.607764 ], [ -73.983477, 40.607663 ], [ -73.983413, 40.607326 ], [ -73.983403, 40.607274 ], [ -73.983066, 40.605497 ], [ -73.9821, 40.605379 ], [ -73.981134, 40.60528 ], [ -73.980685, 40.605237 ], [ -73.980171, 40.605179 ], [ -73.979827, 40.60337 ], [ -73.978828, 40.603475 ], [ -73.977828, 40.603586 ], [ -73.977388, 40.601263 ], [ -73.976935, 40.59887 ], [ -73.97651, 40.596616 ], [ -73.977507, 40.596506 ], [ -73.978504, 40.596396 ], [ -73.978927, 40.596348 ], [ -73.979432, 40.596292 ], [ -73.980358, 40.596192 ], [ -73.981283, 40.596088 ], [ -73.982211, 40.595987 ], [ -73.98314, 40.595885 ], [ -73.983722, 40.595821 ], [ -73.984064, 40.595783 ], [ -73.985061, 40.595671 ], [ -73.985015, 40.595413 ], [ -73.986019, 40.594446 ], [ -73.987988, 40.592553 ], [ -73.989621, 40.590982 ], [ -73.990364, 40.591432 ], [ -73.991539, 40.590391 ], [ -73.992558, 40.589922 ], [ -73.991866, 40.588482 ], [ -73.991488, 40.5878 ], [ -73.99177, 40.587673 ], [ -73.991902, 40.587615 ], [ -73.992223, 40.587454 ], [ -73.991757, 40.586728 ], [ -73.990877, 40.585848 ], [ -73.990035, 40.585211 ], [ -73.98915, 40.58467 ], [ -73.988781, 40.584363 ], [ -73.988523, 40.58388 ], [ -73.988358, 40.583475 ], [ -73.988749, 40.58282 ], [ -73.989545, 40.581933 ], [ -73.989858, 40.58081 ], [ -73.990006, 40.580676 ], [ -73.989758, 40.580499 ], [ -73.989568, 40.580435 ], [ -73.989535, 40.580417 ], [ -73.98936, 40.580238 ], [ -73.989097, 40.580205 ], [ -73.988856, 40.579992 ], [ -73.988237, 40.579704 ], [ -73.990679, 40.58006 ], [ -74.003059, 40.582935 ], [ -74.003472, 40.583031 ], [ -74.004168, 40.583193 ], [ -74.006578, 40.583716 ], [ -74.008093, 40.583992 ], [ -74.009319, 40.584208 ], [ -74.009468, 40.584235 ], [ -74.034656, 40.588682 ], [ -74.037877, 40.589201 ], [ -74.034547, 40.57625 ], [ -74.035047, 40.57285 ], [ -74.035053, 40.572747 ], [ -74.035153, 40.571003 ], [ -74.035978, 40.556563 ], [ -74.036209, 40.552524 ], [ -74.036216, 40.5524 ], [ -74.036285, 40.551185 ], [ -74.036293, 40.551042 ], [ -74.036297, 40.550969 ], [ -74.036298, 40.550948 ], [ -74.0363, 40.550905 ], [ -74.036549, 40.549209 ], [ -74.036551, 40.549194 ], [ -74.03667, 40.548384 ], [ -74.036672, 40.54837 ], [ -74.037494, 40.54279 ], [ -74.038131, 40.538294 ], [ -74.042279, 40.508085 ], [ -74.04378, 40.507828 ], [ -74.056729, 40.505599 ], [ -74.069721, 40.503369 ], [ -74.083243, 40.501037 ], [ -74.08562, 40.500627 ], [ -74.091264, 40.499663 ], [ -74.091912, 40.499543 ], [ -74.092728, 40.499406 ], [ -74.094682, 40.499067 ], [ -74.098035, 40.498489 ], [ -74.102547, 40.497713 ], [ -74.130578, 40.492888 ], [ -74.13706, 40.491772 ], [ -74.158821, 40.488023 ], [ -74.162207, 40.487444 ], [ -74.176332, 40.485012 ], [ -74.200003, 40.480938 ], [ -74.206443, 40.479818 ], [ -74.216802, 40.478046 ], [ -74.218541, 40.477747 ], [ -74.225331, 40.476578 ], [ -74.227763, 40.477463 ], [ -74.228196, 40.477621 ], [ -74.229518, 40.478102 ], [ -74.23529, 40.480202 ], [ -74.237956, 40.481172 ], [ -74.240982, 40.482274 ], [ -74.243811, 40.483301 ], [ -74.246668, 40.484343 ], [ -74.24897, 40.485181 ], [ -74.249947, 40.485536 ], [ -74.253036, 40.48666 ], [ -74.253143, 40.486886 ], [ -74.2533, 40.487215 ], [ -74.253635, 40.48792 ], [ -74.256134, 40.493183 ], [ -74.25629, 40.493506 ], [ -74.257117, 40.495245 ], [ -74.258136, 40.497389 ], [ -74.258843, 40.498875 ], [ -74.258754, 40.500103 ] ] ] ] } },
{ "type": "Feature", "properties": { "congressional district": 14 }, "geometry": { "type": "MultiPolygon", "coordinates": [ [ [ [ -73.940351, 40.767653 ], [ -73.939836, 40.767988 ], [ -73.938204, 40.768728 ], [ -73.936404, 40.769475 ], [ -73.935323, 40.770485 ], [ -73.934956, 40.77173 ], [ -73.937466, 40.772504 ], [ -73.937466, 40.772531 ], [ -73.937813, 40.773563 ], [ -73.937858, 40.774088 ], [ -73.937655, 40.775086 ], [ -73.937047, 40.775866 ], [ -73.93638, 40.776921 ], [ -73.936089, 40.777184 ], [ -73.935855, 40.777212 ], [ -73.935509, 40.777539 ], [ -73.935082, 40.777944 ], [ -73.934744, 40.778076 ], [ -73.934412, 40.778093 ], [ -73.933908, 40.778117 ], [ -73.932903, 40.777944 ], [ -73.932775, 40.777922 ], [ -73.932722, 40.778035 ], [ -73.932649, 40.778022 ], [ -73.931847, 40.777892 ], [ -73.931788, 40.777871 ], [ -73.93105, 40.777442 ], [ -73.931074, 40.777261 ], [ -73.930883, 40.776974 ], [ -73.930629, 40.776591 ], [ -73.929881, 40.776222 ], [ -73.929036, 40.776467 ], [ -73.928605, 40.776593 ], [ -73.928396, 40.776791 ], [ -73.928277, 40.776899 ], [ -73.927084, 40.777717 ], [ -73.926318, 40.778242 ], [ -73.925908, 40.778361 ], [ -73.925745, 40.778405 ], [ -73.925573, 40.778459 ], [ -73.924816, 40.778758 ], [ -73.924234, 40.779101 ], [ -73.923187, 40.780248 ], [ -73.922957, 40.780441 ], [ -73.92263, 40.780565 ], [ -73.9221, 40.780852 ], [ -73.920999, 40.781749 ], [ -73.920763, 40.78195 ], [ -73.920383, 40.782276 ], [ -73.919965, 40.782635 ], [ -73.91909, 40.783368 ], [ -73.918474, 40.783754 ], [ -73.918189, 40.783933 ], [ -73.917738, 40.784076 ], [ -73.917245, 40.784142 ], [ -73.917171, 40.784193 ], [ -73.917182, 40.784552 ], [ -73.916833, 40.785191 ], [ -73.915752, 40.786108 ], [ -73.915399, 40.786058 ], [ -73.915344, 40.786116 ], [ -73.91526, 40.786192 ], [ -73.915587, 40.78643 ], [ -73.914239, 40.787856 ], [ -73.9126, 40.789376 ], [ -73.91223, 40.789179 ], [ -73.912069, 40.789339 ], [ -73.911951, 40.789402 ], [ -73.91208, 40.789522 ], [ -73.911774, 40.789723 ], [ -73.911618, 40.789586 ], [ -73.91125, 40.789744 ], [ -73.911131, 40.790114 ], [ -73.910296, 40.790657 ], [ -73.910673, 40.793116 ], [ -73.912456, 40.796096 ], [ -73.913624, 40.796786 ], [ -73.91141, 40.796686 ], [ -73.909885, 40.797995 ], [ -73.90853, 40.799092 ], [ -73.906181, 40.801496 ], [ -73.905885, 40.801712 ], [ -73.905106, 40.802518 ], [ -73.904881, 40.802793 ], [ -73.904584, 40.803111 ], [ -73.903707, 40.803811 ], [ -73.903347, 40.803847 ], [ -73.902612, 40.804426 ], [ -73.90247, 40.804384 ], [ -73.902293, 40.804554 ], [ -73.902392, 40.804624 ], [ -73.902184, 40.804877 ], [ -73.902294, 40.805935 ], [ -73.902433, 40.806584 ], [ -73.902952, 40.809146 ], [ -73.902988, 40.809364 ], [ -73.903002, 40.809486 ], [ -73.90303, 40.809631 ], [ -73.903042, 40.809697 ], [ -73.903057, 40.809783 ], [ -73.903074, 40.80988 ], [ -73.903243, 40.810713 ], [ -73.903417, 40.811507 ], [ -73.90418, 40.812125 ], [ -73.904466, 40.812282 ], [ -73.904183, 40.813087 ], [ -73.903804, 40.814132 ], [ -73.90347, 40.815075 ], [ -73.903065, 40.816107 ], [ -73.90301, 40.816318 ], [ -73.902835, 40.816307 ], [ -73.900922, 40.816724 ], [ -73.900721, 40.816764 ], [ -73.899622, 40.817822 ], [ -73.899285, 40.818147 ], [ -73.899818, 40.81847 ], [ -73.900023, 40.818595 ], [ -73.899918, 40.818687 ], [ -73.899869, 40.819477 ], [ -73.89986, 40.820563 ], [ -73.898985, 40.821038 ], [ -73.897864, 40.821598 ], [ -73.896878, 40.822118 ], [ -73.896864, 40.823492 ], [ -73.896685, 40.82349 ], [ -73.896685, 40.823534 ], [ -73.896316, 40.823533 ], [ -73.896215, 40.823578 ], [ -73.895937, 40.823569 ], [ -73.895932, 40.823784 ], [ -73.895847, 40.823892 ], [ -73.896861, 40.823848 ], [ -73.896839, 40.825991 ], [ -73.895824, 40.825995 ], [ -73.896222, 40.82717 ], [ -73.895292, 40.828143 ], [ -73.895226, 40.828213 ], [ -73.895058, 40.828388 ], [ -73.894269, 40.829211 ], [ -73.893833, 40.82967 ], [ -73.893843, 40.828392 ], [ -73.892903, 40.828467 ], [ -73.891891, 40.828547 ], [ -73.890878, 40.82863 ], [ -73.889935, 40.828706 ], [ -73.889912, 40.830124 ], [ -73.889093, 40.831527 ], [ -73.88906, 40.831584 ], [ -73.888936, 40.831798 ], [ -73.887948, 40.833447 ], [ -73.886963, 40.835096 ], [ -73.885964, 40.836769 ], [ -73.885107, 40.836475 ], [ -73.884817, 40.836977 ], [ -73.883739, 40.838846 ], [ -73.883565, 40.838986 ], [ -73.883468, 40.839057 ], [ -73.883811, 40.839469 ], [ -73.882907, 40.839603 ], [ -73.882494, 40.839576 ], [ -73.882094, 40.839587 ], [ -73.881494, 40.839693 ], [ -73.880423, 40.840071 ], [ -73.880163, 40.839998 ], [ -73.87973, 40.840042 ], [ -73.87866, 40.84002 ], [ -73.878364, 40.839997 ], [ -73.877914, 40.839971 ], [ -73.877415, 40.839988 ], [ -73.876908, 40.840755 ], [ -73.876502, 40.841401 ], [ -73.876085, 40.842065 ], [ -73.874591, 40.841521 ], [ -73.874166, 40.841366 ], [ -73.872808, 40.840869 ], [ -73.872469, 40.841316 ], [ -73.872253, 40.841601 ], [ -73.871534, 40.842514 ], [ -73.870995, 40.843112 ], [ -73.870301, 40.843549 ], [ -73.869595, 40.843981 ], [ -73.868892, 40.84441 ], [ -73.868127, 40.844787 ], [ -73.868019, 40.844841 ], [ -73.867788, 40.844875 ], [ -73.866879, 40.845066 ], [ -73.866119, 40.845223 ], [ -73.865194, 40.845415 ], [ -73.864323, 40.845596 ], [ -73.863451, 40.845778 ], [ -73.862585, 40.845961 ], [ -73.861707, 40.84614 ], [ -73.861443, 40.84541 ], [ -73.861195, 40.844714 ], [ -73.858654, 40.845286 ], [ -73.859012, 40.845915 ], [ -73.85944, 40.846659 ], [ -73.858702, 40.847 ], [ -73.857895, 40.847364 ], [ -73.857086, 40.847729 ], [ -73.856279, 40.848093 ], [ -73.855468, 40.848458 ], [ -73.855405, 40.848486 ], [ -73.85521, 40.848573 ], [ -73.854663, 40.848821 ], [ -73.853853, 40.849184 ], [ -73.853046, 40.849547 ], [ -73.852242, 40.849911 ], [ -73.851368, 40.850304 ], [ -73.850499, 40.850696 ], [ -73.849689, 40.851059 ], [ -73.850109, 40.851599 ], [ -73.849422, 40.852119 ], [ -73.848742, 40.852644 ], [ -73.84811, 40.852612 ], [ -73.848062, 40.853239 ], [ -73.848011, 40.853951 ], [ -73.848003, 40.854291 ], [ -73.848031, 40.854404 ], [ -73.84808, 40.85451 ], [ -73.848288, 40.854731 ], [ -73.848901, 40.855289 ], [ -73.850178, 40.854474 ], [ -73.85064, 40.855074 ], [ -73.849483, 40.855815 ], [ -73.850096, 40.856347 ], [ -73.849386, 40.856857 ], [ -73.849359, 40.857497 ], [ -73.849354, 40.857633 ], [ -73.849338, 40.85816 ], [ -73.849309, 40.858718 ], [ -73.848337, 40.858702 ], [ -73.848297, 40.859811 ], [ -73.84736, 40.859794 ], [ -73.846422, 40.859775 ], [ -73.845482, 40.859703 ], [ -73.844538, 40.859632 ], [ -73.843003, 40.859502 ], [ -73.843198, 40.860897 ], [ -73.843434, 40.862768 ], [ -73.843408, 40.863561 ], [ -73.841742, 40.863531 ], [ -73.841765, 40.862737 ], [ -73.840823, 40.862719 ], [ -73.840747, 40.865162 ], [ -73.840644, 40.867554 ], [ -73.839743, 40.867088 ], [ -73.83922, 40.866821 ], [ -73.838752, 40.866572 ], [ -73.837844, 40.866099 ], [ -73.836971, 40.865643 ], [ -73.836431, 40.865356 ], [ -73.835907, 40.865077 ], [ -73.831602, 40.862628 ], [ -73.829594, 40.862173 ], [ -73.829809, 40.862583 ], [ -73.830574, 40.864374 ], [ -73.830372, 40.864469 ], [ -73.831474, 40.86636 ], [ -73.831783, 40.86695 ], [ -73.832186, 40.867726 ], [ -73.83259, 40.868501 ], [ -73.83273, 40.868457 ], [ -73.83316, 40.86832 ], [ -73.833385, 40.868947 ], [ -73.833631, 40.870146 ], [ -73.834013, 40.871172 ], [ -73.834337, 40.872027 ], [ -73.834494, 40.872558 ], [ -73.83475, 40.873743 ], [ -73.834881, 40.874429 ], [ -73.834881, 40.875505 ], [ -73.834789, 40.876079 ], [ -73.834666, 40.876612 ], [ -73.834502, 40.877227 ], [ -73.834422, 40.877403 ], [ -73.834, 40.878388 ], [ -73.834504, 40.879231 ], [ -73.834882, 40.879979 ], [ -73.834034, 40.880275 ], [ -73.834725, 40.881388 ], [ -73.835399, 40.882392 ], [ -73.835751, 40.881963 ], [ -73.836218, 40.882393 ], [ -73.836779, 40.883334 ], [ -73.8376, 40.885301 ], [ -73.837019, 40.885141 ], [ -73.835913, 40.884695 ], [ -73.8354, 40.885628 ], [ -73.835271, 40.88591 ], [ -73.835045, 40.886411 ], [ -73.834789, 40.887088 ], [ -73.835549, 40.889133 ], [ -73.836459, 40.891516 ], [ -73.835582, 40.891709 ], [ -73.834687, 40.891907 ], [ -73.833754, 40.8921 ], [ -73.833595, 40.892706 ], [ -73.832716, 40.892443 ], [ -73.8327, 40.892438 ], [ -73.832503, 40.892377 ], [ -73.831856, 40.892217 ], [ -73.831703, 40.892178 ], [ -73.830972, 40.891935 ], [ -73.830818, 40.891879 ], [ -73.830087, 40.8917 ], [ -73.830022, 40.891686 ], [ -73.828716, 40.891274 ], [ -73.828125, 40.891051 ], [ -73.827943, 40.890928 ], [ -73.827269, 40.890797 ], [ -73.827224, 40.890785 ], [ -73.825256, 40.890248 ], [ -73.825241, 40.890244 ], [ -73.825002, 40.890178 ], [ -73.824403, 40.889978 ], [ -73.824025, 40.889978 ], [ -73.824009, 40.889978 ], [ -73.824047, 40.889866 ], [ -73.824036, 40.889823 ], [ -73.824017, 40.88975 ], [ -73.823963, 40.889763 ], [ -73.823781, 40.889809 ], [ -73.823639, 40.88985 ], [ -73.823567, 40.889825 ], [ -73.822375, 40.889477 ], [ -73.822363, 40.88964 ], [ -73.822508, 40.889882 ], [ -73.822667, 40.889958 ], [ -73.822899, 40.889926 ], [ -73.823101, 40.889892 ], [ -73.823304, 40.890057 ], [ -73.823275, 40.890222 ], [ -73.823217, 40.890365 ], [ -73.823245, 40.890474 ], [ -73.823172, 40.890545 ], [ -73.82312, 40.890648 ], [ -73.823113, 40.890777 ], [ -73.823132, 40.890871 ], [ -73.823205, 40.890918 ], [ -73.823256, 40.890961 ], [ -73.823302, 40.890989 ], [ -73.823282, 40.891082 ], [ -73.823244, 40.891199 ], [ -73.823003, 40.891078 ], [ -73.822959, 40.891056 ], [ -73.821703, 40.89073 ], [ -73.820994, 40.890543 ], [ -73.819719, 40.890206 ], [ -73.819558, 40.890163 ], [ -73.8195, 40.890147 ], [ -73.819419, 40.890125 ], [ -73.818929, 40.889993 ], [ -73.818732, 40.88994 ], [ -73.818503, 40.889878 ], [ -73.817614, 40.889679 ], [ -73.817596, 40.889675 ], [ -73.816749, 40.889454 ], [ -73.816619, 40.889419 ], [ -73.816484, 40.889386 ], [ -73.816206, 40.889316 ], [ -73.816104, 40.889276 ], [ -73.815603, 40.889178 ], [ -73.815329, 40.889066 ], [ -73.815165, 40.888999 ], [ -73.815048, 40.888951 ], [ -73.814177, 40.888795 ], [ -73.813666, 40.888661 ], [ -73.812439, 40.888353 ], [ -73.812324, 40.888321 ], [ -73.811281, 40.888054 ], [ -73.811, 40.887983 ], [ -73.810408, 40.887832 ], [ -73.809942, 40.88769 ], [ -73.809923, 40.887684 ], [ -73.809651, 40.887637 ], [ -73.808757, 40.887402 ], [ -73.807575, 40.887098 ], [ -73.806398, 40.886795 ], [ -73.805368, 40.886528 ], [ -73.804997, 40.886433 ], [ -73.804402, 40.886281 ], [ -73.803017, 40.885926 ], [ -73.801932, 40.885648 ], [ -73.799279, 40.884965 ], [ -73.797353, 40.884468 ], [ -73.796246, 40.884186 ], [ -73.794961, 40.883853 ], [ -73.794842, 40.883822 ], [ -73.794107, 40.883631 ], [ -73.793284, 40.883419 ], [ -73.793016, 40.883361 ], [ -73.791993, 40.88317 ], [ -73.785797, 40.8816 ], [ -73.783702, 40.881078 ], [ -73.783555, 40.881042 ], [ -73.783519, 40.881033 ], [ -73.783408, 40.881006 ], [ -73.782838, 40.880868 ], [ -73.782267, 40.880729 ], [ -73.781202, 40.880478 ], [ -73.760988, 40.875178 ], [ -73.749483, 40.872101 ], [ -73.74806, 40.871721 ], [ -73.753732, 40.856556 ], [ -73.753787, 40.856409 ], [ -73.757801, 40.845679 ], [ -73.757967, 40.845536 ], [ -73.76164, 40.842372 ], [ -73.762174, 40.841911 ], [ -73.766501, 40.838182 ], [ -73.773429, 40.832214 ], [ -73.77452, 40.831273 ], [ -73.774977, 40.830879 ], [ -73.780193, 40.8264 ], [ -73.778958, 40.811713 ], [ -73.779556, 40.811247 ], [ -73.782676, 40.805386 ], [ -73.784745, 40.802592 ], [ -73.787316, 40.800853 ], [ -73.787918, 40.800362 ], [ -73.79002, 40.80023 ], [ -73.793371, 40.800387 ], [ -73.793559, 40.80038 ], [ -73.797133, 40.80141 ], [ -73.799745, 40.802199 ], [ -73.804543, 40.803554 ], [ -73.811299, 40.805397 ], [ -73.817418, 40.80579 ], [ -73.823438, 40.80481 ], [ -73.827583, 40.803936 ], [ -73.824088, 40.798048 ], [ -73.823837, 40.797589 ], [ -73.823541, 40.797131 ], [ -73.82297, 40.796213 ], [ -73.825229, 40.795726 ], [ -73.82559, 40.79564 ], [ -73.825725, 40.795609 ], [ -73.824039, 40.793046 ], [ -73.823732, 40.792787 ], [ -73.823552, 40.792108 ], [ -73.823534, 40.791711 ], [ -73.823467, 40.791115 ], [ -73.823404, 40.790619 ], [ -73.823511, 40.789389 ], [ -73.823574, 40.789082 ], [ -73.823868, 40.78787 ], [ -73.82417, 40.786746 ], [ -73.824287, 40.786357 ], [ -73.824316, 40.786247 ], [ -73.82435, 40.786122 ], [ -73.824405, 40.785887 ], [ -73.824445, 40.785659 ], [ -73.824478, 40.785476 ], [ -73.824522, 40.785225 ], [ -73.824643, 40.784508 ], [ -73.824656, 40.784431 ], [ -73.824788, 40.78361 ], [ -73.824805, 40.7835 ], [ -73.824826, 40.783378 ], [ -73.824859, 40.783178 ], [ -73.824888, 40.783032 ], [ -73.824907, 40.782933 ], [ -73.825021, 40.782483 ], [ -73.825071, 40.782314 ], [ -73.82515, 40.782071 ], [ -73.825189, 40.781958 ], [ -73.825233, 40.781832 ], [ -73.825253, 40.781781 ], [ -73.825285, 40.781697 ], [ -73.825916, 40.780518 ], [ -73.826235, 40.779921 ], [ -73.826298, 40.779803 ], [ -73.827101, 40.77842 ], [ -73.828103, 40.776694 ], [ -73.828239, 40.77646 ], [ -73.828528, 40.776007 ], [ -73.828883, 40.775427 ], [ -73.828965, 40.775311 ], [ -73.829185, 40.775018 ], [ -73.829279, 40.774882 ], [ -73.829512, 40.774569 ], [ -73.829852, 40.774163 ], [ -73.830157, 40.773825 ], [ -73.83022, 40.773759 ], [ -73.83054, 40.773437 ], [ -73.830633, 40.773361 ], [ -73.831, 40.773047 ], [ -73.831127, 40.772943 ], [ -73.831593, 40.77256 ], [ -73.831713, 40.772474 ], [ -73.831833, 40.772388 ], [ -73.832178, 40.772175 ], [ -73.832438, 40.772014 ], [ -73.832522, 40.771964 ], [ -73.832789, 40.771807 ], [ -73.833133, 40.77161 ], [ -73.833428, 40.771434 ], [ -73.834035, 40.771086 ], [ -73.834376, 40.770892 ], [ -73.835178, 40.770346 ], [ -73.83548, 40.770142 ], [ -73.836269, 40.76961 ], [ -73.836732, 40.769222 ], [ -73.837292, 40.768689 ], [ -73.838164, 40.767725 ], [ -73.83871, 40.766895 ], [ -73.838829, 40.766725 ], [ -73.839319, 40.766054 ], [ -73.839256, 40.766034 ], [ -73.839132, 40.765991 ], [ -73.839121, 40.765983 ], [ -73.839417, 40.765428 ], [ -73.839538, 40.765224 ], [ -73.839657, 40.764994 ], [ -73.840099, 40.764211 ], [ -73.840109, 40.764162 ], [ -73.840103, 40.764057 ], [ -73.840089, 40.763644 ], [ -73.840048, 40.763416 ], [ -73.839983, 40.763189 ], [ -73.839896, 40.762965 ], [ -73.839788, 40.762748 ], [ -73.839691, 40.762587 ], [ -73.839923, 40.762575 ], [ -73.840009, 40.762574 ], [ -73.840874, 40.762559 ], [ -73.841762, 40.762665 ], [ -73.841968, 40.762686 ], [ -73.842233, 40.762552 ], [ -73.84257, 40.762405 ], [ -73.842933, 40.762336 ], [ -73.843349, 40.762207 ], [ -73.843719, 40.762071 ], [ -73.844085, 40.761908 ], [ -73.844458, 40.761705 ], [ -73.84469, 40.761549 ], [ -73.845137, 40.761265 ], [ -73.845363, 40.761122 ], [ -73.845975, 40.760717 ], [ -73.845911, 40.760585 ], [ -73.845902, 40.760565 ], [ -73.845852, 40.760455 ], [ -73.84549, 40.759729 ], [ -73.845134, 40.759069 ], [ -73.84479, 40.758403 ], [ -73.84445, 40.757744 ], [ -73.844044, 40.756945 ], [ -73.843634, 40.756157 ], [ -73.843244, 40.755337 ], [ -73.84562, 40.754612 ], [ -73.849541, 40.753457 ], [ -73.850121, 40.753284 ], [ -73.850679, 40.753117 ], [ -73.851196, 40.752962 ], [ -73.851897, 40.752753 ], [ -73.85204, 40.75271 ], [ -73.852205, 40.752661 ], [ -73.85217, 40.752582 ], [ -73.850864, 40.749996 ], [ -73.854421, 40.748805 ], [ -73.854369, 40.748739 ], [ -73.854021, 40.748156 ], [ -73.853602, 40.747492 ], [ -73.85326, 40.746834 ], [ -73.852918, 40.746171 ], [ -73.852577, 40.745506 ], [ -73.852241, 40.744841 ], [ -73.851895, 40.74418 ], [ -73.851551, 40.743507 ], [ -73.851209, 40.742844 ], [ -73.850869, 40.74218 ], [ -73.850525, 40.741514 ], [ -73.850116, 40.740724 ], [ -73.85001, 40.740563 ], [ -73.847841, 40.739927 ], [ -73.847858, 40.7399 ], [ -73.84816, 40.739412 ], [ -73.848236, 40.73929 ], [ -73.848626, 40.738837 ], [ -73.84879, 40.738724 ], [ -73.849897, 40.738336 ], [ -73.850973, 40.737996 ], [ -73.851056, 40.737967 ], [ -73.852435, 40.738406 ], [ -73.852048, 40.737682 ], [ -73.852758, 40.737527 ], [ -73.853734, 40.737326 ], [ -73.854215, 40.737233 ], [ -73.855096, 40.737045 ], [ -73.85594, 40.736833 ], [ -73.856338, 40.736712 ], [ -73.856626, 40.736615 ], [ -73.857334, 40.73638 ], [ -73.858866, 40.735939 ], [ -73.859042, 40.736384 ], [ -73.859387, 40.737043 ], [ -73.860238, 40.736789 ], [ -73.860689, 40.736655 ], [ -73.861606, 40.736382 ], [ -73.8623, 40.737682 ], [ -73.862695, 40.737564 ], [ -73.863173, 40.737422 ], [ -73.863572, 40.737303 ], [ -73.864047, 40.737163 ], [ -73.864341, 40.737073 ], [ -73.86493, 40.736895 ], [ -73.865378, 40.736769 ], [ -73.86546, 40.736746 ], [ -73.86583, 40.736643 ], [ -73.866095, 40.737251 ], [ -73.86648, 40.738211 ], [ -73.86676, 40.73889 ], [ -73.86704, 40.739572 ], [ -73.867147, 40.739837 ], [ -73.867318, 40.740261 ], [ -73.867563, 40.740942 ], [ -73.867557, 40.741678 ], [ -73.867472, 40.742096 ], [ -73.867473, 40.742168 ], [ -73.867475, 40.742356 ], [ -73.867485, 40.742992 ], [ -73.867488, 40.743121 ], [ -73.867491, 40.743302 ], [ -73.867678, 40.744042 ], [ -73.867851, 40.744717 ], [ -73.867893, 40.744752 ], [ -73.86791, 40.744934 ], [ -73.868086, 40.745601 ], [ -73.869288, 40.745242 ], [ -73.869631, 40.745908 ], [ -73.868679, 40.746194 ], [ -73.869042, 40.746808 ], [ -73.869342, 40.747317 ], [ -73.868911, 40.74746 ], [ -73.868805, 40.747495 ], [ -73.868529, 40.747588 ], [ -73.868914, 40.748369 ], [ -73.869192, 40.748763 ], [ -73.869584, 40.748624 ], [ -73.870016, 40.748472 ], [ -73.870293, 40.748925 ], [ -73.870379, 40.749064 ], [ -73.871356, 40.748957 ], [ -73.871841, 40.748906 ], [ -73.872373, 40.748852 ], [ -73.872774, 40.748813 ], [ -73.873119, 40.750735 ], [ -73.874012, 40.750413 ], [ -73.874902, 40.750098 ], [ -73.875435, 40.749887 ], [ -73.875724, 40.7494 ], [ -73.875552, 40.748514 ], [ -73.876252, 40.748439 ], [ -73.87648, 40.748416 ], [ -73.876925, 40.748369 ], [ -73.877416, 40.748319 ], [ -73.878406, 40.748216 ], [ -73.879278, 40.748124 ], [ -73.879839, 40.748062 ], [ -73.880206, 40.748025 ], [ -73.880593, 40.750138 ], [ -73.88152, 40.750039 ], [ -73.882451, 40.74994 ], [ -73.882823, 40.751982 ], [ -73.881894, 40.752081 ], [ -73.880963, 40.752179 ], [ -73.881315, 40.754123 ], [ -73.881648, 40.755952 ], [ -73.881722, 40.756358 ], [ -73.882035, 40.758074 ], [ -73.881104, 40.758171 ], [ -73.881386, 40.759722 ], [ -73.882316, 40.759624 ], [ -73.88277, 40.759576 ], [ -73.883121, 40.759539 ], [ -73.883245, 40.759526 ], [ -73.884176, 40.759427 ], [ -73.884536, 40.761414 ], [ -73.885468, 40.761315 ], [ -73.886397, 40.761216 ], [ -73.887327, 40.761118 ], [ -73.888257, 40.761022 ], [ -73.889186, 40.760923 ], [ -73.890113, 40.760827 ], [ -73.88975, 40.758841 ], [ -73.890691, 40.758744 ], [ -73.891609, 40.758646 ], [ -73.892528, 40.75855 ], [ -73.893473, 40.758451 ], [ -73.894402, 40.758353 ], [ -73.895336, 40.758255 ], [ -73.896262, 40.758159 ], [ -73.897191, 40.75806 ], [ -73.898192, 40.757955 ], [ -73.899212, 40.757848 ], [ -73.89946, 40.757814 ], [ -73.899703, 40.757783 ], [ -73.899832, 40.757783 ], [ -73.8999, 40.757772 ], [ -73.899967, 40.757768 ], [ -73.900519, 40.757708 ], [ -73.900815, 40.757679 ], [ -73.901019, 40.757657 ], [ -73.901348, 40.757622 ], [ -73.901899, 40.757564 ], [ -73.902786, 40.757472 ], [ -73.903678, 40.757377 ], [ -73.904665, 40.757274 ], [ -73.904847, 40.757255 ], [ -73.905102, 40.757228 ], [ -73.905487, 40.757187 ], [ -73.905575, 40.757178 ], [ -73.906302, 40.757099 ], [ -73.906468, 40.757082 ], [ -73.907366, 40.756988 ], [ -73.907528, 40.757689 ], [ -73.907534, 40.758045 ], [ -73.906915, 40.758901 ], [ -73.906437, 40.759652 ], [ -73.906315, 40.759844 ], [ -73.906997, 40.760143 ], [ -73.907292, 40.760281 ], [ -73.907417, 40.76034 ], [ -73.907794, 40.760518 ], [ -73.908592, 40.76089 ], [ -73.909391, 40.761264 ], [ -73.910217, 40.760239 ], [ -73.91149, 40.758693 ], [ -73.912286, 40.759066 ], [ -73.913087, 40.759438 ], [ -73.913897, 40.759818 ], [ -73.914267, 40.759367 ], [ -73.915806, 40.757473 ], [ -73.916604, 40.757848 ], [ -73.917404, 40.758224 ], [ -73.918203, 40.7586 ], [ -73.918998, 40.758974 ], [ -73.920865, 40.756678 ], [ -73.921659, 40.757051 ], [ -73.92246, 40.757427 ], [ -73.922832, 40.757602 ], [ -73.923258, 40.757803 ], [ -73.924054, 40.758176 ], [ -73.925301, 40.756629 ], [ -73.926102, 40.757004 ], [ -73.924854, 40.758551 ], [ -73.925654, 40.758922 ], [ -73.926453, 40.759296 ], [ -73.927247, 40.759671 ], [ -73.928051, 40.760048 ], [ -73.92885, 40.760421 ], [ -73.929651, 40.760798 ], [ -73.930548, 40.761223 ], [ -73.929454, 40.762366 ], [ -73.930004, 40.76263 ], [ -73.930467, 40.762852 ], [ -73.931226, 40.763216 ], [ -73.93135, 40.763275 ], [ -73.930867, 40.763874 ], [ -73.932249, 40.764639 ], [ -73.932796, 40.764924 ], [ -73.933708, 40.765413 ], [ -73.933797, 40.765311 ], [ -73.934189, 40.765455 ], [ -73.934476, 40.765003 ], [ -73.934607, 40.764798 ], [ -73.935414, 40.763497 ], [ -73.936256, 40.763894 ], [ -73.937005, 40.76424 ], [ -73.937796, 40.764616 ], [ -73.938603, 40.764921 ], [ -73.939419, 40.765215 ], [ -73.940272, 40.76553 ], [ -73.9397, 40.766411 ], [ -73.93859, 40.766817 ], [ -73.940463, 40.76753 ], [ -73.940351, 40.767653 ] ] ] ] } },
{ "type": "Feature", "properties": { "congressional district": 6 }, "geometry": { "type": "MultiPolygon", "coordinates": [ [ [ [ -73.915847, 40.743139 ], [ -73.915588, 40.744464 ], [ -73.915566, 40.744579 ], [ -73.915307, 40.745864 ], [ -73.915252, 40.746142 ], [ -73.915232, 40.746246 ], [ -73.914303, 40.746138 ], [ -73.913373, 40.746031 ], [ -73.912881, 40.748467 ], [ -73.912853, 40.748605 ], [ -73.91281, 40.748818 ], [ -73.911888, 40.748715 ], [ -73.911642, 40.748685 ], [ -73.91173, 40.748435 ], [ -73.911765, 40.748357 ], [ -73.911801, 40.748276 ], [ -73.91193, 40.747988 ], [ -73.909919, 40.747764 ], [ -73.909554, 40.747395 ], [ -73.908901, 40.748828 ], [ -73.908016, 40.74859 ], [ -73.907836, 40.748998 ], [ -73.907704, 40.749297 ], [ -73.908393, 40.749946 ], [ -73.908319, 40.750119 ], [ -73.907509, 40.749767 ], [ -73.907, 40.750853 ], [ -73.90611, 40.750624 ], [ -73.90525, 40.752565 ], [ -73.906075, 40.752913 ], [ -73.905864, 40.753404 ], [ -73.905842, 40.753463 ], [ -73.905831, 40.753525 ], [ -73.905832, 40.753587 ], [ -73.905845, 40.753648 ], [ -73.905154, 40.754858 ], [ -73.905294, 40.755628 ], [ -73.906189, 40.755532 ], [ -73.906468, 40.757082 ], [ -73.906302, 40.757099 ], [ -73.905575, 40.757178 ], [ -73.905487, 40.757187 ], [ -73.905102, 40.757228 ], [ -73.904847, 40.757255 ], [ -73.904665, 40.757274 ], [ -73.903678, 40.757377 ], [ -73.902786, 40.757472 ], [ -73.901899, 40.757564 ], [ -73.901348, 40.757622 ], [ -73.901019, 40.757657 ], [ -73.900815, 40.757679 ], [ -73.900519, 40.757708 ], [ -73.899967, 40.757768 ], [ -73.8999, 40.757772 ], [ -73.899832, 40.757783 ], [ -73.899703, 40.757783 ], [ -73.89946, 40.757814 ], [ -73.899212, 40.757848 ], [ -73.898192, 40.757955 ], [ -73.897191, 40.75806 ], [ -73.896262, 40.758159 ], [ -73.895336, 40.758255 ], [ -73.894402, 40.758353 ], [ -73.893473, 40.758451 ], [ -73.892528, 40.75855 ], [ -73.891609, 40.758646 ], [ -73.890691, 40.758744 ], [ -73.88975, 40.758841 ], [ -73.890113, 40.760827 ], [ -73.889186, 40.760923 ], [ -73.888257, 40.761022 ], [ -73.887327, 40.761118 ], [ -73.886397, 40.761216 ], [ -73.885468, 40.761315 ], [ -73.884536, 40.761414 ], [ -73.884176, 40.759427 ], [ -73.883245, 40.759526 ], [ -73.883121, 40.759539 ], [ -73.88277, 40.759576 ], [ -73.882316, 40.759624 ], [ -73.881386, 40.759722 ], [ -73.881104, 40.758171 ], [ -73.882035, 40.758074 ], [ -73.881722, 40.756358 ], [ -73.881648, 40.755952 ], [ -73.881315, 40.754123 ], [ -73.880963, 40.752179 ], [ -73.881894, 40.752081 ], [ -73.882823, 40.751982 ], [ -73.882451, 40.74994 ], [ -73.88152, 40.750039 ], [ -73.880593, 40.750138 ], [ -73.880206, 40.748025 ], [ -73.879839, 40.748062 ], [ -73.879278, 40.748124 ], [ -73.878406, 40.748216 ], [ -73.877416, 40.748319 ], [ -73.876925, 40.748369 ], [ -73.87648, 40.748416 ], [ -73.876252, 40.748439 ], [ -73.875552, 40.748514 ], [ -73.875724, 40.7494 ], [ -73.875435, 40.749887 ], [ -73.874902, 40.750098 ], [ -73.874012, 40.750413 ], [ -73.873119, 40.750735 ], [ -73.872774, 40.748813 ], [ -73.872373, 40.748852 ], [ -73.871841, 40.748906 ], [ -73.871356, 40.748957 ], [ -73.870379, 40.749064 ], [ -73.870293, 40.748925 ], [ -73.870016, 40.748472 ], [ -73.869584, 40.748624 ], [ -73.869192, 40.748763 ], [ -73.868914, 40.748369 ], [ -73.868529, 40.747588 ], [ -73.868805, 40.747495 ], [ -73.868911, 40.74746 ], [ -73.869342, 40.747317 ], [ -73.869042, 40.746808 ], [ -73.868679, 40.746194 ], [ -73.869631, 40.745908 ], [ -73.869288, 40.745242 ], [ -73.868086, 40.745601 ], [ -73.86791, 40.744934 ], [ -73.867893, 40.744752 ], [ -73.867851, 40.744717 ], [ -73.867678, 40.744042 ], [ -73.867491, 40.743302 ], [ -73.867488, 40.743121 ], [ -73.867485, 40.742992 ], [ -73.867475, 40.742356 ], [ -73.867473, 40.742168 ], [ -73.867472, 40.742096 ], [ -73.867557, 40.741678 ], [ -73.867563, 40.740942 ], [ -73.867318, 40.740261 ], [ -73.867147, 40.739837 ], [ -73.86704, 40.739572 ], [ -73.86676, 40.73889 ], [ -73.86648, 40.738211 ], [ -73.866095, 40.737251 ], [ -73.86583, 40.736643 ], [ -73.86546, 40.736746 ], [ -73.865378, 40.736769 ], [ -73.86493, 40.736895 ], [ -73.864341, 40.737073 ], [ -73.864047, 40.737163 ], [ -73.863572, 40.737303 ], [ -73.863173, 40.737422 ], [ -73.862695, 40.737564 ], [ -73.8623, 40.737682 ], [ -73.861606, 40.736382 ], [ -73.860689, 40.736655 ], [ -73.860238, 40.736789 ], [ -73.859387, 40.737043 ], [ -73.859042, 40.736384 ], [ -73.858866, 40.735939 ], [ -73.857334, 40.73638 ], [ -73.856626, 40.736615 ], [ -73.856338, 40.736712 ], [ -73.85594, 40.736833 ], [ -73.855096, 40.737045 ], [ -73.854215, 40.737233 ], [ -73.853734, 40.737326 ], [ -73.852758, 40.737527 ], [ -73.852048, 40.737682 ], [ -73.852435, 40.738406 ], [ -73.851056, 40.737967 ], [ -73.850973, 40.737996 ], [ -73.849897, 40.738336 ], [ -73.84879, 40.738724 ], [ -73.848626, 40.738837 ], [ -73.848236, 40.73929 ], [ -73.84816, 40.739412 ], [ -73.847858, 40.7399 ], [ -73.847841, 40.739927 ], [ -73.85001, 40.740563 ], [ -73.850116, 40.740724 ], [ -73.850525, 40.741514 ], [ -73.850869, 40.74218 ], [ -73.851209, 40.742844 ], [ -73.851551, 40.743507 ], [ -73.851895, 40.74418 ], [ -73.852241, 40.744841 ], [ -73.852577, 40.745506 ], [ -73.852918, 40.746171 ], [ -73.85326, 40.746834 ], [ -73.853602, 40.747492 ], [ -73.854021, 40.748156 ], [ -73.854369, 40.748739 ], [ -73.854421, 40.748805 ], [ -73.850864, 40.749996 ], [ -73.85217, 40.752582 ], [ -73.852205, 40.752661 ], [ -73.85204, 40.75271 ], [ -73.851897, 40.752753 ], [ -73.851196, 40.752962 ], [ -73.850679, 40.753117 ], [ -73.850121, 40.753284 ], [ -73.849541, 40.753457 ], [ -73.84562, 40.754612 ], [ -73.843244, 40.755337 ], [ -73.843634, 40.756157 ], [ -73.844044, 40.756945 ], [ -73.84445, 40.757744 ], [ -73.84479, 40.758403 ], [ -73.845134, 40.759069 ], [ -73.84549, 40.759729 ], [ -73.845852, 40.760455 ], [ -73.845902, 40.760565 ], [ -73.845911, 40.760585 ], [ -73.845975, 40.760717 ], [ -73.845363, 40.761122 ], [ -73.845137, 40.761265 ], [ -73.84469, 40.761549 ], [ -73.844458, 40.761705 ], [ -73.844085, 40.761908 ], [ -73.843719, 40.762071 ], [ -73.843349, 40.762207 ], [ -73.842933, 40.762336 ], [ -73.84257, 40.762405 ], [ -73.842233, 40.762552 ], [ -73.841968, 40.762686 ], [ -73.841762, 40.762665 ], [ -73.840874, 40.762559 ], [ -73.840009, 40.762574 ], [ -73.839923, 40.762575 ], [ -73.839691, 40.762587 ], [ -73.839788, 40.762748 ], [ -73.839896, 40.762965 ], [ -73.839983, 40.763189 ], [ -73.840048, 40.763416 ], [ -73.840089, 40.763644 ], [ -73.840103, 40.764057 ], [ -73.840109, 40.764162 ], [ -73.840099, 40.764211 ], [ -73.839657, 40.764994 ], [ -73.839538, 40.765224 ], [ -73.839417, 40.765428 ], [ -73.839121, 40.765983 ], [ -73.839132, 40.765991 ], [ -73.839256, 40.766034 ], [ -73.839319, 40.766054 ], [ -73.838829, 40.766725 ], [ -73.83871, 40.766895 ], [ -73.838164, 40.767725 ], [ -73.837292, 40.768689 ], [ -73.836732, 40.769222 ], [ -73.836269, 40.76961 ], [ -73.83548, 40.770142 ], [ -73.835178, 40.770346 ], [ -73.834376, 40.770892 ], [ -73.834035, 40.771086 ], [ -73.833428, 40.771434 ], [ -73.833133, 40.77161 ], [ -73.832789, 40.771807 ], [ -73.832522, 40.771964 ], [ -73.832438, 40.772014 ], [ -73.832178, 40.772175 ], [ -73.831833, 40.772388 ], [ -73.831713, 40.772474 ], [ -73.831593, 40.77256 ], [ -73.831127, 40.772943 ], [ -73.831, 40.773047 ], [ -73.830633, 40.773361 ], [ -73.83054, 40.773437 ], [ -73.83022, 40.773759 ], [ -73.830157, 40.773825 ], [ -73.829852, 40.774163 ], [ -73.829512, 40.774569 ], [ -73.829279, 40.774882 ], [ -73.829185, 40.775018 ], [ -73.828965, 40.775311 ], [ -73.828883, 40.775427 ], [ -73.828528, 40.776007 ], [ -73.828239, 40.77646 ], [ -73.828103, 40.776694 ], [ -73.827101, 40.77842 ], [ -73.826298, 40.779803 ], [ -73.826235, 40.779921 ], [ -73.825929, 40.779808 ], [ -73.825667, 40.77973 ], [ -73.826016, 40.779094 ], [ -73.825817, 40.779023 ], [ -73.824889, 40.778714 ], [ -73.823818, 40.77836 ], [ -73.823762, 40.778503 ], [ -73.822392, 40.778364 ], [ -73.821478, 40.77831 ], [ -73.821563, 40.777633 ], [ -73.82167, 40.776863 ], [ -73.821702, 40.776468 ], [ -73.821711, 40.776368 ], [ -73.821745, 40.775973 ], [ -73.821801, 40.775259 ], [ -73.821866, 40.774517 ], [ -73.821866, 40.773778 ], [ -73.821865, 40.773064 ], [ -73.821866, 40.772352 ], [ -73.819646, 40.772354 ], [ -73.81872, 40.772355 ], [ -73.818512, 40.772355 ], [ -73.817353, 40.772356 ], [ -73.817293, 40.771478 ], [ -73.817317, 40.770289 ], [ -73.81573, 40.770247 ], [ -73.815583, 40.768961 ], [ -73.81454, 40.768879 ], [ -73.813548, 40.768795 ], [ -73.813057, 40.768755 ], [ -73.81237, 40.768704 ], [ -73.811442, 40.768633 ], [ -73.810472, 40.768557 ], [ -73.810817, 40.766027 ], [ -73.809831, 40.765949 ], [ -73.808891, 40.765874 ], [ -73.807958, 40.765802 ], [ -73.807029, 40.765728 ], [ -73.807335, 40.763498 ], [ -73.806431, 40.763194 ], [ -73.805527, 40.76289 ], [ -73.804631, 40.762589 ], [ -73.803741, 40.762133 ], [ -73.80364, 40.762037 ], [ -73.803322, 40.76179 ], [ -73.802896, 40.761462 ], [ -73.803073, 40.760126 ], [ -73.802153, 40.759987 ], [ -73.80125, 40.759828 ], [ -73.801238, 40.759901 ], [ -73.800834, 40.759971 ], [ -73.801191, 40.760198 ], [ -73.801008, 40.761451 ], [ -73.800074, 40.761345 ], [ -73.799144, 40.761263 ], [ -73.799126, 40.761425 ], [ -73.798204, 40.761347 ], [ -73.793443, 40.761185 ], [ -73.789915, 40.761442 ], [ -73.785274, 40.761842 ], [ -73.784231, 40.761924 ], [ -73.783077, 40.762029 ], [ -73.782232, 40.762131 ], [ -73.78132, 40.762188 ], [ -73.780405, 40.762295 ], [ -73.780309, 40.762292 ], [ -73.779349, 40.762363 ], [ -73.779031, 40.76238 ], [ -73.779136, 40.762651 ], [ -73.779337, 40.763031 ], [ -73.780004, 40.764271 ], [ -73.78002, 40.764301 ], [ -73.7799, 40.764476 ], [ -73.780666, 40.766622 ], [ -73.780288, 40.765886 ], [ -73.779396, 40.766156 ], [ -73.778525, 40.766424 ], [ -73.777656, 40.766693 ], [ -73.776783, 40.766961 ], [ -73.775916, 40.767228 ], [ -73.775045, 40.767494 ], [ -73.774175, 40.767761 ], [ -73.773402, 40.766312 ], [ -73.772732, 40.765055 ], [ -73.771916, 40.763508 ], [ -73.770969, 40.7636 ], [ -73.770769, 40.763193 ], [ -73.768347, 40.76343 ], [ -73.767484, 40.763515 ], [ -73.766405, 40.76362 ], [ -73.765577, 40.763701 ], [ -73.765031, 40.763755 ], [ -73.764601, 40.763797 ], [ -73.763917, 40.763864 ], [ -73.762949, 40.763958 ], [ -73.762724, 40.76398 ], [ -73.762017, 40.76405 ], [ -73.76186, 40.764065 ], [ -73.761241, 40.764167 ], [ -73.760077, 40.764229 ], [ -73.759206, 40.764321 ], [ -73.758625, 40.764383 ], [ -73.758514, 40.764105 ], [ -73.758438, 40.763928 ], [ -73.758312, 40.763702 ], [ -73.758222, 40.763562 ], [ -73.758156, 40.763461 ], [ -73.757998, 40.763244 ], [ -73.757862, 40.763079 ], [ -73.757821, 40.763029 ], [ -73.757635, 40.762827 ], [ -73.757408, 40.762587 ], [ -73.757163, 40.762349 ], [ -73.758115, 40.762054 ], [ -73.757907, 40.761832 ], [ -73.757763, 40.761514 ], [ -73.757562, 40.761254 ], [ -73.757378, 40.761131 ], [ -73.757168, 40.76104 ], [ -73.756968, 40.760972 ], [ -73.7567, 40.76091 ], [ -73.756485, 40.760884 ], [ -73.756219, 40.760871 ], [ -73.756004, 40.76086 ], [ -73.755697, 40.760844 ], [ -73.755532, 40.760821 ], [ -73.755422, 40.760805 ], [ -73.755084, 40.760756 ], [ -73.754884, 40.760694 ], [ -73.754071, 40.760444 ], [ -73.753853, 40.760465 ], [ -73.753409, 40.760333 ], [ -73.75283, 40.760159 ], [ -73.751986, 40.759897 ], [ -73.751652, 40.759794 ], [ -73.751281, 40.759667 ], [ -73.750878, 40.75951 ], [ -73.75054, 40.759364 ], [ -73.750216, 40.759209 ], [ -73.749859, 40.759013 ], [ -73.749653, 40.758891 ], [ -73.749274, 40.758654 ], [ -73.749002, 40.75848 ], [ -73.74846, 40.758065 ], [ -73.748445, 40.75805 ], [ -73.747407, 40.757041 ], [ -73.747264, 40.756878 ], [ -73.746958, 40.756529 ], [ -73.746557, 40.756099 ], [ -73.746429, 40.755975 ], [ -73.746151, 40.755647 ], [ -73.745693, 40.755111 ], [ -73.745171, 40.754481 ], [ -73.744508, 40.753682 ], [ -73.744409, 40.753563 ], [ -73.744144, 40.75325 ], [ -73.744054, 40.753144 ], [ -73.743369, 40.752311 ], [ -73.743209, 40.752118 ], [ -73.74305, 40.751926 ], [ -73.743014, 40.751885 ], [ -73.742819, 40.75167 ], [ -73.742772, 40.751615 ], [ -73.742523, 40.751337 ], [ -73.742074, 40.750928 ], [ -73.741815, 40.750684 ], [ -73.741491, 40.750433 ], [ -73.741215, 40.750229 ], [ -73.740755, 40.749892 ], [ -73.738907, 40.748744 ], [ -73.738804, 40.748678 ], [ -73.73829, 40.74835 ], [ -73.737807, 40.74798 ], [ -73.737488, 40.74772 ], [ -73.73734, 40.747599 ], [ -73.736878, 40.747195 ], [ -73.736459, 40.746802 ], [ -73.736235, 40.746579 ], [ -73.736045, 40.746388 ], [ -73.735825, 40.746174 ], [ -73.735716, 40.746075 ], [ -73.735594, 40.745966 ], [ -73.735352, 40.745765 ], [ -73.735038, 40.745526 ], [ -73.735061, 40.745333 ], [ -73.735046, 40.745118 ], [ -73.735018, 40.744888 ], [ -73.734951, 40.744638 ], [ -73.734887, 40.744453 ], [ -73.734774, 40.744185 ], [ -73.734638, 40.743997 ], [ -73.734362, 40.743628 ], [ -73.734928, 40.743152 ], [ -73.735458, 40.742673 ], [ -73.736384, 40.741912 ], [ -73.737048, 40.741463 ], [ -73.738445, 40.740615 ], [ -73.739128, 40.740022 ], [ -73.739269, 40.739865 ], [ -73.739661, 40.739431 ], [ -73.739831, 40.73918 ], [ -73.73983, 40.739054 ], [ -73.740291, 40.738517 ], [ -73.741245, 40.737341 ], [ -73.741597, 40.736908 ], [ -73.741676, 40.736827 ], [ -73.74236, 40.736141 ], [ -73.742422, 40.736082 ], [ -73.743065, 40.735465 ], [ -73.743738, 40.734898 ], [ -73.743844, 40.734807 ], [ -73.744672, 40.734179 ], [ -73.744896, 40.734005 ], [ -73.745178, 40.733795 ], [ -73.745523, 40.733539 ], [ -73.746064, 40.733132 ], [ -73.746234, 40.732994 ], [ -73.746608, 40.732689 ], [ -73.746738, 40.732583 ], [ -73.746992, 40.732351 ], [ -73.747338, 40.732036 ], [ -73.747558, 40.731841 ], [ -73.747934, 40.731507 ], [ -73.748124, 40.73134 ], [ -73.748749, 40.730786 ], [ -73.749265, 40.730324 ], [ -73.749621, 40.730005 ], [ -73.750045, 40.729667 ], [ -73.750658, 40.729195 ], [ -73.750873, 40.729049 ], [ -73.75133, 40.728745 ], [ -73.751959, 40.728377 ], [ -73.752637, 40.727988 ], [ -73.752485, 40.727852 ], [ -73.753499, 40.727374 ], [ -73.753595, 40.727329 ], [ -73.75369, 40.727286 ], [ -73.754016, 40.727139 ], [ -73.754576, 40.7269 ], [ -73.754899, 40.726782 ], [ -73.755173, 40.726687 ], [ -73.755295, 40.726645 ], [ -73.755579, 40.726547 ], [ -73.75594, 40.726422 ], [ -73.756076, 40.726375 ], [ -73.756281, 40.726311 ], [ -73.756453, 40.726251 ], [ -73.756522, 40.726232 ], [ -73.756612, 40.726208 ], [ -73.75671, 40.726179 ], [ -73.756843, 40.726138 ], [ -73.756943, 40.726111 ], [ -73.757158, 40.726051 ], [ -73.757526, 40.725948 ], [ -73.758063, 40.725862 ], [ -73.758304, 40.725832 ], [ -73.759114, 40.725732 ], [ -73.759153, 40.72573 ], [ -73.759722, 40.725719 ], [ -73.759937, 40.725722 ], [ -73.760178, 40.725735 ], [ -73.760426, 40.725744 ], [ -73.760911, 40.7258 ], [ -73.761051, 40.725817 ], [ -73.761193, 40.725842 ], [ -73.761329, 40.725865 ], [ -73.761837, 40.725949 ], [ -73.762063, 40.725986 ], [ -73.760818, 40.725962 ], [ -73.76179, 40.726083 ], [ -73.762028, 40.72611 ], [ -73.762401, 40.726161 ], [ -73.763897, 40.726364 ], [ -73.764415, 40.726441 ], [ -73.7647, 40.726479 ], [ -73.765042, 40.726488 ], [ -73.765457, 40.726474 ], [ -73.766244, 40.726403 ], [ -73.767183, 40.726264 ], [ -73.767727, 40.726169 ], [ -73.768466, 40.726039 ], [ -73.769241, 40.725903 ], [ -73.770289, 40.725634 ], [ -73.771058, 40.725485 ], [ -73.771984, 40.725229 ], [ -73.772743, 40.725035 ], [ -73.77359, 40.724742 ], [ -73.774263, 40.724416 ], [ -73.774917, 40.724088 ], [ -73.776056, 40.723356 ], [ -73.776238, 40.723305 ], [ -73.77645, 40.723261 ], [ -73.776666, 40.723231 ], [ -73.776885, 40.723215 ], [ -73.777103, 40.723213 ], [ -73.777319, 40.723224 ], [ -73.777876, 40.723037 ], [ -73.778038, 40.723284 ], [ -73.777817, 40.723339 ], [ -73.777583, 40.723418 ], [ -73.77739, 40.723498 ], [ -73.777182, 40.723607 ], [ -73.77699, 40.723731 ], [ -73.776832, 40.723851 ], [ -73.776666, 40.724009 ], [ -73.776546, 40.724145 ], [ -73.776422, 40.724323 ], [ -73.776338, 40.724469 ], [ -73.775234, 40.725238 ], [ -73.775561, 40.72597 ], [ -73.775962, 40.726813 ], [ -73.776728, 40.72843 ], [ -73.777575, 40.730193 ], [ -73.778486, 40.729944 ], [ -73.779365, 40.729702 ], [ -73.780248, 40.72946 ], [ -73.77941, 40.727692 ], [ -73.780337, 40.727439 ], [ -73.780485, 40.727752 ], [ -73.780799, 40.728425 ], [ -73.781161, 40.729213 ], [ -73.782059, 40.728919 ], [ -73.782923, 40.728636 ], [ -73.783601, 40.728413 ], [ -73.783977, 40.728291 ], [ -73.784821, 40.728015 ], [ -73.785685, 40.72773 ], [ -73.78619, 40.727564 ], [ -73.78655, 40.727445 ], [ -73.787383, 40.727172 ], [ -73.78825, 40.726887 ], [ -73.789113, 40.726606 ], [ -73.789459, 40.726493 ], [ -73.78998, 40.726317 ], [ -73.790845, 40.726036 ], [ -73.791745, 40.725776 ], [ -73.793335, 40.725284 ], [ -73.794224, 40.724982 ], [ -73.795116, 40.724676 ], [ -73.795883, 40.724415 ], [ -73.796752, 40.724117 ], [ -73.797609, 40.723825 ], [ -73.798472, 40.72353 ], [ -73.797828, 40.722031 ], [ -73.797233, 40.720609 ], [ -73.798099, 40.720345 ], [ -73.799001, 40.720145 ], [ -73.798492, 40.718707 ], [ -73.798096, 40.717543 ], [ -73.798055, 40.717431 ], [ -73.79697, 40.717723 ], [ -73.796382, 40.717897 ], [ -73.795648, 40.718134 ], [ -73.794961, 40.718213 ], [ -73.79261, 40.718717 ], [ -73.792014, 40.718884 ], [ -73.79192, 40.718914 ], [ -73.791825, 40.718928 ], [ -73.791729, 40.718938 ], [ -73.791632, 40.718944 ], [ -73.791535, 40.718947 ], [ -73.791439, 40.718945 ], [ -73.791303, 40.718932 ], [ -73.791168, 40.718916 ], [ -73.791033, 40.718897 ], [ -73.790896, 40.718876 ], [ -73.79109, 40.71877 ], [ -73.791263, 40.718669 ], [ -73.791213, 40.718614 ], [ -73.79116, 40.718558 ], [ -73.7911, 40.718506 ], [ -73.791035, 40.718458 ], [ -73.790965, 40.718414 ], [ -73.79089, 40.718374 ], [ -73.790811, 40.71834 ], [ -73.790729, 40.71831 ], [ -73.790643, 40.718286 ], [ -73.790556, 40.718267 ], [ -73.790428, 40.718266 ], [ -73.7903, 40.71826 ], [ -73.790173, 40.718247 ], [ -73.790047, 40.718228 ], [ -73.789923, 40.718204 ], [ -73.789802, 40.718174 ], [ -73.789682, 40.718139 ], [ -73.789566, 40.718098 ], [ -73.789453, 40.718052 ], [ -73.789344, 40.718001 ], [ -73.78924, 40.717945 ], [ -73.78914, 40.717884 ], [ -73.789045, 40.717819 ], [ -73.788955, 40.71775 ], [ -73.788871, 40.717676 ], [ -73.788793, 40.717599 ], [ -73.788721, 40.717518 ], [ -73.788656, 40.717435 ], [ -73.788597, 40.717348 ], [ -73.788546, 40.717259 ], [ -73.788707, 40.717185 ], [ -73.788879, 40.717122 ], [ -73.789058, 40.717072 ], [ -73.789242, 40.717034 ], [ -73.78943, 40.71701 ], [ -73.789618, 40.716999 ], [ -73.789624, 40.716817 ], [ -73.789652, 40.716634 ], [ -73.7897, 40.716452 ], [ -73.789768, 40.716273 ], [ -73.789857, 40.716099 ], [ -73.789965, 40.715932 ], [ -73.79009, 40.715774 ], [ -73.79023, 40.715627 ], [ -73.790413, 40.715466 ], [ -73.790609, 40.715313 ], [ -73.790819, 40.715172 ], [ -73.791041, 40.715041 ], [ -73.791273, 40.714922 ], [ -73.791416, 40.714838 ], [ -73.791548, 40.714738 ], [ -73.791664, 40.714622 ], [ -73.79176, 40.714494 ], [ -73.791832, 40.714357 ], [ -73.79188, 40.714215 ], [ -73.791901, 40.714071 ], [ -73.791898, 40.713929 ], [ -73.791871, 40.713793 ], [ -73.792, 40.713984 ], [ -73.792149, 40.714169 ], [ -73.792317, 40.714345 ], [ -73.792502, 40.714511 ], [ -73.792705, 40.714665 ], [ -73.792921, 40.714806 ], [ -73.793149, 40.714933 ], [ -73.793333, 40.715278 ], [ -73.79374, 40.716099 ], [ -73.794618, 40.715851 ], [ -73.794946, 40.716518 ], [ -73.795825, 40.716267 ], [ -73.794736, 40.714057 ], [ -73.793903, 40.71237 ], [ -73.794755, 40.712067 ], [ -73.795612, 40.713807 ], [ -73.7965, 40.713554 ], [ -73.796912, 40.713436 ], [ -73.797005, 40.713402 ], [ -73.79709, 40.713355 ], [ -73.797164, 40.713296 ], [ -73.797222, 40.713229 ], [ -73.797262, 40.713157 ], [ -73.798335, 40.712908 ], [ -73.799021, 40.713514 ], [ -73.800394, 40.712941 ], [ -73.801242, 40.712503 ], [ -73.801384, 40.712674 ], [ -73.802593, 40.712539 ], [ -73.802428, 40.712041 ], [ -73.803493, 40.711071 ], [ -73.804251, 40.71039 ], [ -73.804841, 40.709338 ], [ -73.805012, 40.709473 ], [ -73.807622, 40.708731 ], [ -73.809983, 40.70807 ], [ -73.809689, 40.707377 ], [ -73.809348, 40.706685 ], [ -73.812012, 40.705945 ], [ -73.812111, 40.706698 ], [ -73.812155, 40.707046 ], [ -73.812431, 40.709093 ], [ -73.813327, 40.709027 ], [ -73.816365, 40.7088 ], [ -73.816524, 40.708795 ], [ -73.816684, 40.708803 ], [ -73.81684, 40.708825 ], [ -73.817054, 40.7089 ], [ -73.81726, 40.70899 ], [ -73.817454, 40.709095 ], [ -73.817634, 40.709213 ], [ -73.817798, 40.709342 ], [ -73.818398, 40.709789 ], [ -73.818934, 40.710119 ], [ -73.819067, 40.710188 ], [ -73.81918, 40.710246 ], [ -73.819376, 40.709421 ], [ -73.819427, 40.709208 ], [ -73.820103, 40.709599 ], [ -73.820318, 40.709715 ], [ -73.820662, 40.709869 ], [ -73.821036, 40.710261 ], [ -73.821167, 40.710397 ], [ -73.822737, 40.711733 ], [ -73.822923, 40.711883 ], [ -73.823426, 40.712284 ], [ -73.823955, 40.712853 ], [ -73.823948, 40.712906 ], [ -73.82404, 40.713212 ], [ -73.824149, 40.713518 ], [ -73.824196, 40.713648 ], [ -73.824283, 40.713826 ], [ -73.82458, 40.714285 ], [ -73.824773, 40.714593 ], [ -73.825441, 40.715556 ], [ -73.825467, 40.71561 ], [ -73.825483, 40.715638 ], [ -73.825506, 40.715677 ], [ -73.825558, 40.715764 ], [ -73.82557, 40.715784 ], [ -73.825705, 40.716063 ], [ -73.825852, 40.715969 ], [ -73.825921, 40.715928 ], [ -73.825946, 40.715912 ], [ -73.826202, 40.715757 ], [ -73.826253, 40.71573 ], [ -73.826272, 40.71572 ], [ -73.826396, 40.715655 ], [ -73.826976, 40.715391 ], [ -73.827139, 40.715342 ], [ -73.828496, 40.715014 ], [ -73.829256, 40.714757 ], [ -73.829896, 40.714571 ], [ -73.829945, 40.714559 ], [ -73.830934, 40.714322 ], [ -73.830982, 40.71431 ], [ -73.831069, 40.714354 ], [ -73.831311, 40.714474 ], [ -73.831385, 40.714529 ], [ -73.832231, 40.71512 ], [ -73.833147, 40.714434 ], [ -73.833035, 40.714307 ], [ -73.83256, 40.713794 ], [ -73.833763, 40.71313 ], [ -73.834342, 40.712755 ], [ -73.834926, 40.712474 ], [ -73.836115, 40.711825 ], [ -73.836409, 40.711642 ], [ -73.836716, 40.71147 ], [ -73.837037, 40.711312 ], [ -73.837368, 40.711167 ], [ -73.837709, 40.711036 ], [ -73.838058, 40.710921 ], [ -73.839732, 40.7104 ], [ -73.840692, 40.710153 ], [ -73.843016, 40.709176 ], [ -73.84395, 40.708937 ], [ -73.84568, 40.70848 ], [ -73.846634, 40.708396 ], [ -73.847626, 40.70841 ], [ -73.848576, 40.708507 ], [ -73.849517, 40.708392 ], [ -73.850533, 40.708067 ], [ -73.851099, 40.707901 ], [ -73.852766, 40.707442 ], [ -73.85365, 40.707623 ], [ -73.856677, 40.707692 ], [ -73.858268, 40.707552 ], [ -73.859267, 40.707489 ], [ -73.860006, 40.707375 ], [ -73.862162, 40.707264 ], [ -73.862282, 40.707377 ], [ -73.862575, 40.707749 ], [ -73.863041, 40.708329 ], [ -73.863508, 40.708911 ], [ -73.863779, 40.709251 ], [ -73.863973, 40.709491 ], [ -73.864082, 40.709622 ], [ -73.864447, 40.710084 ], [ -73.86501, 40.710777 ], [ -73.862079, 40.712201 ], [ -73.869636, 40.713298 ], [ -73.871618, 40.71329 ], [ -73.873029, 40.71326 ], [ -73.873593, 40.713234 ], [ -73.873539, 40.712509 ], [ -73.87349, 40.711824 ], [ -73.875389, 40.711713 ], [ -73.87543, 40.712416 ], [ -73.877543, 40.712195 ], [ -73.879215, 40.712026 ], [ -73.879343, 40.712727 ], [ -73.880033, 40.713654 ], [ -73.882295, 40.71343 ], [ -73.883722, 40.713283 ], [ -73.88426, 40.713304 ], [ -73.884351, 40.71223 ], [ -73.885076, 40.712161 ], [ -73.886377, 40.712208 ], [ -73.886879, 40.712223 ], [ -73.888546, 40.712275 ], [ -73.888776, 40.712286 ], [ -73.893806, 40.712434 ], [ -73.894019, 40.712441 ], [ -73.895025, 40.712478 ], [ -73.895904, 40.712507 ], [ -73.896219, 40.712522 ], [ -73.897103, 40.712558 ], [ -73.897683, 40.71258 ], [ -73.899355, 40.712647 ], [ -73.900184, 40.712681 ], [ -73.900596, 40.712697 ], [ -73.902243, 40.71276 ], [ -73.902935, 40.712786 ], [ -73.903769, 40.712817 ], [ -73.904772, 40.712866 ], [ -73.904895, 40.712857 ], [ -73.905376, 40.712877 ], [ -73.905386, 40.712922 ], [ -73.90541, 40.71303 ], [ -73.905439, 40.713162 ], [ -73.905563, 40.713715 ], [ -73.90571, 40.714368 ], [ -73.90576, 40.714588 ], [ -73.907331, 40.715392 ], [ -73.907375, 40.715415 ], [ -73.907549, 40.715504 ], [ -73.907772, 40.715607 ], [ -73.908391, 40.716276 ], [ -73.908641, 40.716545 ], [ -73.909763, 40.717737 ], [ -73.90966, 40.717793 ], [ -73.910702, 40.718933 ], [ -73.911321, 40.719624 ], [ -73.911889, 40.720263 ], [ -73.91246, 40.720931 ], [ -73.912984, 40.721601 ], [ -73.913098, 40.721737 ], [ -73.9132, 40.72188 ], [ -73.913289, 40.722028 ], [ -73.913314, 40.722077 ], [ -73.913365, 40.722179 ], [ -73.913427, 40.722334 ], [ -73.913558, 40.722463 ], [ -73.913672, 40.722601 ], [ -73.91377, 40.722747 ], [ -73.913845, 40.722898 ], [ -73.91317, 40.723082 ], [ -73.912708, 40.723285 ], [ -73.912563, 40.723239 ], [ -73.911345, 40.724182 ], [ -73.908892, 40.726068 ], [ -73.908047, 40.726734 ], [ -73.90741, 40.727209 ], [ -73.9073, 40.727293 ], [ -73.907173, 40.727387 ], [ -73.90707, 40.727466 ], [ -73.906933, 40.727574 ], [ -73.90673, 40.727733 ], [ -73.905684, 40.72855 ], [ -73.905576, 40.728635 ], [ -73.905181, 40.728957 ], [ -73.904218, 40.730127 ], [ -73.904023, 40.730365 ], [ -73.902597, 40.732104 ], [ -73.901298, 40.73364 ], [ -73.901231, 40.73372 ], [ -73.90108, 40.733908 ], [ -73.901076, 40.733952 ], [ -73.900955, 40.735634 ], [ -73.900901, 40.737037 ], [ -73.900842, 40.738463 ], [ -73.901785, 40.738488 ], [ -73.901809, 40.738564 ], [ -73.901093, 40.738915 ], [ -73.900828, 40.739045 ], [ -73.900819, 40.739087 ], [ -73.900803, 40.739158 ], [ -73.901642, 40.738745 ], [ -73.902669, 40.738492 ], [ -73.902941, 40.738403 ], [ -73.903658, 40.738142 ], [ -73.903648, 40.738217 ], [ -73.903684, 40.738267 ], [ -73.903732, 40.738449 ], [ -73.90377, 40.738548 ], [ -73.903261, 40.739882 ], [ -73.903799, 40.7399 ], [ -73.903229, 40.741163 ], [ -73.903727, 40.741232 ], [ -73.904619, 40.741332 ], [ -73.905504, 40.741434 ], [ -73.906339, 40.741529 ], [ -73.907556, 40.741659 ], [ -73.908339, 40.741757 ], [ -73.90929, 40.741867 ], [ -73.910192, 40.741972 ], [ -73.911088, 40.742078 ], [ -73.911987, 40.742189 ], [ -73.91295, 40.742307 ], [ -73.91292, 40.742413 ], [ -73.912891, 40.742482 ], [ -73.912853, 40.742542 ], [ -73.912805, 40.742659 ], [ -73.913736, 40.742764 ], [ -73.914009, 40.742795 ], [ -73.914949, 40.742908 ], [ -73.915759, 40.742987 ], [ -73.915878, 40.742998 ], [ -73.915847, 40.743139 ] ] ] ] } },
{ "type": "Feature", "properties": { "congressional district": 10 }, "geometry": { "type": "MultiPolygon", "coordinates": [ [ [ [ -74.040747, 40.700167 ], [ -74.04073, 40.700193 ], [ -74.040697, 40.700215 ], [ -74.040648, 40.700214 ], [ -74.040612, 40.700201 ], [ -74.040569, 40.700188 ], [ -74.040528, 40.700176 ], [ -74.040496, 40.700162 ], [ -74.04046, 40.700149 ], [ -74.040415, 40.700126 ], [ -74.040376, 40.700112 ], [ -74.040329, 40.700101 ], [ -74.040283, 40.700111 ], [ -74.040249, 40.700117 ], [ -74.040187, 40.700114 ], [ -74.040153, 40.700103 ], [ -74.040121, 40.700101 ], [ -74.040082, 40.700092 ], [ -74.040048, 40.700074 ], [ -74.040022, 40.700061 ], [ -74.039994, 40.700041 ], [ -74.039966, 40.700018 ], [ -74.039934, 40.699994 ], [ -74.0399, 40.699981 ], [ -74.039859, 40.699966 ], [ -74.039825, 40.699955 ], [ -74.039783, 40.699952 ], [ -74.039745, 40.69995 ], [ -74.039713, 40.699928 ], [ -74.039689, 40.699899 ], [ -74.039665, 40.699873 ], [ -74.039622, 40.699856 ], [ -74.039586, 40.699853 ], [ -74.039547, 40.699843 ], [ -74.039511, 40.699816 ], [ -74.039477, 40.699782 ], [ -74.039428, 40.699763 ], [ -74.039381, 40.69975 ], [ -74.03933, 40.699727 ], [ -74.039287, 40.699708 ], [ -74.039255, 40.699687 ], [ -74.039163, 40.699677 ], [ -74.039121, 40.699671 ], [ -74.039075, 40.699668 ], [ -74.039024, 40.699662 ], [ -74.03899, 40.699662 ], [ -74.038936, 40.699655 ], [ -74.038893, 40.699625 ], [ -74.03888, 40.699602 ], [ -74.038838, 40.699562 ], [ -74.038815, 40.699532 ], [ -74.038802, 40.699487 ], [ -74.038796, 40.699439 ], [ -74.038783, 40.699406 ], [ -74.038772, 40.699398 ], [ -74.038759, 40.699368 ], [ -74.038742, 40.699335 ], [ -74.038723, 40.699302 ], [ -74.038697, 40.699279 ], [ -74.038664, 40.699263 ], [ -74.038632, 40.699239 ], [ -74.038598, 40.69921 ], [ -74.038561, 40.699193 ], [ -74.038533, 40.699172 ], [ -74.03851, 40.699147 ], [ -74.038494, 40.699115 ], [ -74.038498, 40.699074 ], [ -74.038467, 40.699017 ], [ -74.038459, 40.698981 ], [ -74.038463, 40.698924 ], [ -74.038467, 40.69887 ], [ -74.038455, 40.698825 ], [ -74.038435, 40.698792 ], [ -74.038396, 40.698729 ], [ -74.03838, 40.698714 ], [ -74.038368, 40.698687 ], [ -74.038372, 40.698669 ], [ -74.038392, 40.698666 ], [ -74.03842, 40.698665 ], [ -74.038453, 40.698681 ], [ -74.038505, 40.698702 ], [ -74.038527, 40.698712 ], [ -74.038569, 40.69873 ], [ -74.038606, 40.698718 ], [ -74.038623, 40.698698 ], [ -74.038603, 40.698677 ], [ -74.038621, 40.698671 ], [ -74.038634, 40.698667 ], [ -74.038653, 40.698663 ], [ -74.038681, 40.69866 ], [ -74.038712, 40.698654 ], [ -74.038744, 40.698637 ], [ -74.03878, 40.698636 ], [ -74.038827, 40.698624 ], [ -74.038879, 40.698611 ], [ -74.038925, 40.698607 ], [ -74.03896, 40.698595 ], [ -74.039006, 40.698594 ], [ -74.039061, 40.698597 ], [ -74.039115, 40.698592 ], [ -74.039168, 40.698595 ], [ -74.039205, 40.698604 ], [ -74.039245, 40.698614 ], [ -74.039285, 40.698632 ], [ -74.039317, 40.698665 ], [ -74.039341, 40.698684 ], [ -74.039365, 40.698709 ], [ -74.039376, 40.698731 ], [ -74.039411, 40.698737 ], [ -74.039438, 40.698739 ], [ -74.039469, 40.698752 ], [ -74.039488, 40.698777 ], [ -74.039508, 40.69878 ], [ -74.039538, 40.698787 ], [ -74.039585, 40.69879 ], [ -74.039632, 40.69879 ], [ -74.039651, 40.698795 ], [ -74.03967, 40.698775 ], [ -74.039931, 40.69859 ], [ -74.040078, 40.698715 ], [ -74.040234, 40.698833 ], [ -74.040215, 40.698854 ], [ -74.040145, 40.698897 ], [ -74.040096, 40.698934 ], [ -74.040059, 40.698907 ], [ -74.040044, 40.698903 ], [ -74.040028, 40.698898 ], [ -74.039986, 40.698887 ], [ -74.039951, 40.698882 ], [ -74.03991, 40.698883 ], [ -74.039868, 40.698893 ], [ -74.039824, 40.698911 ], [ -74.039798, 40.698937 ], [ -74.039796, 40.698977 ], [ -74.039817, 40.699009 ], [ -74.039846, 40.699032 ], [ -74.039863, 40.699045 ], [ -74.039899, 40.699068 ], [ -74.039948, 40.699098 ], [ -74.03998, 40.699124 ], [ -74.04007, 40.699172 ], [ -74.040158, 40.699197 ], [ -74.040186, 40.699215 ], [ -74.04019, 40.699245 ], [ -74.04019, 40.699278 ], [ -74.040211, 40.699315 ], [ -74.040243, 40.699333 ], [ -74.040278, 40.699351 ], [ -74.040316, 40.699365 ], [ -74.040351, 40.699375 ], [ -74.040402, 40.699393 ], [ -74.040426, 40.699413 ], [ -74.040438, 40.699438 ], [ -74.040455, 40.699467 ], [ -74.040467, 40.699493 ], [ -74.040466, 40.699528 ], [ -74.04047, 40.699558 ], [ -74.040484, 40.699595 ], [ -74.040512, 40.699627 ], [ -74.040531, 40.699657 ], [ -74.040553, 40.69968 ], [ -74.040578, 40.69971 ], [ -74.0406, 40.699739 ], [ -74.040612, 40.699766 ], [ -74.040617, 40.699803 ], [ -74.040615, 40.699828 ], [ -74.040624, 40.69986 ], [ -74.040644, 40.699883 ], [ -74.040663, 40.699907 ], [ -74.040674, 40.699935 ], [ -74.040674, 40.699962 ], [ -74.040684, 40.699983 ], [ -74.040687, 40.70001 ], [ -74.040691, 40.70005 ], [ -74.040702, 40.700071 ], [ -74.040719, 40.700096 ], [ -74.04074, 40.700131 ], [ -74.040747, 40.700167 ] ] ], [ [ [ -74.047207, 40.690893 ], [ -74.047192, 40.690926 ], [ -74.047187, 40.690937 ], [ -74.047149, 40.690985 ], [ -74.047099, 40.691018 ], [ -74.047041, 40.691041 ], [ -74.046965, 40.691051 ], [ -74.046536, 40.691076 ], [ -74.046487, 40.691078 ], [ -74.046309, 40.69109 ], [ -74.046177, 40.691092 ], [ -74.046164, 40.691098 ], [ -74.046143, 40.691123 ], [ -74.046113, 40.691125 ], [ -74.045982, 40.691109 ], [ -74.04597, 40.691103 ], [ -74.045427, 40.690895 ], [ -74.045034, 40.690731 ], [ -74.04457, 40.690559 ], [ -74.043885, 40.690185 ], [ -74.043863, 40.690166 ], [ -74.043455, 40.68963 ], [ -74.043499, 40.689172 ], [ -74.043619, 40.68876 ], [ -74.043942, 40.688569 ], [ -74.043958, 40.688567 ], [ -74.044132, 40.688538 ], [ -74.044349, 40.688508 ], [ -74.044445, 40.688526 ], [ -74.044717, 40.688576 ], [ -74.044792, 40.68859 ], [ -74.045074, 40.688735 ], [ -74.04537, 40.688878 ], [ -74.046248, 40.689319 ], [ -74.046485, 40.689589 ], [ -74.046911, 40.690082 ], [ -74.046922, 40.690096 ], [ -74.047183, 40.690411 ], [ -74.04715, 40.690427 ], [ -74.047041, 40.690483 ], [ -74.047031, 40.69056 ], [ -74.047027, 40.690589 ], [ -74.047048, 40.690627 ], [ -74.047146, 40.690715 ], [ -74.04719, 40.690786 ], [ -74.047196, 40.690795 ], [ -74.047207, 40.690843 ], [ -74.047207, 40.690893 ] ] ], [ [ [ -74.053046, 40.65598 ], [ -74.051724, 40.658168 ], [ -74.051286, 40.658893 ], [ -74.050735, 40.659807 ], [ -74.050665, 40.659922 ], [ -74.049988, 40.661043 ], [ -74.049631, 40.661634 ], [ -74.048976, 40.662718 ], [ -74.048248, 40.663923 ], [ -74.047956, 40.664407 ], [ -74.047689, 40.664849 ], [ -74.047332, 40.66544 ], [ -74.045971, 40.667694 ], [ -74.045849, 40.667895 ], [ -74.043519, 40.671754 ], [ -74.043451, 40.671867 ], [ -74.042769, 40.672996 ], [ -74.037461, 40.681784 ], [ -74.03579, 40.68455 ], [ -74.035443, 40.685125 ], [ -74.033553, 40.688257 ], [ -74.02639, 40.700103 ], [ -74.026153, 40.701649 ], [ -74.025676, 40.704764 ], [ -74.025294, 40.707262 ], [ -74.025127, 40.708343 ], [ -74.024952, 40.709474 ], [ -74.024679, 40.711269 ], [ -74.024397, 40.713111 ], [ -74.024271, 40.71394 ], [ -74.024131, 40.714843 ], [ -74.023981, 40.715839 ], [ -74.023637, 40.718069 ], [ -74.023066, 40.720414 ], [ -74.023019, 40.720611 ], [ -74.022699, 40.721923 ], [ -74.022289, 40.72361 ], [ -74.022003, 40.724783 ], [ -74.02189, 40.725251 ], [ -74.021862, 40.725363 ], [ -74.021832, 40.725487 ], [ -74.021352, 40.727462 ], [ -74.021332, 40.727543 ], [ -74.021311, 40.727624 ], [ -74.02102, 40.72883 ], [ -74.021, 40.728905 ], [ -74.020968, 40.729037 ], [ -74.020639, 40.730391 ], [ -74.020387, 40.731425 ], [ -74.020062, 40.732759 ], [ -74.019607, 40.73463 ], [ -74.019427, 40.735369 ], [ -74.019321, 40.735807 ], [ -74.019184, 40.736366 ], [ -74.018399, 40.739594 ], [ -74.018136, 40.740667 ], [ -74.017887, 40.741696 ], [ -74.017398, 40.743706 ], [ -74.017344, 40.743929 ], [ -74.017283, 40.74418 ], [ -74.009331, 40.742572 ], [ -74.008893, 40.742384 ], [ -74.008699, 40.742362 ], [ -74.008517, 40.743174 ], [ -74.008372, 40.743969 ], [ -74.008259, 40.744674 ], [ -74.006811, 40.744061 ], [ -74.007238, 40.74347 ], [ -74.004416, 40.742284 ], [ -74.001555, 40.74108 ], [ -74.002019, 40.740444 ], [ -74.001575, 40.740256 ], [ -74.000776, 40.739916 ], [ -74.000062, 40.739614 ], [ -73.999185, 40.739243 ], [ -73.998713, 40.739881 ], [ -73.998287, 40.74047 ], [ -73.997862, 40.741056 ], [ -73.995018, 40.73986 ], [ -73.995446, 40.739272 ], [ -73.992225, 40.737917 ], [ -73.990331, 40.737132 ], [ -73.990752, 40.736531 ], [ -73.990929, 40.736284 ], [ -73.991109, 40.736031 ], [ -73.991211, 40.735888 ], [ -73.991715, 40.735215 ], [ -73.991198, 40.735011 ], [ -73.990754, 40.734839 ], [ -73.989903, 40.734435 ], [ -73.98995, 40.734902 ], [ -73.989957, 40.735052 ], [ -73.989946, 40.735201 ], [ -73.989933, 40.735275 ], [ -73.989916, 40.735349 ], [ -73.988286, 40.734659 ], [ -73.988779, 40.733966 ], [ -73.988402, 40.733807 ], [ -73.987616, 40.733476 ], [ -73.987578, 40.73346 ], [ -73.98718, 40.733292 ], [ -73.986954, 40.733602 ], [ -73.986679, 40.733978 ], [ -73.985545, 40.733499 ], [ -73.985242, 40.733372 ], [ -73.984773, 40.734012 ], [ -73.984347, 40.734598 ], [ -73.983549, 40.734261 ], [ -73.984441, 40.733033 ], [ -73.984941, 40.732347 ], [ -73.985444, 40.731658 ], [ -73.983077, 40.730659 ], [ -73.980858, 40.729725 ], [ -73.981325, 40.729086 ], [ -73.978998, 40.728106 ], [ -73.978536, 40.728746 ], [ -73.978001, 40.729429 ], [ -73.975696, 40.728475 ], [ -73.973298, 40.727428 ], [ -73.97205, 40.726881 ], [ -73.971977, 40.72683 ], [ -73.971857, 40.726759 ], [ -73.971396, 40.726662 ], [ -73.969293, 40.725812 ], [ -73.962645, 40.722747 ], [ -73.962787, 40.722562 ], [ -73.96355, 40.721571 ], [ -73.96373, 40.721339 ], [ -73.964038, 40.720939 ], [ -73.964676, 40.72011 ], [ -73.965086, 40.719581 ], [ -73.965206, 40.719425 ], [ -73.965572, 40.71895 ], [ -73.965704, 40.718779 ], [ -73.96613, 40.718331 ], [ -73.966249, 40.718205 ], [ -73.966477, 40.717955 ], [ -73.966511, 40.717917 ], [ -73.966613, 40.717806 ], [ -73.966671, 40.717743 ], [ -73.966836, 40.717564 ], [ -73.967578, 40.716496 ], [ -73.967716, 40.71604 ], [ -73.967999, 40.715106 ], [ -73.968041, 40.714966 ], [ -73.96837, 40.714127 ], [ -73.968469, 40.712999 ], [ -73.968819, 40.712686 ], [ -73.968861, 40.71265 ], [ -73.968895, 40.71262 ], [ -73.968945, 40.712575 ], [ -73.968993, 40.712533 ], [ -73.969021, 40.712508 ], [ -73.96905, 40.712482 ], [ -73.969072, 40.712385 ], [ -73.969128, 40.712144 ], [ -73.969612, 40.71016 ], [ -73.969941, 40.70931 ], [ -73.969888, 40.70877 ], [ -73.969845, 40.707988 ], [ -73.969613, 40.707634 ], [ -73.970141, 40.707407 ], [ -73.970236, 40.707367 ], [ -73.970318, 40.707332 ], [ -73.970573, 40.707555 ], [ -73.972309, 40.709071 ], [ -73.972789, 40.709378 ], [ -73.97306, 40.709179 ], [ -73.973243, 40.709044 ], [ -73.974264, 40.708298 ], [ -73.974431, 40.708169 ], [ -73.974554, 40.708079 ], [ -73.97482, 40.707883 ], [ -73.97502, 40.707736 ], [ -73.975476, 40.707492 ], [ -73.979069, 40.705963 ], [ -73.979233, 40.705769 ], [ -73.979372, 40.705443 ], [ -73.979171, 40.705301 ], [ -73.979168, 40.705279 ], [ -73.979328, 40.704746 ], [ -73.979466, 40.704462 ], [ -73.979603, 40.704177 ], [ -73.979988, 40.703541 ], [ -73.980224, 40.703063 ], [ -73.980339, 40.702659 ], [ -73.980141, 40.702386 ], [ -73.980511, 40.702048 ], [ -73.980649, 40.701561 ], [ -73.980729, 40.701268 ], [ -73.98285, 40.701359 ], [ -73.984761, 40.701439 ], [ -73.984827, 40.700577 ], [ -73.985443, 40.70059 ], [ -73.985634, 40.700595 ], [ -73.986601, 40.700621 ], [ -73.986798, 40.700617 ], [ -73.986797, 40.700477 ], [ -73.986804, 40.70021 ], [ -73.986808, 40.700084 ], [ -73.986813, 40.699956 ], [ -73.986901, 40.699221 ], [ -73.98694, 40.698781 ], [ -73.986943, 40.698753 ], [ -73.986947, 40.698713 ], [ -73.986969, 40.698504 ], [ -73.987022, 40.697682 ], [ -73.987033, 40.697433 ], [ -73.98704, 40.69728 ], [ -73.987063, 40.69684 ], [ -73.9871, 40.69622 ], [ -73.987109, 40.696025 ], [ -73.987162, 40.694961 ], [ -73.987202, 40.693784 ], [ -73.987254, 40.693125 ], [ -73.987299, 40.692234 ], [ -73.986272, 40.692195 ], [ -73.985279, 40.692158 ], [ -73.985363, 40.690667 ], [ -73.985105, 40.690561 ], [ -73.984433, 40.690292 ], [ -73.984341, 40.692121 ], [ -73.983403, 40.692087 ], [ -73.98265, 40.692058 ], [ -73.982452, 40.69205 ], [ -73.982079, 40.691292 ], [ -73.98136, 40.689928 ], [ -73.981567, 40.689937 ], [ -73.982664, 40.689983 ], [ -73.982794, 40.689891 ], [ -73.982893, 40.689674 ], [ -73.982009, 40.689322 ], [ -73.981068, 40.688945 ], [ -73.98087, 40.688866 ], [ -73.980813, 40.688775 ], [ -73.980647, 40.688523 ], [ -73.980559, 40.688351 ], [ -73.979841, 40.687345 ], [ -73.97959, 40.687004 ], [ -73.979363, 40.686682 ], [ -73.979057, 40.686713 ], [ -73.978208, 40.68682 ], [ -73.978347, 40.687872 ], [ -73.977498, 40.687535 ], [ -73.976592, 40.687184 ], [ -73.976545, 40.686994 ], [ -73.976206, 40.687025 ], [ -73.97559, 40.687086 ], [ -73.974616, 40.687191 ], [ -73.973648, 40.687303 ], [ -73.973413, 40.686089 ], [ -73.973374, 40.685885 ], [ -73.973119, 40.685781 ], [ -73.972848, 40.685675 ], [ -73.972274, 40.685443 ], [ -73.972113, 40.684569 ], [ -73.972067, 40.684318 ], [ -73.972057, 40.684261 ], [ -73.971987, 40.683906 ], [ -73.971742, 40.682646 ], [ -73.97064, 40.682414 ], [ -73.96978, 40.682235 ], [ -73.968664, 40.682 ], [ -73.967477, 40.681754 ], [ -73.967678, 40.680955 ], [ -73.967954, 40.680189 ], [ -73.965067, 40.679586 ], [ -73.964073, 40.679379 ], [ -73.961957, 40.678934 ], [ -73.958845, 40.678282 ], [ -73.959124, 40.677514 ], [ -73.962229, 40.678166 ], [ -73.962547, 40.677287 ], [ -73.963709, 40.677527 ], [ -73.963529, 40.676547 ], [ -73.963331, 40.675561 ], [ -73.963183, 40.675529 ], [ -73.960074, 40.674878 ], [ -73.960393, 40.673999 ], [ -73.960709, 40.673122 ], [ -73.961029, 40.672244 ], [ -73.962754, 40.6726 ], [ -73.962652, 40.671847 ], [ -73.962622, 40.671629 ], [ -73.962576, 40.671415 ], [ -73.962194, 40.669641 ], [ -73.962111, 40.669195 ], [ -73.961996, 40.668663 ], [ -73.961806, 40.667681 ], [ -73.960322, 40.667364 ], [ -73.960665, 40.666492 ], [ -73.961258, 40.664802 ], [ -73.961108, 40.664063 ], [ -73.960956, 40.663285 ], [ -73.961939, 40.663224 ], [ -73.962429, 40.663125 ], [ -73.962884, 40.662622 ], [ -73.96295, 40.66253 ], [ -73.963011, 40.662416 ], [ -73.963052, 40.662298 ], [ -73.963075, 40.66217 ], [ -73.963077, 40.66213 ], [ -73.962814, 40.660504 ], [ -73.962462, 40.658425 ], [ -73.962444, 40.658315 ], [ -73.9619, 40.654871 ], [ -73.964145, 40.653995 ], [ -73.966213, 40.653189 ], [ -73.965751, 40.6525 ], [ -73.965242, 40.651742 ], [ -73.964654, 40.650887 ], [ -73.965262, 40.650642 ], [ -73.966145, 40.650298 ], [ -73.967028, 40.649948 ], [ -73.96791, 40.649599 ], [ -73.968793, 40.649249 ], [ -73.969672, 40.648898 ], [ -73.970693, 40.648497 ], [ -73.971397, 40.648258 ], [ -73.971211, 40.64762 ], [ -73.972526, 40.647112 ], [ -73.971744, 40.646001 ], [ -73.972086, 40.645863 ], [ -73.973101, 40.645451 ], [ -73.973347, 40.646793 ], [ -73.973504, 40.647595 ], [ -73.974731, 40.647773 ], [ -73.974959, 40.647796 ], [ -73.975176, 40.647818 ], [ -73.976336, 40.647728 ], [ -73.977263, 40.647628 ], [ -73.978191, 40.647526 ], [ -73.979118, 40.647428 ], [ -73.980291, 40.647297 ], [ -73.980364, 40.647694 ], [ -73.981315, 40.64732 ], [ -73.981805, 40.647128 ], [ -73.98231, 40.646927 ], [ -73.983073, 40.646625 ], [ -73.985284, 40.645768 ], [ -73.984829, 40.645084 ], [ -73.984402, 40.644447 ], [ -73.983976, 40.643812 ], [ -73.983548, 40.643176 ], [ -73.983119, 40.64254 ], [ -73.984303, 40.642085 ], [ -73.983316, 40.641479 ], [ -73.982994, 40.641325 ], [ -73.982337, 40.640976 ], [ -73.982921, 40.640416 ], [ -73.983178, 40.640169 ], [ -73.983502, 40.639857 ], [ -73.984088, 40.639297 ], [ -73.984672, 40.638735 ], [ -73.985252, 40.638175 ], [ -73.98554, 40.637898 ], [ -73.985836, 40.637616 ], [ -73.986419, 40.637056 ], [ -73.987002, 40.636496 ], [ -73.987585, 40.635937 ], [ -73.988167, 40.635374 ], [ -73.988751, 40.634816 ], [ -73.986548, 40.633487 ], [ -73.987132, 40.632927 ], [ -73.987713, 40.632366 ], [ -73.988296, 40.631804 ], [ -73.988879, 40.631247 ], [ -73.989462, 40.630686 ], [ -73.991664, 40.632016 ], [ -73.992246, 40.631456 ], [ -73.992828, 40.630898 ], [ -73.993413, 40.630336 ], [ -73.993995, 40.629776 ], [ -73.994578, 40.629216 ], [ -73.995161, 40.628656 ], [ -73.995743, 40.628097 ], [ -73.996348, 40.627511 ], [ -73.996702, 40.627172 ], [ -73.996953, 40.626931 ], [ -73.996788, 40.626826 ], [ -73.996878, 40.62653 ], [ -73.997017, 40.626062 ], [ -73.997241, 40.625289 ], [ -73.998117, 40.625816 ], [ -74.000314, 40.627145 ], [ -74.000895, 40.626584 ], [ -74.003099, 40.627916 ], [ -74.002515, 40.628475 ], [ -74.004718, 40.629804 ], [ -74.005298, 40.629246 ], [ -74.007503, 40.630576 ], [ -74.008128, 40.629974 ], [ -74.008754, 40.629371 ], [ -74.010004, 40.630113 ], [ -74.0107, 40.629646 ], [ -74.011428, 40.629162 ], [ -74.012122, 40.629583 ], [ -74.014323, 40.630911 ], [ -74.014903, 40.630353 ], [ -74.016048, 40.631033 ], [ -74.016223, 40.631145 ], [ -74.016458, 40.631297 ], [ -74.016502, 40.631326 ], [ -74.016696, 40.631454 ], [ -74.016956, 40.631622 ], [ -74.018448, 40.632296 ], [ -74.01853, 40.632334 ], [ -74.019736, 40.632885 ], [ -74.021012, 40.633469 ], [ -74.021217, 40.633562 ], [ -74.023035, 40.634395 ], [ -74.02324, 40.634489 ], [ -74.023518, 40.634616 ], [ -74.026039, 40.635741 ], [ -74.027888, 40.636309 ], [ -74.028658, 40.636546 ], [ -74.028279, 40.637468 ], [ -74.030165, 40.638052 ], [ -74.030891, 40.638279 ], [ -74.031609, 40.638502 ], [ -74.033502, 40.639089 ], [ -74.034382, 40.639355 ], [ -74.035589, 40.639763 ], [ -74.035958, 40.638821 ], [ -74.036426, 40.638984 ], [ -74.036508, 40.639012 ], [ -74.036546, 40.638912 ], [ -74.036773, 40.63837 ], [ -74.03714, 40.638288 ], [ -74.036725, 40.639141 ], [ -74.036761, 40.639189 ], [ -74.036731, 40.639238 ], [ -74.036682, 40.639325 ], [ -74.03661, 40.639428 ], [ -74.036549, 40.639525 ], [ -74.036477, 40.63965 ], [ -74.036433, 40.639723 ], [ -74.036395, 40.639785 ], [ -74.036306, 40.639929 ], [ -74.036223, 40.640064 ], [ -74.036137, 40.640187 ], [ -74.036074, 40.640265 ], [ -74.03602, 40.64035 ], [ -74.035983, 40.640396 ], [ -74.035949, 40.640435 ], [ -74.035865, 40.640534 ], [ -74.035807, 40.640584 ], [ -74.035758, 40.64063 ], [ -74.035762, 40.640663 ], [ -74.035787, 40.640707 ], [ -74.035847, 40.640782 ], [ -74.035913, 40.640822 ], [ -74.035983, 40.640903 ], [ -74.036087, 40.640969 ], [ -74.036212, 40.641031 ], [ -74.036337, 40.64111 ], [ -74.036456, 40.641175 ], [ -74.036522, 40.64123 ], [ -74.03666, 40.641348 ], [ -74.036751, 40.641409 ], [ -74.036802, 40.641478 ], [ -74.036797, 40.641575 ], [ -74.036744, 40.641672 ], [ -74.036662, 40.641757 ], [ -74.036485, 40.641922 ], [ -74.03641, 40.642018 ], [ -74.036349, 40.642082 ], [ -74.036247, 40.642165 ], [ -74.036187, 40.6422 ], [ -74.03612, 40.642219 ], [ -74.034605, 40.643671 ], [ -74.034444, 40.643825 ], [ -74.034527, 40.643875 ], [ -74.034073, 40.644312 ], [ -74.033421, 40.643924 ], [ -74.033337, 40.643873 ], [ -74.032866, 40.643587 ], [ -74.032644, 40.6438 ], [ -74.053229, 40.655657 ], [ -74.053046, 40.65598 ] ] ] ] } },
{ "type": "Feature", "properties": { "congressional district": 15 }, "geometry": { "type": "MultiPolygon", "coordinates": [ [ [ [ -73.933808, 40.882214 ], [ -73.933652, 40.882463 ], [ -73.932573, 40.88421 ], [ -73.931729, 40.885578 ], [ -73.929821, 40.888682 ], [ -73.929455, 40.889622 ], [ -73.929428, 40.889692 ], [ -73.929187, 40.890308 ], [ -73.928294, 40.892562 ], [ -73.927242, 40.895198 ], [ -73.927119, 40.895496 ], [ -73.926549, 40.896879 ], [ -73.925922, 40.898477 ], [ -73.925665, 40.899151 ], [ -73.924953, 40.901018 ], [ -73.924235, 40.902736 ], [ -73.923842, 40.903675 ], [ -73.923307, 40.905062 ], [ -73.922467, 40.907236 ], [ -73.921241, 40.910323 ], [ -73.920968, 40.911013 ], [ -73.919946, 40.913592 ], [ -73.919934, 40.913623 ], [ -73.919431, 40.914892 ], [ -73.91921, 40.915449 ], [ -73.918347, 40.91763 ], [ -73.918317, 40.917705 ], [ -73.910808, 40.915372 ], [ -73.910516, 40.915282 ], [ -73.910279, 40.915187 ], [ -73.910006, 40.915076 ], [ -73.909496, 40.914931 ], [ -73.909471, 40.914924 ], [ -73.90884, 40.914754 ], [ -73.908814, 40.914747 ], [ -73.908328, 40.914616 ], [ -73.908302, 40.914609 ], [ -73.905947, 40.913948 ], [ -73.905911, 40.913938 ], [ -73.904194, 40.91346 ], [ -73.903806, 40.913353 ], [ -73.902454, 40.912979 ], [ -73.902106, 40.912879 ], [ -73.900697, 40.912381 ], [ -73.89997, 40.912132 ], [ -73.899789, 40.912072 ], [ -73.899505, 40.911978 ], [ -73.898682, 40.911871 ], [ -73.89812, 40.911798 ], [ -73.897424, 40.911693 ], [ -73.89736, 40.911672 ], [ -73.897253, 40.911655 ], [ -73.896634, 40.911324 ], [ -73.896543, 40.911293 ], [ -73.892799, 40.910058 ], [ -73.892205, 40.909878 ], [ -73.891928, 40.909809 ], [ -73.891805, 40.909778 ], [ -73.888394, 40.90872 ], [ -73.887984, 40.908593 ], [ -73.886237, 40.908052 ], [ -73.886165, 40.90803 ], [ -73.886124, 40.908016 ], [ -73.88601, 40.907979 ], [ -73.885401, 40.907977 ], [ -73.884832, 40.907723 ], [ -73.884726, 40.907685 ], [ -73.884246, 40.907512 ], [ -73.884127, 40.907503 ], [ -73.884106, 40.907501 ], [ -73.884054, 40.907497 ], [ -73.882993, 40.907423 ], [ -73.882829, 40.907382 ], [ -73.881825, 40.907134 ], [ -73.881443, 40.907004 ], [ -73.880929, 40.90683 ], [ -73.880637, 40.906745 ], [ -73.880111, 40.906591 ], [ -73.879531, 40.906441 ], [ -73.879239, 40.906365 ], [ -73.878827, 40.906188 ], [ -73.87835, 40.905983 ], [ -73.87822, 40.905983 ], [ -73.878189, 40.905983 ], [ -73.878012, 40.905965 ], [ -73.877855, 40.905922 ], [ -73.877741, 40.905888 ], [ -73.877628, 40.905854 ], [ -73.876588, 40.905539 ], [ -73.876455, 40.905497 ], [ -73.876229, 40.90543 ], [ -73.875599, 40.905244 ], [ -73.875559, 40.905232 ], [ -73.874797, 40.90501 ], [ -73.874623, 40.90496 ], [ -73.874087, 40.904807 ], [ -73.873949, 40.904767 ], [ -73.872913, 40.904467 ], [ -73.872735, 40.904415 ], [ -73.87094, 40.903887 ], [ -73.870731, 40.903826 ], [ -73.869046, 40.903333 ], [ -73.867876, 40.902983 ], [ -73.866952, 40.902475 ], [ -73.865635, 40.902086 ], [ -73.865268, 40.901962 ], [ -73.865256, 40.901949 ], [ -73.864669, 40.901793 ], [ -73.862879, 40.901538 ], [ -73.86286, 40.901525 ], [ -73.862643, 40.901474 ], [ -73.862557, 40.901427 ], [ -73.862401, 40.901341 ], [ -73.862041, 40.901203 ], [ -73.86159, 40.901051 ], [ -73.860956, 40.900846 ], [ -73.860775, 40.900787 ], [ -73.860321, 40.900638 ], [ -73.860257, 40.900616 ], [ -73.860104, 40.900578 ], [ -73.860006, 40.900565 ], [ -73.859633, 40.900458 ], [ -73.859393, 40.900381 ], [ -73.859258, 40.900338 ], [ -73.858883, 40.900222 ], [ -73.858626, 40.900136 ], [ -73.859478, 40.898882 ], [ -73.86053, 40.897348 ], [ -73.860557, 40.897193 ], [ -73.86053, 40.897071 ], [ -73.860402, 40.896949 ], [ -73.860262, 40.896867 ], [ -73.859873, 40.896751 ], [ -73.860711, 40.895371 ], [ -73.86136, 40.894663 ], [ -73.862051, 40.893143 ], [ -73.862156, 40.892911 ], [ -73.862196, 40.892823 ], [ -73.862291, 40.892614 ], [ -73.862652, 40.891822 ], [ -73.863044, 40.891116 ], [ -73.863863, 40.88975 ], [ -73.8646, 40.8883 ], [ -73.863728, 40.888017 ], [ -73.864117, 40.88731 ], [ -73.861248, 40.886396 ], [ -73.861459, 40.886016 ], [ -73.86164, 40.885693 ], [ -73.85876, 40.884777 ], [ -73.858667, 40.884945 ], [ -73.858602, 40.885062 ], [ -73.858373, 40.885481 ], [ -73.855497, 40.884566 ], [ -73.852806, 40.88371 ], [ -73.852997, 40.883407 ], [ -73.853061, 40.883307 ], [ -73.852586, 40.883174 ], [ -73.852543, 40.883243 ], [ -73.850934, 40.882717 ], [ -73.851129, 40.882345 ], [ -73.850651, 40.882192 ], [ -73.848748, 40.881439 ], [ -73.847545, 40.880931 ], [ -73.847269, 40.881282 ], [ -73.847026, 40.881593 ], [ -73.846576, 40.882211 ], [ -73.846359, 40.882206 ], [ -73.845143, 40.881761 ], [ -73.845233, 40.881636 ], [ -73.844586, 40.881358 ], [ -73.843798, 40.881021 ], [ -73.843372, 40.881658 ], [ -73.842109, 40.881977 ], [ -73.841271, 40.882192 ], [ -73.840417, 40.8824 ], [ -73.83951, 40.88263 ], [ -73.838538, 40.882872 ], [ -73.837645, 40.883097 ], [ -73.836779, 40.883334 ], [ -73.836218, 40.882393 ], [ -73.835751, 40.881963 ], [ -73.835399, 40.882392 ], [ -73.834725, 40.881388 ], [ -73.834034, 40.880275 ], [ -73.834882, 40.879979 ], [ -73.834504, 40.879231 ], [ -73.834, 40.878388 ], [ -73.834422, 40.877403 ], [ -73.834502, 40.877227 ], [ -73.834666, 40.876612 ], [ -73.834789, 40.876079 ], [ -73.834881, 40.875505 ], [ -73.834881, 40.874429 ], [ -73.83475, 40.873743 ], [ -73.834494, 40.872558 ], [ -73.834337, 40.872027 ], [ -73.834013, 40.871172 ], [ -73.833631, 40.870146 ], [ -73.833385, 40.868947 ], [ -73.83316, 40.86832 ], [ -73.83273, 40.868457 ], [ -73.83259, 40.868501 ], [ -73.832186, 40.867726 ], [ -73.831783, 40.86695 ], [ -73.831474, 40.86636 ], [ -73.830372, 40.864469 ], [ -73.830574, 40.864374 ], [ -73.829809, 40.862583 ], [ -73.829594, 40.862173 ], [ -73.831602, 40.862628 ], [ -73.835907, 40.865077 ], [ -73.836431, 40.865356 ], [ -73.836971, 40.865643 ], [ -73.837844, 40.866099 ], [ -73.838752, 40.866572 ], [ -73.83922, 40.866821 ], [ -73.839743, 40.867088 ], [ -73.840644, 40.867554 ], [ -73.840747, 40.865162 ], [ -73.840823, 40.862719 ], [ -73.841765, 40.862737 ], [ -73.841742, 40.863531 ], [ -73.843408, 40.863561 ], [ -73.843434, 40.862768 ], [ -73.843198, 40.860897 ], [ -73.843003, 40.859502 ], [ -73.844538, 40.859632 ], [ -73.845482, 40.859703 ], [ -73.846422, 40.859775 ], [ -73.84736, 40.859794 ], [ -73.848297, 40.859811 ], [ -73.848337, 40.858702 ], [ -73.849309, 40.858718 ], [ -73.849338, 40.85816 ], [ -73.849354, 40.857633 ], [ -73.849359, 40.857497 ], [ -73.849386, 40.856857 ], [ -73.850096, 40.856347 ], [ -73.849483, 40.855815 ], [ -73.85064, 40.855074 ], [ -73.850178, 40.854474 ], [ -73.848901, 40.855289 ], [ -73.848288, 40.854731 ], [ -73.84808, 40.85451 ], [ -73.848031, 40.854404 ], [ -73.848003, 40.854291 ], [ -73.848011, 40.853951 ], [ -73.848062, 40.853239 ], [ -73.84811, 40.852612 ], [ -73.848742, 40.852644 ], [ -73.849422, 40.852119 ], [ -73.850109, 40.851599 ], [ -73.849689, 40.851059 ], [ -73.850499, 40.850696 ], [ -73.851368, 40.850304 ], [ -73.852242, 40.849911 ], [ -73.853046, 40.849547 ], [ -73.853853, 40.849184 ], [ -73.854663, 40.848821 ], [ -73.85521, 40.848573 ], [ -73.855405, 40.848486 ], [ -73.855468, 40.848458 ], [ -73.856279, 40.848093 ], [ -73.857086, 40.847729 ], [ -73.857895, 40.847364 ], [ -73.858702, 40.847 ], [ -73.85944, 40.846659 ], [ -73.859012, 40.845915 ], [ -73.858654, 40.845286 ], [ -73.861195, 40.844714 ], [ -73.861443, 40.84541 ], [ -73.861707, 40.84614 ], [ -73.862585, 40.845961 ], [ -73.863451, 40.845778 ], [ -73.864323, 40.845596 ], [ -73.865194, 40.845415 ], [ -73.866119, 40.845223 ], [ -73.866879, 40.845066 ], [ -73.867788, 40.844875 ], [ -73.868019, 40.844841 ], [ -73.868127, 40.844787 ], [ -73.868892, 40.84441 ], [ -73.869595, 40.843981 ], [ -73.870301, 40.843549 ], [ -73.870995, 40.843112 ], [ -73.871534, 40.842514 ], [ -73.872253, 40.841601 ], [ -73.872469, 40.841316 ], [ -73.872808, 40.840869 ], [ -73.874166, 40.841366 ], [ -73.874591, 40.841521 ], [ -73.876085, 40.842065 ], [ -73.876502, 40.841401 ], [ -73.876908, 40.840755 ], [ -73.877415, 40.839988 ], [ -73.877914, 40.839971 ], [ -73.878364, 40.839997 ], [ -73.87866, 40.84002 ], [ -73.87973, 40.840042 ], [ -73.880163, 40.839998 ], [ -73.880423, 40.840071 ], [ -73.881494, 40.839693 ], [ -73.882094, 40.839587 ], [ -73.882494, 40.839576 ], [ -73.882907, 40.839603 ], [ -73.883811, 40.839469 ], [ -73.883468, 40.839057 ], [ -73.883565, 40.838986 ], [ -73.883739, 40.838846 ], [ -73.884817, 40.836977 ], [ -73.885107, 40.836475 ], [ -73.885964, 40.836769 ], [ -73.886963, 40.835096 ], [ -73.887948, 40.833447 ], [ -73.888936, 40.831798 ], [ -73.88906, 40.831584 ], [ -73.889093, 40.831527 ], [ -73.889912, 40.830124 ], [ -73.889935, 40.828706 ], [ -73.890878, 40.82863 ], [ -73.891891, 40.828547 ], [ -73.892903, 40.828467 ], [ -73.893843, 40.828392 ], [ -73.893833, 40.82967 ], [ -73.894269, 40.829211 ], [ -73.895058, 40.828388 ], [ -73.895226, 40.828213 ], [ -73.895292, 40.828143 ], [ -73.896222, 40.82717 ], [ -73.895824, 40.825995 ], [ -73.896839, 40.825991 ], [ -73.896861, 40.823848 ], [ -73.895847, 40.823892 ], [ -73.895932, 40.823784 ], [ -73.895937, 40.823569 ], [ -73.896215, 40.823578 ], [ -73.896316, 40.823533 ], [ -73.896685, 40.823534 ], [ -73.896685, 40.82349 ], [ -73.896864, 40.823492 ], [ -73.896878, 40.822118 ], [ -73.897864, 40.821598 ], [ -73.898985, 40.821038 ], [ -73.89986, 40.820563 ], [ -73.899869, 40.819477 ], [ -73.899918, 40.818687 ], [ -73.900023, 40.818595 ], [ -73.899818, 40.81847 ], [ -73.899285, 40.818147 ], [ -73.899622, 40.817822 ], [ -73.900721, 40.816764 ], [ -73.900922, 40.816724 ], [ -73.902835, 40.816307 ], [ -73.90301, 40.816318 ], [ -73.903065, 40.816107 ], [ -73.90347, 40.815075 ], [ -73.903804, 40.814132 ], [ -73.904183, 40.813087 ], [ -73.904466, 40.812282 ], [ -73.90418, 40.812125 ], [ -73.903417, 40.811507 ], [ -73.903243, 40.810713 ], [ -73.903074, 40.80988 ], [ -73.903057, 40.809783 ], [ -73.903042, 40.809697 ], [ -73.90303, 40.809631 ], [ -73.903002, 40.809486 ], [ -73.902988, 40.809364 ], [ -73.902952, 40.809146 ], [ -73.902433, 40.806584 ], [ -73.902294, 40.805935 ], [ -73.902184, 40.804877 ], [ -73.902392, 40.804624 ], [ -73.902293, 40.804554 ], [ -73.90247, 40.804384 ], [ -73.902612, 40.804426 ], [ -73.903347, 40.803847 ], [ -73.903707, 40.803811 ], [ -73.904584, 40.803111 ], [ -73.904881, 40.802793 ], [ -73.905106, 40.802518 ], [ -73.905885, 40.801712 ], [ -73.906181, 40.801496 ], [ -73.90853, 40.799092 ], [ -73.909885, 40.797995 ], [ -73.91141, 40.796686 ], [ -73.913624, 40.796786 ], [ -73.913802, 40.796834 ], [ -73.913903, 40.796843 ], [ -73.914462, 40.797042 ], [ -73.915754, 40.797589 ], [ -73.916252, 40.797838 ], [ -73.916306, 40.797881 ], [ -73.918669, 40.798801 ], [ -73.918812, 40.798853 ], [ -73.918901, 40.798903 ], [ -73.919053, 40.798988 ], [ -73.919098, 40.799013 ], [ -73.919861, 40.799353 ], [ -73.920357, 40.799672 ], [ -73.920728, 40.800101 ], [ -73.921052, 40.800642 ], [ -73.921204, 40.801011 ], [ -73.921622, 40.801447 ], [ -73.921742, 40.801689 ], [ -73.92234, 40.801962 ], [ -73.923022, 40.802425 ], [ -73.923633, 40.802554 ], [ -73.923748, 40.802548 ], [ -73.923801, 40.802504 ], [ -73.924069, 40.802468 ], [ -73.925081, 40.802521 ], [ -73.926419, 40.802476 ], [ -73.926562, 40.802476 ], [ -73.926737, 40.8025 ], [ -73.92725, 40.802558 ], [ -73.927525, 40.802764 ], [ -73.928225, 40.80385 ], [ -73.928401, 40.804106 ], [ -73.929986, 40.805793 ], [ -73.930347, 40.806196 ], [ -73.930406, 40.806479 ], [ -73.931166, 40.807205 ], [ -73.931801, 40.807876 ], [ -73.931825, 40.807902 ], [ -73.932112, 40.808182 ], [ -73.932346, 40.808586 ], [ -73.932477, 40.808864 ], [ -73.93257, 40.809256 ], [ -73.932586, 40.809676 ], [ -73.932615, 40.810015 ], [ -73.93263, 40.810606 ], [ -73.932605, 40.811517 ], [ -73.932602, 40.811988 ], [ -73.932493, 40.812884 ], [ -73.932425, 40.813566 ], [ -73.932417, 40.814025 ], [ -73.93241, 40.81406 ], [ -73.932401, 40.814151 ], [ -73.932396, 40.814195 ], [ -73.932394, 40.814217 ], [ -73.93239, 40.814254 ], [ -73.93238, 40.814319 ], [ -73.932368, 40.814399 ], [ -73.932365, 40.814591 ], [ -73.932356, 40.81468 ], [ -73.932349, 40.814754 ], [ -73.932333, 40.814923 ], [ -73.932333, 40.8151 ], [ -73.932263, 40.818002 ], [ -73.932325, 40.819463 ], [ -73.932327, 40.81949 ], [ -73.932327, 40.819503 ], [ -73.932329, 40.819554 ], [ -73.932333, 40.819654 ], [ -73.932401, 40.821193 ], [ -73.932407, 40.821284 ], [ -73.932425, 40.821561 ], [ -73.932468, 40.822203 ], [ -73.932491, 40.822554 ], [ -73.93252, 40.8228 ], [ -73.932538, 40.823051 ], [ -73.932567, 40.82325 ], [ -73.932568, 40.823488 ], [ -73.932591, 40.823666 ], [ -73.932632, 40.824134 ], [ -73.932643, 40.824356 ], [ -73.932661, 40.824538 ], [ -73.932719, 40.825116 ], [ -73.932728, 40.825183 ], [ -73.932736, 40.82529 ], [ -73.932749, 40.825386 ], [ -73.932749, 40.825439 ], [ -73.932749, 40.825492 ], [ -73.932781, 40.825715 ], [ -73.932793, 40.82583 ], [ -73.932813, 40.825941 ], [ -73.932825, 40.826078 ], [ -73.932898, 40.826558 ], [ -73.933003, 40.827676 ], [ -73.933021, 40.827834 ], [ -73.933033, 40.827913 ], [ -73.933047, 40.827995 ], [ -73.933059, 40.828156 ], [ -73.933062, 40.828202 ], [ -73.933074, 40.828275 ], [ -73.93314, 40.828629 ], [ -73.93316, 40.828886 ], [ -73.933182, 40.828985 ], [ -73.933193, 40.829161 ], [ -73.933263, 40.829504 ], [ -73.933417, 40.831377 ], [ -73.933459, 40.833184 ], [ -73.933144, 40.834815 ], [ -73.933006, 40.835679 ], [ -73.930654, 40.839599 ], [ -73.930606, 40.839679 ], [ -73.930406, 40.840279 ], [ -73.930368, 40.84065 ], [ -73.930039, 40.84125 ], [ -73.929727, 40.841849 ], [ -73.929579, 40.842047 ], [ -73.929695, 40.842195 ], [ -73.929635, 40.842256 ], [ -73.929609, 40.84228 ], [ -73.929597, 40.842292 ], [ -73.929503, 40.842381 ], [ -73.929006, 40.844079 ], [ -73.928253, 40.845335 ], [ -73.928245, 40.845349 ], [ -73.928159, 40.845492 ], [ -73.92815, 40.845507 ], [ -73.928106, 40.845579 ], [ -73.928032, 40.84567 ], [ -73.927397, 40.846436 ], [ -73.927296, 40.846557 ], [ -73.925036, 40.84918 ], [ -73.923904, 40.850488 ], [ -73.923472, 40.850382 ], [ -73.923305, 40.850341 ], [ -73.92281, 40.850221 ], [ -73.922618, 40.850173 ], [ -73.92242, 40.850123 ], [ -73.922288, 40.850277 ], [ -73.921633, 40.850057 ], [ -73.921282, 40.849992 ], [ -73.920319, 40.849804 ], [ -73.921278, 40.848648 ], [ -73.920482, 40.848264 ], [ -73.91968, 40.847902 ], [ -73.919241, 40.848423 ], [ -73.918409, 40.84944 ], [ -73.917286, 40.849189 ], [ -73.916051, 40.850043 ], [ -73.916127, 40.849006 ], [ -73.916142, 40.848878 ], [ -73.916174, 40.848289 ], [ -73.914426, 40.847964 ], [ -73.913968, 40.848609 ], [ -73.912875, 40.850125 ], [ -73.912731, 40.85017 ], [ -73.912482, 40.850378 ], [ -73.912291, 40.85061 ], [ -73.912212, 40.850781 ], [ -73.912172, 40.850943 ], [ -73.912113, 40.851092 ], [ -73.911947, 40.851353 ], [ -73.911844, 40.851445 ], [ -73.911536, 40.851692 ], [ -73.911453, 40.85174 ], [ -73.911322, 40.851805 ], [ -73.911025, 40.851906 ], [ -73.910777, 40.851939 ], [ -73.910175, 40.851983 ], [ -73.909864, 40.851958 ], [ -73.909531, 40.851902 ], [ -73.909215, 40.851801 ], [ -73.908418, 40.852644 ], [ -73.907333, 40.853816 ], [ -73.90557, 40.855787 ], [ -73.905222, 40.856204 ], [ -73.904305, 40.855888 ], [ -73.903615, 40.857021 ], [ -73.902779, 40.856734 ], [ -73.901762, 40.856388 ], [ -73.900939, 40.857759 ], [ -73.900138, 40.857485 ], [ -73.899949, 40.85742 ], [ -73.899777, 40.857361 ], [ -73.899067, 40.857119 ], [ -73.898172, 40.856812 ], [ -73.898104, 40.856788 ], [ -73.897513, 40.856582 ], [ -73.897307, 40.85651 ], [ -73.897263, 40.85633 ], [ -73.897235, 40.856382 ], [ -73.896874, 40.857061 ], [ -73.896197, 40.856793 ], [ -73.896167, 40.856843 ], [ -73.896126, 40.856915 ], [ -73.895826, 40.857026 ], [ -73.895871, 40.857093 ], [ -73.895883, 40.857202 ], [ -73.895823, 40.857322 ], [ -73.895557, 40.857745 ], [ -73.895509, 40.857829 ], [ -73.895509, 40.857913 ], [ -73.895581, 40.858022 ], [ -73.89574, 40.858139 ], [ -73.894694, 40.859426 ], [ -73.894042, 40.860279 ], [ -73.893215, 40.859874 ], [ -73.892563, 40.860523 ], [ -73.892428, 40.860657 ], [ -73.891447, 40.861634 ], [ -73.891292, 40.861765 ], [ -73.890105, 40.862616 ], [ -73.889453, 40.863092 ], [ -73.888122, 40.864255 ], [ -73.886833, 40.86539 ], [ -73.885937, 40.865924 ], [ -73.885283, 40.866301 ], [ -73.88514, 40.866383 ], [ -73.884429, 40.866801 ], [ -73.883625, 40.867258 ], [ -73.882843, 40.867736 ], [ -73.881841, 40.86837 ], [ -73.881469, 40.868573 ], [ -73.880375, 40.869194 ], [ -73.880695, 40.86982 ], [ -73.880911, 40.870488 ], [ -73.881142, 40.870844 ], [ -73.881394, 40.871208 ], [ -73.881754, 40.872349 ], [ -73.88247, 40.872128 ], [ -73.882957, 40.873052 ], [ -73.8834, 40.873947 ], [ -73.88344, 40.874794 ], [ -73.883436, 40.875384 ], [ -73.883424, 40.875742 ], [ -73.88383, 40.876783 ], [ -73.88471, 40.878295 ], [ -73.884605, 40.878354 ], [ -73.884471, 40.878359 ], [ -73.884304, 40.878343 ], [ -73.884112, 40.878264 ], [ -73.884229, 40.878722 ], [ -73.884332, 40.87934 ], [ -73.884661, 40.879749 ], [ -73.885265, 40.879228 ], [ -73.885656, 40.87889 ], [ -73.885774, 40.8796 ], [ -73.885826, 40.879908 ], [ -73.885936, 40.880481 ], [ -73.887011, 40.882472 ], [ -73.886967, 40.882814 ], [ -73.887247, 40.882844 ], [ -73.887573, 40.882906 ], [ -73.887832, 40.882906 ], [ -73.888097, 40.882855 ], [ -73.888635, 40.882765 ], [ -73.890425, 40.88251 ], [ -73.888896, 40.884504 ], [ -73.889847, 40.884685 ], [ -73.890806, 40.884868 ], [ -73.891766, 40.88505 ], [ -73.892886, 40.885264 ], [ -73.894529, 40.885504 ], [ -73.894724, 40.885557 ], [ -73.894784, 40.885431 ], [ -73.894922, 40.885352 ], [ -73.895145, 40.885352 ], [ -73.895391, 40.885362 ], [ -73.895754, 40.885316 ], [ -73.896001, 40.885262 ], [ -73.896223, 40.885196 ], [ -73.896428, 40.885117 ], [ -73.896596, 40.885009 ], [ -73.897967, 40.884034 ], [ -73.898465, 40.884325 ], [ -73.897626, 40.885152 ], [ -73.89658, 40.885938 ], [ -73.896839, 40.885986 ], [ -73.897157, 40.886045 ], [ -73.897383, 40.886087 ], [ -73.898259, 40.885306 ], [ -73.898959, 40.884592 ], [ -73.899289, 40.883957 ], [ -73.901043, 40.884371 ], [ -73.900647, 40.885099 ], [ -73.901014, 40.885186 ], [ -73.901189, 40.885247 ], [ -73.901366, 40.885325 ], [ -73.90154, 40.885422 ], [ -73.901692, 40.885526 ], [ -73.901794, 40.88561 ], [ -73.903309, 40.884301 ], [ -73.904017, 40.884772 ], [ -73.904721, 40.885242 ], [ -73.906475, 40.883732 ], [ -73.908012, 40.8824 ], [ -73.909336, 40.881346 ], [ -73.91027, 40.880735 ], [ -73.910537, 40.880569 ], [ -73.910476, 40.880327 ], [ -73.910449, 40.880238 ], [ -73.910363, 40.880126 ], [ -73.910305, 40.880052 ], [ -73.909678, 40.879515 ], [ -73.910103, 40.8792 ], [ -73.91031, 40.879047 ], [ -73.911405, 40.879278 ], [ -73.912205, 40.878178 ], [ -73.914905, 40.876578 ], [ -73.915125, 40.875845 ], [ -73.915168, 40.875695 ], [ -73.9152, 40.875581 ], [ -73.917309, 40.876037 ], [ -73.918932, 40.876388 ], [ -73.919122, 40.876429 ], [ -73.919808, 40.876577 ], [ -73.92163, 40.878321 ], [ -73.922602, 40.878779 ], [ -73.924503, 40.878974 ], [ -73.92465, 40.879038 ], [ -73.924974, 40.879144 ], [ -73.933788, 40.882207 ], [ -73.933808, 40.882214 ] ] ] ] } }
]
}
