MODZCTA,modzcta,ZCTA,DP02_0001E,DP02_0001M,DP02_0001PE,DP02_0001PM,DP02_0001V,DP02_0014E,DP02_0014M,DP02_0014PE,DP02_0014PM,DP02_0014V,DP02_0053E,DP02_0053M,DP02_0053PE,DP02_0053PM,DP02_0053V,DP02_0054E,DP02_0054M,DP02_0054PE,DP02_0054PM,DP02_0054V,DP02_0055E,DP02_0055M,DP02_0055PE,DP02_0055PM,DP02_0055V,DP02_0056E,DP02_0056M,DP02_0056PE,DP02_0056PM,DP02_0056V,DP02_0057E,DP02_0057M,DP02_0057PE,DP02_0057PM,DP02_0057V,DP02_0058E,DP02_0058M,DP02_0058PE,DP02_0058PM,DP02_0058V,DP02_0059E,DP02_0059M,DP02_0059PE,DP02_0059PM,DP02_0059V,DP02_0060E,DP02_0060M,DP02_0060PE,DP02_0060PM,DP02_0060V,DP02_0061E,DP02_0061M,DP02_0061PE,DP02_0061PM,DP02_0061V,DP02_0062E,DP02_0062M,DP02_0062PE,DP02_0062PM,DP02_0062V,DP02_0068E,DP02_0068M,DP02_0068PE,DP02_0068PM,DP02_0068V,DP02_0069E,DP02_0069M,DP02_0069PE,DP02_0069PM,DP02_0069V,DP02_0070E,DP02_0070M,DP02_0070PE,DP02_0070PM,DP02_0070V,DP02_0071E,DP02_0071M,DP02_0071PE,DP02_0071PM,DP02_0071V,DP02_0072E,DP02_0072M,DP02_0072PE,DP02_0072PM,DP02_0072V,DP02_0073E,DP02_0073M,DP02_0073PE,DP02_0073PM,DP02_0073V,DP02_0074E,DP02_0074M,DP02_0074PE,DP02_0074PM,DP02_0074V,DP02_0075E,DP02_0075M,DP02_0075PE,DP02_0075PM,DP02_0075V,DP02_0076E,DP02_0076M,DP02_0076PE,DP02_0076PM,DP02_0076V,DP02_0077E,DP02_0077M,DP02_0077PE,DP02_0077PM,DP02_0077V,DP02_0078E,DP02_0078M,DP02_0078PE,DP02_0078PM,DP02_0078V,DP02_0079E,DP02_0079M,DP02_0079PE,DP02_0079PM,DP02_0079V,DP02_0080E,DP02_0080M,DP02_0080PE,DP02_0080PM,DP02_0080V,DP02_0082E,DP02_0082M,DP02_0082PE,DP02_0082PM,DP02_0082V,DP02_0087E,DP02_0087M,DP02_0087PE,DP02_0087PM,DP02_0087V,DP02_0088E,DP02_0088M,DP02_0088PE,DP02_0088PM,DP02_0088V,DP02_0089E,DP02_0089M,DP02_0089PE,DP02_0089PM,DP02_0089V,DP02_0090E,DP02_0090M,DP02_0090PE,DP02_0090PM,DP02_0090V,DP02_0093E,DP02_0093M,DP02_0093PE,DP02_0093PM,DP02_0093V,DP02_0094E,DP02_0094M,DP02_0094PE,DP02_0094PM,DP02_0094V,DP02_0096E,DP02_0096M,DP02_0096PE,DP02_0096PM,DP02_0096V,DP02_0097E,DP02_0097M,DP02_0097PE,DP02_0097PM,DP02_0097V,DP02_0106E,DP02_0106M,DP02_0106PE,DP02_0106PM,DP02_0106V,DP02_0107E,DP02_0107M,DP02_0107PE,DP02_0107PM,DP02_0107V,DP02_0108E,DP02_0108M,DP02_0108PE,DP02_0108PM,DP02_0108V,DP02_0109E,DP02_0109M,DP02_0109PE,DP02_0109PM,DP02_0109V,DP02_0110E,DP02_0110M,DP02_0110PE,DP02_0110PM,DP02_0110V,DP02_0111E,DP02_0111M,DP02_0111PE,DP02_0111PM,DP02_0111V,DP02_0112E,DP02_0112M,DP02_0112PE,DP02_0112PM,DP02_0112V,DP02_0113E,DP02_0113M,DP02_0113PE,DP02_0113PM,DP02_0113V,DP02_0115E,DP02_0115M,DP02_0115PE,DP02_0115PM,DP02_0115V,DP02_0116E,DP02_0116M,DP02_0116PE,DP02_0116PM,DP02_0116V,DP02_0153E,DP02_0153M,DP02_0153PE,DP02_0153PM,DP02_0153V,DP02_0154E,DP02_0154M,DP02_0154PE,DP02_0154PM,DP02_0154V,DP03_0001E,DP03_0001M,DP03_0001PE,DP03_0001PM,DP03_0001V,DP03_0002E,DP03_0002M,DP03_0002PE,DP03_0002PM,DP03_0002V,DP03_0004E,DP03_0004M,DP03_0004PE,DP03_0004PM,DP03_0004V,DP03_0005E,DP03_0005M,DP03_0005PE,DP03_0005PM,DP03_0005V,DP03_0006E,DP03_0006M,DP03_0006PE,DP03_0006PM,DP03_0006V,DP03_0007E,DP03_0007M,DP03_0007PE,DP03_0007PM,DP03_0007V,DP03_0009E,DP03_0009M,DP03_0009PE,DP03_0009PM,DP03_0009V,DP03_0018E,DP03_0018M,DP03_0018PE,DP03_0018PM,DP03_0018V,DP03_0019E,DP03_0019M,DP03_0019PE,DP03_0019PM,DP03_0019V,DP03_0020E,DP03_0020M,DP03_0020PE,DP03_0020PM,DP03_0020V,DP03_0021E,DP03_0021M,DP03_0021PE,DP03_0021PM,DP03_0021V,DP03_0022E,DP03_0022M,DP03_0022PE,DP03_0022PM,DP03_0022V,DP03_0024E,DP03_0024M,DP03_0024PE,DP03_0024PM,DP03_0024V,DP03_0032E,DP03_0032M,DP03_0032PE,DP03_0032PM,DP03_0032V,DP03_0033E,DP03_0033M,DP03_0033PE,DP03_0033PM,DP03_0033V,DP03_0034E,DP03_0034M,DP03_0034PE,DP03_0034PM,DP03_0034V,DP03_0035E,DP03_0035M,DP03_0035PE,DP03_0035PM,DP03_0035V,DP03_0036E,DP03_0036M,DP03_0036PE,DP03_0036PM,DP03_0036V,DP03_0037E,DP03_0037M,DP03_0037PE,DP03_0037PM,DP03_0037V,DP03_0038E,DP03_0038M,DP03_0038PE,DP03_0038PM,DP03_0038V,DP03_0039E,DP03_0039M,DP03_0039PE,DP03_0039PM,DP03_0039V,DP03_0040E,DP03_0040M,DP03_0040PE,DP03_0040PM,DP03_0040V,DP03_0041E,DP03_0041M,DP03_0041PE,DP03_0041PM,DP03_0041V,DP03_0042E,DP03_0042M,DP03_0042PE,DP03_0042PM,DP03_0042V,DP03_0043E,DP03_0043M,DP03_0043PE,DP03_0043PM,DP03_0043V,DP03_0044E,DP03_0044M,DP03_0044PE,DP03_0044PM,DP03_0044V,DP03_0045E,DP03_0045M,DP03_0045PE,DP03_0045PM,DP03_0045V,DP03_0052E,DP03_0052M,DP03_0052PE,DP03_0052PM,DP03_0052V,DP03_0053E,DP03_0053M,DP03_0053PE,DP03_0053PM,DP03_0053V,DP03_0054E,DP03_0054M,DP03_0054PE,DP03_0054PM,DP03_0054V,DP03_0055E,DP03_0055M,DP03_0055PE,DP03_0055PM,DP03_0055V,DP03_0056E,DP03_0056M,DP03_0056PE,DP03_0056PM,DP03_0056V,DP03_0057E,DP03_0057M,DP03_0057PE,DP03_0057PM,DP03_0057V,DP03_0058E,DP03_0058M,DP03_0058PE,DP03_0058PM,DP03_0058V,DP03_0059E,DP03_0059M,DP03_0059PE,DP03_0059PM,DP03_0059V,DP03_0060E,DP03_0060M,DP03_0060PE,DP03_0060PM,DP03_0060V,DP03_0061E,DP03_0061M,DP03_0061PE,DP03_0061PM,DP03_0061V,DP03_0064E,DP03_0064M,DP03_0064PE,DP03_0064PM,DP03_0064V,DP03_0066E,DP03_0066M,DP03_0066PE,DP03_0066PM,DP03_0066V,DP03_0068E,DP03_0068M,DP03_0068PE,DP03_0068PM,DP03_0068V,DP03_0070E,DP03_0070M,DP03_0070PE,DP03_0070PM,DP03_0070V,DP03_0072E,DP03_0072M,DP03_0072PE,DP03_0072PM,DP03_0072V,DP03_0074E,DP03_0074M,DP03_0074PE,DP03_0074PM,DP03_0074V,DP03_0096E,DP03_0096M,DP03_0096PE,DP03_0096PM,DP03_0096V,DP03_0097E,DP03_0097M,DP03_0097PE,DP03_0097PM,DP03_0097V,DP03_0098E,DP03_0098M,DP03_0098PE,DP03_0098PM,DP03_0098V,DP03_0099E,DP03_0099M,DP03_0099PE,DP03_0099PM,DP03_0099V,DP05_0002E,DP05_0002M,DP05_0002PE,DP05_0002PM,DP05_0002V,DP05_0003E,DP05_0003M,DP05_0003PE,DP05_0003PM,DP05_0003V,DP05_0005E,DP05_0005M,DP05_0005PE,DP05_0005PM,DP05_0005V,DP05_0006E,DP05_0006M,DP05_0006PE,DP05_0006PM,DP05_0006V,DP05_0007E,DP05_0007M,DP05_0007PE,DP05_0007PM,DP05_0007V,DP05_0008E,DP05_0008M,DP05_0008PE,DP05_0008PM,DP05_0008V,DP05_0009E,DP05_0009M,DP05_0009PE,DP05_0009PM,DP05_0009V,DP05_0010E,DP05_0010M,DP05_0010PE,DP05_0010PM,DP05_0010V,DP05_0011E,DP05_0011M,DP05_0011PE,DP05_0011PM,DP05_0011V,DP05_0012E,DP05_0012M,DP05_0012PE,DP05_0012PM,DP05_0012V,DP05_0013E,DP05_0013M,DP05_0013PE,DP05_0013PM,DP05_0013V,DP05_0014E,DP05_0014M,DP05_0014PE,DP05_0014PM,DP05_0014V,DP05_0015E,DP05_0015M,DP05_0015PE,DP05_0015PM,DP05_0015V,DP05_0016E,DP05_0016M,DP05_0016PE,DP05_0016PM,DP05_0016V,DP05_0017E,DP05_0017M,DP05_0017PE,DP05_0017PM,DP05_0017V,DP05_0019E,DP05_0019M,DP05_0019PE,DP05_0019PM,DP05_0019V,DP05_0021E,DP05_0021M,DP05_0021PE,DP05_0021PM,DP05_0021V,DP05_0024E,DP05_0024M,DP05_0024PE,DP05_0024PM,DP05_0024V,DP05_0035E,DP05_0035M,DP05_0035PE,DP05_0035PM,DP05_0035V,DP05_0037E,DP05_0037M,DP05_0037PE,DP05_0037PM,DP05_0037V,DP05_0038E,DP05_0038M,DP05_0038PE,DP05_0038PM,DP05_0038V,DP05_0039E,DP05_0039M,DP05_0039PE,DP05_0039PM,DP05_0039V,DP05_0044E,DP05_0044M,DP05_0044PE,DP05_0044PM,DP05_0044V,DP05_0052E,DP05_0052M,DP05_0052PE,DP05_0052PM,DP05_0052V,DP05_0057E,DP05_0057M,DP05_0057PE,DP05_0057PM,DP05_0057V,DP05_0073E,DP05_0073M,DP05_0073PE,DP05_0073PM,DP05_0073V,DP05_0078E,DP05_0078M,DP05_0078PE,DP05_0078PM,DP05_0078V,DP05_0079E,DP05_0079M,DP05_0079PE,DP05_0079PM,DP05_0079V,DP05_0080E,DP05_0080M,DP05_0080PE,DP05_0080PM,DP05_0080V,DP05_0081E,DP05_0081M,DP05_0081PE,DP05_0081PM,DP05_0081V,DP05_0082E,DP05_0082M,DP05_0082PE,DP05_0082PM,DP05_0082V,DP05_0083E,DP05_0083M,DP05_0083PE,DP05_0083PM,DP05_0083V,DP05_0084E,DP05_0084M,DP05_0084PE,DP05_0084PM,DP05_0084V,DP05_0085E,DP05_0085M,DP05_0085PE,DP05_0085PM,DP05_0085V
10001,10001,"10001, 10119, 10199",14375.0,782.0,100,,3.31,1585.0,382.0,11.03,2.59,14.65,4603.0,680.0,17.05,2.24,8.98,207.0,144.0,4.5,3.06,42.29,130.0,173.0,2.82,3.74,80.9,1471.0,483.0,31.96,9.37,19.96,230.0,135.0,5.0,2.84,35.68,2565.0,346.0,55.72,11.15,8.2,21203.0,1526.0,78.52,1.93,4.38,741.0,301.0,3.49,1.4,24.69,1189.0,480.0,5.61,2.23,24.54,1802.0,441.0,8.5,1.99,14.88,15039.0,1274.0,70.93,3.17,5.15,24310.0,1567.0,90.02,8.41,3.92,698.0,305.0,2.87,1.24,26.56,27004.0,1827.0,100.0,0.0,4.11,2310.0,499.0,8.55,1.75,13.13,2694.0,643.0,9.98,2.28,14.51,57.0,88.0,2.12,3.23,93.85,20882.0,1496.0,77.33,1.82,4.36,1245.0,421.0,5.96,1.97,20.56,3428.0,432.0,12.69,1.35,7.66,1008.0,255.0,29.4,6.45,15.38,26796.0,1789.0,99.23,9.43,4.06,21154.0,1817.0,78.94,4.27,5.22,4985.0,642.0,18.6,2.05,7.83,657.0,203.0,2.45,0.74,18.78,27004.0,1827.0,100,,4.11,19938.0,1706.0,73.83,3.87,5.2,18900.0,1656.0,69.99,3.9,5.33,1038.0,326.0,3.84,1.18,19.09,7066.0,805.0,26.17,2.4,6.93,3316.0,587.0,46.93,6.36,10.76,3750.0,538.0,53.07,4.63,8.72,1916.0,496.0,27.12,6.3,15.74,3120.0,520.0,44.16,5.37,10.13,221.0,148.0,3.13,2.06,40.71,129.0,95.0,1.83,1.33,44.77,1311.0,442.0,18.55,5.89,20.5,369.0,160.0,5.22,2.18,26.36,26260.0,1681.0,97.24,9.06,3.89,19005.0,1446.0,72.37,2.98,4.63,2201.0,379.0,8.38,1.34,10.47,2693.0,714.0,10.26,2.64,16.12,13753.0,748.0,95.67,7.36,3.31,13324.0,702.0,92.69,7.02,3.2,24448.0,1578.0,90.53,8.47,3.92,17746.0,1332.0,72.59,2.78,4.56,16985.0,1355.0,69.47,3.26,4.85,761.0,267.0,3.11,1.07,21.33,0.0,,0.0,,,6702.0,762.0,27.41,2.57,6.91,,,4.29,1.47,21.33,16544.0,1349.0,61.26,2.79,4.96,728.0,284.0,4.4,1.68,23.71,100.0,113.0,0.6,0.68,68.69,7186.0,989.0,43.44,4.82,8.37,4199.0,607.0,25.38,3.03,8.79,3358.0,695.0,20.3,3.86,12.58,16985.0,1355.0,62.9,2.66,4.85,31.0,43.0,0.18,0.25,84.32,317.0,219.0,1.87,1.28,42.0,464.0,181.0,2.73,1.04,23.71,285.0,134.0,1.68,0.78,28.58,1223.0,350.0,7.2,1.98,17.4,486.0,219.0,2.86,1.27,27.39,1279.0,313.0,7.53,1.74,14.88,3160.0,651.0,18.6,3.53,12.52,3895.0,599.0,22.93,3.02,9.35,3429.0,527.0,20.19,2.65,9.34,1396.0,410.0,8.22,2.32,17.85,668.0,242.0,3.93,1.39,22.02,352.0,156.0,2.07,0.9,26.94,738.0,234.0,5.13,1.6,19.27,890.0,337.0,6.19,2.32,23.02,696.0,246.0,4.84,1.69,21.49,815.0,302.0,5.67,2.08,22.53,952.0,267.0,6.62,1.82,17.05,1658.0,394.0,11.53,2.67,14.45,1117.0,304.0,7.77,2.07,16.54,1964.0,390.0,13.66,2.61,12.07,1184.0,307.0,8.24,2.09,15.76,4361.0,444.0,30.34,2.61,6.19,11794.0,796.0,82.05,3.28,4.1,2481.0,328.0,17.26,2.08,8.04,1575.0,278.0,10.96,1.84,10.73,761.0,236.0,5.29,1.62,18.85,468.0,296.0,3.26,2.05,38.45,1710.0,331.0,11.9,2.21,11.77,26173.0,1783.0,96.92,0.77,4.14,20568.0,1551.0,76.17,2.54,4.58,7759.0,1006.0,28.73,3.18,7.88,831.0,290.0,3.08,1.05,21.21,12679.0,1103.0,46.95,2.57,5.29,14325.0,1294.0,53.05,3.18,5.49,744.0,382.0,2.76,1.4,31.21,784.0,414.0,2.9,1.52,32.1,942.0,372.0,3.49,1.36,24.01,1035.0,193.0,3.83,0.67,11.34,2296.0,466.0,8.5,1.63,12.34,7394.0,998.0,27.38,3.2,8.21,4226.0,774.0,15.65,2.66,11.13,3607.0,569.0,13.36,1.9,9.59,1225.0,329.0,4.54,1.18,16.33,1323.0,366.0,4.9,1.31,16.82,1748.0,272.0,6.47,0.91,9.46,1104.0,297.0,4.09,1.06,16.35,576.0,218.0,2.13,0.79,23.01,2694.0,643.0,9.98,2.28,14.51,24310.0,1567.0,90.02,8.41,3.92,3428.0,432.0,12.69,1.35,7.66,2886.0,723.0,10.69,2.58,15.23,15428.0,1696.0,57.13,4.95,6.68,2355.0,583.0,8.72,2.08,15.05,25.0,45.0,0.09,0.17,109.42,5031.0,774.0,18.63,2.57,9.35,0.0,,0.0,,,1279.0,561.0,4.74,2.05,26.66,5206.0,943.0,19.28,3.24,11.01,21798.0,1526.0,80.72,1.45,4.26,13544.0,1406.0,50.16,3.95,6.31,2220.0,576.0,8.22,2.06,15.77,0.0,,0.0,,,5031.0,774.0,18.63,2.57,9.35,0.0,,0.0,,,223.0,170.0,0.83,0.63,46.34,780.0,327.0,2.89,1.2,25.49
10002,10002,10002,36028.0,1326.0,100,,2.24,5440.0,641.0,15.1,1.69,7.16,12983.0,1616.0,16.97,2.01,7.57,650.0,261.0,5.01,1.91,24.41,385.0,154.0,2.97,1.13,24.32,5257.0,1368.0,40.49,9.25,15.82,2528.0,546.0,19.47,3.44,13.13,4163.0,576.0,32.07,1.94,8.41,60952.0,2225.0,79.66,4.19,2.22,9858.0,967.0,16.17,1.47,5.96,8443.0,1079.0,13.85,1.7,7.77,11085.0,1335.0,18.19,2.09,7.32,23221.0,1425.0,38.1,1.88,3.73,66490.0,2389.0,86.89,4.53,2.18,1152.0,279.0,1.73,0.41,14.72,76077.0,2894.0,99.42,0.41,2.31,9896.0,1062.0,13.01,1.31,6.52,10026.0,1548.0,13.1,1.96,9.39,316.0,196.0,3.15,1.89,37.71,48726.0,2199.0,63.68,1.57,2.74,3759.0,571.0,7.71,1.12,9.23,17325.0,1288.0,22.64,1.45,4.52,5821.0,790.0,33.6,3.81,8.25,76052.0,2879.0,99.39,0.16,2.3,69272.0,2853.0,91.09,1.48,2.5,6162.0,682.0,8.1,0.84,6.73,618.0,303.0,0.81,0.4,29.8,76518.0,2894.0,100,,2.3,47382.0,2273.0,61.92,1.83,2.92,43354.0,2263.0,56.66,2.04,3.17,4028.0,562.0,5.26,0.71,8.48,29136.0,1869.0,38.08,1.97,3.9,18699.0,1460.0,64.18,2.86,4.75,10437.0,1325.0,35.82,3.92,7.72,1856.0,409.0,6.37,1.34,13.4,21618.0,1740.0,74.2,3.61,4.89,339.0,188.0,1.16,0.64,33.71,371.0,193.0,1.27,0.66,31.62,4578.0,852.0,15.71,2.75,11.31,374.0,187.0,1.28,0.64,30.4,74376.0,2810.0,97.2,5.2,2.3,34982.0,2518.0,47.03,2.88,4.38,24087.0,1691.0,32.39,1.92,4.27,11500.0,1279.0,15.46,1.62,6.76,31642.0,1354.0,87.83,1.92,2.6,27425.0,1389.0,76.12,2.65,3.08,67647.0,2349.0,88.41,4.54,2.11,37305.0,1951.0,55.15,2.16,3.18,34472.0,1792.0,50.96,1.97,3.16,2833.0,574.0,4.19,0.84,12.32,0.0,,0.0,,,30342.0,1757.0,44.85,2.08,3.52,,,7.59,1.49,12.32,33537.0,1756.0,43.83,1.59,3.18,1983.0,477.0,5.91,1.39,14.62,764.0,292.0,2.28,0.86,23.23,15745.0,1144.0,46.95,2.36,4.42,7739.0,985.0,23.08,2.68,7.74,4732.0,793.0,14.11,2.25,10.19,34472.0,1792.0,45.05,1.61,3.16,0.0,,0.0,,,881.0,294.0,2.56,0.84,20.29,794.0,252.0,2.3,0.72,19.29,629.0,260.0,1.82,0.75,25.13,3066.0,636.0,8.89,1.79,12.61,1584.0,398.0,4.6,1.13,15.27,1795.0,338.0,5.21,0.94,11.45,3564.0,579.0,10.34,1.59,9.88,7330.0,790.0,21.26,2.01,6.55,8016.0,1000.0,23.25,2.64,7.58,4286.0,592.0,12.43,1.59,8.4,1426.0,365.0,4.14,1.04,15.56,1101.0,325.0,3.19,0.93,17.94,3672.0,702.0,10.19,1.91,11.62,4202.0,895.0,11.66,2.45,12.95,4762.0,760.0,13.22,2.05,9.7,3305.0,860.0,9.17,2.36,15.82,3475.0,585.0,9.65,1.58,10.23,3667.0,610.0,10.18,1.65,10.11,3317.0,453.0,9.21,1.21,8.3,4202.0,510.0,11.66,1.35,7.38,1765.0,380.0,4.9,1.04,13.09,3661.0,441.0,10.16,1.17,7.32,22695.0,1003.0,62.99,1.54,2.69,12109.0,1076.0,33.61,2.72,5.4,4971.0,542.0,13.8,1.42,6.63,4512.0,617.0,12.52,1.65,8.31,3001.0,836.0,8.33,2.3,16.93,12257.0,1273.0,34.02,3.3,6.31,72003.0,2789.0,94.64,0.69,2.35,36740.0,2297.0,48.29,2.4,3.8,39869.0,2507.0,52.41,2.62,3.82,4074.0,766.0,5.36,0.99,11.43,38211.0,2199.0,49.94,2.17,3.5,38307.0,1729.0,50.06,1.23,2.74,2142.0,541.0,2.8,0.7,15.35,3046.0,824.0,3.98,1.07,16.44,3198.0,707.0,4.18,0.91,13.44,2652.0,537.0,3.47,0.69,12.31,4528.0,649.0,5.92,0.82,8.71,13266.0,1159.0,17.34,1.37,5.31,10119.0,1181.0,13.22,1.46,7.09,9232.0,918.0,12.07,1.11,6.04,6106.0,943.0,7.98,1.19,9.39,4548.0,666.0,5.94,0.84,8.9,9563.0,889.0,12.5,1.06,5.65,5324.0,716.0,6.96,0.9,8.18,2794.0,665.0,3.65,0.86,14.47,10028.0,1549.0,13.11,1.96,9.39,66490.0,2389.0,86.89,4.53,2.18,17681.0,1287.0,23.11,1.44,4.42,7026.0,1673.0,9.18,2.16,14.48,23951.0,1688.0,31.3,1.86,4.28,6785.0,1318.0,8.87,1.69,11.81,415.0,265.0,0.54,0.35,38.82,28590.0,1973.0,37.36,2.16,4.2,24.0,45.0,0.03,0.06,113.98,9727.0,1157.0,12.71,1.43,7.23,19864.0,2190.0,25.96,2.69,6.7,56654.0,2617.0,74.04,1.96,2.81,19554.0,1427.0,25.55,1.59,4.44,6141.0,1194.0,8.03,1.53,11.82,74.0,83.0,0.1,0.11,68.18,28477.0,1989.0,37.22,2.19,4.25,24.0,45.0,0.03,0.06,113.98,574.0,394.0,0.75,0.51,41.73,1810.0,486.0,2.37,0.63,16.32
10003,10003,10003,24987.0,936.0,100,,2.28,2385.0,411.0,9.54,1.61,10.48,15164.0,996.0,28.15,1.27,3.99,301.0,132.0,1.98,0.86,26.66,146.0,92.0,0.96,0.6,38.31,1661.0,511.0,10.95,3.29,18.7,396.0,144.0,2.61,0.93,22.11,12660.0,801.0,83.49,7.61,3.85,37093.0,2231.0,68.85,2.51,3.66,1001.0,360.0,2.7,0.96,21.86,573.0,254.0,1.54,0.68,26.95,1984.0,531.0,5.35,1.39,16.27,30401.0,2210.0,81.96,3.35,4.42,50005.0,2381.0,92.81,6.27,2.89,748.0,225.0,1.5,0.44,18.29,53735.0,2582.0,99.74,0.42,2.92,3604.0,634.0,6.71,1.13,10.69,3832.0,717.0,7.11,1.29,11.37,33.0,34.0,0.86,0.87,62.63,41811.0,2247.0,77.6,1.9,3.27,1615.0,460.0,3.86,1.08,17.31,8092.0,794.0,15.02,1.29,5.96,1956.0,430.0,24.17,4.76,13.36,53464.0,2571.0,99.23,0.46,2.92,37120.0,2362.0,69.43,2.89,3.87,14742.0,1286.0,27.57,2.01,5.3,1602.0,365.0,3.0,0.67,13.85,53877.0,2579.0,100,,2.91,43457.0,2048.0,80.66,5.42,2.86,42148.0,2008.0,78.23,5.28,2.9,1309.0,406.0,2.43,0.74,18.85,10420.0,1318.0,19.34,2.26,7.69,5255.0,671.0,50.43,0.88,7.76,5165.0,1097.0,49.57,8.46,12.91,2948.0,541.0,28.29,3.76,11.16,4315.0,632.0,41.41,3.06,8.9,186.0,191.0,1.79,1.82,62.42,646.0,748.0,6.2,7.14,70.39,1779.0,624.0,17.07,5.59,21.32,546.0,195.0,5.24,1.75,21.71,52437.0,2488.0,97.33,6.56,2.88,40948.0,2096.0,78.09,1.5,3.11,3516.0,888.0,6.71,1.66,15.35,3278.0,945.0,6.25,1.78,17.52,24631.0,976.0,98.58,1.27,2.41,23488.0,887.0,94.0,0.45,2.3,50402.0,2367.0,93.55,6.27,2.85,34014.0,1943.0,67.49,2.19,3.47,32395.0,1907.0,64.27,2.28,3.58,1613.0,315.0,3.2,0.61,11.87,6.0,13.0,0.01,0.03,131.71,16388.0,1422.0,32.51,2.37,5.27,,,4.74,0.89,11.87,31849.0,1883.0,59.11,2.05,3.59,1170.0,246.0,3.67,0.74,12.78,344.0,160.0,1.08,0.5,28.27,11814.0,1470.0,37.09,4.06,7.56,8415.0,890.0,26.42,2.32,6.43,7671.0,1225.0,24.09,3.57,9.71,32395.0,1907.0,60.13,2.06,3.58,0.0,,0.0,,,293.0,174.0,0.9,0.53,36.1,817.0,317.0,2.52,0.97,23.59,428.0,165.0,1.32,0.5,23.44,1835.0,390.0,5.66,1.16,12.92,603.0,259.0,1.86,0.79,26.11,2754.0,1113.0,8.5,3.4,24.57,5988.0,880.0,18.48,2.49,8.93,8227.0,1017.0,25.4,2.76,7.51,6567.0,741.0,20.27,1.95,6.86,3427.0,566.0,10.58,1.63,10.04,937.0,289.0,2.89,0.88,18.75,519.0,221.0,1.6,0.68,25.89,1791.0,457.0,7.17,1.81,15.51,768.0,370.0,3.07,1.48,29.29,759.0,226.0,3.04,0.9,18.1,750.0,306.0,3.0,1.22,24.8,1083.0,436.0,4.33,1.74,24.47,2418.0,567.0,9.68,2.24,14.25,1803.0,299.0,7.22,1.17,10.08,2895.0,441.0,11.59,1.71,9.26,3045.0,482.0,12.19,1.87,9.62,9675.0,884.0,38.72,3.23,5.55,20728.0,1033.0,82.96,2.73,3.03,5222.0,606.0,20.9,2.3,7.05,3913.0,564.0,15.66,2.18,8.76,542.0,298.0,2.17,1.19,33.42,398.0,217.0,1.59,0.87,33.14,904.0,308.0,3.62,1.23,20.71,52453.0,2572.0,97.61,0.95,2.98,46149.0,2188.0,85.88,5.8,2.88,10519.0,1178.0,19.58,1.98,6.81,1282.0,404.0,2.39,0.74,19.16,26251.0,1542.0,48.72,1.66,3.57,27626.0,1816.0,51.28,2.31,4.0,1440.0,408.0,2.67,0.75,17.22,1034.0,315.0,1.92,0.58,18.52,953.0,371.0,1.77,0.68,23.67,7013.0,450.0,13.02,0.56,3.9,6344.0,928.0,11.77,1.63,8.89,13527.0,1898.0,25.11,3.31,8.53,6128.0,786.0,11.37,1.35,7.8,4686.0,720.0,8.7,1.27,9.34,2350.0,406.0,4.36,0.72,10.5,2274.0,500.0,4.22,0.91,13.37,4647.0,625.0,8.63,1.08,8.18,2425.0,400.0,4.5,0.71,10.03,1056.0,350.0,1.96,0.64,20.15,3866.0,718.0,7.18,1.29,11.29,50011.0,2379.0,92.82,6.26,2.89,8128.0,792.0,15.09,1.28,5.92,4026.0,639.0,7.47,1.13,9.65,36515.0,2428.0,67.77,3.13,4.04,2899.0,748.0,5.38,1.36,15.69,51.0,52.0,0.09,0.1,61.98,9023.0,1065.0,16.75,1.81,7.18,27.0,32.0,0.05,0.06,72.05,1336.0,508.0,2.48,0.94,23.11,5541.0,943.0,10.28,1.68,10.35,48336.0,2481.0,89.72,1.66,3.12,34099.0,2437.0,63.29,3.36,4.34,2899.0,748.0,5.38,1.36,15.69,51.0,52.0,0.09,0.1,61.98,9014.0,1065.0,16.73,1.81,7.18,27.0,32.0,0.05,0.06,72.05,179.0,132.0,0.33,0.24,44.83,2067.0,547.0,3.84,1.0,16.09
10004,10004,10004,2123.0,394.0,100,,11.28,560.0,211.0,26.38,8.65,22.9,543.0,215.0,11.86,4.04,24.07,38.0,43.0,7.0,7.42,68.79,54.0,58.0,9.94,9.93,65.29,279.0,140.0,51.38,15.84,30.5,71.0,61.0,13.08,9.97,52.23,101.0,79.0,18.6,12.55,47.55,3586.0,701.0,78.31,22.03,11.88,16.0,28.0,0.45,0.78,106.38,16.0,7.0,0.45,0.17,26.6,31.0,18.0,0.86,0.47,35.3,3388.0,692.0,94.48,5.59,12.42,3739.0,695.0,81.66,22.43,11.3,86.0,131.0,2.3,3.48,92.6,4579.0,926.0,100.0,0.0,12.29,104.0,82.0,2.27,1.73,47.93,840.0,341.0,18.34,6.46,24.68,14.0,20.0,1.67,2.28,86.84,3549.0,684.0,77.51,21.65,11.72,85.0,79.0,2.4,2.18,56.5,190.0,131.0,4.15,2.74,41.91,5.0,8.0,2.63,3.8,97.26,4336.0,839.0,94.69,26.5,11.76,3468.0,813.0,79.98,10.59,14.25,862.0,354.0,19.88,7.2,24.96,6.0,9.0,0.14,0.21,91.19,4579.0,926.0,100,,12.29,3646.0,785.0,79.62,5.88,13.09,3553.0,768.0,77.59,5.92,13.14,93.0,108.0,2.03,2.32,70.6,933.0,365.0,20.38,6.82,23.78,471.0,208.0,50.48,10.34,26.85,462.0,227.0,49.52,14.72,29.87,242.0,143.0,25.94,11.49,35.92,518.0,308.0,55.52,24.86,36.15,36.0,35.0,3.86,3.43,59.1,48.0,62.0,5.14,6.33,78.52,26.0,26.0,2.79,2.56,60.79,63.0,50.0,6.75,4.66,48.25,4146.0,783.0,90.54,25.05,11.48,3200.0,743.0,77.18,10.43,14.11,110.0,119.0,2.65,2.83,65.76,35.0,27.0,0.84,0.63,46.9,2123.0,394.0,100.0,0.0,11.28,2111.0,396.0,99.43,2.72,11.4,3739.0,695.0,81.66,22.43,11.3,3137.0,630.0,83.9,6.38,12.21,3126.0,629.0,83.61,6.44,12.23,11.0,16.0,0.29,0.42,88.42,0.0,,0.0,,,602.0,263.0,16.1,6.37,26.56,,,0.35,0.51,88.42,3126.0,629.0,68.27,19.48,12.23,77.0,72.0,2.46,2.25,56.84,37.0,55.0,1.18,1.74,90.36,1262.0,400.0,40.37,9.89,19.27,961.0,451.0,30.74,13.03,28.53,749.0,349.0,23.96,10.07,28.33,3126.0,629.0,68.27,19.48,12.23,0.0,,0.0,,,21.0,26.0,0.67,0.82,75.26,76.0,75.0,2.43,2.35,59.99,32.0,40.0,1.02,1.26,75.99,232.0,158.0,7.42,4.83,41.4,59.0,67.0,1.89,2.11,69.03,105.0,70.0,3.36,2.13,40.53,606.0,226.0,19.39,6.09,22.67,1015.0,328.0,32.47,8.21,19.64,686.0,374.0,21.94,11.12,33.14,68.0,54.0,2.18,1.67,48.27,66.0,80.0,2.11,2.52,73.69,160.0,140.0,5.12,4.36,53.19,33.0,28.0,1.55,1.29,51.58,0.0,,0.0,,,3.0,5.0,0.14,0.23,101.32,32.0,29.0,1.51,1.34,55.09,2.0,5.0,0.09,0.23,151.98,75.0,75.0,3.53,3.47,60.79,152.0,123.0,7.16,5.64,49.19,343.0,147.0,16.16,6.24,26.05,253.0,198.0,11.92,9.06,47.57,1230.0,296.0,57.94,8.88,14.63,2029.0,413.0,95.57,7.99,12.37,143.0,112.0,6.74,5.13,47.61,50.0,33.0,2.36,1.49,40.12,0.0,,0.0,,,4.0,12.0,0.19,0.56,182.37,0.0,,0.0,,,4566.0,925.0,99.72,1.2,12.32,4391.0,921.0,95.89,5.34,12.75,200.0,117.0,4.37,2.4,35.56,13.0,19.0,0.28,0.41,88.85,2367.0,557.0,51.69,6.22,14.31,2212.0,480.0,48.31,3.8,13.19,433.0,315.0,9.46,6.61,44.22,182.0,128.0,3.97,2.68,42.75,161.0,122.0,3.52,2.57,46.06,108.0,82.0,2.36,1.73,46.16,109.0,104.0,2.38,2.22,58.0,1325.0,443.0,28.94,7.7,20.32,731.0,303.0,15.96,5.78,25.2,862.0,423.0,18.83,8.42,29.83,279.0,207.0,6.09,4.35,45.1,199.0,192.0,4.35,4.1,58.65,175.0,130.0,3.82,2.73,45.16,15.0,13.0,0.33,0.28,52.68,0.0,,0.0,,,840.0,341.0,18.34,6.46,24.68,3739.0,695.0,81.66,22.43,11.3,190.0,131.0,4.15,2.74,41.91,223.0,152.0,4.87,3.17,41.44,2653.0,605.0,57.94,6.11,13.86,266.0,142.0,5.81,2.87,32.45,0.0,,0.0,,,1419.0,712.0,30.99,14.23,30.5,0.0,,0.0,,,18.0,21.0,0.39,0.45,70.92,229.0,145.0,5.0,3.0,38.49,4350.0,884.0,95.0,1.9,12.35,2570.0,599.0,56.13,6.5,14.17,252.0,140.0,5.5,2.85,33.77,0.0,,0.0,,,1370.0,703.0,29.92,14.11,31.19,0.0,,0.0,,,0.0,,0.0,,,158.0,113.0,3.45,2.37,43.48
10005,10005,"10005, 10271",4881.0,550.0,100,,6.85,634.0,240.0,12.99,4.69,23.01,877.0,417.0,9.96,4.56,28.9,0.0,,0.0,,,75.0,122.0,8.55,13.3,98.89,316.0,216.0,36.03,17.69,41.55,52.0,70.0,5.93,7.47,81.83,434.0,298.0,49.49,24.51,41.74,6842.0,838.0,77.74,13.81,7.45,64.0,100.0,0.94,1.46,94.98,104.0,96.0,1.52,1.39,56.11,342.0,246.0,5.0,3.54,43.73,6072.0,781.0,88.75,3.49,7.82,7877.0,962.0,89.5,15.87,7.42,90.0,89.0,1.14,1.12,60.11,8801.0,1132.0,100.0,0.0,7.82,99.0,81.0,1.12,0.91,49.74,924.0,395.0,10.5,4.28,25.99,0.0,,0.0,,,7719.0,991.0,87.71,15.94,7.8,99.0,81.0,1.28,1.04,49.74,158.0,130.0,1.8,1.46,50.02,0.0,,0.0,,,8661.0,1123.0,98.41,1.61,7.88,5860.0,893.0,67.66,5.42,9.26,2666.0,697.0,30.78,6.99,15.89,135.0,86.0,1.56,0.97,38.73,8801.0,1132.0,100,,7.82,7054.0,1087.0,80.15,6.8,9.37,6907.0,1080.0,78.48,6.98,9.51,147.0,118.0,1.67,1.32,48.8,1747.0,473.0,19.85,4.73,16.46,624.0,289.0,35.72,13.42,28.15,1123.0,367.0,64.28,11.76,19.87,559.0,193.0,32.0,6.86,20.99,543.0,290.0,31.08,14.31,32.47,127.0,197.0,7.27,11.1,94.3,159.0,204.0,9.1,11.41,78.0,229.0,168.0,13.11,8.94,44.6,130.0,77.0,7.44,3.92,36.01,8317.0,1090.0,94.5,2.38,7.97,6347.0,959.0,76.31,5.74,9.19,111.0,149.0,1.33,1.78,81.6,508.0,341.0,6.11,4.02,40.81,4821.0,553.0,98.77,2.12,6.97,4721.0,555.0,96.72,3.24,7.15,7877.0,962.0,89.5,15.87,7.42,7479.0,950.0,94.95,3.32,7.72,7222.0,890.0,91.68,1.51,7.49,257.0,159.0,3.26,1.98,37.61,0.0,,0.0,,,398.0,175.0,5.05,2.13,26.73,,,3.44,2.08,37.61,7132.0,888.0,81.04,14.51,7.57,116.0,121.0,1.63,1.68,63.41,0.0,,0.0,,,3921.0,665.0,54.98,6.33,10.31,1646.0,445.0,23.08,5.54,16.43,1193.0,356.0,16.73,4.54,18.14,7222.0,890.0,82.06,14.62,7.49,3.0,14.0,0.04,0.19,283.69,32.0,34.0,0.44,0.47,64.59,119.0,97.0,1.65,1.33,49.55,285.0,186.0,3.95,2.53,39.67,599.0,275.0,8.29,3.67,27.91,2.0,14.0,0.03,0.19,425.53,465.0,261.0,6.44,3.53,34.12,1997.0,422.0,27.65,4.75,12.85,1960.0,494.0,27.14,5.97,15.32,1057.0,408.0,14.64,5.35,23.46,416.0,255.0,5.76,3.46,37.26,133.0,94.0,1.84,1.28,42.96,154.0,125.0,2.13,1.71,49.34,47.0,55.0,0.96,1.12,71.14,87.0,109.0,1.78,2.22,76.16,7.0,16.0,0.14,0.33,138.95,67.0,89.0,1.37,1.82,80.75,224.0,204.0,4.59,4.15,55.36,163.0,124.0,3.34,2.51,46.25,420.0,186.0,8.6,3.69,26.92,832.0,292.0,17.05,5.67,21.34,666.0,274.0,13.64,5.4,25.01,2368.0,432.0,48.51,6.96,11.09,4878.0,550.0,99.94,0.4,6.85,129.0,119.0,2.64,2.42,56.08,122.0,115.0,2.5,2.34,57.3,0.0,,0.0,,,84.0,108.0,1.72,2.2,78.16,47.0,79.0,0.96,1.61,102.18,8695.0,1111.0,98.8,17.91,7.77,8066.0,1034.0,91.65,16.64,7.79,738.0,434.0,8.39,4.81,35.75,106.0,97.0,1.2,1.09,55.63,3861.0,705.0,43.87,5.69,11.1,4940.0,823.0,56.13,5.94,10.13,484.0,205.0,5.5,2.22,25.75,204.0,167.0,2.32,1.87,49.76,229.0,209.0,2.6,2.35,55.48,53.0,69.0,0.6,0.78,79.14,989.0,458.0,11.24,5.0,28.15,3748.0,705.0,42.59,5.85,11.43,1630.0,446.0,18.52,4.47,16.63,1003.0,319.0,11.4,3.31,19.33,218.0,183.0,2.48,2.05,51.03,85.0,135.0,0.97,1.53,96.55,158.0,130.0,1.8,1.46,50.02,0.0,,0.0,,,0.0,,0.0,,,924.0,395.0,10.5,4.28,25.99,7877.0,962.0,89.5,15.87,7.42,158.0,130.0,1.8,1.46,50.02,865.0,418.0,9.83,4.58,29.38,6233.0,1018.0,70.82,7.13,9.93,421.0,334.0,4.78,3.74,48.23,0.0,,0.0,,,985.0,354.0,11.19,3.76,21.85,0.0,,0.0,,,297.0,295.0,3.37,3.32,60.38,755.0,432.0,8.58,4.78,34.78,8046.0,1041.0,91.42,1.28,7.87,6071.0,994.0,68.98,6.99,9.95,421.0,334.0,4.78,3.74,48.23,0.0,,0.0,,,985.0,354.0,11.19,3.76,21.85,0.0,,0.0,,,0.0,,0.0,,,569.0,268.0,6.47,2.93,28.63
10006,10006,10006,2046.0,254.0,100,,7.55,287.0,101.0,14.03,4.62,21.39,512.0,251.0,13.7,6.47,29.8,17.0,28.0,3.32,5.22,100.13,0.0,,0.0,,,154.0,88.0,30.08,8.83,34.74,163.0,242.0,31.84,44.61,90.25,178.0,90.0,34.77,4.3,30.74,2937.0,506.0,78.61,8.61,10.47,0.0,,0.0,,,0.0,,0.0,,,142.0,124.0,4.83,4.14,53.08,2476.0,481.0,84.3,7.57,11.81,3417.0,485.0,91.46,4.53,8.63,19.0,30.0,0.56,0.87,95.98,3736.0,497.0,100.0,0.0,8.09,60.0,56.0,1.61,1.48,56.74,319.0,115.0,8.54,2.86,21.91,0.0,,0.0,,,3326.0,481.0,89.03,5.05,8.79,40.0,44.0,1.2,1.31,66.87,91.0,89.0,2.44,2.36,59.45,20.0,35.0,21.98,31.89,106.38,3703.0,496.0,99.12,1.55,8.14,2512.0,518.0,67.84,10.64,12.54,1085.0,360.0,29.3,8.89,20.17,106.0,91.0,2.86,2.43,52.19,3736.0,497.0,100,,8.09,2647.0,484.0,70.85,8.89,11.12,2548.0,494.0,68.2,9.62,11.79,99.0,121.0,2.65,3.22,74.3,1089.0,396.0,29.15,9.86,22.11,318.0,134.0,29.2,6.22,25.62,771.0,376.0,70.8,23.01,29.65,362.0,175.0,33.24,10.59,29.39,552.0,346.0,50.69,25.88,38.1,19.0,31.0,1.74,2.78,99.18,0.0,,0.0,,,131.0,124.0,12.03,10.51,57.54,25.0,35.0,2.3,3.1,85.11,3608.0,492.0,96.57,2.89,8.29,2690.0,531.0,74.56,10.64,12.0,127.0,94.0,3.52,2.56,44.99,103.0,123.0,2.85,3.39,72.59,2046.0,254.0,100.0,0.0,7.55,1969.0,260.0,96.24,4.33,8.03,3422.0,488.0,91.6,4.71,8.67,2847.0,484.0,83.2,7.7,10.33,2719.0,493.0,79.46,8.9,11.02,128.0,81.0,3.74,2.31,38.47,0.0,,0.0,,,575.0,248.0,16.8,6.84,26.22,,,4.5,2.74,38.47,2564.0,469.0,68.63,8.62,11.12,94.0,76.0,3.67,2.89,49.15,38.0,42.0,1.48,1.62,67.19,1393.0,285.0,54.33,4.98,12.44,488.0,154.0,19.03,4.89,19.18,494.0,340.0,19.27,12.78,41.84,2719.0,493.0,72.78,8.97,11.02,13.0,21.0,0.48,0.77,98.2,24.0,37.0,0.88,1.35,93.72,101.0,100.0,3.71,3.62,60.19,0.0,,0.0,,,162.0,136.0,5.96,4.88,51.03,0.0,,0.0,,,170.0,105.0,6.25,3.69,37.55,601.0,211.0,22.1,6.65,21.34,1046.0,348.0,38.47,10.73,20.22,235.0,134.0,8.64,4.67,34.66,149.0,105.0,5.48,3.73,42.84,80.0,94.0,2.94,3.42,71.43,138.0,194.0,5.08,7.08,85.46,64.0,41.0,3.13,1.97,38.94,0.0,,0.0,,,45.0,71.0,2.2,3.46,95.91,61.0,65.0,2.98,3.16,64.78,150.0,104.0,7.33,5.0,42.15,119.0,88.0,5.82,4.24,44.95,94.0,86.0,4.59,4.16,55.62,210.0,105.0,10.26,4.97,30.4,229.0,129.0,11.19,6.15,34.24,1074.0,258.0,52.49,10.8,14.6,1963.0,269.0,95.94,5.57,8.33,50.0,47.0,2.44,2.28,57.14,21.0,32.0,1.03,1.56,92.63,0.0,,0.0,,,0.0,,0.0,,,0.0,,0.0,,,3510.0,548.0,93.95,7.68,9.49,3389.0,532.0,90.71,7.56,9.54,218.0,178.0,5.84,4.7,49.64,226.0,255.0,6.05,6.78,68.59,1996.0,397.0,53.43,7.9,12.09,1740.0,351.0,46.57,7.06,12.26,128.0,71.0,3.43,1.84,33.72,96.0,71.0,2.57,1.87,44.96,75.0,62.0,2.01,1.64,50.25,242.0,246.0,6.48,6.53,61.8,258.0,141.0,6.91,3.66,33.22,1371.0,450.0,36.7,11.01,19.95,873.0,327.0,23.37,8.18,22.77,488.0,212.0,13.06,5.4,26.41,58.0,53.0,1.55,1.4,55.55,56.0,49.0,1.5,1.3,53.19,71.0,80.0,1.9,2.13,68.5,0.0,,0.0,,,20.0,35.0,0.54,0.93,106.38,319.0,115.0,8.54,2.86,21.91,3417.0,485.0,91.46,4.53,8.63,91.0,89.0,2.44,2.36,59.45,149.0,137.0,3.99,3.63,55.89,2550.0,466.0,68.25,8.55,11.11,225.0,218.0,6.02,5.78,58.9,0.0,,0.0,,,684.0,360.0,18.31,9.32,31.99,0.0,,0.0,,,128.0,141.0,3.43,3.75,66.96,203.0,149.0,5.43,3.92,44.62,3533.0,496.0,94.57,4.24,8.53,2347.0,441.0,62.82,8.34,11.42,225.0,218.0,6.02,5.78,58.9,0.0,,0.0,,,684.0,360.0,18.31,9.32,31.99,0.0,,0.0,,,128.0,141.0,3.43,3.75,66.96,149.0,137.0,3.99,3.63,55.89
10007,10007,"10007, 10278, 10279",3159.0,509.0,100,,9.79,856.0,239.0,27.1,6.18,16.97,1454.0,406.0,18.96,4.51,16.97,294.0,133.0,20.22,7.2,27.5,180.0,121.0,12.38,7.57,40.86,456.0,243.0,31.36,14.23,32.39,230.0,164.0,15.82,10.38,43.35,294.0,165.0,20.22,9.84,34.12,5719.0,899.0,74.59,4.21,9.56,51.0,46.0,0.89,0.79,54.83,176.0,130.0,3.08,2.22,44.9,286.0,166.0,5.0,2.79,35.28,4835.0,897.0,84.54,8.33,11.28,6133.0,892.0,79.99,16.53,8.84,48.0,58.0,0.78,0.94,73.45,7166.0,1121.0,93.47,5.07,9.51,139.0,69.0,1.94,0.91,30.18,1534.0,433.0,20.01,4.82,17.16,0.0,,0.0,,,5036.0,847.0,65.68,5.4,10.22,79.0,51.0,1.57,0.98,39.24,596.0,213.0,7.77,2.53,21.73,60.0,53.0,10.07,8.13,53.7,7536.0,1101.0,98.29,20.35,8.88,5404.0,957.0,71.71,7.18,10.77,2099.0,600.0,27.85,6.84,17.38,33.0,56.0,0.44,0.74,103.16,7667.0,1125.0,100,,8.92,6078.0,1003.0,79.27,5.99,10.03,5969.0,1003.0,77.85,6.38,10.21,109.0,88.0,1.42,1.13,49.08,1589.0,445.0,20.73,4.94,17.02,716.0,279.0,45.06,12.21,23.69,873.0,335.0,54.94,14.41,23.33,387.0,163.0,24.35,7.66,25.6,616.0,338.0,38.77,18.29,33.36,132.0,119.0,8.31,7.12,54.8,19.0,35.0,1.2,2.18,111.98,422.0,312.0,26.56,18.17,44.94,13.0,29.0,0.82,1.81,135.61,7062.0,1092.0,92.11,4.49,9.4,5250.0,883.0,74.34,4.92,10.22,324.0,177.0,4.59,2.4,33.21,713.0,516.0,10.1,7.14,43.99,3141.0,509.0,99.43,1.72,9.85,3114.0,508.0,98.58,2.51,9.92,6321.0,917.0,82.44,17.01,8.82,4735.0,839.0,74.91,7.62,10.77,4634.0,834.0,73.31,7.81,10.94,101.0,67.0,1.6,1.03,40.33,0.0,,0.0,,,1586.0,447.0,25.09,6.06,17.13,,,2.13,1.36,40.33,4577.0,839.0,59.7,6.56,11.14,80.0,79.0,1.75,1.7,60.03,165.0,126.0,3.6,2.67,46.42,1999.0,467.0,43.67,6.33,14.2,1132.0,332.0,24.73,5.66,17.83,1107.0,499.0,24.19,9.96,27.4,4634.0,834.0,60.44,6.3,10.94,0.0,,0.0,,,0.0,,0.0,,,69.0,91.0,1.49,1.95,80.17,60.0,101.0,1.29,2.17,102.33,519.0,199.0,11.2,3.79,23.31,75.0,89.0,1.62,1.9,72.14,144.0,89.0,3.11,1.84,37.57,1862.0,550.0,40.18,9.41,17.96,930.0,352.0,20.07,6.68,23.01,462.0,198.0,9.97,3.88,26.05,326.0,155.0,7.03,3.1,28.9,108.0,105.0,2.33,2.23,59.1,79.0,94.0,1.7,2.01,72.33,91.0,59.0,2.88,1.81,39.41,41.0,65.0,1.3,2.05,96.37,0.0,,0.0,,,56.0,72.0,1.77,2.26,78.16,43.0,40.0,1.36,1.25,56.55,85.0,75.0,2.69,2.33,53.64,79.0,80.0,2.5,2.5,61.56,141.0,123.0,4.46,3.83,53.03,470.0,262.0,14.88,7.94,33.89,2153.0,462.0,68.15,9.66,13.04,3069.0,502.0,97.15,2.74,9.94,279.0,122.0,8.83,3.59,26.58,182.0,131.0,5.76,4.04,43.76,0.0,,0.0,,,56.0,57.0,1.77,1.78,61.88,79.0,60.0,2.5,1.86,46.17,7136.0,1123.0,99.58,1.71,9.57,6819.0,1136.0,95.16,5.45,10.13,775.0,285.0,10.81,3.6,22.36,30.0,45.0,0.42,0.62,91.19,3878.0,650.0,50.58,4.1,10.19,3789.0,797.0,49.42,7.45,12.79,605.0,238.0,7.89,2.88,23.91,451.0,240.0,5.88,3.01,32.35,290.0,196.0,3.78,2.5,41.09,188.0,160.0,2.45,2.06,51.74,414.0,276.0,5.4,3.51,40.53,1885.0,524.0,24.59,5.8,16.9,1255.0,321.0,16.37,3.43,15.55,1609.0,598.0,20.99,7.17,22.59,126.0,86.0,1.64,1.1,41.49,203.0,116.0,2.65,1.46,34.74,541.0,215.0,7.06,2.61,24.16,65.0,83.0,0.85,1.08,77.62,35.0,54.0,0.46,0.7,93.79,1534.0,433.0,20.01,4.82,17.16,6133.0,892.0,79.99,16.53,8.84,641.0,215.0,8.36,2.52,20.39,78.0,88.0,1.02,1.14,68.58,5632.0,1108.0,73.46,9.63,11.96,646.0,359.0,8.43,4.52,33.78,0.0,,0.0,,,1201.0,626.0,15.66,7.83,31.69,0.0,,0.0,,,110.0,136.0,1.43,1.76,75.16,966.0,624.0,12.6,7.93,39.27,6701.0,970.0,87.4,18.01,8.8,4819.0,920.0,62.85,7.68,11.61,628.0,362.0,8.19,4.57,35.04,0.0,,0.0,,,1188.0,626.0,15.49,7.84,32.03,0.0,,0.0,,,0.0,,0.0,,,66.0,86.0,0.86,1.11,79.21
10009,10009,10009,29670.0,1202.0,100,,2.46,4116.0,715.0,13.87,2.34,10.56,10006.0,1520.0,17.13,2.45,9.23,437.0,266.0,4.37,2.57,37.0,437.0,187.0,4.37,1.75,26.01,2952.0,774.0,29.5,6.3,15.94,1194.0,399.0,11.93,3.55,20.31,4986.0,1212.0,49.83,9.46,14.78,46815.0,2413.0,80.14,0.15,3.13,3274.0,472.0,6.99,0.94,8.76,2929.0,549.0,6.26,1.13,11.39,5085.0,753.0,10.86,1.51,9.0,29155.0,2312.0,62.28,3.75,4.82,52267.0,2601.0,89.47,6.41,3.03,1074.0,430.0,2.05,0.82,24.34,58400.0,3008.0,99.97,7.28,3.13,8205.0,1145.0,14.05,1.82,8.48,6144.0,852.0,10.52,1.35,8.43,297.0,118.0,4.83,1.8,24.15,43115.0,2538.0,73.8,2.1,3.58,4335.0,1004.0,10.05,2.25,14.08,9141.0,831.0,15.65,1.17,5.53,3573.0,624.0,39.09,5.83,10.62,58023.0,2976.0,99.32,7.22,3.12,49980.0,2891.0,86.14,2.3,3.52,7361.0,1281.0,12.69,2.11,10.58,682.0,414.0,1.18,0.71,36.9,58418.0,3009.0,100,,3.13,44217.0,2739.0,75.69,2.6,3.77,40357.0,2686.0,69.08,2.91,4.05,3860.0,798.0,6.61,1.32,12.57,14201.0,1348.0,24.31,1.94,5.77,7815.0,980.0,55.03,4.51,7.62,6386.0,1381.0,44.97,8.74,13.15,3119.0,819.0,21.96,5.38,15.96,6519.0,1121.0,45.91,6.58,10.45,213.0,138.0,1.5,0.96,39.39,452.0,305.0,3.18,2.13,41.02,3250.0,773.0,22.89,4.99,14.46,648.0,298.0,4.56,2.05,27.96,56522.0,2966.0,96.75,0.97,3.19,36990.0,2756.0,65.44,3.46,4.53,7222.0,827.0,12.78,1.3,6.96,9866.0,1244.0,17.46,2.0,7.67,28215.0,1168.0,95.1,0.81,2.52,25295.0,1250.0,85.25,2.41,3.0,52689.0,2618.0,90.19,6.45,3.02,33061.0,2185.0,62.75,2.73,4.02,31474.0,2147.0,59.74,2.79,4.15,1580.0,474.0,3.0,0.89,18.24,7.0,11.0,0.01,0.02,95.53,19628.0,1685.0,37.25,2.61,5.22,,,4.78,1.4,18.24,30698.0,2150.0,52.55,2.49,4.26,1513.0,491.0,4.93,1.56,19.73,109.0,50.0,0.36,0.16,27.89,14131.0,1545.0,46.03,3.86,6.65,5651.0,969.0,18.41,2.88,10.42,6446.0,1332.0,21.0,4.08,12.56,31474.0,2147.0,53.88,2.41,4.15,98.0,85.0,0.31,0.27,52.73,483.0,226.0,1.53,0.71,28.44,603.0,365.0,1.92,1.15,36.8,634.0,335.0,2.01,1.06,32.12,1593.0,377.0,5.06,1.15,14.39,1095.0,484.0,3.48,1.52,26.87,2758.0,806.0,8.76,2.49,17.77,4175.0,704.0,13.26,2.05,10.25,8605.0,1098.0,27.34,2.95,7.76,6564.0,1006.0,20.86,2.86,9.32,2126.0,590.0,6.75,1.82,16.87,1418.0,366.0,4.51,1.12,15.69,1322.0,492.0,4.2,1.54,22.62,3519.0,607.0,11.86,1.99,10.49,1792.0,490.0,6.04,1.63,16.62,2087.0,461.0,7.03,1.53,13.43,1272.0,311.0,4.29,1.03,14.86,1771.0,359.0,5.97,1.19,12.32,3630.0,628.0,12.23,2.06,10.52,2670.0,565.0,9.0,1.87,12.86,4354.0,709.0,14.67,2.31,9.9,2894.0,749.0,9.75,2.49,15.73,5681.0,942.0,19.15,3.08,10.08,21523.0,1177.0,72.54,2.66,3.32,7071.0,655.0,23.83,1.99,5.63,4353.0,704.0,14.67,2.3,9.83,2505.0,535.0,8.44,1.77,12.98,1487.0,372.0,5.01,1.24,15.21,5342.0,552.0,18.0,1.71,6.28,56762.0,3037.0,97.2,1.41,3.25,39018.0,2785.0,66.81,3.3,4.34,22936.0,1948.0,39.27,2.65,5.16,1638.0,497.0,2.8,0.84,18.44,28749.0,1832.0,49.21,1.85,3.87,29669.0,2284.0,50.79,2.91,4.68,1896.0,494.0,3.25,0.83,15.84,1658.0,641.0,2.84,1.09,23.5,1835.0,481.0,3.14,0.81,15.93,1322.0,418.0,2.26,0.71,19.22,4892.0,866.0,8.37,1.42,10.76,15224.0,1640.0,26.06,2.47,6.55,7604.0,1193.0,13.02,1.93,9.54,5804.0,1149.0,9.94,1.9,12.03,4957.0,1186.0,8.49,1.98,14.54,4078.0,630.0,6.98,1.02,9.39,5226.0,710.0,8.95,1.12,8.26,2745.0,561.0,4.7,0.93,12.42,1177.0,436.0,2.01,0.74,22.52,6144.0,852.0,10.52,1.35,8.43,52274.0,2602.0,89.48,6.41,3.03,9148.0,832.0,15.66,1.17,5.53,5777.0,1474.0,9.89,2.47,15.51,32738.0,2376.0,56.04,2.87,4.41,4477.0,721.0,7.66,1.17,9.79,130.0,117.0,0.22,0.2,54.71,8106.0,1248.0,13.88,2.01,9.36,5.0,13.0,0.01,0.02,158.05,7185.0,1040.0,12.3,1.66,8.8,14386.0,1484.0,24.63,2.2,6.27,44032.0,2602.0,75.37,2.18,3.59,29258.0,2323.0,50.08,3.03,4.83,4010.0,631.0,6.86,1.02,9.57,93.0,123.0,0.16,0.21,80.4,7831.0,1301.0,13.41,2.12,10.1,5.0,13.0,0.01,0.02,158.05,343.0,253.0,0.59,0.43,44.84,2492.0,879.0,4.27,1.49,21.44
10010,10010,10010,16050.0,1244.0,100,,4.71,2737.0,592.0,17.05,3.44,13.15,7872.0,1075.0,24.29,2.64,8.3,656.0,355.0,8.33,4.36,32.9,344.0,143.0,4.37,1.72,25.27,2027.0,563.0,25.75,6.23,16.88,623.0,265.0,7.91,3.19,25.86,4222.0,537.0,53.63,10.01,7.73,23887.0,2062.0,73.7,1.82,5.25,237.0,171.0,0.99,0.71,43.86,430.0,355.0,1.8,1.48,50.19,1432.0,640.0,5.99,2.63,27.17,19211.0,1580.0,80.42,9.59,5.0,27974.0,2143.0,86.31,9.73,4.66,627.0,345.0,2.24,1.22,33.45,32374.0,2681.0,99.89,0.39,5.03,2129.0,576.0,6.58,1.69,16.45,4401.0,988.0,13.58,2.83,13.65,191.0,174.0,4.34,3.83,55.38,22408.0,1719.0,69.14,7.8,4.66,828.0,381.0,3.7,1.68,27.97,5565.0,1252.0,17.17,3.59,13.68,1110.0,333.0,19.95,3.96,18.24,31995.0,2630.0,98.72,11.51,5.0,25211.0,2627.0,78.8,5.05,6.33,5956.0,666.0,18.62,1.41,6.8,828.0,508.0,2.59,1.57,37.3,32410.0,2681.0,100,,5.03,25462.0,2447.0,78.56,3.84,5.84,24755.0,2370.0,76.38,3.68,5.82,707.0,367.0,2.18,1.12,31.56,6948.0,964.0,21.44,2.39,8.43,3732.0,765.0,53.71,8.1,12.46,3216.0,601.0,46.29,5.79,11.36,1627.0,514.0,23.42,6.65,19.2,3570.0,657.0,51.38,6.21,11.19,363.0,257.0,5.22,3.63,43.04,36.0,32.0,0.52,0.45,54.04,1100.0,452.0,15.83,6.12,24.98,252.0,159.0,3.63,2.23,38.36,30988.0,2478.0,95.61,11.0,4.86,23776.0,2128.0,76.73,3.08,5.44,1721.0,465.0,5.55,1.43,16.43,1912.0,831.0,6.17,2.64,26.42,15616.0,1201.0,97.3,10.62,4.68,14985.0,1048.0,93.36,9.75,4.25,28246.0,2167.0,87.15,9.83,4.66,19533.0,1447.0,69.15,7.37,4.5,19059.0,1422.0,67.48,7.22,4.54,452.0,217.0,1.6,0.76,29.18,22.0,29.0,0.08,0.1,80.13,8713.0,1497.0,30.85,4.74,10.44,,,2.31,1.1,29.18,18655.0,1415.0,57.56,6.46,4.61,903.0,465.0,4.84,2.47,31.3,97.0,90.0,0.52,0.48,56.4,6574.0,862.0,35.24,3.77,7.97,4845.0,670.0,25.97,3.0,8.41,4794.0,890.0,25.7,4.35,11.29,19059.0,1422.0,58.81,6.55,4.54,0.0,,0.0,,,272.0,229.0,1.43,1.2,51.18,331.0,138.0,1.74,0.71,25.34,392.0,195.0,2.06,1.01,30.24,1009.0,393.0,5.29,2.02,23.68,242.0,191.0,1.27,1.0,47.98,1547.0,409.0,8.12,2.06,16.07,3937.0,724.0,20.66,3.47,11.18,4449.0,642.0,23.34,2.88,8.77,4006.0,722.0,21.02,3.45,10.96,1424.0,471.0,7.47,2.41,20.11,730.0,354.0,3.83,1.84,29.48,720.0,359.0,3.78,1.86,30.31,717.0,233.0,4.47,1.41,19.75,531.0,454.0,3.31,2.82,51.98,575.0,280.0,3.58,1.72,29.6,536.0,271.0,3.34,1.67,30.74,679.0,249.0,4.23,1.52,22.29,1157.0,375.0,7.21,2.27,19.7,1270.0,416.0,7.91,2.52,19.91,2557.0,550.0,15.93,3.2,13.08,1444.0,344.0,9.0,2.03,14.48,6584.0,770.0,41.02,3.59,7.11,12535.0,949.0,78.1,8.46,4.6,4055.0,917.0,25.26,5.37,13.75,3288.0,679.0,20.49,3.92,12.55,135.0,124.0,0.84,0.77,55.84,752.0,401.0,4.69,2.47,32.42,949.0,512.0,5.91,3.16,32.8,31471.0,2745.0,97.21,2.66,5.3,27071.0,2283.0,83.62,1.33,5.13,7544.0,1744.0,23.3,5.03,14.05,903.0,410.0,2.79,1.25,27.6,15810.0,1549.0,48.78,2.56,5.96,16600.0,1600.0,51.22,2.53,5.86,1422.0,477.0,4.39,1.43,20.39,1592.0,512.0,4.91,1.53,19.55,948.0,312.0,2.93,0.93,20.01,1921.0,331.0,5.93,0.9,10.47,2640.0,477.0,8.15,1.31,10.98,6880.0,988.0,21.23,2.49,8.73,4984.0,749.0,15.38,1.93,9.14,3341.0,727.0,10.31,2.07,13.23,1247.0,344.0,3.85,1.01,16.77,1870.0,607.0,5.77,1.81,19.73,3315.0,938.0,10.23,2.77,17.2,1658.0,547.0,5.12,1.63,20.06,592.0,203.0,1.83,0.61,20.85,4414.0,988.0,13.62,2.83,13.61,27996.0,2142.0,86.38,9.73,4.65,5565.0,1252.0,17.17,3.59,13.68,1952.0,549.0,6.02,1.62,17.1,21682.0,2315.0,66.9,4.52,6.49,2753.0,1120.0,8.49,3.38,24.73,75.0,69.0,0.23,0.21,55.93,5067.0,987.0,15.63,2.76,11.84,6.0,21.0,0.02,0.06,212.77,875.0,321.0,2.7,0.96,22.3,3186.0,838.0,9.83,2.45,15.99,29224.0,2447.0,90.17,1.17,5.09,19908.0,2141.0,61.43,4.22,6.54,2744.0,1121.0,8.47,3.39,24.83,75.0,69.0,0.23,0.21,55.93,5067.0,987.0,15.63,2.76,11.84,0.0,,0.0,,,190.0,192.0,0.59,0.59,61.43,1240.0,441.0,3.83,1.32,21.62
10011,10011,10011,28874.0,1301.0,100,,2.74,3085.0,605.0,10.68,2.04,11.92,7849.0,1096.0,15.46,2.03,8.49,469.0,229.0,5.98,2.8,29.68,371.0,148.0,4.73,1.77,24.25,2018.0,504.0,25.71,5.32,15.18,1239.0,484.0,15.79,5.76,23.75,3752.0,580.0,47.8,3.17,9.4,42006.0,2039.0,82.73,1.11,2.95,812.0,317.0,1.93,0.75,23.73,999.0,359.0,2.38,0.85,21.85,2686.0,714.0,6.39,1.67,16.16,33126.0,1830.0,78.86,2.08,3.36,45933.0,2034.0,90.47,5.82,2.69,815.0,276.0,1.77,0.6,20.59,50602.0,2375.0,99.67,0.52,2.85,5017.0,779.0,9.91,1.47,9.44,4775.0,791.0,9.4,1.49,10.07,191.0,192.0,4.0,3.97,61.11,36851.0,1924.0,72.58,1.7,3.17,2116.0,549.0,5.74,1.46,15.77,8976.0,989.0,17.68,1.76,6.7,2710.0,529.0,30.19,4.86,11.87,50398.0,2352.0,99.26,0.16,2.84,40959.0,2304.0,81.27,2.55,3.42,8553.0,1043.0,16.97,1.91,7.41,886.0,374.0,1.76,0.74,25.66,50772.0,2368.0,100,,2.84,40483.0,2230.0,79.73,2.34,3.35,38580.0,2081.0,75.99,2.06,3.28,1903.0,737.0,3.75,1.44,23.54,10289.0,1439.0,20.27,2.67,8.5,5548.0,1098.0,53.92,7.55,12.03,4741.0,821.0,46.08,4.71,10.53,2877.0,600.0,27.96,4.33,12.68,3496.0,824.0,33.98,6.45,14.33,492.0,334.0,4.78,3.18,41.27,237.0,126.0,2.3,1.18,32.32,2355.0,690.0,22.89,5.89,17.81,832.0,485.0,8.09,4.58,35.44,49563.0,2321.0,97.62,0.41,2.85,39761.0,2223.0,80.22,2.45,3.4,2226.0,654.0,4.49,1.3,17.86,4082.0,935.0,8.24,1.85,13.92,27897.0,1367.0,96.62,1.86,2.98,27261.0,1376.0,94.41,2.15,3.07,46727.0,2183.0,92.03,0.25,2.84,34106.0,1995.0,72.99,2.57,3.56,32527.0,2082.0,69.61,3.05,3.89,1533.0,415.0,3.28,0.87,16.46,46.0,54.0,0.1,0.12,71.36,12621.0,1079.0,27.01,1.93,5.2,,,4.49,1.19,16.46,31856.0,2056.0,62.74,2.8,3.92,1650.0,419.0,5.18,1.27,15.44,253.0,172.0,0.79,0.54,41.33,13550.0,1365.0,42.54,3.29,6.12,6236.0,816.0,19.58,2.23,7.95,7693.0,1060.0,24.15,2.94,8.38,32527.0,2082.0,64.06,2.81,3.89,54.0,75.0,0.17,0.23,84.43,249.0,171.0,0.77,0.52,41.75,955.0,311.0,2.94,0.94,19.8,499.0,245.0,1.53,0.75,29.85,1910.0,610.0,5.87,1.84,19.41,942.0,453.0,2.9,1.38,29.23,2976.0,647.0,9.15,1.9,13.22,6561.0,808.0,20.17,2.12,7.49,8510.0,1176.0,26.16,3.2,8.4,5628.0,859.0,17.3,2.4,9.28,2230.0,459.0,6.86,1.34,12.51,1362.0,356.0,4.19,1.06,15.89,651.0,231.0,2.0,0.7,21.57,1509.0,376.0,5.23,1.28,15.15,885.0,309.0,3.07,1.06,21.23,1364.0,390.0,4.72,1.33,17.38,1076.0,356.0,3.73,1.22,20.11,1914.0,539.0,6.63,1.84,17.12,2090.0,467.0,7.24,1.58,13.58,1865.0,642.0,6.46,2.2,20.93,3855.0,529.0,13.35,1.73,8.34,3784.0,708.0,13.11,2.38,11.37,10532.0,1132.0,36.48,3.56,6.53,23613.0,1297.0,81.78,2.57,3.34,6890.0,846.0,23.86,2.73,7.46,4427.0,496.0,15.33,1.57,6.81,795.0,246.0,2.75,0.84,18.81,593.0,300.0,2.05,1.03,30.75,1444.0,426.0,5.0,1.46,17.93,49555.0,2365.0,97.93,0.85,2.9,42849.0,2293.0,84.68,2.18,3.25,12852.0,1325.0,25.4,2.33,6.27,1047.0,390.0,2.07,0.76,22.64,25797.0,1928.0,50.81,2.97,4.54,24975.0,1506.0,49.19,1.88,3.67,1209.0,344.0,2.38,0.67,17.3,1200.0,350.0,2.36,0.68,17.73,1364.0,397.0,2.69,0.77,17.69,2418.0,546.0,4.76,1.05,13.73,2575.0,530.0,5.07,1.02,12.51,11706.0,1134.0,23.06,1.96,5.89,6899.0,1093.0,13.59,2.06,9.63,6029.0,803.0,11.87,1.48,8.1,4814.0,1047.0,9.48,2.01,13.22,3523.0,606.0,6.94,1.15,10.46,4750.0,814.0,9.36,1.54,10.42,3599.0,611.0,7.09,1.16,10.32,686.0,276.0,1.35,0.54,24.46,4793.0,788.0,9.44,1.49,9.99,45979.0,2029.0,90.56,5.81,2.68,9035.0,989.0,17.8,1.76,6.65,4163.0,819.0,8.2,1.57,11.96,37319.0,2119.0,73.5,2.38,3.45,2345.0,625.0,4.62,1.21,16.2,60.0,49.0,0.12,0.1,49.65,4519.0,938.0,8.9,1.8,12.62,0.0,,0.0,,,2366.0,787.0,4.66,1.53,20.22,7062.0,1119.0,13.91,2.11,9.63,43710.0,2307.0,86.09,2.13,3.21,34587.0,2033.0,68.12,2.44,3.57,2192.0,623.0,4.32,1.21,17.28,0.0,,0.0,,,4489.0,924.0,8.84,1.77,12.51,0.0,,0.0,,,260.0,243.0,0.51,0.48,56.82,2182.0,587.0,4.3,1.14,16.35
10012,10012,10012,11529.0,854.0,100,,4.5,983.0,214.0,8.53,1.75,13.23,4271.0,744.0,20.13,3.24,10.59,218.0,133.0,5.1,2.98,37.09,29.0,34.0,0.68,0.79,71.27,475.0,197.0,11.12,4.19,25.21,422.0,204.0,9.88,4.46,29.39,3127.0,656.0,73.21,8.56,12.75,16809.0,1200.0,79.23,1.97,4.34,401.0,174.0,2.39,1.02,26.38,275.0,145.0,1.64,0.85,32.05,848.0,347.0,5.04,2.03,24.88,13936.0,1132.0,82.91,3.21,4.94,19670.0,1277.0,92.71,8.64,3.95,192.0,119.0,0.98,0.6,37.68,21183.0,1419.0,99.84,0.28,4.07,1513.0,339.0,7.14,1.53,13.62,1513.0,369.0,7.13,1.67,14.83,1.0,6.0,0.07,0.4,364.74,16347.0,1260.0,77.05,2.95,4.69,669.0,211.0,4.09,1.25,19.17,3323.0,493.0,15.66,2.07,9.02,843.0,267.0,25.37,7.1,19.25,21090.0,1413.0,99.41,0.3,4.07,16569.0,1293.0,78.56,3.14,4.74,4239.0,771.0,20.1,3.4,11.06,282.0,155.0,1.34,0.73,33.41,21216.0,1420.0,100,,4.07,15369.0,1249.0,72.44,3.34,4.94,14897.0,1234.0,70.22,3.43,5.04,472.0,179.0,2.22,0.83,23.05,5847.0,829.0,27.56,3.44,8.62,2813.0,616.0,48.11,8.03,13.31,3034.0,679.0,51.89,8.99,13.6,1794.0,446.0,30.68,6.27,15.11,2576.0,632.0,44.06,8.82,14.91,27.0,37.0,0.46,0.63,83.31,175.0,100.0,2.99,1.66,34.74,996.0,288.0,17.03,4.29,17.58,279.0,143.0,4.77,2.35,31.16,20603.0,1382.0,97.11,0.43,4.08,15813.0,1364.0,76.75,4.16,5.24,1482.0,457.0,7.19,2.17,18.75,1222.0,380.0,5.93,1.8,18.9,11350.0,845.0,98.45,0.73,4.53,10961.0,850.0,95.07,2.18,4.71,19888.0,1298.0,93.74,8.76,3.97,14506.0,1121.0,72.94,3.02,4.7,13730.0,1091.0,69.04,3.13,4.83,743.0,309.0,3.74,1.53,25.28,33.0,32.0,0.17,0.16,58.95,5382.0,762.0,27.06,3.4,8.61,,,5.12,2.09,25.28,13650.0,1102.0,64.34,2.9,4.91,410.0,179.0,3.0,1.29,26.54,374.0,354.0,2.74,2.58,57.54,5085.0,684.0,37.25,4.01,8.18,3520.0,538.0,25.79,3.35,9.29,3140.0,684.0,23.0,4.65,13.24,13730.0,1091.0,64.72,2.77,4.83,20.0,30.0,0.15,0.22,91.19,112.0,71.0,0.82,0.51,38.54,461.0,182.0,3.36,1.3,24.0,359.0,187.0,2.61,1.35,31.67,998.0,238.0,7.27,1.63,14.5,71.0,69.0,0.52,0.5,59.08,885.0,293.0,6.45,2.07,20.13,2689.0,479.0,19.58,3.12,10.83,3029.0,489.0,22.06,3.1,9.81,2850.0,707.0,20.76,4.88,15.08,1652.0,541.0,12.03,3.82,19.91,307.0,144.0,2.24,1.03,28.51,297.0,177.0,2.16,1.28,36.23,1006.0,481.0,8.73,4.12,29.07,141.0,89.0,1.22,0.77,38.37,485.0,190.0,4.21,1.62,23.81,421.0,198.0,3.65,1.7,28.59,427.0,161.0,3.7,1.37,22.92,1330.0,456.0,11.54,3.86,20.84,780.0,252.0,6.77,2.13,19.64,2164.0,442.0,18.77,3.57,12.42,1115.0,338.0,9.67,2.84,18.43,3660.0,376.0,31.75,2.26,6.25,9905.0,786.0,85.91,2.45,4.82,2114.0,363.0,18.34,2.84,10.44,1335.0,313.0,11.58,2.58,14.25,276.0,125.0,2.39,1.07,27.53,295.0,125.0,2.56,1.07,25.76,398.0,145.0,3.45,1.23,22.15,20330.0,1390.0,95.97,1.31,4.16,17222.0,1451.0,81.3,4.15,5.12,4681.0,663.0,22.1,2.76,8.61,853.0,353.0,4.03,1.64,25.16,10210.0,1030.0,48.12,3.63,6.13,11006.0,853.0,51.88,2.03,4.71,613.0,191.0,2.89,0.88,18.94,161.0,70.0,0.76,0.33,26.43,407.0,232.0,1.92,1.09,34.65,473.0,187.0,2.23,0.87,24.03,2753.0,718.0,12.98,3.27,15.85,6303.0,724.0,29.71,2.77,6.98,2821.0,657.0,13.3,2.97,14.16,2884.0,601.0,13.59,2.68,12.67,793.0,255.0,3.74,1.18,19.55,685.0,222.0,3.23,1.02,19.7,2232.0,395.0,10.52,1.72,10.76,942.0,296.0,4.44,1.36,19.1,149.0,90.0,0.7,0.42,36.72,1513.0,369.0,7.13,1.67,14.83,19703.0,1277.0,92.87,8.65,3.94,3323.0,493.0,15.66,2.07,9.02,1251.0,389.0,5.9,1.79,18.9,14971.0,1241.0,70.56,3.45,5.04,598.0,396.0,2.82,1.86,40.26,59.0,98.0,0.28,0.46,100.97,3694.0,740.0,17.41,3.29,12.18,0.0,,0.0,,,643.0,281.0,3.03,1.31,26.57,2181.0,510.0,10.28,2.3,14.22,19035.0,1279.0,89.72,0.53,4.08,14226.0,1264.0,67.05,3.92,5.4,538.0,385.0,2.54,1.81,43.5,0.0,,0.0,,,3694.0,740.0,17.41,3.29,12.18,0.0,,0.0,,,44.0,50.0,0.21,0.24,69.08,533.0,181.0,2.51,0.84,20.64
10013,10013,10013,12753.0,1164.0,100,,5.55,3294.0,848.0,25.83,6.22,15.65,6058.0,662.0,20.57,1.81,6.64,470.0,190.0,7.76,3.02,24.57,216.0,80.0,3.57,1.26,22.51,2047.0,428.0,33.79,6.02,12.71,717.0,252.0,11.84,3.95,21.37,2608.0,310.0,43.05,2.01,7.23,22108.0,1554.0,75.06,2.04,4.27,1308.0,359.0,5.92,1.57,16.68,1467.0,338.0,6.64,1.46,14.01,1983.0,584.0,8.97,2.57,17.9,15593.0,1526.0,70.53,4.8,5.95,25308.0,1607.0,85.93,7.8,3.86,223.0,110.0,0.88,0.43,29.99,28964.0,1890.0,98.34,0.74,3.97,2383.0,545.0,8.23,1.8,13.9,4145.0,631.0,14.07,1.94,9.25,66.0,67.0,1.59,1.6,61.71,19767.0,1594.0,67.11,3.22,4.9,697.0,222.0,3.53,1.09,19.36,5052.0,932.0,17.15,2.96,11.21,1620.0,513.0,32.07,8.25,19.25,29162.0,1887.0,99.01,9.07,3.93,22452.0,1708.0,76.99,3.08,4.62,5781.0,775.0,19.82,2.33,8.15,929.0,418.0,3.19,1.42,27.35,29453.0,1909.0,100,,3.94,20334.0,1417.0,69.04,1.77,4.24,19805.0,1390.0,67.24,1.81,4.27,529.0,184.0,1.8,0.61,21.14,9119.0,1193.0,30.96,3.52,7.95,5818.0,1037.0,63.8,7.72,10.84,3301.0,593.0,36.2,4.46,10.92,2092.0,1061.0,22.94,11.24,30.83,5400.0,943.0,59.22,6.85,10.62,116.0,109.0,1.27,1.18,57.12,450.0,372.0,4.93,4.03,50.25,750.0,311.0,8.22,3.24,25.21,311.0,145.0,3.41,1.53,28.34,28204.0,1807.0,95.76,8.73,3.89,18591.0,1340.0,65.92,2.18,4.38,4713.0,942.0,16.71,3.16,12.15,1006.0,344.0,3.57,1.2,20.79,11684.0,1145.0,91.62,3.27,5.96,11375.0,1122.0,89.19,3.34,6.0,25578.0,1598.0,86.84,7.82,3.8,16637.0,1297.0,65.04,3.03,4.74,15901.0,1290.0,62.17,3.22,4.93,736.0,245.0,2.88,0.94,20.24,0.0,,0.0,,,8941.0,1105.0,34.96,3.73,7.51,,,4.42,1.43,20.24,15556.0,1291.0,52.82,2.74,5.05,808.0,275.0,5.19,1.71,20.69,203.0,116.0,1.3,0.74,34.74,6392.0,1075.0,41.09,6.01,10.22,3457.0,492.0,22.22,2.57,8.65,3475.0,772.0,22.34,4.6,13.51,15901.0,1290.0,53.99,2.63,4.93,0.0,,0.0,,,251.0,189.0,1.58,1.18,45.77,380.0,186.0,2.39,1.15,29.76,259.0,123.0,1.63,0.76,28.87,793.0,194.0,4.99,1.15,14.87,368.0,245.0,2.31,1.53,40.47,1297.0,356.0,8.16,2.14,16.69,4453.0,894.0,28.0,5.14,12.2,3579.0,553.0,22.51,2.96,9.39,2321.0,450.0,14.6,2.57,11.79,1270.0,276.0,7.99,1.61,13.21,711.0,284.0,4.47,1.75,24.28,219.0,118.0,1.38,0.73,32.75,509.0,187.0,3.99,1.42,22.33,661.0,257.0,5.18,1.96,23.64,661.0,205.0,5.18,1.54,18.85,295.0,124.0,2.31,0.95,25.55,418.0,165.0,3.28,1.26,24.0,1328.0,482.0,10.41,3.66,22.06,833.0,327.0,6.53,2.49,23.86,1658.0,350.0,13.0,2.47,12.83,1282.0,383.0,10.05,2.86,18.16,5108.0,823.0,40.05,5.32,9.79,10164.0,1037.0,79.7,3.63,6.2,2929.0,588.0,22.97,4.11,12.2,1183.0,255.0,9.28,1.81,13.1,736.0,260.0,5.77,1.97,21.47,377.0,177.0,2.96,1.36,28.54,1558.0,324.0,12.22,2.28,12.64,27780.0,1944.0,95.91,2.42,4.25,22392.0,1912.0,77.31,4.26,5.19,7282.0,1113.0,25.14,3.47,9.29,1184.0,349.0,4.09,1.18,17.92,14646.0,1378.0,49.73,3.39,5.72,14807.0,1061.0,50.27,1.54,4.36,1249.0,277.0,4.24,0.9,13.48,1108.0,214.0,3.76,0.68,11.74,1376.0,471.0,4.67,1.57,20.81,1129.0,279.0,3.83,0.91,15.02,2483.0,378.0,8.43,1.16,9.25,4671.0,559.0,15.86,1.6,7.28,5309.0,1026.0,18.03,3.28,11.75,4113.0,913.0,13.96,2.96,13.49,1862.0,451.0,6.32,1.48,14.72,1098.0,304.0,3.73,1.0,16.83,2537.0,562.0,8.61,1.82,13.47,1642.0,872.0,5.57,2.94,32.28,876.0,276.0,2.97,0.92,19.15,4145.0,631.0,14.07,1.94,9.25,25308.0,1607.0,85.93,7.8,3.86,5055.0,932.0,17.16,2.96,11.21,1910.0,549.0,6.48,1.82,17.47,17019.0,1744.0,57.78,4.59,6.23,964.0,323.0,3.27,1.08,20.37,52.0,49.0,0.18,0.17,57.28,8747.0,1300.0,29.7,3.97,9.03,0.0,,0.0,,,761.0,260.0,2.58,0.87,20.77,2447.0,653.0,8.31,2.15,16.22,27006.0,2002.0,91.69,3.3,4.51,15832.0,1803.0,53.75,5.03,6.92,821.0,272.0,2.79,0.91,20.14,52.0,49.0,0.18,0.17,57.28,8747.0,1300.0,29.7,3.97,9.03,0.0,,0.0,,,187.0,121.0,0.63,0.41,39.33,1367.0,461.0,4.64,1.54,20.5
10014,10014,10014,17504.0,972.0,100,,3.38,1364.0,269.0,7.79,1.47,11.99,3184.0,565.0,10.81,1.81,10.79,200.0,128.0,6.28,3.86,38.91,18.0,19.0,0.57,0.59,64.17,1078.0,350.0,33.86,9.21,19.74,313.0,156.0,9.83,4.58,30.3,1575.0,381.0,49.47,8.13,14.71,25527.0,1594.0,86.65,1.78,3.8,105.0,85.0,0.41,0.33,49.21,183.0,117.0,0.72,0.46,38.87,1281.0,511.0,5.02,1.98,24.25,21643.0,1258.0,84.78,7.23,3.53,27288.0,1584.0,92.62,7.66,3.53,662.0,280.0,2.43,1.02,25.71,29430.0,1737.0,99.89,0.27,3.59,1925.0,402.0,6.54,1.31,12.69,2173.0,464.0,7.38,1.51,12.98,12.0,21.0,0.55,0.96,106.38,22212.0,1514.0,75.39,2.58,4.14,478.0,153.0,2.15,0.67,19.46,5045.0,636.0,17.12,1.91,7.66,1435.0,381.0,28.44,6.65,16.14,29229.0,1715.0,99.21,8.25,3.57,23888.0,1757.0,81.73,3.62,4.47,5059.0,713.0,17.31,2.22,8.57,282.0,148.0,0.96,0.5,31.9,29461.0,1737.0,100,,3.58,23926.0,1703.0,81.21,3.24,4.33,23121.0,1704.0,78.48,3.47,4.48,805.0,257.0,2.73,0.86,19.41,5535.0,647.0,18.79,1.9,7.11,2928.0,488.0,52.9,6.28,10.13,2607.0,488.0,47.1,6.89,11.38,2591.0,498.0,46.81,7.14,11.68,1076.0,368.0,19.44,6.25,20.79,242.0,143.0,4.37,2.53,35.92,275.0,163.0,4.97,2.89,36.03,901.0,417.0,16.28,7.29,28.13,450.0,210.0,8.13,3.67,28.37,28753.0,1681.0,97.6,8.1,3.55,24073.0,1695.0,83.72,3.29,4.28,552.0,225.0,1.92,0.77,24.78,1876.0,622.0,6.52,2.13,20.16,16990.0,1009.0,97.06,2.04,3.61,16645.0,1024.0,95.09,2.52,3.74,27505.0,1596.0,93.36,7.72,3.53,21723.0,1538.0,78.98,3.2,4.3,20071.0,1467.0,72.97,3.24,4.44,1652.0,460.0,6.01,1.64,16.93,0.0,,0.0,,,5782.0,739.0,21.02,2.39,7.77,,,7.6,2.05,16.93,19846.0,1446.0,67.36,2.88,4.43,819.0,250.0,4.13,1.22,18.56,167.0,89.0,0.84,0.44,32.4,8161.0,879.0,41.12,3.26,6.55,3694.0,705.0,18.61,3.28,11.6,5021.0,640.0,25.3,2.65,7.75,20071.0,1467.0,68.13,2.94,4.44,0.0,,0.0,,,183.0,114.0,0.91,0.56,37.87,537.0,220.0,2.68,1.08,24.9,392.0,186.0,1.95,0.92,28.84,1503.0,310.0,7.49,1.44,12.54,226.0,169.0,1.13,0.84,45.46,1496.0,365.0,7.45,1.74,14.83,5092.0,777.0,25.37,3.4,9.28,5536.0,827.0,27.58,3.59,9.08,2564.0,504.0,12.77,2.33,11.95,1882.0,361.0,9.38,1.66,11.66,396.0,199.0,1.97,0.98,30.55,264.0,146.0,1.32,0.72,33.62,770.0,284.0,4.4,1.6,22.42,308.0,158.0,1.76,0.9,31.18,709.0,214.0,4.05,1.2,18.35,524.0,246.0,2.99,1.4,28.54,925.0,290.0,5.28,1.63,19.06,1309.0,347.0,7.48,1.94,16.11,1911.0,389.0,10.92,2.14,12.37,2326.0,459.0,13.29,2.52,12.0,1742.0,553.0,9.95,3.11,19.3,6980.0,544.0,39.88,2.18,4.74,14690.0,969.0,83.92,2.99,4.01,2982.0,458.0,17.04,2.44,9.34,2693.0,494.0,15.39,2.69,11.15,215.0,126.0,1.23,0.72,35.63,231.0,149.0,1.32,0.85,39.21,553.0,179.0,3.16,1.01,19.68,28626.0,1736.0,97.27,1.36,3.69,25414.0,1737.0,86.35,2.98,4.15,5812.0,652.0,19.75,1.88,6.82,804.0,303.0,2.73,1.02,22.91,14592.0,1146.0,49.53,2.57,4.77,14869.0,1075.0,50.47,2.11,4.4,708.0,285.0,2.4,0.96,24.47,422.0,184.0,1.43,0.62,26.51,735.0,325.0,2.49,1.09,26.88,483.0,181.0,1.64,0.61,22.78,1586.0,366.0,5.38,1.2,14.03,8572.0,885.0,29.1,2.47,6.28,4207.0,828.0,14.28,2.68,11.96,4060.0,764.0,13.78,2.46,11.44,2177.0,493.0,7.39,1.62,13.77,1435.0,368.0,4.87,1.22,15.59,2941.0,517.0,9.98,1.65,10.69,1628.0,357.0,5.53,1.17,13.33,507.0,182.0,1.72,0.61,21.82,2173.0,464.0,7.38,1.51,12.98,27288.0,1584.0,92.62,7.66,3.53,5076.0,636.0,17.23,1.9,7.62,2425.0,690.0,8.23,2.29,17.3,24159.0,1514.0,82.0,1.74,3.81,650.0,350.0,2.21,1.18,32.73,48.0,67.0,0.16,0.23,84.85,1662.0,447.0,5.64,1.48,16.35,0.0,,0.0,,,517.0,252.0,1.75,0.85,29.63,3271.0,892.0,11.1,2.96,16.58,26190.0,1701.0,88.9,2.42,3.95,22871.0,1491.0,77.63,2.16,3.96,650.0,350.0,2.21,1.18,32.73,26.0,57.0,0.09,0.19,133.27,1647.0,448.0,5.59,1.48,16.54,0.0,,0.0,,,85.0,65.0,0.29,0.22,46.49,911.0,319.0,3.09,1.07,21.29
10016,10016,10016,30162.0,1498.0,100,,3.02,2577.0,508.0,8.54,1.63,11.98,7247.0,1228.0,13.33,2.12,10.3,474.0,320.0,6.54,4.27,41.04,295.0,148.0,4.07,1.92,30.5,2175.0,683.0,30.01,7.93,19.09,602.0,248.0,8.31,3.12,25.04,3701.0,740.0,51.07,5.42,12.15,43500.0,2603.0,80.01,0.95,3.64,514.0,278.0,1.18,0.64,32.88,952.0,319.0,2.19,0.72,20.37,2309.0,765.0,5.31,1.73,20.14,35623.0,2094.0,81.89,6.87,3.57,49510.0,2610.0,91.06,7.18,3.2,984.0,361.0,1.99,0.72,22.3,54173.0,3185.0,99.64,0.4,3.57,3228.0,655.0,5.96,1.16,12.34,4848.0,1072.0,8.92,1.9,13.44,198.0,191.0,4.08,3.83,58.64,42497.0,2289.0,78.16,6.22,3.27,1827.0,532.0,4.3,1.23,17.7,6828.0,991.0,12.56,1.67,8.82,1203.0,376.0,17.62,4.88,19.0,53836.0,3111.0,99.02,8.15,3.51,40461.0,2985.0,75.16,3.45,4.48,11976.0,1655.0,22.25,2.79,8.4,1399.0,925.0,2.6,1.71,40.19,54369.0,3189.0,100,,3.57,40145.0,2856.0,73.84,2.97,4.32,39283.0,2840.0,72.25,3.05,4.39,862.0,304.0,1.59,0.55,21.44,14224.0,1795.0,26.16,2.92,7.67,6465.0,1029.0,45.45,4.41,9.68,7759.0,1322.0,54.55,6.24,10.36,3734.0,1033.0,26.25,6.46,16.82,6943.0,1027.0,48.81,3.77,8.99,274.0,178.0,1.93,1.23,39.49,251.0,141.0,1.76,0.97,34.15,2610.0,1028.0,18.35,6.85,23.94,412.0,203.0,2.9,1.38,29.95,52571.0,2943.0,96.69,7.84,3.4,36846.0,2210.0,70.09,1.51,3.65,2928.0,728.0,5.57,1.35,15.11,5240.0,1782.0,9.97,3.34,20.67,29311.0,1395.0,97.18,6.68,2.89,28422.0,1364.0,94.23,6.51,2.92,49709.0,2626.0,91.43,7.22,3.21,38994.0,2220.0,78.44,1.66,3.46,37396.0,2116.0,75.23,1.53,3.44,1598.0,495.0,3.21,0.98,18.83,0.0,,0.0,,,10715.0,1456.0,21.56,2.7,8.26,,,4.1,1.25,18.83,37159.0,2114.0,68.35,5.58,3.46,1838.0,599.0,4.95,1.59,19.81,301.0,197.0,0.81,0.53,39.79,11224.0,1065.0,30.21,2.29,5.77,13677.0,1304.0,36.81,2.82,5.8,8040.0,1292.0,21.64,3.25,9.77,37396.0,2116.0,68.78,5.61,3.44,28.0,48.0,0.07,0.13,104.21,838.0,447.0,2.24,1.19,32.43,1339.0,360.0,3.58,0.94,16.34,883.0,390.0,2.36,1.03,26.85,2115.0,594.0,5.66,1.56,17.07,405.0,222.0,1.08,0.59,33.32,2139.0,499.0,5.72,1.29,14.18,8648.0,1177.0,23.13,2.86,8.27,10153.0,1075.0,27.15,2.43,6.44,6628.0,980.0,17.72,2.42,8.99,2151.0,532.0,5.75,1.38,15.04,797.0,280.0,2.13,0.74,21.36,1272.0,465.0,3.4,1.23,22.22,1598.0,402.0,5.3,1.31,15.29,860.0,319.0,2.85,1.05,22.55,1032.0,536.0,3.42,1.77,31.57,1271.0,550.0,4.21,1.81,26.31,800.0,331.0,2.65,1.09,25.15,2191.0,537.0,7.26,1.74,14.9,2597.0,530.0,8.61,1.7,12.41,5024.0,745.0,16.66,2.33,9.01,3087.0,622.0,10.23,2.0,12.25,11702.0,971.0,38.8,2.58,5.04,25084.0,1267.0,83.16,0.77,3.07,5222.0,960.0,17.31,3.06,11.18,3880.0,744.0,12.86,2.38,11.66,671.0,330.0,2.22,1.09,29.9,374.0,188.0,1.24,0.62,30.56,1014.0,301.0,3.36,0.98,18.05,51977.0,3326.0,95.95,2.42,3.89,46885.0,3033.0,86.55,2.34,3.93,10218.0,1383.0,18.86,2.3,8.23,2196.0,949.0,4.05,1.74,26.27,27257.0,2060.0,50.13,2.39,4.59,27112.0,1978.0,49.87,2.16,4.44,1798.0,597.0,3.31,1.08,20.18,1261.0,441.0,2.32,0.8,21.26,1410.0,599.0,2.59,1.09,25.83,914.0,228.0,1.68,0.41,15.16,5486.0,936.0,10.09,1.62,10.37,18445.0,1772.0,33.93,2.58,5.84,7657.0,1127.0,14.08,1.9,8.95,6338.0,758.0,11.66,1.21,7.27,2619.0,512.0,4.82,0.9,11.88,1573.0,432.0,2.89,0.78,16.7,3975.0,884.0,7.31,1.57,13.52,1833.0,413.0,3.37,0.73,13.7,1060.0,560.0,1.95,1.02,32.12,4859.0,1074.0,8.94,1.9,13.44,49510.0,2610.0,91.06,7.18,3.2,6868.0,990.0,12.63,1.66,8.76,5661.0,1324.0,10.41,2.36,14.22,34711.0,2443.0,63.84,2.48,4.28,2603.0,537.0,4.79,0.95,12.54,27.0,34.0,0.05,0.06,76.55,10521.0,1281.0,19.35,2.06,7.4,15.0,10.0,0.03,0.02,40.53,831.0,322.0,1.53,0.59,23.56,6786.0,1528.0,12.48,2.71,13.69,47583.0,2718.0,87.52,7.17,3.47,31619.0,2227.0,58.16,2.27,4.28,2492.0,522.0,4.58,0.92,12.73,11.0,18.0,0.02,0.03,99.47,10430.0,1283.0,19.18,2.07,7.48,0.0,,0.0,,,129.0,141.0,0.24,0.26,66.45,2902.0,798.0,5.34,1.43,16.72
10017,10017,"10017, 10165, 10167, 10168, 10169, 10170, 10171, 10172, 10173, 10174, 10177",9155.0,913.0,100,,6.06,443.0,211.0,4.84,2.25,28.95,792.0,320.0,5.47,2.14,24.56,18.0,49.0,2.27,6.12,165.48,58.0,75.0,7.32,9.0,78.61,382.0,222.0,48.23,20.15,35.33,24.0,53.0,3.03,6.58,134.25,310.0,147.0,39.14,9.72,28.83,12829.0,1366.0,88.56,2.22,6.47,273.0,202.0,2.13,1.56,44.98,211.0,176.0,1.64,1.36,50.71,473.0,232.0,3.69,1.77,29.82,11016.0,1364.0,85.87,5.43,7.53,13839.0,1417.0,95.53,13.91,6.22,354.0,273.0,2.56,1.96,46.88,14486.0,1499.0,100.0,0.0,6.29,1210.0,464.0,8.35,3.08,23.31,647.0,305.0,4.47,2.05,28.66,20.0,51.0,3.09,7.75,155.02,10403.0,1290.0,71.81,4.91,7.54,735.0,409.0,7.07,3.83,33.83,3436.0,813.0,23.72,5.05,14.38,455.0,215.0,13.24,5.42,28.73,14457.0,1492.0,99.8,14.59,6.27,11650.0,1389.0,80.58,4.81,7.25,2302.0,543.0,15.92,3.38,14.34,505.0,322.0,3.49,2.2,38.76,14486.0,1499.0,100,,6.29,9315.0,1142.0,64.3,4.23,7.45,8797.0,1076.0,60.73,3.96,7.44,518.0,299.0,3.58,2.03,35.09,5171.0,961.0,35.7,5.51,11.3,2547.0,748.0,49.26,11.2,17.85,2624.0,698.0,50.74,9.66,16.17,1436.0,575.0,27.77,9.85,24.34,2190.0,476.0,42.35,4.77,13.21,264.0,233.0,5.11,4.4,53.65,78.0,91.0,1.51,1.74,70.92,680.0,369.0,13.15,6.7,32.99,523.0,478.0,10.11,9.05,55.56,14293.0,1478.0,98.67,14.43,6.29,10251.0,1404.0,71.72,6.44,8.33,1120.0,535.0,7.84,3.65,29.04,497.0,278.0,3.48,1.91,34.0,9052.0,904.0,98.87,0.52,6.07,8877.0,904.0,96.96,2.0,6.19,13863.0,1417.0,95.7,13.92,6.21,10781.0,1335.0,77.77,5.44,7.53,10252.0,1304.0,73.95,5.6,7.73,529.0,293.0,3.82,2.08,33.67,0.0,,0.0,,,3082.0,599.0,22.23,3.68,11.81,,,4.91,2.65,33.67,10147.0,1299.0,70.05,5.28,7.78,542.0,317.0,5.34,3.05,35.55,153.0,209.0,1.51,2.05,83.04,3063.0,718.0,30.19,5.93,14.25,3596.0,762.0,35.44,5.98,12.88,2474.0,734.0,24.38,6.53,18.04,10252.0,1304.0,70.77,5.23,7.73,0.0,,0.0,,,125.0,121.0,1.22,1.17,58.84,214.0,140.0,2.09,1.34,39.77,175.0,124.0,1.71,1.19,43.07,756.0,383.0,7.37,3.62,30.8,136.0,133.0,1.33,1.29,59.45,730.0,302.0,7.12,2.8,25.15,2118.0,473.0,20.66,3.79,13.58,2507.0,547.0,24.45,4.34,13.26,1748.0,740.0,17.05,6.88,25.74,562.0,267.0,5.48,2.51,28.88,426.0,258.0,4.16,2.46,36.82,755.0,452.0,7.36,4.31,36.39,358.0,218.0,3.91,2.35,37.02,221.0,210.0,2.41,2.28,57.76,188.0,146.0,2.05,1.58,47.21,792.0,426.0,8.65,4.57,32.7,527.0,275.0,5.76,2.95,31.72,817.0,346.0,8.92,3.67,25.74,650.0,306.0,7.1,3.27,28.62,1523.0,430.0,16.64,4.39,17.16,1254.0,370.0,13.7,3.8,17.94,2825.0,582.0,30.86,5.56,12.52,7518.0,864.0,82.12,4.69,6.99,2235.0,512.0,24.41,5.03,13.93,1982.0,508.0,21.65,5.11,15.58,16.0,49.0,0.17,0.53,186.17,62.0,82.0,0.68,0.89,80.4,204.0,172.0,2.23,1.87,51.25,13817.0,1408.0,95.38,13.85,6.19,11883.0,1390.0,82.03,4.47,7.11,3633.0,747.0,25.08,4.46,12.5,669.0,463.0,4.62,3.16,42.07,6305.0,803.0,43.52,3.23,7.74,8181.0,1055.0,56.48,4.35,7.84,193.0,131.0,1.33,0.89,41.26,177.0,154.0,1.22,1.06,52.89,232.0,183.0,1.6,1.25,47.95,59.0,69.0,0.41,0.47,71.09,996.0,473.0,6.88,3.19,28.87,3966.0,647.0,27.38,3.45,9.92,2749.0,914.0,18.98,6.0,20.21,1558.0,487.0,10.76,3.17,19.0,551.0,256.0,3.8,1.72,28.24,569.0,248.0,3.93,1.66,26.5,1764.0,502.0,12.18,3.23,17.3,1430.0,535.0,9.87,3.55,22.74,242.0,142.0,1.67,0.96,35.67,647.0,305.0,4.47,2.05,28.66,13839.0,1417.0,95.53,13.91,6.22,3436.0,813.0,23.72,5.05,14.38,733.0,429.0,5.06,2.91,35.58,9949.0,1322.0,68.68,5.73,8.08,461.0,319.0,3.18,2.18,42.07,21.0,47.0,0.14,0.32,136.05,3035.0,504.0,20.95,2.72,10.09,40.0,78.0,0.28,0.54,118.54,247.0,279.0,1.71,1.92,68.67,414.0,209.0,2.86,1.41,30.69,14072.0,1489.0,97.14,2.15,6.43,9623.0,1293.0,66.43,5.69,8.17,461.0,319.0,3.18,2.18,42.07,12.0,45.0,0.08,0.31,227.96,3035.0,504.0,20.95,2.72,10.09,40.0,78.0,0.28,0.54,118.54,230.0,280.0,1.59,1.93,74.01,671.0,425.0,4.63,2.89,38.5
10018,10018,10018,4704.0,396.0,100,,5.12,434.0,137.0,9.23,2.81,19.19,1395.0,406.0,16.11,4.33,17.69,86.0,77.0,6.16,5.22,54.43,58.0,46.0,4.16,3.07,48.21,192.0,135.0,13.76,8.81,42.74,73.0,65.0,5.23,4.4,54.13,986.0,376.0,70.68,17.42,23.18,7451.0,823.0,86.05,13.54,6.71,259.0,155.0,3.48,2.04,36.38,359.0,216.0,4.82,2.85,36.58,525.0,151.0,7.05,1.87,17.48,5699.0,716.0,76.49,4.58,7.64,8002.0,923.0,92.41,2.5,7.01,65.0,48.0,0.81,0.59,44.89,8659.0,971.0,100.0,0.0,6.82,776.0,361.0,8.96,4.05,28.28,657.0,203.0,7.59,2.18,18.78,0.0,,0.0,,,7141.0,771.0,82.47,12.84,6.56,381.0,204.0,5.34,2.8,32.55,861.0,428.0,9.94,4.82,30.22,395.0,294.0,45.88,25.41,45.25,8609.0,966.0,99.42,0.4,6.82,6342.0,838.0,73.67,5.14,8.03,1931.0,433.0,22.43,4.35,13.63,336.0,228.0,3.9,2.61,41.25,8659.0,971.0,100,,6.82,4722.0,765.0,54.53,6.38,9.85,4470.0,726.0,51.62,6.07,9.87,252.0,123.0,2.91,1.38,29.67,3937.0,566.0,45.47,4.09,8.74,1913.0,381.0,48.59,6.7,12.11,2024.0,412.0,51.41,7.41,12.37,982.0,296.0,24.94,6.61,18.32,1876.0,379.0,47.65,6.76,12.28,110.0,73.0,2.79,1.81,40.34,41.0,40.0,1.04,1.0,59.31,749.0,251.0,19.02,5.76,20.37,179.0,195.0,4.55,4.91,66.22,8417.0,961.0,97.21,2.09,6.94,4761.0,720.0,56.56,5.61,9.19,1327.0,416.0,15.77,4.6,19.06,732.0,296.0,8.7,3.37,24.58,4613.0,385.0,98.07,11.62,5.07,4492.0,409.0,95.49,3.31,5.54,8040.0,917.0,92.85,1.93,6.93,6203.0,576.0,77.15,11.35,5.64,5899.0,535.0,73.37,10.69,5.51,304.0,161.0,3.78,1.96,32.19,0.0,,0.0,,,1837.0,581.0,22.85,6.74,19.23,,,4.9,2.56,32.19,5849.0,538.0,67.55,9.8,5.59,237.0,159.0,4.05,2.69,40.78,49.0,50.0,0.84,0.85,62.03,2107.0,360.0,36.02,5.19,10.39,1818.0,368.0,31.08,5.6,12.31,1243.0,238.0,21.25,3.57,11.64,5899.0,535.0,68.13,9.83,5.51,0.0,,0.0,,,28.0,30.0,0.47,0.51,65.13,142.0,83.0,2.41,1.39,35.53,141.0,89.0,2.39,1.49,38.37,291.0,105.0,4.93,1.72,21.93,42.0,41.0,0.71,0.69,59.34,320.0,134.0,5.42,2.22,25.46,1539.0,308.0,26.09,4.65,12.17,1545.0,325.0,26.19,4.97,12.79,1038.0,301.0,17.6,4.85,17.63,481.0,199.0,8.15,3.29,25.15,69.0,39.0,1.17,0.65,34.36,263.0,111.0,4.46,1.84,25.66,332.0,160.0,7.06,3.35,29.3,144.0,94.0,3.06,1.98,39.68,101.0,75.0,2.15,1.58,45.14,158.0,92.0,3.36,1.94,35.4,170.0,78.0,3.61,1.63,27.89,430.0,254.0,9.14,5.34,35.91,471.0,161.0,10.01,3.32,20.78,552.0,183.0,11.73,3.76,20.15,501.0,177.0,10.65,3.65,21.48,1845.0,307.0,39.22,5.63,10.12,4159.0,355.0,88.41,1.25,5.19,442.0,195.0,9.4,4.07,26.82,395.0,194.0,8.4,4.06,29.86,140.0,99.0,2.98,2.09,42.99,36.0,38.0,0.77,0.81,64.17,281.0,163.0,5.97,3.43,35.26,8209.0,892.0,94.8,14.8,6.61,6951.0,821.0,80.27,2.98,7.18,1751.0,505.0,20.22,5.37,17.53,450.0,248.0,5.2,2.8,33.5,4410.0,602.0,50.93,3.96,8.3,4249.0,692.0,49.07,5.8,9.9,242.0,108.0,2.79,1.21,27.13,218.0,135.0,2.52,1.53,37.65,124.0,108.0,1.43,1.24,52.95,235.0,199.0,2.71,2.28,51.48,389.0,157.0,4.49,1.74,24.53,3629.0,624.0,41.91,5.46,10.45,1290.0,314.0,14.9,3.22,14.8,765.0,207.0,8.83,2.18,16.45,479.0,192.0,5.53,2.13,24.37,427.0,193.0,4.93,2.16,27.48,593.0,312.0,6.85,3.52,31.98,111.0,76.0,1.28,0.87,41.62,157.0,166.0,1.81,1.91,64.28,657.0,203.0,7.59,2.18,18.78,8002.0,923.0,92.41,2.5,7.01,861.0,428.0,9.94,4.82,30.22,713.0,275.0,8.23,3.04,23.45,4425.0,766.0,51.1,6.74,10.52,544.0,241.0,6.28,2.69,26.93,29.0,56.0,0.33,0.65,117.39,2558.0,506.0,29.54,4.81,12.02,0.0,,0.0,,,390.0,171.0,4.5,1.91,26.65,1149.0,343.0,13.27,3.67,18.15,7510.0,919.0,86.73,4.25,7.44,4095.0,744.0,47.29,6.76,11.04,541.0,241.0,6.25,2.69,27.08,18.0,56.0,0.21,0.65,189.13,2392.0,503.0,27.62,4.91,12.78,0.0,,0.0,,,59.0,55.0,0.68,0.63,56.67,405.0,232.0,4.68,2.63,34.82
10019,10019,"10019, 10020, 10103, 10111, 10112",26297.0,1502.0,100,,3.47,1773.0,363.0,6.74,1.33,12.45,4612.0,835.0,10.78,1.86,11.01,527.0,281.0,11.43,5.73,32.41,241.0,183.0,5.23,3.85,46.16,708.0,377.0,15.35,7.69,32.37,552.0,365.0,11.97,7.61,40.2,2584.0,538.0,56.03,5.76,12.66,37804.0,2180.0,88.4,1.24,3.51,614.0,279.0,1.62,0.73,27.62,735.0,408.0,1.94,1.07,33.74,3204.0,869.0,8.48,2.25,16.49,29030.0,2030.0,76.79,3.04,4.25,40000.0,2167.0,93.53,7.28,3.29,1449.0,578.0,3.62,1.43,24.25,42715.0,2391.0,99.88,0.22,3.4,5599.0,1283.0,13.11,2.91,13.93,2766.0,642.0,6.47,1.46,14.11,130.0,175.0,4.7,6.23,81.83,31278.0,2032.0,73.14,2.42,3.95,2176.0,540.0,6.96,1.67,15.09,8671.0,1426.0,20.28,3.14,10.0,3293.0,1134.0,37.98,11.49,20.93,42644.0,2387.0,99.71,0.22,3.4,34816.0,2296.0,81.64,2.85,4.01,7108.0,914.0,16.67,1.93,7.82,720.0,286.0,1.69,0.66,24.15,42766.0,2392.0,100,,3.4,28605.0,2055.0,66.89,3.02,4.37,27911.0,2063.0,65.26,3.15,4.49,694.0,363.0,1.62,0.84,31.8,14161.0,1604.0,33.11,3.26,6.89,8119.0,1342.0,57.33,6.9,10.05,6042.0,917.0,42.67,4.31,9.23,3291.0,700.0,23.24,4.18,12.93,5607.0,913.0,39.59,4.63,9.9,435.0,245.0,3.07,1.69,34.24,93.0,91.0,0.66,0.64,59.48,4112.0,1042.0,29.04,6.58,15.4,623.0,310.0,4.4,2.13,30.25,41667.0,2308.0,97.43,7.67,3.37,27710.0,1894.0,66.5,2.66,4.16,3137.0,719.0,7.53,1.67,13.93,5560.0,1150.0,13.34,2.66,12.57,24622.0,1444.0,93.63,1.25,3.57,23817.0,1536.0,90.57,2.71,3.92,40210.0,2147.0,94.02,7.27,3.25,28094.0,1767.0,69.87,2.32,3.82,26388.0,1694.0,65.63,2.34,3.9,1706.0,568.0,4.24,1.39,20.24,0.0,,0.0,,,12116.0,1641.0,30.13,3.75,8.23,,,6.07,1.99,20.24,26119.0,1687.0,61.07,1.97,3.93,1067.0,331.0,4.09,1.24,18.86,142.0,122.0,0.54,0.47,52.23,10372.0,1020.0,39.71,2.94,5.98,7119.0,999.0,27.26,3.4,8.53,5518.0,1105.0,21.13,4.0,12.17,26388.0,1694.0,61.7,1.94,3.9,0.0,,0.0,,,260.0,237.0,0.99,0.9,55.41,1109.0,435.0,4.2,1.63,23.84,656.0,293.0,2.49,1.1,27.15,1382.0,383.0,5.24,1.41,16.85,416.0,253.0,1.58,0.95,36.97,1502.0,400.0,5.69,1.47,16.19,6401.0,955.0,24.26,3.27,9.07,6903.0,971.0,26.16,3.27,8.55,4156.0,785.0,15.75,2.8,11.48,1980.0,472.0,7.5,1.72,14.49,848.0,316.0,3.21,1.18,22.65,775.0,287.0,2.94,1.07,22.51,1954.0,504.0,7.43,1.87,15.68,1140.0,518.0,4.34,1.95,27.62,2006.0,764.0,7.63,2.87,23.15,1206.0,499.0,4.59,1.88,25.15,2418.0,878.0,9.19,3.3,22.07,1678.0,491.0,6.38,1.83,17.79,1802.0,445.0,6.85,1.65,15.01,3019.0,614.0,11.48,2.24,12.36,2595.0,653.0,9.87,2.42,15.3,8479.0,945.0,32.24,3.09,6.78,20078.0,1235.0,76.35,1.74,3.74,6450.0,1232.0,24.53,4.47,11.61,3756.0,839.0,14.28,3.08,13.58,976.0,357.0,3.71,1.34,22.24,452.0,239.0,1.72,0.9,32.14,2508.0,827.0,9.54,3.1,20.05,41439.0,2237.0,97.01,7.54,3.28,33685.0,1824.0,78.86,6.14,3.29,12938.0,1724.0,30.29,3.66,8.1,1276.0,596.0,2.99,1.39,28.39,23411.0,1728.0,54.74,2.64,4.49,19355.0,1519.0,45.26,2.49,4.77,1099.0,463.0,2.57,1.07,25.61,728.0,295.0,1.7,0.68,24.63,442.0,361.0,1.03,0.84,49.65,954.0,614.0,2.23,1.43,39.12,1739.0,353.0,4.07,0.79,12.34,11441.0,1341.0,26.75,2.76,7.13,6753.0,1031.0,15.79,2.24,9.28,5517.0,1065.0,12.9,2.38,11.73,3140.0,754.0,7.34,1.71,14.6,2273.0,540.0,5.31,1.23,14.44,5441.0,1143.0,12.72,2.58,12.77,2376.0,622.0,5.56,1.42,15.91,863.0,396.0,2.02,0.92,27.89,2766.0,642.0,6.47,1.46,14.11,40000.0,2167.0,93.53,7.28,3.29,8680.0,1426.0,20.3,3.14,9.99,3144.0,768.0,7.35,1.75,14.85,26754.0,1947.0,62.56,2.91,4.42,2630.0,874.0,6.15,2.01,20.2,488.0,509.0,1.14,1.19,63.41,8056.0,1219.0,18.84,2.65,9.2,72.0,130.0,0.17,0.3,109.76,1622.0,848.0,3.79,1.97,31.78,7232.0,1442.0,16.91,3.24,12.12,35534.0,2177.0,83.09,2.08,3.72,23759.0,1914.0,55.56,3.22,4.9,1941.0,755.0,4.54,1.75,23.65,0.0,,0.0,,,8056.0,1219.0,18.84,2.65,9.2,72.0,130.0,0.17,0.3,109.76,114.0,90.0,0.27,0.21,47.99,1592.0,438.0,3.72,1.0,16.72
10021,10021,10021,20568.0,1285.0,100,,3.8,4408.0,836.0,21.43,3.84,11.53,6976.0,1019.0,17.16,2.17,8.88,756.0,317.0,10.84,4.26,25.49,162.0,112.0,2.32,1.57,42.03,2614.0,649.0,37.47,7.52,15.09,1664.0,507.0,23.85,6.38,18.52,1780.0,544.0,25.52,6.85,18.58,32595.0,2222.0,80.2,8.0,4.14,220.0,142.0,0.67,0.43,39.24,552.0,449.0,1.69,1.37,49.45,2172.0,570.0,6.66,1.69,15.95,25852.0,1997.0,79.31,2.88,4.7,34228.0,2318.0,84.22,8.37,4.12,1206.0,373.0,3.52,1.06,18.8,40345.0,2959.0,99.27,0.88,4.46,2886.0,674.0,7.15,1.59,14.2,6414.0,986.0,15.78,2.14,9.35,267.0,251.0,4.16,3.86,57.15,24738.0,1995.0,60.87,2.11,4.9,774.0,341.0,3.13,1.36,26.78,9193.0,982.0,22.62,1.77,6.49,1845.0,495.0,20.07,4.94,16.31,40153.0,2901.0,98.8,10.13,4.39,33301.0,2882.0,82.94,3.95,5.26,6225.0,1328.0,15.5,3.11,12.97,627.0,381.0,1.56,0.94,36.94,40642.0,2959.0,100,,4.43,33413.0,2840.0,82.21,3.61,5.17,32538.0,2861.0,80.06,3.95,5.35,875.0,293.0,2.15,0.7,20.36,7229.0,1005.0,17.79,2.11,8.45,3932.0,690.0,54.39,5.82,10.67,3297.0,901.0,45.61,10.73,16.61,2073.0,515.0,28.68,5.9,15.1,3253.0,865.0,45.0,10.2,16.16,195.0,140.0,2.7,1.9,43.64,177.0,169.0,2.45,2.31,58.04,1394.0,565.0,19.28,7.34,24.64,137.0,97.0,1.9,1.32,43.04,38855.0,2747.0,95.6,9.7,4.3,29306.0,2403.0,75.42,3.13,4.98,2482.0,859.0,6.39,2.16,21.04,2491.0,778.0,6.41,1.95,18.99,20025.0,1327.0,97.36,2.15,4.03,19393.0,1381.0,94.29,3.22,4.33,34837.0,2425.0,85.72,8.63,4.23,24138.0,1889.0,69.29,2.48,4.76,23246.0,1702.0,66.73,1.51,4.45,892.0,503.0,2.56,1.43,34.28,0.0,,0.0,,,10699.0,1284.0,30.71,3.0,7.3,,,3.7,2.06,34.28,23017.0,1672.0,56.63,5.82,4.42,1381.0,436.0,6.0,1.84,19.19,336.0,166.0,1.46,0.71,30.03,8970.0,993.0,38.97,3.26,6.73,5161.0,965.0,22.42,3.86,11.37,5936.0,1220.0,25.79,4.96,12.49,23246.0,1702.0,57.2,0.44,4.45,0.0,,0.0,,,434.0,271.0,1.87,1.16,37.96,739.0,304.0,3.18,1.29,25.01,447.0,247.0,1.92,1.05,33.59,1334.0,398.0,5.74,1.66,18.14,495.0,253.0,2.13,1.08,31.07,1734.0,586.0,7.46,2.46,20.54,5131.0,751.0,22.07,2.8,8.9,4935.0,917.0,21.23,3.63,11.3,5725.0,874.0,24.63,3.3,9.28,1179.0,441.0,5.07,1.86,22.74,681.0,307.0,2.93,1.3,27.4,412.0,214.0,1.77,0.91,31.58,710.0,282.0,3.45,1.35,24.14,204.0,153.0,0.99,0.74,45.59,711.0,320.0,3.46,1.54,27.36,531.0,241.0,2.58,1.16,27.59,1048.0,506.0,5.1,2.44,29.35,2234.0,509.0,10.86,2.38,13.85,2018.0,460.0,9.81,2.15,13.86,2913.0,609.0,14.16,2.83,12.71,2030.0,483.0,9.87,2.27,14.46,8169.0,957.0,39.72,3.94,7.12,17117.0,1200.0,83.22,2.65,4.26,5608.0,688.0,27.27,2.88,7.46,3941.0,620.0,19.16,2.77,9.56,310.0,165.0,1.51,0.8,32.36,547.0,279.0,2.66,1.35,31.01,692.0,315.0,3.36,1.52,27.67,39870.0,2921.0,98.82,10.24,4.45,34037.0,2693.0,84.36,2.5,4.81,10748.0,1285.0,26.64,2.52,7.27,475.0,256.0,1.18,0.63,32.76,18159.0,1703.0,44.68,2.64,5.7,22483.0,1851.0,55.32,2.13,5.0,1787.0,556.0,4.4,1.33,18.91,1174.0,436.0,2.89,1.05,22.58,2294.0,604.0,5.64,1.43,16.01,1529.0,487.0,3.76,1.17,19.36,1263.0,576.0,3.11,1.4,27.72,8258.0,1268.0,20.32,2.75,9.33,4816.0,758.0,11.85,1.65,9.57,5665.0,1377.0,13.94,3.23,14.78,1890.0,511.0,4.65,1.21,16.44,2493.0,456.0,6.13,1.03,11.12,4032.0,591.0,9.92,1.26,8.91,3847.0,687.0,9.47,1.54,10.86,1594.0,438.0,3.92,1.04,16.7,6414.0,986.0,15.78,2.14,9.35,34228.0,2318.0,84.22,8.37,4.12,9473.0,984.0,23.31,1.73,6.31,1204.0,341.0,2.96,0.81,17.22,34223.0,2950.0,84.21,3.89,5.24,177.0,99.0,0.44,0.24,34.0,16.0,27.0,0.04,0.07,102.58,3997.0,962.0,9.83,2.26,14.63,165.0,163.0,0.41,0.4,60.05,860.0,559.0,2.12,1.37,39.51,2321.0,666.0,5.71,1.59,17.44,38321.0,2997.0,94.29,2.69,4.75,32999.0,2937.0,81.19,4.16,5.41,169.0,97.0,0.42,0.24,34.89,16.0,27.0,0.04,0.07,102.58,3959.0,967.0,9.74,2.27,14.85,111.0,144.0,0.27,0.35,78.86,118.0,105.0,0.29,0.26,54.09,949.0,328.0,2.34,0.79,21.01
10022,10022,"10022, 10152, 10153, 10154",18153.0,1063.0,100,,3.56,2339.0,620.0,12.88,3.33,16.11,4225.0,672.0,12.58,1.76,9.67,419.0,250.0,9.92,5.7,36.27,134.0,88.0,3.17,2.02,39.92,1724.0,531.0,40.8,10.76,18.72,514.0,250.0,12.17,5.59,29.57,1434.0,292.0,33.94,4.32,12.38,28679.0,2173.0,85.39,0.79,4.61,359.0,275.0,1.25,0.95,46.57,225.0,139.0,0.78,0.48,37.55,1893.0,858.0,6.6,2.95,27.55,23938.0,2038.0,83.47,3.24,5.18,30038.0,2166.0,89.44,9.32,4.38,1016.0,265.0,3.38,0.85,15.86,33579.0,2527.0,99.98,0.26,4.57,2739.0,750.0,8.16,2.15,16.65,3541.0,802.0,10.54,2.25,13.77,24.0,43.0,0.68,1.2,108.92,20015.0,1751.0,59.59,2.66,5.32,1044.0,600.0,5.22,2.96,34.94,10023.0,1557.0,29.84,4.06,9.44,1671.0,362.0,16.67,2.52,13.17,33454.0,2523.0,99.61,0.56,4.58,28484.0,2612.0,85.14,4.44,5.57,4488.0,668.0,13.42,1.72,9.05,482.0,305.0,1.44,0.91,38.47,33586.0,2526.0,100,,4.57,25977.0,2412.0,77.34,4.21,5.64,25220.0,2311.0,75.09,3.93,5.57,757.0,408.0,2.25,1.2,32.76,7609.0,988.0,22.66,2.4,7.89,4509.0,941.0,59.26,9.68,12.69,3100.0,611.0,40.74,6.04,11.98,2475.0,573.0,32.53,6.23,14.07,3051.0,647.0,40.1,6.72,12.89,114.0,94.0,1.5,1.22,50.13,116.0,148.0,1.52,1.93,77.56,1600.0,582.0,21.03,7.14,22.11,253.0,157.0,3.33,2.02,37.72,32358.0,2293.0,96.34,9.96,4.31,24107.0,2129.0,74.5,3.93,5.37,1403.0,393.0,4.34,1.18,17.03,2489.0,764.0,7.69,2.3,18.66,17679.0,1095.0,97.39,1.97,3.77,16956.0,1066.0,93.41,2.14,3.82,30186.0,2172.0,89.88,9.35,4.37,20665.0,1701.0,68.46,2.74,5.0,19677.0,1679.0,65.19,2.99,5.19,981.0,282.0,3.25,0.9,17.47,7.0,24.0,0.02,0.08,208.42,9521.0,1376.0,31.54,3.95,8.79,,,4.75,1.31,17.47,19311.0,1669.0,57.5,2.45,5.25,1171.0,402.0,6.06,2.01,20.87,364.0,170.0,1.88,0.87,28.39,5028.0,1024.0,26.04,4.8,12.38,6630.0,795.0,34.33,2.85,7.29,5038.0,892.0,26.09,4.03,10.76,19677.0,1679.0,58.59,2.36,5.19,45.0,74.0,0.23,0.38,99.97,247.0,146.0,1.26,0.73,35.93,512.0,180.0,2.6,0.89,21.37,308.0,167.0,1.57,0.84,32.96,1538.0,530.0,7.82,2.61,20.95,254.0,237.0,1.29,1.2,56.72,1198.0,373.0,6.09,1.82,18.93,4568.0,857.0,23.21,3.88,11.4,5013.0,754.0,25.48,3.16,9.14,3699.0,763.0,18.8,3.53,12.54,1073.0,317.0,5.45,1.54,17.96,811.0,357.0,4.12,1.78,26.76,411.0,232.0,2.09,1.17,34.31,651.0,223.0,3.59,1.21,20.82,168.0,105.0,0.93,0.58,37.99,941.0,473.0,5.18,2.59,30.56,533.0,223.0,2.94,1.22,25.43,816.0,417.0,4.5,2.28,31.07,1212.0,355.0,6.68,1.92,17.81,1387.0,412.0,7.64,2.23,18.06,2451.0,486.0,13.5,2.56,12.05,2295.0,604.0,12.64,3.24,16.0,7699.0,938.0,42.41,4.53,7.41,14290.0,1097.0,78.72,3.91,4.67,5940.0,1006.0,32.72,5.2,10.3,4075.0,878.0,22.45,4.65,13.1,262.0,248.0,1.44,1.36,57.54,270.0,170.0,1.49,0.93,38.28,208.0,125.0,1.15,0.69,36.53,33241.0,2522.0,98.99,0.95,4.61,28029.0,2368.0,83.47,3.2,5.14,10662.0,1480.0,31.75,3.7,8.44,338.0,207.0,1.01,0.61,37.23,15081.0,1303.0,44.9,1.91,5.25,18505.0,1768.0,55.1,3.25,5.81,1228.0,508.0,3.66,1.49,25.15,926.0,339.0,2.76,0.99,22.25,1081.0,342.0,3.22,0.99,19.23,739.0,229.0,2.2,0.66,18.84,933.0,283.0,2.78,0.82,18.44,6567.0,1004.0,19.55,2.6,9.29,4394.0,1160.0,13.08,3.31,16.05,3147.0,656.0,9.37,1.82,12.67,1849.0,412.0,5.51,1.15,13.55,2699.0,951.0,8.04,2.77,21.42,4171.0,895.0,12.42,2.5,13.04,3877.0,881.0,11.54,2.48,13.81,1975.0,828.0,5.88,2.43,25.49,3541.0,802.0,10.54,2.25,13.77,30045.0,2166.0,89.46,9.32,4.38,10023.0,1557.0,29.84,4.06,9.44,1555.0,415.0,4.63,1.19,16.22,26748.0,2398.0,79.64,3.89,5.45,486.0,194.0,1.45,0.57,24.27,22.0,32.0,0.07,0.1,88.42,3946.0,831.0,11.75,2.31,12.8,0.0,,0.0,,,829.0,609.0,2.47,1.8,44.66,3471.0,978.0,10.33,2.81,17.13,30115.0,2446.0,89.67,2.75,4.94,24844.0,2289.0,73.97,3.94,5.6,452.0,190.0,1.35,0.56,25.55,14.0,29.0,0.04,0.09,125.92,3946.0,831.0,11.75,2.31,12.8,0.0,,0.0,,,63.0,65.0,0.19,0.19,62.72,796.0,293.0,2.37,0.85,22.38
10023,10023,10023,35742.0,1763.0,100,,3.0,6214.0,744.0,17.39,1.9,7.28,11336.0,1149.0,17.25,1.5,6.16,1311.0,368.0,11.56,3.03,17.06,488.0,194.0,4.3,1.65,24.17,3413.0,733.0,30.11,5.7,13.06,1392.0,371.0,12.28,3.03,16.2,4732.0,635.0,41.74,3.67,8.16,52617.0,2716.0,80.08,5.88,3.14,403.0,280.0,0.77,0.53,42.24,831.0,307.0,1.58,0.58,22.46,3213.0,728.0,6.11,1.35,13.77,43774.0,2707.0,83.19,2.83,3.76,56449.0,2837.0,85.91,6.23,3.06,992.0,269.0,1.76,0.47,16.48,65693.0,3434.0,99.98,0.1,3.18,5722.0,833.0,8.71,1.18,8.85,9257.0,1115.0,14.09,1.53,7.32,47.0,46.0,0.51,0.49,59.5,42674.0,2370.0,64.95,1.22,3.38,2607.0,632.0,6.11,1.44,14.74,13762.0,1423.0,20.94,1.87,6.29,3068.0,488.0,22.29,2.69,9.67,64861.0,3394.0,98.71,0.26,3.18,54193.0,3053.0,83.55,1.74,3.42,9431.0,1461.0,14.54,2.12,9.42,1237.0,633.0,1.91,0.97,31.11,65706.0,3434.0,100,,3.18,49043.0,2957.0,74.64,2.24,3.67,47001.0,2804.0,71.53,2.06,3.63,2042.0,693.0,3.11,1.04,20.63,16663.0,1583.0,25.36,2.01,5.78,8539.0,1140.0,51.25,4.81,8.12,8124.0,1084.0,48.75,4.57,8.11,5666.0,949.0,34.0,4.69,10.18,6591.0,1089.0,39.55,5.35,10.04,772.0,511.0,4.63,3.03,40.24,374.0,224.0,2.24,1.33,36.41,2335.0,432.0,14.01,2.22,11.25,925.0,303.0,5.55,1.74,19.91,62158.0,3244.0,94.6,6.99,3.17,44979.0,2869.0,72.36,2.65,3.88,3553.0,805.0,5.72,1.26,13.77,4604.0,913.0,7.41,1.42,12.06,34325.0,1809.0,96.04,1.78,3.2,33729.0,1828.0,94.37,2.12,3.29,57129.0,2894.0,86.95,6.33,3.08,39760.0,2482.0,69.6,2.54,3.79,37664.0,2367.0,65.93,2.45,3.82,2096.0,507.0,3.67,0.87,14.7,0.0,,0.0,,,17369.0,1411.0,30.4,1.93,4.94,,,5.27,1.23,14.7,36880.0,2347.0,56.13,2.04,3.87,1573.0,389.0,4.27,1.02,15.03,794.0,283.0,2.15,0.76,21.67,15511.0,1619.0,42.06,3.48,6.35,5601.0,735.0,15.19,1.74,7.98,10271.0,1399.0,27.85,3.35,8.28,37664.0,2367.0,57.32,2.0,3.82,333.0,412.0,0.88,1.09,75.21,306.0,179.0,0.81,0.47,35.56,770.0,298.0,2.04,0.78,23.53,635.0,324.0,1.69,0.85,31.02,1667.0,458.0,4.43,1.18,16.7,362.0,221.0,0.96,0.58,37.11,2322.0,561.0,6.17,1.44,14.69,8255.0,1017.0,21.92,2.32,7.49,9533.0,1118.0,25.31,2.51,7.13,7930.0,1119.0,21.05,2.66,8.58,3247.0,664.0,8.62,1.68,12.43,1633.0,502.0,4.34,1.3,18.69,671.0,268.0,1.78,0.7,24.28,1578.0,480.0,4.41,1.33,18.49,954.0,396.0,2.67,1.1,25.23,1256.0,392.0,3.51,1.08,18.97,1247.0,369.0,3.49,1.02,17.99,1721.0,459.0,4.82,1.26,16.21,3391.0,797.0,9.49,2.18,14.29,3092.0,656.0,8.65,1.79,12.9,4531.0,636.0,12.68,1.67,8.53,3903.0,846.0,10.92,2.3,13.18,14069.0,1256.0,39.36,2.93,5.43,28396.0,1647.0,79.45,2.42,3.53,9995.0,1040.0,27.96,2.56,6.33,7137.0,958.0,19.97,2.49,8.16,531.0,195.0,1.49,0.54,22.32,530.0,237.0,1.48,0.66,27.18,1636.0,441.0,4.58,1.21,16.39,63612.0,3401.0,96.83,1.09,3.25,55159.0,3413.0,83.96,2.78,3.76,17330.0,1788.0,26.38,2.35,6.27,2081.0,672.0,3.17,1.01,19.63,29506.0,2020.0,44.91,1.99,4.16,36200.0,2088.0,55.09,1.34,3.51,3548.0,674.0,5.4,0.99,11.55,2435.0,560.0,3.71,0.83,13.98,2196.0,539.0,3.34,0.8,14.92,2627.0,451.0,4.0,0.65,10.44,2283.0,550.0,3.47,0.82,14.65,10603.0,1286.0,16.14,1.77,7.37,11058.0,1331.0,16.83,1.82,7.32,7580.0,994.0,11.54,1.39,7.97,5557.0,1059.0,8.46,1.55,11.58,4044.0,627.0,6.15,0.9,9.43,7721.0,1193.0,11.75,1.71,9.39,4224.0,615.0,6.43,0.87,8.85,1830.0,401.0,2.79,0.59,13.32,9257.0,1115.0,14.09,1.53,7.32,56449.0,2837.0,85.91,6.23,3.06,13775.0,1423.0,20.96,1.87,6.28,3854.0,804.0,5.87,1.18,12.68,46750.0,3088.0,71.15,2.87,4.02,3595.0,726.0,5.47,1.07,12.28,103.0,101.0,0.16,0.15,59.61,9183.0,1360.0,13.98,1.94,9.0,0.0,,0.0,,,2221.0,958.0,3.38,1.45,26.22,6357.0,1237.0,9.67,1.81,11.83,59349.0,3092.0,90.33,6.67,3.17,44442.0,2848.0,67.64,2.51,3.9,3220.0,675.0,4.9,0.99,12.74,8.0,17.0,0.01,0.03,129.18,9178.0,1360.0,13.97,1.94,9.01,0.0,,0.0,,,640.0,340.0,0.97,0.51,32.29,1861.0,571.0,2.83,0.86,18.65
10024,10024,10024,29472.0,1695.0,100,,3.5,6703.0,899.0,22.74,2.76,8.15,9956.0,1276.0,15.86,1.78,7.79,967.0,275.0,9.71,2.47,17.29,607.0,271.0,6.1,2.61,27.14,4719.0,1018.0,47.4,8.22,13.11,1343.0,469.0,13.49,4.38,21.23,2320.0,441.0,23.3,3.27,11.56,49806.0,3061.0,79.34,6.93,3.74,1242.0,663.0,2.49,1.32,32.45,726.0,284.0,1.46,0.56,23.78,2566.0,579.0,5.15,1.12,13.72,41239.0,2627.0,82.8,1.39,3.87,51751.0,3261.0,82.44,0.86,3.83,1192.0,353.0,2.3,0.67,18.0,62180.0,3902.0,99.05,0.86,3.81,5576.0,835.0,8.97,1.22,9.1,11023.0,1369.0,17.56,1.89,7.55,560.0,290.0,5.08,2.55,31.48,38307.0,3051.0,61.02,3.04,4.84,1795.0,403.0,4.69,0.98,13.65,12850.0,1123.0,20.47,1.26,5.31,3221.0,723.0,25.07,5.18,13.65,61685.0,3726.0,98.27,8.52,3.67,50633.0,3650.0,82.08,3.23,4.38,10267.0,1865.0,16.64,2.85,11.04,785.0,422.0,1.27,0.68,32.68,62774.0,3901.0,100,,3.78,49303.0,3585.0,78.54,2.97,4.42,48196.0,3535.0,76.78,2.99,4.46,1107.0,381.0,1.76,0.6,20.92,13471.0,2246.0,21.46,3.32,10.14,6095.0,1349.0,45.25,6.59,13.45,7376.0,1433.0,54.75,5.46,11.81,5727.0,1750.0,42.51,10.89,18.58,2244.0,608.0,16.66,3.56,16.47,461.0,239.0,3.42,1.68,31.52,883.0,488.0,6.55,3.45,33.6,3644.0,1418.0,27.05,9.51,23.66,512.0,201.0,3.8,1.35,23.86,58553.0,3551.0,93.28,8.1,3.69,44054.0,3037.0,75.24,2.47,4.19,3018.0,1070.0,5.15,1.8,21.55,6060.0,1853.0,10.35,3.1,18.59,28516.0,1625.0,96.76,7.83,3.46,27906.0,1643.0,94.69,1.19,3.58,52308.0,3244.0,83.33,7.32,3.77,35389.0,2848.0,67.66,3.47,4.89,34344.0,2816.0,65.66,3.52,4.98,1045.0,399.0,2.0,0.75,23.21,0.0,,0.0,,,16919.0,1515.0,32.34,2.09,5.44,,,2.95,1.1,23.21,33479.0,2788.0,53.33,2.96,5.06,2063.0,521.0,6.16,1.47,15.35,374.0,162.0,1.12,0.47,26.33,16297.0,1667.0,48.68,2.89,6.22,2898.0,503.0,8.66,1.32,10.55,9588.0,1718.0,28.64,4.54,10.89,34344.0,2816.0,54.71,2.93,4.98,0.0,,0.0,,,441.0,272.0,1.28,0.78,37.49,1017.0,338.0,2.96,0.95,20.2,711.0,258.0,2.07,0.73,22.06,2009.0,634.0,5.85,1.78,19.18,244.0,157.0,0.71,0.45,39.12,2086.0,678.0,6.07,1.91,19.76,6062.0,819.0,17.65,1.9,8.21,9007.0,1462.0,26.23,3.67,9.87,7407.0,1228.0,21.57,3.11,10.08,2915.0,712.0,8.49,1.95,14.85,972.0,343.0,2.83,0.97,21.45,1473.0,897.0,4.29,2.59,37.02,1387.0,596.0,4.71,2.0,26.12,905.0,412.0,3.07,1.39,27.67,758.0,240.0,2.57,0.8,19.25,883.0,235.0,3.0,0.78,16.18,1336.0,489.0,4.53,1.64,22.25,2164.0,624.0,7.34,2.07,17.53,1960.0,368.0,6.65,1.19,11.41,4474.0,876.0,15.18,2.84,11.9,3390.0,931.0,11.5,3.09,16.69,12215.0,912.0,41.45,1.97,4.54,23803.0,1419.0,80.76,1.27,3.62,8572.0,819.0,29.09,2.22,5.81,5851.0,731.0,19.85,2.2,7.59,851.0,276.0,2.89,0.92,19.72,653.0,287.0,2.22,0.97,26.72,1088.0,345.0,3.69,1.15,19.28,60890.0,3808.0,97.93,8.68,3.8,51406.0,3644.0,82.67,2.73,4.31,17632.0,1816.0,28.36,2.32,6.26,1290.0,449.0,2.07,0.71,21.16,29187.0,2094.0,46.5,1.67,4.36,33587.0,2508.0,53.5,2.22,4.54,4221.0,859.0,6.72,1.3,12.37,2929.0,647.0,4.67,0.99,13.43,2840.0,902.0,4.52,1.41,19.31,1387.0,462.0,2.21,0.72,20.25,1591.0,490.0,2.53,0.76,18.72,10804.0,1998.0,17.21,3.0,11.24,8892.0,1208.0,14.17,1.71,8.26,8990.0,1191.0,14.32,1.68,8.05,3489.0,683.0,5.56,1.03,11.9,4225.0,612.0,6.73,0.88,8.81,7476.0,839.0,11.91,1.11,6.82,3674.0,673.0,5.85,1.01,11.14,2256.0,577.0,3.59,0.89,15.55,11023.0,1369.0,17.56,1.89,7.55,51751.0,3261.0,82.44,0.86,3.83,13406.0,1126.0,21.36,1.21,5.11,3709.0,914.0,5.91,1.41,14.98,49311.0,3658.0,78.55,3.18,4.51,1604.0,381.0,2.56,0.59,14.44,183.0,178.0,0.29,0.28,59.13,4049.0,1007.0,6.45,1.55,15.12,0.0,,0.0,,,3918.0,1836.0,6.24,2.9,28.49,7527.0,1939.0,11.99,3.0,15.66,55247.0,3663.0,88.01,2.03,4.03,47078.0,3617.0,75.0,3.39,4.67,1599.0,380.0,2.55,0.58,14.45,37.0,46.0,0.06,0.07,75.58,4049.0,1007.0,6.45,1.55,15.12,0.0,,0.0,,,267.0,170.0,0.43,0.27,38.71,2217.0,785.0,3.53,1.23,21.52
10025,10025,10025,41653.0,1624.0,100,,2.37,8220.0,1000.0,19.73,2.27,7.4,24035.0,2374.0,24.78,2.13,6.0,1632.0,823.0,6.79,3.36,30.66,978.0,409.0,4.07,1.65,25.42,5240.0,872.0,21.8,2.92,10.12,3618.0,987.0,15.05,3.83,16.58,12567.0,1251.0,52.29,0.65,6.05,72928.0,3152.0,75.19,4.9,2.63,3385.0,787.0,4.64,1.06,14.13,3354.0,666.0,4.6,0.89,12.07,7340.0,1006.0,10.06,1.31,8.33,49094.0,2538.0,67.32,1.91,3.14,82650.0,3555.0,85.22,5.54,2.61,1677.0,513.0,2.03,0.61,18.6,95995.0,4746.0,98.98,0.8,3.01,10393.0,1316.0,10.83,1.26,7.7,14245.0,1893.0,14.69,1.82,8.08,223.0,194.0,1.57,1.35,52.88,62273.0,3100.0,64.21,0.64,3.03,3752.0,714.0,6.03,1.11,11.57,19477.0,1544.0,20.08,1.25,4.82,6418.0,1040.0,32.95,4.66,9.85,95681.0,4738.0,98.65,0.84,3.01,79176.0,4822.0,82.75,2.93,3.7,13565.0,1435.0,14.18,1.33,6.43,2940.0,845.0,3.07,0.87,17.47,96988.0,4731.0,100,,2.97,73475.0,4229.0,75.76,2.31,3.5,70235.0,4233.0,72.42,2.56,3.66,3240.0,737.0,3.34,0.74,13.83,23513.0,2387.0,24.24,2.16,6.17,11552.0,1491.0,49.13,3.92,7.85,11961.0,1658.0,50.87,4.8,8.43,4851.0,926.0,20.63,3.34,11.6,7455.0,1211.0,31.71,4.02,9.87,830.0,418.0,3.53,1.74,30.61,301.0,146.0,1.28,0.61,29.49,9220.0,1771.0,39.21,6.39,11.68,856.0,559.0,3.64,2.35,39.7,92489.0,4259.0,95.36,6.4,2.8,58027.0,3476.0,62.74,2.4,3.64,9813.0,1548.0,10.61,1.6,9.59,17620.0,2395.0,19.05,2.44,8.26,39387.0,1511.0,94.56,5.17,2.33,37777.0,1429.0,90.69,4.93,2.3,84311.0,3548.0,86.93,5.6,2.56,53292.0,2449.0,63.21,1.17,2.79,49502.0,2449.0,58.71,1.53,3.01,3712.0,830.0,4.4,0.97,13.59,78.0,117.0,0.09,0.14,91.19,31019.0,2090.0,36.79,1.94,4.1,,,6.97,1.52,13.59,48818.0,2427.0,50.33,0.48,3.02,1996.0,488.0,4.09,0.98,14.86,768.0,471.0,1.57,0.96,37.28,25512.0,1615.0,52.26,2.05,3.85,6413.0,795.0,13.14,1.49,7.54,11540.0,1781.0,23.64,3.45,9.38,49502.0,2449.0,51.04,0.42,3.01,0.0,,0.0,,,1080.0,371.0,2.18,0.74,20.88,1585.0,522.0,3.2,1.04,20.02,854.0,349.0,1.73,0.7,24.84,2079.0,487.0,4.2,0.96,14.24,1808.0,660.0,3.65,1.32,22.19,2891.0,581.0,5.84,1.14,12.22,5145.0,824.0,10.39,1.58,9.74,9502.0,974.0,19.2,1.72,6.23,16294.0,1673.0,32.92,2.96,6.24,4153.0,840.0,8.39,1.65,12.3,2381.0,847.0,4.81,1.69,21.63,1730.0,547.0,3.49,1.09,19.22,3122.0,679.0,7.5,1.6,13.22,1542.0,472.0,3.7,1.12,18.61,2694.0,557.0,6.47,1.31,12.57,2285.0,671.0,5.49,1.6,17.85,2301.0,526.0,5.52,1.24,13.9,3685.0,673.0,8.85,1.58,11.1,3992.0,636.0,9.58,1.48,9.69,6559.0,839.0,15.75,1.92,7.78,3221.0,598.0,7.73,1.4,11.29,12252.0,1200.0,29.41,2.64,5.95,31394.0,1359.0,75.37,1.42,2.63,12992.0,1124.0,31.19,2.41,5.26,9647.0,1136.0,23.16,2.57,7.16,2172.0,588.0,5.21,1.4,16.46,1430.0,476.0,3.43,1.13,20.24,4243.0,661.0,10.19,1.54,9.47,92017.0,4410.0,95.86,6.6,2.91,72763.0,4047.0,75.8,1.93,3.38,31587.0,2471.0,32.9,1.99,4.76,3978.0,1276.0,4.14,1.31,19.5,44717.0,2881.0,46.11,1.94,3.92,52271.0,3029.0,53.89,1.69,3.52,4499.0,1058.0,4.64,1.07,14.3,3510.0,821.0,3.62,0.83,14.22,3608.0,762.0,3.72,0.76,12.84,4663.0,954.0,4.81,0.96,12.44,7780.0,1087.0,8.02,1.05,8.49,18093.0,1778.0,18.65,1.59,5.97,11472.0,1646.0,11.83,1.6,8.72,11897.0,1257.0,12.27,1.15,6.42,5644.0,719.0,5.82,0.68,7.74,5521.0,778.0,5.69,0.75,8.57,10460.0,945.0,10.78,0.82,5.49,6955.0,923.0,7.17,0.89,8.07,2886.0,682.0,2.98,0.69,14.37,14260.0,1892.0,14.7,1.81,8.07,82728.0,3542.0,85.3,5.54,2.6,20301.0,1539.0,20.93,1.21,4.61,10416.0,2201.0,10.74,2.21,12.85,56731.0,4099.0,58.49,3.12,4.39,10512.0,1764.0,10.84,1.74,10.2,84.0,77.0,0.09,0.08,55.72,9571.0,1217.0,9.87,1.16,7.73,0.0,,0.0,,,9674.0,2058.0,9.97,2.07,12.93,22870.0,2907.0,23.58,2.77,7.73,74118.0,4152.0,76.42,2.1,3.41,51711.0,3870.0,53.32,3.03,4.55,9022.0,1581.0,9.3,1.57,10.65,71.0,72.0,0.07,0.07,61.65,9540.0,1216.0,9.84,1.16,7.75,0.0,,0.0,,,381.0,252.0,0.39,0.26,40.21,3393.0,916.0,3.5,0.93,16.41
10026,10026,10026,15237.0,806.0,100,,3.22,3692.0,426.0,24.23,2.48,7.01,9249.0,1150.0,24.17,2.57,7.56,627.0,213.0,6.78,2.14,20.65,592.0,248.0,6.4,2.56,25.47,3363.0,642.0,36.36,5.27,11.6,1621.0,409.0,17.53,3.85,15.34,3046.0,545.0,32.93,4.24,10.88,27690.0,1617.0,72.36,6.31,3.55,1381.0,327.0,4.99,1.14,14.39,1772.0,351.0,6.4,1.21,12.04,5908.0,842.0,21.34,2.77,8.66,13779.0,1134.0,49.76,2.89,5.0,30805.0,1888.0,80.5,7.18,3.73,505.0,180.0,1.64,0.58,21.67,38187.0,2476.0,99.8,0.37,3.94,3880.0,624.0,10.16,1.5,9.78,7460.0,979.0,19.5,2.23,7.98,220.0,120.0,2.95,1.56,33.16,26641.0,1759.0,69.62,0.91,4.01,2223.0,515.0,8.34,1.85,14.08,4086.0,596.0,10.68,1.4,8.87,1437.0,336.0,35.17,6.43,14.21,37827.0,2458.0,98.86,0.56,3.95,33690.0,2442.0,89.06,2.86,4.41,3558.0,492.0,9.41,1.15,8.41,579.0,268.0,1.53,0.7,28.14,38265.0,2477.0,100,,3.94,28100.0,1980.0,73.44,2.04,4.28,27345.0,1975.0,71.46,2.29,4.39,755.0,285.0,1.97,0.73,22.95,10165.0,1609.0,26.56,3.84,9.62,6107.0,1113.0,60.08,5.43,11.08,4058.0,822.0,39.92,5.05,12.31,1393.0,362.0,13.7,2.82,15.8,1637.0,709.0,16.1,6.49,26.33,2241.0,1007.0,22.05,9.27,27.32,72.0,62.0,0.71,0.6,52.35,4664.0,928.0,45.88,5.53,12.1,158.0,94.0,1.55,0.89,36.17,36043.0,2352.0,94.19,0.78,3.97,23765.0,1942.0,65.94,3.24,4.97,2848.0,556.0,7.9,1.45,11.87,5958.0,1053.0,16.53,2.72,10.74,14133.0,761.0,92.75,0.93,3.27,13533.0,771.0,88.82,1.88,3.46,31589.0,1929.0,82.55,7.35,3.71,20899.0,1441.0,66.16,2.12,4.19,19448.0,1404.0,61.57,2.37,4.39,1451.0,412.0,4.59,1.27,17.26,0.0,,0.0,,,10690.0,1188.0,33.84,3.14,6.76,,,6.94,1.91,17.26,19121.0,1401.0,49.97,1.72,4.45,1644.0,380.0,8.6,1.88,14.05,264.0,142.0,1.38,0.74,32.7,11300.0,1160.0,59.1,4.25,6.24,1664.0,467.0,8.7,2.36,17.06,3381.0,555.0,17.68,2.6,9.98,19448.0,1404.0,50.82,1.62,4.39,0.0,,0.0,,,204.0,140.0,1.05,0.72,41.72,512.0,206.0,2.63,1.04,24.46,195.0,117.0,1.0,0.6,36.47,1447.0,432.0,7.44,2.16,18.15,1052.0,355.0,5.41,1.78,20.51,981.0,276.0,5.04,1.37,17.1,1687.0,412.0,8.67,2.02,14.85,3316.0,682.0,17.05,3.28,12.5,6482.0,903.0,33.33,3.97,8.47,1933.0,430.0,9.94,2.09,13.52,906.0,288.0,4.66,1.44,19.32,733.0,222.0,3.77,1.11,18.41,1030.0,279.0,6.76,1.8,16.47,1138.0,301.0,7.47,1.94,16.08,1018.0,270.0,6.68,1.74,16.12,1247.0,633.0,8.18,4.13,30.86,1624.0,297.0,10.66,1.87,11.12,2182.0,447.0,14.32,2.83,12.45,1296.0,269.0,8.51,1.71,12.62,2084.0,487.0,13.68,3.11,14.21,1170.0,271.0,7.68,1.73,14.08,2448.0,338.0,16.07,2.05,8.39,12281.0,816.0,80.6,3.24,4.04,3221.0,570.0,21.14,3.57,10.76,1800.0,360.0,11.81,2.28,12.16,1007.0,278.0,6.61,1.79,16.78,700.0,227.0,4.59,1.47,19.71,1877.0,438.0,12.32,2.8,14.19,35976.0,2395.0,94.21,1.42,4.05,23656.0,1875.0,61.95,2.82,4.82,14550.0,1879.0,38.1,4.26,7.85,2211.0,818.0,5.79,2.11,22.49,17737.0,1574.0,46.35,2.81,5.39,20528.0,1573.0,53.65,2.2,4.66,2222.0,469.0,5.81,1.17,12.83,1962.0,395.0,5.13,0.98,12.24,2162.0,491.0,5.65,1.23,13.81,1534.0,410.0,4.01,1.04,16.25,2695.0,628.0,7.04,1.58,14.17,7821.0,936.0,20.44,2.06,7.28,6099.0,762.0,15.94,1.7,7.6,5658.0,840.0,14.79,1.98,9.03,2001.0,529.0,5.23,1.34,16.07,2023.0,615.0,5.29,1.57,18.48,2539.0,492.0,6.64,1.21,11.78,1136.0,357.0,2.97,0.91,19.1,413.0,160.0,1.08,0.41,23.55,7460.0,979.0,19.5,2.23,7.98,30805.0,1888.0,80.5,7.18,3.73,4088.0,596.0,10.68,1.4,8.86,3455.0,707.0,9.03,1.75,12.44,9067.0,1025.0,23.7,2.2,6.87,19229.0,2287.0,50.25,5.01,7.23,30.0,31.0,0.08,0.08,62.82,2413.0,798.0,6.31,2.05,20.1,0.0,,0.0,,,4071.0,1106.0,10.64,2.81,16.52,7595.0,1270.0,19.85,3.06,10.17,30670.0,2407.0,80.15,3.56,4.77,8366.0,1041.0,21.86,2.32,7.56,18201.0,2259.0,47.57,5.04,7.54,21.0,29.0,0.05,0.08,83.95,2393.0,799.0,6.25,2.05,20.3,0.0,,0.0,,,184.0,113.0,0.48,0.29,37.33,1505.0,410.0,3.93,1.04,16.56
10027,10027,"10027, 10115",24387.0,947.0,100,,2.36,5955.0,624.0,24.42,2.38,6.37,23129.0,1791.0,35.15,2.12,4.71,648.0,235.0,2.8,0.99,22.05,433.0,245.0,1.87,1.05,34.4,5707.0,831.0,24.67,3.04,8.85,2436.0,504.0,10.53,2.02,12.58,13905.0,1093.0,60.12,0.81,4.78,42580.0,1946.0,64.71,4.31,2.78,2294.0,485.0,5.39,1.11,12.85,3131.0,682.0,7.35,1.57,13.24,8304.0,937.0,19.5,2.01,6.86,21657.0,1448.0,50.86,2.48,4.06,53871.0,2166.0,81.86,5.16,2.44,651.0,230.0,1.21,0.42,21.48,65691.0,3195.0,99.83,0.29,2.96,6636.0,868.0,10.1,1.23,7.95,11919.0,1432.0,18.11,1.99,7.3,517.0,270.0,4.34,2.2,31.75,46547.0,2092.0,70.73,4.68,2.73,3366.0,694.0,7.23,1.46,12.53,7225.0,618.0,10.98,0.77,5.2,2753.0,470.0,38.1,5.63,10.38,65106.0,3131.0,98.94,6.76,2.92,51480.0,2935.0,79.07,2.42,3.47,11555.0,939.0,17.75,1.16,4.94,2071.0,520.0,3.18,0.78,15.26,65806.0,3195.0,100,,2.95,49175.0,2772.0,74.73,2.14,3.43,47379.0,2538.0,72.0,1.63,3.26,1796.0,496.0,2.73,0.74,16.79,16631.0,1331.0,25.27,1.61,4.87,7264.0,1004.0,43.68,4.92,8.4,9367.0,960.0,56.32,3.61,6.23,2623.0,498.0,15.77,2.72,11.54,4739.0,663.0,28.49,3.27,8.5,2411.0,548.0,14.5,3.08,13.82,71.0,49.0,0.43,0.29,41.95,6361.0,857.0,38.25,4.15,8.19,426.0,219.0,2.56,1.3,31.25,62170.0,2911.0,94.47,6.37,2.85,38885.0,2358.0,62.55,2.41,3.69,6213.0,771.0,9.99,1.15,7.54,11803.0,1320.0,18.99,1.93,6.8,22157.0,942.0,90.86,1.57,2.58,20683.0,1002.0,84.81,2.46,2.95,54839.0,2219.0,83.33,5.27,2.46,33677.0,1679.0,61.41,1.79,3.03,30097.0,1720.0,54.88,2.21,3.47,3580.0,714.0,6.53,1.27,12.12,0.0,,0.0,,,21162.0,1568.0,38.59,2.4,4.5,,,10.63,2.05,12.12,29644.0,1680.0,45.05,1.32,3.45,1529.0,343.0,5.16,1.12,13.64,236.0,114.0,0.8,0.38,29.36,15431.0,1241.0,52.05,2.97,4.89,5253.0,559.0,17.72,1.6,6.47,6089.0,764.0,20.54,2.3,7.63,30097.0,1720.0,45.74,1.38,3.47,0.0,,0.0,,,546.0,268.0,1.81,0.88,29.84,650.0,239.0,2.16,0.78,22.35,206.0,146.0,0.68,0.48,43.08,2101.0,402.0,6.98,1.27,11.63,727.0,251.0,2.42,0.82,20.99,1620.0,429.0,5.38,1.39,16.1,1882.0,421.0,6.25,1.35,13.6,4495.0,611.0,14.94,1.84,8.26,11521.0,975.0,38.28,2.39,5.14,3128.0,447.0,10.39,1.36,8.69,2111.0,610.0,7.01,1.99,17.57,1110.0,355.0,3.69,1.16,19.44,2997.0,598.0,12.29,2.41,12.13,1641.0,354.0,6.73,1.43,13.11,2502.0,587.0,10.26,2.37,14.26,1301.0,360.0,5.33,1.46,16.82,2057.0,395.0,8.43,1.59,11.67,3035.0,461.0,12.45,1.83,9.23,2481.0,445.0,10.17,1.78,10.9,3097.0,692.0,12.7,2.79,13.58,1559.0,314.0,6.39,1.26,12.24,3717.0,467.0,15.24,1.82,7.64,17906.0,815.0,73.42,1.74,2.77,5262.0,559.0,21.58,2.13,6.46,3191.0,438.0,13.08,1.72,8.34,1905.0,404.0,7.81,1.63,12.89,1349.0,352.0,5.53,1.43,15.86,4018.0,607.0,16.48,2.41,9.18,62240.0,3409.0,94.75,2.39,3.33,41809.0,2386.0,63.64,1.9,3.47,24846.0,2421.0,37.82,3.19,5.92,3451.0,702.0,5.25,1.04,12.37,31090.0,2131.0,47.24,2.29,4.17,34716.0,1773.0,52.76,0.84,3.1,3636.0,761.0,5.53,1.12,12.72,3108.0,667.0,4.72,0.99,13.05,3518.0,733.0,5.35,1.08,12.67,5665.0,582.0,8.61,0.78,6.25,7299.0,773.0,11.09,1.04,6.44,13167.0,1258.0,20.01,1.65,5.81,9241.0,876.0,14.04,1.14,5.76,7072.0,911.0,10.75,1.28,7.83,3120.0,473.0,4.74,0.68,9.22,2684.0,469.0,4.08,0.68,10.62,4071.0,532.0,6.19,0.75,7.94,2318.0,408.0,3.52,0.6,10.7,907.0,286.0,1.38,0.43,19.17,11935.0,1431.0,18.14,1.99,7.29,53871.0,2166.0,81.86,5.16,2.44,7296.0,616.0,11.09,0.77,5.13,5278.0,798.0,8.02,1.15,9.19,19582.0,1461.0,29.76,1.69,4.54,23641.0,2117.0,35.93,2.7,5.44,410.0,195.0,0.62,0.29,28.91,5881.0,710.0,8.94,0.99,7.34,42.0,66.0,0.06,0.1,95.53,10972.0,2067.0,16.67,3.03,11.45,16491.0,1879.0,25.06,2.58,6.93,49315.0,2524.0,74.94,1.21,3.11,17453.0,1372.0,26.52,1.64,4.78,22327.0,2060.0,33.93,2.66,5.61,204.0,109.0,0.31,0.16,32.48,5858.0,708.0,8.9,0.99,7.35,1.0,,0.0,,,728.0,347.0,1.11,0.52,28.98,2744.0,592.0,4.17,0.88,13.12
10028,10028,10028,24440.0,1560.0,100,,3.88,4085.0,662.0,16.71,2.49,9.85,7499.0,1314.0,16.4,2.65,10.65,929.0,371.0,12.39,4.45,24.28,482.0,254.0,6.43,3.19,32.03,3074.0,694.0,40.99,5.84,13.72,1035.0,266.0,13.8,2.59,15.62,1979.0,839.0,26.39,10.19,25.77,37597.0,2680.0,82.24,1.82,4.33,458.0,283.0,1.22,0.75,37.56,109.0,118.0,0.29,0.31,65.81,2319.0,672.0,6.17,1.73,17.62,30763.0,2278.0,81.82,1.64,4.5,39400.0,2659.0,86.18,8.24,4.1,1109.0,298.0,2.81,0.73,16.33,45697.0,3098.0,99.96,0.2,4.12,2584.0,641.0,5.65,1.35,15.08,6297.0,1014.0,13.77,2.01,9.79,15.0,16.0,0.24,0.25,64.84,29515.0,2335.0,64.56,2.64,4.81,998.0,353.0,3.38,1.17,21.5,9885.0,1196.0,21.62,2.17,7.36,1571.0,493.0,15.89,4.6,19.08,45322.0,3134.0,99.14,1.37,4.2,38401.0,3020.0,84.73,3.17,4.78,6570.0,968.0,14.5,1.89,8.96,351.0,199.0,0.77,0.44,34.47,45717.0,3098.0,100,,4.12,37254.0,3109.0,81.49,3.97,5.07,36557.0,3041.0,79.96,3.86,5.06,697.0,311.0,1.52,0.67,27.12,8463.0,1036.0,18.51,1.89,7.44,4693.0,866.0,55.45,7.66,11.22,3770.0,645.0,44.55,5.32,10.4,3158.0,575.0,37.32,5.03,11.07,2894.0,650.0,34.2,6.44,13.65,276.0,195.0,3.26,2.27,42.95,149.0,101.0,1.76,1.17,41.21,1659.0,577.0,19.6,6.38,21.14,327.0,191.0,3.86,2.21,35.51,43998.0,2900.0,96.24,9.1,4.01,35131.0,3190.0,79.85,4.99,5.52,1799.0,525.0,4.09,1.16,17.74,2447.0,785.0,5.56,1.75,19.5,24097.0,1550.0,98.6,0.78,3.91,23701.0,1583.0,96.98,1.91,4.06,39900.0,2666.0,87.28,8.31,4.06,28965.0,2447.0,72.59,3.75,5.14,27551.0,2461.0,69.05,4.09,5.43,1414.0,563.0,3.54,1.39,24.2,0.0,,0.0,,,10935.0,1224.0,27.41,2.46,6.8,,,4.88,1.9,24.2,27282.0,2470.0,59.68,3.58,5.5,1549.0,321.0,5.68,1.06,12.6,576.0,220.0,2.11,0.78,23.22,11714.0,1220.0,42.94,2.21,6.33,4891.0,1049.0,17.93,3.49,13.04,6710.0,1666.0,24.59,5.69,15.09,27551.0,2461.0,60.26,3.51,5.43,0.0,,0.0,,,784.0,659.0,2.85,2.38,51.1,821.0,281.0,2.98,0.98,20.81,573.0,229.0,2.08,0.81,24.29,2127.0,834.0,7.72,2.95,23.84,397.0,180.0,1.44,0.64,27.56,1246.0,330.0,4.52,1.13,16.1,5240.0,888.0,19.02,2.74,10.3,6646.0,1044.0,24.12,3.12,9.55,6533.0,997.0,23.71,2.93,9.28,1438.0,366.0,5.22,1.24,15.47,1100.0,342.0,3.99,1.19,18.9,646.0,256.0,2.34,0.91,24.09,725.0,285.0,2.97,1.15,23.9,457.0,365.0,1.87,1.49,48.55,794.0,331.0,3.25,1.34,25.34,786.0,379.0,3.22,1.54,29.31,807.0,475.0,3.3,1.93,35.78,2059.0,417.0,8.42,1.62,12.31,2251.0,474.0,9.21,1.85,12.8,3973.0,827.0,16.26,3.22,12.65,2491.0,498.0,10.19,1.93,12.15,10097.0,1198.0,41.31,4.13,7.21,19693.0,1402.0,80.58,2.54,4.33,7044.0,900.0,28.82,3.19,7.77,5336.0,1040.0,21.83,4.02,11.85,235.0,173.0,0.96,0.71,44.75,112.0,56.0,0.46,0.23,30.4,853.0,423.0,3.49,1.72,30.15,44771.0,3163.0,97.97,1.95,4.29,40716.0,3205.0,89.1,3.56,4.79,10492.0,1198.0,22.96,2.11,6.94,926.0,399.0,2.03,0.86,26.19,20645.0,2151.0,45.16,3.57,6.33,25072.0,1816.0,54.84,1.4,4.4,1719.0,475.0,3.76,1.01,16.8,2175.0,612.0,4.76,1.3,17.11,1674.0,365.0,3.66,0.76,13.25,1071.0,266.0,2.34,0.56,15.1,1481.0,530.0,3.24,1.14,21.75,9541.0,1159.0,20.87,2.1,7.38,7072.0,1502.0,15.47,3.11,12.91,4825.0,821.0,10.55,1.65,10.34,3156.0,824.0,6.9,1.74,15.87,3118.0,708.0,6.82,1.48,13.8,5440.0,802.0,11.9,1.56,8.96,2601.0,479.0,5.69,0.97,11.2,1844.0,810.0,4.03,1.75,26.7,6317.0,1014.0,13.82,2.01,9.76,39400.0,2659.0,86.18,8.24,4.1,9885.0,1196.0,21.62,2.17,7.36,2257.0,574.0,4.94,1.21,15.46,37936.0,3231.0,82.98,4.28,5.18,735.0,450.0,1.61,0.98,37.22,0.0,,0.0,,,3896.0,848.0,8.52,1.76,13.23,0.0,,0.0,,,893.0,505.0,1.95,1.1,34.38,3372.0,978.0,7.38,2.08,17.63,42345.0,3186.0,92.62,3.03,4.57,36371.0,3320.0,79.56,4.87,5.55,693.0,446.0,1.52,0.97,39.12,0.0,,0.0,,,3896.0,848.0,8.52,1.76,13.23,0.0,,0.0,,,157.0,129.0,0.34,0.28,49.95,1228.0,407.0,2.69,0.87,20.15
10029,10029,10029,33406.0,1409.0,100,,2.56,7572.0,723.0,22.67,1.94,5.8,17011.0,1370.0,22.5,1.55,4.9,1117.0,397.0,6.57,2.27,21.61,536.0,210.0,3.15,1.21,23.82,5800.0,806.0,34.1,3.86,8.45,3851.0,611.0,22.64,3.09,9.64,5707.0,769.0,33.55,3.62,8.19,55086.0,2455.0,72.85,1.12,2.71,7818.0,1204.0,14.19,2.09,9.36,5125.0,763.0,9.3,1.32,9.05,13643.0,1335.0,24.77,2.16,5.95,18277.0,1532.0,33.18,2.36,5.1,61954.0,2513.0,81.93,4.77,2.47,916.0,242.0,1.48,0.39,16.06,74858.0,3169.0,99.0,0.64,2.57,11700.0,1058.0,15.63,1.25,5.5,13639.0,1271.0,18.04,1.5,5.66,1134.0,416.0,8.31,2.95,22.3,49351.0,2423.0,65.27,1.68,2.98,5953.0,834.0,12.06,1.58,8.52,11868.0,1612.0,15.7,2.03,8.26,4613.0,627.0,38.87,0.2,8.26,75207.0,3171.0,99.46,0.52,2.56,66450.0,3071.0,88.36,1.67,2.81,8096.0,1189.0,10.76,1.51,8.93,661.0,267.0,0.88,0.35,24.56,75614.0,3164.0,100,,2.54,56203.0,2619.0,74.33,1.52,2.83,49551.0,2771.0,65.53,2.43,3.4,6652.0,852.0,8.8,1.06,7.79,19411.0,2052.0,25.67,2.49,6.43,10820.0,1652.0,55.74,6.14,9.28,8591.0,1014.0,44.26,2.32,7.18,1594.0,314.0,8.21,1.36,11.97,6340.0,1368.0,32.66,6.14,13.12,1104.0,454.0,5.69,2.26,25.0,31.0,34.0,0.16,0.17,66.67,10035.0,1566.0,51.7,5.93,9.49,253.0,167.0,1.3,0.85,40.13,71649.0,2993.0,94.76,5.6,2.54,34703.0,2303.0,48.43,2.5,4.03,15439.0,1877.0,21.55,2.46,7.39,26078.0,2316.0,36.4,2.85,5.4,28500.0,1325.0,85.31,1.67,2.83,25749.0,1292.0,77.08,2.09,3.05,63688.0,2659.0,84.23,4.98,2.54,33744.0,2102.0,52.98,2.45,3.79,30833.0,2142.0,48.41,2.69,4.22,2892.0,577.0,4.54,0.89,12.13,19.0,29.0,0.03,0.05,92.79,29944.0,2129.0,47.02,2.71,4.32,,,8.57,1.62,12.13,30128.0,2132.0,39.84,2.27,4.3,1840.0,491.0,6.11,1.57,16.22,427.0,196.0,1.42,0.64,27.9,18565.0,1754.0,61.62,3.86,5.74,4060.0,626.0,13.48,1.85,9.37,3931.0,624.0,13.05,1.85,9.65,30833.0,2142.0,40.78,2.26,4.22,38.0,64.0,0.12,0.21,102.38,910.0,372.0,2.95,1.19,24.85,511.0,219.0,1.66,0.7,26.05,205.0,130.0,0.66,0.42,38.55,2608.0,477.0,8.46,1.43,11.12,1652.0,428.0,5.36,1.34,15.75,893.0,262.0,2.9,0.83,17.84,2897.0,897.0,9.4,2.84,18.82,5044.0,707.0,16.36,1.99,8.52,9575.0,912.0,31.05,2.02,5.79,4493.0,709.0,14.57,2.06,9.59,1308.0,390.0,4.24,1.23,18.13,699.0,237.0,2.27,0.75,20.61,4792.0,828.0,14.34,2.4,10.5,4796.0,1198.0,14.36,3.53,15.18,4154.0,623.0,12.43,1.79,9.12,2844.0,638.0,8.51,1.88,13.64,3370.0,470.0,10.09,1.34,8.48,4534.0,647.0,13.57,1.85,8.67,2231.0,452.0,6.68,1.32,12.32,2470.0,433.0,7.39,1.26,10.66,1529.0,360.0,4.58,1.06,14.31,2686.0,356.0,8.04,1.01,8.06,20635.0,966.0,61.77,1.25,2.85,9787.0,1277.0,29.3,3.62,7.93,3841.0,549.0,11.5,1.57,8.69,4624.0,718.0,13.84,2.07,9.44,3528.0,568.0,10.56,1.64,9.79,9904.0,951.0,29.65,2.56,5.84,69840.0,3228.0,93.3,1.73,2.81,36980.0,3050.0,49.4,3.5,5.01,40736.0,2882.0,54.42,3.08,4.3,5018.0,835.0,6.7,1.08,10.12,33346.0,1810.0,44.1,1.52,3.3,42268.0,2329.0,55.9,2.0,3.35,3965.0,621.0,5.24,0.79,9.52,3262.0,623.0,4.31,0.8,11.61,4078.0,670.0,5.39,0.86,9.99,4265.0,634.0,5.64,0.8,9.04,4958.0,799.0,6.56,1.02,9.8,13256.0,1280.0,17.53,1.53,5.87,10883.0,1390.0,14.39,1.74,7.76,9376.0,935.0,12.4,1.12,6.06,4703.0,589.0,6.22,0.73,7.61,4550.0,695.0,6.02,0.88,9.29,6670.0,1407.0,8.82,1.82,12.82,3849.0,639.0,5.09,0.82,10.09,1799.0,540.0,2.38,0.71,18.25,13641.0,1271.0,18.04,1.5,5.66,61973.0,2515.0,81.96,4.78,2.47,12318.0,1613.0,16.29,2.02,7.96,7146.0,1387.0,9.45,1.79,11.8,18977.0,1509.0,25.1,1.7,4.83,22135.0,2189.0,29.27,2.62,6.01,779.0,461.0,1.03,0.61,35.97,8342.0,1501.0,11.03,1.93,10.94,13.0,17.0,0.02,0.02,79.49,18222.0,2860.0,24.1,3.65,9.54,34520.0,2318.0,45.65,2.4,4.08,41094.0,2693.0,54.35,2.74,3.98,11279.0,925.0,14.92,1.05,4.99,18941.0,1838.0,25.05,2.19,5.9,42.0,56.0,0.06,0.07,81.05,8153.0,1449.0,10.78,1.86,10.8,9.0,16.0,0.01,0.02,108.07,1188.0,911.0,1.57,1.2,46.62,1482.0,381.0,1.96,0.5,15.63
10030,10030,10030,13097.0,702.0,100,,3.26,3039.0,387.0,23.2,2.68,7.74,7362.0,968.0,23.54,2.82,7.99,381.0,174.0,5.18,2.26,27.76,563.0,326.0,7.65,4.31,35.2,2266.0,458.0,30.78,4.72,12.29,1655.0,518.0,22.48,6.39,19.03,2497.0,606.0,33.92,6.92,14.75,23150.0,1322.0,74.04,1.3,3.47,2434.0,602.0,10.51,2.53,15.04,2589.0,529.0,11.18,2.19,12.42,4942.0,743.0,21.35,2.97,9.14,8135.0,964.0,35.14,3.65,7.2,25470.0,1400.0,81.46,0.68,3.34,600.0,216.0,2.36,0.84,21.88,31237.0,1698.0,99.9,0.15,3.3,4788.0,567.0,15.33,1.61,7.2,5793.0,748.0,18.53,2.17,7.85,391.0,217.0,6.75,3.64,33.74,21748.0,1349.0,69.55,2.08,3.77,2664.0,488.0,12.25,2.11,11.14,3696.0,532.0,11.82,1.58,8.75,1733.0,364.0,46.89,7.17,12.77,30980.0,1653.0,99.08,7.55,3.24,27036.0,1688.0,87.27,2.83,3.8,3377.0,744.0,10.9,2.33,13.39,567.0,374.0,1.83,1.2,40.1,31268.0,1699.0,100,,3.3,23273.0,1555.0,74.43,2.89,4.06,22469.0,1549.0,71.86,3.05,4.19,804.0,310.0,2.57,0.98,23.44,7995.0,1182.0,25.57,3.52,8.99,3903.0,677.0,48.82,4.43,10.54,4092.0,894.0,51.18,8.23,13.28,399.0,204.0,4.99,2.44,31.08,699.0,340.0,8.74,4.05,29.57,1831.0,718.0,22.9,8.32,23.84,162.0,170.0,2.03,2.11,63.79,4815.0,856.0,60.23,5.95,10.81,89.0,85.0,1.11,1.05,58.06,29396.0,1552.0,94.01,7.12,3.21,18471.0,1404.0,62.84,3.44,4.62,4417.0,798.0,15.03,2.6,10.98,6884.0,980.0,23.42,3.1,8.65,12119.0,686.0,92.53,1.68,3.44,11309.0,703.0,86.35,2.72,3.78,26095.0,1461.0,83.46,1.13,3.4,16877.0,1219.0,64.68,2.95,4.39,15160.0,1242.0,58.1,3.47,4.98,1712.0,459.0,6.56,1.72,16.3,5.0,8.0,0.02,0.03,97.26,9218.0,803.0,35.32,2.36,5.3,,,10.14,2.62,16.3,14593.0,1224.0,46.67,2.98,5.1,1023.0,297.0,7.01,1.95,17.65,159.0,95.0,1.09,0.64,36.32,9759.0,992.0,66.87,3.84,6.18,1243.0,291.0,8.52,1.86,14.23,2063.0,605.0,14.14,3.97,17.83,15160.0,1242.0,48.48,2.97,4.98,11.0,17.0,0.07,0.11,93.95,486.0,216.0,3.21,1.4,27.02,413.0,207.0,2.72,1.35,30.47,245.0,163.0,1.62,1.07,40.44,1322.0,387.0,8.72,2.45,17.8,926.0,279.0,6.11,1.77,18.32,489.0,217.0,3.23,1.41,26.98,1119.0,277.0,7.38,1.72,15.05,1549.0,480.0,10.22,3.05,18.84,5441.0,777.0,35.89,4.2,8.68,1610.0,397.0,10.62,2.47,14.99,738.0,257.0,4.87,1.65,21.17,811.0,250.0,5.35,1.59,18.74,1238.0,306.0,9.45,2.28,15.03,1619.0,355.0,12.36,2.63,13.33,1511.0,382.0,11.54,2.85,15.37,1263.0,440.0,9.64,3.32,21.18,1141.0,336.0,8.71,2.52,17.9,1966.0,399.0,15.01,2.94,12.34,1532.0,515.0,11.7,3.88,20.44,1385.0,255.0,10.57,1.86,11.19,438.0,180.0,3.34,1.36,24.98,1004.0,277.0,7.67,2.07,16.77,9753.0,681.0,74.47,3.33,4.24,3038.0,433.0,23.2,3.06,8.66,1657.0,298.0,12.65,2.17,10.93,1541.0,407.0,11.77,3.04,16.06,1176.0,305.0,8.98,2.28,15.77,4142.0,506.0,31.63,3.47,7.43,28714.0,1659.0,91.92,1.8,3.51,16360.0,1638.0,52.37,4.4,6.09,15438.0,1231.0,49.42,2.88,4.85,2523.0,598.0,8.08,1.86,14.41,14493.0,1178.0,46.35,2.8,4.94,16775.0,1115.0,53.65,2.05,4.04,1872.0,501.0,5.99,1.57,16.27,1378.0,308.0,4.41,0.96,13.59,1642.0,492.0,5.25,1.55,18.21,1068.0,345.0,3.42,1.09,19.64,2158.0,462.0,6.9,1.43,13.01,5829.0,825.0,18.64,2.44,8.6,5138.0,683.0,16.43,1.99,8.08,4100.0,659.0,13.11,1.98,9.77,2239.0,478.0,7.16,1.48,12.98,2122.0,440.0,6.79,1.36,12.6,2256.0,435.0,7.22,1.33,11.72,975.0,315.0,3.12,0.99,19.64,491.0,216.0,1.57,0.69,26.74,5793.0,748.0,18.53,2.17,7.85,25475.0,1401.0,81.47,0.69,3.34,3722.0,532.0,11.9,1.57,8.69,2418.0,585.0,7.73,1.82,14.71,5145.0,898.0,16.45,2.73,10.61,18253.0,1840.0,58.38,4.96,6.13,21.0,27.0,0.07,0.09,78.16,1134.0,500.0,3.63,1.59,26.8,5.0,8.0,0.02,0.03,97.26,4292.0,1038.0,13.73,3.23,14.7,9273.0,1141.0,29.66,3.27,7.48,21995.0,1689.0,70.34,3.82,4.67,2780.0,483.0,8.89,1.47,10.56,16818.0,1558.0,53.79,4.04,5.63,7.0,13.0,0.02,0.04,112.9,1134.0,500.0,3.63,1.59,26.8,3.0,6.0,0.01,0.02,121.58,307.0,258.0,0.98,0.82,51.09,946.0,366.0,3.03,1.16,23.52
10031,10031,10031,22037.0,813.0,100,,2.24,5005.0,556.0,22.71,2.38,6.75,12304.0,1288.0,20.16,1.84,6.36,544.0,232.0,4.42,1.83,25.93,325.0,166.0,2.64,1.32,31.05,3866.0,626.0,31.42,3.88,9.84,2129.0,349.0,17.3,2.18,9.97,5440.0,1025.0,44.21,6.93,11.45,47467.0,2750.0,77.76,2.08,3.52,5827.0,1073.0,12.28,2.15,11.19,4502.0,1097.0,9.48,2.24,14.81,8403.0,1061.0,17.7,1.99,7.68,19071.0,1803.0,40.18,3.0,5.75,51834.0,2584.0,84.91,6.08,3.03,683.0,251.0,1.32,0.48,22.34,61005.0,3134.0,99.94,7.26,3.12,7235.0,832.0,11.86,1.22,6.99,9175.0,1072.0,15.03,1.58,7.1,348.0,179.0,3.79,1.9,31.27,44354.0,2449.0,72.66,1.46,3.36,3558.0,576.0,8.02,1.22,9.84,7476.0,801.0,12.25,1.15,6.51,3329.0,584.0,44.53,6.19,10.66,60373.0,3082.0,98.9,7.17,3.1,53130.0,3286.0,88.0,3.07,3.76,6255.0,1113.0,10.36,1.77,10.82,988.0,593.0,1.64,0.98,36.49,61044.0,3139.0,100,,3.13,38502.0,2761.0,63.07,3.15,4.36,36332.0,2714.0,59.52,3.22,4.54,2170.0,475.0,3.55,0.76,13.31,22542.0,1836.0,36.93,2.33,4.95,12128.0,1172.0,53.8,2.8,5.87,10414.0,1424.0,46.2,5.07,8.31,1336.0,349.0,5.93,1.47,15.88,1912.0,782.0,8.48,3.4,24.86,1479.0,655.0,6.56,2.86,26.92,33.0,38.0,0.15,0.17,70.0,17571.0,1526.0,77.95,2.35,5.28,211.0,130.0,0.94,0.57,37.45,58685.0,3002.0,96.14,6.97,3.11,26514.0,2111.0,45.18,2.76,4.84,13500.0,1298.0,23.0,1.87,5.84,26239.0,2453.0,44.71,3.5,5.68,20110.0,854.0,91.26,1.92,2.58,19608.0,887.0,88.98,2.33,2.75,52999.0,2670.0,86.82,6.25,3.06,36775.0,2232.0,69.39,2.35,3.69,33812.0,2090.0,63.8,2.28,3.76,2943.0,771.0,5.55,1.43,15.93,20.0,33.0,0.04,0.06,100.3,16224.0,1786.0,30.61,3.0,6.69,,,8.0,2.04,15.93,33019.0,2118.0,54.09,2.07,3.9,1802.0,450.0,5.46,1.32,15.18,446.0,284.0,1.35,0.86,38.71,21044.0,1317.0,63.73,5.71,3.8,2065.0,525.0,6.25,1.54,15.46,6513.0,1264.0,19.73,3.61,11.8,33812.0,2090.0,55.39,1.9,3.76,46.0,60.0,0.14,0.18,79.29,1246.0,367.0,3.69,1.06,17.91,581.0,283.0,1.72,0.83,29.61,556.0,277.0,1.64,0.81,30.29,2497.0,513.0,7.38,1.45,12.49,1900.0,481.0,5.62,1.38,15.39,1560.0,387.0,4.61,1.11,15.08,2470.0,483.0,7.31,1.36,11.89,4773.0,942.0,14.12,2.65,12.0,9934.0,1278.0,29.38,3.31,7.82,5610.0,842.0,16.59,2.27,9.12,2039.0,382.0,6.03,1.07,11.39,600.0,211.0,1.77,0.61,21.38,1782.0,389.0,8.09,1.74,13.27,1520.0,358.0,6.9,1.6,14.32,1979.0,380.0,8.98,1.69,11.67,1450.0,482.0,6.58,2.17,20.21,2109.0,442.0,9.57,1.97,12.74,3063.0,538.0,13.9,2.39,10.68,2617.0,576.0,11.88,2.58,13.38,3085.0,415.0,14.0,1.81,8.18,1997.0,369.0,9.06,1.64,11.23,2435.0,456.0,11.05,2.03,11.38,17641.0,922.0,80.05,2.96,3.18,5088.0,688.0,23.09,3.0,8.22,2594.0,378.0,11.77,1.66,8.86,1966.0,487.0,8.92,2.19,15.06,1609.0,361.0,7.3,1.62,13.64,5826.0,695.0,26.44,3.0,7.25,55748.0,2985.0,91.38,1.38,3.25,32740.0,2479.0,53.67,2.99,4.6,26104.0,2678.0,42.79,3.8,6.24,5257.0,904.0,8.62,1.41,10.45,31049.0,2010.0,50.86,2.0,3.94,29995.0,2113.0,49.14,2.37,4.28,2359.0,511.0,3.86,0.81,13.17,2904.0,575.0,4.76,0.91,12.04,2204.0,453.0,3.61,0.72,12.49,2725.0,412.0,4.46,0.63,9.19,3385.0,617.0,5.55,0.97,11.08,15318.0,1651.0,25.09,2.38,6.55,10731.0,1349.0,17.58,2.02,7.64,6730.0,757.0,11.02,1.1,6.84,3101.0,502.0,5.08,0.78,9.84,4111.0,888.0,6.73,1.41,13.13,4474.0,695.0,7.33,1.07,9.44,2202.0,560.0,3.61,0.9,15.46,800.0,262.0,1.31,0.42,19.91,9190.0,1072.0,15.05,1.58,7.09,51854.0,2590.0,84.95,6.09,3.04,7476.0,801.0,12.25,1.15,6.51,11868.0,2104.0,19.44,3.3,10.78,13898.0,1284.0,22.77,1.75,5.62,16914.0,1612.0,27.71,2.22,5.79,269.0,212.0,0.44,0.35,47.91,2517.0,923.0,4.12,1.5,22.29,63.0,101.0,0.1,0.17,97.46,15515.0,3011.0,25.42,4.76,11.8,31100.0,2750.0,50.95,3.66,5.38,29944.0,2256.0,49.05,2.7,4.58,10534.0,1041.0,17.26,1.46,6.01,14431.0,1620.0,23.64,2.36,6.82,0.0,,0.0,,,2458.0,916.0,4.03,1.49,22.65,0.0,,0.0,,,442.0,309.0,0.72,0.5,42.5,2079.0,709.0,3.41,1.15,20.73
10032,10032,10032,22285.0,1079.0,100,,2.94,4580.0,646.0,20.55,2.72,8.57,12951.0,1068.0,21.41,1.39,5.01,419.0,258.0,3.24,1.97,37.43,507.0,211.0,3.91,1.6,25.3,3952.0,524.0,30.52,3.17,8.06,1781.0,447.0,13.75,3.26,15.26,6292.0,844.0,48.58,5.14,8.15,46094.0,2574.0,76.21,1.77,3.39,7844.0,1195.0,17.02,2.41,9.26,4071.0,788.0,8.83,1.64,11.77,8114.0,968.0,17.6,1.86,7.25,17030.0,1432.0,36.95,2.32,5.11,52071.0,2858.0,86.1,1.79,3.34,623.0,260.0,1.2,0.49,25.37,60256.0,3075.0,99.63,0.47,3.1,11552.0,1478.0,19.17,2.25,7.78,8409.0,870.0,13.9,1.25,6.29,638.0,283.0,7.59,3.27,26.96,41717.0,2701.0,68.98,2.77,3.94,5826.0,1107.0,13.97,2.49,11.55,10130.0,1054.0,16.75,1.52,6.33,5088.0,900.0,50.23,7.18,10.75,60112.0,3051.0,99.39,7.14,3.09,51899.0,3106.0,86.34,2.74,3.64,7518.0,1360.0,12.51,2.17,11.0,695.0,341.0,1.16,0.56,29.83,60480.0,3073.0,100,,3.09,32822.0,1868.0,54.27,1.39,3.46,31501.0,1809.0,52.08,1.39,3.49,1321.0,386.0,2.18,0.63,17.76,27658.0,2613.0,45.73,3.64,5.74,15546.0,1760.0,56.21,3.51,6.88,12112.0,1992.0,43.79,5.9,10.0,857.0,268.0,3.1,0.92,19.01,2216.0,687.0,8.01,2.37,18.85,786.0,698.0,2.84,2.51,53.98,27.0,44.0,0.1,0.16,99.07,23640.0,2386.0,85.47,3.04,6.14,132.0,95.0,0.48,0.34,43.75,58242.0,3001.0,96.3,0.82,3.13,20045.0,1687.0,34.42,2.29,5.12,17782.0,1673.0,30.53,2.4,5.72,33625.0,2674.0,57.73,3.5,4.83,19997.0,1070.0,89.73,2.04,3.25,18632.0,1038.0,83.61,2.3,3.39,53113.0,2965.0,87.82,2.03,3.39,33368.0,2430.0,62.82,2.94,4.43,29040.0,2152.0,54.68,2.66,4.5,4328.0,1070.0,8.15,1.96,15.03,0.0,,0.0,,,19745.0,1872.0,37.18,2.85,5.76,,,12.97,3.06,15.03,27985.0,2123.0,46.27,2.61,4.61,1799.0,529.0,6.43,1.83,17.88,796.0,607.0,2.84,2.16,46.36,17434.0,1768.0,62.3,4.19,6.16,3529.0,645.0,12.61,2.1,11.11,3406.0,847.0,12.17,2.88,15.12,29040.0,2152.0,48.02,2.59,4.5,0.0,,0.0,,,1063.0,381.0,3.66,1.28,21.79,835.0,617.0,2.88,2.11,44.92,421.0,247.0,1.45,0.84,35.67,2916.0,755.0,10.04,2.49,15.74,1797.0,390.0,6.19,1.26,13.19,1113.0,354.0,3.83,1.19,19.33,2008.0,738.0,6.91,2.49,22.34,3128.0,521.0,10.77,1.61,10.13,8442.0,1048.0,29.07,2.9,7.55,4949.0,940.0,17.04,2.98,11.55,1508.0,400.0,5.19,1.32,16.12,860.0,251.0,2.96,0.84,17.74,1583.0,395.0,7.1,1.74,15.17,2105.0,529.0,9.45,2.33,15.28,1887.0,406.0,8.47,1.78,13.08,1704.0,471.0,7.65,2.08,16.8,2216.0,494.0,9.94,2.16,13.55,4810.0,814.0,21.58,3.5,10.29,2375.0,499.0,10.66,2.18,12.77,2774.0,477.0,12.45,2.05,10.45,1514.0,384.0,6.79,1.69,15.42,1317.0,379.0,5.91,1.68,17.49,16914.0,1109.0,75.9,3.36,3.99,6571.0,690.0,29.49,2.75,6.38,3251.0,585.0,14.59,2.53,10.94,2967.0,708.0,13.31,3.11,14.51,1552.0,439.0,6.96,1.94,17.2,6471.0,839.0,29.04,3.49,7.88,54786.0,2860.0,90.92,1.0,3.17,30376.0,2027.0,50.41,2.17,4.06,30246.0,2352.0,50.2,2.95,4.73,5470.0,1105.0,9.08,1.77,12.28,30363.0,1927.0,50.2,1.91,3.86,30117.0,1994.0,49.8,2.11,4.02,2238.0,556.0,3.7,0.9,15.1,2337.0,538.0,3.86,0.87,13.99,2222.0,408.0,3.67,0.65,11.16,2560.0,592.0,4.23,0.95,14.06,5029.0,790.0,8.32,1.24,9.55,12843.0,1101.0,21.24,1.47,5.21,9110.0,1320.0,15.06,2.04,8.81,7944.0,1309.0,13.13,2.06,10.02,3010.0,475.0,4.98,0.74,9.59,3026.0,563.0,5.0,0.9,11.31,6075.0,961.0,10.04,1.5,9.62,2813.0,435.0,4.65,0.68,9.4,1273.0,346.0,2.1,0.56,16.52,8409.0,870.0,13.9,1.25,6.29,52071.0,2858.0,86.1,1.79,3.34,10161.0,1053.0,16.8,1.52,6.3,7907.0,1415.0,13.07,2.24,10.88,13028.0,1650.0,21.54,2.5,7.7,10197.0,1206.0,16.86,1.8,7.19,505.0,309.0,0.83,0.51,37.2,2810.0,808.0,4.65,1.31,17.48,45.0,65.0,0.07,0.11,87.81,25988.0,3050.0,42.97,4.55,7.13,39710.0,2817.0,65.66,3.25,4.31,20770.0,1520.0,34.34,1.81,4.45,8843.0,996.0,14.62,1.47,6.85,7712.0,1009.0,12.75,1.54,7.95,32.0,37.0,0.05,0.06,70.29,2706.0,745.0,4.47,1.21,16.74,4.0,9.0,0.01,0.01,136.78,237.0,161.0,0.39,0.27,41.3,1236.0,442.0,2.04,0.72,21.74
10033,10033,10033,20521.0,1020.0,100,,3.02,5270.0,581.0,25.68,2.53,6.7,12342.0,1419.0,21.02,2.08,6.99,558.0,227.0,4.52,1.76,24.73,517.0,426.0,4.19,3.42,50.09,4206.0,688.0,34.08,3.97,9.94,2398.0,522.0,19.43,3.59,13.23,4663.0,866.0,37.78,5.51,11.29,43653.0,2826.0,74.35,2.0,3.94,6015.0,736.0,13.78,1.43,7.44,4116.0,934.0,9.43,2.05,13.79,7773.0,1225.0,17.81,2.56,9.58,16995.0,1420.0,38.93,2.06,5.08,48700.0,2943.0,82.95,1.13,3.67,841.0,361.0,1.73,0.73,26.09,58698.0,3457.0,99.98,0.12,3.58,8072.0,1126.0,13.75,1.74,8.48,10007.0,1153.0,17.04,1.69,7.0,233.0,148.0,2.33,1.45,38.61,40686.0,2775.0,69.3,2.39,4.15,4484.0,903.0,11.02,2.09,12.24,8005.0,869.0,13.63,1.24,6.6,3355.0,561.0,41.91,5.33,10.16,58047.0,3433.0,98.87,0.55,3.6,51271.0,3666.0,88.33,3.55,4.35,6285.0,1072.0,10.83,1.73,10.37,491.0,256.0,0.85,0.44,31.7,58711.0,3457.0,100,,3.58,33572.0,2530.0,57.18,2.69,4.58,32172.0,2486.0,54.8,2.74,4.7,1400.0,455.0,2.38,0.76,19.76,25139.0,2086.0,42.82,2.5,5.04,15293.0,1549.0,60.83,3.53,6.16,9846.0,1418.0,39.17,4.61,8.75,1589.0,371.0,6.32,1.38,14.19,1405.0,343.0,5.59,1.28,14.84,579.0,334.0,2.3,1.31,35.07,144.0,159.0,0.57,0.63,67.12,21261.0,1899.0,84.57,2.8,5.43,161.0,111.0,0.64,0.44,41.91,55505.0,3297.0,94.54,0.74,3.61,17855.0,1568.0,32.17,2.08,5.34,17927.0,1735.0,32.3,2.47,5.88,33694.0,3073.0,60.7,4.2,5.54,19010.0,1053.0,92.64,2.26,3.37,18333.0,1024.0,89.34,2.28,3.4,49853.0,3019.0,84.91,1.2,3.68,33831.0,2565.0,67.86,3.1,4.61,29939.0,2229.0,60.05,2.6,4.53,3892.0,1015.0,7.81,1.98,15.85,0.0,,0.0,,,16022.0,1563.0,32.14,2.46,5.93,,,11.5,2.87,15.85,28599.0,2236.0,48.71,2.51,4.75,2663.0,529.0,9.31,1.7,12.08,1364.0,568.0,4.77,1.95,25.31,17344.0,1729.0,60.65,3.75,6.06,2572.0,532.0,8.99,1.72,12.57,3789.0,638.0,13.25,1.98,10.24,29939.0,2229.0,50.99,2.32,4.53,16.0,26.0,0.05,0.09,98.78,1158.0,398.0,3.87,1.3,20.89,640.0,248.0,2.14,0.81,23.56,491.0,223.0,1.64,0.73,27.61,2799.0,668.0,9.35,2.12,14.51,1504.0,472.0,5.02,1.53,19.08,1271.0,332.0,4.25,1.06,15.88,2567.0,657.0,8.57,2.1,15.56,3456.0,543.0,11.54,1.6,9.55,9202.0,1107.0,30.74,2.9,7.31,4530.0,882.0,15.13,2.72,11.84,1546.0,386.0,5.16,1.23,15.18,759.0,350.0,2.54,1.15,28.03,1690.0,401.0,8.24,1.91,14.42,948.0,273.0,4.62,1.31,17.51,1716.0,369.0,8.36,1.75,13.07,1388.0,434.0,6.76,2.09,19.01,1446.0,441.0,7.05,2.12,18.54,2856.0,474.0,13.92,2.2,10.09,2448.0,445.0,11.93,2.09,11.05,3815.0,508.0,18.59,2.3,8.09,1538.0,337.0,7.49,1.6,13.32,2676.0,509.0,13.04,2.39,11.56,16954.0,1007.0,82.62,2.69,3.61,5947.0,704.0,28.98,3.11,7.2,2506.0,470.0,12.21,2.21,11.4,1791.0,375.0,8.73,1.78,12.73,1558.0,490.0,7.59,2.36,19.12,5955.0,695.0,29.02,3.06,7.09,53495.0,3323.0,91.14,1.8,3.78,31098.0,2542.0,52.98,3.0,4.97,26292.0,2330.0,44.79,2.97,5.39,5203.0,1492.0,8.86,2.49,17.43,30564.0,2381.0,52.06,2.66,4.74,28147.0,1730.0,47.94,0.84,3.74,3206.0,588.0,5.46,0.95,11.15,2430.0,666.0,4.14,1.11,16.66,2681.0,699.0,4.57,1.16,15.85,2664.0,512.0,4.54,0.83,11.68,4077.0,725.0,6.94,1.17,10.81,11865.0,1607.0,20.21,2.46,8.23,9036.0,1098.0,15.39,1.64,7.39,7772.0,1115.0,13.24,1.73,8.72,3431.0,636.0,5.84,1.03,11.27,3535.0,653.0,6.02,1.05,11.23,4761.0,692.0,8.11,1.08,8.84,2404.0,474.0,4.09,0.77,11.99,849.0,244.0,1.45,0.41,17.47,10011.0,1153.0,17.05,1.69,7.0,48700.0,2943.0,82.95,1.13,3.67,8014.0,868.0,13.65,1.24,6.58,10871.0,1878.0,18.52,3.01,10.5,19188.0,1767.0,32.68,2.31,5.6,4198.0,834.0,7.15,1.36,12.08,1490.0,1214.0,2.54,2.06,49.53,2005.0,655.0,3.42,1.1,19.86,0.0,,0.0,,,20959.0,2948.0,35.7,4.56,8.55,39448.0,3109.0,67.19,3.52,4.79,19263.0,1371.0,32.81,1.31,4.33,13708.0,1181.0,23.35,1.47,5.24,2088.0,659.0,3.56,1.1,19.19,104.0,101.0,0.18,0.17,59.04,1940.0,658.0,3.3,1.1,20.62,0.0,,0.0,,,291.0,202.0,0.5,0.34,42.2,1132.0,508.0,1.93,0.86,27.28
10034,10034,10034,15879.0,619.0,100,,2.37,4528.0,561.0,28.52,3.35,7.53,8902.0,1092.0,21.41,2.14,7.46,505.0,216.0,5.67,2.32,26.0,417.0,193.0,4.68,2.09,28.14,3314.0,444.0,37.23,2.01,8.14,1766.0,436.0,19.84,4.25,15.01,2900.0,634.0,32.58,5.9,13.29,30717.0,2169.0,73.89,7.4,4.29,3757.0,591.0,12.23,1.72,9.56,2795.0,535.0,9.1,1.62,11.64,5573.0,870.0,18.14,2.53,9.49,12369.0,1266.0,40.27,2.98,6.22,33518.0,2295.0,80.63,7.95,4.16,373.0,130.0,1.11,0.38,21.19,41553.0,2951.0,99.96,0.2,4.32,6619.0,764.0,15.93,1.45,7.02,8051.0,1059.0,19.37,2.14,8.0,662.0,239.0,8.22,2.76,21.95,27771.0,2145.0,66.81,2.03,4.7,3243.0,510.0,11.68,1.6,9.56,5731.0,581.0,13.79,1.0,6.16,2714.0,488.0,47.36,7.03,10.93,41036.0,2852.0,98.72,9.81,4.22,37013.0,2838.0,90.2,2.92,4.66,3699.0,792.0,9.01,1.83,13.02,324.0,222.0,0.79,0.54,41.65,41570.0,2951.0,100,,4.32,25226.0,2366.0,60.68,3.72,5.7,23510.0,2234.0,56.56,3.57,5.78,1716.0,521.0,4.13,1.22,18.46,16344.0,1381.0,39.32,1.8,5.14,9498.0,1088.0,58.11,4.49,6.96,6846.0,1030.0,41.89,5.21,9.15,1089.0,248.0,6.66,1.41,13.84,1115.0,519.0,6.82,3.12,28.3,129.0,107.0,0.79,0.65,50.42,0.0,,0.0,,,13925.0,1323.0,85.2,3.7,5.78,86.0,55.0,0.53,0.33,38.88,38955.0,2643.0,93.71,9.2,4.12,12345.0,1265.0,31.69,2.43,6.23,12425.0,1292.0,31.9,2.51,6.32,23880.0,2370.0,61.3,4.44,6.03,14594.0,662.0,91.91,2.13,2.76,13750.0,645.0,86.59,2.26,2.85,34464.0,2389.0,82.91,8.23,4.21,22742.0,1831.0,65.99,2.7,4.89,20880.0,1699.0,60.58,2.58,4.95,1862.0,589.0,5.4,1.67,19.23,0.0,,0.0,,,11722.0,1268.0,34.01,2.82,6.58,,,8.19,2.5,19.23,20239.0,1721.0,48.69,2.28,5.17,2285.0,512.0,11.29,2.34,13.62,667.0,281.0,3.3,1.36,25.61,12440.0,1261.0,61.47,3.39,6.16,1147.0,342.0,5.67,1.62,18.13,3003.0,757.0,14.84,3.52,15.32,20880.0,1699.0,50.23,2.0,4.95,6.0,10.0,0.03,0.05,101.32,483.0,209.0,2.31,0.98,26.3,1238.0,451.0,5.93,2.11,22.15,215.0,150.0,1.03,0.71,42.41,2818.0,853.0,13.5,3.93,18.4,734.0,314.0,3.52,1.48,26.01,506.0,168.0,2.42,0.78,20.18,1698.0,403.0,8.13,1.81,14.43,2207.0,419.0,10.57,1.81,11.54,6655.0,823.0,31.87,2.97,7.52,2550.0,461.0,12.21,1.97,10.99,1116.0,300.0,5.34,1.37,16.34,654.0,227.0,3.13,1.06,21.1,1194.0,287.0,7.52,1.78,14.61,1041.0,303.0,6.56,1.89,17.69,1640.0,360.0,10.33,2.23,13.34,795.0,268.0,5.01,1.68,20.49,1895.0,356.0,11.93,2.19,11.42,2451.0,512.0,15.44,3.17,12.7,1856.0,410.0,11.69,2.54,13.43,2409.0,393.0,15.17,2.4,9.92,1442.0,369.0,9.08,2.3,15.56,1156.0,216.0,7.28,1.33,11.36,12297.0,703.0,77.44,3.24,3.48,4281.0,473.0,26.96,2.79,6.72,2274.0,327.0,14.32,1.98,8.74,2057.0,348.0,12.95,2.13,10.28,1098.0,275.0,6.91,1.71,15.23,5155.0,555.0,32.46,3.26,6.54,38635.0,2936.0,92.98,2.51,4.62,23450.0,2325.0,56.43,3.9,6.03,19532.0,2090.0,47.01,3.76,6.5,2918.0,612.0,7.02,1.39,12.75,19766.0,1693.0,47.55,2.28,5.21,21804.0,1978.0,52.45,2.96,5.51,2615.0,652.0,6.29,1.5,15.16,1757.0,352.0,4.23,0.79,12.18,2388.0,446.0,5.74,0.99,11.35,1685.0,429.0,4.05,0.99,15.48,2408.0,572.0,5.79,1.31,14.44,7927.0,1317.0,19.07,2.86,10.1,6455.0,959.0,15.53,2.03,9.03,5796.0,704.0,13.94,1.37,7.38,2681.0,489.0,6.45,1.08,11.09,2125.0,390.0,5.11,0.87,11.16,3011.0,405.0,7.24,0.83,8.18,1950.0,407.0,4.69,0.92,12.69,772.0,323.0,1.86,0.77,25.43,8052.0,1059.0,19.37,2.14,8.0,33518.0,2295.0,80.63,7.95,4.16,5733.0,580.0,13.79,0.99,6.15,6047.0,1561.0,14.55,3.61,15.69,12964.0,1303.0,31.19,2.22,6.11,5103.0,1041.0,12.28,2.35,12.4,699.0,437.0,1.68,1.04,38.0,1495.0,625.0,3.6,1.48,25.41,26.0,41.0,0.06,0.1,95.86,15236.0,2360.0,36.65,5.05,9.42,28679.0,2808.0,68.99,4.65,5.95,12891.0,1197.0,31.01,1.86,5.64,7926.0,840.0,19.07,1.5,6.44,2376.0,590.0,5.72,1.36,15.1,39.0,55.0,0.09,0.13,85.73,1387.0,637.0,3.34,1.51,27.92,0.0,,0.0,,,178.0,104.0,0.43,0.25,35.52,985.0,589.0,2.37,1.41,36.35
10035,10035,10035,14833.0,783.0,100,,3.21,3772.0,532.0,25.43,3.33,8.57,8680.0,1055.0,22.49,2.4,7.39,693.0,307.0,7.98,3.4,26.93,373.0,196.0,4.3,2.2,31.94,3436.0,675.0,39.59,6.11,11.94,2019.0,382.0,23.26,3.37,11.5,2159.0,407.0,24.87,3.58,11.46,27304.0,1387.0,70.74,5.48,3.09,3172.0,526.0,11.62,1.83,10.08,3619.0,518.0,13.25,1.77,8.7,7415.0,730.0,27.16,2.29,5.98,8084.0,1035.0,29.61,3.48,7.78,30389.0,1623.0,78.74,6.23,3.25,702.0,306.0,2.31,1.0,26.5,37802.0,2253.0,97.95,1.14,3.62,7142.0,758.0,18.89,1.66,6.45,8185.0,1182.0,21.21,2.8,8.78,550.0,252.0,6.72,2.92,27.85,24456.0,1592.0,63.37,1.82,3.96,4010.0,540.0,16.4,1.93,8.19,5161.0,629.0,13.37,1.43,7.41,2582.0,490.0,50.03,7.28,11.54,38152.0,2187.0,98.85,8.09,3.48,31867.0,2238.0,83.53,3.39,4.27,5374.0,899.0,14.09,2.21,10.17,911.0,360.0,2.39,0.93,24.02,38595.0,2256.0,100,,3.55,30505.0,2084.0,79.04,2.79,4.15,28108.0,1991.0,72.83,2.91,4.31,2397.0,497.0,6.21,1.24,12.6,8090.0,1143.0,20.96,2.7,8.59,4145.0,734.0,51.24,5.47,10.76,3945.0,713.0,48.76,5.5,10.99,795.0,454.0,9.83,5.44,34.72,1111.0,306.0,13.73,3.25,16.74,956.0,482.0,11.82,5.72,30.65,9.0,14.0,0.11,0.17,94.56,5152.0,894.0,63.68,6.42,10.55,67.0,49.0,0.83,0.59,44.46,36213.0,2054.0,93.83,7.64,3.45,20633.0,1482.0,56.98,2.51,4.37,5579.0,772.0,15.41,1.94,8.41,12415.0,1245.0,34.28,2.84,6.1,11220.0,727.0,75.64,2.84,3.94,10546.0,743.0,71.1,3.32,4.28,31272.0,1681.0,81.03,6.43,3.27,16447.0,1342.0,52.59,3.23,4.96,14679.0,1174.0,46.94,2.78,4.86,1768.0,481.0,5.65,1.51,16.54,0.0,,0.0,,,14825.0,1109.0,47.41,2.47,4.55,,,10.75,2.79,16.54,14324.0,1169.0,37.11,2.11,4.96,1206.0,530.0,8.42,3.64,26.72,204.0,126.0,1.42,0.87,37.55,9465.0,969.0,66.08,4.08,6.22,1004.0,267.0,7.01,1.77,16.17,1785.0,482.0,12.46,3.21,16.42,14679.0,1174.0,38.03,2.08,4.86,7.0,13.0,0.05,0.09,112.9,346.0,155.0,2.36,1.04,27.23,279.0,128.0,1.9,0.86,27.89,569.0,356.0,3.88,2.41,38.03,1519.0,336.0,10.35,2.13,13.45,461.0,167.0,3.14,1.11,22.02,674.0,278.0,4.59,1.86,25.07,1420.0,340.0,9.67,2.18,14.56,2349.0,572.0,16.0,3.68,14.8,4388.0,610.0,29.89,3.4,8.45,1500.0,330.0,10.22,2.09,13.37,680.0,198.0,4.63,1.3,17.7,487.0,183.0,3.32,1.22,22.84,2392.0,443.0,16.13,2.86,11.26,2046.0,423.0,13.79,2.76,12.57,1814.0,329.0,12.23,2.12,11.03,1042.0,275.0,7.02,1.82,16.04,1233.0,277.0,8.31,1.82,13.66,1591.0,361.0,10.73,2.37,13.79,1371.0,297.0,9.24,1.94,13.17,1439.0,307.0,9.7,2.01,12.97,973.0,260.0,6.56,1.72,16.24,932.0,260.0,6.28,1.72,16.96,9161.0,623.0,61.76,2.65,4.13,4296.0,556.0,28.96,3.42,7.87,1463.0,276.0,9.86,1.79,11.47,2465.0,473.0,16.62,3.07,11.66,1355.0,357.0,9.14,2.36,16.02,3789.0,506.0,25.54,3.13,8.12,34993.0,2188.0,92.57,1.75,3.8,16088.0,1744.0,42.56,3.85,6.59,20799.0,1809.0,55.02,3.49,5.29,2809.0,617.0,7.43,1.57,13.35,19828.0,1594.0,51.37,2.84,4.89,18767.0,1424.0,48.63,2.35,4.61,2382.0,647.0,6.17,1.64,16.51,1879.0,529.0,4.87,1.34,17.11,2436.0,458.0,6.31,1.13,11.43,2052.0,426.0,5.32,1.06,12.62,2542.0,507.0,6.59,1.26,12.12,6726.0,797.0,17.43,1.8,7.2,6086.0,882.0,15.77,2.09,8.81,4426.0,557.0,11.47,1.28,7.65,2360.0,462.0,6.11,1.14,11.9,2188.0,398.0,5.67,0.98,11.06,2965.0,443.0,7.68,1.06,9.08,1570.0,303.0,4.07,0.75,11.73,983.0,353.0,2.55,0.9,21.83,8206.0,1185.0,21.26,2.81,8.78,30389.0,1623.0,78.74,6.23,3.25,5518.0,627.0,14.3,1.39,6.91,4319.0,1073.0,11.19,2.7,15.1,7733.0,1150.0,20.04,2.74,9.04,15568.0,1254.0,40.34,2.24,4.9,607.0,386.0,1.57,1.0,38.66,1295.0,356.0,3.36,0.9,16.71,39.0,60.0,0.1,0.16,93.52,9034.0,1299.0,23.41,3.08,8.74,16604.0,1569.0,43.02,3.19,5.74,21991.0,1552.0,56.98,2.25,4.29,5033.0,875.0,13.04,2.14,10.57,14179.0,1248.0,36.74,2.42,5.35,27.0,34.0,0.07,0.09,76.55,1295.0,356.0,3.36,0.9,16.71,9.0,20.0,0.02,0.05,135.09,119.0,93.0,0.31,0.24,47.51,1329.0,661.0,3.44,1.7,30.24
10036,10036,"10036, 10110",18916.0,1096.0,100,,3.52,1611.0,407.0,8.52,2.09,15.36,3349.0,794.0,10.83,2.48,14.41,144.0,148.0,4.3,4.3,62.48,68.0,68.0,2.03,1.97,60.79,900.0,390.0,26.87,9.75,26.34,522.0,234.0,15.59,5.93,27.25,1715.0,589.0,51.21,12.72,20.88,26043.0,1659.0,84.2,1.47,3.87,865.0,552.0,3.32,2.11,38.79,1083.0,255.0,4.16,0.94,14.31,2551.0,609.0,9.8,2.25,14.51,17486.0,1670.0,67.14,4.78,5.81,28822.0,1632.0,93.18,7.77,3.44,286.0,173.0,0.99,0.6,36.77,30885.0,1895.0,99.85,0.33,3.73,4593.0,912.0,14.87,2.81,12.07,2108.0,529.0,6.82,1.66,15.26,172.0,157.0,8.16,7.16,55.49,24082.0,1637.0,77.86,2.29,4.13,2492.0,641.0,10.35,2.57,15.64,4695.0,639.0,15.18,1.84,8.27,1929.0,593.0,41.09,11.33,18.69,30622.0,1863.0,99.0,8.55,3.7,23589.0,1866.0,77.03,3.89,4.81,6140.0,1179.0,20.05,3.65,11.67,893.0,415.0,2.92,1.34,28.25,30930.0,1895.0,100,,3.72,21365.0,1843.0,69.08,4.19,5.24,20265.0,1707.0,65.52,3.79,5.12,1100.0,646.0,3.56,2.08,35.7,9565.0,979.0,30.92,2.54,6.22,4658.0,734.0,48.7,5.83,9.58,4907.0,722.0,51.3,5.42,8.94,2310.0,580.0,24.15,5.54,15.26,4061.0,706.0,42.46,5.97,10.57,320.0,251.0,3.35,2.6,47.68,114.0,111.0,1.19,1.15,59.19,2408.0,521.0,25.18,4.8,13.15,352.0,252.0,3.68,2.61,43.52,30296.0,1844.0,97.95,8.46,3.7,19341.0,1722.0,63.84,4.15,5.41,3244.0,897.0,10.71,2.89,16.81,4706.0,1111.0,15.53,3.54,14.35,17658.0,1097.0,93.35,2.09,3.78,16311.0,1120.0,86.23,3.18,4.17,29074.0,1694.0,94.0,7.95,3.54,21681.0,1545.0,74.57,3.06,4.33,20427.0,1547.0,70.26,3.4,4.6,1254.0,377.0,4.31,1.27,18.28,0.0,,0.0,,,7393.0,902.0,25.43,2.73,7.42,,,5.78,1.69,18.28,20203.0,1545.0,65.32,2.99,4.65,480.0,237.0,2.38,1.16,30.02,106.0,88.0,0.52,0.43,50.47,8076.0,1013.0,39.97,3.97,7.63,5763.0,767.0,28.53,3.11,8.09,4118.0,839.0,20.38,3.85,12.39,20427.0,1547.0,66.04,2.94,4.6,0.0,,0.0,,,171.0,156.0,0.84,0.76,55.46,410.0,204.0,2.01,0.99,30.25,487.0,229.0,2.38,1.11,28.59,1430.0,379.0,7.0,1.78,16.11,288.0,206.0,1.41,1.0,43.48,1728.0,402.0,8.46,1.86,14.14,3957.0,716.0,19.37,3.18,11.0,5092.0,1099.0,24.93,5.04,13.12,2835.0,600.0,13.88,2.74,12.87,2574.0,584.0,12.6,2.69,13.79,1051.0,349.0,5.15,1.66,20.19,404.0,157.0,1.98,0.75,23.62,1110.0,343.0,5.87,1.78,18.78,692.0,253.0,3.66,1.32,22.23,1618.0,624.0,8.55,3.26,23.44,1018.0,329.0,5.38,1.71,19.65,1906.0,519.0,10.08,2.68,16.55,1827.0,473.0,9.66,2.44,15.74,1169.0,305.0,6.18,1.57,15.86,3216.0,788.0,17.0,4.05,14.9,2116.0,453.0,11.19,2.31,13.01,4244.0,630.0,22.44,3.07,9.02,15212.0,1074.0,80.42,3.24,4.29,3271.0,455.0,17.29,2.19,8.46,2442.0,482.0,12.91,2.44,12.0,1422.0,618.0,7.52,3.24,26.42,959.0,362.0,5.07,1.89,22.95,2194.0,599.0,11.6,3.09,16.6,30009.0,1854.0,97.16,0.7,3.76,23438.0,1882.0,75.89,3.93,4.88,8973.0,1152.0,29.05,3.28,7.8,876.0,260.0,2.84,0.82,18.04,16964.0,1206.0,54.85,1.98,4.32,13966.0,1273.0,45.15,3.05,5.54,634.0,299.0,2.05,0.96,28.67,613.0,235.0,1.98,0.75,23.3,571.0,352.0,1.85,1.13,37.47,521.0,233.0,1.68,0.75,27.19,2548.0,789.0,8.24,2.5,18.82,7845.0,978.0,25.36,2.75,7.58,5477.0,757.0,17.71,2.19,8.4,4803.0,945.0,15.53,2.9,11.96,1564.0,416.0,5.06,1.31,16.17,1622.0,491.0,5.24,1.55,18.4,2805.0,462.0,9.07,1.39,10.01,1224.0,404.0,3.96,1.28,20.06,703.0,533.0,2.27,1.72,46.09,2108.0,529.0,6.82,1.66,15.26,28822.0,1632.0,93.18,7.77,3.44,4732.0,637.0,15.3,1.83,8.18,3562.0,891.0,11.52,2.79,15.21,18023.0,1498.0,58.27,3.27,5.05,2309.0,539.0,7.47,1.68,14.19,40.0,44.0,0.13,0.14,66.87,4943.0,771.0,15.98,2.29,9.48,45.0,72.0,0.15,0.23,97.26,2008.0,894.0,6.49,2.86,27.06,6363.0,1262.0,20.57,3.88,12.06,24567.0,1729.0,79.43,2.75,4.28,15593.0,1272.0,50.41,2.72,4.96,2053.0,451.0,6.64,1.4,13.35,40.0,44.0,0.13,0.14,66.87,4943.0,771.0,15.98,2.29,9.48,33.0,70.0,0.11,0.23,128.95,143.0,171.0,0.46,0.55,72.69,1762.0,628.0,5.7,2.0,21.67
10037,10037,10037,10103.0,646.0,100,,3.89,1906.0,365.0,18.87,3.41,11.64,3865.0,739.0,20.2,3.57,11.62,497.0,240.0,12.86,5.7,29.36,262.0,172.0,6.78,4.26,39.91,1150.0,280.0,29.75,4.49,14.8,974.0,326.0,25.2,6.92,20.35,982.0,309.0,25.41,6.35,19.13,14386.0,1026.0,75.17,7.68,4.34,876.0,273.0,6.09,1.85,18.94,990.0,271.0,6.88,1.82,16.64,3350.0,538.0,23.29,3.35,9.76,6300.0,782.0,43.79,4.45,7.55,15594.0,1071.0,81.48,8.18,4.18,438.0,149.0,2.81,0.94,20.68,18921.0,1398.0,98.87,1.03,4.49,2860.0,501.0,15.12,2.4,10.65,3527.0,662.0,18.43,3.19,11.41,113.0,130.0,3.2,3.64,69.94,12083.0,940.0,63.14,1.67,4.73,1270.0,349.0,10.51,2.77,16.71,3311.0,525.0,17.3,2.43,9.64,1477.0,361.0,44.61,8.3,14.86,18915.0,1383.0,98.83,10.22,4.44,17514.0,1403.0,92.59,3.03,4.87,1315.0,362.0,6.95,1.85,16.73,86.0,79.0,0.45,0.42,55.84,19138.0,1400.0,100,,4.45,16441.0,1373.0,85.91,3.46,5.08,15965.0,1317.0,83.42,3.18,5.01,476.0,237.0,2.49,1.22,30.27,2697.0,512.0,14.09,2.47,11.54,1242.0,320.0,46.05,8.02,15.66,1455.0,390.0,53.95,10.21,16.29,144.0,90.0,5.34,3.18,37.99,548.0,271.0,20.32,9.28,30.06,615.0,274.0,22.8,9.19,27.08,0.0,,0.0,,,1350.0,446.0,50.06,13.53,20.08,40.0,64.0,1.48,2.36,97.26,18068.0,1279.0,94.41,9.61,4.3,13282.0,1122.0,73.51,3.39,5.14,1383.0,375.0,7.65,2.0,16.48,2772.0,794.0,15.34,4.26,17.41,8796.0,667.0,87.06,3.55,4.61,8187.0,612.0,81.04,3.14,4.54,16088.0,1123.0,84.06,8.5,4.24,9137.0,763.0,56.79,2.6,5.08,8215.0,739.0,51.06,2.9,5.47,905.0,303.0,5.63,1.84,20.35,17.0,26.0,0.11,0.16,92.97,6951.0,750.0,43.21,3.55,6.56,,,9.9,3.21,20.35,7933.0,725.0,41.45,2.27,5.56,1039.0,267.0,13.1,3.15,15.62,123.0,83.0,1.55,1.04,41.02,4343.0,458.0,54.75,2.88,6.41,437.0,164.0,5.51,2.01,22.81,1599.0,473.0,20.16,5.67,17.98,8215.0,739.0,42.93,2.25,5.47,65.0,53.0,0.79,0.64,49.57,264.0,160.0,3.21,1.93,36.84,190.0,105.0,2.31,1.26,33.59,103.0,74.0,1.25,0.89,43.67,411.0,162.0,5.0,1.92,23.96,658.0,208.0,8.01,2.43,19.22,374.0,159.0,4.55,1.89,25.84,582.0,197.0,7.08,2.31,20.58,1091.0,330.0,13.28,3.84,18.39,2683.0,516.0,32.66,5.55,11.69,1034.0,322.0,12.59,3.75,18.93,212.0,113.0,2.58,1.36,32.4,548.0,224.0,6.67,2.66,24.85,1700.0,436.0,16.83,4.18,15.59,672.0,244.0,6.65,2.38,22.07,1042.0,296.0,10.31,2.85,17.27,632.0,235.0,6.26,2.29,22.6,999.0,312.0,9.89,3.02,18.99,1370.0,284.0,13.56,2.67,12.6,1024.0,213.0,10.14,2.01,12.64,1257.0,251.0,12.44,2.35,12.14,635.0,271.0,6.29,2.65,25.94,772.0,182.0,7.64,1.73,14.33,6692.0,542.0,66.24,3.29,4.92,2525.0,437.0,24.99,4.02,10.52,1683.0,340.0,16.66,3.19,12.28,658.0,217.0,6.51,2.11,20.05,792.0,242.0,7.84,2.34,18.57,2019.0,352.0,19.98,3.24,10.6,17916.0,1369.0,94.69,1.84,4.65,11593.0,1242.0,61.27,4.75,6.51,8355.0,1031.0,44.16,4.36,7.5,1005.0,407.0,5.31,2.11,24.62,8426.0,921.0,44.03,3.58,6.64,10712.0,970.0,55.97,2.99,5.5,1070.0,362.0,5.59,1.85,20.57,932.0,337.0,4.87,1.72,21.98,940.0,312.0,4.91,1.59,20.18,743.0,275.0,3.88,1.41,22.5,1067.0,339.0,5.58,1.72,19.31,3427.0,569.0,17.91,2.67,10.09,2660.0,447.0,13.9,2.1,10.22,2589.0,496.0,13.53,2.4,11.65,1346.0,277.0,7.03,1.35,12.51,916.0,263.0,4.79,1.33,17.45,1717.0,345.0,8.97,1.68,12.21,973.0,246.0,5.08,1.23,15.37,758.0,296.0,3.96,1.52,23.74,3527.0,662.0,18.43,3.19,11.41,15611.0,1070.0,81.57,8.18,4.17,3448.0,526.0,18.02,2.41,9.27,1840.0,861.0,9.61,4.44,28.45,2544.0,640.0,13.29,3.2,15.29,12593.0,1193.0,65.8,3.96,5.76,78.0,87.0,0.41,0.45,67.8,731.0,385.0,3.82,1.99,32.02,0.0,,0.0,,,1352.0,384.0,7.06,1.94,17.27,3783.0,881.0,19.77,4.37,14.16,15355.0,1374.0,80.23,4.13,5.44,1845.0,557.0,9.64,2.82,18.35,12067.0,1216.0,63.05,4.37,6.13,25.0,36.0,0.13,0.19,87.54,727.0,385.0,3.8,1.99,32.19,0.0,,0.0,,,144.0,104.0,0.75,0.54,43.9,547.0,257.0,2.86,1.33,28.56
10038,10038,10038,10646.0,835.0,100,,4.77,1716.0,436.0,16.12,3.9,15.45,5771.0,1332.0,24.72,5.24,14.03,98.0,61.0,1.7,0.98,37.84,261.0,228.0,4.52,3.81,53.1,1835.0,618.0,31.8,7.8,20.47,527.0,241.0,9.13,3.61,27.8,3050.0,758.0,52.85,4.87,15.11,16829.0,1405.0,72.09,8.92,5.08,1666.0,577.0,9.9,3.33,21.05,1309.0,282.0,7.78,1.54,13.1,1734.0,341.0,10.3,1.83,11.95,10230.0,1138.0,60.79,4.47,6.76,20171.0,1496.0,86.41,10.17,4.51,463.0,197.0,2.3,0.96,25.87,23322.0,2133.0,99.91,0.39,5.56,2096.0,448.0,8.99,1.74,12.99,3167.0,987.0,13.57,4.04,18.95,182.0,116.0,5.75,3.2,38.75,16265.0,1309.0,69.68,8.48,4.89,736.0,307.0,4.53,1.85,25.36,3890.0,687.0,16.66,2.52,10.74,1178.0,337.0,30.28,6.82,17.39,23298.0,2135.0,99.81,0.69,5.57,18504.0,1977.0,79.42,4.36,6.49,4606.0,857.0,19.77,3.2,11.31,188.0,123.0,0.81,0.52,39.77,23343.0,2133.0,100,,5.55,17159.0,2061.0,73.51,5.73,7.3,16494.0,2014.0,70.66,5.72,7.42,665.0,216.0,2.85,0.89,19.75,6184.0,723.0,26.49,1.93,7.11,4450.0,659.0,71.96,6.54,9.0,1734.0,386.0,28.04,5.31,13.53,1370.0,378.0,22.15,5.54,16.77,3928.0,556.0,63.52,5.07,8.6,35.0,59.0,0.57,0.95,102.48,25.0,37.0,0.4,0.6,89.97,733.0,273.0,11.85,4.19,22.64,93.0,94.0,1.5,1.51,61.44,22571.0,1927.0,96.69,12.09,5.19,14090.0,1853.0,62.43,6.24,7.99,4058.0,816.0,17.98,3.27,12.22,2195.0,822.0,9.72,3.55,22.77,9881.0,810.0,92.81,2.21,4.98,9287.0,714.0,87.23,9.58,4.67,20582.0,1569.0,88.17,10.49,4.63,13247.0,1056.0,64.36,1.5,4.85,12577.0,1026.0,61.11,1.77,4.96,670.0,268.0,3.26,1.28,24.32,0.0,,0.0,,,7335.0,1128.0,35.64,4.76,9.35,,,5.06,1.98,24.32,12393.0,1023.0,53.09,6.54,5.02,440.0,160.0,3.55,1.26,22.11,172.0,112.0,1.39,0.9,39.58,5306.0,782.0,42.81,5.23,8.96,3330.0,551.0,26.87,3.85,10.06,2710.0,850.0,21.87,6.62,19.07,12577.0,1026.0,53.88,6.6,4.96,0.0,,0.0,,,177.0,126.0,1.41,1.0,43.27,359.0,324.0,2.85,2.57,54.86,362.0,317.0,2.88,2.51,53.23,938.0,322.0,7.46,2.49,20.87,145.0,95.0,1.15,0.75,39.83,623.0,258.0,4.95,2.01,25.17,3183.0,695.0,25.31,5.13,13.27,2819.0,418.0,22.41,2.78,9.01,2281.0,419.0,18.14,2.98,11.17,695.0,200.0,5.53,1.52,17.49,376.0,214.0,2.99,1.68,34.6,619.0,265.0,4.92,2.07,26.02,951.0,620.0,8.93,5.78,39.63,730.0,212.0,6.86,1.92,17.65,738.0,225.0,6.93,2.04,18.53,359.0,157.0,3.37,1.45,26.59,696.0,216.0,6.54,1.96,18.87,809.0,273.0,7.6,2.49,20.51,1070.0,297.0,10.05,2.68,16.87,1401.0,306.0,13.16,2.68,13.28,992.0,314.0,9.32,2.86,19.24,2900.0,549.0,27.24,4.69,11.51,7931.0,640.0,74.5,1.41,4.91,2491.0,403.0,23.4,3.31,9.83,1484.0,283.0,13.94,2.42,11.59,715.0,174.0,6.72,1.55,14.79,504.0,189.0,4.73,1.74,22.8,1874.0,339.0,17.6,2.87,11.0,22591.0,2100.0,96.87,1.61,5.65,16322.0,1662.0,69.99,3.13,6.19,7681.0,1197.0,32.93,4.16,9.47,731.0,281.0,3.13,1.17,23.37,10492.0,1233.0,44.95,3.32,7.14,12851.0,1527.0,55.05,4.18,7.22,772.0,411.0,3.31,1.73,32.36,536.0,182.0,2.3,0.75,20.64,1366.0,601.0,5.85,2.52,26.75,1560.0,453.0,6.68,1.84,17.65,2280.0,534.0,9.77,2.11,14.24,5304.0,1013.0,22.72,3.81,11.61,3252.0,787.0,13.93,3.12,14.71,2003.0,384.0,8.58,1.45,11.65,1078.0,307.0,4.62,1.25,17.31,1295.0,393.0,5.55,1.61,18.45,1626.0,326.0,6.97,1.24,12.19,1255.0,533.0,5.38,2.23,25.82,1016.0,277.0,4.35,1.12,16.57,3172.0,987.0,13.59,4.04,18.92,20171.0,1496.0,86.41,10.17,4.51,3897.0,685.0,16.69,2.51,10.69,2040.0,530.0,8.74,2.13,15.79,10786.0,1553.0,46.21,5.14,8.75,2528.0,955.0,10.83,3.97,22.96,45.0,42.0,0.19,0.18,56.74,6765.0,925.0,28.98,2.95,8.31,39.0,60.0,0.17,0.26,93.52,1140.0,692.0,4.88,2.93,36.9,2592.0,464.0,11.1,1.71,10.88,20751.0,2158.0,88.9,4.41,6.32,10086.0,1520.0,43.21,5.18,9.16,2268.0,962.0,9.72,4.02,25.78,45.0,42.0,0.19,0.18,56.74,6695.0,916.0,28.68,2.92,8.32,39.0,60.0,0.17,0.26,93.52,579.0,664.0,2.48,2.84,69.71,1039.0,405.0,4.45,1.69,23.7
10039,10039,10039,12177.0,726.0,100,,3.62,3484.0,527.0,28.61,3.98,9.2,7621.0,1500.0,25.5,4.51,11.97,390.0,193.0,5.12,2.32,30.08,590.0,430.0,7.74,5.43,44.3,2619.0,674.0,34.37,5.7,15.64,2124.0,588.0,27.87,5.43,16.83,1898.0,481.0,24.9,3.98,15.41,20839.0,1481.0,69.73,7.8,4.32,2099.0,673.0,10.07,3.15,19.49,1687.0,421.0,8.1,1.94,15.17,5329.0,720.0,25.57,2.94,8.21,6119.0,820.0,29.36,3.34,8.15,23323.0,1767.0,78.04,8.97,4.61,751.0,328.0,3.22,1.39,26.55,29887.0,2584.0,100.0,0.0,5.26,4503.0,647.0,15.07,1.73,8.73,6564.0,1225.0,21.96,3.63,11.34,192.0,134.0,2.93,1.97,42.43,19998.0,1776.0,66.91,1.36,5.4,2845.0,580.0,14.23,2.61,12.39,3325.0,449.0,11.13,1.15,8.21,1466.0,297.0,44.09,6.66,12.32,29707.0,2540.0,99.4,12.09,5.2,27073.0,2576.0,91.13,3.8,5.78,2526.0,792.0,8.5,2.56,19.06,108.0,83.0,0.36,0.28,46.72,29887.0,2584.0,100,,5.26,22971.0,2062.0,76.86,1.86,5.46,22121.0,2091.0,74.02,2.83,5.75,850.0,302.0,2.84,0.98,21.6,6916.0,1101.0,23.14,3.09,9.68,3422.0,661.0,49.48,5.41,11.74,3494.0,887.0,50.52,9.99,15.43,256.0,130.0,3.7,1.78,30.87,469.0,204.0,6.78,2.75,26.44,1526.0,567.0,22.06,7.41,22.59,0.0,,0.0,,,4571.0,979.0,66.09,9.47,13.02,94.0,143.0,1.36,2.06,92.48,27989.0,2430.0,93.65,0.74,5.28,17201.0,1639.0,61.46,2.41,5.79,4103.0,771.0,14.66,2.44,11.42,7818.0,1809.0,27.93,5.99,14.07,11083.0,741.0,91.02,2.75,4.06,10240.0,801.0,84.09,4.26,4.76,24127.0,1803.0,80.73,9.23,4.54,14357.0,1196.0,59.51,2.19,5.06,11968.0,1117.0,49.6,2.77,5.67,2389.0,515.0,9.9,2.0,13.1,0.0,,0.0,,,9770.0,1302.0,40.49,4.47,8.1,,,16.64,3.31,13.1,11402.0,1074.0,38.15,1.43,5.73,861.0,299.0,7.55,2.52,21.11,237.0,128.0,2.08,1.11,32.83,7903.0,898.0,69.31,4.4,6.91,705.0,270.0,6.18,2.3,23.28,1144.0,319.0,10.03,2.63,16.95,11968.0,1117.0,40.04,1.41,5.67,19.0,29.0,0.16,0.24,92.79,404.0,211.0,3.38,1.73,31.75,142.0,83.0,1.19,0.68,35.53,210.0,206.0,1.75,1.71,59.63,1383.0,470.0,11.56,3.78,20.66,1198.0,435.0,10.01,3.51,22.07,280.0,156.0,2.34,1.29,33.87,979.0,234.0,8.18,1.8,14.53,1336.0,381.0,11.16,3.01,17.34,3245.0,584.0,27.11,4.17,10.94,1785.0,504.0,14.91,3.97,17.16,323.0,142.0,2.7,1.16,26.73,664.0,279.0,5.55,2.27,25.54,1271.0,266.0,10.44,2.09,12.72,757.0,258.0,6.22,2.09,20.72,1474.0,449.0,12.1,3.62,18.52,867.0,225.0,7.12,1.8,15.78,1587.0,447.0,13.03,3.59,17.12,2073.0,408.0,17.02,3.19,11.96,1481.0,320.0,12.16,2.53,13.13,1433.0,415.0,11.77,3.34,17.6,761.0,281.0,6.25,2.28,22.45,473.0,138.0,3.88,1.11,17.74,9376.0,756.0,77.0,4.18,4.9,2824.0,427.0,23.19,3.22,9.19,2118.0,350.0,17.39,2.68,10.05,1661.0,447.0,13.64,3.58,16.36,1192.0,357.0,9.79,2.87,18.21,3698.0,568.0,30.37,4.3,9.34,27748.0,2310.0,92.84,11.14,5.06,15140.0,1448.0,50.66,2.07,5.81,15067.0,1965.0,50.41,4.92,7.93,2139.0,645.0,7.16,2.07,18.33,13711.0,1455.0,45.88,2.82,6.45,16176.0,1663.0,54.12,3.01,6.25,1898.0,469.0,6.35,1.47,15.02,1576.0,694.0,5.27,2.28,26.77,1930.0,454.0,6.46,1.41,14.3,1969.0,476.0,6.59,1.49,14.7,1675.0,585.0,5.6,1.9,21.23,4844.0,815.0,16.21,2.34,10.23,4261.0,742.0,14.26,2.16,10.59,4252.0,616.0,14.23,1.65,8.81,2432.0,574.0,8.14,1.79,14.35,1725.0,452.0,5.77,1.43,15.93,2174.0,377.0,7.27,1.09,10.54,765.0,234.0,2.56,0.75,18.59,386.0,165.0,1.29,0.54,25.99,6564.0,1225.0,21.96,3.63,11.34,23323.0,1767.0,78.04,8.97,4.61,3325.0,449.0,11.13,1.15,8.21,4584.0,1929.0,15.34,6.32,25.58,3264.0,777.0,10.92,2.42,14.47,17156.0,1680.0,57.4,2.64,5.95,135.0,155.0,0.45,0.52,69.8,567.0,252.0,1.9,0.83,27.02,0.0,,0.0,,,4181.0,948.0,13.99,2.93,13.78,9782.0,1940.0,32.73,5.84,12.06,20105.0,1763.0,67.27,0.98,5.33,1997.0,629.0,6.68,2.02,19.15,16337.0,1693.0,54.66,3.12,6.3,40.0,66.0,0.13,0.22,100.3,567.0,252.0,1.9,0.83,27.02,0.0,,0.0,,,331.0,310.0,1.11,1.03,56.93,833.0,331.0,2.79,1.08,24.16
10040,10040,10040,16541.0,765.0,100,,2.81,4477.0,562.0,27.07,3.16,7.63,9762.0,1194.0,22.36,2.31,7.44,610.0,288.0,6.25,2.85,28.7,516.0,213.0,5.29,2.08,25.09,3548.0,687.0,36.35,5.46,11.77,1640.0,365.0,16.8,3.12,13.53,3448.0,579.0,35.32,4.06,10.21,32333.0,2129.0,74.07,0.71,4.0,4218.0,812.0,13.05,2.36,11.7,3277.0,685.0,10.14,2.01,12.71,6893.0,1127.0,21.32,3.19,9.94,12029.0,941.0,37.2,1.57,4.76,35995.0,2394.0,82.46,1.1,4.04,376.0,135.0,1.04,0.37,21.83,42746.0,2845.0,97.92,1.33,4.05,5707.0,835.0,13.35,1.74,8.89,7658.0,1036.0,17.54,2.08,8.22,484.0,260.0,6.32,3.29,32.66,27615.0,1980.0,63.26,1.89,4.36,2364.0,504.0,8.56,1.72,12.96,7473.0,1042.0,17.12,2.11,8.48,2859.0,557.0,38.26,5.21,11.84,43409.0,2820.0,99.44,9.15,3.95,38454.0,2560.0,88.59,1.29,4.05,4337.0,867.0,9.99,1.89,12.15,618.0,394.0,1.42,0.9,38.76,43653.0,2844.0,100,,3.96,22440.0,1732.0,51.41,2.13,4.69,20925.0,1564.0,47.93,1.76,4.54,1515.0,500.0,3.47,1.12,20.06,21213.0,2276.0,48.59,4.14,6.52,12230.0,1554.0,57.65,3.92,7.72,8983.0,1334.0,42.35,4.35,9.03,1682.0,322.0,7.93,1.26,11.64,695.0,219.0,3.28,0.97,19.16,100.0,114.0,0.47,0.54,69.3,18.0,23.0,0.08,0.11,77.68,18643.0,2318.0,87.88,5.52,7.56,75.0,82.0,0.35,0.38,66.46,41683.0,2783.0,95.49,1.39,4.06,11233.0,1159.0,26.95,2.12,6.27,15202.0,1721.0,36.47,3.33,6.88,27845.0,2684.0,66.8,4.64,5.86,15181.0,751.0,91.78,1.61,3.01,14711.0,767.0,88.94,2.14,3.17,36813.0,2450.0,84.33,1.15,4.05,23909.0,1805.0,64.95,2.31,4.59,20179.0,1435.0,54.81,1.37,4.32,3730.0,863.0,10.13,2.25,14.06,0.0,,0.0,,,12904.0,1554.0,35.05,3.52,7.32,,,15.6,3.41,14.06,19764.0,1363.0,45.28,1.02,4.19,1321.0,443.0,6.68,2.19,20.39,614.0,309.0,3.11,1.55,30.59,12186.0,1046.0,61.66,3.15,5.22,2010.0,533.0,10.17,2.6,16.12,2666.0,517.0,13.49,2.44,11.79,20179.0,1435.0,46.23,1.32,4.32,11.0,19.0,0.05,0.09,105.0,712.0,317.0,3.53,1.55,27.07,806.0,362.0,3.99,1.77,27.3,342.0,186.0,1.69,0.91,33.06,1663.0,441.0,8.24,2.11,16.12,903.0,374.0,4.47,1.83,25.18,822.0,209.0,4.07,0.99,15.46,1526.0,413.0,7.56,1.97,16.45,2523.0,375.0,12.5,1.63,9.04,6820.0,868.0,33.8,3.57,7.74,2108.0,464.0,10.45,2.18,13.38,1507.0,356.0,7.47,1.68,14.36,436.0,184.0,2.16,0.9,25.65,1332.0,310.0,8.05,1.84,14.15,1110.0,328.0,6.71,1.96,17.96,1555.0,390.0,9.4,2.32,15.25,1181.0,478.0,7.14,2.87,24.6,2093.0,375.0,12.65,2.19,10.89,2528.0,440.0,15.28,2.56,10.58,1872.0,398.0,11.32,2.35,12.92,2662.0,418.0,16.09,2.41,9.55,891.0,252.0,5.39,1.5,17.19,1317.0,249.0,7.96,1.46,11.49,13167.0,798.0,79.6,3.12,3.68,4481.0,544.0,27.09,3.04,7.38,2649.0,484.0,16.01,2.83,11.11,1660.0,374.0,10.04,2.21,13.7,1095.0,287.0,6.62,1.71,15.93,4748.0,565.0,28.7,3.15,7.23,39592.0,2683.0,92.62,1.18,4.12,22422.0,1886.0,52.45,2.7,5.11,21013.0,2057.0,49.16,3.53,5.95,3154.0,700.0,7.38,1.56,13.49,20740.0,1575.0,47.51,1.85,4.62,22913.0,1637.0,52.49,1.54,4.34,1970.0,408.0,4.51,0.89,12.59,2504.0,609.0,5.74,1.34,14.78,1960.0,457.0,4.49,1.01,14.17,2089.0,367.0,4.79,0.78,10.68,2797.0,578.0,6.41,1.26,12.56,6898.0,842.0,15.8,1.63,7.42,6351.0,874.0,14.55,1.76,8.37,5873.0,810.0,13.45,1.64,8.38,2727.0,512.0,6.25,1.1,11.41,2236.0,467.0,5.12,1.02,12.7,4894.0,1020.0,11.21,2.22,12.67,2415.0,601.0,5.53,1.33,15.13,939.0,260.0,2.15,0.58,16.83,7658.0,1036.0,17.54,2.08,8.22,35995.0,2394.0,82.46,1.1,4.04,8248.0,1053.0,18.89,2.07,7.76,5952.0,1250.0,13.63,2.72,12.77,12288.0,1159.0,28.15,1.92,5.73,2758.0,716.0,6.32,1.59,15.78,556.0,384.0,1.27,0.88,41.98,835.0,235.0,1.91,0.52,17.11,5.0,11.0,0.01,0.03,133.74,21259.0,3134.0,48.7,6.44,8.96,31339.0,2888.0,71.79,4.68,5.6,12314.0,1082.0,28.21,1.66,5.34,8924.0,838.0,20.44,1.38,5.71,1251.0,388.0,2.87,0.87,18.85,29.0,38.0,0.07,0.09,79.66,789.0,233.0,1.81,0.52,17.95,5.0,11.0,0.01,0.03,133.74,528.0,242.0,1.21,0.55,27.86,788.0,306.0,1.81,0.69,23.61
10044,10044,10044,5039.0,513.0,100,,6.19,1256.0,225.0,24.93,3.67,10.89,2402.0,506.0,20.28,3.87,12.81,285.0,148.0,11.87,5.63,31.57,192.0,107.0,7.99,4.12,33.88,824.0,278.0,34.3,9.04,20.51,339.0,186.0,14.11,7.15,33.35,762.0,269.0,31.72,8.99,21.46,9072.0,748.0,76.58,9.27,5.01,364.0,121.0,4.01,1.29,20.21,352.0,192.0,3.88,2.09,33.16,1182.0,248.0,13.03,2.51,12.75,6268.0,723.0,69.09,5.57,7.01,9668.0,774.0,81.61,9.75,4.87,191.0,123.0,1.98,1.26,39.15,10990.0,1046.0,92.77,3.22,5.79,823.0,224.0,7.49,1.91,16.55,2178.0,486.0,18.39,3.77,13.56,5.0,9.0,0.23,0.41,109.42,7094.0,706.0,59.89,2.71,6.05,404.0,190.0,5.69,2.62,28.59,1718.0,376.0,14.5,2.9,13.3,414.0,157.0,24.1,7.46,23.05,11566.0,1057.0,97.64,2.17,5.56,9179.0,1010.0,79.36,4.86,6.69,1697.0,530.0,14.67,4.38,18.99,690.0,278.0,5.97,2.34,24.49,11846.0,1050.0,100,,5.39,5667.0,852.0,47.84,5.81,9.14,5243.0,757.0,44.26,5.04,8.78,424.0,242.0,3.58,2.02,34.7,6179.0,807.0,52.16,5.0,7.94,1842.0,405.0,29.81,5.27,13.37,4337.0,678.0,70.19,6.03,9.5,1367.0,378.0,22.12,5.39,16.81,3314.0,634.0,53.63,7.5,11.63,576.0,286.0,9.32,4.47,30.18,0.0,,0.0,,,891.0,259.0,14.42,3.74,17.67,31.0,41.0,0.5,0.66,80.4,10907.0,959.0,92.07,11.5,5.34,4756.0,794.0,43.61,6.19,10.15,2254.0,557.0,20.67,4.77,15.02,729.0,225.0,6.68,1.98,18.76,4940.0,510.0,98.04,1.68,6.28,4549.0,497.0,90.28,3.58,6.64,9783.0,797.0,82.58,9.94,4.95,5718.0,625.0,58.45,4.26,6.64,5454.0,619.0,55.75,4.41,6.9,264.0,107.0,2.7,1.07,24.64,0.0,,0.0,,,4065.0,494.0,41.55,3.75,7.39,,,4.62,1.8,24.64,5325.0,617.0,44.95,3.35,7.04,296.0,141.0,5.56,2.57,28.96,42.0,37.0,0.79,0.69,53.55,3412.0,468.0,64.08,4.7,8.34,190.0,79.0,3.57,1.42,25.28,959.0,265.0,18.01,4.52,16.8,5454.0,619.0,46.04,3.26,6.9,0.0,,0.0,,,0.0,,0.0,,,119.0,69.0,2.18,1.24,35.25,42.0,43.0,0.77,0.78,62.24,226.0,106.0,4.14,1.89,28.51,113.0,83.0,2.07,1.5,44.65,247.0,111.0,4.53,1.97,27.32,851.0,303.0,15.6,5.27,21.64,1095.0,294.0,20.08,4.89,16.32,1904.0,406.0,34.91,6.3,12.96,263.0,142.0,4.82,2.55,32.82,158.0,100.0,2.9,1.8,38.47,436.0,173.0,7.99,3.04,24.12,327.0,143.0,6.49,2.76,26.58,118.0,69.0,2.34,1.35,35.55,195.0,116.0,3.87,2.27,36.16,207.0,200.0,4.11,3.95,58.73,193.0,104.0,3.83,2.03,32.76,671.0,302.0,13.32,5.84,27.36,591.0,228.0,11.73,4.36,23.45,767.0,231.0,15.22,4.31,18.31,691.0,246.0,13.71,4.68,21.64,1279.0,237.0,25.38,3.93,11.26,3989.0,479.0,79.16,5.04,7.3,1231.0,336.0,24.43,6.19,16.59,721.0,290.0,14.31,5.57,24.45,144.0,67.0,2.86,1.3,28.28,245.0,112.0,4.86,2.17,27.79,399.0,138.0,7.92,2.62,21.03,10619.0,982.0,96.62,12.82,5.62,8701.0,978.0,79.17,4.73,6.83,2800.0,536.0,25.48,4.23,11.64,371.0,184.0,3.38,1.64,30.15,5610.0,596.0,47.36,2.77,6.46,6236.0,692.0,52.64,3.51,6.75,939.0,235.0,7.93,1.86,15.21,495.0,156.0,4.18,1.26,19.16,538.0,258.0,4.54,2.14,29.15,318.0,162.0,2.68,1.35,30.97,484.0,195.0,4.09,1.61,24.49,2118.0,429.0,17.88,3.26,12.31,2280.0,395.0,19.25,2.86,10.53,1214.0,294.0,10.25,2.31,14.72,562.0,176.0,4.74,1.42,19.04,708.0,206.0,5.98,1.66,17.69,1095.0,307.0,9.24,2.46,17.04,678.0,225.0,5.72,1.83,20.17,417.0,199.0,3.52,1.65,29.01,2178.0,486.0,18.39,3.77,13.56,9668.0,774.0,81.61,9.75,4.87,2190.0,406.0,18.49,3.01,11.27,753.0,230.0,6.36,1.86,18.57,5356.0,803.0,45.21,5.47,9.11,1600.0,495.0,13.51,4.0,18.81,0.0,,0.0,,,3421.0,799.0,28.88,6.24,14.2,0.0,,0.0,,,716.0,328.0,6.04,2.72,27.85,1267.0,422.0,10.7,3.43,20.25,10579.0,987.0,89.3,2.6,5.67,5052.0,771.0,42.65,5.3,9.28,1511.0,484.0,12.76,3.93,19.47,0.0,,0.0,,,3413.0,802.0,28.81,6.27,14.28,0.0,,0.0,,,141.0,149.0,1.19,1.25,64.24,462.0,177.0,3.9,1.45,23.29
10065,10065,10065,16113.0,980.0,100,,3.7,3071.0,416.0,19.06,2.31,8.23,5348.0,899.0,17.33,2.64,10.22,785.0,335.0,14.68,5.76,25.94,167.0,177.0,3.12,3.27,64.43,1953.0,483.0,36.52,6.62,15.03,697.0,326.0,13.03,5.69,28.43,1746.0,416.0,32.65,5.51,14.48,24164.0,1645.0,78.3,7.7,4.14,304.0,181.0,1.26,0.74,36.19,101.0,58.0,0.42,0.24,34.91,1199.0,372.0,4.96,1.5,18.86,20704.0,1678.0,85.68,3.77,4.93,25723.0,1633.0,83.36,7.94,3.86,1036.0,415.0,4.03,1.59,24.35,30856.0,2192.0,99.99,0.1,4.32,2904.0,708.0,9.41,2.19,14.82,5136.0,847.0,16.64,2.48,10.03,96.0,88.0,1.87,1.69,55.72,19132.0,1647.0,62.0,3.02,5.23,1024.0,442.0,5.35,2.26,26.24,6588.0,725.0,21.35,1.79,6.69,1784.0,531.0,27.08,7.49,18.09,30319.0,2182.0,98.25,1.14,4.37,23694.0,1718.0,78.15,0.69,4.41,4755.0,787.0,15.68,2.34,10.06,1870.0,986.0,6.17,3.22,32.05,30859.0,2192.0,100,,4.32,22365.0,1455.0,72.47,6.98,3.95,21884.0,1483.0,70.92,6.96,4.12,481.0,291.0,1.56,0.94,36.78,8494.0,1278.0,27.53,3.65,9.15,4416.0,774.0,51.99,4.67,10.65,4078.0,985.0,48.01,9.07,14.68,3033.0,662.0,35.71,5.65,13.27,3713.0,732.0,43.71,5.57,11.98,138.0,98.0,1.62,1.13,43.17,117.0,99.0,1.38,1.15,51.44,970.0,494.0,11.42,5.56,30.96,523.0,239.0,6.16,2.66,27.78,28629.0,2041.0,92.77,0.56,4.33,20303.0,1527.0,70.92,1.7,4.57,1678.0,479.0,5.86,1.62,17.35,1986.0,847.0,6.94,2.92,25.93,15469.0,951.0,96.0,0.86,3.74,14927.0,1007.0,92.64,2.7,4.1,26151.0,1643.0,84.74,8.04,3.82,17913.0,1544.0,68.5,4.04,5.24,17312.0,1569.0,66.2,4.32,5.51,601.0,251.0,2.3,0.95,25.39,0.0,,0.0,,,8238.0,882.0,31.5,2.73,6.51,,,3.36,1.37,25.39,17143.0,1567.0,55.55,3.2,5.56,760.0,258.0,4.43,1.45,20.64,240.0,143.0,1.4,0.82,36.22,5850.0,894.0,34.12,4.18,9.29,5732.0,902.0,33.44,4.28,9.57,3302.0,690.0,19.26,3.62,12.7,17312.0,1569.0,56.1,3.16,5.51,55.0,63.0,0.32,0.36,69.63,126.0,183.0,0.73,1.06,88.29,375.0,211.0,2.17,1.2,34.2,172.0,162.0,0.99,0.93,57.26,769.0,230.0,4.44,1.27,18.18,539.0,374.0,3.11,2.14,42.18,1420.0,412.0,8.2,2.26,17.64,3788.0,633.0,21.88,3.07,10.16,3786.0,528.0,21.87,2.32,8.48,4523.0,849.0,26.13,4.29,11.41,776.0,297.0,4.48,1.67,23.27,581.0,251.0,3.36,1.42,26.26,402.0,235.0,2.32,1.34,35.54,543.0,191.0,3.37,1.17,21.38,418.0,294.0,2.59,1.82,42.76,458.0,240.0,2.84,1.48,31.86,369.0,159.0,2.29,0.98,26.19,851.0,314.0,5.28,1.92,22.43,1469.0,402.0,9.12,2.43,16.64,930.0,262.0,5.77,1.59,17.13,2669.0,631.0,16.56,3.78,14.37,1866.0,464.0,11.58,2.79,15.12,6540.0,669.0,40.59,3.34,6.22,12583.0,1012.0,78.09,4.11,4.89,4280.0,586.0,26.56,3.26,8.32,2902.0,504.0,18.01,2.93,10.56,377.0,215.0,2.34,1.33,34.67,181.0,107.0,1.12,0.66,35.94,279.0,156.0,1.73,0.96,33.99,30412.0,2168.0,98.56,0.59,4.33,27194.0,2134.0,88.13,2.94,4.77,7747.0,960.0,25.11,2.55,7.53,444.0,180.0,1.44,0.57,24.64,13736.0,1199.0,44.51,2.26,5.31,17123.0,1509.0,55.49,2.89,5.36,2230.0,598.0,7.23,1.87,16.3,1269.0,460.0,4.11,1.46,22.04,1002.0,290.0,3.25,0.91,17.59,834.0,339.0,2.7,1.08,24.71,1360.0,377.0,4.41,1.18,16.85,6883.0,1107.0,22.3,3.22,9.78,4194.0,821.0,13.59,2.48,11.9,3434.0,706.0,11.13,2.15,12.5,1581.0,369.0,5.12,1.14,14.19,1483.0,451.0,4.81,1.42,18.49,2672.0,522.0,8.66,1.58,11.88,2592.0,579.0,8.4,1.78,13.58,1325.0,449.0,4.29,1.42,20.6,5136.0,847.0,16.64,2.48,10.03,25723.0,1633.0,83.36,7.94,3.86,6589.0,724.0,21.35,1.79,6.68,1745.0,645.0,5.65,2.05,22.47,23837.0,1884.0,77.24,2.68,4.8,785.0,328.0,2.54,1.05,25.4,14.0,22.0,0.05,0.07,95.53,4226.0,923.0,13.69,2.83,13.28,0.0,,0.0,,,252.0,139.0,0.82,0.45,33.53,2630.0,1063.0,8.52,3.39,24.57,28229.0,1884.0,91.48,8.92,4.06,22341.0,1742.0,72.4,2.33,4.74,761.0,320.0,2.47,1.02,25.56,0.0,,0.0,,,4226.0,923.0,13.69,2.83,13.28,0.0,,0.0,,,82.0,89.0,0.27,0.29,65.98,819.0,288.0,2.65,0.91,21.38
10069,10069,10069,3142.0,602.0,100,,11.65,934.0,365.0,29.73,10.12,23.76,1267.0,433.0,20.24,4.82,20.78,184.0,183.0,14.52,13.56,60.46,37.0,40.0,2.92,3.0,65.72,509.0,279.0,40.17,17.22,33.32,277.0,341.0,21.86,25.86,74.84,260.0,160.0,20.52,10.5,37.41,4683.0,1004.0,74.82,24.36,13.03,0.0,,0.0,,,0.0,,0.0,,,475.0,456.0,10.14,9.49,58.36,4065.0,995.0,86.8,10.25,14.88,4701.0,1010.0,75.11,24.48,13.06,67.0,72.0,1.43,1.5,65.33,6259.0,1534.0,100.0,0.0,14.9,299.0,296.0,4.78,4.58,60.18,1558.0,853.0,24.89,12.19,33.28,0.0,,0.0,,,4115.0,1072.0,65.75,5.81,15.84,200.0,290.0,4.86,6.93,88.15,586.0,346.0,9.36,5.03,35.89,99.0,83.0,16.89,10.06,50.97,6212.0,1535.0,99.25,3.13,15.02,4948.0,1525.0,79.65,14.67,18.74,1157.0,445.0,18.63,5.49,23.38,107.0,111.0,1.72,1.74,63.06,6259.0,1534.0,100,,14.9,4066.0,1405.0,64.96,15.82,21.01,4036.0,1407.0,64.48,15.99,21.19,30.0,36.0,0.48,0.56,72.95,2193.0,652.0,35.04,5.9,18.07,1429.0,560.0,65.16,16.64,23.82,764.0,289.0,34.84,8.15,23.0,250.0,174.0,11.4,7.17,42.31,1442.0,461.0,65.75,7.73,19.43,0.0,,0.0,,,102.0,104.0,4.65,4.54,61.98,361.0,253.0,16.46,10.45,42.6,38.0,63.0,1.73,2.83,100.78,5569.0,1218.0,88.98,29.23,13.3,3610.0,1079.0,64.82,13.21,18.17,943.0,427.0,16.93,6.71,27.53,430.0,260.0,7.72,4.35,36.76,3111.0,602.0,99.01,2.68,11.76,3111.0,602.0,99.01,2.68,11.76,4756.0,1011.0,75.99,24.65,12.92,3695.0,975.0,77.69,12.15,16.04,3076.0,714.0,64.68,6.03,14.11,619.0,683.0,13.02,14.09,67.08,0.0,,0.0,,,1061.0,432.0,22.31,7.75,24.75,,,16.75,17.95,67.08,3076.0,714.0,49.15,16.59,14.11,256.0,249.0,8.32,7.86,59.13,155.0,177.0,5.04,5.63,69.42,1438.0,450.0,46.75,9.81,19.02,483.0,315.0,15.7,9.57,39.65,281.0,176.0,9.14,5.31,38.08,3076.0,714.0,49.15,16.59,14.11,0.0,,0.0,,,0.0,,0.0,,,56.0,69.0,1.82,2.2,74.9,23.0,39.0,0.75,1.26,103.08,442.0,501.0,14.37,15.94,68.9,0.0,,0.0,,,182.0,175.0,5.92,5.52,58.45,948.0,419.0,30.82,11.59,26.87,689.0,290.0,22.4,7.86,25.59,536.0,286.0,17.43,8.37,32.44,200.0,290.0,6.5,9.31,88.15,0.0,,0.0,,,0.0,,0.0,,,425.0,367.0,13.53,11.39,52.49,25.0,43.0,0.8,1.36,104.56,87.0,110.0,2.77,3.46,76.86,197.0,288.0,6.27,9.09,88.87,102.0,84.0,3.25,2.6,50.06,206.0,248.0,6.56,7.79,73.18,247.0,193.0,7.86,5.96,47.5,184.0,96.0,5.86,2.84,31.72,188.0,137.0,5.98,4.21,44.3,1481.0,463.0,47.14,11.64,19.0,2597.0,492.0,82.65,22.27,11.52,286.0,177.0,9.1,5.36,37.62,163.0,113.0,5.19,3.46,42.14,59.0,67.0,1.88,2.1,69.03,0.0,,0.0,,,310.0,348.0,9.87,10.91,68.24,5974.0,1529.0,95.45,7.04,15.56,4788.0,1215.0,76.5,5.03,15.43,1436.0,1264.0,22.94,19.4,53.51,285.0,308.0,4.55,4.79,65.7,3657.0,1145.0,58.43,11.38,19.03,2602.0,642.0,41.57,1.18,15.0,690.0,504.0,11.02,7.59,44.4,270.0,129.0,4.31,1.77,29.04,543.0,382.0,8.68,5.72,42.77,55.0,55.0,0.88,0.85,60.79,18.0,34.0,0.29,0.54,114.83,541.0,250.0,8.64,3.39,28.09,1739.0,750.0,27.78,9.86,26.22,956.0,430.0,15.27,5.76,27.34,647.0,581.0,10.34,8.93,54.59,214.0,196.0,3.42,3.02,55.68,329.0,302.0,5.26,4.65,55.8,178.0,170.0,2.84,2.63,58.06,79.0,85.0,1.26,1.32,65.41,1558.0,853.0,24.89,12.19,33.28,4701.0,1010.0,75.11,24.48,13.06,586.0,346.0,9.36,5.03,35.89,254.0,240.0,4.06,3.7,57.44,2793.0,789.0,44.62,6.27,17.17,207.0,193.0,3.31,2.98,56.68,0.0,,0.0,,,2075.0,849.0,33.15,10.86,24.87,0.0,,0.0,,,930.0,1188.0,14.86,18.63,77.65,551.0,358.0,8.8,5.3,39.5,5708.0,1480.0,91.2,7.72,15.76,2713.0,769.0,43.35,6.17,17.23,104.0,120.0,1.66,1.87,70.14,0.0,,0.0,,,2075.0,849.0,33.15,10.86,24.87,0.0,,0.0,,,739.0,1157.0,11.81,18.26,95.18,77.0,72.0,1.23,1.11,56.84
10075,10075,"10075, 10162",13735.0,1068.0,100,,4.73,2540.0,540.0,18.49,3.66,12.92,4148.0,1071.0,16.3,3.93,15.7,289.0,200.0,6.97,4.47,42.07,34.0,40.0,0.82,0.94,71.52,1442.0,408.0,34.76,4.02,17.2,1011.0,355.0,24.37,5.8,21.35,1372.0,869.0,33.08,19.13,38.5,20007.0,1733.0,78.63,9.96,5.27,86.0,60.0,0.43,0.3,42.41,319.0,253.0,1.59,1.26,48.21,1965.0,762.0,9.82,3.71,23.57,16057.0,1531.0,80.26,3.2,5.8,21512.0,1937.0,84.55,10.91,5.47,503.0,289.0,2.34,1.33,34.93,24934.0,2350.0,98.0,1.8,5.73,1588.0,527.0,6.37,2.03,20.17,3865.0,749.0,15.19,2.59,11.78,8.0,21.0,0.21,0.54,159.57,14349.0,1720.0,56.4,4.3,7.29,254.0,160.0,1.77,1.09,38.29,6720.0,1206.0,26.41,4.06,10.91,1326.0,498.0,19.73,6.51,22.83,25041.0,2309.0,98.42,12.85,5.61,20524.0,2168.0,81.96,4.22,6.42,4114.0,1286.0,16.43,4.91,19.0,403.0,526.0,1.61,2.1,79.34,25443.0,2352.0,100,,5.62,19722.0,1980.0,77.51,3.04,6.1,19257.0,1972.0,75.69,3.33,6.23,465.0,335.0,1.83,1.31,43.8,5721.0,1128.0,22.49,3.92,11.99,2915.0,775.0,50.95,9.09,16.16,2806.0,900.0,49.05,12.41,19.5,1957.0,637.0,34.21,8.86,19.79,1633.0,627.0,28.54,9.4,23.34,551.0,547.0,9.63,9.37,60.35,121.0,139.0,2.12,2.39,69.83,1075.0,542.0,18.79,8.72,30.65,384.0,316.0,6.71,5.36,50.03,24066.0,2164.0,94.59,12.2,5.47,18231.0,1886.0,75.75,3.87,6.29,963.0,433.0,4.0,1.76,27.33,1480.0,636.0,6.15,2.58,26.12,13481.0,1057.0,98.15,0.99,4.77,13023.0,1061.0,94.82,2.31,4.95,22161.0,2014.0,87.1,11.29,5.52,14220.0,1407.0,64.17,2.51,6.01,13711.0,1401.0,61.87,2.89,6.21,443.0,262.0,2.0,1.17,35.95,66.0,108.0,0.3,0.49,99.47,7941.0,1373.0,35.83,5.27,10.51,,,3.12,1.82,35.95,13727.0,1404.0,53.95,2.36,6.22,1305.0,417.0,9.51,2.88,19.42,336.0,284.0,2.45,2.05,51.38,5785.0,1098.0,42.14,6.74,11.54,2880.0,759.0,20.98,5.1,16.02,2461.0,606.0,17.93,4.02,14.97,13711.0,1401.0,53.89,2.35,6.21,0.0,,0.0,,,259.0,184.0,1.89,1.33,43.19,320.0,189.0,2.33,1.36,35.9,222.0,146.0,1.62,1.05,39.98,501.0,251.0,3.65,1.79,30.46,194.0,145.0,1.41,1.05,45.44,828.0,390.0,6.04,2.78,28.63,3444.0,935.0,25.12,6.32,16.5,3392.0,711.0,24.74,4.53,12.74,3106.0,819.0,22.65,5.51,16.03,730.0,349.0,5.32,2.49,29.06,335.0,247.0,2.44,1.78,44.82,380.0,260.0,2.77,1.88,41.59,705.0,483.0,5.13,3.49,41.65,551.0,346.0,4.01,2.5,38.17,631.0,369.0,4.59,2.66,35.55,413.0,310.0,3.01,2.24,45.63,662.0,396.0,4.82,2.86,36.36,1605.0,480.0,11.69,3.37,18.18,712.0,305.0,5.18,2.18,26.04,2103.0,590.0,15.31,4.13,17.05,1550.0,399.0,11.29,2.77,15.65,4803.0,757.0,34.97,4.79,9.58,10546.0,923.0,76.78,3.08,5.32,3813.0,685.0,27.76,4.5,10.92,2486.0,604.0,18.1,4.17,14.77,217.0,279.0,1.58,2.03,78.16,89.0,87.0,0.65,0.63,59.42,98.0,98.0,0.71,0.71,60.79,24087.0,2368.0,96.6,2.7,5.98,21256.0,2391.0,85.25,5.23,6.84,6705.0,1093.0,26.89,3.58,9.91,847.0,464.0,3.4,1.83,33.3,11534.0,1413.0,45.33,3.64,7.45,13909.0,1411.0,54.67,2.28,6.17,1377.0,497.0,5.41,1.89,21.94,806.0,337.0,3.17,1.29,25.42,821.0,326.0,3.23,1.25,24.14,1104.0,478.0,4.34,1.84,26.32,1328.0,782.0,5.22,3.04,35.8,4543.0,871.0,17.86,3.0,11.65,2453.0,678.0,9.64,2.51,16.8,3456.0,744.0,13.58,2.64,13.09,1083.0,409.0,4.26,1.56,22.96,1334.0,493.0,5.24,1.88,22.47,3327.0,898.0,13.08,3.32,16.41,2668.0,781.0,10.49,2.91,17.8,1143.0,543.0,4.49,2.09,28.88,3865.0,749.0,15.19,2.59,11.78,21578.0,1936.0,84.81,10.93,5.45,7138.0,1206.0,28.05,3.97,10.27,1107.0,521.0,4.35,2.01,28.61,21530.0,2271.0,84.62,4.3,6.41,547.0,460.0,2.15,1.8,51.12,264.0,303.0,1.04,1.19,69.77,1787.0,684.0,7.02,2.61,23.27,74.0,122.0,0.29,0.48,100.22,134.0,118.0,0.53,0.46,53.53,1992.0,886.0,7.83,3.41,27.04,23451.0,2221.0,92.17,1.9,5.76,20112.0,2234.0,79.05,4.87,6.75,547.0,460.0,2.15,1.8,51.12,85.0,98.0,0.33,0.38,70.09,1787.0,684.0,7.02,2.61,23.27,74.0,122.0,0.29,0.48,100.22,0.0,,0.0,,,846.0,502.0,3.33,1.95,36.07
10128,10128,10128,29328.0,1444.0,100,,2.99,4925.0,530.0,16.79,1.61,6.54,8815.0,853.0,15.55,1.24,5.88,1117.0,410.0,12.67,4.49,22.31,303.0,135.0,3.44,1.49,27.08,2722.0,452.0,30.88,4.17,10.09,1779.0,370.0,20.18,3.72,12.64,2894.0,451.0,32.83,4.01,9.47,45485.0,2520.0,80.23,0.87,3.37,938.0,515.0,2.06,1.13,33.38,1047.0,490.0,2.3,1.07,28.45,3831.0,758.0,8.42,1.6,12.03,34948.0,2109.0,76.83,1.84,3.67,49011.0,2756.0,86.45,1.25,3.42,1090.0,277.0,2.22,0.55,15.45,56651.0,3082.0,99.92,0.25,3.31,6921.0,1147.0,12.22,1.91,10.07,7684.0,822.0,13.55,1.25,6.5,392.0,228.0,5.1,2.92,35.36,36766.0,2449.0,64.85,2.5,4.05,2513.0,646.0,6.84,1.7,15.63,12201.0,1006.0,21.52,1.33,5.01,4016.0,939.0,32.92,7.2,14.21,56298.0,3088.0,99.3,0.74,3.33,46645.0,2779.0,82.85,1.93,3.62,9140.0,1318.0,16.24,2.17,8.77,513.0,259.0,0.91,0.46,30.69,56695.0,3081.0,100,,3.3,43152.0,2132.0,76.11,5.59,3.0,41396.0,2165.0,73.02,5.51,3.18,1756.0,535.0,3.1,0.93,18.52,13543.0,1599.0,23.89,2.5,7.18,7615.0,1097.0,56.23,4.64,8.76,5928.0,1061.0,43.77,5.89,10.88,3628.0,569.0,26.79,2.77,9.53,5071.0,1020.0,37.44,6.1,12.23,740.0,450.0,5.46,3.26,36.97,273.0,239.0,2.02,1.75,53.22,3274.0,865.0,24.17,5.71,16.06,557.0,184.0,4.11,1.27,20.08,53904.0,2922.0,95.08,7.3,3.3,37937.0,2398.0,70.38,2.29,3.84,3666.0,833.0,6.8,1.5,13.81,5544.0,1117.0,10.28,2.0,12.25,28431.0,1449.0,96.94,1.28,3.1,27410.0,1393.0,93.46,1.18,3.09,49883.0,2793.0,87.98,1.19,3.4,33353.0,2200.0,66.86,2.33,4.01,31364.0,1958.0,62.88,1.74,3.8,1989.0,538.0,3.99,1.06,16.44,0.0,,0.0,,,16530.0,1565.0,33.14,2.53,5.76,,,5.96,1.56,16.44,30801.0,1946.0,54.33,1.75,3.84,1518.0,395.0,4.93,1.24,15.82,559.0,196.0,1.81,0.63,21.31,15810.0,1317.0,51.33,2.79,5.06,3673.0,645.0,11.92,1.95,10.68,7431.0,1103.0,24.13,3.24,9.02,31364.0,1958.0,55.32,1.7,3.8,9.0,16.0,0.03,0.05,108.07,846.0,436.0,2.7,1.38,31.33,948.0,309.0,3.02,0.97,19.81,521.0,218.0,1.66,0.69,25.44,1353.0,270.0,4.31,0.82,12.13,625.0,243.0,1.99,0.76,23.64,1988.0,459.0,6.34,1.41,14.04,5655.0,728.0,18.03,2.03,7.83,7619.0,908.0,24.29,2.47,7.24,8057.0,1043.0,25.69,2.91,7.87,1649.0,376.0,5.26,1.15,13.86,1340.0,371.0,4.27,1.15,16.83,754.0,259.0,2.4,0.81,20.88,1653.0,448.0,5.64,1.5,16.48,1100.0,374.0,3.75,1.26,20.67,1206.0,275.0,4.11,0.92,13.86,1297.0,745.0,4.42,2.53,34.92,1319.0,440.0,4.5,1.48,20.28,2238.0,570.0,7.63,1.91,15.48,2769.0,475.0,9.44,1.55,10.43,4668.0,803.0,15.92,2.62,10.46,3084.0,463.0,10.52,1.49,9.13,9994.0,972.0,34.08,2.86,5.91,22584.0,1266.0,77.0,2.06,3.41,7874.0,799.0,26.85,2.38,6.17,5859.0,856.0,19.98,2.75,8.88,1192.0,495.0,4.06,1.68,25.24,884.0,494.0,3.01,1.68,33.97,1854.0,646.0,6.32,2.18,21.18,53997.0,2851.0,95.32,7.23,3.21,45859.0,2659.0,80.95,1.62,3.52,15785.0,1470.0,27.86,2.11,5.66,2654.0,1033.0,4.68,1.81,23.66,24669.0,1807.0,43.51,2.14,4.45,32026.0,2175.0,56.49,2.3,4.13,2791.0,646.0,4.92,1.11,14.07,1775.0,365.0,3.13,0.62,12.5,1822.0,369.0,3.21,0.63,12.31,2004.0,443.0,3.53,0.76,13.44,2818.0,527.0,4.97,0.89,11.37,11056.0,1067.0,19.5,1.56,5.87,8456.0,946.0,14.91,1.46,6.8,6577.0,970.0,11.6,1.59,8.97,3664.0,948.0,6.46,1.63,15.73,3489.0,540.0,6.15,0.89,9.41,6034.0,810.0,10.64,1.31,8.16,4501.0,647.0,7.94,1.06,8.74,1708.0,437.0,3.01,0.75,15.55,7684.0,822.0,13.55,1.25,6.5,49011.0,2756.0,86.45,1.25,3.42,12243.0,1006.0,21.59,1.33,5.0,4732.0,1472.0,8.35,2.56,18.91,41225.0,2382.0,72.71,1.43,3.51,3032.0,1246.0,5.35,2.18,24.98,35.0,35.0,0.06,0.06,60.79,5151.0,846.0,9.09,1.41,9.98,15.0,25.0,0.03,0.04,101.32,2505.0,927.0,4.42,1.62,22.5,8035.0,1535.0,14.17,2.6,11.61,48660.0,2577.0,85.83,6.51,3.22,38389.0,2383.0,67.71,2.03,3.77,2931.0,1226.0,5.17,2.14,25.43,17.0,19.0,0.03,0.03,67.94,5094.0,843.0,8.98,1.4,10.06,15.0,25.0,0.03,0.04,101.32,579.0,317.0,1.02,0.56,33.28,1635.0,448.0,2.88,0.77,16.66
10280,10280,10280,4293.0,655.0,100,,9.28,810.0,238.0,18.87,4.74,17.86,1211.0,388.0,13.69,3.85,19.48,48.0,67.0,3.96,5.38,84.85,57.0,92.0,4.71,7.45,98.12,330.0,186.0,27.25,12.64,34.26,338.0,202.0,27.91,14.08,36.33,438.0,232.0,36.17,15.26,32.2,7261.0,1175.0,82.11,4.16,9.84,95.0,125.0,1.31,1.71,79.99,17.0,29.0,0.23,0.4,103.7,369.0,250.0,5.08,3.34,41.19,6264.0,1141.0,86.27,7.21,11.07,7813.0,1231.0,88.35,3.07,9.58,32.0,53.0,0.41,0.68,100.68,8843.0,1359.0,100.0,0.0,9.34,441.0,188.0,4.99,1.98,25.92,1030.0,303.0,11.65,2.92,17.88,30.0,48.0,2.91,4.58,97.26,6545.0,1218.0,74.01,7.77,11.31,187.0,123.0,2.86,1.8,39.99,1268.0,368.0,14.34,3.53,17.64,224.0,135.0,17.67,9.33,36.64,8671.0,1339.0,98.05,1.48,9.39,7279.0,1211.0,83.95,5.2,10.11,1347.0,546.0,15.53,5.82,24.64,45.0,76.0,0.52,0.87,102.67,8843.0,1359.0,100,,9.34,6301.0,1189.0,71.25,7.8,11.47,6127.0,1169.0,69.29,7.83,11.6,174.0,167.0,1.97,1.86,58.34,2542.0,718.0,28.75,6.81,17.17,1725.0,667.0,67.86,17.92,23.51,817.0,395.0,32.14,12.61,29.39,728.0,334.0,28.64,10.35,27.89,1430.0,604.0,56.25,17.67,25.68,23.0,39.0,0.9,1.51,103.08,15.0,25.0,0.59,0.97,101.32,346.0,202.0,13.61,6.95,35.49,0.0,,0.0,,,8525.0,1316.0,96.4,1.4,9.38,4761.0,1130.0,55.85,10.07,14.43,535.0,336.0,6.28,3.82,38.18,822.0,344.0,9.64,3.75,25.44,4250.0,657.0,99.0,2.46,9.4,4182.0,658.0,97.41,3.74,9.56,7984.0,1272.0,90.29,3.79,9.69,6538.0,1159.0,81.89,6.37,10.78,6464.0,1171.0,80.96,6.98,11.01,74.0,92.0,0.93,1.14,75.58,0.0,,0.0,,,1446.0,462.0,18.11,5.02,19.42,,,1.13,1.39,75.58,6350.0,1199.0,71.81,7.88,11.48,549.0,286.0,8.65,4.2,31.67,0.0,,0.0,,,2869.0,817.0,45.18,9.63,17.31,1434.0,453.0,22.58,5.72,19.2,1275.0,740.0,20.08,11.02,35.28,6464.0,1171.0,73.1,7.01,11.01,0.0,,0.0,,,170.0,286.0,2.63,4.4,102.27,109.0,86.0,1.69,1.29,47.96,22.0,36.0,0.34,0.55,99.47,481.0,367.0,7.44,5.52,46.38,106.0,94.0,1.64,1.42,53.91,360.0,169.0,5.57,2.41,28.54,1813.0,479.0,28.05,5.39,16.06,1338.0,363.0,20.7,4.18,16.49,1337.0,481.0,20.68,6.43,21.87,466.0,506.0,7.21,7.72,66.01,30.0,49.0,0.46,0.75,99.29,232.0,233.0,3.59,3.55,61.05,46.0,76.0,1.07,1.76,100.44,64.0,112.0,1.49,2.6,106.38,67.0,77.0,1.56,1.78,69.86,0.0,,0.0,,,112.0,107.0,2.61,2.46,58.08,158.0,128.0,3.68,2.93,49.25,355.0,253.0,8.27,5.76,43.32,735.0,337.0,17.12,7.4,27.87,598.0,360.0,13.93,8.11,36.6,2158.0,459.0,50.27,7.45,12.93,3913.0,632.0,91.15,4.83,9.82,829.0,375.0,19.31,8.22,27.5,420.0,198.0,9.78,4.36,28.66,64.0,112.0,1.49,2.6,106.38,0.0,,0.0,,,255.0,218.0,5.94,5.0,51.97,8571.0,1352.0,96.92,3.45,9.59,7594.0,1283.0,85.88,6.03,10.27,1309.0,460.0,14.8,4.68,21.36,272.0,191.0,3.08,2.11,42.69,4228.0,748.0,47.81,4.19,10.75,4615.0,953.0,52.19,7.2,12.55,318.0,155.0,3.6,1.66,29.63,200.0,149.0,2.26,1.65,45.29,187.0,156.0,2.11,1.73,50.71,368.0,213.0,4.16,2.32,35.19,509.0,251.0,5.76,2.7,29.98,1629.0,461.0,18.42,4.38,17.2,1132.0,423.0,12.8,4.36,22.72,1827.0,878.0,20.66,9.41,29.21,630.0,322.0,7.12,3.47,31.07,775.0,382.0,8.76,4.1,29.96,1085.0,343.0,12.27,3.39,19.22,34.0,54.0,0.38,0.61,96.55,149.0,213.0,1.68,2.39,86.9,1030.0,303.0,11.65,2.92,17.88,7813.0,1231.0,88.35,3.07,9.58,1268.0,368.0,14.34,3.53,17.64,390.0,316.0,4.41,3.51,49.26,6020.0,1090.0,68.08,6.52,11.01,150.0,195.0,1.7,2.19,79.03,101.0,161.0,1.14,1.81,96.9,2101.0,924.0,23.76,9.79,26.73,0.0,,0.0,,,81.0,96.0,0.92,1.08,72.05,1090.0,412.0,12.33,4.26,22.98,7753.0,1332.0,87.67,6.73,10.44,5403.0,1012.0,61.1,6.54,11.39,150.0,195.0,1.7,2.19,79.03,0.0,,0.0,,,2054.0,934.0,23.23,9.94,27.64,0.0,,0.0,,,0.0,,0.0,,,146.0,181.0,1.65,2.03,75.36
10282,10282,10282,2635.0,333.0,100,,7.68,979.0,222.0,37.15,7.0,13.78,1608.0,436.0,24.93,5.92,16.48,116.0,71.0,7.21,3.96,37.21,96.0,74.0,5.97,4.31,46.86,946.0,443.0,58.83,22.46,28.47,297.0,254.0,18.47,14.98,51.99,153.0,119.0,9.51,6.94,47.28,4480.0,623.0,69.46,3.21,8.45,23.0,29.0,0.51,0.64,76.65,13.0,23.0,0.29,0.51,107.55,256.0,205.0,5.71,4.51,48.68,3589.0,503.0,80.11,1.4,8.52,4625.0,624.0,71.71,2.27,8.2,71.0,79.0,1.54,1.7,67.64,6450.0,846.0,100.0,0.0,7.97,424.0,163.0,6.57,2.38,23.37,1825.0,449.0,28.29,5.89,14.96,0.0,,0.0,,,4048.0,622.0,62.76,5.02,9.34,80.0,67.0,1.98,1.63,50.91,577.0,205.0,8.95,2.95,21.6,344.0,154.0,59.62,16.24,27.21,6311.0,838.0,97.84,2.02,8.07,4985.0,746.0,78.99,5.45,9.1,1149.0,565.0,18.21,8.62,29.89,177.0,200.0,2.8,3.15,68.69,6450.0,846.0,100,,7.97,5228.0,863.0,81.05,8.12,10.03,5204.0,856.0,80.68,8.01,10.0,24.0,44.0,0.37,0.68,111.45,1222.0,391.0,18.95,5.53,19.45,725.0,278.0,59.33,12.54,23.31,497.0,226.0,40.67,13.14,27.64,272.0,187.0,22.26,13.54,41.79,494.0,283.0,40.43,19.21,34.83,76.0,78.0,6.22,6.06,62.39,51.0,57.0,4.17,4.47,67.94,228.0,184.0,18.66,13.82,49.06,101.0,108.0,8.27,8.43,65.0,6032.0,798.0,93.52,1.61,8.04,4748.0,735.0,78.71,6.33,9.41,510.0,386.0,8.45,6.3,46.01,74.0,78.0,1.23,1.28,64.08,2575.0,339.0,97.72,3.61,8.0,2538.0,341.0,96.32,4.39,8.17,4779.0,642.0,74.09,2.15,8.17,3804.0,636.0,79.6,7.92,10.16,3674.0,649.0,76.88,8.82,10.74,130.0,106.0,2.72,2.19,49.57,0.0,,0.0,,,975.0,289.0,20.4,5.39,18.02,,,3.42,2.73,49.57,3669.0,648.0,56.88,6.73,10.74,339.0,252.0,9.24,6.67,45.19,41.0,57.0,1.12,1.54,84.51,1319.0,258.0,35.95,3.02,11.89,574.0,182.0,15.64,4.12,19.27,678.0,282.0,18.48,6.96,25.28,3674.0,649.0,56.96,6.74,10.74,34.0,57.0,0.93,1.54,101.91,43.0,49.0,1.17,1.32,69.27,18.0,31.0,0.49,0.84,104.69,38.0,45.0,1.03,1.21,71.99,194.0,140.0,5.28,3.69,43.87,0.0,,0.0,,,296.0,162.0,8.06,4.17,33.27,939.0,218.0,25.56,3.85,14.11,1043.0,367.0,28.39,8.64,21.39,670.0,337.0,18.24,8.59,30.58,229.0,147.0,6.23,3.85,39.02,118.0,121.0,3.21,3.24,62.34,52.0,63.0,1.42,1.7,73.65,74.0,90.0,2.81,3.4,73.93,19.0,30.0,0.72,1.13,95.98,0.0,,0.0,,,63.0,72.0,2.39,2.72,69.47,13.0,22.0,0.49,0.83,102.88,0.0,,0.0,,,23.0,37.0,0.87,1.4,97.79,216.0,144.0,8.2,5.37,40.53,388.0,269.0,14.72,10.04,42.15,1839.0,329.0,69.79,8.84,10.88,2305.0,360.0,87.48,8.03,9.49,358.0,159.0,13.59,5.78,27.0,262.0,156.0,9.94,5.79,36.2,29.0,49.0,1.1,1.85,102.71,39.0,41.0,1.48,1.54,63.91,41.0,67.0,1.56,2.54,99.34,6381.0,840.0,98.93,1.11,8.0,6023.0,847.0,93.38,4.74,8.55,900.0,380.0,13.95,5.6,25.67,69.0,76.0,1.07,1.17,66.96,3355.0,552.0,52.02,5.17,10.0,3095.0,502.0,47.98,4.58,9.86,418.0,176.0,6.48,2.59,25.6,566.0,245.0,8.78,3.62,26.31,590.0,281.0,9.15,4.19,28.95,297.0,254.0,4.6,3.89,51.99,99.0,71.0,1.53,1.08,43.6,705.0,236.0,10.93,3.37,20.35,1574.0,362.0,24.4,4.61,13.98,1083.0,502.0,16.79,7.46,28.18,301.0,176.0,4.67,2.66,35.55,240.0,237.0,3.72,3.64,60.03,253.0,165.0,3.92,2.51,39.65,108.0,88.0,1.67,1.35,49.53,216.0,141.0,3.35,2.14,39.68,1825.0,449.0,28.29,5.89,14.96,4625.0,624.0,71.71,2.27,8.2,577.0,205.0,8.95,2.95,21.6,615.0,398.0,9.53,6.04,39.34,4813.0,743.0,74.62,6.07,9.38,137.0,177.0,2.12,2.73,78.54,0.0,,0.0,,,885.0,384.0,13.72,5.67,26.38,0.0,,0.0,,,0.0,,0.0,,,278.0,228.0,4.31,3.49,49.86,6172.0,843.0,95.69,3.65,8.3,4607.0,701.0,71.43,5.51,9.25,137.0,177.0,2.12,2.73,78.54,0.0,,0.0,,,885.0,384.0,13.72,5.67,26.38,0.0,,0.0,,,0.0,,0.0,,,543.0,394.0,8.42,6.01,44.11
10301,10301,10301,14400.0,678.0,100,,2.86,4333.0,528.0,30.09,3.38,7.41,9777.0,1204.0,24.24,2.57,7.49,784.0,354.0,8.02,3.48,27.45,417.0,200.0,4.27,1.98,29.16,3614.0,628.0,36.96,4.53,10.56,1800.0,359.0,18.41,2.89,12.12,3162.0,509.0,32.34,3.35,9.79,28291.0,1558.0,70.15,5.85,3.35,1659.0,356.0,5.86,1.22,13.04,2216.0,514.0,7.83,1.76,14.1,6728.0,794.0,23.78,2.48,7.17,11245.0,821.0,39.75,1.91,4.44,31946.0,1752.0,79.21,6.59,3.33,832.0,205.0,2.6,0.63,14.98,39517.0,2527.0,97.98,1.31,3.89,4580.0,459.0,11.59,0.89,6.09,8346.0,1093.0,20.69,2.38,7.96,263.0,132.0,3.15,1.53,30.51,25442.0,1694.0,63.08,1.44,4.05,2488.0,356.0,9.78,1.24,8.7,5729.0,525.0,14.2,0.95,5.57,1829.0,269.0,31.93,3.67,8.94,39791.0,2471.0,98.66,8.69,3.78,36650.0,2339.0,92.11,1.36,3.88,2973.0,629.0,7.47,1.51,12.86,168.0,118.0,0.42,0.3,42.7,40331.0,2522.0,100,,3.8,31417.0,2064.0,77.9,1.57,3.99,30141.0,1995.0,74.73,1.62,4.02,1276.0,351.0,3.16,0.85,16.72,8914.0,1029.0,22.1,2.14,7.02,5336.0,703.0,59.86,3.8,8.01,3578.0,613.0,40.14,5.08,10.41,1871.0,482.0,20.99,4.83,15.66,2825.0,494.0,31.69,4.16,10.63,858.0,299.0,9.63,3.16,21.18,33.0,46.0,0.37,0.51,84.74,3217.0,632.0,36.09,5.74,11.94,110.0,122.0,1.23,1.36,67.42,37551.0,2272.0,93.11,8.1,3.68,25012.0,1843.0,66.61,2.8,4.48,4470.0,672.0,11.9,1.64,9.14,5976.0,884.0,15.91,2.15,8.99,13473.0,680.0,93.56,1.7,3.07,12412.0,751.0,86.19,3.28,3.68,32996.0,1829.0,81.81,6.84,3.37,20247.0,1327.0,61.36,2.15,3.98,18774.0,1243.0,56.9,2.06,4.02,1437.0,382.0,4.36,1.13,16.16,36.0,34.0,0.11,0.1,57.41,12749.0,1087.0,38.64,2.5,5.18,,,7.1,1.83,16.16,17962.0,1201.0,44.54,1.05,4.06,7363.0,752.0,40.99,3.16,6.21,1434.0,309.0,7.98,1.64,13.1,5869.0,765.0,32.67,3.66,7.92,935.0,274.0,5.21,1.49,17.81,1967.0,366.0,10.95,1.9,11.31,18774.0,1243.0,46.55,1.01,4.02,4.0,6.0,0.02,0.03,91.19,1411.0,304.0,7.52,1.54,13.1,521.0,218.0,2.78,1.15,25.44,363.0,129.0,1.93,0.68,21.6,1659.0,352.0,8.84,1.78,12.9,1079.0,354.0,5.75,1.85,19.94,457.0,146.0,2.43,0.76,19.42,1417.0,385.0,7.55,1.99,16.52,2254.0,364.0,12.01,1.77,9.82,5961.0,568.0,31.75,2.18,5.79,1730.0,415.0,9.21,2.12,14.58,973.0,203.0,5.18,1.03,12.68,945.0,211.0,5.03,1.07,13.57,902.0,183.0,6.26,1.24,12.33,554.0,163.0,3.85,1.12,17.89,770.0,255.0,5.35,1.75,20.13,782.0,225.0,5.43,1.54,17.49,898.0,212.0,6.24,1.44,14.35,2477.0,434.0,17.2,2.9,10.65,1806.0,340.0,12.54,2.29,11.44,2388.0,320.0,16.58,2.08,8.15,1655.0,291.0,11.49,1.95,10.69,2168.0,278.0,15.06,1.8,7.8,11246.0,694.0,78.1,3.12,3.75,4456.0,463.0,30.94,2.87,6.32,3256.0,370.0,22.61,2.34,6.91,900.0,213.0,6.25,1.45,14.39,1114.0,259.0,7.74,1.76,14.13,2609.0,354.0,18.12,2.31,8.25,37470.0,2348.0,94.82,8.49,3.81,25458.0,1931.0,64.42,2.63,4.61,16528.0,1516.0,41.83,2.75,5.58,2047.0,586.0,5.18,1.45,17.4,19720.0,1337.0,48.9,1.28,4.12,20611.0,1359.0,51.1,1.07,4.01,2780.0,584.0,6.89,1.38,12.77,2123.0,507.0,5.26,1.21,14.52,2051.0,368.0,5.09,0.86,10.91,2494.0,425.0,6.18,0.98,10.36,2592.0,429.0,6.43,0.98,10.06,6994.0,802.0,17.34,1.67,6.97,4997.0,713.0,12.39,1.59,8.67,4687.0,598.0,11.62,1.29,7.76,2803.0,414.0,6.95,0.93,8.98,2519.0,354.0,6.25,0.79,8.54,4181.0,406.0,10.37,0.77,5.9,1381.0,265.0,3.42,0.62,11.67,729.0,181.0,1.81,0.43,15.09,8349.0,1093.0,20.7,2.38,7.96,31982.0,1746.0,79.3,6.58,3.32,6291.0,519.0,15.6,0.84,5.02,4517.0,1098.0,11.2,2.63,14.78,20742.0,1687.0,51.43,2.67,4.94,8686.0,1171.0,21.54,2.57,8.2,319.0,245.0,0.79,0.61,46.69,3143.0,686.0,7.79,1.63,13.27,5.0,10.0,0.01,0.02,121.58,2919.0,632.0,7.24,1.5,13.16,10603.0,1430.0,26.29,3.14,8.2,29728.0,1783.0,73.71,6.39,3.65,16694.0,1440.0,41.39,2.46,5.24,8036.0,1007.0,19.93,2.16,7.62,288.0,245.0,0.71,0.61,51.71,3072.0,665.0,7.62,1.58,13.16,0.0,,0.0,,,130.0,136.0,0.32,0.34,63.6,1508.0,497.0,3.74,1.21,20.03
10302,10302,10302,5945.0,529.0,100,,5.41,2056.0,346.0,34.58,4.94,10.23,4785.0,621.0,25.77,2.46,7.89,316.0,159.0,6.6,3.21,30.59,115.0,70.0,2.4,1.43,37.0,2208.0,387.0,46.14,5.44,10.65,760.0,371.0,15.88,7.47,29.68,1386.0,340.0,28.97,6.03,14.91,12259.0,1057.0,66.03,8.13,5.24,826.0,242.0,6.74,1.89,17.81,833.0,241.0,6.8,1.88,17.59,4457.0,778.0,36.36,5.52,10.61,3603.0,567.0,29.39,3.87,9.57,14153.0,1211.0,76.23,9.36,5.2,405.0,160.0,2.86,1.1,24.02,18536.0,1636.0,99.83,0.67,5.37,2142.0,496.0,11.56,2.47,14.08,4395.0,802.0,23.67,3.78,11.09,115.0,95.0,2.62,2.11,50.22,12255.0,1144.0,66.0,2.05,5.67,1261.0,381.0,10.29,2.96,18.37,1886.0,337.0,10.16,1.58,10.86,766.0,265.0,40.62,12.03,21.03,18128.0,1550.0,97.64,11.98,5.2,17529.0,1555.0,96.7,2.29,5.39,589.0,263.0,3.25,1.42,27.14,10.0,16.0,0.06,0.09,97.26,18567.0,1634.0,100,,5.35,14033.0,1475.0,75.58,4.34,6.39,13580.0,1457.0,73.14,4.49,6.52,453.0,173.0,2.44,0.91,23.22,4534.0,715.0,24.42,3.2,9.59,2061.0,396.0,45.46,4.99,11.68,2473.0,504.0,54.54,7.04,12.39,380.0,179.0,8.38,3.72,28.64,817.0,244.0,18.02,4.57,18.16,313.0,93.0,6.9,1.74,18.06,0.0,,0.0,,,2969.0,684.0,65.48,11.0,14.0,55.0,89.0,1.21,1.95,98.37,17229.0,1443.0,92.79,11.27,5.09,10483.0,1422.0,60.85,6.49,8.25,2044.0,408.0,11.86,2.15,12.13,4686.0,998.0,27.2,5.33,12.95,5543.0,522.0,93.24,2.87,5.72,5298.0,559.0,89.12,5.05,6.41,14555.0,1255.0,78.39,9.66,5.24,8407.0,751.0,57.76,1.35,5.43,7748.0,645.0,53.23,6.38,5.06,652.0,235.0,4.48,1.57,21.91,7.0,10.0,0.05,0.07,86.84,6148.0,887.0,42.24,4.89,8.77,,,7.76,2.71,21.91,7484.0,621.0,40.31,4.88,5.04,3836.0,512.0,51.26,5.36,8.11,766.0,236.0,10.24,3.04,18.73,2115.0,467.0,28.26,5.78,13.42,88.0,91.0,1.18,1.21,62.86,568.0,239.0,7.59,3.13,25.58,7748.0,645.0,41.73,5.06,5.06,42.0,66.0,0.54,0.85,95.53,925.0,369.0,11.94,4.66,24.25,113.0,70.0,1.46,0.9,37.66,42.0,39.0,0.54,0.5,56.45,927.0,308.0,11.96,3.85,20.2,468.0,146.0,6.04,1.82,18.96,189.0,99.0,2.44,1.26,31.84,502.0,143.0,6.48,1.77,17.32,973.0,313.0,12.56,3.9,19.56,2512.0,376.0,32.42,4.03,9.1,479.0,161.0,6.18,2.01,20.43,221.0,145.0,2.85,1.86,39.89,355.0,143.0,4.58,1.81,24.49,536.0,253.0,9.02,4.18,28.69,158.0,84.0,2.66,1.39,32.32,432.0,134.0,7.27,2.16,18.86,222.0,102.0,3.73,1.68,27.93,629.0,280.0,10.58,4.61,27.06,972.0,276.0,16.35,4.41,17.26,628.0,212.0,10.56,3.44,20.52,1088.0,197.0,18.3,2.89,11.01,707.0,235.0,11.89,3.81,20.21,573.0,206.0,9.64,3.36,21.85,4456.0,392.0,74.95,9.38,5.35,1280.0,232.0,21.53,3.4,11.02,1329.0,231.0,22.35,3.34,10.57,451.0,164.0,7.59,2.67,22.11,409.0,262.0,6.88,4.36,38.94,1176.0,338.0,19.78,5.41,17.47,16921.0,1527.0,91.29,1.72,5.49,11481.0,1451.0,61.94,5.6,7.68,6762.0,998.0,36.48,4.32,8.97,1615.0,443.0,8.71,2.26,16.67,9917.0,976.0,53.41,2.35,5.98,8650.0,858.0,46.59,2.13,6.03,1338.0,460.0,7.21,2.39,20.9,1203.0,372.0,6.48,1.92,18.8,1305.0,360.0,7.03,1.84,16.77,888.0,276.0,4.78,1.43,18.89,1574.0,423.0,8.48,2.15,16.34,2966.0,555.0,15.97,2.64,11.38,2525.0,454.0,13.6,2.13,10.93,2380.0,447.0,12.82,2.13,11.42,1502.0,282.0,8.09,1.34,11.41,1000.0,301.0,5.39,1.55,18.3,1129.0,216.0,6.08,1.03,11.63,480.0,160.0,2.59,0.83,20.26,277.0,179.0,1.49,0.96,39.28,4407.0,806.0,23.74,3.81,11.12,14160.0,1210.0,76.26,9.36,5.19,1886.0,337.0,10.16,1.58,10.86,2387.0,755.0,12.86,3.91,19.23,7500.0,1098.0,40.39,4.73,8.9,4222.0,925.0,22.74,4.56,13.32,204.0,305.0,1.1,1.64,90.89,1063.0,329.0,5.73,1.7,18.81,19.0,31.0,0.1,0.17,99.18,3172.0,1009.0,17.08,5.22,19.34,7781.0,1189.0,41.91,5.24,9.29,10786.0,1416.0,58.09,5.66,7.98,5314.0,870.0,28.62,3.95,9.95,4027.0,911.0,21.69,4.52,13.75,0.0,,0.0,,,1041.0,326.0,5.61,1.69,19.04,0.0,,0.0,,,71.0,74.0,0.38,0.4,63.36,333.0,187.0,1.79,0.99,34.14
10303,10303,10303,8675.0,492.0,100,,3.45,3108.0,393.0,35.83,4.05,7.69,7124.0,917.0,26.3,2.97,7.82,285.0,139.0,4.0,1.88,29.65,484.0,160.0,6.79,2.07,20.1,3056.0,519.0,42.9,4.75,10.32,1635.0,337.0,22.95,3.69,12.53,1664.0,313.0,23.36,3.2,11.43,17857.0,1044.0,65.93,5.62,3.55,1662.0,405.0,9.31,2.2,14.81,1790.0,423.0,10.02,2.3,14.37,5496.0,646.0,30.78,3.14,7.15,4905.0,658.0,27.47,3.32,8.15,20617.0,1158.0,76.13,6.37,3.41,509.0,148.0,2.47,0.7,17.68,27064.0,1681.0,99.93,0.09,3.78,2836.0,491.0,10.48,1.69,10.52,6454.0,819.0,23.83,2.64,7.71,241.0,134.0,3.73,2.02,33.8,17406.0,1173.0,64.27,1.68,4.1,1402.0,286.0,8.05,1.55,12.4,3204.0,420.0,11.83,1.37,7.97,1193.0,298.0,37.23,7.92,15.18,26905.0,1666.0,99.34,8.71,3.76,25732.0,1604.0,95.64,0.69,3.79,1122.0,494.0,4.17,1.82,26.77,51.0,43.0,0.19,0.16,51.25,27083.0,1682.0,100,,3.78,19320.0,1484.0,71.34,3.22,4.67,18467.0,1417.0,68.19,3.07,4.66,853.0,230.0,3.15,0.83,16.39,7763.0,909.0,28.66,2.85,7.12,4884.0,565.0,62.91,10.36,7.03,2879.0,666.0,37.09,7.4,14.06,633.0,249.0,8.15,3.06,23.91,2139.0,530.0,27.55,6.02,15.06,1231.0,335.0,15.86,3.9,16.54,0.0,,0.0,,,3716.0,697.0,47.87,7.01,11.4,44.0,66.0,0.57,0.85,91.19,25821.0,1577.0,95.34,8.3,3.71,13663.0,1144.0,52.91,3.03,5.09,4260.0,716.0,16.5,2.58,10.22,7582.0,917.0,29.36,3.07,7.35,8364.0,491.0,96.41,1.46,3.57,7368.0,486.0,84.93,2.86,4.01,21522.0,1196.0,79.47,6.62,3.38,12937.0,896.0,60.11,2.48,4.21,11909.0,850.0,55.33,2.48,4.34,1028.0,332.0,4.78,1.52,19.63,0.0,,0.0,,,8585.0,831.0,39.89,3.16,5.88,,,7.95,2.51,19.63,11657.0,838.0,43.04,1.56,4.37,5550.0,622.0,47.61,4.09,6.81,820.0,209.0,7.03,1.72,15.49,4243.0,625.0,36.4,4.68,8.95,222.0,119.0,1.9,1.01,32.59,578.0,162.0,4.96,1.34,17.04,11909.0,850.0,43.97,1.55,4.34,71.0,6.0,0.6,0.03,5.14,694.0,221.0,5.83,1.81,19.36,240.0,111.0,2.02,0.92,28.12,56.0,45.0,0.47,0.38,48.85,1627.0,376.0,13.66,3.0,14.05,1073.0,265.0,9.01,2.13,15.01,115.0,67.0,0.97,0.56,35.42,757.0,215.0,6.36,1.75,17.27,1035.0,253.0,8.69,2.03,14.86,4013.0,512.0,33.7,3.56,7.76,959.0,240.0,8.05,1.93,15.21,625.0,268.0,5.25,2.22,26.07,644.0,176.0,5.41,1.43,16.61,810.0,209.0,9.34,2.35,15.69,551.0,210.0,6.35,2.39,23.17,420.0,136.0,4.84,1.54,19.68,404.0,137.0,4.66,1.56,20.61,557.0,210.0,6.42,2.39,22.92,1400.0,335.0,16.14,3.75,14.55,1067.0,198.0,12.3,2.17,11.28,1565.0,285.0,18.04,3.12,11.07,1026.0,219.0,11.83,2.43,12.98,875.0,233.0,10.09,2.62,16.19,6709.0,459.0,77.34,2.96,4.16,2294.0,351.0,26.44,3.76,9.3,2003.0,347.0,23.09,3.78,10.53,579.0,173.0,6.67,1.96,18.16,817.0,206.0,9.42,2.31,15.33,1758.0,278.0,20.27,2.99,9.61,25634.0,1606.0,94.72,0.78,3.81,15395.0,1251.0,56.88,2.98,4.94,12476.0,1337.0,46.1,4.03,6.51,1430.0,453.0,5.28,1.64,19.26,13015.0,1080.0,48.06,2.64,5.04,14068.0,907.0,51.94,0.9,3.92,1262.0,312.0,4.66,1.12,15.03,1716.0,355.0,6.34,1.25,12.58,2211.0,408.0,8.16,1.42,11.22,2156.0,396.0,7.96,1.38,11.17,1881.0,410.0,6.95,1.45,13.25,3829.0,622.0,14.14,2.12,9.88,3795.0,532.0,14.01,1.76,8.52,3072.0,431.0,11.34,1.43,8.53,1685.0,333.0,6.22,1.17,12.01,2272.0,398.0,8.39,1.37,10.65,1943.0,339.0,7.17,1.17,10.61,1045.0,270.0,3.86,0.97,15.71,216.0,85.0,0.8,0.31,23.92,6466.0,820.0,23.87,2.64,7.71,20617.0,1158.0,76.13,6.37,3.41,3204.0,420.0,11.83,1.37,7.97,3706.0,977.0,13.68,3.51,16.03,9093.0,1287.0,33.57,4.27,8.6,8770.0,1073.0,32.38,3.41,7.44,79.0,59.0,0.29,0.22,45.4,2650.0,671.0,9.78,2.4,15.39,0.0,,0.0,,,2785.0,645.0,10.28,2.29,14.08,10573.0,1022.0,39.04,2.89,5.88,16510.0,1217.0,60.96,2.42,4.48,4699.0,746.0,17.35,2.53,9.65,8129.0,1042.0,30.02,3.37,7.79,0.0,,0.0,,,2650.0,671.0,9.78,2.4,15.39,0.0,,0.0,,,119.0,85.0,0.44,0.31,43.42,913.0,438.0,3.37,1.6,29.16
10304,10304,10304,15553.0,721.0,100,,2.82,5231.0,644.0,33.63,3.84,7.48,11452.0,1161.0,25.53,2.09,6.16,674.0,206.0,5.89,1.7,18.58,512.0,174.0,4.47,1.45,20.66,4743.0,805.0,41.42,5.64,10.32,2523.0,429.0,22.03,3.01,10.34,3000.0,420.0,26.2,2.53,8.51,30873.0,1677.0,68.81,5.57,3.3,1882.0,394.0,6.1,1.23,12.73,3160.0,632.0,10.24,1.97,12.16,9090.0,800.0,29.44,2.04,5.35,9537.0,1232.0,30.89,3.62,7.85,34986.0,1893.0,77.98,6.3,3.29,722.0,246.0,2.06,0.69,20.71,43992.0,2698.0,98.06,1.22,3.73,4807.0,634.0,10.93,1.28,8.02,9753.0,1228.0,21.74,2.41,7.65,177.0,108.0,1.81,1.08,37.09,28244.0,1796.0,62.95,1.32,3.87,2241.0,383.0,7.93,1.26,10.39,5995.0,622.0,13.36,1.13,6.31,2389.0,466.0,39.85,6.58,11.86,44573.0,2683.0,99.35,0.42,3.66,41606.0,2689.0,93.34,2.2,3.93,2891.0,619.0,6.49,1.33,13.02,76.0,47.0,0.17,0.1,37.59,44864.0,2694.0,100,,3.65,30602.0,2125.0,68.21,2.38,4.22,29438.0,2167.0,65.62,2.79,4.47,1164.0,342.0,2.59,0.75,17.86,14262.0,1680.0,31.79,3.22,7.16,9779.0,1300.0,68.57,4.22,8.08,4483.0,860.0,31.43,4.76,11.66,2327.0,588.0,16.32,3.65,15.36,5324.0,1020.0,37.33,5.64,11.65,2793.0,1010.0,19.58,6.7,21.98,45.0,35.0,0.32,0.24,47.28,3703.0,685.0,25.96,3.7,11.25,70.0,51.0,0.49,0.35,44.29,42630.0,2483.0,95.02,7.95,3.54,24011.0,2028.0,56.32,3.45,5.13,7401.0,872.0,17.36,1.78,7.16,6158.0,976.0,14.45,2.13,9.63,14524.0,707.0,93.38,1.39,2.96,12935.0,825.0,83.17,3.64,3.88,36189.0,1981.0,80.66,6.55,3.33,21697.0,1531.0,59.95,2.67,4.29,20284.0,1526.0,56.05,2.89,4.57,1312.0,387.0,3.63,1.05,17.93,101.0,109.0,0.28,0.3,65.61,14492.0,1130.0,40.05,2.22,4.74,,,6.05,1.73,17.93,19588.0,1450.0,43.66,1.89,4.5,8539.0,1092.0,43.59,4.55,7.77,1480.0,355.0,7.56,1.72,14.58,6662.0,895.0,34.01,3.81,8.17,770.0,271.0,3.93,1.35,21.4,1625.0,309.0,8.3,1.45,11.56,20284.0,1526.0,45.21,2.05,4.57,59.0,57.0,0.29,0.28,58.73,1252.0,328.0,6.17,1.55,15.93,463.0,159.0,2.28,0.76,20.88,547.0,267.0,2.7,1.3,29.67,1289.0,300.0,6.35,1.4,14.15,1627.0,408.0,8.02,1.92,15.24,547.0,198.0,2.7,0.95,22.0,1660.0,514.0,8.18,2.46,18.82,2409.0,511.0,11.88,2.36,12.89,7321.0,898.0,36.09,3.5,7.46,1397.0,361.0,6.89,1.7,15.71,881.0,258.0,4.34,1.23,17.8,832.0,259.0,4.1,1.24,18.92,1380.0,389.0,8.87,2.47,17.14,997.0,347.0,6.41,2.21,21.16,997.0,313.0,6.41,1.99,19.08,937.0,287.0,6.02,1.82,18.62,1414.0,353.0,9.09,2.23,15.18,2420.0,636.0,15.56,4.03,15.98,1512.0,309.0,9.72,1.93,12.42,2500.0,537.0,16.07,3.37,13.06,1419.0,318.0,9.12,2.0,13.62,1977.0,404.0,12.71,2.53,12.42,11866.0,772.0,76.29,3.48,3.96,4282.0,576.0,27.53,3.48,8.18,2900.0,524.0,18.65,3.26,10.98,1639.0,400.0,10.54,2.53,14.84,1175.0,362.0,7.55,2.3,18.73,4056.0,525.0,26.08,3.15,7.87,41586.0,2669.0,94.53,1.79,3.9,25221.0,2204.0,57.33,3.57,5.31,20394.0,1707.0,46.36,2.64,5.09,2406.0,664.0,5.47,1.47,16.78,21025.0,1502.0,46.86,1.81,4.34,23839.0,1658.0,53.14,1.86,4.23,2234.0,456.0,4.98,0.97,12.41,2894.0,489.0,6.45,1.02,10.27,3004.0,598.0,6.7,1.27,12.1,2977.0,420.0,6.64,0.85,8.58,2882.0,494.0,6.42,1.03,10.42,6305.0,773.0,14.05,1.5,7.45,5307.0,764.0,11.83,1.55,8.75,6980.0,782.0,15.56,1.47,6.81,3238.0,780.0,7.22,1.68,14.64,2613.0,458.0,5.82,0.96,10.66,3337.0,449.0,7.44,0.9,8.18,2201.0,461.0,4.91,0.98,12.73,892.0,231.0,1.99,0.5,15.74,9777.0,1230.0,21.79,2.41,7.65,35087.0,1882.0,78.21,6.3,3.26,6430.0,599.0,14.33,1.02,5.66,2751.0,693.0,6.13,1.5,15.31,20256.0,1911.0,45.15,3.29,5.74,12279.0,1518.0,27.37,2.96,7.52,334.0,307.0,0.74,0.68,55.88,5599.0,885.0,12.48,1.82,9.61,39.0,55.0,0.09,0.12,85.73,3606.0,976.0,8.04,2.12,16.45,9735.0,1450.0,21.7,2.96,9.05,35129.0,2566.0,78.3,3.26,4.44,17196.0,1766.0,38.33,3.19,6.24,11673.0,1507.0,26.02,2.97,7.85,19.0,38.0,0.04,0.08,121.58,5510.0,882.0,12.28,1.82,9.73,0.0,,0.0,,,214.0,221.0,0.48,0.49,62.78,517.0,235.0,1.15,0.52,27.63
10305,10305,10305,15780.0,784.0,100,,3.02,4534.0,560.0,28.73,3.25,7.51,9342.0,970.0,22.13,1.97,6.31,525.0,194.0,5.62,1.99,22.46,447.0,135.0,4.78,1.36,18.36,3377.0,483.0,36.15,3.56,8.69,2109.0,454.0,22.58,4.26,13.09,2884.0,456.0,30.87,3.68,9.61,31477.0,1597.0,74.57,5.51,3.08,2618.0,459.0,8.32,1.4,10.66,2145.0,372.0,6.81,1.13,10.54,8924.0,902.0,28.35,2.48,6.14,10239.0,959.0,32.53,2.56,5.69,34385.0,1798.0,81.46,6.11,3.18,1037.0,279.0,3.02,0.8,16.36,41735.0,2267.0,98.87,0.74,3.3,4756.0,613.0,11.4,1.33,7.84,7617.0,849.0,18.05,1.76,6.78,152.0,86.0,2.0,1.11,34.39,25999.0,1398.0,61.59,4.69,3.27,2102.0,420.0,8.08,1.56,12.15,8119.0,797.0,19.23,1.58,5.97,2502.0,427.0,30.82,4.3,10.37,41912.0,2234.0,99.29,7.52,3.24,39027.0,2263.0,93.12,2.13,3.52,2582.0,823.0,6.16,1.94,19.38,303.0,184.0,0.72,0.44,36.92,42211.0,2271.0,100,,3.27,26067.0,1831.0,61.75,2.79,4.27,24929.0,1874.0,59.06,3.1,4.57,1138.0,325.0,2.7,0.76,17.36,16144.0,1377.0,38.25,2.53,5.19,11884.0,1067.0,73.61,2.06,5.46,4260.0,766.0,26.39,4.18,10.93,6396.0,923.0,39.62,4.61,8.77,7332.0,829.0,45.42,3.37,6.87,716.0,307.0,4.44,1.86,26.07,0.0,,0.0,,,1657.0,462.0,10.26,2.72,16.95,43.0,45.0,0.27,0.28,63.62,40558.0,2131.0,96.08,7.23,3.19,21132.0,1840.0,52.1,3.62,5.29,8758.0,1026.0,21.59,2.26,7.12,2901.0,545.0,7.15,1.29,11.42,14350.0,733.0,90.94,1.08,3.11,13989.0,794.0,88.65,2.43,3.45,35605.0,1834.0,84.35,6.28,3.13,21296.0,1417.0,59.81,2.52,4.04,19852.0,1353.0,55.76,2.49,4.14,1248.0,314.0,3.51,0.86,15.29,196.0,98.0,0.55,0.27,30.4,14309.0,1003.0,40.19,1.91,4.26,,,5.86,1.42,15.29,19513.0,1344.0,46.23,1.99,4.19,8848.0,890.0,45.34,3.32,6.11,2004.0,499.0,10.27,2.46,15.14,6369.0,719.0,32.64,2.92,6.86,1003.0,416.0,5.14,2.1,25.21,928.0,307.0,4.76,1.54,20.11,19852.0,1353.0,47.03,1.97,4.14,13.0,20.0,0.07,0.1,93.52,1335.0,279.0,6.72,1.33,12.7,439.0,134.0,2.21,0.66,18.56,382.0,158.0,1.92,0.79,25.14,1630.0,290.0,8.21,1.35,10.82,1758.0,341.0,8.86,1.61,11.79,530.0,222.0,2.67,1.1,25.46,2118.0,549.0,10.67,2.67,15.76,2689.0,494.0,13.55,2.31,11.17,5817.0,843.0,29.3,3.75,8.81,1262.0,247.0,6.36,1.17,11.9,906.0,344.0,4.56,1.7,23.08,973.0,250.0,4.9,1.21,15.62,798.0,233.0,5.06,1.46,17.75,497.0,208.0,3.15,1.31,25.44,1016.0,275.0,6.44,1.71,16.45,906.0,261.0,5.74,1.63,17.51,1311.0,282.0,8.31,1.74,13.08,2376.0,583.0,15.06,3.62,14.92,2185.0,389.0,13.85,2.37,10.82,3024.0,456.0,19.16,2.73,9.17,1604.0,308.0,10.16,1.89,11.67,2063.0,328.0,13.07,1.97,9.67,12372.0,735.0,78.4,2.55,3.61,5806.0,650.0,36.79,3.69,6.81,4396.0,649.0,27.86,3.87,8.97,1051.0,228.0,6.66,1.41,13.19,562.0,177.0,3.56,1.11,19.15,2344.0,422.0,14.85,2.57,10.94,39986.0,2191.0,95.81,0.69,3.33,27892.0,1791.0,66.83,2.29,3.9,16602.0,1774.0,39.78,3.66,6.5,1749.0,463.0,4.19,1.09,16.09,21025.0,1381.0,49.81,1.88,3.99,21186.0,1303.0,50.19,1.5,3.74,1653.0,340.0,3.92,0.78,12.5,2272.0,392.0,5.38,0.88,10.49,2228.0,473.0,5.28,1.08,12.91,2409.0,424.0,5.71,0.96,10.7,2172.0,347.0,5.15,0.77,9.71,5101.0,709.0,12.08,1.55,8.45,6021.0,679.0,14.26,1.41,6.86,5297.0,601.0,12.55,1.25,6.9,3411.0,570.0,8.08,1.28,10.16,3460.0,444.0,8.2,0.95,7.8,5215.0,666.0,12.35,1.43,7.76,1971.0,325.0,4.67,0.73,10.02,1001.0,370.0,2.37,0.87,22.47,7630.0,849.0,18.08,1.76,6.76,34581.0,1802.0,81.92,6.14,3.17,8187.0,811.0,19.4,1.61,6.02,2420.0,677.0,5.73,1.57,17.01,27671.0,2018.0,65.55,3.23,4.43,2004.0,425.0,4.75,0.97,12.89,68.0,84.0,0.16,0.2,75.09,8503.0,1175.0,20.14,2.56,8.4,14.0,24.0,0.03,0.06,104.21,1531.0,451.0,3.63,1.05,17.91,6273.0,978.0,14.86,2.17,9.48,35938.0,2275.0,85.14,2.84,3.85,24453.0,2027.0,57.93,3.65,5.04,1863.0,415.0,4.41,0.95,13.54,16.0,28.0,0.04,0.07,106.38,8470.0,1170.0,20.07,2.55,8.4,0.0,,0.0,,,188.0,145.0,0.45,0.34,46.89,948.0,366.0,2.25,0.86,23.47
10306,10306,10306,19872.0,722.0,100,,2.21,6411.0,556.0,32.26,2.54,5.27,13354.0,1441.0,23.75,2.29,6.56,795.0,240.0,5.95,1.68,18.35,406.0,147.0,3.04,1.05,22.01,5292.0,851.0,39.63,4.72,9.78,3563.0,685.0,26.68,4.25,11.69,3298.0,497.0,24.7,2.6,9.16,39837.0,1655.0,70.84,4.51,2.53,2321.0,506.0,5.83,1.25,13.25,2250.0,479.0,5.65,1.18,12.94,13290.0,1210.0,33.36,2.7,5.53,12844.0,1076.0,32.24,2.35,5.09,44240.0,1902.0,78.67,5.08,2.61,1620.0,332.0,3.66,0.73,12.46,55843.0,2714.0,99.31,0.58,2.95,6221.0,719.0,11.14,1.17,7.03,11984.0,1149.0,21.31,1.77,5.83,240.0,116.0,2.0,0.95,29.38,33675.0,1903.0,59.89,1.76,3.44,2613.0,533.0,7.76,1.52,12.4,10184.0,666.0,18.11,0.8,3.98,3368.0,464.0,33.07,4.01,8.37,55628.0,2664.0,98.93,6.72,2.91,52372.0,2549.0,94.15,0.82,2.96,2743.0,855.0,4.93,1.52,18.95,513.0,615.0,0.92,1.1,72.88,56232.0,2713.0,100,,2.93,42087.0,2194.0,74.85,1.48,3.17,41298.0,2274.0,73.44,1.95,3.35,789.0,289.0,1.4,0.51,22.27,14145.0,1457.0,25.15,2.29,6.26,9101.0,1103.0,64.34,4.11,7.37,5044.0,1037.0,35.66,6.34,12.5,5736.0,1145.0,40.55,6.93,12.13,6159.0,796.0,43.54,3.4,7.86,919.0,429.0,6.5,2.96,28.38,0.0,,0.0,,,1283.0,472.0,9.07,3.2,22.36,48.0,31.0,0.34,0.22,39.26,53626.0,2568.0,95.37,6.48,2.91,35161.0,2184.0,65.57,2.59,3.78,8763.0,1016.0,16.34,1.73,7.05,3266.0,734.0,6.09,1.34,13.66,18504.0,744.0,93.12,1.6,2.44,17711.0,726.0,89.13,1.69,2.49,45520.0,1930.0,80.95,5.2,2.58,26639.0,1535.0,58.52,2.28,3.5,24837.0,1329.0,54.56,1.78,3.25,1794.0,519.0,3.94,1.13,17.59,8.0,11.0,0.02,0.02,83.59,18881.0,1289.0,41.48,2.22,4.15,,,6.73,1.91,17.59,24305.0,1302.0,43.22,1.01,3.26,12822.0,976.0,52.75,2.85,4.63,1929.0,451.0,7.94,1.81,14.21,6711.0,724.0,27.61,2.59,6.56,334.0,129.0,1.37,0.53,23.48,2093.0,423.0,8.61,1.68,12.29,24837.0,1329.0,44.17,1.02,3.25,4.0,7.0,0.02,0.03,106.38,1565.0,401.0,6.3,1.58,15.58,607.0,194.0,2.44,0.77,19.43,596.0,206.0,2.4,0.82,21.01,2064.0,499.0,8.31,1.96,14.7,2040.0,438.0,8.21,1.71,13.05,783.0,226.0,3.15,0.89,17.55,2219.0,410.0,8.93,1.58,11.23,2964.0,423.0,11.93,1.58,8.68,7814.0,789.0,31.46,2.69,6.14,1432.0,300.0,5.77,1.17,12.74,1310.0,362.0,5.27,1.43,16.8,1439.0,273.0,5.79,1.05,11.53,615.0,234.0,3.09,1.17,23.13,646.0,239.0,3.25,1.2,22.49,1262.0,285.0,6.35,1.42,13.73,1376.0,341.0,6.92,1.7,15.07,1422.0,344.0,7.16,1.71,14.71,2561.0,419.0,12.89,2.06,9.95,2592.0,517.0,13.04,2.56,12.13,3945.0,427.0,19.85,2.02,6.58,2314.0,312.0,11.64,1.51,8.2,3139.0,427.0,15.8,2.07,8.27,15354.0,770.0,77.26,2.67,3.05,7468.0,532.0,37.58,2.3,4.33,5888.0,609.0,29.63,2.87,6.29,925.0,268.0,4.65,1.34,17.61,544.0,219.0,2.74,1.1,24.47,2278.0,465.0,11.46,2.3,12.41,53446.0,2584.0,95.71,6.56,2.94,40642.0,2593.0,72.78,3.01,3.88,20217.0,1495.0,36.2,2.02,4.5,2397.0,619.0,4.29,1.09,15.7,27719.0,1534.0,49.29,1.34,3.36,28513.0,1514.0,50.71,1.12,3.23,2606.0,528.0,4.63,0.91,12.32,2860.0,450.0,5.09,0.76,9.56,4103.0,770.0,7.3,1.32,11.41,3896.0,708.0,6.93,1.21,11.05,2930.0,547.0,5.21,0.94,11.35,6710.0,833.0,11.93,1.36,7.55,7005.0,738.0,12.46,1.17,6.4,7528.0,748.0,13.39,1.16,6.04,4049.0,652.0,7.2,1.11,9.79,3998.0,551.0,7.11,0.92,8.38,6374.0,626.0,11.34,0.97,5.97,2741.0,389.0,4.87,0.65,8.63,1432.0,215.0,2.55,0.36,9.13,11984.0,1149.0,21.31,1.77,5.83,44248.0,1902.0,78.69,5.08,2.61,10547.0,666.0,18.76,0.76,3.84,4125.0,989.0,7.34,1.72,14.57,40634.0,2393.0,72.26,2.44,3.58,2239.0,879.0,3.98,1.55,23.87,89.0,133.0,0.16,0.24,90.84,7846.0,938.0,13.95,1.53,7.27,92.0,141.0,0.16,0.25,93.17,1207.0,427.0,2.15,0.75,21.51,9100.0,1209.0,16.18,2.0,8.08,47132.0,2505.0,83.82,1.87,3.23,35532.0,2076.0,63.19,2.08,3.55,1703.0,806.0,3.03,1.43,28.77,0.0,,0.0,,,7733.0,937.0,13.75,1.53,7.37,0.0,,0.0,,,200.0,138.0,0.36,0.24,41.95,1964.0,564.0,3.49,0.99,17.46
10307,10307,10307,5217.0,400.0,100,,4.66,1858.0,315.0,35.61,5.39,10.31,3745.0,620.0,25.38,3.39,10.06,312.0,208.0,8.33,5.38,40.53,164.0,86.0,4.38,2.18,31.88,1290.0,397.0,34.45,8.94,18.71,802.0,375.0,21.42,9.36,28.42,1177.0,279.0,31.43,5.33,14.41,10101.0,844.0,68.46,8.8,5.08,284.0,140.0,2.81,1.37,29.97,497.0,213.0,4.92,2.07,26.05,2351.0,418.0,23.27,3.65,10.81,3922.0,589.0,38.83,4.85,9.13,11418.0,996.0,77.38,10.13,5.3,551.0,214.0,4.83,1.83,23.61,14750.0,1441.0,99.97,0.44,5.94,1177.0,238.0,7.98,1.41,12.29,3337.0,603.0,22.62,3.44,10.98,20.0,26.0,0.6,0.77,79.03,9061.0,907.0,61.41,1.37,6.09,511.0,142.0,5.64,1.46,16.89,2352.0,387.0,15.94,2.11,10.0,646.0,202.0,27.47,7.3,19.01,14578.0,1408.0,98.8,13.57,5.87,13923.0,1432.0,95.51,3.38,6.25,642.0,248.0,4.4,1.65,23.48,13.0,20.0,0.09,0.14,93.52,14755.0,1440.0,100,,5.93,12976.0,1247.0,87.94,12.05,5.84,12819.0,1235.0,86.88,11.91,5.86,157.0,134.0,1.06,0.9,51.88,1779.0,613.0,12.06,3.98,20.95,1275.0,448.0,71.67,4.93,21.36,504.0,317.0,28.33,14.91,38.24,1107.0,457.0,62.23,14.15,25.1,239.0,144.0,13.43,6.64,36.63,202.0,154.0,11.35,7.72,46.35,0.0,,0.0,,,231.0,212.0,12.98,11.04,55.79,0.0,,0.0,,,13657.0,1352.0,92.56,1.54,6.02,11117.0,1190.0,81.4,3.31,6.51,725.0,264.0,5.31,1.86,22.14,196.0,134.0,1.44,0.97,41.56,4772.0,396.0,91.47,2.9,5.04,4683.0,392.0,89.76,3.02,5.09,11931.0,1092.0,80.86,10.82,5.56,6975.0,818.0,58.46,4.29,7.13,6915.0,814.0,57.96,4.29,7.16,60.0,40.0,0.5,0.33,40.53,0.0,,0.0,,,4956.0,558.0,41.54,2.72,6.84,,,0.86,0.56,40.53,6831.0,809.0,46.3,3.11,7.2,4812.0,622.0,70.44,3.65,7.86,175.0,95.0,2.56,1.36,33.0,1160.0,356.0,16.98,4.81,18.66,229.0,175.0,3.35,2.53,46.46,437.0,299.0,6.4,4.31,41.59,6915.0,814.0,46.87,3.08,7.16,0.0,,0.0,,,746.0,287.0,10.79,3.95,23.39,243.0,144.0,3.51,2.04,36.02,118.0,76.0,1.71,1.08,39.15,443.0,167.0,6.41,2.29,22.92,624.0,251.0,9.02,3.47,24.45,89.0,101.0,1.29,1.45,68.99,655.0,249.0,9.47,3.42,23.11,838.0,304.0,12.12,4.16,22.05,2318.0,424.0,33.52,4.69,11.12,138.0,89.0,2.0,1.27,39.21,45.0,44.0,0.65,0.63,59.44,658.0,214.0,9.52,2.88,19.77,129.0,84.0,2.47,1.6,39.58,105.0,110.0,2.01,2.1,63.69,113.0,66.0,2.17,1.25,35.51,136.0,91.0,2.61,1.73,40.68,354.0,149.0,6.79,2.81,25.59,662.0,220.0,12.69,4.1,20.2,588.0,217.0,11.27,4.07,22.43,1306.0,354.0,25.03,6.51,16.48,642.0,220.0,12.31,4.11,20.83,1182.0,232.0,22.66,4.09,11.93,4215.0,430.0,80.79,5.44,6.2,1828.0,317.0,35.04,5.45,10.54,1716.0,347.0,32.89,6.15,12.29,119.0,72.0,2.28,1.37,36.78,78.0,59.0,1.5,1.13,45.98,258.0,161.0,4.95,3.06,37.94,14381.0,1338.0,97.5,13.15,5.66,11785.0,1140.0,79.9,10.98,5.88,4613.0,960.0,31.27,5.75,12.65,369.0,202.0,2.5,1.35,33.28,7519.0,890.0,50.96,3.41,7.2,7236.0,729.0,49.04,1.23,6.12,1098.0,340.0,7.44,2.19,18.82,525.0,162.0,3.56,1.04,18.76,972.0,383.0,6.59,2.51,23.95,1102.0,394.0,7.47,2.57,21.73,957.0,325.0,6.49,2.11,20.64,1336.0,331.0,9.05,2.06,15.06,1942.0,453.0,13.16,2.79,14.18,2588.0,515.0,17.54,3.04,12.1,960.0,327.0,6.51,2.12,20.71,923.0,271.0,6.26,1.73,17.85,1350.0,340.0,9.15,2.12,15.31,879.0,227.0,5.96,1.42,15.7,123.0,71.0,0.83,0.47,35.09,3337.0,603.0,22.62,3.44,10.98,11418.0,996.0,77.38,10.13,5.3,2352.0,387.0,15.94,2.11,10.0,837.0,439.0,5.67,2.92,31.88,13384.0,1298.0,90.71,12.48,5.9,10.0,11.0,0.07,0.07,66.87,0.0,,0.0,,,324.0,220.0,2.2,1.48,41.28,14.0,23.0,0.09,0.16,99.87,186.0,163.0,1.26,1.1,53.27,1557.0,699.0,10.55,4.62,27.29,13198.0,1446.0,89.45,4.45,6.66,12687.0,1398.0,85.98,4.4,6.7,10.0,11.0,0.07,0.07,66.87,0.0,,0.0,,,310.0,218.0,2.1,1.46,42.75,14.0,23.0,0.09,0.16,99.87,0.0,,0.0,,,177.0,137.0,1.2,0.92,47.05
10308,10308,10308,10472.0,623.0,100,,3.62,3646.0,522.0,34.82,4.53,8.7,7228.0,1032.0,24.03,2.97,8.68,446.0,169.0,6.17,2.17,23.03,208.0,133.0,2.88,1.79,38.87,2980.0,731.0,41.23,8.22,14.91,1666.0,359.0,23.05,3.72,13.1,1928.0,455.0,26.67,5.01,14.35,22074.0,1460.0,73.4,7.15,4.02,500.0,213.0,2.27,0.95,25.9,568.0,194.0,2.57,0.86,20.76,6851.0,797.0,31.04,2.97,7.07,8937.0,1005.0,40.49,3.68,6.84,24125.0,1574.0,80.22,7.76,3.97,750.0,193.0,3.11,0.77,15.64,30075.0,2150.0,100.0,0.0,4.35,2833.0,480.0,9.42,1.45,10.3,5950.0,907.0,19.78,2.66,9.27,196.0,136.0,3.29,2.23,42.18,19441.0,1494.0,64.64,1.82,4.67,1590.0,357.0,8.18,1.73,13.65,4684.0,534.0,15.57,1.38,6.93,1047.0,265.0,22.35,5.05,15.39,29945.0,2147.0,99.57,0.55,4.36,28376.0,2009.0,94.76,9.55,4.3,1422.0,490.0,4.75,1.6,20.95,147.0,135.0,0.49,0.45,55.83,30075.0,2150.0,100,,4.35,23795.0,1905.0,79.12,2.85,4.87,23569.0,1915.0,78.37,3.03,4.94,226.0,108.0,0.75,0.36,29.05,6280.0,1160.0,20.88,3.56,11.23,4904.0,980.0,78.09,5.96,12.15,1376.0,479.0,21.91,6.47,21.16,3535.0,874.0,56.29,9.25,15.03,1719.0,573.0,27.37,7.6,20.26,455.0,245.0,7.25,3.66,32.73,0.0,,0.0,,,520.0,214.0,8.28,3.05,25.02,51.0,57.0,0.81,0.9,67.94,28969.0,2062.0,96.32,9.72,4.33,21485.0,1789.0,74.17,3.2,5.06,2727.0,804.0,9.41,2.69,17.92,1179.0,333.0,4.07,1.11,17.17,9886.0,614.0,94.4,1.68,3.78,9439.0,639.0,90.14,2.91,4.12,25052.0,1590.0,83.3,7.96,3.86,16086.0,1284.0,64.21,3.11,4.85,15272.0,1305.0,60.96,3.49,5.19,814.0,268.0,3.25,1.05,20.01,0.0,,0.0,,,8966.0,941.0,35.79,2.99,6.38,,,5.06,1.62,20.01,14856.0,1262.0,49.4,2.27,5.16,8330.0,880.0,56.07,3.52,6.42,1209.0,384.0,8.14,2.49,19.31,3236.0,542.0,21.78,3.14,10.18,201.0,114.0,1.35,0.76,34.48,1708.0,604.0,11.5,3.95,21.5,15272.0,1305.0,50.78,2.38,5.19,0.0,,0.0,,,1411.0,401.0,9.24,2.5,17.28,553.0,223.0,3.62,1.43,24.51,40.0,40.0,0.26,0.26,60.79,1177.0,356.0,7.71,2.24,18.39,1139.0,349.0,7.46,2.19,18.63,408.0,210.0,2.67,1.36,31.29,1364.0,378.0,8.93,2.35,16.85,1956.0,370.0,12.81,2.16,11.5,5018.0,876.0,32.86,5.0,10.61,656.0,250.0,4.3,1.6,23.17,299.0,119.0,1.96,0.76,24.19,1251.0,301.0,8.19,1.84,14.63,449.0,200.0,4.29,1.89,27.08,156.0,102.0,1.49,0.97,39.75,438.0,176.0,4.18,1.66,24.43,365.0,170.0,3.49,1.61,28.31,586.0,264.0,5.6,2.5,27.39,1062.0,289.0,10.14,2.69,16.54,1262.0,294.0,12.05,2.71,14.16,1842.0,356.0,17.59,3.23,11.75,1984.0,441.0,18.95,4.06,13.51,2328.0,470.0,22.23,4.29,12.27,8168.0,580.0,78.0,3.02,4.32,3706.0,474.0,35.39,4.01,7.78,3060.0,443.0,29.22,3.86,8.8,471.0,185.0,4.5,1.75,23.88,128.0,75.0,1.22,0.71,35.62,395.0,167.0,3.77,1.58,25.7,29242.0,2137.0,97.23,1.47,4.44,24226.0,1972.0,80.55,3.14,4.95,8395.0,1176.0,27.91,3.36,8.52,833.0,330.0,2.77,1.08,24.08,14820.0,1041.0,49.28,4.94,4.27,15255.0,1453.0,50.72,3.19,5.79,1106.0,271.0,3.68,0.86,14.9,1609.0,455.0,5.35,1.46,17.19,1956.0,435.0,6.5,1.37,13.52,1888.0,408.0,6.28,1.28,13.14,1442.0,398.0,4.79,1.28,16.78,4817.0,782.0,16.02,2.33,9.87,3311.0,581.0,11.01,1.76,10.67,4688.0,730.0,15.59,2.16,9.47,2202.0,477.0,7.32,1.5,13.17,2372.0,384.0,7.89,1.15,9.84,2912.0,432.0,9.68,1.26,9.02,1356.0,295.0,4.51,0.93,13.23,416.0,165.0,1.38,0.54,24.11,5950.0,907.0,19.78,2.66,9.27,24125.0,1574.0,80.22,7.76,3.97,4684.0,534.0,15.57,1.38,6.93,1339.0,614.0,4.45,2.02,27.88,25790.0,2017.0,85.75,2.72,4.75,214.0,210.0,0.71,0.7,59.65,26.0,38.0,0.09,0.13,88.85,2074.0,808.0,6.9,2.64,23.68,0.0,,0.0,,,632.0,307.0,2.1,1.01,29.53,3320.0,768.0,11.04,2.43,14.06,26755.0,2090.0,88.96,2.8,4.75,23986.0,1873.0,79.75,2.51,4.75,196.0,205.0,0.65,0.68,63.58,0.0,,0.0,,,2074.0,808.0,6.9,2.64,23.68,0.0,,0.0,,,42.0,49.0,0.14,0.16,70.92,457.0,315.0,1.52,1.04,41.9
10309,10309,10309,11792.0,834.0,100,,4.3,4336.0,468.0,36.77,3.0,6.56,8395.0,1098.0,24.17,2.75,7.95,614.0,232.0,7.31,2.59,22.97,114.0,91.0,1.36,1.07,48.53,3559.0,587.0,42.39,4.26,10.03,2123.0,528.0,25.29,5.35,15.12,1985.0,431.0,23.65,4.1,13.2,24109.0,1499.0,69.4,6.2,3.78,545.0,183.0,2.26,0.75,20.41,1364.0,533.0,5.66,2.18,23.75,7003.0,932.0,29.05,3.42,8.09,8967.0,946.0,37.19,3.17,6.41,26800.0,1628.0,77.14,6.82,3.69,942.0,268.0,3.51,0.98,17.29,34726.0,2229.0,99.96,0.18,3.9,4242.0,732.0,12.22,1.96,10.49,7940.0,982.0,22.86,2.42,7.52,57.0,45.0,0.72,0.56,47.99,21058.0,1580.0,60.62,2.36,4.56,2259.0,612.0,10.73,2.79,16.47,5728.0,713.0,16.49,1.76,7.57,1926.0,405.0,33.62,5.7,12.78,34530.0,2218.0,99.4,0.3,3.9,33168.0,2240.0,96.06,2.0,4.11,1275.0,471.0,3.69,1.34,22.46,87.0,51.0,0.25,0.15,35.64,34740.0,2229.0,100,,3.9,29008.0,2097.0,83.5,2.78,4.39,28573.0,2085.0,82.25,2.86,4.44,435.0,231.0,1.25,0.66,32.28,5732.0,924.0,16.5,2.44,9.8,4309.0,643.0,75.17,16.51,9.07,1423.0,571.0,24.83,9.12,24.39,3031.0,747.0,52.88,9.86,14.98,1596.0,475.0,27.84,6.97,18.09,473.0,358.0,8.25,6.1,46.01,0.0,,0.0,,,536.0,216.0,9.35,3.45,24.5,96.0,123.0,1.67,2.13,77.89,32804.0,2104.0,94.43,8.57,3.9,25088.0,1978.0,76.48,3.51,4.79,2470.0,637.0,7.53,1.88,15.68,1576.0,637.0,4.8,1.92,24.57,11342.0,848.0,96.18,2.33,4.55,10813.0,875.0,91.7,3.61,4.92,27910.0,1708.0,80.34,7.12,3.72,16735.0,1214.0,59.96,2.34,4.41,16041.0,1175.0,57.47,2.31,4.45,694.0,208.0,2.49,0.73,18.22,0.0,,0.0,,,11175.0,1288.0,40.04,3.91,7.01,,,4.15,1.21,18.22,15734.0,1148.0,45.29,1.57,4.44,9730.0,874.0,61.84,3.24,5.46,1166.0,297.0,7.41,1.81,15.48,3010.0,604.0,19.13,3.58,12.2,162.0,97.0,1.03,0.61,36.4,1532.0,409.0,9.74,2.5,16.23,16041.0,1175.0,46.17,1.63,4.45,10.0,16.0,0.06,0.1,97.26,1569.0,436.0,9.78,2.62,16.89,331.0,180.0,2.06,1.11,33.06,250.0,143.0,1.56,0.88,34.77,1560.0,414.0,9.73,2.48,16.13,1301.0,413.0,8.11,2.51,19.3,326.0,170.0,2.03,1.05,31.7,1396.0,294.0,8.7,1.72,12.8,1506.0,363.0,9.39,2.16,14.65,5124.0,673.0,31.94,3.48,7.98,1067.0,332.0,6.65,2.01,18.92,328.0,121.0,2.04,0.74,22.43,1273.0,446.0,7.94,2.72,21.3,641.0,292.0,5.44,2.45,27.69,597.0,430.0,5.06,3.63,43.79,336.0,153.0,2.85,1.28,27.68,467.0,200.0,3.96,1.67,26.03,577.0,171.0,4.89,1.41,18.02,1899.0,552.0,16.1,4.54,17.67,1059.0,280.0,8.98,2.29,16.07,1612.0,315.0,13.67,2.49,11.88,1567.0,374.0,13.29,3.03,14.51,3037.0,464.0,25.75,3.49,9.29,9248.0,761.0,78.43,3.3,5.0,4791.0,675.0,40.63,4.95,8.56,3707.0,600.0,31.44,4.58,9.84,755.0,397.0,6.4,3.34,31.97,245.0,148.0,2.08,1.25,36.72,1041.0,448.0,8.83,3.75,26.16,34184.0,2279.0,98.44,1.77,4.05,28769.0,2049.0,82.85,2.56,4.33,9602.0,1283.0,27.65,3.24,8.12,542.0,206.0,1.56,0.58,23.1,17508.0,1223.0,50.4,1.39,4.25,17232.0,1319.0,49.6,2.07,4.65,1936.0,428.0,5.57,1.18,13.44,1834.0,336.0,5.28,0.91,11.14,2676.0,605.0,7.7,1.67,13.74,2165.0,465.0,6.23,1.28,13.06,2020.0,386.0,5.81,1.05,11.62,3845.0,672.0,11.07,1.8,10.62,4533.0,608.0,13.05,1.54,8.15,4637.0,603.0,13.35,1.51,7.91,2269.0,420.0,6.53,1.13,11.25,3086.0,768.0,8.88,2.14,15.13,3330.0,579.0,9.59,1.55,10.57,1955.0,447.0,5.63,1.23,13.9,454.0,182.0,1.31,0.52,24.37,7940.0,982.0,22.86,2.42,7.52,26800.0,1628.0,77.14,6.82,3.69,5739.0,713.0,16.52,1.76,7.55,1033.0,472.0,2.97,1.35,27.78,30814.0,2167.0,88.7,2.55,4.28,171.0,125.0,0.49,0.36,44.44,64.0,82.0,0.18,0.24,77.89,1430.0,484.0,4.12,1.37,20.58,0.0,,0.0,,,1228.0,456.0,3.53,1.29,22.57,3322.0,817.0,9.56,2.27,14.95,31418.0,2049.0,90.44,1.06,3.96,29024.0,2045.0,83.55,2.43,4.28,171.0,125.0,0.49,0.36,44.44,55.0,82.0,0.16,0.24,90.63,1430.0,484.0,4.12,1.37,20.58,0.0,,0.0,,,227.0,163.0,0.65,0.47,43.65,511.0,318.0,1.47,0.91,37.83
10310,10310,10310,9145.0,636.0,100,,4.23,3397.0,498.0,37.15,4.79,8.91,6566.0,817.0,25.02,2.33,7.56,355.0,144.0,5.41,2.09,24.66,349.0,181.0,5.32,2.68,31.53,2861.0,532.0,43.57,6.02,11.3,1517.0,303.0,23.1,3.61,12.14,1484.0,317.0,22.6,3.92,12.99,17364.0,1390.0,66.18,7.62,4.87,944.0,286.0,5.44,1.59,18.42,1250.0,227.0,7.2,1.17,11.04,5075.0,821.0,29.23,4.11,9.83,5633.0,586.0,32.44,2.16,6.32,19490.0,1610.0,74.28,8.68,5.02,477.0,169.0,2.45,0.84,21.54,26196.0,2170.0,99.84,0.4,5.04,2266.0,358.0,8.65,1.16,9.6,6731.0,929.0,25.65,2.83,8.39,326.0,177.0,4.84,2.54,33.01,16169.0,1495.0,61.62,2.54,5.62,907.0,226.0,5.61,1.3,15.15,3296.0,384.0,12.56,1.03,7.08,1033.0,205.0,31.34,5.04,12.06,25833.0,2115.0,98.45,11.46,4.98,24695.0,2145.0,95.59,2.77,5.28,1091.0,430.0,4.22,1.63,23.96,47.0,56.0,0.18,0.22,72.43,26239.0,2171.0,100,,5.03,19962.0,1822.0,76.08,2.93,5.55,19119.0,1817.0,72.86,3.41,5.78,843.0,320.0,3.21,1.19,23.08,6277.0,1001.0,23.92,3.26,9.69,3622.0,757.0,57.7,7.8,12.71,2655.0,677.0,42.3,8.42,15.5,1203.0,649.0,19.17,9.88,32.8,1222.0,423.0,19.47,5.98,21.04,951.0,401.0,15.15,5.91,25.63,11.0,19.0,0.18,0.3,105.0,2890.0,608.0,46.04,6.32,12.79,0.0,,0.0,,,24072.0,1883.0,91.74,10.45,4.76,16589.0,1468.0,68.91,2.85,5.38,2910.0,552.0,12.09,2.09,11.53,3816.0,809.0,15.85,3.12,12.89,8510.0,630.0,93.06,2.36,4.5,7776.0,666.0,85.03,4.25,5.21,20410.0,1686.0,77.78,9.09,5.02,12846.0,1257.0,62.94,3.3,5.95,12303.0,1239.0,60.28,3.47,6.12,533.0,188.0,2.61,0.9,21.44,10.0,14.0,0.05,0.07,85.11,7564.0,729.0,37.06,1.84,5.86,,,4.15,1.41,21.44,12035.0,1221.0,45.87,2.69,6.17,6396.0,950.0,53.14,5.77,9.03,925.0,324.0,7.69,2.58,21.29,2873.0,429.0,23.87,2.62,9.08,786.0,238.0,6.53,1.86,18.41,847.0,208.0,7.04,1.57,14.93,12303.0,1239.0,46.89,2.69,6.12,0.0,,0.0,,,935.0,410.0,7.6,3.24,26.66,237.0,99.0,1.93,0.78,25.39,133.0,93.0,1.08,0.75,42.51,1412.0,578.0,11.48,4.55,24.88,731.0,205.0,5.94,1.56,17.05,230.0,97.0,1.87,0.77,25.64,736.0,150.0,5.98,1.06,12.39,1007.0,187.0,8.18,1.28,11.29,4501.0,578.0,36.58,2.92,7.81,722.0,212.0,5.87,1.62,17.85,812.0,345.0,6.6,2.72,25.83,847.0,254.0,6.88,1.94,18.23,526.0,174.0,5.75,1.86,20.11,297.0,115.0,3.25,1.24,23.54,416.0,168.0,4.55,1.81,24.55,500.0,208.0,5.47,2.24,25.29,865.0,285.0,9.46,3.05,20.03,994.0,205.0,10.87,2.11,12.54,771.0,187.0,8.43,1.96,14.74,2145.0,363.0,23.46,3.62,10.29,1242.0,398.0,13.58,4.25,19.48,1389.0,195.0,15.19,1.85,8.53,7301.0,665.0,79.84,4.7,5.54,2694.0,458.0,29.46,4.57,10.33,2157.0,330.0,23.59,3.21,9.3,415.0,114.0,4.54,1.21,16.7,450.0,141.0,4.92,1.5,19.05,1639.0,370.0,17.92,3.85,13.72,25030.0,2147.0,95.55,2.13,5.21,17608.0,1581.0,67.22,2.33,5.46,9551.0,1377.0,36.46,4.3,8.76,1166.0,324.0,4.45,1.18,16.89,12675.0,1332.0,48.31,3.13,6.39,13564.0,1143.0,51.69,0.83,5.12,2167.0,511.0,8.26,1.82,14.33,1486.0,331.0,5.66,1.17,13.54,1844.0,377.0,7.03,1.31,12.43,1776.0,326.0,6.77,1.11,11.16,1602.0,377.0,6.11,1.35,14.31,3686.0,558.0,14.05,1.78,9.2,3306.0,562.0,12.6,1.87,10.33,3274.0,423.0,12.48,1.24,7.85,2208.0,516.0,8.41,1.84,14.21,1580.0,298.0,6.02,1.02,11.47,2063.0,289.0,7.86,0.89,8.52,858.0,198.0,3.27,0.7,14.03,389.0,158.0,1.48,0.59,24.69,6739.0,929.0,25.68,2.83,8.38,19500.0,1611.0,74.32,8.69,5.02,3310.0,384.0,12.61,1.03,7.05,2671.0,564.0,10.18,1.98,12.84,13637.0,1565.0,51.97,4.13,6.98,6126.0,1018.0,23.35,3.36,10.1,172.0,203.0,0.66,0.77,71.75,1379.0,519.0,5.26,1.93,22.88,0.0,,0.0,,,2254.0,719.0,8.59,2.65,19.39,7621.0,1325.0,29.04,4.44,10.57,18618.0,1784.0,70.96,3.43,5.82,11118.0,1425.0,42.37,4.15,7.79,5244.0,763.0,19.99,2.39,8.84,32.0,55.0,0.12,0.21,104.48,1379.0,519.0,5.26,1.93,22.88,0.0,,0.0,,,55.0,46.0,0.21,0.17,50.84,790.0,328.0,3.01,1.22,25.24
10312,10312,10312,21324.0,931.0,100,,2.65,7232.0,553.0,33.91,2.13,4.65,15867.0,1315.0,25.0,1.75,5.04,1107.0,250.0,6.98,1.47,13.73,946.0,313.0,5.96,1.91,20.11,6123.0,843.0,38.59,4.24,8.37,3308.0,460.0,20.85,2.33,8.45,4383.0,638.0,27.62,3.31,8.85,43865.0,1798.0,69.11,4.17,2.49,1199.0,338.0,2.73,0.76,17.14,1964.0,420.0,4.48,0.94,13.0,13440.0,996.0,30.64,1.89,4.5,17175.0,1045.0,39.15,1.76,3.7,49436.0,2003.0,77.89,4.68,2.46,1478.0,281.0,2.99,0.56,11.56,63467.0,2815.0,99.99,0.13,2.7,5364.0,513.0,8.45,0.72,5.81,14031.0,1249.0,22.11,1.71,5.41,207.0,98.0,1.48,0.69,28.78,38031.0,1883.0,59.92,1.32,3.01,2671.0,402.0,7.02,1.0,9.15,11405.0,816.0,17.97,1.01,4.35,2486.0,327.0,21.8,2.41,8.0,62699.0,2751.0,98.78,6.16,2.67,59374.0,2695.0,94.7,1.1,2.76,3140.0,888.0,5.01,1.4,17.19,185.0,180.0,0.3,0.29,59.15,63473.0,2814.0,100,,2.7,52852.0,2748.0,83.27,2.26,3.16,52050.0,2760.0,82.0,2.39,3.22,802.0,292.0,1.26,0.46,22.13,10621.0,1073.0,16.73,1.52,6.14,8353.0,953.0,78.65,4.17,6.94,2268.0,486.0,21.35,4.04,13.03,4513.0,734.0,42.49,5.42,9.89,4153.0,713.0,39.1,5.43,10.44,871.0,342.0,8.2,3.11,23.87,0.0,,0.0,,,1084.0,407.0,10.21,3.69,22.82,0.0,,0.0,,,59805.0,2673.0,94.22,0.53,2.72,45259.0,2683.0,75.68,2.95,3.6,5141.0,792.0,8.6,1.27,9.37,2490.0,689.0,4.16,1.14,16.82,20465.0,948.0,95.97,1.49,2.82,18858.0,872.0,88.44,1.35,2.81,51115.0,2080.0,80.53,4.85,2.47,30451.0,1633.0,59.57,2.08,3.26,29232.0,1608.0,57.19,2.12,3.34,1213.0,324.0,2.37,0.63,16.24,6.0,10.0,0.01,0.02,101.32,20664.0,1368.0,40.43,2.11,4.02,,,3.98,1.04,16.24,28805.0,1575.0,45.38,1.45,3.32,18607.0,1241.0,64.6,2.47,4.05,2553.0,551.0,8.86,1.85,13.12,4755.0,538.0,16.51,1.64,6.88,278.0,123.0,0.97,0.42,26.9,2365.0,397.0,8.21,1.3,10.2,29232.0,1608.0,46.05,1.5,3.34,22.0,27.0,0.08,0.09,74.61,1942.0,436.0,6.64,1.45,13.65,686.0,275.0,2.35,0.93,24.37,521.0,245.0,1.78,0.83,28.59,2959.0,535.0,10.12,1.74,10.99,1822.0,393.0,6.23,1.3,13.11,880.0,222.0,3.01,0.74,15.34,3073.0,424.0,10.51,1.33,8.39,3097.0,440.0,10.59,1.39,8.64,8995.0,779.0,30.77,2.06,5.26,1558.0,375.0,5.33,1.25,14.63,1231.0,265.0,4.21,0.88,13.09,2446.0,457.0,8.37,1.49,11.36,657.0,244.0,3.08,1.14,22.58,393.0,172.0,1.84,0.8,26.61,687.0,201.0,3.22,0.93,17.79,1078.0,259.0,5.06,1.19,14.61,1442.0,291.0,6.76,1.33,12.27,2590.0,525.0,12.15,2.4,12.32,2766.0,481.0,12.97,2.18,10.57,4404.0,489.0,20.65,2.11,6.75,3360.0,443.0,15.76,1.96,8.01,3947.0,361.0,18.51,1.49,5.56,16457.0,893.0,77.18,2.49,3.3,8543.0,759.0,40.06,3.1,5.4,6404.0,691.0,30.03,2.96,6.56,673.0,192.0,3.16,0.89,17.34,335.0,141.0,1.57,0.66,25.59,1028.0,240.0,4.82,1.11,14.19,62010.0,2733.0,97.7,6.11,2.68,49929.0,2708.0,78.67,2.46,3.3,19065.0,1271.0,30.04,1.5,4.05,1457.0,408.0,2.3,0.63,17.02,31146.0,1683.0,49.07,1.52,3.28,32327.0,1486.0,50.93,0.62,2.79,3668.0,504.0,5.78,0.75,8.35,4364.0,832.0,6.88,1.27,11.59,3425.0,455.0,5.4,0.68,8.08,3703.0,539.0,5.83,0.81,8.85,4448.0,680.0,7.01,1.03,9.29,7592.0,902.0,11.96,1.32,7.22,7980.0,710.0,12.57,0.97,5.41,8493.0,846.0,13.38,1.19,6.06,4202.0,546.0,6.62,0.81,7.9,4193.0,550.0,6.61,0.82,7.97,7224.0,681.0,11.38,0.95,5.73,3237.0,507.0,5.1,0.77,9.52,944.0,202.0,1.49,0.31,13.01,14031.0,1249.0,22.11,1.71,5.41,49442.0,2003.0,77.89,4.68,2.46,11405.0,816.0,17.97,1.01,4.35,3635.0,1315.0,5.73,2.06,21.99,52520.0,2569.0,82.74,1.71,2.97,623.0,325.0,0.98,0.51,31.71,67.0,66.0,0.11,0.1,59.88,5507.0,1037.0,8.68,1.59,11.45,0.0,,0.0,,,1121.0,453.0,1.77,0.71,24.57,8138.0,1587.0,12.82,2.43,11.85,55335.0,2557.0,87.18,1.14,2.81,48291.0,2513.0,76.08,2.07,3.16,478.0,270.0,0.75,0.42,34.34,67.0,66.0,0.11,0.1,59.88,5507.0,1037.0,8.68,1.59,11.45,0.0,,0.0,,,250.0,153.0,0.39,0.24,37.2,742.0,415.0,1.17,0.65,34.0
10314,10314,"10311, 10314",31825.0,780.0,100,,1.49,10344.0,730.0,32.5,2.15,4.29,22785.0,1449.0,24.15,1.36,3.87,1788.0,346.0,7.85,1.43,11.76,851.0,193.0,3.73,0.81,13.79,8778.0,707.0,38.53,1.9,4.9,4707.0,603.0,20.66,2.3,7.79,6661.0,797.0,29.23,2.96,7.27,66532.0,1726.0,70.51,2.78,1.58,3529.0,606.0,5.3,0.9,10.44,3025.0,528.0,4.55,0.78,10.61,19704.0,1409.0,29.62,1.97,4.35,24768.0,1365.0,37.23,1.81,3.35,74206.0,1948.0,78.65,3.12,1.6,2199.0,357.0,2.96,0.47,9.87,93522.0,2803.0,99.12,0.36,1.82,9324.0,595.0,9.97,0.56,3.88,20111.0,1326.0,21.31,1.25,4.01,535.0,165.0,2.66,0.8,18.75,56308.0,1919.0,59.68,0.99,2.07,4165.0,523.0,7.4,0.89,7.63,17103.0,777.0,18.13,0.62,2.76,4624.0,474.0,27.04,2.48,6.23,93355.0,2729.0,98.94,4.13,1.78,85930.0,2928.0,92.05,1.61,2.07,7108.0,1359.0,7.61,1.44,11.62,317.0,321.0,0.34,0.34,61.56,94355.0,2807.0,100,,1.81,68380.0,3043.0,72.47,2.4,2.71,66119.0,2963.0,70.07,2.35,2.72,2261.0,427.0,2.4,0.45,11.48,25975.0,1707.0,27.53,1.61,3.99,18872.0,1386.0,72.65,2.38,4.46,7103.0,1001.0,27.35,3.41,8.57,5506.0,750.0,21.2,2.53,8.28,13869.0,1235.0,53.39,3.21,5.41,2439.0,759.0,9.39,2.86,18.92,7.0,17.0,0.03,0.07,147.63,3826.0,883.0,14.73,3.26,14.03,328.0,139.0,1.26,0.53,25.76,89086.0,2638.0,94.42,3.96,1.8,54622.0,2566.0,61.31,2.24,2.86,12456.0,1143.0,13.98,1.21,5.58,7336.0,1043.0,8.23,1.15,8.64,30130.0,880.0,94.67,1.5,1.78,28485.0,950.0,89.51,2.02,2.03,76472.0,2037.0,81.05,3.24,1.62,45249.0,1663.0,59.17,1.5,2.23,43023.0,1607.0,56.26,1.47,2.27,2214.0,403.0,2.9,0.52,11.07,12.0,23.0,0.02,0.03,116.51,31223.0,1440.0,40.83,1.54,2.8,,,4.89,0.87,11.07,42349.0,1623.0,44.88,1.08,2.33,24339.0,1296.0,57.47,2.12,3.24,4325.0,742.0,10.21,1.71,10.43,8553.0,719.0,20.2,1.51,5.11,926.0,227.0,2.19,0.53,14.9,3841.0,588.0,9.07,1.34,9.31,43023.0,1607.0,45.6,1.03,2.27,39.0,44.0,0.09,0.1,68.58,2516.0,453.0,5.85,1.03,10.95,864.0,286.0,2.01,0.66,20.12,941.0,348.0,2.19,0.8,22.48,4059.0,577.0,9.43,1.29,8.64,4004.0,583.0,9.31,1.31,8.85,1091.0,261.0,2.54,0.6,14.54,3621.0,488.0,8.42,1.09,8.19,4760.0,728.0,11.06,1.64,9.3,13656.0,1057.0,31.74,2.15,4.71,2968.0,492.0,6.9,1.11,10.08,1684.0,435.0,3.91,1.0,15.7,2820.0,469.0,6.55,1.06,10.11,1140.0,329.0,3.58,1.03,17.54,811.0,260.0,2.55,0.81,19.49,1684.0,343.0,5.29,1.07,12.38,1631.0,343.0,5.12,1.07,12.78,3253.0,586.0,10.22,1.82,10.95,3422.0,456.0,10.75,1.41,8.1,3470.0,428.0,10.9,1.32,7.5,5809.0,574.0,18.25,1.75,6.01,4377.0,535.0,13.75,1.65,7.43,6228.0,650.0,19.57,1.99,6.34,24191.0,803.0,76.01,1.7,2.02,12054.0,647.0,37.88,1.81,3.26,8520.0,689.0,26.77,2.06,4.92,1754.0,326.0,5.51,1.02,11.3,999.0,191.0,3.14,0.6,11.62,2435.0,346.0,7.65,1.07,8.64,90354.0,2711.0,96.61,0.14,1.82,67454.0,2837.0,72.13,2.13,2.56,34328.0,2195.0,36.71,2.07,3.89,3168.0,746.0,3.39,0.79,14.31,45694.0,1697.0,48.43,1.08,2.26,48661.0,1684.0,51.57,0.91,2.1,5269.0,624.0,5.58,0.64,7.2,5623.0,654.0,5.96,0.67,7.07,5954.0,698.0,6.31,0.72,7.13,5348.0,648.0,5.67,0.67,7.37,5629.0,739.0,5.97,0.76,7.98,12647.0,996.0,13.4,0.98,4.79,11387.0,795.0,12.07,0.76,4.24,12675.0,871.0,13.43,0.83,4.18,5850.0,647.0,6.2,0.66,6.72,6255.0,643.0,6.63,0.65,6.25,9720.0,738.0,10.3,0.72,4.62,5726.0,539.0,6.07,0.54,5.72,2272.0,395.0,2.41,0.41,10.57,20137.0,1328.0,21.34,1.26,4.01,74218.0,1947.0,78.66,3.12,1.59,17718.0,780.0,18.78,0.61,2.68,6378.0,1126.0,6.76,1.18,10.73,64293.0,2798.0,68.14,2.16,2.65,3326.0,600.0,3.52,0.63,10.97,365.0,206.0,0.39,0.22,34.31,16998.0,1465.0,18.01,1.46,5.24,0.0,,0.0,,,2995.0,754.0,3.17,0.79,15.3,14388.0,1317.0,15.25,1.32,5.56,79967.0,2757.0,84.75,1.48,2.1,56909.0,2666.0,60.31,2.18,2.85,3096.0,569.0,3.28,0.6,11.17,215.0,163.0,0.23,0.17,46.09,16986.0,1466.0,18.0,1.46,5.25,0.0,,0.0,,,464.0,320.0,0.49,0.34,41.92,2297.0,658.0,2.43,0.69,17.41
10451,10451,10451,20965.0,945.0,100,,2.74,6839.0,771.0,32.62,3.37,6.85,15052.0,1633.0,29.33,2.68,6.6,1109.0,490.0,7.37,3.16,26.86,637.0,262.0,4.23,1.68,25.0,6184.0,901.0,41.08,4.0,8.86,2838.0,567.0,18.85,3.16,12.15,4284.0,710.0,28.46,3.57,10.07,33532.0,1954.0,65.35,5.39,3.54,4093.0,751.0,12.21,2.12,11.15,5197.0,790.0,15.5,2.18,9.24,8939.0,1404.0,26.66,3.89,9.55,6620.0,727.0,19.74,1.84,6.68,38669.0,2264.0,75.36,0.26,3.56,711.0,245.0,1.84,0.62,20.95,51301.0,3000.0,99.98,0.19,3.55,10282.0,1123.0,20.04,1.85,6.64,12637.0,1391.0,24.63,2.3,6.69,1214.0,392.0,9.61,2.92,19.63,32367.0,2198.0,63.08,2.18,4.13,5329.0,834.0,16.46,2.32,9.51,6297.0,706.0,12.27,1.17,6.82,3739.0,502.0,59.38,4.39,8.16,50745.0,2987.0,98.9,0.69,3.58,47571.0,2790.0,93.75,7.79,3.57,2925.0,1106.0,5.76,2.15,22.99,249.0,163.0,0.49,0.32,39.79,51311.0,2999.0,100,,3.55,37430.0,2728.0,72.95,3.18,4.43,34033.0,2538.0,66.33,3.07,4.53,3397.0,677.0,6.62,1.26,12.12,13881.0,1594.0,27.05,2.67,6.98,8184.0,1092.0,58.96,4.01,8.11,5697.0,1012.0,41.04,5.56,10.8,197.0,117.0,1.42,0.83,36.1,692.0,348.0,4.99,2.44,30.57,2608.0,644.0,18.79,4.11,15.01,0.0,,0.0,,,10149.0,1372.0,73.11,5.22,8.22,235.0,245.0,1.69,1.75,63.38,47817.0,2836.0,93.19,0.94,3.61,21445.0,2007.0,44.85,3.25,5.69,11468.0,1367.0,23.98,2.48,7.25,21435.0,2374.0,44.83,4.19,6.73,18663.0,970.0,89.02,2.3,3.16,16989.0,990.0,81.04,2.99,3.54,40174.0,2354.0,78.3,0.33,3.56,21853.0,1746.0,54.4,2.95,4.86,19784.0,1730.0,49.25,3.2,5.32,2069.0,473.0,5.15,1.14,13.9,0.0,,0.0,,,18321.0,1563.0,45.6,2.83,5.19,,,9.47,2.03,13.9,18954.0,1705.0,36.94,2.53,5.47,2774.0,540.0,14.64,2.53,11.83,523.0,221.0,2.76,1.14,25.69,11975.0,1360.0,63.18,4.38,6.9,1979.0,426.0,10.44,2.04,13.09,1015.0,315.0,5.36,1.59,18.87,19784.0,1730.0,38.56,2.51,5.32,0.0,,0.0,,,1010.0,381.0,5.11,1.87,22.93,852.0,391.0,4.31,1.94,27.9,333.0,165.0,1.68,0.82,30.12,2162.0,455.0,10.93,2.09,12.79,1855.0,422.0,9.38,1.97,13.83,486.0,255.0,2.46,1.27,31.9,962.0,310.0,4.86,1.51,19.59,1609.0,511.0,8.13,2.48,19.31,7089.0,1025.0,35.83,4.13,8.79,1608.0,356.0,8.13,1.65,13.46,672.0,212.0,3.4,1.03,19.18,1146.0,352.0,5.79,1.71,18.67,2846.0,689.0,13.58,3.23,14.72,2573.0,506.0,12.27,2.35,11.95,3200.0,638.0,15.26,2.96,12.12,1942.0,530.0,9.26,2.49,16.59,2552.0,530.0,12.17,2.47,12.62,2579.0,497.0,12.3,2.3,11.71,1982.0,536.0,9.45,2.52,16.44,1646.0,339.0,7.85,1.58,12.52,830.0,264.0,3.96,1.25,19.34,815.0,301.0,3.89,1.42,22.45,14205.0,1015.0,67.76,3.76,4.34,5340.0,684.0,25.47,3.05,7.79,2628.0,391.0,12.54,1.78,9.04,3005.0,553.0,14.33,2.56,11.19,2305.0,542.0,10.99,2.54,14.29,8711.0,884.0,41.55,3.78,6.17,47919.0,2846.0,93.41,0.97,3.61,19858.0,1733.0,38.71,2.51,5.31,32888.0,2653.0,64.11,3.56,4.9,3382.0,767.0,6.59,1.44,13.79,23365.0,1830.0,45.54,2.37,4.76,27946.0,1891.0,54.46,1.86,4.11,3494.0,796.0,6.81,1.5,13.85,3602.0,666.0,7.02,1.23,11.24,3571.0,660.0,6.96,1.22,11.24,3444.0,620.0,6.71,1.14,10.94,3668.0,770.0,7.15,1.44,12.76,8720.0,1401.0,16.99,2.54,9.77,7046.0,963.0,13.73,1.7,8.31,6450.0,836.0,12.57,1.45,7.88,2814.0,562.0,5.48,1.05,12.14,2205.0,417.0,4.3,0.77,11.5,3214.0,511.0,6.26,0.93,9.67,1899.0,451.0,3.7,0.85,14.44,1184.0,376.0,2.31,0.72,19.31,12642.0,1391.0,24.64,2.3,6.69,38669.0,2264.0,75.36,0.26,3.56,6297.0,706.0,12.27,1.17,6.82,4873.0,1103.0,9.5,2.08,13.76,6985.0,1690.0,13.61,3.2,14.71,23231.0,2085.0,45.27,3.08,5.46,234.0,190.0,0.46,0.37,49.36,713.0,405.0,1.39,0.79,34.53,293.0,450.0,0.57,0.88,93.36,14982.0,2098.0,29.2,3.72,8.51,28202.0,2853.0,54.96,4.54,6.15,23109.0,2171.0,45.04,3.31,5.71,2285.0,740.0,4.45,1.42,19.69,19097.0,2069.0,37.22,3.4,6.59,188.0,189.0,0.37,0.37,61.11,713.0,405.0,1.39,0.79,34.53,2.0,,0.0,,,144.0,137.0,0.28,0.27,57.84,680.0,317.0,1.33,0.61,28.34
10452,10452,10452,28260.0,968.0,100,,2.08,10763.0,914.0,38.09,2.96,5.16,23888.0,1968.0,30.38,2.16,5.01,1195.0,436.0,5.0,1.78,22.18,695.0,272.0,2.91,1.11,23.79,10728.0,1391.0,44.91,4.5,7.88,4785.0,692.0,20.03,2.38,8.79,6485.0,769.0,27.15,2.32,7.21,49113.0,2043.0,62.47,0.27,2.53,7927.0,801.0,16.14,1.49,6.14,7074.0,930.0,14.4,1.8,7.99,14284.0,1213.0,29.08,2.15,5.16,7053.0,808.0,14.36,1.53,6.96,57129.0,2246.0,72.66,4.15,2.39,1230.0,526.0,2.15,0.92,26.0,78520.0,3253.0,99.87,0.21,2.52,12617.0,1125.0,16.07,1.27,5.42,21490.0,2068.0,27.33,2.37,5.85,985.0,393.0,4.58,1.77,24.25,48678.0,2139.0,61.91,0.92,2.67,7542.0,869.0,15.49,1.65,7.0,8352.0,718.0,10.62,0.8,5.23,4090.0,580.0,48.97,5.52,8.62,77543.0,3204.0,98.63,5.77,2.51,71608.0,3126.0,92.35,1.3,2.65,5065.0,925.0,6.53,1.16,11.1,870.0,668.0,1.12,0.86,46.68,78624.0,3253.0,100,,2.52,48799.0,2598.0,62.07,2.08,3.24,43478.0,2590.0,55.3,2.37,3.62,5321.0,1134.0,6.77,1.41,12.96,29825.0,2071.0,37.93,2.12,4.22,16455.0,1543.0,55.17,3.48,5.7,13370.0,1385.0,44.83,3.45,6.3,100.0,83.0,0.34,0.28,50.46,821.0,276.0,2.75,0.91,20.44,4722.0,1027.0,15.83,3.26,13.22,0.0,,0.0,,,24155.0,1957.0,80.99,3.38,4.93,27.0,40.0,0.09,0.13,90.06,73163.0,2941.0,93.05,5.37,2.44,22013.0,1874.0,30.09,2.26,5.18,24394.0,1963.0,33.34,2.32,4.89,42814.0,2588.0,58.52,2.64,3.67,25578.0,1020.0,90.51,1.85,2.42,22499.0,1133.0,79.61,2.94,3.06,59130.0,2370.0,75.21,4.33,2.44,34157.0,2156.0,57.77,2.82,3.84,29949.0,2020.0,50.65,2.75,4.1,4208.0,828.0,7.12,1.37,11.96,0.0,,0.0,,,24973.0,1499.0,42.23,1.89,3.65,,,12.32,2.3,11.96,29289.0,1980.0,37.25,1.99,4.11,3255.0,681.0,11.11,2.2,12.72,1007.0,354.0,3.44,1.19,21.37,20080.0,1710.0,68.56,3.55,5.18,2282.0,520.0,7.79,1.7,13.85,1749.0,583.0,5.97,1.95,20.26,29949.0,2020.0,38.09,2.03,4.1,5.0,9.0,0.02,0.03,109.42,1457.0,385.0,4.86,1.24,16.06,1138.0,321.0,3.8,1.04,17.15,368.0,162.0,1.23,0.53,26.76,2728.0,613.0,9.11,1.95,13.66,2768.0,570.0,9.24,1.8,12.52,372.0,181.0,1.24,0.6,29.58,916.0,263.0,3.06,0.85,17.45,3951.0,808.0,13.19,2.55,12.43,10088.0,1173.0,33.68,3.19,7.07,3538.0,744.0,11.81,2.35,12.78,1749.0,370.0,5.84,1.17,12.86,871.0,338.0,2.91,1.11,23.59,3383.0,555.0,11.97,1.92,9.97,3312.0,742.0,11.72,2.59,13.62,3440.0,536.0,12.17,1.85,9.47,3554.0,772.0,12.58,2.7,13.2,4127.0,694.0,14.6,2.4,10.22,4174.0,651.0,14.77,2.25,9.48,3137.0,647.0,11.1,2.26,12.54,1886.0,457.0,6.67,1.6,14.73,807.0,248.0,2.86,0.87,18.68,440.0,201.0,1.56,0.71,27.77,19845.0,1136.0,70.22,3.22,3.48,7402.0,787.0,26.19,2.64,6.46,3046.0,554.0,10.78,1.93,11.06,4505.0,762.0,15.94,2.64,10.28,3286.0,518.0,11.63,1.79,9.58,13368.0,1020.0,47.3,3.23,4.64,73086.0,3345.0,93.08,1.81,2.78,29707.0,3320.0,37.83,3.93,6.79,51334.0,3130.0,65.38,2.92,3.71,5434.0,845.0,6.92,1.04,9.45,37307.0,2085.0,47.45,1.78,3.4,41317.0,2156.0,52.55,1.67,3.17,5461.0,887.0,6.95,1.09,9.87,5955.0,1084.0,7.57,1.34,11.07,6709.0,818.0,8.53,0.98,7.41,5901.0,770.0,7.51,0.93,7.93,5485.0,890.0,6.98,1.09,9.86,11861.0,1223.0,15.09,1.42,6.27,10515.0,975.0,13.37,1.11,5.64,9919.0,945.0,12.62,1.08,5.79,5192.0,726.0,6.6,0.88,8.5,3239.0,506.0,4.12,0.62,9.5,5136.0,623.0,6.53,0.74,7.37,2344.0,538.0,2.98,0.67,13.95,907.0,369.0,1.15,0.47,24.73,21495.0,2068.0,27.34,2.37,5.85,57129.0,2246.0,72.66,4.15,2.39,8387.0,716.0,10.67,0.8,5.19,10125.0,1580.0,12.88,1.94,9.49,10687.0,1782.0,13.59,2.2,10.14,28025.0,2718.0,35.64,3.13,5.9,758.0,349.0,0.96,0.44,27.99,868.0,326.0,1.1,0.41,22.83,64.0,291.0,0.08,0.37,276.41,28097.0,2778.0,35.74,3.21,6.01,51450.0,2795.0,65.44,2.3,3.3,27174.0,2333.0,34.56,2.6,5.22,2158.0,588.0,2.74,0.74,16.56,22094.0,2274.0,28.1,2.65,6.26,108.0,108.0,0.14,0.14,60.79,810.0,315.0,1.03,0.4,23.64,0.0,,0.0,,,881.0,437.0,1.12,0.55,30.15,1123.0,383.0,1.43,0.48,20.73
10453,10453,10453,28456.0,942.0,100,,2.01,10927.0,708.0,38.4,2.14,3.94,23656.0,1744.0,29.43,1.84,4.48,1384.0,349.0,5.85,1.41,15.33,993.0,307.0,4.2,1.26,18.79,10606.0,1056.0,44.83,3.0,6.05,4566.0,640.0,19.3,2.3,8.52,6107.0,815.0,25.82,2.87,8.11,50570.0,2236.0,62.91,1.33,2.69,8674.0,1081.0,17.15,2.0,7.58,7700.0,878.0,15.23,1.6,6.93,14578.0,1277.0,28.83,2.18,5.33,7538.0,921.0,14.91,1.7,7.43,58492.0,2432.0,72.76,1.07,2.53,943.0,283.0,1.61,0.48,18.24,80140.0,3108.0,99.7,5.47,2.36,12524.0,1320.0,15.63,1.53,6.41,21658.0,1690.0,26.94,1.82,4.74,1586.0,505.0,7.32,2.26,19.36,50948.0,2428.0,63.38,1.75,2.9,7245.0,866.0,14.22,1.56,7.27,7534.0,682.0,9.37,0.77,5.5,3693.0,499.0,49.02,4.92,8.21,79157.0,3055.0,98.47,5.39,2.35,73579.0,3075.0,92.95,1.49,2.54,5008.0,915.0,6.33,1.13,11.11,570.0,227.0,0.72,0.29,24.21,80385.0,3125.0,100,,2.36,46992.0,2522.0,58.46,2.16,3.26,42127.0,2262.0,52.41,1.94,3.26,4865.0,812.0,6.05,0.98,10.15,33393.0,2462.0,41.54,2.6,4.48,16000.0,1393.0,47.91,2.22,5.29,17393.0,1929.0,52.09,4.32,6.74,124.0,130.0,0.37,0.39,63.73,878.0,415.0,2.63,1.23,28.73,4279.0,925.0,12.81,2.6,13.14,0.0,,0.0,,,28037.0,2257.0,83.96,2.71,4.89,75.0,76.0,0.22,0.23,61.6,74909.0,3011.0,93.19,0.95,2.44,24085.0,2046.0,32.15,2.41,5.16,24669.0,1883.0,32.93,2.14,4.64,44686.0,2989.0,59.65,3.19,4.07,25925.0,992.0,91.11,1.75,2.33,24094.0,1007.0,84.67,2.16,2.54,61209.0,2557.0,76.14,1.16,2.54,36871.0,2230.0,60.24,2.63,3.68,31710.0,2011.0,51.81,2.47,3.86,4941.0,686.0,8.07,1.07,8.44,220.0,313.0,0.36,0.51,86.49,24338.0,1489.0,39.76,1.78,3.72,,,13.4,1.67,8.44,30997.0,2069.0,38.56,2.09,4.06,4619.0,737.0,14.9,2.16,9.7,1209.0,365.0,3.9,1.15,18.35,19705.0,1459.0,63.57,2.04,4.5,1958.0,486.0,6.32,1.51,15.09,2644.0,624.0,8.53,1.93,14.35,31710.0,2011.0,39.45,1.98,3.86,60.0,70.0,0.19,0.22,70.92,1424.0,375.0,4.49,1.15,16.01,874.0,297.0,2.76,0.92,20.66,764.0,340.0,2.41,1.06,27.05,3834.0,823.0,12.09,2.48,13.05,3306.0,550.0,10.43,1.6,10.11,504.0,210.0,1.59,0.65,25.33,1867.0,484.0,5.89,1.48,15.76,2794.0,547.0,8.81,1.63,11.9,9482.0,784.0,29.9,1.59,5.03,4211.0,740.0,13.28,2.18,10.68,1841.0,428.0,5.81,1.3,14.13,749.0,205.0,2.36,0.63,16.64,4432.0,680.0,15.57,2.33,9.33,3419.0,481.0,12.02,1.64,8.55,3350.0,614.0,11.77,2.12,11.14,3069.0,521.0,10.79,1.8,10.32,3623.0,545.0,12.73,1.87,9.14,3992.0,559.0,14.03,1.91,8.51,2556.0,388.0,8.98,1.33,9.23,2577.0,514.0,9.06,1.78,12.13,990.0,258.0,3.48,0.9,15.84,448.0,196.0,1.57,0.69,26.6,20605.0,1051.0,72.41,2.81,3.1,6710.0,657.0,23.58,2.17,5.95,2486.0,403.0,8.74,1.39,9.85,4105.0,571.0,14.43,1.95,8.46,3139.0,523.0,11.03,1.8,10.13,13865.0,814.0,48.72,2.36,3.57,72367.0,2772.0,90.3,4.92,2.33,28402.0,1986.0,35.44,2.06,4.25,50961.0,2593.0,63.59,2.09,3.09,7773.0,1195.0,9.7,1.44,9.35,37656.0,1917.0,46.84,1.54,3.09,42729.0,2142.0,53.16,1.68,3.05,5476.0,793.0,6.81,0.95,8.8,6164.0,646.0,7.67,0.75,6.37,6693.0,952.0,8.33,1.14,8.65,5426.0,717.0,6.75,0.85,8.03,6056.0,811.0,7.53,0.97,8.14,11914.0,1184.0,14.82,1.36,6.04,11016.0,1144.0,13.7,1.32,6.31,10223.0,1146.0,12.72,1.34,6.81,5421.0,653.0,6.74,0.77,7.32,4462.0,633.0,5.55,0.76,8.62,4855.0,537.0,6.04,0.63,6.72,2182.0,507.0,2.71,0.62,14.12,497.0,197.0,0.62,0.24,24.1,21673.0,1689.0,26.96,1.82,4.74,58712.0,2497.0,73.04,1.26,2.59,7534.0,682.0,9.37,0.77,5.5,11591.0,1795.0,14.42,2.16,9.41,9782.0,1662.0,12.17,2.01,10.33,26072.0,1973.0,32.43,2.11,4.6,1214.0,711.0,1.51,0.88,35.6,1265.0,524.0,1.57,0.65,25.18,285.0,253.0,0.35,0.31,53.96,30176.0,2665.0,37.54,2.98,5.37,55618.0,3074.0,69.19,2.72,3.36,24767.0,1873.0,30.81,2.0,4.6,1617.0,422.0,2.01,0.52,15.86,19748.0,1707.0,24.57,1.9,5.25,43.0,38.0,0.05,0.05,53.72,1256.0,524.0,1.56,0.65,25.36,0.0,,0.0,,,593.0,315.0,0.74,0.39,32.29,1510.0,522.0,1.88,0.65,21.01
10454,10454,10454,14737.0,663.0,100,,2.73,5125.0,537.0,34.78,3.29,6.37,11647.0,1059.0,28.36,2.1,5.53,956.0,292.0,8.21,2.39,18.57,565.0,283.0,4.85,2.39,30.45,5166.0,764.0,44.35,5.17,8.99,2169.0,366.0,18.62,2.65,10.26,2791.0,539.0,23.96,4.08,11.74,25781.0,1570.0,62.77,1.92,3.7,5189.0,742.0,20.13,2.6,8.69,4954.0,821.0,19.22,2.96,10.07,7296.0,930.0,28.3,3.17,7.75,2991.0,533.0,11.6,1.94,10.83,30129.0,1706.0,73.35,1.54,3.44,279.0,108.0,0.93,0.35,23.53,41017.0,2155.0,99.86,7.43,3.19,8727.0,946.0,21.28,2.02,6.59,10914.0,1145.0,26.57,2.41,6.38,991.0,346.0,9.08,3.02,21.22,25621.0,1576.0,62.38,1.99,3.74,4787.0,581.0,18.68,1.95,7.38,4482.0,628.0,10.91,1.42,8.52,2949.0,554.0,65.8,8.23,11.42,40681.0,2134.0,99.05,7.36,3.19,37688.0,2124.0,92.64,1.91,3.43,2812.0,647.0,6.91,1.55,13.99,181.0,94.0,0.44,0.23,31.57,41073.0,2161.0,100,,3.2,29476.0,1937.0,71.76,2.83,3.99,24818.0,1776.0,60.42,2.93,4.35,4658.0,1098.0,11.34,2.61,14.33,11597.0,1210.0,28.24,2.54,6.34,5056.0,720.0,43.6,4.23,8.66,6541.0,1050.0,56.4,6.88,9.76,180.0,117.0,1.55,1.0,39.51,119.0,89.0,1.03,0.76,45.46,1281.0,360.0,11.05,2.88,17.08,0.0,,0.0,,,10017.0,1115.0,86.38,3.35,6.77,0.0,,0.0,,,38203.0,2036.0,93.01,0.79,3.24,14044.0,1426.0,36.76,3.18,6.17,10058.0,933.0,26.33,2.0,5.64,21932.0,1904.0,57.41,3.93,5.28,12481.0,638.0,84.69,2.06,3.11,10840.0,647.0,73.56,2.89,3.63,31188.0,1791.0,75.93,1.75,3.49,16295.0,1498.0,52.25,3.75,5.59,14058.0,1435.0,45.08,3.8,6.21,2208.0,470.0,7.08,1.45,12.94,29.0,48.0,0.09,0.15,100.62,14893.0,1505.0,47.75,3.97,6.14,,,13.55,2.6,12.94,13762.0,1429.0,33.51,3.0,6.31,1717.0,447.0,12.48,2.98,15.83,244.0,129.0,1.77,0.92,32.14,8464.0,962.0,61.5,2.84,6.91,1816.0,543.0,13.2,3.7,18.18,736.0,434.0,5.35,3.1,35.85,14058.0,1435.0,34.23,2.99,6.21,93.0,107.0,0.66,0.76,69.94,515.0,204.0,3.66,1.4,24.08,318.0,162.0,2.26,1.13,30.97,252.0,172.0,1.79,1.21,41.49,1663.0,368.0,11.83,2.32,13.45,993.0,474.0,7.06,3.29,29.02,205.0,105.0,1.46,0.73,31.14,1014.0,456.0,7.21,3.16,27.34,1251.0,305.0,8.9,1.97,14.82,4562.0,772.0,32.45,4.38,10.29,2303.0,626.0,16.38,4.13,16.52,569.0,217.0,4.05,1.49,23.18,320.0,167.0,2.28,1.16,31.72,2742.0,485.0,18.61,3.18,10.75,2130.0,479.0,14.45,3.18,13.67,2296.0,456.0,15.58,3.01,12.07,1420.0,356.0,9.64,2.38,15.24,1771.0,495.0,12.02,3.32,16.99,1596.0,348.0,10.83,2.31,13.26,785.0,239.0,5.33,1.6,18.51,1105.0,308.0,7.5,2.06,16.94,430.0,204.0,2.92,1.38,28.84,462.0,246.0,3.13,1.66,32.37,9554.0,724.0,64.83,3.95,4.61,3886.0,571.0,26.37,3.69,8.93,1394.0,277.0,9.46,1.83,12.08,2660.0,432.0,18.05,2.82,9.87,1521.0,286.0,10.32,1.88,11.43,7667.0,633.0,52.03,3.6,5.02,36822.0,2259.0,89.77,2.84,3.73,11412.0,1616.0,27.82,3.66,8.61,28250.0,2218.0,68.87,4.02,4.77,4195.0,1147.0,10.23,2.74,16.62,19272.0,1548.0,46.92,2.85,4.88,21801.0,1325.0,53.08,1.61,3.69,2870.0,630.0,6.99,1.49,13.34,2975.0,467.0,7.24,1.07,9.54,3486.0,627.0,8.49,1.46,10.93,2598.0,415.0,6.33,0.95,9.71,3363.0,601.0,8.19,1.4,10.86,6668.0,997.0,16.23,2.27,9.09,5860.0,839.0,14.27,1.9,8.7,4418.0,610.0,10.76,1.37,8.39,2063.0,371.0,5.02,0.86,10.93,2290.0,366.0,5.58,0.84,9.72,2627.0,448.0,6.4,1.04,10.37,1444.0,367.0,3.52,0.87,15.45,411.0,268.0,1.0,0.65,39.64,10915.0,1145.0,26.57,2.41,6.38,30158.0,1710.0,73.43,1.55,3.45,4482.0,628.0,10.91,1.42,8.52,4027.0,1166.0,9.8,2.79,17.6,5379.0,1093.0,13.1,2.57,12.35,13083.0,1593.0,31.85,3.5,7.4,959.0,642.0,2.33,1.56,40.7,180.0,157.0,0.44,0.38,53.02,374.0,278.0,0.91,0.68,45.19,17071.0,2026.0,41.56,4.42,7.21,28854.0,2290.0,70.25,4.17,4.82,12219.0,1563.0,29.75,3.47,7.78,1148.0,354.0,2.8,0.85,18.75,10112.0,1422.0,24.62,3.21,8.55,102.0,125.0,0.25,0.3,74.5,96.0,109.0,0.23,0.27,69.02,342.0,276.0,0.83,0.67,49.06,168.0,143.0,0.41,0.35,51.74,251.0,131.0,0.61,0.32,31.73
10455,10455,10455,16254.0,810.0,100,,3.03,6366.0,814.0,39.17,4.61,7.77,13704.0,1603.0,30.88,3.04,7.11,861.0,329.0,6.28,2.29,23.23,957.0,400.0,6.98,2.8,25.41,6016.0,887.0,43.9,3.94,8.96,3136.0,606.0,22.88,3.52,11.75,2734.0,663.0,19.95,4.24,14.74,27345.0,1466.0,61.62,5.1,3.26,4211.0,661.0,15.4,2.27,9.54,4555.0,798.0,16.66,2.78,10.65,7754.0,759.0,28.36,2.32,5.95,3912.0,611.0,14.31,2.1,9.49,31904.0,1771.0,71.89,6.04,3.37,502.0,181.0,1.57,0.56,21.92,44363.0,2805.0,99.96,0.3,3.84,8634.0,1612.0,19.46,3.42,11.35,12459.0,1556.0,28.07,3.02,7.59,1618.0,749.0,12.99,5.79,28.14,27438.0,1819.0,61.83,1.25,4.03,4782.0,1044.0,17.43,3.63,13.27,4466.0,606.0,10.06,1.21,8.25,2234.0,461.0,50.02,7.78,12.54,43990.0,2760.0,99.12,8.82,3.81,40960.0,2702.0,93.11,1.9,4.01,2821.0,586.0,6.41,1.27,12.63,209.0,155.0,0.48,0.35,45.08,44380.0,2803.0,100,,3.84,31997.0,2502.0,72.1,3.32,4.75,28291.0,2408.0,63.75,3.64,5.17,3706.0,811.0,8.35,1.75,13.3,12383.0,1235.0,27.9,2.15,6.06,6114.0,776.0,49.37,3.88,7.72,6269.0,962.0,50.63,5.9,9.33,22.0,36.0,0.18,0.29,99.47,500.0,195.0,4.04,1.52,23.71,1086.0,326.0,8.77,2.48,18.25,0.0,,0.0,,,10765.0,1229.0,86.93,4.83,6.94,10.0,15.0,0.08,0.12,91.19,41873.0,2689.0,94.35,1.1,3.9,13714.0,1340.0,32.75,2.41,5.94,12694.0,1422.0,30.32,2.78,6.81,25864.0,2396.0,61.77,4.12,5.63,14909.0,866.0,91.73,2.74,3.53,13045.0,853.0,80.26,3.4,3.98,33840.0,2071.0,76.25,6.71,3.72,18975.0,1445.0,56.07,2.54,4.63,16607.0,1409.0,49.08,2.88,5.16,2368.0,516.0,7.0,1.46,13.25,0.0,,0.0,,,14865.0,1284.0,43.93,2.68,5.25,,,12.48,2.55,13.25,16127.0,1359.0,36.34,2.03,5.12,1886.0,412.0,11.69,2.36,13.28,655.0,335.0,4.06,2.05,31.09,10390.0,1051.0,64.43,3.61,6.15,1423.0,350.0,8.82,2.04,14.95,1287.0,519.0,7.98,3.15,24.51,16607.0,1409.0,37.42,2.12,5.16,43.0,47.0,0.26,0.28,66.45,1124.0,392.0,6.77,2.29,21.2,492.0,179.0,2.96,1.05,22.12,250.0,127.0,1.51,0.75,30.88,2121.0,579.0,12.77,3.31,16.59,1313.0,360.0,7.91,2.06,16.67,220.0,193.0,1.32,1.16,53.33,896.0,246.0,5.4,1.41,16.69,1513.0,524.0,9.11,3.06,21.05,5225.0,597.0,31.46,2.41,6.95,2229.0,641.0,13.42,3.69,17.48,849.0,501.0,5.11,2.99,35.87,332.0,132.0,2.0,0.78,24.17,2289.0,390.0,14.08,2.29,10.36,1936.0,574.0,11.91,3.48,18.02,1698.0,517.0,10.45,3.14,18.51,2060.0,502.0,12.67,3.02,14.81,2220.0,481.0,13.66,2.88,13.17,2260.0,438.0,13.9,2.6,11.78,1565.0,355.0,9.63,2.13,13.79,1375.0,354.0,8.46,2.14,15.65,630.0,232.0,3.88,1.41,22.39,221.0,109.0,1.36,0.67,29.98,11435.0,951.0,70.35,4.68,5.06,4326.0,526.0,26.61,2.95,7.39,1922.0,353.0,11.82,2.09,11.16,2148.0,432.0,13.22,2.57,12.23,2028.0,607.0,12.48,3.68,18.2,7929.0,821.0,48.78,4.43,6.29,40137.0,2747.0,90.47,2.37,4.16,15085.0,1629.0,34.0,2.98,6.56,29032.0,2345.0,65.44,3.29,4.91,4226.0,935.0,9.53,2.02,13.45,20762.0,1592.0,46.78,2.03,4.66,23618.0,1796.0,53.22,2.25,4.62,2507.0,580.0,5.65,1.26,14.06,3874.0,831.0,8.73,1.79,13.04,3520.0,722.0,7.93,1.55,12.47,4167.0,819.0,9.39,1.75,11.95,2967.0,449.0,6.69,0.92,9.2,7191.0,894.0,16.2,1.74,7.56,5895.0,936.0,13.28,1.94,9.65,5477.0,686.0,12.34,1.33,7.61,2486.0,406.0,5.6,0.84,9.93,1830.0,316.0,4.12,0.66,10.5,2756.0,435.0,6.21,0.9,9.59,1414.0,331.0,3.19,0.72,14.23,296.0,184.0,0.67,0.41,37.79,12476.0,1555.0,28.11,3.02,7.58,31904.0,1771.0,71.89,6.04,3.37,4466.0,606.0,10.06,1.21,8.25,5939.0,1541.0,13.38,3.37,15.77,5102.0,976.0,11.5,2.08,11.63,13232.0,1491.0,29.82,2.78,6.85,543.0,343.0,1.22,0.77,38.4,708.0,362.0,1.6,0.81,31.08,87.0,135.0,0.2,0.3,94.33,18769.0,2296.0,42.29,4.43,7.44,32886.0,2828.0,74.1,4.32,5.23,11494.0,1206.0,25.9,2.17,6.38,601.0,199.0,1.35,0.44,20.13,9385.0,1092.0,21.15,2.07,7.07,12.0,33.0,0.03,0.07,167.17,466.0,208.0,1.05,0.46,27.13,0.0,,0.0,,,426.0,281.0,0.96,0.63,40.1,604.0,241.0,1.36,0.54,24.26
10456,10456,10456,32370.0,1229.0,100,,2.31,12175.0,939.0,37.61,2.52,4.69,24700.0,2196.0,27.89,2.13,5.4,1921.0,482.0,7.78,1.82,15.25,1075.0,318.0,4.35,1.23,17.98,10322.0,1133.0,41.79,2.69,6.67,6378.0,912.0,25.82,2.89,8.69,5004.0,976.0,20.26,3.52,11.86,55052.0,2402.0,62.15,3.93,2.65,9112.0,1158.0,16.55,1.98,7.73,9252.0,1044.0,16.81,1.75,6.86,16305.0,1388.0,29.62,2.16,5.17,7001.0,866.0,12.72,1.47,7.52,64528.0,2989.0,72.85,0.53,2.82,1538.0,373.0,2.38,0.57,14.74,87527.0,4060.0,98.82,0.76,2.82,16871.0,1427.0,19.28,1.36,5.14,23941.0,2127.0,27.03,2.06,5.4,1604.0,519.0,6.7,2.08,19.67,54178.0,2997.0,61.17,1.9,3.36,10419.0,1239.0,19.23,2.02,7.23,9408.0,1176.0,10.62,1.24,7.6,4848.0,701.0,51.53,3.75,8.79,87182.0,3990.0,98.43,0.13,2.78,81420.0,4058.0,93.39,1.84,3.03,5112.0,816.0,5.86,0.9,9.7,650.0,274.0,0.75,0.31,25.63,88575.0,4052.0,100,,2.78,62156.0,3538.0,70.17,2.38,3.46,54731.0,3638.0,61.79,2.98,4.04,7425.0,1169.0,8.38,1.26,9.57,26419.0,1910.0,29.83,1.67,4.39,13702.0,1210.0,51.86,2.63,5.37,12717.0,1469.0,48.14,4.34,7.02,476.0,320.0,1.8,1.2,40.87,530.0,244.0,2.01,0.91,27.99,5856.0,918.0,22.17,3.08,9.53,0.0,,0.0,,,19557.0,1678.0,74.03,3.42,5.22,0.0,,0.0,,,81857.0,3718.0,92.42,5.96,2.76,32586.0,2557.0,39.81,2.55,4.77,23281.0,2355.0,28.44,2.57,6.15,39555.0,3140.0,48.32,3.15,4.83,28743.0,1312.0,88.8,2.25,2.77,25336.0,1192.0,78.27,2.17,2.86,67480.0,3135.0,76.18,0.62,2.82,36990.0,2287.0,54.82,2.24,3.76,31486.0,2146.0,46.66,2.33,4.14,5423.0,889.0,8.04,1.26,9.97,81.0,101.0,0.12,0.15,75.8,30490.0,2060.0,45.18,2.22,4.11,,,14.66,2.23,9.97,30568.0,2139.0,34.51,1.83,4.25,5704.0,951.0,18.66,2.82,10.14,802.0,249.0,2.62,0.79,18.87,18179.0,1666.0,59.47,3.52,5.57,3555.0,784.0,11.63,2.43,13.41,1223.0,355.0,4.0,1.13,17.65,31486.0,2146.0,35.55,1.8,4.14,65.0,90.0,0.21,0.29,84.17,1032.0,325.0,3.28,1.01,19.14,940.0,331.0,2.99,1.03,21.41,362.0,183.0,1.15,0.58,30.73,3470.0,713.0,11.02,2.14,12.49,2858.0,541.0,9.08,1.6,11.51,451.0,224.0,1.43,0.7,30.19,1822.0,596.0,5.79,1.85,19.89,3108.0,700.0,9.87,2.12,13.69,12129.0,1240.0,38.52,2.94,6.21,2561.0,593.0,8.13,1.8,14.08,1641.0,420.0,5.21,1.29,15.56,1047.0,320.0,3.33,0.99,18.58,5038.0,583.0,15.56,1.7,7.03,4669.0,893.0,14.42,2.7,11.63,3894.0,716.0,12.03,2.16,11.18,3103.0,598.0,9.59,1.81,11.72,4473.0,713.0,13.82,2.14,9.69,4726.0,652.0,14.6,1.94,8.39,2929.0,682.0,9.05,2.08,14.15,2223.0,481.0,6.87,1.46,13.15,863.0,245.0,2.67,0.75,17.26,452.0,157.0,1.4,0.48,21.12,22491.0,1198.0,69.48,2.6,3.24,8122.0,1022.0,25.09,3.01,7.65,3201.0,437.0,9.89,1.3,8.3,6117.0,1016.0,18.9,3.06,10.1,4059.0,675.0,12.54,2.03,10.11,16123.0,1340.0,49.81,3.68,5.05,81119.0,3799.0,92.68,0.6,2.85,33764.0,2930.0,38.58,2.83,5.28,58307.0,3089.0,66.62,1.7,3.22,6408.0,1106.0,7.32,1.22,10.49,40207.0,2496.0,45.39,1.9,3.77,48368.0,2280.0,54.61,0.62,2.87,6718.0,961.0,7.58,1.03,8.7,6044.0,889.0,6.82,0.95,8.94,7100.0,906.0,8.02,0.95,7.76,6616.0,870.0,7.47,0.92,7.99,7045.0,920.0,7.95,0.97,7.94,12670.0,1371.0,14.3,1.4,6.58,11287.0,1210.0,12.74,1.24,6.52,10668.0,1222.0,12.04,1.26,6.96,5869.0,800.0,6.63,0.85,8.29,4559.0,509.0,5.15,0.52,6.79,6546.0,990.0,7.39,1.07,9.19,2766.0,431.0,3.12,0.47,9.47,687.0,260.0,0.78,0.29,23.01,23966.0,2125.0,27.06,2.06,5.39,64609.0,2979.0,72.94,0.42,2.8,9999.0,1184.0,11.29,1.23,7.2,9962.0,2002.0,11.25,2.2,12.22,11426.0,1973.0,12.9,2.15,10.5,41499.0,2649.0,46.85,2.09,3.88,1243.0,551.0,1.4,0.62,26.95,627.0,286.0,0.71,0.32,27.73,0.0,,0.0,,,23818.0,3036.0,26.89,3.2,7.75,49895.0,3869.0,56.33,3.53,4.71,38680.0,2633.0,43.67,2.2,4.14,2095.0,490.0,2.37,0.54,14.22,33828.0,2678.0,38.19,2.47,4.81,171.0,172.0,0.19,0.19,61.15,577.0,267.0,0.65,0.3,28.13,0.0,,0.0,,,377.0,265.0,0.43,0.3,42.73,1632.0,630.0,1.84,0.71,23.47
10457,10457,10457,26163.0,1032.0,100,,2.4,11040.0,823.0,42.2,2.67,4.53,23830.0,1752.0,29.86,1.69,4.47,1598.0,376.0,6.71,1.5,14.3,1470.0,363.0,6.17,1.45,15.01,10478.0,1206.0,43.97,3.89,7.0,4877.0,667.0,20.47,2.36,8.31,5407.0,619.0,22.69,1.99,6.96,47967.0,2064.0,60.1,3.83,2.62,7312.0,637.0,15.24,1.15,5.3,7339.0,804.0,15.3,1.54,6.66,14163.0,1245.0,29.53,2.26,5.34,7252.0,955.0,15.12,1.88,8.01,56276.0,2489.0,70.51,4.56,2.69,791.0,313.0,1.41,0.55,24.05,79471.0,3756.0,99.57,0.4,2.87,12930.0,1341.0,16.27,1.5,6.3,23506.0,1867.0,29.45,1.88,4.83,2017.0,587.0,8.58,2.4,17.69,48717.0,2445.0,61.04,1.06,3.05,7261.0,946.0,14.9,1.79,7.92,7248.0,779.0,9.08,0.88,6.53,3652.0,550.0,50.39,5.32,9.16,78437.0,3683.0,98.27,6.54,2.85,70481.0,3627.0,89.86,1.89,3.13,7343.0,1172.0,9.36,1.43,9.7,613.0,306.0,0.78,0.39,30.35,79817.0,3759.0,100,,2.86,48787.0,2679.0,61.12,1.73,3.34,43450.0,2522.0,54.44,1.85,3.53,5337.0,736.0,6.69,0.87,8.38,31030.0,2179.0,38.88,2.03,4.27,14663.0,1534.0,47.25,3.66,6.36,16367.0,1562.0,52.75,3.41,5.8,275.0,131.0,0.89,0.42,28.96,292.0,178.0,0.94,0.57,37.06,6048.0,1176.0,19.49,3.53,11.82,0.0,,0.0,,,24369.0,2060.0,78.53,3.7,5.14,46.0,52.0,0.15,0.17,68.72,73032.0,3390.0,91.5,6.05,2.82,23996.0,2043.0,32.86,2.35,5.18,23838.0,2058.0,32.64,2.38,5.25,40824.0,2839.0,55.9,2.89,4.23,24388.0,994.0,93.22,0.96,2.48,21254.0,1024.0,81.24,2.25,2.93,58806.0,2647.0,73.68,4.8,2.74,34692.0,2116.0,58.99,2.43,3.71,30106.0,1924.0,51.2,2.32,3.88,4570.0,855.0,7.77,1.41,11.37,16.0,25.0,0.03,0.04,94.98,24114.0,1412.0,41.01,1.54,3.56,,,13.17,2.33,11.37,28604.0,1889.0,35.84,1.66,4.01,4508.0,768.0,15.76,2.48,10.36,1037.0,335.0,3.63,1.15,19.64,19018.0,1395.0,66.49,2.12,4.46,1867.0,447.0,6.53,1.5,14.55,1431.0,415.0,5.0,1.41,17.63,30106.0,1924.0,37.72,1.63,3.88,34.0,37.0,0.11,0.12,66.15,1978.0,550.0,6.57,1.78,16.9,734.0,230.0,2.44,0.75,19.05,458.0,175.0,1.52,0.57,23.23,3698.0,622.0,12.28,1.91,10.22,2712.0,455.0,9.01,1.4,10.2,422.0,212.0,1.4,0.7,30.54,1251.0,363.0,4.16,1.18,17.64,2834.0,521.0,9.41,1.62,11.18,9371.0,975.0,31.13,2.56,6.32,4154.0,690.0,13.8,2.12,10.1,1747.0,446.0,5.8,1.43,15.52,713.0,255.0,2.37,0.83,21.74,3830.0,643.0,14.64,2.39,10.21,3124.0,525.0,11.94,1.95,10.22,3116.0,501.0,11.91,1.86,9.77,1815.0,360.0,6.94,1.35,12.06,2942.0,496.0,11.24,1.84,10.25,5049.0,693.0,19.3,2.54,8.34,1989.0,355.0,7.6,1.32,10.85,2791.0,519.0,10.67,1.94,11.3,938.0,313.0,3.59,1.19,20.29,569.0,234.0,2.17,0.89,25.0,19222.0,1023.0,73.47,2.62,3.24,5938.0,622.0,22.7,2.2,6.37,2720.0,427.0,10.4,1.58,9.54,3490.0,602.0,13.34,2.24,10.49,3604.0,535.0,13.78,1.97,9.02,12801.0,897.0,48.93,2.83,4.26,71739.0,3633.0,90.27,1.64,3.08,24511.0,2033.0,30.84,2.1,5.04,53191.0,3121.0,66.93,2.33,3.57,7732.0,1251.0,9.73,1.51,9.84,37001.0,2183.0,46.36,1.65,3.59,42816.0,2279.0,53.64,1.33,3.24,6785.0,879.0,8.5,1.03,7.88,6324.0,673.0,7.92,0.76,6.47,6929.0,943.0,8.68,1.11,8.27,5257.0,671.0,6.59,0.78,7.76,6555.0,797.0,8.21,0.92,7.39,13517.0,1290.0,16.93,1.41,5.8,9899.0,904.0,12.4,0.97,5.55,9030.0,736.0,11.31,0.75,4.95,4438.0,514.0,5.56,0.59,7.04,3655.0,548.0,4.58,0.65,9.11,4735.0,743.0,5.93,0.89,9.54,2220.0,408.0,2.78,0.49,11.17,473.0,209.0,0.59,0.26,26.86,23525.0,1870.0,29.47,1.89,4.83,56292.0,2491.0,70.53,4.56,2.69,7428.0,780.0,9.31,0.87,6.38,11815.0,2618.0,14.8,3.21,13.47,11647.0,1769.0,14.59,2.11,9.23,34138.0,2497.0,42.77,2.39,4.45,876.0,465.0,1.1,0.58,32.27,378.0,205.0,0.47,0.26,32.97,85.0,104.0,0.11,0.13,74.38,20878.0,1831.0,26.16,1.94,5.33,52152.0,3369.0,65.34,2.89,3.93,27665.0,2285.0,34.66,2.35,5.02,1370.0,443.0,1.72,0.55,19.66,24635.0,2205.0,30.86,2.35,5.44,81.0,71.0,0.1,0.09,53.29,354.0,201.0,0.44,0.25,34.52,1.0,,0.0,,,322.0,195.0,0.4,0.24,36.81,902.0,391.0,1.13,0.49,26.35
10458,10458,10458,29116.0,1093.0,100,,2.28,10663.0,946.0,36.62,2.94,5.39,26433.0,1829.0,31.97,1.69,4.21,1322.0,327.0,5.0,1.19,15.04,1316.0,351.0,4.98,1.28,16.21,10340.0,1204.0,39.12,3.66,7.08,4874.0,751.0,18.44,2.54,9.37,8581.0,681.0,32.46,1.26,4.82,49281.0,2157.0,59.61,3.72,2.66,9078.0,1105.0,18.42,2.09,7.4,6642.0,899.0,13.48,1.73,8.23,13618.0,1062.0,27.63,1.78,4.74,7103.0,690.0,14.41,1.25,5.91,61294.0,2348.0,74.14,4.35,2.33,984.0,361.0,1.61,0.59,22.3,82522.0,3648.0,99.81,6.26,2.69,9684.0,974.0,11.74,1.06,6.11,21244.0,1912.0,25.69,2.01,5.47,1329.0,424.0,6.26,1.91,19.39,53291.0,2210.0,64.46,3.92,2.52,5119.0,650.0,9.61,1.15,7.72,7987.0,1082.0,9.66,1.24,8.24,3236.0,564.0,40.52,4.44,10.6,81787.0,3631.0,98.92,6.22,2.7,75124.0,3422.0,91.85,0.94,2.77,6187.0,1201.0,7.56,1.43,11.8,476.0,178.0,0.58,0.22,22.73,82678.0,3681.0,100,,2.71,47790.0,2800.0,57.8,2.2,3.56,41983.0,2606.0,50.78,2.2,3.77,5807.0,734.0,7.02,0.83,7.68,34888.0,2244.0,42.2,1.96,3.91,13317.0,1166.0,38.17,2.27,5.32,21571.0,1800.0,61.83,3.29,5.07,1084.0,364.0,3.11,1.02,20.41,2126.0,545.0,6.09,1.51,15.58,2924.0,845.0,8.38,2.36,17.57,11.0,18.0,0.03,0.05,99.47,28692.0,2218.0,82.24,3.53,4.7,51.0,72.0,0.15,0.21,85.82,77093.0,3245.0,93.24,5.71,2.56,21198.0,1605.0,27.5,1.73,4.6,27760.0,2117.0,36.01,2.29,4.64,48587.0,2831.0,63.02,2.54,3.54,27418.0,1066.0,94.17,0.95,2.36,26513.0,1140.0,91.06,1.91,2.61,63542.0,2430.0,76.85,4.51,2.32,39618.0,2093.0,62.35,2.27,3.21,33823.0,1934.0,53.23,2.26,3.48,5660.0,817.0,8.91,1.24,8.77,135.0,109.0,0.21,0.17,49.08,23924.0,1718.0,37.65,2.29,4.37,,,14.29,1.92,8.77,32477.0,1879.0,39.28,1.45,3.52,4317.0,520.0,13.29,1.4,7.32,1044.0,349.0,3.21,1.06,20.32,19863.0,1512.0,61.16,3.03,4.63,3773.0,522.0,11.62,1.46,8.41,2597.0,468.0,8.0,1.36,10.95,33823.0,1934.0,40.91,1.47,3.48,73.0,85.0,0.22,0.25,70.78,1933.0,385.0,5.72,1.09,12.11,1014.0,296.0,3.0,0.86,17.75,459.0,203.0,1.36,0.6,26.89,4304.0,733.0,12.73,2.04,10.35,2578.0,434.0,7.62,1.21,10.23,571.0,189.0,1.69,0.55,20.12,2097.0,401.0,6.2,1.13,11.62,2541.0,604.0,7.51,1.73,14.45,10457.0,989.0,30.92,2.33,5.75,4511.0,819.0,13.34,2.3,11.04,2688.0,468.0,7.95,1.31,10.58,597.0,223.0,1.77,0.65,22.71,2839.0,437.0,9.75,1.46,9.36,3730.0,687.0,12.81,2.31,11.2,3295.0,634.0,11.32,2.14,11.7,2454.0,404.0,8.43,1.35,10.01,4265.0,587.0,14.65,1.94,8.37,5606.0,701.0,19.25,2.3,7.6,3192.0,541.0,10.96,1.81,10.3,2394.0,409.0,8.22,1.37,10.39,913.0,319.0,3.14,1.09,21.24,428.0,168.0,1.47,0.57,23.86,22246.0,1008.0,76.4,1.94,2.75,6190.0,806.0,21.26,2.65,7.92,2915.0,495.0,10.01,1.66,10.32,3098.0,551.0,10.64,1.85,10.81,2255.0,395.0,7.74,1.33,10.65,13304.0,1036.0,45.69,3.12,4.73,74526.0,3363.0,90.31,0.82,2.74,29505.0,2064.0,35.75,1.94,4.25,50166.0,3357.0,60.79,3.05,4.07,7996.0,1093.0,9.69,1.25,8.31,39967.0,2096.0,48.34,1.34,3.19,42711.0,2268.0,51.66,1.5,3.23,5585.0,810.0,6.76,0.93,8.82,6282.0,868.0,7.6,0.99,8.4,6248.0,786.0,7.56,0.89,7.65,7524.0,709.0,9.1,0.76,5.73,7758.0,883.0,9.38,0.98,6.92,13170.0,1214.0,15.93,1.29,5.6,10200.0,958.0,12.34,1.02,5.71,10524.0,973.0,12.73,1.03,5.62,4456.0,633.0,5.39,0.73,8.64,2937.0,484.0,3.55,0.56,10.02,4894.0,841.0,5.92,0.98,10.45,2330.0,473.0,2.82,0.56,12.34,770.0,245.0,0.93,0.29,19.34,21249.0,1913.0,25.7,2.01,5.47,61429.0,2372.0,74.3,4.38,2.35,7994.0,1081.0,9.67,1.23,8.22,6734.0,1178.0,8.14,1.38,10.63,9276.0,1033.0,11.22,1.15,6.77,15287.0,1831.0,18.49,2.06,7.28,1053.0,701.0,1.27,0.85,40.47,2760.0,642.0,3.34,0.76,14.14,10.0,19.0,0.01,0.02,115.5,47558.0,3216.0,57.52,2.93,4.11,58929.0,3587.0,71.28,2.96,3.7,23749.0,2003.0,28.72,2.06,5.13,5792.0,751.0,7.01,0.85,7.88,13291.0,1734.0,16.08,1.97,7.93,234.0,205.0,0.28,0.25,53.26,2750.0,646.0,3.33,0.77,14.28,0.0,,0.0,,,304.0,241.0,0.37,0.29,48.19,1378.0,522.0,1.67,0.63,23.03
10459,10459,10459,17805.0,744.0,100,,2.54,6984.0,724.0,39.22,3.72,6.3,15063.0,1633.0,28.99,2.66,6.59,804.0,285.0,5.34,1.8,21.55,1018.0,283.0,6.76,1.73,16.9,5766.0,721.0,38.28,2.39,7.6,3356.0,567.0,22.28,2.89,10.27,4119.0,748.0,27.35,3.98,11.04,32618.0,1829.0,62.77,5.05,3.41,5644.0,831.0,17.3,2.36,8.95,4680.0,591.0,14.35,1.62,7.68,9233.0,890.0,28.31,2.22,5.86,4592.0,702.0,14.08,2.0,9.29,38229.0,2071.0,73.57,5.83,3.29,828.0,267.0,2.17,0.69,19.6,51749.0,3008.0,99.59,0.66,3.53,9419.0,1215.0,18.2,2.1,7.84,13669.0,1510.0,26.3,2.48,6.72,1281.0,330.0,9.37,2.18,15.66,32592.0,2020.0,62.72,1.41,3.77,5646.0,901.0,17.32,2.55,9.7,5488.0,633.0,10.56,1.05,7.01,2492.0,441.0,45.41,6.09,10.76,51294.0,2979.0,98.71,0.61,3.53,47827.0,2920.0,93.24,1.76,3.71,3064.0,618.0,5.97,1.15,12.26,403.0,196.0,0.79,0.38,29.57,51964.0,3001.0,100,,3.51,36873.0,2477.0,70.96,2.43,4.08,30932.0,2458.0,59.53,3.25,4.83,5941.0,969.0,11.43,1.74,9.92,15091.0,1386.0,29.04,2.07,5.58,7546.0,847.0,50.0,3.23,6.82,7545.0,1039.0,50.0,5.13,8.37,88.0,80.0,0.58,0.53,55.26,124.0,116.0,0.82,0.76,56.87,2414.0,638.0,16.0,3.96,16.07,0.0,,0.0,,,12465.0,1351.0,82.6,4.75,6.59,0.0,,0.0,,,47991.0,2747.0,92.35,7.51,3.48,15852.0,1383.0,33.03,2.17,5.3,14416.0,1448.0,30.04,2.48,6.11,27548.0,2105.0,57.4,2.91,4.65,16658.0,784.0,93.56,2.03,2.86,14920.0,788.0,83.8,2.71,3.21,39831.0,2211.0,76.65,6.14,3.37,24143.0,1651.0,60.61,2.42,4.16,20725.0,1668.0,52.03,3.03,4.89,3354.0,551.0,8.42,1.3,9.99,64.0,77.0,0.16,0.19,73.14,15688.0,1340.0,39.39,2.56,5.19,,,13.89,2.08,9.99,19890.0,1557.0,38.28,2.02,4.76,3560.0,614.0,17.9,2.75,10.48,1470.0,408.0,7.39,1.97,16.87,11080.0,984.0,55.71,2.34,5.4,1778.0,468.0,8.94,2.25,16.0,1366.0,467.0,6.87,2.29,20.78,20725.0,1668.0,39.88,2.24,4.89,41.0,61.0,0.2,0.29,90.44,869.0,275.0,4.19,1.28,19.24,747.0,350.0,3.6,1.66,28.48,266.0,147.0,1.28,0.7,33.59,2527.0,507.0,12.19,2.24,12.2,1532.0,326.0,7.39,1.46,12.94,189.0,81.0,0.91,0.38,26.05,1491.0,377.0,7.19,1.72,15.37,2484.0,567.0,11.99,2.56,13.88,6784.0,877.0,32.73,3.31,7.86,1965.0,431.0,9.48,1.93,13.33,1113.0,285.0,5.37,1.31,15.57,717.0,220.0,3.46,1.02,18.65,1929.0,373.0,10.83,2.05,11.75,1646.0,316.0,9.24,1.73,11.67,2647.0,541.0,14.87,2.97,12.42,1612.0,434.0,9.05,2.41,16.37,2336.0,395.0,13.12,2.15,10.28,2676.0,547.0,15.03,3.01,12.43,2105.0,419.0,11.82,2.3,12.1,1572.0,345.0,8.83,1.9,13.34,648.0,243.0,3.64,1.36,22.8,634.0,222.0,3.56,1.24,21.29,13093.0,838.0,73.54,3.57,3.89,4928.0,531.0,27.68,2.75,6.55,2548.0,483.0,14.31,2.65,11.52,2469.0,359.0,13.87,1.93,8.84,1878.0,305.0,10.55,1.66,9.87,7037.0,621.0,39.52,3.07,5.36,48082.0,3025.0,92.91,2.24,3.82,18967.0,2180.0,36.65,3.63,6.99,34263.0,2759.0,66.21,3.69,4.9,3667.0,608.0,7.09,1.1,10.08,25618.0,2064.0,49.3,2.77,4.9,26346.0,1421.0,50.7,4.01,3.28,3973.0,776.0,7.65,1.43,11.87,3488.0,520.0,6.71,0.92,9.06,4001.0,655.0,7.7,1.18,9.95,3969.0,643.0,7.64,1.16,9.85,3915.0,595.0,7.53,1.06,9.24,8056.0,937.0,15.5,1.57,7.07,6550.0,705.0,12.6,1.14,6.54,5916.0,885.0,11.38,1.57,9.09,3297.0,489.0,6.34,0.87,9.02,3206.0,504.0,6.17,0.9,9.56,3405.0,478.0,6.55,0.84,8.53,1738.0,348.0,3.34,0.64,12.17,450.0,159.0,0.87,0.3,21.48,13671.0,1511.0,26.31,2.48,6.72,38293.0,2068.0,73.69,5.83,3.28,5593.0,629.0,10.76,1.04,6.84,7041.0,1506.0,13.55,2.79,13.0,5605.0,1120.0,10.79,2.06,12.15,17702.0,2205.0,34.07,3.76,7.57,327.0,226.0,0.63,0.43,42.01,154.0,116.0,0.3,0.22,45.79,28.0,46.0,0.05,0.09,99.87,21107.0,2063.0,40.62,3.2,5.94,34990.0,2329.0,67.34,2.23,4.05,16974.0,2164.0,32.66,3.71,7.75,980.0,444.0,1.89,0.85,27.54,14996.0,2022.0,28.86,3.52,8.2,143.0,213.0,0.28,0.41,90.55,127.0,115.0,0.24,0.22,55.05,0.0,,0.0,,,64.0,69.0,0.12,0.13,65.54,664.0,421.0,1.28,0.81,38.54
10460,10460,10460,21814.0,818.0,100,,2.28,8077.0,671.0,37.03,2.74,5.05,16812.0,1588.0,28.09,2.32,5.74,1108.0,479.0,6.59,2.78,26.28,561.0,199.0,3.34,1.14,21.56,7326.0,771.0,43.58,2.02,6.4,3679.0,542.0,21.88,2.47,8.96,4138.0,675.0,24.61,3.27,9.92,38400.0,1726.0,64.16,4.12,2.73,5738.0,840.0,14.94,2.08,8.9,5614.0,638.0,14.62,1.53,6.91,11950.0,1124.0,31.12,2.57,5.72,5475.0,655.0,14.26,1.58,7.27,44152.0,2039.0,73.77,0.44,2.81,772.0,245.0,1.75,0.55,19.29,59834.0,2741.0,99.97,0.11,2.78,10907.0,1023.0,18.23,1.49,5.7,15691.0,1473.0,26.22,2.15,5.71,1441.0,387.0,9.18,2.31,16.33,37341.0,1989.0,62.39,1.7,3.24,6586.0,861.0,17.64,2.11,7.95,6802.0,802.0,11.36,1.23,7.17,2880.0,474.0,42.34,4.86,10.01,59068.0,2683.0,98.69,6.37,2.76,54129.0,2625.0,91.64,1.56,2.95,4611.0,821.0,7.81,1.34,10.82,328.0,143.0,0.56,0.24,26.5,59852.0,2741.0,100,,2.78,40668.0,2451.0,67.95,2.66,3.66,34108.0,2172.0,56.99,2.52,3.87,6560.0,1009.0,10.96,1.61,9.35,19184.0,1536.0,32.05,2.11,4.87,9439.0,1087.0,49.2,4.07,7.0,9745.0,1193.0,50.8,4.7,7.44,350.0,198.0,1.82,1.02,34.39,1084.0,485.0,5.65,2.49,27.2,1926.0,500.0,10.04,2.48,15.78,0.0,,0.0,,,15810.0,1517.0,82.41,4.36,5.83,14.0,31.0,0.07,0.16,134.61,55869.0,2503.0,93.35,5.98,2.72,21389.0,1959.0,38.28,3.06,5.57,15966.0,1300.0,28.58,1.94,4.95,30335.0,2311.0,54.3,3.35,4.63,20267.0,814.0,92.91,1.34,2.44,17893.0,782.0,82.03,1.84,2.66,46314.0,2093.0,77.38,4.98,2.75,26779.0,1571.0,57.82,2.16,3.57,22829.0,1617.0,49.29,2.69,4.31,3950.0,566.0,8.53,1.16,8.71,0.0,,0.0,,,19535.0,1350.0,42.18,2.21,4.2,,,14.75,1.93,8.71,22009.0,1609.0,36.77,2.1,4.44,4606.0,587.0,20.93,2.18,7.75,836.0,278.0,3.8,1.23,20.21,13675.0,1241.0,62.13,3.34,5.52,1020.0,290.0,4.63,1.27,17.28,1398.0,467.0,6.35,2.07,20.31,22829.0,1617.0,38.14,2.06,4.31,9.0,18.0,0.04,0.08,121.58,1423.0,416.0,6.23,1.77,17.77,707.0,299.0,3.1,1.29,25.71,554.0,210.0,2.43,0.9,23.04,2422.0,426.0,10.61,1.71,10.69,2134.0,480.0,9.35,2.0,13.67,473.0,202.0,2.07,0.87,25.96,1003.0,305.0,4.39,1.3,18.49,2001.0,405.0,8.77,1.66,12.3,8389.0,859.0,36.75,2.72,6.22,1862.0,412.0,8.16,1.71,13.45,934.0,220.0,4.09,0.92,14.32,918.0,216.0,4.02,0.9,14.3,2708.0,455.0,12.41,2.03,10.21,3101.0,498.0,14.22,2.22,9.76,2998.0,459.0,13.74,2.04,9.31,2391.0,447.0,10.96,2.01,11.36,2587.0,414.0,11.86,1.85,9.73,2681.0,354.0,12.29,1.56,8.03,2089.0,426.0,9.58,1.92,12.4,1974.0,412.0,9.05,1.86,12.69,668.0,243.0,3.06,1.11,22.11,617.0,152.0,2.83,0.69,14.98,15609.0,805.0,71.55,2.53,3.14,6127.0,672.0,28.09,2.89,6.67,2559.0,358.0,11.73,1.58,8.5,2824.0,406.0,12.95,1.8,8.74,2619.0,488.0,12.01,2.19,11.33,11016.0,873.0,50.5,3.53,4.82,55919.0,2617.0,93.46,0.89,2.84,19831.0,1599.0,33.14,2.2,4.9,41338.0,2701.0,69.09,3.22,3.97,3915.0,788.0,6.54,1.28,12.24,28068.0,1937.0,46.9,2.42,4.2,31784.0,1733.0,53.1,1.57,3.31,3983.0,686.0,6.65,1.1,10.47,4025.0,572.0,6.72,0.9,8.64,4676.0,619.0,7.81,0.97,8.05,4402.0,615.0,7.35,0.97,8.49,4366.0,731.0,7.29,1.17,10.18,9463.0,823.0,15.81,1.17,5.29,7649.0,861.0,12.78,1.31,6.84,7549.0,670.0,12.61,0.96,5.4,3863.0,453.0,6.45,0.7,7.13,3074.0,520.0,5.14,0.84,10.28,4263.0,728.0,7.12,1.17,10.38,1765.0,336.0,2.95,0.54,11.57,774.0,309.0,1.29,0.51,24.27,15700.0,1474.0,26.23,2.15,5.71,44152.0,2039.0,73.77,0.44,2.81,6802.0,802.0,11.36,1.23,7.17,10559.0,1625.0,17.64,2.59,9.36,8055.0,1326.0,13.46,2.13,10.01,20942.0,1981.0,34.99,2.9,5.75,623.0,325.0,1.04,0.54,31.71,962.0,385.0,1.61,0.64,24.33,28.0,46.0,0.05,0.08,99.87,18683.0,2069.0,31.22,3.15,6.73,38921.0,2476.0,65.03,2.87,3.87,20931.0,1788.0,34.97,2.52,5.19,2291.0,760.0,3.83,1.26,20.17,15885.0,1730.0,26.54,2.62,6.62,150.0,162.0,0.25,0.27,65.65,848.0,341.0,1.42,0.57,24.45,0.0,,0.0,,,611.0,423.0,1.02,0.71,42.09,1146.0,377.0,1.91,0.62,20.0
10461,10461,10461,18807.0,689.0,100,,2.23,5876.0,596.0,31.24,2.96,6.17,13447.0,1270.0,26.44,2.23,5.74,939.0,242.0,6.98,1.67,15.67,445.0,169.0,3.31,1.22,23.09,5481.0,788.0,40.76,4.42,8.74,2255.0,316.0,16.77,1.74,8.52,4327.0,641.0,32.18,3.67,9.01,36027.0,1462.0,70.82,4.16,2.47,3472.0,691.0,9.64,1.88,12.1,3360.0,641.0,9.33,1.74,11.6,10083.0,747.0,27.99,1.73,4.5,9747.0,802.0,27.05,1.94,5.0,39818.0,1587.0,78.28,4.56,2.42,1036.0,235.0,2.6,0.58,13.79,50056.0,2155.0,98.4,0.7,2.62,6569.0,766.0,13.12,1.42,7.09,11019.0,1078.0,21.66,1.91,5.95,518.0,236.0,4.7,2.09,27.7,31776.0,1649.0,62.47,1.86,3.15,2952.0,523.0,9.29,1.57,10.77,7261.0,641.0,14.27,1.1,5.37,3099.0,414.0,42.68,4.28,8.12,50234.0,2112.0,98.75,5.9,2.56,45251.0,2142.0,90.08,1.96,2.88,4671.0,915.0,9.3,1.78,11.91,312.0,153.0,0.62,0.3,29.81,50868.0,2160.0,100,,2.58,36113.0,1900.0,70.99,2.21,3.2,32289.0,1742.0,63.48,2.11,3.28,3824.0,745.0,7.52,1.43,11.84,14755.0,1312.0,29.01,2.27,5.41,8263.0,834.0,56.0,2.67,6.14,6492.0,968.0,44.0,5.27,9.06,3194.0,691.0,21.65,4.27,13.15,4321.0,669.0,29.28,3.71,9.41,366.0,205.0,2.48,1.37,34.05,18.0,30.0,0.12,0.2,101.32,6847.0,924.0,46.4,4.71,8.2,9.0,13.0,0.06,0.09,87.81,48118.0,1984.0,94.59,5.6,2.51,20504.0,1345.0,42.61,2.17,3.99,9742.0,1105.0,20.25,2.14,6.9,17412.0,1761.0,36.19,3.34,6.15,17090.0,704.0,90.87,1.71,2.5,16227.0,677.0,86.28,1.72,2.54,41035.0,1626.0,80.67,4.69,2.41,25406.0,1554.0,61.91,2.88,3.72,23306.0,1488.0,56.8,2.84,3.88,2077.0,432.0,5.06,1.03,12.64,23.0,32.0,0.06,0.08,84.58,15629.0,1007.0,38.09,1.94,3.92,,,8.18,1.63,12.64,22609.0,1450.0,44.45,2.14,3.9,7697.0,922.0,34.04,3.44,7.28,1416.0,356.0,6.26,1.52,15.28,9825.0,819.0,43.46,2.31,5.07,1581.0,273.0,6.99,1.12,10.5,1283.0,299.0,5.67,1.27,14.17,23306.0,1488.0,45.82,2.18,3.88,36.0,36.0,0.15,0.15,60.79,1528.0,325.0,6.56,1.33,12.93,764.0,256.0,3.28,1.08,20.37,269.0,114.0,1.15,0.48,25.76,2058.0,515.0,8.83,2.14,15.21,1969.0,419.0,8.45,1.71,12.94,443.0,169.0,1.9,0.71,23.19,1628.0,333.0,6.99,1.36,12.43,2906.0,509.0,12.47,2.03,10.65,7050.0,835.0,30.25,3.02,7.2,2476.0,431.0,10.62,1.72,10.58,1015.0,257.0,4.36,1.07,15.39,1164.0,337.0,4.99,1.41,17.6,1331.0,306.0,7.08,1.61,13.98,923.0,236.0,4.91,1.24,15.54,1606.0,374.0,8.54,1.96,14.16,1487.0,458.0,7.91,2.42,18.72,2026.0,392.0,10.77,2.05,11.76,2775.0,381.0,14.76,1.95,8.35,2488.0,385.0,13.23,1.99,9.41,3203.0,444.0,17.03,2.28,8.43,1431.0,331.0,7.61,1.74,14.06,1537.0,351.0,8.17,1.84,13.88,14541.0,743.0,77.32,2.75,3.11,5293.0,538.0,28.14,2.67,6.18,3503.0,416.0,18.63,2.1,7.22,1555.0,326.0,8.27,1.71,12.74,1484.0,395.0,7.89,2.08,16.18,3997.0,517.0,21.25,2.64,7.86,47286.0,2118.0,94.47,1.17,2.72,30376.0,1773.0,60.68,2.39,3.55,22444.0,1865.0,44.84,3.19,5.05,2770.0,559.0,5.53,1.09,12.27,23934.0,1300.0,47.05,1.59,3.3,26934.0,1362.0,52.95,1.45,3.07,2750.0,499.0,5.41,0.95,11.03,3178.0,629.0,6.25,1.21,12.03,3320.0,564.0,6.53,1.07,10.33,2688.0,343.0,5.28,0.64,7.76,2905.0,492.0,5.71,0.94,10.3,8409.0,908.0,16.53,1.64,6.56,6691.0,737.0,13.15,1.34,6.7,6789.0,707.0,13.35,1.27,6.33,3556.0,504.0,6.99,0.95,8.62,2768.0,427.0,5.44,0.81,9.38,4007.0,479.0,7.88,0.88,7.27,2549.0,376.0,5.01,0.71,8.97,1258.0,248.0,2.47,0.48,11.98,11027.0,1080.0,21.68,1.91,5.95,39841.0,1593.0,78.32,4.57,2.43,7814.0,637.0,15.36,1.07,4.96,4314.0,917.0,8.48,1.77,12.92,21074.0,1615.0,41.43,2.64,4.66,5029.0,1052.0,9.89,2.03,12.72,487.0,332.0,0.96,0.65,41.44,6646.0,958.0,13.07,1.8,8.76,0.0,,0.0,,,13318.0,2102.0,26.18,3.98,9.59,25302.0,2214.0,49.74,3.81,5.32,25566.0,1948.0,50.26,3.18,4.63,14286.0,1387.0,28.08,2.45,5.9,3893.0,907.0,7.65,1.75,14.16,60.0,130.0,0.12,0.26,131.71,6493.0,941.0,12.76,1.77,8.81,0.0,,0.0,,,306.0,197.0,0.6,0.39,39.14,528.0,208.0,1.04,0.41,23.95
10462,10462,10462,29806.0,943.0,100,,1.92,9595.0,796.0,32.19,2.47,5.04,19019.0,1518.0,24.63,1.75,4.85,1147.0,452.0,6.03,2.33,23.96,759.0,245.0,3.99,1.25,19.62,7384.0,791.0,38.82,2.77,6.51,4275.0,651.0,22.48,2.92,9.26,5454.0,699.0,28.68,2.88,7.79,51876.0,1794.0,67.17,3.37,2.1,4231.0,519.0,8.16,0.96,7.46,4447.0,546.0,8.57,1.01,7.46,15465.0,1063.0,29.81,1.77,4.18,14416.0,1161.0,27.79,2.02,4.9,58964.0,1951.0,76.35,3.75,2.01,1168.0,292.0,1.98,0.49,15.2,76984.0,2807.0,99.68,0.26,2.22,10328.0,809.0,13.42,0.93,4.76,18255.0,1510.0,23.64,1.76,5.03,1192.0,368.0,6.53,1.94,18.77,49078.0,1832.0,63.55,0.53,2.27,5232.0,532.0,10.66,1.01,6.18,9651.0,670.0,12.5,0.74,4.22,3904.0,456.0,40.45,3.8,7.1,75772.0,2785.0,98.11,0.52,2.23,70480.0,2779.0,93.02,1.33,2.4,4737.0,745.0,6.25,0.96,9.56,555.0,324.0,0.73,0.43,35.49,77230.0,2809.0,100,,2.21,52529.0,2540.0,68.02,2.17,2.94,44667.0,2362.0,57.84,2.22,3.21,7862.0,1033.0,10.18,1.29,7.99,24701.0,1734.0,31.98,1.92,4.27,12921.0,1191.0,52.31,3.12,5.6,11780.0,1154.0,47.69,3.26,5.96,1675.0,334.0,6.78,1.27,12.12,8788.0,937.0,35.58,2.86,6.48,2088.0,528.0,8.45,2.05,15.37,0.0,,0.0,,,12120.0,1198.0,49.07,3.41,6.01,30.0,43.0,0.12,0.17,87.13,71649.0,2608.0,92.77,0.13,2.21,28984.0,2004.0,40.45,2.38,4.2,17483.0,1318.0,24.4,1.61,4.58,26219.0,1800.0,36.59,2.13,4.17,27467.0,994.0,92.15,1.62,2.2,26136.0,970.0,87.69,1.7,2.26,60786.0,2086.0,78.71,3.94,2.09,38794.0,1655.0,63.82,1.62,2.59,35116.0,1606.0,57.77,1.75,2.78,3675.0,543.0,6.05,0.87,8.98,3.0,,0.0,,,21992.0,1248.0,36.18,1.64,3.45,,,9.47,1.34,8.98,34288.0,1589.0,44.4,1.28,2.82,8602.0,875.0,25.09,2.27,6.18,1461.0,320.0,4.26,0.91,13.31,18668.0,1211.0,54.44,2.47,3.94,2009.0,401.0,5.86,1.14,12.13,2609.0,524.0,7.61,1.49,12.21,35116.0,1606.0,45.47,1.26,2.78,38.0,41.0,0.11,0.12,65.59,1887.0,428.0,5.37,1.19,13.79,1592.0,317.0,4.53,0.88,12.1,504.0,207.0,1.44,0.59,24.97,3370.0,477.0,9.6,1.29,8.6,3448.0,503.0,9.82,1.36,8.87,524.0,204.0,1.49,0.58,23.67,2555.0,432.0,7.28,1.18,10.28,3540.0,496.0,10.08,1.34,8.52,11292.0,968.0,32.16,2.33,5.21,3307.0,540.0,9.42,1.48,9.93,1519.0,289.0,4.33,0.8,11.57,1540.0,404.0,4.39,1.13,15.95,2507.0,387.0,8.41,1.27,9.38,1429.0,252.0,4.79,0.83,10.72,2427.0,420.0,8.14,1.39,10.52,2459.0,411.0,8.25,1.35,10.16,2570.0,376.0,8.62,1.23,8.89,6176.0,655.0,20.72,2.1,6.45,4029.0,449.0,13.52,1.44,6.77,5084.0,709.0,17.06,2.32,8.48,1727.0,290.0,5.79,0.96,10.21,1398.0,303.0,4.69,1.01,13.18,23748.0,1022.0,79.68,2.32,2.62,7058.0,654.0,23.68,2.06,5.63,4664.0,483.0,15.65,1.54,6.3,2687.0,363.0,9.01,1.18,8.21,1518.0,265.0,5.09,0.87,10.61,7047.0,650.0,23.64,2.05,5.61,72035.0,2549.0,93.57,4.75,2.15,39216.0,2529.0,50.94,2.71,3.92,39431.0,2179.0,51.22,2.13,3.36,4949.0,827.0,6.43,1.05,10.16,37848.0,1681.0,49.01,1.25,2.7,39382.0,1838.0,50.99,1.49,2.84,5581.0,696.0,7.23,0.86,7.58,4432.0,600.0,5.74,0.75,8.23,5584.0,789.0,7.23,0.99,8.59,4291.0,515.0,5.56,0.64,7.3,5466.0,697.0,7.08,0.87,7.75,13114.0,1077.0,16.98,1.25,4.99,11132.0,910.0,14.41,1.06,4.97,8911.0,816.0,11.54,0.97,5.57,4854.0,552.0,6.29,0.68,6.91,3986.0,441.0,5.16,0.54,6.73,6108.0,642.0,7.91,0.78,6.39,2807.0,416.0,3.63,0.52,9.01,964.0,215.0,1.25,0.27,13.56,18263.0,1510.0,23.65,1.76,5.03,58967.0,1952.0,76.35,3.76,2.01,9879.0,672.0,12.79,0.74,4.14,6640.0,1099.0,8.6,1.39,10.06,12991.0,1121.0,16.82,1.32,5.25,19601.0,1945.0,25.38,2.34,6.03,776.0,444.0,1.0,0.57,34.78,12945.0,1352.0,16.76,1.64,6.35,0.0,,0.0,,,24277.0,2185.0,31.43,2.59,5.47,36434.0,2432.0,47.18,2.64,4.06,40796.0,2190.0,52.82,2.09,3.26,8032.0,812.0,10.4,0.98,6.15,17162.0,1717.0,22.22,2.07,6.08,339.0,251.0,0.44,0.32,45.01,12795.0,1352.0,16.57,1.64,6.42,0.0,,0.0,,,604.0,360.0,0.78,0.47,36.23,1864.0,578.0,2.41,0.74,18.85
10463,10463,10463,29607.0,1062.0,100,,2.18,8469.0,831.0,28.6,2.61,5.96,17171.0,1832.0,24.43,2.39,6.49,1056.0,279.0,6.15,1.49,16.06,760.0,242.0,4.43,1.33,19.36,6899.0,975.0,40.18,3.72,8.59,3604.0,770.0,20.99,3.89,12.99,4852.0,761.0,28.26,3.25,9.53,50071.0,1948.0,71.23,4.1,2.37,3887.0,593.0,7.76,1.15,9.27,4534.0,758.0,9.06,1.47,10.16,9617.0,981.0,19.21,1.81,6.2,21286.0,1176.0,42.51,1.67,3.36,55029.0,1968.0,78.28,4.35,2.17,1950.0,420.0,3.54,0.75,13.09,68568.0,2982.0,97.54,0.92,2.64,11914.0,1313.0,17.38,1.76,6.7,15258.0,1456.0,21.71,1.85,5.8,1130.0,512.0,7.41,3.28,27.54,40397.0,1999.0,57.47,1.46,3.01,6091.0,909.0,15.08,2.12,9.07,12913.0,674.0,18.37,0.56,3.17,4693.0,554.0,36.34,3.85,7.18,69622.0,2993.0,99.04,0.66,2.61,64131.0,2825.0,92.11,0.89,2.68,5302.0,1126.0,7.62,1.58,12.91,189.0,84.0,0.27,0.12,27.02,70296.0,2985.0,100,,2.58,49091.0,2546.0,69.83,2.08,3.15,45410.0,2517.0,64.6,2.3,3.37,3681.0,754.0,5.24,1.05,12.45,21205.0,1692.0,30.17,2.04,4.85,13807.0,1154.0,65.11,1.62,5.08,7398.0,1143.0,34.89,4.62,9.39,3426.0,581.0,16.16,2.42,10.31,2199.0,566.0,10.37,2.54,15.65,942.0,402.0,4.44,1.86,25.94,29.0,36.0,0.14,0.17,75.46,14419.0,1397.0,68.0,3.74,5.89,190.0,110.0,0.9,0.51,35.19,65843.0,2782.0,93.67,5.61,2.57,31014.0,1688.0,47.1,1.62,3.31,13217.0,1319.0,20.07,1.81,6.07,28545.0,2397.0,43.35,3.15,5.1,27260.0,1078.0,92.07,1.53,2.4,26187.0,1070.0,88.45,1.73,2.48,56408.0,1984.0,80.24,4.42,2.14,33233.0,1623.0,58.92,2.0,2.97,30408.0,1617.0,53.91,2.15,3.23,2825.0,603.0,5.01,1.05,12.98,0.0,,0.0,,,23175.0,1263.0,41.08,1.71,3.31,,,8.5,1.77,12.98,29160.0,1561.0,41.48,1.35,3.25,6867.0,794.0,23.55,2.41,7.03,1239.0,314.0,4.25,1.05,15.41,14823.0,1183.0,50.83,3.01,4.85,2092.0,402.0,7.17,1.32,11.68,3240.0,566.0,11.11,1.85,10.62,30408.0,1617.0,43.26,1.38,3.23,20.0,25.0,0.07,0.08,75.99,1240.0,310.0,4.08,1.0,15.2,694.0,272.0,2.28,0.89,23.83,518.0,199.0,1.7,0.65,23.35,1926.0,426.0,6.33,1.36,13.45,1568.0,351.0,5.16,1.12,13.61,930.0,335.0,3.06,1.09,21.9,2738.0,480.0,9.0,1.5,10.66,3217.0,579.0,10.58,1.82,10.94,11655.0,851.0,38.33,1.92,4.44,2752.0,452.0,9.05,1.41,9.98,1523.0,353.0,5.01,1.13,14.09,1627.0,430.0,5.35,1.39,16.07,1624.0,390.0,5.49,1.3,14.6,2296.0,657.0,7.75,2.2,17.4,2494.0,385.0,8.42,1.26,9.38,2449.0,501.0,8.27,1.67,12.44,2820.0,466.0,9.52,1.54,10.05,4557.0,581.0,15.39,1.88,7.75,3465.0,422.0,11.7,1.36,7.4,4582.0,569.0,15.48,1.84,7.55,2166.0,412.0,7.32,1.37,11.56,3154.0,349.0,10.65,1.12,6.73,21704.0,1019.0,73.31,2.22,2.85,10211.0,771.0,34.49,2.29,4.59,7048.0,586.0,23.81,1.79,5.05,2453.0,449.0,8.29,1.49,11.13,1575.0,371.0,5.32,1.24,14.32,6404.0,856.0,21.63,2.79,8.13,65683.0,2953.0,95.79,1.09,2.73,43027.0,2086.0,62.75,1.34,2.95,32334.0,2346.0,47.16,2.74,4.41,2885.0,505.0,4.21,0.71,10.64,32104.0,1934.0,45.67,1.95,3.66,38192.0,1966.0,54.33,1.58,3.13,4453.0,676.0,6.33,0.92,9.23,3468.0,662.0,4.93,0.92,11.6,4614.0,636.0,6.56,0.86,8.38,3783.0,569.0,5.38,0.78,9.14,3907.0,780.0,5.56,1.08,12.14,8928.0,1108.0,12.7,1.48,7.54,8739.0,938.0,12.43,1.23,6.52,9243.0,856.0,13.15,1.08,5.63,4565.0,642.0,6.49,0.87,8.55,4329.0,757.0,6.16,1.04,10.63,8100.0,598.0,11.52,0.7,4.49,4127.0,422.0,5.87,0.55,6.22,2040.0,323.0,2.9,0.44,9.63,15267.0,1456.0,21.72,1.85,5.8,55029.0,1968.0,78.28,4.35,2.17,14267.0,672.0,20.3,0.41,2.86,8921.0,1419.0,12.69,1.95,9.67,29139.0,2293.0,41.45,2.75,4.78,10914.0,1646.0,15.53,2.25,9.17,1097.0,452.0,1.56,0.64,25.05,2738.0,611.0,3.89,0.85,13.57,0.0,,0.0,,,17487.0,1743.0,24.88,2.24,6.06,36790.0,2565.0,52.34,2.89,4.24,33506.0,1697.0,47.66,1.32,3.08,19693.0,1486.0,28.01,1.75,4.59,8537.0,1316.0,12.14,1.8,9.37,347.0,317.0,0.49,0.45,55.53,2606.0,592.0,3.71,0.83,13.81,0.0,,0.0,,,635.0,227.0,0.9,0.32,21.73,1688.0,497.0,2.4,0.7,17.9
10464,10464,"10464, 10803",1990.0,267.0,100,,8.16,374.0,196.0,18.79,9.52,31.86,898.0,538.0,20.92,11.91,36.42,0.0,,0.0,,,105.0,149.0,11.69,15.04,86.26,422.0,257.0,46.99,5.14,37.02,59.0,61.0,6.57,5.54,62.85,312.0,191.0,34.74,4.37,37.21,3468.0,656.0,80.8,2.49,11.5,29.0,33.0,0.84,0.94,69.18,135.0,117.0,3.89,3.29,52.68,711.0,269.0,20.5,6.72,23.0,1886.0,523.0,54.38,11.03,16.86,3649.0,656.0,85.02,22.03,10.93,290.0,172.0,7.95,4.49,36.05,4292.0,801.0,100.0,0.0,11.35,1152.0,390.0,26.84,7.58,20.58,643.0,366.0,14.98,8.06,34.6,154.0,209.0,23.95,29.51,82.5,2409.0,658.0,56.13,11.19,16.6,314.0,160.0,13.03,5.61,30.98,1240.0,353.0,28.89,6.21,17.31,684.0,354.0,55.16,23.84,31.46,4292.0,801.0,100.0,0.0,11.35,4085.0,853.0,95.18,8.91,12.69,207.0,148.0,4.82,3.33,43.46,0.0,,0.0,,,4292.0,801.0,100,,11.35,3239.0,718.0,75.47,9.03,13.48,3041.0,654.0,70.85,7.57,13.07,198.0,200.0,4.61,4.58,61.4,1053.0,328.0,24.53,6.12,18.94,546.0,200.0,51.85,9.99,22.27,507.0,369.0,48.15,31.67,44.24,505.0,207.0,47.96,12.78,24.92,105.0,57.0,9.97,4.43,33.0,14.0,23.0,1.33,2.14,99.87,0.0,,0.0,,,360.0,303.0,34.19,26.73,51.17,69.0,90.0,6.55,8.3,79.29,4217.0,803.0,98.25,3.72,11.58,2711.0,693.0,64.29,10.96,15.54,262.0,210.0,6.21,4.84,48.73,853.0,447.0,20.23,9.88,31.86,1916.0,278.0,96.28,5.32,8.82,1755.0,299.0,88.19,9.26,10.36,3649.0,656.0,85.02,22.03,10.93,2174.0,625.0,59.58,13.37,17.48,2002.0,484.0,54.86,8.87,14.7,172.0,197.0,4.71,5.33,69.63,0.0,,0.0,,,1475.0,366.0,40.42,6.91,15.08,,,7.91,8.77,69.63,2002.0,484.0,46.64,7.17,14.7,1015.0,281.0,50.7,6.84,16.83,275.0,235.0,13.74,11.26,51.95,413.0,145.0,20.63,5.25,21.34,216.0,162.0,10.79,7.66,45.59,83.0,70.0,4.15,3.35,51.27,2002.0,484.0,46.64,7.17,14.7,0.0,,0.0,,,320.0,244.0,15.98,11.56,46.35,37.0,42.0,1.85,2.05,69.01,86.0,61.0,4.3,2.86,43.12,98.0,106.0,4.9,5.16,65.75,28.0,40.0,1.4,1.97,86.84,45.0,45.0,2.25,2.18,60.79,285.0,208.0,14.24,9.8,44.37,160.0,95.0,7.99,4.33,36.09,564.0,220.0,28.17,8.62,23.71,231.0,159.0,11.54,7.44,41.84,7.0,16.0,0.35,0.79,138.95,141.0,146.0,7.04,7.09,62.95,81.0,64.0,4.07,3.17,48.03,0.0,,0.0,,,70.0,73.0,3.52,3.64,63.4,170.0,149.0,8.54,7.4,53.28,181.0,133.0,9.1,6.57,44.67,158.0,96.0,7.94,4.71,36.94,135.0,108.0,6.78,5.35,48.63,356.0,172.0,17.89,8.3,29.37,225.0,205.0,11.31,10.19,55.39,614.0,231.0,30.85,10.84,22.87,1418.0,287.0,71.26,10.8,12.3,815.0,236.0,40.95,10.51,17.6,712.0,219.0,35.78,9.9,18.7,45.0,54.0,2.26,2.7,72.95,0.0,,0.0,,,158.0,127.0,7.94,6.29,48.86,4027.0,823.0,93.83,7.82,12.42,3390.0,878.0,78.98,14.18,15.74,1680.0,479.0,39.14,8.44,17.33,265.0,127.0,6.17,2.73,29.13,2115.0,448.0,49.28,4.94,12.88,2177.0,468.0,50.72,5.41,13.07,75.0,80.0,1.75,1.84,64.84,329.0,301.0,7.67,6.87,55.62,191.0,209.0,4.45,4.8,66.52,147.0,115.0,3.42,2.6,47.56,82.0,53.0,1.91,1.18,39.29,639.0,262.0,14.89,5.44,24.92,439.0,160.0,10.23,3.2,22.16,872.0,417.0,20.32,8.95,29.07,165.0,75.0,3.84,1.59,27.63,113.0,79.0,2.63,1.77,42.5,431.0,158.0,10.04,3.17,22.29,682.0,343.0,15.89,7.42,30.57,127.0,97.0,2.96,2.19,46.43,643.0,366.0,14.98,8.06,34.6,3649.0,656.0,85.02,22.03,10.93,1240.0,353.0,28.89,6.21,17.31,229.0,226.0,5.34,5.17,59.99,3293.0,732.0,76.72,9.27,13.51,66.0,77.0,1.54,1.77,70.92,0.0,,0.0,,,105.0,57.0,2.45,1.25,33.0,0.0,,0.0,,,599.0,397.0,13.96,8.88,40.29,1240.0,595.0,28.89,12.77,29.17,3052.0,627.0,71.11,6.11,12.49,2842.0,626.0,66.22,7.75,13.39,31.0,50.0,0.72,1.16,98.05,0.0,,0.0,,,105.0,57.0,2.45,1.25,33.0,0.0,,0.0,,,74.0,61.0,1.72,1.38,50.11,0.0,,0.0,,
10465,10465,10465,16168.0,703.0,100,,2.64,5405.0,463.0,33.43,2.47,5.21,12832.0,1107.0,27.71,1.93,5.24,1095.0,265.0,8.53,1.93,14.71,319.0,138.0,2.49,1.05,26.3,4058.0,700.0,31.62,4.72,10.49,2443.0,450.0,19.04,3.1,11.2,4917.0,721.0,38.32,4.54,8.91,31189.0,1628.0,67.35,0.71,3.17,2272.0,397.0,7.28,1.21,10.62,2171.0,415.0,6.96,1.28,11.62,8392.0,713.0,26.91,1.8,5.16,9133.0,947.0,29.28,2.62,6.3,36001.0,1893.0,77.74,0.95,3.2,1228.0,280.0,3.41,0.76,13.86,45864.0,2369.0,99.03,0.72,3.14,9229.0,1166.0,20.12,2.32,7.68,10286.0,1016.0,22.21,1.88,6.0,388.0,221.0,3.77,2.12,34.63,28518.0,1758.0,61.58,2.12,3.75,5533.0,1017.0,19.4,3.36,11.17,7060.0,556.0,15.24,0.91,4.79,3308.0,483.0,46.86,5.76,8.88,45647.0,2307.0,98.57,7.09,3.07,42557.0,2320.0,93.23,1.91,3.31,2571.0,433.0,5.63,0.9,10.24,519.0,427.0,1.14,0.93,50.01,46311.0,2368.0,100,,3.11,38331.0,2165.0,82.77,1.99,3.43,36007.0,2035.0,77.75,1.87,3.44,2324.0,424.0,5.02,0.88,11.09,7980.0,995.0,17.23,1.96,7.58,5272.0,831.0,66.07,6.37,9.58,2708.0,581.0,33.93,5.92,13.04,1550.0,346.0,19.42,3.6,13.57,1619.0,562.0,20.29,6.57,21.1,292.0,160.0,3.66,1.95,33.31,0.0,,0.0,,,4458.0,848.0,55.86,8.03,11.56,61.0,67.0,0.76,0.83,66.77,43043.0,2259.0,92.94,1.1,3.19,25350.0,1623.0,58.89,2.16,3.89,4706.0,689.0,10.93,1.49,8.9,13131.0,1693.0,30.51,3.59,7.84,14988.0,757.0,92.7,2.38,3.07,14458.0,755.0,89.42,2.59,3.17,37399.0,1947.0,80.76,0.79,3.16,22277.0,1526.0,59.57,2.65,4.16,20694.0,1468.0,55.33,2.67,4.31,1559.0,347.0,4.17,0.9,13.53,24.0,35.0,0.06,0.09,88.65,15122.0,1080.0,40.43,1.98,4.34,,,7.0,1.48,13.53,20315.0,1467.0,43.87,2.24,4.39,10397.0,1131.0,51.18,4.16,6.61,1416.0,502.0,6.97,2.42,21.55,5531.0,867.0,27.23,3.79,9.53,650.0,196.0,3.2,0.94,18.33,1805.0,403.0,8.89,1.88,13.57,20694.0,1468.0,44.68,2.2,4.31,45.0,45.0,0.22,0.22,60.79,1171.0,418.0,5.66,1.98,21.7,797.0,309.0,3.85,1.47,23.57,354.0,173.0,1.71,0.83,29.71,1261.0,328.0,6.09,1.52,15.81,1709.0,342.0,8.26,1.55,12.17,343.0,112.0,1.66,0.53,19.85,1614.0,493.0,7.8,2.32,18.57,2043.0,343.0,9.87,1.5,10.21,7207.0,639.0,34.83,1.85,5.39,1796.0,533.0,8.68,2.5,18.04,1015.0,296.0,4.9,1.39,17.73,1339.0,297.0,6.47,1.36,13.48,1252.0,394.0,7.74,2.41,19.13,727.0,221.0,4.5,1.35,18.48,952.0,249.0,5.89,1.52,15.9,984.0,268.0,6.09,1.64,16.56,1505.0,340.0,9.31,2.06,13.73,1941.0,324.0,12.01,1.93,10.15,1736.0,284.0,10.74,1.69,9.94,2528.0,341.0,15.64,2.0,8.2,2358.0,487.0,14.58,2.94,12.56,2185.0,299.0,13.51,1.75,8.32,11956.0,715.0,73.95,3.04,3.64,5539.0,494.0,34.26,2.67,5.42,3814.0,353.0,23.59,1.93,5.63,1244.0,290.0,7.69,1.76,14.17,649.0,213.0,4.01,1.31,19.95,2744.0,495.0,16.97,2.97,10.97,44364.0,2283.0,96.73,7.05,3.13,33466.0,2038.0,72.97,2.35,3.7,17708.0,1446.0,38.61,2.44,4.96,1500.0,356.0,3.27,0.76,14.43,22534.0,1329.0,48.66,1.43,3.59,23777.0,1438.0,51.34,1.66,3.68,3268.0,526.0,7.06,1.08,9.78,2118.0,414.0,4.57,0.86,11.88,3034.0,594.0,6.55,1.24,11.9,3554.0,664.0,7.67,1.38,11.36,3148.0,518.0,6.8,1.06,10.0,6589.0,968.0,14.23,1.96,8.93,5504.0,530.0,11.88,0.97,5.85,6044.0,768.0,13.05,1.52,7.72,3235.0,683.0,6.99,1.43,12.83,2371.0,382.0,5.12,0.78,9.79,3472.0,375.0,7.5,0.71,6.57,2605.0,445.0,5.63,0.92,10.38,1369.0,303.0,2.96,0.64,13.45,10286.0,1016.0,22.21,1.88,6.0,36025.0,1895.0,77.79,0.96,3.2,7446.0,554.0,16.08,0.87,4.52,5950.0,1613.0,12.85,3.42,16.48,22150.0,1380.0,47.83,1.7,3.79,7193.0,1271.0,15.53,2.63,10.74,57.0,51.0,0.12,0.11,54.39,2286.0,857.0,4.94,1.83,22.79,126.0,195.0,0.27,0.42,94.08,8549.0,1279.0,18.46,2.6,9.09,21668.0,2085.0,46.79,3.81,5.85,24643.0,1666.0,53.21,2.35,4.11,16654.0,1203.0,35.96,1.83,4.39,4684.0,963.0,10.11,2.01,12.5,5.0,10.0,0.01,0.02,121.58,1959.0,652.0,4.23,1.39,20.23,0.0,,0.0,,,353.0,291.0,0.76,0.63,50.11,988.0,481.0,2.13,1.03,29.6
10466,10466,10466,24622.0,984.0,100,,2.43,9340.0,832.0,37.93,3.02,5.42,19614.0,1732.0,27.14,2.02,5.37,838.0,294.0,4.27,1.45,21.33,817.0,260.0,4.17,1.27,19.35,7824.0,1055.0,39.89,4.06,8.2,3985.0,627.0,20.32,2.65,9.56,6150.0,903.0,31.36,3.68,8.93,48817.0,2172.0,67.55,4.4,2.7,3544.0,757.0,7.26,1.52,12.98,5969.0,784.0,12.23,1.51,7.98,15327.0,1360.0,31.4,2.41,5.39,11839.0,1120.0,24.25,2.02,5.75,55361.0,2486.0,76.6,5.01,2.73,817.0,210.0,1.48,0.37,15.63,71764.0,3438.0,99.3,0.63,2.91,10863.0,1256.0,15.14,1.59,7.03,16823.0,1550.0,23.28,1.84,5.6,1632.0,499.0,9.7,2.83,18.59,44532.0,2407.0,61.62,1.59,3.29,5885.0,953.0,13.22,2.02,9.84,10409.0,987.0,14.4,1.18,5.76,3346.0,493.0,32.15,3.63,8.96,71457.0,3415.0,98.87,0.53,2.91,64813.0,2980.0,90.7,6.02,2.8,5894.0,1780.0,8.25,2.46,18.36,750.0,377.0,1.05,0.53,30.56,72273.0,3432.0,100,,2.89,42275.0,2496.0,58.49,2.05,3.59,38005.0,2426.0,52.59,2.24,3.88,4270.0,965.0,5.91,1.31,13.74,29998.0,1901.0,41.51,1.74,3.85,19505.0,1632.0,65.02,3.55,5.09,10493.0,1244.0,34.98,3.5,7.21,395.0,157.0,1.32,0.52,24.16,1128.0,555.0,3.76,1.83,29.91,3759.0,910.0,12.53,2.93,14.72,0.0,,0.0,,,24634.0,1737.0,82.12,2.54,4.29,82.0,78.0,0.27,0.26,57.82,67880.0,3213.0,93.92,6.3,2.88,44503.0,2856.0,65.56,2.84,3.9,7781.0,1161.0,11.46,1.62,9.07,14864.0,2098.0,21.9,2.91,8.58,22959.0,988.0,93.25,1.49,2.62,20585.0,971.0,83.6,2.09,2.87,57375.0,2596.0,79.39,5.21,2.75,34234.0,1874.0,59.67,1.84,3.33,30692.0,1700.0,53.49,1.71,3.37,3496.0,723.0,6.09,1.23,12.57,46.0,60.0,0.08,0.1,79.29,23141.0,2040.0,40.33,3.05,5.36,,,10.21,2.04,12.57,29795.0,1697.0,41.23,1.3,3.46,10829.0,1076.0,36.35,2.96,6.04,2579.0,576.0,8.66,1.87,13.58,12565.0,1093.0,42.17,2.77,5.29,1231.0,363.0,4.13,1.2,17.93,1691.0,391.0,5.68,1.27,14.06,30692.0,1700.0,42.47,1.21,3.37,31.0,51.0,0.1,0.17,100.01,1728.0,370.0,5.63,1.16,13.02,515.0,188.0,1.68,0.61,22.19,541.0,234.0,1.76,0.76,26.29,2594.0,434.0,8.45,1.33,10.17,2546.0,417.0,8.3,1.28,9.96,445.0,219.0,1.45,0.71,29.92,1892.0,345.0,6.16,1.07,11.08,2686.0,595.0,8.75,1.88,13.47,12772.0,1136.0,41.61,2.9,5.41,2271.0,542.0,7.4,1.72,14.51,1763.0,498.0,5.74,1.59,17.17,908.0,300.0,2.96,0.96,20.08,2146.0,546.0,8.72,2.19,15.47,1829.0,400.0,7.43,1.6,13.29,2528.0,633.0,10.27,2.54,15.22,1483.0,364.0,6.02,1.46,14.92,2528.0,502.0,10.27,2.0,12.07,3503.0,611.0,14.23,2.42,10.6,3045.0,464.0,12.37,1.82,9.26,3514.0,575.0,14.27,2.26,9.95,1985.0,340.0,8.06,1.34,10.41,2061.0,436.0,8.37,1.74,12.86,18753.0,850.0,76.16,1.63,2.76,7721.0,704.0,31.36,2.57,5.54,4928.0,492.0,20.01,1.83,6.07,2437.0,396.0,9.9,1.56,9.88,2140.0,495.0,8.69,1.98,14.06,6774.0,625.0,27.51,2.29,5.61,65316.0,3155.0,91.01,0.56,2.94,38350.0,2647.0,53.44,2.66,4.2,34725.0,2344.0,48.39,2.3,4.1,6448.0,1259.0,8.99,1.7,11.87,32005.0,2091.0,44.28,1.99,3.97,40268.0,2130.0,55.72,1.3,3.22,4393.0,742.0,6.08,0.99,10.27,4261.0,700.0,5.9,0.93,9.99,5512.0,818.0,7.63,1.07,9.02,4555.0,547.0,6.3,0.7,7.3,4735.0,901.0,6.55,1.21,11.57,10391.0,1158.0,14.38,1.45,6.77,8388.0,710.0,11.61,0.81,5.15,9951.0,1096.0,13.77,1.37,6.7,4907.0,772.0,6.79,1.02,9.56,4514.0,515.0,6.25,0.65,6.94,6364.0,777.0,8.81,0.99,7.42,3093.0,565.0,4.28,0.75,11.1,1209.0,371.0,1.67,0.51,18.65,16866.0,1550.0,23.34,1.84,5.59,55407.0,2481.0,76.66,5.0,2.72,10666.0,982.0,14.76,1.16,5.6,4719.0,1060.0,6.53,1.43,13.65,6019.0,1217.0,8.33,1.64,12.29,46408.0,3038.0,64.21,2.89,3.98,346.0,225.0,0.48,0.31,39.53,1872.0,785.0,2.59,1.08,25.49,10.0,22.0,0.01,0.03,133.74,12899.0,2050.0,17.85,2.71,9.66,21217.0,2635.0,29.36,3.37,7.55,51056.0,3241.0,70.64,2.98,3.86,1869.0,440.0,2.59,0.6,14.31,43221.0,2936.0,59.8,2.9,4.13,225.0,149.0,0.31,0.21,40.26,1872.0,785.0,2.59,1.08,25.49,0.0,,0.0,,,2190.0,763.0,3.03,1.05,21.18,1679.0,663.0,2.32,0.91,24.0
10467,10467,10467,38433.0,1131.0,100,,1.79,12304.0,957.0,32.01,2.3,4.73,26126.0,1952.0,26.47,1.67,4.54,1745.0,360.0,6.68,1.28,12.54,1473.0,342.0,5.64,1.24,14.11,10671.0,1177.0,40.84,3.31,6.71,5385.0,819.0,20.61,2.73,9.25,6852.0,833.0,26.23,2.52,7.39,66270.0,2325.0,67.13,3.56,2.13,8117.0,1146.0,12.25,1.68,8.58,8741.0,921.0,13.19,1.31,6.41,19041.0,1196.0,28.73,1.5,3.82,14283.0,1156.0,21.55,1.57,4.92,75337.0,2749.0,76.32,4.12,2.22,1591.0,280.0,2.11,0.36,10.7,97496.0,3925.0,98.77,0.6,2.45,14215.0,1236.0,14.58,1.12,5.29,23321.0,1871.0,23.63,1.65,4.88,1107.0,282.0,4.75,1.15,15.49,62899.0,2597.0,63.72,0.7,2.51,8218.0,947.0,13.07,1.41,7.01,11276.0,859.0,11.42,0.74,4.63,4890.0,747.0,43.37,5.74,9.29,97442.0,3777.0,98.71,5.48,2.36,87885.0,3281.0,90.19,4.85,2.27,8799.0,1410.0,9.03,1.4,9.74,758.0,428.0,0.78,0.44,34.32,98713.0,3929.0,100,,2.42,60412.0,2769.0,61.2,1.39,2.79,53418.0,2585.0,54.11,1.49,2.94,6994.0,937.0,7.09,0.91,8.14,38301.0,2357.0,38.8,1.82,3.74,19284.0,1275.0,50.35,1.22,4.02,19017.0,1855.0,49.65,3.76,5.93,3009.0,680.0,7.86,1.71,13.74,4435.0,610.0,11.58,1.42,8.36,2736.0,583.0,7.14,1.46,12.95,0.0,,0.0,,,28109.0,1933.0,73.39,2.25,4.18,12.0,16.0,0.03,0.04,81.05,92372.0,3646.0,93.58,5.25,2.4,37872.0,2297.0,41.0,1.89,3.69,25042.0,1983.0,27.11,1.86,4.81,42160.0,2747.0,45.64,2.37,3.96,35008.0,1106.0,91.09,1.05,1.92,32089.0,1208.0,83.49,1.96,2.29,77670.0,2868.0,78.68,4.27,2.24,47243.0,2007.0,60.83,1.28,2.58,42010.0,1913.0,54.09,1.44,2.77,5196.0,685.0,6.69,0.85,8.01,37.0,55.0,0.05,0.07,90.36,30427.0,1710.0,39.17,1.66,3.42,,,11.0,1.37,8.01,40602.0,1961.0,41.13,1.13,2.94,8650.0,796.0,21.3,1.67,5.59,1827.0,437.0,4.5,1.05,14.54,23596.0,1578.0,58.12,2.69,4.07,3192.0,492.0,7.86,1.15,9.37,2303.0,414.0,5.67,0.98,10.93,42010.0,1913.0,42.56,0.94,2.77,17.0,30.0,0.04,0.07,107.28,2051.0,450.0,4.88,1.05,13.34,1179.0,308.0,2.81,0.72,15.88,597.0,207.0,1.42,0.49,21.08,4047.0,659.0,9.63,1.51,9.9,3895.0,732.0,9.27,1.69,11.42,519.0,156.0,1.24,0.37,18.27,2033.0,379.0,4.84,0.87,11.33,4177.0,526.0,9.94,1.17,7.66,15150.0,994.0,36.06,1.7,3.99,4972.0,688.0,11.84,1.55,8.41,2452.0,427.0,5.84,0.98,10.59,921.0,206.0,2.19,0.48,13.6,4438.0,568.0,11.55,1.44,7.78,3325.0,681.0,8.65,1.75,12.45,4064.0,608.0,10.57,1.55,9.09,3617.0,560.0,9.41,1.43,9.41,4919.0,561.0,12.8,1.41,6.93,6407.0,701.0,16.67,1.76,6.65,4258.0,587.0,11.08,1.49,8.38,4210.0,522.0,10.95,1.32,7.54,1998.0,339.0,5.2,0.87,10.31,1197.0,210.0,3.11,0.54,10.66,28078.0,1078.0,73.06,1.8,2.33,9254.0,690.0,24.08,1.65,4.53,5549.0,642.0,14.44,1.62,7.03,4052.0,474.0,10.54,1.19,7.11,3155.0,474.0,8.21,1.21,9.13,13161.0,918.0,34.24,2.17,4.24,88842.0,3507.0,91.12,5.14,2.4,45398.0,2570.0,46.56,1.85,3.44,54112.0,2946.0,55.5,2.03,3.31,8654.0,1284.0,8.88,1.27,9.02,46807.0,2341.0,47.42,1.44,3.04,51906.0,2342.0,52.58,1.12,2.74,6341.0,796.0,6.42,0.76,7.63,6625.0,876.0,6.71,0.85,8.04,6864.0,923.0,6.95,0.89,8.17,6197.0,745.0,6.28,0.71,7.31,6416.0,814.0,6.5,0.78,7.71,15427.0,1245.0,15.63,1.1,4.91,13523.0,1214.0,13.7,1.1,5.46,12798.0,998.0,12.96,0.87,4.74,7114.0,818.0,7.21,0.78,6.99,5307.0,520.0,5.38,0.48,5.96,7228.0,698.0,7.32,0.64,5.87,3435.0,443.0,3.48,0.43,7.84,1438.0,264.0,1.46,0.26,11.16,23339.0,1869.0,23.64,1.64,4.87,75374.0,2749.0,76.36,4.12,2.22,12101.0,846.0,12.26,0.7,4.25,10198.0,1552.0,10.33,1.52,9.25,18732.0,1832.0,18.98,1.7,5.95,31581.0,2045.0,31.99,1.63,3.94,1062.0,478.0,1.08,0.48,27.36,6256.0,911.0,6.34,0.89,8.85,38.0,61.0,0.04,0.06,97.58,30846.0,2798.0,31.25,2.55,5.51,52267.0,3028.0,52.95,2.23,3.52,46446.0,2336.0,47.05,1.45,3.06,8583.0,1071.0,8.69,1.03,7.59,28247.0,1965.0,28.62,1.63,4.23,517.0,379.0,0.52,0.38,44.56,6098.0,889.0,6.18,0.87,8.86,33.0,60.0,0.03,0.06,110.53,673.0,267.0,0.68,0.27,24.12,2295.0,804.0,2.32,0.81,21.3
10468,10468,10468,28228.0,1367.0,100,,2.94,10998.0,907.0,38.96,2.6,5.01,21401.0,1500.0,26.29,1.39,4.26,1873.0,491.0,8.75,2.21,15.94,1199.0,354.0,5.6,1.61,17.95,9216.0,1034.0,43.06,3.77,6.82,4752.0,668.0,22.2,2.71,8.55,4361.0,630.0,20.38,2.57,8.78,52353.0,2552.0,64.32,1.06,2.96,7373.0,870.0,14.08,1.51,7.17,7432.0,925.0,14.2,1.63,7.57,16033.0,1452.0,30.62,2.34,5.51,7880.0,786.0,15.05,1.31,6.06,59809.0,2754.0,73.48,0.31,2.8,968.0,433.0,1.62,0.72,27.19,80507.0,3732.0,98.91,0.68,2.82,9829.0,1179.0,12.21,1.35,7.29,21496.0,1923.0,26.41,2.03,5.44,942.0,459.0,4.38,2.1,29.62,50482.0,2502.0,62.02,1.17,3.01,5377.0,902.0,10.65,1.71,10.2,8529.0,918.0,10.48,1.02,6.54,3510.0,537.0,41.15,4.47,9.3,80259.0,3635.0,98.6,6.35,2.75,72806.0,3732.0,90.71,2.18,3.12,6820.0,1591.0,8.5,1.94,14.18,633.0,202.0,0.79,0.25,19.4,81397.0,3732.0,100,,2.79,43727.0,2874.0,53.72,2.53,4.0,38396.0,2723.0,47.17,2.55,4.31,5331.0,887.0,6.55,1.05,10.11,37670.0,2454.0,46.28,2.14,3.96,16377.0,1396.0,43.47,2.39,5.18,21293.0,2024.0,56.53,3.91,5.78,851.0,281.0,2.26,0.73,20.07,1562.0,538.0,4.15,1.4,20.94,2218.0,834.0,5.89,2.18,22.86,0.0,,0.0,,,33007.0,2520.0,87.62,3.49,4.64,32.0,41.0,0.08,0.11,77.89,74726.0,3210.0,91.8,5.77,2.61,15410.0,1702.0,20.62,2.1,6.71,30781.0,2436.0,41.19,2.74,4.81,53330.0,3152.0,71.37,2.9,3.59,26402.0,1358.0,93.53,1.62,3.13,24730.0,1420.0,87.61,2.7,3.49,61922.0,2779.0,76.07,4.88,2.73,38532.0,2041.0,62.23,1.75,3.22,33986.0,1974.0,54.89,2.02,3.53,4470.0,630.0,7.22,0.96,8.57,76.0,47.0,0.12,0.08,37.59,23390.0,1428.0,37.77,1.56,3.71,,,11.6,1.52,8.57,31948.0,1896.0,39.25,1.48,3.61,4522.0,770.0,14.15,2.26,10.35,759.0,255.0,2.38,0.79,20.42,21209.0,1547.0,66.39,2.82,4.43,2398.0,463.0,7.51,1.38,11.74,2273.0,531.0,7.11,1.61,14.2,33986.0,1974.0,41.75,1.49,3.53,38.0,50.0,0.11,0.15,79.99,1781.0,476.0,5.24,1.37,16.25,1297.0,509.0,3.82,1.48,23.86,501.0,253.0,1.47,0.74,30.7,4028.0,611.0,11.85,1.66,9.22,2604.0,464.0,7.66,1.29,10.83,303.0,140.0,0.89,0.41,28.09,2465.0,645.0,7.25,1.85,15.91,3011.0,508.0,8.86,1.4,10.26,9908.0,971.0,29.15,2.3,5.96,4758.0,855.0,14.0,2.38,10.92,2253.0,454.0,6.63,1.28,12.25,1039.0,407.0,3.06,1.18,23.81,3509.0,839.0,12.43,2.91,14.53,2772.0,436.0,9.82,1.47,9.56,2971.0,578.0,10.53,1.98,11.83,2604.0,624.0,9.22,2.16,14.57,3545.0,573.0,12.56,1.94,9.83,4691.0,684.0,16.62,2.29,8.86,3427.0,534.0,12.14,1.8,9.47,3435.0,653.0,12.17,2.24,11.56,726.0,171.0,2.57,0.59,14.32,548.0,166.0,1.94,0.58,18.41,20855.0,1077.0,73.88,1.33,3.14,6967.0,896.0,24.68,2.94,7.82,3492.0,792.0,12.37,2.74,13.79,3002.0,507.0,10.63,1.72,10.27,2516.0,659.0,8.91,2.29,15.92,11790.0,1187.0,41.77,3.69,6.12,73136.0,3430.0,90.84,0.65,2.85,30466.0,2452.0,37.84,2.49,4.89,51906.0,3153.0,64.47,2.53,3.69,7371.0,1265.0,9.16,1.51,10.43,39976.0,2161.0,49.11,1.41,3.29,41421.0,2331.0,50.89,1.66,3.42,6671.0,1143.0,8.2,1.35,10.42,5292.0,776.0,6.5,0.91,8.91,6148.0,791.0,7.55,0.91,7.82,5521.0,740.0,6.78,0.85,8.15,5412.0,704.0,6.65,0.81,7.91,13595.0,1105.0,16.7,1.12,4.94,10916.0,1180.0,13.41,1.31,6.57,9519.0,1133.0,11.69,1.28,7.24,5010.0,586.0,6.16,0.66,7.11,4209.0,544.0,5.17,0.62,7.86,5299.0,604.0,6.51,0.68,6.93,2815.0,612.0,3.46,0.73,13.22,990.0,379.0,1.22,0.46,23.27,21512.0,1926.0,26.43,2.03,5.44,59885.0,2756.0,73.57,0.29,2.8,9104.0,912.0,11.18,1.0,6.09,10666.0,1742.0,13.1,2.05,9.93,10404.0,1607.0,12.78,1.89,9.39,19491.0,2341.0,23.95,2.66,7.3,734.0,574.0,0.9,0.7,47.54,1873.0,580.0,2.3,0.7,18.82,249.0,266.0,0.31,0.33,64.94,37980.0,3433.0,46.66,3.63,5.49,63467.0,3482.0,77.97,2.35,3.34,17930.0,1900.0,22.03,2.1,6.44,2514.0,490.0,3.09,0.59,11.85,12714.0,1702.0,15.62,1.96,8.14,38.0,59.0,0.05,0.07,94.38,1859.0,581.0,2.28,0.71,19.0,0.0,,0.0,,,430.0,189.0,0.53,0.23,26.72,375.0,169.0,0.46,0.21,27.4
10469,10469,10469,23337.0,1101.0,100,,2.87,8389.0,661.0,35.95,2.27,4.79,17481.0,1266.0,24.33,1.41,4.4,955.0,237.0,5.46,1.3,15.09,748.0,277.0,4.28,1.55,22.51,6437.0,796.0,36.82,3.69,7.52,4240.0,700.0,24.25,3.6,10.04,5101.0,487.0,29.18,1.82,5.8,49816.0,2305.0,69.32,1.1,2.81,3662.0,438.0,7.35,0.81,7.27,5032.0,764.0,10.1,1.46,9.23,13811.0,1213.0,27.72,2.07,5.34,14041.0,1233.0,28.19,2.1,5.34,55856.0,2361.0,77.73,4.71,2.57,1507.0,311.0,2.7,0.54,12.55,69760.0,3108.0,97.07,0.96,2.71,8368.0,839.0,12.0,1.08,6.1,15911.0,1465.0,22.14,1.8,5.6,623.0,205.0,3.92,1.24,20.0,43250.0,2020.0,60.18,1.03,2.84,4436.0,557.0,10.26,1.2,7.63,10599.0,1288.0,14.75,1.67,7.39,3309.0,512.0,31.22,2.99,9.41,71389.0,3094.0,99.34,6.1,2.63,65874.0,3084.0,92.27,1.63,2.85,5135.0,1046.0,7.19,1.43,12.38,380.0,133.0,0.53,0.18,21.28,71862.0,3122.0,100,,2.64,45098.0,2507.0,62.76,2.18,3.38,40098.0,2187.0,55.8,1.84,3.32,5000.0,1088.0,6.96,1.48,13.23,26764.0,2036.0,37.24,2.33,4.62,17993.0,1654.0,67.23,3.47,5.59,8771.0,1429.0,32.77,4.72,9.9,1429.0,354.0,5.34,1.26,15.06,2745.0,610.0,10.26,2.14,13.51,3320.0,628.0,12.4,2.15,11.5,0.0,,0.0,,,19115.0,1861.0,71.42,4.34,5.92,155.0,137.0,0.58,0.51,53.73,67379.0,2841.0,93.76,5.68,2.56,42521.0,2622.0,63.11,2.84,3.75,8474.0,937.0,12.58,1.29,6.72,14936.0,1601.0,22.17,2.18,6.52,21733.0,1023.0,93.13,6.21,2.86,20176.0,992.0,86.45,1.2,2.99,58164.0,2398.0,80.94,4.85,2.51,34525.0,1880.0,59.36,2.11,3.31,31582.0,1913.0,54.3,2.41,3.68,2885.0,523.0,4.96,0.88,11.02,58.0,91.0,0.1,0.16,95.38,23639.0,1582.0,40.64,2.14,4.07,,,8.36,1.44,11.02,30409.0,1901.0,42.32,1.9,3.8,12700.0,1216.0,41.76,3.03,5.82,2190.0,451.0,7.2,1.41,12.52,12186.0,1290.0,40.07,3.42,6.44,1229.0,356.0,4.04,1.14,17.61,1383.0,286.0,4.55,0.9,12.57,31582.0,1913.0,43.95,1.86,3.68,6.0,9.0,0.02,0.03,91.19,1695.0,413.0,5.37,1.27,14.81,1086.0,254.0,3.44,0.78,14.22,364.0,143.0,1.15,0.45,23.88,2917.0,469.0,9.24,1.38,9.77,2295.0,413.0,7.27,1.23,10.94,409.0,120.0,1.3,0.37,17.84,1810.0,376.0,5.73,1.14,12.63,2832.0,595.0,8.97,1.8,12.77,13710.0,1326.0,43.41,3.27,5.88,1904.0,399.0,6.03,1.21,12.74,1520.0,353.0,4.81,1.08,14.12,1034.0,227.0,3.27,0.69,13.35,1959.0,477.0,8.39,2.01,14.8,1150.0,374.0,4.93,1.59,19.77,1762.0,478.0,7.55,2.02,16.49,1300.0,335.0,5.57,1.41,15.67,1959.0,409.0,8.39,1.71,12.69,3281.0,532.0,14.06,2.18,9.86,3001.0,415.0,12.86,1.67,8.41,4070.0,563.0,17.44,2.27,8.41,2439.0,458.0,10.45,1.9,11.42,2416.0,332.0,10.35,1.34,8.35,17764.0,953.0,76.12,1.94,3.26,7779.0,879.0,33.33,3.42,6.87,5072.0,719.0,21.73,2.91,8.62,1889.0,374.0,8.09,1.56,12.04,1328.0,422.0,5.69,1.79,19.32,5480.0,679.0,23.48,2.69,7.53,66414.0,3107.0,95.2,1.36,2.84,42029.0,2265.0,60.25,1.83,3.28,31689.0,2568.0,45.43,3.07,4.93,3346.0,625.0,4.8,0.87,11.36,33820.0,1528.0,47.06,0.58,2.75,38042.0,2336.0,52.94,2.3,3.73,4483.0,789.0,6.24,1.06,10.7,3968.0,757.0,5.52,1.03,11.6,4216.0,545.0,5.87,0.71,7.86,4862.0,695.0,6.77,0.92,8.69,4517.0,601.0,6.29,0.79,8.09,10412.0,1087.0,14.49,1.38,6.35,8399.0,853.0,11.69,1.07,6.17,8610.0,834.0,11.98,1.04,5.89,4972.0,467.0,6.92,0.58,5.71,5200.0,706.0,7.24,0.93,8.25,5913.0,649.0,8.23,0.83,6.67,4170.0,699.0,5.8,0.94,10.19,2140.0,493.0,2.98,0.67,14.0,15948.0,1463.0,22.19,1.79,5.58,55914.0,2364.0,77.81,4.72,2.57,12223.0,1290.0,17.01,1.64,6.42,4824.0,977.0,6.71,1.33,12.31,11105.0,1192.0,15.45,1.52,6.53,39587.0,2882.0,55.09,3.22,4.43,546.0,209.0,0.76,0.29,23.27,4033.0,848.0,5.61,1.15,12.78,10.0,16.0,0.01,0.02,97.26,11757.0,1884.0,16.36,2.52,9.74,21234.0,2091.0,29.55,2.61,5.99,50628.0,3017.0,70.45,2.87,3.62,6344.0,825.0,8.83,1.08,7.91,37483.0,2788.0,52.16,3.15,4.52,430.0,202.0,0.6,0.28,28.56,3988.0,849.0,5.55,1.16,12.94,10.0,16.0,0.01,0.02,97.26,740.0,360.0,1.03,0.5,29.57,1633.0,555.0,2.27,0.77,20.66
10470,10470,10470,6351.0,385.0,100,,3.69,1491.0,262.0,23.48,3.87,10.68,2874.0,486.0,18.67,2.93,10.28,518.0,245.0,18.02,7.96,28.75,84.0,61.0,2.92,2.06,44.15,708.0,190.0,24.63,5.13,16.31,395.0,155.0,13.74,4.87,23.85,1169.0,270.0,40.68,6.4,14.04,11579.0,809.0,75.24,2.31,4.25,593.0,180.0,5.12,1.51,18.45,1044.0,369.0,9.02,3.12,21.49,3159.0,423.0,27.28,3.12,8.14,4458.0,573.0,38.5,4.15,7.81,12764.0,891.0,82.94,2.53,4.24,338.0,111.0,2.65,0.85,19.96,15361.0,965.0,99.81,0.26,3.82,2507.0,631.0,16.32,3.98,15.3,2614.0,400.0,16.99,2.37,9.3,62.0,49.0,2.37,1.84,48.04,10161.0,815.0,66.02,3.3,4.88,1415.0,519.0,13.93,4.98,22.3,2586.0,462.0,16.8,2.81,10.86,1030.0,368.0,39.83,12.32,21.72,15065.0,933.0,97.89,8.63,3.76,12857.0,868.0,85.34,2.29,4.1,2097.0,563.0,13.92,3.64,16.32,111.0,104.0,0.74,0.69,56.96,15390.0,966.0,100,,3.82,10358.0,845.0,67.3,3.51,4.96,9809.0,857.0,63.74,3.87,5.31,549.0,194.0,3.57,1.24,21.48,5032.0,827.0,32.7,4.97,9.99,3381.0,575.0,67.19,2.94,10.34,1651.0,486.0,32.81,8.01,17.89,1118.0,331.0,22.22,5.47,18.0,61.0,63.0,1.21,1.24,62.78,387.0,260.0,7.69,5.01,40.84,0.0,,0.0,,,3461.0,710.0,68.78,8.44,12.47,5.0,8.0,0.1,0.16,97.26,14079.0,905.0,91.48,1.27,3.91,10219.0,798.0,72.58,3.22,4.75,1050.0,302.0,7.46,2.09,17.48,2316.0,466.0,16.45,3.14,12.23,5929.0,381.0,93.36,1.99,3.91,5509.0,429.0,86.74,4.24,4.73,12981.0,897.0,84.35,2.44,4.2,8251.0,776.0,63.56,4.06,5.72,7841.0,740.0,60.4,3.88,5.74,410.0,153.0,3.16,1.16,22.69,0.0,,0.0,,,4730.0,618.0,36.44,4.04,7.94,,,4.97,1.79,22.69,7567.0,733.0,49.17,3.63,5.89,2532.0,428.0,33.46,4.64,10.28,172.0,83.0,2.27,1.07,29.33,3616.0,583.0,47.79,6.16,9.8,228.0,119.0,3.01,1.55,31.73,706.0,259.0,9.33,3.3,22.3,7841.0,740.0,50.95,3.59,5.74,15.0,23.0,0.19,0.29,93.21,691.0,250.0,8.81,3.08,21.99,118.0,61.0,1.5,0.76,31.43,110.0,72.0,1.4,0.91,39.79,718.0,287.0,9.16,3.56,24.3,525.0,224.0,6.7,2.79,25.94,169.0,70.0,2.16,0.87,25.18,476.0,191.0,6.07,2.37,24.39,1157.0,299.0,14.76,3.55,15.71,2050.0,324.0,26.14,3.31,9.61,782.0,294.0,9.97,3.63,22.85,447.0,270.0,5.7,3.4,36.72,583.0,201.0,7.44,2.47,20.96,316.0,162.0,4.98,2.53,31.16,147.0,82.0,2.31,1.28,33.91,271.0,91.0,4.27,1.41,20.41,680.0,180.0,10.71,2.76,16.09,423.0,115.0,6.66,1.77,16.53,1301.0,339.0,20.48,5.19,15.84,843.0,214.0,13.27,3.27,15.43,1141.0,249.0,17.97,3.77,13.27,354.0,105.0,5.57,1.62,18.03,875.0,226.0,13.78,3.46,15.7,4912.0,327.0,77.34,2.13,4.05,1848.0,295.0,29.1,4.3,9.7,1738.0,363.0,27.37,5.47,12.7,287.0,116.0,4.52,1.81,24.57,311.0,177.0,4.9,2.77,34.6,824.0,197.0,12.97,3.0,14.53,14427.0,957.0,93.92,2.0,4.03,10151.0,814.0,66.08,3.29,4.87,5813.0,835.0,37.84,4.89,8.73,934.0,323.0,6.08,2.07,21.02,7378.0,748.0,47.94,3.82,6.16,8012.0,661.0,52.06,2.79,5.02,1311.0,278.0,8.52,1.73,12.89,578.0,180.0,3.76,1.15,18.93,442.0,158.0,2.87,1.01,21.73,528.0,188.0,3.43,1.2,21.65,952.0,335.0,6.19,2.14,21.39,2995.0,466.0,19.46,2.77,9.46,2258.0,406.0,14.67,2.47,10.93,1639.0,373.0,10.65,2.33,13.83,1120.0,356.0,7.28,2.27,19.32,974.0,211.0,6.33,1.31,13.17,1218.0,355.0,7.91,2.25,17.72,944.0,230.0,6.13,1.44,14.81,431.0,170.0,2.8,1.09,23.98,2626.0,400.0,17.06,2.37,9.26,12764.0,891.0,82.94,2.53,4.24,2593.0,461.0,16.85,2.8,10.81,1023.0,411.0,6.65,2.64,24.42,6679.0,805.0,43.4,4.47,7.33,5332.0,933.0,34.65,5.66,10.64,188.0,139.0,1.22,0.9,44.95,312.0,205.0,2.03,1.33,39.94,0.0,,0.0,,,1856.0,505.0,12.06,3.19,16.54,3505.0,590.0,22.77,3.56,10.23,11885.0,915.0,77.23,3.44,4.68,5965.0,753.0,38.76,4.25,7.67,4822.0,824.0,31.33,4.98,10.39,33.0,48.0,0.21,0.31,88.42,312.0,205.0,2.03,1.33,39.94,0.0,,0.0,,,268.0,168.0,1.74,1.09,38.11,485.0,326.0,3.15,2.11,40.86
10471,10471,10471,8924.0,573.0,100,,3.9,1850.0,289.0,20.73,2.95,9.5,6010.0,775.0,26.26,2.92,7.84,285.0,129.0,4.74,2.06,27.52,154.0,77.0,2.56,1.24,30.4,1684.0,285.0,28.02,3.07,10.29,1124.0,581.0,18.7,9.36,31.42,2763.0,336.0,45.97,8.15,7.39,16424.0,899.0,71.76,6.12,3.33,581.0,203.0,3.54,1.22,21.24,821.0,206.0,5.0,1.22,15.25,2304.0,329.0,14.03,1.85,8.68,9626.0,879.0,58.61,4.28,5.55,19032.0,1106.0,83.15,7.28,3.53,919.0,299.0,4.83,1.55,19.78,21530.0,1500.0,94.07,2.24,4.24,2735.0,386.0,12.7,1.56,8.58,3839.0,679.0,16.77,2.76,10.75,73.0,57.0,1.9,1.45,47.47,12230.0,962.0,53.43,2.33,4.78,1022.0,257.0,8.36,2.0,15.29,5461.0,591.0,23.86,2.06,6.58,1640.0,332.0,30.03,5.14,12.31,22580.0,1489.0,98.65,0.76,4.01,20132.0,1505.0,89.16,3.14,4.54,2335.0,384.0,10.34,1.56,10.0,113.0,86.0,0.5,0.38,46.27,22888.0,1499.0,100,,3.98,18346.0,1427.0,80.16,3.36,4.73,17526.0,1364.0,76.57,3.22,4.73,820.0,235.0,3.58,1.0,17.42,4542.0,653.0,19.84,2.54,8.74,3149.0,557.0,69.33,7.14,10.75,1393.0,339.0,30.67,6.02,14.79,1441.0,336.0,31.73,5.82,14.17,755.0,236.0,16.62,4.61,19.0,83.0,63.0,1.83,1.36,46.14,93.0,71.0,2.05,1.54,46.41,2093.0,432.0,46.08,6.82,12.55,77.0,69.0,1.7,1.5,54.47,21873.0,1502.0,95.57,1.97,4.17,14663.0,1238.0,67.04,3.29,5.13,2070.0,410.0,9.46,1.76,12.04,4668.0,749.0,21.34,3.09,9.75,8436.0,552.0,94.53,1.19,3.98,8058.0,559.0,90.3,2.37,4.22,19660.0,1407.0,85.9,2.48,4.35,10545.0,949.0,53.64,2.93,5.47,9837.0,886.0,50.04,2.74,5.48,708.0,164.0,3.6,0.79,14.08,0.0,,0.0,,,9115.0,832.0,46.36,2.63,5.55,,,6.71,1.43,14.08,9654.0,887.0,42.18,2.72,5.59,3572.0,590.0,37.0,5.08,10.04,237.0,108.0,2.45,1.1,27.7,3238.0,565.0,33.54,4.98,10.61,539.0,206.0,5.58,2.07,23.23,1800.0,372.0,18.65,3.45,12.56,9837.0,886.0,42.98,2.66,5.48,15.0,23.0,0.15,0.23,93.21,266.0,147.0,2.7,1.47,33.59,296.0,107.0,3.01,1.05,21.97,138.0,89.0,1.4,0.9,39.21,512.0,160.0,5.2,1.56,19.0,309.0,123.0,3.14,1.22,24.2,181.0,76.0,1.84,0.75,25.53,1144.0,310.0,11.63,2.97,16.47,1624.0,254.0,16.51,2.11,9.51,3795.0,581.0,38.58,4.78,9.31,565.0,150.0,5.74,1.43,16.14,345.0,139.0,3.51,1.38,24.49,647.0,216.0,6.58,2.11,20.29,229.0,92.0,2.57,1.02,24.42,265.0,124.0,2.97,1.38,28.45,301.0,149.0,3.37,1.66,30.09,525.0,187.0,5.88,2.06,21.65,671.0,281.0,7.52,3.11,25.46,976.0,243.0,10.94,2.63,15.14,1098.0,260.0,12.3,2.8,14.39,1830.0,275.0,20.51,2.79,9.14,1077.0,313.0,12.07,3.42,17.67,1952.0,343.0,21.87,3.58,10.68,6284.0,498.0,70.42,3.27,4.82,3519.0,408.0,39.43,3.81,7.05,2659.0,366.0,29.8,3.63,8.37,233.0,76.0,2.61,0.83,19.83,171.0,104.0,1.92,1.16,36.97,539.0,160.0,6.04,1.75,18.05,20754.0,1477.0,96.4,1.4,4.33,16718.0,1500.0,77.65,4.39,5.45,7620.0,881.0,35.39,3.27,7.03,776.0,214.0,3.6,0.96,16.76,10731.0,884.0,46.88,2.34,5.01,12157.0,884.0,53.12,1.68,4.42,1015.0,268.0,4.43,1.13,16.05,790.0,189.0,3.45,0.79,14.54,1172.0,273.0,5.12,1.14,14.16,1999.0,583.0,8.73,2.48,17.73,1488.0,490.0,6.5,2.1,20.02,2159.0,328.0,9.43,1.29,9.24,2562.0,451.0,11.19,1.83,10.7,2368.0,361.0,10.35,1.42,9.27,1451.0,371.0,6.34,1.57,15.54,1309.0,253.0,5.72,1.04,11.75,3071.0,461.0,13.42,1.81,9.13,2017.0,387.0,8.81,1.59,11.66,1487.0,337.0,6.5,1.41,13.78,3856.0,680.0,16.85,2.76,10.72,19032.0,1106.0,83.15,7.28,3.53,6575.0,621.0,28.73,1.95,5.74,3216.0,1057.0,14.05,4.53,19.98,13205.0,947.0,57.69,1.69,4.36,2340.0,548.0,10.22,2.3,14.24,116.0,94.0,0.51,0.41,49.26,910.0,272.0,3.98,1.16,18.17,0.0,,0.0,,,3101.0,657.0,13.55,2.73,12.88,7333.0,1178.0,32.04,4.7,9.77,15555.0,972.0,67.96,6.15,3.8,11780.0,903.0,51.47,2.05,4.66,2073.0,521.0,9.06,2.2,15.28,0.0,,0.0,,,798.0,235.0,3.49,1.0,17.9,0.0,,0.0,,,178.0,146.0,0.78,0.64,49.86,726.0,227.0,3.17,0.97,19.01
10472,10472,10472,22114.0,640.0,100,,1.76,8638.0,538.0,39.06,2.15,3.79,16987.0,1299.0,26.02,1.74,4.65,972.0,272.0,5.72,1.54,17.01,1032.0,311.0,6.08,1.77,18.32,6917.0,767.0,40.72,3.27,6.74,3721.0,509.0,21.9,2.48,8.32,4345.0,620.0,25.58,3.08,8.67,41079.0,1659.0,62.92,1.02,2.46,7599.0,861.0,18.5,1.96,6.89,5512.0,712.0,13.42,1.65,7.85,12939.0,1200.0,31.5,2.63,5.64,5828.0,718.0,14.19,1.65,7.49,48269.0,1692.0,73.94,3.77,2.13,770.0,246.0,1.6,0.51,19.42,65087.0,2411.0,99.7,0.19,2.25,8035.0,916.0,12.35,1.33,6.93,17000.0,1281.0,26.04,1.71,4.58,736.0,237.0,4.33,1.36,19.58,39910.0,1489.0,61.13,0.3,2.27,4155.0,610.0,10.41,1.48,8.92,8177.0,725.0,12.53,1.01,5.39,3144.0,478.0,38.45,4.75,9.24,63980.0,2392.0,98.0,0.53,2.27,60218.0,2600.0,94.12,2.03,2.62,3238.0,672.0,5.06,1.03,12.62,524.0,249.0,0.82,0.39,28.89,65283.0,2415.0,100,,2.25,38785.0,2155.0,59.41,2.46,3.38,33092.0,2003.0,50.69,2.43,3.68,5693.0,793.0,8.72,1.17,8.47,26498.0,1616.0,40.59,1.97,3.71,11588.0,1056.0,43.73,2.96,5.54,14910.0,1225.0,56.27,3.1,4.99,266.0,163.0,1.0,0.61,37.25,3834.0,780.0,14.47,2.81,12.37,2221.0,599.0,8.38,2.2,16.4,0.0,,0.0,,,20164.0,1522.0,76.1,3.38,4.59,13.0,22.0,0.05,0.08,102.88,59962.0,2136.0,91.85,4.72,2.17,20975.0,1502.0,34.98,2.17,4.35,19105.0,1352.0,31.86,1.95,4.3,31312.0,1733.0,52.22,2.21,3.36,19783.0,628.0,89.46,1.17,1.93,17103.0,672.0,77.34,2.06,2.39,50113.0,1834.0,76.76,3.99,2.22,25381.0,1297.0,50.65,1.81,3.11,22824.0,1230.0,45.55,1.8,3.28,2549.0,406.0,5.09,0.79,9.68,8.0,20.0,0.02,0.04,151.98,24732.0,1387.0,49.35,2.1,3.41,,,10.04,1.52,9.68,22063.0,1204.0,33.8,1.36,3.32,5350.0,566.0,24.25,2.2,6.43,954.0,322.0,4.32,1.44,20.52,12831.0,877.0,58.16,2.39,4.16,1340.0,288.0,6.07,1.26,13.07,1115.0,315.0,5.05,1.4,17.17,22824.0,1230.0,34.96,1.37,3.28,13.0,20.0,0.06,0.09,93.52,1934.0,386.0,8.47,1.63,12.13,579.0,171.0,2.54,0.74,17.95,359.0,185.0,1.57,0.81,31.33,3272.0,573.0,14.34,2.39,10.65,2110.0,370.0,9.24,1.54,10.66,189.0,114.0,0.83,0.5,36.67,1193.0,289.0,5.23,1.23,14.73,1765.0,389.0,7.73,1.65,13.4,6761.0,650.0,29.62,2.36,5.84,2921.0,464.0,12.8,1.91,9.66,1122.0,330.0,4.92,1.42,17.88,606.0,212.0,2.66,0.92,21.27,3445.0,494.0,15.58,2.19,8.72,1902.0,293.0,8.6,1.3,9.36,2823.0,475.0,12.77,2.12,10.23,2119.0,338.0,9.58,1.5,9.7,2510.0,364.0,11.35,1.61,8.82,3305.0,598.0,14.95,2.67,11.0,1985.0,404.0,8.98,1.81,12.37,2208.0,348.0,9.98,1.55,9.58,902.0,277.0,4.08,1.25,18.67,915.0,264.0,4.14,1.19,17.54,14948.0,648.0,67.6,2.18,2.64,5654.0,599.0,25.57,2.61,6.44,3223.0,500.0,14.57,2.22,9.43,3181.0,473.0,14.38,2.1,9.04,1849.0,393.0,8.36,1.76,12.92,8340.0,645.0,37.71,2.7,4.7,57104.0,2274.0,87.73,1.28,2.42,21682.0,1699.0,33.31,2.3,4.76,40136.0,2011.0,61.67,2.08,3.05,7983.0,987.0,12.27,1.45,7.52,31831.0,1496.0,48.76,1.41,2.86,33452.0,1771.0,51.24,1.94,3.22,5321.0,589.0,8.15,0.85,6.73,4406.0,644.0,6.75,0.95,8.89,4439.0,572.0,6.8,0.84,7.83,4883.0,678.0,7.48,1.0,8.44,5155.0,590.0,7.9,0.86,6.96,10828.0,864.0,16.59,1.17,4.85,7848.0,739.0,12.02,1.04,5.72,7263.0,802.0,11.13,1.16,6.71,3776.0,406.0,5.78,0.58,6.54,3047.0,469.0,4.67,0.7,9.36,4701.0,536.0,7.2,0.78,6.93,2443.0,398.0,3.74,0.59,9.9,1173.0,270.0,1.8,0.41,13.99,17006.0,1280.0,26.05,1.71,4.58,48277.0,1694.0,73.95,3.77,2.13,8317.0,724.0,12.74,1.0,5.29,4402.0,957.0,6.74,1.44,13.22,5317.0,990.0,8.14,1.49,11.32,17450.0,1621.0,26.73,2.28,5.65,773.0,457.0,1.18,0.7,35.94,5656.0,1088.0,8.66,1.64,11.69,39.0,90.0,0.06,0.14,140.29,31646.0,2083.0,48.48,2.64,4.0,40254.0,2290.0,61.66,2.66,3.46,25029.0,1881.0,38.34,2.51,4.57,1376.0,410.0,2.11,0.62,18.11,15075.0,1453.0,23.09,2.06,5.86,49.0,59.0,0.08,0.09,73.2,5341.0,991.0,8.18,1.49,11.28,39.0,90.0,0.06,0.14,140.29,1953.0,673.0,2.99,1.02,20.95,1196.0,478.0,1.83,0.73,24.3
10473,10473,10473,22795.0,975.0,100,,2.6,7572.0,706.0,33.22,2.75,5.67,14849.0,1097.0,24.71,1.51,4.49,1182.0,376.0,7.96,2.46,19.34,651.0,308.0,4.38,2.05,28.76,6137.0,598.0,41.33,2.63,5.92,3190.0,540.0,21.48,3.27,10.29,3689.0,730.0,24.84,4.56,12.03,40539.0,1667.0,67.47,3.94,2.5,5020.0,806.0,12.38,1.92,9.76,4967.0,969.0,12.25,2.34,11.86,9774.0,810.0,24.11,1.73,5.04,9057.0,977.0,22.34,2.23,6.56,46452.0,2008.0,77.31,0.96,2.63,1320.0,286.0,2.84,0.6,13.17,59844.0,2479.0,99.6,0.12,2.52,11406.0,1077.0,19.06,1.62,5.74,13601.0,1043.0,22.64,1.46,4.66,654.0,245.0,4.81,1.76,22.77,36015.0,1899.0,59.94,1.96,3.21,5981.0,745.0,16.61,1.87,7.57,10228.0,838.0,17.02,1.2,4.98,4771.0,661.0,46.65,5.21,8.42,59361.0,2426.0,98.79,5.75,2.48,56884.0,2497.0,95.83,1.54,2.67,2285.0,623.0,3.85,1.04,16.57,192.0,155.0,0.32,0.26,49.08,60087.0,2488.0,100,,2.52,46345.0,2485.0,77.13,2.63,3.26,40315.0,2350.0,67.09,2.75,3.54,6030.0,839.0,10.04,1.33,8.46,13742.0,1398.0,22.87,2.13,6.18,9511.0,1057.0,69.21,3.1,6.76,4231.0,676.0,30.79,3.79,9.71,261.0,128.0,1.9,0.91,29.81,787.0,407.0,5.73,2.9,31.44,1594.0,541.0,11.6,3.76,20.63,0.0,,0.0,,,11100.0,1259.0,80.77,4.05,6.9,0.0,,0.0,,,56345.0,2390.0,93.77,0.86,2.58,26964.0,2270.0,47.86,3.48,5.12,11835.0,1546.0,21.0,2.6,7.94,26725.0,1900.0,47.43,2.71,4.32,20878.0,1109.0,91.59,2.88,3.23,18950.0,1180.0,83.13,3.76,3.79,48072.0,2091.0,80.0,1.07,2.64,27003.0,1625.0,56.17,2.34,3.66,24163.0,1532.0,50.26,2.32,3.85,2807.0,613.0,5.84,1.25,13.28,33.0,55.0,0.07,0.11,101.32,21069.0,1367.0,43.83,2.11,3.94,,,10.4,2.18,13.28,23637.0,1521.0,39.34,1.94,3.91,8878.0,1082.0,37.56,3.89,7.41,1102.0,372.0,4.66,1.54,20.52,10315.0,1091.0,43.64,3.66,6.43,1609.0,509.0,6.81,2.11,19.23,1062.0,382.0,4.49,1.59,21.87,24163.0,1532.0,40.21,1.93,3.85,39.0,60.0,0.16,0.25,93.52,692.0,284.0,2.86,1.16,24.95,526.0,217.0,2.18,0.89,25.08,307.0,152.0,1.27,0.62,30.1,2635.0,551.0,10.91,2.17,12.71,2209.0,548.0,9.14,2.19,15.08,375.0,184.0,1.55,0.76,29.83,1402.0,448.0,5.8,1.82,19.43,1969.0,405.0,8.15,1.59,12.5,10330.0,1046.0,42.75,3.38,6.16,1754.0,453.0,7.26,1.82,15.7,771.0,304.0,3.19,1.24,23.97,1154.0,329.0,4.78,1.33,17.33,2017.0,468.0,8.85,2.02,14.11,2432.0,533.0,10.67,2.29,13.32,2086.0,453.0,9.15,1.95,13.2,1756.0,391.0,7.7,1.68,13.54,2770.0,579.0,12.15,2.49,12.71,3608.0,600.0,15.83,2.54,10.11,2488.0,600.0,10.91,2.59,14.66,3342.0,706.0,14.66,3.03,12.84,1291.0,378.0,5.66,1.64,17.8,1005.0,262.0,4.41,1.13,15.85,15539.0,986.0,68.17,3.2,3.86,8033.0,775.0,35.24,3.05,5.86,5140.0,556.0,22.55,2.24,6.58,3644.0,637.0,15.99,2.71,10.63,1559.0,329.0,6.84,1.41,12.83,7372.0,741.0,32.34,2.94,6.11,56642.0,2494.0,94.65,1.41,2.68,31103.0,2442.0,51.97,3.47,4.77,32140.0,2242.0,53.71,3.01,4.24,3202.0,917.0,5.35,1.52,17.41,28136.0,1823.0,46.83,2.33,3.94,31951.0,1683.0,53.17,1.73,3.2,3742.0,717.0,6.23,1.17,11.65,3311.0,463.0,5.51,0.74,8.5,4414.0,662.0,7.35,1.06,9.12,3592.0,594.0,5.98,0.96,10.05,4489.0,946.0,7.47,1.54,12.81,8870.0,1138.0,14.76,1.79,7.8,6150.0,653.0,10.24,1.0,6.45,7038.0,870.0,11.71,1.36,7.51,3670.0,503.0,6.11,0.8,8.33,4424.0,655.0,7.36,1.05,9.0,5431.0,707.0,9.04,1.12,7.91,3831.0,558.0,6.38,0.89,8.85,1125.0,420.0,1.87,0.69,22.7,13602.0,1043.0,22.64,1.46,4.66,46485.0,2013.0,77.36,0.98,2.63,10387.0,837.0,17.29,1.2,4.9,6397.0,1271.0,10.65,2.07,12.08,10307.0,1323.0,17.15,2.08,7.8,22716.0,1997.0,37.81,2.93,5.34,353.0,256.0,0.59,0.43,44.09,1361.0,531.0,2.27,0.88,23.72,0.0,,0.0,,,18953.0,2026.0,31.54,3.11,6.5,37376.0,2217.0,62.2,2.64,3.61,22711.0,2058.0,37.8,3.05,5.51,1004.0,268.0,1.67,0.44,16.23,18568.0,2013.0,30.9,3.1,6.59,213.0,207.0,0.35,0.34,59.08,1272.0,523.0,2.12,0.87,24.99,0.0,,0.0,,,716.0,500.0,1.19,0.83,42.45,938.0,414.0,1.56,0.69,26.83
10474,10474,10474,3808.0,291.0,100,,4.65,1695.0,414.0,44.51,10.33,14.85,3050.0,716.0,27.04,5.47,14.27,216.0,145.0,7.08,4.45,40.81,391.0,250.0,12.82,7.62,38.87,1273.0,445.0,41.74,10.81,21.25,632.0,238.0,20.72,6.1,22.89,538.0,224.0,17.64,6.07,25.31,6787.0,749.0,60.17,9.77,6.71,761.0,234.0,11.21,3.22,18.69,906.0,249.0,13.35,3.36,16.71,2455.0,612.0,36.17,8.09,15.15,1026.0,254.0,15.12,3.35,15.05,8000.0,852.0,70.92,11.33,6.47,175.0,111.0,2.19,1.37,38.56,10745.0,1353.0,95.26,3.88,7.65,1813.0,370.0,16.87,2.71,12.41,3280.0,806.0,29.08,6.25,14.94,154.0,107.0,4.7,3.05,42.24,6343.0,857.0,56.23,3.58,8.21,1105.0,302.0,17.42,4.14,16.61,1122.0,227.0,9.95,1.63,12.3,554.0,186.0,49.38,13.23,20.41,11128.0,1339.0,98.65,1.66,7.31,9897.0,1314.0,88.94,4.99,8.07,1180.0,307.0,10.6,2.45,15.82,51.0,42.0,0.46,0.37,50.06,11280.0,1344.0,100,,7.24,8264.0,1128.0,73.26,4.88,8.3,7310.0,1120.0,64.8,6.24,9.31,954.0,258.0,8.46,2.05,16.44,3016.0,779.0,26.74,6.13,15.7,1241.0,360.0,41.15,5.43,17.63,1775.0,710.0,58.85,17.98,24.32,13.0,31.0,0.43,1.02,144.96,28.0,63.0,0.93,2.08,136.78,509.0,298.0,16.88,8.87,35.59,0.0,,0.0,,,2466.0,730.0,81.76,11.83,18.0,0.0,,0.0,,,10279.0,1211.0,91.13,15.27,7.16,4856.0,835.0,47.24,5.92,10.45,2608.0,571.0,25.37,4.68,13.31,4782.0,801.0,46.52,5.54,10.18,3394.0,312.0,89.13,4.55,5.59,3034.0,383.0,79.67,8.01,7.67,8187.0,873.0,72.58,11.61,6.48,5014.0,803.0,61.24,7.32,9.74,4388.0,722.0,53.6,6.72,10.0,626.0,223.0,7.65,2.6,21.66,0.0,,0.0,,,3173.0,468.0,38.76,3.95,8.97,,,12.49,3.97,21.66,4217.0,721.0,37.38,4.58,10.39,715.0,218.0,16.96,4.28,18.53,179.0,104.0,4.24,2.36,35.32,2644.0,708.0,62.7,12.92,16.28,412.0,159.0,9.77,3.38,23.46,177.0,94.0,4.2,2.11,32.28,4388.0,722.0,38.9,4.41,10.0,0.0,,0.0,,,185.0,214.0,4.22,4.83,70.32,175.0,127.0,3.99,2.82,44.12,76.0,69.0,1.73,1.55,55.19,296.0,138.0,6.75,2.94,28.34,399.0,181.0,9.09,3.84,27.58,86.0,78.0,1.96,1.75,55.14,347.0,164.0,7.91,3.5,28.73,723.0,359.0,16.48,7.72,30.18,1188.0,255.0,27.07,3.73,13.05,522.0,212.0,11.9,4.42,24.69,155.0,73.0,3.53,1.56,28.63,236.0,242.0,5.38,5.44,62.34,503.0,149.0,13.21,3.78,18.01,348.0,132.0,9.14,3.4,23.06,518.0,166.0,13.6,4.23,19.48,359.0,172.0,9.43,4.46,29.13,585.0,217.0,15.36,5.58,22.55,616.0,236.0,16.18,6.07,23.29,230.0,112.0,6.04,2.9,29.6,286.0,111.0,7.51,2.86,23.59,247.0,222.0,6.49,5.81,54.64,116.0,91.0,3.05,2.38,47.69,2791.0,347.0,73.29,7.19,7.56,952.0,178.0,25.0,4.27,11.37,557.0,157.0,14.63,3.97,17.13,244.0,125.0,6.41,3.25,31.14,452.0,144.0,11.87,3.67,19.37,1499.0,230.0,39.36,5.24,9.33,9825.0,1160.0,91.44,15.78,7.18,4282.0,1002.0,39.85,7.86,14.23,6330.0,811.0,58.91,1.39,7.79,920.0,435.0,8.56,3.9,28.74,5691.0,814.0,50.45,3.99,8.7,5589.0,943.0,49.55,5.92,10.26,1001.0,299.0,8.87,2.43,18.16,1151.0,452.0,10.2,3.82,23.87,749.0,282.0,6.64,2.37,22.89,590.0,229.0,5.23,1.93,23.59,1002.0,296.0,8.88,2.4,17.96,1727.0,413.0,15.31,3.17,14.54,1924.0,563.0,17.06,4.56,17.79,941.0,248.0,8.34,1.96,16.02,673.0,210.0,5.97,1.72,18.97,391.0,157.0,3.47,1.33,24.41,585.0,192.0,5.19,1.59,19.95,440.0,139.0,3.9,1.14,19.2,106.0,79.0,0.94,0.69,45.31,3280.0,806.0,29.08,6.25,14.94,8000.0,852.0,70.92,11.33,6.47,1131.0,229.0,10.03,1.64,12.31,1680.0,854.0,14.89,7.36,30.9,1074.0,443.0,9.52,3.76,25.07,3674.0,692.0,32.57,4.75,11.45,93.0,72.0,0.82,0.63,47.06,52.0,74.0,0.46,0.65,86.51,0.0,,0.0,,,4707.0,800.0,41.73,5.06,10.33,7921.0,1308.0,70.22,8.03,10.04,3359.0,634.0,29.78,4.36,11.47,246.0,114.0,2.18,0.98,28.17,2983.0,601.0,26.45,4.3,12.25,50.0,57.0,0.44,0.5,69.3,28.0,63.0,0.25,0.56,136.78,0.0,,0.0,,,22.0,34.0,0.2,0.3,93.95,30.0,32.0,0.27,0.28,64.84
10475,10475,10475,18383.0,973.0,100,,3.22,4468.0,695.0,24.31,3.56,9.46,11030.0,2293.0,25.35,4.87,12.64,1322.0,804.0,11.99,6.85,36.97,369.0,360.0,3.35,3.19,59.31,3326.0,862.0,30.15,4.67,15.76,2147.0,1058.0,19.47,8.7,29.96,3866.0,987.0,35.05,5.19,15.52,31179.0,1877.0,71.65,7.13,3.66,1286.0,415.0,4.12,1.31,19.62,3324.0,901.0,10.66,2.82,16.48,9079.0,1309.0,29.12,3.81,8.76,8014.0,1058.0,25.7,3.02,8.03,34955.0,2301.0,80.32,8.27,4.0,783.0,300.0,2.24,0.85,23.29,42597.0,3448.0,97.89,1.62,4.92,6859.0,977.0,16.1,1.89,8.66,8550.0,1771.0,19.65,3.76,12.59,581.0,336.0,6.8,3.67,35.16,24328.0,2040.0,55.9,1.53,5.1,2916.0,640.0,11.99,2.43,13.34,9719.0,1366.0,22.33,2.59,8.54,3362.0,667.0,34.59,4.84,12.06,43074.0,3435.0,98.98,0.89,4.85,41172.0,3368.0,95.58,1.74,4.97,1639.0,444.0,3.81,0.99,16.47,263.0,267.0,0.61,0.62,61.71,43517.0,3448.0,100,,4.82,33467.0,2915.0,76.91,2.78,5.29,30967.0,2661.0,71.16,2.37,5.22,2500.0,1107.0,5.74,2.5,26.92,10050.0,1558.0,23.09,3.08,9.42,7527.0,1349.0,74.9,6.74,10.89,2523.0,589.0,25.1,4.38,14.19,652.0,333.0,6.49,3.16,31.05,553.0,374.0,5.5,3.62,41.11,1808.0,731.0,17.99,6.72,24.58,17.0,34.0,0.17,0.34,121.58,7014.0,1186.0,69.79,4.71,10.28,6.0,11.0,0.06,0.11,111.45,40402.0,3123.0,92.84,10.28,4.7,27502.0,2411.0,68.07,2.82,5.33,3074.0,721.0,7.61,1.68,14.26,9646.0,1946.0,23.88,4.45,12.26,16834.0,979.0,91.57,2.21,3.54,14423.0,959.0,78.46,3.16,4.04,35640.0,2326.0,81.9,8.41,3.97,19574.0,1492.0,54.92,2.16,4.63,17819.0,1446.0,50.0,2.41,4.93,1755.0,629.0,4.92,1.74,21.79,0.0,,0.0,,,16066.0,1695.0,45.08,3.74,6.41,,,8.97,3.14,21.79,17046.0,1421.0,39.17,1.01,5.07,4790.0,982.0,28.1,5.26,12.46,323.0,184.0,1.89,1.07,34.63,8390.0,1128.0,49.22,5.19,8.17,1707.0,526.0,10.01,2.97,18.73,1675.0,527.0,9.83,2.98,19.13,17819.0,1446.0,40.95,0.72,4.93,242.0,283.0,1.36,1.58,71.09,576.0,189.0,3.23,1.03,19.95,413.0,241.0,2.32,1.34,35.47,138.0,109.0,0.77,0.61,48.02,1804.0,492.0,10.12,2.64,16.58,1919.0,583.0,10.77,3.15,18.47,173.0,130.0,0.97,0.73,45.68,1475.0,395.0,8.28,2.11,16.28,1631.0,547.0,9.15,2.98,20.39,6489.0,1073.0,36.42,5.25,10.05,1026.0,390.0,5.76,2.14,23.11,486.0,231.0,2.73,1.28,28.89,1447.0,533.0,8.12,2.92,22.39,865.0,360.0,4.71,1.94,25.3,862.0,325.0,4.69,1.75,22.92,2185.0,662.0,11.89,3.55,18.42,1742.0,677.0,9.48,3.65,23.63,2651.0,688.0,14.42,3.66,15.78,3564.0,644.0,19.39,3.35,10.98,2080.0,506.0,11.31,2.69,14.79,2753.0,555.0,14.98,2.91,12.26,1279.0,425.0,6.96,2.28,20.2,402.0,223.0,2.19,1.21,33.72,12087.0,942.0,65.75,3.76,4.74,7114.0,954.0,38.7,4.77,8.15,5344.0,671.0,29.07,3.31,7.63,1704.0,407.0,9.27,2.16,14.52,749.0,463.0,4.07,2.51,37.58,3539.0,734.0,19.25,3.86,12.61,40594.0,3335.0,95.3,1.34,4.99,25192.0,2165.0,59.14,1.71,5.22,20330.0,2586.0,47.73,4.68,7.73,2003.0,667.0,4.7,1.52,20.24,20249.0,2113.0,46.53,3.16,6.34,23268.0,2038.0,53.47,2.0,5.32,3115.0,949.0,7.16,2.11,18.52,2284.0,716.0,5.25,1.59,19.06,1762.0,602.0,4.05,1.35,20.77,2075.0,790.0,4.77,1.78,23.14,3102.0,978.0,7.13,2.18,19.17,5703.0,1022.0,13.11,2.11,10.89,4331.0,876.0,9.95,1.85,12.3,5195.0,959.0,11.94,1.99,11.22,2832.0,637.0,6.51,1.37,13.67,2765.0,610.0,6.35,1.31,13.41,5755.0,1124.0,13.22,2.36,11.87,3421.0,744.0,7.86,1.59,13.22,1177.0,373.0,2.7,0.83,19.26,8562.0,1772.0,19.68,3.76,12.58,34955.0,2301.0,80.32,8.27,4.0,10353.0,1371.0,23.79,2.52,8.05,3657.0,1235.0,8.4,2.76,20.53,3899.0,1084.0,8.96,2.39,16.9,27844.0,2795.0,63.98,3.94,6.1,204.0,188.0,0.47,0.43,56.02,1014.0,587.0,2.33,1.34,35.19,0.0,,0.0,,,6899.0,2183.0,15.85,4.86,19.24,13319.0,2261.0,30.61,4.6,10.32,30198.0,3042.0,69.39,4.32,6.12,1868.0,630.0,4.29,1.41,20.5,26101.0,2700.0,59.98,3.99,6.29,0.0,,0.0,,,1014.0,587.0,2.33,1.34,35.19,0.0,,0.0,,,7.0,11.0,0.02,0.03,95.53,1208.0,735.0,2.78,1.67,36.99
11004,11004,"11001, 11004, 11005, 11040",29034.0,889.0,100,,1.86,9184.0,631.0,31.63,1.95,4.18,21036.0,1344.0,24.42,1.36,3.88,1348.0,268.0,6.41,1.21,12.09,1027.0,232.0,4.88,1.06,13.73,7366.0,746.0,35.02,2.75,6.16,4206.0,516.0,19.99,2.09,7.46,7089.0,788.0,33.7,3.07,6.76,62821.0,1970.0,72.92,0.24,1.91,2909.0,601.0,4.63,0.95,12.56,2465.0,342.0,3.92,0.53,8.43,12039.0,855.0,19.16,1.22,4.32,33403.0,1715.0,53.17,2.16,3.12,69691.0,2155.0,80.89,3.55,1.88,1978.0,283.0,2.84,0.4,8.7,85475.0,2698.0,99.21,0.48,1.92,9398.0,861.0,11.0,0.95,5.57,16413.0,1127.0,19.05,1.17,4.17,360.0,136.0,2.19,0.81,22.97,49850.0,1837.0,57.86,1.14,2.24,3500.0,562.0,7.02,1.1,9.76,19212.0,1127.0,22.3,1.11,3.57,5538.0,619.0,28.83,2.74,6.79,85406.0,2628.0,99.13,4.34,1.87,79930.0,2606.0,93.59,1.01,1.98,4822.0,704.0,5.65,0.81,8.88,654.0,467.0,0.77,0.55,43.41,86155.0,2687.0,100,,1.9,56611.0,2046.0,65.71,1.2,2.2,55766.0,2042.0,64.73,1.24,2.23,845.0,200.0,0.98,0.23,14.39,29544.0,1639.0,34.29,1.57,3.37,23005.0,1328.0,77.87,1.24,3.51,6539.0,1043.0,22.13,3.31,9.7,3292.0,447.0,11.14,1.38,8.25,20247.0,1525.0,68.53,3.49,4.58,214.0,103.0,0.72,0.35,29.26,10.0,40.0,0.03,0.14,243.16,5666.0,864.0,19.18,2.72,9.27,115.0,84.0,0.39,0.28,44.4,82193.0,2543.0,95.4,4.19,1.88,46329.0,1993.0,56.37,1.68,2.62,12715.0,1175.0,15.47,1.35,5.62,7187.0,1220.0,8.74,1.46,10.32,27564.0,896.0,94.94,1.04,1.98,27110.0,907.0,93.37,1.26,2.03,71857.0,2217.0,83.4,3.66,1.88,44302.0,1743.0,61.65,1.51,2.39,42238.0,1690.0,58.78,1.5,2.43,2038.0,432.0,2.84,0.59,12.89,26.0,52.0,0.04,0.07,121.58,27555.0,1431.0,38.35,1.6,3.16,,,4.6,0.96,12.89,41459.0,1694.0,48.12,1.27,2.48,25753.0,1342.0,62.12,2.01,3.17,3434.0,512.0,8.28,1.19,9.06,6199.0,630.0,14.95,1.39,6.18,1022.0,297.0,2.47,0.71,17.67,4699.0,626.0,11.33,1.44,8.1,42238.0,1690.0,49.03,1.23,2.43,61.0,69.0,0.14,0.16,68.76,2014.0,314.0,4.77,0.72,9.48,1882.0,409.0,4.46,0.95,13.21,1075.0,240.0,2.55,0.56,13.57,4094.0,561.0,9.69,1.27,8.33,2615.0,365.0,6.19,0.83,8.49,1287.0,254.0,3.05,0.59,12.0,4820.0,593.0,11.41,1.33,7.48,5249.0,661.0,12.43,1.48,7.66,13555.0,1069.0,32.09,2.18,4.79,2189.0,365.0,5.18,0.84,10.14,1114.0,371.0,2.64,0.87,20.25,2283.0,496.0,5.41,1.15,13.21,660.0,170.0,2.27,0.58,15.66,362.0,126.0,1.25,0.43,21.16,1184.0,244.0,4.08,0.83,12.53,834.0,198.0,2.87,0.68,14.43,1592.0,289.0,5.48,0.98,11.04,3200.0,460.0,11.02,1.55,8.74,2430.0,284.0,8.37,0.94,7.1,5711.0,541.0,19.67,1.76,5.76,4751.0,625.0,16.36,2.09,8.0,8310.0,598.0,28.62,1.86,4.37,22652.0,874.0,78.02,1.83,2.35,11629.0,742.0,40.05,2.24,3.88,9012.0,611.0,31.04,1.88,4.12,990.0,234.0,3.41,0.8,14.37,645.0,199.0,2.22,0.68,18.76,1033.0,233.0,3.56,0.8,13.71,83358.0,2714.0,97.52,0.78,1.98,68277.0,2460.0,79.88,1.39,2.19,29098.0,1701.0,34.04,1.68,3.55,2117.0,429.0,2.48,0.5,12.32,42254.0,1563.0,49.04,0.98,2.25,43901.0,1652.0,50.96,1.07,2.29,3962.0,496.0,4.6,0.56,7.61,4366.0,525.0,5.07,0.59,7.31,5013.0,551.0,5.82,0.61,6.68,5088.0,584.0,5.91,0.65,6.98,4905.0,678.0,5.69,0.77,8.4,9922.0,986.0,11.52,1.09,6.04,10405.0,870.0,12.08,0.94,5.08,10533.0,785.0,12.23,0.83,4.53,6071.0,672.0,7.05,0.75,6.73,6190.0,521.0,7.18,0.56,5.12,10079.0,711.0,11.7,0.74,4.29,5877.0,797.0,6.82,0.9,8.24,3744.0,575.0,4.35,0.65,9.34,16438.0,1129.0,19.08,1.17,4.18,69717.0,2154.0,80.92,3.55,1.88,19700.0,1127.0,22.87,1.1,3.48,4917.0,722.0,5.71,0.82,8.93,39957.0,1747.0,46.38,1.42,2.66,2843.0,689.0,3.3,0.79,14.73,661.0,362.0,0.77,0.42,33.29,32706.0,2205.0,37.96,2.27,4.1,1.0,,0.0,,,5070.0,1303.0,5.88,1.5,15.62,11239.0,1528.0,13.05,1.73,8.26,74916.0,2732.0,86.95,1.64,2.22,36126.0,1783.0,41.93,1.6,3.0,2692.0,675.0,3.12,0.78,15.24,303.0,178.0,0.35,0.21,35.71,32561.0,2201.0,37.79,2.27,4.11,1.0,,0.0,,,1176.0,687.0,1.36,0.8,35.51,2057.0,491.0,2.39,0.57,14.51
11101,11101,11101,16488.0,975.0,100,,3.59,2990.0,456.0,18.13,2.55,9.27,6109.0,782.0,17.82,2.03,7.78,508.0,194.0,8.32,2.99,23.22,331.0,170.0,5.42,2.69,31.22,1653.0,378.0,27.06,5.13,13.9,943.0,221.0,15.44,3.03,14.25,2674.0,568.0,43.77,7.42,12.91,26873.0,1445.0,78.39,6.2,3.27,1624.0,504.0,6.04,1.85,18.87,1138.0,241.0,4.23,0.87,12.87,4144.0,559.0,15.42,1.91,8.2,16791.0,1197.0,62.48,2.92,4.33,29226.0,1614.0,85.26,6.83,3.36,446.0,247.0,1.53,0.84,33.67,34067.0,1985.0,99.38,0.59,3.54,2757.0,531.0,8.09,1.49,11.71,5051.0,739.0,14.73,1.98,8.89,79.0,83.0,1.56,1.63,63.87,26413.0,1562.0,77.05,0.9,3.59,1515.0,329.0,5.74,1.2,13.2,2603.0,487.0,7.59,1.35,11.37,1163.0,391.0,44.68,12.48,20.44,33626.0,1943.0,98.1,8.03,3.51,26912.0,1709.0,80.03,2.11,3.86,6108.0,696.0,18.16,1.78,6.93,606.0,216.0,1.8,0.63,21.67,34279.0,1987.0,100,,3.52,21062.0,1398.0,61.44,1.99,4.03,20134.0,1376.0,58.74,2.13,4.15,928.0,283.0,2.71,0.81,18.54,13217.0,1286.0,38.56,3.01,5.91,6115.0,712.0,46.27,2.96,7.08,7102.0,983.0,53.73,5.29,8.41,2522.0,618.0,19.08,4.29,14.9,6056.0,924.0,45.82,5.39,9.28,333.0,162.0,2.52,1.2,29.57,73.0,93.0,0.55,0.7,77.45,4065.0,692.0,30.76,4.3,10.35,168.0,92.0,1.27,0.68,33.29,32168.0,1815.0,93.84,7.59,3.43,16732.0,1427.0,52.01,3.33,5.18,5190.0,771.0,16.13,2.22,9.03,5588.0,847.0,17.37,2.44,9.21,15548.0,975.0,94.3,1.97,3.81,14662.0,887.0,88.93,1.14,3.68,29591.0,1658.0,86.32,6.96,3.41,22396.0,1357.0,75.69,1.75,3.68,21041.0,1321.0,71.11,2.01,3.82,1355.0,334.0,4.58,1.1,14.98,0.0,,0.0,,,7195.0,926.0,24.31,2.82,7.82,,,6.05,1.45,14.98,20101.0,1294.0,58.64,1.64,3.91,2390.0,509.0,11.89,2.41,12.95,507.0,355.0,2.52,1.76,42.57,11227.0,961.0,55.85,3.15,5.2,898.0,216.0,4.47,1.04,14.62,4230.0,708.0,21.04,3.25,10.17,21041.0,1321.0,61.38,1.48,3.82,0.0,,0.0,,,583.0,213.0,2.77,1.0,22.21,649.0,179.0,3.08,0.83,16.77,457.0,192.0,2.17,0.9,25.54,1141.0,282.0,5.42,1.3,15.02,1000.0,234.0,4.75,1.07,14.22,1079.0,215.0,5.13,0.97,12.11,2785.0,467.0,13.24,2.06,10.19,5202.0,620.0,24.72,2.5,7.25,4210.0,575.0,20.01,2.43,8.3,2285.0,438.0,10.86,1.97,11.65,683.0,206.0,3.25,0.96,18.33,967.0,276.0,4.6,1.28,17.35,1025.0,232.0,6.22,1.36,13.76,953.0,267.0,5.78,1.58,17.03,910.0,395.0,5.52,2.37,26.39,864.0,406.0,5.24,2.44,28.57,762.0,193.0,4.62,1.14,15.4,1737.0,326.0,10.53,1.88,11.41,1420.0,291.0,8.61,1.69,12.46,2979.0,433.0,18.07,2.4,8.84,1744.0,311.0,10.58,1.78,10.84,4094.0,473.0,24.83,2.46,7.02,13939.0,887.0,84.54,1.99,3.87,1923.0,300.0,11.66,1.68,9.48,1173.0,414.0,7.11,2.48,21.46,530.0,217.0,3.21,1.3,24.89,909.0,251.0,5.51,1.49,16.79,1934.0,324.0,11.73,1.84,10.18,32860.0,1971.0,96.46,1.37,3.65,25031.0,1728.0,73.48,2.72,4.2,9730.0,1080.0,28.56,2.7,6.75,1207.0,326.0,3.54,0.93,16.42,17543.0,1309.0,51.18,2.4,4.54,16736.0,1251.0,48.82,2.3,4.54,2111.0,501.0,6.16,1.42,14.43,1329.0,376.0,3.88,1.07,17.2,1124.0,351.0,3.28,1.01,18.98,762.0,238.0,2.22,0.68,18.99,2080.0,495.0,6.07,1.4,14.47,10807.0,915.0,31.53,1.95,5.15,6926.0,776.0,20.2,1.94,6.81,3745.0,444.0,10.93,1.13,7.21,1622.0,463.0,4.73,1.32,17.35,1168.0,256.0,3.41,0.72,13.32,1474.0,296.0,4.3,0.83,12.21,677.0,218.0,1.97,0.63,19.58,454.0,326.0,1.32,0.95,43.65,5053.0,740.0,14.74,1.98,8.9,29226.0,1614.0,85.26,6.83,3.36,2605.0,487.0,7.6,1.35,11.36,3641.0,728.0,10.62,2.03,12.15,13333.0,1177.0,38.9,2.59,5.37,3737.0,585.0,10.9,1.59,9.52,261.0,173.0,0.76,0.5,40.29,9720.0,1378.0,28.36,3.67,8.62,17.0,25.0,0.05,0.07,89.4,3570.0,890.0,10.41,2.53,15.15,7019.0,924.0,20.48,2.42,8.0,27260.0,1929.0,79.52,3.23,4.3,11878.0,1092.0,34.65,2.47,5.59,3473.0,571.0,10.13,1.56,9.99,0.0,,0.0,,,9720.0,1378.0,28.36,3.67,8.62,0.0,,0.0,,,380.0,266.0,1.11,0.77,42.55,1809.0,542.0,5.28,1.55,18.21
11102,11102,11102,12164.0,754.0,100,,3.77,2206.0,352.0,18.14,2.67,9.7,4910.0,618.0,18.14,2.05,7.65,430.0,143.0,8.76,2.7,20.22,218.0,122.0,4.44,2.42,34.02,1295.0,220.0,26.37,3.01,10.33,898.0,283.0,18.29,5.28,19.16,2069.0,380.0,42.14,5.64,11.16,21370.0,1206.0,78.95,0.66,3.43,1605.0,322.0,7.51,1.45,12.2,527.0,133.0,2.47,0.61,15.34,3940.0,557.0,18.44,2.39,8.59,12171.0,968.0,56.95,3.19,4.83,23297.0,1293.0,86.07,6.77,3.37,210.0,72.0,0.9,0.3,20.84,26832.0,1511.0,99.12,0.74,3.42,2670.0,362.0,9.95,1.23,8.24,3772.0,550.0,13.93,1.88,8.86,166.0,126.0,4.4,3.28,46.14,19748.0,1161.0,72.95,1.35,3.57,1294.0,236.0,6.55,1.13,11.09,3312.0,471.0,12.24,1.6,8.64,1210.0,261.0,36.53,5.93,13.11,26711.0,1475.0,98.68,7.75,3.36,23668.0,1380.0,88.61,1.66,3.54,2795.0,468.0,10.46,1.65,10.18,248.0,149.0,0.93,0.56,36.52,27069.0,1511.0,100,,3.39,17725.0,1218.0,65.48,2.62,4.18,17134.0,1190.0,63.3,2.62,4.22,591.0,196.0,2.18,0.71,20.16,9344.0,785.0,34.52,2.17,5.11,5564.0,571.0,59.55,3.51,6.24,3780.0,547.0,40.45,4.77,8.8,2517.0,399.0,26.94,3.62,9.64,2577.0,421.0,27.58,3.86,9.93,385.0,225.0,4.12,2.38,35.53,7.0,13.0,0.07,0.14,112.9,3684.0,647.0,39.43,6.08,10.68,174.0,140.0,1.86,1.49,48.91,25696.0,1402.0,94.93,7.41,3.32,13886.0,1051.0,54.04,2.83,4.6,4787.0,547.0,18.63,1.87,6.95,5082.0,733.0,19.78,2.64,8.77,11480.0,697.0,94.38,8.19,3.69,11157.0,683.0,91.72,7.99,3.72,23734.0,1323.0,87.68,6.92,3.39,16912.0,1081.0,71.26,2.23,3.89,15964.0,1024.0,67.26,2.13,3.9,948.0,198.0,3.99,0.8,12.7,0.0,,0.0,,,6822.0,660.0,28.74,2.27,5.88,,,5.61,1.11,12.7,15088.0,975.0,55.74,1.81,3.93,1959.0,239.0,12.98,1.34,7.42,248.0,93.0,1.64,0.61,22.8,8299.0,732.0,55.0,3.3,5.36,873.0,236.0,5.79,1.52,16.43,3291.0,583.0,21.81,3.6,10.77,15964.0,1024.0,58.98,1.86,3.9,0.0,,0.0,,,652.0,174.0,4.08,1.06,16.22,535.0,162.0,3.35,0.99,18.41,206.0,107.0,1.29,0.67,31.58,1276.0,270.0,7.99,1.61,12.86,694.0,193.0,4.35,1.18,16.91,1460.0,345.0,9.15,2.08,14.36,1189.0,257.0,7.45,1.54,13.14,2792.0,505.0,17.49,2.96,11.0,3676.0,462.0,23.03,2.49,7.64,1939.0,360.0,12.15,2.12,11.29,793.0,168.0,4.97,1.0,12.88,752.0,215.0,4.71,1.31,17.38,520.0,147.0,4.27,1.18,17.18,760.0,251.0,6.25,2.03,20.08,679.0,180.0,5.58,1.44,16.12,607.0,165.0,4.99,1.32,16.52,746.0,160.0,6.13,1.26,13.04,1399.0,258.0,11.5,2.0,11.21,1239.0,207.0,10.19,1.58,10.16,2179.0,299.0,17.91,2.19,8.34,2190.0,359.0,18.0,2.73,9.97,1845.0,384.0,15.17,3.01,12.65,10217.0,682.0,83.99,2.08,4.06,2502.0,362.0,20.57,2.69,8.8,1371.0,239.0,11.27,1.84,10.6,696.0,146.0,5.72,1.15,12.75,525.0,170.0,4.32,1.37,19.68,1509.0,306.0,12.41,2.4,12.33,25188.0,1528.0,93.87,2.12,3.69,18451.0,1342.0,68.76,3.17,4.42,8791.0,860.0,32.76,2.62,5.95,1644.0,335.0,6.13,1.2,12.39,13516.0,873.0,49.93,1.62,3.93,13553.0,1014.0,50.07,2.49,4.55,1373.0,351.0,5.07,1.27,15.54,846.0,194.0,3.13,0.7,13.94,915.0,198.0,3.38,0.71,13.15,1027.0,287.0,3.79,1.04,16.99,1538.0,343.0,5.68,1.23,13.56,7061.0,680.0,26.09,2.05,5.85,5096.0,614.0,18.83,2.01,7.32,3370.0,498.0,12.45,1.7,8.98,976.0,192.0,3.61,0.68,11.96,1330.0,286.0,4.91,1.02,13.07,2161.0,428.0,7.98,1.52,12.04,897.0,175.0,3.31,0.62,11.86,479.0,149.0,1.77,0.54,18.91,3772.0,550.0,13.93,1.88,8.86,23297.0,1293.0,86.07,6.77,3.37,3537.0,475.0,13.07,1.6,8.16,2457.0,536.0,9.08,1.91,13.26,14301.0,1134.0,52.83,2.98,4.82,2035.0,463.0,7.52,1.66,13.83,199.0,112.0,0.74,0.41,34.21,4320.0,637.0,15.96,2.18,8.96,0.0,,0.0,,,3757.0,779.0,13.88,2.77,12.6,6957.0,914.0,25.7,3.06,7.99,20112.0,1219.0,74.3,1.75,3.68,12428.0,1086.0,45.91,3.09,5.31,1862.0,430.0,6.88,1.54,14.04,189.0,111.0,0.7,0.41,35.7,4155.0,598.0,15.35,2.04,8.75,0.0,,0.0,,,490.0,269.0,1.81,0.99,33.37,988.0,258.0,3.65,0.93,15.87
11103,11103,11103,15516.0,646.0,100,,2.53,2355.0,332.0,15.18,2.04,8.57,5961.0,671.0,17.15,1.75,6.84,333.0,125.0,5.59,2.0,22.82,304.0,166.0,5.1,2.72,33.19,1501.0,307.0,25.18,4.3,12.43,1079.0,226.0,18.1,3.2,12.73,2744.0,422.0,46.03,4.82,9.35,28012.0,1353.0,80.61,0.87,2.94,2144.0,497.0,7.65,1.74,14.09,915.0,236.0,3.27,0.83,15.68,5561.0,573.0,19.85,1.81,6.26,14914.0,1032.0,53.24,2.64,4.21,30450.0,1458.0,87.62,0.77,2.91,373.0,96.0,1.22,0.31,15.65,34751.0,1636.0,100.0,0.04,2.86,2661.0,395.0,7.66,1.08,9.02,4301.0,627.0,12.38,1.71,8.86,133.0,73.0,3.09,1.64,33.37,26487.0,1399.0,76.22,1.83,3.21,1482.0,320.0,5.6,1.17,13.13,3963.0,483.0,11.4,1.28,7.41,1046.0,180.0,26.39,3.21,10.46,34458.0,1638.0,99.15,0.65,2.89,29445.0,1604.0,85.45,2.27,3.31,4786.0,568.0,13.89,1.51,7.21,227.0,99.0,0.66,0.29,26.51,34752.0,1636.0,100,,2.86,21048.0,1349.0,60.57,2.63,3.9,20176.0,1325.0,58.06,2.66,3.99,872.0,177.0,2.51,0.5,12.34,13704.0,1030.0,39.43,2.31,4.57,7364.0,669.0,53.74,2.74,5.52,6340.0,813.0,46.26,4.81,7.8,4632.0,645.0,33.8,3.96,8.46,3313.0,711.0,24.18,4.86,13.05,789.0,285.0,5.76,2.03,21.96,52.0,32.0,0.38,0.23,37.41,4842.0,656.0,35.33,3.98,8.24,76.0,44.0,0.55,0.32,35.19,33250.0,1581.0,95.68,0.64,2.89,15756.0,1293.0,47.39,3.17,4.99,6620.0,625.0,19.91,1.62,5.74,6787.0,803.0,20.41,2.21,7.19,14767.0,691.0,95.17,2.03,2.84,14417.0,665.0,92.92,1.84,2.8,30992.0,1538.0,89.18,1.4,3.02,23301.0,1202.0,75.18,1.06,3.14,21486.0,1199.0,69.33,1.77,3.39,1814.0,286.0,5.85,0.88,9.58,1.0,,0.0,,,7691.0,772.0,24.82,2.17,6.1,,,7.79,1.16,9.58,20926.0,1182.0,60.22,1.88,3.43,2727.0,459.0,13.03,2.07,10.23,614.0,255.0,2.93,1.21,25.25,13014.0,895.0,62.19,2.44,4.18,1137.0,262.0,5.43,1.21,14.01,2847.0,408.0,13.61,1.79,8.71,21486.0,1199.0,61.83,1.85,3.39,69.0,112.0,0.32,0.52,98.67,928.0,212.0,4.32,0.96,13.89,273.0,83.0,1.27,0.38,18.48,319.0,121.0,1.48,0.56,23.06,1549.0,269.0,7.21,1.19,10.56,1237.0,323.0,5.76,1.47,15.87,1713.0,297.0,7.97,1.31,10.54,1977.0,407.0,9.2,1.82,12.51,3782.0,400.0,17.6,1.58,6.43,4332.0,602.0,20.16,2.57,8.45,3243.0,379.0,15.09,1.55,7.1,1542.0,278.0,7.18,1.23,10.96,522.0,225.0,2.43,1.04,26.2,684.0,184.0,4.41,1.17,16.35,369.0,108.0,2.38,0.69,17.79,658.0,143.0,4.24,0.9,13.21,1060.0,223.0,6.83,1.41,12.79,1073.0,207.0,6.92,1.3,11.73,2800.0,450.0,18.05,2.8,9.77,2041.0,263.0,13.15,1.6,7.83,3180.0,345.0,20.49,2.05,6.6,1678.0,334.0,10.81,2.1,12.1,1973.0,407.0,12.72,2.57,12.54,13528.0,656.0,87.19,2.17,2.95,2844.0,357.0,18.33,2.17,7.63,1861.0,304.0,11.99,1.89,9.93,349.0,96.0,2.25,0.61,16.72,572.0,157.0,3.69,1.0,16.69,1029.0,226.0,6.63,1.43,13.35,31188.0,1466.0,89.75,5.97,2.86,22432.0,1254.0,64.55,1.95,3.4,10930.0,776.0,31.45,1.67,4.32,3563.0,636.0,10.25,1.77,10.85,16998.0,1031.0,48.91,1.87,3.69,17754.0,971.0,51.09,1.42,3.32,1502.0,303.0,4.32,0.85,12.26,906.0,296.0,2.61,0.84,19.86,1137.0,215.0,3.27,0.6,11.5,1263.0,325.0,3.63,0.92,15.64,1932.0,328.0,5.56,0.91,10.32,10346.0,916.0,29.77,2.23,5.38,5898.0,637.0,16.97,1.65,6.57,4220.0,582.0,12.14,1.57,8.38,2061.0,373.0,5.93,1.04,11.0,1524.0,300.0,4.39,0.84,11.97,2511.0,416.0,7.23,1.15,10.07,982.0,224.0,2.83,0.63,13.87,470.0,156.0,1.35,0.44,20.18,4301.0,627.0,12.38,1.71,8.86,30451.0,1458.0,87.62,0.77,2.91,3963.0,483.0,11.4,1.28,7.41,4072.0,1022.0,11.72,2.89,15.26,21080.0,1275.0,60.66,2.3,3.68,923.0,227.0,2.66,0.64,14.95,95.0,73.0,0.27,0.21,46.71,4684.0,922.0,13.48,2.58,11.97,0.0,,0.0,,,3898.0,604.0,11.22,1.66,9.42,9251.0,884.0,26.62,2.21,5.81,25501.0,1345.0,73.38,1.75,3.21,18603.0,1174.0,53.53,2.25,3.84,799.0,216.0,2.3,0.61,16.43,0.0,,0.0,,,4577.0,909.0,13.17,2.54,12.07,0.0,,0.0,,,98.0,63.0,0.28,0.18,39.08,1424.0,426.0,4.1,1.21,18.19
11104,11104,11104,11991.0,479.0,100,,2.43,2485.0,327.0,20.72,2.6,8.0,5058.0,655.0,18.78,2.11,7.87,273.0,107.0,5.4,2.0,23.83,310.0,155.0,6.13,2.96,30.4,1626.0,295.0,32.15,4.08,11.03,941.0,228.0,18.6,3.81,14.73,1908.0,460.0,37.72,7.67,14.66,20849.0,1237.0,77.39,6.76,3.61,1073.0,259.0,5.15,1.2,14.67,555.0,158.0,2.66,0.74,17.31,4183.0,654.0,20.06,2.9,9.5,10448.0,817.0,50.11,2.55,4.75,22257.0,1329.0,82.62,7.23,3.63,292.0,121.0,1.31,0.54,25.19,26939.0,1725.0,100.0,0.0,3.89,1445.0,237.0,5.36,0.81,9.97,4682.0,628.0,17.38,2.05,8.15,86.0,68.0,1.84,1.43,48.07,18846.0,1253.0,69.96,1.25,4.04,779.0,198.0,4.13,1.01,15.45,3411.0,356.0,12.66,1.04,6.34,580.0,135.0,17.0,3.54,14.15,26573.0,1687.0,98.64,8.89,3.86,23982.0,1728.0,90.25,3.08,4.38,2432.0,446.0,9.15,1.57,11.15,159.0,122.0,0.6,0.46,46.64,26939.0,1725.0,100,,3.89,14653.0,1170.0,54.39,2.59,4.85,13765.0,1107.0,51.1,2.49,4.89,888.0,270.0,3.3,0.98,18.48,12286.0,1138.0,45.61,3.05,5.63,5682.0,602.0,46.25,2.38,6.44,6604.0,1095.0,53.75,7.39,10.08,1874.0,328.0,15.25,2.27,10.64,5454.0,823.0,44.39,5.29,9.17,606.0,231.0,4.93,1.82,23.17,56.0,46.0,0.46,0.37,49.93,4235.0,840.0,34.47,6.05,12.06,61.0,48.0,0.5,0.39,47.83,25170.0,1528.0,93.43,8.24,3.69,9947.0,928.0,39.52,2.8,5.67,6666.0,950.0,26.48,3.41,8.66,5959.0,996.0,23.68,3.69,10.16,11410.0,522.0,95.15,2.12,2.78,10925.0,561.0,91.11,2.94,3.12,22781.0,1341.0,84.57,7.36,3.58,15956.0,1154.0,70.04,2.94,4.4,14934.0,1047.0,65.55,2.5,4.26,1022.0,373.0,4.49,1.62,22.19,0.0,,0.0,,,6825.0,836.0,29.96,3.22,7.45,,,6.41,2.29,22.19,14481.0,1093.0,53.75,2.15,4.59,1818.0,328.0,12.55,2.06,10.97,294.0,169.0,2.03,1.16,34.94,8758.0,877.0,60.48,3.98,6.09,761.0,241.0,5.26,1.62,19.25,2230.0,334.0,15.4,1.99,9.1,14934.0,1047.0,55.44,1.58,4.26,6.0,11.0,0.04,0.07,111.45,674.0,213.0,4.51,1.39,19.21,453.0,214.0,3.03,1.42,28.72,216.0,92.0,1.45,0.61,25.89,1302.0,313.0,8.72,2.0,14.61,1085.0,268.0,7.27,1.72,15.02,739.0,168.0,4.95,1.07,13.82,1378.0,338.0,9.23,2.17,14.91,2644.0,407.0,17.7,2.43,9.36,2993.0,531.0,20.04,3.27,10.79,2061.0,374.0,13.8,2.31,11.03,706.0,181.0,4.73,1.17,15.59,677.0,205.0,4.53,1.34,18.41,522.0,171.0,4.35,1.42,19.91,292.0,121.0,2.44,1.0,25.19,563.0,159.0,4.7,1.31,17.17,751.0,177.0,6.26,1.45,14.33,1236.0,321.0,10.31,2.65,15.79,2069.0,355.0,17.25,2.88,10.43,1608.0,244.0,13.41,1.96,9.22,2548.0,398.0,21.25,3.21,9.5,1081.0,211.0,9.02,1.72,11.87,1321.0,221.0,11.02,1.79,10.17,10278.0,531.0,85.71,2.81,3.14,2052.0,309.0,17.11,2.48,9.15,1574.0,298.0,13.13,2.43,11.51,296.0,115.0,2.47,0.95,23.62,431.0,144.0,3.59,1.19,20.31,941.0,212.0,7.85,1.74,13.7,25201.0,1582.0,93.55,8.39,3.82,16703.0,1432.0,62.0,3.53,5.21,10292.0,1129.0,38.2,3.4,6.67,1738.0,342.0,6.45,1.2,11.96,13395.0,1037.0,49.72,2.16,4.71,13544.0,997.0,50.28,1.83,4.47,1769.0,432.0,6.57,1.55,14.85,1228.0,378.0,4.56,1.37,18.71,977.0,257.0,3.63,0.93,15.99,1059.0,275.0,3.93,0.99,15.79,1057.0,253.0,3.92,0.9,14.55,5343.0,587.0,19.83,1.77,6.68,5835.0,754.0,21.66,2.43,7.86,3299.0,493.0,12.25,1.65,9.08,1664.0,278.0,6.18,0.95,10.16,1297.0,258.0,4.81,0.91,12.09,2146.0,320.0,7.97,1.07,9.06,1083.0,271.0,4.02,0.97,15.21,182.0,78.0,0.68,0.29,26.05,4682.0,628.0,17.38,2.05,8.15,22257.0,1329.0,82.62,7.23,3.63,3411.0,356.0,12.66,1.04,6.34,3959.0,935.0,14.7,3.34,14.36,12742.0,965.0,47.3,1.91,4.6,847.0,351.0,3.14,1.29,25.19,95.0,80.0,0.35,0.3,51.19,7264.0,1104.0,26.96,3.72,9.24,9.0,19.0,0.03,0.07,128.34,2023.0,471.0,7.51,1.68,14.15,7351.0,1207.0,27.29,4.13,9.98,19588.0,1298.0,72.71,1.24,4.03,10537.0,778.0,39.11,1.44,4.49,673.0,320.0,2.5,1.18,28.9,23.0,31.0,0.09,0.11,81.93,7242.0,1103.0,26.88,3.71,9.26,9.0,19.0,0.03,0.07,128.34,99.0,81.0,0.37,0.3,49.74,1005.0,293.0,3.73,1.06,17.72
11105,11105,11105,15851.0,550.0,100,,2.11,3441.0,405.0,21.71,2.44,7.15,7359.0,831.0,18.99,1.94,6.86,556.0,178.0,7.56,2.26,19.46,339.0,134.0,4.61,1.75,24.03,2481.0,427.0,33.71,4.38,10.46,1027.0,310.0,13.96,3.91,18.35,2956.0,468.0,40.17,4.46,9.62,30070.0,1292.0,77.59,4.98,2.61,1770.0,346.0,5.89,1.12,11.88,1416.0,289.0,4.71,0.94,12.41,5236.0,588.0,17.41,1.81,6.83,15906.0,1002.0,52.9,2.44,3.83,32750.0,1423.0,84.5,5.45,2.64,476.0,145.0,1.45,0.44,18.52,38747.0,1844.0,99.98,6.73,2.89,3910.0,529.0,10.09,1.28,8.22,5997.0,716.0,15.47,1.69,7.26,134.0,78.0,2.23,1.27,35.39,27589.0,1384.0,71.19,1.13,3.05,2047.0,452.0,7.42,1.6,13.42,5161.0,487.0,13.32,1.08,5.74,1729.0,291.0,33.5,4.67,10.23,38338.0,1818.0,98.92,6.65,2.88,33993.0,1776.0,88.67,1.94,3.18,3847.0,510.0,10.03,1.24,8.06,498.0,282.0,1.3,0.73,34.42,38756.0,1845.0,100,,2.89,26096.0,1545.0,67.33,2.37,3.6,24440.0,1557.0,63.06,2.67,3.87,1656.0,435.0,4.27,1.1,15.97,12660.0,1164.0,32.67,2.57,5.59,7708.0,748.0,60.88,1.89,5.9,4952.0,790.0,39.12,5.1,9.7,4407.0,583.0,34.81,3.31,8.04,2565.0,477.0,20.26,3.28,11.3,1669.0,495.0,13.18,3.72,18.03,40.0,29.0,0.32,0.23,44.07,3941.0,772.0,31.13,5.38,11.91,38.0,28.0,0.3,0.22,44.79,36653.0,1784.0,94.57,0.96,2.96,19042.0,1489.0,51.95,3.18,4.75,5971.0,681.0,16.29,1.68,6.93,6131.0,986.0,16.73,2.56,9.78,14967.0,556.0,94.42,1.25,2.26,14549.0,558.0,91.79,1.5,2.33,33265.0,1491.0,85.83,5.61,2.72,23919.0,1304.0,71.9,2.23,3.31,21971.0,1234.0,66.05,2.24,3.41,1939.0,434.0,5.83,1.28,13.61,9.0,14.0,0.03,0.04,94.56,9346.0,831.0,28.1,2.16,5.41,,,8.11,1.76,13.61,20942.0,1174.0,54.04,1.6,3.41,4064.0,481.0,19.41,2.02,7.19,771.0,171.0,3.68,0.79,13.48,10673.0,802.0,50.96,2.55,4.57,1201.0,262.0,5.73,1.21,13.26,3481.0,593.0,16.62,2.67,10.36,21971.0,1234.0,56.69,1.69,3.41,7.0,10.0,0.03,0.05,86.84,1246.0,264.0,5.67,1.16,12.88,497.0,164.0,2.26,0.74,20.06,413.0,146.0,1.88,0.66,21.49,1660.0,301.0,7.56,1.3,11.02,1283.0,245.0,5.84,1.07,11.61,1465.0,295.0,6.67,1.29,12.24,1529.0,259.0,6.96,1.11,10.3,4089.0,573.0,18.61,2.39,8.52,5102.0,539.0,23.22,2.08,6.42,2866.0,345.0,13.04,1.39,7.32,1200.0,254.0,5.46,1.11,12.87,614.0,155.0,2.79,0.69,15.35,577.0,153.0,3.64,0.96,16.12,389.0,125.0,2.45,0.78,19.53,860.0,211.0,5.43,1.32,14.91,951.0,251.0,6.0,1.57,16.04,1042.0,262.0,6.57,1.64,15.29,2189.0,301.0,13.81,1.84,8.36,2098.0,333.0,13.24,2.05,9.65,3555.0,409.0,22.43,2.46,6.99,2079.0,250.0,13.12,1.51,7.31,2111.0,276.0,13.32,1.68,7.95,13448.0,582.0,84.84,2.19,2.63,3686.0,398.0,23.25,2.38,6.56,2021.0,245.0,12.75,1.48,7.37,485.0,153.0,3.06,0.96,19.18,498.0,157.0,3.14,0.98,19.16,1288.0,239.0,8.13,1.48,11.28,35966.0,1813.0,92.82,1.54,3.06,26726.0,1792.0,68.98,3.26,4.08,12732.0,1265.0,32.86,2.87,6.04,2781.0,551.0,7.18,1.38,12.04,19458.0,1107.0,50.21,1.56,3.46,19298.0,1092.0,49.79,1.52,3.44,2103.0,401.0,5.43,1.0,11.59,1638.0,433.0,4.23,1.1,16.07,1579.0,316.0,4.07,0.79,12.17,1134.0,330.0,2.93,0.84,17.69,2232.0,384.0,5.76,0.95,10.46,10119.0,931.0,26.11,2.06,5.59,6274.0,587.0,16.19,1.3,5.69,4141.0,419.0,10.68,0.95,6.15,2586.0,510.0,6.67,1.28,11.99,1789.0,367.0,4.62,0.92,12.47,3059.0,384.0,7.89,0.92,7.63,1519.0,290.0,3.92,0.72,11.61,583.0,128.0,1.5,0.32,13.35,5997.0,716.0,15.47,1.69,7.26,32759.0,1423.0,84.53,5.45,2.64,5161.0,487.0,13.32,1.08,5.74,4345.0,789.0,11.21,1.96,11.04,26181.0,1729.0,67.55,3.09,4.01,1693.0,481.0,4.37,1.22,17.27,230.0,171.0,0.59,0.44,45.2,3375.0,620.0,8.71,1.55,11.17,0.0,,0.0,,,2932.0,782.0,7.57,1.99,16.21,8903.0,1195.0,22.97,2.88,8.16,29853.0,1701.0,77.03,2.41,3.46,23322.0,1631.0,60.18,3.08,4.25,1483.0,462.0,3.83,1.18,18.94,32.0,49.0,0.08,0.13,93.09,3274.0,607.0,8.45,1.51,11.27,0.0,,0.0,,,132.0,83.0,0.34,0.21,38.22,1610.0,389.0,4.15,0.98,14.69
11106,11106,11106,18516.0,753.0,100,,2.47,3168.0,397.0,17.11,2.03,7.62,7354.0,936.0,18.29,2.08,7.74,259.0,133.0,3.52,1.75,31.22,340.0,159.0,4.62,2.08,28.43,2394.0,501.0,32.55,5.41,12.72,1261.0,306.0,17.15,3.54,14.75,3100.0,508.0,42.15,4.35,9.96,30987.0,1515.0,77.09,5.83,2.97,2197.0,406.0,7.09,1.26,11.23,1460.0,288.0,4.71,0.9,11.99,5935.0,625.0,19.15,1.79,6.4,15752.0,1190.0,50.83,2.93,4.59,34234.0,1756.0,85.16,6.58,3.12,534.0,184.0,1.56,0.53,20.95,40171.0,2321.0,99.93,0.27,3.51,4090.0,489.0,10.18,1.07,7.27,5961.0,992.0,14.83,2.31,10.12,348.0,167.0,5.84,2.63,29.17,28514.0,1690.0,70.93,0.96,3.6,1724.0,326.0,6.05,1.09,11.5,5696.0,575.0,14.17,1.17,6.14,2018.0,319.0,35.43,4.31,9.61,39847.0,2245.0,99.13,8.0,3.42,34509.0,2120.0,86.6,2.12,3.73,5070.0,834.0,12.72,1.97,10.0,268.0,120.0,0.67,0.3,27.22,40198.0,2320.0,100,,3.51,24432.0,1911.0,60.78,3.21,4.75,23465.0,1879.0,58.37,3.24,4.87,967.0,228.0,2.41,0.55,14.33,15766.0,1140.0,39.22,1.71,4.4,9210.0,763.0,58.42,2.36,5.04,6556.0,859.0,41.58,4.54,7.97,3555.0,698.0,22.55,4.12,11.94,5591.0,694.0,35.46,3.58,7.55,495.0,172.0,3.14,1.07,21.12,80.0,55.0,0.51,0.35,41.79,5917.0,837.0,37.53,4.56,8.6,128.0,88.0,0.81,0.56,41.79,38250.0,2100.0,95.15,7.58,3.34,17988.0,1486.0,47.03,2.9,5.02,8281.0,945.0,21.65,2.17,6.94,8386.0,1225.0,21.92,2.97,8.88,17282.0,807.0,93.34,2.14,2.84,16442.0,778.0,88.8,2.15,2.88,34801.0,1746.0,86.57,6.62,3.05,24841.0,1470.0,71.38,2.24,3.6,22660.0,1300.0,65.11,1.81,3.49,2181.0,460.0,6.27,1.28,12.82,0.0,,0.0,,,9960.0,681.0,28.62,1.33,4.16,,,8.78,1.78,12.82,21852.0,1294.0,54.36,0.72,3.6,2116.0,304.0,9.68,1.27,8.73,422.0,141.0,1.93,0.64,20.31,13115.0,992.0,60.02,2.82,4.6,1497.0,356.0,6.85,1.58,14.46,3823.0,711.0,17.49,3.08,11.31,22660.0,1300.0,56.37,4.59,3.49,57.0,92.0,0.25,0.41,98.12,1170.0,315.0,5.16,1.36,16.37,797.0,215.0,3.52,0.93,16.4,332.0,113.0,1.47,0.49,20.69,2008.0,387.0,8.86,1.63,11.72,1149.0,304.0,5.07,1.31,16.08,1437.0,237.0,6.34,0.98,10.03,1978.0,309.0,8.73,1.27,9.5,4761.0,562.0,21.01,2.17,7.18,4107.0,483.0,18.12,1.86,7.15,3255.0,692.0,14.36,2.94,12.92,1016.0,240.0,4.48,1.03,14.36,593.0,169.0,2.62,0.73,17.32,1019.0,216.0,5.5,1.14,12.89,854.0,238.0,4.61,1.27,16.94,1314.0,290.0,7.1,1.54,13.42,1064.0,239.0,5.75,1.27,13.65,1481.0,253.0,8.0,1.33,10.38,2897.0,463.0,15.65,2.42,9.72,2302.0,415.0,12.43,2.18,10.96,2797.0,354.0,15.11,1.81,7.69,2323.0,451.0,12.55,2.38,11.8,2465.0,335.0,13.31,1.73,8.26,14845.0,726.0,80.17,2.18,2.97,3895.0,390.0,21.04,1.92,6.09,2720.0,422.0,14.69,2.2,9.43,1048.0,216.0,5.66,1.14,12.53,1171.0,260.0,6.32,1.38,13.5,2818.0,383.0,15.22,1.97,8.26,37442.0,2172.0,93.21,0.48,3.53,25619.0,1795.0,63.77,2.53,4.26,15892.0,1272.0,39.56,2.19,4.87,2729.0,520.0,6.79,1.23,11.58,19818.0,1454.0,49.3,2.23,4.46,20380.0,1203.0,50.7,0.63,3.59,1948.0,484.0,4.85,1.17,15.1,1339.0,314.0,3.33,0.76,14.26,1855.0,387.0,4.61,0.93,12.68,1338.0,305.0,3.33,0.73,13.86,2731.0,497.0,6.79,1.17,11.06,9687.0,930.0,24.1,1.85,5.84,6483.0,758.0,16.13,1.64,7.11,4790.0,575.0,11.92,1.25,7.3,2390.0,401.0,5.95,0.94,10.2,1925.0,387.0,4.79,0.92,12.22,3271.0,478.0,8.14,1.09,8.88,1649.0,326.0,4.1,0.78,12.02,792.0,215.0,1.97,0.52,16.5,5964.0,992.0,14.84,2.31,10.11,34234.0,1756.0,85.16,6.58,3.12,5712.0,575.0,14.21,1.17,6.12,4287.0,1004.0,10.66,2.42,14.24,19475.0,1520.0,48.45,2.55,4.74,3027.0,684.0,7.53,1.65,13.74,194.0,140.0,0.48,0.35,43.87,7889.0,966.0,19.63,2.12,7.44,22.0,27.0,0.05,0.07,74.61,5304.0,1233.0,13.19,2.97,14.13,10746.0,1401.0,26.73,3.13,7.93,29452.0,2078.0,73.27,2.97,4.29,16511.0,1448.0,41.07,2.71,5.33,2825.0,641.0,7.03,1.54,13.79,66.0,92.0,0.16,0.23,84.74,7889.0,966.0,19.63,2.12,7.44,6.0,12.0,0.01,0.03,121.58,445.0,269.0,1.11,0.67,36.75,1710.0,610.0,4.25,1.5,21.69
11109,11109,11109,3326.0,587.0,100,,10.73,1039.0,477.0,31.24,13.24,27.91,1155.0,363.0,15.87,4.05,19.11,248.0,184.0,21.47,14.43,45.1,29.0,47.0,2.51,3.99,98.52,407.0,237.0,35.24,17.27,35.4,98.0,88.0,8.48,7.14,54.59,373.0,189.0,32.29,12.84,30.8,5601.0,941.0,76.94,19.14,10.21,0.0,,0.0,,,60.0,96.0,1.07,1.7,97.26,360.0,243.0,6.43,4.2,41.03,4705.0,840.0,84.0,5.07,10.85,5781.0,972.0,79.41,19.76,10.22,64.0,77.0,1.11,1.32,73.14,7265.0,1337.0,99.79,1.38,11.19,144.0,103.0,1.98,1.37,43.48,1484.0,555.0,20.38,6.64,22.73,0.0,,0.0,,,5382.0,874.0,73.93,18.12,9.87,74.0,77.0,1.37,1.41,63.25,399.0,203.0,5.48,2.6,30.93,70.0,65.0,17.54,13.63,56.45,6855.0,1246.0,94.16,24.32,11.05,5196.0,1307.0,75.8,13.18,15.29,1368.0,472.0,19.96,5.85,20.97,291.0,285.0,4.25,4.09,59.54,7280.0,1336.0,100,,11.16,4378.0,848.0,60.14,3.73,11.77,4285.0,848.0,58.86,4.36,12.03,93.0,76.0,1.28,1.02,49.68,2902.0,808.0,39.86,8.35,16.93,870.0,427.0,29.98,12.12,29.84,2032.0,675.0,70.02,12.69,20.19,727.0,380.0,25.05,11.08,31.77,1631.0,665.0,56.2,16.74,24.79,0.0,,0.0,,,155.0,178.0,5.34,5.95,69.81,389.0,199.0,13.4,5.75,31.1,0.0,,0.0,,,6402.0,1132.0,87.94,22.41,10.75,3541.0,813.0,55.31,8.1,13.96,945.0,392.0,14.76,5.54,25.22,371.0,218.0,5.8,3.25,35.72,3326.0,587.0,100.0,0.0,10.73,3209.0,599.0,96.48,5.86,11.35,5853.0,970.0,80.4,19.88,10.07,4912.0,795.0,83.92,19.44,9.84,4641.0,764.0,79.29,18.52,10.01,256.0,161.0,4.37,2.65,38.23,15.0,24.0,0.26,0.41,97.26,941.0,318.0,16.08,4.73,20.54,,,5.21,3.17,38.23,4297.0,743.0,59.02,14.88,10.51,272.0,169.0,6.33,3.78,37.77,0.0,,0.0,,,2799.0,591.0,65.14,7.89,12.84,17.0,27.0,0.4,0.62,96.55,980.0,444.0,22.81,9.55,27.54,4641.0,764.0,63.75,15.72,10.01,0.0,,0.0,,,144.0,130.0,3.1,2.75,54.88,96.0,99.0,2.07,2.11,62.69,120.0,121.0,2.59,2.57,61.3,327.0,245.0,7.05,5.15,45.55,70.0,78.0,1.51,1.66,67.74,298.0,163.0,6.42,3.35,33.25,1050.0,348.0,22.62,6.51,20.15,1438.0,498.0,30.98,9.44,21.05,512.0,221.0,11.03,4.4,26.24,250.0,151.0,5.39,3.13,36.72,111.0,147.0,2.39,3.14,80.51,225.0,207.0,4.85,4.39,55.93,0.0,,0.0,,,0.0,,0.0,,,0.0,,0.0,,,357.0,341.0,10.73,10.08,58.07,0.0,,0.0,,,188.0,125.0,5.65,3.62,40.42,214.0,159.0,6.43,4.64,45.17,577.0,241.0,17.35,6.57,25.39,556.0,197.0,16.72,5.14,21.54,1434.0,366.0,43.11,7.95,15.52,3190.0,583.0,95.91,4.55,11.11,399.0,331.0,12.0,9.72,50.43,200.0,100.0,6.01,2.81,30.4,33.0,56.0,0.99,1.67,103.16,18.0,29.0,0.54,0.87,97.94,0.0,,0.0,,,7101.0,1328.0,97.74,3.25,11.37,6907.0,1320.0,95.07,4.9,11.62,435.0,211.0,5.99,2.69,29.49,164.0,119.0,2.26,1.58,44.11,3806.0,587.0,52.28,12.53,9.38,3474.0,858.0,47.72,7.89,15.01,878.0,432.0,12.06,5.51,29.91,508.0,254.0,6.98,3.25,30.4,41.0,49.0,0.56,0.67,72.65,57.0,70.0,0.78,0.95,74.65,195.0,180.0,2.68,2.42,56.11,2072.0,438.0,28.46,2.99,12.85,1898.0,633.0,26.07,7.26,20.27,812.0,313.0,11.15,3.78,23.43,312.0,199.0,4.29,2.62,38.77,108.0,94.0,1.48,1.26,52.91,255.0,198.0,3.5,2.64,47.2,25.0,41.0,0.34,0.56,99.7,119.0,77.0,1.63,1.01,39.33,1484.0,555.0,20.38,6.64,22.73,5796.0,971.0,79.62,19.78,10.18,399.0,203.0,5.48,2.6,30.93,685.0,338.0,9.41,4.31,30.0,3975.0,877.0,54.6,6.69,13.41,91.0,95.0,1.25,1.28,63.46,0.0,,0.0,,,2400.0,895.0,32.97,10.7,22.67,0.0,,0.0,,,129.0,102.0,1.77,1.36,48.07,558.0,336.0,7.66,4.4,36.6,6722.0,1288.0,92.34,5.09,11.65,3659.0,811.0,50.26,6.25,13.47,39.0,47.0,0.54,0.64,73.26,0.0,,0.0,,,2400.0,895.0,32.97,10.7,22.67,0.0,,0.0,,,17.0,28.0,0.23,0.38,100.13,607.0,322.0,8.34,4.15,32.25
11201,11201,11201,32227.0,996.0,100,,1.88,6664.0,531.0,20.68,1.52,4.84,14276.0,1225.0,20.47,1.58,5.22,1135.0,229.0,7.95,1.45,12.27,894.0,272.0,6.26,1.83,18.5,4828.0,756.0,33.82,4.43,9.52,1426.0,332.0,9.99,2.16,14.15,5993.0,549.0,41.98,1.35,5.57,51970.0,1726.0,74.5,3.73,2.02,1411.0,361.0,2.72,0.69,15.55,1114.0,230.0,2.14,0.44,12.55,4263.0,571.0,8.2,1.06,8.14,40605.0,1441.0,78.13,0.98,2.16,57455.0,1884.0,82.37,4.1,1.99,1157.0,274.0,2.01,0.47,14.4,69061.0,2606.0,99.01,0.51,2.29,5634.0,709.0,8.16,0.98,7.65,12292.0,1173.0,17.62,1.55,5.8,196.0,119.0,1.59,0.96,36.91,48572.0,1800.0,69.63,3.67,2.25,2694.0,429.0,5.55,0.86,9.68,8197.0,721.0,11.75,0.94,5.35,2744.0,465.0,33.48,4.85,10.3,68419.0,2539.0,98.08,5.17,2.26,53660.0,2546.0,78.43,2.32,2.88,13693.0,1227.0,20.01,1.63,5.45,1066.0,332.0,1.56,0.48,18.93,69755.0,2608.0,100,,2.27,55017.0,2326.0,78.87,1.56,2.57,52823.0,2236.0,75.73,1.5,2.57,2194.0,518.0,3.15,0.73,14.35,14738.0,1085.0,21.13,1.34,4.48,6606.0,664.0,44.82,3.07,6.11,8132.0,851.0,55.18,4.1,6.36,4010.0,571.0,27.21,3.32,8.66,6068.0,697.0,41.17,3.63,6.98,594.0,235.0,4.03,1.57,24.05,165.0,109.0,1.12,0.73,40.16,3296.0,659.0,22.36,4.16,12.15,605.0,219.0,4.11,1.45,22.01,64805.0,2423.0,92.9,0.03,2.27,48226.0,1899.0,74.42,0.92,2.39,4273.0,654.0,6.59,0.98,9.3,4803.0,1017.0,7.41,1.54,12.87,31002.0,1041.0,96.2,1.26,2.04,30349.0,973.0,94.17,0.8,1.95,58350.0,1901.0,83.65,4.15,1.98,43381.0,1676.0,74.35,1.54,2.35,41046.0,1573.0,70.34,1.42,2.33,2335.0,522.0,4.0,0.89,13.59,0.0,,0.0,,,14969.0,1051.0,25.65,1.6,4.27,,,5.38,1.19,13.59,40537.0,1567.0,58.11,0.57,2.35,2317.0,351.0,5.72,0.84,9.21,315.0,129.0,0.78,0.32,24.9,20026.0,1083.0,49.4,1.87,3.29,4034.0,455.0,9.95,1.05,6.86,11321.0,1125.0,27.93,2.56,6.04,41046.0,1573.0,58.84,0.5,2.33,0.0,,0.0,,,693.0,221.0,1.69,0.53,19.39,985.0,215.0,2.4,0.52,13.27,697.0,213.0,1.7,0.51,18.58,2769.0,379.0,6.75,0.89,8.32,655.0,181.0,1.6,0.44,16.8,3377.0,516.0,8.23,1.22,9.29,6611.0,739.0,16.11,1.69,6.8,12301.0,923.0,29.97,1.93,4.56,7669.0,623.0,18.68,1.34,4.94,2569.0,433.0,6.26,1.03,10.25,1305.0,265.0,3.18,0.63,12.34,1415.0,255.0,3.45,0.61,10.96,1845.0,315.0,5.73,0.96,10.38,867.0,218.0,2.69,0.67,15.29,1233.0,370.0,3.83,1.14,18.24,1074.0,386.0,3.33,1.19,21.85,1501.0,283.0,4.66,0.87,11.46,2260.0,282.0,7.01,0.85,7.59,1874.0,263.0,5.81,0.8,8.53,4455.0,613.0,13.82,1.85,8.36,4008.0,569.0,12.44,1.72,8.63,13110.0,730.0,40.68,1.88,3.38,27439.0,1038.0,85.14,1.86,2.3,5633.0,541.0,17.48,1.59,5.84,4541.0,578.0,14.09,1.74,7.74,1292.0,328.0,4.01,1.01,15.43,1133.0,344.0,3.52,1.06,18.46,2472.0,351.0,7.67,1.06,8.63,67231.0,2606.0,97.35,0.86,2.36,57943.0,2444.0,83.9,1.58,2.56,14776.0,1200.0,21.4,1.54,4.94,1830.0,406.0,2.65,0.58,13.49,33195.0,1663.0,47.59,1.59,3.05,36560.0,1598.0,52.41,1.19,2.66,4950.0,599.0,7.1,0.82,7.36,3421.0,534.0,4.9,0.74,9.49,2650.0,546.0,3.8,0.77,12.53,2792.0,447.0,4.0,0.62,9.73,3972.0,546.0,5.69,0.75,8.36,16871.0,967.0,24.19,1.05,3.48,12739.0,1225.0,18.26,1.62,5.85,7975.0,783.0,11.43,1.04,5.97,3283.0,565.0,4.71,0.79,10.46,2357.0,354.0,3.38,0.49,9.13,4616.0,472.0,6.62,0.63,6.22,3048.0,472.0,4.37,0.66,9.41,1081.0,324.0,1.55,0.46,18.22,12300.0,1173.0,17.63,1.55,5.8,57455.0,1884.0,82.37,4.1,1.99,8745.0,724.0,12.54,0.93,5.03,6409.0,1171.0,9.19,1.64,11.11,42394.0,1655.0,60.78,0.68,2.37,8399.0,1017.0,12.04,1.39,7.36,132.0,107.0,0.19,0.15,49.28,9960.0,1143.0,14.28,1.55,6.98,0.0,,0.0,,,2461.0,843.0,3.53,1.2,20.82,7705.0,1382.0,11.05,1.94,10.9,62050.0,2257.0,88.95,4.64,2.21,40092.0,1662.0,57.48,1.03,2.52,7982.0,1045.0,11.44,1.44,7.96,38.0,44.0,0.05,0.06,70.39,9889.0,1142.0,14.18,1.55,7.02,0.0,,0.0,,,353.0,165.0,0.51,0.24,28.41,3696.0,621.0,5.3,0.87,10.21
11203,11203,11203,29411.0,800.0,100,,1.65,8307.0,594.0,28.24,1.87,4.35,17192.0,1362.0,21.9,1.57,4.82,745.0,198.0,4.33,1.1,16.16,698.0,195.0,4.06,1.09,16.98,6577.0,742.0,38.26,3.07,6.86,3674.0,542.0,21.37,2.66,8.97,5498.0,649.0,31.98,2.8,7.18,58061.0,1783.0,73.96,3.39,1.87,3009.0,388.0,5.18,0.65,7.84,4041.0,492.0,6.96,0.82,7.4,20458.0,1000.0,35.24,1.34,2.97,14873.0,1060.0,25.62,1.65,4.33,63837.0,2052.0,81.31,3.81,1.95,888.0,174.0,1.39,0.27,11.91,77339.0,2678.0,98.51,0.61,2.1,8094.0,612.0,10.47,0.7,4.6,14663.0,1058.0,18.68,1.19,4.39,394.0,179.0,2.69,1.21,27.62,47863.0,1863.0,60.97,1.15,2.37,3188.0,372.0,6.66,0.73,7.09,14813.0,700.0,18.87,0.62,2.87,4512.0,431.0,30.46,2.53,5.81,77609.0,2674.0,98.86,0.51,2.09,73627.0,2612.0,94.87,0.8,2.16,3615.0,654.0,4.66,0.83,11.0,367.0,139.0,0.47,0.18,23.02,78506.0,2674.0,100,,2.07,39103.0,1946.0,49.81,1.81,3.03,37471.0,1911.0,47.73,1.81,3.1,1632.0,365.0,2.08,0.46,13.6,39403.0,1645.0,50.19,1.21,2.54,28405.0,1233.0,72.09,0.86,2.64,10998.0,1011.0,27.91,2.29,5.59,566.0,283.0,1.44,0.72,30.4,1364.0,343.0,3.46,0.86,15.29,880.0,254.0,2.23,0.64,17.55,0.0,,0.0,,,36534.0,1648.0,92.72,1.58,2.74,59.0,45.0,0.15,0.11,46.37,74469.0,2554.0,94.86,0.38,2.08,59606.0,2474.0,80.04,1.87,2.52,4998.0,758.0,6.71,0.99,9.22,3661.0,795.0,4.92,1.05,13.2,26381.0,907.0,89.7,1.89,2.09,25863.0,812.0,87.94,1.38,1.91,65465.0,2228.0,83.39,4.02,2.07,39459.0,1633.0,60.27,1.42,2.52,36748.0,1630.0,56.13,1.6,2.7,2711.0,480.0,4.14,0.72,10.76,0.0,,0.0,,,26006.0,1182.0,39.73,1.2,2.76,,,6.87,1.18,10.76,35916.0,1591.0,45.75,1.3,2.69,9045.0,716.0,25.18,1.65,4.81,1006.0,218.0,2.8,0.59,13.17,20482.0,1240.0,57.03,2.35,3.68,2185.0,416.0,6.08,1.13,11.57,2434.0,476.0,6.78,1.29,11.89,36748.0,1630.0,46.81,1.33,2.7,43.0,63.0,0.12,0.17,89.06,1722.0,308.0,4.69,0.81,10.87,759.0,205.0,2.07,0.55,16.42,331.0,138.0,0.9,0.37,25.34,2768.0,405.0,7.53,1.05,8.89,3646.0,525.0,9.92,1.36,8.75,688.0,198.0,1.87,0.53,17.49,2718.0,518.0,7.4,1.37,11.59,3136.0,422.0,8.53,1.08,8.18,15295.0,1066.0,41.62,2.24,4.24,2047.0,391.0,5.57,1.03,11.61,1709.0,314.0,4.65,0.83,11.17,1886.0,341.0,5.13,0.9,10.99,2090.0,330.0,7.11,1.11,9.6,1508.0,311.0,5.13,1.05,12.54,1796.0,308.0,6.11,1.03,10.43,2396.0,408.0,8.15,1.37,10.35,3409.0,480.0,11.59,1.6,8.56,4949.0,636.0,16.83,2.11,7.81,3753.0,424.0,12.76,1.4,6.87,4768.0,463.0,16.21,1.51,5.9,2433.0,388.0,8.27,1.3,9.69,2309.0,351.0,7.85,1.17,9.24,22958.0,847.0,78.06,1.95,2.24,10235.0,583.0,34.8,1.74,3.46,5803.0,464.0,19.73,1.48,4.86,1842.0,264.0,6.26,0.88,8.71,814.0,180.0,2.77,0.61,13.44,5322.0,443.0,18.1,1.42,5.06,72766.0,2638.0,94.09,1.01,2.2,43275.0,2375.0,55.95,2.38,3.34,34094.0,1777.0,44.08,1.72,3.17,4573.0,733.0,5.91,0.93,9.74,36032.0,1634.0,45.9,1.37,2.76,42474.0,1664.0,54.1,1.05,2.38,4037.0,617.0,5.14,0.77,9.29,3832.0,518.0,4.88,0.64,8.22,4134.0,455.0,5.27,0.55,6.69,4342.0,620.0,5.53,0.77,8.68,4100.0,508.0,5.22,0.62,7.53,11443.0,868.0,14.58,0.99,4.61,10373.0,778.0,13.21,0.88,4.56,9168.0,648.0,11.68,0.72,4.3,5602.0,519.0,7.14,0.61,5.63,6020.0,664.0,7.67,0.8,6.71,9002.0,554.0,11.47,0.59,3.74,4580.0,430.0,5.83,0.51,5.71,1873.0,381.0,2.39,0.48,12.37,14669.0,1058.0,18.69,1.19,4.38,63837.0,2052.0,81.31,3.81,1.95,15455.0,693.0,19.69,0.57,2.73,5797.0,1072.0,7.38,1.34,11.24,4399.0,737.0,5.6,0.92,10.18,64474.0,2544.0,82.13,1.64,2.4,110.0,84.0,0.14,0.11,46.42,1462.0,354.0,1.86,0.45,14.72,22.0,36.0,0.03,0.05,99.47,2242.0,630.0,2.86,0.8,17.08,5388.0,985.0,6.86,1.23,11.11,73118.0,2572.0,93.14,0.82,2.14,3963.0,714.0,5.05,0.89,10.95,63037.0,2521.0,80.3,1.68,2.43,92.0,77.0,0.12,0.1,50.88,1382.0,340.0,1.76,0.43,14.96,22.0,36.0,0.03,0.05,99.47,308.0,191.0,0.39,0.24,37.7,4314.0,966.0,5.5,1.22,13.61
11204,11204,11204,25118.0,1132.0,100,,2.74,9778.0,837.0,38.93,2.83,5.2,24373.0,1804.0,30.25,1.83,4.5,1626.0,315.0,6.67,1.19,11.78,1609.0,297.0,6.6,1.12,11.22,11059.0,1029.0,45.37,2.56,5.66,4596.0,552.0,18.86,1.78,7.3,5483.0,677.0,22.5,2.22,7.51,50138.0,2075.0,62.23,3.69,2.52,8254.0,797.0,16.46,1.44,5.87,5061.0,727.0,10.09,1.39,8.73,13754.0,890.0,27.43,1.36,3.93,15223.0,1191.0,30.36,2.02,4.76,56394.0,2444.0,69.99,0.56,2.63,1042.0,234.0,1.85,0.41,13.65,80481.0,3421.0,99.88,6.01,2.58,6710.0,581.0,8.34,0.63,5.26,24141.0,1746.0,29.96,1.75,4.4,195.0,92.0,0.81,0.38,28.68,44844.0,2190.0,55.65,1.33,2.97,2234.0,321.0,4.98,0.67,8.73,11496.0,834.0,14.27,0.84,4.41,4281.0,465.0,37.24,3.01,6.6,79282.0,3449.0,98.4,0.88,2.64,73712.0,3358.0,92.97,1.26,2.77,4767.0,761.0,6.01,0.92,9.7,803.0,296.0,1.01,0.37,22.41,80575.0,3431.0,100,,2.59,44530.0,2523.0,55.27,2.07,3.44,43068.0,2454.0,53.45,2.02,3.46,1462.0,308.0,1.81,0.37,12.81,36045.0,2184.0,44.73,1.93,3.68,19818.0,1263.0,54.98,1.09,3.87,16227.0,1606.0,45.02,3.52,6.02,9927.0,1181.0,27.54,2.82,7.23,20022.0,1673.0,55.55,3.2,5.08,981.0,374.0,2.72,1.02,23.18,0.0,,0.0,,,4854.0,955.0,13.47,2.52,11.96,261.0,139.0,0.72,0.38,32.37,73366.0,3140.0,91.05,0.39,2.6,17225.0,1237.0,23.48,1.35,4.37,33661.0,2309.0,45.88,2.46,4.17,6703.0,1241.0,9.14,1.65,11.25,22354.0,1116.0,89.0,1.91,3.03,21045.0,1067.0,83.78,1.95,3.08,58670.0,2524.0,72.81,0.45,2.62,35850.0,1865.0,61.1,1.79,3.16,33120.0,1763.0,56.45,1.77,3.24,2694.0,412.0,4.59,0.67,9.3,36.0,35.0,0.06,0.06,59.1,22820.0,1250.0,38.9,1.32,3.33,,,7.51,1.08,9.3,31103.0,1699.0,38.6,1.32,3.32,6729.0,538.0,21.63,1.26,4.86,2581.0,459.0,8.3,1.4,10.81,13156.0,1099.0,42.3,2.67,5.08,4499.0,458.0,14.46,1.24,6.19,2839.0,484.0,9.13,1.47,10.36,33120.0,1763.0,41.1,1.31,3.24,37.0,37.0,0.11,0.11,60.79,2782.0,416.0,8.4,1.17,9.09,1463.0,291.0,4.42,0.85,12.09,1045.0,218.0,3.16,0.64,12.68,2827.0,402.0,8.54,1.13,8.64,2962.0,464.0,8.94,1.32,9.52,442.0,132.0,1.33,0.39,18.15,2115.0,320.0,6.39,0.9,9.2,3651.0,636.0,11.02,1.83,10.59,10116.0,851.0,30.54,1.99,5.11,3398.0,430.0,10.26,1.18,7.69,1561.0,415.0,4.71,1.23,16.16,721.0,185.0,2.18,0.55,15.6,1165.0,224.0,4.64,0.87,11.69,1301.0,242.0,5.18,0.93,11.31,2297.0,329.0,9.14,1.24,8.71,2198.0,329.0,8.75,1.25,9.1,2651.0,361.0,10.55,1.36,8.28,4600.0,701.0,18.31,2.67,9.26,3548.0,504.0,14.13,1.9,8.64,3623.0,573.0,14.42,2.19,9.61,2199.0,358.0,8.75,1.37,9.9,1536.0,210.0,6.12,0.79,8.31,20580.0,1062.0,81.93,2.06,3.14,7188.0,565.0,28.62,1.84,4.78,3465.0,394.0,13.79,1.44,6.91,2238.0,338.0,8.91,1.28,9.18,1038.0,191.0,4.13,0.74,11.19,5967.0,665.0,23.76,2.42,6.77,74785.0,3343.0,92.92,1.29,2.72,32213.0,2039.0,40.03,1.88,3.85,47797.0,2764.0,59.39,2.33,3.52,5696.0,930.0,7.08,1.12,9.93,39889.0,1940.0,49.51,1.16,2.96,40686.0,1882.0,50.49,0.91,2.81,7209.0,750.0,8.95,0.85,6.32,6869.0,730.0,8.52,0.83,6.46,6574.0,665.0,8.16,0.75,6.15,5394.0,663.0,6.69,0.77,7.47,4391.0,605.0,5.45,0.71,8.38,10160.0,869.0,12.61,0.94,5.2,9550.0,910.0,11.85,1.01,5.79,9460.0,805.0,11.74,0.86,5.17,5034.0,749.0,6.25,0.89,9.04,4406.0,378.0,5.47,0.41,5.22,6311.0,560.0,7.83,0.61,5.39,3364.0,413.0,4.17,0.48,7.46,1853.0,371.0,2.3,0.45,12.17,24145.0,1746.0,29.97,1.75,4.4,56430.0,2452.0,70.03,0.61,2.64,11528.0,832.0,14.31,0.83,4.39,3365.0,756.0,4.18,0.92,13.66,44660.0,2701.0,55.43,2.38,3.68,658.0,240.0,0.82,0.3,22.17,800.0,453.0,0.99,0.56,34.42,24763.0,2132.0,30.73,2.3,5.23,14.0,20.0,0.02,0.02,86.84,6315.0,1422.0,7.84,1.73,13.69,9128.0,1477.0,11.33,1.77,9.84,71447.0,3321.0,88.67,1.65,2.83,42909.0,2653.0,53.25,2.39,3.76,427.0,148.0,0.53,0.18,21.07,463.0,273.0,0.57,0.34,35.84,24490.0,2148.0,30.39,2.33,5.33,14.0,20.0,0.02,0.02,86.84,995.0,441.0,1.23,0.54,26.94,2149.0,627.0,2.67,0.77,17.74
11205,11205,11205,16861.0,819.0,100,,2.95,5323.0,472.0,31.57,2.34,5.39,17430.0,1394.0,34.64,2.22,4.86,1042.0,281.0,5.98,1.54,16.39,1530.0,464.0,8.78,2.57,18.44,6718.0,728.0,38.54,2.82,6.59,3241.0,588.0,18.59,3.03,11.03,4899.0,511.0,28.11,1.88,6.34,28897.0,1466.0,57.43,0.98,3.08,1810.0,424.0,6.26,1.43,14.24,2532.0,531.0,8.76,1.78,12.75,5083.0,558.0,17.59,1.71,6.67,14956.0,1168.0,51.76,3.07,4.75,34818.0,1634.0,69.19,4.63,2.85,434.0,170.0,1.25,0.48,23.81,50292.0,2408.0,99.95,0.29,2.91,4395.0,626.0,8.74,1.17,8.66,15482.0,1485.0,30.77,2.56,5.83,219.0,116.0,1.41,0.74,32.2,30458.0,1426.0,60.53,4.05,2.85,2194.0,372.0,7.2,1.17,10.31,4352.0,632.0,8.65,1.19,8.83,1982.0,468.0,45.54,8.48,14.35,49370.0,2348.0,98.11,6.62,2.89,42348.0,2159.0,85.78,1.58,3.1,6492.0,794.0,13.15,1.48,7.43,530.0,159.0,1.07,0.32,18.24,50319.0,2405.0,100,,2.91,42088.0,2356.0,83.64,2.44,3.4,40335.0,2220.0,80.16,2.19,3.35,1753.0,541.0,3.48,1.06,18.76,8231.0,860.0,16.36,1.52,6.35,4427.0,587.0,53.78,4.39,8.06,3804.0,670.0,46.22,6.55,10.71,1343.0,314.0,16.32,3.41,14.21,2964.0,491.0,36.01,4.63,10.07,503.0,264.0,6.11,3.14,31.91,26.0,27.0,0.32,0.33,63.13,3145.0,570.0,38.21,5.66,11.02,250.0,131.0,3.04,1.56,31.85,45568.0,2174.0,90.56,6.12,2.9,25248.0,1637.0,55.41,2.43,3.94,8415.0,1346.0,18.47,2.82,9.72,5143.0,983.0,11.29,2.09,11.62,14800.0,800.0,87.78,2.08,3.29,14050.0,788.0,83.33,2.34,3.41,36136.0,1699.0,71.81,4.81,2.86,23577.0,1327.0,65.25,2.02,3.42,21515.0,1311.0,59.54,2.31,3.7,2048.0,378.0,5.67,1.01,11.22,14.0,26.0,0.04,0.07,112.9,12559.0,977.0,34.75,2.15,4.73,,,8.69,1.53,11.22,20905.0,1270.0,41.54,1.56,3.69,2752.0,362.0,13.16,1.54,8.0,558.0,187.0,2.67,0.88,20.37,9034.0,783.0,43.21,2.67,5.27,3223.0,506.0,15.42,2.23,9.54,4077.0,574.0,19.5,2.48,8.56,21515.0,1311.0,42.76,1.62,3.7,5.0,9.0,0.02,0.04,109.42,691.0,205.0,3.21,0.93,18.03,816.0,301.0,3.79,1.38,22.42,559.0,250.0,2.6,1.15,27.19,2126.0,457.0,9.88,2.04,13.07,883.0,233.0,4.1,1.05,16.04,1556.0,305.0,7.23,1.35,11.92,1588.0,300.0,7.38,1.32,11.48,4125.0,484.0,19.17,1.92,7.13,5290.0,591.0,24.59,2.3,6.79,2178.0,390.0,10.12,1.7,10.89,1043.0,326.0,4.85,1.49,19.0,655.0,183.0,3.04,0.83,16.98,1252.0,340.0,7.43,1.98,16.51,1052.0,243.0,6.24,1.41,14.04,1182.0,304.0,7.01,1.77,15.63,1071.0,335.0,6.35,1.96,19.01,1630.0,261.0,9.67,1.48,9.73,2264.0,464.0,13.43,2.67,12.46,1159.0,272.0,6.87,1.58,14.27,2453.0,346.0,14.55,1.93,8.57,1445.0,259.0,8.57,1.48,10.9,3353.0,483.0,19.89,2.7,8.76,13664.0,649.0,81.04,5.51,2.89,3418.0,550.0,20.27,3.11,9.78,1967.0,411.0,11.67,2.37,12.7,1311.0,228.0,7.78,1.3,10.57,1319.0,255.0,7.82,1.46,11.75,4008.0,497.0,23.77,2.71,7.54,48528.0,2341.0,96.49,0.57,2.93,27611.0,1774.0,54.9,2.35,3.91,24950.0,2289.0,49.61,3.88,5.58,1764.0,341.0,3.51,0.66,11.75,23065.0,1381.0,45.84,1.65,3.64,27254.0,1541.0,54.16,1.64,3.44,4751.0,705.0,9.44,1.33,9.02,4366.0,625.0,8.68,1.17,8.7,4031.0,473.0,8.01,0.86,7.13,4515.0,592.0,8.97,1.1,7.97,3759.0,619.0,7.47,1.18,10.01,9202.0,1016.0,18.29,1.82,6.71,7673.0,783.0,15.25,1.37,6.2,4438.0,508.0,8.82,0.92,6.96,1621.0,289.0,3.22,0.55,10.84,1606.0,379.0,3.19,0.74,14.35,2393.0,371.0,4.76,0.7,9.42,1392.0,314.0,2.77,0.61,13.71,572.0,307.0,1.14,0.61,32.63,15487.0,1485.0,30.78,2.56,5.83,34832.0,1635.0,69.22,4.64,2.85,4357.0,632.0,8.66,1.19,8.82,3510.0,560.0,6.98,1.06,9.7,28236.0,2242.0,56.11,3.56,4.83,11640.0,1370.0,23.13,2.49,7.15,279.0,232.0,0.55,0.46,50.55,3781.0,578.0,7.51,1.09,9.29,10.0,20.0,0.02,0.04,121.58,2863.0,871.0,5.69,1.71,18.49,7107.0,1052.0,14.12,1.98,9.0,43212.0,2393.0,85.88,2.4,3.37,26235.0,2190.0,52.14,3.57,5.07,10595.0,1262.0,21.06,2.3,7.24,94.0,144.0,0.19,0.29,93.13,3781.0,578.0,7.51,1.09,9.29,10.0,20.0,0.02,0.04,121.58,447.0,291.0,0.89,0.58,39.57,2050.0,499.0,4.07,0.97,14.8
11206,11206,11206,32698.0,1059.0,100,,1.97,9425.0,710.0,28.82,1.96,4.58,25301.0,2023.0,28.13,1.91,4.86,1778.0,432.0,7.03,1.61,14.77,1896.0,392.0,7.49,1.43,12.57,10822.0,1195.0,42.77,3.26,6.71,5740.0,800.0,22.69,2.59,8.47,5065.0,518.0,20.02,1.28,6.22,55837.0,1994.0,62.08,3.43,2.17,6934.0,770.0,12.42,1.31,6.75,6652.0,925.0,11.91,1.6,8.45,13683.0,955.0,24.51,1.47,4.24,18366.0,1197.0,32.89,1.79,3.96,65294.0,2213.0,72.59,3.92,2.06,931.0,280.0,1.43,0.43,18.28,89901.0,3786.0,99.95,0.1,2.56,11347.0,846.0,12.62,0.78,4.53,24650.0,2090.0,27.4,2.02,5.15,818.0,334.0,3.32,1.33,24.82,56304.0,2189.0,62.6,3.59,2.36,6111.0,635.0,10.85,1.05,6.32,8947.0,786.0,9.95,0.77,5.34,4418.0,576.0,49.38,4.76,7.93,88466.0,3685.0,98.35,5.82,2.53,79856.0,3449.0,90.27,1.03,2.63,8142.0,1036.0,9.2,1.11,7.74,468.0,170.0,0.53,0.19,22.08,89949.0,3787.0,100,,2.56,71662.0,3675.0,79.67,2.33,3.12,66551.0,3583.0,73.99,2.48,3.27,5111.0,512.0,5.68,0.52,6.09,18287.0,1174.0,20.33,0.99,3.9,10075.0,948.0,55.09,3.79,5.72,8212.0,1046.0,44.91,4.94,7.74,2845.0,545.0,15.56,2.81,11.65,4451.0,769.0,24.34,3.9,10.5,248.0,164.0,1.36,0.89,40.2,122.0,74.0,0.67,0.4,36.87,10383.0,1118.0,56.78,4.91,6.55,238.0,154.0,1.3,0.84,39.33,82747.0,3336.0,91.99,5.36,2.45,36479.0,2459.0,44.08,2.38,4.1,18585.0,1530.0,22.46,1.61,5.0,24945.0,2141.0,30.15,2.28,5.22,28962.0,1119.0,88.57,1.87,2.35,26508.0,1078.0,81.07,1.99,2.47,67701.0,2356.0,75.27,4.11,2.12,42211.0,1948.0,62.35,1.89,2.81,38597.0,1719.0,57.01,1.58,2.71,3614.0,688.0,5.34,1.0,11.57,0.0,,0.0,,,25490.0,1584.0,37.65,1.94,3.78,,,8.56,1.58,11.57,37024.0,1685.0,41.16,0.71,2.77,3494.0,521.0,9.44,1.34,9.06,940.0,310.0,2.54,0.83,20.05,20941.0,1362.0,56.56,2.63,3.95,4566.0,548.0,12.33,1.37,7.3,5545.0,742.0,14.98,1.88,8.13,38597.0,1719.0,42.91,0.62,2.71,52.0,53.0,0.13,0.14,61.96,1272.0,421.0,3.3,1.08,20.12,1279.0,293.0,3.31,0.74,13.93,1063.0,282.0,2.75,0.72,16.13,4112.0,594.0,10.65,1.46,8.78,1696.0,345.0,4.39,0.87,12.37,2287.0,339.0,5.93,0.84,9.01,3341.0,487.0,8.66,1.2,8.86,6500.0,736.0,16.84,1.75,6.88,10016.0,816.0,25.95,1.77,4.95,4715.0,638.0,12.22,1.56,8.23,1398.0,305.0,3.62,0.77,13.26,866.0,252.0,2.24,0.65,17.69,3362.0,624.0,10.28,1.88,11.28,2531.0,452.0,7.74,1.36,10.86,4026.0,509.0,12.31,1.5,7.69,3045.0,424.0,9.31,1.26,8.46,3048.0,465.0,9.32,1.39,9.27,3988.0,550.0,12.2,1.64,8.38,3535.0,598.0,10.81,1.8,10.28,4069.0,460.0,12.44,1.35,6.87,2197.0,372.0,6.72,1.12,10.29,2897.0,418.0,8.86,1.25,8.77,25369.0,1110.0,77.59,2.28,2.66,7522.0,850.0,23.0,2.49,6.87,3806.0,569.0,11.64,1.7,9.09,3855.0,554.0,11.79,1.65,8.74,3649.0,466.0,11.16,1.38,7.76,11219.0,773.0,34.31,2.09,4.19,84593.0,3576.0,94.1,0.35,2.57,40005.0,2523.0,44.5,2.09,3.83,52671.0,3078.0,58.59,2.37,3.55,5308.0,901.0,5.9,0.97,10.32,42868.0,2395.0,47.66,1.75,3.4,47081.0,2012.0,52.34,0.38,2.6,7202.0,1030.0,8.01,1.09,8.69,6512.0,831.0,7.24,0.87,7.76,7040.0,885.0,7.83,0.93,7.64,6177.0,832.0,6.87,0.88,8.19,7181.0,845.0,7.98,0.88,7.15,18884.0,1334.0,20.99,1.19,4.29,12277.0,1079.0,13.65,1.05,5.34,8018.0,876.0,8.91,0.9,6.64,3754.0,565.0,4.17,0.6,9.15,3951.0,561.0,4.39,0.6,8.63,5287.0,613.0,5.88,0.63,7.05,2641.0,434.0,2.94,0.47,9.99,1025.0,343.0,1.14,0.38,20.34,24655.0,2089.0,27.41,2.02,5.15,65294.0,2213.0,72.59,3.92,2.06,8953.0,785.0,9.95,0.77,5.33,8256.0,1390.0,9.18,1.5,10.23,39368.0,2919.0,43.77,2.67,4.51,20210.0,2176.0,22.47,2.23,6.55,1140.0,455.0,1.27,0.5,24.26,5785.0,965.0,6.43,1.04,10.14,198.0,273.0,0.22,0.3,83.82,14992.0,1894.0,16.67,1.99,7.68,32583.0,2544.0,36.22,2.38,4.75,57366.0,3382.0,63.78,2.63,3.58,31956.0,2586.0,35.53,2.46,4.92,17106.0,1892.0,19.02,1.95,6.72,0.0,,0.0,,,5765.0,961.0,6.41,1.03,10.13,0.0,,0.0,,,355.0,223.0,0.39,0.25,38.19,2184.0,590.0,2.43,0.65,16.42
11207,11207,11207,34831.0,1012.0,100,,1.77,10891.0,732.0,31.27,1.9,4.09,23372.0,1516.0,24.14,1.29,3.94,1551.0,435.0,6.64,1.81,17.05,1291.0,348.0,5.52,1.45,16.39,9642.0,902.0,41.25,2.78,5.69,4592.0,682.0,19.65,2.63,9.03,6296.0,805.0,26.94,2.97,7.77,65333.0,2245.0,67.49,3.41,2.09,6118.0,934.0,9.36,1.39,9.28,6336.0,661.0,9.7,0.96,6.34,23505.0,1606.0,35.98,2.12,4.15,12533.0,971.0,19.18,1.33,4.71,74957.0,2606.0,77.43,3.93,2.11,1848.0,295.0,2.47,0.38,9.7,96282.0,3572.0,99.46,0.3,2.26,13296.0,988.0,13.81,0.89,4.52,21796.0,1523.0,22.52,1.34,4.25,951.0,240.0,4.36,1.06,15.34,61532.0,2195.0,63.57,3.27,2.17,6997.0,687.0,11.37,1.04,5.97,12954.0,1023.0,13.38,0.93,4.8,5348.0,655.0,41.28,3.86,7.45,95045.0,3473.0,98.19,5.1,2.22,87581.0,3399.0,92.15,1.2,2.36,7392.0,1151.0,7.78,1.18,9.47,72.0,73.0,0.08,0.08,61.63,96801.0,3579.0,100,,2.25,67319.0,2848.0,69.54,1.43,2.57,63847.0,2741.0,65.96,1.44,2.61,3472.0,572.0,3.59,0.58,10.01,29482.0,2048.0,30.46,1.79,4.22,18465.0,1618.0,62.63,3.35,5.33,11017.0,1295.0,37.37,3.54,7.15,544.0,177.0,1.85,0.59,19.78,1255.0,382.0,4.26,1.26,18.5,2070.0,762.0,7.02,2.54,22.38,0.0,,0.0,,,25506.0,1904.0,86.51,2.36,4.54,107.0,89.0,0.36,0.3,50.56,90425.0,3188.0,93.41,4.77,2.14,62322.0,2603.0,68.92,1.54,2.54,10613.0,1241.0,11.74,1.31,7.11,22551.0,1921.0,24.94,1.93,5.18,32024.0,1046.0,91.94,1.37,1.99,28545.0,1111.0,81.95,2.12,2.37,77266.0,2693.0,79.82,4.06,2.12,45215.0,1897.0,58.52,1.37,2.55,40150.0,1645.0,51.96,1.12,2.49,5027.0,722.0,6.51,0.91,8.73,38.0,34.0,0.05,0.04,54.39,32051.0,1654.0,41.48,1.58,3.14,,,11.12,1.53,8.73,39056.0,1648.0,40.35,0.82,2.57,9156.0,948.0,23.44,2.22,6.29,1466.0,319.0,3.75,0.8,13.23,22673.0,1177.0,58.05,1.76,3.16,1438.0,352.0,3.68,0.89,14.88,3272.0,519.0,8.38,1.28,9.64,40150.0,1645.0,41.48,0.73,2.49,9.0,21.0,0.02,0.05,141.84,2071.0,426.0,5.16,1.04,12.5,733.0,230.0,1.83,0.57,19.07,799.0,212.0,1.99,0.52,16.13,4153.0,511.0,10.34,1.2,7.48,3875.0,558.0,9.65,1.33,8.75,1090.0,242.0,2.71,0.59,13.5,1956.0,357.0,4.87,0.87,11.1,5056.0,687.0,12.59,1.63,8.26,12597.0,946.0,31.37,1.97,4.57,3182.0,482.0,7.93,1.16,9.21,2332.0,417.0,5.81,1.01,10.87,2297.0,409.0,5.72,0.99,10.82,4386.0,700.0,12.59,1.98,9.7,2365.0,430.0,6.79,1.22,11.05,3644.0,475.0,10.46,1.33,7.92,2807.0,447.0,8.06,1.26,9.68,3484.0,470.0,10.0,1.32,8.2,5913.0,570.0,16.98,1.56,5.86,3754.0,472.0,10.78,1.32,7.64,4674.0,554.0,13.42,1.54,7.21,2004.0,419.0,5.75,1.19,12.71,1800.0,269.0,5.17,0.76,9.08,25068.0,835.0,71.97,1.17,2.02,10106.0,713.0,29.01,1.87,4.29,6331.0,647.0,18.18,1.78,6.21,3303.0,407.0,9.48,1.14,7.49,2779.0,455.0,7.98,1.29,9.95,11497.0,877.0,33.01,2.33,4.64,90458.0,3527.0,93.95,1.13,2.37,48143.0,2750.0,50.0,2.17,3.47,54783.0,3116.0,56.9,2.45,3.46,5824.0,843.0,6.05,0.85,8.8,43296.0,1934.0,44.73,1.12,2.72,53505.0,2367.0,55.27,1.34,2.69,6376.0,839.0,6.59,0.83,8.0,6311.0,747.0,6.52,0.73,7.2,6071.0,659.0,6.27,0.64,6.6,5208.0,695.0,5.38,0.69,8.11,7502.0,673.0,7.75,0.63,5.45,16173.0,992.0,16.71,0.82,3.73,13512.0,1018.0,13.96,0.92,4.58,11468.0,988.0,11.85,0.92,5.24,5080.0,620.0,5.25,0.61,7.42,5784.0,646.0,5.98,0.63,6.79,7440.0,641.0,7.69,0.6,5.24,3848.0,558.0,3.98,0.56,8.82,2028.0,537.0,2.1,0.55,16.1,21806.0,1522.0,22.53,1.33,4.24,74995.0,2611.0,77.47,3.93,2.12,13316.0,1025.0,13.76,0.93,4.68,8033.0,1351.0,8.3,1.36,10.22,12169.0,1576.0,12.57,1.56,7.87,58936.0,2945.0,60.88,2.05,3.04,161.0,104.0,0.17,0.11,39.27,1440.0,368.0,1.49,0.38,15.54,1.0,,0.0,,,16061.0,2166.0,16.59,2.15,8.2,31777.0,2732.0,32.83,2.55,5.23,65024.0,2915.0,67.17,1.7,2.73,5094.0,743.0,5.26,0.74,8.87,54090.0,2799.0,55.88,2.02,3.15,29.0,33.0,0.03,0.03,69.18,1422.0,364.0,1.47,0.37,15.56,1.0,,0.0,,,1556.0,482.0,1.61,0.49,18.83,2832.0,787.0,2.93,0.81,16.89
11208,11208,11208,34321.0,1186.0,100,,2.1,14956.0,1008.0,43.58,2.52,4.1,28831.0,1866.0,26.65,1.26,3.93,1313.0,363.0,4.55,1.22,16.81,1662.0,446.0,5.76,1.5,16.31,12716.0,1203.0,44.11,3.04,5.75,7240.0,849.0,25.11,2.46,7.13,5900.0,895.0,20.46,2.81,9.22,69606.0,3196.0,64.34,0.83,2.79,6113.0,870.0,8.78,1.18,8.65,6239.0,910.0,8.96,1.24,8.87,34228.0,2201.0,49.17,2.21,3.91,10694.0,1313.0,15.36,1.75,7.46,79428.0,3637.0,73.42,0.92,2.78,1333.0,418.0,1.68,0.52,19.06,107901.0,4780.0,99.74,0.47,2.69,8761.0,963.0,8.12,0.82,6.68,28713.0,2180.0,26.54,1.64,4.62,627.0,198.0,2.18,0.67,19.2,66737.0,3122.0,61.69,0.97,2.84,4172.0,584.0,6.25,0.82,8.51,12451.0,1218.0,11.51,1.01,5.95,3962.0,592.0,31.82,3.59,9.08,106559.0,4597.0,98.5,6.07,2.62,103461.0,4442.0,97.09,5.91,2.61,2746.0,686.0,2.58,0.63,15.19,352.0,336.0,0.33,0.31,58.03,108180.0,4765.0,100,,2.68,65599.0,3423.0,60.64,1.7,3.17,61704.0,3257.0,57.04,1.66,3.21,3895.0,820.0,3.6,0.74,12.8,42581.0,2675.0,39.36,1.76,3.82,28608.0,2378.0,67.18,3.66,5.05,13973.0,1616.0,32.82,3.19,7.03,506.0,216.0,1.19,0.5,25.95,7917.0,1478.0,18.59,3.27,11.35,2278.0,781.0,5.35,1.8,20.84,0.0,,0.0,,,31880.0,2198.0,74.87,2.13,4.19,0.0,,0.0,,,99904.0,4320.0,92.35,5.7,2.63,49951.0,3194.0,50.0,2.36,3.89,19367.0,1511.0,19.39,1.26,4.74,34679.0,2210.0,34.71,1.62,3.87,33233.0,1167.0,96.83,0.6,2.13,30372.0,1076.0,88.49,0.69,2.15,82411.0,3631.0,76.18,0.08,2.68,47532.0,2371.0,57.68,1.35,3.03,44466.0,2293.0,53.96,1.45,3.13,3030.0,591.0,3.68,0.7,11.86,36.0,57.0,0.04,0.07,96.25,34879.0,2259.0,42.32,2.01,3.94,,,6.37,1.2,11.86,43510.0,2289.0,40.22,1.16,3.2,12128.0,1207.0,27.87,2.35,6.05,1899.0,433.0,4.36,0.97,13.86,23015.0,1462.0,52.9,1.88,3.86,2201.0,561.0,5.06,1.26,15.49,2926.0,668.0,6.72,1.49,13.88,44466.0,2293.0,41.1,1.1,3.13,21.0,23.0,0.05,0.05,66.58,2659.0,436.0,5.98,0.93,9.97,1640.0,430.0,3.69,0.95,15.94,689.0,250.0,1.55,0.56,22.06,4883.0,810.0,10.98,1.73,10.08,4740.0,660.0,10.66,1.38,8.46,920.0,399.0,2.07,0.89,26.36,2036.0,488.0,4.58,1.07,14.57,4933.0,636.0,11.09,1.31,7.84,13138.0,1203.0,29.55,2.24,5.57,4336.0,844.0,9.75,1.83,11.83,2671.0,485.0,6.01,1.05,11.04,1800.0,410.0,4.05,0.9,13.85,4391.0,628.0,12.79,1.78,8.69,1843.0,426.0,5.37,1.23,14.05,2604.0,451.0,7.59,1.29,10.53,2825.0,608.0,8.23,1.75,13.08,4009.0,546.0,11.68,1.54,8.28,5427.0,563.0,15.81,1.55,6.31,4176.0,719.0,12.17,2.05,10.47,4720.0,523.0,13.75,1.45,6.74,2289.0,411.0,6.67,1.18,10.92,2037.0,454.0,5.94,1.31,13.55,26646.0,1139.0,77.64,1.95,2.6,7825.0,822.0,22.8,2.26,6.39,5279.0,712.0,15.38,2.01,8.2,2791.0,522.0,8.13,1.49,11.37,2091.0,414.0,6.09,1.19,12.04,10905.0,1068.0,31.77,2.91,5.95,101870.0,4602.0,94.41,0.84,2.75,51213.0,3105.0,47.46,1.96,3.69,59078.0,3809.0,54.75,2.56,3.92,6031.0,820.0,5.59,0.72,8.27,51983.0,2879.0,48.05,1.61,3.37,56197.0,2637.0,51.95,0.84,2.85,8276.0,1155.0,7.65,1.01,8.48,7084.0,886.0,6.55,0.77,7.6,8535.0,841.0,7.89,0.7,5.99,8064.0,896.0,7.45,0.76,6.75,6615.0,861.0,6.11,0.75,7.91,17053.0,1452.0,15.76,1.15,5.18,14201.0,1287.0,13.13,1.04,5.51,12256.0,1084.0,11.33,0.87,5.38,7289.0,983.0,6.74,0.86,8.2,6201.0,633.0,5.73,0.53,6.21,7976.0,914.0,7.37,0.78,6.97,3283.0,571.0,3.03,0.51,10.57,1347.0,449.0,1.25,0.41,20.26,28716.0,2179.0,26.54,1.64,4.61,79464.0,3624.0,73.46,0.87,2.77,12606.0,1214.0,11.65,1.0,5.85,6972.0,1550.0,6.44,1.4,13.51,18676.0,2132.0,17.26,1.82,6.94,52901.0,3543.0,48.9,2.47,4.07,76.0,122.0,0.07,0.11,97.58,8740.0,1470.0,8.08,1.31,10.22,256.0,188.0,0.24,0.17,44.64,20559.0,2349.0,19.0,2.0,6.95,42173.0,2572.0,38.98,1.64,3.71,66007.0,4028.0,61.02,2.58,3.71,2724.0,679.0,2.52,0.62,15.15,49528.0,3331.0,45.78,2.33,4.09,0.0,,0.0,,,8720.0,1468.0,8.06,1.31,10.23,256.0,188.0,0.24,0.17,44.64,1721.0,545.0,1.59,0.5,19.25,3058.0,946.0,2.83,0.87,18.81
11209,11209,11209,30179.0,793.0,100,,1.6,7419.0,541.0,24.58,1.67,4.43,15621.0,1141.0,21.75,1.46,4.44,952.0,195.0,6.09,1.17,12.45,766.0,235.0,4.9,1.46,18.65,5788.0,608.0,37.05,2.8,6.39,3132.0,401.0,20.05,2.11,7.78,4983.0,538.0,31.9,2.54,6.56,52698.0,1512.0,73.38,3.01,1.74,3134.0,481.0,5.95,0.9,9.33,2433.0,336.0,4.62,0.62,8.4,9144.0,720.0,17.35,1.27,4.79,27830.0,1164.0,52.81,1.61,2.54,57459.0,1628.0,80.01,3.26,1.72,1473.0,226.0,2.56,0.39,9.33,71504.0,2104.0,99.57,0.34,1.79,7795.0,623.0,10.9,0.81,4.86,14128.0,1048.0,19.67,1.34,4.51,393.0,201.0,2.78,1.41,31.09,44073.0,1538.0,61.37,1.17,2.12,2805.0,392.0,6.36,0.86,8.5,13303.0,688.0,18.52,0.79,3.14,4597.0,412.0,34.56,2.53,5.45,70820.0,2035.0,98.62,4.04,1.75,64775.0,1944.0,91.46,0.79,1.82,5620.0,882.0,7.94,1.22,9.54,425.0,169.0,0.6,0.24,24.17,71812.0,2099.0,100,,1.78,49249.0,1897.0,68.58,1.72,2.34,47123.0,1828.0,65.62,1.67,2.36,2126.0,358.0,2.96,0.49,10.24,22563.0,1453.0,31.42,1.8,3.91,14928.0,1048.0,66.16,1.85,4.27,7635.0,841.0,33.84,3.02,6.7,6034.0,600.0,26.74,2.03,6.04,9305.0,912.0,41.24,3.05,5.96,2213.0,508.0,9.81,2.16,13.95,28.0,21.0,0.12,0.09,45.59,4899.0,822.0,21.71,3.36,10.2,84.0,53.0,0.37,0.23,38.36,67626.0,2046.0,94.17,0.74,1.84,36874.0,1847.0,54.53,2.18,3.04,11554.0,960.0,17.09,1.32,5.05,8227.0,876.0,12.17,1.24,6.47,27945.0,717.0,92.6,3.4,1.56,27166.0,768.0,90.02,0.94,1.72,59567.0,1606.0,82.95,3.3,1.64,37928.0,1390.0,63.67,1.58,2.23,35574.0,1351.0,59.72,1.6,2.31,2150.0,349.0,3.61,0.58,9.87,204.0,62.0,0.34,0.1,18.48,21639.0,1088.0,36.33,1.54,3.06,,,5.67,0.9,9.87,34933.0,1366.0,48.65,1.26,2.38,7746.0,643.0,22.17,1.62,5.05,1166.0,256.0,3.34,0.72,13.35,16121.0,987.0,46.15,2.17,3.72,2598.0,379.0,7.44,1.05,8.87,6396.0,738.0,18.31,1.99,7.01,35574.0,1351.0,49.54,1.2,2.31,37.0,47.0,0.1,0.13,77.22,1489.0,288.0,4.19,0.79,11.76,944.0,226.0,2.65,0.63,14.55,614.0,261.0,1.73,0.73,25.84,3261.0,442.0,9.17,1.19,8.24,1819.0,283.0,5.11,0.77,9.46,1070.0,160.0,3.01,0.44,9.09,4312.0,450.0,12.12,1.18,6.34,5683.0,551.0,15.98,1.43,5.89,9997.0,711.0,28.1,1.69,4.32,2845.0,444.0,8.0,1.21,9.49,1543.0,268.0,4.34,0.74,10.56,1960.0,342.0,5.51,0.94,10.61,1555.0,306.0,5.15,1.0,11.96,1094.0,198.0,3.63,0.65,11.0,1718.0,278.0,5.69,0.91,9.84,2027.0,482.0,6.72,1.59,14.46,2055.0,338.0,6.81,1.11,10.0,4149.0,431.0,13.75,1.38,6.31,4036.0,435.0,13.37,1.4,6.55,5774.0,437.0,19.13,1.36,4.6,2880.0,306.0,9.54,0.98,6.46,4891.0,361.0,16.21,1.12,4.49,23599.0,743.0,78.2,1.36,1.91,9046.0,598.0,29.97,1.82,4.02,6007.0,437.0,19.9,1.35,4.42,2262.0,308.0,7.5,1.0,8.28,1150.0,215.0,3.81,0.71,11.37,3353.0,364.0,11.11,1.17,6.6,67537.0,1986.0,94.45,3.93,1.79,48678.0,1927.0,68.08,1.8,2.41,25805.0,1722.0,36.09,2.16,4.06,3967.0,600.0,5.55,0.82,9.19,34635.0,1293.0,48.23,1.12,2.27,37177.0,1254.0,51.77,0.87,2.05,4186.0,550.0,5.83,0.75,7.99,3739.0,464.0,5.21,0.63,7.54,3518.0,443.0,4.9,0.6,7.65,4183.0,527.0,5.82,0.71,7.66,3488.0,518.0,4.86,0.71,9.03,10598.0,862.0,14.76,1.12,4.94,10819.0,659.0,15.07,0.81,3.7,9170.0,678.0,12.77,0.87,4.49,4725.0,568.0,6.58,0.77,7.31,4067.0,479.0,5.66,0.65,7.16,7670.0,493.0,10.68,0.61,3.91,3779.0,437.0,5.26,0.59,7.03,1870.0,292.0,2.6,0.4,9.49,14149.0,1047.0,19.7,1.34,4.5,57663.0,1622.0,80.3,3.26,1.71,13319.0,689.0,18.55,0.79,3.14,5427.0,756.0,7.56,1.03,8.47,48145.0,1970.0,67.04,1.92,2.49,2427.0,756.0,3.38,1.05,18.94,592.0,320.0,0.82,0.44,32.86,9712.0,982.0,13.52,1.31,6.15,33.0,23.0,0.05,0.03,42.37,5476.0,833.0,7.63,1.14,9.25,14178.0,1328.0,19.74,1.76,5.69,57634.0,1951.0,80.26,1.37,2.06,43362.0,1848.0,60.38,1.87,2.59,2202.0,741.0,3.07,1.03,20.46,49.0,58.0,0.07,0.08,71.96,9681.0,985.0,13.48,1.31,6.19,20.0,10.0,0.03,0.01,30.4,302.0,132.0,0.42,0.18,26.57,2018.0,475.0,2.81,0.66,14.31
11210,11210,11210,21652.0,792.0,100,,2.22,6755.0,449.0,31.2,1.73,4.04,18569.0,1227.0,29.28,1.54,4.02,872.0,199.0,4.7,1.03,13.87,1011.0,293.0,5.44,1.54,17.62,6691.0,572.0,36.03,1.95,5.2,3771.0,480.0,20.31,2.21,7.74,6224.0,746.0,33.52,3.35,7.29,42996.0,1878.0,67.79,1.17,2.66,2027.0,383.0,4.71,0.87,11.49,2667.0,494.0,6.2,1.12,11.26,9950.0,781.0,23.14,1.51,4.77,16724.0,1169.0,38.9,2.12,4.25,48590.0,2085.0,76.61,1.17,2.61,843.0,264.0,1.73,0.54,19.04,63377.0,2543.0,99.92,0.16,2.44,6836.0,671.0,10.79,0.97,5.97,14827.0,998.0,23.38,1.26,4.09,357.0,152.0,2.41,1.01,25.88,37943.0,1893.0,59.82,1.78,3.03,3087.0,466.0,8.14,1.16,9.18,10607.0,828.0,16.72,1.12,4.75,3392.0,454.0,31.98,3.48,8.14,62648.0,2541.0,98.77,0.61,2.47,57650.0,2485.0,92.02,1.34,2.62,4741.0,877.0,7.57,1.37,11.25,257.0,130.0,0.41,0.21,30.75,63426.0,2543.0,100,,2.44,37556.0,1890.0,59.21,1.8,3.06,35706.0,1842.0,56.3,1.83,3.14,1850.0,471.0,2.92,0.73,15.48,25870.0,1847.0,40.79,2.41,4.34,18100.0,1246.0,69.97,6.94,4.18,7770.0,1300.0,30.03,4.54,10.17,2282.0,475.0,8.82,1.72,12.65,2671.0,519.0,10.32,1.87,11.81,1212.0,448.0,4.68,1.7,22.47,8.0,12.0,0.03,0.05,91.19,19660.0,1572.0,76.0,2.74,4.86,37.0,33.0,0.14,0.13,54.22,59951.0,2448.0,94.52,0.73,2.48,40059.0,2246.0,66.82,2.57,3.41,6790.0,922.0,11.33,1.47,8.25,3059.0,712.0,5.1,1.17,14.15,20594.0,817.0,95.11,1.46,2.41,19503.0,767.0,90.07,1.3,2.39,50376.0,2181.0,79.42,1.3,2.63,30461.0,1664.0,60.47,2.01,3.32,28220.0,1510.0,56.02,1.76,3.25,2241.0,354.0,4.45,0.68,9.6,0.0,,0.0,,,19915.0,1100.0,39.53,1.36,3.36,,,7.36,1.09,9.6,27595.0,1462.0,43.51,1.51,3.22,7300.0,744.0,26.45,2.3,6.2,1504.0,308.0,5.45,1.08,12.45,13772.0,1188.0,49.91,3.4,5.24,1513.0,233.0,5.48,0.79,9.36,2890.0,451.0,10.47,1.54,9.49,28220.0,1510.0,44.49,1.58,3.25,37.0,42.0,0.13,0.15,69.01,969.0,368.0,3.43,1.29,23.09,435.0,160.0,1.54,0.56,22.36,254.0,84.0,0.9,0.29,20.1,2121.0,334.0,7.52,1.11,9.57,2380.0,334.0,8.43,1.09,8.53,738.0,214.0,2.62,0.75,17.63,1810.0,307.0,6.41,1.03,10.31,3112.0,452.0,11.03,1.49,8.83,12212.0,1077.0,43.27,3.03,5.36,1445.0,282.0,5.12,0.96,11.86,1304.0,293.0,4.62,1.01,13.66,1403.0,268.0,4.97,0.91,11.61,1223.0,306.0,5.65,1.4,15.21,645.0,197.0,2.98,0.9,18.57,907.0,242.0,4.19,1.11,16.22,1297.0,298.0,5.99,1.36,13.97,2010.0,328.0,9.28,1.48,9.92,3970.0,547.0,18.34,2.44,8.38,2555.0,340.0,11.8,1.51,8.09,4300.0,590.0,19.86,2.63,8.34,2130.0,313.0,9.84,1.4,8.93,2615.0,383.0,12.08,1.71,8.9,17446.0,833.0,80.57,2.47,2.9,7029.0,502.0,32.46,1.99,4.34,4839.0,473.0,22.35,2.03,5.94,1236.0,256.0,5.71,1.16,12.59,866.0,216.0,4.0,0.99,15.16,3502.0,440.0,16.17,1.94,7.64,60167.0,2522.0,94.94,1.15,2.55,40705.0,2139.0,64.23,2.18,3.19,26473.0,1635.0,41.77,1.96,3.75,3210.0,597.0,5.06,0.92,11.31,31315.0,1526.0,49.37,1.37,2.96,32111.0,1530.0,50.63,1.3,2.9,3475.0,515.0,5.48,0.78,9.01,4286.0,467.0,6.76,0.68,6.62,4394.0,517.0,6.93,0.77,7.15,4093.0,537.0,6.45,0.81,7.98,4182.0,582.0,6.59,0.88,8.46,8536.0,911.0,13.46,1.33,6.49,8158.0,682.0,12.86,0.94,5.08,7601.0,796.0,11.98,1.16,6.37,4104.0,593.0,6.47,0.9,8.78,3989.0,395.0,6.29,0.57,6.02,6316.0,628.0,9.96,0.91,6.04,2852.0,365.0,4.5,0.55,7.78,1440.0,386.0,2.27,0.6,16.3,14836.0,998.0,23.39,1.26,4.09,48590.0,2085.0,76.61,1.17,2.61,10608.0,829.0,16.73,1.12,4.75,3633.0,796.0,5.73,1.23,13.32,19245.0,1560.0,30.34,2.14,4.93,33680.0,2214.0,53.1,2.77,4.0,84.0,62.0,0.13,0.1,44.87,3658.0,765.0,5.77,1.18,12.71,0.0,,0.0,,,3126.0,872.0,4.93,1.36,16.96,4741.0,868.0,7.47,1.34,11.13,58685.0,2756.0,92.53,2.26,2.85,18806.0,1567.0,29.65,2.17,5.07,32713.0,2171.0,51.58,2.73,4.03,16.0,28.0,0.03,0.04,106.38,3658.0,765.0,5.77,1.18,12.71,0.0,,0.0,,,765.0,335.0,1.21,0.53,26.62,2727.0,698.0,4.3,1.09,15.56
11211,11211,"11211, 11249",43869.0,1193.0,100,,1.65,10002.0,788.0,22.8,1.69,4.79,26959.0,2234.0,24.38,1.82,5.04,2626.0,448.0,9.74,1.45,10.37,2309.0,467.0,8.56,1.58,12.29,10911.0,1366.0,40.47,3.8,7.61,4813.0,708.0,17.85,2.17,8.94,6300.0,751.0,23.37,2.0,7.25,73934.0,2206.0,66.85,3.11,1.81,5129.0,668.0,6.94,0.88,7.92,5981.0,858.0,8.09,1.14,8.72,12324.0,1123.0,16.67,1.44,5.54,40093.0,1539.0,54.23,1.31,2.33,83696.0,2492.0,75.68,3.51,1.81,633.0,319.0,0.76,0.38,30.64,110361.0,3940.0,99.79,0.22,2.17,8501.0,941.0,7.7,0.81,6.73,26869.0,2360.0,24.29,1.95,5.34,784.0,291.0,2.92,1.05,22.56,74838.0,2324.0,67.67,3.2,1.89,4535.0,659.0,6.06,0.86,8.83,8654.0,858.0,7.82,0.72,6.03,3182.0,506.0,36.77,4.57,9.67,108669.0,3897.0,98.26,0.4,2.18,90303.0,3944.0,83.1,2.07,2.66,17307.0,1489.0,15.93,1.25,5.23,1059.0,346.0,0.97,0.32,19.86,110598.0,3941.0,100,,2.17,87496.0,3666.0,79.11,1.74,2.55,81741.0,3543.0,73.91,1.82,2.63,5755.0,768.0,5.2,0.67,8.11,23102.0,2021.0,20.89,1.67,5.32,12245.0,1369.0,53.0,3.69,6.8,10857.0,1230.0,47.0,3.38,6.89,7135.0,866.0,30.88,2.6,7.38,4996.0,859.0,21.63,3.2,10.45,618.0,248.0,2.68,1.05,24.39,742.0,231.0,3.21,0.96,18.93,8946.0,1363.0,38.72,4.83,9.26,665.0,169.0,2.88,0.69,15.45,100863.0,3570.0,91.2,4.58,2.15,49694.0,2149.0,49.27,1.22,2.63,17504.0,1646.0,17.35,1.51,5.72,18399.0,1699.0,18.24,1.56,5.61,38288.0,1141.0,87.28,1.06,1.81,36316.0,1076.0,82.78,0.97,1.8,86123.0,2713.0,77.87,3.7,1.91,63590.0,2115.0,73.84,0.79,2.02,59425.0,2024.0,69.0,0.89,2.07,4139.0,647.0,4.81,0.74,9.5,26.0,41.0,0.03,0.05,95.86,22533.0,1588.0,26.16,1.65,4.28,,,6.51,0.99,9.5,58489.0,2023.0,52.88,2.63,2.1,4827.0,728.0,8.25,1.21,9.17,1357.0,302.0,2.32,0.51,13.53,28573.0,1505.0,48.85,1.94,3.2,7450.0,743.0,12.74,1.19,6.06,12622.0,1113.0,21.58,1.75,5.36,59425.0,2024.0,53.73,2.65,2.07,38.0,46.0,0.06,0.08,73.59,1965.0,384.0,3.31,0.64,11.88,1892.0,339.0,3.18,0.56,10.89,1863.0,405.0,3.14,0.67,13.22,5649.0,652.0,9.51,1.05,7.02,1716.0,321.0,2.89,0.53,11.37,5069.0,508.0,8.53,0.8,6.09,6805.0,687.0,11.45,1.09,6.14,14110.0,1072.0,23.74,1.61,4.62,11309.0,920.0,19.03,1.41,4.95,5538.0,628.0,9.32,1.01,6.89,2080.0,597.0,3.5,1.0,17.45,1391.0,394.0,2.34,0.66,17.22,2288.0,444.0,5.22,1.0,11.8,2567.0,450.0,5.85,1.01,10.66,3171.0,421.0,7.23,0.94,8.07,2534.0,545.0,5.78,1.23,13.07,3268.0,576.0,7.45,1.3,10.71,4131.0,470.0,9.42,1.04,6.92,3365.0,438.0,7.67,0.98,7.91,6411.0,708.0,14.61,1.56,6.71,4341.0,571.0,9.9,1.27,8.0,11793.0,865.0,26.88,1.83,4.46,38152.0,1113.0,86.97,0.92,1.77,6315.0,581.0,14.4,1.27,5.59,2812.0,401.0,6.41,0.9,8.67,2423.0,448.0,5.52,1.01,11.24,3842.0,581.0,8.76,1.3,9.19,8758.0,733.0,19.96,1.58,5.09,105025.0,3867.0,95.16,0.86,2.24,62019.0,2414.0,56.2,0.87,2.37,49145.0,3449.0,44.53,2.69,4.27,5336.0,826.0,4.84,0.73,9.41,55327.0,2682.0,50.03,1.64,2.95,55271.0,2214.0,49.97,0.91,2.44,9735.0,1095.0,8.8,0.94,6.84,6705.0,952.0,6.06,0.83,8.63,6711.0,895.0,6.07,0.78,8.11,5844.0,900.0,5.28,0.79,9.36,7669.0,928.0,6.93,0.8,7.36,30013.0,1515.0,27.14,0.97,3.07,17702.0,1320.0,16.01,1.05,4.53,9625.0,949.0,8.7,0.8,5.99,4381.0,668.0,3.96,0.59,9.27,3411.0,520.0,3.08,0.46,9.27,5330.0,638.0,4.82,0.55,7.28,2213.0,380.0,2.0,0.34,10.44,1259.0,412.0,1.14,0.37,19.89,26876.0,2360.0,24.3,1.95,5.34,83722.0,2491.0,75.7,3.51,1.81,8802.0,856.0,7.96,0.72,5.91,8831.0,1109.0,7.98,0.96,7.63,73825.0,3601.0,66.75,2.22,2.97,8307.0,1673.0,7.51,1.49,12.24,594.0,321.0,0.54,0.29,32.85,6600.0,1164.0,5.97,1.03,10.72,0.0,,0.0,,,12441.0,2133.0,11.25,1.89,10.42,25968.0,2238.0,23.48,1.84,5.24,84630.0,3593.0,76.52,1.77,2.58,67087.0,3297.0,60.66,2.05,2.99,6621.0,1487.0,5.99,1.33,13.65,103.0,118.0,0.09,0.11,69.64,6511.0,1171.0,5.89,1.04,10.93,0.0,,0.0,,,518.0,350.0,0.47,0.32,41.07,3790.0,746.0,3.43,0.66,11.97
11212,11212,11212,32091.0,1105.0,100,,2.09,9138.0,967.0,28.48,2.85,6.43,20494.0,2221.0,24.4,2.34,6.59,1656.0,455.0,8.08,2.04,16.7,1321.0,560.0,6.45,2.64,25.77,9370.0,1199.0,45.72,3.11,7.78,3981.0,693.0,19.43,2.65,10.58,4166.0,858.0,20.33,3.56,12.52,57864.0,2646.0,68.88,4.71,2.78,4687.0,684.0,8.1,1.12,8.87,9069.0,991.0,15.67,1.56,6.64,20865.0,1565.0,36.06,2.14,4.56,9109.0,1051.0,15.74,1.67,7.01,64619.0,2901.0,76.92,5.22,2.73,1335.0,397.0,2.07,0.61,18.08,83303.0,4267.0,99.16,0.65,3.11,12591.0,1534.0,15.11,1.67,7.41,19355.0,2214.0,23.04,2.36,6.95,1064.0,352.0,5.5,1.71,20.11,52742.0,2936.0,62.78,1.43,3.38,6824.0,1145.0,12.94,2.05,10.2,11206.0,940.0,13.34,0.89,5.1,4703.0,723.0,41.97,5.41,9.35,83214.0,4271.0,99.06,0.72,3.12,74427.0,4102.0,89.44,1.8,3.35,8469.0,1090.0,10.18,1.2,7.82,318.0,223.0,0.38,0.27,42.63,84006.0,4268.0,100,,3.09,55766.0,3419.0,66.38,2.28,3.73,52933.0,3144.0,63.01,1.94,3.61,2833.0,683.0,3.37,0.79,14.66,28240.0,2586.0,33.62,2.56,5.57,16863.0,1554.0,59.71,0.62,5.6,11377.0,1847.0,40.29,5.4,9.87,273.0,141.0,0.97,0.49,31.4,1029.0,428.0,3.64,1.48,25.28,1848.0,863.0,6.54,3.0,28.39,2.0,3.0,0.01,0.01,91.19,25029.0,2470.0,88.63,3.26,6.0,59.0,73.0,0.21,0.26,75.22,78117.0,3679.0,92.99,6.44,2.86,61055.0,3068.0,78.16,1.37,3.05,7613.0,1468.0,9.75,1.82,11.72,10851.0,1847.0,13.89,2.27,10.35,27040.0,1215.0,84.26,2.43,2.73,25805.0,1267.0,80.41,2.81,2.98,66161.0,3061.0,78.76,5.41,2.81,36199.0,2467.0,54.71,2.74,4.14,31050.0,2396.0,46.93,2.9,4.69,5149.0,1095.0,7.78,1.62,12.93,0.0,,0.0,,,29962.0,1584.0,45.29,1.16,3.21,,,14.22,2.87,12.93,29233.0,2357.0,34.8,2.18,4.9,4800.0,749.0,16.42,2.19,9.49,1374.0,383.0,4.7,1.25,16.95,19090.0,1882.0,65.3,3.7,5.99,1851.0,419.0,6.33,1.34,13.76,1225.0,383.0,4.19,1.27,19.01,31050.0,2396.0,36.96,2.15,4.69,58.0,47.0,0.19,0.15,49.26,1612.0,442.0,5.19,1.37,16.67,945.0,441.0,3.04,1.4,28.37,263.0,163.0,0.85,0.52,37.68,2882.0,632.0,9.28,1.91,13.33,3011.0,547.0,9.7,1.59,11.04,292.0,174.0,0.94,0.56,36.22,1906.0,449.0,6.14,1.37,14.32,3065.0,634.0,9.87,1.89,12.57,11945.0,1315.0,38.47,3.02,6.69,2039.0,474.0,6.57,1.44,14.13,1604.0,367.0,5.17,1.11,13.91,1428.0,384.0,4.6,1.18,16.35,4867.0,658.0,15.17,1.98,8.22,3927.0,721.0,12.24,2.21,11.16,3761.0,659.0,11.72,2.01,10.65,3303.0,474.0,10.29,1.43,8.72,3409.0,529.0,10.62,1.61,9.43,5218.0,736.0,16.26,2.22,8.57,2556.0,455.0,7.96,1.39,10.82,3115.0,736.0,9.71,2.27,14.36,1120.0,282.0,3.49,0.87,15.31,815.0,221.0,2.54,0.68,16.48,21170.0,1342.0,65.97,3.51,3.85,10003.0,939.0,31.17,2.72,5.71,5821.0,658.0,18.14,1.95,6.87,4511.0,667.0,14.06,2.02,8.99,3510.0,563.0,10.94,1.71,9.75,13970.0,1136.0,43.53,3.21,4.94,77222.0,4032.0,92.7,0.94,3.17,32578.0,2727.0,39.11,2.59,5.09,51577.0,3239.0,61.91,2.25,3.82,6081.0,868.0,7.3,0.97,8.68,35682.0,2609.0,42.48,2.23,4.44,48324.0,2491.0,57.52,0.5,3.13,5889.0,1055.0,7.01,1.2,10.89,5470.0,853.0,6.51,0.96,9.48,5480.0,908.0,6.52,1.03,10.07,4292.0,715.0,5.11,0.81,10.13,5011.0,769.0,5.97,0.86,9.33,13665.0,1527.0,16.27,1.62,6.79,10581.0,1060.0,12.6,1.09,6.09,9233.0,940.0,10.99,0.97,6.19,6436.0,977.0,7.66,1.1,9.23,6316.0,910.0,7.52,1.01,8.76,7024.0,803.0,8.36,0.86,6.95,3424.0,473.0,4.08,0.52,8.4,1185.0,305.0,1.41,0.36,15.65,19387.0,2215.0,23.08,2.36,6.95,64619.0,2901.0,76.92,5.22,2.73,11633.0,922.0,13.85,0.84,4.82,8443.0,1944.0,10.05,2.26,14.0,5582.0,1587.0,6.64,1.86,17.28,61370.0,3612.0,73.05,2.17,3.58,261.0,178.0,0.31,0.21,41.46,659.0,404.0,0.78,0.48,37.27,66.0,60.0,0.08,0.07,55.26,7625.0,1797.0,9.08,2.09,14.33,16365.0,2113.0,19.48,2.31,7.85,67641.0,3777.0,80.52,1.87,3.39,2918.0,1231.0,3.47,1.45,25.65,58854.0,3474.0,70.06,2.11,3.59,97.0,65.0,0.12,0.08,40.74,659.0,404.0,0.78,0.48,37.27,42.0,54.0,0.05,0.06,78.16,509.0,427.0,0.61,0.51,51.0,4562.0,1584.0,5.43,1.87,21.11
11213,11213,11213,26281.0,980.0,100,,2.27,7687.0,639.0,29.25,2.17,5.05,18872.0,1341.0,27.3,1.6,4.32,1605.0,403.0,8.5,2.05,15.26,932.0,264.0,4.94,1.35,17.22,6921.0,675.0,36.67,2.45,5.93,3647.0,607.0,19.32,2.91,10.12,5767.0,730.0,30.56,3.2,7.69,45911.0,1909.0,66.41,0.77,2.53,3510.0,620.0,7.65,1.31,10.74,4576.0,616.0,9.97,1.28,8.18,11307.0,1117.0,24.63,2.21,6.01,14638.0,1058.0,31.88,1.88,4.39,52915.0,2163.0,76.54,0.67,2.48,907.0,257.0,1.71,0.48,17.23,68786.0,2757.0,99.5,0.34,2.44,8571.0,758.0,12.46,0.98,5.38,16185.0,1096.0,23.41,1.28,4.12,668.0,194.0,4.13,1.17,17.65,43733.0,2057.0,63.26,1.57,2.86,4398.0,597.0,10.06,1.28,8.25,8868.0,893.0,12.83,1.19,6.12,3505.0,443.0,39.52,3.02,7.68,68285.0,2779.0,98.78,0.77,2.47,60517.0,2517.0,88.62,0.76,2.53,7236.0,1127.0,10.6,1.59,9.47,532.0,280.0,0.78,0.41,31.99,69131.0,2761.0,100,,2.43,47397.0,2265.0,68.56,1.8,2.91,44855.0,2214.0,64.88,1.88,3.0,2542.0,430.0,3.68,0.6,10.28,21734.0,1939.0,31.44,2.51,5.42,13682.0,1322.0,62.95,2.34,5.87,8052.0,1488.0,37.05,6.0,11.23,1432.0,263.0,6.59,1.06,11.16,1558.0,363.0,7.17,1.54,14.16,772.0,271.0,3.55,1.21,21.34,81.0,109.0,0.37,0.5,81.8,17580.0,1880.0,80.89,4.77,6.5,311.0,167.0,1.43,0.76,32.64,64296.0,2671.0,93.01,1.06,2.53,48144.0,2474.0,74.88,2.26,3.12,6005.0,1126.0,9.34,1.71,11.4,6592.0,1256.0,10.25,1.91,11.58,24103.0,998.0,91.71,1.65,2.52,21935.0,1018.0,83.46,2.31,2.82,54758.0,2255.0,79.21,0.8,2.5,34975.0,1854.0,63.87,2.13,3.22,31211.0,1665.0,57.0,1.93,3.24,3738.0,602.0,6.83,1.06,9.79,26.0,37.0,0.05,0.07,86.51,19783.0,1474.0,36.13,2.24,4.53,,,10.69,1.63,9.79,29101.0,1556.0,42.1,1.5,3.25,4188.0,681.0,14.39,2.21,9.88,901.0,284.0,3.1,0.96,19.16,16600.0,1198.0,57.04,2.76,4.39,2723.0,404.0,9.36,1.29,9.02,3474.0,645.0,11.94,2.12,11.29,31211.0,1665.0,45.15,1.6,3.24,0.0,,0.0,,,1226.0,260.0,3.93,0.81,12.89,324.0,134.0,1.04,0.43,25.14,345.0,136.0,1.11,0.43,23.96,2291.0,424.0,7.34,1.3,11.25,2107.0,423.0,6.75,1.31,12.2,1671.0,326.0,5.35,1.0,11.86,1939.0,558.0,6.21,1.76,17.49,3293.0,523.0,10.55,1.58,9.65,10822.0,977.0,34.67,2.53,5.49,3087.0,548.0,9.89,1.67,10.79,2324.0,432.0,7.45,1.33,11.3,1782.0,367.0,5.71,1.14,12.52,2060.0,324.0,7.84,1.2,9.56,2150.0,452.0,8.18,1.69,12.78,2933.0,541.0,11.16,2.02,11.21,2163.0,562.0,8.23,2.12,15.79,2990.0,448.0,11.38,1.65,9.11,3186.0,526.0,12.12,1.95,10.04,3264.0,592.0,12.42,2.2,11.03,3733.0,517.0,14.2,1.89,8.42,1647.0,351.0,6.27,1.31,12.96,2155.0,340.0,8.2,1.26,9.59,20361.0,1103.0,77.47,3.04,3.29,6441.0,652.0,24.51,2.31,6.15,3912.0,503.0,14.89,1.83,7.82,2860.0,511.0,10.88,1.9,10.86,1557.0,303.0,5.92,1.13,11.83,6972.0,727.0,26.53,2.58,6.34,64188.0,2787.0,93.32,1.56,2.64,40485.0,2454.0,58.86,2.68,3.68,33750.0,2045.0,49.07,2.23,3.68,4598.0,788.0,6.68,1.11,10.42,32227.0,1832.0,46.62,1.89,3.46,36904.0,1643.0,53.38,1.05,2.71,4835.0,644.0,6.99,0.89,8.1,4386.0,576.0,6.34,0.79,7.98,4347.0,606.0,6.29,0.84,8.47,4082.0,598.0,5.9,0.83,8.91,5570.0,709.0,8.06,0.97,7.74,12401.0,1070.0,17.94,1.37,5.25,9102.0,1035.0,13.17,1.4,6.91,7694.0,684.0,11.13,0.88,5.4,3951.0,602.0,5.72,0.84,9.26,3648.0,465.0,5.28,0.64,7.75,5161.0,624.0,7.47,0.85,7.35,2900.0,524.0,4.19,0.74,10.98,1054.0,263.0,1.52,0.38,15.17,16216.0,1105.0,23.46,1.3,4.14,52915.0,2163.0,76.54,0.67,2.48,9115.0,897.0,13.19,1.19,5.98,4437.0,882.0,6.42,1.25,12.08,17829.0,1491.0,25.79,1.89,5.08,40794.0,2498.0,59.01,2.74,3.72,8.0,14.0,0.01,0.02,106.38,1116.0,300.0,1.61,0.43,16.34,26.0,34.0,0.04,0.05,79.49,4921.0,1396.0,7.12,2.0,17.25,9866.0,1435.0,14.27,2.0,8.84,59265.0,2674.0,85.73,1.8,2.74,15697.0,1491.0,22.71,1.96,5.77,39145.0,2531.0,56.62,2.88,3.93,8.0,14.0,0.01,0.02,106.38,1086.0,289.0,1.57,0.41,16.18,7.0,15.0,0.01,0.02,130.26,888.0,440.0,1.28,0.63,30.12,2434.0,733.0,3.52,1.05,18.31
11214,11214,11214,31366.0,837.0,100,,1.62,9351.0,513.0,29.81,1.43,3.33,21290.0,1485.0,23.45,1.39,4.24,1679.0,381.0,7.89,1.7,13.79,894.0,238.0,4.2,1.08,16.18,8575.0,845.0,40.28,2.8,5.99,4428.0,600.0,20.8,2.42,8.24,5714.0,668.0,26.84,2.52,7.11,64450.0,2280.0,70.98,3.62,2.15,10602.0,1124.0,16.45,1.64,6.44,4870.0,546.0,7.56,0.8,6.82,16947.0,1050.0,26.29,1.34,3.77,20642.0,1233.0,32.03,1.54,3.63,71336.0,2440.0,78.57,3.94,2.08,818.0,168.0,1.15,0.23,12.49,90143.0,3328.0,99.28,0.43,2.24,10179.0,861.0,11.29,0.86,5.14,19448.0,1488.0,21.42,1.44,4.65,346.0,123.0,1.78,0.62,21.61,54972.0,2216.0,60.54,1.01,2.45,3387.0,472.0,6.16,0.82,8.47,15723.0,1004.0,17.32,0.91,3.88,6446.0,635.0,41.0,3.08,5.99,90006.0,3298.0,99.13,5.14,2.23,81928.0,3263.0,91.03,1.42,2.42,7141.0,1087.0,7.93,1.17,9.25,937.0,379.0,1.04,0.42,24.59,90796.0,3329.0,100,,2.23,40911.0,2204.0,45.06,1.78,3.27,38970.0,2075.0,42.92,1.66,3.24,1941.0,584.0,2.14,0.64,18.29,49885.0,2120.0,54.94,1.18,2.58,29474.0,1435.0,59.08,1.4,2.96,20411.0,1979.0,40.92,3.57,5.89,14056.0,1196.0,28.18,2.08,5.17,27069.0,1763.0,54.26,2.68,3.96,1467.0,442.0,2.94,0.88,18.32,0.0,,0.0,,,7146.0,1090.0,14.32,2.1,9.27,147.0,141.0,0.29,0.28,58.31,85566.0,3089.0,94.24,4.85,2.19,23126.0,1740.0,27.03,1.78,4.57,40441.0,2264.0,47.26,2.02,3.4,11112.0,1488.0,12.99,1.67,8.14,28540.0,756.0,90.99,3.42,1.61,27079.0,787.0,86.33,0.99,1.77,73351.0,2523.0,80.79,4.06,2.09,43171.0,1770.0,58.86,1.31,2.49,40051.0,1638.0,54.6,1.21,2.49,3112.0,539.0,4.24,0.72,10.53,8.0,12.0,0.01,0.02,91.19,30180.0,1634.0,41.14,1.72,3.29,,,7.21,1.21,10.53,38321.0,1532.0,42.21,0.67,2.43,8953.0,758.0,23.36,1.74,5.15,1508.0,291.0,3.94,0.74,11.73,19958.0,1198.0,52.08,2.33,3.65,3158.0,445.0,8.24,1.11,8.57,3728.0,519.0,9.73,1.3,8.46,40051.0,1638.0,44.11,0.8,2.49,13.0,15.0,0.03,0.04,70.14,3800.0,609.0,9.49,1.47,9.74,1853.0,317.0,4.63,0.77,10.4,962.0,227.0,2.4,0.56,14.34,4343.0,630.0,10.84,1.51,8.82,3554.0,503.0,8.87,1.2,8.6,532.0,155.0,1.33,0.38,17.71,3311.0,470.0,8.27,1.12,8.63,3728.0,479.0,9.31,1.13,7.81,10687.0,833.0,26.68,1.77,4.74,3642.0,421.0,9.09,0.98,7.03,2208.0,372.0,5.51,0.9,10.24,1418.0,241.0,3.54,0.58,10.33,1803.0,297.0,5.75,0.93,10.01,2243.0,405.0,7.15,1.28,10.98,2963.0,418.0,9.45,1.31,8.58,2143.0,352.0,6.83,1.11,9.99,3655.0,436.0,11.65,1.35,7.25,5511.0,582.0,17.57,1.8,6.42,3106.0,336.0,9.9,1.04,6.58,4655.0,454.0,14.84,1.39,5.93,2338.0,385.0,7.45,1.21,10.01,2949.0,431.0,9.4,1.35,8.88,23710.0,782.0,75.59,1.47,2.0,9123.0,681.0,29.09,2.03,4.54,4759.0,486.0,15.17,1.5,6.21,3362.0,362.0,10.72,1.12,6.55,1543.0,256.0,4.92,0.81,10.09,8081.0,628.0,25.76,1.88,4.72,81557.0,3008.0,90.48,4.72,2.24,41704.0,2304.0,46.26,1.9,3.36,47169.0,2442.0,52.33,1.9,3.15,8586.0,1310.0,9.52,1.41,9.28,44699.0,1988.0,49.23,1.24,2.7,46097.0,1833.0,50.77,0.78,2.42,5230.0,749.0,5.76,0.8,8.71,5176.0,600.0,5.7,0.63,7.05,5916.0,694.0,6.52,0.73,7.13,4758.0,590.0,5.24,0.62,7.54,5266.0,547.0,5.8,0.56,6.31,12177.0,895.0,13.41,0.85,4.47,11804.0,916.0,13.0,0.89,4.72,11684.0,829.0,12.87,0.78,4.31,6222.0,639.0,6.85,0.66,6.24,6245.0,622.0,6.88,0.64,6.05,8483.0,718.0,9.34,0.71,5.15,5168.0,645.0,5.69,0.68,7.59,2667.0,402.0,2.94,0.43,9.16,19452.0,1487.0,21.42,1.44,4.65,71344.0,2443.0,78.58,3.94,2.08,16318.0,1009.0,17.97,0.89,3.76,4838.0,1172.0,5.33,1.28,14.73,39627.0,2418.0,43.64,2.13,3.71,1963.0,473.0,2.16,0.51,14.65,640.0,392.0,0.7,0.43,37.23,33336.0,1936.0,36.72,1.65,3.53,8.0,13.0,0.01,0.01,98.78,10384.0,1671.0,11.44,1.79,9.78,15982.0,1792.0,17.6,1.87,6.82,74814.0,2769.0,82.4,0.42,2.25,36406.0,2211.0,40.1,1.94,3.69,1490.0,401.0,1.64,0.44,16.36,163.0,227.0,0.18,0.25,84.66,33263.0,1944.0,36.63,1.67,3.55,8.0,13.0,0.01,0.01,98.78,695.0,520.0,0.77,0.57,45.48,2789.0,961.0,3.07,1.05,20.95
11215,11215,11215,29465.0,1040.0,100,,2.15,9296.0,741.0,31.55,2.25,4.85,14814.0,1089.0,20.57,1.31,4.47,1612.0,290.0,10.88,1.79,10.94,899.0,232.0,6.07,1.5,15.69,6961.0,729.0,46.99,3.5,6.37,2387.0,318.0,16.11,1.79,8.1,2955.0,376.0,19.95,2.07,7.74,53202.0,1913.0,73.88,3.81,2.19,1286.0,291.0,2.42,0.54,13.76,1147.0,292.0,2.16,0.54,15.48,3389.0,590.0,6.37,1.09,10.58,42329.0,1654.0,79.56,1.22,2.38,55839.0,1963.0,77.54,3.96,2.14,875.0,248.0,1.57,0.44,17.23,71888.0,2661.0,99.83,0.19,2.25,4015.0,522.0,5.59,0.7,7.9,16171.0,1170.0,22.46,1.4,4.4,440.0,150.0,2.72,0.91,20.72,47931.0,1890.0,66.56,0.91,2.4,1657.0,206.0,3.46,0.41,7.56,7786.0,712.0,10.81,0.9,5.56,1918.0,433.0,24.63,5.08,13.72,70683.0,2644.0,98.15,0.56,2.27,60662.0,2678.0,85.82,2.01,2.68,9445.0,1069.0,13.36,1.43,6.88,576.0,282.0,0.81,0.4,29.76,72014.0,2662.0,100,,2.25,58566.0,2328.0,81.33,1.19,2.42,56301.0,2279.0,78.18,1.29,2.46,2265.0,439.0,3.15,0.6,11.78,13448.0,1259.0,18.67,1.61,5.69,7687.0,990.0,57.16,5.06,7.83,5761.0,810.0,42.84,4.49,8.55,4220.0,612.0,31.38,3.48,8.82,3878.0,789.0,28.84,5.21,12.37,288.0,137.0,2.14,1.0,28.92,249.0,138.0,1.85,1.01,33.69,4014.0,878.0,29.85,5.9,13.3,799.0,271.0,5.94,1.94,20.62,66302.0,2550.0,92.07,0.98,2.34,50276.0,2284.0,75.83,1.83,2.76,3720.0,681.0,5.61,1.0,11.13,6208.0,954.0,9.36,1.39,9.34,28971.0,1055.0,98.32,0.88,2.21,28274.0,1043.0,95.96,1.03,2.24,56917.0,2035.0,79.04,4.06,2.17,44928.0,1786.0,78.94,1.37,2.42,42038.0,1695.0,73.86,1.38,2.45,2890.0,481.0,5.08,0.83,10.12,0.0,,0.0,,,11989.0,879.0,21.06,1.35,4.46,,,6.43,1.04,10.12,41406.0,1698.0,57.5,1.02,2.49,3027.0,421.0,7.31,0.97,8.45,749.0,213.0,1.81,0.51,17.29,20365.0,1213.0,49.18,2.12,3.62,3535.0,585.0,8.54,1.37,10.06,11969.0,1102.0,28.91,2.38,5.6,42038.0,1695.0,58.37,0.94,2.45,54.0,52.0,0.13,0.12,58.54,1304.0,519.0,3.1,1.23,24.19,894.0,218.0,2.13,0.51,14.82,661.0,206.0,1.57,0.49,18.95,2223.0,446.0,5.29,1.04,12.2,508.0,150.0,1.21,0.35,17.95,4205.0,609.0,10.0,1.39,8.8,4570.0,609.0,10.87,1.38,8.1,11243.0,1013.0,26.74,2.15,5.48,10101.0,791.0,24.03,1.61,4.76,3142.0,424.0,7.47,0.96,8.2,1866.0,357.0,4.44,0.83,11.63,1267.0,334.0,3.01,0.79,16.03,973.0,247.0,3.3,0.83,15.43,239.0,124.0,0.81,0.42,31.54,951.0,310.0,3.23,1.05,19.82,634.0,245.0,2.15,0.83,23.49,1113.0,277.0,3.78,0.93,15.13,2244.0,404.0,7.62,1.34,10.94,2214.0,389.0,7.51,1.29,10.68,4432.0,554.0,15.04,1.8,7.6,3970.0,630.0,13.47,2.08,9.65,12695.0,907.0,43.09,2.68,4.34,26707.0,1094.0,90.64,1.88,2.49,4719.0,514.0,16.02,1.65,6.62,4567.0,555.0,15.5,1.8,7.39,708.0,158.0,2.4,0.53,13.57,1150.0,376.0,3.9,1.27,19.88,1089.0,278.0,3.7,0.93,15.52,69931.0,2687.0,97.28,1.0,2.34,62367.0,2390.0,86.76,0.86,2.33,14130.0,1317.0,19.66,1.68,5.67,1957.0,439.0,2.72,0.6,13.64,35708.0,1742.0,49.58,1.58,2.97,36306.0,1451.0,50.42,0.77,2.43,5712.0,525.0,7.93,0.67,5.59,4381.0,653.0,6.08,0.88,9.06,4221.0,553.0,5.86,0.74,7.96,2465.0,345.0,3.42,0.46,8.51,2033.0,358.0,2.82,0.49,10.7,13350.0,1041.0,18.54,1.27,4.74,15089.0,980.0,20.95,1.12,3.95,10052.0,918.0,13.96,1.17,5.55,3837.0,529.0,5.33,0.71,8.38,3018.0,467.0,4.19,0.63,9.41,5108.0,602.0,7.09,0.79,7.16,2095.0,395.0,2.91,0.54,11.46,653.0,234.0,0.91,0.32,21.78,16175.0,1171.0,22.46,1.4,4.4,55839.0,1963.0,77.54,3.96,2.14,7856.0,715.0,10.91,0.91,5.53,6507.0,847.0,9.04,1.13,7.91,52263.0,2582.0,72.57,2.38,3.0,2910.0,625.0,4.04,0.85,13.06,241.0,187.0,0.33,0.26,47.17,6674.0,958.0,9.27,1.29,8.73,0.0,,0.0,,,3419.0,887.0,4.75,1.22,15.77,10855.0,1563.0,15.07,2.1,8.75,61159.0,2225.0,84.93,4.4,2.21,48203.0,2306.0,66.94,2.03,2.91,2576.0,559.0,3.58,0.76,13.19,24.0,36.0,0.03,0.05,91.19,6539.0,957.0,9.08,1.29,8.9,0.0,,0.0,,,368.0,143.0,0.51,0.2,23.62,3449.0,607.0,4.79,0.82,10.7
11216,11216,11216,26311.0,1040.0,100,,2.4,5155.0,610.0,19.59,2.19,7.19,11820.0,1373.0,18.95,2.06,7.06,946.0,310.0,8.0,2.45,19.92,801.0,244.0,6.78,1.91,18.52,3947.0,714.0,33.39,4.63,11.0,2017.0,403.0,17.06,2.77,12.15,4109.0,710.0,34.76,4.45,10.5,48194.0,1748.0,77.27,4.26,2.2,1951.0,348.0,4.05,0.71,10.84,2639.0,465.0,5.48,0.94,10.71,9035.0,1065.0,18.75,2.1,7.17,26245.0,1313.0,54.46,1.88,3.04,52693.0,2080.0,84.48,4.84,2.4,970.0,233.0,1.84,0.44,14.6,62242.0,2593.0,99.79,0.31,2.53,6377.0,796.0,10.25,1.21,7.59,9675.0,1129.0,15.51,1.69,7.09,285.0,146.0,2.95,1.47,31.14,45941.0,2053.0,73.66,1.21,2.72,3021.0,480.0,6.58,1.0,9.66,6626.0,873.0,10.62,1.33,8.01,3071.0,639.0,46.35,7.46,12.65,61743.0,2570.0,98.99,0.26,2.53,51099.0,2563.0,82.76,2.32,3.05,10201.0,1032.0,16.52,1.52,6.15,443.0,148.0,0.72,0.24,20.31,62373.0,2591.0,100,,2.53,48497.0,2336.0,77.75,1.9,2.93,47116.0,2375.0,75.54,2.16,3.06,1381.0,378.0,2.21,0.6,16.64,13876.0,1237.0,22.25,1.75,5.42,9016.0,1004.0,64.98,4.34,6.77,4860.0,685.0,35.02,3.82,8.57,1843.0,331.0,13.28,2.07,10.92,1879.0,333.0,13.54,2.07,10.77,656.0,227.0,4.73,1.58,21.04,175.0,98.0,1.26,0.7,34.04,8958.0,1103.0,64.56,5.48,7.49,365.0,121.0,2.63,0.84,20.15,59266.0,2512.0,95.02,0.8,2.58,46847.0,2243.0,79.05,1.76,2.91,2969.0,549.0,5.01,0.9,11.24,5155.0,840.0,8.7,1.37,9.91,24954.0,1085.0,94.84,1.72,2.64,23439.0,1005.0,89.08,1.48,2.61,53481.0,2122.0,85.74,4.93,2.41,38378.0,1976.0,71.76,2.35,3.13,35882.0,1857.0,67.09,2.23,3.15,2496.0,517.0,4.67,0.95,12.59,0.0,,0.0,,,15103.0,1291.0,28.24,2.14,5.2,,,6.5,1.3,12.59,35107.0,1845.0,56.29,1.81,3.19,4203.0,627.0,11.97,1.67,9.07,697.0,205.0,1.99,0.57,17.88,19334.0,1376.0,55.07,2.64,4.33,1441.0,293.0,4.1,0.81,12.36,7323.0,851.0,20.86,2.16,7.06,35882.0,1857.0,57.53,1.78,3.15,21.0,35.0,0.06,0.1,101.32,982.0,237.0,2.74,0.65,14.67,860.0,257.0,2.4,0.71,18.17,491.0,176.0,1.37,0.49,21.79,2673.0,487.0,7.45,1.3,11.08,1775.0,409.0,4.95,1.11,14.01,3559.0,471.0,9.92,1.21,8.05,2766.0,483.0,7.71,1.29,10.62,7089.0,560.0,19.76,1.18,4.8,8953.0,967.0,24.95,2.37,6.57,3786.0,513.0,10.55,1.32,8.24,1620.0,324.0,4.51,0.87,12.16,1307.0,336.0,3.64,0.92,15.63,1541.0,362.0,5.86,1.36,14.28,1347.0,285.0,5.12,1.06,12.86,1703.0,310.0,6.47,1.15,11.07,1297.0,273.0,4.93,1.02,12.8,1927.0,401.0,7.32,1.5,12.65,3212.0,525.0,12.21,1.94,9.94,3093.0,427.0,11.76,1.55,8.39,4532.0,559.0,17.22,2.01,7.5,2810.0,418.0,10.68,1.53,9.04,4849.0,527.0,18.43,1.87,6.61,22085.0,1003.0,83.94,1.88,2.76,4851.0,568.0,18.44,2.03,7.12,3747.0,474.0,14.24,1.71,7.69,1597.0,316.0,6.07,1.18,12.03,1439.0,311.0,5.47,1.16,13.14,3771.0,406.0,14.33,1.44,6.54,58483.0,2638.0,93.96,1.63,2.74,43910.0,2393.0,70.55,2.48,3.31,19941.0,1516.0,32.04,2.04,4.62,3759.0,571.0,6.04,0.88,9.23,28654.0,1583.0,45.94,1.67,3.36,33719.0,1674.0,54.06,1.47,3.02,3107.0,515.0,4.98,0.8,10.08,2829.0,535.0,4.54,0.84,11.5,2468.0,530.0,3.96,0.83,13.05,1924.0,429.0,3.08,0.68,13.55,3851.0,687.0,6.17,1.07,10.84,18331.0,1117.0,29.39,1.31,3.7,10497.0,985.0,16.83,1.42,5.7,7010.0,751.0,11.24,1.11,6.51,3045.0,642.0,4.88,1.01,12.82,2561.0,398.0,4.11,0.61,9.45,4181.0,727.0,6.7,1.13,10.57,1724.0,372.0,2.76,0.59,13.12,845.0,253.0,1.35,0.4,18.2,9680.0,1130.0,15.52,1.69,7.1,52693.0,2080.0,84.48,4.84,2.4,6750.0,871.0,10.82,1.32,7.84,6292.0,977.0,10.09,1.51,9.44,20718.0,1327.0,33.22,1.62,3.89,28802.0,2272.0,46.18,3.1,4.8,56.0,62.0,0.09,0.1,67.3,2999.0,564.0,4.81,0.88,11.43,23.0,37.0,0.04,0.06,97.79,3483.0,820.0,5.58,1.29,14.31,8459.0,1148.0,13.56,1.75,8.25,53914.0,2444.0,86.44,1.57,2.76,18755.0,1251.0,30.07,1.57,4.05,27510.0,2265.0,44.11,3.14,5.01,33.0,53.0,0.05,0.08,97.63,2898.0,552.0,4.65,0.86,11.58,23.0,37.0,0.04,0.06,97.79,708.0,473.0,1.14,0.76,40.61,3987.0,709.0,6.39,1.11,10.81
11217,11217,11217,18912.0,630.0,100,,2.03,4213.0,371.0,22.28,1.82,5.35,7642.0,942.0,17.75,2.05,7.49,957.0,221.0,12.52,2.45,14.04,330.0,145.0,4.32,1.82,26.71,2514.0,537.0,32.9,5.74,12.99,1490.0,326.0,19.5,3.52,13.3,2351.0,429.0,30.76,4.14,11.09,33129.0,1265.0,76.96,4.4,2.32,1280.0,249.0,3.86,0.74,11.83,1397.0,328.0,4.22,0.98,14.27,2577.0,422.0,7.78,1.24,9.95,23755.0,1073.0,71.7,1.73,2.75,34868.0,1295.0,81.0,4.57,2.26,505.0,157.0,1.45,0.45,18.9,42530.0,1816.0,98.8,0.37,2.6,3914.0,478.0,9.2,1.05,7.42,8112.0,848.0,18.85,1.8,6.35,200.0,88.0,2.47,1.05,26.75,29792.0,1246.0,69.21,4.13,2.54,2141.0,401.0,7.19,1.31,11.39,4626.0,680.0,10.75,1.51,8.94,1573.0,303.0,34.0,4.23,11.71,42343.0,1838.0,98.37,0.85,2.64,34629.0,1823.0,81.78,2.44,3.2,7514.0,943.0,17.75,2.09,7.63,200.0,86.0,0.47,0.2,26.14,43045.0,1831.0,100,,2.59,34745.0,1506.0,80.72,0.67,2.63,33349.0,1467.0,77.47,0.87,2.67,1396.0,262.0,3.24,0.59,11.41,8300.0,731.0,19.28,1.49,5.35,4676.0,596.0,56.34,5.19,7.75,3624.0,532.0,43.66,5.13,8.92,2257.0,348.0,27.19,3.44,9.37,1849.0,310.0,22.28,3.18,10.19,395.0,216.0,4.76,2.57,33.24,248.0,160.0,2.99,1.91,39.22,3121.0,578.0,37.6,6.13,11.26,430.0,154.0,5.18,1.8,21.77,39351.0,1671.0,91.42,5.49,2.58,29418.0,1284.0,74.76,0.75,2.65,2736.0,420.0,6.95,1.03,9.33,4666.0,778.0,11.86,1.91,10.14,18098.0,633.0,95.7,1.02,2.13,17395.0,608.0,91.98,0.97,2.12,35468.0,1326.0,82.4,4.67,2.27,26891.0,1278.0,75.82,2.22,2.89,25221.0,1183.0,71.11,2.01,2.85,1628.0,583.0,4.59,1.63,21.77,42.0,38.0,0.12,0.11,55.0,8577.0,736.0,24.18,1.87,5.22,,,6.05,2.15,21.77,24744.0,1189.0,57.48,1.28,2.92,1522.0,345.0,6.15,1.36,13.78,257.0,151.0,1.04,0.61,35.72,13075.0,804.0,52.84,2.03,3.74,2089.0,375.0,8.44,1.46,10.91,7022.0,771.0,28.38,2.8,6.67,25221.0,1183.0,58.59,1.16,2.85,27.0,30.0,0.11,0.12,67.54,415.0,152.0,1.65,0.6,22.27,923.0,279.0,3.66,1.09,18.38,394.0,168.0,1.56,0.66,25.92,1854.0,307.0,7.35,1.17,10.07,482.0,155.0,1.91,0.61,19.55,2293.0,358.0,9.09,1.35,9.49,3190.0,430.0,12.65,1.6,8.19,6412.0,543.0,25.42,1.79,5.15,5132.0,599.0,20.35,2.17,7.1,2032.0,331.0,8.06,1.26,9.9,1202.0,304.0,4.77,1.18,15.37,865.0,224.0,3.43,0.87,15.74,1086.0,250.0,5.74,1.31,13.99,780.0,229.0,4.12,1.2,17.85,609.0,164.0,3.22,0.86,16.37,767.0,249.0,4.06,1.31,19.74,1040.0,277.0,5.5,1.45,16.19,1327.0,250.0,7.02,1.3,11.45,1319.0,367.0,6.97,1.93,16.91,2404.0,342.0,12.71,1.76,8.65,2195.0,409.0,11.61,2.13,11.33,7385.0,555.0,39.05,2.63,4.57,16300.0,701.0,86.19,2.34,2.61,3379.0,467.0,17.87,2.4,8.4,2439.0,461.0,12.9,2.4,11.49,842.0,209.0,4.45,1.1,15.09,670.0,216.0,3.54,1.14,19.6,1879.0,355.0,9.94,1.85,11.49,41329.0,1821.0,97.18,1.06,2.68,33994.0,1522.0,79.93,1.08,2.72,11017.0,1214.0,25.9,2.63,6.7,1201.0,256.0,2.82,0.59,12.96,19759.0,938.0,45.9,0.97,2.89,23286.0,1257.0,54.1,1.8,3.28,3694.0,534.0,8.58,1.19,8.79,1617.0,298.0,3.76,0.67,11.2,1593.0,402.0,3.7,0.92,15.34,1363.0,325.0,3.17,0.74,14.5,1649.0,329.0,3.83,0.75,12.13,10785.0,837.0,25.06,1.63,4.72,8199.0,686.0,19.05,1.37,5.09,5458.0,577.0,12.68,1.23,6.43,1940.0,357.0,4.51,0.81,11.19,1757.0,255.0,4.08,0.57,8.82,2711.0,508.0,6.3,1.15,11.39,1560.0,280.0,3.62,0.63,10.91,719.0,274.0,1.67,0.63,23.17,8135.0,849.0,18.9,1.8,6.34,34910.0,1299.0,81.1,4.58,2.26,4990.0,689.0,11.59,1.52,8.39,5232.0,1016.0,12.15,2.3,11.8,23952.0,1371.0,55.64,2.13,3.48,7636.0,1062.0,17.74,2.35,8.45,66.0,70.0,0.15,0.16,64.47,3935.0,575.0,9.14,1.28,8.88,12.0,17.0,0.03,0.04,86.12,2212.0,588.0,5.14,1.35,16.16,6221.0,885.0,14.45,1.96,8.65,36824.0,1787.0,85.55,2.0,2.95,22259.0,1344.0,51.71,2.22,3.67,7093.0,1023.0,16.48,2.27,8.77,29.0,34.0,0.07,0.08,71.27,3894.0,584.0,9.05,1.3,9.12,0.0,,0.0,,,363.0,235.0,0.84,0.54,39.35,3186.0,855.0,7.4,1.96,16.31
11218,11218,11218,26048.0,1103.0,100,,2.57,8917.0,796.0,34.23,2.69,5.43,20833.0,1768.0,28.41,2.02,5.16,1507.0,249.0,7.23,1.03,10.04,1178.0,208.0,5.65,0.88,10.73,9310.0,1003.0,44.69,2.97,6.55,4015.0,596.0,19.27,2.35,9.02,4823.0,997.0,23.15,4.36,12.57,48645.0,2385.0,66.35,1.02,2.98,3567.0,573.0,7.33,1.12,9.77,3438.0,643.0,7.07,1.28,11.37,9294.0,1142.0,19.11,2.15,7.47,24225.0,1451.0,49.8,1.71,3.64,54093.0,2711.0,73.78,1.36,3.05,937.0,374.0,1.73,0.69,24.26,72969.0,3415.0,99.52,0.45,2.85,6676.0,831.0,9.15,1.06,7.57,19211.0,1459.0,26.2,1.57,4.62,631.0,192.0,3.28,0.97,18.5,43953.0,2513.0,59.95,1.99,3.48,2768.0,456.0,6.3,0.97,10.01,9805.0,844.0,13.37,0.97,5.23,3277.0,499.0,33.42,4.2,9.26,72133.0,3348.0,98.38,6.47,2.82,66138.0,3148.0,91.69,0.97,2.89,5371.0,881.0,7.45,1.17,9.97,624.0,231.0,0.87,0.32,22.5,73318.0,3415.0,100,,2.83,49825.0,2709.0,67.96,1.91,3.31,47075.0,2598.0,64.21,1.9,3.35,2750.0,554.0,3.75,0.74,12.25,23493.0,2176.0,32.04,2.57,5.63,15234.0,1621.0,64.84,3.4,6.47,8259.0,1105.0,35.16,3.39,8.13,4935.0,771.0,21.01,2.64,9.5,10935.0,1684.0,46.55,5.73,9.36,625.0,283.0,2.66,1.18,27.53,264.0,334.0,1.12,1.42,76.91,6380.0,906.0,27.16,2.92,8.63,354.0,100.0,1.51,0.4,17.17,68387.0,3225.0,93.27,0.69,2.87,34114.0,2209.0,49.88,2.21,3.94,13883.0,1407.0,20.3,1.82,6.16,8152.0,1182.0,11.92,1.63,8.81,24187.0,1171.0,92.86,2.18,2.94,22581.0,1230.0,86.69,2.97,3.31,56146.0,2785.0,76.58,1.31,3.02,36526.0,1941.0,65.06,1.24,3.23,34165.0,1847.0,60.85,1.31,3.29,2361.0,414.0,4.21,0.71,10.66,0.0,,0.0,,,19620.0,1554.0,34.94,2.16,4.81,,,6.46,1.08,10.66,33549.0,1840.0,45.76,1.33,3.33,5739.0,812.0,17.11,2.23,8.6,1434.0,333.0,4.27,0.96,14.12,15379.0,1099.0,45.84,2.1,4.34,3125.0,457.0,9.31,1.26,8.89,6494.0,773.0,19.36,2.04,7.24,34165.0,1847.0,46.6,1.28,3.29,37.0,39.0,0.11,0.11,64.08,1806.0,333.0,5.29,0.93,11.21,772.0,221.0,2.26,0.64,17.4,778.0,229.0,2.28,0.66,17.89,2879.0,481.0,8.43,1.33,10.16,2059.0,493.0,6.03,1.41,14.56,2360.0,388.0,6.91,1.07,9.99,2141.0,326.0,6.27,0.89,9.26,4962.0,631.0,14.52,1.67,7.73,10244.0,991.0,29.98,2.41,5.88,3007.0,497.0,8.8,1.37,10.05,2006.0,552.0,5.87,1.58,16.73,1114.0,220.0,3.26,0.62,12.01,1018.0,263.0,3.91,1.0,15.71,845.0,309.0,3.24,1.18,22.23,1526.0,289.0,5.86,1.08,11.51,1659.0,346.0,6.37,1.3,12.68,2339.0,491.0,8.98,1.85,12.76,4117.0,609.0,15.81,2.24,8.99,3200.0,390.0,12.29,1.4,7.41,4382.0,581.0,16.82,2.11,8.06,2285.0,315.0,8.77,1.15,8.38,4677.0,847.0,17.96,3.16,11.01,21742.0,1141.0,83.47,2.59,3.19,6194.0,602.0,23.78,2.08,5.91,4621.0,536.0,17.74,1.92,7.05,1853.0,440.0,7.11,1.66,14.43,1388.0,402.0,5.33,1.53,17.61,3973.0,555.0,15.25,2.03,8.49,69641.0,3445.0,95.44,1.53,3.01,43439.0,2569.0,59.53,2.15,3.6,33243.0,2548.0,45.56,2.77,4.66,3328.0,606.0,4.56,0.8,11.07,37486.0,2132.0,51.13,1.67,3.46,35832.0,1805.0,48.87,0.94,3.06,4931.0,614.0,6.73,0.78,7.57,5473.0,597.0,7.46,0.74,6.63,5641.0,782.0,7.69,1.0,8.43,5092.0,657.0,6.95,0.84,7.84,3536.0,650.0,4.82,0.86,11.17,9530.0,992.0,13.0,1.21,6.33,11393.0,860.0,15.54,0.92,4.59,9976.0,1074.0,13.61,1.32,6.54,4113.0,768.0,5.61,1.01,11.35,3569.0,501.0,4.87,0.64,8.53,6012.0,669.0,8.2,0.83,6.76,3146.0,513.0,4.29,0.67,9.91,906.0,243.0,1.24,0.33,16.3,19225.0,1458.0,26.22,1.57,4.61,54093.0,2711.0,73.78,1.36,3.05,10064.0,839.0,13.73,0.95,5.07,6295.0,1064.0,8.59,1.4,10.27,41158.0,2543.0,56.14,2.28,3.76,7033.0,1375.0,9.59,1.82,11.88,258.0,124.0,0.35,0.17,29.22,13231.0,1888.0,18.05,2.43,8.67,0.0,,0.0,,,5343.0,1181.0,7.29,1.57,13.44,11989.0,1444.0,16.35,1.82,7.32,61329.0,3433.0,83.65,2.6,3.4,37725.0,2553.0,51.45,2.53,4.11,6502.0,1246.0,8.87,1.65,11.65,22.0,35.0,0.03,0.05,96.71,13016.0,1876.0,17.75,2.42,8.76,0.0,,0.0,,,663.0,385.0,0.9,0.52,35.3,3401.0,741.0,4.64,0.99,13.24
11219,11219,11219,24031.0,882.0,100,,2.23,11656.0,795.0,48.5,2.79,4.15,32970.0,2477.0,35.73,2.2,4.57,2220.0,348.0,6.73,0.93,9.53,2455.0,400.0,7.45,1.08,9.9,15818.0,1453.0,47.98,2.54,5.58,6482.0,756.0,19.66,1.75,7.09,5995.0,751.0,18.18,1.82,7.62,47448.0,1836.0,51.42,2.97,2.35,8394.0,878.0,17.69,1.72,6.36,5893.0,944.0,12.42,1.93,9.74,17431.0,1208.0,36.74,2.11,4.21,9577.0,903.0,20.18,1.74,5.73,56431.0,2155.0,61.15,3.51,2.32,523.0,158.0,0.93,0.28,18.36,91526.0,3958.0,99.18,0.52,2.63,6259.0,670.0,6.84,0.67,6.51,35833.0,2705.0,38.83,2.41,4.59,353.0,134.0,0.99,0.37,23.08,45762.0,2161.0,49.59,0.98,2.87,2349.0,402.0,5.13,0.84,10.4,9931.0,758.0,10.76,0.68,4.64,3557.0,505.0,35.82,4.29,8.63,89488.0,3818.0,96.97,5.87,2.59,83225.0,3656.0,93.0,0.97,2.67,5509.0,1095.0,6.16,1.2,12.08,754.0,440.0,0.84,0.49,35.47,92283.0,3961.0,100,,2.61,62883.0,3810.0,68.14,2.91,3.68,60546.0,3805.0,65.61,3.01,3.82,2337.0,505.0,2.53,0.54,13.14,29400.0,2054.0,31.86,1.76,4.25,14873.0,1180.0,50.59,1.9,4.82,14527.0,1577.0,49.41,4.11,6.6,4907.0,714.0,16.69,2.13,8.85,16620.0,1657.0,56.53,4.02,6.06,718.0,357.0,2.44,1.2,30.23,12.0,22.0,0.04,0.07,111.45,6888.0,1028.0,23.43,3.09,9.07,255.0,121.0,0.87,0.41,28.85,80158.0,3379.0,86.86,5.23,2.56,14330.0,1442.0,17.88,1.63,6.12,40793.0,2662.0,50.89,2.54,3.97,10153.0,1404.0,12.67,1.67,8.41,18801.0,997.0,78.24,2.99,3.22,16361.0,965.0,68.08,3.14,3.59,59517.0,2283.0,64.49,3.71,2.33,35300.0,1854.0,59.31,2.13,3.19,32647.0,1864.0,54.85,2.32,3.47,2648.0,501.0,4.45,0.82,11.5,5.0,8.0,0.01,0.01,97.26,24217.0,1232.0,40.69,1.36,3.09,,,7.5,1.36,11.5,30811.0,1758.0,33.39,1.26,3.47,5317.0,551.0,17.26,1.49,6.3,2585.0,505.0,8.39,1.57,11.88,10420.0,980.0,33.82,2.53,5.72,8574.0,895.0,27.83,2.43,6.35,2979.0,627.0,9.67,1.96,12.79,32647.0,1864.0,35.38,1.33,3.47,36.0,45.0,0.11,0.14,75.99,1982.0,390.0,6.07,1.14,11.96,1515.0,466.0,4.64,1.4,18.7,1201.0,252.0,3.68,0.74,12.76,3810.0,707.0,11.67,2.06,11.28,1518.0,261.0,4.65,0.75,10.45,438.0,153.0,1.34,0.46,21.23,2003.0,395.0,6.14,1.16,11.99,2887.0,559.0,8.84,1.64,11.77,10150.0,662.0,31.09,0.98,3.96,4273.0,583.0,13.09,1.62,8.29,2098.0,645.0,6.43,1.94,18.69,736.0,290.0,2.25,0.88,23.95,1270.0,264.0,5.28,1.08,12.64,1799.0,379.0,7.49,1.55,12.81,2592.0,392.0,10.79,1.58,9.19,2841.0,481.0,11.82,1.95,10.29,3364.0,404.0,14.0,1.6,7.3,3708.0,579.0,15.43,2.34,9.49,2589.0,401.0,10.77,1.62,9.42,2771.0,410.0,11.53,1.65,8.99,1643.0,424.0,6.84,1.75,15.69,1454.0,260.0,6.05,1.06,10.87,20114.0,870.0,83.7,1.92,2.63,5516.0,550.0,22.95,2.13,6.06,2421.0,449.0,10.07,1.83,11.27,1767.0,289.0,7.35,1.17,9.94,1298.0,266.0,5.4,1.09,12.46,8207.0,722.0,34.15,2.73,5.35,85838.0,3801.0,93.79,0.89,2.69,25950.0,2402.0,28.35,2.32,5.63,65053.0,3639.0,71.08,2.52,3.4,5688.0,824.0,6.21,0.86,8.81,47258.0,2326.0,51.21,1.23,2.99,45025.0,2131.0,48.79,0.97,2.88,12125.0,1158.0,13.14,1.12,5.81,10259.0,974.0,11.12,0.94,5.77,8726.0,970.0,9.46,0.97,6.76,7561.0,821.0,8.19,0.82,6.6,6164.0,645.0,6.68,0.64,6.36,11873.0,1139.0,12.87,1.1,5.83,9991.0,1209.0,10.83,1.22,7.36,7639.0,687.0,8.28,0.65,5.47,3425.0,465.0,3.71,0.48,8.25,3965.0,624.0,4.3,0.65,9.57,6659.0,720.0,7.22,0.72,6.57,2254.0,416.0,2.44,0.44,11.22,1642.0,315.0,1.78,0.33,11.66,35847.0,2704.0,38.84,2.41,4.59,56436.0,2155.0,61.16,3.51,2.32,10555.0,757.0,11.44,0.66,4.36,1742.0,549.0,1.89,0.59,19.16,57607.0,3891.0,62.42,3.26,4.11,1444.0,512.0,1.56,0.55,21.55,599.0,380.0,0.65,0.41,38.56,20305.0,1834.0,22.0,1.75,5.49,39.0,44.0,0.04,0.05,68.58,10547.0,1907.0,11.43,2.01,10.99,12095.0,1548.0,13.11,1.58,7.78,80188.0,3849.0,86.89,1.87,2.92,55168.0,3935.0,59.78,3.41,4.34,1260.0,454.0,1.37,0.49,21.9,215.0,187.0,0.23,0.2,52.87,20262.0,1823.0,21.96,1.74,5.47,0.0,,0.0,,,2591.0,958.0,2.81,1.03,22.48,692.0,301.0,0.75,0.32,26.44
11220,11220,11220,27907.0,1012.0,100,,2.2,11150.0,674.0,39.95,1.93,3.67,24751.0,1534.0,26.61,1.18,3.77,1561.0,335.0,6.31,1.3,13.05,1392.0,248.0,5.62,0.94,10.83,11877.0,858.0,47.99,1.78,4.39,4722.0,533.0,19.08,1.8,6.86,5199.0,666.0,21.01,2.35,7.79,62775.0,2506.0,67.49,3.97,2.43,14168.0,1034.0,22.57,1.38,4.44,9637.0,791.0,15.35,1.1,4.99,15727.0,1209.0,25.05,1.65,4.67,15602.0,1363.0,24.85,1.93,5.31,69351.0,2870.0,74.56,4.46,2.52,839.0,192.0,1.21,0.27,13.91,92978.0,4022.0,99.97,0.15,2.63,7819.0,806.0,8.41,0.79,6.27,23653.0,1595.0,25.43,1.32,4.1,604.0,258.0,2.55,1.08,25.97,57132.0,2795.0,61.43,1.41,2.97,2890.0,439.0,5.06,0.73,9.23,12193.0,850.0,13.11,0.72,4.24,4325.0,512.0,35.47,3.39,7.2,92089.0,3862.0,99.01,5.96,2.55,84766.0,3554.0,92.05,5.46,2.55,6376.0,939.0,6.92,0.98,8.95,947.0,275.0,1.03,0.3,17.65,93008.0,4021.0,100,,2.63,43794.0,2325.0,47.09,1.45,3.23,40223.0,2384.0,43.25,1.75,3.6,3571.0,547.0,3.84,0.56,9.31,49214.0,2488.0,52.91,1.39,3.07,19826.0,1368.0,40.29,1.89,4.19,29388.0,1939.0,59.71,2.53,4.01,2508.0,414.0,5.1,0.8,10.03,27469.0,1766.0,55.82,2.22,3.91,1181.0,646.0,2.4,1.31,33.25,54.0,43.0,0.11,0.09,48.41,17947.0,1490.0,36.47,2.4,5.05,55.0,44.0,0.11,0.09,48.63,87226.0,3552.0,93.78,5.57,2.48,16508.0,1488.0,18.93,1.52,5.48,51925.0,2614.0,59.53,1.76,3.06,31936.0,2440.0,36.61,2.37,4.64,25764.0,1017.0,92.32,1.44,2.4,23387.0,1061.0,83.8,2.28,2.76,71613.0,2972.0,77.0,4.61,2.52,46148.0,2322.0,64.44,1.83,3.06,42706.0,2188.0,59.63,1.79,3.11,3442.0,650.0,4.81,0.89,11.48,0.0,,0.0,,,25465.0,1249.0,35.56,0.93,2.98,,,7.46,1.36,11.48,40328.0,2060.0,43.36,1.18,3.11,5724.0,713.0,14.19,1.61,7.57,2994.0,408.0,7.42,0.94,8.28,19932.0,1248.0,49.42,1.79,3.81,6050.0,694.0,15.0,1.54,6.97,3645.0,628.0,9.04,1.49,10.47,42706.0,2188.0,45.92,1.26,3.11,41.0,36.0,0.1,0.08,53.38,3949.0,657.0,9.25,1.46,10.11,1848.0,317.0,4.33,0.71,10.43,826.0,204.0,1.93,0.47,15.01,4326.0,621.0,10.13,1.36,8.73,2495.0,412.0,5.84,0.92,10.04,1056.0,306.0,2.47,0.71,17.62,1935.0,328.0,4.53,0.73,10.3,4346.0,691.0,10.18,1.53,9.67,9734.0,824.0,22.79,1.54,5.15,8432.0,792.0,19.74,1.55,5.71,2499.0,426.0,5.85,0.95,10.36,1219.0,279.0,2.85,0.64,13.91,1460.0,203.0,5.23,0.7,8.45,1669.0,312.0,5.98,1.1,11.36,2449.0,406.0,8.78,1.42,10.08,2350.0,323.0,8.42,1.12,8.36,3503.0,407.0,12.55,1.39,7.06,4781.0,485.0,17.13,1.62,6.17,3812.0,567.0,13.66,1.97,9.04,4012.0,528.0,14.38,1.82,8.0,1883.0,293.0,6.75,1.02,9.46,1988.0,264.0,7.12,0.91,8.07,23161.0,1022.0,82.99,2.09,2.68,7273.0,532.0,26.06,1.66,4.45,3171.0,287.0,11.36,0.94,5.5,2153.0,357.0,7.71,1.25,10.08,1314.0,245.0,4.71,0.86,11.33,7252.0,518.0,25.99,1.6,4.34,82217.0,3562.0,88.43,0.21,2.63,30955.0,1792.0,33.29,1.28,3.52,55939.0,3129.0,60.16,2.13,3.4,10761.0,1087.0,11.57,1.06,6.14,46378.0,2181.0,49.86,0.92,2.86,46630.0,2167.0,50.14,0.85,2.83,5782.0,797.0,6.22,0.81,8.38,7321.0,643.0,7.87,0.6,5.34,7169.0,741.0,7.71,0.72,6.28,5055.0,556.0,5.44,0.55,6.69,4906.0,661.0,5.27,0.67,8.19,14361.0,1209.0,15.44,1.12,5.12,14434.0,1057.0,15.52,0.92,4.45,11896.0,862.0,12.79,0.74,4.4,4770.0,532.0,5.13,0.53,6.78,5111.0,552.0,5.5,0.54,6.57,7673.0,711.0,8.25,0.68,5.63,3377.0,357.0,3.63,0.35,6.43,1153.0,215.0,1.24,0.22,11.34,23657.0,1595.0,25.44,1.32,4.1,69351.0,2870.0,74.56,4.46,2.52,12203.0,849.0,13.12,0.72,4.23,5464.0,1090.0,5.87,1.14,12.13,22067.0,2085.0,23.73,1.99,5.74,2298.0,738.0,2.47,0.79,19.52,1271.0,498.0,1.37,0.53,23.82,37912.0,2275.0,40.76,1.7,3.65,0.0,,0.0,,,23996.0,2774.0,25.8,2.77,7.03,38012.0,2871.0,40.87,2.53,4.59,54996.0,2773.0,59.13,1.53,3.07,13974.0,1491.0,15.02,1.47,6.49,1545.0,585.0,1.66,0.62,23.02,349.0,323.0,0.38,0.35,56.26,37855.0,2275.0,40.7,1.7,3.65,0.0,,0.0,,,194.0,146.0,0.21,0.16,45.75,1079.0,357.0,1.16,0.38,20.11
11221,11221,11221,35245.0,1287.0,100,,2.22,8227.0,870.0,23.34,2.32,6.43,20209.0,1951.0,22.15,1.9,5.87,1248.0,413.0,6.18,1.95,20.12,531.0,191.0,2.63,0.91,21.87,7260.0,935.0,35.92,3.06,7.83,3589.0,593.0,17.76,2.38,10.04,7581.0,1072.0,37.51,3.88,8.6,65129.0,2587.0,71.39,4.26,2.41,4840.0,685.0,7.43,1.01,8.6,5233.0,605.0,8.03,0.87,7.03,15786.0,1397.0,24.24,1.92,5.38,26566.0,1674.0,40.79,2.0,3.83,75467.0,3142.0,82.72,5.04,2.53,1039.0,269.0,1.38,0.35,15.74,90997.0,4060.0,99.74,0.29,2.71,8901.0,765.0,9.78,0.72,5.22,15750.0,1584.0,17.26,1.56,6.11,490.0,168.0,3.11,1.02,20.84,66158.0,2957.0,72.51,0.29,2.72,4890.0,575.0,7.39,0.8,7.15,9089.0,791.0,9.96,0.74,5.29,3521.0,472.0,38.74,3.95,8.15,90492.0,4036.0,99.18,0.26,2.71,77527.0,3970.0,85.67,2.16,3.11,12522.0,1290.0,13.84,1.29,6.26,443.0,171.0,0.49,0.19,23.47,91236.0,4062.0,100,,2.71,68208.0,3187.0,74.76,1.06,2.84,64607.0,3088.0,70.81,1.23,2.91,3601.0,669.0,3.95,0.71,11.29,23028.0,2062.0,25.24,1.96,5.44,12912.0,1438.0,56.07,3.71,6.77,10116.0,1322.0,43.93,4.18,7.94,1921.0,453.0,8.34,1.82,14.34,3470.0,816.0,15.07,3.28,14.3,1620.0,723.0,7.03,3.08,27.13,137.0,85.0,0.59,0.37,37.72,15645.0,1649.0,67.94,3.78,6.41,235.0,140.0,1.02,0.6,36.22,86620.0,3784.0,94.94,5.92,2.66,56493.0,3183.0,65.22,2.32,3.43,11021.0,1275.0,12.72,1.36,7.03,21222.0,1854.0,24.5,1.85,5.31,32778.0,1323.0,93.0,1.6,2.45,30210.0,1339.0,85.71,2.15,2.69,77201.0,3171.0,84.62,5.13,2.5,53718.0,2431.0,69.58,1.32,2.75,49132.0,2297.0,63.64,1.42,2.84,4586.0,721.0,5.94,0.9,9.56,0.0,,0.0,,,23483.0,1823.0,30.42,2.0,4.72,,,8.54,1.29,9.56,48053.0,2320.0,52.67,0.98,2.93,6849.0,953.0,14.25,1.86,8.46,1496.0,393.0,3.11,0.8,15.97,27263.0,1899.0,56.74,2.85,4.23,2371.0,380.0,4.93,0.75,9.74,7210.0,769.0,15.0,1.43,6.48,49132.0,2297.0,53.85,0.77,2.84,21.0,34.0,0.04,0.07,98.42,2210.0,564.0,4.5,1.13,15.51,1384.0,356.0,2.82,0.71,15.64,727.0,192.0,1.48,0.38,16.05,4686.0,484.0,9.54,0.88,6.28,3457.0,563.0,7.04,1.1,9.9,3015.0,414.0,6.14,0.79,8.35,2869.0,456.0,5.84,0.89,9.66,8057.0,793.0,16.4,1.42,5.98,11749.0,975.0,23.91,1.64,5.04,6595.0,816.0,13.42,1.54,7.52,2521.0,519.0,5.13,1.03,12.51,1841.0,335.0,3.75,0.66,11.06,2547.0,466.0,7.23,1.3,11.12,2250.0,435.0,6.38,1.21,11.75,2499.0,483.0,7.09,1.35,11.75,2481.0,567.0,7.04,1.59,13.89,2823.0,408.0,8.01,1.12,8.79,4548.0,559.0,12.9,1.51,7.47,4319.0,459.0,12.25,1.22,6.46,6619.0,718.0,18.78,1.92,6.59,3044.0,487.0,8.64,1.35,9.73,4115.0,544.0,11.68,1.48,8.04,28673.0,1235.0,81.35,1.86,2.62,7003.0,633.0,19.87,1.64,5.49,4191.0,557.0,11.89,1.52,8.08,2489.0,455.0,7.06,1.26,11.11,2131.0,356.0,6.05,0.99,10.16,7612.0,658.0,21.6,1.69,5.25,83371.0,3670.0,91.62,5.74,2.68,55570.0,3024.0,61.07,1.9,3.31,37776.0,2711.0,41.51,2.33,4.36,7626.0,1151.0,8.38,1.21,9.18,42539.0,2352.0,46.63,1.53,3.36,48697.0,2404.0,53.37,1.14,3.0,4616.0,875.0,5.06,0.93,11.52,4278.0,653.0,4.69,0.68,9.28,4439.0,658.0,4.87,0.69,9.01,4080.0,626.0,4.47,0.66,9.33,8694.0,1020.0,9.53,1.03,7.13,24749.0,1612.0,27.13,1.29,3.96,12690.0,1027.0,13.91,0.94,4.92,10143.0,973.0,11.12,0.94,5.83,4344.0,757.0,4.76,0.8,10.59,3910.0,581.0,4.29,0.61,9.03,5543.0,665.0,6.08,0.68,7.29,2643.0,381.0,2.9,0.4,8.76,1107.0,218.0,1.21,0.23,11.97,15769.0,1584.0,17.28,1.56,6.11,75467.0,3142.0,82.72,5.04,2.53,9293.0,792.0,10.19,0.74,5.18,10367.0,1891.0,11.36,2.01,11.09,21286.0,1587.0,23.33,1.4,4.53,39370.0,3168.0,43.15,2.89,4.89,693.0,406.0,0.76,0.44,35.61,4668.0,1059.0,5.12,1.14,13.79,82.0,90.0,0.09,0.1,66.72,14770.0,1867.0,16.19,1.92,7.68,28299.0,2294.0,31.02,2.1,4.93,62937.0,3506.0,68.98,2.31,3.39,18069.0,1488.0,19.8,1.37,5.01,36226.0,2968.0,39.71,2.73,4.98,39.0,44.0,0.04,0.05,68.58,4620.0,1057.0,5.06,1.14,13.91,82.0,90.0,0.09,0.1,66.72,507.0,270.0,0.56,0.29,32.37,3394.0,977.0,3.72,1.06,17.5
11222,11222,11222,19108.0,622.0,100,,1.98,2914.0,373.0,15.25,1.89,7.78,5496.0,681.0,13.69,1.61,7.53,788.0,286.0,14.34,4.89,22.06,317.0,119.0,5.77,2.04,22.82,1718.0,397.0,31.26,6.1,14.05,573.0,205.0,10.43,3.5,21.75,2100.0,352.0,38.21,4.31,10.19,32781.0,1190.0,81.67,4.31,2.21,1216.0,358.0,3.71,1.08,17.9,1052.0,337.0,3.21,1.02,19.47,4220.0,565.0,12.87,1.66,8.14,21231.0,1115.0,64.77,2.46,3.19,35038.0,1203.0,87.3,4.49,2.09,427.0,136.0,1.22,0.39,19.36,40116.0,1540.0,99.95,0.12,2.33,2864.0,421.0,7.14,1.01,8.94,5094.0,728.0,12.69,1.75,8.69,74.0,57.0,1.45,1.1,46.82,31071.0,1256.0,77.41,0.99,2.46,1253.0,281.0,4.03,0.89,13.63,3951.0,538.0,9.84,1.29,8.28,1537.0,314.0,38.9,5.92,12.42,39624.0,1503.0,98.72,5.33,2.31,32785.0,1498.0,82.74,2.11,2.78,6670.0,879.0,16.83,2.12,8.01,169.0,105.0,0.43,0.26,37.77,40137.0,1540.0,100,,2.33,29551.0,1407.0,73.63,2.08,2.89,28452.0,1413.0,70.89,2.24,3.02,1099.0,304.0,2.74,0.75,16.82,10586.0,919.0,26.37,2.05,5.28,5653.0,668.0,53.4,4.28,7.18,4933.0,569.0,46.6,3.54,7.01,5926.0,670.0,55.98,4.05,6.87,1668.0,325.0,15.76,2.75,11.84,227.0,156.0,2.14,1.46,41.78,429.0,194.0,4.05,1.8,27.49,2054.0,504.0,19.4,4.45,14.92,282.0,93.0,2.66,0.85,20.05,37694.0,1376.0,93.91,4.97,2.22,25200.0,1214.0,66.85,2.1,2.93,4363.0,661.0,11.57,1.7,9.21,4097.0,691.0,10.87,1.79,10.25,18326.0,637.0,95.91,1.17,2.11,17970.0,651.0,94.04,1.5,2.2,35364.0,1233.0,88.11,4.57,2.12,28134.0,1291.0,79.56,2.37,2.79,26102.0,1180.0,73.81,2.12,2.75,2032.0,438.0,5.75,1.22,13.1,0.0,,0.0,,,7230.0,727.0,20.44,1.93,6.11,,,7.22,1.52,13.1,25584.0,1151.0,63.74,1.5,2.73,2659.0,372.0,10.39,1.38,8.5,443.0,200.0,1.73,0.78,27.44,12064.0,793.0,47.15,2.26,4.0,2212.0,365.0,8.65,1.37,10.03,5999.0,818.0,23.45,3.02,8.29,26102.0,1180.0,65.03,1.55,2.75,15.0,18.0,0.06,0.07,72.95,1167.0,297.0,4.47,1.12,15.47,859.0,234.0,3.29,0.88,16.56,482.0,154.0,1.85,0.58,19.42,2238.0,400.0,8.57,1.48,10.87,644.0,168.0,2.47,0.63,15.86,3013.0,390.0,11.54,1.4,7.87,2171.0,436.0,8.32,1.63,12.21,6576.0,698.0,25.19,2.42,6.45,3815.0,390.0,14.62,1.34,6.21,2962.0,431.0,11.35,1.57,8.85,1341.0,330.0,5.14,1.24,14.96,819.0,244.0,3.14,0.92,18.11,526.0,136.0,2.75,0.71,15.72,512.0,174.0,2.68,0.91,20.66,690.0,215.0,3.61,1.12,18.94,885.0,292.0,4.63,1.52,20.06,1069.0,209.0,5.59,1.08,11.89,1974.0,334.0,10.33,1.72,10.29,2037.0,338.0,10.66,1.73,10.09,3730.0,455.0,19.52,2.29,7.42,3033.0,389.0,15.87,1.97,7.8,4652.0,552.0,24.35,2.78,7.21,17058.0,619.0,89.27,1.43,2.21,2852.0,402.0,14.93,2.05,8.57,1965.0,292.0,10.28,1.49,9.03,508.0,173.0,2.66,0.9,20.7,764.0,230.0,4.0,1.2,18.3,1273.0,320.0,6.66,1.66,15.28,37169.0,1428.0,92.65,0.14,2.34,30048.0,1520.0,74.9,2.47,3.08,9533.0,842.0,23.76,1.89,5.37,2947.0,689.0,7.35,1.69,14.21,19852.0,1026.0,49.46,1.71,3.14,20285.0,1061.0,50.54,1.8,3.18,2443.0,487.0,6.09,1.19,12.12,1447.0,286.0,3.61,0.7,12.02,793.0,225.0,1.98,0.56,17.25,628.0,196.0,1.56,0.48,18.97,2045.0,580.0,5.1,1.43,17.24,12961.0,1004.0,32.29,2.17,4.71,9015.0,808.0,22.46,1.82,5.45,3551.0,473.0,8.85,1.13,8.1,1717.0,369.0,4.28,0.9,13.06,1578.0,291.0,3.93,0.71,11.21,2046.0,371.0,5.1,0.9,11.02,1301.0,320.0,3.24,0.79,14.95,612.0,177.0,1.52,0.44,17.58,5099.0,728.0,12.7,1.75,8.68,35038.0,1203.0,87.3,4.49,2.09,3959.0,539.0,9.86,1.29,8.28,4426.0,765.0,11.03,1.86,10.51,29683.0,1240.0,73.95,1.22,2.54,1203.0,341.0,3.0,0.84,17.23,189.0,229.0,0.47,0.57,73.66,2055.0,355.0,5.12,0.86,10.5,0.0,,0.0,,,2581.0,740.0,6.43,1.83,17.43,6258.0,860.0,15.59,2.06,8.35,33879.0,1487.0,84.41,1.8,2.67,27937.0,1213.0,69.6,1.41,2.64,1056.0,347.0,2.63,0.86,19.98,23.0,37.0,0.06,0.09,97.79,1985.0,352.0,4.95,0.86,10.78,0.0,,0.0,,,258.0,135.0,0.64,0.34,31.81,2620.0,640.0,6.53,1.57,14.85
11223,11223,11223,26748.0,952.0,100,,2.16,9840.0,620.0,36.79,1.91,3.83,21067.0,1466.0,26.3,1.48,4.23,1790.0,304.0,8.5,1.32,10.32,1477.0,297.0,7.01,1.32,12.22,9210.0,939.0,43.72,3.26,6.2,4524.0,437.0,21.47,1.44,5.87,4066.0,542.0,19.3,2.19,8.1,52591.0,1942.0,65.65,3.62,2.24,7182.0,848.0,13.66,1.53,7.18,4787.0,574.0,9.1,1.04,7.29,14368.0,1027.0,27.32,1.67,4.35,17655.0,1145.0,33.57,1.79,3.94,58594.0,2247.0,73.14,4.11,2.33,959.0,216.0,1.64,0.36,13.69,80094.0,3289.0,99.98,0.14,2.5,8777.0,665.0,10.96,0.7,4.61,21505.0,1475.0,26.84,1.48,4.17,691.0,287.0,3.21,1.32,25.25,46066.0,2024.0,57.5,0.9,2.67,3173.0,436.0,6.89,0.9,8.35,12523.0,905.0,15.63,0.93,4.39,4913.0,455.0,39.23,2.27,5.63,79206.0,3274.0,98.87,0.49,2.51,72319.0,3244.0,91.3,1.59,2.73,6384.0,1136.0,8.06,1.4,10.82,503.0,251.0,0.64,0.32,30.33,80113.0,3288.0,100,,2.49,42083.0,2584.0,52.53,2.4,3.73,40612.0,2604.0,50.69,2.5,3.9,1471.0,273.0,1.84,0.33,11.28,38030.0,1947.0,47.47,1.45,3.11,24386.0,1589.0,64.12,2.58,3.96,13644.0,1273.0,35.88,2.8,5.67,10147.0,1181.0,26.68,2.79,7.08,21088.0,1605.0,55.45,3.12,4.63,1075.0,328.0,2.83,0.85,18.55,16.0,29.0,0.04,0.08,110.18,5527.0,1026.0,14.53,2.59,11.28,171.0,142.0,0.45,0.37,50.48,73471.0,2912.0,91.71,5.23,2.41,28163.0,2037.0,38.33,2.32,4.4,30510.0,1910.0,41.53,2.01,3.81,7996.0,1455.0,10.88,1.93,11.06,24186.0,1031.0,90.42,2.12,2.59,23548.0,997.0,88.04,2.02,2.57,60858.0,2278.0,75.97,4.22,2.28,35662.0,1640.0,58.6,1.57,2.8,32643.0,1518.0,53.64,1.48,2.83,3009.0,497.0,4.94,0.8,10.04,10.0,15.0,0.02,0.02,91.19,25196.0,1325.0,41.4,1.53,3.2,,,8.44,1.34,10.04,31095.0,1437.0,38.81,0.82,2.81,8041.0,700.0,25.86,1.91,5.29,2552.0,553.0,8.21,1.74,13.17,13379.0,968.0,43.03,2.4,4.4,2845.0,405.0,9.15,1.23,8.65,3473.0,487.0,11.17,1.48,8.52,32643.0,1518.0,40.75,0.89,2.83,0.0,,0.0,,,2409.0,541.0,7.38,1.62,13.65,1144.0,270.0,3.5,0.81,14.35,1877.0,270.0,5.75,0.78,8.74,2911.0,480.0,8.92,1.41,10.02,2844.0,448.0,8.71,1.31,9.58,634.0,246.0,1.94,0.75,23.59,2270.0,368.0,6.95,1.08,9.85,2940.0,458.0,9.01,1.34,9.47,10308.0,853.0,31.58,2.16,5.03,2417.0,416.0,7.4,1.23,10.46,1810.0,404.0,5.54,1.21,13.57,1079.0,213.0,3.31,0.63,12.0,2010.0,431.0,7.51,1.59,13.04,1976.0,330.0,7.39,1.21,10.15,2517.0,365.0,9.41,1.32,8.82,2302.0,382.0,8.61,1.39,10.09,2706.0,413.0,10.12,1.5,9.28,3515.0,401.0,13.14,1.42,6.94,2986.0,399.0,11.16,1.44,8.12,3997.0,504.0,14.94,1.81,7.67,2065.0,344.0,7.72,1.26,10.13,2674.0,419.0,10.0,1.53,9.53,20322.0,858.0,75.98,1.73,2.57,7814.0,522.0,29.21,1.65,4.06,3941.0,461.0,14.73,1.64,7.11,3268.0,443.0,12.22,1.6,8.24,1590.0,316.0,5.94,1.16,12.08,7323.0,573.0,27.38,1.91,4.76,75363.0,3118.0,94.09,0.47,2.52,38424.0,2696.0,47.97,2.73,4.27,42624.0,2711.0,53.22,2.58,3.87,4731.0,707.0,5.91,0.85,9.08,38338.0,1734.0,47.85,0.91,2.75,41775.0,2053.0,52.15,1.41,2.99,6642.0,725.0,8.29,0.84,6.64,6199.0,677.0,7.74,0.78,6.64,5278.0,613.0,6.59,0.72,7.06,4917.0,498.0,6.14,0.57,6.16,4486.0,579.0,5.6,0.69,7.85,10111.0,841.0,12.62,0.91,5.06,10122.0,876.0,12.63,0.96,5.26,9436.0,804.0,11.78,0.88,5.18,5609.0,775.0,7.0,0.92,8.4,4790.0,513.0,5.98,0.59,6.51,6762.0,633.0,8.44,0.71,5.69,3514.0,407.0,4.39,0.48,7.04,2247.0,468.0,2.8,0.57,12.66,21509.0,1476.0,26.85,1.48,4.17,58604.0,2245.0,73.15,4.11,2.33,12523.0,905.0,15.63,0.93,4.39,3078.0,642.0,3.84,0.79,12.68,40820.0,2225.0,50.95,1.83,3.31,4475.0,916.0,5.59,1.12,12.44,287.0,189.0,0.36,0.24,40.03,21861.0,1556.0,27.29,1.59,4.33,11.0,16.0,0.01,0.02,88.42,9581.0,1968.0,11.96,2.41,12.49,11907.0,1887.0,14.86,2.28,9.63,68206.0,2888.0,85.14,0.89,2.57,39171.0,2203.0,48.89,1.88,3.42,3956.0,895.0,4.94,1.1,13.75,68.0,66.0,0.08,0.08,59.0,21845.0,1555.0,27.27,1.59,4.33,0.0,,0.0,,,1080.0,553.0,1.35,0.69,31.13,2086.0,673.0,2.6,0.83,19.61
11224,11224,11224,19486.0,872.0,100,,2.72,4499.0,447.0,23.09,2.05,6.04,9796.0,912.0,20.45,1.66,5.66,263.0,133.0,2.68,1.33,30.74,563.0,232.0,5.75,2.31,25.05,4308.0,636.0,43.98,5.04,8.97,2670.0,513.0,27.26,4.58,11.68,1992.0,493.0,20.33,4.66,15.04,35071.0,1547.0,73.23,4.64,2.68,2773.0,522.0,7.91,1.45,11.44,3452.0,711.0,9.84,1.98,12.52,10647.0,1009.0,30.36,2.55,5.76,11883.0,1073.0,33.88,2.67,5.49,38483.0,1746.0,80.35,5.17,2.76,672.0,189.0,1.75,0.48,17.1,47028.0,2182.0,98.19,0.85,2.82,9417.0,764.0,20.02,1.33,4.93,9404.0,925.0,19.64,1.71,5.98,477.0,199.0,5.07,2.06,25.36,24657.0,1701.0,51.48,2.67,4.19,3300.0,553.0,13.38,2.04,10.19,12967.0,940.0,27.07,1.53,4.41,5640.0,606.0,43.5,3.45,6.53,47596.0,2170.0,99.38,0.1,2.77,44715.0,2087.0,93.95,0.94,2.84,2717.0,555.0,5.71,1.14,12.42,164.0,114.0,0.34,0.24,42.26,47893.0,2183.0,100,,2.77,26101.0,1843.0,54.5,2.94,4.29,24879.0,1848.0,51.95,3.05,4.52,1222.0,348.0,2.55,0.72,17.31,21792.0,1676.0,45.5,2.82,4.68,17100.0,1540.0,78.47,3.68,5.47,4692.0,1083.0,21.53,4.69,14.03,13007.0,1182.0,59.69,2.89,5.52,5294.0,982.0,24.29,4.1,11.28,428.0,202.0,1.96,0.91,28.69,0.0,,0.0,,,2971.0,749.0,13.63,3.27,15.33,92.0,82.0,0.42,0.37,54.18,45619.0,2031.0,95.25,6.07,2.71,20212.0,1976.0,44.31,3.86,5.94,19410.0,1874.0,42.55,3.65,5.87,5237.0,1511.0,11.48,3.27,17.54,15834.0,850.0,81.26,2.41,3.26,15111.0,831.0,77.55,2.48,3.34,39550.0,1749.0,82.58,5.24,2.69,17185.0,1397.0,43.45,2.96,4.94,15366.0,1305.0,38.85,2.82,5.16,1819.0,456.0,4.6,1.13,15.24,0.0,,0.0,,,22365.0,1323.0,56.55,2.22,3.6,,,10.58,2.51,15.24,14677.0,1263.0,30.65,2.24,5.23,3576.0,501.0,24.36,2.69,8.52,747.0,267.0,5.09,1.77,21.73,6705.0,724.0,45.68,2.98,6.56,1417.0,303.0,9.65,1.89,13.0,1860.0,781.0,12.67,5.21,25.53,15366.0,1305.0,32.08,2.3,5.16,28.0,45.0,0.18,0.29,97.7,1587.0,605.0,10.33,3.84,23.17,354.0,182.0,2.3,1.17,31.25,361.0,162.0,2.35,1.04,27.28,1332.0,341.0,8.67,2.09,15.56,1766.0,447.0,11.49,2.74,15.39,344.0,173.0,2.24,1.11,30.57,1303.0,310.0,8.48,1.88,14.46,1508.0,324.0,9.81,1.94,13.06,4679.0,550.0,30.45,2.47,7.15,777.0,220.0,5.06,1.37,17.21,825.0,278.0,5.37,1.75,20.48,502.0,182.0,3.27,1.15,22.04,1680.0,332.0,8.62,1.66,12.01,3159.0,455.0,16.21,2.22,8.76,2636.0,395.0,13.53,1.93,9.11,1457.0,385.0,7.48,1.95,16.06,2202.0,477.0,11.3,2.4,13.17,2572.0,464.0,13.2,2.31,10.97,1443.0,332.0,7.41,1.67,13.99,1919.0,581.0,9.85,2.95,18.4,1049.0,257.0,5.38,1.3,14.89,1369.0,345.0,7.03,1.74,15.32,11102.0,846.0,56.97,3.51,4.63,8330.0,634.0,42.75,2.63,4.63,3861.0,485.0,19.81,2.33,7.64,3203.0,489.0,16.44,2.4,9.28,1271.0,278.0,6.52,1.4,13.3,8460.0,604.0,43.42,2.42,4.34,44699.0,2156.0,95.05,1.25,2.93,20023.0,1898.0,42.58,3.52,5.76,30376.0,1720.0,64.59,2.1,3.44,2329.0,549.0,4.95,1.14,14.33,22112.0,1539.0,46.17,2.43,4.23,25781.0,1148.0,53.83,3.43,2.71,2274.0,486.0,4.75,0.99,12.99,2441.0,422.0,5.1,0.85,10.51,2997.0,520.0,6.26,1.05,10.55,2580.0,472.0,5.39,0.95,11.12,2530.0,540.0,5.28,1.1,12.97,5213.0,661.0,10.88,1.29,7.71,4158.0,459.0,8.68,0.87,6.71,5152.0,617.0,10.76,1.19,7.28,3558.0,647.0,7.43,1.31,11.05,3322.0,671.0,6.94,1.36,12.28,6833.0,820.0,14.27,1.58,7.3,4734.0,579.0,9.88,1.12,7.44,2101.0,412.0,4.39,0.84,11.92,9410.0,926.0,19.65,1.71,5.98,38483.0,1746.0,80.35,5.17,2.76,13668.0,924.0,28.54,1.42,4.11,2925.0,1154.0,6.11,2.39,23.98,24538.0,1983.0,51.24,3.42,4.91,10241.0,1352.0,21.38,2.65,8.03,168.0,145.0,0.35,0.3,52.47,4542.0,1087.0,9.48,2.23,14.55,0.0,,0.0,,,5479.0,1627.0,11.44,3.36,18.05,9321.0,1888.0,19.46,3.84,12.31,38572.0,2084.0,80.54,2.34,3.28,22825.0,1679.0,47.66,2.75,4.47,9642.0,1384.0,20.13,2.74,8.73,168.0,145.0,0.35,0.3,52.47,4541.0,1087.0,9.48,2.23,14.55,0.0,,0.0,,,12.0,17.0,0.03,0.04,86.12,1384.0,810.0,2.89,1.69,35.58
11225,11225,11225,24873.0,857.0,100,,2.09,5007.0,597.0,20.13,2.3,7.25,12079.0,1397.0,20.66,2.14,7.03,571.0,215.0,4.73,1.69,22.89,428.0,164.0,3.54,1.29,23.29,4298.0,934.0,35.58,6.55,13.21,2219.0,558.0,18.37,4.1,15.29,4563.0,661.0,37.78,3.3,8.81,43978.0,2045.0,75.21,5.22,2.83,2177.0,575.0,4.95,1.29,16.06,2866.0,537.0,6.52,1.18,11.39,8825.0,1070.0,20.07,2.25,7.37,20399.0,1519.0,46.38,2.7,4.53,48564.0,2375.0,83.05,5.9,2.97,671.0,197.0,1.38,0.4,17.85,58348.0,3008.0,99.78,7.28,3.13,5582.0,750.0,9.57,1.19,8.17,9789.0,1336.0,16.74,2.12,8.3,282.0,157.0,2.88,1.55,33.84,39611.0,2344.0,67.74,1.96,3.6,2509.0,558.0,6.33,1.36,13.52,8948.0,795.0,15.3,1.11,5.4,2791.0,496.0,31.19,4.8,10.8,57947.0,2998.0,99.1,0.36,3.15,51020.0,3042.0,88.05,2.61,3.62,6714.0,883.0,11.59,1.4,7.99,213.0,125.0,0.37,0.21,35.68,58476.0,3018.0,100,,3.14,39281.0,2898.0,67.17,3.54,4.48,37580.0,2865.0,64.27,3.61,4.63,1701.0,407.0,2.91,0.68,14.55,19195.0,1547.0,32.83,2.03,4.9,12499.0,1343.0,65.12,4.63,6.53,6696.0,1046.0,34.88,4.67,9.5,1388.0,424.0,7.23,2.13,18.57,1058.0,250.0,5.51,1.22,14.36,1456.0,475.0,7.59,2.4,19.83,151.0,102.0,0.79,0.53,41.06,14892.0,1424.0,77.58,3.99,5.81,250.0,105.0,1.3,0.54,25.53,55423.0,2888.0,94.78,0.68,3.17,42309.0,2590.0,76.34,2.45,3.72,3190.0,612.0,5.76,1.06,11.66,4195.0,845.0,7.57,1.47,12.25,23353.0,909.0,93.89,1.7,2.37,21681.0,916.0,87.17,2.13,2.57,49801.0,2462.0,85.16,6.09,3.01,34346.0,2007.0,68.97,2.15,3.55,31959.0,1947.0,64.17,2.28,3.7,2265.0,434.0,4.55,0.84,11.65,122.0,78.0,0.24,0.16,38.87,15455.0,1264.0,31.03,2.02,4.97,,,6.59,1.2,11.65,30607.0,1563.0,52.34,3.8,3.1,3724.0,746.0,12.17,2.36,12.18,644.0,230.0,2.1,0.74,21.71,17763.0,1170.0,58.04,2.41,4.0,1612.0,348.0,5.27,1.1,13.12,5295.0,725.0,17.3,2.2,8.32,31959.0,1947.0,54.65,1.77,3.7,16.0,25.0,0.05,0.08,94.98,1225.0,382.0,3.83,1.17,18.96,501.0,138.0,1.57,0.42,16.74,388.0,172.0,1.21,0.53,26.95,2073.0,372.0,6.49,1.09,10.91,2181.0,478.0,6.82,1.44,13.32,2475.0,422.0,7.74,1.23,10.37,2046.0,388.0,6.4,1.15,11.53,5082.0,568.0,15.9,1.49,6.79,9864.0,1235.0,30.86,3.38,7.61,2472.0,430.0,7.73,1.26,10.57,1999.0,408.0,6.25,1.22,12.41,1637.0,504.0,5.12,1.55,18.72,1217.0,327.0,4.89,1.3,16.33,1401.0,374.0,5.63,1.49,16.23,1872.0,408.0,7.53,1.62,13.25,1690.0,403.0,6.79,1.6,14.5,1907.0,333.0,7.67,1.31,10.62,3481.0,604.0,14.0,2.38,10.55,3214.0,480.0,12.92,1.88,9.08,4436.0,581.0,17.83,2.25,7.96,2535.0,442.0,10.19,1.74,10.6,3120.0,447.0,12.54,1.74,8.71,20211.0,851.0,81.26,1.97,2.56,6704.0,710.0,26.95,2.7,6.44,4353.0,602.0,17.5,2.34,8.41,1668.0,397.0,6.71,1.58,14.47,1464.0,319.0,5.89,1.27,13.25,4156.0,601.0,16.71,2.35,8.79,54881.0,2896.0,94.06,1.06,3.21,38257.0,2484.0,65.57,2.59,3.95,21788.0,2171.0,37.34,3.18,6.06,3467.0,672.0,5.94,1.11,11.78,27373.0,1684.0,46.81,1.57,3.74,31103.0,1931.0,53.19,1.84,3.77,3053.0,615.0,5.22,1.02,12.25,2400.0,510.0,4.1,0.85,12.92,2782.0,677.0,4.76,1.13,14.79,2690.0,595.0,4.6,0.99,13.45,3573.0,698.0,6.11,1.15,11.88,13762.0,1233.0,23.53,1.72,5.45,7483.0,656.0,12.8,0.91,5.33,7637.0,988.0,13.06,1.55,7.86,3306.0,592.0,5.65,0.97,10.89,2840.0,451.0,4.86,0.73,9.65,4970.0,594.0,8.5,0.92,7.27,2877.0,518.0,4.92,0.85,10.95,1103.0,315.0,1.89,0.53,17.36,9790.0,1336.0,16.74,2.12,8.3,48686.0,2381.0,83.26,5.92,2.97,8950.0,795.0,15.31,1.11,5.4,3899.0,714.0,6.67,1.17,11.13,17325.0,1988.0,29.63,3.04,6.98,32363.0,2396.0,55.34,2.94,4.5,61.0,106.0,0.1,0.18,105.64,1927.0,569.0,3.3,0.96,17.95,0.0,,0.0,,,2901.0,845.0,4.96,1.42,17.71,6330.0,976.0,10.82,1.57,9.37,52146.0,3108.0,89.18,2.66,3.62,15995.0,2032.0,27.35,3.18,7.72,31411.0,2349.0,53.72,2.91,4.55,17.0,27.0,0.03,0.05,96.55,1915.0,569.0,3.27,0.96,18.06,0.0,,0.0,,,504.0,302.0,0.86,0.51,36.43,2304.0,477.0,3.94,0.79,12.59
11226,11226,11226,38458.0,1219.0,100,,1.93,10021.0,825.0,26.06,1.98,5.0,22458.0,1809.0,22.22,1.53,4.9,1391.0,322.0,6.19,1.34,14.07,1228.0,439.0,5.47,1.9,21.73,8039.0,936.0,35.8,3.01,7.08,4507.0,693.0,20.07,2.63,9.35,7293.0,808.0,32.47,2.47,6.74,73611.0,2777.0,72.84,4.09,2.29,4478.0,845.0,6.08,1.12,11.47,5750.0,766.0,7.81,1.0,8.1,21753.0,1650.0,29.55,1.94,4.61,25692.0,1264.0,34.9,1.1,2.99,81961.0,3170.0,81.11,4.6,2.35,844.0,242.0,1.03,0.29,17.43,100529.0,4211.0,99.48,0.57,2.55,6733.0,707.0,6.7,0.64,6.38,18938.0,1709.0,18.74,1.5,5.49,503.0,201.0,2.66,1.03,24.29,68620.0,2978.0,67.9,0.86,2.64,3447.0,524.0,5.02,0.73,9.24,12971.0,925.0,12.84,0.74,4.34,2783.0,408.0,21.46,2.75,8.91,100229.0,4138.0,99.18,5.81,2.51,92022.0,4003.0,91.81,1.26,2.64,7680.0,905.0,7.66,0.85,7.16,527.0,213.0,0.53,0.21,24.57,101053.0,4193.0,100,,2.52,58201.0,2911.0,57.59,1.61,3.04,55997.0,2888.0,55.41,1.7,3.14,2204.0,445.0,2.18,0.43,12.27,42852.0,2271.0,42.41,1.4,3.22,26887.0,1718.0,62.74,2.24,3.88,15965.0,1312.0,37.26,2.34,5.0,1830.0,389.0,4.27,0.88,12.92,2547.0,478.0,5.94,1.07,11.41,1977.0,462.0,4.61,1.05,14.21,115.0,82.0,0.27,0.19,43.35,36073.0,2134.0,84.18,2.21,3.6,309.0,215.0,0.72,0.5,42.3,95487.0,3839.0,94.49,5.46,2.44,64457.0,3167.0,67.5,1.91,2.99,11286.0,1143.0,11.82,1.1,6.16,11562.0,1318.0,12.11,1.29,6.93,35475.0,1373.0,92.24,2.05,2.35,32595.0,1199.0,84.75,1.58,2.24,84083.0,3186.0,83.21,4.68,2.3,56731.0,2573.0,67.47,1.68,2.76,53226.0,2546.0,63.3,1.85,2.91,3357.0,494.0,3.99,0.57,8.95,148.0,130.0,0.18,0.15,53.4,27352.0,1470.0,32.53,1.24,3.27,,,5.92,0.83,8.95,52014.0,2272.0,51.47,0.7,2.66,6885.0,965.0,13.24,1.76,8.52,1168.0,348.0,2.25,0.66,18.11,34323.0,2001.0,65.99,2.55,3.54,2207.0,479.0,4.24,0.9,13.19,5437.0,531.0,10.45,0.91,5.94,53226.0,2546.0,52.67,1.25,2.91,13.0,20.0,0.02,0.04,93.52,2254.0,405.0,4.23,0.73,10.92,1446.0,363.0,2.72,0.67,15.26,373.0,144.0,0.7,0.27,23.47,4782.0,669.0,8.98,1.18,8.5,4024.0,626.0,7.56,1.12,9.46,2120.0,424.0,3.98,0.77,12.16,2925.0,462.0,5.5,0.83,9.6,6902.0,827.0,12.97,1.42,7.28,17068.0,1348.0,32.07,2.02,4.8,5854.0,881.0,11.0,1.57,9.15,3053.0,509.0,5.74,0.92,10.14,2412.0,410.0,4.53,0.74,10.33,1918.0,300.0,4.99,0.76,9.51,2122.0,367.0,5.52,0.94,10.51,2568.0,421.0,6.68,1.07,9.97,2366.0,391.0,6.15,1.0,10.05,4256.0,694.0,11.07,1.77,9.91,5763.0,597.0,14.99,1.48,6.3,4814.0,701.0,12.52,1.78,8.85,6995.0,642.0,18.19,1.57,5.58,3486.0,505.0,9.06,1.28,8.81,4170.0,475.0,10.84,1.19,6.92,32020.0,1327.0,83.26,2.22,2.52,9508.0,684.0,24.72,1.6,4.37,4999.0,493.0,13.0,1.21,6.0,2480.0,399.0,6.45,1.02,9.78,1866.0,355.0,4.85,0.91,11.57,9603.0,692.0,24.97,1.62,4.38,91338.0,3881.0,90.86,0.65,2.58,53194.0,2856.0,52.91,1.78,3.26,43931.0,2442.0,43.7,1.6,3.38,9191.0,1351.0,9.14,1.29,8.94,46615.0,2251.0,46.13,1.14,2.94,54438.0,2672.0,53.87,1.41,2.98,5566.0,808.0,5.51,0.77,8.82,4878.0,637.0,4.83,0.6,7.94,5186.0,725.0,5.13,0.69,8.5,5199.0,834.0,5.14,0.8,9.75,6613.0,811.0,6.54,0.76,7.46,21657.0,1164.0,21.43,0.73,3.27,15203.0,1410.0,15.04,1.25,5.64,12377.0,1099.0,12.25,0.96,5.4,5954.0,809.0,5.89,0.76,8.26,5185.0,661.0,5.13,0.62,7.75,8521.0,801.0,8.43,0.71,5.71,3224.0,459.0,3.19,0.43,8.65,1490.0,283.0,1.47,0.27,11.55,18944.0,1709.0,18.75,1.5,5.48,82109.0,3152.0,81.25,4.59,2.33,13235.0,923.0,13.1,0.73,4.24,7035.0,908.0,6.96,0.85,7.85,15171.0,1360.0,15.01,1.19,5.45,65186.0,3550.0,64.51,2.28,3.31,1549.0,763.0,1.53,0.75,29.94,3186.0,641.0,3.15,0.62,12.23,0.0,,0.0,,,8926.0,1398.0,8.83,1.33,9.52,15023.0,1594.0,14.87,1.45,6.45,86030.0,3687.0,85.13,0.91,2.61,13797.0,1234.0,13.65,1.08,5.44,63841.0,3564.0,63.18,2.36,3.39,353.0,335.0,0.35,0.33,57.69,3186.0,641.0,3.15,0.62,12.23,0.0,,0.0,,,667.0,254.0,0.66,0.25,23.15,4186.0,697.0,4.14,0.67,10.12
11228,11228,11228,15474.0,778.0,100,,3.06,4715.0,570.0,30.47,3.35,7.35,9532.0,758.0,21.57,1.35,4.83,674.0,153.0,7.07,1.5,13.8,550.0,164.0,5.77,1.66,18.13,3603.0,411.0,37.8,3.09,6.93,1802.0,275.0,18.9,2.46,9.28,2903.0,440.0,30.46,3.93,9.21,32687.0,1669.0,73.96,0.98,3.1,4404.0,582.0,13.47,1.64,8.03,1793.0,385.0,5.49,1.14,13.05,9085.0,915.0,27.79,2.41,6.12,12316.0,830.0,37.68,1.66,4.1,36044.0,1806.0,81.55,0.73,3.05,812.0,175.0,2.25,0.47,13.1,44044.0,2181.0,99.66,0.46,3.01,4504.0,521.0,10.23,1.07,7.03,8145.0,818.0,18.43,1.61,6.11,395.0,153.0,4.85,1.81,23.55,27084.0,1595.0,61.28,1.97,3.58,1418.0,247.0,5.24,0.86,10.59,8815.0,813.0,19.95,1.55,5.61,2691.0,384.0,30.53,3.32,8.67,43918.0,2199.0,99.37,0.87,3.04,40449.0,2093.0,92.1,1.2,3.15,3006.0,732.0,6.84,1.63,14.8,463.0,216.0,1.05,0.49,28.36,44196.0,2179.0,100,,3.0,26167.0,1598.0,59.21,2.13,3.71,25148.0,1572.0,56.9,2.19,3.8,1019.0,308.0,2.31,0.69,18.37,18029.0,1333.0,40.79,2.25,4.49,11908.0,889.0,66.05,0.68,4.54,6121.0,803.0,33.95,3.68,7.97,3915.0,445.0,21.72,1.87,6.91,10977.0,1094.0,60.89,4.07,6.06,774.0,401.0,4.29,2.2,31.49,13.0,14.0,0.07,0.08,65.47,2272.0,555.0,12.6,2.93,14.85,78.0,48.0,0.43,0.26,37.41,41917.0,2028.0,94.84,6.55,2.94,18208.0,1224.0,43.44,2.03,4.09,12374.0,1112.0,29.52,2.24,5.46,3574.0,781.0,8.53,1.82,13.28,14504.0,819.0,93.73,2.41,3.43,14258.0,824.0,92.14,2.63,3.51,36878.0,1821.0,83.44,0.23,3.0,21797.0,1324.0,59.11,2.09,3.69,20517.0,1204.0,55.63,1.76,3.57,1273.0,316.0,3.45,0.84,15.09,7.0,10.0,0.02,0.03,86.84,15081.0,1000.0,40.89,1.81,4.03,,,5.84,1.41,15.09,19769.0,1192.0,44.73,1.55,3.67,5334.0,482.0,26.98,1.82,5.49,1447.0,365.0,7.32,1.79,15.33,8161.0,742.0,41.28,2.81,5.53,1381.0,235.0,6.99,1.11,10.34,2832.0,451.0,14.33,2.11,9.68,20517.0,1204.0,46.42,1.48,3.57,5.0,9.0,0.02,0.04,109.42,2070.0,457.0,10.09,2.15,13.42,807.0,189.0,3.93,0.89,14.24,437.0,148.0,2.13,0.71,20.59,1814.0,439.0,8.84,2.08,14.71,1239.0,240.0,6.04,1.11,11.78,529.0,126.0,2.58,0.6,14.48,1640.0,298.0,7.99,1.37,11.05,2246.0,328.0,10.95,1.46,8.88,6239.0,606.0,30.41,2.35,5.9,1686.0,290.0,8.22,1.33,10.46,782.0,150.0,3.81,0.7,11.66,1023.0,196.0,4.99,0.91,11.65,698.0,184.0,4.51,1.17,16.02,443.0,127.0,2.86,0.81,17.43,1192.0,322.0,7.7,2.04,16.42,1227.0,380.0,7.93,2.42,18.83,1614.0,453.0,10.43,2.88,17.06,2027.0,284.0,13.1,1.71,8.52,1461.0,224.0,9.44,1.37,9.32,2363.0,348.0,15.27,2.11,8.95,1852.0,290.0,11.97,1.77,9.52,2597.0,274.0,16.78,1.56,6.41,11936.0,718.0,77.14,2.55,3.66,5305.0,476.0,34.28,2.55,5.45,3802.0,476.0,24.57,2.82,7.61,941.0,175.0,6.08,1.09,11.31,418.0,168.0,2.7,1.08,24.43,1936.0,283.0,12.51,1.72,8.89,41448.0,2020.0,94.11,6.54,2.96,27005.0,1531.0,61.31,1.69,3.45,19345.0,1473.0,43.92,2.54,4.63,2596.0,575.0,5.89,1.27,13.46,22098.0,1360.0,50.0,1.84,3.74,22098.0,1168.0,50.0,0.95,3.21,2279.0,398.0,5.16,0.86,10.62,2467.0,356.0,5.58,0.76,8.77,2080.0,287.0,4.71,0.61,8.39,2185.0,313.0,4.94,0.66,8.71,2498.0,374.0,5.65,0.8,9.1,5751.0,767.0,13.01,1.61,8.11,5753.0,555.0,13.02,1.08,5.86,6447.0,699.0,14.59,1.41,6.59,3053.0,454.0,6.91,0.97,9.04,2734.0,375.0,6.19,0.79,8.34,4926.0,524.0,11.15,1.05,6.47,2951.0,371.0,6.68,0.77,7.64,1072.0,257.0,2.43,0.57,14.57,8145.0,818.0,18.43,1.61,6.11,36051.0,1805.0,81.57,0.71,3.04,8949.0,810.0,20.25,1.54,5.5,1589.0,343.0,3.6,0.76,13.12,23623.0,1687.0,53.45,2.76,4.34,552.0,224.0,1.25,0.5,24.67,129.0,142.0,0.29,0.32,66.92,15583.0,1358.0,35.26,2.53,5.3,0.0,,0.0,,,2720.0,788.0,6.15,1.76,17.61,5607.0,1026.0,12.69,2.24,11.12,38589.0,1966.0,87.31,1.12,3.1,21904.0,1615.0,49.56,2.72,4.48,404.0,202.0,0.91,0.45,30.4,24.0,41.0,0.05,0.09,103.85,15507.0,1359.0,35.09,2.54,5.33,0.0,,0.0,,,41.0,39.0,0.09,0.09,57.82,709.0,184.0,1.6,0.41,15.78
11229,11229,11229,30751.0,962.0,100,,1.9,8385.0,660.0,27.27,1.97,4.78,19364.0,1464.0,23.87,1.6,4.6,1511.0,302.0,7.8,1.44,12.15,1068.0,267.0,5.52,1.31,15.2,8269.0,790.0,42.7,2.49,5.81,3567.0,556.0,18.42,2.51,9.48,4949.0,563.0,25.56,2.17,6.92,57942.0,1792.0,71.44,3.32,1.88,4321.0,565.0,7.46,0.95,7.95,3087.0,454.0,5.33,0.77,8.94,15396.0,1205.0,26.57,1.91,4.76,23982.0,1228.0,41.39,1.69,3.11,63188.0,1915.0,77.91,3.59,1.84,1079.0,222.0,1.71,0.35,12.51,80912.0,2814.0,99.76,0.24,2.11,8443.0,560.0,10.43,0.59,4.03,17897.0,1380.0,22.07,1.52,4.69,329.0,117.0,1.84,0.64,21.62,46296.0,1892.0,57.08,1.23,2.48,2389.0,316.0,5.16,0.65,8.04,16719.0,873.0,20.61,0.8,3.17,5725.0,562.0,34.24,2.85,5.97,80405.0,2836.0,99.13,0.63,2.14,75566.0,2923.0,93.98,1.49,2.35,4201.0,733.0,5.22,0.89,10.61,638.0,302.0,0.79,0.37,28.78,81109.0,2814.0,100,,2.11,43138.0,2083.0,53.19,1.79,2.94,41153.0,1990.0,50.74,1.71,2.94,1985.0,447.0,2.45,0.54,13.69,37971.0,1759.0,46.81,1.44,2.82,26705.0,1469.0,70.33,2.09,3.34,11266.0,1075.0,29.67,2.48,5.8,14073.0,1198.0,37.06,2.65,5.17,19336.0,1225.0,50.92,2.2,3.85,763.0,303.0,2.01,0.79,24.14,58.0,66.0,0.15,0.17,69.18,3596.0,781.0,9.47,2.01,13.2,145.0,87.0,0.38,0.23,36.47,76331.0,2694.0,94.11,0.61,2.15,31010.0,1781.0,40.63,1.84,3.49,25327.0,1475.0,33.18,1.54,3.54,4462.0,929.0,5.85,1.2,12.66,27728.0,978.0,90.17,1.47,2.14,26584.0,1013.0,86.45,1.88,2.32,64994.0,2069.0,80.13,3.77,1.94,37752.0,1732.0,58.09,1.92,2.79,36036.0,1758.0,55.45,2.05,2.97,1696.0,245.0,2.61,0.37,8.78,20.0,25.0,0.03,0.04,75.99,27242.0,1259.0,41.91,1.4,2.81,,,4.49,0.62,8.78,35234.0,1731.0,43.44,1.51,2.99,9671.0,661.0,27.45,1.3,4.15,1836.0,270.0,5.21,0.72,8.94,15110.0,1125.0,42.88,2.4,4.53,2731.0,526.0,7.75,1.44,11.71,4805.0,621.0,13.64,1.63,7.86,36036.0,1758.0,44.43,1.52,2.97,8.0,12.0,0.02,0.03,91.19,1898.0,309.0,5.27,0.82,9.9,1059.0,299.0,2.94,0.82,17.16,1484.0,315.0,4.12,0.85,12.9,3622.0,597.0,10.05,1.58,10.02,2844.0,366.0,7.89,0.94,7.82,975.0,204.0,2.71,0.55,12.72,3088.0,381.0,8.57,0.97,7.5,4573.0,580.0,12.69,1.49,7.71,10906.0,813.0,30.26,1.71,4.53,2613.0,535.0,7.25,1.44,12.45,1385.0,267.0,3.84,0.72,11.72,1581.0,243.0,4.39,0.64,9.34,1579.0,252.0,5.13,0.8,9.7,2133.0,407.0,6.94,1.31,11.6,2547.0,310.0,8.28,0.97,7.4,2196.0,345.0,7.14,1.1,9.55,3326.0,532.0,10.82,1.7,9.72,3804.0,461.0,12.37,1.45,7.37,3420.0,517.0,11.12,1.64,9.19,5251.0,471.0,17.08,1.44,5.45,2567.0,341.0,8.35,1.08,8.08,3928.0,371.0,12.77,1.14,5.74,22219.0,998.0,72.25,2.33,2.73,10137.0,597.0,32.96,1.64,3.58,6048.0,543.0,19.67,1.66,5.46,2791.0,356.0,9.08,1.12,7.75,1427.0,266.0,4.64,0.85,11.33,6247.0,565.0,20.31,1.72,5.5,76921.0,2758.0,95.07,0.83,2.18,48276.0,2679.0,59.66,2.58,3.37,37272.0,1897.0,46.06,1.71,3.09,3991.0,639.0,4.93,0.77,9.73,39428.0,1545.0,48.61,0.89,2.38,41681.0,1731.0,51.39,1.17,2.52,4778.0,562.0,5.89,0.66,7.15,4956.0,521.0,6.11,0.61,6.39,5565.0,673.0,6.86,0.79,7.35,4110.0,554.0,5.07,0.66,8.19,3758.0,454.0,4.63,0.54,7.34,10393.0,893.0,12.81,1.01,5.22,9651.0,659.0,11.9,0.7,4.15,9270.0,780.0,11.43,0.88,5.12,5701.0,611.0,7.03,0.71,6.52,6076.0,627.0,7.49,0.73,6.27,9960.0,661.0,12.28,0.69,4.03,4712.0,605.0,5.81,0.72,7.81,2179.0,358.0,2.69,0.43,9.99,17901.0,1381.0,22.07,1.52,4.69,63208.0,1917.0,77.93,3.59,1.84,16851.0,875.0,20.78,0.8,3.16,4151.0,860.0,5.12,1.05,12.59,49135.0,2458.0,60.58,2.18,3.04,5069.0,981.0,6.25,1.19,11.76,194.0,133.0,0.24,0.16,41.68,19501.0,1523.0,24.04,1.68,4.75,56.0,84.0,0.07,0.1,91.19,3003.0,950.0,3.7,1.16,19.23,7163.0,1171.0,8.83,1.41,9.94,73946.0,2629.0,91.17,0.71,2.16,46946.0,2405.0,57.88,2.18,3.11,4677.0,967.0,5.77,1.18,12.57,144.0,109.0,0.18,0.13,46.01,19383.0,1551.0,23.9,1.72,4.86,56.0,84.0,0.07,0.1,91.19,162.0,108.0,0.2,0.13,40.53,2578.0,726.0,3.18,0.89,17.12
11230,11230,11230,31897.0,804.0,100,,1.53,10366.0,697.0,32.5,2.03,4.09,25553.0,1560.0,28.32,1.48,3.71,1762.0,498.0,6.9,1.9,17.18,1690.0,326.0,6.61,1.21,11.73,10069.0,852.0,39.4,2.31,5.14,5096.0,499.0,19.94,1.53,5.95,6936.0,543.0,27.14,1.33,4.76,59193.0,1755.0,65.59,2.83,1.8,5057.0,777.0,8.54,1.29,9.34,5145.0,766.0,8.69,1.27,9.05,12008.0,834.0,20.29,1.27,4.22,25207.0,1541.0,42.58,2.28,3.72,65614.0,1841.0,72.71,3.06,1.71,854.0,238.0,1.3,0.36,16.94,90055.0,2833.0,99.79,0.19,1.91,11708.0,693.0,13.0,0.65,3.6,24620.0,1669.0,27.28,1.64,4.12,368.0,140.0,1.49,0.56,23.13,49947.0,1897.0,55.35,1.18,2.31,4454.0,563.0,8.92,1.08,7.68,15488.0,914.0,17.16,0.86,3.59,6886.0,669.0,44.46,3.43,5.91,88576.0,2801.0,98.15,0.36,1.92,80753.0,2818.0,91.17,1.35,2.12,7395.0,1056.0,8.35,1.16,8.68,428.0,216.0,0.48,0.24,30.68,90245.0,2834.0,100,,1.91,53536.0,2266.0,59.32,1.68,2.57,50891.0,2232.0,56.39,1.73,2.67,2645.0,553.0,2.93,0.61,12.71,36709.0,1947.0,40.68,1.74,3.22,22650.0,1503.0,61.7,2.46,4.03,14059.0,1439.0,38.3,3.35,6.22,11860.0,1165.0,32.31,2.67,5.97,16728.0,1449.0,45.57,3.12,5.27,918.0,350.0,2.5,0.94,23.18,29.0,24.0,0.08,0.07,50.31,7051.0,1092.0,19.21,2.79,9.41,123.0,87.0,0.34,0.24,43.0,82327.0,2452.0,91.23,3.95,1.81,36836.0,1817.0,44.74,1.76,3.0,24836.0,1699.0,30.17,1.86,4.16,7218.0,1231.0,8.77,1.47,10.37,27833.0,863.0,87.26,1.58,1.88,26578.0,875.0,83.32,1.76,2.0,68125.0,1881.0,75.49,3.16,1.68,40346.0,1636.0,59.22,1.76,2.46,37757.0,1583.0,55.42,1.75,2.55,2589.0,300.0,3.8,0.43,7.04,0.0,,0.0,,,27779.0,1047.0,40.78,1.05,2.29,,,6.42,0.7,7.04,36656.0,1513.0,40.62,1.09,2.51,8596.0,680.0,23.45,1.58,4.81,2228.0,444.0,6.08,1.18,12.11,15770.0,1061.0,43.02,2.29,4.09,4060.0,487.0,11.08,1.25,7.29,4493.0,564.0,12.26,1.45,7.63,37757.0,1583.0,41.84,1.16,2.55,44.0,35.0,0.12,0.09,48.36,1908.0,395.0,5.05,1.02,12.58,1079.0,292.0,2.86,0.76,16.45,1184.0,228.0,3.14,0.59,11.71,3761.0,642.0,9.96,1.65,10.38,3203.0,535.0,8.48,1.37,10.15,1195.0,339.0,3.16,0.89,17.25,2870.0,399.0,7.6,1.01,8.45,4055.0,426.0,10.74,1.03,6.39,12875.0,854.0,34.1,1.75,4.03,2839.0,523.0,7.52,1.35,11.2,1589.0,264.0,4.21,0.68,10.1,1155.0,274.0,3.06,0.71,14.42,1877.0,330.0,5.88,1.02,10.69,2495.0,413.0,7.82,1.28,10.06,2833.0,405.0,8.88,1.25,8.69,2671.0,455.0,8.37,1.41,10.36,3197.0,365.0,10.02,1.12,6.94,4838.0,534.0,15.17,1.63,6.71,3609.0,403.0,11.31,1.23,6.79,4717.0,500.0,14.79,1.52,6.44,2345.0,430.0,7.35,1.34,11.15,3315.0,358.0,10.39,1.09,6.56,24118.0,863.0,75.61,1.92,2.18,9483.0,644.0,29.73,1.87,4.13,4545.0,401.0,14.25,1.2,5.36,3445.0,378.0,10.8,1.15,6.67,1615.0,374.0,5.06,1.17,14.08,7800.0,650.0,24.45,1.94,5.07,83690.0,2776.0,92.93,0.98,2.02,42964.0,2286.0,47.71,2.05,3.23,49111.0,2428.0,54.53,2.08,3.01,6365.0,1090.0,7.07,1.19,10.41,44876.0,1844.0,49.73,1.32,2.5,45369.0,1497.0,50.27,0.51,2.01,7918.0,808.0,8.77,0.85,6.2,6037.0,749.0,6.69,0.8,7.54,6904.0,715.0,7.65,0.75,6.3,5729.0,528.0,6.35,0.55,5.6,4464.0,457.0,4.95,0.48,6.22,13163.0,1217.0,14.59,1.27,5.62,10458.0,778.0,11.59,0.78,4.52,10207.0,620.0,11.31,0.59,3.69,4396.0,540.0,4.87,0.58,7.47,5351.0,673.0,5.93,0.72,7.65,9467.0,792.0,10.49,0.81,5.09,3841.0,469.0,4.26,0.5,7.42,2310.0,446.0,2.56,0.49,11.74,24631.0,1670.0,27.29,1.64,4.12,65614.0,1841.0,72.71,3.06,1.71,15618.0,919.0,17.31,0.86,3.58,4853.0,956.0,5.38,1.05,11.98,56510.0,2502.0,62.62,1.95,2.69,7916.0,1129.0,8.77,1.22,8.67,683.0,457.0,0.76,0.51,40.68,14427.0,1697.0,15.99,1.81,7.15,48.0,51.0,0.05,0.06,64.59,5808.0,1170.0,6.44,1.28,12.25,10644.0,1531.0,11.79,1.66,8.74,79601.0,2886.0,88.21,1.6,2.2,53293.0,2423.0,59.05,1.94,2.76,7399.0,1040.0,8.2,1.12,8.54,19.0,30.0,0.02,0.03,95.98,14362.0,1690.0,15.91,1.8,7.15,48.0,51.0,0.05,0.06,64.59,1132.0,474.0,1.25,0.52,25.45,3348.0,626.0,3.71,0.68,11.37
11231,11231,11231,16498.0,728.0,100,,2.68,5064.0,600.0,30.69,3.38,7.2,8556.0,1012.0,22.04,2.22,7.19,1137.0,404.0,13.29,4.45,21.6,545.0,197.0,6.37,2.18,21.97,3675.0,628.0,42.95,5.3,10.39,1453.0,345.0,16.98,3.5,14.43,1746.0,524.0,20.41,5.63,18.24,27887.0,1502.0,71.82,5.88,3.27,1293.0,383.0,4.64,1.35,18.01,1457.0,428.0,5.22,1.51,17.86,3006.0,529.0,10.78,1.81,10.7,19257.0,1103.0,69.05,1.35,3.48,29849.0,1761.0,76.87,6.56,3.59,434.0,139.0,1.45,0.46,19.47,38819.0,2392.0,99.97,8.71,3.75,2813.0,437.0,7.25,1.03,9.44,8972.0,1054.0,23.11,2.31,7.14,165.0,95.0,1.84,1.04,35.0,25925.0,1736.0,66.77,1.75,4.07,1604.0,316.0,6.19,1.15,11.98,3922.0,471.0,10.1,1.04,7.3,1044.0,289.0,26.62,6.64,16.83,38198.0,2327.0,98.37,8.52,3.7,33545.0,2262.0,87.82,2.54,4.1,4350.0,700.0,11.39,1.7,9.78,303.0,181.0,0.79,0.47,36.31,38829.0,2393.0,100,,3.75,32126.0,2002.0,82.74,0.76,3.79,31163.0,1970.0,80.26,1.13,3.84,963.0,263.0,2.48,0.66,16.6,6703.0,1030.0,17.26,2.43,9.34,3518.0,662.0,52.48,5.7,11.44,3185.0,741.0,47.52,8.3,14.14,2013.0,556.0,30.03,6.89,16.79,1329.0,345.0,19.83,4.15,15.78,479.0,286.0,7.15,4.12,36.3,100.0,73.0,1.49,1.06,44.38,2592.0,818.0,38.67,10.66,19.18,190.0,115.0,2.83,1.66,36.79,35662.0,2227.0,91.84,0.93,3.8,27684.0,1894.0,77.63,2.17,4.16,2713.0,535.0,7.61,1.42,11.99,3491.0,671.0,9.79,1.78,11.68,15717.0,714.0,95.27,1.03,2.76,14990.0,711.0,90.86,1.58,2.88,30632.0,1807.0,78.89,6.73,3.59,22850.0,1491.0,74.6,2.08,3.97,21146.0,1396.0,69.03,2.05,4.01,1704.0,484.0,5.56,1.55,17.27,0.0,,0.0,,,7782.0,893.0,25.4,2.5,6.98,,,7.46,2.06,17.27,20437.0,1434.0,52.63,1.77,4.27,1673.0,400.0,8.19,1.87,14.53,546.0,198.0,2.67,0.95,22.04,8339.0,799.0,40.8,2.66,5.82,2886.0,784.0,14.12,3.71,16.51,5366.0,647.0,26.26,2.57,7.33,21146.0,1396.0,54.46,1.29,4.01,13.0,16.0,0.06,0.08,74.82,268.0,106.0,1.27,0.49,24.04,565.0,187.0,2.67,0.87,20.12,535.0,437.0,2.53,2.06,49.65,1444.0,393.0,6.83,1.8,16.54,633.0,222.0,2.99,1.03,21.32,2030.0,342.0,9.6,1.49,10.24,2437.0,551.0,11.52,2.49,13.74,5345.0,517.0,25.28,1.79,5.88,4682.0,637.0,22.14,2.63,8.27,1683.0,308.0,7.96,1.36,11.13,790.0,197.0,3.74,0.9,15.16,721.0,354.0,3.41,1.66,29.85,1036.0,260.0,6.28,1.55,15.26,1047.0,307.0,6.35,1.84,17.82,780.0,262.0,4.73,1.57,20.42,506.0,192.0,3.07,1.16,23.07,1072.0,378.0,6.5,2.27,21.44,1321.0,301.0,8.01,1.79,13.85,1210.0,336.0,7.33,2.01,16.88,2095.0,414.0,12.7,2.45,12.01,1895.0,379.0,11.49,2.24,12.16,5536.0,600.0,33.56,3.32,6.59,13814.0,791.0,83.73,3.06,3.48,2858.0,350.0,17.32,1.98,7.44,1930.0,388.0,11.7,2.29,12.22,946.0,263.0,5.73,1.57,16.9,884.0,301.0,5.36,1.81,20.7,2569.0,297.0,15.57,1.66,7.03,37003.0,2222.0,95.32,8.2,3.65,29072.0,1962.0,74.89,2.06,4.1,10072.0,1072.0,25.95,2.25,6.47,1816.0,583.0,4.68,1.47,19.52,18277.0,1298.0,47.07,1.66,4.32,20552.0,1654.0,52.93,2.74,4.89,3167.0,605.0,8.16,1.47,11.61,2715.0,686.0,6.99,1.71,15.36,1990.0,442.0,5.13,1.09,13.5,1546.0,340.0,3.98,0.84,13.37,1524.0,467.0,3.92,1.18,18.63,6061.0,752.0,15.61,1.68,7.54,8015.0,1049.0,20.64,2.38,7.96,5489.0,975.0,14.14,2.36,10.8,2524.0,420.0,6.5,1.0,10.12,1876.0,341.0,4.83,0.83,11.05,2399.0,338.0,6.18,0.78,8.56,1256.0,322.0,3.23,0.8,15.58,267.0,151.0,0.69,0.39,34.38,8980.0,1055.0,23.13,2.31,7.14,29849.0,1761.0,76.87,6.56,3.59,3922.0,471.0,10.1,1.04,7.3,3618.0,673.0,9.32,1.64,11.31,25045.0,1496.0,64.5,5.54,3.63,4958.0,1284.0,12.77,3.21,15.74,126.0,108.0,0.32,0.28,52.11,2154.0,400.0,5.55,0.97,11.29,458.0,464.0,1.18,1.19,61.59,2470.0,1079.0,6.36,2.75,26.56,5812.0,1178.0,14.97,2.89,12.32,33017.0,2113.0,85.03,1.47,3.89,23474.0,1542.0,60.45,1.37,3.99,4369.0,1176.0,11.25,2.95,16.36,66.0,66.0,0.17,0.17,60.79,2107.0,403.0,5.43,0.98,11.63,458.0,464.0,1.18,1.19,61.59,322.0,236.0,0.83,0.61,44.55,2221.0,495.0,5.72,1.23,13.55
11232,11232,11232,9589.0,642.0,100,,4.07,2794.0,383.0,29.14,3.49,8.33,6054.0,930.0,21.52,2.99,9.34,484.0,171.0,7.99,2.54,21.48,322.0,149.0,5.32,2.32,28.13,2725.0,496.0,45.01,4.39,11.06,963.0,323.0,15.91,4.74,20.39,1560.0,384.0,25.77,4.96,14.96,20295.0,1198.0,72.13,6.34,3.59,3472.0,649.0,17.11,3.03,11.36,2821.0,451.0,13.9,2.07,9.72,3922.0,491.0,19.32,2.13,7.61,6855.0,733.0,33.78,3.01,6.5,22517.0,1332.0,80.03,7.04,3.6,259.0,107.0,1.15,0.47,25.11,26471.0,1823.0,94.08,2.1,4.19,2966.0,475.0,11.2,1.62,9.74,5620.0,917.0,19.97,2.99,9.92,180.0,103.0,3.2,1.76,34.79,18721.0,1323.0,66.54,1.82,4.3,1958.0,390.0,10.46,1.95,12.11,2130.0,394.0,7.57,1.31,11.24,828.0,230.0,38.87,8.06,16.89,27786.0,1801.0,98.75,9.08,3.94,24908.0,1728.0,89.64,2.22,4.22,2659.0,654.0,9.57,2.27,14.95,219.0,114.0,0.79,0.41,31.64,28137.0,1833.0,100,,3.96,17486.0,1283.0,62.15,2.1,4.46,16308.0,1200.0,57.96,1.98,4.47,1178.0,362.0,4.19,1.26,18.68,10651.0,1127.0,37.85,3.16,6.43,4201.0,640.0,39.44,4.32,9.26,6450.0,906.0,60.56,5.59,8.54,523.0,188.0,4.91,1.69,21.85,3095.0,463.0,29.06,3.07,9.09,88.0,58.0,0.83,0.54,40.07,0.0,,0.0,,,6858.0,1104.0,64.39,7.81,9.79,87.0,72.0,0.82,0.67,50.31,26595.0,1767.0,94.52,1.23,4.04,10527.0,1070.0,39.58,3.04,6.18,9072.0,997.0,34.11,2.99,6.68,11842.0,1393.0,44.53,4.32,7.15,9044.0,616.0,94.32,1.18,4.14,8591.0,639.0,89.59,2.9,4.52,23039.0,1382.0,81.88,7.25,3.65,15572.0,1165.0,67.59,3.02,4.55,14471.0,1135.0,62.81,3.17,4.77,1101.0,226.0,4.78,0.94,12.48,0.0,,0.0,,,7467.0,696.0,32.41,2.31,5.67,,,7.07,1.35,12.48,13823.0,1184.0,49.13,2.73,5.21,1933.0,475.0,13.98,3.22,14.94,950.0,306.0,6.87,2.13,19.58,7256.0,746.0,52.49,2.98,6.25,1213.0,279.0,8.78,1.87,13.98,1598.0,412.0,11.56,2.81,15.67,14471.0,1135.0,51.43,2.25,4.77,0.0,,0.0,,,841.0,239.0,5.81,1.59,17.28,658.0,282.0,4.55,1.92,26.05,216.0,119.0,1.49,0.81,33.49,1332.0,283.0,9.2,1.82,12.92,470.0,190.0,3.25,1.29,24.57,785.0,226.0,5.42,1.5,17.5,707.0,205.0,4.89,1.36,17.63,2107.0,400.0,14.56,2.52,11.54,3257.0,513.0,22.51,3.07,9.57,2629.0,442.0,18.17,2.7,10.22,937.0,258.0,6.48,1.71,16.74,532.0,266.0,3.68,1.82,30.4,291.0,101.0,3.03,1.03,21.1,344.0,140.0,3.59,1.44,24.74,515.0,202.0,5.37,2.08,23.84,972.0,351.0,10.14,3.6,21.95,1150.0,252.0,11.99,2.5,13.32,1326.0,279.0,13.83,2.76,12.79,1243.0,345.0,12.96,3.49,16.87,1238.0,224.0,12.91,2.17,11.0,876.0,264.0,9.14,2.68,18.32,1634.0,405.0,17.04,4.07,15.07,8503.0,600.0,88.67,1.98,4.29,1893.0,382.0,19.74,3.76,12.27,1073.0,274.0,11.19,2.76,15.52,602.0,161.0,6.28,1.63,16.26,559.0,183.0,5.83,1.87,19.9,1790.0,331.0,18.67,3.22,11.24,23300.0,1666.0,88.02,1.69,4.35,14027.0,1107.0,52.99,2.04,4.8,11186.0,1468.0,42.26,4.72,7.98,3171.0,665.0,11.98,2.37,12.75,15242.0,1030.0,54.17,0.97,4.11,12895.0,1010.0,45.83,1.99,4.76,1542.0,385.0,5.48,1.32,15.18,1673.0,397.0,5.95,1.36,14.43,1728.0,336.0,6.14,1.13,11.82,1299.0,388.0,4.62,1.35,18.16,1600.0,361.0,5.69,1.23,13.72,5895.0,702.0,20.95,2.09,7.24,5055.0,590.0,17.97,1.74,7.1,4039.0,486.0,14.35,1.45,7.31,1936.0,413.0,6.88,1.4,12.97,1228.0,327.0,4.36,1.13,16.19,1378.0,352.0,4.9,1.21,15.53,598.0,165.0,2.13,0.57,16.77,166.0,98.0,0.59,0.35,35.89,5620.0,917.0,19.97,2.99,9.92,22517.0,1332.0,80.03,7.04,3.6,2142.0,395.0,7.61,1.31,11.21,3092.0,744.0,10.99,2.55,14.63,10725.0,1175.0,38.12,3.36,6.66,2021.0,468.0,7.18,1.6,14.08,614.0,345.0,2.18,1.22,34.16,4345.0,695.0,15.44,2.26,9.72,14.0,26.0,0.05,0.09,112.9,7326.0,1586.0,26.04,5.38,13.16,14736.0,1828.0,52.37,5.53,7.54,13401.0,1096.0,47.63,2.35,4.97,6363.0,761.0,22.61,2.27,7.27,1675.0,446.0,5.95,1.54,16.19,14.0,24.0,0.05,0.09,104.21,4345.0,695.0,15.44,2.26,9.72,14.0,26.0,0.05,0.09,112.9,79.0,98.0,0.28,0.35,75.41,911.0,318.0,3.24,1.11,21.22
11233,11233,11233,32516.0,1001.0,100,,1.87,9262.0,715.0,28.48,2.02,4.69,18083.0,1445.0,21.75,1.53,4.86,1620.0,409.0,8.96,2.15,15.35,847.0,318.0,4.68,1.72,22.82,7581.0,894.0,41.92,3.64,7.17,3037.0,472.0,16.79,2.24,9.45,4998.0,729.0,27.64,3.37,8.87,58249.0,2164.0,70.07,3.74,2.26,3596.0,601.0,6.17,1.01,10.16,5071.0,640.0,8.71,1.05,7.67,18972.0,1406.0,32.57,2.09,4.51,18113.0,1466.0,31.1,2.24,4.92,65750.0,2694.0,79.1,1.16,2.49,1454.0,306.0,2.21,0.46,12.79,82863.0,3179.0,99.68,0.27,2.33,10304.0,950.0,12.43,1.04,5.6,17347.0,1442.0,20.87,1.54,5.05,238.0,116.0,1.37,0.66,29.63,55536.0,2365.0,66.81,1.25,2.59,6052.0,698.0,10.9,1.17,7.01,9980.0,950.0,12.01,1.05,5.79,4014.0,621.0,40.22,4.91,9.4,81689.0,3215.0,98.27,0.9,2.39,75047.0,3196.0,91.87,1.49,2.59,6228.0,920.0,7.62,1.09,8.98,414.0,242.0,0.51,0.3,35.53,83125.0,3181.0,100,,2.33,62877.0,2785.0,75.64,1.69,2.69,60953.0,2773.0,73.33,1.8,2.77,1924.0,424.0,2.31,0.5,13.4,20248.0,1835.0,24.36,2.0,5.51,12356.0,1309.0,61.02,3.35,6.44,7892.0,1259.0,38.98,5.12,9.7,1062.0,380.0,5.24,1.82,21.75,1360.0,644.0,6.72,3.12,28.79,2094.0,591.0,10.34,2.76,17.16,131.0,102.0,0.65,0.5,47.33,15211.0,1414.0,75.12,1.55,5.65,390.0,182.0,1.93,0.88,28.37,77422.0,3003.0,93.14,0.59,2.36,61832.0,2719.0,79.86,1.65,2.67,4577.0,891.0,5.91,1.13,11.83,9006.0,1394.0,11.63,1.74,9.41,30761.0,1000.0,94.6,0.99,1.98,26779.0,1107.0,82.36,2.27,2.51,67548.0,2745.0,81.26,1.11,2.47,40162.0,1951.0,59.46,1.58,2.95,37228.0,1804.0,55.11,1.45,2.95,2912.0,580.0,4.31,0.84,12.11,22.0,25.0,0.03,0.04,69.08,27386.0,1842.0,40.54,2.17,4.09,,,7.25,1.4,12.11,36625.0,1797.0,44.06,1.35,2.98,5943.0,803.0,16.23,2.04,8.21,571.0,228.0,1.56,0.62,24.27,23601.0,1351.0,64.44,1.9,3.48,1201.0,325.0,3.28,0.87,16.45,4012.0,654.0,10.95,1.7,9.91,37228.0,1804.0,44.79,1.33,2.95,15.0,24.0,0.04,0.06,97.26,1685.0,470.0,4.53,1.24,16.96,974.0,261.0,2.62,0.69,16.29,338.0,175.0,0.91,0.47,31.47,3093.0,484.0,8.31,1.24,9.51,2949.0,592.0,7.92,1.54,12.2,1941.0,324.0,5.21,0.83,10.15,2183.0,451.0,5.86,1.18,12.56,5149.0,650.0,13.83,1.61,7.67,11323.0,1114.0,30.42,2.6,5.98,3410.0,508.0,9.16,1.29,9.06,2166.0,458.0,5.82,1.2,12.85,2002.0,522.0,5.38,1.38,15.85,3580.0,558.0,11.01,1.68,9.48,2095.0,446.0,6.44,1.36,12.94,2977.0,515.0,9.16,1.56,10.52,2425.0,449.0,7.46,1.36,11.26,3438.0,689.0,10.57,2.09,12.18,4367.0,667.0,13.43,2.01,9.28,3994.0,544.0,12.28,1.63,8.28,4659.0,790.0,14.33,2.39,10.31,2244.0,342.0,6.9,1.03,9.26,2737.0,402.0,8.42,1.21,8.93,24414.0,1026.0,75.08,2.15,2.55,7915.0,768.0,24.34,2.24,5.9,5241.0,763.0,16.12,2.29,8.85,2897.0,360.0,8.91,1.07,7.55,2564.0,379.0,7.89,1.14,8.99,8668.0,757.0,26.66,2.18,5.31,77145.0,2740.0,93.1,4.87,2.16,47224.0,2582.0,56.99,2.22,3.32,36287.0,1947.0,43.79,1.64,3.26,5718.0,1149.0,6.9,1.36,12.22,37663.0,1886.0,45.31,1.46,3.04,45462.0,1991.0,54.69,1.16,2.66,5703.0,769.0,6.86,0.89,8.2,5072.0,760.0,6.1,0.88,9.11,4069.0,566.0,4.9,0.65,8.46,3661.0,653.0,4.4,0.77,10.84,6371.0,1041.0,7.66,1.22,9.93,16760.0,1299.0,20.16,1.36,4.71,10870.0,959.0,13.08,1.04,5.36,10686.0,948.0,12.86,1.03,5.39,5141.0,858.0,6.18,1.0,10.15,4620.0,611.0,5.56,0.7,8.04,6100.0,760.0,7.34,0.87,7.57,2853.0,452.0,3.43,0.53,9.63,1219.0,382.0,1.47,0.46,19.05,17353.0,1442.0,20.88,1.54,5.05,65772.0,2697.0,79.12,1.17,2.49,10172.0,949.0,12.24,1.04,5.67,5162.0,896.0,6.21,1.05,10.55,11851.0,1425.0,14.26,1.63,7.31,58706.0,3032.0,70.62,2.45,3.14,459.0,229.0,0.55,0.27,30.33,1086.0,412.0,1.31,0.49,23.06,26.0,42.0,0.03,0.05,98.2,5835.0,1237.0,7.02,1.46,12.89,13061.0,1606.0,15.71,1.84,7.47,70064.0,3135.0,84.29,1.95,2.72,9908.0,1201.0,11.92,1.37,7.37,55482.0,3010.0,66.75,2.57,3.3,416.0,214.0,0.5,0.26,31.27,1045.0,412.0,1.26,0.49,23.97,26.0,42.0,0.03,0.05,98.2,181.0,112.0,0.22,0.13,37.62,3006.0,704.0,3.62,0.84,14.24
11234,11234,11234,32606.0,831.0,100,,1.55,9808.0,640.0,30.08,1.81,3.97,22692.0,1283.0,25.22,1.22,3.44,1326.0,241.0,5.84,1.01,11.05,1020.0,309.0,4.49,1.34,18.42,9013.0,792.0,39.72,2.67,5.34,4843.0,571.0,21.34,2.21,7.17,6490.0,568.0,28.6,1.91,5.32,63718.0,2098.0,70.82,1.09,2.0,3796.0,612.0,5.96,0.94,9.8,3519.0,430.0,5.52,0.65,7.43,17611.0,1012.0,27.64,1.3,3.49,24134.0,1363.0,37.88,1.74,3.43,70618.0,2145.0,78.49,0.68,1.85,1777.0,239.0,2.52,0.33,8.18,89898.0,2619.0,99.91,0.09,1.77,9278.0,770.0,10.32,0.8,5.05,19317.0,1263.0,21.47,1.26,3.97,366.0,120.0,1.89,0.61,19.93,52230.0,1661.0,58.05,0.74,1.93,3745.0,362.0,7.17,0.65,5.88,18351.0,1101.0,20.4,1.07,3.65,5167.0,609.0,28.16,2.86,7.16,89246.0,2650.0,99.19,0.58,1.81,85255.0,2714.0,95.53,1.1,1.94,3825.0,623.0,4.29,0.69,9.9,166.0,86.0,0.19,0.1,31.49,89976.0,2620.0,100,,1.77,57559.0,2456.0,63.97,2.0,2.59,55457.0,2440.0,61.64,2.03,2.67,2102.0,411.0,2.34,0.45,11.89,32417.0,1771.0,36.03,1.67,3.32,24501.0,1370.0,75.58,0.9,3.4,7916.0,855.0,24.42,2.28,6.57,4750.0,746.0,14.65,2.16,9.55,6974.0,921.0,21.51,2.59,8.03,770.0,319.0,2.38,0.98,25.18,15.0,19.0,0.05,0.06,77.0,19799.0,1403.0,61.08,2.76,4.31,109.0,86.0,0.34,0.26,47.96,85311.0,2623.0,94.82,0.94,1.87,57394.0,2957.0,67.28,2.78,3.13,10566.0,974.0,12.39,1.08,5.6,5834.0,916.0,6.84,1.05,9.54,30532.0,821.0,93.64,0.8,1.63,29458.0,842.0,90.35,1.17,1.74,72977.0,2257.0,81.11,0.85,1.88,43612.0,1661.0,59.76,1.33,2.32,41211.0,1565.0,56.47,1.24,2.31,2369.0,362.0,3.25,0.49,9.29,32.0,30.0,0.04,0.04,56.99,29365.0,1415.0,40.24,1.49,2.93,,,5.43,0.8,9.29,40314.0,1558.0,44.81,1.14,2.35,15973.0,987.0,39.62,1.91,3.76,3360.0,423.0,8.33,1.0,7.65,15851.0,1188.0,39.32,2.52,4.56,1275.0,285.0,3.16,0.7,13.59,3203.0,481.0,7.95,1.15,9.13,41211.0,1565.0,45.8,1.12,2.31,55.0,50.0,0.13,0.12,55.26,2272.0,466.0,5.51,1.11,12.47,915.0,215.0,2.22,0.51,14.28,480.0,157.0,1.16,0.38,19.88,3846.0,503.0,9.33,1.17,7.95,3272.0,460.0,7.94,1.07,8.55,854.0,202.0,2.07,0.48,14.38,3399.0,496.0,8.25,1.16,8.87,4511.0,499.0,10.95,1.14,6.72,15938.0,935.0,38.67,1.73,3.57,2259.0,351.0,5.48,0.83,9.45,1476.0,270.0,3.58,0.64,11.12,1934.0,256.0,4.69,0.6,8.05,1236.0,274.0,3.79,0.83,13.48,1081.0,257.0,3.32,0.78,14.45,2548.0,511.0,7.81,1.55,12.19,2210.0,409.0,6.78,1.24,11.25,2396.0,338.0,7.35,1.02,8.58,4083.0,441.0,12.52,1.31,6.57,4142.0,460.0,12.7,1.37,6.75,6123.0,495.0,18.78,1.44,4.91,3528.0,372.0,10.82,1.11,6.41,5259.0,537.0,16.13,1.59,6.21,24782.0,793.0,76.0,1.47,1.95,12813.0,728.0,39.3,2.0,3.45,8781.0,722.0,26.93,2.11,5.0,1737.0,293.0,5.33,0.89,10.25,898.0,229.0,2.75,0.7,15.5,3606.0,402.0,11.06,1.2,6.78,86024.0,2534.0,95.69,0.42,1.79,60563.0,2453.0,67.37,1.9,2.46,36179.0,1886.0,40.24,1.74,3.17,3874.0,607.0,4.31,0.66,9.52,41815.0,1596.0,46.47,1.15,2.32,48161.0,1721.0,53.53,1.11,2.17,4665.0,617.0,5.18,0.67,8.04,4667.0,589.0,5.19,0.64,7.67,6506.0,763.0,7.23,0.82,7.13,5279.0,578.0,5.87,0.62,6.66,5141.0,532.0,5.71,0.57,6.29,9846.0,771.0,10.94,0.8,4.76,11534.0,731.0,12.82,0.72,3.85,11533.0,906.0,12.82,0.94,4.78,5847.0,458.0,6.5,0.47,4.76,6572.0,556.0,7.3,0.58,5.14,10468.0,721.0,11.63,0.73,4.19,5770.0,730.0,6.41,0.79,7.69,2148.0,363.0,2.39,0.4,10.27,19326.0,1262.0,21.48,1.26,3.97,70650.0,2146.0,78.52,0.68,1.85,18386.0,1102.0,20.43,1.07,3.64,5069.0,1022.0,5.63,1.12,12.26,33915.0,1652.0,37.69,1.47,2.96,39296.0,2324.0,43.67,2.25,3.6,390.0,269.0,0.43,0.3,41.93,7312.0,933.0,8.13,1.01,7.76,0.0,,0.0,,,3994.0,922.0,4.44,1.02,14.03,8004.0,1191.0,8.9,1.3,9.05,81972.0,2790.0,91.1,1.61,2.07,32017.0,1547.0,35.58,1.37,2.94,38322.0,2299.0,42.59,2.23,3.65,129.0,162.0,0.14,0.18,76.34,7307.0,934.0,8.12,1.01,7.77,0.0,,0.0,,,765.0,392.0,0.85,0.43,31.15,3432.0,891.0,3.81,0.98,15.78
11235,11235,11235,34769.0,864.0,100,,1.51,7846.0,708.0,22.57,1.96,5.49,15068.0,1144.0,18.14,1.27,4.62,870.0,284.0,5.77,1.83,19.84,966.0,214.0,6.41,1.33,13.47,5644.0,575.0,37.46,2.54,6.19,3398.0,481.0,22.55,2.69,8.61,4190.0,569.0,27.81,3.13,8.26,63558.0,1652.0,76.51,3.0,1.58,3616.0,546.0,5.69,0.85,9.18,3009.0,440.0,4.73,0.68,8.89,13568.0,1061.0,21.35,1.57,4.75,31555.0,1503.0,49.65,1.98,2.9,68772.0,1831.0,82.79,3.28,1.62,934.0,218.0,1.36,0.31,14.19,82039.0,2435.0,98.76,0.47,1.8,12333.0,867.0,15.03,0.96,4.27,14170.0,1138.0,17.06,1.28,4.88,443.0,171.0,3.13,1.18,23.47,47565.0,1776.0,57.26,1.33,2.27,3527.0,553.0,7.42,1.13,9.53,20304.0,1078.0,24.44,1.08,3.23,8363.0,733.0,41.19,2.87,5.33,81885.0,2266.0,98.57,3.97,1.68,75727.0,2387.0,92.48,1.4,1.92,5201.0,861.0,6.35,1.04,10.06,957.0,418.0,1.17,0.51,26.55,83069.0,2433.0,100,,1.78,31325.0,1837.0,37.71,1.92,3.56,29058.0,1767.0,34.98,1.86,3.7,2267.0,460.0,2.73,0.55,12.34,51744.0,1511.0,62.29,2.58,1.78,36025.0,1155.0,69.62,0.92,1.95,15719.0,1386.0,30.38,2.53,5.36,29822.0,1430.0,57.63,2.19,2.91,17820.0,1341.0,34.44,2.39,4.57,362.0,145.0,0.7,0.28,24.35,13.0,22.0,0.03,0.04,102.88,3669.0,816.0,7.09,1.56,13.52,58.0,57.0,0.11,0.11,59.74,78756.0,2203.0,94.81,3.84,1.7,19005.0,1420.0,24.13,1.67,4.54,40221.0,1671.0,51.07,1.57,2.53,5723.0,1210.0,7.27,1.52,12.85,30985.0,904.0,89.12,1.36,1.77,30063.0,875.0,86.46,1.31,1.77,70315.0,1886.0,84.65,3.36,1.63,39628.0,1384.0,56.36,1.26,2.12,37263.0,1341.0,52.99,1.27,2.19,2244.0,368.0,3.19,0.52,9.97,121.0,101.0,0.17,0.14,50.74,30687.0,1289.0,43.64,1.41,2.55,,,5.66,0.91,9.97,35981.0,1283.0,43.31,0.88,2.17,10006.0,899.0,27.81,2.29,5.46,1839.0,405.0,5.11,1.11,13.39,14728.0,953.0,40.93,2.21,3.93,4502.0,594.0,12.51,1.59,8.02,4160.0,531.0,11.56,1.42,7.76,37263.0,1341.0,44.86,0.94,2.19,35.0,40.0,0.09,0.11,69.47,2420.0,424.0,6.49,1.11,10.65,1215.0,309.0,3.26,0.82,15.46,629.0,178.0,1.69,0.47,17.2,3909.0,466.0,10.49,1.19,7.25,3300.0,567.0,8.86,1.49,10.44,783.0,195.0,2.1,0.52,15.14,2759.0,363.0,7.4,0.94,8.0,4183.0,541.0,11.23,1.39,7.86,12406.0,745.0,33.29,1.6,3.65,2616.0,494.0,7.02,1.3,11.48,1645.0,326.0,4.41,0.86,12.05,1363.0,313.0,3.66,0.83,13.96,2341.0,373.0,6.73,1.06,9.69,2502.0,358.0,7.2,1.01,8.7,3278.0,449.0,9.43,1.27,8.33,3030.0,435.0,8.71,1.23,8.73,3610.0,539.0,10.38,1.53,9.08,4850.0,610.0,13.95,1.72,7.65,3760.0,499.0,10.81,1.41,8.07,4710.0,515.0,13.55,1.44,6.65,2678.0,354.0,7.7,1.0,8.04,4010.0,452.0,11.53,1.27,6.85,24720.0,882.0,71.1,1.82,2.17,11159.0,712.0,32.09,1.89,3.88,6734.0,678.0,19.37,1.89,6.12,3905.0,456.0,11.23,1.28,7.1,1596.0,409.0,4.59,1.17,15.58,7951.0,744.0,22.87,2.06,5.69,75356.0,2493.0,91.85,1.34,2.01,40883.0,2174.0,49.83,2.2,3.23,42995.0,2101.0,52.41,2.03,2.97,6683.0,883.0,8.15,1.05,8.03,40192.0,1677.0,48.38,1.44,2.54,42877.0,1573.0,51.62,1.14,2.23,4313.0,624.0,5.19,0.74,8.8,3593.0,472.0,4.33,0.55,7.99,3942.0,515.0,4.75,0.6,7.94,3679.0,463.0,4.43,0.54,7.65,3984.0,626.0,4.8,0.74,9.55,10078.0,1046.0,12.13,1.21,6.31,10180.0,767.0,12.25,0.85,4.58,10307.0,889.0,12.41,1.01,5.24,6141.0,707.0,7.39,0.82,7.0,5796.0,589.0,6.98,0.68,6.18,11789.0,884.0,14.19,0.98,4.56,5813.0,641.0,7.0,0.74,6.7,3454.0,477.0,4.16,0.56,8.4,14176.0,1139.0,17.07,1.28,4.88,68893.0,1836.0,82.93,3.28,1.62,21056.0,1071.0,25.35,1.05,3.09,6207.0,1388.0,7.47,1.66,13.59,57750.0,2510.0,69.52,2.23,2.64,2130.0,538.0,2.56,0.64,15.35,23.0,25.0,0.03,0.03,66.08,12344.0,1322.0,14.86,1.53,6.51,0.0,,0.0,,,4615.0,1016.0,5.56,1.21,13.38,7557.0,1349.0,9.1,1.6,10.85,75512.0,2473.0,90.9,1.33,1.99,56390.0,2354.0,67.88,2.02,2.54,2007.0,515.0,2.42,0.62,15.6,14.0,23.0,0.02,0.03,99.87,12332.0,1321.0,14.85,1.53,6.51,0.0,,0.0,,,435.0,336.0,0.52,0.4,46.96,4334.0,1317.0,5.22,1.58,18.47
11236,11236,11236,33986.0,879.0,100,,1.57,11129.0,681.0,32.75,1.82,3.72,25051.0,1532.0,25.03,1.31,3.72,1505.0,290.0,6.01,1.1,11.71,1299.0,340.0,5.19,1.32,15.91,9900.0,833.0,39.52,2.28,5.11,5067.0,517.0,20.23,1.65,6.2,7280.0,782.0,29.06,2.57,6.53,69911.0,2127.0,69.85,3.07,1.85,4647.0,541.0,6.65,0.75,7.08,3651.0,434.0,5.22,0.6,7.23,22175.0,1183.0,31.72,1.39,3.24,19879.0,1089.0,28.43,1.3,3.33,78273.0,2431.0,78.21,3.47,1.89,1600.0,278.0,2.04,0.35,10.56,99403.0,3179.0,99.32,0.4,1.94,7743.0,662.0,7.79,0.62,5.2,21771.0,1407.0,21.75,1.22,3.93,443.0,188.0,2.03,0.85,25.8,61211.0,2248.0,61.16,1.13,2.23,3664.0,418.0,5.99,0.65,6.94,16421.0,956.0,16.41,0.8,3.54,3636.0,378.0,22.14,1.91,6.32,99117.0,3127.0,99.04,4.43,1.92,95385.0,3135.0,96.23,0.89,2.0,3533.0,639.0,3.56,0.63,10.99,199.0,157.0,0.2,0.16,47.96,100082.0,3175.0,100,,1.93,54988.0,2351.0,54.94,1.57,2.6,51446.0,2282.0,51.4,1.59,2.7,3542.0,515.0,3.54,0.5,8.84,45094.0,1876.0,45.06,1.21,2.53,33912.0,1620.0,75.2,1.77,2.9,11182.0,918.0,24.8,1.76,4.99,834.0,308.0,1.85,0.68,22.45,2078.0,356.0,4.61,0.77,10.41,1699.0,360.0,3.77,0.78,12.88,17.0,28.0,0.04,0.06,100.13,40396.0,1868.0,89.58,1.81,2.81,70.0,45.0,0.16,0.1,39.08,94370.0,2843.0,94.29,4.13,1.83,70049.0,2351.0,74.23,1.1,2.04,7758.0,796.0,8.22,0.81,6.24,5830.0,750.0,6.18,0.77,7.82,31092.0,862.0,91.48,0.91,1.69,30245.0,876.0,88.99,1.16,1.76,80858.0,2444.0,80.79,3.54,1.84,47854.0,1789.0,59.18,1.3,2.27,44687.0,1717.0,55.27,1.31,2.34,3148.0,460.0,3.89,0.56,8.88,19.0,20.0,0.02,0.02,63.99,33004.0,1286.0,40.82,1.0,2.37,,,6.58,0.93,8.88,43875.0,1671.0,43.84,0.92,2.32,15067.0,962.0,34.34,1.76,3.88,2424.0,444.0,5.52,0.99,11.13,22170.0,1234.0,50.53,2.05,3.38,985.0,281.0,2.25,0.63,17.34,2563.0,396.0,5.84,0.87,9.39,44687.0,1717.0,44.65,0.97,2.34,18.0,21.0,0.04,0.05,70.92,2127.0,320.0,4.76,0.69,9.15,799.0,196.0,1.79,0.43,14.91,425.0,153.0,0.95,0.34,21.88,3702.0,567.0,8.28,1.23,9.31,5355.0,578.0,11.98,1.21,6.56,909.0,269.0,2.03,0.6,17.99,2407.0,339.0,5.39,0.73,8.56,3692.0,485.0,8.26,1.04,7.99,18150.0,1155.0,40.62,2.06,3.87,2333.0,346.0,5.22,0.75,9.02,2013.0,378.0,4.5,0.83,11.42,2757.0,456.0,6.17,0.99,10.05,2409.0,423.0,7.09,1.23,10.67,1141.0,257.0,3.36,0.75,13.69,2224.0,369.0,6.54,1.07,10.09,2316.0,324.0,6.81,0.94,8.5,3309.0,480.0,9.74,1.39,8.82,4787.0,450.0,14.09,1.27,5.71,4365.0,493.0,12.84,1.41,6.87,6387.0,471.0,18.79,1.3,4.48,3228.0,392.0,9.5,1.13,7.38,3820.0,373.0,11.24,1.06,5.94,26132.0,882.0,76.89,1.67,2.05,11065.0,595.0,32.56,1.53,3.27,7675.0,515.0,22.58,1.4,4.08,2414.0,372.0,7.1,1.08,9.37,1355.0,276.0,3.99,0.81,12.38,5936.0,563.0,17.47,1.59,5.77,93453.0,3115.0,94.01,0.88,2.03,57990.0,2497.0,58.34,1.68,2.62,43500.0,2303.0,43.76,1.85,3.22,5950.0,608.0,5.99,0.58,6.21,45553.0,1751.0,45.52,0.99,2.34,54529.0,1934.0,54.48,0.86,2.16,5712.0,762.0,5.71,0.74,8.11,6338.0,709.0,6.33,0.68,6.8,5875.0,522.0,5.87,0.49,5.4,5927.0,642.0,5.92,0.61,6.58,6319.0,605.0,6.31,0.57,5.82,13887.0,1101.0,13.88,1.01,4.82,12595.0,809.0,12.58,0.7,3.9,12490.0,935.0,12.48,0.85,4.55,7152.0,625.0,7.15,0.58,5.31,6838.0,596.0,6.83,0.55,5.3,9986.0,642.0,9.98,0.56,3.91,5087.0,498.0,5.08,0.47,5.95,1876.0,333.0,1.87,0.33,10.79,21790.0,1407.0,21.77,1.22,3.93,78292.0,2430.0,78.23,3.47,1.89,16949.0,956.0,16.94,0.79,3.43,6254.0,981.0,6.25,0.96,9.54,5075.0,722.0,5.07,0.7,8.65,81608.0,2987.0,81.54,1.49,2.23,81.0,57.0,0.08,0.06,42.78,2639.0,527.0,2.64,0.52,12.14,21.0,25.0,0.02,0.02,72.37,4404.0,774.0,4.4,0.76,10.68,9116.0,1016.0,9.11,0.97,6.78,90966.0,3081.0,90.89,1.08,2.06,3761.0,588.0,3.76,0.58,9.5,79640.0,2963.0,79.57,1.55,2.26,23.0,27.0,0.02,0.03,71.36,2474.0,532.0,2.47,0.53,13.07,9.0,16.0,0.01,0.02,108.07,652.0,235.0,0.65,0.23,21.91,4407.0,883.0,4.4,0.87,12.18
11237,11237,11237,17513.0,750.0,100,,2.6,3902.0,415.0,22.28,2.17,6.47,9694.0,989.0,20.55,1.85,6.2,584.0,198.0,6.02,1.95,20.61,210.0,128.0,2.17,1.3,37.05,3345.0,517.0,34.51,4.01,9.4,2026.0,433.0,20.9,3.92,12.99,3529.0,524.0,36.4,3.93,9.03,34954.0,1920.0,74.08,2.04,3.34,4280.0,630.0,12.24,1.67,8.95,3994.0,655.0,11.43,1.77,9.97,7207.0,879.0,20.62,2.25,7.41,13774.0,1103.0,39.41,2.3,4.87,39687.0,1993.0,84.11,1.37,3.05,378.0,151.0,0.95,0.38,24.28,47177.0,2242.0,99.99,0.08,2.89,4544.0,632.0,9.63,1.26,8.45,7494.0,932.0,15.88,1.83,7.56,165.0,94.0,2.2,1.22,34.63,35388.0,1832.0,75.0,1.54,3.15,2653.0,471.0,7.5,1.27,10.79,4295.0,663.0,9.1,1.34,9.38,1726.0,380.0,40.19,6.31,13.38,46729.0,2193.0,99.04,6.61,2.85,39586.0,2222.0,84.71,2.61,3.41,6914.0,914.0,14.8,1.83,8.04,229.0,123.0,0.49,0.26,32.65,47183.0,2242.0,100,,2.89,31459.0,1853.0,66.67,2.32,3.58,28379.0,1678.0,60.15,2.12,3.59,3080.0,535.0,6.53,1.09,10.56,15724.0,1393.0,33.33,2.49,5.39,7039.0,840.0,44.77,3.58,7.25,8685.0,1130.0,55.23,5.26,7.91,1606.0,474.0,10.21,2.88,17.94,2203.0,501.0,14.01,2.93,13.82,215.0,130.0,1.37,0.82,36.76,12.0,22.0,0.08,0.14,111.45,11568.0,1330.0,73.57,5.39,6.99,120.0,92.0,0.76,0.58,46.61,45169.0,2102.0,95.73,6.37,2.83,19810.0,1446.0,43.86,2.47,4.44,11575.0,1378.0,25.63,2.81,7.24,20774.0,1700.0,45.99,3.1,4.97,16670.0,770.0,95.19,1.65,2.81,15518.0,792.0,88.61,2.46,3.1,40608.0,2001.0,86.06,1.12,3.0,28490.0,1730.0,70.16,2.49,3.69,26272.0,1606.0,64.7,2.34,3.72,2218.0,349.0,5.46,0.82,9.57,0.0,,0.0,,,12118.0,1060.0,29.84,2.16,5.32,,,7.79,1.13,9.57,25534.0,1560.0,54.12,2.08,3.71,2464.0,441.0,9.65,1.62,10.88,695.0,245.0,2.72,0.94,21.43,15088.0,1121.0,59.09,2.5,4.52,2164.0,636.0,8.47,2.44,17.87,4146.0,561.0,16.24,1.96,8.23,26272.0,1606.0,55.68,2.14,3.72,23.0,27.0,0.09,0.1,71.36,1305.0,286.0,4.97,1.05,13.32,1023.0,300.0,3.89,1.12,17.83,585.0,195.0,2.23,0.73,20.26,2271.0,407.0,8.64,1.46,10.89,1786.0,606.0,6.8,2.27,20.63,1779.0,362.0,6.77,1.31,12.37,1055.0,271.0,4.02,1.0,15.62,4675.0,720.0,17.79,2.52,9.36,5483.0,704.0,20.87,2.36,7.81,4031.0,549.0,15.34,1.87,8.28,1630.0,353.0,6.2,1.29,13.17,626.0,202.0,2.38,0.75,19.62,1181.0,280.0,6.74,1.57,14.41,521.0,173.0,2.97,0.98,20.19,1644.0,406.0,9.39,2.28,15.01,906.0,252.0,5.17,1.42,16.91,1592.0,327.0,9.09,1.83,12.49,2596.0,483.0,14.82,2.68,11.31,2601.0,409.0,14.85,2.25,9.56,2976.0,417.0,16.99,2.27,8.52,1752.0,315.0,10.0,1.75,10.93,1744.0,340.0,9.96,1.89,11.85,15231.0,741.0,86.97,2.01,2.96,3119.0,491.0,17.81,2.7,9.57,1703.0,416.0,9.72,2.34,14.85,956.0,258.0,5.46,1.45,16.41,1291.0,249.0,7.37,1.39,11.72,3411.0,482.0,19.48,2.62,8.59,41451.0,1864.0,87.86,5.75,2.73,25771.0,1582.0,54.63,2.12,3.73,20436.0,1465.0,43.32,2.32,4.36,5726.0,1075.0,12.14,2.2,11.41,24514.0,1549.0,51.96,2.16,3.84,22669.0,1362.0,48.04,1.77,3.65,2014.0,508.0,4.27,1.06,15.33,1530.0,339.0,3.24,0.7,13.47,2544.0,430.0,5.39,0.87,10.28,2281.0,508.0,4.83,1.05,13.54,3860.0,550.0,8.18,1.1,8.66,13880.0,1349.0,29.42,2.49,5.91,7677.0,648.0,16.27,1.14,5.13,5537.0,660.0,11.74,1.28,7.25,1748.0,423.0,3.7,0.88,14.71,1817.0,469.0,3.85,0.98,15.69,2784.0,441.0,5.9,0.89,9.63,1265.0,546.0,2.68,1.15,26.24,246.0,132.0,0.52,0.28,32.62,7496.0,931.0,15.89,1.82,7.55,39687.0,1993.0,84.11,1.37,3.05,4295.0,663.0,9.1,1.34,9.38,6289.0,1048.0,13.33,2.13,10.13,15083.0,1212.0,31.97,2.07,4.88,5890.0,1087.0,12.48,2.23,11.22,885.0,536.0,1.88,1.13,36.82,3107.0,509.0,6.58,1.03,9.96,36.0,45.0,0.08,0.1,75.99,15893.0,2027.0,33.68,3.99,7.75,26247.0,2061.0,55.63,3.48,4.77,20936.0,1469.0,44.37,2.29,4.27,11395.0,1103.0,24.15,2.04,5.88,4045.0,806.0,8.57,1.66,12.11,149.0,158.0,0.32,0.33,64.46,3089.0,504.0,6.55,1.02,9.92,0.0,,0.0,,,599.0,548.0,1.27,1.16,55.61,1659.0,381.0,3.52,0.79,13.96
11238,11238,11238,26492.0,888.0,100,,2.04,5281.0,504.0,19.93,1.78,5.8,9746.0,914.0,16.79,1.44,5.7,1229.0,309.0,12.61,2.94,15.28,532.0,172.0,5.46,1.69,19.65,3581.0,629.0,36.74,5.46,10.68,1212.0,344.0,12.44,3.33,17.25,3192.0,518.0,32.75,4.34,9.87,45762.0,1751.0,78.84,0.51,2.33,1093.0,342.0,2.39,0.74,19.02,2126.0,550.0,4.65,1.19,15.73,4770.0,690.0,10.42,1.45,8.79,32231.0,1345.0,70.43,1.17,2.54,48210.0,1757.0,83.05,4.36,2.22,1008.0,251.0,2.09,0.52,15.14,57634.0,2185.0,99.29,0.39,2.3,5020.0,621.0,8.71,1.03,7.52,9828.0,986.0,16.93,1.57,6.1,92.0,75.0,0.94,0.76,49.56,41335.0,1633.0,71.21,0.84,2.4,2422.0,494.0,5.86,1.17,12.4,6471.0,557.0,11.15,0.86,5.23,2506.0,381.0,38.73,4.85,9.24,57225.0,2162.0,98.58,0.23,2.3,48163.0,2104.0,84.16,1.85,2.66,8704.0,941.0,15.21,1.54,6.57,358.0,125.0,0.63,0.22,21.23,58047.0,2189.0,100,,2.29,46691.0,1910.0,80.44,1.28,2.49,44817.0,1833.0,77.21,1.22,2.49,1874.0,486.0,3.23,0.83,15.77,11356.0,1114.0,19.56,1.77,5.96,6894.0,844.0,60.71,4.45,7.44,4462.0,638.0,39.29,4.09,8.69,2381.0,442.0,20.97,3.3,11.28,2482.0,467.0,21.86,3.51,11.44,971.0,433.0,8.55,3.72,27.11,170.0,111.0,1.5,0.97,39.69,4907.0,782.0,43.21,5.43,9.69,445.0,151.0,3.92,1.27,20.63,53595.0,2060.0,92.33,0.69,2.34,43212.0,1895.0,80.63,1.7,2.67,2436.0,489.0,4.55,0.9,12.2,3903.0,688.0,7.28,1.25,10.72,25361.0,937.0,95.73,1.49,2.25,24243.0,920.0,91.51,1.63,2.31,48873.0,1814.0,84.2,4.46,2.26,37866.0,1511.0,77.48,1.14,2.43,35378.0,1489.0,72.39,1.44,2.56,2488.0,494.0,5.09,0.99,12.07,0.0,,0.0,,,11007.0,856.0,22.52,1.54,4.73,,,6.57,1.28,12.07,34580.0,1470.0,59.57,1.17,2.58,2873.0,486.0,8.31,1.36,10.28,388.0,185.0,1.12,0.53,28.99,17668.0,1073.0,51.09,2.22,3.69,2401.0,382.0,6.94,1.06,9.67,8903.0,780.0,25.75,1.97,5.33,35378.0,1489.0,60.95,1.14,2.56,48.0,69.0,0.14,0.19,87.39,454.0,150.0,1.28,0.42,20.08,739.0,236.0,2.09,0.66,19.41,556.0,160.0,1.57,0.45,17.49,2552.0,466.0,7.21,1.28,11.1,1107.0,342.0,3.13,0.96,18.78,3809.0,508.0,10.77,1.36,8.11,2854.0,412.0,8.07,1.11,8.78,8909.0,715.0,25.18,1.72,4.88,7742.0,814.0,21.88,2.11,6.39,3305.0,556.0,9.34,1.52,10.23,1915.0,324.0,5.41,0.89,10.29,1388.0,346.0,3.92,0.96,15.15,1397.0,314.0,5.27,1.17,13.66,794.0,246.0,3.0,0.92,18.83,1225.0,259.0,4.62,0.97,12.85,1049.0,275.0,3.96,1.03,15.94,1704.0,367.0,6.43,1.37,13.09,2006.0,357.0,7.57,1.32,10.82,2409.0,386.0,9.09,1.42,9.74,4754.0,615.0,17.95,2.24,7.86,3270.0,421.0,12.34,1.53,7.83,7884.0,613.0,29.76,2.09,4.73,22560.0,868.0,85.16,1.61,2.34,4631.0,366.0,17.48,1.25,4.8,3434.0,377.0,12.96,1.36,6.67,1441.0,275.0,5.44,1.02,11.6,1215.0,347.0,4.59,1.3,17.36,2859.0,493.0,10.79,1.83,10.48,55579.0,2158.0,96.43,0.81,2.36,45231.0,1884.0,78.48,1.35,2.53,14292.0,1389.0,24.8,2.22,5.91,2055.0,475.0,3.57,0.81,14.05,26680.0,1281.0,45.96,1.37,2.92,31367.0,1358.0,54.04,1.15,2.63,4452.0,763.0,7.67,1.28,10.42,2038.0,343.0,3.51,0.58,10.23,2441.0,521.0,4.21,0.88,12.97,1218.0,335.0,2.1,0.57,16.72,2136.0,476.0,3.68,0.81,13.55,16300.0,1087.0,28.08,1.54,4.05,10472.0,804.0,18.04,1.21,4.67,7250.0,885.0,12.49,1.45,7.42,2954.0,519.0,5.09,0.87,10.68,1946.0,343.0,3.35,0.58,10.71,4366.0,523.0,7.52,0.86,7.28,1616.0,320.0,2.78,0.54,12.04,858.0,201.0,1.48,0.34,14.24,9837.0,985.0,16.95,1.57,6.09,48210.0,1757.0,83.05,4.36,2.22,6840.0,559.0,11.78,0.85,4.97,6837.0,880.0,11.78,1.45,7.82,29650.0,1491.0,51.08,1.7,3.06,15622.0,1429.0,26.91,2.24,5.56,296.0,193.0,0.51,0.33,39.64,3850.0,531.0,6.63,0.88,8.38,0.0,,0.0,,,1792.0,443.0,3.09,0.75,15.03,8122.0,988.0,13.99,1.62,7.39,49925.0,1829.0,86.01,4.52,2.23,27508.0,1350.0,47.39,1.49,2.98,14327.0,1251.0,24.68,1.94,5.31,108.0,112.0,0.19,0.19,63.04,3830.0,536.0,6.6,0.89,8.51,0.0,,0.0,,,287.0,132.0,0.49,0.23,27.96,3865.0,620.0,6.66,1.04,9.75
11239,11239,11239,8367.0,477.0,100,,3.47,2031.0,430.0,24.27,4.95,12.87,4320.0,708.0,25.7,3.67,9.96,108.0,100.0,2.5,2.28,56.29,312.0,179.0,7.22,3.97,34.88,1574.0,438.0,36.44,8.19,16.92,1225.0,327.0,28.36,5.97,16.23,1101.0,328.0,25.49,6.34,18.11,12188.0,859.0,72.51,7.74,4.28,980.0,368.0,8.04,2.97,22.83,667.0,191.0,5.47,1.52,17.41,4776.0,583.0,39.19,3.91,7.42,2974.0,568.0,24.4,4.33,11.61,13560.0,1010.0,80.68,8.83,4.53,349.0,175.0,2.57,1.28,30.48,16610.0,1366.0,98.82,1.82,5.0,3981.0,566.0,23.97,2.78,8.64,3175.0,623.0,18.89,3.38,11.93,42.0,50.0,1.32,1.55,72.37,8943.0,864.0,53.21,2.87,5.87,1062.0,322.0,11.88,3.41,18.43,4492.0,578.0,26.73,2.69,7.82,2877.0,536.0,64.05,8.63,11.33,16749.0,1333.0,99.65,11.25,4.84,16074.0,1373.0,95.97,2.98,5.19,675.0,280.0,4.03,1.64,25.22,0.0,,0.0,,,16808.0,1347.0,100,,4.87,11369.0,1238.0,67.64,4.99,6.62,10673.0,1260.0,63.5,5.5,7.18,696.0,234.0,4.14,1.35,20.44,5439.0,790.0,32.36,3.92,8.83,4807.0,747.0,88.38,4.88,9.45,632.0,312.0,11.62,5.48,30.01,1604.0,537.0,29.49,8.9,20.35,988.0,390.0,18.17,6.67,24.0,334.0,210.0,6.14,3.76,38.22,0.0,,0.0,,,2513.0,645.0,46.2,9.78,15.6,0.0,,0.0,,,16321.0,1287.0,97.1,10.92,4.79,11140.0,1120.0,68.26,4.26,6.11,2915.0,703.0,17.86,4.07,14.66,1555.0,456.0,9.53,2.69,17.83,6744.0,548.0,80.6,4.67,4.94,6724.0,557.0,80.36,4.83,5.04,14153.0,1062.0,84.2,9.24,4.56,7047.0,783.0,49.79,4.08,6.75,6407.0,721.0,45.27,3.8,6.84,567.0,302.0,4.01,2.11,32.38,73.0,90.0,0.52,0.63,74.95,7106.0,834.0,50.21,4.53,7.13,,,8.05,4.19,32.38,6268.0,732.0,37.29,3.17,7.1,1717.0,364.0,27.39,4.85,12.89,170.0,80.0,2.71,1.24,28.61,3042.0,479.0,48.53,5.13,9.57,442.0,204.0,7.05,3.15,28.06,670.0,231.0,10.69,3.47,20.96,6407.0,721.0,38.12,3.01,6.84,0.0,,0.0,,,91.0,67.0,1.42,1.03,44.76,178.0,158.0,2.78,2.45,53.96,10.0,17.0,0.16,0.26,103.34,334.0,186.0,5.21,2.84,33.85,1033.0,268.0,16.12,3.77,15.77,128.0,156.0,2.0,2.42,74.09,280.0,125.0,4.37,1.89,27.14,673.0,270.0,10.5,4.04,24.39,2618.0,463.0,40.86,5.57,10.75,376.0,192.0,5.87,2.92,31.04,192.0,109.0,3.0,1.67,34.51,494.0,191.0,7.71,2.85,23.5,616.0,188.0,7.36,2.21,18.55,1167.0,305.0,13.95,3.56,15.89,1501.0,343.0,17.94,3.97,13.89,551.0,169.0,6.59,1.98,18.65,1051.0,296.0,12.56,3.46,17.12,1204.0,277.0,14.39,3.21,13.99,763.0,192.0,9.12,2.24,15.3,867.0,250.0,10.36,2.93,17.53,407.0,179.0,4.86,2.12,26.74,240.0,159.0,2.87,1.89,40.27,4886.0,487.0,58.4,4.77,6.06,2910.0,418.0,34.78,4.59,8.73,1401.0,322.0,16.74,3.73,13.97,1568.0,342.0,18.74,3.95,13.26,488.0,199.0,5.83,2.36,24.79,3560.0,465.0,42.55,5.0,7.94,16205.0,1384.0,97.56,2.25,5.19,8773.0,1209.0,52.82,5.84,8.38,9092.0,1095.0,54.74,4.82,7.32,405.0,208.0,2.44,1.24,31.22,6797.0,824.0,40.44,3.68,7.37,10011.0,992.0,59.56,3.47,6.02,487.0,198.0,2.9,1.15,24.72,843.0,277.0,5.02,1.6,19.97,1063.0,382.0,6.32,2.22,21.85,1342.0,328.0,7.98,1.84,14.86,885.0,274.0,5.27,1.57,18.82,1545.0,407.0,9.19,2.31,16.01,2088.0,434.0,12.42,2.38,12.64,1793.0,355.0,10.67,1.93,12.04,1102.0,402.0,6.56,2.33,22.18,1059.0,254.0,6.3,1.42,14.58,1569.0,374.0,9.33,2.1,14.49,1946.0,547.0,11.58,3.12,17.09,1086.0,260.0,6.46,1.46,14.55,3175.0,623.0,18.89,3.38,11.93,13633.0,996.0,81.11,8.8,4.44,4601.0,578.0,27.37,2.65,7.64,992.0,416.0,5.9,2.43,25.49,2899.0,654.0,17.25,3.64,13.71,11133.0,1112.0,66.24,3.95,6.07,308.0,243.0,1.83,1.44,47.96,444.0,265.0,2.64,1.56,36.28,0.0,,0.0,,,1032.0,383.0,6.14,2.22,22.56,2674.0,757.0,15.91,4.32,17.21,14134.0,1095.0,84.09,9.37,4.71,2528.0,557.0,15.04,3.09,13.39,10378.0,1010.0,61.74,3.41,5.92,19.0,37.0,0.11,0.22,118.38,444.0,265.0,2.64,1.56,36.28,0.0,,0.0,,,202.0,176.0,1.2,1.04,52.97,563.0,350.0,3.35,2.06,37.79
11354,11354,11354,20980.0,944.0,100,,2.74,4287.0,558.0,20.43,2.5,7.91,8678.0,1010.0,16.26,1.74,7.08,522.0,224.0,6.02,2.48,26.09,443.0,227.0,5.1,2.55,31.15,2932.0,592.0,33.79,5.57,12.27,1730.0,480.0,19.94,5.02,16.87,3051.0,410.0,35.16,2.36,8.17,43024.0,2066.0,80.61,1.03,2.92,5289.0,995.0,12.29,2.24,11.44,3999.0,764.0,9.29,1.72,11.61,12155.0,1274.0,28.25,2.63,6.37,13051.0,1304.0,30.33,2.66,6.07,46065.0,2119.0,86.31,5.63,2.8,831.0,251.0,1.8,0.54,18.36,51783.0,2469.0,97.02,1.11,2.9,4021.0,502.0,7.77,0.9,7.59,7280.0,893.0,13.64,1.55,7.46,36.0,42.0,0.49,0.57,70.92,33745.0,2030.0,63.23,2.43,3.66,1378.0,299.0,4.08,0.85,13.19,10758.0,886.0,20.16,1.37,5.01,2607.0,415.0,24.23,3.3,9.68,53030.0,2444.0,99.36,6.49,2.8,48741.0,2546.0,91.91,2.26,3.18,3768.0,778.0,7.11,1.43,12.55,521.0,261.0,0.98,0.49,30.45,53371.0,2470.0,100,,2.81,17655.0,1331.0,33.08,1.97,4.58,16891.0,1264.0,31.65,1.86,4.55,764.0,278.0,1.43,0.52,22.12,35716.0,2179.0,66.92,2.66,3.71,18157.0,1450.0,50.84,2.62,4.85,17559.0,1677.0,49.16,3.61,5.81,1799.0,525.0,5.04,1.44,17.74,28771.0,2106.0,80.55,3.26,4.45,321.0,165.0,0.9,0.46,31.25,128.0,139.0,0.36,0.39,66.01,4630.0,1264.0,12.96,3.45,16.6,67.0,51.0,0.19,0.14,46.27,50887.0,2470.0,95.35,1.4,2.95,10551.0,1127.0,20.73,1.97,6.49,28599.0,2075.0,56.2,3.03,4.41,6190.0,1394.0,12.16,2.68,13.69,19137.0,966.0,91.22,2.09,3.07,17672.0,1009.0,84.23,2.96,3.47,46655.0,2170.0,87.42,0.41,2.83,26810.0,1818.0,57.46,2.84,4.12,25607.0,1792.0,54.89,2.87,4.25,1180.0,323.0,2.53,0.68,16.64,23.0,54.0,0.05,0.12,142.72,19845.0,1272.0,42.54,1.88,3.9,,,4.4,1.17,16.64,24453.0,1737.0,45.82,2.47,4.32,6586.0,732.0,26.93,2.3,6.76,2439.0,522.0,9.97,2.01,13.01,8737.0,921.0,35.73,2.78,6.41,3780.0,742.0,15.46,2.83,11.93,2309.0,464.0,9.44,1.78,12.22,25607.0,1792.0,47.98,2.52,4.25,9.0,15.0,0.04,0.06,101.32,1313.0,444.0,5.13,1.7,20.56,1160.0,341.0,4.53,1.29,17.87,604.0,219.0,2.36,0.84,22.04,3143.0,768.0,12.27,2.87,14.85,1664.0,428.0,6.5,1.61,15.64,629.0,248.0,2.46,0.95,23.97,1959.0,509.0,7.65,1.91,15.79,2462.0,435.0,9.61,1.56,10.74,6171.0,833.0,24.1,2.78,8.21,3408.0,664.0,13.31,2.42,11.84,2474.0,607.0,9.66,2.27,14.91,611.0,189.0,2.39,0.72,18.8,1921.0,381.0,9.16,1.77,12.06,1197.0,271.0,5.71,1.27,13.76,1972.0,383.0,9.4,1.78,11.81,2453.0,702.0,11.69,3.3,17.4,1846.0,279.0,8.8,1.27,9.19,3051.0,629.0,14.54,2.93,12.53,2252.0,441.0,10.73,2.05,11.9,3323.0,558.0,15.84,2.56,10.21,1755.0,393.0,8.37,1.84,13.61,1210.0,239.0,5.77,1.11,12.01,15193.0,850.0,72.42,2.41,3.4,6681.0,686.0,31.84,2.94,6.24,3322.0,512.0,15.83,2.33,9.37,1290.0,323.0,6.15,1.51,15.22,832.0,227.0,3.97,1.07,16.59,2942.0,405.0,14.02,1.82,8.37,45643.0,2398.0,88.14,1.94,3.19,26563.0,2191.0,51.3,3.45,5.01,23971.0,1676.0,46.29,2.37,4.25,6140.0,1082.0,11.86,2.01,10.71,25137.0,1492.0,47.1,1.75,3.61,28234.0,1648.0,52.9,1.88,3.55,2484.0,479.0,4.65,0.87,11.72,1768.0,447.0,3.31,0.82,15.37,1994.0,498.0,3.74,0.92,15.18,1817.0,469.0,3.4,0.86,15.69,2284.0,471.0,4.28,0.86,12.54,8126.0,1046.0,15.23,1.83,7.83,6100.0,802.0,11.43,1.41,7.99,7394.0,756.0,13.85,1.26,6.22,4870.0,897.0,9.12,1.63,11.2,4420.0,606.0,8.28,1.07,8.33,6358.0,742.0,11.91,1.28,7.09,3863.0,599.0,7.24,1.07,9.43,1893.0,363.0,3.55,0.66,11.66,7283.0,893.0,13.65,1.55,7.45,46088.0,2119.0,86.35,5.63,2.79,12114.0,890.0,22.7,1.3,4.47,2026.0,635.0,3.8,1.18,19.05,8888.0,1058.0,16.65,1.83,7.24,1564.0,395.0,2.93,0.73,15.35,183.0,117.0,0.34,0.22,38.87,35533.0,2288.0,66.58,2.98,3.91,258.0,183.0,0.48,0.34,43.12,4919.0,1371.0,9.22,2.53,16.94,7207.0,1465.0,13.5,2.67,12.36,46164.0,2356.0,86.5,1.86,3.1,7633.0,988.0,14.3,1.73,7.87,1450.0,361.0,2.72,0.66,15.13,157.0,116.0,0.29,0.22,44.92,35514.0,2293.0,66.54,3.0,3.92,258.0,183.0,0.48,0.34,43.12,312.0,177.0,0.58,0.33,34.49,840.0,398.0,1.57,0.74,28.8
11355,11355,11355,29690.0,1390.0,100,,2.85,6672.0,799.0,22.47,2.48,7.28,13953.0,1019.0,17.55,0.99,4.44,825.0,275.0,5.91,1.92,20.26,452.0,173.0,3.24,1.22,23.27,5624.0,736.0,40.31,4.38,7.96,2687.0,550.0,19.26,3.68,12.44,4365.0,529.0,31.28,3.03,7.37,62791.0,2738.0,78.99,5.02,2.65,10701.0,1400.0,17.04,2.1,7.95,8533.0,1323.0,13.59,2.02,9.43,17872.0,1465.0,28.46,1.98,4.98,14308.0,1308.0,22.79,1.83,5.56,66958.0,2921.0,84.23,5.35,2.65,767.0,268.0,1.15,0.4,21.24,79168.0,3667.0,99.59,0.37,2.82,7090.0,886.0,8.96,1.04,7.6,12499.0,1438.0,15.72,1.66,6.99,214.0,140.0,1.71,1.1,39.77,49262.0,2472.0,61.97,1.22,3.05,2270.0,595.0,4.61,1.19,15.93,17407.0,1154.0,21.9,1.04,4.03,4606.0,685.0,26.46,3.52,9.04,78625.0,3522.0,98.91,6.36,2.72,73882.0,3450.0,93.97,1.24,2.84,3367.0,695.0,4.28,0.86,12.55,1376.0,648.0,1.75,0.82,28.63,79495.0,3670.0,100,,2.81,23146.0,1493.0,29.12,1.31,3.92,21996.0,1452.0,27.67,1.31,4.01,1150.0,320.0,1.45,0.4,16.92,56349.0,2916.0,70.88,1.66,3.15,25693.0,1842.0,45.6,2.26,4.36,30656.0,2581.0,54.4,3.61,5.12,1470.0,374.0,2.61,0.65,15.47,46759.0,2853.0,82.98,2.68,3.71,312.0,284.0,0.55,0.5,55.33,0.0,,0.0,,,7808.0,1171.0,13.86,1.95,9.12,0.0,,0.0,,,75681.0,3355.0,95.2,6.09,2.69,11337.0,1131.0,14.98,1.34,6.06,50234.0,2979.0,66.38,2.61,3.61,10415.0,1630.0,13.76,2.07,9.51,26634.0,1363.0,89.71,1.85,3.11,23741.0,1307.0,79.96,2.32,3.35,68019.0,2962.0,85.56,5.43,2.65,39792.0,2277.0,58.5,2.17,3.48,36930.0,2220.0,54.29,2.25,3.65,2834.0,651.0,4.17,0.94,13.96,28.0,33.0,0.04,0.05,71.65,28227.0,1525.0,41.5,1.33,3.28,,,7.12,1.58,13.96,34287.0,1801.0,43.13,1.08,3.19,7804.0,953.0,22.76,2.51,7.42,3850.0,634.0,11.23,1.75,10.01,13825.0,1288.0,40.32,3.1,5.66,5729.0,845.0,16.71,2.3,8.97,2251.0,474.0,6.57,1.34,12.8,36930.0,2220.0,46.46,1.79,3.65,10.0,16.0,0.03,0.04,97.26,2499.0,650.0,6.77,1.71,15.81,1549.0,358.0,4.19,0.94,14.05,930.0,289.0,2.52,0.77,18.89,3166.0,550.0,8.57,1.4,10.56,3082.0,651.0,8.35,1.69,12.84,635.0,210.0,1.72,0.56,20.1,2797.0,504.0,7.57,1.29,10.95,3416.0,620.0,9.25,1.58,11.03,8854.0,993.0,23.98,2.27,6.82,5626.0,1078.0,15.23,2.77,11.65,3458.0,574.0,9.36,1.45,10.09,908.0,248.0,2.46,0.66,16.6,2599.0,479.0,8.75,1.56,11.2,1543.0,319.0,5.2,1.05,12.57,3145.0,515.0,10.59,1.66,9.95,3345.0,771.0,11.27,2.54,14.01,3219.0,466.0,10.84,1.49,8.8,5442.0,775.0,18.33,2.47,8.66,3332.0,686.0,11.22,2.25,12.52,3687.0,592.0,12.42,1.91,9.76,1464.0,351.0,4.93,1.16,14.57,1914.0,448.0,6.45,1.48,14.23,22060.0,1197.0,74.3,2.04,3.3,8989.0,763.0,30.28,2.14,5.16,4021.0,787.0,13.54,2.57,11.9,2387.0,549.0,8.04,1.81,13.98,1415.0,385.0,4.77,1.28,16.54,4815.0,711.0,16.22,2.27,8.98,67496.0,3344.0,85.26,1.5,3.01,32834.0,2327.0,41.47,2.22,4.31,39889.0,2586.0,50.39,2.29,3.94,11672.0,1377.0,14.74,1.6,7.17,37966.0,2079.0,47.76,1.41,3.33,41529.0,2073.0,52.24,0.99,3.03,3814.0,799.0,4.8,0.98,12.74,3419.0,554.0,4.3,0.67,9.85,3610.0,641.0,4.54,0.78,10.79,2729.0,419.0,3.43,0.5,9.33,3132.0,527.0,3.94,0.64,10.23,10653.0,1215.0,13.4,1.4,6.93,11112.0,1087.0,13.98,1.21,5.95,11900.0,1238.0,14.97,1.4,6.32,6235.0,978.0,7.84,1.18,9.54,5297.0,778.0,6.66,0.93,8.93,9846.0,788.0,12.39,0.81,4.87,5400.0,686.0,6.79,0.8,7.72,2348.0,636.0,2.95,0.79,16.47,12509.0,1438.0,15.74,1.66,6.99,66986.0,2925.0,84.26,5.35,2.65,17594.0,1156.0,22.13,1.03,3.99,3008.0,807.0,3.78,1.0,16.31,8009.0,983.0,10.07,1.15,7.46,2217.0,717.0,2.79,0.89,19.66,412.0,243.0,0.52,0.3,35.85,57749.0,3332.0,72.64,2.51,3.51,49.0,65.0,0.06,0.08,80.64,8051.0,1348.0,10.13,1.63,10.18,12811.0,1738.0,16.12,2.06,8.25,66684.0,3448.0,83.88,1.95,3.14,5601.0,711.0,7.05,0.83,7.72,1941.0,694.0,2.44,0.87,21.74,178.0,158.0,0.22,0.2,53.96,57690.0,3330.0,72.57,2.51,3.51,49.0,65.0,0.06,0.08,80.64,465.0,294.0,0.58,0.37,38.44,760.0,268.0,0.96,0.33,21.44
11356,11356,11356,8391.0,571.0,100,,4.14,3093.0,506.0,36.86,5.48,9.94,6597.0,1037.0,23.87,3.12,9.56,164.0,99.0,2.49,1.45,36.7,323.0,149.0,4.9,2.12,28.04,2418.0,497.0,36.65,4.85,12.49,1528.0,401.0,23.16,4.87,15.95,2164.0,506.0,32.8,5.68,14.21,19162.0,1565.0,69.35,8.29,4.96,2829.0,876.0,14.76,4.41,18.82,1419.0,293.0,7.41,1.4,12.55,5813.0,696.0,30.34,2.66,7.28,4496.0,641.0,23.46,2.74,8.67,21275.0,1803.0,76.99,9.37,5.15,433.0,166.0,2.04,0.76,23.31,27626.0,2409.0,99.98,12.33,5.3,2134.0,515.0,7.72,1.74,14.67,6351.0,1175.0,22.98,3.75,11.25,32.0,36.0,0.5,0.56,68.39,16438.0,1502.0,59.49,1.61,5.55,803.0,238.0,4.89,1.38,18.02,4837.0,851.0,17.51,2.67,10.7,1299.0,443.0,26.86,7.85,20.73,26922.0,2168.0,97.43,11.57,4.9,25276.0,2131.0,93.89,2.34,5.13,1410.0,467.0,5.24,1.68,20.13,236.0,188.0,0.88,0.69,48.43,27632.0,2411.0,100,,5.3,14159.0,1787.0,51.24,4.67,7.67,13944.0,1776.0,50.46,4.68,7.74,215.0,110.0,0.78,0.39,31.1,13473.0,1705.0,48.76,4.47,7.69,8459.0,1225.0,62.78,4.42,8.8,5014.0,923.0,37.22,4.98,11.19,1013.0,405.0,7.52,2.85,24.3,7146.0,1203.0,53.04,5.89,10.23,124.0,102.0,0.92,0.75,50.0,0.0,,0.0,,,5150.0,1101.0,38.22,6.59,13.0,40.0,42.0,0.3,0.31,63.83,25583.0,2085.0,92.58,11.05,4.95,7506.0,1340.0,29.34,4.66,10.85,10031.0,1295.0,39.21,3.93,7.85,8689.0,1505.0,33.96,5.19,10.53,8096.0,602.0,96.48,2.89,4.52,7561.0,596.0,90.11,3.58,4.79,22082.0,1831.0,79.91,9.62,5.04,13763.0,1257.0,62.33,2.39,5.55,12429.0,1084.0,56.29,1.52,5.3,1328.0,489.0,6.01,2.16,22.38,6.0,17.0,0.03,0.08,172.24,8319.0,1109.0,37.67,3.93,8.1,,,9.65,3.44,22.38,12256.0,1096.0,44.35,0.87,5.44,5854.0,825.0,47.76,5.2,8.57,1060.0,346.0,8.65,2.72,19.84,3951.0,571.0,32.24,3.66,8.79,500.0,227.0,4.08,1.82,27.6,633.0,221.0,5.16,1.74,21.22,12429.0,1084.0,44.98,5.55,5.3,17.0,29.0,0.14,0.23,103.7,1220.0,349.0,9.82,2.67,17.39,577.0,266.0,4.64,2.1,28.02,274.0,110.0,2.2,0.86,24.4,1274.0,278.0,10.25,2.05,13.27,1349.0,365.0,10.85,2.78,16.45,230.0,121.0,1.85,0.96,31.98,851.0,273.0,6.85,2.11,19.5,1207.0,387.0,9.71,3.0,19.49,3141.0,586.0,25.27,4.17,11.34,931.0,279.0,7.49,2.15,18.22,961.0,223.0,7.73,1.66,14.11,397.0,172.0,3.19,1.36,26.34,173.0,80.0,2.06,0.94,28.11,151.0,82.0,1.8,0.97,33.01,376.0,181.0,4.48,2.14,29.26,683.0,235.0,8.14,2.75,20.92,989.0,278.0,11.79,3.21,17.09,1358.0,319.0,16.18,3.64,14.28,883.0,237.0,10.52,2.73,16.32,2026.0,488.0,24.14,5.58,14.64,849.0,239.0,10.12,2.76,17.11,903.0,223.0,10.76,2.55,15.01,7313.0,638.0,87.15,4.76,5.3,2936.0,465.0,34.99,5.0,9.63,1727.0,315.0,20.58,3.48,11.09,331.0,146.0,3.94,1.72,26.81,226.0,110.0,2.69,1.3,29.59,902.0,213.0,10.75,2.43,14.36,25249.0,2425.0,91.4,3.68,5.84,16082.0,2026.0,58.21,5.29,7.66,12118.0,1618.0,43.86,4.44,8.12,2377.0,508.0,8.6,1.68,12.99,13999.0,1419.0,50.66,2.61,6.16,13633.0,1237.0,49.34,1.23,5.52,2049.0,598.0,7.42,2.07,17.74,1432.0,358.0,5.18,1.21,15.2,1653.0,363.0,5.98,1.21,13.35,1886.0,497.0,6.83,1.7,16.02,1450.0,328.0,5.25,1.1,13.75,3955.0,571.0,14.31,1.65,8.78,3951.0,696.0,14.3,2.19,10.71,3072.0,476.0,11.12,1.42,9.42,1568.0,412.0,5.67,1.41,15.97,1779.0,376.0,6.44,1.24,12.85,3438.0,776.0,12.44,2.59,13.72,1026.0,328.0,3.71,1.14,19.43,373.0,126.0,1.35,0.44,20.54,6351.0,1175.0,22.98,3.75,11.25,21281.0,1805.0,77.02,9.37,5.16,4837.0,851.0,17.51,2.67,10.7,1782.0,646.0,6.45,2.27,22.04,7464.0,1107.0,27.01,3.24,9.02,256.0,223.0,0.93,0.8,52.95,22.0,34.0,0.08,0.12,93.95,9084.0,1317.0,32.87,3.81,8.81,38.0,62.0,0.14,0.22,99.18,8986.0,1994.0,32.52,6.63,13.49,11529.0,2125.0,41.72,6.77,11.2,16103.0,1562.0,58.28,2.47,5.9,6490.0,1082.0,23.49,3.34,10.13,126.0,142.0,0.46,0.51,68.51,0.0,,0.0,,,9052.0,1320.0,32.76,3.83,8.86,38.0,62.0,0.14,0.22,99.18,169.0,241.0,0.61,0.87,86.69,228.0,118.0,0.83,0.42,31.46
11357,11357,11357,15508.0,734.0,100,,2.88,4176.0,534.0,26.93,3.2,7.77,9544.0,1196.0,22.3,2.5,7.62,521.0,185.0,5.46,1.81,21.59,783.0,378.0,8.2,3.82,29.35,3813.0,682.0,39.95,5.1,10.87,1852.0,422.0,19.4,3.69,13.85,2575.0,432.0,26.98,3.01,10.2,31777.0,1508.0,74.26,5.46,2.88,3221.0,631.0,10.14,1.93,11.91,1557.0,291.0,4.9,0.89,11.36,8080.0,778.0,25.43,2.13,5.85,11674.0,1047.0,36.74,2.8,5.45,34149.0,1596.0,79.8,5.83,2.84,891.0,268.0,2.61,0.78,18.28,42497.0,2393.0,99.31,0.5,3.42,4156.0,571.0,9.78,1.23,8.35,8608.0,1177.0,20.12,2.51,8.31,150.0,96.0,1.74,1.09,38.91,23349.0,1490.0,54.56,1.66,3.88,1296.0,302.0,5.55,1.24,14.17,10540.0,818.0,24.63,1.32,4.72,2710.0,443.0,25.71,3.7,9.94,42445.0,2399.0,99.19,0.69,3.44,39375.0,2375.0,92.77,1.95,3.67,3026.0,836.0,7.13,1.93,16.79,44.0,38.0,0.1,0.09,52.5,42792.0,2400.0,100,,3.41,27897.0,2010.0,65.19,2.95,4.38,26752.0,1966.0,62.52,2.97,4.47,1145.0,371.0,2.68,0.85,19.7,14895.0,1466.0,34.81,2.82,5.98,10935.0,1143.0,73.41,2.58,6.35,3960.0,796.0,26.59,4.66,12.22,3721.0,528.0,24.98,2.55,8.63,8360.0,1260.0,56.13,6.41,9.16,238.0,232.0,1.6,1.55,59.26,0.0,,0.0,,,2529.0,611.0,16.98,3.75,14.69,47.0,42.0,0.32,0.28,54.32,40599.0,2270.0,94.88,7.51,3.4,20693.0,1515.0,50.97,2.41,4.45,9099.0,1073.0,22.41,2.33,7.17,4739.0,1349.0,11.67,3.26,17.3,14454.0,724.0,93.2,1.53,3.04,13866.0,741.0,89.41,2.22,3.25,35199.0,1686.0,82.26,6.07,2.91,19618.0,1350.0,55.73,2.75,4.18,18034.0,1213.0,51.23,2.42,4.09,1549.0,488.0,4.4,1.37,19.15,35.0,46.0,0.1,0.13,79.9,15581.0,987.0,44.27,1.83,3.85,,,7.9,2.43,19.15,17527.0,1147.0,40.96,1.38,3.98,10563.0,1061.0,60.27,4.59,6.11,1883.0,437.0,10.74,2.39,14.11,3084.0,455.0,17.6,2.33,8.97,216.0,92.0,1.23,0.52,25.89,1695.0,383.0,9.67,2.09,13.74,18034.0,1213.0,42.14,1.56,4.09,29.0,31.0,0.16,0.17,64.98,1905.0,371.0,10.56,1.93,11.84,743.0,245.0,4.12,1.33,20.05,523.0,134.0,2.9,0.72,15.58,1756.0,522.0,9.74,2.82,18.07,1076.0,287.0,5.97,1.54,16.21,376.0,148.0,2.08,0.81,23.93,2046.0,429.0,11.35,2.25,12.75,2195.0,396.0,12.17,2.04,10.97,4545.0,581.0,25.2,2.74,7.77,1234.0,335.0,6.84,1.8,16.5,845.0,243.0,4.69,1.31,17.48,761.0,231.0,4.22,1.25,18.45,659.0,274.0,4.25,1.76,25.28,278.0,122.0,1.79,0.78,26.68,740.0,223.0,4.77,1.42,18.32,1014.0,269.0,6.54,1.71,16.13,1648.0,354.0,10.63,2.23,13.06,1823.0,454.0,11.76,2.87,15.14,1897.0,364.0,12.23,2.27,11.66,3057.0,393.0,19.71,2.36,7.82,1892.0,348.0,12.2,2.17,11.18,2500.0,389.0,16.12,2.39,9.46,11391.0,728.0,73.45,3.15,3.89,6492.0,530.0,41.86,2.78,4.96,5094.0,624.0,32.85,3.71,7.45,559.0,157.0,3.6,1.0,17.07,481.0,182.0,3.1,1.16,23.0,949.0,239.0,6.12,1.51,15.31,41045.0,2261.0,96.58,7.61,3.35,29633.0,1839.0,69.73,1.82,3.77,17667.0,1428.0,41.57,2.41,4.91,1452.0,374.0,3.42,0.86,15.66,20308.0,1440.0,47.46,2.06,4.31,22484.0,1453.0,52.54,1.69,3.93,2193.0,375.0,5.12,0.83,10.4,2398.0,541.0,5.6,1.22,13.71,2724.0,574.0,6.37,1.29,12.81,2136.0,449.0,4.99,1.01,12.78,1564.0,309.0,3.65,0.69,12.01,4337.0,641.0,10.14,1.39,8.98,4734.0,718.0,11.06,1.56,9.22,5890.0,771.0,13.76,1.63,7.96,2773.0,418.0,6.48,0.91,9.16,3284.0,485.0,7.67,1.05,8.98,6121.0,681.0,14.3,1.37,6.76,2989.0,437.0,6.98,0.94,8.89,1649.0,390.0,3.85,0.89,14.38,8608.0,1177.0,20.12,2.51,8.31,34184.0,1601.0,79.88,5.84,2.85,10759.0,815.0,25.14,1.28,4.6,2798.0,830.0,6.54,1.9,18.03,26153.0,1612.0,61.12,1.56,3.75,309.0,150.0,0.72,0.35,29.51,95.0,149.0,0.22,0.35,95.34,11184.0,1639.0,26.14,3.54,8.91,94.0,142.0,0.22,0.33,91.83,2159.0,1170.0,5.05,2.72,32.94,6338.0,1354.0,14.81,3.05,12.99,36454.0,2056.0,85.19,0.51,3.43,24006.0,1628.0,56.1,2.14,4.12,145.0,59.0,0.34,0.14,24.74,72.0,124.0,0.17,0.29,104.69,11116.0,1633.0,25.98,3.53,8.93,94.0,142.0,0.22,0.33,91.83,212.0,263.0,0.5,0.61,75.41,809.0,429.0,1.89,1.0,32.24
11358,11358,11358,13179.0,649.0,100,,2.99,3443.0,353.0,26.12,2.35,6.23,7751.0,694.0,20.59,1.55,5.44,463.0,147.0,5.97,1.82,19.3,400.0,162.0,5.16,2.04,24.62,2916.0,533.0,37.62,6.0,11.11,1538.0,227.0,19.84,2.33,8.97,2434.0,333.0,31.4,3.25,8.32,28351.0,1520.0,75.31,1.69,3.26,2708.0,329.0,9.55,1.04,7.39,2149.0,367.0,7.58,1.23,10.38,7119.0,922.0,25.11,2.96,7.87,10186.0,685.0,35.93,1.46,4.09,30652.0,1613.0,81.42,1.63,3.2,956.0,321.0,3.12,1.03,20.41,37640.0,1832.0,99.98,0.09,2.96,2998.0,334.0,7.96,0.8,6.77,6988.0,694.0,18.56,1.61,6.04,188.0,133.0,2.69,1.88,43.01,23118.0,1423.0,61.41,2.31,3.74,1214.0,188.0,5.25,0.75,9.41,7534.0,690.0,20.01,1.55,5.57,1596.0,221.0,21.18,2.2,8.42,37382.0,1823.0,99.3,0.32,2.96,35189.0,1811.0,94.13,1.55,3.13,2065.0,447.0,5.52,1.17,13.16,128.0,98.0,0.34,0.26,46.54,37647.0,1832.0,100,,2.96,18686.0,1147.0,49.63,1.86,3.73,18231.0,1137.0,48.43,1.89,3.79,455.0,136.0,1.21,0.36,18.17,18961.0,1375.0,50.37,2.71,4.41,10916.0,901.0,57.57,2.27,5.02,8045.0,1035.0,42.43,4.51,7.82,2488.0,444.0,13.12,2.14,10.85,12918.0,1192.0,68.13,3.89,5.61,171.0,176.0,0.9,0.93,62.57,9.0,18.0,0.05,0.09,121.58,3357.0,673.0,17.7,3.31,12.19,18.0,16.0,0.09,0.08,54.04,35624.0,1778.0,94.63,1.05,3.03,11613.0,1028.0,32.6,2.38,5.38,13848.0,1244.0,38.87,2.9,5.46,5106.0,897.0,14.33,2.41,10.68,12391.0,581.0,94.02,6.39,2.85,11945.0,560.0,90.64,6.16,2.85,31350.0,1608.0,83.27,1.35,3.12,19048.0,1332.0,60.76,2.89,4.25,17703.0,1235.0,56.47,2.67,4.24,1338.0,334.0,4.27,1.04,15.17,7.0,10.0,0.02,0.03,86.84,12302.0,882.0,39.24,1.97,4.36,,,7.02,1.68,15.17,16980.0,1139.0,45.1,2.08,4.08,7450.0,654.0,43.88,2.48,5.34,1686.0,294.0,9.93,1.6,10.6,5348.0,587.0,31.5,2.74,6.67,687.0,203.0,4.05,1.16,17.96,1548.0,269.0,9.12,1.46,10.56,17703.0,1235.0,47.02,2.35,4.24,0.0,,0.0,,,1327.0,280.0,7.5,1.49,12.83,780.0,262.0,4.41,1.45,20.42,426.0,109.0,2.41,0.59,15.55,1807.0,403.0,10.21,2.16,13.56,1158.0,190.0,6.54,0.97,9.97,615.0,173.0,3.47,0.95,17.1,1566.0,272.0,8.85,1.41,10.56,2163.0,325.0,12.22,1.63,9.13,3925.0,472.0,22.17,2.17,7.31,1615.0,305.0,9.12,1.6,11.48,1534.0,392.0,8.67,2.13,15.53,787.0,188.0,4.45,1.02,14.52,589.0,178.0,4.47,1.33,18.37,297.0,125.0,2.25,0.94,25.59,762.0,192.0,5.78,1.43,15.32,795.0,275.0,6.03,2.07,21.03,1484.0,301.0,11.26,2.22,12.33,2064.0,296.0,15.66,2.11,8.72,1711.0,282.0,12.98,2.04,10.02,2230.0,242.0,16.92,1.64,6.6,1532.0,249.0,11.62,1.8,9.88,1715.0,271.0,13.01,1.95,9.61,10598.0,566.0,80.42,1.66,3.25,4370.0,409.0,33.16,2.64,5.69,2923.0,392.0,22.18,2.77,8.15,520.0,124.0,3.95,0.92,14.5,497.0,105.0,3.77,0.77,12.84,1030.0,157.0,7.82,1.13,9.27,34713.0,1734.0,92.22,1.04,3.04,22392.0,1537.0,59.49,2.88,4.17,16272.0,1194.0,43.23,2.37,4.46,2927.0,565.0,7.78,1.45,11.73,18643.0,1208.0,49.52,2.12,3.94,19004.0,955.0,50.48,0.63,3.05,2023.0,347.0,5.37,0.88,10.43,1709.0,348.0,4.54,0.9,12.38,2237.0,356.0,5.94,0.9,9.67,1572.0,231.0,4.18,0.58,8.93,1755.0,344.0,4.66,0.89,11.92,4988.0,668.0,13.25,1.65,8.14,5003.0,549.0,13.29,1.31,6.67,5164.0,656.0,13.72,1.61,7.72,3015.0,455.0,8.01,1.14,9.17,2647.0,369.0,7.03,0.92,8.47,4519.0,582.0,12.0,1.43,7.83,2119.0,333.0,5.63,0.84,9.55,896.0,298.0,2.38,0.78,20.22,6988.0,694.0,18.56,1.61,6.04,30659.0,1612.0,81.44,1.62,3.2,7534.0,690.0,20.01,1.55,5.57,2248.0,575.0,5.97,1.5,15.55,13694.0,1221.0,36.37,2.72,5.42,405.0,231.0,1.08,0.61,34.67,111.0,72.0,0.29,0.19,39.43,18085.0,1576.0,48.04,3.47,5.3,0.0,,0.0,,,3104.0,762.0,8.25,1.98,14.92,6410.0,1102.0,17.03,2.81,10.45,31237.0,1681.0,82.97,1.91,3.27,11610.0,1042.0,30.84,2.33,5.46,267.0,141.0,0.71,0.37,32.1,54.0,54.0,0.14,0.14,60.79,18062.0,1575.0,47.98,3.47,5.3,0.0,,0.0,,,170.0,119.0,0.45,0.32,42.55,1074.0,468.0,2.85,1.24,26.49
11360,11360,"11359, 11360",8692.0,585.0,100,,4.09,1556.0,349.0,17.9,3.83,13.63,3668.0,990.0,18.6,4.64,16.41,253.0,125.0,6.9,2.85,30.03,184.0,97.0,5.02,2.27,32.05,1050.0,255.0,28.63,10.39,14.76,756.0,372.0,20.61,8.48,29.91,1425.0,614.0,38.85,13.05,26.19,15729.0,1269.0,79.77,10.44,4.9,1105.0,395.0,7.03,2.45,21.73,713.0,256.0,4.53,1.59,21.83,2773.0,479.0,17.63,2.69,10.5,8092.0,748.0,51.45,2.32,5.62,16879.0,1615.0,85.6,12.04,5.82,834.0,254.0,4.94,1.43,18.51,19668.0,2033.0,99.74,0.81,6.28,3151.0,595.0,16.02,2.53,11.48,2838.0,566.0,14.39,2.46,12.12,262.0,322.0,9.23,11.2,74.71,11037.0,1533.0,55.97,5.21,8.44,927.0,332.0,8.4,2.77,21.77,5793.0,473.0,29.38,3.86,4.96,1962.0,347.0,33.87,5.31,10.75,19688.0,2028.0,99.84,14.55,6.26,17892.0,2088.0,90.88,4.98,7.09,1762.0,492.0,8.95,2.32,16.97,34.0,39.0,0.17,0.2,69.73,19719.0,2032.0,100,,6.26,13192.0,1746.0,66.9,5.56,8.05,13008.0,1752.0,65.97,5.72,8.19,184.0,101.0,0.93,0.5,33.37,6527.0,707.0,33.1,1.1,6.58,5578.0,571.0,85.46,12.74,6.22,949.0,287.0,14.54,4.11,18.38,1385.0,367.0,21.22,5.13,16.11,3859.0,609.0,59.12,6.79,9.59,235.0,152.0,3.6,2.3,39.32,0.0,,0.0,,,1037.0,366.0,15.89,5.34,21.46,11.0,21.0,0.17,0.32,116.05,18860.0,1979.0,95.64,1.89,6.38,11029.0,1616.0,58.48,5.98,8.91,3878.0,635.0,20.56,2.58,9.95,1101.0,408.0,5.84,2.07,22.53,7985.0,612.0,91.87,3.37,4.66,7855.0,625.0,90.37,3.84,4.84,17304.0,1862.0,87.75,2.72,6.54,9391.0,1084.0,54.27,2.27,7.02,8946.0,1027.0,51.7,2.07,6.98,445.0,200.0,2.57,1.12,27.32,0.0,,0.0,,,7913.0,1270.0,45.73,5.45,9.76,,,4.74,2.06,27.32,8514.0,995.0,43.18,2.38,7.1,4316.0,629.0,50.69,4.41,8.86,995.0,270.0,11.69,2.86,16.5,1745.0,317.0,20.5,2.85,11.04,103.0,67.0,1.21,0.77,39.54,1293.0,355.0,15.19,3.77,16.69,8946.0,1027.0,45.37,2.3,6.98,1.0,13.0,0.01,0.15,790.27,430.0,168.0,4.81,1.8,23.75,359.0,162.0,4.01,1.75,27.43,283.0,148.0,3.16,1.61,31.79,623.0,202.0,6.96,2.11,19.71,492.0,225.0,5.5,2.43,27.8,221.0,125.0,2.47,1.37,34.38,1016.0,314.0,11.36,3.26,18.79,1165.0,299.0,13.02,2.99,15.6,2951.0,461.0,32.99,3.49,9.5,417.0,176.0,4.66,1.89,25.66,643.0,341.0,7.19,3.72,32.24,345.0,112.0,3.86,1.17,19.73,330.0,140.0,3.8,1.59,25.79,160.0,98.0,1.84,1.12,37.23,353.0,129.0,4.06,1.46,22.22,566.0,188.0,6.51,2.12,20.19,574.0,184.0,6.6,2.07,19.49,1258.0,287.0,14.47,3.15,13.87,1104.0,255.0,12.7,2.81,14.04,1383.0,353.0,15.91,3.92,15.52,1540.0,370.0,17.72,4.09,14.61,1424.0,319.0,16.38,3.5,13.62,5697.0,532.0,65.54,4.24,5.68,3878.0,316.0,44.62,2.05,4.95,2918.0,494.0,33.57,5.21,10.29,443.0,222.0,5.1,2.53,30.46,271.0,156.0,3.12,1.78,34.99,500.0,194.0,5.75,2.2,23.59,18726.0,1808.0,95.21,13.47,5.87,14373.0,1399.0,73.08,10.38,5.92,8320.0,1084.0,42.3,3.36,7.92,942.0,413.0,4.79,2.04,26.65,9032.0,1105.0,45.8,3.02,7.44,10687.0,1126.0,54.2,1.19,6.4,859.0,270.0,4.36,1.29,19.11,607.0,194.0,3.08,0.93,19.43,784.0,207.0,3.98,0.97,16.05,885.0,398.0,4.49,1.96,27.34,855.0,546.0,4.34,2.73,38.82,2227.0,505.0,11.29,2.28,13.78,1978.0,439.0,10.03,1.97,13.49,2549.0,499.0,12.93,2.15,11.9,1571.0,445.0,7.97,2.1,17.22,1580.0,294.0,8.01,1.24,11.31,2875.0,334.0,14.58,0.78,7.06,1753.0,275.0,8.89,1.05,9.54,1196.0,343.0,6.07,1.62,17.43,2840.0,565.0,14.4,2.45,12.09,16879.0,1615.0,85.6,12.04,5.82,5824.0,474.0,29.53,3.88,4.95,1077.0,337.0,5.46,1.61,19.02,11314.0,1826.0,57.38,7.13,9.81,256.0,103.0,1.3,0.5,24.46,148.0,157.0,0.75,0.79,64.49,6091.0,921.0,30.89,3.42,9.19,0.0,,0.0,,,833.0,394.0,4.22,1.95,28.75,2040.0,547.0,10.35,2.56,16.3,17679.0,1958.0,89.65,3.64,6.73,10829.0,1826.0,54.92,7.33,10.25,236.0,96.0,1.2,0.47,24.73,0.0,,0.0,,,6077.0,918.0,30.82,3.4,9.18,0.0,,0.0,,,249.0,180.0,1.26,0.9,43.94,288.0,161.0,1.46,0.8,33.98
11361,11361,11361,10886.0,648.0,100,,3.62,2740.0,286.0,25.17,2.16,6.35,6306.0,723.0,21.34,2.13,6.97,349.0,129.0,5.53,1.94,22.47,333.0,112.0,5.28,1.67,20.45,2508.0,544.0,39.77,7.32,13.19,972.0,200.0,15.41,2.63,12.51,2144.0,344.0,34.0,3.82,9.75,22121.0,1182.0,74.87,5.81,3.25,1559.0,254.0,7.05,1.08,9.9,1163.0,232.0,5.26,1.01,12.13,4081.0,509.0,18.45,2.08,7.58,10336.0,857.0,46.72,2.96,5.04,24027.0,1261.0,81.33,6.26,3.19,842.0,227.0,3.5,0.93,16.39,29278.0,1664.0,99.1,0.8,3.45,2677.0,363.0,9.14,1.13,8.24,5514.0,690.0,18.66,2.09,7.61,297.0,167.0,5.39,2.95,34.18,18021.0,1108.0,61.0,1.51,3.74,941.0,204.0,5.22,1.09,13.18,5743.0,571.0,19.44,1.59,6.04,1439.0,229.0,25.06,3.11,9.67,29023.0,1648.0,98.24,0.76,3.45,26423.0,1701.0,91.04,2.76,3.91,2479.0,555.0,8.54,1.85,13.61,121.0,70.0,0.42,0.24,35.17,29544.0,1662.0,100,,3.42,18226.0,1447.0,61.69,3.46,4.83,17837.0,1444.0,60.37,3.51,4.92,389.0,127.0,1.32,0.42,19.85,11318.0,962.0,38.31,2.44,5.17,7945.0,730.0,70.2,2.45,5.59,3373.0,462.0,29.8,3.2,8.33,1291.0,291.0,11.41,2.38,13.7,8272.0,799.0,73.09,3.35,5.87,71.0,53.0,0.63,0.47,45.38,6.0,9.0,0.05,0.08,91.19,1612.0,387.0,14.24,3.2,14.59,66.0,51.0,0.58,0.45,46.97,27821.0,1581.0,94.17,0.76,3.45,13289.0,1280.0,47.77,3.71,5.86,7708.0,865.0,27.71,2.68,6.82,2453.0,541.0,8.82,1.88,13.41,10356.0,617.0,95.13,0.24,3.62,10084.0,612.0,92.63,1.1,3.69,24643.0,1271.0,83.41,6.37,3.14,15567.0,983.0,63.17,2.3,3.84,14839.0,960.0,60.22,2.35,3.93,728.0,175.0,2.95,0.69,14.61,0.0,,0.0,,,9076.0,739.0,36.83,2.32,4.95,,,4.68,1.08,14.61,14415.0,958.0,48.79,1.73,4.04,6219.0,710.0,43.14,4.0,6.94,1611.0,283.0,11.18,1.82,10.68,4050.0,452.0,28.1,2.52,6.78,797.0,203.0,5.53,1.36,15.48,1606.0,350.0,11.14,2.31,13.25,14839.0,960.0,50.23,1.6,3.93,0.0,,0.0,,,988.0,270.0,6.66,1.77,16.61,492.0,132.0,3.32,0.86,16.31,474.0,173.0,3.19,1.15,22.19,1056.0,212.0,7.12,1.35,12.2,828.0,204.0,5.58,1.33,14.98,474.0,146.0,3.19,0.96,18.72,1661.0,381.0,11.19,2.46,13.94,2020.0,245.0,13.61,1.4,7.37,4121.0,524.0,27.77,3.04,7.73,1179.0,236.0,7.95,1.51,12.17,826.0,181.0,5.57,1.17,13.32,720.0,208.0,4.85,1.37,17.56,297.0,99.0,2.73,0.89,20.26,228.0,88.0,2.09,0.8,23.46,479.0,124.0,4.4,1.11,15.74,726.0,247.0,6.67,2.23,20.68,635.0,129.0,5.83,1.13,12.35,1303.0,304.0,11.97,2.7,14.18,1611.0,446.0,14.8,4.0,16.83,2572.0,420.0,23.63,3.59,9.93,1149.0,212.0,10.55,1.84,11.22,1886.0,276.0,17.33,2.32,8.9,8551.0,527.0,78.55,1.25,3.75,3607.0,483.0,33.13,3.97,8.14,2626.0,501.0,24.12,4.37,11.6,450.0,152.0,4.13,1.37,20.53,254.0,91.0,2.33,0.82,21.78,762.0,181.0,7.0,1.61,14.44,27697.0,1578.0,94.6,0.38,3.46,20730.0,1401.0,70.8,2.59,4.11,10603.0,934.0,36.21,2.44,5.35,1581.0,377.0,5.4,1.25,14.5,13573.0,869.0,45.94,1.4,3.89,15971.0,1003.0,54.06,1.51,3.82,1723.0,538.0,5.83,1.79,18.98,1359.0,374.0,4.6,1.24,16.73,1635.0,316.0,5.53,1.02,11.75,1193.0,204.0,4.04,0.65,10.39,1513.0,294.0,5.12,0.95,11.81,4471.0,540.0,15.13,1.62,7.34,3391.0,428.0,11.48,1.3,7.67,3815.0,432.0,12.91,1.27,6.88,2466.0,396.0,8.35,1.26,9.76,1984.0,269.0,6.72,0.83,8.24,3313.0,542.0,11.21,1.72,9.95,1581.0,210.0,5.35,0.64,8.07,1100.0,307.0,3.72,1.02,16.97,5517.0,690.0,18.67,2.09,7.6,24027.0,1261.0,81.33,6.26,3.19,5994.0,571.0,20.29,1.56,5.79,1694.0,561.0,5.73,1.87,20.13,13140.0,1165.0,44.48,3.05,5.39,1154.0,350.0,3.91,1.16,18.44,129.0,105.0,0.44,0.35,49.48,11948.0,966.0,40.44,2.35,4.91,0.0,,0.0,,,1479.0,443.0,5.01,1.47,18.21,4363.0,909.0,14.77,2.96,12.67,25181.0,1215.0,85.23,6.32,2.93,11427.0,1049.0,38.68,2.81,5.58,1099.0,348.0,3.72,1.16,19.25,56.0,87.0,0.19,0.29,94.44,11906.0,964.0,40.3,2.35,4.92,0.0,,0.0,,,266.0,226.0,0.9,0.76,51.65,427.0,156.0,1.45,0.52,22.21
11362,11362,11362,7164.0,543.0,100,,4.61,1640.0,403.0,22.89,5.35,14.94,3324.0,579.0,18.04,2.84,10.59,191.0,87.0,5.75,2.42,27.69,273.0,142.0,8.21,4.03,31.62,1092.0,312.0,32.85,7.44,17.37,745.0,232.0,22.41,5.79,18.93,1023.0,240.0,30.78,4.84,14.26,14748.0,1046.0,80.04,8.27,4.31,601.0,243.0,4.08,1.62,24.58,617.0,240.0,4.18,1.6,23.65,2382.0,473.0,16.15,3.0,12.07,7782.0,731.0,52.77,3.25,5.71,15640.0,1089.0,84.88,8.69,4.23,381.0,137.0,2.44,0.86,21.86,18327.0,1384.0,99.46,0.83,4.59,1904.0,388.0,10.39,1.97,12.39,2783.0,550.0,15.1,2.76,12.01,10.0,15.0,0.36,0.53,91.19,10631.0,1022.0,57.7,3.47,5.84,471.0,208.0,4.43,1.91,26.85,4913.0,549.0,26.66,2.21,6.79,1423.0,328.0,28.96,5.84,14.01,18340.0,1379.0,99.53,0.45,4.57,16761.0,1396.0,91.39,3.27,5.06,1567.0,593.0,8.54,3.17,23.0,12.0,19.0,0.07,0.1,96.25,18426.0,1383.0,100,,4.56,10818.0,972.0,58.71,2.9,5.46,10478.0,956.0,56.87,2.95,5.55,340.0,173.0,1.85,0.93,30.93,7608.0,910.0,41.29,3.85,7.27,6099.0,868.0,80.17,6.18,8.65,1509.0,435.0,19.83,5.2,17.52,886.0,255.0,11.65,3.05,17.5,5800.0,840.0,76.24,6.23,8.8,120.0,87.0,1.58,1.13,44.07,0.0,,0.0,,,769.0,335.0,10.11,4.23,26.48,33.0,33.0,0.43,0.43,60.79,17800.0,1331.0,96.6,10.23,4.55,8116.0,873.0,45.6,3.53,6.54,4197.0,609.0,23.58,2.93,8.82,1056.0,361.0,5.93,1.98,20.78,6650.0,536.0,92.83,2.54,4.9,6520.0,533.0,91.01,2.79,4.97,16083.0,1174.0,87.28,9.14,4.44,9346.0,946.0,58.11,4.07,6.15,8818.0,929.0,54.83,4.17,6.4,525.0,181.0,3.26,1.1,20.96,3.0,5.0,0.02,0.03,101.32,6737.0,777.0,41.89,3.74,7.01,,,5.62,1.85,20.96,8629.0,924.0,46.83,3.58,6.51,4845.0,669.0,56.15,4.89,8.39,1110.0,505.0,12.86,5.69,27.66,1310.0,352.0,15.18,3.74,16.33,114.0,67.0,1.32,0.76,35.73,1161.0,387.0,13.45,4.25,20.26,8818.0,929.0,47.86,3.54,6.4,0.0,,0.0,,,557.0,386.0,6.32,4.33,42.13,325.0,154.0,3.69,1.7,28.81,284.0,136.0,3.22,1.5,29.11,1118.0,362.0,12.68,3.88,19.68,430.0,160.0,4.88,1.74,22.62,78.0,52.0,0.88,0.58,40.53,1232.0,409.0,13.97,4.4,20.18,954.0,247.0,10.82,2.56,15.74,2410.0,463.0,27.33,4.39,11.68,582.0,365.0,6.6,4.08,38.12,380.0,128.0,4.31,1.38,20.48,468.0,172.0,5.31,1.87,22.34,217.0,177.0,3.03,2.46,49.58,85.0,61.0,1.19,0.85,43.63,211.0,111.0,2.95,1.53,31.98,264.0,116.0,3.69,1.59,26.71,654.0,214.0,9.13,2.91,19.89,840.0,232.0,11.73,3.11,16.79,821.0,279.0,11.46,3.8,20.66,1494.0,282.0,20.85,3.61,11.47,1372.0,396.0,19.15,5.33,17.55,1206.0,386.0,16.83,5.23,19.46,5198.0,544.0,72.56,5.24,6.36,3145.0,356.0,43.9,3.69,6.88,2343.0,367.0,32.71,4.48,9.52,229.0,90.0,3.2,1.23,23.89,251.0,156.0,3.5,2.16,37.78,386.0,140.0,5.39,1.91,22.05,17773.0,1315.0,96.98,10.25,4.5,13638.0,1266.0,74.41,4.02,5.64,7365.0,860.0,40.19,3.58,7.1,554.0,303.0,3.02,1.64,33.25,9204.0,991.0,49.95,3.86,6.55,9222.0,811.0,50.05,2.29,5.35,626.0,198.0,3.4,1.04,19.23,806.0,271.0,4.37,1.43,20.44,715.0,207.0,3.88,1.09,17.6,910.0,301.0,4.94,1.59,20.11,621.0,174.0,3.37,0.91,17.03,1861.0,503.0,10.1,2.62,16.43,2262.0,387.0,12.28,1.89,10.4,2888.0,661.0,15.67,3.39,13.91,1496.0,345.0,8.12,1.77,14.02,1232.0,408.0,6.69,2.16,20.13,2864.0,386.0,15.54,1.74,8.19,1425.0,320.0,7.73,1.64,13.65,720.0,236.0,3.91,1.25,19.93,2783.0,550.0,15.1,2.76,12.01,15643.0,1089.0,84.9,8.69,4.23,5009.0,549.0,27.18,2.17,6.66,901.0,376.0,4.89,2.01,25.37,7470.0,819.0,40.54,3.24,6.66,491.0,434.0,2.66,2.35,53.73,0.0,,0.0,,,9010.0,1238.0,48.9,5.63,8.35,0.0,,0.0,,,554.0,290.0,3.01,1.56,31.82,1700.0,596.0,9.23,3.16,21.31,16726.0,1378.0,90.77,3.08,5.01,6907.0,757.0,37.49,2.99,6.66,465.0,426.0,2.52,2.3,55.69,0.0,,0.0,,,9010.0,1238.0,48.9,5.63,8.35,0.0,,0.0,,,83.0,101.0,0.45,0.55,73.97,261.0,200.0,1.42,1.08,46.58
11363,11363,11363,2855.0,261.0,100,,5.56,815.0,218.0,28.55,7.18,16.26,1709.0,390.0,23.2,4.48,13.87,144.0,106.0,8.43,5.9,44.75,150.0,104.0,8.78,5.75,42.15,677.0,227.0,39.61,9.73,20.38,329.0,183.0,19.25,9.77,33.81,409.0,130.0,23.93,5.29,19.32,5458.0,711.0,74.11,3.43,7.92,357.0,360.0,6.54,6.54,61.3,253.0,178.0,4.64,3.2,42.77,500.0,148.0,9.16,2.43,17.99,3077.0,349.0,56.38,9.74,6.89,5801.0,745.0,78.76,3.21,7.81,230.0,119.0,3.96,1.99,31.45,7365.0,897.0,100.0,0.0,7.4,743.0,247.0,10.09,3.12,20.21,1564.0,402.0,21.24,4.81,15.63,38.0,46.0,2.43,2.87,73.59,4218.0,563.0,57.27,3.13,8.11,270.0,153.0,6.4,3.53,34.45,1583.0,512.0,21.49,6.44,19.66,435.0,199.0,27.48,8.89,27.81,7347.0,896.0,99.76,0.63,7.41,6960.0,866.0,94.73,2.34,7.56,277.0,100.0,3.77,1.28,21.95,110.0,139.0,1.5,1.88,76.82,7365.0,897.0,100,,7.4,5040.0,568.0,68.43,11.36,6.85,4938.0,562.0,67.05,11.18,6.92,102.0,89.0,1.38,1.2,53.04,2325.0,613.0,31.57,7.38,16.03,1548.0,425.0,66.58,5.1,16.69,777.0,264.0,33.42,7.16,20.65,425.0,294.0,18.28,11.69,42.05,1370.0,375.0,58.92,4.33,16.64,8.0,12.0,0.34,0.51,91.19,0.0,,0.0,,,514.0,419.0,22.11,17.05,49.55,8.0,12.0,0.34,0.51,91.19,7031.0,876.0,95.47,2.51,7.57,3763.0,597.0,53.52,5.26,9.64,1320.0,516.0,18.77,6.96,23.76,750.0,548.0,10.67,7.68,44.42,2784.0,273.0,97.51,3.46,5.96,2757.0,278.0,96.57,4.11,6.13,5912.0,743.0,80.27,2.49,7.64,3783.0,508.0,63.99,3.03,8.16,3547.0,489.0,60.0,3.4,8.38,236.0,99.0,3.99,1.6,25.5,0.0,,0.0,,,2129.0,528.0,36.01,7.7,15.08,,,6.24,2.48,25.5,3493.0,481.0,47.43,3.05,8.37,1528.0,270.0,43.74,4.84,10.74,359.0,194.0,10.28,5.37,32.85,880.0,163.0,25.19,3.12,11.26,71.0,49.0,2.03,1.37,41.95,640.0,150.0,18.32,3.47,14.25,3547.0,489.0,48.16,3.11,8.38,0.0,,0.0,,,98.0,58.0,2.76,1.59,35.98,113.0,79.0,3.19,2.18,42.5,82.0,54.0,2.31,1.49,40.03,234.0,109.0,6.6,2.94,28.32,191.0,96.0,5.38,2.6,30.55,85.0,59.0,2.4,1.63,42.2,343.0,123.0,9.67,3.2,21.8,694.0,232.0,19.57,5.96,20.32,1090.0,270.0,30.73,6.32,15.06,291.0,197.0,8.2,5.44,41.15,165.0,97.0,4.65,2.66,35.74,161.0,82.0,4.54,2.23,30.96,129.0,80.0,4.52,2.77,37.7,7.0,12.0,0.25,0.42,104.21,113.0,69.0,3.96,2.39,37.12,148.0,91.0,5.18,3.15,37.38,198.0,108.0,6.94,3.73,33.16,386.0,111.0,13.52,3.69,17.48,368.0,207.0,12.89,7.15,34.19,512.0,148.0,17.93,4.92,17.57,409.0,183.0,14.33,6.27,27.2,585.0,134.0,20.49,4.3,13.92,2385.0,271.0,83.54,5.64,6.91,983.0,234.0,34.43,7.57,14.47,712.0,190.0,24.94,6.25,16.22,84.0,60.0,2.94,2.08,43.42,103.0,67.0,3.61,2.32,39.54,197.0,93.0,6.9,3.2,28.7,6940.0,811.0,94.23,15.9,7.1,5264.0,779.0,71.47,6.01,9.0,2900.0,595.0,39.38,6.5,12.47,425.0,229.0,5.77,3.03,32.76,3545.0,561.0,48.13,4.86,9.62,3820.0,450.0,51.87,8.79,7.16,334.0,131.0,4.53,1.69,23.84,610.0,230.0,8.28,2.96,22.92,375.0,175.0,5.09,2.29,28.37,320.0,144.0,4.34,1.88,27.36,268.0,117.0,3.64,1.53,26.54,721.0,159.0,9.79,1.8,13.41,939.0,269.0,12.75,3.31,17.41,1048.0,311.0,14.23,3.85,18.04,608.0,164.0,8.26,1.99,16.4,559.0,144.0,7.59,1.72,15.66,923.0,449.0,12.53,5.9,29.57,463.0,160.0,6.29,2.03,21.01,197.0,97.0,2.67,1.28,29.93,1564.0,402.0,21.24,4.81,15.63,5801.0,745.0,78.76,3.21,7.81,1583.0,512.0,21.49,6.44,19.66,815.0,537.0,11.07,7.17,40.05,4052.0,745.0,55.02,7.58,11.18,46.0,42.0,0.62,0.57,55.5,64.0,88.0,0.87,1.19,83.59,2276.0,547.0,30.9,6.4,14.61,0.0,,0.0,,,112.0,77.0,1.52,1.03,41.79,915.0,567.0,12.42,7.55,37.67,6450.0,761.0,87.58,14.85,7.17,3779.0,762.0,51.31,8.25,12.26,23.0,26.0,0.31,0.35,68.72,64.0,88.0,0.87,1.19,83.59,2276.0,547.0,30.9,6.4,14.61,0.0,,0.0,,,25.0,29.0,0.34,0.39,70.52,283.0,122.0,3.84,1.59,26.21
11364,11364,11364,13822.0,649.0,100,,2.85,4403.0,560.0,31.86,3.77,7.73,8898.0,1067.0,23.34,2.34,7.29,581.0,235.0,6.53,2.52,24.59,547.0,203.0,6.15,2.16,22.56,3667.0,716.0,41.21,6.35,11.87,1646.0,376.0,18.5,3.6,13.89,2457.0,391.0,27.61,2.89,9.67,27737.0,1631.0,72.75,6.42,3.57,2461.0,590.0,8.87,2.06,14.57,1197.0,291.0,4.32,1.02,14.78,5441.0,634.0,19.62,1.97,7.08,13306.0,1041.0,47.97,2.48,4.76,30175.0,1827.0,79.15,7.08,3.68,800.0,322.0,2.65,1.05,24.47,38116.0,2509.0,99.98,0.13,4.0,3666.0,523.0,9.62,1.22,8.67,7948.0,1079.0,20.85,2.48,8.25,176.0,97.0,2.21,1.18,33.5,22554.0,1450.0,59.16,5.44,3.91,1390.0,303.0,6.16,1.28,13.25,7614.0,887.0,19.97,1.92,7.08,2100.0,421.0,27.58,4.5,12.19,37744.0,2459.0,99.0,9.17,3.96,35208.0,2375.0,93.28,1.63,4.1,2329.0,600.0,6.17,1.54,15.66,207.0,110.0,0.55,0.29,32.3,38124.0,2509.0,100,,4.0,22126.0,1639.0,58.04,1.97,4.5,21116.0,1612.0,55.39,2.14,4.64,1010.0,410.0,2.65,1.06,24.68,15998.0,1682.0,41.96,3.44,6.39,11207.0,1361.0,70.05,4.26,7.38,4791.0,864.0,29.95,4.39,10.96,1125.0,298.0,7.03,1.71,16.1,12486.0,1315.0,78.05,0.48,6.4,255.0,208.0,1.59,1.29,49.59,11.0,20.0,0.07,0.12,110.53,2052.0,549.0,12.83,3.16,16.26,69.0,72.0,0.43,0.45,63.43,36223.0,2373.0,95.01,8.82,3.98,15033.0,1295.0,41.5,2.32,5.24,10756.0,1085.0,29.69,2.28,6.13,3579.0,955.0,9.88,2.56,16.22,13067.0,657.0,94.54,1.7,3.06,12525.0,636.0,90.62,1.75,3.09,31141.0,2001.0,81.68,7.51,3.91,19134.0,1232.0,61.44,0.25,3.91,18271.0,1228.0,58.67,1.16,4.09,862.0,217.0,2.77,0.67,15.3,1.0,,0.0,,,12007.0,1287.0,38.56,3.31,6.52,,,4.51,1.1,15.3,17778.0,1212.0,46.63,0.83,4.14,9376.0,803.0,52.74,2.73,5.21,1775.0,377.0,9.98,2.01,12.91,4137.0,619.0,23.27,3.1,9.1,483.0,170.0,2.72,0.94,21.4,1757.0,318.0,9.88,1.66,11.0,18271.0,1228.0,47.93,0.65,4.09,0.0,,0.0,,,820.0,225.0,4.49,1.19,16.68,510.0,157.0,2.79,0.84,18.71,492.0,169.0,2.69,0.91,20.88,1848.0,441.0,10.11,2.32,14.51,1164.0,318.0,6.37,1.69,16.61,410.0,205.0,2.24,1.11,30.4,1960.0,361.0,10.73,1.84,11.2,2325.0,439.0,12.73,2.25,11.48,5518.0,650.0,30.2,2.92,7.16,1354.0,350.0,7.41,1.85,15.71,998.0,344.0,5.46,1.85,20.95,872.0,242.0,4.77,1.29,16.87,565.0,188.0,4.09,1.35,20.23,222.0,82.0,1.61,0.59,22.45,786.0,197.0,5.69,1.4,15.24,810.0,217.0,5.86,1.55,16.29,933.0,209.0,6.75,1.48,13.62,1700.0,362.0,12.3,2.55,12.94,1865.0,334.0,13.49,2.33,10.89,2979.0,435.0,21.55,2.98,8.88,1660.0,255.0,12.01,1.76,9.34,2302.0,368.0,16.65,2.54,9.72,10798.0,586.0,78.12,2.13,3.3,4483.0,388.0,32.43,2.36,5.26,3637.0,429.0,26.31,2.85,7.17,501.0,160.0,3.62,1.14,19.41,415.0,134.0,3.0,0.96,19.63,946.0,195.0,6.84,1.37,12.53,35898.0,2392.0,94.18,0.97,4.05,25861.0,1988.0,67.85,2.69,4.67,14592.0,1374.0,38.28,2.58,5.72,2218.0,550.0,5.82,1.39,15.07,18866.0,1490.0,49.49,2.16,4.8,19258.0,1309.0,50.51,0.86,4.13,1901.0,433.0,4.99,1.09,13.85,2315.0,415.0,6.07,1.01,10.9,2365.0,602.0,6.2,1.53,15.47,1791.0,407.0,4.7,1.02,13.81,2015.0,386.0,5.29,0.95,11.65,3697.0,525.0,9.7,1.22,8.63,5077.0,644.0,13.32,1.44,7.71,5313.0,714.0,13.94,1.63,8.17,3041.0,529.0,7.98,1.28,10.57,2988.0,500.0,7.84,1.21,10.17,4861.0,832.0,12.75,2.01,10.4,1771.0,338.0,4.65,0.83,11.6,989.0,245.0,2.59,0.62,15.06,7948.0,1079.0,20.85,2.48,8.25,30176.0,1827.0,79.15,7.08,3.68,7621.0,886.0,19.99,1.92,7.07,2602.0,818.0,6.83,2.1,19.11,13326.0,1275.0,34.95,2.43,5.82,1161.0,653.0,3.05,1.7,34.19,337.0,327.0,0.88,0.86,58.99,18677.0,1699.0,48.99,3.08,5.53,0.0,,0.0,,,2021.0,785.0,5.3,2.03,23.61,6265.0,1508.0,16.43,3.8,14.63,31859.0,2328.0,83.57,2.65,4.44,11524.0,1318.0,30.23,2.83,6.95,614.0,398.0,1.61,1.04,39.4,166.0,187.0,0.44,0.49,68.48,18512.0,1656.0,48.56,2.94,5.44,0.0,,0.0,,,98.0,73.0,0.26,0.19,45.28,945.0,436.0,2.48,1.13,28.05
11365,11365,11365,16361.0,909.0,100,,3.38,5261.0,758.0,32.16,4.27,8.76,10483.0,1391.0,22.58,2.59,8.07,693.0,277.0,6.61,2.49,24.3,463.0,235.0,4.42,2.16,30.85,4214.0,918.0,40.2,6.95,13.24,2737.0,727.0,26.11,6.01,16.15,2376.0,424.0,22.67,2.7,10.85,32872.0,2061.0,70.81,6.47,3.81,3087.0,600.0,9.39,1.73,11.82,1548.0,436.0,4.71,1.29,17.12,7346.0,1121.0,22.35,3.11,9.28,12431.0,1177.0,37.82,2.68,5.76,36367.0,2181.0,78.34,7.02,3.65,815.0,237.0,2.24,0.64,17.68,46424.0,3089.0,100.0,0.0,4.04,4730.0,650.0,10.19,1.23,8.35,10057.0,1494.0,21.66,2.88,9.03,198.0,119.0,1.97,1.15,36.54,28723.0,2024.0,61.87,1.44,4.28,2415.0,593.0,8.41,1.98,14.93,7644.0,870.0,16.47,1.52,6.92,2117.0,397.0,27.69,4.13,11.4,45894.0,2979.0,98.86,9.19,3.95,42182.0,2683.0,91.91,8.35,3.87,3377.0,1092.0,7.36,2.33,19.66,335.0,138.0,0.73,0.3,25.04,46424.0,3089.0,100,,4.04,25508.0,2315.0,54.95,3.39,5.52,24216.0,2281.0,52.16,3.48,5.73,1292.0,436.0,2.78,0.92,20.51,20916.0,1891.0,45.05,2.76,5.5,14298.0,1588.0,68.36,4.41,6.75,6618.0,1255.0,31.64,5.27,11.53,1371.0,296.0,6.55,1.29,13.12,14364.0,1326.0,68.67,1.28,5.61,265.0,181.0,1.27,0.86,41.52,0.0,,0.0,,,4892.0,1551.0,23.39,7.11,19.27,24.0,33.0,0.11,0.16,83.59,43520.0,2817.0,93.74,8.7,3.93,17494.0,1968.0,40.2,3.7,6.84,12986.0,1451.0,29.84,2.72,6.79,6251.0,1750.0,14.36,3.91,17.02,15688.0,908.0,95.89,1.56,3.52,15409.0,918.0,94.18,2.03,3.62,37471.0,2229.0,80.71,7.2,3.62,23011.0,1701.0,61.41,2.69,4.49,21503.0,1619.0,57.39,2.65,4.58,1508.0,567.0,4.02,1.49,22.86,0.0,,0.0,,,14460.0,1622.0,38.59,3.67,6.82,,,6.55,2.42,22.86,20570.0,1462.0,44.31,1.11,4.32,8986.0,1203.0,43.68,4.96,8.14,2098.0,464.0,10.2,2.14,13.44,5924.0,792.0,28.8,3.26,8.13,825.0,281.0,4.01,1.34,20.71,1998.0,555.0,9.71,2.61,16.89,21503.0,1619.0,46.32,1.63,4.58,0.0,,0.0,,,1864.0,432.0,8.67,1.9,14.09,1268.0,360.0,5.9,1.61,17.26,470.0,193.0,2.19,0.88,24.96,2571.0,580.0,11.96,2.54,13.71,1306.0,349.0,6.07,1.56,16.24,444.0,208.0,2.06,0.95,28.48,2019.0,482.0,9.39,2.13,14.51,2119.0,371.0,9.85,1.56,10.64,5805.0,858.0,27.0,3.43,8.99,1302.0,320.0,6.05,1.42,14.94,1615.0,530.0,7.51,2.4,19.95,720.0,224.0,3.35,1.01,18.91,1180.0,393.0,7.21,2.37,20.25,282.0,145.0,1.72,0.88,31.26,1111.0,527.0,6.79,3.2,28.84,956.0,307.0,5.84,1.85,19.52,1645.0,303.0,10.05,1.77,11.2,2478.0,588.0,15.15,3.49,14.42,2057.0,546.0,12.57,3.26,16.14,3072.0,496.0,18.78,2.85,9.82,1708.0,334.0,10.44,1.96,11.89,1872.0,389.0,11.44,2.29,12.63,13083.0,876.0,79.96,2.99,4.07,4645.0,563.0,28.39,3.06,7.37,3419.0,622.0,20.9,3.62,11.06,827.0,286.0,5.05,1.73,21.02,541.0,345.0,3.31,2.1,38.77,2008.0,460.0,12.27,2.73,13.93,44076.0,3042.0,94.94,1.74,4.2,31661.0,2559.0,68.2,3.13,4.91,17535.0,1869.0,37.77,3.15,6.48,2348.0,667.0,5.06,1.4,17.27,21632.0,1533.0,46.6,1.14,4.31,24792.0,2102.0,53.4,2.81,5.15,2904.0,632.0,6.26,1.3,13.23,2215.0,552.0,4.77,1.15,15.15,3406.0,860.0,7.34,1.79,15.35,2780.0,643.0,5.99,1.33,14.06,2247.0,424.0,4.84,0.85,11.47,5178.0,669.0,11.15,1.24,7.85,5890.0,951.0,12.69,1.87,9.82,6051.0,718.0,13.03,1.28,7.21,4607.0,854.0,9.92,1.72,11.27,3502.0,723.0,7.54,1.47,12.55,4179.0,565.0,9.0,1.06,8.22,2703.0,558.0,5.82,1.14,12.55,762.0,266.0,1.64,0.56,21.22,10057.0,1494.0,21.66,2.88,9.03,36367.0,2181.0,78.34,7.02,3.65,7644.0,870.0,16.47,1.52,6.92,4005.0,1698.0,8.63,3.61,25.77,12545.0,1306.0,27.02,2.16,6.33,5461.0,1231.0,11.76,2.53,13.7,49.0,73.0,0.11,0.16,90.57,20069.0,1713.0,43.23,2.31,5.19,0.0,,0.0,,,4295.0,1523.0,9.25,3.22,21.56,9859.0,2417.0,21.24,5.01,14.9,36565.0,2364.0,78.76,7.31,3.93,10303.0,1313.0,22.19,2.41,7.75,5180.0,1251.0,11.16,2.59,14.68,49.0,73.0,0.11,0.16,90.57,19985.0,1698.0,43.05,2.27,5.16,0.0,,0.0,,,176.0,183.0,0.38,0.39,63.21,872.0,399.0,1.88,0.85,27.82
11366,11366,11366,4640.0,443.0,100,,5.8,1202.0,198.0,25.91,3.48,10.01,3290.0,436.0,24.09,2.39,8.06,240.0,89.0,7.29,2.53,22.54,101.0,72.0,3.07,2.15,43.34,1088.0,186.0,33.07,3.57,10.39,516.0,153.0,15.68,4.16,18.03,1345.0,362.0,40.88,9.58,16.36,9789.0,915.0,71.67,2.3,5.68,802.0,262.0,8.19,2.56,19.86,511.0,185.0,5.22,1.83,22.01,1673.0,304.0,17.09,2.66,11.05,5073.0,737.0,51.82,5.76,8.83,11124.0,1016.0,81.44,2.05,5.55,273.0,126.0,2.45,1.11,28.06,13538.0,1199.0,99.11,1.17,5.38,1575.0,299.0,11.63,1.95,11.54,2530.0,328.0,18.52,1.77,7.88,97.0,84.0,3.83,3.28,52.64,8352.0,946.0,61.15,4.38,6.89,594.0,213.0,7.11,2.42,21.8,2656.0,334.0,19.45,1.75,7.64,884.0,183.0,33.28,5.47,12.58,13555.0,1196.0,99.24,0.89,5.36,12867.0,1166.0,94.92,1.96,5.51,597.0,239.0,4.4,1.72,24.34,91.0,107.0,0.67,0.79,71.48,13659.0,1199.0,100,,5.34,7191.0,644.0,52.65,0.93,5.44,6952.0,639.0,50.9,1.39,5.59,239.0,118.0,1.75,0.85,30.01,6468.0,851.0,47.35,4.64,8.0,4793.0,672.0,74.1,3.59,8.52,1675.0,534.0,25.9,7.52,19.38,377.0,115.0,5.83,1.6,18.54,4614.0,749.0,71.34,6.78,9.87,255.0,167.0,3.94,2.53,39.81,0.0,,0.0,,,1179.0,460.0,18.23,6.7,23.72,43.0,52.0,0.66,0.8,73.51,12827.0,1127.0,93.91,0.35,5.34,4342.0,577.0,33.85,3.37,8.08,3575.0,625.0,27.87,4.21,10.63,1536.0,507.0,11.97,3.81,20.07,4472.0,443.0,96.38,2.55,6.02,4362.0,447.0,94.01,3.5,6.23,11426.0,1044.0,83.65,2.12,5.55,7040.0,829.0,61.61,4.58,7.16,6683.0,846.0,58.49,5.12,7.7,357.0,144.0,3.12,1.23,24.52,0.0,,0.0,,,4386.0,451.0,38.39,1.81,6.25,,,5.07,1.96,24.52,6525.0,827.0,47.77,4.37,7.7,2401.0,384.0,36.8,3.59,9.72,482.0,180.0,7.39,2.59,22.7,2031.0,382.0,31.13,4.33,11.43,242.0,100.0,3.71,1.46,25.12,1158.0,473.0,17.75,6.89,24.83,6683.0,846.0,48.93,4.46,7.7,0.0,,0.0,,,439.0,207.0,6.57,2.98,28.66,411.0,203.0,6.15,2.94,30.03,393.0,118.0,5.88,1.6,18.25,726.0,225.0,10.86,3.07,18.84,285.0,101.0,4.26,1.41,21.54,234.0,122.0,3.5,1.77,31.69,549.0,156.0,8.21,2.09,17.27,883.0,374.0,13.21,5.34,25.75,1821.0,524.0,27.25,7.04,17.49,389.0,194.0,5.82,2.81,30.32,300.0,101.0,4.49,1.4,20.47,253.0,109.0,3.79,1.56,26.19,170.0,101.0,3.66,2.15,36.12,68.0,45.0,1.47,0.96,40.23,119.0,69.0,2.56,1.47,35.25,234.0,92.0,5.04,1.92,23.9,301.0,104.0,6.49,2.15,21.0,566.0,157.0,12.2,3.18,16.86,634.0,155.0,13.66,3.08,14.86,1110.0,352.0,23.92,7.23,19.28,755.0,249.0,16.27,5.14,20.05,683.0,150.0,14.72,2.91,13.35,3765.0,426.0,81.14,4.93,6.88,1955.0,389.0,42.13,7.36,12.1,1441.0,229.0,31.06,3.95,9.66,188.0,89.0,4.05,1.88,28.78,168.0,76.0,3.62,1.6,27.5,378.0,129.0,8.15,2.67,20.75,12586.0,1131.0,92.97,1.41,5.46,9505.0,1125.0,70.21,5.51,7.2,5088.0,543.0,37.58,2.24,6.49,952.0,339.0,7.03,2.43,21.65,7045.0,867.0,51.58,4.45,7.48,6614.0,591.0,48.42,0.81,5.43,832.0,223.0,6.09,1.54,16.29,594.0,124.0,4.35,0.82,12.69,754.0,179.0,5.52,1.22,14.43,518.0,155.0,3.79,1.08,18.19,1172.0,294.0,8.58,2.02,15.25,1552.0,367.0,11.36,2.49,14.38,1639.0,413.0,12.0,2.83,15.32,1473.0,290.0,10.78,1.9,11.97,1317.0,322.0,9.64,2.2,14.86,1072.0,283.0,7.85,1.95,16.05,1495.0,249.0,10.95,1.55,10.12,914.0,190.0,6.69,1.26,12.64,327.0,126.0,2.39,0.9,23.42,2535.0,329.0,18.56,1.77,7.89,11124.0,1016.0,81.44,2.05,5.55,2736.0,337.0,20.03,1.73,7.49,711.0,441.0,5.21,3.2,37.71,4965.0,634.0,36.35,3.37,7.76,738.0,274.0,5.4,1.95,22.57,0.0,,0.0,,,5781.0,775.0,42.32,4.29,8.15,0.0,,0.0,,,1464.0,569.0,10.72,4.06,23.63,1912.0,576.0,14.0,4.03,18.31,11747.0,1148.0,86.0,3.69,5.94,4626.0,632.0,33.87,3.55,8.31,665.0,260.0,4.87,1.85,23.77,0.0,,0.0,,,5781.0,775.0,42.32,4.29,8.15,0.0,,0.0,,,185.0,165.0,1.35,1.2,54.22,490.0,416.0,3.59,3.03,51.61
11367,11367,11367,14647.0,666.0,100,,2.76,4795.0,608.0,32.74,3.87,7.71,12705.0,1293.0,29.35,2.43,6.19,1446.0,377.0,11.38,2.73,15.85,684.0,333.0,5.38,2.56,29.6,4179.0,744.0,32.89,4.8,10.82,1752.0,403.0,13.79,2.84,13.98,4644.0,584.0,36.55,2.7,7.64,28346.0,1932.0,65.49,2.24,4.14,2704.0,542.0,9.54,1.8,12.19,1601.0,503.0,5.65,1.73,19.1,6487.0,981.0,22.89,3.09,9.19,12528.0,1305.0,44.2,3.48,6.33,32671.0,2025.0,75.48,1.44,3.77,631.0,240.0,1.93,0.72,23.12,43278.0,2553.0,99.98,0.11,3.59,4262.0,680.0,9.85,1.46,9.7,10614.0,1160.0,24.52,2.26,6.64,323.0,159.0,3.04,1.46,29.92,25077.0,1670.0,57.93,1.79,4.05,1575.0,381.0,6.28,1.46,14.71,7587.0,1080.0,17.53,2.27,8.65,2364.0,546.0,31.16,5.67,14.04,42585.0,2581.0,98.38,1.37,3.68,39363.0,2628.0,92.43,2.59,4.06,2799.0,490.0,6.57,1.08,10.64,423.0,270.0,0.99,0.63,38.8,43286.0,2553.0,100,,3.59,24969.0,1749.0,57.68,2.18,4.26,24098.0,1757.0,55.67,2.39,4.43,871.0,245.0,2.01,0.55,17.1,18317.0,1713.0,42.32,3.07,5.69,12164.0,1395.0,66.41,4.41,6.97,6153.0,1067.0,33.59,4.91,10.54,2347.0,673.0,12.81,3.47,17.43,10803.0,1356.0,58.98,4.94,7.63,439.0,279.0,2.4,1.51,38.63,0.0,,0.0,,,4662.0,927.0,25.45,4.47,12.09,66.0,48.0,0.36,0.26,44.21,39472.0,2388.0,91.19,1.23,3.68,15482.0,1557.0,39.22,3.15,6.11,11591.0,1496.0,29.37,3.35,7.85,6003.0,1250.0,15.21,3.03,12.66,13573.0,715.0,92.67,2.46,3.2,12848.0,702.0,87.72,2.66,3.32,33534.0,2057.0,77.47,1.31,3.73,21068.0,1361.0,62.83,1.27,3.93,19888.0,1273.0,59.31,1.08,3.89,1180.0,314.0,3.52,0.91,16.18,0.0,,0.0,,,12466.0,1244.0,37.17,2.93,6.07,,,5.6,1.45,16.18,19185.0,1248.0,44.32,1.22,3.95,6915.0,593.0,36.04,2.01,5.21,1382.0,333.0,7.2,1.67,14.65,7452.0,756.0,38.84,3.02,6.17,1219.0,316.0,6.35,1.59,15.76,1961.0,399.0,10.22,1.97,12.37,19888.0,1273.0,45.95,1.14,3.89,10.0,18.0,0.05,0.09,109.42,1381.0,524.0,6.94,2.6,23.07,340.0,158.0,1.71,0.79,28.25,421.0,178.0,2.12,0.88,25.7,1522.0,327.0,7.65,1.57,13.06,1308.0,325.0,6.58,1.58,15.1,307.0,144.0,1.54,0.72,28.51,1617.0,316.0,8.13,1.5,11.88,3145.0,477.0,15.81,2.17,9.22,6444.0,810.0,32.4,3.51,7.64,1437.0,361.0,7.23,1.76,15.27,1514.0,408.0,7.61,1.99,16.38,442.0,146.0,2.22,0.72,20.08,858.0,235.0,5.86,1.58,16.65,594.0,179.0,4.06,1.21,18.32,1327.0,328.0,9.06,2.2,15.03,1313.0,459.0,8.96,3.11,21.25,1309.0,348.0,8.94,2.34,16.16,1779.0,406.0,12.15,2.72,13.87,1588.0,281.0,10.84,1.85,10.76,2322.0,434.0,15.85,2.87,11.36,1643.0,312.0,11.22,2.07,11.54,1914.0,417.0,13.07,2.78,13.24,12012.0,718.0,82.01,3.18,3.63,4465.0,471.0,30.48,2.9,6.41,2834.0,457.0,19.35,2.99,9.8,692.0,199.0,4.72,1.34,17.48,575.0,178.0,3.93,1.2,18.82,3002.0,512.0,20.5,3.37,10.37,40801.0,2395.0,94.28,7.85,3.57,25493.0,1881.0,58.91,2.61,4.49,19601.0,1817.0,45.29,3.24,5.64,2477.0,772.0,5.72,1.75,18.95,20481.0,1419.0,47.32,1.72,4.21,22805.0,1695.0,52.68,2.38,4.52,3814.0,656.0,8.81,1.42,10.46,2756.0,518.0,6.37,1.14,11.43,2677.0,605.0,6.18,1.35,13.74,2884.0,504.0,6.66,1.1,10.62,2809.0,478.0,6.49,1.04,10.34,5702.0,727.0,13.17,1.49,7.75,4894.0,660.0,11.31,1.37,8.2,5250.0,709.0,12.13,1.47,8.21,2052.0,428.0,4.74,0.95,12.68,2857.0,412.0,6.6,0.87,8.77,4097.0,578.0,9.46,1.21,8.58,2324.0,469.0,5.37,1.04,12.27,1170.0,477.0,2.7,1.09,24.78,10615.0,1160.0,24.52,2.26,6.64,32671.0,2025.0,75.48,1.44,3.77,7591.0,1081.0,17.54,2.27,8.66,2715.0,808.0,6.27,1.83,18.09,20538.0,2075.0,47.45,3.89,6.14,3686.0,986.0,8.52,2.22,16.26,123.0,99.0,0.28,0.23,48.93,11826.0,1336.0,27.32,2.63,6.87,0.0,,0.0,,,4398.0,1003.0,10.16,2.24,13.86,7987.0,1444.0,18.45,3.15,10.99,35299.0,2597.0,81.55,3.59,4.47,18456.0,2068.0,42.64,4.06,6.81,3000.0,823.0,6.93,1.86,16.68,86.0,88.0,0.2,0.2,62.2,11826.0,1336.0,27.32,2.63,6.87,0.0,,0.0,,,544.0,341.0,1.26,0.78,38.11,1387.0,537.0,3.2,1.23,23.54
11368,11368,11368,30123.0,987.0,100,,1.99,12503.0,770.0,41.51,2.16,3.74,29181.0,1927.0,25.88,1.41,4.01,2115.0,452.0,7.25,1.47,12.99,1420.0,340.0,4.87,1.12,14.56,12000.0,991.0,41.12,2.04,5.02,6414.0,858.0,21.98,2.56,8.13,7232.0,819.0,24.78,2.28,6.88,75326.0,2831.0,66.81,0.43,2.28,19519.0,1774.0,25.91,2.14,5.52,7299.0,842.0,9.69,1.06,7.01,24105.0,1731.0,32.0,1.96,4.37,10284.0,1110.0,13.65,1.38,6.56,84773.0,3112.0,75.19,3.92,2.23,1051.0,374.0,1.24,0.44,21.63,112353.0,4176.0,99.65,0.31,2.26,10859.0,1059.0,9.67,0.87,5.93,27963.0,1903.0,24.8,1.42,4.14,1184.0,336.0,4.23,1.17,17.25,72829.0,3088.0,64.59,1.33,2.58,4968.0,629.0,6.82,0.81,7.7,11561.0,982.0,10.25,0.78,5.16,4707.0,588.0,40.71,3.73,7.59,111268.0,4075.0,98.69,5.14,2.23,103107.0,3775.0,92.67,4.8,2.23,6429.0,1287.0,5.78,1.14,12.17,1732.0,827.0,1.56,0.74,29.03,112750.0,4176.0,100,,2.25,44717.0,2243.0,39.66,1.34,3.05,42979.0,2198.0,38.12,1.34,3.11,1738.0,436.0,1.54,0.38,15.25,68033.0,3146.0,60.34,1.67,2.81,24318.0,1729.0,35.74,1.93,4.32,43715.0,2835.0,64.26,2.92,3.94,989.0,358.0,1.45,0.52,22.0,10155.0,1523.0,14.93,2.13,9.12,2034.0,816.0,2.99,1.19,24.39,0.0,,0.0,,,54818.0,3053.0,80.58,2.5,3.39,37.0,45.0,0.05,0.07,73.93,104856.0,3818.0,93.0,4.83,2.21,15305.0,1344.0,14.6,1.17,5.34,54383.0,2619.0,51.86,1.63,2.93,74471.0,3542.0,71.02,2.17,2.89,28566.0,1047.0,94.83,1.56,2.23,24602.0,958.0,81.67,1.72,2.37,88143.0,3255.0,78.18,4.09,2.24,59356.0,2740.0,67.34,1.87,2.81,56203.0,2770.0,63.76,2.08,3.0,3141.0,538.0,3.56,0.6,10.41,12.0,18.0,0.01,0.02,91.19,28787.0,1710.0,32.66,1.52,3.61,,,5.29,0.87,10.41,54596.0,2811.0,48.42,1.73,3.13,8850.0,842.0,16.21,1.3,5.78,2639.0,588.0,4.83,1.05,13.54,34927.0,2308.0,63.97,2.65,4.02,4809.0,870.0,8.81,1.53,11.0,1817.0,362.0,3.33,0.64,12.11,56203.0,2770.0,49.85,1.62,3.0,53.0,43.0,0.09,0.08,49.32,10113.0,939.0,17.99,1.42,5.64,2040.0,389.0,3.63,0.67,11.59,711.0,215.0,1.27,0.38,18.38,5983.0,852.0,10.65,1.42,8.66,3964.0,618.0,7.05,1.04,9.48,611.0,198.0,1.09,0.35,19.7,2031.0,368.0,3.61,0.63,11.01,4781.0,724.0,8.51,1.22,9.21,8657.0,882.0,15.4,1.37,6.19,11669.0,1387.0,20.76,2.25,7.23,4495.0,635.0,8.0,1.06,8.59,1095.0,326.0,1.95,0.57,18.1,1108.0,241.0,3.68,0.79,13.22,1405.0,433.0,4.66,1.43,18.73,2635.0,569.0,8.75,1.87,13.13,2456.0,545.0,8.15,1.79,13.49,2953.0,576.0,9.8,1.88,11.86,5759.0,724.0,19.12,2.32,7.64,4531.0,633.0,15.04,2.04,8.49,5035.0,678.0,16.71,2.18,8.19,2218.0,376.0,7.36,1.22,10.31,2023.0,463.0,6.72,1.52,13.91,25495.0,982.0,84.64,1.71,2.34,6899.0,788.0,22.9,2.51,6.94,3408.0,540.0,11.31,1.75,9.63,2650.0,616.0,8.8,2.02,14.13,1474.0,278.0,4.89,0.91,11.47,8109.0,810.0,26.92,2.54,6.07,86058.0,3695.0,76.6,1.65,2.61,43751.0,2924.0,38.94,2.16,4.06,56567.0,2777.0,50.35,1.61,2.98,26295.0,2273.0,23.4,1.83,5.25,59755.0,2824.0,53.0,1.56,2.87,52995.0,2165.0,47.0,0.81,2.48,7894.0,981.0,7.0,0.83,7.55,7310.0,901.0,6.48,0.76,7.49,8072.0,859.0,7.16,0.71,6.47,7377.0,838.0,6.54,0.7,6.91,6771.0,665.0,6.01,0.55,5.97,19739.0,1566.0,17.51,1.23,4.82,17852.0,1229.0,15.83,0.92,4.19,15324.0,1306.0,13.59,1.04,5.18,5932.0,847.0,5.26,0.73,8.68,4651.0,584.0,4.13,0.49,7.63,6873.0,869.0,6.1,0.74,7.69,3547.0,478.0,3.15,0.41,8.19,1408.0,346.0,1.25,0.3,14.94,27965.0,1903.0,24.8,1.42,4.14,84785.0,3114.0,75.2,3.92,2.23,11828.0,989.0,10.49,0.79,5.08,12384.0,2371.0,10.98,2.06,11.64,24335.0,2762.0,21.58,2.32,6.9,10571.0,1679.0,9.38,1.45,9.66,902.0,430.0,0.8,0.38,28.98,13429.0,1855.0,11.91,1.58,8.4,0.0,,0.0,,,51129.0,3945.0,45.35,3.07,4.69,85529.0,3911.0,75.86,2.03,2.78,27221.0,2238.0,24.14,1.77,5.0,5004.0,1080.0,4.44,0.94,13.12,8372.0,1588.0,7.43,1.38,11.53,143.0,120.0,0.13,0.11,51.01,12633.0,1788.0,11.2,1.53,8.6,0.0,,0.0,,,518.0,324.0,0.46,0.29,38.02,551.0,315.0,0.49,0.28,34.75
11369,11369,"11369, 11371",9736.0,636.0,100,,3.97,2990.0,345.0,30.71,2.92,7.01,7393.0,800.0,22.98,1.95,6.58,279.0,143.0,3.77,1.89,31.16,155.0,79.0,2.1,1.04,30.98,3018.0,571.0,40.82,6.34,11.5,1805.0,340.0,24.41,3.76,11.45,2136.0,333.0,28.89,3.24,9.48,23134.0,1580.0,71.9,0.84,4.15,2602.0,396.0,11.25,1.53,9.25,2255.0,411.0,9.75,1.65,11.08,7985.0,785.0,34.52,2.44,5.98,5019.0,612.0,21.7,2.19,7.41,25805.0,1689.0,80.2,7.53,3.98,455.0,129.0,1.76,0.49,17.24,31756.0,2161.0,98.69,1.0,4.14,3284.0,457.0,10.34,1.26,8.46,6357.0,867.0,19.76,2.34,8.29,99.0,77.0,1.56,1.19,47.28,20562.0,1464.0,63.9,1.49,4.33,1575.0,277.0,7.66,1.23,10.69,4837.0,577.0,15.03,1.48,7.25,1610.0,346.0,33.29,5.95,13.06,31934.0,2162.0,99.24,0.75,4.12,29748.0,2104.0,93.15,1.91,4.3,2019.0,457.0,6.32,1.37,13.76,167.0,86.0,0.52,0.27,31.31,32177.0,2165.0,100,,4.09,14792.0,1109.0,45.97,1.52,4.56,14352.0,1110.0,44.6,1.7,4.7,440.0,154.0,1.37,0.47,21.28,17385.0,1505.0,54.03,2.94,5.26,9893.0,878.0,56.91,1.11,5.4,7492.0,1120.0,43.09,5.25,9.09,594.0,288.0,3.42,1.63,29.47,3469.0,709.0,19.95,3.69,12.42,479.0,208.0,2.76,1.17,26.4,0.0,,0.0,,,12835.0,1310.0,73.83,3.99,6.2,8.0,18.0,0.05,0.1,136.78,30749.0,2034.0,95.56,9.02,4.02,8424.0,957.0,27.4,2.53,6.91,11923.0,1226.0,38.78,3.05,6.25,17142.0,1778.0,55.75,4.45,6.31,9294.0,634.0,95.46,1.88,4.15,8685.0,592.0,89.21,1.74,4.14,26678.0,1761.0,82.91,7.81,4.01,15983.0,1275.0,59.91,2.68,4.85,14694.0,1145.0,55.08,2.28,4.74,1278.0,306.0,4.79,1.1,14.56,11.0,21.0,0.04,0.08,116.05,10695.0,941.0,40.09,2.33,5.35,,,8.0,1.81,14.56,13624.0,1041.0,42.34,1.53,4.64,4103.0,397.0,30.12,1.79,5.88,621.0,169.0,4.56,1.19,16.54,7096.0,817.0,52.08,4.49,7.0,584.0,205.0,4.29,1.47,21.34,840.0,281.0,6.17,2.01,20.34,14694.0,1145.0,45.67,1.79,4.74,19.0,26.0,0.13,0.18,83.19,1963.0,375.0,13.36,2.33,11.61,380.0,168.0,2.59,1.13,26.88,138.0,65.0,0.94,0.44,28.63,1761.0,340.0,11.98,2.12,11.74,1264.0,267.0,8.6,1.69,12.84,301.0,207.0,2.05,1.4,41.81,641.0,164.0,4.36,1.06,15.55,1334.0,290.0,9.08,1.84,13.22,3627.0,627.0,24.68,3.81,10.51,1894.0,341.0,12.89,2.09,10.94,948.0,213.0,6.45,1.36,13.66,424.0,147.0,2.89,0.97,21.08,456.0,183.0,4.68,1.85,24.4,434.0,163.0,4.46,1.65,22.83,483.0,170.0,4.96,1.72,21.4,728.0,181.0,7.48,1.79,15.11,1002.0,253.0,10.29,2.51,15.35,2005.0,337.0,20.59,3.19,10.22,1122.0,240.0,11.52,2.35,13.0,2046.0,459.0,21.01,4.51,13.64,798.0,137.0,8.2,1.3,10.44,662.0,158.0,6.8,1.56,14.51,8096.0,634.0,83.16,3.59,4.76,3123.0,342.0,32.08,2.82,6.66,1740.0,297.0,17.87,2.82,10.38,512.0,118.0,5.26,1.16,14.01,342.0,94.0,3.51,0.94,16.71,1691.0,292.0,17.37,2.78,10.5,27641.0,1775.0,87.04,8.14,3.9,16993.0,1205.0,53.51,1.07,4.31,14197.0,1403.0,44.71,3.2,6.01,4115.0,962.0,12.96,2.9,14.21,16527.0,1267.0,51.36,1.89,4.66,15650.0,1160.0,48.64,1.51,4.51,1428.0,336.0,4.44,1.0,14.3,1648.0,349.0,5.12,1.03,12.87,1876.0,425.0,5.83,1.26,13.77,2167.0,363.0,6.73,1.03,10.18,1924.0,279.0,5.98,0.77,8.82,4979.0,641.0,15.47,1.7,7.83,4163.0,563.0,12.94,1.52,8.22,4319.0,513.0,13.42,1.31,7.22,2518.0,443.0,7.83,1.27,10.7,2015.0,296.0,6.26,0.82,8.93,3127.0,508.0,9.72,1.44,9.88,1408.0,320.0,4.38,0.95,13.82,605.0,165.0,1.88,0.5,16.58,6361.0,867.0,19.77,2.34,8.29,25816.0,1693.0,80.23,7.54,3.99,5140.0,577.0,15.97,1.44,6.82,3360.0,751.0,10.44,2.23,13.59,5975.0,945.0,18.57,2.66,9.61,5653.0,784.0,17.57,2.13,8.43,252.0,164.0,0.78,0.51,39.56,4781.0,918.0,14.86,2.67,11.67,6.0,18.0,0.02,0.06,182.37,12150.0,1579.0,37.76,4.2,7.9,18881.0,1881.0,58.68,4.31,6.06,13296.0,1186.0,41.32,2.42,5.42,2463.0,583.0,7.65,1.74,14.39,5234.0,763.0,16.27,2.1,8.86,32.0,48.0,0.1,0.15,91.19,4779.0,917.0,14.85,2.67,11.66,6.0,18.0,0.02,0.06,182.37,83.0,88.0,0.26,0.27,64.45,699.0,321.0,2.17,0.99,27.92
11370,11370,11370,8140.0,550.0,100,,4.11,2081.0,341.0,25.57,3.82,9.96,5457.0,929.0,19.38,3.05,10.35,512.0,261.0,9.38,4.51,30.99,175.0,103.0,3.21,1.81,35.78,2029.0,498.0,37.18,6.57,14.92,1059.0,261.0,19.41,3.46,14.98,1682.0,359.0,30.82,3.97,12.97,21254.0,1400.0,75.47,0.86,4.0,2512.0,518.0,11.82,2.31,12.54,2740.0,470.0,12.89,2.04,10.43,7251.0,763.0,34.12,2.8,6.4,5287.0,603.0,24.88,2.32,6.93,23667.0,1569.0,84.03,1.15,4.03,424.0,203.0,1.79,0.85,29.1,23714.0,1755.0,84.2,3.0,4.5,2230.0,347.0,9.4,1.29,9.46,4439.0,801.0,15.76,2.65,10.97,79.0,65.0,1.78,1.43,50.02,15226.0,1356.0,54.06,3.3,5.41,929.0,254.0,6.1,1.58,16.62,4049.0,564.0,14.38,1.77,8.47,1222.0,282.0,30.18,5.55,14.03,28083.0,1822.0,99.71,0.11,3.94,24389.0,1751.0,86.85,2.67,4.36,3563.0,738.0,12.69,2.5,12.59,131.0,71.0,0.47,0.25,32.95,28164.0,1827.0,100,,3.94,15549.0,1244.0,55.21,2.59,4.86,14742.0,1185.0,52.34,2.48,4.89,807.0,266.0,2.87,0.93,20.04,12615.0,1088.0,44.79,2.55,5.24,7867.0,904.0,62.36,4.74,6.99,4748.0,667.0,37.64,4.17,8.54,1374.0,326.0,10.89,2.41,14.42,4757.0,778.0,37.71,5.24,9.94,408.0,486.0,3.23,3.84,72.41,0.0,,0.0,,,6052.0,885.0,47.97,5.67,8.89,24.0,46.0,0.19,0.36,116.51,26885.0,1806.0,95.46,1.67,4.08,9951.0,1075.0,37.01,3.13,6.57,8974.0,952.0,33.38,2.74,6.45,8648.0,1113.0,32.17,3.53,7.82,7467.0,539.0,91.73,2.33,4.39,7379.0,528.0,90.65,2.13,4.35,24152.0,1577.0,85.75,0.64,3.97,11725.0,1086.0,48.55,3.19,5.63,10571.0,959.0,43.77,2.76,5.51,1154.0,462.0,4.78,1.89,24.34,0.0,,0.0,,,12427.0,950.0,51.45,2.05,4.65,,,9.84,3.83,24.34,9595.0,975.0,34.07,2.66,6.18,2965.0,541.0,30.9,4.68,11.09,617.0,192.0,6.43,1.89,18.92,4117.0,550.0,42.91,3.72,8.12,458.0,176.0,4.77,1.77,23.36,1160.0,321.0,12.09,3.11,16.82,10571.0,959.0,37.53,2.38,5.51,0.0,,0.0,,,909.0,247.0,8.6,2.2,16.52,326.0,142.0,3.08,1.31,26.48,300.0,132.0,2.84,1.22,26.75,1166.0,312.0,11.03,2.78,16.27,1038.0,322.0,9.82,2.91,18.86,340.0,149.0,3.22,1.38,26.64,647.0,187.0,6.12,1.68,17.57,1376.0,307.0,13.02,2.65,13.56,2231.0,485.0,21.1,4.17,13.22,1012.0,191.0,9.57,1.58,11.47,645.0,183.0,6.1,1.64,17.25,581.0,258.0,5.5,2.39,26.99,414.0,172.0,5.09,2.08,25.26,232.0,165.0,2.85,2.02,43.23,681.0,233.0,8.37,2.81,20.8,586.0,190.0,7.2,2.28,19.71,771.0,277.0,9.47,3.34,21.84,1539.0,298.0,18.91,3.43,11.77,866.0,215.0,10.64,2.54,15.09,1558.0,383.0,19.14,4.52,14.94,708.0,175.0,8.7,2.07,15.03,785.0,188.0,9.64,2.22,14.56,6069.0,515.0,74.56,3.83,5.16,2674.0,361.0,32.85,3.84,8.21,1731.0,358.0,21.27,4.16,12.57,559.0,162.0,6.87,1.94,17.62,295.0,126.0,3.62,1.53,25.96,1022.0,297.0,12.56,3.55,17.67,21925.0,1623.0,92.46,0.15,4.5,13991.0,1549.0,59.0,4.86,6.73,10479.0,1329.0,44.19,4.55,7.71,1789.0,512.0,7.54,2.09,17.4,15965.0,1299.0,56.69,2.78,4.95,12199.0,1013.0,43.31,2.25,5.05,1279.0,343.0,4.54,1.18,16.3,1259.0,339.0,4.47,1.17,16.37,1225.0,322.0,4.35,1.11,15.98,1573.0,339.0,5.59,1.15,13.1,1574.0,302.0,5.59,1.01,11.66,5090.0,783.0,18.07,2.52,9.35,4751.0,561.0,16.87,1.66,7.18,3859.0,502.0,13.7,1.54,7.91,1830.0,397.0,6.5,1.35,13.19,1644.0,384.0,5.84,1.31,14.2,2153.0,415.0,7.64,1.39,11.72,1089.0,238.0,3.87,0.81,13.29,838.0,251.0,2.98,0.87,18.21,4497.0,811.0,15.97,2.69,10.96,23667.0,1569.0,84.03,1.15,4.03,4080.0,565.0,14.49,1.77,8.42,2376.0,746.0,8.44,2.59,19.09,10509.0,1432.0,37.31,4.47,8.28,3191.0,767.0,11.33,2.62,14.61,410.0,348.0,1.46,1.23,51.6,6920.0,1293.0,24.57,4.31,11.36,20.0,30.0,0.07,0.11,91.19,4738.0,950.0,16.82,3.19,12.19,10700.0,1210.0,37.99,3.52,6.87,17464.0,1618.0,62.01,4.1,5.63,7001.0,1337.0,24.86,4.46,11.61,2992.0,775.0,10.62,2.66,15.75,113.0,125.0,0.4,0.44,67.25,6912.0,1291.0,24.54,4.3,11.35,0.0,,0.0,,,55.0,44.0,0.2,0.16,48.63,391.0,203.0,1.39,0.72,31.56
11372,11372,11372,25359.0,1098.0,100,,2.63,6860.0,875.0,27.05,3.25,7.75,13642.0,1420.0,20.36,1.81,6.33,888.0,376.0,6.51,2.67,25.74,774.0,462.0,5.67,3.33,36.29,5831.0,824.0,42.74,4.09,8.59,2216.0,542.0,16.24,3.6,14.87,3933.0,604.0,28.83,3.26,9.34,50209.0,2444.0,74.94,5.45,2.96,5897.0,916.0,11.74,1.73,9.44,3468.0,691.0,6.91,1.33,12.11,14064.0,1604.0,28.01,2.89,6.93,17144.0,1442.0,34.15,2.34,5.11,54164.0,2512.0,80.84,5.76,2.82,703.0,231.0,1.3,0.42,19.98,66747.0,3622.0,99.62,0.47,3.3,7212.0,900.0,10.8,1.21,7.59,12837.0,1775.0,19.16,2.44,8.41,360.0,211.0,2.8,1.6,35.63,43895.0,2304.0,65.51,4.94,3.19,3453.0,616.0,7.87,1.34,10.84,10015.0,875.0,14.95,1.03,5.31,3399.0,579.0,33.94,4.96,10.36,66158.0,3473.0,98.74,7.44,3.19,61627.0,3329.0,93.15,1.19,3.28,4046.0,981.0,6.12,1.45,14.74,485.0,215.0,0.73,0.32,26.95,67001.0,3622.0,100,,3.29,27748.0,2082.0,41.41,2.15,4.56,26002.0,2104.0,38.81,2.34,4.92,1746.0,438.0,2.61,0.64,15.25,39253.0,2649.0,58.59,2.37,4.1,18939.0,1807.0,48.25,3.25,5.8,20314.0,2183.0,51.75,4.33,6.53,3305.0,979.0,8.42,2.43,18.01,11048.0,1273.0,28.15,2.63,7.0,960.0,760.0,2.45,1.93,48.13,21.0,27.0,0.05,0.07,78.16,23595.0,2297.0,60.11,4.22,5.92,324.0,342.0,0.83,0.87,64.17,63195.0,3212.0,94.32,7.0,3.09,14777.0,1543.0,23.38,2.13,6.35,26873.0,2193.0,42.52,2.71,4.96,31019.0,2544.0,49.08,3.16,4.99,24314.0,1103.0,95.88,1.3,2.76,22478.0,996.0,88.64,0.83,2.69,55503.0,2570.0,82.84,5.9,2.81,37752.0,2139.0,68.02,2.22,3.44,34420.0,2062.0,62.01,2.36,3.64,3332.0,688.0,6.0,1.21,12.55,0.0,,0.0,,,17751.0,1404.0,31.98,2.05,4.81,,,8.83,1.75,12.55,33471.0,2079.0,49.96,1.53,3.78,5231.0,787.0,15.63,2.14,9.15,1906.0,800.0,5.69,2.36,25.52,17563.0,1373.0,52.47,2.49,4.75,3120.0,549.0,9.32,1.53,10.7,4229.0,874.0,12.63,2.49,12.56,34420.0,2062.0,51.37,1.33,3.64,112.0,116.0,0.33,0.34,62.96,2845.0,587.0,8.27,1.63,12.54,1128.0,387.0,3.28,1.11,20.86,467.0,203.0,1.36,0.58,26.42,3116.0,542.0,9.05,1.48,10.57,2964.0,684.0,8.61,1.92,14.03,796.0,217.0,2.31,0.62,16.57,2084.0,498.0,6.05,1.4,14.53,5202.0,803.0,15.11,2.15,9.38,7376.0,859.0,21.43,2.14,7.08,5201.0,857.0,15.11,2.32,10.02,2100.0,394.0,6.1,1.08,11.41,1029.0,292.0,2.99,0.83,17.25,837.0,259.0,3.3,1.01,18.81,1119.0,279.0,4.41,1.08,15.16,2088.0,497.0,8.23,1.93,14.47,2041.0,380.0,8.05,1.46,11.32,2729.0,555.0,10.76,2.14,12.36,4195.0,713.0,16.54,2.72,10.33,3298.0,567.0,13.01,2.16,10.45,4108.0,682.0,16.2,2.6,10.09,2428.0,470.0,9.57,1.81,11.77,2516.0,455.0,9.92,1.74,10.99,21223.0,1088.0,83.69,2.3,3.12,6727.0,639.0,26.53,2.24,5.77,4535.0,572.0,17.88,2.12,7.67,1035.0,306.0,4.08,1.19,17.97,1042.0,345.0,4.11,1.35,20.13,4076.0,637.0,16.07,2.41,9.5,59378.0,3498.0,88.96,2.04,3.58,32170.0,2217.0,48.2,2.05,4.19,33247.0,2665.0,49.81,2.94,4.87,7369.0,1147.0,11.04,1.61,9.46,33940.0,2477.0,50.66,2.48,4.44,33061.0,1934.0,49.34,1.1,3.56,3806.0,917.0,5.68,1.33,14.65,3812.0,797.0,5.69,1.15,12.71,3443.0,650.0,5.14,0.93,11.48,2641.0,705.0,3.94,1.03,16.23,3090.0,523.0,4.61,0.74,10.29,9548.0,962.0,14.25,1.21,6.12,11605.0,1284.0,17.32,1.67,6.73,9979.0,1011.0,14.89,1.28,6.16,5125.0,695.0,7.65,0.95,8.24,3709.0,553.0,5.54,0.77,9.06,6396.0,814.0,9.55,1.1,7.74,2985.0,521.0,4.46,0.74,10.61,862.0,221.0,1.29,0.32,15.59,12837.0,1775.0,19.16,2.44,8.41,54164.0,2512.0,80.84,5.76,2.82,10243.0,876.0,15.29,1.01,5.2,11528.0,2183.0,17.21,3.12,11.51,23111.0,2293.0,34.49,2.87,6.03,2211.0,796.0,3.3,1.17,21.89,315.0,186.0,0.47,0.28,35.9,15419.0,1680.0,23.01,2.18,6.62,179.0,189.0,0.27,0.28,64.19,14238.0,1914.0,21.25,2.62,8.17,35098.0,2680.0,52.38,2.82,4.64,31903.0,2605.0,47.62,2.91,4.96,12277.0,1715.0,18.32,2.36,8.49,1688.0,719.0,2.52,1.06,25.89,0.0,,0.0,,,15327.0,1689.0,22.88,2.2,6.7,66.0,91.0,0.1,0.14,83.82,378.0,250.0,0.56,0.37,40.21,2167.0,888.0,3.23,1.31,24.91
11373,11373,11373,32644.0,1147.0,100,,2.14,11380.0,781.0,34.86,2.06,4.17,23614.0,1771.0,23.01,1.47,4.56,1367.0,374.0,5.79,1.52,16.63,824.0,299.0,3.49,1.24,22.06,9613.0,950.0,40.71,2.62,6.01,5544.0,687.0,23.48,2.32,7.53,6266.0,828.0,26.54,2.89,8.03,72670.0,2621.0,70.82,3.79,2.19,12481.0,1195.0,17.17,1.52,5.82,5983.0,838.0,8.23,1.11,8.51,20013.0,1401.0,27.54,1.65,4.26,22114.0,1344.0,30.43,1.49,3.69,80685.0,3096.0,78.63,4.34,2.33,762.0,251.0,0.94,0.31,20.02,102269.0,4064.0,99.66,0.34,2.42,7818.0,818.0,7.64,0.74,6.36,21920.0,1569.0,21.36,1.27,4.35,725.0,231.0,3.31,1.03,19.37,67186.0,2983.0,65.47,1.32,2.7,2777.0,565.0,4.13,0.82,12.37,13163.0,1017.0,12.83,0.85,4.7,4316.0,626.0,32.79,4.02,8.82,101677.0,4052.0,99.08,0.45,2.42,94581.0,4157.0,93.02,1.72,2.67,6073.0,1059.0,5.97,1.01,10.6,1023.0,313.0,1.01,0.31,18.6,102618.0,4063.0,100,,2.41,34799.0,2278.0,33.91,1.77,3.98,32897.0,2176.0,32.06,1.7,4.02,1902.0,487.0,1.85,0.47,15.57,67819.0,2709.0,66.09,0.35,2.43,31621.0,2052.0,46.63,2.38,3.94,36198.0,2158.0,53.37,2.36,3.62,1367.0,318.0,2.02,0.46,14.14,37458.0,2352.0,55.23,2.68,3.82,538.0,234.0,0.79,0.34,26.44,19.0,32.0,0.03,0.05,102.38,28403.0,2230.0,41.88,2.83,4.77,34.0,46.0,0.05,0.07,82.25,97129.0,3851.0,94.65,0.2,2.41,13309.0,1576.0,13.7,1.53,7.2,44266.0,1921.0,45.57,0.8,2.64,38335.0,3054.0,39.47,2.73,4.84,31354.0,1136.0,96.05,0.85,2.2,29094.0,1117.0,89.13,1.38,2.33,83557.0,3272.0,81.43,4.53,2.38,55572.0,2244.0,66.51,0.66,2.45,52492.0,2098.0,62.82,0.5,2.43,3080.0,651.0,3.69,0.77,12.85,0.0,,0.0,,,27985.0,1893.0,33.49,1.85,4.11,,,5.54,1.15,12.85,50949.0,2056.0,49.65,0.39,2.45,8458.0,844.0,16.6,1.52,6.07,2457.0,540.0,4.82,1.04,13.36,32844.0,1739.0,64.46,2.21,3.22,3209.0,578.0,6.3,1.11,10.95,3087.0,575.0,6.06,1.1,11.32,52492.0,2098.0,51.15,0.28,2.43,101.0,90.0,0.19,0.17,54.17,4602.0,635.0,8.77,1.16,8.39,1586.0,344.0,3.02,0.64,13.19,877.0,241.0,1.67,0.45,16.71,4832.0,713.0,9.21,1.31,8.97,4206.0,546.0,8.01,0.99,7.89,624.0,154.0,1.19,0.29,15.0,3435.0,597.0,6.54,1.11,10.57,5577.0,632.0,10.62,1.13,6.89,10064.0,1028.0,19.17,1.8,6.21,11280.0,1117.0,21.49,1.95,6.02,4235.0,664.0,8.07,1.22,9.53,1073.0,272.0,2.04,0.51,15.41,1126.0,326.0,3.45,0.99,17.6,1327.0,377.0,4.07,1.15,17.27,2405.0,666.0,7.37,2.02,16.83,2675.0,471.0,8.19,1.41,10.7,4008.0,469.0,12.28,1.37,7.11,6901.0,720.0,21.14,2.08,6.34,5626.0,629.0,17.23,1.83,6.8,4474.0,455.0,13.71,1.31,6.18,1792.0,312.0,5.49,0.94,10.58,2310.0,301.0,7.08,0.89,7.92,27368.0,905.0,83.84,4.05,2.01,7926.0,808.0,24.28,2.32,6.2,3091.0,392.0,9.47,1.15,7.71,1582.0,328.0,4.85,0.99,12.6,960.0,253.0,2.94,0.77,16.02,6280.0,644.0,19.24,1.85,6.23,86393.0,3517.0,84.48,0.75,2.47,37479.0,2293.0,36.65,1.7,3.72,55294.0,2950.0,54.07,1.92,3.24,15876.0,1735.0,15.52,1.58,6.64,51163.0,2464.0,49.86,1.37,2.93,51455.0,2143.0,50.14,0.65,2.53,5489.0,673.0,5.35,0.62,7.45,5756.0,705.0,5.61,0.65,7.45,6613.0,740.0,6.44,0.67,6.8,6343.0,797.0,6.18,0.74,7.64,5747.0,728.0,5.6,0.67,7.7,17103.0,1521.0,16.67,1.33,5.41,15955.0,1312.0,15.55,1.12,5.0,13974.0,1096.0,13.62,0.92,4.77,6563.0,686.0,6.4,0.62,6.35,5678.0,659.0,5.53,0.6,7.06,8321.0,926.0,8.11,0.84,6.77,3931.0,525.0,3.83,0.49,8.12,1145.0,256.0,1.12,0.25,13.59,21933.0,1566.0,21.37,1.27,4.34,80685.0,3096.0,78.63,4.34,2.33,13397.0,1017.0,13.06,0.85,4.61,6028.0,983.0,5.87,0.93,9.91,11515.0,1330.0,11.22,1.22,7.02,1585.0,426.0,1.54,0.41,16.34,824.0,429.0,0.8,0.42,31.65,50403.0,3138.0,49.12,2.36,3.78,42.0,74.0,0.04,0.07,107.11,32221.0,3059.0,31.4,2.71,5.77,43389.0,3297.0,42.28,2.74,4.62,59229.0,3210.0,57.72,2.14,3.29,4932.0,645.0,4.81,0.6,7.95,1541.0,419.0,1.5,0.4,16.53,293.0,270.0,0.29,0.26,56.02,50304.0,3136.0,49.02,2.36,3.79,42.0,74.0,0.04,0.07,107.11,371.0,223.0,0.36,0.22,36.54,1746.0,584.0,1.7,0.57,20.33
11374,11374,11374,19800.0,936.0,100,,2.87,4863.0,661.0,24.56,3.13,8.26,9350.0,1263.0,19.8,2.44,8.21,712.0,245.0,7.61,2.41,20.92,456.0,189.0,4.88,1.91,25.2,3310.0,759.0,35.4,6.56,13.94,1983.0,474.0,21.21,4.18,14.53,2889.0,444.0,30.9,2.26,9.34,35610.0,1679.0,75.4,5.46,2.87,1857.0,436.0,5.21,1.2,14.27,1535.0,374.0,4.31,1.03,14.81,6441.0,747.0,18.09,1.92,7.05,18595.0,1479.0,52.22,3.34,4.84,38326.0,1771.0,81.15,5.83,2.81,600.0,159.0,1.57,0.41,16.11,47199.0,2595.0,99.93,7.77,3.34,5878.0,625.0,12.45,1.13,6.46,8873.0,1202.0,18.79,2.33,8.24,246.0,128.0,2.77,1.39,31.63,29174.0,1722.0,61.77,1.33,3.59,2011.0,375.0,6.89,1.22,11.34,9152.0,620.0,19.38,0.77,4.12,3621.0,491.0,39.57,4.65,8.24,46589.0,2551.0,98.64,7.65,3.33,42095.0,2402.0,90.35,1.45,3.47,4199.0,1348.0,9.01,2.85,19.52,295.0,173.0,0.63,0.37,35.65,47230.0,2597.0,100,,3.34,21174.0,1713.0,44.83,2.66,4.92,20106.0,1658.0,42.57,2.62,5.01,1068.0,369.0,2.26,0.77,21.0,26056.0,1674.0,55.17,1.83,3.91,16306.0,1362.0,62.58,3.34,5.08,9750.0,1304.0,37.42,4.39,8.13,5716.0,948.0,21.94,3.35,10.08,14382.0,1515.0,55.2,4.61,6.4,1052.0,427.0,4.04,1.62,24.67,11.0,19.0,0.04,0.07,105.0,4847.0,816.0,18.6,2.89,10.23,48.0,44.0,0.18,0.17,55.72,44502.0,2428.0,94.22,7.3,3.32,12212.0,1030.0,27.44,1.77,5.13,13895.0,1260.0,31.22,2.26,5.51,7715.0,1210.0,17.34,2.55,9.53,18881.0,953.0,95.36,1.69,3.07,17663.0,918.0,89.21,1.93,3.16,39172.0,1870.0,82.94,6.04,2.9,25273.0,1527.0,64.52,2.39,3.67,24041.0,1538.0,61.37,2.61,3.89,1201.0,278.0,3.07,0.69,14.07,31.0,36.0,0.08,0.09,70.6,13899.0,1155.0,35.48,2.41,5.05,,,4.75,1.06,14.07,23531.0,1548.0,49.82,1.8,4.0,4846.0,673.0,20.59,2.52,8.44,645.0,198.0,2.74,0.82,18.66,11902.0,963.0,50.58,2.38,4.92,1489.0,385.0,6.33,1.58,15.72,3923.0,977.0,16.67,4.0,15.14,24041.0,1538.0,50.9,1.66,3.89,0.0,,0.0,,,1121.0,303.0,4.66,1.22,16.43,674.0,279.0,2.8,1.15,25.16,321.0,104.0,1.34,0.42,19.7,1797.0,344.0,7.47,1.35,11.64,1368.0,258.0,5.69,1.01,11.46,462.0,151.0,1.92,0.62,19.87,3199.0,489.0,13.31,1.85,9.29,3809.0,675.0,15.84,2.62,10.77,7205.0,932.0,29.97,3.37,7.86,1600.0,324.0,6.66,1.28,12.31,1488.0,380.0,6.19,1.53,15.52,997.0,258.0,4.15,1.04,15.73,1077.0,289.0,5.44,1.44,16.31,794.0,225.0,4.01,1.12,17.23,1348.0,301.0,6.81,1.49,13.57,1337.0,410.0,6.75,2.05,18.64,1718.0,331.0,8.68,1.62,11.71,2430.0,437.0,12.27,2.13,10.93,2409.0,456.0,12.17,2.23,11.51,3886.0,597.0,19.63,2.87,9.34,2477.0,390.0,12.51,1.88,9.57,2324.0,442.0,11.74,2.16,11.56,15918.0,986.0,80.39,3.22,3.77,5627.0,539.0,28.42,2.37,5.82,3552.0,489.0,17.94,2.32,8.37,1230.0,281.0,6.21,1.39,13.89,547.0,185.0,2.76,0.93,20.56,3008.0,412.0,15.19,1.95,8.33,44264.0,2527.0,93.78,1.44,3.47,32168.0,2425.0,68.15,3.52,4.58,18269.0,1327.0,38.71,1.84,4.42,2935.0,675.0,6.22,1.39,13.98,22849.0,1577.0,48.38,2.02,4.2,24381.0,1416.0,51.62,0.97,3.53,2728.0,608.0,5.78,1.25,13.55,2597.0,485.0,5.5,0.98,11.35,2213.0,603.0,4.69,1.25,16.56,2068.0,635.0,4.38,1.32,18.67,2014.0,362.0,4.26,0.73,10.93,7892.0,1004.0,16.71,1.92,7.73,6723.0,952.0,14.23,1.86,8.61,5533.0,596.0,11.72,1.09,6.55,3444.0,601.0,7.29,1.21,10.61,2866.0,412.0,6.07,0.81,8.74,4772.0,536.0,10.1,0.99,6.83,3039.0,516.0,6.43,1.03,10.32,1341.0,332.0,2.84,0.69,15.05,8873.0,1202.0,18.79,2.33,8.24,38357.0,1772.0,81.21,5.83,2.81,9152.0,620.0,19.38,0.77,4.12,5658.0,1127.0,11.98,2.29,12.11,20274.0,1719.0,42.93,2.77,5.15,1943.0,814.0,4.11,1.71,25.47,80.0,98.0,0.17,0.21,74.47,14411.0,1324.0,30.51,2.25,5.59,25.0,37.0,0.05,0.08,89.97,4839.0,1058.0,10.25,2.17,13.29,10451.0,1452.0,22.13,2.82,8.45,36779.0,2272.0,77.87,2.19,3.76,17651.0,1566.0,37.37,2.6,5.39,1642.0,768.0,3.48,1.61,28.43,35.0,55.0,0.07,0.12,95.53,14280.0,1297.0,30.24,2.19,5.52,25.0,37.0,0.05,0.08,89.97,505.0,245.0,1.07,0.52,29.49,2641.0,696.0,5.59,1.44,16.02
11375,11375,11375,33312.0,987.0,100,,1.8,7042.0,600.0,21.14,1.69,5.18,14164.0,1199.0,18.83,1.43,5.15,1334.0,348.0,9.42,2.32,15.86,936.0,210.0,6.61,1.37,13.64,5644.0,642.0,39.85,3.03,6.91,2433.0,524.0,17.18,3.4,13.09,3817.0,638.0,26.95,3.88,10.16,58743.0,2160.0,78.1,4.1,2.24,2256.0,561.0,3.84,0.94,15.12,1324.0,329.0,2.25,0.55,15.11,7823.0,772.0,13.32,1.22,6.0,36566.0,1983.0,62.25,2.48,3.3,61649.0,2242.0,81.97,4.28,2.21,1611.0,337.0,2.61,0.54,12.72,74840.0,2815.0,99.51,0.4,2.29,7849.0,767.0,10.49,0.95,5.94,13562.0,1158.0,18.03,1.38,5.19,249.0,142.0,1.84,1.04,34.67,46230.0,2060.0,61.47,1.49,2.71,2992.0,556.0,6.47,1.17,11.3,15048.0,1034.0,20.01,1.15,4.18,4608.0,519.0,30.62,2.73,6.85,74272.0,2795.0,98.75,0.41,2.29,67951.0,2715.0,91.49,1.23,2.43,5447.0,812.0,7.33,1.06,9.06,874.0,356.0,1.18,0.48,24.76,75212.0,2813.0,100,,2.27,43024.0,2179.0,57.2,1.95,3.08,41729.0,2081.0,55.48,1.83,3.03,1295.0,293.0,1.72,0.38,13.75,32188.0,1783.0,42.8,1.75,3.37,22155.0,1451.0,68.83,2.41,3.98,10033.0,1195.0,31.17,3.29,7.24,6921.0,782.0,21.5,2.12,6.87,18330.0,1446.0,56.95,3.2,4.8,459.0,198.0,1.43,0.61,26.22,138.0,124.0,0.43,0.38,54.62,5970.0,734.0,18.55,2.04,7.47,370.0,149.0,1.15,0.46,24.48,70861.0,2703.0,94.22,0.71,2.32,32707.0,2021.0,46.16,2.24,3.76,14505.0,1186.0,20.47,1.48,4.97,9178.0,1115.0,12.95,1.49,7.39,32092.0,1027.0,96.34,1.16,1.95,31229.0,1021.0,93.75,1.3,1.99,62793.0,2314.0,83.49,4.38,2.24,41052.0,1928.0,65.38,1.9,2.86,39084.0,1880.0,62.24,1.92,2.92,1968.0,426.0,3.13,0.67,13.16,0.0,,0.0,,,21741.0,1164.0,34.62,1.34,3.25,,,4.79,1.01,13.16,38429.0,1927.0,51.09,1.71,3.05,9412.0,929.0,24.49,2.08,6.0,1590.0,430.0,4.14,1.1,16.44,17925.0,1184.0,46.64,2.01,4.02,1925.0,466.0,5.01,1.19,14.72,6967.0,1041.0,18.13,2.55,9.08,39084.0,1880.0,51.97,1.57,2.92,7.0,11.0,0.02,0.03,95.53,797.0,216.0,2.04,0.54,16.48,1350.0,299.0,3.45,0.75,13.46,879.0,237.0,2.25,0.6,16.39,2818.0,480.0,7.21,1.18,10.35,1996.0,510.0,5.11,1.28,15.53,1392.0,335.0,3.56,0.84,14.63,5440.0,617.0,13.92,1.43,6.89,6963.0,768.0,17.82,1.77,6.71,11080.0,1131.0,28.35,2.55,6.21,2692.0,444.0,6.89,1.09,10.03,1534.0,360.0,3.92,0.9,14.27,2136.0,433.0,5.47,1.08,12.32,1757.0,377.0,5.27,1.12,13.04,646.0,160.0,1.94,0.48,15.06,2054.0,438.0,6.17,1.3,12.96,1202.0,311.0,3.61,0.93,15.73,2290.0,513.0,6.87,1.53,13.62,4591.0,510.0,13.78,1.48,6.75,3670.0,484.0,11.02,1.42,8.02,6681.0,627.0,20.06,1.79,5.71,3354.0,480.0,10.07,1.41,8.7,7067.0,615.0,21.21,1.74,5.29,25785.0,947.0,77.4,1.68,2.23,9200.0,650.0,27.62,1.77,4.29,7044.0,540.0,21.15,1.5,4.66,1570.0,343.0,4.71,1.02,13.28,785.0,202.0,2.36,0.6,15.64,2185.0,422.0,6.56,1.25,11.74,72040.0,2852.0,96.26,1.19,2.41,58324.0,2643.0,77.93,1.97,2.75,23281.0,1574.0,31.11,1.75,4.11,2800.0,559.0,3.74,0.73,12.14,36360.0,1762.0,48.34,1.49,2.95,38852.0,1535.0,51.66,0.66,2.4,4351.0,604.0,5.78,0.77,8.44,4030.0,584.0,5.36,0.75,8.81,3573.0,609.0,4.75,0.79,10.36,2424.0,429.0,3.22,0.56,10.76,2091.0,418.0,2.78,0.55,12.15,11024.0,1297.0,14.66,1.64,7.15,10422.0,815.0,13.86,0.95,4.75,10483.0,1216.0,13.94,1.53,7.05,5661.0,762.0,7.53,0.97,8.18,5793.0,649.0,7.7,0.81,6.81,8203.0,683.0,10.91,0.81,5.06,5115.0,659.0,6.8,0.84,7.83,2042.0,365.0,2.71,0.47,10.87,13563.0,1158.0,18.03,1.38,5.19,61649.0,2242.0,81.97,4.28,2.21,15360.0,1026.0,20.42,1.13,4.06,7008.0,1133.0,9.32,1.47,9.83,39435.0,2255.0,52.43,2.27,3.48,2501.0,593.0,3.33,0.78,14.41,269.0,130.0,0.36,0.17,29.38,21474.0,1550.0,28.55,1.76,4.39,0.0,,0.0,,,4525.0,897.0,6.02,1.17,12.05,12360.0,1449.0,16.43,1.83,7.13,62852.0,2541.0,83.57,1.28,2.46,35338.0,2156.0,46.98,2.26,3.71,2012.0,508.0,2.68,0.67,15.35,69.0,71.0,0.09,0.09,62.55,21464.0,1550.0,28.54,1.76,4.39,0.0,,0.0,,,534.0,217.0,0.71,0.29,24.7,3435.0,724.0,4.57,0.95,12.81
11377,11377,11377,33239.0,1182.0,100,,2.16,8777.0,770.0,26.41,2.12,5.33,18018.0,1451.0,20.72,1.45,4.9,1129.0,257.0,6.27,1.33,13.84,1284.0,451.0,7.13,2.44,21.35,7270.0,809.0,40.35,3.1,6.76,3061.0,378.0,16.99,1.59,7.51,5274.0,720.0,29.27,3.23,8.3,65544.0,2538.0,75.36,4.2,2.35,7808.0,1002.0,11.91,1.46,7.8,4303.0,630.0,6.57,0.93,8.9,20607.0,1600.0,31.44,2.12,4.72,21004.0,1370.0,32.05,1.68,3.97,70436.0,2780.0,80.98,4.56,2.4,1111.0,261.0,1.58,0.37,14.28,86753.0,3486.0,99.74,0.29,2.44,5947.0,665.0,6.86,0.72,6.8,16539.0,1309.0,19.02,1.3,4.81,445.0,178.0,2.69,1.05,24.32,56943.0,2608.0,65.47,1.45,2.78,2314.0,413.0,4.06,0.7,10.85,13271.0,1022.0,15.26,1.0,4.68,3188.0,519.0,24.02,3.45,9.9,86152.0,3479.0,99.05,0.49,2.45,80345.0,3421.0,93.26,1.26,2.59,5206.0,966.0,6.04,1.09,11.28,601.0,247.0,0.7,0.29,24.98,86977.0,3486.0,100,,2.44,38557.0,2010.0,44.33,1.48,3.17,36925.0,1956.0,42.45,1.47,3.22,1632.0,371.0,1.88,0.42,13.82,48420.0,2473.0,55.67,1.76,3.1,19577.0,1330.0,40.43,1.81,4.13,28843.0,2416.0,59.57,3.95,5.09,4590.0,681.0,9.48,1.32,9.02,23863.0,1715.0,49.28,2.49,4.37,251.0,142.0,0.52,0.29,34.39,7.0,14.0,0.01,0.03,121.58,19648.0,1968.0,40.58,3.5,6.09,61.0,54.0,0.13,0.11,53.81,81771.0,3257.0,94.01,5.31,2.42,21828.0,1470.0,26.69,1.45,4.09,33115.0,2051.0,40.5,1.92,3.77,27723.0,2612.0,33.9,2.89,5.73,31147.0,1169.0,93.71,1.12,2.28,28068.0,1127.0,84.44,1.57,2.44,72237.0,2879.0,83.05,4.69,2.42,46517.0,2159.0,64.39,1.53,2.82,44011.0,2075.0,60.93,1.53,2.87,2504.0,434.0,3.47,0.58,10.54,2.0,,0.0,,,25720.0,1672.0,35.61,1.83,3.95,,,5.38,0.9,10.54,43350.0,2038.0,49.84,1.22,2.86,8251.0,882.0,19.03,1.83,6.5,2345.0,476.0,5.41,1.07,12.34,24265.0,1656.0,55.97,2.77,4.15,3613.0,682.0,8.33,1.52,11.47,3293.0,586.0,7.6,1.3,10.82,44011.0,2075.0,50.6,1.26,2.87,25.0,29.0,0.06,0.07,70.52,3825.0,617.0,8.69,1.34,9.81,1343.0,332.0,3.05,0.74,15.03,836.0,170.0,1.9,0.38,12.36,5372.0,922.0,12.21,2.01,10.43,4487.0,668.0,10.2,1.44,9.05,953.0,213.0,2.17,0.47,13.59,2744.0,420.0,6.23,0.91,9.3,6059.0,630.0,13.77,1.28,6.32,8626.0,819.0,19.6,1.62,5.77,5991.0,697.0,13.61,1.45,7.07,2694.0,480.0,6.12,1.05,10.83,1056.0,237.0,2.4,0.53,13.64,1416.0,287.0,4.26,0.85,12.32,1234.0,247.0,3.71,0.73,12.17,2127.0,492.0,6.4,1.46,14.06,3294.0,623.0,9.91,1.84,11.5,3437.0,445.0,10.34,1.29,7.87,5831.0,763.0,17.54,2.21,7.95,4899.0,595.0,14.74,1.71,7.38,5085.0,497.0,15.3,1.39,5.94,3085.0,529.0,9.28,1.56,10.42,2831.0,544.0,8.52,1.61,11.68,26499.0,1200.0,79.72,2.24,2.75,8729.0,729.0,26.26,1.98,5.08,5733.0,675.0,17.25,1.94,7.16,1363.0,285.0,4.1,0.84,12.71,1915.0,489.0,5.76,1.46,15.52,4031.0,646.0,12.13,1.9,9.74,80255.0,3247.0,92.51,0.44,2.46,43234.0,2207.0,49.84,1.57,3.1,43730.0,2889.0,50.41,2.64,4.02,6498.0,932.0,7.49,1.03,8.72,43162.0,1895.0,49.62,0.89,2.67,43815.0,2118.0,50.38,1.36,2.94,5206.0,726.0,5.99,0.8,8.48,4229.0,635.0,4.86,0.7,9.13,4795.0,581.0,5.51,0.63,7.37,3561.0,469.0,4.09,0.51,8.01,3642.0,600.0,4.19,0.67,10.01,14049.0,1080.0,16.15,1.06,4.67,15913.0,1382.0,18.3,1.41,5.28,12035.0,1082.0,13.84,1.11,5.47,5052.0,551.0,5.81,0.59,6.63,5040.0,745.0,5.79,0.82,8.99,7210.0,802.0,8.29,0.86,6.76,4698.0,590.0,5.4,0.64,7.63,1547.0,345.0,1.78,0.39,13.56,16539.0,1309.0,19.02,1.3,4.81,70438.0,2780.0,80.98,4.56,2.4,13455.0,1023.0,15.47,1.0,4.62,14153.0,2102.0,16.27,2.33,9.03,29414.0,2254.0,33.82,2.21,4.66,2105.0,590.0,2.42,0.67,17.04,687.0,276.0,0.79,0.32,24.42,31919.0,2331.0,36.7,2.24,4.44,0.0,,0.0,,,8699.0,1628.0,10.0,1.83,11.38,34283.0,2865.0,39.42,2.89,5.08,52694.0,2578.0,60.58,1.7,2.97,17338.0,1311.0,19.93,1.28,4.6,1337.0,320.0,1.54,0.36,14.55,223.0,151.0,0.26,0.17,41.16,31779.0,2311.0,36.54,2.22,4.42,0.0,,0.0,,,501.0,219.0,0.58,0.25,26.57,1516.0,364.0,1.74,0.41,14.6
11378,11378,11378,12818.0,560.0,100,,2.66,4398.0,444.0,34.31,3.12,6.14,9979.0,927.0,25.42,1.97,5.65,552.0,196.0,5.53,1.9,21.58,218.0,87.0,2.18,0.85,24.26,3826.0,592.0,38.34,4.74,9.41,2143.0,377.0,21.48,3.21,10.69,3240.0,432.0,32.47,3.11,8.11,26947.0,1243.0,68.65,4.75,2.8,2022.0,400.0,7.5,1.44,12.03,2000.0,294.0,7.42,1.04,8.94,8828.0,760.0,32.76,2.38,5.23,7288.0,731.0,27.05,2.41,6.1,30614.0,1503.0,78.0,5.55,2.98,574.0,122.0,1.87,0.39,12.92,39070.0,2022.0,99.54,0.52,3.15,3414.0,496.0,8.74,1.19,8.83,8630.0,877.0,21.99,1.93,6.18,264.0,157.0,3.06,1.79,36.15,25637.0,1328.0,65.32,0.37,3.15,1797.0,395.0,7.01,1.5,13.36,4803.0,475.0,12.24,1.03,6.01,1353.0,262.0,28.17,4.69,11.77,38991.0,2027.0,99.34,0.71,3.16,35253.0,1985.0,90.41,1.96,3.42,3424.0,762.0,8.78,1.9,13.53,314.0,141.0,0.81,0.36,27.3,39250.0,2021.0,100,,3.13,23520.0,1342.0,59.92,1.47,3.47,22445.0,1250.0,57.18,1.21,3.39,1075.0,376.0,2.74,0.95,21.26,15730.0,1279.0,40.08,2.52,4.94,8855.0,858.0,56.29,2.97,5.89,6875.0,829.0,43.71,3.89,7.33,5600.0,786.0,35.6,4.07,8.53,3857.0,672.0,24.52,3.78,10.59,225.0,141.0,1.43,0.89,38.1,0.0,,0.0,,,6025.0,824.0,38.3,4.21,8.31,23.0,27.0,0.15,0.17,71.36,36883.0,1941.0,93.97,1.02,3.2,14159.0,1151.0,38.39,2.38,4.94,10008.0,952.0,27.13,2.15,5.78,11084.0,1393.0,30.05,3.43,7.64,12109.0,569.0,94.47,1.63,2.86,11548.0,565.0,90.09,1.98,2.97,31660.0,1613.0,80.66,5.84,3.1,20555.0,1197.0,64.92,1.83,3.54,19138.0,1107.0,60.45,1.66,3.52,1411.0,346.0,4.46,1.07,14.91,6.0,10.0,0.02,0.03,101.32,11105.0,774.0,35.08,1.67,4.24,,,6.86,1.64,14.91,18641.0,1090.0,47.49,1.32,3.55,7187.0,786.0,38.55,3.56,6.65,1689.0,383.0,9.06,1.99,13.78,7177.0,750.0,38.5,3.33,6.35,992.0,208.0,5.32,1.07,12.75,1005.0,197.0,5.39,1.01,11.92,19138.0,1107.0,48.76,1.29,3.52,19.0,26.0,0.1,0.14,83.19,2705.0,409.0,14.13,1.97,9.19,976.0,257.0,5.1,1.31,16.01,384.0,142.0,2.01,0.73,22.48,1449.0,254.0,7.57,1.25,10.66,1645.0,265.0,8.6,1.29,9.79,362.0,132.0,1.89,0.68,22.17,1285.0,288.0,6.71,1.45,13.62,1765.0,278.0,9.22,1.35,9.57,4930.0,463.0,25.76,1.91,5.71,1929.0,331.0,10.08,1.63,10.43,925.0,194.0,4.83,0.97,12.75,764.0,289.0,3.99,1.49,23.0,516.0,131.0,4.03,1.01,15.43,337.0,125.0,2.63,0.97,22.55,723.0,245.0,5.64,1.9,20.6,764.0,205.0,5.96,1.58,16.31,1321.0,287.0,10.31,2.19,13.21,1965.0,255.0,15.33,1.87,7.89,1382.0,249.0,10.78,1.88,10.95,2548.0,342.0,19.88,2.52,8.16,1636.0,315.0,12.76,2.39,11.7,1626.0,274.0,12.69,2.06,10.24,10602.0,546.0,82.71,2.26,3.13,3477.0,297.0,27.13,1.99,5.19,2299.0,299.0,17.94,2.2,7.91,583.0,181.0,4.55,1.4,18.87,407.0,147.0,3.18,1.14,21.96,1392.0,254.0,10.86,1.92,11.09,36259.0,1969.0,92.81,1.53,3.3,24559.0,1727.0,62.86,2.99,4.27,15438.0,1378.0,39.51,2.87,5.43,2811.0,484.0,7.19,1.18,10.47,19744.0,1266.0,50.3,1.92,3.9,19506.0,1102.0,49.7,1.16,3.43,2367.0,406.0,6.03,0.99,10.43,1798.0,279.0,4.58,0.67,9.43,2714.0,502.0,6.91,1.23,11.24,2665.0,504.0,6.79,1.24,11.5,2759.0,428.0,7.03,1.03,9.43,4841.0,584.0,12.33,1.35,7.33,4949.0,513.0,12.61,1.13,6.3,6209.0,655.0,15.82,1.46,6.41,3054.0,406.0,7.78,0.95,8.08,2928.0,430.0,7.46,1.03,8.93,2897.0,347.0,7.38,0.8,7.28,1430.0,261.0,3.64,0.64,11.1,639.0,138.0,1.63,0.34,13.13,8630.0,877.0,21.99,1.93,6.18,30620.0,1503.0,78.01,5.55,2.98,4966.0,475.0,12.65,1.02,5.81,3735.0,1021.0,9.52,2.55,16.62,22272.0,1671.0,56.74,3.1,4.56,502.0,236.0,1.28,0.6,28.58,285.0,272.0,0.73,0.69,58.02,5336.0,905.0,13.59,2.2,10.31,0.0,,0.0,,,7120.0,1424.0,18.14,3.51,12.16,14449.0,1577.0,36.81,3.54,6.63,24801.0,1632.0,63.19,2.59,4.0,18243.0,1500.0,46.48,2.98,5.0,363.0,229.0,0.92,0.58,38.35,11.0,18.0,0.03,0.05,99.47,5292.0,888.0,13.48,2.15,10.2,0.0,,0.0,,,364.0,216.0,0.93,0.55,36.07,528.0,246.0,1.35,0.62,28.32
11379,11379,11379,13810.0,577.0,100,,2.54,4057.0,388.0,29.38,2.53,5.81,8226.0,792.0,21.5,1.65,5.85,450.0,145.0,5.47,1.68,19.59,345.0,124.0,4.19,1.45,21.85,3524.0,504.0,42.84,4.53,8.69,1776.0,327.0,21.59,3.39,11.19,2131.0,344.0,25.91,3.36,9.81,28619.0,1664.0,74.8,0.38,3.53,2018.0,383.0,7.05,1.27,11.54,1996.0,540.0,6.97,1.84,16.45,7802.0,611.0,27.26,1.43,4.76,10294.0,946.0,35.97,2.56,5.59,30746.0,1803.0,80.36,0.74,3.56,809.0,227.0,2.63,0.72,17.06,37927.0,2217.0,99.13,0.78,3.55,4521.0,659.0,11.92,1.59,8.86,7499.0,715.0,19.6,1.48,5.8,181.0,113.0,2.41,1.49,37.95,22595.0,1500.0,59.05,1.92,4.04,1852.0,410.0,8.2,1.73,13.46,7833.0,999.0,20.47,2.33,7.75,2488.0,470.0,31.76,4.43,11.48,37995.0,2210.0,99.3,0.53,3.54,35367.0,2147.0,93.08,1.62,3.69,2535.0,531.0,6.67,1.34,12.73,93.0,55.0,0.24,0.14,35.95,38261.0,2216.0,100,,3.52,23898.0,1394.0,62.46,0.43,3.55,22906.0,1400.0,59.87,1.17,3.72,992.0,235.0,2.59,0.6,14.4,14363.0,1418.0,37.54,3.0,6.0,9542.0,1219.0,66.43,5.39,7.77,4821.0,750.0,33.57,4.04,9.46,6012.0,656.0,41.86,1.95,6.63,3581.0,499.0,24.93,2.45,8.47,376.0,210.0,2.62,1.44,33.95,0.0,,0.0,,,4381.0,1156.0,30.5,7.46,16.04,13.0,26.0,0.09,0.18,121.58,36574.0,2123.0,95.59,0.37,3.53,18579.0,1586.0,50.8,3.18,5.19,7315.0,801.0,20.0,1.86,6.66,6215.0,1063.0,16.99,2.73,10.4,12556.0,546.0,90.92,1.1,2.64,12190.0,545.0,88.27,1.4,2.72,31564.0,1833.0,82.5,0.35,3.53,19477.0,1369.0,61.71,2.44,4.27,18600.0,1355.0,58.93,2.59,4.43,861.0,169.0,2.73,0.51,11.93,16.0,28.0,0.05,0.09,106.38,12087.0,936.0,38.29,1.96,4.71,,,4.42,0.81,11.93,18052.0,1270.0,47.18,1.88,4.28,7579.0,831.0,41.98,3.53,6.67,1216.0,277.0,6.74,1.46,13.85,6824.0,599.0,37.8,1.98,5.34,560.0,143.0,3.1,0.76,15.52,1456.0,293.0,8.07,1.52,12.23,18600.0,1355.0,48.61,2.15,4.43,11.0,14.0,0.06,0.08,77.37,2139.0,354.0,11.5,1.71,10.06,541.0,138.0,2.91,0.71,15.51,397.0,124.0,2.13,0.65,18.99,1294.0,354.0,6.96,1.83,16.63,1484.0,315.0,7.98,1.59,12.9,442.0,138.0,2.38,0.72,18.98,1490.0,274.0,8.01,1.35,11.18,2199.0,334.0,11.82,1.58,9.23,5067.0,494.0,27.24,1.77,5.93,1293.0,308.0,6.95,1.58,14.48,1165.0,420.0,6.26,2.21,21.92,1078.0,255.0,5.8,1.3,14.38,547.0,142.0,3.96,1.01,15.78,367.0,139.0,2.66,1.0,23.02,886.0,252.0,6.42,1.8,17.29,825.0,231.0,5.97,1.65,17.02,1181.0,231.0,8.55,1.63,11.89,2089.0,329.0,15.13,2.3,9.57,1549.0,264.0,11.22,1.85,10.36,2585.0,405.0,18.72,2.83,9.52,1744.0,281.0,12.63,1.97,9.79,2037.0,296.0,14.75,2.05,8.83,10621.0,554.0,76.91,2.4,3.17,4887.0,471.0,35.39,3.07,5.86,3526.0,435.0,25.53,2.96,7.5,689.0,218.0,4.99,1.56,19.23,453.0,146.0,3.28,1.05,19.59,1329.0,254.0,9.62,1.79,11.62,36053.0,2148.0,95.06,1.1,3.62,27454.0,1744.0,72.39,1.8,3.86,14080.0,1393.0,37.12,2.96,6.01,1874.0,391.0,4.94,0.99,12.68,19010.0,1305.0,49.69,1.83,4.17,19251.0,1288.0,50.31,1.69,4.07,1687.0,316.0,4.41,0.79,11.39,1989.0,419.0,5.2,1.05,12.81,2611.0,319.0,6.82,0.73,7.43,1779.0,399.0,4.65,1.01,13.63,1576.0,294.0,4.12,0.73,11.34,4830.0,731.0,12.62,1.77,9.2,4697.0,508.0,12.28,1.12,6.57,5504.0,547.0,14.39,1.16,6.04,2721.0,338.0,7.11,0.78,7.55,2748.0,371.0,7.18,0.88,8.21,4588.0,927.0,11.99,2.32,12.28,2124.0,325.0,5.55,0.79,9.3,1407.0,342.0,3.68,0.87,14.78,7499.0,715.0,19.6,1.48,5.8,30762.0,1803.0,80.4,0.72,3.56,8119.0,998.0,21.22,2.3,7.47,2898.0,882.0,7.57,2.26,18.5,26106.0,1466.0,68.23,5.5,3.41,507.0,229.0,1.33,0.59,27.46,74.0,68.0,0.19,0.18,55.86,4688.0,639.0,12.25,1.51,8.29,0.0,,0.0,,,3988.0,1121.0,10.42,2.87,17.09,8430.0,1208.0,22.03,2.89,8.71,29831.0,1900.0,77.97,2.07,3.87,23558.0,1416.0,61.57,0.99,3.65,234.0,187.0,0.61,0.49,48.58,56.0,59.0,0.15,0.15,64.05,4688.0,639.0,12.25,1.51,8.29,0.0,,0.0,,,723.0,823.0,1.89,2.15,69.2,572.0,333.0,1.49,0.87,35.39
11385,11385,11385,37167.0,1005.0,100,,1.64,10639.0,657.0,28.62,1.59,3.75,23820.0,1429.0,22.57,1.14,3.65,1805.0,394.0,7.58,1.59,13.27,1284.0,302.0,5.39,1.23,14.3,8986.0,823.0,37.72,2.61,5.57,4201.0,506.0,17.64,1.84,7.32,7544.0,723.0,31.67,2.37,5.83,74477.0,2122.0,70.58,3.05,1.73,6822.0,850.0,9.16,1.11,7.57,5000.0,564.0,6.71,0.73,6.86,21783.0,1422.0,29.25,1.72,3.97,24629.0,1348.0,33.07,1.55,3.33,84506.0,2696.0,80.08,3.64,1.94,1503.0,268.0,1.78,0.31,10.84,105386.0,3439.0,99.87,0.36,1.98,7708.0,750.0,7.31,0.67,5.91,20907.0,1355.0,19.81,1.11,3.94,521.0,221.0,2.49,1.04,25.79,71829.0,2679.0,68.07,1.25,2.27,3516.0,437.0,4.89,0.58,7.56,12650.0,926.0,11.99,0.79,4.45,3671.0,571.0,29.02,3.98,9.46,104327.0,3352.0,98.87,4.51,1.95,96045.0,3327.0,92.06,1.19,2.11,7642.0,885.0,7.33,0.81,7.04,640.0,245.0,0.61,0.23,23.27,105521.0,3422.0,100,,1.97,64436.0,2642.0,61.06,1.53,2.49,60517.0,2665.0,57.35,1.71,2.68,3919.0,595.0,3.71,0.55,9.23,41085.0,2314.0,38.94,1.79,3.42,22277.0,1475.0,54.22,1.89,4.03,18808.0,1673.0,45.78,3.15,5.41,14887.0,1462.0,36.23,2.92,5.97,5251.0,733.0,12.78,1.63,8.49,1324.0,374.0,3.22,0.89,17.17,27.0,26.0,0.07,0.06,58.54,19386.0,1898.0,47.19,3.78,5.95,210.0,120.0,0.51,0.29,34.74,99494.0,3099.0,94.29,4.24,1.89,41237.0,2080.0,41.45,1.64,3.07,25340.0,1689.0,25.47,1.5,4.05,33798.0,2251.0,33.97,2.0,4.05,35158.0,1079.0,94.59,1.37,1.87,33911.0,1017.0,91.24,1.18,1.82,86683.0,2703.0,82.15,3.7,1.9,58790.0,2353.0,67.82,1.7,2.43,54965.0,2229.0,63.41,1.64,2.47,3721.0,589.0,4.29,0.67,9.62,104.0,63.0,0.12,0.07,36.82,27893.0,1362.0,32.18,1.21,2.97,,,6.33,0.97,9.62,53764.0,2172.0,50.95,1.23,2.46,13893.0,1036.0,25.84,1.62,4.53,2140.0,395.0,3.98,0.72,11.22,27222.0,1463.0,50.63,1.79,3.27,3104.0,578.0,5.77,1.05,11.32,5900.0,659.0,10.97,1.14,6.79,54965.0,2229.0,52.09,1.27,2.47,27.0,39.0,0.05,0.07,87.81,5667.0,713.0,10.31,1.23,7.65,2394.0,419.0,4.36,0.74,10.64,1163.0,264.0,2.12,0.47,13.8,4981.0,559.0,9.06,0.95,6.82,3818.0,529.0,6.95,0.92,8.42,1951.0,328.0,3.55,0.58,10.22,3646.0,449.0,6.63,0.77,7.49,7703.0,640.0,14.01,1.02,5.05,11928.0,846.0,21.7,1.26,4.31,6717.0,645.0,12.22,1.06,5.84,3346.0,539.0,6.09,0.95,9.79,1624.0,306.0,2.95,0.54,11.45,1655.0,359.0,4.45,0.96,13.19,882.0,177.0,2.37,0.47,12.2,1976.0,447.0,5.32,1.19,13.75,2137.0,295.0,5.75,0.78,8.39,3611.0,438.0,9.72,1.15,7.37,5897.0,594.0,15.87,1.54,6.12,5846.0,560.0,15.73,1.45,5.82,7196.0,555.0,19.36,1.4,4.69,4384.0,462.0,11.8,1.2,6.41,3583.0,461.0,9.64,1.21,7.82,30954.0,964.0,83.28,1.29,1.89,8789.0,589.0,23.65,1.45,4.07,5962.0,550.0,16.04,1.41,5.61,1619.0,392.0,4.36,1.05,14.72,1582.0,409.0,4.26,1.09,15.72,3843.0,497.0,10.34,1.31,7.86,93329.0,2996.0,88.56,4.05,1.95,64244.0,2761.0,60.96,1.7,2.61,36956.0,1880.0,35.07,1.37,3.09,12057.0,1282.0,11.44,1.16,6.46,52354.0,2018.0,49.61,1.03,2.34,53167.0,2041.0,50.39,1.04,2.33,6027.0,849.0,5.71,0.78,8.56,5392.0,522.0,5.11,0.47,5.89,6318.0,747.0,5.99,0.68,7.19,5482.0,584.0,5.2,0.53,6.48,7825.0,830.0,7.42,0.75,6.45,19740.0,1249.0,18.71,1.02,3.85,15351.0,1172.0,14.55,1.01,4.64,14370.0,842.0,13.62,0.66,3.56,6626.0,618.0,6.28,0.55,5.67,5729.0,591.0,5.43,0.53,6.27,7660.0,805.0,7.26,0.73,6.39,3284.0,436.0,3.11,0.4,8.07,1717.0,331.0,1.63,0.31,11.72,20911.0,1355.0,19.82,1.11,3.94,84610.0,2683.0,80.18,3.64,1.93,12661.0,927.0,12.0,0.79,4.45,14873.0,2226.0,14.09,2.06,9.1,63674.0,2158.0,60.34,0.59,2.06,3867.0,645.0,3.66,0.6,10.14,440.0,213.0,0.42,0.2,29.43,7289.0,929.0,6.91,0.85,7.75,0.0,,0.0,,,15378.0,1821.0,14.57,1.66,7.2,47720.0,3053.0,45.22,2.49,3.89,57801.0,1623.0,54.78,2.35,1.71,45372.0,1775.0,43.0,0.94,2.38,2530.0,493.0,2.4,0.46,11.85,26.0,26.0,0.02,0.02,60.79,7240.0,932.0,6.86,0.85,7.83,0.0,,0.0,,,442.0,198.0,0.42,0.19,27.23,2191.0,503.0,2.08,0.47,13.96
11411,11411,11411,6602.0,380.0,100,,3.5,1801.0,255.0,27.28,3.53,8.61,4782.0,696.0,22.42,2.97,8.85,327.0,285.0,6.84,5.88,52.98,147.0,87.0,3.07,1.76,35.98,1609.0,349.0,33.65,5.41,13.19,879.0,214.0,18.38,3.59,14.8,1820.0,334.0,38.06,4.25,11.16,16130.0,869.0,75.62,6.09,3.28,478.0,117.0,2.96,0.71,14.88,728.0,157.0,4.51,0.94,13.11,4409.0,535.0,27.33,2.97,7.38,5238.0,498.0,32.47,2.54,5.78,17823.0,902.0,83.56,6.55,3.08,532.0,113.0,2.98,0.62,12.91,21319.0,1277.0,99.95,0.3,3.64,2598.0,401.0,12.19,1.73,9.38,3496.0,637.0,16.39,2.82,11.08,247.0,136.0,7.07,3.67,33.47,13419.0,781.0,62.91,5.25,3.54,1098.0,212.0,8.18,1.51,11.74,4404.0,383.0,20.65,1.3,5.29,1253.0,249.0,28.45,5.08,12.08,21212.0,1276.0,99.45,0.63,3.66,20123.0,1234.0,94.87,1.13,3.73,952.0,384.0,4.49,1.79,24.52,137.0,119.0,0.65,0.56,52.8,21329.0,1276.0,100,,3.64,12728.0,1089.0,59.67,3.65,5.2,12368.0,1096.0,57.99,3.79,5.39,360.0,118.0,1.69,0.54,19.93,8601.0,673.0,40.33,2.03,4.76,6433.0,517.0,74.79,1.37,4.89,2168.0,446.0,25.21,4.8,12.51,212.0,133.0,2.46,1.53,38.14,159.0,100.0,1.85,1.15,38.23,387.0,244.0,4.5,2.81,38.33,0.0,,0.0,,,7742.0,619.0,90.01,1.48,4.86,101.0,75.0,1.17,0.87,45.14,20407.0,1110.0,95.68,7.74,3.31,16293.0,1075.0,79.84,2.98,4.01,1280.0,338.0,6.27,1.62,16.05,1488.0,595.0,7.29,2.89,24.31,6265.0,378.0,94.9,1.72,3.67,6026.0,391.0,91.28,2.73,3.94,18266.0,949.0,85.64,6.79,3.16,11566.0,675.0,63.32,1.68,3.55,10888.0,661.0,59.61,1.87,3.69,668.0,159.0,3.66,0.85,14.47,10.0,17.0,0.05,0.09,103.34,6700.0,503.0,36.68,1.99,4.56,,,5.78,1.33,14.47,10519.0,655.0,49.32,0.85,3.79,5644.0,518.0,53.66,3.62,5.58,545.0,142.0,5.18,1.31,15.84,3397.0,384.0,32.29,3.05,6.87,147.0,74.0,1.4,0.7,30.6,662.0,191.0,6.29,1.77,17.54,10888.0,661.0,51.05,0.53,3.69,0.0,,0.0,,,498.0,131.0,4.57,1.17,15.99,143.0,82.0,1.31,0.75,34.86,103.0,54.0,0.95,0.49,31.87,915.0,202.0,8.4,1.78,13.42,1107.0,186.0,10.17,1.59,10.21,307.0,139.0,2.82,1.27,27.52,588.0,177.0,5.4,1.59,18.3,1023.0,175.0,9.4,1.5,10.4,4359.0,387.0,40.03,2.59,5.4,505.0,173.0,4.64,1.56,20.83,415.0,138.0,3.81,1.25,20.21,925.0,200.0,8.5,1.76,13.14,204.0,81.0,3.09,1.21,24.14,101.0,47.0,1.53,0.71,28.29,217.0,83.0,3.29,1.24,23.25,340.0,208.0,5.15,3.14,37.19,443.0,146.0,6.71,2.18,20.03,718.0,131.0,10.88,1.88,11.09,716.0,148.0,10.85,2.15,12.57,1651.0,256.0,25.01,3.6,9.43,836.0,166.0,12.66,2.41,12.07,1376.0,246.0,20.84,3.53,10.87,5399.0,354.0,81.78,2.57,3.99,2850.0,256.0,43.17,2.98,5.46,2634.0,284.0,39.9,3.64,6.55,488.0,178.0,7.39,2.66,22.17,184.0,71.0,2.79,1.06,23.46,625.0,157.0,9.47,2.31,15.27,20365.0,1248.0,95.53,1.24,3.73,15676.0,1184.0,73.53,3.38,4.59,7918.0,683.0,37.14,2.31,5.24,954.0,249.0,4.47,1.14,15.87,9783.0,715.0,45.87,1.93,4.44,11546.0,774.0,54.13,1.64,4.08,922.0,348.0,4.32,1.61,22.94,746.0,194.0,3.5,0.89,15.81,1227.0,258.0,5.75,1.16,12.78,1015.0,193.0,4.76,0.86,11.56,1289.0,224.0,6.04,0.99,10.56,2524.0,320.0,11.83,1.32,7.71,2492.0,357.0,11.68,1.52,8.71,3161.0,343.0,14.82,1.34,6.6,1901.0,277.0,8.91,1.18,8.86,1648.0,223.0,7.73,0.94,8.23,2095.0,299.0,9.82,1.27,8.68,1711.0,255.0,8.02,1.1,9.06,598.0,133.0,2.8,0.6,13.52,3496.0,637.0,16.39,2.82,11.08,17833.0,901.0,83.61,6.55,3.07,4404.0,383.0,20.65,1.3,5.29,772.0,273.0,3.62,1.26,21.5,811.0,447.0,3.8,2.08,33.51,18728.0,1323.0,87.81,3.3,4.29,0.0,,0.0,,,313.0,196.0,1.47,0.91,38.07,0.0,,0.0,,,705.0,309.0,3.31,1.44,26.64,1425.0,543.0,6.68,2.51,23.16,19904.0,1220.0,93.32,1.25,3.73,426.0,212.0,2.0,0.99,30.25,18517.0,1285.0,86.82,3.05,4.22,0.0,,0.0,,,313.0,196.0,1.47,0.91,38.07,0.0,,0.0,,,186.0,100.0,0.87,0.47,32.68,462.0,223.0,2.17,1.04,29.34
11412,11412,11412,11753.0,430.0,100,,2.22,3858.0,321.0,32.83,2.45,5.06,9638.0,961.0,23.74,1.98,6.06,735.0,266.0,7.63,2.65,22.0,401.0,135.0,4.16,1.34,20.47,3296.0,486.0,34.2,3.71,8.96,2383.0,294.0,24.73,1.8,7.5,2823.0,412.0,29.29,3.12,8.87,28976.0,1414.0,71.38,5.23,2.97,1153.0,184.0,3.98,0.6,9.7,1929.0,310.0,6.66,1.02,9.77,9307.0,733.0,32.12,1.99,4.79,7301.0,662.0,25.2,1.93,5.51,32647.0,1612.0,80.43,5.92,3.0,919.0,195.0,2.81,0.58,12.9,40585.0,2215.0,99.98,7.72,3.32,4419.0,438.0,10.89,0.9,6.03,7941.0,941.0,19.56,2.06,7.2,310.0,104.0,3.9,1.23,20.39,26487.0,1500.0,65.25,0.98,3.44,1887.0,279.0,7.12,0.97,8.99,6157.0,408.0,15.17,0.57,4.03,2222.0,297.0,36.09,4.19,8.13,40249.0,2181.0,99.15,7.63,3.29,38193.0,2069.0,94.89,7.27,3.29,1911.0,538.0,4.75,1.31,17.11,145.0,71.0,0.36,0.18,29.77,40593.0,2216.0,100,,3.32,23791.0,1662.0,58.61,2.55,4.25,23153.0,1633.0,57.04,2.55,4.29,638.0,179.0,1.57,0.43,17.06,16802.0,1098.0,41.39,1.49,3.97,12656.0,877.0,75.32,1.74,4.21,4146.0,508.0,24.68,2.56,7.45,205.0,86.0,1.22,0.51,25.5,933.0,336.0,5.55,1.97,21.89,607.0,241.0,3.61,1.41,24.14,11.0,17.0,0.07,0.1,93.95,14941.0,1037.0,88.92,2.08,4.22,105.0,91.0,0.62,0.54,52.68,38483.0,1954.0,94.8,7.07,3.09,32097.0,1779.0,83.41,1.85,3.37,2955.0,576.0,7.68,1.45,11.85,2036.0,571.0,5.29,1.46,17.05,11321.0,443.0,96.32,1.34,2.38,10387.0,465.0,88.38,2.28,2.72,33724.0,1644.0,83.08,6.08,2.96,20841.0,1345.0,61.8,2.61,3.92,19810.0,1288.0,58.74,2.53,3.95,1031.0,242.0,3.06,0.7,14.27,0.0,,0.0,,,12883.0,820.0,38.2,1.56,3.87,,,4.95,1.12,14.27,19160.0,1241.0,47.2,1.65,3.94,9047.0,838.0,47.22,3.13,5.63,949.0,242.0,4.95,1.22,15.5,6928.0,570.0,36.16,1.83,5.0,321.0,130.0,1.68,0.67,24.62,1588.0,329.0,8.29,1.63,12.59,19810.0,1288.0,48.8,1.72,3.95,0.0,,0.0,,,918.0,188.0,4.63,0.9,12.45,342.0,133.0,1.73,0.66,23.64,104.0,48.0,0.52,0.24,28.06,1720.0,304.0,8.68,1.43,10.74,2568.0,334.0,12.96,1.46,7.91,354.0,108.0,1.79,0.53,18.55,1120.0,233.0,5.65,1.12,12.65,1582.0,248.0,7.99,1.14,9.53,7325.0,692.0,36.98,2.53,5.74,1353.0,258.0,6.83,1.22,11.59,648.0,147.0,3.27,0.71,13.79,1776.0,406.0,8.97,1.96,13.9,458.0,103.0,3.9,0.86,13.67,297.0,106.0,2.53,0.9,21.7,495.0,140.0,4.21,1.18,17.19,646.0,148.0,5.5,1.24,13.93,862.0,149.0,7.33,1.24,10.51,1724.0,340.0,14.67,2.84,11.99,1649.0,253.0,14.03,2.09,9.33,2442.0,265.0,20.78,2.12,6.6,1463.0,263.0,12.45,2.19,10.93,1717.0,249.0,14.61,2.05,8.82,9663.0,443.0,82.22,2.27,2.79,4409.0,315.0,37.51,2.3,4.34,2935.0,320.0,24.97,2.56,6.63,850.0,181.0,7.23,1.52,12.94,306.0,92.0,2.6,0.78,18.28,1968.0,277.0,16.74,2.28,8.56,38070.0,2174.0,93.8,1.58,3.47,26281.0,1739.0,64.76,2.42,4.02,15072.0,1173.0,37.14,2.06,4.73,2515.0,401.0,6.2,0.93,9.69,18169.0,1033.0,44.76,0.71,3.46,22424.0,1463.0,55.24,1.97,3.97,2110.0,427.0,5.2,1.01,12.3,1945.0,277.0,4.79,0.63,8.66,2176.0,401.0,5.36,0.94,11.2,2615.0,362.0,6.44,0.82,8.42,2771.0,393.0,6.83,0.89,8.62,5904.0,684.0,14.54,1.49,7.04,4994.0,460.0,12.3,0.91,5.6,5795.0,556.0,14.28,1.13,5.83,3357.0,434.0,8.27,0.97,7.86,2769.0,337.0,6.82,0.74,7.4,3513.0,354.0,8.65,0.73,6.13,1863.0,248.0,4.59,0.56,8.09,781.0,180.0,1.92,0.43,14.01,7946.0,940.0,19.57,2.05,7.19,32647.0,1612.0,80.43,5.92,3.0,6157.0,408.0,15.17,0.57,4.03,1892.0,616.0,4.66,1.5,19.79,889.0,308.0,2.19,0.75,21.06,33105.0,2142.0,81.55,2.83,3.93,313.0,185.0,0.77,0.45,35.93,1299.0,416.0,3.2,1.01,19.47,162.0,167.0,0.4,0.41,62.67,2933.0,653.0,7.23,1.56,13.53,3101.0,678.0,7.64,1.62,13.29,37492.0,2265.0,92.36,2.39,3.67,540.0,283.0,1.33,0.69,31.86,32418.0,2146.0,79.86,2.99,4.02,138.0,125.0,0.34,0.31,55.06,1265.0,411.0,3.12,1.0,19.75,162.0,167.0,0.4,0.41,62.67,1362.0,479.0,3.36,1.17,21.38,1607.0,602.0,3.96,1.47,22.77
11413,11413,11413,13512.0,628.0,100,,2.83,4780.0,408.0,35.38,2.53,5.19,10902.0,857.0,24.32,1.44,4.78,524.0,167.0,4.81,1.48,19.37,447.0,141.0,4.1,1.25,19.18,4107.0,500.0,37.67,3.5,7.4,2589.0,372.0,23.75,2.86,8.73,3235.0,452.0,29.67,3.43,8.49,31498.0,1623.0,70.26,5.13,3.13,1066.0,250.0,3.38,0.77,14.26,1541.0,256.0,4.89,0.77,10.1,9794.0,873.0,31.09,2.26,5.42,9019.0,724.0,28.63,1.76,4.88,35738.0,1948.0,79.72,1.39,3.31,1256.0,257.0,3.51,0.69,12.44,44593.0,2326.0,99.47,0.72,3.17,4145.0,598.0,9.3,1.25,8.77,9022.0,859.0,20.12,1.61,5.79,129.0,80.0,1.43,0.88,37.7,28660.0,1673.0,63.93,1.74,3.55,1989.0,426.0,6.94,1.43,13.02,6911.0,649.0,15.42,1.21,5.71,2027.0,330.0,29.33,3.9,9.9,44417.0,2268.0,99.07,7.2,3.1,42250.0,2221.0,95.12,1.19,3.2,1964.0,668.0,4.42,1.49,20.68,203.0,117.0,0.46,0.26,35.04,44832.0,2316.0,100,,3.14,27388.0,1807.0,61.09,2.51,4.01,26790.0,1787.0,59.76,2.52,4.05,598.0,183.0,1.33,0.4,18.6,17444.0,1168.0,38.91,1.66,4.07,13329.0,1029.0,76.41,2.94,4.69,4115.0,662.0,23.59,3.45,9.78,160.0,87.0,0.92,0.49,33.05,444.0,247.0,2.55,1.41,33.82,700.0,229.0,4.01,1.28,19.89,0.0,,0.0,,,16100.0,1164.0,92.3,2.52,4.4,40.0,39.0,0.23,0.22,59.27,42709.0,2186.0,95.26,6.93,3.11,36729.0,2053.0,86.0,1.93,3.4,2345.0,535.0,5.49,1.22,13.87,1840.0,502.0,4.31,1.15,16.59,12932.0,592.0,95.71,6.24,2.78,11823.0,602.0,87.5,1.82,3.1,36809.0,1930.0,82.1,0.74,3.19,23383.0,1364.0,63.53,1.62,3.55,22146.0,1292.0,60.16,1.54,3.55,1169.0,263.0,3.18,0.69,13.68,68.0,66.0,0.18,0.18,59.0,13426.0,1053.0,36.47,2.13,4.77,,,5.0,1.09,13.68,21325.0,1254.0,47.57,1.34,3.57,10844.0,878.0,50.85,2.83,4.92,1079.0,257.0,5.06,1.17,14.48,6346.0,665.0,29.76,2.58,6.37,371.0,137.0,1.74,0.63,22.45,2036.0,384.0,9.55,1.71,11.47,22146.0,1292.0,49.4,1.34,3.55,23.0,25.0,0.1,0.11,66.08,1073.0,209.0,4.85,0.9,11.84,387.0,133.0,1.75,0.59,20.89,164.0,76.0,0.74,0.34,28.17,1647.0,322.0,7.44,1.39,11.88,2725.0,415.0,12.3,1.73,9.26,648.0,164.0,2.93,0.72,15.39,1427.0,231.0,6.44,0.97,9.84,1704.0,283.0,7.69,1.2,10.1,8588.0,725.0,38.78,2.37,5.13,1241.0,283.0,5.6,1.24,13.86,1168.0,296.0,5.27,1.3,15.41,1351.0,265.0,6.1,1.14,11.92,383.0,128.0,2.83,0.94,20.32,219.0,126.0,1.62,0.93,34.98,460.0,174.0,3.4,1.28,22.99,400.0,140.0,2.96,1.03,21.28,942.0,235.0,6.97,1.71,15.17,1671.0,260.0,12.37,1.84,9.46,1905.0,357.0,14.1,2.56,11.39,3538.0,433.0,26.18,2.96,7.44,2060.0,335.0,15.25,2.38,9.89,1934.0,257.0,14.31,1.78,8.08,11406.0,596.0,84.41,2.02,3.18,4895.0,452.0,36.23,2.89,5.61,3938.0,381.0,29.14,2.47,5.88,518.0,148.0,3.83,1.08,17.37,408.0,169.0,3.02,1.24,25.18,1600.0,333.0,11.84,2.4,12.65,41921.0,2236.0,94.01,1.05,3.24,31176.0,1817.0,69.91,1.82,3.54,15755.0,1539.0,35.33,2.92,5.94,2672.0,605.0,5.99,1.32,13.76,20143.0,1199.0,44.93,1.33,3.62,24689.0,1563.0,55.07,2.02,3.85,2123.0,398.0,4.74,0.85,11.4,2195.0,343.0,4.9,0.72,9.5,3073.0,440.0,6.85,0.92,8.7,2721.0,383.0,6.07,0.79,8.56,3222.0,579.0,7.19,1.24,10.92,5921.0,689.0,13.21,1.38,7.07,6410.0,612.0,14.3,1.15,5.8,5852.0,586.0,13.05,1.12,6.09,3344.0,464.0,7.46,0.96,8.44,3055.0,463.0,6.81,0.97,9.21,3560.0,421.0,7.94,0.84,7.19,2293.0,340.0,5.11,0.71,9.01,1063.0,271.0,2.37,0.59,15.5,9026.0,860.0,20.13,1.61,5.79,35806.0,1935.0,79.87,1.27,3.29,6916.0,649.0,15.43,1.21,5.7,1241.0,534.0,2.77,1.18,26.16,793.0,322.0,1.77,0.71,24.68,39174.0,2201.0,87.38,1.93,3.42,42.0,47.0,0.09,0.1,68.03,758.0,344.0,1.69,0.76,27.59,0.0,,0.0,,,2824.0,702.0,6.3,1.53,15.11,3035.0,780.0,6.77,1.7,15.62,41797.0,2223.0,93.23,1.18,3.23,549.0,271.0,1.22,0.6,30.01,38399.0,2201.0,85.65,2.13,3.48,42.0,47.0,0.09,0.1,68.03,733.0,340.0,1.63,0.75,28.2,0.0,,0.0,,,1129.0,473.0,2.52,1.05,25.47,945.0,518.0,2.11,1.15,33.32
11414,11414,11414,11401.0,723.0,100,,3.86,3197.0,554.0,28.04,4.52,10.53,6646.0,1451.0,21.88,4.35,13.27,1137.0,466.0,17.11,5.93,24.91,498.0,225.0,7.49,2.96,27.47,2615.0,943.0,39.35,11.29,21.92,1115.0,456.0,16.78,5.8,24.86,1281.0,377.0,19.27,3.8,17.89,22440.0,1800.0,73.88,8.89,4.88,1461.0,498.0,6.51,2.16,20.72,1319.0,395.0,5.88,1.7,18.2,6568.0,918.0,29.27,3.35,8.5,6998.0,1057.0,31.19,3.99,9.18,23764.0,1866.0,78.24,9.33,4.77,1202.0,320.0,5.06,1.29,16.18,30356.0,2729.0,99.94,0.46,5.47,4690.0,816.0,15.45,2.3,10.58,6595.0,1375.0,21.71,4.09,12.67,376.0,279.0,5.7,4.06,45.11,16211.0,1675.0,53.37,2.73,6.28,1047.0,385.0,6.46,2.28,22.35,7550.0,795.0,24.86,1.37,6.4,3267.0,637.0,43.27,7.1,11.85,30181.0,2732.0,99.36,1.15,5.5,28185.0,2772.0,93.39,3.59,5.98,1878.0,828.0,6.22,2.69,26.8,118.0,87.0,0.39,0.29,44.82,30374.0,2727.0,100,,5.46,24399.0,2284.0,80.33,2.13,5.69,23255.0,2224.0,76.56,2.52,5.81,1144.0,447.0,3.77,1.43,23.75,5975.0,1085.0,19.67,3.1,11.04,5113.0,898.0,85.57,21.62,10.68,862.0,451.0,14.43,7.08,31.81,2564.0,609.0,42.91,6.57,14.44,1024.0,532.0,17.14,8.34,31.58,162.0,167.0,2.71,2.75,62.67,0.0,,0.0,,,2212.0,689.0,37.02,9.37,18.94,13.0,20.0,0.22,0.33,93.52,28210.0,2645.0,92.88,2.51,5.7,17591.0,1975.0,62.36,3.85,6.83,2695.0,798.0,9.55,2.68,18.0,4659.0,1018.0,16.52,3.26,13.28,10195.0,749.0,89.42,3.32,4.47,10029.0,705.0,87.97,2.67,4.27,24527.0,2079.0,80.75,9.97,5.15,13957.0,1487.0,56.9,3.67,6.48,12793.0,1255.0,52.16,2.58,5.96,1150.0,536.0,4.69,2.15,28.33,14.0,23.0,0.06,0.09,99.87,10570.0,1222.0,43.1,3.39,7.03,,,8.24,3.74,28.33,12566.0,1236.0,41.37,1.66,5.98,7477.0,941.0,59.5,4.67,7.65,758.0,316.0,6.03,2.44,25.34,2962.0,557.0,23.57,3.78,11.43,293.0,157.0,2.33,1.23,32.57,849.0,330.0,6.76,2.54,23.63,12793.0,1255.0,42.12,1.67,5.96,16.0,26.0,0.13,0.2,98.78,1184.0,336.0,9.26,2.46,17.25,348.0,206.0,2.72,1.59,35.99,119.0,115.0,0.93,0.89,58.75,1025.0,344.0,8.01,2.57,20.4,1263.0,341.0,9.87,2.48,16.41,353.0,220.0,2.76,1.7,37.89,1089.0,269.0,8.51,1.93,15.02,1247.0,394.0,9.75,2.93,19.21,3683.0,685.0,28.79,4.55,11.31,1263.0,519.0,9.87,3.94,24.98,429.0,199.0,3.35,1.52,28.2,774.0,289.0,6.05,2.18,22.7,615.0,281.0,5.39,2.44,27.78,569.0,328.0,4.99,2.86,35.04,556.0,203.0,4.88,1.75,22.2,472.0,185.0,4.14,1.6,23.83,867.0,346.0,7.6,3.0,24.26,1621.0,340.0,14.22,2.84,12.75,1157.0,327.0,10.15,2.8,17.18,2195.0,407.0,19.25,3.35,11.27,1158.0,316.0,10.16,2.7,16.59,2191.0,659.0,19.22,5.65,18.28,7927.0,692.0,69.53,4.17,5.31,5397.0,695.0,47.34,5.31,7.83,3469.0,499.0,30.43,3.93,8.74,516.0,209.0,4.53,1.81,24.62,186.0,111.0,1.63,0.97,36.28,1034.0,382.0,9.07,3.3,22.46,29396.0,2649.0,96.84,0.6,5.48,23362.0,2460.0,76.96,4.22,6.4,10853.0,1261.0,35.75,2.63,7.06,960.0,304.0,3.16,0.96,19.25,14575.0,1728.0,47.99,3.72,7.21,15799.0,1306.0,52.01,6.35,5.03,2164.0,676.0,7.12,2.13,18.99,2086.0,785.0,6.87,2.51,22.88,1498.0,498.0,4.93,1.58,20.21,1253.0,489.0,4.13,1.57,23.72,933.0,264.0,3.07,0.82,17.2,3112.0,623.0,10.25,1.83,12.17,3799.0,722.0,12.51,2.1,11.55,3878.0,750.0,12.77,2.19,11.76,2098.0,700.0,6.91,2.22,20.28,2003.0,476.0,6.59,1.45,14.45,3826.0,688.0,12.6,1.96,10.93,2206.0,500.0,7.26,1.51,13.78,1518.0,481.0,5.0,1.52,19.26,6596.0,1375.0,21.72,4.09,12.67,23778.0,1864.0,78.28,9.33,4.77,7550.0,795.0,24.86,1.37,6.4,3710.0,1150.0,12.21,3.62,18.84,21214.0,2093.0,69.84,2.86,6.0,1284.0,593.0,4.23,1.92,28.08,80.0,95.0,0.26,0.31,72.19,1710.0,1095.0,5.63,3.57,38.93,0.0,,0.0,,,2376.0,1027.0,7.82,3.31,26.28,7506.0,1210.0,24.71,3.31,9.8,22868.0,2302.0,75.29,3.43,6.12,19140.0,1916.0,63.01,2.79,6.09,1107.0,579.0,3.64,1.88,31.8,0.0,,0.0,,,1710.0,1095.0,5.63,3.57,38.93,0.0,,0.0,,,44.0,54.0,0.14,0.18,74.61,867.0,426.0,2.85,1.38,29.87
11415,11415,"11415, 11424",8588.0,392.0,100,,2.77,1926.0,249.0,22.43,2.71,7.86,3871.0,632.0,19.05,2.68,9.92,123.0,65.0,3.18,1.6,32.12,240.0,122.0,6.2,2.98,30.9,1583.0,444.0,40.89,9.33,17.05,585.0,180.0,15.11,3.94,18.7,1340.0,327.0,34.62,6.28,14.83,15411.0,1238.0,75.86,8.74,4.88,1044.0,658.0,6.77,4.23,38.31,770.0,173.0,5.0,1.05,13.66,2526.0,451.0,16.39,2.61,10.85,7832.0,688.0,50.82,1.81,5.34,16644.0,1334.0,81.93,9.43,4.87,322.0,239.0,1.93,1.43,45.12,20206.0,1683.0,99.46,1.07,5.06,2212.0,472.0,10.95,2.15,12.97,3649.0,727.0,17.96,3.26,12.11,103.0,75.0,2.82,1.98,44.26,13108.0,935.0,64.52,7.04,4.34,982.0,412.0,7.49,3.1,25.5,3449.0,733.0,16.98,3.32,12.92,1127.0,240.0,32.68,0.44,12.95,19873.0,1513.0,97.82,10.99,4.63,17528.0,1568.0,88.2,4.14,5.44,2175.0,458.0,10.94,2.15,12.8,170.0,101.0,0.86,0.5,36.12,20315.0,1678.0,100,,5.02,12410.0,1139.0,61.09,2.44,5.58,12044.0,1143.0,59.29,2.77,5.77,366.0,147.0,1.8,0.71,24.42,7905.0,1048.0,38.91,4.04,8.06,5457.0,736.0,69.03,1.71,8.2,2448.0,723.0,30.97,8.17,17.95,1687.0,397.0,21.34,4.15,14.31,3098.0,903.0,39.19,10.17,17.72,245.0,178.0,3.1,2.21,44.17,0.0,,0.0,,,2853.0,665.0,36.09,6.92,14.17,22.0,32.0,0.28,0.4,88.42,19139.0,1517.0,94.21,10.79,4.82,9453.0,899.0,49.39,2.6,5.78,3516.0,747.0,18.37,3.62,12.92,2960.0,558.0,15.47,2.65,11.46,8183.0,424.0,95.28,2.34,3.15,7817.0,444.0,91.02,3.08,3.45,16996.0,1343.0,83.66,9.56,4.8,11441.0,848.0,67.32,7.29,4.51,10780.0,768.0,63.43,6.75,4.33,642.0,268.0,3.78,1.55,25.38,19.0,33.0,0.11,0.19,105.58,5555.0,861.0,32.68,4.36,9.42,,,5.61,2.31,25.38,10602.0,760.0,52.19,5.71,4.36,2819.0,346.0,26.59,2.65,7.46,357.0,144.0,3.37,1.34,24.52,4984.0,619.0,47.01,4.77,7.55,449.0,145.0,4.24,1.33,19.63,1404.0,353.0,13.24,3.19,15.28,10780.0,768.0,53.06,5.79,4.33,0.0,,0.0,,,484.0,178.0,4.49,1.62,22.36,283.0,173.0,2.63,1.59,37.16,222.0,103.0,2.06,0.94,28.2,649.0,141.0,6.02,1.24,13.21,1080.0,252.0,10.02,2.23,14.18,492.0,231.0,4.56,2.12,28.54,1213.0,342.0,11.25,3.07,17.14,1708.0,318.0,15.84,2.73,11.32,2755.0,429.0,25.56,3.54,9.47,615.0,189.0,5.71,1.71,18.68,660.0,199.0,6.12,1.79,18.33,619.0,177.0,5.74,1.59,17.38,278.0,105.0,3.24,1.21,22.96,397.0,140.0,4.62,1.62,21.44,615.0,161.0,7.16,1.85,15.91,369.0,147.0,4.3,1.7,24.22,611.0,187.0,7.11,2.15,18.61,1330.0,287.0,15.49,3.27,13.12,1001.0,224.0,11.66,2.55,13.6,1718.0,298.0,20.0,3.35,10.54,880.0,198.0,10.25,2.26,13.68,1389.0,227.0,16.17,2.54,9.93,7168.0,431.0,83.47,3.27,3.66,2172.0,279.0,25.29,3.04,7.81,1004.0,196.0,11.69,2.22,11.87,346.0,103.0,4.03,1.19,18.1,95.0,51.0,1.11,0.59,32.63,840.0,222.0,9.78,2.55,16.07,19248.0,1666.0,95.26,2.24,5.26,13799.0,1282.0,68.29,2.81,5.65,7407.0,1474.0,36.66,6.63,12.1,958.0,265.0,4.74,1.25,16.82,10434.0,859.0,51.36,5.99,5.0,9881.0,1033.0,48.64,3.12,6.36,1176.0,343.0,5.79,1.62,17.73,1040.0,318.0,5.12,1.51,18.59,946.0,294.0,4.66,1.4,18.89,706.0,196.0,3.48,0.92,16.88,1036.0,280.0,5.1,1.31,16.43,3533.0,468.0,17.39,1.8,8.05,2782.0,453.0,13.69,1.92,9.9,2827.0,422.0,13.92,1.73,9.07,1374.0,266.0,6.76,1.18,11.77,1446.0,430.0,7.12,2.03,18.08,1876.0,382.0,9.23,1.72,12.38,1138.0,568.0,5.6,2.76,30.34,435.0,184.0,2.14,0.89,25.71,3652.0,727.0,17.98,3.26,12.1,16663.0,1332.0,82.02,9.43,4.86,3449.0,733.0,16.98,3.32,12.92,1790.0,427.0,8.81,1.97,14.5,9812.0,1391.0,48.3,5.56,8.62,1621.0,388.0,7.98,1.79,14.55,175.0,116.0,0.86,0.57,40.3,4598.0,1188.0,22.63,5.54,15.71,6.0,16.0,0.03,0.08,162.11,2313.0,614.0,11.39,2.87,16.14,4661.0,704.0,22.94,2.9,9.18,15654.0,1641.0,77.06,4.97,6.37,8596.0,1319.0,42.31,5.47,9.33,1359.0,332.0,6.69,1.54,14.85,34.0,44.0,0.17,0.22,78.67,4538.0,1177.0,22.34,5.49,15.77,6.0,16.0,0.03,0.08,162.11,421.0,327.0,2.07,1.6,47.22,700.0,258.0,3.45,1.24,22.41
11416,11416,11416,7485.0,474.0,100,,3.85,2894.0,277.0,38.66,2.77,5.82,7376.0,775.0,26.54,2.29,6.39,465.0,197.0,6.3,2.59,25.75,203.0,88.0,2.75,1.16,26.35,2850.0,475.0,38.64,5.0,10.13,1458.0,248.0,19.77,2.64,10.34,2400.0,342.0,32.54,3.13,8.66,18580.0,1155.0,66.85,1.09,3.78,2409.0,437.0,12.97,2.21,11.03,1876.0,318.0,10.1,1.59,10.3,5424.0,568.0,29.19,2.46,6.37,4757.0,648.0,25.6,3.1,8.28,21454.0,1258.0,77.19,6.47,3.56,468.0,199.0,2.18,0.92,25.85,27781.0,1667.0,99.95,0.18,3.65,2466.0,386.0,8.88,1.28,9.52,6333.0,749.0,22.79,2.32,7.19,140.0,68.0,2.21,1.04,29.53,17936.0,1109.0,64.53,0.97,3.76,1162.0,239.0,6.48,1.27,12.5,3512.0,506.0,12.64,1.66,8.76,1164.0,301.0,33.14,7.12,15.72,27493.0,1654.0,98.92,0.46,3.66,25800.0,1670.0,93.84,2.24,3.93,1410.0,398.0,5.13,1.41,17.16,283.0,113.0,1.03,0.41,24.27,27794.0,1667.0,100,,3.65,13434.0,1113.0,48.33,2.76,5.04,12359.0,1076.0,44.47,2.81,5.29,1075.0,244.0,3.87,0.85,13.8,14360.0,1003.0,51.67,1.85,4.25,8926.0,811.0,62.16,3.61,5.52,5434.0,768.0,37.84,4.65,8.59,872.0,416.0,6.07,2.87,29.0,4866.0,634.0,33.89,3.73,7.92,107.0,76.0,0.75,0.53,43.18,57.0,82.0,0.4,0.57,87.45,8447.0,916.0,58.82,4.88,6.59,11.0,12.0,0.08,0.08,66.32,26060.0,1576.0,93.76,0.73,3.68,8738.0,988.0,33.53,3.2,6.87,7407.0,805.0,28.42,2.57,6.61,10015.0,1179.0,38.43,3.88,7.16,7083.0,484.0,94.63,2.43,4.15,6880.0,468.0,91.92,2.28,4.14,22022.0,1306.0,79.23,6.68,3.61,14099.0,1050.0,64.02,2.88,4.53,13032.0,1005.0,59.18,2.92,4.69,1067.0,254.0,4.85,1.12,14.47,0.0,,0.0,,,7923.0,660.0,35.98,2.1,5.06,,,7.57,1.71,14.47,12724.0,1006.0,45.78,2.36,4.81,3956.0,563.0,31.09,3.68,8.65,851.0,210.0,6.69,1.56,15.0,5437.0,666.0,42.73,4.0,7.45,812.0,233.0,6.38,1.76,17.44,1240.0,323.0,9.75,2.42,15.83,13032.0,1005.0,46.89,2.27,4.69,0.0,,0.0,,,799.0,183.0,6.13,1.32,13.92,629.0,162.0,4.83,1.19,15.66,275.0,111.0,2.11,0.84,24.54,1510.0,298.0,11.59,2.1,12.0,1224.0,226.0,9.39,1.58,11.22,215.0,92.0,1.65,0.69,26.01,1223.0,464.0,9.38,3.49,23.06,1647.0,355.0,12.64,2.54,13.1,3221.0,351.0,24.72,1.9,6.62,1177.0,269.0,9.03,1.94,13.89,751.0,202.0,5.76,1.48,16.35,361.0,118.0,2.77,0.88,19.87,260.0,92.0,3.47,1.21,21.51,203.0,106.0,2.71,1.41,31.74,435.0,136.0,5.81,1.78,19.01,450.0,134.0,6.01,1.75,18.1,802.0,209.0,10.71,2.71,15.84,1266.0,321.0,16.91,4.15,15.41,922.0,211.0,12.32,2.71,13.91,1392.0,293.0,18.6,3.73,12.8,879.0,179.0,11.74,2.27,12.38,876.0,177.0,11.7,2.25,12.28,6570.0,451.0,87.78,2.33,4.17,1965.0,375.0,26.25,4.73,11.6,1133.0,294.0,15.14,3.81,15.77,464.0,108.0,6.2,1.39,14.15,303.0,105.0,4.05,1.38,21.07,1110.0,169.0,14.83,2.05,9.26,25065.0,1535.0,90.22,1.1,3.72,14984.0,1338.0,53.94,3.57,5.43,12315.0,1220.0,44.33,3.49,6.02,2716.0,586.0,9.78,2.03,13.12,14582.0,1052.0,52.46,2.1,4.39,13212.0,962.0,47.54,1.96,4.43,1734.0,309.0,6.24,1.05,10.83,1714.0,286.0,6.17,0.96,10.14,1866.0,321.0,6.71,1.08,10.46,1863.0,316.0,6.7,1.06,10.31,2037.0,303.0,7.33,1.0,9.04,4132.0,624.0,14.87,2.06,9.18,3501.0,452.0,12.6,1.44,7.85,3747.0,463.0,13.48,1.46,7.51,2031.0,328.0,7.31,1.1,9.82,1657.0,268.0,5.96,0.9,9.83,2500.0,405.0,8.99,1.35,9.85,632.0,183.0,2.27,0.64,17.6,380.0,226.0,1.37,0.81,36.15,6340.0,749.0,22.81,2.32,7.18,21454.0,1258.0,77.19,6.47,3.56,3512.0,506.0,12.64,1.66,8.76,4288.0,1011.0,15.43,3.52,14.33,5501.0,860.0,19.79,2.86,9.5,1394.0,435.0,5.02,1.54,18.97,144.0,113.0,0.52,0.41,47.7,9448.0,1169.0,33.99,3.68,7.52,0.0,,0.0,,,7019.0,965.0,25.25,3.12,8.36,12529.0,1318.0,45.08,3.9,6.39,15265.0,1459.0,54.92,4.09,5.81,3128.0,711.0,11.25,2.47,13.82,969.0,395.0,3.49,1.41,24.78,7.0,26.0,0.03,0.09,225.79,9448.0,1169.0,33.99,3.68,7.52,0.0,,0.0,,,597.0,247.0,2.15,0.88,25.15,1116.0,455.0,4.02,1.62,24.78
11417,11417,11417,9377.0,543.0,100,,3.52,3660.0,380.0,39.03,3.36,6.31,8291.0,889.0,26.57,2.33,6.52,658.0,281.0,7.94,3.28,25.96,424.0,136.0,5.11,1.55,19.5,3333.0,621.0,40.2,6.13,11.33,1502.0,247.0,18.12,2.26,10.0,2374.0,351.0,28.63,2.91,8.99,21094.0,1393.0,67.61,1.63,4.01,2503.0,585.0,11.87,2.66,14.21,1946.0,329.0,9.23,1.44,10.28,5767.0,607.0,27.34,2.24,6.4,5500.0,660.0,26.07,2.61,7.29,23772.0,1570.0,76.19,1.84,4.01,438.0,124.0,1.84,0.51,17.21,31200.0,1918.0,100.0,0.0,3.74,3123.0,432.0,10.01,1.24,8.41,7428.0,832.0,23.81,2.23,6.81,223.0,94.0,3.0,1.22,25.62,19554.0,1301.0,62.67,1.59,4.04,1461.0,310.0,7.47,1.51,12.9,4218.0,802.0,13.52,2.43,11.56,1439.0,289.0,34.12,2.21,12.21,30910.0,1917.0,99.07,0.81,3.77,28357.0,1926.0,91.74,2.54,4.13,2290.0,680.0,7.41,2.15,18.05,263.0,169.0,0.85,0.54,39.06,31200.0,1918.0,100,,3.74,17517.0,1331.0,56.14,2.51,4.62,16586.0,1229.0,53.16,2.2,4.5,931.0,322.0,2.98,1.02,21.03,13683.0,1296.0,43.86,3.16,5.76,9289.0,1083.0,67.89,4.62,7.09,4394.0,588.0,32.11,3.04,8.13,877.0,292.0,6.41,2.05,20.24,5174.0,1057.0,37.81,6.84,12.42,86.0,72.0,0.63,0.52,50.89,0.0,,0.0,,,7526.0,831.0,55.0,3.12,6.71,20.0,23.0,0.15,0.17,69.91,29177.0,1855.0,93.52,1.52,3.86,13284.0,1040.0,45.53,2.08,4.76,6351.0,1130.0,21.77,3.62,10.82,8516.0,1200.0,29.19,3.67,8.57,8616.0,512.0,91.88,1.23,3.61,8473.0,501.0,90.36,1.08,3.59,24487.0,1610.0,78.48,1.83,4.0,15139.0,1030.0,61.82,1.08,4.14,14150.0,969.0,57.79,1.11,4.16,989.0,267.0,4.04,1.06,16.41,0.0,,0.0,,,9348.0,995.0,38.18,3.2,6.47,,,6.53,1.71,16.41,13642.0,941.0,43.72,1.37,4.19,4934.0,596.0,36.17,3.59,7.34,729.0,216.0,5.34,1.54,18.01,5974.0,664.0,43.79,3.82,6.76,546.0,154.0,4.0,1.09,17.15,1051.0,302.0,7.7,2.15,17.47,14150.0,969.0,45.35,1.37,4.16,0.0,,0.0,,,968.0,276.0,6.84,1.89,17.33,477.0,131.0,3.37,0.9,16.7,376.0,181.0,2.66,1.27,29.26,1531.0,332.0,10.82,2.23,13.18,1411.0,285.0,9.97,1.89,12.28,215.0,88.0,1.52,0.61,24.88,908.0,217.0,6.42,1.47,14.53,1583.0,309.0,11.19,2.04,11.87,3618.0,397.0,25.57,2.19,6.67,1186.0,216.0,8.38,1.41,11.07,1084.0,291.0,7.66,1.99,16.32,793.0,217.0,5.6,1.48,16.63,392.0,106.0,4.18,1.1,16.44,325.0,123.0,3.47,1.3,23.01,379.0,117.0,4.04,1.23,18.77,748.0,302.0,7.98,3.19,24.54,1181.0,336.0,12.59,3.51,17.3,1223.0,261.0,13.04,2.68,12.97,1222.0,257.0,13.03,2.63,12.78,1659.0,302.0,17.69,3.05,11.07,1080.0,216.0,11.52,2.2,12.16,1168.0,198.0,12.46,1.98,10.31,7575.0,459.0,80.78,1.44,3.68,2907.0,434.0,31.0,4.27,9.08,1798.0,263.0,19.17,2.58,8.89,745.0,270.0,7.94,2.84,22.03,322.0,131.0,3.43,1.38,24.73,1414.0,310.0,15.08,3.19,13.33,28735.0,1829.0,92.1,1.52,3.87,18444.0,1392.0,59.12,2.59,4.59,12693.0,1497.0,40.68,4.09,7.17,2465.0,530.0,7.9,1.63,13.07,14603.0,1069.0,46.8,1.86,4.45,16597.0,1195.0,53.2,1.99,4.38,2023.0,381.0,6.48,1.15,11.45,2163.0,528.0,6.93,1.64,14.84,2205.0,426.0,7.07,1.29,11.74,1701.0,327.0,5.45,0.99,11.69,2014.0,308.0,6.46,0.9,9.3,4742.0,679.0,15.2,1.97,8.7,3662.0,393.0,11.74,1.03,6.52,4155.0,472.0,13.32,1.27,6.91,1938.0,313.0,6.21,0.93,9.82,2379.0,453.0,7.62,1.37,11.58,2547.0,562.0,8.16,1.73,13.41,1187.0,373.0,3.8,1.17,19.1,484.0,135.0,1.55,0.42,16.96,7428.0,832.0,23.81,2.23,6.81,23772.0,1570.0,76.19,1.84,4.01,4218.0,802.0,13.52,2.43,11.56,4729.0,1082.0,15.16,3.34,13.91,7695.0,933.0,24.66,2.58,7.37,2665.0,679.0,8.54,2.11,15.49,132.0,97.0,0.42,0.31,44.67,9060.0,1231.0,29.04,3.52,8.26,0.0,,0.0,,,6919.0,1138.0,22.18,3.38,10.0,11986.0,1404.0,38.42,3.83,7.12,19214.0,1650.0,61.58,3.69,5.22,5007.0,631.0,16.05,1.77,7.66,2216.0,632.0,7.1,1.98,17.34,39.0,38.0,0.12,0.12,59.23,8812.0,1181.0,28.24,3.36,8.15,0.0,,0.0,,,1593.0,745.0,5.11,2.37,28.43,1547.0,615.0,4.96,1.95,24.17
11418,11418,11418,11681.0,710.0,100,,3.69,3934.0,537.0,33.68,4.12,8.3,9755.0,1144.0,25.46,2.43,7.13,565.0,184.0,5.79,1.76,19.8,391.0,202.0,4.01,2.02,31.41,3690.0,752.0,37.83,6.3,12.39,1928.0,332.0,19.76,2.49,10.47,3181.0,392.0,32.61,1.23,7.49,26371.0,1463.0,68.82,6.03,3.37,2959.0,436.0,11.22,1.53,8.96,2310.0,357.0,8.76,1.26,9.39,7593.0,928.0,28.79,3.14,7.43,7895.0,845.0,29.94,2.74,6.51,29897.0,1754.0,78.03,7.0,3.57,676.0,200.0,2.26,0.66,17.99,37874.0,2611.0,98.84,1.17,4.19,4486.0,492.0,11.84,1.01,6.67,8383.0,1222.0,21.88,2.82,8.86,205.0,87.0,2.45,0.97,25.8,23640.0,1557.0,61.7,5.84,4.0,2193.0,306.0,9.28,1.14,8.48,5851.0,681.0,15.27,1.44,7.08,2088.0,317.0,35.69,3.48,9.23,37653.0,2470.0,98.27,9.28,3.99,34498.0,2382.0,91.62,1.97,4.2,2708.0,613.0,7.19,1.56,13.76,447.0,199.0,1.19,0.52,27.06,38317.0,2602.0,100,,4.13,19532.0,1929.0,50.97,3.66,6.0,18491.0,1897.0,48.26,3.71,6.24,1041.0,268.0,2.72,0.67,15.65,18785.0,1437.0,49.03,1.73,4.65,11892.0,1012.0,63.31,2.36,5.17,6893.0,952.0,36.69,4.22,8.4,1211.0,299.0,6.45,1.51,15.01,5463.0,952.0,29.08,4.55,10.59,188.0,130.0,1.0,0.69,42.04,21.0,28.0,0.11,0.15,81.05,11865.0,1133.0,63.16,3.61,5.8,37.0,35.0,0.2,0.19,57.5,35951.0,2329.0,93.83,8.81,3.94,14625.0,1358.0,40.68,2.71,5.64,9466.0,962.0,26.33,2.06,6.18,12905.0,1467.0,35.9,3.35,6.91,11099.0,696.0,95.02,1.47,3.81,10684.0,721.0,91.46,2.68,4.1,30866.0,1806.0,80.55,7.22,3.56,19586.0,1353.0,63.45,2.33,4.2,18330.0,1375.0,59.39,2.79,4.56,1219.0,243.0,3.95,0.75,12.12,37.0,37.0,0.12,0.12,60.79,11280.0,877.0,36.55,1.87,4.73,,,6.22,1.16,12.12,17668.0,1333.0,46.11,1.52,4.59,6334.0,996.0,35.85,4.95,9.56,997.0,218.0,5.64,1.16,13.29,7558.0,738.0,42.78,2.65,5.94,1029.0,322.0,5.82,1.77,19.02,1438.0,422.0,8.14,2.31,17.84,18330.0,1375.0,47.84,1.52,4.56,0.0,,0.0,,,1698.0,472.0,9.26,2.48,16.9,601.0,214.0,3.28,1.14,21.65,341.0,186.0,1.86,1.01,33.16,1892.0,354.0,10.32,1.77,11.37,2699.0,589.0,14.72,3.02,13.27,424.0,222.0,2.31,1.2,31.83,1061.0,254.0,5.79,1.32,14.55,2078.0,324.0,11.34,1.55,9.48,4634.0,526.0,25.28,2.15,6.9,1416.0,255.0,7.73,1.26,10.95,910.0,209.0,4.96,1.08,13.96,576.0,191.0,3.14,1.01,20.16,529.0,114.0,4.53,0.94,13.1,184.0,76.0,1.58,0.64,25.11,692.0,180.0,5.92,1.5,15.81,798.0,181.0,6.83,1.49,13.79,1702.0,483.0,14.57,4.04,17.25,1712.0,282.0,14.66,2.24,10.01,1570.0,291.0,13.44,2.35,11.27,2053.0,340.0,17.58,2.71,10.07,1154.0,248.0,9.88,2.04,13.06,1287.0,251.0,11.02,2.04,11.86,10079.0,747.0,86.29,3.66,4.51,3630.0,420.0,31.08,3.06,7.03,2360.0,406.0,20.2,3.25,10.46,734.0,154.0,6.28,1.26,12.75,532.0,158.0,4.55,1.32,18.05,1600.0,225.0,13.7,1.74,8.55,34388.0,2511.0,90.8,2.19,4.44,21998.0,2144.0,58.08,4.0,5.92,16503.0,1489.0,43.57,2.54,5.48,3486.0,630.0,9.2,1.54,10.99,19204.0,1541.0,50.12,2.14,4.88,19113.0,1362.0,49.88,1.08,4.33,2366.0,559.0,6.17,1.4,14.36,2121.0,456.0,5.54,1.13,13.07,2489.0,527.0,6.5,1.3,12.87,2303.0,397.0,6.01,0.95,10.48,2667.0,567.0,6.96,1.4,12.92,5608.0,731.0,14.64,1.63,7.92,4316.0,527.0,11.26,1.14,7.42,4678.0,542.0,12.21,1.15,7.04,2807.0,537.0,7.33,1.31,11.63,2778.0,343.0,7.25,0.75,7.51,3935.0,605.0,10.27,1.42,9.35,1626.0,279.0,4.24,0.67,10.43,623.0,186.0,1.63,0.47,18.15,8383.0,1222.0,21.88,2.82,8.86,29934.0,1758.0,78.12,7.01,3.57,6184.0,682.0,16.14,1.4,6.7,4951.0,1178.0,12.92,2.95,14.46,10635.0,1205.0,27.76,2.52,6.89,3378.0,742.0,8.82,1.84,13.35,451.0,222.0,1.18,0.57,29.92,8996.0,1379.0,23.48,3.23,9.32,0.0,,0.0,,,9906.0,1228.0,25.85,2.68,7.54,15918.0,1921.0,41.54,4.14,7.34,22399.0,2143.0,58.46,3.94,5.82,7235.0,1173.0,18.88,2.78,9.86,2866.0,783.0,7.48,1.98,16.61,251.0,163.0,0.66,0.42,39.48,8958.0,1380.0,23.38,3.23,9.36,0.0,,0.0,,,1032.0,342.0,2.69,0.87,20.15,2057.0,581.0,5.37,1.47,17.17
11419,11419,11419,12908.0,673.0,100,,3.17,4292.0,450.0,33.25,3.02,6.37,11004.0,1015.0,22.88,1.8,5.61,625.0,216.0,5.68,1.89,21.01,586.0,153.0,5.33,1.3,15.87,3721.0,526.0,33.81,3.62,8.59,2154.0,388.0,19.57,3.03,10.95,3918.0,517.0,35.61,3.36,8.02,35168.0,1785.0,73.12,1.16,3.09,5883.0,727.0,16.73,1.88,7.51,3413.0,413.0,9.7,1.07,7.36,11479.0,1052.0,32.64,2.49,5.57,7065.0,837.0,20.09,2.15,7.2,39801.0,1977.0,82.75,0.99,3.02,615.0,269.0,1.55,0.67,26.59,48010.0,2325.0,99.82,0.45,2.94,4743.0,557.0,9.88,1.06,7.14,8218.0,934.0,17.09,1.76,6.91,157.0,83.0,1.91,0.99,32.14,31935.0,1769.0,66.4,1.81,3.37,2150.0,349.0,6.73,1.03,9.87,7857.0,925.0,16.34,1.75,7.16,2436.0,413.0,31.0,3.78,10.31,47856.0,2313.0,99.5,0.33,2.94,44904.0,2440.0,93.83,2.33,3.3,2573.0,588.0,5.38,1.2,13.89,379.0,155.0,0.79,0.32,24.86,48096.0,2319.0,100,,2.93,16798.0,1324.0,34.93,2.18,4.79,15654.0,1264.0,32.55,2.11,4.91,1144.0,377.0,2.38,0.78,20.03,31298.0,1706.0,65.07,1.65,3.31,20637.0,1312.0,65.94,2.16,3.86,10661.0,1297.0,34.06,3.7,7.4,208.0,97.0,0.66,0.31,28.35,8123.0,1157.0,25.95,3.42,8.66,149.0,93.0,0.48,0.3,37.94,20.0,32.0,0.06,0.1,97.26,22725.0,1465.0,72.61,2.5,3.92,73.0,47.0,0.23,0.15,39.14,46139.0,2172.0,95.93,6.46,2.86,28522.0,1793.0,61.82,2.58,3.82,8664.0,1025.0,18.78,2.04,7.19,7049.0,1152.0,15.28,2.39,9.93,12398.0,701.0,96.05,2.1,3.44,11527.0,702.0,89.3,2.81,3.7,41062.0,1994.0,85.38,0.49,2.95,25335.0,1459.0,61.7,1.91,3.5,23082.0,1414.0,56.21,2.1,3.72,2184.0,471.0,5.32,1.12,13.11,69.0,68.0,0.17,0.17,59.91,15727.0,1044.0,38.3,1.73,4.04,,,8.62,1.79,13.11,22839.0,1409.0,47.49,1.83,3.75,8579.0,1060.0,37.56,4.02,7.51,1900.0,375.0,8.32,1.56,12.0,9576.0,776.0,41.93,2.2,4.93,1267.0,316.0,5.55,1.34,15.16,1236.0,271.0,5.41,1.14,13.33,23082.0,1414.0,47.99,1.81,3.72,0.0,,0.0,,,1743.0,361.0,7.55,1.49,12.59,872.0,201.0,3.78,0.84,14.01,571.0,214.0,2.47,0.91,22.78,2380.0,348.0,10.31,1.37,8.89,3176.0,505.0,13.76,2.02,9.67,302.0,96.0,1.31,0.41,19.32,1699.0,246.0,7.36,0.97,8.8,2160.0,365.0,9.36,1.47,10.27,6257.0,704.0,27.11,2.56,6.84,1492.0,219.0,6.46,0.86,8.92,1437.0,354.0,6.23,1.49,14.98,993.0,230.0,4.3,0.96,14.08,511.0,220.0,3.96,1.69,26.17,287.0,109.0,2.22,0.84,23.09,781.0,277.0,6.05,2.12,21.56,905.0,304.0,7.01,2.33,20.42,1087.0,321.0,8.42,2.45,17.95,1469.0,247.0,11.38,1.82,10.22,2009.0,496.0,15.56,3.76,15.01,2871.0,435.0,22.24,3.16,9.21,1559.0,244.0,12.08,1.78,9.51,1429.0,217.0,11.07,1.58,9.23,11285.0,706.0,87.43,3.02,3.8,4296.0,514.0,33.28,3.58,7.27,2171.0,349.0,16.82,2.56,9.77,839.0,149.0,6.5,1.1,10.8,854.0,189.0,6.62,1.42,13.45,2588.0,416.0,20.05,3.05,9.77,43496.0,2199.0,90.6,1.32,3.07,24597.0,1606.0,51.23,2.24,3.97,22446.0,1655.0,46.75,2.6,4.48,4514.0,684.0,9.4,1.35,9.21,24720.0,1475.0,51.4,1.81,3.63,23376.0,1303.0,48.6,1.36,3.39,1957.0,399.0,4.07,0.81,12.39,2118.0,359.0,4.4,0.72,10.3,2587.0,372.0,5.38,0.73,8.74,2727.0,474.0,5.67,0.95,10.57,3539.0,521.0,7.36,1.02,8.95,7376.0,725.0,15.34,1.31,5.98,5918.0,545.0,12.3,0.97,5.6,6693.0,712.0,13.92,1.32,6.47,3819.0,373.0,7.94,0.67,5.94,3505.0,511.0,7.29,1.0,8.86,4923.0,576.0,10.24,1.09,7.11,2510.0,744.0,5.22,1.53,18.02,424.0,145.0,0.88,0.3,20.79,8226.0,934.0,17.1,1.76,6.9,39870.0,1967.0,82.9,0.87,3.0,7857.0,925.0,16.34,1.75,7.16,6314.0,1143.0,13.13,2.29,11.0,3076.0,627.0,6.4,1.27,12.39,7176.0,857.0,14.92,1.63,7.26,776.0,419.0,1.61,0.87,32.82,16389.0,1530.0,34.08,2.72,5.68,65.0,60.0,0.14,0.12,56.11,14300.0,1588.0,29.73,2.97,6.75,8584.0,1268.0,17.85,2.49,8.98,39512.0,2081.0,82.15,1.74,3.2,1746.0,465.0,3.63,0.95,16.19,6686.0,798.0,13.9,1.52,7.26,550.0,395.0,1.14,0.82,43.66,16375.0,1526.0,34.05,2.72,5.67,45.0,50.0,0.09,0.1,67.54,10050.0,1411.0,20.9,2.76,8.53,4060.0,717.0,8.44,1.43,10.74
11420,11420,11420,13836.0,581.0,100,,2.55,5079.0,536.0,36.71,3.55,6.42,11386.0,1105.0,22.26,1.87,5.9,589.0,216.0,5.17,1.83,22.29,761.0,255.0,6.68,2.14,20.37,3704.0,564.0,32.53,3.82,9.26,2611.0,466.0,22.93,3.43,10.85,3721.0,523.0,32.68,3.32,8.54,37248.0,1763.0,72.82,4.93,2.88,4779.0,609.0,12.83,1.52,7.75,3370.0,601.0,9.05,1.56,10.84,12064.0,1031.0,32.39,2.3,5.2,7983.0,774.0,21.43,1.81,5.89,41950.0,1936.0,82.01,5.48,2.81,782.0,219.0,1.86,0.51,17.02,51124.0,2472.0,99.94,0.16,2.94,4803.0,581.0,9.39,1.04,7.35,9177.0,1059.0,17.94,1.88,7.02,382.0,157.0,4.16,1.64,24.98,35022.0,1794.0,68.47,1.16,3.11,2606.0,422.0,7.44,1.14,9.84,6925.0,841.0,13.54,1.51,7.38,1815.0,342.0,26.21,3.78,11.45,50655.0,2397.0,99.03,6.7,2.88,48103.0,2343.0,94.96,1.1,2.96,2289.0,622.0,4.52,1.21,16.52,263.0,176.0,0.52,0.35,40.68,51153.0,2472.0,100,,2.94,24229.0,1847.0,47.37,2.79,4.63,22868.0,1835.0,44.71,2.86,4.88,1361.0,312.0,2.66,0.6,13.94,26924.0,1630.0,52.63,1.92,3.68,18664.0,1185.0,69.32,1.33,3.86,8260.0,1109.0,30.68,3.68,8.16,298.0,129.0,1.11,0.47,26.32,4387.0,857.0,16.29,3.03,11.88,113.0,70.0,0.42,0.26,37.66,0.0,,0.0,,,22112.0,1678.0,82.13,3.76,4.61,14.0,13.0,0.05,0.05,56.45,48666.0,2280.0,95.14,6.4,2.85,33285.0,2196.0,68.39,3.18,4.01,6107.0,1087.0,12.55,2.15,10.82,8290.0,1389.0,17.03,2.74,10.19,13334.0,570.0,96.37,0.77,2.6,12946.0,568.0,93.57,1.19,2.67,43124.0,2002.0,84.3,5.65,2.82,27583.0,1550.0,63.96,2.03,3.42,25082.0,1479.0,58.16,2.11,3.58,2478.0,566.0,5.75,1.29,13.89,23.0,24.0,0.05,0.06,63.43,15541.0,1055.0,36.04,1.78,4.13,,,8.98,1.99,13.89,24484.0,1443.0,47.86,1.61,3.58,11598.0,995.0,47.37,2.95,5.22,1761.0,492.0,7.19,1.96,16.98,8543.0,846.0,34.89,2.78,6.02,637.0,234.0,2.6,0.94,22.33,1390.0,346.0,5.68,1.37,15.13,25082.0,1479.0,49.03,1.66,3.58,102.0,104.0,0.41,0.41,61.98,2101.0,540.0,8.38,2.1,15.62,973.0,224.0,3.88,0.86,13.99,431.0,159.0,1.72,0.63,22.43,2748.0,471.0,10.96,1.76,10.42,3799.0,576.0,15.15,2.12,9.22,322.0,117.0,1.28,0.46,22.09,1903.0,399.0,7.59,1.53,12.75,2179.0,348.0,8.69,1.29,9.71,6361.0,766.0,25.36,2.66,7.32,1467.0,313.0,5.85,1.2,12.97,1435.0,299.0,5.72,1.14,12.67,1261.0,290.0,5.03,1.12,13.98,427.0,135.0,3.09,0.97,19.22,348.0,136.0,2.52,0.98,23.76,544.0,157.0,3.93,1.12,17.54,618.0,163.0,4.47,1.16,16.03,1328.0,254.0,9.6,1.79,11.63,1842.0,386.0,13.31,2.73,12.74,1965.0,344.0,14.2,2.41,10.64,2780.0,387.0,20.09,2.67,8.46,2061.0,279.0,14.9,1.92,8.23,1923.0,366.0,13.9,2.58,11.57,12483.0,620.0,90.22,2.39,3.02,4198.0,501.0,30.34,3.39,7.25,2595.0,291.0,18.76,1.95,6.82,871.0,276.0,6.3,1.98,19.26,521.0,135.0,3.77,0.96,15.75,1924.0,371.0,13.91,2.62,11.72,46081.0,2423.0,90.14,1.86,3.2,30432.0,1808.0,59.53,2.05,3.61,19726.0,1603.0,38.58,2.52,4.94,5043.0,788.0,9.86,1.47,9.5,26198.0,1574.0,51.21,1.83,3.65,24955.0,1369.0,48.79,1.27,3.33,2487.0,462.0,4.86,0.87,11.29,2196.0,432.0,4.29,0.82,11.96,2617.0,469.0,5.12,0.88,10.89,3080.0,547.0,6.02,1.03,10.8,3525.0,462.0,6.89,0.84,7.97,8324.0,808.0,16.27,1.37,5.9,5664.0,615.0,11.07,1.08,6.6,7402.0,678.0,14.47,1.13,5.57,4737.0,595.0,9.26,1.07,7.64,4196.0,584.0,8.2,1.07,8.46,4358.0,638.0,8.52,1.18,8.9,2117.0,404.0,4.14,0.76,11.6,450.0,152.0,0.88,0.29,20.53,9180.0,1058.0,17.95,1.88,7.01,41973.0,1936.0,82.05,5.48,2.8,6925.0,841.0,13.54,1.51,7.38,8281.0,1267.0,16.19,2.35,9.3,4497.0,897.0,8.79,1.7,12.13,11379.0,1363.0,22.25,2.44,7.28,1039.0,527.0,2.03,1.03,30.83,17131.0,1674.0,33.49,2.84,5.94,134.0,144.0,0.26,0.28,65.33,8692.0,1429.0,16.99,2.67,9.99,10878.0,1614.0,21.27,2.98,9.02,40275.0,2235.0,78.73,2.15,3.37,2112.0,641.0,4.13,1.24,18.45,10901.0,1283.0,21.31,2.29,7.15,954.0,521.0,1.86,1.01,33.2,17066.0,1670.0,33.36,2.84,5.95,134.0,144.0,0.26,0.28,65.33,4012.0,828.0,7.84,1.57,12.55,5096.0,1194.0,9.96,2.28,14.24
11421,11421,11421,11840.0,641.0,100,,3.29,4312.0,476.0,36.42,3.5,6.71,9799.0,957.0,23.58,1.85,5.94,597.0,182.0,6.09,1.76,18.53,470.0,190.0,4.8,1.88,24.57,3454.0,515.0,35.25,3.97,9.06,2320.0,430.0,23.68,3.73,11.27,2958.0,461.0,30.19,3.67,9.47,29130.0,1784.0,70.1,1.29,3.72,3679.0,487.0,12.63,1.48,8.05,2465.0,397.0,8.46,1.26,9.79,8451.0,1004.0,29.01,2.95,7.22,7709.0,850.0,26.46,2.43,6.7,32950.0,1967.0,79.3,0.97,3.63,836.0,179.0,2.54,0.52,13.02,41537.0,2426.0,99.96,8.26,3.55,3474.0,414.0,8.36,0.87,7.24,8587.0,949.0,20.67,1.94,6.72,170.0,72.0,1.98,0.81,25.75,27365.0,1903.0,65.86,2.48,4.23,1490.0,248.0,5.44,0.82,10.12,5585.0,508.0,13.44,0.94,5.53,1814.0,292.0,32.48,4.31,9.79,41149.0,2385.0,99.03,8.15,3.52,37740.0,2402.0,91.72,2.41,3.87,3039.0,755.0,7.39,1.78,15.1,370.0,346.0,0.9,0.84,56.85,41552.0,2428.0,100,,3.55,21062.0,1675.0,50.69,2.73,4.83,19181.0,1490.0,46.16,2.36,4.72,1881.0,559.0,4.53,1.32,18.07,20490.0,1773.0,49.31,3.15,5.26,12426.0,1313.0,60.64,3.68,6.42,8064.0,947.0,39.36,3.12,7.14,1270.0,249.0,6.2,1.09,11.92,5079.0,748.0,24.79,2.95,8.95,139.0,81.0,0.68,0.39,35.42,0.0,,0.0,,,13943.0,1501.0,68.05,4.36,6.54,59.0,40.0,0.29,0.19,41.21,39153.0,2357.0,94.23,1.36,3.66,12330.0,1524.0,31.49,3.4,7.51,12959.0,1274.0,33.1,2.57,5.98,19024.0,1697.0,48.59,3.2,5.42,11160.0,621.0,94.26,1.21,3.38,10905.0,657.0,92.1,2.43,3.66,34275.0,2081.0,82.49,1.36,3.69,21207.0,1601.0,61.87,2.78,4.59,19687.0,1489.0,57.44,2.59,4.6,1505.0,312.0,4.39,0.87,12.6,15.0,20.0,0.04,0.06,81.05,13068.0,940.0,38.13,1.47,4.37,,,7.1,1.37,12.6,19083.0,1458.0,45.93,2.26,4.64,5101.0,500.0,26.73,1.64,5.96,1275.0,364.0,6.68,1.84,17.36,10595.0,1142.0,55.52,4.22,6.55,729.0,424.0,3.82,2.2,35.36,1165.0,248.0,6.1,1.21,12.94,19687.0,1489.0,47.38,2.28,4.6,11.0,20.0,0.06,0.1,110.53,1736.0,316.0,8.82,1.46,11.07,510.0,149.0,2.59,0.73,17.76,479.0,161.0,2.43,0.8,20.43,1514.0,346.0,7.69,1.66,13.89,1790.0,354.0,9.09,1.66,12.02,354.0,120.0,1.8,0.59,20.61,1397.0,287.0,7.1,1.36,12.49,2337.0,588.0,11.87,2.85,15.3,5587.0,675.0,28.38,2.67,7.34,2421.0,596.0,12.3,2.88,14.97,928.0,205.0,4.71,0.98,13.43,623.0,133.0,3.16,0.63,12.98,466.0,153.0,3.94,1.27,19.96,236.0,86.0,1.99,0.72,22.15,574.0,141.0,4.85,1.16,14.93,679.0,194.0,5.73,1.61,17.37,1224.0,277.0,10.34,2.27,13.76,2078.0,452.0,17.55,3.7,13.22,1828.0,293.0,15.44,2.33,9.74,1957.0,308.0,16.53,2.44,9.57,1353.0,279.0,11.43,2.27,12.54,1445.0,269.0,12.2,2.17,11.32,10032.0,654.0,84.73,3.08,3.96,3384.0,319.0,28.58,2.21,5.73,1909.0,241.0,16.12,1.84,7.67,765.0,200.0,6.46,1.65,15.89,385.0,129.0,3.25,1.08,20.37,1699.0,272.0,14.35,2.16,9.73,37232.0,2186.0,89.64,0.54,3.57,23470.0,1869.0,56.5,3.06,4.84,17278.0,1551.0,41.6,2.84,5.46,4305.0,768.0,10.36,1.75,10.84,21197.0,1293.0,51.01,0.89,3.71,20355.0,1451.0,48.99,2.0,4.33,2399.0,456.0,5.77,1.04,11.55,2113.0,330.0,5.09,0.74,9.49,2335.0,397.0,5.62,0.9,10.34,2581.0,504.0,6.21,1.16,11.87,2994.0,457.0,7.21,1.02,9.28,5511.0,556.0,13.26,1.09,6.13,6037.0,745.0,14.53,1.58,7.5,5990.0,766.0,14.42,1.64,7.77,3305.0,451.0,7.95,0.98,8.3,2702.0,544.0,6.5,1.25,12.24,3706.0,383.0,8.92,0.76,6.28,1314.0,231.0,3.16,0.52,10.69,565.0,185.0,1.36,0.44,19.9,8587.0,949.0,20.67,1.94,6.72,32965.0,1969.0,79.33,0.98,3.63,5585.0,508.0,13.44,0.94,5.53,8626.0,1658.0,20.76,3.8,11.68,11079.0,1250.0,26.66,2.57,6.86,2181.0,813.0,5.25,1.93,22.66,172.0,93.0,0.41,0.22,32.87,7504.0,865.0,18.06,1.79,7.01,63.0,101.0,0.15,0.24,97.46,11927.0,1309.0,28.7,2.67,6.67,24543.0,1929.0,59.07,3.1,4.78,17009.0,1432.0,40.93,2.48,5.12,5548.0,719.0,13.35,1.54,7.88,1717.0,720.0,4.13,1.72,25.49,0.0,,0.0,,,7447.0,853.0,17.92,1.77,6.96,0.0,,0.0,,,1199.0,465.0,2.89,1.11,23.58,1098.0,453.0,2.64,1.08,25.08
11422,11422,11422,10019.0,511.0,100,,3.1,3052.0,452.0,30.46,4.24,9.0,8239.0,1326.0,25.51,3.72,9.78,443.0,177.0,5.38,1.97,24.29,336.0,134.0,4.08,1.49,24.24,2885.0,623.0,35.02,5.04,13.13,1754.0,387.0,21.29,3.21,13.41,2821.0,631.0,34.24,5.32,13.6,23843.0,1412.0,73.83,6.65,3.6,1082.0,301.0,4.54,1.23,16.91,1495.0,350.0,6.27,1.42,14.23,6576.0,790.0,27.58,2.88,7.3,7126.0,715.0,29.89,2.42,6.1,26061.0,1542.0,80.69,7.27,3.6,717.0,189.0,2.75,0.71,16.02,32201.0,2199.0,99.71,0.72,4.15,3134.0,486.0,9.73,1.36,9.43,6140.0,1059.0,19.01,3.01,10.48,273.0,172.0,4.45,2.69,38.3,20312.0,1272.0,62.89,5.81,3.81,1494.0,266.0,7.36,1.23,10.82,5749.0,726.0,17.8,1.9,7.68,1367.0,368.0,23.78,5.65,16.36,32117.0,2186.0,99.45,0.46,4.14,30348.0,2187.0,94.49,2.24,4.38,1688.0,706.0,5.26,2.17,25.43,81.0,68.0,0.25,0.21,51.03,32296.0,2193.0,100,,4.13,19104.0,1501.0,59.15,2.34,4.78,18291.0,1456.0,56.64,2.35,4.84,813.0,240.0,2.52,0.72,17.95,13192.0,1456.0,40.85,3.55,6.71,10055.0,1040.0,76.22,11.53,6.29,3137.0,729.0,23.78,4.86,14.13,451.0,339.0,3.42,2.54,45.69,317.0,147.0,2.4,1.08,28.19,782.0,438.0,5.93,3.26,34.05,0.0,,0.0,,,11642.0,1369.0,88.25,3.58,7.15,0.0,,0.0,,,30995.0,2072.0,95.97,9.14,4.06,22471.0,1930.0,72.5,3.91,5.22,2582.0,544.0,8.33,1.66,12.81,2536.0,683.0,8.18,2.13,16.37,9608.0,496.0,95.9,0.77,3.14,8737.0,520.0,87.2,2.67,3.62,27150.0,1613.0,84.07,7.58,3.61,17019.0,1091.0,62.69,1.51,3.9,15700.0,1018.0,57.83,1.5,3.94,1224.0,280.0,4.51,1.0,13.91,95.0,85.0,0.35,0.31,54.39,10131.0,978.0,37.31,2.84,5.87,,,7.19,1.58,13.91,15263.0,961.0,47.26,4.38,3.83,7946.0,625.0,52.06,2.45,4.78,794.0,220.0,5.2,1.4,16.84,4754.0,603.0,31.15,3.43,7.71,325.0,135.0,2.13,0.87,25.25,1108.0,340.0,7.26,2.18,18.65,15700.0,1018.0,48.61,4.56,3.94,0.0,,0.0,,,492.0,191.0,3.13,1.2,23.6,130.0,108.0,0.83,0.69,50.5,137.0,90.0,0.87,0.57,39.94,1391.0,297.0,8.86,1.8,12.98,1934.0,389.0,12.32,2.35,12.23,329.0,143.0,2.1,0.9,26.42,910.0,248.0,5.8,1.53,16.57,1206.0,273.0,7.68,1.67,13.76,6329.0,700.0,40.31,3.61,6.72,994.0,334.0,6.33,2.09,20.43,479.0,180.0,3.05,1.13,22.84,1369.0,312.0,8.72,1.91,13.85,185.0,97.0,1.85,0.96,31.87,158.0,102.0,1.58,1.01,39.24,580.0,296.0,5.79,2.94,31.02,320.0,124.0,3.19,1.23,23.56,1012.0,320.0,10.1,3.15,19.22,1402.0,264.0,13.99,2.54,11.45,1267.0,291.0,12.65,2.83,13.96,2215.0,391.0,22.11,3.74,10.73,1355.0,302.0,13.52,2.93,13.55,1525.0,254.0,15.22,2.41,10.13,8293.0,550.0,82.77,3.51,4.03,3966.0,441.0,39.58,3.91,6.76,3170.0,380.0,31.64,3.43,7.29,714.0,263.0,7.13,2.6,22.39,269.0,121.0,2.68,1.2,27.34,1064.0,316.0,10.62,3.11,18.05,30265.0,2131.0,93.99,1.61,4.28,21949.0,1636.0,68.16,2.04,4.53,12112.0,1673.0,37.61,4.52,8.4,1936.0,483.0,6.01,1.44,15.17,15009.0,1325.0,46.47,2.62,5.37,17287.0,1160.0,53.53,5.11,4.08,1301.0,386.0,4.03,1.16,18.04,1665.0,433.0,5.16,1.29,15.81,1967.0,518.0,6.09,1.55,16.01,1706.0,318.0,5.28,0.92,11.33,1814.0,396.0,5.62,1.17,13.27,5099.0,755.0,15.79,2.08,9.0,3672.0,636.0,11.37,1.81,10.53,4369.0,544.0,13.53,1.41,7.57,2237.0,318.0,6.93,0.87,8.64,2717.0,404.0,8.41,1.11,9.04,3684.0,653.0,11.41,1.87,10.78,1517.0,334.0,4.7,0.98,13.38,548.0,164.0,1.7,0.49,18.19,6140.0,1059.0,19.01,3.01,10.48,26156.0,1533.0,80.99,7.26,3.56,5749.0,726.0,17.8,1.9,7.68,1824.0,523.0,5.65,1.57,17.43,2457.0,806.0,7.61,2.44,19.94,26049.0,2022.0,80.66,3.03,4.72,37.0,43.0,0.11,0.13,70.65,782.0,421.0,2.42,1.29,32.73,0.0,,0.0,,,1147.0,485.0,3.55,1.48,25.7,2873.0,736.0,8.9,2.2,15.57,29423.0,2209.0,91.1,2.92,4.56,1884.0,644.0,5.83,1.95,20.78,25585.0,2086.0,79.22,3.58,4.96,0.0,,0.0,,,782.0,421.0,2.42,1.29,32.73,0.0,,0.0,,,320.0,249.0,0.99,0.77,47.3,852.0,295.0,2.64,0.9,21.05
11423,11423,11423,9946.0,650.0,100,,3.97,2761.0,418.0,27.76,3.79,9.2,6791.0,863.0,22.7,2.46,7.73,289.0,131.0,4.26,1.85,27.56,214.0,111.0,3.15,1.58,31.53,2488.0,394.0,36.64,3.46,9.63,1273.0,285.0,18.75,3.46,13.61,2527.0,500.0,37.21,5.64,12.03,22020.0,1433.0,73.59,6.82,3.96,1806.0,344.0,8.2,1.47,11.58,1516.0,246.0,6.88,1.02,9.86,5611.0,635.0,25.48,2.36,6.88,7600.0,915.0,34.51,3.5,7.32,24600.0,1586.0,82.22,7.59,3.92,442.0,145.0,1.8,0.58,19.94,29582.0,1975.0,98.87,0.99,4.06,4014.0,559.0,13.57,1.66,8.47,5318.0,703.0,17.77,2.04,8.04,149.0,64.0,2.8,1.15,26.11,18721.0,1388.0,62.57,2.11,4.51,1623.0,316.0,8.67,1.56,11.84,5543.0,766.0,18.53,2.25,8.4,2242.0,461.0,40.45,6.16,12.5,29849.0,1979.0,99.76,0.62,4.03,28409.0,1971.0,95.18,1.95,4.22,1242.0,323.0,4.16,1.05,15.81,198.0,125.0,0.66,0.42,38.38,29921.0,1975.0,100,,4.01,13473.0,1226.0,45.03,2.82,5.53,12828.0,1182.0,42.87,2.76,5.6,645.0,198.0,2.16,0.65,18.66,16448.0,1416.0,54.97,3.04,5.23,12011.0,1264.0,73.02,4.42,6.4,4437.0,658.0,26.98,3.26,9.02,486.0,222.0,2.95,1.33,27.77,5116.0,992.0,31.1,5.4,11.79,791.0,455.0,4.81,2.74,34.97,0.0,,0.0,,,10036.0,1064.0,61.02,3.78,6.44,19.0,32.0,0.12,0.19,102.38,28661.0,1863.0,95.79,8.87,3.95,16457.0,1421.0,57.42,3.26,5.25,5252.0,836.0,18.32,2.66,9.68,3690.0,785.0,12.87,2.61,12.93,9154.0,578.0,92.04,8.36,3.84,8667.0,592.0,87.14,1.73,4.15,25356.0,1677.0,84.74,0.35,4.02,15737.0,1087.0,62.06,1.24,4.2,14240.0,1036.0,56.16,1.7,4.42,1497.0,388.0,5.9,1.48,15.76,0.0,,0.0,,,9619.0,987.0,37.94,2.98,6.24,,,9.51,2.38,15.76,13867.0,1034.0,46.35,1.61,4.53,5909.0,700.0,42.61,3.92,7.2,712.0,396.0,5.13,2.83,33.81,5935.0,653.0,42.8,3.46,6.69,415.0,144.0,2.99,1.01,21.09,686.0,214.0,4.95,1.5,18.96,14240.0,1036.0,47.59,1.46,4.42,0.0,,0.0,,,900.0,249.0,6.32,1.69,16.82,657.0,368.0,4.61,2.56,34.05,230.0,102.0,1.62,0.71,26.96,1503.0,310.0,10.55,2.04,12.54,1263.0,254.0,8.87,1.66,12.23,199.0,92.0,1.4,0.64,28.1,926.0,256.0,6.5,1.73,16.81,1430.0,259.0,10.04,1.67,11.01,4326.0,464.0,30.38,2.39,6.52,904.0,227.0,6.35,1.53,15.26,846.0,281.0,5.94,1.93,20.19,1056.0,259.0,7.42,1.74,14.91,747.0,333.0,7.51,3.31,27.1,199.0,93.0,2.0,0.93,28.41,525.0,165.0,5.28,1.62,19.11,487.0,146.0,4.9,1.43,18.22,1281.0,408.0,12.88,4.01,19.36,1582.0,245.0,15.91,2.23,9.41,1296.0,318.0,13.03,3.08,14.92,1505.0,284.0,15.13,2.68,11.47,1232.0,236.0,12.39,2.23,11.64,1092.0,239.0,10.98,2.29,13.3,8077.0,564.0,81.21,2.0,4.24,3030.0,413.0,30.46,3.64,8.29,1775.0,309.0,17.85,2.88,10.58,540.0,149.0,5.43,1.46,16.77,274.0,83.0,2.75,0.81,18.41,1297.0,336.0,13.04,3.27,15.75,27453.0,2008.0,92.8,2.77,4.45,16922.0,1367.0,57.2,2.6,4.91,13196.0,1448.0,44.61,3.88,6.67,2129.0,415.0,7.2,1.32,11.85,14647.0,1251.0,48.95,2.65,5.19,15274.0,1084.0,51.05,1.33,4.31,1260.0,303.0,4.21,0.97,14.62,1534.0,290.0,5.13,0.91,11.49,1526.0,321.0,5.1,1.02,12.79,1520.0,334.0,5.08,1.06,13.36,2061.0,426.0,6.89,1.35,12.57,4198.0,662.0,14.03,2.01,9.59,3222.0,369.0,10.77,1.01,6.96,4084.0,557.0,13.65,1.63,8.29,2400.0,395.0,8.02,1.21,10.01,2320.0,359.0,7.75,1.09,9.41,3200.0,468.0,10.69,1.4,8.89,1834.0,384.0,6.13,1.22,12.73,762.0,196.0,2.55,0.63,15.64,5321.0,702.0,17.78,2.03,8.02,24600.0,1586.0,82.22,7.59,3.92,5796.0,764.0,19.37,2.21,8.01,2031.0,568.0,6.79,1.84,17.0,3793.0,784.0,12.68,2.48,12.57,10078.0,1086.0,33.68,2.87,6.55,287.0,203.0,0.96,0.68,43.0,9191.0,1429.0,30.72,4.32,9.45,5.0,12.0,0.02,0.04,145.9,4536.0,1058.0,15.16,3.39,14.18,4388.0,851.0,14.67,2.67,11.79,25533.0,1781.0,85.33,1.92,4.24,3155.0,725.0,10.54,2.32,13.97,9994.0,1085.0,33.4,2.88,6.6,243.0,198.0,0.81,0.66,49.53,9153.0,1430.0,30.59,4.33,9.5,5.0,12.0,0.02,0.04,145.9,1654.0,551.0,5.53,1.81,20.25,1329.0,424.0,4.44,1.39,19.39
11426,11426,11426,6108.0,406.0,100,,4.04,1647.0,291.0,26.96,4.41,10.74,3636.0,601.0,18.43,2.53,10.05,262.0,123.0,7.21,3.17,28.54,70.0,57.0,1.93,1.54,49.5,1319.0,380.0,36.28,8.56,17.51,600.0,192.0,16.5,4.52,19.45,1385.0,317.0,38.09,6.03,13.91,14645.0,1346.0,74.22,9.66,5.59,822.0,274.0,5.61,1.8,20.26,894.0,317.0,6.1,2.09,21.56,3265.0,725.0,22.29,4.51,13.5,6210.0,866.0,42.4,4.45,8.48,16262.0,1431.0,82.41,10.5,5.35,201.0,79.0,1.24,0.47,23.89,19708.0,1818.0,99.87,0.56,5.61,1702.0,365.0,8.64,1.67,13.04,3446.0,622.0,17.46,2.71,10.97,127.0,56.0,3.69,1.48,26.81,11588.0,1025.0,58.72,7.5,5.38,451.0,165.0,3.89,1.38,22.24,4674.0,837.0,23.69,3.64,10.89,1124.0,338.0,24.05,5.81,18.28,19631.0,1807.0,99.48,12.95,5.6,17932.0,1827.0,91.35,3.99,6.19,1590.0,563.0,8.1,2.77,21.53,109.0,95.0,0.56,0.48,52.98,19733.0,1817.0,100,,5.6,9972.0,1253.0,50.53,4.32,7.64,9443.0,1178.0,47.85,4.03,7.58,529.0,354.0,2.68,1.78,40.68,9761.0,1321.0,49.47,4.91,8.23,6835.0,1171.0,70.02,7.36,10.41,2926.0,760.0,29.98,6.65,15.79,365.0,158.0,3.74,1.54,26.31,6762.0,1273.0,69.28,9.07,11.44,59.0,59.0,0.6,0.6,60.79,28.0,41.0,0.29,0.42,89.01,2487.0,656.0,25.48,5.77,16.03,60.0,47.0,0.61,0.47,47.62,18489.0,1734.0,93.7,1.67,5.7,7306.0,958.0,39.52,3.62,7.97,4136.0,724.0,22.37,3.31,10.64,2601.0,839.0,14.07,4.34,19.61,5890.0,415.0,96.43,2.25,4.28,5549.0,391.0,90.85,2.12,4.28,16623.0,1436.0,84.24,10.64,5.25,10626.0,1085.0,63.92,3.48,6.21,10134.0,1066.0,60.96,3.66,6.39,492.0,200.0,2.96,1.18,24.71,0.0,,0.0,,,5997.0,737.0,36.08,3.15,7.47,,,4.63,1.82,24.71,9939.0,1054.0,50.37,2.65,6.45,5683.0,709.0,57.18,3.76,7.58,1412.0,427.0,14.21,4.02,18.38,1953.0,543.0,19.65,5.05,16.9,50.0,47.0,0.5,0.47,57.14,786.0,222.0,7.91,2.07,17.17,10134.0,1066.0,51.36,2.61,6.39,0.0,,0.0,,,671.0,327.0,6.62,3.15,29.63,160.0,81.0,1.58,0.78,30.78,190.0,89.0,1.87,0.86,28.48,1221.0,280.0,12.05,2.46,13.94,843.0,190.0,8.32,1.66,13.7,286.0,376.0,2.82,3.7,79.92,645.0,253.0,6.36,2.41,23.84,1419.0,405.0,14.0,3.72,17.35,3158.0,499.0,31.16,3.67,9.61,727.0,255.0,7.17,2.4,21.32,389.0,142.0,3.84,1.34,22.19,425.0,138.0,4.19,1.29,19.74,86.0,66.0,1.41,1.08,46.65,61.0,42.0,1.0,0.68,41.86,267.0,145.0,4.37,2.36,33.01,207.0,107.0,3.39,1.74,31.42,317.0,120.0,5.19,1.93,23.01,620.0,180.0,10.15,2.87,17.65,1205.0,308.0,19.73,4.87,15.54,1225.0,269.0,20.06,4.2,13.35,1200.0,276.0,19.65,4.33,13.98,920.0,210.0,15.06,3.29,13.88,4968.0,379.0,81.34,3.05,4.64,2418.0,369.0,39.59,5.44,9.28,1822.0,363.0,29.83,5.6,12.11,224.0,90.0,3.67,1.45,24.42,342.0,166.0,5.6,2.69,29.51,435.0,162.0,7.12,2.61,22.64,18482.0,1692.0,93.78,12.19,5.57,13918.0,1629.0,70.62,5.09,7.12,7284.0,1088.0,36.96,4.34,9.08,1226.0,604.0,6.22,3.01,29.95,10075.0,846.0,51.06,6.36,5.1,9658.0,1150.0,48.94,3.7,7.24,1244.0,294.0,6.3,1.37,14.37,750.0,224.0,3.8,1.08,18.16,1027.0,357.0,5.2,1.74,21.13,818.0,206.0,4.15,0.97,15.31,1249.0,261.0,6.33,1.19,12.7,2354.0,426.0,11.93,1.86,11.0,2322.0,541.0,11.77,2.52,14.16,2488.0,408.0,12.61,1.71,9.97,1369.0,331.0,6.94,1.55,14.7,1438.0,318.0,7.29,1.47,13.44,3022.0,624.0,15.31,2.83,12.55,1133.0,370.0,5.74,1.8,19.85,519.0,185.0,2.63,0.91,21.67,3471.0,621.0,17.59,2.7,10.88,16262.0,1431.0,82.41,10.5,5.35,4674.0,837.0,23.69,3.64,10.89,1775.0,516.0,9.0,2.48,17.67,5340.0,838.0,27.06,3.44,9.54,1165.0,433.0,5.9,2.13,22.59,0.0,,0.0,,,9252.0,1565.0,46.89,6.65,10.28,0.0,,0.0,,,2201.0,869.0,11.15,4.28,24.0,3546.0,934.0,17.97,4.43,16.01,16187.0,1615.0,82.03,3.15,6.07,4543.0,732.0,23.02,3.04,9.79,1129.0,435.0,5.72,2.14,23.42,0.0,,0.0,,,9243.0,1564.0,46.84,6.65,10.29,0.0,,0.0,,,468.0,334.0,2.37,1.68,43.38,804.0,389.0,4.07,1.94,29.41
11427,11427,11427,8046.0,477.0,100,,3.6,2411.0,318.0,29.97,3.53,8.02,5102.0,659.0,20.26,2.08,7.85,284.0,142.0,5.57,2.69,30.4,182.0,92.0,3.57,1.74,30.73,1829.0,398.0,35.85,6.28,13.23,1103.0,229.0,21.62,3.51,12.62,1704.0,319.0,33.4,4.53,11.38,18763.0,1424.0,74.49,8.14,4.61,1668.0,358.0,8.89,1.78,13.05,1466.0,286.0,7.81,1.4,11.86,4271.0,607.0,22.76,2.74,8.64,6502.0,675.0,34.65,2.45,6.31,20196.0,1519.0,80.18,8.72,4.57,512.0,156.0,2.54,0.75,18.52,24858.0,1981.0,98.69,1.29,4.84,3518.0,469.0,14.15,1.51,8.1,4986.0,829.0,19.8,2.9,10.11,97.0,74.0,1.95,1.45,46.38,14267.0,1104.0,56.64,6.25,4.7,1621.0,269.0,11.36,1.67,10.09,5605.0,710.0,22.25,2.21,7.7,1800.0,368.0,32.11,5.15,12.43,24815.0,1926.0,98.52,10.88,4.72,23336.0,1899.0,94.04,2.3,4.95,1351.0,314.0,5.44,1.19,14.13,128.0,93.0,0.52,0.37,44.17,25187.0,1980.0,100,,4.78,12897.0,1454.0,51.2,4.14,6.85,12280.0,1469.0,48.76,4.4,7.27,617.0,176.0,2.45,0.67,17.34,12290.0,1032.0,48.8,1.44,5.1,9328.0,882.0,75.9,3.3,5.75,2962.0,499.0,24.1,3.52,10.24,342.0,164.0,2.78,1.31,29.15,6104.0,821.0,49.67,5.22,8.18,117.0,112.0,0.95,0.91,58.19,0.0,,0.0,,,5727.0,716.0,46.6,4.32,7.6,0.0,,0.0,,,23347.0,1732.0,92.69,10.02,4.51,10457.0,1211.0,44.79,3.98,7.04,5558.0,777.0,23.81,2.82,8.5,4265.0,816.0,18.27,3.22,11.63,7539.0,466.0,93.7,1.64,3.76,7394.0,489.0,91.9,2.69,4.02,20735.0,1540.0,82.32,8.9,4.51,11804.0,944.0,56.93,1.69,4.86,11011.0,870.0,53.1,1.43,4.8,790.0,230.0,3.81,1.07,17.7,3.0,7.0,0.01,0.03,141.84,8931.0,1037.0,43.07,3.84,7.06,,,6.69,1.87,17.7,10734.0,845.0,42.62,0.18,4.79,5233.0,597.0,48.75,4.03,6.94,744.0,222.0,6.93,1.99,18.14,3479.0,518.0,32.41,4.1,9.05,141.0,94.0,1.31,0.87,40.53,865.0,257.0,8.06,2.31,18.06,11011.0,870.0,43.72,0.35,4.8,0.0,,0.0,,,523.0,156.0,4.75,1.37,18.13,380.0,133.0,3.45,1.18,21.28,172.0,106.0,1.56,0.95,37.46,1055.0,221.0,9.58,1.86,12.73,1063.0,255.0,9.65,2.19,14.58,358.0,174.0,3.25,1.56,29.55,779.0,224.0,7.07,1.96,17.48,1004.0,261.0,9.12,2.26,15.8,3583.0,435.0,32.54,3.0,7.38,738.0,251.0,6.7,2.22,20.68,645.0,216.0,5.86,1.91,20.36,711.0,233.0,6.46,2.05,19.92,390.0,141.0,4.85,1.73,21.98,241.0,110.0,3.0,1.36,27.75,360.0,157.0,4.47,1.93,26.51,546.0,154.0,6.79,1.87,17.15,660.0,182.0,8.2,2.21,16.76,1262.0,248.0,15.68,2.94,11.95,1031.0,241.0,12.81,2.9,14.21,1574.0,346.0,19.56,4.14,13.36,899.0,231.0,11.17,2.79,15.62,1083.0,216.0,13.46,2.56,12.12,6481.0,500.0,80.55,3.98,4.69,2952.0,392.0,36.69,4.36,8.07,2196.0,335.0,27.29,3.84,9.27,435.0,128.0,5.41,1.56,17.89,394.0,139.0,4.9,1.7,21.45,843.0,225.0,10.48,2.73,16.23,23813.0,1959.0,95.8,1.96,5.0,15945.0,1478.0,64.14,3.04,5.63,11044.0,1512.0,44.43,4.95,8.32,1045.0,378.0,4.2,1.48,21.99,12216.0,1301.0,48.5,3.48,6.47,12971.0,1104.0,51.5,1.68,5.17,1840.0,601.0,7.31,2.32,19.86,1005.0,252.0,3.99,0.95,15.24,1325.0,311.0,5.26,1.16,14.27,1119.0,240.0,4.44,0.89,13.04,1135.0,305.0,4.51,1.16,16.34,3537.0,548.0,14.04,1.87,9.42,2780.0,421.0,11.04,1.43,9.21,2746.0,404.0,10.9,1.36,8.94,2019.0,322.0,8.02,1.11,9.7,1979.0,361.0,7.86,1.29,11.09,3912.0,562.0,15.53,1.87,8.73,1269.0,293.0,5.04,1.09,14.04,521.0,172.0,2.07,0.66,20.07,4988.0,828.0,19.8,2.9,10.09,20199.0,1519.0,80.2,8.72,4.57,5702.0,713.0,22.64,2.2,7.6,2225.0,677.0,8.83,2.6,18.5,5072.0,879.0,20.14,3.11,10.54,5707.0,982.0,22.66,3.47,10.46,133.0,149.0,0.53,0.59,68.1,8714.0,1067.0,34.6,3.25,7.44,0.0,,0.0,,,3336.0,916.0,13.24,3.48,16.69,5280.0,861.0,20.96,2.99,9.91,19907.0,1874.0,79.04,4.09,5.72,3740.0,828.0,14.85,3.07,13.46,5422.0,979.0,21.53,3.5,10.98,29.0,45.0,0.12,0.18,94.33,8696.0,1075.0,34.53,3.29,7.51,0.0,,0.0,,,727.0,353.0,2.89,1.38,29.52,1293.0,564.0,5.13,2.2,26.52
11428,11428,11428,6153.0,483.0,100,,4.77,1588.0,210.0,25.81,2.75,8.04,4030.0,533.0,20.61,2.23,8.04,284.0,120.0,7.05,2.83,25.69,182.0,89.0,4.52,2.13,29.73,1216.0,250.0,30.17,4.75,12.5,910.0,193.0,22.58,3.74,12.89,1438.0,276.0,35.68,4.96,11.67,14561.0,1179.0,74.47,2.13,4.92,1554.0,457.0,10.67,3.02,17.88,1056.0,324.0,7.25,2.15,18.65,4368.0,621.0,30.0,3.51,8.64,3979.0,517.0,27.33,2.78,7.9,16355.0,1257.0,83.64,1.09,4.67,313.0,116.0,1.91,0.69,22.53,19552.0,1480.0,99.99,10.71,4.6,2194.0,396.0,11.22,1.84,10.97,3198.0,463.0,16.35,2.02,8.8,102.0,66.0,3.19,2.01,39.33,12192.0,1008.0,62.35,2.07,5.03,889.0,232.0,7.29,1.8,15.86,4162.0,717.0,21.28,3.29,10.47,1203.0,291.0,28.9,4.91,14.7,19467.0,1483.0,99.56,0.82,4.63,18889.0,1435.0,97.03,10.44,4.62,484.0,157.0,2.49,0.78,19.72,94.0,72.0,0.48,0.37,46.56,19554.0,1481.0,100,,4.6,9252.0,909.0,47.32,2.96,5.97,8477.0,865.0,43.35,2.96,6.2,775.0,358.0,3.96,1.81,28.08,10302.0,957.0,52.68,2.83,5.65,7419.0,716.0,72.02,1.88,5.87,2883.0,490.0,27.98,3.98,10.33,331.0,144.0,3.21,1.37,26.45,2990.0,605.0,29.02,5.22,12.3,150.0,137.0,1.46,1.32,55.52,0.0,,0.0,,,6805.0,763.0,66.06,4.15,6.82,26.0,29.0,0.25,0.28,67.8,18579.0,1373.0,95.01,10.05,4.49,9982.0,947.0,53.73,3.2,5.77,4110.0,839.0,22.12,4.21,12.41,3686.0,841.0,19.84,4.28,13.87,5783.0,488.0,93.99,2.91,5.13,5409.0,461.0,87.91,2.92,5.18,16811.0,1293.0,85.97,1.15,4.68,10271.0,831.0,61.1,1.53,4.92,9460.0,853.0,56.27,2.65,5.48,811.0,177.0,4.82,0.99,13.27,0.0,,0.0,,,6540.0,853.0,38.9,4.1,7.93,,,7.9,1.6,13.27,9312.0,843.0,47.62,2.36,5.5,4294.0,561.0,46.11,4.34,7.94,557.0,170.0,5.98,1.74,18.55,3170.0,396.0,34.04,2.93,7.59,182.0,153.0,1.95,1.63,51.1,921.0,234.0,9.89,2.35,15.45,9460.0,853.0,48.38,2.37,5.48,0.0,,0.0,,,503.0,145.0,5.32,1.46,17.52,512.0,183.0,5.41,1.87,21.73,421.0,206.0,4.45,2.14,29.75,933.0,169.0,9.86,1.55,11.01,902.0,241.0,9.53,2.4,16.24,184.0,94.0,1.95,0.98,31.06,781.0,187.0,8.26,1.83,14.56,822.0,188.0,8.69,1.83,13.9,2871.0,432.0,30.35,3.66,9.15,495.0,139.0,5.23,1.39,17.07,517.0,143.0,5.47,1.43,16.81,519.0,198.0,5.49,2.03,23.19,197.0,85.0,3.2,1.36,26.23,221.0,160.0,3.59,2.59,44.01,280.0,105.0,4.55,1.67,22.8,397.0,184.0,6.45,2.95,28.17,629.0,358.0,10.22,5.76,34.6,995.0,242.0,16.17,3.72,14.79,612.0,162.0,9.95,2.51,16.09,1304.0,213.0,21.19,3.04,9.93,687.0,148.0,11.17,2.24,13.1,831.0,201.0,13.51,3.09,14.7,4828.0,449.0,78.47,3.91,5.65,2600.0,440.0,42.26,6.34,10.29,1750.0,391.0,28.44,5.95,13.58,331.0,115.0,5.38,1.82,21.12,102.0,44.0,1.66,0.7,26.22,475.0,180.0,7.72,2.86,23.04,18140.0,1431.0,92.78,2.06,4.8,11808.0,1124.0,60.39,3.49,5.79,8324.0,1099.0,42.57,4.61,8.03,1412.0,303.0,7.22,1.45,13.04,9703.0,798.0,49.62,1.59,5.0,9851.0,850.0,50.38,2.08,5.25,975.0,310.0,4.99,1.54,19.33,667.0,192.0,3.41,0.95,17.5,939.0,216.0,4.8,1.04,13.98,1012.0,216.0,5.18,1.03,12.97,1400.0,357.0,7.16,1.74,15.5,2594.0,459.0,13.27,2.12,10.76,1890.0,346.0,9.67,1.61,11.13,3028.0,434.0,15.49,1.88,8.71,1377.0,270.0,7.04,1.27,11.92,1510.0,331.0,7.72,1.59,13.33,2482.0,504.0,12.69,2.39,12.34,1314.0,613.0,6.72,3.09,28.36,366.0,205.0,1.87,1.04,34.05,3199.0,463.0,16.36,2.02,8.8,16355.0,1257.0,83.64,1.09,4.67,4162.0,717.0,21.28,3.29,10.47,2094.0,516.0,10.71,2.51,14.98,2305.0,493.0,11.79,2.36,13.0,4074.0,847.0,20.83,4.03,12.64,77.0,59.0,0.39,0.3,46.58,6245.0,845.0,31.94,3.58,8.23,0.0,,0.0,,,4759.0,1108.0,24.34,5.36,14.15,5120.0,1013.0,26.18,4.79,12.03,14434.0,1319.0,73.82,3.77,5.56,1638.0,391.0,8.38,1.9,14.51,3919.0,837.0,20.04,4.0,12.98,26.0,35.0,0.13,0.18,81.83,6215.0,847.0,31.78,3.6,8.28,0.0,,0.0,,,1686.0,646.0,8.62,3.24,23.29,950.0,343.0,4.86,1.72,21.95
11429,11429,11429,8038.0,636.0,100,,4.81,2504.0,362.0,31.15,3.77,8.79,6775.0,915.0,24.33,2.86,8.21,152.0,91.0,2.24,1.31,36.39,172.0,78.0,2.54,1.1,27.57,2283.0,460.0,33.7,5.04,12.25,1635.0,379.0,24.13,4.55,14.09,2533.0,494.0,37.39,5.26,11.86,19662.0,1316.0,70.61,0.43,4.07,1311.0,313.0,6.67,1.53,14.51,1636.0,311.0,8.32,1.48,11.56,6176.0,772.0,31.41,3.32,7.6,5360.0,708.0,27.26,3.1,8.03,22860.0,1585.0,82.1,1.57,4.21,645.0,173.0,2.82,0.73,16.3,27816.0,1855.0,99.9,0.21,4.05,3214.0,548.0,11.55,1.81,10.36,4980.0,713.0,17.88,2.27,8.7,194.0,125.0,3.9,2.45,39.17,17945.0,1320.0,64.45,2.01,4.47,1166.0,231.0,6.5,1.2,12.04,4891.0,600.0,17.57,1.81,7.46,1854.0,490.0,37.91,8.87,16.07,27639.0,1843.0,99.26,0.19,4.05,25702.0,1935.0,92.99,3.25,4.58,1858.0,477.0,6.72,1.67,15.61,79.0,76.0,0.29,0.27,58.48,27845.0,1856.0,100,,4.05,15280.0,1085.0,54.88,1.34,4.32,14497.0,1032.0,52.06,1.3,4.33,783.0,442.0,2.81,1.58,34.32,12565.0,1466.0,45.12,4.32,7.09,9012.0,1014.0,71.72,11.63,6.84,3553.0,783.0,28.28,5.29,13.4,115.0,70.0,0.92,0.55,37.0,1621.0,479.0,12.9,3.5,17.96,258.0,135.0,2.05,1.05,31.81,0.0,,0.0,,,10541.0,1487.0,83.89,6.65,8.58,30.0,23.0,0.24,0.18,46.61,26748.0,1833.0,96.06,1.53,4.17,18611.0,1942.0,69.58,5.48,6.34,4228.0,813.0,15.81,2.84,11.69,3293.0,918.0,12.31,3.33,16.95,7305.0,462.0,90.88,9.21,3.84,7128.0,498.0,88.68,9.36,4.25,23655.0,1688.0,84.95,2.16,4.34,15510.0,1244.0,65.57,2.4,4.88,13915.0,1164.0,58.82,2.57,5.09,1595.0,326.0,6.74,1.29,12.42,0.0,,0.0,,,8145.0,761.0,34.43,2.08,5.68,,,10.28,1.93,12.42,13352.0,1176.0,47.95,2.76,5.35,5946.0,798.0,44.53,4.51,8.16,902.0,300.0,6.76,2.17,20.22,4708.0,606.0,35.26,3.31,7.82,267.0,124.0,2.0,0.91,28.23,1196.0,327.0,8.96,2.32,16.62,13915.0,1164.0,49.97,2.53,5.09,14.0,22.0,0.1,0.16,95.53,927.0,202.0,6.66,1.34,13.25,344.0,123.0,2.47,0.86,21.74,203.0,101.0,1.46,0.72,30.25,1483.0,331.0,10.66,2.21,13.57,2189.0,504.0,15.73,3.37,14.0,386.0,157.0,2.77,1.1,24.73,878.0,201.0,6.31,1.34,13.92,784.0,243.0,5.63,1.68,18.84,4292.0,510.0,30.84,2.6,7.22,910.0,240.0,6.54,1.64,16.03,550.0,184.0,3.95,1.28,20.34,955.0,327.0,6.86,2.28,20.82,315.0,171.0,3.92,2.1,33.0,587.0,407.0,7.3,5.03,42.15,212.0,76.0,2.64,0.92,21.79,660.0,251.0,8.21,3.05,23.12,399.0,132.0,4.96,1.59,20.11,858.0,202.0,10.67,2.37,14.31,1096.0,210.0,13.64,2.38,11.65,1621.0,324.0,20.17,3.7,12.15,991.0,292.0,12.33,3.5,17.91,1299.0,200.0,16.16,2.13,9.36,6428.0,461.0,79.97,8.54,4.36,3181.0,513.0,39.57,5.56,9.8,2082.0,331.0,25.9,3.57,9.66,435.0,131.0,5.41,1.57,18.31,710.0,227.0,8.83,2.74,19.44,1210.0,306.0,15.05,3.62,15.37,25786.0,1672.0,92.7,8.62,3.94,17557.0,1382.0,63.12,2.64,4.79,10819.0,1012.0,38.89,2.55,5.69,2030.0,504.0,7.3,1.75,15.09,13147.0,1012.0,47.21,1.82,4.68,14698.0,1224.0,52.79,2.64,5.06,1097.0,266.0,3.94,0.92,14.74,1137.0,250.0,4.08,0.86,13.37,1574.0,348.0,5.65,1.19,13.44,1781.0,403.0,6.4,1.38,13.76,2594.0,388.0,9.32,1.25,9.09,3374.0,443.0,12.12,1.37,7.98,3261.0,441.0,11.71,1.38,8.22,4337.0,603.0,15.58,1.9,8.45,1985.0,446.0,7.13,1.53,13.66,1808.0,292.0,6.49,0.96,9.82,2316.0,338.0,8.32,1.08,8.87,1668.0,457.0,5.99,1.59,16.66,913.0,263.0,3.28,0.92,17.51,4985.0,713.0,17.9,2.27,8.69,22860.0,1585.0,82.1,1.57,4.21,4897.0,597.0,17.59,1.8,7.41,2317.0,905.0,8.32,3.2,23.74,1445.0,537.0,5.19,1.9,22.59,18682.0,1749.0,67.09,4.41,5.69,364.0,312.0,1.31,1.12,52.11,2067.0,561.0,7.42,1.95,16.5,0.0,,0.0,,,2970.0,784.0,10.67,2.72,16.05,4182.0,939.0,15.02,3.22,13.65,23663.0,2011.0,84.98,4.48,5.17,834.0,403.0,3.0,1.43,29.37,18217.0,1755.0,65.42,4.55,5.86,12.0,21.0,0.04,0.08,106.38,2059.0,558.0,7.39,1.94,16.47,0.0,,0.0,,,1239.0,480.0,4.45,1.7,23.55,1302.0,782.0,4.68,2.79,36.51
11432,11432,"11432, 11439",20036.0,1040.0,100,,3.16,6994.0,794.0,34.91,3.52,6.9,18034.0,1178.0,27.16,1.51,3.97,913.0,238.0,5.06,1.28,15.85,749.0,249.0,4.15,1.35,20.21,5573.0,695.0,30.9,3.28,7.58,3210.0,459.0,17.8,2.26,8.69,7589.0,666.0,42.08,2.47,5.33,44708.0,1544.0,67.32,0.31,2.1,5024.0,676.0,11.24,1.46,8.18,3501.0,615.0,7.83,1.35,10.68,9865.0,844.0,22.07,1.73,5.2,16470.0,1130.0,36.84,2.18,4.17,52837.0,1777.0,79.56,3.82,2.04,989.0,360.0,1.87,0.68,22.13,65498.0,2275.0,98.63,0.58,2.11,7118.0,734.0,10.87,1.06,6.27,13532.0,1152.0,20.38,1.59,5.18,346.0,149.0,2.56,1.08,26.18,41916.0,1698.0,63.12,1.37,2.46,3772.0,595.0,9.0,1.37,9.59,10050.0,877.0,15.13,1.21,5.3,3000.0,448.0,29.85,3.62,9.08,65626.0,2245.0,98.82,4.78,2.08,57955.0,2218.0,88.31,1.52,2.33,6862.0,999.0,10.46,1.48,8.85,809.0,389.0,1.23,0.59,29.23,66408.0,2273.0,100,,2.08,29571.0,1535.0,44.53,1.74,3.16,28440.0,1488.0,42.83,1.69,3.18,1131.0,244.0,1.7,0.36,13.11,36837.0,1671.0,55.47,1.65,2.76,23646.0,1350.0,64.19,2.23,3.47,13191.0,1107.0,35.81,2.53,5.1,1562.0,415.0,4.24,1.11,16.15,19495.0,1530.0,52.92,3.39,4.77,1540.0,548.0,4.18,1.48,21.63,26.0,34.0,0.07,0.09,79.49,14174.0,1249.0,38.48,2.91,5.36,40.0,32.0,0.11,0.09,48.63,62230.0,2072.0,93.71,4.47,2.02,22176.0,1646.0,35.64,2.36,4.51,20373.0,1421.0,32.74,2.01,4.24,11802.0,1300.0,18.97,1.99,6.7,19187.0,1034.0,95.76,1.39,3.28,17703.0,787.0,88.36,6.04,2.7,54505.0,1770.0,82.08,3.87,1.97,32497.0,1484.0,59.62,1.91,2.78,29586.0,1524.0,54.28,2.17,3.13,2878.0,344.0,5.28,0.61,7.27,33.0,44.0,0.06,0.08,81.05,22008.0,1108.0,40.38,1.55,3.06,,,8.86,0.98,7.27,28465.0,1503.0,42.86,1.72,3.21,8288.0,839.0,29.12,2.51,6.15,1373.0,298.0,4.82,1.02,13.19,13546.0,1215.0,47.59,3.45,5.45,2167.0,405.0,7.61,1.36,11.36,2183.0,434.0,7.67,1.47,12.09,29586.0,1524.0,44.55,1.72,3.13,5.0,33.0,0.02,0.11,401.22,1934.0,417.0,6.54,1.37,13.11,1291.0,266.0,4.36,0.87,12.53,427.0,140.0,1.44,0.47,19.93,3787.0,552.0,12.8,1.75,8.86,2735.0,484.0,9.24,1.57,10.76,255.0,107.0,0.86,0.36,25.51,1815.0,363.0,6.13,1.19,12.16,2806.0,495.0,9.48,1.6,10.72,8517.0,805.0,28.79,2.28,5.75,2844.0,393.0,9.61,1.23,8.4,1626.0,450.0,5.5,1.49,16.82,1544.0,351.0,5.22,1.16,13.82,868.0,207.0,4.33,1.01,14.5,712.0,189.0,3.55,0.93,16.14,1273.0,317.0,6.35,1.55,15.14,1627.0,496.0,8.12,2.44,18.53,2092.0,317.0,10.44,1.49,9.21,3806.0,482.0,19.0,2.19,7.7,2317.0,372.0,11.56,1.76,9.76,3696.0,572.0,18.45,2.69,9.41,1705.0,439.0,8.51,2.15,15.65,1940.0,292.0,9.68,1.37,9.15,16767.0,992.0,83.68,2.38,3.6,5480.0,460.0,27.35,1.8,5.1,3367.0,435.0,16.8,1.99,7.85,1055.0,246.0,5.27,1.2,14.17,975.0,249.0,4.87,1.22,15.52,2861.0,368.0,14.28,1.68,7.82,59647.0,2049.0,91.07,4.45,2.09,32750.0,2035.0,50.0,2.58,3.78,31892.0,2023.0,48.69,2.58,3.86,5851.0,976.0,8.93,1.46,10.14,32601.0,1525.0,49.09,1.57,2.84,33807.0,1414.0,50.91,1.22,2.54,4178.0,587.0,6.29,0.86,8.54,3487.0,477.0,5.25,0.7,8.32,3491.0,565.0,5.26,0.83,9.84,5355.0,499.0,8.06,0.7,5.66,5189.0,689.0,7.81,1.0,8.07,8984.0,759.0,13.53,1.04,5.14,7961.0,672.0,11.99,0.93,5.13,7993.0,741.0,12.04,1.04,5.64,4488.0,467.0,6.76,0.66,6.33,4467.0,621.0,6.73,0.91,8.45,7117.0,772.0,10.72,1.1,6.59,2399.0,303.0,3.61,0.44,7.68,1299.0,276.0,1.96,0.41,12.92,13538.0,1152.0,20.39,1.59,5.17,52870.0,1776.0,79.61,3.82,2.04,10815.0,869.0,16.29,1.18,4.88,5391.0,1130.0,8.12,1.68,12.74,10755.0,1163.0,16.2,1.66,6.57,11616.0,1176.0,17.49,1.67,6.15,529.0,338.0,0.8,0.51,38.84,27796.0,1910.0,41.86,2.49,4.18,66.0,74.0,0.1,0.11,68.16,10255.0,1449.0,15.44,2.12,8.59,14004.0,1382.0,21.09,1.95,6.0,52404.0,2197.0,78.91,1.91,2.55,8663.0,975.0,13.05,1.4,6.84,11174.0,1150.0,16.83,1.63,6.26,462.0,337.0,0.7,0.51,44.34,27706.0,1913.0,41.72,2.5,4.2,66.0,74.0,0.1,0.11,68.16,955.0,336.0,1.44,0.5,21.39,3378.0,985.0,5.09,1.47,17.73
11433,11433,"11433, 11451",10886.0,530.0,100,,2.96,4454.0,406.0,40.91,3.15,5.54,10147.0,895.0,26.11,1.45,5.36,439.0,175.0,4.33,1.68,24.23,360.0,154.0,3.55,1.49,26.0,4467.0,596.0,44.02,4.41,8.11,2065.0,347.0,20.35,2.91,10.22,2816.0,518.0,27.75,4.48,11.18,25282.0,1820.0,65.05,1.43,4.38,3027.0,555.0,11.97,2.02,11.15,2505.0,450.0,9.91,1.63,10.92,8550.0,943.0,33.82,2.83,6.7,4391.0,628.0,17.37,2.15,8.69,29271.0,2040.0,75.31,0.94,4.24,520.0,183.0,1.78,0.61,21.39,38825.0,2666.0,99.9,0.36,4.17,3996.0,509.0,10.29,1.1,7.74,9581.0,983.0,24.65,1.88,6.24,218.0,142.0,2.28,1.46,39.6,24131.0,1859.0,62.09,2.18,4.68,1606.0,373.0,6.66,1.46,14.12,5113.0,497.0,13.16,0.91,5.91,2172.0,346.0,42.48,5.36,9.68,38392.0,2643.0,98.78,0.6,4.18,36273.0,2652.0,94.48,2.33,4.44,1847.0,608.0,4.81,1.55,20.01,272.0,197.0,0.71,0.51,44.03,38865.0,2665.0,100,,4.17,23018.0,2146.0,59.23,3.74,5.67,22511.0,2142.0,57.92,3.82,5.78,507.0,235.0,1.3,0.6,28.18,15847.0,1638.0,40.77,3.15,6.28,9949.0,1154.0,62.78,3.3,7.05,5898.0,983.0,37.22,4.87,10.13,95.0,91.0,0.6,0.57,58.23,4435.0,1045.0,27.99,5.93,14.32,614.0,323.0,3.87,2.0,31.98,0.0,,0.0,,,10666.0,1208.0,67.31,3.12,6.88,37.0,28.0,0.23,0.18,46.0,36028.0,2348.0,92.7,8.77,3.96,25198.0,2049.0,69.94,3.4,4.94,7173.0,1158.0,19.91,2.94,9.81,3830.0,988.0,10.63,2.65,15.68,10024.0,512.0,92.08,1.42,3.11,9854.0,503.0,90.52,1.39,3.1,30318.0,2041.0,78.01,7.5,4.09,19216.0,1644.0,63.38,3.35,5.2,16345.0,1510.0,53.91,3.41,5.62,2858.0,492.0,9.43,1.49,10.46,13.0,23.0,0.04,0.08,107.55,11102.0,749.0,36.62,0.16,4.1,,,14.87,2.22,10.46,15891.0,1409.0,40.89,2.3,5.39,6300.0,801.0,39.65,3.61,7.73,989.0,272.0,6.22,1.62,16.72,6741.0,805.0,42.42,3.39,7.26,483.0,214.0,3.04,1.32,26.93,1062.0,319.0,6.68,1.92,18.26,16345.0,1510.0,42.06,2.6,5.62,0.0,,0.0,,,1122.0,282.0,6.86,1.6,15.28,334.0,140.0,2.04,0.84,25.48,181.0,114.0,1.11,0.69,38.29,1938.0,447.0,11.86,2.51,14.02,1840.0,338.0,11.26,1.79,11.17,458.0,213.0,2.8,1.28,28.27,1225.0,485.0,7.49,2.89,24.07,1067.0,226.0,6.53,1.24,12.88,4999.0,732.0,30.58,3.47,8.9,1211.0,293.0,7.41,1.66,14.71,687.0,177.0,4.2,1.01,15.66,1283.0,319.0,7.85,1.81,15.11,715.0,229.0,6.57,2.08,19.47,696.0,165.0,6.39,1.48,14.41,615.0,188.0,5.65,1.7,18.58,675.0,192.0,6.2,1.74,17.29,1278.0,304.0,11.74,2.73,14.46,1674.0,327.0,15.38,2.91,11.87,1532.0,306.0,14.07,2.73,12.14,1633.0,275.0,15.0,2.42,10.24,1086.0,265.0,9.98,2.39,14.83,982.0,283.0,9.02,2.56,17.52,8739.0,547.0,80.28,3.16,3.81,3286.0,365.0,30.19,3.01,6.75,2219.0,366.0,20.38,3.21,10.03,981.0,226.0,9.01,2.03,14.0,1652.0,335.0,15.18,2.99,12.33,2679.0,355.0,24.61,3.03,8.06,35690.0,2376.0,91.93,8.79,4.05,19318.0,1920.0,49.76,3.58,6.04,19167.0,1601.0,49.37,2.35,5.08,3135.0,716.0,8.07,1.76,13.88,18292.0,1416.0,47.07,1.69,4.71,20573.0,1645.0,52.93,2.18,4.86,2837.0,640.0,7.3,1.57,13.71,2222.0,391.0,5.72,0.93,10.7,2914.0,504.0,7.5,1.19,10.51,2714.0,407.0,6.98,0.93,9.12,2896.0,474.0,7.45,1.11,9.95,6151.0,1184.0,15.83,2.85,11.7,4891.0,595.0,12.58,1.26,7.4,4298.0,598.0,11.06,1.34,8.46,2611.0,472.0,6.72,1.12,10.99,2192.0,348.0,5.64,0.81,9.65,2905.0,432.0,7.47,0.99,9.04,1568.0,286.0,4.03,0.68,11.09,666.0,196.0,1.71,0.49,17.89,9581.0,983.0,24.65,1.88,6.24,29284.0,2041.0,75.35,0.94,4.24,5139.0,498.0,13.22,0.91,5.89,2031.0,500.0,5.23,1.24,14.97,1620.0,784.0,4.17,2.0,29.42,21823.0,2259.0,56.15,4.35,6.29,672.0,498.0,1.73,1.28,45.05,6031.0,1151.0,15.52,2.76,11.6,0.0,,0.0,,,6688.0,1550.0,17.21,3.81,14.09,5393.0,1212.0,13.88,2.97,13.66,33472.0,2351.0,86.12,1.31,4.27,1135.0,616.0,2.92,1.57,32.99,21493.0,2251.0,55.3,4.38,6.37,640.0,497.0,1.65,1.27,47.21,5975.0,1145.0,15.37,2.75,11.65,0.0,,0.0,,,2872.0,925.0,7.39,2.33,19.58,1357.0,389.0,3.49,0.97,17.43
11434,11434,"11430, 11434",22986.0,811.0,100,,2.14,8234.0,716.0,35.82,2.85,5.29,17790.0,1418.0,25.97,1.78,4.85,933.0,313.0,5.24,1.71,20.39,695.0,249.0,3.91,1.36,21.78,7114.0,711.0,39.99,2.41,6.08,3736.0,663.0,21.0,3.33,10.79,5312.0,707.0,29.86,3.18,8.09,47120.0,1737.0,68.77,3.79,2.24,2383.0,470.0,5.06,0.98,11.99,3725.0,544.0,7.91,1.12,8.88,14635.0,902.0,31.06,1.53,3.75,10390.0,1025.0,22.05,2.02,6.0,52953.0,2006.0,77.29,4.31,2.3,1619.0,304.0,3.06,0.56,11.41,68081.0,2808.0,99.37,0.51,2.51,7790.0,839.0,11.44,1.14,6.55,15530.0,1199.0,22.67,1.48,4.69,428.0,148.0,2.76,0.93,21.02,42325.0,1916.0,61.78,1.2,2.75,4075.0,633.0,9.63,1.43,9.44,10226.0,852.0,14.93,1.08,5.06,3287.0,480.0,32.14,3.85,8.88,67509.0,2799.0,98.53,0.65,2.52,62970.0,2666.0,93.28,0.8,2.57,4357.0,723.0,6.45,1.04,10.09,182.0,149.0,0.27,0.22,49.77,68514.0,2804.0,100,,2.49,45274.0,2292.0,66.08,1.97,3.08,44193.0,2323.0,64.5,2.13,3.2,1081.0,294.0,1.58,0.42,16.53,23240.0,1618.0,33.92,1.91,4.23,17296.0,1291.0,74.42,2.0,4.54,5944.0,798.0,25.58,2.94,8.16,266.0,115.0,1.14,0.49,26.28,1030.0,419.0,4.43,1.78,24.73,1848.0,505.0,7.95,2.1,16.61,0.0,,0.0,,,20067.0,1569.0,86.35,3.07,4.75,29.0,33.0,0.12,0.14,69.18,64295.0,2603.0,93.84,5.4,2.46,53882.0,2745.0,83.8,2.59,3.1,4597.0,951.0,7.15,1.45,12.58,4873.0,1063.0,7.58,1.62,13.26,22180.0,837.0,96.49,1.29,2.29,20594.0,888.0,89.59,2.22,2.62,54532.0,2101.0,79.59,4.47,2.34,33889.0,1694.0,62.15,1.98,3.04,30565.0,1567.0,56.05,1.9,3.12,3299.0,594.0,6.05,1.06,10.95,25.0,33.0,0.05,0.06,80.24,20643.0,1356.0,37.85,2.01,3.99,,,9.73,1.68,10.95,29826.0,1603.0,43.53,1.52,3.27,13674.0,1090.0,45.85,2.7,4.85,1273.0,368.0,4.27,1.21,17.57,12286.0,1347.0,41.19,3.94,6.66,339.0,151.0,1.14,0.5,27.08,1452.0,335.0,4.87,1.09,14.03,30565.0,1567.0,44.61,1.38,3.12,0.0,,0.0,,,1459.0,425.0,4.77,1.37,17.71,559.0,181.0,1.83,0.58,19.68,182.0,117.0,0.6,0.38,39.08,2384.0,477.0,7.8,1.51,12.16,4831.0,669.0,15.81,2.03,8.42,531.0,178.0,1.74,0.58,20.38,2482.0,825.0,8.12,2.67,20.21,2069.0,361.0,6.77,1.13,10.61,10791.0,669.0,35.31,1.23,3.77,1442.0,284.0,4.72,0.9,11.97,1518.0,327.0,4.97,1.04,13.1,2317.0,605.0,7.58,1.94,15.87,1802.0,527.0,7.84,2.28,17.78,864.0,208.0,3.76,0.9,14.63,882.0,296.0,3.84,1.28,20.4,1891.0,466.0,8.23,2.01,14.98,2358.0,420.0,10.26,1.79,10.83,4218.0,495.0,18.35,2.05,7.13,2652.0,436.0,11.54,1.85,9.99,4229.0,630.0,18.4,2.66,9.06,1927.0,347.0,8.38,1.48,10.95,2163.0,397.0,9.41,1.69,11.16,18084.0,848.0,78.67,2.43,2.85,7658.0,639.0,33.32,2.52,5.07,5361.0,463.0,23.32,1.84,5.25,1348.0,286.0,5.86,1.23,12.9,1172.0,324.0,5.1,1.4,16.81,3381.0,431.0,14.71,1.8,7.75,63362.0,2711.0,93.07,1.06,2.6,39826.0,2402.0,58.5,2.57,3.67,28846.0,1894.0,42.37,2.16,3.99,4719.0,738.0,6.93,1.05,9.51,30731.0,1609.0,44.85,1.46,3.18,37783.0,1698.0,55.15,1.02,2.73,4219.0,671.0,6.16,0.95,9.67,4424.0,648.0,6.46,0.91,8.9,4169.0,611.0,6.08,0.86,8.91,4422.0,723.0,6.45,1.02,9.94,4160.0,597.0,6.07,0.84,8.72,8535.0,772.0,12.46,1.0,5.5,8795.0,866.0,12.84,1.15,5.99,9778.0,772.0,14.27,0.96,4.8,4808.0,864.0,7.02,1.23,10.92,4649.0,526.0,6.79,0.72,6.88,6311.0,682.0,9.21,0.92,6.57,2836.0,328.0,4.14,0.45,7.03,1408.0,396.0,2.06,0.57,17.1,15536.0,1198.0,22.68,1.48,4.69,52978.0,2004.0,77.32,4.31,2.3,10555.0,847.0,15.41,1.06,4.88,4025.0,922.0,5.87,1.32,13.93,2809.0,780.0,4.1,1.13,16.88,54725.0,3014.0,79.87,2.94,3.35,133.0,172.0,0.19,0.25,78.62,2045.0,648.0,2.98,0.94,19.26,0.0,,0.0,,,4777.0,903.0,6.97,1.29,11.49,8077.0,1461.0,11.79,2.08,11.0,60437.0,2906.0,88.21,2.23,2.92,1437.0,340.0,2.1,0.49,14.38,53378.0,2958.0,77.91,2.91,3.37,129.0,175.0,0.19,0.26,82.47,2045.0,648.0,2.98,0.94,19.26,0.0,,0.0,,,1180.0,395.0,1.72,0.57,20.35,2268.0,644.0,3.31,0.93,17.26
11435,11435,11435,19350.0,819.0,100,,2.57,6524.0,559.0,33.72,2.51,5.21,13386.0,1025.0,22.32,1.39,4.65,816.0,230.0,6.1,1.65,17.13,606.0,187.0,4.53,1.35,18.76,5502.0,651.0,41.1,3.71,7.19,2588.0,409.0,19.33,2.67,9.61,3874.0,484.0,28.94,2.86,7.59,41895.0,2020.0,69.87,1.33,2.93,4841.0,710.0,11.56,1.6,8.92,3363.0,545.0,8.03,1.24,9.85,9175.0,918.0,21.9,1.92,6.08,13987.0,1308.0,33.39,2.68,5.68,46619.0,2173.0,77.75,1.12,2.83,627.0,212.0,1.34,0.45,20.55,59679.0,2656.0,99.53,0.39,2.71,5175.0,647.0,8.67,1.01,7.6,13315.0,1114.0,22.21,1.58,5.09,152.0,90.0,1.14,0.67,35.99,38653.0,2021.0,64.46,1.79,3.18,2303.0,346.0,5.96,0.84,9.13,7711.0,856.0,12.86,1.31,6.75,2720.0,610.0,35.27,6.87,13.63,59138.0,2649.0,98.63,0.63,2.72,53238.0,2828.0,90.02,2.57,3.23,5440.0,1134.0,9.2,1.87,12.67,460.0,165.0,0.78,0.28,21.81,59961.0,2658.0,100,,2.69,29655.0,1610.0,49.46,1.55,3.3,28127.0,1557.0,46.91,1.56,3.37,1528.0,418.0,2.55,0.69,16.63,30306.0,1916.0,50.54,2.28,3.84,18037.0,1557.0,59.52,3.5,5.25,12269.0,1430.0,40.48,3.96,7.09,1970.0,877.0,6.5,2.86,27.06,10378.0,1460.0,34.24,4.3,8.55,1105.0,692.0,3.65,2.27,38.07,0.0,,0.0,,,16813.0,1803.0,55.48,4.81,6.52,40.0,55.0,0.13,0.18,83.59,55124.0,2438.0,91.93,5.76,2.69,24258.0,1868.0,44.01,2.77,4.68,18170.0,1666.0,32.96,2.65,5.57,14947.0,1927.0,27.12,3.28,7.84,18429.0,763.0,95.24,5.64,2.52,17856.0,762.0,92.28,0.5,2.59,47939.0,2189.0,79.95,0.88,2.78,32549.0,1948.0,67.9,2.63,3.64,28874.0,1866.0,60.23,2.75,3.93,3669.0,648.0,7.65,1.31,10.74,6.0,10.0,0.01,0.02,101.32,15390.0,1140.0,32.1,1.87,4.5,,,11.27,1.87,10.74,27889.0,1817.0,46.51,2.22,3.96,8202.0,814.0,29.41,2.2,6.03,1208.0,270.0,4.33,0.93,13.59,13546.0,1237.0,48.57,3.11,5.55,1683.0,446.0,6.03,1.55,16.11,2831.0,616.0,10.15,2.11,13.23,28874.0,1866.0,48.15,2.26,3.93,6.0,9.0,0.02,0.03,91.19,2388.0,601.0,8.27,2.01,15.3,1105.0,327.0,3.83,1.11,17.99,486.0,197.0,1.68,0.67,24.64,2784.0,505.0,9.64,1.63,11.03,3036.0,456.0,10.51,1.43,9.13,512.0,163.0,1.77,0.55,19.35,1720.0,331.0,5.96,1.08,11.7,2630.0,371.0,9.11,1.14,8.58,8546.0,906.0,29.6,2.49,6.44,2776.0,532.0,9.61,1.73,11.65,1607.0,333.0,5.57,1.1,12.6,1278.0,248.0,4.43,0.81,11.8,698.0,197.0,3.61,1.01,17.16,961.0,317.0,4.97,1.62,20.05,1007.0,271.0,5.2,1.38,16.36,1530.0,445.0,7.91,2.28,17.68,1682.0,281.0,8.69,1.4,10.16,3440.0,439.0,17.78,2.14,7.76,2475.0,377.0,12.79,1.87,9.26,3631.0,546.0,18.76,2.71,9.14,2030.0,330.0,10.49,1.65,9.88,1896.0,381.0,9.8,1.92,12.22,16373.0,823.0,84.61,2.29,3.06,4418.0,493.0,22.83,2.36,6.78,2778.0,424.0,14.36,2.11,9.28,785.0,205.0,4.06,1.05,15.88,2512.0,531.0,12.98,2.69,12.85,3085.0,502.0,15.94,2.51,9.89,54535.0,2409.0,91.38,5.73,2.69,29238.0,1873.0,48.99,2.26,3.89,29248.0,2079.0,49.01,2.72,4.32,5144.0,936.0,8.62,1.52,11.06,30329.0,1717.0,50.58,1.78,3.44,29632.0,1571.0,49.42,1.44,3.22,4837.0,791.0,8.07,1.27,9.94,3446.0,507.0,5.75,0.81,8.94,3277.0,604.0,5.47,0.98,11.2,3098.0,443.0,5.17,0.7,8.69,3408.0,602.0,5.68,0.97,10.74,11058.0,1116.0,18.44,1.67,6.14,7556.0,703.0,12.6,1.03,5.66,7912.0,813.0,13.2,1.22,6.25,4121.0,588.0,6.87,0.93,8.67,3362.0,456.0,5.61,0.72,8.25,4589.0,588.0,7.65,0.92,7.79,2479.0,655.0,4.13,1.08,16.06,818.0,243.0,1.36,0.4,18.06,13336.0,1115.0,22.24,1.58,5.08,46625.0,2174.0,77.76,1.12,2.83,7886.0,848.0,13.15,1.29,6.54,3416.0,834.0,5.7,1.37,14.84,9595.0,1300.0,16.0,2.05,8.24,14971.0,1506.0,24.97,2.25,6.12,601.0,514.0,1.0,0.86,51.99,13860.0,1634.0,23.12,2.53,7.17,0.0,,0.0,,,17518.0,2087.0,29.22,3.23,7.24,17541.0,2168.0,29.25,3.38,7.51,42420.0,2463.0,70.75,2.65,3.53,8247.0,1295.0,13.75,2.07,9.55,14567.0,1501.0,24.29,2.26,6.26,240.0,162.0,0.4,0.27,41.03,13830.0,1634.0,23.06,2.53,7.18,0.0,,0.0,,,3788.0,697.0,6.32,1.13,11.19,1748.0,641.0,2.92,1.06,22.29
11436,11436,11436,6136.0,385.0,100,,3.81,2257.0,217.0,36.78,2.68,5.84,5127.0,533.0,24.02,1.95,6.32,222.0,77.0,4.33,1.43,21.08,306.0,113.0,5.97,2.11,22.45,2005.0,285.0,39.11,3.79,8.64,1066.0,210.0,20.79,3.48,11.98,1528.0,348.0,29.8,6.04,13.84,14882.0,1067.0,69.71,2.15,4.36,989.0,234.0,6.65,1.5,14.38,1274.0,253.0,8.56,1.59,12.07,5391.0,515.0,36.22,2.29,5.81,3351.0,481.0,22.52,2.8,8.73,17021.0,1219.0,79.73,2.44,4.35,599.0,147.0,3.52,0.83,14.92,21318.0,1382.0,99.85,0.35,3.94,2117.0,317.0,9.93,1.34,9.1,4300.0,422.0,20.14,1.49,5.97,165.0,89.0,3.84,2.04,32.79,14256.0,1092.0,66.78,2.73,4.66,1102.0,221.0,7.73,1.43,12.19,2762.0,447.0,12.94,1.92,9.84,850.0,236.0,30.77,6.94,16.88,21176.0,1383.0,99.19,0.86,3.97,19751.0,1304.0,93.27,0.9,4.01,1372.0,392.0,6.48,1.8,17.37,53.0,71.0,0.25,0.33,81.44,21349.0,1382.0,100,,3.94,11903.0,988.0,55.75,2.9,5.05,11556.0,963.0,54.13,2.84,5.07,347.0,134.0,1.63,0.62,23.48,9446.0,892.0,44.25,3.04,5.74,6163.0,677.0,65.24,3.66,6.68,3283.0,533.0,34.76,4.59,9.87,154.0,79.0,1.63,0.82,31.18,390.0,159.0,4.13,1.64,24.78,404.0,191.0,4.28,1.98,28.74,0.0,,0.0,,,8467.0,905.0,89.64,4.49,6.5,31.0,46.0,0.33,0.49,90.2,20437.0,1347.0,95.73,1.19,4.01,16501.0,1267.0,80.74,3.18,4.67,1619.0,335.0,7.92,1.55,12.58,1881.0,477.0,9.2,2.25,15.42,5805.0,384.0,94.61,1.98,4.02,5273.0,313.0,85.94,7.42,3.61,17582.0,1253.0,82.36,2.45,4.33,11737.0,990.0,66.76,3.01,5.13,10883.0,911.0,61.9,2.72,5.09,826.0,251.0,4.7,1.39,18.47,28.0,44.0,0.16,0.25,95.53,5845.0,597.0,33.24,2.43,6.21,,,7.04,2.05,18.47,10399.0,844.0,48.71,2.38,4.93,5144.0,609.0,49.47,4.26,7.2,530.0,210.0,5.1,1.98,24.09,3668.0,384.0,35.27,2.33,6.36,332.0,169.0,3.19,1.6,30.94,434.0,151.0,4.17,1.41,21.15,10883.0,911.0,50.98,2.71,5.09,0.0,,0.0,,,565.0,141.0,5.19,1.22,15.17,184.0,93.0,1.69,0.84,30.73,80.0,40.0,0.74,0.36,30.4,985.0,222.0,9.05,1.89,13.7,1716.0,297.0,15.77,2.39,10.52,186.0,104.0,1.71,0.94,33.99,636.0,192.0,5.84,1.7,18.35,853.0,176.0,7.84,1.48,12.54,3548.0,491.0,32.6,3.59,8.41,769.0,154.0,7.07,1.29,12.17,585.0,183.0,5.38,1.62,19.02,776.0,181.0,7.13,1.55,14.18,330.0,115.0,5.38,1.84,21.18,115.0,63.0,1.87,1.02,33.3,318.0,135.0,5.18,2.18,25.81,404.0,190.0,6.58,3.07,28.59,546.0,177.0,8.9,2.83,19.71,856.0,173.0,13.95,2.68,12.29,950.0,196.0,15.48,3.04,12.54,1223.0,195.0,19.93,2.92,9.69,624.0,145.0,10.17,2.28,14.13,770.0,187.0,12.55,2.94,14.76,5176.0,358.0,84.35,2.45,4.2,1983.0,297.0,32.32,4.4,9.1,1519.0,250.0,24.76,3.77,10.0,220.0,71.0,3.59,1.14,19.62,218.0,84.0,3.55,1.35,23.42,794.0,167.0,12.94,2.6,12.79,19851.0,1393.0,93.12,2.5,4.27,12841.0,1197.0,60.24,4.03,5.67,8928.0,804.0,41.88,2.62,5.47,1467.0,286.0,6.88,1.27,11.85,10182.0,796.0,47.69,2.09,4.75,11167.0,789.0,52.31,1.48,4.3,912.0,198.0,4.27,0.89,13.2,1297.0,245.0,6.08,1.08,11.48,1284.0,247.0,6.01,1.09,11.69,1389.0,253.0,6.51,1.11,11.07,1585.0,280.0,7.42,1.22,10.74,3554.0,501.0,16.65,2.08,8.57,2639.0,409.0,12.36,1.74,9.42,2893.0,402.0,13.55,1.67,8.45,1748.0,313.0,8.19,1.37,10.89,1283.0,244.0,6.01,1.07,11.56,1694.0,368.0,7.93,1.65,13.21,746.0,214.0,3.49,0.98,17.44,325.0,107.0,1.52,0.49,20.01,4300.0,422.0,20.14,1.49,5.97,17049.0,1217.0,79.86,2.4,4.34,2765.0,447.0,12.95,1.92,9.83,1961.0,519.0,9.19,2.36,16.09,734.0,275.0,3.44,1.27,22.78,13430.0,1191.0,62.91,3.81,5.39,137.0,199.0,0.64,0.93,88.3,1371.0,380.0,6.42,1.73,16.85,0.0,,0.0,,,3716.0,785.0,17.41,3.5,12.84,2758.0,686.0,12.92,3.1,15.12,18591.0,1414.0,87.08,3.48,4.62,388.0,175.0,1.82,0.81,27.42,13086.0,1206.0,61.3,4.02,5.6,137.0,199.0,0.64,0.93,88.3,1371.0,380.0,6.42,1.73,16.85,0.0,,0.0,,,2018.0,668.0,9.45,3.07,20.12,1591.0,483.0,7.45,2.21,18.45
11691,11691,11691,21687.0,792.0,100,,2.22,8268.0,786.0,38.12,3.35,5.78,21212.0,1910.0,30.15,2.31,5.47,1511.0,435.0,7.12,1.95,17.5,1659.0,426.0,7.82,1.88,15.61,9583.0,1406.0,45.18,5.23,8.92,4081.0,624.0,19.24,2.38,9.3,4378.0,632.0,20.64,2.33,8.78,43301.0,2030.0,61.54,4.1,2.85,4760.0,701.0,10.99,1.53,8.95,3978.0,588.0,9.19,1.29,8.99,12355.0,1077.0,28.53,2.1,5.3,10868.0,1161.0,25.1,2.41,6.49,49432.0,2299.0,70.25,4.66,2.83,789.0,252.0,1.6,0.5,19.42,68445.0,3331.0,97.27,1.07,2.96,9035.0,1070.0,13.2,1.43,7.2,20931.0,1879.0,29.75,2.27,5.46,925.0,312.0,4.42,1.44,20.5,38626.0,2293.0,54.89,1.96,3.61,4714.0,780.0,12.2,1.88,10.06,8888.0,869.0,12.63,1.08,5.94,3396.0,586.0,38.21,5.43,10.49,69527.0,3345.0,98.81,0.82,2.92,63825.0,3404.0,91.8,2.11,3.24,5633.0,1266.0,8.1,1.78,13.66,69.0,68.0,0.1,0.1,59.91,70365.0,3335.0,100,,2.88,46601.0,2637.0,66.23,2.05,3.44,44352.0,2685.0,63.03,2.37,3.68,2249.0,695.0,3.2,0.98,18.79,23764.0,2048.0,33.77,2.43,5.24,15008.0,1633.0,63.15,4.19,6.61,8756.0,1506.0,36.85,5.48,10.46,1510.0,349.0,6.35,1.36,14.05,2279.0,980.0,9.59,4.04,26.14,1923.0,640.0,8.09,2.6,20.23,10.0,14.0,0.04,0.06,85.11,17943.0,1720.0,75.5,3.17,5.83,99.0,63.0,0.42,0.26,38.68,64317.0,3134.0,91.4,1.03,2.96,42512.0,2649.0,66.1,2.57,3.79,9966.0,1130.0,15.5,1.59,6.89,13164.0,1839.0,20.47,2.68,8.49,19907.0,816.0,91.79,1.71,2.49,18992.0,868.0,87.57,2.41,2.78,51568.0,2305.0,73.29,4.77,2.72,29828.0,1976.0,57.84,2.83,4.03,26981.0,2045.0,52.32,3.2,4.61,2847.0,595.0,5.52,1.13,12.7,0.0,,0.0,,,21740.0,1340.0,42.16,1.79,3.75,,,9.54,1.89,12.7,26174.0,2054.0,37.2,2.33,4.77,11011.0,1144.0,42.07,2.86,6.32,1601.0,407.0,6.12,1.48,15.45,8490.0,1025.0,32.44,2.98,7.34,2104.0,542.0,8.04,1.97,15.66,1873.0,579.0,7.16,2.14,18.79,26981.0,2045.0,38.34,2.27,4.61,27.0,41.0,0.1,0.15,92.31,1860.0,486.0,6.89,1.72,15.88,484.0,232.0,1.79,0.85,29.14,310.0,159.0,1.15,0.58,31.18,2131.0,468.0,7.9,1.63,13.35,2323.0,478.0,8.61,1.65,12.51,324.0,163.0,1.2,0.6,30.58,1179.0,417.0,4.37,1.51,21.5,2609.0,606.0,9.67,2.12,14.12,11195.0,1094.0,41.49,2.56,5.94,1636.0,586.0,6.06,2.12,21.77,1507.0,449.0,5.59,1.61,18.11,1396.0,378.0,5.17,1.34,16.46,1941.0,492.0,8.95,2.24,15.41,1936.0,461.0,8.93,2.1,14.48,1642.0,347.0,7.57,1.58,12.85,1667.0,404.0,7.69,1.84,14.73,2384.0,477.0,10.99,2.16,12.16,3037.0,568.0,14.0,2.57,11.37,1981.0,406.0,9.13,1.84,12.46,3441.0,685.0,15.87,3.1,12.1,1617.0,502.0,7.46,2.3,18.87,2041.0,449.0,9.41,2.04,13.37,15763.0,1130.0,72.68,4.48,4.36,6440.0,741.0,29.7,3.24,6.99,3941.0,553.0,18.17,2.46,8.53,3241.0,554.0,14.94,2.5,10.39,1198.0,306.0,5.52,1.4,15.53,6787.0,770.0,31.3,3.36,6.9,61860.0,3279.0,90.38,1.9,3.22,33228.0,3071.0,48.55,3.81,5.62,35292.0,2516.0,51.56,2.69,4.33,6585.0,1356.0,9.62,1.93,12.52,33411.0,2403.0,47.48,2.57,4.37,36954.0,1847.0,52.52,0.83,3.04,6048.0,927.0,8.6,1.25,9.32,5329.0,894.0,7.57,1.22,10.2,6490.0,929.0,9.22,1.25,8.7,4981.0,630.0,7.08,0.83,7.69,4216.0,714.0,5.99,0.97,10.3,8842.0,1067.0,12.57,1.39,7.34,7900.0,893.0,11.23,1.15,6.87,8252.0,1209.0,11.73,1.63,8.91,3860.0,597.0,5.49,0.81,9.4,4157.0,604.0,5.91,0.81,8.83,5617.0,680.0,7.98,0.89,7.36,3272.0,513.0,4.65,0.69,9.53,1401.0,265.0,1.99,0.36,11.5,20933.0,1880.0,29.75,2.27,5.46,49432.0,2299.0,70.25,4.66,2.83,10290.0,875.0,14.62,1.03,5.17,7810.0,1655.0,11.1,2.29,12.88,20338.0,2304.0,28.9,2.97,6.89,30553.0,2800.0,43.42,3.41,5.57,149.0,166.0,0.21,0.24,67.73,2978.0,1416.0,4.23,2.0,28.9,36.0,58.0,0.05,0.08,97.94,8501.0,2090.0,12.08,2.91,14.95,18124.0,2195.0,25.76,2.87,7.36,52241.0,3144.0,74.24,2.75,3.66,16825.0,1983.0,23.91,2.58,7.16,28934.0,2899.0,41.12,3.63,6.09,0.0,,0.0,,,2865.0,1407.0,4.07,1.99,29.85,36.0,58.0,0.05,0.08,97.94,1011.0,530.0,1.44,0.75,31.87,2570.0,785.0,3.65,1.1,18.57
11692,11692,11692,8128.0,479.0,100,,3.58,3236.0,371.0,39.81,3.92,6.97,7504.0,838.0,30.52,2.5,6.79,515.0,220.0,6.86,2.83,25.97,540.0,141.0,7.2,1.7,15.87,3417.0,582.0,45.54,5.86,10.35,1473.0,274.0,19.63,2.92,11.31,1559.0,317.0,20.78,3.53,12.36,15490.0,984.0,63.01,6.24,3.86,1275.0,351.0,8.23,2.2,16.74,1200.0,279.0,7.75,1.73,14.13,4416.0,708.0,28.51,4.2,9.75,4434.0,622.0,28.62,3.58,8.53,17556.0,1235.0,71.41,7.39,4.28,383.0,133.0,2.18,0.74,21.11,23778.0,1857.0,96.72,1.78,4.75,2836.0,455.0,11.93,1.67,9.75,7028.0,909.0,28.59,2.99,7.86,392.0,177.0,5.58,2.41,27.45,14389.0,1102.0,58.53,0.6,4.66,1738.0,334.0,12.08,2.13,11.68,2361.0,451.0,9.6,1.68,11.61,706.0,212.0,29.9,6.93,18.25,24436.0,1856.0,99.4,0.28,4.62,22631.0,1771.0,92.61,1.74,4.76,1703.0,474.0,6.97,1.87,16.92,102.0,92.0,0.42,0.38,54.83,24584.0,1866.0,100,,4.61,16545.0,1622.0,67.3,4.18,5.96,15712.0,1618.0,63.91,4.45,6.26,833.0,259.0,3.39,1.02,18.9,8039.0,1043.0,32.7,3.44,7.89,5803.0,769.0,72.19,1.95,8.06,2236.0,482.0,27.81,4.79,13.1,910.0,394.0,11.32,4.68,26.32,948.0,360.0,11.79,4.21,23.08,1488.0,467.0,18.51,5.29,19.08,0.0,,0.0,,,4657.0,818.0,57.93,6.86,10.68,36.0,40.0,0.45,0.49,67.54,22876.0,1684.0,93.05,9.84,4.48,15239.0,1354.0,66.62,3.31,5.4,2978.0,748.0,13.02,3.13,15.27,3967.0,855.0,17.34,3.51,13.1,7595.0,421.0,93.44,7.56,3.37,6950.0,481.0,85.51,3.1,4.21,18280.0,1274.0,74.36,7.66,4.24,11108.0,990.0,60.77,3.38,5.42,10243.0,910.0,56.03,3.09,5.4,865.0,283.0,4.73,1.51,19.89,0.0,,0.0,,,7172.0,681.0,39.23,2.53,5.77,,,7.79,2.45,19.89,9787.0,918.0,39.81,2.19,5.7,3816.0,513.0,38.99,3.75,8.17,519.0,176.0,5.3,1.73,20.61,4111.0,639.0,42.0,5.21,9.45,396.0,179.0,4.05,1.79,27.48,615.0,209.0,6.28,2.05,20.66,10243.0,910.0,41.67,1.92,5.4,32.0,50.0,0.31,0.49,94.98,329.0,148.0,3.21,1.42,27.35,119.0,118.0,1.16,1.15,60.28,190.0,120.0,1.85,1.16,38.39,680.0,223.0,6.64,2.1,19.94,961.0,258.0,9.38,2.38,16.32,134.0,76.0,1.31,0.73,34.48,629.0,203.0,6.14,1.91,19.62,907.0,281.0,8.85,2.63,18.83,3568.0,454.0,34.83,3.17,7.74,882.0,305.0,8.61,2.88,21.02,981.0,449.0,9.58,4.3,27.82,831.0,214.0,8.11,1.96,15.65,704.0,247.0,8.66,3.0,21.33,470.0,185.0,5.78,2.25,23.93,763.0,255.0,9.39,3.09,20.32,994.0,271.0,12.23,3.26,16.57,681.0,189.0,8.38,2.27,16.87,1000.0,286.0,12.3,3.44,17.39,919.0,208.0,11.31,2.47,13.76,1153.0,283.0,14.19,3.38,14.92,677.0,209.0,8.33,2.52,18.77,767.0,219.0,9.44,2.64,17.36,6456.0,468.0,79.43,3.35,4.41,2058.0,360.0,25.32,4.17,10.63,1202.0,252.0,14.79,2.98,12.74,719.0,186.0,8.85,2.23,15.73,640.0,204.0,7.87,2.47,19.38,2222.0,366.0,27.34,4.2,10.01,22530.0,1784.0,94.75,1.24,4.81,13055.0,1460.0,54.9,4.39,6.8,11320.0,1372.0,47.61,4.41,7.37,1248.0,402.0,5.25,1.64,19.58,12107.0,1286.0,49.25,3.66,6.46,12477.0,950.0,50.75,0.3,4.63,1708.0,415.0,6.95,1.6,14.77,1985.0,410.0,8.07,1.55,12.56,2433.0,498.0,9.9,1.88,12.44,1398.0,304.0,5.69,1.16,13.22,1570.0,368.0,6.39,1.42,14.25,2392.0,443.0,9.73,1.64,11.26,3714.0,477.0,15.11,1.57,7.81,3236.0,485.0,13.16,1.7,9.11,1371.0,297.0,5.58,1.13,13.17,1836.0,339.0,7.47,1.26,11.22,1690.0,377.0,6.87,1.44,13.56,968.0,314.0,3.94,1.24,19.72,283.0,107.0,1.15,0.43,22.98,7028.0,909.0,28.59,2.99,7.86,17556.0,1235.0,71.41,7.39,4.28,2941.0,459.0,11.96,1.63,9.49,2834.0,905.0,11.53,3.58,19.41,4698.0,816.0,19.11,2.99,10.56,14210.0,1460.0,57.8,4.0,6.25,48.0,53.0,0.2,0.22,67.12,1129.0,440.0,4.59,1.76,23.69,0.0,,0.0,,,1665.0,591.0,6.77,2.35,21.58,6123.0,1224.0,24.91,4.61,12.15,18461.0,1442.0,75.09,1.38,4.75,3231.0,597.0,13.14,2.21,11.23,13075.0,1397.0,53.18,4.0,6.5,0.0,,0.0,,,1129.0,440.0,4.59,1.76,23.69,0.0,,0.0,,,232.0,276.0,0.94,1.12,72.32,794.0,361.0,3.23,1.45,27.64
11693,11693,11693,5274.0,516.0,100,,5.95,1600.0,341.0,30.34,5.74,12.96,3077.0,638.0,22.7,4.13,12.6,85.0,96.0,2.76,3.07,68.66,213.0,119.0,6.92,3.59,33.96,1149.0,323.0,37.34,7.09,17.09,795.0,240.0,25.84,5.67,18.35,835.0,300.0,27.14,7.96,21.84,9683.0,905.0,71.42,9.76,5.68,644.0,255.0,6.65,2.56,24.07,747.0,261.0,7.71,2.6,21.24,2704.0,396.0,27.93,3.15,8.9,3456.0,728.0,35.69,6.74,12.81,10750.0,1042.0,79.29,11.02,5.89,302.0,119.0,2.81,1.07,23.95,13450.0,1351.0,99.2,1.26,6.11,2040.0,481.0,15.17,3.24,14.33,2808.0,544.0,20.71,3.44,11.78,95.0,86.0,3.38,2.99,55.03,8433.0,944.0,62.2,3.17,6.8,1159.0,367.0,13.74,4.07,19.25,2209.0,393.0,16.29,2.4,10.82,786.0,273.0,35.58,10.61,21.11,13467.0,1338.0,99.33,13.98,6.04,12893.0,1362.0,95.74,3.44,6.42,556.0,258.0,4.13,1.87,28.21,18.0,52.0,0.13,0.39,175.62,13558.0,1351.0,100,,6.06,10004.0,1228.0,73.79,5.29,7.46,9777.0,1219.0,72.11,5.4,7.58,227.0,140.0,1.67,1.02,37.49,3554.0,678.0,26.21,4.26,11.6,2451.0,489.0,68.96,4.03,12.13,1103.0,440.0,31.04,10.87,24.25,1505.0,331.0,42.35,4.63,13.37,327.0,196.0,9.2,5.23,36.44,206.0,227.0,5.8,6.29,66.99,0.0,,0.0,,,1510.0,543.0,42.49,12.95,21.86,6.0,10.0,0.17,0.28,101.32,12877.0,1246.0,94.98,13.19,5.88,8043.0,1210.0,62.46,7.2,9.15,1950.0,411.0,15.14,2.84,12.81,2491.0,693.0,19.34,5.05,16.91,4786.0,498.0,90.75,3.21,6.33,4754.0,494.0,90.14,3.16,6.32,11098.0,1078.0,81.86,11.39,5.9,6176.0,748.0,55.65,4.03,7.36,5599.0,636.0,50.45,2.97,6.91,577.0,314.0,5.2,2.78,33.08,0.0,,0.0,,,4922.0,762.0,44.35,5.35,9.41,,,9.34,4.96,33.08,5414.0,618.0,39.93,2.22,6.94,2925.0,577.0,54.03,8.69,11.99,140.0,82.0,2.59,1.49,35.61,1520.0,361.0,28.08,5.85,14.44,148.0,93.0,2.73,1.69,38.2,534.0,180.0,9.86,3.13,20.49,5599.0,636.0,41.3,2.25,6.91,0.0,,0.0,,,237.0,99.0,4.23,1.7,25.39,183.0,118.0,3.27,2.07,39.2,34.0,36.0,0.61,0.64,64.37,517.0,171.0,9.23,2.87,20.11,338.0,139.0,6.04,2.39,25.0,148.0,96.0,2.64,1.69,39.43,364.0,160.0,6.5,2.76,26.72,744.0,247.0,13.29,4.15,20.18,2018.0,420.0,36.04,6.29,12.65,406.0,183.0,7.25,3.16,27.4,184.0,105.0,3.29,1.84,34.69,426.0,171.0,7.61,2.93,24.4,481.0,241.0,9.12,4.48,30.46,205.0,94.0,3.89,1.74,27.87,329.0,162.0,6.24,3.01,29.93,581.0,239.0,11.02,4.4,25.01,557.0,242.0,10.56,4.47,26.41,516.0,157.0,9.78,2.82,18.5,706.0,180.0,13.39,3.15,15.5,941.0,372.0,17.84,6.83,24.03,380.0,143.0,7.21,2.62,22.88,578.0,176.0,10.96,3.16,18.51,3522.0,330.0,66.78,9.05,5.7,2035.0,460.0,38.59,7.86,13.74,1637.0,449.0,31.04,7.95,16.67,473.0,207.0,8.97,3.83,26.6,302.0,118.0,5.73,2.17,23.75,1064.0,235.0,20.17,3.99,13.43,12469.0,1319.0,92.71,3.08,6.43,7547.0,998.0,56.11,4.83,8.04,6323.0,1065.0,47.01,6.36,10.24,981.0,423.0,7.29,3.06,26.21,5933.0,552.0,43.76,5.97,5.66,7625.0,1081.0,56.24,5.67,8.62,681.0,265.0,5.02,1.89,23.66,663.0,256.0,4.89,1.82,23.47,867.0,278.0,6.39,1.95,19.49,934.0,310.0,6.89,2.18,20.18,730.0,237.0,5.38,1.66,19.74,1648.0,348.0,12.16,2.26,12.84,1332.0,275.0,9.82,1.78,12.55,1868.0,386.0,13.78,2.49,12.56,1396.0,421.0,10.3,2.93,18.33,1181.0,318.0,8.71,2.18,16.37,1244.0,296.0,9.18,1.98,14.46,741.0,296.0,5.47,2.11,24.28,273.0,211.0,2.01,1.54,46.98,2808.0,544.0,20.71,3.44,11.78,10750.0,1042.0,79.29,11.02,5.89,2258.0,406.0,16.65,2.49,10.93,1311.0,546.0,9.67,3.91,25.32,7616.0,1034.0,56.17,5.18,8.25,3232.0,759.0,23.84,5.07,14.28,23.0,52.0,0.17,0.38,137.44,457.0,329.0,3.37,2.4,43.76,0.0,,0.0,,,919.0,452.0,6.78,3.26,29.9,3473.0,808.0,25.62,5.39,14.14,10085.0,1247.0,74.38,5.45,7.52,6200.0,841.0,45.73,4.21,8.25,2910.0,670.0,21.46,4.45,14.0,23.0,52.0,0.17,0.38,137.44,457.0,329.0,3.37,2.4,43.76,0.0,,0.0,,,166.0,206.0,1.22,1.51,75.44,329.0,219.0,2.43,1.6,40.47
11694,11694,11694,7994.0,438.0,100,,3.33,2059.0,333.0,25.76,3.92,9.83,4845.0,905.0,22.24,3.76,11.36,426.0,197.0,8.79,3.72,28.11,367.0,196.0,7.57,3.79,32.47,2195.0,614.0,45.3,9.43,17.0,858.0,237.0,17.71,3.6,16.79,999.0,190.0,20.62,0.74,11.56,15723.0,995.0,72.16,7.32,3.85,735.0,266.0,4.67,1.67,22.0,906.0,257.0,5.76,1.59,17.24,3831.0,523.0,24.37,2.95,8.3,6810.0,604.0,43.31,2.69,5.39,16944.0,1152.0,77.77,8.13,4.13,617.0,204.0,3.64,1.18,20.1,21145.0,1728.0,97.05,1.89,4.97,2667.0,459.0,12.61,1.91,10.46,4816.0,957.0,22.1,4.03,12.08,156.0,92.0,3.24,1.8,35.85,12226.0,1145.0,56.11,2.79,5.69,1453.0,373.0,11.88,2.84,15.61,4103.0,394.0,18.83,1.02,5.84,1058.0,230.0,25.79,5.03,13.22,21535.0,1696.0,98.84,11.05,4.79,19338.0,1666.0,89.8,3.14,5.24,2164.0,582.0,10.05,2.58,16.35,33.0,36.0,0.15,0.17,66.32,21788.0,1729.0,100,,4.82,18794.0,1629.0,86.26,3.01,5.27,18485.0,1584.0,84.84,2.74,5.21,309.0,151.0,1.42,0.68,29.71,2994.0,500.0,13.74,2.02,10.15,1906.0,377.0,63.66,6.75,12.02,1088.0,295.0,36.34,7.76,16.48,1146.0,270.0,38.28,6.36,14.32,574.0,276.0,19.17,8.64,29.23,313.0,140.0,10.45,4.34,27.19,6.0,13.0,0.2,0.43,131.71,900.0,333.0,30.06,9.92,22.49,55.0,45.0,1.84,1.47,49.74,20422.0,1619.0,93.73,10.51,4.82,16455.0,1453.0,80.57,3.13,5.37,1253.0,341.0,6.14,1.6,16.54,1715.0,513.0,8.4,2.42,18.18,7453.0,478.0,93.23,3.11,3.9,7269.0,490.0,90.93,3.57,4.1,17355.0,1188.0,79.65,8.35,4.16,10179.0,927.0,58.65,3.52,5.54,9434.0,825.0,54.36,2.96,5.32,745.0,286.0,4.29,1.62,23.34,0.0,,0.0,,,7176.0,545.0,41.35,1.36,4.62,,,7.32,2.73,23.34,9113.0,810.0,41.83,1.67,5.4,4864.0,608.0,53.37,4.69,7.6,531.0,179.0,5.83,1.89,20.49,2402.0,550.0,26.36,5.56,13.92,707.0,191.0,7.76,1.98,16.42,408.0,104.0,4.48,1.07,15.5,9434.0,825.0,43.3,1.59,5.32,0.0,,0.0,,,873.0,286.0,9.25,2.92,19.92,261.0,180.0,2.77,1.89,41.92,147.0,153.0,1.56,1.62,63.27,579.0,278.0,6.14,2.9,29.19,556.0,220.0,5.89,2.27,24.05,199.0,97.0,2.11,1.01,29.63,691.0,187.0,7.32,1.88,16.45,1323.0,327.0,14.02,3.24,15.03,2881.0,372.0,30.54,2.9,7.85,665.0,223.0,7.05,2.28,20.39,371.0,138.0,3.93,1.42,22.61,888.0,182.0,9.41,1.74,12.46,373.0,143.0,4.67,1.77,23.31,366.0,146.0,4.58,1.81,24.25,497.0,164.0,6.22,2.02,20.06,369.0,136.0,4.62,1.68,22.41,528.0,158.0,6.6,1.94,18.19,991.0,223.0,12.4,2.71,13.68,867.0,212.0,10.85,2.58,14.86,1516.0,297.0,18.96,3.57,11.91,1209.0,264.0,15.12,3.2,13.27,1278.0,223.0,15.99,2.65,10.61,5990.0,406.0,74.93,2.99,4.12,2943.0,355.0,36.82,3.96,7.33,2290.0,291.0,28.65,3.28,7.72,338.0,139.0,4.23,1.72,25.0,282.0,148.0,3.53,1.84,31.9,799.0,216.0,9.99,2.65,16.43,20416.0,1684.0,96.55,1.08,5.01,15090.0,1622.0,71.36,4.98,6.53,7643.0,757.0,36.15,2.02,6.02,729.0,257.0,3.45,1.18,21.43,10444.0,966.0,47.93,2.28,5.62,11344.0,1067.0,52.07,2.63,5.72,1366.0,402.0,6.27,1.78,17.89,1299.0,367.0,5.96,1.62,17.17,1609.0,447.0,7.38,1.97,16.89,967.0,266.0,4.44,1.17,16.72,824.0,255.0,3.78,1.13,18.81,2109.0,481.0,9.68,2.07,13.86,2934.0,564.0,13.47,2.36,11.69,3107.0,418.0,14.26,1.55,8.18,1656.0,375.0,7.6,1.61,13.77,1371.0,287.0,6.29,1.22,12.73,2602.0,360.0,11.94,1.35,8.41,1344.0,250.0,6.17,1.04,11.31,600.0,169.0,2.75,0.74,17.12,4844.0,958.0,22.23,4.03,12.02,16944.0,1152.0,77.77,8.13,4.13,4546.0,405.0,20.86,0.84,5.42,1261.0,524.0,5.79,2.36,25.26,16953.0,1678.0,77.81,4.6,6.02,1634.0,412.0,7.5,1.79,15.33,18.0,28.0,0.08,0.13,94.56,502.0,197.0,2.3,0.89,23.86,0.0,,0.0,,,1420.0,713.0,6.52,3.23,30.52,3787.0,1126.0,17.38,4.98,18.07,18001.0,1588.0,82.62,3.18,5.36,15628.0,1544.0,71.73,4.22,6.01,1552.0,400.0,7.12,1.75,15.67,18.0,28.0,0.08,0.13,94.56,482.0,201.0,2.21,0.91,25.35,0.0,,0.0,,,36.0,47.0,0.17,0.22,79.37,285.0,176.0,1.31,0.8,37.54
11697,11697,11697,1533.0,247.0,100,,9.79,269.0,69.0,17.55,3.5,15.59,857.0,226.0,21.72,3.26,16.03,188.0,93.0,21.94,9.18,30.07,14.0,27.0,1.63,3.12,117.24,319.0,130.0,37.22,11.57,24.77,113.0,64.0,13.19,6.61,34.43,223.0,227.0,26.02,25.58,61.88,2916.0,638.0,73.9,2.24,13.3,25.0,29.0,0.86,0.98,70.52,169.0,110.0,5.8,3.55,39.57,365.0,132.0,12.52,3.6,21.98,1530.0,292.0,52.47,15.23,11.6,3234.0,846.0,81.96,12.01,15.9,79.0,42.0,2.44,1.13,32.32,3946.0,855.0,100.0,0.0,13.17,538.0,143.0,13.63,2.1,16.16,712.0,120.0,18.04,4.95,10.25,105.0,45.0,14.75,5.81,26.05,2315.0,832.0,58.67,16.82,21.85,144.0,75.0,6.22,2.34,31.66,919.0,171.0,23.29,6.65,11.31,289.0,110.0,31.45,10.44,23.14,3902.0,844.0,98.88,30.27,13.15,3547.0,824.0,90.9,7.7,14.12,355.0,253.0,9.1,6.18,43.32,0.0,,0.0,,,3946.0,855.0,100,,13.17,3795.0,861.0,96.17,6.47,13.79,3774.0,861.0,95.64,6.83,13.87,21.0,22.0,0.53,0.55,63.69,151.0,89.0,3.83,2.1,35.83,131.0,80.0,86.75,13.86,37.12,20.0,28.0,13.25,16.82,85.11,119.0,76.0,78.81,19.38,38.82,32.0,35.0,21.19,19.53,66.49,0.0,,0.0,,,0.0,,0.0,,,0.0,,0.0,,,0.0,,0.0,,,3716.0,833.0,94.17,5.41,13.63,3506.0,836.0,94.35,7.67,14.5,20.0,28.0,0.54,0.74,85.11,24.0,28.0,0.65,0.74,70.92,1397.0,240.0,91.13,5.43,10.44,1351.0,226.0,88.13,3.96,10.17,3305.0,849.0,83.76,11.56,15.62,1869.0,469.0,56.55,20.31,15.25,1805.0,473.0,54.61,2.83,15.93,64.0,44.0,1.94,1.23,41.79,0.0,,0.0,,,1436.0,471.0,43.45,8.86,19.94,,,3.42,2.19,41.79,1728.0,472.0,43.79,7.28,16.6,1190.0,295.0,68.87,25.4,15.07,161.0,87.0,9.32,4.34,32.85,213.0,197.0,12.33,10.89,56.22,21.0,23.0,1.22,1.29,66.58,119.0,66.0,6.89,3.32,33.72,1805.0,473.0,45.74,6.74,15.93,0.0,,0.0,,,183.0,98.0,10.14,4.73,32.55,13.0,20.0,0.72,1.09,93.52,31.0,39.0,1.72,2.11,76.48,61.0,48.0,3.38,2.51,47.83,56.0,36.0,3.1,1.82,39.08,5.0,10.0,0.28,0.55,121.58,202.0,194.0,11.19,10.34,58.38,227.0,111.0,12.58,5.19,29.73,683.0,213.0,37.84,6.4,18.96,48.0,44.0,2.66,2.34,55.72,79.0,69.0,4.38,3.65,53.1,217.0,100.0,12.02,4.56,28.01,29.0,27.0,1.89,1.73,56.6,9.0,15.0,0.59,0.97,101.32,76.0,59.0,4.96,3.76,47.19,45.0,34.0,2.94,2.17,45.93,76.0,53.0,4.96,3.36,42.39,170.0,71.0,11.09,4.27,25.39,172.0,78.0,11.22,4.76,27.57,268.0,98.0,17.48,5.74,22.23,220.0,98.0,14.35,5.96,27.08,468.0,189.0,30.53,11.31,24.55,1082.0,225.0,70.58,9.28,12.64,593.0,133.0,38.68,6.04,13.63,713.0,218.0,46.51,12.09,18.59,24.0,22.0,1.57,1.41,55.72,0.0,,0.0,,,49.0,45.0,3.2,2.89,55.83,3932.0,855.0,99.65,1.82,13.22,3684.0,846.0,93.36,7.1,13.96,1021.0,197.0,25.87,7.51,11.73,14.0,22.0,0.35,0.55,95.53,1900.0,624.0,48.15,11.88,19.96,2046.0,347.0,51.85,14.27,10.31,230.0,99.0,5.83,2.17,26.17,257.0,101.0,6.51,2.14,23.89,121.0,85.0,3.07,2.05,42.7,158.0,93.0,4.0,2.19,35.78,264.0,229.0,6.69,5.62,52.73,468.0,232.0,11.86,5.29,30.14,337.0,94.0,8.54,1.5,16.96,336.0,158.0,8.51,3.55,28.59,581.0,396.0,14.72,9.51,41.43,275.0,98.0,6.97,1.97,21.66,555.0,133.0,14.06,1.44,14.57,263.0,109.0,6.66,2.35,25.19,101.0,50.0,2.56,1.14,30.09,712.0,120.0,18.04,4.95,10.25,3234.0,846.0,81.96,12.01,15.9,919.0,171.0,23.29,6.65,11.31,61.0,62.0,1.55,1.54,61.79,3832.0,853.0,97.11,4.95,13.53,9.0,15.0,0.23,0.38,101.32,0.0,,0.0,,,44.0,36.0,1.12,0.88,49.74,0.0,,0.0,,,0.0,,0.0,,,134.0,128.0,3.4,3.16,58.07,3812.0,844.0,96.6,4.4,13.46,3698.0,838.0,93.72,6.22,13.78,9.0,15.0,0.23,0.38,101.32,0.0,,0.0,,,44.0,36.0,1.12,0.88,49.74,0.0,,0.0,,,0.0,,0.0,,,61.0,62.0,1.55,1.54,61.79
99999,99999,99999,,,100,,,,,,,,,,,,,,,,,,,,,,,,,,,,,,,,,,,,,,,,,,,,,,,,,,,,,,,,,,,,,,,,,,,,,,,,,,,,,,,,,,,,,,,,,,,,,,,,,,,,,,,,,,,,,,,,,,,,,,,,,,,,,,,,,,,,,,,100,,,,,,,,,,,,,,,,,,,,,,,,,,,,,,,,,,,,,,,,,,,,,,,,,,,,,,,,,,,,,,,,,,,,,,,,,,,,,,,,,,,,,,,,,,,,,,,,,,,,,,,,,,,,,,,,,,,,,,,,,,,,,,,,,,,,,,,,,,,,,,,,,,,,,,,,,,,,,,,,,,,,,,,,,,,,,,,,,,,,,,,,,,,,,,,,,,,,,,,,,,,,,,,,,,,,,,,,,,,,,,,,,,,,,,,,,,,,,,,,,,,,,,,,,,,,,,,,,,,,,,,,,,,,,,,,,,,,,,,,,,,,,,,,,,,,,,,,,,,,,,,,,,,,,,,,,,,,,,,,,,,,,,,,,,,,,,,,,,,,,,,,,,,,,,,,,,,,,,,,,,,,,,,,,,,,,,,,,,,,,,,,,,,,,,,,,,,,,,,,,,,,,,,,,,,,,,,,,,,,,,,,,,,,,,,,,,,,,,,,,,,,,,,,,,,,,,,,,,,,,,,,,,,,,,,,,,,,,,,,,,,,,,,,,,,,,,,,,
