MODZCTA,modzcta,ZCTA,DP02_0001E,DP02_0001M,DP02_0001PE,DP02_0001PM,DP02_0001V,DP02_0014E,DP02_0014M,DP02_0014PE,DP02_0014PM,DP02_0014V,DP02_0053E,DP02_0053M,DP02_0053PE,DP02_0053PM,DP02_0053V,DP02_0054E,DP02_0054M,DP02_0054PE,DP02_0054PM,DP02_0054V,DP02_0055E,DP02_0055M,DP02_0055PE,DP02_0055PM,DP02_0055V,DP02_0056E,DP02_0056M,DP02_0056PE,DP02_0056PM,DP02_0056V,DP02_0057E,DP02_0057M,DP02_0057PE,DP02_0057PM,DP02_0057V,DP02_0058E,DP02_0058M,DP02_0058PE,DP02_0058PM,DP02_0058V,DP02_0059E,DP02_0059M,DP02_0059PE,DP02_0059PM,DP02_0059V,DP02_0060E,DP02_0060M,DP02_0060PE,DP02_0060PM,DP02_0060V,DP02_0061E,DP02_0061M,DP02_0061PE,DP02_0061PM,DP02_0061V,DP02_0062E,DP02_0062M,DP02_0062PE,DP02_0062PM,DP02_0062V,DP02_0068E,DP02_0068M,DP02_0068PE,DP02_0068PM,DP02_0068V,DP02_0069E,DP02_0069M,DP02_0069PE,DP02_0069PM,DP02_0069V,DP02_0070E,DP02_0070M,DP02_0070PE,DP02_0070PM,DP02_0070V,DP02_0071E,DP02_0071M,DP02_0071PE,DP02_0071PM,DP02_0071V,DP02_0072E,DP02_0072M,DP02_0072PE,DP02_0072PM,DP02_0072V,DP02_0073E,DP02_0073M,DP02_0073PE,DP02_0073PM,DP02_0073V,DP02_0074E,DP02_0074M,DP02_0074PE,DP02_0074PM,DP02_0074V,DP02_0075E,DP02_0075M,DP02_0075PE,DP02_0075PM,DP02_0075V,DP02_0076E,DP02_0076M,DP02_0076PE,DP02_0076PM,DP02_0076V,DP02_0077E,DP02_0077M,DP02_0077PE,DP02_0077PM,DP02_0077V,DP02_0078E,DP02_0078M,DP02_0078PE,DP02_0078PM,DP02_0078V,DP02_0079E,DP02_0079M,DP02_0079PE,DP02_0079PM,DP02_0079V,DP02_0080E,DP02_0080M,DP02_0080PE,DP02_0080PM,DP02_0080V,DP02_0082E,DP02_0082M,DP02_0082PE,DP02_0082PM,DP02_0082V,DP02_0087E,DP02_0087M,DP02_0087PE,DP02_0087PM,DP02_0087V,DP02_0088E,DP02_0088M,DP02_0088PE,DP02_0088PM,DP02_0088V,DP02_0089E,DP02_0089M,DP02_0089PE,DP02_0089PM,DP02_0089V,DP02_0090E,DP02_0090M,DP02_0090PE,DP02_0090PM,DP02_0090V,DP02_0093E,DP02_0093M,DP02_0093PE,DP02_0093PM,DP02_0093V,DP02_0094E,DP02_0094M,DP02_0094PE,DP02_0094PM,DP02_0094V,DP02_0096E,DP02_0096M,DP02_0096PE,DP02_0096PM,DP02_0096V,DP02_0097E,DP02_0097M,DP02_0097PE,DP02_0097PM,DP02_0097V,DP02_0106E,DP02_0106M,DP02_0106PE,DP02_0106PM,DP02_0106V,DP02_0107E,DP02_0107M,DP02_0107PE,DP02_0107PM,DP02_0107V,DP02_0108E,DP02_0108M,DP02_0108PE,DP02_0108PM,DP02_0108V,DP02_0109E,DP02_0109M,DP02_0109PE,DP02_0109PM,DP02_0109V,DP02_0110E,DP02_0110M,DP02_0110PE,DP02_0110PM,DP02_0110V,DP02_0111E,DP02_0111M,DP02_0111PE,DP02_0111PM,DP02_0111V,DP02_0112E,DP02_0112M,DP02_0112PE,DP02_0112PM,DP02_0112V,DP02_0113E,DP02_0113M,DP02_0113PE,DP02_0113PM,DP02_0113V,DP02_0115E,DP02_0115M,DP02_0115PE,DP02_0115PM,DP02_0115V,DP02_0116E,DP02_0116M,DP02_0116PE,DP02_0116PM,DP02_0116V,DP02_0153E,DP02_0153M,DP02_0153PE,DP02_0153PM,DP02_0153V,DP02_0154E,DP02_0154M,DP02_0154PE,DP02_0154PM,DP02_0154V,DP03_0001E,DP03_0001M,DP03_0001PE,DP03_0001PM,DP03_0001V,DP03_0002E,DP03_0002M,DP03_0002PE,DP03_0002PM,DP03_0002V,DP03_0004E,DP03_0004M,DP03_0004PE,DP03_0004PM,DP03_0004V,DP03_0005E,DP03_0005M,DP03_0005PE,DP03_0005PM,DP03_0005V,DP03_0006E,DP03_0006M,DP03_0006PE,DP03_0006PM,DP03_0006V,DP03_0007E,DP03_0007M,DP03_0007PE,DP03_0007PM,DP03_0007V,DP03_0009E,DP03_0009M,DP03_0009PE,DP03_0009PM,DP03_0009V,DP03_0018E,DP03_0018M,DP03_0018PE,DP03_0018PM,DP03_0018V,DP03_0019E,DP03_0019M,DP03_0019PE,DP03_0019PM,DP03_0019V,DP03_0020E,DP03_0020M,DP03_0020PE,DP03_0020PM,DP03_0020V,DP03_0021E,DP03_0021M,DP03_0021PE,DP03_0021PM,DP03_0021V,DP03_0022E,DP03_0022M,DP03_0022PE,DP03_0022PM,DP03_0022V,DP03_0024E,DP03_0024M,DP03_0024PE,DP03_0024PM,DP03_0024V,DP03_0032E,DP03_0032M,DP03_0032PE,DP03_0032PM,DP03_0032V,DP03_0033E,DP03_0033M,DP03_0033PE,DP03_0033PM,DP03_0033V,DP03_0034E,DP03_0034M,DP03_0034PE,DP03_0034PM,DP03_0034V,DP03_0035E,DP03_0035M,DP03_0035PE,DP03_0035PM,DP03_0035V,DP03_0036E,DP03_0036M,DP03_0036PE,DP03_0036PM,DP03_0036V,DP03_0037E,DP03_0037M,DP03_0037PE,DP03_0037PM,DP03_0037V,DP03_0038E,DP03_0038M,DP03_0038PE,DP03_0038PM,DP03_0038V,DP03_0039E,DP03_0039M,DP03_0039PE,DP03_0039PM,DP03_0039V,DP03_0040E,DP03_0040M,DP03_0040PE,DP03_0040PM,DP03_0040V,DP03_0041E,DP03_0041M,DP03_0041PE,DP03_0041PM,DP03_0041V,DP03_0042E,DP03_0042M,DP03_0042PE,DP03_0042PM,DP03_0042V,DP03_0043E,DP03_0043M,DP03_0043PE,DP03_0043PM,DP03_0043V,DP03_0044E,DP03_0044M,DP03_0044PE,DP03_0044PM,DP03_0044V,DP03_0045E,DP03_0045M,DP03_0045PE,DP03_0045PM,DP03_0045V,DP03_0052E,DP03_0052M,DP03_0052PE,DP03_0052PM,DP03_0052V,DP03_0053E,DP03_0053M,DP03_0053PE,DP03_0053PM,DP03_0053V,DP03_0054E,DP03_0054M,DP03_0054PE,DP03_0054PM,DP03_0054V,DP03_0055E,DP03_0055M,DP03_0055PE,DP03_0055PM,DP03_0055V,DP03_0056E,DP03_0056M,DP03_0056PE,DP03_0056PM,DP03_0056V,DP03_0057E,DP03_0057M,DP03_0057PE,DP03_0057PM,DP03_0057V,DP03_0058E,DP03_0058M,DP03_0058PE,DP03_0058PM,DP03_0058V,DP03_0059E,DP03_0059M,DP03_0059PE,DP03_0059PM,DP03_0059V,DP03_0060E,DP03_0060M,DP03_0060PE,DP03_0060PM,DP03_0060V,DP03_0061E,DP03_0061M,DP03_0061PE,DP03_0061PM,DP03_0061V,DP03_0064E,DP03_0064M,DP03_0064PE,DP03_0064PM,DP03_0064V,DP03_0066E,DP03_0066M,DP03_0066PE,DP03_0066PM,DP03_0066V,DP03_0068E,DP03_0068M,DP03_0068PE,DP03_0068PM,DP03_0068V,DP03_0070E,DP03_0070M,DP03_0070PE,DP03_0070PM,DP03_0070V,DP03_0072E,DP03_0072M,DP03_0072PE,DP03_0072PM,DP03_0072V,DP03_0074E,DP03_0074M,DP03_0074PE,DP03_0074PM,DP03_0074V,DP03_0096E,DP03_0096M,DP03_0096PE,DP03_0096PM,DP03_0096V,DP03_0097E,DP03_0097M,DP03_0097PE,DP03_0097PM,DP03_0097V,DP03_0098E,DP03_0098M,DP03_0098PE,DP03_0098PM,DP03_0098V,DP03_0099E,DP03_0099M,DP03_0099PE,DP03_0099PM,DP03_0099V,DP05_0002E,DP05_0002M,DP05_0002PE,DP05_0002PM,DP05_0002V,DP05_0003E,DP05_0003M,DP05_0003PE,DP05_0003PM,DP05_0003V,DP05_0005E,DP05_0005M,DP05_0005PE,DP05_0005PM,DP05_0005V,DP05_0006E,DP05_0006M,DP05_0006PE,DP05_0006PM,DP05_0006V,DP05_0007E,DP05_0007M,DP05_0007PE,DP05_0007PM,DP05_0007V,DP05_0008E,DP05_0008M,DP05_0008PE,DP05_0008PM,DP05_0008V,DP05_0009E,DP05_0009M,DP05_0009PE,DP05_0009PM,DP05_0009V,DP05_0010E,DP05_0010M,DP05_0010PE,DP05_0010PM,DP05_0010V,DP05_0011E,DP05_0011M,DP05_0011PE,DP05_0011PM,DP05_0011V,DP05_0012E,DP05_0012M,DP05_0012PE,DP05_0012PM,DP05_0012V,DP05_0013E,DP05_0013M,DP05_0013PE,DP05_0013PM,DP05_0013V,DP05_0014E,DP05_0014M,DP05_0014PE,DP05_0014PM,DP05_0014V,DP05_0015E,DP05_0015M,DP05_0015PE,DP05_0015PM,DP05_0015V,DP05_0016E,DP05_0016M,DP05_0016PE,DP05_0016PM,DP05_0016V,DP05_0017E,DP05_0017M,DP05_0017PE,DP05_0017PM,DP05_0017V,DP05_0019E,DP05_0019M,DP05_0019PE,DP05_0019PM,DP05_0019V,DP05_0021E,DP05_0021M,DP05_0021PE,DP05_0021PM,DP05_0021V,DP05_0024E,DP05_0024M,DP05_0024PE,DP05_0024PM,DP05_0024V,DP05_0035E,DP05_0035M,DP05_0035PE,DP05_0035PM,DP05_0035V,DP05_0037E,DP05_0037M,DP05_0037PE,DP05_0037PM,DP05_0037V,DP05_0038E,DP05_0038M,DP05_0038PE,DP05_0038PM,DP05_0038V,DP05_0039E,DP05_0039M,DP05_0039PE,DP05_0039PM,DP05_0039V,DP05_0047E,DP05_0047M,DP05_0047PE,DP05_0047PM,DP05_0047V,DP05_0055E,DP05_0055M,DP05_0055PE,DP05_0055PM,DP05_0055V,DP05_0060E,DP05_0060M,DP05_0060PE,DP05_0060PM,DP05_0060V,DP05_0076E,DP05_0076M,DP05_0076PE,DP05_0076PM,DP05_0076V,DP05_0081E,DP05_0081M,DP05_0081PE,DP05_0081PM,DP05_0081V,DP05_0082E,DP05_0082M,DP05_0082PE,DP05_0082PM,DP05_0082V,DP05_0083E,DP05_0083M,DP05_0083PE,DP05_0083PM,DP05_0083V,DP05_0084E,DP05_0084M,DP05_0084PE,DP05_0084PM,DP05_0084V,DP05_0085E,DP05_0085M,DP05_0085PE,DP05_0085PM,DP05_0085V,DP05_0086E,DP05_0086M,DP05_0086PE,DP05_0086PM,DP05_0086V,DP05_0087E,DP05_0087M,DP05_0087PE,DP05_0087PM,DP05_0087V,DP05_0088E,DP05_0088M,DP05_0088PE,DP05_0088PM,DP05_0088V
10001,10001,"10001, 10119, 10199",15097.0,796.0,100,,3.21,1986.0,434.0,13.15,2.79,13.28,4956.0,757.0,17.04,2.38,9.29,212.0,168.0,4.28,3.33,48.17,135.0,179.0,2.72,3.59,80.6,1523.0,554.0,30.73,10.15,22.11,362.0,170.0,7.3,3.24,28.55,2724.0,366.0,54.96,11.18,8.17,22724.0,1393.0,78.15,6.79,3.73,480.0,194.0,2.11,0.84,24.57,1144.0,457.0,5.03,1.99,24.28,1963.0,393.0,8.64,1.65,12.17,16248.0,1327.0,71.5,3.86,4.96,25757.0,1495.0,88.58,7.49,3.53,751.0,321.0,2.92,1.23,25.98,29079.0,1790.0,100.0,0.0,3.74,2532.0,439.0,8.71,1.41,10.54,3322.0,724.0,11.42,2.39,13.25,65.0,68.0,1.96,2.0,63.6,22201.0,1502.0,76.35,2.14,4.11,1424.0,362.0,6.41,1.57,15.45,3556.0,526.0,12.23,1.64,8.99,1043.0,258.0,29.33,5.82,15.04,28801.0,1788.0,99.04,0.8,3.77,23134.0,1808.0,80.32,3.81,4.75,5174.0,614.0,17.96,1.82,7.21,493.0,180.0,1.71,0.62,22.2,29079.0,1790.0,100,,3.74,21283.0,1571.0,73.19,2.98,4.49,20268.0,1555.0,69.7,3.19,4.66,1015.0,315.0,3.49,1.06,18.87,7796.0,995.0,26.81,3.0,7.76,3616.0,677.0,46.38,6.35,11.38,4180.0,650.0,53.62,4.76,9.45,1944.0,471.0,24.94,5.14,14.73,3264.0,510.0,41.87,3.77,9.5,257.0,209.0,3.3,2.65,49.44,168.0,122.0,2.15,1.54,44.15,1637.0,562.0,21.0,6.69,20.87,526.0,180.0,6.75,2.14,20.8,27906.0,1582.0,95.97,8.03,3.45,20096.0,1650.0,72.01,4.28,4.99,1870.0,388.0,6.7,1.34,12.61,3166.0,772.0,11.35,2.69,14.82,14612.0,804.0,96.79,1.52,3.34,14298.0,737.0,94.71,6.98,3.13,25900.0,1482.0,89.07,7.49,3.48,19082.0,1388.0,73.68,3.31,4.42,17926.0,1407.0,69.21,3.72,4.77,1156.0,277.0,4.46,1.04,14.57,0.0,,0.0,,,6818.0,716.0,26.32,2.32,6.38,,,6.06,1.38,14.57,17539.0,1368.0,60.32,2.89,4.74,772.0,263.0,4.4,1.46,20.71,131.0,124.0,0.75,0.7,57.54,6673.0,899.0,38.05,4.18,8.19,4803.0,603.0,27.38,2.69,7.63,4147.0,782.0,23.64,4.06,11.46,17926.0,1407.0,61.65,3.0,4.77,43.0,69.0,0.24,0.38,97.55,374.0,181.0,2.09,1.0,29.42,592.0,204.0,3.3,1.11,20.95,323.0,146.0,1.8,0.8,27.48,1191.0,423.0,6.64,2.3,21.59,432.0,222.0,2.41,1.22,31.24,1512.0,363.0,8.43,1.91,14.59,3110.0,547.0,17.35,2.73,10.69,4298.0,540.0,23.98,2.35,7.64,3068.0,515.0,17.11,2.54,10.2,1803.0,424.0,10.06,2.23,14.3,864.0,326.0,4.82,1.78,22.94,316.0,170.0,1.76,0.94,32.7,713.0,214.0,4.72,1.4,18.25,687.0,273.0,4.55,1.79,24.16,678.0,246.0,4.49,1.61,22.06,634.0,287.0,4.2,1.89,27.52,984.0,294.0,6.52,1.92,18.16,1512.0,432.0,10.02,2.81,17.37,1246.0,331.0,8.25,2.15,16.15,1727.0,312.0,11.44,1.98,10.98,1702.0,395.0,11.27,2.55,14.11,5214.0,577.0,34.54,3.36,6.73,12567.0,826.0,83.24,3.27,4.0,2447.0,372.0,16.21,2.31,9.24,1896.0,417.0,12.56,2.68,13.37,823.0,248.0,5.45,1.62,18.32,491.0,318.0,3.25,2.1,39.37,1572.0,309.0,10.41,1.97,11.95,28310.0,1786.0,97.36,1.34,3.84,22496.0,1636.0,77.36,3.0,4.42,8327.0,1079.0,28.64,3.27,7.88,769.0,227.0,2.64,0.76,17.94,14069.0,1231.0,48.38,3.01,5.32,15010.0,1357.0,51.62,3.42,5.5,1173.0,403.0,4.03,1.36,20.89,889.0,508.0,3.06,1.74,34.74,907.0,396.0,3.12,1.35,26.54,1302.0,242.0,4.48,0.79,11.3,2084.0,412.0,7.17,1.35,12.02,8165.0,938.0,28.08,2.72,6.98,4672.0,861.0,16.07,2.79,11.2,3345.0,570.0,11.5,1.83,10.36,1625.0,348.0,5.59,1.15,13.02,1361.0,431.0,4.68,1.45,19.25,2233.0,371.0,7.68,1.19,10.1,858.0,275.0,2.95,0.93,19.48,465.0,248.0,1.6,0.85,32.42,3322.0,724.0,11.42,2.39,13.25,25757.0,1495.0,88.58,7.49,3.53,3556.0,526.0,12.23,1.64,8.99,3203.0,749.0,11.01,2.48,14.22,15893.0,1561.0,54.65,4.18,5.97,3070.0,727.0,10.56,2.41,14.4,32.0,44.0,0.11,0.15,83.59,5228.0,698.0,17.98,2.13,8.12,0.0,,0.0,,,1653.0,638.0,5.68,2.17,23.46,5547.0,803.0,19.08,2.5,8.8,23532.0,1707.0,80.92,3.11,4.41,14221.0,1403.0,48.9,3.77,6.0,2923.0,702.0,10.05,2.33,14.6,0.0,,0.0,,,5228.0,698.0,17.98,2.13,8.12,0.0,,0.0,,,261.0,204.0,0.9,0.7,47.51,899.0,332.0,3.09,1.13,22.45
10002,10002,10002,35771.0,1265.0,100,,2.15,5531.0,685.0,15.46,1.84,7.53,12746.0,1445.0,16.88,1.78,6.89,614.0,239.0,4.82,1.79,23.66,511.0,202.0,4.01,1.52,24.03,5257.0,1202.0,41.24,8.19,13.9,2237.0,455.0,17.55,2.96,12.36,4127.0,599.0,32.38,2.93,8.82,59418.0,2477.0,78.68,4.67,2.53,8193.0,1075.0,13.79,1.72,7.98,9041.0,1225.0,15.22,1.96,8.24,10531.0,1240.0,17.72,1.95,7.16,23146.0,1482.0,38.95,1.89,3.89,65366.0,2601.0,86.56,5.03,2.42,1334.0,397.0,2.04,0.6,18.09,75023.0,3208.0,99.35,0.61,2.6,9923.0,1031.0,13.23,1.25,6.32,10119.0,1367.0,13.4,1.72,8.21,298.0,194.0,2.94,1.88,39.57,48020.0,2481.0,63.59,1.88,3.14,4048.0,639.0,8.43,1.26,9.6,16884.0,1261.0,22.36,1.38,4.54,5577.0,741.0,33.03,3.63,8.08,75140.0,3147.0,99.5,5.92,2.55,68071.0,3059.0,90.59,1.48,2.73,6469.0,766.0,8.61,0.95,7.2,600.0,252.0,0.8,0.33,25.53,75517.0,3196.0,100,,2.57,46618.0,2525.0,61.73,2.09,3.29,43040.0,2512.0,56.99,2.29,3.55,3578.0,562.0,4.74,0.72,9.55,28899.0,1988.0,38.27,2.08,4.18,18090.0,1757.0,62.6,4.29,5.9,10809.0,1529.0,37.4,4.62,8.6,1866.0,469.0,6.46,1.56,15.28,21070.0,1624.0,72.91,2.53,4.69,383.0,186.0,1.33,0.64,29.52,304.0,196.0,1.05,0.67,39.19,4879.0,1015.0,16.88,3.31,12.65,397.0,186.0,1.37,0.64,28.48,73258.0,3108.0,97.01,0.29,2.58,34799.0,2522.0,47.5,2.79,4.41,23214.0,1777.0,31.69,2.02,4.65,11637.0,1346.0,15.88,1.71,7.03,32468.0,1328.0,90.77,1.87,2.49,29338.0,1356.0,82.02,2.44,2.81,66419.0,2595.0,87.95,5.07,2.38,37021.0,1896.0,55.74,1.85,3.11,33913.0,1864.0,51.06,1.97,3.34,3078.0,576.0,4.63,0.85,11.38,30.0,43.0,0.05,0.06,87.13,29398.0,1952.0,44.26,2.38,4.04,,,8.31,1.5,11.38,32990.0,1859.0,43.69,1.63,3.43,2139.0,483.0,6.48,1.42,13.73,521.0,173.0,1.58,0.52,20.19,15149.0,1142.0,45.92,2.3,4.58,7646.0,1066.0,23.18,2.96,8.48,5154.0,732.0,15.62,2.04,8.63,33913.0,1864.0,44.91,1.57,3.34,0.0,,0.0,,,828.0,270.0,2.44,0.78,19.82,807.0,295.0,2.38,0.86,22.22,816.0,293.0,2.41,0.85,21.83,2530.0,522.0,7.46,1.48,12.54,1761.0,565.0,5.19,1.64,19.5,1640.0,309.0,4.84,0.87,11.45,3607.0,487.0,10.64,1.31,8.21,7647.0,800.0,22.55,2.01,6.36,8326.0,995.0,24.55,2.61,7.26,3714.0,602.0,10.95,1.67,9.85,1188.0,372.0,3.5,1.08,19.04,1049.0,346.0,3.09,1.01,20.05,3412.0,703.0,9.54,1.94,12.53,3888.0,761.0,10.87,2.09,11.9,4219.0,683.0,11.79,1.86,9.84,3230.0,792.0,9.03,2.19,14.91,3933.0,724.0,10.99,1.99,11.19,3508.0,674.0,9.81,1.85,11.68,3085.0,558.0,8.62,1.53,11.0,4248.0,683.0,11.88,1.86,9.77,2020.0,462.0,5.65,1.28,13.9,4228.0,441.0,11.82,1.16,6.34,22908.0,1185.0,64.04,2.42,3.14,11771.0,1024.0,32.91,2.62,5.29,5402.0,599.0,15.1,1.59,6.74,4300.0,584.0,12.02,1.58,8.26,3211.0,773.0,8.98,2.14,14.63,11797.0,1131.0,32.98,2.94,5.83,71565.0,3082.0,95.39,0.49,2.62,38032.0,2107.0,50.69,1.79,3.37,39031.0,2843.0,52.03,3.07,4.43,3458.0,900.0,4.61,1.18,15.82,38110.0,2445.0,50.47,2.43,3.9,37407.0,1962.0,49.53,1.53,3.19,2259.0,530.0,2.99,0.69,14.26,3268.0,814.0,4.33,1.06,15.14,3051.0,679.0,4.04,0.88,13.53,2724.0,525.0,3.61,0.68,11.72,4797.0,654.0,6.35,0.82,8.29,13117.0,1406.0,17.37,1.71,6.52,10496.0,1162.0,13.9,1.42,6.73,8778.0,1033.0,11.62,1.28,7.15,5651.0,927.0,7.48,1.19,9.97,4108.0,750.0,5.44,0.97,11.1,9979.0,934.0,13.21,1.1,5.69,4770.0,550.0,6.32,0.68,7.01,2519.0,631.0,3.34,0.82,15.23,10121.0,1368.0,13.4,1.72,8.22,65396.0,2589.0,86.6,5.02,2.41,17268.0,1247.0,22.87,1.34,4.39,7805.0,1557.0,10.34,2.01,12.13,23597.0,1946.0,31.25,2.21,5.01,7074.0,1161.0,9.37,1.49,9.98,262.0,180.0,0.35,0.24,41.76,27700.0,1989.0,36.68,2.13,4.37,73.0,114.0,0.1,0.15,94.93,9006.0,1415.0,11.93,1.8,9.55,18646.0,2053.0,24.69,2.51,6.69,56871.0,2860.0,75.31,2.05,3.06,19896.0,1536.0,26.35,1.7,4.69,6595.0,1105.0,8.73,1.42,10.19,69.0,67.0,0.09,0.09,59.03,27597.0,2009.0,36.54,2.16,4.43,73.0,114.0,0.1,0.15,94.93,656.0,524.0,0.87,0.69,48.56,1985.0,498.0,2.63,0.65,15.25
10003,10003,10003,25080.0,1152.0,100,,2.79,2498.0,354.0,9.96,1.34,8.61,15010.0,793.0,27.89,0.33,3.21,307.0,145.0,2.05,0.96,28.71,161.0,98.0,1.07,0.65,37.0,1559.0,465.0,10.39,3.05,18.13,558.0,220.0,3.72,1.45,23.97,12425.0,677.0,82.78,1.1,3.31,36544.0,2769.0,67.89,3.77,4.61,1090.0,265.0,2.98,0.69,14.78,480.0,234.0,1.31,0.63,29.64,1755.0,379.0,4.8,0.97,13.13,30039.0,2830.0,82.2,4.6,5.73,50026.0,2618.0,92.94,0.87,3.18,702.0,217.0,1.4,0.43,18.79,53653.0,2770.0,99.68,0.39,3.14,3490.0,584.0,6.5,1.04,10.17,3747.0,667.0,6.96,1.19,10.82,40.0,38.0,1.07,1.0,57.75,41676.0,2347.0,77.43,1.77,3.42,1470.0,403.0,3.53,0.95,16.67,8230.0,861.0,15.29,1.39,6.36,1980.0,454.0,24.06,4.91,13.94,53336.0,2742.0,99.09,7.21,3.13,36878.0,2329.0,69.14,2.54,3.84,14955.0,1414.0,28.04,2.22,5.75,1503.0,395.0,2.82,0.73,15.98,53825.0,2771.0,100,,3.13,43192.0,2385.0,80.25,1.6,3.36,41871.0,2333.0,77.79,1.66,3.39,1321.0,384.0,2.45,0.7,17.67,10633.0,1128.0,19.75,1.83,6.45,5245.0,640.0,49.33,2.97,7.42,5388.0,962.0,50.67,7.28,10.85,2911.0,543.0,27.38,4.2,11.34,4780.0,561.0,44.95,2.26,7.13,240.0,179.0,2.26,1.67,45.34,629.0,797.0,5.92,7.47,77.03,1543.0,385.0,14.51,3.28,15.17,530.0,220.0,4.98,2.0,25.23,52426.0,2660.0,97.4,7.04,3.08,40967.0,2396.0,78.14,2.27,3.56,3549.0,876.0,6.77,1.64,15.0,2566.0,572.0,4.89,1.06,13.55,24689.0,1163.0,98.44,1.03,2.86,23857.0,1089.0,95.12,6.16,2.77,50449.0,2599.0,93.73,0.18,3.13,33983.0,2226.0,67.36,2.73,3.98,32313.0,2211.0,64.05,2.88,4.16,1663.0,338.0,3.3,0.65,12.36,7.0,13.0,0.01,0.03,112.9,16466.0,1104.0,32.64,1.4,4.08,,,4.89,0.94,12.36,31771.0,2200.0,59.03,2.73,4.21,986.0,221.0,3.1,0.66,13.63,337.0,171.0,1.06,0.53,30.85,11749.0,1494.0,36.98,3.94,7.73,8263.0,894.0,26.01,2.16,6.58,8532.0,1384.0,26.85,3.94,9.86,32313.0,2211.0,60.03,2.71,4.16,17.0,26.0,0.05,0.08,92.97,315.0,156.0,0.97,0.48,30.11,908.0,410.0,2.81,1.25,27.45,416.0,145.0,1.29,0.44,21.19,1859.0,400.0,5.75,1.17,13.08,479.0,181.0,1.48,0.55,22.97,3165.0,1244.0,9.79,3.79,23.89,6015.0,840.0,18.61,2.27,8.49,7657.0,1063.0,23.7,2.86,8.44,6372.0,719.0,19.72,1.77,6.86,3633.0,458.0,11.24,1.19,7.66,852.0,245.0,2.64,0.74,17.48,625.0,317.0,1.93,0.97,30.83,1893.0,451.0,7.55,1.76,14.48,833.0,380.0,3.32,1.51,27.73,824.0,258.0,3.29,1.02,19.03,587.0,208.0,2.34,0.82,21.54,1144.0,322.0,4.56,1.27,17.11,2232.0,596.0,8.9,2.34,16.23,1799.0,379.0,7.17,1.47,12.81,3038.0,405.0,12.11,1.52,8.1,2925.0,448.0,11.66,1.7,9.31,9805.0,1080.0,39.09,3.91,6.7,20681.0,1148.0,82.46,2.57,3.37,5130.0,620.0,20.45,2.29,7.35,4178.0,624.0,16.66,2.37,9.08,583.0,333.0,2.32,1.32,34.72,423.0,187.0,1.69,0.74,26.87,1018.0,315.0,4.06,1.24,18.81,52499.0,2839.0,97.85,1.57,3.29,46063.0,2350.0,85.85,6.23,3.1,10700.0,1253.0,19.94,2.1,7.12,1154.0,392.0,2.15,0.72,20.65,26407.0,1627.0,49.06,1.66,3.75,27418.0,2112.0,50.94,2.92,4.68,1399.0,361.0,2.6,0.66,15.69,999.0,266.0,1.86,0.48,16.19,926.0,417.0,1.72,0.77,27.38,7281.0,475.0,13.53,0.54,3.97,6676.0,777.0,12.4,1.29,7.08,12957.0,2153.0,24.07,3.8,10.1,6227.0,853.0,11.57,1.47,8.33,4577.0,723.0,8.5,1.27,9.6,2087.0,398.0,3.88,0.71,11.59,2413.0,462.0,4.48,0.83,11.64,4912.0,586.0,9.13,0.98,7.25,2395.0,505.0,4.45,0.91,12.82,976.0,333.0,1.81,0.61,20.74,3792.0,668.0,7.05,1.19,10.71,50033.0,2617.0,92.95,0.86,3.18,8283.0,866.0,15.39,1.4,6.36,4163.0,773.0,7.73,1.38,11.29,36193.0,2666.0,67.24,3.54,4.48,2367.0,313.0,4.4,0.54,8.04,68.0,59.0,0.13,0.11,52.74,9639.0,982.0,17.91,1.57,6.19,29.0,38.0,0.05,0.07,79.66,1366.0,470.0,2.54,0.86,20.92,5285.0,720.0,9.82,1.24,8.28,48540.0,2789.0,90.18,2.3,3.49,34480.0,2691.0,64.06,3.76,4.74,2359.0,314.0,4.38,0.54,8.09,68.0,59.0,0.13,0.11,52.74,9630.0,982.0,17.89,1.57,6.2,29.0,38.0,0.05,0.07,79.66,234.0,142.0,0.43,0.26,36.89,1740.0,444.0,3.23,0.81,15.51
10026,10026,10026,15537.0,988.0,100,,3.87,3547.0,400.0,22.83,2.13,6.86,8722.0,994.0,23.5,2.23,6.93,735.0,250.0,8.43,2.7,20.68,515.0,262.0,5.9,2.93,30.93,3025.0,548.0,34.68,4.88,11.01,1697.0,379.0,19.46,3.74,13.58,2750.0,480.0,31.53,4.17,10.61,27341.0,1821.0,73.67,1.51,4.05,1041.0,366.0,3.81,1.31,21.37,1777.0,408.0,6.5,1.43,13.96,5245.0,857.0,19.18,2.86,9.93,14633.0,1339.0,53.52,3.36,5.56,30106.0,2056.0,81.12,2.06,4.15,577.0,218.0,1.92,0.71,22.97,37087.0,2352.0,99.93,0.24,3.86,4138.0,513.0,11.16,1.19,7.54,7007.0,898.0,18.88,2.1,7.79,159.0,124.0,2.27,1.75,47.41,26155.0,1926.0,70.47,2.64,4.48,2467.0,480.0,9.43,1.7,11.83,3925.0,576.0,10.58,1.4,8.92,1512.0,355.0,38.52,7.06,14.27,36784.0,2347.0,99.11,0.73,3.88,32401.0,2257.0,88.08,2.46,4.23,3622.0,512.0,9.85,1.24,8.59,761.0,388.0,2.07,1.05,30.99,37113.0,2352.0,100,,3.85,27000.0,1776.0,72.75,1.28,4.0,26365.0,1764.0,71.04,1.52,4.07,635.0,232.0,1.71,0.62,22.21,10113.0,1511.0,27.25,3.69,9.08,6274.0,1125.0,62.04,6.15,10.9,3839.0,837.0,37.96,6.03,13.25,1495.0,431.0,14.78,3.64,17.53,1736.0,648.0,17.17,5.87,22.69,2398.0,931.0,23.71,8.5,23.6,207.0,268.0,2.05,2.63,78.7,4074.0,878.0,40.28,6.26,13.1,203.0,100.0,2.01,0.94,29.95,35119.0,2262.0,94.63,1.09,3.92,23601.0,1728.0,67.2,2.34,4.45,2541.0,580.0,7.24,1.58,13.88,5093.0,1007.0,14.5,2.71,12.02,14535.0,1002.0,93.55,2.49,4.19,13984.0,970.0,90.0,2.49,4.22,30972.0,2113.0,83.45,2.11,4.15,20975.0,1526.0,67.72,1.71,4.42,19223.0,1512.0,62.07,2.43,4.78,1752.0,429.0,5.66,1.33,14.89,0.0,,0.0,,,9997.0,1090.0,32.28,2.75,6.63,,,8.35,1.95,14.89,18845.0,1511.0,50.78,2.49,4.87,1872.0,429.0,9.93,2.13,13.93,277.0,172.0,1.47,0.91,37.75,10362.0,1192.0,54.99,4.54,6.99,1761.0,496.0,9.34,2.52,17.12,3763.0,629.0,19.97,2.93,10.16,19223.0,1512.0,51.8,2.41,4.78,0.0,,0.0,,,112.0,100.0,0.58,0.52,54.28,511.0,259.0,2.66,1.33,30.81,215.0,106.0,1.12,0.54,29.97,1383.0,373.0,7.19,1.86,16.4,1145.0,371.0,5.96,1.87,19.7,1016.0,296.0,5.29,1.48,17.71,1488.0,346.0,7.74,1.69,14.14,3333.0,677.0,17.34,3.25,12.35,6558.0,994.0,34.12,4.42,9.21,1690.0,453.0,8.79,2.25,16.29,916.0,273.0,4.77,1.37,18.12,856.0,277.0,4.45,1.4,19.67,935.0,259.0,6.02,1.62,16.84,1023.0,283.0,6.58,1.77,16.82,1346.0,392.0,8.66,2.46,17.7,1102.0,674.0,7.09,4.31,37.18,1450.0,375.0,9.33,2.34,15.72,1993.0,366.0,12.83,2.21,11.16,1538.0,325.0,9.9,1.99,12.85,2006.0,460.0,12.91,2.84,13.94,1409.0,286.0,9.07,1.75,12.34,2735.0,405.0,17.6,2.35,9.0,12436.0,962.0,80.04,3.53,4.7,3471.0,595.0,22.34,3.56,10.42,1818.0,354.0,11.7,2.15,11.84,968.0,280.0,6.23,1.76,17.58,643.0,244.0,4.14,1.55,23.07,2589.0,453.0,16.66,2.72,10.64,34883.0,2231.0,94.06,0.78,3.89,23180.0,1900.0,62.5,3.25,4.98,14051.0,1585.0,37.89,3.53,6.86,2204.0,823.0,5.94,2.19,22.7,17603.0,1484.0,47.43,2.64,5.12,19510.0,1495.0,52.57,2.26,4.66,1994.0,430.0,5.37,1.11,13.11,1803.0,448.0,4.86,1.17,15.1,1982.0,425.0,5.34,1.09,13.04,1634.0,405.0,4.4,1.05,15.07,2359.0,582.0,6.36,1.52,15.0,7101.0,931.0,19.13,2.2,7.97,6529.0,807.0,17.59,1.87,7.51,5671.0,761.0,15.28,1.81,8.16,1903.0,534.0,5.13,1.4,17.06,2212.0,700.0,5.96,1.85,19.24,2457.0,447.0,6.62,1.13,11.06,1122.0,385.0,3.02,1.02,20.86,346.0,182.0,0.93,0.49,31.98,7007.0,898.0,18.88,2.1,7.79,30106.0,2056.0,81.12,2.06,4.15,3925.0,576.0,10.58,1.4,8.92,4106.0,790.0,11.06,2.01,11.7,9819.0,1085.0,26.46,2.39,6.72,17758.0,1824.0,47.85,3.87,6.24,29.0,34.0,0.08,0.09,71.27,2369.0,739.0,6.38,1.95,18.96,0.0,,0.0,,,3032.0,943.0,8.17,2.49,18.91,6624.0,1052.0,17.85,2.6,9.65,30489.0,2199.0,82.15,2.83,4.38,9260.0,1072.0,24.95,2.42,7.04,16884.0,1850.0,45.49,4.07,6.66,22.0,33.0,0.06,0.09,91.19,2324.0,738.0,6.26,1.95,19.3,0.0,,0.0,,,156.0,106.0,0.42,0.28,41.31,1843.0,452.0,4.97,1.18,14.91
10004,10004,10004,1775.0,384.0,100,,13.15,444.0,173.0,25.01,8.11,23.69,550.0,295.0,14.19,6.84,32.61,36.0,48.0,6.55,7.99,81.05,101.0,99.0,18.36,15.07,59.59,245.0,146.0,44.55,11.57,36.23,55.0,83.0,10.0,14.11,91.74,113.0,76.0,20.55,8.34,40.89,3010.0,656.0,77.68,24.95,13.25,16.0,28.0,0.53,0.92,106.38,11.0,33.0,0.37,1.09,182.37,50.0,59.0,1.66,1.93,71.73,2736.0,620.0,90.9,5.64,13.78,3099.0,648.0,79.97,25.21,12.71,98.0,150.0,3.16,4.79,93.05,3875.0,914.0,100.0,0.0,14.34,121.0,102.0,3.12,2.53,51.24,776.0,341.0,20.03,7.42,26.71,23.0,32.0,2.96,3.91,84.58,2922.0,610.0,75.41,23.75,12.69,70.0,98.0,2.4,3.32,85.11,177.0,111.0,4.57,2.65,38.12,28.0,26.0,15.82,10.83,56.45,3664.0,840.0,94.55,31.1,13.94,2803.0,758.0,76.5,10.97,16.44,840.0,336.0,22.93,7.51,24.32,21.0,27.0,0.57,0.73,78.16,3875.0,914.0,100,,14.34,3019.0,785.0,77.91,8.53,15.81,2862.0,718.0,73.86,6.31,15.25,157.0,181.0,4.05,4.57,70.08,856.0,329.0,22.09,6.7,23.36,410.0,177.0,47.9,9.42,26.24,446.0,208.0,52.1,13.76,28.35,292.0,173.0,34.11,15.38,36.02,341.0,242.0,39.84,23.77,43.14,44.0,46.0,5.14,5.0,63.55,53.0,71.0,6.19,7.95,81.44,53.0,41.0,6.19,4.16,47.03,73.0,58.0,8.53,5.93,48.3,3511.0,786.0,90.61,29.46,13.61,2499.0,632.0,71.18,8.37,15.37,124.0,126.0,3.53,3.5,61.77,58.0,35.0,1.65,0.93,36.68,1775.0,384.0,100.0,0.0,13.15,1775.0,384.0,100.0,0.0,13.15,3099.0,648.0,79.97,25.21,12.71,2555.0,619.0,82.45,10.09,14.73,2551.0,619.0,82.32,10.13,14.75,4.0,6.0,0.13,0.19,91.19,0.0,,0.0,,,544.0,230.0,17.55,6.45,25.7,,,0.16,0.23,91.19,2537.0,619.0,65.47,4.09,14.83,121.0,116.0,4.77,4.42,58.28,38.0,55.0,1.5,2.14,87.99,1030.0,321.0,40.6,7.87,18.95,679.0,309.0,26.76,10.28,27.66,625.0,296.0,24.64,10.0,28.79,2551.0,619.0,65.83,3.75,14.75,0.0,,0.0,,,22.0,27.0,0.86,1.04,74.61,83.0,90.0,3.25,3.44,65.92,42.0,49.0,1.65,1.88,70.92,185.0,148.0,7.25,5.53,48.63,68.0,72.0,2.67,2.75,64.37,70.0,50.0,2.74,1.84,43.42,430.0,183.0,16.86,5.89,25.87,886.0,306.0,34.73,8.54,21.0,516.0,237.0,20.23,7.89,27.92,50.0,34.0,1.96,1.25,41.34,32.0,18.0,1.25,0.64,34.19,167.0,140.0,6.55,5.25,50.96,40.0,28.0,2.25,1.5,42.55,0.0,,0.0,,,6.0,8.0,0.34,0.44,81.05,5.0,8.0,0.28,0.45,97.26,6.0,8.0,0.34,0.44,81.05,82.0,85.0,4.62,4.68,63.01,176.0,131.0,9.92,7.06,45.25,251.0,147.0,14.14,7.7,35.6,237.0,191.0,13.35,10.37,48.99,972.0,310.0,54.76,12.83,19.39,1626.0,375.0,91.61,7.32,14.02,144.0,104.0,8.11,5.59,43.9,68.0,36.0,3.83,1.85,32.18,0.0,,0.0,,,13.0,23.0,0.73,1.29,107.55,0.0,,0.0,,,3835.0,915.0,98.97,3.56,14.5,3650.0,859.0,94.19,31.39,14.31,250.0,129.0,6.45,2.96,31.37,40.0,35.0,1.03,0.87,53.19,2118.0,615.0,54.66,9.26,17.65,1757.0,483.0,45.34,6.4,16.71,364.0,241.0,9.39,5.81,40.25,284.0,219.0,7.33,5.38,46.88,73.0,86.0,1.88,2.17,71.62,91.0,103.0,2.35,2.6,68.81,53.0,35.0,1.37,0.84,40.14,1278.0,424.0,32.98,7.69,20.17,768.0,278.0,19.82,5.44,22.0,388.0,227.0,10.01,5.36,35.57,267.0,178.0,6.89,4.3,40.53,132.0,112.0,3.41,2.78,51.58,118.0,98.0,3.05,2.42,50.49,29.0,23.0,0.75,0.57,48.21,30.0,45.0,0.77,1.15,91.19,776.0,341.0,20.03,7.42,26.71,3099.0,648.0,79.97,25.21,12.71,177.0,111.0,4.57,2.65,38.12,181.0,127.0,4.67,3.09,42.65,2460.0,635.0,63.48,6.66,15.69,278.0,165.0,7.17,3.91,36.08,0.0,,0.0,,,923.0,586.0,23.82,14.04,38.59,0.0,,0.0,,,33.0,29.0,0.85,0.72,53.42,189.0,105.0,4.88,2.45,33.77,3686.0,927.0,95.12,8.3,15.29,2388.0,632.0,61.63,7.4,16.09,267.0,165.0,6.89,3.94,37.57,0.0,,0.0,,,923.0,586.0,23.82,14.04,38.59,0.0,,0.0,,,0.0,,0.0,,,108.0,83.0,2.79,2.04,46.72
10005,10005,"10005, 10271",5156.0,588.0,100,,6.93,518.0,166.0,10.05,3.01,19.48,977.0,348.0,10.58,3.58,21.65,7.0,16.0,0.72,1.62,138.95,85.0,127.0,8.7,12.62,90.83,378.0,154.0,38.69,7.65,24.77,32.0,42.0,3.28,4.14,79.79,475.0,291.0,48.62,24.23,37.24,7325.0,896.0,79.29,4.01,7.44,65.0,95.0,0.89,1.29,88.85,122.0,113.0,1.67,1.53,56.31,430.0,273.0,5.87,3.66,38.59,6172.0,862.0,84.26,5.68,8.49,8395.0,917.0,90.87,14.18,6.64,27.0,52.0,0.32,0.62,117.08,9238.0,1029.0,100.0,0.0,6.77,41.0,57.0,0.44,0.62,84.51,843.0,279.0,9.13,2.84,20.12,0.0,,0.0,,,8034.0,858.0,86.97,13.42,6.49,41.0,57.0,0.51,0.71,84.51,361.0,226.0,3.91,2.41,38.06,0.0,,0.0,,,9103.0,1012.0,98.54,15.51,6.76,6685.0,906.0,73.44,5.69,8.24,2313.0,640.0,25.41,6.44,16.82,105.0,90.0,1.15,0.98,52.11,9238.0,1029.0,100,,6.77,6953.0,1038.0,75.27,7.48,9.08,6829.0,1038.0,73.92,7.65,9.24,124.0,102.0,1.34,1.09,50.0,2285.0,604.0,24.73,5.93,16.07,1000.0,419.0,43.76,14.23,25.47,1285.0,424.0,56.24,11.11,20.06,513.0,216.0,22.45,7.36,25.6,784.0,343.0,34.31,11.96,26.6,115.0,184.0,5.03,7.94,97.26,172.0,205.0,7.53,8.75,72.45,438.0,299.0,19.17,12.06,41.5,263.0,212.0,11.51,8.76,49.0,8882.0,984.0,96.15,15.1,6.73,6890.0,908.0,77.57,5.54,8.01,129.0,146.0,1.45,1.64,68.8,678.0,401.0,7.63,4.43,35.95,5100.0,585.0,98.91,1.22,6.97,4994.0,596.0,96.86,3.41,7.25,8395.0,917.0,90.87,14.18,6.64,7915.0,838.0,94.28,14.34,6.44,7543.0,787.0,89.85,13.57,6.34,372.0,190.0,4.43,2.21,31.05,0.0,,0.0,,,480.0,269.0,5.72,3.14,34.07,,,4.7,2.35,31.05,7510.0,775.0,81.29,12.34,6.27,179.0,207.0,2.38,2.75,70.3,130.0,88.0,1.73,1.16,41.15,3616.0,655.0,48.15,7.17,11.01,1749.0,492.0,23.29,6.09,17.1,1537.0,399.0,20.47,4.88,15.78,7543.0,787.0,81.65,12.46,6.34,5.0,15.0,0.07,0.2,182.37,38.0,52.0,0.5,0.69,83.19,243.0,116.0,3.22,1.5,29.02,334.0,195.0,4.43,2.54,35.49,561.0,280.0,7.44,3.63,30.34,4.0,14.0,0.05,0.19,212.77,441.0,240.0,5.85,3.12,33.08,2213.0,463.0,29.34,5.32,12.72,2013.0,490.0,26.69,5.87,14.8,997.0,408.0,13.22,5.23,24.88,356.0,231.0,4.72,3.02,39.45,199.0,120.0,2.64,1.57,36.66,139.0,145.0,1.84,1.91,63.41,20.0,35.0,0.39,0.68,106.38,80.0,83.0,1.55,1.6,63.07,9.0,16.0,0.17,0.31,108.07,129.0,119.0,2.5,2.29,56.08,263.0,180.0,5.1,3.44,41.61,216.0,155.0,4.19,2.97,43.62,405.0,217.0,7.85,4.11,32.57,653.0,271.0,12.66,5.05,25.23,716.0,264.0,13.89,4.87,22.41,2665.0,514.0,51.69,8.04,11.72,5152.0,589.0,99.92,0.8,6.95,221.0,215.0,4.29,4.14,59.14,148.0,127.0,2.87,2.44,52.16,0.0,,0.0,,,86.0,105.0,1.67,2.03,74.22,26.0,50.0,0.5,0.97,116.9,8990.0,1003.0,97.32,0.62,6.78,8380.0,996.0,90.71,3.76,7.23,880.0,523.0,9.53,5.56,36.13,248.0,195.0,2.68,2.09,47.8,4637.0,808.0,50.19,6.73,10.59,4601.0,761.0,49.81,6.09,10.05,356.0,234.0,3.85,2.5,39.96,168.0,161.0,1.82,1.73,58.26,319.0,169.0,3.45,1.79,32.21,56.0,83.0,0.61,0.9,90.1,1014.0,499.0,10.98,5.26,29.92,3576.0,695.0,38.71,6.17,11.81,1735.0,468.0,18.78,4.61,16.4,1174.0,261.0,12.71,2.45,13.51,348.0,253.0,3.77,2.71,44.2,131.0,157.0,1.42,1.69,72.86,361.0,226.0,3.91,2.41,38.06,0.0,,0.0,,,0.0,,0.0,,,843.0,279.0,9.13,2.84,20.12,8395.0,917.0,90.87,14.18,6.64,361.0,226.0,3.91,2.41,38.06,835.0,406.0,9.04,4.28,29.56,6254.0,977.0,67.7,7.42,9.5,405.0,280.0,4.38,2.99,42.03,0.0,,0.0,,,1311.0,461.0,14.19,4.73,21.38,0.0,,0.0,,,433.0,364.0,4.69,3.91,51.1,935.0,488.0,10.12,5.16,31.73,8303.0,885.0,89.88,13.86,6.48,6123.0,992.0,66.28,7.8,9.85,405.0,280.0,4.38,2.99,42.03,0.0,,0.0,,,1311.0,461.0,14.19,4.73,21.38,0.0,,0.0,,,9.0,18.0,0.1,0.19,121.58,455.0,293.0,4.93,3.12,39.15
10006,10006,10006,2305.0,270.0,100,,7.12,205.0,68.0,8.89,2.76,20.16,906.0,568.0,20.25,12.23,38.11,21.0,34.0,2.32,3.46,98.42,0.0,,0.0,,,152.0,79.0,16.78,13.66,31.59,482.0,592.0,53.2,56.19,74.66,251.0,104.0,27.7,20.82,25.19,3465.0,530.0,77.43,17.53,9.3,0.0,,0.0,,,0.0,,0.0,,,163.0,134.0,4.7,3.8,49.97,2941.0,517.0,84.88,7.35,10.69,4174.0,757.0,93.27,6.61,11.02,21.0,32.0,0.5,0.76,92.63,4475.0,747.0,100.0,0.0,10.15,71.0,82.0,1.59,1.81,70.21,301.0,98.0,6.73,1.88,19.79,0.0,,0.0,,,4031.0,723.0,90.08,5.91,10.9,71.0,82.0,1.76,2.01,70.21,143.0,113.0,3.2,2.47,48.04,0.0,,0.0,,,4434.0,747.0,99.08,2.25,10.24,3069.0,706.0,69.22,10.84,13.98,1205.0,391.0,27.18,7.54,19.73,160.0,106.0,3.61,2.31,40.27,4475.0,747.0,100,,10.15,2967.0,515.0,66.3,3.15,10.55,2839.0,533.0,63.44,5.45,11.41,128.0,135.0,2.86,2.98,64.11,1508.0,646.0,33.7,13.29,26.04,336.0,139.0,22.28,13.27,25.15,1172.0,628.0,77.72,25.02,32.57,433.0,192.0,28.71,3.29,26.96,974.0,619.0,64.59,30.32,38.63,21.0,32.0,1.39,2.04,92.63,0.0,,0.0,,,56.0,59.0,3.71,3.57,64.05,24.0,39.0,1.59,2.49,98.78,4352.0,743.0,97.25,3.48,10.38,2970.0,543.0,68.24,4.46,11.11,243.0,162.0,5.58,3.6,40.53,153.0,146.0,3.52,3.3,58.01,2305.0,270.0,100.0,0.0,7.12,2282.0,273.0,99.0,2.41,7.27,4179.0,760.0,93.39,6.74,11.06,3294.0,537.0,78.82,19.25,9.91,3176.0,537.0,76.0,18.87,10.28,118.0,99.0,2.82,2.31,51.0,0.0,,0.0,,,885.0,577.0,21.18,13.26,39.63,,,3.58,2.95,51.0,3040.0,482.0,67.93,15.64,9.64,84.0,94.0,2.76,3.06,68.03,41.0,47.0,1.35,1.53,69.69,1606.0,425.0,52.83,11.19,16.09,556.0,142.0,18.29,3.66,15.53,684.0,383.0,22.5,12.08,34.04,3176.0,537.0,70.97,1.91,10.28,15.0,25.0,0.47,0.78,101.32,21.0,35.0,0.66,1.1,101.32,105.0,104.0,3.31,3.23,60.21,0.0,,0.0,,,190.0,147.0,5.98,4.52,47.03,22.0,37.0,0.69,1.16,102.24,261.0,120.0,8.22,3.51,27.95,638.0,202.0,20.09,5.38,19.25,1096.0,346.0,34.51,9.2,19.19,416.0,147.0,13.1,4.06,21.48,122.0,118.0,3.84,3.66,58.8,87.0,109.0,2.74,3.4,76.16,203.0,212.0,6.39,6.59,63.49,68.0,49.0,2.95,2.1,43.8,0.0,,0.0,,,49.0,80.0,2.13,3.46,99.25,64.0,72.0,2.78,3.11,68.39,176.0,128.0,7.64,5.48,44.21,170.0,110.0,7.38,4.69,39.33,125.0,98.0,5.42,4.2,47.66,237.0,113.0,10.28,4.75,28.98,205.0,117.0,8.89,4.97,34.69,1211.0,283.0,52.54,10.62,14.21,2235.0,273.0,96.96,3.36,7.43,56.0,53.0,2.43,2.28,57.53,25.0,37.0,1.08,1.6,89.97,0.0,,0.0,,,0.0,,0.0,,,0.0,,0.0,,,3930.0,582.0,87.82,19.6,9.0,3770.0,557.0,84.25,18.78,8.98,282.0,185.0,6.3,4.0,39.88,545.0,595.0,12.18,13.14,66.37,1974.0,436.0,44.11,6.38,13.43,2501.0,683.0,55.89,12.08,16.6,123.0,75.0,2.75,1.61,37.07,119.0,71.0,2.66,1.52,36.27,54.0,49.0,1.21,1.08,55.16,556.0,580.0,12.42,12.79,63.41,158.0,133.0,3.53,2.91,51.17,1741.0,474.0,38.91,8.37,16.55,1009.0,324.0,22.55,6.19,19.52,421.0,189.0,9.41,3.92,27.29,55.0,60.0,1.23,1.32,66.32,96.0,76.0,2.15,1.66,48.13,143.0,113.0,3.2,2.47,48.04,0.0,,0.0,,,0.0,,0.0,,,301.0,98.0,6.73,1.88,19.79,4174.0,757.0,93.27,6.61,11.02,143.0,113.0,3.2,2.47,48.04,87.0,87.0,1.94,1.92,60.79,2932.0,547.0,65.52,5.46,11.34,271.0,235.0,6.06,5.15,52.71,0.0,,0.0,,,1058.0,628.0,23.64,13.47,36.08,0.0,,0.0,,,127.0,178.0,2.84,3.95,85.2,125.0,110.0,2.79,2.41,53.5,4350.0,732.0,97.21,2.07,10.23,2807.0,536.0,62.73,5.82,11.61,271.0,235.0,6.06,5.15,52.71,0.0,,0.0,,,1058.0,628.0,23.64,13.47,36.08,0.0,,0.0,,,127.0,178.0,2.84,3.95,85.2,87.0,87.0,1.94,1.92,60.79
10007,10007,"10007, 10278, 10279",3371.0,476.0,100,,8.58,913.0,252.0,27.08,6.42,16.78,1509.0,417.0,18.9,4.59,16.8,389.0,191.0,25.78,10.46,29.85,268.0,131.0,17.76,7.16,29.71,408.0,244.0,27.04,14.34,36.35,169.0,161.0,11.2,10.21,57.91,275.0,177.0,18.22,10.59,39.13,5747.0,839.0,71.99,4.5,8.87,53.0,63.0,0.92,1.09,72.26,81.0,57.0,1.41,0.97,42.78,323.0,245.0,5.62,4.18,46.11,4960.0,888.0,86.31,8.94,10.88,6381.0,857.0,79.93,2.02,8.16,1.0,19.0,0.02,0.3,1155.02,7651.0,1017.0,95.84,1.57,8.08,172.0,86.0,2.25,1.08,30.4,1602.0,409.0,20.07,4.39,15.52,0.0,,0.0,,,5454.0,804.0,68.32,4.5,8.96,105.0,64.0,1.93,1.14,37.05,595.0,238.0,7.45,2.81,24.32,67.0,64.0,11.26,9.77,58.07,7854.0,1035.0,98.38,18.34,8.01,5547.0,971.0,70.63,8.14,10.64,2274.0,673.0,28.95,7.67,17.99,33.0,58.0,0.42,0.74,106.84,7983.0,1053.0,100,,8.02,6453.0,1012.0,80.83,6.86,9.53,6376.0,1024.0,79.87,7.32,9.76,77.0,71.0,0.96,0.88,56.05,1530.0,464.0,19.17,5.23,18.44,633.0,245.0,41.37,9.95,23.53,897.0,348.0,58.63,14.19,23.58,289.0,133.0,18.89,6.54,27.98,646.0,365.0,42.22,20.13,34.35,144.0,140.0,9.41,8.69,59.1,7.0,22.0,0.46,1.43,191.06,444.0,287.0,29.02,16.57,39.29,0.0,,0.0,,,7358.0,1018.0,92.17,3.85,8.41,5602.0,980.0,76.13,8.15,10.63,369.0,179.0,5.01,2.33,29.49,755.0,497.0,10.26,6.6,40.02,3358.0,481.0,99.61,2.4,8.71,3321.0,476.0,98.52,2.42,8.71,6528.0,911.0,81.77,3.73,8.48,5168.0,765.0,79.17,3.91,9.0,5068.0,771.0,77.63,4.7,9.25,100.0,86.0,1.53,1.3,52.28,0.0,,0.0,,,1360.0,450.0,20.83,6.25,20.11,,,1.93,1.64,52.28,4980.0,757.0,62.38,4.71,9.24,119.0,106.0,2.39,2.1,54.15,172.0,125.0,3.45,2.45,44.18,2164.0,485.0,43.45,7.16,13.62,1200.0,344.0,24.1,5.86,17.43,1221.0,527.0,24.52,9.9,26.24,5068.0,771.0,63.48,4.81,9.25,0.0,,0.0,,,0.0,,0.0,,,54.0,68.0,1.07,1.33,76.55,62.0,105.0,1.22,2.06,102.95,586.0,219.0,11.56,3.95,22.72,156.0,149.0,3.08,2.9,58.06,170.0,77.0,3.35,1.43,27.53,1957.0,548.0,38.61,9.08,17.02,1088.0,348.0,21.47,6.04,19.44,575.0,266.0,11.35,4.96,28.12,213.0,168.0,4.2,3.25,47.95,133.0,109.0,2.62,2.11,49.82,74.0,84.0,1.46,1.64,69.01,158.0,97.0,4.69,2.8,37.32,47.0,74.0,1.39,2.19,95.71,0.0,,0.0,,,54.0,72.0,1.6,2.12,81.05,37.0,50.0,1.1,1.48,82.15,79.0,87.0,2.34,2.56,66.95,104.0,113.0,3.09,3.32,66.05,145.0,129.0,4.3,3.78,54.08,473.0,248.0,14.03,7.09,31.87,2274.0,463.0,67.46,9.9,12.38,3227.0,486.0,95.73,5.01,9.16,259.0,117.0,7.68,3.3,27.46,180.0,127.0,5.34,3.69,42.89,0.0,,0.0,,,67.0,61.0,1.99,1.79,55.35,112.0,73.0,3.32,2.11,39.62,7586.0,1033.0,99.15,2.93,8.28,7255.0,1045.0,94.82,5.26,8.76,733.0,282.0,9.58,3.46,23.39,65.0,79.0,0.85,1.03,73.88,3763.0,671.0,47.14,5.66,10.84,4220.0,711.0,52.86,5.54,10.24,625.0,237.0,7.83,2.78,23.05,563.0,230.0,7.05,2.73,24.83,251.0,199.0,3.14,2.46,48.2,163.0,154.0,2.04,1.91,57.43,634.0,435.0,7.94,5.35,41.71,1890.0,547.0,23.68,6.1,17.59,1505.0,383.0,18.85,4.1,15.47,1358.0,637.0,17.01,7.66,28.52,139.0,91.0,1.74,1.12,39.8,250.0,130.0,3.13,1.58,31.61,497.0,226.0,6.23,2.71,27.64,61.0,73.0,0.76,0.91,72.75,47.0,65.0,0.59,0.81,84.07,1602.0,409.0,20.07,4.39,15.52,6381.0,857.0,79.93,2.02,8.16,605.0,238.0,7.58,2.81,23.91,331.0,216.0,4.15,2.65,39.67,5693.0,1003.0,71.31,8.33,10.71,704.0,325.0,8.82,3.9,28.06,0.0,,0.0,,,1179.0,511.0,14.77,6.1,26.35,0.0,,0.0,,,76.0,118.0,0.95,1.47,94.38,1016.0,600.0,12.73,7.33,35.9,6967.0,1053.0,87.27,6.44,9.19,4819.0,979.0,60.37,9.33,12.35,684.0,328.0,8.57,3.95,29.15,0.0,,0.0,,,1164.0,509.0,14.58,6.08,26.58,0.0,,0.0,,,0.0,,0.0,,,300.0,214.0,3.76,2.63,43.36
10009,10009,10009,30025.0,1230.0,100,,2.49,3986.0,645.0,13.28,2.08,9.84,8830.0,1538.0,15.14,2.51,10.59,184.0,165.0,2.08,1.83,54.51,403.0,250.0,4.56,2.72,37.71,2750.0,786.0,31.14,7.06,17.37,1375.0,473.0,15.57,4.62,20.91,4118.0,1277.0,46.64,11.97,18.85,47633.0,2722.0,81.65,1.51,3.47,3357.0,598.0,7.05,1.19,10.83,2686.0,551.0,5.64,1.11,12.47,5255.0,718.0,11.03,1.37,8.31,29833.0,2535.0,62.63,3.94,5.17,52285.0,2901.0,89.62,1.11,3.37,1016.0,478.0,1.94,0.91,28.6,58323.0,3155.0,99.97,0.13,3.29,8755.0,1288.0,15.01,2.05,8.94,6049.0,831.0,10.37,1.31,8.35,323.0,159.0,5.34,2.52,29.92,42682.0,2874.0,73.16,2.94,4.09,4528.0,1059.0,10.61,2.38,14.22,9592.0,904.0,16.44,1.27,5.73,3904.0,607.0,40.7,5.03,9.45,57892.0,3135.0,99.23,0.28,3.29,49976.0,2901.0,86.33,1.8,3.53,7300.0,1375.0,12.61,2.27,11.45,616.0,387.0,1.06,0.67,38.19,58341.0,3155.0,100,,3.29,43549.0,2903.0,74.65,2.91,4.05,39721.0,2793.0,68.08,3.06,4.27,3828.0,773.0,6.56,1.28,12.28,14792.0,1645.0,25.35,2.46,6.76,7765.0,1013.0,52.49,3.58,7.93,7027.0,1694.0,47.51,10.16,14.65,3897.0,1078.0,26.35,6.67,16.82,6105.0,1090.0,41.27,5.76,10.85,248.0,149.0,1.68,0.99,36.52,328.0,285.0,2.22,1.91,52.82,3625.0,906.0,24.51,5.49,15.19,589.0,265.0,3.98,1.74,27.35,56513.0,3104.0,96.87,0.93,3.34,36279.0,2860.0,64.2,3.63,4.79,6731.0,870.0,11.91,1.39,7.86,10065.0,1515.0,17.81,2.5,9.15,28736.0,1195.0,95.71,0.68,2.53,26937.0,1313.0,89.72,2.37,2.96,52905.0,2868.0,90.68,0.34,3.3,33336.0,2340.0,63.01,2.81,4.27,31512.0,2190.0,59.56,2.59,4.22,1817.0,490.0,3.43,0.91,16.39,7.0,11.0,0.01,0.02,95.53,19569.0,1821.0,36.99,2.8,5.66,,,5.45,1.42,16.39,30672.0,2155.0,52.57,2.36,4.27,1546.0,553.0,5.04,1.77,21.74,47.0,43.0,0.15,0.14,55.62,13979.0,1566.0,45.58,3.98,6.81,5093.0,1081.0,16.6,3.33,12.9,7126.0,1366.0,23.23,4.14,11.65,31512.0,2190.0,54.01,2.36,4.22,29.0,34.0,0.09,0.11,71.27,575.0,265.0,1.82,0.83,28.02,995.0,670.0,3.16,2.11,40.93,400.0,265.0,1.27,0.84,40.27,1783.0,451.0,5.66,1.38,15.38,1058.0,444.0,3.36,1.39,25.51,2442.0,715.0,7.75,2.2,17.8,4012.0,734.0,12.73,2.15,11.12,8872.0,1312.0,28.15,3.68,8.99,6474.0,1098.0,20.54,3.18,10.31,2161.0,565.0,6.86,1.73,15.89,1708.0,566.0,5.42,1.76,20.14,1003.0,473.0,3.18,1.48,28.67,3150.0,593.0,10.49,1.93,11.44,1850.0,459.0,6.16,1.51,15.08,2136.0,376.0,7.11,1.22,10.7,1109.0,325.0,3.69,1.07,17.82,1630.0,420.0,5.43,1.38,15.66,3535.0,640.0,11.77,2.08,11.01,2867.0,539.0,9.55,1.75,11.43,4365.0,878.0,14.54,2.86,12.23,3320.0,750.0,11.06,2.46,13.73,6063.0,921.0,20.19,2.95,9.23,21172.0,1292.0,70.51,3.19,3.71,7405.0,704.0,24.66,2.12,5.78,5195.0,777.0,17.3,2.49,9.09,2176.0,438.0,7.25,1.43,12.24,1790.0,433.0,5.96,1.42,14.71,5560.0,566.0,18.52,1.73,6.19,56435.0,3210.0,96.76,1.7,3.46,39266.0,2807.0,67.33,3.15,4.35,22742.0,2203.0,38.99,3.13,5.89,1888.0,507.0,3.24,0.85,16.32,29225.0,2060.0,50.09,2.26,4.28,29116.0,2112.0,49.91,2.41,4.41,1828.0,479.0,3.13,0.8,15.93,1786.0,631.0,3.06,1.07,21.48,1416.0,417.0,2.43,0.7,17.9,1470.0,423.0,2.52,0.71,17.49,4208.0,824.0,7.21,1.36,11.9,15701.0,1788.0,26.91,2.7,6.92,7579.0,1167.0,12.99,1.87,9.36,5926.0,984.0,10.16,1.59,10.09,4836.0,1188.0,8.29,1.99,14.93,3991.0,720.0,6.84,1.18,10.97,5197.0,856.0,8.91,1.39,10.01,3231.0,517.0,5.54,0.83,9.73,1172.0,469.0,2.01,0.8,24.33,6049.0,831.0,10.37,1.31,8.35,52292.0,2900.0,89.63,1.1,3.37,9600.0,904.0,16.45,1.27,5.72,6508.0,1496.0,11.16,2.49,13.97,32293.0,2435.0,55.35,2.91,4.58,5002.0,698.0,8.57,1.1,8.48,185.0,144.0,0.32,0.25,47.32,7533.0,1209.0,12.91,1.95,9.76,18.0,33.0,0.03,0.06,111.45,6802.0,896.0,11.66,1.4,8.01,14245.0,1456.0,24.42,2.12,6.21,44096.0,2824.0,75.58,2.59,3.89,29544.0,2473.0,50.64,3.24,5.09,4437.0,649.0,7.61,1.03,8.89,94.0,123.0,0.16,0.21,79.54,7415.0,1208.0,12.71,1.95,9.9,18.0,33.0,0.03,0.06,111.45,377.0,303.0,0.65,0.52,48.86,2211.0,812.0,3.79,1.38,22.33
10010,10010,10010,16192.0,1320.0,100,,4.96,2591.0,416.0,16.0,2.21,9.76,8076.0,981.0,25.31,2.4,7.38,566.0,309.0,7.01,3.73,33.19,341.0,138.0,4.22,1.63,24.6,2137.0,482.0,26.46,5.03,13.71,645.0,260.0,7.99,3.07,24.5,4387.0,570.0,54.32,2.5,7.9,23770.0,2012.0,74.5,2.76,5.15,225.0,169.0,0.95,0.71,45.66,560.0,377.0,2.36,1.57,40.92,1512.0,646.0,6.36,2.66,25.97,19139.0,1730.0,80.52,2.55,5.49,27839.0,2195.0,87.26,1.8,4.79,539.0,231.0,1.94,0.82,26.05,31898.0,2428.0,99.98,0.16,4.63,2448.0,557.0,7.67,1.65,13.83,4061.0,658.0,12.73,1.82,9.85,216.0,150.0,5.32,3.59,42.22,22417.0,1692.0,70.26,7.53,4.59,923.0,385.0,4.12,1.69,25.36,5420.0,1272.0,16.99,3.77,14.27,1309.0,302.0,24.15,7.95,14.02,31697.0,2455.0,99.35,1.43,4.71,25112.0,2346.0,79.23,4.14,5.68,5694.0,812.0,17.96,2.15,8.67,891.0,532.0,2.81,1.66,36.3,31905.0,2428.0,100,,4.63,25215.0,2301.0,79.03,3.98,5.55,24643.0,2241.0,77.24,3.85,5.53,572.0,251.0,1.79,0.77,26.68,6690.0,947.0,20.97,2.5,8.61,3654.0,806.0,54.62,9.24,13.41,3036.0,572.0,45.38,5.64,11.45,1549.0,470.0,23.15,6.21,18.45,3344.0,645.0,49.99,6.55,11.73,493.0,341.0,7.37,4.99,42.05,8.0,11.0,0.12,0.16,83.59,1084.0,563.0,16.2,8.1,31.57,212.0,122.0,3.17,1.77,34.98,30883.0,2426.0,96.8,1.89,4.78,24662.0,2278.0,79.86,3.88,5.62,1574.0,430.0,5.1,1.33,16.61,1330.0,464.0,4.31,1.46,21.21,15801.0,1313.0,97.59,1.57,5.05,15182.0,1067.0,93.76,10.09,4.27,28113.0,2207.0,88.11,1.7,4.77,19125.0,1584.0,68.03,1.8,5.03,18680.0,1527.0,66.45,1.51,4.97,445.0,189.0,1.58,0.66,25.82,0.0,,0.0,,,8988.0,1589.0,31.97,5.06,10.75,,,2.33,0.97,25.82,18227.0,1498.0,57.13,1.77,5.0,777.0,519.0,4.26,2.83,40.61,77.0,107.0,0.42,0.59,84.47,6310.0,694.0,34.62,2.53,6.69,4757.0,737.0,26.1,3.43,9.42,5192.0,967.0,28.49,4.76,11.32,18680.0,1527.0,58.55,1.75,4.97,0.0,,0.0,,,283.0,280.0,1.51,1.49,60.15,296.0,168.0,1.58,0.89,34.5,325.0,155.0,1.74,0.82,28.99,857.0,271.0,4.59,1.4,19.22,193.0,122.0,1.03,0.65,38.43,1585.0,447.0,8.49,2.29,17.14,3760.0,821.0,20.13,4.08,13.27,4938.0,681.0,26.43,2.94,8.38,3619.0,576.0,19.37,2.65,9.68,1371.0,453.0,7.34,2.35,20.09,675.0,297.0,3.61,1.56,26.75,778.0,283.0,4.16,1.48,22.11,799.0,257.0,4.93,1.54,19.55,459.0,397.0,2.83,2.44,52.58,687.0,415.0,4.24,2.54,36.72,687.0,273.0,4.24,1.65,24.16,457.0,197.0,2.82,1.19,26.2,1082.0,328.0,6.68,1.95,18.43,1009.0,299.0,6.23,1.78,18.01,2399.0,519.0,14.82,2.97,13.15,1797.0,375.0,11.1,2.13,12.69,6816.0,963.0,42.09,4.86,8.59,12593.0,973.0,77.77,8.74,4.7,4086.0,1015.0,25.23,5.92,15.1,3309.0,744.0,20.44,4.28,13.67,256.0,158.0,1.58,0.97,37.52,526.0,365.0,3.25,2.24,42.18,1170.0,489.0,7.23,2.96,25.41,31147.0,2427.0,97.65,1.63,4.74,27087.0,1988.0,84.92,8.98,4.46,7231.0,1677.0,22.67,4.97,14.1,751.0,312.0,2.35,0.96,25.26,14867.0,1279.0,46.6,1.87,5.23,17038.0,1547.0,53.4,2.64,5.52,1022.0,348.0,3.2,1.06,20.7,1468.0,437.0,4.6,1.32,18.1,1155.0,370.0,3.62,1.13,19.47,1924.0,328.0,6.03,0.92,10.36,2566.0,498.0,8.04,1.44,11.8,7149.0,1045.0,22.41,2.8,8.89,4510.0,622.0,14.14,1.63,8.38,3629.0,800.0,11.37,2.35,13.4,1375.0,322.0,4.31,0.95,14.24,1687.0,660.0,5.29,2.03,23.78,2856.0,823.0,8.95,2.49,17.52,1812.0,602.0,5.68,1.84,20.2,752.0,287.0,2.36,0.88,23.2,4066.0,657.0,12.74,1.82,9.82,27839.0,2195.0,87.26,1.8,4.79,5420.0,1272.0,16.99,3.77,14.27,2725.0,672.0,8.54,2.0,14.99,20884.0,2215.0,65.46,4.84,6.45,2912.0,1333.0,9.13,4.12,27.83,112.0,101.0,0.35,0.32,54.82,4517.0,806.0,14.16,2.28,10.85,6.0,14.0,0.02,0.04,141.84,749.0,289.0,2.35,0.89,23.46,2701.0,619.0,8.47,1.83,13.93,29204.0,2281.0,91.53,1.61,4.75,20040.0,2197.0,62.81,4.96,6.66,2839.0,1318.0,8.9,4.08,28.22,112.0,101.0,0.35,0.32,54.82,4517.0,806.0,14.16,2.28,10.85,0.0,,0.0,,,239.0,202.0,0.75,0.63,51.38,1457.0,532.0,4.57,1.63,22.2
10011,10011,10011,28277.0,1350.0,100,,2.9,2806.0,541.0,9.92,1.85,11.72,7747.0,914.0,15.7,1.66,7.17,354.0,175.0,4.57,2.19,30.05,223.0,141.0,2.88,1.79,38.44,1815.0,490.0,23.43,5.69,16.41,1209.0,426.0,15.61,5.18,21.42,4146.0,579.0,53.52,4.0,8.49,41026.0,2132.0,83.14,6.15,3.16,865.0,290.0,2.11,0.7,20.38,968.0,357.0,2.36,0.86,22.42,2793.0,721.0,6.81,1.72,15.69,32491.0,2140.0,79.2,3.2,4.0,44858.0,2284.0,90.91,6.66,3.1,768.0,304.0,1.71,0.67,24.06,49212.0,2600.0,99.73,0.41,3.21,4690.0,768.0,9.53,1.48,9.95,4460.0,714.0,9.04,1.37,9.73,168.0,163.0,3.77,3.6,58.98,35409.0,1875.0,71.76,0.39,3.22,1961.0,591.0,5.54,1.64,18.32,9343.0,1114.0,18.93,2.03,7.25,2561.0,527.0,27.41,4.6,12.51,49096.0,2594.0,99.5,0.41,3.21,39530.0,2252.0,80.52,1.72,3.46,8741.0,1317.0,17.8,2.51,9.16,825.0,299.0,1.68,0.6,22.03,49344.0,2599.0,100,,3.2,39567.0,2415.0,80.19,2.47,3.71,37792.0,2439.0,76.59,2.86,3.92,1775.0,590.0,3.6,1.18,20.21,9777.0,1221.0,19.81,2.24,7.59,5719.0,953.0,58.49,6.45,10.13,4058.0,585.0,41.51,2.99,8.76,2489.0,484.0,25.46,3.79,11.82,3778.0,810.0,38.64,6.73,13.03,471.0,318.0,4.82,3.2,41.04,203.0,119.0,2.08,1.19,35.64,2129.0,685.0,21.78,6.46,19.56,707.0,398.0,7.23,3.97,34.22,48181.0,2520.0,97.64,7.25,3.18,38625.0,2503.0,80.17,3.07,3.94,2285.0,549.0,4.74,1.11,14.61,3874.0,865.0,8.04,1.75,13.57,27489.0,1325.0,97.21,0.65,2.93,26792.0,1330.0,94.75,1.29,3.02,45658.0,2399.0,92.53,6.88,3.19,32820.0,2345.0,71.88,3.48,4.34,31120.0,2363.0,68.16,3.74,4.62,1685.0,504.0,3.69,1.09,18.18,15.0,23.0,0.03,0.05,93.21,12838.0,1160.0,28.12,2.07,5.49,,,5.13,1.49,18.18,30533.0,2367.0,61.88,3.52,4.71,1454.0,426.0,4.76,1.35,17.81,200.0,137.0,0.66,0.45,41.64,12529.0,1254.0,41.03,2.6,6.08,6124.0,902.0,20.06,2.51,8.95,8092.0,1185.0,26.5,3.29,8.9,31120.0,2363.0,63.07,3.45,4.62,64.0,87.0,0.21,0.28,82.64,259.0,163.0,0.83,0.52,38.26,953.0,355.0,3.06,1.12,22.64,488.0,207.0,1.57,0.65,25.79,1917.0,563.0,6.16,1.75,17.85,871.0,479.0,2.8,1.52,33.43,2364.0,522.0,7.6,1.58,13.42,6588.0,757.0,21.17,1.83,6.99,8377.0,1279.0,26.92,3.57,9.28,5344.0,839.0,17.17,2.36,9.54,2264.0,448.0,7.28,1.33,12.03,1021.0,296.0,3.28,0.92,17.62,610.0,216.0,1.96,0.68,21.53,1280.0,340.0,4.53,1.18,16.15,784.0,358.0,2.77,1.26,27.76,1091.0,300.0,3.86,1.04,16.72,686.0,254.0,2.43,0.89,22.51,1821.0,462.0,6.44,1.6,15.42,2524.0,642.0,8.93,2.23,15.46,1843.0,539.0,6.52,1.88,17.78,4353.0,662.0,15.39,2.22,9.24,3325.0,563.0,11.76,1.91,10.29,10570.0,942.0,37.38,2.81,5.42,22908.0,1348.0,81.01,2.79,3.58,7249.0,889.0,25.64,2.9,7.46,4693.0,532.0,16.6,1.71,6.89,784.0,273.0,2.77,0.96,21.17,426.0,229.0,1.51,0.81,32.68,1260.0,345.0,4.46,1.2,16.64,48204.0,2588.0,97.95,0.94,3.26,41048.0,2619.0,83.41,2.98,3.88,13331.0,1160.0,27.09,1.87,5.29,1008.0,412.0,2.05,0.83,24.85,24816.0,1856.0,50.29,2.67,4.55,24528.0,1447.0,49.71,1.32,3.59,1163.0,356.0,2.36,0.71,18.61,1180.0,386.0,2.39,0.77,19.89,1109.0,360.0,2.25,0.72,19.73,2276.0,452.0,4.61,0.88,12.07,2590.0,548.0,5.25,1.08,12.86,11676.0,1074.0,23.66,1.78,5.59,5972.0,968.0,12.1,1.86,9.85,5970.0,918.0,12.1,1.75,9.35,4411.0,923.0,8.94,1.81,12.72,3592.0,611.0,7.28,1.18,10.34,5051.0,939.0,10.24,1.82,11.3,3650.0,577.0,7.4,1.1,9.61,704.0,244.0,1.43,0.49,21.07,4471.0,711.0,9.06,1.36,9.67,44873.0,2284.0,90.94,6.66,3.09,9405.0,1113.0,19.06,2.02,7.19,4360.0,835.0,8.84,1.63,11.64,35340.0,2416.0,71.62,3.12,4.16,1950.0,693.0,3.95,1.39,21.6,60.0,67.0,0.12,0.14,67.88,5118.0,886.0,10.37,1.71,10.52,0.0,,0.0,,,2516.0,682.0,5.1,1.36,16.48,6398.0,1138.0,12.97,2.2,10.81,42946.0,2447.0,87.03,1.89,3.46,33431.0,2193.0,67.75,2.65,3.99,1859.0,682.0,3.77,1.37,22.3,0.0,,0.0,,,5091.0,871.0,10.32,1.68,10.4,0.0,,0.0,,,311.0,234.0,0.63,0.47,45.74,2254.0,598.0,4.57,1.19,16.13
10012,10012,10012,11909.0,866.0,100,,4.42,1240.0,245.0,10.41,1.91,12.01,4446.0,760.0,20.35,3.23,10.39,223.0,156.0,5.02,3.4,42.53,67.0,63.0,1.51,1.39,57.16,803.0,251.0,18.06,4.73,19.0,439.0,175.0,9.87,3.56,24.23,2914.0,672.0,65.54,10.15,14.02,17230.0,1201.0,78.87,2.34,4.24,338.0,193.0,1.96,1.11,34.71,359.0,248.0,2.08,1.43,41.99,843.0,263.0,4.89,1.49,18.97,14345.0,1072.0,83.26,2.24,4.54,19885.0,1245.0,91.02,8.09,3.81,193.0,130.0,0.97,0.65,40.95,21824.0,1374.0,99.9,8.9,3.83,1466.0,411.0,6.72,1.84,17.04,1939.0,429.0,8.88,1.88,13.45,48.0,65.0,2.48,3.31,82.32,16755.0,1139.0,76.7,1.94,4.13,604.0,203.0,3.6,1.19,20.43,3130.0,624.0,14.33,2.71,12.12,814.0,331.0,26.01,9.22,24.72,21654.0,1365.0,99.12,8.84,3.83,17146.0,1356.0,79.18,3.78,4.81,4285.0,711.0,19.79,3.04,10.09,223.0,116.0,1.03,0.53,31.62,21846.0,1378.0,100,,3.83,15644.0,1210.0,71.61,3.21,4.7,15096.0,1240.0,69.1,3.64,4.99,548.0,204.0,2.51,0.92,22.63,6202.0,755.0,28.39,2.96,7.4,3330.0,663.0,53.69,8.46,12.1,2872.0,647.0,46.31,8.78,13.69,1936.0,462.0,31.22,6.41,14.51,2686.0,682.0,43.31,9.65,15.44,72.0,73.0,1.16,1.17,61.63,145.0,89.0,2.34,1.41,37.31,1086.0,327.0,17.51,4.82,18.3,277.0,143.0,4.47,2.24,31.38,21133.0,1346.0,96.74,0.85,3.87,16126.0,1273.0,76.31,3.56,4.8,1573.0,500.0,7.44,2.32,19.32,1375.0,375.0,6.51,1.73,16.58,11744.0,858.0,98.61,0.69,4.44,11461.0,849.0,96.24,1.36,4.5,20064.0,1257.0,91.84,8.17,3.81,15043.0,1127.0,74.98,3.08,4.55,14301.0,1098.0,71.28,3.16,4.67,720.0,350.0,3.59,1.73,29.55,22.0,27.0,0.11,0.13,74.61,5021.0,801.0,25.02,3.67,9.7,,,4.79,2.3,29.55,14136.0,1091.0,64.71,2.88,4.69,514.0,208.0,3.64,1.44,24.6,365.0,386.0,2.58,2.72,64.29,4862.0,605.0,34.39,3.36,7.56,3535.0,525.0,25.01,3.17,9.03,3599.0,795.0,25.46,5.27,13.43,14301.0,1098.0,65.46,2.87,4.67,16.0,26.0,0.11,0.18,98.78,156.0,82.0,1.09,0.57,31.95,451.0,206.0,3.15,1.42,27.77,227.0,153.0,1.59,1.06,40.97,922.0,301.0,6.45,2.05,19.85,128.0,114.0,0.9,0.79,54.14,970.0,327.0,6.78,2.23,20.49,2490.0,410.0,17.41,2.54,10.01,3109.0,474.0,21.74,2.86,9.27,3728.0,720.0,26.07,4.62,11.74,1395.0,574.0,9.75,3.94,25.01,395.0,182.0,2.76,1.25,28.01,314.0,169.0,2.2,1.17,32.72,877.0,443.0,7.36,3.68,30.71,184.0,126.0,1.55,1.05,41.63,470.0,180.0,3.95,1.48,23.28,417.0,188.0,3.5,1.56,27.41,527.0,229.0,4.43,1.9,26.42,1150.0,436.0,9.66,3.59,23.05,937.0,267.0,7.87,2.17,17.32,2242.0,487.0,18.83,3.85,13.2,1121.0,345.0,9.41,2.81,18.71,3984.0,408.0,33.45,2.41,6.23,10483.0,796.0,88.03,1.92,4.62,2042.0,376.0,17.15,2.9,11.19,1331.0,313.0,11.18,2.5,14.3,272.0,147.0,2.28,1.22,32.85,324.0,169.0,2.72,1.41,31.71,469.0,196.0,3.94,1.62,25.4,21071.0,1340.0,96.55,0.87,3.87,18002.0,1252.0,82.49,2.44,4.23,4626.0,797.0,21.2,3.4,10.47,753.0,343.0,3.45,1.56,27.69,10437.0,911.0,47.78,2.88,5.31,11409.0,1029.0,52.22,3.37,5.48,713.0,223.0,3.26,1.0,19.01,309.0,137.0,1.41,0.62,26.95,671.0,274.0,3.07,1.24,24.82,410.0,192.0,1.88,0.87,28.47,2513.0,748.0,11.5,3.35,18.09,6114.0,796.0,27.99,3.19,7.91,2971.0,715.0,13.6,3.16,14.63,3308.0,574.0,15.14,2.45,10.55,938.0,263.0,4.29,1.17,17.04,769.0,249.0,3.52,1.12,19.68,2051.0,512.0,9.39,2.27,15.18,861.0,275.0,3.94,1.23,19.42,218.0,153.0,1.0,0.7,42.66,1939.0,429.0,8.88,1.88,13.45,19907.0,1250.0,91.12,8.11,3.82,3130.0,624.0,14.33,2.71,12.12,1491.0,428.0,6.83,1.91,17.45,15076.0,1221.0,69.01,3.51,4.92,715.0,475.0,3.27,2.16,40.39,66.0,107.0,0.3,0.49,98.55,3780.0,849.0,17.3,3.73,13.65,0.0,,0.0,,,718.0,330.0,3.29,1.5,27.94,2300.0,530.0,10.53,2.33,14.01,19546.0,1411.0,89.47,3.14,4.39,14392.0,1225.0,65.88,3.76,5.17,646.0,469.0,2.96,2.14,44.13,0.0,,0.0,,,3780.0,849.0,17.3,3.73,13.65,0.0,,0.0,,,76.0,79.0,0.35,0.36,63.19,652.0,231.0,2.98,1.04,21.54
10013,10013,10013,12609.0,1124.0,100,,5.42,3056.0,795.0,24.24,5.92,15.81,5393.0,647.0,19.11,1.87,7.29,277.0,112.0,5.14,1.98,24.58,180.0,81.0,3.34,1.45,27.36,1809.0,524.0,33.54,8.84,17.61,556.0,232.0,10.31,4.12,25.37,2571.0,284.0,47.67,7.77,6.72,21815.0,1718.0,77.32,2.92,4.79,1129.0,266.0,5.18,1.15,14.32,1257.0,324.0,5.76,1.41,15.67,1927.0,678.0,8.83,3.03,21.39,15717.0,1609.0,72.05,4.71,6.22,24426.0,1733.0,86.57,1.4,4.31,200.0,112.0,0.82,0.45,34.04,27871.0,1912.0,98.78,9.62,4.17,2229.0,585.0,8.0,2.03,15.95,3789.0,595.0,13.43,1.89,9.55,34.0,45.0,0.9,1.18,80.46,19133.0,1581.0,67.81,3.08,5.02,773.0,261.0,4.04,1.32,20.53,4949.0,1120.0,17.54,3.78,13.76,1422.0,541.0,28.73,8.79,23.13,27891.0,1934.0,98.85,0.6,4.22,21510.0,1853.0,77.12,3.94,5.24,5537.0,778.0,19.85,2.43,8.54,844.0,432.0,3.03,1.53,31.12,28215.0,1949.0,100,,4.2,19513.0,1396.0,69.16,1.29,4.35,19127.0,1412.0,67.79,1.77,4.49,386.0,129.0,1.37,0.45,20.32,8702.0,1235.0,30.84,3.82,8.63,5853.0,1109.0,67.26,8.44,11.52,2849.0,566.0,32.74,4.55,12.08,2126.0,1148.0,24.43,12.73,32.83,5139.0,1104.0,59.06,9.52,13.06,121.0,93.0,1.39,1.05,46.72,383.0,373.0,4.4,4.24,59.2,695.0,227.0,7.99,2.35,19.86,238.0,130.0,2.74,1.44,33.2,27051.0,1918.0,95.87,1.53,4.31,17702.0,1413.0,65.44,2.4,4.85,4347.0,1105.0,16.07,3.92,15.45,852.0,307.0,3.15,1.11,21.9,11910.0,1126.0,94.46,2.97,5.75,11511.0,1237.0,91.29,5.48,6.53,24708.0,1764.0,87.57,1.58,4.34,16344.0,1492.0,66.15,3.76,5.55,15631.0,1501.0,63.26,4.06,5.84,713.0,212.0,2.89,0.83,18.08,0.0,,0.0,,,8364.0,1312.0,33.85,4.73,9.54,,,4.36,1.23,18.08,15202.0,1490.0,53.88,3.75,5.96,896.0,314.0,5.89,1.98,21.3,187.0,142.0,1.23,0.93,46.16,5940.0,1207.0,39.07,6.96,12.35,3058.0,521.0,20.12,2.8,10.36,3977.0,755.0,26.16,4.25,11.54,15631.0,1501.0,55.4,3.7,5.84,0.0,,0.0,,,302.0,223.0,1.93,1.41,44.89,327.0,178.0,2.09,1.12,33.09,214.0,122.0,1.37,0.77,34.66,842.0,256.0,5.39,1.55,18.48,373.0,234.0,2.39,1.48,38.14,984.0,404.0,6.3,2.51,24.96,4362.0,894.0,27.91,5.05,12.46,3914.0,569.0,25.04,2.73,8.84,2065.0,384.0,13.21,2.1,11.3,1221.0,286.0,7.81,1.67,14.24,837.0,315.0,5.35,1.95,22.88,190.0,109.0,1.22,0.69,34.87,513.0,191.0,4.07,1.47,22.63,626.0,240.0,4.96,1.85,23.31,691.0,234.0,5.48,1.79,20.59,313.0,142.0,2.48,1.1,27.58,374.0,142.0,2.97,1.09,23.08,1055.0,472.0,8.37,3.67,27.2,941.0,317.0,7.46,2.42,20.48,1563.0,354.0,12.4,2.58,13.77,1287.0,435.0,10.21,3.33,20.55,5246.0,876.0,41.61,5.87,10.15,10193.0,1103.0,80.84,4.96,6.58,2928.0,659.0,23.22,4.8,13.68,1357.0,255.0,10.76,1.78,11.42,600.0,224.0,4.76,1.73,22.7,385.0,186.0,3.05,1.45,29.37,1481.0,353.0,11.75,2.6,14.49,26798.0,1932.0,96.15,2.13,4.38,21589.0,1965.0,77.46,4.63,5.53,6995.0,1258.0,25.1,4.17,10.93,1073.0,289.0,3.85,1.0,16.37,13379.0,1313.0,47.42,3.31,5.97,14836.0,1236.0,52.58,2.45,5.06,1164.0,210.0,4.13,0.69,10.97,968.0,272.0,3.43,0.93,17.08,1241.0,501.0,4.4,1.75,24.54,1024.0,264.0,3.63,0.9,15.67,2003.0,313.0,7.1,1.0,9.5,4945.0,676.0,17.53,2.07,8.31,5228.0,1150.0,18.53,3.87,13.37,4068.0,997.0,14.42,3.39,14.9,1622.0,529.0,5.75,1.83,19.83,999.0,272.0,3.54,0.93,16.55,2536.0,684.0,8.99,2.34,16.4,1779.0,984.0,6.31,3.46,33.62,638.0,267.0,2.26,0.93,25.44,3789.0,595.0,13.43,1.89,9.55,24426.0,1733.0,86.57,1.4,4.31,4953.0,1119.0,17.55,3.78,13.73,1974.0,521.0,7.0,1.78,16.04,15873.0,1887.0,56.26,5.44,7.23,1053.0,272.0,3.73,0.93,15.7,14.0,44.0,0.05,0.16,191.06,8621.0,1418.0,30.55,4.56,10.0,0.0,,0.0,,,680.0,235.0,2.41,0.82,21.01,2189.0,550.0,7.76,1.87,15.27,26026.0,1971.0,92.24,2.86,4.6,14970.0,1892.0,53.06,5.62,7.68,915.0,261.0,3.24,0.9,17.34,14.0,44.0,0.05,0.16,191.06,8621.0,1418.0,30.55,4.56,10.0,0.0,,0.0,,,149.0,92.0,0.53,0.32,37.53,1357.0,436.0,4.81,1.51,19.53
10014,10014,10014,17682.0,980.0,100,,3.37,1286.0,238.0,7.27,1.28,11.25,3297.0,462.0,11.07,1.41,8.52,224.0,128.0,6.79,3.76,34.74,48.0,46.0,1.46,1.38,58.26,1146.0,311.0,34.76,8.08,16.5,331.0,153.0,10.04,4.42,28.1,1548.0,367.0,46.95,8.98,14.41,25727.0,1673.0,86.41,2.62,3.95,123.0,95.0,0.48,0.37,46.95,162.0,116.0,0.63,0.45,43.53,1228.0,498.0,4.77,1.91,24.65,21839.0,1392.0,84.89,7.73,3.87,27514.0,1630.0,92.42,1.3,3.6,615.0,301.0,2.24,1.09,29.75,29724.0,1713.0,99.84,0.33,3.5,1993.0,469.0,6.71,1.53,14.31,2258.0,431.0,7.58,1.38,11.6,13.0,20.0,0.58,0.88,93.52,22163.0,1475.0,74.44,2.49,4.05,584.0,175.0,2.64,0.77,18.22,5303.0,736.0,17.81,2.25,8.44,1396.0,422.0,26.32,7.07,18.38,29602.0,1714.0,99.43,0.64,3.52,24422.0,1715.0,82.5,3.28,4.27,4891.0,710.0,16.52,2.2,8.82,289.0,167.0,0.98,0.56,35.13,29772.0,1713.0,100,,3.5,24167.0,1642.0,81.17,2.93,4.13,23463.0,1661.0,78.81,3.25,4.3,704.0,284.0,2.36,0.94,24.52,5605.0,677.0,18.83,2.0,7.34,2733.0,466.0,48.76,5.87,10.37,2872.0,487.0,51.24,6.1,10.31,2725.0,579.0,48.62,8.5,12.92,993.0,284.0,17.72,4.59,17.39,231.0,136.0,4.12,2.37,35.79,286.0,158.0,5.1,2.75,33.58,910.0,394.0,16.24,6.75,26.32,460.0,229.0,8.21,3.96,30.26,29093.0,1721.0,97.72,1.34,3.6,24448.0,1814.0,84.03,3.76,4.51,501.0,231.0,1.72,0.79,28.03,1856.0,752.0,6.38,2.56,24.63,17280.0,923.0,97.73,7.52,3.25,16913.0,941.0,95.65,0.47,3.38,27752.0,1630.0,93.22,1.1,3.57,21604.0,1562.0,77.85,3.28,4.4,19934.0,1461.0,71.83,3.15,4.46,1670.0,491.0,6.02,1.73,17.87,0.0,,0.0,,,6148.0,846.0,22.15,2.76,8.37,,,7.73,2.2,17.87,19679.0,1458.0,66.1,3.09,4.5,776.0,243.0,3.94,1.2,19.04,129.0,81.0,0.66,0.41,38.17,7707.0,770.0,39.16,2.63,6.07,3654.0,724.0,18.57,3.41,12.04,5430.0,722.0,27.59,3.05,8.08,19934.0,1461.0,66.96,3.04,4.46,0.0,,0.0,,,229.0,118.0,1.15,0.59,31.32,596.0,258.0,2.99,1.28,26.32,481.0,247.0,2.41,1.23,31.22,1253.0,208.0,6.29,0.94,10.09,303.0,204.0,1.52,1.02,40.93,1536.0,334.0,7.71,1.58,13.22,5604.0,698.0,28.11,2.83,7.57,5176.0,912.0,25.97,4.16,10.71,2585.0,542.0,12.97,2.55,12.75,1538.0,331.0,7.72,1.56,13.08,301.0,179.0,1.51,0.89,36.15,332.0,159.0,1.67,0.79,29.11,770.0,300.0,4.35,1.68,23.68,310.0,196.0,1.75,1.1,38.44,543.0,229.0,3.07,1.28,25.64,388.0,147.0,2.19,0.82,23.03,862.0,313.0,4.88,1.75,22.07,1304.0,330.0,7.37,1.82,15.38,1734.0,378.0,9.81,2.07,13.25,2284.0,516.0,12.92,2.83,13.73,1730.0,488.0,9.78,2.71,17.15,7757.0,623.0,43.87,2.55,4.88,14854.0,966.0,84.01,2.86,3.95,3040.0,483.0,17.19,2.56,9.66,3067.0,519.0,17.35,2.77,10.29,172.0,141.0,0.97,0.8,49.83,240.0,169.0,1.36,0.95,42.81,450.0,186.0,2.54,1.04,25.13,29086.0,1714.0,97.85,1.2,3.58,25673.0,1687.0,86.37,2.73,3.99,6136.0,772.0,20.64,2.31,7.65,638.0,265.0,2.15,0.88,25.25,14615.0,1172.0,49.09,2.74,4.87,15157.0,1091.0,50.91,2.2,4.38,679.0,292.0,2.28,0.97,26.14,632.0,200.0,2.12,0.66,19.24,644.0,324.0,2.16,1.08,30.58,496.0,171.0,1.67,0.57,20.96,1594.0,367.0,5.35,1.19,14.0,8725.0,1073.0,29.31,3.19,7.48,4260.0,675.0,14.31,2.11,9.63,4038.0,774.0,13.56,2.48,11.65,1875.0,488.0,6.3,1.6,15.82,1478.0,382.0,4.96,1.25,15.71,3259.0,536.0,10.95,1.69,10.0,1637.0,403.0,5.5,1.32,14.97,455.0,189.0,1.53,0.63,25.25,2258.0,431.0,7.58,1.38,11.6,27514.0,1630.0,92.42,1.3,3.6,5351.0,736.0,17.97,2.25,8.36,2494.0,627.0,8.38,2.05,15.28,24317.0,1487.0,81.68,1.69,3.72,907.0,469.0,3.05,1.57,31.43,58.0,58.0,0.19,0.19,60.79,1516.0,360.0,5.09,1.17,14.44,0.0,,0.0,,,480.0,197.0,1.61,0.66,24.95,3223.0,818.0,10.83,2.68,15.43,26549.0,1601.0,89.17,1.61,3.67,23303.0,1478.0,78.27,2.09,3.86,907.0,469.0,3.05,1.57,31.43,39.0,50.0,0.13,0.17,77.94,1503.0,359.0,5.05,1.17,14.52,0.0,,0.0,,,17.0,20.0,0.06,0.07,71.52,780.0,394.0,2.62,1.31,30.71
10016,10016,10016,30164.0,1375.0,100,,2.77,2675.0,510.0,8.87,1.64,11.59,7442.0,1302.0,13.71,2.28,10.64,404.0,302.0,5.43,3.95,45.44,292.0,148.0,3.92,1.87,30.81,2181.0,712.0,29.31,8.08,19.85,651.0,179.0,8.75,1.86,16.71,3914.0,730.0,52.59,3.4,11.34,43154.0,2530.0,79.48,1.8,3.56,562.0,272.0,1.3,0.63,29.42,713.0,281.0,1.65,0.64,23.96,2704.0,841.0,6.27,1.91,18.91,35238.0,2196.0,81.66,1.73,3.79,49552.0,2359.0,91.26,6.57,2.89,498.0,240.0,1.01,0.48,29.3,54114.0,2937.0,99.66,0.49,3.3,3644.0,746.0,6.73,1.33,12.44,4730.0,930.0,8.71,1.65,11.95,139.0,107.0,2.94,2.19,46.8,41622.0,2201.0,76.66,5.8,3.21,1783.0,465.0,4.28,1.09,15.85,7762.0,990.0,14.3,1.65,7.75,1722.0,538.0,22.19,6.33,18.99,53686.0,2920.0,98.87,0.6,3.31,40671.0,2835.0,75.76,3.3,4.24,12101.0,1421.0,22.54,2.35,7.14,914.0,328.0,1.7,0.6,21.82,54297.0,2935.0,100,,3.29,40286.0,2292.0,74.2,1.32,3.46,39298.0,2298.0,72.38,1.61,3.55,988.0,449.0,1.82,0.82,27.63,14011.0,1589.0,25.8,2.57,6.89,7013.0,1112.0,50.05,5.55,9.64,6998.0,1042.0,49.95,4.82,9.05,3449.0,705.0,24.62,4.19,12.43,7173.0,1054.0,51.2,4.78,8.93,317.0,236.0,2.26,1.66,45.26,185.0,104.0,1.32,0.73,34.17,2360.0,916.0,16.84,6.25,23.59,527.0,231.0,3.76,1.59,26.65,52701.0,2851.0,97.06,0.21,3.29,37369.0,1870.0,70.91,5.23,3.04,2865.0,685.0,5.44,1.27,14.53,4517.0,1718.0,8.57,3.23,23.12,29438.0,1370.0,97.59,0.92,2.83,28367.0,1254.0,94.04,5.97,2.69,49807.0,2347.0,91.73,6.58,2.86,38522.0,2028.0,77.34,1.82,3.2,36699.0,1918.0,73.68,1.67,3.18,1823.0,524.0,3.66,1.04,17.47,0.0,,0.0,,,11285.0,1323.0,22.66,2.43,7.13,,,4.73,1.34,17.47,36491.0,1935.0,67.21,5.09,3.22,1840.0,531.0,5.04,1.43,17.54,278.0,180.0,0.76,0.49,39.36,9572.0,893.0,26.23,2.01,5.67,12899.0,1222.0,35.35,2.78,5.76,9956.0,1249.0,27.28,3.1,7.63,36699.0,1918.0,67.59,5.08,3.18,0.0,,0.0,,,747.0,403.0,2.04,1.09,32.8,1061.0,337.0,2.89,0.91,19.31,850.0,407.0,2.32,1.1,29.11,2131.0,493.0,5.81,1.31,14.06,599.0,318.0,1.63,0.86,32.27,1905.0,442.0,5.19,1.17,14.1,8341.0,1013.0,22.73,2.49,7.38,10232.0,1190.0,27.88,2.9,7.07,6646.0,891.0,18.11,2.24,8.15,2002.0,566.0,5.46,1.52,17.19,869.0,341.0,2.37,0.92,23.85,1316.0,408.0,3.59,1.1,18.85,1795.0,439.0,5.95,1.43,14.87,617.0,237.0,2.05,0.78,23.35,1196.0,672.0,3.96,2.22,34.16,952.0,495.0,3.16,1.63,31.61,1127.0,425.0,3.74,1.4,22.92,2379.0,606.0,7.89,1.98,15.49,2220.0,442.0,7.36,1.43,12.1,4590.0,785.0,15.22,2.51,10.4,2941.0,550.0,9.75,1.77,11.37,12347.0,1107.0,40.93,3.16,5.45,24961.0,1089.0,82.75,5.22,2.65,5689.0,956.0,18.86,3.05,10.22,4565.0,743.0,15.13,2.36,9.89,482.0,252.0,1.6,0.83,31.78,490.0,252.0,1.62,0.83,31.26,1186.0,466.0,3.93,1.53,23.89,52560.0,2899.0,97.13,0.95,3.35,46702.0,2824.0,86.3,2.3,3.68,10802.0,1257.0,19.96,2.05,7.07,1554.0,476.0,2.87,0.87,18.62,26499.0,2023.0,48.8,2.63,4.64,27798.0,1873.0,51.2,2.06,4.1,1596.0,407.0,2.94,0.73,15.5,1244.0,422.0,2.29,0.77,20.62,1458.0,693.0,2.69,1.27,28.89,1035.0,240.0,1.91,0.43,14.1,5810.0,951.0,10.7,1.65,9.95,17712.0,1705.0,32.62,2.6,5.85,7169.0,1242.0,13.2,2.17,10.53,6314.0,1003.0,11.63,1.74,9.66,2096.0,448.0,3.86,0.8,12.99,2075.0,513.0,3.82,0.92,15.03,4510.0,842.0,8.31,1.48,11.35,1910.0,447.0,3.52,0.8,14.23,1368.0,571.0,2.52,1.04,25.37,4745.0,930.0,8.74,1.65,11.91,49552.0,2359.0,91.26,6.57,2.89,7788.0,990.0,14.34,1.65,7.73,6179.0,1466.0,11.38,2.63,14.42,33663.0,2128.0,62.0,2.03,3.84,2534.0,615.0,4.67,1.1,14.75,65.0,80.0,0.12,0.15,74.82,10830.0,1346.0,19.95,2.23,7.56,15.0,21.0,0.03,0.04,85.11,1011.0,314.0,1.86,0.57,18.88,6161.0,1504.0,11.35,2.7,14.84,48136.0,2519.0,88.65,6.67,3.18,31995.0,2003.0,58.93,1.86,3.81,2339.0,552.0,4.31,0.99,14.35,47.0,77.0,0.09,0.14,99.59,10788.0,1341.0,19.87,2.22,7.56,0.0,,0.0,,,192.0,166.0,0.35,0.31,52.56,2775.0,764.0,5.11,1.38,16.74
10017,10017,"10017, 10165, 10167, 10168, 10169, 10170, 10171, 10172, 10173, 10174, 10177",9529.0,875.0,100,,5.58,364.0,160.0,3.82,1.64,26.72,915.0,352.0,6.11,2.26,23.39,20.0,52.0,2.19,5.62,158.05,71.0,89.0,7.76,9.26,76.2,340.0,236.0,37.16,21.47,42.2,0.0,,0.0,,,484.0,205.0,52.9,9.37,25.75,13266.0,1425.0,88.53,0.72,6.53,203.0,191.0,1.53,1.43,57.2,259.0,176.0,1.95,1.31,41.31,524.0,246.0,3.95,1.81,28.54,11314.0,1380.0,85.29,4.93,7.41,14384.0,1511.0,95.99,14.4,6.39,497.0,311.0,3.46,2.13,38.04,14985.0,1605.0,100.0,0.0,6.51,1151.0,451.0,7.68,2.9,23.82,601.0,325.0,4.01,2.13,32.87,17.0,51.0,2.83,8.35,182.37,10792.0,1413.0,72.02,5.42,7.96,723.0,420.0,6.7,3.79,35.31,3592.0,882.0,23.97,5.3,14.93,411.0,196.0,11.44,4.68,28.99,14958.0,1601.0,99.82,15.11,6.51,11954.0,1548.0,79.92,5.83,7.87,2510.0,743.0,16.78,4.63,17.99,494.0,328.0,3.3,2.16,40.36,14985.0,1605.0,100,,6.51,10125.0,1225.0,67.57,3.8,7.35,9611.0,1188.0,64.14,3.96,7.51,514.0,317.0,3.43,2.08,37.49,4860.0,903.0,32.43,4.92,11.29,2475.0,743.0,50.93,12.01,18.25,2385.0,659.0,49.07,10.04,16.8,1187.0,454.0,24.42,8.17,23.25,1920.0,509.0,39.51,7.47,16.12,264.0,265.0,5.43,5.36,61.02,72.0,86.0,1.48,1.75,72.61,882.0,416.0,18.15,7.87,28.67,535.0,431.0,11.01,8.63,48.97,14787.0,1576.0,98.68,14.91,6.48,11204.0,1505.0,75.77,6.19,8.17,843.0,447.0,5.7,2.96,32.23,696.0,334.0,4.71,2.2,29.17,9333.0,852.0,97.94,12.68,5.55,9219.0,859.0,96.75,1.53,5.66,14384.0,1511.0,95.99,14.4,6.39,10817.0,1485.0,75.2,6.65,8.35,10277.0,1446.0,71.45,6.69,8.55,540.0,285.0,3.75,1.94,32.08,0.0,,0.0,,,3567.0,703.0,24.8,4.14,11.98,,,4.99,2.54,32.08,10164.0,1444.0,67.83,6.33,8.64,580.0,361.0,5.71,3.46,37.84,123.0,205.0,1.21,2.01,101.32,2644.0,676.0,26.01,5.53,15.54,3614.0,847.0,35.56,6.63,14.25,2963.0,836.0,29.15,7.11,17.15,10277.0,1446.0,68.58,6.26,8.55,0.0,,0.0,,,158.0,151.0,1.54,1.45,58.1,111.0,87.0,1.08,0.83,47.65,246.0,195.0,2.39,1.87,48.19,711.0,392.0,6.92,3.69,33.52,134.0,122.0,1.3,1.17,55.35,691.0,285.0,6.72,2.61,25.07,2034.0,552.0,19.79,4.59,16.5,2655.0,560.0,25.83,4.06,12.82,1880.0,850.0,18.29,7.86,27.48,565.0,297.0,5.5,2.78,31.96,161.0,116.0,1.57,1.11,43.8,931.0,535.0,9.06,5.05,34.93,403.0,215.0,4.23,2.22,32.43,429.0,278.0,4.5,2.89,39.39,239.0,157.0,2.51,1.63,39.93,712.0,488.0,7.47,5.08,41.67,539.0,306.0,5.66,3.17,34.51,947.0,357.0,9.94,3.63,22.92,748.0,374.0,7.85,3.86,30.4,1175.0,366.0,12.33,3.67,18.94,1242.0,369.0,13.03,3.68,18.06,3095.0,612.0,32.48,5.69,12.02,7609.0,889.0,79.85,5.77,7.1,2310.0,567.0,24.24,5.52,14.92,2394.0,559.0,25.12,5.39,14.19,111.0,179.0,1.16,1.88,98.03,146.0,109.0,1.53,1.14,45.38,262.0,178.0,2.75,1.85,41.3,14357.0,1566.0,95.81,1.98,6.63,12155.0,1570.0,81.11,5.86,7.85,3872.0,823.0,25.84,4.74,12.92,628.0,381.0,4.19,2.5,36.88,6914.0,949.0,46.14,3.96,8.34,8071.0,1038.0,53.86,3.83,7.82,198.0,140.0,1.32,0.92,42.98,226.0,184.0,1.51,1.22,49.49,154.0,126.0,1.03,0.83,49.74,74.0,88.0,0.49,0.58,72.29,1067.0,427.0,7.12,2.75,24.33,4261.0,787.0,28.44,4.28,11.23,2443.0,852.0,16.3,5.41,21.2,1567.0,560.0,10.46,3.57,21.72,609.0,243.0,4.06,1.56,24.26,794.0,278.0,5.3,1.77,21.28,1928.0,530.0,12.87,3.26,16.71,1344.0,543.0,8.97,3.49,24.56,320.0,190.0,2.14,1.25,36.09,601.0,325.0,4.01,2.13,32.87,14384.0,1511.0,95.99,14.4,6.39,3592.0,882.0,23.97,5.3,14.93,1027.0,515.0,6.85,3.36,30.48,10102.0,1365.0,67.41,5.55,8.21,491.0,302.0,3.28,1.98,37.39,28.0,50.0,0.19,0.33,108.55,2736.0,621.0,18.26,3.65,13.8,15.0,48.0,0.1,0.32,194.53,586.0,352.0,3.91,2.31,36.52,637.0,329.0,4.25,2.15,31.4,14348.0,1604.0,95.75,3.07,6.8,9845.0,1347.0,65.7,5.59,8.32,491.0,302.0,3.28,1.98,37.39,20.0,49.0,0.13,0.33,148.94,2736.0,621.0,18.26,3.65,13.8,15.0,48.0,0.1,0.32,194.53,482.0,345.0,3.22,2.28,43.51,759.0,470.0,5.07,3.09,37.64
10018,10018,10018,4901.0,469.0,100,,5.82,414.0,148.0,8.45,2.91,21.73,1534.0,400.0,17.5,4.2,15.85,39.0,41.0,2.54,2.59,63.91,78.0,75.0,5.08,4.71,58.45,184.0,89.0,11.99,4.89,29.4,233.0,145.0,15.19,8.58,37.83,1000.0,366.0,65.19,16.74,22.25,7458.0,819.0,85.1,3.44,6.68,253.0,166.0,3.39,2.19,39.89,338.0,243.0,4.53,3.22,43.7,570.0,214.0,7.64,2.74,22.82,5606.0,727.0,75.17,5.19,7.88,8075.0,838.0,92.14,1.7,6.31,39.0,39.0,0.48,0.48,60.79,8764.0,895.0,100.0,0.0,6.21,929.0,378.0,10.6,4.18,24.73,689.0,226.0,7.86,2.45,19.94,36.0,50.0,5.22,7.05,84.43,7217.0,694.0,82.35,11.55,5.85,478.0,172.0,6.62,2.3,21.87,858.0,444.0,9.79,4.97,31.46,415.0,336.0,48.37,30.12,49.22,8737.0,898.0,99.69,1.16,6.25,6216.0,879.0,71.15,6.91,8.6,2158.0,473.0,24.7,4.78,13.32,363.0,214.0,4.15,2.41,35.84,8764.0,895.0,100,,6.21,4980.0,705.0,56.82,5.57,8.61,4816.0,681.0,54.95,5.37,8.6,164.0,106.0,1.87,1.19,39.29,3784.0,627.0,43.18,5.63,10.07,1842.0,507.0,48.68,10.7,16.73,1942.0,397.0,51.32,6.14,12.43,828.0,358.0,21.88,8.74,26.28,1632.0,370.0,43.13,6.67,13.78,100.0,93.0,2.64,2.42,56.53,25.0,32.0,0.66,0.84,77.81,1006.0,319.0,26.59,7.19,19.28,193.0,207.0,5.1,5.4,65.2,8585.0,872.0,97.96,14.11,6.17,5218.0,785.0,60.78,6.75,9.15,1176.0,417.0,13.7,4.65,21.56,819.0,314.0,9.54,3.53,23.31,4813.0,460.0,98.2,13.28,5.81,4653.0,475.0,94.94,3.38,6.21,8214.0,850.0,93.72,1.57,6.29,6148.0,629.0,74.85,10.89,6.22,5729.0,635.0,69.75,2.77,6.74,419.0,197.0,5.1,2.34,28.58,0.0,,0.0,,,2066.0,604.0,25.15,6.88,17.77,,,6.82,3.13,28.58,5677.0,630.0,64.78,2.81,6.75,300.0,170.0,5.28,2.94,34.45,41.0,46.0,0.72,0.81,68.2,1740.0,397.0,30.65,6.11,13.87,1816.0,411.0,31.99,6.31,13.76,1405.0,341.0,24.75,5.34,14.75,5729.0,635.0,65.37,2.82,6.74,0.0,,0.0,,,74.0,72.0,1.29,1.25,59.15,148.0,108.0,2.58,1.86,44.36,176.0,83.0,3.07,1.41,28.67,305.0,120.0,5.32,2.01,23.92,74.0,62.0,1.29,1.07,50.93,444.0,166.0,7.75,2.77,22.73,1455.0,331.0,25.4,5.05,13.83,1389.0,291.0,24.25,4.31,12.74,921.0,289.0,16.08,4.72,19.08,400.0,225.0,6.98,3.85,34.19,122.0,89.0,2.13,1.54,44.35,221.0,123.0,3.86,2.1,33.83,362.0,176.0,7.39,3.52,29.56,144.0,99.0,2.94,2.0,41.79,163.0,103.0,3.33,2.08,38.41,176.0,153.0,3.59,3.1,52.85,226.0,125.0,4.61,2.51,33.62,396.0,226.0,8.08,4.55,34.69,486.0,162.0,9.92,3.17,20.26,747.0,234.0,15.24,4.55,19.04,366.0,152.0,7.47,3.02,25.25,1835.0,358.0,37.44,6.37,11.86,4217.0,449.0,86.04,4.02,6.47,507.0,211.0,10.34,4.19,25.3,399.0,227.0,8.14,4.57,34.58,169.0,118.0,3.45,2.38,42.45,31.0,44.0,0.63,0.9,86.28,377.0,204.0,7.69,4.1,32.89,8207.0,838.0,93.64,13.52,6.21,6675.0,786.0,76.16,4.47,7.16,1906.0,493.0,21.75,5.17,15.72,557.0,252.0,6.36,2.8,27.5,4366.0,584.0,49.82,4.3,8.13,4398.0,642.0,50.18,5.23,8.87,179.0,81.0,2.04,0.9,27.51,200.0,96.0,2.28,1.07,29.18,86.0,59.0,0.98,0.67,41.7,399.0,220.0,4.55,2.47,33.52,442.0,170.0,5.04,1.87,23.38,3453.0,661.0,39.4,6.38,11.64,1396.0,372.0,15.93,3.92,16.2,773.0,211.0,8.82,2.23,16.59,370.0,161.0,4.22,1.79,26.45,608.0,242.0,6.94,2.67,24.2,523.0,289.0,5.97,3.24,33.59,221.0,150.0,2.52,1.69,41.26,114.0,172.0,1.3,1.96,91.72,689.0,226.0,7.86,2.45,19.94,8075.0,838.0,92.14,1.7,6.31,858.0,444.0,9.79,4.97,31.46,841.0,296.0,9.6,3.23,21.4,3871.0,729.0,44.17,6.99,11.45,874.0,318.0,9.97,3.48,22.12,189.0,248.0,2.16,2.82,79.77,2402.0,501.0,27.41,4.98,12.68,0.0,,0.0,,,587.0,276.0,6.7,3.07,28.58,1290.0,335.0,14.72,3.51,15.79,7474.0,874.0,85.28,4.86,7.11,3682.0,731.0,42.01,7.15,12.07,870.0,318.0,9.93,3.48,22.22,179.0,248.0,2.04,2.82,84.22,2272.0,477.0,25.92,4.76,12.76,0.0,,0.0,,,53.0,47.0,0.6,0.53,53.91,418.0,245.0,4.77,2.75,35.63
10030,10030,10030,13180.0,836.0,100,,3.86,3161.0,481.0,23.98,3.32,9.25,7545.0,1196.0,24.51,3.51,9.64,414.0,177.0,5.49,2.18,25.99,417.0,261.0,5.53,3.35,38.05,2280.0,593.0,30.22,6.23,15.81,1690.0,464.0,22.4,5.02,16.69,2744.0,679.0,36.37,6.91,15.04,22234.0,1386.0,72.23,6.65,3.79,2709.0,822.0,12.18,3.62,18.45,2277.0,529.0,10.24,2.29,14.12,4968.0,744.0,22.34,3.04,9.1,7770.0,1029.0,34.95,4.08,8.05,24800.0,1587.0,80.57,7.51,3.89,480.0,202.0,1.94,0.81,25.58,30751.0,2084.0,99.9,0.3,4.12,5260.0,662.0,17.11,1.81,7.65,5977.0,892.0,19.42,2.58,9.07,411.0,232.0,6.88,3.74,34.31,20711.0,1560.0,67.29,2.22,4.58,2837.0,530.0,13.7,2.34,11.36,4063.0,653.0,13.2,1.92,9.77,2012.0,383.0,49.52,5.05,11.57,30591.0,2089.0,99.38,0.89,4.15,26580.0,1846.0,86.89,1.1,4.22,3578.0,820.0,11.7,2.56,13.93,433.0,255.0,1.42,0.83,35.8,30781.0,2084.0,100,,4.12,22612.0,1946.0,73.46,3.9,5.23,21849.0,1884.0,70.98,3.79,5.24,763.0,256.0,2.48,0.81,20.4,8169.0,1412.0,26.54,4.22,10.51,3973.0,755.0,48.64,3.84,11.55,4196.0,967.0,51.36,7.83,14.01,439.0,231.0,5.37,2.67,31.99,1076.0,451.0,13.17,5.03,25.48,1823.0,664.0,22.32,7.15,22.14,0.0,,0.0,,,4638.0,970.0,56.78,6.68,12.71,193.0,153.0,2.36,1.83,48.19,28858.0,2031.0,93.75,1.8,4.28,18068.0,1822.0,62.61,4.52,6.13,4455.0,1021.0,15.44,3.37,13.93,6197.0,1132.0,21.47,3.62,11.1,12322.0,852.0,93.49,2.57,4.2,11335.0,862.0,86.0,3.61,4.62,25607.0,1663.0,83.19,7.8,3.95,15692.0,1499.0,61.28,4.29,5.81,14068.0,1458.0,54.94,4.44,6.3,1620.0,456.0,6.33,1.73,17.11,4.0,6.0,0.02,0.02,91.19,9915.0,1238.0,38.72,4.13,7.59,,,10.32,2.73,17.11,13602.0,1446.0,44.19,3.62,6.46,860.0,254.0,6.32,1.74,17.95,155.0,116.0,1.14,0.84,45.49,8804.0,1032.0,64.73,3.2,7.13,1228.0,343.0,9.03,2.33,16.98,2174.0,578.0,15.98,3.89,16.16,14068.0,1458.0,45.7,3.59,6.3,13.0,19.0,0.09,0.13,88.85,262.0,142.0,1.86,0.99,32.95,375.0,202.0,2.67,1.41,32.75,238.0,206.0,1.69,1.45,52.62,1058.0,314.0,7.52,2.09,18.04,917.0,296.0,6.52,1.99,19.62,538.0,240.0,3.82,1.66,27.12,1156.0,410.0,8.22,2.79,21.56,1516.0,440.0,10.78,2.92,17.64,5377.0,990.0,38.22,5.82,11.19,1338.0,364.0,9.51,2.39,16.54,613.0,246.0,4.36,1.69,24.4,667.0,242.0,4.74,1.65,22.06,1610.0,363.0,12.22,2.64,13.71,1464.0,422.0,11.11,3.12,17.52,1485.0,349.0,11.27,2.55,14.29,1028.0,319.0,7.8,2.37,18.86,1527.0,412.0,11.59,3.04,16.4,1745.0,462.0,13.24,3.4,16.09,1535.0,572.0,11.65,4.28,22.65,1016.0,305.0,7.71,2.26,18.25,594.0,255.0,4.51,1.91,26.1,1176.0,308.0,8.92,2.27,15.92,9585.0,913.0,72.72,5.17,5.79,3217.0,496.0,24.41,3.43,9.37,1526.0,347.0,11.58,2.53,13.82,1529.0,413.0,11.6,3.05,16.42,1310.0,317.0,9.94,2.32,14.71,4478.0,607.0,33.98,4.07,8.24,28746.0,2012.0,93.48,1.64,4.25,15596.0,1768.0,50.72,4.61,6.89,16473.0,1631.0,53.57,3.87,6.02,2005.0,515.0,6.52,1.62,15.61,14515.0,1270.0,47.16,2.61,5.32,16266.0,1430.0,52.84,2.96,5.34,1923.0,410.0,6.25,1.26,12.96,1093.0,336.0,3.55,1.06,18.69,1833.0,551.0,5.95,1.74,18.27,1527.0,462.0,4.96,1.46,18.39,2171.0,558.0,7.05,1.75,15.62,5366.0,923.0,17.43,2.76,10.46,4664.0,594.0,15.15,1.63,7.74,3901.0,679.0,12.67,2.03,10.58,2198.0,369.0,7.14,1.1,10.21,2016.0,495.0,6.55,1.55,14.93,2461.0,495.0,8.0,1.51,12.23,1134.0,455.0,3.68,1.46,24.39,494.0,205.0,1.6,0.66,25.23,5977.0,892.0,19.42,2.58,9.07,24804.0,1588.0,80.58,7.51,3.89,4089.0,652.0,13.28,1.92,9.69,2517.0,504.0,8.18,1.54,12.17,4659.0,904.0,15.14,2.75,11.8,17951.0,1687.0,58.32,3.8,5.71,107.0,125.0,0.35,0.41,71.02,1521.0,583.0,4.94,1.86,23.3,5.0,8.0,0.02,0.03,97.26,4021.0,934.0,13.06,2.9,14.12,8372.0,1206.0,27.2,3.46,8.76,22409.0,1887.0,72.8,3.65,5.12,2902.0,526.0,9.43,1.59,11.02,16745.0,1674.0,54.4,4.0,6.08,6.0,12.0,0.02,0.04,121.58,1521.0,583.0,4.94,1.86,23.3,3.0,6.0,0.01,0.02,121.58,381.0,283.0,1.24,0.92,45.15,851.0,301.0,2.76,0.96,21.5
10019,10019,"10019, 10020, 10103, 10111, 10112",26900.0,1694.0,100,,3.83,1648.0,362.0,6.13,1.29,13.35,4314.0,769.0,9.74,1.65,10.84,732.0,344.0,16.97,7.38,28.57,310.0,250.0,7.19,5.65,49.02,612.0,201.0,14.19,3.91,19.97,255.0,124.0,5.91,2.67,29.56,2405.0,585.0,55.75,9.23,14.79,39679.0,2380.0,89.62,1.94,3.65,427.0,235.0,1.08,0.59,33.46,520.0,292.0,1.31,0.73,34.14,3211.0,796.0,8.09,1.95,15.07,30766.0,2313.0,77.54,3.51,4.57,41560.0,2362.0,93.87,0.95,3.45,1041.0,477.0,2.5,1.14,27.85,44232.0,2476.0,99.9,0.25,3.4,5546.0,1205.0,12.54,2.63,13.21,2716.0,600.0,6.13,1.31,13.43,0.0,,0.0,,,32300.0,1870.0,72.95,1.09,3.52,2136.0,457.0,6.61,1.36,13.01,9216.0,1368.0,20.81,2.86,9.02,3410.0,1068.0,37.0,10.2,19.04,44128.0,2472.0,99.67,0.33,3.41,36157.0,2387.0,81.94,2.86,4.01,6832.0,952.0,15.48,1.98,8.47,1139.0,459.0,2.58,1.03,24.5,44276.0,2476.0,100,,3.4,29141.0,2462.0,65.82,4.17,5.14,28270.0,2492.0,63.85,4.35,5.36,871.0,411.0,1.97,0.92,28.69,15135.0,1545.0,34.18,2.92,6.21,8116.0,1018.0,53.62,3.91,7.62,7019.0,1061.0,46.38,5.17,9.19,3862.0,844.0,25.52,4.93,13.29,5952.0,990.0,39.33,5.16,10.11,493.0,248.0,3.26,1.6,30.58,102.0,91.0,0.67,0.6,54.23,4076.0,947.0,26.93,5.62,14.12,650.0,346.0,4.29,2.24,32.36,42893.0,2353.0,96.88,7.59,3.33,28192.0,2342.0,65.73,4.1,5.05,3575.0,799.0,8.33,1.81,13.59,5351.0,1132.0,12.48,2.55,12.86,25507.0,1695.0,94.82,2.01,4.04,25127.0,1738.0,93.41,2.67,4.2,41614.0,2356.0,93.99,0.83,3.44,29620.0,1860.0,71.18,1.93,3.82,28298.0,1861.0,68.0,2.28,4.0,1322.0,349.0,3.18,0.82,16.05,0.0,,0.0,,,11994.0,1416.0,28.82,2.99,7.18,,,4.46,1.14,16.05,27964.0,1851.0,63.16,2.24,4.02,1373.0,443.0,4.91,1.55,19.61,215.0,217.0,0.77,0.77,61.36,10765.0,1284.0,38.5,3.82,7.25,7773.0,1093.0,27.8,3.45,8.55,6112.0,1104.0,21.86,3.67,10.98,28298.0,1861.0,63.91,2.21,4.0,0.0,,0.0,,,366.0,243.0,1.29,0.85,40.36,1224.0,474.0,4.33,1.65,23.54,587.0,347.0,2.07,1.22,35.94,1759.0,491.0,6.22,1.69,16.97,620.0,248.0,2.19,0.86,24.32,1580.0,376.0,5.58,1.28,14.47,6040.0,934.0,21.34,2.99,9.4,7850.0,1036.0,27.74,3.17,8.02,4610.0,862.0,16.29,2.85,11.37,2005.0,532.0,7.09,1.82,16.13,894.0,311.0,3.16,1.08,21.15,763.0,308.0,2.7,1.07,24.54,1768.0,471.0,6.57,1.7,16.19,1052.0,487.0,3.91,1.79,28.14,1986.0,901.0,7.38,3.32,27.58,959.0,415.0,3.57,1.53,26.31,1616.0,460.0,6.01,1.67,17.3,2122.0,832.0,7.89,3.05,23.83,2224.0,479.0,8.27,1.7,13.09,3145.0,638.0,11.69,2.25,12.33,3188.0,676.0,11.85,2.4,12.89,8840.0,1079.0,32.86,3.44,7.42,20651.0,1303.0,76.77,0.3,3.84,6379.0,1191.0,23.71,4.17,11.35,4489.0,683.0,16.69,2.31,9.25,1019.0,310.0,3.79,1.13,18.49,467.0,229.0,1.74,0.84,29.81,2296.0,740.0,8.54,2.7,19.59,42953.0,2452.0,97.11,1.09,3.47,34684.0,2294.0,78.41,2.76,4.02,13086.0,1421.0,29.58,2.75,6.6,1279.0,534.0,2.89,1.2,25.38,24172.0,1986.0,54.59,3.29,4.99,20104.0,1396.0,45.41,1.87,4.22,1383.0,498.0,3.12,1.11,21.89,753.0,330.0,1.7,0.74,26.64,369.0,128.0,0.83,0.29,21.09,371.0,185.0,0.84,0.42,30.31,1721.0,357.0,3.89,0.78,12.61,12718.0,1354.0,28.72,2.6,6.47,7408.0,1203.0,16.73,2.55,9.87,4895.0,918.0,11.06,1.98,11.4,2896.0,689.0,6.54,1.51,14.46,2536.0,503.0,5.73,1.09,12.06,5894.0,1105.0,13.31,2.38,11.4,2461.0,681.0,5.56,1.51,16.82,871.0,370.0,1.97,0.83,25.82,2716.0,600.0,6.13,1.31,13.43,41560.0,2362.0,93.87,0.95,3.45,9226.0,1370.0,20.84,2.87,9.03,4227.0,845.0,9.55,1.83,12.15,26883.0,2141.0,60.72,3.44,4.84,2740.0,989.0,6.19,2.21,21.94,239.0,299.0,0.54,0.67,76.05,8151.0,1312.0,18.41,2.78,9.78,60.0,147.0,0.14,0.33,148.94,1976.0,708.0,4.46,1.58,21.78,7360.0,1249.0,16.62,2.66,10.32,36916.0,2479.0,83.38,3.1,4.08,24534.0,2106.0,55.41,3.61,5.22,2157.0,777.0,4.87,1.73,21.9,0.0,,0.0,,,8084.0,1315.0,18.26,2.79,9.89,60.0,147.0,0.14,0.33,148.94,140.0,102.0,0.32,0.23,44.29,1941.0,525.0,4.38,1.16,16.44
10021,10021,10021,20319.0,1392.0,100,,4.16,4142.0,870.0,20.38,4.05,12.77,6622.0,1025.0,16.77,2.25,9.41,678.0,271.0,10.24,3.77,24.3,235.0,146.0,3.55,2.14,37.77,2286.0,482.0,34.52,4.94,12.82,1744.0,514.0,26.34,6.61,17.92,1679.0,552.0,25.35,7.35,19.99,31592.0,2385.0,80.02,8.62,4.59,158.0,109.0,0.5,0.34,41.94,507.0,400.0,1.6,1.26,47.96,1795.0,573.0,5.68,1.76,19.41,25469.0,2070.0,80.62,2.43,4.94,33342.0,2453.0,84.46,8.98,4.47,901.0,323.0,2.7,0.95,21.79,39167.0,3032.0,99.21,0.94,4.71,2916.0,760.0,7.45,1.85,15.84,6137.0,931.0,15.54,2.03,9.22,297.0,203.0,4.84,3.23,41.55,23653.0,2240.0,59.91,3.32,5.76,607.0,268.0,2.57,1.11,26.84,9377.0,1171.0,23.75,2.34,7.59,2012.0,625.0,21.46,6.1,18.88,38942.0,2958.0,98.64,10.66,4.62,31911.0,2732.0,81.94,3.24,5.2,6507.0,1317.0,16.71,3.13,12.3,524.0,366.0,1.35,0.93,42.46,39479.0,3033.0,100,,4.67,31957.0,2796.0,80.95,3.39,5.32,31278.0,2767.0,79.23,3.48,5.38,679.0,275.0,1.72,0.68,24.62,7522.0,1098.0,19.05,2.36,8.87,4032.0,799.0,53.6,7.18,12.05,3490.0,843.0,46.4,8.93,14.68,2714.0,686.0,36.08,7.45,15.37,3111.0,851.0,41.36,9.57,16.63,250.0,168.0,3.32,2.18,40.85,183.0,193.0,2.43,2.54,64.11,1180.0,530.0,15.69,6.66,27.3,84.0,59.0,1.12,0.77,42.7,37765.0,2857.0,95.66,10.31,4.6,28067.0,2403.0,74.32,2.98,5.2,2968.0,743.0,7.86,1.88,15.22,2350.0,808.0,6.22,2.09,20.9,19851.0,1380.0,97.7,1.15,4.23,19372.0,1344.0,95.34,1.04,4.22,33943.0,2652.0,85.98,1.22,4.75,23901.0,1998.0,70.42,2.09,5.08,22906.0,1771.0,67.48,7.42,4.7,995.0,518.0,2.93,1.51,31.65,0.0,,0.0,,,10042.0,1257.0,29.58,2.89,7.61,,,4.16,2.14,31.65,22726.0,1781.0,57.56,0.89,4.76,1659.0,546.0,7.3,2.33,20.01,263.0,165.0,1.16,0.72,38.14,8608.0,1062.0,37.88,3.61,7.5,4823.0,804.0,21.22,3.12,10.13,6284.0,1130.0,27.65,4.48,10.93,22906.0,1771.0,58.02,0.5,4.7,0.0,,0.0,,,433.0,274.0,1.89,1.19,38.47,742.0,296.0,3.24,1.27,24.25,353.0,204.0,1.54,0.88,35.13,1314.0,384.0,5.74,1.62,17.77,506.0,205.0,2.21,0.88,24.63,1440.0,570.0,6.29,2.44,24.06,5029.0,921.0,21.95,3.64,11.13,5473.0,862.0,23.89,3.28,9.57,5480.0,804.0,23.92,2.98,8.92,1048.0,448.0,4.58,1.92,25.99,605.0,255.0,2.64,1.09,25.62,483.0,228.0,2.11,0.98,28.7,879.0,400.0,4.33,1.95,27.66,204.0,137.0,1.0,0.67,40.82,546.0,225.0,2.69,1.09,25.05,765.0,299.0,3.76,1.45,23.76,1018.0,488.0,5.01,2.38,29.14,1908.0,583.0,9.39,2.8,18.57,1898.0,532.0,9.34,2.54,17.04,2601.0,556.0,12.8,2.59,12.99,2101.0,554.0,10.34,2.63,16.03,8399.0,1099.0,41.34,4.61,7.95,16609.0,1380.0,81.74,3.84,5.05,5907.0,839.0,29.07,3.62,8.63,4429.0,730.0,21.8,3.27,10.02,322.0,173.0,1.58,0.84,32.66,538.0,256.0,2.65,1.25,28.93,815.0,327.0,4.01,1.59,24.39,38849.0,3018.0,99.19,0.65,4.72,33311.0,3066.0,85.05,4.23,5.6,11024.0,1361.0,28.15,2.71,7.51,318.0,189.0,0.81,0.48,36.13,17241.0,1688.0,43.67,2.65,5.95,22238.0,1802.0,56.33,1.45,4.93,1714.0,536.0,4.34,1.32,19.01,1231.0,351.0,3.12,0.86,17.33,2055.0,446.0,5.21,1.06,13.19,1472.0,482.0,3.73,1.19,19.91,1415.0,577.0,3.58,1.44,24.79,8185.0,1187.0,20.73,2.55,8.82,4719.0,847.0,11.95,1.94,10.91,5118.0,1410.0,12.96,3.43,16.75,1724.0,495.0,4.37,1.21,17.45,2176.0,537.0,5.51,1.29,15.0,3860.0,661.0,9.78,1.5,10.41,4084.0,795.0,10.34,1.85,11.83,1726.0,440.0,4.37,1.06,15.5,6137.0,931.0,15.54,2.03,9.22,33342.0,2453.0,84.46,8.98,4.47,9670.0,1170.0,24.49,2.29,7.36,1600.0,543.0,4.05,1.34,20.63,32620.0,2612.0,82.63,1.87,4.87,232.0,130.0,0.59,0.33,34.06,0.0,,0.0,,,3888.0,1020.0,9.85,2.47,15.95,55.0,79.0,0.14,0.2,87.32,1084.0,684.0,2.75,1.72,38.36,2633.0,771.0,6.67,1.88,17.8,36846.0,3088.0,93.33,3.13,5.09,31455.0,2595.0,79.68,2.4,5.02,232.0,130.0,0.59,0.33,34.06,0.0,,0.0,,,3871.0,1013.0,9.81,2.45,15.91,2.0,4.0,0.01,0.01,121.58,160.0,144.0,0.41,0.36,54.71,1126.0,489.0,2.85,1.22,26.4
10022,10022,"10022, 10152, 10153, 10154",18627.0,1382.0,100,,4.51,2574.0,579.0,13.82,2.93,13.67,4433.0,838.0,12.91,2.09,11.49,444.0,277.0,10.02,5.95,37.93,256.0,149.0,5.77,3.18,35.38,1592.0,577.0,35.91,11.11,22.03,605.0,235.0,13.65,4.63,23.61,1536.0,332.0,34.65,3.63,13.14,29095.0,2836.0,84.73,0.46,5.93,353.0,275.0,1.21,0.94,47.36,195.0,120.0,0.67,0.41,37.41,1810.0,787.0,6.22,2.64,26.43,24323.0,2509.0,83.6,2.82,6.27,30389.0,2860.0,88.49,11.98,5.72,822.0,257.0,2.7,0.81,19.01,34334.0,3343.0,99.98,0.3,5.92,2688.0,642.0,7.83,1.71,14.52,3945.0,870.0,11.49,2.27,13.41,119.0,116.0,3.02,2.86,59.26,20531.0,2209.0,59.79,2.74,6.54,1005.0,502.0,4.9,2.39,30.36,9858.0,1584.0,28.71,3.67,9.77,1564.0,386.0,15.87,2.97,15.0,34113.0,3336.0,99.34,0.95,5.94,29231.0,3051.0,85.69,3.13,6.35,4538.0,823.0,13.3,2.03,11.02,344.0,197.0,1.01,0.57,34.81,34340.0,3342.0,100,,5.92,26268.0,2867.0,76.49,3.78,6.63,25503.0,2770.0,74.27,3.58,6.6,765.0,413.0,2.23,1.18,32.82,8072.0,1068.0,23.51,2.11,8.04,5181.0,991.0,64.18,8.87,11.63,2891.0,518.0,35.82,4.33,10.89,2985.0,713.0,36.98,7.35,14.52,3009.0,613.0,37.28,5.77,12.38,233.0,182.0,2.89,2.22,47.48,50.0,50.0,0.62,0.61,60.79,1411.0,527.0,17.48,6.11,22.7,384.0,216.0,4.76,2.6,34.19,32756.0,3072.0,95.39,12.89,5.7,24414.0,2721.0,74.53,4.49,6.78,1142.0,376.0,3.49,1.1,20.02,2050.0,746.0,6.26,2.2,22.12,18267.0,1413.0,98.07,2.15,4.7,17599.0,1423.0,94.48,3.04,4.92,30686.0,2867.0,89.36,12.06,5.68,21390.0,2132.0,69.71,2.42,6.06,20179.0,2117.0,65.76,3.14,6.38,1205.0,311.0,3.93,0.94,15.69,6.0,24.0,0.02,0.08,243.16,9296.0,1494.0,30.29,3.96,9.77,,,5.63,1.34,15.69,19680.0,2085.0,57.31,2.4,6.44,1104.0,397.0,5.61,1.93,21.86,449.0,233.0,2.28,1.16,31.55,4911.0,1101.0,24.95,4.93,13.63,6572.0,839.0,33.39,2.38,7.76,5627.0,913.0,28.59,3.51,9.86,20179.0,2117.0,58.76,2.3,6.38,52.0,84.0,0.26,0.42,98.2,221.0,163.0,1.1,0.8,44.84,513.0,203.0,2.54,0.97,24.06,391.0,187.0,1.94,0.9,29.07,1536.0,503.0,7.61,2.36,19.91,216.0,205.0,1.07,1.01,57.69,1230.0,374.0,6.1,1.74,18.48,4875.0,1046.0,24.16,4.52,13.04,5014.0,930.0,24.85,3.8,11.28,3921.0,915.0,19.43,4.05,14.19,1120.0,384.0,5.55,1.81,20.84,748.0,368.0,3.71,1.78,29.91,342.0,184.0,1.69,0.89,32.71,814.0,348.0,4.37,1.84,25.99,247.0,126.0,1.33,0.67,31.01,993.0,514.0,5.33,2.73,31.47,309.0,129.0,1.66,0.68,25.38,850.0,400.0,4.56,2.12,28.61,1064.0,334.0,5.71,1.74,19.08,1793.0,469.0,9.63,2.41,15.9,2138.0,401.0,11.48,1.98,11.4,2239.0,536.0,12.02,2.74,14.55,8180.0,1101.0,43.91,4.93,8.18,14719.0,1270.0,79.02,3.48,5.25,5870.0,932.0,31.51,4.42,9.65,4220.0,762.0,22.66,3.73,10.98,292.0,264.0,1.57,1.41,54.96,240.0,189.0,1.29,1.01,47.87,247.0,111.0,1.33,0.59,27.32,33794.0,3175.0,98.43,13.32,5.71,28139.0,2924.0,81.96,2.97,6.32,10841.0,1545.0,31.58,3.29,8.66,540.0,436.0,1.57,1.26,49.08,15862.0,1772.0,46.19,2.53,6.79,18478.0,1998.0,53.81,2.54,6.57,1584.0,515.0,4.61,1.43,19.76,967.0,420.0,2.82,1.19,26.4,964.0,294.0,2.81,0.81,18.54,763.0,243.0,2.22,0.67,19.36,967.0,311.0,2.82,0.86,19.55,6661.0,1072.0,19.4,2.49,9.78,4790.0,989.0,13.95,2.54,12.55,3521.0,670.0,10.25,1.68,11.57,1746.0,326.0,5.08,0.81,11.35,2519.0,1012.0,7.34,2.86,24.42,4109.0,739.0,11.97,1.81,10.93,3755.0,790.0,10.93,2.04,12.79,1994.0,843.0,5.81,2.39,25.7,3945.0,870.0,11.49,2.27,13.41,30395.0,2859.0,88.51,11.98,5.72,9858.0,1584.0,28.71,3.67,9.77,2327.0,571.0,6.78,1.53,14.92,26374.0,2939.0,76.8,4.17,6.77,672.0,249.0,1.96,0.7,22.52,27.0,38.0,0.08,0.11,85.56,4026.0,851.0,11.72,2.2,12.85,0.0,,0.0,,,914.0,795.0,2.66,2.3,52.88,2769.0,967.0,8.06,2.7,21.23,31571.0,3078.0,91.94,0.53,5.93,25146.0,2940.0,73.23,4.74,7.11,640.0,253.0,1.86,0.71,24.03,21.0,36.0,0.06,0.1,104.21,4026.0,851.0,11.72,2.2,12.85,0.0,,0.0,,,188.0,113.0,0.55,0.32,36.54,1550.0,534.0,4.51,1.49,20.94
10023,10023,10023,36881.0,1669.0,100,,2.75,6307.0,754.0,17.1,1.89,7.27,12185.0,1316.0,18.06,1.76,6.57,1108.0,401.0,9.09,3.14,22.0,554.0,274.0,4.55,2.19,30.07,4259.0,728.0,34.95,4.63,10.39,1667.0,467.0,13.68,3.54,17.03,4597.0,806.0,37.73,5.21,10.66,53645.0,2686.0,79.51,1.55,3.04,500.0,282.0,0.93,0.52,34.29,644.0,276.0,1.2,0.51,26.05,3074.0,696.0,5.73,1.27,13.76,45218.0,2675.0,84.29,2.66,3.6,57498.0,2735.0,85.22,0.99,2.89,1130.0,332.0,1.97,0.57,17.86,67441.0,3114.0,99.96,0.18,2.81,6013.0,701.0,8.92,0.95,7.09,9970.0,1101.0,14.78,1.48,6.71,113.0,119.0,1.13,1.19,64.02,43138.0,2145.0,63.94,1.19,3.02,2536.0,559.0,5.88,1.26,13.4,14333.0,1583.0,21.24,2.13,6.71,3364.0,556.0,23.47,2.89,10.05,66739.0,3134.0,98.92,0.86,2.85,55482.0,3119.0,83.13,2.57,3.42,9921.0,1459.0,14.87,2.07,8.94,1336.0,629.0,2.0,0.94,28.62,67468.0,3113.0,100,,2.8,49565.0,2801.0,73.46,2.4,3.44,47396.0,2828.0,70.25,2.66,3.63,2169.0,576.0,3.21,0.84,16.14,17903.0,2094.0,26.54,2.85,7.11,8974.0,907.0,50.13,7.75,6.14,8929.0,1695.0,49.87,7.46,11.54,5602.0,1060.0,31.29,4.65,11.5,7549.0,1647.0,42.17,7.77,13.26,978.0,524.0,5.46,2.86,32.57,390.0,255.0,2.18,1.4,39.75,2600.0,609.0,14.52,2.95,14.24,784.0,264.0,4.38,1.38,20.47,64294.0,3077.0,95.3,1.21,2.91,45292.0,2978.0,70.45,3.18,4.0,3755.0,846.0,5.84,1.29,13.7,4693.0,956.0,7.3,1.45,12.38,35451.0,1685.0,96.12,1.4,2.89,34779.0,1697.0,94.3,1.72,2.97,58362.0,2784.0,86.5,1.05,2.9,40146.0,2377.0,68.79,2.41,3.6,38208.0,2223.0,65.47,2.18,3.54,1938.0,585.0,3.32,0.99,18.35,0.0,,0.0,,,18216.0,1410.0,31.21,1.9,4.71,,,4.83,1.43,18.35,37643.0,2243.0,55.79,2.1,3.62,1459.0,394.0,3.88,1.02,16.42,664.0,233.0,1.76,0.61,21.33,15216.0,1317.0,40.42,2.54,5.26,5719.0,893.0,15.19,2.19,9.49,11520.0,1212.0,30.6,2.65,6.4,38208.0,2223.0,56.63,2.01,3.54,256.0,375.0,0.67,0.98,89.05,275.0,153.0,0.72,0.4,33.82,1126.0,392.0,2.95,1.01,21.16,633.0,216.0,1.66,0.56,20.74,1916.0,489.0,5.01,1.25,15.51,490.0,157.0,1.28,0.4,19.48,2436.0,526.0,6.38,1.33,13.13,7286.0,848.0,19.07,1.92,7.08,10277.0,1236.0,26.9,2.83,7.31,8165.0,1082.0,21.37,2.54,8.06,2999.0,674.0,7.85,1.7,13.66,1665.0,511.0,4.36,1.31,18.66,684.0,316.0,1.79,0.82,28.08,1769.0,455.0,4.8,1.21,15.64,1118.0,449.0,3.03,1.21,24.41,1369.0,399.0,3.71,1.07,17.72,1229.0,350.0,3.33,0.94,17.31,1536.0,367.0,4.16,0.98,14.52,3936.0,634.0,10.67,1.65,9.79,2941.0,567.0,7.97,1.49,11.72,4188.0,689.0,11.36,1.8,10.0,3824.0,775.0,10.37,2.05,12.32,14971.0,1268.0,40.59,2.91,5.15,28911.0,1647.0,78.39,2.71,3.46,10139.0,1006.0,27.49,2.43,6.03,8286.0,1113.0,22.47,2.84,8.17,660.0,212.0,1.79,0.57,19.53,551.0,247.0,1.49,0.67,27.25,1956.0,411.0,5.3,1.09,12.77,65459.0,3092.0,97.06,0.97,2.87,56068.0,3022.0,83.14,2.31,3.28,18748.0,1806.0,27.8,2.35,5.86,1982.0,588.0,2.94,0.86,18.03,30977.0,2017.0,45.91,2.11,3.96,36491.0,1961.0,54.09,1.49,3.27,3174.0,647.0,4.7,0.93,12.39,2732.0,615.0,4.05,0.89,13.68,2836.0,643.0,4.2,0.93,13.78,2922.0,548.0,4.33,0.79,11.4,2159.0,384.0,3.2,0.55,10.81,10122.0,1135.0,15.0,1.53,6.82,10964.0,1367.0,16.25,1.88,7.58,8439.0,955.0,12.51,1.29,6.88,5423.0,1126.0,8.04,1.63,12.62,4337.0,646.0,6.43,0.91,9.05,7655.0,1419.0,11.35,2.04,11.27,4829.0,753.0,7.16,1.07,9.48,1876.0,438.0,2.78,0.64,14.19,9970.0,1101.0,14.78,1.48,6.71,57498.0,2735.0,85.22,0.99,2.89,14360.0,1583.0,21.28,2.13,6.7,4987.0,928.0,7.39,1.33,11.31,45595.0,2960.0,67.58,3.09,3.95,3139.0,886.0,4.65,1.3,17.16,99.0,101.0,0.15,0.15,62.02,10948.0,1739.0,16.23,2.47,9.66,0.0,,0.0,,,2700.0,800.0,4.0,1.17,18.01,6656.0,1066.0,9.87,1.51,9.74,60812.0,3089.0,90.13,1.91,3.09,44126.0,2905.0,65.4,3.07,4.0,2773.0,716.0,4.11,1.04,15.7,8.0,17.0,0.01,0.03,129.18,10924.0,1737.0,16.19,2.46,9.67,0.0,,0.0,,,710.0,376.0,1.05,0.56,32.19,2271.0,646.0,3.37,0.94,17.29
10024,10024,10024,29447.0,1909.0,100,,3.94,6688.0,994.0,22.71,3.04,9.03,10147.0,1517.0,16.22,2.14,9.09,1084.0,400.0,10.68,3.6,22.43,431.0,207.0,4.25,1.94,29.2,4498.0,1183.0,44.33,9.59,15.99,1485.0,431.0,14.63,3.64,17.64,2649.0,523.0,26.11,3.37,12.0,50060.0,3390.0,80.0,7.84,4.12,1157.0,550.0,2.31,1.09,28.9,438.0,226.0,0.87,0.45,31.37,2351.0,604.0,4.7,1.16,15.62,42156.0,3062.0,84.21,2.21,4.42,52113.0,3576.0,83.28,8.21,4.17,1542.0,514.0,2.96,0.97,20.26,61871.0,4426.0,98.87,1.01,4.35,5476.0,756.0,8.85,1.05,8.39,10463.0,1542.0,16.72,2.16,8.96,587.0,273.0,5.61,2.47,28.27,38430.0,3315.0,61.41,3.03,5.24,1679.0,455.0,4.37,1.12,16.47,12978.0,1227.0,20.74,1.3,5.75,3210.0,652.0,24.73,4.45,12.35,61532.0,4264.0,98.33,9.74,4.21,51308.0,3986.0,83.38,2.93,4.72,9274.0,1710.0,15.07,2.58,11.21,950.0,469.0,1.54,0.75,30.01,62576.0,4431.0,100,,4.3,50707.0,3893.0,81.03,2.4,4.67,49782.0,3893.0,79.55,2.64,4.75,925.0,329.0,1.48,0.52,21.62,11869.0,2075.0,18.97,3.03,10.63,5504.0,1270.0,46.37,6.98,14.03,6365.0,1299.0,53.63,5.65,12.41,5065.0,1469.0,42.67,9.88,17.63,2127.0,489.0,17.92,2.68,13.98,498.0,256.0,4.2,2.03,31.25,852.0,432.0,7.18,3.42,30.82,2779.0,1229.0,23.41,9.51,26.88,548.0,214.0,4.62,1.61,23.74,58646.0,4138.0,93.72,9.37,4.29,46090.0,3423.0,78.59,1.82,4.51,2866.0,857.0,4.89,1.42,18.18,4663.0,1727.0,7.95,2.89,22.51,28679.0,1841.0,97.39,8.89,3.9,28086.0,1804.0,95.38,8.7,3.9,52687.0,3579.0,84.2,8.26,4.13,35738.0,3336.0,67.83,4.34,5.67,34743.0,3267.0,65.94,4.29,5.72,995.0,338.0,1.89,0.63,20.65,0.0,,0.0,,,16949.0,1303.0,32.17,1.16,4.67,,,2.78,0.91,20.65,34216.0,3233.0,54.68,3.42,5.74,3004.0,803.0,8.78,2.2,16.25,271.0,152.0,0.79,0.44,34.1,15209.0,1626.0,44.45,2.22,6.5,2709.0,580.0,7.92,1.52,13.02,10428.0,2142.0,30.48,5.56,12.49,34743.0,3267.0,55.52,3.44,5.72,0.0,,0.0,,,376.0,211.0,1.08,0.6,34.11,1083.0,353.0,3.12,0.97,19.81,469.0,189.0,1.35,0.53,24.5,1942.0,586.0,5.59,1.6,18.34,368.0,175.0,1.06,0.49,28.91,2004.0,636.0,5.77,1.75,19.29,5907.0,889.0,17.0,2.0,9.15,9393.0,1666.0,27.04,4.07,10.78,7215.0,1364.0,20.77,3.41,11.49,2866.0,776.0,8.25,2.09,16.46,933.0,310.0,2.69,0.86,20.2,2187.0,1077.0,6.29,3.04,29.94,1112.0,471.0,3.78,1.58,25.75,655.0,279.0,2.22,0.94,25.89,736.0,272.0,2.5,0.91,22.47,956.0,252.0,3.25,0.83,16.02,1005.0,422.0,3.41,1.42,25.53,2189.0,741.0,7.43,2.47,20.58,1854.0,435.0,6.3,1.42,14.26,4325.0,865.0,14.69,2.78,12.16,3185.0,794.0,10.82,2.6,15.15,13430.0,1366.0,45.61,3.57,6.18,23652.0,1761.0,80.32,2.94,4.53,8619.0,966.0,29.27,2.68,6.81,6516.0,821.0,22.13,2.39,7.66,568.0,261.0,1.93,0.88,27.93,645.0,236.0,2.19,0.79,22.24,755.0,270.0,2.56,0.9,21.74,60681.0,4377.0,98.08,0.91,4.38,51502.0,3934.0,83.24,2.23,4.64,17116.0,1672.0,27.66,1.84,5.94,1190.0,465.0,1.92,0.74,23.75,29396.0,2404.0,46.98,1.92,4.97,33180.0,2599.0,53.02,1.78,4.76,3930.0,893.0,6.28,1.36,13.81,2527.0,596.0,4.04,0.91,14.34,2882.0,981.0,4.61,1.53,20.69,1514.0,440.0,2.42,0.68,17.67,1663.0,488.0,2.66,0.76,17.84,10424.0,2039.0,16.66,3.04,11.89,8473.0,1306.0,13.54,1.85,9.37,9110.0,1392.0,14.56,1.97,9.29,4063.0,885.0,6.49,1.34,13.24,4367.0,749.0,6.98,1.09,10.43,7131.0,941.0,11.4,1.27,8.02,4136.0,776.0,6.61,1.15,11.41,2356.0,644.0,3.77,0.99,16.62,10463.0,1542.0,16.72,2.16,8.96,52113.0,3576.0,83.28,8.21,4.17,13623.0,1234.0,21.77,1.23,5.51,3601.0,989.0,5.75,1.53,16.7,50685.0,3720.0,81.0,1.56,4.46,1883.0,445.0,3.01,0.68,14.37,51.0,45.0,0.08,0.07,53.64,2973.0,620.0,4.75,0.93,12.68,0.0,,0.0,,,3383.0,1592.0,5.41,2.52,28.61,5600.0,1713.0,8.95,2.66,18.6,56976.0,4021.0,91.05,9.1,4.29,49705.0,3688.0,79.43,1.76,4.51,1868.0,443.0,2.99,0.68,14.42,30.0,34.0,0.05,0.05,68.9,2973.0,620.0,4.75,0.93,12.68,0.0,,0.0,,,292.0,118.0,0.47,0.19,24.57,2108.0,746.0,3.37,1.17,21.51
10025,10025,10025,41029.0,1381.0,100,,2.05,7502.0,931.0,18.28,2.18,7.54,23375.0,2110.0,25.07,1.98,5.49,1367.0,822.0,5.85,3.48,36.55,913.0,347.0,3.91,1.44,23.1,4882.0,910.0,20.89,3.41,11.33,3335.0,886.0,14.27,3.56,16.15,12878.0,1463.0,55.09,3.8,6.91,70984.0,2596.0,76.14,4.34,2.22,2701.0,656.0,3.81,0.91,14.76,2900.0,688.0,4.09,0.96,14.42,6926.0,994.0,9.76,1.35,8.72,48829.0,2532.0,68.79,2.53,3.15,80334.0,3257.0,86.17,5.14,2.46,1983.0,542.0,2.47,0.67,16.62,92217.0,4064.0,98.92,0.5,2.68,10233.0,1337.0,11.1,1.36,7.94,12776.0,1838.0,13.7,1.88,8.75,273.0,210.0,2.14,1.61,46.76,59594.0,3165.0,63.93,1.92,3.23,3922.0,708.0,6.58,1.14,10.97,19847.0,1518.0,21.29,1.34,4.65,6038.0,1035.0,30.42,4.67,10.42,92100.0,4123.0,98.8,0.92,2.72,76545.0,4264.0,83.11,2.76,3.39,12736.0,1106.0,13.83,1.03,5.28,2819.0,763.0,3.06,0.82,16.45,93223.0,4081.0,100,,2.66,71249.0,3728.0,76.43,2.19,3.18,67783.0,3746.0,72.71,2.45,3.36,3466.0,622.0,3.72,0.65,10.91,21974.0,2052.0,23.57,1.94,5.68,10842.0,1449.0,49.34,4.72,8.12,11132.0,1487.0,50.66,4.84,8.12,4299.0,825.0,19.56,3.28,11.67,7639.0,1183.0,34.76,4.29,9.41,871.0,433.0,3.96,1.94,30.22,407.0,238.0,1.85,1.07,35.55,8010.0,1519.0,36.45,6.02,11.53,748.0,547.0,3.4,2.47,44.45,89485.0,3757.0,95.99,5.82,2.55,57350.0,2966.0,64.09,1.94,3.14,8854.0,1337.0,9.89,1.44,9.18,15797.0,2315.0,17.65,2.48,8.91,38679.0,1464.0,94.27,1.63,2.3,37423.0,1561.0,91.21,2.25,2.54,81963.0,3348.0,87.92,5.26,2.48,51496.0,2986.0,62.83,2.59,3.52,47779.0,2908.0,58.29,2.63,3.7,3620.0,679.0,4.42,0.81,11.4,97.0,120.0,0.12,0.15,75.2,30467.0,1959.0,37.17,1.85,3.91,,,7.03,1.25,11.4,46879.0,2959.0,50.29,2.29,3.84,1761.0,475.0,3.76,0.99,16.4,701.0,409.0,1.5,0.87,35.47,23558.0,1856.0,50.25,2.37,4.79,6411.0,827.0,13.68,1.54,7.84,12177.0,1959.0,25.98,3.84,9.78,47779.0,2908.0,51.25,2.17,3.7,0.0,,0.0,,,814.0,281.0,1.7,0.58,20.99,1246.0,554.0,2.61,1.15,27.03,695.0,275.0,1.45,0.57,24.05,2046.0,474.0,4.28,0.96,14.08,1559.0,559.0,3.26,1.15,21.8,2583.0,555.0,5.41,1.11,13.06,5352.0,948.0,11.2,1.86,10.77,9090.0,1094.0,19.03,1.98,7.32,15937.0,1993.0,33.36,3.64,7.6,4191.0,957.0,8.77,1.93,13.88,2154.0,757.0,4.51,1.56,21.36,2112.0,626.0,4.42,1.28,18.02,3422.0,675.0,8.34,1.62,11.99,1689.0,468.0,4.12,1.13,16.84,2329.0,517.0,5.68,1.25,13.49,2010.0,746.0,4.9,1.81,22.56,2021.0,452.0,4.93,1.09,13.6,3357.0,613.0,8.18,1.47,11.1,4062.0,578.0,9.9,1.37,8.65,6340.0,893.0,15.45,2.11,8.56,3271.0,594.0,7.97,1.42,11.04,12528.0,1056.0,30.53,2.36,5.12,30874.0,1489.0,75.25,2.6,2.93,13158.0,1178.0,32.07,2.66,5.44,10422.0,1113.0,25.4,2.57,6.49,1993.0,495.0,4.86,1.2,15.1,1533.0,467.0,3.74,1.13,18.52,4404.0,759.0,10.73,1.81,10.48,88924.0,3959.0,96.43,0.61,2.71,70061.0,3964.0,75.97,2.7,3.44,30872.0,2159.0,33.48,1.82,4.25,3293.0,840.0,3.57,0.9,15.51,43590.0,2781.0,46.76,2.17,3.88,49633.0,2792.0,53.24,1.88,3.42,3738.0,1017.0,4.01,1.08,16.54,3433.0,669.0,3.68,0.7,11.85,3039.0,741.0,3.26,0.78,14.82,4567.0,918.0,4.9,0.96,12.22,7462.0,1018.0,8.0,1.03,8.29,17532.0,1677.0,18.81,1.6,5.81,11483.0,1650.0,12.32,1.69,8.73,10182.0,1376.0,10.92,1.4,8.22,5341.0,743.0,5.73,0.76,8.46,5788.0,916.0,6.21,0.94,9.62,10631.0,1073.0,11.4,1.04,6.14,7188.0,907.0,7.71,0.91,7.67,2839.0,660.0,3.05,0.7,14.13,12792.0,1838.0,13.72,1.88,8.73,80431.0,3277.0,86.28,5.16,2.48,20658.0,1512.0,22.16,1.3,4.45,10847.0,1833.0,11.64,1.9,10.27,53927.0,3471.0,57.85,2.73,3.91,9864.0,1285.0,10.58,1.3,7.92,111.0,77.0,0.12,0.08,42.17,9406.0,1313.0,10.09,1.34,8.49,0.0,,0.0,,,9068.0,1654.0,9.73,1.72,11.09,20965.0,2594.0,22.49,2.6,7.52,72258.0,3667.0,77.51,1.99,3.09,49932.0,3382.0,53.56,2.77,4.12,8894.0,1225.0,9.54,1.25,8.37,65.0,55.0,0.07,0.06,51.44,9381.0,1313.0,10.06,1.34,8.51,0.0,,0.0,,,346.0,218.0,0.37,0.23,38.3,3640.0,867.0,3.9,0.91,14.48
10027,10027,"10027, 10115",24509.0,1021.0,100,,2.53,5766.0,573.0,23.53,2.12,6.04,22163.0,1518.0,34.06,1.75,4.16,616.0,250.0,2.78,1.11,24.67,756.0,357.0,3.41,1.59,28.71,5366.0,703.0,24.21,2.7,7.96,2241.0,442.0,10.11,1.87,11.99,13184.0,1062.0,59.49,2.52,4.9,42572.0,2059.0,65.43,1.1,2.94,2466.0,487.0,5.79,1.11,12.01,3223.0,596.0,7.57,1.35,11.24,7836.0,1024.0,18.41,2.23,7.94,22062.0,1766.0,51.82,3.31,4.87,53440.0,2233.0,82.13,5.07,2.54,787.0,274.0,1.47,0.51,21.16,64956.0,2951.0,99.83,0.24,2.76,7186.0,699.0,11.06,0.95,5.91,11616.0,1307.0,17.85,1.84,6.84,435.0,209.0,3.74,1.75,29.21,46139.0,2129.0,70.91,0.6,2.81,3776.0,591.0,8.18,1.22,9.51,7201.0,629.0,11.07,0.83,5.31,2975.0,402.0,41.31,4.26,8.21,64339.0,2894.0,98.88,6.32,2.73,50289.0,2722.0,78.16,2.35,3.29,11605.0,1231.0,18.04,1.73,6.45,2445.0,525.0,3.8,0.8,13.05,65068.0,2952.0,100,,2.76,48477.0,2526.0,74.5,1.91,3.17,46756.0,2451.0,71.86,1.89,3.19,1721.0,407.0,2.64,0.61,14.38,16591.0,1508.0,25.5,2.01,5.53,6731.0,901.0,40.57,3.99,8.14,9860.0,1112.0,59.43,3.97,6.86,2502.0,638.0,15.08,3.59,15.5,5195.0,749.0,31.31,3.5,8.76,2413.0,659.0,14.54,3.75,16.6,119.0,63.0,0.72,0.37,32.18,5900.0,770.0,35.56,3.33,7.93,462.0,260.0,2.78,1.55,34.21,61555.0,2659.0,94.6,5.93,2.63,37683.0,2156.0,61.22,2.3,3.48,7083.0,880.0,11.51,1.34,7.55,11285.0,1395.0,18.33,2.12,7.51,22551.0,997.0,92.01,1.36,2.69,21323.0,1009.0,87.0,1.95,2.88,54307.0,2258.0,83.46,5.14,2.53,34326.0,2029.0,63.21,2.66,3.59,30772.0,1922.0,56.66,2.64,3.8,3554.0,697.0,6.54,1.25,11.92,0.0,,0.0,,,19981.0,1177.0,36.79,1.54,3.58,,,10.35,1.94,11.92,30344.0,1930.0,46.63,2.08,3.87,1738.0,536.0,5.73,1.73,18.75,171.0,125.0,0.56,0.41,44.44,14555.0,1345.0,47.97,3.22,5.62,5802.0,666.0,19.12,1.83,6.98,6871.0,810.0,22.64,2.25,7.17,30772.0,1922.0,47.29,2.03,3.8,0.0,,0.0,,,656.0,233.0,2.13,0.75,21.59,775.0,259.0,2.52,0.83,20.32,168.0,119.0,0.55,0.39,43.06,2151.0,449.0,6.99,1.39,12.69,685.0,254.0,2.23,0.81,22.54,1805.0,503.0,5.87,1.59,16.94,1894.0,414.0,6.15,1.29,13.29,4256.0,608.0,13.83,1.78,8.68,11846.0,1057.0,38.5,2.45,5.42,3007.0,506.0,9.77,1.53,10.23,2258.0,573.0,7.34,1.8,15.43,1271.0,354.0,4.13,1.12,16.93,2913.0,564.0,11.89,2.25,11.77,1651.0,339.0,6.74,1.35,12.48,2429.0,491.0,9.91,1.96,12.29,1318.0,392.0,5.38,1.58,18.08,1866.0,454.0,7.61,1.83,14.79,3187.0,570.0,13.0,2.26,10.87,2389.0,441.0,9.75,1.75,11.22,2736.0,442.0,11.16,1.74,9.82,2033.0,584.0,8.29,2.36,17.46,3987.0,620.0,16.27,2.44,9.45,18060.0,961.0,73.69,2.44,3.23,5628.0,512.0,22.96,1.86,5.53,3481.0,463.0,14.2,1.79,8.09,1865.0,361.0,7.61,1.44,11.77,1378.0,334.0,5.62,1.34,14.73,4850.0,668.0,19.79,2.6,8.37,61922.0,2836.0,95.33,0.55,2.78,40967.0,2438.0,63.07,2.42,3.62,25548.0,1941.0,39.33,2.4,4.62,3034.0,564.0,4.67,0.84,11.3,31553.0,1966.0,48.49,2.07,3.79,33515.0,1765.0,51.51,1.38,3.2,3513.0,652.0,5.4,0.97,11.28,3052.0,727.0,4.69,1.1,14.48,3566.0,560.0,5.48,0.82,9.55,5570.0,585.0,8.56,0.81,6.38,6795.0,668.0,10.44,0.91,5.98,12581.0,1286.0,19.34,1.77,6.21,8853.0,951.0,13.61,1.32,6.53,7400.0,895.0,11.37,1.28,7.35,3540.0,487.0,5.44,0.71,8.36,2928.0,484.0,4.5,0.72,10.05,4208.0,607.0,6.47,0.89,8.77,2183.0,363.0,3.35,0.54,10.11,879.0,260.0,1.35,0.39,17.98,11628.0,1307.0,17.87,1.84,6.83,53440.0,2233.0,82.13,5.07,2.54,7270.0,633.0,11.17,0.83,5.29,5586.0,1004.0,8.58,1.49,10.93,19634.0,1766.0,30.17,2.34,5.47,23503.0,2136.0,36.12,2.84,5.52,375.0,157.0,0.58,0.24,25.45,6669.0,725.0,10.25,1.01,6.61,48.0,47.0,0.07,0.07,59.52,9253.0,1494.0,14.22,2.2,9.82,15470.0,1570.0,23.78,2.16,6.17,49598.0,2721.0,76.22,2.35,3.34,17622.0,1630.0,27.08,2.18,5.62,21729.0,2119.0,33.39,2.88,5.93,164.0,100.0,0.25,0.15,37.07,6647.0,727.0,10.22,1.02,6.65,15.0,25.0,0.02,0.04,101.32,907.0,427.0,1.39,0.65,28.62,2514.0,664.0,3.86,1.01,16.06
10028,10028,10028,24901.0,1656.0,100,,4.04,4086.0,730.0,16.41,2.72,10.86,7523.0,1243.0,16.47,2.39,10.04,929.0,427.0,12.35,5.3,27.94,475.0,251.0,6.31,3.17,32.12,2973.0,614.0,39.52,4.9,12.55,1098.0,285.0,14.6,2.92,15.78,2048.0,707.0,27.22,8.25,20.99,37523.0,2941.0,82.14,9.16,4.76,484.0,273.0,1.29,0.72,34.29,113.0,100.0,0.3,0.27,53.8,1789.0,564.0,4.77,1.46,19.16,31235.0,2270.0,83.24,8.9,4.42,39406.0,2996.0,86.27,9.48,4.62,1096.0,299.0,2.78,0.73,16.58,45665.0,3621.0,99.97,0.2,4.82,3108.0,684.0,6.81,1.4,13.38,6259.0,1068.0,13.7,2.07,10.37,67.0,64.0,1.07,1.01,58.07,28789.0,2454.0,63.02,1.98,5.18,1195.0,375.0,4.15,1.25,19.08,10617.0,1117.0,23.24,1.61,6.4,1846.0,492.0,17.39,4.26,16.2,45351.0,3610.0,99.28,0.72,4.84,38971.0,3541.0,85.93,3.76,5.52,6094.0,1063.0,13.44,2.09,10.6,286.0,182.0,0.63,0.4,38.68,45679.0,3621.0,100,,4.82,38167.0,3389.0,83.55,3.34,5.4,37559.0,3340.0,82.22,3.31,5.41,608.0,303.0,1.33,0.65,30.3,7512.0,1144.0,16.45,2.14,9.26,4451.0,833.0,59.25,6.45,11.38,3061.0,627.0,40.75,5.58,12.45,3025.0,687.0,40.27,6.78,13.81,2447.0,535.0,32.57,5.11,13.29,233.0,162.0,3.1,2.1,42.27,140.0,103.0,1.86,1.34,44.72,1335.0,475.0,17.77,5.71,21.63,332.0,180.0,4.42,2.3,32.96,43939.0,3350.0,96.19,10.58,4.63,35636.0,3181.0,81.1,3.77,5.43,1514.0,459.0,3.45,1.01,18.43,1656.0,517.0,3.77,1.14,18.98,24542.0,1589.0,98.56,9.15,3.94,24103.0,1570.0,96.8,9.01,3.96,39876.0,3033.0,87.3,9.59,4.62,28585.0,2569.0,71.68,3.43,5.46,27206.0,2551.0,68.23,3.74,5.7,1379.0,554.0,3.46,1.36,24.42,0.0,,0.0,,,11291.0,1360.0,28.32,2.64,7.32,,,4.82,1.89,24.42,27032.0,2562.0,59.18,3.07,5.76,1454.0,316.0,5.38,1.05,13.21,410.0,219.0,1.52,0.8,32.47,10703.0,1150.0,39.59,2.0,6.53,5036.0,1058.0,18.63,3.49,12.77,7797.0,1767.0,28.84,5.94,13.78,27206.0,2551.0,59.56,2.98,5.7,0.0,,0.0,,,623.0,622.0,2.29,2.28,60.69,680.0,247.0,2.5,0.88,22.08,628.0,256.0,2.31,0.92,24.78,2278.0,848.0,8.37,3.02,22.63,223.0,146.0,0.82,0.53,39.8,1089.0,327.0,4.0,1.14,18.25,5001.0,894.0,18.38,2.8,10.87,7406.0,1080.0,27.22,3.04,8.86,6529.0,991.0,24.0,2.86,9.23,1209.0,383.0,4.44,1.34,19.26,1017.0,330.0,3.74,1.16,19.73,523.0,211.0,1.92,0.75,24.53,881.0,276.0,3.54,1.08,19.04,449.0,372.0,1.8,1.49,50.37,758.0,299.0,3.04,1.18,23.98,802.0,375.0,3.22,1.49,28.42,803.0,458.0,3.22,1.83,34.67,2034.0,396.0,8.17,1.49,11.84,2289.0,547.0,9.19,2.11,14.53,3543.0,787.0,14.23,3.02,13.5,2289.0,431.0,9.19,1.62,11.45,11053.0,1261.0,44.39,4.11,6.94,19708.0,1468.0,79.15,2.66,4.53,7352.0,887.0,29.52,2.97,7.33,5987.0,1041.0,24.04,3.86,10.57,305.0,176.0,1.22,0.7,35.08,274.0,149.0,1.1,0.59,33.06,887.0,419.0,3.56,1.67,28.72,44812.0,3655.0,98.13,1.87,4.96,40525.0,3601.0,88.74,3.56,5.4,10981.0,1180.0,24.05,1.74,6.53,853.0,338.0,1.87,0.73,24.09,20442.0,2267.0,44.75,3.47,6.74,25237.0,2040.0,55.25,0.87,4.91,1740.0,555.0,3.81,1.18,19.39,2022.0,602.0,4.43,1.27,18.1,1773.0,404.0,3.88,0.83,13.85,1239.0,351.0,2.71,0.74,17.22,1382.0,468.0,3.03,1.0,20.59,8782.0,1247.0,19.23,2.26,8.63,7128.0,1483.0,15.6,3.0,12.65,4808.0,829.0,10.53,1.61,10.48,2797.0,770.0,6.12,1.61,16.74,3391.0,745.0,7.42,1.52,13.36,5723.0,798.0,12.53,1.44,8.48,3060.0,566.0,6.7,1.12,11.24,1834.0,692.0,4.01,1.48,22.94,6273.0,1069.0,13.73,2.07,10.36,39406.0,2996.0,86.27,9.48,4.62,10617.0,1117.0,23.24,1.61,6.4,2477.0,602.0,5.42,1.25,14.77,38602.0,3517.0,84.51,3.8,5.54,744.0,355.0,1.63,0.77,29.01,9.0,15.0,0.02,0.03,101.32,3177.0,710.0,6.96,1.45,13.59,0.0,,0.0,,,670.0,356.0,1.47,0.77,32.3,2780.0,728.0,6.09,1.52,15.92,42899.0,3610.0,93.91,2.65,5.12,37365.0,3548.0,81.8,4.28,5.77,722.0,357.0,1.58,0.77,30.06,0.0,,0.0,,,3177.0,710.0,6.96,1.45,13.59,0.0,,0.0,,,272.0,203.0,0.6,0.44,45.37,1363.0,433.0,2.98,0.92,19.31
10029,10029,10029,33098.0,1601.0,100,,2.94,7748.0,826.0,23.41,2.22,6.48,17461.0,1220.0,23.33,1.2,4.25,1235.0,393.0,7.07,2.2,19.34,497.0,216.0,2.85,1.22,26.42,5831.0,799.0,33.39,3.94,8.33,3491.0,596.0,19.99,3.11,10.38,6407.0,892.0,36.69,4.42,8.46,54112.0,2856.0,72.3,1.66,3.21,6863.0,1381.0,12.68,2.46,12.23,4874.0,741.0,9.01,1.28,9.24,12767.0,1408.0,23.59,2.28,6.7,19293.0,1763.0,35.65,2.66,5.56,60755.0,3034.0,81.17,1.25,3.04,770.0,220.0,1.27,0.36,17.37,74078.0,3555.0,98.97,0.68,2.92,12666.0,1243.0,17.1,1.46,5.97,14090.0,1359.0,18.82,1.58,5.86,1652.0,380.0,11.72,2.45,13.98,47841.0,2499.0,63.92,1.39,3.18,6150.0,802.0,12.86,1.54,7.93,12147.0,1577.0,16.23,1.96,7.89,4864.0,694.0,40.04,2.37,8.67,74243.0,3488.0,99.19,6.63,2.86,66156.0,3210.0,89.11,1.08,2.95,7424.0,981.0,10.0,1.24,8.03,663.0,258.0,0.89,0.34,23.66,74848.0,3555.0,100,,2.89,55273.0,2854.0,73.85,1.5,3.14,49680.0,2577.0,66.37,1.38,3.15,5593.0,1031.0,7.47,1.33,11.21,19575.0,2298.0,26.15,2.81,7.14,11109.0,1719.0,56.75,5.72,9.41,8466.0,1294.0,43.25,4.23,9.29,1503.0,324.0,7.68,1.39,13.1,6673.0,1501.0,34.09,6.54,13.67,1406.0,506.0,7.18,2.44,21.88,162.0,136.0,0.83,0.69,51.03,9601.0,1730.0,49.05,6.7,10.95,167.0,121.0,0.85,0.61,44.05,70626.0,3229.0,94.36,6.22,2.78,35406.0,2042.0,50.13,1.76,3.51,14845.0,1948.0,21.02,2.59,7.98,23438.0,2310.0,33.19,2.9,5.99,28621.0,1426.0,86.47,1.03,3.03,25978.0,1398.0,78.49,1.85,3.27,62382.0,3053.0,83.34,0.98,2.98,34085.0,2137.0,54.64,2.14,3.81,30662.0,2042.0,49.15,2.22,4.05,3423.0,646.0,5.49,1.0,11.47,0.0,,0.0,,,28297.0,2552.0,45.36,3.44,5.48,,,10.04,1.79,11.47,29884.0,2000.0,39.93,1.88,4.07,1801.0,446.0,6.03,1.44,15.05,500.0,274.0,1.67,0.91,33.31,17777.0,1617.0,59.49,3.66,5.53,4351.0,633.0,14.56,1.88,8.84,4150.0,596.0,13.89,1.76,8.73,30662.0,2042.0,40.97,1.91,4.05,106.0,91.0,0.35,0.3,52.19,530.0,250.0,1.73,0.81,28.67,473.0,254.0,1.54,0.82,32.64,260.0,172.0,0.85,0.56,40.22,2773.0,498.0,9.04,1.51,10.92,1275.0,426.0,4.16,1.36,20.31,960.0,250.0,3.13,0.79,15.83,3001.0,848.0,9.79,2.69,17.18,4709.0,719.0,15.36,2.11,9.28,10211.0,1052.0,33.3,2.62,6.26,4076.0,727.0,13.29,2.2,10.84,1338.0,420.0,4.36,1.34,19.08,950.0,332.0,3.1,1.06,21.24,4662.0,998.0,14.09,2.94,13.01,4334.0,1104.0,13.09,3.27,15.49,3876.0,722.0,11.71,2.11,11.32,2809.0,547.0,8.49,1.6,11.84,3385.0,537.0,10.23,1.55,9.64,4618.0,696.0,13.95,1.99,9.16,2466.0,522.0,7.45,1.54,12.87,2307.0,394.0,6.97,1.14,10.38,1605.0,402.0,4.85,1.19,15.23,3036.0,431.0,9.17,1.22,8.63,21036.0,1117.0,63.56,1.39,3.23,9585.0,1242.0,28.96,3.48,7.88,4252.0,509.0,12.85,1.41,7.28,4199.0,681.0,12.69,1.96,9.86,3743.0,704.0,11.31,2.06,11.43,10154.0,1089.0,30.68,2.94,6.52,69624.0,3638.0,93.99,1.94,3.18,35477.0,3109.0,47.89,3.51,5.33,40447.0,3711.0,54.6,4.27,5.58,4454.0,820.0,6.01,1.07,11.19,32614.0,2123.0,43.57,1.94,3.96,42234.0,2530.0,56.43,2.06,3.64,4222.0,779.0,5.64,1.01,11.22,3342.0,582.0,4.47,0.75,10.59,4234.0,769.0,5.66,0.99,11.04,3955.0,577.0,5.28,0.73,8.87,4983.0,721.0,6.66,0.91,8.8,13120.0,1391.0,17.53,1.66,6.45,10626.0,1383.0,14.2,1.72,7.91,8823.0,1062.0,11.79,1.3,7.32,4653.0,725.0,6.22,0.92,9.47,4268.0,625.0,5.7,0.79,8.9,7067.0,1455.0,9.44,1.89,12.52,3908.0,626.0,5.22,0.8,9.74,1647.0,446.0,2.2,0.59,16.46,14093.0,1359.0,18.83,1.58,5.86,60755.0,3034.0,81.17,1.25,3.04,12622.0,1587.0,16.86,1.96,7.64,9188.0,1254.0,12.28,1.57,8.3,15835.0,1367.0,21.16,1.53,5.25,23634.0,2356.0,31.58,2.77,6.06,411.0,323.0,0.55,0.43,47.77,8940.0,1844.0,11.94,2.4,12.54,5.0,13.0,0.01,0.02,158.05,16835.0,2373.0,22.49,2.99,8.57,31403.0,2294.0,41.96,2.33,4.44,43445.0,2986.0,58.04,2.88,4.18,10493.0,1002.0,14.02,1.16,5.8,20782.0,2290.0,27.77,2.76,6.7,32.0,51.0,0.04,0.07,96.88,8883.0,1833.0,11.87,2.38,12.54,2.0,,0.0,,,1158.0,910.0,1.55,1.21,47.77,2095.0,529.0,2.8,0.69,15.35
10031,10031,10031,21991.0,894.0,100,,2.47,4721.0,673.0,21.47,2.93,8.67,11659.0,1423.0,19.33,2.11,7.42,686.0,271.0,5.88,2.21,24.01,442.0,255.0,3.79,2.14,35.07,3640.0,802.0,31.22,5.73,13.39,1818.0,399.0,15.59,2.84,13.34,5073.0,967.0,43.51,6.37,11.59,47341.0,2593.0,78.5,0.62,3.33,5248.0,787.0,11.09,1.55,9.12,4904.0,996.0,10.36,2.03,12.35,8392.0,1016.0,17.73,1.91,7.36,19334.0,1784.0,40.84,3.03,5.61,51143.0,2570.0,84.81,6.27,3.05,733.0,272.0,1.43,0.53,22.56,60270.0,3261.0,99.94,7.65,3.29,7844.0,918.0,13.01,1.35,7.11,9133.0,1295.0,15.14,1.98,8.62,405.0,184.0,4.43,1.91,27.62,42994.0,2567.0,71.29,1.79,3.63,3982.0,719.0,9.26,1.58,10.98,8143.0,868.0,13.5,1.24,6.48,3457.0,522.0,42.45,4.54,9.18,59518.0,3228.0,98.69,0.22,3.3,52842.0,3019.0,88.78,1.59,3.47,5722.0,989.0,9.61,1.58,10.51,954.0,620.0,1.6,1.04,39.51,60305.0,3268.0,100,,3.29,37687.0,3022.0,62.49,3.69,4.87,36005.0,2950.0,59.7,3.67,4.98,1682.0,474.0,2.79,0.77,17.13,22618.0,1551.0,37.51,1.58,4.17,12631.0,1068.0,55.84,2.76,5.14,9987.0,1322.0,44.16,5.0,8.05,1269.0,384.0,5.61,1.65,18.4,2045.0,772.0,9.04,3.36,22.95,1050.0,562.0,4.64,2.46,32.54,36.0,37.0,0.16,0.16,62.48,17976.0,1486.0,79.48,3.67,5.03,242.0,151.0,1.07,0.66,37.93,57645.0,3085.0,95.59,7.28,3.25,27280.0,2161.0,47.32,2.76,4.82,13950.0,1448.0,24.2,2.15,6.31,24846.0,2238.0,43.1,3.12,5.48,20463.0,903.0,93.05,1.6,2.68,20050.0,906.0,91.17,1.8,2.75,52233.0,2660.0,86.61,6.44,3.1,35468.0,2341.0,67.9,2.85,4.01,32171.0,2227.0,61.59,2.89,4.21,3279.0,748.0,6.28,1.4,13.87,18.0,30.0,0.03,0.06,101.32,16765.0,1785.0,32.1,3.0,6.47,,,9.24,2.02,13.87,31397.0,2217.0,52.06,2.36,4.29,1873.0,428.0,5.97,1.3,13.89,400.0,261.0,1.27,0.83,39.67,18912.0,1540.0,60.24,2.44,4.95,2006.0,550.0,6.39,1.69,16.67,7102.0,1348.0,22.62,3.99,11.54,32171.0,2227.0,53.35,2.3,4.21,43.0,59.0,0.13,0.18,83.41,1094.0,337.0,3.4,1.02,18.73,657.0,304.0,2.04,0.93,28.13,490.0,244.0,1.52,0.75,30.27,2693.0,606.0,8.37,1.79,13.68,1898.0,506.0,5.9,1.52,16.21,1332.0,445.0,4.14,1.35,20.31,2421.0,493.0,7.53,1.44,12.38,4450.0,874.0,13.83,2.54,11.94,9770.0,1234.0,30.37,3.21,7.68,4967.0,938.0,15.44,2.71,11.48,1793.0,418.0,5.57,1.24,14.17,563.0,221.0,1.75,0.68,23.86,1880.0,370.0,8.55,1.65,11.96,1448.0,365.0,6.58,1.64,15.32,1912.0,392.0,8.69,1.75,12.46,1642.0,495.0,7.47,2.23,18.33,2136.0,485.0,9.71,2.17,13.8,3068.0,496.0,13.95,2.18,9.83,2517.0,515.0,11.45,2.3,12.44,2893.0,526.0,13.16,2.33,11.05,2065.0,442.0,9.39,1.97,13.01,2430.0,457.0,11.05,2.03,11.43,17216.0,943.0,78.29,2.87,3.33,5527.0,685.0,25.13,2.94,7.53,2768.0,425.0,12.59,1.86,9.33,2130.0,537.0,9.69,2.41,15.33,1637.0,338.0,7.44,1.51,12.55,6137.0,813.0,27.91,3.52,8.05,55527.0,3343.0,92.13,2.43,3.66,32860.0,2855.0,54.52,3.71,5.28,26141.0,2166.0,43.37,2.72,5.04,4743.0,655.0,7.87,1.0,8.4,29794.0,2025.0,49.41,2.03,4.13,30511.0,2121.0,50.59,2.2,4.23,2660.0,632.0,4.41,1.02,14.44,3053.0,759.0,5.06,1.23,15.11,1884.0,465.0,3.12,0.75,15.0,2310.0,442.0,3.83,0.7,11.63,3057.0,621.0,5.07,0.99,12.35,14306.0,1606.0,23.72,2.33,6.82,10339.0,1250.0,17.14,1.85,7.35,6869.0,840.0,11.39,1.25,7.43,3282.0,567.0,5.44,0.89,10.5,4402.0,959.0,7.3,1.54,13.24,4944.0,665.0,8.2,1.01,8.18,2419.0,486.0,4.01,0.78,12.21,780.0,315.0,1.29,0.52,24.55,9144.0,1295.0,15.16,1.98,8.61,51161.0,2577.0,84.84,6.28,3.06,8143.0,868.0,13.5,1.24,6.48,12399.0,2396.0,20.56,3.81,11.75,12743.0,1343.0,21.13,1.91,6.41,17393.0,2453.0,28.84,3.76,8.57,351.0,314.0,0.58,0.52,54.38,2621.0,951.0,4.35,1.56,22.06,0.0,,0.0,,,14798.0,1885.0,24.54,2.83,7.74,29473.0,2511.0,48.87,3.21,5.18,30832.0,2611.0,51.13,3.33,5.15,10609.0,1205.0,17.59,1.76,6.9,14907.0,2273.0,24.72,3.52,9.27,0.0,,0.0,,,2606.0,951.0,4.32,1.56,22.18,0.0,,0.0,,,380.0,290.0,0.63,0.48,46.39,2330.0,683.0,3.86,1.11,17.82
10032,10032,10032,21359.0,1040.0,100,,2.96,3960.0,577.0,18.54,2.55,8.86,11966.0,1061.0,21.53,1.52,5.39,286.0,216.0,2.39,1.79,45.91,477.0,202.0,3.99,1.65,25.74,3480.0,535.0,29.08,3.65,9.35,1626.0,454.0,13.59,3.6,16.97,6097.0,705.0,50.95,3.78,7.03,42647.0,2406.0,76.73,1.32,3.43,6770.0,1113.0,15.87,2.45,9.99,3515.0,715.0,8.24,1.61,12.37,7393.0,1007.0,17.34,2.15,8.28,16964.0,1596.0,39.78,2.99,5.72,48240.0,2607.0,86.8,0.49,3.29,560.0,235.0,1.16,0.48,25.51,55351.0,2985.0,99.59,0.44,3.28,11930.0,1368.0,21.55,2.18,6.97,7339.0,920.0,13.2,1.5,7.62,480.0,244.0,6.54,3.22,30.9,37841.0,2391.0,68.09,2.26,3.84,6065.0,930.0,16.03,2.24,9.32,10171.0,967.0,18.3,1.44,5.78,5385.0,792.0,52.94,5.94,8.94,55226.0,2964.0,99.36,7.55,3.26,46867.0,2965.0,84.86,2.84,3.85,7451.0,1265.0,13.49,2.17,10.32,908.0,568.0,1.64,1.02,38.03,55579.0,2987.0,100,,3.27,30982.0,1753.0,55.74,0.99,3.44,29880.0,1739.0,53.76,1.2,3.54,1102.0,341.0,1.98,0.6,18.81,24597.0,2459.0,44.26,3.73,6.08,14356.0,1720.0,58.36,3.85,7.28,10241.0,1732.0,41.64,5.68,10.28,1071.0,399.0,4.35,1.56,22.65,2211.0,730.0,8.99,2.83,20.07,291.0,166.0,1.18,0.66,34.68,29.0,48.0,0.12,0.19,100.62,20922.0,2268.0,85.06,3.57,6.59,73.0,60.0,0.3,0.24,49.96,53853.0,2859.0,96.89,7.32,3.23,20208.0,1646.0,37.52,2.32,4.95,15558.0,1646.0,28.89,2.64,6.43,29243.0,2671.0,54.3,4.04,5.55,19484.0,1059.0,91.22,2.2,3.3,18357.0,958.0,85.95,1.61,3.17,49295.0,2770.0,88.69,1.46,3.42,30295.0,2226.0,61.46,2.91,4.47,26053.0,2028.0,52.85,2.85,4.73,4242.0,1067.0,8.61,2.11,15.29,0.0,,0.0,,,19000.0,1449.0,38.54,1.99,4.64,,,14.0,3.37,15.29,25024.0,1970.0,45.02,2.59,4.79,1357.0,480.0,5.42,1.87,21.5,487.0,537.0,1.95,2.14,67.03,14848.0,1322.0,59.34,2.47,5.41,3763.0,664.0,15.04,2.37,10.73,3455.0,887.0,13.81,3.37,15.61,26053.0,2028.0,46.88,2.64,4.73,0.0,,0.0,,,747.0,245.0,2.87,0.91,19.94,730.0,560.0,2.8,2.14,46.63,305.0,193.0,1.17,0.74,38.47,2886.0,628.0,11.08,2.25,13.23,1540.0,411.0,5.91,1.51,16.22,1204.0,355.0,4.62,1.31,17.92,1877.0,739.0,7.2,2.78,23.93,2797.0,562.0,10.74,1.99,12.21,8404.0,1002.0,32.26,2.91,7.25,3506.0,635.0,13.46,2.2,11.01,1405.0,349.0,5.39,1.27,15.1,652.0,265.0,2.5,1.0,24.71,1679.0,371.0,7.86,1.69,13.43,2097.0,516.0,9.82,2.37,14.96,1710.0,419.0,8.01,1.92,14.9,1600.0,385.0,7.49,1.77,14.63,2180.0,598.0,10.21,2.76,16.68,3773.0,672.0,17.66,3.03,10.83,2514.0,500.0,11.77,2.27,12.09,2928.0,514.0,13.71,2.31,10.67,1427.0,324.0,6.68,1.48,13.8,1451.0,390.0,6.79,1.8,16.34,15806.0,1095.0,74.0,3.65,4.21,6813.0,662.0,31.9,2.68,5.91,3347.0,546.0,15.67,2.44,9.92,3034.0,656.0,14.2,2.99,13.14,1742.0,355.0,8.16,1.61,12.39,6448.0,728.0,30.19,3.08,6.86,51341.0,3168.0,92.76,2.78,3.75,28804.0,2338.0,52.04,3.16,4.93,28120.0,2233.0,50.8,2.96,4.83,4010.0,881.0,7.24,1.54,13.36,26596.0,1658.0,47.85,1.51,3.79,28983.0,1993.0,52.15,2.24,4.18,1726.0,497.0,3.11,0.88,17.5,2049.0,513.0,3.69,0.9,15.22,2074.0,504.0,3.73,0.88,14.77,2439.0,572.0,4.39,1.0,14.26,4644.0,726.0,8.36,1.23,9.5,11203.0,1021.0,20.16,1.48,5.54,8228.0,1086.0,14.8,1.78,8.02,7001.0,1143.0,12.6,1.94,9.92,2911.0,550.0,5.24,0.95,11.49,3090.0,545.0,5.56,0.93,10.72,5680.0,827.0,10.22,1.38,8.85,2944.0,425.0,5.3,0.71,8.78,1590.0,432.0,2.86,0.76,16.52,7339.0,920.0,13.2,1.5,7.62,48240.0,2607.0,86.8,0.49,3.29,10214.0,970.0,18.38,1.44,5.77,7728.0,1414.0,13.9,2.43,11.12,12018.0,1414.0,21.62,2.26,7.15,9029.0,1039.0,16.25,1.65,7.0,268.0,225.0,0.48,0.4,51.04,2789.0,832.0,5.02,1.47,18.13,66.0,97.0,0.12,0.17,89.34,23681.0,2716.0,42.61,4.32,6.97,34688.0,2824.0,62.41,3.82,4.95,20891.0,1592.0,37.59,2.03,4.63,9200.0,1143.0,16.55,1.85,7.55,6710.0,886.0,12.07,1.46,8.03,11.0,17.0,0.02,0.03,93.95,2781.0,833.0,5.0,1.47,18.21,9.0,20.0,0.02,0.04,135.09,532.0,402.0,0.96,0.72,45.94,1648.0,571.0,2.97,1.01,21.06
10033,10033,10033,19747.0,966.0,100,,2.97,4646.0,535.0,23.53,2.45,7.0,11548.0,1316.0,21.54,2.03,6.93,562.0,195.0,4.87,1.59,21.09,541.0,367.0,4.68,3.13,41.24,3816.0,715.0,33.04,4.91,11.39,2183.0,469.0,18.9,3.44,13.06,4446.0,808.0,38.5,5.45,11.05,39698.0,2882.0,74.05,2.5,4.41,5498.0,960.0,13.85,2.2,10.61,3492.0,933.0,8.8,2.26,16.24,6085.0,967.0,15.33,2.17,9.66,16382.0,1402.0,41.27,1.87,5.2,44674.0,3047.0,83.33,1.9,4.15,520.0,266.0,1.16,0.59,31.1,53599.0,3446.0,99.98,9.09,3.91,7927.0,1022.0,14.79,1.65,7.84,8933.0,1226.0,16.66,2.02,8.34,297.0,159.0,3.32,1.72,32.54,37138.0,2902.0,69.27,3.08,4.75,4328.0,858.0,11.65,2.12,12.05,7528.0,749.0,14.04,1.07,6.05,3302.0,473.0,43.86,4.52,8.71,53089.0,3471.0,99.03,1.17,3.97,47113.0,3235.0,88.74,1.86,4.17,5705.0,1196.0,10.75,2.14,12.74,271.0,173.0,0.51,0.32,38.81,53611.0,3447.0,100,,3.91,31752.0,2481.0,59.23,2.63,4.75,30358.0,2426.0,56.63,2.69,4.86,1394.0,470.0,2.6,0.86,20.5,21859.0,2536.0,40.77,3.94,7.05,12499.0,1536.0,57.18,2.32,7.47,9360.0,1914.0,42.82,7.21,12.43,1707.0,408.0,7.81,1.63,14.53,1350.0,354.0,6.18,1.45,15.94,582.0,384.0,2.66,1.73,40.11,165.0,167.0,0.75,0.76,61.53,17902.0,2262.0,81.9,4.1,7.68,153.0,109.0,0.7,0.49,43.31,50869.0,3375.0,94.89,1.55,4.03,18295.0,1656.0,35.96,2.21,5.5,15395.0,2089.0,30.26,3.58,8.25,28470.0,2979.0,55.97,4.53,6.36,18182.0,957.0,92.07,1.79,3.2,17565.0,930.0,88.95,1.8,3.22,45636.0,3075.0,85.12,1.72,4.1,31397.0,2691.0,68.8,3.64,5.21,27812.0,2301.0,60.94,2.93,5.03,3585.0,926.0,7.86,1.96,15.7,0.0,,0.0,,,14239.0,1460.0,31.2,2.41,6.23,,,11.42,2.78,15.7,26678.0,2270.0,49.76,2.77,5.17,1815.0,427.0,6.8,1.49,14.3,1137.0,538.0,4.26,1.98,28.76,15442.0,2021.0,57.88,5.76,7.96,2905.0,546.0,10.89,1.82,11.43,4378.0,660.0,16.41,2.04,9.16,27812.0,2301.0,51.88,2.7,5.03,0.0,,0.0,,,966.0,326.0,3.47,1.14,20.52,562.0,227.0,2.02,0.8,24.55,348.0,209.0,1.25,0.74,36.51,2445.0,612.0,8.79,2.08,15.22,1173.0,406.0,4.22,1.42,21.04,1252.0,411.0,4.5,1.43,19.96,2099.0,583.0,7.55,2.0,16.88,3278.0,550.0,11.79,1.72,10.2,8965.0,1210.0,32.23,3.44,8.2,4548.0,1135.0,16.35,3.85,15.17,1446.0,446.0,5.2,1.54,18.75,730.0,276.0,2.62,0.97,22.98,1825.0,451.0,9.24,2.24,15.02,917.0,298.0,4.64,1.49,19.76,1630.0,393.0,8.25,1.95,14.66,1275.0,379.0,6.46,1.89,18.07,1388.0,433.0,7.03,2.17,18.96,2722.0,425.0,13.78,2.04,9.49,2000.0,491.0,10.13,2.44,14.92,3710.0,622.0,18.79,3.01,10.19,1486.0,340.0,7.53,1.68,13.91,2794.0,578.0,14.15,2.84,12.58,15776.0,946.0,79.89,2.77,3.65,5857.0,672.0,29.66,3.08,6.97,2730.0,452.0,13.82,2.19,10.06,1413.0,347.0,7.16,1.72,14.93,1446.0,440.0,7.32,2.2,18.5,5504.0,777.0,27.87,3.69,8.58,48189.0,2823.0,89.91,7.82,3.56,28761.0,2204.0,53.66,2.24,4.66,23552.0,1999.0,43.94,2.43,5.16,5410.0,1730.0,10.09,3.16,19.44,26985.0,2304.0,50.33,2.83,5.19,26626.0,1659.0,49.67,4.45,3.79,2742.0,683.0,5.11,1.23,15.14,2152.0,663.0,4.01,1.21,18.73,2625.0,617.0,4.9,1.11,14.29,2227.0,449.0,4.15,0.79,12.26,4167.0,714.0,7.77,1.23,10.42,10028.0,1715.0,18.71,2.96,10.4,8787.0,1229.0,16.39,2.04,8.5,6997.0,1215.0,13.05,2.11,10.56,2791.0,631.0,5.21,1.13,13.74,3561.0,671.0,6.64,1.18,11.45,4735.0,612.0,8.83,0.99,7.86,2007.0,386.0,3.74,0.68,11.69,792.0,241.0,1.48,0.44,18.5,8937.0,1226.0,16.67,2.02,8.34,44674.0,3047.0,83.33,1.9,4.15,7534.0,749.0,14.05,1.07,6.04,10475.0,1857.0,19.54,3.23,10.78,17974.0,1681.0,33.53,2.28,5.69,3801.0,1003.0,7.09,1.81,16.04,1162.0,1186.0,2.17,2.21,62.05,1817.0,683.0,3.39,1.26,22.85,0.0,,0.0,,,18382.0,2480.0,34.29,4.07,8.2,33822.0,3055.0,63.09,4.0,5.49,19789.0,1593.0,36.91,1.79,4.89,14460.0,1334.0,26.97,1.78,5.61,2329.0,856.0,4.34,1.57,22.34,112.0,117.0,0.21,0.22,63.5,1722.0,652.0,3.21,1.2,23.02,0.0,,0.0,,,196.0,143.0,0.37,0.27,44.35,970.0,305.0,1.81,0.56,19.11
10034,10034,10034,15462.0,617.0,100,,2.43,4047.0,477.0,26.17,2.9,7.17,8108.0,1066.0,20.77,2.31,7.99,425.0,213.0,5.24,2.54,30.47,290.0,204.0,3.58,2.47,42.76,3311.0,571.0,40.84,4.56,10.48,1470.0,319.0,18.13,3.13,13.19,2612.0,645.0,32.22,6.73,15.01,29329.0,2076.0,75.13,0.57,4.3,3435.0,694.0,11.71,2.22,12.28,2355.0,601.0,8.03,1.97,15.51,5519.0,933.0,18.82,2.89,10.28,11501.0,1173.0,39.21,2.88,6.2,31699.0,2242.0,81.2,0.58,4.3,350.0,122.0,1.1,0.38,21.19,39023.0,2747.0,99.96,0.19,4.28,6342.0,905.0,16.25,2.02,8.67,7336.0,970.0,18.79,2.1,8.04,585.0,284.0,7.97,3.72,29.51,25956.0,2214.0,66.49,3.21,5.19,3267.0,668.0,12.59,2.34,12.43,5731.0,679.0,14.68,1.4,7.2,2490.0,525.0,43.45,7.58,12.82,38664.0,2673.0,99.04,9.77,4.2,35108.0,2787.0,90.8,3.54,4.83,3179.0,700.0,8.22,1.72,13.39,377.0,240.0,0.98,0.62,38.7,39037.0,2747.0,100,,4.28,23136.0,2464.0,59.27,4.74,6.47,21470.0,2377.0,55.0,4.7,6.73,1666.0,523.0,4.27,1.31,19.08,15901.0,1312.0,40.73,1.75,5.02,9211.0,1050.0,57.93,4.56,6.93,6690.0,996.0,42.07,5.21,9.05,1034.0,377.0,6.5,2.31,22.16,935.0,407.0,5.88,2.51,26.46,140.0,113.0,0.88,0.71,49.07,2.0,6.0,0.01,0.04,182.37,13702.0,1372.0,86.17,4.89,6.09,88.0,73.0,0.55,0.46,50.43,36903.0,2480.0,94.53,9.2,4.09,12548.0,1167.0,34.0,2.19,5.65,11640.0,1141.0,31.54,2.25,5.96,22238.0,2367.0,60.26,4.97,6.47,14434.0,673.0,93.35,2.25,2.83,13777.0,685.0,89.1,2.64,3.02,32460.0,2284.0,83.15,8.27,4.28,22392.0,1808.0,68.98,2.73,4.91,20567.0,1620.0,63.36,2.24,4.79,1825.0,639.0,5.62,1.93,21.28,0.0,,0.0,,,10068.0,1228.0,31.02,3.09,7.41,,,8.15,2.78,21.28,20011.0,1610.0,51.26,2.0,4.89,2360.0,538.0,11.79,2.52,13.86,722.0,276.0,3.61,1.35,23.24,11730.0,1139.0,58.62,3.19,5.9,1276.0,355.0,6.38,1.7,16.91,3159.0,727.0,15.79,3.4,13.99,20567.0,1620.0,52.69,1.86,4.79,12.0,21.0,0.06,0.1,106.38,687.0,329.0,3.34,1.58,29.11,822.0,360.0,4.0,1.72,26.62,280.0,176.0,1.36,0.85,38.21,3060.0,911.0,14.88,4.27,18.1,891.0,336.0,4.33,1.6,22.92,549.0,150.0,2.67,0.7,16.61,1474.0,379.0,7.17,1.75,15.63,2219.0,616.0,10.79,2.87,16.88,6485.0,734.0,31.53,2.56,6.88,2223.0,463.0,10.81,2.08,12.66,1216.0,333.0,5.91,1.55,16.65,649.0,278.0,3.16,1.33,26.04,934.0,301.0,6.04,1.93,19.59,1087.0,289.0,7.03,1.85,16.16,1335.0,345.0,8.63,2.2,15.71,916.0,308.0,5.92,1.98,20.44,1513.0,305.0,9.79,1.93,12.25,2458.0,459.0,15.9,2.9,11.35,1715.0,422.0,11.09,2.69,14.96,2488.0,420.0,16.09,2.64,10.26,1537.0,386.0,9.94,2.46,15.27,1479.0,293.0,9.57,1.86,12.04,12262.0,709.0,79.3,3.32,3.51,4232.0,488.0,27.37,2.96,7.01,2270.0,398.0,14.68,2.51,10.66,1795.0,401.0,11.61,2.55,13.58,963.0,262.0,6.23,1.68,16.54,5045.0,685.0,32.63,4.23,8.25,36511.0,2564.0,93.56,9.3,4.27,22125.0,2219.0,56.7,4.05,6.1,18939.0,1925.0,48.53,3.56,6.18,2512.0,657.0,6.44,1.62,15.9,18540.0,1799.0,47.49,3.17,5.9,20497.0,1659.0,52.51,2.1,4.92,2134.0,563.0,5.47,1.39,16.04,1829.0,448.0,4.69,1.1,14.89,2339.0,508.0,5.99,1.23,13.2,1347.0,289.0,3.45,0.7,13.04,2059.0,426.0,5.27,1.03,12.58,7326.0,1150.0,18.77,2.63,9.54,6040.0,1081.0,15.47,2.55,10.88,5338.0,721.0,13.67,1.58,8.21,2873.0,533.0,7.36,1.26,11.28,2017.0,388.0,5.17,0.93,11.69,3218.0,498.0,8.24,1.14,9.41,1778.0,398.0,4.55,0.97,13.61,739.0,247.0,1.89,0.62,20.32,7338.0,970.0,18.8,2.1,8.04,31699.0,2242.0,81.2,0.58,4.3,5735.0,678.0,14.69,1.4,7.19,8017.0,1545.0,20.54,3.68,11.72,10488.0,1232.0,26.87,2.53,7.14,4360.0,853.0,11.17,2.04,11.89,885.0,574.0,2.27,1.46,39.43,1265.0,468.0,3.24,1.18,22.49,0.0,,0.0,,,14022.0,2510.0,35.92,5.91,10.88,26191.0,2758.0,67.09,5.26,6.4,12846.0,1293.0,32.91,2.37,6.12,7343.0,863.0,18.81,1.77,7.14,2750.0,729.0,7.04,1.8,16.11,93.0,102.0,0.24,0.26,66.67,1171.0,457.0,3.0,1.15,23.72,0.0,,0.0,,,291.0,167.0,0.75,0.42,34.89,1198.0,598.0,3.07,1.52,30.34
10037,10037,10037,10205.0,740.0,100,,4.41,1765.0,396.0,17.3,3.67,13.64,3454.0,801.0,18.84,4.03,14.1,315.0,133.0,9.12,3.22,25.67,257.0,144.0,7.44,3.8,34.06,1205.0,335.0,34.89,5.35,16.9,751.0,332.0,21.74,8.18,26.87,926.0,363.0,26.81,8.47,23.83,14375.0,1177.0,78.41,9.55,4.98,1028.0,281.0,7.15,1.87,16.62,979.0,308.0,6.81,2.07,19.13,3436.0,581.0,23.9,3.54,10.28,6207.0,803.0,43.18,4.32,7.86,15394.0,1312.0,83.97,10.42,5.18,344.0,154.0,2.23,0.98,27.21,18122.0,1651.0,98.85,1.29,5.54,2810.0,416.0,15.51,1.81,9.0,2923.0,594.0,15.94,2.9,12.35,110.0,109.0,3.76,3.65,60.24,11725.0,1153.0,63.96,2.51,5.98,1330.0,320.0,11.34,2.49,14.63,3474.0,536.0,18.95,2.37,9.38,1370.0,313.0,39.44,6.64,13.89,18091.0,1658.0,98.68,1.62,5.57,16562.0,1592.0,91.55,2.65,5.84,1467.0,489.0,8.11,2.6,20.26,62.0,72.0,0.34,0.4,70.6,18333.0,1653.0,100,,5.48,15439.0,1533.0,84.21,3.5,6.04,14866.0,1495.0,81.09,3.61,6.11,573.0,262.0,3.13,1.4,27.8,2894.0,555.0,15.79,2.67,11.66,1423.0,324.0,49.17,6.03,13.84,1471.0,525.0,50.83,15.3,21.7,88.0,52.0,3.04,1.7,35.92,554.0,198.0,19.14,5.77,21.73,695.0,422.0,24.02,13.84,36.91,0.0,,0.0,,,1498.0,404.0,51.76,9.82,16.39,59.0,75.0,2.04,2.56,77.28,17741.0,1614.0,96.77,1.17,5.53,13188.0,1368.0,74.34,3.7,6.31,1415.0,339.0,7.98,1.77,14.56,2658.0,698.0,14.98,3.69,15.96,8995.0,684.0,88.14,2.02,4.62,8578.0,602.0,84.06,8.48,4.27,15760.0,1401.0,85.97,10.88,5.4,9445.0,924.0,59.93,2.45,5.95,8470.0,889.0,53.74,3.0,6.38,959.0,267.0,6.09,1.61,16.92,16.0,26.0,0.1,0.16,98.78,6315.0,817.0,40.07,3.77,7.86,,,10.15,2.65,16.92,8205.0,831.0,44.76,2.06,6.16,1007.0,313.0,12.27,3.61,18.9,107.0,81.0,1.3,0.98,46.02,4482.0,579.0,54.63,4.38,7.85,502.0,209.0,6.12,2.47,25.31,1777.0,534.0,21.66,6.13,18.27,8470.0,889.0,46.2,2.48,6.38,21.0,25.0,0.25,0.29,72.37,315.0,180.0,3.72,2.09,34.74,189.0,114.0,2.23,1.33,36.67,75.0,63.0,0.89,0.74,51.06,489.0,177.0,5.77,2.0,22.0,465.0,214.0,5.49,2.46,27.98,510.0,236.0,6.02,2.71,28.13,632.0,233.0,7.46,2.64,22.41,1022.0,380.0,12.07,4.3,22.6,2934.0,549.0,34.64,5.37,11.37,1017.0,343.0,12.01,3.85,20.5,235.0,129.0,2.77,1.49,33.37,566.0,200.0,6.68,2.25,21.48,1661.0,445.0,16.28,4.2,16.29,713.0,259.0,6.99,2.49,22.08,1058.0,303.0,10.37,2.87,17.41,700.0,243.0,6.86,2.33,21.1,931.0,278.0,9.12,2.64,18.15,1351.0,344.0,13.24,3.23,15.48,1072.0,318.0,10.5,3.02,18.03,1064.0,271.0,10.43,2.55,15.48,805.0,256.0,7.89,2.44,19.33,850.0,298.0,8.33,2.86,21.31,6928.0,587.0,67.89,2.98,5.15,2715.0,393.0,26.6,3.33,8.8,1541.0,303.0,15.1,2.76,11.95,843.0,263.0,8.26,2.51,18.97,757.0,241.0,7.42,2.3,19.35,2190.0,479.0,21.46,4.43,13.3,17094.0,1585.0,94.33,1.63,5.64,10974.0,1336.0,60.56,4.89,7.4,8225.0,1207.0,45.39,5.22,8.92,1028.0,393.0,5.67,2.11,23.24,7782.0,900.0,42.45,3.07,7.03,10551.0,1117.0,57.55,3.19,6.44,592.0,193.0,3.23,1.01,19.82,949.0,314.0,5.18,1.65,20.11,949.0,359.0,5.18,1.9,23.0,551.0,315.0,3.01,1.7,34.75,917.0,305.0,5.0,1.6,20.22,3233.0,584.0,17.63,2.76,10.98,2763.0,482.0,15.07,2.25,10.6,2483.0,538.0,13.54,2.67,13.17,1279.0,291.0,6.98,1.46,13.83,994.0,324.0,5.42,1.7,19.81,1889.0,399.0,10.3,1.97,12.84,968.0,225.0,5.28,1.13,14.13,766.0,307.0,4.18,1.63,24.36,2923.0,594.0,15.94,2.9,12.35,15410.0,1311.0,84.06,10.42,5.17,3623.0,543.0,19.76,2.37,9.11,2103.0,757.0,11.47,4.0,21.88,2574.0,657.0,14.04,3.35,15.52,11736.0,1382.0,64.02,4.85,7.16,77.0,94.0,0.42,0.51,74.21,775.0,317.0,4.23,1.69,24.87,0.0,,0.0,,,1068.0,424.0,5.83,2.25,24.13,3801.0,939.0,20.73,4.77,15.02,14532.0,1686.0,79.27,5.79,7.05,1992.0,593.0,10.87,3.08,18.1,11040.0,1403.0,60.22,5.39,7.73,18.0,28.0,0.1,0.15,94.56,771.0,317.0,4.21,1.69,24.99,0.0,,0.0,,,119.0,122.0,0.65,0.66,62.32,592.0,246.0,3.23,1.31,25.26
10035,10035,10035,15056.0,802.0,100,,3.24,3781.0,520.0,25.11,3.18,8.36,8772.0,1026.0,22.45,2.35,7.11,665.0,337.0,7.58,3.74,30.81,326.0,194.0,3.72,2.17,36.18,3738.0,691.0,42.61,6.1,11.24,1876.0,423.0,21.39,4.12,13.71,2167.0,379.0,24.7,3.21,10.63,27782.0,1356.0,71.09,5.09,2.97,3308.0,621.0,11.91,2.16,11.41,3348.0,445.0,12.05,1.49,8.08,7469.0,902.0,26.88,2.97,7.34,8523.0,1012.0,30.68,3.32,7.22,30969.0,1484.0,79.24,5.62,2.91,526.0,281.0,1.7,0.9,32.48,38348.0,2043.0,98.12,1.0,3.24,6961.0,894.0,18.15,2.12,7.81,8084.0,1138.0,20.68,2.7,8.56,503.0,240.0,6.22,2.84,29.01,25313.0,1376.0,64.77,0.96,3.3,4062.0,706.0,16.05,2.65,10.57,4951.0,526.0,12.67,1.17,6.46,2396.0,449.0,48.39,7.47,11.39,38645.0,1960.0,98.88,7.2,3.08,32421.0,2001.0,83.89,2.95,3.75,5283.0,782.0,13.67,1.9,9.0,941.0,404.0,2.43,1.04,26.1,39082.0,2044.0,100,,3.18,30269.0,1951.0,77.45,2.92,3.92,28163.0,1907.0,72.06,3.1,4.12,2106.0,460.0,5.39,1.14,13.28,8813.0,1131.0,22.55,2.64,7.8,4323.0,650.0,49.05,3.84,9.14,4490.0,853.0,50.95,7.14,11.55,1052.0,450.0,11.94,4.87,26.0,1976.0,578.0,22.42,5.89,17.78,858.0,274.0,9.74,2.85,19.41,7.0,13.0,0.08,0.15,112.9,4831.0,847.0,54.82,6.55,10.66,89.0,49.0,1.01,0.54,33.47,36958.0,1840.0,94.57,6.83,3.03,19907.0,1528.0,53.86,3.15,4.67,6167.0,820.0,16.69,2.06,8.08,12648.0,1207.0,34.22,2.79,5.8,12150.0,756.0,80.7,2.6,3.78,11781.0,810.0,78.25,3.4,4.18,31718.0,1542.0,81.16,5.8,2.96,17575.0,1139.0,55.41,2.37,3.94,15496.0,1020.0,48.86,2.17,4.0,2079.0,486.0,6.55,1.5,14.21,0.0,,0.0,,,14143.0,1016.0,44.59,2.36,4.37,,,11.83,2.66,14.21,15143.0,993.0,38.75,1.53,3.99,1418.0,572.0,9.36,3.73,24.52,157.0,109.0,1.04,0.72,42.2,9685.0,902.0,63.96,4.23,5.66,1078.0,254.0,7.12,1.61,14.32,2120.0,501.0,14.0,3.18,14.37,15496.0,1020.0,39.65,1.58,4.0,8.0,13.0,0.05,0.08,98.78,340.0,143.0,2.19,0.91,25.57,274.0,122.0,1.77,0.78,27.07,580.0,389.0,3.74,2.5,40.77,1427.0,303.0,9.21,1.86,12.91,969.0,391.0,6.25,2.49,24.53,581.0,236.0,3.75,1.5,24.69,1480.0,364.0,9.55,2.26,14.95,2723.0,598.0,17.57,3.68,13.35,4613.0,686.0,29.77,3.97,9.04,1232.0,318.0,7.95,1.98,15.69,617.0,171.0,3.98,1.07,16.85,652.0,212.0,4.21,1.34,19.77,2412.0,457.0,16.02,2.91,11.52,2023.0,363.0,13.44,2.3,10.91,1672.0,319.0,11.11,2.03,11.6,1037.0,277.0,6.89,1.8,16.24,1324.0,340.0,8.79,2.21,15.61,1851.0,365.0,12.29,2.33,11.99,1106.0,296.0,7.35,1.93,16.27,1759.0,337.0,11.68,2.15,11.65,968.0,286.0,6.43,1.87,17.96,904.0,235.0,6.0,1.53,15.8,9919.0,677.0,65.88,2.81,4.15,4035.0,531.0,26.8,3.22,8.0,1449.0,302.0,9.62,1.94,12.67,2421.0,519.0,16.08,3.34,13.03,1481.0,384.0,9.84,2.5,15.76,4630.0,576.0,30.75,3.46,7.56,35327.0,2089.0,92.12,2.36,3.59,16061.0,1541.0,41.88,3.34,5.83,21454.0,1944.0,55.95,4.1,5.51,3021.0,682.0,7.88,1.73,13.72,19785.0,1274.0,50.62,1.9,3.91,19297.0,1303.0,49.38,2.11,4.1,2124.0,624.0,5.43,1.57,17.86,2157.0,483.0,5.52,1.2,13.61,2394.0,452.0,6.13,1.11,11.48,1949.0,422.0,4.99,1.05,13.16,2676.0,522.0,6.85,1.29,11.86,7027.0,925.0,17.98,2.17,8.0,5961.0,714.0,15.25,1.64,7.28,4842.0,677.0,12.39,1.61,8.5,2326.0,384.0,5.95,0.93,10.04,2284.0,386.0,5.84,0.94,10.27,2956.0,457.0,7.56,1.1,9.4,1458.0,266.0,3.73,0.65,11.09,928.0,322.0,2.37,0.81,21.09,8113.0,1136.0,20.76,2.7,8.51,30969.0,1484.0,79.24,5.62,2.91,5342.0,543.0,13.67,1.19,6.18,4963.0,990.0,12.7,2.44,12.13,7992.0,1222.0,20.45,2.94,9.3,14923.0,1344.0,38.18,2.8,5.47,664.0,542.0,1.7,1.38,49.62,2260.0,586.0,5.78,1.47,15.76,48.0,52.0,0.12,0.13,65.86,8232.0,1413.0,21.06,3.44,10.43,16341.0,1595.0,41.81,3.45,5.93,22741.0,1661.0,58.19,2.97,4.44,5492.0,961.0,14.05,2.35,10.64,13769.0,1263.0,35.23,2.65,5.58,30.0,39.0,0.08,0.1,79.03,2196.0,573.0,5.62,1.44,15.86,21.0,33.0,0.05,0.08,95.53,164.0,150.0,0.42,0.38,55.6,1069.0,437.0,2.74,1.11,24.85
10036,10036,"10036, 10110",18886.0,1076.0,100,,3.46,1525.0,432.0,8.07,2.24,17.22,3326.0,691.0,10.87,2.17,12.63,25.0,42.0,0.75,1.25,102.13,218.0,197.0,6.55,5.76,54.93,924.0,335.0,27.78,8.25,22.04,522.0,220.0,15.69,5.76,25.62,1637.0,523.0,49.22,11.95,19.42,25778.0,1622.0,84.27,1.77,3.83,762.0,507.0,2.96,1.96,40.45,956.0,304.0,3.71,1.16,19.33,2483.0,432.0,9.63,1.56,10.58,17866.0,1452.0,69.31,3.57,4.94,28470.0,1710.0,93.07,0.89,3.65,204.0,124.0,0.72,0.43,36.95,30536.0,1815.0,99.83,0.4,3.61,4337.0,878.0,14.2,2.75,12.31,2119.0,500.0,6.93,1.58,14.34,155.0,136.0,7.31,6.18,53.34,23553.0,1557.0,77.0,2.25,4.02,2196.0,553.0,9.32,2.27,15.31,4864.0,680.0,15.9,2.01,8.5,1986.0,555.0,40.83,9.88,16.99,30321.0,1800.0,99.12,0.27,3.61,23497.0,1633.0,77.49,2.8,4.22,5921.0,1044.0,19.53,3.24,10.72,903.0,420.0,2.98,1.37,28.27,30589.0,1814.0,100,,3.61,21040.0,1628.0,68.78,3.42,4.7,19685.0,1476.0,64.35,2.95,4.56,1355.0,585.0,4.43,1.89,26.25,9549.0,1071.0,31.22,2.97,6.82,4745.0,773.0,49.69,5.87,9.9,4804.0,746.0,50.31,5.4,9.44,2208.0,542.0,23.12,5.05,14.92,4120.0,702.0,43.15,5.53,10.36,390.0,283.0,4.08,2.93,44.11,194.0,169.0,2.03,1.76,52.96,2256.0,489.0,23.63,4.38,13.18,381.0,340.0,3.99,3.53,54.25,30038.0,1810.0,98.2,1.05,3.66,18906.0,1605.0,62.94,3.76,5.16,3177.0,949.0,10.58,3.09,18.16,4516.0,793.0,15.03,2.48,10.67,17795.0,1106.0,94.22,2.34,3.78,16618.0,1010.0,87.99,1.86,3.69,28763.0,1740.0,94.03,1.12,3.68,21582.0,1452.0,75.03,2.21,4.09,20331.0,1341.0,70.68,1.86,4.01,1251.0,318.0,4.35,1.07,15.45,0.0,,0.0,,,7181.0,1147.0,24.97,3.69,9.71,,,5.8,1.42,15.45,20154.0,1336.0,65.89,1.95,4.03,329.0,194.0,1.63,0.96,35.85,122.0,113.0,0.61,0.56,56.31,7840.0,1010.0,38.9,4.3,7.83,5543.0,883.0,27.5,3.98,9.68,4711.0,819.0,23.38,3.76,10.57,20331.0,1341.0,66.47,1.92,4.01,0.0,,0.0,,,98.0,120.0,0.48,0.59,74.44,632.0,246.0,3.11,1.19,23.66,341.0,190.0,1.68,0.93,33.87,1431.0,383.0,7.04,1.83,16.27,397.0,221.0,1.95,1.08,33.84,1505.0,360.0,7.4,1.7,14.54,4077.0,686.0,20.05,3.1,10.23,5320.0,956.0,26.17,4.37,10.92,3118.0,453.0,15.34,1.99,8.83,2174.0,590.0,10.69,2.81,16.5,846.0,351.0,4.16,1.7,25.22,392.0,143.0,1.93,0.69,22.18,904.0,280.0,4.79,1.46,18.83,677.0,243.0,3.58,1.27,21.82,1780.0,672.0,9.42,3.52,22.95,893.0,268.0,4.73,1.39,18.24,1385.0,364.0,7.33,1.88,15.98,2334.0,435.0,12.36,2.19,11.33,1461.0,408.0,7.74,2.11,16.98,3205.0,819.0,16.97,4.23,15.53,2016.0,537.0,10.67,2.78,16.19,4231.0,618.0,22.4,3.01,8.88,15443.0,976.0,81.77,2.24,3.84,3215.0,480.0,17.02,2.35,9.08,2464.0,499.0,13.05,2.54,12.31,1373.0,524.0,7.27,2.74,23.2,983.0,328.0,5.2,1.71,20.28,2136.0,651.0,11.31,3.39,18.53,29582.0,1813.0,96.88,1.45,3.73,22770.0,1651.0,74.57,3.1,4.41,8945.0,1086.0,29.29,3.1,7.38,954.0,328.0,3.12,1.06,20.9,17339.0,1358.0,56.68,2.9,4.76,13250.0,1157.0,43.32,2.78,5.31,551.0,247.0,1.8,0.8,27.25,649.0,257.0,2.12,0.83,24.07,585.0,358.0,1.91,1.16,37.2,541.0,219.0,1.77,0.71,24.61,2485.0,874.0,8.12,2.82,21.38,7973.0,867.0,26.06,2.38,6.61,5001.0,823.0,16.35,2.51,10.0,4493.0,830.0,14.69,2.57,11.23,1813.0,472.0,5.93,1.5,15.83,1596.0,428.0,5.22,1.36,16.3,2874.0,492.0,9.4,1.51,10.41,1430.0,313.0,4.67,0.98,13.31,598.0,474.0,1.95,1.55,48.18,2119.0,500.0,6.93,1.58,14.34,28470.0,1710.0,93.07,0.89,3.65,4902.0,681.0,16.03,2.01,8.45,4498.0,1134.0,14.7,3.6,15.33,17012.0,1379.0,55.61,3.07,4.93,2474.0,523.0,8.09,1.64,12.85,29.0,35.0,0.09,0.11,73.37,4670.0,671.0,15.27,2.0,8.73,88.0,149.0,0.29,0.49,102.93,1818.0,767.0,5.94,2.48,25.65,5706.0,940.0,18.65,2.87,10.01,24883.0,1697.0,81.35,2.74,4.15,15644.0,1338.0,51.14,3.15,5.2,2286.0,490.0,7.47,1.54,13.03,29.0,35.0,0.09,0.11,73.37,4670.0,671.0,15.27,2.0,8.73,88.0,149.0,0.29,0.49,102.93,91.0,88.0,0.3,0.29,58.79,2075.0,736.0,6.78,2.37,21.56
10038,10038,10038,10694.0,931.0,100,,5.29,1781.0,453.0,16.65,3.98,15.46,6117.0,1373.0,26.21,5.17,13.64,93.0,66.0,1.52,1.02,43.14,230.0,237.0,3.76,3.78,62.64,1896.0,675.0,31.0,8.57,21.64,656.0,279.0,10.72,3.87,25.85,3242.0,707.0,53.0,16.59,13.26,16805.0,1678.0,71.99,10.53,6.07,1679.0,604.0,9.99,3.45,21.87,1216.0,271.0,7.24,1.44,13.55,1658.0,396.0,9.87,2.14,14.52,10348.0,1383.0,61.58,5.47,8.12,20015.0,1715.0,85.75,11.75,5.21,403.0,210.0,2.01,1.03,31.68,23321.0,2496.0,99.91,0.45,6.51,2335.0,474.0,10.01,1.73,12.34,3322.0,1098.0,14.23,4.45,20.09,203.0,126.0,6.11,3.21,37.73,16120.0,1507.0,69.06,9.81,5.68,901.0,352.0,5.59,2.12,23.75,3879.0,719.0,16.62,2.52,11.27,1231.0,295.0,31.73,4.82,14.57,23313.0,2494.0,99.88,0.32,6.5,18584.0,2377.0,79.72,5.59,7.78,4513.0,801.0,19.36,2.74,10.79,216.0,108.0,0.93,0.45,30.4,23342.0,2496.0,100,,6.5,17003.0,2391.0,72.84,6.65,8.55,16386.0,2363.0,70.2,6.79,8.77,617.0,201.0,2.64,0.81,19.8,6339.0,729.0,27.16,1.15,6.99,4522.0,676.0,71.34,6.81,9.09,1817.0,451.0,28.66,6.3,15.09,1560.0,456.0,24.61,6.61,17.77,3738.0,609.0,58.97,6.81,9.9,35.0,60.0,0.55,0.94,104.21,52.0,57.0,0.82,0.89,66.64,861.0,313.0,13.58,4.68,22.1,93.0,112.0,1.47,1.76,73.21,22631.0,2213.0,96.95,14.05,5.94,13974.0,1975.0,61.75,6.3,8.59,3955.0,896.0,17.48,3.57,13.77,2410.0,723.0,10.65,3.02,18.24,10120.0,925.0,94.63,2.64,5.56,9581.0,869.0,89.59,2.28,5.51,20476.0,1798.0,87.72,12.14,5.34,13260.0,1272.0,64.76,2.5,5.83,12602.0,1269.0,61.55,3.03,6.12,658.0,278.0,3.21,1.33,25.68,0.0,,0.0,,,7216.0,1135.0,35.24,4.6,9.56,,,4.96,2.04,25.68,12437.0,1274.0,53.28,7.89,6.23,523.0,198.0,4.21,1.53,23.01,209.0,129.0,1.68,1.02,37.52,5152.0,738.0,41.42,4.15,8.71,3306.0,662.0,26.58,4.57,12.17,2840.0,895.0,22.84,6.81,19.16,12602.0,1269.0,53.99,7.93,6.12,0.0,,0.0,,,159.0,125.0,1.26,0.98,47.79,428.0,324.0,3.4,2.55,46.02,342.0,313.0,2.71,2.47,55.64,906.0,330.0,7.19,2.52,22.14,195.0,107.0,1.55,0.83,33.36,750.0,376.0,5.95,2.92,30.48,3013.0,594.0,23.91,4.05,11.98,2812.0,490.0,22.31,3.17,10.59,2404.0,520.0,19.08,3.65,13.15,710.0,216.0,5.63,1.62,18.49,386.0,236.0,3.06,1.85,37.17,497.0,235.0,3.94,1.82,28.74,965.0,580.0,9.02,5.37,36.54,645.0,217.0,6.03,1.96,20.45,642.0,208.0,6.0,1.87,19.7,351.0,132.0,3.28,1.2,22.86,545.0,240.0,5.1,2.2,26.77,801.0,277.0,7.49,2.51,21.02,935.0,298.0,8.74,2.68,19.37,1636.0,395.0,15.3,3.45,14.68,1000.0,356.0,9.35,3.23,21.64,3174.0,638.0,29.68,5.38,12.22,7988.0,698.0,74.7,0.56,5.31,2532.0,431.0,23.68,3.46,10.35,1706.0,354.0,15.95,3.0,12.61,682.0,175.0,6.38,1.54,15.6,539.0,195.0,5.04,1.77,21.99,1803.0,368.0,16.86,3.11,12.41,22679.0,2452.0,97.25,1.49,6.57,16744.0,1904.0,71.8,2.76,6.91,7343.0,1364.0,31.49,4.78,11.29,642.0,293.0,2.75,1.22,27.74,10304.0,1265.0,44.14,2.66,7.46,13038.0,1673.0,55.86,3.96,7.8,711.0,501.0,3.05,2.12,42.84,536.0,166.0,2.3,0.67,18.83,1500.0,609.0,6.43,2.52,24.68,1773.0,440.0,7.6,1.7,15.09,2017.0,470.0,8.64,1.79,14.17,5394.0,1135.0,23.11,4.19,12.79,3391.0,778.0,14.53,2.95,13.95,1842.0,414.0,7.89,1.56,13.66,1166.0,302.0,5.0,1.18,15.74,1126.0,350.0,4.82,1.41,18.9,1479.0,297.0,6.34,1.08,12.21,1277.0,541.0,5.47,2.24,25.75,1130.0,317.0,4.84,1.26,17.05,3327.0,1098.0,14.25,4.45,20.06,20015.0,1715.0,85.75,11.75,5.21,3886.0,719.0,16.65,2.51,11.25,2145.0,540.0,9.19,2.09,15.3,10416.0,1735.0,44.62,5.7,10.13,2604.0,1082.0,11.16,4.48,25.26,43.0,45.0,0.18,0.19,63.62,6875.0,1044.0,29.45,3.18,9.23,26.0,53.0,0.11,0.23,123.92,1233.0,708.0,5.28,2.98,34.91,2748.0,379.0,11.77,1.03,8.38,20594.0,2441.0,88.23,4.51,7.21,9849.0,1693.0,42.19,5.68,10.45,2301.0,1028.0,9.86,4.28,27.16,43.0,45.0,0.18,0.19,63.62,6849.0,1036.0,29.34,3.14,9.2,26.0,53.0,0.11,0.23,123.92,587.0,648.0,2.51,2.76,67.11,939.0,395.0,4.02,1.64,25.57
10040,10040,10040,16260.0,722.0,100,,2.7,3934.0,493.0,24.19,2.84,7.62,8298.0,1090.0,19.96,2.34,7.99,493.0,259.0,5.94,3.02,31.94,406.0,200.0,4.89,2.32,29.95,3062.0,526.0,36.9,4.08,10.44,1436.0,376.0,17.31,3.92,15.92,2901.0,587.0,34.96,5.38,12.3,32180.0,2060.0,77.39,1.91,3.89,4086.0,918.0,12.7,2.73,13.66,3268.0,768.0,10.16,2.3,14.29,6708.0,1072.0,20.85,3.05,9.71,12318.0,1039.0,38.28,2.1,5.13,35015.0,2150.0,84.21,1.41,3.73,297.0,115.0,0.85,0.32,23.54,40798.0,2452.0,98.12,1.09,3.65,5478.0,797.0,13.43,1.78,8.84,6566.0,913.0,15.79,1.99,8.45,408.0,215.0,6.21,3.16,32.03,27050.0,1648.0,65.05,0.97,3.7,2391.0,538.0,8.84,1.91,13.68,7182.0,1237.0,17.27,2.79,10.47,2679.0,579.0,37.3,4.87,13.14,41351.0,2448.0,99.45,0.4,3.6,37479.0,2533.0,90.64,2.96,4.11,3425.0,720.0,8.28,1.67,12.78,447.0,415.0,1.08,1.0,56.44,41581.0,2456.0,100,,3.59,21448.0,1270.0,51.58,0.22,3.6,20152.0,1237.0,48.46,0.81,3.73,1296.0,390.0,3.12,0.92,18.29,20133.0,2189.0,48.42,4.42,6.61,11494.0,1581.0,57.09,4.81,8.36,8639.0,1372.0,42.91,4.97,9.65,1829.0,578.0,9.08,2.7,19.21,580.0,181.0,2.88,0.84,18.97,110.0,116.0,0.55,0.57,64.11,26.0,33.0,0.13,0.16,77.16,17464.0,2229.0,86.74,5.8,7.76,124.0,98.0,0.62,0.48,48.04,39799.0,2509.0,95.71,2.11,3.83,12034.0,1186.0,30.24,2.29,5.99,14553.0,1888.0,36.57,4.15,7.89,24857.0,2659.0,62.46,5.4,6.5,15146.0,672.0,93.15,5.85,2.7,14920.0,768.0,91.76,2.39,3.13,35729.0,2263.0,85.93,1.96,3.85,23737.0,1469.0,66.44,5.88,3.76,20210.0,1326.0,56.56,0.97,3.99,3527.0,725.0,9.87,1.93,12.5,0.0,,0.0,,,11992.0,1503.0,33.56,3.63,7.62,,,14.86,2.91,12.5,19847.0,1316.0,47.73,1.44,4.03,1283.0,430.0,6.46,2.12,20.37,574.0,275.0,2.89,1.37,29.12,11800.0,1087.0,59.45,3.8,5.6,2103.0,556.0,10.6,2.71,16.07,3147.0,650.0,15.86,3.1,12.56,20210.0,1326.0,48.6,1.39,3.99,8.0,14.0,0.04,0.07,106.38,447.0,178.0,2.21,0.87,24.21,809.0,328.0,4.0,1.6,24.65,345.0,195.0,1.71,0.96,34.36,1647.0,511.0,8.15,2.47,18.86,899.0,406.0,4.45,1.99,27.45,653.0,198.0,3.23,0.96,18.43,1902.0,385.0,9.41,1.8,12.31,2563.0,499.0,12.68,2.32,11.84,7029.0,948.0,34.78,4.1,8.2,2218.0,446.0,10.97,2.09,12.22,1315.0,302.0,6.51,1.43,13.96,375.0,171.0,1.86,0.84,27.72,1319.0,374.0,8.11,2.27,17.24,947.0,341.0,5.82,2.08,21.89,1238.0,407.0,7.61,2.48,19.99,1339.0,419.0,8.23,2.55,19.02,1734.0,339.0,10.66,2.03,11.88,2410.0,464.0,14.82,2.78,11.7,1900.0,333.0,11.69,1.98,10.65,2810.0,462.0,17.28,2.74,9.99,1001.0,294.0,6.16,1.79,17.85,1562.0,296.0,9.61,1.77,11.52,13151.0,664.0,80.88,1.94,3.07,4080.0,577.0,25.09,3.37,8.6,2628.0,526.0,16.16,3.15,12.17,1425.0,359.0,8.76,2.17,15.31,1066.0,290.0,6.56,1.76,16.54,4328.0,563.0,26.62,3.25,7.91,37733.0,2315.0,92.49,1.14,3.73,22093.0,1874.0,54.15,3.24,5.16,19509.0,2134.0,47.82,4.37,6.65,3065.0,628.0,7.51,1.47,12.46,19832.0,1380.0,47.69,1.75,4.23,21749.0,1672.0,52.31,2.57,4.67,1782.0,497.0,4.29,1.17,16.95,1859.0,500.0,4.47,1.17,16.35,1839.0,394.0,4.42,0.91,13.02,1707.0,421.0,4.11,0.98,14.99,2214.0,432.0,5.32,0.99,11.86,6756.0,723.0,16.25,1.45,6.51,6552.0,954.0,15.76,2.1,8.85,5751.0,821.0,13.83,1.8,8.68,2734.0,550.0,6.58,1.26,12.23,2479.0,526.0,5.96,1.21,12.9,4704.0,1120.0,11.31,2.61,14.47,2482.0,546.0,5.97,1.26,13.37,722.0,246.0,1.74,0.58,20.71,6566.0,913.0,15.79,1.99,8.45,35015.0,2150.0,84.21,1.41,3.73,7908.0,1232.0,19.02,2.74,9.47,6514.0,1341.0,15.67,3.09,12.51,11008.0,1246.0,26.47,2.56,6.88,2780.0,621.0,6.69,1.44,13.58,514.0,334.0,1.24,0.8,39.5,731.0,227.0,1.76,0.54,18.88,10.0,20.0,0.02,0.05,121.58,20024.0,2791.0,48.16,6.08,8.47,28612.0,2828.0,68.81,5.45,6.01,12969.0,1248.0,31.19,2.37,5.85,9348.0,1089.0,22.48,2.26,7.08,1447.0,424.0,3.48,1.0,17.81,32.0,29.0,0.08,0.07,55.09,704.0,219.0,1.69,0.52,18.91,10.0,20.0,0.02,0.05,121.58,466.0,270.0,1.12,0.65,35.22,962.0,350.0,2.31,0.83,22.12
11104,11104,11104,12234.0,530.0,100,,2.63,2492.0,317.0,20.37,2.44,7.73,5212.0,730.0,19.43,2.47,8.51,283.0,114.0,5.43,2.05,24.49,266.0,171.0,5.1,3.2,39.08,1785.0,326.0,34.25,4.01,11.1,1113.0,269.0,21.35,4.21,14.69,1765.0,464.0,33.86,7.53,15.98,20901.0,1092.0,77.92,6.1,3.18,1012.0,277.0,4.84,1.3,16.64,462.0,143.0,2.21,0.67,18.82,4394.0,597.0,21.02,2.64,8.26,10720.0,857.0,51.29,3.1,4.86,22138.0,1153.0,82.53,6.45,3.17,242.0,96.0,1.09,0.43,24.12,26825.0,1563.0,100.0,0.0,3.54,1578.0,335.0,5.88,1.2,12.91,4687.0,649.0,17.47,2.19,8.42,58.0,63.0,1.24,1.33,66.03,18614.0,1098.0,69.39,0.64,3.59,878.0,223.0,4.72,1.17,15.44,3524.0,356.0,13.14,1.08,6.14,642.0,181.0,18.22,4.8,17.14,26438.0,1575.0,98.56,1.22,3.62,23689.0,1502.0,89.6,1.95,3.85,2485.0,465.0,9.4,1.67,11.38,264.0,119.0,1.0,0.45,27.4,26825.0,1563.0,100,,3.54,14494.0,1075.0,54.03,2.48,4.51,13525.0,973.0,50.42,2.13,4.37,969.0,267.0,3.61,0.97,16.75,12331.0,1217.0,45.97,3.66,6.0,5884.0,676.0,47.72,2.81,6.98,6447.0,1107.0,52.28,7.35,10.44,1790.0,395.0,14.52,2.87,13.41,5470.0,957.0,44.36,6.41,10.64,553.0,240.0,4.48,1.9,26.38,55.0,51.0,0.45,0.41,56.37,4421.0,837.0,35.85,5.79,11.51,42.0,37.0,0.34,0.3,53.55,25325.0,1419.0,94.41,7.63,3.41,9737.0,793.0,38.45,2.27,4.95,6690.0,960.0,26.42,3.49,8.72,5999.0,910.0,23.69,3.34,9.22,11828.0,543.0,96.68,1.47,2.79,11334.0,527.0,92.64,1.56,2.83,22824.0,1206.0,85.08,6.69,3.21,16038.0,1010.0,70.27,2.41,3.83,15035.0,891.0,65.87,1.77,3.6,1003.0,321.0,4.39,1.39,19.46,0.0,,0.0,,,6786.0,690.0,29.73,2.58,6.18,,,6.25,1.96,19.46,14527.0,928.0,54.15,1.42,3.88,1871.0,307.0,12.88,1.95,9.97,286.0,210.0,1.97,1.44,44.64,8243.0,708.0,56.74,3.26,5.22,913.0,234.0,6.28,1.56,15.58,2488.0,339.0,17.13,2.06,8.28,15035.0,891.0,56.05,0.61,3.6,4.0,8.0,0.03,0.05,121.58,679.0,225.0,4.52,1.47,20.14,571.0,226.0,3.8,1.49,24.06,196.0,99.0,1.3,0.65,30.71,1156.0,329.0,7.69,2.14,17.3,1070.0,274.0,7.12,1.77,15.57,744.0,205.0,4.95,1.33,16.75,1351.0,282.0,8.99,1.8,12.69,2661.0,361.0,17.7,2.16,8.25,3213.0,449.0,21.37,2.7,8.5,2094.0,390.0,13.93,2.46,11.32,635.0,174.0,4.22,1.13,16.66,661.0,201.0,4.4,1.31,18.49,449.0,148.0,3.67,1.2,20.04,261.0,111.0,2.13,0.9,25.85,546.0,193.0,4.46,1.57,21.49,649.0,168.0,5.3,1.35,15.74,1142.0,304.0,9.33,2.45,16.18,2231.0,388.0,18.24,3.07,10.57,1782.0,315.0,14.57,2.5,10.75,2387.0,405.0,19.51,3.2,10.31,1342.0,270.0,10.97,2.16,12.23,1445.0,260.0,11.81,2.06,10.94,10588.0,531.0,86.55,2.19,3.05,2218.0,308.0,18.13,2.39,8.44,1781.0,274.0,14.56,2.15,9.35,367.0,154.0,3.0,1.25,25.51,563.0,173.0,4.6,1.4,18.68,1046.0,227.0,8.55,1.82,13.19,25494.0,1527.0,95.04,1.32,3.64,17045.0,1525.0,63.54,4.31,5.44,10431.0,1176.0,38.89,3.75,6.85,1331.0,321.0,4.96,1.16,14.66,13050.0,918.0,48.65,1.92,4.28,13775.0,1024.0,51.35,2.37,4.52,1500.0,395.0,5.59,1.44,16.01,1155.0,364.0,4.31,1.33,19.16,1191.0,300.0,4.44,1.09,15.31,1076.0,250.0,4.01,0.9,14.12,1002.0,241.0,3.74,0.87,14.62,4848.0,555.0,18.07,1.78,6.96,5876.0,678.0,21.9,2.18,7.01,3547.0,429.0,13.22,1.4,7.35,1878.0,301.0,7.0,1.05,9.74,1228.0,263.0,4.58,0.94,13.02,2204.0,332.0,8.22,1.14,9.16,1064.0,242.0,3.97,0.87,13.83,256.0,155.0,0.95,0.58,36.81,4687.0,649.0,17.47,2.19,8.42,22138.0,1153.0,82.53,6.45,3.17,3524.0,356.0,13.14,1.08,6.14,4158.0,869.0,15.5,3.11,12.7,11994.0,1252.0,44.71,3.87,6.35,779.0,354.0,2.9,1.31,27.62,54.0,51.0,0.2,0.19,57.41,7601.0,1114.0,28.34,3.81,8.91,11.0,22.0,0.04,0.08,121.58,2228.0,508.0,8.31,1.83,13.86,7312.0,1020.0,27.26,3.45,8.48,19513.0,1226.0,72.74,1.71,3.82,10091.0,878.0,37.62,2.43,5.29,636.0,326.0,2.37,1.21,31.16,11.0,19.0,0.04,0.07,105.0,7601.0,1114.0,28.34,3.81,8.91,11.0,22.0,0.04,0.08,121.58,144.0,107.0,0.54,0.4,45.17,1019.0,272.0,3.8,0.99,16.23
11105,11105,11105,16068.0,589.0,100,,2.23,3413.0,427.0,21.24,2.54,7.61,7576.0,846.0,19.67,1.91,6.79,580.0,217.0,7.66,2.73,22.74,413.0,139.0,5.45,1.73,20.46,2360.0,412.0,31.15,4.18,10.61,1075.0,305.0,14.19,3.7,17.25,3148.0,433.0,41.55,3.34,8.36,29964.0,1527.0,77.81,5.86,3.1,1473.0,266.0,4.92,0.85,10.98,1149.0,289.0,3.83,0.94,15.29,5283.0,681.0,17.63,2.09,7.84,16356.0,1220.0,54.59,2.97,4.53,32517.0,1589.0,84.44,6.24,2.97,399.0,115.0,1.23,0.35,17.52,38507.0,2134.0,100.0,0.0,3.37,3900.0,553.0,10.13,1.32,8.62,5990.0,821.0,15.56,1.95,8.33,104.0,71.0,1.74,1.16,41.5,27357.0,1537.0,71.04,0.66,3.42,2026.0,471.0,7.41,1.67,14.13,5160.0,458.0,13.4,0.93,5.4,1770.0,300.0,34.3,4.95,10.3,38063.0,2082.0,98.85,7.7,3.33,34215.0,1999.0,89.89,1.85,3.55,3548.0,537.0,9.32,1.32,9.2,300.0,187.0,0.79,0.49,37.89,38507.0,2134.0,100,,3.37,26189.0,1593.0,68.01,1.71,3.7,24622.0,1534.0,63.94,1.82,3.79,1567.0,426.0,4.07,1.08,16.53,12318.0,1095.0,31.99,2.22,5.4,7817.0,681.0,63.46,7.9,5.3,4501.0,761.0,36.54,5.26,10.28,4040.0,517.0,32.8,3.02,7.78,3109.0,630.0,25.24,4.6,12.32,1531.0,501.0,12.43,3.91,19.89,14.0,18.0,0.11,0.15,78.16,3591.0,585.0,29.15,3.98,9.9,33.0,29.0,0.27,0.23,53.42,36357.0,1963.0,94.42,7.31,3.28,19287.0,1458.0,53.05,2.81,4.6,5795.0,687.0,15.94,1.68,7.21,5870.0,852.0,16.15,2.18,8.82,15482.0,621.0,96.35,1.57,2.44,15156.0,614.0,94.32,1.63,2.46,33049.0,1618.0,85.83,6.35,2.98,23362.0,1290.0,70.69,1.81,3.36,21507.0,1229.0,65.08,1.92,3.47,1855.0,500.0,5.61,1.49,16.39,0.0,,0.0,,,9687.0,836.0,29.31,2.08,5.25,,,7.94,2.09,16.39,20645.0,1219.0,53.61,1.09,3.59,4156.0,506.0,20.13,2.14,7.4,621.0,171.0,3.01,0.81,16.74,9924.0,769.0,48.07,2.41,4.71,1163.0,272.0,5.63,1.27,14.22,3927.0,647.0,19.02,2.93,10.02,21507.0,1229.0,55.85,0.78,3.47,6.0,10.0,0.03,0.05,101.32,1068.0,231.0,4.97,1.04,13.15,484.0,132.0,2.25,0.6,16.58,406.0,176.0,1.89,0.81,26.35,1767.0,320.0,8.22,1.41,11.01,1103.0,235.0,5.13,1.05,12.95,1561.0,331.0,7.26,1.48,12.89,1579.0,286.0,7.34,1.26,11.01,4401.0,551.0,20.46,2.28,7.61,4887.0,540.0,22.72,2.15,6.72,2530.0,424.0,11.76,1.85,10.19,994.0,268.0,4.62,1.22,16.39,721.0,167.0,3.35,0.75,14.08,675.0,186.0,4.2,1.15,16.75,356.0,134.0,2.22,0.83,22.88,812.0,185.0,5.05,1.14,13.85,897.0,259.0,5.58,1.6,17.55,925.0,160.0,5.76,0.97,10.52,2148.0,398.0,13.37,2.43,11.26,2199.0,297.0,13.69,1.78,8.21,3187.0,442.0,19.83,2.65,8.43,2031.0,331.0,12.64,2.01,9.91,2838.0,321.0,17.66,1.89,6.88,13713.0,616.0,85.34,2.22,2.73,3626.0,350.0,22.57,2.02,5.87,2168.0,263.0,13.49,1.56,7.37,467.0,170.0,2.91,1.05,22.13,512.0,144.0,3.19,0.89,17.1,1491.0,279.0,9.28,1.7,11.38,35974.0,2033.0,93.42,1.03,3.44,27442.0,2083.0,71.26,3.7,4.61,12589.0,1160.0,32.69,2.41,5.6,2533.0,596.0,6.58,1.5,14.3,19223.0,1150.0,49.92,1.12,3.64,19284.0,1253.0,50.08,1.7,3.95,2150.0,384.0,5.58,0.95,10.86,1698.0,427.0,4.41,1.08,15.29,1434.0,306.0,3.72,0.77,12.97,1249.0,329.0,3.24,0.84,16.01,2012.0,364.0,5.23,0.9,11.0,9756.0,1052.0,25.34,2.34,6.56,6505.0,588.0,16.89,1.21,5.49,4341.0,578.0,11.27,1.36,8.09,2508.0,544.0,6.51,1.37,13.19,1694.0,346.0,4.4,0.86,12.42,3090.0,418.0,8.02,0.99,8.22,1421.0,258.0,3.69,0.64,11.04,649.0,177.0,1.69,0.45,16.58,5990.0,821.0,15.56,1.95,8.33,32517.0,1589.0,84.44,6.24,2.97,5160.0,458.0,13.4,0.93,5.4,4330.0,823.0,11.24,2.04,11.55,25080.0,1625.0,65.13,2.19,3.94,1604.0,533.0,4.17,1.36,20.2,312.0,261.0,0.81,0.68,50.85,4133.0,806.0,10.73,2.01,11.86,43.0,79.0,0.11,0.21,111.68,3005.0,702.0,7.8,1.77,14.2,8615.0,1137.0,22.37,2.68,8.02,29892.0,1801.0,77.63,1.84,3.66,23062.0,1571.0,59.89,2.37,4.14,1288.0,442.0,3.34,1.13,20.86,28.0,43.0,0.07,0.11,93.36,3996.0,793.0,10.38,1.98,12.06,43.0,79.0,0.11,0.21,111.68,144.0,100.0,0.37,0.26,42.22,1331.0,368.0,3.46,0.94,16.81
10039,10039,10039,12427.0,833.0,100,,4.07,3470.0,579.0,27.92,4.27,10.14,6796.0,1479.0,22.27,4.39,13.23,208.0,149.0,3.06,2.09,43.55,493.0,407.0,7.25,5.78,50.19,2709.0,718.0,39.86,6.03,16.11,1943.0,577.0,28.59,5.78,18.05,1443.0,452.0,21.23,4.78,19.04,21944.0,1735.0,71.92,8.73,4.81,2360.0,636.0,10.75,2.77,16.38,1710.0,430.0,7.79,1.86,15.29,5828.0,974.0,26.56,3.91,10.16,5962.0,824.0,27.17,3.08,8.4,24000.0,2058.0,78.66,9.9,5.21,777.0,346.0,3.24,1.41,27.07,30512.0,2809.0,100.0,0.0,5.6,4914.0,931.0,16.11,2.67,11.52,6512.0,1349.0,21.34,3.96,12.59,239.0,151.0,3.67,2.19,38.41,20477.0,1984.0,67.11,2.03,5.89,3026.0,686.0,14.78,3.03,13.78,3523.0,528.0,11.55,1.37,9.11,1649.0,450.0,46.81,10.67,16.59,30399.0,2822.0,99.63,1.19,5.64,27639.0,2776.0,90.92,3.49,6.11,2673.0,973.0,8.79,3.09,22.13,87.0,91.0,0.29,0.3,63.59,30512.0,2809.0,100,,5.6,23362.0,2556.0,76.57,4.53,6.65,22702.0,2508.0,74.4,4.54,6.72,660.0,192.0,2.16,0.6,17.68,7150.0,1148.0,23.43,3.08,9.76,2756.0,575.0,38.55,5.14,12.68,4394.0,980.0,61.45,9.51,13.56,226.0,126.0,3.16,1.69,33.89,355.0,196.0,4.97,2.62,33.56,1356.0,423.0,18.97,5.07,18.96,0.0,,0.0,,,5098.0,1043.0,71.3,9.04,12.44,115.0,154.0,1.61,2.14,81.41,28594.0,2621.0,93.71,12.17,5.57,18601.0,1795.0,65.05,1.96,5.87,4728.0,986.0,16.53,3.1,12.68,8007.0,2014.0,28.0,6.56,15.29,11384.0,891.0,91.61,3.7,4.76,10639.0,829.0,85.61,3.4,4.74,24839.0,2079.0,81.41,10.13,5.09,14890.0,1285.0,59.95,1.26,5.25,12325.0,1058.0,49.62,0.95,5.22,2565.0,612.0,10.33,2.31,14.5,0.0,,0.0,,,9949.0,1471.0,40.05,4.88,8.99,,,17.23,3.83,14.5,11871.0,1069.0,38.91,5.01,5.47,718.0,254.0,6.05,2.07,21.51,283.0,185.0,2.38,1.54,39.74,8638.0,1014.0,72.77,5.48,7.14,686.0,392.0,5.78,3.26,34.74,1048.0,263.0,8.83,2.07,15.26,12325.0,1058.0,40.39,5.08,5.22,30.0,43.0,0.24,0.35,87.13,561.0,249.0,4.55,1.98,26.98,219.0,165.0,1.78,1.33,45.8,297.0,267.0,2.41,2.16,54.65,1538.0,531.0,12.48,4.17,20.99,1120.0,338.0,9.09,2.63,18.35,292.0,168.0,2.37,1.35,34.98,808.0,268.0,6.56,2.1,20.16,1164.0,365.0,9.44,2.85,19.06,3108.0,653.0,25.22,4.84,12.77,2047.0,533.0,16.61,4.08,15.83,606.0,212.0,4.92,1.67,21.27,535.0,275.0,4.34,2.2,31.25,1279.0,336.0,10.29,2.61,15.97,818.0,297.0,6.58,2.35,22.07,1272.0,533.0,10.24,4.23,25.47,973.0,315.0,7.83,2.48,19.68,1900.0,595.0,15.29,4.68,19.04,1968.0,446.0,15.84,3.43,13.78,1050.0,322.0,8.45,2.53,18.64,1771.0,486.0,14.25,3.79,16.68,878.0,306.0,7.07,2.42,21.19,518.0,177.0,4.17,1.4,20.77,9577.0,810.0,77.07,3.97,5.14,3138.0,551.0,25.25,4.1,10.67,2413.0,459.0,19.42,3.46,11.56,1711.0,520.0,13.77,4.08,18.48,1184.0,429.0,9.53,3.39,22.03,3899.0,667.0,31.38,4.94,10.4,27613.0,2605.0,90.5,1.86,5.73,16299.0,1852.0,53.42,3.56,6.91,14608.0,1917.0,47.88,4.48,7.98,2899.0,804.0,9.5,2.49,16.86,14329.0,1599.0,46.96,2.96,6.78,16183.0,1644.0,53.04,2.28,6.18,1918.0,519.0,6.29,1.6,16.45,1359.0,697.0,4.45,2.25,31.18,1956.0,548.0,6.41,1.7,17.03,1908.0,540.0,6.25,1.67,17.2,1427.0,502.0,4.68,1.59,21.39,5033.0,899.0,16.5,2.52,10.86,4247.0,820.0,13.92,2.36,11.74,5099.0,724.0,16.71,1.81,8.63,2165.0,660.0,7.1,2.06,18.53,1877.0,549.0,6.15,1.71,17.78,2214.0,456.0,7.26,1.34,12.52,1045.0,313.0,3.42,0.98,18.21,264.0,156.0,0.87,0.51,35.92,6512.0,1349.0,21.34,3.96,12.59,24000.0,2058.0,78.66,9.9,5.21,3523.0,528.0,11.55,1.37,9.11,5608.0,1993.0,18.38,6.31,21.6,3183.0,726.0,10.43,2.18,13.87,16742.0,1886.0,54.87,3.56,6.85,143.0,151.0,0.47,0.49,64.19,446.0,234.0,1.46,0.76,31.89,0.0,,0.0,,,4390.0,1017.0,14.39,3.06,14.08,9987.0,2097.0,32.73,6.18,12.76,20525.0,2124.0,67.27,3.18,6.29,2126.0,605.0,6.97,1.88,17.3,16308.0,1837.0,53.45,3.47,6.85,0.0,,0.0,,,446.0,234.0,1.46,0.76,31.89,0.0,,0.0,,,445.0,389.0,1.46,1.27,53.14,1200.0,525.0,3.93,1.68,26.6
10128,10128,10128,30154.0,1383.0,100,,2.79,5126.0,543.0,17.0,1.62,6.44,8758.0,866.0,14.84,1.26,6.01,755.0,387.0,8.62,4.34,31.16,438.0,211.0,5.0,2.36,29.28,3044.0,527.0,34.76,4.94,10.52,1706.0,392.0,19.48,4.04,13.97,2815.0,441.0,32.14,3.91,9.52,47586.0,2529.0,80.65,1.16,3.23,876.0,495.0,1.84,1.04,34.35,1129.0,537.0,2.37,1.12,28.91,3554.0,895.0,7.47,1.84,15.31,36861.0,1923.0,77.46,5.77,3.17,51023.0,2586.0,86.48,6.23,3.08,1067.0,363.0,2.09,0.7,20.68,58919.0,3025.0,99.86,0.42,3.12,6352.0,1220.0,10.78,2.0,11.68,7953.0,926.0,13.48,1.41,7.08,310.0,214.0,3.9,2.65,41.96,37721.0,2300.0,63.93,2.12,3.71,2196.0,555.0,5.82,1.43,15.36,13245.0,1258.0,22.45,1.8,5.77,3846.0,1008.0,29.04,7.09,15.93,58530.0,3016.0,99.2,0.6,3.13,48831.0,2767.0,83.43,1.97,3.44,9214.0,1199.0,15.74,1.88,7.91,485.0,268.0,0.83,0.46,33.59,59000.0,3019.0,100,,3.11,44395.0,2282.0,75.25,0.37,3.12,42771.0,2158.0,72.49,5.21,3.07,1624.0,428.0,2.75,0.71,16.02,14605.0,1760.0,24.75,2.7,7.33,8491.0,1121.0,58.14,3.14,8.03,6114.0,1190.0,41.86,6.4,11.83,3707.0,607.0,25.38,2.81,9.95,5670.0,1093.0,38.82,5.84,11.72,1284.0,666.0,8.79,4.44,31.53,400.0,233.0,2.74,1.56,35.41,3018.0,771.0,20.66,4.65,15.53,526.0,182.0,3.6,1.17,21.03,56229.0,2766.0,95.3,6.76,2.99,39690.0,2314.0,70.59,2.21,3.54,3787.0,745.0,6.73,1.28,11.96,5327.0,1070.0,9.47,1.84,12.21,29398.0,1339.0,97.49,6.3,2.77,28752.0,1190.0,95.35,5.89,2.52,51958.0,2569.0,88.06,6.27,3.01,34696.0,2026.0,66.78,2.07,3.55,32863.0,1787.0,63.25,1.43,3.31,1809.0,584.0,3.48,1.11,19.62,24.0,43.0,0.05,0.08,108.92,17262.0,1687.0,33.22,2.8,5.94,,,5.21,1.66,19.62,32259.0,1742.0,54.68,0.94,3.28,1654.0,353.0,5.13,1.06,12.97,450.0,190.0,1.39,0.58,25.67,16229.0,1198.0,50.31,2.53,4.49,3920.0,702.0,12.15,2.07,10.89,8300.0,1074.0,25.73,3.03,7.87,32863.0,1787.0,55.7,1.02,3.31,0.0,,0.0,,,715.0,299.0,2.18,0.9,25.42,896.0,237.0,2.73,0.71,16.08,471.0,254.0,1.43,0.77,32.78,1699.0,383.0,5.17,1.13,13.7,665.0,244.0,2.02,0.73,22.31,1848.0,461.0,5.62,1.37,15.16,5766.0,771.0,17.55,2.14,8.13,8472.0,813.0,25.78,2.04,5.83,8636.0,1051.0,26.28,2.86,7.4,1678.0,450.0,5.11,1.34,16.3,1263.0,331.0,3.84,0.99,15.93,754.0,256.0,2.29,0.77,20.64,1676.0,554.0,5.56,1.82,20.09,760.0,390.0,2.52,1.29,31.2,829.0,242.0,2.75,0.79,17.75,1380.0,657.0,4.58,2.17,28.94,1253.0,470.0,4.16,1.55,22.8,2213.0,470.0,7.34,1.52,12.91,2617.0,490.0,8.68,1.58,11.38,4464.0,874.0,14.8,2.82,11.9,3465.0,573.0,11.49,1.83,10.05,11497.0,930.0,38.13,2.54,4.92,23241.0,1239.0,77.07,2.09,3.24,8343.0,1004.0,27.67,3.08,7.32,6614.0,841.0,21.93,2.6,7.73,931.0,477.0,3.09,1.58,31.15,1112.0,519.0,3.69,1.71,28.37,1833.0,642.0,6.08,2.11,21.29,56231.0,2908.0,95.44,0.59,3.14,47287.0,2734.0,80.26,2.13,3.51,16947.0,1908.0,28.76,2.88,6.84,2688.0,956.0,4.56,1.61,21.62,26196.0,1685.0,44.4,1.73,3.91,32804.0,2136.0,55.6,2.24,3.96,2771.0,631.0,4.7,1.04,13.84,2035.0,421.0,3.45,0.69,12.58,1875.0,356.0,3.18,0.58,11.54,2020.0,443.0,3.42,0.73,13.33,2713.0,533.0,4.6,0.87,11.94,11385.0,1213.0,19.3,1.8,6.48,8328.0,1139.0,14.12,1.79,8.31,7181.0,965.0,12.17,1.51,8.17,4186.0,1004.0,7.09,1.66,14.58,3213.0,548.0,5.45,0.89,10.37,6922.0,909.0,11.73,1.42,7.98,4530.0,796.0,7.68,1.29,10.68,1841.0,374.0,3.12,0.61,12.35,7953.0,926.0,13.48,1.41,7.08,51047.0,2579.0,86.52,6.22,3.07,13293.0,1258.0,22.53,1.79,5.75,5218.0,1367.0,8.84,2.27,15.93,41579.0,2446.0,70.47,2.05,3.58,3173.0,1255.0,5.38,2.11,24.04,106.0,101.0,0.18,0.17,57.92,6166.0,918.0,10.45,1.46,9.05,72.0,90.0,0.12,0.15,75.99,2686.0,846.0,4.55,1.41,19.15,7406.0,1283.0,12.55,2.08,10.53,51594.0,2443.0,87.45,6.1,2.88,39759.0,2307.0,67.39,1.84,3.53,3121.0,1256.0,5.29,2.11,24.46,89.0,98.0,0.15,0.17,66.94,6111.0,923.0,10.36,1.47,9.18,72.0,90.0,0.12,0.15,75.99,536.0,290.0,0.91,0.49,32.89,1906.0,422.0,3.23,0.7,13.46
10044,10044,10044,5146.0,524.0,100,,6.19,1290.0,240.0,25.07,3.9,11.31,2606.0,480.0,21.72,3.51,11.2,328.0,178.0,12.59,6.42,32.99,216.0,114.0,8.29,4.1,32.08,894.0,319.0,34.31,10.48,21.69,348.0,178.0,13.35,6.37,31.09,820.0,289.0,31.47,9.45,21.42,9119.0,794.0,76.0,9.44,5.29,340.0,89.0,3.73,0.92,15.91,223.0,138.0,2.45,1.5,37.62,1020.0,218.0,11.19,2.18,12.99,6563.0,760.0,71.97,5.49,7.04,9723.0,834.0,81.04,9.99,5.21,184.0,113.0,1.89,1.15,37.33,11313.0,1057.0,94.29,2.82,5.68,775.0,225.0,6.85,1.88,17.65,2275.0,498.0,18.96,3.8,13.31,6.0,10.0,0.26,0.44,101.32,7204.0,750.0,60.04,3.29,6.33,233.0,136.0,3.23,1.86,35.48,1834.0,361.0,15.29,2.69,11.97,536.0,178.0,29.23,7.82,20.19,11812.0,1066.0,98.45,1.73,5.49,9300.0,1072.0,78.73,5.65,7.01,1639.0,527.0,13.88,4.28,19.55,873.0,316.0,7.39,2.59,22.0,11998.0,1062.0,100,,5.38,5513.0,771.0,45.95,4.98,8.5,5220.0,735.0,43.51,4.76,8.56,293.0,140.0,2.44,1.15,29.05,6485.0,799.0,54.05,4.63,7.49,1844.0,420.0,28.43,5.45,13.85,4641.0,663.0,71.57,5.17,8.68,1323.0,390.0,20.4,5.46,17.92,3407.0,652.0,52.54,7.69,11.63,611.0,251.0,9.42,3.69,24.97,0.0,,0.0,,,1085.0,334.0,16.73,4.72,18.71,59.0,54.0,0.91,0.83,55.64,11031.0,979.0,91.94,0.59,5.4,4779.0,731.0,43.32,5.4,9.3,2350.0,420.0,21.3,3.3,10.86,778.0,215.0,7.05,1.85,16.8,5069.0,524.0,98.5,1.75,6.28,4693.0,501.0,91.2,2.92,6.49,9842.0,856.0,82.03,10.18,5.29,5899.0,666.0,59.94,4.31,6.86,5700.0,656.0,57.92,4.37,7.0,199.0,99.0,2.02,0.99,30.24,0.0,,0.0,,,3943.0,492.0,40.06,3.58,7.59,,,3.37,1.63,30.24,5567.0,663.0,46.4,3.7,7.24,282.0,107.0,5.07,1.82,23.07,47.0,42.0,0.84,0.75,54.32,3435.0,519.0,61.7,5.74,9.18,171.0,84.0,3.07,1.46,29.86,1168.0,284.0,20.98,4.45,14.78,5700.0,656.0,47.51,3.49,7.0,0.0,,0.0,,,19.0,32.0,0.33,0.56,102.38,168.0,90.0,2.95,1.54,32.57,40.0,45.0,0.7,0.79,68.39,221.0,97.0,3.88,1.64,26.68,147.0,73.0,2.58,1.25,30.19,358.0,137.0,6.28,2.29,23.26,1029.0,282.0,18.05,4.49,16.66,943.0,326.0,16.54,5.39,21.02,1898.0,425.0,33.3,6.4,13.61,310.0,143.0,5.44,2.43,28.04,101.0,64.0,1.77,1.1,38.52,466.0,205.0,8.18,3.47,26.74,330.0,135.0,6.41,2.54,24.87,160.0,109.0,3.11,2.09,41.41,211.0,114.0,4.1,2.18,32.84,151.0,106.0,2.93,2.04,42.67,282.0,198.0,5.48,3.81,42.68,749.0,297.0,14.55,5.58,24.11,574.0,210.0,11.15,3.92,22.24,785.0,189.0,15.25,3.33,14.64,450.0,148.0,8.74,2.73,19.99,1454.0,313.0,28.25,5.36,13.09,4154.0,494.0,80.72,4.96,7.23,1132.0,275.0,22.0,4.85,14.77,783.0,278.0,15.22,5.18,21.58,129.0,80.0,2.51,1.53,37.7,217.0,118.0,4.22,2.25,33.06,435.0,150.0,8.45,2.78,20.96,10826.0,1034.0,95.7,1.9,5.81,8857.0,1121.0,78.29,6.68,7.69,3009.0,579.0,26.6,4.47,11.7,487.0,170.0,4.3,1.45,21.22,5561.0,571.0,46.35,2.41,6.24,6437.0,697.0,53.65,3.35,6.58,967.0,268.0,8.06,2.12,16.85,530.0,157.0,4.42,1.25,18.01,550.0,299.0,4.58,2.46,33.05,377.0,181.0,3.14,1.48,29.19,455.0,177.0,3.79,1.44,23.65,2088.0,400.0,17.4,2.96,11.65,2406.0,409.0,20.05,2.91,10.33,1270.0,345.0,10.59,2.72,16.51,473.0,159.0,3.94,1.28,20.43,689.0,176.0,5.74,1.38,15.53,1270.0,315.0,10.59,2.45,15.08,565.0,180.0,4.71,1.44,19.37,358.0,183.0,2.98,1.5,31.07,2275.0,498.0,18.96,3.8,13.31,9723.0,834.0,81.04,9.99,5.21,2193.0,369.0,18.28,2.62,10.23,916.0,301.0,7.63,2.42,19.98,5063.0,790.0,42.2,5.42,9.49,1772.0,476.0,14.77,3.75,16.33,0.0,,0.0,,,3538.0,878.0,29.49,6.84,15.09,0.0,,0.0,,,709.0,285.0,5.91,2.32,24.44,1230.0,353.0,10.25,2.8,17.45,10768.0,1037.0,89.75,3.41,5.85,4953.0,778.0,41.28,5.36,9.55,1726.0,475.0,14.39,3.75,16.73,0.0,,0.0,,,3530.0,879.0,29.42,6.85,15.14,0.0,,0.0,,,172.0,162.0,1.43,1.34,57.26,387.0,183.0,3.23,1.5,28.75
10065,10065,10065,16706.0,1056.0,100,,3.84,3227.0,565.0,19.32,3.15,10.64,5260.0,1174.0,16.94,3.54,13.57,669.0,342.0,12.72,5.85,31.08,195.0,202.0,3.71,3.75,62.97,2025.0,612.0,38.5,7.84,18.37,905.0,320.0,17.21,4.72,21.49,1466.0,333.0,27.87,1.18,13.81,24999.0,1794.0,80.52,8.57,4.36,310.0,182.0,1.24,0.72,35.69,133.0,93.0,0.53,0.37,42.51,1232.0,396.0,4.93,1.54,19.54,21486.0,1764.0,85.95,3.43,4.99,25972.0,1815.0,83.65,8.8,4.25,1008.0,459.0,3.88,1.75,27.68,31040.0,2440.0,99.98,0.17,4.78,3366.0,769.0,10.84,2.33,13.89,5075.0,1076.0,16.35,3.22,12.89,133.0,127.0,2.62,2.44,58.05,19036.0,1752.0,61.31,2.94,5.59,1086.0,386.0,5.7,1.96,21.61,6929.0,848.0,22.32,2.09,7.44,2147.0,574.0,30.99,7.37,16.25,30551.0,2439.0,98.4,1.38,4.85,24119.0,2041.0,78.95,2.22,5.14,4513.0,847.0,14.77,2.51,11.41,1919.0,1094.0,6.28,3.55,34.66,31047.0,2440.0,100,,4.78,22202.0,1821.0,71.51,1.68,4.99,21592.0,1771.0,69.55,1.63,4.99,610.0,290.0,1.96,0.92,28.9,8845.0,1213.0,28.49,3.2,8.34,5032.0,795.0,56.89,4.46,9.6,3813.0,877.0,43.11,7.96,13.98,2745.0,651.0,31.03,6.0,14.42,3875.0,863.0,43.81,7.69,13.54,239.0,121.0,2.7,1.32,30.78,116.0,70.0,1.31,0.77,36.68,1368.0,482.0,15.47,5.02,21.42,502.0,216.0,5.68,2.31,26.16,29092.0,2262.0,93.7,10.36,4.73,20394.0,1666.0,70.1,1.76,4.97,1482.0,362.0,5.09,1.18,14.85,2248.0,827.0,7.73,2.78,22.36,15975.0,1020.0,95.62,0.86,3.88,15432.0,1016.0,92.37,1.7,4.0,26506.0,1873.0,85.37,9.02,4.3,18200.0,1648.0,68.66,3.89,5.5,17520.0,1629.0,66.1,3.99,5.65,680.0,260.0,2.57,0.96,23.24,0.0,,0.0,,,8306.0,983.0,31.34,2.97,7.19,,,3.74,1.39,23.24,17240.0,1614.0,55.53,2.82,5.69,844.0,305.0,4.9,1.71,21.97,177.0,115.0,1.03,0.66,39.5,5632.0,996.0,32.67,4.9,10.75,5563.0,834.0,32.27,3.78,9.11,3735.0,704.0,21.66,3.54,11.46,17520.0,1629.0,56.43,2.8,5.65,55.0,63.0,0.31,0.36,69.63,121.0,187.0,0.69,1.07,93.95,513.0,240.0,2.93,1.34,28.44,162.0,161.0,0.92,0.91,60.42,785.0,259.0,4.48,1.42,20.06,558.0,383.0,3.18,2.17,41.73,1490.0,444.0,8.5,2.41,18.11,3716.0,841.0,21.21,4.38,13.76,3737.0,573.0,21.33,2.6,9.32,4436.0,839.0,25.32,4.17,11.5,911.0,293.0,5.2,1.6,19.55,652.0,314.0,3.72,1.76,29.28,384.0,239.0,2.19,1.35,37.84,498.0,199.0,2.98,1.18,24.29,445.0,324.0,2.66,1.93,44.26,585.0,241.0,3.5,1.43,25.04,512.0,231.0,3.06,1.37,27.43,1086.0,404.0,6.5,2.38,22.61,1201.0,403.0,7.19,2.37,20.4,731.0,257.0,4.38,1.51,21.37,2695.0,618.0,16.13,3.56,13.94,2074.0,495.0,12.41,2.86,14.51,6879.0,845.0,41.18,4.34,7.47,12894.0,1073.0,77.18,4.18,5.06,4566.0,584.0,27.33,3.04,7.78,3472.0,579.0,20.78,3.21,10.14,513.0,253.0,3.07,1.5,29.98,172.0,101.0,1.03,0.6,35.7,351.0,228.0,2.1,1.36,39.49,30672.0,2420.0,98.81,0.67,4.8,27289.0,2401.0,87.92,3.47,5.35,8119.0,923.0,26.16,2.15,6.91,368.0,157.0,1.19,0.5,25.93,13696.0,1175.0,44.11,1.52,5.22,17351.0,1745.0,55.89,3.51,6.11,1955.0,596.0,6.3,1.85,18.53,1214.0,494.0,3.91,1.56,24.74,1086.0,340.0,3.5,1.06,19.03,1009.0,327.0,3.25,1.02,19.7,784.0,302.0,2.53,0.95,23.42,7009.0,1202.0,22.58,3.44,10.43,4066.0,814.0,13.1,2.41,12.17,3706.0,753.0,11.94,2.24,12.35,1867.0,513.0,6.01,1.58,16.7,1418.0,403.0,4.57,1.25,17.28,2542.0,530.0,8.19,1.58,12.67,3016.0,618.0,9.71,1.84,12.46,1375.0,467.0,4.43,1.46,20.65,5075.0,1076.0,16.35,3.22,12.89,25972.0,1815.0,83.65,8.8,4.25,6933.0,848.0,22.33,2.09,7.44,1987.0,558.0,6.4,1.73,17.07,23642.0,1953.0,76.15,1.94,5.02,680.0,277.0,2.19,0.88,24.76,0.0,,0.0,,,4055.0,812.0,13.06,2.41,12.17,0.0,,0.0,,,683.0,363.0,2.2,1.16,32.31,3099.0,943.0,9.98,2.93,18.5,27948.0,2169.0,90.02,9.94,4.72,22144.0,1656.0,71.32,7.74,4.55,624.0,266.0,2.01,0.84,25.91,0.0,,0.0,,,4055.0,812.0,13.06,2.41,12.17,0.0,,0.0,,,260.0,225.0,0.84,0.72,52.61,865.0,309.0,2.79,0.97,21.72
10069,10069,10069,3202.0,588.0,100,,11.16,1054.0,436.0,32.92,12.2,25.15,1269.0,505.0,19.03,5.69,24.19,235.0,194.0,18.52,13.39,50.18,65.0,68.0,5.12,4.96,63.6,442.0,209.0,34.83,8.9,28.74,315.0,354.0,24.82,26.09,68.32,212.0,147.0,16.71,9.49,42.15,4958.0,1147.0,74.34,26.01,14.06,0.0,,0.0,,,0.0,,0.0,,,372.0,361.0,7.5,7.07,58.99,4514.0,1094.0,91.04,6.58,14.73,5018.0,1139.0,75.24,26.11,13.8,68.0,107.0,1.36,2.11,95.66,6669.0,1750.0,100.0,0.0,15.95,235.0,231.0,3.52,3.34,59.76,1651.0,968.0,24.76,12.98,35.64,0.0,,0.0,,,4490.0,1111.0,67.33,24.28,15.04,62.0,88.0,1.38,1.93,86.28,528.0,330.0,7.92,4.49,37.99,173.0,213.0,32.77,34.76,74.85,6642.0,1749.0,99.6,2.19,16.01,5247.0,1746.0,79.0,16.07,20.23,1211.0,501.0,18.23,5.82,25.15,184.0,145.0,2.77,2.06,47.91,6669.0,1750.0,100,,15.95,4693.0,1612.0,70.37,15.6,20.88,4620.0,1618.0,69.28,16.07,21.29,73.0,57.0,1.09,0.8,47.47,1976.0,633.0,29.63,5.44,19.47,1333.0,635.0,67.46,23.78,28.96,643.0,256.0,32.54,7.69,24.2,317.0,188.0,16.04,8.01,36.05,1182.0,386.0,59.82,3.79,19.85,0.0,,0.0,,,136.0,118.0,6.88,5.55,52.74,305.0,314.0,15.44,15.1,62.58,36.0,59.0,1.82,2.93,99.63,5931.0,1362.0,88.93,31.01,13.96,4171.0,1215.0,70.33,12.6,17.71,630.0,358.0,10.62,5.52,34.54,381.0,323.0,6.42,5.24,51.54,3202.0,588.0,100.0,0.0,11.16,3202.0,588.0,100.0,0.0,11.16,5082.0,1147.0,76.2,26.38,13.72,3936.0,1099.0,77.45,12.73,16.97,3202.0,659.0,63.01,19.25,12.51,734.0,707.0,14.44,13.52,58.55,0.0,,0.0,,,1146.0,448.0,22.55,7.2,23.76,,,18.65,17.19,58.55,3202.0,659.0,48.01,16.01,12.51,232.0,261.0,7.25,8.01,68.39,58.0,70.0,1.81,2.15,73.37,1205.0,337.0,37.63,7.13,17.0,666.0,336.0,20.8,9.58,30.67,470.0,177.0,14.68,4.63,22.89,3202.0,659.0,48.01,16.01,12.51,0.0,,0.0,,,0.0,,0.0,,,73.0,83.0,2.28,2.55,69.12,26.0,43.0,0.81,1.33,100.54,413.0,507.0,12.9,15.61,74.63,0.0,,0.0,,,303.0,207.0,9.46,6.16,41.53,1102.0,368.0,34.42,9.05,20.3,528.0,207.0,16.49,5.5,23.83,642.0,315.0,20.05,8.93,29.83,62.0,88.0,1.94,2.72,86.28,53.0,81.0,1.66,2.51,92.91,0.0,,0.0,,,509.0,372.0,15.9,11.25,44.43,30.0,52.0,0.94,1.61,105.37,80.0,102.0,2.5,3.15,77.51,72.0,90.0,2.25,2.78,75.99,23.0,39.0,0.72,1.21,103.08,113.0,102.0,3.53,3.12,54.87,250.0,153.0,7.81,4.56,37.2,193.0,139.0,6.03,4.2,43.78,87.0,55.0,2.72,1.64,38.43,1845.0,480.0,57.62,10.62,15.82,2596.0,494.0,81.07,4.05,11.57,235.0,189.0,7.34,5.75,48.89,165.0,98.0,5.15,2.91,36.11,33.0,55.0,1.03,1.71,101.32,0.0,,0.0,,,314.0,358.0,9.81,11.03,69.31,6498.0,1787.0,97.44,8.02,16.72,5415.0,1242.0,81.2,28.3,13.94,1265.0,1275.0,18.97,18.46,61.27,171.0,145.0,2.56,2.07,51.55,3727.0,1253.0,55.89,11.75,20.44,2942.0,689.0,44.11,15.52,14.24,738.0,580.0,11.07,8.2,47.78,255.0,150.0,3.82,2.01,35.76,577.0,396.0,8.65,5.49,41.72,81.0,67.0,1.21,0.95,50.28,60.0,78.0,0.9,1.15,79.03,828.0,275.0,12.42,2.53,20.19,1708.0,658.0,25.61,7.22,23.42,1052.0,385.0,15.77,4.02,22.25,681.0,608.0,10.21,8.71,54.27,161.0,138.0,2.41,1.97,52.11,216.0,158.0,3.24,2.21,44.47,244.0,206.0,3.66,2.94,51.32,68.0,107.0,1.02,1.58,95.66,1651.0,968.0,24.76,12.98,35.64,5018.0,1139.0,75.24,26.11,13.8,528.0,330.0,7.92,4.49,37.99,425.0,221.0,6.37,2.86,31.61,3036.0,740.0,45.52,16.3,14.82,203.0,190.0,3.04,2.73,56.9,0.0,,0.0,,,1947.0,821.0,29.19,9.64,25.63,0.0,,0.0,,,1058.0,1246.0,15.86,18.21,71.59,556.0,360.0,8.34,4.93,39.36,6113.0,1713.0,91.66,9.01,17.03,2945.0,742.0,44.16,16.06,15.32,105.0,119.0,1.57,1.74,68.9,0.0,,0.0,,,1947.0,821.0,29.19,9.64,25.63,0.0,,0.0,,,821.0,1209.0,12.31,17.84,89.52,295.0,189.0,4.42,2.59,38.95
10075,10075,"10075, 10162",13419.0,1134.0,100,,5.14,2443.0,536.0,18.21,3.69,13.34,4745.0,1083.0,18.51,3.79,13.87,467.0,255.0,9.84,4.88,33.19,106.0,88.0,2.23,1.78,50.47,1218.0,468.0,25.67,7.93,23.36,1148.0,379.0,24.19,5.77,20.07,1806.0,888.0,38.06,16.58,29.89,20092.0,1886.0,78.38,10.83,5.71,114.0,71.0,0.57,0.35,37.86,327.0,257.0,1.63,1.27,47.78,1441.0,710.0,7.17,3.47,29.95,16771.0,1787.0,83.47,4.21,6.48,21808.0,2212.0,85.07,0.25,6.17,361.0,195.0,1.66,0.88,32.84,25114.0,2600.0,97.97,2.05,6.29,1607.0,558.0,6.4,2.12,21.11,3767.0,849.0,14.7,2.96,13.7,44.0,45.0,1.17,1.17,62.17,15268.0,1990.0,59.56,4.88,7.92,314.0,176.0,2.06,1.12,34.07,6079.0,986.0,23.71,3.0,9.86,1249.0,533.0,20.55,8.11,25.94,25359.0,2579.0,98.93,0.79,6.18,21223.0,2497.0,83.69,4.95,7.15,3571.0,1184.0,14.08,4.44,20.16,565.0,558.0,2.23,2.19,60.04,25634.0,2599.0,100,,6.16,19529.0,2467.0,76.18,5.74,7.68,19067.0,2342.0,74.38,5.16,7.47,462.0,403.0,1.8,1.56,53.03,6105.0,1188.0,23.82,3.96,11.83,3020.0,704.0,49.47,6.35,14.17,3085.0,1017.0,50.53,13.45,20.04,1919.0,678.0,31.43,9.27,21.48,1976.0,694.0,32.37,9.46,21.35,599.0,576.0,9.81,9.24,58.46,251.0,252.0,4.11,4.05,61.03,926.0,437.0,15.17,6.52,28.69,434.0,306.0,7.11,4.82,42.86,24420.0,2528.0,95.26,1.99,6.29,18237.0,2286.0,74.68,5.28,7.62,1067.0,386.0,4.37,1.51,21.99,1180.0,512.0,4.83,2.04,26.38,13294.0,1143.0,99.07,1.57,5.23,12826.0,1126.0,95.58,2.27,5.34,22543.0,2312.0,87.94,1.36,6.23,14562.0,1487.0,64.6,9.35,6.21,14032.0,1476.0,62.25,1.45,6.39,471.0,264.0,2.09,1.15,34.07,59.0,70.0,0.26,0.31,72.12,7981.0,1414.0,35.4,5.11,10.77,,,3.23,1.78,34.07,13955.0,1473.0,54.44,1.6,6.42,1234.0,423.0,8.84,2.88,20.84,299.0,277.0,2.14,1.97,56.32,5236.0,926.0,37.52,5.32,10.75,3279.0,839.0,23.5,5.48,15.55,2748.0,593.0,19.69,3.71,13.12,14032.0,1476.0,54.74,1.53,6.39,0.0,,0.0,,,166.0,141.0,1.18,1.0,51.64,374.0,172.0,2.67,1.19,27.96,188.0,112.0,1.34,0.79,36.22,603.0,336.0,4.3,2.35,33.87,165.0,175.0,1.18,1.24,64.47,740.0,387.0,5.27,2.7,31.79,3100.0,619.0,22.09,3.75,12.14,3373.0,844.0,24.04,5.46,15.21,3693.0,791.0,26.32,4.91,13.02,761.0,324.0,5.42,2.24,25.88,311.0,247.0,2.22,1.74,48.28,558.0,315.0,3.98,2.21,34.32,858.0,503.0,6.39,3.71,35.64,476.0,321.0,3.55,2.37,41.0,659.0,419.0,4.91,3.09,38.65,215.0,162.0,1.6,1.2,45.8,599.0,332.0,4.46,2.45,33.69,1251.0,388.0,9.32,2.78,18.85,982.0,340.0,7.32,2.46,21.05,1901.0,534.0,14.17,3.8,17.08,1134.0,356.0,8.45,2.56,19.08,5344.0,890.0,39.82,5.72,10.12,10367.0,1014.0,77.26,3.8,5.95,3651.0,627.0,27.21,4.07,10.44,2684.0,543.0,20.0,3.68,12.3,202.0,268.0,1.51,1.99,80.65,41.0,50.0,0.31,0.37,74.13,158.0,117.0,1.18,0.87,45.02,24418.0,2627.0,97.23,2.85,6.54,21564.0,2645.0,85.86,5.65,7.46,6233.0,979.0,24.82,2.93,9.55,696.0,390.0,2.77,1.53,34.06,10881.0,1344.0,42.45,2.99,7.51,14753.0,1663.0,57.55,2.84,6.85,1214.0,451.0,4.74,1.69,22.58,541.0,253.0,2.11,0.96,28.43,1025.0,451.0,4.0,1.71,26.75,1299.0,484.0,5.07,1.82,22.65,1463.0,841.0,5.71,3.23,34.95,4347.0,872.0,16.96,2.94,12.19,3067.0,782.0,11.96,2.8,15.5,3381.0,714.0,13.19,2.44,12.84,1488.0,459.0,5.8,1.69,18.75,1299.0,518.0,5.07,1.95,24.24,3367.0,844.0,13.13,3.01,15.24,2458.0,782.0,9.59,2.89,19.34,685.0,270.0,2.67,1.02,23.96,3767.0,849.0,14.7,2.96,13.7,21867.0,2204.0,85.3,12.2,6.13,6510.0,987.0,25.4,2.86,9.22,1318.0,446.0,5.14,1.66,20.57,21314.0,2431.0,83.15,4.34,6.93,215.0,113.0,0.84,0.43,31.95,0.0,,0.0,,,2327.0,796.0,9.08,2.97,20.79,195.0,245.0,0.76,0.95,76.38,265.0,179.0,1.03,0.69,41.06,1673.0,652.0,6.53,2.46,23.69,23961.0,2587.0,93.47,3.47,6.56,20182.0,2409.0,78.73,4.96,7.26,215.0,113.0,0.84,0.43,31.95,0.0,,0.0,,,2327.0,796.0,9.08,2.97,20.79,195.0,245.0,0.76,0.95,76.38,59.0,94.0,0.23,0.37,96.85,983.0,426.0,3.83,1.62,26.34
10280,10280,10280,4222.0,755.0,100,,10.87,925.0,370.0,21.91,7.84,24.32,1192.0,429.0,13.75,4.23,21.88,0.0,,0.0,,,60.0,96.0,5.03,7.85,97.26,353.0,305.0,29.61,23.26,52.52,362.0,191.0,30.37,11.72,32.07,417.0,207.0,34.98,11.96,30.18,7065.0,1397.0,81.51,5.24,12.02,30.0,49.0,0.42,0.69,99.29,0.0,,0.0,,,332.0,183.0,4.7,2.42,33.51,6330.0,1359.0,89.6,7.49,13.05,7630.0,1400.0,88.02,23.06,11.15,26.0,42.0,0.34,0.55,98.2,8668.0,1621.0,100.0,0.0,11.37,372.0,235.0,4.29,2.59,38.4,1038.0,419.0,11.98,4.28,24.54,31.0,50.0,2.99,4.66,98.05,6886.0,1371.0,79.44,5.43,12.1,221.0,178.0,3.21,2.5,48.96,744.0,238.0,8.58,2.23,19.45,120.0,113.0,16.13,14.28,57.24,8537.0,1624.0,98.49,3.43,11.56,6981.0,1545.0,81.77,9.25,13.45,1556.0,734.0,18.23,7.87,28.68,0.0,,0.0,,,8668.0,1621.0,100,,11.37,5928.0,1164.0,68.39,4.09,11.94,5811.0,1151.0,67.04,4.38,12.04,117.0,98.0,1.35,1.1,50.92,2740.0,874.0,31.61,8.17,19.39,1847.0,649.0,67.41,9.93,21.36,893.0,580.0,32.59,18.44,39.48,595.0,370.0,21.72,11.59,37.8,1748.0,728.0,63.8,17.08,25.32,0.0,,0.0,,,0.0,,0.0,,,397.0,209.0,14.49,6.07,32.0,0.0,,0.0,,,8378.0,1589.0,96.65,3.06,11.53,4742.0,1149.0,56.6,8.53,14.73,228.0,168.0,2.72,1.94,44.79,751.0,424.0,8.96,4.77,34.32,4182.0,740.0,99.05,24.92,10.76,4161.0,750.0,98.56,2.23,10.96,7793.0,1410.0,89.91,23.39,11.0,6627.0,1279.0,85.04,5.71,11.73,6488.0,1292.0,83.25,6.93,12.11,139.0,113.0,1.78,1.41,49.42,0.0,,0.0,,,1166.0,381.0,14.96,4.07,19.86,,,2.1,1.66,49.42,6380.0,1291.0,73.6,5.69,12.3,430.0,226.0,6.74,3.27,31.95,0.0,,0.0,,,2830.0,880.0,44.36,10.47,18.9,1579.0,508.0,24.75,6.19,19.56,1339.0,719.0,20.99,10.44,32.64,6488.0,1292.0,74.85,5.12,12.11,0.0,,0.0,,,179.0,300.0,2.76,4.59,101.88,135.0,140.0,2.08,2.12,63.04,0.0,,0.0,,,402.0,356.0,6.2,5.35,53.83,150.0,117.0,2.31,1.74,47.42,209.0,147.0,3.22,2.17,42.76,2138.0,864.0,32.95,11.59,24.57,1241.0,366.0,19.13,4.16,17.93,1226.0,552.0,18.9,7.63,27.37,471.0,396.0,7.26,5.93,51.11,0.0,,0.0,,,337.0,242.0,5.19,3.58,43.65,1.0,2.0,0.02,0.05,121.58,12.0,40.0,0.28,0.95,202.63,63.0,74.0,1.49,1.73,71.4,27.0,45.0,0.64,1.06,101.32,145.0,136.0,3.43,3.16,57.02,124.0,104.0,2.94,2.41,50.99,265.0,226.0,6.28,5.23,51.84,524.0,263.0,12.41,5.82,30.51,896.0,444.0,21.22,9.81,30.12,2165.0,608.0,51.28,11.1,17.07,3956.0,746.0,93.7,5.61,11.46,604.0,352.0,14.31,7.94,35.43,354.0,168.0,8.38,3.69,28.85,12.0,40.0,0.28,0.95,202.63,0.0,,0.0,,,177.0,190.0,4.19,4.44,65.26,8493.0,1619.0,97.98,3.62,11.59,7897.0,1624.0,91.11,7.79,12.5,873.0,320.0,10.07,3.18,22.28,175.0,125.0,2.02,1.39,43.42,4186.0,907.0,48.29,5.28,13.17,4482.0,941.0,51.71,4.93,12.76,290.0,191.0,3.35,2.11,40.04,317.0,294.0,3.66,3.32,56.38,96.0,113.0,1.11,1.29,71.56,393.0,199.0,4.53,2.13,30.78,507.0,202.0,5.85,2.06,24.22,1529.0,578.0,17.64,5.8,22.98,1614.0,729.0,18.62,7.66,27.46,1797.0,944.0,20.73,10.18,31.93,617.0,253.0,7.12,2.6,24.93,764.0,395.0,8.81,4.25,31.43,623.0,219.0,7.19,2.14,21.37,74.0,89.0,0.85,1.01,73.11,47.0,83.0,0.54,0.95,107.35,1038.0,419.0,11.98,4.28,24.54,7630.0,1400.0,88.02,23.06,11.15,744.0,238.0,8.58,2.23,19.45,434.0,315.0,5.01,3.51,44.12,5333.0,1302.0,61.53,9.66,14.84,161.0,163.0,1.86,1.85,61.55,200.0,221.0,2.31,2.51,67.17,2463.0,986.0,28.41,10.06,24.34,0.0,,0.0,,,77.0,102.0,0.89,1.16,80.53,1023.0,469.0,11.8,4.94,27.87,7645.0,1592.0,88.2,8.08,12.66,4904.0,1191.0,56.58,8.77,14.76,161.0,163.0,1.86,1.85,61.55,23.0,39.0,0.27,0.45,103.08,2407.0,986.0,27.77,10.12,24.9,0.0,,0.0,,,0.0,,0.0,,,150.0,143.0,1.73,1.62,57.95
10282,10282,10282,2584.0,386.0,100,,9.08,835.0,200.0,32.31,6.05,14.56,1376.0,512.0,23.09,7.93,22.62,118.0,73.0,8.58,4.24,37.61,73.0,64.0,5.31,4.21,53.3,691.0,429.0,50.22,24.96,37.74,374.0,280.0,27.18,17.66,45.51,120.0,108.0,8.72,7.15,54.71,4258.0,636.0,71.44,3.13,9.08,15.0,29.0,0.35,0.68,117.53,17.0,28.0,0.4,0.65,100.13,281.0,156.0,6.6,3.53,33.75,3492.0,500.0,82.01,16.97,8.7,4389.0,614.0,73.64,14.72,8.5,91.0,86.0,2.07,1.94,57.45,5960.0,851.0,100.0,0.0,8.68,451.0,169.0,7.57,2.62,22.78,1571.0,472.0,26.36,6.97,18.26,35.0,51.0,2.23,3.18,88.58,3783.0,623.0,63.47,5.21,10.01,85.0,82.0,2.25,2.14,58.64,606.0,191.0,10.17,2.86,19.16,331.0,154.0,54.62,18.69,28.28,5842.0,843.0,98.02,2.04,8.77,4537.0,800.0,77.66,7.87,10.72,1064.0,556.0,18.21,9.15,31.77,241.0,258.0,4.13,4.38,65.08,5960.0,851.0,100,,8.68,4664.0,802.0,78.26,7.5,10.45,4639.0,794.0,77.84,7.35,10.4,25.0,45.0,0.42,0.75,109.42,1296.0,369.0,21.74,5.36,17.31,674.0,284.0,52.01,16.15,25.61,622.0,299.0,47.99,18.59,29.22,332.0,202.0,25.62,13.77,36.99,421.0,229.0,32.48,15.06,33.07,80.0,83.0,6.17,6.16,63.07,22.0,35.0,1.7,2.66,96.71,317.0,241.0,24.46,17.24,46.22,124.0,106.0,9.57,7.71,51.97,5619.0,857.0,94.28,5.05,9.27,4270.0,776.0,75.99,7.51,11.05,553.0,399.0,9.84,6.94,43.86,70.0,68.0,1.25,1.2,59.05,2536.0,384.0,98.14,2.43,9.2,2481.0,383.0,96.01,3.74,9.38,4610.0,646.0,77.35,15.47,8.52,3602.0,633.0,78.13,8.29,10.68,3489.0,630.0,75.68,8.62,10.98,113.0,101.0,2.45,2.16,54.33,0.0,,0.0,,,1008.0,332.0,21.87,6.52,20.02,,,3.14,2.75,54.33,3472.0,629.0,58.26,6.5,11.01,301.0,257.0,8.67,7.23,51.9,31.0,49.0,0.89,1.4,96.09,1116.0,268.0,32.14,5.07,14.6,614.0,203.0,17.68,4.89,20.1,690.0,267.0,19.87,6.8,23.52,3489.0,630.0,58.54,6.47,10.98,30.0,53.0,0.86,1.51,107.4,44.0,49.0,1.26,1.39,67.7,39.0,46.0,1.12,1.3,71.7,59.0,62.0,1.69,1.75,63.88,186.0,134.0,5.33,3.72,43.8,0.0,,0.0,,,178.0,160.0,5.1,4.49,54.64,901.0,193.0,25.82,2.98,13.02,906.0,358.0,25.97,9.13,24.02,756.0,367.0,21.67,9.76,29.51,216.0,131.0,6.19,3.58,36.87,117.0,133.0,3.35,3.76,69.1,57.0,70.0,1.63,1.98,74.65,71.0,79.0,2.75,3.03,67.64,16.0,26.0,0.62,1.0,98.78,0.0,,0.0,,,79.0,78.0,3.06,2.98,60.02,13.0,21.0,0.5,0.81,98.2,27.0,31.0,1.04,1.19,69.8,42.0,50.0,1.63,1.92,72.37,193.0,145.0,7.47,5.5,45.67,438.0,262.0,16.95,9.82,36.36,1705.0,317.0,65.98,7.3,11.3,2267.0,385.0,87.73,7.09,10.32,313.0,122.0,12.11,4.36,23.69,293.0,120.0,11.34,4.32,24.9,61.0,74.0,2.36,2.84,73.75,31.0,50.0,1.2,1.93,98.05,63.0,65.0,2.44,2.49,62.72,5882.0,855.0,98.69,2.69,8.84,5614.0,845.0,94.19,4.49,9.15,894.0,463.0,15.0,7.47,31.48,78.0,55.0,1.31,0.9,42.86,3257.0,632.0,54.65,7.18,11.8,2703.0,483.0,45.35,4.87,10.86,341.0,135.0,5.72,2.11,24.07,559.0,281.0,9.38,4.52,30.56,342.0,234.0,5.74,3.84,41.59,374.0,280.0,6.28,4.61,45.51,86.0,68.0,1.44,1.12,48.07,699.0,249.0,11.73,3.83,21.65,1429.0,417.0,23.98,6.1,17.74,975.0,543.0,16.36,8.81,33.86,319.0,182.0,5.35,2.96,34.68,230.0,241.0,3.86,4.01,63.7,234.0,161.0,3.93,2.64,41.83,183.0,86.0,3.07,1.37,28.57,189.0,126.0,3.17,2.07,40.53,1571.0,472.0,26.36,6.97,18.26,4389.0,614.0,73.64,14.72,8.5,606.0,191.0,10.17,2.86,19.16,671.0,452.0,11.26,7.41,40.95,4207.0,826.0,70.59,9.51,11.94,145.0,233.0,2.43,3.89,97.68,0.0,,0.0,,,903.0,303.0,15.15,4.6,20.4,0.0,,0.0,,,34.0,66.0,0.57,1.1,118.0,124.0,90.0,2.08,1.48,44.12,5836.0,853.0,97.92,3.06,8.89,4207.0,826.0,70.59,9.51,11.94,145.0,233.0,2.43,3.89,97.68,0.0,,0.0,,,903.0,303.0,15.15,4.6,20.4,0.0,,0.0,,,34.0,66.0,0.57,1.1,118.0,547.0,437.0,9.18,7.21,48.57
10301,10301,10301,14430.0,624.0,100,,2.63,4500.0,519.0,31.19,3.33,7.01,10034.0,900.0,25.21,1.88,5.45,900.0,322.0,8.97,3.11,21.75,340.0,198.0,3.39,1.95,35.4,3960.0,653.0,39.47,5.46,10.02,1968.0,470.0,19.61,4.34,14.52,2866.0,409.0,28.56,3.17,8.68,27600.0,1263.0,69.35,4.69,2.78,1593.0,320.0,5.77,1.13,12.21,1814.0,556.0,6.57,1.99,18.63,6836.0,767.0,24.77,2.54,6.82,10552.0,909.0,38.23,2.79,5.24,31052.0,1295.0,78.02,5.07,2.54,742.0,220.0,2.39,0.7,18.02,38950.0,1980.0,97.87,1.02,3.09,4118.0,487.0,10.57,1.13,7.19,8716.0,1006.0,21.9,2.28,7.02,305.0,136.0,3.5,1.51,27.11,24575.0,1181.0,61.75,4.27,2.92,2276.0,416.0,9.26,1.63,11.11,5659.0,475.0,14.22,0.96,5.1,1537.0,235.0,27.16,3.47,9.29,39319.0,1947.0,98.79,6.93,3.01,36223.0,1794.0,92.13,0.08,3.01,3029.0,505.0,7.7,1.23,10.14,67.0,46.0,0.17,0.12,41.74,39799.0,1980.0,100,,3.02,31015.0,1930.0,77.93,2.91,3.78,30006.0,1926.0,75.39,3.06,3.9,1009.0,283.0,2.54,0.7,17.05,8784.0,854.0,22.07,1.84,5.91,5281.0,606.0,60.12,3.66,6.98,3503.0,624.0,39.88,5.95,10.83,1537.0,313.0,17.5,3.13,12.38,2521.0,553.0,28.7,5.64,13.33,994.0,348.0,11.32,3.81,21.28,37.0,43.0,0.42,0.49,70.65,3616.0,564.0,41.17,5.02,9.48,79.0,93.0,0.9,1.06,71.56,37034.0,1720.0,93.05,6.33,2.82,25102.0,1727.0,67.78,3.44,4.18,4478.0,587.0,12.09,1.48,7.97,5856.0,936.0,15.81,2.42,9.72,13612.0,649.0,94.33,1.89,2.9,12742.0,705.0,88.3,3.05,3.36,32112.0,1346.0,80.69,5.25,2.55,19617.0,1102.0,61.09,2.28,3.41,18156.0,1028.0,56.54,2.15,3.44,1435.0,373.0,4.47,1.15,15.8,26.0,23.0,0.08,0.07,53.78,12495.0,812.0,38.91,1.93,3.95,,,7.32,1.86,15.8,17346.0,1016.0,43.58,1.35,3.56,7177.0,674.0,41.38,3.04,5.71,1584.0,313.0,9.13,1.72,12.01,5334.0,600.0,30.75,2.95,6.84,724.0,256.0,4.17,1.46,21.49,2072.0,345.0,11.95,1.86,10.12,18156.0,1028.0,45.62,1.23,3.44,17.0,23.0,0.09,0.13,82.25,1298.0,338.0,7.15,1.82,15.83,556.0,187.0,3.06,1.02,20.45,239.0,112.0,1.32,0.61,28.49,1551.0,404.0,8.54,2.17,15.83,1092.0,298.0,6.01,1.61,16.59,550.0,179.0,3.03,0.97,19.78,1428.0,359.0,7.87,1.93,15.28,2197.0,425.0,12.1,2.24,11.76,5624.0,651.0,30.98,3.13,7.04,1654.0,328.0,9.11,1.73,12.06,873.0,240.0,4.81,1.29,16.71,1077.0,331.0,5.93,1.79,18.68,1068.0,232.0,7.4,1.58,13.21,522.0,183.0,3.62,1.26,21.31,718.0,301.0,4.98,2.07,25.48,737.0,217.0,5.11,1.49,17.9,985.0,222.0,6.83,1.51,13.7,2478.0,362.0,17.17,2.4,8.88,1814.0,414.0,12.57,2.82,13.87,2480.0,319.0,17.19,2.08,7.82,1436.0,291.0,9.95,1.97,12.32,2192.0,318.0,15.19,2.1,8.82,11177.0,629.0,77.46,2.79,3.42,4396.0,398.0,30.46,2.42,5.5,3541.0,351.0,24.54,2.19,6.03,873.0,236.0,6.05,1.61,16.43,996.0,302.0,6.9,2.07,18.43,2718.0,383.0,18.84,2.53,8.57,37175.0,2101.0,95.44,2.36,3.44,24035.0,1614.0,61.71,2.71,4.08,17654.0,1451.0,45.32,2.93,5.0,1775.0,557.0,4.56,1.41,19.08,19331.0,1299.0,48.57,2.19,4.08,20468.0,1098.0,51.43,1.03,3.26,2765.0,537.0,6.95,1.3,11.81,2145.0,481.0,5.39,1.18,13.63,2492.0,460.0,6.26,1.11,11.22,2147.0,351.0,5.39,0.84,9.94,2650.0,397.0,6.66,0.94,9.11,6679.0,733.0,16.78,1.64,6.67,4845.0,506.0,12.17,1.12,6.35,4914.0,530.0,12.35,1.18,6.56,2569.0,375.0,6.45,0.89,8.87,2375.0,416.0,5.97,1.0,10.65,4014.0,424.0,10.09,0.94,6.42,1594.0,247.0,4.01,0.59,9.42,610.0,143.0,1.53,0.35,14.25,8721.0,1007.0,21.91,2.28,7.02,31078.0,1293.0,78.09,5.06,2.53,6218.0,517.0,15.62,1.04,5.05,6248.0,1342.0,15.7,3.28,13.06,17504.0,1391.0,43.98,2.73,4.83,9748.0,1439.0,24.49,3.4,8.97,318.0,246.0,0.8,0.62,47.03,3050.0,667.0,7.66,1.63,13.29,0.0,,0.0,,,2931.0,803.0,7.36,1.98,16.65,11634.0,1456.0,29.23,3.36,7.61,28165.0,1768.0,70.77,2.71,3.82,14657.0,1281.0,36.83,2.65,5.31,9044.0,1269.0,22.72,2.98,8.53,177.0,189.0,0.44,0.47,64.91,2980.0,661.0,7.49,1.62,13.48,0.0,,0.0,,,105.0,106.0,0.26,0.27,61.37,1202.0,368.0,3.02,0.91,18.61
11106,11106,11106,18970.0,747.0,100,,2.39,3171.0,414.0,16.72,2.08,7.94,8077.0,1122.0,19.87,2.51,8.44,314.0,179.0,3.89,2.15,34.65,366.0,177.0,4.53,2.1,29.4,2752.0,563.0,34.07,5.12,12.44,1473.0,423.0,18.24,4.58,17.46,3172.0,557.0,39.27,4.22,10.67,31294.0,1526.0,76.97,5.81,2.96,2014.0,447.0,6.44,1.39,13.49,1437.0,269.0,4.59,0.83,11.38,5990.0,803.0,19.14,2.39,8.15,16378.0,1304.0,52.34,3.29,4.84,34394.0,1733.0,84.6,6.47,3.06,389.0,123.0,1.13,0.35,19.22,40614.0,2336.0,99.89,8.13,3.5,4037.0,458.0,9.94,0.97,6.9,6244.0,1015.0,15.36,2.33,9.88,291.0,194.0,4.66,3.01,40.53,28686.0,1679.0,70.56,0.74,3.56,1861.0,332.0,6.49,1.09,10.84,5684.0,616.0,13.98,1.28,6.59,1885.0,327.0,33.16,4.49,10.55,40389.0,2304.0,99.34,8.05,3.47,34926.0,2348.0,86.47,3.08,4.09,5076.0,743.0,12.57,1.69,8.9,387.0,161.0,0.96,0.39,25.29,40657.0,2341.0,100,,3.5,24672.0,1684.0,60.68,2.22,4.15,23573.0,1672.0,57.98,2.4,4.31,1099.0,267.0,2.7,0.64,14.77,15985.0,1419.0,39.32,2.66,5.4,9454.0,988.0,59.14,3.26,6.35,6531.0,1046.0,40.86,5.45,9.74,3412.0,631.0,21.35,3.46,11.24,5527.0,812.0,34.58,4.05,8.93,711.0,239.0,4.45,1.44,20.43,52.0,50.0,0.33,0.31,58.45,6140.0,1032.0,38.41,5.48,10.22,143.0,95.0,0.89,0.59,40.39,38901.0,2142.0,95.68,7.62,3.35,18518.0,1466.0,47.6,2.71,4.81,8314.0,961.0,21.37,2.17,7.03,8575.0,1330.0,22.04,3.2,9.43,18040.0,807.0,95.1,2.02,2.72,17309.0,797.0,91.24,2.18,2.8,35142.0,1766.0,86.44,6.61,3.05,25194.0,1450.0,71.69,2.01,3.5,22932.0,1311.0,65.26,1.78,3.48,2245.0,428.0,6.39,1.17,11.59,17.0,23.0,0.05,0.07,82.25,9948.0,792.0,28.31,1.75,4.84,,,8.91,1.62,11.59,22274.0,1315.0,54.79,0.71,3.59,2200.0,426.0,9.88,1.82,11.77,573.0,218.0,2.57,0.97,23.13,12558.0,1069.0,56.38,3.46,5.17,1447.0,289.0,6.5,1.24,12.14,4571.0,756.0,20.52,3.17,10.05,22932.0,1311.0,56.4,4.58,3.48,56.0,91.0,0.24,0.4,98.78,1249.0,333.0,5.45,1.42,16.21,733.0,212.0,3.2,0.91,17.58,384.0,145.0,1.67,0.63,22.95,2089.0,392.0,9.11,1.63,11.41,1066.0,256.0,4.65,1.08,14.6,1335.0,314.0,5.82,1.33,14.3,2012.0,316.0,8.77,1.28,9.55,4502.0,658.0,19.63,2.64,8.88,4635.0,518.0,20.21,1.94,6.79,3187.0,639.0,13.9,2.67,12.19,935.0,225.0,4.08,0.95,14.63,749.0,194.0,3.27,0.83,15.75,1119.0,247.0,5.9,1.28,13.42,785.0,235.0,4.14,1.23,18.2,1241.0,302.0,6.54,1.57,14.79,1021.0,248.0,5.38,1.29,14.77,1548.0,365.0,8.16,1.9,14.33,2710.0,553.0,14.29,2.86,12.4,2264.0,409.0,11.93,2.1,10.98,3140.0,422.0,16.55,2.13,8.17,2436.0,471.0,12.84,2.43,11.75,2706.0,355.0,14.26,1.79,7.98,15291.0,886.0,80.61,3.43,3.52,3826.0,441.0,20.17,2.18,7.01,2913.0,435.0,15.36,2.21,9.08,1069.0,292.0,5.64,1.52,16.61,1183.0,272.0,6.24,1.41,13.98,3028.0,393.0,15.96,1.97,7.89,37976.0,2130.0,93.5,7.51,3.41,25796.0,1845.0,63.52,2.7,4.35,16407.0,1339.0,40.4,2.34,4.96,2638.0,621.0,6.5,1.48,14.31,20053.0,1396.0,49.32,1.93,4.23,20604.0,1390.0,50.68,1.78,4.1,1756.0,481.0,4.32,1.16,16.65,1514.0,346.0,3.72,0.82,13.89,1997.0,403.0,4.91,0.95,12.27,1519.0,398.0,3.74,0.95,15.93,2577.0,503.0,6.34,1.18,11.87,9679.0,880.0,23.81,1.68,5.53,6446.0,723.0,15.85,1.53,6.82,5198.0,669.0,12.79,1.47,7.82,2303.0,410.0,5.66,0.95,10.82,1969.0,355.0,4.84,0.83,10.96,3332.0,471.0,8.2,1.06,8.59,1671.0,325.0,4.11,0.76,11.82,696.0,202.0,1.71,0.49,17.64,6246.0,1015.0,15.36,2.33,9.88,34411.0,1739.0,84.64,6.48,3.07,5699.0,615.0,14.02,1.28,6.56,5038.0,981.0,12.39,2.3,11.84,19097.0,1610.0,46.97,2.89,5.13,3242.0,665.0,7.97,1.57,12.47,420.0,281.0,1.03,0.69,40.67,7534.0,1020.0,18.53,2.27,8.23,16.0,27.0,0.04,0.07,102.58,5310.0,1148.0,13.06,2.72,13.14,10951.0,1407.0,26.94,3.09,7.81,29706.0,1984.0,73.06,2.47,4.06,16911.0,1545.0,41.59,2.95,5.55,2922.0,599.0,7.19,1.41,12.46,88.0,104.0,0.22,0.26,71.84,7534.0,1020.0,18.53,2.27,8.23,0.0,,0.0,,,508.0,352.0,1.25,0.86,42.12,1743.0,497.0,4.29,1.2,17.33
10302,10302,10302,6159.0,508.0,100,,5.01,2229.0,391.0,36.19,5.6,10.66,5302.0,801.0,26.92,3.1,9.18,221.0,134.0,4.17,2.45,36.86,148.0,94.0,2.79,1.72,38.61,2401.0,475.0,45.28,5.78,12.03,963.0,389.0,18.16,6.8,24.56,1569.0,388.0,29.59,5.79,15.03,12959.0,1140.0,65.81,8.67,5.35,1133.0,323.0,8.74,2.37,17.33,790.0,263.0,6.1,1.96,20.24,4531.0,842.0,34.96,5.72,11.3,3746.0,622.0,28.91,4.07,10.09,14877.0,1429.0,75.54,10.37,5.84,365.0,186.0,2.45,1.23,30.98,19667.0,1933.0,99.87,0.74,5.97,2138.0,404.0,10.87,1.75,11.49,4801.0,746.0,24.38,2.94,9.45,112.0,72.0,2.33,1.46,39.08,12851.0,1416.0,65.26,3.29,6.7,1241.0,372.0,9.66,2.69,18.22,2015.0,324.0,10.23,1.3,9.77,785.0,234.0,38.96,9.78,18.12,19186.0,1843.0,97.43,13.37,5.84,18444.0,1835.0,96.13,2.49,6.05,701.0,281.0,3.65,1.42,24.37,41.0,54.0,0.21,0.28,80.07,19693.0,1930.0,100,,5.96,14155.0,1438.0,71.88,1.92,6.18,13514.0,1420.0,68.62,2.6,6.39,641.0,316.0,3.25,1.57,29.97,5538.0,895.0,28.12,3.61,9.82,2900.0,521.0,52.37,4.11,10.92,2638.0,687.0,47.63,9.73,15.83,255.0,104.0,4.6,1.72,24.79,962.0,328.0,17.37,5.22,20.73,490.0,282.0,8.85,4.89,34.99,0.0,,0.0,,,3761.0,859.0,67.91,10.96,13.88,70.0,108.0,1.26,1.94,93.79,18415.0,1824.0,93.51,1.34,6.02,10698.0,1352.0,58.09,4.56,7.68,2618.0,480.0,14.22,2.19,11.15,5431.0,1164.0,29.49,5.61,13.03,5803.0,515.0,94.22,3.09,5.39,5636.0,534.0,91.51,4.27,5.76,15371.0,1497.0,78.05,10.78,5.92,8941.0,941.0,58.17,2.32,6.4,8188.0,839.0,53.27,1.7,6.23,743.0,256.0,4.83,1.6,20.95,10.0,17.0,0.07,0.11,103.34,6430.0,956.0,41.83,4.7,9.04,,,8.31,2.73,20.95,7906.0,880.0,40.15,2.12,6.77,3849.0,624.0,48.68,5.74,9.86,1068.0,306.0,13.51,3.57,17.42,2081.0,596.0,26.32,6.95,17.41,102.0,88.0,1.29,1.1,52.45,606.0,234.0,7.67,2.83,23.47,8188.0,839.0,41.58,1.24,6.23,95.0,146.0,1.16,1.78,93.43,847.0,340.0,10.34,4.01,24.4,159.0,94.0,1.94,1.13,35.94,31.0,27.0,0.38,0.33,52.95,862.0,298.0,10.53,3.48,21.02,372.0,115.0,4.54,1.33,18.79,236.0,129.0,2.88,1.55,33.23,555.0,202.0,6.78,2.37,22.13,1000.0,327.0,12.21,3.79,19.88,2952.0,496.0,36.05,4.8,10.21,502.0,188.0,6.13,2.21,22.77,183.0,134.0,2.23,1.62,44.51,394.0,175.0,4.81,2.08,27.0,585.0,251.0,9.5,4.0,26.08,71.0,42.0,1.15,0.68,35.96,415.0,156.0,6.74,2.47,22.85,307.0,122.0,4.98,1.94,24.16,731.0,307.0,11.87,4.89,25.53,923.0,318.0,14.99,5.01,20.94,669.0,207.0,10.86,3.24,18.81,1130.0,257.0,18.35,3.89,13.83,649.0,167.0,10.54,2.57,15.64,679.0,233.0,11.02,3.67,20.86,4719.0,411.0,76.62,2.14,5.29,1347.0,252.0,21.87,3.67,11.37,1413.0,248.0,22.94,3.55,10.67,327.0,137.0,5.31,2.18,25.47,490.0,261.0,7.96,4.19,32.38,1128.0,322.0,18.31,5.01,17.35,17960.0,1649.0,91.32,12.28,5.58,11426.0,1574.0,58.1,5.61,8.37,8001.0,1061.0,40.68,3.62,8.06,1707.0,547.0,8.68,2.65,19.48,10444.0,1195.0,53.03,3.13,6.96,9249.0,947.0,46.97,1.39,6.22,1278.0,402.0,6.49,1.94,19.12,1313.0,341.0,6.67,1.6,15.79,1489.0,435.0,7.56,2.08,17.76,1271.0,374.0,6.45,1.79,17.89,1383.0,502.0,7.02,2.45,22.07,3153.0,590.0,16.01,2.55,11.38,2510.0,540.0,12.75,2.44,13.08,2612.0,558.0,13.26,2.52,12.99,1478.0,352.0,7.51,1.63,14.48,1191.0,383.0,6.05,1.85,19.55,1230.0,240.0,6.25,1.05,11.86,534.0,158.0,2.71,0.76,17.99,251.0,161.0,1.27,0.81,38.99,4806.0,747.0,24.4,2.94,9.45,14887.0,1428.0,75.6,10.37,5.83,2015.0,324.0,10.23,1.3,9.77,3037.0,962.0,15.42,4.65,19.26,6572.0,961.0,33.37,3.62,8.89,4435.0,1135.0,22.52,5.32,15.56,319.0,388.0,1.62,1.96,73.94,1180.0,434.0,5.99,2.12,22.36,28.0,48.0,0.14,0.24,104.21,4122.0,1336.0,20.93,6.47,19.7,8559.0,1442.0,43.46,5.96,10.24,11134.0,1320.0,56.54,3.77,7.21,5259.0,869.0,26.7,3.55,10.05,4135.0,1032.0,21.0,4.82,15.17,0.0,,0.0,,,1161.0,433.0,5.9,2.12,22.67,0.0,,0.0,,,158.0,151.0,0.8,0.76,58.1,421.0,324.0,2.14,1.63,46.78
10303,10303,10303,8742.0,385.0,100,,2.68,3075.0,403.0,35.18,4.34,7.97,6663.0,837.0,25.63,2.85,7.64,351.0,148.0,5.27,2.12,25.63,496.0,197.0,7.44,2.8,24.14,2857.0,496.0,42.88,5.14,10.55,1505.0,397.0,22.59,5.24,16.04,1454.0,275.0,21.82,3.09,11.5,17467.0,912.0,67.2,5.27,3.17,1193.0,290.0,6.83,1.62,14.78,1698.0,473.0,9.72,2.66,16.93,5315.0,689.0,30.43,3.61,7.88,5171.0,667.0,29.6,3.49,7.84,19687.0,1031.0,75.74,5.94,3.18,553.0,186.0,2.81,0.93,20.45,25978.0,1518.0,99.94,8.26,3.55,2858.0,434.0,11.0,1.54,9.23,6299.0,817.0,24.23,2.81,7.88,336.0,139.0,5.33,2.1,25.15,16440.0,1057.0,63.25,1.7,3.91,1254.0,282.0,7.63,1.64,13.67,3239.0,361.0,12.46,1.18,6.78,1268.0,304.0,39.15,8.31,14.57,25812.0,1510.0,99.3,0.27,3.56,24849.0,1574.0,96.27,2.34,3.85,893.0,368.0,3.46,1.41,25.05,70.0,60.0,0.27,0.23,52.11,25993.0,1519.0,100,,3.55,19179.0,1318.0,73.79,2.67,4.18,18223.0,1237.0,70.11,2.42,4.13,956.0,353.0,3.68,1.34,22.45,6814.0,885.0,26.21,3.04,7.9,4457.0,620.0,65.41,3.26,8.46,2357.0,646.0,34.59,8.35,16.66,485.0,245.0,7.12,3.47,30.71,2013.0,430.0,29.54,5.01,12.99,1425.0,379.0,20.91,4.85,16.17,0.0,,0.0,,,2888.0,675.0,42.38,8.24,14.21,3.0,6.0,0.04,0.09,121.58,24741.0,1370.0,95.18,7.66,3.37,14112.0,1089.0,57.04,3.07,4.69,3334.0,661.0,13.48,2.57,12.05,6276.0,1129.0,25.37,4.34,10.94,8466.0,414.0,96.84,2.06,2.97,7608.0,425.0,87.03,2.99,3.4,20440.0,1075.0,78.64,6.18,3.2,12845.0,825.0,62.84,2.32,3.9,11587.0,758.0,56.69,2.21,3.98,1258.0,348.0,6.15,1.67,16.82,0.0,,0.0,,,7595.0,660.0,37.16,2.57,5.28,,,9.79,2.64,16.82,11283.0,766.0,43.41,1.5,4.13,5433.0,597.0,48.15,4.16,6.68,792.0,215.0,7.02,1.84,16.5,4002.0,694.0,35.47,5.66,10.54,214.0,136.0,1.9,1.2,38.63,642.0,155.0,5.69,1.32,14.68,11587.0,758.0,44.58,1.31,3.98,68.0,6.0,0.59,0.03,5.36,588.0,234.0,5.07,1.99,24.19,207.0,108.0,1.79,0.92,31.72,56.0,50.0,0.48,0.43,54.28,1420.0,376.0,12.26,3.14,16.1,1100.0,283.0,9.49,2.36,15.64,130.0,74.0,1.12,0.63,34.6,775.0,218.0,6.69,1.83,17.1,1040.0,280.0,8.98,2.34,16.37,4207.0,471.0,36.31,3.3,6.81,943.0,279.0,8.14,2.35,17.99,407.0,155.0,3.51,1.32,23.15,646.0,148.0,5.58,1.22,13.93,871.0,204.0,9.96,2.29,14.24,340.0,157.0,3.89,1.79,28.07,671.0,211.0,7.68,2.39,19.12,289.0,114.0,3.31,1.3,23.98,679.0,214.0,7.77,2.42,19.16,1207.0,306.0,13.81,3.45,15.41,1191.0,276.0,13.62,3.1,14.09,1395.0,252.0,15.96,2.8,10.98,1137.0,225.0,13.01,2.51,12.03,962.0,247.0,11.0,2.78,15.61,6650.0,406.0,76.07,3.22,3.71,2549.0,360.0,29.16,3.91,8.59,2188.0,362.0,25.03,3.99,10.06,593.0,169.0,6.78,1.91,17.32,917.0,260.0,10.49,2.94,17.24,1933.0,365.0,22.11,4.06,11.48,24649.0,1425.0,94.88,7.8,3.51,14938.0,1225.0,57.5,3.31,4.99,12190.0,1236.0,46.92,3.89,6.16,1329.0,494.0,5.12,1.88,22.6,12137.0,1114.0,46.69,3.3,5.58,13856.0,898.0,53.31,1.49,3.94,1252.0,328.0,4.82,1.23,15.93,1828.0,359.0,7.03,1.32,11.94,2085.0,431.0,8.02,1.59,12.57,1940.0,395.0,7.46,1.46,12.38,1421.0,259.0,5.47,0.94,11.08,3637.0,546.0,13.99,1.93,9.13,3524.0,567.0,13.56,2.03,9.78,3163.0,412.0,12.17,1.42,7.92,1546.0,281.0,5.95,1.02,11.05,2358.0,414.0,9.07,1.5,10.67,1855.0,287.0,7.14,1.02,9.41,1101.0,287.0,4.24,1.08,15.85,283.0,92.0,1.09,0.35,19.76,6306.0,817.0,24.26,2.81,7.88,19687.0,1031.0,75.74,5.94,3.18,3239.0,361.0,12.46,1.18,6.78,4420.0,1082.0,17.0,4.04,14.88,6824.0,1038.0,26.25,3.69,9.25,9294.0,1093.0,35.76,3.65,7.15,84.0,64.0,0.32,0.25,46.32,2607.0,485.0,10.03,1.77,11.31,0.0,,0.0,,,2764.0,738.0,10.63,2.77,16.23,9792.0,1249.0,37.67,4.27,7.75,16201.0,1116.0,62.33,2.27,4.19,3951.0,635.0,15.2,2.28,9.77,8497.0,1043.0,32.69,3.53,7.46,0.0,,0.0,,,2607.0,485.0,10.03,1.77,11.31,0.0,,0.0,,,147.0,120.0,0.57,0.46,49.62,999.0,465.0,3.84,1.77,28.3
10304,10304,10304,15900.0,795.0,100,,3.04,5061.0,591.0,31.83,3.36,7.1,11421.0,1175.0,24.91,2.17,6.25,645.0,224.0,5.65,1.87,21.11,510.0,218.0,4.47,1.85,25.98,4860.0,874.0,42.55,6.28,10.93,2640.0,379.0,23.12,2.31,8.73,2766.0,331.0,24.22,1.48,7.27,31617.0,1629.0,68.97,5.19,3.13,2363.0,555.0,7.47,1.71,14.28,2797.0,459.0,8.85,1.38,9.98,9879.0,920.0,31.25,2.42,5.66,9930.0,1144.0,31.41,3.24,7.0,35948.0,1787.0,78.42,5.81,3.02,870.0,223.0,2.42,0.61,15.58,45066.0,2520.0,98.31,1.05,3.4,4912.0,634.0,10.9,1.27,7.85,9835.0,1229.0,21.45,2.41,7.6,174.0,105.0,1.77,1.04,36.68,28896.0,1691.0,63.03,1.28,3.56,2351.0,418.0,8.14,1.37,10.81,6335.0,659.0,13.82,1.22,6.32,2387.0,456.0,37.68,6.04,11.61,45360.0,2464.0,98.95,7.64,3.3,42756.0,2517.0,94.26,2.14,3.58,2432.0,633.0,5.36,1.36,15.82,172.0,126.0,0.38,0.28,44.53,45843.0,2516.0,100,,3.34,31029.0,2078.0,67.69,2.6,4.07,29816.0,2117.0,65.04,2.93,4.32,1213.0,317.0,2.65,0.68,15.89,14814.0,1315.0,32.31,2.25,5.4,10174.0,1124.0,68.68,4.52,6.72,4640.0,768.0,31.32,4.38,10.06,2698.0,504.0,18.21,2.99,11.36,5511.0,879.0,37.2,4.93,9.7,2440.0,620.0,16.47,3.92,15.45,19.0,19.0,0.13,0.13,60.79,4069.0,832.0,27.47,5.06,12.43,77.0,43.0,0.52,0.29,33.95,43721.0,2328.0,95.37,7.29,3.24,23732.0,1844.0,54.28,3.07,4.72,8977.0,1026.0,20.53,2.08,6.95,7058.0,1243.0,16.14,2.71,10.71,14923.0,761.0,93.86,0.94,3.1,13463.0,833.0,84.67,3.09,3.76,37269.0,1796.0,81.3,5.94,2.93,22855.0,1586.0,61.32,3.06,4.22,21786.0,1566.0,58.46,3.12,4.37,1032.0,273.0,2.77,0.72,16.08,37.0,70.0,0.1,0.19,115.01,14414.0,1057.0,38.68,2.14,4.46,,,4.52,1.15,16.08,20935.0,1512.0,45.67,2.14,4.39,9017.0,913.0,43.07,3.06,6.16,1777.0,411.0,8.49,1.87,14.06,6914.0,798.0,33.03,2.97,7.02,965.0,274.0,4.61,1.27,17.26,1722.0,335.0,8.23,1.49,11.83,21786.0,1566.0,47.52,2.21,4.37,63.0,62.0,0.29,0.28,59.83,1233.0,377.0,5.66,1.68,18.59,492.0,184.0,2.26,0.83,22.73,532.0,254.0,2.44,1.15,29.02,1416.0,346.0,6.5,1.52,14.85,1772.0,408.0,8.13,1.78,14.0,549.0,170.0,2.52,0.76,18.82,1623.0,511.0,7.45,2.28,19.14,2657.0,507.0,12.2,2.16,11.6,7557.0,891.0,34.69,3.24,7.17,1926.0,503.0,8.84,2.22,15.88,1208.0,242.0,5.54,1.04,12.18,758.0,202.0,3.48,0.89,16.2,1302.0,296.0,8.19,1.82,13.82,770.0,260.0,4.84,1.62,20.53,986.0,274.0,6.2,1.7,16.89,973.0,264.0,6.12,1.63,16.49,1928.0,412.0,12.13,2.52,12.99,2226.0,531.0,14.0,3.27,14.5,1463.0,352.0,9.2,2.17,14.63,2981.0,612.0,18.75,3.73,12.48,1178.0,280.0,7.41,1.72,14.45,2093.0,377.0,13.16,2.28,10.95,12506.0,799.0,78.65,3.13,3.88,4493.0,543.0,28.26,3.11,7.35,2946.0,484.0,18.53,2.9,9.99,1573.0,320.0,9.89,1.95,12.37,1200.0,319.0,7.55,1.97,16.16,3978.0,522.0,25.02,3.04,7.98,42583.0,2481.0,94.49,1.55,3.54,25364.0,1946.0,56.28,2.96,4.66,21790.0,2266.0,48.35,4.24,6.32,2483.0,640.0,5.51,1.39,15.67,22019.0,1425.0,48.03,1.65,3.93,23824.0,1419.0,51.97,1.2,3.62,2122.0,504.0,4.63,1.07,14.44,2910.0,528.0,6.35,1.1,11.03,2936.0,607.0,6.4,1.28,12.57,3079.0,400.0,6.72,0.79,7.9,3179.0,437.0,6.93,0.87,8.36,6340.0,688.0,13.83,1.29,6.6,5673.0,936.0,12.37,1.93,10.03,6387.0,670.0,13.93,1.25,6.38,3267.0,811.0,7.13,1.73,15.09,3148.0,516.0,6.87,1.06,9.96,3711.0,514.0,8.1,1.03,8.42,2177.0,459.0,4.75,0.97,12.82,914.0,210.0,1.99,0.44,13.97,9858.0,1229.0,21.5,2.41,7.58,35985.0,1781.0,78.5,5.8,3.01,6802.0,674.0,14.84,1.22,6.02,3759.0,790.0,8.2,1.66,12.78,19743.0,1782.0,43.07,3.09,5.49,12008.0,1351.0,26.19,2.57,6.84,530.0,416.0,1.16,0.91,47.71,6090.0,917.0,13.28,1.86,9.15,0.0,,0.0,,,3713.0,1056.0,8.1,2.26,17.29,10924.0,1563.0,23.83,3.15,8.7,34919.0,2028.0,76.17,1.45,3.53,16640.0,1637.0,36.3,2.96,5.98,11257.0,1247.0,24.56,2.36,6.73,23.0,30.0,0.05,0.07,79.29,6051.0,916.0,13.2,1.86,9.2,0.0,,0.0,,,347.0,274.0,0.76,0.6,48.0,601.0,264.0,1.31,0.57,26.7
10451,10451,10451,21414.0,903.0,100,,2.56,6161.0,684.0,28.77,2.95,6.75,12623.0,1391.0,25.77,2.5,6.7,946.0,493.0,7.49,3.82,31.68,783.0,334.0,6.2,2.56,25.93,4763.0,660.0,37.73,3.17,8.42,2297.0,554.0,18.2,3.9,14.66,3834.0,674.0,30.37,4.16,10.69,33363.0,1935.0,68.12,1.71,3.53,4119.0,678.0,12.35,1.9,10.01,4506.0,822.0,13.51,2.34,11.09,8328.0,1204.0,24.96,3.31,8.79,7095.0,892.0,21.27,2.37,7.64,37944.0,2163.0,77.48,1.76,3.47,560.0,240.0,1.48,0.63,26.05,48960.0,2562.0,99.97,0.2,3.18,9704.0,1143.0,19.82,2.09,7.16,11029.0,1114.0,22.52,1.95,6.14,460.0,275.0,4.17,2.46,36.34,30921.0,2195.0,63.14,3.03,4.32,5014.0,919.0,16.22,2.74,11.14,7010.0,848.0,14.31,1.56,7.35,4230.0,641.0,60.34,5.51,9.21,48273.0,2559.0,98.57,0.86,3.22,44928.0,2430.0,93.07,1.0,3.29,3126.0,1096.0,6.48,2.24,21.31,219.0,204.0,0.45,0.42,56.63,48975.0,2561.0,100,,3.18,34599.0,2279.0,70.65,2.83,4.0,31324.0,2158.0,63.96,2.87,4.19,3275.0,759.0,6.69,1.51,14.09,14376.0,1380.0,29.35,2.36,5.84,8519.0,1014.0,59.26,4.17,7.24,5857.0,1075.0,40.74,6.37,11.16,316.0,183.0,2.2,1.26,35.2,654.0,303.0,4.55,2.06,28.16,2836.0,777.0,19.73,5.06,16.66,0.0,,0.0,,,10327.0,1419.0,71.84,7.06,8.35,243.0,254.0,1.69,1.76,63.54,45314.0,2381.0,92.52,0.48,3.19,20751.0,2207.0,45.79,4.23,6.47,10860.0,1650.0,23.97,3.42,9.24,19082.0,1910.0,42.11,3.59,6.08,19544.0,962.0,91.27,2.32,2.99,17536.0,1013.0,81.89,3.23,3.51,38949.0,2233.0,79.53,1.87,3.49,22499.0,1661.0,57.77,2.69,4.49,19801.0,1615.0,50.84,2.95,4.96,2698.0,541.0,6.93,1.33,12.19,0.0,,0.0,,,16450.0,1354.0,42.23,2.49,5.0,,,11.99,2.24,12.19,19040.0,1557.0,38.88,2.44,4.97,2230.0,491.0,11.71,2.39,13.38,349.0,198.0,1.83,1.03,34.49,11686.0,1214.0,61.38,3.93,6.32,2299.0,566.0,12.07,2.8,14.97,1591.0,433.0,8.36,2.17,16.54,19801.0,1615.0,40.43,2.53,4.96,0.0,,0.0,,,1465.0,556.0,7.4,2.74,23.07,592.0,366.0,2.99,1.83,37.58,372.0,261.0,1.88,1.31,42.65,1971.0,484.0,9.95,2.31,14.93,1650.0,447.0,8.33,2.15,16.47,682.0,403.0,3.44,2.02,35.92,955.0,323.0,4.82,1.58,20.56,1716.0,614.0,8.67,3.02,21.75,6899.0,1018.0,34.84,4.28,8.97,1785.0,467.0,9.01,2.24,15.9,667.0,273.0,3.37,1.35,24.88,1047.0,297.0,5.29,1.44,17.24,2679.0,676.0,12.51,3.11,15.34,2294.0,552.0,10.71,2.54,14.63,3092.0,595.0,14.44,2.71,11.7,2104.0,687.0,9.83,3.18,19.85,2997.0,650.0,14.0,2.98,13.18,2602.0,649.0,12.15,2.99,15.16,2244.0,620.0,10.48,2.86,16.8,1607.0,447.0,7.5,2.06,16.91,967.0,278.0,4.52,1.28,17.48,828.0,353.0,3.87,1.64,25.92,14730.0,1071.0,68.79,4.07,4.42,5877.0,789.0,27.44,3.5,8.16,3069.0,558.0,14.33,2.53,11.05,3161.0,600.0,14.76,2.73,11.54,2812.0,605.0,13.13,2.77,13.08,9173.0,780.0,42.84,3.16,5.17,45611.0,2355.0,93.16,6.85,3.14,19662.0,1856.0,40.16,3.16,5.74,31487.0,2160.0,64.31,2.85,4.17,3349.0,905.0,6.84,1.81,16.43,22034.0,1671.0,44.99,2.47,4.61,26941.0,1657.0,55.01,1.78,3.74,3661.0,820.0,7.48,1.63,13.62,2759.0,560.0,5.63,1.1,12.34,3240.0,569.0,6.62,1.11,10.68,2843.0,610.0,5.81,1.21,13.04,3109.0,683.0,6.35,1.35,13.35,8315.0,1333.0,16.98,2.57,9.75,7158.0,950.0,14.62,1.78,8.07,6370.0,883.0,13.01,1.67,8.43,2278.0,514.0,4.65,1.02,13.72,2232.0,491.0,4.56,0.97,13.37,3620.0,686.0,7.39,1.35,11.52,2224.0,478.0,4.54,0.95,13.07,1166.0,437.0,2.38,0.88,22.78,11031.0,1114.0,22.52,1.95,6.14,37944.0,2163.0,77.48,1.76,3.47,7010.0,848.0,14.31,1.56,7.35,5900.0,1437.0,12.05,2.87,14.81,6413.0,1715.0,13.09,3.43,16.26,23345.0,2047.0,47.67,3.36,5.33,273.0,289.0,0.56,0.59,64.35,557.0,332.0,1.14,0.68,36.23,285.0,439.0,0.58,0.9,93.64,12202.0,1816.0,24.91,3.47,9.05,24896.0,2150.0,50.83,3.49,5.25,24079.0,1923.0,49.17,2.97,4.85,2938.0,1082.0,6.0,2.19,22.39,19373.0,1763.0,39.56,2.95,5.53,77.0,119.0,0.16,0.24,93.95,557.0,332.0,1.14,0.68,36.23,2.0,,0.0,,,145.0,124.0,0.3,0.25,51.99,987.0,461.0,2.02,0.94,28.39
10305,10305,10305,15637.0,742.0,100,,2.88,4512.0,544.0,28.85,3.2,7.33,9242.0,998.0,22.16,2.17,6.56,562.0,191.0,6.08,1.96,20.66,403.0,140.0,4.36,1.44,21.12,3442.0,481.0,37.24,3.3,8.5,2246.0,422.0,24.3,3.74,11.42,2589.0,473.0,28.01,4.13,11.11,31274.0,1331.0,74.97,4.68,2.59,2579.0,515.0,8.25,1.61,12.14,2030.0,422.0,6.49,1.32,12.64,9237.0,886.0,29.54,2.54,5.83,9971.0,932.0,31.88,2.65,5.68,34010.0,1509.0,81.53,5.19,2.7,961.0,301.0,2.83,0.88,19.04,41255.0,1892.0,98.9,0.46,2.79,4760.0,525.0,11.54,1.16,6.7,7511.0,759.0,18.01,1.62,6.14,235.0,133.0,3.13,1.74,34.4,25452.0,1248.0,61.02,1.1,2.98,2231.0,435.0,8.77,1.65,11.85,8292.0,742.0,19.88,1.53,5.44,2294.0,401.0,27.67,4.15,10.63,41509.0,1898.0,99.51,0.31,2.78,38479.0,1997.0,92.7,2.28,3.15,2696.0,814.0,6.49,1.94,18.35,334.0,168.0,0.8,0.4,30.58,41714.0,1903.0,100,,2.77,26526.0,1714.0,63.59,2.91,3.93,25380.0,1702.0,60.84,2.99,4.08,1146.0,308.0,2.75,0.73,16.34,15188.0,1051.0,36.41,1.89,4.21,11380.0,985.0,74.93,3.9,5.26,3808.0,630.0,25.07,3.77,10.06,6127.0,839.0,40.34,4.77,8.32,6982.0,709.0,45.97,3.42,6.17,489.0,172.0,3.22,1.11,21.38,0.0,,0.0,,,1520.0,391.0,10.01,2.48,15.64,70.0,66.0,0.46,0.43,57.32,40312.0,1878.0,96.64,0.91,2.83,21079.0,1750.0,52.29,3.59,5.05,9194.0,954.0,22.81,2.11,6.31,2938.0,630.0,7.29,1.53,13.04,14651.0,724.0,93.69,1.29,3.0,14304.0,742.0,91.48,1.92,3.15,35323.0,1546.0,84.68,5.35,2.66,21301.0,1452.0,60.3,3.15,4.14,19868.0,1337.0,56.25,2.88,4.09,1252.0,309.0,3.54,0.86,15.0,181.0,101.0,0.51,0.29,33.92,14022.0,914.0,39.7,1.92,3.96,,,5.88,1.39,15.0,19565.0,1362.0,46.9,2.47,4.23,8232.0,951.0,42.08,3.88,7.02,2389.0,528.0,12.21,2.56,13.44,6436.0,764.0,32.9,3.16,7.22,962.0,426.0,4.92,2.15,26.92,1232.0,303.0,6.3,1.49,14.95,19868.0,1337.0,47.63,2.36,4.09,13.0,20.0,0.07,0.1,93.52,1308.0,252.0,6.58,1.19,11.71,566.0,204.0,2.85,1.01,21.91,394.0,201.0,1.98,1.0,31.01,1725.0,294.0,8.68,1.36,10.36,1677.0,350.0,8.44,1.67,12.69,341.0,127.0,1.72,0.63,22.64,2055.0,469.0,10.34,2.26,13.87,2485.0,480.0,12.51,2.26,11.74,5980.0,697.0,30.1,2.86,7.09,1190.0,276.0,5.99,1.33,14.1,1058.0,332.0,5.33,1.63,19.08,1076.0,318.0,5.42,1.56,17.97,773.0,243.0,4.94,1.54,19.11,372.0,182.0,2.38,1.16,29.74,1061.0,265.0,6.79,1.66,15.18,963.0,277.0,6.16,1.75,17.49,1237.0,282.0,7.91,1.76,13.86,2058.0,478.0,13.16,2.99,14.12,2622.0,539.0,16.77,3.35,12.5,3059.0,419.0,19.56,2.51,8.33,1393.0,305.0,8.91,1.9,13.31,2099.0,339.0,13.42,2.07,9.82,12186.0,768.0,77.93,3.23,3.83,5956.0,601.0,38.09,3.39,6.13,4516.0,637.0,28.88,3.84,8.57,1014.0,232.0,6.48,1.45,13.91,559.0,176.0,3.57,1.11,19.14,2202.0,366.0,14.08,2.24,10.1,39345.0,1842.0,95.37,0.9,2.85,27108.0,1600.0,65.71,2.44,3.59,16671.0,1506.0,40.41,3.15,5.49,1910.0,510.0,4.63,1.22,16.23,20586.0,1186.0,49.35,1.74,3.5,21128.0,1114.0,50.65,1.34,3.21,1402.0,264.0,3.36,0.61,11.45,2137.0,339.0,5.12,0.78,9.64,2465.0,481.0,5.91,1.12,11.86,2452.0,404.0,5.88,0.93,10.02,1984.0,308.0,4.76,0.71,9.44,5071.0,738.0,12.16,1.68,8.85,5820.0,648.0,13.95,1.42,6.77,5131.0,609.0,12.3,1.35,7.22,3261.0,621.0,7.82,1.45,11.58,3665.0,425.0,8.79,0.94,7.05,5517.0,666.0,13.23,1.48,7.34,1902.0,304.0,4.56,0.7,9.72,907.0,362.0,2.17,0.86,24.26,7523.0,759.0,18.03,1.62,6.13,34191.0,1517.0,81.97,5.22,2.7,8326.0,740.0,19.96,1.52,5.4,2975.0,586.0,7.13,1.37,11.97,26964.0,1811.0,64.64,3.19,4.08,1251.0,318.0,3.0,0.75,15.45,248.0,240.0,0.59,0.57,58.83,8626.0,1059.0,20.68,2.36,7.46,21.0,33.0,0.05,0.08,95.53,1629.0,803.0,3.91,1.92,29.97,6461.0,955.0,15.49,2.18,8.99,35253.0,1912.0,84.51,2.48,3.3,24112.0,1822.0,57.8,3.48,4.59,1224.0,313.0,2.93,0.74,15.55,241.0,233.0,0.58,0.56,58.77,8588.0,1058.0,20.59,2.36,7.49,0.0,,0.0,,,104.0,74.0,0.25,0.18,43.25,984.0,369.0,2.36,0.88,22.8
10306,10306,10306,19846.0,714.0,100,,2.19,6422.0,540.0,32.36,2.46,5.11,13344.0,1237.0,23.31,1.85,5.64,1004.0,215.0,7.52,1.45,13.02,522.0,164.0,3.91,1.17,19.1,5201.0,743.0,38.98,4.24,8.68,3159.0,608.0,23.67,3.99,11.7,3458.0,541.0,25.91,3.27,9.51,40780.0,1728.0,71.23,4.56,2.58,2456.0,518.0,6.02,1.24,12.82,2399.0,454.0,5.88,1.09,11.5,13087.0,1252.0,32.09,2.75,5.82,13693.0,1242.0,33.58,2.69,5.51,45042.0,2099.0,78.68,5.26,2.83,1339.0,268.0,2.97,0.58,12.17,56872.0,2742.0,99.34,0.52,2.93,6452.0,818.0,11.34,1.33,7.71,12200.0,1229.0,21.31,1.89,6.12,167.0,95.0,1.37,0.77,34.58,34351.0,1949.0,60.0,1.82,3.45,3063.0,635.0,8.92,1.78,12.6,10321.0,798.0,18.03,1.09,4.7,3222.0,403.0,31.22,3.07,7.6,56447.0,2674.0,98.6,6.64,2.88,53304.0,2745.0,94.43,1.91,3.13,2594.0,697.0,4.6,1.22,16.33,549.0,621.0,0.97,1.1,68.76,57249.0,2744.0,100,,2.91,42918.0,2309.0,74.97,1.83,3.27,41979.0,2327.0,73.33,2.04,3.37,939.0,256.0,1.64,0.44,16.57,14331.0,1420.0,25.03,2.17,6.02,8809.0,977.0,61.47,3.06,6.74,5522.0,1042.0,38.53,6.19,11.47,5517.0,1167.0,38.5,7.19,12.86,6796.0,872.0,47.42,3.87,7.8,461.0,228.0,3.22,1.56,30.07,0.0,,0.0,,,1522.0,512.0,10.62,3.41,20.45,35.0,46.0,0.24,0.32,79.9,54114.0,2619.0,94.52,0.63,2.94,34497.0,2111.0,63.75,2.39,3.72,9071.0,1128.0,16.76,1.92,7.56,3890.0,976.0,7.19,1.77,15.25,18786.0,738.0,94.66,1.49,2.39,18198.0,773.0,91.7,2.07,2.58,46282.0,2100.0,80.84,5.34,2.76,27324.0,1649.0,59.04,2.35,3.67,25239.0,1359.0,54.53,1.58,3.27,2078.0,604.0,4.49,1.29,17.67,7.0,10.0,0.02,0.02,86.84,18958.0,1548.0,40.96,2.78,4.96,,,7.61,2.16,17.67,24665.0,1336.0,43.08,1.09,3.29,12631.0,989.0,51.21,2.9,4.76,1655.0,317.0,6.71,1.23,11.64,6780.0,704.0,27.49,2.44,6.31,501.0,164.0,2.03,0.66,19.9,2788.0,544.0,11.3,2.12,11.86,25239.0,1359.0,44.09,1.08,3.27,19.0,24.0,0.08,0.1,76.79,1542.0,401.0,6.11,1.55,15.81,776.0,201.0,3.07,0.78,15.75,669.0,263.0,2.65,1.03,23.9,1921.0,438.0,7.61,1.69,13.86,2085.0,455.0,8.26,1.75,13.27,696.0,235.0,2.76,0.92,20.53,2450.0,394.0,9.71,1.47,9.78,3139.0,494.0,12.44,1.84,9.57,7719.0,802.0,30.58,2.72,6.32,1325.0,283.0,5.25,1.09,12.98,1459.0,334.0,5.78,1.29,13.92,1439.0,330.0,5.7,1.27,13.94,681.0,210.0,3.43,1.05,18.75,436.0,192.0,2.2,0.96,26.77,1022.0,261.0,5.15,1.3,15.52,1347.0,308.0,6.79,1.53,13.9,1831.0,385.0,9.23,1.91,12.78,2418.0,448.0,12.18,2.21,11.26,2289.0,479.0,11.53,2.38,12.72,4080.0,501.0,20.56,2.41,7.46,2224.0,399.0,11.21,1.97,10.91,3518.0,487.0,17.73,2.37,8.42,15495.0,725.0,78.08,2.34,2.84,7078.0,631.0,35.66,2.91,5.42,5875.0,580.0,29.6,2.72,6.0,1277.0,306.0,6.43,1.52,14.57,613.0,226.0,3.09,1.13,22.41,2617.0,523.0,13.19,2.59,12.15,54635.0,2711.0,96.07,1.13,3.02,40506.0,2563.0,71.22,2.92,3.85,21619.0,1679.0,38.01,2.31,4.72,2237.0,586.0,3.93,1.01,15.92,28292.0,1605.0,49.42,1.5,3.45,28957.0,1524.0,50.58,1.1,3.2,3135.0,496.0,5.48,0.83,9.62,3004.0,437.0,5.25,0.72,8.84,3649.0,677.0,6.37,1.14,11.28,3721.0,676.0,6.5,1.14,11.04,2960.0,608.0,5.17,1.03,12.49,7283.0,759.0,12.72,1.18,6.34,7159.0,692.0,12.51,1.05,5.88,7657.0,734.0,13.37,1.11,5.83,3833.0,573.0,6.7,0.95,9.09,4179.0,658.0,7.3,1.09,9.57,6512.0,720.0,11.37,1.13,6.72,2825.0,416.0,4.93,0.69,8.95,1332.0,231.0,2.33,0.39,10.54,12200.0,1229.0,21.31,1.89,6.12,45049.0,2100.0,78.69,5.26,2.83,10669.0,794.0,18.64,1.06,4.52,4748.0,1276.0,8.29,2.19,16.34,39494.0,2318.0,68.99,2.34,3.57,1883.0,783.0,3.29,1.36,25.28,85.0,138.0,0.15,0.24,98.69,8985.0,1162.0,15.69,1.89,7.86,95.0,152.0,0.17,0.27,97.26,1959.0,763.0,3.42,1.32,23.68,10009.0,1720.0,17.48,2.89,10.45,47240.0,2673.0,82.52,2.48,3.44,35356.0,2211.0,61.76,2.48,3.8,1148.0,645.0,2.01,1.12,34.15,0.0,,0.0,,,8807.0,1164.0,15.38,1.89,8.03,0.0,,0.0,,,262.0,151.0,0.46,0.26,35.04,1667.0,580.0,2.91,1.0,21.15
10307,10307,10307,5135.0,307.0,100,,3.63,1932.0,325.0,37.62,5.92,10.23,3852.0,636.0,25.99,3.7,10.04,346.0,194.0,8.98,4.81,34.08,263.0,177.0,6.83,4.45,40.91,1365.0,399.0,35.44,8.55,17.77,798.0,344.0,20.72,8.25,26.21,1080.0,295.0,28.04,6.1,16.6,10140.0,701.0,68.42,7.43,4.2,386.0,201.0,3.81,1.96,31.66,611.0,269.0,6.03,2.62,26.76,2320.0,412.0,22.88,3.74,10.8,4003.0,696.0,39.48,6.3,10.57,11368.0,887.0,76.7,8.77,4.74,562.0,195.0,4.94,1.67,21.09,14821.0,1240.0,100.0,0.0,5.09,1385.0,284.0,9.34,1.75,12.47,3453.0,557.0,23.3,3.21,9.81,120.0,132.0,3.48,3.78,66.87,9067.0,912.0,61.18,3.42,6.11,553.0,147.0,6.1,1.5,16.16,2301.0,382.0,15.53,2.23,10.09,712.0,210.0,30.94,7.54,17.93,14607.0,1211.0,98.56,11.61,5.04,13923.0,1188.0,95.32,1.92,5.19,627.0,267.0,4.29,1.79,25.89,57.0,73.0,0.39,0.5,77.85,14821.0,1240.0,100,,5.09,12871.0,1046.0,86.84,10.13,4.94,12788.0,1052.0,86.28,10.12,5.0,83.0,73.0,0.56,0.49,53.47,1950.0,686.0,13.16,4.5,21.39,1268.0,484.0,65.03,9.63,23.2,682.0,344.0,34.97,12.64,30.66,937.0,454.0,48.05,16.01,29.45,511.0,414.0,26.21,19.12,49.25,166.0,154.0,8.51,7.31,56.4,0.0,,0.0,,,336.0,160.0,17.23,5.53,28.95,0.0,,0.0,,,13824.0,1200.0,93.27,2.16,5.28,10918.0,1043.0,78.98,3.15,5.81,1185.0,497.0,8.57,3.52,25.5,502.0,227.0,3.63,1.61,27.49,4783.0,334.0,93.15,3.36,4.25,4687.0,332.0,91.28,3.47,4.31,11868.0,966.0,80.08,9.35,4.95,7255.0,668.0,61.13,2.63,5.6,7182.0,667.0,60.52,2.71,5.65,73.0,52.0,0.62,0.44,43.3,0.0,,0.0,,,4613.0,580.0,38.87,3.72,7.64,,,1.01,0.71,43.3,7070.0,661.0,47.7,1.99,5.68,4964.0,536.0,70.21,3.79,6.56,301.0,198.0,4.26,2.77,39.99,1010.0,311.0,14.29,4.19,18.72,186.0,134.0,2.63,1.88,43.8,591.0,383.0,8.36,5.36,39.4,7182.0,667.0,48.46,1.95,5.65,0.0,,0.0,,,635.0,231.0,8.84,3.11,22.11,265.0,133.0,3.69,1.82,30.51,135.0,96.0,1.88,1.33,43.23,541.0,179.0,7.53,2.39,20.11,468.0,202.0,6.52,2.75,26.24,114.0,128.0,1.59,1.78,68.26,649.0,256.0,9.04,3.46,23.98,874.0,316.0,12.17,4.25,21.98,2401.0,442.0,33.43,5.31,11.19,317.0,222.0,4.41,3.06,42.57,91.0,60.0,1.27,0.83,40.08,692.0,217.0,9.64,2.89,19.06,157.0,95.0,3.06,1.84,36.78,46.0,73.0,0.9,1.42,96.47,111.0,67.0,2.16,1.3,36.69,71.0,46.0,1.38,0.89,39.39,255.0,112.0,4.97,2.16,26.7,526.0,219.0,10.24,4.22,25.31,646.0,238.0,12.58,4.57,22.4,1225.0,357.0,23.86,6.8,17.72,771.0,257.0,15.01,4.92,20.26,1327.0,263.0,25.84,4.88,12.05,4264.0,343.0,83.04,4.47,4.89,1749.0,251.0,34.06,4.44,8.72,1681.0,262.0,32.74,4.71,9.47,95.0,61.0,1.85,1.18,39.03,106.0,65.0,2.06,1.26,37.28,227.0,135.0,4.42,2.62,36.15,14452.0,1132.0,97.51,11.18,4.76,11946.0,1018.0,80.6,1.3,5.18,4404.0,876.0,29.71,5.36,12.09,369.0,241.0,2.49,1.61,39.7,7770.0,752.0,52.43,2.55,5.88,7051.0,833.0,47.57,3.97,7.18,997.0,357.0,6.73,2.34,21.77,876.0,377.0,5.91,2.5,26.16,844.0,407.0,5.69,2.7,29.31,962.0,370.0,6.49,2.44,23.38,1002.0,349.0,6.76,2.29,21.17,1303.0,342.0,8.79,2.19,15.96,2209.0,520.0,14.9,3.28,14.31,2271.0,469.0,15.32,2.89,12.55,1121.0,363.0,7.56,2.37,19.68,935.0,235.0,6.31,1.5,15.28,1379.0,332.0,9.3,2.1,14.64,778.0,194.0,5.25,1.23,15.16,144.0,101.0,0.97,0.68,42.64,3453.0,557.0,23.3,3.21,9.81,11368.0,887.0,76.7,8.77,4.74,2301.0,382.0,15.53,2.23,10.09,1227.0,421.0,8.28,2.75,20.86,12665.0,1297.0,85.45,5.05,6.23,7.0,9.0,0.05,0.06,78.16,0.0,,0.0,,,693.0,580.0,4.68,3.89,50.88,10.0,17.0,0.07,0.11,103.34,219.0,166.0,1.48,1.11,46.08,1649.0,622.0,11.13,4.09,22.93,13172.0,1275.0,88.87,4.33,5.88,12219.0,1336.0,82.44,5.8,6.65,7.0,9.0,0.05,0.06,78.16,0.0,,0.0,,,679.0,577.0,4.58,3.87,51.66,10.0,17.0,0.07,0.11,103.34,0.0,,0.0,,,257.0,165.0,1.73,1.1,39.03
10308,10308,10308,10323.0,668.0,100,,3.93,3853.0,548.0,37.32,4.73,8.65,7163.0,1037.0,23.88,3.0,8.8,541.0,204.0,7.55,2.63,22.92,195.0,116.0,2.72,1.57,36.16,2461.0,592.0,34.36,6.6,14.62,1860.0,407.0,25.97,4.26,13.3,2106.0,465.0,29.4,4.9,13.42,21765.0,1467.0,72.56,7.17,4.1,519.0,215.0,2.38,0.97,25.18,707.0,247.0,3.25,1.11,21.24,6372.0,793.0,29.28,3.06,7.57,8783.0,1063.0,40.35,4.06,7.36,24021.0,1653.0,80.08,7.99,4.18,896.0,200.0,3.73,0.79,13.57,29996.0,2165.0,100.0,0.0,4.39,2904.0,493.0,9.68,1.49,10.32,5975.0,800.0,19.92,2.25,8.14,239.0,140.0,4.0,2.28,35.61,19030.0,1588.0,63.44,2.66,5.07,1361.0,334.0,7.15,1.65,14.92,4991.0,564.0,16.64,1.45,6.87,1304.0,301.0,26.13,5.26,14.03,29860.0,2172.0,99.55,0.9,4.42,28488.0,2223.0,95.41,2.7,4.74,1266.0,410.0,4.24,1.34,19.69,106.0,134.0,0.35,0.45,76.85,29996.0,2165.0,100,,4.39,24331.0,1978.0,81.11,3.03,4.94,24062.0,1986.0,80.22,3.21,5.02,269.0,120.0,0.9,0.39,27.12,5665.0,1011.0,18.89,3.08,10.85,4505.0,884.0,79.52,6.49,11.93,1160.0,401.0,20.48,6.06,21.01,2931.0,803.0,51.74,10.75,16.65,1659.0,448.0,29.29,5.94,16.42,332.0,219.0,5.86,3.72,40.1,0.0,,0.0,,,703.0,312.0,12.41,5.04,26.98,40.0,47.0,0.71,0.82,71.43,28927.0,2178.0,96.44,2.07,4.58,21758.0,1953.0,75.22,3.68,5.46,2414.0,633.0,8.35,2.1,15.94,1379.0,515.0,4.77,1.74,22.7,9728.0,662.0,94.24,1.98,4.14,9575.0,690.0,92.75,2.94,4.38,25064.0,1802.0,83.56,8.51,4.37,15886.0,1407.0,63.38,3.28,5.38,15050.0,1380.0,60.05,3.42,5.57,836.0,344.0,3.34,1.35,25.01,0.0,,0.0,,,9178.0,902.0,36.62,2.45,5.97,,,5.26,2.11,25.01,14743.0,1353.0,49.15,2.79,5.58,8471.0,969.0,57.46,3.92,6.95,931.0,279.0,6.31,1.8,18.22,3344.0,639.0,22.68,3.8,11.62,167.0,118.0,1.13,0.79,42.95,1675.0,497.0,11.36,3.21,18.04,15050.0,1380.0,50.17,2.84,5.57,0.0,,0.0,,,1274.0,409.0,8.47,2.6,19.52,510.0,244.0,3.39,1.59,29.08,35.0,35.0,0.23,0.23,60.79,1194.0,369.0,7.93,2.34,18.79,1217.0,382.0,8.09,2.43,19.08,377.0,197.0,2.5,1.29,31.77,1420.0,445.0,9.44,2.83,19.05,1844.0,412.0,12.25,2.5,13.58,4911.0,914.0,32.63,5.28,11.31,749.0,302.0,4.98,1.95,24.51,241.0,110.0,1.6,0.72,27.75,1278.0,252.0,8.49,1.48,11.99,415.0,204.0,4.02,1.96,29.88,145.0,104.0,1.4,1.0,43.6,521.0,175.0,5.05,1.66,20.42,481.0,217.0,4.66,2.08,27.43,469.0,199.0,4.54,1.91,25.79,1159.0,280.0,11.23,2.61,14.69,1156.0,309.0,11.2,2.9,16.25,1781.0,338.0,17.25,3.08,11.54,1904.0,431.0,18.44,4.0,13.76,2292.0,481.0,22.2,4.43,12.76,8030.0,618.0,77.79,3.24,4.68,3800.0,490.0,36.81,4.11,7.84,3165.0,522.0,30.66,4.65,10.03,443.0,206.0,4.29,1.98,28.27,163.0,85.0,1.58,0.82,31.7,482.0,206.0,4.67,1.97,25.98,29144.0,2234.0,97.16,2.51,4.66,24256.0,2095.0,80.86,3.84,5.25,8510.0,1196.0,28.37,3.42,8.54,852.0,427.0,2.84,1.41,30.47,14354.0,1086.0,47.85,1.09,4.6,15642.0,1331.0,52.15,2.35,5.17,1069.0,328.0,3.56,1.06,18.65,1411.0,391.0,4.7,1.26,16.85,2070.0,444.0,6.9,1.39,13.04,2027.0,430.0,6.76,1.35,12.9,1654.0,410.0,5.51,1.31,15.07,4376.0,709.0,14.59,2.12,9.85,3134.0,638.0,10.45,1.99,12.38,5064.0,700.0,16.88,1.99,8.4,2142.0,433.0,7.14,1.35,12.29,2058.0,388.0,6.86,1.19,11.46,3166.0,500.0,10.55,1.48,9.6,1419.0,295.0,4.73,0.92,12.64,406.0,174.0,1.35,0.57,26.05,5975.0,800.0,19.92,2.25,8.14,24021.0,1653.0,80.08,7.99,4.18,4991.0,564.0,16.64,1.45,6.87,1558.0,591.0,5.19,1.93,23.06,24886.0,1996.0,82.96,2.9,4.88,229.0,204.0,0.76,0.68,54.15,59.0,60.0,0.2,0.2,61.82,2256.0,774.0,7.52,2.52,20.86,0.0,,0.0,,,1008.0,442.0,3.36,1.45,26.66,3297.0,914.0,10.99,2.94,16.85,26699.0,2012.0,89.01,1.93,4.58,23675.0,1910.0,78.93,2.84,4.9,215.0,198.0,0.72,0.66,55.98,28.0,40.0,0.09,0.13,86.84,2256.0,774.0,7.52,2.52,20.86,0.0,,0.0,,,86.0,84.0,0.29,0.28,59.38,439.0,321.0,1.46,1.06,44.45
10309,10309,10309,12108.0,738.0,100,,3.71,4300.0,492.0,35.51,3.44,6.96,7940.0,1108.0,22.74,2.84,8.48,491.0,206.0,6.18,2.45,25.5,276.0,193.0,3.48,2.38,42.51,3420.0,666.0,43.07,5.85,11.84,1909.0,466.0,24.04,4.82,14.84,1844.0,438.0,23.22,4.46,14.44,24801.0,1363.0,71.03,5.92,3.34,578.0,237.0,2.33,0.95,24.93,1288.0,559.0,5.19,2.24,26.38,6650.0,877.0,26.81,3.21,8.02,9902.0,998.0,39.93,3.37,6.13,27154.0,1566.0,77.77,6.62,3.51,944.0,260.0,3.48,0.94,16.74,34907.0,2185.0,99.97,0.16,3.81,4106.0,720.0,11.76,1.93,10.66,7764.0,994.0,22.23,2.48,7.78,60.0,54.0,0.77,0.69,54.71,21177.0,1614.0,60.65,2.64,4.63,2148.0,663.0,10.14,3.03,18.76,5966.0,570.0,17.09,1.23,5.81,1898.0,339.0,31.81,4.8,10.86,34760.0,2178.0,99.55,0.32,3.81,32991.0,2200.0,94.91,2.17,4.05,1702.0,690.0,4.9,1.96,24.64,67.0,49.0,0.19,0.14,44.46,34918.0,2185.0,100,,3.8,28699.0,2153.0,82.19,3.4,4.56,28227.0,2122.0,80.84,3.37,4.57,472.0,334.0,1.35,0.95,43.02,6219.0,982.0,17.81,2.58,9.6,4305.0,668.0,69.22,15.32,9.43,1914.0,595.0,30.78,8.24,18.9,3110.0,746.0,50.01,9.03,14.58,1851.0,475.0,29.76,6.02,15.6,461.0,399.0,7.41,6.31,52.61,0.0,,0.0,,,703.0,370.0,11.3,5.68,31.99,94.0,124.0,1.51,1.98,80.19,33064.0,2016.0,94.69,8.27,3.71,24643.0,1843.0,74.53,3.23,4.55,2940.0,659.0,8.89,1.92,13.63,1835.0,650.0,5.55,1.94,21.53,11705.0,752.0,96.67,1.96,3.91,11195.0,749.0,92.46,2.55,4.07,28127.0,1611.0,80.55,6.83,3.48,17410.0,1169.0,61.9,2.17,4.08,16619.0,1125.0,59.09,2.13,4.12,791.0,233.0,2.81,0.81,17.91,0.0,,0.0,,,10717.0,1115.0,38.1,3.31,6.32,,,4.54,1.3,17.91,16292.0,1090.0,46.66,1.1,4.07,10285.0,934.0,63.13,3.88,5.52,1130.0,348.0,6.94,2.09,18.72,2525.0,443.0,15.5,2.51,10.67,406.0,354.0,2.49,2.17,53.0,1747.0,521.0,10.72,3.12,18.13,16619.0,1125.0,47.59,1.23,4.12,6.0,10.0,0.04,0.06,101.32,1488.0,406.0,8.95,2.37,16.59,258.0,138.0,1.55,0.82,32.52,276.0,136.0,1.66,0.81,29.95,1478.0,482.0,8.89,2.84,19.82,1190.0,477.0,7.16,2.83,24.37,408.0,216.0,2.46,1.29,32.18,1488.0,346.0,8.95,1.99,14.14,1448.0,294.0,8.71,1.67,12.34,5564.0,713.0,33.48,3.64,7.79,1389.0,430.0,8.36,2.52,18.82,269.0,114.0,1.62,0.68,25.76,1357.0,392.0,8.17,2.29,17.56,699.0,304.0,5.77,2.49,26.44,368.0,420.0,3.04,3.46,69.38,372.0,160.0,3.07,1.31,26.15,432.0,176.0,3.57,1.44,24.77,552.0,247.0,4.56,2.02,27.2,1651.0,495.0,13.64,4.0,18.23,906.0,291.0,7.48,2.36,19.53,1928.0,352.0,15.92,2.74,11.1,1892.0,428.0,15.63,3.4,13.75,3308.0,430.0,27.32,3.14,7.9,9585.0,713.0,79.16,3.38,4.52,4678.0,522.0,38.64,3.61,6.78,3982.0,536.0,32.89,3.95,8.18,647.0,373.0,5.34,3.06,35.05,292.0,182.0,2.41,1.5,37.89,1099.0,484.0,9.08,3.96,26.77,34266.0,2232.0,98.16,1.77,3.96,28729.0,2170.0,82.3,3.48,4.59,9738.0,1185.0,27.9,2.91,7.4,641.0,239.0,1.84,0.67,22.67,17200.0,1237.0,49.26,1.75,4.37,17718.0,1238.0,50.74,1.58,4.25,1854.0,491.0,5.31,1.37,16.1,1818.0,397.0,5.21,1.09,13.27,2708.0,623.0,7.76,1.72,13.99,1889.0,420.0,5.41,1.15,13.52,1848.0,412.0,5.29,1.13,13.55,3694.0,721.0,10.58,1.96,11.87,4838.0,746.0,13.86,1.95,9.37,5052.0,665.0,14.47,1.68,8.0,2294.0,429.0,6.57,1.16,11.37,2952.0,771.0,8.45,2.14,15.88,3322.0,582.0,9.51,1.56,10.65,2088.0,456.0,5.98,1.25,13.28,561.0,180.0,1.61,0.51,19.5,7764.0,994.0,22.23,2.48,7.78,27154.0,1566.0,77.77,6.62,3.51,5971.0,570.0,17.1,1.23,5.8,1211.0,585.0,3.47,1.66,29.37,30698.0,2068.0,87.91,2.19,4.1,148.0,102.0,0.42,0.29,41.9,33.0,38.0,0.09,0.11,70.0,1390.0,477.0,3.98,1.34,20.86,0.0,,0.0,,,1438.0,508.0,4.12,1.43,21.48,3068.0,732.0,8.79,2.02,14.5,31850.0,2010.0,91.21,0.75,3.84,29248.0,1905.0,83.76,1.51,3.96,148.0,102.0,0.42,0.29,41.9,33.0,38.0,0.09,0.11,70.0,1390.0,477.0,3.98,1.34,20.86,0.0,,0.0,,,488.0,381.0,1.4,1.09,47.46,543.0,344.0,1.56,0.98,38.51
10310,10310,10310,8982.0,595.0,100,,4.03,3449.0,472.0,38.4,4.6,8.32,6506.0,878.0,25.19,2.78,8.2,443.0,140.0,6.81,1.95,19.21,291.0,139.0,4.47,2.05,29.04,2919.0,563.0,44.87,6.18,11.72,1414.0,330.0,21.73,4.14,14.19,1439.0,311.0,22.12,3.73,13.14,17295.0,1345.0,66.97,0.25,4.73,835.0,233.0,4.83,1.29,16.96,1253.0,288.0,7.24,1.57,13.97,5566.0,847.0,32.18,4.21,9.25,5335.0,507.0,30.85,1.68,5.78,19201.0,1524.0,74.35,1.21,4.82,454.0,167.0,2.36,0.85,22.36,25782.0,2006.0,99.84,0.44,4.73,2230.0,349.0,8.65,1.17,9.51,6608.0,872.0,25.59,2.73,8.02,318.0,169.0,4.81,2.48,32.31,15807.0,1402.0,61.21,2.62,5.39,827.0,211.0,5.23,1.25,15.51,3367.0,387.0,13.04,1.1,6.99,1085.0,240.0,32.22,6.09,13.45,25397.0,1977.0,98.35,0.5,4.73,24248.0,1945.0,95.48,1.85,4.88,1029.0,471.0,4.05,1.83,27.83,120.0,89.0,0.47,0.35,45.09,25824.0,2006.0,100,,4.72,19393.0,1842.0,75.1,4.1,5.77,18699.0,1808.0,72.41,4.17,5.88,694.0,274.0,2.69,1.04,24.0,6431.0,1026.0,24.9,3.47,9.7,3538.0,659.0,55.01,5.29,11.32,2893.0,748.0,44.99,9.15,15.72,1367.0,682.0,21.26,10.05,30.33,1130.0,293.0,17.57,3.59,15.76,735.0,273.0,11.43,3.83,22.58,15.0,23.0,0.23,0.36,93.21,3184.0,664.0,49.51,6.65,12.68,0.0,,0.0,,,23713.0,1863.0,91.83,1.08,4.78,15751.0,1569.0,66.42,4.07,6.06,3286.0,633.0,13.86,2.44,11.71,4414.0,792.0,18.61,3.0,10.91,8512.0,588.0,94.77,1.86,4.2,7788.0,589.0,86.71,3.16,4.6,19923.0,1652.0,77.15,2.24,5.04,12479.0,1193.0,62.64,2.98,5.81,11971.0,1147.0,60.09,2.88,5.82,498.0,190.0,2.5,0.93,23.19,10.0,16.0,0.05,0.08,97.26,7444.0,829.0,37.36,2.78,6.77,,,3.99,1.47,23.19,11621.0,1128.0,45.0,2.62,5.9,6201.0,799.0,53.36,4.52,7.83,1086.0,374.0,9.35,3.09,20.94,2312.0,404.0,19.9,2.89,10.62,659.0,213.0,5.67,1.75,19.65,996.0,214.0,8.57,1.64,13.06,11971.0,1147.0,46.36,2.6,5.82,0.0,,0.0,,,1129.0,443.0,9.43,3.59,23.85,214.0,87.0,1.79,0.71,24.71,133.0,97.0,1.11,0.8,44.34,1369.0,519.0,11.44,4.19,23.05,705.0,214.0,5.89,1.7,18.45,257.0,131.0,2.15,1.07,30.99,738.0,192.0,6.16,1.49,15.82,955.0,245.0,7.98,1.9,15.6,4191.0,535.0,35.01,2.95,7.76,665.0,197.0,5.56,1.56,18.01,786.0,329.0,6.57,2.68,25.45,829.0,215.0,6.93,1.67,15.77,630.0,181.0,7.01,1.96,17.47,245.0,114.0,2.73,1.26,28.29,460.0,177.0,5.12,1.94,23.39,554.0,250.0,6.17,2.75,27.43,756.0,285.0,8.42,3.12,22.92,870.0,184.0,9.69,1.95,12.86,829.0,228.0,9.23,2.46,16.72,2050.0,342.0,22.82,3.49,10.14,1133.0,395.0,12.61,4.32,21.19,1455.0,251.0,16.2,2.58,10.49,7157.0,586.0,79.68,3.83,4.98,2715.0,488.0,30.23,5.05,10.93,2192.0,333.0,24.4,3.34,9.24,405.0,119.0,4.51,1.29,17.86,331.0,110.0,3.69,1.2,20.2,1636.0,340.0,18.21,3.59,12.63,24568.0,1941.0,95.29,1.31,4.8,17397.0,1418.0,67.48,1.64,4.95,9366.0,1390.0,36.33,4.59,9.02,1214.0,426.0,4.71,1.61,21.33,12438.0,1306.0,48.16,3.4,6.38,13386.0,966.0,51.84,5.5,4.39,2111.0,394.0,8.17,1.39,11.35,1481.0,349.0,5.73,1.28,14.33,1919.0,385.0,7.43,1.37,12.2,1721.0,372.0,6.66,1.34,13.14,1297.0,317.0,5.02,1.16,14.86,4027.0,578.0,15.59,1.88,8.73,3035.0,515.0,11.75,1.77,10.32,3051.0,467.0,11.81,1.56,9.3,2096.0,478.0,8.12,1.74,13.86,1703.0,344.0,6.59,1.23,12.28,2173.0,262.0,8.41,0.78,7.33,862.0,187.0,3.34,0.68,13.19,348.0,153.0,1.35,0.58,26.73,6613.0,872.0,25.61,2.73,8.02,19211.0,1524.0,74.39,1.2,4.82,3383.0,388.0,13.1,1.11,6.97,3687.0,898.0,14.28,3.3,14.81,12927.0,1603.0,50.06,4.84,7.54,5627.0,1067.0,21.79,3.77,11.53,220.0,175.0,0.85,0.67,48.36,1338.0,377.0,5.18,1.4,17.13,0.0,,0.0,,,2025.0,672.0,7.84,2.53,20.17,8189.0,1069.0,31.71,3.33,7.94,17635.0,1652.0,68.29,3.58,5.69,10510.0,1415.0,40.7,4.48,8.18,4839.0,792.0,18.74,2.7,9.95,18.0,30.0,0.07,0.12,101.32,1338.0,377.0,5.18,1.4,17.13,0.0,,0.0,,,128.0,88.0,0.5,0.34,41.79,802.0,295.0,3.11,1.12,22.36
10312,10312,10312,21366.0,826.0,100,,2.35,7364.0,539.0,34.47,2.14,4.45,16211.0,1314.0,25.59,1.83,4.93,931.0,226.0,5.74,1.31,14.76,1058.0,323.0,6.53,1.92,18.56,6516.0,698.0,40.19,2.82,6.51,3492.0,537.0,21.54,2.82,9.35,4214.0,644.0,25.99,3.37,9.29,43322.0,1702.0,68.39,0.55,2.39,1568.0,358.0,3.62,0.81,13.88,1928.0,373.0,4.45,0.84,11.76,12216.0,968.0,28.2,1.94,4.82,17734.0,1122.0,40.94,2.03,3.85,48608.0,1970.0,76.74,0.99,2.46,1364.0,265.0,2.81,0.53,11.81,63328.0,2437.0,99.97,0.18,2.34,5302.0,591.0,8.37,0.88,6.78,14720.0,972.0,23.24,1.25,4.01,300.0,134.0,2.04,0.9,27.15,37730.0,1806.0,59.56,1.7,2.91,2409.0,397.0,6.38,1.01,10.02,10878.0,753.0,17.17,0.99,4.21,2593.0,332.0,23.84,2.57,7.78,62529.0,2463.0,98.71,0.85,2.39,59280.0,2660.0,94.8,2.04,2.73,2946.0,799.0,4.71,1.26,16.49,303.0,210.0,0.48,0.34,42.13,63345.0,2435.0,100,,2.34,50959.0,2395.0,80.45,2.18,2.86,50174.0,2393.0,79.21,2.24,2.9,785.0,271.0,1.24,0.43,20.99,12386.0,1049.0,19.55,1.48,5.15,9777.0,995.0,78.94,4.45,6.19,2609.0,554.0,21.06,4.1,12.91,5220.0,806.0,42.14,5.44,9.39,4402.0,641.0,35.54,4.21,8.85,1380.0,484.0,11.14,3.79,21.32,0.0,,0.0,,,1356.0,410.0,10.95,3.18,18.38,28.0,44.0,0.23,0.35,95.53,59651.0,2488.0,94.17,1.52,2.54,43000.0,2703.0,72.09,3.39,3.82,5938.0,815.0,9.95,1.3,8.34,2582.0,552.0,4.33,0.91,13.0,20507.0,837.0,95.98,1.26,2.48,19071.0,818.0,89.26,1.66,2.61,50425.0,2014.0,79.6,0.86,2.43,30286.0,1581.0,60.06,2.02,3.17,29178.0,1544.0,57.86,2.01,3.22,1091.0,303.0,2.16,0.59,16.88,17.0,22.0,0.03,0.04,78.67,20139.0,1352.0,39.94,2.16,4.08,,,3.6,0.98,16.88,28675.0,1530.0,45.27,1.68,3.24,17415.0,1246.0,60.73,2.89,4.35,2733.0,558.0,9.53,1.88,12.41,5052.0,611.0,17.62,1.91,7.35,334.0,139.0,1.16,0.48,25.3,2782.0,459.0,9.7,1.51,10.03,29178.0,1544.0,46.06,1.68,3.22,22.0,25.0,0.08,0.09,69.08,1929.0,389.0,6.61,1.29,12.26,584.0,250.0,2.0,0.85,26.02,567.0,272.0,1.94,0.93,29.16,2648.0,458.0,9.08,1.49,10.51,1781.0,364.0,6.1,1.2,12.42,579.0,165.0,1.98,0.56,17.32,3383.0,445.0,11.59,1.4,8.0,3194.0,429.0,10.95,1.35,8.17,9278.0,877.0,31.8,2.49,5.75,1718.0,387.0,5.89,1.29,13.69,1320.0,305.0,4.52,1.02,14.05,2175.0,437.0,7.45,1.44,12.21,711.0,257.0,3.33,1.2,21.97,323.0,157.0,1.51,0.73,29.55,811.0,215.0,3.8,1.0,16.12,884.0,244.0,4.14,1.13,16.78,1549.0,297.0,7.25,1.36,11.66,2510.0,472.0,11.75,2.16,11.43,2554.0,386.0,11.95,1.75,9.19,4401.0,465.0,20.6,2.03,6.42,3135.0,424.0,14.67,1.9,8.22,4488.0,474.0,21.01,2.06,6.42,16346.0,801.0,76.5,2.3,2.98,8086.0,716.0,37.85,3.01,5.38,6500.0,621.0,30.42,2.66,5.81,826.0,222.0,3.87,1.03,16.34,398.0,142.0,1.86,0.66,21.69,1199.0,264.0,5.61,1.22,13.39,62146.0,2407.0,98.13,0.43,2.35,49132.0,2442.0,77.58,2.44,3.02,19535.0,1350.0,30.85,1.77,4.2,1182.0,311.0,1.87,0.49,15.99,30956.0,1355.0,48.87,1.02,2.66,32389.0,1403.0,51.13,1.02,2.63,3694.0,513.0,5.83,0.78,8.44,4538.0,820.0,7.16,1.26,10.98,3729.0,441.0,5.89,0.66,7.19,3932.0,535.0,6.21,0.81,8.27,4130.0,634.0,6.52,0.97,9.33,7358.0,708.0,11.62,1.02,5.85,8127.0,664.0,12.83,0.92,4.97,8367.0,744.0,13.21,1.06,5.41,4099.0,551.0,6.47,0.83,8.17,4493.0,522.0,7.09,0.78,7.06,6922.0,741.0,10.93,1.09,6.51,3129.0,441.0,4.94,0.67,8.57,827.0,174.0,1.31,0.27,12.79,14720.0,972.0,23.24,1.25,4.01,48625.0,1969.0,76.76,0.98,2.46,10878.0,753.0,17.17,0.99,4.21,5286.0,1470.0,8.34,2.3,16.91,50048.0,2265.0,79.01,1.89,2.75,800.0,405.0,1.26,0.64,30.78,33.0,36.0,0.05,0.06,66.32,5989.0,1077.0,9.45,1.66,10.93,0.0,,0.0,,,1189.0,434.0,1.88,0.68,22.19,8517.0,1432.0,13.45,2.2,10.22,54828.0,2210.0,86.55,1.05,2.45,46980.0,2320.0,74.17,2.3,3.0,591.0,360.0,0.93,0.57,37.03,33.0,36.0,0.05,0.06,66.32,5985.0,1074.0,9.45,1.66,10.91,0.0,,0.0,,,242.0,150.0,0.38,0.24,37.68,997.0,381.0,1.57,0.6,23.23
10314,10314,"10311, 10314",31419.0,816.0,100,,1.58,9994.0,779.0,31.81,2.34,4.74,22407.0,1476.0,23.95,1.36,4.0,1795.0,421.0,8.01,1.8,14.26,1014.0,237.0,4.53,1.01,14.21,8159.0,766.0,36.41,2.44,5.71,4752.0,588.0,21.21,2.22,7.52,6687.0,742.0,29.84,2.66,6.75,66392.0,2013.0,70.98,3.21,1.84,3701.0,664.0,5.57,0.99,10.91,3378.0,700.0,5.09,1.04,12.6,19560.0,1380.0,29.46,1.88,4.29,24753.0,1455.0,37.28,1.88,3.57,74109.0,2269.0,79.23,3.6,1.86,2104.0,372.0,2.84,0.49,10.75,92708.0,3135.0,99.11,0.4,2.06,9676.0,917.0,10.44,0.92,5.76,19392.0,1439.0,20.73,1.37,4.51,467.0,181.0,2.41,0.92,23.56,55777.0,2312.0,59.63,1.45,2.52,4121.0,666.0,7.39,1.15,9.82,17539.0,849.0,18.75,0.65,2.94,5088.0,629.0,29.01,3.3,7.52,92614.0,3059.0,99.01,4.66,2.01,86497.0,3079.0,93.4,1.24,2.16,5687.0,1244.0,6.14,1.33,13.3,430.0,350.0,0.46,0.38,49.48,93539.0,3140.0,100,,2.04,67730.0,3106.0,72.41,2.26,2.79,65327.0,2960.0,69.84,2.13,2.75,2403.0,504.0,2.57,0.53,12.75,25809.0,1817.0,27.59,1.71,4.28,18554.0,1456.0,71.89,2.49,4.77,7255.0,969.0,28.11,3.19,8.12,5550.0,858.0,21.5,2.96,9.4,13961.0,1094.0,54.09,1.86,4.76,2094.0,564.0,8.11,2.11,16.37,0.0,,0.0,,,3977.0,929.0,15.41,3.43,14.2,227.0,149.0,0.88,0.57,39.9,88392.0,2844.0,94.5,4.39,1.96,54019.0,2774.0,61.11,2.45,3.12,13297.0,1232.0,15.04,1.31,5.63,7718.0,1264.0,8.73,1.4,9.96,29651.0,912.0,94.37,1.56,1.87,27934.0,917.0,88.91,1.79,2.0,76349.0,2329.0,81.62,3.7,1.85,44193.0,2031.0,57.88,1.99,2.79,42053.0,1980.0,55.08,1.98,2.86,2114.0,424.0,2.77,0.55,12.19,26.0,35.0,0.03,0.05,81.83,32156.0,1426.0,42.12,1.36,2.7,,,4.78,0.93,12.19,41343.0,2007.0,44.2,1.55,2.95,23024.0,1441.0,55.69,2.2,3.8,4830.0,828.0,11.68,1.92,10.42,8011.0,982.0,19.38,2.18,7.45,788.0,238.0,1.91,0.57,18.36,4283.0,610.0,10.36,1.39,8.66,42053.0,1980.0,44.96,1.48,2.86,25.0,25.0,0.06,0.06,60.79,2422.0,453.0,5.76,1.04,11.37,999.0,252.0,2.38,0.59,15.33,880.0,274.0,2.09,0.64,18.93,3879.0,567.0,9.22,1.28,8.89,3919.0,534.0,9.32,1.19,8.28,1014.0,234.0,2.41,0.54,14.03,3178.0,483.0,7.56,1.09,9.24,4979.0,679.0,11.84,1.52,8.29,13575.0,1185.0,32.28,2.37,5.31,2611.0,377.0,6.21,0.85,8.78,1842.0,356.0,4.38,0.82,11.75,2730.0,411.0,6.49,0.93,9.15,1149.0,346.0,3.66,1.1,18.31,874.0,275.0,2.78,0.87,19.13,1525.0,308.0,4.85,0.97,12.28,1781.0,352.0,5.67,1.11,12.01,3047.0,454.0,9.7,1.42,9.06,3405.0,439.0,10.84,1.37,7.84,3364.0,413.0,10.71,1.28,7.46,5579.0,609.0,17.76,1.88,6.64,4206.0,443.0,13.39,1.37,6.4,6489.0,628.0,20.65,1.93,5.88,23741.0,914.0,75.56,2.15,2.34,12086.0,688.0,38.47,1.95,3.46,8853.0,622.0,28.18,1.84,4.27,1720.0,339.0,5.47,1.07,11.98,1022.0,255.0,3.25,0.81,15.17,2847.0,368.0,9.06,1.15,7.86,89305.0,3038.0,96.33,0.36,2.07,66239.0,2638.0,71.45,1.5,2.42,34514.0,2151.0,37.23,1.95,3.79,3403.0,772.0,3.67,0.82,13.79,45695.0,1902.0,48.85,1.2,2.53,47844.0,1756.0,51.15,0.76,2.23,5147.0,784.0,5.5,0.82,9.26,5321.0,640.0,5.69,0.66,7.31,5624.0,618.0,6.01,0.63,6.68,5584.0,692.0,5.97,0.71,7.53,5471.0,637.0,5.85,0.65,7.08,12364.0,979.0,13.22,0.95,4.81,11683.0,884.0,12.49,0.85,4.6,12050.0,961.0,12.88,0.93,4.85,5810.0,641.0,6.21,0.65,6.71,6375.0,682.0,6.82,0.69,6.5,10137.0,666.0,10.84,0.61,3.99,5531.0,482.0,5.91,0.48,5.3,2442.0,443.0,2.61,0.47,11.03,19404.0,1439.0,20.74,1.37,4.51,74135.0,2271.0,79.26,3.6,1.86,18110.0,843.0,19.36,0.62,2.83,7314.0,1334.0,7.82,1.4,11.09,61357.0,2766.0,65.6,1.97,2.74,3526.0,664.0,3.77,0.7,11.45,659.0,352.0,0.7,0.38,32.47,17404.0,1545.0,18.61,1.53,5.4,0.0,,0.0,,,3279.0,703.0,3.51,0.74,13.03,14048.0,1498.0,15.02,1.52,6.48,79491.0,2889.0,84.98,1.18,2.21,56189.0,2430.0,60.07,1.64,2.63,3334.0,660.0,3.56,0.7,12.03,212.0,167.0,0.23,0.18,47.89,17349.0,1541.0,18.55,1.53,5.4,0.0,,0.0,,,590.0,319.0,0.63,0.34,32.87,1817.0,489.0,1.94,0.52,16.36
10456,10456,10456,32601.0,1432.0,100,,2.67,12085.0,1082.0,37.07,2.89,5.44,24060.0,2321.0,27.67,2.31,5.86,2108.0,521.0,8.76,1.99,15.02,775.0,306.0,3.22,1.23,24.0,10459.0,1395.0,43.47,4.0,8.11,6119.0,984.0,25.43,3.27,9.78,4599.0,851.0,19.11,3.02,11.25,54317.0,2611.0,62.46,4.26,2.92,7875.0,1159.0,14.5,2.02,8.95,9516.0,1192.0,17.52,2.03,7.61,15983.0,1418.0,29.43,2.19,5.39,7612.0,1033.0,14.01,1.78,8.25,62827.0,2863.0,72.25,4.8,2.77,1591.0,431.0,2.53,0.68,16.47,85905.0,4187.0,98.79,0.57,2.96,16142.0,1436.0,18.79,1.4,5.41,24008.0,2217.0,27.61,2.17,5.61,1496.0,568.0,6.23,2.29,23.08,52207.0,2723.0,60.04,1.17,3.17,9726.0,1075.0,18.63,1.82,6.72,9690.0,1180.0,11.14,1.25,7.4,4920.0,767.0,50.77,4.94,9.48,85510.0,4133.0,98.33,6.73,2.94,79514.0,4156.0,92.99,1.85,3.18,5395.0,901.0,6.31,1.01,10.15,601.0,336.0,0.7,0.39,33.99,86958.0,4209.0,100,,2.94,61196.0,3923.0,70.37,2.96,3.9,54892.0,3624.0,63.12,2.83,4.01,6304.0,1146.0,7.25,1.27,11.05,25762.0,2017.0,29.63,1.82,4.76,13698.0,1316.0,53.17,2.96,5.84,12064.0,1350.0,46.83,3.74,6.8,589.0,435.0,2.29,1.68,44.9,605.0,332.0,2.35,1.28,33.36,6151.0,1050.0,23.88,3.62,10.38,0.0,,0.0,,,18417.0,1750.0,71.49,3.85,5.78,0.0,,0.0,,,79953.0,3777.0,91.94,6.22,2.87,34855.0,2805.0,43.59,2.84,4.89,21572.0,2411.0,26.98,2.73,6.79,35079.0,3120.0,43.87,3.31,5.41,29387.0,1433.0,90.14,1.91,2.96,26226.0,1407.0,80.45,2.48,3.26,65503.0,2981.0,75.33,5.0,2.77,35387.0,2359.0,54.02,2.63,4.05,30774.0,2121.0,46.98,2.43,4.19,4521.0,772.0,6.9,1.14,10.38,92.0,106.0,0.14,0.16,70.04,30116.0,1871.0,45.98,1.94,3.78,,,12.78,2.01,10.38,30018.0,2165.0,34.52,1.85,4.38,5881.0,983.0,19.59,2.95,10.16,633.0,230.0,2.11,0.75,22.09,17558.0,1748.0,58.49,4.01,6.05,2951.0,693.0,9.83,2.2,14.28,1330.0,353.0,4.43,1.13,16.13,30774.0,2121.0,35.39,1.74,4.19,118.0,107.0,0.38,0.35,55.12,854.0,395.0,2.78,1.27,28.12,1032.0,345.0,3.35,1.1,20.32,391.0,198.0,1.27,0.64,30.78,3512.0,751.0,11.41,2.31,13.0,3099.0,620.0,10.07,1.89,12.16,298.0,166.0,0.97,0.54,33.86,1622.0,502.0,5.27,1.59,18.81,3407.0,760.0,11.07,2.35,13.56,10997.0,1304.0,35.73,3.45,7.21,3030.0,571.0,9.85,1.73,11.46,1726.0,354.0,5.61,1.08,12.47,688.0,281.0,2.24,0.9,24.83,5827.0,882.0,17.87,2.59,9.2,4297.0,877.0,13.18,2.63,12.41,3436.0,580.0,10.54,1.72,10.26,2520.0,613.0,7.73,1.85,14.79,4756.0,758.0,14.59,2.24,9.69,5011.0,652.0,15.37,1.88,7.91,3310.0,586.0,10.15,1.74,10.76,2101.0,417.0,6.44,1.25,12.07,929.0,279.0,2.85,0.85,18.26,414.0,178.0,1.27,0.54,26.14,22143.0,1483.0,67.92,3.43,4.07,8320.0,1186.0,25.52,3.46,8.67,3541.0,497.0,10.86,1.45,8.53,5796.0,1043.0,17.78,3.1,10.94,4600.0,786.0,14.11,2.33,10.39,16940.0,1490.0,51.96,3.96,5.35,79366.0,4078.0,92.39,1.5,3.12,30919.0,2536.0,35.99,2.37,4.99,59213.0,3688.0,68.93,2.67,3.79,6539.0,1043.0,7.61,1.16,9.7,40179.0,2739.0,46.21,2.22,4.14,46779.0,2428.0,53.79,1.01,3.16,7005.0,1074.0,8.06,1.17,9.32,5893.0,996.0,6.78,1.1,10.27,7363.0,886.0,8.47,0.93,7.31,5913.0,849.0,6.8,0.92,8.73,6467.0,1035.0,7.44,1.13,9.73,12831.0,1303.0,14.76,1.32,6.17,11005.0,1289.0,12.66,1.35,7.12,9778.0,1181.0,11.24,1.24,7.34,5416.0,802.0,6.23,0.87,9.0,4970.0,768.0,5.72,0.84,9.39,6616.0,1015.0,7.61,1.11,9.33,2824.0,530.0,3.25,0.59,11.41,877.0,295.0,1.01,0.34,20.45,24039.0,2219.0,27.64,2.17,5.61,62919.0,2882.0,72.36,4.82,2.78,10317.0,1159.0,11.86,1.2,6.83,11961.0,2188.0,13.75,2.43,11.12,8911.0,1742.0,10.25,1.94,11.88,41291.0,3335.0,47.48,3.07,4.91,1211.0,655.0,1.39,0.75,32.88,723.0,390.0,0.83,0.45,32.79,0.0,,0.0,,,22861.0,2747.0,26.29,2.89,7.3,45412.0,3403.0,52.22,2.99,4.56,41546.0,2693.0,47.78,2.06,3.94,2439.0,755.0,2.8,0.86,18.82,35785.0,2689.0,41.15,2.37,4.57,240.0,217.0,0.28,0.25,54.96,664.0,373.0,0.76,0.43,34.15,0.0,,0.0,,,362.0,276.0,0.42,0.32,46.35,2056.0,819.0,2.36,0.93,24.22
10452,10452,10452,28397.0,946.0,100,,2.03,10726.0,930.0,37.77,3.02,5.27,22650.0,2036.0,29.51,2.25,5.46,1376.0,439.0,6.08,1.86,19.39,919.0,329.0,4.06,1.41,21.76,10477.0,1292.0,46.26,3.91,7.5,4327.0,639.0,19.1,2.24,8.98,5551.0,865.0,24.51,3.12,9.47,48761.0,2025.0,63.54,4.02,2.52,7028.0,791.0,14.41,1.51,6.84,6893.0,830.0,14.14,1.6,7.32,14392.0,1214.0,29.52,2.17,5.13,6976.0,924.0,14.31,1.8,8.05,55575.0,2325.0,72.42,4.59,2.54,1189.0,481.0,2.14,0.86,24.59,76658.0,3656.0,99.89,0.23,2.9,13114.0,1379.0,17.11,1.6,6.39,21166.0,1975.0,27.58,2.21,5.67,1146.0,413.0,5.41,1.88,21.91,47067.0,2377.0,61.33,1.03,3.07,7693.0,988.0,16.34,1.93,7.81,8425.0,660.0,10.98,0.68,4.76,4275.0,734.0,50.74,7.75,10.44,75676.0,3541.0,98.61,6.58,2.84,70114.0,3695.0,92.65,2.25,3.2,4572.0,769.0,6.04,0.98,10.22,990.0,702.0,1.31,0.93,43.11,76745.0,3656.0,100,,2.9,48688.0,2880.0,63.44,2.22,3.6,43163.0,2741.0,56.24,2.36,3.86,5525.0,1137.0,7.2,1.44,12.51,28057.0,2383.0,36.56,2.57,5.16,16149.0,1709.0,57.56,3.63,6.43,11908.0,1728.0,42.44,4.99,8.82,415.0,282.0,1.48,1.0,41.31,524.0,236.0,1.87,0.83,27.38,4710.0,1539.0,16.79,5.3,19.86,0.0,,0.0,,,22385.0,2057.0,79.78,2.8,5.59,23.0,33.0,0.08,0.12,87.22,71377.0,3221.0,93.01,6.1,2.74,22834.0,2299.0,31.99,2.88,6.12,23727.0,2335.0,33.24,2.91,5.98,41319.0,2967.0,57.89,3.23,4.37,25719.0,1131.0,90.57,2.6,2.67,22765.0,1132.0,80.17,2.96,3.02,57746.0,2427.0,75.24,4.78,2.55,32729.0,2124.0,56.68,2.8,3.95,29088.0,1988.0,50.37,2.71,4.15,3641.0,762.0,6.31,1.29,12.72,0.0,,0.0,,,25017.0,1516.0,43.32,1.89,3.68,,,11.12,2.21,12.72,28028.0,1931.0,36.52,1.82,4.19,3378.0,725.0,12.05,2.45,13.05,815.0,298.0,2.91,1.04,22.23,18658.0,1590.0,66.57,3.34,5.18,2325.0,561.0,8.3,1.92,14.67,1802.0,507.0,6.43,1.75,17.1,29088.0,1988.0,37.9,1.86,4.15,9.0,16.0,0.03,0.05,108.07,1586.0,487.0,5.45,1.63,18.67,775.0,251.0,2.66,0.84,19.69,291.0,174.0,1.0,0.59,36.35,2528.0,608.0,8.69,2.0,14.62,3210.0,571.0,11.04,1.81,10.81,477.0,244.0,1.64,0.83,31.1,909.0,325.0,3.12,1.1,21.73,4017.0,741.0,13.81,2.37,11.21,9755.0,1209.0,33.54,3.47,7.53,3216.0,653.0,11.06,2.11,12.34,1698.0,390.0,5.84,1.28,13.96,617.0,259.0,2.12,0.88,25.52,3452.0,618.0,12.16,2.14,10.88,3241.0,679.0,11.41,2.36,12.74,3356.0,566.0,11.82,1.95,10.25,3233.0,715.0,11.39,2.49,13.44,3980.0,684.0,14.02,2.36,10.45,4201.0,733.0,14.79,2.53,10.61,3163.0,668.0,11.14,2.32,12.84,2279.0,436.0,8.03,1.51,11.63,991.0,301.0,3.49,1.05,18.46,501.0,197.0,1.76,0.69,23.9,20080.0,1117.0,70.71,3.15,3.38,7235.0,704.0,25.48,2.33,5.92,3568.0,802.0,12.56,2.79,13.66,4751.0,783.0,16.73,2.7,10.02,3004.0,597.0,10.58,2.07,12.08,13950.0,1045.0,49.12,3.3,4.55,71909.0,3633.0,93.8,1.56,3.07,28512.0,2660.0,37.19,2.98,5.67,51292.0,3148.0,66.91,2.58,3.73,4749.0,904.0,6.2,1.14,11.57,36593.0,2320.0,47.68,1.99,3.85,40152.0,2421.0,52.32,1.93,3.67,5368.0,1092.0,6.99,1.38,12.37,5963.0,1039.0,7.77,1.3,10.59,6679.0,883.0,8.7,1.07,8.04,5621.0,855.0,7.32,1.06,9.25,4353.0,685.0,5.67,0.85,9.57,11867.0,1270.0,15.46,1.48,6.51,10503.0,954.0,13.69,1.06,5.52,9617.0,1062.0,12.53,1.25,6.71,5061.0,820.0,6.59,1.02,9.85,3255.0,600.0,4.24,0.76,11.21,5205.0,617.0,6.78,0.74,7.21,2320.0,506.0,3.02,0.64,13.26,933.0,374.0,1.22,0.48,24.37,21170.0,1975.0,27.58,2.21,5.67,55575.0,2325.0,72.42,4.59,2.54,8458.0,662.0,11.02,0.68,4.76,10742.0,1931.0,14.0,2.43,10.93,8949.0,1851.0,11.66,2.35,12.57,26617.0,3068.0,34.68,3.64,7.01,763.0,392.0,0.99,0.51,31.23,705.0,316.0,0.92,0.41,27.25,24.0,29.0,0.03,0.04,73.45,28945.0,2971.0,37.72,3.43,6.24,50094.0,3099.0,65.27,2.58,3.76,26651.0,2711.0,34.73,3.12,6.18,2106.0,669.0,2.74,0.86,19.31,21601.0,2724.0,28.15,3.29,7.67,247.0,209.0,0.32,0.27,51.44,637.0,292.0,0.83,0.38,27.87,0.0,,0.0,,,1084.0,464.0,1.41,0.6,26.02,976.0,344.0,1.27,0.44,21.43
10453,10453,10453,28462.0,930.0,100,,1.99,10105.0,799.0,35.5,2.56,4.81,22562.0,2119.0,28.83,2.4,5.71,1365.0,333.0,6.05,1.36,14.83,1007.0,463.0,4.46,2.01,27.95,9720.0,1254.0,43.08,3.81,7.84,4336.0,776.0,19.22,2.93,10.88,6134.0,880.0,27.19,2.95,8.72,50649.0,1976.0,64.71,3.78,2.37,8460.0,1033.0,16.7,1.93,7.42,7272.0,1026.0,14.36,1.95,8.58,15386.0,1240.0,30.38,2.14,4.9,7366.0,1017.0,14.54,1.93,8.39,58165.0,2129.0,74.31,4.22,2.23,982.0,311.0,1.69,0.53,19.25,78249.0,3402.0,99.97,0.1,2.64,13840.0,1568.0,17.69,1.85,6.89,20097.0,1911.0,25.68,2.17,5.78,1615.0,562.0,8.04,2.69,21.15,50253.0,2101.0,64.2,3.87,2.54,8122.0,1039.0,16.16,1.95,7.78,7899.0,748.0,10.09,0.85,5.76,4103.0,574.0,51.94,5.35,8.5,77287.0,3361.0,98.74,0.14,2.64,71668.0,3308.0,92.73,1.43,2.81,4766.0,1060.0,6.17,1.35,13.52,853.0,310.0,1.1,0.4,22.09,78270.0,3402.0,100,,2.64,43846.0,3010.0,56.02,2.98,4.17,39460.0,3033.0,50.42,3.2,4.67,4386.0,694.0,5.6,0.85,9.62,34424.0,2470.0,43.98,2.51,4.36,16922.0,1644.0,49.16,3.22,5.91,17502.0,1887.0,50.84,4.09,6.55,204.0,149.0,0.59,0.43,44.4,800.0,388.0,2.32,1.11,29.48,5609.0,1197.0,16.29,3.27,12.97,0.0,,0.0,,,27756.0,2143.0,80.63,2.3,4.69,55.0,68.0,0.16,0.2,75.16,73457.0,3318.0,93.85,1.15,2.75,23814.0,2377.0,32.42,2.89,6.07,24516.0,2156.0,33.37,2.52,5.35,42388.0,2859.0,57.7,2.89,4.1,26394.0,986.0,92.73,1.68,2.27,24219.0,984.0,85.09,2.05,2.47,60597.0,2302.0,77.42,4.47,2.31,36190.0,2180.0,59.72,2.79,3.66,31037.0,2083.0,51.22,2.83,4.08,5153.0,679.0,8.5,1.07,8.01,0.0,,0.0,,,24407.0,1575.0,40.28,2.1,3.92,,,14.24,1.67,8.01,30016.0,2090.0,38.35,2.09,4.23,4532.0,851.0,15.1,2.63,11.41,1310.0,458.0,4.36,1.5,21.25,18710.0,1580.0,62.33,2.98,5.13,2263.0,589.0,7.54,1.89,15.82,2300.0,552.0,7.66,1.76,14.59,31037.0,2083.0,39.65,2.03,4.08,72.0,85.0,0.23,0.27,71.77,1145.0,326.0,3.69,1.02,17.31,749.0,264.0,2.41,0.84,21.43,678.0,364.0,2.18,1.16,32.64,3842.0,989.0,12.38,3.08,15.65,3121.0,498.0,10.06,1.46,9.7,306.0,157.0,0.99,0.5,31.19,2050.0,552.0,6.61,1.72,16.37,2840.0,524.0,9.15,1.57,11.22,10579.0,1073.0,34.09,2.59,6.17,3244.0,659.0,10.45,2.0,12.35,1805.0,429.0,5.82,1.33,14.45,606.0,216.0,1.95,0.68,21.67,4846.0,759.0,17.03,2.61,9.52,3005.0,526.0,10.56,1.82,10.64,3323.0,597.0,11.68,2.06,10.92,2931.0,597.0,10.3,2.07,12.38,3294.0,532.0,11.57,1.83,9.82,4357.0,647.0,15.31,2.22,9.03,2398.0,503.0,8.43,1.75,12.75,2666.0,528.0,9.37,1.83,12.04,953.0,248.0,3.35,0.86,15.82,689.0,287.0,2.42,1.01,25.32,20117.0,1041.0,70.68,2.84,3.15,7139.0,764.0,25.08,2.56,6.51,3360.0,610.0,11.81,2.11,11.04,4004.0,578.0,14.07,1.98,8.78,2973.0,465.0,10.45,1.6,9.51,14325.0,901.0,50.33,2.7,3.82,70895.0,3518.0,90.6,2.17,3.02,28364.0,2512.0,36.25,2.8,5.38,50570.0,3166.0,64.63,2.91,3.81,7354.0,1407.0,9.4,1.75,11.63,35367.0,2182.0,45.19,1.98,3.75,42903.0,2020.0,54.81,0.99,2.86,4813.0,766.0,6.15,0.94,9.67,5819.0,842.0,7.43,1.03,8.8,6149.0,900.0,7.86,1.1,8.9,5309.0,865.0,6.78,1.07,9.9,5531.0,756.0,7.07,0.92,8.31,11847.0,1059.0,15.14,1.18,5.43,10254.0,993.0,13.1,1.13,5.89,9938.0,1106.0,12.7,1.3,6.77,5505.0,711.0,7.03,0.86,7.85,5206.0,690.0,6.65,0.83,8.06,5527.0,735.0,7.06,0.89,8.08,1888.0,463.0,2.41,0.58,14.91,484.0,214.0,0.62,0.27,26.88,20105.0,1912.0,25.69,2.17,5.78,58165.0,2129.0,74.31,4.22,2.23,7899.0,748.0,10.09,0.85,5.76,13039.0,2430.0,16.66,3.02,11.33,8812.0,1903.0,11.26,2.38,13.13,25647.0,2351.0,32.77,2.64,5.57,1306.0,801.0,1.67,1.02,37.28,998.0,478.0,1.28,0.61,29.12,297.0,261.0,0.38,0.33,53.42,28171.0,2770.0,35.99,3.17,5.98,52629.0,3497.0,67.24,3.38,4.04,25641.0,2182.0,32.76,2.4,5.17,1552.0,450.0,1.98,0.57,17.63,20679.0,2118.0,26.42,2.45,6.23,116.0,132.0,0.15,0.17,69.18,989.0,478.0,1.26,0.61,29.38,0.0,,0.0,,,858.0,635.0,1.1,0.81,44.99,1447.0,520.0,1.85,0.66,21.85
10454,10454,10454,14910.0,619.0,100,,2.52,5105.0,558.0,34.24,3.46,6.64,11869.0,1103.0,29.4,2.28,5.65,756.0,221.0,6.37,1.77,17.77,548.0,245.0,4.62,2.02,27.18,5055.0,672.0,42.59,4.05,8.08,2483.0,479.0,20.92,3.54,11.73,3027.0,628.0,25.5,4.73,12.61,25673.0,1346.0,63.6,0.65,3.19,4569.0,685.0,17.8,2.5,9.11,5125.0,855.0,19.96,3.16,10.14,6592.0,823.0,25.68,2.91,7.59,3581.0,505.0,13.95,1.83,8.57,29743.0,1510.0,73.68,5.32,3.09,302.0,125.0,1.02,0.42,25.16,40311.0,2073.0,99.86,7.26,3.13,8849.0,1051.0,21.95,2.35,7.22,10576.0,1085.0,26.2,2.33,6.24,917.0,293.0,8.67,2.62,19.42,25084.0,1456.0,62.14,1.67,3.53,4807.0,746.0,19.16,2.76,9.43,4651.0,606.0,11.52,1.38,7.92,3125.0,572.0,67.19,8.64,11.13,39982.0,2043.0,99.04,7.18,3.11,37146.0,2039.0,92.91,1.86,3.34,2614.0,559.0,6.54,1.36,13.0,222.0,153.0,0.56,0.38,41.9,40368.0,2076.0,100,,3.13,28831.0,1667.0,71.42,1.89,3.51,24209.0,1716.0,59.97,2.93,4.31,4622.0,905.0,11.45,2.16,11.9,11537.0,1297.0,28.58,2.86,6.83,5571.0,747.0,48.29,3.53,8.15,5966.0,958.0,51.71,5.93,9.76,255.0,159.0,2.21,1.36,37.9,149.0,130.0,1.29,1.12,53.04,1533.0,452.0,13.29,3.62,17.92,0.0,,0.0,,,9566.0,1247.0,82.92,5.47,7.92,34.0,52.0,0.29,0.45,92.97,37876.0,1974.0,93.83,0.79,3.17,13473.0,1409.0,35.57,3.23,6.36,10255.0,1112.0,27.08,2.57,6.59,21803.0,1912.0,57.56,4.06,5.33,13179.0,676.0,88.39,2.66,3.12,11736.0,702.0,78.71,3.39,3.64,30714.0,1606.0,76.09,0.72,3.18,16141.0,1153.0,52.55,2.56,4.34,13665.0,1067.0,44.49,2.58,4.75,2428.0,347.0,7.91,1.05,8.69,48.0,66.0,0.16,0.21,83.59,14573.0,1250.0,47.45,3.23,5.21,,,15.04,1.86,8.69,13395.0,1033.0,33.18,1.91,4.69,1441.0,428.0,10.76,3.09,18.06,165.0,107.0,1.23,0.79,39.42,8289.0,894.0,61.88,4.67,6.56,1737.0,479.0,12.97,3.43,16.76,967.0,425.0,7.22,3.12,26.72,13665.0,1067.0,33.85,1.99,4.75,0.0,,0.0,,,392.0,149.0,2.87,1.07,23.11,384.0,185.0,2.81,1.34,29.29,152.0,120.0,1.11,0.87,47.99,1928.0,367.0,14.11,2.45,11.57,1007.0,446.0,7.37,3.21,26.92,197.0,123.0,1.44,0.89,37.96,831.0,324.0,6.08,2.32,23.7,1407.0,407.0,10.3,2.87,17.58,4566.0,627.0,33.41,3.77,8.35,1856.0,400.0,13.58,2.73,13.1,673.0,290.0,4.92,2.09,26.19,272.0,174.0,1.99,1.26,38.89,2608.0,469.0,17.49,3.06,10.93,2426.0,436.0,16.27,2.85,10.93,2094.0,441.0,14.04,2.9,12.8,1272.0,349.0,8.53,2.31,16.68,1723.0,440.0,11.56,2.91,15.52,1599.0,374.0,10.72,2.47,14.22,635.0,223.0,4.26,1.49,21.35,1512.0,338.0,10.14,2.23,13.59,533.0,224.0,3.57,1.49,25.55,508.0,201.0,3.41,1.34,24.05,9488.0,593.0,63.64,2.97,3.8,3822.0,604.0,25.63,3.91,9.61,1632.0,302.0,10.95,1.97,11.25,3049.0,506.0,20.45,3.29,10.09,1744.0,331.0,11.7,2.17,11.54,7566.0,673.0,50.74,3.99,5.41,36957.0,2087.0,91.68,2.14,3.43,11816.0,1190.0,29.31,2.54,6.12,27982.0,1944.0,69.42,3.24,4.22,3354.0,809.0,8.32,1.96,14.66,18645.0,1297.0,46.19,2.16,4.23,21723.0,1291.0,53.81,1.6,3.61,2492.0,477.0,6.17,1.14,11.64,3163.0,461.0,7.84,1.07,8.86,3386.0,567.0,8.39,1.34,10.18,2508.0,520.0,6.21,1.25,12.6,3146.0,553.0,7.79,1.31,10.69,6397.0,872.0,15.85,2.0,8.29,5409.0,803.0,13.4,1.87,9.02,4502.0,704.0,11.15,1.65,9.51,2343.0,524.0,5.8,1.26,13.6,2371.0,494.0,5.87,1.19,12.67,2885.0,510.0,7.15,1.21,10.75,1389.0,451.0,3.44,1.1,19.74,377.0,262.0,0.93,0.65,42.25,10577.0,1085.0,26.2,2.33,6.24,29791.0,1511.0,73.8,5.33,3.08,4651.0,606.0,11.52,1.38,7.92,5494.0,1137.0,13.61,2.73,12.58,4879.0,1019.0,12.09,2.45,12.7,12168.0,1386.0,30.14,3.06,6.92,1044.0,515.0,2.59,1.27,29.99,243.0,213.0,0.6,0.53,53.29,547.0,230.0,1.36,0.57,25.56,15993.0,1705.0,39.62,3.7,6.48,28354.0,2155.0,70.24,3.93,4.62,12014.0,1303.0,29.76,2.84,6.59,1331.0,444.0,3.3,1.09,20.28,9435.0,1186.0,23.37,2.68,7.64,55.0,137.0,0.14,0.34,151.42,123.0,112.0,0.3,0.28,55.35,500.0,202.0,1.24,0.5,24.56,168.0,314.0,0.42,0.78,113.62,402.0,274.0,1.0,0.68,41.43
10455,10455,10455,16366.0,795.0,100,,2.95,5934.0,815.0,36.26,4.66,8.35,13525.0,1571.0,31.5,3.03,7.06,870.0,329.0,6.43,2.31,22.99,1058.0,437.0,7.82,3.1,25.11,5613.0,922.0,41.5,4.82,9.99,2926.0,548.0,21.63,3.18,11.39,3058.0,690.0,22.61,4.37,13.72,27010.0,1466.0,62.9,5.33,3.3,3949.0,763.0,14.62,2.71,11.75,4360.0,804.0,16.14,2.84,11.21,8023.0,931.0,29.7,3.05,7.05,4349.0,717.0,16.1,2.51,10.02,31564.0,1861.0,73.51,6.46,3.58,546.0,200.0,1.73,0.63,22.27,42929.0,2796.0,99.97,0.15,3.96,9355.0,1624.0,21.79,3.51,10.55,11365.0,1592.0,26.47,3.28,8.52,1651.0,712.0,14.53,5.93,26.22,26465.0,1992.0,61.63,2.33,4.58,4858.0,1188.0,18.36,4.27,14.87,5099.0,585.0,11.87,1.12,6.97,2846.0,475.0,55.81,6.77,10.15,42678.0,2802.0,99.39,0.84,3.99,39453.0,2982.0,92.44,3.46,4.59,2998.0,650.0,7.02,1.45,13.18,227.0,145.0,0.53,0.34,38.83,42940.0,2796.0,100,,3.96,32447.0,2428.0,75.56,2.79,4.55,28062.0,2556.0,65.35,4.16,5.54,4385.0,780.0,10.21,1.69,10.81,10493.0,1306.0,24.44,2.59,7.57,5488.0,917.0,52.3,5.83,10.16,5005.0,894.0,47.7,6.11,10.86,32.0,41.0,0.3,0.39,77.89,372.0,156.0,3.55,1.42,25.49,1365.0,461.0,13.01,4.08,20.53,0.0,,0.0,,,8706.0,1191.0,82.97,4.71,8.32,18.0,27.0,0.17,0.26,91.19,40750.0,2600.0,94.9,8.65,3.88,14069.0,1611.0,34.53,3.28,6.96,11587.0,1332.0,28.43,2.72,6.99,24399.0,2354.0,59.87,4.33,5.87,15027.0,872.0,91.82,2.91,3.53,13267.0,821.0,81.06,3.11,3.76,33342.0,2038.0,77.65,6.93,3.72,18151.0,1598.0,54.44,3.45,5.35,15696.0,1432.0,47.08,3.19,5.55,2455.0,613.0,7.36,1.78,15.18,0.0,,0.0,,,15191.0,1338.0,45.56,2.89,5.35,,,13.53,3.16,15.18,15145.0,1444.0,35.27,2.46,5.8,1886.0,487.0,12.45,2.99,15.7,328.0,210.0,2.17,1.37,38.92,8805.0,1264.0,58.14,6.24,8.73,1688.0,452.0,11.15,2.79,16.28,1617.0,563.0,10.68,3.58,21.17,15696.0,1432.0,36.55,2.34,5.55,40.0,42.0,0.25,0.27,63.83,698.0,238.0,4.45,1.46,20.73,517.0,198.0,3.29,1.23,23.28,225.0,143.0,1.43,0.9,38.64,1856.0,625.0,11.82,3.83,20.47,1277.0,420.0,8.14,2.57,19.99,290.0,191.0,1.85,1.21,40.04,941.0,308.0,6.0,1.88,19.9,1428.0,438.0,9.1,2.66,18.65,5218.0,667.0,33.24,2.98,7.77,1941.0,462.0,12.37,2.72,14.47,930.0,533.0,5.93,3.35,34.84,335.0,162.0,2.13,1.01,29.4,2820.0,471.0,17.23,2.75,10.15,1613.0,381.0,9.86,2.28,14.36,1688.0,535.0,10.31,3.23,19.27,1487.0,449.0,9.09,2.71,18.36,2621.0,592.0,16.01,3.53,13.73,2167.0,387.0,13.24,2.28,10.86,1357.0,341.0,8.29,2.04,15.28,1427.0,372.0,8.72,2.23,15.85,828.0,333.0,5.06,2.02,24.45,358.0,155.0,2.19,0.94,26.32,11265.0,862.0,68.83,4.07,4.65,4367.0,604.0,26.68,3.46,8.41,2070.0,350.0,12.65,2.05,10.28,2275.0,503.0,13.9,3.0,13.44,2269.0,467.0,13.86,2.77,12.51,8305.0,813.0,50.75,4.31,5.95,39875.0,2586.0,92.89,8.54,3.94,15484.0,1568.0,36.07,2.8,6.16,28751.0,2540.0,66.97,4.0,5.37,3054.0,1026.0,7.11,2.34,20.42,20148.0,1694.0,46.92,2.5,5.11,22792.0,1579.0,53.08,1.26,4.21,2190.0,565.0,5.1,1.27,15.68,3186.0,717.0,7.42,1.6,13.68,3708.0,696.0,8.64,1.52,11.41,4116.0,793.0,9.59,1.74,11.71,2730.0,537.0,6.36,1.18,11.96,6475.0,957.0,15.08,2.0,8.98,6092.0,1028.0,14.19,2.21,10.26,4796.0,725.0,11.17,1.52,9.19,2663.0,628.0,6.2,1.41,14.34,1885.0,377.0,4.39,0.83,12.16,3075.0,469.0,7.16,0.99,9.27,1521.0,343.0,3.54,0.76,13.71,503.0,259.0,1.17,0.6,31.3,11376.0,1592.0,26.49,3.28,8.51,31564.0,1861.0,73.51,6.46,3.58,5099.0,585.0,11.87,1.12,6.97,7220.0,1796.0,16.81,4.04,15.12,3655.0,861.0,8.51,1.93,14.32,13034.0,1937.0,30.35,4.05,9.03,542.0,419.0,1.26,0.97,46.99,654.0,348.0,1.52,0.8,32.35,102.0,116.0,0.24,0.27,69.13,17733.0,2691.0,41.3,5.66,9.22,30337.0,2583.0,70.65,3.88,5.18,12603.0,1409.0,29.35,2.67,6.8,554.0,179.0,1.29,0.41,19.64,10319.0,1311.0,24.03,2.62,7.72,0.0,,0.0,,,423.0,194.0,0.99,0.45,27.88,0.0,,0.0,,,614.0,362.0,1.43,0.84,35.84,693.0,296.0,1.61,0.68,25.97
10457,10457,10457,26715.0,1060.0,100,,2.41,10573.0,1015.0,39.58,3.46,5.84,22908.0,1911.0,28.86,1.95,5.07,1257.0,320.0,5.49,1.32,15.48,1475.0,360.0,6.44,1.48,14.84,10054.0,1305.0,43.89,4.36,7.89,4542.0,599.0,19.83,2.03,8.02,5580.0,709.0,24.36,2.33,7.72,49107.0,2197.0,61.87,4.1,2.72,7287.0,745.0,14.84,1.36,6.22,7242.0,876.0,14.75,1.66,7.35,15099.0,1305.0,30.75,2.27,5.25,7320.0,898.0,14.91,1.7,7.46,56869.0,2611.0,71.65,4.81,2.79,803.0,290.0,1.41,0.51,21.95,78979.0,3894.0,99.5,0.57,3.0,15383.0,1489.0,19.48,1.62,5.88,22436.0,2156.0,28.27,2.34,5.84,2373.0,666.0,10.58,2.79,17.06,49191.0,2564.0,61.97,1.11,3.17,8861.0,924.0,18.01,1.63,6.34,7352.0,873.0,9.26,1.0,7.22,4149.0,565.0,56.43,3.76,8.28,78303.0,3861.0,98.65,0.57,3.0,71104.0,3715.0,90.81,1.57,3.18,6468.0,746.0,8.26,0.86,7.01,731.0,328.0,0.93,0.42,27.28,79375.0,3887.0,100,,2.98,48746.0,2808.0,61.41,1.86,3.5,43491.0,2698.0,54.79,2.09,3.77,5255.0,876.0,6.62,1.05,10.13,30629.0,2344.0,38.59,2.27,4.65,15607.0,1748.0,50.95,4.17,6.81,15022.0,1568.0,49.05,3.48,6.35,214.0,107.0,0.7,0.35,30.4,333.0,150.0,1.09,0.48,27.38,6244.0,1277.0,20.39,3.87,12.43,0.0,,0.0,,,23762.0,2254.0,77.58,4.35,5.77,76.0,65.0,0.25,0.21,51.99,73326.0,3588.0,92.38,6.4,2.97,24536.0,1893.0,33.46,2.0,4.69,23283.0,1978.0,31.75,2.21,5.16,39419.0,2911.0,53.76,2.97,4.49,25122.0,1044.0,94.04,1.16,2.53,22667.0,1131.0,84.85,2.57,3.03,59435.0,2732.0,74.88,5.03,2.79,35257.0,2063.0,59.32,2.15,3.56,30662.0,1880.0,51.59,2.09,3.73,4555.0,802.0,7.66,1.3,10.7,40.0,48.0,0.07,0.08,72.95,24178.0,1767.0,40.68,2.31,4.44,,,12.92,2.15,10.7,28546.0,1813.0,35.96,1.45,3.86,4465.0,714.0,15.64,2.3,9.72,838.0,275.0,2.94,0.95,19.95,18634.0,1428.0,65.28,2.8,4.66,2041.0,409.0,7.15,1.36,12.18,1686.0,389.0,5.91,1.31,14.03,30662.0,1880.0,38.63,1.43,3.73,42.0,49.0,0.14,0.16,70.92,1830.0,585.0,5.97,1.87,19.43,836.0,260.0,2.73,0.83,18.91,305.0,157.0,0.99,0.51,31.29,3712.0,702.0,12.11,2.17,11.5,2833.0,436.0,9.24,1.3,9.36,563.0,242.0,1.84,0.78,26.13,1248.0,315.0,4.07,1.0,15.34,3228.0,582.0,10.53,1.78,10.96,10041.0,968.0,32.75,2.44,5.86,3697.0,615.0,12.06,1.86,10.11,1432.0,321.0,4.67,1.01,13.63,895.0,311.0,2.92,1.0,21.12,3611.0,577.0,13.52,2.09,9.71,3160.0,508.0,11.83,1.84,9.77,3035.0,507.0,11.36,1.84,10.16,2038.0,473.0,7.63,1.74,14.11,2962.0,528.0,11.09,1.93,10.84,4887.0,801.0,18.29,2.91,9.96,2614.0,434.0,9.78,1.58,10.09,2825.0,506.0,10.57,1.85,10.89,940.0,323.0,3.52,1.2,20.89,643.0,208.0,2.41,0.77,19.66,19571.0,969.0,73.26,2.17,3.01,5844.0,729.0,21.88,2.59,7.58,3029.0,561.0,11.34,2.05,11.26,3591.0,636.0,13.44,2.32,10.77,3368.0,572.0,12.61,2.08,10.32,13133.0,1009.0,49.16,3.23,4.67,72044.0,3820.0,91.22,1.78,3.22,29401.0,2212.0,37.23,2.12,4.57,53756.0,3937.0,68.06,3.69,4.45,6935.0,997.0,8.78,1.19,8.74,36705.0,2368.0,46.24,1.94,3.92,42670.0,2254.0,53.76,1.06,3.21,6049.0,935.0,7.62,1.12,9.4,6280.0,745.0,7.91,0.85,7.21,6536.0,1005.0,8.23,1.2,9.35,5313.0,692.0,6.69,0.81,7.92,6090.0,889.0,7.67,1.06,8.87,14046.0,1304.0,17.7,1.4,5.64,9795.0,944.0,12.34,1.02,5.86,9234.0,827.0,11.63,0.87,5.44,4582.0,562.0,5.77,0.65,7.46,3893.0,689.0,4.9,0.83,10.76,4899.0,775.0,6.17,0.93,9.62,2161.0,330.0,2.72,0.39,9.28,497.0,231.0,0.63,0.29,28.25,22466.0,2155.0,28.3,2.33,5.83,56909.0,2604.0,71.7,4.81,2.78,7557.0,877.0,9.52,1.0,7.05,15176.0,2693.0,19.12,3.26,10.79,7143.0,1715.0,9.0,2.12,14.6,33115.0,2691.0,41.72,2.71,4.94,904.0,454.0,1.14,0.57,30.53,573.0,266.0,0.72,0.33,28.22,46.0,75.0,0.06,0.09,99.11,22418.0,2322.0,28.24,2.58,6.3,50192.0,3661.0,63.23,3.42,4.43,29183.0,2314.0,36.77,2.29,4.82,1491.0,479.0,1.88,0.6,19.53,25660.0,2358.0,32.33,2.51,5.59,214.0,247.0,0.27,0.31,70.16,375.0,167.0,0.47,0.21,27.07,1.0,,0.0,,,482.0,285.0,0.61,0.36,35.94,960.0,412.0,1.21,0.52,26.09
10458,10458,10458,28856.0,1056.0,100,,2.22,9634.0,688.0,33.39,2.05,4.34,24350.0,1511.0,30.92,1.46,3.77,1386.0,412.0,5.69,1.65,18.07,1399.0,374.0,5.75,1.49,16.25,9340.0,987.0,38.36,3.28,6.42,4290.0,530.0,17.62,1.88,7.51,7935.0,677.0,32.59,1.91,5.19,47734.0,2056.0,60.62,0.93,2.62,9051.0,1192.0,18.96,2.36,8.01,6344.0,744.0,13.29,1.45,7.13,12600.0,1048.0,26.4,1.88,5.06,7696.0,922.0,16.12,1.8,7.28,58939.0,2292.0,74.85,4.19,2.36,872.0,403.0,1.48,0.68,28.09,78594.0,3169.0,99.81,0.2,2.45,9502.0,1067.0,12.09,1.27,6.83,19674.0,1541.0,24.99,1.68,4.76,887.0,325.0,4.51,1.61,22.27,50672.0,2012.0,64.35,3.64,2.41,5115.0,760.0,10.09,1.45,9.03,8248.0,933.0,10.47,1.11,6.88,3500.0,611.0,42.43,5.64,10.61,78055.0,3053.0,99.13,5.57,2.38,71118.0,3099.0,91.11,1.75,2.65,6400.0,1378.0,8.2,1.74,13.09,537.0,212.0,0.69,0.27,24.0,78741.0,3171.0,100,,2.45,46693.0,2488.0,59.3,2.07,3.24,41164.0,2168.0,52.28,1.77,3.2,5529.0,904.0,7.02,1.11,9.94,32048.0,2149.0,40.7,2.18,4.08,12565.0,1106.0,39.21,2.24,5.35,19483.0,1949.0,60.79,4.51,6.08,766.0,301.0,2.39,0.93,23.89,2266.0,576.0,7.07,1.73,15.45,2462.0,791.0,7.68,2.41,19.53,19.0,21.0,0.06,0.07,67.19,26445.0,2156.0,82.52,3.83,4.96,90.0,77.0,0.28,0.24,52.01,73442.0,2769.0,93.27,5.15,2.29,22138.0,1637.0,30.14,1.92,4.5,25711.0,1987.0,35.01,2.36,4.7,44803.0,2800.0,61.0,3.04,3.8,27183.0,1087.0,94.2,1.52,2.43,25931.0,1019.0,89.86,1.29,2.39,60890.0,2330.0,77.33,4.3,2.33,38045.0,1892.0,62.48,1.98,3.02,32769.0,1668.0,53.82,1.81,3.09,5153.0,880.0,8.46,1.41,10.38,123.0,104.0,0.2,0.17,51.4,22845.0,1596.0,37.52,2.19,4.25,,,13.54,2.21,10.38,31644.0,1676.0,40.19,1.38,3.22,3707.0,667.0,11.71,2.01,10.94,958.0,349.0,3.03,1.09,22.15,18399.0,1483.0,58.14,3.53,4.9,4455.0,665.0,14.08,1.96,9.07,3005.0,572.0,9.5,1.74,11.57,32769.0,1668.0,41.62,1.3,3.09,73.0,86.0,0.22,0.26,71.62,1751.0,459.0,5.34,1.37,15.94,686.0,226.0,2.09,0.68,20.03,369.0,150.0,1.13,0.45,24.71,4327.0,695.0,13.2,2.01,9.76,2983.0,533.0,9.1,1.56,10.86,513.0,198.0,1.57,0.6,23.46,2546.0,573.0,7.77,1.7,13.68,2408.0,602.0,7.35,1.8,15.2,10019.0,883.0,30.57,2.2,5.36,4123.0,692.0,12.58,2.01,10.2,2423.0,522.0,7.39,1.55,13.1,548.0,214.0,1.67,0.65,23.74,3066.0,475.0,10.63,1.6,9.42,3580.0,665.0,12.41,2.26,11.29,3210.0,539.0,11.12,1.82,10.21,2203.0,376.0,7.63,1.27,10.38,4621.0,535.0,16.01,1.76,7.04,4872.0,641.0,16.88,2.13,8.0,3108.0,556.0,10.77,1.89,10.87,2685.0,465.0,9.3,1.58,10.53,1007.0,308.0,3.49,1.06,18.59,504.0,201.0,1.75,0.69,24.24,22073.0,1054.0,76.49,2.35,2.9,6108.0,820.0,21.17,2.73,8.16,2946.0,524.0,10.21,1.78,10.81,3471.0,658.0,12.03,2.24,11.52,2283.0,413.0,7.91,1.4,11.0,12896.0,996.0,44.69,3.04,4.7,70730.0,3096.0,89.99,1.53,2.66,27562.0,2267.0,35.07,2.51,5.0,47983.0,2661.0,61.05,2.32,3.37,7864.0,1097.0,10.01,1.34,8.48,37447.0,2039.0,47.56,1.74,3.31,41294.0,1984.0,52.44,1.37,2.92,5299.0,759.0,6.73,0.93,8.71,6004.0,872.0,7.62,1.06,8.83,5549.0,756.0,7.05,0.92,8.28,6717.0,603.0,8.53,0.68,5.46,7438.0,790.0,9.45,0.93,6.46,12935.0,1138.0,16.43,1.28,5.35,9929.0,980.0,12.61,1.14,6.0,9403.0,892.0,11.94,1.03,5.77,4005.0,538.0,5.09,0.65,8.17,3207.0,507.0,4.07,0.62,9.61,5089.0,669.0,6.46,0.81,7.99,2435.0,481.0,3.09,0.6,12.01,731.0,293.0,0.93,0.37,24.37,19679.0,1542.0,24.99,1.68,4.76,59062.0,2302.0,75.01,4.2,2.37,8255.0,932.0,10.48,1.11,6.86,8054.0,1115.0,10.23,1.35,8.42,8937.0,1092.0,11.35,1.31,7.43,14395.0,1968.0,18.28,2.39,8.31,1371.0,902.0,1.74,1.14,39.99,3022.0,730.0,3.84,0.91,14.68,11.0,22.0,0.01,0.03,121.58,42951.0,2955.0,54.55,3.04,4.18,55275.0,3368.0,70.2,3.21,3.7,23466.0,2104.0,29.8,2.39,5.45,6006.0,863.0,7.63,1.05,8.73,12650.0,1882.0,16.07,2.3,9.04,158.0,162.0,0.2,0.21,62.33,3007.0,725.0,3.82,0.91,14.66,0.0,,0.0,,,365.0,238.0,0.46,0.3,39.64,1280.0,424.0,1.63,0.53,20.14
10459,10459,10459,17919.0,795.0,100,,2.7,6992.0,651.0,39.02,3.19,5.66,15273.0,1365.0,30.7,2.24,5.43,906.0,243.0,5.93,1.5,16.3,833.0,339.0,5.45,2.17,24.74,6355.0,841.0,41.61,4.06,8.04,3348.0,498.0,21.92,2.61,9.04,3831.0,726.0,25.08,4.19,11.52,30929.0,1618.0,62.17,0.52,3.18,5402.0,841.0,17.47,2.56,9.46,4361.0,592.0,14.1,1.77,8.25,8359.0,906.0,27.03,2.57,6.59,4279.0,681.0,13.83,2.08,9.67,35833.0,1862.0,72.02,0.42,3.16,835.0,264.0,2.33,0.73,19.22,49542.0,2568.0,99.58,0.45,3.15,10771.0,1104.0,21.74,1.92,6.23,13862.0,1239.0,27.86,2.03,5.43,1501.0,354.0,10.83,2.36,14.34,30057.0,1761.0,60.41,1.67,3.56,6105.0,845.0,20.31,2.55,8.41,5623.0,526.0,11.3,0.88,5.69,3165.0,439.0,56.29,5.76,8.43,49265.0,2556.0,99.02,0.5,3.15,46385.0,2501.0,94.15,1.38,3.28,2451.0,577.0,4.98,1.14,14.31,429.0,204.0,0.87,0.41,28.91,49753.0,2569.0,100,,3.14,35100.0,2157.0,70.55,2.35,3.74,29594.0,1941.0,59.48,2.41,3.99,5506.0,716.0,11.07,1.32,7.91,14653.0,1528.0,29.45,2.67,6.34,7150.0,894.0,48.8,3.37,7.6,7503.0,1323.0,51.2,7.28,10.72,66.0,82.0,0.45,0.56,75.53,300.0,223.0,2.05,1.51,45.19,2053.0,582.0,14.01,3.69,17.23,0.0,,0.0,,,12204.0,1406.0,83.29,4.08,7.0,30.0,46.0,0.2,0.31,93.21,45909.0,2268.0,92.27,6.59,3.0,16316.0,1212.0,35.54,1.97,4.52,13613.0,1385.0,29.65,2.64,6.18,25318.0,1909.0,55.15,3.14,4.58,16564.0,873.0,92.44,2.63,3.2,14813.0,823.0,82.67,2.76,3.38,37344.0,1925.0,75.06,5.48,3.13,21941.0,1401.0,58.75,2.21,3.88,18819.0,1384.0,50.39,2.64,4.47,3066.0,519.0,8.21,1.32,10.29,56.0,65.0,0.15,0.17,70.56,15403.0,1255.0,41.25,2.6,4.95,,,13.97,2.19,10.29,18021.0,1302.0,36.22,1.83,4.39,3744.0,654.0,20.78,3.3,10.62,846.0,265.0,4.69,1.43,19.04,9796.0,1021.0,54.36,4.08,6.34,1615.0,379.0,8.96,2.0,14.27,1497.0,447.0,8.31,2.41,18.15,18819.0,1384.0,37.82,1.98,4.47,55.0,65.0,0.29,0.34,71.84,748.0,292.0,3.97,1.52,23.73,637.0,323.0,3.38,1.7,30.82,251.0,111.0,1.33,0.58,26.88,2724.0,541.0,14.47,2.67,12.07,1424.0,312.0,7.57,1.56,13.32,228.0,111.0,1.21,0.58,29.6,1268.0,333.0,6.74,1.7,15.96,2083.0,445.0,11.07,2.22,12.99,6234.0,761.0,33.13,3.23,7.42,1634.0,386.0,8.68,1.95,14.36,981.0,237.0,5.21,1.2,14.69,552.0,176.0,2.93,0.91,19.38,2055.0,322.0,11.47,1.72,9.53,1963.0,427.0,10.95,2.33,13.22,2431.0,482.0,13.57,2.62,12.05,1842.0,420.0,10.28,2.3,13.86,2287.0,430.0,12.76,2.33,11.43,2851.0,549.0,15.91,2.98,11.71,1878.0,379.0,10.48,2.06,12.27,1360.0,312.0,7.59,1.71,13.95,711.0,229.0,3.97,1.27,19.58,541.0,218.0,3.02,1.21,24.5,12776.0,844.0,71.3,3.49,4.02,5005.0,589.0,27.93,3.04,7.15,2672.0,446.0,14.91,2.4,10.15,3066.0,460.0,17.11,2.45,9.12,2145.0,391.0,11.97,2.12,11.08,8494.0,722.0,47.4,3.44,5.17,46675.0,2597.0,94.21,1.91,3.38,20787.0,2324.0,41.96,4.16,6.8,33966.0,2360.0,68.56,3.17,4.22,2867.0,524.0,5.79,1.01,11.11,23625.0,1675.0,47.48,2.31,4.31,26128.0,1400.0,52.52,0.75,3.26,3844.0,640.0,7.73,1.22,10.12,3454.0,486.0,6.94,0.91,8.55,4545.0,680.0,9.14,1.28,9.1,3454.0,545.0,6.94,1.04,9.59,3527.0,584.0,7.09,1.12,10.07,7086.0,832.0,14.24,1.5,7.14,6026.0,662.0,12.11,1.17,6.68,5315.0,847.0,10.68,1.61,9.69,3552.0,530.0,7.14,1.0,9.07,3218.0,561.0,6.47,1.08,10.6,3541.0,489.0,7.12,0.91,8.39,1754.0,298.0,3.53,0.57,10.33,437.0,158.0,0.88,0.31,21.98,13864.0,1239.0,27.87,2.03,5.43,35889.0,1859.0,72.13,0.3,3.15,5732.0,527.0,11.52,0.88,5.59,7920.0,1505.0,15.92,2.91,11.55,3912.0,967.0,7.86,1.9,15.03,17104.0,2080.0,34.38,3.79,7.39,491.0,304.0,0.99,0.61,37.64,558.0,425.0,1.12,0.85,46.3,148.0,153.0,0.3,0.31,62.84,19620.0,2039.0,39.43,3.56,6.32,32964.0,2203.0,66.26,2.81,4.06,16789.0,2050.0,33.74,3.73,7.42,611.0,261.0,1.23,0.52,25.97,14585.0,1978.0,29.31,3.68,8.24,253.0,266.0,0.51,0.53,63.91,522.0,417.0,1.05,0.84,48.56,0.0,,0.0,,,140.0,133.0,0.28,0.27,57.75,678.0,268.0,1.36,0.53,24.03
10460,10460,10460,22734.0,814.0,100,,2.18,8141.0,696.0,35.81,2.78,5.2,17624.0,1601.0,28.84,2.25,5.52,1243.0,531.0,7.05,2.94,25.97,628.0,232.0,3.56,1.28,22.46,7623.0,946.0,43.25,3.66,7.54,3734.0,544.0,21.19,2.41,8.86,4396.0,778.0,24.94,3.79,10.76,39377.0,1729.0,64.45,4.14,2.67,5801.0,988.0,14.73,2.42,10.35,5762.0,717.0,14.63,1.7,7.56,11790.0,1214.0,29.94,2.79,6.26,5967.0,775.0,15.15,1.85,7.9,44898.0,1997.0,73.48,4.74,2.7,630.0,249.0,1.4,0.55,24.03,61081.0,2860.0,99.97,0.17,2.85,11305.0,933.0,18.51,1.26,5.02,16192.0,1562.0,26.5,2.24,5.86,1209.0,373.0,7.47,2.19,18.75,37940.0,1850.0,62.09,0.85,2.96,7035.0,688.0,18.54,1.57,5.95,6949.0,841.0,11.37,1.27,7.36,3061.0,387.0,44.05,1.61,7.69,60137.0,2750.0,98.42,6.44,2.78,54656.0,2617.0,90.89,1.29,2.91,5096.0,879.0,8.47,1.41,10.49,385.0,204.0,0.64,0.34,32.21,61101.0,2859.0,100,,2.84,41136.0,2578.0,67.32,2.81,3.81,34870.0,2234.0,57.07,2.5,3.89,6266.0,897.0,10.26,1.39,8.7,19965.0,1760.0,32.68,2.44,5.36,10093.0,1078.0,50.55,3.05,6.49,9872.0,1432.0,49.45,5.7,8.82,346.0,188.0,1.73,0.93,33.03,992.0,491.0,4.97,2.42,30.09,2840.0,824.0,14.22,3.93,17.64,0.0,,0.0,,,15773.0,1523.0,79.0,3.11,5.87,14.0,31.0,0.07,0.16,134.61,57078.0,2612.0,93.42,6.11,2.78,21633.0,1742.0,37.9,2.51,4.9,16255.0,1286.0,28.48,1.84,4.81,30815.0,2124.0,53.99,2.78,4.19,21386.0,858.0,94.07,1.7,2.44,19563.0,896.0,86.05,2.46,2.78,46878.0,2062.0,76.72,4.93,2.67,28011.0,1638.0,59.75,2.3,3.55,23480.0,1474.0,50.09,2.24,3.82,4531.0,643.0,9.67,1.3,8.63,0.0,,0.0,,,18867.0,1383.0,40.25,2.36,4.46,,,16.18,2.09,8.63,22564.0,1435.0,36.93,1.59,3.87,4869.0,638.0,21.58,2.47,7.97,759.0,243.0,3.36,1.06,19.46,13726.0,1031.0,60.83,2.43,4.57,948.0,284.0,4.2,1.23,18.21,1493.0,510.0,6.62,2.22,20.77,23480.0,1474.0,38.43,1.61,3.82,51.0,55.0,0.22,0.23,65.56,1477.0,408.0,6.29,1.69,16.79,945.0,299.0,4.02,1.25,19.23,329.0,140.0,1.4,0.59,25.87,2347.0,450.0,10.0,1.81,11.66,2197.0,503.0,9.36,2.06,13.92,601.0,201.0,2.56,0.84,20.33,1082.0,345.0,4.61,1.44,19.38,2030.0,344.0,8.65,1.36,10.3,8556.0,956.0,36.44,3.37,6.79,1930.0,368.0,8.22,1.48,11.59,951.0,242.0,4.05,1.0,15.47,984.0,226.0,4.19,0.93,13.96,2913.0,536.0,12.81,2.31,11.19,2991.0,516.0,13.16,2.22,10.49,2822.0,503.0,12.41,2.17,10.84,2448.0,493.0,10.77,2.13,12.24,2710.0,499.0,11.92,2.15,11.19,2941.0,532.0,12.94,2.29,11.0,2137.0,492.0,9.4,2.14,14.0,2256.0,450.0,9.92,1.95,12.13,890.0,271.0,3.91,1.18,18.51,626.0,199.0,2.75,0.87,19.32,16527.0,882.0,72.7,2.88,3.24,6031.0,658.0,26.53,2.73,6.63,2631.0,460.0,11.57,1.98,10.63,3033.0,486.0,13.34,2.08,9.74,2679.0,535.0,11.78,2.32,12.14,11896.0,896.0,52.33,3.47,4.58,56842.0,2939.0,93.06,2.04,3.14,19474.0,1811.0,31.88,2.56,5.65,42033.0,2851.0,68.82,3.38,4.12,4239.0,853.0,6.94,1.36,12.23,29444.0,1670.0,48.19,1.54,3.45,31657.0,1960.0,51.81,2.1,3.76,4023.0,768.0,6.58,1.22,11.61,4285.0,588.0,7.01,0.9,8.34,4956.0,668.0,8.11,1.03,8.19,4338.0,657.0,7.1,1.02,9.21,4122.0,697.0,6.75,1.1,10.28,9412.0,1117.0,15.4,1.68,7.21,8281.0,964.0,13.55,1.44,7.08,7472.0,721.0,12.23,1.03,5.87,4080.0,629.0,6.68,0.98,9.37,3183.0,460.0,5.21,0.71,8.79,4457.0,721.0,7.29,1.13,9.83,1730.0,324.0,2.83,0.51,11.38,762.0,281.0,1.25,0.46,22.42,16203.0,1562.0,26.52,2.24,5.86,44898.0,1997.0,73.48,4.74,2.7,6949.0,841.0,11.37,1.27,7.36,11944.0,1859.0,19.55,2.9,9.46,6553.0,1047.0,10.72,1.64,9.71,22229.0,1985.0,36.38,2.77,5.43,685.0,342.0,1.12,0.56,30.35,610.0,360.0,1.0,0.59,35.88,0.0,,0.0,,,19080.0,2147.0,31.23,3.2,6.84,39980.0,2793.0,65.43,3.39,4.25,21121.0,2083.0,34.57,3.0,6.0,2041.0,624.0,3.34,1.01,18.59,16611.0,1796.0,27.19,2.65,6.57,126.0,135.0,0.21,0.22,65.13,579.0,360.0,0.95,0.59,37.8,0.0,,0.0,,,605.0,468.0,0.99,0.76,47.02,1159.0,312.0,1.9,0.5,16.36
10461,10461,10461,19078.0,683.0,100,,2.18,5906.0,569.0,30.96,2.77,5.86,12969.0,1147.0,25.48,1.98,5.38,944.0,230.0,7.28,1.65,14.81,450.0,179.0,3.47,1.35,24.18,5018.0,785.0,38.69,4.99,9.51,2521.0,438.0,19.44,2.91,10.56,4036.0,586.0,31.12,3.58,8.83,36094.0,1519.0,70.91,0.27,2.56,3468.0,513.0,9.61,1.36,8.99,3016.0,595.0,8.36,1.61,11.99,10542.0,718.0,29.21,1.56,4.14,9883.0,869.0,27.38,2.11,5.35,39834.0,1648.0,78.26,4.61,2.51,987.0,231.0,2.48,0.57,14.23,50077.0,2122.0,98.38,0.62,2.58,6672.0,697.0,13.32,1.27,6.35,11026.0,978.0,21.66,1.69,5.39,570.0,251.0,5.17,2.23,26.77,31764.0,1660.0,62.4,1.95,3.18,3016.0,544.0,9.5,1.64,10.96,7287.0,674.0,14.32,1.18,5.62,3086.0,415.0,42.35,4.13,8.17,50322.0,2073.0,98.86,5.81,2.5,45580.0,1961.0,90.58,1.12,2.62,4194.0,873.0,8.33,1.7,12.65,548.0,231.0,1.09,0.46,25.63,50900.0,2133.0,100,,2.55,35583.0,2092.0,69.91,2.88,3.57,31722.0,1730.0,62.32,2.18,3.32,3861.0,860.0,7.59,1.66,13.54,15317.0,1475.0,30.09,2.61,5.85,8757.0,940.0,57.17,2.71,6.53,6560.0,928.0,42.83,4.44,8.6,3236.0,747.0,21.13,4.43,14.03,4822.0,785.0,31.48,4.13,9.9,292.0,188.0,1.91,1.21,39.14,19.0,32.0,0.12,0.21,102.38,6898.0,861.0,45.03,3.58,7.59,50.0,65.0,0.33,0.42,79.03,48037.0,2036.0,94.38,0.6,2.58,20567.0,1600.0,42.81,2.79,4.73,9628.0,1173.0,20.04,2.29,7.41,16448.0,1869.0,34.24,3.61,6.91,17667.0,688.0,92.6,1.42,2.37,16911.0,714.0,88.64,1.98,2.57,41186.0,1657.0,80.92,4.7,2.45,25254.0,1377.0,61.32,2.26,3.31,23423.0,1254.0,56.87,2.01,3.25,1801.0,472.0,4.37,1.13,15.93,30.0,36.0,0.07,0.09,72.95,15932.0,945.0,38.68,1.69,3.61,,,7.13,1.83,15.93,22755.0,1202.0,44.71,1.44,3.21,7688.0,772.0,33.79,2.89,6.1,1395.0,374.0,6.13,1.61,16.3,9521.0,776.0,41.84,2.6,4.95,1774.0,403.0,7.8,1.72,13.81,1543.0,377.0,6.78,1.62,14.85,23423.0,1254.0,46.02,1.53,3.25,40.0,39.0,0.17,0.17,59.27,1559.0,377.0,6.66,1.57,14.7,786.0,219.0,3.36,0.92,16.94,260.0,111.0,1.11,0.47,25.95,2407.0,579.0,10.28,2.41,14.62,1844.0,379.0,7.87,1.56,12.49,402.0,137.0,1.72,0.58,20.72,1797.0,322.0,7.67,1.31,10.89,2882.0,506.0,12.3,2.06,10.67,7275.0,673.0,31.06,2.34,5.62,2278.0,419.0,9.73,1.71,11.18,973.0,256.0,4.15,1.07,15.99,920.0,238.0,3.93,0.99,15.73,1578.0,310.0,8.27,1.6,11.94,797.0,213.0,4.18,1.11,16.25,1479.0,367.0,7.75,1.9,15.08,1149.0,297.0,6.02,1.54,15.71,2444.0,470.0,12.81,2.42,11.69,3083.0,421.0,16.16,2.13,8.3,2149.0,344.0,11.26,1.76,9.73,2982.0,376.0,15.63,1.89,7.67,1701.0,339.0,8.92,1.75,12.12,1716.0,359.0,8.99,1.85,12.72,14856.0,744.0,77.87,2.73,3.04,5321.0,528.0,27.89,2.58,6.03,3707.0,413.0,19.43,2.05,6.77,1588.0,368.0,8.32,1.91,14.09,1512.0,403.0,7.93,2.09,16.2,4024.0,543.0,21.09,2.74,8.2,47353.0,2028.0,94.56,0.59,2.6,29028.0,1675.0,57.97,2.27,3.51,23254.0,1936.0,46.44,3.33,5.06,2724.0,591.0,5.44,1.16,13.19,24129.0,1307.0,47.4,1.63,3.29,26771.0,1286.0,52.6,1.24,2.92,2863.0,553.0,5.62,1.06,11.74,3022.0,495.0,5.94,0.94,9.96,3120.0,665.0,6.13,1.28,12.96,3017.0,428.0,5.93,0.8,8.62,2784.0,430.0,5.47,0.81,9.39,8083.0,837.0,15.88,1.5,6.29,6895.0,637.0,13.55,1.12,5.62,6902.0,678.0,13.56,1.2,5.97,3490.0,586.0,6.86,1.11,10.21,2932.0,452.0,5.76,0.85,9.37,3959.0,532.0,7.78,0.99,8.17,2598.0,398.0,5.1,0.75,9.31,1235.0,294.0,2.43,0.57,14.47,11036.0,978.0,21.68,1.69,5.39,39864.0,1653.0,78.32,4.62,2.52,7792.0,684.0,15.31,1.18,5.34,5048.0,853.0,9.92,1.62,10.27,20438.0,1551.0,40.15,2.54,4.61,5128.0,1041.0,10.07,2.0,12.34,480.0,241.0,0.94,0.47,30.52,6956.0,943.0,13.67,1.76,8.24,0.0,,0.0,,,12850.0,1651.0,25.25,3.07,7.81,23703.0,2105.0,46.57,3.65,5.4,27197.0,1825.0,53.43,2.8,4.08,15247.0,1345.0,29.95,2.33,5.36,3801.0,819.0,7.47,1.58,13.1,117.0,141.0,0.23,0.28,73.26,6860.0,958.0,13.48,1.8,8.49,0.0,,0.0,,,418.0,263.0,0.82,0.52,38.25,754.0,266.0,1.48,0.52,21.45
11004,11004,"11004, 11005, 11040",20512.0,864.0,100,,2.56,5844.0,536.0,28.49,2.32,5.58,13725.0,1234.0,23.33,1.84,5.47,791.0,191.0,5.76,1.29,14.68,556.0,151.0,4.05,1.04,16.51,4661.0,624.0,33.96,3.37,8.14,2959.0,473.0,21.56,2.85,9.72,4758.0,749.0,34.67,4.48,9.57,43893.0,1853.0,74.6,4.52,2.57,1994.0,538.0,4.54,1.21,16.4,2077.0,381.0,4.73,0.84,11.15,8117.0,729.0,18.49,1.47,5.46,23576.0,1496.0,53.71,2.54,3.86,48050.0,2025.0,81.67,4.95,2.56,1240.0,274.0,2.58,0.56,13.43,58204.0,2584.0,98.93,0.86,2.7,7103.0,818.0,12.2,1.3,7.0,10708.0,969.0,18.2,1.44,5.5,318.0,138.0,2.97,1.26,26.38,33326.0,1739.0,56.64,1.63,3.17,2708.0,539.0,8.13,1.56,12.1,14170.0,1098.0,24.08,1.54,4.71,4077.0,568.0,28.77,3.33,8.47,58233.0,2474.0,98.98,6.02,2.58,54177.0,2433.0,93.03,1.35,2.73,3307.0,627.0,5.68,1.05,11.53,749.0,495.0,1.29,0.85,40.18,58835.0,2561.0,100,,2.65,37666.0,1882.0,64.02,1.57,3.04,37011.0,1887.0,62.91,1.67,3.1,655.0,196.0,1.11,0.33,18.19,21169.0,1498.0,35.98,2.01,4.3,16718.0,1205.0,78.97,1.08,4.38,4451.0,933.0,21.03,4.15,12.74,1972.0,474.0,9.32,2.14,14.61,15624.0,1475.0,73.81,4.61,5.74,253.0,167.0,1.2,0.78,40.13,0.0,,0.0,,,3211.0,532.0,15.17,2.27,10.07,109.0,82.0,0.51,0.39,45.73,56363.0,2422.0,95.8,5.86,2.61,31213.0,1855.0,55.38,2.27,3.61,9576.0,1019.0,16.99,1.65,6.47,3580.0,580.0,6.35,0.99,9.85,19657.0,844.0,95.83,0.8,2.61,19219.0,846.0,93.7,1.2,2.68,49623.0,2100.0,84.34,5.12,2.57,29354.0,1729.0,59.15,2.42,3.58,27918.0,1693.0,56.26,2.44,3.69,1405.0,330.0,2.83,0.65,14.28,31.0,51.0,0.06,0.1,100.01,20269.0,1287.0,40.85,1.93,3.86,,,4.79,1.09,14.28,27420.0,1675.0,46.6,2.0,3.71,17216.0,1339.0,62.79,3.02,4.73,1941.0,412.0,7.08,1.44,12.9,3785.0,655.0,13.8,2.23,10.52,580.0,252.0,2.12,0.91,26.41,3624.0,508.0,13.22,1.67,8.52,27918.0,1693.0,47.45,2.0,3.69,44.0,58.0,0.16,0.21,80.13,1289.0,335.0,4.62,1.17,15.8,1055.0,268.0,3.78,0.93,15.44,794.0,193.0,2.84,0.67,14.78,2843.0,496.0,10.18,1.67,10.61,1505.0,303.0,5.39,1.03,12.24,810.0,273.0,2.9,0.96,20.49,3150.0,436.0,11.28,1.4,8.41,3688.0,597.0,13.21,1.98,9.84,9101.0,998.0,32.6,2.98,6.67,1408.0,373.0,5.04,1.3,16.1,775.0,366.0,2.78,1.3,28.71,1456.0,477.0,5.22,1.68,19.92,621.0,184.0,3.03,0.89,18.01,255.0,119.0,1.24,0.58,28.37,660.0,203.0,3.22,0.98,18.7,496.0,142.0,2.42,0.68,17.4,1140.0,274.0,5.56,1.32,14.61,2296.0,422.0,11.19,2.0,11.17,1557.0,268.0,7.59,1.27,10.46,4202.0,494.0,20.49,2.25,7.15,3248.0,500.0,15.83,2.34,9.36,6037.0,598.0,29.43,2.64,6.02,15512.0,834.0,75.62,2.53,3.27,8883.0,641.0,43.31,2.54,4.39,6805.0,494.0,33.18,1.96,4.41,752.0,210.0,3.67,1.01,16.98,364.0,162.0,1.77,0.79,27.06,985.0,220.0,4.8,1.05,13.58,56445.0,2552.0,96.98,0.83,2.75,45726.0,2376.0,78.56,2.12,3.16,20615.0,1595.0,35.42,2.24,4.7,1759.0,390.0,3.02,0.66,13.48,28524.0,1521.0,48.48,1.49,3.24,30311.0,1482.0,51.52,1.15,2.97,2472.0,444.0,4.2,0.73,10.92,2656.0,429.0,4.51,0.7,9.82,3276.0,510.0,5.57,0.83,9.46,3447.0,565.0,5.86,0.93,9.96,3091.0,553.0,5.25,0.91,10.88,6381.0,800.0,10.85,1.28,7.62,7378.0,911.0,12.54,1.45,7.51,6405.0,618.0,10.89,0.94,5.87,4352.0,598.0,7.4,0.96,8.35,4727.0,582.0,8.03,0.93,7.48,7144.0,653.0,12.14,0.98,5.56,4844.0,810.0,8.23,1.33,10.17,2662.0,523.0,4.52,0.87,11.94,10754.0,971.0,18.28,1.45,5.49,48081.0,2024.0,81.72,4.95,2.56,14650.0,1093.0,24.9,1.51,4.54,3804.0,699.0,6.47,1.15,11.17,24506.0,1553.0,41.65,1.92,3.85,1346.0,517.0,2.29,0.87,23.35,367.0,278.0,0.62,0.47,46.05,26055.0,2106.0,44.28,3.02,4.91,18.0,30.0,0.03,0.05,101.32,2739.0,831.0,4.66,1.4,18.44,6152.0,805.0,10.46,1.29,7.95,52683.0,2497.0,89.54,1.68,2.88,22335.0,1451.0,37.96,1.83,3.95,1307.0,514.0,2.22,0.87,23.91,176.0,122.0,0.3,0.21,42.14,25980.0,2106.0,44.16,3.02,4.93,18.0,30.0,0.03,0.05,101.32,959.0,633.0,1.63,1.07,40.13,1908.0,462.0,3.24,0.77,14.72
11101,11101,11101,19049.0,917.0,100,,2.93,3284.0,406.0,17.24,1.96,7.52,6711.0,853.0,17.2,2.01,7.73,566.0,207.0,8.43,2.89,22.23,517.0,209.0,7.7,2.96,24.57,1797.0,414.0,26.78,5.15,14.01,979.0,269.0,14.59,3.55,16.7,2852.0,547.0,42.5,6.1,11.66,30609.0,1424.0,78.47,5.34,2.83,1795.0,516.0,5.86,1.66,17.48,1116.0,270.0,3.65,0.87,14.71,4381.0,595.0,14.31,1.83,8.26,20033.0,998.0,65.45,1.17,3.03,33319.0,1521.0,85.42,5.76,2.78,422.0,197.0,1.27,0.59,28.38,38849.0,1941.0,99.59,0.53,3.04,3376.0,442.0,8.69,1.05,7.96,5687.0,788.0,14.58,1.89,8.42,84.0,77.0,1.48,1.34,55.72,29984.0,1422.0,76.87,5.28,2.88,1856.0,341.0,6.19,1.1,11.17,3178.0,539.0,8.15,1.32,10.31,1436.0,331.0,45.19,7.05,14.01,38318.0,1870.0,98.23,6.84,2.97,30458.0,1852.0,79.49,2.88,3.7,7093.0,831.0,18.51,1.97,7.12,767.0,249.0,2.0,0.64,19.74,39007.0,1938.0,100,,3.02,22906.0,1436.0,58.72,2.25,3.81,21854.0,1363.0,56.03,2.11,3.79,1052.0,353.0,2.7,0.89,20.4,16101.0,1261.0,41.28,2.5,4.76,7155.0,962.0,44.44,4.86,8.17,8946.0,920.0,55.56,3.7,6.25,2852.0,710.0,17.71,4.19,15.13,8281.0,1081.0,51.43,5.37,7.94,371.0,198.0,2.3,1.22,32.44,87.0,78.0,0.54,0.48,54.5,4203.0,717.0,26.1,3.96,10.37,307.0,204.0,1.91,1.26,40.39,36613.0,1726.0,93.86,6.43,2.87,18952.0,1164.0,51.76,2.04,3.73,5922.0,803.0,16.17,2.06,8.24,5666.0,952.0,15.48,2.5,10.21,18022.0,907.0,94.61,1.39,3.06,16953.0,890.0,89.0,1.86,3.19,33702.0,1557.0,86.4,5.86,2.81,25602.0,1412.0,75.97,2.29,3.35,24021.0,1405.0,71.27,2.56,3.56,1581.0,311.0,4.69,0.9,11.96,0.0,,0.0,,,8100.0,848.0,24.03,2.26,6.36,,,6.18,1.17,11.96,23214.0,1406.0,59.51,2.06,3.68,2669.0,474.0,11.5,1.92,10.8,519.0,383.0,2.24,1.64,44.86,12760.0,974.0,54.97,2.55,4.64,974.0,236.0,4.2,0.98,14.73,5371.0,664.0,23.14,2.49,7.52,24021.0,1405.0,61.58,1.9,3.56,0.0,,0.0,,,728.0,232.0,3.03,0.95,19.37,776.0,196.0,3.23,0.79,15.35,488.0,218.0,2.03,0.9,27.16,1080.0,253.0,4.5,1.02,14.24,1003.0,256.0,4.18,1.04,15.52,1339.0,291.0,5.57,1.17,13.21,3670.0,598.0,15.28,2.32,9.91,6179.0,636.0,25.72,2.18,6.26,4853.0,658.0,20.2,2.47,8.24,2029.0,451.0,8.45,1.81,13.51,848.0,258.0,3.53,1.05,18.5,1028.0,239.0,4.28,0.96,14.13,1137.0,253.0,5.97,1.3,13.53,1052.0,296.0,5.52,1.53,17.1,995.0,439.0,5.22,2.29,26.82,662.0,246.0,3.48,1.28,22.59,1030.0,415.0,5.41,2.16,24.49,1779.0,346.0,9.34,1.76,11.82,1855.0,382.0,9.74,1.95,12.52,3158.0,478.0,16.58,2.38,9.2,1986.0,321.0,10.43,1.61,9.83,5395.0,552.0,28.32,2.56,6.22,16133.0,840.0,84.69,1.68,3.17,2342.0,342.0,12.29,1.7,8.88,1297.0,380.0,6.81,1.97,17.81,593.0,183.0,3.11,0.95,18.76,1023.0,283.0,5.37,1.46,16.82,2016.0,372.0,10.58,1.89,11.22,37212.0,1962.0,95.79,1.61,3.21,27931.0,1787.0,71.9,2.87,3.89,11485.0,1207.0,29.56,2.73,6.39,1637.0,373.0,4.21,0.94,13.85,19876.0,1341.0,50.95,2.33,4.1,19131.0,1064.0,49.05,1.23,3.38,2394.0,581.0,6.14,1.46,14.75,1471.0,420.0,3.77,1.06,17.36,1308.0,406.0,3.35,1.03,18.87,864.0,248.0,2.21,0.63,17.45,2361.0,523.0,6.05,1.31,13.47,12811.0,949.0,32.84,1.8,4.5,7393.0,821.0,18.95,1.88,6.75,4016.0,526.0,10.3,1.25,7.96,1866.0,457.0,4.78,1.15,14.89,1343.0,256.0,3.44,0.63,11.59,1799.0,381.0,4.61,0.95,12.87,867.0,274.0,2.22,0.69,19.21,514.0,308.0,1.32,0.79,36.43,5688.0,787.0,14.58,1.88,8.41,33319.0,1521.0,85.42,5.76,2.78,3180.0,539.0,8.15,1.32,10.3,4371.0,822.0,11.21,2.03,11.43,14613.0,1161.0,37.46,2.32,4.83,4173.0,701.0,10.7,1.72,10.21,261.0,190.0,0.67,0.49,44.25,12179.0,1398.0,31.22,3.23,6.98,21.0,31.0,0.05,0.08,89.74,3389.0,820.0,8.69,2.06,14.71,7385.0,1066.0,18.93,2.57,8.77,31622.0,1831.0,81.07,2.41,3.52,13153.0,1118.0,33.72,2.33,5.17,3778.0,663.0,9.69,1.63,10.67,16.0,25.0,0.04,0.06,94.98,12179.0,1398.0,31.22,3.23,6.98,0.0,,0.0,,,539.0,266.0,1.38,0.68,30.0,1957.0,571.0,5.02,1.44,17.74
10462,10462,10462,29538.0,942.0,100,,1.94,9349.0,780.0,31.65,2.44,5.07,18222.0,1487.0,24.15,1.75,4.96,1242.0,430.0,6.82,2.29,21.05,879.0,230.0,4.82,1.2,15.91,7278.0,873.0,39.94,3.51,7.29,3915.0,619.0,21.49,2.91,9.61,4908.0,586.0,26.93,2.35,7.26,51042.0,1891.0,67.65,3.57,2.25,4632.0,575.0,9.07,1.08,7.55,4021.0,565.0,7.88,1.07,8.54,15258.0,924.0,29.89,1.43,3.68,14120.0,1170.0,27.66,2.05,5.04,57722.0,1926.0,76.5,3.85,2.03,1059.0,281.0,1.83,0.48,16.13,75201.0,2838.0,99.67,0.31,2.29,10561.0,890.0,14.04,1.06,5.12,17721.0,1556.0,23.49,1.86,5.34,1024.0,310.0,5.78,1.67,18.4,47769.0,1889.0,63.31,0.77,2.4,5522.0,679.0,11.56,1.35,7.47,9711.0,695.0,12.87,0.78,4.35,4015.0,443.0,41.34,3.47,6.71,74223.0,2745.0,98.37,5.19,2.25,69407.0,2838.0,93.51,1.63,2.49,4238.0,790.0,5.71,1.04,11.33,578.0,265.0,0.78,0.36,27.87,75452.0,2838.0,100,,2.29,49703.0,2569.0,65.87,2.34,3.14,42457.0,2382.0,56.27,2.34,3.41,7246.0,999.0,9.6,1.27,8.38,25749.0,1418.0,34.13,1.37,3.35,13762.0,1247.0,53.45,3.85,5.51,11987.0,1097.0,46.55,3.4,5.56,1576.0,346.0,6.12,1.3,13.35,9507.0,1253.0,36.92,4.42,8.01,1917.0,625.0,7.44,2.39,19.82,0.0,,0.0,,,12724.0,1267.0,49.42,4.1,6.05,25.0,26.0,0.1,0.1,63.22,70057.0,2675.0,92.85,0.61,2.32,27320.0,2121.0,39.0,2.64,4.72,17785.0,1354.0,25.39,1.67,4.63,25311.0,1910.0,36.13,2.35,4.59,27421.0,947.0,92.83,1.23,2.1,26191.0,1016.0,88.67,1.96,2.36,59351.0,2012.0,78.66,3.98,2.06,37805.0,1766.0,63.7,2.05,2.84,34369.0,1685.0,57.91,2.05,2.98,3436.0,572.0,5.79,0.94,10.12,0.0,,0.0,,,21546.0,1112.0,36.3,1.41,3.14,,,9.09,1.45,10.12,33535.0,1648.0,44.45,1.41,2.99,7839.0,917.0,23.38,2.48,7.11,1334.0,312.0,3.98,0.91,14.22,17668.0,1087.0,52.69,1.95,3.74,2408.0,426.0,7.18,1.22,10.75,3188.0,587.0,9.51,1.69,11.19,34369.0,1685.0,45.55,1.43,2.98,40.0,41.0,0.12,0.12,62.31,1664.0,411.0,4.84,1.17,15.01,1508.0,351.0,4.39,1.0,14.15,370.0,119.0,1.08,0.34,19.55,3327.0,515.0,9.68,1.42,9.41,3625.0,486.0,10.55,1.32,8.15,498.0,172.0,1.45,0.5,21.0,2456.0,475.0,7.15,1.34,11.76,3513.0,587.0,10.22,1.63,10.16,10917.0,894.0,31.76,2.08,4.98,3144.0,528.0,9.15,1.47,10.21,1634.0,280.0,4.75,0.78,10.42,1673.0,430.0,4.87,1.23,15.62,2372.0,390.0,8.03,1.3,10.0,1377.0,309.0,4.66,1.04,13.64,2360.0,336.0,7.99,1.11,8.65,2217.0,386.0,7.51,1.28,10.58,3047.0,458.0,10.32,1.52,9.14,5715.0,668.0,19.35,2.18,7.11,3733.0,450.0,12.64,1.47,7.33,5401.0,645.0,18.28,2.1,7.26,1814.0,341.0,6.14,1.14,11.43,1502.0,297.0,5.08,0.99,12.02,23399.0,1047.0,79.22,2.49,2.72,6863.0,489.0,23.23,1.48,4.33,4988.0,579.0,16.89,1.88,7.06,2498.0,467.0,8.46,1.56,11.36,1737.0,372.0,5.88,1.25,13.02,7219.0,732.0,24.44,2.35,6.16,70421.0,2624.0,93.64,4.97,2.27,37215.0,2083.0,49.49,2.05,3.4,40070.0,2301.0,53.28,2.31,3.49,4780.0,826.0,6.36,1.07,10.5,36926.0,1779.0,48.94,1.47,2.93,38526.0,1918.0,51.06,1.67,3.03,5395.0,790.0,7.15,1.01,8.9,4462.0,612.0,5.91,0.78,8.34,5439.0,804.0,7.21,1.03,8.99,4038.0,493.0,5.35,0.62,7.42,5076.0,617.0,6.73,0.78,7.39,12426.0,1302.0,16.47,1.61,6.37,10632.0,882.0,14.09,1.04,5.04,8950.0,788.0,11.86,0.94,5.35,4941.0,701.0,6.55,0.9,8.62,4151.0,494.0,5.5,0.62,7.23,6096.0,655.0,8.08,0.81,6.53,2746.0,442.0,3.64,0.57,9.78,1100.0,224.0,1.46,0.29,12.38,17730.0,1556.0,23.5,1.86,5.34,57722.0,1926.0,76.5,3.85,2.03,9942.0,699.0,13.18,0.78,4.27,6794.0,965.0,9.0,1.23,8.63,11771.0,1432.0,15.6,1.8,7.4,18307.0,1869.0,24.26,2.3,6.21,868.0,373.0,1.15,0.49,26.12,13732.0,1541.0,18.2,1.92,6.82,10.0,14.0,0.01,0.02,85.11,23970.0,2333.0,31.77,2.85,5.92,34617.0,2613.0,45.88,3.0,4.59,40835.0,2191.0,54.12,2.07,3.26,7925.0,1077.0,10.5,1.37,8.26,16389.0,1746.0,21.72,2.17,6.48,303.0,212.0,0.4,0.28,42.53,13663.0,1535.0,18.11,1.92,6.83,0.0,,0.0,,,840.0,430.0,1.11,0.57,31.12,1715.0,608.0,2.27,0.8,21.55
10463,10463,10463,29575.0,1231.0,100,,2.53,8210.0,831.0,27.76,2.56,6.15,17528.0,1975.0,25.27,2.57,6.85,1034.0,295.0,5.9,1.55,17.34,538.0,218.0,3.07,1.19,24.63,7476.0,1119.0,42.65,4.2,9.1,3530.0,787.0,20.14,3.87,13.55,4950.0,853.0,28.24,3.68,10.48,49501.0,2071.0,71.35,4.55,2.54,3441.0,605.0,6.95,1.19,10.69,3745.0,727.0,7.57,1.43,11.8,9407.0,917.0,19.0,1.67,5.93,21739.0,1265.0,43.92,1.78,3.54,53976.0,2256.0,77.81,4.96,2.54,1754.0,472.0,3.25,0.86,16.36,67596.0,3337.0,97.44,1.08,3.0,11832.0,1485.0,17.5,2.02,7.63,15352.0,1740.0,22.13,2.27,6.89,1240.0,508.0,8.08,3.18,24.9,39224.0,2191.0,56.54,1.61,3.4,6033.0,931.0,15.38,2.21,9.38,13020.0,893.0,18.77,0.92,4.17,4559.0,626.0,35.02,4.17,8.35,68739.0,3318.0,99.09,0.4,2.93,63162.0,3247.0,91.89,1.63,3.13,5349.0,1233.0,7.78,1.75,14.01,228.0,122.0,0.33,0.18,32.53,69373.0,3337.0,100,,2.92,48460.0,2747.0,69.85,2.1,3.45,44821.0,2610.0,64.61,2.12,3.54,3639.0,737.0,5.25,1.03,12.31,20913.0,1683.0,30.15,1.94,4.89,14111.0,1263.0,67.47,2.64,5.44,6802.0,971.0,32.53,3.83,8.68,3580.0,571.0,17.12,2.36,9.7,2431.0,508.0,11.62,2.24,12.7,1065.0,411.0,5.09,1.92,23.46,8.0,12.0,0.04,0.06,91.19,13578.0,1559.0,64.93,5.32,6.98,251.0,135.0,1.2,0.64,32.7,65233.0,3035.0,94.03,6.29,2.83,32419.0,2123.0,49.7,2.29,3.98,12256.0,1541.0,18.79,2.19,7.64,25953.0,2234.0,39.79,2.88,5.23,27760.0,1217.0,93.86,1.29,2.67,26768.0,1191.0,90.51,1.42,2.7,55812.0,2298.0,80.45,5.09,2.5,32106.0,1762.0,57.53,2.09,3.34,29329.0,1671.0,52.55,2.07,3.46,2742.0,670.0,4.91,1.18,14.85,35.0,57.0,0.06,0.1,99.0,23706.0,1626.0,42.47,2.33,4.17,,,8.54,2.03,14.85,28124.0,1547.0,40.54,1.08,3.34,6123.0,787.0,21.77,2.53,7.81,1405.0,367.0,5.0,1.28,15.88,13930.0,1043.0,49.53,2.52,4.55,2286.0,492.0,8.13,1.69,13.08,3614.0,472.0,12.85,1.52,7.94,29329.0,1671.0,42.28,1.29,3.46,24.0,30.0,0.08,0.1,75.99,1223.0,290.0,4.17,0.96,14.41,804.0,275.0,2.74,0.92,20.79,411.0,162.0,1.4,0.55,23.96,1843.0,427.0,6.28,1.41,14.08,1585.0,317.0,5.4,1.04,12.16,921.0,317.0,3.14,1.07,20.92,2600.0,523.0,8.86,1.71,12.23,3079.0,636.0,10.5,2.08,12.56,11456.0,856.0,39.06,1.89,4.54,2291.0,421.0,7.81,1.36,11.17,1288.0,330.0,4.39,1.1,15.58,1804.0,525.0,6.15,1.76,17.69,1997.0,414.0,6.75,1.37,12.6,1785.0,564.0,6.04,1.89,19.21,2426.0,527.0,8.2,1.75,13.21,2113.0,455.0,7.14,1.51,13.09,2791.0,426.0,9.44,1.39,9.28,4443.0,587.0,15.02,1.88,8.03,3485.0,516.0,11.78,1.67,9.0,4334.0,596.0,14.65,1.92,8.36,2668.0,499.0,9.02,1.64,11.37,3533.0,432.0,11.95,1.37,7.43,21186.0,1133.0,71.63,2.41,3.25,10621.0,966.0,35.91,2.9,5.53,7682.0,715.0,25.97,2.16,5.66,2105.0,491.0,7.12,1.63,14.18,1588.0,324.0,5.37,1.07,12.4,6514.0,900.0,22.03,2.9,8.4,64830.0,3334.0,95.91,1.38,3.13,42155.0,2217.0,62.36,1.13,3.2,32838.0,2672.0,48.58,3.14,4.95,2766.0,489.0,4.09,0.69,10.75,31426.0,1816.0,45.3,1.45,3.51,37947.0,2173.0,54.7,1.7,3.48,4140.0,761.0,5.97,1.06,11.17,3499.0,719.0,5.04,1.01,12.49,4886.0,723.0,7.04,0.99,9.0,3863.0,673.0,5.57,0.93,10.59,3484.0,671.0,5.02,0.94,11.71,8757.0,1055.0,12.62,1.39,7.32,8451.0,899.0,12.18,1.16,6.47,9325.0,890.0,13.44,1.11,5.8,4278.0,695.0,6.17,0.96,9.88,4273.0,676.0,6.16,0.93,9.62,7767.0,737.0,11.2,0.92,5.77,4411.0,514.0,6.36,0.67,7.08,2239.0,368.0,3.23,0.51,9.99,15362.0,1740.0,22.14,2.27,6.89,54011.0,2255.0,77.86,4.96,2.54,14417.0,891.0,20.78,0.81,3.76,11747.0,1952.0,16.93,2.69,10.1,26634.0,1949.0,38.39,2.12,4.45,10503.0,1550.0,15.14,2.11,8.97,1119.0,392.0,1.61,0.56,21.3,2788.0,506.0,4.02,0.7,11.03,33.0,50.0,0.05,0.07,92.11,16549.0,2089.0,23.86,2.78,7.67,34773.0,2805.0,50.12,3.25,4.9,34600.0,2055.0,49.88,1.74,3.61,20522.0,1411.0,29.58,1.45,4.18,8331.0,1329.0,12.01,1.83,9.7,217.0,258.0,0.31,0.37,72.28,2634.0,475.0,3.8,0.66,10.96,0.0,,0.0,,,713.0,254.0,1.03,0.36,21.66,2183.0,724.0,3.15,1.03,20.16
10464,10464,10464,2081.0,302.0,100,,8.82,351.0,212.0,16.87,9.89,36.72,780.0,539.0,18.25,12.06,42.01,0.0,,0.0,,,87.0,136.0,11.15,15.64,95.03,368.0,312.0,47.18,23.18,51.54,95.0,60.0,12.18,11.4,38.39,230.0,159.0,29.49,0.58,42.02,3581.0,698.0,83.81,23.58,11.85,68.0,79.0,1.9,2.17,70.62,135.0,89.0,3.77,2.37,40.08,755.0,295.0,21.08,7.14,23.75,1641.0,580.0,45.83,13.51,21.49,3718.0,697.0,87.01,24.04,11.4,313.0,173.0,8.42,4.38,33.6,4273.0,867.0,100.0,0.0,12.33,1398.0,439.0,32.72,7.84,19.09,555.0,387.0,12.99,8.66,42.39,162.0,243.0,29.19,38.77,91.19,2082.0,734.0,48.72,14.05,21.43,404.0,237.0,19.4,9.1,35.66,1636.0,385.0,38.29,4.56,14.31,832.0,336.0,50.86,16.69,24.55,4273.0,867.0,100.0,0.0,12.33,4207.0,871.0,98.46,4.05,12.59,66.0,59.0,1.54,1.34,54.34,0.0,,0.0,,,4273.0,867.0,100,,12.33,3302.0,777.0,77.28,9.21,14.3,3104.0,784.0,72.64,10.93,15.35,198.0,184.0,4.63,4.2,56.49,971.0,449.0,22.72,9.44,28.11,564.0,239.0,58.08,36.43,25.76,407.0,324.0,41.92,27.16,48.39,355.0,183.0,36.56,8.33,31.34,77.0,78.0,7.93,7.15,61.58,13.0,22.0,1.34,2.18,102.88,0.0,,0.0,,,455.0,372.0,46.86,31.59,49.7,71.0,107.0,7.31,10.49,91.61,4244.0,860.0,99.32,28.48,12.32,2586.0,763.0,60.93,13.07,17.94,315.0,233.0,7.42,5.28,44.97,1031.0,346.0,24.29,6.5,20.4,2033.0,309.0,97.69,4.41,9.24,1880.0,320.0,90.34,8.04,10.35,3762.0,699.0,88.04,24.22,11.3,1762.0,730.0,46.84,17.34,25.19,1576.0,557.0,41.89,12.59,21.48,186.0,208.0,4.94,5.45,67.98,0.0,,0.0,,,2000.0,383.0,53.16,2.46,11.64,,,10.56,10.96,67.98,1576.0,557.0,36.88,10.67,21.48,749.0,276.0,47.53,4.96,22.4,156.0,189.0,9.9,11.47,73.65,287.0,178.0,18.21,9.28,37.7,261.0,189.0,16.56,10.47,44.02,123.0,95.0,7.8,5.36,46.95,1576.0,557.0,36.88,10.67,21.48,0.0,,0.0,,,369.0,301.0,23.41,17.21,49.59,77.0,63.0,4.89,3.61,49.74,18.0,29.0,1.14,1.8,97.94,71.0,65.0,4.51,3.8,55.65,62.0,53.0,3.93,3.06,51.97,40.0,46.0,2.54,2.78,69.91,158.0,192.0,10.03,11.66,73.87,61.0,54.0,3.87,3.14,53.81,350.0,144.0,22.21,4.68,25.01,214.0,166.0,13.58,9.38,47.16,27.0,35.0,1.71,2.14,78.8,129.0,138.0,8.19,8.26,65.03,107.0,82.0,5.14,3.87,46.59,0.0,,0.0,,,0.0,,0.0,,,423.0,228.0,20.33,10.55,32.77,132.0,108.0,6.34,5.11,49.74,100.0,101.0,4.81,4.8,61.4,273.0,166.0,13.12,7.75,36.96,340.0,169.0,16.34,7.77,30.22,316.0,210.0,15.19,9.85,40.4,390.0,227.0,18.74,10.56,35.38,1187.0,341.0,57.04,14.14,17.46,1219.0,268.0,58.58,9.67,13.36,888.0,258.0,42.67,10.74,17.66,78.0,71.0,3.75,3.37,55.33,0.0,,0.0,,,182.0,129.0,8.75,6.07,43.09,4102.0,908.0,96.0,8.49,13.46,2860.0,953.0,66.93,17.69,20.26,2435.0,570.0,56.99,6.65,14.23,171.0,124.0,4.0,2.79,44.08,2083.0,493.0,48.75,5.94,14.39,2190.0,475.0,51.25,3.93,13.19,29.0,49.0,0.68,1.14,102.71,281.0,298.0,6.58,6.85,64.47,164.0,247.0,3.84,5.73,91.56,171.0,112.0,4.0,2.49,39.82,47.0,47.0,1.1,1.08,60.79,400.0,224.0,9.36,4.89,34.04,265.0,134.0,6.2,2.87,30.74,826.0,497.0,19.33,10.95,36.58,191.0,105.0,4.47,2.28,33.42,263.0,198.0,6.15,4.46,45.77,540.0,186.0,12.64,3.52,20.94,956.0,320.0,22.37,5.96,20.35,140.0,115.0,3.28,2.61,49.93,555.0,387.0,12.99,8.66,42.39,3718.0,697.0,87.01,24.04,11.4,1636.0,385.0,38.29,4.56,14.31,325.0,227.0,7.61,5.08,42.46,2849.0,868.0,66.67,15.15,18.52,61.0,72.0,1.43,1.66,71.75,0.0,,0.0,,,91.0,98.0,2.13,2.25,65.47,0.0,,0.0,,,947.0,295.0,22.16,5.24,18.94,1400.0,489.0,32.76,9.32,21.23,2873.0,739.0,67.24,10.63,15.64,2491.0,750.0,58.3,12.97,18.3,33.0,53.0,0.77,1.23,97.63,0.0,,0.0,,,91.0,98.0,2.13,2.25,65.47,0.0,,0.0,,,101.0,80.0,2.36,1.81,48.15,157.0,176.0,3.67,4.05,68.15
10465,10465,10465,16221.0,633.0,100,,2.37,5490.0,460.0,33.85,2.51,5.09,13065.0,1238.0,28.12,2.41,5.76,759.0,214.0,5.81,1.54,17.14,396.0,161.0,3.03,1.2,24.72,4775.0,702.0,36.55,4.11,8.94,2282.0,420.0,17.47,2.76,11.19,4853.0,733.0,37.15,4.37,9.18,31462.0,1267.0,67.72,3.88,2.45,2178.0,351.0,6.92,1.08,9.8,2347.0,470.0,7.46,1.46,12.17,8645.0,634.0,27.48,1.68,4.46,9259.0,882.0,29.43,2.54,5.79,36067.0,1526.0,77.64,0.89,2.57,1122.0,261.0,3.11,0.71,14.14,46042.0,1897.0,99.11,0.62,2.5,8356.0,1070.0,18.15,2.2,7.78,10369.0,888.0,22.32,1.68,5.21,428.0,245.0,4.13,2.34,34.8,28461.0,1467.0,61.26,1.94,3.13,4644.0,861.0,16.32,2.91,11.27,7212.0,627.0,15.52,1.19,5.29,3284.0,481.0,45.54,5.37,8.9,46019.0,1918.0,99.06,0.88,2.53,42594.0,1910.0,92.56,1.53,2.73,2914.0,574.0,6.33,1.22,11.97,511.0,298.0,1.11,0.65,35.45,46457.0,1892.0,100,,2.48,37684.0,1748.0,81.12,1.8,2.82,35398.0,1693.0,76.2,1.91,2.91,2286.0,421.0,4.92,0.88,11.2,8773.0,1252.0,18.88,2.58,8.68,5476.0,881.0,62.42,4.64,9.78,3297.0,788.0,37.58,7.21,14.53,1447.0,362.0,16.49,3.39,15.21,1981.0,603.0,22.58,6.07,18.5,357.0,189.0,4.07,2.07,32.18,0.0,,0.0,,,4933.0,972.0,56.23,7.64,11.98,55.0,65.0,0.63,0.74,71.84,43679.0,1842.0,94.02,1.03,2.56,24902.0,1457.0,57.01,2.31,3.56,5336.0,940.0,12.22,2.09,10.71,13952.0,1467.0,31.94,3.08,6.39,15255.0,668.0,94.04,1.87,2.66,14762.0,666.0,91.01,2.06,2.74,37382.0,1552.0,80.47,0.65,2.52,22369.0,1357.0,59.84,2.65,3.69,20694.0,1302.0,55.36,2.62,3.82,1654.0,300.0,4.42,0.78,11.03,21.0,31.0,0.06,0.08,89.74,15013.0,930.0,40.16,1.85,3.77,,,7.39,1.26,11.03,20390.0,1297.0,43.89,2.14,3.87,10733.0,1014.0,52.64,3.68,5.74,1591.0,566.0,7.8,2.73,21.63,5065.0,749.0,24.84,3.32,8.99,578.0,160.0,2.83,0.76,16.83,2004.0,502.0,9.83,2.38,15.23,20694.0,1302.0,44.54,2.14,3.82,21.0,28.0,0.1,0.14,81.05,1308.0,405.0,6.32,1.92,18.82,706.0,247.0,3.41,1.17,21.27,372.0,169.0,1.8,0.81,27.62,1378.0,352.0,6.66,1.65,15.53,1514.0,337.0,7.32,1.56,13.53,455.0,193.0,2.2,0.92,25.79,1467.0,462.0,7.09,2.19,19.14,2076.0,284.0,10.03,1.22,8.32,7309.0,733.0,35.32,2.76,6.1,1859.0,516.0,8.98,2.43,16.87,893.0,251.0,4.32,1.18,17.09,1336.0,335.0,6.46,1.57,15.24,1337.0,364.0,8.24,2.22,16.55,625.0,214.0,3.85,1.31,20.81,972.0,214.0,5.99,1.3,13.38,837.0,240.0,5.16,1.47,17.43,1537.0,297.0,9.48,1.79,11.75,1800.0,359.0,11.1,2.17,12.12,1806.0,299.0,11.13,1.79,10.06,2598.0,323.0,16.02,1.89,7.56,2199.0,426.0,13.56,2.57,11.78,2510.0,322.0,15.47,1.89,7.8,11834.0,624.0,72.95,2.59,3.21,5711.0,469.0,35.21,2.54,4.99,4203.0,471.0,25.91,2.72,6.81,1266.0,270.0,7.8,1.64,12.96,565.0,172.0,3.48,1.05,18.51,2708.0,549.0,16.69,3.32,12.32,44197.0,1869.0,95.99,0.91,2.57,33205.0,2068.0,72.12,3.37,3.79,18340.0,1240.0,39.83,2.14,4.11,1845.0,387.0,4.01,0.82,12.75,23200.0,1162.0,49.94,1.46,3.04,23257.0,1343.0,50.06,2.05,3.51,2778.0,488.0,5.98,1.02,10.68,2415.0,472.0,5.2,0.99,11.88,3452.0,531.0,7.43,1.1,9.35,3406.0,623.0,7.33,1.31,11.12,2944.0,416.0,6.34,0.86,8.59,6721.0,669.0,14.47,1.31,6.05,5559.0,709.0,11.97,1.45,7.75,5762.0,631.0,12.4,1.26,6.66,3437.0,660.0,7.4,1.39,11.67,2401.0,374.0,5.17,0.78,9.47,4010.0,471.0,8.63,0.95,7.14,2370.0,381.0,5.1,0.79,9.77,1202.0,256.0,2.59,0.54,12.95,10369.0,888.0,22.32,1.68,5.21,36088.0,1521.0,77.68,0.84,2.56,7582.0,624.0,16.32,1.17,5.0,7055.0,1527.0,15.19,3.23,13.16,20938.0,1143.0,45.07,1.64,3.32,6164.0,1085.0,13.27,2.27,10.7,298.0,237.0,0.64,0.51,48.35,2676.0,676.0,5.76,1.44,15.36,134.0,211.0,0.29,0.45,95.72,9192.0,1194.0,19.79,2.44,7.9,21438.0,1533.0,46.15,2.71,4.35,25019.0,1456.0,53.85,2.24,3.54,16381.0,1087.0,35.26,1.85,4.03,4421.0,753.0,9.52,1.57,10.35,61.0,77.0,0.13,0.17,76.74,2617.0,675.0,5.63,1.43,15.68,0.0,,0.0,,,137.0,93.0,0.29,0.2,41.27,1402.0,646.0,3.02,1.39,28.01
10466,10466,10466,25262.0,1053.0,100,,2.53,9676.0,817.0,38.3,2.81,5.13,20277.0,1730.0,27.38,1.87,5.19,885.0,336.0,4.36,1.61,23.08,1016.0,343.0,5.01,1.64,20.52,9380.0,1060.0,46.26,3.43,6.87,3340.0,601.0,16.47,2.61,10.94,5656.0,810.0,27.89,3.21,8.71,49752.0,2487.0,67.18,4.81,3.04,3432.0,585.0,6.9,1.12,10.36,6196.0,922.0,12.45,1.75,9.05,15761.0,1327.0,31.68,2.15,5.12,12881.0,1181.0,25.89,1.99,5.57,55739.0,2756.0,75.26,5.36,3.01,942.0,331.0,1.69,0.59,21.36,73554.0,3803.0,99.32,0.69,3.14,10471.0,1305.0,14.24,1.61,7.58,18248.0,1551.0,24.64,1.67,5.17,1718.0,483.0,9.41,2.52,17.09,44374.0,2490.0,59.92,1.37,3.41,5391.0,909.0,12.15,1.93,10.25,10932.0,917.0,14.76,0.98,5.1,3362.0,569.0,30.75,4.52,10.29,73313.0,3797.0,98.99,0.75,3.15,66887.0,3438.0,91.23,6.66,3.12,5296.0,1517.0,7.22,2.04,17.41,1130.0,452.0,1.54,0.61,24.32,74061.0,3794.0,100,,3.11,42800.0,2722.0,57.79,2.18,3.87,38079.0,2447.0,51.42,1.99,3.91,4721.0,768.0,6.37,0.98,9.89,31261.0,2254.0,42.21,2.14,4.38,19594.0,1513.0,62.68,1.73,4.69,11667.0,1591.0,37.32,4.32,8.29,382.0,175.0,1.22,0.55,27.85,862.0,365.0,2.76,1.15,25.74,3881.0,892.0,12.41,2.71,13.97,0.0,,0.0,,,26053.0,2047.0,83.34,2.6,4.78,83.0,71.0,0.27,0.23,52.0,69489.0,3585.0,93.83,0.57,3.14,46434.0,2963.0,66.82,2.51,3.88,7922.0,1095.0,11.4,1.46,8.4,15450.0,2236.0,22.23,3.01,8.8,23588.0,1026.0,93.37,1.16,2.64,21483.0,1053.0,85.04,2.19,2.98,57419.0,2848.0,77.53,5.53,3.02,34600.0,2220.0,60.26,2.45,3.9,31214.0,2099.0,54.36,2.47,4.09,3342.0,600.0,5.82,1.0,10.91,44.0,69.0,0.08,0.12,95.33,22819.0,1699.0,39.74,2.21,4.53,,,9.66,1.62,10.91,30531.0,2049.0,41.22,1.79,4.08,11125.0,1136.0,36.44,2.8,6.21,2344.0,626.0,7.68,1.98,16.23,12950.0,1171.0,42.42,2.57,5.5,1093.0,367.0,3.58,1.18,20.41,2160.0,663.0,7.07,2.12,18.66,31214.0,2099.0,42.15,1.84,4.09,54.0,62.0,0.17,0.2,69.8,1858.0,394.0,5.95,1.2,12.89,683.0,228.0,2.19,0.72,20.29,536.0,257.0,1.72,0.82,29.15,2248.0,466.0,7.2,1.41,12.6,2490.0,490.0,7.98,1.48,11.96,493.0,189.0,1.58,0.6,23.3,1613.0,373.0,5.17,1.14,14.06,2731.0,654.0,8.75,2.01,14.56,13208.0,1092.0,42.31,2.04,5.03,2164.0,638.0,6.93,1.99,17.92,1858.0,492.0,5.95,1.52,16.1,1278.0,450.0,4.09,1.42,21.41,2093.0,542.0,8.29,2.12,15.74,1592.0,416.0,6.3,1.63,15.88,2267.0,497.0,8.97,1.93,13.33,1367.0,376.0,5.41,1.47,16.72,2546.0,432.0,10.08,1.66,10.31,3730.0,585.0,14.77,2.23,9.53,3235.0,496.0,12.81,1.89,9.32,3783.0,614.0,14.98,2.35,9.87,2375.0,389.0,9.4,1.49,9.96,2274.0,443.0,9.0,1.71,11.84,19846.0,1131.0,78.56,3.05,3.46,7820.0,734.0,30.96,2.6,5.71,5046.0,489.0,19.97,1.75,5.89,2614.0,450.0,10.35,1.73,10.47,1952.0,513.0,7.73,2.01,15.98,7111.0,674.0,28.15,2.4,5.76,67502.0,3508.0,91.77,0.48,3.16,38558.0,2613.0,52.42,2.3,4.12,36338.0,2697.0,49.4,2.63,4.51,6052.0,1284.0,8.23,1.69,12.9,33480.0,1990.0,45.21,1.36,3.61,40581.0,2536.0,54.79,1.96,3.8,4572.0,667.0,6.17,0.84,8.87,4785.0,802.0,6.46,1.03,10.19,6431.0,893.0,8.68,1.12,8.44,4216.0,617.0,5.69,0.78,8.9,4305.0,702.0,5.81,0.9,9.91,10292.0,1135.0,13.9,1.36,6.7,9593.0,1046.0,12.95,1.25,6.63,9258.0,868.0,12.5,0.98,5.7,4803.0,776.0,6.49,0.99,9.82,4609.0,489.0,6.22,0.58,6.45,6832.0,680.0,9.22,0.79,6.05,3158.0,581.0,4.26,0.75,11.18,1207.0,403.0,1.63,0.54,20.3,18278.0,1554.0,24.68,1.67,5.17,55783.0,2746.0,75.32,5.35,2.99,11197.0,927.0,15.12,0.98,5.03,5133.0,1106.0,6.93,1.45,13.1,4418.0,905.0,5.97,1.18,12.45,47389.0,3271.0,63.99,2.96,4.2,745.0,510.0,1.01,0.69,41.61,1477.0,544.0,1.99,0.73,22.39,0.0,,0.0,,,14899.0,2293.0,20.12,2.92,9.36,21437.0,2829.0,28.95,3.52,8.02,52624.0,3323.0,71.05,2.62,3.84,1681.0,360.0,2.27,0.47,13.02,44716.0,3132.0,60.38,2.88,4.26,523.0,463.0,0.71,0.62,53.82,1477.0,544.0,1.99,0.73,22.39,0.0,,0.0,,,2033.0,740.0,2.75,0.99,22.13,2194.0,654.0,2.96,0.87,18.12
10467,10467,10467,38210.0,1176.0,100,,1.87,11935.0,867.0,31.24,2.06,4.42,24169.0,1748.0,25.1,1.57,4.4,1560.0,426.0,6.45,1.7,16.6,1401.0,329.0,5.8,1.3,14.28,9913.0,975.0,41.02,2.73,5.98,4942.0,580.0,20.45,1.89,7.13,6353.0,807.0,26.29,2.74,7.72,65056.0,2172.0,67.55,3.33,2.03,8088.0,988.0,12.43,1.46,7.43,7904.0,976.0,12.15,1.44,7.51,19303.0,1289.0,29.67,1.72,4.06,14297.0,1119.0,21.98,1.56,4.76,73571.0,2484.0,76.39,3.79,2.05,1418.0,324.0,1.93,0.44,13.89,94998.0,3490.0,98.64,0.58,2.23,13902.0,1124.0,14.63,1.05,4.91,22681.0,1661.0,23.55,1.5,4.45,1115.0,274.0,4.92,1.15,14.94,60838.0,2383.0,63.17,0.93,2.38,7698.0,829.0,12.65,1.27,6.55,11479.0,896.0,11.92,0.82,4.75,5089.0,687.0,44.33,4.88,8.21,95010.0,3373.0,98.66,5.01,2.16,86559.0,3164.0,91.11,0.79,2.22,7261.0,1261.0,7.64,1.3,10.56,1190.0,653.0,1.25,0.69,33.36,96304.0,3493.0,100,,2.2,58294.0,2712.0,60.53,1.76,2.83,51277.0,2478.0,53.24,1.7,2.94,7017.0,1025.0,7.29,1.03,8.88,38010.0,2114.0,39.47,1.66,3.38,19125.0,1297.0,50.32,1.95,4.12,18885.0,1701.0,49.68,3.52,5.48,3114.0,636.0,8.19,1.61,12.42,4060.0,580.0,10.68,1.41,8.68,2960.0,692.0,7.79,1.77,14.21,0.0,,0.0,,,27876.0,1920.0,73.34,2.98,4.19,0.0,,0.0,,,89805.0,3196.0,93.25,4.74,2.16,36461.0,2129.0,40.6,1.88,3.55,24620.0,1631.0,27.41,1.53,4.03,40848.0,2302.0,45.49,1.99,3.43,35411.0,1189.0,92.67,1.24,2.04,33043.0,1223.0,86.48,1.78,2.25,75871.0,2514.0,78.78,3.87,2.01,45979.0,2060.0,60.6,1.83,2.72,41176.0,1988.0,54.27,1.91,2.93,4768.0,562.0,6.28,0.71,7.17,35.0,53.0,0.05,0.07,92.05,29892.0,1510.0,39.4,1.5,3.07,,,10.37,1.13,7.17,39709.0,2000.0,41.23,1.44,3.06,8304.0,856.0,20.91,1.88,6.27,1538.0,419.0,3.87,1.04,16.56,23009.0,1569.0,57.94,2.66,4.15,3096.0,436.0,7.8,1.03,8.56,2718.0,525.0,6.84,1.28,11.74,41176.0,1988.0,42.76,1.36,2.93,18.0,32.0,0.04,0.08,108.07,1858.0,384.0,4.51,0.91,12.56,1279.0,307.0,3.11,0.73,14.59,665.0,247.0,1.62,0.59,22.58,3695.0,627.0,8.97,1.46,10.32,3746.0,590.0,9.1,1.36,9.57,469.0,136.0,1.14,0.33,17.63,1786.0,373.0,4.34,0.88,12.7,3778.0,594.0,9.18,1.37,9.56,15118.0,1160.0,36.72,2.19,4.66,5064.0,714.0,12.3,1.63,8.57,2573.0,411.0,6.25,0.95,9.71,1127.0,278.0,2.74,0.66,15.0,4411.0,501.0,11.54,1.26,6.9,3393.0,600.0,8.88,1.55,10.75,3945.0,537.0,10.32,1.37,8.27,3470.0,505.0,9.08,1.29,8.85,4704.0,658.0,12.31,1.68,8.5,6303.0,681.0,16.5,1.71,6.57,4539.0,593.0,11.88,1.51,7.94,4110.0,569.0,10.76,1.45,8.42,1929.0,358.0,5.05,0.92,11.28,1406.0,254.0,3.68,0.66,10.98,28001.0,1236.0,73.28,2.32,2.68,9140.0,767.0,23.92,1.87,5.1,5588.0,705.0,14.62,1.79,7.67,3803.0,534.0,9.95,1.36,8.54,3168.0,517.0,8.29,1.33,9.92,13244.0,900.0,34.66,2.1,4.13,86814.0,3394.0,91.39,1.22,2.38,42248.0,2443.0,44.47,1.99,3.52,55082.0,2952.0,57.98,2.26,3.26,8184.0,1010.0,8.61,1.01,7.5,45818.0,2103.0,47.58,1.34,2.79,50486.0,1955.0,52.42,0.71,2.35,6499.0,777.0,6.75,0.77,7.27,6406.0,827.0,6.65,0.82,7.85,6227.0,688.0,6.47,0.67,6.72,5980.0,635.0,6.21,0.62,6.46,6136.0,736.0,6.37,0.73,7.29,14479.0,1247.0,15.03,1.17,5.24,13195.0,1000.0,13.7,0.91,4.61,12190.0,876.0,12.66,0.79,4.37,7304.0,720.0,7.58,0.7,5.99,5461.0,607.0,5.67,0.6,6.76,7448.0,716.0,7.73,0.69,5.84,3524.0,518.0,3.66,0.52,8.94,1455.0,295.0,1.51,0.3,12.33,22698.0,1660.0,23.57,1.5,4.45,73606.0,2491.0,76.43,3.79,2.06,12427.0,885.0,12.9,0.79,4.33,10825.0,1428.0,11.24,1.43,8.02,15203.0,1604.0,15.79,1.56,6.41,29859.0,1852.0,31.0,1.56,3.77,1338.0,589.0,1.39,0.61,26.76,6267.0,830.0,6.51,0.83,8.05,36.0,49.0,0.04,0.05,82.74,32776.0,2811.0,34.03,2.65,5.21,51489.0,2722.0,53.47,2.06,3.21,44815.0,2250.0,46.53,1.62,3.05,8398.0,1242.0,8.72,1.25,8.99,27119.0,1740.0,28.16,1.49,3.9,316.0,299.0,0.33,0.31,57.52,6066.0,817.0,6.3,0.82,8.19,28.0,49.0,0.03,0.05,106.38,722.0,333.0,0.75,0.34,28.04,2166.0,712.0,2.25,0.73,19.98
10468,10468,10468,28608.0,1215.0,100,,2.58,10525.0,953.0,36.79,2.94,5.5,20498.0,1602.0,25.68,1.58,4.75,1740.0,519.0,8.49,2.44,18.13,1334.0,427.0,6.51,2.02,19.46,8238.0,984.0,40.19,3.63,7.26,4714.0,671.0,23.0,2.74,8.65,4472.0,696.0,21.82,2.94,9.46,52437.0,2513.0,65.69,4.47,2.91,7826.0,1159.0,14.92,2.09,9.0,7073.0,774.0,13.49,1.33,6.65,16048.0,1743.0,30.6,2.98,6.6,8188.0,820.0,15.61,1.37,6.09,59181.0,2686.0,74.14,4.91,2.76,1024.0,410.0,1.73,0.69,24.34,78888.0,3853.0,98.83,0.71,2.97,10830.0,1257.0,13.73,1.45,7.06,20539.0,1998.0,25.73,2.17,5.91,1316.0,499.0,6.41,2.35,23.05,49809.0,2537.0,62.4,1.01,3.1,5726.0,812.0,11.5,1.52,8.62,8540.0,1009.0,10.7,1.15,7.18,3788.0,583.0,44.36,4.37,9.36,79037.0,3714.0,99.01,6.67,2.86,72041.0,3285.0,91.15,5.97,2.77,6371.0,1327.0,8.06,1.64,12.66,625.0,204.0,0.79,0.26,19.84,79825.0,3856.0,100,,2.94,43371.0,2748.0,54.33,2.23,3.85,38051.0,2595.0,47.67,2.29,4.15,5320.0,800.0,6.66,0.95,9.14,36454.0,2542.0,45.67,2.3,4.24,16014.0,1468.0,43.93,2.61,5.57,20440.0,2057.0,56.07,4.07,6.12,800.0,277.0,2.19,0.74,21.05,1553.0,563.0,4.26,1.52,22.04,2691.0,837.0,7.38,2.24,18.91,0.0,,0.0,,,31375.0,2426.0,86.07,2.88,4.7,35.0,58.0,0.1,0.16,100.74,73430.0,3292.0,91.99,6.06,2.73,16311.0,1555.0,22.21,1.87,5.8,29996.0,2422.0,40.85,2.74,4.91,50503.0,2918.0,68.78,2.51,3.51,27259.0,1186.0,95.28,0.9,2.64,25582.0,1195.0,89.42,1.74,2.84,61354.0,2759.0,76.86,5.07,2.73,38186.0,2186.0,62.24,2.2,3.48,33401.0,2127.0,54.44,2.45,3.87,4704.0,654.0,7.67,1.01,8.45,81.0,50.0,0.13,0.08,37.52,23168.0,1607.0,37.76,1.99,4.22,,,12.32,1.56,8.45,31031.0,1967.0,38.87,1.6,3.85,4398.0,649.0,14.17,1.89,8.97,560.0,172.0,1.8,0.54,18.67,20940.0,1723.0,67.48,3.54,5.0,2245.0,490.0,7.23,1.51,13.27,2011.0,499.0,6.48,1.55,15.08,33401.0,2127.0,41.84,1.74,3.87,24.0,41.0,0.07,0.12,103.85,1899.0,523.0,5.69,1.52,16.74,1444.0,549.0,4.32,1.62,23.11,426.0,209.0,1.28,0.62,29.82,3441.0,650.0,10.3,1.83,11.48,2546.0,494.0,7.62,1.4,11.8,218.0,130.0,0.65,0.39,36.25,2122.0,503.0,6.35,1.45,14.41,3470.0,573.0,10.39,1.58,10.04,10282.0,994.0,30.78,2.24,5.88,4459.0,712.0,13.35,1.95,9.71,2224.0,465.0,6.66,1.33,12.71,846.0,316.0,2.53,0.93,22.71,3664.0,861.0,12.81,2.96,14.29,2373.0,397.0,8.29,1.34,10.17,2842.0,538.0,9.93,1.83,11.51,2647.0,615.0,9.25,2.11,14.12,3362.0,482.0,11.75,1.61,8.72,4986.0,783.0,17.43,2.64,9.55,3621.0,619.0,12.66,2.1,10.39,3072.0,546.0,10.74,1.85,10.8,1347.0,532.0,4.71,1.85,24.01,694.0,233.0,2.43,0.81,20.41,21385.0,1052.0,74.75,1.86,2.99,7136.0,928.0,24.94,3.07,7.91,3320.0,709.0,11.61,2.43,12.98,2919.0,488.0,10.2,1.65,10.16,2658.0,632.0,9.29,2.17,14.45,11482.0,1179.0,40.14,3.75,6.24,71302.0,3305.0,90.38,6.09,2.82,30901.0,2727.0,39.17,2.88,5.36,50354.0,2669.0,63.83,1.31,3.22,7586.0,1283.0,9.62,1.56,10.28,39027.0,2610.0,48.89,2.26,4.07,40798.0,2081.0,51.11,0.84,3.1,6395.0,1073.0,8.01,1.29,10.2,4910.0,780.0,6.15,0.93,9.66,5600.0,786.0,7.02,0.92,8.53,5478.0,771.0,6.86,0.91,8.56,5005.0,671.0,6.27,0.78,8.15,13163.0,1342.0,16.49,1.48,6.2,11066.0,1481.0,13.86,1.73,8.14,9722.0,939.0,12.18,1.02,5.87,4737.0,674.0,5.93,0.79,8.65,4587.0,477.0,5.75,0.53,6.32,5447.0,796.0,6.82,0.94,8.88,2769.0,690.0,3.47,0.85,15.15,946.0,332.0,1.19,0.41,21.33,20563.0,2002.0,25.76,2.18,5.92,59262.0,2686.0,74.24,4.92,2.76,9162.0,1003.0,11.48,1.13,6.65,12219.0,1516.0,15.31,1.75,7.54,8601.0,1564.0,10.77,1.89,11.05,19158.0,2183.0,24.0,2.48,6.93,1220.0,588.0,1.53,0.73,29.3,1852.0,537.0,2.32,0.66,17.63,173.0,196.0,0.22,0.25,68.87,36602.0,3441.0,45.85,3.7,5.71,60755.0,3376.0,76.11,2.09,3.38,19070.0,1920.0,23.89,2.11,6.12,2568.0,621.0,3.22,0.76,14.7,13861.0,1729.0,17.36,2.0,7.58,83.0,103.0,0.1,0.13,75.44,1802.0,536.0,2.26,0.66,18.08,10.0,21.0,0.01,0.03,127.66,287.0,210.0,0.36,0.26,44.48,459.0,160.0,0.58,0.2,21.19
10469,10469,10469,23582.0,1105.0,100,,2.85,8219.0,642.0,34.85,2.18,4.75,17180.0,1132.0,24.59,1.25,4.01,868.0,357.0,5.05,2.05,25.0,798.0,285.0,4.64,1.63,21.71,6189.0,680.0,36.02,3.17,6.68,4446.0,623.0,25.88,3.2,8.52,4879.0,531.0,28.4,2.46,6.62,47945.0,2282.0,68.64,1.52,2.89,3564.0,450.0,7.43,0.87,7.68,4605.0,548.0,9.6,1.05,7.23,13183.0,1237.0,27.5,2.22,5.7,13958.0,1021.0,29.11,1.62,4.45,54005.0,2385.0,77.31,1.03,2.68,1169.0,265.0,2.16,0.48,13.78,67650.0,2919.0,96.84,0.91,2.62,7866.0,702.0,11.63,0.91,5.43,15697.0,1341.0,22.47,1.67,5.19,644.0,182.0,4.1,1.11,17.18,41042.0,1975.0,58.75,1.37,2.93,3544.0,507.0,8.64,1.16,8.7,10911.0,1058.0,15.62,1.36,5.89,3678.0,488.0,33.71,3.05,8.07,69409.0,2916.0,99.36,5.91,2.55,63734.0,3050.0,91.82,2.1,2.91,5337.0,1114.0,7.69,1.57,12.69,338.0,105.0,0.49,0.15,18.88,69855.0,2942.0,100,,2.56,43802.0,1975.0,62.7,1.01,2.74,38734.0,1647.0,55.45,0.32,2.58,5068.0,1226.0,7.26,1.73,14.71,26053.0,2022.0,37.3,2.43,4.72,17467.0,1645.0,67.04,3.58,5.73,8586.0,1165.0,32.96,3.67,8.25,1392.0,347.0,5.34,1.27,15.15,2786.0,556.0,10.69,1.97,12.13,3785.0,998.0,14.53,3.66,16.03,0.0,,0.0,,,17924.0,1834.0,68.8,4.59,6.22,166.0,133.0,0.64,0.51,48.71,65734.0,2618.0,94.1,5.45,2.42,41055.0,2752.0,62.46,3.37,4.07,8534.0,925.0,12.98,1.31,6.59,14138.0,1281.0,21.51,1.75,5.51,22091.0,1018.0,93.68,6.16,2.8,20479.0,975.0,86.84,0.73,2.89,56715.0,2432.0,81.19,0.65,2.61,33253.0,1893.0,58.63,2.2,3.46,30343.0,1739.0,53.5,2.03,3.48,2801.0,512.0,4.94,0.88,11.11,109.0,115.0,0.19,0.2,64.14,23462.0,1361.0,41.37,1.62,3.53,,,8.42,1.46,11.11,29349.0,1703.0,42.01,1.68,3.53,12120.0,1085.0,41.3,2.82,5.44,2140.0,398.0,7.29,1.29,11.31,11452.0,1091.0,39.02,2.95,5.79,1314.0,340.0,4.48,1.13,15.73,1662.0,324.0,5.66,1.05,11.85,30343.0,1739.0,43.44,1.69,3.48,7.0,10.0,0.02,0.03,86.84,1698.0,436.0,5.6,1.4,15.61,917.0,259.0,3.02,0.84,17.17,353.0,159.0,1.16,0.52,27.38,2492.0,402.0,8.21,1.24,9.81,2199.0,377.0,7.25,1.17,10.42,340.0,109.0,1.12,0.35,19.49,1663.0,396.0,5.48,1.27,14.48,2774.0,481.0,9.14,1.5,10.54,13498.0,1310.0,44.48,3.48,5.9,2004.0,403.0,6.6,1.27,12.22,1468.0,379.0,4.84,1.22,15.69,930.0,214.0,3.06,0.68,13.99,1685.0,426.0,7.15,1.78,15.37,1212.0,309.0,5.14,1.29,15.5,1647.0,408.0,6.98,1.7,15.06,1524.0,371.0,6.46,1.54,14.8,1887.0,382.0,8.0,1.58,12.31,3669.0,504.0,15.56,2.01,8.35,2835.0,448.0,12.02,1.81,9.61,4341.0,707.0,18.41,2.87,9.9,2285.0,419.0,9.69,1.72,11.15,2497.0,367.0,10.59,1.48,8.93,17999.0,856.0,76.33,0.62,2.89,7805.0,717.0,33.1,2.62,5.58,5572.0,741.0,23.63,2.94,8.08,1905.0,374.0,8.08,1.54,11.93,1175.0,366.0,4.98,1.53,18.94,5260.0,575.0,22.31,2.2,6.65,64458.0,2708.0,95.28,5.74,2.55,39307.0,2307.0,58.1,2.31,3.57,32092.0,2025.0,47.44,2.18,3.84,3192.0,626.0,4.72,0.9,11.92,32529.0,1648.0,46.57,1.31,3.08,37326.0,1999.0,53.43,1.77,3.26,4121.0,773.0,5.9,1.08,11.4,4100.0,661.0,5.87,0.91,9.8,3814.0,438.0,5.46,0.58,6.98,5376.0,710.0,7.7,0.96,8.03,4499.0,550.0,6.44,0.74,7.43,9690.0,978.0,13.87,1.27,6.14,7517.0,785.0,10.76,1.03,6.35,8745.0,757.0,12.52,0.95,5.26,4651.0,484.0,6.66,0.63,6.33,4703.0,700.0,6.73,0.96,9.05,6023.0,605.0,8.62,0.79,6.11,4365.0,690.0,6.25,0.95,9.61,2251.0,486.0,3.22,0.68,13.12,15741.0,1339.0,22.53,1.67,5.17,54114.0,2406.0,77.47,1.1,2.7,12639.0,1070.0,18.09,1.33,5.15,5251.0,833.0,7.52,1.15,9.64,8760.0,980.0,12.54,1.3,6.8,39845.0,2716.0,57.04,3.06,4.14,453.0,269.0,0.65,0.38,36.1,4407.0,814.0,6.31,1.13,11.23,43.0,102.0,0.06,0.15,144.2,11096.0,1568.0,15.88,2.14,8.59,19150.0,1775.0,27.41,2.26,5.63,50705.0,2912.0,72.59,2.83,3.49,5726.0,713.0,8.2,0.96,7.57,37833.0,2748.0,54.16,3.21,4.42,223.0,180.0,0.32,0.26,49.07,4376.0,815.0,6.26,1.14,11.32,43.0,102.0,0.06,0.15,144.2,827.0,428.0,1.18,0.61,31.46,1677.0,534.0,2.4,0.76,19.36
10470,10470,10470,6625.0,498.0,100,,4.57,1414.0,345.0,21.34,4.95,14.83,2779.0,554.0,17.86,3.25,12.12,512.0,252.0,18.42,8.29,29.92,195.0,142.0,7.02,4.91,44.27,645.0,187.0,23.21,4.89,17.62,446.0,177.0,16.05,5.51,24.13,981.0,279.0,35.3,7.16,17.29,12190.0,981.0,78.35,8.94,4.89,623.0,244.0,5.11,1.96,23.81,1024.0,354.0,8.4,2.82,21.02,3393.0,456.0,27.83,3.0,8.17,4971.0,661.0,40.78,4.32,8.08,13121.0,1038.0,84.34,9.54,4.81,349.0,135.0,2.66,1.01,23.51,15530.0,1259.0,99.82,0.49,4.93,2465.0,521.0,15.87,3.1,12.85,2426.0,486.0,15.59,2.86,12.18,61.0,49.0,2.51,1.96,48.83,9936.0,915.0,63.86,2.81,5.6,1260.0,391.0,12.68,3.76,18.86,3168.0,481.0,20.36,2.62,9.23,1144.0,318.0,36.11,8.41,16.9,15241.0,1219.0,97.96,11.15,4.86,13261.0,1098.0,87.01,1.86,5.03,1785.0,504.0,11.71,3.17,17.16,195.0,164.0,1.28,1.07,51.13,15558.0,1259.0,100,,4.92,10517.0,1033.0,67.6,3.76,5.97,9808.0,963.0,63.04,3.51,5.97,709.0,284.0,4.56,1.79,24.35,5041.0,753.0,32.4,4.07,9.08,3462.0,594.0,68.68,5.8,10.43,1579.0,460.0,31.32,7.83,17.71,1157.0,348.0,22.95,5.99,18.28,77.0,66.0,1.53,1.29,52.11,469.0,270.0,9.3,5.17,35.0,0.0,,0.0,,,3338.0,708.0,66.22,9.97,12.89,0.0,,0.0,,,14363.0,1141.0,92.32,10.47,4.83,10382.0,909.0,72.28,2.66,5.32,993.0,255.0,6.91,1.69,15.61,2384.0,575.0,16.6,3.78,14.66,6230.0,510.0,94.04,3.05,4.98,5777.0,532.0,87.2,4.64,5.6,13294.0,1042.0,85.45,9.63,4.76,8359.0,718.0,62.88,2.21,5.22,7925.0,728.0,59.61,2.86,5.58,434.0,188.0,3.26,1.39,26.33,0.0,,0.0,,,4935.0,671.0,37.12,4.12,8.27,,,5.19,2.2,26.33,7523.0,721.0,48.35,2.48,5.83,2711.0,486.0,36.04,5.46,10.9,209.0,139.0,2.78,1.83,40.43,3377.0,507.0,44.89,5.19,9.13,127.0,63.0,1.69,0.82,30.16,756.0,271.0,10.05,3.47,21.79,7925.0,728.0,50.94,2.21,5.58,12.0,18.0,0.15,0.23,91.19,434.0,177.0,5.48,2.18,24.79,197.0,110.0,2.49,1.37,33.94,201.0,123.0,2.54,1.53,37.2,503.0,229.0,6.35,2.83,27.68,691.0,272.0,8.72,3.34,23.93,159.0,88.0,2.01,1.1,33.64,390.0,172.0,4.92,2.12,26.81,1138.0,267.0,14.36,3.1,14.26,2457.0,346.0,31.0,3.31,8.56,875.0,310.0,11.04,3.78,21.54,376.0,188.0,4.74,2.33,30.4,492.0,191.0,6.21,2.34,23.6,282.0,158.0,4.26,2.36,34.06,144.0,95.0,2.17,1.42,40.1,425.0,172.0,6.42,2.55,24.6,434.0,216.0,6.55,3.22,30.26,476.0,154.0,7.18,2.26,19.67,1363.0,423.0,20.57,6.19,18.87,799.0,209.0,12.06,3.02,15.9,1146.0,238.0,17.3,3.35,12.62,568.0,208.0,8.57,3.07,22.26,988.0,277.0,14.91,4.03,17.04,5030.0,466.0,75.92,4.11,5.63,2184.0,321.0,32.97,4.16,8.93,2173.0,442.0,32.8,6.2,12.37,290.0,142.0,4.38,2.12,29.77,301.0,174.0,4.54,2.6,35.14,920.0,295.0,13.89,4.33,19.49,14734.0,1214.0,94.87,1.4,5.01,10391.0,1033.0,66.91,3.85,6.04,6048.0,845.0,38.94,4.43,8.49,796.0,235.0,5.13,1.46,17.95,7499.0,880.0,48.2,4.1,7.13,8059.0,705.0,51.8,1.72,5.32,1195.0,338.0,7.68,2.08,17.19,484.0,210.0,3.11,1.33,26.38,497.0,210.0,3.19,1.32,25.69,486.0,156.0,3.12,0.97,19.51,706.0,265.0,4.54,1.66,22.82,2898.0,568.0,18.63,3.33,11.91,2227.0,383.0,14.31,2.17,10.45,1555.0,336.0,9.99,2.0,13.14,1086.0,321.0,6.98,1.98,17.97,1253.0,258.0,8.05,1.52,12.52,1510.0,349.0,9.71,2.1,14.05,1142.0,306.0,7.34,1.87,16.29,519.0,171.0,3.34,1.07,20.03,2437.0,486.0,15.66,2.86,12.12,13121.0,1038.0,84.34,9.54,4.81,3171.0,481.0,20.38,2.61,9.22,1341.0,481.0,8.62,3.01,21.8,6499.0,742.0,41.77,3.36,6.94,5290.0,1035.0,34.0,6.06,11.89,187.0,130.0,1.2,0.83,42.26,410.0,270.0,2.64,1.72,40.03,0.0,,0.0,,,1831.0,561.0,11.77,3.48,18.63,3700.0,736.0,23.78,4.32,12.09,11858.0,1150.0,76.22,4.07,5.9,5941.0,675.0,38.19,3.05,6.91,4642.0,1012.0,29.84,6.04,13.25,27.0,43.0,0.17,0.28,96.81,410.0,270.0,2.64,1.72,40.03,0.0,,0.0,,,325.0,217.0,2.09,1.38,40.59,513.0,363.0,3.3,2.32,43.02
11102,11102,11102,13176.0,768.0,100,,3.54,2363.0,395.0,17.93,2.81,10.16,4812.0,533.0,16.97,1.61,6.73,399.0,140.0,8.29,2.76,21.33,205.0,127.0,4.26,2.6,37.66,1419.0,216.0,29.49,3.08,9.25,929.0,275.0,19.31,5.3,17.99,1860.0,305.0,38.65,4.67,9.97,22497.0,1317.0,79.36,0.94,3.56,1666.0,366.0,7.41,1.57,13.35,603.0,187.0,2.68,0.82,18.85,3379.0,436.0,15.02,1.73,7.84,13086.0,1018.0,58.17,2.98,4.73,24266.0,1417.0,85.6,0.95,3.55,150.0,72.0,0.62,0.29,29.18,28103.0,1625.0,99.13,0.75,3.52,2702.0,416.0,9.61,1.37,9.36,4083.0,528.0,14.4,1.67,7.86,181.0,127.0,4.43,3.06,42.65,20600.0,1368.0,72.67,2.44,4.04,1375.0,323.0,6.67,1.5,14.28,3420.0,436.0,12.06,1.37,7.75,1146.0,271.0,33.51,6.67,14.38,28001.0,1601.0,98.77,8.0,3.48,24765.0,1385.0,88.44,7.07,3.4,3021.0,726.0,10.79,2.52,14.61,215.0,136.0,0.77,0.48,38.45,28349.0,1625.0,100,,3.48,18718.0,1366.0,66.03,2.98,4.44,18097.0,1354.0,63.84,3.07,4.55,621.0,187.0,2.19,0.65,18.31,9631.0,1007.0,33.97,2.97,6.36,5550.0,602.0,57.63,1.66,6.59,4081.0,739.0,42.37,6.26,11.01,2805.0,395.0,29.12,2.75,8.56,2595.0,494.0,26.94,4.29,11.57,189.0,92.0,1.96,0.93,29.59,56.0,70.0,0.58,0.72,75.99,3818.0,760.0,39.64,6.71,12.1,168.0,141.0,1.74,1.45,51.02,26716.0,1465.0,94.24,7.48,3.33,14610.0,1213.0,54.69,3.41,5.05,5057.0,659.0,18.93,2.24,7.92,5524.0,734.0,20.68,2.5,8.08,12596.0,756.0,95.6,1.37,3.65,12362.0,758.0,93.82,1.79,3.73,24704.0,1428.0,87.14,0.65,3.51,17760.0,1317.0,71.89,3.34,4.51,16752.0,1258.0,67.81,3.25,4.57,1008.0,261.0,4.08,1.03,15.74,0.0,,0.0,,,6944.0,591.0,28.11,1.76,5.17,,,5.68,1.41,15.74,16119.0,1213.0,56.86,2.77,4.57,1879.0,353.0,11.66,2.01,11.42,127.0,64.0,0.79,0.39,30.63,8664.0,875.0,53.75,3.62,6.14,874.0,232.0,5.42,1.38,16.14,4126.0,670.0,25.6,3.68,9.87,16752.0,1258.0,59.09,2.87,4.57,0.0,,0.0,,,679.0,228.0,4.05,1.33,20.41,552.0,161.0,3.3,0.93,17.73,315.0,162.0,1.88,0.96,31.26,1199.0,241.0,7.16,1.33,12.22,492.0,159.0,2.94,0.92,19.65,1707.0,401.0,10.19,2.27,14.28,1171.0,301.0,6.99,1.72,15.63,3050.0,553.0,18.21,3.0,11.02,4176.0,532.0,24.93,2.57,7.74,1657.0,355.0,9.89,1.98,13.02,976.0,239.0,5.83,1.36,14.89,778.0,252.0,4.64,1.46,19.69,567.0,173.0,4.3,1.29,18.55,749.0,274.0,5.68,2.05,22.24,556.0,153.0,4.22,1.13,16.73,589.0,165.0,4.47,1.22,17.03,875.0,243.0,6.64,1.8,16.88,1762.0,318.0,13.37,2.28,10.97,1346.0,269.0,10.22,1.95,12.15,2436.0,322.0,18.49,2.19,8.04,2025.0,326.0,15.37,2.31,9.79,2271.0,440.0,17.24,3.18,11.78,11119.0,774.0,84.39,3.21,4.23,2682.0,372.0,20.36,2.56,8.43,1653.0,284.0,12.55,2.03,10.44,691.0,188.0,5.24,1.39,16.54,566.0,190.0,4.3,1.42,20.41,1536.0,355.0,11.66,2.61,14.05,26344.0,1561.0,93.74,1.21,3.6,18952.0,1470.0,67.44,3.49,4.72,9253.0,923.0,32.93,2.68,6.06,1759.0,410.0,6.26,1.41,14.17,14117.0,1003.0,49.8,2.09,4.32,14232.0,1026.0,50.2,2.19,4.38,1633.0,391.0,5.76,1.34,14.56,695.0,163.0,2.45,0.56,14.26,1096.0,191.0,3.87,0.64,10.59,951.0,290.0,3.35,1.0,18.54,1477.0,360.0,5.21,1.23,14.82,6858.0,699.0,24.19,2.04,6.2,5811.0,720.0,20.5,2.25,7.53,3766.0,521.0,13.28,1.67,8.41,832.0,186.0,2.93,0.63,13.59,1583.0,288.0,5.58,0.96,11.06,2273.0,384.0,8.02,1.27,10.27,872.0,242.0,3.08,0.84,16.87,502.0,145.0,1.77,0.5,17.56,4083.0,528.0,14.4,1.67,7.86,24266.0,1417.0,85.6,0.95,3.55,3647.0,435.0,12.86,1.35,7.25,3369.0,749.0,11.88,2.55,13.51,14744.0,1298.0,52.01,3.48,5.35,1833.0,387.0,6.47,1.31,12.83,218.0,109.0,0.77,0.38,30.4,4449.0,701.0,15.69,2.3,9.58,0.0,,0.0,,,3736.0,680.0,13.18,2.28,11.06,7450.0,924.0,26.28,2.89,7.54,20899.0,1497.0,73.72,3.17,4.35,13231.0,1318.0,46.67,3.8,6.06,1674.0,376.0,5.9,1.28,13.65,208.0,110.0,0.73,0.39,32.15,4277.0,695.0,15.09,2.29,9.88,0.0,,0.0,,,295.0,193.0,1.04,0.68,39.77,1214.0,299.0,4.28,1.03,14.97
11109,11109,11109,3638.0,522.0,100,,8.72,1110.0,498.0,30.51,12.97,27.27,1068.0,365.0,14.46,4.38,20.78,241.0,194.0,22.57,16.45,48.93,27.0,42.0,2.53,3.84,94.56,378.0,226.0,35.39,17.36,36.35,66.0,71.0,6.18,6.3,65.4,356.0,189.0,33.33,13.54,32.27,5859.0,778.0,79.3,16.36,8.07,16.0,28.0,0.27,0.48,106.38,0.0,,0.0,,,264.0,170.0,4.51,2.84,39.15,5109.0,793.0,87.2,7.01,9.44,5960.0,776.0,80.67,16.51,7.91,82.0,79.0,1.38,1.31,58.57,7368.0,1167.0,99.73,1.33,9.63,204.0,113.0,2.77,1.47,33.67,1408.0,568.0,19.06,7.08,24.52,0.0,,0.0,,,5589.0,688.0,75.65,15.14,7.48,134.0,97.0,2.4,1.71,44.0,371.0,195.0,5.02,2.52,31.95,70.0,62.0,18.87,13.45,53.84,7015.0,1039.0,94.95,20.55,9.0,5466.0,1095.0,77.92,10.51,12.18,1203.0,365.0,17.15,4.54,18.44,346.0,296.0,4.93,4.16,52.01,7388.0,1166.0,100,,9.59,4651.0,813.0,62.95,4.73,10.63,4564.0,813.0,61.78,5.1,10.83,87.0,76.0,1.18,1.01,53.1,2737.0,763.0,37.05,8.51,16.95,614.0,373.0,22.43,12.11,36.93,2123.0,667.0,77.57,11.24,19.1,860.0,431.0,31.42,13.09,30.47,1484.0,555.0,54.22,13.52,22.73,0.0,,0.0,,,41.0,48.0,1.5,1.7,71.17,289.0,163.0,10.56,5.18,34.29,63.0,103.0,2.3,3.71,99.39,6468.0,929.0,87.55,18.68,8.73,3735.0,624.0,57.75,4.93,10.16,833.0,349.0,12.88,5.07,25.47,330.0,188.0,5.1,2.81,34.63,3638.0,522.0,100.0,0.0,8.72,3534.0,538.0,97.14,4.94,9.25,6046.0,788.0,81.84,16.75,7.92,5026.0,652.0,83.13,15.29,7.89,4902.0,672.0,81.08,3.45,8.33,104.0,92.0,1.72,1.51,53.78,20.0,34.0,0.33,0.56,103.34,1020.0,290.0,16.87,4.26,17.28,,,2.07,1.81,53.78,4715.0,625.0,63.82,13.15,8.06,542.0,227.0,11.5,4.57,25.46,12.0,22.0,0.25,0.47,111.45,2592.0,403.0,54.97,4.47,9.45,28.0,40.0,0.59,0.84,86.84,1304.0,434.0,27.66,8.44,20.23,4902.0,672.0,66.35,13.87,8.33,0.0,,0.0,,,65.0,76.0,1.33,1.54,71.08,86.0,103.0,1.75,2.09,72.81,129.0,118.0,2.63,2.38,55.61,353.0,223.0,7.2,4.44,38.4,80.0,70.0,1.63,1.41,53.19,195.0,118.0,3.98,2.34,36.79,1090.0,380.0,22.24,7.13,21.19,1656.0,484.0,33.78,8.72,17.77,698.0,245.0,14.24,4.6,21.34,335.0,186.0,6.83,3.68,33.75,96.0,138.0,1.96,2.8,87.39,119.0,95.0,2.43,1.91,48.53,15.0,24.0,0.41,0.66,97.26,15.0,25.0,0.41,0.68,101.32,15.0,26.0,0.41,0.71,105.37,369.0,346.0,10.14,9.4,57.0,40.0,60.0,1.1,1.64,91.19,158.0,107.0,4.34,2.87,41.17,153.0,116.0,4.21,3.13,46.09,576.0,224.0,15.83,5.72,23.64,505.0,216.0,13.88,5.59,26.0,1792.0,386.0,49.26,7.91,13.09,3470.0,555.0,95.38,6.74,9.72,383.0,322.0,10.53,8.72,51.11,211.0,118.0,5.8,3.13,34.0,39.0,64.0,1.07,1.75,99.76,16.0,28.0,0.44,0.77,106.38,0.0,,0.0,,,7157.0,1176.0,97.14,4.25,9.99,6933.0,1203.0,94.1,6.67,10.55,444.0,213.0,6.03,2.73,29.16,211.0,127.0,2.86,1.66,36.59,4020.0,564.0,54.41,11.49,8.53,3368.0,760.0,45.59,7.35,13.72,920.0,464.0,12.45,5.97,30.66,422.0,230.0,5.71,2.98,33.13,0.0,,0.0,,,66.0,71.0,0.89,0.95,65.4,121.0,140.0,1.64,1.88,70.34,2185.0,423.0,29.57,3.32,11.77,2103.0,587.0,28.47,6.55,16.97,694.0,316.0,9.39,4.01,27.68,263.0,165.0,3.56,2.16,38.14,243.0,168.0,3.29,2.21,42.03,245.0,189.0,3.32,2.5,46.9,24.0,40.0,0.32,0.54,101.32,102.0,70.0,1.38,0.92,41.72,1408.0,568.0,19.06,7.08,24.52,5980.0,775.0,80.94,16.53,7.88,371.0,195.0,5.02,2.52,31.95,585.0,310.0,7.92,4.01,32.21,4554.0,700.0,61.64,13.58,9.34,48.0,55.0,0.65,0.74,69.66,0.0,,0.0,,,2059.0,826.0,27.87,10.28,24.39,0.0,,0.0,,,142.0,115.0,1.92,1.53,49.23,375.0,191.0,5.08,2.46,30.96,7013.0,1162.0,94.92,4.79,10.07,4420.0,704.0,59.83,1.28,9.68,48.0,55.0,0.65,0.74,69.66,0.0,,0.0,,,2059.0,826.0,27.87,10.28,24.39,0.0,,0.0,,,15.0,26.0,0.2,0.35,105.37,471.0,293.0,6.38,3.84,37.82
10471,10471,10471,9205.0,495.0,100,,3.27,2172.0,292.0,23.6,2.91,8.17,6225.0,798.0,26.6,2.99,7.79,343.0,157.0,5.51,2.42,27.83,65.0,51.0,1.04,0.81,47.7,1691.0,347.0,27.16,4.35,12.47,1358.0,584.0,21.82,8.96,26.14,2768.0,366.0,44.47,1.44,8.04,16740.0,947.0,71.54,5.99,3.44,495.0,134.0,2.96,0.78,16.46,591.0,176.0,3.53,1.03,18.1,2707.0,400.0,16.17,2.21,8.98,9791.0,854.0,58.49,3.88,5.3,19149.0,998.0,81.83,6.61,3.17,934.0,311.0,4.88,1.6,20.24,22193.0,1443.0,94.84,1.94,3.95,3002.0,476.0,13.53,1.96,9.64,4231.0,647.0,18.08,2.53,9.3,109.0,87.0,2.58,2.02,48.52,12459.0,853.0,53.24,1.58,4.16,1218.0,319.0,9.78,2.47,15.92,5503.0,555.0,23.52,1.88,6.13,1675.0,388.0,30.44,6.35,14.08,23097.0,1456.0,98.71,1.27,3.83,20927.0,1534.0,90.6,3.39,4.46,1973.0,410.0,8.54,1.69,12.63,197.0,125.0,0.85,0.54,38.57,23400.0,1444.0,100,,3.75,18615.0,1336.0,79.55,2.92,4.36,17858.0,1224.0,76.32,2.28,4.17,757.0,270.0,3.24,1.14,21.68,4785.0,647.0,20.45,2.46,8.22,3290.0,530.0,68.76,6.02,9.79,1495.0,353.0,31.24,6.05,14.35,1514.0,387.0,31.64,6.86,15.54,760.0,232.0,15.88,4.35,18.56,102.0,70.0,2.13,1.43,41.72,48.0,43.0,1.0,0.89,54.46,2279.0,491.0,47.63,7.99,13.1,82.0,72.0,1.71,1.49,53.38,22355.0,1438.0,95.53,1.73,3.91,14426.0,1284.0,64.53,3.97,5.41,2233.0,451.0,9.99,1.91,12.28,4709.0,675.0,21.06,2.7,8.71,8759.0,494.0,95.15,1.62,3.43,8475.0,506.0,92.07,2.39,3.63,19867.0,1295.0,84.9,1.78,3.96,10550.0,809.0,53.1,2.14,4.66,9824.0,791.0,49.45,2.34,4.89,726.0,203.0,3.65,0.99,17.0,0.0,,0.0,,,9317.0,818.0,46.9,2.76,5.34,,,6.88,1.85,17.0,9649.0,793.0,41.24,2.24,5.0,3114.0,484.0,32.27,4.26,9.45,310.0,146.0,3.21,1.49,28.63,3299.0,548.0,34.19,4.94,10.1,546.0,133.0,5.66,1.3,14.81,2034.0,372.0,21.08,3.44,11.12,9824.0,791.0,41.98,2.17,4.89,0.0,,0.0,,,311.0,170.0,3.17,1.71,33.23,356.0,152.0,3.62,1.52,25.96,116.0,67.0,1.18,0.68,35.11,621.0,195.0,6.32,1.92,19.09,328.0,162.0,3.34,1.63,30.02,161.0,87.0,1.64,0.88,32.85,1126.0,328.0,11.46,3.21,17.71,1520.0,260.0,15.47,2.34,10.4,3814.0,522.0,38.82,4.3,8.32,588.0,159.0,5.99,1.55,16.44,405.0,170.0,4.12,1.7,25.52,478.0,182.0,4.87,1.81,23.15,261.0,99.0,2.84,1.06,23.06,160.0,96.0,1.74,1.04,36.47,206.0,98.0,2.24,1.06,28.92,611.0,239.0,6.64,2.57,23.78,726.0,315.0,7.89,3.4,26.38,1064.0,193.0,11.56,2.0,11.03,1108.0,271.0,12.04,2.87,14.87,2036.0,351.0,22.12,3.62,10.48,1159.0,283.0,12.59,3.0,14.84,1874.0,327.0,20.36,3.38,10.61,6439.0,444.0,69.95,3.02,4.19,3669.0,353.0,39.86,3.18,5.85,3128.0,389.0,33.98,3.81,7.56,224.0,92.0,2.43,0.99,24.97,191.0,118.0,2.07,1.28,37.56,515.0,167.0,5.59,1.79,19.71,21360.0,1405.0,96.25,0.96,4.0,17088.0,1446.0,77.0,4.17,5.14,8015.0,935.0,36.11,3.5,7.09,833.0,225.0,3.75,0.98,16.42,11056.0,810.0,47.25,1.87,4.45,12344.0,944.0,52.75,2.38,4.65,1045.0,290.0,4.47,1.21,16.87,866.0,221.0,3.7,0.92,15.51,1255.0,301.0,5.36,1.24,14.58,2224.0,598.0,9.5,2.49,16.35,1270.0,327.0,5.43,1.36,15.65,2228.0,415.0,9.52,1.67,11.32,2459.0,410.0,10.51,1.63,10.14,2599.0,329.0,11.11,1.23,7.7,1456.0,339.0,6.22,1.4,14.15,1486.0,244.0,6.35,0.97,9.98,3027.0,406.0,12.94,1.54,8.15,2032.0,385.0,8.68,1.56,11.52,1453.0,326.0,6.21,1.34,13.64,4251.0,646.0,18.17,2.52,9.24,19149.0,998.0,81.83,6.61,3.17,6512.0,562.0,27.83,1.68,5.25,3655.0,1070.0,15.62,4.47,17.8,13377.0,1101.0,57.17,3.11,5.0,2076.0,429.0,8.87,1.75,12.56,192.0,117.0,0.82,0.5,37.04,1069.0,289.0,4.57,1.2,16.43,0.0,,0.0,,,3031.0,728.0,12.95,3.01,14.6,7304.0,1092.0,31.21,4.25,9.09,16096.0,1016.0,68.79,0.91,3.84,12301.0,1105.0,52.57,3.43,5.46,1732.0,378.0,7.4,1.55,13.27,13.0,21.0,0.06,0.09,98.2,914.0,291.0,3.91,1.22,19.35,0.0,,0.0,,,232.0,173.0,0.99,0.74,45.33,904.0,272.0,3.86,1.14,18.29
10472,10472,10472,21950.0,750.0,100,,2.08,8218.0,562.0,37.44,2.22,4.16,16906.0,1258.0,26.49,1.64,4.52,988.0,320.0,5.84,1.84,19.69,1030.0,297.0,6.09,1.7,17.53,7605.0,735.0,44.98,2.77,5.88,3762.0,510.0,22.25,2.52,8.24,3521.0,552.0,20.83,2.87,9.53,40000.0,1781.0,62.68,1.06,2.71,7034.0,896.0,17.58,2.1,7.74,5269.0,599.0,13.17,1.38,6.91,13312.0,1169.0,33.28,2.52,5.34,5449.0,712.0,13.62,1.67,7.94,46620.0,1922.0,73.05,0.17,2.51,781.0,228.0,1.68,0.48,17.75,63628.0,2627.0,99.7,0.32,2.51,7551.0,636.0,11.87,0.87,5.12,17195.0,1245.0,26.94,1.6,4.4,768.0,244.0,4.47,1.38,19.31,38487.0,1696.0,60.31,0.95,2.68,3800.0,408.0,9.87,0.97,6.53,7946.0,681.0,12.45,0.94,5.21,2983.0,405.0,37.54,3.95,8.25,62699.0,2564.0,98.24,5.7,2.49,58844.0,2700.0,93.85,1.95,2.79,3278.0,705.0,5.23,1.1,13.07,577.0,255.0,0.92,0.4,26.87,63820.0,2627.0,100,,2.5,38202.0,2402.0,59.86,2.85,3.82,33165.0,2193.0,51.97,2.69,4.02,5037.0,814.0,7.89,1.23,9.82,25618.0,1712.0,40.14,2.11,4.06,10647.0,1023.0,41.56,2.87,5.84,14971.0,1455.0,58.44,4.12,5.91,184.0,156.0,0.72,0.61,51.54,3617.0,699.0,14.12,2.56,11.75,2057.0,585.0,8.03,2.22,17.29,0.0,,0.0,,,19735.0,1556.0,77.04,3.22,4.79,25.0,39.0,0.1,0.15,94.83,58899.0,2445.0,92.29,0.5,2.52,21063.0,1865.0,35.76,2.8,5.38,18379.0,1394.0,31.2,1.98,4.61,30555.0,1918.0,51.88,2.44,3.82,20000.0,768.0,91.12,1.6,2.33,17469.0,783.0,79.59,2.31,2.72,48405.0,1946.0,75.85,4.36,2.44,25484.0,1498.0,52.65,2.26,3.57,23062.0,1395.0,47.64,2.15,3.68,2422.0,411.0,5.0,0.82,10.32,0.0,,0.0,,,22921.0,1315.0,47.35,1.94,3.49,,,9.5,1.51,10.32,22397.0,1440.0,35.09,1.73,3.91,4947.0,656.0,22.09,2.56,8.06,799.0,270.0,3.57,1.18,20.54,13356.0,1128.0,59.63,3.27,5.13,1480.0,306.0,6.61,1.3,12.57,1388.0,369.0,6.2,1.6,16.16,23062.0,1395.0,36.14,1.6,3.68,0.0,,0.0,,,2492.0,615.0,10.81,2.59,15.0,605.0,202.0,2.62,0.86,20.3,376.0,156.0,1.63,0.67,25.22,3261.0,551.0,14.14,2.23,10.27,2261.0,459.0,9.8,1.9,12.34,190.0,112.0,0.82,0.48,35.83,1285.0,301.0,5.57,1.26,14.24,1738.0,338.0,7.54,1.39,11.82,6153.0,672.0,26.68,2.43,6.64,2789.0,452.0,12.09,1.82,9.85,1205.0,279.0,5.23,1.17,14.08,707.0,228.0,3.07,0.97,19.6,3212.0,493.0,14.63,2.19,9.33,1657.0,325.0,7.55,1.46,11.92,2586.0,400.0,11.78,1.78,9.4,1925.0,350.0,8.77,1.57,11.05,3009.0,434.0,13.71,1.92,8.77,3625.0,490.0,16.51,2.16,8.22,1998.0,394.0,9.1,1.77,11.99,2163.0,390.0,9.85,1.74,10.96,815.0,229.0,3.71,1.04,17.08,960.0,265.0,4.37,1.2,16.78,15048.0,831.0,68.56,2.97,3.36,5626.0,530.0,25.63,2.25,5.73,3075.0,444.0,14.01,1.97,8.78,2831.0,386.0,12.9,1.7,8.29,2140.0,399.0,9.75,1.79,11.33,8479.0,588.0,38.63,2.33,4.22,55498.0,2343.0,87.22,0.77,2.57,20692.0,1780.0,32.52,2.45,5.23,39393.0,1922.0,61.91,1.61,2.97,8130.0,1289.0,12.78,1.96,9.64,31689.0,1790.0,49.65,1.92,3.43,32131.0,1676.0,50.35,1.61,3.17,4921.0,596.0,7.71,0.88,7.36,4239.0,548.0,6.64,0.81,7.86,5162.0,595.0,8.09,0.87,7.01,4700.0,639.0,7.36,0.95,8.26,4798.0,544.0,7.52,0.79,6.89,9764.0,893.0,15.3,1.25,5.56,8575.0,853.0,13.44,1.22,6.05,6860.0,707.0,10.75,1.02,6.27,3804.0,492.0,5.96,0.73,7.86,2899.0,421.0,4.54,0.63,8.83,4767.0,520.0,7.47,0.75,6.63,2284.0,385.0,3.58,0.58,10.25,1047.0,290.0,1.64,0.45,16.84,17200.0,1246.0,26.95,1.61,4.4,46620.0,1922.0,73.05,0.17,2.51,8098.0,684.0,12.69,0.94,5.13,5726.0,995.0,8.97,1.51,10.56,4455.0,845.0,6.98,1.29,11.53,17362.0,2020.0,27.2,2.96,7.07,776.0,476.0,1.22,0.74,37.29,5164.0,909.0,8.09,1.38,10.7,51.0,93.0,0.08,0.15,110.85,30286.0,2409.0,47.46,3.23,4.84,39427.0,2121.0,61.78,2.14,3.27,24393.0,1930.0,38.22,2.58,4.81,1148.0,377.0,1.8,0.59,19.96,14613.0,1631.0,22.9,2.38,6.78,60.0,73.0,0.09,0.11,73.96,5086.0,905.0,7.97,1.38,10.82,43.0,91.0,0.07,0.14,128.65,1897.0,703.0,2.97,1.09,22.53,1546.0,463.0,2.42,0.72,18.21
10473,10473,10473,22734.0,950.0,100,,2.54,7244.0,841.0,31.86,3.45,7.06,14351.0,1432.0,24.01,2.1,6.07,1131.0,463.0,7.88,3.13,24.89,622.0,271.0,4.33,1.84,26.49,5848.0,667.0,40.75,2.25,6.93,3089.0,643.0,21.52,3.93,12.65,3661.0,658.0,25.51,3.81,10.93,40712.0,1736.0,68.11,4.37,2.59,4901.0,865.0,12.04,2.06,10.73,5369.0,923.0,13.19,2.2,10.45,9997.0,895.0,24.56,1.93,5.44,9700.0,1028.0,23.83,2.31,6.44,46763.0,2120.0,78.23,5.17,2.76,1649.0,344.0,3.53,0.72,12.68,59540.0,2857.0,99.6,6.76,2.92,12632.0,935.0,21.22,1.2,4.5,12982.0,1272.0,21.72,1.85,5.96,849.0,231.0,6.54,1.66,16.54,35794.0,2124.0,59.88,2.09,3.61,6304.0,749.0,17.61,1.81,7.22,10764.0,999.0,18.01,1.43,5.64,5479.0,571.0,50.9,2.41,6.34,58986.0,2842.0,98.68,0.38,2.93,56062.0,2727.0,95.04,0.64,2.96,2598.0,771.0,4.4,1.29,18.04,326.0,212.0,0.55,0.36,39.53,59778.0,2871.0,100,,2.92,46123.0,3052.0,77.16,3.51,4.02,39833.0,3030.0,66.63,3.93,4.62,6290.0,937.0,10.52,1.48,9.06,13655.0,1602.0,22.84,2.45,7.13,9056.0,1162.0,66.32,3.45,7.8,4599.0,828.0,33.68,4.6,10.94,308.0,163.0,2.26,1.16,32.17,869.0,499.0,6.36,3.58,34.91,1456.0,394.0,10.66,2.6,16.45,0.0,,0.0,,,11022.0,1544.0,80.72,6.18,8.52,0.0,,0.0,,,56170.0,2586.0,93.96,6.25,2.8,28463.0,2257.0,50.67,3.27,4.82,11298.0,1327.0,20.11,2.17,7.14,25106.0,2079.0,44.7,3.08,5.03,20901.0,1009.0,91.94,2.22,2.93,19185.0,1044.0,84.39,2.94,3.31,48193.0,2269.0,80.62,5.42,2.86,26441.0,2100.0,54.86,3.51,4.83,23324.0,1870.0,48.4,3.14,4.87,3085.0,696.0,6.4,1.41,13.71,32.0,52.0,0.07,0.11,98.78,21752.0,1684.0,45.14,2.77,4.71,,,11.67,2.46,13.71,22825.0,1816.0,38.18,2.42,4.84,9241.0,1115.0,40.49,3.67,7.33,1115.0,336.0,4.88,1.42,18.32,9367.0,951.0,41.04,2.59,6.17,1262.0,388.0,5.53,1.64,18.69,1159.0,365.0,5.08,1.55,19.14,23324.0,1870.0,39.02,2.5,4.87,0.0,,0.0,,,834.0,318.0,3.58,1.33,23.18,455.0,206.0,1.95,0.87,27.52,234.0,115.0,1.0,0.49,29.88,2707.0,638.0,11.61,2.57,14.33,2079.0,578.0,8.91,2.37,16.9,307.0,149.0,1.32,0.63,29.5,1533.0,534.0,6.57,2.23,21.18,2120.0,549.0,9.09,2.24,15.74,9242.0,1075.0,39.62,3.34,7.07,1753.0,478.0,7.52,1.96,16.58,707.0,271.0,3.03,1.14,23.3,1353.0,343.0,5.8,1.4,15.41,2355.0,558.0,10.36,2.42,14.4,2367.0,507.0,10.41,2.19,13.02,2285.0,503.0,10.05,2.17,13.38,1726.0,395.0,7.59,1.71,13.91,2551.0,577.0,11.22,2.49,13.75,3483.0,579.0,15.32,2.47,10.11,2503.0,572.0,11.01,2.47,13.89,2878.0,595.0,12.66,2.56,12.57,1397.0,398.0,6.14,1.73,17.32,1189.0,219.0,5.23,0.94,11.2,15138.0,1107.0,66.59,4.0,4.45,8388.0,703.0,36.9,2.68,5.09,5916.0,496.0,26.02,1.89,5.1,3467.0,584.0,15.25,2.49,10.24,1706.0,386.0,7.5,1.67,13.75,7870.0,785.0,34.62,3.14,6.06,56652.0,2625.0,95.15,6.35,2.82,31051.0,2116.0,52.15,2.52,4.14,32415.0,2265.0,54.44,2.77,4.25,2888.0,848.0,4.85,1.41,17.85,27527.0,1907.0,46.05,2.3,4.21,32251.0,1844.0,53.95,1.67,3.48,3608.0,895.0,6.04,1.47,15.08,3251.0,609.0,5.44,0.98,11.39,3908.0,649.0,6.54,1.04,10.1,3618.0,664.0,6.05,1.07,11.16,4681.0,822.0,7.83,1.32,10.67,8949.0,1232.0,14.97,1.93,8.37,5500.0,690.0,9.2,1.07,7.63,7422.0,852.0,12.42,1.29,6.98,3361.0,481.0,5.62,0.76,8.7,4529.0,678.0,7.58,1.07,9.1,5601.0,813.0,9.37,1.28,8.82,4198.0,528.0,7.02,0.82,7.65,1152.0,474.0,1.93,0.79,25.01,12983.0,1272.0,21.72,1.85,5.96,46795.0,2128.0,78.28,5.18,2.76,10951.0,998.0,18.32,1.42,5.54,6992.0,1394.0,11.7,2.26,12.12,7831.0,1359.0,13.1,2.18,10.55,24534.0,2392.0,41.04,3.48,5.93,412.0,235.0,0.69,0.39,34.67,1454.0,535.0,2.43,0.89,22.37,0.0,,0.0,,,18555.0,2389.0,31.04,3.71,7.83,35424.0,2519.0,59.26,3.11,4.32,24354.0,2148.0,40.74,3.01,5.36,1007.0,305.0,1.68,0.5,18.41,20129.0,2072.0,33.67,3.07,6.26,151.0,139.0,0.25,0.23,55.96,1454.0,535.0,2.43,0.89,22.37,0.0,,0.0,,,658.0,526.0,1.1,0.88,48.6,955.0,423.0,1.6,0.7,26.93
10474,10474,10474,3917.0,283.0,100,,4.39,1586.0,368.0,40.49,8.93,14.11,3158.0,780.0,28.23,6.28,15.01,111.0,86.0,3.51,2.58,47.1,404.0,247.0,12.79,7.15,37.17,1379.0,434.0,43.67,8.52,19.13,613.0,253.0,19.41,6.42,25.09,651.0,275.0,20.61,7.06,25.68,6842.0,715.0,61.15,9.15,6.35,1047.0,325.0,15.3,4.47,18.87,776.0,215.0,11.34,2.91,16.84,2291.0,588.0,33.48,7.85,15.6,1026.0,272.0,15.0,3.65,16.12,8076.0,746.0,72.18,10.21,5.62,164.0,96.0,2.03,1.17,35.58,10799.0,1194.0,96.52,2.66,6.72,2031.0,461.0,18.81,3.73,13.8,3112.0,736.0,27.82,5.87,14.38,187.0,137.0,6.01,4.17,44.54,6593.0,680.0,58.93,8.76,6.27,1388.0,338.0,21.05,4.64,14.8,1094.0,277.0,9.78,2.24,15.39,456.0,199.0,41.68,14.82,26.53,11034.0,1184.0,98.62,0.69,6.52,9725.0,1168.0,88.14,4.75,7.3,1267.0,421.0,11.48,3.61,20.2,42.0,40.0,0.38,0.36,57.9,11188.0,1198.0,100,,6.51,8130.0,1025.0,72.67,4.84,7.66,7137.0,991.0,63.79,5.64,8.44,993.0,298.0,8.88,2.49,18.24,3058.0,750.0,27.33,6.03,14.91,1244.0,325.0,40.68,3.66,15.88,1814.0,696.0,59.32,17.5,23.32,20.0,44.0,0.65,1.43,133.74,32.0,79.0,1.05,2.57,150.08,286.0,208.0,9.35,6.4,44.21,0.0,,0.0,,,2720.0,765.0,88.95,12.24,17.1,0.0,,0.0,,,10449.0,1174.0,93.39,3.18,6.83,5105.0,943.0,48.86,7.16,11.23,2603.0,531.0,24.91,4.24,12.4,4910.0,811.0,46.99,5.69,10.04,3573.0,304.0,91.22,4.1,5.17,3156.0,347.0,80.57,6.68,6.68,8252.0,774.0,73.76,10.5,5.7,5217.0,619.0,63.22,4.59,7.21,4685.0,595.0,56.77,4.86,7.72,532.0,191.0,6.45,2.23,21.83,0.0,,0.0,,,3035.0,576.0,36.78,6.07,11.54,,,10.2,3.46,21.83,4516.0,583.0,40.36,2.91,7.85,797.0,234.0,17.65,4.65,17.85,263.0,158.0,5.82,3.42,36.52,2736.0,605.0,60.58,10.88,13.44,474.0,184.0,10.5,3.84,23.6,199.0,107.0,4.41,2.3,32.69,4685.0,595.0,41.88,2.86,7.72,0.0,,0.0,,,234.0,220.0,4.99,4.65,57.15,135.0,114.0,2.88,2.41,51.33,79.0,59.0,1.69,1.24,45.4,298.0,183.0,6.36,3.82,37.33,389.0,143.0,8.3,2.86,22.35,143.0,106.0,3.05,2.23,45.06,341.0,208.0,7.28,4.34,37.08,788.0,390.0,16.82,8.05,30.09,1426.0,319.0,30.44,5.61,13.6,503.0,210.0,10.74,4.27,25.38,161.0,91.0,3.44,1.89,34.36,188.0,216.0,4.01,4.58,69.84,454.0,168.0,11.59,4.21,22.5,223.0,82.0,5.69,2.05,22.35,489.0,199.0,12.48,5.0,24.74,506.0,245.0,12.92,6.18,29.43,688.0,247.0,17.56,6.18,21.82,614.0,260.0,15.68,6.54,25.74,259.0,138.0,6.61,3.49,32.39,290.0,139.0,7.4,3.51,29.14,272.0,225.0,6.94,5.72,50.29,122.0,103.0,3.11,2.62,51.32,2948.0,320.0,75.26,6.1,6.6,967.0,207.0,24.69,4.97,13.01,610.0,185.0,15.57,4.59,18.44,239.0,102.0,6.1,2.57,25.94,487.0,183.0,12.43,4.58,22.84,1594.0,280.0,40.69,6.52,10.68,10054.0,1110.0,93.1,14.55,6.71,4205.0,871.0,38.94,6.82,12.59,6461.0,973.0,59.83,6.12,9.15,745.0,365.0,6.9,3.29,29.78,5582.0,904.0,49.89,6.06,9.84,5606.0,743.0,50.11,3.91,8.06,739.0,253.0,6.61,2.15,20.81,1127.0,396.0,10.07,3.37,21.36,863.0,327.0,7.71,2.8,23.03,561.0,236.0,5.01,2.04,25.57,1056.0,348.0,9.44,2.94,20.03,1688.0,373.0,15.09,2.92,13.43,2048.0,627.0,18.31,5.25,18.61,1034.0,254.0,9.24,2.04,14.93,621.0,214.0,5.55,1.82,20.95,347.0,150.0,3.1,1.3,26.28,685.0,262.0,6.12,2.25,23.25,365.0,139.0,3.26,1.19,23.15,54.0,61.0,0.48,0.54,68.67,3112.0,736.0,27.82,5.87,14.38,8076.0,746.0,72.18,10.21,5.62,1104.0,281.0,9.87,2.28,15.47,1974.0,979.0,17.64,8.54,30.15,741.0,358.0,6.62,3.12,29.37,3439.0,640.0,30.74,4.68,11.31,118.0,83.0,1.05,0.73,42.76,46.0,76.0,0.41,0.68,100.44,154.0,231.0,1.38,2.06,91.19,4716.0,817.0,42.15,5.74,10.53,7994.0,1093.0,71.45,6.07,8.31,3194.0,583.0,28.55,4.22,11.1,204.0,100.0,1.82,0.87,29.8,2764.0,555.0,24.71,4.2,12.21,58.0,64.0,0.52,0.57,67.08,18.0,58.0,0.16,0.52,195.88,0.0,,0.0,,,86.0,113.0,0.77,1.01,79.88,64.0,64.0,0.57,0.57,60.79
11103,11103,11103,16211.0,704.0,100,,2.64,2484.0,334.0,15.32,1.95,8.17,6163.0,685.0,17.43,1.73,6.76,324.0,108.0,5.26,1.65,20.26,282.0,153.0,4.58,2.43,32.98,1905.0,373.0,30.91,4.98,11.9,1063.0,255.0,17.25,3.67,14.58,2589.0,440.0,42.01,5.4,10.33,28416.0,1365.0,80.37,5.58,2.92,2174.0,564.0,7.65,1.95,15.77,826.0,193.0,2.91,0.66,14.2,5578.0,514.0,19.63,1.54,5.6,14881.0,883.0,52.37,1.82,3.61,30664.0,1557.0,86.73,0.69,3.09,368.0,127.0,1.2,0.41,20.98,35356.0,1773.0,100.0,0.04,3.05,2865.0,407.0,8.1,1.08,8.64,4692.0,587.0,13.27,1.52,7.61,141.0,71.0,3.01,1.47,30.61,26434.0,1431.0,74.76,1.52,3.29,1573.0,358.0,5.95,1.32,13.84,4230.0,443.0,11.96,1.1,6.37,1151.0,207.0,27.21,3.98,10.93,34965.0,1759.0,98.89,0.4,3.06,30366.0,1751.0,86.85,2.45,3.51,4429.0,584.0,12.67,1.54,8.02,170.0,83.0,0.49,0.24,29.68,35357.0,1773.0,100,,3.05,21967.0,1492.0,62.13,2.85,4.13,21168.0,1497.0,59.87,2.99,4.3,799.0,177.0,2.26,0.49,13.47,13390.0,1115.0,37.87,2.52,5.06,7432.0,643.0,55.5,1.3,5.26,5958.0,882.0,44.5,5.45,9.0,4903.0,688.0,36.62,4.14,8.53,3020.0,581.0,22.55,3.91,11.7,511.0,182.0,3.82,1.32,21.65,8.0,15.0,0.06,0.11,113.98,4867.0,786.0,36.35,5.03,9.82,81.0,48.0,0.6,0.35,36.02,33858.0,1701.0,95.76,0.29,3.05,16378.0,1124.0,48.37,2.26,4.17,6517.0,781.0,19.25,2.09,7.29,6976.0,984.0,20.6,2.72,8.57,15461.0,735.0,95.37,1.84,2.89,15290.0,737.0,94.32,1.97,2.93,31209.0,1637.0,88.27,1.36,3.19,23511.0,1246.0,75.33,0.57,3.22,21722.0,1218.0,69.6,1.38,3.41,1788.0,261.0,5.73,0.78,8.87,1.0,,0.0,,,7698.0,742.0,24.67,1.99,5.86,,,7.6,1.03,8.87,21242.0,1223.0,60.08,1.7,3.5,2808.0,468.0,13.22,2.07,10.13,727.0,274.0,3.42,1.27,22.91,12422.0,1010.0,58.48,3.36,4.94,1168.0,209.0,5.5,0.93,10.88,3461.0,525.0,16.29,2.29,9.22,21722.0,1218.0,61.44,1.54,3.41,69.0,113.0,0.32,0.52,99.56,928.0,196.0,4.27,0.87,12.84,308.0,103.0,1.42,0.47,20.33,404.0,151.0,1.86,0.69,22.72,1349.0,245.0,6.21,1.07,11.04,1182.0,308.0,5.44,1.38,15.84,1706.0,319.0,7.85,1.4,11.37,2128.0,426.0,9.8,1.88,12.17,3899.0,444.0,17.95,1.78,6.92,4730.0,541.0,21.78,2.17,6.95,2972.0,386.0,13.68,1.6,7.9,1515.0,329.0,6.97,1.46,13.2,532.0,242.0,2.45,1.11,27.65,778.0,215.0,4.8,1.31,16.8,329.0,119.0,2.03,0.73,21.99,607.0,159.0,3.74,0.97,15.92,898.0,192.0,5.54,1.16,13.0,1045.0,228.0,6.45,1.38,13.26,2851.0,516.0,17.59,3.09,11.0,2225.0,319.0,13.73,1.88,8.72,3258.0,369.0,20.1,2.1,6.89,1850.0,329.0,11.41,1.97,10.81,2370.0,437.0,14.62,2.62,11.21,14197.0,699.0,87.58,2.03,2.99,3063.0,376.0,18.89,2.17,7.46,2248.0,324.0,13.87,1.91,8.76,376.0,122.0,2.32,0.75,19.72,517.0,146.0,3.19,0.89,17.17,1202.0,267.0,7.41,1.62,13.5,32142.0,1607.0,90.91,6.44,3.04,23189.0,1426.0,65.59,2.33,3.74,11628.0,1072.0,32.89,2.54,5.6,3214.0,649.0,9.09,1.78,12.28,17647.0,1067.0,49.91,1.69,3.68,17710.0,1063.0,50.09,1.65,3.65,1499.0,309.0,4.24,0.85,12.53,1196.0,346.0,3.38,0.96,17.59,1327.0,284.0,3.75,0.78,13.01,1143.0,328.0,3.23,0.91,17.44,1776.0,365.0,5.02,1.0,12.49,9589.0,805.0,27.12,1.83,5.1,6518.0,666.0,18.43,1.64,6.21,4296.0,606.0,12.15,1.6,8.58,2002.0,378.0,5.66,1.03,11.48,1781.0,353.0,5.04,0.97,12.05,2663.0,429.0,7.53,1.15,9.79,1020.0,221.0,2.88,0.61,13.17,547.0,203.0,1.55,0.57,22.56,4692.0,587.0,13.27,1.52,7.61,30665.0,1557.0,86.73,0.69,3.09,4230.0,443.0,11.96,1.1,6.37,4570.0,932.0,12.93,2.56,12.4,21137.0,1300.0,59.78,2.13,3.74,1014.0,299.0,2.87,0.83,17.93,124.0,83.0,0.35,0.23,40.69,4520.0,857.0,12.78,2.34,11.53,0.0,,0.0,,,3992.0,803.0,11.29,2.2,12.23,9263.0,1210.0,26.2,3.16,7.94,26094.0,1464.0,73.8,1.86,3.41,18928.0,1299.0,53.53,2.51,4.17,919.0,299.0,2.6,0.84,19.78,0.0,,0.0,,,4441.0,857.0,12.56,2.34,11.73,0.0,,0.0,,,165.0,91.0,0.47,0.26,33.53,1641.0,337.0,4.64,0.92,12.48
10475,10475,10475,18692.0,998.0,100,,3.25,4217.0,755.0,22.56,3.86,10.88,10362.0,2023.0,24.23,4.36,11.87,1204.0,841.0,11.62,7.79,42.46,302.0,249.0,2.91,2.33,50.12,2798.0,725.0,27.0,4.6,15.75,2213.0,1015.0,21.36,8.86,27.88,3845.0,871.0,37.11,4.26,13.77,30825.0,1860.0,72.07,6.98,3.67,1410.0,340.0,4.57,1.07,14.66,2836.0,734.0,9.2,2.32,15.73,9045.0,1264.0,29.34,3.7,8.5,8505.0,1138.0,27.59,3.3,8.13,34703.0,2208.0,81.14,8.02,3.87,782.0,270.0,2.25,0.76,20.99,41899.0,3244.0,97.96,1.59,4.71,6896.0,1056.0,16.46,2.17,9.31,8037.0,1717.0,18.79,3.75,12.99,547.0,295.0,6.81,3.37,32.78,24115.0,2066.0,56.38,2.26,5.21,2933.0,702.0,12.16,2.72,14.55,9747.0,1297.0,22.79,2.49,8.09,3416.0,686.0,35.05,5.27,12.21,42256.0,3215.0,98.8,0.75,4.63,40052.0,3155.0,94.78,1.93,4.79,2048.0,720.0,4.85,1.66,21.37,156.0,158.0,0.37,0.37,61.57,42771.0,3238.0,100,,4.6,31987.0,2778.0,74.79,3.18,5.28,29109.0,2628.0,68.06,3.35,5.49,2878.0,1035.0,6.73,2.37,21.86,10784.0,1581.0,25.21,3.17,8.91,8046.0,1134.0,74.61,15.17,8.57,2738.0,756.0,25.39,5.94,16.79,828.0,382.0,7.68,3.36,28.05,440.0,232.0,4.08,2.07,32.05,2040.0,830.0,18.92,7.18,24.73,8.0,33.0,0.07,0.31,250.76,7463.0,1219.0,69.2,4.98,9.93,5.0,10.0,0.05,0.09,121.58,39725.0,2922.0,92.88,9.8,4.47,27152.0,2327.0,68.35,3.01,5.21,3851.0,809.0,9.69,1.91,12.77,8970.0,1734.0,22.58,4.04,11.75,17536.0,1012.0,93.82,2.05,3.51,15324.0,1021.0,81.98,3.27,4.05,35539.0,2235.0,83.09,8.18,3.82,20125.0,1778.0,56.63,3.51,5.37,18659.0,1671.0,52.5,3.35,5.44,1442.0,641.0,4.06,1.79,27.02,24.0,46.0,0.07,0.13,116.51,15414.0,1580.0,43.37,3.51,6.23,,,7.17,3.12,27.02,17826.0,1642.0,41.68,2.19,5.6,4866.0,881.0,27.3,4.25,11.01,276.0,149.0,1.55,0.82,32.82,8795.0,1225.0,49.34,5.15,8.47,1312.0,423.0,7.36,2.27,19.6,2361.0,701.0,13.24,3.74,18.05,18659.0,1671.0,43.63,2.09,5.44,229.0,237.0,1.23,1.27,62.91,419.0,219.0,2.25,1.16,31.77,482.0,252.0,2.58,1.33,31.78,86.0,80.0,0.46,0.43,56.55,1721.0,504.0,9.22,2.57,17.8,2044.0,554.0,10.95,2.8,16.48,279.0,177.0,1.5,0.94,38.57,1486.0,367.0,7.96,1.83,15.01,1616.0,576.0,8.66,2.99,21.67,7381.0,1072.0,39.56,4.52,8.83,1160.0,313.0,6.22,1.58,16.4,537.0,290.0,2.88,1.53,32.83,1219.0,466.0,6.53,2.43,23.24,848.0,275.0,4.54,1.45,19.71,920.0,368.0,4.92,1.95,24.32,2127.0,638.0,11.38,3.36,18.23,1810.0,686.0,9.68,3.63,23.04,2243.0,623.0,12.0,3.27,16.88,3234.0,548.0,17.3,2.78,10.3,2867.0,502.0,15.34,2.56,10.64,2859.0,631.0,15.3,3.28,13.42,1324.0,403.0,7.08,2.12,18.5,460.0,251.0,2.46,1.34,33.17,12646.0,1032.0,67.65,4.18,4.96,6971.0,987.0,37.29,4.89,8.61,4977.0,696.0,26.63,3.44,8.5,1578.0,399.0,8.44,2.09,15.37,790.0,496.0,4.23,2.64,38.17,3381.0,660.0,18.09,3.4,11.87,40033.0,3096.0,95.55,10.46,4.7,25301.0,2522.0,60.39,3.79,6.06,19551.0,2685.0,46.66,5.29,8.35,1866.0,581.0,4.45,1.34,18.93,19601.0,1839.0,45.83,2.54,5.7,23170.0,1890.0,54.17,1.65,4.96,3046.0,1027.0,7.12,2.34,20.5,1808.0,571.0,4.23,1.3,19.2,1610.0,640.0,3.76,1.47,24.17,2172.0,710.0,5.08,1.61,19.87,3310.0,921.0,7.74,2.07,16.91,5463.0,1040.0,12.77,2.23,11.57,4290.0,704.0,10.03,1.46,9.98,4795.0,796.0,11.21,1.66,10.09,3084.0,576.0,7.21,1.23,11.35,2816.0,517.0,6.58,1.1,11.16,5797.0,908.0,13.55,1.86,9.52,3408.0,747.0,7.97,1.64,13.32,1172.0,414.0,2.74,0.95,21.47,8044.0,1717.0,18.81,3.75,12.98,34727.0,2216.0,81.19,8.04,3.88,10377.0,1301.0,24.26,2.42,7.62,3963.0,1162.0,9.27,2.62,17.82,3460.0,636.0,8.09,1.36,11.17,27364.0,2791.0,63.98,4.37,6.2,306.0,215.0,0.72,0.5,42.71,796.0,458.0,1.86,1.06,34.98,0.0,,0.0,,,6882.0,1802.0,16.09,4.03,15.92,12913.0,2005.0,30.19,4.09,9.44,29858.0,2929.0,69.81,4.35,5.96,1961.0,520.0,4.58,1.17,16.12,25865.0,2755.0,60.47,4.53,6.48,94.0,139.0,0.22,0.32,89.89,796.0,458.0,1.86,1.06,34.98,0.0,,0.0,,,10.0,20.0,0.02,0.05,121.58,1132.0,684.0,2.65,1.59,36.73
11201,11201,11201,33141.0,1000.0,100,,1.83,6228.0,524.0,18.79,1.48,5.11,13405.0,1130.0,19.36,1.49,5.12,1114.0,252.0,8.31,1.74,13.75,524.0,204.0,3.91,1.49,23.67,4517.0,704.0,33.7,4.42,9.47,1272.0,354.0,9.49,2.52,16.92,5978.0,542.0,44.6,1.49,5.51,52350.0,1804.0,75.59,0.29,2.09,1240.0,301.0,2.37,0.57,14.76,986.0,268.0,1.88,0.51,16.52,3965.0,616.0,7.57,1.15,9.44,41480.0,1671.0,79.24,1.65,2.45,57907.0,1861.0,83.62,3.93,1.95,1332.0,345.0,2.3,0.59,15.75,68549.0,2370.0,98.99,0.47,2.1,5420.0,660.0,7.91,0.92,7.4,11336.0,1106.0,16.37,1.5,5.93,205.0,167.0,1.81,1.46,49.52,49082.0,1797.0,70.88,0.92,2.23,2773.0,445.0,5.65,0.88,9.76,8131.0,668.0,11.74,0.88,4.99,2442.0,420.0,30.03,4.54,10.46,67893.0,2284.0,98.04,4.71,2.05,52575.0,2232.0,77.44,2.01,2.58,14139.0,1239.0,20.83,1.69,5.33,1179.0,341.0,1.74,0.5,17.58,69251.0,2372.0,100,,2.08,54409.0,2180.0,78.57,1.63,2.44,52360.0,2230.0,75.61,1.91,2.59,2049.0,523.0,2.96,0.75,15.52,14842.0,1206.0,21.43,1.58,4.94,6784.0,705.0,45.71,2.96,6.32,8058.0,966.0,54.29,4.79,7.29,4314.0,556.0,29.07,2.91,7.83,5950.0,794.0,40.09,4.24,8.11,451.0,156.0,3.04,1.02,21.03,255.0,138.0,1.72,0.92,32.9,3285.0,750.0,22.13,4.72,13.88,587.0,213.0,3.95,1.4,22.06,64553.0,2237.0,93.22,0.49,2.11,48291.0,2169.0,74.81,2.14,2.73,3939.0,701.0,6.1,1.07,10.82,4563.0,945.0,7.07,1.44,12.59,32207.0,1064.0,97.18,1.31,2.01,31514.0,1037.0,95.09,1.25,2.0,58563.0,1858.0,84.57,3.95,1.93,43450.0,1722.0,74.19,1.76,2.41,41154.0,1621.0,70.27,1.64,2.39,2296.0,401.0,3.92,0.67,10.62,0.0,,0.0,,,15113.0,957.0,25.81,1.41,3.85,,,5.28,0.9,10.62,40534.0,1590.0,58.53,1.12,2.38,2036.0,329.0,5.02,0.79,9.82,251.0,120.0,0.62,0.3,29.06,19010.0,1032.0,46.9,1.76,3.3,3691.0,524.0,9.11,1.24,8.63,13165.0,1169.0,32.48,2.59,5.4,41154.0,1621.0,59.43,1.16,2.39,0.0,,0.0,,,650.0,250.0,1.58,0.6,23.38,869.0,218.0,2.11,0.52,15.25,631.0,216.0,1.53,0.52,20.81,2470.0,417.0,6.0,0.99,10.26,677.0,183.0,1.65,0.44,16.43,3579.0,512.0,8.7,1.2,8.7,6827.0,628.0,16.59,1.38,5.59,12377.0,1124.0,30.07,2.46,5.52,7874.0,630.0,19.13,1.33,4.86,2446.0,447.0,5.94,1.06,11.11,1254.0,284.0,3.05,0.68,13.77,1500.0,368.0,3.64,0.88,14.91,1778.0,328.0,5.36,0.98,11.21,724.0,207.0,2.18,0.62,17.38,1099.0,323.0,3.32,0.97,17.87,1131.0,327.0,3.41,0.98,17.58,1568.0,360.0,4.73,1.08,13.96,2124.0,308.0,6.41,0.91,8.82,1858.0,321.0,5.61,0.95,10.5,4792.0,605.0,14.46,1.77,7.67,3930.0,666.0,11.86,1.98,10.3,14137.0,870.0,42.66,2.29,3.74,28212.0,1076.0,85.13,1.99,2.32,5603.0,495.0,16.91,1.4,5.37,5124.0,654.0,15.46,1.92,7.76,1058.0,290.0,3.19,0.87,16.66,985.0,309.0,2.97,0.93,19.07,2169.0,352.0,6.54,1.04,9.87,66645.0,2484.0,97.22,1.35,2.27,57430.0,2541.0,83.78,2.31,2.69,14514.0,1060.0,21.17,1.36,4.44,1904.0,453.0,2.78,0.65,14.46,32265.0,1549.0,46.59,1.57,2.92,36986.0,1421.0,53.41,0.93,2.34,4698.0,563.0,6.78,0.78,7.28,2906.0,493.0,4.2,0.7,10.31,2580.0,497.0,3.73,0.71,11.71,2651.0,449.0,3.83,0.63,10.3,4066.0,529.0,5.87,0.74,7.91,17411.0,989.0,25.14,1.14,3.45,12644.0,1307.0,18.26,1.78,6.28,8138.0,769.0,11.75,1.03,5.74,3343.0,541.0,4.83,0.76,9.84,2144.0,362.0,3.1,0.51,10.26,4454.0,504.0,6.43,0.69,6.88,3120.0,404.0,4.51,0.56,7.87,1096.0,333.0,1.58,0.48,18.47,11344.0,1106.0,16.38,1.5,5.93,57907.0,1861.0,83.62,3.93,1.95,8670.0,675.0,12.52,0.88,4.73,6844.0,1026.0,9.88,1.44,9.11,41843.0,1823.0,60.42,1.63,2.65,8597.0,1017.0,12.41,1.41,7.19,113.0,84.0,0.16,0.12,45.19,9950.0,1141.0,14.37,1.57,6.97,7.0,14.0,0.01,0.02,121.58,1897.0,650.0,2.74,0.93,20.83,7403.0,1114.0,10.69,1.57,9.15,61848.0,2237.0,89.31,1.04,2.2,39854.0,1877.0,57.55,1.86,2.86,7963.0,1038.0,11.5,1.45,7.92,47.0,50.0,0.07,0.07,64.67,9856.0,1147.0,14.23,1.58,7.07,7.0,14.0,0.01,0.02,121.58,342.0,210.0,0.49,0.3,37.33,3779.0,698.0,5.46,0.99,11.23
11203,11203,11203,30149.0,820.0,100,,1.65,7885.0,644.0,26.15,2.01,4.96,16062.0,1096.0,20.9,1.28,4.15,848.0,243.0,5.28,1.47,17.42,737.0,203.0,4.59,1.22,16.74,6489.0,784.0,40.4,4.03,7.34,3181.0,449.0,19.8,2.45,8.58,4807.0,623.0,29.93,3.3,7.88,57766.0,1760.0,75.16,0.42,1.85,3108.0,366.0,5.38,0.61,7.16,3632.0,505.0,6.29,0.85,8.45,20530.0,1024.0,35.54,1.4,3.03,14987.0,964.0,25.94,1.47,3.91,62578.0,1866.0,81.43,3.44,1.81,854.0,194.0,1.36,0.31,13.81,75597.0,2302.0,98.37,0.55,1.85,9051.0,769.0,11.97,0.95,5.16,14269.0,1163.0,18.57,1.41,4.95,454.0,202.0,3.18,1.39,27.05,45809.0,1733.0,59.61,1.38,2.3,3501.0,439.0,7.64,0.91,7.62,15519.0,825.0,20.19,0.89,3.23,5096.0,492.0,32.84,2.65,5.87,75967.0,2267.0,98.85,4.18,1.81,71898.0,2207.0,94.64,0.68,1.87,3727.0,613.0,4.91,0.79,10.0,342.0,140.0,0.45,0.18,24.88,76853.0,2301.0,100,,1.82,39007.0,1824.0,50.76,1.82,2.84,37379.0,1785.0,48.64,1.81,2.9,1628.0,353.0,2.12,0.45,13.18,37846.0,1590.0,49.24,1.45,2.55,27293.0,1369.0,72.12,1.98,3.05,10553.0,1063.0,27.88,2.55,6.12,581.0,240.0,1.54,0.63,25.11,1211.0,337.0,3.2,0.88,16.92,1194.0,350.0,3.15,0.92,17.82,40.0,47.0,0.11,0.12,71.43,34751.0,1486.0,91.82,0.73,2.6,69.0,54.0,0.18,0.14,47.57,72729.0,2149.0,94.63,3.98,1.8,58665.0,2094.0,80.66,1.62,2.17,4595.0,680.0,6.32,0.92,9.0,3317.0,759.0,4.56,1.03,13.91,27903.0,813.0,92.55,0.97,1.77,27293.0,850.0,90.53,1.37,1.89,64038.0,1909.0,83.33,3.52,1.81,38214.0,1609.0,59.67,1.77,2.56,35158.0,1496.0,54.9,1.67,2.59,3056.0,474.0,4.77,0.73,9.43,0.0,,0.0,,,25824.0,1233.0,40.33,1.5,2.9,,,8.0,1.19,9.43,34239.0,1437.0,44.55,1.31,2.55,8159.0,644.0,23.83,1.59,4.8,1104.0,190.0,3.22,0.54,10.46,19078.0,1229.0,55.72,2.72,3.92,2193.0,394.0,6.4,1.12,10.92,2786.0,493.0,8.14,1.4,10.76,35158.0,1496.0,45.75,1.38,2.59,43.0,64.0,0.12,0.18,90.48,1379.0,276.0,3.92,0.77,12.17,725.0,209.0,2.06,0.59,17.52,341.0,185.0,0.97,0.52,32.98,2424.0,395.0,6.89,1.08,9.91,3130.0,487.0,8.9,1.33,9.46,734.0,196.0,2.09,0.55,16.23,2639.0,518.0,7.51,1.44,11.93,2915.0,393.0,8.29,1.06,8.2,15301.0,1018.0,43.52,2.23,4.04,2176.0,395.0,6.19,1.09,11.03,1691.0,355.0,4.81,0.99,12.76,1660.0,342.0,4.72,0.95,12.52,2205.0,329.0,7.31,1.07,9.07,1695.0,337.0,5.62,1.11,12.09,2007.0,308.0,6.66,1.01,9.33,2503.0,443.0,8.3,1.45,10.76,3495.0,494.0,11.59,1.61,8.59,4440.0,507.0,14.73,1.63,6.94,4167.0,521.0,13.82,1.69,7.6,4630.0,456.0,15.36,1.45,5.99,2209.0,345.0,7.33,1.13,9.49,2798.0,402.0,9.28,1.31,8.73,22906.0,831.0,75.98,1.82,2.21,11003.0,686.0,36.5,2.05,3.79,6484.0,546.0,21.51,1.71,5.12,1980.0,296.0,6.57,0.97,9.09,1008.0,220.0,3.34,0.72,13.27,5829.0,473.0,19.33,1.48,4.93,71148.0,2234.0,94.11,0.72,1.91,41218.0,1914.0,54.52,1.91,2.82,35713.0,1852.0,47.24,1.98,3.15,4449.0,789.0,5.89,1.03,10.78,35157.0,1411.0,45.75,1.22,2.44,41696.0,1628.0,54.25,1.36,2.37,4124.0,714.0,5.37,0.92,10.52,3637.0,538.0,4.73,0.69,8.99,4201.0,522.0,5.47,0.66,7.55,3650.0,476.0,4.75,0.6,7.93,3475.0,419.0,4.52,0.53,7.33,10723.0,1052.0,13.95,1.3,5.96,10359.0,810.0,13.48,0.97,4.75,9339.0,736.0,12.15,0.89,4.79,4972.0,620.0,6.47,0.78,7.58,6168.0,642.0,8.03,0.8,6.33,9144.0,636.0,11.9,0.75,4.23,4882.0,505.0,6.35,0.63,6.29,2179.0,381.0,2.84,0.49,10.63,14275.0,1165.0,18.57,1.41,4.96,62578.0,1866.0,81.43,3.44,1.81,16205.0,844.0,21.09,0.9,3.17,7405.0,1046.0,9.64,1.33,8.59,4312.0,815.0,5.61,1.05,11.49,61075.0,2175.0,79.47,1.53,2.16,123.0,101.0,0.16,0.13,49.92,1352.0,359.0,1.76,0.46,16.14,30.0,44.0,0.04,0.06,89.16,2556.0,734.0,3.33,0.95,17.46,5599.0,1072.0,7.29,1.38,11.64,71254.0,2207.0,92.71,0.74,1.88,3972.0,807.0,5.17,1.04,12.35,59775.0,2137.0,77.78,1.52,2.17,50.0,48.0,0.07,0.06,58.36,1352.0,359.0,1.76,0.46,16.14,30.0,44.0,0.04,0.06,89.16,400.0,217.0,0.52,0.28,32.98,5675.0,968.0,7.38,1.24,10.37
11204,11204,11204,25306.0,1091.0,100,,2.62,10094.0,889.0,39.89,3.06,5.35,26065.0,2012.0,32.03,2.09,4.69,1957.0,397.0,7.51,1.41,12.33,1796.0,340.0,6.89,1.19,11.51,11766.0,1139.0,45.14,2.64,5.88,4996.0,624.0,19.17,1.88,7.59,5550.0,704.0,21.29,2.14,7.71,49704.0,1830.0,61.09,3.37,2.24,7994.0,847.0,16.08,1.6,6.44,4885.0,678.0,9.83,1.32,8.44,13905.0,988.0,27.98,1.7,4.32,15154.0,1221.0,30.49,2.19,4.9,55673.0,2157.0,68.42,3.87,2.36,829.0,211.0,1.49,0.37,15.47,81283.0,3341.0,99.9,5.81,2.5,6480.0,548.0,7.97,0.59,5.14,25673.0,1945.0,31.55,2.01,4.61,166.0,77.0,0.65,0.3,28.2,44281.0,2196.0,54.42,1.51,3.01,2217.0,338.0,5.01,0.72,9.27,11329.0,786.0,13.92,0.78,4.22,4097.0,432.0,36.16,2.87,6.41,80155.0,3389.0,98.51,0.96,2.57,74144.0,3401.0,92.5,1.65,2.79,5037.0,848.0,6.28,1.02,10.23,974.0,385.0,1.22,0.48,24.03,81368.0,3348.0,100,,2.5,45676.0,2733.0,56.14,2.44,3.64,44305.0,2730.0,54.45,2.5,3.75,1371.0,355.0,1.68,0.43,15.74,35692.0,1879.0,43.86,1.44,3.2,19597.0,1293.0,54.91,2.18,4.01,16095.0,1450.0,45.09,3.3,5.48,9938.0,1137.0,27.84,2.83,6.95,18860.0,1335.0,52.84,2.5,4.3,1358.0,451.0,3.8,1.25,20.19,0.0,,0.0,,,5327.0,1094.0,14.92,2.96,12.48,209.0,108.0,0.59,0.3,31.41,73889.0,3060.0,90.81,0.43,2.52,16809.0,1513.0,22.75,1.82,5.47,36028.0,2388.0,48.76,2.52,4.03,7552.0,1356.0,10.22,1.79,10.92,22550.0,1134.0,89.11,2.31,3.06,21503.0,1129.0,84.97,2.55,3.19,58057.0,2305.0,71.35,4.08,2.41,35613.0,1745.0,61.34,1.76,2.98,32941.0,1645.0,56.74,1.72,3.04,2654.0,420.0,4.57,0.7,9.62,18.0,24.0,0.03,0.04,81.05,22444.0,1293.0,38.66,1.61,3.5,,,7.45,1.12,9.62,30861.0,1513.0,37.93,1.01,2.98,7031.0,642.0,22.78,1.76,5.55,2203.0,390.0,7.14,1.21,10.76,12571.0,874.0,40.73,2.01,4.23,4723.0,517.0,15.3,1.5,6.65,3121.0,457.0,10.11,1.4,8.9,32941.0,1645.0,40.48,1.15,3.04,28.0,26.0,0.09,0.08,56.45,2561.0,443.0,7.77,1.29,10.52,1193.0,293.0,3.62,0.87,14.93,913.0,224.0,2.77,0.67,14.91,2908.0,405.0,8.83,1.15,8.47,2845.0,531.0,8.64,1.55,11.35,505.0,141.0,1.53,0.42,16.97,2061.0,359.0,6.26,1.04,10.59,3456.0,685.0,10.49,2.01,12.05,10624.0,954.0,32.25,2.41,5.46,3392.0,497.0,10.3,1.42,8.91,1736.0,409.0,5.27,1.21,14.32,719.0,171.0,2.18,0.51,14.46,1209.0,221.0,4.78,0.85,11.11,1295.0,189.0,5.12,0.71,8.87,2014.0,343.0,7.96,1.31,10.35,2079.0,354.0,8.22,1.35,10.35,2455.0,382.0,9.7,1.45,9.46,4593.0,718.0,18.15,2.73,9.5,3831.0,585.0,15.14,2.22,9.28,3916.0,563.0,15.47,2.12,8.74,2316.0,371.0,9.15,1.41,9.74,1598.0,258.0,6.31,0.98,9.81,20658.0,1113.0,81.63,2.64,3.28,7086.0,579.0,28.0,1.94,4.97,3825.0,419.0,15.11,1.52,6.66,2129.0,284.0,8.41,1.06,8.11,1007.0,193.0,3.98,0.74,11.65,6000.0,620.0,23.71,2.23,6.28,75734.0,3208.0,93.17,0.95,2.58,31515.0,2263.0,38.77,2.28,4.37,49437.0,2606.0,60.82,2.01,3.2,5549.0,833.0,6.83,0.99,9.13,39681.0,1733.0,48.77,0.71,2.65,41687.0,2107.0,51.23,1.5,3.07,7479.0,836.0,9.19,0.96,6.8,7364.0,816.0,9.05,0.93,6.74,7163.0,811.0,8.8,0.93,6.88,5498.0,741.0,6.76,0.87,8.19,4160.0,582.0,5.11,0.68,8.5,9742.0,774.0,11.97,0.81,4.83,9413.0,912.0,11.57,1.01,5.89,9614.0,769.0,11.82,0.81,4.86,5057.0,683.0,6.21,0.8,8.21,4503.0,531.0,5.53,0.61,7.17,6494.0,608.0,7.98,0.67,5.69,3074.0,385.0,3.78,0.45,7.61,1807.0,336.0,2.22,0.4,11.3,25677.0,1945.0,31.56,2.01,4.6,55691.0,2163.0,68.44,3.87,2.36,11375.0,779.0,13.98,0.77,4.16,3415.0,745.0,4.2,0.9,13.26,44863.0,2682.0,55.14,2.39,3.63,975.0,306.0,1.2,0.37,19.08,587.0,389.0,0.72,0.48,40.29,23781.0,1830.0,29.23,1.9,4.68,0.0,,0.0,,,7747.0,1652.0,9.52,1.99,12.96,10605.0,1727.0,13.03,2.05,9.9,70763.0,2893.0,86.97,5.04,2.49,43211.0,2550.0,53.11,2.25,3.59,686.0,241.0,0.84,0.29,21.36,276.0,172.0,0.34,0.21,37.88,23596.0,1811.0,29.0,1.88,4.67,0.0,,0.0,,,1050.0,472.0,1.29,0.58,27.33,1944.0,567.0,2.39,0.69,17.73
11205,11205,11205,17272.0,769.0,100,,2.71,5098.0,460.0,29.52,2.32,5.49,16678.0,1385.0,33.22,2.29,5.05,1125.0,290.0,6.75,1.65,15.67,1514.0,419.0,9.08,2.4,16.82,5836.0,768.0,34.99,3.57,8.0,3078.0,518.0,18.46,2.7,10.23,5125.0,567.0,30.73,2.25,6.73,29902.0,1563.0,59.56,1.45,3.18,1834.0,357.0,6.13,1.15,11.83,2502.0,435.0,8.37,1.39,10.57,4845.0,767.0,16.2,2.42,9.62,15696.0,1153.0,52.49,2.71,4.47,35715.0,1718.0,71.14,0.95,2.92,465.0,228.0,1.3,0.64,29.81,50185.0,2323.0,99.96,0.23,2.81,4986.0,659.0,9.94,1.23,8.03,14474.0,1560.0,28.83,2.81,6.55,270.0,160.0,1.87,1.09,36.02,31054.0,1548.0,61.85,1.15,3.03,2525.0,452.0,8.13,1.4,10.88,4657.0,689.0,9.28,1.3,8.99,2191.0,443.0,47.05,6.48,12.29,49355.0,2254.0,98.31,6.39,2.78,42337.0,2136.0,85.78,1.84,3.07,6473.0,813.0,13.12,1.53,7.64,545.0,234.0,1.1,0.47,26.1,50205.0,2321.0,100,,2.81,42079.0,2190.0,83.81,2.0,3.16,39950.0,2129.0,79.57,2.11,3.24,2129.0,689.0,4.24,1.36,19.67,8126.0,828.0,16.19,1.47,6.19,4223.0,574.0,51.97,4.67,8.26,3903.0,556.0,48.03,4.78,8.66,1423.0,328.0,17.51,3.62,14.01,2578.0,481.0,31.73,4.96,11.34,416.0,211.0,5.12,2.54,30.83,75.0,61.0,0.92,0.74,49.44,3368.0,635.0,41.45,6.57,11.46,266.0,142.0,3.27,1.72,32.45,45718.0,2096.0,91.06,5.93,2.79,25848.0,1696.0,56.54,2.65,3.99,7922.0,1235.0,17.33,2.58,9.48,5031.0,846.0,11.0,1.78,10.22,15402.0,790.0,89.17,2.27,3.12,14491.0,762.0,83.9,2.35,3.2,37026.0,1725.0,73.75,0.43,2.83,24162.0,1392.0,65.26,2.21,3.5,22079.0,1337.0,59.63,2.31,3.68,2068.0,428.0,5.59,1.13,12.58,15.0,25.0,0.04,0.07,101.32,12864.0,1021.0,34.74,2.23,4.82,,,8.56,1.7,12.58,21484.0,1292.0,42.79,1.65,3.66,2861.0,436.0,13.32,1.86,9.26,536.0,149.0,2.49,0.68,16.9,8925.0,871.0,41.54,3.19,5.93,3674.0,565.0,17.1,2.42,9.35,4496.0,564.0,20.93,2.3,7.63,22079.0,1337.0,43.98,1.72,3.68,0.0,,0.0,,,763.0,234.0,3.46,1.04,18.64,754.0,277.0,3.42,1.24,22.33,655.0,301.0,2.97,1.35,27.94,2150.0,392.0,9.74,1.67,11.08,1012.0,287.0,4.58,1.27,17.24,1412.0,310.0,6.4,1.35,13.35,1723.0,332.0,7.8,1.43,11.71,4268.0,502.0,19.33,1.95,7.15,5559.0,624.0,25.18,2.38,6.82,1871.0,292.0,8.47,1.22,9.49,1245.0,367.0,5.64,1.63,17.92,667.0,215.0,3.02,0.96,19.6,1255.0,346.0,7.27,1.98,16.76,801.0,223.0,4.64,1.27,16.92,1215.0,291.0,7.03,1.66,14.56,951.0,339.0,5.51,1.95,21.67,1132.0,259.0,6.55,1.47,13.91,2343.0,487.0,13.57,2.75,12.64,1484.0,391.0,8.59,2.23,16.02,2488.0,328.0,14.4,1.79,8.01,1737.0,327.0,10.06,1.84,11.44,3866.0,512.0,22.38,2.79,8.05,14085.0,675.0,81.55,1.45,2.91,3613.0,510.0,20.92,2.8,8.58,2080.0,427.0,12.04,2.41,12.48,1554.0,339.0,9.0,1.92,13.26,1431.0,284.0,8.29,1.6,12.06,3761.0,406.0,21.78,2.14,6.56,48486.0,2297.0,96.61,0.97,2.88,28062.0,1756.0,55.92,2.35,3.8,24060.0,2152.0,47.94,3.67,5.44,1699.0,318.0,3.39,0.61,11.38,23282.0,1526.0,46.37,2.15,3.98,26923.0,1378.0,53.63,1.18,3.11,4487.0,698.0,8.94,1.33,9.46,4083.0,586.0,8.13,1.11,8.72,3827.0,559.0,7.62,1.06,8.88,4280.0,518.0,8.53,0.95,7.36,3626.0,638.0,7.22,1.23,10.7,9350.0,1024.0,18.62,1.85,6.66,7363.0,742.0,14.67,1.31,6.13,4825.0,626.0,9.61,1.17,7.89,1874.0,367.0,3.73,0.71,11.91,1832.0,485.0,3.65,0.95,16.09,2357.0,445.0,4.69,0.86,11.48,1698.0,464.0,3.38,0.91,16.61,603.0,255.0,1.2,0.5,25.71,14475.0,1560.0,28.83,2.81,6.55,35730.0,1718.0,71.17,0.94,2.92,4658.0,689.0,9.28,1.3,8.99,5179.0,880.0,10.32,1.69,10.33,27195.0,2143.0,54.17,3.46,4.79,10866.0,1301.0,21.64,2.39,7.28,374.0,277.0,0.74,0.55,45.02,3381.0,509.0,6.73,0.96,9.15,12.0,25.0,0.02,0.05,126.65,3198.0,851.0,6.37,1.67,16.18,7605.0,1000.0,15.15,1.86,7.99,42600.0,2223.0,84.85,2.05,3.17,26035.0,2142.0,51.86,3.53,5.0,10134.0,1222.0,20.19,2.25,7.33,81.0,78.0,0.16,0.16,58.54,3372.0,511.0,6.72,0.97,9.21,12.0,25.0,0.02,0.05,126.65,206.0,151.0,0.41,0.3,44.56,2760.0,563.0,5.5,1.09,12.4
11206,11206,11206,33696.0,1123.0,100,,2.03,9225.0,723.0,27.38,1.94,4.76,24761.0,1893.0,27.75,1.81,4.65,1756.0,374.0,7.09,1.41,12.95,1694.0,339.0,6.84,1.27,12.17,10362.0,1154.0,41.85,3.39,6.77,5823.0,737.0,23.52,2.37,7.69,5126.0,634.0,20.7,2.01,7.52,55844.0,1870.0,62.58,3.27,2.04,6574.0,814.0,11.77,1.4,7.53,6366.0,900.0,11.4,1.57,8.59,13217.0,1099.0,23.67,1.8,5.05,20263.0,1165.0,36.29,1.7,3.5,65039.0,2203.0,72.89,3.83,2.06,634.0,192.0,0.97,0.29,18.41,89198.0,3579.0,99.96,0.14,2.44,11645.0,882.0,13.06,0.84,4.6,24183.0,1879.0,27.1,1.8,4.72,799.0,322.0,3.3,1.31,24.5,55350.0,2169.0,62.03,3.48,2.38,6107.0,660.0,11.03,1.11,6.57,9665.0,768.0,10.83,0.74,4.83,4739.0,558.0,49.03,4.26,7.16,87868.0,3523.0,98.47,5.58,2.44,78718.0,3395.0,89.59,1.42,2.62,8592.0,1109.0,9.78,1.2,7.85,558.0,217.0,0.64,0.25,23.64,89231.0,3578.0,100,,2.44,71276.0,3397.0,79.88,2.06,2.9,66466.0,3340.0,74.49,2.26,3.05,4810.0,720.0,5.39,0.78,9.1,17955.0,1225.0,20.12,1.11,4.15,9726.0,899.0,54.17,3.38,5.62,8229.0,828.0,45.83,3.39,6.12,2684.0,558.0,14.95,2.94,12.64,4115.0,786.0,22.92,4.09,11.61,311.0,144.0,1.73,0.79,28.15,60.0,51.0,0.33,0.28,51.67,10588.0,1046.0,58.97,4.21,6.01,197.0,141.0,1.1,0.78,43.51,82358.0,3241.0,92.3,5.19,2.39,36092.0,2006.0,43.82,1.72,3.38,20141.0,1529.0,24.46,1.59,4.61,24662.0,2239.0,29.94,2.45,5.52,30377.0,1028.0,90.15,0.53,2.06,27670.0,1121.0,82.12,1.89,2.46,67461.0,2305.0,75.6,3.98,2.08,42581.0,1846.0,63.12,1.68,2.64,38985.0,1689.0,57.79,1.54,2.63,3596.0,690.0,5.33,1.01,11.66,0.0,,0.0,,,24880.0,1378.0,36.88,1.61,3.37,,,8.45,1.58,11.66,37493.0,1564.0,42.02,0.48,2.54,3623.0,516.0,9.66,1.32,8.66,924.0,296.0,2.46,0.78,19.47,19510.0,1078.0,52.04,1.89,3.36,5486.0,694.0,14.63,1.75,7.69,6504.0,779.0,17.35,1.95,7.28,38985.0,1689.0,43.69,0.72,2.63,49.0,51.0,0.13,0.13,63.27,1386.0,509.0,3.56,1.3,22.32,1197.0,317.0,3.07,0.8,16.1,1035.0,296.0,2.65,0.75,17.39,3738.0,547.0,9.59,1.34,8.9,1663.0,381.0,4.27,0.96,13.93,2221.0,440.0,5.7,1.1,12.04,3884.0,595.0,9.96,1.46,9.31,7084.0,782.0,18.17,1.84,6.71,9552.0,873.0,24.5,1.97,5.56,4488.0,602.0,11.51,1.46,8.15,1742.0,326.0,4.47,0.81,11.38,946.0,291.0,2.43,0.74,18.7,3561.0,713.0,10.57,2.09,12.17,2431.0,430.0,7.21,1.25,10.75,3443.0,471.0,10.22,1.36,8.32,2667.0,495.0,7.91,1.45,11.28,3491.0,504.0,10.36,1.46,8.78,4168.0,592.0,12.37,1.71,8.63,2958.0,551.0,8.78,1.61,11.32,5021.0,611.0,14.9,1.74,7.4,2515.0,375.0,7.46,1.08,9.06,3441.0,556.0,10.21,1.61,9.82,26042.0,998.0,77.29,1.46,2.33,7649.0,806.0,22.7,2.27,6.41,4296.0,626.0,12.75,1.81,8.86,3737.0,608.0,11.09,1.77,9.89,3655.0,563.0,10.85,1.63,9.36,11546.0,924.0,34.27,2.49,4.86,83703.0,3632.0,93.84,1.55,2.64,38120.0,2502.0,42.74,2.22,3.99,52502.0,3308.0,58.86,2.86,3.83,5495.0,973.0,6.16,1.06,10.76,41993.0,2262.0,47.06,1.69,3.27,47238.0,2097.0,52.94,1.01,2.7,6873.0,1027.0,7.7,1.11,9.08,5939.0,832.0,6.66,0.89,8.52,7334.0,885.0,8.22,0.94,7.34,6293.0,768.0,7.05,0.81,7.42,6948.0,757.0,7.79,0.79,6.62,18896.0,1345.0,21.18,1.25,4.33,11796.0,1146.0,13.22,1.17,5.91,7561.0,969.0,8.47,1.03,7.79,3860.0,596.0,4.33,0.65,9.39,4057.0,536.0,4.55,0.57,8.03,6022.0,642.0,6.75,0.67,6.48,2669.0,584.0,2.99,0.64,13.3,983.0,382.0,1.1,0.43,23.62,24192.0,1878.0,27.11,1.8,4.72,65039.0,2203.0,72.89,3.83,2.06,9674.0,768.0,10.84,0.74,4.83,9542.0,1261.0,10.69,1.35,8.03,37667.0,2887.0,42.21,2.76,4.66,18331.0,1958.0,20.54,2.03,6.49,763.0,442.0,0.86,0.49,35.22,5891.0,1049.0,6.6,1.15,10.82,212.0,259.0,0.24,0.29,74.27,16825.0,2217.0,18.86,2.37,8.01,32462.0,2624.0,36.38,2.55,4.91,56769.0,3019.0,63.62,2.22,3.23,32604.0,2694.0,36.54,2.64,5.02,15620.0,1576.0,17.51,1.62,6.13,6.0,12.0,0.01,0.01,121.58,5846.0,1051.0,6.55,1.15,10.93,54.0,81.0,0.06,0.09,91.19,587.0,414.0,0.66,0.46,42.87,2052.0,423.0,2.3,0.46,12.53
11207,11207,11207,35309.0,1118.0,100,,1.92,10631.0,669.0,30.11,1.64,3.83,22423.0,1630.0,24.0,1.53,4.42,1460.0,413.0,6.51,1.78,17.2,1015.0,301.0,4.53,1.3,18.03,9240.0,1022.0,41.21,3.44,6.72,4765.0,632.0,21.25,2.36,8.06,5943.0,851.0,26.5,3.27,8.7,64067.0,2227.0,68.56,3.37,2.11,5814.0,836.0,9.07,1.27,8.74,6543.0,742.0,10.21,1.1,6.89,23198.0,1536.0,36.21,2.04,4.03,12461.0,1137.0,19.45,1.64,5.55,72863.0,2368.0,77.97,3.71,1.98,1594.0,401.0,2.19,0.55,15.29,92813.0,3203.0,99.32,4.87,2.1,13449.0,1193.0,14.49,1.18,5.39,20422.0,1626.0,21.85,1.57,4.84,928.0,329.0,4.54,1.57,21.55,59467.0,2093.0,63.64,0.34,2.14,7471.0,871.0,12.56,1.4,7.09,12924.0,1098.0,13.83,1.07,5.16,5050.0,677.0,39.07,4.05,8.15,91817.0,3159.0,98.26,4.81,2.09,85013.0,3049.0,92.59,0.94,2.18,6646.0,1272.0,7.24,1.36,11.63,158.0,101.0,0.17,0.11,38.86,93445.0,3250.0,100,,2.11,64420.0,2781.0,68.94,1.76,2.62,61216.0,2679.0,65.51,1.74,2.66,3204.0,693.0,3.43,0.73,13.15,29025.0,2228.0,31.06,2.13,4.67,18174.0,1336.0,62.61,6.65,4.47,10851.0,1607.0,37.39,4.73,9.0,545.0,193.0,1.88,0.65,21.53,1395.0,398.0,4.81,1.32,17.34,2384.0,836.0,8.21,2.81,21.32,0.0,,0.0,,,24578.0,1991.0,84.68,2.19,4.92,123.0,99.0,0.42,0.34,48.93,88203.0,2983.0,94.39,4.58,2.06,58923.0,2394.0,66.8,1.5,2.47,10688.0,1263.0,12.12,1.37,7.18,23468.0,2232.0,26.61,2.37,5.78,32630.0,1190.0,92.41,1.67,2.22,29440.0,1190.0,83.38,2.09,2.46,75578.0,2569.0,80.88,3.93,2.07,44589.0,2062.0,59.0,1.85,2.81,39813.0,1864.0,52.68,1.7,2.85,4627.0,771.0,6.12,1.0,10.13,149.0,149.0,0.2,0.2,60.79,30989.0,1860.0,41.0,2.03,3.65,,,10.38,1.66,10.13,38893.0,1948.0,41.62,1.5,3.04,9537.0,932.0,24.52,2.06,5.94,1266.0,372.0,3.26,0.94,17.86,21780.0,1514.0,56.0,2.7,4.23,1282.0,370.0,3.3,0.94,17.54,4082.0,577.0,10.5,1.39,8.59,39813.0,1864.0,42.61,1.34,2.85,9.0,25.0,0.02,0.06,168.86,2269.0,493.0,5.7,1.21,13.21,1098.0,394.0,2.76,0.98,21.81,655.0,189.0,1.65,0.47,17.54,3533.0,451.0,8.87,1.05,7.76,3722.0,552.0,9.35,1.32,9.02,956.0,264.0,2.4,0.65,16.79,1750.0,362.0,4.4,0.89,12.57,5109.0,690.0,12.83,1.63,8.21,12818.0,1179.0,32.2,2.55,5.59,3472.0,515.0,8.72,1.23,9.02,2155.0,408.0,5.41,0.99,11.51,2267.0,425.0,5.69,1.03,11.4,4836.0,793.0,13.7,2.2,9.97,2467.0,424.0,6.99,1.18,10.45,2978.0,534.0,8.43,1.49,10.9,2758.0,416.0,7.81,1.15,9.17,3254.0,438.0,9.22,1.21,8.18,6066.0,662.0,17.18,1.79,6.63,3735.0,523.0,10.58,1.44,8.51,4496.0,602.0,12.73,1.66,8.14,2423.0,529.0,6.86,1.48,13.27,2296.0,349.0,6.5,0.97,9.24,25017.0,984.0,70.85,1.65,2.39,9943.0,855.0,28.16,2.25,5.23,6543.0,771.0,18.53,2.1,7.16,3488.0,487.0,9.88,1.34,8.49,2540.0,428.0,7.19,1.19,10.24,12332.0,973.0,34.93,2.52,4.8,88175.0,3137.0,95.0,0.82,2.16,46766.0,2248.0,50.39,1.69,2.92,53255.0,2933.0,57.38,2.46,3.35,4638.0,632.0,5.0,0.66,8.28,41735.0,2037.0,44.66,1.53,2.97,51710.0,1994.0,55.34,0.92,2.34,5242.0,790.0,5.61,0.82,9.16,5611.0,793.0,6.0,0.82,8.59,6303.0,734.0,6.75,0.75,7.08,5108.0,723.0,5.47,0.75,8.6,7114.0,916.0,7.61,0.94,7.83,14889.0,1082.0,15.93,1.02,4.42,13025.0,1121.0,13.94,1.1,5.23,12020.0,1309.0,12.86,1.33,6.62,5202.0,663.0,5.57,0.68,7.75,5628.0,629.0,6.02,0.64,6.79,7412.0,858.0,7.93,0.88,7.04,3730.0,611.0,3.99,0.64,9.96,2161.0,506.0,2.31,0.54,14.23,20433.0,1626.0,21.87,1.57,4.84,73012.0,2419.0,78.13,3.75,2.01,13303.0,1094.0,14.24,1.06,5.0,9000.0,1243.0,9.63,1.29,8.4,10443.0,1203.0,11.18,1.23,7.0,55477.0,2636.0,59.37,1.92,2.89,267.0,213.0,0.29,0.23,48.5,1476.0,320.0,1.58,0.34,13.18,0.0,,0.0,,,16782.0,2471.0,17.96,2.57,8.95,30985.0,2468.0,33.16,2.38,4.84,62460.0,2712.0,66.84,1.74,2.64,4947.0,706.0,5.29,0.73,8.68,50863.0,2615.0,54.43,2.06,3.13,132.0,172.0,0.14,0.18,79.21,1455.0,322.0,1.56,0.34,13.45,0.0,,0.0,,,1711.0,652.0,1.83,0.69,23.16,3352.0,752.0,3.59,0.8,13.64
11209,11209,"11209, 11425",30376.0,711.0,100,,1.42,7584.0,505.0,24.97,1.56,4.05,15467.0,1017.0,21.86,1.31,4.0,870.0,185.0,5.62,1.14,12.93,671.0,193.0,4.34,1.21,17.49,6415.0,655.0,41.48,3.24,6.21,3097.0,426.0,20.02,2.42,8.36,4414.0,535.0,28.54,2.91,7.37,52678.0,1323.0,74.45,2.77,1.53,3315.0,447.0,6.29,0.83,8.2,1985.0,294.0,3.77,0.55,9.0,9372.0,777.0,17.79,1.41,5.04,27839.0,1180.0,52.85,1.8,2.58,56434.0,1397.0,79.76,2.95,1.5,1430.0,245.0,2.53,0.43,10.42,70412.0,1940.0,99.51,0.19,1.67,7683.0,703.0,10.91,0.95,5.56,14020.0,1003.0,19.81,1.31,4.35,605.0,258.0,4.32,1.81,25.92,42281.0,1378.0,59.76,1.05,1.98,2608.0,373.0,6.17,0.86,8.69,14111.0,905.0,19.94,1.16,3.9,4470.0,499.0,31.68,2.89,6.79,69995.0,1919.0,98.92,3.84,1.67,64171.0,2062.0,91.68,1.54,1.95,5547.0,679.0,7.92,0.95,7.44,277.0,113.0,0.4,0.16,24.8,70756.0,1945.0,100,,1.67,48239.0,1786.0,68.18,1.69,2.25,46477.0,1760.0,65.69,1.71,2.3,1762.0,374.0,2.49,0.52,12.9,22517.0,1201.0,31.82,1.45,3.24,15513.0,1109.0,68.89,3.28,4.35,7004.0,697.0,31.11,2.61,6.05,5900.0,583.0,26.2,2.18,6.01,9492.0,882.0,42.15,3.21,5.65,2236.0,517.0,9.93,2.23,14.06,59.0,50.0,0.26,0.22,51.52,4760.0,778.0,21.14,3.27,9.94,70.0,44.0,0.31,0.19,38.21,67101.0,1764.0,94.83,3.61,1.6,36990.0,1705.0,55.13,2.09,2.8,11486.0,898.0,17.12,1.26,4.75,8234.0,1037.0,12.27,1.51,7.66,28530.0,691.0,93.92,0.58,1.47,27412.0,765.0,90.24,1.37,1.7,58515.0,1404.0,82.7,3.02,1.46,37461.0,1298.0,64.02,1.6,2.11,34836.0,1206.0,59.53,1.49,2.1,2345.0,376.0,4.01,0.64,9.75,280.0,43.0,0.48,0.07,9.34,21054.0,1063.0,35.98,1.6,3.07,,,6.26,0.98,9.75,34351.0,1185.0,48.55,1.01,2.1,8016.0,684.0,23.34,1.82,5.19,1121.0,227.0,3.26,0.65,12.31,14863.0,858.0,43.27,2.0,3.51,2031.0,296.0,5.91,0.84,8.86,7261.0,765.0,21.14,2.1,6.4,34836.0,1206.0,49.23,1.04,2.1,37.0,41.0,0.11,0.12,67.36,1417.0,218.0,4.07,0.61,9.35,1036.0,235.0,2.97,0.67,13.79,576.0,242.0,1.65,0.69,25.54,2624.0,326.0,7.53,0.9,7.55,1900.0,287.0,5.45,0.8,9.18,973.0,189.0,2.79,0.53,11.81,3965.0,445.0,11.38,1.22,6.82,5714.0,612.0,16.4,1.66,6.51,10163.0,763.0,29.17,1.94,4.56,2783.0,472.0,7.99,1.33,10.31,1625.0,291.0,4.66,0.82,10.89,2023.0,289.0,5.81,0.8,8.68,1415.0,224.0,4.66,0.73,9.62,1021.0,237.0,3.36,0.78,14.11,1434.0,281.0,4.72,0.92,11.91,2125.0,447.0,7.0,1.46,12.79,2387.0,345.0,7.86,1.12,8.79,3931.0,423.0,12.94,1.36,6.54,3740.0,391.0,12.31,1.25,6.36,5868.0,513.0,19.32,1.63,5.31,3183.0,352.0,10.48,1.13,6.72,5272.0,368.0,17.36,1.14,4.24,23992.0,732.0,78.98,1.55,1.85,9167.0,538.0,30.18,1.62,3.57,6666.0,528.0,21.94,1.66,4.82,2000.0,319.0,6.58,1.04,9.7,1030.0,257.0,3.39,0.84,15.17,3461.0,392.0,11.39,1.26,6.89,67434.0,1946.0,95.77,0.82,1.75,48147.0,1823.0,68.38,1.78,2.3,26335.0,1384.0,37.4,1.67,3.19,2978.0,492.0,4.23,0.69,10.04,34163.0,1051.0,48.28,0.67,1.87,36593.0,1402.0,51.72,1.38,2.33,3655.0,522.0,5.17,0.72,8.68,3819.0,493.0,5.4,0.68,7.85,3968.0,477.0,5.61,0.66,7.31,3759.0,509.0,5.31,0.7,8.23,2877.0,422.0,4.07,0.59,8.92,9956.0,910.0,14.07,1.23,5.56,10712.0,824.0,15.14,1.09,4.68,9165.0,671.0,12.95,0.88,4.45,4730.0,487.0,6.68,0.66,6.26,3987.0,481.0,5.63,0.66,7.33,8139.0,670.0,11.5,0.89,5.0,4146.0,490.0,5.86,0.67,7.18,1843.0,320.0,2.6,0.45,10.56,14042.0,1002.0,19.85,1.31,4.34,56714.0,1406.0,80.15,2.97,1.51,14128.0,906.0,19.97,1.16,3.9,6619.0,1008.0,9.35,1.4,9.26,45955.0,1756.0,64.95,1.72,2.32,2099.0,480.0,2.97,0.67,13.9,896.0,437.0,1.27,0.62,29.65,9614.0,1031.0,13.59,1.41,6.52,4.0,15.0,0.01,0.02,227.96,5569.0,1008.0,7.87,1.41,11.0,13789.0,1421.0,19.49,1.94,6.26,56967.0,1777.0,80.51,1.19,1.9,42790.0,1757.0,60.48,1.84,2.5,1814.0,475.0,2.56,0.67,15.92,135.0,111.0,0.19,0.16,49.98,9534.0,1032.0,13.47,1.41,6.58,4.0,15.0,0.01,0.02,227.96,569.0,249.0,0.8,0.35,26.6,2121.0,413.0,3.0,0.58,11.84
11208,11208,11208,34486.0,1141.0,100,,2.01,14907.0,1067.0,43.23,2.74,4.35,28685.0,1964.0,26.83,1.5,4.16,1428.0,388.0,4.98,1.31,16.52,1777.0,440.0,6.19,1.47,15.05,12843.0,1508.0,44.77,4.27,7.14,6907.0,866.0,24.08,2.53,7.62,5730.0,816.0,19.98,2.49,8.66,69088.0,2843.0,64.63,0.79,2.5,6487.0,945.0,9.39,1.31,8.86,6175.0,915.0,8.94,1.27,9.01,33608.0,2225.0,48.65,2.52,4.02,10890.0,1170.0,15.76,1.56,6.53,78462.0,3153.0,73.4,0.62,2.44,1476.0,365.0,1.88,0.46,15.03,106572.0,4209.0,99.69,0.41,2.4,8857.0,1046.0,8.31,0.92,7.18,28379.0,2051.0,26.55,1.61,4.39,810.0,236.0,2.85,0.81,17.71,65278.0,2822.0,61.06,1.1,2.63,4117.0,666.0,6.31,0.98,9.83,12915.0,1171.0,12.08,0.99,5.51,3930.0,698.0,30.43,4.65,10.8,105268.0,4243.0,98.47,0.89,2.45,102024.0,4174.0,96.92,0.68,2.49,3099.0,714.0,2.94,0.67,14.01,145.0,108.0,0.14,0.1,45.28,106901.0,4199.0,100,,2.39,63708.0,3110.0,59.6,1.73,2.97,60324.0,3124.0,56.43,1.9,3.15,3384.0,728.0,3.17,0.67,13.08,43193.0,2395.0,40.4,1.58,3.37,29082.0,2014.0,67.33,2.79,4.21,14111.0,1499.0,32.67,2.96,6.46,473.0,233.0,1.1,0.54,29.95,9142.0,1528.0,21.17,3.34,10.16,2373.0,763.0,5.49,1.74,19.55,0.0,,0.0,,,31205.0,2090.0,72.25,2.71,4.07,0.0,,0.0,,,98840.0,4063.0,92.46,1.12,2.5,47927.0,3100.0,48.49,2.42,3.93,22760.0,2014.0,23.03,1.8,5.38,35109.0,2711.0,35.52,2.32,4.69,33468.0,1117.0,97.05,0.43,2.03,31560.0,1015.0,91.52,4.22,1.96,81231.0,3230.0,75.99,0.47,2.42,47280.0,2283.0,58.2,1.59,2.94,43956.0,2133.0,54.11,1.51,2.95,3267.0,604.0,4.02,0.73,11.24,57.0,66.0,0.07,0.08,70.39,33951.0,2129.0,41.8,2.03,3.81,,,6.91,1.23,11.24,42680.0,2085.0,39.92,1.16,2.97,11961.0,966.0,28.02,1.8,4.91,1584.0,375.0,3.71,0.86,14.39,21724.0,1489.0,50.9,2.45,4.17,2116.0,511.0,4.96,1.17,14.68,3704.0,786.0,8.68,1.79,12.9,43956.0,2133.0,41.12,1.17,2.95,14.0,22.0,0.03,0.05,95.53,2893.0,504.0,6.58,1.1,10.59,1419.0,390.0,3.23,0.87,16.71,515.0,183.0,1.17,0.41,21.6,4627.0,737.0,10.53,1.6,9.68,5180.0,693.0,11.78,1.47,8.13,572.0,218.0,1.3,0.49,23.17,1985.0,423.0,4.52,0.94,12.95,4664.0,677.0,10.61,1.45,8.82,13588.0,1390.0,30.91,2.78,6.22,4263.0,800.0,9.7,1.76,11.41,2369.0,473.0,5.39,1.04,12.14,1867.0,458.0,4.25,1.02,14.91,3668.0,553.0,10.64,1.56,9.16,1621.0,346.0,4.7,0.99,12.98,2489.0,491.0,7.22,1.4,11.99,2943.0,724.0,8.53,2.08,14.95,3912.0,454.0,11.34,1.26,7.05,5995.0,574.0,17.38,1.56,5.82,4195.0,641.0,12.16,1.81,9.29,5202.0,622.0,15.08,1.73,7.27,2346.0,460.0,6.8,1.31,11.92,2115.0,360.0,6.13,1.02,10.35,26983.0,1126.0,78.24,1.99,2.54,8782.0,798.0,25.47,2.16,5.52,5987.0,835.0,17.36,2.35,8.48,2866.0,381.0,8.31,1.07,8.08,2037.0,449.0,5.91,1.29,13.4,11232.0,1005.0,32.57,2.71,5.44,100482.0,3953.0,94.29,5.26,2.39,52441.0,2901.0,49.21,1.91,3.36,58194.0,3500.0,54.61,2.48,3.66,6090.0,986.0,5.71,0.9,9.84,51834.0,2817.0,48.49,1.82,3.3,55067.0,2256.0,51.51,0.6,2.49,8061.0,899.0,7.54,0.79,6.78,7382.0,997.0,6.91,0.89,8.21,8369.0,1012.0,7.83,0.9,7.35,7812.0,837.0,7.31,0.73,6.51,6189.0,668.0,5.79,0.58,6.56,16698.0,1357.0,15.62,1.11,4.94,12751.0,1207.0,11.93,1.03,5.75,12674.0,1069.0,11.86,0.88,5.13,7554.0,1047.0,7.07,0.94,8.43,6333.0,732.0,5.92,0.64,7.03,8294.0,904.0,7.76,0.79,6.63,3527.0,587.0,3.3,0.53,10.12,1257.0,469.0,1.18,0.44,22.68,28382.0,2051.0,26.55,1.61,4.39,78519.0,3147.0,73.45,0.59,2.44,13078.0,1176.0,12.23,0.99,5.47,8366.0,1411.0,7.83,1.28,10.25,11350.0,1713.0,10.62,1.55,9.17,47996.0,3441.0,44.9,2.69,4.36,115.0,179.0,0.11,0.17,94.62,11220.0,1977.0,10.5,1.8,10.71,303.0,189.0,0.28,0.18,37.92,27551.0,2496.0,25.77,2.1,5.51,42003.0,2869.0,39.29,2.2,4.15,64898.0,3723.0,60.71,2.54,3.49,2716.0,665.0,2.54,0.61,14.88,45166.0,3466.0,42.25,2.79,4.66,115.0,179.0,0.11,0.17,94.62,11202.0,1978.0,10.48,1.8,10.73,303.0,189.0,0.28,0.18,37.92,2212.0,881.0,2.07,0.82,24.21,3184.0,827.0,2.98,0.76,15.79
11210,11210,11210,21440.0,905.0,100,,2.57,6614.0,614.0,30.85,2.55,5.64,17000.0,1426.0,28.15,1.92,5.1,821.0,194.0,4.83,1.07,14.36,913.0,280.0,5.37,1.58,18.64,6199.0,654.0,36.46,2.33,6.41,3476.0,480.0,20.45,2.24,8.39,5591.0,661.0,32.89,2.74,7.19,41573.0,2121.0,68.83,1.01,3.1,2171.0,384.0,5.22,0.88,10.75,2607.0,518.0,6.27,1.2,12.08,9342.0,735.0,22.47,1.35,4.78,16334.0,1114.0,39.29,1.78,4.15,46476.0,2193.0,76.95,5.23,2.87,845.0,256.0,1.82,0.54,18.42,60306.0,2946.0,99.85,0.09,2.97,6764.0,629.0,11.22,0.89,5.65,13913.0,1374.0,23.04,1.98,6.0,390.0,135.0,2.8,0.93,21.04,35831.0,1908.0,59.32,1.26,3.24,3348.0,453.0,9.34,1.16,8.23,10562.0,739.0,17.49,0.88,4.25,3026.0,462.0,28.65,3.89,9.28,59651.0,2925.0,98.76,0.43,2.98,55322.0,2851.0,92.74,1.47,3.13,4071.0,767.0,6.82,1.24,11.45,258.0,144.0,0.43,0.24,33.93,60398.0,2950.0,100,,2.97,37017.0,2247.0,61.29,2.21,3.69,35172.0,2154.0,58.23,2.15,3.72,1845.0,413.0,3.05,0.67,13.61,23381.0,1906.0,38.71,2.53,4.96,16838.0,1323.0,72.02,8.15,4.78,6543.0,1204.0,27.98,4.62,11.19,2192.0,561.0,9.38,2.27,15.56,2392.0,436.0,10.23,1.67,11.08,974.0,296.0,4.17,1.22,18.47,9.0,13.0,0.04,0.06,87.81,17772.0,1638.0,76.01,3.27,5.6,42.0,31.0,0.18,0.13,44.87,56987.0,2814.0,94.35,0.69,3.0,37941.0,2247.0,66.58,2.18,3.6,7050.0,1024.0,12.37,1.69,8.83,3040.0,627.0,5.33,1.07,12.54,20543.0,913.0,95.82,1.33,2.7,19407.0,905.0,90.52,1.79,2.83,48027.0,2294.0,79.52,5.43,2.9,29208.0,1691.0,60.82,1.99,3.52,26971.0,1626.0,56.16,2.07,3.66,2237.0,312.0,4.66,0.61,8.48,0.0,,0.0,,,18819.0,1130.0,39.18,1.43,3.65,,,7.66,0.97,8.48,26429.0,1587.0,43.76,1.53,3.65,7510.0,667.0,28.42,1.86,5.4,1327.0,292.0,5.02,1.06,13.38,12450.0,1111.0,47.11,3.11,5.42,1557.0,309.0,5.89,1.11,12.06,3069.0,421.0,11.61,1.43,8.34,26971.0,1626.0,44.66,1.58,3.66,45.0,60.0,0.17,0.22,81.05,969.0,351.0,3.59,1.28,22.02,456.0,146.0,1.69,0.53,19.46,208.0,78.0,0.77,0.29,22.8,2038.0,414.0,7.56,1.47,12.35,2239.0,321.0,8.3,1.08,8.72,633.0,195.0,2.35,0.71,18.73,1836.0,294.0,6.81,1.01,9.73,3429.0,462.0,12.71,1.53,8.19,11643.0,1066.0,43.17,2.97,5.57,1108.0,267.0,4.11,0.96,14.65,1195.0,270.0,4.43,0.96,13.74,1172.0,240.0,4.35,0.85,12.45,1162.0,267.0,5.42,1.22,13.97,697.0,226.0,3.25,1.05,19.71,990.0,249.0,4.62,1.14,15.29,1408.0,351.0,6.57,1.61,15.15,1953.0,294.0,9.11,1.32,9.15,3572.0,522.0,16.66,2.33,8.88,2541.0,358.0,11.85,1.59,8.56,4366.0,493.0,20.36,2.13,6.86,1977.0,299.0,9.22,1.34,9.19,2774.0,383.0,12.94,1.7,8.39,17064.0,869.0,79.59,2.27,3.1,7029.0,513.0,32.78,1.95,4.44,5418.0,445.0,25.27,1.78,4.99,1218.0,224.0,5.68,1.02,11.18,873.0,209.0,4.07,0.96,14.55,3514.0,452.0,16.39,1.99,7.82,57371.0,2902.0,95.13,1.25,3.07,38712.0,2465.0,64.19,2.62,3.87,25552.0,1671.0,42.37,1.84,3.98,2935.0,558.0,4.87,0.89,11.56,30034.0,1657.0,49.73,1.28,3.35,30364.0,1641.0,50.27,1.16,3.29,3411.0,586.0,5.65,0.93,10.44,3923.0,555.0,6.5,0.86,8.6,4198.0,540.0,6.95,0.83,7.82,3565.0,434.0,5.9,0.66,7.4,3728.0,498.0,6.17,0.77,8.12,8011.0,872.0,13.26,1.29,6.62,8037.0,703.0,13.31,0.97,5.32,7336.0,880.0,12.15,1.33,7.29,3492.0,452.0,5.78,0.69,7.87,4120.0,425.0,6.82,0.62,6.27,6576.0,571.0,10.89,0.78,5.28,2704.0,333.0,4.48,0.51,7.49,1297.0,390.0,2.15,0.64,18.28,13922.0,1373.0,23.05,1.97,6.0,46476.0,2193.0,76.95,5.23,2.87,10577.0,743.0,17.51,0.88,4.27,4658.0,985.0,7.71,1.59,12.85,18556.0,1923.0,30.72,2.81,6.3,30791.0,2470.0,50.98,3.24,4.88,148.0,142.0,0.25,0.23,58.33,3301.0,718.0,5.47,1.16,13.22,34.0,51.0,0.06,0.08,91.19,2910.0,770.0,4.82,1.25,16.09,4499.0,825.0,7.45,1.32,11.15,55899.0,2950.0,92.55,1.85,3.21,18154.0,1894.0,30.06,2.77,6.34,30009.0,2422.0,49.69,3.19,4.91,88.0,114.0,0.15,0.19,78.75,3301.0,718.0,5.47,1.16,13.22,34.0,51.0,0.06,0.08,91.19,650.0,269.0,1.08,0.44,25.16,3663.0,946.0,6.06,1.54,15.7
11211,11211,"11211, 11249",45118.0,1291.0,100,,1.74,10496.0,812.0,23.26,1.67,4.7,25599.0,2380.0,23.05,1.93,5.65,2694.0,525.0,10.52,1.8,11.85,2102.0,490.0,8.21,1.76,14.17,10290.0,1433.0,40.2,4.17,8.47,4517.0,683.0,17.65,2.1,9.19,5996.0,826.0,23.42,2.38,8.37,75360.0,2480.0,67.86,3.54,2.0,4718.0,878.0,6.26,1.15,11.31,5249.0,789.0,6.97,1.02,9.14,12110.0,1091.0,16.07,1.35,5.48,42595.0,1989.0,56.52,1.87,2.84,84530.0,2728.0,76.12,3.94,1.96,512.0,327.0,0.61,0.39,38.83,110811.0,4484.0,99.79,0.2,2.46,8186.0,832.0,7.39,0.69,6.18,26490.0,2603.0,23.86,2.14,5.97,617.0,254.0,2.33,0.93,25.03,75484.0,2647.0,67.98,3.64,2.13,4189.0,563.0,5.55,0.72,8.17,8837.0,1002.0,7.96,0.84,6.89,3380.0,547.0,38.25,4.42,9.84,108678.0,4319.0,97.87,5.55,2.42,90935.0,4208.0,83.67,1.98,2.81,16663.0,1531.0,15.33,1.27,5.59,1080.0,360.0,0.99,0.33,20.26,111044.0,4488.0,100,,2.46,87009.0,4282.0,78.36,2.2,2.99,81556.0,4093.0,73.44,2.19,3.05,5453.0,825.0,4.91,0.72,9.2,24035.0,2015.0,21.64,1.59,5.1,12389.0,1205.0,51.55,2.54,5.91,11646.0,1480.0,48.45,4.63,7.73,7458.0,912.0,31.03,2.76,7.43,5265.0,926.0,21.91,3.39,10.69,627.0,247.0,2.61,1.0,23.95,1131.0,368.0,4.71,1.48,19.78,8996.0,1436.0,37.43,5.08,9.7,558.0,179.0,2.32,0.72,19.5,100654.0,3882.0,90.64,5.06,2.34,51258.0,2704.0,50.92,1.83,3.21,16669.0,2049.0,16.56,1.93,7.47,17535.0,1804.0,17.42,1.66,6.25,40038.0,1326.0,88.74,1.48,2.01,38294.0,1260.0,84.88,1.38,2.0,86754.0,2897.0,78.13,4.1,2.03,65310.0,2452.0,75.28,1.29,2.28,60721.0,2325.0,69.99,1.31,2.33,4571.0,629.0,5.27,0.7,8.37,18.0,38.0,0.02,0.04,128.34,21444.0,1579.0,24.72,1.62,4.48,,,7.0,0.93,8.37,59936.0,2309.0,53.98,3.01,2.34,4256.0,698.0,7.1,1.13,9.97,1527.0,369.0,2.55,0.61,14.69,27835.0,1572.0,46.44,1.92,3.43,7455.0,708.0,12.44,1.08,5.77,15330.0,1344.0,25.58,2.01,5.33,60721.0,2325.0,54.68,3.04,2.33,38.0,45.0,0.06,0.07,71.99,2044.0,445.0,3.37,0.72,13.23,1842.0,390.0,3.03,0.63,12.87,1666.0,381.0,2.74,0.62,13.9,5453.0,633.0,8.98,0.98,7.06,1822.0,435.0,3.0,0.71,14.51,5216.0,623.0,8.59,0.97,7.26,7549.0,907.0,12.43,1.42,7.3,15224.0,1211.0,25.07,1.75,4.84,11125.0,931.0,18.32,1.36,5.09,5312.0,695.0,8.75,1.09,7.95,1876.0,577.0,3.09,0.94,18.7,1554.0,418.0,2.56,0.68,16.35,2235.0,396.0,4.95,0.87,10.77,2018.0,451.0,4.47,0.99,13.59,2785.0,514.0,6.17,1.13,11.22,2268.0,529.0,5.03,1.16,14.18,3683.0,599.0,8.16,1.31,9.89,4364.0,580.0,9.67,1.26,8.08,3454.0,443.0,7.66,0.96,7.8,6144.0,685.0,13.62,1.47,6.78,4759.0,675.0,10.55,1.47,8.62,13408.0,1058.0,29.72,2.19,4.8,39875.0,1284.0,88.38,1.31,1.96,6178.0,610.0,13.69,1.29,6.0,3446.0,489.0,7.64,1.06,8.63,2319.0,447.0,5.14,0.98,11.72,3515.0,600.0,7.79,1.31,10.38,8597.0,817.0,19.05,1.73,5.78,106062.0,4383.0,95.71,0.8,2.51,63768.0,2872.0,57.55,1.14,2.74,47905.0,3824.0,43.23,2.97,4.85,4749.0,765.0,4.29,0.67,9.79,54740.0,2723.0,49.3,1.43,3.02,56304.0,2567.0,50.7,1.07,2.77,10390.0,1282.0,9.36,1.09,7.5,6233.0,941.0,5.61,0.82,9.18,6354.0,859.0,5.72,0.74,8.22,5645.0,876.0,5.08,0.76,9.43,7062.0,948.0,6.36,0.81,8.16,31470.0,1564.0,28.34,0.82,3.02,18292.0,1424.0,16.47,1.1,4.73,9247.0,1097.0,8.33,0.93,7.21,4187.0,756.0,3.77,0.66,10.98,3200.0,519.0,2.88,0.45,9.86,5424.0,707.0,4.88,0.61,7.92,2305.0,442.0,2.08,0.39,11.66,1235.0,395.0,1.11,0.35,19.44,26496.0,2603.0,23.86,2.14,5.97,84548.0,2728.0,76.14,3.94,1.96,8964.0,1002.0,8.07,0.84,6.8,10646.0,1172.0,9.59,0.98,6.69,71998.0,3910.0,64.84,2.35,3.3,8379.0,1938.0,7.55,1.72,14.06,507.0,316.0,0.46,0.28,37.89,6982.0,1201.0,6.29,1.05,10.46,0.0,,0.0,,,12532.0,1925.0,11.29,1.67,9.34,25537.0,2334.0,23.0,1.89,5.56,85507.0,4004.0,77.0,1.82,2.85,67121.0,3779.0,60.45,2.37,3.42,6566.0,1657.0,5.91,1.47,15.34,96.0,135.0,0.09,0.12,85.49,6898.0,1197.0,6.21,1.05,10.55,0.0,,0.0,,,698.0,374.0,0.63,0.34,32.57,4128.0,740.0,3.72,0.65,10.9
11212,11212,11212,32588.0,1152.0,100,,2.15,10330.0,888.0,31.7,2.48,5.23,23025.0,1919.0,26.18,1.94,5.07,1701.0,427.0,7.39,1.75,15.26,1451.0,615.0,6.3,2.62,25.77,10649.0,1310.0,46.25,4.18,7.48,4615.0,705.0,20.04,2.57,9.29,4609.0,847.0,20.02,3.28,11.17,58490.0,2429.0,66.51,1.09,2.52,4082.0,663.0,6.98,1.1,9.87,8872.0,960.0,15.17,1.52,6.58,21598.0,1658.0,36.93,2.38,4.67,9593.0,1334.0,16.4,2.18,8.45,66073.0,2378.0,75.13,3.94,2.19,1291.0,362.0,1.95,0.54,17.05,87248.0,3360.0,99.21,0.54,2.34,13542.0,1497.0,15.52,1.61,6.72,21818.0,2073.0,24.81,2.16,5.78,1025.0,409.0,4.7,1.82,24.26,54161.0,2393.0,61.58,1.38,2.69,7600.0,1183.0,14.03,2.09,9.46,11269.0,918.0,12.81,0.92,4.95,4917.0,683.0,43.63,4.91,8.44,87253.0,3301.0,99.21,5.33,2.3,78061.0,3331.0,89.47,1.77,2.59,8774.0,1213.0,10.06,1.34,8.4,418.0,242.0,0.48,0.28,35.19,87946.0,3353.0,100,,2.32,58221.0,2873.0,66.2,2.07,3.0,55343.0,2814.0,62.93,2.12,3.09,2878.0,644.0,3.27,0.72,13.6,29725.0,2455.0,33.8,2.48,5.02,17987.0,1615.0,60.51,2.13,5.46,11738.0,1863.0,39.49,5.35,9.65,325.0,193.0,1.09,0.64,36.1,1399.0,450.0,4.71,1.46,19.55,1914.0,874.0,6.44,2.89,27.76,1.0,,0.0,,,26039.0,2285.0,87.6,2.6,5.33,47.0,52.0,0.16,0.17,67.26,81651.0,2927.0,92.84,4.86,2.18,63116.0,2238.0,77.3,3.9,2.16,8175.0,1437.0,10.01,1.72,10.69,11271.0,1722.0,13.8,2.05,9.29,28584.0,1342.0,87.71,2.71,2.85,27234.0,1501.0,83.57,3.53,3.35,68188.0,2377.0,77.53,4.01,2.12,38627.0,2298.0,56.65,2.73,3.62,33270.0,2064.0,48.79,2.5,3.77,5337.0,1206.0,7.83,1.75,13.74,20.0,31.0,0.03,0.05,94.22,29561.0,1648.0,43.35,1.89,3.39,,,13.82,3.01,13.74,31482.0,1955.0,35.8,1.75,3.78,4702.0,744.0,14.94,2.17,9.62,1275.0,406.0,4.05,1.26,19.36,21677.0,1774.0,68.86,3.67,4.97,1350.0,407.0,4.29,1.27,18.33,1206.0,375.0,3.83,1.17,18.9,33270.0,2064.0,37.83,1.85,3.77,62.0,52.0,0.19,0.16,50.99,1547.0,459.0,4.65,1.35,18.04,820.0,365.0,2.46,1.09,27.06,140.0,129.0,0.42,0.39,56.01,3523.0,780.0,10.59,2.25,13.46,3415.0,672.0,10.26,1.92,11.96,338.0,211.0,1.02,0.63,37.95,1576.0,362.0,4.74,1.05,13.96,3525.0,691.0,10.6,1.97,11.92,12936.0,1252.0,38.88,2.89,5.88,2085.0,443.0,6.27,1.27,12.92,1939.0,443.0,5.83,1.28,13.89,1364.0,315.0,4.1,0.91,14.04,4902.0,707.0,15.04,2.1,8.77,3574.0,703.0,10.97,2.12,11.96,3490.0,630.0,10.71,1.9,10.97,3004.0,564.0,9.22,1.7,11.41,4108.0,543.0,12.61,1.61,8.04,5113.0,771.0,15.69,2.3,9.17,3014.0,576.0,9.25,1.74,11.62,2685.0,618.0,8.24,1.87,13.99,1595.0,378.0,4.89,1.15,14.41,1103.0,283.0,3.38,0.86,15.6,22324.0,1190.0,68.5,2.73,3.24,9783.0,924.0,30.02,2.63,5.74,6237.0,588.0,19.14,1.67,5.73,4194.0,603.0,12.87,1.79,8.74,3821.0,801.0,11.73,2.42,12.74,14457.0,1203.0,44.36,3.34,5.06,81569.0,3303.0,93.49,1.17,2.46,33173.0,2378.0,38.02,2.3,4.36,56044.0,3731.0,64.24,3.49,4.05,5679.0,891.0,6.51,0.99,9.54,37390.0,2113.0,42.51,1.77,3.44,50556.0,2318.0,57.49,1.46,2.79,6295.0,1004.0,7.16,1.11,9.7,6311.0,1016.0,7.18,1.12,9.79,5958.0,890.0,6.77,0.98,9.08,5502.0,863.0,6.26,0.95,9.54,5390.0,858.0,6.13,0.95,9.68,13735.0,1315.0,15.62,1.37,5.82,11172.0,1179.0,12.7,1.25,6.42,8848.0,931.0,10.06,0.99,6.4,6389.0,826.0,7.26,0.9,7.86,6696.0,942.0,7.61,1.03,8.55,7166.0,705.0,8.15,0.74,5.98,3422.0,556.0,3.89,0.61,9.88,1062.0,312.0,1.21,0.35,17.86,21853.0,2072.0,24.85,2.16,5.76,66093.0,2373.0,75.15,3.94,2.18,11650.0,933.0,13.25,0.93,4.87,10978.0,2322.0,12.48,2.6,12.86,5860.0,1441.0,6.66,1.62,14.95,61636.0,2997.0,70.08,2.12,2.96,218.0,185.0,0.25,0.21,51.59,993.0,429.0,1.13,0.49,26.26,43.0,78.0,0.05,0.09,110.27,8218.0,1769.0,9.34,1.98,13.09,17172.0,2101.0,19.53,2.27,7.44,70774.0,3066.0,80.47,1.66,2.63,3360.0,1176.0,3.82,1.33,21.28,59591.0,3005.0,67.76,2.24,3.07,113.0,119.0,0.13,0.14,64.02,993.0,429.0,1.13,0.49,26.26,0.0,,0.0,,,979.0,636.0,1.11,0.72,39.49,5738.0,1792.0,6.52,2.02,18.99
11213,11213,11213,27060.0,955.0,100,,2.15,7586.0,723.0,28.03,2.48,5.79,18129.0,1643.0,26.04,2.12,5.51,1352.0,415.0,7.46,2.19,18.66,918.0,319.0,5.06,1.7,21.12,6821.0,886.0,37.62,3.5,7.9,3644.0,618.0,20.1,2.88,10.31,5394.0,846.0,29.75,3.81,9.53,46710.0,1784.0,67.08,3.69,2.32,3064.0,570.0,6.56,1.19,11.31,4377.0,640.0,9.37,1.32,8.89,11011.0,921.0,23.57,1.75,5.08,15887.0,1252.0,34.01,2.34,4.79,53455.0,1931.0,76.77,4.11,2.2,801.0,210.0,1.5,0.39,15.94,69279.0,2754.0,99.5,0.42,2.42,8443.0,794.0,12.19,1.04,5.72,16132.0,1414.0,23.17,1.81,5.33,589.0,188.0,3.65,1.12,19.4,43913.0,2060.0,63.07,1.59,2.85,4397.0,623.0,10.01,1.34,8.61,9234.0,962.0,13.26,1.28,6.33,3457.0,473.0,37.44,3.32,8.32,68409.0,2595.0,98.25,5.38,2.31,61251.0,2747.0,89.54,2.14,2.73,6831.0,1117.0,9.99,1.59,9.94,327.0,226.0,0.48,0.33,42.01,69630.0,2752.0,100,,2.4,47297.0,2878.0,67.93,3.14,3.7,44518.0,2767.0,63.94,3.07,3.78,2779.0,619.0,3.99,0.87,13.54,22333.0,1816.0,32.07,2.28,4.94,14281.0,1155.0,63.95,7.33,4.92,8052.0,1443.0,36.05,5.76,10.89,1623.0,304.0,7.27,1.23,11.39,1868.0,419.0,8.36,1.75,13.64,795.0,288.0,3.56,1.26,22.02,79.0,77.0,0.35,0.34,59.25,17677.0,1855.0,79.15,5.25,6.38,291.0,161.0,1.3,0.71,33.63,64711.0,2478.0,92.94,5.11,2.33,49310.0,2464.0,76.2,2.45,3.04,6225.0,1214.0,9.62,1.84,11.86,5631.0,1182.0,8.7,1.8,12.76,25297.0,1029.0,93.48,1.89,2.47,23121.0,1027.0,85.44,2.3,2.7,55077.0,1984.0,79.1,4.23,2.19,36287.0,1680.0,65.88,1.92,2.81,32641.0,1594.0,59.26,1.95,2.97,3609.0,579.0,6.55,1.02,9.75,37.0,51.0,0.07,0.09,83.79,18790.0,1443.0,34.12,2.31,4.67,,,9.95,1.53,9.75,30486.0,1602.0,43.78,1.52,3.19,4887.0,715.0,16.03,2.19,8.89,944.0,331.0,3.1,1.07,21.32,16323.0,1283.0,53.54,3.13,4.78,2734.0,430.0,8.97,1.33,9.56,4323.0,723.0,14.18,2.25,10.17,32641.0,1594.0,46.88,1.34,2.97,21.0,31.0,0.06,0.09,89.74,1200.0,319.0,3.68,0.96,16.16,362.0,162.0,1.11,0.49,27.2,340.0,154.0,1.04,0.47,27.53,2156.0,403.0,6.61,1.19,11.36,1985.0,391.0,6.08,1.16,11.97,1917.0,379.0,5.87,1.13,12.02,2071.0,515.0,6.34,1.55,15.12,3970.0,462.0,12.16,1.28,7.07,11240.0,986.0,34.44,2.51,5.33,2950.0,584.0,9.04,1.73,12.03,2315.0,390.0,7.09,1.14,10.24,2114.0,349.0,6.48,1.02,10.04,1979.0,376.0,7.31,1.37,11.55,1993.0,483.0,7.37,1.77,14.73,2562.0,470.0,9.47,1.7,11.15,1883.0,457.0,6.96,1.67,14.75,3063.0,504.0,11.32,1.82,10.0,3404.0,489.0,12.58,1.75,8.73,3257.0,501.0,12.04,1.8,9.35,4257.0,698.0,15.73,2.52,9.97,2177.0,425.0,8.05,1.54,11.87,2485.0,403.0,9.18,1.45,9.86,21556.0,1161.0,79.66,3.24,3.27,6034.0,575.0,22.3,1.97,5.79,4094.0,539.0,15.13,1.92,8.0,2647.0,441.0,9.78,1.59,10.13,1880.0,408.0,6.95,1.49,13.19,7024.0,728.0,25.96,2.53,6.3,64665.0,2683.0,93.34,1.11,2.52,40322.0,2299.0,58.2,2.38,3.47,34681.0,2413.0,50.06,2.86,4.23,4614.0,771.0,6.66,1.08,10.16,32557.0,1735.0,46.76,1.67,3.24,37073.0,1741.0,53.24,1.35,2.85,4919.0,811.0,7.06,1.13,10.02,4013.0,702.0,5.76,0.98,10.63,4634.0,672.0,6.66,0.93,8.82,4079.0,643.0,5.86,0.89,9.58,5275.0,670.0,7.58,0.91,7.72,12355.0,1088.0,17.74,1.4,5.35,9342.0,1015.0,13.42,1.36,6.6,7841.0,738.0,11.26,0.96,5.72,4054.0,561.0,5.82,0.77,8.41,3638.0,592.0,5.22,0.82,9.89,5714.0,657.0,8.21,0.89,6.99,2852.0,575.0,4.1,0.81,12.26,914.0,244.0,1.31,0.35,16.23,16175.0,1420.0,23.23,1.82,5.34,53455.0,1931.0,76.77,4.11,2.2,9480.0,964.0,13.61,1.28,6.18,5299.0,985.0,7.61,1.38,11.3,17385.0,1799.0,24.97,2.39,6.29,40773.0,2601.0,58.56,2.93,3.88,34.0,38.0,0.05,0.05,67.94,1179.0,295.0,1.69,0.42,15.21,15.0,24.0,0.02,0.03,97.26,4945.0,1243.0,7.1,1.76,15.28,9129.0,1543.0,13.11,2.15,10.27,60501.0,2764.0,86.89,1.99,2.78,15711.0,1757.0,22.56,2.36,6.8,39172.0,2578.0,56.26,2.96,4.0,34.0,38.0,0.05,0.05,67.94,1179.0,295.0,1.69,0.42,15.21,6.0,15.0,0.01,0.02,151.98,1504.0,751.0,2.16,1.08,30.35,2895.0,805.0,4.16,1.14,16.9
11218,11218,11218,26053.0,1121.0,100,,2.62,8621.0,791.0,33.09,2.68,5.58,19958.0,1762.0,27.99,2.04,5.37,1613.0,315.0,8.08,1.41,11.87,1124.0,258.0,5.63,1.19,13.95,8426.0,917.0,42.22,2.69,6.62,3984.0,695.0,19.96,3.0,10.6,4811.0,863.0,24.11,3.76,10.9,48420.0,2306.0,67.9,4.68,2.9,3523.0,595.0,7.28,1.18,10.27,3140.0,629.0,6.48,1.26,12.18,9208.0,1115.0,19.02,2.12,7.36,24674.0,1478.0,50.96,1.85,3.64,53368.0,2619.0,74.84,5.23,2.98,876.0,332.0,1.64,0.62,23.04,70953.0,3549.0,99.5,0.49,3.04,7127.0,724.0,10.04,0.89,6.18,17928.0,1450.0,25.14,1.6,4.92,676.0,205.0,3.77,1.1,18.43,43489.0,2514.0,60.98,1.79,3.51,3219.0,500.0,7.4,1.07,9.44,9536.0,815.0,13.37,0.93,5.2,3232.0,493.0,33.89,4.28,9.27,70304.0,3500.0,98.59,0.06,3.03,63907.0,3369.0,90.9,1.58,3.2,5755.0,1223.0,8.19,1.69,12.92,642.0,264.0,0.91,0.37,25.0,71313.0,3550.0,100,,3.03,48073.0,2797.0,67.41,2.03,3.54,45378.0,2806.0,63.63,2.33,3.76,2695.0,565.0,3.78,0.77,12.74,23240.0,2081.0,32.59,2.43,5.44,15144.0,1548.0,65.16,3.21,6.21,8096.0,1204.0,34.84,4.14,9.04,4959.0,697.0,21.34,2.31,8.54,10455.0,1446.0,44.99,4.74,8.41,720.0,310.0,3.1,1.3,26.17,290.0,348.0,1.25,1.49,72.95,6502.0,944.0,27.98,3.2,8.83,314.0,132.0,1.35,0.55,25.56,66926.0,3313.0,93.85,6.59,3.01,33176.0,2195.0,49.57,2.18,4.02,13387.0,1354.0,20.0,1.76,6.15,8215.0,1158.0,12.27,1.62,8.57,24357.0,1135.0,93.49,1.67,2.83,22867.0,1212.0,87.77,2.72,3.22,55571.0,2675.0,77.93,5.4,2.93,36664.0,1933.0,65.98,1.42,3.2,34472.0,1903.0,62.03,1.68,3.36,2192.0,364.0,3.94,0.63,10.09,0.0,,0.0,,,18907.0,1382.0,34.02,1.87,4.44,,,5.98,0.94,10.09,33858.0,1862.0,47.48,1.11,3.34,5779.0,974.0,17.07,2.72,10.25,1360.0,377.0,4.02,1.09,16.85,15003.0,1055.0,44.31,1.94,4.27,2431.0,473.0,7.18,1.34,11.83,7526.0,729.0,22.23,1.77,5.89,34472.0,1903.0,48.34,1.15,3.36,58.0,48.0,0.17,0.14,50.31,1771.0,344.0,5.14,0.96,11.81,736.0,193.0,2.14,0.55,15.94,647.0,186.0,1.88,0.53,17.48,2859.0,523.0,8.29,1.45,11.12,2006.0,507.0,5.82,1.44,15.36,2421.0,406.0,7.02,1.11,10.19,2037.0,346.0,5.91,0.95,10.33,5292.0,664.0,15.35,1.73,7.63,10433.0,814.0,30.27,1.67,4.74,2831.0,615.0,8.21,1.73,13.21,2071.0,531.0,6.01,1.5,15.59,1310.0,248.0,3.8,0.69,11.51,987.0,227.0,3.79,0.86,13.98,978.0,260.0,3.75,0.98,16.16,991.0,230.0,3.8,0.87,14.11,1858.0,341.0,7.13,1.27,11.16,1851.0,363.0,7.1,1.36,11.92,3926.0,695.0,15.07,2.59,10.76,2940.0,431.0,11.28,1.58,8.91,4489.0,541.0,17.23,1.94,7.33,2771.0,318.0,10.64,1.13,6.98,5262.0,883.0,20.2,3.28,10.2,21686.0,1156.0,83.24,2.62,3.24,6278.0,521.0,24.1,1.71,5.04,4889.0,591.0,18.77,2.12,7.35,1805.0,443.0,6.93,1.67,14.92,1579.0,476.0,6.06,1.81,18.33,4136.0,618.0,15.88,2.27,9.08,68012.0,3469.0,95.86,0.96,3.1,43558.0,2697.0,61.39,2.24,3.76,31775.0,2751.0,44.78,3.16,5.26,2941.0,560.0,4.14,0.76,11.58,36111.0,2127.0,50.64,1.59,3.58,35202.0,1831.0,49.36,0.74,3.16,4387.0,587.0,6.15,0.76,8.13,4869.0,540.0,6.83,0.68,6.74,5460.0,745.0,7.66,0.97,8.29,5049.0,773.0,7.08,1.03,9.31,3128.0,556.0,4.39,0.75,10.81,9309.0,1123.0,13.05,1.43,7.33,11241.0,907.0,15.76,1.0,4.9,9957.0,954.0,13.96,1.14,5.82,4221.0,676.0,5.92,0.9,9.74,3896.0,499.0,5.46,0.64,7.79,6038.0,646.0,8.47,0.8,6.5,2837.0,474.0,3.98,0.63,10.16,921.0,235.0,1.29,0.32,15.51,17945.0,1449.0,25.16,1.6,4.91,53368.0,2619.0,74.84,5.23,2.98,9796.0,818.0,13.74,0.92,5.08,8146.0,1110.0,11.42,1.45,8.28,37197.0,2534.0,52.16,2.43,4.14,6725.0,1444.0,9.43,1.97,13.05,618.0,318.0,0.87,0.44,31.28,13344.0,1642.0,18.71,2.11,7.48,0.0,,0.0,,,5283.0,1185.0,7.41,1.62,13.64,12210.0,1313.0,17.12,1.63,6.54,59103.0,3209.0,82.88,1.8,3.3,34978.0,2531.0,49.05,2.58,4.4,6484.0,1447.0,9.09,1.98,13.57,22.0,36.0,0.03,0.05,99.47,13104.0,1626.0,18.38,2.09,7.54,0.0,,0.0,,,545.0,283.0,0.76,0.4,31.57,3970.0,658.0,5.57,0.88,10.08
11214,11214,11214,31006.0,877.0,100,,1.72,9212.0,692.0,29.71,2.07,4.57,21824.0,1874.0,24.52,1.86,5.22,1703.0,404.0,7.8,1.73,14.42,1025.0,232.0,4.7,0.98,13.76,8872.0,971.0,40.65,2.76,6.65,4690.0,683.0,21.49,2.53,8.85,5534.0,620.0,25.36,1.82,6.81,63263.0,2158.0,71.09,3.75,2.07,10398.0,1119.0,16.44,1.68,6.54,4733.0,607.0,7.48,0.92,7.8,16223.0,1045.0,25.64,1.4,3.92,20515.0,1256.0,32.43,1.65,3.72,69635.0,2353.0,78.25,4.11,2.05,1066.0,234.0,1.53,0.33,13.34,88371.0,3579.0,99.3,0.48,2.46,10217.0,886.0,11.56,0.89,5.27,19354.0,1627.0,21.75,1.61,5.11,522.0,213.0,2.7,1.08,24.81,52950.0,2298.0,59.5,0.97,2.64,3391.0,421.0,6.4,0.74,7.55,16067.0,893.0,18.05,0.69,3.38,6304.0,742.0,39.24,4.07,7.16,88240.0,3546.0,99.15,5.64,2.44,80783.0,3341.0,91.55,0.89,2.51,6737.0,1288.0,7.63,1.43,11.62,720.0,235.0,0.82,0.26,19.84,88994.0,3579.0,100,,2.44,39360.0,2478.0,44.23,2.14,3.83,37572.0,2393.0,42.22,2.09,3.87,1788.0,544.0,2.01,0.61,18.5,49634.0,2432.0,55.77,1.56,2.98,29334.0,1326.0,59.1,3.94,2.75,20300.0,1939.0,40.9,3.35,5.81,13586.0,1374.0,27.37,2.42,6.15,27499.0,1819.0,55.4,2.46,4.02,1490.0,466.0,3.0,0.93,19.01,0.0,,0.0,,,6940.0,1188.0,13.98,2.29,10.41,119.0,115.0,0.24,0.23,58.75,84305.0,3354.0,94.73,5.36,2.42,21973.0,1501.0,26.06,1.45,4.15,39769.0,2355.0,47.17,2.07,3.6,10858.0,1758.0,12.88,2.02,9.84,28688.0,929.0,92.52,1.46,1.97,27282.0,876.0,87.99,1.34,1.95,71780.0,2545.0,80.66,4.32,2.16,42052.0,1975.0,58.58,1.8,2.86,39095.0,1800.0,54.47,1.6,2.8,2957.0,461.0,4.12,0.63,9.48,0.0,,0.0,,,29728.0,1518.0,41.42,1.52,3.1,,,7.03,1.05,9.48,37373.0,1656.0,41.99,0.78,2.69,8963.0,702.0,23.98,1.55,4.76,1419.0,232.0,3.8,0.6,9.94,18159.0,1242.0,48.59,2.53,4.16,3105.0,527.0,8.31,1.36,10.32,4328.0,503.0,11.58,1.24,7.07,39095.0,1800.0,43.93,0.98,2.8,64.0,66.0,0.16,0.17,62.69,3459.0,575.0,8.85,1.41,10.11,1871.0,346.0,4.79,0.86,11.24,756.0,204.0,1.93,0.51,16.4,3693.0,527.0,9.45,1.28,8.67,3513.0,455.0,8.99,1.09,7.87,591.0,154.0,1.51,0.39,15.84,3530.0,492.0,9.03,1.19,8.47,4068.0,524.0,10.41,1.25,7.83,11561.0,991.0,29.57,2.14,5.21,2917.0,461.0,7.46,1.13,9.61,1671.0,283.0,4.27,0.7,10.3,1401.0,247.0,3.58,0.61,10.72,1657.0,275.0,5.34,0.87,10.09,2303.0,356.0,7.43,1.13,9.4,2624.0,430.0,8.46,1.37,9.96,1988.0,297.0,6.41,0.94,9.08,3345.0,504.0,10.79,1.6,9.16,5314.0,560.0,17.14,1.74,6.41,3498.0,358.0,11.28,1.11,6.22,4426.0,474.0,14.27,1.47,6.51,2677.0,428.0,8.63,1.36,9.72,3174.0,394.0,10.24,1.24,7.55,23523.0,963.0,75.87,2.25,2.49,9404.0,571.0,30.33,1.63,3.69,5090.0,438.0,16.42,1.33,5.23,3284.0,430.0,10.59,1.35,7.96,1389.0,258.0,4.48,0.82,11.29,8351.0,644.0,26.93,1.93,4.69,81401.0,3182.0,92.11,5.18,2.38,40886.0,2320.0,46.27,1.84,3.45,48023.0,2452.0,54.34,1.69,3.1,6970.0,1109.0,7.89,1.21,9.67,43694.0,1787.0,49.1,0.37,2.49,45300.0,2090.0,50.9,1.15,2.8,4689.0,773.0,5.27,0.84,10.02,5163.0,719.0,5.8,0.77,8.47,6154.0,833.0,6.92,0.89,8.23,5104.0,716.0,5.74,0.77,8.53,4621.0,558.0,5.19,0.59,7.34,11179.0,990.0,12.56,0.99,5.38,11961.0,854.0,13.44,0.79,4.34,11194.0,900.0,12.58,0.88,4.89,5713.0,551.0,6.42,0.56,5.86,6603.0,736.0,7.42,0.77,6.78,9146.0,771.0,10.28,0.76,5.12,4733.0,640.0,5.32,0.69,8.22,2734.0,466.0,3.07,0.51,10.36,19359.0,1627.0,21.75,1.61,5.11,69635.0,2353.0,78.25,4.11,2.05,16613.0,898.0,18.67,0.67,3.29,5512.0,1255.0,6.19,1.39,13.84,37446.0,2141.0,42.08,1.71,3.48,1961.0,555.0,2.2,0.62,17.2,864.0,538.0,0.97,0.6,37.85,33593.0,2246.0,37.75,2.02,4.06,20.0,25.0,0.02,0.03,75.99,9598.0,1831.0,10.78,2.01,11.6,14851.0,1926.0,16.69,2.06,7.88,74143.0,3589.0,83.31,2.24,2.94,35210.0,2183.0,39.56,1.87,3.77,1618.0,551.0,1.82,0.61,20.7,76.0,116.0,0.09,0.13,92.79,33498.0,2238.0,37.64,2.01,4.06,20.0,25.0,0.02,0.03,75.99,992.0,578.0,1.11,0.65,35.42,2729.0,939.0,3.07,1.05,20.92
11215,11215,11215,29747.0,1097.0,100,,2.24,9072.0,776.0,30.5,2.35,5.2,14099.0,1016.0,19.88,1.21,4.38,1435.0,279.0,10.18,1.84,11.82,786.0,218.0,5.57,1.49,16.86,6617.0,684.0,46.93,3.48,6.28,2424.0,349.0,17.19,2.14,8.75,2837.0,407.0,20.12,2.5,8.72,52975.0,1960.0,74.69,3.98,2.25,1333.0,314.0,2.52,0.59,14.32,941.0,272.0,1.78,0.51,17.57,3364.0,680.0,6.35,1.26,12.29,42503.0,1955.0,80.23,2.19,2.8,55567.0,1990.0,78.35,4.11,2.18,821.0,217.0,1.48,0.39,16.07,70791.0,2719.0,99.82,0.21,2.33,3923.0,513.0,5.54,0.69,7.95,15341.0,1103.0,21.63,1.32,4.37,371.0,150.0,2.42,0.96,24.58,47338.0,1936.0,66.75,0.95,2.49,1574.0,261.0,3.33,0.53,10.08,8112.0,727.0,11.44,0.93,5.45,1978.0,370.0,24.38,4.0,11.37,69607.0,2704.0,98.15,0.61,2.36,59860.0,2738.0,86.0,2.08,2.78,9240.0,1063.0,13.27,1.44,6.99,507.0,267.0,0.73,0.38,32.01,70922.0,2720.0,100,,2.33,57957.0,2372.0,81.72,1.17,2.49,55788.0,2258.0,78.66,1.02,2.46,2169.0,419.0,3.06,0.58,11.74,12965.0,1184.0,18.28,1.52,5.55,7453.0,921.0,57.49,4.79,7.51,5512.0,747.0,42.51,4.26,8.24,4155.0,659.0,32.05,4.16,9.64,3820.0,721.0,29.46,4.87,11.47,235.0,115.0,1.81,0.87,29.75,253.0,133.0,1.95,1.01,31.96,3818.0,639.0,29.45,4.13,10.17,684.0,274.0,5.28,2.06,24.35,65672.0,2538.0,92.6,0.44,2.35,49923.0,2182.0,76.02,1.55,2.66,3711.0,706.0,5.65,1.05,11.57,6201.0,816.0,9.44,1.19,8.0,29338.0,1103.0,98.63,0.72,2.29,28692.0,1108.0,96.45,1.11,2.35,56734.0,1988.0,79.99,4.16,2.13,44672.0,1817.0,78.74,1.63,2.47,41958.0,1838.0,73.96,1.94,2.66,2701.0,491.0,4.76,0.85,11.05,13.0,20.0,0.02,0.04,93.52,12062.0,811.0,21.26,1.22,4.09,,,6.05,1.07,11.05,41346.0,1836.0,58.3,1.3,2.7,2804.0,398.0,6.78,0.91,8.63,713.0,202.0,1.72,0.48,17.22,18666.0,1082.0,45.15,1.68,3.52,3450.0,572.0,8.34,1.33,10.08,13626.0,1151.0,32.96,2.37,5.14,41958.0,1838.0,59.16,1.25,2.66,37.0,41.0,0.09,0.1,67.36,1416.0,580.0,3.37,1.37,24.9,1028.0,217.0,2.45,0.51,12.83,631.0,213.0,1.5,0.5,20.52,2170.0,411.0,5.17,0.95,11.51,437.0,123.0,1.04,0.29,17.11,4271.0,604.0,10.18,1.37,8.6,4736.0,670.0,11.29,1.52,8.6,11022.0,1158.0,26.27,2.51,6.39,10030.0,700.0,23.9,1.3,4.24,3251.0,405.0,7.75,0.9,7.57,1788.0,405.0,4.26,0.95,13.77,1141.0,303.0,2.72,0.71,16.14,976.0,279.0,3.28,0.93,17.38,284.0,106.0,0.95,0.35,22.69,816.0,260.0,2.74,0.87,19.37,675.0,274.0,2.27,0.92,24.68,871.0,238.0,2.93,0.79,16.61,2357.0,425.0,7.92,1.4,10.96,2077.0,388.0,6.98,1.28,11.36,4461.0,519.0,15.0,1.65,7.07,3990.0,606.0,13.41,1.98,9.23,13240.0,931.0,44.51,2.66,4.27,27037.0,1144.0,90.89,1.89,2.57,5016.0,496.0,16.86,1.55,6.01,4795.0,560.0,16.12,1.79,7.1,506.0,160.0,1.7,0.53,19.22,1084.0,356.0,3.64,1.19,19.96,1021.0,203.0,3.43,0.67,12.09,68743.0,2736.0,97.11,1.01,2.42,60791.0,2381.0,85.87,0.66,2.38,14289.0,1335.0,20.18,1.72,5.68,2048.0,441.0,2.89,0.61,13.09,35423.0,1662.0,49.95,1.35,2.85,35499.0,1648.0,50.05,1.31,2.82,5250.0,566.0,7.4,0.75,6.55,4122.0,605.0,5.81,0.82,8.92,4143.0,511.0,5.84,0.68,7.5,2415.0,337.0,3.41,0.46,8.48,2017.0,313.0,2.84,0.43,9.43,13249.0,1082.0,18.68,1.35,4.96,14786.0,1089.0,20.85,1.31,4.48,9901.0,891.0,13.96,1.14,5.47,3858.0,543.0,5.44,0.74,8.56,2998.0,565.0,4.23,0.78,11.46,5305.0,579.0,7.48,0.76,6.63,2364.0,421.0,3.33,0.58,10.83,514.0,218.0,0.72,0.31,25.78,15342.0,1103.0,21.63,1.32,4.37,55580.0,1991.0,78.37,4.11,2.18,8183.0,720.0,11.54,0.91,5.35,7844.0,917.0,11.06,1.22,7.11,50513.0,2477.0,71.22,2.18,2.98,2582.0,493.0,3.64,0.68,11.61,298.0,204.0,0.42,0.29,41.61,6460.0,1043.0,9.11,1.43,9.81,0.0,,0.0,,,3225.0,700.0,4.55,0.97,13.19,10299.0,1099.0,14.52,1.45,6.49,60623.0,2370.0,85.48,0.65,2.38,47727.0,2296.0,67.3,1.95,2.92,2308.0,464.0,3.25,0.64,12.22,76.0,57.0,0.11,0.08,45.59,6335.0,1023.0,8.93,1.4,9.82,0.0,,0.0,,,332.0,131.0,0.47,0.18,23.99,3845.0,653.0,5.42,0.9,10.32
11216,11216,11216,26664.0,917.0,100,,2.09,4732.0,523.0,17.75,1.86,6.72,10550.0,1234.0,17.61,1.94,7.11,814.0,262.0,7.72,2.31,19.57,686.0,233.0,6.5,2.07,20.65,3536.0,650.0,33.52,4.75,11.17,1808.0,390.0,17.14,3.11,13.11,3706.0,649.0,35.13,4.58,10.65,47850.0,1877.0,79.87,4.46,2.38,1719.0,397.0,3.59,0.82,14.04,2560.0,499.0,5.35,1.02,11.85,8732.0,1047.0,18.25,2.07,7.29,26720.0,1512.0,55.84,2.28,3.44,51485.0,1980.0,85.93,4.75,2.34,1078.0,323.0,2.09,0.62,18.21,59782.0,2381.0,99.78,0.26,2.42,6754.0,867.0,11.3,1.38,7.8,8423.0,1016.0,14.06,1.6,7.33,301.0,156.0,3.57,1.8,31.51,44350.0,1896.0,74.02,1.17,2.6,3035.0,517.0,6.84,1.13,10.36,7009.0,799.0,11.7,1.25,6.93,3418.0,654.0,48.77,7.49,11.63,59332.0,2364.0,99.03,0.28,2.42,49186.0,2338.0,82.9,2.15,2.89,9611.0,860.0,16.2,1.3,5.44,535.0,240.0,0.9,0.4,27.27,59913.0,2381.0,100,,2.42,46750.0,2309.0,78.03,2.29,3.0,45665.0,2299.0,76.22,2.36,3.06,1085.0,337.0,1.81,0.56,18.88,13163.0,1209.0,21.97,1.82,5.58,8652.0,1071.0,65.73,5.45,7.53,4511.0,599.0,34.27,3.29,8.07,1805.0,387.0,13.71,2.66,13.03,1526.0,273.0,11.59,1.78,10.88,878.0,380.0,6.67,2.82,26.31,205.0,96.0,1.56,0.72,28.47,8370.0,1091.0,63.59,5.88,7.92,379.0,187.0,2.88,1.4,29.99,57469.0,2315.0,95.92,0.63,2.45,45873.0,2178.0,79.82,2.01,2.89,2637.0,504.0,4.59,0.86,11.62,4857.0,848.0,8.45,1.44,10.61,25539.0,947.0,95.78,1.33,2.25,24308.0,930.0,91.16,1.53,2.33,52162.0,1961.0,87.06,4.76,2.29,37843.0,1846.0,72.55,2.26,2.97,35284.0,1779.0,67.64,2.27,3.07,2559.0,481.0,4.91,0.9,11.43,0.0,,0.0,,,14319.0,1228.0,27.45,2.12,5.21,,,6.76,1.23,11.43,34535.0,1805.0,57.64,1.96,3.18,3831.0,539.0,11.09,1.45,8.55,599.0,193.0,1.73,0.55,19.59,18054.0,1319.0,52.28,2.67,4.44,1255.0,342.0,3.63,0.97,16.57,8855.0,880.0,25.64,2.17,6.04,35284.0,1779.0,58.89,1.83,3.07,16.0,25.0,0.05,0.07,94.98,810.0,250.0,2.3,0.7,18.76,852.0,246.0,2.41,0.69,17.55,379.0,151.0,1.07,0.42,24.22,2775.0,475.0,7.86,1.29,10.41,1464.0,372.0,4.15,1.03,15.45,3518.0,519.0,9.97,1.38,8.97,2746.0,484.0,7.78,1.31,10.71,6917.0,558.0,19.6,1.23,4.9,9099.0,1010.0,25.79,2.55,6.75,3710.0,513.0,10.51,1.35,8.41,1627.0,333.0,4.61,0.91,12.44,1371.0,362.0,3.89,1.01,16.05,1730.0,387.0,6.49,1.43,13.6,1081.0,303.0,4.05,1.13,17.04,1611.0,276.0,6.04,1.01,10.41,1143.0,280.0,4.29,1.04,14.89,1642.0,349.0,6.16,1.29,12.92,3325.0,535.0,12.47,1.96,9.78,3367.0,518.0,12.63,1.89,9.35,4655.0,630.0,17.46,2.29,8.23,2940.0,445.0,11.03,1.63,9.2,5170.0,590.0,19.39,2.11,6.94,22703.0,953.0,85.14,2.05,2.55,4753.0,433.0,17.83,1.5,5.54,3976.0,488.0,14.91,1.76,7.46,1678.0,344.0,6.29,1.27,12.46,1507.0,328.0,5.65,1.21,13.23,3721.0,497.0,13.96,1.8,8.12,56161.0,2399.0,93.94,1.45,2.6,41822.0,2268.0,69.96,2.57,3.3,19405.0,1530.0,32.46,2.21,4.79,3621.0,512.0,6.06,0.82,8.6,26620.0,1305.0,44.43,1.28,2.98,33293.0,1613.0,55.57,1.54,2.95,2444.0,457.0,4.08,0.75,11.37,2796.0,565.0,4.67,0.92,12.28,1944.0,459.0,3.24,0.76,14.35,1784.0,418.0,2.98,0.69,14.24,3095.0,543.0,5.17,0.88,10.67,18305.0,1261.0,30.55,1.72,4.19,10220.0,880.0,17.06,1.3,5.23,6758.0,800.0,11.28,1.26,7.2,2891.0,605.0,4.83,0.99,12.72,2543.0,516.0,4.24,0.84,12.33,4218.0,693.0,7.04,1.12,9.99,1931.0,339.0,3.22,0.55,10.67,984.0,282.0,1.64,0.47,17.42,8428.0,1017.0,14.07,1.6,7.34,51485.0,1980.0,85.93,4.75,2.34,7133.0,799.0,11.91,1.25,6.81,6828.0,988.0,11.4,1.59,8.8,18885.0,1375.0,31.52,1.92,4.43,28305.0,2311.0,47.24,3.37,4.96,79.0,60.0,0.13,0.1,46.17,3057.0,538.0,5.1,0.87,10.7,58.0,49.0,0.1,0.08,51.36,2701.0,661.0,4.51,1.09,14.88,7339.0,1094.0,12.25,1.76,9.06,52574.0,2182.0,87.75,1.05,2.52,17652.0,1319.0,29.46,1.86,4.54,27370.0,2278.0,45.68,3.34,5.06,24.0,37.0,0.04,0.06,93.72,2945.0,509.0,4.92,0.83,10.51,58.0,49.0,0.1,0.08,51.36,430.0,406.0,0.72,0.68,57.4,4095.0,725.0,6.83,1.18,10.76
11217,11217,11217,19543.0,825.0,100,,2.57,3918.0,335.0,20.05,1.49,5.2,7826.0,760.0,18.38,1.59,5.9,909.0,245.0,11.62,2.92,16.38,331.0,127.0,4.23,1.57,23.32,2564.0,389.0,32.76,3.82,9.22,1533.0,310.0,19.59,3.47,12.29,2489.0,388.0,31.8,3.88,9.48,33086.0,1519.0,77.72,1.08,2.79,1149.0,238.0,3.47,0.7,12.59,1176.0,253.0,3.55,0.75,13.08,2571.0,458.0,7.77,1.34,10.83,24146.0,1328.0,72.98,2.21,3.34,34761.0,1597.0,81.66,1.15,2.79,440.0,163.0,1.27,0.47,22.52,42069.0,1866.0,98.83,0.73,2.7,4048.0,512.0,9.62,1.14,7.69,7761.0,760.0,18.23,1.6,5.95,231.0,89.0,2.98,1.11,23.42,29617.0,1462.0,69.57,1.59,3.0,2130.0,385.0,7.19,1.25,10.99,4691.0,642.0,11.02,1.43,8.32,1687.0,336.0,35.96,5.2,12.11,41890.0,1841.0,98.4,0.42,2.67,33759.0,1601.0,80.59,1.44,2.88,7727.0,897.0,18.45,1.98,7.06,404.0,248.0,0.96,0.59,37.32,42569.0,1862.0,100,,2.66,34441.0,1512.0,80.91,0.3,2.67,33166.0,1518.0,77.91,1.05,2.78,1275.0,248.0,3.0,0.57,11.82,8128.0,937.0,19.09,2.04,7.01,4726.0,764.0,58.14,6.59,9.83,3402.0,610.0,41.86,5.75,10.9,2426.0,472.0,29.85,4.68,11.83,2165.0,384.0,26.64,3.59,10.78,377.0,216.0,4.64,2.6,34.83,213.0,148.0,2.62,1.8,42.24,2530.0,573.0,31.13,6.07,13.77,417.0,166.0,5.13,1.95,24.2,39353.0,1754.0,92.45,0.79,2.71,29164.0,1569.0,74.11,2.23,3.27,2549.0,444.0,6.48,1.09,10.59,4504.0,785.0,11.45,1.93,10.6,18755.0,773.0,95.97,5.66,2.51,18086.0,807.0,92.54,1.34,2.71,35228.0,1601.0,82.76,1.02,2.76,27312.0,1344.0,77.53,1.46,2.99,25824.0,1226.0,73.31,1.01,2.89,1452.0,552.0,4.12,1.56,23.11,36.0,35.0,0.1,0.1,59.1,7916.0,765.0,22.47,1.92,5.87,,,5.32,2.0,23.11,25359.0,1219.0,59.57,1.19,2.92,1531.0,349.0,6.04,1.35,13.86,205.0,156.0,0.81,0.61,46.26,12807.0,754.0,50.5,1.72,3.58,1888.0,402.0,7.45,1.54,12.94,8130.0,722.0,32.06,2.39,5.4,25824.0,1226.0,60.66,1.12,2.89,20.0,22.0,0.08,0.09,66.87,370.0,130.0,1.43,0.5,21.36,1068.0,306.0,4.14,1.17,17.42,367.0,164.0,1.42,0.63,27.17,1801.0,364.0,6.97,1.37,12.29,430.0,181.0,1.67,0.7,25.59,2290.0,330.0,8.87,1.21,8.76,3291.0,396.0,12.74,1.41,7.31,6586.0,590.0,25.5,1.94,5.45,4887.0,701.0,18.92,2.56,8.72,2189.0,363.0,8.48,1.35,10.08,1324.0,299.0,5.13,1.13,13.73,1201.0,237.0,4.65,0.89,12.0,981.0,270.0,5.02,1.37,16.73,787.0,226.0,4.03,1.14,17.46,677.0,192.0,3.46,0.97,17.24,733.0,225.0,3.75,1.14,18.66,1045.0,274.0,5.35,1.38,15.94,1514.0,264.0,7.75,1.31,10.6,1256.0,338.0,6.43,1.71,16.36,2500.0,349.0,12.79,1.7,8.49,2134.0,402.0,10.92,2.0,11.45,7916.0,550.0,40.51,2.24,4.22,16956.0,767.0,86.76,1.41,2.75,3403.0,465.0,17.41,2.26,8.31,2593.0,498.0,13.27,2.49,11.68,809.0,214.0,4.14,1.08,16.08,757.0,247.0,3.87,1.25,19.84,1981.0,326.0,10.14,1.61,10.0,40471.0,1860.0,96.2,1.16,2.79,33559.0,1692.0,79.77,1.91,3.06,10121.0,1165.0,24.06,2.56,7.0,1598.0,482.0,3.8,1.13,18.34,19711.0,979.0,46.3,1.09,3.02,22858.0,1326.0,53.7,2.05,3.53,3216.0,526.0,7.55,1.19,9.94,1997.0,368.0,4.69,0.84,11.2,1380.0,281.0,3.24,0.64,12.38,1373.0,269.0,3.23,0.62,11.91,1517.0,286.0,3.56,0.65,11.46,10853.0,994.0,25.5,2.05,5.57,8526.0,748.0,20.03,1.52,5.33,5218.0,590.0,12.26,1.28,6.87,1960.0,290.0,4.6,0.65,8.99,1473.0,260.0,3.46,0.59,10.73,2751.0,493.0,6.46,1.12,10.89,1626.0,315.0,3.82,0.72,11.78,679.0,260.0,1.6,0.61,23.28,7772.0,763.0,18.26,1.6,5.97,34797.0,1597.0,81.74,1.14,2.79,5056.0,651.0,11.88,1.44,7.83,6360.0,1055.0,14.94,2.39,10.08,22392.0,1364.0,52.6,2.23,3.7,7472.0,988.0,17.55,2.19,8.04,105.0,76.0,0.25,0.18,44.0,4028.0,533.0,9.46,1.18,8.04,12.0,17.0,0.03,0.04,86.12,2200.0,466.0,5.17,1.07,12.88,6748.0,1003.0,15.85,2.25,9.04,35821.0,1872.0,84.15,2.41,3.18,21070.0,1358.0,49.5,2.34,3.92,6993.0,966.0,16.43,2.15,8.4,34.0,38.0,0.08,0.09,67.94,3986.0,529.0,9.36,1.17,8.07,0.0,,0.0,,,403.0,269.0,0.95,0.63,40.58,3335.0,834.0,7.83,1.93,15.2
11219,11219,11219,24476.0,877.0,100,,2.18,11935.0,747.0,48.76,2.5,3.8,34820.0,2435.0,36.75,2.08,4.25,2331.0,393.0,6.69,1.03,10.25,2644.0,433.0,7.59,1.12,9.96,16930.0,1507.0,48.62,2.68,5.41,6806.0,714.0,19.55,1.53,6.38,6109.0,715.0,17.54,1.65,7.11,48268.0,1675.0,50.95,2.73,2.11,8239.0,1022.0,17.07,2.03,7.54,6097.0,851.0,12.63,1.71,8.48,16814.0,1077.0,34.83,1.88,3.89,10364.0,866.0,21.47,1.63,5.08,56958.0,1917.0,60.12,3.19,2.05,616.0,189.0,1.08,0.33,18.65,93974.0,3895.0,99.19,0.64,2.52,6114.0,717.0,6.51,0.71,7.13,37763.0,2699.0,39.86,2.34,4.34,402.0,145.0,1.06,0.38,21.93,46024.0,1849.0,48.58,2.79,2.44,2178.0,400.0,4.73,0.85,11.16,10187.0,865.0,10.75,0.8,5.16,3534.0,534.0,34.69,4.34,9.19,91919.0,3820.0,97.03,0.69,2.53,86113.0,3669.0,93.68,0.88,2.59,5002.0,1151.0,5.44,1.23,13.99,804.0,453.0,0.87,0.49,34.25,94737.0,3879.0,100,,2.49,66368.0,3345.0,70.05,2.06,3.06,63592.0,3358.0,67.12,2.24,3.21,2776.0,524.0,2.93,0.54,11.47,28369.0,1893.0,29.95,1.58,4.06,14071.0,1108.0,49.6,2.07,4.79,14298.0,1581.0,50.4,4.44,6.72,4628.0,797.0,16.31,2.59,10.47,16069.0,1407.0,56.64,3.21,5.32,756.0,359.0,2.66,1.25,28.87,0.0,,0.0,,,6644.0,1078.0,23.42,3.46,9.86,272.0,112.0,0.96,0.39,25.03,82282.0,3363.0,86.85,5.02,2.48,14578.0,1680.0,17.72,1.91,7.01,44541.0,2965.0,54.13,2.84,4.05,10494.0,1494.0,12.75,1.74,8.65,19205.0,871.0,78.46,2.18,2.76,16948.0,909.0,69.24,2.76,3.26,60193.0,1991.0,63.54,3.34,2.01,35688.0,1594.0,59.29,1.78,2.72,32839.0,1560.0,54.56,1.86,2.89,2845.0,519.0,4.73,0.85,11.09,4.0,6.0,0.01,0.01,91.19,24505.0,1315.0,40.71,1.72,3.26,,,7.97,1.41,11.09,30843.0,1442.0,32.56,0.73,2.84,5331.0,522.0,17.28,1.49,5.95,2235.0,479.0,7.25,1.52,13.03,10063.0,1088.0,32.63,3.18,6.57,8899.0,759.0,28.85,2.06,5.18,3300.0,597.0,10.7,1.87,11.0,32839.0,1560.0,34.66,0.83,2.89,29.0,35.0,0.09,0.11,73.37,2134.0,476.0,6.5,1.42,13.56,1370.0,372.0,4.17,1.12,16.51,1301.0,263.0,3.96,0.78,12.29,4031.0,661.0,12.28,1.93,9.97,1704.0,317.0,5.19,0.93,11.31,435.0,161.0,1.32,0.49,22.5,1937.0,347.0,5.9,1.02,10.89,2818.0,552.0,8.58,1.63,11.91,10576.0,731.0,32.21,1.62,4.2,3928.0,643.0,11.96,1.87,9.95,1814.0,645.0,5.52,1.95,21.62,762.0,308.0,2.32,0.93,24.57,1295.0,262.0,5.29,1.05,12.3,1718.0,419.0,7.02,1.69,14.83,2218.0,429.0,9.06,1.72,11.76,2704.0,441.0,11.05,1.76,9.91,3254.0,435.0,13.29,1.71,8.13,4032.0,592.0,16.47,2.35,8.93,2927.0,412.0,11.96,1.63,8.56,2863.0,391.0,11.7,1.54,8.3,1764.0,469.0,7.21,1.9,16.16,1701.0,298.0,6.95,1.19,10.65,20569.0,783.0,84.04,1.08,2.31,5676.0,663.0,23.19,2.58,7.1,2489.0,456.0,10.17,1.83,11.14,1673.0,359.0,6.84,1.45,13.04,1379.0,283.0,5.63,1.14,12.48,8729.0,720.0,35.66,2.65,5.01,88500.0,3727.0,94.17,0.7,2.56,24764.0,2201.0,26.35,2.07,5.4,68507.0,3619.0,72.9,2.39,3.21,5474.0,818.0,5.83,0.84,9.08,49087.0,2326.0,51.81,1.24,2.88,45650.0,2133.0,48.19,1.08,2.84,12455.0,992.0,13.15,0.9,4.84,10680.0,982.0,11.27,0.93,5.59,9616.0,1024.0,10.15,1.0,6.47,7738.0,727.0,8.17,0.69,5.71,5980.0,690.0,6.31,0.68,7.01,12460.0,1171.0,13.15,1.11,5.71,10117.0,1171.0,10.68,1.16,7.04,7640.0,779.0,8.06,0.75,6.2,3618.0,500.0,3.82,0.5,8.4,3602.0,583.0,3.8,0.6,9.84,7003.0,713.0,7.39,0.69,6.19,2114.0,442.0,2.23,0.46,12.71,1714.0,337.0,1.81,0.35,11.95,37775.0,2700.0,39.87,2.34,4.35,56962.0,1917.0,60.13,3.19,2.05,10831.0,879.0,11.43,0.8,4.93,2796.0,906.0,2.95,0.95,19.7,58245.0,4001.0,61.48,3.39,4.18,1331.0,620.0,1.4,0.65,28.32,664.0,324.0,0.7,0.34,29.66,20090.0,1681.0,21.21,1.55,5.09,0.0,,0.0,,,11611.0,1877.0,12.26,1.92,9.83,12384.0,1561.0,13.07,1.56,7.66,82353.0,3916.0,86.93,2.1,2.89,56902.0,3941.0,60.06,3.36,4.21,1170.0,586.0,1.23,0.62,30.45,227.0,166.0,0.24,0.17,44.45,19999.0,1667.0,21.11,1.53,5.07,0.0,,0.0,,,3168.0,1049.0,3.34,1.1,20.13,887.0,423.0,0.94,0.44,28.99
11220,11220,11220,28336.0,1011.0,100,,2.17,10933.0,732.0,38.58,2.19,4.07,24537.0,1438.0,27.03,1.24,3.56,1377.0,315.0,5.61,1.24,13.91,1195.0,272.0,4.87,1.07,13.84,12191.0,1050.0,49.68,3.14,5.24,4838.0,566.0,19.72,2.0,7.11,4936.0,506.0,20.12,1.69,6.23,61457.0,2226.0,67.69,3.48,2.2,13787.0,901.0,22.43,1.22,3.97,9348.0,815.0,15.21,1.21,5.3,15172.0,1080.0,24.69,1.51,4.33,15635.0,1155.0,25.44,1.64,4.49,67872.0,2392.0,74.76,3.8,2.14,923.0,175.0,1.36,0.25,11.53,90767.0,3321.0,99.97,0.09,2.22,7933.0,762.0,8.74,0.78,5.84,22917.0,1448.0,25.24,1.3,3.84,618.0,239.0,2.7,1.03,23.51,55042.0,2241.0,60.62,1.08,2.48,2768.0,430.0,5.03,0.75,9.44,12808.0,954.0,14.11,0.92,4.53,4547.0,545.0,35.5,3.33,7.29,89952.0,3228.0,99.07,5.08,2.18,82743.0,3260.0,91.99,1.5,2.4,6374.0,978.0,7.09,1.06,9.33,835.0,294.0,0.93,0.33,21.4,90792.0,3321.0,100,,2.22,43591.0,1770.0,48.01,0.85,2.47,39849.0,1737.0,43.89,1.04,2.65,3742.0,656.0,4.12,0.71,10.66,47201.0,2378.0,51.99,1.8,3.06,18785.0,1275.0,39.8,1.81,4.13,28416.0,2046.0,60.2,3.1,4.38,2438.0,480.0,5.17,0.98,11.97,26865.0,1506.0,56.92,1.4,3.41,1159.0,596.0,2.46,1.26,31.26,56.0,49.0,0.12,0.1,53.19,16644.0,1662.0,35.26,3.04,6.07,39.0,35.0,0.08,0.07,54.56,85983.0,3116.0,94.7,4.88,2.2,17379.0,1399.0,20.21,1.45,4.89,51652.0,2721.0,60.07,2.3,3.2,30289.0,2505.0,35.23,2.62,5.03,26580.0,996.0,93.8,1.07,2.28,24454.0,964.0,86.3,1.45,2.4,70231.0,2468.0,77.35,3.92,2.14,44970.0,2042.0,64.03,1.84,2.76,41519.0,2048.0,59.12,2.05,3.0,3451.0,641.0,4.91,0.9,11.29,0.0,,0.0,,,25261.0,1199.0,35.97,1.15,2.89,,,7.67,1.38,11.29,39181.0,1875.0,43.15,1.33,2.91,5583.0,673.0,14.25,1.58,7.33,2845.0,382.0,7.26,0.91,8.16,18889.0,1210.0,48.21,2.05,3.89,6008.0,689.0,15.33,1.6,6.97,4207.0,693.0,10.74,1.69,10.01,41519.0,2048.0,45.73,1.51,3.0,94.0,71.0,0.23,0.17,45.92,3721.0,628.0,8.96,1.45,10.26,1606.0,226.0,3.87,0.51,8.55,699.0,184.0,1.68,0.44,16.0,4479.0,645.0,10.79,1.46,8.75,2368.0,439.0,5.7,1.02,11.27,981.0,290.0,2.36,0.69,17.97,2003.0,364.0,4.82,0.84,11.05,4205.0,691.0,10.13,1.59,9.99,9800.0,800.0,23.6,1.54,4.96,8141.0,864.0,19.61,1.84,6.45,2247.0,389.0,5.41,0.9,10.52,1175.0,220.0,2.83,0.51,11.38,1556.0,263.0,5.49,0.91,10.27,1607.0,275.0,5.67,0.95,10.4,2443.0,361.0,8.62,1.24,8.98,2343.0,264.0,8.27,0.88,6.85,3572.0,424.0,12.61,1.43,7.22,4633.0,593.0,16.35,2.01,7.78,3806.0,531.0,13.43,1.81,8.48,3872.0,562.0,13.66,1.92,8.82,2092.0,361.0,7.38,1.25,10.49,2412.0,272.0,8.51,0.91,6.86,23454.0,934.0,82.77,1.46,2.42,7468.0,503.0,26.36,1.51,4.09,3127.0,281.0,11.04,0.91,5.46,2255.0,366.0,7.96,1.26,9.87,1457.0,270.0,5.14,0.94,11.27,7313.0,702.0,25.81,2.3,5.84,80829.0,2800.0,89.05,4.49,2.11,30147.0,1864.0,33.21,1.66,3.76,55386.0,2609.0,61.02,1.81,2.86,9938.0,1033.0,10.95,1.07,6.32,45005.0,1889.0,49.57,1.02,2.55,45787.0,1920.0,50.43,1.03,2.55,4809.0,740.0,5.3,0.79,9.35,7211.0,664.0,7.94,0.67,5.6,7431.0,815.0,8.18,0.85,6.67,5137.0,518.0,5.66,0.53,6.13,4747.0,555.0,5.23,0.58,7.11,12635.0,1117.0,13.92,1.12,5.37,14364.0,1218.0,15.82,1.21,5.15,12255.0,1030.0,13.5,1.02,5.11,4687.0,515.0,5.16,0.53,6.68,4705.0,490.0,5.18,0.51,6.33,7977.0,831.0,8.79,0.86,6.33,3685.0,469.0,4.06,0.49,7.74,1149.0,253.0,1.27,0.27,13.39,22920.0,1447.0,25.24,1.3,3.84,67872.0,2392.0,74.76,3.8,2.14,12811.0,954.0,14.11,0.92,4.53,6439.0,899.0,7.09,0.96,8.49,20328.0,1821.0,22.39,1.83,5.45,2277.0,680.0,2.51,0.74,18.15,1458.0,424.0,1.61,0.46,17.68,36377.0,1919.0,40.07,1.52,3.21,0.0,,0.0,,,23913.0,2778.0,26.34,2.9,7.06,36244.0,2821.0,39.92,2.74,4.73,54548.0,2486.0,60.08,1.63,2.77,14738.0,1374.0,16.23,1.39,5.67,1729.0,617.0,1.9,0.68,21.69,329.0,255.0,0.36,0.28,47.12,36253.0,1917.0,39.93,1.52,3.21,0.0,,0.0,,,198.0,122.0,0.22,0.13,37.46,1301.0,408.0,1.43,0.45,19.06
11221,11221,11221,36032.0,1250.0,100,,2.11,8370.0,760.0,23.23,1.95,5.52,20041.0,1701.0,22.08,1.69,5.16,1325.0,434.0,6.61,2.09,19.91,565.0,229.0,2.82,1.12,24.64,6904.0,863.0,34.45,3.16,7.6,3769.0,582.0,18.81,2.43,9.39,7478.0,1036.0,37.31,4.09,8.42,65891.0,2261.0,72.61,3.64,2.09,5203.0,686.0,7.9,1.01,8.02,5081.0,659.0,7.71,0.96,7.88,15105.0,1337.0,22.92,1.87,5.38,27682.0,1737.0,42.01,2.21,3.81,75296.0,2480.0,82.97,4.09,2.0,924.0,250.0,1.23,0.33,16.45,90507.0,3322.0,99.73,0.25,2.23,9635.0,845.0,10.65,0.85,5.33,15436.0,1464.0,17.01,1.49,5.77,543.0,181.0,3.52,1.12,20.26,65892.0,2252.0,72.61,3.64,2.08,5488.0,563.0,8.33,0.81,6.24,9179.0,873.0,10.11,0.89,5.78,3604.0,509.0,39.26,4.1,8.59,89936.0,3313.0,99.1,0.4,2.24,76132.0,3308.0,84.65,1.95,2.64,13085.0,1561.0,14.55,1.65,7.25,719.0,192.0,0.8,0.21,16.23,90750.0,3323.0,100,,2.23,66642.0,2938.0,73.43,1.8,2.68,63789.0,2833.0,70.29,1.77,2.7,2853.0,557.0,3.14,0.6,11.87,24108.0,1928.0,26.57,1.89,4.86,13539.0,1401.0,56.16,3.69,6.29,10569.0,1413.0,43.84,4.7,8.13,2129.0,630.0,8.83,2.52,17.99,3247.0,700.0,13.47,2.7,13.11,1573.0,712.0,6.52,2.91,27.52,147.0,117.0,0.61,0.48,48.38,16747.0,1622.0,69.47,3.8,5.89,265.0,157.0,1.1,0.65,36.02,86413.0,2925.0,95.22,4.75,2.06,56612.0,2358.0,65.51,1.59,2.53,9986.0,1293.0,11.56,1.44,7.87,21096.0,1938.0,24.41,2.08,5.58,34010.0,1244.0,94.39,1.09,2.22,31978.0,1332.0,88.75,2.05,2.53,77126.0,2538.0,84.99,4.18,2.0,54030.0,2047.0,70.05,1.32,2.3,49626.0,1942.0,64.34,1.36,2.38,4404.0,713.0,5.71,0.91,9.84,0.0,,0.0,,,23096.0,1604.0,29.95,1.83,4.22,,,8.15,1.28,9.84,48450.0,1944.0,53.39,0.88,2.44,6457.0,831.0,13.33,1.63,7.82,1402.0,402.0,2.89,0.82,17.43,26452.0,1683.0,54.6,2.7,3.87,2658.0,452.0,5.49,0.91,10.34,8917.0,848.0,18.4,1.59,5.78,49626.0,1942.0,54.68,0.75,2.38,0.0,,0.0,,,1871.0,560.0,3.77,1.12,18.19,1611.0,335.0,3.25,0.66,12.64,580.0,137.0,1.17,0.27,14.36,4599.0,558.0,9.27,1.06,7.38,3257.0,615.0,6.56,1.21,11.48,3083.0,416.0,6.21,0.8,8.2,3067.0,452.0,6.18,0.88,8.96,8602.0,747.0,17.33,1.34,5.28,11479.0,1071.0,23.13,1.96,5.67,6737.0,847.0,13.58,1.62,7.64,2745.0,494.0,5.53,0.97,10.94,1995.0,457.0,4.02,0.91,13.93,2772.0,500.0,7.69,1.36,10.97,2103.0,441.0,5.84,1.21,12.75,2185.0,465.0,6.06,1.27,12.94,2265.0,498.0,6.29,1.36,13.37,2607.0,430.0,7.24,1.17,10.03,4223.0,578.0,11.72,1.55,8.32,4578.0,580.0,12.71,1.55,7.7,6784.0,733.0,18.83,1.93,6.57,3760.0,498.0,10.44,1.33,8.05,4755.0,617.0,13.2,1.65,7.89,29854.0,1233.0,82.85,1.86,2.51,6877.0,674.0,19.09,1.75,5.96,4726.0,552.0,13.12,1.46,7.1,3089.0,504.0,8.57,1.37,9.92,2246.0,382.0,6.23,1.04,10.34,7835.0,725.0,21.74,1.87,5.63,83037.0,3177.0,91.75,0.99,2.33,54244.0,2845.0,59.93,2.25,3.19,37892.0,2641.0,41.87,2.48,4.24,7470.0,1070.0,8.25,1.14,8.71,42373.0,1920.0,46.69,1.25,2.75,48377.0,2221.0,53.31,1.48,2.79,4337.0,884.0,4.78,0.96,12.39,4394.0,693.0,4.84,0.74,9.59,4089.0,568.0,4.51,0.6,8.44,4019.0,561.0,4.43,0.6,8.49,8020.0,1056.0,8.84,1.12,8.0,24864.0,1558.0,27.4,1.39,3.81,13468.0,922.0,14.84,0.86,4.16,9801.0,930.0,10.8,0.95,5.77,3951.0,634.0,4.35,0.68,9.75,4420.0,728.0,4.87,0.78,10.01,5500.0,637.0,6.06,0.67,7.04,2919.0,447.0,3.22,0.48,9.31,968.0,242.0,1.07,0.26,15.2,15454.0,1463.0,17.03,1.49,5.75,75296.0,2480.0,82.97,4.09,2.0,9387.0,877.0,10.34,0.89,5.68,13284.0,1820.0,14.64,1.93,8.33,20702.0,1575.0,22.81,1.52,4.62,36876.0,2455.0,40.63,2.26,4.05,795.0,476.0,0.88,0.52,36.4,5215.0,1033.0,5.75,1.12,12.04,81.0,108.0,0.09,0.12,81.05,13797.0,1977.0,15.2,2.11,8.71,28900.0,2418.0,31.85,2.4,5.09,61850.0,2863.0,68.15,1.93,2.81,18404.0,1444.0,20.28,1.41,4.77,33527.0,2243.0,36.94,2.07,4.07,13.0,21.0,0.01,0.02,98.2,5152.0,1030.0,5.68,1.12,12.15,81.0,108.0,0.09,0.12,81.05,437.0,224.0,0.48,0.25,31.16,4236.0,922.0,4.67,1.0,13.23
11222,11222,11222,20277.0,737.0,100,,2.21,3187.0,372.0,15.72,1.74,7.1,5894.0,717.0,14.23,1.62,7.4,813.0,268.0,13.79,4.23,20.04,251.0,115.0,4.26,1.88,27.85,2027.0,403.0,34.39,5.41,12.09,712.0,233.0,12.08,3.67,19.89,2091.0,432.0,35.48,5.92,12.56,33461.0,1407.0,80.79,4.8,2.56,1071.0,284.0,3.2,0.84,16.12,975.0,240.0,2.91,0.71,14.96,4321.0,596.0,12.91,1.7,8.38,21873.0,1146.0,65.37,2.04,3.19,36117.0,1505.0,87.2,5.16,2.53,554.0,184.0,1.53,0.51,20.19,41393.0,1742.0,99.94,0.15,2.56,2916.0,442.0,7.04,1.03,9.21,5295.0,756.0,12.78,1.74,8.68,131.0,79.0,2.47,1.45,36.66,32271.0,1344.0,77.92,4.61,2.53,1332.0,341.0,4.13,1.04,15.56,3827.0,481.0,9.24,1.09,7.64,1453.0,268.0,37.97,5.13,11.21,41068.0,1721.0,99.15,5.89,2.55,33899.0,1657.0,82.54,2.08,2.97,6916.0,832.0,16.84,1.9,7.31,253.0,124.0,0.62,0.3,29.79,41418.0,1742.0,100,,2.56,30535.0,1699.0,73.72,2.69,3.38,29352.0,1691.0,70.87,2.79,3.5,1183.0,277.0,2.86,0.66,14.23,10883.0,873.0,26.28,1.79,4.88,5809.0,663.0,53.38,4.33,6.94,5074.0,582.0,46.62,3.82,6.97,5708.0,624.0,52.45,3.9,6.65,1910.0,392.0,17.55,3.32,12.48,290.0,166.0,2.66,1.51,34.8,384.0,159.0,3.53,1.43,25.17,2245.0,548.0,20.63,4.76,14.84,346.0,126.0,3.18,1.13,22.14,39185.0,1550.0,94.61,5.46,2.4,26784.0,1463.0,68.35,2.57,3.32,4237.0,580.0,10.81,1.42,8.32,3919.0,703.0,10.0,1.75,10.9,19429.0,703.0,95.82,4.91,2.2,19173.0,714.0,94.56,0.77,2.26,36474.0,1480.0,88.06,5.15,2.47,29353.0,1306.0,80.48,1.47,2.7,27100.0,1156.0,74.3,0.98,2.59,2253.0,421.0,6.18,1.13,11.36,0.0,,0.0,,,7121.0,682.0,19.52,1.69,5.82,,,7.68,1.39,11.36,26411.0,1165.0,63.77,0.85,2.68,2474.0,349.0,9.37,1.26,8.58,438.0,181.0,1.66,0.68,25.12,11946.0,669.0,45.23,1.56,3.4,1994.0,385.0,7.55,1.42,11.74,7228.0,821.0,27.37,2.86,6.9,27100.0,1156.0,65.43,0.47,2.59,41.0,41.0,0.15,0.15,60.79,964.0,301.0,3.56,1.1,18.98,809.0,187.0,2.99,0.68,14.05,477.0,177.0,1.76,0.65,22.56,2074.0,372.0,7.65,1.33,10.9,714.0,160.0,2.63,0.58,13.62,2914.0,409.0,10.75,1.44,8.53,2163.0,352.0,7.98,1.25,9.89,7354.0,652.0,27.14,2.11,5.39,4217.0,378.0,15.56,1.23,5.45,3127.0,551.0,11.54,1.97,10.71,1484.0,332.0,5.48,1.2,13.6,762.0,236.0,2.81,0.86,18.83,569.0,156.0,2.81,0.76,16.67,573.0,194.0,2.83,0.95,20.58,798.0,281.0,3.94,1.38,21.41,846.0,325.0,4.17,1.6,23.35,1199.0,270.0,5.91,1.31,13.69,2282.0,419.0,11.25,2.03,11.16,1740.0,291.0,8.58,1.4,10.17,3948.0,407.0,19.47,1.88,6.27,2926.0,447.0,14.43,2.14,9.29,5396.0,533.0,26.61,2.44,6.0,18078.0,697.0,89.16,1.15,2.34,2988.0,341.0,14.74,1.59,6.94,2404.0,398.0,11.86,1.91,10.06,391.0,167.0,1.93,0.82,25.96,868.0,259.0,4.28,1.27,18.14,1451.0,335.0,7.16,1.63,14.03,38590.0,1647.0,93.23,0.66,2.59,30192.0,1462.0,72.94,1.75,2.94,10773.0,1013.0,26.03,2.19,5.72,2803.0,695.0,6.77,1.65,15.07,20130.0,1063.0,48.6,1.55,3.21,21288.0,1023.0,51.4,1.19,2.92,2233.0,531.0,5.39,1.26,14.46,1476.0,348.0,3.56,0.83,14.33,1062.0,260.0,2.56,0.62,14.88,757.0,199.0,1.83,0.47,15.98,2429.0,628.0,5.86,1.5,15.72,12895.0,1110.0,31.13,2.34,5.23,9297.0,920.0,22.45,2.01,6.02,4108.0,563.0,9.92,1.29,8.33,1888.0,372.0,4.56,0.88,11.98,1437.0,303.0,3.47,0.72,12.82,1954.0,308.0,4.72,0.72,9.58,1285.0,289.0,3.1,0.69,13.67,597.0,170.0,1.44,0.41,17.31,5301.0,756.0,12.8,1.74,8.67,36117.0,1505.0,87.2,5.16,2.53,3836.0,482.0,9.26,1.1,7.64,5212.0,906.0,12.58,2.12,10.57,29416.0,1403.0,71.02,1.6,2.9,1720.0,412.0,4.15,0.98,14.56,162.0,235.0,0.39,0.57,88.18,2422.0,401.0,5.85,0.94,10.06,0.0,,0.0,,,2486.0,607.0,6.0,1.44,14.84,6313.0,937.0,15.24,2.17,9.02,35105.0,1614.0,84.76,1.57,2.79,27979.0,1356.0,67.55,1.63,2.95,1525.0,401.0,3.68,0.96,15.98,0.0,,0.0,,,2380.0,385.0,5.75,0.9,9.83,0.0,,0.0,,,416.0,175.0,1.0,0.42,25.57,2805.0,781.0,6.77,1.86,16.93
11223,11223,11223,26433.0,948.0,100,,2.18,9603.0,652.0,36.33,2.09,4.13,21398.0,1574.0,27.24,1.64,4.47,1694.0,358.0,7.92,1.57,12.85,1487.0,299.0,6.95,1.3,12.22,9563.0,963.0,44.69,3.07,6.12,4454.0,556.0,20.82,2.1,7.59,4200.0,531.0,19.63,2.02,7.69,50811.0,1974.0,64.67,3.72,2.36,6341.0,919.0,12.48,1.74,8.81,5019.0,646.0,9.88,1.21,7.82,13798.0,1088.0,27.16,1.86,4.79,17061.0,1146.0,33.58,1.84,4.08,56747.0,2187.0,72.23,4.14,2.34,741.0,191.0,1.31,0.33,15.67,78551.0,3327.0,99.98,5.99,2.57,8820.0,620.0,11.23,0.63,4.27,21806.0,1737.0,27.76,1.87,4.84,822.0,289.0,3.77,1.29,21.37,44316.0,2066.0,56.41,1.09,2.83,2956.0,437.0,6.67,0.94,8.99,12429.0,945.0,15.82,1.0,4.62,5042.0,512.0,40.57,2.73,6.17,77362.0,3266.0,98.47,5.89,2.57,70308.0,2906.0,90.88,5.37,2.51,6343.0,1287.0,8.2,1.63,12.33,711.0,319.0,0.92,0.41,27.27,78566.0,3331.0,100,,2.58,42290.0,2588.0,53.83,2.38,3.72,40728.0,2573.0,51.84,2.43,3.84,1562.0,312.0,1.99,0.39,12.14,36276.0,1942.0,46.17,1.51,3.25,23199.0,1516.0,63.95,2.4,3.97,13077.0,1264.0,36.05,2.9,5.88,10420.0,1064.0,28.72,2.5,6.21,19929.0,1410.0,54.94,2.54,4.3,1119.0,322.0,3.08,0.87,17.49,0.0,,0.0,,,4737.0,866.0,13.06,2.28,11.11,66.0,40.0,0.18,0.11,36.84,71905.0,2960.0,91.52,5.41,2.5,29394.0,2129.0,40.88,2.44,4.4,28601.0,2069.0,39.78,2.37,4.4,6595.0,1181.0,9.17,1.6,10.89,24547.0,861.0,92.86,4.66,2.13,23815.0,881.0,90.1,0.82,2.25,58907.0,2249.0,74.98,4.28,2.32,34382.0,1910.0,58.37,2.36,3.38,31515.0,1749.0,53.5,2.15,3.37,2858.0,512.0,4.85,0.85,10.89,9.0,15.0,0.02,0.03,101.32,24525.0,1145.0,41.63,1.12,2.84,,,8.31,1.42,10.89,30014.0,1626.0,38.2,1.29,3.29,8318.0,761.0,27.71,2.04,5.56,2659.0,559.0,8.86,1.8,12.78,11588.0,862.0,38.61,1.97,4.52,2796.0,411.0,9.32,1.27,8.94,3903.0,501.0,13.0,1.51,7.8,31515.0,1749.0,40.11,1.44,3.37,0.0,,0.0,,,2229.0,516.0,7.07,1.59,14.07,999.0,211.0,3.17,0.65,12.84,1625.0,269.0,5.16,0.8,10.06,2781.0,396.0,8.82,1.16,8.66,2857.0,456.0,9.07,1.36,9.7,638.0,244.0,2.02,0.77,23.25,2252.0,335.0,7.15,0.99,9.04,2893.0,434.0,9.18,1.28,9.12,10495.0,876.0,33.3,2.08,5.07,2001.0,371.0,6.35,1.12,11.27,1693.0,395.0,5.37,1.22,14.18,1052.0,261.0,3.34,0.81,15.08,2113.0,432.0,7.99,1.61,12.43,1669.0,305.0,6.31,1.13,11.11,2263.0,379.0,8.56,1.4,10.18,2219.0,353.0,8.39,1.3,9.67,2804.0,474.0,10.61,1.75,10.28,3353.0,440.0,12.68,1.6,7.98,3022.0,415.0,11.43,1.52,8.35,4120.0,508.0,15.59,1.84,7.5,2309.0,336.0,8.74,1.23,8.85,2561.0,438.0,9.69,1.62,10.4,20057.0,929.0,75.88,2.22,2.82,7638.0,581.0,28.9,1.94,4.62,4066.0,406.0,15.38,1.43,6.07,3079.0,440.0,11.65,1.61,8.69,1772.0,352.0,6.7,1.31,12.08,7173.0,523.0,27.14,1.72,4.43,74187.0,3261.0,94.44,1.11,2.67,36893.0,2562.0,46.97,2.58,4.22,42970.0,2539.0,54.7,2.25,3.59,4364.0,632.0,5.56,0.77,8.8,37766.0,1887.0,48.07,1.27,3.04,40800.0,1914.0,51.93,1.04,2.85,6661.0,871.0,8.48,1.05,7.95,6181.0,731.0,7.87,0.87,7.19,5620.0,540.0,7.15,0.62,5.84,4923.0,568.0,6.27,0.67,7.01,4370.0,550.0,5.56,0.66,7.65,9714.0,980.0,12.36,1.13,6.13,10046.0,792.0,12.79,0.85,4.79,8898.0,722.0,11.33,0.78,4.93,5149.0,732.0,6.55,0.89,8.64,4575.0,594.0,5.82,0.71,7.89,6905.0,619.0,8.79,0.69,5.45,3415.0,483.0,4.35,0.59,8.6,2109.0,486.0,2.68,0.61,14.01,21810.0,1737.0,27.76,1.87,4.84,56756.0,2190.0,72.24,4.14,2.35,12429.0,945.0,15.82,1.0,4.62,3259.0,674.0,4.15,0.84,12.57,41478.0,2438.0,52.79,2.15,3.57,4446.0,1161.0,5.66,1.46,15.87,293.0,193.0,0.37,0.25,40.04,20502.0,1682.0,26.1,1.83,4.99,79.0,87.0,0.1,0.11,66.95,8509.0,1638.0,10.83,2.03,11.7,10415.0,1611.0,13.26,1.97,9.4,68151.0,3038.0,86.74,1.19,2.71,40057.0,2376.0,50.99,2.11,3.61,4255.0,1142.0,5.42,1.44,16.32,42.0,49.0,0.05,0.06,70.92,20477.0,1676.0,26.06,1.82,4.98,59.0,82.0,0.08,0.1,84.49,1205.0,546.0,1.53,0.69,27.54,2056.0,561.0,2.62,0.71,16.59
11224,11224,11224,19991.0,855.0,100,,2.6,4765.0,606.0,23.84,2.85,7.73,10666.0,1509.0,22.01,2.86,8.6,437.0,215.0,4.1,1.93,29.91,781.0,254.0,7.32,2.14,19.77,4658.0,752.0,43.67,3.4,9.81,2552.0,625.0,23.93,4.78,14.89,2238.0,589.0,20.98,4.66,16.0,34534.0,1648.0,71.25,5.25,2.9,2928.0,671.0,8.48,1.9,13.93,3131.0,816.0,9.07,2.32,15.84,10567.0,1122.0,30.6,2.9,6.45,11565.0,1149.0,33.49,2.92,6.04,37914.0,1870.0,78.22,5.84,3.0,385.0,126.0,1.02,0.33,19.89,47553.0,2720.0,98.11,1.1,3.48,9898.0,760.0,20.81,1.07,4.67,10543.0,1586.0,21.75,3.04,9.14,613.0,264.0,5.81,2.35,26.18,24070.0,1861.0,49.66,2.64,4.7,3124.0,468.0,12.98,1.67,9.11,12940.0,1004.0,26.7,1.43,4.72,6161.0,664.0,47.61,3.56,6.55,48096.0,2644.0,99.23,7.79,3.34,45382.0,2656.0,94.36,1.89,3.56,2270.0,440.0,4.72,0.88,11.78,444.0,290.0,0.92,0.6,39.71,48469.0,2719.0,100,,3.41,25108.0,2115.0,51.8,3.26,5.12,24079.0,2104.0,49.68,3.33,5.31,1029.0,394.0,2.12,0.8,23.28,23361.0,1960.0,48.2,3.01,5.1,17947.0,1812.0,76.82,4.31,6.14,5414.0,1025.0,23.18,3.93,11.51,13326.0,1300.0,57.04,2.84,5.93,5341.0,1238.0,22.86,4.94,14.09,1388.0,975.0,5.94,4.14,42.7,0.0,,0.0,,,3197.0,932.0,13.69,3.82,17.72,109.0,103.0,0.47,0.44,57.44,46084.0,2501.0,95.08,7.42,3.3,19450.0,1611.0,42.21,2.64,5.04,20268.0,2004.0,43.98,3.63,6.01,5048.0,1513.0,10.95,3.23,18.22,17021.0,920.0,85.14,2.81,3.29,16391.0,957.0,81.99,3.26,3.55,39176.0,1926.0,80.83,6.03,2.99,17621.0,1378.0,44.98,2.74,4.75,15293.0,1414.0,39.04,3.06,5.62,2328.0,579.0,5.94,1.45,15.12,0.0,,0.0,,,21555.0,1475.0,55.02,2.62,4.16,,,13.21,3.12,15.12,14605.0,1342.0,30.13,2.19,5.59,3505.0,498.0,24.0,2.6,8.64,734.0,304.0,5.03,2.03,25.18,6704.0,909.0,45.9,4.58,8.24,1342.0,377.0,9.19,2.44,17.08,2024.0,700.0,13.86,4.62,21.02,15293.0,1414.0,31.55,2.32,5.62,34.0,55.0,0.22,0.36,98.34,1359.0,561.0,8.89,3.58,25.09,449.0,154.0,2.94,0.97,20.85,306.0,168.0,2.0,1.08,33.38,1545.0,367.0,10.1,2.21,14.44,1738.0,485.0,11.36,2.99,16.96,252.0,167.0,1.65,1.08,40.29,1275.0,362.0,8.34,2.24,17.26,1443.0,318.0,9.44,1.89,13.4,4824.0,505.0,31.54,1.55,6.36,905.0,270.0,5.92,1.68,18.14,663.0,276.0,4.34,1.76,25.31,500.0,149.0,3.27,0.93,18.12,1672.0,345.0,8.36,1.69,12.54,3213.0,558.0,16.07,2.71,10.56,2618.0,472.0,13.1,2.29,10.96,1503.0,435.0,7.52,2.15,17.59,2142.0,404.0,10.71,1.97,11.47,2772.0,439.0,13.87,2.11,9.63,1701.0,353.0,8.51,1.73,12.62,1953.0,630.0,9.77,3.12,19.61,1069.0,263.0,5.35,1.3,14.96,1348.0,314.0,6.74,1.54,14.16,11572.0,950.0,57.89,4.06,4.99,8531.0,751.0,42.67,3.28,5.35,4067.0,496.0,20.34,2.32,7.41,3361.0,510.0,16.81,2.45,9.22,1466.0,377.0,7.33,1.86,15.63,9030.0,769.0,45.17,3.33,5.18,45500.0,2740.0,95.68,1.8,3.66,18797.0,1743.0,39.53,2.88,5.64,31940.0,2582.0,67.17,3.84,4.91,2053.0,564.0,4.32,1.16,16.7,22090.0,1577.0,45.58,2.01,4.34,26379.0,1853.0,54.42,2.3,4.27,2385.0,619.0,4.92,1.25,15.78,3037.0,741.0,6.27,1.49,14.83,3164.0,629.0,6.53,1.24,12.09,2910.0,672.0,6.0,1.34,14.04,2439.0,669.0,5.03,1.35,16.67,4993.0,674.0,10.3,1.26,8.21,4091.0,600.0,8.44,1.14,8.92,5229.0,743.0,10.79,1.41,8.64,3094.0,621.0,6.38,1.23,12.2,3456.0,775.0,7.13,1.55,13.63,6867.0,837.0,14.17,1.53,7.41,4740.0,563.0,9.78,1.02,7.22,2064.0,435.0,4.26,0.87,12.81,10555.0,1585.0,21.78,3.03,9.13,37914.0,1870.0,78.22,5.84,3.0,13671.0,991.0,28.21,1.29,4.41,3215.0,1126.0,6.63,2.29,21.29,24103.0,1879.0,49.73,2.69,4.74,11552.0,2325.0,23.83,4.61,12.23,187.0,163.0,0.39,0.34,52.99,4123.0,994.0,8.51,1.99,14.66,45.0,66.0,0.09,0.14,89.16,5244.0,1707.0,10.82,3.47,19.79,8974.0,1921.0,18.51,3.82,13.01,39495.0,2570.0,81.49,2.69,3.96,23184.0,1760.0,47.83,2.45,4.61,10796.0,2259.0,22.27,4.49,12.72,166.0,159.0,0.34,0.33,58.23,4122.0,994.0,8.5,1.99,14.66,45.0,66.0,0.09,0.14,89.16,33.0,40.0,0.07,0.08,73.69,1149.0,535.0,2.37,1.1,28.31
11225,11225,11225,24747.0,820.0,100,,2.01,4965.0,571.0,20.06,2.21,6.99,11586.0,1479.0,20.49,2.4,7.76,593.0,252.0,5.12,2.07,25.83,373.0,142.0,3.22,1.15,23.14,4520.0,1034.0,39.01,7.41,13.91,2019.0,564.0,17.43,4.33,16.98,4081.0,558.0,35.22,1.73,8.31,42884.0,1880.0,75.84,5.09,2.66,2450.0,677.0,5.71,1.56,16.8,2464.0,532.0,5.75,1.21,13.13,8041.0,1066.0,18.75,2.35,8.06,20644.0,1326.0,48.14,2.26,3.9,46804.0,2207.0,82.77,5.74,2.87,606.0,204.0,1.29,0.43,20.46,56463.0,2875.0,99.86,0.24,3.1,5762.0,789.0,10.2,1.3,8.32,9663.0,1293.0,17.09,2.12,8.13,269.0,167.0,2.78,1.69,37.74,37768.0,2276.0,66.79,2.16,3.66,2630.0,629.0,6.96,1.61,14.54,9032.0,946.0,15.97,1.46,6.37,2863.0,493.0,31.7,4.33,10.47,56099.0,2848.0,99.21,7.13,3.09,49493.0,3107.0,88.22,3.26,3.82,6305.0,938.0,11.24,1.57,9.04,301.0,149.0,0.54,0.26,30.09,56544.0,2876.0,100,,3.09,38332.0,2775.0,67.79,3.49,4.4,36362.0,2768.0,64.31,3.64,4.63,1970.0,392.0,3.48,0.67,12.1,18212.0,1425.0,32.21,1.92,4.76,12114.0,1216.0,66.52,4.18,6.1,6098.0,928.0,33.48,4.37,9.25,1439.0,446.0,7.9,2.37,18.84,1098.0,318.0,6.03,1.68,17.61,1306.0,558.0,7.17,3.01,25.97,153.0,129.0,0.84,0.71,51.25,14003.0,1422.0,76.89,4.98,6.17,213.0,106.0,1.17,0.57,30.25,53716.0,2704.0,95.0,6.8,3.06,40751.0,2513.0,75.86,2.7,3.75,3510.0,749.0,6.53,1.36,12.97,4269.0,795.0,7.95,1.42,11.32,23351.0,905.0,94.36,1.9,2.36,22161.0,822.0,89.55,1.49,2.25,48033.0,2311.0,84.95,5.95,2.92,33537.0,2018.0,69.82,2.52,3.66,31007.0,1962.0,64.55,2.65,3.85,2455.0,474.0,5.11,0.96,11.74,75.0,84.0,0.16,0.17,68.09,14496.0,1196.0,30.18,2.02,5.02,,,7.32,1.34,11.74,29623.0,1540.0,52.39,0.56,3.16,3542.0,678.0,11.96,2.2,11.64,638.0,243.0,2.15,0.81,23.15,16563.0,1233.0,55.91,2.98,4.53,1525.0,409.0,5.15,1.35,16.3,5878.0,767.0,19.84,2.37,7.93,31007.0,1962.0,54.84,2.06,3.85,13.0,21.0,0.04,0.07,98.2,1204.0,427.0,3.88,1.36,21.56,568.0,270.0,1.83,0.86,28.9,297.0,130.0,0.96,0.41,26.61,2130.0,434.0,6.87,1.33,12.39,1840.0,476.0,5.93,1.49,15.73,2505.0,423.0,8.08,1.26,10.27,1973.0,356.0,6.36,1.08,10.97,4654.0,554.0,15.01,1.51,7.24,9413.0,1240.0,30.36,3.51,8.01,2622.0,471.0,8.46,1.42,10.92,2169.0,416.0,7.0,1.27,11.66,1619.0,500.0,5.22,1.58,18.77,1145.0,309.0,4.63,1.24,16.41,968.0,317.0,3.91,1.27,19.91,2059.0,421.0,8.32,1.68,12.43,1301.0,362.0,5.26,1.45,16.91,1984.0,381.0,8.02,1.52,11.67,3726.0,645.0,15.06,2.56,10.52,3347.0,478.0,13.52,1.88,8.68,4782.0,674.0,19.32,2.65,8.57,2162.0,391.0,8.74,1.55,10.99,3273.0,412.0,13.23,1.61,7.65,20369.0,917.0,82.31,2.51,2.74,6696.0,746.0,27.06,2.88,6.77,4681.0,551.0,18.92,2.14,7.16,1536.0,313.0,6.21,1.25,12.39,1349.0,314.0,5.45,1.26,14.15,3964.0,589.0,16.02,2.32,9.03,53124.0,2787.0,94.09,1.19,3.19,36858.0,2342.0,65.28,2.48,3.86,21349.0,2408.0,37.81,3.81,6.86,3339.0,758.0,5.91,1.31,13.8,26777.0,1679.0,47.36,1.74,3.81,29767.0,1996.0,52.64,2.3,4.08,2828.0,626.0,5.0,1.08,13.46,2446.0,567.0,4.33,0.98,14.09,2867.0,747.0,5.07,1.3,15.84,2430.0,484.0,4.3,0.83,12.11,3089.0,661.0,5.46,1.14,13.01,11870.0,1007.0,20.99,1.43,5.16,8387.0,858.0,14.83,1.32,6.22,7284.0,928.0,12.88,1.5,7.74,3367.0,644.0,5.95,1.1,11.63,2944.0,558.0,5.21,0.95,11.52,5188.0,641.0,9.18,1.03,7.51,2906.0,551.0,5.14,0.94,11.53,938.0,346.0,1.66,0.61,22.42,9665.0,1293.0,17.09,2.11,8.13,46879.0,2208.0,82.91,5.75,2.86,9032.0,946.0,15.97,1.46,6.37,4961.0,748.0,8.77,1.25,9.17,16108.0,2062.0,28.49,3.35,7.78,30571.0,2462.0,54.07,3.38,4.9,28.0,96.0,0.05,0.17,208.42,1723.0,442.0,3.05,0.77,15.59,0.0,,0.0,,,3153.0,929.0,5.58,1.62,17.91,5860.0,873.0,10.36,1.45,9.06,50684.0,2765.0,89.64,1.77,3.32,15430.0,2059.0,27.29,3.37,8.11,30009.0,2451.0,53.07,3.39,4.97,14.0,23.0,0.02,0.04,99.87,1708.0,441.0,3.02,0.76,15.7,0.0,,0.0,,,557.0,341.0,0.99,0.6,37.22,2966.0,675.0,5.25,1.16,13.83
11226,11226,11226,39305.0,1349.0,100,,2.09,9801.0,821.0,24.94,1.91,5.09,20944.0,1772.0,20.94,1.5,5.14,1243.0,330.0,5.93,1.49,16.14,1206.0,444.0,5.76,2.06,22.38,7944.0,857.0,37.93,2.54,6.56,3976.0,668.0,18.98,2.76,10.21,6575.0,911.0,31.39,3.44,8.42,73768.0,3119.0,73.75,4.57,2.57,4658.0,980.0,6.31,1.3,12.79,5694.0,950.0,7.72,1.25,10.14,20670.0,1607.0,28.02,1.83,4.73,26704.0,1554.0,36.2,1.45,3.54,81365.0,3432.0,81.35,5.04,2.56,1108.0,318.0,1.36,0.39,17.45,99413.0,4511.0,99.39,0.18,2.76,8195.0,889.0,8.24,0.81,6.59,18474.0,1573.0,18.47,1.33,5.18,728.0,256.0,3.94,1.34,21.38,67412.0,3120.0,67.4,0.63,2.81,4177.0,556.0,6.2,0.77,8.09,13527.0,1052.0,13.52,0.85,4.73,3290.0,494.0,24.32,3.12,9.13,99118.0,4522.0,99.1,0.5,2.77,90066.0,4326.0,90.87,1.36,2.92,8245.0,1106.0,8.32,1.05,8.15,807.0,380.0,0.81,0.38,28.62,100022.0,4535.0,100,,2.76,57482.0,3182.0,57.47,1.83,3.37,55174.0,3170.0,55.16,1.95,3.49,2308.0,504.0,2.31,0.49,13.27,42540.0,2930.0,42.53,2.21,4.19,26894.0,1910.0,63.22,1.09,4.32,15646.0,1560.0,36.78,2.65,6.06,1756.0,342.0,4.13,0.75,11.84,2957.0,539.0,6.95,1.17,11.08,1923.0,562.0,4.52,1.28,17.77,175.0,98.0,0.41,0.23,34.04,35485.0,2762.0,83.42,3.02,4.73,243.0,207.0,0.57,0.49,51.78,94599.0,4261.0,94.58,6.04,2.74,61815.0,3294.0,65.34,1.86,3.24,12191.0,1332.0,12.89,1.28,6.64,12644.0,1722.0,13.37,1.72,8.28,36523.0,1404.0,92.92,1.61,2.34,34159.0,1358.0,86.91,1.74,2.42,83357.0,3580.0,83.34,5.2,2.61,56636.0,2788.0,67.94,1.63,2.99,52793.0,2774.0,63.33,1.92,3.19,3665.0,592.0,4.4,0.68,9.82,178.0,145.0,0.21,0.17,49.52,26721.0,1796.0,32.06,1.66,4.09,,,6.47,1.0,9.82,51434.0,2489.0,51.42,0.87,2.94,6673.0,979.0,12.97,1.8,8.92,1198.0,299.0,2.33,0.57,15.17,33315.0,1961.0,64.77,2.17,3.58,1872.0,412.0,3.64,0.78,13.38,6420.0,737.0,12.48,1.3,6.98,52793.0,2774.0,52.78,1.4,3.19,30.0,32.0,0.06,0.06,64.84,2156.0,509.0,4.08,0.94,14.35,1739.0,411.0,3.29,0.76,14.37,292.0,128.0,0.55,0.24,26.65,4723.0,760.0,8.95,1.36,9.78,3973.0,639.0,7.53,1.14,9.78,2499.0,404.0,4.73,0.72,9.83,3056.0,522.0,5.79,0.94,10.38,7165.0,858.0,13.57,1.46,7.28,16495.0,1307.0,31.24,1.85,4.82,5581.0,840.0,10.57,1.49,9.15,2726.0,461.0,5.16,0.83,10.28,2358.0,480.0,4.47,0.88,12.37,1998.0,403.0,5.08,1.01,12.26,1743.0,336.0,4.43,0.84,11.72,2660.0,463.0,6.77,1.15,10.58,1971.0,292.0,5.01,0.72,9.01,4581.0,767.0,11.66,1.91,10.18,5336.0,536.0,13.58,1.28,6.11,4992.0,712.0,12.7,1.76,8.67,7373.0,738.0,18.76,1.76,6.08,3754.0,520.0,9.55,1.28,8.42,4897.0,642.0,12.46,1.58,7.97,32872.0,1451.0,83.63,2.32,2.68,9664.0,799.0,24.59,1.85,5.03,5435.0,686.0,13.83,1.68,7.67,2366.0,430.0,6.02,1.07,11.05,1947.0,357.0,4.95,0.89,11.15,9281.0,863.0,23.61,2.04,5.65,91582.0,4143.0,92.12,5.9,2.75,55135.0,3251.0,55.46,2.09,3.58,43002.0,2659.0,43.26,1.82,3.76,7831.0,1437.0,7.88,1.4,11.16,46690.0,2508.0,46.68,1.34,3.27,53332.0,2635.0,53.32,1.05,3.0,5423.0,734.0,5.42,0.69,8.23,4665.0,580.0,4.66,0.54,7.56,5156.0,706.0,5.15,0.67,8.32,4910.0,874.0,4.91,0.84,10.82,6100.0,798.0,6.1,0.75,7.95,21021.0,1465.0,21.02,1.11,4.24,15416.0,1276.0,15.41,1.07,5.03,12323.0,1192.0,12.32,1.05,5.88,6211.0,711.0,6.21,0.65,6.96,5030.0,710.0,5.03,0.67,8.58,8929.0,826.0,8.93,0.72,5.62,3618.0,515.0,3.62,0.49,8.65,1220.0,257.0,1.22,0.25,12.81,18479.0,1573.0,18.47,1.33,5.17,81543.0,3454.0,81.53,5.06,2.57,13767.0,1052.0,13.76,0.85,4.65,9406.0,1361.0,9.4,1.29,8.8,15760.0,1329.0,15.76,1.12,5.13,60532.0,3962.0,60.52,2.86,3.98,1108.0,548.0,1.11,0.55,30.07,4063.0,595.0,4.06,0.57,8.9,42.0,44.0,0.04,0.04,63.69,9111.0,1483.0,9.11,1.42,9.89,16356.0,1973.0,16.35,1.83,7.33,83666.0,3805.0,83.65,0.3,2.76,14464.0,1289.0,14.46,1.11,5.42,58964.0,3941.0,58.95,2.89,4.06,135.0,103.0,0.13,0.1,46.38,4063.0,595.0,4.06,0.57,8.9,42.0,44.0,0.04,0.04,63.69,859.0,329.0,0.86,0.33,23.28,5139.0,754.0,5.14,0.72,8.92
11228,11228,11228,15105.0,777.0,100,,3.13,4526.0,545.0,29.96,3.26,7.32,9193.0,751.0,21.72,1.4,4.97,669.0,165.0,7.28,1.69,14.99,587.0,175.0,6.39,1.83,18.12,3235.0,356.0,35.19,2.59,6.69,1888.0,238.0,20.54,1.97,7.66,2814.0,434.0,30.61,4.0,9.38,31445.0,1544.0,74.29,5.22,2.98,4279.0,533.0,13.61,1.56,7.57,1996.0,382.0,6.35,1.17,11.63,8734.0,861.0,27.78,2.37,5.99,11662.0,819.0,37.09,1.86,4.27,34526.0,1776.0,81.57,0.88,3.13,717.0,187.0,2.08,0.53,15.85,42169.0,2129.0,99.63,0.43,3.07,4759.0,515.0,11.29,1.08,6.58,7799.0,672.0,18.43,1.29,5.24,358.0,109.0,4.59,1.34,18.51,25633.0,1659.0,60.56,2.47,3.93,1374.0,227.0,5.36,0.81,10.04,8737.0,728.0,20.64,1.37,5.07,3027.0,389.0,34.65,3.39,7.81,42013.0,2130.0,99.26,0.63,3.08,38605.0,2046.0,91.89,1.42,3.22,3030.0,786.0,7.21,1.83,15.77,378.0,185.0,0.9,0.44,29.75,42325.0,2129.0,100,,3.06,24964.0,1571.0,58.98,2.23,3.83,23895.0,1509.0,56.46,2.16,3.84,1069.0,311.0,2.53,0.72,17.69,17361.0,1387.0,41.02,2.55,4.86,11254.0,954.0,64.82,1.84,5.15,6107.0,871.0,35.18,4.16,8.67,3618.0,538.0,20.84,2.61,9.04,10858.0,1259.0,62.54,5.26,7.05,821.0,370.0,4.73,2.1,27.4,7.0,11.0,0.04,0.06,95.53,1994.0,489.0,11.49,2.66,14.91,63.0,46.0,0.36,0.26,44.39,40176.0,2003.0,94.92,6.72,3.03,16946.0,1286.0,42.18,2.41,4.61,12338.0,1035.0,30.71,2.07,5.1,3225.0,699.0,8.03,1.69,13.18,14279.0,748.0,94.53,0.94,3.18,14016.0,760.0,92.79,1.59,3.3,35347.0,1771.0,83.51,5.93,3.05,20683.0,1336.0,58.51,2.39,3.93,19443.0,1240.0,55.01,2.17,3.88,1240.0,301.0,3.51,0.83,14.76,0.0,,0.0,,,14664.0,894.0,41.49,1.44,3.71,,,6.0,1.4,14.76,18713.0,1164.0,44.21,1.62,3.78,4796.0,561.0,25.63,2.54,7.11,1465.0,278.0,7.83,1.4,11.54,7175.0,568.0,38.34,1.88,4.81,1306.0,227.0,6.98,1.13,10.57,3180.0,477.0,16.99,2.32,9.12,19443.0,1240.0,45.94,1.8,3.88,6.0,9.0,0.03,0.05,91.19,1815.0,475.0,9.33,2.37,15.91,737.0,213.0,3.79,1.07,17.57,363.0,146.0,1.87,0.74,24.45,1743.0,428.0,8.96,2.13,14.93,1234.0,264.0,6.35,1.3,13.01,507.0,130.0,2.61,0.65,15.59,1606.0,287.0,8.26,1.38,10.86,2146.0,294.0,11.04,1.34,8.33,6001.0,604.0,30.86,2.4,6.12,1718.0,315.0,8.84,1.52,11.15,800.0,165.0,4.11,0.81,12.54,767.0,202.0,3.94,1.01,16.01,615.0,186.0,4.07,1.21,18.39,543.0,140.0,3.59,0.91,15.67,1271.0,333.0,8.41,2.16,15.93,957.0,345.0,6.34,2.26,21.91,1664.0,480.0,11.02,3.13,17.54,1995.0,308.0,13.21,1.92,9.39,1651.0,244.0,10.93,1.51,8.98,2305.0,364.0,15.26,2.28,9.6,1619.0,233.0,10.72,1.44,8.75,2485.0,366.0,16.45,2.27,8.95,11596.0,782.0,76.77,3.35,4.1,5463.0,463.0,36.17,2.44,5.15,4086.0,457.0,27.05,2.69,6.8,932.0,164.0,6.17,1.04,10.7,404.0,147.0,2.67,0.96,22.12,2043.0,282.0,13.53,1.73,8.39,39713.0,2094.0,94.18,1.43,3.21,24043.0,1620.0,57.02,2.54,4.1,20239.0,1327.0,47.99,2.01,3.99,2456.0,592.0,5.82,1.37,14.65,20952.0,1220.0,49.5,1.45,3.54,21373.0,1257.0,50.5,1.54,3.58,2149.0,390.0,5.08,0.89,11.03,2230.0,324.0,5.27,0.72,8.83,2071.0,260.0,4.89,0.56,7.63,2102.0,266.0,4.97,0.58,7.69,2328.0,396.0,5.5,0.89,10.34,5276.0,732.0,12.47,1.61,8.43,5503.0,660.0,13.0,1.42,7.29,5883.0,664.0,13.9,1.4,6.86,3025.0,410.0,7.15,0.9,8.24,2896.0,375.0,6.84,0.82,7.87,4889.0,498.0,11.55,1.02,6.19,2800.0,316.0,6.62,0.67,6.86,1173.0,245.0,2.77,0.56,12.7,7799.0,672.0,18.43,1.29,5.24,34526.0,1776.0,81.57,0.88,3.13,8862.0,731.0,20.94,1.37,5.01,1804.0,327.0,4.26,0.74,11.02,21557.0,1638.0,50.93,2.9,4.62,576.0,235.0,1.36,0.55,24.8,204.0,161.0,0.48,0.38,47.98,15485.0,1627.0,36.59,3.37,6.39,9.0,17.0,0.02,0.04,114.83,2690.0,752.0,6.36,1.75,16.99,5333.0,924.0,12.6,2.09,10.53,36992.0,2140.0,87.4,2.5,3.52,20274.0,1552.0,47.9,2.76,4.65,449.0,205.0,1.06,0.48,27.76,45.0,55.0,0.11,0.13,74.3,15356.0,1614.0,36.28,3.35,6.39,9.0,17.0,0.02,0.04,114.83,51.0,53.0,0.12,0.13,63.17,808.0,218.0,1.91,0.51,16.4
11230,11230,11230,31802.0,783.0,100,,1.5,10207.0,655.0,32.1,1.9,3.9,23950.0,1345.0,27.14,1.28,3.41,1663.0,469.0,6.94,1.92,17.14,1306.0,291.0,5.45,1.18,13.55,10036.0,933.0,41.9,3.1,5.65,4848.0,519.0,20.24,1.84,6.51,6097.0,536.0,25.46,1.72,5.34,58329.0,1796.0,66.09,0.28,1.87,5295.0,739.0,9.08,1.24,8.48,4918.0,733.0,8.43,1.23,9.06,11599.0,831.0,19.89,1.29,4.36,25496.0,1522.0,43.71,2.24,3.63,64397.0,1951.0,72.97,3.14,1.84,870.0,217.0,1.35,0.33,15.16,88028.0,2692.0,99.75,0.22,1.86,11938.0,885.0,13.56,0.92,4.51,23804.0,1633.0,26.97,1.66,4.17,439.0,178.0,1.84,0.74,24.65,48539.0,1786.0,55.0,1.13,2.24,4609.0,572.0,9.5,1.13,7.54,15685.0,854.0,17.77,0.8,3.31,6890.0,644.0,43.93,3.34,5.68,86521.0,2603.0,98.04,4.2,1.83,78367.0,2461.0,90.58,0.82,1.91,7440.0,1168.0,8.6,1.32,9.54,714.0,314.0,0.83,0.36,26.73,88252.0,2692.0,100,,1.85,52150.0,2279.0,59.09,1.85,2.66,49619.0,2154.0,56.22,1.74,2.64,2531.0,594.0,2.87,0.67,14.27,36102.0,1817.0,40.91,1.64,3.06,22030.0,1101.0,61.02,4.33,3.04,14072.0,1549.0,38.98,3.82,6.69,11509.0,1070.0,31.88,2.49,5.65,16181.0,1485.0,44.82,3.44,5.58,689.0,312.0,1.91,0.86,27.53,39.0,55.0,0.11,0.15,85.73,7573.0,1254.0,20.98,3.31,10.07,111.0,76.0,0.31,0.21,41.62,80633.0,2364.0,91.37,3.87,1.78,36439.0,1603.0,45.19,1.48,2.67,24135.0,1665.0,29.93,1.87,4.19,7832.0,1528.0,9.71,1.87,11.86,28143.0,795.0,88.49,1.23,1.72,26830.0,790.0,84.37,1.36,1.79,66719.0,1953.0,75.6,3.2,1.78,39689.0,1534.0,59.49,1.5,2.35,37106.0,1539.0,55.62,1.63,2.52,2543.0,349.0,3.81,0.51,8.34,40.0,55.0,0.06,0.08,83.59,27030.0,1209.0,40.51,1.37,2.72,,,6.41,0.84,8.34,36061.0,1518.0,40.86,1.19,2.56,8502.0,686.0,23.58,1.62,4.9,2588.0,563.0,7.18,1.53,13.22,14589.0,1145.0,40.46,2.68,4.77,3862.0,464.0,10.71,1.21,7.3,4883.0,562.0,13.54,1.45,7.0,37106.0,1539.0,42.05,1.18,2.52,34.0,34.0,0.09,0.09,60.79,1688.0,417.0,4.55,1.11,15.02,1145.0,313.0,3.09,0.83,16.62,1125.0,249.0,3.03,0.66,13.45,3606.0,593.0,9.72,1.55,10.0,2978.0,478.0,8.03,1.24,9.76,1172.0,333.0,3.16,0.89,17.27,2408.0,380.0,6.49,0.99,9.59,4440.0,526.0,11.97,1.33,7.2,12920.0,944.0,34.82,2.09,4.44,2907.0,475.0,7.83,1.24,9.93,1402.0,279.0,3.78,0.74,12.1,1281.0,244.0,3.45,0.64,11.58,1967.0,390.0,6.19,1.22,12.05,2274.0,404.0,7.15,1.26,10.8,2637.0,464.0,8.29,1.44,10.7,2730.0,378.0,8.58,1.17,8.42,2958.0,401.0,9.3,1.24,8.24,4497.0,572.0,14.14,1.76,7.73,4022.0,447.0,12.65,1.37,6.76,4913.0,511.0,15.45,1.56,6.32,2061.0,395.0,6.48,1.23,11.65,3743.0,423.0,11.77,1.3,6.87,24255.0,779.0,76.27,1.57,1.95,9313.0,637.0,29.28,1.87,4.16,5064.0,450.0,15.92,1.36,5.4,3323.0,464.0,10.45,1.44,8.49,1674.0,389.0,5.26,1.22,14.13,7803.0,695.0,24.54,2.1,5.41,81862.0,2506.0,93.0,0.13,1.86,42807.0,1951.0,48.63,1.64,2.77,47521.0,2612.0,53.98,2.47,3.34,6166.0,1077.0,7.0,1.2,10.62,43740.0,1777.0,49.56,1.33,2.47,44512.0,1602.0,50.44,0.96,2.19,7619.0,793.0,8.63,0.86,6.33,5696.0,744.0,6.45,0.82,7.94,7043.0,801.0,7.98,0.87,6.91,5292.0,513.0,6.0,0.55,5.89,4273.0,502.0,4.84,0.55,7.14,12948.0,1053.0,14.67,1.11,4.94,10710.0,872.0,12.14,0.92,4.95,9308.0,636.0,10.55,0.64,4.15,4527.0,491.0,5.13,0.53,6.59,5025.0,630.0,5.69,0.69,7.62,9806.0,694.0,11.11,0.71,4.3,3889.0,466.0,4.41,0.51,7.28,2116.0,417.0,2.4,0.47,11.98,23815.0,1634.0,26.99,1.66,4.17,64437.0,1947.0,73.01,3.13,1.84,15811.0,856.0,17.92,0.8,3.29,4899.0,1098.0,5.55,1.23,13.62,53196.0,2209.0,60.28,1.7,2.52,7645.0,979.0,8.66,1.08,7.78,646.0,471.0,0.73,0.53,44.32,14698.0,1597.0,16.65,1.74,6.61,59.0,56.0,0.07,0.06,57.7,7109.0,1570.0,8.06,1.76,13.43,11187.0,1971.0,12.68,2.2,10.71,77065.0,2715.0,87.32,1.54,2.14,50721.0,2166.0,57.47,1.72,2.6,7214.0,915.0,8.17,1.01,7.71,60.0,76.0,0.07,0.09,77.0,14614.0,1598.0,16.56,1.74,6.65,59.0,56.0,0.07,0.06,57.7,1283.0,489.0,1.45,0.55,23.17,3114.0,751.0,3.53,0.84,14.66
11415,11415,"11415, 11424",8967.0,430.0,100,,2.92,2162.0,294.0,24.11,3.07,8.27,4396.0,698.0,20.56,2.79,9.65,196.0,110.0,4.46,2.4,34.12,241.0,136.0,5.48,2.97,34.3,1801.0,514.0,40.97,9.72,17.35,851.0,237.0,19.36,4.43,16.93,1307.0,297.0,29.73,4.83,13.81,15761.0,1232.0,73.72,8.37,4.75,1084.0,566.0,6.88,3.55,31.74,723.0,216.0,4.59,1.32,18.16,2367.0,461.0,15.02,2.68,11.84,8345.0,719.0,52.95,1.92,5.24,17064.0,1293.0,79.82,8.93,4.61,338.0,162.0,1.98,0.94,29.14,21245.0,1757.0,99.37,0.78,5.03,2253.0,346.0,10.6,1.37,9.34,4265.0,844.0,19.95,3.59,12.03,179.0,96.0,4.2,2.09,32.6,13503.0,918.0,63.16,6.74,4.13,834.0,188.0,6.18,1.33,13.7,3477.0,715.0,16.26,3.06,12.5,1240.0,299.0,35.66,4.49,14.66,20942.0,1583.0,97.96,10.95,4.6,19017.0,1625.0,90.81,3.62,5.19,1788.0,386.0,8.54,1.73,13.12,137.0,94.0,0.65,0.45,41.71,21379.0,1760.0,100,,5.0,13298.0,1307.0,62.2,3.34,5.97,13052.0,1298.0,61.05,3.41,6.05,246.0,126.0,1.15,0.58,31.14,8081.0,981.0,37.8,3.37,7.38,5551.0,730.0,68.69,3.47,7.99,2530.0,645.0,31.31,7.02,15.5,1979.0,441.0,24.49,4.58,13.55,3062.0,752.0,37.89,8.09,14.93,280.0,151.0,3.46,1.82,32.78,0.0,,0.0,,,2724.0,716.0,33.71,7.86,15.98,36.0,27.0,0.45,0.33,45.59,19985.0,1517.0,93.48,10.47,4.61,8988.0,875.0,44.97,2.74,5.92,4026.0,800.0,20.15,3.7,12.08,3627.0,789.0,18.15,3.7,13.22,8755.0,425.0,97.64,0.74,2.95,8426.0,426.0,93.97,1.51,3.07,17503.0,1257.0,81.87,8.94,4.37,11939.0,886.0,68.21,1.28,4.51,11113.0,811.0,63.49,0.82,4.44,779.0,256.0,4.45,1.43,19.98,47.0,74.0,0.27,0.42,95.71,5564.0,803.0,31.79,3.98,8.77,,,6.52,2.09,19.98,10987.0,838.0,51.39,5.77,4.64,2896.0,459.0,26.36,3.66,9.63,394.0,151.0,3.59,1.35,23.3,4898.0,619.0,44.58,4.49,7.68,597.0,189.0,5.43,1.67,19.25,1577.0,387.0,14.35,3.35,14.92,11113.0,811.0,51.98,5.72,4.44,0.0,,0.0,,,501.0,159.0,4.51,1.39,19.29,361.0,233.0,3.25,2.08,39.24,256.0,167.0,2.3,1.49,39.66,652.0,162.0,5.87,1.39,15.1,1068.0,296.0,9.61,2.57,16.85,465.0,215.0,4.18,1.91,28.11,1216.0,410.0,10.94,3.6,20.5,1753.0,316.0,15.77,2.6,10.96,2943.0,438.0,26.48,3.43,9.05,629.0,253.0,5.66,2.24,24.45,592.0,179.0,5.33,1.56,18.38,677.0,226.0,6.09,1.98,20.29,376.0,142.0,4.19,1.57,22.96,401.0,154.0,4.47,1.7,23.35,723.0,225.0,8.06,2.48,18.92,228.0,111.0,2.54,1.23,29.6,746.0,271.0,8.32,3.0,22.08,1258.0,310.0,14.03,3.39,14.98,1162.0,259.0,12.96,2.82,13.55,1691.0,304.0,18.86,3.27,10.93,1019.0,233.0,11.36,2.54,13.9,1363.0,283.0,15.2,3.07,12.62,7509.0,455.0,83.74,3.1,3.68,2121.0,310.0,23.65,3.27,8.88,1238.0,274.0,13.81,2.98,13.45,363.0,120.0,4.05,1.32,20.1,84.0,62.0,0.94,0.69,44.87,989.0,244.0,11.03,2.67,15.0,20360.0,1710.0,95.83,1.4,5.11,13804.0,1286.0,64.98,2.79,5.66,8483.0,1562.0,39.93,6.57,11.19,885.0,242.0,4.17,1.09,16.62,10905.0,918.0,51.01,0.9,5.12,10474.0,1066.0,48.99,2.93,6.19,1394.0,393.0,6.52,1.76,17.14,1205.0,383.0,5.64,1.73,19.32,1042.0,297.0,4.87,1.33,17.33,964.0,260.0,4.51,1.16,16.4,1013.0,251.0,4.74,1.11,15.06,4005.0,516.0,18.73,1.86,7.83,2914.0,492.0,13.63,2.01,10.26,2708.0,420.0,12.67,1.66,9.43,1232.0,251.0,5.76,1.07,12.39,1425.0,260.0,6.67,1.09,11.09,1882.0,401.0,8.8,1.73,12.95,1157.0,512.0,5.41,2.35,26.9,438.0,169.0,2.05,0.77,23.46,4268.0,844.0,19.96,3.59,12.02,17111.0,1297.0,80.04,8.96,4.61,3477.0,715.0,16.26,3.06,12.5,2314.0,564.0,10.82,2.48,14.82,10329.0,1312.0,48.31,4.67,7.72,1522.0,457.0,7.12,2.06,18.25,211.0,138.0,0.99,0.64,39.76,4357.0,1141.0,20.38,5.07,15.92,0.0,,0.0,,,2646.0,741.0,12.38,3.31,17.02,5281.0,917.0,24.7,3.78,10.56,16098.0,1647.0,75.3,4.57,6.22,9267.0,1290.0,43.35,4.87,8.46,1260.0,344.0,5.89,1.53,16.6,69.0,98.0,0.32,0.46,86.34,4308.0,1143.0,20.15,5.08,16.13,0.0,,0.0,,,295.0,199.0,1.38,0.92,41.01,899.0,366.0,4.21,1.68,24.75
11229,11229,11229,30924.0,897.0,100,,1.76,8579.0,630.0,27.74,1.87,4.46,18576.0,1507.0,23.28,1.72,4.93,1590.0,317.0,8.56,1.56,12.12,1149.0,315.0,6.19,1.62,16.67,7960.0,833.0,42.85,2.83,6.36,3418.0,567.0,18.4,2.66,10.08,4459.0,647.0,24.0,2.89,8.82,57192.0,1510.0,71.67,3.06,1.61,3847.0,475.0,6.73,0.81,7.51,2898.0,349.0,5.07,0.6,7.32,14071.0,1117.0,24.6,1.84,4.83,23614.0,1263.0,41.29,1.92,3.25,61828.0,1693.0,77.48,3.35,1.66,1060.0,260.0,1.71,0.42,14.91,79599.0,2667.0,99.75,0.15,2.04,8788.0,694.0,11.04,0.79,4.8,17944.0,1480.0,22.49,1.7,5.01,262.0,133.0,1.46,0.73,30.86,44847.0,1858.0,56.2,1.37,2.52,2631.0,374.0,5.87,0.8,8.64,16808.0,803.0,21.06,0.72,2.9,5895.0,601.0,35.07,3.16,6.2,79075.0,2629.0,99.09,4.67,2.02,74371.0,2565.0,94.05,0.86,2.1,4130.0,753.0,5.22,0.94,11.08,574.0,262.0,0.73,0.33,27.75,79802.0,2671.0,100,,2.03,42683.0,2021.0,53.49,1.79,2.88,40786.0,2043.0,51.11,1.9,3.05,1897.0,463.0,2.38,0.57,14.84,37119.0,1477.0,46.51,1.0,2.42,26106.0,1256.0,70.33,1.9,2.92,11013.0,1039.0,29.67,2.54,5.74,13914.0,1023.0,37.48,2.32,4.47,18631.0,1167.0,50.19,2.43,3.81,875.0,350.0,2.36,0.94,24.32,80.0,82.0,0.22,0.22,62.31,3363.0,764.0,9.06,2.03,13.81,256.0,113.0,0.69,0.3,26.83,74679.0,2489.0,93.58,4.42,2.03,30012.0,1772.0,40.19,1.96,3.59,25998.0,1274.0,34.81,1.25,2.98,4631.0,983.0,6.2,1.3,12.9,28237.0,947.0,91.31,1.54,2.04,27296.0,974.0,88.27,1.83,2.17,63642.0,1884.0,79.75,3.56,1.8,36414.0,1556.0,57.22,1.76,2.6,34562.0,1583.0,54.31,1.9,2.78,1826.0,277.0,2.87,0.43,9.22,26.0,32.0,0.04,0.05,74.82,27228.0,1262.0,42.78,1.53,2.82,,,5.01,0.73,9.22,33799.0,1550.0,42.35,1.33,2.79,9245.0,680.0,27.35,1.57,4.47,1815.0,336.0,5.37,0.96,11.25,13940.0,957.0,41.24,2.11,4.17,2599.0,400.0,7.69,1.13,9.36,4913.0,593.0,14.54,1.62,7.34,34562.0,1583.0,43.31,1.35,2.78,17.0,27.0,0.05,0.08,96.55,1957.0,337.0,5.66,0.94,10.47,1088.0,307.0,3.15,0.88,17.15,1173.0,227.0,3.39,0.64,11.76,3449.0,603.0,9.98,1.68,10.63,2975.0,400.0,8.61,1.09,8.17,976.0,212.0,2.82,0.6,13.2,2874.0,369.0,8.32,1.0,7.81,4472.0,511.0,12.94,1.35,6.95,10596.0,747.0,30.66,1.64,4.29,2228.0,387.0,6.45,1.08,10.56,1322.0,258.0,3.83,0.73,11.86,1435.0,281.0,4.15,0.79,11.9,1783.0,260.0,5.77,0.82,8.86,1959.0,372.0,6.33,1.19,11.54,2363.0,371.0,7.64,1.18,9.54,2243.0,337.0,7.25,1.07,9.13,3138.0,438.0,10.15,1.39,8.49,4370.0,479.0,14.13,1.49,6.66,3376.0,500.0,10.92,1.59,9.0,4927.0,525.0,15.93,1.63,6.48,2498.0,293.0,8.08,0.92,7.13,4267.0,463.0,13.8,1.44,6.6,22226.0,924.0,71.87,2.14,2.53,10284.0,609.0,33.26,1.72,3.6,6326.0,568.0,20.46,1.74,5.46,2776.0,375.0,8.98,1.18,8.21,1478.0,283.0,4.78,0.9,11.64,6198.0,562.0,20.04,1.72,5.51,75899.0,2730.0,95.35,1.25,2.19,45722.0,2876.0,57.44,3.06,3.82,38688.0,1690.0,48.6,1.36,2.66,3700.0,506.0,4.65,0.62,8.31,38753.0,1533.0,48.56,1.02,2.4,41049.0,1628.0,51.44,1.09,2.41,5123.0,625.0,6.42,0.75,7.42,5025.0,566.0,6.3,0.68,6.85,5178.0,739.0,6.49,0.9,8.68,3982.0,559.0,4.99,0.68,8.53,3302.0,455.0,4.14,0.55,8.38,9819.0,835.0,12.3,0.96,5.17,9553.0,707.0,11.97,0.79,4.5,9569.0,920.0,11.99,1.08,5.84,5508.0,627.0,6.9,0.75,6.92,5788.0,766.0,7.25,0.93,8.05,9750.0,640.0,12.22,0.69,3.99,5085.0,528.0,6.37,0.63,6.31,2120.0,372.0,2.66,0.46,10.67,17948.0,1480.0,22.49,1.69,5.01,61854.0,1695.0,77.51,3.35,1.67,16955.0,796.0,21.25,0.7,2.85,4813.0,777.0,6.03,0.95,9.81,48542.0,2620.0,60.83,2.58,3.28,5301.0,917.0,6.64,1.13,10.52,86.0,84.0,0.11,0.11,59.38,17803.0,1422.0,22.31,1.62,4.86,81.0,106.0,0.1,0.13,79.55,3176.0,1026.0,3.98,1.28,19.64,7261.0,1292.0,9.1,1.59,10.82,72541.0,2422.0,90.9,4.3,2.03,46713.0,2457.0,58.54,2.38,3.2,4869.0,887.0,6.1,1.09,11.07,86.0,84.0,0.11,0.11,59.38,17724.0,1413.0,22.21,1.61,4.85,81.0,106.0,0.1,0.13,79.55,219.0,196.0,0.27,0.25,54.41,2849.0,593.0,3.57,0.73,12.65
11231,11231,11231,16810.0,785.0,100,,2.84,5121.0,613.0,30.46,3.36,7.28,8901.0,1112.0,22.42,2.4,7.59,1061.0,425.0,11.92,4.54,24.35,432.0,195.0,4.85,2.11,27.44,4273.0,716.0,48.01,5.36,10.19,1782.0,424.0,20.02,4.05,14.46,1353.0,396.0,15.2,4.02,17.79,28376.0,1620.0,71.47,6.17,3.47,1486.0,424.0,5.24,1.46,17.35,1265.0,368.0,4.46,1.27,17.68,3205.0,713.0,11.29,2.43,13.52,19600.0,1175.0,69.07,1.26,3.64,30150.0,1744.0,75.94,6.59,3.52,406.0,147.0,1.35,0.48,22.01,39693.0,2568.0,99.97,0.15,3.93,3254.0,420.0,8.2,0.92,7.85,9546.0,1224.0,24.04,2.66,7.79,174.0,87.0,1.82,0.88,30.4,25804.0,1683.0,64.99,0.55,3.96,1833.0,411.0,7.1,1.52,13.63,4343.0,525.0,10.94,1.12,7.35,1247.0,286.0,28.71,5.6,13.94,39112.0,2571.0,98.51,1.16,4.0,34161.0,2506.0,87.34,2.84,4.46,4643.0,760.0,11.87,1.78,9.95,308.0,208.0,0.79,0.53,41.05,39704.0,2568.0,100,,3.93,32686.0,2312.0,82.32,2.36,4.3,31751.0,2279.0,79.97,2.49,4.36,935.0,256.0,2.35,0.63,16.64,7018.0,935.0,17.68,2.06,8.1,3717.0,660.0,52.96,6.22,10.79,3301.0,698.0,47.04,7.72,12.85,2081.0,506.0,29.65,6.03,14.78,1402.0,342.0,19.98,4.08,14.83,384.0,258.0,5.47,3.6,40.84,129.0,75.0,1.84,1.04,35.34,2690.0,856.0,38.33,11.08,19.34,332.0,135.0,4.73,1.82,24.72,36802.0,2341.0,92.69,8.41,3.87,28305.0,2228.0,76.91,3.57,4.79,2856.0,543.0,7.76,1.39,11.56,3822.0,760.0,10.39,1.96,12.09,16263.0,831.0,96.75,2.01,3.11,15571.0,795.0,92.63,1.91,3.1,30953.0,1766.0,77.96,6.72,3.47,22912.0,1462.0,74.02,2.12,3.88,21294.0,1473.0,68.79,2.69,4.21,1618.0,365.0,5.23,1.14,13.71,0.0,,0.0,,,8041.0,855.0,25.98,2.33,6.46,,,7.06,1.53,13.71,20606.0,1543.0,51.9,1.96,4.55,1767.0,467.0,8.58,2.17,16.07,440.0,221.0,2.14,1.06,30.53,8111.0,748.0,39.36,2.12,5.61,2527.0,790.0,12.26,3.72,19.0,6323.0,662.0,30.69,2.25,6.36,21294.0,1473.0,53.63,1.32,4.21,16.0,19.0,0.08,0.09,72.19,356.0,148.0,1.67,0.69,25.27,492.0,178.0,2.31,0.82,21.99,429.0,403.0,2.01,1.89,57.11,1479.0,341.0,6.95,1.53,14.02,691.0,315.0,3.25,1.46,27.71,1853.0,275.0,8.7,1.14,9.02,2367.0,529.0,11.12,2.36,13.59,5651.0,545.0,26.54,1.78,5.86,4733.0,608.0,22.23,2.41,7.81,1459.0,288.0,6.85,1.27,12.0,1067.0,262.0,5.01,1.18,14.93,701.0,372.0,3.29,1.73,32.26,1322.0,343.0,7.86,2.01,15.77,632.0,236.0,3.76,1.39,22.7,810.0,289.0,4.82,1.7,21.69,511.0,210.0,3.04,1.24,24.98,1147.0,399.0,6.82,2.35,21.15,1155.0,269.0,6.87,1.57,14.16,1110.0,277.0,6.6,1.62,15.17,2210.0,392.0,13.15,2.25,10.78,1900.0,373.0,11.3,2.16,11.93,6013.0,690.0,35.77,3.75,6.98,14097.0,790.0,83.86,2.6,3.41,2960.0,364.0,17.61,2.0,7.48,2233.0,446.0,13.28,2.58,12.14,965.0,272.0,5.74,1.6,17.13,1264.0,310.0,7.52,1.81,14.91,2486.0,337.0,14.79,1.88,8.24,38224.0,2510.0,96.3,1.08,3.99,29697.0,2447.0,74.82,3.82,5.01,10947.0,984.0,27.58,1.72,5.46,1469.0,427.0,3.7,1.05,17.67,18618.0,1412.0,46.89,1.86,4.61,21086.0,1841.0,53.11,3.11,5.31,2902.0,646.0,7.31,1.56,13.53,2657.0,724.0,6.69,1.77,16.56,2713.0,435.0,6.83,1.0,9.75,1700.0,404.0,4.28,0.98,14.45,1356.0,452.0,3.42,1.12,20.26,6070.0,711.0,15.29,1.49,7.12,8021.0,1044.0,20.2,2.28,7.91,5518.0,876.0,13.9,2.01,9.65,2623.0,505.0,6.61,1.2,11.7,1801.0,394.0,4.54,0.95,13.3,2489.0,497.0,6.27,1.18,12.14,1562.0,468.0,3.93,1.15,18.21,292.0,173.0,0.74,0.43,36.02,9554.0,1224.0,24.06,2.66,7.79,30150.0,1744.0,75.94,6.59,3.52,4343.0,525.0,10.94,1.12,7.35,4396.0,626.0,11.07,1.4,8.66,25607.0,1945.0,64.49,2.57,4.62,4937.0,1306.0,12.43,3.19,16.08,74.0,84.0,0.19,0.21,69.01,1956.0,454.0,4.93,1.1,14.11,10.0,14.0,0.03,0.04,85.11,2724.0,1237.0,6.86,3.08,27.61,6281.0,1333.0,15.82,3.2,12.9,33423.0,2232.0,84.18,1.4,4.06,24269.0,1904.0,61.12,2.71,4.77,4395.0,1151.0,11.07,2.81,15.92,14.0,20.0,0.04,0.05,86.84,1956.0,454.0,4.93,1.1,14.11,10.0,14.0,0.03,0.04,85.11,317.0,185.0,0.8,0.46,35.48,2462.0,499.0,6.2,1.19,12.32
11358,11358,11358,13209.0,592.0,100,,2.72,3371.0,329.0,25.52,2.21,5.93,7629.0,618.0,20.9,1.34,4.92,403.0,137.0,5.28,1.74,20.67,412.0,188.0,5.4,2.43,27.74,3169.0,413.0,41.54,4.24,7.92,1489.0,264.0,19.52,3.08,10.78,2156.0,346.0,28.26,3.92,9.76,27630.0,1429.0,75.71,1.08,3.14,2497.0,377.0,9.04,1.28,9.18,1798.0,421.0,6.51,1.49,14.23,6942.0,908.0,25.12,3.02,7.95,10315.0,691.0,37.33,1.59,4.07,29570.0,1582.0,81.02,1.6,3.25,950.0,332.0,3.21,1.11,21.24,36485.0,1817.0,99.97,0.26,3.03,3149.0,443.0,8.63,1.14,8.55,6915.0,613.0,18.95,1.39,5.39,204.0,136.0,2.95,1.95,40.53,22234.0,1373.0,60.92,2.23,3.75,1319.0,272.0,5.93,1.17,12.54,7336.0,726.0,20.1,1.72,6.02,1626.0,258.0,22.16,2.75,9.65,36248.0,1775.0,99.32,6.93,2.98,33936.0,1718.0,93.62,1.2,3.08,2188.0,470.0,6.04,1.26,13.06,124.0,83.0,0.34,0.23,40.69,36496.0,1815.0,100,,3.02,18085.0,1073.0,49.55,1.6,3.61,17550.0,1050.0,48.09,1.6,3.64,535.0,166.0,1.47,0.45,18.86,18411.0,1306.0,50.45,2.55,4.31,11147.0,941.0,60.55,2.77,5.13,7264.0,834.0,39.45,3.56,6.98,2202.0,427.0,11.96,2.16,11.79,12854.0,1122.0,69.82,3.55,5.31,165.0,172.0,0.9,0.93,63.37,5.0,12.0,0.03,0.07,145.9,3172.0,626.0,17.23,3.17,12.0,13.0,15.0,0.07,0.08,70.14,34783.0,1699.0,95.31,6.64,2.97,11335.0,970.0,32.59,2.29,5.2,12816.0,1068.0,36.85,2.49,5.07,4830.0,814.0,13.89,2.24,10.24,12700.0,501.0,96.15,5.74,2.4,12288.0,467.0,93.03,5.47,2.31,30259.0,1590.0,82.91,1.41,3.19,18570.0,1226.0,61.37,2.45,4.01,17244.0,1148.0,56.99,2.33,4.05,1315.0,260.0,4.35,0.83,12.02,11.0,20.0,0.04,0.07,110.53,11689.0,883.0,38.63,2.1,4.59,,,7.08,1.32,12.02,16422.0,1127.0,45.0,2.13,4.17,7009.0,716.0,42.68,3.23,6.21,1616.0,266.0,9.84,1.47,10.01,4952.0,610.0,30.15,3.08,7.49,675.0,206.0,4.11,1.22,18.55,1891.0,261.0,11.52,1.38,8.39,17244.0,1148.0,47.25,2.09,4.05,0.0,,0.0,,,1283.0,276.0,7.44,1.52,13.08,742.0,267.0,4.3,1.52,21.87,403.0,125.0,2.34,0.71,18.86,1599.0,410.0,9.27,2.3,15.59,1132.0,204.0,6.56,1.1,10.96,528.0,145.0,3.06,0.82,16.69,1645.0,263.0,9.54,1.39,9.72,2056.0,337.0,11.92,1.79,9.96,3947.0,425.0,22.89,1.94,6.55,1373.0,239.0,7.96,1.28,10.58,1784.0,419.0,10.35,2.33,14.28,752.0,165.0,4.36,0.91,13.34,562.0,196.0,4.25,1.47,21.2,265.0,103.0,2.01,0.77,23.63,720.0,167.0,5.45,1.24,14.1,750.0,277.0,5.68,2.08,22.45,1299.0,251.0,9.83,1.85,11.75,2086.0,358.0,15.79,2.62,10.43,1789.0,315.0,13.54,2.31,10.7,2248.0,316.0,17.02,2.27,8.55,1461.0,254.0,11.06,1.86,10.57,2029.0,296.0,15.36,2.13,8.87,10790.0,551.0,81.69,2.0,3.1,4322.0,451.0,32.72,3.08,6.34,3091.0,385.0,23.4,2.72,7.57,460.0,130.0,3.48,0.97,17.18,571.0,124.0,4.32,0.92,13.2,1250.0,208.0,9.46,1.52,10.12,33760.0,1796.0,92.53,1.73,3.23,21219.0,1479.0,58.16,2.84,4.24,16446.0,1313.0,45.08,2.81,4.85,2725.0,457.0,7.47,1.2,10.19,17982.0,1054.0,49.27,1.53,3.56,18514.0,1057.0,50.73,1.42,3.47,1713.0,353.0,4.69,0.94,12.53,1932.0,354.0,5.29,0.93,11.14,2274.0,314.0,6.23,0.8,8.39,1491.0,253.0,4.09,0.66,10.32,1456.0,315.0,3.99,0.84,13.15,4859.0,602.0,13.31,1.51,7.53,4903.0,525.0,13.43,1.27,6.51,4863.0,586.0,13.32,1.46,7.33,2933.0,537.0,8.04,1.42,11.13,2736.0,444.0,7.5,1.16,9.87,4560.0,601.0,12.49,1.53,8.01,1961.0,315.0,5.37,0.82,9.76,815.0,289.0,2.23,0.78,21.56,6915.0,613.0,18.95,1.39,5.39,29581.0,1580.0,81.05,1.58,3.25,7336.0,726.0,20.1,1.72,6.02,2557.0,613.0,7.01,1.64,14.57,11513.0,1042.0,31.55,2.39,5.5,286.0,143.0,0.78,0.39,30.4,182.0,107.0,0.5,0.29,35.74,17961.0,1386.0,49.21,2.9,4.69,0.0,,0.0,,,3997.0,903.0,10.95,2.41,13.73,6274.0,1056.0,17.19,2.76,10.23,30222.0,1676.0,82.81,2.03,3.37,10165.0,995.0,27.85,2.35,5.95,248.0,140.0,0.68,0.38,34.32,130.0,96.0,0.36,0.26,44.89,17950.0,1385.0,49.18,2.9,4.69,0.0,,0.0,,,474.0,297.0,1.3,0.81,38.09,1255.0,488.0,3.44,1.33,23.64
11232,11232,11232,9336.0,586.0,100,,3.82,2595.0,361.0,27.8,3.45,8.46,5566.0,859.0,20.86,2.87,9.38,520.0,166.0,9.34,2.61,19.41,159.0,97.0,2.86,1.69,37.09,2327.0,523.0,41.81,6.83,13.66,1080.0,354.0,19.4,5.61,19.93,1480.0,428.0,26.59,6.5,17.58,19667.0,1258.0,73.71,6.99,3.89,3538.0,670.0,17.99,3.21,11.51,2463.0,401.0,12.52,1.87,9.9,3573.0,412.0,18.17,1.74,7.01,7119.0,743.0,36.2,2.99,6.34,21730.0,1446.0,81.44,7.87,4.05,178.0,99.0,0.82,0.45,33.81,25117.0,1853.0,94.14,2.17,4.48,2942.0,501.0,11.71,1.8,10.35,4951.0,763.0,18.56,2.55,9.37,190.0,122.0,3.84,2.39,39.03,17687.0,1402.0,66.29,2.45,4.82,1780.0,429.0,10.06,2.29,14.65,2479.0,444.0,9.29,1.53,10.89,972.0,260.0,39.21,7.79,16.26,26347.0,1855.0,98.75,0.66,4.28,23382.0,1847.0,88.75,3.18,4.8,2770.0,662.0,10.51,2.4,14.53,195.0,114.0,0.74,0.43,35.54,26681.0,1870.0,100,,4.26,16500.0,1376.0,61.84,2.79,5.07,15382.0,1280.0,57.65,2.59,5.06,1118.0,345.0,4.19,1.26,18.76,10181.0,1176.0,38.16,3.5,7.02,3892.0,522.0,38.23,2.61,8.15,6289.0,1014.0,61.77,6.95,9.8,518.0,160.0,5.09,1.46,18.78,2841.0,465.0,27.9,3.24,9.95,110.0,72.0,1.08,0.7,39.79,0.0,,0.0,,,6690.0,1110.0,65.71,7.83,10.09,22.0,27.0,0.22,0.26,74.61,25343.0,1795.0,94.99,0.97,4.31,10219.0,1165.0,40.32,3.6,6.93,8507.0,1137.0,33.57,3.8,8.12,11249.0,1449.0,44.39,4.78,7.83,9052.0,611.0,96.96,2.41,4.1,8561.0,630.0,91.7,3.52,4.47,22250.0,1447.0,83.39,7.97,3.95,14687.0,1175.0,66.01,3.08,4.86,13819.0,1139.0,62.11,3.14,5.01,868.0,239.0,3.9,1.04,16.74,0.0,,0.0,,,7563.0,789.0,33.99,2.77,6.34,,,5.91,1.56,16.74,13344.0,1157.0,50.01,2.55,5.27,2060.0,470.0,15.44,3.26,13.87,684.0,286.0,5.13,2.1,25.42,6676.0,692.0,50.03,2.84,6.3,1032.0,292.0,7.73,2.08,17.2,1929.0,376.0,14.46,2.52,11.85,13819.0,1139.0,51.79,2.25,5.01,0.0,,0.0,,,741.0,211.0,5.36,1.46,17.31,658.0,287.0,4.76,2.04,26.51,203.0,117.0,1.47,0.84,35.04,1196.0,302.0,8.65,2.07,15.35,381.0,186.0,2.76,1.33,29.68,638.0,200.0,4.62,1.4,19.06,734.0,202.0,5.31,1.39,16.73,2171.0,401.0,15.71,2.6,11.23,3166.0,512.0,22.91,3.19,9.83,2496.0,476.0,18.06,3.11,11.59,908.0,297.0,6.57,2.08,19.88,527.0,249.0,3.81,1.77,28.72,336.0,139.0,3.6,1.47,25.15,112.0,74.0,1.2,0.79,40.17,609.0,196.0,6.52,2.06,19.56,1073.0,333.0,11.49,3.49,18.87,993.0,286.0,10.64,2.99,17.51,999.0,256.0,10.7,2.66,15.58,1217.0,308.0,13.04,3.2,15.38,1281.0,249.0,13.72,2.52,11.82,1019.0,284.0,10.91,2.96,16.94,1697.0,406.0,18.18,4.2,14.54,8301.0,590.0,88.91,2.96,4.32,1879.0,344.0,20.13,3.46,11.13,1153.0,284.0,12.35,2.94,14.97,453.0,201.0,4.85,2.13,26.97,582.0,217.0,6.23,2.29,22.67,1831.0,360.0,19.61,3.65,11.95,22530.0,1618.0,89.7,9.24,4.37,13316.0,1251.0,53.02,3.08,5.71,11273.0,1178.0,44.88,3.32,6.35,2587.0,610.0,10.3,2.31,14.33,14669.0,1058.0,54.98,0.94,4.38,12012.0,1011.0,45.02,2.1,5.12,1338.0,342.0,5.01,1.23,15.54,1186.0,334.0,4.45,1.21,17.12,1677.0,444.0,6.29,1.6,16.09,1354.0,328.0,5.07,1.18,14.73,1459.0,352.0,5.47,1.26,14.67,5531.0,792.0,20.73,2.59,8.7,4846.0,570.0,18.16,1.72,7.15,3779.0,581.0,14.16,1.94,9.35,1848.0,371.0,6.93,1.3,12.2,1174.0,320.0,4.4,1.16,16.57,1613.0,376.0,6.05,1.34,14.17,625.0,188.0,2.34,0.69,18.29,251.0,131.0,0.94,0.49,31.73,4951.0,763.0,18.56,2.55,9.37,21730.0,1446.0,81.44,7.87,4.05,2489.0,444.0,9.33,1.53,10.84,3233.0,693.0,12.12,2.45,13.03,9232.0,987.0,34.6,2.79,6.5,1951.0,406.0,7.31,1.43,12.65,1049.0,472.0,3.93,1.75,27.35,4002.0,533.0,15.0,1.7,8.1,11.0,21.0,0.04,0.08,116.05,7203.0,1496.0,27.0,5.28,12.63,13898.0,1580.0,52.09,4.66,6.91,12783.0,998.0,47.91,1.65,4.75,6261.0,826.0,23.47,2.62,8.02,1647.0,377.0,6.17,1.35,13.91,10.0,19.0,0.04,0.07,115.5,4002.0,533.0,15.0,1.7,8.1,11.0,21.0,0.04,0.08,116.05,88.0,99.0,0.33,0.37,68.39,764.0,282.0,2.86,1.04,22.44
11233,11233,11233,32784.0,1002.0,100,,1.86,9237.0,731.0,28.18,2.06,4.81,17363.0,1416.0,20.99,1.54,4.96,1387.0,397.0,7.99,2.19,17.4,510.0,228.0,2.94,1.29,27.18,7476.0,930.0,43.06,4.04,7.56,3293.0,600.0,18.97,3.09,11.08,4697.0,641.0,27.05,2.96,8.3,57837.0,1845.0,69.93,3.36,1.94,2772.0,583.0,4.79,1.0,12.79,5391.0,786.0,9.32,1.33,8.86,18057.0,1401.0,31.22,2.21,4.72,18799.0,1301.0,32.5,2.0,4.21,65687.0,2142.0,79.42,3.86,1.98,1408.0,391.0,2.14,0.59,16.88,82448.0,2975.0,99.68,0.27,2.19,10193.0,935.0,12.36,1.04,5.58,16992.0,1572.0,20.54,1.75,5.62,242.0,130.0,1.42,0.75,32.66,55441.0,2027.0,67.03,0.44,2.22,5880.0,848.0,10.61,1.48,8.77,10015.0,1118.0,12.11,1.28,6.79,4071.0,568.0,40.65,3.4,8.48,81195.0,2924.0,98.17,0.15,2.19,74594.0,3006.0,91.87,1.66,2.45,6222.0,929.0,7.66,1.11,9.08,379.0,224.0,0.47,0.28,35.93,82711.0,2976.0,100,,2.19,61979.0,2860.0,74.93,2.16,2.81,60142.0,2899.0,72.71,2.33,2.93,1837.0,393.0,2.22,0.47,13.01,20732.0,1708.0,25.07,1.86,5.01,12268.0,1279.0,59.17,3.78,6.34,8464.0,1225.0,40.83,4.86,8.8,1257.0,357.0,6.06,1.65,17.27,1495.0,747.0,7.21,3.55,30.37,2492.0,633.0,12.02,2.89,15.44,62.0,53.0,0.3,0.25,51.97,15068.0,1653.0,72.68,5.26,6.67,358.0,153.0,1.73,0.72,25.98,77340.0,2658.0,93.51,4.65,2.09,61639.0,2668.0,79.7,2.1,2.63,4386.0,849.0,5.67,1.08,11.77,9153.0,1497.0,11.83,1.89,9.94,31141.0,1000.0,94.99,0.94,1.95,28020.0,1046.0,85.47,1.83,2.27,67778.0,2301.0,81.95,4.05,2.06,41135.0,1943.0,60.69,1.99,2.87,37944.0,1849.0,55.98,1.96,2.96,3166.0,537.0,4.67,0.78,10.31,25.0,31.0,0.04,0.05,75.38,26643.0,1937.0,39.31,2.53,4.42,,,7.7,1.25,10.31,37165.0,1827.0,44.93,1.51,2.99,6466.0,844.0,17.4,2.1,7.93,941.0,314.0,2.53,0.84,20.28,22229.0,1487.0,59.81,2.71,4.07,1315.0,314.0,3.54,0.83,14.52,4638.0,703.0,12.48,1.79,9.21,37944.0,1849.0,45.88,1.51,2.96,60.0,72.0,0.16,0.19,72.95,1441.0,426.0,3.8,1.11,17.97,818.0,255.0,2.16,0.66,18.95,253.0,156.0,0.67,0.41,37.48,3157.0,577.0,8.32,1.47,11.11,3209.0,515.0,8.46,1.29,9.76,1730.0,344.0,4.56,0.88,12.09,2219.0,447.0,5.85,1.14,12.25,5615.0,643.0,14.8,1.53,6.96,11703.0,1154.0,30.84,2.64,5.99,3418.0,637.0,9.01,1.62,11.33,2185.0,496.0,5.76,1.28,13.8,2136.0,432.0,5.63,1.1,12.29,3356.0,578.0,10.24,1.74,10.47,2078.0,427.0,6.34,1.29,12.49,2868.0,485.0,8.75,1.46,10.28,2105.0,427.0,6.42,1.29,12.33,3481.0,610.0,10.62,1.83,10.65,4630.0,664.0,14.12,1.98,8.72,4027.0,627.0,12.28,1.88,9.46,4979.0,774.0,15.19,2.31,9.45,2575.0,414.0,7.85,1.24,9.77,2685.0,390.0,8.19,1.16,8.83,25056.0,1078.0,76.43,2.31,2.62,7713.0,809.0,23.53,2.36,6.38,5301.0,719.0,16.17,2.14,8.25,2709.0,445.0,8.26,1.33,9.99,2431.0,447.0,7.42,1.34,11.18,8633.0,808.0,26.33,2.33,5.69,76817.0,3123.0,93.17,1.75,2.47,46151.0,3077.0,55.98,3.14,4.05,36112.0,2219.0,43.8,2.18,3.74,5631.0,1015.0,6.83,1.21,10.96,38328.0,1647.0,46.34,1.09,2.61,44383.0,2025.0,53.66,1.51,2.77,5371.0,821.0,6.49,0.96,9.29,4507.0,662.0,5.45,0.78,8.93,4327.0,624.0,5.23,0.73,8.77,4052.0,692.0,4.9,0.82,10.38,6617.0,992.0,8.0,1.16,9.11,16140.0,1298.0,19.51,1.4,4.89,11151.0,949.0,13.48,1.04,5.17,10211.0,922.0,12.35,1.02,5.49,5473.0,728.0,6.62,0.85,8.09,4663.0,649.0,5.64,0.76,8.46,6414.0,893.0,7.75,1.04,8.46,2566.0,461.0,3.1,0.55,10.92,1219.0,349.0,1.47,0.42,17.4,16999.0,1573.0,20.55,1.75,5.63,65712.0,2142.0,79.45,3.86,1.98,10199.0,1120.0,12.33,1.28,6.68,6347.0,1126.0,7.67,1.33,10.78,11722.0,1401.0,14.17,1.62,7.27,56487.0,3254.0,68.29,3.07,3.5,327.0,214.0,0.4,0.26,39.78,1280.0,402.0,1.55,0.48,19.09,39.0,52.0,0.05,0.06,81.05,6509.0,1361.0,7.87,1.62,12.71,13291.0,1657.0,16.07,1.92,7.58,69420.0,3079.0,83.93,2.18,2.7,10126.0,1284.0,12.24,1.49,7.71,53931.0,3112.0,65.2,2.94,3.51,291.0,212.0,0.35,0.26,44.29,1241.0,393.0,1.5,0.47,19.25,39.0,52.0,0.05,0.06,81.05,440.0,392.0,0.53,0.47,54.16,3352.0,921.0,4.05,1.1,16.7
11234,11234,11234,32178.0,863.0,100,,1.63,9377.0,622.0,29.14,1.77,4.03,21245.0,1401.0,24.2,1.45,4.01,1196.0,255.0,5.63,1.14,12.96,997.0,278.0,4.69,1.27,16.95,8665.0,763.0,40.79,2.38,5.35,4496.0,493.0,21.16,1.85,6.67,5891.0,605.0,27.73,2.18,6.24,62972.0,1843.0,71.74,0.76,1.78,3557.0,553.0,5.65,0.86,9.45,3618.0,482.0,5.75,0.75,8.1,16642.0,1252.0,26.43,1.83,4.57,24421.0,1140.0,38.78,1.41,2.84,69403.0,1973.0,79.07,0.63,1.73,1548.0,224.0,2.23,0.32,8.8,87650.0,2379.0,99.85,3.84,1.65,9761.0,727.0,11.14,0.77,4.53,18295.0,1380.0,20.84,1.47,4.59,432.0,132.0,2.36,0.7,18.57,51156.0,1681.0,58.28,1.07,2.0,3992.0,463.0,7.8,0.87,7.05,18199.0,1199.0,20.73,1.24,4.01,5337.0,607.0,29.33,2.72,6.91,86895.0,2376.0,98.99,0.19,1.66,82960.0,2443.0,95.47,1.04,1.79,3698.0,695.0,4.26,0.79,11.42,237.0,150.0,0.27,0.17,38.47,87778.0,2394.0,100,,1.66,56696.0,2332.0,64.59,1.99,2.5,54505.0,2294.0,62.09,1.99,2.56,2191.0,480.0,2.5,0.54,13.32,31082.0,1511.0,35.41,1.42,2.96,23521.0,1359.0,75.67,2.36,3.51,7561.0,859.0,24.33,2.5,6.91,4787.0,629.0,15.4,1.88,7.99,6017.0,801.0,19.36,2.4,8.09,615.0,217.0,1.98,0.69,21.45,16.0,17.0,0.05,0.05,64.59,19552.0,1122.0,62.9,1.92,3.49,95.0,71.0,0.31,0.23,45.43,83392.0,2293.0,95.0,0.33,1.67,54483.0,2301.0,65.33,2.09,2.57,11161.0,1081.0,13.38,1.24,5.89,5979.0,1118.0,7.17,1.33,11.37,30156.0,836.0,93.72,0.66,1.69,29459.0,850.0,91.55,0.97,1.75,71634.0,2061.0,81.61,0.75,1.75,43581.0,1513.0,60.84,1.18,2.11,40863.0,1417.0,57.04,1.1,2.11,2642.0,427.0,3.69,0.59,9.82,76.0,55.0,0.11,0.08,43.99,28053.0,1532.0,39.16,1.82,3.32,,,6.06,0.96,9.82,39831.0,1354.0,45.38,0.92,2.07,15474.0,936.0,38.85,1.94,3.68,3522.0,581.0,8.84,1.43,10.03,15070.0,1129.0,37.83,2.53,4.55,1501.0,338.0,3.77,0.84,13.69,3619.0,447.0,9.09,1.08,7.51,40863.0,1417.0,46.55,1.0,2.11,58.0,51.0,0.14,0.12,53.45,2444.0,544.0,5.98,1.32,13.53,886.0,221.0,2.17,0.54,15.16,532.0,194.0,1.3,0.47,22.17,3479.0,502.0,8.51,1.19,8.77,3159.0,449.0,7.73,1.07,8.64,982.0,241.0,2.4,0.58,14.92,3204.0,406.0,7.84,0.96,7.7,4123.0,426.0,10.09,0.98,6.28,16353.0,1073.0,40.02,2.23,3.99,2182.0,409.0,5.34,0.98,11.39,1520.0,295.0,3.72,0.71,11.8,1941.0,375.0,4.75,0.9,11.74,1532.0,323.0,4.76,1.0,12.82,852.0,240.0,2.65,0.74,17.12,2389.0,449.0,7.42,1.38,11.43,1862.0,359.0,5.79,1.1,11.72,2581.0,321.0,8.02,0.97,7.56,3905.0,384.0,12.14,1.15,5.98,4192.0,629.0,13.03,1.92,9.12,5830.0,557.0,18.12,1.66,5.81,3392.0,341.0,10.54,1.02,6.11,5643.0,425.0,17.54,1.23,4.58,24415.0,817.0,75.87,1.52,2.03,12481.0,826.0,38.79,2.35,4.02,8785.0,609.0,27.3,1.75,4.21,1554.0,305.0,4.83,0.94,11.93,953.0,204.0,2.96,0.63,13.01,3583.0,448.0,11.13,1.36,7.6,84225.0,2282.0,96.09,3.69,1.65,58823.0,2209.0,67.11,1.74,2.28,36554.0,1742.0,41.7,1.63,2.9,3425.0,545.0,3.91,0.61,9.67,40562.0,1569.0,46.21,1.27,2.35,47216.0,1475.0,53.79,0.82,1.9,4386.0,590.0,5.0,0.66,8.18,4695.0,657.0,5.35,0.73,8.51,6014.0,638.0,6.85,0.7,6.45,4881.0,532.0,5.56,0.59,6.63,4830.0,552.0,5.5,0.61,6.95,9957.0,859.0,11.34,0.93,5.24,10895.0,810.0,12.41,0.86,4.52,11443.0,928.0,13.04,1.0,4.93,5631.0,516.0,6.42,0.56,5.57,6808.0,621.0,7.76,0.68,5.55,10531.0,823.0,12.0,0.88,4.75,5562.0,735.0,6.34,0.82,8.03,2145.0,398.0,2.44,0.45,11.28,18299.0,1379.0,20.85,1.46,4.58,69479.0,1986.0,79.15,0.68,1.74,18238.0,1197.0,20.78,1.24,3.99,5761.0,1138.0,6.56,1.28,12.01,31896.0,1766.0,36.34,1.75,3.37,37589.0,2110.0,42.82,2.1,3.41,432.0,327.0,0.49,0.37,46.01,7205.0,1054.0,8.21,1.18,8.89,0.0,,0.0,,,4895.0,1293.0,5.58,1.47,16.06,8569.0,1323.0,9.76,1.48,9.39,79209.0,2535.0,90.24,1.51,1.95,30599.0,1697.0,34.86,1.68,3.37,36823.0,2037.0,41.95,2.02,3.36,118.0,126.0,0.13,0.14,64.91,7190.0,1052.0,8.19,1.18,8.89,0.0,,0.0,,,918.0,426.0,1.05,0.48,28.21,3561.0,983.0,4.06,1.11,16.78
11235,11235,11235,35333.0,929.0,100,,1.6,7603.0,715.0,21.52,1.94,5.72,14997.0,1378.0,18.3,1.57,5.59,924.0,267.0,6.16,1.69,17.57,1001.0,235.0,6.67,1.44,14.27,5907.0,643.0,39.39,2.3,6.62,3073.0,573.0,20.49,3.32,11.34,4092.0,592.0,27.29,3.05,8.79,63022.0,1815.0,76.9,3.39,1.75,3586.0,558.0,5.69,0.87,9.46,2779.0,450.0,4.41,0.7,9.84,12429.0,1072.0,19.72,1.6,5.24,31273.0,1430.0,49.62,1.76,2.78,67910.0,1995.0,82.86,3.68,1.79,862.0,196.0,1.27,0.29,13.82,80887.0,2735.0,98.69,0.57,2.06,12117.0,923.0,14.98,1.02,4.63,13910.0,1313.0,16.97,1.5,5.74,479.0,200.0,3.44,1.4,25.38,46923.0,1940.0,57.25,1.4,2.51,3411.0,453.0,7.27,0.92,8.07,20054.0,1201.0,24.47,1.22,3.64,8227.0,751.0,41.02,2.83,5.55,80836.0,2602.0,98.63,4.57,1.96,75398.0,2606.0,93.27,1.17,2.1,4661.0,781.0,5.77,0.95,10.19,777.0,396.0,0.96,0.49,30.98,81958.0,2730.0,100,,2.02,30387.0,2163.0,37.08,2.33,4.33,28004.0,2098.0,34.17,2.29,4.55,2383.0,535.0,2.91,0.65,13.65,51571.0,2048.0,62.92,1.36,2.41,35864.0,1640.0,69.54,1.58,2.78,15707.0,1547.0,30.46,2.75,5.99,29615.0,1471.0,57.43,1.71,3.02,17812.0,1294.0,34.54,2.1,4.42,287.0,120.0,0.56,0.23,25.42,7.0,12.0,0.01,0.02,104.21,3784.0,765.0,7.34,1.45,12.29,66.0,57.0,0.13,0.11,52.5,77881.0,2435.0,95.03,4.34,1.9,19024.0,1517.0,24.43,1.79,4.85,39895.0,1882.0,51.23,1.81,2.87,5297.0,1016.0,6.8,1.29,11.66,31405.0,909.0,88.88,1.08,1.76,30584.0,893.0,86.56,1.1,1.77,69414.0,2084.0,84.69,3.8,1.83,39086.0,1600.0,56.31,1.57,2.49,36588.0,1492.0,52.71,1.45,2.48,2366.0,405.0,3.41,0.57,10.41,132.0,107.0,0.19,0.15,49.28,30328.0,1489.0,43.69,1.7,2.98,,,6.05,1.01,10.41,35283.0,1434.0,43.05,1.0,2.47,9604.0,897.0,27.22,2.29,5.68,1446.0,300.0,4.1,0.83,12.61,14127.0,1106.0,40.04,2.68,4.76,4581.0,675.0,12.98,1.84,8.96,4511.0,577.0,12.79,1.55,7.78,36588.0,1492.0,44.64,1.05,2.48,22.0,27.0,0.06,0.07,74.61,2313.0,415.0,6.32,1.1,10.91,1430.0,320.0,3.91,0.86,13.6,541.0,169.0,1.48,0.46,18.99,3697.0,556.0,10.1,1.46,9.14,3130.0,662.0,8.55,1.78,12.86,745.0,200.0,2.04,0.54,16.32,2518.0,386.0,6.88,1.02,9.32,4318.0,580.0,11.8,1.51,8.17,12655.0,860.0,34.59,1.88,4.13,2214.0,458.0,6.05,1.23,12.58,1577.0,365.0,4.31,0.98,14.07,1428.0,340.0,3.9,0.92,14.47,2552.0,435.0,7.22,1.22,10.36,2691.0,434.0,7.62,1.21,9.8,3377.0,480.0,9.56,1.34,8.64,2645.0,441.0,7.49,1.23,10.14,3634.0,524.0,10.29,1.46,8.77,5105.0,567.0,14.45,1.56,6.75,3608.0,594.0,10.21,1.66,10.01,4543.0,473.0,12.86,1.3,6.33,2963.0,456.0,8.39,1.27,9.36,4215.0,521.0,11.93,1.44,7.51,25223.0,994.0,71.39,2.1,2.4,10731.0,638.0,30.37,1.62,3.61,6627.0,584.0,18.76,1.58,5.36,3855.0,553.0,10.91,1.54,8.72,1729.0,323.0,4.89,0.91,11.36,8202.0,677.0,23.21,1.82,5.02,75613.0,2608.0,93.48,0.64,2.1,39740.0,2122.0,49.13,2.03,3.25,43770.0,2539.0,54.11,2.55,3.53,5274.0,826.0,6.52,1.0,9.52,38930.0,1586.0,47.5,1.11,2.48,43028.0,1734.0,52.5,1.19,2.45,4077.0,651.0,4.97,0.78,9.71,3865.0,477.0,4.72,0.56,7.5,3789.0,625.0,4.62,0.75,10.03,3447.0,613.0,4.21,0.73,10.81,3758.0,566.0,4.59,0.67,9.16,9805.0,1046.0,11.96,1.21,6.49,10120.0,832.0,12.35,0.93,5.0,9877.0,865.0,12.05,0.98,5.32,6407.0,645.0,7.82,0.74,6.12,5980.0,609.0,7.3,0.7,6.19,11360.0,909.0,13.86,1.01,4.86,6189.0,648.0,7.55,0.75,6.36,3284.0,529.0,4.01,0.63,9.79,13916.0,1313.0,16.98,1.5,5.74,68042.0,2000.0,83.02,3.69,1.79,20833.0,1195.0,25.42,1.19,3.49,7260.0,1379.0,8.86,1.66,11.55,56257.0,2289.0,68.64,1.6,2.47,2345.0,515.0,2.86,0.62,13.35,189.0,157.0,0.23,0.19,50.5,12036.0,1122.0,14.69,1.28,5.67,6.0,12.0,0.01,0.01,121.58,3865.0,995.0,4.72,1.2,15.65,7105.0,1141.0,8.67,1.36,9.76,74853.0,2420.0,91.33,4.24,1.97,55316.0,2125.0,67.49,1.29,2.34,2254.0,513.0,2.75,0.62,13.84,177.0,162.0,0.22,0.2,55.64,12023.0,1127.0,14.67,1.29,5.7,6.0,12.0,0.01,0.01,121.58,205.0,139.0,0.25,0.17,41.22,4872.0,1283.0,5.94,1.55,16.01
11236,11236,11236,33318.0,852.0,100,,1.55,10376.0,562.0,31.14,1.49,3.29,22404.0,1312.0,23.54,1.11,3.56,1219.0,328.0,5.44,1.43,16.36,1136.0,336.0,5.07,1.47,17.98,9010.0,728.0,40.22,2.24,4.91,4573.0,522.0,20.41,2.0,6.94,6466.0,573.0,28.86,1.92,5.39,67475.0,2248.0,70.9,3.42,2.03,4625.0,483.0,6.85,0.68,6.35,3517.0,500.0,5.21,0.72,8.64,20770.0,1354.0,30.78,1.72,3.96,19220.0,1159.0,28.48,1.43,3.67,74973.0,2462.0,78.77,3.77,2.0,1683.0,325.0,2.24,0.43,11.74,94472.0,3317.0,99.26,0.41,2.13,8468.0,766.0,8.96,0.75,5.5,20158.0,1484.0,21.18,1.37,4.48,637.0,198.0,3.16,0.95,18.9,57424.0,2015.0,60.34,0.24,2.13,3874.0,505.0,6.75,0.85,7.92,16890.0,845.0,17.75,0.64,3.04,3957.0,423.0,23.43,2.21,6.5,94170.0,3216.0,98.95,4.83,2.08,90724.0,3193.0,96.34,0.82,2.14,3238.0,605.0,3.44,0.63,11.36,208.0,128.0,0.22,0.14,37.41,95174.0,3318.0,100,,2.12,52555.0,2643.0,55.22,2.0,3.06,49491.0,2573.0,52.0,2.01,3.16,3064.0,473.0,3.22,0.48,9.38,42619.0,1915.0,44.78,1.27,2.73,32183.0,1448.0,75.51,0.17,2.74,10436.0,1021.0,24.49,2.13,5.95,840.0,237.0,1.97,0.55,17.15,1784.0,339.0,4.19,0.77,11.55,1686.0,335.0,3.96,0.77,12.08,18.0,29.0,0.04,0.07,97.94,38191.0,1923.0,89.61,2.04,3.06,100.0,64.0,0.23,0.15,38.91,89516.0,2816.0,94.06,4.42,1.91,66332.0,2494.0,74.1,1.53,2.29,7828.0,953.0,8.74,1.03,7.4,5064.0,1029.0,5.66,1.14,12.35,31121.0,867.0,93.41,1.03,1.69,30249.0,887.0,90.79,1.3,1.78,77543.0,2470.0,81.47,3.85,1.94,45565.0,1731.0,58.76,1.22,2.31,42231.0,1574.0,54.46,1.05,2.27,3298.0,421.0,4.25,0.53,7.76,36.0,26.0,0.05,0.03,43.9,31978.0,1484.0,41.24,1.39,2.82,,,7.24,0.88,7.76,41338.0,1567.0,43.43,0.65,2.3,14116.0,905.0,34.15,1.77,3.9,2139.0,416.0,5.17,0.99,11.82,20340.0,1175.0,49.2,2.14,3.51,946.0,236.0,2.29,0.56,15.17,2998.0,409.0,7.25,0.95,8.29,42231.0,1574.0,44.37,0.58,2.27,7.0,10.0,0.02,0.02,86.84,1622.0,255.0,3.84,0.59,9.56,849.0,246.0,2.01,0.58,17.61,317.0,129.0,0.75,0.3,24.74,3268.0,543.0,7.74,1.25,10.1,5210.0,577.0,12.34,1.29,6.73,703.0,243.0,1.66,0.57,21.01,1947.0,294.0,4.61,0.67,9.18,3874.0,530.0,9.17,1.21,8.32,17468.0,1071.0,41.36,2.01,3.73,2372.0,353.0,5.62,0.81,9.05,1880.0,310.0,4.45,0.72,10.02,2714.0,387.0,6.43,0.88,8.67,2424.0,360.0,7.28,1.06,9.03,1057.0,238.0,3.17,0.71,13.69,2420.0,367.0,7.26,1.09,9.22,1890.0,351.0,5.67,1.04,11.29,2946.0,393.0,8.84,1.16,8.11,4723.0,561.0,14.18,1.64,7.22,4453.0,520.0,13.37,1.52,7.1,6409.0,523.0,19.24,1.49,4.96,3163.0,366.0,9.49,1.07,7.03,3833.0,344.0,11.5,0.99,5.46,25440.0,789.0,76.36,1.34,1.89,11575.0,687.0,34.74,1.86,3.61,8146.0,601.0,24.45,1.69,4.49,2486.0,389.0,7.46,1.15,9.51,1394.0,291.0,4.18,0.87,12.69,6359.0,527.0,19.09,1.5,5.04,89252.0,3230.0,94.47,0.83,2.2,55161.0,2171.0,58.39,1.04,2.39,42659.0,2641.0,45.16,2.3,3.76,5220.0,619.0,5.53,0.63,7.21,43576.0,1954.0,45.79,1.29,2.73,51598.0,1981.0,54.21,0.87,2.33,5658.0,819.0,5.94,0.84,8.8,5769.0,630.0,6.06,0.63,6.64,5259.0,509.0,5.53,0.5,5.88,5407.0,517.0,5.68,0.51,5.81,5606.0,586.0,5.89,0.58,6.35,13787.0,1106.0,14.49,1.05,4.88,11429.0,818.0,12.01,0.75,4.35,11419.0,749.0,12.0,0.67,3.99,6907.0,615.0,7.26,0.59,5.41,6488.0,583.0,6.82,0.56,5.46,10261.0,646.0,10.78,0.57,3.83,5340.0,639.0,5.61,0.64,7.27,1844.0,288.0,1.94,0.29,9.49,20165.0,1484.0,21.19,1.37,4.47,75009.0,2465.0,78.81,3.78,2.0,17445.0,839.0,18.33,0.61,2.92,7602.0,1053.0,7.99,1.07,8.42,4638.0,827.0,4.87,0.85,10.84,76552.0,3060.0,80.43,1.57,2.43,86.0,60.0,0.09,0.06,42.41,2286.0,408.0,2.4,0.42,10.85,5.0,11.0,0.01,0.01,133.74,4005.0,1062.0,4.21,1.11,16.12,7911.0,1314.0,8.31,1.35,10.1,87263.0,3441.0,91.69,1.69,2.4,3478.0,783.0,3.65,0.81,13.69,75255.0,3093.0,79.07,1.72,2.5,17.0,20.0,0.02,0.02,71.52,2103.0,407.0,2.21,0.42,11.76,5.0,11.0,0.01,0.01,133.74,632.0,292.0,0.66,0.31,28.09,5773.0,925.0,6.07,0.95,9.74
11237,11237,11237,17723.0,805.0,100,,2.76,3270.0,390.0,18.45,2.03,7.25,8599.0,909.0,19.01,1.74,6.43,555.0,199.0,6.45,2.21,21.8,166.0,122.0,1.93,1.4,44.68,2775.0,653.0,32.27,6.78,14.3,1737.0,390.0,20.2,4.0,13.65,3366.0,478.0,39.14,3.71,8.63,33975.0,1691.0,75.11,5.46,3.03,4040.0,638.0,11.89,1.78,9.6,4007.0,770.0,11.79,2.19,11.68,6557.0,698.0,19.3,1.82,6.47,14052.0,1034.0,41.36,2.24,4.47,38779.0,1946.0,85.73,6.25,3.05,275.0,141.0,0.71,0.36,31.17,45226.0,2394.0,99.98,0.09,3.22,4579.0,696.0,10.12,1.44,9.24,6451.0,1021.0,14.26,2.13,9.62,189.0,113.0,2.93,1.69,36.35,34241.0,1764.0,75.7,5.59,3.13,2757.0,446.0,8.05,1.23,9.83,4534.0,682.0,10.02,1.41,9.14,1633.0,407.0,36.02,7.16,15.15,44828.0,2336.0,99.1,7.36,3.17,37972.0,2213.0,84.71,2.21,3.54,6671.0,945.0,14.88,1.96,8.61,185.0,112.0,0.41,0.25,36.8,45233.0,2394.0,100,,3.22,30224.0,1852.0,66.82,2.06,3.72,27746.0,1688.0,61.34,1.84,3.7,2478.0,530.0,5.48,1.14,13.0,15009.0,1310.0,33.18,2.3,5.31,7164.0,949.0,47.73,4.76,8.05,7845.0,1121.0,52.27,5.91,8.69,1531.0,538.0,10.2,3.47,21.36,2269.0,487.0,15.12,2.96,13.05,217.0,115.0,1.45,0.76,32.22,8.0,18.0,0.05,0.12,136.78,10836.0,1197.0,72.2,4.89,6.72,148.0,105.0,0.99,0.69,43.13,43399.0,2266.0,95.95,7.13,3.17,20834.0,1357.0,48.01,1.87,3.96,10738.0,1260.0,24.74,2.6,7.13,17785.0,1884.0,40.98,3.78,6.44,16597.0,809.0,93.65,1.66,2.96,15793.0,820.0,89.11,2.24,3.16,39431.0,1978.0,87.17,6.36,3.05,28269.0,1627.0,71.69,2.02,3.5,25756.0,1619.0,65.32,2.47,3.82,2513.0,410.0,6.37,0.99,9.92,0.0,,0.0,,,11162.0,858.0,28.31,1.65,4.67,,,8.89,1.36,9.92,24989.0,1606.0,55.25,2.01,3.91,2562.0,494.0,10.25,1.86,11.72,649.0,336.0,2.6,1.33,31.47,14163.0,1120.0,56.68,2.61,4.81,1664.0,561.0,6.66,2.2,20.49,5072.0,640.0,20.3,2.2,7.67,25756.0,1619.0,56.94,1.93,3.82,59.0,54.0,0.23,0.21,55.64,1037.0,321.0,4.03,1.22,18.82,1017.0,325.0,3.95,1.24,19.43,571.0,188.0,2.22,0.72,20.02,2475.0,468.0,9.61,1.71,11.49,1461.0,553.0,5.67,2.12,23.01,1823.0,347.0,7.08,1.27,11.57,1060.0,305.0,4.12,1.16,17.49,4402.0,629.0,17.09,2.19,8.69,5516.0,692.0,21.42,2.33,7.63,3879.0,617.0,15.06,2.2,9.67,1742.0,440.0,6.76,1.65,15.35,714.0,199.0,2.77,0.75,16.94,1014.0,289.0,5.72,1.61,17.33,512.0,190.0,2.89,1.06,22.56,1698.0,456.0,9.58,2.54,16.33,860.0,276.0,4.85,1.54,19.51,1359.0,331.0,7.67,1.83,14.81,2727.0,562.0,15.39,3.09,12.53,2814.0,430.0,15.88,2.32,9.29,2971.0,447.0,16.76,2.4,9.15,1915.0,336.0,10.81,1.83,10.67,1853.0,345.0,10.46,1.89,11.32,15381.0,849.0,86.79,2.72,3.36,3302.0,508.0,18.63,2.74,9.35,1909.0,410.0,10.77,2.26,13.06,957.0,266.0,5.4,1.48,16.9,1515.0,322.0,8.55,1.77,12.92,3998.0,511.0,22.56,2.7,7.77,39622.0,2161.0,87.61,1.15,3.32,23828.0,1630.0,52.69,2.28,4.16,19038.0,1556.0,42.1,2.62,4.97,5604.0,1049.0,12.39,2.22,11.38,23215.0,1507.0,51.32,1.93,3.95,22018.0,1374.0,48.68,1.61,3.79,1834.0,494.0,4.05,1.07,16.37,1295.0,349.0,2.86,0.76,16.38,2192.0,519.0,4.85,1.12,14.39,1903.0,440.0,4.21,0.95,14.06,4034.0,624.0,8.92,1.3,9.4,13258.0,1088.0,29.31,1.84,4.99,7522.0,815.0,16.63,1.57,6.59,5061.0,682.0,11.19,1.39,8.19,1966.0,497.0,4.35,1.07,15.37,1634.0,384.0,3.61,0.83,14.29,2954.0,462.0,6.53,0.96,9.51,1333.0,542.0,2.95,1.19,24.72,247.0,156.0,0.55,0.34,38.39,6454.0,1021.0,14.27,2.13,9.62,38779.0,1946.0,85.73,6.25,3.05,4534.0,682.0,10.02,1.41,9.14,7560.0,1377.0,16.71,2.91,11.07,14395.0,1104.0,31.82,1.77,4.66,5924.0,1068.0,13.1,2.26,10.96,1100.0,590.0,2.43,1.3,32.61,3084.0,592.0,6.82,1.26,11.67,0.0,,0.0,,,13170.0,2087.0,29.12,4.35,9.63,23645.0,2287.0,52.27,4.23,5.88,21588.0,1583.0,47.73,2.42,4.46,11566.0,871.0,25.57,1.37,4.58,4393.0,875.0,9.71,1.86,12.11,162.0,146.0,0.36,0.32,54.79,3001.0,559.0,6.63,1.18,11.32,0.0,,0.0,,,628.0,548.0,1.39,1.21,53.05,1838.0,475.0,4.06,1.03,15.71
11238,11238,11238,27371.0,945.0,100,,2.1,5402.0,571.0,19.74,1.97,6.43,9697.0,1068.0,16.59,1.68,6.7,1096.0,321.0,11.3,3.07,17.8,562.0,173.0,5.8,1.67,18.71,4009.0,600.0,41.34,4.19,9.1,1317.0,342.0,13.58,3.19,15.79,2713.0,448.0,27.98,3.44,10.04,46155.0,1587.0,78.95,4.34,2.09,1123.0,334.0,2.43,0.72,18.08,2101.0,549.0,4.55,1.18,15.88,4388.0,598.0,9.51,1.25,8.28,32848.0,1308.0,71.17,1.43,2.42,48298.0,1773.0,82.61,4.66,2.23,833.0,262.0,1.72,0.54,19.12,58031.0,2500.0,99.26,0.47,2.62,5196.0,794.0,8.95,1.31,9.29,10151.0,1220.0,17.36,1.95,7.31,210.0,119.0,2.07,1.15,34.45,41141.0,1680.0,70.37,4.16,2.48,2461.0,674.0,5.98,1.62,16.65,6739.0,697.0,11.53,1.09,6.29,2525.0,527.0,37.47,6.79,12.69,57700.0,2441.0,98.7,5.94,2.57,48663.0,2425.0,84.34,2.22,3.03,8757.0,1007.0,15.18,1.62,6.99,280.0,113.0,0.49,0.19,24.53,58462.0,2503.0,100,,2.6,46744.0,2288.0,79.96,1.9,2.98,44707.0,2176.0,76.47,1.77,2.96,2037.0,596.0,3.48,1.01,17.79,11718.0,954.0,20.04,1.39,4.95,7029.0,852.0,59.98,5.39,7.37,4689.0,692.0,40.02,4.93,8.97,2549.0,430.0,21.75,3.21,10.25,2518.0,483.0,21.49,3.73,11.66,720.0,317.0,6.14,2.66,26.76,191.0,97.0,1.63,0.82,30.87,5319.0,779.0,45.39,5.53,8.9,421.0,144.0,3.59,1.19,20.79,54214.0,2189.0,92.73,5.46,2.45,43031.0,1994.0,79.37,1.8,2.82,2630.0,485.0,4.85,0.87,11.21,4650.0,741.0,8.58,1.32,9.69,26448.0,972.0,96.63,1.22,2.23,25383.0,976.0,92.74,1.57,2.34,49133.0,1856.0,84.04,4.8,2.3,38195.0,1541.0,77.74,1.1,2.45,35722.0,1427.0,72.7,0.94,2.43,2473.0,461.0,5.03,0.92,11.33,0.0,,0.0,,,10938.0,969.0,22.26,1.78,5.39,,,6.47,1.18,11.33,35132.0,1436.0,60.09,3.56,2.48,2752.0,498.0,7.83,1.38,11.0,517.0,239.0,1.47,0.68,28.1,17132.0,1095.0,48.76,2.4,3.89,2274.0,402.0,6.47,1.11,10.75,10456.0,909.0,29.76,2.28,5.28,35722.0,1427.0,61.1,3.58,2.43,0.0,,0.0,,,479.0,170.0,1.34,0.47,21.57,710.0,189.0,1.99,0.52,16.18,437.0,138.0,1.22,0.38,19.2,2634.0,505.0,7.37,1.38,11.65,957.0,307.0,2.68,0.85,19.5,4162.0,745.0,11.65,2.03,10.88,2639.0,389.0,7.39,1.05,8.96,9046.0,680.0,25.32,1.61,4.57,7813.0,651.0,21.87,1.6,5.07,3483.0,504.0,9.75,1.36,8.8,2046.0,334.0,5.73,0.91,9.92,1316.0,302.0,3.68,0.83,13.95,1350.0,296.0,4.93,1.07,13.33,944.0,301.0,3.45,1.09,19.38,1140.0,269.0,4.16,0.97,14.34,939.0,235.0,3.43,0.85,15.21,1692.0,310.0,6.18,1.11,11.14,2240.0,350.0,8.18,1.25,9.5,2241.0,404.0,8.19,1.45,10.96,4657.0,481.0,17.01,1.66,6.28,3640.0,518.0,13.3,1.84,8.65,8528.0,681.0,31.16,2.24,4.85,23557.0,866.0,86.07,1.09,2.23,4526.0,493.0,16.54,1.71,6.62,3622.0,412.0,13.23,1.43,6.91,1476.0,296.0,5.39,1.07,12.19,1274.0,336.0,4.65,1.22,16.03,3192.0,525.0,11.66,1.88,10.0,56177.0,2447.0,96.81,0.62,2.65,45068.0,2020.0,77.66,0.96,2.72,15061.0,1507.0,25.95,2.34,6.08,1854.0,439.0,3.19,0.74,14.39,26369.0,1212.0,45.1,0.75,2.79,32093.0,1716.0,54.9,1.76,3.25,4248.0,770.0,7.27,1.28,11.02,2068.0,345.0,3.54,0.57,10.14,2767.0,556.0,4.73,0.93,12.22,1258.0,325.0,2.15,0.55,15.7,1966.0,456.0,3.36,0.77,14.1,15840.0,1084.0,27.09,1.45,4.16,10629.0,739.0,18.18,1.0,4.23,7665.0,907.0,13.11,1.45,7.19,2957.0,515.0,5.06,0.85,10.59,1957.0,365.0,3.35,0.61,11.34,4430.0,483.0,7.58,0.76,6.63,1926.0,346.0,3.29,0.57,10.92,751.0,231.0,1.28,0.39,18.7,10164.0,1221.0,17.39,1.95,7.3,48298.0,1773.0,82.61,4.66,2.23,7107.0,701.0,12.16,1.08,6.0,7593.0,1083.0,12.99,1.77,8.67,29245.0,1375.0,50.02,0.97,2.86,14695.0,1618.0,25.14,2.55,6.69,252.0,174.0,0.43,0.3,41.97,4106.0,610.0,7.02,1.0,9.03,0.0,,0.0,,,2571.0,540.0,4.4,0.9,12.77,8547.0,930.0,14.62,1.46,6.61,49915.0,2241.0,85.38,1.15,2.73,27566.0,1257.0,47.15,0.74,2.77,13496.0,1576.0,23.09,2.51,7.1,62.0,66.0,0.11,0.11,64.71,4106.0,610.0,7.02,1.0,9.03,0.0,,0.0,,,495.0,220.0,0.85,0.37,27.02,4190.0,818.0,7.17,1.37,11.87
11239,11239,11239,8320.0,539.0,100,,3.94,1873.0,335.0,22.51,3.75,10.87,3739.0,677.0,23.3,3.78,11.01,158.0,122.0,4.23,3.17,46.94,207.0,145.0,5.54,3.75,42.58,1471.0,411.0,39.34,8.37,16.98,1101.0,304.0,29.45,6.14,16.78,802.0,316.0,21.45,7.51,23.95,12088.0,814.0,75.33,7.9,4.09,738.0,234.0,6.11,1.89,19.27,785.0,235.0,6.49,1.89,18.2,4790.0,668.0,39.63,4.84,8.48,2668.0,577.0,22.07,4.54,13.15,13091.0,1000.0,81.58,9.05,4.64,340.0,140.0,2.6,1.05,25.03,15834.0,1291.0,98.67,1.31,4.96,4221.0,661.0,26.66,3.56,9.52,2902.0,584.0,18.08,3.34,12.23,88.0,98.0,3.03,3.32,67.7,8188.0,952.0,51.03,4.28,7.07,1316.0,313.0,16.07,3.33,14.46,4744.0,603.0,29.56,2.91,7.73,2817.0,590.0,59.38,9.88,12.73,16007.0,1281.0,99.75,11.32,4.86,15542.0,1316.0,97.1,2.69,5.15,431.0,181.0,2.69,1.11,25.53,34.0,46.0,0.21,0.29,82.25,16047.0,1291.0,100,,4.89,10734.0,1253.0,66.89,5.66,7.1,10045.0,1234.0,62.6,5.81,7.47,689.0,255.0,4.29,1.55,22.5,5313.0,672.0,33.11,3.23,7.69,4569.0,651.0,86.0,5.64,8.66,744.0,302.0,14.0,5.4,24.68,1529.0,472.0,28.78,8.1,18.77,977.0,385.0,18.39,6.86,23.96,260.0,202.0,4.89,3.75,47.23,0.0,,0.0,,,2547.0,500.0,47.94,7.2,11.93,0.0,,0.0,,,15616.0,1220.0,97.31,10.91,4.75,10766.0,1170.0,68.94,5.21,6.61,2791.0,682.0,17.87,4.14,14.85,1761.0,545.0,11.28,3.38,18.81,6552.0,580.0,78.75,4.75,5.38,6570.0,627.0,78.97,5.53,5.8,13565.0,1044.0,84.53,9.41,4.68,6400.0,788.0,47.18,4.53,7.48,5783.0,724.0,42.63,4.21,7.61,563.0,276.0,4.15,2.01,29.8,54.0,76.0,0.4,0.56,85.56,7165.0,781.0,52.82,4.08,6.63,,,8.8,4.17,29.8,5679.0,708.0,35.39,3.37,7.58,1440.0,386.0,25.36,6.02,16.3,105.0,74.0,1.85,1.28,42.84,2831.0,473.0,49.85,5.54,10.16,347.0,180.0,6.11,3.08,31.53,711.0,251.0,12.52,4.14,21.46,5783.0,724.0,36.04,3.46,7.61,0.0,,0.0,,,85.0,61.0,1.47,1.04,43.63,78.0,80.0,1.35,1.37,62.35,10.0,17.0,0.17,0.29,103.34,343.0,171.0,5.93,2.86,30.31,755.0,275.0,13.06,4.47,22.14,142.0,180.0,2.46,3.1,77.06,233.0,137.0,4.03,2.31,35.74,408.0,165.0,7.06,2.71,24.58,2486.0,442.0,42.99,5.43,10.81,377.0,169.0,6.52,2.81,27.25,389.0,192.0,6.73,3.21,30.0,477.0,181.0,8.25,2.95,23.07,630.0,280.0,7.57,3.33,27.02,1314.0,407.0,15.79,4.78,18.83,1470.0,452.0,17.67,5.31,18.69,665.0,274.0,7.99,3.25,25.05,1097.0,287.0,13.19,3.34,15.9,1170.0,291.0,14.06,3.38,15.12,598.0,213.0,7.19,2.52,21.65,741.0,302.0,8.91,3.58,24.78,408.0,180.0,4.9,2.14,26.82,227.0,136.0,2.73,1.63,36.42,4606.0,562.0,55.36,5.72,7.42,3285.0,436.0,39.48,4.57,8.07,1280.0,371.0,15.38,4.35,17.62,1513.0,403.0,18.19,4.7,16.19,581.0,212.0,6.98,2.51,22.18,3735.0,469.0,44.89,4.83,7.63,15478.0,1291.0,97.75,1.72,5.07,8174.0,1052.0,51.62,5.14,7.82,9294.0,1125.0,58.7,5.25,7.36,356.0,227.0,2.25,1.42,38.76,6306.0,797.0,39.3,3.83,7.68,9741.0,833.0,60.7,1.76,5.2,431.0,220.0,2.69,1.35,31.03,724.0,260.0,4.51,1.58,21.83,1054.0,361.0,6.57,2.19,20.82,1144.0,320.0,7.13,1.91,17.0,606.0,256.0,3.78,1.57,25.68,1555.0,440.0,9.69,2.63,17.2,2008.0,460.0,12.51,2.68,13.93,1612.0,334.0,10.05,1.92,12.6,1068.0,324.0,6.66,1.95,18.44,958.0,242.0,5.97,1.43,15.36,2080.0,453.0,12.96,2.62,13.24,1790.0,521.0,11.15,3.12,17.69,1017.0,310.0,6.34,1.86,18.53,2902.0,584.0,18.08,3.34,12.23,13145.0,994.0,81.92,9.04,4.6,4887.0,602.0,30.45,2.84,7.49,1423.0,434.0,8.87,2.61,18.54,2590.0,647.0,16.14,3.82,15.19,9773.0,1152.0,60.9,5.25,7.17,429.0,283.0,2.67,1.75,40.1,478.0,285.0,2.98,1.76,36.25,0.0,,0.0,,,1354.0,523.0,8.44,3.19,23.48,3048.0,842.0,18.99,5.02,16.79,12999.0,1072.0,81.01,1.47,5.01,2351.0,588.0,14.65,3.47,15.2,9154.0,1097.0,57.04,5.07,7.29,104.0,105.0,0.65,0.65,61.37,478.0,285.0,2.98,1.76,36.25,0.0,,0.0,,,208.0,177.0,1.3,1.1,51.73,704.0,347.0,4.39,2.13,29.96
11354,11354,11354,21275.0,995.0,100,,2.84,4249.0,642.0,19.97,2.87,9.19,8283.0,1132.0,15.83,2.02,8.31,486.0,237.0,5.87,2.75,29.64,525.0,224.0,6.34,2.56,25.94,2892.0,629.0,34.91,5.91,13.22,1908.0,555.0,23.04,5.91,17.68,2472.0,411.0,29.84,2.83,10.11,42188.0,2007.0,80.63,5.51,2.89,5604.0,884.0,13.28,2.0,9.59,3168.0,539.0,7.51,1.23,10.34,11605.0,1341.0,27.51,2.9,7.02,13890.0,1285.0,32.92,2.61,5.62,45189.0,2075.0,86.36,5.8,2.79,852.0,269.0,1.89,0.59,19.19,50741.0,2563.0,96.97,1.19,3.07,4591.0,625.0,9.05,1.14,8.28,7106.0,1038.0,13.58,1.87,8.88,61.0,49.0,0.86,0.68,48.83,32300.0,1961.0,61.73,2.21,3.69,1541.0,272.0,4.77,0.79,10.73,11335.0,994.0,21.66,1.58,5.33,2989.0,595.0,26.37,4.71,12.1,52074.0,2552.0,99.52,0.07,2.98,48218.0,2601.0,92.6,2.09,3.28,3243.0,740.0,6.23,1.39,13.87,613.0,260.0,1.18,0.5,25.78,52325.0,2564.0,100,,2.98,18016.0,1589.0,34.43,2.52,5.36,17174.0,1523.0,32.82,2.43,5.39,842.0,311.0,1.61,0.59,22.45,34309.0,1825.0,65.57,1.36,3.23,18182.0,1434.0,52.99,3.09,4.79,16127.0,1644.0,47.01,4.09,6.2,1819.0,528.0,5.3,1.51,17.65,26631.0,2015.0,77.62,4.18,4.6,367.0,189.0,1.07,0.55,31.31,128.0,156.0,0.37,0.45,74.09,5299.0,1394.0,15.44,3.98,15.99,65.0,55.0,0.19,0.16,51.44,50137.0,2442.0,95.82,6.62,2.96,10802.0,1085.0,21.54,1.89,6.11,26831.0,1727.0,53.52,2.25,3.91,6914.0,1653.0,13.79,3.23,14.53,19970.0,981.0,93.87,1.41,2.99,18466.0,1065.0,86.8,2.93,3.51,45743.0,2108.0,87.42,5.88,2.8,26599.0,1788.0,58.15,2.85,4.09,25256.0,1799.0,55.21,3.0,4.33,1316.0,310.0,2.88,0.66,14.32,27.0,51.0,0.06,0.11,114.83,19144.0,1467.0,41.85,2.56,4.66,,,4.95,1.12,14.32,24233.0,1746.0,46.31,2.45,4.38,7338.0,869.0,30.28,2.85,7.2,1997.0,322.0,8.24,1.19,9.8,8192.0,1005.0,33.81,3.36,7.46,3900.0,765.0,16.09,2.94,11.92,2326.0,403.0,9.6,1.51,10.53,25256.0,1799.0,48.27,2.5,4.33,6.0,12.0,0.02,0.05,121.58,1031.0,365.0,4.08,1.42,21.52,1109.0,322.0,4.39,1.24,17.65,612.0,237.0,2.42,0.92,23.54,2795.0,806.0,11.07,3.09,17.53,1986.0,496.0,7.86,1.88,15.18,558.0,268.0,2.21,1.05,29.2,2087.0,516.0,8.26,1.96,15.03,2250.0,530.0,8.91,2.0,14.32,6399.0,855.0,25.34,2.86,8.12,3449.0,708.0,13.66,2.63,12.48,2287.0,590.0,9.06,2.25,15.68,687.0,212.0,2.72,0.82,18.76,1929.0,418.0,9.07,1.92,13.17,985.0,319.0,4.63,1.48,19.69,1793.0,356.0,8.43,1.63,12.07,2540.0,610.0,11.94,2.81,14.6,1652.0,344.0,7.76,1.58,12.66,3081.0,500.0,14.48,2.25,9.87,2694.0,582.0,12.66,2.67,13.13,3238.0,658.0,15.22,3.01,12.35,1941.0,379.0,9.12,1.73,11.87,1422.0,237.0,6.68,1.07,10.13,15513.0,926.0,72.92,2.7,3.63,6907.0,726.0,32.47,3.06,6.39,3646.0,551.0,17.14,2.46,9.19,1290.0,297.0,6.06,1.37,14.0,946.0,265.0,4.45,1.23,17.03,2958.0,402.0,13.9,1.77,8.26,44705.0,2524.0,88.1,2.22,3.43,26810.0,2112.0,52.84,3.19,4.79,22814.0,1873.0,44.96,2.91,4.99,6036.0,1142.0,11.9,2.17,11.5,25117.0,1666.0,48.0,2.15,4.03,27208.0,1589.0,52.0,1.65,3.55,2188.0,537.0,4.18,1.01,14.92,1659.0,357.0,3.17,0.66,13.08,2339.0,640.0,4.47,1.2,16.63,1596.0,426.0,3.05,0.8,16.23,2355.0,572.0,4.5,1.07,14.77,7058.0,1017.0,13.49,1.83,8.76,6307.0,798.0,12.05,1.41,7.69,7433.0,892.0,14.21,1.56,7.3,4325.0,779.0,8.27,1.43,10.95,4373.0,643.0,8.36,1.16,8.94,6791.0,922.0,12.98,1.64,8.25,4004.0,536.0,7.65,0.95,8.14,1897.0,378.0,3.63,0.7,12.11,7109.0,1039.0,13.59,1.87,8.88,45216.0,2079.0,86.41,5.81,2.8,12692.0,995.0,24.26,1.48,4.77,2978.0,872.0,5.69,1.64,17.8,8894.0,1069.0,17.0,1.87,7.31,1652.0,432.0,3.16,0.81,15.9,152.0,130.0,0.29,0.25,51.99,33855.0,2503.0,64.7,3.58,4.49,258.0,192.0,0.49,0.37,45.24,4536.0,1326.0,8.67,2.5,17.77,7530.0,1691.0,14.39,3.15,13.65,44795.0,2570.0,85.61,2.55,3.49,7879.0,981.0,15.06,1.72,7.57,1520.0,403.0,2.9,0.76,16.12,123.0,128.0,0.24,0.24,63.26,33741.0,2469.0,64.48,3.5,4.45,258.0,192.0,0.49,0.37,45.24,347.0,181.0,0.66,0.34,31.71,927.0,423.0,1.77,0.8,27.74
11355,11355,11355,30651.0,1272.0,100,,2.52,6884.0,714.0,22.46,2.13,6.31,13812.0,1168.0,17.31,1.2,5.14,797.0,313.0,5.77,2.21,23.87,586.0,204.0,4.24,1.43,21.16,5371.0,718.0,38.89,4.03,8.13,2804.0,541.0,20.3,3.52,11.73,4254.0,580.0,30.8,3.29,8.29,63003.0,2839.0,78.95,5.21,2.74,11094.0,1478.0,17.61,2.21,8.1,8097.0,1285.0,12.85,1.96,9.65,17806.0,1529.0,28.26,2.07,5.22,14860.0,1119.0,23.59,1.42,4.58,67059.0,3023.0,84.03,5.55,2.74,640.0,226.0,0.95,0.33,21.47,79466.0,3856.0,99.58,0.47,2.95,8548.0,891.0,10.76,0.99,6.34,12697.0,1345.0,15.91,1.5,6.44,296.0,185.0,2.33,1.44,37.99,49214.0,2770.0,61.67,1.78,3.42,2909.0,614.0,5.91,1.2,12.83,17555.0,1248.0,22.0,1.15,4.32,5343.0,741.0,30.44,3.62,8.43,78879.0,3727.0,98.84,6.68,2.87,73219.0,3513.0,92.82,0.77,2.92,4086.0,829.0,5.18,1.02,12.33,1574.0,714.0,2.0,0.9,27.58,79802.0,3854.0,100,,2.94,22645.0,1754.0,28.38,1.72,4.71,21418.0,1656.0,26.84,1.62,4.7,1227.0,344.0,1.54,0.42,17.04,57157.0,2954.0,71.62,1.32,3.14,26293.0,1698.0,46.0,1.78,3.93,30864.0,2588.0,54.0,3.57,5.1,1310.0,458.0,2.29,0.79,21.25,47782.0,2847.0,83.6,2.48,3.62,264.0,206.0,0.46,0.36,47.43,0.0,,0.0,,,7801.0,1144.0,13.65,1.87,8.91,0.0,,0.0,,,76136.0,3459.0,95.41,6.33,2.76,12288.0,1282.0,16.14,1.52,6.34,49613.0,2884.0,65.16,2.36,3.53,9122.0,1617.0,11.98,2.05,10.78,28222.0,1256.0,92.08,1.48,2.71,25554.0,1334.0,83.37,2.64,3.17,68320.0,3111.0,85.61,5.68,2.77,39763.0,2505.0,58.2,2.53,3.83,36716.0,2533.0,53.74,2.79,4.19,3009.0,653.0,4.4,0.93,13.19,38.0,39.0,0.06,0.06,62.39,28557.0,1654.0,41.8,1.5,3.52,,,7.57,1.57,13.19,33970.0,2260.0,42.57,1.95,4.04,7466.0,891.0,21.98,2.18,7.25,4125.0,659.0,12.14,1.76,9.71,12753.0,1374.0,37.54,3.18,6.55,5349.0,978.0,15.75,2.68,11.11,2979.0,527.0,8.77,1.44,10.75,36716.0,2533.0,46.01,2.27,4.19,9.0,14.0,0.02,0.04,94.56,2072.0,549.0,5.64,1.44,16.11,1453.0,358.0,3.96,0.94,14.98,898.0,243.0,2.45,0.64,16.45,3475.0,508.0,9.46,1.22,8.89,3176.0,583.0,8.65,1.47,11.16,656.0,210.0,1.79,0.56,19.46,2769.0,515.0,7.54,1.3,11.31,3207.0,572.0,8.73,1.44,10.84,8556.0,1035.0,23.3,2.32,7.35,5748.0,1196.0,15.66,3.07,12.65,3866.0,649.0,10.53,1.61,10.21,831.0,225.0,2.26,0.59,16.46,2952.0,533.0,9.63,1.69,10.98,1836.0,363.0,5.99,1.16,12.02,3153.0,535.0,10.29,1.69,10.31,3425.0,643.0,11.17,2.05,11.41,2935.0,521.0,9.58,1.65,10.79,5688.0,636.0,18.56,1.93,6.8,2908.0,542.0,9.49,1.72,11.33,3983.0,660.0,12.99,2.08,10.07,1799.0,365.0,5.87,1.17,12.33,1972.0,464.0,6.43,1.49,14.3,22865.0,1259.0,74.6,2.7,3.35,9203.0,832.0,30.03,2.41,5.5,4560.0,747.0,14.88,2.36,9.96,2513.0,489.0,8.2,1.56,11.83,1728.0,499.0,5.64,1.61,17.55,5678.0,730.0,18.52,2.25,7.82,69375.0,3598.0,87.3,1.6,3.15,30808.0,2548.0,38.77,2.6,5.03,43666.0,2900.0,54.95,2.49,4.04,10091.0,1434.0,12.7,1.7,8.64,38352.0,2291.0,48.06,1.69,3.63,41450.0,2210.0,51.94,1.17,3.24,3666.0,713.0,4.59,0.87,11.82,3546.0,569.0,4.44,0.68,9.75,3503.0,575.0,4.39,0.69,9.98,3097.0,502.0,3.88,0.6,9.85,2987.0,528.0,3.74,0.64,10.75,10312.0,1114.0,12.92,1.25,6.57,10927.0,1041.0,13.69,1.12,5.79,12134.0,1271.0,15.21,1.41,6.37,6321.0,941.0,7.92,1.12,9.05,5539.0,805.0,6.94,0.95,8.83,9748.0,981.0,12.22,1.08,6.12,5553.0,613.0,6.96,0.69,6.71,2469.0,599.0,3.09,0.74,14.75,12705.0,1344.0,15.92,1.5,6.43,67097.0,3021.0,84.08,5.55,2.74,17770.0,1244.0,22.27,1.13,4.26,3585.0,1076.0,4.49,1.33,18.25,6736.0,977.0,8.44,1.15,8.82,2016.0,510.0,2.53,0.63,15.38,234.0,189.0,0.29,0.24,49.1,59546.0,3252.0,74.62,1.9,3.32,61.0,80.0,0.08,0.1,79.72,7624.0,1484.0,9.55,1.8,11.83,11424.0,1893.0,14.32,2.27,10.07,68378.0,3446.0,85.68,1.23,3.06,5331.0,899.0,6.68,1.08,10.25,1857.0,496.0,2.33,0.61,16.24,9.0,26.0,0.01,0.03,175.62,59484.0,3249.0,74.54,1.9,3.32,61.0,80.0,0.08,0.1,79.72,600.0,339.0,0.75,0.42,34.35,1036.0,346.0,1.3,0.43,20.3
11356,11356,11356,8372.0,545.0,100,,3.96,3120.0,538.0,37.27,5.95,10.48,6799.0,1178.0,25.22,3.74,10.53,220.0,174.0,3.24,2.5,48.08,473.0,228.0,6.96,3.13,29.3,2715.0,624.0,39.93,6.03,13.97,1315.0,405.0,19.34,4.92,18.72,2076.0,491.0,30.53,4.92,14.38,18608.0,1451.0,69.03,8.21,4.74,3006.0,790.0,16.15,4.05,15.98,1173.0,290.0,6.3,1.48,15.03,5545.0,805.0,29.8,3.65,8.83,4655.0,668.0,25.02,3.01,8.72,20782.0,1688.0,77.1,9.34,4.94,318.0,149.0,1.53,0.71,28.48,26956.0,2423.0,100.0,0.0,5.46,2117.0,500.0,7.85,1.72,14.36,6174.0,1235.0,22.9,4.09,12.16,58.0,50.0,0.94,0.79,52.41,15907.0,1376.0,59.01,7.36,5.26,774.0,233.0,4.87,1.4,18.3,4875.0,939.0,18.09,3.08,11.71,1285.0,428.0,26.36,7.16,20.25,26504.0,2291.0,98.32,12.26,5.25,24606.0,2283.0,92.84,3.13,5.64,1613.0,556.0,6.09,2.03,20.95,285.0,209.0,1.08,0.78,44.58,26956.0,2423.0,100,,5.46,12608.0,1876.0,46.77,5.55,9.05,12313.0,1853.0,45.68,5.51,9.15,295.0,135.0,1.09,0.49,27.82,14348.0,1431.0,53.23,2.3,6.06,8243.0,1233.0,57.45,6.4,9.09,6105.0,970.0,42.55,5.26,9.66,927.0,345.0,6.46,2.32,22.62,7394.0,1230.0,51.53,6.86,10.11,63.0,55.0,0.44,0.38,53.07,0.0,,0.0,,,5796.0,1113.0,40.4,6.63,11.67,168.0,202.0,1.17,1.4,73.09,25261.0,2098.0,93.71,11.47,5.05,6600.0,1290.0,26.13,4.62,11.88,10085.0,962.0,39.92,1.87,5.8,8771.0,1559.0,34.72,5.46,10.81,8153.0,551.0,97.38,1.77,4.11,7802.0,584.0,93.19,3.44,4.55,21441.0,1687.0,79.54,9.5,4.78,13429.0,1260.0,62.63,3.2,5.7,12030.0,1049.0,56.11,2.11,5.3,1399.0,530.0,6.52,2.42,23.03,0.0,,0.0,,,8012.0,1114.0,37.37,4.28,8.45,,,10.42,3.82,23.03,11819.0,1069.0,43.85,0.44,5.5,5881.0,811.0,49.76,5.18,8.38,935.0,292.0,7.91,2.36,18.98,3497.0,603.0,29.59,4.34,10.48,481.0,211.0,4.07,1.75,26.67,863.0,269.0,7.3,2.18,18.95,12030.0,1049.0,44.63,5.59,5.3,12.0,21.0,0.1,0.17,106.38,1220.0,374.0,10.14,2.98,18.64,384.0,209.0,3.19,1.71,33.09,376.0,182.0,3.13,1.49,29.43,1194.0,272.0,9.93,2.09,13.85,1293.0,274.0,10.75,2.08,12.88,265.0,134.0,2.2,1.1,30.74,802.0,334.0,6.67,2.71,25.32,1177.0,334.0,9.78,2.64,17.25,3042.0,579.0,25.29,4.28,11.57,1115.0,353.0,9.27,2.82,19.25,875.0,252.0,7.27,2.0,17.51,275.0,132.0,2.29,1.08,29.18,123.0,77.0,1.47,0.91,38.06,146.0,76.0,1.74,0.9,31.64,345.0,157.0,4.12,1.86,27.66,716.0,268.0,8.55,3.15,22.75,1041.0,246.0,12.43,2.82,14.37,1077.0,299.0,12.86,3.47,16.88,1063.0,249.0,12.7,2.86,14.24,1878.0,333.0,22.43,3.7,10.78,1094.0,420.0,13.07,4.94,23.34,889.0,261.0,10.62,3.04,17.85,7354.0,564.0,87.84,3.56,4.66,2945.0,487.0,35.18,5.35,10.05,1869.0,352.0,22.32,3.95,11.45,312.0,133.0,3.73,1.57,25.91,355.0,169.0,4.24,2.0,28.94,1322.0,297.0,15.79,3.4,13.66,24755.0,2338.0,91.83,2.66,5.74,14282.0,2075.0,52.98,6.05,8.83,13772.0,1590.0,51.09,3.7,7.02,2201.0,472.0,8.17,1.59,13.04,13515.0,1436.0,50.14,2.84,6.46,13441.0,1310.0,49.86,1.88,5.92,1695.0,581.0,6.29,2.08,20.84,1548.0,426.0,5.74,1.49,16.73,1712.0,432.0,6.35,1.5,15.34,1834.0,491.0,6.8,1.72,16.27,1559.0,397.0,5.78,1.38,15.48,3542.0,624.0,13.14,1.99,10.71,3494.0,593.0,12.96,1.87,10.32,3362.0,578.0,12.47,1.83,10.45,1560.0,352.0,5.79,1.2,13.72,1775.0,314.0,6.58,1.0,10.75,3527.0,871.0,13.08,3.01,15.01,1016.0,280.0,3.77,0.98,16.75,332.0,112.0,1.23,0.4,20.51,6174.0,1235.0,22.9,4.09,12.16,20782.0,1688.0,77.1,9.34,4.94,4875.0,939.0,18.09,3.08,11.71,2050.0,697.0,7.6,2.49,20.67,6063.0,1164.0,22.49,3.82,11.67,167.0,161.0,0.62,0.59,58.61,20.0,33.0,0.07,0.12,100.3,9503.0,1418.0,35.25,4.2,9.07,47.0,87.0,0.17,0.32,112.53,9106.0,2057.0,33.78,7.0,13.73,11299.0,2102.0,41.92,6.83,11.31,15657.0,1394.0,58.08,7.35,5.41,5576.0,1093.0,20.69,3.6,11.92,163.0,160.0,0.6,0.59,59.67,0.0,,0.0,,,9503.0,1418.0,35.25,4.2,9.07,47.0,87.0,0.17,0.32,112.53,164.0,197.0,0.61,0.73,73.02,204.0,138.0,0.76,0.51,41.12
11357,11357,"11351, 11357",15755.0,757.0,100,,2.92,4063.0,553.0,25.79,3.28,8.27,9349.0,1182.0,22.08,2.51,7.69,585.0,215.0,6.26,2.16,22.34,804.0,443.0,8.6,4.61,33.5,3393.0,629.0,36.29,4.92,11.27,1970.0,417.0,21.07,3.58,12.87,2597.0,512.0,27.78,4.2,11.98,31776.0,1496.0,75.05,5.44,2.86,3305.0,560.0,10.4,1.69,10.3,1224.0,261.0,3.85,0.8,12.96,7654.0,808.0,24.09,2.28,6.42,12038.0,917.0,37.88,2.27,4.63,34025.0,1672.0,80.36,5.94,2.99,1001.0,316.0,2.94,0.92,19.19,41953.0,2339.0,99.08,0.81,3.39,4316.0,560.0,10.29,1.21,7.89,8221.0,1157.0,19.42,2.51,8.56,147.0,101.0,1.79,1.2,41.77,23065.0,1444.0,54.47,1.61,3.81,1402.0,297.0,6.08,1.23,12.88,10667.0,824.0,25.19,1.36,4.7,2767.0,441.0,25.94,3.62,9.69,42059.0,2324.0,99.33,0.34,3.36,39794.0,2199.0,94.61,0.06,3.36,2237.0,634.0,5.32,1.48,17.23,28.0,26.0,0.07,0.06,56.45,42341.0,2335.0,100,,3.35,27328.0,1794.0,64.54,2.3,3.99,26241.0,1731.0,61.98,2.24,4.01,1087.0,354.0,2.57,0.82,19.8,15013.0,1329.0,35.46,2.46,5.38,11203.0,1124.0,74.62,3.52,6.1,3810.0,639.0,25.38,3.62,10.2,3680.0,604.0,24.51,3.39,9.98,8161.0,1044.0,54.36,5.02,7.78,582.0,320.0,3.88,2.1,33.42,0.0,,0.0,,,2546.0,663.0,16.96,4.15,15.83,44.0,39.0,0.29,0.26,53.88,40260.0,2171.0,95.09,7.33,3.28,20324.0,1414.0,50.48,2.22,4.23,9003.0,1002.0,22.36,2.18,6.77,4751.0,1498.0,11.8,3.67,19.17,14760.0,783.0,93.68,2.11,3.22,14265.0,753.0,90.54,1.98,3.21,35153.0,1725.0,83.02,6.13,2.98,19792.0,1247.0,56.3,2.22,3.83,18184.0,1109.0,51.73,1.87,3.71,1513.0,466.0,4.3,1.31,18.72,95.0,79.0,0.27,0.22,50.55,15361.0,1080.0,43.7,2.2,4.27,,,7.64,2.3,18.72,17648.0,1096.0,41.68,1.19,3.78,10507.0,946.0,59.54,3.88,5.47,1726.0,393.0,9.78,2.14,13.84,3275.0,469.0,18.56,2.39,8.71,227.0,90.0,1.29,0.5,24.1,1829.0,471.0,10.36,2.59,15.65,18184.0,1109.0,42.95,1.12,3.71,31.0,33.0,0.17,0.18,64.71,1475.0,390.0,8.11,2.09,16.07,677.0,265.0,3.72,1.44,23.8,384.0,126.0,2.11,0.68,19.95,1708.0,466.0,9.39,2.5,16.59,1412.0,318.0,7.77,1.68,13.69,368.0,128.0,2.02,0.69,21.14,2211.0,409.0,12.16,2.12,11.25,2234.0,377.0,12.29,1.93,10.26,4743.0,636.0,26.08,3.11,8.15,1408.0,304.0,7.74,1.6,13.13,854.0,229.0,4.7,1.23,16.3,679.0,171.0,3.73,0.91,15.31,716.0,256.0,4.54,1.61,21.74,298.0,145.0,1.89,0.92,29.58,643.0,248.0,4.08,1.56,23.45,1058.0,259.0,6.72,1.61,14.88,1370.0,362.0,8.7,2.26,16.06,1974.0,430.0,12.53,2.66,13.24,1991.0,362.0,12.64,2.22,11.05,3043.0,488.0,19.31,2.96,9.75,1679.0,325.0,10.66,2.0,11.77,2983.0,412.0,18.93,2.45,8.4,11570.0,680.0,73.44,2.49,3.57,6612.0,553.0,41.97,2.87,5.08,5346.0,548.0,33.93,3.07,6.23,487.0,165.0,3.09,1.04,20.6,482.0,194.0,3.06,1.22,24.47,984.0,282.0,6.25,1.76,17.42,40332.0,2289.0,96.14,1.02,3.45,27554.0,1884.0,65.68,2.6,4.16,18686.0,1690.0,44.54,3.17,5.5,1621.0,510.0,3.86,1.2,19.13,19600.0,1306.0,46.29,1.73,4.05,22741.0,1434.0,53.71,1.64,3.83,2081.0,486.0,4.91,1.12,14.2,2377.0,654.0,5.61,1.51,16.73,2365.0,565.0,5.59,1.3,14.52,2133.0,406.0,5.04,0.92,11.57,1609.0,289.0,3.8,0.65,10.92,4320.0,520.0,10.2,1.09,7.32,4280.0,594.0,10.11,1.29,8.44,5683.0,818.0,13.42,1.78,8.75,3143.0,458.0,7.42,1.0,8.86,3439.0,567.0,8.12,1.26,10.02,6448.0,675.0,15.23,1.36,6.36,2941.0,417.0,6.95,0.91,8.62,1522.0,330.0,3.59,0.75,13.18,8221.0,1157.0,19.42,2.51,8.56,34120.0,1670.0,80.58,5.94,2.98,10911.0,824.0,25.77,1.33,4.59,3226.0,782.0,7.62,1.8,14.74,24702.0,1565.0,58.34,1.82,3.85,225.0,110.0,0.53,0.26,29.72,562.0,653.0,1.33,1.54,70.63,10683.0,1373.0,25.23,2.93,7.81,98.0,168.0,0.23,0.4,104.21,2845.0,1492.0,6.72,3.5,31.88,6080.0,1544.0,14.36,3.56,15.44,36261.0,1950.0,85.64,6.6,3.27,23336.0,1491.0,55.11,1.78,3.88,164.0,78.0,0.39,0.18,28.91,546.0,651.0,1.29,1.54,72.48,10673.0,1372.0,25.21,2.93,7.81,98.0,168.0,0.23,0.4,104.21,407.0,385.0,0.96,0.91,57.5,1037.0,452.0,2.45,1.06,26.5
11360,11360,"11359, 11360",8822.0,579.0,100,,3.99,1733.0,350.0,19.64,3.75,12.28,3430.0,932.0,17.58,4.49,16.52,220.0,114.0,6.41,2.83,31.5,94.0,69.0,2.74,1.87,44.62,1063.0,282.0,30.99,11.77,16.13,886.0,367.0,25.83,8.08,25.18,1167.0,573.0,34.02,13.91,29.85,15643.0,1145.0,80.18,9.48,4.45,1244.0,406.0,7.95,2.53,19.84,790.0,256.0,5.05,1.59,19.7,2635.0,508.0,16.84,3.0,11.72,7689.0,750.0,49.15,3.17,5.93,16612.0,1504.0,85.15,11.04,5.5,693.0,222.0,4.17,1.28,19.47,19441.0,1811.0,99.65,0.78,5.66,3214.0,558.0,16.53,2.42,10.55,2896.0,496.0,14.84,2.14,10.41,278.0,335.0,9.6,11.45,73.25,10625.0,1434.0,54.46,5.34,8.2,913.0,337.0,8.59,2.95,22.44,5920.0,524.0,30.34,3.89,5.38,2023.0,311.0,34.17,4.3,9.35,19480.0,1809.0,99.85,0.27,5.65,18012.0,1871.0,92.46,4.3,6.31,1468.0,459.0,7.54,2.25,19.01,0.0,,0.0,,,19510.0,1811.0,100,,5.64,13146.0,1804.0,67.38,6.81,8.34,12973.0,1796.0,66.49,6.83,8.42,173.0,85.0,0.89,0.43,29.87,6364.0,703.0,32.62,1.95,6.72,5116.0,576.0,80.39,1.75,6.84,1248.0,363.0,19.61,5.28,17.68,1402.0,410.0,22.03,5.97,17.78,3763.0,540.0,59.13,5.42,8.72,110.0,174.0,1.73,2.73,96.16,0.0,,0.0,,,1077.0,335.0,16.92,4.92,18.91,12.0,23.0,0.19,0.36,116.51,18657.0,1804.0,95.63,2.59,5.88,10735.0,1834.0,57.54,8.1,10.39,3874.0,590.0,20.76,2.44,9.26,1297.0,362.0,6.95,1.82,16.97,8219.0,582.0,93.16,2.48,4.3,8148.0,581.0,92.36,2.57,4.33,17084.0,1742.0,87.57,3.7,6.2,8992.0,932.0,52.63,0.98,6.3,8656.0,839.0,50.67,7.13,5.89,336.0,182.0,1.97,1.05,32.93,0.0,,0.0,,,8092.0,1234.0,47.37,5.37,9.27,,,3.74,1.99,32.93,8267.0,794.0,42.37,1.05,5.84,3915.0,568.0,47.36,5.15,8.82,967.0,278.0,11.7,3.17,17.48,1617.0,316.0,19.56,3.33,11.88,110.0,83.0,1.33,1.0,45.87,1531.0,387.0,18.52,4.33,15.37,8656.0,839.0,44.37,1.24,5.89,29.0,47.0,0.34,0.54,98.52,438.0,165.0,5.06,1.84,22.9,339.0,149.0,3.92,1.68,26.72,256.0,177.0,2.96,2.02,42.03,544.0,185.0,6.28,2.05,20.67,429.0,218.0,4.96,2.47,30.89,170.0,95.0,1.96,1.08,33.97,1152.0,323.0,13.31,3.5,17.04,1213.0,339.0,14.01,3.67,16.99,2710.0,444.0,31.31,4.14,9.96,405.0,161.0,4.68,1.8,24.17,780.0,322.0,9.01,3.62,25.1,191.0,96.0,2.21,1.09,30.55,552.0,207.0,6.26,2.31,22.8,128.0,69.0,1.45,0.78,32.77,411.0,181.0,4.66,2.03,26.77,386.0,138.0,4.38,1.54,21.73,630.0,197.0,7.14,2.18,19.01,1319.0,362.0,14.95,3.98,16.68,983.0,235.0,11.14,2.56,14.53,1469.0,312.0,16.65,3.36,12.91,1371.0,372.0,15.54,4.09,16.49,1573.0,237.0,17.83,2.42,9.16,5650.0,547.0,64.04,4.56,5.89,4043.0,408.0,45.83,3.51,6.13,3080.0,472.0,34.91,4.83,9.32,561.0,262.0,6.36,2.94,28.39,270.0,152.0,3.06,1.71,34.22,633.0,238.0,7.18,2.66,22.86,18570.0,1613.0,95.52,12.17,5.28,14000.0,1200.0,72.01,9.12,5.21,8739.0,1130.0,44.95,4.03,7.86,871.0,366.0,4.48,1.84,25.54,9234.0,962.0,47.33,2.24,6.33,10276.0,979.0,52.67,1.13,5.79,853.0,239.0,4.37,1.16,17.03,585.0,155.0,3.0,0.74,16.11,800.0,193.0,4.1,0.91,14.67,895.0,371.0,4.59,1.85,25.2,734.0,555.0,3.76,2.82,45.97,2120.0,424.0,10.87,1.92,12.16,1897.0,377.0,9.72,1.71,12.08,2409.0,428.0,12.35,1.87,10.8,1675.0,493.0,8.59,2.4,17.89,1563.0,370.0,8.01,1.74,14.39,3087.0,432.0,15.82,1.66,8.51,1858.0,344.0,9.52,1.53,11.26,1034.0,256.0,5.3,1.22,15.05,2898.0,495.0,14.85,2.13,10.38,16612.0,1504.0,85.15,11.04,5.5,5979.0,527.0,30.65,3.92,5.36,1165.0,324.0,5.97,1.57,16.91,11055.0,1853.0,56.66,7.91,10.19,310.0,141.0,1.59,0.71,27.65,148.0,189.0,0.76,0.97,77.63,5810.0,707.0,29.78,2.34,7.4,0.0,,0.0,,,1022.0,419.0,5.24,2.09,24.92,2410.0,513.0,12.35,2.37,12.94,17100.0,1801.0,87.65,4.36,6.4,10609.0,1856.0,54.38,8.06,10.64,248.0,103.0,1.27,0.51,25.25,0.0,,0.0,,,5730.0,715.0,29.37,2.45,7.59,0.0,,0.0,,,279.0,218.0,1.43,1.11,47.5,234.0,127.0,1.2,0.64,32.99
11372,11372,11372,25384.0,1078.0,100,,2.58,6595.0,796.0,25.98,2.94,7.34,13139.0,1242.0,19.61,1.58,5.75,1149.0,347.0,8.74,2.51,18.36,853.0,441.0,6.49,3.3,31.43,5599.0,757.0,42.61,4.12,8.22,1867.0,337.0,14.21,2.19,10.97,3671.0,623.0,27.94,3.94,10.32,50623.0,2464.0,75.56,5.26,2.96,6042.0,937.0,11.94,1.76,9.43,3793.0,694.0,7.49,1.32,11.12,13082.0,1468.0,25.84,2.61,6.82,17767.0,1584.0,35.1,2.62,5.42,54492.0,2526.0,81.34,5.53,2.82,673.0,310.0,1.24,0.57,28.0,66740.0,3331.0,99.62,0.45,3.03,8090.0,890.0,12.12,1.19,6.69,12503.0,1649.0,18.66,2.28,8.02,377.0,172.0,3.02,1.32,27.73,43380.0,2310.0,64.75,1.24,3.24,3859.0,533.0,8.9,1.13,8.4,10857.0,1014.0,16.21,1.28,5.68,3854.0,652.0,35.5,5.01,10.28,66110.0,3208.0,98.68,6.85,2.95,60957.0,3159.0,92.21,1.68,3.15,4638.0,1374.0,7.02,2.05,18.01,515.0,201.0,0.78,0.3,23.73,66995.0,3330.0,100,,3.02,26675.0,1971.0,39.82,2.18,4.49,25094.0,1899.0,37.46,2.14,4.6,1581.0,507.0,2.36,0.75,19.49,40320.0,2577.0,60.18,2.42,3.89,20051.0,1845.0,49.73,3.29,5.59,20269.0,2369.0,50.27,4.92,7.11,3448.0,1035.0,8.55,2.51,18.25,9998.0,1287.0,24.8,2.77,7.83,1026.0,716.0,2.54,1.77,42.42,37.0,46.0,0.09,0.11,75.58,25375.0,2387.0,62.93,4.34,5.72,436.0,500.0,1.08,1.24,69.71,63046.0,2895.0,94.11,6.37,2.79,15026.0,1403.0,23.83,1.94,5.68,27154.0,2325.0,43.07,3.11,5.21,31955.0,2669.0,50.69,3.54,5.08,24515.0,1106.0,96.58,1.47,2.74,22861.0,1061.0,90.06,1.69,2.82,55565.0,2596.0,82.94,5.66,2.84,37373.0,2059.0,67.26,1.96,3.35,34197.0,1968.0,61.54,2.07,3.5,3176.0,653.0,5.72,1.14,12.5,0.0,,0.0,,,18192.0,1548.0,32.74,2.33,5.17,,,8.5,1.68,12.5,33237.0,1964.0,49.61,1.59,3.59,4847.0,793.0,14.58,2.22,9.95,1646.0,721.0,4.95,2.15,26.63,17954.0,1558.0,54.02,3.43,5.28,2722.0,570.0,8.19,1.65,12.73,4453.0,961.0,13.4,2.78,13.12,34197.0,1968.0,51.04,1.48,3.5,213.0,215.0,0.62,0.63,61.36,3205.0,623.0,9.37,1.74,11.82,1069.0,372.0,3.13,1.07,21.15,475.0,187.0,1.39,0.54,23.93,3019.0,536.0,8.83,1.48,10.79,2156.0,488.0,6.3,1.38,13.76,823.0,233.0,2.41,0.67,17.21,2217.0,524.0,6.48,1.49,14.37,5119.0,686.0,14.97,1.81,8.15,7775.0,919.0,22.74,2.35,7.19,4941.0,848.0,14.45,2.34,10.43,1910.0,395.0,5.59,1.11,12.57,1275.0,316.0,3.73,0.9,15.07,1021.0,306.0,4.02,1.19,18.22,1033.0,322.0,4.07,1.26,18.95,1868.0,448.0,7.36,1.74,14.58,1711.0,393.0,6.74,1.52,13.96,2568.0,639.0,10.12,2.48,15.13,4206.0,654.0,16.57,2.48,9.45,3462.0,612.0,13.64,2.34,10.75,3876.0,645.0,15.27,2.46,10.12,2570.0,594.0,10.12,2.3,14.05,3069.0,452.0,12.09,1.71,8.95,20951.0,1084.0,82.54,2.44,3.15,7101.0,732.0,27.97,2.63,6.27,4694.0,749.0,18.49,2.84,9.7,1431.0,378.0,5.64,1.47,16.06,1115.0,283.0,4.39,1.1,15.43,4241.0,616.0,16.71,2.32,8.83,59103.0,3208.0,88.56,1.89,3.3,31252.0,1902.0,46.83,1.63,3.7,34325.0,2905.0,51.43,3.52,5.14,7637.0,1222.0,11.44,1.74,9.73,34753.0,2184.0,51.87,1.99,3.82,32242.0,1978.0,48.13,1.73,3.73,3949.0,900.0,5.89,1.31,13.85,3782.0,736.0,5.65,1.06,11.83,3209.0,546.0,4.79,0.78,10.34,2426.0,555.0,3.62,0.81,13.91,3006.0,675.0,4.49,0.98,13.65,9360.0,1033.0,13.97,1.38,6.71,10382.0,1188.0,15.5,1.6,6.96,10194.0,793.0,15.22,0.91,4.73,5523.0,842.0,8.24,1.19,9.27,4077.0,655.0,6.09,0.93,9.77,6789.0,999.0,10.13,1.4,8.95,3153.0,496.0,4.71,0.7,9.56,1145.0,380.0,1.71,0.56,20.17,12503.0,1649.0,18.66,2.28,8.02,54492.0,2526.0,81.34,5.53,2.82,11087.0,1012.0,16.55,1.27,5.55,13757.0,2241.0,20.53,3.19,9.9,20478.0,2273.0,30.57,3.03,6.75,1268.0,333.0,1.89,0.49,15.96,526.0,233.0,0.79,0.35,26.93,13919.0,1943.0,20.78,2.71,8.49,259.0,304.0,0.39,0.45,71.35,16788.0,1948.0,25.06,2.63,7.05,37023.0,2928.0,55.26,3.4,4.81,29972.0,2882.0,44.74,3.68,5.85,12158.0,1967.0,18.15,2.79,9.84,844.0,239.0,1.26,0.35,17.21,28.0,48.0,0.04,0.07,104.21,13866.0,1929.0,20.7,2.69,8.46,128.0,181.0,0.19,0.27,85.96,587.0,319.0,0.88,0.47,33.04,2361.0,860.0,3.52,1.27,22.14
11361,11361,11361,11229.0,591.0,100,,3.2,2973.0,273.0,26.48,1.99,5.58,6566.0,728.0,21.6,2.07,6.74,558.0,167.0,8.5,2.36,18.19,288.0,133.0,4.39,1.97,28.07,2660.0,562.0,40.51,7.29,12.84,1009.0,214.0,15.37,2.78,12.89,2051.0,305.0,31.24,3.1,9.04,22559.0,1125.0,74.2,5.57,3.03,1679.0,291.0,7.44,1.24,10.54,999.0,230.0,4.43,1.0,14.0,4112.0,469.0,18.23,1.87,6.93,10850.0,766.0,48.1,2.4,4.29,24302.0,1234.0,79.94,6.05,3.09,877.0,218.0,3.61,0.88,15.11,30138.0,1706.0,99.13,0.76,3.44,2476.0,361.0,8.22,1.1,8.86,6096.0,780.0,20.05,2.31,7.78,225.0,158.0,3.69,2.55,42.69,18436.0,1234.0,60.64,2.22,4.07,943.0,216.0,5.11,1.12,13.92,5606.0,587.0,18.44,1.63,6.37,1308.0,226.0,23.33,3.21,10.5,29826.0,1619.0,98.11,7.66,3.3,27298.0,1571.0,91.52,1.75,3.5,2417.0,559.0,8.1,1.82,14.06,111.0,70.0,0.37,0.23,38.34,30402.0,1705.0,100,,3.41,18381.0,1454.0,60.46,3.37,4.81,18025.0,1447.0,59.29,3.41,4.88,356.0,153.0,1.17,0.5,26.13,12021.0,931.0,39.54,2.11,4.71,8248.0,691.0,68.61,2.19,5.09,3773.0,494.0,31.39,3.31,7.96,1194.0,274.0,9.93,2.15,13.95,8730.0,814.0,72.62,3.77,5.67,131.0,127.0,1.09,1.05,58.93,16.0,20.0,0.13,0.17,75.99,1905.0,497.0,15.85,3.95,15.86,45.0,30.0,0.37,0.25,40.53,28209.0,1586.0,92.79,0.37,3.42,13311.0,1236.0,47.19,3.49,5.64,7901.0,789.0,28.01,2.31,6.07,2675.0,719.0,9.48,2.49,16.34,10765.0,565.0,95.87,7.13,3.19,10475.0,585.0,93.29,1.74,3.39,24855.0,1256.0,81.75,6.17,3.07,16110.0,1063.0,64.82,2.75,4.01,15315.0,1029.0,61.62,2.73,4.08,795.0,196.0,3.2,0.77,14.99,0.0,,0.0,,,8745.0,751.0,35.18,2.44,5.22,,,4.93,1.17,14.99,14884.0,1021.0,48.96,1.93,4.17,6407.0,794.0,43.05,4.44,7.53,1771.0,302.0,11.9,1.86,10.37,3875.0,471.0,26.03,2.61,7.39,846.0,234.0,5.68,1.52,16.81,1854.0,323.0,12.46,1.99,10.59,15315.0,1029.0,50.37,1.86,4.08,0.0,,0.0,,,870.0,242.0,5.68,1.53,16.91,387.0,138.0,2.53,0.88,21.68,468.0,141.0,3.06,0.9,18.32,1314.0,282.0,8.58,1.75,13.05,827.0,197.0,5.4,1.23,14.48,423.0,131.0,2.76,0.83,18.83,1563.0,377.0,10.21,2.36,14.66,2161.0,336.0,14.11,1.98,9.45,4609.0,658.0,30.09,3.79,8.68,1245.0,235.0,8.13,1.43,11.47,750.0,177.0,4.9,1.11,14.35,698.0,227.0,4.56,1.45,19.77,354.0,101.0,3.15,0.88,17.34,326.0,110.0,2.9,0.97,20.51,460.0,126.0,4.1,1.1,16.65,653.0,204.0,5.82,1.79,18.99,646.0,166.0,5.75,1.45,15.62,1048.0,213.0,9.33,1.83,12.36,1628.0,471.0,14.5,4.12,17.59,2522.0,422.0,22.46,3.57,10.17,1353.0,216.0,12.05,1.82,9.7,2239.0,244.0,19.94,1.9,6.62,8933.0,539.0,79.55,2.35,3.67,3566.0,464.0,31.76,3.78,7.91,2569.0,464.0,22.88,3.95,10.98,398.0,111.0,3.54,0.97,16.95,271.0,114.0,2.41,1.01,25.57,789.0,191.0,7.03,1.66,14.72,28268.0,1546.0,93.8,7.38,3.32,21056.0,1378.0,69.87,2.29,3.98,10801.0,1003.0,35.84,2.64,5.65,1870.0,473.0,6.2,1.53,15.38,13974.0,926.0,45.96,1.62,4.03,16428.0,1049.0,54.04,1.65,3.88,2193.0,576.0,7.21,1.85,15.97,1554.0,435.0,5.11,1.4,17.02,1551.0,322.0,5.1,1.02,12.62,1160.0,209.0,3.82,0.65,10.95,1385.0,323.0,4.56,1.03,14.18,4479.0,560.0,14.73,1.65,7.6,3724.0,472.0,12.25,1.39,7.7,4077.0,504.0,13.41,1.48,7.51,2374.0,457.0,7.81,1.44,11.7,2047.0,316.0,6.73,0.97,9.38,3312.0,455.0,10.89,1.37,8.35,1436.0,207.0,4.72,0.63,8.76,1110.0,356.0,3.65,1.15,19.5,6100.0,780.0,20.06,2.31,7.77,24302.0,1234.0,79.94,6.05,3.09,5858.0,589.0,19.27,1.61,6.11,2149.0,614.0,7.07,1.98,17.37,12630.0,1149.0,41.54,2.98,5.53,1125.0,335.0,3.7,1.08,18.1,100.0,96.0,0.33,0.32,58.36,12696.0,1102.0,41.76,2.77,5.28,0.0,,0.0,,,1702.0,574.0,5.6,1.86,20.5,4558.0,1054.0,14.99,3.36,14.06,25844.0,1266.0,85.01,6.33,2.98,11231.0,969.0,36.94,2.42,5.24,1096.0,329.0,3.61,1.06,18.25,52.0,89.0,0.17,0.29,104.04,12657.0,1096.0,41.63,2.75,5.26,0.0,,0.0,,,267.0,220.0,0.88,0.72,50.09,541.0,185.0,1.78,0.6,20.79
11362,11362,11362,7093.0,505.0,100,,4.33,1599.0,337.0,22.54,4.47,12.81,3314.0,504.0,18.25,2.47,9.25,96.0,69.0,2.9,2.03,43.69,203.0,141.0,6.13,4.15,42.22,1253.0,288.0,37.81,6.52,13.97,652.0,201.0,19.67,5.28,18.74,1110.0,304.0,33.49,7.63,16.65,14414.0,921.0,79.39,7.47,3.88,561.0,254.0,3.89,1.74,27.52,458.0,212.0,3.18,1.46,28.14,2321.0,452.0,16.1,2.96,11.84,7525.0,733.0,52.21,3.84,5.92,15369.0,1022.0,84.65,8.12,4.04,517.0,185.0,3.36,1.18,21.75,18062.0,1253.0,99.48,0.65,4.22,2157.0,442.0,11.94,2.3,12.46,2784.0,486.0,15.33,2.46,10.61,83.0,75.0,2.98,2.64,54.93,10451.0,1083.0,57.56,4.45,6.3,611.0,243.0,5.85,2.24,24.18,4827.0,575.0,26.59,2.58,7.24,1463.0,373.0,30.31,6.83,15.5,18010.0,1207.0,99.2,9.55,4.07,16528.0,1150.0,91.77,1.72,4.23,1467.0,631.0,8.15,3.46,26.15,15.0,21.0,0.08,0.12,85.11,18156.0,1254.0,100,,4.2,10912.0,1017.0,60.1,3.76,5.67,10573.0,1008.0,58.23,3.83,5.8,339.0,192.0,1.87,1.05,34.43,7244.0,903.0,39.9,4.14,7.58,5943.0,803.0,82.04,4.28,8.21,1301.0,468.0,17.96,6.06,21.87,729.0,225.0,10.06,2.84,18.76,5529.0,813.0,76.33,5.95,8.94,117.0,91.0,1.62,1.24,47.28,0.0,,0.0,,,851.0,369.0,11.75,4.88,26.36,18.0,22.0,0.25,0.3,74.3,17625.0,1181.0,97.08,9.34,4.07,8322.0,936.0,47.22,4.27,6.84,3969.0,682.0,22.52,3.56,10.45,1115.0,356.0,6.33,1.97,19.41,6601.0,511.0,93.06,2.83,4.71,6507.0,537.0,91.74,3.83,5.02,15694.0,1097.0,86.44,0.93,4.25,9313.0,984.0,59.34,4.7,6.42,8833.0,977.0,56.28,4.82,6.72,477.0,154.0,3.04,0.96,19.63,3.0,5.0,0.02,0.03,101.32,6381.0,774.0,40.66,4.03,7.37,,,5.12,1.56,19.63,8662.0,963.0,47.71,4.16,6.76,4480.0,635.0,51.72,4.55,8.62,1243.0,519.0,14.35,5.78,25.38,1187.0,346.0,13.7,3.69,17.72,141.0,69.0,1.63,0.78,29.75,1514.0,445.0,17.48,4.76,17.87,8833.0,977.0,48.65,4.2,6.72,0.0,,0.0,,,643.0,377.0,7.28,4.19,35.64,323.0,160.0,3.66,1.77,30.11,233.0,116.0,2.64,1.28,30.26,1011.0,401.0,11.45,4.36,24.11,360.0,112.0,4.08,1.19,18.91,47.0,34.0,0.53,0.38,43.98,1108.0,348.0,12.54,3.69,19.09,1227.0,356.0,13.89,3.73,17.64,2274.0,475.0,25.74,4.56,12.7,631.0,349.0,7.14,3.87,33.62,375.0,189.0,4.25,2.09,30.64,601.0,207.0,6.8,2.22,20.94,228.0,170.0,3.21,2.39,45.33,38.0,38.0,0.54,0.53,60.79,177.0,106.0,2.5,1.48,36.41,201.0,112.0,2.83,1.57,33.87,749.0,239.0,10.56,3.28,19.4,832.0,196.0,11.73,2.63,14.32,640.0,253.0,9.02,3.51,24.03,1551.0,322.0,21.87,4.26,12.62,1287.0,374.0,18.14,5.11,17.67,1390.0,351.0,19.6,4.75,15.35,5225.0,519.0,73.66,5.1,6.04,3050.0,356.0,43.0,3.98,7.1,2537.0,394.0,35.77,4.94,9.44,237.0,119.0,3.34,1.66,30.52,157.0,121.0,2.21,1.7,46.85,469.0,130.0,6.61,1.77,16.85,17679.0,1236.0,97.88,0.85,4.25,13471.0,1349.0,74.58,5.39,6.09,7331.0,918.0,40.59,4.23,7.61,383.0,210.0,2.12,1.15,33.33,8739.0,920.0,48.13,3.82,6.4,9417.0,718.0,51.87,1.68,4.63,531.0,229.0,2.92,1.25,26.22,887.0,233.0,4.89,1.24,15.97,854.0,220.0,4.7,1.17,15.66,785.0,252.0,4.32,1.36,19.51,685.0,222.0,3.77,1.19,19.7,1878.0,504.0,10.34,2.68,16.31,2135.0,368.0,11.76,1.86,10.48,2666.0,651.0,14.68,3.44,14.84,1591.0,382.0,8.76,2.02,14.6,1226.0,429.0,6.75,2.32,21.27,2852.0,422.0,15.71,2.06,8.99,1407.0,336.0,7.75,1.77,14.52,659.0,201.0,3.63,1.08,18.54,2784.0,486.0,15.33,2.46,10.61,15372.0,1022.0,84.67,8.12,4.04,4918.0,575.0,27.09,2.56,7.11,916.0,369.0,5.05,2.0,24.49,7235.0,871.0,39.85,3.93,7.32,687.0,470.0,3.78,2.58,41.59,0.0,,0.0,,,8798.0,1072.0,48.46,4.86,7.41,0.0,,0.0,,,520.0,251.0,2.86,1.37,29.34,1723.0,595.0,9.49,3.21,20.99,16433.0,1140.0,90.51,0.59,4.22,6743.0,739.0,37.14,3.16,6.66,521.0,360.0,2.87,1.97,42.0,0.0,,0.0,,,8798.0,1072.0,48.46,4.86,7.41,0.0,,0.0,,,91.0,107.0,0.5,0.59,71.48,280.0,205.0,1.54,1.12,44.51
11416,11416,11416,7501.0,490.0,100,,3.97,2588.0,295.0,34.5,3.22,6.93,6323.0,634.0,23.72,1.84,6.1,430.0,192.0,6.8,2.96,27.14,226.0,113.0,3.57,1.75,30.4,2338.0,370.0,36.98,4.53,9.62,1422.0,263.0,22.49,3.5,11.24,1907.0,318.0,30.16,4.02,10.14,18547.0,1317.0,69.57,2.18,4.32,2384.0,438.0,12.85,2.18,11.17,1633.0,275.0,8.8,1.34,10.24,5550.0,615.0,29.92,2.55,6.74,4594.0,676.0,24.77,3.19,8.95,20953.0,1381.0,78.59,1.33,4.01,399.0,199.0,1.9,0.94,30.32,26643.0,1697.0,99.94,0.06,3.87,2436.0,383.0,9.14,1.31,9.56,5697.0,653.0,21.37,2.04,6.97,117.0,54.0,2.05,0.92,28.06,17274.0,1121.0,64.79,0.81,3.94,1150.0,268.0,6.66,1.49,14.17,3672.0,561.0,13.77,1.91,9.29,1169.0,305.0,31.84,6.73,15.86,26375.0,1676.0,98.93,8.9,3.86,24728.0,1683.0,93.76,2.29,4.14,1357.0,358.0,5.15,1.32,16.04,290.0,103.0,1.1,0.38,21.59,26660.0,1698.0,100,,3.87,12290.0,927.0,46.1,1.86,4.59,11294.0,980.0,42.36,2.5,5.27,996.0,223.0,3.74,0.8,13.61,14370.0,1303.0,53.9,3.48,5.51,9295.0,1027.0,64.68,4.08,6.72,5075.0,599.0,35.32,2.67,7.18,789.0,382.0,5.49,2.61,29.43,4937.0,815.0,34.36,4.74,10.04,128.0,91.0,0.89,0.63,43.22,53.0,82.0,0.37,0.57,94.05,8441.0,970.0,58.74,4.15,6.99,22.0,17.0,0.15,0.12,46.97,25034.0,1600.0,93.9,0.5,3.89,8721.0,1032.0,34.84,3.47,7.19,7439.0,893.0,29.72,3.02,7.3,9204.0,1126.0,36.77,3.84,7.44,7136.0,463.0,95.13,8.76,3.94,6897.0,461.0,91.95,1.3,4.06,21609.0,1402.0,81.05,1.0,3.94,13440.0,1007.0,62.2,2.33,4.55,12466.0,977.0,57.69,2.54,4.76,974.0,239.0,4.51,1.07,14.92,0.0,,0.0,,,8169.0,712.0,37.8,2.2,5.3,,,7.25,1.69,14.92,12174.0,979.0,45.66,2.24,4.89,3777.0,544.0,31.03,3.71,8.76,789.0,214.0,6.48,1.68,16.49,5085.0,595.0,41.77,3.55,7.11,722.0,222.0,5.93,1.76,18.69,1467.0,366.0,12.05,2.85,15.17,12466.0,977.0,46.76,2.14,4.76,0.0,,0.0,,,693.0,186.0,5.56,1.43,16.32,469.0,145.0,3.76,1.13,18.79,255.0,101.0,2.05,0.79,24.08,1518.0,299.0,12.18,2.2,11.97,1323.0,267.0,10.61,1.97,12.27,146.0,62.0,1.17,0.49,25.82,1164.0,474.0,9.34,3.73,24.75,1600.0,342.0,12.83,2.55,12.99,3344.0,419.0,26.82,2.62,7.62,855.0,229.0,6.86,1.76,16.28,677.0,198.0,5.43,1.53,17.78,422.0,126.0,3.39,0.98,18.15,292.0,111.0,3.89,1.46,23.11,179.0,84.0,2.39,1.11,28.53,351.0,138.0,4.68,1.81,23.9,568.0,164.0,7.57,2.13,17.55,780.0,241.0,10.4,3.14,18.78,1133.0,326.0,15.1,4.23,17.49,1024.0,222.0,13.65,2.82,13.18,1319.0,261.0,17.58,3.28,12.03,889.0,198.0,11.85,2.52,13.54,966.0,221.0,12.88,2.82,13.91,6551.0,452.0,87.34,1.94,4.19,2149.0,403.0,28.65,5.04,11.4,1362.0,333.0,18.16,4.28,14.86,543.0,142.0,7.24,1.83,15.9,330.0,112.0,4.4,1.47,20.63,1386.0,202.0,18.48,2.41,8.86,23935.0,1576.0,89.84,1.5,4.0,14711.0,1220.0,55.22,2.93,5.04,11777.0,1226.0,44.2,3.64,6.33,2708.0,559.0,10.16,2.0,12.55,13555.0,1057.0,50.84,2.29,4.74,13105.0,936.0,49.16,1.59,4.34,1626.0,348.0,6.1,1.25,13.01,1493.0,258.0,5.6,0.9,10.5,1532.0,243.0,5.75,0.83,9.64,1737.0,323.0,6.52,1.14,11.3,1725.0,289.0,6.47,1.0,10.18,4069.0,647.0,15.26,2.22,9.67,3221.0,443.0,12.08,1.47,8.36,3834.0,418.0,14.38,1.27,6.63,2029.0,339.0,7.61,1.18,10.16,1722.0,270.0,6.46,0.93,9.53,2550.0,430.0,9.56,1.49,10.25,626.0,145.0,2.35,0.52,14.08,496.0,254.0,1.86,0.95,31.13,5707.0,652.0,21.41,2.03,6.95,20953.0,1381.0,78.59,1.33,4.01,3672.0,561.0,13.77,1.91,9.29,4562.0,1028.0,17.11,3.7,13.7,4601.0,671.0,17.26,2.26,8.87,1361.0,432.0,5.11,1.59,19.3,153.0,107.0,0.57,0.4,42.51,8715.0,1264.0,32.69,4.26,8.82,30.0,42.0,0.11,0.16,85.11,7238.0,1064.0,27.15,3.6,8.94,11535.0,1306.0,43.27,4.05,6.88,15125.0,1480.0,56.73,4.21,5.95,3165.0,642.0,11.87,2.29,12.33,1028.0,386.0,3.86,1.43,22.83,2.0,9.0,0.01,0.03,273.56,8715.0,1264.0,32.69,4.26,8.82,0.0,,0.0,,,979.0,423.0,3.67,1.57,26.27,1236.0,440.0,4.64,1.62,21.64
11363,11363,11363,2890.0,281.0,100,,5.91,764.0,217.0,26.44,7.05,17.27,1741.0,404.0,23.17,4.62,14.11,170.0,92.0,9.76,4.77,32.9,143.0,90.0,8.21,4.81,38.26,659.0,225.0,37.85,9.48,20.76,375.0,172.0,21.54,8.52,27.88,394.0,128.0,22.63,5.15,19.75,5690.0,705.0,75.72,2.79,7.53,280.0,334.0,4.92,5.84,72.51,220.0,156.0,3.87,2.7,43.11,528.0,184.0,9.28,3.02,21.18,3123.0,355.0,54.89,9.23,6.91,5990.0,708.0,79.71,13.33,7.19,231.0,122.0,3.86,1.99,32.11,7515.0,889.0,100.0,0.0,7.19,778.0,285.0,10.35,3.59,22.27,1525.0,380.0,20.29,4.45,15.15,20.0,25.0,1.31,1.61,75.99,4059.0,500.0,54.01,1.86,7.49,282.0,154.0,6.95,3.7,33.2,1931.0,520.0,25.7,6.22,16.37,476.0,197.0,24.65,7.75,25.16,7488.0,887.0,99.64,0.61,7.2,7084.0,833.0,94.6,15.79,7.15,292.0,108.0,3.9,1.37,22.48,112.0,140.0,1.5,1.86,75.99,7515.0,889.0,100,,7.19,5326.0,612.0,70.87,11.69,6.99,5221.0,611.0,69.47,11.56,7.11,105.0,95.0,1.4,1.25,55.0,2189.0,499.0,29.13,5.68,13.86,1484.0,354.0,67.79,4.76,14.5,705.0,241.0,32.21,8.2,20.78,436.0,281.0,19.92,12.01,39.18,1227.0,263.0,56.05,17.54,13.03,7.0,11.0,0.32,0.5,95.53,0.0,,0.0,,,519.0,354.0,23.71,15.24,41.46,0.0,,0.0,,,7218.0,859.0,96.05,1.25,7.23,4057.0,607.0,56.21,5.1,9.1,1382.0,467.0,19.15,6.06,20.54,739.0,481.0,10.24,6.55,39.57,2741.0,297.0,94.84,4.54,6.59,2740.0,301.0,94.81,4.85,6.68,6145.0,712.0,81.77,13.54,7.04,3623.0,488.0,58.96,4.05,8.19,3450.0,468.0,56.14,3.96,8.25,173.0,92.0,2.82,1.46,32.33,0.0,,0.0,,,2522.0,584.0,41.04,8.23,14.08,,,4.78,2.46,32.33,3403.0,456.0,45.28,2.85,8.15,1498.0,311.0,44.02,6.98,12.62,339.0,187.0,9.96,5.33,33.53,752.0,189.0,22.1,4.7,15.28,82.0,41.0,2.41,1.16,30.4,712.0,200.0,20.92,5.17,17.08,3450.0,468.0,45.91,3.05,8.25,0.0,,0.0,,,131.0,77.0,3.8,2.17,35.73,87.0,50.0,2.52,1.41,34.94,45.0,59.0,1.3,1.7,79.7,234.0,74.0,6.78,1.94,19.22,217.0,94.0,6.29,2.59,26.33,68.0,32.0,1.97,0.89,28.61,273.0,93.0,7.91,2.47,20.71,640.0,219.0,18.55,5.83,20.8,1216.0,247.0,35.25,5.33,12.35,294.0,193.0,8.52,5.47,39.91,95.0,51.0,2.75,1.43,32.63,150.0,79.0,4.35,2.21,32.02,139.0,95.0,4.81,3.25,41.55,25.0,29.0,0.87,1.0,70.52,127.0,75.0,4.39,2.56,35.9,134.0,91.0,4.64,3.12,41.28,255.0,105.0,8.82,3.53,25.03,231.0,83.0,7.99,2.76,21.84,434.0,203.0,15.02,6.87,28.43,482.0,144.0,16.68,4.71,18.16,372.0,157.0,12.87,5.29,25.66,691.0,138.0,23.91,4.17,12.14,2315.0,288.0,80.1,6.22,7.56,1128.0,239.0,39.03,7.35,12.88,864.0,196.0,29.9,6.13,13.79,116.0,68.0,4.01,2.32,35.64,87.0,71.0,3.01,2.44,49.61,174.0,83.0,6.02,2.81,29.0,7061.0,820.0,93.96,15.58,7.06,5543.0,735.0,73.76,4.42,8.06,2904.0,642.0,38.64,7.22,13.44,454.0,229.0,6.04,2.96,30.66,3558.0,476.0,47.35,2.96,8.13,3957.0,505.0,52.65,2.52,7.76,297.0,151.0,3.95,1.95,30.91,522.0,255.0,6.95,3.29,29.7,437.0,190.0,5.82,2.43,26.43,321.0,136.0,4.27,1.74,25.76,248.0,98.0,3.3,1.24,24.02,807.0,203.0,10.74,2.38,15.29,777.0,276.0,10.34,3.46,21.59,1015.0,313.0,13.51,3.85,18.75,507.0,167.0,6.75,2.07,20.02,653.0,159.0,8.69,1.85,14.8,1078.0,452.0,14.34,5.77,25.49,672.0,199.0,8.94,2.43,18.0,181.0,97.0,2.41,1.26,32.58,1525.0,380.0,20.29,4.45,15.15,5990.0,708.0,79.71,13.33,7.19,1931.0,520.0,25.7,6.22,16.37,869.0,489.0,11.56,6.36,34.21,4266.0,629.0,56.77,5.0,8.96,40.0,39.0,0.53,0.52,59.27,82.0,83.0,1.09,1.1,61.53,2175.0,481.0,28.94,5.41,13.44,0.0,,0.0,,,83.0,68.0,1.1,0.9,49.8,925.0,487.0,12.31,6.31,32.01,6590.0,735.0,87.69,14.26,6.78,4053.0,636.0,53.93,5.56,9.54,20.0,23.0,0.27,0.3,69.91,82.0,83.0,1.09,1.1,61.53,2175.0,481.0,28.94,5.41,13.44,0.0,,0.0,,,9.0,15.0,0.12,0.2,101.32,251.0,133.0,3.34,1.73,32.21
11364,11364,11364,13753.0,686.0,100,,3.03,4113.0,585.0,29.91,3.98,8.65,8015.0,1007.0,22.01,2.37,7.64,722.0,258.0,9.01,3.01,21.72,418.0,183.0,5.22,2.19,26.61,3440.0,712.0,42.92,7.06,12.58,1285.0,328.0,16.03,3.56,15.52,2150.0,384.0,26.82,3.41,10.86,27005.0,1543.0,74.15,6.39,3.47,2741.0,552.0,10.15,1.96,12.24,1109.0,239.0,4.11,0.85,13.1,5094.0,622.0,18.86,2.04,7.42,13148.0,1205.0,48.69,3.49,5.57,28999.0,1731.0,79.63,7.0,3.63,810.0,303.0,2.79,1.03,22.74,36411.0,2351.0,99.98,0.12,3.93,3585.0,554.0,9.85,1.38,9.39,7417.0,1085.0,20.37,2.67,8.89,182.0,91.0,2.45,1.17,30.4,21134.0,1426.0,58.03,1.14,4.1,1317.0,292.0,6.23,1.32,13.48,7860.0,920.0,21.58,2.11,7.12,2086.0,464.0,26.54,5.02,13.52,35968.0,2301.0,98.77,8.98,3.89,33546.0,2197.0,93.27,1.31,3.98,2242.0,559.0,6.23,1.5,15.16,180.0,89.0,0.5,0.25,30.06,36417.0,2351.0,100,,3.92,20257.0,1563.0,55.63,2.35,4.69,19411.0,1525.0,53.3,2.39,4.78,846.0,416.0,2.32,1.13,29.89,16160.0,1537.0,44.37,3.1,5.78,11419.0,1199.0,70.66,3.14,6.38,4741.0,794.0,29.34,4.04,10.18,1441.0,402.0,8.92,2.34,16.96,12541.0,1247.0,77.61,2.25,6.04,258.0,187.0,1.6,1.15,44.06,19.0,25.0,0.12,0.15,79.99,1879.0,593.0,11.63,3.5,19.19,22.0,23.0,0.14,0.14,63.55,34376.0,2198.0,94.4,8.58,3.89,13934.0,1365.0,40.53,3.01,5.96,10641.0,1117.0,30.95,2.58,6.38,3086.0,746.0,8.98,2.09,14.7,13055.0,710.0,94.92,2.06,3.31,12582.0,714.0,91.49,2.48,3.45,29752.0,1901.0,81.7,7.42,3.88,18240.0,1236.0,61.31,1.38,4.12,17331.0,1250.0,58.25,1.95,4.38,908.0,232.0,3.05,0.76,15.53,1.0,,0.0,,,11512.0,1315.0,38.69,3.66,6.94,,,4.98,1.23,15.53,16892.0,1225.0,46.38,1.53,4.41,8580.0,831.0,50.79,3.26,5.89,1897.0,406.0,11.23,2.26,13.01,3626.0,588.0,21.47,3.11,9.86,442.0,131.0,2.62,0.75,18.02,2120.0,393.0,12.55,2.14,11.27,17331.0,1250.0,47.59,1.53,4.38,0.0,,0.0,,,712.0,287.0,4.11,1.63,24.5,542.0,192.0,3.13,1.08,21.53,427.0,158.0,2.46,0.89,22.49,1601.0,357.0,9.24,1.95,13.56,1144.0,265.0,6.6,1.45,14.08,420.0,214.0,2.42,1.22,30.97,1843.0,369.0,10.63,1.99,12.17,2281.0,434.0,13.16,2.32,11.57,5276.0,558.0,30.44,2.35,6.43,1278.0,351.0,7.37,1.95,16.7,1144.0,427.0,6.6,2.42,22.69,663.0,206.0,3.83,1.16,18.89,678.0,192.0,4.93,1.37,17.21,150.0,73.0,1.09,0.53,29.58,799.0,198.0,5.81,1.41,15.06,813.0,216.0,5.91,1.54,16.15,892.0,192.0,6.49,1.36,13.08,1835.0,376.0,13.34,2.65,12.46,1644.0,386.0,11.95,2.74,14.27,2890.0,467.0,21.01,3.23,9.82,1626.0,344.0,11.82,2.43,12.86,2426.0,366.0,17.64,2.51,9.17,10672.0,653.0,77.6,2.75,3.72,4419.0,426.0,32.13,2.65,5.86,3778.0,465.0,27.47,3.09,7.48,647.0,150.0,4.7,1.07,14.09,409.0,118.0,2.97,0.85,17.54,955.0,227.0,6.94,1.61,14.45,34638.0,2267.0,95.13,1.02,3.98,24265.0,1770.0,66.64,2.26,4.43,14976.0,1459.0,41.13,3.0,5.92,1773.0,571.0,4.87,1.54,19.58,17552.0,1241.0,48.2,1.39,4.3,18865.0,1428.0,51.8,2.05,4.6,2041.0,498.0,5.6,1.32,14.83,2213.0,400.0,6.08,1.03,10.99,2114.0,641.0,5.8,1.72,18.43,1368.0,341.0,3.76,0.9,15.15,1676.0,379.0,4.6,1.0,13.75,3587.0,468.0,9.85,1.12,7.93,4603.0,591.0,12.64,1.4,7.81,4848.0,776.0,13.31,1.95,9.73,3163.0,475.0,8.69,1.18,9.13,2939.0,470.0,8.07,1.18,9.72,4843.0,809.0,13.3,2.05,10.15,2067.0,390.0,5.68,1.01,11.47,955.0,262.0,2.62,0.7,16.68,7417.0,1085.0,20.37,2.67,8.89,29000.0,1731.0,79.63,7.0,3.63,7865.0,920.0,21.6,2.11,7.11,2717.0,840.0,7.46,2.26,18.79,11649.0,1166.0,31.99,2.45,6.08,946.0,510.0,2.6,1.39,32.77,360.0,272.0,0.99,0.74,45.93,18456.0,1643.0,50.68,3.11,5.41,0.0,,0.0,,,2289.0,801.0,6.29,2.16,21.27,5525.0,1209.0,15.17,3.17,13.3,30892.0,2041.0,84.83,1.19,4.02,10717.0,1136.0,29.43,2.47,6.44,678.0,366.0,1.86,1.0,32.82,169.0,134.0,0.46,0.37,48.2,18291.0,1632.0,50.23,3.09,5.42,0.0,,0.0,,,138.0,68.0,0.38,0.19,29.95,899.0,426.0,2.47,1.16,28.81
11373,11373,11373,32373.0,1168.0,100,,2.19,10670.0,778.0,32.96,2.09,4.43,21740.0,1435.0,21.86,1.2,4.01,1077.0,343.0,4.95,1.54,19.36,779.0,226.0,3.58,1.01,17.64,9176.0,897.0,42.21,3.04,5.94,5031.0,601.0,23.14,2.3,7.26,5677.0,649.0,26.11,2.44,6.95,71522.0,2648.0,71.93,0.31,2.25,11709.0,1133.0,16.37,1.46,5.88,6260.0,798.0,8.75,1.07,7.75,19763.0,1531.0,27.63,1.88,4.71,21185.0,1548.0,29.62,1.87,4.44,78786.0,2846.0,79.24,4.08,2.2,651.0,219.0,0.83,0.28,20.45,99157.0,3656.0,99.72,0.27,2.24,7975.0,848.0,8.04,0.8,6.46,20635.0,1493.0,20.75,1.29,4.4,798.0,239.0,3.87,1.12,18.21,65219.0,2768.0,65.59,1.39,2.58,3010.0,550.0,4.62,0.82,11.11,13303.0,1161.0,13.38,1.06,5.31,4167.0,726.0,31.32,4.72,10.59,98555.0,3638.0,99.12,0.32,2.24,92213.0,3704.0,93.57,1.48,2.44,5177.0,849.0,5.25,0.84,9.97,1165.0,359.0,1.18,0.36,18.73,99433.0,3656.0,100,,2.24,34107.0,2281.0,34.3,1.92,4.07,32268.0,2190.0,32.45,1.85,4.13,1839.0,442.0,1.85,0.44,14.61,65326.0,2634.0,65.7,1.09,2.45,29656.0,1802.0,45.4,2.06,3.69,35670.0,2027.0,54.6,2.19,3.45,1408.0,340.0,2.16,0.51,14.68,35760.0,2134.0,54.74,2.41,3.63,476.0,233.0,0.73,0.36,29.76,23.0,30.0,0.04,0.05,79.29,27600.0,1854.0,42.25,2.27,4.08,59.0,56.0,0.09,0.09,57.7,94466.0,3586.0,95.0,0.9,2.31,13075.0,1285.0,13.84,1.25,5.97,44323.0,1995.0,46.92,1.13,2.74,37810.0,2575.0,40.02,2.26,4.14,31376.0,1158.0,96.92,0.75,2.24,29229.0,1099.0,90.29,0.96,2.29,81426.0,2996.0,81.89,0.11,2.24,54290.0,2253.0,66.67,1.28,2.52,51310.0,2148.0,63.01,1.26,2.54,2980.0,610.0,3.66,0.74,12.44,0.0,,0.0,,,27136.0,1578.0,33.33,1.5,3.54,,,5.49,1.1,12.44,50043.0,2154.0,50.33,1.13,2.62,8237.0,840.0,16.46,1.52,6.2,2514.0,599.0,5.02,1.18,14.48,30971.0,1823.0,61.89,2.48,3.58,3667.0,596.0,7.33,1.15,9.88,3635.0,649.0,7.26,1.26,10.85,51310.0,2148.0,51.6,1.03,2.54,99.0,86.0,0.19,0.17,52.81,4754.0,667.0,9.27,1.24,8.53,1513.0,312.0,2.95,0.6,12.54,756.0,186.0,1.47,0.36,14.96,4970.0,632.0,9.69,1.16,7.73,4483.0,561.0,8.74,1.03,7.61,626.0,141.0,1.22,0.27,13.69,3397.0,541.0,6.62,1.02,9.68,5135.0,622.0,10.01,1.14,7.36,9502.0,997.0,18.52,1.78,6.38,10617.0,1219.0,20.69,2.21,6.98,4304.0,587.0,8.39,1.09,8.29,1154.0,298.0,2.25,0.57,15.7,1135.0,342.0,3.51,1.05,18.32,1179.0,340.0,3.64,1.04,17.53,2524.0,537.0,7.8,1.63,12.93,2038.0,515.0,6.3,1.57,15.36,3869.0,537.0,11.95,1.6,8.44,6419.0,706.0,19.83,2.06,6.69,5315.0,574.0,16.42,1.67,6.57,5254.0,544.0,16.23,1.58,6.29,2052.0,305.0,6.34,0.91,9.04,2588.0,411.0,7.99,1.24,9.65,27181.0,988.0,83.96,0.37,2.21,7932.0,910.0,24.5,2.67,6.97,3292.0,465.0,10.17,1.39,8.59,1612.0,232.0,4.98,0.69,8.75,961.0,249.0,2.97,0.76,15.75,6844.0,680.0,21.14,1.96,6.04,83320.0,3215.0,84.03,0.96,2.35,36391.0,2149.0,36.7,1.69,3.59,54064.0,2827.0,54.52,2.02,3.18,15837.0,1667.0,15.97,1.57,6.4,49931.0,2122.0,50.22,1.07,2.58,49502.0,2049.0,49.78,0.95,2.52,4967.0,748.0,5.0,0.73,9.15,5658.0,825.0,5.69,0.8,8.86,6328.0,691.0,6.36,0.65,6.64,5794.0,670.0,5.83,0.64,7.03,5164.0,653.0,5.19,0.63,7.69,16043.0,1325.0,16.13,1.19,5.02,15841.0,1288.0,15.93,1.16,4.94,13667.0,1068.0,13.74,0.95,4.75,6895.0,730.0,6.93,0.69,6.44,5584.0,783.0,5.62,0.76,8.52,8127.0,999.0,8.17,0.96,7.47,4108.0,539.0,4.13,0.52,7.98,1257.0,282.0,1.26,0.28,13.64,20647.0,1492.0,20.76,1.29,4.39,78786.0,2846.0,79.24,4.08,2.2,13492.0,1168.0,13.57,1.06,5.26,7856.0,1073.0,7.9,1.04,8.3,9152.0,1279.0,9.2,1.24,8.5,1765.0,447.0,1.78,0.44,15.4,693.0,329.0,0.7,0.33,28.86,47837.0,2809.0,48.11,2.2,3.57,49.0,87.0,0.05,0.09,107.93,32081.0,2570.0,32.26,2.3,4.87,43153.0,2773.0,43.4,2.29,3.91,56280.0,3051.0,56.6,2.25,3.3,4854.0,628.0,4.88,0.61,7.86,1507.0,443.0,1.52,0.44,17.87,138.0,121.0,0.14,0.12,53.3,47737.0,2812.0,48.01,2.21,3.58,49.0,87.0,0.05,0.09,107.93,405.0,214.0,0.41,0.21,32.12,1590.0,593.0,1.6,0.59,22.67
11365,11365,11365,16024.0,959.0,100,,3.64,4800.0,720.0,29.96,4.12,9.12,9291.0,1178.0,21.48,2.29,7.71,532.0,187.0,5.73,1.88,21.37,344.0,169.0,3.7,1.76,29.86,4010.0,730.0,43.16,5.64,11.07,2148.0,476.0,23.12,4.2,13.47,2257.0,447.0,24.29,3.7,12.04,31784.0,2066.0,73.48,6.95,3.95,3371.0,645.0,10.61,1.91,11.63,1847.0,535.0,5.81,1.64,17.61,6913.0,946.0,21.75,2.62,8.32,12330.0,1213.0,38.79,2.86,5.98,34468.0,2197.0,79.68,7.47,3.87,878.0,254.0,2.55,0.72,17.59,43258.0,2972.0,100.0,0.0,4.18,4608.0,702.0,10.65,1.45,9.26,8790.0,1225.0,20.32,2.46,8.47,161.0,111.0,1.83,1.24,41.91,26314.0,2025.0,60.83,2.11,4.68,2094.0,614.0,7.96,2.25,17.82,8154.0,961.0,18.85,1.81,7.16,2353.0,426.0,28.86,3.97,11.01,42825.0,2859.0,99.0,9.48,4.06,39690.0,2853.0,92.68,2.47,4.37,2756.0,1008.0,6.44,2.31,22.23,379.0,163.0,0.88,0.38,26.14,43258.0,2972.0,100,,4.18,23476.0,1971.0,54.27,2.62,5.1,22194.0,1883.0,51.31,2.55,5.16,1282.0,403.0,2.96,0.91,19.11,19782.0,2087.0,45.73,3.66,6.41,13200.0,1677.0,66.73,4.72,7.72,6582.0,1038.0,33.27,3.9,9.59,1424.0,338.0,7.2,1.53,14.43,13632.0,1534.0,68.91,2.7,6.84,326.0,191.0,1.65,0.95,35.62,0.0,,0.0,,,4367.0,1383.0,22.08,6.59,19.25,33.0,41.0,0.17,0.21,75.53,40885.0,2554.0,94.51,8.78,3.8,16845.0,1575.0,41.2,2.87,5.68,12819.0,1661.0,31.35,3.56,7.88,5317.0,1466.0,13.0,3.49,16.76,15375.0,918.0,95.95,8.11,3.63,15021.0,949.0,93.74,1.9,3.84,35345.0,2171.0,81.71,7.53,3.73,21774.0,1460.0,61.6,1.66,4.08,20440.0,1468.0,57.83,2.15,4.37,1334.0,318.0,3.77,0.87,14.49,0.0,,0.0,,,13571.0,1480.0,38.4,3.46,6.63,,,6.13,1.4,14.49,19394.0,1237.0,44.83,4.2,3.88,8566.0,967.0,44.17,4.11,6.86,2246.0,506.0,11.58,2.5,13.7,4697.0,582.0,24.22,2.57,7.53,839.0,273.0,4.33,1.38,19.78,2331.0,540.0,12.02,2.68,14.08,20440.0,1468.0,47.25,0.99,4.37,0.0,,0.0,,,1705.0,433.0,8.34,2.03,15.44,1197.0,368.0,5.86,1.75,18.69,476.0,166.0,2.33,0.79,21.2,2208.0,442.0,10.8,2.02,12.17,1395.0,426.0,6.82,2.03,18.56,358.0,146.0,1.75,0.7,24.79,2101.0,425.0,10.28,1.94,12.3,1888.0,345.0,9.24,1.55,11.11,5828.0,814.0,28.51,3.42,8.49,986.0,238.0,4.82,1.11,14.67,1493.0,469.0,7.3,2.23,19.1,805.0,282.0,3.94,1.35,21.3,939.0,318.0,5.86,1.95,20.59,228.0,141.0,1.42,0.88,37.59,1157.0,552.0,7.22,3.42,29.0,971.0,282.0,6.06,1.72,17.65,1405.0,305.0,8.77,1.83,13.2,2733.0,556.0,17.06,3.32,12.37,1913.0,506.0,11.94,3.08,16.08,3064.0,539.0,19.12,3.16,10.69,1685.0,359.0,10.52,2.15,12.95,1929.0,332.0,12.04,1.94,10.46,12878.0,891.0,80.37,2.79,4.21,4719.0,678.0,29.45,3.85,8.73,3648.0,651.0,22.77,3.83,10.85,859.0,239.0,5.36,1.46,16.91,457.0,290.0,2.85,1.8,38.58,2125.0,424.0,13.26,2.52,12.13,41118.0,2821.0,95.05,9.23,4.17,28397.0,2338.0,65.65,2.98,5.01,17958.0,1938.0,41.51,3.45,6.56,2140.0,559.0,4.95,1.25,15.88,20808.0,1427.0,48.1,4.67,4.17,22450.0,1889.0,51.9,2.52,5.12,2373.0,713.0,5.49,1.6,18.27,2015.0,327.0,4.66,0.68,9.87,3052.0,813.0,7.06,1.82,16.19,2144.0,423.0,4.96,0.92,11.99,1890.0,417.0,4.37,0.92,13.41,5043.0,753.0,11.66,1.55,9.08,5625.0,913.0,13.0,1.91,9.87,5462.0,732.0,12.63,1.45,8.15,4108.0,873.0,9.5,1.91,12.92,3392.0,690.0,7.84,1.5,12.37,4640.0,612.0,10.73,1.21,8.02,2681.0,557.0,6.2,1.22,12.63,833.0,223.0,1.93,0.5,16.27,8790.0,1225.0,20.32,2.46,8.47,34468.0,2197.0,79.68,7.47,3.87,8154.0,961.0,18.85,1.81,7.16,4873.0,1630.0,11.26,3.69,20.33,10702.0,1255.0,24.74,2.35,7.13,4947.0,1130.0,11.44,2.49,13.89,151.0,174.0,0.35,0.4,70.05,18762.0,1911.0,43.37,3.26,6.19,0.0,,0.0,,,3823.0,1348.0,8.84,3.06,21.43,8878.0,2079.0,20.52,4.59,14.24,34380.0,2133.0,79.48,7.36,3.77,9743.0,1194.0,22.52,2.29,7.45,4687.0,1105.0,10.83,2.44,14.33,134.0,160.0,0.31,0.37,72.59,18762.0,1911.0,43.37,3.26,6.19,0.0,,0.0,,,173.0,182.0,0.4,0.42,63.95,881.0,364.0,2.04,0.83,25.12
11366,11366,11366,4518.0,423.0,100,,5.69,1081.0,193.0,23.93,3.64,10.85,3200.0,469.0,24.68,2.78,8.91,275.0,114.0,8.59,3.33,25.2,125.0,68.0,3.91,2.05,33.07,1007.0,223.0,31.47,5.22,13.46,496.0,130.0,15.5,3.37,15.93,1297.0,356.0,40.53,9.41,16.69,9657.0,875.0,74.47,9.71,5.51,747.0,229.0,7.74,2.27,18.64,671.0,189.0,6.95,1.85,17.12,1642.0,257.0,17.0,2.17,9.51,5018.0,668.0,51.96,5.07,8.09,10599.0,1034.0,81.74,2.22,5.93,287.0,141.0,2.71,1.3,29.87,12847.0,1215.0,99.07,1.27,5.75,1397.0,278.0,10.87,1.9,12.1,2365.0,376.0,18.24,2.34,9.66,72.0,70.0,3.04,2.92,59.1,7893.0,1034.0,60.87,5.57,7.96,471.0,206.0,5.97,2.49,26.59,2589.0,269.0,19.97,0.9,6.32,854.0,171.0,32.99,5.65,12.17,12883.0,1195.0,99.35,13.1,5.64,12077.0,1177.0,93.74,2.8,5.92,715.0,197.0,5.55,1.44,16.75,91.0,71.0,0.71,0.55,47.43,12967.0,1215.0,100,,5.7,6757.0,764.0,52.11,3.3,6.87,6546.0,760.0,50.48,3.46,7.06,211.0,105.0,1.63,0.8,30.25,6210.0,752.0,47.89,3.67,7.36,4479.0,624.0,72.13,4.97,8.47,1731.0,440.0,27.87,6.23,15.45,366.0,161.0,5.89,2.49,26.74,4459.0,650.0,71.8,5.83,8.86,205.0,144.0,3.3,2.28,42.7,0.0,,0.0,,,1170.0,361.0,18.84,5.35,18.76,10.0,17.0,0.16,0.27,103.34,12201.0,1154.0,94.09,1.21,5.75,3849.0,531.0,31.55,3.17,8.39,3766.0,586.0,30.87,3.81,9.46,1655.0,390.0,13.56,2.93,14.33,4350.0,433.0,96.28,3.25,6.05,4247.0,434.0,94.0,3.85,6.21,10929.0,1053.0,84.28,1.89,5.86,6743.0,949.0,61.7,6.33,8.56,6420.0,907.0,58.74,6.07,8.59,323.0,127.0,2.96,1.13,23.9,0.0,,0.0,,,4186.0,395.0,38.3,5.17,5.74,,,4.79,1.76,23.9,6231.0,905.0,48.05,5.33,8.83,2072.0,351.0,33.25,2.9,10.3,409.0,168.0,6.56,2.52,24.97,2136.0,460.0,34.28,5.45,13.09,219.0,87.0,3.51,1.3,24.15,1189.0,493.0,19.08,7.41,25.21,6420.0,907.0,49.51,5.23,8.59,0.0,,0.0,,,289.0,105.0,4.5,1.51,22.09,459.0,228.0,7.15,3.4,30.2,250.0,118.0,3.89,1.75,28.69,645.0,239.0,10.05,3.44,22.53,271.0,106.0,4.22,1.54,23.78,244.0,149.0,3.8,2.26,37.12,663.0,180.0,10.33,2.39,16.5,864.0,351.0,13.46,5.13,24.7,1824.0,494.0,28.41,6.56,16.46,410.0,180.0,6.39,2.65,26.69,238.0,89.0,3.71,1.28,22.73,263.0,136.0,4.1,2.04,31.44,282.0,137.0,6.24,2.98,29.53,32.0,29.0,0.71,0.64,55.09,91.0,64.0,2.01,1.4,42.75,216.0,70.0,4.78,1.48,19.7,295.0,105.0,6.53,2.24,21.64,436.0,149.0,9.65,3.17,20.77,622.0,171.0,13.77,3.56,16.71,1008.0,349.0,22.31,7.44,21.05,713.0,242.0,15.78,5.15,20.63,823.0,143.0,18.22,2.67,10.56,3556.0,424.0,78.71,5.81,7.25,1881.0,376.0,41.63,7.35,12.15,1464.0,224.0,32.4,3.92,9.3,160.0,77.0,3.54,1.67,29.26,187.0,72.0,4.14,1.55,23.41,406.0,120.0,8.99,2.52,17.97,11985.0,1141.0,93.29,1.02,5.79,9019.0,1032.0,70.2,4.52,6.96,4801.0,510.0,37.37,1.81,6.46,862.0,323.0,6.71,2.43,22.78,6641.0,789.0,51.21,3.74,7.22,6326.0,627.0,48.79,1.58,6.03,766.0,228.0,5.91,1.67,18.09,651.0,149.0,5.02,1.05,13.91,570.0,198.0,4.4,1.47,21.12,507.0,140.0,3.91,1.02,16.79,816.0,334.0,6.29,2.51,24.88,1756.0,425.0,13.54,3.02,14.71,1776.0,448.0,13.7,3.21,15.33,1299.0,297.0,10.02,2.09,13.9,1229.0,368.0,9.48,2.7,18.2,926.0,294.0,7.14,2.17,19.3,1521.0,226.0,11.73,1.35,9.03,815.0,166.0,6.29,1.14,12.38,335.0,126.0,2.58,0.94,22.86,2368.0,376.0,18.26,2.34,9.65,10599.0,1034.0,81.74,2.22,5.93,2671.0,265.0,20.6,0.67,6.03,870.0,491.0,6.71,3.73,34.31,4183.0,807.0,32.26,5.44,11.73,642.0,264.0,4.95,1.98,25.0,0.0,,0.0,,,5695.0,794.0,43.92,4.53,8.48,0.0,,0.0,,,1577.0,523.0,12.16,3.87,20.16,2140.0,443.0,16.5,3.05,12.58,10827.0,1231.0,83.5,5.38,6.91,3910.0,780.0,30.15,5.31,12.13,571.0,233.0,4.4,1.75,24.81,0.0,,0.0,,,5695.0,794.0,43.92,4.53,8.48,0.0,,0.0,,,213.0,143.0,1.64,1.09,40.81,438.0,425.0,3.38,3.26,58.99
11367,11367,11367,14716.0,674.0,100,,2.78,4821.0,727.0,32.76,4.71,9.17,12433.0,1339.0,29.46,2.61,6.55,1280.0,385.0,10.3,2.89,18.28,753.0,291.0,6.06,2.25,23.49,3639.0,664.0,29.27,4.31,11.09,1844.0,462.0,14.83,3.36,15.23,4917.0,628.0,39.55,2.72,7.76,27652.0,1673.0,65.51,5.63,3.68,2715.0,597.0,9.82,2.08,13.37,1621.0,459.0,5.86,1.62,17.21,5794.0,1004.0,20.95,3.4,10.53,12639.0,1143.0,45.71,3.07,5.5,32028.0,1816.0,75.88,6.32,3.45,574.0,211.0,1.79,0.65,22.35,42194.0,2578.0,99.96,8.64,3.71,4229.0,689.0,10.02,1.51,9.9,10169.0,1178.0,24.09,2.37,7.04,213.0,124.0,2.09,1.2,35.39,24578.0,1488.0,58.23,5.01,3.68,1659.0,484.0,6.75,1.93,17.74,7447.0,1089.0,17.64,2.34,8.89,2357.0,542.0,31.65,5.62,13.98,41326.0,2559.0,97.91,0.99,3.76,38507.0,2569.0,93.18,2.31,4.06,2397.0,466.0,5.8,1.07,11.82,422.0,265.0,1.02,0.64,38.17,42210.0,2579.0,100,,3.71,24767.0,1943.0,58.68,2.89,4.77,23874.0,1929.0,56.56,2.99,4.91,893.0,318.0,2.12,0.74,21.65,17443.0,1648.0,41.32,2.98,5.74,11919.0,1538.0,68.33,6.01,7.84,5524.0,792.0,31.67,3.42,8.72,2424.0,856.0,13.9,4.73,21.47,9523.0,1374.0,54.59,5.95,8.77,519.0,287.0,2.98,1.62,33.62,0.0,,0.0,,,4963.0,1127.0,28.45,5.88,13.8,14.0,24.0,0.08,0.14,104.21,38508.0,2415.0,91.23,1.29,3.81,15695.0,1529.0,40.76,3.04,5.92,11023.0,1275.0,28.63,2.78,7.03,5934.0,1445.0,15.41,3.63,14.8,13627.0,721.0,92.6,2.45,3.22,13054.0,725.0,88.71,2.79,3.38,32908.0,1871.0,77.96,6.51,3.46,20252.0,1306.0,61.54,1.87,3.92,19116.0,1319.0,58.09,2.27,4.19,1124.0,309.0,3.42,0.92,16.71,12.0,19.0,0.04,0.06,96.25,12656.0,1252.0,38.46,3.11,6.01,,,5.55,1.48,16.71,18320.0,1261.0,43.4,1.38,4.18,7223.0,631.0,39.43,2.12,5.31,1601.0,375.0,8.74,1.96,14.24,6207.0,882.0,33.88,4.21,8.64,943.0,301.0,5.15,1.6,19.4,2147.0,443.0,11.72,2.28,12.54,19116.0,1319.0,45.29,1.45,4.19,14.0,22.0,0.07,0.11,95.53,1301.0,505.0,6.81,2.6,23.6,418.0,149.0,2.19,0.76,21.67,467.0,195.0,2.44,1.01,25.38,1231.0,272.0,6.44,1.35,13.43,1325.0,289.0,6.93,1.43,13.26,289.0,158.0,1.51,0.82,33.23,1189.0,335.0,6.22,1.7,17.13,2910.0,513.0,15.22,2.47,10.72,6849.0,977.0,35.83,4.47,8.67,1134.0,315.0,5.93,1.6,16.89,1548.0,378.0,8.1,1.9,14.84,441.0,162.0,2.31,0.83,22.33,925.0,234.0,6.29,1.56,15.38,728.0,265.0,4.95,1.79,22.13,1170.0,301.0,7.95,2.01,15.64,1524.0,461.0,10.36,3.1,18.39,1265.0,403.0,8.6,2.71,19.37,1692.0,340.0,11.5,2.25,12.22,1397.0,318.0,9.49,2.12,13.84,2500.0,383.0,16.99,2.48,9.31,1700.0,343.0,11.55,2.27,12.27,1815.0,371.0,12.33,2.46,12.43,11868.0,739.0,80.65,3.4,3.79,4239.0,514.0,28.81,3.23,7.37,2880.0,370.0,19.57,2.35,7.81,880.0,272.0,5.98,1.83,18.79,719.0,231.0,4.89,1.55,19.53,3182.0,478.0,21.62,3.09,9.13,39933.0,2499.0,94.64,1.28,3.8,25433.0,1838.0,60.28,2.33,4.39,18866.0,1804.0,44.71,3.29,5.81,2261.0,514.0,5.36,1.17,13.82,19422.0,1249.0,46.01,0.92,3.91,22788.0,1767.0,53.99,2.58,4.71,3702.0,621.0,8.77,1.37,10.2,2793.0,649.0,6.62,1.48,14.13,2084.0,474.0,4.94,1.08,13.83,3183.0,510.0,7.54,1.12,9.74,2796.0,530.0,6.62,1.19,11.52,5963.0,655.0,14.13,1.29,6.68,4296.0,669.0,10.18,1.46,9.47,5216.0,770.0,12.36,1.66,8.97,2246.0,427.0,5.32,0.96,11.56,2484.0,445.0,5.88,0.99,10.89,3860.0,550.0,9.14,1.18,8.66,2341.0,556.0,5.55,1.27,14.44,1246.0,542.0,2.95,1.27,26.44,10170.0,1177.0,24.09,2.37,7.04,32040.0,1818.0,75.91,6.33,3.45,7447.0,1089.0,17.64,2.34,8.89,2973.0,821.0,7.04,1.9,16.79,19206.0,2212.0,45.5,4.44,7.0,3772.0,912.0,8.94,2.09,14.7,412.0,362.0,0.98,0.86,53.41,10679.0,1416.0,25.3,2.98,8.06,0.0,,0.0,,,5168.0,1366.0,12.24,3.15,16.07,8123.0,1564.0,19.24,3.51,11.7,34087.0,2532.0,80.76,3.41,4.52,17769.0,2067.0,42.1,4.17,7.07,3107.0,824.0,7.36,1.9,16.12,370.0,361.0,0.88,0.85,59.31,10613.0,1396.0,25.14,2.93,8.0,0.0,,0.0,,,912.0,465.0,2.16,1.09,31.0,1316.0,561.0,3.12,1.32,25.91
11374,11374,11374,19503.0,998.0,100,,3.11,4970.0,568.0,25.48,2.6,6.95,9547.0,1187.0,20.7,2.29,7.56,715.0,236.0,7.49,2.29,20.07,466.0,178.0,4.88,1.76,23.22,3508.0,810.0,36.74,7.15,14.04,2180.0,553.0,22.83,5.05,15.42,2678.0,468.0,28.05,3.44,10.62,34559.0,1872.0,74.92,5.89,3.29,1939.0,376.0,5.61,1.04,11.79,1616.0,432.0,4.68,1.22,16.25,6527.0,832.0,18.89,2.18,7.75,17506.0,1245.0,50.66,2.33,4.32,37008.0,1967.0,80.23,6.25,3.23,574.0,208.0,1.55,0.56,22.03,46088.0,2637.0,99.91,0.45,3.48,5814.0,781.0,12.61,1.53,8.17,9080.0,1072.0,19.68,2.03,7.18,124.0,85.0,1.37,0.92,41.67,27361.0,1613.0,59.32,0.88,3.58,1926.0,378.0,7.04,1.32,11.93,9647.0,850.0,20.91,1.4,5.36,3764.0,603.0,39.02,5.22,9.74,45501.0,2590.0,98.64,7.95,3.46,41189.0,2505.0,90.52,1.94,3.7,3972.0,1123.0,8.73,2.42,17.19,340.0,213.0,0.75,0.47,38.08,46128.0,2631.0,100,,3.47,21368.0,1764.0,46.32,2.76,5.02,20225.0,1738.0,43.85,2.82,5.22,1143.0,327.0,2.48,0.69,17.39,24760.0,1881.0,53.68,2.69,4.62,15910.0,1433.0,64.26,3.11,5.48,8850.0,1289.0,35.74,4.44,8.85,5649.0,849.0,22.82,2.96,9.14,13241.0,1223.0,53.48,2.81,5.61,764.0,394.0,3.09,1.57,31.35,0.0,,0.0,,,5051.0,932.0,20.4,3.43,11.22,55.0,38.0,0.22,0.15,42.0,43507.0,2488.0,94.32,0.39,3.48,12339.0,1265.0,28.36,2.41,6.23,13566.0,1358.0,31.18,2.56,6.09,7859.0,1298.0,18.06,2.8,10.04,18738.0,985.0,96.08,1.16,3.2,17660.0,886.0,90.55,6.49,3.05,38019.0,2043.0,82.42,6.46,3.27,24045.0,1527.0,63.24,2.14,3.86,22649.0,1514.0,59.57,2.37,4.06,1356.0,342.0,3.57,0.88,15.33,40.0,46.0,0.11,0.12,69.91,13974.0,1331.0,36.76,2.89,5.79,,,5.64,1.38,15.33,22294.0,1508.0,48.33,1.76,4.11,4823.0,582.0,21.63,2.16,7.34,741.0,224.0,3.32,0.98,18.38,10847.0,839.0,48.65,1.83,4.7,1545.0,406.0,6.93,1.76,15.97,3699.0,924.0,16.59,3.99,15.19,22649.0,1514.0,49.1,1.71,4.06,0.0,,0.0,,,1095.0,349.0,4.83,1.51,19.38,801.0,259.0,3.54,1.12,19.66,341.0,126.0,1.51,0.55,22.46,1769.0,403.0,7.81,1.7,13.85,1249.0,300.0,5.51,1.27,14.6,522.0,171.0,2.3,0.74,19.91,2618.0,527.0,11.56,2.19,12.24,3604.0,570.0,15.91,2.28,9.61,6797.0,900.0,30.01,3.43,8.05,1467.0,292.0,6.48,1.21,12.1,1246.0,338.0,5.5,1.45,16.49,1140.0,344.0,5.03,1.48,18.34,1432.0,326.0,7.34,1.63,13.84,788.0,239.0,4.04,1.21,18.44,1305.0,317.0,6.69,1.59,14.77,1174.0,322.0,6.02,1.62,16.67,1834.0,424.0,9.4,2.12,14.05,2452.0,387.0,12.57,1.88,9.59,1954.0,411.0,10.02,2.04,12.79,3515.0,528.0,18.02,2.55,9.13,2376.0,374.0,12.18,1.81,9.57,2673.0,465.0,13.71,2.28,10.58,15165.0,951.0,77.76,2.82,3.81,5935.0,653.0,30.43,2.96,6.69,3976.0,528.0,20.39,2.5,8.07,1426.0,296.0,7.31,1.47,12.62,607.0,196.0,3.11,0.99,19.63,3439.0,522.0,17.63,2.52,9.23,43576.0,2407.0,94.55,7.52,3.36,31233.0,2270.0,67.77,3.04,4.42,18635.0,1750.0,40.43,3.01,5.71,2512.0,677.0,5.45,1.44,16.38,22252.0,1661.0,48.24,2.32,4.54,23876.0,1319.0,51.76,4.11,3.36,2621.0,553.0,5.68,1.15,12.83,2680.0,547.0,5.81,1.14,12.41,2146.0,577.0,4.65,1.22,16.34,2325.0,712.0,5.04,1.52,18.62,1797.0,360.0,3.9,0.75,12.18,6506.0,886.0,14.1,1.74,8.28,7093.0,1010.0,15.38,2.01,8.66,5358.0,690.0,11.62,1.34,7.83,3086.0,526.0,6.69,1.07,10.36,2869.0,445.0,6.22,0.9,9.43,5047.0,548.0,10.94,1.01,6.6,3379.0,613.0,7.33,1.26,11.03,1221.0,326.0,2.65,0.69,16.23,9080.0,1072.0,19.68,2.03,7.18,37048.0,1963.0,80.32,6.25,3.22,9647.0,850.0,20.91,1.4,5.36,5894.0,1152.0,12.78,2.39,11.88,19584.0,1574.0,42.46,2.4,4.89,1990.0,712.0,4.31,1.52,21.75,76.0,89.0,0.16,0.19,71.19,13685.0,1427.0,29.67,2.59,6.34,55.0,82.0,0.12,0.18,90.63,4844.0,1282.0,10.5,2.71,16.09,10098.0,1360.0,21.89,2.67,8.19,36030.0,2033.0,78.11,6.27,3.43,17321.0,1625.0,37.55,2.8,5.7,1768.0,656.0,3.83,1.41,22.56,29.0,50.0,0.06,0.11,104.81,13587.0,1392.0,29.45,2.51,6.23,55.0,82.0,0.12,0.18,90.63,630.0,372.0,1.37,0.8,35.9,2640.0,622.0,5.72,1.31,14.32
11368,11368,11368,29859.0,986.0,100,,2.01,11722.0,695.0,39.26,1.93,3.6,27740.0,1801.0,25.91,1.39,3.95,2032.0,517.0,7.33,1.8,15.47,1714.0,407.0,6.18,1.41,14.44,11316.0,1169.0,40.79,3.28,6.28,6178.0,743.0,22.27,2.25,7.31,6500.0,848.0,23.43,2.65,7.93,72070.0,2642.0,67.32,3.5,2.23,18241.0,1548.0,25.31,1.94,5.16,6923.0,801.0,9.61,1.05,7.03,24203.0,1760.0,33.58,2.11,4.42,10384.0,1080.0,14.41,1.4,6.32,80710.0,2807.0,75.39,3.82,2.11,1095.0,375.0,1.36,0.46,20.82,106609.0,3938.0,99.58,0.35,2.25,11325.0,1059.0,10.62,0.91,5.68,26338.0,2021.0,24.6,1.66,4.66,1277.0,333.0,4.85,1.21,15.85,67710.0,2782.0,63.24,1.16,2.5,4879.0,654.0,7.21,0.92,8.15,12561.0,991.0,11.73,0.82,4.8,5169.0,756.0,41.15,5.07,8.89,105598.0,3832.0,98.63,5.1,2.21,99095.0,3738.0,93.84,0.97,2.29,4913.0,1018.0,4.65,0.95,12.6,1590.0,758.0,1.51,0.72,28.98,107060.0,3937.0,100,,2.24,42308.0,2142.0,39.52,1.38,3.08,40529.0,2005.0,37.86,1.25,3.01,1779.0,468.0,1.66,0.43,15.99,64752.0,3034.0,60.48,1.76,2.85,22484.0,1628.0,34.72,1.92,4.4,42268.0,2853.0,65.28,3.17,4.1,921.0,310.0,1.42,0.47,20.46,10316.0,1541.0,15.93,2.26,9.08,1858.0,765.0,2.87,1.17,25.03,32.0,53.0,0.05,0.08,100.68,51598.0,2790.0,79.69,2.15,3.29,27.0,30.0,0.04,0.05,67.54,100021.0,3608.0,93.43,4.81,2.19,15191.0,1460.0,15.19,1.35,5.84,52366.0,2798.0,52.36,2.06,3.25,69624.0,3428.0,69.61,2.33,2.99,28410.0,1042.0,95.15,1.52,2.23,25289.0,963.0,84.69,1.61,2.31,84095.0,2944.0,78.55,3.99,2.13,54975.0,2417.0,65.37,1.74,2.67,51682.0,2387.0,61.46,1.85,2.81,3283.0,571.0,3.9,0.67,10.57,10.0,15.0,0.01,0.02,91.19,29120.0,1585.0,34.63,1.44,3.31,,,5.97,1.0,10.57,50286.0,2355.0,46.97,1.36,2.85,7522.0,812.0,14.96,1.45,6.56,2648.0,557.0,5.27,1.08,12.79,32280.0,2243.0,64.19,3.3,4.22,4326.0,718.0,8.6,1.37,10.09,1834.0,374.0,3.65,0.72,12.4,51682.0,2387.0,48.27,1.35,2.81,26.0,38.0,0.05,0.07,88.85,8810.0,1042.0,17.05,1.86,7.19,1841.0,448.0,3.56,0.85,14.79,624.0,175.0,1.21,0.33,17.05,5763.0,651.0,11.15,1.15,6.87,3323.0,641.0,6.43,1.2,11.73,551.0,213.0,1.07,0.41,23.5,1888.0,364.0,3.65,0.68,11.72,4537.0,751.0,8.78,1.4,10.06,8585.0,859.0,16.61,1.47,6.08,10948.0,1320.0,21.18,2.36,7.33,3780.0,618.0,7.31,1.15,9.94,1006.0,341.0,1.95,0.65,20.61,1377.0,257.0,4.61,0.85,11.35,1338.0,419.0,4.48,1.4,19.04,2376.0,508.0,7.96,1.68,13.0,2335.0,425.0,7.82,1.4,11.06,2963.0,651.0,9.92,2.16,13.36,5451.0,732.0,18.26,2.38,8.16,4153.0,561.0,13.91,1.82,8.21,5642.0,694.0,18.9,2.24,7.48,2195.0,425.0,7.35,1.4,11.77,2029.0,422.0,6.8,1.4,12.64,24935.0,960.0,83.51,1.65,2.34,7334.0,826.0,24.56,2.64,6.85,3837.0,564.0,12.85,1.84,8.94,2431.0,582.0,8.14,1.93,14.55,1460.0,355.0,4.89,1.18,14.78,8540.0,715.0,28.6,2.2,5.09,83144.0,3462.0,77.99,1.5,2.53,43992.0,3273.0,41.26,2.66,4.52,54679.0,2863.0,51.29,1.9,3.18,23465.0,2168.0,22.01,1.86,5.62,55585.0,2533.0,51.92,1.4,2.77,51475.0,2350.0,48.08,1.3,2.78,7039.0,907.0,6.57,0.81,7.83,7220.0,848.0,6.74,0.75,7.14,7342.0,912.0,6.86,0.81,7.55,7330.0,731.0,6.85,0.63,6.06,6059.0,699.0,5.66,0.62,7.01,18285.0,1691.0,17.08,1.45,5.62,15835.0,1254.0,14.79,1.04,4.81,14272.0,1087.0,13.33,0.89,4.63,6040.0,657.0,5.64,0.58,6.61,4789.0,699.0,4.47,0.63,8.87,7524.0,888.0,7.03,0.79,7.17,3713.0,530.0,3.47,0.48,8.68,1612.0,316.0,1.51,0.29,11.92,26340.0,2021.0,24.6,1.66,4.66,80720.0,2807.0,75.4,3.82,2.11,12849.0,979.0,12.0,0.8,4.63,15348.0,2652.0,14.34,2.42,10.5,16774.0,2674.0,15.67,2.43,9.69,10626.0,2026.0,9.93,1.86,11.59,1570.0,583.0,1.47,0.54,22.57,13101.0,1946.0,12.24,1.76,9.03,72.0,91.0,0.07,0.08,76.83,49569.0,3619.0,46.3,2.92,4.44,79956.0,3737.0,74.68,2.15,2.84,27104.0,2469.0,25.32,2.11,5.54,4503.0,1163.0,4.21,1.08,15.7,8936.0,1838.0,8.35,1.69,12.5,160.0,122.0,0.15,0.11,46.35,12359.0,1799.0,11.54,1.63,8.85,72.0,91.0,0.07,0.08,76.83,487.0,322.0,0.45,0.3,40.19,587.0,329.0,0.55,0.31,34.07
11417,11417,11417,9371.0,576.0,100,,3.74,3344.0,404.0,35.68,3.71,7.34,7678.0,819.0,25.52,2.25,6.48,630.0,291.0,8.21,3.69,28.08,361.0,133.0,4.7,1.66,22.4,2961.0,584.0,38.56,6.4,11.99,1536.0,314.0,20.01,3.49,12.43,2190.0,328.0,28.52,3.0,9.1,20880.0,1255.0,69.39,5.91,3.65,2843.0,529.0,13.62,2.4,11.31,1720.0,290.0,8.24,1.3,10.25,5723.0,576.0,27.41,2.21,6.12,5165.0,559.0,24.74,2.23,6.58,23346.0,1389.0,77.58,6.57,3.62,579.0,157.0,2.48,0.66,16.48,30091.0,1814.0,100.0,0.0,3.66,3520.0,529.0,11.7,1.61,9.14,6745.0,769.0,22.42,2.17,6.93,158.0,96.0,2.34,1.4,36.94,18641.0,1116.0,61.95,5.26,3.64,1695.0,374.0,9.09,1.93,13.41,4705.0,803.0,15.64,2.5,10.38,1667.0,316.0,35.43,2.92,11.52,29753.0,1863.0,98.88,1.67,3.81,27276.0,1829.0,91.67,2.2,4.08,2133.0,682.0,7.17,2.25,19.44,344.0,182.0,1.16,0.61,32.16,30091.0,1814.0,100,,3.66,16805.0,1392.0,55.85,3.17,5.04,15881.0,1309.0,52.78,2.97,5.01,924.0,318.0,3.07,1.04,20.92,13286.0,1128.0,44.15,2.64,5.16,8971.0,1034.0,67.52,5.26,7.01,4315.0,518.0,32.48,2.76,7.3,973.0,325.0,7.32,2.37,20.31,4852.0,910.0,36.52,6.11,11.4,101.0,80.0,0.76,0.6,48.15,0.0,,0.0,,,7341.0,750.0,55.25,3.14,6.21,19.0,21.0,0.14,0.16,67.19,28299.0,1768.0,94.04,1.54,3.8,12888.0,1239.0,45.54,3.33,5.84,6660.0,1099.0,23.53,3.59,10.03,7938.0,1140.0,28.05,3.63,8.73,8581.0,538.0,91.57,1.13,3.81,8465.0,527.0,90.33,0.89,3.78,24033.0,1457.0,79.87,0.51,3.69,14432.0,914.0,60.05,1.1,3.85,13544.0,916.0,56.36,1.69,4.11,888.0,214.0,3.69,0.86,14.65,0.0,,0.0,,,9601.0,1041.0,39.95,3.59,6.59,,,6.15,1.43,14.65,12985.0,892.0,43.15,1.42,4.18,4785.0,555.0,36.85,3.44,7.05,859.0,208.0,6.62,1.54,14.72,5493.0,589.0,42.3,3.48,6.52,604.0,180.0,4.65,1.35,18.12,1021.0,317.0,7.86,2.38,18.87,13544.0,916.0,45.01,1.38,4.11,0.0,,0.0,,,989.0,300.0,7.3,2.16,18.44,357.0,133.0,2.64,0.97,22.65,330.0,159.0,2.44,1.16,29.29,1465.0,297.0,10.82,2.07,12.32,1345.0,250.0,9.93,1.72,11.3,211.0,103.0,1.56,0.75,29.67,890.0,247.0,6.57,1.77,16.87,1485.0,318.0,10.96,2.23,13.02,3534.0,418.0,26.09,2.53,7.19,1181.0,199.0,8.72,1.35,10.24,1072.0,275.0,7.91,1.96,15.59,685.0,168.0,5.06,1.19,14.91,412.0,119.0,4.4,1.24,17.56,384.0,112.0,4.1,1.17,17.73,494.0,206.0,5.27,2.17,25.35,690.0,285.0,7.36,3.01,25.11,1046.0,293.0,11.16,3.05,17.03,1168.0,221.0,12.46,2.23,11.5,1179.0,282.0,12.58,2.91,14.54,1620.0,335.0,17.29,3.41,12.57,991.0,184.0,10.58,1.85,11.29,1387.0,246.0,14.8,2.46,10.78,7449.0,452.0,79.49,6.87,3.69,3221.0,459.0,34.37,4.42,8.66,1988.0,295.0,21.21,2.87,9.02,871.0,281.0,9.29,2.94,19.61,516.0,161.0,5.51,1.68,18.97,1631.0,336.0,17.4,3.42,12.52,27374.0,1888.0,90.97,3.05,4.19,17489.0,1411.0,58.12,3.12,4.9,12557.0,1441.0,41.73,4.07,6.98,2717.0,625.0,9.03,2.0,13.98,14437.0,912.0,47.98,0.91,3.84,15654.0,1144.0,52.02,2.15,4.44,1792.0,419.0,5.96,1.35,14.21,1986.0,475.0,6.6,1.53,14.54,1905.0,371.0,6.33,1.17,11.84,1722.0,371.0,5.72,1.18,13.1,1806.0,287.0,6.0,0.88,9.66,4298.0,615.0,14.28,1.85,8.7,3617.0,387.0,12.02,1.06,6.5,3974.0,506.0,13.21,1.48,7.74,1879.0,338.0,6.24,1.06,10.94,2407.0,437.0,8.0,1.37,11.04,2866.0,509.0,9.52,1.59,10.8,1291.0,368.0,4.29,1.2,17.33,548.0,195.0,1.82,0.64,21.63,6745.0,769.0,22.42,2.17,6.93,23346.0,1389.0,77.58,6.57,3.62,4705.0,803.0,15.64,2.5,10.38,4927.0,1025.0,16.37,3.26,12.65,7645.0,950.0,25.41,2.76,7.55,2233.0,646.0,7.42,2.1,17.59,546.0,453.0,1.81,1.5,50.44,8849.0,1152.0,29.41,3.39,7.91,0.0,,0.0,,,5891.0,1121.0,19.58,3.53,11.57,11247.0,1436.0,37.38,4.21,7.76,18844.0,1633.0,62.62,3.9,5.27,5129.0,625.0,17.04,1.81,7.41,1951.0,607.0,6.48,1.98,18.91,54.0,59.0,0.18,0.2,66.42,8602.0,1133.0,28.59,3.35,8.01,0.0,,0.0,,,1484.0,746.0,4.93,2.46,30.56,1624.0,600.0,5.4,1.97,22.46
11369,11369,"11369, 11371",10131.0,636.0,100,,3.82,3156.0,390.0,31.15,3.32,7.51,7799.0,900.0,23.38,2.06,7.02,360.0,138.0,4.62,1.69,23.3,186.0,92.0,2.38,1.15,30.07,3319.0,642.0,42.56,6.61,11.76,1715.0,292.0,21.99,2.75,10.35,2219.0,352.0,28.45,3.1,9.64,23969.0,1780.0,71.86,7.56,4.51,2794.0,484.0,11.66,1.82,10.53,2188.0,431.0,9.13,1.67,11.97,7655.0,878.0,31.94,2.79,6.97,5690.0,619.0,23.74,1.89,6.61,26675.0,1959.0,79.98,8.37,4.46,452.0,151.0,1.69,0.55,20.31,32939.0,2483.0,98.76,1.11,4.58,3032.0,437.0,9.2,1.13,8.76,6665.0,978.0,19.98,2.53,8.92,154.0,105.0,2.31,1.54,41.45,21131.0,1634.0,63.35,1.3,4.7,1311.0,206.0,6.2,0.85,9.55,5143.0,705.0,15.42,1.77,8.33,1567.0,365.0,30.47,5.74,14.16,33184.0,2471.0,99.49,10.48,4.53,30843.0,2532.0,92.95,3.21,4.99,2036.0,540.0,6.14,1.56,16.12,305.0,206.0,0.92,0.62,41.06,33354.0,2486.0,100,,4.53,15664.0,1383.0,46.96,2.22,5.37,15223.0,1367.0,45.64,2.29,5.46,441.0,142.0,1.32,0.41,19.57,17690.0,1571.0,53.04,2.56,5.4,9791.0,1061.0,55.35,3.44,6.59,7899.0,989.0,44.65,3.94,7.61,505.0,250.0,2.85,1.39,30.09,3127.0,558.0,17.68,2.74,10.85,495.0,225.0,2.8,1.25,27.63,0.0,,0.0,,,13555.0,1553.0,76.63,5.55,6.96,8.0,18.0,0.05,0.1,136.78,31912.0,2370.0,95.68,10.07,4.51,8970.0,921.0,28.11,1.99,6.24,11912.0,1315.0,37.33,3.05,6.71,17806.0,1995.0,55.8,4.68,6.81,9833.0,653.0,97.06,2.1,4.04,9371.0,610.0,92.5,1.59,3.96,27563.0,2025.0,82.64,8.65,4.47,16548.0,1315.0,60.04,1.82,4.83,15420.0,1232.0,55.94,1.76,4.86,1118.0,255.0,4.06,0.88,13.87,10.0,20.0,0.04,0.07,121.58,11015.0,1132.0,39.96,2.87,6.25,,,6.76,1.44,13.87,14580.0,1144.0,43.71,1.07,4.77,4783.0,599.0,32.81,3.2,7.61,521.0,141.0,3.57,0.93,16.45,7172.0,803.0,49.19,3.93,6.81,497.0,136.0,3.41,0.89,16.63,1251.0,330.0,8.58,2.16,16.04,15420.0,1232.0,46.23,1.33,4.86,23.0,30.0,0.15,0.19,79.29,2246.0,470.0,14.57,2.82,12.72,352.0,142.0,2.28,0.9,24.52,121.0,63.0,0.78,0.4,31.65,1606.0,354.0,10.42,2.14,13.4,1597.0,309.0,10.36,1.83,11.76,310.0,180.0,2.01,1.16,35.3,603.0,169.0,3.91,1.05,17.04,1403.0,258.0,9.1,1.51,11.18,3861.0,577.0,25.04,3.16,9.08,1690.0,406.0,10.96,2.48,14.6,1028.0,208.0,6.67,1.24,12.3,580.0,153.0,3.76,0.95,16.04,473.0,185.0,4.67,1.8,23.78,334.0,135.0,3.3,1.32,24.57,404.0,159.0,3.99,1.55,23.92,534.0,155.0,5.27,1.49,17.65,1118.0,282.0,11.04,2.7,15.33,1788.0,314.0,17.65,2.89,10.68,1515.0,238.0,14.95,2.15,9.55,2209.0,467.0,21.8,4.4,12.85,914.0,189.0,9.02,1.78,12.57,842.0,195.0,8.31,1.85,14.08,8509.0,650.0,83.99,3.66,4.64,3546.0,449.0,35.0,3.85,7.7,1944.0,272.0,19.19,2.4,8.51,569.0,155.0,5.62,1.49,16.56,272.0,88.0,2.68,0.85,19.67,1918.0,296.0,18.93,2.67,9.38,28989.0,2033.0,88.01,9.06,4.26,17691.0,1515.0,53.71,2.18,5.21,15060.0,1484.0,45.72,2.9,5.99,3950.0,781.0,11.99,2.19,12.02,17468.0,1436.0,52.37,1.82,5.0,15886.0,1356.0,47.63,1.98,5.19,1442.0,383.0,4.32,1.1,16.15,1800.0,347.0,5.4,0.96,11.72,2150.0,518.0,6.45,1.48,14.65,1976.0,321.0,5.92,0.86,9.88,2017.0,319.0,6.05,0.84,9.61,5534.0,740.0,16.59,1.84,8.13,3990.0,602.0,11.96,1.57,9.17,4336.0,602.0,13.0,1.52,8.44,2557.0,413.0,7.67,1.1,9.82,2097.0,352.0,6.29,0.95,10.2,3356.0,606.0,10.06,1.65,10.98,1594.0,322.0,4.78,0.9,12.28,505.0,132.0,1.51,0.38,15.89,6669.0,978.0,19.99,2.53,8.91,26685.0,1964.0,80.01,8.38,4.47,5455.0,698.0,16.35,1.7,7.78,4835.0,871.0,14.5,2.38,10.95,4233.0,784.0,12.69,2.15,11.26,6079.0,855.0,18.23,2.17,8.55,281.0,163.0,0.84,0.48,35.26,4720.0,723.0,14.15,1.89,9.31,7.0,18.0,0.02,0.05,156.32,13199.0,2065.0,39.57,5.44,9.51,19657.0,2144.0,58.93,4.69,6.63,13697.0,1127.0,41.07,1.43,5.0,2299.0,559.0,6.89,1.6,14.78,5642.0,799.0,16.92,2.04,8.61,0.0,,0.0,,,4718.0,724.0,14.15,1.9,9.33,7.0,18.0,0.02,0.05,156.32,179.0,122.0,0.54,0.36,41.43,852.0,428.0,2.55,1.27,30.54
11370,11370,11370,8764.0,646.0,100,,4.48,2450.0,421.0,27.96,4.34,10.45,6353.0,954.0,22.09,2.8,9.13,604.0,297.0,9.51,4.45,29.89,217.0,128.0,3.42,1.95,35.86,2367.0,549.0,37.26,6.59,14.1,1199.0,330.0,18.87,4.35,16.73,1966.0,381.0,30.95,3.79,11.78,21462.0,1848.0,74.62,2.26,5.23,2768.0,551.0,12.9,2.31,12.1,2201.0,479.0,10.26,2.05,13.23,7404.0,1068.0,34.5,3.99,8.77,5317.0,720.0,24.77,2.59,8.23,23888.0,2002.0,83.05,1.91,5.09,368.0,185.0,1.54,0.76,30.56,25224.0,1927.0,87.7,9.74,4.64,2252.0,472.0,8.93,1.74,12.74,4874.0,845.0,16.95,2.6,10.54,161.0,103.0,3.3,2.03,38.89,16645.0,1360.0,57.87,0.78,4.97,958.0,237.0,5.76,1.34,15.04,3705.0,516.0,12.88,1.46,8.47,1133.0,334.0,30.58,7.95,17.92,28695.0,2314.0,99.77,0.28,4.9,24975.0,1929.0,87.04,9.72,4.7,3499.0,989.0,12.19,3.3,17.18,221.0,121.0,0.77,0.42,33.28,28762.0,2318.0,100,,4.9,15247.0,1607.0,53.01,3.6,6.41,14511.0,1600.0,50.45,3.8,6.7,736.0,235.0,2.56,0.79,19.41,13515.0,1423.0,46.99,3.18,6.4,8336.0,1138.0,61.68,5.36,8.3,5179.0,883.0,38.32,5.14,10.36,1664.0,380.0,12.31,2.5,13.88,5042.0,809.0,37.31,4.52,9.75,417.0,484.0,3.09,3.57,70.56,0.0,,0.0,,,6355.0,975.0,47.02,5.25,9.33,37.0,71.0,0.27,0.52,116.65,27442.0,2233.0,95.41,1.07,4.95,9516.0,1687.0,34.68,5.46,10.78,8811.0,1046.0,32.11,2.78,7.22,9000.0,1359.0,32.8,4.17,9.18,8057.0,644.0,91.93,2.84,4.86,8004.0,623.0,91.33,2.28,4.73,24356.0,2012.0,84.68,1.54,5.02,13008.0,1141.0,53.41,1.58,5.33,11749.0,939.0,48.24,5.54,4.86,1259.0,533.0,5.17,2.15,25.74,0.0,,0.0,,,11348.0,1473.0,46.59,4.66,7.89,,,9.68,4.01,25.74,11000.0,937.0,38.24,1.05,5.18,3375.0,521.0,30.68,3.95,9.38,576.0,214.0,5.24,1.89,22.59,4808.0,587.0,43.71,3.82,7.42,544.0,186.0,4.95,1.64,20.78,1273.0,386.0,11.57,3.37,18.43,11749.0,939.0,40.85,4.64,4.86,0.0,,0.0,,,1072.0,264.0,9.12,2.13,14.97,360.0,149.0,3.06,1.24,25.16,326.0,128.0,2.77,1.07,23.87,1458.0,353.0,12.41,2.84,14.72,1173.0,402.0,9.98,3.33,20.83,318.0,146.0,2.71,1.22,27.91,607.0,156.0,5.17,1.26,15.62,1341.0,292.0,11.41,2.31,13.24,2495.0,553.0,21.24,4.39,13.47,1250.0,294.0,10.64,2.35,14.3,812.0,249.0,6.91,2.05,18.64,537.0,260.0,4.57,2.18,29.43,510.0,200.0,5.82,2.24,23.84,226.0,169.0,2.58,1.92,45.46,691.0,234.0,7.88,2.61,20.59,386.0,167.0,4.4,1.88,26.3,895.0,344.0,10.21,3.85,23.37,1687.0,421.0,19.25,4.59,15.17,742.0,200.0,8.47,2.2,16.39,1874.0,377.0,21.38,4.0,12.23,899.0,200.0,10.26,2.15,13.52,854.0,243.0,9.74,2.68,17.3,6731.0,589.0,76.8,3.62,5.32,2495.0,402.0,28.47,4.08,9.79,1883.0,390.0,21.49,4.16,12.59,532.0,189.0,6.07,2.11,21.6,239.0,112.0,2.73,1.26,28.49,1196.0,339.0,13.65,3.74,17.23,23069.0,1777.0,91.46,0.9,4.68,14317.0,1263.0,56.76,2.5,5.36,11236.0,1633.0,44.54,5.51,8.84,2155.0,550.0,8.54,2.08,15.51,15761.0,1751.0,54.8,4.19,6.75,13001.0,1097.0,45.2,1.13,5.13,1320.0,439.0,4.59,1.48,20.22,1232.0,328.0,4.28,1.09,16.18,1573.0,387.0,5.47,1.27,14.96,1410.0,347.0,4.9,1.14,14.96,1765.0,398.0,6.14,1.29,13.71,4834.0,944.0,16.81,2.99,11.87,4772.0,646.0,16.59,1.8,8.23,3991.0,564.0,13.88,1.61,8.59,2193.0,396.0,7.62,1.23,10.98,1884.0,488.0,6.55,1.61,15.75,2025.0,393.0,7.04,1.24,11.8,1091.0,256.0,3.79,0.84,14.26,672.0,270.0,2.34,0.92,24.42,4874.0,845.0,16.95,2.6,10.54,23888.0,2002.0,83.05,1.91,5.09,3788.0,514.0,13.17,1.44,8.25,3880.0,924.0,13.49,3.02,14.48,9858.0,1419.0,34.27,4.09,8.75,2161.0,501.0,7.51,1.63,14.09,386.0,331.0,1.34,1.15,52.13,7229.0,1217.0,25.13,3.71,10.23,22.0,34.0,0.08,0.12,93.95,5226.0,1030.0,18.17,3.27,11.98,11206.0,1473.0,38.96,4.05,7.99,17556.0,2031.0,61.04,5.07,7.03,7808.0,1385.0,27.15,4.29,10.78,1912.0,478.0,6.65,1.57,15.2,82.0,87.0,0.29,0.3,64.5,7229.0,1217.0,25.13,3.71,10.23,0.0,,0.0,,,132.0,113.0,0.46,0.39,52.04,393.0,301.0,1.37,1.04,46.56
11375,11375,11375,33217.0,1018.0,100,,1.86,7205.0,590.0,21.69,1.65,4.98,14829.0,1314.0,19.69,1.56,5.39,1196.0,323.0,8.07,2.06,16.42,771.0,202.0,5.2,1.28,15.93,6401.0,801.0,43.17,3.81,7.61,2937.0,671.0,19.81,4.17,13.89,3524.0,534.0,23.76,2.92,9.21,58054.0,2150.0,77.08,4.16,2.25,2372.0,593.0,4.09,1.01,15.2,1728.0,421.0,2.98,0.72,14.81,7785.0,748.0,13.41,1.19,5.84,35187.0,1775.0,60.61,2.08,3.07,61114.0,2322.0,81.14,4.43,2.31,1414.0,295.0,2.31,0.47,12.68,74947.0,2955.0,99.5,0.42,2.4,7895.0,949.0,10.53,1.2,7.31,14205.0,1399.0,18.86,1.7,5.99,337.0,268.0,2.37,1.87,48.34,45957.0,2003.0,61.02,1.16,2.65,2893.0,575.0,6.3,1.22,12.08,14785.0,1081.0,19.63,1.21,4.44,4665.0,612.0,31.55,3.44,7.98,74606.0,2947.0,99.05,0.48,2.4,68164.0,2933.0,91.37,1.56,2.62,5877.0,973.0,7.88,1.27,10.06,565.0,251.0,0.76,0.34,27.01,75320.0,2953.0,100,,2.38,43012.0,2255.0,57.11,1.99,3.19,41767.0,2216.0,55.45,1.98,3.23,1245.0,382.0,1.65,0.5,18.65,32308.0,1774.0,42.89,1.65,3.34,23115.0,1405.0,71.55,1.87,3.7,9193.0,1174.0,28.45,3.28,7.76,6977.0,786.0,21.6,2.12,6.85,18504.0,1401.0,57.27,2.99,4.6,483.0,187.0,1.49,0.57,23.54,114.0,104.0,0.35,0.32,55.46,5824.0,837.0,18.03,2.39,8.74,406.0,176.0,1.26,0.54,26.35,71345.0,2741.0,94.72,5.2,2.34,33139.0,1910.0,46.45,2.0,3.5,14582.0,1222.0,20.44,1.52,5.09,8616.0,1380.0,12.08,1.88,9.74,32318.0,995.0,97.29,0.29,1.87,31380.0,1031.0,94.47,1.12,2.0,62426.0,2410.0,82.88,4.56,2.35,40885.0,1622.0,65.49,0.6,2.41,39241.0,1595.0,62.86,0.8,2.47,1644.0,390.0,2.63,0.62,14.42,0.0,,0.0,,,21541.0,1454.0,34.51,1.91,4.1,,,4.02,0.94,14.42,38730.0,1607.0,51.42,0.7,2.52,9517.0,940.0,24.57,2.2,6.0,1284.0,308.0,3.32,0.78,14.58,17421.0,1207.0,44.98,2.5,4.21,2063.0,395.0,5.33,1.0,11.64,7661.0,1033.0,19.78,2.54,8.2,39241.0,1595.0,52.1,0.56,2.47,59.0,73.0,0.15,0.19,75.22,965.0,306.0,2.46,0.77,19.28,1378.0,261.0,3.51,0.65,11.51,649.0,198.0,1.65,0.5,18.55,2845.0,494.0,7.25,1.22,10.56,1891.0,489.0,4.82,1.23,15.72,1490.0,360.0,3.8,0.9,14.69,5477.0,675.0,13.96,1.62,7.49,6400.0,709.0,16.31,1.68,6.73,11680.0,1048.0,29.76,2.38,5.45,2718.0,473.0,6.93,1.17,10.58,1534.0,334.0,3.91,0.84,13.24,2155.0,396.0,5.49,0.98,11.17,1755.0,358.0,5.28,1.07,12.4,696.0,170.0,2.1,0.51,14.85,1946.0,415.0,5.86,1.24,12.96,1512.0,343.0,4.55,1.02,13.79,2164.0,494.0,6.51,1.47,13.88,4315.0,628.0,12.99,1.85,8.85,3458.0,468.0,10.41,1.37,8.23,6505.0,607.0,19.58,1.73,5.67,3824.0,518.0,11.51,1.52,8.23,7042.0,552.0,21.2,1.53,4.77,25811.0,884.0,77.7,1.19,2.08,8947.0,689.0,26.94,1.9,4.68,7112.0,663.0,21.41,1.89,5.67,1616.0,360.0,4.86,1.07,13.54,842.0,254.0,2.53,0.76,18.34,2626.0,460.0,7.91,1.36,10.65,72651.0,2876.0,96.94,0.34,2.41,57720.0,2711.0,77.01,1.97,2.86,24850.0,2054.0,33.16,2.41,5.02,2296.0,444.0,3.06,0.58,11.76,36029.0,1854.0,47.83,1.59,3.13,39291.0,1821.0,52.17,1.29,2.82,3975.0,619.0,5.28,0.8,9.47,3968.0,533.0,5.27,0.68,8.17,4322.0,765.0,5.74,0.99,10.76,2968.0,602.0,3.94,0.78,12.33,2033.0,361.0,2.7,0.47,10.79,10596.0,1096.0,14.07,1.35,6.29,10295.0,737.0,13.67,0.82,4.35,11337.0,976.0,15.05,1.15,5.23,5164.0,618.0,6.86,0.78,7.28,5573.0,713.0,7.4,0.9,7.78,8054.0,746.0,10.69,0.9,5.63,4814.0,615.0,6.39,0.78,7.77,2221.0,369.0,2.95,0.48,10.1,14206.0,1399.0,18.86,1.7,5.99,61114.0,2322.0,81.14,4.43,2.31,15089.0,1087.0,20.03,1.21,4.38,8123.0,1219.0,10.78,1.56,9.12,38374.0,2662.0,50.95,2.92,4.22,2367.0,590.0,3.14,0.77,15.15,188.0,100.0,0.25,0.13,32.34,21118.0,1714.0,28.04,1.99,4.93,0.0,,0.0,,,5150.0,1337.0,6.84,1.75,15.78,12360.0,1537.0,16.41,1.94,7.56,62960.0,2582.0,83.59,1.01,2.49,35345.0,2560.0,46.93,2.86,4.4,1956.0,511.0,2.6,0.67,15.88,61.0,71.0,0.08,0.09,70.76,21118.0,1714.0,28.04,1.99,4.93,0.0,,0.0,,,628.0,210.0,0.83,0.28,20.33,3852.0,846.0,5.11,1.11,13.35
11379,11379,11379,13897.0,579.0,100,,2.53,3836.0,410.0,27.6,2.72,6.5,7986.0,788.0,21.37,1.68,6.0,585.0,176.0,7.33,2.08,18.29,411.0,163.0,5.15,1.98,24.11,3008.0,404.0,37.67,3.43,8.16,1738.0,296.0,21.76,3.02,10.35,2244.0,397.0,28.1,4.13,10.75,28267.0,1693.0,75.62,0.44,3.64,2414.0,490.0,8.54,1.66,12.34,2026.0,524.0,7.17,1.8,15.72,7493.0,706.0,26.51,1.93,5.73,9909.0,962.0,35.06,2.68,5.9,30606.0,1822.0,81.88,6.9,3.62,819.0,201.0,2.68,0.64,14.92,37025.0,2228.0,99.06,0.82,3.66,4450.0,531.0,12.02,1.24,7.25,6741.0,667.0,18.03,1.42,6.01,86.0,76.0,1.28,1.12,53.72,22138.0,1539.0,59.23,2.12,4.23,1823.0,372.0,8.23,1.58,12.4,8146.0,1038.0,21.79,2.45,7.75,2541.0,462.0,31.19,4.05,11.05,37134.0,2184.0,99.35,8.32,3.58,35016.0,2193.0,94.3,2.03,3.81,1985.0,433.0,5.35,1.12,13.26,133.0,82.0,0.36,0.22,37.48,37378.0,2228.0,100,,3.62,23663.0,1554.0,63.31,1.75,3.99,22581.0,1515.0,60.41,1.86,4.08,1082.0,313.0,2.89,0.82,17.59,13715.0,1483.0,36.69,3.31,6.57,9056.0,1193.0,66.03,4.97,8.01,4659.0,734.0,33.97,3.89,9.58,5523.0,667.0,40.27,2.17,7.34,3354.0,530.0,24.45,2.82,9.61,429.0,203.0,3.13,1.44,28.77,0.0,,0.0,,,4344.0,1217.0,31.67,8.19,17.03,65.0,83.0,0.47,0.6,77.62,35997.0,2163.0,96.31,0.73,3.65,18372.0,1766.0,51.04,3.83,5.84,7499.0,849.0,20.83,2.0,6.88,6198.0,1239.0,17.22,3.28,12.15,12925.0,584.0,93.01,1.63,2.75,12482.0,633.0,89.82,2.6,3.08,31466.0,1869.0,84.18,7.08,3.61,19194.0,1437.0,61.0,2.78,4.55,18319.0,1436.0,58.22,2.98,4.77,844.0,182.0,2.68,0.56,13.11,31.0,37.0,0.1,0.12,72.56,12272.0,915.0,39.0,1.76,4.53,,,4.4,0.89,13.11,17786.0,1357.0,47.58,2.27,4.64,7585.0,837.0,42.65,3.4,6.71,1247.0,224.0,7.01,1.14,10.92,6110.0,667.0,34.35,2.68,6.64,507.0,156.0,2.85,0.85,18.7,1836.0,351.0,10.32,1.81,11.62,18319.0,1436.0,49.01,2.5,4.77,7.0,12.0,0.04,0.07,104.21,2074.0,397.0,11.32,1.98,11.64,480.0,146.0,2.62,0.77,18.49,322.0,119.0,1.76,0.63,22.47,1290.0,338.0,7.04,1.76,15.93,1487.0,359.0,8.12,1.85,14.68,382.0,125.0,2.09,0.66,19.89,1742.0,258.0,9.51,1.19,9.0,1892.0,308.0,10.33,1.47,9.9,5029.0,527.0,27.45,1.91,6.37,1417.0,314.0,7.74,1.6,13.47,1114.0,404.0,6.08,2.15,22.05,1083.0,269.0,5.91,1.39,15.1,485.0,137.0,3.49,0.98,17.17,326.0,128.0,2.35,0.92,23.87,829.0,224.0,5.97,1.59,16.43,1018.0,202.0,7.33,1.42,12.06,1231.0,225.0,8.86,1.58,11.11,1870.0,297.0,13.46,2.06,9.65,1705.0,309.0,12.27,2.16,11.02,2526.0,353.0,18.18,2.42,8.5,1682.0,318.0,12.1,2.23,11.49,2225.0,293.0,16.01,2.0,8.01,10672.0,605.0,76.79,2.95,3.45,5086.0,405.0,36.6,2.48,4.84,3838.0,391.0,27.62,2.57,6.19,721.0,217.0,5.19,1.55,18.3,545.0,162.0,3.92,1.15,18.07,1297.0,245.0,9.33,1.72,11.48,35401.0,2200.0,95.61,1.48,3.78,26693.0,1822.0,72.09,2.32,4.15,14126.0,1192.0,38.15,2.26,5.13,1624.0,350.0,4.39,0.91,13.1,18204.0,1182.0,48.7,1.25,3.95,19174.0,1412.0,51.3,2.22,4.48,1381.0,272.0,3.69,0.69,11.97,1812.0,366.0,4.85,0.94,12.28,2320.0,351.0,6.21,0.86,9.2,1950.0,399.0,5.22,1.02,12.44,1648.0,300.0,4.41,0.76,11.07,4294.0,713.0,11.49,1.78,10.09,4360.0,482.0,11.66,1.09,6.72,5502.0,639.0,14.72,1.47,7.06,2834.0,384.0,7.58,0.92,8.24,2856.0,455.0,7.64,1.13,9.68,4756.0,998.0,12.72,2.56,12.76,2311.0,330.0,6.18,0.8,8.68,1354.0,325.0,3.62,0.84,14.59,6741.0,667.0,18.03,1.42,6.01,30637.0,1821.0,81.97,6.9,3.61,8421.0,1053.0,22.53,2.48,7.6,3272.0,807.0,8.75,2.1,14.99,24758.0,1833.0,66.24,2.91,4.5,597.0,323.0,1.6,0.86,32.89,54.0,51.0,0.14,0.14,57.41,4279.0,679.0,11.45,1.68,9.65,0.0,,0.0,,,4418.0,1301.0,11.82,3.41,17.9,8692.0,1377.0,23.25,3.41,9.63,28686.0,1980.0,76.75,2.67,4.2,22786.0,1665.0,60.96,2.58,4.44,361.0,257.0,0.97,0.69,43.28,43.0,47.0,0.12,0.13,66.45,4240.0,675.0,11.34,1.67,9.68,0.0,,0.0,,,749.0,814.0,2.0,2.17,66.07,507.0,271.0,1.36,0.72,32.49
11377,11377,11377,33371.0,1087.0,100,,1.98,8042.0,876.0,24.1,2.5,6.62,17068.0,1509.0,20.43,1.6,5.37,899.0,222.0,5.27,1.21,15.01,1117.0,445.0,6.54,2.54,24.22,6715.0,877.0,39.34,3.78,7.94,2936.0,358.0,17.2,1.44,7.41,5401.0,750.0,31.64,3.39,8.44,64044.0,2464.0,76.66,4.32,2.34,8039.0,900.0,12.55,1.32,6.81,3810.0,630.0,5.95,0.96,10.05,18976.0,1400.0,29.63,1.87,4.48,21174.0,1279.0,33.06,1.54,3.67,68621.0,2580.0,82.14,4.58,2.29,1031.0,232.0,1.5,0.33,13.68,83312.0,3443.0,99.72,0.34,2.51,6116.0,778.0,7.34,0.88,7.73,14918.0,1405.0,17.86,1.51,5.73,455.0,168.0,3.05,1.09,22.45,55029.0,2532.0,65.87,1.35,2.8,2151.0,410.0,3.91,0.72,11.59,13365.0,1083.0,16.0,1.12,4.93,3510.0,583.0,26.26,3.81,10.1,82814.0,3361.0,99.13,5.73,2.47,76318.0,3338.0,92.16,1.5,2.66,5750.0,1119.0,6.94,1.32,11.83,746.0,272.0,0.9,0.33,22.16,83545.0,3441.0,100,,2.5,36617.0,2161.0,43.83,1.85,3.59,35253.0,2108.0,42.2,1.83,3.64,1364.0,333.0,1.63,0.39,14.84,46928.0,2551.0,56.17,1.99,3.3,19917.0,1341.0,42.44,1.69,4.09,27011.0,2088.0,57.56,3.16,4.7,4487.0,648.0,9.56,1.28,8.78,23029.0,1848.0,49.07,2.9,4.88,316.0,146.0,0.67,0.31,28.09,14.0,22.0,0.03,0.05,95.53,19024.0,1802.0,40.54,3.14,5.76,58.0,53.0,0.12,0.11,55.55,79229.0,3068.0,94.83,5.36,2.35,21456.0,1456.0,27.08,1.51,4.13,31375.0,2017.0,39.6,2.03,3.91,26692.0,2098.0,33.69,2.3,4.78,31587.0,1091.0,94.65,1.09,2.1,28712.0,1079.0,86.04,1.61,2.28,70280.0,2580.0,84.12,4.64,2.23,45860.0,2150.0,65.25,1.9,2.85,43606.0,2085.0,62.05,1.9,2.91,2248.0,468.0,3.2,0.66,12.66,6.0,15.0,0.01,0.02,151.98,24420.0,1674.0,34.75,2.01,4.17,,,4.9,0.99,12.66,43024.0,2071.0,51.5,1.28,2.93,8278.0,875.0,19.24,1.81,6.43,2372.0,493.0,5.51,1.11,12.63,23095.0,1542.0,53.68,2.48,4.06,3718.0,679.0,8.64,1.52,11.1,4242.0,662.0,9.86,1.46,9.49,43606.0,2085.0,52.19,1.27,2.91,72.0,63.0,0.17,0.14,53.19,3645.0,636.0,8.36,1.4,10.61,1268.0,320.0,2.91,0.72,15.34,875.0,234.0,2.01,0.53,16.26,5235.0,886.0,12.01,1.95,10.29,4348.0,604.0,9.97,1.3,8.44,878.0,201.0,2.01,0.45,13.92,2984.0,394.0,6.84,0.84,8.03,6342.0,729.0,14.54,1.52,6.99,8755.0,797.0,20.08,1.56,5.53,5557.0,722.0,12.74,1.54,7.9,2680.0,490.0,6.15,1.08,11.11,967.0,224.0,2.22,0.5,14.08,1445.0,279.0,4.33,0.82,11.74,1134.0,265.0,3.4,0.79,14.21,2095.0,504.0,6.28,1.5,14.62,2895.0,683.0,8.68,2.03,14.34,3687.0,433.0,11.05,1.25,7.14,5754.0,763.0,17.24,2.22,8.06,4810.0,693.0,14.41,2.02,8.76,5025.0,560.0,15.06,1.6,6.77,3094.0,518.0,9.27,1.52,10.18,3432.0,571.0,10.28,1.68,10.11,26594.0,1251.0,79.69,2.7,2.86,8799.0,931.0,26.37,2.65,6.43,5878.0,653.0,17.61,1.87,6.75,1405.0,279.0,4.21,0.82,12.07,2293.0,468.0,6.87,1.38,12.41,4506.0,657.0,13.5,1.92,8.86,76719.0,3435.0,92.09,1.59,2.72,41429.0,2402.0,49.73,2.02,3.52,42564.0,2553.0,51.09,2.22,3.65,6593.0,916.0,7.91,1.05,8.45,41387.0,2077.0,49.54,1.42,3.05,42158.0,2015.0,50.46,1.22,2.91,4316.0,733.0,5.17,0.85,10.32,3754.0,532.0,4.49,0.61,8.61,4680.0,694.0,5.6,0.8,9.01,3360.0,431.0,4.02,0.49,7.8,3391.0,515.0,4.06,0.59,9.23,14335.0,1090.0,17.16,1.1,4.62,14300.0,1115.0,17.12,1.13,4.74,11988.0,1124.0,14.35,1.21,5.7,4707.0,628.0,5.63,0.71,8.11,5159.0,660.0,6.18,0.75,7.78,7745.0,918.0,9.27,1.03,7.21,4391.0,638.0,5.26,0.73,8.83,1419.0,363.0,1.7,0.43,15.55,14918.0,1405.0,17.86,1.51,5.73,68627.0,2578.0,82.14,4.58,2.28,13555.0,1086.0,16.22,1.11,4.87,16896.0,2395.0,20.22,2.74,8.62,24765.0,1759.0,29.64,1.72,4.32,1973.0,509.0,2.36,0.6,15.68,631.0,227.0,0.76,0.27,21.87,30248.0,2349.0,36.21,2.38,4.72,0.0,,0.0,,,9032.0,1541.0,10.81,1.79,10.37,33160.0,2489.0,39.69,2.49,4.56,50385.0,2643.0,60.31,1.96,3.19,16433.0,1189.0,19.67,1.17,4.4,1558.0,398.0,1.86,0.47,15.53,186.0,132.0,0.22,0.16,43.14,30109.0,2339.0,36.04,2.37,4.72,0.0,,0.0,,,411.0,192.0,0.49,0.23,28.4,1688.0,410.0,2.02,0.48,14.77
11378,11378,11378,13013.0,580.0,100,,2.71,4206.0,458.0,32.32,3.21,6.62,9711.0,994.0,25.67,2.11,6.22,719.0,208.0,7.4,2.0,17.59,406.0,129.0,4.18,1.26,19.32,3632.0,607.0,37.4,4.94,10.16,2109.0,373.0,21.72,3.13,10.75,2845.0,403.0,29.3,2.87,8.61,26304.0,1391.0,69.54,5.6,3.21,2486.0,430.0,9.45,1.56,10.51,1945.0,316.0,7.39,1.14,9.88,8619.0,757.0,32.77,2.3,5.34,6887.0,758.0,26.18,2.53,6.69,29297.0,1635.0,77.45,6.39,3.39,581.0,131.0,1.98,0.43,13.71,37646.0,2299.0,99.52,0.6,3.71,3348.0,440.0,8.89,1.03,7.99,8523.0,1016.0,22.53,2.31,7.25,172.0,116.0,2.02,1.34,41.0,23693.0,1598.0,62.63,1.83,4.1,1732.0,331.0,7.31,1.31,11.62,5430.0,598.0,14.35,1.32,6.69,1444.0,282.0,26.59,4.29,11.87,37631.0,2282.0,99.48,8.54,3.69,34310.0,2283.0,91.17,2.5,4.05,3129.0,883.0,8.31,2.29,17.15,192.0,113.0,0.51,0.3,35.78,37828.0,2299.0,100,,3.69,22221.0,1568.0,58.74,2.11,4.29,20955.0,1433.0,55.4,1.74,4.16,1266.0,419.0,3.35,1.09,20.12,15607.0,1297.0,41.26,2.34,5.05,8767.0,812.0,56.17,2.3,5.63,6840.0,939.0,43.83,4.79,8.35,5642.0,733.0,36.15,3.61,7.9,4008.0,685.0,25.68,3.84,10.39,159.0,89.0,1.02,0.56,34.03,0.0,,0.0,,,5714.0,745.0,36.61,3.68,7.93,84.0,63.0,0.54,0.4,45.59,35437.0,2126.0,93.68,8.0,3.65,13736.0,1191.0,38.76,2.43,5.27,10158.0,1027.0,28.66,2.33,6.15,9716.0,1343.0,27.42,3.41,8.4,12440.0,585.0,95.6,1.43,2.86,11854.0,577.0,91.09,1.78,2.96,30344.0,1738.0,80.22,6.7,3.48,19349.0,1360.0,63.77,2.6,4.27,18005.0,1205.0,59.34,2.05,4.07,1336.0,399.0,4.4,1.29,18.16,8.0,12.0,0.03,0.04,91.19,10995.0,939.0,36.23,2.3,5.19,,,6.9,2.0,18.16,17571.0,1208.0,46.45,1.49,4.18,6696.0,639.0,38.11,2.52,5.8,1817.0,376.0,10.34,2.02,12.58,6452.0,782.0,36.72,3.67,7.37,833.0,200.0,4.74,1.09,14.6,1128.0,206.0,6.42,1.09,11.1,18005.0,1205.0,47.6,1.33,4.07,15.0,22.0,0.08,0.12,89.16,2549.0,430.0,14.16,2.19,10.25,1134.0,363.0,6.3,1.97,19.46,367.0,161.0,2.04,0.88,26.67,1117.0,234.0,6.2,1.23,12.73,1623.0,298.0,9.01,1.54,11.16,267.0,113.0,1.48,0.62,25.73,1309.0,257.0,7.27,1.34,11.94,1885.0,319.0,10.47,1.63,10.29,4341.0,430.0,24.11,1.76,6.02,1690.0,326.0,9.39,1.7,11.73,900.0,198.0,5.0,1.05,13.37,808.0,323.0,4.49,1.77,24.3,618.0,145.0,4.75,1.09,14.26,385.0,145.0,2.96,1.11,22.9,751.0,278.0,5.77,2.12,22.5,807.0,229.0,6.2,1.74,17.25,1413.0,262.0,10.86,1.95,11.27,1966.0,230.0,15.11,1.63,7.11,1341.0,266.0,10.31,1.99,12.06,2270.0,308.0,17.44,2.24,8.25,1803.0,314.0,13.86,2.33,10.59,1659.0,249.0,12.75,1.83,9.12,10505.0,601.0,80.73,2.9,3.48,3755.0,376.0,28.86,2.59,6.09,2827.0,318.0,21.72,2.24,6.84,477.0,127.0,3.67,0.96,16.19,451.0,136.0,3.47,1.03,18.33,1528.0,247.0,11.74,1.82,9.83,34733.0,2274.0,92.26,2.18,3.98,23462.0,1711.0,62.32,2.48,4.43,15698.0,1514.0,41.7,3.11,5.86,2913.0,527.0,7.74,1.32,11.0,18805.0,1368.0,49.71,1.99,4.42,19023.0,1187.0,50.29,0.71,3.79,2391.0,437.0,6.32,1.09,11.11,1845.0,385.0,4.88,0.97,12.69,2601.0,494.0,6.88,1.24,11.55,2485.0,449.0,6.57,1.12,10.98,2202.0,337.0,5.82,0.82,9.3,4177.0,546.0,11.04,1.28,7.95,4829.0,579.0,12.77,1.32,7.29,5940.0,708.0,15.7,1.61,7.25,2763.0,433.0,7.3,1.06,9.53,3001.0,453.0,7.93,1.1,9.18,3337.0,500.0,8.82,1.21,9.11,1706.0,311.0,4.51,0.78,11.08,551.0,151.0,1.46,0.39,16.66,8523.0,1016.0,22.53,2.31,7.25,29305.0,1636.0,77.47,6.39,3.39,5594.0,599.0,14.79,1.3,6.51,4304.0,912.0,11.38,2.31,12.88,21357.0,1503.0,56.46,2.0,4.28,311.0,137.0,0.82,0.36,26.78,376.0,314.0,0.99,0.83,50.77,5611.0,944.0,14.83,2.33,10.23,0.0,,0.0,,,5869.0,1181.0,15.51,2.98,12.23,13150.0,1454.0,34.76,3.21,6.72,24678.0,1869.0,65.24,2.95,4.6,18081.0,1409.0,47.8,2.33,4.74,171.0,75.0,0.45,0.2,26.66,79.0,100.0,0.21,0.26,76.95,5557.0,934.0,14.69,2.3,10.22,0.0,,0.0,,,249.0,159.0,0.66,0.42,38.82,541.0,293.0,1.43,0.77,32.92
11421,11421,11421,11986.0,667.0,100,,3.38,4437.0,426.0,37.02,2.9,5.84,10282.0,1011.0,24.52,1.9,5.98,555.0,202.0,5.4,1.89,22.13,602.0,254.0,5.85,2.4,25.65,3607.0,497.0,35.08,3.39,8.38,2384.0,393.0,23.19,3.07,10.02,3134.0,536.0,30.48,4.27,10.4,29452.0,1820.0,70.23,0.95,3.76,3787.0,541.0,12.86,1.66,8.68,2505.0,436.0,8.51,1.38,10.58,8793.0,1070.0,29.86,3.13,7.4,7664.0,874.0,26.02,2.49,6.93,33383.0,2032.0,79.6,0.67,3.7,773.0,177.0,2.32,0.51,13.92,41923.0,2530.0,99.97,0.29,3.67,4036.0,514.0,9.63,1.08,7.74,8540.0,936.0,20.36,1.86,6.66,452.0,165.0,5.29,1.84,22.19,27758.0,2023.0,66.19,2.71,4.43,1591.0,256.0,5.73,0.82,9.78,5625.0,636.0,13.41,1.28,6.87,1993.0,370.0,35.43,5.22,11.29,41510.0,2492.0,98.98,8.42,3.65,38628.0,2497.0,93.06,2.23,3.93,2478.0,718.0,5.97,1.69,17.61,404.0,335.0,0.97,0.8,50.41,41937.0,2528.0,100,,3.66,19933.0,1739.0,47.53,3.0,5.3,18120.0,1594.0,43.21,2.77,5.35,1813.0,504.0,4.32,1.17,16.9,22004.0,1797.0,52.47,2.89,4.96,13675.0,1413.0,62.15,3.93,6.28,8329.0,1002.0,37.85,3.34,7.31,1819.0,425.0,8.27,1.81,14.2,6212.0,910.0,28.23,3.43,8.91,110.0,86.0,0.5,0.39,47.53,0.0,,0.0,,,13779.0,1645.0,62.62,5.45,7.26,84.0,46.0,0.38,0.21,33.29,39787.0,2323.0,94.87,7.96,3.55,12032.0,1448.0,30.24,3.18,7.32,13766.0,1294.0,34.6,2.55,5.71,18313.0,1813.0,46.03,3.68,6.02,11427.0,623.0,95.34,7.43,3.31,11157.0,657.0,93.08,1.79,3.58,34737.0,2138.0,82.83,1.03,3.74,21465.0,1628.0,61.79,2.74,4.61,19834.0,1502.0,57.1,2.52,4.6,1617.0,380.0,4.65,1.06,14.29,14.0,20.0,0.04,0.06,86.84,13272.0,1072.0,38.21,2.0,4.91,,,7.53,1.68,14.29,19329.0,1439.0,46.09,2.01,4.53,4985.0,589.0,25.79,2.37,7.18,1396.0,294.0,7.22,1.42,12.8,10544.0,1085.0,54.55,3.88,6.26,823.0,449.0,4.26,2.3,33.17,1407.0,266.0,7.28,1.26,11.49,19834.0,1502.0,47.29,2.17,4.6,12.0,19.0,0.06,0.1,96.25,1816.0,350.0,9.16,1.62,11.72,542.0,156.0,2.73,0.76,17.5,488.0,149.0,2.46,0.73,18.56,1573.0,364.0,7.93,1.73,14.07,1762.0,382.0,8.88,1.8,13.18,291.0,106.0,1.47,0.52,22.14,1385.0,297.0,6.98,1.4,13.04,2248.0,544.0,11.33,2.61,14.71,5628.0,606.0,28.38,2.17,6.55,2555.0,591.0,12.88,2.82,14.06,942.0,220.0,4.75,1.05,14.2,592.0,143.0,2.98,0.68,14.68,439.0,141.0,3.66,1.16,19.52,206.0,111.0,1.72,0.92,32.76,679.0,190.0,5.66,1.55,17.01,604.0,161.0,5.04,1.31,16.2,1173.0,272.0,9.79,2.2,14.1,1527.0,288.0,12.74,2.3,11.47,1999.0,373.0,16.68,2.97,11.34,2199.0,270.0,18.35,2.01,7.46,1377.0,329.0,11.49,2.67,14.52,1783.0,294.0,14.88,2.31,10.02,10312.0,683.0,86.03,3.09,4.03,3448.0,367.0,28.77,2.61,6.47,1943.0,261.0,16.21,1.98,8.17,759.0,207.0,6.33,1.69,16.58,512.0,157.0,4.27,1.29,18.64,1764.0,303.0,14.72,2.39,10.44,37956.0,2205.0,90.54,7.58,3.53,23755.0,1873.0,56.66,2.88,4.79,17971.0,1515.0,42.87,2.52,5.12,3967.0,848.0,9.46,1.94,12.99,21161.0,1549.0,50.46,2.1,4.45,20776.0,1441.0,49.54,1.7,4.22,2150.0,500.0,5.13,1.15,14.14,2209.0,406.0,5.27,0.91,11.17,2458.0,460.0,5.86,1.04,11.38,2629.0,458.0,6.27,1.02,10.59,3039.0,501.0,7.25,1.11,10.02,5884.0,583.0,14.03,1.1,6.02,5929.0,780.0,14.14,1.65,8.0,5981.0,799.0,14.26,1.7,8.12,3289.0,464.0,7.84,1.0,8.58,2744.0,543.0,6.54,1.23,12.03,3937.0,464.0,9.39,0.95,7.16,1215.0,245.0,2.9,0.56,12.26,473.0,194.0,1.13,0.46,24.93,8540.0,936.0,20.36,1.86,6.66,33397.0,2032.0,79.64,0.66,3.7,5625.0,636.0,13.41,1.28,6.87,10251.0,1660.0,24.44,3.67,9.84,9471.0,1121.0,22.58,2.3,7.2,2355.0,880.0,5.62,2.07,22.72,247.0,133.0,0.59,0.32,32.73,8567.0,1190.0,20.43,2.56,8.44,60.0,92.0,0.14,0.22,93.21,10986.0,1590.0,26.2,3.45,8.8,23464.0,2152.0,55.95,3.87,5.58,18473.0,1646.0,44.05,2.89,5.42,5631.0,712.0,13.43,1.49,7.69,1638.0,628.0,3.91,1.48,23.31,0.0,,0.0,,,8516.0,1186.0,20.31,2.55,8.47,0.0,,0.0,,,1268.0,486.0,3.02,1.14,23.3,1420.0,567.0,3.39,1.34,24.27
11422,11422,11422,10341.0,551.0,100,,3.24,3247.0,440.0,31.4,3.91,8.24,7889.0,1382.0,23.84,3.87,10.65,412.0,143.0,5.22,1.56,21.1,420.0,176.0,5.32,2.03,25.47,2423.0,587.0,30.71,5.14,14.73,1977.0,448.0,25.06,3.6,13.78,2657.0,725.0,33.68,7.05,16.59,24045.0,1362.0,72.68,6.29,3.44,995.0,270.0,4.14,1.1,16.5,1519.0,338.0,6.32,1.36,13.53,6235.0,644.0,25.93,2.24,6.28,8006.0,971.0,33.3,3.57,7.37,26590.0,1517.0,80.37,6.98,3.47,596.0,185.0,2.24,0.68,18.87,33018.0,2170.0,99.8,0.61,4.0,3219.0,494.0,9.75,1.35,9.33,6428.0,1121.0,19.43,3.14,10.6,284.0,194.0,4.42,2.92,41.53,20744.0,1301.0,62.7,5.68,3.81,1495.0,278.0,7.21,1.26,11.3,5846.0,634.0,17.67,1.53,6.59,1440.0,315.0,24.63,4.68,13.3,32795.0,2120.0,99.12,9.12,3.93,30380.0,2082.0,92.64,2.11,4.17,2302.0,747.0,7.02,2.23,19.73,113.0,87.0,0.34,0.26,46.8,33085.0,2165.0,100,,3.98,19774.0,1473.0,59.77,2.13,4.53,19042.0,1458.0,57.55,2.29,4.65,732.0,217.0,2.21,0.64,18.02,13311.0,1200.0,40.23,2.49,5.48,10182.0,931.0,76.49,1.17,5.56,3129.0,704.0,23.51,4.85,13.68,295.0,190.0,2.22,1.41,39.15,304.0,139.0,2.28,1.02,27.8,879.0,416.0,6.6,3.07,28.77,0.0,,0.0,,,11833.0,1172.0,88.9,3.65,6.02,0.0,,0.0,,,31415.0,1933.0,94.95,8.53,3.74,22977.0,1805.0,73.14,3.57,4.78,2510.0,569.0,7.99,1.74,13.78,2512.0,716.0,8.0,2.23,17.33,10093.0,536.0,97.6,7.34,3.23,9202.0,566.0,88.99,2.73,3.74,27690.0,1597.0,83.69,7.3,3.51,17711.0,1234.0,63.96,2.5,4.24,16438.0,1150.0,59.36,2.35,4.25,1206.0,337.0,4.36,1.19,16.99,67.0,70.0,0.24,0.25,63.51,9979.0,897.0,36.04,2.48,5.46,,,6.81,1.84,16.99,15996.0,1097.0,48.35,0.99,4.17,8041.0,761.0,50.27,3.28,5.75,823.0,210.0,5.15,1.26,15.51,4810.0,682.0,30.07,3.73,8.62,235.0,116.0,1.47,0.72,30.01,1764.0,389.0,11.03,2.31,13.41,16438.0,1150.0,49.68,1.23,4.25,0.0,,0.0,,,514.0,195.0,3.13,1.17,23.06,242.0,146.0,1.47,0.88,36.68,101.0,86.0,0.61,0.52,51.76,1587.0,328.0,9.65,1.88,12.56,2002.0,389.0,12.18,2.21,11.81,250.0,128.0,1.52,0.77,31.12,1110.0,246.0,6.75,1.42,13.47,1424.0,300.0,8.66,1.72,12.81,6454.0,725.0,39.26,3.45,6.83,931.0,307.0,5.66,1.83,20.05,603.0,202.0,3.67,1.2,20.36,1220.0,309.0,7.42,1.81,15.4,158.0,81.0,1.53,0.78,31.16,121.0,81.0,1.17,0.78,40.69,515.0,272.0,4.98,2.62,32.11,241.0,107.0,2.33,1.03,26.99,1035.0,343.0,10.01,3.27,20.15,1372.0,291.0,13.27,2.72,12.89,1313.0,298.0,12.7,2.8,13.8,2365.0,448.0,22.87,4.16,11.52,1384.0,249.0,13.38,2.3,10.94,1837.0,395.0,17.76,3.7,13.07,8784.0,579.0,84.94,3.3,4.01,4171.0,457.0,40.33,3.86,6.66,3348.0,447.0,32.38,3.96,8.12,644.0,213.0,6.23,2.03,20.11,334.0,123.0,3.23,1.18,22.39,1145.0,338.0,11.07,3.21,17.95,31046.0,2126.0,94.03,1.81,4.16,22082.0,1655.0,66.88,2.41,4.56,13095.0,1818.0,39.66,4.85,8.44,1972.0,414.0,5.97,1.19,12.76,15482.0,1348.0,46.79,2.69,5.29,17603.0,1213.0,53.21,1.15,4.19,1670.0,466.0,5.05,1.37,16.96,1531.0,379.0,4.63,1.1,15.05,1969.0,578.0,5.95,1.7,17.84,1843.0,348.0,5.57,0.99,11.48,2027.0,449.0,6.13,1.3,13.47,4953.0,684.0,14.97,1.82,8.4,4035.0,507.0,12.2,1.31,7.64,4095.0,711.0,12.38,1.99,10.55,2425.0,348.0,7.33,0.94,8.72,2691.0,416.0,8.13,1.14,9.4,3896.0,627.0,11.78,1.73,9.78,1350.0,285.0,4.08,0.82,12.83,600.0,153.0,1.81,0.45,15.5,6428.0,1121.0,19.43,3.14,10.6,26657.0,1508.0,80.57,6.97,3.44,5846.0,634.0,17.67,1.53,6.59,2474.0,671.0,7.48,1.97,16.49,2352.0,929.0,7.11,2.77,24.01,26337.0,1856.0,79.6,2.08,4.28,0.0,,0.0,,,655.0,347.0,1.98,1.04,32.2,0.0,,0.0,,,1267.0,378.0,3.83,1.11,18.14,3001.0,862.0,9.07,2.54,17.46,30084.0,2137.0,90.93,2.51,4.32,1857.0,754.0,5.61,2.25,24.68,25967.0,1838.0,78.49,2.12,4.3,0.0,,0.0,,,655.0,347.0,1.98,1.04,32.2,0.0,,0.0,,,545.0,368.0,1.65,1.11,41.05,1060.0,417.0,3.2,1.24,23.91
11385,11385,11385,37586.0,993.0,100,,1.61,10192.0,679.0,27.12,1.66,4.05,22833.0,1366.0,21.98,1.1,3.64,1561.0,303.0,6.84,1.26,11.8,1471.0,298.0,6.44,1.25,12.32,8678.0,846.0,38.01,2.93,5.93,3959.0,434.0,17.34,1.59,6.66,7164.0,681.0,31.38,2.32,5.78,74152.0,2287.0,71.39,3.2,1.87,7222.0,777.0,9.74,1.0,6.54,4835.0,545.0,6.52,0.71,6.85,20959.0,1429.0,28.26,1.72,4.14,25320.0,1306.0,34.15,1.41,3.14,83502.0,2682.0,80.39,3.67,1.95,1267.0,271.0,1.52,0.32,13.0,103738.0,3366.0,99.88,4.59,1.97,7853.0,837.0,7.57,0.77,6.48,20255.0,1345.0,19.5,1.13,4.04,545.0,211.0,2.69,1.03,23.54,70709.0,2650.0,68.08,1.27,2.28,3650.0,558.0,5.16,0.77,9.29,12774.0,975.0,12.3,0.85,4.64,3658.0,666.0,28.64,4.73,11.07,102479.0,3358.0,98.67,0.41,1.99,93646.0,3191.0,91.38,0.85,2.07,8014.0,896.0,7.82,0.84,6.8,819.0,292.0,0.8,0.28,21.67,103865.0,3376.0,100,,1.98,63206.0,2174.0,60.85,0.68,2.09,59815.0,2251.0,57.59,1.09,2.29,3391.0,515.0,3.26,0.48,9.23,40659.0,2468.0,39.15,2.01,3.69,21621.0,1633.0,53.18,2.39,4.59,19038.0,1691.0,46.82,3.04,5.4,13833.0,1335.0,34.02,2.55,5.87,5063.0,838.0,12.45,1.92,10.06,995.0,300.0,2.45,0.72,18.33,88.0,54.0,0.22,0.13,37.3,20467.0,2164.0,50.34,4.36,6.43,213.0,114.0,0.52,0.28,32.54,98013.0,3092.0,94.37,4.27,1.92,41364.0,1713.0,42.2,1.13,2.52,25206.0,1704.0,25.72,1.54,4.11,33707.0,2586.0,34.39,2.41,4.66,35657.0,1004.0,94.87,0.92,1.71,34754.0,984.0,92.47,0.94,1.72,85364.0,2719.0,82.19,3.74,1.94,58771.0,2321.0,68.85,1.61,2.4,54874.0,2235.0,64.28,1.63,2.48,3795.0,595.0,4.45,0.68,9.53,102.0,53.0,0.12,0.06,31.59,26593.0,1304.0,31.15,1.16,2.98,,,6.46,0.98,9.53,53475.0,2187.0,51.49,1.28,2.49,13310.0,1137.0,24.89,1.87,5.19,2117.0,387.0,3.96,0.71,11.11,26320.0,1519.0,49.22,2.0,3.51,3090.0,587.0,5.78,1.07,11.55,7016.0,780.0,13.12,1.36,6.76,54874.0,2235.0,52.83,1.3,2.48,7.0,11.0,0.01,0.02,95.53,5324.0,602.0,9.7,1.02,6.87,2397.0,451.0,4.37,0.8,11.44,1071.0,302.0,1.95,0.54,17.14,4695.0,589.0,8.56,1.02,7.63,4035.0,541.0,7.35,0.94,8.15,2170.0,326.0,3.95,0.57,9.13,3545.0,425.0,6.46,0.73,7.29,7950.0,695.0,14.49,1.12,5.31,11758.0,906.0,21.43,1.4,4.68,6746.0,813.0,12.29,1.39,7.33,3267.0,540.0,5.95,0.95,10.05,1909.0,326.0,3.48,0.58,10.38,1571.0,344.0,4.18,0.91,13.31,781.0,221.0,2.08,0.59,17.2,2214.0,426.0,5.89,1.12,11.7,2023.0,332.0,5.38,0.87,9.98,3646.0,595.0,9.7,1.56,9.92,6011.0,551.0,15.99,1.4,5.57,5325.0,552.0,14.17,1.42,6.3,6979.0,555.0,18.57,1.39,4.83,4539.0,483.0,12.08,1.24,6.47,4497.0,484.0,11.96,1.25,6.54,31155.0,985.0,82.89,1.44,1.92,8752.0,637.0,23.29,1.58,4.42,6527.0,499.0,17.37,1.25,4.65,1873.0,481.0,4.98,1.27,15.61,1629.0,353.0,4.33,0.93,13.17,4415.0,509.0,11.75,1.32,7.01,91041.0,2943.0,87.76,4.02,1.97,62159.0,2612.0,59.92,1.6,2.55,36841.0,1983.0,35.51,1.53,3.27,12697.0,1390.0,12.24,1.28,6.65,51143.0,1842.0,49.24,0.76,2.19,52722.0,2108.0,50.76,1.18,2.43,5852.0,787.0,5.63,0.74,8.18,5418.0,529.0,5.22,0.48,5.94,5979.0,714.0,5.76,0.66,7.26,5145.0,529.0,4.95,0.48,6.25,7319.0,720.0,7.05,0.65,5.98,20091.0,1113.0,19.34,0.87,3.37,15998.0,983.0,15.4,0.8,3.74,13235.0,842.0,12.74,0.7,3.87,6626.0,695.0,6.38,0.64,6.38,5417.0,566.0,5.22,0.52,6.35,8054.0,781.0,7.75,0.71,5.89,3260.0,362.0,3.14,0.33,6.75,1471.0,334.0,1.42,0.32,13.8,20261.0,1345.0,19.51,1.13,4.04,83604.0,2689.0,80.49,3.68,1.96,12785.0,975.0,12.31,0.85,4.64,18158.0,1923.0,17.48,1.76,6.44,55544.0,2264.0,53.48,1.32,2.48,3906.0,779.0,3.76,0.74,12.12,747.0,336.0,0.72,0.32,27.34,7205.0,1062.0,6.94,1.0,8.96,0.0,,0.0,,,18305.0,2158.0,17.62,2.0,7.17,47199.0,3077.0,45.44,2.57,3.96,56666.0,2204.0,54.56,1.17,2.36,44167.0,1962.0,42.52,1.29,2.7,2644.0,555.0,2.55,0.53,12.76,128.0,161.0,0.12,0.15,76.46,7152.0,1059.0,6.89,0.99,9.0,0.0,,0.0,,,453.0,196.0,0.44,0.19,26.3,2122.0,425.0,2.04,0.4,12.18
11411,11411,"11003, 11411",6518.0,381.0,100,,3.55,1714.0,231.0,26.3,3.19,8.19,4627.0,696.0,22.57,3.12,9.14,388.0,283.0,8.39,5.98,44.34,118.0,69.0,2.55,1.44,35.55,1628.0,366.0,35.18,5.88,13.67,760.0,191.0,16.43,3.31,15.28,1733.0,364.0,37.45,5.49,12.77,15593.0,832.0,76.06,6.09,3.24,599.0,172.0,3.84,1.08,17.46,644.0,147.0,4.13,0.92,13.88,4146.0,570.0,26.59,3.37,8.36,5540.0,553.0,35.53,3.0,6.07,17000.0,920.0,82.92,6.68,3.29,584.0,157.0,3.44,0.9,16.34,20484.0,1227.0,99.92,0.48,3.64,2645.0,362.0,12.91,1.59,8.32,3484.0,630.0,16.99,2.9,10.99,217.0,128.0,6.23,3.5,35.86,12277.0,847.0,59.88,2.07,4.19,1065.0,220.0,8.67,1.69,12.56,4723.0,455.0,23.04,1.74,5.86,1363.0,257.0,28.86,4.68,11.46,20323.0,1215.0,99.13,0.31,3.63,19394.0,1163.0,95.43,0.45,3.65,850.0,348.0,4.18,1.69,24.89,79.0,54.0,0.39,0.26,41.55,20501.0,1224.0,100,,3.63,12010.0,980.0,58.58,3.26,4.96,11741.0,989.0,57.27,3.4,5.12,269.0,90.0,1.31,0.43,20.34,8491.0,817.0,41.42,3.13,5.85,6176.0,658.0,72.74,3.33,6.48,2315.0,472.0,27.26,4.9,12.39,166.0,122.0,1.96,1.42,44.68,280.0,146.0,3.3,1.69,31.7,358.0,232.0,4.22,2.7,39.39,0.0,,0.0,,,7600.0,770.0,89.51,2.84,6.16,87.0,68.0,1.02,0.79,47.51,19572.0,1110.0,95.47,7.86,3.45,15724.0,1135.0,80.34,3.59,4.39,1129.0,301.0,5.77,1.5,16.21,1411.0,426.0,7.21,2.14,18.35,6159.0,393.0,94.49,2.42,3.88,5996.0,394.0,91.99,2.76,3.99,17418.0,952.0,84.96,6.88,3.32,10724.0,734.0,61.57,2.54,4.16,10123.0,730.0,58.12,2.73,4.38,584.0,157.0,3.35,0.88,16.34,17.0,22.0,0.1,0.13,78.67,6694.0,481.0,38.43,1.79,4.37,,,5.45,1.42,16.34,9864.0,723.0,48.11,2.05,4.46,5646.0,586.0,57.24,4.21,6.31,681.0,203.0,6.9,1.99,18.12,2726.0,364.0,27.64,3.08,8.12,67.0,47.0,0.68,0.47,42.64,634.0,179.0,6.43,1.75,17.16,10123.0,730.0,49.38,2.0,4.38,0.0,,0.0,,,478.0,132.0,4.72,1.26,16.79,125.0,62.0,1.23,0.61,30.15,111.0,56.0,1.1,0.55,30.67,834.0,179.0,8.24,1.67,13.05,1069.0,208.0,10.56,1.91,11.83,258.0,134.0,2.55,1.31,31.57,509.0,155.0,5.03,1.49,18.51,804.0,195.0,7.94,1.84,14.74,4203.0,487.0,41.52,3.77,7.04,382.0,146.0,3.77,1.42,23.23,455.0,174.0,4.49,1.69,23.25,895.0,229.0,8.84,2.17,15.55,185.0,76.0,2.84,1.15,24.97,89.0,48.0,1.37,0.73,32.79,238.0,77.0,3.65,1.16,19.67,331.0,201.0,5.08,3.07,36.91,421.0,139.0,6.46,2.1,20.07,841.0,166.0,12.9,2.43,12.0,621.0,138.0,9.53,2.04,13.51,1493.0,213.0,22.91,2.98,8.67,956.0,192.0,14.67,2.82,12.21,1343.0,204.0,20.6,2.89,9.23,5252.0,368.0,80.58,3.11,4.26,2969.0,257.0,45.55,2.91,5.26,2825.0,274.0,43.34,3.35,5.9,501.0,208.0,7.69,3.16,25.24,275.0,90.0,4.22,1.36,19.89,677.0,152.0,10.39,2.25,13.65,19550.0,1183.0,95.44,0.82,3.68,14854.0,1200.0,72.52,3.93,4.91,8126.0,659.0,39.67,2.17,4.93,934.0,240.0,4.56,1.14,15.62,9069.0,675.0,44.24,1.97,4.52,11432.0,797.0,55.76,2.01,4.24,929.0,341.0,4.53,1.64,22.31,798.0,202.0,3.89,0.96,15.39,1204.0,299.0,5.87,1.42,15.1,856.0,188.0,4.18,0.88,13.35,1121.0,241.0,5.47,1.13,13.07,2447.0,309.0,11.94,1.33,7.68,2398.0,413.0,11.7,1.89,10.47,2886.0,354.0,14.08,1.51,7.46,1612.0,287.0,7.86,1.32,10.82,1527.0,218.0,7.45,0.97,8.68,2293.0,382.0,11.18,1.74,10.13,1764.0,255.0,8.6,1.13,8.79,666.0,150.0,3.25,0.71,13.69,3484.0,630.0,16.99,2.9,10.99,17017.0,917.0,83.01,6.68,3.28,4723.0,455.0,23.04,1.74,5.86,1104.0,305.0,5.39,1.45,16.79,663.0,357.0,3.23,1.73,32.73,17469.0,1242.0,85.21,3.29,4.32,0.0,,0.0,,,451.0,235.0,2.2,1.14,31.68,0.0,,0.0,,,814.0,304.0,3.97,1.46,22.7,1537.0,371.0,7.5,1.75,14.67,18964.0,1238.0,92.5,2.44,3.97,383.0,197.0,1.87,0.95,31.27,17299.0,1249.0,84.38,3.43,4.39,0.0,,0.0,,,451.0,235.0,2.2,1.14,31.68,0.0,,0.0,,,244.0,159.0,1.19,0.77,39.61,587.0,233.0,2.86,1.12,24.13
11412,11412,11412,12095.0,496.0,100,,2.49,4203.0,377.0,34.75,2.77,5.45,9701.0,1137.0,23.46,2.47,7.12,797.0,317.0,8.22,3.12,24.18,480.0,174.0,4.95,1.7,22.04,3469.0,494.0,35.76,2.89,8.66,2365.0,344.0,24.38,2.1,8.84,2590.0,432.0,26.7,3.17,10.14,29265.0,1306.0,70.77,4.81,2.71,1256.0,255.0,4.29,0.85,12.34,1985.0,311.0,6.78,1.02,9.52,9174.0,745.0,31.35,2.13,4.94,7382.0,632.0,25.22,1.84,5.2,32866.0,1496.0,79.48,5.45,2.77,997.0,205.0,3.03,0.61,12.5,41340.0,2118.0,99.98,0.11,3.11,4594.0,504.0,11.11,1.08,6.67,8477.0,1045.0,20.5,2.3,7.49,288.0,89.0,3.4,0.96,18.79,26352.0,1404.0,63.73,0.93,3.24,1865.0,344.0,7.08,1.25,11.21,6511.0,474.0,15.75,0.81,4.43,2441.0,323.0,37.49,4.14,8.04,40997.0,2086.0,99.15,7.16,3.09,38709.0,1982.0,94.42,0.54,3.11,2164.0,602.0,5.28,1.44,16.91,124.0,66.0,0.3,0.16,32.36,41350.0,2118.0,100,,3.11,24124.0,1711.0,58.34,2.86,4.31,23290.0,1683.0,56.32,2.87,4.39,834.0,254.0,2.02,0.61,18.51,17226.0,1178.0,41.66,1.89,4.16,12764.0,926.0,74.1,1.79,4.41,4462.0,635.0,25.9,3.23,8.65,150.0,61.0,0.87,0.35,24.72,1219.0,387.0,7.08,2.19,19.3,821.0,350.0,4.77,2.01,25.92,0.0,,0.0,,,14941.0,1179.0,86.74,3.42,4.8,95.0,50.0,0.55,0.29,31.99,39026.0,1884.0,94.38,6.64,2.93,31834.0,1729.0,81.57,2.03,3.3,3219.0,524.0,8.25,1.28,9.9,2428.0,575.0,6.22,1.44,14.4,11782.0,498.0,97.41,1.0,2.57,10879.0,495.0,89.95,1.77,2.77,33920.0,1528.0,82.03,5.6,2.74,20794.0,1179.0,61.3,2.11,3.45,19898.0,1143.0,58.66,2.09,3.49,896.0,236.0,2.64,0.69,16.01,0.0,,0.0,,,13126.0,770.0,38.7,1.45,3.57,,,4.31,1.11,16.01,19216.0,1120.0,46.47,1.29,3.54,8928.0,820.0,46.46,3.3,5.58,833.0,205.0,4.33,1.04,14.96,7038.0,598.0,36.63,2.26,5.17,253.0,141.0,1.32,0.73,33.88,1750.0,339.0,9.11,1.68,11.78,19898.0,1143.0,48.12,1.25,3.49,0.0,,0.0,,,1126.0,275.0,5.66,1.34,14.85,331.0,106.0,1.66,0.52,19.47,85.0,57.0,0.43,0.29,40.77,1531.0,281.0,7.69,1.34,11.16,2462.0,339.0,12.37,1.55,8.37,480.0,180.0,2.41,0.89,22.8,1036.0,207.0,5.21,1.0,12.15,1723.0,249.0,8.66,1.15,8.79,7489.0,645.0,37.64,2.42,5.24,1286.0,322.0,6.46,1.58,15.22,673.0,137.0,3.38,0.66,12.37,1676.0,345.0,8.42,1.66,12.51,496.0,108.0,4.1,0.88,13.24,290.0,115.0,2.4,0.95,24.11,450.0,142.0,3.72,1.16,19.18,643.0,164.0,5.32,1.34,15.5,774.0,162.0,6.4,1.31,12.72,1851.0,332.0,15.3,2.67,10.9,1634.0,293.0,13.51,2.36,10.9,2609.0,321.0,21.57,2.5,7.48,1437.0,242.0,11.88,1.94,10.24,1911.0,248.0,15.8,1.95,7.89,9854.0,449.0,81.47,1.62,2.77,4536.0,408.0,37.5,3.0,5.47,3278.0,395.0,27.1,3.07,7.33,1032.0,206.0,8.53,1.67,12.13,388.0,143.0,3.21,1.17,22.4,2119.0,331.0,17.52,2.64,9.5,39063.0,2009.0,94.49,0.42,3.13,25982.0,1551.0,62.85,1.93,3.63,16446.0,1224.0,39.78,2.15,4.52,2277.0,462.0,5.51,1.08,12.33,18483.0,1016.0,44.7,0.89,3.34,22867.0,1388.0,55.3,1.8,3.69,2324.0,445.0,5.62,1.04,11.64,2059.0,374.0,4.98,0.87,11.04,2417.0,316.0,5.85,0.7,7.95,2472.0,342.0,5.98,0.77,8.41,2813.0,371.0,6.8,0.83,8.02,5791.0,631.0,14.0,1.35,6.62,5180.0,512.0,12.53,1.06,6.01,5410.0,525.0,13.08,1.08,5.9,3533.0,453.0,8.54,1.0,7.79,2840.0,412.0,6.87,0.93,8.82,3565.0,362.0,8.62,0.76,6.17,2068.0,314.0,5.0,0.71,9.23,878.0,188.0,2.12,0.44,13.02,8484.0,1044.0,20.52,2.3,7.48,32866.0,1496.0,79.48,5.45,2.77,6511.0,474.0,15.75,0.81,4.43,2205.0,649.0,5.33,1.55,17.89,639.0,266.0,1.55,0.64,25.31,32817.0,2103.0,79.36,3.06,3.9,211.0,137.0,0.51,0.33,39.47,1748.0,538.0,4.23,1.28,18.71,260.0,94.0,0.63,0.23,21.98,3470.0,632.0,8.39,1.47,11.07,3548.0,618.0,8.58,1.43,10.59,37802.0,2123.0,91.42,2.11,3.41,440.0,230.0,1.06,0.55,31.78,32103.0,2108.0,77.64,3.19,3.99,61.0,67.0,0.15,0.16,66.77,1747.0,538.0,4.22,1.28,18.72,260.0,94.0,0.63,0.23,21.98,1399.0,429.0,3.38,1.02,18.64,1792.0,646.0,4.33,1.55,21.91
11413,11413,11413,13712.0,695.0,100,,3.08,5013.0,506.0,36.56,3.19,6.14,11282.0,1049.0,25.03,1.76,5.65,556.0,190.0,4.93,1.62,20.77,528.0,181.0,4.68,1.54,20.84,4119.0,580.0,36.51,3.86,8.56,2910.0,444.0,25.79,3.12,9.28,3169.0,392.0,28.09,2.29,7.52,31554.0,1735.0,70.01,5.74,3.34,1020.0,247.0,3.23,0.76,14.72,1484.0,279.0,4.7,0.85,11.43,9584.0,902.0,30.37,2.32,5.72,9293.0,686.0,29.45,1.45,4.49,35601.0,2029.0,78.99,6.58,3.46,1101.0,248.0,3.09,0.67,13.69,44886.0,2736.0,99.59,0.47,3.71,4051.0,449.0,9.03,0.84,6.74,9397.0,1111.0,20.85,2.11,7.19,232.0,118.0,2.47,1.22,30.92,28917.0,1949.0,64.16,1.87,4.1,2065.0,337.0,7.14,1.06,9.92,6572.0,467.0,14.58,0.54,4.32,1754.0,275.0,26.69,3.73,9.53,44629.0,2664.0,99.02,8.43,3.63,42433.0,2567.0,95.08,0.93,3.68,2073.0,660.0,4.64,1.45,19.35,123.0,110.0,0.28,0.25,54.37,45072.0,2739.0,100,,3.69,27283.0,1959.0,60.53,2.32,4.36,26614.0,1899.0,59.05,2.21,4.34,669.0,215.0,1.48,0.47,19.54,17789.0,1364.0,39.47,1.85,4.66,13775.0,1077.0,77.44,1.18,4.75,4014.0,710.0,22.56,3.6,10.75,206.0,90.0,1.16,0.5,26.56,459.0,230.0,2.58,1.28,30.46,873.0,276.0,4.91,1.51,19.22,0.0,,0.0,,,16212.0,1341.0,91.13,2.83,5.03,39.0,38.0,0.22,0.21,59.23,43080.0,2465.0,95.58,7.98,3.48,36134.0,2332.0,83.88,2.5,3.92,2698.0,628.0,6.26,1.41,14.15,2506.0,761.0,5.82,1.73,18.46,13172.0,685.0,96.06,1.12,3.16,12251.0,657.0,89.35,1.57,3.26,36814.0,2068.0,81.68,6.76,3.41,23286.0,1569.0,63.25,2.35,4.1,22227.0,1452.0,60.38,2.01,3.97,993.0,281.0,2.7,0.75,17.2,66.0,67.0,0.18,0.18,61.71,13528.0,948.0,36.75,1.54,4.26,,,4.26,1.17,17.2,21336.0,1459.0,47.34,1.48,4.16,10599.0,934.0,49.68,2.76,5.36,1210.0,305.0,5.67,1.38,15.32,6271.0,700.0,29.39,2.59,6.79,365.0,129.0,1.71,0.59,21.48,2308.0,398.0,10.82,1.71,10.48,22227.0,1452.0,49.31,1.18,3.97,53.0,51.0,0.24,0.23,58.5,1294.0,294.0,5.82,1.27,13.81,351.0,122.0,1.58,0.54,21.13,148.0,91.0,0.67,0.41,37.38,1523.0,334.0,6.85,1.43,13.33,2649.0,419.0,11.92,1.72,9.62,465.0,174.0,2.09,0.77,22.75,1309.0,266.0,5.89,1.13,12.35,1672.0,304.0,7.52,1.28,11.05,9007.0,807.0,40.52,2.48,5.45,1188.0,292.0,5.34,1.27,14.94,1240.0,275.0,5.58,1.18,13.48,1328.0,235.0,5.97,0.98,10.76,328.0,143.0,2.39,1.04,26.5,232.0,151.0,1.69,1.1,39.57,448.0,180.0,3.27,1.3,24.42,259.0,93.0,1.89,0.67,21.83,925.0,238.0,6.75,1.7,15.64,1600.0,264.0,11.67,1.83,10.03,1848.0,376.0,13.48,2.66,12.37,3633.0,403.0,26.5,2.61,6.74,2462.0,333.0,17.96,2.25,8.22,1977.0,282.0,14.42,1.92,8.67,11760.0,700.0,85.76,2.68,3.62,5240.0,378.0,38.21,1.96,4.39,4094.0,406.0,29.86,2.54,6.03,523.0,130.0,3.81,0.93,15.11,503.0,189.0,3.67,1.37,22.84,1911.0,333.0,13.94,2.32,10.59,42115.0,2553.0,93.83,8.07,3.69,30510.0,1892.0,67.97,0.78,3.77,16653.0,1692.0,37.1,3.02,6.18,2771.0,629.0,6.17,1.35,13.8,19957.0,1458.0,44.28,1.8,4.44,25115.0,1653.0,55.72,1.41,4.0,1992.0,470.0,4.42,1.01,14.34,2151.0,414.0,4.77,0.87,11.7,3307.0,490.0,7.34,0.99,9.01,3022.0,402.0,6.7,0.79,8.09,3046.0,477.0,6.76,0.98,9.52,6175.0,815.0,13.7,1.61,8.02,6067.0,603.0,13.46,1.06,6.04,6254.0,662.0,13.88,1.2,6.43,3571.0,371.0,7.92,0.67,6.32,2915.0,516.0,6.47,1.08,10.76,3555.0,375.0,7.89,0.68,6.41,2059.0,265.0,4.57,0.52,7.82,958.0,235.0,2.13,0.51,14.91,9405.0,1111.0,20.87,2.11,7.18,35667.0,2031.0,79.13,6.59,3.46,6572.0,467.0,14.58,0.54,4.32,1724.0,787.0,3.82,1.73,27.75,737.0,294.0,1.64,0.64,24.25,38579.0,2355.0,85.59,0.49,3.71,109.0,88.0,0.24,0.19,49.08,703.0,324.0,1.56,0.71,28.02,0.0,,0.0,,,3220.0,993.0,7.14,2.16,18.75,3910.0,961.0,8.68,2.07,14.94,41162.0,2401.0,91.32,7.69,3.55,555.0,237.0,1.23,0.52,25.96,37755.0,2340.0,83.77,1.02,3.77,90.0,84.0,0.2,0.19,56.74,685.0,320.0,1.52,0.7,28.4,0.0,,0.0,,,1053.0,535.0,2.34,1.18,30.89,1024.0,588.0,2.27,1.3,34.91
11414,11414,11414,11523.0,759.0,100,,4.0,3503.0,638.0,30.4,5.16,11.07,7338.0,1564.0,23.6,4.56,12.96,1206.0,412.0,16.43,4.39,20.77,572.0,290.0,7.8,3.59,30.82,2916.0,964.0,39.74,10.04,20.1,1221.0,553.0,16.64,6.65,27.53,1423.0,511.0,19.39,5.6,21.83,22530.0,1679.0,72.47,8.49,4.53,1647.0,538.0,7.31,2.32,19.86,1380.0,379.0,6.13,1.62,16.7,6260.0,859.0,27.79,3.2,8.34,7044.0,1066.0,31.26,4.12,9.2,23873.0,1717.0,76.79,8.87,4.37,1005.0,302.0,4.21,1.23,18.27,31075.0,2807.0,99.95,12.77,5.49,4969.0,778.0,15.99,2.04,9.52,7202.0,1477.0,23.17,4.26,12.47,475.0,294.0,6.6,3.85,37.63,16168.0,1740.0,52.0,3.04,6.54,1306.0,476.0,8.08,2.81,22.16,7705.0,799.0,24.78,1.26,6.3,3188.0,624.0,41.38,6.87,11.9,30801.0,2828.0,99.07,1.58,5.58,28954.0,2830.0,94.0,3.15,5.94,1691.0,844.0,5.49,2.69,30.34,156.0,110.0,0.51,0.35,42.86,31090.0,2811.0,100,,5.5,24906.0,2384.0,80.11,2.52,5.82,23577.0,2447.0,75.83,3.86,6.31,1329.0,573.0,4.27,1.8,26.21,6184.0,1229.0,19.89,3.52,12.08,5243.0,1063.0,84.78,3.4,12.33,941.0,477.0,15.22,7.1,30.82,2664.0,666.0,43.08,6.53,15.2,759.0,490.0,12.27,7.54,39.25,143.0,145.0,2.31,2.3,61.64,0.0,,0.0,,,2604.0,810.0,42.11,10.08,18.91,14.0,21.0,0.23,0.34,91.19,28450.0,2593.0,91.51,1.05,5.54,17868.0,2216.0,62.8,5.28,7.54,2616.0,731.0,9.2,2.43,16.99,4829.0,1043.0,16.97,3.32,13.13,10353.0,862.0,89.85,4.58,5.06,10180.0,795.0,88.35,3.71,4.75,24528.0,1879.0,78.89,9.35,4.66,13685.0,1667.0,55.79,5.28,7.4,12531.0,1620.0,51.09,5.32,7.86,1139.0,540.0,4.64,2.17,28.82,15.0,24.0,0.06,0.1,97.26,10843.0,1037.0,44.21,2.53,5.81,,,8.32,3.81,28.82,12266.0,1603.0,39.45,3.72,7.94,7226.0,1274.0,58.91,6.97,10.72,778.0,333.0,6.34,2.59,26.02,2652.0,588.0,21.62,3.87,13.48,314.0,188.0,2.56,1.5,36.4,1029.0,364.0,8.39,2.76,21.5,12531.0,1620.0,40.31,3.72,7.86,17.0,28.0,0.14,0.22,100.13,1129.0,386.0,9.01,2.85,20.78,255.0,167.0,2.03,1.31,39.81,165.0,100.0,1.32,0.78,36.84,843.0,416.0,6.73,3.2,30.0,1346.0,335.0,10.74,2.28,15.13,328.0,212.0,2.62,1.66,39.29,1206.0,363.0,9.62,2.62,18.3,1324.0,387.0,10.57,2.77,17.77,3874.0,906.0,30.92,6.02,14.22,881.0,342.0,7.03,2.57,23.6,459.0,204.0,3.66,1.56,27.02,704.0,292.0,5.62,2.21,25.21,651.0,260.0,5.65,2.23,24.28,540.0,326.0,4.69,2.81,36.7,481.0,157.0,4.17,1.33,19.84,490.0,190.0,4.25,1.62,23.57,1099.0,304.0,9.54,2.56,16.82,1560.0,357.0,13.54,2.97,13.91,1202.0,343.0,10.43,2.9,17.35,1886.0,362.0,16.37,2.95,11.67,1350.0,334.0,11.72,2.79,15.04,2264.0,640.0,19.65,5.4,17.18,8025.0,744.0,69.64,4.54,5.64,5487.0,605.0,47.62,4.21,6.7,3652.0,552.0,31.69,4.31,9.19,566.0,239.0,4.91,2.05,25.67,240.0,155.0,2.08,1.34,39.26,1165.0,337.0,10.11,2.85,17.58,30172.0,2767.0,97.09,1.54,5.57,24031.0,2924.0,77.33,6.3,7.4,11098.0,1179.0,35.71,2.0,6.46,903.0,307.0,2.91,0.95,20.67,15267.0,1573.0,49.11,2.43,6.26,15823.0,1536.0,50.89,1.8,5.9,2640.0,645.0,8.49,1.93,14.85,2164.0,790.0,6.96,2.46,22.19,1518.0,591.0,4.88,1.85,23.67,1469.0,511.0,4.72,1.59,21.15,769.0,302.0,2.47,0.95,23.87,2669.0,724.0,8.58,2.2,16.49,4279.0,777.0,13.76,2.17,11.04,4032.0,754.0,12.97,2.12,11.37,1873.0,528.0,6.02,1.61,17.14,1972.0,469.0,6.34,1.4,14.46,4017.0,615.0,12.92,1.6,9.31,2030.0,533.0,6.53,1.61,15.96,1658.0,465.0,5.33,1.42,17.05,7202.0,1477.0,23.17,4.26,12.47,23888.0,1719.0,76.83,8.88,4.37,7705.0,799.0,24.78,1.26,6.3,3914.0,1322.0,12.59,4.1,20.53,20701.0,2654.0,66.58,6.05,7.79,1917.0,759.0,6.17,2.38,24.07,71.0,68.0,0.23,0.22,58.22,1485.0,1063.0,4.78,3.39,43.52,0.0,,0.0,,,3002.0,982.0,9.66,3.04,19.89,7800.0,1397.0,25.09,3.88,10.89,23290.0,2660.0,74.91,5.23,6.94,19052.0,2520.0,61.28,5.92,8.04,1633.0,733.0,5.25,2.31,27.29,0.0,,0.0,,,1485.0,1063.0,4.78,3.39,43.52,0.0,,0.0,,,67.0,78.0,0.22,0.25,70.77,1053.0,619.0,3.39,1.97,35.74
11420,11420,11420,13975.0,625.0,100,,2.72,5094.0,563.0,36.45,3.68,6.72,11306.0,1034.0,22.58,1.66,5.56,670.0,192.0,5.93,1.61,17.42,797.0,283.0,7.05,2.42,21.59,3895.0,526.0,34.45,3.42,8.21,2402.0,415.0,21.25,3.11,10.5,3542.0,480.0,31.33,3.13,8.24,36016.0,1984.0,71.95,0.59,3.35,4746.0,615.0,13.18,1.55,7.88,3086.0,481.0,8.57,1.25,9.48,11964.0,1111.0,33.22,2.48,5.65,7849.0,760.0,21.79,1.74,5.89,40609.0,2205.0,81.12,6.24,3.3,730.0,193.0,1.8,0.47,16.07,50047.0,2726.0,99.97,7.7,3.31,4384.0,650.0,8.76,1.21,9.01,9439.0,1037.0,18.86,1.8,6.68,246.0,121.0,2.61,1.25,29.9,33248.0,1974.0,66.42,1.57,3.61,2261.0,437.0,6.8,1.25,11.75,7360.0,861.0,14.7,1.52,7.11,1877.0,374.0,25.5,4.11,12.11,49552.0,2672.0,98.99,7.59,3.28,47295.0,2688.0,95.45,1.71,3.46,2070.0,607.0,4.18,1.2,17.83,187.0,129.0,0.38,0.26,41.94,50060.0,2727.0,100,,3.31,23468.0,1822.0,46.88,2.59,4.72,22278.0,1817.0,44.5,2.7,4.96,1190.0,312.0,2.38,0.61,15.94,26592.0,1752.0,53.12,1.97,4.01,17800.0,1300.0,66.94,2.11,4.44,8792.0,1169.0,33.06,3.82,8.08,239.0,127.0,0.9,0.47,32.3,4103.0,847.0,15.43,3.02,12.55,112.0,65.0,0.42,0.24,35.28,0.0,,0.0,,,22125.0,1571.0,83.2,2.2,4.32,13.0,15.0,0.05,0.06,70.14,47498.0,2587.0,94.88,7.31,3.31,33485.0,2102.0,70.5,2.2,3.82,5755.0,810.0,12.12,1.57,8.56,7857.0,1189.0,16.54,2.34,9.2,13530.0,643.0,96.82,1.56,2.89,13205.0,642.0,94.49,1.8,2.96,41717.0,2297.0,83.33,0.67,3.35,26755.0,1733.0,64.13,2.19,3.94,24235.0,1599.0,58.09,2.11,4.01,2512.0,504.0,6.02,1.16,12.2,8.0,11.0,0.02,0.03,83.59,14962.0,975.0,35.87,1.25,3.96,,,9.39,1.78,12.2,23642.0,1578.0,47.23,1.82,4.06,10717.0,941.0,45.33,2.59,5.34,1960.0,460.0,8.29,1.87,14.27,8112.0,918.0,34.31,3.14,6.88,618.0,244.0,2.61,1.02,24.0,1795.0,382.0,7.59,1.53,12.94,24235.0,1599.0,48.41,1.8,4.01,99.0,109.0,0.41,0.45,66.93,2136.0,596.0,8.81,2.39,16.96,882.0,238.0,3.64,0.95,16.4,429.0,152.0,1.77,0.62,21.54,2270.0,454.0,9.37,1.77,12.16,3436.0,609.0,14.18,2.33,10.77,357.0,147.0,1.47,0.6,25.03,2025.0,406.0,8.36,1.58,12.19,2265.0,447.0,9.35,1.74,12.0,6401.0,735.0,26.41,2.48,6.98,1494.0,335.0,6.16,1.32,13.63,1360.0,272.0,5.61,1.06,12.16,1081.0,266.0,4.46,1.06,14.96,498.0,145.0,3.56,1.03,17.7,283.0,120.0,2.03,0.85,25.78,554.0,158.0,3.96,1.12,17.34,617.0,159.0,4.42,1.12,15.67,1299.0,289.0,9.3,2.03,13.52,1741.0,299.0,12.46,2.07,10.44,2132.0,416.0,15.26,2.9,11.86,2940.0,412.0,21.04,2.79,8.52,1974.0,300.0,14.13,2.05,9.24,1937.0,349.0,13.86,2.42,10.95,12393.0,677.0,88.68,2.78,3.32,4496.0,483.0,32.17,3.14,6.53,2937.0,357.0,21.02,2.38,7.39,897.0,247.0,6.42,1.74,16.74,566.0,196.0,4.05,1.39,21.05,2111.0,395.0,15.11,2.74,11.37,44268.0,2673.0,88.45,2.31,3.67,29289.0,2007.0,58.52,2.43,4.17,19209.0,1771.0,38.38,2.86,5.6,5779.0,877.0,11.55,1.64,9.23,25941.0,1590.0,51.82,1.46,3.73,24119.0,1463.0,48.18,1.29,3.69,2562.0,598.0,5.12,1.16,14.19,2521.0,421.0,5.04,0.79,10.15,2566.0,412.0,5.13,0.77,9.76,2897.0,531.0,5.79,1.01,11.14,3498.0,533.0,6.99,0.99,9.26,7497.0,819.0,14.98,1.42,6.64,5724.0,690.0,11.43,1.23,7.33,6970.0,761.0,13.92,1.32,6.64,4393.0,586.0,8.78,1.07,8.11,4072.0,607.0,8.13,1.13,9.06,5119.0,795.0,10.23,1.49,9.44,1800.0,282.0,3.6,0.53,9.52,441.0,137.0,0.88,0.27,18.88,9443.0,1037.0,18.86,1.8,6.68,40617.0,2207.0,81.14,6.24,3.3,7360.0,861.0,14.7,1.52,7.11,8560.0,1618.0,17.1,3.09,11.49,3505.0,828.0,7.0,1.61,14.36,10464.0,1218.0,20.9,2.15,7.08,1069.0,418.0,2.14,0.83,23.77,17081.0,1846.0,34.12,3.18,6.57,49.0,78.0,0.1,0.16,96.77,9332.0,1401.0,18.64,2.61,9.13,10769.0,1596.0,21.51,2.96,9.01,39291.0,2228.0,78.49,1.24,3.45,2197.0,715.0,4.39,1.41,19.78,10106.0,1183.0,20.19,2.09,7.12,871.0,377.0,1.74,0.75,26.31,16987.0,1837.0,33.93,3.17,6.57,49.0,78.0,0.1,0.16,96.77,4206.0,759.0,8.4,1.45,10.97,4875.0,1275.0,9.74,2.49,15.9
11418,11418,11418,11608.0,716.0,100,,3.75,3885.0,460.0,33.47,3.38,7.2,9013.0,1115.0,24.83,2.6,7.52,505.0,195.0,5.6,2.05,23.47,352.0,221.0,3.91,2.4,38.17,3777.0,715.0,41.91,6.0,11.51,1629.0,351.0,18.07,3.19,13.1,2750.0,334.0,30.51,5.29,7.38,25171.0,1331.0,69.33,5.86,3.21,2675.0,402.0,10.63,1.49,9.14,2070.0,356.0,8.22,1.35,10.45,7258.0,941.0,28.83,3.41,7.88,8158.0,819.0,32.41,2.77,6.1,28282.0,1665.0,77.9,6.88,3.58,547.0,177.0,1.93,0.62,19.67,35850.0,2398.0,98.75,1.12,4.07,4021.0,402.0,11.22,0.83,6.08,7994.0,1128.0,22.02,2.75,8.58,247.0,112.0,3.09,1.33,27.56,22241.0,1573.0,61.26,1.57,4.3,1852.0,316.0,8.33,1.29,10.37,5615.0,689.0,15.47,1.6,7.46,1922.0,258.0,34.23,1.86,8.16,35636.0,2295.0,98.16,9.05,3.91,32770.0,2295.0,91.96,2.53,4.26,2312.0,478.0,6.49,1.27,12.57,554.0,240.0,1.55,0.67,26.34,36304.0,2393.0,100,,4.01,18458.0,1696.0,50.84,3.25,5.59,17470.0,1741.0,48.12,3.6,6.06,988.0,254.0,2.72,0.68,15.63,17846.0,1416.0,49.16,2.17,4.82,11460.0,953.0,64.22,1.6,5.06,6386.0,1059.0,35.78,5.21,10.08,1164.0,330.0,6.52,1.78,17.23,5277.0,877.0,29.57,4.32,10.1,199.0,117.0,1.12,0.65,35.74,20.0,28.0,0.11,0.16,85.11,11157.0,1088.0,62.52,3.54,5.93,29.0,36.0,0.16,0.2,75.46,34143.0,2224.0,94.05,8.72,3.96,14026.0,1452.0,41.08,3.31,6.29,8569.0,973.0,25.1,2.33,6.9,11836.0,1306.0,34.67,3.09,6.71,11074.0,696.0,95.4,1.15,3.82,10770.0,704.0,92.78,2.01,3.97,29250.0,1752.0,80.57,7.18,3.64,18617.0,1351.0,63.65,2.61,4.41,17542.0,1319.0,59.97,2.73,4.57,1047.0,242.0,3.58,0.8,14.05,28.0,30.0,0.1,0.1,65.13,10633.0,822.0,36.35,1.78,4.7,,,5.62,1.23,14.05,16996.0,1315.0,46.82,1.9,4.7,5839.0,879.0,34.36,4.44,9.15,959.0,271.0,5.64,1.53,17.18,7507.0,669.0,44.17,1.95,5.42,826.0,220.0,4.86,1.24,16.19,1545.0,389.0,9.09,2.18,15.31,17542.0,1319.0,48.32,1.75,4.57,0.0,,0.0,,,1421.0,408.0,8.1,2.24,17.45,506.0,140.0,2.88,0.77,16.82,329.0,184.0,1.88,1.04,34.0,1805.0,275.0,10.29,1.36,9.26,2368.0,564.0,13.5,3.05,14.48,520.0,274.0,2.96,1.55,32.03,1138.0,271.0,6.49,1.47,14.48,2131.0,344.0,12.15,1.74,9.81,4914.0,616.0,28.01,2.81,7.62,1143.0,240.0,6.52,1.28,12.76,777.0,175.0,4.43,0.94,13.69,490.0,157.0,2.79,0.87,19.48,495.0,147.0,4.26,1.24,18.05,216.0,126.0,1.86,1.08,35.46,504.0,150.0,4.34,1.26,18.09,658.0,203.0,5.67,1.71,18.75,1232.0,350.0,10.61,2.94,17.27,1982.0,460.0,17.07,3.82,14.11,1533.0,277.0,13.21,2.24,10.98,2215.0,325.0,19.08,2.54,8.92,1225.0,287.0,10.55,2.39,14.24,1548.0,236.0,13.34,1.86,9.27,10028.0,749.0,86.39,3.64,4.54,3641.0,443.0,31.37,3.29,7.4,2435.0,415.0,20.98,3.33,10.36,670.0,195.0,5.77,1.64,17.69,521.0,161.0,4.49,1.36,18.79,1492.0,233.0,12.85,1.84,9.49,33089.0,2298.0,92.3,1.72,4.22,21928.0,1764.0,61.17,2.73,4.89,15247.0,1892.0,42.53,4.45,7.54,2761.0,693.0,7.7,1.86,15.26,18239.0,1551.0,50.24,2.7,5.17,18065.0,1185.0,49.76,4.63,3.99,2161.0,454.0,5.95,1.19,12.77,1970.0,432.0,5.43,1.13,13.33,2676.0,523.0,7.37,1.36,11.88,2010.0,415.0,5.54,1.08,12.55,2316.0,526.0,6.38,1.39,13.81,4886.0,601.0,13.46,1.4,7.48,4417.0,550.0,12.17,1.29,7.57,4747.0,548.0,13.08,1.24,7.02,2468.0,428.0,6.8,1.09,10.54,2711.0,356.0,7.47,0.85,7.98,3838.0,590.0,10.57,1.47,9.35,1554.0,312.0,4.28,0.81,12.2,550.0,136.0,1.51,0.36,15.03,7994.0,1128.0,22.02,2.75,8.58,28310.0,1672.0,77.98,6.9,3.59,5942.0,681.0,16.37,1.53,6.97,5765.0,1252.0,15.88,3.29,13.2,8341.0,1204.0,22.98,2.95,8.77,2968.0,694.0,8.18,1.83,14.21,513.0,201.0,1.41,0.55,23.82,8714.0,1261.0,24.0,3.09,8.8,0.0,,0.0,,,10003.0,1127.0,27.55,2.52,6.85,14891.0,1701.0,41.02,3.83,6.94,21413.0,1948.0,58.98,3.7,5.53,6469.0,1037.0,17.82,2.6,9.74,2747.0,692.0,7.57,1.84,15.31,133.0,104.0,0.37,0.29,47.54,8677.0,1262.0,23.9,3.1,8.84,0.0,,0.0,,,1396.0,496.0,3.85,1.34,21.6,1991.0,590.0,5.48,1.58,18.01
11419,11419,11419,13020.0,659.0,100,,3.08,4235.0,407.0,32.53,2.66,5.84,10480.0,962.0,22.33,1.73,5.58,671.0,245.0,6.4,2.26,22.2,475.0,159.0,4.53,1.46,20.35,3542.0,444.0,33.8,2.89,7.62,2077.0,365.0,19.82,2.97,10.68,3715.0,512.0,35.45,3.64,8.38,34825.0,1660.0,74.19,5.08,2.9,6213.0,857.0,17.84,2.31,8.39,3317.0,484.0,9.52,1.31,8.87,11575.0,1180.0,33.24,3.0,6.2,7200.0,785.0,20.67,2.03,6.63,39000.0,1888.0,83.09,5.73,2.94,530.0,272.0,1.36,0.69,31.2,46874.0,2315.0,99.86,0.44,3.0,4990.0,606.0,10.65,1.18,7.38,7883.0,844.0,16.79,1.6,6.51,186.0,84.0,2.36,1.04,27.45,30682.0,1778.0,65.37,2.0,3.52,2084.0,355.0,6.79,1.09,10.36,8309.0,816.0,17.7,1.5,5.97,2720.0,453.0,32.74,4.4,10.12,46664.0,2271.0,99.42,6.88,2.96,44133.0,2176.0,94.58,0.75,3.0,2123.0,501.0,4.55,1.05,14.35,408.0,237.0,0.87,0.51,35.31,46938.0,2309.0,100,,2.99,16085.0,1161.0,34.27,1.81,4.39,14960.0,1057.0,31.87,1.62,4.3,1125.0,323.0,2.4,0.68,17.45,30853.0,1718.0,65.73,1.71,3.39,20029.0,1333.0,64.92,2.37,4.05,10824.0,1298.0,35.08,3.73,7.29,279.0,114.0,0.9,0.37,24.84,7881.0,1104.0,25.54,3.28,8.52,80.0,60.0,0.26,0.19,45.59,13.0,20.0,0.04,0.06,93.52,22538.0,1536.0,73.05,2.87,4.14,62.0,48.0,0.2,0.16,47.06,45000.0,2132.0,95.87,6.55,2.88,26520.0,1790.0,58.93,2.83,4.1,9027.0,994.0,20.06,1.99,6.69,7917.0,1235.0,17.59,2.61,9.48,12532.0,708.0,96.25,2.42,3.43,11733.0,670.0,90.12,2.38,3.47,40162.0,1939.0,85.56,5.9,2.93,24384.0,1365.0,60.71,1.72,3.4,22367.0,1374.0,55.69,2.12,3.73,1970.0,437.0,4.91,1.06,13.48,47.0,64.0,0.12,0.16,82.78,15778.0,1115.0,39.29,2.03,4.3,,,8.08,1.73,13.48,22048.0,1348.0,46.97,1.71,3.72,8058.0,860.0,36.55,3.2,6.49,1501.0,280.0,6.81,1.2,11.34,9118.0,872.0,41.36,3.04,5.81,1631.0,389.0,7.4,1.71,14.5,1400.0,266.0,6.35,1.14,11.55,22367.0,1374.0,47.65,1.75,3.73,0.0,,0.0,,,1509.0,294.0,6.75,1.25,11.84,923.0,216.0,4.13,0.93,14.23,550.0,238.0,2.46,1.05,26.31,2402.0,450.0,10.74,1.9,11.39,2867.0,507.0,12.82,2.13,10.75,286.0,109.0,1.28,0.48,23.17,1493.0,273.0,6.68,1.15,11.12,2041.0,351.0,9.13,1.47,10.45,6256.0,733.0,27.97,2.79,7.12,1663.0,352.0,7.44,1.51,12.87,1302.0,375.0,5.82,1.64,17.51,1075.0,269.0,4.81,1.17,15.21,630.0,258.0,4.84,1.97,24.9,274.0,116.0,2.1,0.88,25.74,672.0,243.0,5.16,1.85,21.98,979.0,344.0,7.52,2.61,21.36,1186.0,316.0,9.11,2.38,16.2,1484.0,231.0,11.4,1.68,9.46,1910.0,511.0,14.67,3.85,16.26,2746.0,380.0,21.09,2.72,8.41,1486.0,274.0,11.41,2.02,11.21,1653.0,238.0,12.7,1.71,8.75,11212.0,677.0,86.11,2.84,3.67,4555.0,508.0,34.98,3.48,6.78,2354.0,376.0,18.08,2.74,9.71,891.0,232.0,6.84,1.75,15.83,788.0,170.0,6.05,1.27,13.11,2871.0,388.0,22.05,2.76,8.22,42455.0,2099.0,90.57,0.21,3.01,23445.0,1703.0,50.02,2.66,4.42,22686.0,1542.0,48.4,2.26,4.13,4419.0,735.0,9.43,1.5,10.11,24125.0,1307.0,51.4,1.17,3.29,22813.0,1339.0,48.6,1.56,3.57,1938.0,415.0,4.13,0.86,13.02,1949.0,347.0,4.15,0.71,10.82,2494.0,403.0,5.31,0.82,9.82,2571.0,412.0,5.48,0.84,9.74,3161.0,495.0,6.73,1.0,9.52,6973.0,762.0,14.86,1.45,6.64,5939.0,561.0,12.65,1.02,5.74,6254.0,632.0,13.32,1.18,6.14,3830.0,452.0,8.16,0.88,7.17,3520.0,568.0,7.5,1.15,9.81,5187.0,550.0,11.05,1.04,6.45,2644.0,696.0,5.63,1.46,16.0,478.0,154.0,1.02,0.32,19.59,7891.0,844.0,16.81,1.6,6.5,39047.0,1879.0,83.19,5.72,2.93,8309.0,816.0,17.7,1.5,5.97,7261.0,1483.0,15.47,3.07,12.42,2618.0,529.0,5.58,1.09,12.28,5553.0,958.0,11.83,1.96,10.49,1181.0,514.0,2.52,1.09,26.46,16158.0,1595.0,34.42,2.95,6.0,151.0,177.0,0.32,0.38,71.26,14016.0,1605.0,29.86,3.09,6.96,9672.0,1309.0,20.61,2.6,8.23,37266.0,2215.0,79.39,2.65,3.61,1674.0,406.0,3.57,0.85,14.74,5209.0,929.0,11.1,1.9,10.84,600.0,434.0,1.28,0.92,43.97,16143.0,1594.0,34.39,2.94,6.0,130.0,174.0,0.28,0.37,81.37,9236.0,1218.0,19.68,2.41,8.02,4274.0,1033.0,9.11,2.15,14.69
11423,11423,11423,9824.0,609.0,100,,3.77,2533.0,361.0,25.78,3.31,8.66,6669.0,742.0,22.91,2.14,6.76,256.0,131.0,3.84,1.92,31.11,149.0,106.0,2.23,1.57,43.25,2473.0,387.0,37.08,4.08,9.51,1314.0,254.0,19.7,3.11,11.75,2477.0,459.0,37.14,5.5,11.26,21382.0,1322.0,73.47,1.05,3.76,1729.0,284.0,8.09,1.23,9.99,1564.0,267.0,7.31,1.16,10.38,5508.0,655.0,25.76,2.62,7.23,7339.0,875.0,34.32,3.5,7.25,23828.0,1518.0,81.87,1.72,3.87,439.0,164.0,1.84,0.68,22.71,28763.0,1753.0,98.82,0.96,3.7,3611.0,604.0,12.55,1.96,10.17,5274.0,637.0,18.12,1.9,7.34,127.0,34.0,2.41,0.58,16.27,18033.0,1399.0,61.96,3.03,4.72,1378.0,311.0,7.64,1.62,13.72,5456.0,783.0,18.75,2.44,8.72,2106.0,459.0,38.6,6.33,13.25,29039.0,1752.0,99.77,0.45,3.67,27434.0,1784.0,94.47,2.29,3.95,1339.0,345.0,4.61,1.16,15.66,266.0,123.0,0.92,0.42,28.11,29105.0,1751.0,100,,3.66,13020.0,1183.0,44.73,3.05,5.52,12537.0,1154.0,43.08,3.0,5.6,483.0,142.0,1.66,0.48,17.87,16085.0,1202.0,55.27,2.45,4.54,11695.0,1192.0,72.71,5.04,6.2,4390.0,678.0,27.29,3.69,9.39,504.0,257.0,3.13,1.58,31.0,5184.0,930.0,32.23,5.26,10.91,482.0,304.0,3.0,1.88,38.34,0.0,,0.0,,,9903.0,985.0,61.57,4.04,6.05,12.0,22.0,0.07,0.14,111.45,27862.0,1670.0,95.73,8.13,3.64,15751.0,1139.0,56.53,2.29,4.4,5419.0,714.0,19.45,2.28,8.01,3877.0,697.0,13.92,2.36,10.93,9180.0,520.0,93.44,7.85,3.44,8712.0,541.0,88.68,0.32,3.77,24561.0,1562.0,84.39,1.74,3.87,15414.0,1168.0,62.76,2.59,4.61,13961.0,1054.0,56.84,2.31,4.59,1453.0,368.0,5.92,1.45,15.4,0.0,,0.0,,,9147.0,941.0,37.24,3.01,6.25,,,9.43,2.28,15.4,13643.0,1033.0,46.88,2.16,4.6,5361.0,534.0,39.29,2.54,6.06,676.0,388.0,4.95,2.82,34.89,5895.0,596.0,43.21,2.89,6.15,587.0,183.0,4.3,1.3,18.95,928.0,276.0,6.8,1.96,18.08,13961.0,1054.0,47.97,2.19,4.59,0.0,,0.0,,,982.0,237.0,7.03,1.61,14.67,684.0,367.0,4.9,2.6,32.62,192.0,127.0,1.38,0.9,40.21,1566.0,353.0,11.22,2.38,13.7,1159.0,233.0,8.3,1.55,12.22,157.0,77.0,1.12,0.54,29.81,883.0,239.0,6.32,1.64,16.45,1584.0,313.0,11.35,2.07,12.01,4233.0,424.0,30.32,2.0,6.09,854.0,182.0,6.12,1.22,12.96,814.0,313.0,5.83,2.2,23.38,853.0,240.0,6.11,1.66,17.1,606.0,320.0,6.17,3.23,32.1,230.0,95.0,2.34,0.96,25.11,497.0,174.0,5.06,1.74,21.28,512.0,145.0,5.21,1.44,17.22,1253.0,384.0,12.75,3.83,18.63,1603.0,205.0,16.32,1.83,7.77,1152.0,243.0,11.73,2.36,12.82,1794.0,335.0,18.26,3.22,11.35,985.0,224.0,10.03,2.19,13.82,1192.0,242.0,12.13,2.35,12.34,8065.0,555.0,82.09,2.45,4.18,2990.0,469.0,30.44,4.39,9.54,1640.0,255.0,16.69,2.38,9.45,480.0,149.0,4.89,1.49,18.87,247.0,97.0,2.51,0.97,23.87,1179.0,340.0,12.0,3.38,17.53,26802.0,1690.0,93.18,1.51,3.83,15928.0,1313.0,55.38,3.07,5.01,13636.0,1341.0,47.41,3.66,5.98,1961.0,422.0,6.82,1.41,13.08,14096.0,1107.0,48.43,2.44,4.77,15009.0,1014.0,51.57,1.59,4.11,1243.0,265.0,4.27,0.87,12.96,1538.0,315.0,5.28,1.03,12.45,1530.0,317.0,5.26,1.04,12.6,1428.0,262.0,4.91,0.85,11.15,1984.0,441.0,6.82,1.46,13.51,4037.0,595.0,13.87,1.87,8.96,3113.0,473.0,10.7,1.49,9.24,3955.0,571.0,13.59,1.78,8.78,2154.0,400.0,7.4,1.3,11.29,2415.0,358.0,8.3,1.12,9.01,3307.0,566.0,11.36,1.82,10.4,1667.0,365.0,5.73,1.21,13.31,734.0,200.0,2.52,0.67,16.56,5277.0,637.0,18.13,1.9,7.34,23828.0,1518.0,81.87,1.72,3.87,5708.0,784.0,19.61,2.42,8.35,2332.0,565.0,8.01,1.88,14.73,3140.0,641.0,10.79,2.1,12.41,9973.0,1130.0,34.27,3.29,6.89,175.0,141.0,0.6,0.48,48.98,8961.0,1208.0,30.79,3.71,8.19,7.0,20.0,0.02,0.07,173.69,4517.0,900.0,15.52,2.95,12.11,4484.0,804.0,15.41,2.6,10.9,24621.0,1558.0,84.59,1.66,3.85,2835.0,635.0,9.74,2.1,13.62,9835.0,1119.0,33.79,3.26,6.92,119.0,125.0,0.41,0.43,63.86,8925.0,1202.0,30.66,3.69,8.19,7.0,20.0,0.02,0.07,173.69,1592.0,531.0,5.47,1.79,20.28,1308.0,351.0,4.49,1.18,16.31
11426,11426,11426,6379.0,401.0,100,,3.82,1686.0,328.0,26.43,4.87,11.83,3608.0,663.0,18.37,2.9,11.17,340.0,191.0,9.42,5.0,34.15,182.0,144.0,5.04,3.88,48.1,1421.0,402.0,39.38,8.47,17.2,486.0,182.0,13.47,4.4,22.77,1179.0,318.0,32.68,6.45,16.4,14639.0,1346.0,74.54,9.79,5.59,767.0,266.0,5.24,1.75,21.08,995.0,346.0,6.8,2.28,21.14,3185.0,662.0,21.76,4.06,12.64,6418.0,875.0,43.84,4.41,8.29,15986.0,1367.0,81.4,10.33,5.2,254.0,111.0,1.59,0.68,26.57,19609.0,1841.0,99.85,0.51,5.71,2085.0,372.0,10.63,1.61,10.85,3623.0,766.0,18.45,3.5,12.85,199.0,116.0,5.49,2.98,35.44,11300.0,981.0,57.54,7.35,5.28,745.0,243.0,6.59,2.07,19.83,4686.0,907.0,23.86,4.04,11.77,1141.0,314.0,24.35,4.76,16.73,19583.0,1833.0,99.72,13.21,5.69,18250.0,1881.0,93.19,4.02,6.27,1219.0,435.0,6.22,2.14,21.69,114.0,131.0,0.58,0.67,69.86,19638.0,1841.0,100,,5.7,10161.0,1270.0,51.74,4.28,7.6,9675.0,1207.0,49.27,4.06,7.58,486.0,313.0,2.47,1.58,39.15,9477.0,1373.0,48.26,5.33,8.81,6857.0,1177.0,72.35,6.66,10.43,2620.0,746.0,27.65,6.78,17.31,324.0,161.0,3.42,1.63,30.21,6797.0,1275.0,71.72,8.55,11.4,63.0,67.0,0.66,0.7,64.65,24.0,39.0,0.25,0.41,98.78,2209.0,612.0,23.31,5.5,16.84,60.0,57.0,0.63,0.59,57.75,18327.0,1713.0,93.32,12.35,5.68,7311.0,1055.0,39.89,4.39,8.77,4308.0,714.0,23.51,3.22,10.08,2176.0,863.0,11.87,4.58,24.11,6063.0,426.0,95.05,2.98,4.27,5770.0,432.0,90.45,3.68,4.55,16259.0,1364.0,82.79,10.42,5.1,10506.0,1077.0,64.62,3.81,6.23,9884.0,1079.0,60.79,4.25,6.64,622.0,274.0,3.83,1.65,26.78,0.0,,0.0,,,5753.0,739.0,35.38,3.44,7.81,,,5.92,2.54,26.78,9632.0,1034.0,49.05,2.57,6.53,5263.0,668.0,54.64,3.7,7.72,1475.0,386.0,15.31,3.65,15.91,1794.0,576.0,18.63,5.64,19.52,20.0,28.0,0.21,0.29,85.11,884.0,241.0,9.18,2.3,16.57,9884.0,1079.0,50.33,2.82,6.64,0.0,,0.0,,,595.0,266.0,6.02,2.61,27.18,131.0,83.0,1.33,0.83,38.52,71.0,73.0,0.72,0.73,62.5,1273.0,361.0,12.88,3.37,17.24,691.0,188.0,6.99,1.74,16.54,291.0,380.0,2.94,3.83,79.38,609.0,209.0,6.16,2.0,20.86,1323.0,420.0,13.39,3.99,19.3,3095.0,511.0,31.31,3.88,10.04,828.0,271.0,8.38,2.58,19.9,594.0,234.0,6.01,2.27,23.95,383.0,172.0,3.87,1.69,27.3,62.0,49.0,0.97,0.77,48.04,83.0,50.0,1.3,0.78,36.62,312.0,172.0,4.89,2.68,33.51,183.0,87.0,2.87,1.35,28.9,471.0,180.0,7.38,2.78,23.23,767.0,221.0,12.02,3.38,17.52,1064.0,293.0,16.68,4.47,16.74,1281.0,268.0,20.08,4.01,12.72,1121.0,266.0,17.57,4.02,14.42,1035.0,250.0,16.23,3.78,14.68,5079.0,408.0,79.62,3.98,4.88,2504.0,387.0,39.25,5.54,9.4,1969.0,413.0,30.87,6.18,12.75,226.0,96.0,3.54,1.49,25.82,324.0,147.0,5.08,2.28,27.58,439.0,168.0,6.88,2.6,23.26,18379.0,1771.0,93.73,2.03,5.86,13342.0,1579.0,68.04,4.9,7.19,8026.0,1007.0,40.93,3.41,7.63,1230.0,601.0,6.27,3.01,29.7,10007.0,906.0,50.96,6.64,5.5,9631.0,1178.0,49.04,3.85,7.44,1311.0,381.0,6.68,1.84,17.67,800.0,258.0,4.07,1.26,19.6,1176.0,382.0,5.99,1.86,19.75,655.0,184.0,3.34,0.88,17.08,1057.0,272.0,5.38,1.29,15.64,2324.0,493.0,11.83,2.25,12.9,2308.0,606.0,11.75,2.88,15.96,2370.0,418.0,12.07,1.8,10.72,1294.0,351.0,6.59,1.68,16.49,1657.0,370.0,8.44,1.71,13.57,2973.0,684.0,15.14,3.18,13.99,1180.0,386.0,6.01,1.88,19.89,533.0,184.0,2.71,0.9,20.99,3652.0,766.0,18.6,3.49,12.75,15986.0,1367.0,81.4,10.33,5.2,4686.0,907.0,23.86,4.04,11.77,1847.0,544.0,9.41,2.63,17.9,4838.0,776.0,24.64,3.21,9.75,1107.0,447.0,5.64,2.21,24.55,0.0,,0.0,,,9857.0,1601.0,50.19,6.66,9.87,0.0,,0.0,,,1989.0,849.0,10.13,4.22,25.95,3117.0,986.0,15.87,4.8,19.23,16521.0,1740.0,84.13,4.04,6.4,4404.0,716.0,22.43,2.98,9.88,1080.0,453.0,5.5,2.25,25.5,0.0,,0.0,,,9854.0,1601.0,50.18,6.66,9.88,0.0,,0.0,,,434.0,333.0,2.21,1.68,46.64,749.0,338.0,3.81,1.68,27.43
11427,11427,11427,8121.0,479.0,100,,3.59,2277.0,338.0,28.04,3.82,9.02,5252.0,692.0,20.9,2.29,8.01,178.0,126.0,3.39,2.36,43.03,231.0,110.0,4.4,2.01,28.95,1746.0,398.0,33.24,6.18,13.86,1262.0,263.0,24.03,3.88,12.67,1835.0,348.0,34.94,4.77,11.53,19025.0,1319.0,75.72,7.65,4.21,1628.0,377.0,8.56,1.89,14.08,1331.0,295.0,7.0,1.47,13.47,4657.0,594.0,24.48,2.62,7.75,6786.0,640.0,35.67,2.28,5.73,20658.0,1405.0,82.22,8.23,4.13,450.0,133.0,2.18,0.63,17.97,24794.0,1853.0,98.69,1.35,4.54,3213.0,519.0,12.96,1.86,9.82,4459.0,836.0,17.75,3.06,11.4,92.0,76.0,2.06,1.66,50.22,14747.0,1029.0,58.7,5.95,4.24,1548.0,296.0,10.5,1.87,11.62,5588.0,747.0,22.24,2.48,8.13,1573.0,358.0,28.15,5.18,13.84,24866.0,1787.0,98.97,10.17,4.37,23336.0,1753.0,93.85,2.05,4.57,1382.0,339.0,5.56,1.3,14.91,148.0,95.0,0.6,0.38,39.02,25124.0,1846.0,100,,4.47,12405.0,1532.0,49.38,4.9,7.51,11937.0,1509.0,47.51,4.89,7.68,468.0,164.0,1.86,0.64,21.3,12719.0,917.0,50.62,5.21,4.38,9590.0,843.0,75.4,3.79,5.34,3129.0,467.0,24.6,3.21,9.07,401.0,260.0,3.15,2.03,39.42,6604.0,826.0,51.92,5.31,7.6,115.0,110.0,0.9,0.86,58.15,0.0,,0.0,,,5599.0,598.0,44.02,3.47,6.49,0.0,,0.0,,,23893.0,1563.0,95.1,9.36,3.98,11741.0,1171.0,49.14,3.7,6.06,5259.0,667.0,22.01,2.39,7.71,3331.0,726.0,13.94,2.9,13.25,7532.0,457.0,92.75,1.32,3.69,7438.0,455.0,91.59,1.49,3.72,21255.0,1399.0,84.6,8.35,4.0,12122.0,932.0,57.03,2.27,4.67,11285.0,936.0,53.09,2.68,5.04,831.0,200.0,3.91,0.91,14.63,6.0,10.0,0.03,0.05,101.32,9133.0,910.0,42.97,3.21,6.06,,,6.86,1.56,14.63,10980.0,909.0,43.7,1.67,5.03,5595.0,624.0,50.96,3.81,6.78,769.0,200.0,7.0,1.73,15.81,3241.0,592.0,29.52,4.81,11.1,82.0,58.0,0.75,0.52,43.0,1043.0,317.0,9.5,2.78,18.48,11285.0,936.0,44.92,1.73,5.04,0.0,,0.0,,,511.0,173.0,4.53,1.49,20.58,399.0,146.0,3.54,1.26,22.24,179.0,109.0,1.59,0.96,37.02,1207.0,254.0,10.7,2.07,12.79,935.0,253.0,8.29,2.13,16.45,422.0,175.0,3.74,1.52,25.21,889.0,213.0,7.88,1.77,14.57,1033.0,260.0,9.15,2.18,15.3,3737.0,509.0,33.11,3.58,8.28,655.0,230.0,5.8,1.98,21.35,650.0,234.0,5.76,2.02,21.88,668.0,200.0,5.92,1.7,18.2,325.0,128.0,4.0,1.56,23.94,356.0,151.0,4.38,1.84,25.78,344.0,164.0,4.24,2.0,28.98,509.0,163.0,6.27,1.97,19.47,644.0,180.0,7.93,2.17,16.99,1111.0,262.0,13.68,3.12,14.34,1071.0,242.0,13.19,2.88,13.74,1594.0,317.0,19.63,3.73,12.09,893.0,218.0,11.0,2.6,14.84,1274.0,205.0,15.69,2.35,9.78,6513.0,480.0,80.2,3.54,4.48,3163.0,376.0,38.95,4.02,7.23,2416.0,346.0,29.75,3.88,8.71,468.0,158.0,5.76,1.92,20.52,355.0,127.0,4.37,1.54,21.75,1056.0,279.0,13.0,3.35,16.06,23817.0,1878.0,96.06,2.42,4.79,15942.0,1494.0,64.3,3.64,5.7,10929.0,1373.0,44.08,4.45,7.64,977.0,262.0,3.94,1.01,16.3,12192.0,1093.0,48.53,2.49,5.45,12932.0,1121.0,51.47,2.37,5.27,1231.0,517.0,4.9,2.03,25.53,1046.0,270.0,4.16,1.03,15.69,1349.0,358.0,5.37,1.37,16.13,1248.0,266.0,4.97,0.99,12.96,1225.0,265.0,4.88,0.99,13.15,3418.0,582.0,13.6,2.09,10.35,2630.0,414.0,10.47,1.46,9.57,2625.0,367.0,10.45,1.24,8.5,2338.0,318.0,9.31,1.07,8.27,2319.0,414.0,9.23,1.5,10.85,3941.0,614.0,15.69,2.16,9.47,1206.0,261.0,4.8,0.98,13.16,548.0,161.0,2.18,0.62,17.86,4460.0,836.0,17.75,3.06,11.39,20664.0,1401.0,82.25,8.22,4.12,5695.0,752.0,22.67,2.49,8.03,2724.0,858.0,10.84,3.32,19.15,4210.0,789.0,16.76,2.89,11.39,5720.0,961.0,22.77,3.44,10.21,22.0,25.0,0.09,0.1,69.08,9404.0,1208.0,37.43,3.94,7.81,0.0,,0.0,,,3044.0,679.0,12.12,2.55,13.56,4233.0,843.0,16.85,3.12,12.11,20891.0,1713.0,83.15,3.03,4.98,3574.0,761.0,14.23,2.84,12.94,5449.0,974.0,21.69,3.53,10.87,7.0,12.0,0.03,0.05,104.21,9376.0,1209.0,37.32,3.95,7.84,0.0,,0.0,,,887.0,370.0,3.53,1.45,25.36,1598.0,614.0,6.36,2.4,23.36
11428,11428,11428,6022.0,502.0,100,,5.07,1528.0,232.0,25.37,3.22,9.23,3686.0,505.0,19.5,2.16,8.33,218.0,73.0,5.91,1.81,20.36,244.0,179.0,6.62,4.77,44.6,1041.0,246.0,28.24,5.44,14.37,810.0,201.0,21.98,4.55,15.08,1373.0,272.0,37.25,5.33,12.04,13950.0,1131.0,73.82,0.75,4.93,1599.0,460.0,11.46,3.16,17.49,1047.0,320.0,7.51,2.21,18.58,4097.0,684.0,29.37,4.29,10.15,3864.0,516.0,27.7,2.94,8.12,15898.0,1253.0,84.13,9.47,4.79,363.0,99.0,2.28,0.6,16.58,18896.0,1520.0,99.99,0.12,4.89,2159.0,352.0,11.43,1.62,9.91,2999.0,532.0,15.87,2.51,10.78,132.0,96.0,4.4,3.1,44.21,11696.0,1047.0,61.89,2.43,5.44,933.0,226.0,7.98,1.8,14.73,4201.0,741.0,22.23,3.49,10.72,1094.0,252.0,26.04,3.86,14.0,18824.0,1516.0,99.61,0.41,4.9,18277.0,1493.0,97.09,1.33,4.97,421.0,155.0,2.24,0.8,22.38,126.0,65.0,0.67,0.34,31.36,18898.0,1520.0,100,,4.89,8369.0,880.0,44.29,3.0,6.39,7573.0,816.0,40.07,2.87,6.55,796.0,396.0,4.21,2.07,30.24,10529.0,1066.0,55.71,3.43,6.15,7457.0,773.0,70.82,1.58,6.3,3072.0,595.0,29.18,4.82,11.77,308.0,148.0,2.93,1.37,29.21,3096.0,542.0,29.4,4.2,10.64,137.0,106.0,1.3,1.0,47.03,0.0,,0.0,,,6965.0,950.0,66.15,6.05,8.29,23.0,27.0,0.22,0.26,71.36,18027.0,1414.0,95.39,10.72,4.77,9339.0,1012.0,51.81,3.87,6.59,4121.0,895.0,22.86,4.63,13.2,3947.0,913.0,21.89,4.76,14.06,5763.0,506.0,95.7,2.64,5.34,5354.0,475.0,88.91,2.7,5.39,16298.0,1262.0,86.24,9.63,4.71,10049.0,923.0,61.66,3.05,5.58,9226.0,905.0,56.61,3.41,5.96,823.0,182.0,5.05,1.05,13.44,0.0,,0.0,,,6249.0,790.0,38.34,3.83,7.69,,,8.19,1.65,13.44,9113.0,896.0,48.22,2.73,5.98,4280.0,586.0,46.97,4.48,8.32,709.0,201.0,7.78,2.07,17.23,2771.0,392.0,30.41,3.09,8.6,219.0,149.0,2.4,1.62,41.36,959.0,262.0,10.52,2.68,16.61,9226.0,905.0,48.82,2.74,5.96,0.0,,0.0,,,536.0,149.0,5.81,1.51,16.9,538.0,182.0,5.83,1.89,20.56,384.0,205.0,4.16,2.18,32.45,975.0,214.0,10.57,2.07,13.34,917.0,259.0,9.94,2.63,17.17,140.0,123.0,1.52,1.32,53.41,562.0,161.0,6.09,1.64,17.42,866.0,179.0,9.39,1.71,12.57,2891.0,418.0,31.34,3.33,8.79,612.0,210.0,6.63,2.18,20.86,434.0,129.0,4.7,1.32,18.07,371.0,180.0,4.02,1.91,29.49,238.0,101.0,3.95,1.64,25.8,162.0,145.0,2.69,2.4,54.41,306.0,142.0,5.08,2.32,28.21,296.0,163.0,4.92,2.68,33.48,642.0,343.0,10.66,5.63,32.48,932.0,239.0,15.48,3.75,15.59,745.0,191.0,12.37,3.0,15.59,1222.0,245.0,20.29,3.7,12.19,729.0,157.0,12.11,2.4,13.09,750.0,190.0,12.45,2.98,15.4,4817.0,437.0,79.99,2.86,5.51,2437.0,480.0,40.47,7.22,11.97,1753.0,456.0,29.11,7.17,15.81,333.0,120.0,5.53,1.94,21.91,109.0,43.0,1.81,0.7,23.98,630.0,193.0,10.46,3.08,18.62,17411.0,1547.0,92.14,3.48,5.4,10843.0,1058.0,57.38,3.17,5.93,8752.0,1160.0,46.32,4.88,8.06,1485.0,366.0,7.86,1.83,14.98,9517.0,828.0,50.36,1.67,5.29,9381.0,842.0,49.64,1.98,5.46,871.0,281.0,4.61,1.44,19.61,681.0,219.0,3.6,1.12,19.55,843.0,200.0,4.46,1.0,14.42,945.0,197.0,5.0,0.96,12.67,1608.0,357.0,8.51,1.76,13.5,2442.0,441.0,12.92,2.09,10.98,1667.0,299.0,8.82,1.41,10.9,2961.0,449.0,15.67,2.01,9.22,1237.0,224.0,6.55,1.06,11.01,1442.0,298.0,7.63,1.45,12.56,2593.0,462.0,13.72,2.18,10.83,1271.0,608.0,6.73,3.17,29.08,337.0,183.0,1.78,0.96,33.01,3000.0,532.0,15.87,2.51,10.78,15898.0,1253.0,84.13,9.47,4.79,4201.0,741.0,22.23,3.49,10.72,2653.0,477.0,14.04,2.26,10.93,1887.0,424.0,9.99,2.09,13.66,3309.0,882.0,17.51,4.45,16.2,60.0,49.0,0.32,0.26,49.65,6164.0,871.0,32.62,3.79,8.59,0.0,,0.0,,,4825.0,1160.0,25.53,5.78,14.61,5287.0,998.0,27.98,4.78,11.48,13611.0,1341.0,72.02,4.1,5.99,1508.0,378.0,7.98,1.89,15.24,3102.0,864.0,16.41,4.38,16.93,0.0,,0.0,,,6139.0,872.0,32.48,3.8,8.63,0.0,,0.0,,,1565.0,536.0,8.28,2.76,20.82,1297.0,381.0,6.86,1.94,17.86
11436,11436,11436,6289.0,368.0,100,,3.56,2270.0,252.0,36.09,3.41,6.75,5423.0,541.0,25.38,2.03,6.06,182.0,86.0,3.36,1.55,28.73,305.0,111.0,5.62,1.97,22.12,2072.0,291.0,38.21,3.78,8.54,1082.0,197.0,19.95,3.04,11.07,1782.0,341.0,32.86,5.37,11.63,14799.0,1008.0,69.27,2.26,4.14,934.0,234.0,6.31,1.52,15.23,1366.0,239.0,9.23,1.49,10.64,5340.0,630.0,36.08,3.48,7.17,3290.0,458.0,22.23,2.7,8.46,17014.0,1153.0,79.64,2.54,4.12,400.0,116.0,2.35,0.66,17.63,21338.0,1279.0,99.88,0.45,3.64,2131.0,336.0,9.99,1.46,9.58,4331.0,512.0,20.27,2.07,7.19,166.0,85.0,3.83,1.91,31.13,14028.0,1108.0,65.66,3.39,4.8,1011.0,184.0,7.21,1.18,11.06,2979.0,534.0,13.94,2.36,10.9,954.0,254.0,32.02,6.3,16.19,21214.0,1267.0,99.3,8.39,3.63,19636.0,1205.0,92.56,1.31,3.73,1458.0,490.0,6.87,2.27,20.43,120.0,108.0,0.57,0.51,54.71,21364.0,1277.0,100,,3.63,11029.0,864.0,51.62,2.61,4.76,10659.0,863.0,49.89,2.72,4.92,370.0,106.0,1.73,0.49,17.42,10335.0,931.0,48.38,3.26,5.48,6922.0,679.0,66.98,2.6,5.96,3413.0,651.0,33.02,5.55,11.6,115.0,77.0,1.11,0.74,40.7,501.0,186.0,4.85,1.75,22.57,337.0,173.0,3.26,1.65,31.21,0.0,,0.0,,,9382.0,894.0,90.78,2.82,5.79,0.0,,0.0,,,20480.0,1272.0,95.86,1.62,3.78,16604.0,1155.0,81.07,2.54,4.23,1636.0,465.0,7.99,2.22,17.28,1716.0,515.0,8.38,2.46,18.24,5945.0,387.0,94.53,2.7,3.96,5484.0,338.0,87.2,1.69,3.75,17582.0,1153.0,82.3,2.22,3.99,11250.0,919.0,63.99,3.12,4.97,10471.0,892.0,59.56,3.24,5.18,760.0,209.0,4.32,1.15,16.72,19.0,30.0,0.11,0.17,95.98,6332.0,514.0,36.01,1.72,4.93,,,6.76,1.77,16.72,10036.0,854.0,46.98,2.85,5.17,5117.0,610.0,50.99,4.26,7.25,572.0,197.0,5.7,1.9,20.94,3416.0,394.0,34.04,2.65,7.01,236.0,134.0,2.35,1.32,34.52,494.0,131.0,4.92,1.24,16.12,10471.0,892.0,49.01,2.97,5.18,0.0,,0.0,,,544.0,144.0,5.2,1.3,16.09,219.0,93.0,2.09,0.87,25.82,126.0,58.0,1.2,0.54,27.98,879.0,178.0,8.39,1.54,12.31,1544.0,299.0,14.75,2.56,11.77,164.0,104.0,1.57,0.98,38.55,623.0,196.0,5.95,1.8,19.13,795.0,174.0,7.59,1.53,13.31,3784.0,498.0,36.14,3.63,8.0,763.0,146.0,7.29,1.25,11.63,550.0,180.0,5.25,1.66,19.89,480.0,132.0,4.58,1.2,16.72,377.0,112.0,5.99,1.75,18.06,145.0,76.0,2.31,1.2,31.86,294.0,103.0,4.67,1.61,21.3,450.0,189.0,7.16,2.98,25.53,606.0,149.0,9.64,2.3,14.95,865.0,168.0,13.75,2.55,11.81,928.0,179.0,14.76,2.71,11.73,1201.0,215.0,19.1,3.23,10.88,623.0,158.0,9.91,2.44,15.42,800.0,166.0,12.72,2.53,12.61,5302.0,345.0,84.31,2.4,3.96,2034.0,278.0,32.34,3.99,8.31,1494.0,251.0,23.76,3.74,10.21,343.0,106.0,5.45,1.65,18.79,262.0,100.0,4.17,1.57,23.2,953.0,184.0,15.15,2.79,11.74,19858.0,1229.0,93.06,1.43,3.76,12257.0,1080.0,57.44,3.71,5.36,9396.0,874.0,44.03,3.13,5.65,1480.0,278.0,6.94,1.23,11.42,10123.0,763.0,47.38,2.18,4.58,11241.0,730.0,52.62,1.34,3.95,884.0,198.0,4.14,0.89,13.62,1134.0,233.0,5.31,1.04,12.49,1427.0,235.0,6.68,1.02,10.01,1479.0,247.0,6.92,1.08,10.15,1641.0,301.0,7.68,1.33,11.15,3268.0,460.0,15.3,1.95,8.56,2690.0,357.0,12.59,1.49,8.07,2909.0,511.0,13.62,2.25,10.68,1632.0,275.0,7.64,1.2,10.24,1318.0,241.0,6.17,1.07,11.12,1896.0,427.0,8.87,1.93,13.69,766.0,254.0,3.59,1.17,20.16,320.0,97.0,1.5,0.45,18.43,4331.0,512.0,20.27,2.07,7.19,17033.0,1150.0,79.73,2.5,4.1,2982.0,534.0,13.96,2.36,10.89,2298.0,676.0,10.76,3.1,17.88,394.0,183.0,1.84,0.85,28.24,12922.0,1201.0,60.48,4.3,5.65,100.0,152.0,0.47,0.71,92.4,1406.0,392.0,6.58,1.79,16.95,0.0,,0.0,,,4244.0,862.0,19.87,3.86,12.35,2654.0,608.0,12.42,2.75,13.93,18710.0,1231.0,87.58,2.41,4.0,284.0,161.0,1.33,0.75,34.46,12509.0,1191.0,58.55,4.34,5.79,100.0,152.0,0.47,0.71,92.4,1406.0,392.0,6.58,1.79,16.95,0.0,,0.0,,,2501.0,691.0,11.71,3.16,16.8,1910.0,619.0,8.94,2.85,19.7
11691,11691,11691,22382.0,914.0,100,,2.48,7724.0,758.0,34.51,3.08,5.97,19944.0,1867.0,29.03,2.28,5.69,1726.0,482.0,8.65,2.28,16.98,1444.0,355.0,7.24,1.65,14.94,8836.0,1160.0,44.3,4.08,7.98,3513.0,550.0,17.61,2.21,9.52,4425.0,795.0,22.19,3.4,10.92,43508.0,2110.0,63.33,4.44,2.95,5092.0,760.0,11.7,1.65,9.07,4456.0,615.0,10.24,1.32,8.39,12096.0,1119.0,27.8,2.19,5.62,10129.0,1133.0,23.28,2.35,6.8,49225.0,2439.0,71.65,5.08,3.01,809.0,272.0,1.64,0.55,20.44,66724.0,3465.0,97.12,1.09,3.16,9302.0,1138.0,13.94,1.54,7.44,19477.0,1796.0,28.35,2.18,5.61,827.0,302.0,4.25,1.5,22.2,37623.0,2426.0,54.76,2.18,3.92,4863.0,826.0,12.93,2.03,10.33,9624.0,978.0,14.01,1.23,6.18,3612.0,641.0,37.53,5.46,10.79,67760.0,3531.0,98.63,1.19,3.17,62492.0,3674.0,92.23,2.51,3.57,5129.0,1073.0,7.57,1.53,12.72,139.0,107.0,0.21,0.16,46.8,68704.0,3483.0,100,,3.08,44771.0,3082.0,65.17,3.03,4.18,42619.0,3000.0,62.03,3.03,4.28,2152.0,569.0,3.13,0.81,16.07,23933.0,2276.0,34.83,2.8,5.78,15407.0,1677.0,64.38,3.41,6.62,8526.0,1567.0,35.62,5.6,11.17,1544.0,358.0,6.45,1.36,14.1,2343.0,948.0,9.79,3.85,24.6,1391.0,440.0,5.81,1.75,19.23,10.0,15.0,0.04,0.06,91.19,18555.0,1958.0,77.53,3.55,6.41,90.0,82.0,0.38,0.34,55.39,62994.0,3172.0,91.69,6.55,3.06,41863.0,3040.0,66.46,3.48,4.41,9616.0,1151.0,15.26,1.66,7.28,13209.0,1825.0,20.97,2.7,8.4,20628.0,905.0,92.16,1.48,2.67,19646.0,952.0,87.78,2.29,2.95,51047.0,2468.0,74.3,5.2,2.94,29016.0,2041.0,56.84,2.9,4.28,26224.0,1886.0,51.37,2.74,4.37,2792.0,690.0,5.47,1.33,15.02,0.0,,0.0,,,22031.0,1501.0,43.16,2.07,4.14,,,9.62,2.28,15.02,25438.0,1849.0,37.03,1.93,4.42,10474.0,1140.0,41.17,3.34,6.62,1728.0,451.0,6.79,1.7,15.87,8064.0,932.0,31.7,2.85,7.03,2230.0,583.0,8.77,2.2,15.89,1939.0,549.0,7.62,2.09,17.21,26224.0,1886.0,38.17,1.95,4.37,25.0,41.0,0.1,0.16,99.7,1563.0,472.0,5.96,1.75,18.36,429.0,223.0,1.64,0.84,31.6,293.0,119.0,1.12,0.45,24.69,1846.0,445.0,7.04,1.62,14.65,1978.0,371.0,7.54,1.31,11.4,259.0,157.0,0.99,0.59,36.85,1302.0,473.0,4.96,1.77,22.08,2781.0,703.0,10.6,2.57,15.37,11664.0,1126.0,44.48,2.86,5.87,1443.0,405.0,5.5,1.49,17.06,1375.0,379.0,5.24,1.4,16.76,1266.0,330.0,4.83,1.21,15.85,2397.0,518.0,10.71,2.27,13.14,1965.0,454.0,8.78,2.0,14.05,1723.0,372.0,7.7,1.63,13.12,1891.0,449.0,8.45,1.98,14.43,2027.0,468.0,9.06,2.06,14.04,3274.0,630.0,14.63,2.75,11.7,2064.0,539.0,9.22,2.38,15.87,3249.0,536.0,14.52,2.32,10.03,1883.0,421.0,8.41,1.85,13.59,1909.0,525.0,8.53,2.32,16.72,15881.0,975.0,70.95,3.25,3.73,6736.0,742.0,30.1,3.08,6.7,4180.0,546.0,18.68,2.32,7.94,3515.0,557.0,15.7,2.4,9.63,1423.0,373.0,6.36,1.65,15.93,7147.0,734.0,31.93,3.01,6.24,60740.0,3364.0,91.03,1.75,3.37,30855.0,2649.0,46.24,3.16,5.22,36526.0,2628.0,54.74,2.73,4.37,5984.0,1390.0,8.97,2.03,14.12,32729.0,2183.0,47.64,2.06,4.05,35975.0,2305.0,52.36,2.05,3.89,5710.0,910.0,8.31,1.26,9.69,5001.0,796.0,7.28,1.1,9.68,6026.0,872.0,8.77,1.19,8.8,4558.0,663.0,6.63,0.9,8.84,3901.0,832.0,5.68,1.18,12.97,8470.0,1198.0,12.33,1.63,8.6,7428.0,895.0,10.81,1.18,7.32,7845.0,1055.0,11.42,1.42,8.18,4046.0,657.0,5.89,0.91,9.87,4686.0,698.0,6.82,0.96,9.05,6069.0,835.0,8.83,1.13,8.36,3552.0,477.0,5.17,0.64,8.16,1412.0,294.0,2.06,0.42,12.66,19479.0,1796.0,28.35,2.18,5.6,49225.0,2439.0,71.65,5.08,3.01,11033.0,1010.0,16.06,1.22,5.56,8325.0,1580.0,12.12,2.22,11.54,19256.0,2459.0,28.03,3.29,7.76,29159.0,2939.0,42.44,3.7,6.13,411.0,404.0,0.6,0.59,59.75,2844.0,1379.0,4.14,2.0,29.48,0.0,,0.0,,,8709.0,1890.0,12.68,2.67,13.19,17632.0,2125.0,25.66,2.81,7.33,51072.0,3564.0,74.34,3.56,4.24,16251.0,2216.0,23.65,2.99,8.29,27745.0,2867.0,40.38,3.64,6.28,265.0,324.0,0.39,0.47,74.32,2748.0,1379.0,4.0,2.0,30.51,0.0,,0.0,,,1152.0,531.0,1.68,0.77,28.02,2911.0,843.0,4.24,1.21,17.6
11692,11692,11692,7981.0,468.0,100,,3.56,2906.0,365.0,36.41,4.04,7.64,6751.0,901.0,29.04,3.11,8.11,449.0,195.0,6.65,2.75,26.4,324.0,167.0,4.8,2.39,31.33,3557.0,733.0,52.69,8.27,12.53,1304.0,340.0,19.32,4.33,15.85,1117.0,300.0,16.55,3.86,16.33,14785.0,953.0,63.6,6.52,3.92,1020.0,313.0,6.9,2.07,18.65,1091.0,255.0,7.38,1.66,14.21,4623.0,729.0,31.27,4.5,9.59,3924.0,590.0,26.54,3.61,9.14,16580.0,1121.0,71.32,7.45,4.11,270.0,99.0,1.63,0.59,22.29,22511.0,1864.0,96.83,2.19,5.03,3517.0,639.0,15.62,2.53,11.04,6667.0,1020.0,28.68,3.75,9.3,745.0,398.0,11.17,5.72,32.48,13272.0,1079.0,57.09,0.93,4.94,1987.0,377.0,14.97,2.57,11.53,2572.0,450.0,11.06,1.72,10.64,785.0,248.0,30.52,8.03,19.21,22944.0,1818.0,98.7,11.09,4.82,21583.0,1834.0,94.07,2.89,5.17,1263.0,331.0,5.5,1.38,15.93,98.0,94.0,0.43,0.41,58.31,23247.0,1852.0,100,,4.84,15987.0,1581.0,68.77,4.03,6.01,15307.0,1544.0,65.85,4.07,6.13,680.0,302.0,2.93,1.28,27.0,7260.0,937.0,31.23,3.17,7.85,4927.0,636.0,67.87,0.16,7.85,2333.0,534.0,32.13,6.07,13.91,758.0,303.0,10.44,3.95,24.3,1073.0,371.0,14.78,4.74,21.02,1116.0,450.0,15.37,5.87,24.51,0.0,,0.0,,,4257.0,693.0,58.64,5.82,9.9,56.0,51.0,0.77,0.7,55.36,21656.0,1736.0,93.16,0.83,4.87,14429.0,1679.0,66.63,5.62,7.07,3023.0,703.0,13.96,3.05,14.14,3926.0,796.0,18.13,3.38,12.33,7439.0,400.0,93.21,7.42,3.27,6995.0,413.0,87.65,0.6,3.59,17248.0,1127.0,74.19,7.64,3.97,9903.0,971.0,57.42,4.2,5.96,9016.0,915.0,52.27,4.06,6.17,887.0,277.0,5.14,1.57,18.98,0.0,,0.0,,,7345.0,812.0,42.58,3.8,6.72,,,8.96,2.66,18.98,8657.0,883.0,37.24,2.37,6.2,3497.0,621.0,40.4,5.87,10.8,474.0,177.0,5.48,1.97,22.7,3505.0,715.0,40.49,7.15,12.4,413.0,197.0,4.77,2.22,29.0,670.0,190.0,7.74,2.05,17.24,9016.0,915.0,38.78,2.44,6.17,0.0,,0.0,,,451.0,203.0,5.0,2.19,27.36,91.0,99.0,1.01,1.09,66.13,214.0,138.0,2.37,1.51,39.2,431.0,167.0,4.78,1.79,23.55,807.0,259.0,8.95,2.73,19.51,149.0,79.0,1.65,0.86,32.23,632.0,225.0,7.01,2.39,21.64,835.0,258.0,9.26,2.7,18.78,3203.0,419.0,35.53,2.93,7.95,709.0,243.0,7.86,2.57,20.84,707.0,411.0,7.84,4.49,35.34,787.0,268.0,8.73,2.84,20.7,936.0,299.0,11.73,3.68,19.42,546.0,206.0,6.84,2.55,22.94,779.0,279.0,9.76,3.45,21.77,893.0,267.0,11.19,3.28,18.18,885.0,210.0,11.09,2.55,14.42,804.0,227.0,10.07,2.78,17.16,628.0,212.0,7.87,2.62,20.52,1057.0,322.0,13.24,3.96,18.52,550.0,189.0,6.89,2.33,20.89,903.0,245.0,11.31,3.0,16.49,6035.0,526.0,75.62,4.88,5.3,2227.0,363.0,27.9,4.24,9.91,1489.0,282.0,18.66,3.36,11.51,750.0,215.0,9.4,2.64,17.43,878.0,267.0,11.0,3.28,18.49,2650.0,374.0,33.2,4.26,8.58,21541.0,1828.0,95.69,1.78,5.16,11247.0,1329.0,49.96,4.21,7.18,12033.0,1635.0,53.45,5.76,8.26,970.0,336.0,4.31,1.45,21.06,11041.0,1117.0,47.49,2.96,6.15,12206.0,1012.0,52.51,1.21,5.04,1591.0,369.0,6.84,1.49,14.1,1875.0,465.0,8.07,1.89,15.08,2316.0,549.0,9.96,2.22,14.41,1440.0,420.0,6.19,1.74,17.73,1240.0,373.0,5.33,1.55,18.29,2446.0,488.0,10.52,1.92,12.13,3456.0,573.0,14.87,2.16,10.08,2613.0,449.0,11.24,1.71,10.45,1341.0,249.0,5.77,0.97,11.29,1824.0,360.0,7.85,1.42,12.0,1831.0,398.0,7.88,1.59,13.21,1024.0,345.0,4.4,1.44,20.48,250.0,98.0,1.08,0.41,23.83,6667.0,1020.0,28.68,3.75,9.3,16580.0,1121.0,71.32,7.45,4.11,3105.0,500.0,13.36,1.87,9.79,3381.0,969.0,14.54,4.0,17.42,3769.0,781.0,16.21,3.1,12.6,12952.0,1683.0,55.71,5.72,7.9,65.0,64.0,0.28,0.27,59.86,1301.0,404.0,5.6,1.68,18.88,0.0,,0.0,,,1779.0,578.0,7.65,2.41,19.75,5602.0,1117.0,24.1,4.4,12.12,17645.0,1652.0,75.9,3.73,5.69,2914.0,686.0,12.53,2.78,14.31,12277.0,1676.0,52.81,5.85,8.3,0.0,,0.0,,,1301.0,404.0,5.6,1.68,18.88,0.0,,0.0,,,124.0,171.0,0.53,0.73,83.83,1029.0,314.0,4.43,1.3,18.55
11693,11693,11693,5405.0,523.0,100,,5.88,1649.0,346.0,30.51,5.68,12.76,2997.0,679.0,22.94,4.67,13.77,186.0,117.0,6.21,3.64,38.24,188.0,101.0,6.27,3.06,32.66,1266.0,404.0,42.24,9.49,19.4,731.0,210.0,24.39,4.31,17.46,626.0,256.0,20.89,7.11,24.86,9343.0,889.0,71.51,9.82,5.78,727.0,257.0,7.78,2.65,21.49,764.0,240.0,8.18,2.45,19.1,2587.0,369.0,27.69,2.94,8.67,3340.0,674.0,35.75,6.36,12.27,10181.0,1012.0,77.92,0.59,6.04,451.0,155.0,4.43,1.46,20.89,12957.0,1296.0,99.17,1.34,6.08,2261.0,490.0,17.45,3.35,13.17,2885.0,618.0,22.08,4.19,13.02,81.0,66.0,2.81,2.21,49.53,7458.0,932.0,57.08,4.34,7.6,1097.0,389.0,14.71,4.88,21.56,2614.0,465.0,20.01,2.96,10.81,1083.0,343.0,41.43,10.86,19.25,12983.0,1287.0,99.36,0.18,6.03,12392.0,1278.0,95.45,2.72,6.27,568.0,203.0,4.37,1.5,21.73,23.0,34.0,0.18,0.26,89.86,13066.0,1295.0,100,,6.03,9782.0,1204.0,74.87,5.46,7.48,9426.0,1169.0,72.14,5.38,7.54,356.0,200.0,2.72,1.51,34.15,3284.0,585.0,25.13,3.72,10.83,2247.0,440.0,68.42,5.56,11.9,1037.0,355.0,31.58,9.23,20.81,1110.0,298.0,33.8,6.79,16.32,387.0,195.0,11.78,5.55,30.63,192.0,152.0,5.85,4.51,48.13,0.0,,0.0,,,1558.0,513.0,47.44,13.14,20.02,37.0,36.0,1.13,1.08,59.15,12333.0,1254.0,94.39,2.14,6.18,8292.0,1258.0,67.23,7.57,9.22,1669.0,369.0,13.53,2.66,13.44,2035.0,607.0,16.5,4.63,18.13,4850.0,513.0,89.73,3.83,6.43,4850.0,510.0,89.73,3.69,6.39,10511.0,1036.0,80.45,11.24,5.99,5493.0,679.0,52.26,3.9,7.51,4899.0,584.0,46.61,3.13,7.25,594.0,294.0,5.65,2.74,30.09,0.0,,0.0,,,5018.0,706.0,47.74,4.79,8.55,,,10.81,5.18,30.09,4800.0,566.0,36.74,2.35,7.17,2379.0,392.0,49.56,5.7,10.02,132.0,68.0,2.75,1.38,31.32,1426.0,306.0,29.71,5.33,13.04,117.0,106.0,2.44,2.19,55.07,624.0,186.0,13.0,3.56,18.12,4899.0,584.0,37.49,2.48,7.25,0.0,,0.0,,,186.0,83.0,3.8,1.63,27.13,118.0,68.0,2.41,1.36,35.03,57.0,46.0,1.16,0.93,49.06,375.0,142.0,7.65,2.75,23.02,323.0,131.0,6.59,2.56,24.65,162.0,87.0,3.31,1.73,32.65,342.0,170.0,6.98,3.37,30.22,689.0,214.0,14.06,4.03,18.88,1659.0,411.0,33.86,7.35,15.06,332.0,191.0,6.78,3.81,34.97,200.0,99.0,4.08,1.96,30.09,456.0,163.0,9.31,3.14,21.73,461.0,253.0,8.53,4.61,33.36,220.0,119.0,4.07,2.17,32.88,417.0,204.0,7.72,3.7,29.74,519.0,252.0,9.6,4.57,29.52,577.0,245.0,10.68,4.41,25.81,603.0,196.0,11.16,3.46,19.76,629.0,201.0,11.64,3.54,19.43,891.0,359.0,16.48,6.45,24.49,536.0,166.0,9.92,2.92,18.83,552.0,157.0,10.21,2.73,17.29,3417.0,380.0,63.22,3.47,6.76,2411.0,488.0,44.61,7.93,12.3,1970.0,446.0,36.45,7.46,13.76,475.0,227.0,8.79,4.11,29.05,357.0,155.0,6.6,2.8,26.39,1096.0,301.0,20.28,5.21,16.7,12094.0,1312.0,93.34,3.92,6.59,6882.0,976.0,53.11,5.34,8.62,6817.0,1080.0,52.61,6.46,9.63,863.0,351.0,6.66,2.63,24.72,5493.0,609.0,42.04,2.09,6.74,7573.0,994.0,57.96,4.99,7.98,733.0,242.0,5.61,1.77,20.07,751.0,281.0,5.75,2.07,22.75,816.0,288.0,6.25,2.12,21.46,840.0,273.0,6.43,1.99,19.76,583.0,230.0,4.46,1.7,23.98,1390.0,302.0,10.64,2.06,13.21,1427.0,284.0,10.92,1.88,12.1,1445.0,322.0,11.06,2.21,13.55,1232.0,325.0,9.43,2.31,16.04,1138.0,350.0,8.71,2.54,18.7,1626.0,339.0,12.44,2.28,12.67,735.0,238.0,5.63,1.73,19.68,350.0,249.0,2.68,1.89,43.25,2885.0,618.0,22.08,4.19,13.02,10181.0,1012.0,77.92,0.59,6.04,2711.0,470.0,20.75,2.95,10.54,1424.0,526.0,10.9,3.88,22.45,6668.0,850.0,51.03,4.09,7.75,3364.0,721.0,25.75,4.89,13.03,19.0,38.0,0.15,0.29,121.58,603.0,326.0,4.62,2.45,32.87,0.0,,0.0,,,988.0,460.0,7.56,3.44,28.3,2863.0,739.0,21.91,5.22,15.69,10203.0,1100.0,78.09,3.31,6.55,5776.0,756.0,44.21,3.78,7.96,3155.0,704.0,24.15,4.83,13.56,19.0,38.0,0.15,0.29,121.58,603.0,326.0,4.62,2.45,32.87,0.0,,0.0,,,271.0,291.0,2.07,2.22,65.28,379.0,230.0,2.9,1.74,36.89
11429,11429,"11001, 11429",16735.0,708.0,100,,2.57,5534.0,520.0,33.07,2.77,5.71,13468.0,1165.0,25.1,1.94,5.26,504.0,179.0,3.74,1.29,21.59,612.0,192.0,4.54,1.37,19.07,5201.0,679.0,38.62,3.78,7.94,2808.0,443.0,20.85,2.75,9.59,4343.0,549.0,32.25,2.97,7.68,38234.0,1354.0,71.27,3.76,2.15,2559.0,464.0,6.69,1.19,11.02,2253.0,411.0,5.89,1.05,11.09,9384.0,975.0,24.54,2.4,6.32,15063.0,943.0,39.4,2.03,3.81,43080.0,1619.0,80.3,4.36,2.28,1224.0,270.0,2.84,0.62,13.41,53536.0,2114.0,99.79,0.5,2.4,5670.0,651.0,10.59,1.14,6.98,10478.0,990.0,19.53,1.68,5.74,334.0,144.0,3.19,1.34,26.21,33063.0,1378.0,61.63,0.88,2.53,2152.0,315.0,6.51,0.91,8.9,9995.0,748.0,18.63,1.19,4.55,3184.0,531.0,31.86,4.75,10.14,53306.0,2076.0,99.36,5.49,2.37,49409.0,2018.0,92.69,1.14,2.48,3652.0,674.0,6.85,1.24,11.22,245.0,128.0,0.46,0.24,31.76,53647.0,2101.0,100,,2.38,33350.0,1531.0,62.17,1.49,2.79,32308.0,1365.0,60.22,0.95,2.57,1042.0,465.0,1.94,0.86,27.13,20297.0,1672.0,37.83,2.74,5.01,14939.0,1195.0,73.6,8.45,4.86,5358.0,828.0,26.4,3.45,9.39,1278.0,286.0,6.3,1.31,13.6,5572.0,778.0,27.45,3.09,8.49,467.0,176.0,2.3,0.85,22.91,0.0,,0.0,,,12913.0,1448.0,63.62,4.84,6.82,67.0,39.0,0.33,0.19,35.39,51453.0,2012.0,95.91,5.31,2.38,34202.0,1704.0,66.47,2.05,3.03,7739.0,951.0,15.04,1.75,7.47,5513.0,970.0,10.71,1.84,10.7,15748.0,562.0,94.1,5.21,2.17,15594.0,564.0,93.18,5.19,2.2,44452.0,1634.0,82.86,4.45,2.23,29355.0,1294.0,66.04,1.61,2.68,27042.0,1236.0,60.83,1.65,2.78,2226.0,400.0,5.01,0.88,10.92,87.0,96.0,0.2,0.22,67.08,15097.0,978.0,33.96,1.81,3.94,,,7.58,1.32,10.92,26279.0,1251.0,48.99,1.33,2.89,13524.0,907.0,51.46,2.43,4.08,1818.0,363.0,6.92,1.34,12.14,6187.0,646.0,23.54,2.19,6.35,743.0,202.0,2.83,0.76,16.53,3634.0,640.0,13.83,2.34,10.71,27042.0,1236.0,50.41,1.19,2.78,15.0,19.0,0.06,0.07,77.0,1516.0,281.0,5.61,1.01,11.27,941.0,213.0,3.48,0.77,13.76,467.0,145.0,1.73,0.53,18.87,2550.0,408.0,9.43,1.45,9.73,2697.0,440.0,9.97,1.56,9.92,951.0,209.0,3.52,0.76,13.36,2254.0,408.0,8.34,1.46,11.0,2618.0,375.0,9.68,1.31,8.71,8613.0,707.0,31.85,2.17,4.99,1874.0,306.0,6.93,1.09,9.93,933.0,230.0,3.45,0.84,14.99,1613.0,346.0,5.96,1.25,13.04,369.0,176.0,2.2,1.05,28.99,664.0,412.0,3.97,2.46,37.72,507.0,148.0,3.03,0.88,17.75,976.0,264.0,5.83,1.56,16.44,1027.0,235.0,6.14,1.38,13.91,1579.0,246.0,9.44,1.41,9.47,1745.0,296.0,10.43,1.71,10.31,3233.0,401.0,19.32,2.25,7.54,2336.0,466.0,13.96,2.72,12.13,4299.0,388.0,25.69,2.05,5.49,13714.0,499.0,81.95,4.57,2.21,6404.0,563.0,38.27,2.95,5.34,5270.0,463.0,31.49,2.42,5.34,834.0,214.0,4.98,1.26,15.6,907.0,245.0,5.42,1.45,16.42,1707.0,329.0,10.2,1.92,11.72,50589.0,2091.0,94.5,1.15,2.51,38111.0,1662.0,71.19,1.32,2.65,19998.0,1401.0,37.35,2.16,4.26,2947.0,478.0,5.5,0.87,9.86,25945.0,1107.0,48.36,0.82,2.59,27702.0,1507.0,51.64,1.95,3.31,2194.0,338.0,4.09,0.61,9.37,3030.0,466.0,5.65,0.84,9.35,3358.0,460.0,6.26,0.82,8.33,3018.0,467.0,5.63,0.84,9.41,3813.0,492.0,7.11,0.87,7.84,6761.0,646.0,12.6,1.1,5.81,6418.0,563.0,11.96,0.94,5.33,7146.0,642.0,13.32,1.08,5.46,3902.0,476.0,7.27,0.84,7.42,3997.0,458.0,7.45,0.8,6.97,5568.0,544.0,10.38,0.93,5.94,2836.0,522.0,5.29,0.95,11.19,1606.0,319.0,2.99,0.58,12.07,10480.0,990.0,19.54,1.68,5.74,43167.0,1604.0,80.46,4.34,2.26,10010.0,749.0,18.66,1.19,4.55,5014.0,1162.0,9.35,2.13,14.09,15456.0,918.0,28.81,1.29,3.61,20131.0,1373.0,37.52,2.1,4.15,395.0,259.0,0.74,0.48,39.86,8181.0,1086.0,15.25,1.93,8.07,0.0,,0.0,,,4470.0,991.0,8.33,1.82,13.48,8210.0,1122.0,15.3,2.0,8.31,45437.0,1942.0,84.7,1.45,2.6,14030.0,861.0,26.15,1.24,3.73,19518.0,1369.0,36.38,2.12,4.26,83.0,67.0,0.15,0.12,49.07,8103.0,1083.0,15.1,1.93,8.12,0.0,,0.0,,,1504.0,711.0,2.8,1.32,28.74,2199.0,840.0,4.1,1.56,23.22
11432,11432,"11432, 11439",20404.0,918.0,100,,2.74,7175.0,806.0,35.16,3.62,6.83,17938.0,1362.0,27.22,1.74,4.62,863.0,202.0,4.81,1.07,14.23,947.0,299.0,5.28,1.62,19.19,5773.0,696.0,32.18,3.01,7.33,3107.0,488.0,17.32,2.38,9.55,7248.0,614.0,40.41,1.52,5.15,44042.0,1702.0,66.83,3.77,2.35,5080.0,640.0,11.53,1.38,7.66,3775.0,622.0,8.57,1.37,10.02,9487.0,748.0,21.54,1.48,4.79,15741.0,1172.0,35.74,2.27,4.53,52160.0,1973.0,79.15,4.42,2.3,891.0,381.0,1.71,0.73,25.99,65016.0,2710.0,98.66,0.66,2.53,7052.0,743.0,10.85,1.05,6.4,13700.0,1154.0,20.79,1.53,5.12,366.0,124.0,2.67,0.88,20.6,40822.0,1905.0,61.94,1.36,2.84,3670.0,540.0,8.99,1.25,8.94,10494.0,862.0,15.92,1.13,4.99,3016.0,447.0,28.74,3.55,9.01,65330.0,2681.0,99.13,5.76,2.49,57264.0,2708.0,87.65,2.06,2.87,6947.0,997.0,10.63,1.46,8.72,1119.0,438.0,1.71,0.67,23.79,65901.0,2711.0,100,,2.5,29532.0,1700.0,44.81,1.8,3.5,28298.0,1675.0,42.94,1.83,3.6,1234.0,285.0,1.87,0.43,14.04,36369.0,1918.0,55.19,1.82,3.21,22861.0,1331.0,62.86,1.55,3.54,13508.0,1397.0,37.14,3.3,6.29,1326.0,375.0,3.65,1.01,17.19,19564.0,1809.0,53.79,4.09,5.62,1553.0,557.0,4.27,1.51,21.8,6.0,16.0,0.02,0.04,162.11,13909.0,1401.0,38.24,3.28,6.12,11.0,16.0,0.03,0.04,88.42,61851.0,2550.0,93.85,0.26,2.51,22111.0,1798.0,35.75,2.51,4.94,22018.0,1865.0,35.6,2.63,5.15,11752.0,1286.0,19.0,1.93,6.65,19606.0,953.0,96.09,1.77,2.95,18455.0,718.0,90.45,5.38,2.37,53803.0,2021.0,81.64,4.55,2.28,31733.0,1606.0,58.98,2.0,3.08,28856.0,1570.0,53.63,2.11,3.31,2842.0,424.0,5.28,0.76,9.07,35.0,38.0,0.07,0.07,66.0,22070.0,1195.0,41.02,1.6,3.29,,,8.96,1.26,9.07,27749.0,1494.0,42.11,1.46,3.27,7894.0,697.0,28.45,1.99,5.37,1488.0,278.0,5.36,0.96,11.36,12824.0,1025.0,46.21,2.73,4.86,1923.0,369.0,6.93,1.28,11.66,2711.0,459.0,9.77,1.57,10.29,28856.0,1570.0,43.79,1.56,3.31,7.0,34.0,0.02,0.12,295.27,1569.0,365.0,5.44,1.23,14.14,1124.0,263.0,3.9,0.89,14.22,431.0,126.0,1.49,0.43,17.77,3569.0,688.0,12.37,2.29,11.72,2843.0,479.0,9.85,1.57,10.24,413.0,169.0,1.43,0.58,24.88,1444.0,263.0,5.0,0.87,11.07,2963.0,494.0,10.27,1.62,10.14,8433.0,854.0,29.22,2.5,6.16,2993.0,453.0,10.37,1.46,9.2,1762.0,463.0,6.11,1.57,15.97,1305.0,300.0,4.52,1.01,13.97,1113.0,262.0,5.45,1.26,14.31,770.0,226.0,3.77,1.09,17.84,1350.0,270.0,6.62,1.29,12.16,1502.0,411.0,7.36,1.99,16.63,1878.0,345.0,9.2,1.64,11.17,3541.0,484.0,17.35,2.24,8.31,2684.0,420.0,13.15,1.97,9.51,3697.0,529.0,18.12,2.46,8.7,1920.0,450.0,9.41,2.16,14.25,1949.0,271.0,9.55,1.26,8.45,16989.0,1036.0,83.26,3.43,3.71,5839.0,465.0,28.62,1.88,4.84,3549.0,421.0,17.39,1.91,7.21,1080.0,260.0,5.29,1.25,14.63,1403.0,271.0,6.88,1.29,11.74,3554.0,390.0,17.42,1.74,6.67,59516.0,2568.0,91.54,1.02,2.62,31624.0,2016.0,48.64,2.35,3.88,32887.0,2412.0,50.58,3.05,4.46,5500.0,1034.0,8.46,1.55,11.43,32601.0,1642.0,49.47,1.44,3.06,33300.0,1584.0,50.53,1.21,2.89,4050.0,555.0,6.15,0.8,8.33,3840.0,599.0,5.83,0.88,9.48,3517.0,487.0,5.34,0.71,8.42,5131.0,556.0,7.79,0.78,6.59,5321.0,847.0,8.07,1.24,9.68,8647.0,799.0,13.12,1.09,5.62,7828.0,699.0,11.88,0.94,5.43,7906.0,732.0,12.0,1.0,5.63,3968.0,510.0,6.02,0.73,7.81,4430.0,618.0,6.72,0.9,8.48,7317.0,841.0,11.1,1.19,6.99,2572.0,333.0,3.9,0.48,7.87,1374.0,241.0,2.08,0.36,10.66,13706.0,1154.0,20.8,1.53,5.12,52195.0,1975.0,79.2,4.43,2.3,11263.0,857.0,17.09,1.09,4.63,5866.0,1068.0,8.9,1.58,11.07,9916.0,1134.0,15.05,1.61,6.95,12110.0,1373.0,18.38,1.94,6.89,542.0,340.0,0.82,0.51,38.13,27098.0,2343.0,41.12,3.13,5.26,84.0,90.0,0.13,0.14,65.13,10285.0,1496.0,15.61,2.18,8.84,13845.0,1422.0,21.01,1.98,6.24,52056.0,2613.0,78.99,2.27,3.05,8457.0,1115.0,12.83,1.61,8.01,11495.0,1343.0,17.44,1.91,7.1,400.0,326.0,0.61,0.49,49.54,27071.0,2344.0,41.08,3.13,5.26,84.0,90.0,0.13,0.14,65.13,1190.0,423.0,1.81,0.64,21.61,3359.0,992.0,5.1,1.49,17.95
11433,11433,"11433, 11451",10965.0,471.0,100,,2.61,4608.0,483.0,42.02,4.02,6.37,10319.0,1056.0,27.32,2.09,6.22,376.0,151.0,3.64,1.42,24.41,415.0,174.0,4.02,1.64,25.49,4473.0,684.0,43.35,4.93,9.3,2163.0,373.0,20.96,2.91,10.48,2892.0,495.0,28.03,3.85,10.4,24649.0,1706.0,65.25,0.87,4.21,2621.0,542.0,10.63,2.07,12.57,2952.0,516.0,11.98,1.92,10.63,7538.0,904.0,30.58,3.0,7.29,4719.0,618.0,19.14,2.13,7.96,28239.0,1850.0,74.75,7.05,3.98,639.0,205.0,2.26,0.71,19.5,37738.0,2565.0,99.9,0.24,4.13,3487.0,459.0,9.24,1.04,8.0,9526.0,1111.0,25.22,2.39,7.09,148.0,113.0,1.55,1.17,46.41,23066.0,1713.0,61.06,1.83,4.51,1159.0,284.0,5.02,1.17,14.9,5146.0,540.0,13.62,1.09,6.38,2180.0,360.0,42.36,5.4,10.04,37260.0,2512.0,98.63,9.44,4.1,34522.0,2527.0,92.65,2.64,4.45,2578.0,792.0,6.92,2.07,18.68,160.0,97.0,0.43,0.26,36.85,37777.0,2566.0,100,,4.13,21908.0,1988.0,57.99,3.49,5.52,21390.0,2042.0,56.62,3.8,5.8,518.0,245.0,1.37,0.64,28.75,15869.0,1534.0,42.01,2.89,5.88,10527.0,1119.0,66.34,2.93,6.46,5342.0,1057.0,33.66,5.81,12.03,131.0,102.0,0.83,0.64,47.33,4461.0,1085.0,28.11,6.27,14.79,844.0,335.0,5.32,2.05,24.13,7.0,24.0,0.04,0.15,208.42,10382.0,1172.0,65.42,3.81,6.86,44.0,35.0,0.28,0.22,48.36,35162.0,2266.0,93.08,8.72,3.92,24280.0,2114.0,69.05,4.04,5.29,7257.0,1307.0,20.64,3.47,10.95,3713.0,865.0,10.56,2.36,14.16,10308.0,479.0,94.01,1.67,2.82,10212.0,484.0,93.13,1.87,2.88,29393.0,1911.0,77.81,7.32,3.95,18303.0,1495.0,62.27,3.08,4.97,15836.0,1290.0,53.88,2.64,4.95,2456.0,562.0,8.36,1.83,13.91,11.0,21.0,0.04,0.07,116.05,11090.0,912.0,37.73,1.9,5.0,,,13.42,2.87,13.91,15394.0,1189.0,40.75,1.5,4.7,6153.0,769.0,39.97,3.93,7.6,864.0,262.0,5.61,1.65,18.43,6630.0,704.0,43.07,3.14,6.45,290.0,118.0,1.88,0.75,24.74,1156.0,338.0,7.51,2.12,17.77,15836.0,1290.0,41.92,1.88,4.95,0.0,,0.0,,,999.0,291.0,6.31,1.76,17.71,339.0,148.0,2.14,0.92,26.54,223.0,121.0,1.41,0.76,32.98,1702.0,398.0,10.75,2.36,14.22,1886.0,299.0,11.91,1.62,9.64,313.0,182.0,1.98,1.14,35.35,1206.0,472.0,7.62,2.92,23.79,1250.0,263.0,7.89,1.53,12.79,4854.0,637.0,30.65,3.15,7.98,1351.0,282.0,8.53,1.64,12.69,680.0,206.0,4.29,1.25,18.42,1033.0,315.0,6.52,1.92,18.54,681.0,249.0,6.21,2.26,22.23,747.0,208.0,6.81,1.87,16.93,749.0,250.0,6.83,2.26,20.29,727.0,203.0,6.63,1.83,16.97,1097.0,264.0,10.0,2.37,14.63,1606.0,331.0,14.65,2.95,12.53,1473.0,324.0,13.43,2.9,13.37,1573.0,256.0,14.35,2.25,9.89,1241.0,264.0,11.32,2.36,12.93,1071.0,281.0,9.77,2.53,15.95,8750.0,494.0,79.8,2.92,3.43,3251.0,358.0,29.65,3.01,6.69,2082.0,346.0,18.99,3.05,10.1,871.0,246.0,7.94,2.22,17.17,1463.0,322.0,13.34,2.88,13.38,2652.0,410.0,24.19,3.59,9.4,34869.0,2288.0,92.4,8.73,3.99,19330.0,2074.0,51.22,4.25,6.52,18353.0,1570.0,48.63,2.53,5.2,2869.0,709.0,7.6,1.81,15.02,17707.0,1259.0,46.87,0.99,4.32,20070.0,1611.0,53.13,2.27,4.88,2615.0,610.0,6.92,1.54,14.18,2263.0,420.0,5.99,1.03,11.28,2997.0,509.0,7.93,1.23,10.32,2794.0,461.0,7.4,1.11,10.03,2459.0,355.0,6.51,0.83,8.78,5705.0,1194.0,15.1,2.99,12.72,4679.0,595.0,12.39,1.33,7.73,4403.0,473.0,11.66,0.97,6.53,2744.0,469.0,7.26,1.14,10.39,1946.0,309.0,5.15,0.74,9.65,2881.0,420.0,7.63,0.98,8.86,1592.0,285.0,4.21,0.7,10.88,699.0,165.0,1.85,0.42,14.35,9527.0,1112.0,25.22,2.39,7.1,28250.0,1852.0,74.78,7.06,3.99,5172.0,538.0,13.69,1.08,6.32,1813.0,451.0,4.8,1.15,15.12,1003.0,593.0,2.66,1.56,35.94,20769.0,2000.0,54.98,3.75,5.85,561.0,423.0,1.49,1.12,45.84,6562.0,1381.0,17.37,3.46,12.79,0.0,,0.0,,,7069.0,1441.0,18.71,3.6,12.39,4939.0,1141.0,13.07,2.89,14.04,32838.0,2251.0,86.93,0.8,4.17,718.0,416.0,1.9,1.09,35.22,20631.0,1991.0,54.61,3.74,5.87,547.0,418.0,1.45,1.1,46.45,6546.0,1379.0,17.33,3.46,12.81,0.0,,0.0,,,3037.0,951.0,8.04,2.46,19.04,1359.0,417.0,3.6,1.08,18.65
11434,11434,"11430, 11434",22737.0,884.0,100,,2.36,7868.0,823.0,34.6,3.36,6.36,17256.0,1518.0,25.35,1.96,5.35,836.0,313.0,4.84,1.76,22.76,806.0,254.0,4.67,1.41,19.16,6907.0,813.0,40.03,3.13,7.16,3631.0,573.0,21.04,2.76,9.59,5076.0,734.0,29.42,3.38,8.79,47742.0,1735.0,70.15,3.88,2.21,2491.0,514.0,5.22,1.06,12.54,3825.0,633.0,8.01,1.29,10.06,15273.0,1114.0,31.99,2.02,4.43,10531.0,881.0,22.06,1.66,5.09,53216.0,1993.0,78.19,4.38,2.28,1673.0,344.0,3.14,0.64,12.5,67628.0,2852.0,99.37,0.64,2.56,8014.0,950.0,11.85,1.31,7.21,14783.0,1450.0,21.72,1.93,5.96,292.0,120.0,1.98,0.79,24.98,42445.0,2068.0,62.37,1.57,2.96,4047.0,734.0,9.53,1.67,11.03,10400.0,945.0,15.28,1.23,5.52,3675.0,518.0,35.34,3.81,8.57,67308.0,2791.0,98.9,5.81,2.52,62844.0,2612.0,93.37,0.27,2.53,4141.0,868.0,6.15,1.26,12.74,323.0,277.0,0.48,0.41,52.13,68059.0,2836.0,100,,2.53,42592.0,2386.0,62.58,2.34,3.41,41462.0,2350.0,60.92,2.34,3.45,1130.0,291.0,1.66,0.42,15.65,25467.0,1700.0,37.42,1.95,4.06,19211.0,1519.0,75.43,3.2,4.81,6256.0,820.0,24.57,2.77,7.97,252.0,124.0,0.99,0.48,29.91,1366.0,424.0,5.36,1.63,18.87,1989.0,511.0,7.81,1.94,15.62,0.0,,0.0,,,21851.0,1713.0,85.8,3.53,4.77,9.0,19.0,0.04,0.07,128.34,64133.0,2562.0,94.23,5.44,2.43,52272.0,2487.0,81.51,2.11,2.89,5246.0,811.0,8.18,1.22,9.4,5612.0,1150.0,8.75,1.76,12.46,22110.0,874.0,97.24,0.69,2.4,21277.0,909.0,93.58,1.66,2.6,54544.0,2103.0,80.14,4.55,2.34,34545.0,1894.0,63.33,2.47,3.33,31028.0,1726.0,56.89,2.28,3.38,3462.0,596.0,6.35,1.06,10.47,55.0,67.0,0.1,0.12,74.05,19999.0,1420.0,36.67,2.19,4.32,,,10.02,1.64,10.47,30319.0,1724.0,44.55,1.72,3.46,13294.0,1117.0,43.85,2.71,5.11,1565.0,384.0,5.16,1.23,14.92,12263.0,1153.0,40.45,3.03,5.72,373.0,151.0,1.23,0.49,24.61,1753.0,365.0,5.78,1.16,12.66,31028.0,1726.0,45.59,1.68,3.38,0.0,,0.0,,,1744.0,418.0,5.62,1.31,14.57,526.0,191.0,1.7,0.61,22.07,189.0,123.0,0.61,0.39,39.56,2240.0,454.0,7.22,1.41,12.32,4971.0,553.0,16.02,1.54,6.76,532.0,138.0,1.71,0.43,15.77,2390.0,758.0,7.7,2.41,19.28,2150.0,303.0,6.93,0.9,8.57,11165.0,933.0,35.98,2.24,5.08,1513.0,312.0,4.88,0.97,12.54,1327.0,378.0,4.28,1.19,17.32,2281.0,555.0,7.35,1.74,14.79,1698.0,450.0,7.47,1.96,16.11,672.0,207.0,2.96,0.9,18.73,765.0,250.0,3.36,1.09,19.87,1927.0,506.0,8.48,2.2,15.96,2282.0,428.0,10.04,1.84,11.4,3707.0,603.0,16.3,2.58,9.89,2693.0,484.0,11.84,2.08,10.93,4161.0,641.0,18.3,2.73,9.36,2347.0,356.0,10.32,1.51,9.22,2485.0,477.0,10.93,2.05,11.67,17796.0,813.0,78.27,1.88,2.78,7684.0,777.0,33.8,3.15,6.15,5694.0,597.0,25.04,2.44,6.37,1344.0,292.0,5.91,1.26,13.21,1265.0,339.0,5.56,1.48,16.29,3604.0,490.0,15.85,2.07,8.27,63004.0,2648.0,93.16,5.55,2.55,39383.0,2467.0,58.23,2.7,3.81,28945.0,1817.0,42.8,1.99,3.82,4624.0,750.0,6.84,1.07,9.86,30604.0,1645.0,44.97,1.53,3.27,37455.0,1729.0,55.03,1.09,2.81,3926.0,737.0,5.77,1.06,11.41,4090.0,645.0,6.01,0.91,9.59,4283.0,601.0,6.29,0.84,8.53,4087.0,608.0,6.01,0.86,9.04,3931.0,623.0,5.78,0.88,9.63,9329.0,821.0,13.71,1.06,5.35,8960.0,792.0,13.17,1.03,5.37,9091.0,846.0,13.36,1.11,5.66,4897.0,802.0,7.2,1.14,9.96,4755.0,596.0,6.99,0.83,7.62,6161.0,778.0,9.05,1.08,7.68,2938.0,395.0,4.32,0.55,8.17,1611.0,401.0,2.37,0.58,15.13,14788.0,1451.0,21.73,1.93,5.96,53271.0,1980.0,78.27,4.37,2.26,10710.0,952.0,15.74,1.24,5.4,4568.0,1030.0,6.71,1.49,13.71,2539.0,759.0,3.73,1.1,18.17,53327.0,2969.0,78.35,2.89,3.38,189.0,205.0,0.28,0.3,65.94,2402.0,643.0,3.53,0.93,16.27,0.0,,0.0,,,5034.0,1121.0,7.4,1.62,13.54,8360.0,1354.0,12.28,1.92,9.85,59699.0,2742.0,87.72,1.69,2.79,1308.0,280.0,1.92,0.4,13.01,51796.0,2831.0,76.1,2.69,3.32,185.0,205.0,0.27,0.3,67.36,2397.0,644.0,3.52,0.93,16.33,0.0,,0.0,,,1428.0,566.0,2.1,0.83,24.09,2585.0,889.0,3.8,1.3,20.91
11435,11435,11435,19928.0,768.0,100,,2.34,6811.0,680.0,34.18,3.15,6.07,12864.0,1210.0,22.02,1.78,5.72,745.0,263.0,5.79,1.97,21.46,546.0,158.0,4.24,1.16,17.59,5096.0,760.0,39.61,4.58,9.07,2674.0,422.0,20.79,2.63,9.59,3803.0,484.0,29.56,2.53,7.74,41075.0,2030.0,70.31,0.88,3.0,5130.0,740.0,12.49,1.69,8.77,3281.0,559.0,7.99,1.3,10.36,9384.0,977.0,22.85,2.09,6.33,13306.0,1231.0,32.39,2.53,5.62,45753.0,2298.0,78.31,1.2,3.05,640.0,212.0,1.4,0.46,20.14,58153.0,2791.0,99.54,0.4,2.92,5101.0,752.0,8.77,1.22,8.96,12641.0,1182.0,21.64,1.74,5.68,208.0,91.0,1.65,0.7,26.6,37453.0,2176.0,64.11,2.12,3.53,2140.0,412.0,5.71,1.05,11.7,8059.0,853.0,13.79,1.3,6.43,2753.0,626.0,34.16,6.87,13.82,57664.0,2805.0,98.7,0.88,2.96,51991.0,2884.0,90.16,2.4,3.37,5135.0,872.0,8.91,1.45,10.32,538.0,198.0,0.93,0.34,22.37,58424.0,2794.0,100,,2.91,27683.0,1601.0,47.38,1.54,3.52,26032.0,1533.0,44.56,1.53,3.58,1651.0,428.0,2.83,0.72,15.76,30741.0,2024.0,52.62,2.38,4.0,18156.0,1418.0,59.06,2.48,4.75,12585.0,1567.0,40.94,4.33,7.57,2334.0,1121.0,7.59,3.61,29.2,9948.0,1418.0,32.36,4.09,8.67,1169.0,660.0,3.8,2.13,34.32,0.0,,0.0,,,17244.0,1924.0,56.09,5.05,6.78,46.0,83.0,0.15,0.27,109.69,54013.0,2694.0,92.45,1.31,3.03,22874.0,2130.0,42.35,3.33,5.66,18151.0,1691.0,33.6,2.64,5.66,15602.0,2196.0,28.89,3.8,8.56,19133.0,798.0,96.01,1.53,2.54,18685.0,770.0,93.76,1.37,2.51,47160.0,2363.0,80.72,1.21,3.05,31940.0,2000.0,67.73,2.54,3.81,28292.0,1947.0,59.99,2.83,4.18,3642.0,652.0,7.72,1.33,10.88,6.0,10.0,0.01,0.02,101.32,15220.0,1194.0,32.27,1.95,4.77,,,11.4,1.91,10.88,27279.0,1913.0,46.69,2.39,4.26,7751.0,818.0,28.41,2.24,6.42,1066.0,290.0,3.91,1.03,16.54,13433.0,1204.0,49.24,2.75,5.45,1699.0,370.0,6.23,1.28,13.24,2913.0,690.0,10.68,2.42,14.4,28292.0,1947.0,48.43,2.4,4.18,30.0,41.0,0.11,0.14,83.08,2099.0,537.0,7.42,1.83,15.55,1061.0,324.0,3.75,1.12,18.56,536.0,239.0,1.89,0.83,27.11,2747.0,517.0,9.71,1.7,11.44,2551.0,519.0,9.02,1.73,12.37,363.0,164.0,1.28,0.57,27.46,1804.0,427.0,6.38,1.44,14.39,3002.0,447.0,10.61,1.4,9.05,8769.0,1132.0,30.99,3.39,7.85,2474.0,598.0,8.74,2.03,14.69,1617.0,311.0,5.72,1.03,11.69,1239.0,239.0,4.38,0.79,11.73,914.0,245.0,4.59,1.22,16.29,1003.0,373.0,5.03,1.86,22.61,880.0,238.0,4.42,1.18,16.44,1662.0,436.0,8.34,2.16,15.95,1569.0,309.0,7.87,1.52,11.97,3352.0,509.0,16.82,2.47,9.23,2791.0,448.0,14.01,2.18,9.76,3861.0,489.0,19.37,2.34,7.7,1775.0,319.0,8.91,1.56,10.93,2121.0,403.0,10.64,1.98,11.55,16455.0,817.0,82.57,2.58,3.02,4752.0,456.0,23.85,2.1,5.83,3057.0,455.0,15.34,2.21,9.05,864.0,237.0,4.34,1.18,16.68,2890.0,575.0,14.5,2.83,12.09,3359.0,524.0,16.86,2.55,9.48,52549.0,2499.0,90.36,6.11,2.89,27812.0,1838.0,47.83,2.17,4.02,28550.0,1874.0,49.09,2.2,3.99,5604.0,919.0,9.64,1.51,9.97,29514.0,1856.0,50.52,2.06,3.82,28910.0,1543.0,49.48,1.17,3.24,4411.0,658.0,7.55,1.07,9.07,2998.0,503.0,5.13,0.83,10.2,3225.0,626.0,5.52,1.04,11.8,3284.0,453.0,5.62,0.73,8.39,3431.0,674.0,5.87,1.12,11.94,10279.0,1136.0,17.59,1.75,6.72,7372.0,637.0,12.62,0.91,5.25,7734.0,846.0,13.24,1.3,6.65,3938.0,572.0,6.74,0.92,8.83,3533.0,490.0,6.05,0.79,8.43,4710.0,646.0,8.06,1.04,8.34,2619.0,669.0,4.48,1.12,15.53,890.0,262.0,1.52,0.44,17.9,12665.0,1182.0,21.68,1.74,5.67,45759.0,2299.0,78.32,1.21,3.05,8219.0,850.0,14.07,1.29,6.29,4199.0,830.0,7.19,1.38,12.02,8266.0,1513.0,14.15,2.5,11.13,14678.0,1755.0,25.12,2.75,7.27,428.0,338.0,0.73,0.58,48.01,13343.0,1684.0,22.84,2.67,7.67,0.0,,0.0,,,17510.0,2241.0,29.97,3.56,7.78,17441.0,2144.0,29.85,3.38,7.47,40983.0,2919.0,70.15,3.7,4.33,7534.0,1507.0,12.9,2.5,12.16,14332.0,1729.0,24.53,2.72,7.33,157.0,147.0,0.27,0.25,56.92,13162.0,1682.0,22.53,2.67,7.77,0.0,,0.0,,,3755.0,963.0,6.43,1.62,15.59,2043.0,721.0,3.5,1.22,21.45
11694,11694,11694,8046.0,445.0,100,,3.36,2091.0,342.0,25.99,4.0,9.94,4798.0,756.0,22.39,3.06,9.58,319.0,202.0,6.65,4.08,38.49,338.0,168.0,7.04,3.32,30.22,2445.0,487.0,50.96,6.21,12.11,829.0,247.0,17.28,4.37,18.11,867.0,189.0,18.07,2.72,13.25,15451.0,1064.0,72.1,7.54,4.19,749.0,268.0,4.85,1.7,21.75,757.0,239.0,4.9,1.51,19.19,3882.0,604.0,25.12,3.51,9.46,6685.0,730.0,43.27,3.67,6.64,16507.0,1178.0,77.03,8.19,4.34,768.0,231.0,4.65,1.36,18.28,20882.0,1685.0,97.44,1.71,4.91,2500.0,429.0,11.97,1.81,10.43,4898.0,858.0,22.86,3.58,10.65,261.0,159.0,5.33,3.11,37.03,11886.0,1115.0,55.46,2.83,5.7,1346.0,296.0,11.32,2.25,13.37,4098.0,477.0,19.12,1.64,7.08,893.0,219.0,21.79,4.7,14.91,21208.0,1651.0,98.96,10.96,4.73,19011.0,1536.0,89.64,1.94,4.91,2152.0,626.0,10.15,2.84,17.68,45.0,41.0,0.21,0.19,55.39,21430.0,1688.0,100,,4.79,18424.0,1642.0,85.97,3.58,5.42,18104.0,1597.0,84.48,3.35,5.36,320.0,146.0,1.49,0.67,27.74,3006.0,610.0,14.03,2.62,12.34,2010.0,407.0,66.87,19.17,12.31,996.0,336.0,33.13,8.93,20.51,1225.0,290.0,40.75,4.97,14.39,641.0,290.0,21.32,8.62,27.5,218.0,198.0,7.25,6.42,55.21,8.0,16.0,0.27,0.53,121.58,859.0,388.0,28.58,11.53,27.46,55.0,50.0,1.83,1.62,55.26,20116.0,1543.0,93.87,10.32,4.66,16280.0,1336.0,80.93,2.36,4.99,1167.0,349.0,5.8,1.68,18.18,1401.0,436.0,6.96,2.1,18.92,7595.0,448.0,94.39,1.94,3.59,7441.0,441.0,92.48,1.97,3.6,16920.0,1220.0,78.95,8.43,4.38,10013.0,922.0,59.18,3.39,5.6,9224.0,860.0,54.52,3.22,5.67,789.0,276.0,4.66,1.6,21.27,0.0,,0.0,,,6907.0,652.0,40.82,2.49,5.74,,,7.88,2.66,21.27,8928.0,841.0,41.66,2.15,5.73,4754.0,589.0,53.25,4.29,7.53,383.0,142.0,4.29,1.54,22.54,2488.0,609.0,27.87,6.3,14.88,539.0,243.0,6.04,2.66,27.41,607.0,194.0,6.8,2.08,19.43,9224.0,860.0,43.04,2.15,5.67,0.0,,0.0,,,734.0,285.0,7.96,3.0,23.6,297.0,175.0,3.22,1.87,35.82,153.0,120.0,1.66,1.29,47.68,585.0,270.0,6.34,2.87,28.06,416.0,181.0,4.51,1.92,26.45,254.0,128.0,2.75,1.36,30.63,761.0,219.0,8.25,2.25,17.49,1249.0,316.0,13.54,3.18,15.38,2941.0,380.0,31.88,2.85,7.85,617.0,194.0,6.69,2.01,19.11,367.0,134.0,3.98,1.4,22.2,850.0,240.0,9.22,2.46,17.16,355.0,147.0,4.41,1.81,25.17,304.0,150.0,3.78,1.85,30.0,383.0,171.0,4.76,2.11,27.14,400.0,187.0,4.97,2.31,28.42,655.0,174.0,8.14,2.12,16.15,968.0,279.0,12.03,3.4,17.52,774.0,216.0,9.62,2.63,16.96,1489.0,316.0,18.51,3.79,12.9,1246.0,284.0,15.49,3.42,13.86,1472.0,274.0,18.29,3.25,11.32,5995.0,369.0,74.51,2.01,3.74,3144.0,412.0,39.08,4.64,7.97,2413.0,357.0,29.99,4.12,8.99,308.0,145.0,3.83,1.79,28.62,192.0,124.0,2.39,1.54,39.26,579.0,199.0,7.2,2.44,20.89,20251.0,1692.0,96.98,2.1,5.08,15333.0,1660.0,73.43,5.3,6.58,7348.0,841.0,35.19,2.86,6.96,631.0,259.0,3.02,1.22,24.95,10315.0,969.0,48.13,2.46,5.71,11115.0,1152.0,51.87,3.49,6.3,1314.0,414.0,6.13,1.87,19.15,1595.0,368.0,7.44,1.61,14.03,1416.0,398.0,6.61,1.78,17.09,1058.0,308.0,4.94,1.38,17.7,596.0,230.0,2.78,1.05,23.46,1945.0,428.0,9.08,1.86,13.38,3120.0,633.0,14.56,2.72,12.33,2823.0,435.0,13.17,1.74,9.37,1578.0,347.0,7.36,1.51,13.37,1542.0,325.0,7.2,1.41,12.81,2513.0,390.0,11.73,1.57,9.43,1396.0,278.0,6.51,1.19,12.11,534.0,162.0,2.49,0.73,18.44,4923.0,862.0,22.97,3.59,10.64,16507.0,1178.0,77.03,8.19,4.34,4443.0,473.0,20.73,1.48,6.47,1608.0,664.0,7.5,3.04,25.1,16544.0,1523.0,77.2,3.68,5.6,1750.0,390.0,8.17,1.7,13.55,26.0,43.0,0.12,0.2,100.54,389.0,146.0,1.82,0.67,22.82,0.0,,0.0,,,1113.0,541.0,5.19,2.49,29.55,3559.0,1096.0,16.61,4.94,18.72,17871.0,1608.0,83.39,3.63,5.47,15453.0,1560.0,72.11,4.55,6.14,1660.0,393.0,7.75,1.73,14.39,26.0,43.0,0.12,0.2,100.54,365.0,146.0,1.7,0.67,24.32,0.0,,0.0,,,15.0,18.0,0.07,0.08,72.95,352.0,196.0,1.64,0.91,33.85
11697,11697,11697,1668.0,200.0,100,,7.29,298.0,83.0,17.87,4.49,16.93,881.0,247.0,21.37,4.37,17.04,146.0,75.0,16.57,7.13,31.23,14.0,24.0,1.59,2.69,104.21,356.0,140.0,40.41,11.14,23.91,156.0,74.0,17.71,6.78,28.84,209.0,218.0,23.72,23.83,63.41,3078.0,580.0,74.65,20.06,11.45,25.0,28.0,0.81,0.9,68.09,147.0,108.0,4.78,3.39,44.66,359.0,135.0,11.66,3.8,22.86,1599.0,229.0,51.95,12.3,8.71,3392.0,774.0,82.27,10.19,13.87,81.0,51.0,2.39,1.4,38.28,4123.0,790.0,100.0,0.0,11.65,590.0,134.0,14.31,1.74,13.81,731.0,132.0,17.73,4.67,10.98,99.0,47.0,13.54,5.95,28.86,2427.0,773.0,58.86,14.98,19.36,185.0,109.0,7.62,3.78,35.82,965.0,151.0,23.41,5.79,9.51,306.0,89.0,31.71,7.77,17.68,4082.0,801.0,99.01,4.19,11.93,3687.0,821.0,90.32,9.51,13.54,395.0,222.0,9.68,5.1,34.17,0.0,,0.0,,,4123.0,790.0,100,,11.65,3955.0,783.0,95.93,4.78,12.04,3935.0,783.0,95.44,5.12,12.1,20.0,21.0,0.49,0.5,63.83,168.0,108.0,4.07,2.5,39.08,150.0,106.0,89.29,26.2,42.96,18.0,27.0,10.71,14.52,91.19,150.0,106.0,89.29,26.2,42.96,18.0,27.0,10.71,14.52,91.19,0.0,,0.0,,,0.0,,0.0,,,0.0,,0.0,,,0.0,,0.0,,,3935.0,802.0,95.44,6.63,12.39,3707.0,797.0,94.21,6.45,13.07,27.0,30.0,0.69,0.75,67.54,11.0,16.0,0.28,0.4,88.42,1546.0,192.0,92.69,3.0,7.55,1513.0,190.0,90.71,3.39,7.63,3479.0,771.0,84.38,9.4,13.47,1935.0,427.0,55.62,17.39,13.41,1880.0,428.0,54.04,2.82,13.84,55.0,39.0,1.58,1.06,43.11,0.0,,0.0,,,1544.0,420.0,44.38,7.0,16.54,,,2.84,1.92,43.11,1767.0,424.0,42.86,6.19,14.59,1210.0,253.0,68.48,21.79,12.71,114.0,76.0,6.45,4.01,40.53,282.0,192.0,15.96,10.17,41.39,18.0,20.0,1.02,1.11,67.54,132.0,57.0,7.47,2.68,26.25,1880.0,428.0,45.6,5.61,13.84,0.0,,0.0,,,211.0,122.0,11.22,5.97,35.15,35.0,38.0,1.86,1.98,66.0,9.0,15.0,0.48,0.79,101.32,139.0,83.0,7.39,4.08,36.3,48.0,38.0,2.55,1.94,48.13,8.0,13.0,0.43,0.68,98.78,215.0,200.0,11.44,10.31,56.55,201.0,87.0,10.69,3.94,26.31,670.0,186.0,35.64,5.66,16.88,39.0,42.0,2.07,2.18,65.47,76.0,56.0,4.04,2.83,44.79,229.0,117.0,12.18,5.57,31.06,78.0,58.0,4.68,3.43,45.2,27.0,25.0,1.62,1.49,56.29,54.0,42.0,3.24,2.49,47.28,65.0,48.0,3.9,2.84,44.89,89.0,62.0,5.34,3.66,42.35,186.0,68.0,11.15,3.85,22.22,137.0,61.0,8.21,3.52,27.07,278.0,95.0,16.67,5.33,20.77,239.0,102.0,14.33,5.87,25.94,515.0,198.0,30.88,11.28,23.37,1127.0,204.0,67.57,9.16,11.0,675.0,112.0,40.47,4.64,10.09,807.0,204.0,48.38,10.77,15.37,16.0,24.0,0.96,1.43,91.19,0.0,,0.0,,,52.0,47.0,3.12,2.79,54.95,4106.0,790.0,99.59,1.74,11.7,3798.0,787.0,92.12,7.27,12.6,1094.0,175.0,26.53,6.62,9.72,17.0,26.0,0.41,0.63,92.97,1933.0,600.0,46.88,11.45,18.87,2190.0,300.0,53.12,12.51,8.33,188.0,82.0,4.56,1.79,26.51,248.0,109.0,6.02,2.38,26.72,166.0,108.0,4.03,2.5,39.55,197.0,85.0,4.78,1.85,26.23,246.0,215.0,5.97,5.09,53.13,464.0,201.0,11.25,4.37,26.33,333.0,101.0,8.08,1.9,18.44,424.0,151.0,10.28,3.09,21.65,610.0,374.0,14.8,8.62,37.27,282.0,92.0,6.84,1.81,19.83,523.0,137.0,12.68,2.27,15.92,351.0,113.0,8.51,2.2,19.57,91.0,41.0,2.21,0.9,27.39,731.0,132.0,17.73,4.67,10.98,3392.0,774.0,82.27,10.19,13.87,965.0,151.0,23.41,5.79,9.51,46.0,39.0,1.12,0.92,51.54,4050.0,793.0,98.23,3.96,11.9,0.0,,0.0,,,0.0,,0.0,,,27.0,31.0,0.65,0.74,69.8,0.0,,0.0,,,0.0,,0.0,,,40.0,66.0,0.97,1.59,100.3,4083.0,796.0,99.03,3.56,11.85,4011.0,798.0,97.28,5.21,12.09,0.0,,0.0,,,0.0,,0.0,,,27.0,31.0,0.65,0.74,69.8,0.0,,0.0,,,0.0,,0.0,,,45.0,39.0,1.09,0.92,52.68
99999,99999,99999,,,100,,,,,,,,,,,,,,,,,,,,,,,,,,,,,,,,,,,,,,,,,,,,,,,,,,,,,,,,,,,,,,,,,,,,,,,,,,,,,,,,,,,,,,,,,,,,,,,,,,,,,,,,,,,,,,,,,,,,,,,,,,,,,,,,,,,,,,,100,,,,,,,,,,,,,,,,,,,,,,,,,,,,,,,,,,,,,,,,,,,,,,,,,,,,,,,,,,,,,,,,,,,,,,,,,,,,,,,,,,,,,,,,,,,,,,,,,,,,,,,,,,,,,,,,,,,,,,,,,,,,,,,,,,,,,,,,,,,,,,,,,,,,,,,,,,,,,,,,,,,,,,,,,,,,,,,,,,,,,,,,,,,,,,,,,,,,,,,,,,,,,,,,,,,,,,,,,,,,,,,,,,,,,,,,,,,,,,,,,,,,,,,,,,,,,,,,,,,,,,,,,,,,,,,,,,,,,,,,,,,,,,,,,,,,,,,,,,,,,,,,,,,,,,,,,,,,,,,,,,,,,,,,,,,,,,,,,,,,,,,,,,,,,,,,,,,,,,,,,,,,,,,,,,,,,,,,,,,,,,,,,,,,,,,,,,,,,,,,,,,,,,,,,,,,,,,,,,,,,,,,,,,,,,,,,,,,,,,,,,,,,,,,,,,,,,,,,,,,,,,,,,,,,,,,,,,,,,,,,,,,,,,,,,,,,,,,,
