,nta2020,nta_code,nta,DP02_0001E,DP02_0001M,DP02_0001PE,DP02_0001PM,DP02_0001V,DP02_0013E,DP02_0013M,DP02_0013PE,DP02_0013PM,DP02_0013V,DP02_0052E,DP02_0052M,DP02_0052PE,DP02_0052PM,DP02_0052V,DP02_0053E,DP02_0053M,DP02_0053PE,DP02_0053PM,DP02_0053V,DP02_0054E,DP02_0054M,DP02_0054PE,DP02_0054PM,DP02_0054V,DP02_0055E,DP02_0055M,DP02_0055PE,DP02_0055PM,DP02_0055V,DP02_0056E,DP02_0056M,DP02_0056PE,DP02_0056PM,DP02_0056V,DP02_0057E,DP02_0057M,DP02_0057PE,DP02_0057PM,DP02_0057V,DP02_0058E,DP02_0058M,DP02_0058PE,DP02_0058PM,DP02_0058V,DP02_0059E,DP02_0059M,DP02_0059PE,DP02_0059PM,DP02_0059V,DP02_0060E,DP02_0060M,DP02_0060PE,DP02_0060PM,DP02_0060V,DP02_0061E,DP02_0061M,DP02_0061PE,DP02_0061PM,DP02_0061V,DP02_0067E,DP02_0067M,DP02_0067PE,DP02_0067PM,DP02_0067V,DP02_0068E,DP02_0068M,DP02_0068PE,DP02_0068PM,DP02_0068V,DP02_0069E,DP02_0069M,DP02_0069PE,DP02_0069PM,DP02_0069V,DP02_0070E,DP02_0070M,DP02_0070PE,DP02_0070PM,DP02_0070V,DP02_0071E,DP02_0071M,DP02_0071PE,DP02_0071PM,DP02_0071V,DP02_0072E,DP02_0072M,DP02_0072PE,DP02_0072PM,DP02_0072V,DP02_0073E,DP02_0073M,DP02_0073PE,DP02_0073PM,DP02_0073V,DP02_0074E,DP02_0074M,DP02_0074PE,DP02_0074PM,DP02_0074V,DP02_0075E,DP02_0075M,DP02_0075PE,DP02_0075PM,DP02_0075V,DP02_0076E,DP02_0076M,DP02_0076PE,DP02_0076PM,DP02_0076V,DP02_0077E,DP02_0077M,DP02_0077PE,DP02_0077PM,DP02_0077V,DP02_0078E,DP02_0078M,DP02_0078PE,DP02_0078PM,DP02_0078V,DP02_0079E,DP02_0079M,DP02_0079PE,DP02_0079PM,DP02_0079V,DP02_0080E,DP02_0080M,DP02_0080PE,DP02_0080PM,DP02_0080V,DP02_0085E,DP02_0085M,DP02_0085PE,DP02_0085PM,DP02_0085V,DP02_0086E,DP02_0086M,DP02_0086PE,DP02_0086PM,DP02_0086V,DP02_0087E,DP02_0087M,DP02_0087PE,DP02_0087PM,DP02_0087V,DP02_0088E,DP02_0088M,DP02_0088PE,DP02_0088PM,DP02_0088V,DP02_0091E,DP02_0091M,DP02_0091PE,DP02_0091PM,DP02_0091V,DP02_0092E,DP02_0092M,DP02_0092PE,DP02_0092PM,DP02_0092V,DP02_0094E,DP02_0094M,DP02_0094PE,DP02_0094PM,DP02_0094V,DP02_0095E,DP02_0095M,DP02_0095PE,DP02_0095PM,DP02_0095V,DP02_0104E,DP02_0104M,DP02_0104PE,DP02_0104PM,DP02_0104V,DP02_0105E,DP02_0105M,DP02_0105PE,DP02_0105PM,DP02_0105V,DP02_0106E,DP02_0106M,DP02_0106PE,DP02_0106PM,DP02_0106V,DP02_0107E,DP02_0107M,DP02_0107PE,DP02_0107PM,DP02_0107V,DP02_0108E,DP02_0108M,DP02_0108PE,DP02_0108PM,DP02_0108V,DP02_0109E,DP02_0109M,DP02_0109PE,DP02_0109PM,DP02_0109V,DP02_0110E,DP02_0110M,DP02_0110PE,DP02_0110PM,DP02_0110V,DP02_0111E,DP02_0111M,DP02_0111PE,DP02_0111PM,DP02_0111V,DP02_0113E,DP02_0113M,DP02_0113PE,DP02_0113PM,DP02_0113V,DP02_0114E,DP02_0114M,DP02_0114PE,DP02_0114PM,DP02_0114V,DP03_0001E,DP03_0001M,DP03_0001PE,DP03_0001PM,DP03_0001V,DP03_0002E,DP03_0002M,DP03_0002PE,DP03_0002PM,DP03_0002V,DP03_0004E,DP03_0004M,DP03_0004PE,DP03_0004PM,DP03_0004V,DP03_0005E,DP03_0005M,DP03_0005PE,DP03_0005PM,DP03_0005V,DP03_0006E,DP03_0006M,DP03_0006PE,DP03_0006PM,DP03_0006V,DP03_0007E,DP03_0007M,DP03_0007PE,DP03_0007PM,DP03_0007V,DP03_0009E,DP03_0009M,DP03_0009PE,DP03_0009PM,DP03_0009V,DP03_0018E,DP03_0018M,DP03_0018PE,DP03_0018PM,DP03_0018V,DP03_0019E,DP03_0019M,DP03_0019PE,DP03_0019PM,DP03_0019V,DP03_0020E,DP03_0020M,DP03_0020PE,DP03_0020PM,DP03_0020V,DP03_0021E,DP03_0021M,DP03_0021PE,DP03_0021PM,DP03_0021V,DP03_0022E,DP03_0022M,DP03_0022PE,DP03_0022PM,DP03_0022V,DP03_0024E,DP03_0024M,DP03_0024PE,DP03_0024PM,DP03_0024V,DP03_0032E,DP03_0032M,DP03_0032PE,DP03_0032PM,DP03_0032V,DP03_0033E,DP03_0033M,DP03_0033PE,DP03_0033PM,DP03_0033V,DP03_0034E,DP03_0034M,DP03_0034PE,DP03_0034PM,DP03_0034V,DP03_0035E,DP03_0035M,DP03_0035PE,DP03_0035PM,DP03_0035V,DP03_0036E,DP03_0036M,DP03_0036PE,DP03_0036PM,DP03_0036V,DP03_0037E,DP03_0037M,DP03_0037PE,DP03_0037PM,DP03_0037V,DP03_0038E,DP03_0038M,DP03_0038PE,DP03_0038PM,DP03_0038V,DP03_0039E,DP03_0039M,DP03_0039PE,DP03_0039PM,DP03_0039V,DP03_0040E,DP03_0040M,DP03_0040PE,DP03_0040PM,DP03_0040V,DP03_0041E,DP03_0041M,DP03_0041PE,DP03_0041PM,DP03_0041V,DP03_0042E,DP03_0042M,DP03_0042PE,DP03_0042PM,DP03_0042V,DP03_0043E,DP03_0043M,DP03_0043PE,DP03_0043PM,DP03_0043V,DP03_0044E,DP03_0044M,DP03_0044PE,DP03_0044PM,DP03_0044V,DP03_0045E,DP03_0045M,DP03_0045PE,DP03_0045PM,DP03_0045V,DP03_0052E,DP03_0052M,DP03_0052PE,DP03_0052PM,DP03_0052V,DP03_0053E,DP03_0053M,DP03_0053PE,DP03_0053PM,DP03_0053V,DP03_0054E,DP03_0054M,DP03_0054PE,DP03_0054PM,DP03_0054V,DP03_0055E,DP03_0055M,DP03_0055PE,DP03_0055PM,DP03_0055V,DP03_0056E,DP03_0056M,DP03_0056PE,DP03_0056PM,DP03_0056V,DP03_0057E,DP03_0057M,DP03_0057PE,DP03_0057PM,DP03_0057V,DP03_0058E,DP03_0058M,DP03_0058PE,DP03_0058PM,DP03_0058V,DP03_0059E,DP03_0059M,DP03_0059PE,DP03_0059PM,DP03_0059V,DP03_0060E,DP03_0060M,DP03_0060PE,DP03_0060PM,DP03_0060V,DP03_0061E,DP03_0061M,DP03_0061PE,DP03_0061PM,DP03_0061V,DP03_0064E,DP03_0064M,DP03_0064PE,DP03_0064PM,DP03_0064V,DP03_0066E,DP03_0066M,DP03_0066PE,DP03_0066PM,DP03_0066V,DP03_0068E,DP03_0068M,DP03_0068PE,DP03_0068PM,DP03_0068V,DP03_0070E,DP03_0070M,DP03_0070PE,DP03_0070PM,DP03_0070V,DP03_0072E,DP03_0072M,DP03_0072PE,DP03_0072PM,DP03_0072V,DP03_0074E,DP03_0074M,DP03_0074PE,DP03_0074PM,DP03_0074V,DP03_0096E,DP03_0096M,DP03_0096PE,DP03_0096PM,DP03_0096V,DP03_0097E,DP03_0097M,DP03_0097PE,DP03_0097PM,DP03_0097V,DP03_0098E,DP03_0098M,DP03_0098PE,DP03_0098PM,DP03_0098V,DP03_0099E,DP03_0099M,DP03_0099PE,DP03_0099PM,DP03_0099V,DP05_0002E,DP05_0002M,DP05_0002PE,DP05_0002PM,DP05_0002V,DP05_0003E,DP05_0003M,DP05_0003PE,DP05_0003PM,DP05_0003V,DP05_0004E,DP05_0004M,DP05_0004PE,DP05_0004PM,DP05_0004V,DP05_0005E,DP05_0005M,DP05_0005PE,DP05_0005PM,DP05_0005V,DP05_0006E,DP05_0006M,DP05_0006PE,DP05_0006PM,DP05_0006V,DP05_0007E,DP05_0007M,DP05_0007PE,DP05_0007PM,DP05_0007V,DP05_0008E,DP05_0008M,DP05_0008PE,DP05_0008PM,DP05_0008V,DP05_0009E,DP05_0009M,DP05_0009PE,DP05_0009PM,DP05_0009V,DP05_0010E,DP05_0010M,DP05_0010PE,DP05_0010PM,DP05_0010V,DP05_0011E,DP05_0011M,DP05_0011PE,DP05_0011PM,DP05_0011V,DP05_0012E,DP05_0012M,DP05_0012PE,DP05_0012PM,DP05_0012V,DP05_0013E,DP05_0013M,DP05_0013PE,DP05_0013PM,DP05_0013V,DP05_0014E,DP05_0014M,DP05_0014PE,DP05_0014PM,DP05_0014V,DP05_0015E,DP05_0015M,DP05_0015PE,DP05_0015PM,DP05_0015V,DP05_0016E,DP05_0016M,DP05_0016PE,DP05_0016PM,DP05_0016V,DP05_0018E,DP05_0018M,DP05_0018PE,DP05_0018PM,DP05_0018V,DP05_0021E,DP05_0021M,DP05_0021PE,DP05_0021PM,DP05_0021V,DP05_0032E,DP05_0032M,DP05_0032PE,DP05_0032PM,DP05_0032V,DP05_0033E,DP05_0033M,DP05_0033PE,DP05_0033PM,DP05_0033V,DP05_0034E,DP05_0034M,DP05_0034PE,DP05_0034PM,DP05_0034V,DP05_0039E,DP05_0039M,DP05_0039PE,DP05_0039PM,DP05_0039V,DP05_0047E,DP05_0047M,DP05_0047PE,DP05_0047PM,DP05_0047V,DP05_0052E,DP05_0052M,DP05_0052PE,DP05_0052PM,DP05_0052V,DP05_0053E,DP05_0053M,DP05_0053PE,DP05_0053PM,DP05_0053V,DP05_0066E,DP05_0066M,DP05_0066PE,DP05_0066PM,DP05_0066V,DP05_0071E,DP05_0071M,DP05_0071PE,DP05_0071PM,DP05_0071V,DP05_0072E,DP05_0072M,DP05_0072PE,DP05_0072PM,DP05_0072V,DP05_0073E,DP05_0073M,DP05_0073PE,DP05_0073PM,DP05_0073V,DP05_0074E,DP05_0074M,DP05_0074PE,DP05_0074PM,DP05_0074V,DP05_0075E,DP05_0075M,DP05_0075PE,DP05_0075PM,DP05_0075V,DP05_0076E,DP05_0076M,DP05_0076PE,DP05_0076PM,DP05_0076V,DP05_0077E,DP05_0077M,DP05_0077PE,DP05_0077PM,DP05_0077V,DP05_0078E,DP05_0078M,DP05_0078PE,DP05_0078PM,DP05_0078V
0,Greenpoint,BK0101,Greenpoint,18579.0,,100,,,2560.0,247.0,13.78,1.33,5.87,4945.0,470.0,14.83,1.41,5.78,277.0,104.0,5.6,2.1,22.8,129.0,80.0,2.61,1.62,37.73,1414.0,208.0,28.6,4.2,8.93,673.0,138.0,13.61,2.8,12.51,2451.0,244.0,49.57,4.94,6.06,27567.0,914.0,82.66,2.74,2.02,1186.0,221.0,4.3,0.8,11.31,1322.0,256.0,4.8,0.93,11.78,4688.0,436.0,17.01,1.58,5.65,15512.0,617.0,56.27,2.24,2.42,29989.0,947.0,89.92,2.84,1.92,599.0,147.0,2.0,0.49,14.89,33351.0,0.0,100.0,0.0,0.0,2506.0,337.0,7.51,1.01,8.18,3362.0,347.0,10.08,1.04,6.27,97.0,91.0,2.89,2.72,57.21,26751.0,544.0,80.21,1.63,1.24,1157.0,238.0,4.33,0.89,12.49,3236.0,300.0,9.7,0.9,5.64,1252.0,176.0,38.69,5.43,8.53,33013.0,870.0,98.99,2.61,1.6,29114.0,502.0,88.19,1.52,1.05,3607.0,475.0,10.93,1.44,8.01,293.0,116.0,0.89,0.35,23.91,33351.0,,100,,,23960.0,627.0,71.84,1.88,1.59,22930.0,634.0,68.75,1.9,1.68,1035.0,227.0,3.1,0.68,13.33,9391.0,614.0,28.16,1.84,3.97,4788.0,360.0,50.98,3.83,4.57,4604.0,360.0,49.02,3.83,4.75,5980.0,384.0,63.68,4.09,3.9,1208.0,249.0,12.86,2.65,12.53,93.0,103.0,0.99,1.1,67.54,125.0,115.0,1.33,1.22,55.76,1768.0,342.0,18.83,3.64,11.75,217.0,92.0,2.31,0.98,25.79,32169.0,857.0,96.46,2.57,1.62,20706.0,727.0,64.37,2.26,2.13,5202.0,521.0,16.17,1.62,6.09,3067.0,540.0,9.53,1.68,10.72,30268.0,1074.0,90.76,3.22,2.16,22838.0,530.0,75.45,1.75,1.41,21576.0,554.0,71.28,1.83,1.56,1264.0,233.0,4.18,0.77,11.2,0.0,,0.0,,,7430.0,530.0,24.55,1.75,4.33,,,5.53,1.01,11.21,21194.0,654.0,63.55,1.96,1.88,2367.0,314.0,11.17,1.48,8.05,508.0,178.0,2.4,0.84,21.28,14070.0,466.0,66.39,2.2,2.01,1729.0,267.0,8.16,1.26,9.39,1140.0,195.0,5.38,0.92,10.4,21571.0,644.0,64.68,1.93,1.81,44.0,106.0,0.2,0.49,148.94,1480.0,278.0,6.86,1.29,11.43,1000.0,229.0,4.64,1.06,13.89,591.0,149.0,2.74,0.69,15.31,1973.0,311.0,9.15,1.44,9.57,513.0,142.0,2.38,0.66,16.86,2048.0,263.0,9.49,1.22,7.81,1383.0,237.0,6.41,1.1,10.43,4994.0,418.0,23.15,1.94,5.09,3415.0,367.0,15.83,1.7,6.53,2472.0,285.0,11.46,1.32,7.0,1120.0,216.0,5.19,1.0,11.71,525.0,166.0,2.43,0.77,19.26,1464.0,266.0,7.88,1.43,11.03,515.0,149.0,2.77,0.8,17.56,1666.0,301.0,8.97,1.62,10.98,1126.0,212.0,6.06,1.14,11.44,1653.0,290.0,8.9,1.56,10.66,2975.0,342.0,16.01,1.84,6.99,2740.0,327.0,14.75,1.76,7.25,3447.0,346.0,18.55,1.86,6.1,1388.0,243.0,7.47,1.31,10.66,1608.0,249.0,8.65,1.34,9.42,15527.0,333.0,83.57,1.79,1.3,2947.0,308.0,15.86,1.66,6.36,1343.0,227.0,7.23,1.22,10.26,829.0,214.0,4.46,1.15,15.67,334.0,134.0,1.8,0.72,24.32,1394.0,281.0,7.5,1.51,12.24,29000.0,500.0,86.95,1.5,1.05,23512.0,760.0,70.5,2.28,1.97,7255.0,624.0,21.75,1.87,5.23,4351.0,500.0,13.05,1.5,6.99,15990.0,467.0,47.94,1.4,1.78,17361.0,467.0,52.06,1.4,1.63,1182.0,197.0,3.54,0.59,10.13,858.0,180.0,2.57,0.54,12.77,830.0,193.0,2.49,0.58,14.16,890.0,197.0,2.67,0.59,13.43,2024.0,344.0,6.07,1.03,10.32,11242.0,667.0,33.71,2.0,3.61,5721.0,440.0,17.15,1.32,4.68,3735.0,364.0,11.2,1.09,5.92,1946.0,303.0,5.83,0.91,9.49,1678.0,280.0,5.03,0.84,10.15,1873.0,267.0,5.62,0.8,8.65,897.0,177.0,2.69,0.53,11.98,479.0,133.0,1.44,0.4,16.89,29989.0,317.0,89.92,0.95,0.64,3236.0,324.0,9.7,0.97,6.08,27648.0,660.0,82.9,1.98,1.45,757.0,297.0,2.27,0.89,23.83,133.0,137.0,0.4,0.41,62.31,1952.0,350.0,5.85,1.05,10.91,9.0,100.0,0.03,0.3,607.9,1562.0,350.0,4.68,1.05,13.64,1289.0,404.0,3.86,1.21,19.06,4341.0,590.0,13.02,1.77,8.26,29010.0,590.0,86.98,1.77,1.24,25163.0,727.0,75.45,2.18,1.76,730.0,297.0,2.19,0.89,24.7,31.0,100.0,0.09,0.3,202.63,1952.0,350.0,5.85,1.05,10.91,9.0,100.0,0.03,0.3,607.9,184.0,163.0,0.55,0.49,54.16,934.0,270.0,2.8,0.81,17.59
1,Williamsburg,BK0102,Williamsburg,28742.0,,100,,,6182.0,448.0,21.51,1.56,4.41,10389.0,761.0,19.12,1.4,4.45,1057.0,216.0,10.17,2.08,12.43,623.0,154.0,6.0,1.48,14.99,3774.0,330.0,36.33,3.18,5.32,1670.0,277.0,16.07,2.67,10.1,3266.0,345.0,31.44,3.32,6.42,40563.0,1130.0,74.64,2.08,1.69,2942.0,462.0,7.25,1.14,9.56,2930.0,426.0,7.22,1.05,8.84,5759.0,556.0,14.2,1.37,5.86,22545.0,795.0,55.58,1.96,2.14,44679.0,1500.0,82.21,2.76,2.04,656.0,210.0,1.47,0.47,19.44,54340.0,33.0,99.99,0.06,0.04,4259.0,500.0,7.84,0.92,7.13,9661.0,728.0,17.78,1.34,4.58,255.0,126.0,2.64,1.3,29.93,40923.0,1196.0,75.3,2.2,1.78,2319.0,397.0,5.67,0.97,10.4,3754.0,402.0,6.91,0.74,6.51,1686.0,222.0,44.92,5.92,8.01,53511.0,1766.0,98.46,3.25,2.01,46236.0,760.0,86.4,1.42,1.0,6495.0,706.0,12.14,1.32,6.61,783.0,230.0,1.46,0.43,17.9,54347.0,,100,,,40307.0,946.0,74.17,1.74,1.43,37276.0,902.0,68.59,1.66,1.47,3034.0,446.0,5.58,0.82,8.93,14040.0,973.0,25.83,1.79,4.21,6729.0,468.0,47.93,3.33,4.22,7311.0,468.0,52.07,3.33,3.89,3553.0,462.0,25.31,3.29,7.9,2929.0,389.0,20.86,2.77,8.07,333.0,215.0,2.37,1.53,39.24,265.0,143.0,1.89,1.02,32.81,6438.0,503.0,45.85,3.58,4.75,522.0,212.0,3.72,1.51,24.68,50572.0,1777.0,93.05,3.27,2.14,24822.0,1001.0,49.08,1.98,2.45,9501.0,799.0,18.79,1.58,5.11,15244.0,890.0,30.14,1.76,3.55,45564.0,1706.0,83.84,3.14,2.28,34178.0,679.0,75.01,1.49,1.21,32176.0,724.0,70.62,1.59,1.37,2002.0,369.0,4.39,0.81,11.22,0.0,,0.0,,,11386.0,679.0,24.99,1.49,3.62,,,5.86,1.07,11.2,31486.0,772.0,57.94,1.42,1.49,2459.0,356.0,7.81,1.13,8.8,400.0,126.0,1.27,0.4,19.15,22008.0,645.0,69.9,2.05,1.78,2932.0,419.0,9.31,1.33,8.68,2310.0,343.0,7.34,1.09,9.03,32177.0,750.0,59.21,1.38,1.42,18.0,106.0,0.06,0.33,334.35,672.0,187.0,2.09,0.58,16.87,1242.0,248.0,3.86,0.77,12.13,759.0,206.0,2.36,0.64,16.49,3015.0,415.0,9.37,1.29,8.37,561.0,174.0,1.74,0.54,18.87,3283.0,396.0,10.2,1.23,7.33,2903.0,354.0,9.02,1.1,7.41,7833.0,598.0,24.34,1.86,4.65,5692.0,463.0,17.69,1.44,4.95,4310.0,447.0,13.39,1.39,6.31,1158.0,235.0,3.6,0.73,12.33,724.0,206.0,2.25,0.64,17.29,2375.0,374.0,8.26,1.3,9.57,1584.0,333.0,5.51,1.16,12.8,1904.0,374.0,6.62,1.3,11.94,2218.0,391.0,7.72,1.36,10.71,2719.0,365.0,9.46,1.27,8.16,3425.0,408.0,11.92,1.42,7.24,3213.0,437.0,11.18,1.52,8.26,4463.0,446.0,15.53,1.55,6.07,2828.0,388.0,9.84,1.35,8.34,4001.0,385.0,13.92,1.34,5.85,25028.0,477.0,87.08,1.66,1.16,3753.0,388.0,13.06,1.35,6.28,1173.0,264.0,4.08,0.92,13.71,1799.0,336.0,6.26,1.17,11.36,1131.0,299.0,3.94,1.04,16.05,5247.0,477.0,18.26,1.66,5.53,48616.0,739.0,89.47,1.36,0.92,33378.0,1152.0,61.42,2.12,2.1,17931.0,1119.0,33.0,2.06,3.79,5724.0,739.0,10.53,1.36,7.85,27354.0,728.0,50.33,1.34,1.62,26993.0,728.0,49.67,1.34,1.64,3775.0,424.0,6.95,0.78,6.82,2481.0,315.0,4.57,0.58,7.72,2271.0,326.0,4.18,0.6,8.73,1870.0,293.0,3.44,0.54,9.54,3400.0,473.0,6.26,0.87,8.45,18094.0,918.0,33.29,1.69,3.09,10290.0,679.0,18.93,1.25,4.01,5200.0,489.0,9.57,0.9,5.72,1793.0,321.0,3.3,0.59,10.87,1415.0,283.0,2.6,0.52,12.16,2296.0,370.0,4.22,0.68,9.8,891.0,217.0,1.64,0.4,14.83,576.0,190.0,1.06,0.35,20.07,44679.0,620.0,82.21,1.14,0.84,3754.0,435.0,6.91,0.8,7.04,39003.0,1288.0,71.77,2.37,2.01,3368.0,815.0,6.2,1.5,14.71,160.0,255.0,0.29,0.47,98.52,3850.0,495.0,7.08,0.91,7.81,28.0,114.0,0.05,0.21,255.32,6067.0,1038.0,11.16,1.91,10.4,1886.0,397.0,3.47,0.73,12.79,18963.0,935.0,34.89,1.72,3.0,35384.0,935.0,65.11,1.72,1.61,28573.0,984.0,52.58,1.81,2.09,1582.0,408.0,2.91,0.75,15.67,0.0,,0.0,,,3825.0,495.0,7.04,0.91,7.86,28.0,114.0,0.05,0.21,255.32,214.0,152.0,0.39,0.28,43.64,1161.0,266.0,2.14,0.49,13.92
2,South Williamsburg,BK0103,South Williamsburg,11503.0,,100,,,7038.0,311.0,61.18,2.7,2.68,19160.0,877.0,42.39,1.94,2.78,1964.0,249.0,10.25,1.3,7.71,2354.0,251.0,12.29,1.31,6.48,9015.0,404.0,47.05,2.11,2.73,3718.0,376.0,19.4,1.96,6.14,2118.0,284.0,11.05,1.48,8.14,17658.0,692.0,39.07,1.53,2.38,1644.0,277.0,9.31,1.57,10.25,3264.0,355.0,18.48,2.01,6.61,7318.0,470.0,41.44,2.66,3.9,1770.0,284.0,10.02,1.61,9.77,22218.0,990.0,49.16,2.19,2.71,63.0,93.0,0.28,0.42,91.19,45006.0,77.0,99.58,0.17,0.1,2829.0,450.0,6.29,1.0,9.66,22979.0,1044.0,50.84,2.31,2.76,186.0,83.0,0.81,0.36,27.02,19449.0,768.0,43.03,1.7,2.4,1551.0,327.0,7.97,1.68,12.81,2578.0,249.0,5.7,0.55,5.87,1097.0,186.0,42.56,7.21,10.3,43115.0,1293.0,95.39,2.86,1.82,41633.0,397.0,96.56,0.92,0.58,1465.0,397.0,3.4,0.92,16.45,17.0,86.0,0.04,0.2,303.95,45197.0,,100,,,40400.0,538.0,89.39,1.19,0.81,39464.0,574.0,87.32,1.27,0.88,929.0,249.0,2.06,0.55,16.23,4797.0,484.0,10.61,1.07,6.13,3677.0,217.0,76.65,4.52,3.58,1121.0,217.0,23.37,4.52,11.76,2093.0,264.0,43.63,5.51,7.68,1181.0,258.0,24.62,5.37,13.26,80.0,106.0,1.67,2.21,80.45,26.0,75.0,0.54,1.57,176.74,1242.0,252.0,25.89,5.25,12.33,175.0,88.0,3.65,1.83,30.48,36051.0,1134.0,79.76,2.51,1.91,5247.0,732.0,14.55,2.03,8.48,12364.0,826.0,34.3,2.29,4.06,2849.0,501.0,7.9,1.39,10.7,23938.0,1094.0,52.96,2.42,2.78,12136.0,491.0,50.7,2.05,2.46,11604.0,479.0,48.48,2.0,2.51,533.0,148.0,2.23,0.62,16.9,0.0,,0.0,,,11802.0,491.0,49.3,2.05,2.53,,,4.39,1.21,16.88,11475.0,411.0,25.39,0.91,2.18,1685.0,246.0,14.68,2.14,8.86,814.0,188.0,7.09,1.64,14.06,2527.0,372.0,22.02,3.24,8.94,5683.0,395.0,49.52,3.44,4.22,624.0,184.0,5.44,1.6,17.88,11602.0,398.0,25.67,0.88,2.09,14.0,79.0,0.12,0.68,344.48,387.0,131.0,3.34,1.13,20.57,837.0,179.0,7.21,1.54,12.98,775.0,180.0,6.68,1.55,14.11,1414.0,247.0,12.19,2.13,10.62,277.0,124.0,2.39,1.07,27.22,292.0,101.0,2.52,0.87,20.99,1027.0,210.0,8.85,1.81,12.43,1303.0,339.0,11.23,2.92,15.81,3973.0,347.0,34.25,2.99,5.31,613.0,155.0,5.28,1.34,15.43,582.0,160.0,5.02,1.38,16.71,107.0,95.0,0.92,0.82,54.18,1566.0,235.0,13.61,2.04,9.11,1885.0,268.0,16.39,2.33,8.64,2319.0,278.0,20.16,2.42,7.3,1452.0,223.0,12.62,1.94,9.34,1213.0,222.0,10.55,1.93,11.12,1258.0,217.0,10.94,1.89,10.5,750.0,181.0,6.52,1.57,14.64,533.0,143.0,4.63,1.24,16.28,171.0,99.0,1.49,0.86,35.09,357.0,140.0,3.1,1.22,23.92,9294.0,259.0,80.8,2.25,1.69,2156.0,253.0,18.74,2.2,7.14,488.0,130.0,4.24,1.13,16.2,813.0,181.0,7.07,1.57,13.5,766.0,171.0,6.66,1.49,13.6,5960.0,349.0,51.81,3.03,3.56,43314.0,401.0,96.24,0.89,0.56,13783.0,1341.0,30.63,2.98,5.91,34903.0,1206.0,77.55,2.68,2.1,1692.0,401.0,3.76,0.89,14.39,23294.0,542.0,51.54,1.2,1.42,21903.0,542.0,48.46,1.2,1.51,9145.0,533.0,20.23,1.18,3.55,6357.0,375.0,14.07,0.83,3.59,4933.0,402.0,10.91,0.89,4.96,3924.0,402.0,8.68,0.89,6.23,3176.0,425.0,7.03,0.94,8.13,5935.0,497.0,13.13,1.1,5.09,3548.0,375.0,7.85,0.83,6.43,2245.0,389.0,4.97,0.86,10.52,1499.0,307.0,3.32,0.68,12.45,1688.0,312.0,3.73,0.69,11.25,1344.0,221.0,2.97,0.49,10.03,843.0,194.0,1.87,0.43,13.98,572.0,154.0,1.27,0.34,16.27,22218.0,655.0,49.16,1.45,1.79,2755.0,334.0,6.1,0.74,7.37,41447.0,764.0,91.7,1.69,1.12,1682.0,538.0,3.72,1.19,19.45,43.0,81.0,0.1,0.18,109.42,210.0,149.0,0.46,0.33,43.61,9.0,86.0,0.02,0.19,577.51,1522.0,443.0,3.37,0.98,17.68,272.0,194.0,0.6,0.43,43.57,3563.0,588.0,7.88,1.3,10.03,41634.0,588.0,92.12,1.3,0.86,39809.0,791.0,88.08,1.75,1.21,1380.0,484.0,3.05,1.07,21.33,20.0,90.0,0.04,0.2,303.95,190.0,145.0,0.42,0.32,46.32,9.0,86.0,0.02,0.19,577.51,89.0,140.0,0.2,0.31,94.22,136.0,90.0,0.3,0.2,40.53
3,East Williamsburg,BK0104,East Williamsburg,23386.0,,100,,,4584.0,369.0,19.6,1.58,4.9,10452.0,747.0,19.87,1.42,4.34,730.0,189.0,6.98,1.81,15.76,480.0,189.0,4.59,1.81,23.97,3420.0,306.0,32.72,2.93,5.44,1813.0,281.0,17.35,2.69,9.43,4008.0,366.0,38.35,3.5,5.55,39100.0,1205.0,74.31,2.29,1.87,4962.0,508.0,12.69,1.3,6.23,4385.0,497.0,11.21,1.27,6.89,7782.0,618.0,19.9,1.58,4.83,15114.0,673.0,38.65,1.72,2.71,44855.0,1242.0,85.25,2.36,1.68,942.0,224.0,2.1,0.5,14.47,52615.0,0.0,100.0,0.0,0.0,7013.0,684.0,13.33,1.3,5.93,7760.0,652.0,14.75,1.24,5.11,320.0,171.0,4.12,2.21,32.61,38711.0,658.0,73.57,1.25,1.03,3873.0,496.0,10.0,1.28,7.78,6144.0,426.0,11.68,0.81,4.21,2828.0,297.0,46.03,4.84,6.39,52296.0,1594.0,99.39,3.03,1.85,45182.0,821.0,86.4,1.57,1.1,6488.0,790.0,12.41,1.51,7.4,626.0,225.0,1.2,0.43,21.78,52615.0,,100,,,39435.0,852.0,74.95,1.62,1.31,35145.0,884.0,66.8,1.68,1.53,4285.0,474.0,8.14,0.9,6.72,13180.0,889.0,25.05,1.69,4.1,6490.0,471.0,49.24,3.57,4.41,6691.0,471.0,50.76,3.57,4.28,2993.0,417.0,22.71,3.16,8.46,4178.0,464.0,31.7,3.52,6.75,149.0,99.0,1.13,0.75,40.35,135.0,111.0,1.02,0.84,50.06,5563.0,469.0,42.21,3.56,5.13,166.0,101.0,1.26,0.77,37.15,50314.0,1594.0,95.63,3.03,1.93,26152.0,1006.0,51.98,2.0,2.34,10785.0,805.0,21.44,1.6,4.54,15980.0,961.0,31.76,1.91,3.66,45826.0,1273.0,87.1,2.42,1.69,31069.0,756.0,67.8,1.65,1.48,28170.0,839.0,61.47,1.83,1.81,2893.0,463.0,6.31,1.01,9.73,0.0,,0.0,,,14757.0,756.0,32.2,1.65,3.12,,,9.31,1.47,9.73,27777.0,821.0,52.79,1.56,1.8,2489.0,339.0,8.96,1.22,8.28,645.0,197.0,2.32,0.71,18.6,20065.0,536.0,72.24,1.93,1.62,1974.0,328.0,7.11,1.18,10.09,1475.0,272.0,5.31,0.98,11.22,28172.0,821.0,53.54,1.56,1.77,78.0,116.0,0.28,0.41,89.01,805.0,234.0,2.86,0.83,17.64,1324.0,245.0,4.7,0.87,11.25,641.0,214.0,2.28,0.76,20.26,2934.0,338.0,10.41,1.2,7.01,1062.0,234.0,3.77,0.83,13.38,2598.0,332.0,9.22,1.18,7.78,1731.0,287.0,6.14,1.02,10.1,5305.0,451.0,18.83,1.6,5.17,5460.0,501.0,19.38,1.78,5.58,4420.0,459.0,15.69,1.63,6.32,1292.0,254.0,4.59,0.9,11.92,543.0,163.0,1.93,0.58,18.27,2714.0,395.0,11.61,1.69,8.85,1879.0,306.0,8.03,1.31,9.92,2968.0,391.0,12.69,1.67,8.0,2079.0,325.0,8.89,1.39,9.5,2368.0,327.0,10.13,1.4,8.4,3135.0,379.0,13.41,1.62,7.34,2452.0,304.0,10.48,1.3,7.54,2978.0,325.0,12.73,1.39,6.64,1335.0,213.0,5.71,0.91,9.69,1481.0,248.0,6.33,1.06,10.18,17686.0,451.0,75.63,1.93,1.55,5105.0,384.0,21.83,1.64,4.57,1795.0,269.0,7.68,1.15,9.1,2689.0,362.0,11.5,1.55,8.19,1027.0,236.0,4.39,1.01,13.99,5840.0,468.0,24.97,2.0,4.87,45795.0,768.0,87.04,1.46,1.02,27946.0,1058.0,53.11,2.01,2.3,20999.0,1094.0,39.91,2.08,3.17,6820.0,768.0,12.96,1.46,6.85,25662.0,747.0,48.77,1.42,1.77,26953.0,747.0,51.23,1.42,1.68,2301.0,379.0,4.37,0.72,10.02,2116.0,326.0,4.02,0.62,9.38,2068.0,289.0,3.93,0.55,8.51,2296.0,347.0,4.36,0.66,9.2,4719.0,516.0,8.97,0.98,6.64,14918.0,826.0,28.35,1.57,3.37,7223.0,552.0,13.73,1.05,4.65,6048.0,542.0,11.49,1.03,5.45,2427.0,379.0,4.61,0.72,9.49,2337.0,342.0,4.44,0.65,8.9,3316.0,400.0,6.3,0.76,7.33,2046.0,331.0,3.89,0.63,9.85,786.0,179.0,1.49,0.34,13.87,44855.0,568.0,85.25,1.08,0.77,6144.0,489.0,11.68,0.93,4.84,27871.0,1126.0,52.97,2.14,2.46,8792.0,916.0,16.71,1.74,6.33,450.0,226.0,0.86,0.43,30.4,6167.0,763.0,11.72,1.45,7.52,26.0,116.0,0.05,0.22,267.48,7457.0,973.0,14.17,1.85,7.94,1855.0,452.0,3.53,0.86,14.81,19924.0,1010.0,37.87,1.92,3.08,32691.0,1010.0,62.13,1.92,1.88,19396.0,816.0,36.86,1.55,2.56,6023.0,647.0,11.45,1.23,6.53,202.0,174.0,0.38,0.33,52.79,6112.0,758.0,11.62,1.44,7.53,26.0,116.0,0.05,0.22,267.48,219.0,137.0,0.42,0.26,37.63,717.0,226.0,1.36,0.43,19.22
4,Brooklyn Heights,BK0201,Brooklyn Heights,14493.0,,100,,,2668.0,310.0,18.41,2.14,7.07,5034.0,425.0,20.85,1.76,5.13,540.0,142.0,10.73,2.82,15.98,220.0,100.0,4.37,1.98,27.54,932.0,179.0,18.51,3.55,11.66,376.0,129.0,7.47,2.56,20.83,2963.0,207.0,58.86,4.12,4.26,18622.0,811.0,77.14,3.36,2.65,393.0,188.0,2.11,1.01,29.1,165.0,84.0,0.89,0.45,30.74,1738.0,296.0,9.33,1.59,10.36,14540.0,406.0,78.08,2.18,1.7,20864.0,1091.0,86.43,4.52,3.18,433.0,115.0,2.08,0.55,16.07,24140.0,0.0,100.0,0.0,0.0,1927.0,297.0,7.98,1.23,9.37,3276.0,338.0,13.57,1.4,6.27,60.0,79.0,1.83,2.4,79.72,17654.0,396.0,73.13,1.64,1.36,858.0,198.0,4.86,1.12,14.01,3219.0,297.0,13.33,1.23,5.61,1013.0,172.0,31.47,5.34,10.32,23770.0,1258.0,98.47,5.21,3.22,19649.0,464.0,82.66,1.95,1.43,3637.0,444.0,15.3,1.87,7.43,479.0,162.0,2.02,0.68,20.46,24140.0,,100,,,19786.0,463.0,81.96,1.92,1.42,19331.0,485.0,80.08,2.01,1.53,455.0,128.0,1.88,0.53,17.14,4354.0,473.0,18.04,1.96,6.6,2187.0,269.0,50.22,6.17,7.47,2167.0,269.0,49.76,6.17,7.54,1618.0,239.0,37.16,5.49,8.98,1464.0,243.0,33.62,5.57,10.07,180.0,96.0,4.13,2.21,32.53,108.0,64.0,2.48,1.47,36.03,771.0,236.0,17.71,5.43,18.64,215.0,86.0,4.94,1.98,24.37,22551.0,770.0,93.42,3.19,2.08,17918.0,528.0,79.45,2.34,1.79,949.0,289.0,4.21,1.28,18.48,1685.0,365.0,7.47,1.62,13.18,21111.0,1021.0,87.45,4.23,2.94,14416.0,456.0,68.29,2.16,1.92,13873.0,460.0,65.72,2.18,2.02,542.0,141.0,2.57,0.67,15.85,0.0,,0.0,,,6694.0,456.0,31.71,2.16,4.14,,,3.76,0.97,15.81,13653.0,386.0,56.56,1.6,1.72,629.0,161.0,4.61,1.18,15.56,113.0,75.0,0.83,0.55,40.28,9647.0,365.0,70.66,2.67,2.3,1476.0,236.0,10.81,1.73,9.73,1182.0,236.0,8.66,1.73,12.14,13872.0,374.0,57.46,1.55,1.64,31.0,83.0,0.22,0.6,165.79,247.0,140.0,1.78,1.01,34.49,316.0,115.0,2.28,0.83,22.13,226.0,92.0,1.63,0.66,24.61,677.0,169.0,4.88,1.22,15.2,163.0,82.0,1.18,0.59,30.4,1333.0,244.0,9.61,1.76,11.13,2439.0,307.0,17.58,2.21,7.64,4000.0,358.0,28.84,2.58,5.44,2739.0,327.0,19.75,2.36,7.26,830.0,180.0,5.98,1.3,13.22,486.0,153.0,3.5,1.1,19.11,385.0,111.0,2.78,0.8,17.49,587.0,178.0,4.05,1.23,18.46,494.0,184.0,3.41,1.27,22.64,741.0,209.0,5.11,1.44,17.13,717.0,233.0,4.95,1.61,19.77,949.0,242.0,6.55,1.67,15.5,1274.0,257.0,8.79,1.77,12.24,1567.0,283.0,10.81,1.95,10.97,2600.0,341.0,17.94,2.35,7.96,1731.0,296.0,11.94,2.04,10.39,3829.0,397.0,26.42,2.74,6.3,12090.0,294.0,83.42,2.03,1.48,3042.0,329.0,20.99,2.27,6.57,1562.0,258.0,10.78,1.78,10.04,371.0,125.0,2.56,0.86,20.42,58.0,71.0,0.4,0.49,74.47,439.0,143.0,3.03,0.99,19.86,22513.0,384.0,93.26,1.59,1.04,20576.0,492.0,85.24,2.04,1.45,4065.0,427.0,16.84,1.77,6.39,1627.0,384.0,6.74,1.59,14.34,12002.0,391.0,49.72,1.62,1.98,12138.0,391.0,50.28,1.62,1.96,1589.0,253.0,6.58,1.05,9.7,778.0,171.0,3.22,0.71,13.4,568.0,154.0,2.35,0.64,16.56,1056.0,205.0,4.37,0.85,11.82,1529.0,249.0,6.33,1.03,9.89,5431.0,488.0,22.5,2.02,5.46,4643.0,401.0,19.23,1.66,5.25,2849.0,381.0,11.8,1.58,8.14,1252.0,210.0,5.19,0.87,10.19,1236.0,227.0,5.12,0.94,11.16,1734.0,290.0,7.18,1.2,10.16,944.0,171.0,3.91,0.71,11.04,536.0,147.0,2.22,0.61,16.7,20864.0,302.0,86.43,1.25,0.88,3219.0,343.0,13.33,1.42,6.48,18503.0,558.0,76.65,2.31,1.83,1289.0,290.0,5.34,1.2,13.66,21.0,72.0,0.09,0.3,202.63,2360.0,381.0,9.78,1.58,9.82,9.0,68.0,0.04,0.28,425.53,701.0,241.0,2.9,1.0,20.96,1247.0,290.0,5.17,1.2,14.11,1947.0,386.0,8.07,1.6,12.05,22193.0,386.0,91.93,1.6,1.06,17455.0,604.0,72.31,2.5,2.1,1193.0,280.0,4.94,1.16,14.27,0.0,,0.0,,,2326.0,377.0,9.64,1.56,9.84,9.0,68.0,0.04,0.28,425.53,63.0,63.0,0.26,0.26,60.79,1134.0,280.0,4.7,1.16,15.0
5,Downtown Brooklyn-DUMBO-Boerum Hill,BK0202,Downtown Brooklyn-DUMBO-Boerum Hill,20359.0,,100,,,4713.0,332.0,23.15,1.63,4.28,5932.0,461.0,18.93,1.47,4.72,744.0,165.0,12.54,2.78,13.48,329.0,109.0,5.55,1.84,20.15,1977.0,235.0,33.33,3.97,7.24,875.0,163.0,14.75,2.74,11.29,2008.0,229.0,33.85,3.86,6.93,23749.0,846.0,75.8,2.7,2.17,823.0,169.0,3.47,0.71,12.44,1491.0,287.0,6.28,1.21,11.71,2853.0,316.0,12.01,1.33,6.73,15338.0,413.0,64.58,1.74,1.64,25796.0,905.0,82.34,2.89,2.13,573.0,137.0,2.22,0.53,14.51,31062.0,138.0,99.14,0.44,0.27,2722.0,351.0,8.76,1.13,7.84,5515.0,567.0,17.6,1.81,6.25,207.0,97.0,3.75,1.76,28.53,23391.0,758.0,74.66,2.42,1.97,1630.0,257.0,6.97,1.1,9.59,2156.0,226.0,6.88,0.72,6.37,884.0,141.0,41.0,6.52,9.67,30831.0,896.0,98.41,2.86,1.77,25220.0,543.0,81.8,1.76,1.31,5077.0,524.0,16.47,1.7,6.27,536.0,216.0,1.74,0.7,24.46,31330.0,,100,,,24657.0,529.0,78.7,1.69,1.31,23280.0,564.0,74.31,1.8,1.47,1375.0,279.0,4.39,0.89,12.32,6673.0,498.0,21.3,1.59,4.54,3115.0,250.0,46.68,3.75,4.88,3559.0,250.0,53.33,3.75,4.27,1426.0,215.0,21.37,3.22,9.16,2763.0,304.0,41.4,4.56,6.7,182.0,77.0,2.73,1.15,25.61,100.0,99.0,1.5,1.48,59.98,1916.0,298.0,28.71,4.46,9.44,285.0,98.0,4.27,1.47,20.93,29030.0,774.0,92.66,2.47,1.62,20261.0,653.0,69.79,2.25,1.96,2956.0,435.0,10.18,1.5,8.96,3624.0,482.0,12.48,1.66,8.09,26239.0,937.0,83.75,2.99,2.17,19326.0,420.0,73.65,1.6,1.32,17758.0,488.0,67.68,1.86,1.67,1553.0,307.0,5.92,1.17,12.01,15.0,87.0,0.06,0.33,334.35,6913.0,420.0,26.35,1.6,3.69,,,8.04,1.58,12.02,17478.0,326.0,55.79,1.04,1.13,1042.0,177.0,5.96,1.01,10.3,255.0,100.0,1.46,0.57,23.73,12055.0,362.0,68.97,2.07,1.82,1789.0,225.0,10.24,1.29,7.66,1612.0,236.0,9.22,1.35,8.9,17758.0,316.0,56.68,1.01,1.08,27.0,76.0,0.15,0.43,174.27,307.0,101.0,1.73,0.57,20.03,502.0,130.0,2.83,0.73,15.68,208.0,96.0,1.17,0.54,28.06,1431.0,222.0,8.06,1.25,9.43,280.0,94.0,1.58,0.53,20.39,1570.0,233.0,8.84,1.31,9.01,2313.0,263.0,13.03,1.48,6.9,4506.0,334.0,25.37,1.88,4.5,3172.0,281.0,17.86,1.58,5.38,1889.0,234.0,10.64,1.32,7.54,808.0,167.0,4.55,0.94,12.56,753.0,147.0,4.24,0.83,11.9,1338.0,234.0,6.57,1.15,10.64,821.0,200.0,4.03,0.98,14.78,1143.0,232.0,5.61,1.14,12.35,922.0,234.0,4.53,1.15,15.43,1220.0,246.0,5.99,1.21,12.28,1819.0,263.0,8.93,1.29,8.78,1877.0,293.0,9.22,1.44,9.49,3710.0,379.0,18.22,1.86,6.21,2391.0,311.0,11.74,1.53,7.92,5114.0,397.0,25.12,1.95,4.72,18132.0,252.0,89.06,1.24,0.85,2190.0,246.0,10.76,1.21,6.84,1301.0,193.0,6.39,0.95,9.04,960.0,204.0,4.72,1.0,12.88,655.0,226.0,3.22,1.11,20.96,2312.0,273.0,11.36,1.34,7.17,28747.0,404.0,92.55,1.3,0.85,22593.0,724.0,72.73,2.33,1.95,7975.0,599.0,25.67,1.93,4.57,2315.0,404.0,7.45,1.3,10.61,15483.0,439.0,49.42,1.4,1.72,15847.0,439.0,50.58,1.4,1.68,2301.0,298.0,7.34,0.95,7.87,1494.0,229.0,4.77,0.73,9.3,1037.0,207.0,3.31,0.66,12.12,1033.0,169.0,3.3,0.54,9.95,1715.0,276.0,5.47,0.88,9.78,9058.0,545.0,28.91,1.74,3.66,5914.0,385.0,18.88,1.23,3.96,3668.0,338.0,11.71,1.08,5.61,1416.0,216.0,4.52,0.69,9.28,1358.0,226.0,4.33,0.72,10.11,1356.0,194.0,4.33,0.62,8.7,662.0,157.0,2.11,0.5,14.41,331.0,113.0,1.06,0.36,20.65,25815.0,457.0,82.4,1.46,1.08,2350.0,248.0,7.5,0.79,6.4,17324.0,645.0,55.3,2.06,2.26,5849.0,649.0,18.67,2.07,6.74,23.0,81.0,0.07,0.26,225.79,4035.0,495.0,12.88,1.58,7.46,98.0,147.0,0.31,0.47,92.17,2534.0,520.0,8.09,1.66,12.47,1476.0,332.0,4.71,1.06,13.68,5013.0,586.0,16.0,1.87,7.1,26317.0,586.0,84.0,1.87,1.35,15469.0,583.0,49.37,1.86,2.29,5458.0,639.0,17.42,2.04,7.12,0.0,,0.0,,,4018.0,495.0,12.82,1.58,7.49,19.0,91.0,0.06,0.29,293.82,180.0,122.0,0.57,0.39,41.59,1169.0,310.0,3.73,0.99,16.13
6,Fort Greene,BK0203,Fort Greene,14628.0,,100,,,3372.0,282.0,23.05,1.93,5.09,6444.0,515.0,21.03,1.68,4.86,550.0,129.0,8.53,2.0,14.25,300.0,95.0,4.66,1.47,19.18,2228.0,251.0,34.57,3.89,6.84,1142.0,198.0,17.72,3.08,10.57,2226.0,208.0,34.54,3.23,5.68,22001.0,922.0,71.81,3.01,2.55,1826.0,323.0,8.3,1.47,10.77,2072.0,334.0,9.42,1.52,9.81,3637.0,381.0,16.53,1.73,6.36,10633.0,473.0,48.33,2.15,2.7,25088.0,846.0,81.89,2.76,2.05,653.0,153.0,2.6,0.61,14.26,29862.0,98.0,97.47,0.32,0.2,3441.0,382.0,11.52,1.28,6.75,5549.0,435.0,18.11,1.42,4.77,240.0,114.0,4.33,2.06,28.92,21177.0,744.0,69.12,2.43,2.14,1817.0,258.0,8.58,1.22,8.64,3147.0,267.0,10.27,0.87,5.16,1387.0,189.0,44.08,6.0,8.27,30324.0,974.0,98.98,3.18,1.95,25882.0,516.0,85.35,1.7,1.21,4063.0,494.0,13.4,1.63,7.39,381.0,185.0,1.26,0.61,29.43,30637.0,,100,,,23273.0,640.0,75.96,2.09,1.67,21889.0,640.0,71.45,2.09,1.78,1388.0,267.0,4.53,0.87,11.67,7364.0,665.0,24.04,2.17,5.49,3989.0,317.0,54.17,4.3,4.83,3375.0,317.0,45.83,4.3,5.7,991.0,203.0,13.46,2.75,12.42,2130.0,355.0,28.92,4.82,10.13,732.0,283.0,9.94,3.84,23.48,106.0,91.0,1.44,1.23,51.93,3161.0,405.0,42.92,5.5,7.79,246.0,113.0,3.34,1.54,28.03,28873.0,895.0,94.24,2.92,1.88,19192.0,782.0,66.47,2.71,2.48,3803.0,520.0,13.17,1.8,8.31,4970.0,681.0,17.21,2.36,8.34,25592.0,1091.0,83.53,3.56,2.59,16830.0,535.0,65.76,2.09,1.93,15108.0,517.0,59.03,2.02,2.08,1723.0,258.0,6.73,1.01,9.12,0.0,,0.0,,,8762.0,535.0,34.24,2.09,3.71,,,10.24,1.5,9.1,14823.0,533.0,48.38,1.74,2.19,1327.0,230.0,8.95,1.55,10.53,425.0,133.0,2.87,0.9,19.06,10116.0,378.0,68.25,2.55,2.27,1452.0,233.0,9.8,1.57,9.74,907.0,187.0,6.12,1.26,12.52,15116.0,533.0,49.34,1.74,2.14,29.0,94.0,0.19,0.62,198.37,325.0,132.0,2.15,0.87,24.6,726.0,153.0,4.8,1.01,12.79,92.0,70.0,0.61,0.46,45.84,1187.0,169.0,7.85,1.12,8.67,580.0,175.0,3.84,1.16,18.36,1190.0,198.0,7.87,1.31,10.12,1219.0,204.0,8.06,1.35,10.18,2997.0,308.0,19.83,2.04,6.25,3934.0,319.0,26.03,2.11,4.93,1592.0,299.0,10.53,1.98,11.43,568.0,144.0,3.76,0.95,15.36,674.0,160.0,4.46,1.06,14.45,1262.0,196.0,8.63,1.34,9.44,732.0,183.0,5.0,1.25,15.2,1052.0,181.0,7.19,1.24,10.48,1114.0,199.0,7.62,1.36,10.85,1484.0,265.0,10.14,1.81,10.85,2035.0,281.0,13.91,1.92,8.39,1905.0,271.0,13.02,1.85,8.64,1971.0,250.0,13.47,1.71,7.72,1195.0,205.0,8.17,1.4,10.42,1877.0,243.0,12.83,1.66,7.87,11896.0,257.0,81.32,1.76,1.32,2953.0,291.0,20.19,1.99,5.99,1906.0,233.0,13.03,1.59,7.42,1111.0,197.0,7.6,1.35,10.8,634.0,145.0,4.33,0.99,13.9,2599.0,241.0,17.77,1.65,5.64,27345.0,445.0,91.57,1.49,0.99,17707.0,684.0,59.3,2.29,2.35,11534.0,594.0,38.62,1.99,3.13,2517.0,445.0,8.43,1.49,10.74,13843.0,453.0,45.18,1.48,1.99,16794.0,453.0,54.82,1.48,1.64,1764.0,276.0,5.76,0.9,9.5,1484.0,245.0,4.84,0.8,10.05,1434.0,236.0,4.68,0.77,10.0,1820.0,300.0,5.94,0.98,10.03,2144.0,319.0,7.0,1.04,9.03,6318.0,460.0,20.62,1.5,4.42,4842.0,380.0,15.8,1.24,4.77,3764.0,386.0,12.29,1.26,6.23,1596.0,270.0,5.21,0.88,10.27,1667.0,328.0,5.44,1.07,11.96,2099.0,245.0,6.85,0.8,7.1,1144.0,208.0,3.73,0.68,11.08,576.0,147.0,1.88,0.48,15.52,25088.0,386.0,81.89,1.26,0.94,3813.0,331.0,12.45,1.08,5.27,10512.0,732.0,34.31,2.39,4.23,12264.0,876.0,40.03,2.86,4.34,38.0,101.0,0.12,0.33,167.17,3020.0,429.0,9.86,1.4,8.63,0.0,,0.0,,,3344.0,640.0,10.91,2.09,11.65,1465.0,316.0,4.78,1.03,13.1,6566.0,790.0,21.43,2.58,7.32,24071.0,790.0,78.57,2.58,2.0,8739.0,613.0,28.52,2.0,4.26,11234.0,855.0,36.67,2.79,4.63,19.0,98.0,0.06,0.32,324.21,2971.0,429.0,9.7,1.4,8.77,0.0,,0.0,,,98.0,98.0,0.32,0.32,60.79,1019.0,224.0,3.33,0.73,13.33
7,Clinton Hill,BK0204,Clinton Hill,13182.0,,100,,,2915.0,311.0,22.11,2.36,6.49,6655.0,560.0,24.74,2.08,5.12,478.0,146.0,7.18,2.19,18.54,170.0,93.0,2.55,1.39,33.14,1782.0,292.0,26.78,4.39,9.97,678.0,161.0,10.19,2.42,14.44,3548.0,313.0,53.31,4.7,5.36,19065.0,554.0,70.87,2.06,1.77,512.0,135.0,2.69,0.71,16.05,580.0,139.0,3.04,0.73,14.6,2445.0,307.0,12.82,1.61,7.63,11654.0,500.0,61.13,2.62,2.61,22672.0,1079.0,84.28,4.01,2.89,589.0,175.0,2.6,0.77,18.0,26848.0,708.0,99.8,2.63,1.6,1819.0,293.0,6.78,1.09,9.77,4226.0,460.0,15.71,1.71,6.62,54.0,63.0,1.28,1.5,71.24,19749.0,648.0,73.41,2.41,1.99,904.0,209.0,4.58,1.06,14.07,2869.0,280.0,10.66,1.04,5.93,864.0,163.0,30.12,5.67,11.44,26604.0,955.0,98.89,3.55,2.18,22851.0,505.0,85.89,1.9,1.34,3288.0,476.0,12.36,1.79,8.8,462.0,184.0,1.74,0.69,24.11,26902.0,,100,,,22106.0,490.0,82.17,1.82,1.35,21477.0,498.0,79.83,1.85,1.41,629.0,153.0,2.34,0.57,14.81,4796.0,479.0,17.83,1.78,6.07,2616.0,240.0,54.54,5.0,5.57,2180.0,240.0,45.45,5.0,6.69,784.0,143.0,16.35,2.99,11.12,1340.0,212.0,27.94,4.42,9.62,300.0,144.0,6.26,3.0,29.13,92.0,93.0,1.92,1.94,61.42,2165.0,268.0,45.14,5.59,7.53,114.0,94.0,2.38,1.95,49.81,25298.0,1020.0,94.04,3.79,2.45,19133.0,600.0,75.63,2.37,1.9,1703.0,324.0,6.73,1.28,11.56,2308.0,395.0,9.12,1.56,10.4,23024.0,1090.0,85.58,4.05,2.88,16212.0,444.0,70.41,1.93,1.67,14947.0,470.0,64.92,2.04,1.91,1262.0,244.0,5.48,1.06,11.76,0.0,,0.0,,,6812.0,444.0,29.59,1.93,3.97,,,7.78,1.49,11.75,14649.0,425.0,54.45,1.58,1.76,1466.0,243.0,10.01,1.66,10.08,281.0,111.0,1.92,0.76,24.06,9743.0,396.0,66.51,2.7,2.47,1208.0,185.0,8.25,1.26,9.28,1026.0,202.0,7.0,1.38,11.98,14951.0,422.0,55.58,1.57,1.72,5.0,73.0,0.03,0.49,992.91,369.0,139.0,2.47,0.93,22.89,475.0,136.0,3.18,0.91,17.4,174.0,81.0,1.16,0.54,28.3,1415.0,235.0,9.46,1.57,10.09,616.0,191.0,4.12,1.28,18.89,1290.0,221.0,8.63,1.48,10.43,1113.0,214.0,7.44,1.43,11.68,3041.0,299.0,20.34,2.0,5.98,3311.0,315.0,22.15,2.11,5.79,1771.0,271.0,11.85,1.81,9.29,766.0,170.0,5.12,1.14,13.54,604.0,150.0,4.04,1.0,15.05,974.0,221.0,7.39,1.68,13.82,582.0,163.0,4.42,1.24,17.05,809.0,211.0,6.14,1.6,15.84,838.0,198.0,6.36,1.5,14.34,1019.0,229.0,7.73,1.74,13.68,2080.0,301.0,15.78,2.28,8.78,1879.0,290.0,14.25,2.2,9.39,2238.0,294.0,16.98,2.23,7.98,1385.0,252.0,10.51,1.91,11.05,1382.0,233.0,10.48,1.77,10.27,10694.0,290.0,81.13,2.2,1.65,2907.0,298.0,22.05,2.26,6.23,2182.0,310.0,16.55,2.35,8.63,510.0,161.0,3.87,1.22,19.16,240.0,113.0,1.82,0.86,28.73,1196.0,239.0,9.07,1.81,12.13,24729.0,325.0,92.11,1.21,0.8,20466.0,650.0,76.23,2.42,1.93,6365.0,639.0,23.71,2.38,6.1,2118.0,325.0,7.89,1.21,9.32,12634.0,455.0,46.96,1.69,2.19,14268.0,455.0,53.04,1.69,1.94,1604.0,266.0,5.96,0.99,10.1,1047.0,215.0,3.89,0.8,12.5,1107.0,223.0,4.11,0.83,12.28,1289.0,223.0,4.79,0.83,10.53,2791.0,382.0,10.37,1.42,8.32,6173.0,527.0,22.95,1.96,5.19,4402.0,369.0,16.36,1.37,5.09,3001.0,331.0,11.16,1.23,6.7,1354.0,253.0,5.03,0.94,11.36,1238.0,231.0,4.6,0.86,11.37,1745.0,269.0,6.49,1.0,9.37,827.0,204.0,3.07,0.76,15.05,324.0,121.0,1.2,0.45,22.8,22672.0,412.0,84.28,1.53,1.1,2904.0,307.0,10.79,1.14,6.42,12306.0,734.0,45.74,2.73,3.63,10505.0,708.0,39.05,2.63,4.09,31.0,75.0,0.12,0.28,141.84,1691.0,334.0,6.29,1.24,11.98,6.0,75.0,0.02,0.28,851.06,929.0,215.0,3.45,0.8,14.1,1426.0,307.0,5.3,1.14,13.08,2841.0,422.0,10.56,1.57,9.04,24061.0,422.0,89.44,1.57,1.07,11221.0,708.0,41.71,2.63,3.83,9820.0,683.0,36.5,2.54,4.23,12.0,75.0,0.04,0.28,425.53,1673.0,334.0,6.22,1.24,12.12,6.0,75.0,0.02,0.28,851.06,112.0,67.0,0.42,0.25,36.18,1226.0,274.0,4.56,1.02,13.6
8,Brooklyn Navy Yard,BK0261,Brooklyn Navy Yard,0.0,,100,,,0.0,,,,,0.0,,,,,0.0,,,,,0.0,,,,,0.0,,,,,0.0,,,,,0.0,,,,,0.0,,,,,0.0,,,,,0.0,,,,,0.0,,,,,0.0,,,,,0.0,,,,,0.0,,,,,0.0,,,,,0.0,,,,,0.0,,,,,0.0,,,,,0.0,,,,,0.0,,,,,0.0,,,,,0.0,,,,,0.0,,,,,0.0,,,,,0.0,,,,,0.0,,,,,0.0,,100,,,0.0,,,,,0.0,,,,,0.0,,,,,0.0,,,,,0.0,,,,,0.0,,,,,0.0,,,,,0.0,,,,,0.0,,,,,0.0,,,,,0.0,,,,,0.0,,,,,0.0,,,,,0.0,,,,,0.0,,,,,0.0,,,,,0.0,,,,,0.0,,,,,0.0,,,,,0.0,,,,,0.0,,,,,0.0,,,,,,,,,,0.0,,,,,0.0,,,,,0.0,,,,,0.0,,,,,0.0,,,,,0.0,,,,,0.0,,,,,0.0,,,,,0.0,,,,,0.0,,,,,0.0,,,,,0.0,,,,,0.0,,,,,0.0,,,,,0.0,,,,,0.0,,,,,0.0,,,,,0.0,,,,,0.0,,,,,0.0,,,,,0.0,,,,,0.0,,,,,0.0,,,,,0.0,,,,,0.0,,,,,0.0,,,,,0.0,,,,,0.0,,,,,0.0,,,,,0.0,,,,,0.0,,,,,0.0,,,,,0.0,,,,,0.0,,,,,0.0,,,,,0.0,,,,,0.0,,,,,0.0,,,,,0.0,,,,,0.0,,,,,0.0,,,,,0.0,,,,,0.0,,,,,0.0,,,,,0.0,,,,,0.0,,,,,0.0,,,,,0.0,,,,,0.0,,,,,0.0,,,,,0.0,,,,,0.0,,,,,0.0,,,,,0.0,,,,,0.0,,,,,0.0,,,,,0.0,,,,,0.0,,,,,0.0,,,,,0.0,,,,,0.0,,,,,0.0,,,,,0.0,,,,,0.0,,,,,0.0,,,,,0.0,,,,,0.0,,,,,0.0,,,,,0.0,,,,,0.0,,,,,0.0,,,,,0.0,,,,,0.0,,,,
9,Bedford-Stuyvesant (West),BK0301,Bedford-Stuyvesant (West),31927.0,,100,,,8938.0,498.0,28.0,1.56,3.39,21111.0,997.0,27.1,1.28,2.87,1867.0,272.0,8.84,1.29,8.87,1296.0,207.0,6.14,0.98,9.7,8456.0,426.0,40.06,2.02,3.07,3678.0,382.0,17.42,1.81,6.32,5815.0,475.0,27.55,2.25,4.96,50333.0,1340.0,64.62,1.72,1.62,4289.0,443.0,8.52,0.88,6.28,6163.0,534.0,12.24,1.06,5.26,11733.0,644.0,23.31,1.28,3.34,17786.0,755.0,35.34,1.5,2.58,58891.0,1721.0,75.61,2.21,1.78,1604.0,271.0,2.72,0.46,10.28,77559.0,498.0,99.58,0.64,0.39,8395.0,628.0,10.82,0.81,4.55,18963.0,1028.0,24.35,1.32,3.3,840.0,193.0,4.43,1.02,14.0,52129.0,1386.0,66.93,1.78,1.62,4588.0,433.0,8.8,0.83,5.73,6473.0,436.0,8.31,0.56,4.09,2969.0,251.0,45.87,3.88,5.14,76763.0,1862.0,98.55,2.39,1.47,67444.0,967.0,87.86,1.26,0.87,8639.0,929.0,11.25,1.21,6.54,681.0,246.0,0.89,0.32,21.86,77890.0,,100,,,61411.0,1013.0,78.84,1.3,1.0,58492.0,1028.0,75.1,1.32,1.07,2916.0,389.0,3.74,0.5,8.13,16479.0,1020.0,21.16,1.31,3.76,8370.0,521.0,50.79,3.16,3.78,8109.0,521.0,49.21,3.16,3.9,1257.0,252.0,7.63,1.53,12.19,2522.0,440.0,15.3,2.67,10.61,1163.0,323.0,7.06,1.96,16.88,71.0,127.0,0.43,0.77,108.86,11109.0,564.0,67.41,3.42,3.08,359.0,133.0,2.18,0.81,22.59,72001.0,2025.0,92.44,2.6,1.71,48299.0,1174.0,67.08,1.63,1.48,8966.0,799.0,12.45,1.11,5.42,12041.0,936.0,16.72,1.3,4.73,60726.0,1916.0,77.96,2.46,1.92,41926.0,765.0,69.04,1.26,1.11,36727.0,802.0,60.48,1.32,1.33,5159.0,516.0,8.5,0.85,6.08,35.0,134.0,0.06,0.22,222.9,18800.0,765.0,30.96,1.26,2.47,,,12.31,1.21,6.08,35636.0,958.0,45.75,1.23,1.63,3856.0,399.0,10.82,1.12,6.29,937.0,228.0,2.63,0.64,14.79,23894.0,652.0,67.05,1.83,1.66,3462.0,460.0,9.71,1.29,8.08,1587.0,267.0,4.45,0.75,10.25,36735.0,950.0,47.16,1.22,1.57,71.0,136.0,0.19,0.37,118.38,1139.0,224.0,3.1,0.61,11.96,1417.0,231.0,3.86,0.63,9.92,849.0,176.0,2.31,0.48,12.63,3885.0,426.0,10.58,1.16,6.67,1912.0,294.0,5.2,0.8,9.35,2036.0,305.0,5.54,0.83,9.11,2422.0,323.0,6.59,0.88,8.12,5205.0,411.0,14.17,1.12,4.8,9840.0,566.0,26.79,1.54,3.49,4802.0,503.0,13.07,1.37,6.37,1821.0,276.0,4.96,0.75,9.19,1340.0,228.0,3.65,0.62,10.33,4459.0,415.0,13.97,1.3,5.66,2491.0,322.0,7.8,1.01,7.87,3670.0,377.0,11.49,1.18,6.24,2949.0,377.0,9.24,1.18,7.76,3770.0,402.0,11.81,1.26,6.49,4529.0,412.0,14.19,1.29,5.53,3214.0,390.0,10.07,1.22,7.36,3931.0,370.0,12.31,1.16,5.73,1615.0,271.0,5.06,0.85,10.21,1297.0,214.0,4.06,0.67,10.03,25186.0,460.0,78.89,1.44,1.11,5940.0,405.0,18.6,1.27,4.15,2774.0,316.0,8.69,0.99,6.93,3214.0,345.0,10.07,1.08,6.52,2227.0,300.0,6.98,0.94,8.19,9947.0,514.0,31.16,1.61,3.14,70111.0,659.0,90.4,0.85,0.57,39644.0,1318.0,51.11,1.7,2.02,36420.0,1287.0,46.96,1.66,2.15,7448.0,659.0,9.6,0.85,5.38,37081.0,826.0,47.61,1.06,1.35,40809.0,826.0,52.39,1.06,1.23,5889.0,452.0,7.56,0.58,4.66,5676.0,421.0,7.29,0.54,4.5,4735.0,421.0,6.08,0.54,5.4,4256.0,397.0,5.46,0.51,5.68,7034.0,600.0,9.03,0.77,5.18,17576.0,904.0,22.57,1.16,3.12,10753.0,662.0,13.81,0.85,3.74,8280.0,576.0,10.63,0.74,4.23,3865.0,397.0,4.96,0.51,6.25,3143.0,358.0,4.04,0.46,6.92,3893.0,389.0,5.0,0.5,6.08,2180.0,288.0,2.8,0.37,8.03,625.0,156.0,0.8,0.2,15.2,58927.0,841.0,75.65,1.08,0.87,6722.0,491.0,8.63,0.63,4.44,25714.0,1137.0,33.01,1.46,2.69,40062.0,1332.0,51.43,1.71,2.02,381.0,210.0,0.49,0.27,33.5,3161.0,514.0,4.06,0.66,9.88,42.0,132.0,0.05,0.17,206.69,6008.0,865.0,7.71,1.11,8.75,2505.0,460.0,3.22,0.59,11.14,15484.0,1075.0,19.88,1.38,4.22,62406.0,1075.0,80.12,1.38,1.05,20892.0,989.0,26.82,1.27,2.88,36723.0,1277.0,47.15,1.64,2.11,85.0,140.0,0.11,0.18,99.47,3144.0,514.0,4.04,0.66,9.93,12.0,132.0,0.02,0.17,516.72,112.0,125.0,0.14,0.16,69.47,1432.0,280.0,1.84,0.36,11.89
10,Bedford-Stuyvesant (East),BK0302,Bedford-Stuyvesant (East),35836.0,,100,,,10980.0,609.0,30.64,1.7,3.37,21545.0,1041.0,26.07,1.26,2.94,1770.0,287.0,8.22,1.33,9.84,1073.0,231.0,4.98,1.07,13.06,7665.0,508.0,35.58,2.36,4.03,4869.0,420.0,22.6,1.95,5.25,6171.0,478.0,28.64,2.22,4.71,54520.0,1719.0,65.98,2.08,1.92,4296.0,480.0,7.88,0.88,6.79,7162.0,567.0,13.14,1.04,4.81,15892.0,774.0,29.15,1.42,2.96,14597.0,741.0,26.77,1.36,3.09,63817.0,1892.0,77.23,2.29,1.8,1785.0,268.0,2.8,0.42,9.12,82399.0,1140.0,99.71,1.38,0.84,8972.0,643.0,10.89,0.78,4.35,18774.0,1058.0,22.72,1.28,3.43,429.0,178.0,2.29,0.95,25.22,54587.0,1430.0,66.06,1.73,1.59,4736.0,448.0,8.68,0.82,5.74,9041.0,521.0,10.94,0.63,3.5,3817.0,317.0,42.22,3.51,5.05,81552.0,2231.0,98.69,2.7,1.66,72669.0,856.0,89.11,1.05,0.72,8219.0,824.0,10.08,1.01,6.09,659.0,269.0,0.81,0.33,24.77,82637.0,,100,,,66748.0,992.0,80.77,1.2,0.9,64471.0,1025.0,78.02,1.24,0.97,2289.0,355.0,2.77,0.43,9.44,15889.0,1033.0,19.23,1.25,3.95,8560.0,515.0,53.87,3.24,3.66,7329.0,515.0,46.13,3.24,4.27,763.0,187.0,4.8,1.18,14.94,2149.0,431.0,13.52,2.71,12.19,940.0,265.0,5.92,1.67,17.15,53.0,126.0,0.33,0.79,145.53,11933.0,518.0,75.1,3.26,2.64,54.0,138.0,0.34,0.87,155.55,76832.0,2545.0,92.98,3.08,2.01,60665.0,1099.0,78.96,1.43,1.1,6119.0,684.0,7.96,0.89,6.8,10642.0,922.0,13.85,1.2,5.27,66090.0,1934.0,79.98,2.34,1.78,41001.0,886.0,62.04,1.34,1.31,35794.0,912.0,54.16,1.38,1.55,5175.0,522.0,7.83,0.79,6.13,33.0,139.0,0.05,0.21,255.32,25093.0,886.0,37.97,1.34,2.15,,,12.62,1.24,6.13,35107.0,826.0,42.48,1.0,1.43,5522.0,488.0,15.73,1.39,5.37,622.0,186.0,1.77,0.53,18.2,24629.0,639.0,70.15,1.82,1.58,1595.0,274.0,4.54,0.78,10.44,1516.0,295.0,4.32,0.84,11.82,35789.0,835.0,43.31,1.01,1.42,76.0,140.0,0.21,0.39,112.9,1429.0,261.0,3.99,0.73,11.12,909.0,208.0,2.54,0.58,13.88,538.0,175.0,1.5,0.49,19.86,3598.0,397.0,10.05,1.11,6.71,2424.0,326.0,6.77,0.91,8.17,1471.0,261.0,4.11,0.73,10.8,2156.0,301.0,6.02,0.84,8.48,4522.0,419.0,12.64,1.17,5.63,10262.0,598.0,28.67,1.67,3.54,4072.0,437.0,11.38,1.22,6.52,2273.0,340.0,6.35,0.95,9.09,2068.0,286.0,5.78,0.8,8.41,5641.0,498.0,15.74,1.39,5.37,3139.0,394.0,8.76,1.1,7.63,3978.0,416.0,11.1,1.16,6.35,3894.0,412.0,10.87,1.15,6.43,4237.0,452.0,11.82,1.26,6.48,5035.0,462.0,14.05,1.29,5.58,3294.0,387.0,9.19,1.08,7.14,4005.0,430.0,11.18,1.2,6.52,1342.0,229.0,3.74,0.64,10.4,1274.0,229.0,3.56,0.64,10.93,25845.0,584.0,72.12,1.63,1.37,8366.0,502.0,23.35,1.4,3.64,4681.0,423.0,13.06,1.18,5.49,4258.0,448.0,11.88,1.25,6.4,2149.0,312.0,6.0,0.87,8.81,11098.0,606.0,30.97,1.69,3.32,74016.0,808.0,89.83,0.98,0.66,40744.0,1467.0,49.45,1.78,2.19,39411.0,1384.0,47.83,1.68,2.14,8383.0,808.0,10.17,0.98,5.86,38273.0,843.0,46.31,1.02,1.34,44364.0,843.0,53.69,1.02,1.15,5805.0,578.0,7.02,0.7,6.06,4982.0,471.0,6.03,0.57,5.75,4647.0,446.0,5.62,0.54,5.84,5401.0,488.0,6.54,0.59,5.48,7297.0,636.0,8.83,0.77,5.3,15517.0,843.0,18.78,1.02,3.3,10373.0,628.0,12.55,0.76,3.68,10731.0,669.0,12.99,0.81,3.79,5068.0,479.0,6.13,0.58,5.75,3686.0,405.0,4.46,0.49,6.68,5239.0,455.0,6.34,0.55,5.27,2702.0,331.0,3.27,0.4,7.44,1184.0,215.0,1.43,0.26,11.05,63854.0,884.0,77.27,1.07,0.84,9112.0,578.0,11.03,0.7,3.86,11755.0,1058.0,14.22,1.28,5.47,59672.0,1306.0,72.21,1.58,1.33,415.0,256.0,0.5,0.31,37.69,2665.0,595.0,3.22,0.72,13.59,0.0,,0.0,,,5505.0,785.0,6.66,0.95,8.67,2637.0,521.0,3.19,0.63,12.01,13916.0,1149.0,16.84,1.39,5.02,68721.0,1149.0,83.16,1.39,1.02,7754.0,760.0,9.38,0.92,5.96,56468.0,1273.0,68.33,1.54,1.37,220.0,174.0,0.27,0.21,47.28,2600.0,595.0,3.15,0.72,13.89,0.0,,0.0,,,208.0,174.0,0.25,0.21,51.06,1471.0,364.0,1.78,0.44,15.03
11,Bushwick (West),BK0401,Bushwick (West),19171.0,,100,,,6689.0,401.0,34.89,2.09,3.64,14621.0,793.0,25.45,1.38,3.3,1035.0,213.0,7.08,1.46,12.54,702.0,177.0,4.8,1.21,15.32,5875.0,399.0,40.18,2.73,4.13,2567.0,308.0,17.56,2.11,7.3,4444.0,428.0,30.39,2.93,5.86,36859.0,747.0,64.16,1.3,1.23,7871.0,627.0,21.35,1.7,4.84,5796.0,557.0,15.72,1.51,5.84,7668.0,616.0,20.8,1.67,4.88,9713.0,601.0,26.35,1.63,3.76,44934.0,1453.0,78.22,2.53,1.97,624.0,198.0,1.39,0.44,19.24,57162.0,666.0,99.51,1.16,0.71,4444.0,440.0,7.77,0.77,6.02,12485.0,793.0,21.73,1.38,3.86,539.0,170.0,4.32,1.36,19.14,41052.0,954.0,71.46,1.66,1.41,2368.0,333.0,5.77,0.81,8.53,3636.0,350.0,6.33,0.61,5.85,1543.0,179.0,42.44,4.93,7.06,56625.0,2011.0,98.57,3.5,2.16,48957.0,883.0,86.46,1.56,1.1,7071.0,844.0,12.49,1.49,7.25,605.0,198.0,1.07,0.35,19.88,57445.0,,100,,,34970.0,1046.0,60.88,1.82,1.82,30879.0,977.0,53.75,1.7,1.92,4085.0,500.0,7.11,0.87,7.44,22475.0,1143.0,39.12,1.99,3.09,6809.0,589.0,30.3,2.62,5.26,15666.0,589.0,69.7,2.62,2.29,1031.0,225.0,4.59,1.0,13.24,3118.0,508.0,13.87,2.26,9.91,199.0,135.0,0.89,0.6,40.98,139.0,128.0,0.62,0.57,55.89,17927.0,569.0,79.76,2.53,1.93,58.0,99.0,0.26,0.44,102.88,53721.0,1988.0,93.52,3.46,2.25,18168.0,988.0,33.82,1.84,3.31,17559.0,967.0,32.69,1.8,3.35,30845.0,1096.0,57.42,2.04,2.16,46173.0,1631.0,80.38,2.84,2.15,34081.0,688.0,73.81,1.49,1.23,30230.0,766.0,65.47,1.66,1.54,3867.0,452.0,8.37,0.98,7.12,0.0,,0.0,,,12092.0,688.0,26.19,1.49,3.46,,,11.35,1.31,7.11,29692.0,810.0,51.69,1.41,1.66,2739.0,389.0,9.22,1.31,8.64,602.0,181.0,2.03,0.61,18.27,21378.0,594.0,72.0,2.0,1.69,2776.0,371.0,9.35,1.25,8.13,1029.0,208.0,3.47,0.7,12.26,30228.0,827.0,52.62,1.44,1.66,84.0,130.0,0.28,0.43,93.36,3180.0,435.0,10.52,1.44,8.32,1907.0,293.0,6.31,0.97,9.34,753.0,178.0,2.49,0.59,14.4,3938.0,402.0,13.03,1.33,6.2,1457.0,287.0,4.82,0.95,11.98,1524.0,254.0,5.04,0.84,10.13,1056.0,200.0,3.49,0.66,11.5,3970.0,423.0,13.13,1.4,6.48,5210.0,447.0,17.24,1.48,5.22,4903.0,450.0,16.22,1.49,5.58,1853.0,287.0,6.13,0.95,9.42,404.0,130.0,1.34,0.43,19.51,2315.0,291.0,12.08,1.52,7.65,1236.0,230.0,6.45,1.2,11.31,2286.0,299.0,11.92,1.56,7.96,1558.0,257.0,8.13,1.34,10.02,2407.0,312.0,12.56,1.63,7.89,3232.0,351.0,16.86,1.83,6.6,2394.0,295.0,12.49,1.54,7.5,2510.0,301.0,13.09,1.57,7.29,786.0,167.0,4.1,0.87,12.9,448.0,134.0,2.34,0.7,18.19,16045.0,318.0,83.69,1.66,1.21,2539.0,268.0,13.24,1.4,6.43,692.0,155.0,3.61,0.81,13.64,1903.0,259.0,9.93,1.35,8.26,868.0,203.0,4.53,1.06,14.22,5987.0,408.0,31.23,2.13,4.15,42252.0,1046.0,73.92,1.83,1.5,20829.0,1155.0,36.44,2.02,3.37,23632.0,1126.0,41.34,1.97,2.9,14910.0,1046.0,26.08,1.83,4.27,29683.0,689.0,51.67,1.2,1.41,27762.0,689.0,48.33,1.2,1.51,3724.0,454.0,6.48,0.79,7.41,3593.0,385.0,6.25,0.67,6.52,3365.0,345.0,5.86,0.6,6.22,3048.0,408.0,5.31,0.71,8.13,6834.0,649.0,11.9,1.13,5.77,14654.0,827.0,25.51,1.44,3.43,8843.0,626.0,15.39,1.09,4.31,5881.0,511.0,10.24,0.89,5.28,2109.0,304.0,3.67,0.53,8.78,1575.0,259.0,2.74,0.45,9.98,2376.0,333.0,4.14,0.58,8.52,943.0,178.0,1.64,0.31,11.49,484.0,138.0,0.84,0.24,17.37,44934.0,684.0,78.22,1.19,0.92,3810.0,391.0,6.63,0.68,6.23,29160.0,1459.0,50.76,2.54,3.04,10114.0,1143.0,17.61,1.99,6.87,656.0,333.0,1.14,0.58,30.93,4077.0,586.0,7.1,1.02,8.73,0.0,,0.0,,,11587.0,1293.0,20.17,2.25,6.78,1872.0,437.0,3.26,0.76,14.17,37289.0,1126.0,64.91,1.96,1.84,20157.0,1126.0,35.09,1.96,3.4,10467.0,758.0,18.22,1.32,4.4,4609.0,684.0,8.02,1.19,9.02,51.0,103.0,0.09,0.18,121.58,4001.0,586.0,6.96,1.02,8.91,0.0,,0.0,,,244.0,144.0,0.42,0.25,36.18,787.0,241.0,1.37,0.42,18.64
12,Bushwick (East),BK0402,Bushwick (East),20819.0,,100,,,7444.0,425.0,35.76,2.04,3.47,15967.0,896.0,26.02,1.46,3.41,897.0,206.0,5.62,1.29,13.95,863.0,190.0,5.4,1.19,13.4,6177.0,444.0,38.69,2.78,4.37,3257.0,346.0,20.4,2.17,6.47,4774.0,471.0,29.9,2.95,6.0,39113.0,1043.0,63.73,1.7,1.62,6797.0,626.0,17.38,1.6,5.6,6279.0,532.0,16.05,1.36,5.15,10197.0,614.0,26.07,1.57,3.66,7460.0,587.0,19.07,1.5,4.78,47106.0,1504.0,76.75,2.45,1.94,834.0,184.0,1.77,0.39,13.39,61343.0,49.0,99.95,0.08,0.05,4959.0,460.0,8.08,0.75,5.64,14264.0,890.0,23.24,1.45,3.79,274.0,131.0,1.92,0.92,29.13,41186.0,1086.0,67.1,1.77,1.6,2479.0,329.0,6.02,0.8,8.08,5884.0,430.0,9.59,0.7,4.44,2202.0,241.0,37.42,4.1,6.66,60760.0,2154.0,99.0,3.51,2.16,53959.0,845.0,88.81,1.39,0.95,6094.0,796.0,10.03,1.31,7.94,701.0,279.0,1.15,0.46,24.32,61376.0,,100,,,40340.0,1092.0,65.73,1.78,1.65,36142.0,1062.0,58.89,1.73,1.79,4207.0,516.0,6.85,0.84,7.45,21036.0,1172.0,34.27,1.91,3.39,8456.0,625.0,40.2,2.97,4.49,12580.0,625.0,59.8,2.97,3.02,760.0,252.0,3.61,1.2,20.21,1242.0,290.0,5.9,1.38,14.22,349.0,170.0,1.66,0.81,29.66,6.0,116.0,0.03,0.55,1114.49,18626.0,402.0,88.54,1.91,1.31,51.0,109.0,0.24,0.52,131.71,57237.0,1946.0,93.26,3.17,2.07,24837.0,1225.0,43.39,2.14,3.0,14364.0,967.0,25.1,1.69,4.09,29075.0,1225.0,50.8,2.14,2.56,48936.0,1590.0,79.73,2.59,1.98,32253.0,739.0,65.91,1.51,1.39,27630.0,788.0,56.46,1.61,1.73,4609.0,484.0,9.42,0.99,6.39,0.0,,0.0,,,16683.0,739.0,34.09,1.51,2.69,,,14.29,1.46,6.38,27189.0,761.0,44.3,1.24,1.7,3737.0,430.0,13.74,1.58,6.99,550.0,193.0,2.02,0.71,21.37,19490.0,549.0,71.68,2.02,1.71,1700.0,305.0,6.25,1.12,10.89,897.0,212.0,3.3,0.78,14.37,27621.0,761.0,45.0,1.24,1.67,91.0,180.0,0.33,0.65,119.74,1899.0,340.0,6.88,1.23,10.87,997.0,246.0,3.61,0.89,14.99,514.0,152.0,1.86,0.55,17.98,3467.0,395.0,12.55,1.43,6.93,1680.0,284.0,6.08,1.03,10.3,1145.0,235.0,4.15,0.85,12.45,1580.0,251.0,5.72,0.91,9.67,2804.0,348.0,10.15,1.26,7.55,6807.0,489.0,24.64,1.77,4.37,3865.0,431.0,13.99,1.56,6.78,1722.0,276.0,6.23,1.0,9.76,1046.0,243.0,3.79,0.88,14.11,3137.0,350.0,15.07,1.68,6.78,1727.0,266.0,8.3,1.28,9.37,2638.0,331.0,12.67,1.59,7.63,1802.0,271.0,8.66,1.3,9.13,2966.0,341.0,14.25,1.64,7.0,3590.0,354.0,17.24,1.7,5.99,1714.0,256.0,8.23,1.23,9.09,2250.0,283.0,10.81,1.36,7.65,591.0,169.0,2.84,0.81,17.34,398.0,125.0,1.91,0.6,19.1,15762.0,396.0,75.71,1.9,1.53,4171.0,323.0,20.03,1.55,4.7,1774.0,260.0,8.52,1.25,8.92,2309.0,283.0,11.09,1.36,7.45,1359.0,239.0,6.53,1.15,10.71,7809.0,446.0,37.51,2.14,3.47,50827.0,889.0,82.86,1.45,1.06,24177.0,1239.0,39.41,2.02,3.12,29268.0,1208.0,47.71,1.97,2.51,10517.0,889.0,17.14,1.45,5.14,29549.0,730.0,48.14,1.19,1.5,31827.0,730.0,51.86,1.19,1.39,4139.0,491.0,6.74,0.8,7.22,3709.0,399.0,6.04,0.65,6.54,3942.0,423.0,6.42,0.69,6.53,4073.0,423.0,6.64,0.69,6.32,6395.0,583.0,10.42,0.95,5.54,12275.0,749.0,20.0,1.22,3.71,7871.0,559.0,12.82,0.91,4.32,7227.0,522.0,11.77,0.85,4.39,3356.0,405.0,5.47,0.66,7.33,2479.0,331.0,4.04,0.54,8.13,3572.0,393.0,5.82,0.64,6.68,1818.0,270.0,2.96,0.44,9.04,518.0,147.0,0.84,0.24,17.37,47106.0,767.0,76.75,1.25,0.99,5894.0,479.0,9.6,0.78,4.94,22042.0,1504.0,35.91,2.45,4.15,25086.0,1485.0,40.87,2.42,3.6,289.0,184.0,0.47,0.3,38.8,2032.0,509.0,3.31,0.83,15.24,0.0,,0.0,,,10237.0,1172.0,16.68,1.91,6.96,1684.0,387.0,2.74,0.63,13.98,35472.0,1240.0,57.79,2.02,2.12,25904.0,1240.0,42.21,2.02,2.91,6037.0,675.0,9.84,1.1,6.8,17306.0,1092.0,28.2,1.78,3.84,92.0,153.0,0.15,0.25,101.32,1975.0,503.0,3.22,0.82,15.48,0.0,,0.0,,,92.0,129.0,0.15,0.21,85.11,419.0,166.0,0.68,0.27,24.14
13,The Evergreens Cemetery,BK0471,The Evergreens Cemetery,0.0,,100,,,0.0,,,,,0.0,,,,,0.0,,,,,0.0,,,,,0.0,,,,,0.0,,,,,0.0,,,,,0.0,,,,,0.0,,,,,0.0,,,,,0.0,,,,,0.0,,,,,0.0,,,,,0.0,,,,,0.0,,,,,0.0,,,,,0.0,,,,,0.0,,,,,0.0,,,,,0.0,,,,,0.0,,,,,0.0,,,,,0.0,,,,,0.0,,,,,0.0,,,,,0.0,,,,,0.0,,100,,,0.0,,,,,0.0,,,,,0.0,,,,,0.0,,,,,0.0,,,,,0.0,,,,,0.0,,,,,0.0,,,,,0.0,,,,,0.0,,,,,0.0,,,,,0.0,,,,,0.0,,,,,0.0,,,,,0.0,,,,,0.0,,,,,0.0,,,,,0.0,,,,,0.0,,,,,0.0,,,,,0.0,,,,,0.0,,,,,,,,,,0.0,,,,,0.0,,,,,0.0,,,,,0.0,,,,,0.0,,,,,0.0,,,,,0.0,,,,,0.0,,,,,0.0,,,,,0.0,,,,,0.0,,,,,0.0,,,,,0.0,,,,,0.0,,,,,0.0,,,,,0.0,,,,,0.0,,,,,0.0,,,,,0.0,,,,,0.0,,,,,0.0,,,,,0.0,,,,,0.0,,,,,0.0,,,,,0.0,,,,,0.0,,,,,0.0,,,,,0.0,,,,,0.0,,,,,0.0,,,,,0.0,,,,,0.0,,,,,0.0,,,,,0.0,,,,,0.0,,,,,0.0,,,,,0.0,,,,,0.0,,,,,0.0,,,,,0.0,,,,,0.0,,,,,0.0,,,,,0.0,,,,,0.0,,,,,0.0,,,,,0.0,,,,,0.0,,,,,0.0,,,,,0.0,,,,,0.0,,,,,0.0,,,,,0.0,,,,,0.0,,,,,0.0,,,,,0.0,,,,,0.0,,,,,0.0,,,,,0.0,,,,,0.0,,,,,0.0,,,,,0.0,,,,,0.0,,,,,0.0,,,,,0.0,,,,,0.0,,,,,0.0,,,,,0.0,,,,,0.0,,,,,0.0,,,,,0.0,,,,,0.0,,,,,0.0,,,,,0.0,,,,
14,Cypress Hills,BK0501,Cypress Hills,11133.0,,100,,,4913.0,271.0,44.13,2.43,3.35,11270.0,566.0,27.86,1.4,3.05,790.0,159.0,7.01,1.41,12.23,563.0,139.0,5.0,1.23,14.95,4300.0,317.0,38.15,2.81,4.48,2744.0,263.0,24.35,2.33,5.82,2871.0,307.0,25.48,2.72,6.49,24946.0,639.0,61.67,1.58,1.56,4149.0,374.0,16.63,1.5,5.48,2593.0,309.0,10.39,1.24,7.26,9964.0,504.0,39.94,2.02,3.07,3201.0,312.0,12.83,1.25,5.92,29960.0,1157.0,74.07,2.86,2.35,522.0,120.0,1.74,0.4,13.97,40393.0,712.0,99.86,1.76,1.07,3485.0,343.0,8.63,0.85,5.99,10485.0,627.0,25.92,1.55,3.64,247.0,94.0,2.36,0.9,23.18,26730.0,582.0,66.08,1.44,1.32,2110.0,254.0,7.89,0.95,7.32,3168.0,287.0,7.83,0.71,5.51,1130.0,147.0,35.67,4.64,7.91,39844.0,1416.0,98.5,3.5,2.16,37524.0,446.0,94.18,1.12,0.72,1961.0,414.0,4.92,1.04,12.85,355.0,211.0,0.89,0.53,36.2,40450.0,,100,,,22623.0,781.0,55.93,1.93,2.1,20161.0,760.0,49.84,1.88,2.29,2464.0,372.0,6.09,0.92,9.18,17827.0,773.0,44.07,1.91,2.64,8979.0,537.0,50.37,3.01,3.63,8849.0,537.0,49.64,3.01,3.69,202.0,121.0,1.13,0.68,36.58,1292.0,340.0,7.25,1.91,16.02,262.0,178.0,1.47,1.0,41.35,0.0,,0.0,,,16027.0,394.0,89.9,2.21,1.49,46.0,107.0,0.26,0.6,140.29,37333.0,1586.0,92.29,3.92,2.58,11353.0,788.0,30.41,2.11,4.22,9525.0,679.0,25.51,1.82,4.34,23489.0,881.0,62.92,2.36,2.28,31372.0,1023.0,77.56,2.53,1.98,18595.0,549.0,59.27,1.75,1.79,17201.0,546.0,54.83,1.74,1.93,1391.0,238.0,4.43,0.76,10.43,0.0,,0.0,,,12777.0,549.0,40.73,1.75,2.61,,,7.48,1.26,10.4,16924.0,485.0,41.84,1.2,1.74,3594.0,325.0,21.24,1.92,5.5,674.0,196.0,3.98,1.16,17.72,11192.0,415.0,66.13,2.45,2.25,802.0,168.0,4.74,0.99,12.7,440.0,139.0,2.6,0.82,19.17,17197.0,498.0,42.51,1.23,1.76,33.0,103.0,0.19,0.6,191.97,1623.0,251.0,9.44,1.46,9.4,816.0,174.0,4.74,1.01,12.95,423.0,131.0,2.46,0.76,18.78,1869.0,236.0,10.87,1.37,7.66,1824.0,242.0,10.61,1.41,8.08,324.0,103.0,1.88,0.6,19.4,970.0,182.0,5.64,1.06,11.43,1520.0,227.0,8.84,1.32,9.08,4291.0,327.0,24.95,1.9,4.63,1828.0,267.0,10.63,1.55,8.86,1048.0,201.0,6.09,1.17,11.68,626.0,170.0,3.64,0.99,16.53,1399.0,189.0,12.57,1.7,8.22,557.0,117.0,5.0,1.05,12.77,1250.0,181.0,11.23,1.63,8.82,1081.0,168.0,9.71,1.51,9.45,1628.0,209.0,14.62,1.88,7.82,2376.0,242.0,21.34,2.17,6.18,1237.0,187.0,11.11,1.68,9.19,1057.0,165.0,9.49,1.48,9.48,329.0,108.0,2.96,0.97,19.92,215.0,94.0,1.93,0.84,26.46,9066.0,213.0,81.43,1.91,1.43,1851.0,187.0,16.63,1.68,6.14,884.0,149.0,7.94,1.34,10.26,830.0,143.0,7.46,1.28,10.43,551.0,136.0,4.95,1.22,14.98,2923.0,235.0,26.26,2.11,4.88,35661.0,460.0,88.28,1.14,0.79,19385.0,969.0,47.99,2.4,3.04,18366.0,917.0,45.47,2.27,3.03,4733.0,460.0,11.72,1.14,5.91,19376.0,477.0,47.9,1.18,1.5,21074.0,477.0,52.1,1.18,1.38,3117.0,328.0,7.71,0.81,6.39,2614.0,263.0,6.46,0.65,6.12,2715.0,275.0,6.71,0.68,6.16,3227.0,307.0,7.98,0.76,5.79,3831.0,392.0,9.47,0.97,6.23,6034.0,473.0,14.92,1.17,4.77,5607.0,413.0,13.86,1.02,4.47,6006.0,421.0,14.85,1.04,4.26,2333.0,271.0,5.77,0.67,7.06,1784.0,251.0,4.41,0.62,8.55,2127.0,251.0,5.26,0.62,7.17,821.0,154.0,2.03,0.38,11.38,227.0,97.0,0.56,0.24,26.05,29960.0,526.0,74.07,1.3,1.07,3180.0,324.0,7.86,0.8,6.19,15120.0,1072.0,37.38,2.65,4.31,11597.0,938.0,28.67,2.32,4.92,82.0,109.0,0.2,0.27,82.07,2488.0,441.0,6.15,1.09,10.77,61.0,129.0,0.15,0.32,129.69,9953.0,1019.0,24.61,2.52,6.22,1150.0,295.0,2.84,0.73,15.63,27297.0,930.0,67.48,2.3,2.07,13153.0,930.0,32.52,2.3,4.3,1231.0,287.0,3.04,0.71,14.2,8490.0,789.0,20.99,1.95,5.65,20.0,109.0,0.05,0.27,328.27,2488.0,441.0,6.15,1.09,10.77,0.0,,0.0,,,409.0,190.0,1.01,0.47,28.29,525.0,206.0,1.3,0.51,23.85
15,East New York (North),BK0502,East New York (North),13172.0,,100,,,5628.0,329.0,42.73,2.5,3.56,11512.0,702.0,29.67,1.81,3.71,758.0,153.0,6.58,1.33,12.29,655.0,138.0,5.69,1.2,12.82,4772.0,311.0,41.45,2.7,3.96,2728.0,280.0,23.7,2.43,6.23,2598.0,271.0,22.57,2.35,6.33,23241.0,892.0,59.9,2.3,2.33,3009.0,365.0,12.95,1.57,7.37,3187.0,363.0,13.71,1.56,6.92,8775.0,472.0,37.76,2.03,3.27,2930.0,332.0,12.61,1.43,6.89,27281.0,989.0,70.31,2.55,2.2,555.0,123.0,2.03,0.45,13.48,38566.0,167.0,99.39,0.43,0.26,4818.0,397.0,12.49,1.03,5.01,11517.0,784.0,29.68,2.02,4.14,440.0,145.0,3.82,1.26,20.05,23914.0,803.0,61.63,2.07,2.04,2915.0,306.0,12.19,1.28,6.38,3138.0,299.0,8.09,0.77,5.79,1468.0,164.0,46.79,5.22,6.78,38172.0,1277.0,98.38,3.29,2.03,35267.0,557.0,92.39,1.46,0.96,2678.0,550.0,7.02,1.44,12.47,231.0,122.0,0.61,0.32,31.89,38801.0,,100,,,26386.0,733.0,68.0,1.89,1.69,24307.0,757.0,62.65,1.95,1.89,2079.0,349.0,5.36,0.9,10.21,12415.0,714.0,32.0,1.84,3.5,6451.0,403.0,51.96,3.25,3.8,5964.0,403.0,48.04,3.25,4.11,210.0,153.0,1.69,1.23,44.24,717.0,281.0,5.78,2.26,23.77,445.0,179.0,3.58,1.44,24.45,0.0,,0.0,,,11026.0,348.0,88.81,2.8,1.92,18.0,101.0,0.14,0.81,351.72,35219.0,1315.0,90.77,3.39,2.27,22821.0,792.0,64.8,2.25,2.11,4557.0,500.0,12.94,1.42,6.67,10317.0,733.0,29.29,2.08,4.32,28611.0,1141.0,73.74,2.94,2.42,16194.0,515.0,56.6,1.8,1.93,14162.0,526.0,49.5,1.84,2.26,2020.0,289.0,7.06,1.01,8.7,2.0,103.0,0.01,0.36,2188.45,12417.0,515.0,43.4,1.8,2.52,,,12.47,1.74,8.7,13801.0,574.0,35.57,1.48,2.53,3139.0,299.0,22.74,2.17,5.8,494.0,132.0,3.58,0.96,16.3,9146.0,331.0,66.27,2.4,2.2,676.0,150.0,4.9,1.09,13.52,240.0,106.0,1.74,0.77,26.9,14168.0,578.0,36.51,1.49,2.48,43.0,106.0,0.3,0.75,151.98,921.0,183.0,6.5,1.29,12.06,600.0,136.0,4.23,0.96,13.8,228.0,92.0,1.61,0.65,24.54,1597.0,222.0,11.27,1.57,8.47,1380.0,208.0,9.74,1.47,9.17,176.0,91.0,1.24,0.64,31.38,670.0,152.0,4.73,1.07,13.75,1371.0,214.0,9.68,1.51,9.48,4652.0,326.0,32.83,2.3,4.26,1188.0,198.0,8.38,1.4,10.16,749.0,146.0,5.29,1.03,11.84,597.0,135.0,4.21,0.95,13.72,2818.0,295.0,21.39,2.24,6.37,963.0,178.0,7.31,1.35,11.23,1695.0,223.0,12.87,1.69,7.98,1454.0,219.0,11.04,1.66,9.14,1624.0,225.0,12.33,1.71,8.43,1902.0,241.0,14.44,1.83,7.7,1175.0,194.0,8.92,1.47,10.02,995.0,171.0,7.55,1.3,10.47,328.0,91.0,2.49,0.69,16.85,219.0,95.0,1.66,0.72,26.37,9377.0,317.0,71.19,2.41,2.06,2734.0,248.0,20.76,1.88,5.51,1183.0,171.0,8.98,1.3,8.8,1498.0,212.0,11.37,1.61,8.61,1447.0,216.0,10.99,1.64,9.07,4927.0,332.0,37.41,2.52,4.09,34753.0,440.0,90.11,1.14,0.77,16305.0,949.0,42.28,2.46,3.54,20962.0,906.0,54.35,2.35,2.63,3813.0,440.0,9.89,1.14,7.01,17322.0,574.0,44.64,1.48,2.02,21479.0,574.0,55.36,1.48,1.63,3582.0,396.0,9.23,1.02,6.72,3023.0,334.0,7.79,0.86,6.71,2864.0,307.0,7.38,0.79,6.51,3029.0,314.0,7.81,0.81,6.3,3072.0,310.0,7.92,0.8,6.14,6336.0,469.0,16.33,1.21,4.5,4450.0,396.0,11.47,1.02,5.41,5318.0,423.0,13.71,1.09,4.83,2269.0,275.0,5.85,0.71,7.38,1612.0,233.0,4.15,0.6,8.79,1895.0,241.0,4.88,0.62,7.72,931.0,167.0,2.4,0.43,10.89,425.0,124.0,1.1,0.32,17.68,27284.0,636.0,70.32,1.64,1.42,3252.0,334.0,8.38,0.86,6.24,5748.0,733.0,14.81,1.89,7.76,24962.0,939.0,64.33,2.42,2.29,237.0,233.0,0.61,0.6,59.79,739.0,318.0,1.9,0.82,26.24,154.0,190.0,0.4,0.49,74.47,5913.0,745.0,15.24,1.92,7.66,1051.0,314.0,2.71,0.81,18.17,13047.0,904.0,33.63,2.33,4.21,25754.0,904.0,66.37,2.33,2.13,709.0,275.0,1.83,0.71,23.59,23257.0,935.0,59.94,2.41,2.44,49.0,113.0,0.13,0.29,135.61,739.0,318.0,1.9,0.82,26.24,97.0,171.0,0.25,0.44,106.99,426.0,221.0,1.1,0.57,31.5,477.0,186.0,1.23,0.48,23.72
16,East New York-New Lots,BK0503,East New York-New Lots,17559.0,,100,,,6679.0,413.0,38.04,2.35,3.76,14722.0,926.0,29.73,1.87,3.82,698.0,200.0,4.74,1.36,17.44,992.0,209.0,6.74,1.42,12.81,5996.0,421.0,40.73,2.86,4.27,3187.0,325.0,21.65,2.21,6.21,3850.0,420.0,26.15,2.85,6.63,30487.0,1233.0,61.57,2.49,2.46,2677.0,348.0,8.78,1.14,7.89,3644.0,415.0,11.95,1.36,6.92,12203.0,643.0,40.03,2.11,3.2,4354.0,418.0,14.28,1.37,5.83,36307.0,1347.0,73.33,2.72,2.26,963.0,182.0,2.65,0.5,11.47,49378.0,183.0,99.73,0.37,0.23,6259.0,563.0,12.68,1.14,5.47,13186.0,990.0,26.63,2.0,4.56,698.0,181.0,5.29,1.37,15.74,31425.0,951.0,63.47,1.92,1.84,3564.0,418.0,11.34,1.33,7.13,4744.0,386.0,9.58,0.78,4.95,1993.0,219.0,42.01,4.62,6.69,48980.0,1609.0,98.93,3.25,2.0,45410.0,681.0,92.71,1.39,0.91,3354.0,671.0,6.85,1.37,12.16,219.0,147.0,0.45,0.3,40.53,49512.0,,100,,,33567.0,961.0,67.8,1.94,1.74,31602.0,995.0,63.83,2.01,1.91,1966.0,436.0,3.97,0.88,13.47,15945.0,847.0,32.2,1.71,3.23,9680.0,526.0,60.71,3.3,3.3,6266.0,526.0,39.3,3.3,5.1,115.0,96.0,0.72,0.6,50.66,351.0,209.0,2.2,1.31,36.2,894.0,303.0,5.61,1.9,20.59,11.0,105.0,0.07,0.66,573.17,14526.0,349.0,91.1,2.19,1.46,48.0,108.0,0.3,0.68,137.79,46076.0,1822.0,93.06,3.68,2.4,36537.0,912.0,79.3,1.98,1.52,3780.0,507.0,8.2,1.1,8.15,6979.0,816.0,15.15,1.77,7.1,37891.0,1599.0,76.53,3.23,2.57,22135.0,690.0,58.42,1.82,1.89,19200.0,758.0,50.67,2.0,2.4,2913.0,364.0,7.69,0.96,7.59,18.0,110.0,0.05,0.29,352.58,15755.0,690.0,41.58,1.82,2.66,,,13.16,1.59,7.6,18752.0,728.0,37.87,1.47,2.36,3966.0,414.0,21.15,2.21,6.35,630.0,171.0,3.36,0.91,16.46,12444.0,508.0,66.36,2.71,2.48,957.0,229.0,5.1,1.22,14.54,487.0,218.0,2.6,1.16,27.12,19200.0,723.0,38.78,1.46,2.29,43.0,113.0,0.22,0.59,163.03,1012.0,228.0,5.27,1.19,13.73,335.0,131.0,1.74,0.68,23.76,301.0,123.0,1.57,0.64,24.78,2103.0,284.0,10.95,1.48,8.22,2078.0,292.0,10.82,1.52,8.54,224.0,117.0,1.17,0.61,31.69,917.0,202.0,4.78,1.05,13.35,1947.0,324.0,10.14,1.69,10.13,6769.0,455.0,35.26,2.37,4.09,1243.0,263.0,6.47,1.37,12.87,983.0,242.0,5.12,1.26,14.96,1237.0,221.0,6.44,1.15,10.86,3638.0,360.0,20.72,2.05,6.01,1384.0,239.0,7.88,1.36,10.49,1917.0,284.0,10.92,1.62,9.02,1585.0,267.0,9.03,1.52,10.23,2295.0,300.0,13.07,1.71,7.95,2726.0,318.0,15.52,1.81,7.09,1549.0,265.0,8.82,1.51,10.41,1667.0,260.0,9.49,1.48,9.48,541.0,149.0,3.08,0.85,16.78,252.0,123.0,1.44,0.7,29.55,12244.0,395.0,69.73,2.25,1.96,3835.0,342.0,21.84,1.95,5.43,2035.0,244.0,11.59,1.39,7.29,1929.0,260.0,10.99,1.48,8.19,1947.0,299.0,11.09,1.7,9.32,5584.0,397.0,31.8,2.26,4.32,44993.0,588.0,91.12,1.19,0.79,23178.0,1160.0,46.94,2.35,3.04,25544.0,1155.0,51.73,2.34,2.75,4385.0,588.0,8.88,1.19,8.15,21891.0,678.0,44.21,1.37,1.88,27621.0,678.0,55.79,1.37,1.49,3436.0,426.0,6.94,0.86,7.53,3968.0,436.0,8.01,0.88,6.68,3615.0,401.0,7.3,0.81,6.75,3629.0,376.0,7.33,0.76,6.3,4388.0,446.0,8.86,0.9,6.18,7057.0,574.0,14.25,1.16,4.95,6213.0,505.0,12.55,1.02,4.94,6471.0,505.0,13.07,1.02,4.74,3276.0,396.0,6.62,0.8,7.35,2626.0,342.0,5.3,0.69,7.91,3018.0,352.0,6.1,0.71,7.08,1280.0,208.0,2.59,0.42,9.86,554.0,139.0,1.12,0.28,15.2,36326.0,797.0,73.37,1.61,1.33,4840.0,421.0,9.78,0.85,5.28,4627.0,733.0,9.35,1.48,9.62,40229.0,1030.0,81.25,2.08,1.56,61.0,119.0,0.12,0.24,121.58,236.0,188.0,0.48,0.38,48.13,0.0,,0.0,,,3617.0,758.0,7.31,1.53,12.72,754.0,322.0,1.52,0.65,26.0,9506.0,990.0,19.2,2.0,6.33,40006.0,990.0,80.8,2.0,1.5,1041.0,401.0,2.1,0.81,23.45,37922.0,1089.0,76.59,2.2,1.75,48.0,119.0,0.1,0.24,145.9,236.0,188.0,0.48,0.38,48.13,0.0,,0.0,,,349.0,307.0,0.7,0.62,53.84,410.0,223.0,0.83,0.45,32.96
17,Spring Creek-Starrett City,BK0504,Spring Creek-Starrett City,9079.0,,100,,,2168.0,331.0,23.88,3.65,9.29,3155.0,486.0,22.97,3.54,9.36,323.0,165.0,10.24,5.24,31.11,104.0,80.0,3.3,2.54,46.79,1161.0,201.0,36.8,6.38,10.54,703.0,250.0,22.28,7.91,21.58,864.0,166.0,27.39,5.25,11.65,10158.0,718.0,73.95,5.23,4.3,940.0,254.0,9.25,2.5,16.43,1458.0,366.0,14.35,3.6,15.25,3112.0,412.0,30.64,4.06,8.06,2107.0,357.0,20.74,3.51,10.29,11233.0,838.0,81.78,6.1,4.54,411.0,179.0,3.66,1.59,26.41,13712.0,48.0,99.83,0.35,0.21,3356.0,418.0,24.47,3.05,7.58,2503.0,429.0,18.22,3.12,10.42,85.0,61.0,3.4,2.42,43.27,7465.0,426.0,54.35,3.1,3.47,1127.0,267.0,15.1,3.58,14.41,3744.0,275.0,27.26,2.0,4.47,2147.0,221.0,57.34,5.9,6.26,13622.0,791.0,99.17,5.76,3.53,12809.0,353.0,94.03,2.59,1.67,775.0,347.0,5.69,2.55,27.24,38.0,76.0,0.28,0.56,121.58,13736.0,,100,,,9552.0,440.0,69.54,3.2,2.8,8911.0,475.0,64.87,3.46,3.24,648.0,246.0,4.72,1.79,23.05,4184.0,363.0,30.46,2.64,5.27,3447.0,228.0,82.38,5.44,4.01,738.0,228.0,17.64,5.44,18.75,1837.0,279.0,43.9,6.66,9.22,501.0,210.0,11.97,5.02,25.49,73.0,77.0,1.74,1.83,63.93,0.0,,0.0,,,1771.0,273.0,42.33,6.52,9.36,0.0,,0.0,,,13045.0,997.0,94.97,7.26,4.65,8206.0,550.0,62.91,4.22,4.08,2767.0,347.0,21.21,2.66,7.62,1532.0,394.0,11.74,3.02,15.64,11491.0,869.0,83.66,6.33,4.6,5645.0,437.0,49.12,3.8,4.7,5031.0,425.0,43.78,3.7,5.14,609.0,198.0,5.3,1.72,19.73,0.0,,0.0,,,5847.0,437.0,50.88,3.8,4.54,,,10.79,3.41,19.76,4773.0,490.0,34.75,3.57,6.24,1613.0,296.0,33.79,6.2,11.15,195.0,105.0,4.09,2.19,32.55,2775.0,316.0,58.14,6.63,6.93,186.0,134.0,3.9,2.8,43.64,0.0,,0.0,,,5034.0,471.0,36.65,3.43,5.69,0.0,,0.0,,,96.0,104.0,1.91,2.07,65.88,202.0,154.0,4.01,3.05,46.24,36.0,69.0,0.72,1.37,115.67,479.0,218.0,9.51,4.34,27.74,302.0,129.0,6.0,2.57,26.04,66.0,76.0,1.31,1.5,69.61,270.0,113.0,5.36,2.24,25.4,375.0,189.0,7.45,3.75,30.6,1870.0,314.0,37.14,6.24,10.21,303.0,142.0,6.02,2.82,28.48,188.0,107.0,3.73,2.13,34.71,847.0,230.0,16.82,4.56,16.48,1422.0,311.0,15.66,3.42,13.28,1650.0,330.0,18.17,3.64,12.18,1150.0,301.0,12.67,3.32,15.93,843.0,305.0,9.29,3.36,21.99,1322.0,318.0,14.56,3.5,14.61,1420.0,343.0,15.64,3.78,14.69,561.0,197.0,6.18,2.17,21.35,502.0,203.0,5.53,2.24,24.62,144.0,140.0,1.59,1.54,58.88,68.0,106.0,0.75,1.17,94.83,5159.0,393.0,56.82,4.33,4.63,3434.0,438.0,37.82,4.82,7.75,1378.0,316.0,15.18,3.48,13.94,1802.0,334.0,19.85,3.68,11.27,941.0,333.0,10.36,3.67,21.53,3625.0,397.0,39.93,4.37,6.65,12942.0,350.0,94.38,2.55,1.64,6388.0,653.0,46.59,4.76,6.21,7608.0,677.0,55.48,4.94,5.41,770.0,350.0,5.62,2.55,27.58,5438.0,460.0,39.59,3.35,5.14,8298.0,460.0,60.41,3.35,3.37,691.0,218.0,5.03,1.59,19.22,661.0,234.0,4.81,1.7,21.49,754.0,221.0,5.49,1.61,17.83,625.0,187.0,4.55,1.36,18.17,846.0,280.0,6.16,2.04,20.13,1625.0,390.0,11.83,2.84,14.59,1464.0,342.0,10.66,2.49,14.2,1701.0,389.0,12.38,2.83,13.9,746.0,207.0,5.43,1.51,16.9,885.0,228.0,6.44,1.66,15.67,1814.0,327.0,13.21,2.38,10.95,1332.0,254.0,9.7,1.85,11.59,610.0,177.0,4.44,1.29,17.66,11233.0,371.0,81.78,2.7,2.01,3756.0,379.0,27.34,2.76,6.14,3909.0,617.0,28.46,4.49,9.59,8345.0,611.0,60.75,4.45,4.45,167.0,124.0,1.22,0.9,44.85,417.0,238.0,3.04,1.73,34.59,0.0,,0.0,,,539.0,376.0,3.92,2.74,42.49,367.0,155.0,2.67,1.13,25.73,2569.0,530.0,18.7,3.86,12.55,11167.0,530.0,81.3,3.86,2.89,2779.0,420.0,20.23,3.06,9.2,7690.0,551.0,55.98,4.01,4.35,115.0,106.0,0.84,0.77,55.72,393.0,236.0,2.86,1.72,36.56,0.0,,0.0,,,0.0,,0.0,,,188.0,129.0,1.37,0.94,41.71
18,East New York-City Line,BK0505,East New York-City Line,14263.0,,100,,,5866.0,414.0,41.13,2.9,4.29,12032.0,768.0,28.19,1.8,3.88,863.0,214.0,7.17,1.78,15.09,875.0,207.0,7.27,1.72,14.38,4867.0,366.0,40.45,3.04,4.57,2498.0,288.0,20.76,2.39,7.0,2932.0,354.0,24.37,2.94,7.33,26332.0,875.0,61.69,2.05,2.02,2743.0,398.0,10.42,1.51,8.81,2810.0,361.0,10.67,1.37,7.81,12226.0,645.0,46.43,2.45,3.21,3525.0,469.0,13.39,1.78,8.08,31043.0,1071.0,72.73,2.51,2.1,533.0,177.0,1.72,0.57,20.15,42652.0,435.0,99.93,1.02,0.62,4440.0,491.0,10.41,1.15,6.72,11629.0,828.0,27.25,1.94,4.33,275.0,124.0,2.36,1.07,27.56,27495.0,841.0,64.42,1.97,1.86,2397.0,344.0,8.72,1.25,8.71,3537.0,376.0,8.29,0.88,6.46,1768.0,193.0,49.99,5.47,6.65,41982.0,1340.0,98.36,3.14,1.94,39434.0,575.0,93.93,1.37,0.89,2260.0,546.0,5.38,1.3,14.69,296.0,197.0,0.71,0.47,40.24,42683.0,,100,,,26564.0,939.0,62.24,2.2,2.15,24691.0,935.0,57.85,2.19,2.3,1864.0,367.0,4.37,0.86,11.96,16119.0,901.0,37.76,2.11,3.4,9098.0,595.0,56.44,3.69,3.97,7022.0,595.0,43.56,3.69,5.15,123.0,93.0,0.76,0.58,46.39,3185.0,479.0,19.76,2.97,9.14,1784.0,426.0,11.07,2.64,14.5,0.0,,0.0,,,11025.0,633.0,68.4,3.93,3.49,0.0,,0.0,,,39229.0,1234.0,91.91,2.89,1.91,21778.0,1032.0,55.51,2.63,2.88,5158.0,561.0,13.15,1.43,6.61,10142.0,894.0,25.85,2.28,5.36,32237.0,1088.0,75.53,2.55,2.05,18034.0,645.0,55.94,2.0,2.17,16106.0,671.0,49.96,2.08,2.53,1908.0,338.0,5.92,1.05,10.78,14.0,93.0,0.04,0.29,440.73,14203.0,645.0,44.06,2.0,2.76,,,10.58,1.84,10.77,15824.0,691.0,37.07,1.62,2.65,3244.0,392.0,20.5,2.48,7.35,783.0,242.0,4.95,1.53,18.79,10767.0,459.0,68.04,2.9,2.59,472.0,166.0,2.98,1.05,21.42,394.0,133.0,2.49,0.84,20.51,16105.0,683.0,37.73,1.6,2.58,29.0,90.0,0.18,0.56,189.13,987.0,250.0,6.13,1.55,15.37,457.0,147.0,2.84,0.91,19.48,268.0,121.0,1.66,0.75,27.47,1636.0,309.0,10.16,1.92,11.49,1669.0,301.0,10.36,1.87,10.97,196.0,110.0,1.22,0.68,33.88,929.0,193.0,5.77,1.2,12.64,1789.0,298.0,11.11,1.85,10.12,4997.0,464.0,31.03,2.88,5.64,1573.0,269.0,9.77,1.67,10.39,681.0,166.0,4.23,1.03,14.8,897.0,238.0,5.57,1.48,16.15,2914.0,342.0,20.43,2.4,7.14,853.0,174.0,5.98,1.22,12.4,1886.0,271.0,13.22,1.9,8.74,1732.0,278.0,12.14,1.95,9.76,2070.0,300.0,14.51,2.1,8.8,1985.0,298.0,13.92,2.09,9.13,1286.0,244.0,9.02,1.71,11.52,1044.0,208.0,7.32,1.46,12.12,309.0,127.0,2.17,0.89,24.93,185.0,123.0,1.3,0.86,40.22,10379.0,371.0,72.77,2.6,2.17,2407.0,280.0,16.88,1.96,7.06,1077.0,224.0,7.55,1.57,12.64,1269.0,235.0,8.9,1.65,11.27,971.0,215.0,6.81,1.51,13.48,4515.0,374.0,31.66,2.62,5.03,38417.0,606.0,90.07,1.42,0.96,19821.0,1083.0,46.47,2.54,3.32,20353.0,1062.0,47.72,2.49,3.17,4236.0,606.0,9.93,1.42,8.69,20108.0,645.0,47.11,1.51,1.95,22575.0,645.0,52.89,1.51,1.74,3454.0,414.0,8.09,0.97,7.29,3424.0,418.0,8.02,0.98,7.43,2915.0,354.0,6.83,0.83,7.39,3137.0,346.0,7.35,0.81,6.7,3410.0,388.0,7.99,0.91,6.92,6682.0,598.0,15.65,1.4,5.44,5524.0,516.0,12.94,1.21,5.68,5814.0,512.0,13.62,1.2,5.36,2406.0,312.0,5.64,0.73,7.87,2359.0,307.0,5.53,0.72,7.91,2202.0,295.0,5.16,0.69,8.13,954.0,230.0,2.24,0.54,14.65,385.0,137.0,0.9,0.32,21.61,31052.0,717.0,72.75,1.68,1.4,3542.0,393.0,8.3,0.92,6.74,7673.0,986.0,17.98,2.31,7.81,27062.0,1140.0,63.4,2.67,2.56,230.0,179.0,0.54,0.42,47.28,3297.0,640.0,7.72,1.5,11.81,0.0,,0.0,,,3433.0,691.0,8.04,1.62,12.25,994.0,303.0,2.33,0.71,18.52,12293.0,1059.0,28.8,2.48,5.23,30390.0,1059.0,71.2,2.48,2.12,736.0,248.0,1.72,0.58,20.5,25383.0,1135.0,59.47,2.66,2.72,45.0,98.0,0.11,0.23,127.11,3279.0,640.0,7.68,1.5,11.87,0.0,,0.0,,,397.0,265.0,0.93,0.62,40.53,540.0,201.0,1.27,0.47,22.5
19,Highland Park-Cypress Hills Cemeteries (South),BK0571,Highland Park-Cypress Hills Cemeteries (South),0.0,,100,,,0.0,,,,,0.0,,,,,0.0,,,,,0.0,,,,,0.0,,,,,0.0,,,,,0.0,,,,,0.0,,,,,0.0,,,,,0.0,,,,,0.0,,,,,0.0,,,,,0.0,,,,,0.0,,,,,0.0,,,,,0.0,,,,,0.0,,,,,0.0,,,,,0.0,,,,,0.0,,,,,0.0,,,,,0.0,,,,,0.0,,,,,0.0,,,,,0.0,,,,,0.0,,,,,0.0,,100,,,0.0,,,,,0.0,,,,,0.0,,,,,0.0,,,,,0.0,,,,,0.0,,,,,0.0,,,,,0.0,,,,,0.0,,,,,0.0,,,,,0.0,,,,,0.0,,,,,0.0,,,,,0.0,,,,,0.0,,,,,0.0,,,,,0.0,,,,,0.0,,,,,0.0,,,,,0.0,,,,,0.0,,,,,0.0,,,,,,,,,,0.0,,,,,0.0,,,,,0.0,,,,,0.0,,,,,0.0,,,,,0.0,,,,,0.0,,,,,0.0,,,,,0.0,,,,,0.0,,,,,0.0,,,,,0.0,,,,,0.0,,,,,0.0,,,,,0.0,,,,,0.0,,,,,0.0,,,,,0.0,,,,,0.0,,,,,0.0,,,,,0.0,,,,,0.0,,,,,0.0,,,,,0.0,,,,,0.0,,,,,0.0,,,,,0.0,,,,,0.0,,,,,0.0,,,,,0.0,,,,,0.0,,,,,0.0,,,,,0.0,,,,,0.0,,,,,0.0,,,,,0.0,,,,,0.0,,,,,0.0,,,,,0.0,,,,,0.0,,,,,0.0,,,,,0.0,,,,,0.0,,,,,0.0,,,,,0.0,,,,,0.0,,,,,0.0,,,,,0.0,,,,,0.0,,,,,0.0,,,,,0.0,,,,,0.0,,,,,0.0,,,,,0.0,,,,,0.0,,,,,0.0,,,,,0.0,,,,,0.0,,,,,0.0,,,,,0.0,,,,,0.0,,,,,0.0,,,,,0.0,,,,,0.0,,,,,0.0,,,,,0.0,,,,,0.0,,,,,0.0,,,,,0.0,,,,,0.0,,,,,0.0,,,,,0.0,,,,,0.0,,,,
20,Carroll Gardens-Cobble Hill-Gowanus-Red Hook,BK0601,Carroll Gardens-Cobble Hill-Gowanus-Red Hook,28040.0,,100,,,7817.0,496.0,27.88,1.77,3.86,11510.0,775.0,19.29,1.3,4.09,1596.0,222.0,13.87,1.93,8.46,767.0,158.0,6.66,1.37,12.5,3985.0,343.0,34.62,2.98,5.23,2224.0,289.0,19.32,2.51,7.9,2941.0,346.0,25.55,3.01,7.16,44552.0,1294.0,74.68,2.17,1.77,2955.0,383.0,6.63,0.86,7.89,3545.0,450.0,7.96,1.01,7.71,6302.0,588.0,14.15,1.32,5.67,26523.0,740.0,59.53,1.66,1.7,48169.0,1456.0,80.75,2.44,1.84,1166.0,222.0,2.42,0.46,11.56,59208.0,626.0,99.25,1.05,0.64,6877.0,610.0,11.61,1.03,5.39,11460.0,722.0,19.21,1.21,3.83,359.0,156.0,3.13,1.36,26.41,41603.0,871.0,69.74,1.46,1.27,3818.0,433.0,9.18,1.04,6.89,6156.0,453.0,10.32,0.76,4.47,2703.0,270.0,43.91,4.39,6.08,58682.0,1414.0,98.37,2.37,1.46,50331.0,874.0,85.77,1.49,1.06,7613.0,827.0,12.97,1.41,6.61,744.0,317.0,1.27,0.54,25.85,59654.0,,100,,,48964.0,841.0,82.08,1.41,1.04,45553.0,853.0,76.36,1.43,1.14,3424.0,441.0,5.74,0.74,7.84,10690.0,859.0,17.92,1.44,4.88,5310.0,423.0,49.67,3.96,4.85,5380.0,423.0,50.33,3.96,4.78,3578.0,358.0,33.47,3.35,6.08,2535.0,383.0,23.71,3.58,9.18,215.0,117.0,2.01,1.09,32.97,121.0,106.0,1.13,0.99,53.26,3941.0,380.0,36.87,3.55,5.85,301.0,128.0,2.82,1.2,25.87,55084.0,1324.0,92.34,2.22,1.46,37987.0,958.0,68.96,1.74,1.53,5773.0,617.0,10.48,1.12,6.5,10164.0,799.0,18.45,1.45,4.78,49166.0,1426.0,82.42,2.39,1.76,35107.0,674.0,71.4,1.37,1.17,32113.0,718.0,65.32,1.46,1.36,2970.0,418.0,6.04,0.85,8.55,16.0,118.0,0.03,0.24,486.32,14060.0,674.0,28.6,1.37,2.91,,,8.46,1.18,8.56,31490.0,585.0,52.79,0.98,1.13,2585.0,340.0,8.21,1.08,8.0,641.0,189.0,2.04,0.6,17.88,21059.0,636.0,66.88,2.02,1.84,3112.0,381.0,9.88,1.21,7.44,2476.0,321.0,7.86,1.02,7.89,32118.0,573.0,53.84,0.96,1.08,52.0,122.0,0.16,0.38,144.38,788.0,202.0,2.45,0.63,15.63,1257.0,238.0,3.91,0.74,11.51,504.0,157.0,1.57,0.49,18.97,2624.0,344.0,8.17,1.07,7.96,835.0,267.0,2.6,0.83,19.41,3312.0,373.0,10.31,1.16,6.84,3124.0,347.0,9.73,1.08,6.75,7144.0,543.0,22.24,1.69,4.62,7086.0,530.0,22.06,1.65,4.55,3188.0,376.0,9.93,1.17,7.16,1104.0,196.0,3.44,0.61,10.78,1087.0,206.0,3.38,0.64,11.51,2763.0,353.0,9.85,1.26,7.78,1163.0,238.0,4.15,0.85,12.45,1938.0,322.0,6.91,1.15,10.12,1325.0,252.0,4.73,0.9,11.57,1870.0,278.0,6.67,0.99,9.02,3542.0,415.0,12.63,1.48,7.12,2929.0,350.0,10.45,1.25,7.27,4253.0,393.0,15.17,1.4,5.61,2980.0,365.0,10.63,1.3,7.43,5285.0,457.0,18.85,1.63,5.26,22854.0,426.0,81.5,1.52,1.13,5200.0,421.0,18.54,1.5,4.92,2889.0,345.0,10.3,1.23,7.26,2573.0,336.0,9.18,1.2,7.95,991.0,222.0,3.53,0.79,13.6,4643.0,345.0,16.56,1.23,4.52,54981.0,604.0,92.86,1.02,0.67,41708.0,930.0,70.44,1.57,1.35,17436.0,823.0,29.45,1.39,2.87,4227.0,604.0,7.14,1.02,8.68,28110.0,698.0,47.12,1.17,1.51,31543.0,698.0,52.88,1.17,1.35,4570.0,412.0,7.66,0.69,5.48,3282.0,334.0,5.5,0.56,6.19,2112.0,322.0,3.54,0.54,9.27,2249.0,340.0,3.77,0.57,9.19,2887.0,406.0,4.84,0.68,8.54,13829.0,865.0,23.18,1.45,3.8,10763.0,650.0,18.04,1.09,3.67,7414.0,543.0,12.43,0.91,4.45,3349.0,406.0,5.61,0.68,7.37,2711.0,364.0,4.54,0.61,8.17,3589.0,370.0,6.02,0.62,6.26,1996.0,304.0,3.35,0.51,9.25,910.0,197.0,1.53,0.33,13.11,48186.0,614.0,80.78,1.03,0.78,6489.0,507.0,10.88,0.85,4.75,37988.0,931.0,63.68,1.56,1.49,8478.0,650.0,14.21,1.09,4.66,205.0,191.0,0.34,0.32,57.21,3434.0,507.0,5.76,0.85,8.97,0.0,,0.0,,,6472.0,829.0,10.85,1.39,7.79,3062.0,453.0,5.13,0.76,9.01,13445.0,919.0,22.54,1.54,4.15,46209.0,919.0,77.46,1.54,1.21,32787.0,853.0,54.96,1.43,1.58,7653.0,608.0,12.83,1.02,4.83,48.0,131.0,0.08,0.22,167.17,3344.0,495.0,5.61,0.83,8.99,0.0,,0.0,,,457.0,268.0,0.77,0.45,35.53,1913.0,334.0,3.21,0.56,10.61
21,Park Slope,BK0602,Park Slope,27561.0,,100,,,8045.0,430.0,29.19,1.56,3.25,11865.0,685.0,20.43,1.18,3.51,1588.0,248.0,13.38,2.09,9.5,986.0,204.0,8.31,1.72,12.58,4350.0,356.0,36.66,3.0,4.97,1842.0,255.0,15.52,2.15,8.42,3100.0,329.0,26.13,2.77,6.44,43524.0,1098.0,74.94,1.89,1.53,972.0,209.0,2.23,0.48,13.08,1266.0,265.0,2.91,0.61,12.74,2864.0,322.0,6.58,0.74,6.84,34303.0,618.0,78.81,1.42,1.1,46152.0,1167.0,79.46,2.01,1.54,1032.0,198.0,2.24,0.43,11.67,57964.0,238.0,99.8,0.41,0.25,3396.0,365.0,5.86,0.63,6.54,11897.0,633.0,20.48,1.09,3.23,227.0,104.0,1.91,0.87,27.69,40828.0,1057.0,70.29,1.82,1.57,1768.0,261.0,4.33,0.64,8.99,5234.0,424.0,9.01,0.73,4.92,1394.0,192.0,26.63,3.66,8.35,57265.0,1406.0,98.59,2.42,1.49,47159.0,1008.0,82.35,1.76,1.3,9134.0,979.0,15.95,1.71,6.52,972.0,281.0,1.7,0.49,17.52,58081.0,,100,,,49197.0,645.0,84.7,1.11,0.8,47248.0,680.0,81.35,1.17,0.87,1948.0,302.0,3.35,0.52,9.44,8884.0,621.0,15.3,1.07,4.25,4538.0,353.0,51.08,3.97,4.72,4346.0,353.0,48.92,3.97,4.93,3018.0,313.0,33.97,3.52,6.3,2545.0,293.0,28.65,3.3,7.0,198.0,99.0,2.23,1.12,30.53,361.0,140.0,4.06,1.58,23.66,2369.0,301.0,26.67,3.39,7.73,394.0,136.0,4.43,1.53,21.0,53217.0,1324.0,91.62,2.28,1.51,42252.0,841.0,79.4,1.58,1.21,2437.0,383.0,4.58,0.72,9.56,5214.0,601.0,9.8,1.13,7.01,47031.0,1167.0,80.97,2.01,1.51,37078.0,588.0,78.84,1.25,0.96,35505.0,593.0,75.49,1.26,1.01,1570.0,221.0,3.34,0.47,8.55,6.0,113.0,0.01,0.24,1458.97,9953.0,588.0,21.16,1.25,3.59,,,4.23,0.59,8.56,34890.0,703.0,60.07,1.21,1.22,2624.0,321.0,7.52,0.92,7.44,709.0,192.0,2.03,0.55,16.47,23843.0,604.0,68.34,1.73,1.54,2701.0,314.0,7.74,0.9,7.07,3798.0,443.0,10.89,1.27,7.09,35505.0,691.0,61.13,1.19,1.18,0.0,,0.0,,,462.0,128.0,1.3,0.36,16.83,783.0,185.0,2.21,0.52,14.3,539.0,138.0,1.52,0.39,15.6,2117.0,305.0,5.96,0.86,8.77,428.0,149.0,1.21,0.42,21.1,3622.0,362.0,10.2,1.02,6.08,4022.0,419.0,11.33,1.18,6.33,8810.0,568.0,24.81,1.6,3.92,8386.0,561.0,23.62,1.58,4.07,3445.0,433.0,9.7,1.22,7.65,1524.0,270.0,4.29,0.76,10.77,1363.0,252.0,3.84,0.71,11.24,1009.0,218.0,3.66,0.79,13.12,587.0,179.0,2.13,0.65,18.55,779.0,185.0,2.83,0.67,14.39,1008.0,245.0,3.66,0.89,14.78,1818.0,295.0,6.6,1.07,9.86,2977.0,342.0,10.8,1.24,6.98,3173.0,358.0,11.51,1.3,6.87,5192.0,438.0,18.84,1.59,5.13,3818.0,383.0,13.85,1.39,6.1,7194.0,458.0,26.1,1.66,3.87,24873.0,306.0,90.25,1.11,0.75,4241.0,364.0,15.39,1.32,5.21,2506.0,298.0,9.09,1.08,7.22,559.0,146.0,2.03,0.53,15.87,215.0,124.0,0.78,0.45,35.07,1063.0,198.0,3.86,0.72,11.34,55134.0,423.0,95.12,0.73,0.47,50084.0,684.0,86.41,1.18,0.83,8603.0,626.0,14.84,1.08,4.42,2830.0,423.0,4.88,0.73,9.09,27858.0,598.0,47.96,1.03,1.31,30223.0,598.0,52.04,1.03,1.2,4864.0,453.0,8.37,0.78,5.67,3378.0,372.0,5.82,0.64,6.68,2443.0,302.0,4.21,0.52,7.51,1535.0,244.0,2.64,0.42,9.67,2336.0,348.0,4.02,0.6,9.07,13513.0,790.0,23.27,1.36,3.55,11812.0,610.0,20.34,1.05,3.14,7101.0,540.0,12.23,0.93,4.62,2780.0,337.0,4.79,0.58,7.36,3043.0,372.0,5.24,0.64,7.42,3716.0,372.0,6.4,0.64,6.08,1135.0,238.0,1.95,0.41,12.78,415.0,110.0,0.71,0.19,16.27,46158.0,523.0,79.47,0.9,0.69,5265.0,447.0,9.06,0.77,5.17,44307.0,941.0,76.28,1.62,1.29,3181.0,476.0,5.48,0.82,9.1,108.0,122.0,0.19,0.21,67.19,4109.0,511.0,7.07,0.88,7.57,0.0,,0.0,,,3059.0,587.0,5.27,1.01,11.65,3329.0,540.0,5.73,0.93,9.87,7590.0,767.0,13.07,1.32,6.14,50491.0,767.0,86.93,1.32,0.92,40815.0,987.0,70.27,1.7,1.47,2744.0,424.0,4.72,0.73,9.4,69.0,128.0,0.12,0.22,111.45,4046.0,511.0,6.97,0.88,7.68,0.0,,0.0,,,257.0,128.0,0.44,0.22,30.4,2554.0,465.0,4.4,0.8,11.05
22,Windsor Terrace-South Slope,BK0701,Windsor Terrace-South Slope,11122.0,,100,,,3493.0,264.0,31.41,2.37,4.59,4835.0,369.0,19.64,1.5,4.64,767.0,146.0,15.86,3.02,11.58,320.0,99.0,6.62,2.04,18.73,1831.0,193.0,37.87,3.99,6.4,683.0,144.0,14.13,2.98,12.82,1234.0,195.0,25.52,4.03,9.6,18119.0,655.0,73.59,2.66,2.2,704.0,199.0,3.89,1.1,17.19,805.0,187.0,4.44,1.03,14.1,1583.0,226.0,8.74,1.25,8.69,12068.0,464.0,66.61,2.56,2.34,19520.0,746.0,79.28,3.03,2.32,471.0,107.0,2.41,0.55,13.87,24590.0,623.0,99.87,2.53,1.54,1904.0,258.0,7.74,1.05,8.25,5082.0,372.0,20.64,1.51,4.45,148.0,96.0,2.91,1.89,39.48,16863.0,396.0,68.49,1.61,1.43,803.0,165.0,4.76,0.98,12.52,2644.0,234.0,10.74,0.95,5.38,955.0,140.0,36.12,5.29,8.9,24090.0,982.0,97.84,3.99,2.48,21054.0,438.0,87.4,1.82,1.27,2819.0,431.0,11.7,1.79,9.3,220.0,116.0,0.91,0.48,32.07,24622.0,,100,,,19812.0,431.0,80.46,1.75,1.32,18888.0,456.0,76.71,1.85,1.47,917.0,214.0,3.72,0.87,14.22,4811.0,441.0,19.54,1.79,5.57,2740.0,242.0,56.95,5.03,5.37,2071.0,242.0,43.05,5.03,7.1,1553.0,217.0,32.28,4.51,8.49,1691.0,221.0,35.15,4.6,7.96,126.0,71.0,2.62,1.47,34.11,70.0,74.0,1.46,1.53,63.7,1173.0,225.0,24.38,4.68,11.67,196.0,109.0,4.07,2.26,33.76,22499.0,916.0,91.38,3.72,2.47,16221.0,538.0,72.1,2.39,2.02,2450.0,340.0,10.89,1.51,8.43,2399.0,349.0,10.66,1.55,8.84,19826.0,704.0,80.52,2.86,2.16,14949.0,412.0,75.4,2.08,1.68,14201.0,426.0,71.63,2.15,1.82,730.0,161.0,3.68,0.81,13.38,20.0,69.0,0.1,0.35,212.77,4877.0,412.0,24.6,2.08,5.14,,,4.88,1.07,13.41,13923.0,446.0,56.55,1.81,1.95,1755.0,224.0,12.6,1.61,7.77,302.0,95.0,2.17,0.68,19.05,9255.0,341.0,66.47,2.45,2.24,851.0,185.0,6.11,1.33,13.23,1121.0,196.0,8.05,1.41,10.65,14200.0,446.0,57.67,1.81,1.91,0.0,,0.0,,,257.0,84.0,1.81,0.59,19.82,278.0,119.0,1.96,0.84,26.05,315.0,128.0,2.22,0.9,24.64,905.0,190.0,6.37,1.34,12.79,367.0,97.0,2.58,0.68,16.02,1320.0,214.0,9.3,1.51,9.87,1026.0,175.0,7.23,1.23,10.34,3236.0,312.0,22.79,2.2,5.87,3609.0,329.0,25.42,2.32,5.55,1638.0,277.0,11.54,1.95,10.27,615.0,146.0,4.33,1.03,14.46,637.0,155.0,4.49,1.09,14.76,564.0,142.0,5.07,1.28,15.35,316.0,112.0,2.84,1.01,21.62,609.0,157.0,5.48,1.41,15.64,456.0,106.0,4.1,0.95,14.09,867.0,190.0,7.8,1.71,13.33,1615.0,240.0,14.52,2.16,9.04,1352.0,208.0,12.16,1.87,9.35,2359.0,280.0,21.21,2.52,7.22,1113.0,194.0,10.01,1.74,10.57,1865.0,218.0,16.77,1.96,7.1,9420.0,219.0,84.7,1.97,1.41,2290.0,226.0,20.59,2.03,5.99,1213.0,166.0,10.91,1.49,8.3,349.0,95.0,3.14,0.85,16.46,188.0,89.0,1.69,0.8,28.78,728.0,169.0,6.55,1.52,14.11,23246.0,317.0,94.53,1.29,0.83,20318.0,499.0,82.63,2.03,1.49,4614.0,425.0,18.76,1.73,5.61,1344.0,317.0,5.47,1.29,14.34,11534.0,340.0,46.84,1.38,1.79,13089.0,340.0,53.16,1.38,1.58,2124.0,259.0,8.63,1.05,7.4,1427.0,182.0,5.8,0.74,7.76,1014.0,177.0,4.12,0.72,10.62,634.0,138.0,2.57,0.56,13.25,1303.0,266.0,5.29,1.08,12.41,4785.0,460.0,19.43,1.87,5.85,4847.0,350.0,19.69,1.42,4.38,3091.0,298.0,12.55,1.21,5.86,1529.0,224.0,6.21,0.91,8.91,1207.0,231.0,4.9,0.94,11.66,1474.0,204.0,5.99,0.83,8.42,747.0,180.0,3.03,0.73,14.65,424.0,121.0,1.72,0.49,17.32,19540.0,327.0,79.36,1.33,1.02,2654.0,261.0,10.78,1.06,5.98,18981.0,579.0,77.09,2.35,1.85,1117.0,278.0,4.54,1.13,15.13,19.0,59.0,0.08,0.24,182.37,2460.0,396.0,9.99,1.61,9.8,0.0,,0.0,,,1205.0,305.0,4.89,1.24,15.42,850.0,217.0,3.45,0.88,15.51,3702.0,443.0,15.04,1.8,7.28,20920.0,443.0,84.96,1.8,1.29,16745.0,569.0,68.01,2.31,2.06,886.0,231.0,3.6,0.94,15.87,4.0,66.0,0.02,0.27,820.67,2460.0,396.0,9.99,1.61,9.8,0.0,,0.0,,,170.0,101.0,0.69,0.41,36.12,661.0,190.0,2.68,0.77,17.47
23,Sunset Park (West),BK0702,Sunset Park (West),16322.0,,100,,,6074.0,318.0,37.21,1.95,3.19,13458.0,689.0,24.4,1.25,3.11,869.0,188.0,6.46,1.4,13.17,640.0,147.0,4.76,1.09,13.92,5450.0,361.0,40.5,2.68,4.02,2699.0,310.0,20.06,2.3,6.97,3800.0,353.0,28.24,2.62,5.64,37627.0,1588.0,68.23,2.88,2.57,6860.0,542.0,18.23,1.44,4.8,6221.0,519.0,16.53,1.38,5.08,8390.0,595.0,22.3,1.58,4.31,10308.0,602.0,27.4,1.6,3.55,43197.0,1213.0,78.32,2.2,1.71,836.0,168.0,1.94,0.39,12.22,52896.0,684.0,95.91,1.24,0.79,5081.0,503.0,9.61,0.95,6.01,11954.0,689.0,21.68,1.25,3.5,323.0,128.0,2.7,1.07,24.09,36057.0,739.0,65.38,1.34,1.25,2676.0,364.0,7.42,1.01,8.27,4878.0,370.0,8.84,0.67,4.61,2086.0,209.0,42.76,4.29,6.1,54452.0,1423.0,98.73,2.58,1.59,47317.0,773.0,86.9,1.42,0.99,6198.0,751.0,11.38,1.38,7.37,943.0,310.0,1.73,0.57,20.03,55151.0,,100,,,32303.0,965.0,58.57,1.75,1.82,28303.0,932.0,51.32,1.69,2.0,4005.0,447.0,7.26,0.81,6.78,22848.0,1042.0,41.43,1.89,2.77,8288.0,615.0,36.27,2.69,4.51,14560.0,615.0,63.72,2.69,2.57,1203.0,272.0,5.27,1.19,13.73,4759.0,535.0,20.83,2.34,6.83,433.0,190.0,1.9,0.83,26.56,14.0,107.0,0.06,0.47,476.19,16315.0,594.0,71.41,2.6,2.21,132.0,119.0,0.58,0.52,54.5,51653.0,1390.0,93.66,2.52,1.64,14657.0,894.0,28.38,1.73,3.71,21387.0,961.0,41.41,1.86,2.73,29465.0,1043.0,57.04,2.02,2.15,44435.0,1395.0,80.57,2.53,1.91,28700.0,684.0,64.59,1.54,1.45,26419.0,702.0,59.46,1.58,1.62,2287.0,324.0,5.15,0.73,8.62,0.0,,0.0,,,15735.0,684.0,35.41,1.54,2.64,,,7.97,1.11,8.61,25924.0,706.0,47.01,1.28,1.66,2590.0,314.0,9.99,1.21,7.36,1136.0,257.0,4.38,0.99,13.74,17448.0,542.0,67.3,2.09,1.89,3261.0,402.0,12.58,1.55,7.49,786.0,171.0,3.03,0.66,13.24,26421.0,706.0,47.91,1.28,1.62,27.0,106.0,0.1,0.4,243.16,1998.0,333.0,7.56,1.26,10.13,2075.0,301.0,7.85,1.14,8.83,631.0,161.0,2.39,0.61,15.52,2728.0,343.0,10.33,1.3,7.65,1016.0,214.0,3.85,0.81,12.79,1128.0,190.0,4.27,0.72,10.25,1499.0,256.0,5.67,0.97,10.4,3150.0,343.0,11.92,1.3,6.63,5471.0,402.0,20.71,1.52,4.46,4312.0,433.0,16.32,1.64,6.11,2002.0,314.0,7.58,1.19,9.54,378.0,127.0,1.43,0.48,20.41,1369.0,219.0,8.39,1.34,9.71,897.0,170.0,5.5,1.04,11.49,2063.0,260.0,12.64,1.59,7.65,1536.0,219.0,9.41,1.34,8.66,1961.0,246.0,12.01,1.51,7.64,2783.0,281.0,17.05,1.72,6.13,1591.0,214.0,9.75,1.31,8.17,2315.0,260.0,14.18,1.59,6.82,770.0,173.0,4.72,1.06,13.65,1025.0,171.0,6.28,1.05,10.16,13817.0,253.0,84.65,1.55,1.11,3366.0,276.0,20.62,1.69,4.98,1230.0,183.0,7.54,1.12,9.03,1433.0,211.0,8.78,1.29,8.93,539.0,135.0,3.3,0.83,15.29,4425.0,335.0,27.11,2.05,4.6,42013.0,820.0,79.42,1.55,1.19,21946.0,1132.0,41.49,2.14,3.14,23230.0,1021.0,43.92,1.93,2.67,10884.0,820.0,20.58,1.55,4.58,28817.0,612.0,52.25,1.11,1.29,26334.0,612.0,47.75,1.11,1.41,3498.0,392.0,6.34,0.71,6.81,3494.0,358.0,6.34,0.65,6.23,3251.0,342.0,5.89,0.62,6.4,3023.0,358.0,5.48,0.65,7.21,4255.0,441.0,7.72,0.8,6.3,12072.0,734.0,21.89,1.33,3.69,9217.0,574.0,16.71,1.04,3.78,6757.0,491.0,12.25,0.89,4.42,2280.0,276.0,4.13,0.5,7.36,2258.0,320.0,4.09,0.58,8.62,2769.0,325.0,5.02,0.59,7.14,1677.0,232.0,3.04,0.42,8.4,604.0,138.0,1.1,0.25,13.82,43197.0,590.0,78.32,1.07,0.83,5053.0,414.0,9.16,0.75,4.98,21500.0,1230.0,38.98,2.23,3.48,2639.0,458.0,4.79,0.83,10.53,436.0,232.0,0.79,0.42,32.32,6272.0,745.0,11.37,1.35,7.22,17.0,116.0,0.03,0.21,425.53,21663.0,1362.0,39.28,2.47,3.82,2643.0,574.0,4.79,1.04,13.2,35365.0,1015.0,64.12,1.84,1.74,19786.0,1015.0,35.88,1.84,3.12,10680.0,761.0,19.37,1.38,4.33,1874.0,336.0,3.4,0.61,10.91,134.0,127.0,0.24,0.23,58.26,6218.0,739.0,11.27,1.34,7.23,17.0,116.0,0.03,0.21,425.53,166.0,105.0,0.3,0.19,38.5,700.0,188.0,1.27,0.34,16.27
24,Sunset Park (Central),BK0703,Sunset Park (Central),13746.0,,100,,,6657.0,312.0,48.43,2.27,2.85,12588.0,656.0,24.36,1.27,3.17,788.0,175.0,6.26,1.39,13.5,837.0,166.0,6.65,1.32,12.07,5910.0,397.0,46.95,3.15,4.08,2258.0,258.0,17.94,2.05,6.95,2791.0,324.0,22.17,2.57,7.05,33773.0,1023.0,65.37,1.98,1.84,9366.0,628.0,27.73,1.86,4.08,9957.0,702.0,29.48,2.08,4.29,6443.0,534.0,19.08,1.58,5.03,4652.0,395.0,13.77,1.17,5.17,38247.0,1214.0,74.03,2.35,1.93,348.0,96.0,0.91,0.25,16.7,51657.0,672.0,99.98,1.3,0.79,3643.0,413.0,7.05,0.8,6.9,13410.0,723.0,25.95,1.4,3.28,215.0,113.0,1.6,0.84,31.91,34206.0,858.0,66.2,1.66,1.52,1865.0,294.0,5.45,0.86,9.59,4038.0,357.0,7.82,0.69,5.37,1566.0,188.0,38.79,4.65,7.29,50713.0,1659.0,98.15,3.21,1.99,44389.0,908.0,87.53,1.79,1.24,5533.0,867.0,10.91,1.71,9.53,793.0,289.0,1.56,0.57,22.21,51668.0,,100,,,20830.0,832.0,40.32,1.61,2.43,19111.0,785.0,36.99,1.52,2.5,1727.0,289.0,3.34,0.56,10.19,30838.0,811.0,59.69,1.57,1.6,9860.0,611.0,31.97,1.98,3.76,20978.0,611.0,68.03,1.98,1.77,752.0,176.0,2.44,0.57,14.2,19995.0,762.0,64.84,2.47,2.32,184.0,133.0,0.6,0.43,43.57,3.0,83.0,0.01,0.27,1641.34,9858.0,756.0,31.97,2.45,4.66,41.0,71.0,0.13,0.23,107.55,47049.0,1829.0,91.06,3.54,2.36,6101.0,621.0,12.97,1.32,6.19,30132.0,894.0,64.04,1.9,1.8,15879.0,1021.0,33.75,2.17,3.91,39284.0,1256.0,76.03,2.43,1.94,26116.0,577.0,66.48,1.47,1.34,23776.0,609.0,60.52,1.55,1.56,2314.0,326.0,5.89,0.83,8.57,10.0,79.0,0.03,0.2,405.27,13168.0,577.0,33.52,1.47,2.67,,,8.86,1.23,8.56,22743.0,584.0,44.02,1.13,1.56,2079.0,277.0,9.14,1.22,8.11,1737.0,275.0,7.64,1.21,9.63,14436.0,523.0,63.47,2.3,2.2,3790.0,412.0,16.66,1.81,6.6,229.0,80.0,1.01,0.35,21.07,23779.0,584.0,46.02,1.13,1.49,15.0,83.0,0.06,0.35,354.61,2197.0,369.0,9.24,1.55,10.2,1601.0,266.0,6.73,1.12,10.12,856.0,195.0,3.6,0.82,13.85,2646.0,350.0,11.13,1.47,8.03,983.0,188.0,4.13,0.79,11.63,321.0,105.0,1.35,0.44,19.81,688.0,143.0,2.89,0.6,12.62,1773.0,250.0,7.46,1.05,8.56,3679.0,333.0,15.47,1.4,5.5,6980.0,487.0,29.35,2.05,4.25,1779.0,264.0,7.48,1.11,9.02,265.0,95.0,1.11,0.4,21.91,1248.0,184.0,9.08,1.34,8.97,1069.0,191.0,7.78,1.39,10.86,2098.0,241.0,15.26,1.75,6.97,1691.0,220.0,12.3,1.6,7.91,2229.0,236.0,16.22,1.72,6.45,2386.0,250.0,17.36,1.82,6.37,1596.0,214.0,11.61,1.56,8.17,996.0,164.0,7.25,1.19,9.98,313.0,89.0,2.28,0.65,17.33,123.0,67.0,0.89,0.49,33.47,11706.0,227.0,85.16,1.65,1.18,2498.0,224.0,18.17,1.63,5.45,922.0,150.0,6.71,1.09,9.88,1058.0,170.0,7.7,1.24,9.79,482.0,131.0,3.51,0.95,16.45,4523.0,323.0,32.9,2.35,4.34,41418.0,868.0,80.18,1.68,1.27,12188.0,950.0,23.59,1.84,4.74,31254.0,992.0,60.5,1.92,1.93,10239.0,868.0,19.82,1.68,5.15,26535.0,558.0,51.36,1.08,1.28,25132.0,558.0,48.64,1.08,1.35,4618.0,413.0,8.94,0.8,5.44,4345.0,419.0,8.41,0.81,5.85,2973.0,331.0,5.75,0.64,6.77,2527.0,295.0,4.89,0.57,7.09,3454.0,413.0,6.69,0.8,7.27,10331.0,651.0,20.0,1.26,3.83,8010.0,522.0,15.5,1.01,3.96,6665.0,548.0,12.9,1.06,5.0,2490.0,315.0,4.82,0.61,7.69,2243.0,305.0,4.34,0.59,8.26,2476.0,300.0,4.79,0.58,7.36,1144.0,196.0,2.21,0.38,10.45,434.0,119.0,0.84,0.23,16.64,38258.0,605.0,74.05,1.17,0.96,4038.0,398.0,7.82,0.77,5.99,10351.0,997.0,20.03,1.93,5.86,879.0,274.0,1.7,0.53,18.95,243.0,269.0,0.47,0.52,67.26,26864.0,1126.0,51.99,2.18,2.55,17.0,88.0,0.03,0.17,344.48,12170.0,1183.0,23.55,2.29,5.91,1122.0,450.0,2.17,0.87,24.37,18886.0,1152.0,36.55,2.23,3.71,32782.0,1152.0,63.45,2.23,2.14,4648.0,610.0,9.0,1.18,7.97,689.0,253.0,1.33,0.49,22.4,18.0,83.0,0.03,0.16,324.21,26821.0,1121.0,51.91,2.17,2.54,9.0,88.0,0.02,0.17,516.72,134.0,140.0,0.26,0.27,63.13,448.0,181.0,0.87,0.35,24.46
25,Green-Wood Cemetery,BK0771,Green-Wood Cemetery,0.0,,100,,,0.0,,,,,0.0,,,,,0.0,,,,,0.0,,,,,0.0,,,,,0.0,,,,,0.0,,,,,0.0,,,,,0.0,,,,,0.0,,,,,0.0,,,,,0.0,,,,,0.0,,,,,0.0,,,,,0.0,,,,,0.0,,,,,0.0,,,,,0.0,,,,,0.0,,,,,0.0,,,,,0.0,,,,,0.0,,,,,0.0,,,,,0.0,,,,,0.0,,,,,0.0,,,,,0.0,,100,,,0.0,,,,,0.0,,,,,0.0,,,,,0.0,,,,,0.0,,,,,0.0,,,,,0.0,,,,,0.0,,,,,0.0,,,,,0.0,,,,,0.0,,,,,0.0,,,,,0.0,,,,,0.0,,,,,0.0,,,,,0.0,,,,,0.0,,,,,0.0,,,,,0.0,,,,,0.0,,,,,0.0,,,,,0.0,,,,,,,,,,0.0,,,,,0.0,,,,,0.0,,,,,0.0,,,,,0.0,,,,,0.0,,,,,0.0,,,,,0.0,,,,,0.0,,,,,0.0,,,,,0.0,,,,,0.0,,,,,0.0,,,,,0.0,,,,,0.0,,,,,0.0,,,,,0.0,,,,,0.0,,,,,0.0,,,,,0.0,,,,,0.0,,,,,0.0,,,,,0.0,,,,,0.0,,,,,0.0,,,,,0.0,,,,,0.0,,,,,0.0,,,,,0.0,,,,,0.0,,,,,0.0,,,,,0.0,,,,,0.0,,,,,0.0,,,,,0.0,,,,,0.0,,,,,0.0,,,,,0.0,,,,,0.0,,,,,0.0,,,,,0.0,,,,,0.0,,,,,0.0,,,,,0.0,,,,,0.0,,,,,0.0,,,,,0.0,,,,,0.0,,,,,0.0,,,,,0.0,,,,,0.0,,,,,0.0,,,,,0.0,,,,,0.0,,,,,0.0,,,,,0.0,,,,,0.0,,,,,0.0,,,,,0.0,,,,,0.0,,,,,0.0,,,,,0.0,,,,,0.0,,,,,0.0,,,,,0.0,,,,,0.0,,,,,0.0,,,,,0.0,,,,,0.0,,,,,0.0,,,,,0.0,,,,,0.0,,,,,0.0,,,,
26,Prospect Heights,BK0801,Prospect Heights,11313.0,,100,,,2513.0,276.0,22.21,2.44,6.68,3621.0,385.0,17.67,1.88,6.46,460.0,136.0,12.7,3.76,18.0,220.0,81.0,6.08,2.24,22.4,1091.0,175.0,30.13,4.84,9.77,481.0,144.0,13.28,3.98,18.22,1368.0,179.0,37.78,4.94,7.95,16152.0,465.0,78.82,2.27,1.75,606.0,207.0,3.75,1.28,20.75,603.0,197.0,3.73,1.22,19.88,1878.0,329.0,11.63,2.04,10.66,10944.0,507.0,67.76,3.14,2.82,17186.0,715.0,83.86,3.49,2.53,247.0,96.0,1.44,0.56,23.64,20460.0,334.0,99.84,1.63,0.99,1557.0,293.0,7.61,1.43,11.42,3278.0,336.0,16.0,1.64,6.23,76.0,67.0,2.32,2.05,53.72,15075.0,367.0,73.56,1.79,1.48,887.0,223.0,5.88,1.48,15.3,2100.0,281.0,10.25,1.37,8.13,593.0,152.0,28.24,7.22,15.54,20057.0,467.0,97.87,2.28,1.42,17342.0,399.0,86.46,1.99,1.4,2530.0,385.0,12.61,1.92,9.26,181.0,112.0,0.9,0.56,37.83,20493.0,,100,,,15984.0,482.0,78.0,2.35,1.83,15271.0,471.0,74.52,2.3,1.88,712.0,189.0,3.47,0.92,16.12,4509.0,477.0,22.0,2.33,6.43,2659.0,233.0,58.97,5.16,5.32,1850.0,233.0,41.03,5.16,7.65,845.0,170.0,18.74,3.78,12.26,986.0,236.0,21.87,5.24,14.57,133.0,76.0,2.95,1.69,34.83,103.0,74.0,2.28,1.65,43.99,2371.0,260.0,52.58,5.77,6.67,71.0,60.0,1.57,1.32,51.11,18995.0,754.0,92.69,3.68,2.41,14745.0,500.0,77.62,2.63,2.06,1138.0,266.0,5.99,1.4,14.21,1688.0,348.0,8.89,1.83,12.51,17456.0,725.0,85.18,3.54,2.52,13431.0,389.0,76.94,2.23,1.76,12666.0,422.0,72.56,2.42,2.03,751.0,189.0,4.3,1.08,15.27,14.0,72.0,0.08,0.41,311.55,4025.0,389.0,23.06,2.23,5.88,,,5.59,1.4,15.3,12379.0,457.0,60.41,2.23,2.24,897.0,209.0,7.25,1.69,14.17,217.0,141.0,1.75,1.14,39.6,8775.0,337.0,70.88,2.72,2.33,832.0,194.0,6.72,1.57,14.2,990.0,205.0,8.0,1.66,12.61,12668.0,443.0,61.82,2.16,2.13,0.0,,0.0,,,227.0,109.0,1.79,0.86,29.21,199.0,72.0,1.57,0.57,22.07,102.0,65.0,0.81,0.51,38.28,689.0,161.0,5.44,1.27,14.19,375.0,149.0,2.96,1.18,24.23,1469.0,257.0,11.6,2.03,10.64,1113.0,205.0,8.79,1.62,11.2,2757.0,319.0,21.76,2.52,7.04,3138.0,331.0,24.77,2.61,6.41,1208.0,214.0,9.54,1.69,10.77,865.0,210.0,6.83,1.66,14.77,518.0,142.0,4.09,1.12,16.65,611.0,189.0,5.4,1.67,18.8,367.0,137.0,3.24,1.21,22.7,736.0,233.0,6.51,2.06,19.24,699.0,205.0,6.18,1.81,17.8,990.0,238.0,8.75,2.1,14.59,1499.0,259.0,13.25,2.29,10.51,1271.0,251.0,11.23,2.22,12.02,2136.0,283.0,18.88,2.5,8.05,1191.0,214.0,10.53,1.89,10.91,1807.0,267.0,15.97,2.36,8.98,9956.0,259.0,88.0,2.29,1.58,1691.0,255.0,14.95,2.25,9.15,894.0,180.0,7.9,1.59,12.24,363.0,128.0,3.21,1.13,21.4,262.0,131.0,2.32,1.16,30.4,842.0,222.0,7.44,1.96,16.01,18786.0,389.0,91.82,1.9,1.26,15702.0,524.0,76.74,2.56,2.03,4554.0,505.0,22.26,2.47,6.75,1674.0,389.0,8.18,1.9,14.12,9976.0,414.0,48.68,2.02,2.52,10517.0,414.0,51.32,2.02,2.39,1498.0,246.0,7.31,1.2,9.98,836.0,172.0,4.08,0.84,12.52,605.0,174.0,2.95,0.85,17.52,530.0,166.0,2.59,0.81,19.01,878.0,211.0,4.28,1.03,14.63,5341.0,473.0,26.06,2.31,5.39,4285.0,404.0,20.91,1.97,5.73,2237.0,316.0,10.92,1.54,8.57,1042.0,238.0,5.08,1.16,13.88,1137.0,248.0,5.55,1.21,13.25,1505.0,248.0,7.34,1.21,10.02,415.0,146.0,2.03,0.71,21.26,180.0,96.0,0.88,0.47,32.47,17196.0,307.0,83.91,1.5,1.09,2100.0,303.0,10.25,1.48,8.78,11326.0,576.0,55.27,2.81,3.09,5651.0,555.0,27.58,2.71,5.97,37.0,72.0,0.18,0.35,118.2,1504.0,342.0,7.34,1.67,13.83,0.0,,0.0,,,621.0,256.0,3.03,1.25,25.08,1365.0,328.0,6.66,1.6,14.6,2344.0,434.0,11.44,2.12,11.27,18149.0,434.0,88.56,2.12,1.46,10365.0,576.0,50.58,2.81,3.38,5090.0,543.0,24.84,2.65,6.49,37.0,72.0,0.18,0.35,118.2,1499.0,340.0,7.31,1.66,13.8,0.0,,0.0,,,85.0,70.0,0.41,0.34,50.41,1078.0,289.0,5.26,1.41,16.3
27,Crown Heights (North),BK0802,Crown Heights (North),36319.0,,100,,,9461.0,563.0,26.05,1.55,3.62,19320.0,968.0,24.16,1.21,3.05,1390.0,257.0,7.19,1.33,11.24,1120.0,220.0,5.8,1.14,11.95,6229.0,435.0,32.24,2.25,4.24,3788.0,396.0,19.61,2.05,6.35,6792.0,469.0,35.16,2.43,4.2,55712.0,1639.0,69.66,2.05,1.79,3939.0,435.0,7.07,0.78,6.71,5879.0,524.0,10.55,0.94,5.42,15052.0,813.0,27.02,1.46,3.28,18894.0,825.0,33.91,1.48,2.65,64323.0,1983.0,80.43,2.48,1.87,1216.0,238.0,1.89,0.37,11.9,79382.0,1264.0,99.26,1.58,0.97,7671.0,643.0,9.66,0.81,5.1,15615.0,952.0,19.53,1.19,3.71,585.0,189.0,3.75,1.21,19.61,55502.0,1256.0,69.4,1.57,1.38,4278.0,494.0,7.71,0.89,7.02,8244.0,448.0,10.31,0.56,3.3,2793.0,280.0,33.88,3.4,6.1,79114.0,2039.0,98.93,2.55,1.57,70723.0,775.0,89.39,0.98,0.67,7882.0,759.0,9.96,0.96,5.86,510.0,190.0,0.64,0.24,22.8,79974.0,,100,,,53952.0,1144.0,67.46,1.43,1.29,51694.0,1144.0,64.64,1.43,1.34,2238.0,352.0,2.8,0.44,9.55,26021.0,1112.0,32.54,1.39,2.6,14846.0,645.0,57.05,2.48,2.64,11176.0,645.0,42.95,2.48,3.51,1413.0,271.0,5.43,1.04,11.64,2336.0,419.0,8.98,1.61,10.9,1060.0,299.0,4.07,1.15,17.18,29.0,122.0,0.11,0.47,259.74,20867.0,554.0,80.19,2.13,1.61,312.0,172.0,1.2,0.66,33.43,75046.0,2199.0,93.84,2.75,1.78,58794.0,1036.0,78.34,1.38,1.07,5904.0,630.0,7.87,0.84,6.49,7773.0,795.0,10.36,1.06,6.22,66454.0,2015.0,83.09,2.52,1.84,42897.0,890.0,64.55,1.34,1.26,38919.0,917.0,58.56,1.38,1.43,3948.0,459.0,5.94,0.69,7.06,27.0,133.0,0.04,0.2,303.95,23558.0,890.0,35.45,1.34,2.3,,,9.2,1.05,7.07,38059.0,760.0,47.59,0.95,1.21,4702.0,495.0,12.35,1.3,6.4,959.0,236.0,2.52,0.62,14.96,27339.0,639.0,71.83,1.68,1.42,2204.0,335.0,5.79,0.88,9.24,1407.0,263.0,3.7,0.69,11.34,38918.0,824.0,48.66,1.03,1.29,24.0,125.0,0.06,0.32,324.21,1456.0,276.0,3.74,0.71,11.54,822.0,226.0,2.11,0.58,16.71,610.0,179.0,1.57,0.46,17.81,3274.0,362.0,8.41,0.93,6.72,2430.0,346.0,6.24,0.89,8.67,2166.0,311.0,5.57,0.8,8.73,2453.0,374.0,6.3,0.96,9.26,5679.0,494.0,14.59,1.27,5.29,12099.0,669.0,31.09,1.72,3.36,3742.0,432.0,9.62,1.11,7.01,2684.0,370.0,6.9,0.95,8.37,1477.0,253.0,3.8,0.65,10.4,5481.0,494.0,15.09,1.36,5.48,2665.0,370.0,7.34,1.02,8.45,4242.0,450.0,11.68,1.24,6.45,3500.0,410.0,9.64,1.13,7.13,4267.0,439.0,11.75,1.21,6.26,5952.0,490.0,16.39,1.35,5.01,3714.0,425.0,10.23,1.17,6.95,4185.0,450.0,11.52,1.24,6.54,1216.0,261.0,3.35,0.72,13.07,1104.0,240.0,3.04,0.66,13.2,27612.0,534.0,76.03,1.47,1.18,7259.0,465.0,19.99,1.28,3.89,3262.0,345.0,8.98,0.95,6.43,2986.0,349.0,8.22,0.96,7.1,2291.0,327.0,6.31,0.9,8.67,9854.0,581.0,27.13,1.6,3.59,68732.0,826.0,86.58,1.04,0.73,42802.0,1373.0,53.92,1.73,1.95,33434.0,1286.0,42.12,1.62,2.34,10650.0,826.0,13.42,1.04,4.71,36146.0,880.0,45.2,1.1,1.48,43828.0,880.0,54.8,1.1,1.22,4927.0,488.0,6.16,0.61,6.02,4020.0,416.0,5.03,0.52,6.28,3807.0,384.0,4.76,0.48,6.13,4501.0,464.0,5.63,0.58,6.26,7003.0,600.0,8.76,0.75,5.2,17822.0,904.0,22.28,1.13,3.08,11317.0,712.0,14.15,0.89,3.82,9767.0,688.0,12.21,0.86,4.28,4614.0,464.0,5.77,0.58,6.11,3496.0,384.0,4.37,0.48,6.68,4735.0,416.0,5.92,0.52,5.34,2546.0,320.0,3.18,0.4,7.65,1403.0,248.0,1.75,0.31,10.77,64352.0,784.0,80.47,0.98,0.74,8690.0,536.0,10.87,0.67,3.75,14703.0,952.0,18.38,1.19,3.94,54315.0,1264.0,67.92,1.58,1.41,228.0,192.0,0.29,0.24,50.31,2732.0,520.0,3.42,0.65,11.55,0.0,,0.0,,,5699.0,776.0,7.13,0.97,8.27,2306.0,472.0,2.88,0.59,12.45,10088.0,936.0,12.61,1.17,5.64,69885.0,936.0,87.39,1.17,0.81,13515.0,928.0,16.9,1.16,4.17,51392.0,1240.0,64.26,1.55,1.47,153.0,176.0,0.19,0.22,70.39,2654.0,512.0,3.32,0.64,11.72,0.0,,0.0,,,507.0,264.0,0.63,0.33,31.84,1668.0,400.0,2.09,0.5,14.54
28,Lincoln Terrace Park,BK0891,Lincoln Terrace Park,0.0,,100,,,0.0,,,,,0.0,,,,,0.0,,,,,0.0,,,,,0.0,,,,,0.0,,,,,0.0,,,,,0.0,,,,,0.0,,,,,0.0,,,,,0.0,,,,,0.0,,,,,0.0,,,,,0.0,,,,,0.0,,,,,0.0,,,,,0.0,,,,,0.0,,,,,0.0,,,,,0.0,,,,,0.0,,,,,0.0,,,,,0.0,,,,,0.0,,,,,0.0,,,,,0.0,,,,,0.0,,100,,,0.0,,,,,0.0,,,,,0.0,,,,,0.0,,,,,0.0,,,,,0.0,,,,,0.0,,,,,0.0,,,,,0.0,,,,,0.0,,,,,0.0,,,,,0.0,,,,,0.0,,,,,0.0,,,,,0.0,,,,,0.0,,,,,0.0,,,,,0.0,,,,,0.0,,,,,0.0,,,,,0.0,,,,,0.0,,,,,,,,,,0.0,,,,,0.0,,,,,0.0,,,,,0.0,,,,,0.0,,,,,0.0,,,,,0.0,,,,,0.0,,,,,0.0,,,,,0.0,,,,,0.0,,,,,0.0,,,,,0.0,,,,,0.0,,,,,0.0,,,,,0.0,,,,,0.0,,,,,0.0,,,,,0.0,,,,,0.0,,,,,0.0,,,,,0.0,,,,,0.0,,,,,0.0,,,,,0.0,,,,,0.0,,,,,0.0,,,,,0.0,,,,,0.0,,,,,0.0,,,,,0.0,,,,,0.0,,,,,0.0,,,,,0.0,,,,,0.0,,,,,0.0,,,,,0.0,,,,,0.0,,,,,0.0,,,,,0.0,,,,,0.0,,,,,0.0,,,,,0.0,,,,,0.0,,,,,0.0,,,,,0.0,,,,,0.0,,,,,0.0,,,,,0.0,,,,,0.0,,,,,0.0,,,,,0.0,,,,,0.0,,,,,0.0,,,,,0.0,,,,,0.0,,,,,0.0,,,,,0.0,,,,,0.0,,,,,0.0,,,,,0.0,,,,,0.0,,,,,0.0,,,,,0.0,,,,,0.0,,,,,0.0,,,,,0.0,,,,,0.0,,,,,0.0,,,,,0.0,,,,,0.0,,,,,0.0,,,,,0.0,,,,
29,Crown Heights (South),BK0901,Crown Heights (South),18906.0,,100,,,6296.0,378.0,33.3,2.0,3.65,14776.0,920.0,28.42,1.77,3.78,945.0,199.0,6.4,1.35,12.82,610.0,151.0,4.13,1.02,15.01,5137.0,408.0,34.77,2.76,4.83,3031.0,350.0,20.51,2.37,7.02,5050.0,424.0,34.18,2.87,5.1,33567.0,1081.0,64.56,2.08,1.96,1917.0,342.0,5.71,1.02,10.86,3315.0,389.0,9.88,1.16,7.14,9226.0,624.0,27.49,1.86,4.11,9945.0,631.0,29.63,1.88,3.86,39357.0,1419.0,75.7,2.73,2.19,776.0,193.0,1.97,0.49,15.12,51956.0,359.0,99.93,0.69,0.42,4356.0,447.0,8.38,0.86,6.24,12606.0,853.0,24.25,1.64,4.11,368.0,141.0,2.92,1.12,23.32,33616.0,946.0,64.65,1.82,1.71,2315.0,360.0,6.89,1.07,9.44,5723.0,343.0,11.01,0.66,3.64,1669.0,215.0,29.16,3.76,7.84,51131.0,1336.0,98.34,2.57,1.59,46869.0,557.0,91.67,1.09,0.72,3732.0,511.0,7.3,1.0,8.33,534.0,240.0,1.04,0.47,27.47,51993.0,,100,,,32286.0,1014.0,62.1,1.95,1.91,30759.0,1009.0,59.16,1.94,1.99,1527.0,312.0,2.94,0.6,12.41,19707.0,988.0,37.9,1.9,3.05,12159.0,566.0,61.7,2.87,2.83,7548.0,566.0,38.3,2.87,4.56,1718.0,302.0,8.72,1.53,10.67,1191.0,266.0,6.04,1.35,13.59,1227.0,384.0,6.23,1.95,19.03,32.0,81.0,0.16,0.41,155.78,15380.0,544.0,78.04,2.76,2.15,161.0,97.0,0.82,0.49,36.33,48129.0,1336.0,92.57,2.57,1.69,32790.0,1170.0,68.13,2.43,2.17,5358.0,679.0,11.13,1.41,7.7,3585.0,529.0,7.45,1.1,8.98,40848.0,1497.0,78.56,2.88,2.23,26634.0,682.0,65.2,1.67,1.56,23457.0,694.0,57.42,1.7,1.8,3156.0,425.0,7.73,1.04,8.18,17.0,90.0,0.04,0.22,334.35,14214.0,682.0,34.8,1.67,2.92,,,11.85,1.57,8.19,22829.0,603.0,43.91,1.16,1.61,2934.0,377.0,12.85,1.65,7.81,590.0,160.0,2.58,0.7,16.49,15175.0,505.0,66.47,2.21,2.02,2711.0,347.0,11.88,1.52,7.78,1045.0,237.0,4.58,1.04,13.8,23450.0,702.0,45.1,1.35,1.82,0.0,,0.0,,,746.0,188.0,3.18,0.8,15.29,554.0,148.0,2.36,0.63,16.23,432.0,134.0,1.84,0.57,18.83,2059.0,338.0,8.78,1.44,9.97,1667.0,310.0,7.11,1.32,11.29,946.0,197.0,4.03,0.84,12.67,1657.0,295.0,7.07,1.26,10.83,2757.0,342.0,11.76,1.46,7.55,8153.0,523.0,34.77,2.23,3.9,1820.0,274.0,7.76,1.17,9.17,1501.0,253.0,6.4,1.08,10.26,1151.0,312.0,4.91,1.33,16.47,1740.0,253.0,9.2,1.34,8.85,1498.0,238.0,7.92,1.26,9.67,2378.0,299.0,12.58,1.58,7.64,1953.0,272.0,10.33,1.44,8.47,2937.0,357.0,15.53,1.89,7.4,3558.0,378.0,18.82,2.0,6.46,2099.0,297.0,11.1,1.57,8.6,1781.0,250.0,9.42,1.32,8.52,523.0,146.0,2.77,0.77,16.9,435.0,127.0,2.3,0.67,17.71,15368.0,321.0,81.29,1.7,1.27,4681.0,325.0,24.76,1.72,4.22,2203.0,259.0,11.65,1.37,7.15,1382.0,229.0,7.31,1.21,10.06,921.0,176.0,4.87,0.93,11.61,4320.0,352.0,22.85,1.86,4.95,45488.0,665.0,87.55,1.28,0.89,27729.0,1294.0,53.37,2.49,2.84,22788.0,1159.0,43.86,2.23,3.09,6468.0,665.0,12.45,1.28,6.25,23867.0,681.0,45.9,1.31,1.73,28126.0,681.0,54.1,1.31,1.47,3864.0,411.0,7.43,0.79,6.46,3326.0,395.0,6.4,0.76,7.22,3280.0,395.0,6.31,0.76,7.32,3312.0,395.0,6.37,0.76,7.25,4654.0,515.0,8.95,0.99,6.72,9866.0,660.0,18.98,1.27,4.07,5984.0,504.0,11.51,0.97,5.12,6172.0,530.0,11.87,1.02,5.22,2997.0,385.0,5.76,0.74,7.81,2822.0,374.0,5.43,0.72,8.06,3276.0,364.0,6.3,0.7,6.75,1699.0,244.0,3.27,0.47,8.74,751.0,187.0,1.44,0.36,15.2,39376.0,686.0,75.73,1.32,1.06,5723.0,411.0,11.01,0.79,4.36,14610.0,889.0,28.1,1.71,3.7,33589.0,983.0,64.6,1.89,1.78,169.0,213.0,0.33,0.41,75.53,704.0,291.0,1.35,0.56,25.22,0.0,,0.0,,,1819.0,510.0,3.5,0.98,17.02,1101.0,354.0,2.12,0.68,19.5,4742.0,655.0,9.12,1.26,8.4,47252.0,655.0,90.88,1.26,0.84,13565.0,847.0,26.09,1.63,3.8,31641.0,1003.0,60.86,1.93,1.93,155.0,213.0,0.3,0.41,83.08,684.0,291.0,1.32,0.56,25.79,0.0,,0.0,,,351.0,333.0,0.68,0.64,57.21,836.0,312.0,1.61,0.6,22.65
30,Prospect Lefferts Gardens-Wingate,BK0902,Prospect Lefferts Gardens-Wingate,19296.0,,100,,,5372.0,382.0,27.84,1.98,4.32,11796.0,806.0,24.44,1.67,4.15,762.0,202.0,6.46,1.71,16.09,810.0,208.0,6.87,1.76,15.57,4190.0,401.0,35.52,3.4,5.82,1942.0,288.0,16.46,2.44,9.01,4090.0,388.0,34.67,3.29,5.77,33608.0,1163.0,69.64,2.41,2.1,2377.0,437.0,7.07,1.3,11.18,3057.0,430.0,9.1,1.28,8.55,9244.0,679.0,27.51,2.02,4.46,10177.0,665.0,30.28,1.98,3.98,38118.0,1149.0,78.98,2.38,1.83,844.0,217.0,2.21,0.57,15.68,47658.0,183.0,98.75,0.38,0.23,3607.0,453.0,7.57,0.95,7.63,10105.0,820.0,20.94,1.7,4.93,209.0,134.0,2.07,1.33,39.06,30987.0,859.0,64.21,1.78,1.69,1610.0,276.0,5.2,0.89,10.4,6568.0,473.0,13.61,0.98,4.38,1781.0,253.0,27.12,3.85,8.63,47477.0,1404.0,98.38,2.91,1.8,42896.0,598.0,90.35,1.26,0.85,4254.0,579.0,8.96,1.22,8.28,324.0,152.0,0.68,0.32,28.61,48260.0,,100,,,28171.0,946.0,58.37,1.96,2.04,27231.0,912.0,56.43,1.89,2.04,941.0,251.0,1.95,0.52,16.21,20089.0,878.0,41.63,1.82,2.66,12047.0,677.0,59.97,3.37,3.42,8042.0,677.0,40.03,3.37,5.12,1073.0,243.0,5.34,1.21,13.77,1424.0,309.0,7.09,1.54,13.2,571.0,227.0,2.84,1.13,24.19,26.0,104.0,0.13,0.52,243.16,16841.0,440.0,83.83,2.19,1.59,157.0,104.0,0.78,0.52,40.53,44951.0,1679.0,93.14,3.48,2.27,31372.0,1200.0,69.79,2.67,2.33,5254.0,706.0,11.69,1.57,8.16,4129.0,733.0,9.19,1.63,10.78,39045.0,1221.0,80.91,2.53,1.9,25278.0,679.0,64.74,1.74,1.63,22569.0,679.0,57.8,1.74,1.83,2707.0,390.0,6.93,1.0,8.77,0.0,,0.0,,,13768.0,679.0,35.26,1.74,3.0,,,10.71,1.52,8.76,22158.0,608.0,45.91,1.26,1.67,3148.0,397.0,14.21,1.79,7.66,723.0,248.0,3.26,1.12,20.89,15566.0,527.0,70.25,2.38,2.06,1329.0,237.0,6.0,1.07,10.84,900.0,215.0,4.06,0.97,14.52,22565.0,589.0,46.76,1.22,1.59,0.0,,0.0,,,817.0,223.0,3.62,0.99,16.62,735.0,221.0,3.26,0.98,18.27,330.0,144.0,1.46,0.64,26.65,1971.0,334.0,8.73,1.48,10.31,1306.0,271.0,5.79,1.2,12.6,1047.0,223.0,4.64,0.99,12.97,1515.0,278.0,6.71,1.23,11.14,2350.0,377.0,10.41,1.67,9.75,7947.0,517.0,35.22,2.29,3.95,2220.0,336.0,9.84,1.49,9.21,1244.0,239.0,5.51,1.06,11.69,1093.0,228.0,4.84,1.01,12.69,1998.0,293.0,10.35,1.52,8.93,1160.0,224.0,6.01,1.16,11.73,2097.0,315.0,10.87,1.63,9.12,2340.0,332.0,12.13,1.72,8.62,2505.0,330.0,12.98,1.71,8.01,3443.0,386.0,17.84,2.0,6.82,2303.0,338.0,11.94,1.75,8.91,1966.0,293.0,10.19,1.52,9.07,786.0,212.0,4.07,1.1,16.43,696.0,179.0,3.61,0.93,15.66,15432.0,357.0,79.98,1.85,1.41,5021.0,396.0,26.02,2.05,4.79,2261.0,278.0,11.72,1.44,7.47,1334.0,237.0,6.91,1.23,10.82,799.0,203.0,4.14,1.05,15.42,3828.0,407.0,19.84,2.11,6.47,42223.0,667.0,88.6,1.4,0.96,25141.0,1268.0,52.75,2.66,3.07,20043.0,1230.0,42.06,2.58,3.73,5435.0,667.0,11.4,1.4,7.47,21719.0,734.0,45.0,1.52,2.05,26541.0,734.0,55.0,1.52,1.68,3309.0,425.0,6.86,0.88,7.8,2573.0,323.0,5.33,0.67,7.64,2773.0,381.0,5.75,0.79,8.35,2430.0,328.0,5.04,0.68,8.2,3567.0,454.0,7.39,0.94,7.73,8645.0,709.0,17.91,1.47,4.99,6729.0,541.0,13.94,1.12,4.88,5629.0,521.0,11.66,1.08,5.63,3042.0,430.0,6.3,0.89,8.59,2749.0,362.0,5.7,0.75,8.0,3897.0,415.0,8.07,0.86,6.48,2005.0,304.0,4.15,0.63,9.23,906.0,198.0,1.88,0.41,13.26,38118.0,671.0,78.98,1.39,1.07,6805.0,516.0,14.1,1.07,4.61,10237.0,907.0,21.21,1.88,5.39,32988.0,1091.0,68.35,2.26,2.01,31.0,111.0,0.06,0.23,233.03,1259.0,304.0,2.61,0.63,14.67,84.0,159.0,0.17,0.33,118.0,2547.0,748.0,5.28,1.55,17.85,1103.0,362.0,2.29,0.75,19.91,4998.0,796.0,10.36,1.65,9.68,43262.0,796.0,89.64,1.65,1.12,9132.0,787.0,18.92,1.63,5.24,31615.0,1110.0,65.51,2.3,2.13,31.0,111.0,0.06,0.23,233.03,1237.0,294.0,2.56,0.61,14.49,84.0,159.0,0.17,0.33,118.0,284.0,179.0,0.59,0.37,38.12,871.0,314.0,1.8,0.65,21.95
31,Bay Ridge,BK1001,Bay Ridge,37378.0,,100,,,9566.0,475.0,25.59,1.27,3.02,17803.0,844.0,21.93,1.04,2.88,1373.0,215.0,7.71,1.21,9.54,978.0,182.0,5.49,1.02,11.29,6329.0,388.0,35.55,2.18,3.73,2967.0,299.0,16.67,1.68,6.13,6155.0,422.0,34.57,2.37,4.17,59829.0,1616.0,73.69,1.99,1.64,4204.0,473.0,7.03,0.79,6.83,4034.0,425.0,6.74,0.71,6.4,11606.0,622.0,19.4,1.04,3.26,27631.0,802.0,46.18,1.34,1.76,65791.0,1794.0,81.04,2.21,1.66,2331.0,257.0,3.54,0.39,6.7,80947.0,414.0,99.7,0.51,0.31,8250.0,567.0,10.19,0.7,4.18,15325.0,828.0,18.88,1.02,3.28,344.0,153.0,2.24,1.0,27.14,52909.0,1023.0,65.17,1.26,1.18,3392.0,360.0,6.41,0.68,6.45,12716.0,528.0,15.66,0.65,2.52,4507.0,318.0,35.44,2.5,4.29,80031.0,1494.0,98.58,1.84,1.13,72295.0,776.0,90.33,0.97,0.65,6704.0,680.0,8.38,0.85,6.17,1044.0,368.0,1.3,0.46,21.51,81187.0,,100,,,52723.0,990.0,64.94,1.22,1.14,50238.0,1007.0,61.88,1.24,1.22,2493.0,357.0,3.07,0.44,8.71,28464.0,1064.0,35.06,1.31,2.27,17950.0,672.0,63.06,2.36,2.28,10514.0,672.0,36.94,2.36,3.88,8519.0,592.0,29.93,2.08,4.22,12293.0,709.0,43.19,2.49,3.5,2995.0,498.0,10.52,1.75,10.11,76.0,145.0,0.27,0.51,114.83,4368.0,606.0,15.35,2.13,8.44,211.0,157.0,0.74,0.55,45.18,75934.0,1851.0,93.53,2.28,1.48,37179.0,1230.0,48.96,1.62,2.01,16214.0,858.0,21.35,1.13,3.22,9281.0,926.0,12.22,1.22,6.07,67331.0,1835.0,82.93,2.26,1.66,43288.0,788.0,64.29,1.17,1.11,39952.0,795.0,59.34,1.18,1.21,3275.0,350.0,4.86,0.52,6.5,57.0,148.0,0.08,0.22,167.17,24042.0,788.0,35.71,1.17,1.99,,,7.57,0.8,6.5,39004.0,690.0,48.04,0.85,1.08,9158.0,507.0,23.48,1.3,3.37,2034.0,300.0,5.21,0.77,8.98,22224.0,644.0,56.98,1.65,1.76,3524.0,410.0,9.03,1.05,7.07,1612.0,261.0,4.13,0.67,9.86,39954.0,698.0,49.21,0.86,1.06,22.0,148.0,0.06,0.37,374.87,1912.0,268.0,4.79,0.67,8.5,1535.0,248.0,3.84,0.62,9.82,853.0,172.0,2.13,0.43,12.27,3604.0,364.0,9.02,0.91,6.13,2019.0,260.0,5.05,0.65,7.82,1477.0,216.0,3.7,0.54,8.87,4590.0,372.0,11.49,0.93,4.92,5303.0,412.0,13.27,1.03,4.72,10476.0,555.0,26.22,1.39,3.22,3760.0,420.0,9.41,1.05,6.78,2046.0,304.0,5.12,0.76,9.02,2357.0,280.0,5.9,0.7,7.21,2581.0,314.0,6.91,0.84,7.39,1754.0,247.0,4.69,0.66,8.55,3628.0,363.0,9.71,0.97,6.07,3337.0,355.0,8.93,0.95,6.47,3965.0,381.0,10.61,1.02,5.84,6208.0,430.0,16.61,1.15,4.21,4581.0,370.0,12.26,0.99,4.91,5426.0,404.0,14.52,1.08,4.52,2771.0,288.0,7.41,0.77,6.32,3129.0,303.0,8.37,0.81,5.88,29312.0,467.0,78.42,1.25,0.97,10104.0,463.0,27.03,1.24,2.79,5572.0,378.0,14.91,1.01,4.12,2024.0,265.0,5.41,0.71,7.98,1343.0,243.0,3.59,0.65,11.01,4674.0,400.0,12.5,1.07,5.2,73799.0,737.0,91.17,0.91,0.61,51889.0,1271.0,64.1,1.57,1.49,29644.0,1198.0,36.62,1.48,2.46,7148.0,737.0,8.83,0.91,6.26,38853.0,682.0,47.86,0.84,1.07,42333.0,682.0,52.14,0.84,0.98,5252.0,447.0,6.47,0.55,5.17,4531.0,373.0,5.58,0.46,5.01,3481.0,357.0,4.29,0.44,6.23,3627.0,406.0,4.47,0.5,6.8,4457.0,406.0,5.49,0.5,5.54,14093.0,771.0,17.36,0.95,3.33,11143.0,568.0,13.73,0.7,3.1,11848.0,601.0,14.59,0.74,3.08,5059.0,390.0,6.23,0.48,4.68,4865.0,414.0,5.99,0.51,5.18,7249.0,487.0,8.93,0.6,4.08,3899.0,365.0,4.8,0.45,5.7,1670.0,227.0,2.06,0.28,8.26,65851.0,674.0,81.11,0.83,0.62,12829.0,633.0,15.8,0.78,3.0,58306.0,1331.0,71.82,1.64,1.39,1726.0,390.0,2.13,0.48,13.7,371.0,252.0,0.46,0.31,40.97,12171.0,917.0,14.99,1.13,4.58,20.0,154.0,0.02,0.19,577.51,6063.0,1031.0,7.47,1.27,10.34,2527.0,528.0,3.11,0.65,12.71,14396.0,1202.0,17.73,1.48,5.07,66791.0,1202.0,82.27,1.48,1.09,51407.0,1340.0,63.32,1.65,1.58,1511.0,382.0,1.86,0.47,15.36,184.0,187.0,0.23,0.23,60.79,12117.0,917.0,14.92,1.13,4.6,20.0,154.0,0.02,0.19,577.51,165.0,179.0,0.2,0.22,66.87,1400.0,325.0,1.72,0.4,14.14
32,Dyker Heights,BK1002,Dyker Heights,14784.0,,100,,,5528.0,299.0,37.39,2.02,3.28,10697.0,552.0,24.04,1.24,3.14,703.0,145.0,6.57,1.36,12.58,596.0,132.0,5.57,1.23,13.42,4118.0,317.0,38.5,2.96,4.67,2350.0,243.0,21.97,2.27,6.28,2930.0,290.0,27.39,2.71,6.01,31116.0,1095.0,69.93,2.46,2.14,4844.0,405.0,15.57,1.3,5.08,4443.0,492.0,14.28,1.58,6.73,8651.0,532.0,27.8,1.71,3.74,7897.0,439.0,25.38,1.41,3.38,34575.0,1121.0,77.7,2.52,1.97,981.0,159.0,2.84,0.46,9.85,44488.0,307.0,99.98,0.69,0.42,4298.0,369.0,9.66,0.83,5.22,9913.0,596.0,22.28,1.34,3.65,298.0,105.0,3.01,1.06,21.41,28114.0,547.0,63.18,1.23,1.18,1662.0,228.0,5.91,0.81,8.33,6459.0,374.0,14.52,0.84,3.52,2328.0,203.0,36.05,3.14,5.29,44018.0,1642.0,98.92,3.69,2.27,39979.0,651.0,90.82,1.48,0.99,3702.0,647.0,8.41,1.47,10.63,337.0,132.0,0.77,0.3,23.68,44496.0,,100,,,23051.0,721.0,51.8,1.62,1.9,22050.0,716.0,49.55,1.61,1.98,1023.0,205.0,2.3,0.46,12.16,21446.0,810.0,48.2,1.82,2.3,10829.0,620.0,50.49,2.89,3.48,10617.0,620.0,49.51,2.89,3.55,4159.0,433.0,19.39,2.02,6.33,14201.0,558.0,66.22,2.6,2.39,856.0,283.0,3.99,1.32,20.11,37.0,116.0,0.17,0.54,193.1,2090.0,420.0,9.75,1.96,12.22,98.0,116.0,0.46,0.54,71.36,41721.0,1611.0,93.76,3.62,2.35,13511.0,730.0,32.38,1.75,3.29,17011.0,751.0,40.77,1.8,2.68,3338.0,613.0,8.0,1.47,11.17,35777.0,1295.0,80.4,2.91,2.2,21827.0,494.0,61.01,1.38,1.38,19981.0,494.0,55.85,1.38,1.5,1840.0,247.0,5.14,0.69,8.16,8.0,122.0,0.02,0.34,1033.43,13950.0,494.0,38.99,1.38,2.15,,,8.43,1.12,8.16,19345.0,498.0,43.48,1.12,1.56,5385.0,389.0,27.84,2.01,4.39,1666.0,248.0,8.61,1.28,9.04,9703.0,462.0,50.16,2.39,2.9,1876.0,292.0,9.7,1.51,9.46,316.0,103.0,1.63,0.53,19.77,19983.0,485.0,44.91,1.09,1.48,11.0,114.0,0.06,0.57,577.51,1385.0,210.0,6.93,1.05,9.21,1200.0,222.0,6.01,1.11,11.23,493.0,130.0,2.47,0.65,16.0,2186.0,308.0,10.94,1.54,8.56,1303.0,198.0,6.52,0.99,9.23,360.0,90.0,1.8,0.45,15.2,1942.0,232.0,9.72,1.16,7.25,1704.0,218.0,8.53,1.09,7.77,4393.0,346.0,21.98,1.73,4.78,3220.0,384.0,16.11,1.92,7.25,1300.0,220.0,6.51,1.1,10.27,494.0,108.0,2.47,0.54,13.29,1096.0,177.0,7.41,1.2,9.84,846.0,157.0,5.72,1.06,11.27,1853.0,241.0,12.53,1.63,7.91,1319.0,186.0,8.92,1.26,8.59,1569.0,216.0,10.61,1.46,8.37,2695.0,282.0,18.23,1.91,6.37,1588.0,207.0,10.74,1.4,7.92,2090.0,217.0,14.14,1.47,6.32,839.0,132.0,5.68,0.89,9.53,894.0,139.0,6.05,0.94,9.45,11753.0,242.0,79.5,1.64,1.25,4327.0,259.0,29.27,1.75,3.63,2106.0,200.0,14.25,1.35,5.76,840.0,151.0,5.68,1.02,10.92,455.0,136.0,3.08,0.92,18.16,2726.0,265.0,18.44,1.79,5.9,40178.0,529.0,90.31,1.19,0.8,21834.0,921.0,49.08,2.07,2.56,22069.0,921.0,49.61,2.07,2.54,4310.0,529.0,9.69,1.19,7.47,21495.0,436.0,48.31,0.98,1.23,23002.0,436.0,51.69,0.98,1.15,2776.0,347.0,6.24,0.78,7.6,2768.0,289.0,6.22,0.65,6.35,2631.0,285.0,5.91,0.64,6.58,2589.0,276.0,5.82,0.62,6.48,2619.0,316.0,5.89,0.71,7.33,6383.0,494.0,14.34,1.11,4.71,6575.0,454.0,14.78,1.02,4.2,6184.0,445.0,13.9,1.0,4.37,3003.0,298.0,6.75,0.67,6.03,2512.0,289.0,5.65,0.65,6.99,3285.0,311.0,7.38,0.7,5.77,1999.0,249.0,4.49,0.56,7.58,1180.0,200.0,2.65,0.45,10.32,34584.0,503.0,77.72,1.13,0.88,6459.0,432.0,14.52,0.97,4.06,22148.0,877.0,49.77,1.97,2.41,397.0,169.0,0.89,0.38,25.96,136.0,160.0,0.31,0.36,70.6,19009.0,912.0,42.72,2.05,2.92,6.0,120.0,0.01,0.27,1641.34,2320.0,614.0,5.21,1.38,16.1,469.0,231.0,1.05,0.52,30.11,4954.0,770.0,11.13,1.73,9.45,39543.0,770.0,88.87,1.73,1.18,19824.0,859.0,44.55,1.93,2.63,300.0,147.0,0.67,0.33,29.94,89.0,156.0,0.2,0.35,106.38,18959.0,912.0,42.61,2.05,2.92,6.0,120.0,0.01,0.27,1641.34,65.0,129.0,0.15,0.29,117.53,288.0,187.0,0.65,0.42,39.28
33,Fort Hamilton,BK1061,Fort Hamilton,522.0,,100,,,387.0,94.0,74.14,18.1,14.84,188.0,55.0,29.71,8.71,17.78,20.0,18.0,10.64,9.4,53.71,20.0,22.0,10.64,11.5,65.7,79.0,23.0,42.04,12.5,18.08,30.0,27.0,15.96,14.6,55.61,39.0,24.0,20.75,12.9,37.79,265.0,17.0,41.88,2.68,3.9,10.0,12.0,3.78,4.6,73.98,0.0,,0.0,,,33.0,31.0,12.48,11.8,57.48,186.0,33.0,70.32,12.5,10.81,289.0,9.0,45.67,1.38,1.89,39.0,32.0,13.49,11.1,50.02,570.0,81.0,90.08,12.81,8.64,16.0,15.0,2.81,2.7,58.41,282.0,74.0,44.56,11.72,15.95,0.0,,0.0,,,280.0,18.0,44.25,2.8,3.91,7.0,10.0,2.5,3.4,82.67,9.0,12.0,1.42,1.83,81.05,9.0,8.0,101.59,95.0,56.85,594.0,275.0,93.87,43.4,28.14,270.0,112.0,45.49,18.9,25.26,315.0,110.0,53.07,18.6,21.31,8.0,11.0,1.35,1.8,81.05,633.0,,100,,,512.0,76.0,80.91,12.0,9.02,512.0,76.0,80.91,12.0,9.02,0.0,,0.0,,,121.0,60.0,19.12,9.45,30.14,55.0,35.0,45.51,28.6,38.2,66.0,35.0,54.61,28.6,31.84,34.0,30.0,28.13,24.5,52.95,53.0,34.0,43.85,28.4,39.37,9.0,13.0,7.45,11.0,89.76,0.0,,0.0,,,25.0,24.0,20.68,20.2,59.38,0.0,,0.0,,,504.0,50.0,79.65,7.98,6.03,412.0,69.0,81.69,13.7,10.19,61.0,56.0,12.1,11.1,55.77,24.0,23.0,4.76,4.6,58.75,377.0,171.0,59.58,27.03,27.57,256.0,32.0,67.99,8.5,7.6,194.0,45.0,51.53,12.0,14.16,0.0,,0.0,,,62.0,29.0,16.47,7.7,28.42,121.0,32.0,32.14,8.5,16.08,,,0.0,,,254.0,35.0,40.14,5.5,8.38,111.0,45.0,43.64,17.8,24.8,59.0,39.0,23.19,15.5,40.63,33.0,23.0,12.97,8.9,41.71,27.0,22.0,10.61,8.5,48.7,25.0,30.0,9.83,11.9,73.59,194.0,60.0,30.66,9.53,18.8,0.0,,0.0,,,0.0,,0.0,,,0.0,,0.0,,,0.0,,0.0,,,35.0,30.0,18.08,15.6,52.45,0.0,,0.0,,,0.0,,0.0,,,0.0,,0.0,,,7.0,10.0,3.62,5.0,83.96,60.0,43.0,30.99,22.3,43.74,28.0,28.0,14.46,14.6,61.38,20.0,29.0,10.33,15.2,89.45,44.0,32.0,22.72,16.3,43.61,0.0,,0.0,,,0.0,,0.0,,,56.0,87.0,10.73,16.6,94.05,17.0,27.0,3.26,5.1,95.1,40.0,40.0,7.66,7.7,61.11,104.0,74.0,19.92,14.2,43.33,99.0,90.0,18.97,17.3,55.44,141.0,101.0,27.01,19.4,43.66,48.0,43.0,9.2,8.3,54.84,17.0,28.0,3.26,5.3,98.83,522.0,78.0,100.0,14.9,9.06,22.0,30.0,4.21,5.7,82.31,22.0,30.0,4.21,5.7,82.31,20.0,27.0,3.83,5.1,80.95,0.0,,0.0,,,102.0,96.0,19.54,18.3,56.93,528.0,36.0,92.61,6.4,4.2,454.0,124.0,79.63,21.7,16.57,89.0,93.0,15.61,16.3,63.48,42.0,36.0,7.37,6.4,52.79,354.0,34.0,55.94,5.4,5.87,278.0,34.0,43.93,5.4,7.47,128.0,73.0,20.23,11.5,34.56,78.0,37.0,12.33,5.8,28.6,27.0,26.0,4.27,4.1,58.37,54.0,57.0,8.53,9.0,64.14,81.0,65.0,12.8,10.2,48.44,65.0,44.0,10.27,6.9,40.84,124.0,64.0,19.6,10.1,31.33,47.0,28.0,7.43,4.5,36.82,7.0,9.0,1.11,1.5,82.15,13.0,13.0,2.05,2.1,62.27,0.0,,0.0,,,9.0,12.0,1.42,1.9,81.34,0.0,,0.0,,,351.0,39.0,55.47,6.1,6.69,9.0,12.0,1.42,1.9,81.34,482.0,101.0,76.17,16.0,12.77,67.0,58.0,10.59,9.1,52.24,0.0,,0.0,,,29.0,44.0,4.58,6.9,91.58,0.0,,0.0,,,7.0,11.0,1.11,1.7,93.1,48.0,43.0,7.59,6.8,54.46,44.0,42.0,6.95,6.6,57.73,589.0,42.0,93.08,6.6,4.31,445.0,116.0,70.32,18.3,15.82,67.0,58.0,10.59,9.1,52.24,0.0,,0.0,,,29.0,44.0,4.58,6.9,91.58,0.0,,0.0,,,0.0,,0.0,,,48.0,43.0,7.59,6.8,54.46
34,Dyker Beach Park,BK1091,Dyker Beach Park,0.0,,100,,,0.0,,,,,0.0,,,,,0.0,,,,,0.0,,,,,0.0,,,,,0.0,,,,,0.0,,,,,0.0,,,,,0.0,,,,,0.0,,,,,0.0,,,,,0.0,,,,,0.0,,,,,0.0,,,,,0.0,,,,,0.0,,,,,0.0,,,,,0.0,,,,,0.0,,,,,0.0,,,,,0.0,,,,,0.0,,,,,0.0,,,,,0.0,,,,,0.0,,,,,0.0,,,,,0.0,,100,,,0.0,,,,,0.0,,,,,0.0,,,,,0.0,,,,,0.0,,,,,0.0,,,,,0.0,,,,,0.0,,,,,0.0,,,,,0.0,,,,,0.0,,,,,0.0,,,,,0.0,,,,,0.0,,,,,0.0,,,,,0.0,,,,,0.0,,,,,0.0,,,,,0.0,,,,,0.0,,,,,0.0,,,,,0.0,,,,,,,,,,0.0,,,,,0.0,,,,,0.0,,,,,0.0,,,,,0.0,,,,,0.0,,,,,0.0,,,,,0.0,,,,,0.0,,,,,0.0,,,,,0.0,,,,,0.0,,,,,0.0,,,,,0.0,,,,,0.0,,,,,0.0,,,,,0.0,,,,,0.0,,,,,0.0,,,,,0.0,,,,,0.0,,,,,0.0,,,,,0.0,,,,,0.0,,,,,0.0,,,,,0.0,,,,,0.0,,,,,0.0,,,,,0.0,,,,,0.0,,,,,0.0,,,,,0.0,,,,,0.0,,,,,0.0,,,,,0.0,,,,,0.0,,,,,0.0,,,,,0.0,,,,,0.0,,,,,0.0,,,,,0.0,,,,,0.0,,,,,0.0,,,,,0.0,,,,,0.0,,,,,0.0,,,,,0.0,,,,,0.0,,,,,0.0,,,,,0.0,,,,,0.0,,,,,0.0,,,,,0.0,,,,,0.0,,,,,0.0,,,,,0.0,,,,,0.0,,,,,0.0,,,,,0.0,,,,,0.0,,,,,0.0,,,,,0.0,,,,,0.0,,,,,0.0,,,,,0.0,,,,,0.0,,,,,0.0,,,,,0.0,,,,,0.0,,,,,0.0,,,,,0.0,,,,,0.0,,,,,0.0,,,,
35,Bensonhurst,BK1101,Bensonhurst,34509.0,,100,,,11921.0,500.0,34.54,1.45,2.55,22724.0,969.0,22.75,0.97,2.59,1498.0,259.0,6.59,1.14,10.52,1159.0,195.0,5.1,0.86,10.25,8133.0,434.0,35.79,1.91,3.24,4728.0,375.0,20.81,1.65,4.82,7207.0,475.0,31.72,2.09,4.01,70822.0,1748.0,70.91,1.75,1.5,12080.0,701.0,17.06,0.99,3.53,7901.0,616.0,11.16,0.87,4.74,19354.0,864.0,27.33,1.22,2.71,19191.0,822.0,27.1,1.16,2.6,78953.0,1908.0,79.05,1.91,1.47,1238.0,197.0,1.57,0.25,9.68,99873.0,40.0,99.99,0.04,0.02,10615.0,649.0,10.63,0.65,3.72,20920.0,989.0,20.95,0.99,2.87,438.0,149.0,2.09,0.71,20.65,64954.0,1009.0,65.03,1.01,0.94,4097.0,403.0,6.31,0.62,5.97,13992.0,579.0,14.01,0.58,2.52,6086.0,364.0,43.5,2.6,3.63,98731.0,1928.0,98.85,1.93,1.19,90081.0,977.0,91.24,0.99,0.66,7589.0,918.0,7.69,0.93,7.35,1047.0,316.0,1.06,0.32,18.35,99879.0,,100,,,42353.0,1219.0,42.4,1.22,1.75,40662.0,1189.0,40.71,1.19,1.78,1687.0,290.0,1.69,0.29,10.43,57526.0,1268.0,57.6,1.27,1.34,31651.0,1081.0,55.02,1.88,2.08,25875.0,1081.0,44.98,1.88,2.54,15604.0,943.0,27.13,1.64,3.67,33034.0,1122.0,57.42,1.95,2.06,1255.0,316.0,2.18,0.55,15.34,15.0,155.0,0.03,0.27,547.11,7485.0,897.0,13.01,1.56,7.29,134.0,144.0,0.23,0.25,66.08,92688.0,2247.0,92.8,2.25,1.47,22398.0,1149.0,24.16,1.24,3.12,45750.0,1261.0,49.36,1.36,1.67,10230.0,1149.0,11.04,1.24,6.83,81206.0,1918.0,81.3,1.92,1.44,50476.0,845.0,62.16,1.04,1.02,46011.0,861.0,56.66,1.06,1.14,4448.0,430.0,5.48,0.53,5.88,4.0,154.0,0.0,0.19,,30731.0,845.0,37.84,1.04,1.67,,,8.81,0.84,5.88,44618.0,869.0,44.67,0.87,1.18,8658.0,531.0,19.4,1.19,3.73,3004.0,384.0,6.73,0.86,7.77,27314.0,732.0,61.22,1.64,1.63,3949.0,410.0,8.85,0.92,6.32,975.0,201.0,2.19,0.45,12.49,46014.0,859.0,46.07,0.86,1.13,102.0,143.0,0.22,0.31,85.66,3591.0,419.0,7.8,0.91,7.09,3036.0,368.0,6.6,0.8,7.37,1541.0,239.0,3.35,0.52,9.44,4757.0,428.0,10.34,0.93,5.47,3312.0,377.0,7.2,0.82,6.92,1052.0,216.0,2.29,0.47,12.48,3725.0,359.0,8.1,0.78,5.85,4417.0,414.0,9.6,0.9,5.7,11125.0,603.0,24.18,1.31,3.29,5694.0,502.0,12.37,1.09,5.36,2391.0,308.0,5.2,0.67,7.83,1281.0,212.0,2.78,0.46,10.06,2814.0,293.0,8.15,0.85,6.34,2225.0,273.0,6.45,0.79,7.45,4078.0,369.0,11.82,1.07,5.5,3508.0,345.0,10.17,1.0,5.98,4592.0,404.0,13.31,1.17,5.34,6150.0,452.0,17.82,1.31,4.47,3921.0,373.0,11.36,1.08,5.78,4037.0,349.0,11.7,1.01,5.25,1819.0,248.0,5.27,0.72,8.31,1364.0,204.0,3.95,0.59,9.08,27458.0,407.0,79.57,1.18,0.9,9214.0,442.0,26.7,1.28,2.91,3617.0,297.0,10.48,0.86,4.99,3682.0,324.0,10.67,0.94,5.36,1228.0,207.0,3.56,0.6,10.25,8211.0,473.0,23.79,1.37,3.5,87910.0,959.0,88.02,0.96,0.66,43216.0,1488.0,43.27,1.49,2.09,50595.0,1448.0,50.66,1.45,1.74,11962.0,959.0,11.98,0.96,4.87,48883.0,759.0,48.94,0.76,0.94,50996.0,759.0,51.06,0.76,0.9,7191.0,579.0,7.2,0.58,4.9,5566.0,479.0,5.57,0.48,5.24,4856.0,390.0,4.86,0.39,4.88,5021.0,419.0,5.03,0.42,5.08,6443.0,529.0,6.45,0.53,5.0,17307.0,899.0,17.33,0.9,3.16,13534.0,709.0,13.55,0.71,3.19,13759.0,699.0,13.78,0.7,3.09,6452.0,519.0,6.46,0.52,4.89,5784.0,469.0,5.79,0.47,4.93,7330.0,519.0,7.34,0.52,4.31,4447.0,400.0,4.45,0.4,5.46,2214.0,280.0,2.22,0.28,7.67,78958.0,849.0,79.05,0.85,0.65,13992.0,679.0,14.01,0.68,2.95,49074.0,1608.0,49.13,1.61,1.99,842.0,240.0,0.84,0.24,17.37,221.0,180.0,0.22,0.18,49.74,40821.0,1548.0,40.87,1.55,2.31,0.0,,0.0,,,7798.0,1229.0,7.81,1.23,9.57,1128.0,370.0,1.13,0.37,19.9,14283.0,1368.0,14.3,1.37,5.82,85596.0,1368.0,85.7,1.37,0.97,42952.0,1508.0,43.0,1.51,2.13,738.0,230.0,0.74,0.23,18.89,111.0,160.0,0.11,0.16,88.42,40590.0,1548.0,40.64,1.55,2.32,0.0,,0.0,,,348.0,270.0,0.35,0.27,46.9,860.0,340.0,0.86,0.34,24.03
36,Bath Beach,BK1102,Bath Beach,11787.0,,100,,,4070.0,281.0,34.53,2.38,4.19,7670.0,570.0,23.13,1.72,4.52,405.0,120.0,5.28,1.56,17.96,326.0,130.0,4.25,1.7,24.32,2993.0,265.0,39.02,3.45,5.37,1657.0,188.0,21.6,2.45,6.9,2291.0,265.0,29.87,3.45,7.02,23828.0,882.0,71.85,2.66,2.25,3146.0,372.0,13.2,1.56,7.18,2327.0,355.0,9.77,1.49,9.27,6189.0,448.0,25.97,1.88,4.4,8013.0,474.0,33.63,1.99,3.6,26040.0,1273.0,78.52,3.84,2.97,463.0,109.0,1.78,0.42,14.34,32941.0,365.0,99.33,1.1,0.67,3416.0,415.0,10.37,1.26,7.39,7099.0,534.0,21.41,1.61,4.57,238.0,168.0,3.35,2.36,42.83,21129.0,537.0,63.71,1.62,1.55,1314.0,237.0,6.22,1.12,10.95,4708.0,305.0,14.2,0.92,3.94,1865.0,184.0,39.61,3.91,6.0,32711.0,1569.0,98.64,4.73,2.92,29218.0,615.0,89.32,1.88,1.28,3044.0,569.0,9.31,1.74,11.36,450.0,236.0,1.38,0.72,31.72,33163.0,,100,,,16829.0,650.0,50.75,1.96,2.35,15950.0,640.0,48.1,1.93,2.44,876.0,239.0,2.64,0.72,16.58,16334.0,667.0,49.25,2.01,2.48,10093.0,550.0,61.79,3.37,3.32,6241.0,550.0,38.21,3.37,5.36,4592.0,482.0,28.11,2.95,6.38,8963.0,577.0,54.87,3.53,3.91,606.0,237.0,3.71,1.45,23.76,0.0,,0.0,,,2148.0,513.0,13.15,3.14,14.52,23.0,87.0,0.14,0.53,230.13,30956.0,1336.0,93.34,4.03,2.62,9584.0,715.0,30.96,2.31,4.54,13036.0,687.0,42.11,2.22,3.2,3814.0,777.0,12.32,2.51,12.39,26851.0,1293.0,80.97,3.9,2.93,16002.0,483.0,59.6,1.8,1.84,14855.0,475.0,55.32,1.77,1.95,1131.0,185.0,4.21,0.69,9.96,22.0,99.0,0.08,0.37,281.16,10848.0,483.0,40.4,1.8,2.71,,,7.07,1.14,9.94,14386.0,544.0,43.38,1.64,2.3,3790.0,318.0,26.35,2.21,5.1,1122.0,237.0,7.8,1.65,12.86,8304.0,404.0,57.72,2.81,2.96,679.0,140.0,4.72,0.97,12.49,324.0,112.0,2.25,0.78,21.07,14862.0,570.0,44.82,1.72,2.33,5.0,94.0,0.03,0.63,1276.6,1260.0,262.0,8.48,1.76,12.62,938.0,195.0,6.31,1.31,12.62,402.0,146.0,2.7,0.98,22.06,1564.0,226.0,10.52,1.52,8.78,1193.0,210.0,8.03,1.41,10.67,400.0,129.0,2.69,0.87,19.66,1394.0,244.0,9.38,1.64,10.63,1481.0,204.0,9.96,1.37,8.36,4054.0,306.0,27.28,2.06,4.59,1048.0,195.0,7.05,1.31,11.3,556.0,147.0,3.74,0.99,16.09,572.0,137.0,3.85,0.92,14.53,936.0,172.0,7.94,1.46,11.18,646.0,157.0,5.48,1.33,14.75,1263.0,210.0,10.72,1.78,10.09,949.0,167.0,8.05,1.42,10.72,1340.0,203.0,11.37,1.72,9.2,2142.0,271.0,18.17,2.3,7.69,1396.0,198.0,11.84,1.68,8.63,1794.0,229.0,15.22,1.94,7.75,725.0,157.0,6.15,1.33,13.15,599.0,117.0,5.08,0.99,11.85,9182.0,245.0,77.9,2.08,1.62,3332.0,257.0,28.27,2.18,4.69,1380.0,187.0,11.71,1.59,8.25,1184.0,185.0,10.04,1.57,9.51,418.0,107.0,3.55,0.91,15.58,2182.0,239.0,18.51,2.03,6.67,29451.0,488.0,89.41,1.48,1.01,17802.0,833.0,54.04,2.53,2.85,14220.0,791.0,43.17,2.4,3.38,3489.0,488.0,10.59,1.48,8.5,16685.0,441.0,50.31,1.33,1.61,16478.0,441.0,49.69,1.33,1.63,2207.0,361.0,6.66,1.09,9.95,1830.0,245.0,5.52,0.74,8.15,1920.0,252.0,5.79,0.76,7.98,1656.0,216.0,4.99,0.65,7.92,1729.0,272.0,5.21,0.82,9.57,5623.0,670.0,16.96,2.02,7.24,4902.0,448.0,14.78,1.35,5.55,4342.0,388.0,13.09,1.17,5.43,2166.0,262.0,6.53,0.79,7.35,1912.0,262.0,5.77,0.79,8.32,2462.0,292.0,7.42,0.88,7.21,1610.0,265.0,4.85,0.8,10.03,810.0,192.0,2.44,0.58,14.45,26064.0,444.0,78.59,1.34,1.04,4885.0,424.0,14.73,1.28,5.28,17032.0,992.0,51.36,2.99,3.54,547.0,252.0,1.65,0.76,28.0,89.0,166.0,0.27,0.5,112.57,12090.0,972.0,36.46,2.93,4.89,27.0,106.0,0.08,0.32,243.16,2888.0,803.0,8.71,2.42,16.89,492.0,235.0,1.48,0.71,29.16,5860.0,905.0,17.67,2.73,9.39,27303.0,905.0,82.33,2.73,2.02,14486.0,919.0,43.68,2.77,3.86,401.0,209.0,1.21,0.63,31.65,10.0,96.0,0.03,0.29,587.64,11973.0,975.0,36.1,2.94,4.95,27.0,106.0,0.08,0.32,243.16,73.0,96.0,0.22,0.29,80.13,324.0,219.0,0.98,0.66,40.94
37,Gravesend (West),BK1103,Gravesend (West),19801.0,,100,,,6998.0,394.0,35.34,1.99,3.42,13071.0,667.0,23.33,1.19,3.1,776.0,197.0,5.94,1.51,15.45,846.0,178.0,6.47,1.36,12.78,4408.0,341.0,33.72,2.61,4.71,2745.0,310.0,21.0,2.37,6.86,4299.0,365.0,32.89,2.79,5.16,40192.0,1378.0,71.73,2.46,2.08,5874.0,510.0,14.61,1.27,5.28,3991.0,426.0,9.93,1.06,6.49,11637.0,671.0,28.95,1.67,3.51,11764.0,615.0,29.27,1.53,3.18,44868.0,1451.0,80.07,2.59,1.97,1120.0,188.0,2.5,0.42,10.21,55930.0,471.0,99.81,0.84,0.51,6213.0,498.0,11.11,0.89,4.87,11139.0,667.0,19.88,1.19,3.64,138.0,115.0,1.24,1.03,50.5,35677.0,672.0,63.67,1.2,1.15,2310.0,296.0,6.47,0.83,7.8,9125.0,471.0,16.28,0.84,3.14,3771.0,283.0,41.33,3.1,4.56,55446.0,1462.0,98.95,2.61,1.6,49986.0,754.0,90.15,1.36,0.92,4562.0,710.0,8.23,1.28,9.45,894.0,261.0,1.61,0.47,17.75,56034.0,,100,,,24893.0,869.0,44.42,1.55,2.12,23751.0,852.0,42.39,1.52,2.18,1135.0,314.0,2.03,0.56,16.77,31141.0,913.0,55.58,1.63,1.78,18917.0,716.0,60.75,2.3,2.3,12224.0,716.0,39.25,2.3,3.56,9976.0,757.0,32.03,2.43,4.61,17418.0,813.0,55.93,2.61,2.84,623.0,283.0,2.0,0.91,27.66,7.0,115.0,0.02,0.37,1124.62,3105.0,564.0,9.97,1.81,11.04,7.0,115.0,0.02,0.37,1124.62,52567.0,1698.0,93.81,3.03,1.96,14432.0,946.0,27.45,1.8,3.99,24632.0,920.0,46.86,1.75,2.27,5469.0,883.0,10.4,1.68,9.82,46116.0,1485.0,82.3,2.65,1.96,27371.0,623.0,59.35,1.35,1.38,25028.0,636.0,54.27,1.38,1.55,2320.0,314.0,5.03,0.68,8.22,27.0,120.0,0.06,0.26,263.42,18745.0,623.0,40.65,1.35,2.02,,,8.48,1.13,8.23,24447.0,633.0,43.63,1.13,1.57,5220.0,435.0,21.35,1.78,5.07,1383.0,293.0,5.66,1.2,12.89,14888.0,548.0,60.9,2.24,2.24,1596.0,244.0,6.53,1.0,9.31,737.0,208.0,3.01,0.85,17.17,25026.0,622.0,44.66,1.11,1.51,36.0,108.0,0.14,0.43,186.71,1954.0,330.0,7.81,1.32,10.27,1432.0,245.0,5.72,0.98,10.42,710.0,165.0,2.84,0.66,14.13,2751.0,353.0,10.99,1.41,7.8,1715.0,250.0,6.85,1.0,8.87,485.0,153.0,1.94,0.61,19.11,1985.0,293.0,7.93,1.17,8.97,2639.0,318.0,10.54,1.27,7.32,6569.0,448.0,26.25,1.79,4.15,2553.0,350.0,10.2,1.4,8.34,1557.0,268.0,6.22,1.07,10.46,636.0,140.0,2.54,0.56,13.4,2056.0,255.0,10.38,1.29,7.55,1060.0,188.0,5.35,0.95,10.79,2280.0,295.0,11.51,1.49,7.87,2183.0,303.0,11.02,1.53,8.44,2366.0,281.0,11.95,1.42,7.22,3263.0,347.0,16.48,1.75,6.46,2310.0,279.0,11.67,1.41,7.34,2359.0,273.0,11.91,1.38,7.04,1106.0,212.0,5.59,1.07,11.64,819.0,180.0,4.14,0.91,13.36,15259.0,347.0,77.06,1.75,1.38,5735.0,354.0,28.96,1.79,3.76,2382.0,251.0,12.03,1.27,6.42,2044.0,255.0,10.32,1.29,7.6,753.0,156.0,3.8,0.79,12.64,4692.0,384.0,23.7,1.94,4.98,49555.0,626.0,88.6,1.12,0.77,26997.0,1169.0,48.27,2.09,2.63,25827.0,1091.0,46.18,1.95,2.57,6375.0,626.0,11.4,1.12,5.97,27055.0,577.0,48.28,1.03,1.3,28979.0,577.0,51.72,1.03,1.21,3467.0,398.0,6.19,0.71,6.97,3169.0,347.0,5.66,0.62,6.66,2571.0,308.0,4.59,0.55,7.28,3102.0,336.0,5.54,0.6,6.58,3532.0,398.0,6.3,0.71,6.85,8068.0,555.0,14.4,0.99,4.18,7894.0,516.0,14.09,0.92,3.97,7818.0,516.0,13.95,0.92,4.01,3978.0,409.0,7.1,0.73,6.25,3247.0,336.0,5.79,0.6,6.3,4652.0,415.0,8.3,0.74,5.42,2829.0,303.0,5.05,0.54,6.5,1705.0,258.0,3.04,0.46,9.2,44895.0,583.0,80.12,1.04,0.79,9193.0,549.0,16.41,0.98,3.63,28770.0,1210.0,51.34,2.16,2.56,758.0,308.0,1.35,0.55,24.77,94.0,134.0,0.17,0.24,85.82,21457.0,1154.0,38.29,2.06,3.27,7.0,118.0,0.01,0.21,1276.6,4149.0,869.0,7.4,1.55,12.73,791.0,286.0,1.41,0.51,21.99,7029.0,1003.0,12.54,1.79,8.68,49005.0,1003.0,87.46,1.79,1.24,26051.0,1188.0,46.49,2.12,2.77,592.0,291.0,1.06,0.52,29.82,0.0,,0.0,,,21389.0,1154.0,38.17,2.06,3.28,0.0,,0.0,,,315.0,230.0,0.56,0.41,44.51,639.0,263.0,1.14,0.47,25.06
38,Sunset Park (East)-Borough Park (West),BK1201,Sunset Park (East)-Borough Park (West),9684.0,,100,,,4316.0,257.0,44.57,2.65,3.61,9269.0,600.0,27.65,1.79,3.94,607.0,150.0,6.55,1.62,15.04,621.0,143.0,6.7,1.54,13.97,3812.0,284.0,41.13,3.06,4.52,2009.0,239.0,21.67,2.58,7.24,2220.0,284.0,23.95,3.06,7.77,21346.0,1006.0,63.69,3.0,2.86,5313.0,470.0,24.89,2.2,5.37,5132.0,453.0,24.04,2.12,5.36,4967.0,391.0,23.27,1.83,4.78,3579.0,346.0,16.77,1.62,5.87,24381.0,1076.0,72.74,3.21,2.68,177.0,66.0,0.73,0.27,22.48,33329.0,198.0,99.44,0.59,0.36,3527.0,463.0,10.58,1.39,7.99,9129.0,680.0,27.24,2.03,4.53,184.0,76.0,2.02,0.83,24.98,21016.0,573.0,62.7,1.71,1.66,1544.0,282.0,7.35,1.34,11.08,3169.0,355.0,9.45,1.06,6.81,1795.0,156.0,56.64,4.93,5.29,32903.0,1592.0,98.17,4.75,2.94,29355.0,596.0,89.22,1.81,1.23,3159.0,569.0,9.6,1.73,10.95,385.0,174.0,1.17,0.53,27.54,33517.0,,100,,,15517.0,650.0,46.3,1.94,2.55,14329.0,640.0,42.75,1.91,2.72,1184.0,238.0,3.53,0.71,12.23,18000.0,560.0,53.7,1.67,1.89,6735.0,457.0,37.42,2.54,4.13,11265.0,457.0,62.58,2.54,2.47,1509.0,265.0,8.38,1.47,10.66,12699.0,441.0,70.55,2.45,2.11,130.0,85.0,0.72,0.47,39.68,3.0,68.0,0.02,0.38,1155.02,3631.0,452.0,20.17,2.51,7.56,22.0,70.0,0.12,0.39,197.57,30621.0,1481.0,91.36,4.42,2.94,4634.0,542.0,15.13,1.77,7.11,17528.0,649.0,57.24,2.12,2.25,6397.0,710.0,20.89,2.32,6.75,25211.0,1022.0,75.22,3.05,2.46,15643.0,436.0,62.05,1.73,1.69,14573.0,434.0,57.8,1.72,1.81,1063.0,194.0,4.22,0.77,11.09,8.0,68.0,0.03,0.27,547.11,9568.0,436.0,37.95,1.73,2.77,,,6.8,1.23,11.09,14095.0,469.0,42.05,1.4,2.02,1602.0,214.0,11.37,1.52,8.13,1239.0,217.0,8.79,1.54,10.65,7888.0,393.0,55.96,2.79,3.03,2734.0,296.0,19.4,2.1,6.58,291.0,118.0,2.06,0.84,24.79,14574.0,473.0,43.48,1.41,1.97,20.0,67.0,0.14,0.46,199.74,833.0,175.0,5.72,1.2,12.75,1005.0,172.0,6.9,1.18,10.4,403.0,114.0,2.77,0.78,17.12,1588.0,262.0,10.9,1.8,10.04,630.0,146.0,4.32,1.0,14.07,176.0,74.0,1.21,0.51,25.62,617.0,143.0,4.23,0.98,14.08,1043.0,168.0,7.16,1.15,9.76,2972.0,305.0,20.39,2.09,6.23,3721.0,351.0,25.53,2.41,5.74,1308.0,217.0,8.97,1.49,10.1,255.0,87.0,1.75,0.6,20.84,825.0,155.0,8.52,1.6,11.42,808.0,160.0,8.34,1.65,12.03,1620.0,207.0,16.73,2.14,7.78,1294.0,212.0,13.36,2.19,9.96,1575.0,210.0,16.26,2.17,8.11,1402.0,197.0,14.48,2.03,8.52,964.0,168.0,9.95,1.73,10.57,799.0,152.0,8.25,1.57,11.57,313.0,92.0,3.23,0.95,17.88,87.0,47.0,0.9,0.49,33.1,8120.0,193.0,83.85,1.99,1.44,1838.0,199.0,18.98,2.06,6.6,535.0,116.0,5.52,1.2,13.22,1005.0,176.0,10.38,1.82,10.66,408.0,111.0,4.21,1.15,16.61,3285.0,257.0,33.92,2.65,4.75,28821.0,497.0,86.48,1.49,1.05,9229.0,750.0,27.69,2.25,4.94,21636.0,737.0,64.92,2.21,2.07,4508.0,497.0,13.53,1.49,6.69,16640.0,399.0,49.65,1.19,1.46,16877.0,399.0,50.35,1.19,1.44,2897.0,312.0,8.64,0.93,6.54,2771.0,325.0,8.27,0.97,7.13,2204.0,265.0,6.58,0.79,7.3,2077.0,282.0,6.2,0.84,8.24,2230.0,268.0,6.65,0.8,7.31,6176.0,459.0,18.43,1.37,4.52,4681.0,419.0,13.97,1.25,5.44,3912.0,369.0,11.67,1.1,5.73,1753.0,248.0,5.23,0.74,8.6,1547.0,241.0,4.62,0.72,9.47,1553.0,218.0,4.63,0.65,8.53,1054.0,198.0,3.14,0.59,11.42,676.0,171.0,2.02,0.51,15.35,24388.0,550.0,72.76,1.64,1.37,3267.0,369.0,9.75,1.1,6.86,10211.0,794.0,30.46,2.37,4.73,852.0,208.0,2.54,0.62,14.84,77.0,107.0,0.23,0.32,84.58,17129.0,788.0,51.1,2.35,2.8,14.0,67.0,0.04,0.2,303.95,4580.0,754.0,13.66,2.25,10.01,656.0,292.0,1.96,0.87,26.98,7514.0,811.0,22.42,2.42,6.56,26003.0,811.0,77.58,2.42,1.9,7761.0,764.0,23.16,2.28,5.98,739.0,194.0,2.2,0.58,16.03,23.0,67.0,0.07,0.2,173.69,17111.0,788.0,51.05,2.35,2.8,7.0,67.0,0.02,0.2,607.9,70.0,90.0,0.21,0.27,78.16,276.0,151.0,0.82,0.45,33.36
39,Borough Park,BK1202,Borough Park,24971.0,,100,,,12260.0,477.0,49.1,1.91,2.36,30048.0,1261.0,36.21,1.52,2.55,2383.0,294.0,7.93,0.98,7.51,2942.0,279.0,9.79,0.93,5.77,13944.0,487.0,46.41,1.62,2.12,5952.0,427.0,19.81,1.42,4.36,4816.0,388.0,16.03,1.29,4.89,40809.0,1353.0,49.17,1.63,2.02,5033.0,498.0,12.33,1.22,6.01,5357.0,457.0,13.13,1.12,5.19,16068.0,698.0,39.37,1.71,2.64,7238.0,526.0,17.74,1.29,4.42,49148.0,1817.0,59.22,2.19,2.25,291.0,103.0,0.59,0.21,21.64,82846.0,133.0,99.83,0.16,0.1,6574.0,530.0,7.94,0.64,4.9,33830.0,1353.0,40.76,1.63,2.43,517.0,135.0,1.53,0.4,15.89,40823.0,963.0,49.19,1.16,1.43,2514.0,327.0,6.16,0.8,7.89,8199.0,456.0,9.88,0.55,3.38,3546.0,280.0,43.25,3.41,4.79,80757.0,1660.0,97.31,2.0,1.25,76694.0,775.0,94.97,0.96,0.61,3643.0,743.0,4.51,0.92,12.4,422.0,210.0,0.52,0.26,30.4,82988.0,,100,,,62752.0,1170.0,75.62,1.41,1.13,60267.0,1220.0,72.62,1.47,1.23,2488.0,515.0,3.0,0.62,12.56,20236.0,1054.0,24.38,1.27,3.17,11272.0,629.0,55.7,3.11,3.39,8964.0,629.0,44.3,3.11,4.27,7508.0,565.0,37.1,2.79,4.57,6940.0,538.0,34.3,2.66,4.71,391.0,184.0,1.93,0.91,28.66,27.0,127.0,0.13,0.63,294.6,4951.0,619.0,24.47,3.06,7.6,422.0,176.0,2.09,0.87,25.31,71096.0,2108.0,85.67,2.54,1.8,18356.0,1287.0,25.82,1.81,4.26,23912.0,1223.0,33.63,1.72,3.11,6811.0,988.0,9.58,1.39,8.82,52005.0,1718.0,62.67,2.07,2.01,29662.0,697.0,57.04,1.34,1.43,28024.0,681.0,53.89,1.31,1.48,1623.0,239.0,3.12,0.46,8.96,0.0,,0.0,,,22344.0,697.0,42.96,1.34,1.9,,,5.47,0.8,8.95,27209.0,838.0,32.79,1.01,1.87,5142.0,411.0,18.9,1.51,4.86,2230.0,307.0,8.2,1.13,8.38,9234.0,582.0,33.94,2.14,3.83,8349.0,520.0,30.69,1.91,3.78,1529.0,278.0,5.62,1.02,11.03,28020.0,846.0,33.76,1.02,1.84,32.0,123.0,0.11,0.44,243.16,2102.0,353.0,7.5,1.26,10.21,1455.0,244.0,5.19,0.87,10.19,1698.0,275.0,6.06,0.98,9.83,3436.0,353.0,12.26,1.26,6.25,1037.0,216.0,3.7,0.77,12.65,334.0,120.0,1.19,0.43,21.97,1985.0,272.0,7.08,0.97,8.33,2524.0,317.0,9.01,1.13,7.62,9044.0,513.0,32.28,1.83,3.45,2336.0,325.0,8.34,1.16,8.46,1707.0,272.0,6.09,0.97,9.68,328.0,112.0,1.17,0.4,20.78,2058.0,272.0,8.24,1.09,8.04,2571.0,317.0,10.3,1.27,7.5,4472.0,400.0,17.91,1.6,5.43,3528.0,357.0,14.13,1.43,6.15,3157.0,340.0,12.64,1.36,6.54,3361.0,355.0,13.46,1.42,6.41,1959.0,275.0,7.85,1.1,8.52,2292.0,285.0,9.18,1.14,7.55,817.0,185.0,3.27,0.74,13.76,757.0,157.0,3.03,0.63,12.64,20375.0,375.0,81.59,1.5,1.12,6211.0,405.0,24.87,1.62,3.96,1847.0,237.0,7.4,0.95,7.8,1620.0,235.0,6.49,0.94,8.8,1390.0,245.0,5.57,0.98,10.7,9326.0,464.0,37.35,1.86,3.03,76274.0,828.0,92.07,1.0,0.66,25558.0,1566.0,30.85,1.89,3.72,57072.0,1549.0,68.89,1.87,1.65,6571.0,828.0,7.93,1.0,7.67,42813.0,705.0,51.59,0.85,1.0,40175.0,705.0,48.41,0.85,1.07,11892.0,647.0,14.33,0.78,3.31,9501.0,515.0,11.45,0.62,3.29,8168.0,523.0,9.84,0.63,3.89,6228.0,498.0,7.5,0.6,4.86,6384.0,573.0,7.69,0.69,5.45,11899.0,772.0,14.34,0.93,3.94,7949.0,581.0,9.58,0.7,4.44,5650.0,473.0,6.81,0.57,5.09,3353.0,423.0,4.04,0.51,7.67,3667.0,415.0,4.42,0.5,6.88,4355.0,440.0,5.25,0.53,6.14,2162.0,315.0,2.61,0.38,8.85,1770.0,257.0,2.13,0.31,8.85,49148.0,971.0,59.22,1.17,1.2,8290.0,614.0,9.99,0.74,4.5,69478.0,1278.0,83.72,1.54,1.12,714.0,324.0,0.86,0.39,27.57,165.0,141.0,0.2,0.17,51.67,6745.0,805.0,8.13,0.97,7.25,0.0,,0.0,,,5322.0,996.0,6.41,1.2,11.38,557.0,241.0,0.67,0.29,26.31,8419.0,1162.0,10.14,1.4,8.39,74569.0,1162.0,89.86,1.4,0.95,66677.0,1361.0,80.35,1.64,1.24,502.0,249.0,0.6,0.3,30.4,127.0,141.0,0.15,0.17,68.9,6669.0,805.0,8.04,0.97,7.33,0.0,,0.0,,,164.0,174.0,0.2,0.21,63.83,423.0,224.0,0.51,0.27,32.18
40,Kensington,BK1203,Kensington,14162.0,,100,,,5226.0,330.0,36.9,2.33,3.84,11612.0,764.0,28.27,1.86,4.0,846.0,189.0,7.29,1.63,13.59,916.0,188.0,7.89,1.62,12.48,4662.0,312.0,40.15,2.69,4.07,2282.0,289.0,19.65,2.49,7.7,2905.0,296.0,25.02,2.55,6.2,26266.0,1216.0,63.95,2.96,2.81,2479.0,347.0,9.44,1.32,8.5,2128.0,315.0,8.1,1.2,9.01,5442.0,486.0,20.72,1.85,5.43,10974.0,604.0,41.78,2.3,3.35,29831.0,1425.0,72.63,3.47,2.9,469.0,116.0,1.57,0.39,15.1,41010.0,218.0,99.85,0.53,0.32,3818.0,410.0,9.31,1.0,6.53,11211.0,784.0,27.3,1.91,4.25,243.0,110.0,2.17,0.98,27.45,25366.0,727.0,61.76,1.77,1.74,1562.0,292.0,6.16,1.15,11.35,4428.0,288.0,10.78,0.7,3.95,2004.0,195.0,45.26,4.4,5.91,40378.0,1672.0,98.31,4.07,2.52,37432.0,521.0,92.7,1.29,0.85,2423.0,468.0,6.0,1.16,11.75,520.0,202.0,1.29,0.5,23.56,41072.0,,100,,,23780.0,891.0,57.9,2.17,2.28,22520.0,838.0,54.83,2.04,2.26,1252.0,320.0,3.05,0.78,15.55,17292.0,780.0,42.1,1.9,2.74,9981.0,609.0,57.72,3.52,3.71,7311.0,609.0,42.28,3.52,5.06,4227.0,505.0,24.44,2.92,7.26,8772.0,659.0,50.73,3.81,4.57,399.0,206.0,2.31,1.19,31.32,32.0,86.0,0.19,0.5,159.97,3737.0,519.0,21.61,3.0,8.44,122.0,62.0,0.71,0.36,30.82,37475.0,1425.0,91.24,3.47,2.31,15344.0,989.0,40.94,2.64,3.92,11914.0,907.0,31.79,2.42,4.63,5064.0,791.0,13.51,2.11,9.49,30772.0,1483.0,74.92,3.61,2.93,19512.0,539.0,63.41,1.75,1.68,18263.0,551.0,59.35,1.79,1.83,1251.0,237.0,4.07,0.77,11.5,4.0,86.0,0.01,0.28,1702.13,11260.0,539.0,36.59,1.75,2.91,,,6.41,1.2,11.52,17870.0,509.0,43.51,1.24,1.73,3374.0,365.0,18.88,2.04,6.57,636.0,163.0,3.56,0.91,15.54,11186.0,434.0,62.6,2.43,2.36,1138.0,222.0,6.37,1.24,11.83,811.0,216.0,4.54,1.21,16.2,18263.0,485.0,44.47,1.18,1.61,58.0,99.0,0.32,0.54,102.58,1252.0,272.0,6.86,1.49,13.2,547.0,186.0,3.0,1.02,20.67,517.0,163.0,2.83,0.89,19.12,1683.0,267.0,9.22,1.46,9.63,1096.0,232.0,6.0,1.27,12.87,900.0,197.0,4.93,1.08,13.32,1172.0,230.0,6.42,1.26,11.93,1846.0,261.0,10.11,1.43,8.6,5525.0,447.0,30.25,2.45,4.92,2071.0,347.0,11.34,1.9,10.19,988.0,237.0,5.41,1.3,14.61,609.0,146.0,3.33,0.8,14.6,1194.0,218.0,8.43,1.54,11.11,726.0,181.0,5.13,1.28,15.17,1658.0,268.0,11.71,1.89,9.81,1364.0,227.0,9.63,1.6,10.1,1509.0,237.0,10.66,1.67,9.52,2358.0,309.0,16.65,2.18,7.96,1949.0,252.0,13.76,1.78,7.86,1969.0,248.0,13.9,1.75,7.65,794.0,164.0,5.61,1.16,12.57,634.0,136.0,4.48,0.96,13.03,11727.0,241.0,82.81,1.7,1.25,2787.0,252.0,19.68,1.78,5.5,1487.0,190.0,10.5,1.34,7.76,1021.0,169.0,7.21,1.19,10.03,290.0,103.0,2.05,0.73,21.65,2586.0,276.0,18.26,1.95,6.49,36843.0,701.0,89.84,1.71,1.16,19906.0,1161.0,48.54,2.83,3.54,19338.0,1091.0,47.15,2.66,3.43,4167.0,701.0,10.16,1.71,10.23,20263.0,493.0,49.33,1.2,1.48,20809.0,493.0,50.66,1.2,1.44,3597.0,427.0,8.76,1.04,7.22,3057.0,337.0,7.44,0.82,6.7,3115.0,333.0,7.58,0.81,6.5,2499.0,308.0,6.08,0.75,7.5,2558.0,357.0,6.23,0.87,8.49,6828.0,591.0,16.62,1.44,5.27,6056.0,427.0,14.74,1.04,4.29,4624.0,460.0,11.26,1.12,6.05,2027.0,292.0,4.94,0.71,8.74,2287.0,316.0,5.57,0.77,8.4,2509.0,296.0,6.11,0.72,7.16,1292.0,197.0,3.15,0.48,9.26,653.0,148.0,1.59,0.36,13.76,29837.0,608.0,72.65,1.48,1.24,4446.0,353.0,10.82,0.86,4.83,22875.0,1076.0,55.69,2.62,2.86,3081.0,620.0,7.5,1.51,12.24,170.0,193.0,0.41,0.47,69.69,9064.0,908.0,22.07,2.21,6.09,0.0,,0.0,,,3888.0,821.0,9.47,2.0,12.84,1995.0,493.0,4.86,1.2,15.01,6565.0,867.0,15.98,2.11,8.03,34507.0,867.0,84.02,2.11,1.53,20631.0,1035.0,50.23,2.52,3.05,3025.0,620.0,7.37,1.51,12.45,33.0,86.0,0.08,0.21,159.57,8979.0,912.0,21.86,2.22,6.17,0.0,,0.0,,,236.0,181.0,0.57,0.44,46.93,1616.0,468.0,3.93,1.14,17.63
41,Mapleton-Midwood (West),BK1204,Mapleton-Midwood (West),12845.0,,100,,,5095.0,259.0,39.67,2.02,3.1,13306.0,653.0,33.6,1.65,2.98,992.0,153.0,7.46,1.15,9.37,839.0,136.0,6.31,1.02,9.83,5802.0,277.0,43.61,2.08,2.9,2865.0,286.0,21.53,2.15,6.07,2807.0,261.0,21.1,1.96,5.65,22289.0,855.0,56.28,2.16,2.33,1658.0,230.0,7.44,1.03,8.42,1850.0,236.0,8.3,1.06,7.76,6230.0,388.0,27.95,1.74,3.78,7757.0,408.0,34.8,1.83,3.2,26018.0,1022.0,65.7,2.58,2.39,379.0,83.0,1.46,0.32,13.32,39593.0,24.0,99.98,0.06,0.04,3672.0,313.0,9.27,0.79,5.18,13582.0,737.0,34.3,1.86,3.3,233.0,88.0,1.72,0.65,22.97,21190.0,614.0,53.51,1.55,1.76,1294.0,182.0,6.11,0.86,8.56,4821.0,257.0,12.17,0.65,3.24,2141.0,173.0,44.41,3.59,4.91,38734.0,994.0,97.81,2.51,1.56,36395.0,484.0,93.96,1.25,0.81,1988.0,449.0,5.13,1.16,13.75,350.0,198.0,0.9,0.51,34.45,39602.0,,100,,,28323.0,638.0,71.52,1.61,1.37,27656.0,646.0,69.83,1.63,1.42,660.0,158.0,1.67,0.4,14.56,11279.0,554.0,28.48,1.4,2.99,7109.0,346.0,63.03,3.07,2.96,4170.0,346.0,36.97,3.07,5.05,4176.0,349.0,37.02,3.09,5.07,5106.0,377.0,45.27,3.34,4.49,277.0,111.0,2.46,0.98,24.22,7.0,113.0,0.06,1.0,1013.17,1595.0,328.0,14.14,2.91,12.51,117.0,95.0,1.04,0.84,49.1,35540.0,1137.0,89.74,2.87,1.94,18085.0,825.0,50.89,2.32,2.77,8660.0,601.0,24.37,1.69,4.22,2348.0,480.0,6.61,1.35,12.42,27548.0,1093.0,69.56,2.76,2.41,15951.0,408.0,57.9,1.48,1.55,14814.0,405.0,53.77,1.47,1.66,1142.0,187.0,4.15,0.68,9.96,0.0,,0.0,,,11597.0,408.0,42.1,1.48,2.14,,,7.16,1.16,9.95,14433.0,364.0,36.45,0.92,1.53,4365.0,299.0,30.24,2.07,4.16,1260.0,188.0,8.73,1.3,9.05,6366.0,329.0,44.11,2.28,3.14,1748.0,211.0,12.11,1.46,7.33,462.0,110.0,3.2,0.76,14.44,14814.0,356.0,37.41,0.9,1.46,17.0,111.0,0.11,0.75,414.48,857.0,175.0,5.78,1.18,12.41,636.0,163.0,4.29,1.1,15.59,938.0,172.0,6.33,1.16,11.14,1665.0,244.0,11.24,1.65,8.92,772.0,147.0,5.21,0.99,11.55,233.0,83.0,1.57,0.56,21.68,1340.0,191.0,9.05,1.29,8.67,1560.0,200.0,10.53,1.35,7.79,4692.0,320.0,31.67,2.16,4.15,946.0,172.0,6.39,1.16,11.04,723.0,132.0,4.88,0.89,11.09,442.0,98.0,2.98,0.66,13.46,1170.0,173.0,9.11,1.35,9.01,777.0,136.0,6.05,1.06,10.65,1670.0,208.0,13.0,1.62,7.58,1230.0,180.0,9.58,1.4,8.88,1454.0,194.0,11.32,1.51,8.11,2064.0,224.0,16.07,1.74,6.58,1052.0,155.0,8.19,1.21,8.98,1612.0,190.0,12.55,1.48,7.17,769.0,135.0,5.99,1.05,10.66,1043.0,148.0,8.12,1.15,8.61,10232.0,217.0,79.66,1.69,1.29,3289.0,222.0,25.61,1.73,4.11,1196.0,148.0,9.31,1.15,7.51,916.0,146.0,7.13,1.14,9.72,370.0,99.0,2.88,0.77,16.25,2589.0,231.0,20.16,1.8,5.43,36336.0,487.0,91.77,1.23,0.81,21448.0,958.0,54.17,2.42,2.72,17266.0,942.0,43.61,2.38,3.32,3257.0,487.0,8.23,1.23,9.09,19675.0,404.0,49.68,1.02,1.25,19927.0,404.0,50.32,1.02,1.23,4062.0,325.0,10.26,0.82,4.86,3676.0,289.0,9.28,0.73,4.78,3486.0,297.0,8.8,0.75,5.18,3356.0,321.0,8.47,0.81,5.81,2736.0,277.0,6.91,0.7,6.16,4513.0,364.0,11.4,0.92,4.91,4870.0,345.0,12.3,0.87,4.3,3787.0,313.0,9.56,0.79,5.02,2197.0,246.0,5.55,0.62,6.79,2088.0,246.0,5.27,0.62,7.15,2587.0,257.0,6.53,0.65,6.05,1385.0,194.0,3.5,0.49,8.51,859.0,147.0,2.17,0.37,10.37,26018.0,539.0,65.7,1.36,1.26,4821.0,345.0,12.17,0.87,4.35,32450.0,756.0,81.94,1.91,1.42,377.0,162.0,0.95,0.41,26.24,326.0,341.0,0.82,0.86,63.76,3807.0,479.0,9.61,1.21,7.65,0.0,,0.0,,,1930.0,519.0,4.87,1.31,16.35,700.0,265.0,1.77,0.67,23.01,2791.0,554.0,7.05,1.4,12.07,36811.0,554.0,92.95,1.4,0.92,31662.0,772.0,79.95,1.95,1.48,354.0,162.0,0.89,0.41,28.0,312.0,341.0,0.79,0.86,66.18,3807.0,479.0,9.61,1.21,7.65,0.0,,0.0,,,11.0,111.0,0.03,0.28,567.38,655.0,265.0,1.65,0.67,24.68
42,Gravesend (South),BK1301,Gravesend (South),11676.0,,100,,,3767.0,367.0,32.26,3.14,5.92,6760.0,732.0,24.09,2.61,6.58,547.0,187.0,8.09,2.77,20.81,310.0,139.0,4.59,2.05,27.15,2295.0,295.0,33.95,4.36,7.81,1762.0,278.0,26.07,4.11,9.58,1845.0,264.0,27.29,3.91,8.71,19711.0,1212.0,70.26,4.32,3.74,1817.0,290.0,9.22,1.47,9.69,1985.0,367.0,10.07,1.86,11.23,5150.0,528.0,26.13,2.68,6.23,6585.0,514.0,33.41,2.61,4.75,22062.0,1400.0,78.64,4.99,3.86,503.0,130.0,2.28,0.59,15.73,28035.0,889.0,99.93,3.17,1.93,4311.0,496.0,15.38,1.77,7.0,5973.0,623.0,21.29,2.22,6.34,113.0,65.0,1.89,1.09,35.06,16838.0,558.0,60.02,1.99,2.01,1548.0,315.0,9.19,1.87,12.37,5224.0,272.0,18.62,0.97,3.17,2646.0,249.0,50.65,4.76,5.71,27835.0,1422.0,99.21,5.07,3.11,25629.0,551.0,92.07,1.98,1.31,1751.0,484.0,6.29,1.74,16.82,459.0,303.0,1.65,1.09,40.16,28056.0,,100,,,14883.0,850.0,53.05,3.03,3.47,13852.0,853.0,49.37,3.04,3.74,1031.0,314.0,3.67,1.12,18.55,13173.0,586.0,46.95,2.09,2.7,9612.0,502.0,72.96,3.81,3.17,3562.0,502.0,27.04,3.81,8.57,6444.0,493.0,48.92,3.74,4.65,5489.0,541.0,41.67,4.11,6.0,134.0,96.0,1.02,0.73,43.51,0.0,,0.0,,,1095.0,307.0,8.31,2.33,17.04,11.0,75.0,0.08,0.57,433.13,26291.0,1341.0,93.71,4.78,3.1,9954.0,962.0,37.86,3.66,5.88,10444.0,818.0,39.72,3.11,4.76,2153.0,497.0,8.19,1.89,14.03,22979.0,1490.0,81.9,5.31,3.94,12886.0,515.0,56.08,2.24,2.43,11541.0,524.0,50.22,2.28,2.76,1317.0,306.0,5.73,1.33,14.11,25.0,71.0,0.11,0.31,171.32,10092.0,515.0,43.92,2.24,3.1,,,10.22,2.34,14.12,11269.0,527.0,40.17,1.88,2.84,3183.0,326.0,28.25,2.89,6.22,581.0,153.0,5.16,1.36,16.02,6083.0,421.0,53.98,3.74,4.21,906.0,249.0,8.04,2.21,16.71,371.0,268.0,3.29,2.38,43.98,11539.0,513.0,41.13,1.83,2.7,29.0,74.0,0.25,0.64,155.62,692.0,231.0,6.0,2.0,20.26,557.0,152.0,4.83,1.32,16.61,424.0,158.0,3.67,1.37,22.69,988.0,207.0,8.56,1.79,12.71,1133.0,268.0,9.82,2.32,14.36,193.0,103.0,1.67,0.89,32.4,1171.0,215.0,10.15,1.86,11.14,1121.0,215.0,9.72,1.86,11.63,3286.0,312.0,28.48,2.7,5.76,977.0,252.0,8.47,2.18,15.65,590.0,182.0,5.11,1.58,18.8,383.0,151.0,3.32,1.31,23.99,1697.0,285.0,14.53,2.44,10.21,952.0,223.0,8.15,1.91,14.25,1443.0,260.0,12.36,2.23,10.97,1178.0,234.0,10.09,2.0,12.05,1319.0,252.0,11.3,2.16,11.62,1730.0,294.0,14.82,2.52,10.34,1050.0,200.0,8.99,1.71,11.56,1344.0,213.0,11.51,1.82,9.61,495.0,160.0,4.24,1.37,19.64,469.0,125.0,4.02,1.07,16.18,7893.0,334.0,67.6,2.86,2.57,3534.0,316.0,30.27,2.71,5.44,1596.0,230.0,13.67,1.97,8.76,1790.0,295.0,15.33,2.53,10.03,460.0,138.0,3.94,1.18,18.21,3495.0,337.0,29.93,2.89,5.87,25255.0,499.0,90.09,1.78,1.2,14535.0,967.0,51.85,3.45,4.04,13225.0,914.0,47.17,3.26,4.2,2779.0,499.0,9.91,1.78,10.92,12850.0,466.0,45.8,1.66,2.2,15206.0,466.0,54.2,1.66,1.86,1765.0,314.0,6.29,1.12,10.82,1503.0,261.0,5.36,0.93,10.55,1464.0,264.0,5.22,0.94,10.95,1844.0,309.0,6.57,1.1,10.18,1762.0,328.0,6.28,1.17,11.33,3667.0,443.0,13.07,1.58,7.35,3567.0,466.0,12.71,1.66,7.94,3674.0,435.0,13.1,1.55,7.19,1965.0,328.0,7.0,1.17,10.16,1627.0,241.0,5.8,0.86,9.01,2599.0,306.0,9.26,1.09,7.16,1869.0,320.0,6.66,1.14,10.41,752.0,194.0,2.68,0.69,15.65,22083.0,494.0,78.71,1.76,1.36,5224.0,460.0,18.62,1.64,5.35,16838.0,864.0,60.02,3.08,3.12,2740.0,642.0,9.77,2.29,14.25,137.0,160.0,0.49,0.57,70.72,6042.0,791.0,21.54,2.82,7.96,0.0,,0.0,,,1504.0,564.0,5.36,2.01,22.8,805.0,412.0,2.87,1.47,31.14,3367.0,687.0,12.0,2.45,12.41,24689.0,687.0,88.0,2.45,1.69,15351.0,859.0,54.72,3.06,3.4,2384.0,623.0,8.5,2.22,15.88,137.0,160.0,0.49,0.57,70.72,6037.0,791.0,21.52,2.82,7.97,0.0,,0.0,,,65.0,126.0,0.23,0.45,118.94,718.0,404.0,2.56,1.44,34.19
43,Coney Island-Sea Gate,BK1302,Coney Island-Sea Gate,21929.0,,100,,,5263.0,425.0,24.0,1.94,4.91,9806.0,722.0,21.58,1.59,4.48,670.0,237.0,6.83,2.42,21.54,680.0,208.0,6.93,2.12,18.6,3335.0,415.0,34.01,4.23,7.56,2160.0,358.0,22.03,3.65,10.07,2956.0,344.0,30.14,3.51,7.08,33388.0,1059.0,73.49,2.33,1.93,3053.0,427.0,9.14,1.28,8.51,3226.0,431.0,9.66,1.29,8.12,8316.0,664.0,24.91,1.99,4.86,11519.0,674.0,34.5,2.02,3.56,37024.0,1140.0,81.5,2.51,1.87,1094.0,233.0,2.95,0.63,12.98,44817.0,500.0,98.65,1.1,0.68,10370.0,704.0,23.14,1.57,4.12,8391.0,727.0,18.47,1.6,5.27,323.0,173.0,3.85,2.06,32.53,25659.0,741.0,56.48,1.63,1.76,3835.0,444.0,14.95,1.73,7.03,10757.0,495.0,23.68,1.09,2.8,6207.0,365.0,57.7,3.39,3.57,45050.0,1440.0,99.16,3.17,1.94,42386.0,613.0,94.09,1.36,0.88,2434.0,599.0,5.4,1.33,14.97,234.0,171.0,0.52,0.38,44.42,45431.0,,100,,,25310.0,895.0,55.71,1.97,2.15,23492.0,909.0,51.71,2.0,2.35,1825.0,386.0,4.02,0.85,12.85,20121.0,868.0,44.29,1.91,2.62,15916.0,503.0,79.1,2.5,1.92,4205.0,503.0,20.9,2.5,7.27,12959.0,584.0,64.4,2.9,2.74,4471.0,567.0,22.22,2.82,7.72,405.0,191.0,2.01,0.95,28.73,0.0,,0.0,,,2275.0,370.0,11.31,1.84,9.89,13.0,101.0,0.06,0.5,506.59,43079.0,1486.0,94.82,3.27,2.1,16793.0,1081.0,38.98,2.51,3.91,15037.0,969.0,34.91,2.25,3.92,5380.0,780.0,12.49,1.81,8.81,38052.0,1213.0,83.76,2.67,1.94,19506.0,696.0,51.26,1.83,2.17,16750.0,689.0,44.02,1.81,2.5,2741.0,415.0,7.2,1.09,9.2,10.0,99.0,0.03,0.26,526.85,18546.0,696.0,48.74,1.83,2.28,,,14.05,2.07,9.2,16236.0,709.0,35.74,1.56,2.65,3968.0,414.0,24.44,2.55,6.34,942.0,261.0,5.8,1.61,16.87,9090.0,494.0,55.99,3.04,3.3,1514.0,297.0,9.33,1.83,11.92,430.0,177.0,2.65,1.09,25.0,16752.0,709.0,36.87,1.56,2.57,37.0,99.0,0.22,0.59,163.03,827.0,273.0,4.94,1.63,20.06,599.0,156.0,3.58,0.93,15.79,428.0,161.0,2.55,0.96,22.89,1274.0,273.0,7.61,1.63,13.02,1426.0,283.0,8.51,1.69,12.07,231.0,122.0,1.38,0.73,32.16,1513.0,276.0,9.03,1.65,11.11,1700.0,313.0,10.15,1.87,11.2,5971.0,511.0,35.64,3.05,5.2,1235.0,290.0,7.37,1.73,14.27,860.0,240.0,5.13,1.43,16.95,644.0,173.0,3.84,1.03,16.31,4060.0,423.0,18.51,1.93,6.34,2474.0,355.0,11.28,1.62,8.73,3058.0,425.0,13.95,1.94,8.45,1821.0,327.0,8.3,1.49,10.91,2495.0,386.0,11.38,1.76,9.4,3054.0,417.0,13.93,1.9,8.29,1835.0,309.0,8.37,1.41,10.24,1901.0,307.0,8.67,1.4,9.82,737.0,213.0,3.36,0.97,17.55,505.0,164.0,2.3,0.75,19.82,13365.0,474.0,60.95,2.16,2.15,7611.0,480.0,34.71,2.19,3.84,2607.0,342.0,11.89,1.56,7.98,5578.0,474.0,25.44,2.16,5.16,1127.0,235.0,5.14,1.07,12.65,9042.0,528.0,41.23,2.41,3.55,41295.0,578.0,92.14,1.29,0.85,19971.0,1165.0,44.56,2.6,3.55,25553.0,1138.0,57.02,2.54,2.71,3521.0,578.0,7.86,1.29,9.98,20225.0,731.0,44.52,1.61,2.2,25206.0,731.0,55.48,1.61,1.76,2352.0,432.0,5.18,0.95,11.15,2496.0,359.0,5.49,0.79,8.75,2170.0,354.0,4.78,0.78,9.92,2341.0,318.0,5.15,0.7,8.26,2672.0,359.0,5.88,0.79,8.17,5176.0,550.0,11.39,1.21,6.46,4960.0,509.0,10.92,1.12,6.23,5288.0,527.0,11.64,1.16,6.06,3036.0,450.0,6.68,0.99,9.01,3656.0,445.0,8.05,0.98,7.4,5339.0,482.0,11.75,1.06,5.48,4109.0,423.0,9.04,0.93,6.25,1815.0,263.0,4.0,0.58,8.81,37033.0,631.0,81.51,1.39,1.04,11274.0,600.0,24.82,1.32,3.23,27393.0,1022.0,60.3,2.25,2.27,9624.0,886.0,21.18,1.95,5.6,92.0,118.0,0.2,0.26,79.03,3293.0,613.0,7.25,1.35,11.32,26.0,100.0,0.06,0.22,222.9,3821.0,845.0,8.41,1.86,13.44,1184.0,522.0,2.61,1.15,26.78,8203.0,1004.0,18.06,2.21,7.44,37228.0,1004.0,81.94,2.21,1.64,24147.0,859.0,53.15,1.89,2.16,9012.0,854.0,19.84,1.88,5.76,92.0,118.0,0.2,0.26,79.03,3279.0,613.0,7.22,1.35,11.37,8.0,100.0,0.02,0.22,668.69,245.0,377.0,0.54,0.83,93.44,437.0,245.0,0.96,0.54,34.19
44,Brighton Beach,BK1303,Brighton Beach,14573.0,,100,,,3598.0,353.0,24.69,2.42,5.96,6034.0,537.0,20.21,1.8,5.41,323.0,121.0,5.35,2.0,22.73,354.0,149.0,5.87,2.47,25.58,2492.0,270.0,41.3,4.47,6.58,925.0,162.0,15.33,2.68,10.63,1939.0,276.0,32.13,4.58,8.67,22462.0,1137.0,75.24,3.81,3.08,1822.0,299.0,8.11,1.33,9.97,1071.0,220.0,4.77,0.98,12.49,5655.0,624.0,25.18,2.78,6.71,9231.0,588.0,41.1,2.62,3.88,24537.0,1242.0,82.19,4.16,3.08,385.0,118.0,1.57,0.48,18.59,29590.0,908.0,99.12,3.04,1.87,5682.0,544.0,19.2,1.84,5.83,5297.0,531.0,17.74,1.78,6.09,77.0,76.0,1.45,1.43,59.95,17356.0,866.0,58.14,2.9,3.03,1245.0,260.0,7.17,1.5,12.72,6931.0,337.0,23.22,1.13,2.96,4353.0,291.0,62.8,4.2,4.07,29529.0,1158.0,98.91,3.88,2.38,26401.0,682.0,89.41,2.31,1.57,2591.0,532.0,8.77,1.8,12.48,537.0,278.0,1.82,0.94,31.4,29854.0,,100,,,8465.0,624.0,28.35,2.09,4.48,8073.0,603.0,27.04,2.02,4.54,393.0,155.0,1.32,0.52,23.95,21389.0,785.0,71.65,2.63,2.23,14266.0,682.0,66.7,3.19,2.91,7124.0,682.0,33.31,3.19,5.82,12926.0,693.0,60.43,3.24,3.26,6364.0,734.0,29.75,3.43,7.01,24.0,83.0,0.11,0.39,215.53,0.0,,0.0,,,2074.0,413.0,9.7,1.93,12.1,0.0,,0.0,,,28194.0,1636.0,94.44,5.48,3.53,4165.0,544.0,14.77,1.93,7.94,16796.0,685.0,59.57,2.43,2.48,3101.0,603.0,11.0,2.14,11.83,24982.0,1242.0,83.68,4.16,3.02,13246.0,557.0,53.02,2.23,2.56,12142.0,542.0,48.6,2.17,2.71,1083.0,312.0,4.34,1.25,17.51,16.0,85.0,0.06,0.34,344.48,11735.0,557.0,46.97,2.23,2.89,,,8.18,2.33,17.51,11839.0,567.0,39.66,1.9,2.91,2588.0,321.0,21.86,2.71,7.54,592.0,185.0,5.0,1.56,18.97,6381.0,412.0,53.9,3.48,3.92,1613.0,302.0,13.62,2.55,11.38,436.0,185.0,3.68,1.56,25.77,12153.0,567.0,40.71,1.9,2.84,9.0,79.0,0.07,0.65,564.48,880.0,196.0,7.24,1.61,13.52,464.0,158.0,3.82,1.3,20.69,226.0,109.0,1.86,0.9,29.41,1293.0,282.0,10.64,2.32,13.26,1012.0,232.0,8.33,1.91,13.94,98.0,66.0,0.81,0.54,40.53,737.0,170.0,6.06,1.4,14.04,1339.0,262.0,11.02,2.16,11.92,4152.0,384.0,34.17,3.16,5.62,853.0,194.0,7.02,1.6,13.86,826.0,198.0,6.8,1.63,14.57,257.0,97.0,2.11,0.8,23.05,3080.0,358.0,21.13,2.46,7.08,1615.0,259.0,11.08,1.78,9.77,1626.0,289.0,11.16,1.98,10.79,1242.0,254.0,8.52,1.74,12.41,1368.0,274.0,9.39,1.88,12.17,2190.0,326.0,15.03,2.24,9.06,959.0,224.0,6.58,1.54,14.23,1192.0,251.0,8.18,1.72,12.78,705.0,198.0,4.84,1.36,17.08,608.0,166.0,4.17,1.14,16.62,8979.0,392.0,61.61,2.69,2.65,3597.0,393.0,24.68,2.7,6.65,1536.0,264.0,10.54,1.81,10.44,3129.0,315.0,21.47,2.16,6.12,559.0,178.0,3.84,1.22,19.31,5331.0,385.0,36.58,2.64,4.39,26191.0,580.0,88.51,1.96,1.35,13733.0,811.0,46.41,2.74,3.59,14372.0,864.0,48.57,2.92,3.65,3398.0,580.0,11.48,1.96,10.38,14165.0,466.0,47.45,1.56,2.0,15689.0,466.0,52.55,1.56,1.8,1660.0,296.0,5.56,0.99,10.82,1616.0,251.0,5.41,0.84,9.44,1391.0,245.0,4.66,0.82,10.7,1159.0,224.0,3.88,0.75,11.75,1567.0,257.0,5.25,0.86,9.96,3983.0,475.0,13.34,1.59,7.25,3624.0,409.0,12.14,1.37,6.86,3908.0,433.0,13.09,1.45,6.73,1753.0,281.0,5.87,0.94,9.73,2008.0,305.0,6.73,1.02,9.21,2707.0,367.0,9.07,1.23,8.24,3242.0,430.0,10.86,1.44,8.06,1212.0,221.0,4.06,0.74,11.08,24552.0,436.0,82.24,1.46,1.08,7166.0,603.0,24.0,2.02,5.12,23177.0,812.0,77.63,2.72,2.13,340.0,176.0,1.14,0.59,31.46,127.0,155.0,0.43,0.52,73.51,3834.0,621.0,12.84,2.08,9.85,0.0,,0.0,,,1557.0,597.0,5.22,2.0,23.29,823.0,388.0,2.76,1.3,28.63,3631.0,702.0,12.16,2.35,11.75,26223.0,702.0,87.84,2.35,1.63,21207.0,797.0,71.04,2.67,2.28,261.0,161.0,0.87,0.54,37.73,118.0,158.0,0.4,0.53,80.55,3817.0,618.0,12.79,2.07,9.84,0.0,,0.0,,,78.0,143.0,0.26,0.48,112.23,744.0,379.0,2.49,1.27,31.01
45,Calvert Vaux Park,BK1391,Calvert Vaux Park,0.0,,100,,,0.0,,,,,0.0,,,,,0.0,,,,,0.0,,,,,0.0,,,,,0.0,,,,,0.0,,,,,0.0,,,,,0.0,,,,,0.0,,,,,0.0,,,,,0.0,,,,,0.0,,,,,0.0,,,,,0.0,,,,,0.0,,,,,0.0,,,,,0.0,,,,,0.0,,,,,0.0,,,,,0.0,,,,,0.0,,,,,0.0,,,,,0.0,,,,,0.0,,,,,0.0,,,,,0.0,,100,,,0.0,,,,,0.0,,,,,0.0,,,,,0.0,,,,,0.0,,,,,0.0,,,,,0.0,,,,,0.0,,,,,0.0,,,,,0.0,,,,,0.0,,,,,0.0,,,,,0.0,,,,,0.0,,,,,0.0,,,,,0.0,,,,,0.0,,,,,0.0,,,,,0.0,,,,,0.0,,,,,0.0,,,,,0.0,,,,,,,,,,0.0,,,,,0.0,,,,,0.0,,,,,0.0,,,,,0.0,,,,,0.0,,,,,0.0,,,,,0.0,,,,,0.0,,,,,0.0,,,,,0.0,,,,,0.0,,,,,0.0,,,,,0.0,,,,,0.0,,,,,0.0,,,,,0.0,,,,,0.0,,,,,0.0,,,,,0.0,,,,,0.0,,,,,0.0,,,,,0.0,,,,,0.0,,,,,0.0,,,,,0.0,,,,,0.0,,,,,0.0,,,,,0.0,,,,,0.0,,,,,0.0,,,,,0.0,,,,,0.0,,,,,0.0,,,,,0.0,,,,,0.0,,,,,0.0,,,,,0.0,,,,,0.0,,,,,0.0,,,,,0.0,,,,,0.0,,,,,0.0,,,,,0.0,,,,,0.0,,,,,0.0,,,,,0.0,,,,,0.0,,,,,0.0,,,,,0.0,,,,,0.0,,,,,0.0,,,,,0.0,,,,,0.0,,,,,0.0,,,,,0.0,,,,,0.0,,,,,0.0,,,,,0.0,,,,,0.0,,,,,0.0,,,,,0.0,,,,,0.0,,,,,0.0,,,,,0.0,,,,,0.0,,,,,0.0,,,,,0.0,,,,,0.0,,,,,0.0,,,,,0.0,,,,,0.0,,,,,0.0,,,,
46,Flatbush,BK1401,Flatbush,25613.0,,100,,,9081.0,479.0,35.45,1.87,3.21,18849.0,938.0,26.93,1.34,3.03,1000.0,245.0,5.31,1.3,14.88,1114.0,228.0,5.91,1.21,12.45,7053.0,477.0,37.42,2.53,4.11,3833.0,373.0,20.34,1.98,5.92,5850.0,456.0,31.04,2.42,4.74,46063.0,1365.0,65.82,1.95,1.8,4380.0,479.0,9.51,1.04,6.65,4448.0,461.0,9.66,1.0,6.29,14457.0,746.0,31.38,1.62,3.14,13029.0,686.0,28.28,1.49,3.2,53276.0,1757.0,76.12,2.51,2.0,1051.0,229.0,1.97,0.43,13.27,69974.0,476.0,99.98,0.68,0.41,5980.0,539.0,8.55,0.77,5.47,16699.0,931.0,23.86,1.33,3.39,404.0,149.0,2.42,0.89,22.36,46560.0,1134.0,66.53,1.62,1.48,3140.0,368.0,6.74,0.79,7.13,6718.0,434.0,9.6,0.62,3.93,2434.0,255.0,36.23,3.79,6.36,68785.0,2016.0,98.28,2.88,1.78,64123.0,605.0,93.22,0.88,0.57,4300.0,578.0,6.25,0.84,8.17,359.0,165.0,0.52,0.24,28.06,69986.0,,100,,,39301.0,1029.0,56.16,1.47,1.59,37872.0,1029.0,54.11,1.47,1.65,1435.0,280.0,2.05,0.4,11.86,30685.0,924.0,43.84,1.32,1.83,16738.0,703.0,54.55,2.29,2.55,13947.0,703.0,45.45,2.29,3.06,933.0,245.0,3.04,0.8,16.0,1958.0,350.0,6.38,1.14,10.86,853.0,273.0,2.78,0.89,19.46,10.0,107.0,0.03,0.35,709.22,26790.0,503.0,87.31,1.64,1.14,146.0,114.0,0.48,0.37,46.86,64728.0,1813.0,92.49,2.59,1.7,36854.0,1327.0,56.94,2.05,2.19,13646.0,997.0,21.08,1.54,4.44,12162.0,964.0,18.79,1.49,4.82,54978.0,1659.0,78.56,2.37,1.83,36539.0,808.0,66.46,1.47,1.34,33176.0,819.0,60.34,1.49,1.5,3354.0,412.0,6.1,0.75,7.47,8.0,115.0,0.01,0.21,1276.6,18439.0,808.0,33.54,1.47,2.66,,,9.18,1.11,7.47,32174.0,686.0,45.97,0.98,1.3,4668.0,483.0,14.51,1.5,6.28,1048.0,209.0,3.26,0.65,12.12,22883.0,621.0,71.12,1.93,1.65,1619.0,312.0,5.03,0.97,11.72,1083.0,257.0,3.37,0.8,14.43,33175.0,917.0,47.4,1.31,1.68,0.0,,0.0,,,1519.0,299.0,4.58,0.9,11.95,940.0,229.0,2.83,0.69,14.82,385.0,159.0,1.16,0.48,25.15,3308.0,378.0,9.97,1.14,6.95,2385.0,342.0,7.19,1.03,8.71,1177.0,239.0,3.55,0.72,12.33,2185.0,312.0,6.59,0.94,8.67,3827.0,411.0,11.54,1.24,6.53,11196.0,627.0,33.75,1.89,3.4,3202.0,411.0,9.65,1.24,7.81,1852.0,309.0,5.58,0.93,10.13,1200.0,239.0,3.62,0.72,12.09,2335.0,300.0,9.12,1.17,7.8,1207.0,238.0,4.71,0.93,12.0,3070.0,351.0,11.99,1.37,6.95,3279.0,379.0,12.8,1.48,7.03,3578.0,402.0,13.97,1.57,6.83,5181.0,448.0,20.23,1.75,5.26,3098.0,359.0,12.1,1.4,7.03,2515.0,343.0,9.82,1.34,8.3,718.0,174.0,2.8,0.68,14.76,636.0,169.0,2.48,0.66,16.18,21431.0,379.0,83.67,1.48,1.08,5340.0,394.0,20.85,1.54,4.49,2149.0,266.0,8.39,1.04,7.54,1828.0,279.0,7.14,1.09,9.28,1433.0,259.0,5.59,1.01,10.98,7060.0,487.0,27.56,1.9,4.19,60455.0,805.0,86.4,1.15,0.81,34173.0,1385.0,48.84,1.98,2.46,29692.0,1336.0,42.43,1.91,2.74,9518.0,805.0,13.6,1.15,5.14,31548.0,777.0,45.08,1.11,1.5,38438.0,777.0,54.92,1.11,1.23,5258.0,560.0,7.51,0.8,6.48,4438.0,434.0,6.34,0.62,5.94,4277.0,448.0,6.11,0.64,6.37,4349.0,469.0,6.21,0.67,6.56,5585.0,539.0,7.98,0.77,5.87,12655.0,784.0,18.08,1.12,3.77,10119.0,672.0,14.46,0.96,4.04,8873.0,623.0,12.68,0.89,4.27,3998.0,420.0,5.71,0.6,6.39,3701.0,413.0,5.29,0.59,6.78,4339.0,392.0,6.2,0.56,5.49,1755.0,259.0,2.51,0.37,8.96,618.0,161.0,0.88,0.23,15.89,53286.0,763.0,76.14,1.09,0.87,6718.0,483.0,9.6,0.69,4.37,10546.0,938.0,15.07,1.34,5.41,45878.0,1260.0,65.55,1.8,1.67,128.0,175.0,0.18,0.25,84.43,2440.0,546.0,3.49,0.78,13.59,12.0,112.0,0.02,0.16,486.32,8673.0,1239.0,12.39,1.77,8.68,2330.0,497.0,3.33,0.71,12.96,13931.0,1211.0,19.91,1.73,5.28,56055.0,1211.0,80.09,1.73,1.31,7722.0,742.0,11.03,1.06,5.84,43817.0,1232.0,62.61,1.76,1.71,24.0,112.0,0.03,0.16,324.21,2427.0,546.0,3.47,0.78,13.66,12.0,112.0,0.02,0.16,486.32,366.0,189.0,0.52,0.27,31.56,1682.0,406.0,2.4,0.58,14.69
47,Flatbush (West)-Ditmas Park-Parkville,BK1402,Flatbush (West)-Ditmas Park-Parkville,15399.0,,100,,,5183.0,334.0,33.66,2.17,3.92,11534.0,662.0,26.83,1.54,3.49,559.0,144.0,4.85,1.25,15.67,852.0,167.0,7.39,1.45,11.93,4622.0,332.0,40.07,2.88,4.37,2078.0,258.0,18.02,2.24,7.56,3420.0,322.0,29.65,2.79,5.72,28418.0,1285.0,66.12,2.99,2.75,3194.0,449.0,11.24,1.58,8.55,2611.0,358.0,9.19,1.26,8.33,5860.0,500.0,20.62,1.76,5.19,11560.0,583.0,40.68,2.05,3.06,32276.0,1341.0,75.09,3.12,2.53,556.0,155.0,1.72,0.48,16.96,42976.0,43.0,99.99,0.1,0.06,4894.0,456.0,11.39,1.06,5.66,10701.0,739.0,24.9,1.72,4.2,236.0,114.0,2.21,1.07,29.43,26783.0,791.0,62.31,1.84,1.8,2308.0,311.0,8.62,1.16,8.18,5485.0,318.0,12.76,0.74,3.52,2341.0,212.0,42.68,3.86,5.5,42487.0,1281.0,98.85,2.98,1.83,38426.0,650.0,90.44,1.53,1.03,3607.0,629.0,8.49,1.48,10.6,453.0,195.0,1.07,0.46,26.13,42982.0,,100,,,23366.0,817.0,54.36,1.9,2.12,22101.0,799.0,51.42,1.86,2.2,1264.0,254.0,2.94,0.59,12.2,19616.0,873.0,45.64,2.03,2.71,11345.0,661.0,57.83,3.37,3.54,8271.0,661.0,42.16,3.37,4.86,3429.0,445.0,17.48,2.27,7.89,7868.0,638.0,40.11,3.25,4.93,410.0,230.0,2.09,1.17,34.03,50.0,92.0,0.25,0.47,114.29,7828.0,634.0,39.91,3.23,4.92,36.0,88.0,0.18,0.45,151.98,39676.0,1582.0,92.31,3.68,2.42,17058.0,1000.0,42.99,2.52,3.56,12931.0,877.0,32.59,2.21,4.12,6115.0,853.0,15.41,2.15,8.48,33405.0,1410.0,77.72,3.28,2.57,20751.0,578.0,62.12,1.73,1.69,19150.0,541.0,57.33,1.62,1.72,1600.0,261.0,4.79,0.78,9.9,0.0,,0.0,,,12653.0,578.0,37.88,1.73,2.78,,,7.71,1.24,9.92,18733.0,683.0,43.58,1.59,2.22,3679.0,356.0,19.64,1.9,5.88,776.0,202.0,4.14,1.08,15.86,11149.0,461.0,59.52,2.46,2.51,1805.0,298.0,9.64,1.59,10.03,751.0,165.0,4.01,0.88,13.34,19152.0,683.0,44.56,1.59,2.17,0.0,,0.0,,,1048.0,257.0,5.47,1.34,14.89,564.0,180.0,2.94,0.94,19.44,473.0,132.0,2.47,0.69,16.98,1962.0,287.0,10.24,1.5,8.9,1547.0,289.0,8.08,1.51,11.36,753.0,167.0,3.93,0.87,13.46,1473.0,228.0,7.69,1.19,9.41,2070.0,272.0,10.81,1.42,7.99,5713.0,398.0,29.83,2.08,4.24,2033.0,303.0,10.62,1.58,9.04,902.0,197.0,4.71,1.03,13.29,612.0,157.0,3.2,0.82,15.58,1584.0,229.0,10.29,1.49,8.8,1020.0,194.0,6.62,1.26,11.57,1691.0,239.0,10.98,1.55,8.58,1527.0,263.0,9.92,1.71,10.48,1788.0,260.0,11.61,1.69,8.85,2560.0,280.0,16.62,1.82,6.66,1804.0,251.0,11.72,1.63,8.45,1690.0,240.0,10.97,1.56,8.64,958.0,160.0,6.22,1.04,10.16,775.0,125.0,5.03,0.81,9.79,12387.0,271.0,80.44,1.76,1.33,3496.0,277.0,22.7,1.8,4.82,1947.0,214.0,12.64,1.39,6.69,1455.0,225.0,9.45,1.46,9.39,449.0,119.0,2.92,0.77,16.03,3674.0,325.0,23.86,2.11,5.38,37687.0,692.0,87.69,1.61,1.12,19833.0,1006.0,46.15,2.34,3.08,20828.0,1006.0,48.46,2.34,2.94,5289.0,692.0,12.31,1.61,7.95,20685.0,537.0,48.12,1.25,1.58,22297.0,537.0,51.88,1.25,1.46,3306.0,421.0,7.69,0.98,7.75,3105.0,344.0,7.22,0.8,6.74,2753.0,340.0,6.41,0.79,7.49,2378.0,297.0,5.53,0.69,7.59,3007.0,383.0,7.0,0.89,7.73,6857.0,559.0,15.95,1.3,4.95,6388.0,464.0,14.86,1.08,4.42,4967.0,426.0,11.56,0.99,5.21,2510.0,309.0,5.84,0.72,7.49,2211.0,271.0,5.14,0.63,7.45,3026.0,335.0,7.04,0.78,6.74,1674.0,241.0,3.89,0.56,8.75,785.0,168.0,1.83,0.39,12.96,32276.0,597.0,75.09,1.39,1.13,5485.0,408.0,12.76,0.95,4.53,19045.0,1049.0,44.31,2.44,3.35,8856.0,709.0,20.6,1.65,4.87,166.0,155.0,0.39,0.36,56.11,8705.0,868.0,20.25,2.02,6.06,0.0,,0.0,,,5114.0,1062.0,11.9,2.47,12.62,1103.0,421.0,2.57,0.98,23.18,7268.0,950.0,16.91,2.21,7.94,35714.0,950.0,83.09,2.21,1.62,17004.0,937.0,39.56,2.18,3.35,8618.0,701.0,20.05,1.63,4.94,25.0,86.0,0.06,0.2,202.63,8614.0,868.0,20.04,2.02,6.13,0.0,,0.0,,,584.0,335.0,1.36,0.78,34.87,871.0,408.0,2.03,0.95,28.45
48,Midwood,BK1403,Midwood,18929.0,,100,,,6155.0,356.0,32.52,1.88,3.51,14598.0,874.0,29.73,1.78,3.64,1015.0,199.0,6.95,1.36,11.9,859.0,159.0,5.88,1.09,11.27,5721.0,391.0,39.19,2.68,4.16,2709.0,282.0,18.56,1.93,6.32,4295.0,377.0,29.42,2.58,5.33,31074.0,1183.0,63.29,2.41,2.31,2355.0,311.0,7.58,1.0,8.02,2062.0,348.0,6.64,1.12,10.25,6816.0,488.0,21.93,1.57,4.35,13356.0,600.0,42.98,1.93,2.73,35912.0,1282.0,73.14,2.61,2.17,638.0,122.0,1.78,0.34,11.61,48821.0,147.0,99.43,0.3,0.18,5448.0,469.0,11.16,0.96,5.23,13127.0,781.0,26.74,1.59,3.62,215.0,114.0,1.64,0.87,32.25,28502.0,830.0,58.05,1.69,1.77,1995.0,291.0,7.0,1.02,8.86,7200.0,304.0,14.66,0.62,2.57,3243.0,239.0,45.04,3.32,4.48,48260.0,1478.0,98.29,3.01,1.86,44852.0,584.0,92.94,1.21,0.79,3023.0,565.0,6.26,1.17,11.36,392.0,212.0,0.81,0.44,33.02,49100.0,,100,,,30234.0,879.0,61.58,1.79,1.77,28981.0,864.0,59.02,1.76,1.81,1255.0,295.0,2.56,0.6,14.25,18866.0,746.0,38.42,1.52,2.4,12145.0,536.0,64.37,2.84,2.68,6721.0,536.0,35.62,2.84,4.85,8189.0,549.0,43.41,2.91,4.08,7338.0,528.0,38.89,2.8,4.38,383.0,175.0,2.03,0.93,27.85,17.0,109.0,0.09,0.58,391.76,2816.0,477.0,14.93,2.53,10.3,122.0,115.0,0.65,0.61,57.05,45200.0,1507.0,92.06,3.07,2.03,22433.0,976.0,49.63,2.16,2.65,13294.0,818.0,29.41,1.81,3.74,2740.0,574.0,6.06,1.27,12.74,37312.0,1399.0,75.99,2.85,2.28,21883.0,560.0,58.65,1.5,1.55,19805.0,567.0,53.08,1.52,1.74,2022.0,317.0,5.42,0.85,9.53,57.0,119.0,0.15,0.32,129.69,15429.0,560.0,41.35,1.5,2.21,,,9.24,1.43,9.53,19362.0,481.0,39.43,0.98,1.51,5566.0,401.0,28.75,2.07,4.38,1168.0,201.0,6.03,1.04,10.48,9041.0,441.0,46.69,2.28,2.97,2482.0,283.0,12.82,1.46,6.92,833.0,178.0,4.3,0.92,13.01,19798.0,491.0,40.32,1.0,1.51,0.0,,0.0,,,810.0,196.0,4.09,0.99,14.71,793.0,208.0,4.01,1.05,15.92,948.0,182.0,4.79,0.92,11.68,1745.0,271.0,8.81,1.37,9.45,1373.0,255.0,6.94,1.29,11.3,498.0,131.0,2.52,0.66,15.92,2005.0,261.0,10.13,1.32,7.92,2190.0,275.0,11.06,1.39,7.64,7129.0,453.0,36.01,2.29,3.87,1153.0,222.0,5.82,1.12,11.7,752.0,164.0,3.8,0.83,13.28,398.0,115.0,2.01,0.58,17.54,2489.0,318.0,13.15,1.68,7.77,1432.0,239.0,7.57,1.26,10.12,2144.0,282.0,11.33,1.49,7.99,1702.0,263.0,8.99,1.39,9.4,2179.0,280.0,11.51,1.48,7.82,2641.0,312.0,13.95,1.65,7.19,1897.0,261.0,10.02,1.38,8.37,2151.0,254.0,11.36,1.34,7.17,990.0,186.0,5.23,0.98,11.39,1310.0,197.0,6.92,1.04,9.14,14203.0,346.0,75.03,1.83,1.48,4757.0,318.0,25.13,1.68,4.06,2156.0,229.0,11.39,1.21,6.46,2314.0,292.0,12.22,1.54,7.66,542.0,165.0,2.86,0.87,18.49,4516.0,380.0,23.86,2.01,5.12,44394.0,610.0,90.93,1.25,0.84,25031.0,1045.0,51.27,2.14,2.54,23348.0,1079.0,47.82,2.21,2.81,4426.0,610.0,9.07,1.25,8.38,23532.0,516.0,47.93,1.05,1.33,25568.0,516.0,52.07,1.05,1.23,3900.0,417.0,7.94,0.85,6.51,3656.0,368.0,7.45,0.75,6.12,3560.0,349.0,7.25,0.71,5.95,3222.0,339.0,6.56,0.69,6.39,3683.0,373.0,7.5,0.76,6.16,6695.0,540.0,13.64,1.1,4.9,5146.0,447.0,10.48,0.91,5.28,5879.0,457.0,11.97,0.93,4.72,2961.0,329.0,6.03,0.67,6.75,3082.0,373.0,6.28,0.76,7.36,3668.0,349.0,7.47,0.71,5.78,2310.0,270.0,4.7,0.55,7.11,1355.0,201.0,2.76,0.41,9.03,35967.0,604.0,73.25,1.23,1.02,7326.0,417.0,14.92,0.85,3.46,37789.0,972.0,76.96,1.98,1.56,2857.0,520.0,5.82,1.06,11.07,76.0,147.0,0.15,0.3,121.58,5634.0,771.0,11.47,1.57,8.32,0.0,,0.0,,,2092.0,599.0,4.26,1.22,17.41,650.0,260.0,1.32,0.53,24.41,3810.0,707.0,7.76,1.44,11.28,45290.0,707.0,92.24,1.44,0.95,36321.0,1021.0,73.97,2.08,1.71,2764.0,516.0,5.63,1.05,11.34,76.0,147.0,0.15,0.3,121.58,5548.0,761.0,11.3,1.55,8.34,0.0,,0.0,,,89.0,123.0,0.18,0.25,84.43,496.0,216.0,1.01,0.44,26.48
49,Gravesend (East)-Homecrest,BK1501,Gravesend (East)-Homecrest,19362.0,,100,,,7021.0,374.0,36.26,1.93,3.24,13488.0,781.0,26.42,1.53,3.52,1127.0,192.0,8.36,1.42,10.33,933.0,178.0,6.92,1.32,11.6,5353.0,359.0,39.69,2.66,4.07,2767.0,290.0,20.51,2.15,6.37,3306.0,322.0,24.51,2.39,5.93,33277.0,1184.0,65.18,2.32,2.16,3091.0,343.0,9.29,1.03,6.74,2689.0,333.0,8.08,1.0,7.52,8845.0,546.0,26.58,1.64,3.75,12075.0,609.0,36.29,1.83,3.07,37034.0,1338.0,72.54,2.62,2.2,699.0,137.0,1.89,0.37,11.9,51033.0,15.0,99.96,0.03,0.02,4950.0,413.0,9.7,0.81,5.08,14014.0,858.0,27.45,1.68,3.72,217.0,116.0,1.55,0.83,32.55,29736.0,868.0,58.25,1.7,1.77,1821.0,244.0,6.12,0.82,8.15,7282.0,373.0,14.26,0.73,3.11,2918.0,232.0,40.07,3.19,4.84,50022.0,1440.0,97.98,2.82,1.75,45122.0,690.0,90.2,1.38,0.93,4206.0,645.0,8.41,1.29,9.32,701.0,315.0,1.4,0.63,27.36,51051.0,,100,,,27614.0,847.0,54.09,1.66,1.87,26751.0,853.0,52.4,1.67,1.94,857.0,240.0,1.68,0.47,17.01,23437.0,720.0,45.91,1.41,1.87,15129.0,642.0,64.55,2.74,2.58,8308.0,642.0,35.45,2.74,4.7,8841.0,567.0,37.72,2.42,3.9,11112.0,619.0,47.41,2.64,3.39,623.0,155.0,2.66,0.66,15.08,16.0,124.0,0.07,0.53,460.27,2826.0,478.0,12.06,2.04,10.28,20.0,112.0,0.09,0.48,324.21,45925.0,1583.0,89.96,3.1,2.1,18777.0,978.0,40.89,2.13,3.17,15435.0,817.0,33.61,1.78,3.22,4383.0,693.0,9.54,1.51,9.62,38399.0,1475.0,75.22,2.89,2.34,23011.0,561.0,59.93,1.46,1.48,21081.0,572.0,54.9,1.49,1.65,1926.0,292.0,5.02,0.76,9.2,0.0,,0.0,,,15388.0,561.0,40.07,1.46,2.21,,,8.37,1.25,9.22,20694.0,628.0,40.54,1.23,1.84,5308.0,408.0,25.65,1.97,4.67,1341.0,221.0,6.48,1.07,10.04,10420.0,461.0,50.35,2.23,2.69,1845.0,250.0,8.92,1.21,8.25,1224.0,271.0,5.91,1.31,13.47,21084.0,572.0,41.3,1.12,1.65,5.0,122.0,0.02,0.58,1762.92,1153.0,226.0,5.47,1.07,11.89,739.0,167.0,3.51,0.79,13.68,1227.0,219.0,5.82,1.04,10.86,2708.0,306.0,12.84,1.45,6.86,1381.0,234.0,6.55,1.11,10.3,398.0,137.0,1.89,0.65,20.91,1954.0,255.0,9.27,1.21,7.93,2286.0,266.0,10.84,1.26,7.07,5870.0,415.0,27.84,1.97,4.3,1665.0,261.0,7.9,1.24,9.54,1085.0,215.0,5.15,1.02,12.04,616.0,156.0,2.92,0.74,15.41,1522.0,211.0,7.86,1.09,8.43,1187.0,203.0,6.13,1.05,10.41,2426.0,294.0,12.53,1.52,7.37,1930.0,263.0,9.97,1.36,8.29,2359.0,281.0,12.18,1.45,7.24,3119.0,327.0,16.11,1.69,6.38,2233.0,277.0,11.53,1.43,7.54,2572.0,281.0,13.28,1.45,6.64,975.0,196.0,5.04,1.01,12.18,1044.0,178.0,5.39,0.92,10.38,14961.0,316.0,77.27,1.63,1.28,4951.0,327.0,25.57,1.69,4.02,1950.0,225.0,10.07,1.16,7.0,1794.0,221.0,9.27,1.14,7.48,603.0,141.0,3.11,0.73,14.27,3637.0,310.0,18.78,1.6,5.18,46591.0,561.0,91.3,1.1,0.73,28138.0,1143.0,55.14,2.24,2.47,21867.0,1107.0,42.85,2.17,3.08,4442.0,561.0,8.7,1.1,7.69,24963.0,541.0,48.9,1.06,1.32,26088.0,541.0,51.1,1.06,1.26,5126.0,480.0,10.04,0.94,5.69,3593.0,357.0,7.04,0.7,6.04,3313.0,337.0,6.49,0.66,6.18,3000.0,322.0,5.88,0.63,6.51,2739.0,322.0,5.37,0.63,7.13,8529.0,597.0,16.71,1.17,4.26,6509.0,485.0,12.75,0.95,4.53,5474.0,454.0,10.72,0.89,5.05,2901.0,327.0,5.68,0.64,6.85,2571.0,322.0,5.04,0.63,7.6,4110.0,378.0,8.05,0.74,5.59,1980.0,255.0,3.88,0.5,7.83,1194.0,184.0,2.34,0.36,9.35,37034.0,664.0,72.54,1.3,1.09,7282.0,485.0,14.26,0.95,4.05,39776.0,995.0,77.91,1.95,1.52,602.0,230.0,1.18,0.45,23.18,212.0,204.0,0.42,0.4,57.9,6670.0,735.0,13.07,1.44,6.7,158.0,235.0,0.31,0.46,90.2,2528.0,674.0,4.95,1.32,16.21,1097.0,449.0,2.15,0.88,24.88,5687.0,858.0,11.14,1.68,9.17,45364.0,858.0,88.86,1.68,1.15,37122.0,1047.0,72.72,2.05,1.71,430.0,184.0,0.84,0.36,26.05,107.0,174.0,0.21,0.34,98.42,6641.0,730.0,13.01,1.43,6.68,158.0,235.0,0.31,0.46,90.2,103.0,117.0,0.2,0.23,69.91,796.0,342.0,1.56,0.67,26.11
50,Madison,BK1502,Madison,15297.0,,100,,,4549.0,292.0,29.74,1.91,3.9,9860.0,614.0,24.58,1.53,3.79,641.0,137.0,6.5,1.39,13.0,537.0,140.0,5.45,1.42,15.84,3521.0,266.0,35.71,2.7,4.6,1922.0,201.0,19.49,2.04,6.36,3237.0,270.0,32.83,2.74,5.07,28320.0,955.0,70.58,2.38,2.05,2368.0,295.0,8.36,1.04,7.56,1657.0,246.0,5.85,0.87,9.04,7301.0,462.0,25.78,1.63,3.84,11598.0,532.0,40.95,1.88,2.79,31759.0,1067.0,79.16,2.66,2.04,700.0,118.0,2.2,0.37,10.22,40100.0,32.0,99.95,0.08,0.05,4092.0,345.0,10.2,0.86,5.13,8361.0,590.0,20.84,1.47,4.29,142.0,90.0,1.7,1.08,38.62,24751.0,494.0,61.69,1.23,1.21,1360.0,200.0,5.49,0.81,8.97,6983.0,317.0,17.4,0.79,2.76,2594.0,218.0,37.15,3.12,5.11,39669.0,1160.0,98.87,2.89,1.78,36385.0,551.0,91.72,1.39,0.92,2923.0,512.0,7.37,1.29,10.64,360.0,171.0,0.91,0.43,28.73,40122.0,,100,,,20443.0,706.0,50.95,1.76,2.1,19596.0,710.0,48.84,1.77,2.2,847.0,229.0,2.11,0.57,16.42,19679.0,666.0,49.05,1.66,2.06,13605.0,527.0,69.13,2.68,2.36,6074.0,527.0,30.86,2.68,5.28,7947.0,539.0,40.38,2.74,4.12,9819.0,581.0,49.89,2.95,3.59,313.0,140.0,1.59,0.71,27.15,16.0,104.0,0.08,0.53,402.74,1552.0,344.0,7.89,1.75,13.48,32.0,102.0,0.16,0.52,197.57,37509.0,1272.0,93.49,3.17,2.06,15776.0,821.0,42.06,2.19,3.17,12895.0,679.0,34.38,1.81,3.2,2227.0,506.0,5.94,1.35,13.82,32739.0,1123.0,81.6,2.8,2.09,18901.0,491.0,57.73,1.5,1.58,17800.0,494.0,54.37,1.51,1.69,1100.0,180.0,3.36,0.55,9.95,0.0,,0.0,,,13838.0,491.0,42.27,1.5,2.16,,,5.82,0.94,9.95,17368.0,413.0,43.29,1.03,1.45,4810.0,328.0,27.69,1.89,4.15,927.0,167.0,5.34,0.96,10.93,9325.0,377.0,53.69,2.17,2.46,1342.0,203.0,7.73,1.17,9.2,663.0,153.0,3.82,0.88,14.0,17802.0,409.0,44.37,1.02,1.4,13.0,112.0,0.07,0.63,547.11,987.0,199.0,5.54,1.12,12.29,697.0,137.0,3.92,0.77,11.94,915.0,173.0,5.14,0.97,11.47,1886.0,244.0,10.59,1.37,7.86,1054.0,167.0,5.92,0.94,9.65,610.0,128.0,3.43,0.72,12.76,1662.0,214.0,9.34,1.2,7.81,2034.0,255.0,11.43,1.43,7.61,5318.0,333.0,29.87,1.87,3.81,1222.0,203.0,6.86,1.14,10.1,778.0,150.0,4.37,0.84,11.69,624.0,137.0,3.51,0.77,13.34,1294.0,181.0,8.46,1.18,8.48,839.0,164.0,5.48,1.07,11.87,1532.0,213.0,10.02,1.39,8.43,1280.0,191.0,8.37,1.25,9.08,1826.0,225.0,11.94,1.47,7.48,2542.0,254.0,16.62,1.66,6.07,1768.0,213.0,11.56,1.39,7.31,2327.0,245.0,15.21,1.6,6.39,869.0,148.0,5.68,0.97,10.38,1015.0,153.0,6.64,1.0,9.16,11485.0,268.0,75.08,1.75,1.42,4458.0,265.0,29.14,1.73,3.61,2003.0,197.0,13.09,1.29,5.99,1341.0,171.0,8.77,1.12,7.76,412.0,110.0,2.69,0.72,16.27,2671.0,245.0,17.46,1.6,5.57,36970.0,445.0,92.19,1.11,0.73,23632.0,846.0,58.93,2.11,2.18,16408.0,806.0,40.92,2.01,2.99,3131.0,445.0,7.81,1.11,8.64,19652.0,421.0,48.98,1.05,1.3,20470.0,421.0,51.02,1.05,1.25,2613.0,309.0,6.51,0.77,7.19,2369.0,273.0,5.9,0.68,7.01,2022.0,229.0,5.04,0.57,6.88,2160.0,253.0,5.38,0.63,7.12,2637.0,309.0,6.57,0.77,7.12,5008.0,421.0,12.48,1.05,5.11,4727.0,369.0,11.78,0.92,4.75,5679.0,389.0,14.15,0.97,4.17,3089.0,289.0,7.7,0.72,5.68,2831.0,289.0,7.06,0.72,6.2,3737.0,301.0,9.31,0.75,4.9,2322.0,257.0,5.79,0.64,6.72,930.0,169.0,2.32,0.42,11.01,31759.0,469.0,79.16,1.17,0.9,6983.0,409.0,17.4,1.02,3.56,28042.0,875.0,69.89,2.18,1.9,635.0,169.0,1.58,0.42,16.16,0.0,,0.0,,,8949.0,770.0,22.3,1.92,5.23,64.0,152.0,0.16,0.38,144.38,1419.0,546.0,3.54,1.36,23.35,1015.0,333.0,2.53,0.83,19.94,3476.0,658.0,8.66,1.64,11.51,36646.0,658.0,91.34,1.64,1.09,26248.0,883.0,65.42,2.2,2.04,551.0,165.0,1.37,0.41,18.19,0.0,,0.0,,,8892.0,770.0,22.16,1.92,5.27,64.0,152.0,0.16,0.38,144.38,58.0,132.0,0.14,0.33,143.29,838.0,313.0,2.09,0.78,22.69
51,Sheepshead Bay-Manhattan Beach-Gerritsen Beach,BK1503,Sheepshead Bay-Manhattan Beach-Gerritsen Beach,27027.0,,100,,,7629.0,468.0,28.23,1.73,3.73,14672.0,796.0,22.13,1.2,3.3,725.0,216.0,4.94,1.47,18.09,504.0,141.0,3.44,0.96,16.96,5848.0,423.0,39.86,2.88,4.39,2650.0,335.0,18.06,2.28,7.67,4945.0,402.0,33.7,2.74,4.94,48685.0,1518.0,73.44,2.29,1.9,3651.0,424.0,7.5,0.87,7.05,3341.0,463.0,6.86,0.95,8.42,12121.0,716.0,24.9,1.47,3.59,19692.0,847.0,40.45,1.74,2.61,53751.0,1518.0,81.08,2.29,1.72,1523.0,210.0,2.83,0.39,8.38,66126.0,908.0,99.75,1.37,0.83,9086.0,661.0,13.74,1.0,4.42,12504.0,815.0,18.86,1.23,3.96,169.0,100.0,1.35,0.8,36.02,41018.0,849.0,61.87,1.28,1.26,3180.0,390.0,7.75,0.95,7.45,12601.0,570.0,19.01,0.86,2.75,5739.0,374.0,45.55,2.97,3.96,65536.0,1863.0,98.86,2.81,1.73,60371.0,800.0,92.12,1.22,0.81,4713.0,773.0,7.19,1.18,9.98,460.0,216.0,0.7,0.33,28.66,66293.0,,100,,,33696.0,1014.0,50.83,1.53,1.83,32720.0,1021.0,49.36,1.54,1.9,981.0,232.0,1.48,0.35,14.38,32597.0,955.0,49.17,1.44,1.78,24165.0,782.0,74.13,2.4,1.97,8432.0,782.0,25.87,2.4,5.64,16958.0,861.0,52.02,2.64,3.09,12100.0,861.0,37.12,2.64,4.32,423.0,173.0,1.3,0.53,24.78,15.0,127.0,0.05,0.39,474.16,2972.0,469.0,9.12,1.44,9.6,134.0,163.0,0.41,0.5,74.13,62825.0,1710.0,94.77,2.58,1.65,26001.0,1143.0,41.39,1.82,2.67,20758.0,1037.0,33.04,1.65,3.04,3401.0,647.0,5.41,1.03,11.57,55178.0,1690.0,83.23,2.55,1.86,32956.0,778.0,59.73,1.41,1.44,29712.0,772.0,53.85,1.4,1.58,3222.0,425.0,5.84,0.77,8.02,35.0,132.0,0.06,0.24,243.16,22223.0,778.0,40.28,1.41,2.13,,,9.78,1.27,8.02,28950.0,875.0,43.67,1.32,1.84,8622.0,527.0,29.78,1.82,3.72,2518.0,408.0,8.7,1.41,9.85,13901.0,637.0,48.02,2.2,2.79,2055.0,290.0,7.1,1.0,8.56,1373.0,295.0,4.74,1.02,13.08,29704.0,835.0,44.81,1.26,1.71,38.0,134.0,0.13,0.45,210.43,1934.0,333.0,6.51,1.12,10.46,1179.0,258.0,3.97,0.87,13.32,861.0,208.0,2.9,0.7,14.67,2878.0,342.0,9.69,1.15,7.21,2108.0,324.0,7.1,1.09,9.33,684.0,160.0,2.3,0.54,14.27,2497.0,309.0,8.41,1.04,7.52,3229.0,410.0,10.87,1.38,7.72,9615.0,555.0,32.37,1.87,3.51,2041.0,333.0,6.87,1.12,9.91,1358.0,238.0,4.57,0.8,10.64,1297.0,250.0,4.37,0.84,11.69,2539.0,351.0,9.39,1.3,8.42,1876.0,292.0,6.94,1.08,9.46,2766.0,351.0,10.23,1.3,7.73,2671.0,365.0,9.88,1.35,8.31,2927.0,341.0,10.83,1.26,7.07,4165.0,354.0,15.41,1.31,5.17,3130.0,349.0,11.58,1.29,6.77,4013.0,365.0,14.85,1.35,5.53,1510.0,224.0,5.59,0.83,9.03,1434.0,227.0,5.31,0.84,9.62,19936.0,432.0,73.76,1.6,1.32,8064.0,424.0,29.84,1.57,3.2,4615.0,351.0,17.08,1.3,4.63,2284.0,286.0,8.45,1.06,7.63,721.0,189.0,2.67,0.7,15.94,4897.0,424.0,18.12,1.57,5.27,61360.0,635.0,92.79,0.96,0.63,39512.0,1323.0,59.75,2.0,2.03,27943.0,1329.0,42.26,2.01,2.89,4767.0,635.0,7.21,0.96,8.09,31519.0,703.0,47.54,1.06,1.36,34774.0,703.0,52.46,1.06,1.23,3468.0,457.0,5.23,0.69,8.02,3388.0,404.0,5.11,0.61,7.26,3480.0,431.0,5.25,0.65,7.53,3227.0,384.0,4.87,0.58,7.24,4006.0,471.0,6.04,0.71,7.15,8216.0,617.0,12.39,0.93,4.56,8491.0,583.0,12.81,0.88,4.18,9477.0,630.0,14.3,0.95,4.04,5042.0,438.0,7.61,0.66,5.27,4771.0,444.0,7.2,0.67,5.66,6943.0,484.0,10.47,0.73,4.24,3155.0,358.0,4.76,0.54,6.9,2591.0,345.0,3.91,0.52,8.08,53789.0,696.0,81.14,1.05,0.79,12695.0,650.0,19.15,0.98,3.11,46577.0,1220.0,70.26,1.84,1.59,5207.0,676.0,7.85,1.02,7.9,167.0,212.0,0.25,0.32,77.81,11297.0,1008.0,17.04,1.52,5.42,78.0,172.0,0.12,0.26,131.71,2065.0,689.0,3.11,1.04,20.33,881.0,365.0,1.33,0.55,25.14,5804.0,849.0,8.76,1.28,8.88,60489.0,849.0,91.24,1.28,0.85,43448.0,1147.0,65.54,1.73,1.6,4738.0,676.0,7.15,1.02,8.67,167.0,212.0,0.25,0.32,77.81,11268.0,1008.0,17.0,1.52,5.44,78.0,172.0,0.12,0.26,131.71,52.0,126.0,0.08,0.19,144.38,725.0,358.0,1.09,0.54,30.12
52,Ocean Hill,BK1601,Ocean Hill,14455.0,,100,,,5632.0,363.0,38.96,2.51,3.92,9426.0,684.0,27.7,2.01,4.41,812.0,187.0,8.61,1.98,13.98,495.0,159.0,5.25,1.69,19.57,4206.0,326.0,44.62,3.46,4.71,2017.0,260.0,21.4,2.76,7.84,1898.0,291.0,20.14,3.09,9.33,20943.0,915.0,61.55,2.69,2.66,2447.0,341.0,11.68,1.63,8.48,3037.0,396.0,14.5,1.89,7.92,6711.0,501.0,32.04,2.39,4.53,3935.0,404.0,18.79,1.93,6.24,24564.0,1184.0,72.19,3.48,2.93,596.0,138.0,2.43,0.56,14.01,33997.0,58.0,99.92,0.17,0.1,3717.0,452.0,10.93,1.33,7.4,9461.0,772.0,27.81,2.27,4.96,303.0,116.0,3.2,1.23,23.37,20994.0,674.0,61.7,1.98,1.95,1866.0,325.0,8.89,1.55,10.6,3549.0,296.0,10.43,0.87,5.07,1557.0,198.0,43.87,5.59,7.75,33285.0,1586.0,97.83,4.66,2.9,30704.0,483.0,92.25,1.45,0.96,2424.0,479.0,7.28,1.44,12.02,170.0,116.0,0.51,0.35,41.72,34025.0,,100,,,24489.0,766.0,71.97,2.25,1.9,23440.0,796.0,68.89,2.34,2.06,1050.0,242.0,3.09,0.71,13.97,9536.0,718.0,28.03,2.11,4.58,4911.0,392.0,51.5,4.11,4.85,4625.0,392.0,48.5,4.11,5.15,115.0,74.0,1.21,0.78,39.19,633.0,226.0,6.64,2.37,21.7,1317.0,322.0,13.81,3.38,14.88,48.0,81.0,0.5,0.85,103.34,7385.0,400.0,77.44,4.19,3.29,38.0,94.0,0.4,0.99,150.46,31123.0,1487.0,91.47,4.37,2.9,22893.0,731.0,73.56,2.35,1.94,2690.0,482.0,8.64,1.55,10.91,4957.0,616.0,15.93,1.98,7.56,25717.0,1296.0,75.58,3.81,3.06,14989.0,530.0,58.29,2.06,2.15,13454.0,537.0,52.32,2.09,2.43,1531.0,293.0,5.95,1.14,11.65,0.0,,0.0,,,10727.0,530.0,41.71,2.06,3.0,,,10.21,1.92,11.63,13296.0,456.0,39.08,1.34,2.08,2377.0,315.0,17.88,2.37,8.06,307.0,110.0,2.31,0.83,21.84,9511.0,362.0,71.53,2.72,2.31,568.0,149.0,4.27,1.12,15.94,404.0,152.0,3.04,1.14,22.8,13461.0,449.0,39.56,1.32,2.03,4.0,90.0,0.03,0.67,1357.65,474.0,152.0,3.52,1.13,19.52,464.0,166.0,3.45,1.23,21.67,164.0,94.0,1.22,0.7,34.88,1312.0,230.0,9.75,1.71,10.66,1340.0,276.0,9.95,2.05,12.52,415.0,178.0,3.08,1.32,26.05,746.0,187.0,5.54,1.39,15.25,1414.0,258.0,10.5,1.92,11.12,4431.0,381.0,32.92,2.83,5.23,1100.0,237.0,8.17,1.76,13.1,676.0,162.0,5.02,1.2,14.53,933.0,199.0,6.93,1.48,12.98,2442.0,319.0,16.89,2.21,7.95,1362.0,249.0,9.42,1.72,11.1,1873.0,308.0,12.96,2.13,9.99,1578.0,278.0,10.92,1.92,10.69,1958.0,282.0,13.55,1.95,8.75,2481.0,324.0,17.16,2.24,7.94,1262.0,252.0,8.73,1.74,12.12,876.0,195.0,6.06,1.35,13.54,362.0,129.0,2.5,0.89,21.64,255.0,104.0,1.76,0.72,24.87,10579.0,371.0,73.19,2.57,2.13,3127.0,324.0,21.63,2.24,6.3,1304.0,228.0,9.02,1.58,10.65,1254.0,221.0,8.68,1.53,10.72,958.0,220.0,6.63,1.52,13.94,5101.0,373.0,35.29,2.58,4.44,30007.0,551.0,88.26,1.62,1.12,15669.0,945.0,46.09,2.78,3.67,16443.0,928.0,48.37,2.73,3.43,3990.0,551.0,11.74,1.62,8.39,15459.0,572.0,45.43,1.68,2.25,18566.0,572.0,54.57,1.68,1.87,2902.0,436.0,8.53,1.28,9.12,2626.0,323.0,7.72,0.95,7.48,2501.0,327.0,7.35,0.96,7.94,2148.0,296.0,6.31,0.87,8.38,2902.0,388.0,8.53,1.14,8.12,4904.0,456.0,14.41,1.34,5.65,4743.0,425.0,13.94,1.25,5.45,4692.0,463.0,13.79,1.36,6.0,1593.0,265.0,4.68,0.78,10.13,1453.0,255.0,4.27,0.75,10.68,2271.0,286.0,6.67,0.84,7.66,982.0,194.0,2.89,0.57,11.99,317.0,105.0,0.93,0.31,20.26,24564.0,636.0,72.19,1.87,1.57,3566.0,347.0,10.48,1.02,5.92,2073.0,429.0,6.09,1.26,12.58,26406.0,817.0,77.61,2.4,1.88,129.0,167.0,0.38,0.49,78.39,674.0,262.0,1.98,0.77,23.64,0.0,,0.0,,,4214.0,755.0,12.39,2.22,10.89,535.0,184.0,1.57,0.54,20.91,6931.0,755.0,20.37,2.22,6.63,27094.0,755.0,79.63,2.22,1.69,1308.0,367.0,3.84,1.08,17.1,24756.0,776.0,72.76,2.28,1.9,31.0,88.0,0.09,0.26,175.62,635.0,252.0,1.87,0.74,24.06,0.0,,0.0,,,67.0,109.0,0.2,0.32,97.26,299.0,143.0,0.88,0.42,29.01
53,Brownsville,BK1602,Brownsville,20941.0,,100,,,7733.0,500.0,36.93,2.39,3.93,16006.0,1133.0,28.4,2.01,4.3,1302.0,243.0,8.13,1.52,11.37,1061.0,235.0,6.63,1.47,13.48,6846.0,467.0,42.77,2.92,4.15,3428.0,435.0,21.42,2.72,7.72,3367.0,397.0,21.04,2.48,7.17,34853.0,1342.0,61.83,2.38,2.34,3451.0,425.0,9.9,1.22,7.49,6162.0,582.0,17.68,1.67,5.74,12232.0,673.0,35.1,1.93,3.34,4015.0,439.0,11.52,1.26,6.65,40692.0,1454.0,72.19,2.58,2.17,643.0,179.0,1.58,0.44,16.93,56287.0,699.0,99.86,1.24,0.75,7661.0,687.0,13.61,1.22,5.45,15610.0,1223.0,27.69,2.17,4.76,858.0,293.0,5.5,1.88,20.78,34733.0,1105.0,61.62,1.96,1.93,4546.0,507.0,13.09,1.46,6.78,5952.0,428.0,10.56,0.76,4.37,2258.0,260.0,37.93,4.37,7.0,55533.0,2300.0,98.52,4.08,2.52,50365.0,661.0,90.69,1.19,0.8,4868.0,650.0,8.77,1.17,8.11,291.0,155.0,0.52,0.28,32.73,56368.0,,100,,,41008.0,964.0,72.75,1.71,1.43,39329.0,981.0,69.77,1.74,1.52,1688.0,310.0,2.99,0.55,11.18,15360.0,941.0,27.25,1.67,3.72,8399.0,504.0,54.68,3.28,3.65,6961.0,504.0,45.32,3.28,4.4,24.0,101.0,0.16,0.66,250.76,710.0,300.0,4.62,1.95,25.66,573.0,220.0,3.73,1.43,23.31,10.0,104.0,0.07,0.68,590.53,14021.0,363.0,91.28,2.36,1.57,20.0,112.0,0.13,0.73,341.36,51330.0,1979.0,91.06,3.51,2.34,39263.0,1011.0,76.49,1.97,1.57,5043.0,606.0,9.82,1.18,7.3,8926.0,873.0,17.39,1.7,5.94,42327.0,1539.0,75.09,2.73,2.21,21614.0,847.0,51.06,2.0,2.38,18320.0,813.0,43.28,1.92,2.7,3298.0,466.0,7.79,1.1,8.58,0.0,,0.0,,,20713.0,847.0,48.94,2.0,2.48,,,15.26,2.07,8.59,17719.0,682.0,31.43,1.21,2.34,3046.0,372.0,17.19,2.1,7.43,705.0,204.0,3.98,1.15,17.57,12257.0,436.0,69.18,2.46,2.16,1188.0,221.0,6.7,1.25,11.34,273.0,117.0,1.54,0.66,26.05,18324.0,682.0,32.51,1.21,2.26,15.0,103.0,0.08,0.56,425.53,603.0,174.0,3.29,0.95,17.55,378.0,150.0,2.06,0.82,24.2,213.0,114.0,1.16,0.62,32.49,2275.0,339.0,12.42,1.85,9.05,2028.0,310.0,11.07,1.69,9.28,247.0,125.0,1.35,0.68,30.62,936.0,218.0,5.11,1.19,14.16,1502.0,288.0,8.2,1.57,11.64,6381.0,471.0,34.82,2.57,4.49,1681.0,330.0,9.17,1.8,11.93,1038.0,247.0,5.66,1.35,14.5,1022.0,225.0,5.58,1.23,13.4,5584.0,486.0,26.67,2.32,5.29,2109.0,314.0,10.07,1.5,9.06,2879.0,350.0,13.75,1.67,7.38,2174.0,335.0,10.38,1.6,9.37,3060.0,379.0,14.61,1.81,7.53,2440.0,320.0,11.65,1.53,7.98,1347.0,243.0,6.43,1.16,10.97,999.0,195.0,4.77,0.93,11.85,195.0,107.0,0.93,0.51,33.34,155.0,107.0,0.74,0.51,41.9,13055.0,503.0,62.34,2.4,2.34,5543.0,431.0,26.47,2.06,4.73,2370.0,299.0,11.32,1.43,7.68,3238.0,379.0,15.46,1.81,7.12,2722.0,377.0,13.0,1.8,8.42,9754.0,524.0,46.58,2.5,3.26,51103.0,681.0,90.79,1.21,0.81,21088.0,1205.0,37.47,2.14,3.47,35187.0,1171.0,62.51,2.08,2.02,5183.0,681.0,9.21,1.21,7.99,23450.0,767.0,41.6,1.36,1.99,32918.0,767.0,58.4,1.36,1.42,5038.0,575.0,8.94,1.02,6.94,3620.0,485.0,6.42,0.86,8.14,4684.0,479.0,8.31,0.85,6.22,3884.0,473.0,6.89,0.84,7.41,4268.0,507.0,7.57,0.9,7.23,9233.0,671.0,16.38,1.19,4.42,7281.0,609.0,12.92,1.08,5.08,6988.0,569.0,12.4,1.01,4.95,3068.0,366.0,5.44,0.65,7.26,2323.0,366.0,4.12,0.65,9.59,3625.0,400.0,6.43,0.71,6.71,1746.0,304.0,3.1,0.54,10.59,585.0,147.0,1.04,0.26,15.2,40692.0,986.0,72.19,1.75,1.47,5960.0,541.0,10.57,0.96,5.52,3351.0,631.0,5.94,1.12,11.46,45403.0,1060.0,80.55,1.88,1.42,198.0,152.0,0.35,0.27,46.9,982.0,411.0,1.74,0.73,25.5,0.0,,0.0,,,5333.0,795.0,9.46,1.41,9.06,1108.0,383.0,1.97,0.68,20.98,11923.0,1082.0,21.15,1.92,5.52,44445.0,1082.0,78.85,1.92,1.48,695.0,254.0,1.23,0.45,22.24,42159.0,1105.0,74.79,1.96,1.59,122.0,147.0,0.22,0.26,71.84,968.0,411.0,1.72,0.73,25.8,0.0,,0.0,,,150.0,186.0,0.27,0.33,74.3,355.0,169.0,0.63,0.3,28.95
54,East Flatbush-Erasmus,BK1701,East Flatbush-Erasmus,17937.0,,100,,,6467.0,409.0,36.05,2.28,3.84,12133.0,690.0,27.42,1.56,3.46,797.0,186.0,6.57,1.53,14.16,761.0,193.0,6.27,1.59,15.42,4771.0,366.0,39.32,3.02,4.67,2501.0,280.0,20.61,2.31,6.81,3304.0,339.0,27.23,2.79,6.23,29489.0,1173.0,66.64,2.65,2.42,2208.0,336.0,7.49,1.14,9.25,2650.0,339.0,8.99,1.15,7.78,10883.0,610.0,36.91,2.07,3.41,6301.0,528.0,21.37,1.79,5.09,33648.0,1513.0,76.03,3.42,2.73,490.0,148.0,1.46,0.44,18.32,44080.0,164.0,99.61,0.37,0.23,3390.0,379.0,7.69,0.86,6.8,10592.0,730.0,23.93,1.65,4.19,216.0,92.0,2.04,0.87,25.93,27793.0,628.0,62.8,1.42,1.37,1579.0,239.0,5.68,0.86,9.2,5695.0,363.0,12.87,0.82,3.87,1599.0,203.0,28.08,3.57,7.73,43793.0,1620.0,98.96,3.66,2.25,41413.0,425.0,94.56,0.97,0.62,2193.0,412.0,5.01,0.94,11.41,182.0,114.0,0.42,0.26,37.63,44254.0,,100,,,20572.0,912.0,46.49,2.06,2.69,19939.0,894.0,45.06,2.02,2.73,639.0,190.0,1.44,0.43,18.15,23682.0,828.0,53.51,1.87,2.13,13612.0,677.0,57.48,2.86,3.02,10070.0,677.0,42.52,2.86,4.09,188.0,109.0,0.79,0.46,35.4,711.0,227.0,3.0,0.96,19.45,1028.0,334.0,4.34,1.41,19.75,0.0,,0.0,,,21709.0,410.0,91.67,1.73,1.15,50.0,107.0,0.21,0.45,130.26,41440.0,1876.0,93.64,4.24,2.75,28738.0,1073.0,69.35,2.59,2.27,5081.0,655.0,12.26,1.58,7.83,3417.0,609.0,8.25,1.47,10.83,34766.0,1553.0,78.56,3.51,2.72,21960.0,605.0,63.17,1.74,1.67,19821.0,622.0,57.01,1.79,1.91,2153.0,275.0,6.19,0.79,7.76,0.0,,0.0,,,12805.0,605.0,36.83,1.74,2.87,,,9.8,1.22,7.76,19451.0,597.0,43.95,1.35,1.87,2631.0,325.0,13.53,1.67,7.5,494.0,138.0,2.54,0.71,16.99,14471.0,443.0,74.4,2.28,1.86,981.0,202.0,5.04,1.04,12.54,521.0,146.0,2.68,0.75,17.01,19817.0,606.0,44.78,1.37,1.86,0.0,,0.0,,,1004.0,212.0,5.07,1.07,12.83,383.0,137.0,1.93,0.69,21.73,177.0,105.0,0.89,0.53,36.2,2031.0,305.0,10.25,1.54,9.13,1315.0,246.0,6.64,1.24,11.35,307.0,135.0,1.55,0.68,26.67,1064.0,214.0,5.37,1.08,12.23,2271.0,321.0,11.46,1.62,8.59,7770.0,466.0,39.21,2.35,3.64,1454.0,236.0,7.34,1.19,9.86,1289.0,246.0,6.5,1.24,11.6,745.0,178.0,3.76,0.9,14.55,2065.0,283.0,11.51,1.58,8.34,1155.0,233.0,6.44,1.3,12.27,1925.0,274.0,10.73,1.53,8.67,2106.0,307.0,11.74,1.71,8.85,2847.0,312.0,15.87,1.74,6.67,3288.0,368.0,18.33,2.05,6.8,1965.0,267.0,10.96,1.49,8.26,1646.0,267.0,9.18,1.49,9.87,604.0,154.0,3.37,0.86,15.51,330.0,129.0,1.84,0.72,23.79,13939.0,366.0,77.71,2.04,1.6,4764.0,362.0,26.56,2.02,4.62,1991.0,265.0,11.1,1.48,8.11,1119.0,221.0,6.24,1.23,11.98,1006.0,204.0,5.61,1.14,12.35,5214.0,411.0,29.07,2.29,4.79,37999.0,591.0,86.21,1.34,0.94,20211.0,1058.0,45.85,2.4,3.18,20059.0,930.0,45.51,2.11,2.82,6081.0,591.0,13.8,1.34,5.9,19428.0,597.0,43.9,1.35,1.87,24826.0,597.0,56.1,1.35,1.46,2814.0,350.0,6.36,0.79,7.55,2940.0,367.0,6.64,0.83,7.6,3062.0,358.0,6.92,0.81,7.12,2860.0,310.0,6.46,0.7,6.59,3088.0,358.0,6.98,0.81,7.05,7221.0,562.0,16.32,1.27,4.73,5872.0,438.0,13.27,0.99,4.54,5567.0,420.0,12.58,0.95,4.59,2459.0,327.0,5.56,0.74,8.09,2562.0,336.0,5.79,0.76,7.98,3140.0,332.0,7.1,0.75,6.42,1952.0,252.0,4.41,0.57,7.86,700.0,159.0,1.58,0.36,13.85,33648.0,602.0,76.03,1.36,1.09,5806.0,429.0,13.12,0.97,4.49,2010.0,553.0,4.54,1.25,16.74,37990.0,805.0,85.85,1.82,1.29,42.0,93.0,0.09,0.21,141.84,832.0,270.0,1.88,0.61,19.72,0.0,,0.0,,,2196.0,566.0,4.96,1.28,15.69,1177.0,345.0,2.66,0.78,17.83,4385.0,704.0,9.91,1.59,9.75,39869.0,704.0,90.09,1.59,1.07,1780.0,535.0,4.02,1.21,18.3,36309.0,863.0,82.05,1.95,1.44,15.0,89.0,0.03,0.2,405.27,792.0,261.0,1.79,0.59,20.04,0.0,,0.0,,,57.0,84.0,0.13,0.19,88.85,917.0,323.0,2.07,0.73,21.44
55,East Flatbush-Farragut,BK1702,East Flatbush-Farragut,11474.0,,100,,,3987.0,285.0,34.75,2.48,4.34,9352.0,576.0,25.8,1.59,3.74,573.0,146.0,6.13,1.56,15.47,513.0,165.0,5.49,1.76,19.49,3058.0,259.0,32.7,2.77,5.15,2183.0,263.0,23.34,2.81,7.32,3025.0,307.0,32.35,3.28,6.16,25039.0,1033.0,69.09,2.85,2.51,1381.0,225.0,5.52,0.9,9.91,1655.0,230.0,6.61,0.92,8.46,8616.0,481.0,34.41,1.92,3.39,6486.0,463.0,25.9,1.85,4.34,28417.0,1134.0,78.41,3.13,2.43,455.0,99.0,1.6,0.35,13.3,36237.0,14.0,99.99,0.04,0.02,2593.0,283.0,7.16,0.78,6.62,7818.0,569.0,21.57,1.57,4.42,149.0,84.0,1.91,1.08,34.37,22895.0,468.0,63.17,1.29,1.24,1060.0,188.0,4.63,0.82,10.77,5525.0,286.0,15.24,0.79,3.15,1387.0,164.0,25.1,2.97,7.19,35795.0,1116.0,98.77,3.08,1.9,34168.0,347.0,95.45,0.97,0.62,1562.0,344.0,4.36,0.96,13.39,65.0,104.0,0.18,0.29,97.94,36242.0,,100,,,16717.0,732.0,46.13,2.02,2.66,16328.0,739.0,45.05,2.04,2.75,390.0,134.0,1.08,0.37,20.83,19525.0,790.0,53.87,2.18,2.46,12780.0,529.0,65.45,2.71,2.52,6745.0,529.0,34.55,2.71,4.77,166.0,98.0,0.85,0.5,35.76,475.0,346.0,2.43,1.77,44.28,514.0,248.0,2.63,1.27,29.35,0.0,,0.0,,,18327.0,469.0,93.86,2.4,1.55,42.0,90.0,0.22,0.46,127.11,33970.0,1348.0,93.73,3.72,2.41,24443.0,904.0,71.95,2.66,2.25,4512.0,557.0,13.28,1.64,7.51,1766.0,397.0,5.2,1.17,13.68,29348.0,1178.0,80.98,3.25,2.44,18657.0,464.0,63.57,1.58,1.51,17328.0,470.0,59.04,1.6,1.65,1325.0,211.0,4.51,0.72,9.7,6.0,100.0,0.02,0.34,1033.43,10691.0,464.0,36.43,1.58,2.64,,,7.1,1.12,9.68,16865.0,373.0,46.53,1.03,1.34,4443.0,331.0,26.34,1.96,4.52,798.0,174.0,4.73,1.03,13.24,10558.0,395.0,62.6,2.34,2.27,649.0,167.0,3.85,0.99,15.63,226.0,89.0,1.34,0.53,24.04,17330.0,384.0,47.82,1.06,1.35,0.0,,0.0,,,942.0,204.0,5.44,1.18,13.19,467.0,139.0,2.69,0.8,18.08,119.0,81.0,0.69,0.47,41.41,1440.0,246.0,8.31,1.42,10.39,1657.0,213.0,9.56,1.23,7.82,229.0,71.0,1.32,0.41,18.88,1054.0,180.0,6.08,1.04,10.4,1324.0,208.0,7.64,1.2,9.55,7363.0,393.0,42.49,2.27,3.25,874.0,185.0,5.04,1.07,12.91,1057.0,182.0,6.1,1.05,10.46,797.0,158.0,4.6,0.91,12.03,731.0,147.0,6.37,1.28,12.22,566.0,173.0,4.93,1.51,18.62,1009.0,156.0,8.79,1.36,9.41,1248.0,188.0,10.88,1.64,9.16,1582.0,203.0,13.79,1.77,7.8,2127.0,272.0,18.54,2.37,7.77,1785.0,223.0,15.56,1.94,7.58,1742.0,205.0,15.18,1.79,7.17,379.0,86.0,3.3,0.75,13.82,303.0,78.0,2.64,0.68,15.66,9565.0,200.0,83.36,1.74,1.27,3339.0,226.0,29.1,1.97,4.12,1897.0,182.0,16.53,1.59,5.85,559.0,123.0,4.87,1.07,13.36,279.0,84.0,2.43,0.73,18.26,2203.0,246.0,19.2,2.14,6.78,32642.0,511.0,90.08,1.41,0.95,20127.0,804.0,55.54,2.22,2.43,15635.0,866.0,43.15,2.39,3.37,3594.0,511.0,9.92,1.41,8.64,15200.0,453.0,41.94,1.25,1.81,21042.0,453.0,58.06,1.25,1.31,2272.0,301.0,6.27,0.83,8.05,2184.0,337.0,6.03,0.93,9.38,1917.0,246.0,5.29,0.68,7.81,2379.0,308.0,6.56,0.85,7.88,2443.0,283.0,6.74,0.78,7.04,5007.0,497.0,13.82,1.37,6.03,5063.0,410.0,13.97,1.13,4.92,4828.0,355.0,13.32,0.98,4.47,2677.0,297.0,7.39,0.82,6.75,1934.0,239.0,5.34,0.66,7.51,3369.0,326.0,9.3,0.9,5.88,1636.0,210.0,4.51,0.58,7.82,513.0,116.0,1.42,0.32,13.7,28424.0,482.0,78.43,1.33,1.03,5525.0,355.0,15.24,0.98,3.91,1269.0,344.0,3.5,0.95,16.5,32653.0,620.0,90.1,1.71,1.15,36.0,101.0,0.1,0.28,170.21,491.0,355.0,1.35,0.98,44.13,0.0,,0.0,,,1183.0,359.0,3.26,0.99,18.46,603.0,203.0,1.66,0.56,20.51,2330.0,424.0,6.43,1.17,11.06,33912.0,424.0,93.57,1.17,0.76,916.0,257.0,2.53,0.71,17.06,31734.0,562.0,87.56,1.55,1.08,36.0,101.0,0.1,0.28,170.21,491.0,355.0,1.35,0.98,44.13,0.0,,0.0,,,158.0,130.0,0.44,0.36,49.74,563.0,199.0,1.55,0.55,21.57
56,East Flatbush-Rugby,BK1703,East Flatbush-Rugby,13923.0,,100,,,4495.0,310.0,32.28,2.23,4.2,10337.0,704.0,25.98,1.77,4.14,549.0,166.0,5.31,1.61,18.43,491.0,140.0,4.75,1.35,17.28,3929.0,304.0,38.01,2.94,4.7,1998.0,254.0,19.33,2.46,7.74,3369.0,316.0,32.59,3.06,5.71,27323.0,1150.0,68.68,2.89,2.56,2313.0,328.0,8.47,1.2,8.61,1681.0,232.0,6.15,0.85,8.4,10115.0,508.0,37.02,1.86,3.05,5664.0,445.0,20.73,1.63,4.78,31091.0,1289.0,78.15,3.24,2.52,687.0,152.0,2.21,0.49,13.48,39458.0,589.0,99.18,1.48,0.91,3724.0,379.0,9.44,0.96,6.18,8688.0,648.0,21.84,1.63,4.53,253.0,108.0,2.91,1.24,25.9,24655.0,589.0,61.97,1.48,1.45,1491.0,229.0,6.05,0.93,9.34,6112.0,330.0,15.36,0.83,3.28,1979.0,200.0,32.38,3.28,6.16,39315.0,1472.0,98.82,3.7,2.28,37338.0,373.0,94.97,0.95,0.61,1883.0,362.0,4.79,0.92,11.68,98.0,102.0,0.25,0.26,63.22,39783.0,,100,,,18166.0,716.0,45.66,1.8,2.4,17470.0,700.0,43.91,1.76,2.44,700.0,195.0,1.76,0.49,16.92,21617.0,644.0,54.34,1.62,1.81,14136.0,491.0,65.39,2.27,2.11,7480.0,491.0,34.6,2.27,3.99,228.0,108.0,1.05,0.5,28.95,510.0,257.0,2.36,1.19,30.65,510.0,190.0,2.36,0.88,22.67,15.0,115.0,0.07,0.53,460.27,20301.0,303.0,93.91,1.4,0.91,55.0,110.0,0.25,0.51,124.01,37285.0,1651.0,93.72,4.15,2.69,31129.0,716.0,83.49,1.92,1.4,2598.0,365.0,6.97,0.98,8.55,1880.0,447.0,5.04,1.2,14.47,32127.0,1313.0,80.76,3.3,2.48,19577.0,475.0,60.94,1.48,1.48,17705.0,492.0,55.11,1.53,1.69,1871.0,260.0,5.82,0.81,8.46,0.0,,0.0,,,12550.0,475.0,39.06,1.48,2.3,,,9.56,1.31,8.45,17329.0,509.0,43.56,1.28,1.79,4594.0,348.0,26.51,2.01,4.61,655.0,156.0,3.78,0.9,14.47,10690.0,416.0,61.69,2.4,2.36,652.0,165.0,3.76,0.95,15.36,475.0,140.0,2.74,0.81,17.97,17701.0,501.0,44.49,1.26,1.72,0.0,,0.0,,,1000.0,181.0,5.65,1.02,10.97,397.0,108.0,2.24,0.61,16.55,230.0,117.0,1.3,0.66,30.86,1663.0,250.0,9.4,1.41,9.12,1650.0,234.0,9.32,1.32,8.61,302.0,96.0,1.71,0.54,19.2,920.0,173.0,5.2,0.98,11.46,1281.0,188.0,7.24,1.06,8.9,7217.0,372.0,40.77,2.1,3.13,986.0,179.0,5.57,1.01,11.02,1265.0,212.0,7.15,1.2,10.2,785.0,154.0,4.43,0.87,11.94,1215.0,181.0,8.73,1.3,9.05,935.0,168.0,6.72,1.21,10.95,1709.0,214.0,12.27,1.54,7.63,1503.0,212.0,10.8,1.52,8.56,1866.0,231.0,13.4,1.66,7.53,2410.0,245.0,17.31,1.76,6.18,1771.0,220.0,12.72,1.58,7.55,1651.0,220.0,11.86,1.58,8.1,481.0,111.0,3.45,0.8,14.1,377.0,121.0,2.71,0.87,19.52,11073.0,252.0,79.53,1.81,1.38,4176.0,270.0,29.99,1.94,3.93,2438.0,219.0,17.51,1.57,5.45,745.0,139.0,5.35,1.0,11.36,534.0,128.0,3.84,0.92,14.56,2271.0,238.0,16.31,1.71,6.37,34701.0,442.0,87.94,1.12,0.77,20837.0,872.0,52.81,2.21,2.54,16700.0,837.0,42.32,2.12,3.05,4757.0,442.0,12.06,1.12,5.65,17360.0,517.0,43.64,1.3,1.81,22423.0,517.0,56.36,1.3,1.4,2498.0,362.0,6.28,0.91,8.81,2422.0,298.0,6.09,0.75,7.49,2333.0,267.0,5.86,0.67,6.95,2468.0,298.0,6.2,0.75,7.35,2722.0,310.0,6.84,0.78,6.93,5683.0,438.0,14.29,1.1,4.68,4948.0,366.0,12.44,0.92,4.5,5212.0,398.0,13.1,1.0,4.64,2550.0,306.0,6.41,0.77,7.3,2614.0,310.0,6.57,0.78,7.22,3421.0,306.0,8.6,0.77,5.44,1991.0,231.0,5.0,0.58,7.05,906.0,151.0,2.28,0.38,10.13,31091.0,533.0,78.15,1.34,1.04,6314.0,402.0,15.87,1.01,3.87,840.0,354.0,2.11,0.89,25.64,36942.0,613.0,92.86,1.54,1.01,68.0,119.0,0.17,0.3,107.28,583.0,263.0,1.47,0.66,27.29,12.0,111.0,0.03,0.28,567.38,1040.0,438.0,2.61,1.1,25.62,291.0,131.0,0.73,0.33,27.48,2285.0,537.0,5.74,1.35,14.3,37498.0,537.0,94.26,1.35,0.87,633.0,318.0,1.59,0.8,30.59,35839.0,692.0,90.09,1.74,1.17,62.0,119.0,0.16,0.3,113.98,583.0,263.0,1.47,0.66,27.29,0.0,,0.0,,,124.0,131.0,0.31,0.33,64.71,260.0,139.0,0.65,0.35,32.73
57,East Flatbush-Remsen Village,BK1704,East Flatbush-Remsen Village,14060.0,,100,,,4703.0,380.0,33.45,2.7,4.91,9460.0,790.0,24.31,2.03,5.08,446.0,183.0,4.71,1.93,24.91,592.0,197.0,6.26,2.08,20.2,3295.0,386.0,34.83,4.08,7.12,2399.0,298.0,25.36,3.15,7.55,2733.0,332.0,28.89,3.51,7.39,26456.0,1163.0,68.0,2.99,2.67,2508.0,426.0,9.48,1.61,10.32,2600.0,339.0,9.83,1.28,7.92,9429.0,635.0,35.64,2.4,4.09,5041.0,511.0,19.05,1.93,6.16,30356.0,1669.0,78.02,4.29,3.34,567.0,167.0,1.87,0.55,17.88,38607.0,284.0,99.23,0.73,0.45,4120.0,517.0,10.67,1.34,7.63,8534.0,739.0,21.93,1.9,5.26,276.0,137.0,3.23,1.61,30.3,25021.0,693.0,64.31,1.78,1.68,2131.0,355.0,8.52,1.42,10.13,5052.0,440.0,12.98,1.13,5.29,1712.0,234.0,33.89,4.63,8.31,38419.0,1724.0,98.74,4.43,2.73,35647.0,592.0,92.78,1.54,1.01,2525.0,572.0,6.57,1.49,13.79,247.0,154.0,0.64,0.4,37.99,38908.0,,100,,,19443.0,848.0,49.97,2.18,2.65,18682.0,840.0,48.02,2.16,2.73,756.0,284.0,1.94,0.73,22.87,19465.0,755.0,50.03,1.94,2.36,12091.0,537.0,62.12,2.76,2.7,7374.0,537.0,37.88,2.76,4.43,440.0,195.0,2.26,1.0,26.9,240.0,140.0,1.23,0.72,35.58,796.0,284.0,4.09,1.46,21.7,0.0,,0.0,,,17984.0,350.0,92.39,1.8,1.18,6.0,84.0,0.03,0.43,871.33,36585.0,1704.0,94.03,4.38,2.83,31500.0,743.0,86.1,2.03,1.43,2011.0,428.0,5.5,1.17,12.93,2153.0,538.0,5.88,1.47,15.2,31643.0,1447.0,81.33,3.72,2.78,19312.0,668.0,61.03,2.11,2.1,17263.0,655.0,54.56,2.07,2.31,2026.0,345.0,6.4,1.09,10.35,21.0,82.0,0.07,0.26,225.79,12332.0,668.0,38.97,2.11,3.29,,,10.49,1.75,10.35,16913.0,724.0,43.47,1.86,2.6,3698.0,409.0,21.87,2.42,6.73,811.0,223.0,4.8,1.32,16.72,10811.0,499.0,63.92,2.95,2.81,960.0,279.0,5.68,1.65,17.66,396.0,140.0,2.34,0.83,21.56,17263.0,720.0,44.37,1.85,2.54,0.0,,0.0,,,994.0,226.0,5.76,1.31,13.83,107.0,76.0,0.62,0.44,43.14,152.0,117.0,0.88,0.68,46.97,1773.0,342.0,10.27,1.98,11.72,1524.0,268.0,8.83,1.55,10.67,260.0,114.0,1.51,0.66,26.57,685.0,171.0,3.97,0.99,15.16,1546.0,268.0,8.96,1.55,10.52,7592.0,499.0,43.98,2.89,3.99,944.0,204.0,5.47,1.18,13.11,1185.0,249.0,6.86,1.44,12.76,501.0,159.0,2.9,0.92,19.29,1785.0,297.0,12.7,2.11,10.1,889.0,187.0,6.32,1.33,12.79,1908.0,330.0,13.57,2.35,10.53,1655.0,269.0,11.77,1.91,9.86,1921.0,284.0,13.66,2.02,8.99,2787.0,318.0,19.82,2.26,6.93,1357.0,231.0,9.65,1.64,10.33,1244.0,249.0,8.85,1.77,12.16,326.0,112.0,2.32,0.8,20.96,182.0,97.0,1.29,0.69,32.52,10991.0,318.0,78.17,2.26,1.76,3335.0,294.0,23.72,2.09,5.36,1621.0,221.0,11.53,1.57,8.28,1243.0,242.0,8.84,1.72,11.83,858.0,194.0,6.1,1.38,13.75,3775.0,361.0,26.85,2.57,5.82,33362.0,602.0,86.41,1.56,1.1,19326.0,1027.0,50.06,2.66,3.23,17107.0,934.0,44.31,2.42,3.32,5245.0,602.0,13.59,1.56,6.98,17184.0,642.0,44.17,1.65,2.27,21724.0,642.0,55.83,1.65,1.8,2323.0,385.0,5.97,0.99,10.08,2053.0,315.0,5.28,0.81,9.33,2343.0,374.0,6.02,0.96,9.69,2991.0,428.0,7.69,1.1,8.7,2752.0,354.0,7.07,0.91,7.82,5444.0,552.0,13.99,1.42,6.17,4953.0,494.0,12.73,1.27,6.06,6093.0,525.0,15.66,1.35,5.24,2472.0,346.0,6.35,0.89,8.52,2280.0,331.0,5.86,0.85,8.82,3019.0,377.0,7.76,0.97,7.6,1524.0,237.0,3.92,0.61,9.46,656.0,171.0,1.69,0.44,15.83,30374.0,603.0,78.07,1.55,1.21,5199.0,479.0,13.36,1.23,5.6,1546.0,556.0,3.97,1.43,21.9,35211.0,770.0,90.5,1.98,1.33,80.0,109.0,0.21,0.28,81.05,433.0,296.0,1.11,0.76,41.62,0.0,,0.0,,,1125.0,366.0,2.89,0.94,19.77,507.0,249.0,1.3,0.64,29.93,3228.0,751.0,8.3,1.93,14.14,35680.0,751.0,91.7,1.93,1.28,507.0,175.0,1.3,0.45,21.04,34232.0,860.0,87.98,2.21,1.53,80.0,109.0,0.21,0.28,81.05,433.0,296.0,1.11,0.76,41.62,0.0,,0.0,,,100.0,132.0,0.26,0.34,79.49,332.0,222.0,0.85,0.57,40.77
58,Holy Cross Cemetery,BK1771,Holy Cross Cemetery,0.0,,100,,,0.0,,,,,0.0,,,,,0.0,,,,,0.0,,,,,0.0,,,,,0.0,,,,,0.0,,,,,0.0,,,,,0.0,,,,,0.0,,,,,0.0,,,,,0.0,,,,,0.0,,,,,0.0,,,,,0.0,,,,,0.0,,,,,0.0,,,,,0.0,,,,,0.0,,,,,0.0,,,,,0.0,,,,,0.0,,,,,0.0,,,,,0.0,,,,,0.0,,,,,0.0,,,,,0.0,,100,,,0.0,,,,,0.0,,,,,0.0,,,,,0.0,,,,,0.0,,,,,0.0,,,,,0.0,,,,,0.0,,,,,0.0,,,,,0.0,,,,,0.0,,,,,0.0,,,,,0.0,,,,,0.0,,,,,0.0,,,,,0.0,,,,,0.0,,,,,0.0,,,,,0.0,,,,,0.0,,,,,0.0,,,,,0.0,,,,,,,,,,0.0,,,,,0.0,,,,,0.0,,,,,0.0,,,,,0.0,,,,,0.0,,,,,0.0,,,,,0.0,,,,,0.0,,,,,0.0,,,,,0.0,,,,,0.0,,,,,0.0,,,,,0.0,,,,,0.0,,,,,0.0,,,,,0.0,,,,,0.0,,,,,0.0,,,,,0.0,,,,,0.0,,,,,0.0,,,,,0.0,,,,,0.0,,,,,0.0,,,,,0.0,,,,,0.0,,,,,0.0,,,,,0.0,,,,,0.0,,,,,0.0,,,,,0.0,,,,,0.0,,,,,0.0,,,,,0.0,,,,,0.0,,,,,0.0,,,,,0.0,,,,,0.0,,,,,0.0,,,,,0.0,,,,,0.0,,,,,0.0,,,,,0.0,,,,,0.0,,,,,0.0,,,,,0.0,,,,,0.0,,,,,0.0,,,,,0.0,,,,,0.0,,,,,0.0,,,,,0.0,,,,,0.0,,,,,0.0,,,,,0.0,,,,,0.0,,,,,0.0,,,,,0.0,,,,,0.0,,,,,0.0,,,,,0.0,,,,,0.0,,,,,0.0,,,,,0.0,,,,,0.0,,,,,0.0,,,,,0.0,,,,,0.0,,,,,0.0,,,,,0.0,,,,,0.0,,,,,0.0,,,,
59,Flatlands,BK1801,Flatlands,21521.0,,100,,,8101.0,346.0,37.64,1.61,2.6,21080.0,863.0,29.06,1.19,2.49,1130.0,209.0,5.36,0.99,11.23,1139.0,219.0,5.4,1.04,11.71,7679.0,430.0,36.43,2.04,3.4,4435.0,342.0,21.04,1.62,4.68,6702.0,401.0,31.79,1.9,3.63,48565.0,1342.0,66.95,1.85,1.68,2727.0,330.0,5.62,0.68,7.36,3297.0,325.0,6.79,0.67,6.0,13961.0,617.0,28.75,1.27,2.69,15054.0,631.0,31.0,1.3,2.55,55941.0,1306.0,77.12,1.8,1.42,1239.0,190.0,2.21,0.34,9.35,72484.0,58.0,99.92,0.08,0.05,5908.0,449.0,8.15,0.62,4.62,16578.0,798.0,22.85,1.1,2.93,350.0,136.0,2.11,0.82,23.62,46239.0,805.0,63.74,1.11,1.06,2843.0,305.0,6.15,0.66,6.52,9662.0,442.0,13.32,0.61,2.78,2712.0,226.0,28.07,2.34,5.07,71981.0,1284.0,99.23,1.77,1.08,68304.0,569.0,94.89,0.79,0.51,3312.0,547.0,4.6,0.76,10.04,361.0,180.0,0.5,0.25,30.4,72540.0,,100,,,41049.0,914.0,56.59,1.26,1.35,39820.0,914.0,54.89,1.26,1.4,1239.0,232.0,1.71,0.32,11.38,31493.0,892.0,43.41,1.23,1.72,22022.0,690.0,69.93,2.19,1.9,9471.0,690.0,30.07,2.19,4.43,1045.0,173.0,3.32,0.55,10.07,2614.0,441.0,8.3,1.4,10.25,1086.0,290.0,3.45,0.92,16.21,53.0,148.0,0.17,0.47,168.07,26623.0,498.0,84.54,1.58,1.14,70.0,154.0,0.22,0.49,135.4,68648.0,1610.0,94.63,2.22,1.43,47642.0,1208.0,69.4,1.76,1.54,10215.0,886.0,14.88,1.29,5.27,4815.0,707.0,7.01,1.03,8.93,58242.0,1516.0,80.29,2.09,1.58,37540.0,658.0,64.45,1.13,1.07,33822.0,676.0,58.07,1.16,1.21,3716.0,379.0,6.38,0.65,6.19,8.0,151.0,0.01,0.26,1580.55,20703.0,658.0,35.55,1.13,1.93,,,9.9,0.99,6.2,33135.0,696.0,45.68,0.96,1.28,11238.0,530.0,33.92,1.6,2.87,1827.0,272.0,5.51,0.82,9.05,17686.0,567.0,53.37,1.71,1.95,1310.0,232.0,3.95,0.7,10.77,731.0,172.0,2.21,0.52,14.3,33822.0,704.0,46.63,0.97,1.27,88.0,159.0,0.26,0.47,109.89,1692.0,244.0,5.0,0.72,8.75,565.0,149.0,1.67,0.44,16.02,353.0,135.0,1.04,0.4,23.38,2742.0,318.0,8.11,0.94,7.05,2916.0,308.0,8.62,0.91,6.42,731.0,172.0,2.16,0.51,14.35,2727.0,304.0,8.06,0.9,6.79,2899.0,304.0,8.57,0.9,6.38,13310.0,507.0,39.35,1.5,2.32,2237.0,304.0,6.61,0.9,8.28,1565.0,233.0,4.63,0.69,9.06,1997.0,267.0,5.9,0.79,8.14,1210.0,204.0,5.62,0.95,10.28,822.0,179.0,3.82,0.83,13.21,1511.0,211.0,7.02,0.98,8.49,1592.0,226.0,7.4,1.05,8.63,2732.0,275.0,12.69,1.28,6.13,3775.0,310.0,17.54,1.44,4.99,3317.0,275.0,15.41,1.28,5.05,3771.0,299.0,17.52,1.39,4.82,1594.0,198.0,7.41,0.92,7.55,1198.0,181.0,5.57,0.84,9.17,18034.0,273.0,83.8,1.27,0.92,6160.0,321.0,28.62,1.49,3.16,3858.0,273.0,17.93,1.27,4.31,1594.0,198.0,7.41,0.92,7.55,764.0,142.0,3.55,0.66,11.3,3742.0,297.0,17.39,1.38,4.82,66614.0,609.0,91.9,0.84,0.56,46535.0,1152.0,64.2,1.59,1.51,25964.0,1116.0,35.82,1.54,2.61,5870.0,609.0,8.1,0.84,6.3,33446.0,653.0,46.11,0.9,1.19,39094.0,653.0,53.89,0.9,1.02,3892.0,384.0,5.37,0.53,6.0,4801.0,377.0,6.62,0.52,4.78,4798.0,384.0,6.61,0.53,4.87,5099.0,421.0,7.03,0.58,5.02,5394.0,450.0,7.44,0.62,5.07,10263.0,602.0,14.15,0.83,3.57,8604.0,508.0,11.86,0.7,3.59,10091.0,537.0,13.91,0.74,3.23,5119.0,392.0,7.06,0.54,4.65,4817.0,399.0,6.64,0.55,5.04,6225.0,442.0,8.58,0.61,4.32,2178.0,261.0,3.0,0.36,7.29,1278.0,196.0,1.76,0.27,9.33,55948.0,667.0,77.13,0.92,0.73,9672.0,530.0,13.33,0.73,3.33,13104.0,762.0,18.06,1.05,3.53,52738.0,1001.0,72.7,1.38,1.15,52.0,152.0,0.07,0.21,182.37,3023.0,602.0,4.17,0.83,12.1,12.0,152.0,0.02,0.21,638.3,2510.0,573.0,3.46,0.79,13.88,1095.0,276.0,1.51,0.38,15.3,6196.0,805.0,8.54,1.11,7.9,66344.0,805.0,91.46,1.11,0.74,11456.0,675.0,15.79,0.93,3.58,50631.0,1052.0,69.8,1.45,1.26,42.0,160.0,0.06,0.22,222.9,3007.0,602.0,4.15,0.83,12.16,12.0,152.0,0.02,0.21,638.3,290.0,196.0,0.4,0.27,41.03,909.0,268.0,1.25,0.37,17.99
60,Marine Park-Mill Basin-Bergen Beach,BK1802,Marine Park-Mill Basin-Bergen Beach,16849.0,,100,,,6076.0,337.0,36.06,2.0,3.37,12104.0,667.0,25.22,1.39,3.35,845.0,180.0,6.98,1.49,12.98,777.0,197.0,6.42,1.63,15.43,5110.0,305.0,42.22,2.52,3.63,2503.0,236.0,20.68,1.95,5.73,2866.0,270.0,23.68,2.23,5.72,32921.0,1234.0,68.59,2.57,2.28,1480.0,240.0,4.5,0.73,9.86,1477.0,273.0,4.49,0.83,11.24,9570.0,550.0,29.07,1.67,3.49,12413.0,599.0,37.71,1.82,2.93,36388.0,1387.0,75.81,2.89,2.32,1609.0,215.0,4.42,0.59,8.11,47997.0,0.0,100.0,0.0,0.0,4351.0,379.0,9.07,0.79,5.29,11609.0,614.0,24.19,1.28,3.22,255.0,109.0,2.2,0.94,25.97,28660.0,547.0,59.71,1.14,1.16,1647.0,206.0,5.75,0.72,7.61,7736.0,317.0,16.12,0.66,2.49,2450.0,257.0,31.67,3.32,6.37,47501.0,1430.0,98.97,2.98,1.83,44807.0,556.0,94.33,1.17,0.75,2647.0,551.0,5.57,1.16,12.66,39.0,114.0,0.08,0.24,182.37,47997.0,,100,,,34897.0,744.0,72.71,1.55,1.3,34091.0,744.0,71.03,1.55,1.33,813.0,168.0,1.69,0.35,12.59,13100.0,720.0,27.29,1.5,3.34,10369.0,345.0,79.15,2.63,2.02,2732.0,345.0,20.85,2.63,7.67,5160.0,444.0,39.39,3.39,5.23,3830.0,441.0,29.24,3.37,7.01,324.0,159.0,2.47,1.21,29.78,20.0,122.0,0.15,0.93,376.9,3726.0,434.0,28.44,3.31,7.08,39.0,117.0,0.3,0.89,180.34,44801.0,1450.0,93.34,3.02,1.97,28289.0,954.0,63.14,2.13,2.05,6334.0,578.0,14.14,1.29,5.55,3246.0,650.0,7.25,1.45,12.16,37711.0,1392.0,78.57,2.9,2.24,23741.0,505.0,62.95,1.34,1.29,22047.0,513.0,58.46,1.36,1.41,1690.0,268.0,4.48,0.71,9.63,0.0,,0.0,,,13971.0,505.0,37.05,1.34,2.2,,,7.12,1.12,9.64,21657.0,557.0,45.12,1.16,1.56,10854.0,444.0,50.12,2.05,2.49,2040.0,316.0,9.42,1.46,9.42,6903.0,414.0,31.87,1.91,3.64,1021.0,191.0,4.71,0.88,11.36,635.0,158.0,2.93,0.73,15.15,22045.0,533.0,45.93,1.11,1.47,0.0,,0.0,,,1290.0,229.0,5.85,1.04,10.81,762.0,179.0,3.46,0.81,14.23,613.0,152.0,2.78,0.69,15.09,1975.0,315.0,8.96,1.43,9.7,1823.0,313.0,8.27,1.42,10.44,587.0,148.0,2.66,0.67,15.31,1918.0,258.0,8.7,1.17,8.18,2464.0,278.0,11.18,1.26,6.85,7058.0,410.0,32.02,1.86,3.53,1418.0,245.0,6.43,1.11,10.49,861.0,163.0,3.91,0.74,11.51,1276.0,198.0,5.79,0.9,9.45,667.0,174.0,3.96,1.03,15.81,586.0,152.0,3.48,0.9,15.72,1078.0,199.0,6.4,1.18,11.21,1345.0,231.0,7.98,1.37,10.44,1687.0,258.0,10.01,1.53,9.29,2572.0,288.0,15.27,1.71,6.81,2129.0,253.0,12.64,1.5,7.21,3500.0,317.0,20.77,1.88,5.5,1647.0,221.0,9.78,1.31,8.14,1636.0,231.0,9.71,1.37,8.58,13172.0,293.0,78.18,1.74,1.35,5968.0,337.0,35.42,2.0,3.43,3084.0,258.0,18.3,1.53,5.08,794.0,170.0,4.71,1.01,13.04,246.0,91.0,1.46,0.54,22.48,1460.0,236.0,8.67,1.4,9.82,45477.0,379.0,94.75,0.79,0.51,34647.0,965.0,72.19,2.01,1.69,15912.0,869.0,33.15,1.81,3.32,2520.0,379.0,5.25,0.79,9.15,23176.0,514.0,48.29,1.07,1.35,24821.0,514.0,51.71,1.07,1.26,3196.0,365.0,6.66,0.76,6.94,2973.0,336.0,6.19,0.7,6.87,3612.0,360.0,7.53,0.75,6.05,2782.0,298.0,5.8,0.62,6.5,2517.0,283.0,5.24,0.59,6.84,5684.0,485.0,11.84,1.01,5.19,6292.0,446.0,13.11,0.93,4.31,6199.0,437.0,12.92,0.91,4.28,3612.0,365.0,7.53,0.76,6.14,3389.0,365.0,7.06,0.76,6.54,4071.0,355.0,8.48,0.74,5.3,2487.0,302.0,5.18,0.63,7.39,1176.0,211.0,2.45,0.44,10.92,36388.0,494.0,75.81,1.03,0.83,7736.0,442.0,16.12,0.92,3.47,35087.0,1061.0,73.1,2.21,1.84,6743.0,787.0,14.05,1.64,7.1,46.0,130.0,0.1,0.27,164.13,3590.0,576.0,7.48,1.2,9.75,0.0,,0.0,,,1734.0,595.0,3.61,1.24,20.88,800.0,278.0,1.67,0.58,21.11,5120.0,883.0,10.67,1.84,10.48,42877.0,883.0,89.33,1.84,1.25,32453.0,1085.0,67.61,2.26,2.03,6072.0,744.0,12.65,1.55,7.45,0.0,,0.0,,,3579.0,576.0,7.46,1.2,9.78,0.0,,0.0,,,139.0,139.0,0.29,0.29,60.79,634.0,264.0,1.32,0.55,25.33
61,Canarsie,BK1803,Canarsie,27130.0,,100,,,10466.0,418.0,38.58,1.54,2.43,26216.0,963.0,29.67,1.09,2.23,1535.0,225.0,5.86,0.86,8.92,1230.0,207.0,4.69,0.79,10.24,9182.0,446.0,35.02,1.7,2.95,5159.0,378.0,19.68,1.44,4.45,9109.0,459.0,34.75,1.75,3.06,58987.0,1458.0,66.75,1.65,1.5,3791.0,401.0,6.43,0.68,6.43,4856.0,413.0,8.23,0.7,5.17,17263.0,684.0,29.27,1.16,2.41,15308.0,643.0,25.95,1.09,2.55,68214.0,1732.0,77.19,1.96,1.54,1190.0,177.0,1.74,0.26,9.08,87908.0,1087.0,99.48,1.23,0.75,8281.0,536.0,9.42,0.61,3.94,20066.0,919.0,22.71,1.04,2.78,443.0,136.0,2.21,0.68,18.7,57744.0,1069.0,65.35,1.21,1.13,4142.0,375.0,7.17,0.65,5.51,10086.0,504.0,11.41,0.57,3.04,3688.0,267.0,36.57,2.65,4.41,87599.0,1599.0,99.13,1.81,1.11,82238.0,727.0,93.88,0.83,0.54,4865.0,718.0,5.55,0.82,8.98,492.0,210.0,0.56,0.24,26.05,88367.0,,100,,,48296.0,981.0,54.65,1.11,1.23,46587.0,990.0,52.72,1.12,1.29,1706.0,265.0,1.93,0.3,9.45,40071.0,866.0,45.35,0.98,1.31,28586.0,653.0,71.34,1.63,1.39,11485.0,653.0,28.66,1.63,3.46,732.0,180.0,1.83,0.45,14.95,2037.0,389.0,5.08,0.97,11.61,1184.0,252.0,2.95,0.63,12.98,8.0,168.0,0.02,0.42,1276.6,35980.0,477.0,89.79,1.19,0.81,129.0,144.0,0.32,0.36,68.39,83133.0,1838.0,94.08,2.08,1.34,60814.0,1180.0,73.15,1.42,1.18,10194.0,781.0,12.26,0.94,4.66,4373.0,515.0,5.26,0.62,7.17,70719.0,1714.0,80.03,1.94,1.47,46981.0,714.0,66.43,1.01,0.92,42952.0,735.0,60.74,1.04,1.04,3976.0,368.0,5.62,0.52,5.62,53.0,163.0,0.07,0.23,199.74,23738.0,714.0,33.57,1.01,1.83,,,8.46,0.77,5.63,42151.0,795.0,47.7,0.9,1.15,14857.0,603.0,35.25,1.43,2.47,2262.0,287.0,5.37,0.68,7.7,22606.0,645.0,53.63,1.53,1.73,1269.0,211.0,3.01,0.5,10.1,666.0,177.0,1.58,0.42,16.16,42961.0,857.0,48.62,0.97,1.21,24.0,168.0,0.06,0.39,395.14,1864.0,271.0,4.34,0.63,8.82,816.0,193.0,1.9,0.45,14.4,459.0,150.0,1.07,0.35,19.88,3998.0,365.0,9.31,0.85,5.55,4473.0,357.0,10.41,0.83,4.85,907.0,172.0,2.11,0.4,11.52,2301.0,266.0,5.36,0.62,7.03,3296.0,322.0,7.67,0.75,5.94,18270.0,593.0,42.53,1.38,1.97,2436.0,279.0,5.67,0.65,6.97,1566.0,223.0,3.65,0.52,8.66,2539.0,288.0,5.91,0.67,6.89,2207.0,241.0,8.13,0.89,6.65,1238.0,198.0,4.56,0.73,9.73,2304.0,263.0,8.49,0.97,6.95,2203.0,247.0,8.12,0.91,6.81,3292.0,298.0,12.13,1.1,5.51,4535.0,334.0,16.72,1.23,4.47,4098.0,334.0,15.11,1.23,4.95,4356.0,320.0,16.06,1.18,4.47,1809.0,214.0,6.67,0.79,7.2,1086.0,168.0,4.0,0.62,9.42,22899.0,317.0,84.4,1.17,0.84,6454.0,350.0,23.79,1.29,3.3,3833.0,285.0,14.13,1.05,4.52,1671.0,195.0,6.16,0.72,7.11,1056.0,184.0,3.89,0.68,10.63,4663.0,323.0,17.19,1.19,4.21,79766.0,642.0,90.74,0.73,0.49,56388.0,1213.0,64.14,1.38,1.31,29200.0,1152.0,33.22,1.31,2.4,8142.0,642.0,9.26,0.73,4.79,38871.0,716.0,43.99,0.81,1.12,49496.0,716.0,56.01,0.81,0.88,5234.0,451.0,5.92,0.51,5.24,5126.0,415.0,5.8,0.47,4.93,6032.0,433.0,6.83,0.49,4.36,6172.0,424.0,6.98,0.48,4.18,6842.0,460.0,7.74,0.52,4.08,12588.0,627.0,14.25,0.71,3.03,11268.0,583.0,12.75,0.66,3.15,12671.0,610.0,14.34,0.69,2.93,6407.0,442.0,7.25,0.5,4.19,5721.0,424.0,6.47,0.48,4.51,6311.0,433.0,7.14,0.49,4.17,2713.0,283.0,3.07,0.32,6.34,1309.0,203.0,1.48,0.23,9.45,68267.0,778.0,77.25,0.88,0.69,10323.0,539.0,11.68,0.61,3.17,5316.0,583.0,6.02,0.66,6.66,76538.0,937.0,86.61,1.06,0.74,439.0,292.0,0.5,0.33,40.12,2506.0,486.0,2.84,0.55,11.77,0.0,,0.0,,,2643.0,477.0,2.99,0.54,10.98,934.0,265.0,1.06,0.3,17.2,5471.0,672.0,6.19,0.76,7.46,82896.0,672.0,93.81,0.76,0.49,4054.0,486.0,4.59,0.55,7.28,74887.0,1007.0,84.75,1.14,0.82,331.0,283.0,0.37,0.32,52.58,2506.0,486.0,2.84,0.55,11.77,0.0,,0.0,,,330.0,203.0,0.37,0.23,37.79,800.0,256.0,0.91,0.29,19.37
62,Marine Park-Plumb Island,BK1891,Marine Park-Plumb Island,0.0,,100,,,0.0,,,,,0.0,,,,,0.0,,,,,0.0,,,,,0.0,,,,,0.0,,,,,0.0,,,,,0.0,,,,,0.0,,,,,0.0,,,,,0.0,,,,,0.0,,,,,0.0,,,,,0.0,,,,,0.0,,,,,0.0,,,,,0.0,,,,,0.0,,,,,0.0,,,,,0.0,,,,,0.0,,,,,0.0,,,,,0.0,,,,,0.0,,,,,0.0,,,,,0.0,,,,,0.0,,100,,,0.0,,,,,0.0,,,,,0.0,,,,,0.0,,,,,0.0,,,,,0.0,,,,,0.0,,,,,0.0,,,,,0.0,,,,,0.0,,,,,0.0,,,,,0.0,,,,,0.0,,,,,0.0,,,,,0.0,,,,,0.0,,,,,0.0,,,,,0.0,,,,,0.0,,,,,0.0,,,,,0.0,,,,,0.0,,,,,,,,,,0.0,,,,,0.0,,,,,0.0,,,,,0.0,,,,,0.0,,,,,0.0,,,,,0.0,,,,,0.0,,,,,0.0,,,,,0.0,,,,,0.0,,,,,0.0,,,,,0.0,,,,,0.0,,,,,0.0,,,,,0.0,,,,,0.0,,,,,0.0,,,,,0.0,,,,,0.0,,,,,0.0,,,,,0.0,,,,,0.0,,,,,0.0,,,,,0.0,,,,,0.0,,,,,0.0,,,,,0.0,,,,,0.0,,,,,0.0,,,,,0.0,,,,,0.0,,,,,0.0,,,,,0.0,,,,,0.0,,,,,0.0,,,,,0.0,,,,,0.0,,,,,0.0,,,,,0.0,,,,,0.0,,,,,0.0,,,,,0.0,,,,,0.0,,,,,0.0,,,,,0.0,,,,,0.0,,,,,0.0,,,,,0.0,,,,,0.0,,,,,0.0,,,,,0.0,,,,,0.0,,,,,0.0,,,,,0.0,,,,,0.0,,,,,0.0,,,,,0.0,,,,,0.0,,,,,0.0,,,,,0.0,,,,,0.0,,,,,0.0,,,,,0.0,,,,,0.0,,,,,0.0,,,,,0.0,,,,,0.0,,,,,0.0,,,,,0.0,,,,,0.0,,,,,0.0,,,,,0.0,,,,
63,McGuire Fields,BK1892,McGuire Fields,0.0,,100,,,0.0,,,,,0.0,,,,,0.0,,,,,0.0,,,,,0.0,,,,,0.0,,,,,0.0,,,,,0.0,,,,,0.0,,,,,0.0,,,,,0.0,,,,,0.0,,,,,0.0,,,,,0.0,,,,,0.0,,,,,0.0,,,,,0.0,,,,,0.0,,,,,0.0,,,,,0.0,,,,,0.0,,,,,0.0,,,,,0.0,,,,,0.0,,,,,0.0,,,,,0.0,,,,,0.0,,100,,,0.0,,,,,0.0,,,,,0.0,,,,,0.0,,,,,0.0,,,,,0.0,,,,,0.0,,,,,0.0,,,,,0.0,,,,,0.0,,,,,0.0,,,,,0.0,,,,,0.0,,,,,0.0,,,,,0.0,,,,,0.0,,,,,0.0,,,,,0.0,,,,,0.0,,,,,0.0,,,,,0.0,,,,,0.0,,,,,,,,,,0.0,,,,,0.0,,,,,0.0,,,,,0.0,,,,,0.0,,,,,0.0,,,,,0.0,,,,,0.0,,,,,0.0,,,,,0.0,,,,,0.0,,,,,0.0,,,,,0.0,,,,,0.0,,,,,0.0,,,,,0.0,,,,,0.0,,,,,0.0,,,,,0.0,,,,,0.0,,,,,0.0,,,,,0.0,,,,,0.0,,,,,0.0,,,,,0.0,,,,,0.0,,,,,0.0,,,,,0.0,,,,,0.0,,,,,0.0,,,,,0.0,,,,,0.0,,,,,0.0,,,,,0.0,,,,,0.0,,,,,0.0,,,,,0.0,,,,,0.0,,,,,0.0,,,,,0.0,,,,,0.0,,,,,0.0,,,,,0.0,,,,,0.0,,,,,0.0,,,,,0.0,,,,,0.0,,,,,0.0,,,,,0.0,,,,,0.0,,,,,0.0,,,,,0.0,,,,,0.0,,,,,0.0,,,,,0.0,,,,,0.0,,,,,0.0,,,,,0.0,,,,,0.0,,,,,0.0,,,,,0.0,,,,,0.0,,,,,0.0,,,,,0.0,,,,,0.0,,,,,0.0,,,,,0.0,,,,,0.0,,,,,0.0,,,,,0.0,,,,,0.0,,,,,0.0,,,,,0.0,,,,
64,Canarsie Park & Pier,BK1893,Canarsie Park & Pier,0.0,,100,,,0.0,,,,,0.0,,,,,0.0,,,,,0.0,,,,,0.0,,,,,0.0,,,,,0.0,,,,,0.0,,,,,0.0,,,,,0.0,,,,,0.0,,,,,0.0,,,,,0.0,,,,,0.0,,,,,0.0,,,,,0.0,,,,,0.0,,,,,0.0,,,,,0.0,,,,,0.0,,,,,0.0,,,,,0.0,,,,,0.0,,,,,0.0,,,,,0.0,,,,,0.0,,,,,0.0,,100,,,0.0,,,,,0.0,,,,,0.0,,,,,0.0,,,,,0.0,,,,,0.0,,,,,0.0,,,,,0.0,,,,,0.0,,,,,0.0,,,,,0.0,,,,,0.0,,,,,0.0,,,,,0.0,,,,,0.0,,,,,0.0,,,,,0.0,,,,,0.0,,,,,0.0,,,,,0.0,,,,,0.0,,,,,0.0,,,,,,,,,,0.0,,,,,0.0,,,,,0.0,,,,,0.0,,,,,0.0,,,,,0.0,,,,,0.0,,,,,0.0,,,,,0.0,,,,,0.0,,,,,0.0,,,,,0.0,,,,,0.0,,,,,0.0,,,,,0.0,,,,,0.0,,,,,0.0,,,,,0.0,,,,,0.0,,,,,0.0,,,,,0.0,,,,,0.0,,,,,0.0,,,,,0.0,,,,,0.0,,,,,0.0,,,,,0.0,,,,,0.0,,,,,0.0,,,,,0.0,,,,,0.0,,,,,0.0,,,,,0.0,,,,,0.0,,,,,0.0,,,,,0.0,,,,,0.0,,,,,0.0,,,,,0.0,,,,,0.0,,,,,0.0,,,,,0.0,,,,,0.0,,,,,0.0,,,,,0.0,,,,,0.0,,,,,0.0,,,,,0.0,,,,,0.0,,,,,0.0,,,,,0.0,,,,,0.0,,,,,0.0,,,,,0.0,,,,,0.0,,,,,0.0,,,,,0.0,,,,,0.0,,,,,0.0,,,,,0.0,,,,,0.0,,,,,0.0,,,,,0.0,,,,,0.0,,,,,0.0,,,,,0.0,,,,,0.0,,,,,0.0,,,,,0.0,,,,,0.0,,,,,0.0,,,,,0.0,,,,,0.0,,,,
65,Prospect Park,BK5591,Prospect Park,0.0,,100,,,0.0,,,,,0.0,,,,,0.0,,,,,0.0,,,,,0.0,,,,,0.0,,,,,0.0,,,,,0.0,,,,,0.0,,,,,0.0,,,,,0.0,,,,,0.0,,,,,0.0,,,,,0.0,,,,,0.0,,,,,0.0,,,,,0.0,,,,,0.0,,,,,0.0,,,,,0.0,,,,,0.0,,,,,0.0,,,,,0.0,,,,,0.0,,,,,0.0,,,,,0.0,,,,,0.0,,100,,,0.0,,,,,0.0,,,,,0.0,,,,,0.0,,,,,0.0,,,,,0.0,,,,,0.0,,,,,0.0,,,,,0.0,,,,,0.0,,,,,0.0,,,,,0.0,,,,,0.0,,,,,0.0,,,,,0.0,,,,,0.0,,,,,0.0,,,,,0.0,,,,,0.0,,,,,0.0,,,,,0.0,,,,,0.0,,,,,,,,,,0.0,,,,,0.0,,,,,0.0,,,,,0.0,,,,,0.0,,,,,0.0,,,,,0.0,,,,,0.0,,,,,0.0,,,,,0.0,,,,,0.0,,,,,0.0,,,,,0.0,,,,,0.0,,,,,0.0,,,,,0.0,,,,,0.0,,,,,0.0,,,,,0.0,,,,,0.0,,,,,0.0,,,,,0.0,,,,,0.0,,,,,0.0,,,,,0.0,,,,,0.0,,,,,0.0,,,,,0.0,,,,,0.0,,,,,0.0,,,,,0.0,,,,,0.0,,,,,0.0,,,,,0.0,,,,,0.0,,,,,0.0,,,,,0.0,,,,,0.0,,,,,0.0,,,,,0.0,,,,,0.0,,,,,0.0,,,,,0.0,,,,,0.0,,,,,0.0,,,,,0.0,,,,,0.0,,,,,0.0,,,,,0.0,,,,,0.0,,,,,0.0,,,,,0.0,,,,,0.0,,,,,0.0,,,,,0.0,,,,,0.0,,,,,0.0,,,,,0.0,,,,,0.0,,,,,0.0,,,,,0.0,,,,,0.0,,,,,0.0,,,,,0.0,,,,,0.0,,,,,0.0,,,,,0.0,,,,,0.0,,,,,0.0,,,,,0.0,,,,,0.0,,,,,0.0,,,,,0.0,,,,
66,Barren Island-Floyd Bennett Field,BK5691,Barren Island-Floyd Bennett Field,1.0,,100,,,0.0,,0.0,,,0.0,,0.0,,,0.0,,,,,0.0,,,,,0.0,,,,,0.0,,,,,0.0,,,,,16.0,0.0,100.0,0.0,0.0,0.0,,0.0,,,0.0,,0.0,,,4.0,2.0,25.0,14.4,35.02,4.0,2.0,25.0,13.5,32.83,16.0,0.0,100.0,0.0,0.0,0.0,,0.0,,,16.0,0.0,100.0,0.0,0.0,0.0,,0.0,,,0.0,,0.0,,,0.0,,,,,16.0,0.0,100.0,0.0,0.0,0.0,,0.0,,,0.0,,0.0,,,0.0,,,,,16.0,0.0,100.0,0.0,0.0,16.0,11.0,100.0,71.2,43.28,0.0,,0.0,,,0.0,,0.0,,,16.0,,100,,,16.0,11.0,100.0,71.2,43.28,16.0,11.0,100.0,71.2,43.28,0.0,,0.0,,,0.0,,0.0,,,0.0,,,,,0.0,,,,,0.0,,,,,0.0,,,,,0.0,,,,,0.0,,,,,0.0,,,,,0.0,,,,,16.0,0.0,100.0,0.0,0.0,16.0,11.0,100.0,71.2,43.28,0.0,,0.0,,,0.0,,0.0,,,16.0,0.0,100.0,0.0,0.0,16.0,11.0,100.0,71.2,43.28,16.0,11.0,100.0,71.2,43.28,0.0,,0.0,,,0.0,,0.0,,,0.0,,0.0,,,,,0.0,,,16.0,0.0,100.0,0.0,0.0,0.0,,0.0,,,4.0,2.0,25.0,13.5,32.83,12.0,2.0,75.0,13.5,10.94,0.0,,0.0,,,0.0,,0.0,,,16.0,0.0,100.0,0.0,0.0,0.0,,0.0,,,4.0,2.0,25.0,11.9,28.94,0.0,,0.0,,,0.0,,0.0,,,0.0,,0.0,,,0.0,,0.0,,,0.0,,0.0,,,4.0,2.0,25.0,13.5,32.83,4.0,3.0,25.0,17.1,41.58,4.0,2.0,25.0,14.4,35.02,0.0,,0.0,,,0.0,,0.0,,,0.0,,0.0,,,0.0,,0.0,,,0.0,,0.0,,,0.0,,0.0,,,0.0,,0.0,,,0.0,,0.0,,,0.0,,0.0,,,0.0,,0.0,,,1.0,1.0,100.0,100.0,60.79,0.0,,0.0,,,0.0,,0.0,,,1.0,1.0,100.0,100.0,60.79,0.0,,0.0,,,0.0,,0.0,,,0.0,,0.0,,,0.0,,0.0,,,0.0,,0.0,,,16.0,11.0,100.0,71.2,43.28,16.0,11.0,100.0,71.2,43.28,0.0,,0.0,,,0.0,,0.0,,,8.0,3.0,50.0,17.2,20.91,8.0,3.0,50.0,17.2,20.91,0.0,,0.0,,,0.0,,0.0,,,0.0,,0.0,,,0.0,,0.0,,,0.0,,0.0,,,4.0,2.0,25.0,13.5,32.83,0.0,,0.0,,,4.0,2.0,25.0,11.9,28.94,8.0,3.0,50.0,17.3,21.03,0.0,,0.0,,,0.0,,0.0,,,0.0,,0.0,,,0.0,,0.0,,,16.0,11.0,100.0,71.2,43.28,0.0,,0.0,,,16.0,11.0,100.0,71.2,43.28,0.0,,0.0,,,0.0,,0.0,,,0.0,,0.0,,,0.0,,0.0,,,0.0,,0.0,,,0.0,,0.0,,,0.0,,0.0,,,16.0,11.0,100.0,71.2,43.28,16.0,11.0,100.0,71.2,43.28,0.0,,0.0,,,0.0,,0.0,,,0.0,,0.0,,,0.0,,0.0,,,0.0,,0.0,,,0.0,,0.0,,
67,Jamaica Bay (West),BK5692,Jamaica Bay (West),,,100,,,,,,,,,,,,,,,,,,,,,,,,,,,,,,,,,,,,,,,,,,,,,,,,,,,,,,,,,,,,,,,,,,,,,,,,,,,,,,,,,,,,,,,,,,,,,,,,,,,,,,,,,,,,,,,,,,,,,,,,,,,,,,,,,,,,,,,100,,,,,,,,,,,,,,,,,,,,,,,,,,,,,,,,,,,,,,,,,,,,,,,,,,,,,,,,,,,,,,,,,,,,,,,,,,,,,,,,,,,,,,,,,,,,,,,,,,,,,,,,,,,,,,,,,,,,,,,,,,,,,,,,,,,,,,,,,,,,,,,,,,,,,,,,,,,,,,,,,,,,,,,,,,,,,,,,,,,,,,,,,,,,,,,,,,,,,,,,,,,,,,,,,,,,,,,,,,,,,,,,,,,,,,,,,,,,,,,,,,,,,,,,,,,,,,,,,,,,,,,,,,,,,,,,,,,,,,,,,,,,,,,,,,,,,,,,,,,,,,,,,,,,,,,,,,,,,,,,,,,,,,,,,,,,,,,,,,,,,,,,,,,,,,,,,,,,,,,,,,,,,,,,,,,,,,,,,,,,,,,,,,,,,,,,,,,,,,,,,,,,,,,,,,,,,,,,,,,,,,,,,,,,,,,,,,,,,,,,,,,,,,,,,,,,,,,,,,,,,,,,,,,,,,,,,,,,,,,,,,
68,Shirley Chisholm State Park,BK5693,Shirley Chisholm State Park,,,100,,,,,,,,,,,,,,,,,,,,,,,,,,,,,,,,,,,,,,,,,,,,,,,,,,,,,,,,,,,,,,,,,,,,,,,,,,,,,,,,,,,,,,,,,,,,,,,,,,,,,,,,,,,,,,,,,,,,,,,,,,,,,,,,,,,,,,,100,,,,,,,,,,,,,,,,,,,,,,,,,,,,,,,,,,,,,,,,,,,,,,,,,,,,,,,,,,,,,,,,,,,,,,,,,,,,,,,,,,,,,,,,,,,,,,,,,,,,,,,,,,,,,,,,,,,,,,,,,,,,,,,,,,,,,,,,,,,,,,,,,,,,,,,,,,,,,,,,,,,,,,,,,,,,,,,,,,,,,,,,,,,,,,,,,,,,,,,,,,,,,,,,,,,,,,,,,,,,,,,,,,,,,,,,,,,,,,,,,,,,,,,,,,,,,,,,,,,,,,,,,,,,,,,,,,,,,,,,,,,,,,,,,,,,,,,,,,,,,,,,,,,,,,,,,,,,,,,,,,,,,,,,,,,,,,,,,,,,,,,,,,,,,,,,,,,,,,,,,,,,,,,,,,,,,,,,,,,,,,,,,,,,,,,,,,,,,,,,,,,,,,,,,,,,,,,,,,,,,,,,,,,,,,,,,,,,,,,,,,,,,,,,,,,,,,,,,,,,,,,,,,,,,,,,,,,,,,,,,,
69,Mott Haven-Port Morris,BX0101,Mott Haven-Port Morris,21090.0,,100,,,9391.0,472.0,44.53,2.24,3.06,17656.0,804.0,32.06,1.46,2.77,906.0,214.0,5.13,1.21,14.34,1099.0,226.0,6.22,1.28,12.51,7915.0,454.0,44.83,2.57,3.48,4390.0,415.0,24.86,2.35,5.75,3354.0,388.0,19.0,2.2,7.04,30749.0,892.0,55.83,1.62,1.76,7035.0,578.0,22.88,1.88,5.0,6032.0,535.0,19.62,1.74,5.39,8327.0,593.0,27.08,1.93,4.33,2745.0,366.0,8.93,1.19,8.1,37933.0,953.0,68.87,1.73,1.53,655.0,174.0,1.73,0.46,16.16,55022.0,441.0,99.89,0.8,0.49,8849.0,655.0,16.08,1.19,4.5,17120.0,909.0,31.08,1.65,3.23,1136.0,260.0,6.64,1.52,13.92,33322.0,804.0,60.5,1.46,1.47,5067.0,457.0,15.21,1.37,5.48,4582.0,347.0,8.32,0.63,4.6,2648.0,225.0,57.79,4.91,5.16,54183.0,1707.0,98.37,3.1,1.92,49196.0,813.0,90.8,1.5,1.0,4827.0,802.0,8.91,1.48,10.1,159.0,141.0,0.29,0.26,54.5,55080.0,,100,,,39975.0,1151.0,72.58,2.09,1.75,34283.0,1107.0,62.24,2.01,1.96,5687.0,617.0,10.32,1.12,6.6,15105.0,1162.0,27.42,2.11,4.68,5715.0,509.0,37.83,3.37,5.42,9390.0,509.0,62.16,3.37,3.3,68.0,119.0,0.45,0.79,106.72,298.0,154.0,1.97,1.02,31.48,1442.0,437.0,9.55,2.89,18.4,20.0,104.0,0.13,0.69,322.66,13262.0,462.0,87.8,3.06,2.12,14.0,100.0,0.09,0.66,445.8,50244.0,1421.0,91.22,2.58,1.72,16470.0,1105.0,32.78,2.2,4.08,16708.0,1050.0,33.25,2.09,3.82,31190.0,1115.0,62.08,2.22,2.17,39842.0,1184.0,72.33,2.15,1.81,21430.0,769.0,53.79,1.93,2.18,18666.0,761.0,46.85,1.91,2.48,2745.0,390.0,6.89,0.98,8.65,15.0,100.0,0.04,0.25,379.94,18412.0,769.0,46.21,1.93,2.54,,,12.81,1.76,8.64,17965.0,920.0,32.62,1.67,3.11,2022.0,277.0,11.26,1.54,8.31,457.0,151.0,2.54,0.84,20.1,12983.0,446.0,72.27,2.48,2.09,1776.0,331.0,9.89,1.84,11.31,409.0,146.0,2.28,0.81,21.6,18664.0,925.0,33.89,1.68,3.01,13.0,99.0,0.07,0.53,460.27,1148.0,261.0,6.15,1.4,13.84,862.0,237.0,4.62,1.27,16.71,184.0,119.0,0.99,0.64,39.3,2358.0,343.0,12.63,1.84,8.86,1264.0,272.0,6.77,1.46,13.11,250.0,136.0,1.34,0.73,33.12,854.0,211.0,4.58,1.13,15.0,1756.0,276.0,9.41,1.48,9.56,4809.0,431.0,25.77,2.31,5.45,3434.0,472.0,18.4,2.53,8.36,1219.0,250.0,6.53,1.34,12.47,509.0,147.0,2.73,0.79,17.59,5187.0,447.0,24.59,2.12,5.24,2544.0,354.0,12.06,1.68,8.47,3945.0,399.0,18.71,1.89,6.14,2398.0,329.0,11.37,1.56,8.34,2543.0,356.0,12.06,1.69,8.52,2152.0,327.0,10.2,1.55,9.24,1173.0,224.0,5.56,1.06,11.59,784.0,207.0,3.72,0.98,16.01,277.0,131.0,1.31,0.62,28.77,92.0,122.0,0.44,0.58,80.13,13879.0,456.0,65.81,2.16,2.0,5045.0,401.0,23.92,1.9,4.83,1353.0,226.0,6.42,1.07,10.13,4198.0,390.0,19.91,1.85,5.65,2065.0,295.0,9.79,1.4,8.69,11242.0,477.0,53.3,2.26,2.58,46492.0,957.0,84.5,1.74,1.25,15500.0,1188.0,28.17,2.16,4.66,34425.0,1216.0,62.57,2.21,2.15,8530.0,957.0,15.5,1.74,6.82,26271.0,771.0,47.7,1.4,1.78,28809.0,771.0,52.3,1.4,1.63,4836.0,507.0,8.78,0.92,6.37,4714.0,446.0,8.56,0.81,5.75,4748.0,446.0,8.62,0.81,5.71,4692.0,457.0,8.52,0.83,5.92,5346.0,529.0,9.71,0.96,6.01,8341.0,650.0,15.14,1.18,4.74,6994.0,529.0,12.7,0.96,4.6,6706.0,507.0,12.18,0.92,4.59,2562.0,330.0,4.65,0.6,7.84,1574.0,259.0,2.86,0.47,9.99,2533.0,308.0,4.6,0.56,7.4,1654.0,259.0,3.0,0.47,9.52,388.0,138.0,0.7,0.25,21.71,37947.0,804.0,68.89,1.46,1.29,4582.0,391.0,8.32,0.71,5.19,7814.0,1047.0,14.19,1.9,8.14,16332.0,1113.0,29.65,2.02,4.14,483.0,253.0,0.88,0.46,31.78,362.0,209.0,0.66,0.38,35.0,0.0,,0.0,,,28604.0,1427.0,51.93,2.59,3.03,1509.0,468.0,2.74,0.85,18.86,39539.0,1036.0,71.78,1.88,1.59,15541.0,1036.0,28.22,1.88,4.05,846.0,341.0,1.54,0.62,24.47,13871.0,969.0,25.18,1.76,4.25,212.0,209.0,0.38,0.38,60.79,323.0,198.0,0.59,0.36,37.09,0.0,,0.0,,,91.0,127.0,0.17,0.23,82.25,226.0,198.0,0.41,0.36,53.38
70,Melrose,BX0102,Melrose,15656.0,,100,,,6596.0,407.0,42.13,2.6,3.75,14348.0,964.0,33.18,2.23,4.08,806.0,212.0,5.62,1.48,16.01,834.0,221.0,5.81,1.54,16.11,6593.0,439.0,45.95,3.06,4.05,3038.0,412.0,21.17,2.87,8.24,3075.0,449.0,21.43,3.13,8.88,24282.0,1181.0,56.15,2.73,2.96,4839.0,500.0,19.93,2.06,6.28,4353.0,473.0,17.93,1.95,6.61,6648.0,568.0,27.38,2.34,5.2,2934.0,449.0,12.08,1.85,9.31,29518.0,1116.0,68.26,2.58,2.3,480.0,145.0,1.63,0.49,18.27,43098.0,912.0,99.66,2.11,1.29,6173.0,659.0,14.32,1.53,6.5,13606.0,943.0,31.46,2.18,4.21,817.0,231.0,6.0,1.7,17.22,25824.0,662.0,59.72,1.53,1.56,3596.0,527.0,13.92,2.04,8.91,3662.0,285.0,8.47,0.66,4.73,1750.0,228.0,47.79,6.22,7.91,42589.0,1081.0,98.49,2.5,1.54,38553.0,745.0,90.52,1.75,1.18,3541.0,673.0,8.31,1.58,11.56,496.0,311.0,1.16,0.73,38.26,43244.0,,100,,,30692.0,1072.0,70.97,2.48,2.12,27306.0,1038.0,63.14,2.4,2.31,3383.0,493.0,7.82,1.14,8.86,12552.0,1137.0,29.03,2.63,5.51,5173.0,535.0,41.21,4.26,6.28,7378.0,535.0,58.78,4.26,4.41,113.0,92.0,0.9,0.73,49.31,291.0,185.0,2.32,1.47,38.52,1980.0,456.0,15.77,3.63,13.99,0.0,,0.0,,,10151.0,492.0,80.87,3.92,2.95,18.0,80.0,0.14,0.64,277.9,39193.0,1656.0,90.63,3.83,2.57,13603.0,1246.0,34.71,3.18,5.57,12329.0,1090.0,31.46,2.78,5.37,22407.0,1199.0,57.17,3.06,3.25,30876.0,1146.0,71.4,2.65,2.26,17199.0,766.0,55.7,2.48,2.71,14927.0,800.0,48.35,2.59,3.26,2249.0,411.0,7.28,1.33,11.11,23.0,86.0,0.07,0.28,243.16,13677.0,766.0,44.3,2.48,3.4,,,13.08,2.32,11.11,14637.0,856.0,33.85,1.98,3.56,1768.0,310.0,12.08,2.12,10.67,410.0,149.0,2.8,1.02,22.15,9880.0,483.0,67.5,3.3,2.97,1480.0,325.0,10.11,2.22,13.35,704.0,215.0,4.81,1.47,18.58,14930.0,861.0,34.53,1.99,3.51,0.0,,0.0,,,655.0,221.0,4.39,1.48,20.49,508.0,154.0,3.4,1.03,18.42,234.0,137.0,1.57,0.92,35.62,1705.0,302.0,11.42,2.02,10.75,993.0,276.0,6.65,1.85,16.91,122.0,102.0,0.82,0.68,50.41,970.0,254.0,6.5,1.7,15.9,858.0,221.0,5.75,1.48,15.65,4381.0,463.0,29.34,3.1,6.42,2880.0,542.0,19.29,3.63,11.44,977.0,275.0,6.54,1.84,17.1,643.0,261.0,4.31,1.75,24.68,3454.0,410.0,22.06,2.62,7.22,2183.0,333.0,13.94,2.13,9.29,2275.0,349.0,14.53,2.23,9.33,2217.0,340.0,14.16,2.17,9.32,2154.0,349.0,13.76,2.23,9.85,1568.0,269.0,10.02,1.72,10.44,771.0,222.0,4.92,1.42,17.55,597.0,194.0,3.81,1.24,19.78,176.0,108.0,1.12,0.69,37.45,259.0,136.0,1.65,0.87,32.05,10527.0,426.0,67.24,2.72,2.46,3370.0,335.0,21.53,2.14,6.04,1008.0,177.0,6.44,1.13,10.67,3181.0,376.0,20.32,2.4,7.18,1595.0,296.0,10.19,1.89,11.28,7979.0,496.0,50.96,3.17,3.78,37152.0,866.0,86.2,2.01,1.42,12160.0,1215.0,28.21,2.82,6.08,26863.0,1228.0,62.33,2.85,2.78,5947.0,866.0,13.8,2.01,8.85,19938.0,826.0,46.11,1.91,2.52,23306.0,826.0,53.89,1.91,2.15,4051.0,467.0,9.37,1.08,7.01,4015.0,415.0,9.28,0.96,6.29,3571.0,441.0,8.26,1.02,7.51,3562.0,445.0,8.24,1.03,7.6,3770.0,489.0,8.72,1.13,7.88,6833.0,657.0,15.8,1.52,5.85,5235.0,519.0,12.11,1.2,6.02,4715.0,523.0,10.9,1.21,6.75,2160.0,363.0,4.99,0.84,10.23,1687.0,329.0,3.9,0.76,11.85,2090.0,281.0,4.83,0.65,8.18,1139.0,229.0,2.63,0.53,12.25,431.0,160.0,1.0,0.37,22.49,29542.0,787.0,68.31,1.82,1.62,3662.0,355.0,8.47,0.82,5.89,3779.0,670.0,8.74,1.55,10.78,15739.0,1375.0,36.4,3.18,5.31,278.0,199.0,0.64,0.46,43.69,272.0,216.0,0.63,0.5,48.25,157.0,164.0,0.36,0.38,64.17,21689.0,1423.0,50.15,3.29,3.99,1339.0,506.0,3.1,1.17,22.94,27265.0,1250.0,63.05,2.89,2.79,15979.0,1250.0,36.95,2.89,4.75,628.0,242.0,1.45,0.56,23.48,14213.0,1302.0,32.87,3.01,5.57,180.0,177.0,0.42,0.41,59.34,259.0,216.0,0.6,0.5,50.66,157.0,164.0,0.36,0.38,64.17,256.0,294.0,0.59,0.68,70.06,297.0,229.0,0.69,0.53,46.69
71,Hunts Point,BX0201,Hunts Point,5281.0,,100,,,2393.0,225.0,45.31,4.26,5.72,5125.0,429.0,31.81,2.66,5.09,313.0,121.0,6.11,2.36,23.48,239.0,96.0,4.66,1.87,24.39,2283.0,227.0,44.54,4.42,6.03,1289.0,188.0,25.15,3.67,8.87,1000.0,203.0,19.51,3.96,12.34,9305.0,301.0,57.75,1.87,1.97,1965.0,300.0,21.12,3.22,9.27,1638.0,229.0,17.6,2.46,8.5,2384.0,269.0,25.62,2.89,6.86,991.0,213.0,10.65,2.29,13.07,11267.0,909.0,69.93,5.64,4.9,163.0,71.0,1.45,0.63,26.41,15334.0,319.0,95.17,1.98,1.26,1656.0,236.0,10.8,1.54,8.67,4793.0,474.0,29.75,2.94,6.01,275.0,90.0,5.74,1.88,19.91,9317.0,255.0,57.82,1.58,1.66,943.0,184.0,10.12,1.97,11.83,1224.0,166.0,7.6,1.03,8.24,443.0,99.0,36.19,8.08,13.57,15814.0,1096.0,98.14,6.8,4.21,13480.0,455.0,85.24,2.88,2.05,2209.0,448.0,13.97,2.83,12.31,124.0,122.0,0.78,0.77,60.01,16113.0,,100,,,10442.0,583.0,64.81,3.62,3.4,8845.0,474.0,54.89,2.94,3.26,1602.0,385.0,9.94,2.39,14.62,5671.0,553.0,35.2,3.43,5.93,1554.0,259.0,27.4,4.57,10.14,4118.0,259.0,72.61,4.57,3.83,3.0,51.0,0.05,0.9,1094.22,85.0,90.0,1.5,1.58,64.03,1187.0,341.0,20.93,6.02,17.48,0.0,,0.0,,,4398.0,347.0,77.55,6.12,4.8,0.0,,0.0,,,14927.0,1139.0,92.64,7.07,4.64,4648.0,515.0,31.14,3.45,6.73,5178.0,539.0,34.69,3.61,6.33,9124.0,557.0,61.12,3.73,3.71,11733.0,970.0,72.82,6.02,5.03,5914.0,354.0,50.4,3.02,3.64,5335.0,348.0,45.47,2.97,3.97,579.0,136.0,4.93,1.16,14.3,0.0,,0.0,,,5819.0,354.0,49.59,3.02,3.7,,,9.79,2.22,14.28,5238.0,324.0,32.51,2.01,3.76,887.0,183.0,16.93,3.49,12.53,222.0,108.0,4.24,2.06,29.53,3192.0,227.0,60.94,4.34,4.33,636.0,158.0,12.14,3.02,15.12,237.0,126.0,4.52,2.4,32.28,5333.0,327.0,33.1,2.03,3.73,0.0,,0.0,,,394.0,140.0,7.39,2.62,21.55,288.0,129.0,5.4,2.42,27.24,98.0,59.0,1.84,1.1,36.34,521.0,134.0,9.77,2.52,15.68,412.0,120.0,7.73,2.25,17.69,117.0,74.0,2.19,1.38,38.31,419.0,122.0,7.86,2.29,17.71,655.0,189.0,12.28,3.54,17.52,1510.0,230.0,28.32,4.31,9.25,569.0,146.0,10.67,2.73,15.55,275.0,121.0,5.16,2.27,26.74,64.0,57.0,1.2,1.07,54.2,1190.0,205.0,22.53,3.89,10.5,630.0,156.0,11.93,2.96,15.08,689.0,149.0,13.05,2.82,13.14,684.0,171.0,12.95,3.24,15.21,805.0,170.0,15.24,3.21,12.8,699.0,170.0,13.24,3.21,14.74,279.0,108.0,5.28,2.05,23.6,252.0,103.0,4.77,1.95,24.85,20.0,49.0,0.38,0.92,147.18,32.0,54.0,0.61,1.03,102.65,3572.0,205.0,67.64,3.88,3.49,1177.0,160.0,22.29,3.03,8.26,278.0,92.0,5.26,1.75,20.22,890.0,170.0,16.85,3.21,11.58,406.0,126.0,7.69,2.39,18.89,2460.0,246.0,46.58,4.65,6.07,12741.0,379.0,83.09,2.47,1.81,4101.0,581.0,26.74,3.79,8.62,9398.0,595.0,61.29,3.88,3.85,2593.0,379.0,16.91,2.47,8.88,8261.0,419.0,51.27,2.6,3.08,7852.0,419.0,48.73,2.6,3.24,1185.0,216.0,7.35,1.34,11.08,1394.0,205.0,8.65,1.27,8.93,1299.0,209.0,8.06,1.3,9.8,1432.0,214.0,8.89,1.33,9.09,1502.0,266.0,9.32,1.65,10.76,2814.0,332.0,17.46,2.06,7.17,2006.0,287.0,12.45,1.78,8.69,2209.0,251.0,13.71,1.56,6.92,539.0,119.0,3.35,0.74,13.43,508.0,142.0,3.15,0.88,16.98,781.0,160.0,4.85,0.99,12.41,279.0,92.0,1.73,0.57,20.03,154.0,71.0,0.96,0.44,27.86,11267.0,379.0,69.93,2.35,2.04,1224.0,179.0,7.6,1.11,8.88,2096.0,482.0,13.01,2.99,13.97,5189.0,630.0,32.2,3.91,7.38,100.0,100.0,0.62,0.62,60.79,71.0,93.0,0.44,0.58,80.13,42.0,100.0,0.26,0.62,144.96,8146.0,712.0,50.56,4.42,5.31,464.0,192.0,2.88,1.19,25.12,11522.0,564.0,71.51,3.5,2.98,4591.0,564.0,28.49,3.5,7.47,192.0,92.0,1.19,0.57,29.12,4289.0,570.0,26.62,3.54,8.08,13.0,55.0,0.08,0.34,258.36,71.0,98.0,0.44,0.61,84.28,0.0,,0.0,,,0.0,,0.0,,,26.0,60.0,0.16,0.37,140.58
72,Longwood,BX0202,Longwood,14160.0,,100,,,6307.0,360.0,44.54,2.54,3.47,12065.0,772.0,30.64,1.96,3.89,739.0,188.0,6.12,1.56,15.5,750.0,176.0,6.22,1.46,14.27,5339.0,335.0,44.25,2.78,3.82,2645.0,286.0,21.92,2.37,6.57,2591.0,314.0,21.47,2.6,7.36,23446.0,921.0,59.54,2.34,2.39,5135.0,450.0,21.9,1.92,5.33,4463.0,431.0,19.04,1.84,5.87,6154.0,476.0,26.25,2.03,4.7,2420.0,340.0,10.32,1.45,8.54,28014.0,1091.0,71.14,2.77,2.37,646.0,193.0,2.31,0.69,18.16,39228.0,772.0,99.62,1.96,1.2,4773.0,502.0,12.17,1.28,6.39,11355.0,705.0,28.84,1.79,3.77,733.0,210.0,6.46,1.85,17.41,24280.0,748.0,61.66,1.9,1.87,2736.0,345.0,11.27,1.42,7.66,3600.0,252.0,9.14,0.64,4.26,1307.0,175.0,36.3,4.86,8.14,38913.0,1571.0,98.82,3.99,2.45,35007.0,689.0,89.96,1.77,1.2,3589.0,685.0,9.22,1.76,11.6,310.0,156.0,0.8,0.4,30.4,39376.0,,100,,,26229.0,925.0,66.61,2.35,2.14,22147.0,874.0,56.24,2.22,2.4,4077.0,480.0,10.35,1.22,7.17,13147.0,949.0,33.39,2.41,4.39,5370.0,447.0,40.85,3.4,5.06,7777.0,447.0,59.15,3.4,3.49,99.0,70.0,0.75,0.53,42.96,248.0,150.0,1.89,1.14,36.67,1378.0,500.0,10.48,3.8,22.04,52.0,105.0,0.4,0.8,121.58,11370.0,509.0,86.48,3.87,2.72,0.0,,0.0,,,36236.0,1351.0,92.03,3.43,2.27,10287.0,866.0,28.39,2.39,5.12,12290.0,801.0,33.92,2.21,3.96,23788.0,902.0,65.65,2.49,2.31,29234.0,1095.0,74.24,2.78,2.28,15030.0,608.0,51.41,2.08,2.46,13363.0,629.0,45.71,2.15,2.86,1654.0,284.0,5.66,0.97,10.42,5.0,85.0,0.02,0.29,881.46,14204.0,608.0,48.59,2.08,2.6,,,11.0,1.84,10.44,13086.0,673.0,33.23,1.71,3.13,1413.0,239.0,10.8,1.83,10.3,412.0,139.0,3.15,1.06,20.46,9561.0,378.0,73.06,2.89,2.4,1008.0,212.0,7.7,1.62,12.79,468.0,166.0,3.58,1.27,21.57,13365.0,669.0,33.94,1.7,3.04,0.0,,0.0,,,590.0,182.0,4.41,1.36,18.75,517.0,150.0,3.87,1.12,17.59,290.0,148.0,2.17,1.11,31.1,1761.0,255.0,13.18,1.91,8.81,966.0,219.0,7.23,1.64,13.79,106.0,98.0,0.79,0.73,56.17,1121.0,241.0,8.39,1.8,13.04,1023.0,200.0,7.65,1.5,11.92,3579.0,342.0,26.78,2.56,5.81,2258.0,386.0,16.9,2.89,10.4,860.0,195.0,6.43,1.46,13.8,290.0,112.0,2.17,0.84,23.53,3531.0,333.0,24.94,2.35,5.73,1786.0,255.0,12.61,1.8,8.68,2111.0,268.0,14.91,1.89,7.71,1710.0,259.0,12.08,1.83,9.21,1802.0,258.0,12.73,1.82,8.69,1748.0,269.0,12.34,1.9,9.36,795.0,176.0,5.61,1.24,13.44,514.0,142.0,3.63,1.0,16.75,71.0,75.0,0.5,0.53,64.44,86.0,93.0,0.61,0.66,65.77,9199.0,333.0,64.96,2.35,2.2,3194.0,259.0,22.56,1.83,4.93,687.0,142.0,4.85,1.0,12.53,2543.0,286.0,17.96,2.02,6.84,1282.0,229.0,9.05,1.62,10.88,7490.0,387.0,52.9,2.73,3.14,33453.0,734.0,85.28,1.87,1.33,10673.0,883.0,27.21,2.25,5.03,24337.0,996.0,62.04,2.54,2.49,5774.0,734.0,14.72,1.87,7.72,18856.0,642.0,47.89,1.63,2.07,20520.0,642.0,52.11,1.63,1.9,3140.0,366.0,7.97,0.93,7.09,3161.0,366.0,8.03,0.93,7.04,3238.0,358.0,8.22,0.91,6.73,3148.0,331.0,7.99,0.84,6.39,3239.0,366.0,8.23,0.93,6.87,6351.0,539.0,16.13,1.37,5.16,5094.0,449.0,12.94,1.14,5.36,4636.0,402.0,11.77,1.02,5.27,1904.0,248.0,4.84,0.63,7.91,1764.0,480.0,4.48,1.22,16.55,2126.0,272.0,5.4,0.69,7.77,1247.0,205.0,3.17,0.52,9.97,340.0,114.0,0.86,0.29,20.5,28021.0,626.0,71.16,1.59,1.36,3716.0,327.0,9.44,0.83,5.34,4344.0,638.0,11.03,1.62,8.93,10599.0,984.0,26.92,2.5,5.65,141.0,102.0,0.36,0.26,43.9,625.0,335.0,1.59,0.85,32.5,14.0,91.0,0.04,0.23,349.54,22739.0,1091.0,57.75,2.77,2.92,916.0,236.0,2.33,0.6,15.65,29434.0,914.0,74.75,2.32,1.89,9943.0,914.0,25.25,2.32,5.59,407.0,126.0,1.03,0.32,18.89,8571.0,902.0,21.77,2.29,6.39,72.0,98.0,0.18,0.25,84.43,511.0,319.0,1.3,0.81,37.88,14.0,91.0,0.04,0.23,349.54,150.0,91.0,0.38,0.23,36.79,219.0,126.0,0.56,0.32,34.74
73,North & South Brother Islands,BX0291,North & South Brother Islands,0.0,,100,,,0.0,,,,,0.0,,,,,0.0,,,,,0.0,,,,,0.0,,,,,0.0,,,,,0.0,,,,,0.0,,,,,0.0,,,,,0.0,,,,,0.0,,,,,0.0,,,,,0.0,,,,,0.0,,,,,0.0,,,,,0.0,,,,,0.0,,,,,0.0,,,,,0.0,,,,,0.0,,,,,0.0,,,,,0.0,,,,,0.0,,,,,0.0,,,,,0.0,,,,,0.0,,,,,0.0,,100,,,0.0,,,,,0.0,,,,,0.0,,,,,0.0,,,,,0.0,,,,,0.0,,,,,0.0,,,,,0.0,,,,,0.0,,,,,0.0,,,,,0.0,,,,,0.0,,,,,0.0,,,,,0.0,,,,,0.0,,,,,0.0,,,,,0.0,,,,,0.0,,,,,0.0,,,,,0.0,,,,,0.0,,,,,0.0,,,,,,,,,,0.0,,,,,0.0,,,,,0.0,,,,,0.0,,,,,0.0,,,,,0.0,,,,,0.0,,,,,0.0,,,,,0.0,,,,,0.0,,,,,0.0,,,,,0.0,,,,,0.0,,,,,0.0,,,,,0.0,,,,,0.0,,,,,0.0,,,,,0.0,,,,,0.0,,,,,0.0,,,,,0.0,,,,,0.0,,,,,0.0,,,,,0.0,,,,,0.0,,,,,0.0,,,,,0.0,,,,,0.0,,,,,0.0,,,,,0.0,,,,,0.0,,,,,0.0,,,,,0.0,,,,,0.0,,,,,0.0,,,,,0.0,,,,,0.0,,,,,0.0,,,,,0.0,,,,,0.0,,,,,0.0,,,,,0.0,,,,,0.0,,,,,0.0,,,,,0.0,,,,,0.0,,,,,0.0,,,,,0.0,,,,,0.0,,,,,0.0,,,,,0.0,,,,,0.0,,,,,0.0,,,,,0.0,,,,,0.0,,,,,0.0,,,,,0.0,,,,,0.0,,,,,0.0,,,,,0.0,,,,,0.0,,,,,0.0,,,,,0.0,,,,,0.0,,,,,0.0,,,,,0.0,,,,,0.0,,,,,0.0,,,,,0.0,,,,,0.0,,,,,0.0,,,,,0.0,,,,,0.0,,,,
74,Morrisania,BX0301,Morrisania,13320.0,,100,,,5576.0,412.0,41.86,3.09,4.49,9755.0,678.0,29.78,2.07,4.23,802.0,219.0,8.22,2.25,16.64,598.0,177.0,6.13,1.81,17.95,3280.0,317.0,33.62,3.25,5.88,2594.0,325.0,26.59,3.33,7.61,2475.0,338.0,25.37,3.46,8.29,20063.0,861.0,61.26,2.63,2.61,3170.0,423.0,15.8,2.11,8.12,3281.0,423.0,16.35,2.11,7.85,5518.0,510.0,27.5,2.54,5.61,2851.0,407.0,14.21,2.03,8.68,23724.0,1349.0,72.43,4.12,3.46,629.0,185.0,2.65,0.78,17.89,32538.0,121.0,99.34,0.37,0.23,5055.0,550.0,15.54,1.69,6.61,9002.0,658.0,27.48,2.01,4.44,307.0,130.0,3.41,1.44,25.67,20735.0,662.0,63.31,2.02,1.94,3261.0,408.0,15.73,1.97,7.61,2798.0,292.0,8.54,0.89,6.34,1482.0,179.0,52.97,6.4,7.34,32361.0,1274.0,98.8,3.89,2.39,29033.0,680.0,89.72,2.1,1.42,3035.0,670.0,9.38,2.07,13.42,293.0,178.0,0.91,0.55,36.74,32753.0,,100,,,21517.0,861.0,65.69,2.63,2.43,18764.0,888.0,57.29,2.71,2.88,2746.0,504.0,8.38,1.54,11.17,11236.0,852.0,34.31,2.6,4.61,5182.0,490.0,46.12,4.36,5.75,6054.0,490.0,53.88,4.36,4.92,11.0,70.0,0.1,0.62,376.9,107.0,109.0,0.95,0.97,62.07,2325.0,462.0,20.69,4.11,12.08,6.0,67.0,0.05,0.6,729.48,8725.0,472.0,77.65,4.2,3.29,64.0,96.0,0.57,0.85,90.65,29842.0,1333.0,91.11,4.07,2.72,10497.0,850.0,35.18,2.85,4.92,8165.0,746.0,27.36,2.5,5.55,16303.0,764.0,54.63,2.56,2.85,24921.0,1340.0,76.09,4.09,3.27,13666.0,638.0,54.84,2.56,2.84,12046.0,635.0,48.34,2.55,3.21,1606.0,304.0,6.44,1.22,11.52,8.0,67.0,0.03,0.27,547.11,11255.0,638.0,45.16,2.56,3.45,,,11.75,2.16,11.51,11710.0,596.0,35.75,1.82,3.09,2333.0,371.0,19.92,3.17,9.67,278.0,130.0,2.37,1.11,28.47,7361.0,437.0,62.86,3.73,3.61,1194.0,270.0,10.2,2.31,13.77,369.0,152.0,3.15,1.3,25.09,12038.0,596.0,36.75,1.82,3.01,28.0,78.0,0.23,0.65,171.8,308.0,131.0,2.56,1.09,25.88,247.0,122.0,2.05,1.01,29.95,307.0,141.0,2.55,1.17,27.89,1425.0,253.0,11.84,2.1,10.78,897.0,228.0,7.45,1.89,15.42,163.0,94.0,1.35,0.78,35.12,986.0,226.0,8.19,1.88,13.95,1223.0,278.0,10.16,2.31,13.82,4206.0,398.0,34.94,3.31,5.76,1038.0,248.0,8.62,2.06,14.53,641.0,173.0,5.32,1.44,16.45,570.0,166.0,4.74,1.38,17.7,2488.0,365.0,18.68,2.74,8.92,1509.0,285.0,11.33,2.14,11.48,2243.0,348.0,16.84,2.61,9.42,1588.0,294.0,11.92,2.21,11.27,1674.0,316.0,12.57,2.37,11.46,1934.0,326.0,14.52,2.45,10.26,904.0,212.0,6.79,1.59,14.24,789.0,198.0,5.92,1.49,15.3,104.0,88.0,0.78,0.66,51.44,85.0,85.0,0.64,0.64,60.79,9455.0,402.0,70.98,3.02,2.59,2759.0,329.0,20.71,2.47,7.25,853.0,202.0,6.4,1.52,14.44,2018.0,313.0,15.15,2.35,9.43,1309.0,282.0,9.83,2.12,13.11,6023.0,436.0,45.22,3.27,4.4,28660.0,524.0,88.08,1.61,1.11,11756.0,992.0,36.13,3.05,5.13,18868.0,1009.0,57.99,3.1,3.25,3877.0,524.0,11.92,1.61,8.21,15344.0,626.0,46.85,1.91,2.48,17409.0,626.0,53.15,1.91,2.18,2911.0,416.0,8.89,1.27,8.68,1969.0,285.0,6.01,0.87,8.8,2523.0,360.0,7.7,1.1,8.68,2446.0,357.0,7.47,1.09,8.87,2832.0,377.0,8.65,1.15,8.08,4862.0,550.0,14.84,1.68,6.88,4343.0,423.0,13.26,1.29,5.91,4128.0,472.0,12.6,1.44,6.95,2340.0,344.0,7.14,1.05,8.94,1558.0,324.0,4.76,0.99,12.64,1818.0,298.0,5.55,0.91,9.97,692.0,170.0,2.11,0.52,14.98,311.0,154.0,0.95,0.47,30.08,23730.0,547.0,72.45,1.67,1.4,2827.0,350.0,8.63,1.07,7.54,3597.0,714.0,10.98,2.18,12.07,13250.0,907.0,40.45,2.77,4.16,182.0,190.0,0.56,0.58,62.96,113.0,108.0,0.35,0.33,57.32,0.0,,0.0,,,14409.0,1058.0,43.99,3.23,4.46,1186.0,377.0,3.62,1.15,19.31,19454.0,806.0,59.4,2.46,2.52,13299.0,806.0,40.6,2.46,3.68,439.0,193.0,1.34,0.59,26.77,12217.0,819.0,37.3,2.5,4.07,116.0,190.0,0.35,0.58,100.74,101.0,108.0,0.31,0.33,64.71,0.0,,0.0,,,42.0,82.0,0.13,0.25,116.9,374.0,210.0,1.14,0.64,34.13
75,Claremont Village-Claremont (East),BX0302,Claremont Village-Claremont (East),8169.0,,100,,,3964.0,319.0,48.52,3.91,4.9,8850.0,665.0,34.21,2.57,4.57,648.0,273.0,7.32,3.09,25.66,613.0,187.0,6.93,2.11,18.51,3921.0,369.0,44.3,4.17,5.72,2218.0,387.0,25.06,4.37,10.6,1451.0,300.0,16.4,3.39,12.57,13665.0,887.0,52.82,3.43,3.95,2246.0,395.0,16.44,2.89,10.69,2681.0,445.0,19.62,3.26,10.1,3704.0,389.0,27.11,2.85,6.39,1568.0,332.0,11.47,2.43,12.88,16792.0,810.0,64.9,3.13,2.93,324.0,154.0,1.93,0.92,28.98,25630.0,370.0,99.06,1.43,0.88,4117.0,525.0,16.06,2.05,7.76,9081.0,670.0,35.1,2.59,4.49,524.0,212.0,5.77,2.33,24.55,14939.0,906.0,57.74,3.5,3.69,2759.0,385.0,18.47,2.58,8.49,1623.0,378.0,6.27,1.46,14.16,840.0,137.0,51.75,8.43,9.9,25376.0,1309.0,98.08,5.06,3.14,22457.0,881.0,88.5,3.47,2.38,2892.0,881.0,11.4,3.47,18.5,32.0,56.0,0.13,0.22,102.88,25873.0,,100,,,20046.0,644.0,77.48,2.49,1.95,18390.0,647.0,71.08,2.5,2.14,1651.0,342.0,6.38,1.32,12.58,5827.0,642.0,22.52,2.48,6.7,2486.0,333.0,42.67,5.71,8.13,3341.0,333.0,57.34,5.71,6.05,82.0,108.0,1.41,1.85,79.76,22.0,68.0,0.38,1.17,187.17,1252.0,277.0,21.49,4.76,13.46,0.0,,0.0,,,4471.0,297.0,76.74,5.1,4.04,0.0,,0.0,,,23173.0,1038.0,89.56,4.01,2.72,10383.0,1084.0,44.81,4.68,6.35,5273.0,665.0,22.75,2.87,7.67,10827.0,1034.0,46.72,4.46,5.8,17808.0,784.0,68.83,3.03,2.68,8844.0,700.0,49.66,3.93,4.81,7268.0,680.0,40.81,3.82,5.69,1581.0,378.0,8.88,2.12,14.51,0.0,,0.0,,,8964.0,700.0,50.34,3.93,4.75,,,17.88,4.03,14.53,7038.0,549.0,27.2,2.12,4.74,930.0,206.0,13.21,2.92,13.44,283.0,172.0,4.02,2.44,36.9,5183.0,316.0,73.65,4.49,3.71,528.0,216.0,7.5,3.07,24.88,83.0,64.0,1.18,0.91,46.88,7266.0,551.0,28.08,2.13,4.61,0.0,,0.0,,,194.0,119.0,2.67,1.64,37.34,323.0,159.0,4.45,2.19,29.92,117.0,81.0,1.61,1.11,41.91,731.0,213.0,10.06,2.93,17.71,686.0,196.0,9.44,2.7,17.39,154.0,109.0,2.12,1.5,43.01,304.0,148.0,4.18,2.03,29.52,608.0,184.0,8.37,2.53,18.38,2519.0,318.0,34.67,4.37,7.66,932.0,290.0,12.83,3.99,18.91,439.0,183.0,6.04,2.52,25.36,258.0,145.0,3.55,1.99,34.08,2001.0,315.0,24.5,3.85,9.55,1286.0,243.0,15.74,2.97,11.47,1365.0,270.0,16.71,3.31,12.04,982.0,209.0,12.02,2.56,12.95,1049.0,246.0,12.84,3.01,14.25,945.0,214.0,11.57,2.62,13.77,327.0,144.0,4.0,1.76,26.75,190.0,100.0,2.33,1.23,32.09,28.0,61.0,0.34,0.75,134.1,0.0,,0.0,,,5474.0,339.0,67.01,4.15,3.76,1714.0,261.0,20.98,3.2,9.27,545.0,158.0,6.67,1.93,17.59,1816.0,279.0,22.23,3.41,9.33,1269.0,257.0,15.53,3.14,12.29,4709.0,334.0,57.64,4.09,4.31,23789.0,382.0,92.82,1.49,0.98,6846.0,989.0,26.71,3.86,8.79,18484.0,915.0,72.12,3.57,3.01,1840.0,382.0,7.18,1.49,12.62,11703.0,758.0,45.23,2.93,3.94,14170.0,758.0,54.77,2.93,3.25,2700.0,463.0,10.44,1.79,10.42,2764.0,435.0,10.68,1.68,9.56,2046.0,318.0,7.91,1.23,9.45,2488.0,401.0,9.62,1.55,9.79,2219.0,435.0,8.58,1.68,11.9,3667.0,463.0,14.17,1.79,7.68,2924.0,375.0,11.3,1.45,7.8,3340.0,517.0,12.91,2.0,9.42,1302.0,326.0,5.03,1.26,15.23,674.0,179.0,2.61,0.69,16.07,1254.0,360.0,4.85,1.39,17.42,359.0,127.0,1.39,0.49,21.43,158.0,93.0,0.61,0.36,35.88,16792.0,683.0,64.9,2.64,2.47,1769.0,388.0,6.84,1.5,13.33,1982.0,515.0,7.66,1.99,15.79,12179.0,1079.0,47.07,4.17,5.39,74.0,83.0,0.29,0.32,67.08,17.0,60.0,0.07,0.23,199.74,0.0,,0.0,,,11017.0,1164.0,42.58,4.5,6.42,604.0,279.0,2.33,1.08,28.18,14263.0,1120.0,55.13,4.33,4.77,11610.0,1120.0,44.87,4.33,5.87,311.0,145.0,1.2,0.56,28.37,11069.0,1107.0,42.78,4.28,6.08,32.0,83.0,0.12,0.32,162.11,15.0,65.0,0.06,0.25,253.29,0.0,,0.0,,,119.0,145.0,0.46,0.56,74.01,75.0,65.0,0.29,0.25,52.41
76,Crotona Park East,BX0303,Crotona Park East,10876.0,,100,,,4784.0,331.0,43.99,3.04,4.2,7834.0,506.0,28.32,1.83,3.93,742.0,177.0,9.47,2.26,14.51,457.0,130.0,5.83,1.66,17.31,3422.0,269.0,43.68,3.44,4.79,1567.0,217.0,20.0,2.77,8.42,1642.0,244.0,20.96,3.12,9.05,17003.0,542.0,61.46,1.96,1.94,3432.0,447.0,20.18,2.63,7.92,2814.0,320.0,16.55,1.88,6.91,4723.0,442.0,27.78,2.6,5.69,2232.0,316.0,13.13,1.86,8.61,19938.0,534.0,72.07,1.93,1.63,472.0,144.0,2.37,0.72,18.47,27665.0,0.0,100.0,0.0,0.0,3001.0,357.0,10.85,1.29,7.23,7727.0,528.0,27.93,1.91,4.15,240.0,101.0,3.11,1.31,25.61,17594.0,501.0,63.6,1.81,1.73,1960.0,283.0,11.14,1.61,8.79,2348.0,296.0,8.49,1.07,7.66,801.0,142.0,34.12,6.05,10.78,27217.0,822.0,98.38,2.97,1.84,24950.0,490.0,91.67,1.8,1.19,2003.0,471.0,7.36,1.73,14.29,266.0,139.0,0.98,0.51,31.64,27665.0,,100,,,17993.0,752.0,65.04,2.72,2.54,15644.0,736.0,56.55,2.66,2.86,2345.0,373.0,8.48,1.35,9.68,9672.0,736.0,34.96,2.66,4.63,4155.0,425.0,42.96,4.39,6.21,5517.0,425.0,57.04,4.39,4.68,16.0,70.0,0.17,0.72,257.46,350.0,155.0,3.62,1.6,26.87,1038.0,328.0,10.73,3.39,19.21,0.0,,0.0,,,8266.0,354.0,85.47,3.66,2.6,0.0,,0.0,,,25125.0,758.0,90.82,2.74,1.83,9362.0,714.0,37.26,2.84,4.63,6572.0,575.0,26.16,2.29,5.32,13921.0,681.0,55.41,2.71,2.97,20688.0,512.0,74.78,1.85,1.5,12078.0,525.0,58.38,2.54,2.64,10297.0,517.0,49.77,2.5,3.05,1786.0,292.0,8.63,1.41,9.93,0.0,,0.0,,,8609.0,525.0,41.61,2.54,3.71,,,14.79,2.33,9.94,10006.0,539.0,36.17,1.95,3.27,1808.0,277.0,18.07,2.77,9.32,408.0,155.0,4.08,1.55,23.09,6696.0,353.0,66.92,3.53,3.21,659.0,174.0,6.59,1.74,16.05,264.0,127.0,2.64,1.27,29.24,10297.0,539.0,37.22,1.95,3.18,0.0,,0.0,,,506.0,154.0,4.91,1.5,18.57,382.0,127.0,3.71,1.23,20.15,294.0,134.0,2.86,1.3,27.63,1430.0,272.0,13.89,2.64,11.55,736.0,181.0,7.15,1.76,14.96,220.0,137.0,2.14,1.33,37.78,516.0,139.0,5.01,1.35,16.38,777.0,194.0,7.55,1.88,15.14,3277.0,303.0,31.83,2.94,5.61,1021.0,231.0,9.92,2.24,13.73,915.0,231.0,8.89,2.24,15.32,216.0,103.0,2.1,1.0,28.95,2794.0,303.0,25.69,2.79,6.6,1151.0,231.0,10.58,2.12,12.18,1554.0,254.0,14.29,2.34,9.95,1322.0,241.0,12.16,2.22,11.1,1510.0,248.0,13.88,2.28,9.99,1319.0,249.0,12.13,2.29,11.48,500.0,153.0,4.6,1.41,18.63,429.0,137.0,3.94,1.26,19.44,190.0,119.0,1.75,1.09,37.86,105.0,79.0,0.97,0.73,45.75,7636.0,303.0,70.21,2.79,2.42,2189.0,269.0,20.13,2.47,7.46,1001.0,199.0,9.2,1.83,12.09,1796.0,270.0,16.51,2.48,9.13,904.0,195.0,8.31,1.79,13.09,5372.0,370.0,49.39,3.4,4.18,23944.0,537.0,86.55,1.94,1.36,11481.0,808.0,41.5,2.92,4.28,16507.0,860.0,59.67,3.11,3.17,3721.0,537.0,13.45,1.94,8.77,12580.0,584.0,45.47,2.11,2.82,15085.0,584.0,54.53,2.11,2.35,2540.0,318.0,9.18,1.15,7.62,2011.0,296.0,7.27,1.07,8.95,2149.0,293.0,7.77,1.06,8.29,2007.0,268.0,7.25,0.97,8.13,1951.0,307.0,7.05,1.11,9.57,4866.0,468.0,17.59,1.69,5.84,3191.0,343.0,11.53,1.24,6.54,3574.0,373.0,12.92,1.35,6.35,1469.0,255.0,5.31,0.92,10.53,1552.0,260.0,5.61,0.94,10.19,1306.0,241.0,4.72,0.87,11.2,771.0,163.0,2.79,0.59,12.86,270.0,102.0,0.98,0.37,22.95,19938.0,504.0,72.07,1.82,1.54,2348.0,302.0,8.49,1.09,7.8,2905.0,542.0,10.5,1.96,11.35,9217.0,730.0,33.32,2.64,4.82,115.0,111.0,0.42,0.4,57.9,317.0,144.0,1.15,0.52,27.49,0.0,,0.0,,,14207.0,844.0,51.35,3.05,3.61,894.0,260.0,3.23,0.94,17.69,18668.0,744.0,67.48,2.69,2.42,8998.0,744.0,32.52,2.69,5.03,332.0,144.0,1.2,0.52,26.34,8031.0,714.0,29.03,2.58,5.4,26.0,89.0,0.09,0.32,216.14,314.0,144.0,1.14,0.52,27.73,0.0,,0.0,,,206.0,155.0,0.74,0.56,46.0,84.0,83.0,0.3,0.3,60.79
77,Crotona Park,BX0391,Crotona Park,0.0,,100,,,0.0,,,,,0.0,,,,,0.0,,,,,0.0,,,,,0.0,,,,,0.0,,,,,0.0,,,,,0.0,,,,,0.0,,,,,0.0,,,,,0.0,,,,,0.0,,,,,0.0,,,,,0.0,,,,,0.0,,,,,0.0,,,,,0.0,,,,,0.0,,,,,0.0,,,,,0.0,,,,,0.0,,,,,0.0,,,,,0.0,,,,,0.0,,,,,0.0,,,,,0.0,,,,,0.0,,100,,,0.0,,,,,0.0,,,,,0.0,,,,,0.0,,,,,0.0,,,,,0.0,,,,,0.0,,,,,0.0,,,,,0.0,,,,,0.0,,,,,0.0,,,,,0.0,,,,,0.0,,,,,0.0,,,,,0.0,,,,,0.0,,,,,0.0,,,,,0.0,,,,,0.0,,,,,0.0,,,,,0.0,,,,,0.0,,,,,,,,,,0.0,,,,,0.0,,,,,0.0,,,,,0.0,,,,,0.0,,,,,0.0,,,,,0.0,,,,,0.0,,,,,0.0,,,,,0.0,,,,,0.0,,,,,0.0,,,,,0.0,,,,,0.0,,,,,0.0,,,,,0.0,,,,,0.0,,,,,0.0,,,,,0.0,,,,,0.0,,,,,0.0,,,,,0.0,,,,,0.0,,,,,0.0,,,,,0.0,,,,,0.0,,,,,0.0,,,,,0.0,,,,,0.0,,,,,0.0,,,,,0.0,,,,,0.0,,,,,0.0,,,,,0.0,,,,,0.0,,,,,0.0,,,,,0.0,,,,,0.0,,,,,0.0,,,,,0.0,,,,,0.0,,,,,0.0,,,,,0.0,,,,,0.0,,,,,0.0,,,,,0.0,,,,,0.0,,,,,0.0,,,,,0.0,,,,,0.0,,,,,0.0,,,,,0.0,,,,,0.0,,,,,0.0,,,,,0.0,,,,,0.0,,,,,0.0,,,,,0.0,,,,,0.0,,,,,0.0,,,,,0.0,,,,,0.0,,,,,0.0,,,,,0.0,,,,,0.0,,,,,0.0,,,,,0.0,,,,,0.0,,,,,0.0,,,,,0.0,,,,,0.0,,,,,0.0,,,,,0.0,,,,
78,Concourse-Concourse Village,BX0401,Concourse-Concourse Village,25519.0,,100,,,9476.0,528.0,37.13,2.07,3.39,18756.0,1050.0,28.57,1.6,3.4,986.0,246.0,5.26,1.31,15.14,954.0,231.0,5.09,1.23,14.69,8402.0,557.0,44.8,2.97,4.03,4256.0,476.0,22.69,2.54,6.81,4155.0,448.0,22.15,2.39,6.56,41132.0,1155.0,62.66,1.76,1.71,7779.0,687.0,18.91,1.67,5.37,6130.0,621.0,14.9,1.51,6.16,10449.0,749.0,25.4,1.82,4.36,7021.0,601.0,17.07,1.46,5.2,48575.0,1549.0,74.0,2.36,1.94,1112.0,257.0,2.29,0.53,14.07,64917.0,775.0,98.89,1.18,0.73,9591.0,798.0,14.77,1.23,5.06,17042.0,991.0,25.96,1.51,3.53,909.0,266.0,5.33,1.56,17.79,41146.0,689.0,62.68,1.05,1.02,5272.0,597.0,12.81,1.45,6.88,6739.0,420.0,10.27,0.64,3.79,3398.0,303.0,50.42,4.49,5.41,64912.0,2225.0,98.89,3.39,2.08,59637.0,798.0,91.87,1.23,0.81,4700.0,766.0,7.24,1.18,9.91,575.0,234.0,0.89,0.36,24.59,65643.0,,100,,,39388.0,1280.0,60.0,1.95,1.98,35613.0,1260.0,54.25,1.92,2.15,3768.0,565.0,5.74,0.86,9.11,26255.0,1313.0,40.0,2.0,3.04,11106.0,780.0,42.3,2.97,4.27,15149.0,780.0,57.7,2.97,3.13,206.0,134.0,0.78,0.51,39.75,1449.0,467.0,5.52,1.78,19.6,3881.0,612.0,14.78,2.33,9.58,0.0,,0.0,,,20691.0,767.0,78.81,2.92,2.25,26.0,102.0,0.1,0.39,237.08,61447.0,2094.0,93.61,3.19,2.07,19698.0,1297.0,32.06,2.11,4.0,20669.0,1137.0,33.64,1.85,3.34,34725.0,1419.0,56.51,2.31,2.48,50529.0,1589.0,76.98,2.42,1.91,29322.0,899.0,58.03,1.78,1.86,25690.0,925.0,50.84,1.83,2.19,3609.0,515.0,7.14,1.02,8.68,20.0,111.0,0.04,0.22,334.35,21207.0,899.0,41.97,1.78,2.58,,,12.31,1.72,8.67,24970.0,912.0,38.04,1.39,2.22,2880.0,382.0,11.53,1.53,8.07,828.0,252.0,3.32,1.01,18.49,17371.0,599.0,69.57,2.4,2.1,2337.0,347.0,9.36,1.39,9.03,973.0,290.0,3.9,1.16,18.08,25696.0,926.0,39.15,1.41,2.19,38.0,105.0,0.15,0.41,166.16,817.0,208.0,3.18,0.81,15.48,1068.0,267.0,4.16,1.04,15.2,623.0,231.0,2.42,0.9,22.61,3058.0,445.0,11.9,1.73,8.84,1947.0,324.0,7.58,1.26,10.1,403.0,211.0,1.57,0.82,31.75,1858.0,391.0,7.23,1.52,12.78,2506.0,367.0,9.75,1.43,8.92,8003.0,617.0,31.14,2.4,4.69,2990.0,450.0,11.64,1.75,9.14,1442.0,329.0,5.61,1.28,13.87,945.0,247.0,3.68,0.96,15.86,4542.0,472.0,17.8,1.85,6.32,3118.0,421.0,12.22,1.65,8.21,3929.0,470.0,15.4,1.84,7.26,3513.0,454.0,13.77,1.78,7.86,3291.0,411.0,12.9,1.61,7.59,3588.0,441.0,14.06,1.73,7.48,1705.0,291.0,6.68,1.14,10.37,1298.0,258.0,5.09,1.01,12.06,247.0,135.0,0.97,0.53,33.22,290.0,143.0,1.14,0.56,29.86,18089.0,515.0,70.88,2.02,1.73,6057.0,452.0,23.74,1.77,4.53,2434.0,329.0,9.54,1.29,8.22,3309.0,416.0,12.97,1.63,7.64,2237.0,362.0,8.77,1.42,9.84,10997.0,589.0,43.09,2.31,3.26,55855.0,941.0,86.04,1.45,1.02,22160.0,1435.0,34.14,2.21,3.94,37475.0,1448.0,57.73,2.23,2.35,9062.0,941.0,13.96,1.45,6.31,30317.0,886.0,46.18,1.35,1.78,35326.0,886.0,53.82,1.35,1.52,4196.0,460.0,6.39,0.7,6.66,5007.0,565.0,7.63,0.86,6.85,4984.0,565.0,7.59,0.86,6.89,4687.0,545.0,7.14,0.83,7.07,5626.0,591.0,8.57,0.9,6.38,9804.0,814.0,14.94,1.24,5.05,8034.0,617.0,12.24,0.94,4.67,8683.0,663.0,13.23,1.01,4.64,3869.0,486.0,5.89,0.74,7.64,3554.0,460.0,5.41,0.7,7.87,4146.0,466.0,6.32,0.71,6.83,1974.0,295.0,3.01,0.45,9.09,1076.0,249.0,1.64,0.38,14.09,48596.0,840.0,74.03,1.28,1.05,7189.0,519.0,10.95,0.79,4.39,6521.0,906.0,9.93,1.38,8.45,24017.0,1477.0,36.59,2.25,3.74,739.0,400.0,1.13,0.61,32.82,1740.0,670.0,2.65,1.02,23.4,27.0,118.0,0.04,0.18,273.56,30549.0,1674.0,46.54,2.55,3.33,2063.0,551.0,3.14,0.84,16.26,40669.0,1464.0,61.95,2.23,2.19,24974.0,1464.0,38.05,2.23,3.56,1295.0,295.0,1.97,0.45,13.89,20616.0,1313.0,31.41,2.0,3.87,461.0,374.0,0.7,0.57,49.5,1717.0,670.0,2.62,1.02,23.67,27.0,118.0,0.04,0.18,273.56,312.0,217.0,0.48,0.33,41.79,556.0,236.0,0.85,0.36,25.75
79,Highbridge,BX0402,Highbridge,11183.0,,100,,,4994.0,341.0,44.66,3.05,4.15,10448.0,586.0,32.8,1.84,3.41,464.0,169.0,4.44,1.62,22.18,400.0,132.0,3.83,1.26,20.0,4962.0,387.0,47.49,3.7,4.74,2416.0,308.0,23.12,2.95,7.76,2206.0,332.0,21.11,3.18,9.16,18573.0,510.0,58.31,1.6,1.67,2876.0,416.0,15.48,2.24,8.8,3547.0,470.0,19.1,2.53,8.05,5223.0,520.0,28.12,2.8,6.05,2389.0,412.0,12.86,2.22,10.49,22032.0,401.0,69.17,1.26,1.11,532.0,176.0,2.41,0.8,20.18,31676.0,118.0,99.45,0.37,0.23,5607.0,589.0,17.7,1.86,6.39,9804.0,529.0,30.78,1.66,3.28,680.0,222.0,6.94,2.26,19.8,19538.0,506.0,61.34,1.59,1.57,3628.0,485.0,18.57,2.48,8.12,2341.0,271.0,7.35,0.85,7.04,1295.0,190.0,55.33,8.1,8.9,31467.0,1739.0,98.79,5.46,3.36,29590.0,491.0,94.04,1.56,1.01,1533.0,409.0,4.87,1.3,16.23,350.0,217.0,1.11,0.69,37.79,31851.0,,100,,,18890.0,984.0,59.31,3.09,3.17,16715.0,959.0,52.48,3.01,3.49,2184.0,424.0,6.86,1.33,11.79,12961.0,1038.0,40.69,3.26,4.87,5654.0,577.0,43.62,4.45,6.2,7307.0,577.0,56.38,4.45,4.8,66.0,69.0,0.51,0.53,63.17,93.0,122.0,0.72,0.94,79.37,2057.0,460.0,15.87,3.55,13.6,0.0,,0.0,,,10743.0,464.0,82.89,3.58,2.63,0.0,,0.0,,,29400.0,1242.0,92.3,3.9,2.57,8644.0,873.0,29.4,2.97,6.14,9390.0,811.0,31.94,2.76,5.25,18227.0,867.0,62.0,2.95,2.89,23204.0,446.0,72.85,1.4,1.17,13861.0,589.0,59.73,2.54,2.59,12106.0,633.0,52.17,2.73,3.18,1753.0,327.0,7.55,1.41,11.35,0.0,,0.0,,,9344.0,589.0,40.27,2.54,3.83,,,12.65,2.3,11.34,11666.0,713.0,36.63,2.24,3.72,2196.0,374.0,18.82,3.21,10.37,614.0,229.0,5.26,1.96,22.65,7496.0,449.0,64.25,3.85,3.64,816.0,252.0,6.99,2.16,18.78,385.0,138.0,3.3,1.18,21.74,12113.0,729.0,38.03,2.29,3.66,0.0,,0.0,,,455.0,170.0,3.76,1.4,22.63,480.0,171.0,3.96,1.41,21.65,180.0,98.0,1.49,0.81,33.05,1917.0,413.0,15.83,3.41,13.1,940.0,253.0,7.76,2.09,16.37,13.0,64.0,0.11,0.53,292.9,591.0,220.0,4.88,1.82,22.67,956.0,247.0,7.89,2.04,15.72,3833.0,420.0,31.64,3.47,6.67,1775.0,316.0,14.65,2.61,10.83,613.0,187.0,5.06,1.54,18.5,366.0,156.0,3.02,1.29,25.97,2254.0,347.0,20.16,3.1,9.35,1303.0,249.0,11.65,2.23,11.64,1941.0,300.0,17.36,2.68,9.38,1376.0,282.0,12.3,2.52,12.45,1342.0,249.0,12.0,2.23,11.3,1285.0,250.0,11.49,2.24,11.85,879.0,225.0,7.86,2.01,15.55,613.0,162.0,5.48,1.45,16.09,73.0,75.0,0.65,0.67,62.66,110.0,83.0,0.98,0.74,45.9,8001.0,377.0,71.55,3.37,2.86,2003.0,267.0,17.91,2.39,8.11,709.0,206.0,6.34,1.84,17.64,1852.0,281.0,16.56,2.51,9.21,1038.0,242.0,9.28,2.16,14.15,5422.0,409.0,48.48,3.66,4.59,27502.0,748.0,86.82,2.36,1.65,9364.0,953.0,29.56,3.01,6.19,19474.0,969.0,61.48,3.06,3.03,4174.0,748.0,13.18,2.36,10.89,14429.0,577.0,45.3,1.81,2.43,17422.0,577.0,54.7,1.81,2.01,2451.0,347.0,7.7,1.09,8.61,2770.0,366.0,8.7,1.15,8.04,2927.0,360.0,9.19,1.13,7.47,2622.0,325.0,8.23,1.02,7.53,2506.0,408.0,7.87,1.28,9.89,4766.0,538.0,14.96,1.69,6.87,4296.0,468.0,13.49,1.47,6.62,4188.0,459.0,13.15,1.44,6.66,1750.0,325.0,5.49,1.02,11.29,1128.0,274.0,3.54,0.86,14.77,1600.0,258.0,5.02,0.81,9.81,636.0,172.0,2.0,0.54,16.41,215.0,121.0,0.68,0.38,33.97,22032.0,487.0,69.17,1.53,1.34,2452.0,287.0,7.7,0.9,7.11,4014.0,882.0,12.6,2.77,13.36,10677.0,924.0,33.52,2.9,5.26,58.0,67.0,0.18,0.21,70.92,53.0,61.0,0.17,0.19,67.94,0.0,,0.0,,,15885.0,1140.0,49.87,3.58,4.36,1161.0,481.0,3.65,1.51,25.15,21435.0,866.0,67.3,2.72,2.46,10416.0,866.0,32.7,2.72,5.06,572.0,306.0,1.8,0.96,32.42,9580.0,870.0,30.08,2.73,5.52,25.0,64.0,0.08,0.2,151.98,43.0,64.0,0.14,0.2,86.84,0.0,,0.0,,,129.0,162.0,0.41,0.51,75.62,41.0,70.0,0.13,0.22,102.88
80,Mount Eden-Claremont (West),BX0403,Mount Eden-Claremont (West),17149.0,,100,,,7263.0,408.0,42.35,2.38,3.42,15655.0,856.0,31.26,1.71,3.32,616.0,200.0,3.93,1.28,19.8,922.0,229.0,5.89,1.46,15.07,6561.0,462.0,41.91,2.95,4.28,3549.0,409.0,22.67,2.61,7.0,4004.0,474.0,25.58,3.03,7.2,29065.0,591.0,58.03,1.18,1.24,6367.0,634.0,21.91,2.18,6.05,4833.0,552.0,16.63,1.9,6.95,7071.0,628.0,24.33,2.16,5.4,4054.0,468.0,13.95,1.61,7.02,35409.0,1137.0,70.7,2.27,1.95,589.0,227.0,1.66,0.64,23.44,50086.0,0.0,100.0,0.0,0.0,6646.0,606.0,13.27,1.21,5.54,14677.0,816.0,29.3,1.63,3.38,718.0,198.0,4.89,1.35,16.78,31763.0,591.0,63.42,1.18,1.13,4293.0,470.0,13.52,1.48,6.65,3639.0,341.0,7.27,0.68,5.7,1640.0,209.0,45.07,5.73,7.73,49209.0,1122.0,98.25,2.24,1.39,45774.0,551.0,93.02,1.12,0.73,3050.0,527.0,6.2,1.07,10.49,387.0,192.0,0.79,0.39,30.01,50086.0,,100,,,26486.0,1097.0,52.88,2.19,2.52,24427.0,1092.0,48.77,2.18,2.72,2073.0,371.0,4.14,0.74,10.87,23600.0,1187.0,47.12,2.37,3.06,8711.0,727.0,36.91,3.08,5.07,14889.0,727.0,63.09,3.08,2.97,130.0,123.0,0.55,0.52,57.47,894.0,330.0,3.79,1.4,22.46,3739.0,632.0,15.84,2.68,10.29,82.0,135.0,0.35,0.57,99.0,18757.0,748.0,79.48,3.17,2.42,5.0,99.0,0.02,0.42,1276.6,45830.0,1432.0,91.5,2.86,1.9,11785.0,1072.0,25.71,2.34,5.53,17481.0,1118.0,38.14,2.44,3.89,27754.0,1219.0,60.56,2.66,2.67,37185.0,1182.0,74.24,2.36,1.93,21962.0,718.0,59.06,1.93,1.99,18980.0,707.0,51.04,1.9,2.26,2987.0,450.0,8.03,1.21,9.16,0.0,,0.0,,,15223.0,718.0,40.94,1.93,2.87,,,13.6,2.0,9.16,18555.0,736.0,37.05,1.47,2.41,2554.0,349.0,13.76,1.88,8.31,827.0,219.0,4.46,1.18,16.08,12653.0,494.0,68.19,2.66,2.37,1522.0,301.0,8.2,1.62,12.01,490.0,169.0,2.64,0.91,20.95,18967.0,736.0,37.87,1.47,2.36,9.0,99.0,0.05,0.52,632.22,864.0,241.0,4.56,1.27,16.93,634.0,186.0,3.34,0.98,17.84,336.0,148.0,1.77,0.78,26.79,2514.0,400.0,13.25,2.11,9.68,1564.0,290.0,8.25,1.53,11.27,272.0,138.0,1.43,0.73,31.03,910.0,224.0,4.8,1.18,14.94,1419.0,288.0,7.48,1.52,12.35,5550.0,472.0,29.26,2.49,5.17,3273.0,480.0,17.26,2.53,8.91,1228.0,277.0,6.47,1.46,13.72,389.0,156.0,2.05,0.82,24.32,3306.0,393.0,19.28,2.29,7.22,1664.0,280.0,9.7,1.63,10.22,2995.0,382.0,17.46,2.23,7.76,2017.0,328.0,11.76,1.91,9.87,2309.0,345.0,13.46,2.01,9.08,2907.0,372.0,16.95,2.17,7.78,1149.0,262.0,6.7,1.53,13.88,613.0,171.0,3.57,1.0,17.03,95.0,91.0,0.55,0.53,58.58,93.0,110.0,0.54,0.64,72.05,12647.0,398.0,73.75,2.32,1.91,3258.0,326.0,19.0,1.9,6.08,1204.0,211.0,7.02,1.23,10.65,2939.0,376.0,17.14,2.19,7.77,1425.0,261.0,8.31,1.52,11.12,8433.0,470.0,49.17,2.74,3.39,42454.0,791.0,84.76,1.58,1.13,13638.0,1287.0,27.23,2.57,5.74,31159.0,1187.0,62.21,2.37,2.32,7632.0,791.0,15.24,1.58,6.3,23353.0,746.0,46.63,1.49,1.94,26733.0,746.0,53.37,1.49,1.7,4256.0,496.0,8.5,0.99,7.08,4076.0,446.0,8.14,0.89,6.65,3863.0,431.0,7.71,0.86,6.78,4014.0,436.0,8.01,0.87,6.6,4823.0,536.0,9.63,1.07,6.75,7980.0,651.0,15.93,1.3,4.96,6533.0,551.0,13.04,1.1,5.13,6685.0,566.0,13.35,1.13,5.15,2271.0,341.0,4.53,0.68,9.13,1941.0,301.0,3.88,0.6,9.4,2353.0,316.0,4.7,0.63,8.15,958.0,210.0,1.91,0.42,13.37,331.0,125.0,0.66,0.25,23.03,35409.0,711.0,70.7,1.42,1.22,3639.0,376.0,7.27,0.75,6.27,4682.0,781.0,9.35,1.56,10.14,16590.0,1312.0,33.12,2.62,4.81,94.0,130.0,0.19,0.26,83.19,1039.0,416.0,2.07,0.83,24.37,0.0,,0.0,,,25586.0,1432.0,51.08,2.86,3.4,2073.0,521.0,4.14,1.04,15.27,32523.0,1322.0,64.93,2.64,2.47,17563.0,1322.0,35.07,2.64,4.58,644.0,225.0,1.29,0.45,21.21,14841.0,1297.0,29.63,2.59,5.31,5.0,105.0,0.01,0.21,1276.6,1028.0,416.0,2.05,0.83,24.61,0.0,,0.0,,,370.0,215.0,0.74,0.43,35.32,680.0,290.0,1.36,0.58,25.93
81,Yankee Stadium-Macombs Dam Park,BX0491,Yankee Stadium-Macombs Dam Park,0.0,,100,,,0.0,,,,,0.0,,,,,0.0,,,,,0.0,,,,,0.0,,,,,0.0,,,,,0.0,,,,,0.0,,,,,0.0,,,,,0.0,,,,,0.0,,,,,0.0,,,,,0.0,,,,,0.0,,,,,0.0,,,,,0.0,,,,,0.0,,,,,0.0,,,,,0.0,,,,,0.0,,,,,0.0,,,,,0.0,,,,,0.0,,,,,0.0,,,,,0.0,,,,,0.0,,,,,0.0,,100,,,0.0,,,,,0.0,,,,,0.0,,,,,0.0,,,,,0.0,,,,,0.0,,,,,0.0,,,,,0.0,,,,,0.0,,,,,0.0,,,,,0.0,,,,,0.0,,,,,0.0,,,,,0.0,,,,,0.0,,,,,0.0,,,,,0.0,,,,,0.0,,,,,0.0,,,,,0.0,,,,,0.0,,,,,0.0,,,,,,,,,,0.0,,,,,0.0,,,,,0.0,,,,,0.0,,,,,0.0,,,,,0.0,,,,,0.0,,,,,0.0,,,,,0.0,,,,,0.0,,,,,0.0,,,,,0.0,,,,,0.0,,,,,0.0,,,,,0.0,,,,,0.0,,,,,0.0,,,,,0.0,,,,,0.0,,,,,0.0,,,,,0.0,,,,,0.0,,,,,0.0,,,,,0.0,,,,,0.0,,,,,0.0,,,,,0.0,,,,,0.0,,,,,0.0,,,,,0.0,,,,,0.0,,,,,0.0,,,,,0.0,,,,,0.0,,,,,0.0,,,,,0.0,,,,,0.0,,,,,0.0,,,,,0.0,,,,,0.0,,,,,0.0,,,,,0.0,,,,,0.0,,,,,0.0,,,,,0.0,,,,,0.0,,,,,0.0,,,,,0.0,,,,,0.0,,,,,0.0,,,,,0.0,,,,,0.0,,,,,0.0,,,,,0.0,,,,,0.0,,,,,0.0,,,,,0.0,,,,,0.0,,,,,0.0,,,,,0.0,,,,,0.0,,,,,0.0,,,,,0.0,,,,,0.0,,,,,0.0,,,,,0.0,,,,,0.0,,,,,0.0,,,,,0.0,,,,,0.0,,,,,0.0,,,,,0.0,,,,,0.0,,,,
82,Claremont Park,BX0492,Claremont Park,,,100,,,,,,,,,,,,,,,,,,,,,,,,,,,,,,,,,,,,,,,,,,,,,,,,,,,,,,,,,,,,,,,,,,,,,,,,,,,,,,,,,,,,,,,,,,,,,,,,,,,,,,,,,,,,,,,,,,,,,,,,,,,,,,,,,,,,,,,100,,,,,,,,,,,,,,,,,,,,,,,,,,,,,,,,,,,,,,,,,,,,,,,,,,,,,,,,,,,,,,,,,,,,,,,,,,,,,,,,,,,,,,,,,,,,,,,,,,,,,,,,,,,,,,,,,,,,,,,,,,,,,,,,,,,,,,,,,,,,,,,,,,,,,,,,,,,,,,,,,,,,,,,,,,,,,,,,,,,,,,,,,,,,,,,,,,,,,,,,,,,,,,,,,,,,,,,,,,,,,,,,,,,,,,,,,,,,,,,,,,,,,,,,,,,,,,,,,,,,,,,,,,,,,,,,,,,,,,,,,,,,,,,,,,,,,,,,,,,,,,,,,,,,,,,,,,,,,,,,,,,,,,,,,,,,,,,,,,,,,,,,,,,,,,,,,,,,,,,,,,,,,,,,,,,,,,,,,,,,,,,,,,,,,,,,,,,,,,,,,,,,,,,,,,,,,,,,,,,,,,,,,,,,,,,,,,,,,,,,,,,,,,,,,,,,,,,,,,,,,,,,,,,,,,,,,,,,,,,,,,
83,University Heights (South)-Morris Heights,BX0501,University Heights (South)-Morris Heights,31035.0,,100,,,12974.0,863.0,41.8,2.78,4.04,17210.0,897.0,32.05,1.67,3.17,983.0,213.0,5.71,1.24,13.2,958.0,196.0,5.57,1.14,12.44,6799.0,456.0,39.51,2.65,4.08,3973.0,370.0,23.09,2.15,5.66,4500.0,416.0,26.15,2.42,5.63,31474.0,779.0,58.61,1.45,1.5,4930.0,488.0,15.66,1.55,6.02,5124.0,500.0,16.28,1.59,5.94,9223.0,611.0,29.3,1.94,4.03,4069.0,397.0,12.93,1.26,5.92,38292.0,1283.0,71.31,2.39,2.04,946.0,226.0,2.47,0.59,14.52,53636.0,86.0,99.88,0.16,0.1,8855.0,660.0,16.51,1.23,4.53,15389.0,865.0,28.66,1.61,3.42,997.0,206.0,6.48,1.34,12.57,33942.0,983.0,63.21,1.83,1.76,5712.0,516.0,16.83,1.52,5.49,4290.0,376.0,7.99,0.7,5.33,2158.0,209.0,50.3,4.87,5.89,52908.0,1520.0,98.53,2.83,1.75,48423.0,688.0,91.52,1.3,0.86,4031.0,656.0,7.62,1.24,9.89,454.0,233.0,0.86,0.44,31.1,53700.0,,100,,,33015.0,983.0,61.48,1.83,1.81,30151.0,988.0,56.15,1.84,1.99,2888.0,446.0,5.38,0.83,9.38,20685.0,972.0,38.52,1.81,2.86,9656.0,616.0,46.68,2.98,3.88,11029.0,616.0,53.32,2.98,3.4,103.0,112.0,0.5,0.54,65.65,628.0,333.0,3.04,1.61,32.19,2293.0,445.0,11.09,2.15,11.79,0.0,,0.0,,,17660.0,525.0,85.38,2.54,1.81,0.0,,0.0,,,49469.0,1563.0,92.12,2.91,1.92,14956.0,920.0,30.23,1.86,3.74,16210.0,925.0,32.77,1.87,3.47,30670.0,989.0,62.0,2.0,1.96,40157.0,1187.0,74.78,2.21,1.8,22275.0,747.0,55.47,1.86,2.04,19440.0,743.0,48.41,1.85,2.32,2825.0,422.0,7.03,1.05,9.08,0.0,,0.0,,,17881.0,747.0,44.53,1.86,2.54,,,12.68,1.85,9.08,19038.0,730.0,35.45,1.36,2.33,2811.0,369.0,14.77,1.94,7.98,816.0,211.0,4.29,1.11,15.73,12850.0,499.0,67.5,2.62,2.36,1440.0,297.0,7.56,1.56,12.54,639.0,183.0,3.36,0.96,17.37,19438.0,746.0,36.2,1.39,2.33,18.0,101.0,0.09,0.52,351.23,956.0,239.0,4.92,1.23,15.2,772.0,202.0,3.97,1.04,15.92,492.0,181.0,2.53,0.93,22.35,2360.0,330.0,12.14,1.7,8.51,1376.0,280.0,7.08,1.44,12.36,389.0,165.0,2.0,0.85,25.84,1241.0,288.0,6.38,1.48,14.1,1606.0,286.0,8.26,1.47,10.82,6284.0,492.0,32.33,2.53,4.76,2112.0,404.0,10.87,2.08,11.63,1330.0,270.0,6.84,1.39,12.35,500.0,148.0,2.57,0.76,17.98,8388.0,931.0,27.03,3.0,6.75,4043.0,664.0,13.03,2.14,9.98,4646.0,695.0,14.97,2.24,9.1,3416.0,748.0,11.01,2.41,13.31,4199.0,636.0,13.53,2.05,9.21,3297.0,574.0,10.62,1.85,10.59,1543.0,403.0,4.97,1.3,15.9,813.0,261.0,2.62,0.84,19.49,524.0,317.0,1.69,1.02,36.69,148.0,149.0,0.48,0.48,60.79,20576.0,996.0,66.3,3.21,2.94,6376.0,751.0,20.54,2.42,7.16,1542.0,332.0,4.97,1.07,13.09,6738.0,875.0,21.71,2.82,7.9,2798.0,521.0,9.02,1.68,11.32,17231.0,1012.0,55.52,3.26,3.57,46771.0,703.0,87.2,1.31,0.91,15137.0,1089.0,28.22,2.03,4.37,34829.0,1196.0,64.94,2.23,2.09,6865.0,703.0,12.8,1.31,6.22,23908.0,741.0,44.52,1.38,1.88,29792.0,741.0,55.48,1.38,1.51,4231.0,483.0,7.88,0.9,6.94,4347.0,413.0,8.09,0.77,5.79,4082.0,413.0,7.6,0.77,6.16,4397.0,451.0,8.19,0.84,6.23,5169.0,569.0,9.63,1.06,6.69,8119.0,623.0,15.12,1.16,4.66,6912.0,542.0,12.87,1.01,4.77,7030.0,505.0,13.09,0.94,4.37,3099.0,371.0,5.77,0.69,7.27,2062.0,354.0,3.84,0.66,10.45,2927.0,344.0,5.45,0.64,7.14,1055.0,226.0,1.96,0.42,13.03,294.0,124.0,0.55,0.23,25.42,38292.0,730.0,71.31,1.36,1.16,4290.0,413.0,7.99,0.77,5.86,5677.0,795.0,10.57,1.48,8.51,18242.0,1010.0,33.97,1.88,3.36,424.0,279.0,0.79,0.52,40.01,1005.0,553.0,1.87,1.03,33.48,53.0,124.0,0.1,0.23,139.82,27002.0,1278.0,50.28,2.38,2.88,1316.0,376.0,2.45,0.7,17.37,36015.0,1036.0,67.07,1.93,1.75,17685.0,1036.0,32.93,1.93,3.56,539.0,172.0,1.0,0.32,19.45,15838.0,940.0,29.49,1.75,3.61,56.0,107.0,0.1,0.2,121.58,954.0,553.0,1.78,1.03,35.18,5.0,102.0,0.01,0.19,1155.02,80.0,102.0,0.15,0.19,77.0,183.0,161.0,0.34,0.3,53.64
84,Mount Hope,BX0502,Mount Hope,16155.0,,100,,,7375.0,365.0,45.65,2.26,3.01,13629.0,748.0,29.34,1.61,3.34,635.0,187.0,4.66,1.37,17.87,642.0,169.0,4.71,1.24,16.0,5645.0,418.0,41.42,3.07,4.51,3360.0,379.0,24.65,2.78,6.86,3348.0,352.0,24.57,2.58,6.38,27701.0,934.0,59.64,2.01,2.05,5573.0,518.0,20.12,1.87,5.65,4333.0,476.0,15.64,1.72,6.69,8075.0,573.0,29.15,2.07,4.32,3604.0,435.0,13.01,1.57,7.34,33490.0,822.0,72.1,1.77,1.49,446.0,144.0,1.33,0.43,19.65,46193.0,334.0,99.45,0.72,0.44,6229.0,577.0,13.48,1.25,5.64,12926.0,650.0,27.83,1.4,3.06,809.0,315.0,6.26,2.44,23.69,29837.0,799.0,64.24,1.72,1.63,3899.0,445.0,13.07,1.49,6.93,3430.0,288.0,7.38,0.62,5.1,1523.0,190.0,44.4,5.55,7.6,45596.0,1375.0,98.17,2.96,1.83,41302.0,652.0,90.58,1.43,0.96,3865.0,638.0,8.48,1.4,10.04,426.0,160.0,0.93,0.35,22.88,46448.0,,100,,,25703.0,1068.0,55.34,2.3,2.53,23123.0,1064.0,49.78,2.29,2.8,2578.0,418.0,5.55,0.9,9.86,20745.0,1078.0,44.66,2.32,3.16,8315.0,643.0,40.08,3.1,4.7,12430.0,643.0,59.92,3.1,3.15,96.0,87.0,0.46,0.42,55.5,547.0,220.0,2.64,1.06,24.41,3255.0,558.0,15.69,2.69,10.42,0.0,,0.0,,,16838.0,570.0,81.17,2.75,2.06,10.0,89.0,0.05,0.43,522.8,42515.0,743.0,91.53,1.6,1.06,10781.0,991.0,25.36,2.33,5.59,15962.0,952.0,37.54,2.24,3.63,27141.0,1016.0,63.84,2.39,2.28,35040.0,1040.0,75.44,2.24,1.8,21496.0,690.0,61.35,1.97,1.95,18499.0,701.0,52.79,2.0,2.3,2967.0,396.0,8.47,1.13,8.11,29.0,95.0,0.08,0.27,205.17,13543.0,690.0,38.65,1.97,3.1,,,13.8,1.79,8.11,18002.0,752.0,38.76,1.62,2.54,2493.0,360.0,13.85,2.0,8.78,585.0,182.0,3.25,1.01,18.89,12416.0,484.0,68.97,2.69,2.37,1355.0,250.0,7.53,1.39,11.22,883.0,234.0,4.9,1.3,16.13,18494.0,748.0,39.82,1.61,2.46,16.0,92.0,0.09,0.5,337.72,865.0,231.0,4.68,1.25,16.24,700.0,202.0,3.78,1.09,17.53,179.0,98.0,0.97,0.53,33.22,3153.0,427.0,17.05,2.31,8.24,1152.0,250.0,6.23,1.35,13.17,191.0,102.0,1.03,0.55,32.46,1181.0,242.0,6.39,1.31,12.46,1328.0,283.0,7.18,1.53,12.95,5664.0,481.0,30.63,2.6,5.16,2332.0,418.0,12.61,2.26,10.9,1233.0,244.0,6.67,1.32,12.03,481.0,155.0,2.6,0.84,19.64,2546.0,318.0,15.76,1.97,7.6,2410.0,331.0,14.92,2.05,8.35,2866.0,339.0,17.74,2.1,7.2,1917.0,286.0,11.87,1.77,9.06,2555.0,333.0,15.82,2.06,7.92,2162.0,328.0,13.38,2.03,9.22,964.0,210.0,5.97,1.3,13.24,511.0,144.0,3.16,0.89,17.12,170.0,100.0,1.05,0.62,35.9,49.0,99.0,0.3,0.61,123.61,12278.0,365.0,76.0,2.26,1.81,2909.0,284.0,18.01,1.76,5.94,767.0,150.0,4.75,0.93,11.9,2182.0,300.0,13.51,1.86,8.37,1400.0,255.0,8.67,1.58,11.08,8038.0,446.0,49.76,2.76,3.37,39717.0,684.0,85.98,1.48,1.05,14047.0,1058.0,30.41,2.29,4.58,28529.0,1076.0,61.76,2.33,2.29,6476.0,684.0,14.02,1.48,6.42,21747.0,683.0,46.82,1.47,1.91,24701.0,683.0,53.18,1.47,1.68,3933.0,455.0,8.47,0.98,7.03,3479.0,386.0,7.49,0.83,6.74,3271.0,372.0,7.04,0.8,6.91,3924.0,469.0,8.45,1.01,7.27,4149.0,483.0,8.93,1.04,7.08,7577.0,627.0,16.31,1.35,5.03,5489.0,455.0,11.82,0.98,5.04,6375.0,539.0,13.73,1.16,5.14,2871.0,376.0,6.18,0.81,7.97,1865.0,297.0,4.02,0.64,9.68,2381.0,293.0,5.13,0.63,7.47,866.0,172.0,1.86,0.37,12.09,267.0,107.0,0.57,0.23,24.53,33516.0,576.0,72.16,1.24,1.04,3516.0,320.0,7.57,0.69,5.54,5736.0,915.0,12.35,1.97,9.7,14422.0,1045.0,31.05,2.25,4.41,186.0,158.0,0.4,0.34,51.67,565.0,223.0,1.22,0.48,23.92,23.0,93.0,0.05,0.2,243.16,24312.0,1384.0,52.34,2.98,3.46,1196.0,316.0,2.57,0.68,16.08,31894.0,1008.0,68.67,2.17,1.92,14554.0,1008.0,31.33,2.17,4.21,667.0,228.0,1.44,0.49,20.69,12595.0,994.0,27.12,2.14,4.8,85.0,158.0,0.18,0.34,114.83,529.0,218.0,1.14,0.47,25.06,23.0,93.0,0.05,0.2,243.16,249.0,172.0,0.54,0.37,41.65,414.0,214.0,0.89,0.46,31.42
85,Fordham Heights,BX0503,Fordham Heights,10633.0,,100,,,4951.0,336.0,46.56,3.16,4.13,10068.0,726.0,30.52,2.2,4.38,646.0,181.0,6.42,1.8,17.04,422.0,136.0,4.19,1.35,19.59,4537.0,396.0,45.06,3.93,5.3,2295.0,306.0,22.79,3.04,8.11,2168.0,344.0,21.53,3.42,9.66,18947.0,666.0,57.44,2.02,2.14,3477.0,390.0,18.35,2.06,6.82,3523.0,453.0,18.59,2.39,7.82,5644.0,540.0,29.79,2.85,5.82,2085.0,324.0,11.0,1.71,9.45,23254.0,458.0,70.5,1.39,1.2,217.0,95.0,0.93,0.41,26.8,32984.0,0.0,100.0,0.0,0.0,4462.0,548.0,13.53,1.66,7.46,9730.0,666.0,29.5,2.02,4.16,690.0,180.0,7.09,1.85,15.86,21078.0,567.0,63.9,1.72,1.64,2801.0,409.0,13.29,1.94,8.87,2170.0,313.0,6.58,0.95,8.77,976.0,178.0,44.97,8.22,11.11,32595.0,1296.0,98.82,3.93,2.42,28538.0,730.0,87.55,2.24,1.56,3358.0,701.0,10.3,2.15,12.69,699.0,277.0,2.14,0.85,24.15,32984.0,,100,,,18325.0,963.0,55.56,2.92,3.19,16269.0,907.0,49.32,2.75,3.39,2049.0,389.0,6.21,1.18,11.55,14659.0,1042.0,44.44,3.16,4.32,4921.0,507.0,33.57,3.46,6.27,9738.0,507.0,66.43,3.46,3.17,169.0,141.0,1.15,0.96,50.75,46.0,63.0,0.31,0.43,84.32,1694.0,380.0,11.56,2.59,13.62,16.0,75.0,0.11,0.51,281.85,12730.0,402.0,86.84,2.74,1.92,0.0,,0.0,,,30109.0,1501.0,91.28,4.55,3.03,7313.0,759.0,24.29,2.52,6.31,12149.0,954.0,40.35,3.17,4.78,20395.0,834.0,67.74,2.77,2.49,24350.0,455.0,73.82,1.38,1.14,15428.0,582.0,63.36,2.39,2.29,13290.0,616.0,54.58,2.53,2.82,2135.0,346.0,8.77,1.42,9.84,0.0,,0.0,,,8922.0,582.0,36.64,2.39,3.97,,,13.84,2.18,9.85,12961.0,646.0,39.29,1.96,3.03,1701.0,354.0,13.12,2.73,12.65,337.0,143.0,2.6,1.1,25.72,8551.0,464.0,65.97,3.58,3.3,1464.0,320.0,11.3,2.47,13.29,718.0,226.0,5.54,1.74,19.09,13282.0,643.0,40.27,1.95,2.94,0.0,,0.0,,,593.0,189.0,4.46,1.42,19.35,385.0,142.0,2.9,1.07,22.43,268.0,113.0,2.02,0.85,25.58,1492.0,283.0,11.23,2.13,11.53,850.0,214.0,6.4,1.61,15.29,205.0,130.0,1.54,0.98,38.68,632.0,178.0,4.76,1.34,17.11,1025.0,230.0,7.72,1.73,13.62,3879.0,418.0,29.21,3.15,6.56,2772.0,454.0,20.87,3.42,9.96,894.0,235.0,6.73,1.77,15.99,277.0,138.0,2.09,1.04,30.25,2204.0,287.0,20.73,2.7,7.92,1046.0,220.0,9.84,2.07,12.79,2029.0,298.0,19.08,2.8,8.92,1175.0,225.0,11.05,2.12,11.66,1514.0,254.0,14.24,2.39,10.2,1144.0,230.0,10.76,2.16,12.2,831.0,198.0,7.82,1.86,14.46,502.0,152.0,4.72,1.43,18.42,92.0,74.0,0.87,0.7,48.91,95.0,84.0,0.89,0.79,53.96,8212.0,282.0,77.23,2.65,2.09,1786.0,248.0,16.8,2.33,8.43,383.0,127.0,3.6,1.19,20.09,1434.0,242.0,13.49,2.28,10.27,1195.0,232.0,11.24,2.18,11.79,5293.0,359.0,49.78,3.38,4.13,27208.0,755.0,82.49,2.29,1.69,7541.0,1013.0,22.86,3.07,8.16,20786.0,976.0,63.02,2.96,2.86,5776.0,755.0,17.51,2.29,7.95,15769.0,660.0,47.81,2.0,2.54,17216.0,660.0,52.19,2.0,2.33,2876.0,383.0,8.72,1.16,8.09,2465.0,346.0,7.47,1.05,8.54,2932.0,383.0,8.89,1.16,7.93,2465.0,343.0,7.47,1.04,8.46,3285.0,458.0,9.96,1.39,8.48,5628.0,587.0,17.06,1.78,6.34,4488.0,439.0,13.61,1.33,5.94,4089.0,429.0,12.4,1.3,6.37,1486.0,251.0,4.51,0.76,10.24,1068.0,244.0,3.24,0.74,13.88,1471.0,287.0,4.46,0.87,11.86,561.0,155.0,1.7,0.47,16.81,138.0,92.0,0.42,0.28,40.53,23254.0,587.0,70.5,1.78,1.53,2170.0,336.0,6.58,1.02,9.42,3273.0,670.0,9.92,2.03,12.44,8412.0,854.0,25.5,2.59,6.17,321.0,198.0,0.97,0.6,37.6,194.0,135.0,0.59,0.41,42.24,33.0,92.0,0.1,0.28,170.21,19211.0,1148.0,58.24,3.48,3.63,1542.0,465.0,4.67,1.41,18.35,24127.0,815.0,73.15,2.47,2.05,8858.0,815.0,26.86,2.47,5.59,900.0,386.0,2.73,1.17,26.05,7425.0,749.0,22.51,2.27,6.13,81.0,102.0,0.25,0.31,75.38,127.0,106.0,0.39,0.32,49.88,33.0,92.0,0.1,0.28,170.21,44.0,82.0,0.13,0.25,116.9,236.0,139.0,0.72,0.42,35.46
86,West Farms,BX0601,West Farms,6991.0,,100,,,3141.0,297.0,44.93,4.25,5.75,5685.0,646.0,29.39,3.34,6.91,231.0,100.0,4.06,1.76,26.35,312.0,131.0,5.49,2.3,25.47,2407.0,336.0,42.34,5.91,8.49,1434.0,280.0,25.22,4.92,11.86,1301.0,255.0,22.88,4.49,11.93,11301.0,627.0,58.43,3.24,3.37,2229.0,353.0,19.72,3.12,9.62,2475.0,388.0,21.9,3.43,9.52,2671.0,358.0,23.64,3.17,8.15,1307.0,349.0,11.57,3.09,16.24,13801.0,694.0,71.35,3.59,3.06,281.0,160.0,2.04,1.16,34.57,19299.0,130.0,99.78,0.67,0.41,2535.0,396.0,13.14,2.05,9.48,5497.0,605.0,28.42,3.13,6.69,259.0,123.0,4.71,2.23,28.78,11854.0,420.0,61.29,2.17,2.15,1453.0,292.0,12.26,2.46,12.2,1947.0,253.0,10.07,1.31,7.9,824.0,157.0,42.33,8.09,11.62,19025.0,1019.0,98.36,5.27,3.26,17216.0,498.0,90.49,2.62,1.76,1486.0,485.0,7.81,2.55,19.85,329.0,173.0,1.73,0.91,31.98,19342.0,,100,,,13498.0,669.0,69.79,3.46,3.01,11130.0,739.0,57.54,3.82,4.04,2369.0,497.0,12.25,2.57,12.75,5844.0,692.0,30.21,3.58,7.2,2253.0,334.0,38.55,5.71,9.0,3591.0,334.0,61.45,5.71,5.65,71.0,99.0,1.21,1.69,84.91,152.0,106.0,2.6,1.82,42.55,274.0,175.0,4.69,2.99,38.76,0.0,,0.0,,,5346.0,181.0,91.48,3.09,2.05,0.0,,0.0,,,17854.0,1275.0,92.31,6.59,4.34,6144.0,766.0,34.41,4.29,7.58,4639.0,571.0,25.98,3.2,7.49,11077.0,741.0,62.04,4.15,4.07,14670.0,750.0,75.85,3.88,3.11,8460.0,478.0,57.67,3.26,3.44,6200.0,471.0,42.26,3.21,4.62,2233.0,434.0,15.22,2.96,11.82,29.0,75.0,0.2,0.51,155.02,6210.0,478.0,42.33,3.26,4.68,,,26.39,4.91,11.82,6032.0,443.0,31.19,2.29,4.46,838.0,226.0,13.89,3.75,16.41,268.0,149.0,4.44,2.47,33.82,4301.0,277.0,71.3,4.59,3.91,347.0,136.0,5.75,2.26,23.89,176.0,87.0,2.92,1.45,30.19,6195.0,427.0,32.03,2.21,4.19,0.0,,0.0,,,195.0,105.0,3.15,1.7,32.81,200.0,122.0,3.23,1.97,37.08,29.0,48.0,0.47,0.77,99.59,731.0,206.0,11.8,3.33,17.16,585.0,202.0,9.44,3.26,20.99,29.0,60.0,0.47,0.97,125.46,462.0,196.0,7.46,3.17,25.83,451.0,167.0,7.28,2.7,22.55,1715.0,263.0,27.68,4.25,9.33,1074.0,260.0,17.34,4.2,14.72,592.0,180.0,9.56,2.91,18.5,134.0,86.0,2.16,1.39,39.12,1723.0,287.0,24.65,4.1,10.11,866.0,208.0,12.39,2.98,14.62,1322.0,268.0,18.91,3.84,12.34,831.0,232.0,11.89,3.32,16.97,851.0,213.0,12.17,3.05,15.24,748.0,179.0,10.7,2.56,14.54,436.0,159.0,6.24,2.28,22.21,129.0,69.0,1.85,0.98,32.2,19.0,69.0,0.27,0.98,220.65,64.0,73.0,0.92,1.05,69.38,4602.0,291.0,65.83,4.16,3.84,1689.0,250.0,24.16,3.57,8.98,638.0,178.0,9.13,2.55,16.98,1521.0,258.0,21.76,3.69,10.31,755.0,213.0,10.8,3.04,17.11,3867.0,310.0,55.31,4.44,4.88,17323.0,421.0,89.76,2.18,1.48,8471.0,807.0,43.89,4.18,5.79,13342.0,737.0,69.13,3.82,3.36,1976.0,421.0,10.24,2.18,12.94,8923.0,480.0,46.13,2.48,3.27,10419.0,480.0,53.87,2.48,2.8,1488.0,313.0,7.69,1.62,12.81,1414.0,309.0,7.31,1.6,13.31,1393.0,275.0,7.2,1.42,11.99,1963.0,379.0,10.15,1.96,11.74,1782.0,317.0,9.21,1.64,10.82,2992.0,480.0,15.47,2.48,9.75,2037.0,308.0,10.53,1.59,9.18,2882.0,373.0,14.9,1.93,7.87,827.0,220.0,4.28,1.14,16.19,620.0,188.0,3.21,0.97,18.37,1357.0,253.0,7.02,1.31,11.34,428.0,151.0,2.21,0.78,21.46,160.0,91.0,0.83,0.47,34.42,13833.0,501.0,71.52,2.59,2.2,1947.0,296.0,10.07,1.53,9.24,2289.0,571.0,11.83,2.95,15.16,4733.0,718.0,24.47,3.71,9.22,0.0,,0.0,,,218.0,153.0,1.13,0.79,42.5,0.0,,0.0,,,11725.0,849.0,60.62,4.39,4.4,384.0,215.0,1.99,1.11,33.91,14739.0,650.0,76.2,3.36,2.68,4603.0,650.0,23.8,3.36,8.58,141.0,93.0,0.73,0.48,39.97,4146.0,650.0,21.44,3.36,9.53,0.0,,0.0,,,218.0,153.0,1.13,0.79,42.5,0.0,,0.0,,,25.0,72.0,0.13,0.37,173.02,72.0,95.0,0.37,0.49,80.51
87,Tremont,BX0602,Tremont,12195.0,,100,,,5147.0,316.0,42.21,2.59,3.73,9279.0,560.0,30.3,1.83,3.67,383.0,109.0,4.13,1.18,17.37,680.0,141.0,7.33,1.52,12.61,4039.0,310.0,43.53,3.34,4.66,2335.0,264.0,25.16,2.84,6.86,1839.0,248.0,19.82,2.67,8.19,17779.0,609.0,58.06,1.99,2.08,3215.0,350.0,18.08,1.97,6.62,3705.0,356.0,20.84,2.0,5.83,4338.0,364.0,24.4,2.05,5.11,2312.0,304.0,13.0,1.71,8.0,21326.0,1020.0,69.64,3.33,2.91,459.0,128.0,2.15,0.6,16.96,30421.0,83.0,99.34,0.27,0.17,5019.0,468.0,16.5,1.54,5.67,9296.0,634.0,30.36,2.07,4.15,575.0,165.0,6.19,1.77,17.38,18240.0,444.0,59.57,1.45,1.48,2914.0,332.0,15.98,1.82,6.92,2888.0,263.0,9.43,0.86,5.54,1528.0,168.0,52.91,5.81,6.68,30005.0,1298.0,97.99,4.24,2.63,26460.0,594.0,88.18,1.98,1.36,3218.0,579.0,10.72,1.93,10.94,333.0,189.0,1.11,0.63,34.5,30622.0,,100,,,21047.0,784.0,68.73,2.56,2.26,18475.0,784.0,60.33,2.56,2.58,2570.0,410.0,8.39,1.34,9.71,9575.0,818.0,31.27,2.67,5.19,4241.0,399.0,44.29,4.17,5.72,5334.0,399.0,55.71,4.17,4.55,54.0,72.0,0.56,0.75,81.42,135.0,138.0,1.41,1.44,62.08,1640.0,360.0,17.13,3.76,13.34,16.0,87.0,0.17,0.91,325.41,7706.0,374.0,80.48,3.91,2.95,21.0,83.0,0.22,0.87,240.4,27856.0,1329.0,90.97,4.34,2.9,9949.0,741.0,35.72,2.66,4.53,7571.0,694.0,27.18,2.49,5.57,15524.0,730.0,55.73,2.62,2.86,22365.0,1066.0,73.04,3.48,2.9,12211.0,479.0,54.6,2.14,2.38,10127.0,479.0,45.28,2.14,2.87,2089.0,289.0,9.34,1.29,8.4,0.0,,0.0,,,10154.0,479.0,45.4,2.14,2.87,,,17.11,2.27,8.41,9707.0,472.0,31.7,1.54,2.96,1930.0,245.0,19.88,2.52,7.71,387.0,137.0,3.99,1.41,21.48,6046.0,310.0,62.29,3.19,3.11,765.0,170.0,7.88,1.75,13.5,466.0,143.0,4.8,1.47,18.62,10125.0,465.0,33.06,1.52,2.79,13.0,86.0,0.13,0.85,397.47,394.0,134.0,3.89,1.32,20.63,509.0,170.0,5.03,1.68,20.3,119.0,100.0,1.18,0.99,51.0,1188.0,210.0,11.73,2.07,10.73,888.0,182.0,8.77,1.8,12.48,103.0,66.0,1.02,0.65,38.74,556.0,146.0,5.49,1.44,15.94,858.0,162.0,8.47,1.6,11.48,3537.0,299.0,34.93,2.95,5.13,954.0,198.0,9.42,1.96,12.65,667.0,167.0,6.59,1.65,15.22,339.0,113.0,3.35,1.12,20.32,2931.0,290.0,24.03,2.38,6.02,1564.0,244.0,12.82,2.0,9.48,1773.0,251.0,14.54,2.06,8.61,1436.0,238.0,11.78,1.95,10.06,1509.0,237.0,12.37,1.94,9.53,1595.0,248.0,13.08,2.03,9.43,630.0,171.0,5.17,1.4,16.46,547.0,133.0,4.49,1.09,14.76,146.0,104.0,1.2,0.85,43.06,64.0,88.0,0.52,0.72,84.17,7985.0,321.0,65.48,2.63,2.44,2985.0,287.0,24.48,2.35,5.84,1039.0,193.0,8.52,1.58,11.27,2570.0,295.0,21.07,2.42,6.98,1387.0,213.0,11.37,1.75,9.36,6701.0,360.0,54.95,2.95,3.26,26889.0,523.0,88.39,1.72,1.18,9931.0,788.0,32.65,2.59,4.82,20094.0,818.0,66.05,2.69,2.48,3532.0,523.0,11.61,1.72,9.01,14091.0,514.0,46.02,1.68,2.22,16531.0,514.0,53.98,1.68,1.89,2766.0,364.0,9.03,1.19,8.01,2717.0,322.0,8.87,1.05,7.2,2351.0,291.0,7.68,0.95,7.52,2374.0,288.0,7.75,0.94,7.37,2634.0,303.0,8.6,0.99,7.0,4532.0,407.0,14.8,1.33,5.46,3585.0,331.0,11.71,1.08,5.61,3869.0,343.0,12.63,1.12,5.39,1673.0,233.0,5.46,0.76,8.46,1094.0,190.0,3.57,0.62,10.56,1851.0,269.0,6.04,0.88,8.86,944.0,190.0,3.08,0.62,12.24,244.0,92.0,0.8,0.3,22.8,21326.0,508.0,69.64,1.66,1.45,3030.0,328.0,9.89,1.07,6.58,3868.0,625.0,12.63,2.04,9.82,11079.0,845.0,36.18,2.76,4.64,152.0,110.0,0.5,0.36,43.77,165.0,156.0,0.54,0.51,57.41,29.0,98.0,0.09,0.32,216.14,14145.0,909.0,46.19,2.97,3.91,1171.0,380.0,3.82,1.24,19.73,19496.0,805.0,63.67,2.63,2.51,11126.0,805.0,36.33,2.63,4.4,610.0,217.0,1.99,0.71,21.69,10114.0,787.0,33.03,2.57,4.73,42.0,104.0,0.14,0.34,147.63,165.0,156.0,0.54,0.51,57.41,0.0,,0.0,,,122.0,110.0,0.4,0.36,54.71,69.0,86.0,0.23,0.28,74.01
88,Belmont,BX0603,Belmont,12422.0,,100,,,5016.0,370.0,40.38,2.98,4.49,14488.0,749.0,38.31,1.98,3.14,628.0,203.0,4.33,1.4,19.66,575.0,164.0,3.97,1.13,17.3,4705.0,443.0,32.47,3.06,5.73,2616.0,362.0,18.06,2.5,8.42,5961.0,404.0,41.14,2.79,4.12,19672.0,605.0,52.02,1.6,1.87,3385.0,466.0,17.21,2.37,8.37,3354.0,421.0,17.05,2.14,7.63,5494.0,498.0,27.93,2.53,5.51,2754.0,391.0,14.0,1.99,8.64,27037.0,1172.0,71.5,3.1,2.64,347.0,122.0,1.28,0.45,21.37,37814.0,0.0,100.0,0.0,0.0,5127.0,556.0,13.56,1.47,6.59,10776.0,768.0,28.5,2.03,4.33,830.0,291.0,7.7,2.7,21.32,24443.0,1059.0,64.64,2.8,2.63,2972.0,423.0,12.16,1.73,8.65,2591.0,246.0,6.85,0.65,5.77,1326.0,183.0,51.17,7.06,8.39,37080.0,1577.0,98.06,4.17,2.59,30998.0,797.0,83.6,2.15,1.56,5551.0,753.0,14.97,2.03,8.24,524.0,226.0,1.41,0.61,26.3,37814.0,,100,,,25453.0,945.0,67.31,2.5,2.26,22630.0,968.0,59.85,2.56,2.6,2829.0,609.0,7.48,1.61,13.08,12361.0,998.0,32.69,2.64,4.91,4253.0,534.0,34.41,4.32,7.63,8107.0,534.0,65.59,4.32,4.0,1004.0,260.0,8.12,2.1,15.72,559.0,220.0,4.52,1.78,23.94,1084.0,277.0,8.77,2.24,15.53,0.0,,0.0,,,9700.0,423.0,78.47,3.42,2.65,13.0,75.0,0.11,0.61,337.11,34535.0,1603.0,91.33,4.24,2.82,11666.0,905.0,33.78,2.62,4.71,9866.0,812.0,28.57,2.35,5.0,19278.0,1005.0,55.82,2.91,3.17,28295.0,1218.0,74.83,3.22,2.62,15781.0,659.0,55.77,2.33,2.54,13558.0,659.0,47.92,2.33,2.96,2212.0,348.0,7.82,1.23,9.56,0.0,,0.0,,,12514.0,659.0,44.23,2.33,3.2,,,14.02,2.13,9.56,13169.0,783.0,34.83,2.07,3.61,1959.0,333.0,14.88,2.53,10.34,431.0,165.0,3.27,1.25,23.24,7765.0,437.0,58.96,3.32,3.42,2010.0,328.0,15.26,2.49,9.92,649.0,223.0,4.93,1.69,20.84,13566.0,775.0,35.88,2.05,3.47,38.0,77.0,0.28,0.57,123.75,876.0,236.0,6.46,1.74,16.37,432.0,176.0,3.18,1.3,24.85,259.0,138.0,1.91,1.02,32.46,1841.0,361.0,13.57,2.66,11.92,1091.0,281.0,8.04,2.07,15.65,276.0,138.0,2.03,1.02,30.54,762.0,218.0,5.62,1.61,17.42,922.0,224.0,6.8,1.65,14.75,3478.0,397.0,25.64,2.93,6.95,2545.0,464.0,18.76,3.42,11.08,777.0,198.0,5.73,1.46,15.49,270.0,100.0,1.99,0.74,22.61,2734.0,333.0,22.01,2.68,7.4,1315.0,246.0,10.59,1.98,11.37,2301.0,338.0,18.52,2.72,8.93,1739.0,288.0,14.0,2.32,10.07,1598.0,284.0,12.86,2.29,10.83,1441.0,276.0,11.6,2.22,11.63,450.0,134.0,3.62,1.08,18.14,693.0,214.0,5.58,1.72,18.74,96.0,91.0,0.77,0.73,57.63,55.0,88.0,0.44,0.71,98.09,8609.0,349.0,69.3,2.81,2.46,2143.0,263.0,17.25,2.12,7.47,846.0,183.0,6.81,1.47,13.12,2245.0,298.0,18.07,2.4,8.07,1290.0,247.0,10.38,1.99,11.65,6018.0,396.0,48.45,3.19,4.0,31665.0,900.0,83.74,2.38,1.73,13036.0,1097.0,34.47,2.9,5.11,21144.0,1051.0,55.92,2.78,3.02,6148.0,900.0,16.26,2.38,8.9,18180.0,654.0,48.08,1.73,2.19,19634.0,654.0,51.92,1.73,2.03,3279.0,488.0,8.67,1.29,9.04,2829.0,352.0,7.48,0.93,7.56,2719.0,355.0,7.19,0.94,7.95,4591.0,454.0,12.14,1.2,6.01,4718.0,567.0,12.48,1.5,7.31,6082.0,654.0,16.08,1.73,6.54,4404.0,469.0,11.65,1.24,6.47,4086.0,446.0,10.81,1.18,6.64,1376.0,265.0,3.64,0.7,11.69,1146.0,227.0,3.03,0.6,12.04,1494.0,261.0,3.95,0.69,10.62,787.0,170.0,2.08,0.45,13.15,315.0,117.0,0.83,0.31,22.7,27037.0,684.0,71.5,1.81,1.54,2591.0,287.0,6.85,0.76,6.74,8931.0,877.0,23.62,2.32,5.97,7819.0,809.0,20.68,2.14,6.29,54.0,106.0,0.14,0.28,121.58,586.0,204.0,1.55,0.54,21.18,0.0,,0.0,,,19398.0,1218.0,51.3,3.22,3.82,1023.0,416.0,2.71,1.1,24.68,23739.0,1010.0,62.78,2.67,2.59,14075.0,1010.0,37.22,2.67,4.36,5880.0,575.0,15.55,1.52,5.94,7073.0,775.0,18.7,2.05,6.66,0.0,,0.0,,,578.0,204.0,1.53,0.54,21.46,0.0,,0.0,,,168.0,144.0,0.44,0.38,52.5,388.0,216.0,1.03,0.57,33.64
89,University Heights (North)-Fordham,BX0701,University Heights (North)-Fordham,14893.0,,100,,,5788.0,408.0,38.86,2.74,4.29,10743.0,741.0,24.78,1.71,4.19,570.0,163.0,5.31,1.52,17.4,555.0,190.0,5.17,1.77,20.81,4414.0,376.0,41.09,3.5,5.18,2653.0,342.0,24.69,3.18,7.83,2550.0,328.0,23.74,3.05,7.81,27896.0,954.0,64.34,2.2,2.08,5377.0,670.0,19.27,2.4,7.57,4495.0,530.0,16.11,1.9,7.17,7535.0,678.0,27.01,2.43,5.47,4281.0,485.0,15.35,1.74,6.89,32660.0,1201.0,75.33,2.77,2.24,667.0,189.0,2.04,0.58,17.28,42786.0,832.0,98.68,1.92,1.18,5275.0,548.0,12.33,1.28,6.31,10672.0,828.0,24.61,1.91,4.72,438.0,154.0,4.1,1.44,21.35,28350.0,971.0,65.39,2.24,2.08,2978.0,417.0,10.5,1.47,8.51,3766.0,390.0,8.69,0.9,6.3,1861.0,215.0,49.41,5.71,7.03,42536.0,1509.0,98.11,3.48,2.16,37511.0,940.0,88.19,2.21,1.52,4436.0,893.0,10.43,2.1,12.24,582.0,302.0,1.37,0.71,31.5,43357.0,,100,,,22929.0,1101.0,52.88,2.54,2.92,19379.0,1036.0,44.7,2.39,3.25,3554.0,551.0,8.2,1.27,9.42,20428.0,1136.0,47.12,2.62,3.38,9551.0,797.0,46.75,3.9,5.07,10877.0,797.0,53.24,3.9,4.45,343.0,223.0,1.68,1.09,39.44,1291.0,360.0,6.32,1.76,16.93,1314.0,409.0,6.43,2.0,18.91,0.0,,0.0,,,17445.0,552.0,85.4,2.7,1.92,35.0,88.0,0.17,0.43,153.76,40068.0,1600.0,92.41,3.69,2.43,8030.0,877.0,20.04,2.19,6.64,15587.0,1042.0,38.9,2.6,4.06,28526.0,966.0,71.19,2.41,2.06,33779.0,1231.0,77.91,2.84,2.22,21877.0,706.0,64.77,2.09,1.96,18885.0,790.0,55.91,2.34,2.54,2991.0,490.0,8.85,1.45,9.96,0.0,,0.0,,,11902.0,706.0,35.24,2.09,3.61,,,13.67,2.2,9.96,18446.0,841.0,42.54,1.94,2.77,2267.0,330.0,12.29,1.79,8.85,721.0,227.0,3.91,1.23,19.12,12994.0,531.0,70.44,2.88,2.49,1427.0,319.0,7.74,1.73,13.59,809.0,262.0,4.39,1.42,19.66,18889.0,854.0,43.57,1.97,2.75,43.0,108.0,0.23,0.57,150.65,1139.0,298.0,6.03,1.58,15.93,773.0,263.0,4.09,1.39,20.66,443.0,145.0,2.35,0.77,19.92,2372.0,421.0,12.56,2.23,10.79,1353.0,291.0,7.16,1.54,13.08,73.0,79.0,0.39,0.42,65.47,1061.0,259.0,5.62,1.37,14.82,1383.0,281.0,7.32,1.49,12.37,5095.0,453.0,26.97,2.4,5.41,3363.0,465.0,17.8,2.46,8.4,1286.0,280.0,6.81,1.48,13.21,516.0,166.0,2.73,0.88,19.6,2185.0,314.0,14.67,2.11,8.74,1489.0,273.0,10.0,1.83,11.12,2505.0,351.0,16.82,2.36,8.53,1759.0,292.0,11.81,1.96,10.09,2174.0,365.0,14.6,2.45,10.2,2354.0,322.0,15.81,2.16,8.31,1248.0,244.0,8.38,1.64,11.9,802.0,189.0,5.39,1.27,14.32,208.0,118.0,1.4,0.79,34.3,167.0,95.0,1.12,0.64,34.74,11471.0,350.0,77.02,2.35,1.85,3159.0,341.0,21.21,2.29,6.56,1320.0,232.0,8.86,1.56,10.7,2147.0,302.0,14.42,2.03,8.56,944.0,222.0,6.34,1.49,14.29,6273.0,445.0,42.12,2.99,4.32,36346.0,843.0,84.95,1.97,1.41,12595.0,1138.0,29.44,2.66,5.49,25675.0,1207.0,60.01,2.82,2.86,6440.0,843.0,15.05,1.97,7.96,21114.0,650.0,48.7,1.5,1.87,22243.0,650.0,51.3,1.5,1.78,3289.0,464.0,7.59,1.07,8.57,2911.0,373.0,6.71,0.86,7.79,2533.0,390.0,5.84,0.9,9.37,2937.0,416.0,6.77,0.96,8.62,3792.0,481.0,8.75,1.11,7.71,7751.0,650.0,17.88,1.5,5.1,5680.0,546.0,13.1,1.26,5.85,6001.0,542.0,13.84,1.25,5.49,2539.0,377.0,5.86,0.87,9.03,1682.0,308.0,3.88,0.71,11.12,2177.0,321.0,5.02,0.74,8.96,1378.0,295.0,3.18,0.68,13.0,683.0,199.0,1.58,0.46,17.7,32660.0,711.0,75.33,1.64,1.32,4256.0,481.0,9.82,1.11,6.87,5859.0,841.0,13.51,1.94,8.73,7523.0,845.0,17.35,1.95,6.83,523.0,277.0,1.21,0.64,32.15,1519.0,434.0,3.5,1.0,17.37,0.0,,0.0,,,25592.0,1262.0,59.03,2.91,3.0,2357.0,577.0,5.44,1.33,14.86,32958.0,928.0,76.02,2.14,1.71,10399.0,928.0,23.98,2.14,5.42,1586.0,438.0,3.66,1.01,16.78,6631.0,806.0,15.29,1.86,7.4,201.0,173.0,0.46,0.4,52.86,1439.0,434.0,3.32,1.0,18.31,0.0,,0.0,,,198.0,130.0,0.46,0.3,39.65,341.0,178.0,0.79,0.41,31.55
90,Bedford Park,BX0702,Bedford Park,20026.0,,100,,,7444.0,465.0,37.17,2.32,3.79,14625.0,835.0,26.97,1.54,3.47,841.0,231.0,5.75,1.58,16.7,551.0,174.0,3.77,1.19,19.19,6490.0,503.0,44.38,3.44,4.71,2737.0,376.0,18.72,2.57,8.35,4012.0,465.0,27.43,3.18,7.05,33620.0,1334.0,61.99,2.46,2.41,4892.0,595.0,14.55,1.77,7.4,4778.0,572.0,14.21,1.7,7.27,9577.0,706.0,28.49,2.1,4.48,5655.0,588.0,16.82,1.75,6.32,39981.0,1540.0,73.72,2.84,2.34,1019.0,236.0,2.55,0.59,14.07,54226.0,580.0,99.98,1.07,0.65,6036.0,607.0,11.13,1.12,6.12,14241.0,1030.0,26.26,1.9,4.4,511.0,179.0,3.59,1.26,21.34,35611.0,754.0,65.66,1.39,1.29,3825.0,477.0,10.74,1.34,7.58,4371.0,418.0,8.06,0.77,5.81,1697.0,244.0,38.82,5.58,8.74,53366.0,1844.0,98.4,3.4,2.1,47629.0,993.0,89.25,1.86,1.27,5027.0,907.0,9.42,1.7,10.97,709.0,427.0,1.33,0.8,36.57,54235.0,,100,,,31457.0,1350.0,58.0,2.49,2.61,28666.0,1329.0,52.86,2.45,2.82,2793.0,434.0,5.15,0.8,9.44,22778.0,1155.0,42.0,2.13,3.08,10447.0,733.0,45.86,3.22,4.27,12331.0,733.0,54.14,3.22,3.62,1064.0,419.0,4.67,1.84,23.95,1782.0,380.0,7.82,1.67,12.98,1909.0,419.0,8.38,1.84,13.35,0.0,,0.0,,,17974.0,638.0,78.91,2.8,2.16,48.0,109.0,0.21,0.48,138.95,49405.0,1833.0,91.09,3.38,2.26,14153.0,1215.0,28.65,2.46,5.22,15760.0,1117.0,31.9,2.26,4.31,29736.0,1240.0,60.19,2.51,2.54,41041.0,1567.0,75.67,2.89,2.32,27472.0,850.0,66.94,2.07,1.88,23733.0,891.0,57.83,2.17,2.28,3734.0,529.0,9.1,1.29,8.62,12.0,94.0,0.03,0.23,466.06,13570.0,850.0,33.06,2.07,3.81,,,13.59,1.88,8.61,23250.0,754.0,42.87,1.39,1.97,3650.0,486.0,15.7,2.09,8.09,910.0,288.0,3.91,1.24,19.28,15569.0,658.0,66.96,2.83,2.57,2313.0,388.0,9.95,1.67,10.2,579.0,186.0,2.49,0.8,19.53,23736.0,754.0,43.77,1.39,1.93,25.0,93.0,0.11,0.39,215.53,1222.0,290.0,5.15,1.22,14.4,905.0,240.0,3.81,1.01,16.12,405.0,173.0,1.71,0.73,25.95,3300.0,484.0,13.9,2.04,8.92,1521.0,313.0,6.41,1.32,12.52,434.0,199.0,1.83,0.84,27.9,1509.0,337.0,6.36,1.42,13.57,1974.0,335.0,8.32,1.41,10.3,7258.0,567.0,30.58,2.39,4.75,3148.0,441.0,13.26,1.86,8.53,1440.0,294.0,6.07,1.24,12.42,581.0,188.0,2.45,0.79,19.6,2986.0,387.0,14.91,1.93,7.87,1919.0,306.0,9.58,1.53,9.71,2692.0,384.0,13.44,1.92,8.68,2010.0,316.0,10.04,1.58,9.57,2920.0,382.0,14.58,1.91,7.96,3459.0,407.0,17.27,2.03,7.15,2222.0,356.0,11.1,1.78,9.75,1226.0,250.0,6.12,1.25,12.42,338.0,150.0,1.69,0.75,26.98,240.0,108.0,1.2,0.54,27.36,15652.0,413.0,78.16,2.06,1.6,3877.0,382.0,19.36,1.91,6.0,1638.0,292.0,8.18,1.46,10.85,2237.0,330.0,11.17,1.65,8.98,1124.0,272.0,5.61,1.36,14.74,7643.0,549.0,38.17,2.74,4.36,47035.0,846.0,86.74,1.56,1.09,19730.0,1410.0,36.39,2.6,4.34,29530.0,1399.0,54.46,2.58,2.88,7190.0,846.0,13.26,1.56,7.15,25653.0,797.0,47.3,1.47,1.89,28582.0,797.0,52.7,1.47,1.7,4830.0,607.0,8.91,1.12,7.64,3675.0,418.0,6.78,0.77,6.9,3812.0,461.0,7.03,0.85,7.35,3298.0,428.0,6.08,0.79,7.9,4976.0,580.0,9.17,1.07,7.09,9026.0,732.0,16.64,1.35,4.93,7067.0,629.0,13.03,1.16,5.41,7104.0,673.0,13.1,1.24,5.75,3022.0,407.0,5.57,0.75,8.19,3036.0,412.0,5.6,0.76,8.25,2936.0,396.0,5.41,0.73,8.2,1158.0,233.0,2.14,0.43,12.21,272.0,114.0,0.5,0.21,25.53,39994.0,879.0,73.74,1.62,1.34,4371.0,466.0,8.06,0.86,6.49,8701.0,1188.0,16.04,2.19,8.3,12114.0,1090.0,22.34,2.01,5.47,202.0,136.0,0.37,0.25,41.07,2369.0,488.0,4.37,0.9,12.52,34.0,108.0,0.06,0.2,202.63,28783.0,1481.0,53.07,2.73,3.13,2023.0,537.0,3.73,0.99,16.13,37441.0,1269.0,69.03,2.34,2.06,16794.0,1269.0,30.97,2.34,4.59,3312.0,645.0,6.11,1.19,11.84,9998.0,993.0,18.43,1.83,6.04,26.0,103.0,0.05,0.19,231.0,2321.0,488.0,4.28,0.9,12.78,34.0,108.0,0.06,0.2,202.63,393.0,239.0,0.72,0.44,37.15,710.0,363.0,1.31,0.67,31.09
91,Norwood,BX0703,Norwood,15370.0,,100,,,5985.0,435.0,38.94,2.83,4.42,11406.0,823.0,26.73,1.93,4.39,925.0,271.0,8.11,2.38,17.84,582.0,208.0,5.1,1.82,21.69,4839.0,412.0,42.43,3.61,5.17,2105.0,347.0,18.46,3.04,10.01,2959.0,387.0,25.94,3.39,7.94,26785.0,951.0,62.78,2.23,2.16,4400.0,659.0,16.43,2.46,9.1,3855.0,600.0,14.39,2.24,9.46,7605.0,771.0,28.39,2.88,6.17,5509.0,605.0,20.57,2.26,6.68,31021.0,1161.0,72.7,2.72,2.28,670.0,192.0,2.16,0.62,17.45,42083.0,235.0,98.63,0.55,0.34,5993.0,652.0,14.24,1.55,6.62,11632.0,858.0,27.26,2.01,4.48,687.0,248.0,5.91,2.13,21.91,26929.0,802.0,63.11,1.88,1.81,3563.0,520.0,13.23,1.93,8.87,3520.0,363.0,8.25,0.85,6.27,1739.0,227.0,49.4,6.44,7.92,41792.0,1766.0,97.95,4.14,2.57,36598.0,961.0,87.57,2.3,1.6,4384.0,894.0,10.49,2.14,12.4,817.0,426.0,1.95,1.02,31.8,42667.0,,100,,,23989.0,1109.0,56.22,2.6,2.81,20733.0,1097.0,48.59,2.57,3.22,3256.0,636.0,7.63,1.49,11.87,18678.0,1263.0,43.78,2.96,4.11,7294.0,779.0,39.05,4.17,6.49,11384.0,779.0,60.95,4.17,4.16,1171.0,461.0,6.27,2.47,23.95,4090.0,622.0,21.9,3.33,9.24,666.0,346.0,3.57,1.85,31.5,17.0,77.0,0.09,0.41,276.93,12614.0,714.0,67.53,3.82,3.44,118.0,166.0,0.63,0.89,85.88,38483.0,1267.0,90.19,2.97,2.0,10895.0,974.0,28.31,2.53,5.43,14093.0,1097.0,36.62,2.85,4.73,20774.0,1128.0,53.98,2.93,3.3,32078.0,1297.0,75.18,3.04,2.46,20282.0,693.0,63.23,2.16,2.08,17331.0,686.0,54.03,2.14,2.41,2959.0,504.0,9.22,1.57,10.35,0.0,,0.0,,,11796.0,693.0,36.77,2.16,3.57,,,14.59,2.43,10.35,16755.0,687.0,39.27,1.61,2.49,2170.0,347.0,12.95,2.07,9.72,733.0,250.0,4.37,1.49,20.73,11148.0,543.0,66.54,3.24,2.96,1735.0,325.0,10.36,1.94,11.38,663.0,223.0,3.96,1.33,20.42,17328.0,674.0,40.61,1.58,2.36,0.0,,0.0,,,1265.0,364.0,7.3,2.1,17.49,695.0,250.0,4.01,1.44,21.83,123.0,104.0,0.71,0.6,51.37,2354.0,433.0,13.58,2.5,11.19,926.0,230.0,5.34,1.33,15.14,396.0,184.0,2.29,1.06,28.14,1175.0,284.0,6.78,1.64,14.7,1488.0,347.0,8.59,2.0,14.15,4970.0,490.0,28.68,2.83,6.0,2481.0,451.0,14.32,2.6,11.04,1215.0,300.0,7.01,1.73,15.0,246.0,125.0,1.42,0.72,30.82,2514.0,403.0,16.36,2.62,9.74,1184.0,277.0,7.7,1.8,14.21,2436.0,363.0,15.85,2.36,9.05,2002.0,386.0,13.03,2.51,11.71,2289.0,389.0,14.89,2.53,10.33,2655.0,386.0,17.27,2.51,8.84,1054.0,249.0,6.86,1.62,14.36,813.0,231.0,5.29,1.5,17.24,252.0,117.0,1.64,0.76,28.17,180.0,86.0,1.17,0.56,29.1,12028.0,380.0,78.26,2.47,1.92,2887.0,327.0,18.78,2.13,6.89,1330.0,235.0,8.65,1.53,10.75,1730.0,343.0,11.26,2.23,12.04,1412.0,309.0,9.19,2.01,13.3,6028.0,527.0,39.22,3.43,5.32,36443.0,753.0,86.6,1.79,1.26,17346.0,1347.0,41.22,3.2,4.72,23784.0,1254.0,56.52,2.98,3.21,5640.0,753.0,13.4,1.79,8.12,20532.0,717.0,48.12,1.68,2.12,22136.0,717.0,51.88,1.68,1.97,4185.0,567.0,9.81,1.33,8.24,3032.0,358.0,7.11,0.84,7.18,3114.0,439.0,7.3,1.03,8.58,2351.0,380.0,5.51,0.89,9.82,3200.0,439.0,7.5,1.03,8.35,7789.0,789.0,18.26,1.85,6.16,5845.0,576.0,13.7,1.35,5.99,5126.0,563.0,12.01,1.32,6.68,1572.0,303.0,3.68,0.71,11.73,2501.0,397.0,5.86,0.93,9.65,2340.0,358.0,5.48,0.84,9.32,1061.0,239.0,2.49,0.56,13.67,546.0,235.0,1.28,0.55,26.12,31021.0,725.0,72.7,1.7,1.42,3948.0,414.0,9.25,0.97,6.37,9469.0,1165.0,22.19,2.73,7.48,7897.0,1067.0,18.51,2.5,8.21,245.0,226.0,0.57,0.53,56.52,4824.0,713.0,11.31,1.67,8.98,6.0,77.0,0.01,0.18,1094.22,18431.0,1574.0,43.2,3.69,5.19,1803.0,516.0,4.23,1.21,17.39,26846.0,1225.0,62.92,2.87,2.77,15821.0,1225.0,37.08,2.87,4.71,4088.0,836.0,9.58,1.96,12.44,5857.0,841.0,13.73,1.97,8.72,32.0,90.0,0.07,0.21,182.37,4785.0,708.0,11.21,1.66,9.0,0.0,,0.0,,,583.0,678.0,1.37,1.59,70.55,474.0,320.0,1.11,0.75,41.07
92,Kingsbridge Heights-Van Cortlandt Village,BX0801,Kingsbridge Heights-Van Cortlandt Village,13444.0,,100,,,5059.0,376.0,37.63,2.8,4.52,9604.0,658.0,26.71,1.83,4.16,387.0,164.0,4.03,1.71,25.79,837.0,231.0,8.72,2.41,16.8,3249.0,354.0,33.83,3.69,6.63,1865.0,332.0,19.42,3.46,10.83,3263.0,337.0,33.98,3.51,6.28,23885.0,859.0,66.42,2.39,2.19,3175.0,459.0,13.29,1.92,8.78,3055.0,432.0,12.79,1.81,8.6,6204.0,595.0,25.97,2.49,5.83,5522.0,559.0,23.12,2.34,6.15,27663.0,942.0,76.92,2.62,2.07,901.0,238.0,3.26,0.86,16.04,35022.0,550.0,97.39,1.53,0.95,3729.0,455.0,10.65,1.3,7.42,8285.0,593.0,23.04,1.65,4.35,304.0,138.0,3.67,1.67,27.66,22873.0,824.0,63.6,2.29,2.19,2121.0,366.0,9.27,1.6,10.49,3861.0,360.0,10.74,1.0,5.67,1294.0,207.0,33.51,5.36,9.72,35262.0,1532.0,98.05,4.26,2.64,32157.0,617.0,91.2,1.75,1.17,2830.0,599.0,8.03,1.7,12.87,274.0,173.0,0.78,0.49,38.19,35962.0,,100,,,21076.0,1000.0,58.61,2.78,2.88,18890.0,946.0,52.53,2.63,3.04,2186.0,424.0,6.08,1.18,11.8,14886.0,1082.0,41.39,3.01,4.42,7737.0,581.0,51.98,3.9,4.56,7148.0,581.0,48.02,3.9,4.94,1318.0,329.0,8.85,2.21,15.18,1624.0,345.0,10.91,2.32,12.93,1164.0,372.0,7.82,2.5,19.43,0.0,,0.0,,,10777.0,540.0,72.4,3.63,3.05,0.0,,0.0,,,33255.0,1305.0,92.47,3.63,2.39,9331.0,865.0,28.06,2.6,5.63,10124.0,795.0,30.44,2.39,4.77,19588.0,934.0,58.9,2.81,2.9,28406.0,644.0,78.99,1.79,1.38,18751.0,645.0,66.01,2.27,2.09,16429.0,707.0,57.84,2.49,2.62,2318.0,406.0,8.16,1.43,10.65,0.0,,0.0,,,9655.0,645.0,33.99,2.27,4.06,,,12.36,2.12,10.65,15962.0,806.0,44.39,2.24,3.07,2972.0,441.0,18.62,2.76,9.01,519.0,214.0,3.25,1.34,25.06,10230.0,504.0,64.09,3.16,3.0,1414.0,330.0,8.86,2.07,14.2,548.0,200.0,3.43,1.25,22.15,16429.0,795.0,45.68,2.21,2.94,37.0,87.0,0.23,0.53,140.08,508.0,151.0,3.09,0.92,18.1,455.0,168.0,2.77,1.02,22.38,325.0,154.0,1.98,0.94,28.86,1978.0,437.0,12.04,2.66,13.43,1150.0,291.0,7.0,1.77,15.37,307.0,130.0,1.87,0.79,25.68,991.0,260.0,6.03,1.58,15.93,1242.0,279.0,7.56,1.7,13.67,4974.0,496.0,30.28,3.02,6.06,2573.0,407.0,15.66,2.48,9.63,1247.0,324.0,7.59,1.97,15.78,640.0,172.0,3.9,1.05,16.37,1621.0,300.0,12.06,2.23,11.24,678.0,190.0,5.04,1.41,17.01,1622.0,280.0,12.06,2.08,10.48,1521.0,280.0,11.31,2.08,11.18,1699.0,323.0,12.64,2.4,11.54,2769.0,445.0,20.6,3.31,9.77,1802.0,333.0,13.4,2.48,11.25,1240.0,233.0,9.22,1.73,11.41,329.0,136.0,2.45,1.01,25.06,164.0,108.0,1.22,0.8,39.86,10904.0,309.0,81.11,2.3,1.72,3035.0,354.0,22.58,2.63,7.08,1839.0,315.0,13.68,2.34,10.4,1184.0,238.0,8.81,1.77,12.21,875.0,243.0,6.51,1.81,16.9,4443.0,411.0,33.05,3.06,5.63,30133.0,774.0,86.04,2.21,1.56,16193.0,1117.0,46.24,3.19,4.19,16134.0,1089.0,46.07,3.11,4.1,4889.0,774.0,13.96,2.21,9.62,17398.0,676.0,48.38,1.88,2.36,18564.0,676.0,51.62,1.88,2.21,2707.0,432.0,7.53,1.2,9.69,2421.0,374.0,6.73,1.04,9.39,1965.0,345.0,5.46,0.96,10.69,2072.0,367.0,5.76,1.02,10.76,2917.0,435.0,8.11,1.21,9.07,6042.0,608.0,16.8,1.69,6.12,4724.0,500.0,13.14,1.39,6.43,4216.0,464.0,11.72,1.29,6.69,2472.0,360.0,6.87,1.0,8.85,1966.0,306.0,5.47,0.85,9.45,2785.0,342.0,7.74,0.95,7.46,1118.0,248.0,3.11,0.69,13.49,566.0,162.0,1.57,0.45,17.42,27663.0,539.0,76.92,1.5,1.19,4475.0,410.0,12.44,1.14,5.57,8066.0,859.0,22.43,2.39,6.48,7096.0,877.0,19.73,2.44,7.52,406.0,288.0,1.13,0.8,43.04,1716.0,374.0,4.77,1.04,13.25,0.0,,0.0,,,16418.0,1176.0,45.65,3.27,4.35,2267.0,619.0,6.3,1.72,16.6,24170.0,899.0,67.21,2.5,2.26,11792.0,899.0,32.79,2.5,4.63,3559.0,489.0,9.9,1.36,8.35,5630.0,773.0,15.66,2.15,8.35,256.0,266.0,0.71,0.74,63.36,1699.0,370.0,4.72,1.03,13.27,0.0,,0.0,,,111.0,94.0,0.31,0.26,50.99,522.0,295.0,1.45,0.82,34.38
93,Kingsbridge-Marble Hill,BX0802,Kingsbridge-Marble Hill,9060.0,,100,,,3043.0,289.0,33.59,3.19,5.77,6643.0,562.0,27.91,2.36,5.14,393.0,166.0,5.92,2.5,25.67,370.0,137.0,5.57,2.06,22.48,2609.0,351.0,39.27,5.28,8.17,1193.0,270.0,17.96,4.07,13.78,2077.0,323.0,31.27,4.86,9.45,15951.0,326.0,67.01,1.37,1.24,1976.0,333.0,12.39,2.09,10.25,1948.0,341.0,12.21,2.14,10.65,3588.0,445.0,22.49,2.79,7.54,4966.0,496.0,31.13,3.11,6.07,18042.0,598.0,75.79,2.51,2.01,479.0,155.0,2.65,0.86,19.73,23605.0,593.0,99.16,2.49,1.53,2483.0,423.0,10.52,1.79,10.34,5763.0,569.0,24.21,2.39,6.0,114.0,97.0,1.98,1.68,51.58,15045.0,552.0,63.2,2.32,2.23,1388.0,281.0,9.23,1.87,12.32,2802.0,331.0,11.77,1.39,7.18,981.0,232.0,35.01,8.27,14.36,23294.0,1595.0,97.85,6.7,4.16,20278.0,601.0,87.05,2.58,1.8,2711.0,573.0,11.64,2.46,12.85,304.0,196.0,1.31,0.84,38.98,23805.0,,100,,,14201.0,957.0,59.66,4.02,4.1,12988.0,931.0,54.56,3.91,4.36,1209.0,321.0,5.08,1.35,16.15,9604.0,1126.0,40.34,4.73,7.13,5054.0,589.0,52.62,6.13,7.08,4550.0,589.0,47.38,6.13,7.87,925.0,213.0,9.63,2.22,14.01,947.0,264.0,9.86,2.75,16.95,179.0,125.0,1.86,1.3,42.49,0.0,,0.0,,,7548.0,291.0,78.59,3.03,2.34,6.0,61.0,0.06,0.63,638.3,22174.0,1562.0,93.15,6.56,4.28,7286.0,756.0,32.86,3.41,6.31,6755.0,792.0,30.46,3.57,7.12,12690.0,800.0,57.23,3.61,3.83,18693.0,624.0,78.53,2.62,2.03,11691.0,628.0,62.54,3.36,3.27,10537.0,613.0,56.37,3.28,3.54,1153.0,293.0,6.17,1.57,15.47,0.0,,0.0,,,7002.0,628.0,37.46,3.36,5.45,,,9.86,2.45,15.45,10052.0,624.0,42.23,2.62,3.77,1990.0,331.0,19.8,3.29,10.1,374.0,168.0,3.72,1.67,27.29,5955.0,418.0,59.24,4.16,4.27,955.0,279.0,9.5,2.78,17.79,461.0,190.0,4.59,1.89,25.03,10545.0,607.0,44.3,2.55,3.5,0.0,,0.0,,,456.0,193.0,4.32,1.83,25.75,359.0,169.0,3.4,1.6,28.61,252.0,120.0,2.39,1.14,29.0,991.0,270.0,9.4,2.56,16.56,435.0,153.0,4.13,1.45,21.34,326.0,135.0,3.09,1.28,25.18,721.0,220.0,6.84,2.09,18.57,1237.0,352.0,11.73,3.34,17.31,3513.0,388.0,33.31,3.68,6.72,1380.0,325.0,13.09,3.08,14.3,667.0,212.0,6.33,2.01,19.3,209.0,103.0,1.98,0.98,30.09,1055.0,190.0,11.64,2.1,10.97,659.0,165.0,7.27,1.82,15.22,1475.0,299.0,16.28,3.3,12.32,885.0,189.0,9.77,2.09,13.0,1215.0,246.0,13.41,2.71,12.28,1778.0,275.0,19.62,3.04,9.42,747.0,171.0,8.25,1.89,13.93,796.0,196.0,8.79,2.16,14.94,330.0,147.0,3.64,1.62,27.06,120.0,82.0,1.32,0.91,41.91,6747.0,267.0,74.47,2.95,2.41,2306.0,256.0,25.45,2.83,6.76,1003.0,190.0,11.07,2.1,11.53,884.0,206.0,9.76,2.27,14.14,284.0,114.0,3.13,1.26,24.47,2763.0,295.0,30.5,3.26,6.5,20817.0,595.0,88.19,2.52,1.74,11109.0,911.0,47.06,3.86,4.99,11496.0,840.0,48.7,3.56,4.44,2788.0,595.0,11.81,2.52,12.97,11129.0,576.0,46.75,2.42,3.15,12676.0,576.0,53.25,2.42,2.76,1631.0,381.0,6.85,1.6,14.2,1778.0,288.0,7.47,1.21,9.85,1434.0,281.0,6.02,1.18,11.92,1420.0,333.0,5.97,1.4,14.26,1585.0,409.0,6.66,1.72,15.7,4618.0,533.0,19.4,2.24,7.02,3093.0,498.0,12.99,2.09,9.78,3094.0,433.0,13.0,1.82,8.51,1122.0,281.0,4.71,1.18,15.23,1060.0,257.0,4.45,1.08,14.75,1567.0,255.0,6.58,1.07,9.89,973.0,226.0,4.09,0.95,14.12,422.0,143.0,1.77,0.6,20.61,18042.0,512.0,75.79,2.15,1.72,2961.0,395.0,12.44,1.66,8.11,8125.0,819.0,34.13,3.44,6.13,4439.0,747.0,18.65,3.14,10.23,56.0,64.0,0.24,0.27,68.39,832.0,307.0,3.5,1.29,22.41,19.0,71.0,0.08,0.3,227.96,9217.0,1000.0,38.72,4.2,6.59,1115.0,355.0,4.68,1.49,19.35,14831.0,902.0,62.3,3.79,3.7,8974.0,902.0,37.7,3.79,6.11,4379.0,581.0,18.4,2.44,8.06,3331.0,664.0,13.99,2.79,12.12,0.0,,0.0,,,806.0,305.0,3.39,1.28,22.95,0.0,,0.0,,,255.0,355.0,1.07,1.49,84.65,216.0,119.0,0.91,0.5,33.4
94,Riverdale-Spuyten Duyvil,BX0803,Riverdale-Spuyten Duyvil,21902.0,,100,,,5426.0,379.0,24.77,1.73,4.25,10405.0,687.0,23.47,1.55,4.01,1317.0,266.0,12.66,2.56,12.29,355.0,120.0,3.41,1.15,20.5,2953.0,322.0,28.38,3.09,6.62,1312.0,242.0,12.61,2.33,11.23,4465.0,332.0,42.91,3.19,4.52,32336.0,891.0,72.95,2.01,1.68,1169.0,220.0,3.62,0.68,11.42,1244.0,233.0,3.85,0.72,11.37,4817.0,508.0,14.9,1.57,6.41,19147.0,653.0,59.21,2.02,2.07,36114.0,1037.0,81.47,2.34,1.75,1493.0,231.0,4.13,0.64,9.42,42365.0,514.0,95.57,1.16,0.74,4750.0,449.0,11.21,1.06,5.75,8194.0,563.0,18.49,1.27,4.18,310.0,134.0,3.78,1.63,26.21,25351.0,687.0,57.19,1.55,1.65,1623.0,254.0,6.4,1.0,9.5,8819.0,403.0,19.89,0.91,2.78,2818.0,287.0,31.95,3.26,6.2,43635.0,1374.0,98.44,3.1,1.91,38272.0,659.0,87.71,1.51,1.05,5026.0,641.0,11.52,1.47,7.76,334.0,183.0,0.77,0.42,33.16,44328.0,,100,,,34542.0,736.0,77.92,1.66,1.3,33374.0,754.0,75.29,1.7,1.37,1173.0,231.0,2.65,0.52,11.93,9786.0,718.0,22.08,1.62,4.46,6840.0,373.0,69.9,3.81,3.31,2946.0,373.0,30.1,3.81,7.69,3602.0,383.0,36.81,3.91,6.46,2153.0,364.0,22.0,3.72,10.28,226.0,118.0,2.31,1.21,31.84,26.0,101.0,0.27,1.03,231.9,3582.0,407.0,36.6,4.16,6.91,198.0,113.0,2.02,1.15,34.61,41066.0,1365.0,92.64,3.08,2.02,27546.0,932.0,67.08,2.27,2.06,3781.0,501.0,9.21,1.22,8.05,6608.0,678.0,16.09,1.65,6.23,36766.0,926.0,82.94,2.09,1.53,22147.0,640.0,60.24,1.74,1.76,20815.0,647.0,56.62,1.76,1.89,1339.0,298.0,3.64,0.81,13.53,0.0,,0.0,,,14618.0,640.0,39.76,1.74,2.66,,,6.05,1.33,13.53,20312.0,594.0,45.82,1.34,1.78,6839.0,481.0,33.67,2.37,4.28,1352.0,264.0,6.66,1.3,11.87,9095.0,500.0,44.78,2.46,3.34,1239.0,244.0,6.1,1.2,11.96,1367.0,238.0,6.73,1.17,10.57,20810.0,563.0,46.95,1.27,1.64,33.0,102.0,0.16,0.49,186.17,644.0,198.0,3.09,0.95,18.69,500.0,144.0,2.4,0.69,17.48,310.0,146.0,1.49,0.7,28.56,1071.0,231.0,5.15,1.11,13.1,480.0,152.0,2.31,0.73,19.21,903.0,204.0,4.34,0.98,13.73,2171.0,304.0,10.43,1.46,8.51,2931.0,310.0,14.08,1.49,6.43,7964.0,485.0,38.27,2.33,3.7,1809.0,298.0,8.69,1.43,10.0,950.0,212.0,4.57,1.02,13.57,1046.0,225.0,5.03,1.08,13.05,862.0,184.0,3.94,0.84,12.96,622.0,147.0,2.84,0.67,14.34,1232.0,217.0,5.63,0.99,10.69,1136.0,232.0,5.19,1.06,12.42,2007.0,318.0,9.16,1.45,9.62,3042.0,377.0,13.89,1.72,7.53,3602.0,381.0,16.45,1.74,6.43,4491.0,427.0,20.5,1.95,5.78,2020.0,324.0,9.22,1.48,9.76,2883.0,326.0,13.16,1.49,6.88,16689.0,392.0,76.2,1.79,1.43,7773.0,445.0,35.49,2.03,3.48,4818.0,421.0,22.0,1.92,5.31,695.0,166.0,3.17,0.76,14.57,262.0,166.0,1.2,0.76,38.5,1053.0,197.0,4.81,0.9,11.37,40892.0,297.0,96.52,0.7,0.44,34522.0,724.0,81.49,1.71,1.28,12267.0,767.0,28.96,1.81,3.8,1473.0,297.0,3.48,0.7,12.23,20830.0,536.0,46.99,1.21,1.57,23498.0,536.0,53.01,1.21,1.39,3261.0,421.0,7.36,0.95,7.85,2172.0,306.0,4.9,0.69,8.56,1783.0,301.0,4.02,0.68,10.28,2436.0,328.0,5.5,0.74,8.18,2354.0,337.0,5.31,0.76,8.7,5683.0,541.0,12.82,1.22,5.79,5477.0,488.0,12.36,1.1,5.41,5074.0,465.0,11.45,1.05,5.57,2665.0,359.0,6.01,0.81,8.19,2962.0,355.0,6.68,0.8,7.28,4754.0,448.0,10.72,1.01,5.73,3275.0,368.0,7.39,0.83,6.83,2460.0,324.0,5.55,0.73,8.0,36114.0,510.0,81.47,1.15,0.86,10479.0,576.0,23.64,1.3,3.34,31483.0,971.0,71.02,2.19,1.87,3659.0,603.0,8.25,1.36,10.02,55.0,111.0,0.12,0.25,126.65,2682.0,652.0,6.05,1.47,14.77,61.0,155.0,0.14,0.35,151.98,4667.0,758.0,10.53,1.71,9.87,1715.0,386.0,3.87,0.87,13.67,10084.0,864.0,22.75,1.95,5.21,34244.0,864.0,77.25,1.95,1.53,27665.0,966.0,62.41,2.18,2.12,2976.0,545.0,6.71,1.23,11.14,19.0,111.0,0.04,0.25,379.94,2664.0,652.0,6.01,1.47,14.87,61.0,155.0,0.14,0.35,151.98,105.0,115.0,0.24,0.26,65.86,746.0,213.0,1.68,0.48,17.37
95,Soundview-Bruckner-Bronx River,BX0901,Soundview-Bruckner-Bronx River,36361.0,,100,,,15025.0,1262.0,41.32,3.47,5.11,19527.0,1028.0,27.15,1.43,3.2,1220.0,281.0,6.25,1.44,14.01,1017.0,209.0,5.21,1.07,12.48,8872.0,562.0,45.43,2.88,3.85,4354.0,451.0,22.3,2.31,6.3,4066.0,408.0,20.82,2.09,6.1,45101.0,1172.0,62.71,1.63,1.58,8807.0,789.0,19.53,1.75,5.45,8131.0,663.0,18.03,1.47,4.96,12251.0,780.0,27.16,1.73,3.87,4697.0,519.0,10.41,1.15,6.72,52788.0,1481.0,73.4,2.06,1.71,1133.0,222.0,2.15,0.42,11.88,71661.0,101.0,99.65,0.14,0.09,10291.0,838.0,14.36,1.17,4.95,19106.0,1021.0,26.57,1.42,3.25,1101.0,281.0,5.76,1.47,15.51,45044.0,849.0,62.63,1.18,1.15,5806.0,613.0,12.89,1.36,6.41,7526.0,539.0,10.46,0.75,4.35,3379.0,300.0,44.9,3.99,5.4,70997.0,1805.0,98.72,2.51,1.55,64562.0,937.0,90.94,1.32,0.88,5772.0,887.0,8.13,1.25,9.35,665.0,270.0,0.94,0.38,24.57,71916.0,,100,,,45534.0,1316.0,63.32,1.83,1.76,38912.0,1237.0,54.11,1.72,1.93,6623.0,719.0,9.21,1.0,6.6,26382.0,1381.0,36.68,1.92,3.18,10068.0,802.0,38.16,3.04,4.84,16314.0,802.0,61.84,3.04,2.99,404.0,227.0,1.53,0.86,34.17,1373.0,456.0,5.2,1.73,20.22,2261.0,480.0,8.57,1.82,12.91,0.0,,0.0,,,22309.0,689.0,84.56,2.61,1.88,35.0,124.0,0.13,0.47,219.78,66485.0,1762.0,92.45,2.45,1.61,25592.0,1336.0,38.49,2.01,3.17,19199.0,1150.0,28.88,1.73,3.64,35781.0,1390.0,53.82,2.09,2.36,54815.0,1266.0,76.22,1.76,1.4,33027.0,943.0,60.25,1.72,1.74,28364.0,932.0,51.75,1.7,2.0,4657.0,554.0,8.5,1.01,7.22,9.0,115.0,0.02,0.21,638.3,21788.0,943.0,39.75,1.72,2.63,,,14.1,1.63,7.23,27399.0,1007.0,38.1,1.4,2.23,5550.0,534.0,20.26,1.95,5.85,1103.0,255.0,4.03,0.93,14.03,17717.0,690.0,64.66,2.52,2.37,1729.0,367.0,6.31,1.34,12.91,768.0,203.0,2.8,0.74,16.07,28352.0,992.0,39.42,1.38,2.13,0.0,,0.0,,,2529.0,425.0,8.92,1.5,10.22,868.0,230.0,3.06,0.81,16.09,627.0,198.0,2.21,0.7,19.25,3842.0,482.0,13.55,1.7,7.63,2155.0,391.0,7.6,1.38,11.04,326.0,184.0,1.15,0.65,34.36,1965.0,360.0,6.93,1.27,11.14,2432.0,388.0,8.58,1.37,9.71,7786.0,587.0,27.46,2.07,4.58,3265.0,508.0,11.52,1.79,9.45,1988.0,326.0,7.01,1.15,9.97,574.0,187.0,2.02,0.66,19.86,6897.0,1109.0,18.97,3.05,9.77,3022.0,575.0,8.31,1.58,11.56,6445.0,1218.0,17.73,3.35,11.49,4554.0,978.0,12.52,2.69,13.06,5258.0,1025.0,14.46,2.82,11.86,4945.0,884.0,13.6,2.43,10.86,2467.0,687.0,6.78,1.89,16.95,2203.0,615.0,6.06,1.69,16.95,473.0,207.0,1.3,0.57,26.65,101.0,196.0,0.28,0.54,117.24,25144.0,1284.0,69.15,3.53,3.1,8758.0,1185.0,24.09,3.26,8.23,3657.0,720.0,10.06,1.98,11.96,6631.0,1204.0,18.24,3.31,11.03,3463.0,934.0,9.52,2.57,16.41,15744.0,1378.0,43.3,3.79,5.32,60418.0,1068.0,84.31,1.49,1.07,29359.0,1526.0,40.97,2.13,3.16,41284.0,1455.0,57.61,2.03,2.14,11243.0,1068.0,15.69,1.49,5.77,34559.0,856.0,48.05,1.19,1.51,37357.0,856.0,51.95,1.19,1.39,5431.0,583.0,7.55,0.81,6.52,5644.0,511.0,7.85,0.71,5.5,5036.0,511.0,7.0,0.71,6.17,4896.0,539.0,6.81,0.75,6.69,5800.0,568.0,8.06,0.79,5.96,11665.0,834.0,16.22,1.16,4.35,9394.0,662.0,13.06,0.92,4.28,9689.0,683.0,13.47,0.95,4.29,3602.0,460.0,5.01,0.64,7.77,3035.0,424.0,4.22,0.59,8.5,4488.0,482.0,6.24,0.67,6.53,2497.0,396.0,3.47,0.55,9.64,721.0,151.0,1.0,0.21,12.77,52800.0,877.0,73.42,1.22,1.01,7691.0,618.0,10.69,0.86,4.89,11482.0,1294.0,15.97,1.8,6.85,24209.0,1424.0,33.66,1.98,3.58,583.0,245.0,0.81,0.34,25.52,2537.0,604.0,3.53,0.84,14.47,0.0,,0.0,,,29375.0,1748.0,40.85,2.43,3.62,3713.0,770.0,5.16,1.07,12.61,45250.0,1510.0,62.92,2.1,2.03,26666.0,1510.0,37.08,2.1,3.44,1644.0,453.0,2.29,0.63,16.72,20361.0,1266.0,28.31,1.76,3.78,238.0,201.0,0.33,0.28,51.58,2408.0,597.0,3.35,0.83,15.06,0.0,,0.0,,,1056.0,460.0,1.47,0.64,26.47,954.0,396.0,1.33,0.55,25.14
96,Soundview-Clason Point,BX0902,Soundview-Clason Point,12651.0,,100,,,5112.0,430.0,40.41,3.4,5.11,11009.0,957.0,29.34,2.55,5.28,624.0,192.0,5.67,1.74,18.66,428.0,155.0,3.89,1.41,22.03,4359.0,386.0,39.6,3.51,5.39,2642.0,359.0,24.0,3.26,8.26,2953.0,438.0,26.82,3.98,9.02,23565.0,1006.0,62.81,2.68,2.6,2683.0,391.0,11.39,1.66,8.86,3597.0,478.0,15.26,2.03,8.09,7303.0,587.0,30.99,2.49,4.88,3396.0,412.0,14.41,1.75,7.38,28098.0,1276.0,74.89,3.4,2.76,1291.0,292.0,4.59,1.04,13.77,37283.0,795.0,99.37,2.12,1.3,6225.0,671.0,16.7,1.8,6.55,9421.0,870.0,25.11,2.32,5.61,634.0,266.0,6.73,2.82,25.47,23447.0,979.0,62.49,2.61,2.54,3570.0,481.0,15.23,2.05,8.18,4424.0,356.0,11.79,0.95,4.89,2024.0,257.0,45.75,5.81,7.72,37103.0,1212.0,98.89,3.23,1.99,35322.0,549.0,95.2,1.48,0.95,1661.0,542.0,4.48,1.46,19.81,126.0,134.0,0.34,0.36,64.37,37519.0,,100,,,28239.0,968.0,75.27,2.58,2.08,24246.0,1058.0,64.62,2.82,2.65,3987.0,608.0,10.63,1.62,9.26,9280.0,957.0,24.73,2.55,6.27,5143.0,509.0,55.42,5.48,6.01,4136.0,509.0,44.57,5.48,7.47,52.0,67.0,0.56,0.72,78.16,280.0,189.0,3.02,2.04,41.06,1275.0,450.0,13.74,4.85,21.46,0.0,,0.0,,,7648.0,472.0,82.42,5.09,3.75,27.0,76.0,0.29,0.82,171.89,35041.0,1951.0,93.4,5.2,3.38,16301.0,1111.0,46.52,3.17,4.14,7511.0,894.0,21.44,2.55,7.23,17002.0,1111.0,48.52,3.17,3.97,29081.0,1336.0,77.51,3.56,2.79,14839.0,776.0,51.03,2.67,3.18,12888.0,712.0,44.32,2.45,3.36,1946.0,419.0,6.69,1.44,13.08,0.0,,0.0,,,14242.0,776.0,48.97,2.67,3.31,,,13.11,2.74,13.09,12647.0,563.0,33.71,1.5,2.71,4247.0,411.0,33.58,3.25,5.88,809.0,206.0,6.4,1.63,15.48,6559.0,453.0,51.86,3.58,4.2,803.0,247.0,6.35,1.95,18.67,143.0,111.0,1.13,0.88,47.34,12899.0,555.0,34.38,1.48,2.62,0.0,,0.0,,,498.0,178.0,3.86,1.38,21.73,326.0,163.0,2.53,1.26,30.27,170.0,107.0,1.32,0.83,38.22,1114.0,273.0,8.64,2.12,14.92,1560.0,285.0,12.09,2.21,11.11,302.0,146.0,2.34,1.13,29.36,877.0,253.0,6.8,1.96,17.52,1054.0,239.0,8.17,1.85,13.77,4925.0,445.0,38.18,3.45,5.49,823.0,230.0,6.38,1.78,16.96,596.0,195.0,4.62,1.51,19.87,658.0,187.0,5.1,1.45,17.28,2155.0,345.0,17.03,2.73,9.75,1393.0,316.0,11.01,2.5,13.8,1682.0,302.0,13.3,2.39,10.92,1341.0,273.0,10.6,2.16,12.39,1456.0,272.0,11.51,2.15,11.36,1903.0,286.0,15.04,2.26,9.13,896.0,192.0,7.08,1.52,13.05,1304.0,230.0,10.31,1.82,10.73,316.0,118.0,2.5,0.93,22.61,209.0,85.0,1.65,0.67,24.68,9023.0,388.0,71.32,3.07,2.62,3782.0,329.0,29.89,2.6,5.29,1650.0,258.0,13.04,2.04,9.51,1900.0,323.0,15.02,2.55,10.32,1042.0,254.0,8.24,2.01,14.83,5177.0,449.0,40.92,3.55,5.27,34103.0,570.0,91.47,1.53,1.02,18552.0,1033.0,49.76,2.77,3.38,20938.0,1085.0,56.16,2.91,3.15,3180.0,570.0,8.53,1.53,10.9,16595.0,660.0,44.23,1.76,2.42,20924.0,660.0,55.77,1.76,1.92,2478.0,398.0,6.6,1.06,9.76,2127.0,353.0,5.67,0.94,10.08,3171.0,416.0,8.45,1.11,7.99,2881.0,413.0,7.68,1.1,8.71,3297.0,510.0,8.79,1.36,9.41,4688.0,503.0,12.5,1.34,6.52,4520.0,522.0,12.05,1.39,7.01,5103.0,518.0,13.6,1.38,6.17,2505.0,398.0,6.68,1.06,9.65,2144.0,345.0,5.71,0.92,9.79,2702.0,349.0,7.2,0.93,7.85,1440.0,248.0,3.84,0.66,10.45,474.0,154.0,1.26,0.41,19.78,28098.0,720.0,74.89,1.92,1.56,4606.0,428.0,12.28,1.14,5.64,14071.0,1373.0,37.5,3.66,5.93,15081.0,1324.0,40.2,3.53,5.34,261.0,206.0,0.7,0.55,47.76,657.0,334.0,1.75,0.89,30.92,0.0,,0.0,,,6575.0,1111.0,17.52,2.96,10.27,872.0,323.0,2.32,0.86,22.53,23052.0,1227.0,61.44,3.27,3.24,14466.0,1227.0,38.56,3.27,5.16,1047.0,398.0,2.79,1.06,23.1,12520.0,1234.0,33.37,3.29,5.99,26.0,79.0,0.07,0.21,182.37,532.0,293.0,1.42,0.78,33.39,0.0,,0.0,,,254.0,195.0,0.68,0.52,46.49,90.0,83.0,0.24,0.22,55.72
97,Castle Hill-Unionport,BX0903,Castle Hill-Unionport,13060.0,,100,,,4992.0,374.0,38.22,2.86,4.55,10129.0,733.0,26.25,1.9,4.4,626.0,176.0,6.18,1.74,17.12,644.0,188.0,6.36,1.86,17.78,3750.0,361.0,37.02,3.56,5.85,2561.0,323.0,25.28,3.19,7.67,2549.0,341.0,25.17,3.37,8.14,24568.0,810.0,63.68,2.1,2.0,3581.0,469.0,14.58,1.91,7.96,3114.0,391.0,12.68,1.59,7.62,7052.0,509.0,28.7,2.07,4.38,4552.0,430.0,18.53,1.75,5.74,29139.0,999.0,75.52,2.59,2.08,737.0,175.0,2.53,0.6,14.42,38555.0,85.0,99.93,0.22,0.13,5283.0,563.0,13.7,1.46,6.48,9443.0,791.0,24.48,2.05,5.09,442.0,164.0,4.68,1.74,22.6,24291.0,752.0,62.96,1.95,1.88,2925.0,389.0,12.04,1.6,8.08,4813.0,332.0,12.47,0.86,4.19,1909.0,236.0,39.67,4.91,7.52,37996.0,752.0,98.48,1.95,1.2,34661.0,699.0,91.22,1.84,1.23,2948.0,661.0,7.76,1.74,13.63,389.0,201.0,1.02,0.53,31.59,38582.0,,100,,,26491.0,938.0,68.66,2.43,2.15,22359.0,918.0,57.95,2.38,2.5,4129.0,498.0,10.7,1.29,7.33,12091.0,965.0,31.34,2.5,4.85,6350.0,582.0,52.52,4.81,5.57,5741.0,582.0,47.48,4.81,6.16,114.0,88.0,0.94,0.73,47.21,2876.0,491.0,23.79,4.06,10.37,662.0,287.0,5.48,2.37,26.29,0.0,,0.0,,,8400.0,532.0,69.47,4.4,3.85,39.0,104.0,0.32,0.86,163.37,35723.0,1698.0,92.59,4.4,2.89,13037.0,922.0,36.49,2.58,4.3,9475.0,832.0,26.52,2.33,5.34,18336.0,1007.0,51.33,2.82,3.34,30313.0,899.0,78.57,2.33,1.8,17623.0,634.0,58.14,2.09,2.19,15531.0,615.0,51.24,2.03,2.41,2088.0,346.0,6.89,1.14,10.06,0.0,,0.0,,,12689.0,634.0,41.86,2.09,3.04,,,11.85,1.92,10.07,15184.0,613.0,39.36,1.59,2.45,4268.0,398.0,28.11,2.62,5.67,865.0,225.0,5.7,1.48,15.78,8991.0,454.0,59.21,2.99,3.07,703.0,208.0,4.63,1.37,17.99,191.0,123.0,1.26,0.81,39.08,15525.0,617.0,40.24,1.6,2.42,0.0,,0.0,,,743.0,239.0,4.79,1.54,19.54,458.0,141.0,2.95,0.91,18.75,396.0,182.0,2.55,1.17,27.89,2116.0,335.0,13.63,2.16,9.63,1270.0,245.0,8.18,1.58,11.74,311.0,143.0,2.0,0.92,27.96,895.0,208.0,5.76,1.34,14.14,1534.0,287.0,9.88,1.85,11.38,4192.0,396.0,27.0,2.55,5.74,1974.0,354.0,12.71,2.28,10.9,1024.0,233.0,6.6,1.5,13.82,622.0,168.0,4.01,1.08,16.37,1825.0,269.0,13.97,2.06,8.96,1098.0,238.0,8.41,1.82,13.16,1678.0,270.0,12.85,2.07,9.79,1480.0,257.0,11.33,1.97,10.57,1583.0,249.0,12.12,1.91,9.58,1982.0,273.0,15.18,2.09,8.37,1472.0,242.0,11.27,1.85,9.98,1165.0,212.0,8.92,1.62,11.04,499.0,137.0,3.82,1.05,16.71,280.0,111.0,2.14,0.85,24.15,9666.0,329.0,74.01,2.52,2.07,3913.0,326.0,29.96,2.5,5.07,2008.0,253.0,15.38,1.94,7.67,1610.0,263.0,12.33,2.01,9.91,979.0,212.0,7.5,1.62,13.13,4397.0,375.0,33.67,2.87,5.18,34030.0,605.0,88.26,1.57,1.08,19359.0,1172.0,50.21,3.04,3.68,19596.0,1060.0,50.83,2.75,3.29,4526.0,605.0,11.74,1.57,8.13,17877.0,513.0,46.34,1.33,1.74,20705.0,513.0,53.66,1.33,1.51,2859.0,409.0,7.41,1.06,8.7,2558.0,320.0,6.63,0.83,7.61,2308.0,324.0,5.98,0.84,8.54,2719.0,378.0,7.05,0.98,8.45,3585.0,421.0,9.29,1.09,7.13,6014.0,579.0,15.59,1.5,5.85,4520.0,440.0,11.72,1.14,5.91,5183.0,455.0,13.43,1.18,5.34,2072.0,293.0,5.37,0.76,8.6,1959.0,286.0,5.08,0.74,8.86,2599.0,347.0,6.74,0.9,8.12,1481.0,262.0,3.84,0.68,10.76,752.0,189.0,1.95,0.49,15.28,29139.0,671.0,75.52,1.74,1.4,4818.0,409.0,12.49,1.06,5.16,11615.0,1069.0,30.1,2.77,5.59,9620.0,1080.0,24.93,2.8,6.83,89.0,143.0,0.23,0.37,97.79,3638.0,633.0,9.43,1.64,10.57,0.0,,0.0,,,11851.0,1181.0,30.72,3.06,6.06,1773.0,482.0,4.6,1.25,16.52,24691.0,1092.0,64.0,2.83,2.69,13891.0,1092.0,36.0,2.83,4.78,1242.0,359.0,3.22,0.93,17.56,7651.0,1003.0,19.83,2.6,7.97,0.0,,0.0,,,3628.0,629.0,9.4,1.63,10.54,0.0,,0.0,,,612.0,278.0,1.59,0.72,27.53,743.0,370.0,1.93,0.96,30.24
98,Parkchester,BX0904,Parkchester,13789.0,,100,,,4008.0,404.0,29.07,2.93,6.13,7236.0,654.0,23.47,2.12,5.49,240.0,115.0,3.32,1.59,29.11,380.0,152.0,5.25,2.1,24.32,2757.0,319.0,38.1,4.41,7.04,1267.0,306.0,17.51,4.23,14.69,2590.0,343.0,35.79,4.74,8.05,21743.0,1359.0,70.53,4.41,3.8,1897.0,363.0,8.72,1.67,11.64,2309.0,394.0,10.62,1.81,10.36,5747.0,618.0,26.43,2.84,6.53,5593.0,639.0,25.72,2.94,6.95,24360.0,1489.0,79.02,4.83,3.72,824.0,300.0,3.38,1.23,22.12,30738.0,157.0,99.71,0.51,0.31,3536.0,526.0,11.5,1.71,9.04,6378.0,666.0,20.69,2.16,6.35,70.0,91.0,1.1,1.43,79.03,20778.0,478.0,67.4,1.55,1.4,2338.0,434.0,11.25,2.09,11.29,3577.0,410.0,11.6,1.33,6.97,1132.0,204.0,31.65,5.69,10.93,30563.0,247.0,99.15,0.8,0.49,27545.0,807.0,90.13,2.64,1.78,2641.0,755.0,8.64,2.47,17.38,374.0,241.0,1.22,0.79,39.36,30826.0,,100,,,21530.0,900.0,69.84,2.92,2.54,18432.0,940.0,59.79,3.05,3.1,3107.0,552.0,10.08,1.79,10.8,9296.0,928.0,30.16,3.01,6.07,5117.0,482.0,55.04,5.19,5.73,4179.0,482.0,44.95,5.19,7.02,136.0,97.0,1.46,1.04,43.3,2996.0,536.0,32.23,5.77,10.88,1314.0,431.0,14.14,4.64,19.95,0.0,,0.0,,,4848.0,574.0,52.15,6.18,7.2,0.0,,0.0,,,28784.0,1477.0,93.38,4.79,3.12,15001.0,999.0,52.12,3.47,4.05,5452.0,708.0,18.94,2.46,7.9,7920.0,812.0,27.52,2.82,6.23,24964.0,1520.0,80.98,4.93,3.7,17815.0,544.0,71.36,2.18,1.86,15591.0,609.0,62.45,2.44,2.38,2139.0,402.0,8.57,1.61,11.42,87.0,137.0,0.35,0.55,95.53,7150.0,544.0,28.64,2.18,4.63,,,12.01,2.23,11.42,15251.0,478.0,49.47,1.55,1.91,2686.0,424.0,17.61,2.78,9.6,650.0,229.0,4.26,1.5,21.41,10483.0,532.0,68.74,3.49,3.09,831.0,249.0,5.45,1.63,18.18,234.0,130.0,1.53,0.85,33.77,15592.0,462.0,50.58,1.5,1.8,0.0,,0.0,,,774.0,256.0,4.96,1.64,20.1,645.0,235.0,4.14,1.51,22.17,211.0,126.0,1.35,0.81,36.47,1329.0,313.0,8.52,2.01,14.34,1128.0,331.0,7.23,2.12,17.83,450.0,178.0,2.89,1.14,23.98,1171.0,351.0,7.51,2.25,18.21,1677.0,387.0,10.76,2.48,14.01,4928.0,491.0,31.61,3.15,6.06,1995.0,398.0,12.79,2.55,12.12,510.0,209.0,3.27,1.34,24.91,780.0,242.0,5.0,1.55,18.84,1200.0,259.0,8.7,1.88,13.14,670.0,200.0,4.86,1.45,18.14,1336.0,266.0,9.69,1.93,12.11,1492.0,316.0,10.82,2.29,12.87,2104.0,356.0,15.26,2.58,10.28,3144.0,416.0,22.8,3.02,8.05,1870.0,363.0,13.56,2.63,11.79,1608.0,332.0,11.66,2.41,12.56,280.0,153.0,2.03,1.11,33.24,89.0,114.0,0.65,0.83,77.62,10837.0,334.0,78.59,2.42,1.87,3333.0,339.0,24.17,2.46,6.19,1898.0,306.0,13.76,2.22,9.81,1091.0,268.0,7.91,1.94,14.91,560.0,188.0,4.06,1.36,20.36,3126.0,412.0,22.67,2.99,8.02,28014.0,498.0,91.14,1.62,1.08,17569.0,1085.0,57.16,3.53,3.75,13662.0,993.0,44.45,3.23,4.42,2724.0,498.0,8.86,1.62,11.12,14530.0,552.0,47.14,1.79,2.31,16296.0,552.0,52.86,1.79,2.06,2042.0,373.0,6.62,1.21,11.11,2148.0,342.0,6.97,1.11,9.68,1434.0,287.0,4.65,0.93,12.16,1321.0,281.0,4.29,0.91,12.89,2125.0,367.0,6.89,1.19,10.5,5197.0,629.0,16.86,2.04,7.36,4335.0,552.0,14.06,1.79,7.74,4477.0,530.0,14.52,1.72,7.2,2349.0,379.0,7.62,1.23,9.81,1806.0,351.0,5.86,1.14,11.83,2273.0,370.0,7.37,1.2,9.9,1067.0,244.0,3.46,0.79,13.88,236.0,114.0,0.77,0.37,29.21,24448.0,570.0,79.31,1.85,1.42,3577.0,465.0,11.6,1.51,7.91,3947.0,694.0,12.8,2.25,10.69,13612.0,1008.0,44.16,3.27,4.5,204.0,142.0,0.66,0.46,42.37,4801.0,894.0,15.57,2.9,11.32,0.0,,0.0,,,6683.0,1048.0,21.68,3.4,9.53,1581.0,512.0,5.13,1.66,19.67,11740.0,937.0,38.08,3.04,4.85,19086.0,937.0,61.92,3.04,2.98,617.0,179.0,2.0,0.58,17.63,12705.0,968.0,41.22,3.14,4.63,83.0,108.0,0.27,0.35,78.8,4784.0,894.0,15.52,2.9,11.36,0.0,,0.0,,,247.0,136.0,0.8,0.44,33.43,655.0,339.0,2.12,1.1,31.54
99,Soundview Park,BX0991,Soundview Park,1.0,,100,,,1.0,0.0,133.33,55.9,25.49,63.0,8.0,68.29,8.79,7.72,0.0,,0.0,,,0.0,,0.0,,,19.0,2.0,30.16,3.2,6.45,0.0,,0.0,,,44.0,2.0,69.83,3.2,2.79,74.0,9.0,80.22,10.25,7.39,0.0,,0.0,,,0.0,,0.0,,,0.0,,0.0,,,49.0,2.0,66.65,2.9,2.65,74.0,9.0,80.22,10.25,7.39,0.0,,0.0,,,92.0,0.0,99.73,0.0,0.0,0.0,,0.0,,,19.0,37.0,20.6,40.57,118.38,0.0,,0.0,,,74.0,9.0,80.22,10.25,7.39,0.0,,0.0,,,0.0,,0.0,,,0.0,,,,,92.0,0.0,99.73,0.0,0.0,92.0,20.0,99.73,21.4,13.04,0.0,,0.0,,,0.0,,0.0,,,92.0,,100,,,44.0,2.0,47.7,2.7,3.44,44.0,2.0,47.7,2.7,3.44,0.0,,0.0,,,49.0,7.0,53.12,7.99,8.68,0.0,,0.0,,,49.0,17.0,100.6,34.9,21.09,0.0,,0.0,,,0.0,,0.0,,,49.0,17.0,100.6,34.9,21.09,0.0,,0.0,,,0.0,,0.0,,,0.0,,0.0,,,92.0,0.0,99.73,0.0,0.0,92.0,20.0,99.73,21.4,13.04,0.0,,0.0,,,0.0,,0.0,,,74.0,9.0,80.22,10.25,7.39,74.0,19.0,100.65,25.9,15.64,74.0,19.0,100.65,25.9,15.64,0.0,,0.0,,,0.0,,0.0,,,0.0,,0.0,,,,,0.0,,,74.0,9.0,80.22,10.25,7.39,0.0,,0.0,,,0.0,,0.0,,,74.0,19.0,100.65,25.9,15.64,0.0,,0.0,,,0.0,,0.0,,,74.0,9.0,80.22,10.25,7.39,0.0,,0.0,,,0.0,,0.0,,,0.0,,0.0,,,0.0,,0.0,,,0.0,,0.0,,,0.0,,0.0,,,0.0,,0.0,,,19.0,2.0,25.84,3.0,7.06,0.0,,0.0,,,29.0,2.0,39.44,3.4,5.24,25.0,2.0,34.0,2.9,5.19,0.0,,0.0,,,0.0,,0.0,,,0.0,,0.0,,,0.0,,0.0,,,0.0,,0.0,,,0.0,,0.0,,,0.0,,0.0,,,0.0,,0.0,,,0.0,,0.0,,,0.0,,0.0,,,0.0,,0.0,,,1.0,0.0,133.33,55.9,25.49,1.0,0.0,133.33,55.9,25.49,0.0,,0.0,,,0.0,,0.0,,,0.0,,0.0,,,0.0,,0.0,,,0.0,,0.0,,,73.0,2.0,79.13,2.5,1.92,29.0,2.0,31.44,2.7,5.22,44.0,2.0,47.7,2.7,3.44,19.0,2.0,20.6,2.5,7.38,68.0,2.0,73.71,2.4,1.98,25.0,2.0,27.1,2.4,5.38,0.0,,0.0,,,19.0,2.0,20.6,2.2,6.49,0.0,,0.0,,,0.0,,0.0,,,0.0,,0.0,,,74.0,2.0,80.22,2.2,1.67,0.0,,0.0,,,0.0,,0.0,,,0.0,,0.0,,,0.0,,0.0,,,0.0,,0.0,,,0.0,,0.0,,,0.0,,0.0,,,74.0,2.0,80.22,2.2,1.67,0.0,,0.0,,,44.0,2.0,47.7,2.7,3.44,49.0,2.0,53.12,2.7,3.09,0.0,,0.0,,,0.0,,0.0,,,0.0,,0.0,,,0.0,,0.0,,,0.0,,0.0,,,0.0,,0.0,,,92.0,20.0,99.73,21.4,13.04,44.0,2.0,47.7,2.7,3.44,49.0,2.0,53.12,2.7,3.09,0.0,,0.0,,,0.0,,0.0,,,0.0,,0.0,,,0.0,,0.0,,,0.0,,0.0,,
100,Westchester Square,BX1001,Westchester Square,5177.0,,100,,,2084.0,221.0,40.25,4.26,6.43,4189.0,386.0,27.25,2.51,5.6,246.0,99.0,5.87,2.37,24.54,164.0,83.0,3.92,1.99,30.86,1554.0,191.0,37.1,4.56,7.47,1086.0,173.0,25.93,4.13,9.68,1138.0,180.0,27.17,4.29,9.6,9908.0,430.0,64.45,2.8,2.64,1393.0,233.0,14.06,2.35,10.16,1343.0,249.0,13.55,2.51,11.26,3009.0,280.0,30.37,2.83,5.66,1710.0,247.0,17.26,2.49,8.77,11549.0,842.0,75.13,5.48,4.43,306.0,106.0,2.65,0.92,21.1,15169.0,335.0,98.68,2.18,1.34,1966.0,278.0,12.96,1.83,8.58,3823.0,390.0,24.87,2.54,6.2,237.0,85.0,6.2,2.23,21.86,9983.0,249.0,64.94,1.62,1.52,1072.0,212.0,10.74,2.12,12.0,1361.0,172.0,8.85,1.12,7.68,658.0,104.0,48.34,7.65,9.62,15059.0,852.0,97.96,5.54,3.44,12629.0,551.0,83.86,3.66,2.65,2047.0,514.0,13.59,3.41,15.25,377.0,217.0,2.5,1.44,35.02,15372.0,,100,,,9744.0,475.0,63.39,3.09,2.96,8350.0,466.0,54.32,3.03,3.39,1396.0,277.0,9.08,1.8,12.05,5628.0,455.0,36.61,2.96,4.91,2928.0,292.0,52.03,5.18,6.05,2700.0,292.0,47.98,5.18,6.56,138.0,89.0,2.45,1.58,39.2,2163.0,317.0,38.43,5.63,8.91,180.0,155.0,3.2,2.75,52.24,6.0,60.0,0.11,1.07,591.32,3139.0,324.0,55.78,5.75,6.27,0.0,,0.0,,,14226.0,795.0,92.54,5.17,3.4,4088.0,504.0,28.74,3.54,7.49,3971.0,383.0,27.91,2.69,5.86,6876.0,524.0,48.33,3.68,4.63,12069.0,678.0,78.51,4.41,3.42,7817.0,367.0,64.77,3.04,2.85,6545.0,354.0,54.23,2.93,3.28,1274.0,251.0,10.56,2.08,11.97,0.0,,0.0,,,4252.0,367.0,35.23,3.04,5.25,,,16.3,3.12,11.98,6311.0,374.0,41.06,2.43,3.6,1178.0,192.0,18.67,3.04,9.9,388.0,125.0,6.15,1.98,19.57,3917.0,259.0,62.07,4.1,4.02,483.0,150.0,7.65,2.38,18.91,198.0,93.0,3.14,1.48,28.65,6541.0,361.0,42.55,2.35,3.36,0.0,,0.0,,,355.0,115.0,5.43,1.76,19.7,182.0,101.0,2.78,1.55,33.89,166.0,94.0,2.54,1.43,34.22,920.0,196.0,14.07,2.99,12.92,537.0,152.0,8.21,2.32,17.18,181.0,80.0,2.77,1.22,26.77,526.0,140.0,8.04,2.14,16.18,414.0,121.0,6.33,1.85,17.77,1707.0,208.0,26.1,3.18,7.41,1046.0,173.0,15.99,2.64,10.04,249.0,98.0,3.81,1.5,23.93,254.0,84.0,3.88,1.28,20.05,506.0,123.0,9.77,2.37,14.75,447.0,115.0,8.63,2.22,15.64,663.0,148.0,12.81,2.86,13.57,605.0,139.0,11.69,2.68,13.94,674.0,146.0,13.02,2.82,13.17,887.0,169.0,17.13,3.27,11.6,621.0,143.0,12.0,2.76,13.98,529.0,130.0,10.22,2.52,14.99,120.0,55.0,2.32,1.07,28.04,126.0,69.0,2.43,1.34,33.52,4121.0,150.0,79.6,2.89,2.21,1014.0,141.0,19.59,2.73,8.47,571.0,119.0,11.03,2.3,12.68,418.0,105.0,8.07,2.02,15.22,338.0,109.0,6.53,2.11,19.64,1402.0,177.0,27.08,3.42,7.68,13164.0,355.0,86.78,2.34,1.64,7420.0,619.0,48.91,4.08,5.07,7183.0,557.0,47.35,3.67,4.71,2005.0,355.0,13.22,2.34,10.76,7443.0,321.0,48.42,2.09,2.62,7929.0,321.0,51.58,2.09,2.46,1146.0,221.0,7.46,1.44,11.73,845.0,149.0,5.5,0.97,10.72,1111.0,161.0,7.23,1.05,8.83,1002.0,174.0,6.52,1.13,10.54,1361.0,218.0,8.85,1.42,9.75,2537.0,326.0,16.5,2.12,7.81,2168.0,260.0,14.1,1.69,7.29,1896.0,244.0,12.33,1.59,7.84,949.0,204.0,6.17,1.33,13.1,827.0,164.0,5.38,1.07,12.09,787.0,160.0,5.12,1.04,12.35,505.0,121.0,3.29,0.79,14.6,243.0,94.0,1.58,0.61,23.47,11549.0,332.0,75.13,2.16,1.75,1530.0,215.0,9.95,1.4,8.55,2796.0,466.0,18.19,3.03,10.13,2129.0,457.0,13.85,2.97,13.04,63.0,81.0,0.41,0.53,78.58,3480.0,501.0,22.64,3.26,8.75,0.0,,0.0,,,5979.0,683.0,38.9,4.44,6.94,923.0,323.0,6.0,2.1,21.28,8891.0,553.0,57.84,3.6,3.78,6481.0,553.0,42.16,3.6,5.19,778.0,228.0,5.06,1.48,17.78,1519.0,350.0,9.88,2.28,14.03,0.0,,0.0,,,3480.0,501.0,22.64,3.26,8.75,0.0,,0.0,,,214.0,125.0,1.39,0.81,35.42,493.0,264.0,3.21,1.72,32.57
101,Throgs Neck-Schuylerville,BX1002,Throgs Neck-Schuylerville,17047.0,,100,,,5562.0,401.0,32.63,2.35,4.38,12781.0,842.0,26.86,1.77,4.0,698.0,192.0,5.46,1.5,16.7,778.0,225.0,6.09,1.76,17.57,4205.0,349.0,32.9,2.73,5.04,2196.0,316.0,17.18,2.47,8.74,4901.0,385.0,38.34,3.01,4.77,32412.0,1180.0,68.12,2.48,2.21,2515.0,392.0,7.76,1.21,9.48,3057.0,402.0,9.43,1.24,7.99,10042.0,664.0,30.98,2.05,4.02,8129.0,613.0,25.08,1.89,4.58,37774.0,1156.0,79.39,2.43,1.86,1687.0,261.0,4.47,0.69,9.38,47326.0,67.0,99.47,0.14,0.09,5969.0,554.0,12.61,1.17,5.64,9806.0,766.0,20.61,1.61,4.75,341.0,138.0,3.48,1.41,24.63,30340.0,914.0,63.77,1.92,1.83,2658.0,370.0,8.76,1.22,8.47,7181.0,514.0,15.09,1.08,4.35,2972.0,266.0,41.39,3.71,5.45,47189.0,1561.0,99.18,3.28,2.01,43016.0,703.0,91.16,1.49,0.99,3786.0,694.0,8.02,1.47,11.14,390.0,255.0,0.83,0.54,39.55,47580.0,,100,,,39295.0,833.0,82.59,1.75,1.29,35472.0,928.0,74.55,1.95,1.59,3814.0,533.0,8.02,1.12,8.49,8285.0,847.0,17.41,1.78,6.21,5065.0,430.0,61.13,5.19,5.16,3220.0,430.0,38.86,5.19,8.12,2187.0,336.0,26.4,4.06,9.35,1198.0,332.0,14.46,4.01,16.86,547.0,240.0,6.6,2.9,26.71,42.0,104.0,0.51,1.25,149.0,4274.0,460.0,51.59,5.55,6.54,38.0,102.0,0.46,1.23,162.55,44750.0,1385.0,94.05,2.91,1.88,24767.0,1199.0,55.34,2.68,2.94,5751.0,680.0,12.85,1.52,7.19,14120.0,1070.0,31.55,2.39,4.61,38847.0,1232.0,81.65,2.59,1.93,23881.0,719.0,61.47,1.85,1.83,21895.0,699.0,56.36,1.8,1.94,1979.0,326.0,5.09,0.84,10.03,0.0,,0.0,,,14966.0,719.0,38.53,1.85,2.92,,,8.29,1.34,10.01,21326.0,628.0,44.82,1.32,1.79,10072.0,548.0,47.23,2.57,3.31,1986.0,316.0,9.31,1.48,9.66,7246.0,518.0,33.98,2.43,4.35,1190.0,273.0,5.58,1.28,13.94,549.0,162.0,2.57,0.76,17.98,21881.0,642.0,45.99,1.35,1.78,9.0,112.0,0.04,0.51,775.08,1373.0,258.0,6.27,1.18,11.44,817.0,214.0,3.73,0.98,15.97,365.0,142.0,1.67,0.65,23.66,2095.0,326.0,9.57,1.49,9.46,1505.0,291.0,6.88,1.33,11.75,408.0,129.0,1.86,0.59,19.28,1878.0,389.0,8.58,1.78,12.61,1850.0,337.0,8.45,1.54,11.08,6880.0,560.0,31.44,2.56,4.95,2538.0,381.0,11.6,1.74,9.12,841.0,206.0,3.84,0.94,14.88,1316.0,236.0,6.01,1.08,10.92,1427.0,268.0,8.37,1.57,11.4,1036.0,234.0,6.08,1.37,13.7,1523.0,254.0,8.93,1.49,10.14,1045.0,220.0,6.13,1.29,12.79,1741.0,288.0,10.21,1.69,10.06,2565.0,329.0,15.05,1.93,7.8,2337.0,331.0,13.71,1.94,8.6,3281.0,358.0,19.25,2.1,6.63,1087.0,213.0,6.38,1.25,11.91,1016.0,220.0,5.96,1.29,13.16,12841.0,331.0,75.33,1.94,1.57,5490.0,373.0,32.21,2.19,4.13,3346.0,329.0,19.63,1.93,5.98,1140.0,232.0,6.69,1.36,12.36,537.0,186.0,3.15,1.09,21.04,2705.0,344.0,15.87,2.02,7.74,43427.0,634.0,91.76,1.34,0.89,31866.0,1098.0,67.33,2.32,2.09,17445.0,1022.0,36.86,2.16,3.56,3899.0,634.0,8.24,1.34,9.89,23185.0,614.0,48.73,1.29,1.61,24395.0,614.0,51.27,1.29,1.53,2830.0,442.0,5.95,0.93,9.5,2803.0,376.0,5.89,0.79,8.15,2612.0,347.0,5.49,0.73,8.08,3166.0,376.0,6.65,0.79,7.22,3766.0,481.0,7.92,1.01,7.75,5957.0,619.0,12.52,1.3,6.31,6452.0,552.0,13.56,1.16,5.2,6515.0,552.0,13.69,1.16,5.15,3060.0,414.0,6.43,0.87,8.23,3011.0,404.0,6.33,0.85,8.16,3783.0,428.0,7.95,0.9,6.88,2432.0,343.0,5.11,0.72,8.57,1198.0,224.0,2.52,0.47,11.34,37774.0,638.0,79.39,1.34,1.03,7405.0,595.0,15.56,1.25,4.88,26175.0,1256.0,55.01,2.64,2.92,5825.0,899.0,12.24,1.89,9.39,88.0,138.0,0.18,0.29,97.94,1710.0,490.0,3.59,1.03,17.44,14.0,109.0,0.03,0.23,466.06,12068.0,1285.0,25.36,2.7,6.47,1712.0,400.0,3.6,0.84,14.18,21587.0,1170.0,45.37,2.46,3.3,25993.0,1170.0,54.63,2.46,2.74,18889.0,1032.0,39.7,2.17,3.32,4397.0,866.0,9.24,1.82,11.97,54.0,133.0,0.11,0.28,154.74,1700.0,490.0,3.57,1.03,17.54,14.0,109.0,0.03,0.23,466.06,485.0,357.0,1.02,0.75,44.7,461.0,190.0,0.97,0.4,25.07
102,Pelham Bay-Country Club-City Island,BX1003,Pelham Bay-Country Club-City Island,11979.0,,100,,,2906.0,353.0,24.26,2.95,7.39,5425.0,547.0,20.73,2.09,6.13,332.0,166.0,6.12,3.06,30.4,195.0,102.0,3.59,1.88,31.83,2009.0,358.0,37.03,6.6,10.83,939.0,226.0,17.31,4.16,14.61,1952.0,323.0,35.98,5.96,10.07,19505.0,1225.0,74.53,4.68,3.82,1674.0,322.0,8.58,1.65,11.69,1502.0,308.0,7.7,1.58,12.47,5879.0,495.0,30.14,2.54,5.12,5179.0,515.0,26.55,2.64,6.04,21698.0,1408.0,82.91,5.38,3.94,1160.0,228.0,5.35,1.05,11.93,25979.0,445.0,99.26,1.7,1.04,4119.0,473.0,15.86,1.82,6.98,4474.0,531.0,17.09,2.03,7.21,179.0,99.0,4.0,2.22,33.74,16202.0,495.0,61.91,1.89,1.86,1712.0,300.0,10.57,1.85,10.64,5303.0,340.0,20.26,1.3,3.9,2230.0,259.0,42.05,4.89,7.07,25949.0,882.0,99.15,3.37,2.07,23019.0,690.0,88.71,2.66,1.82,2780.0,677.0,10.71,2.61,14.81,152.0,117.0,0.59,0.45,46.37,26172.0,,100,,,21847.0,599.0,83.47,2.29,1.67,20186.0,654.0,77.13,2.5,1.97,1653.0,356.0,6.32,1.36,13.08,4325.0,615.0,16.53,2.35,8.64,3014.0,282.0,69.68,6.53,5.7,1311.0,282.0,30.31,6.53,13.1,1603.0,291.0,37.06,6.73,11.04,978.0,244.0,22.61,5.65,15.19,16.0,63.0,0.37,1.45,238.23,0.0,,0.0,,,1709.0,343.0,39.51,7.92,12.19,18.0,68.0,0.42,1.58,228.69,24908.0,1473.0,95.17,5.63,3.59,14621.0,782.0,58.7,3.14,3.25,2914.0,508.0,11.7,2.04,10.6,6813.0,712.0,27.35,2.86,6.36,22026.0,1439.0,84.16,5.5,3.97,13239.0,535.0,60.11,2.43,2.46,12251.0,570.0,55.62,2.59,2.83,985.0,256.0,4.47,1.16,15.78,0.0,,0.0,,,8787.0,535.0,39.89,2.43,3.7,,,7.44,1.91,15.8,11871.0,495.0,45.36,1.89,2.53,5724.0,436.0,48.22,3.67,4.63,770.0,239.0,6.49,2.01,18.83,4456.0,440.0,37.54,3.71,6.01,480.0,161.0,4.04,1.36,20.46,324.0,144.0,2.73,1.21,26.94,12247.0,416.0,46.79,1.59,2.06,55.0,94.0,0.45,0.77,104.02,693.0,209.0,5.66,1.71,18.37,364.0,124.0,2.97,1.01,20.67,187.0,99.0,1.53,0.81,32.18,1218.0,284.0,9.94,2.32,14.19,663.0,205.0,5.41,1.67,18.77,365.0,165.0,2.98,1.35,27.54,975.0,229.0,7.96,1.87,14.28,1114.0,239.0,9.1,1.95,13.03,4533.0,416.0,37.01,3.4,5.58,795.0,220.0,6.49,1.8,16.86,546.0,206.0,4.46,1.68,22.9,741.0,192.0,6.05,1.57,15.78,597.0,183.0,4.98,1.53,18.68,808.0,211.0,6.75,1.76,15.85,1085.0,232.0,9.06,1.94,13.02,1315.0,261.0,10.98,2.18,12.07,1058.0,241.0,8.83,2.01,13.84,2106.0,319.0,17.58,2.66,9.2,1637.0,320.0,13.67,2.67,11.87,2084.0,322.0,17.4,2.69,9.4,763.0,205.0,6.37,1.71,16.32,529.0,155.0,4.42,1.29,17.74,8816.0,326.0,73.6,2.72,2.25,4253.0,358.0,35.5,2.99,5.12,2433.0,316.0,20.31,2.64,7.9,782.0,192.0,6.53,1.6,14.9,253.0,147.0,2.11,1.23,35.44,1359.0,274.0,11.34,2.29,12.28,24158.0,551.0,92.99,2.12,1.39,18337.0,769.0,70.58,2.96,2.55,9412.0,756.0,36.23,2.91,4.88,1820.0,551.0,7.01,2.12,18.38,12069.0,576.0,46.11,2.2,2.9,14103.0,576.0,53.89,2.2,2.48,1264.0,325.0,4.83,1.24,15.61,1111.0,259.0,4.24,0.99,14.19,1454.0,322.0,5.56,1.23,13.45,942.0,217.0,3.6,0.83,14.02,1896.0,400.0,7.24,1.53,12.85,3505.0,455.0,13.39,1.74,7.9,2934.0,403.0,11.21,1.54,8.35,4377.0,526.0,16.72,2.01,7.31,1625.0,291.0,6.21,1.11,10.87,1600.0,296.0,6.11,1.13,11.24,2676.0,345.0,10.22,1.32,7.85,1820.0,317.0,6.95,1.21,10.58,976.0,267.0,3.73,1.02,16.62,21698.0,453.0,82.91,1.73,1.27,5467.0,471.0,20.89,1.8,5.24,17115.0,903.0,65.39,3.45,3.21,1101.0,359.0,4.21,1.37,19.78,114.0,115.0,0.44,0.44,60.79,1355.0,395.0,5.18,1.51,17.72,0.0,,0.0,,,5629.0,916.0,21.51,3.5,9.89,872.0,421.0,3.33,1.61,29.39,10184.0,840.0,38.91,3.21,5.02,15988.0,840.0,61.09,3.21,3.19,13508.0,801.0,51.61,3.06,3.6,944.0,330.0,3.61,1.26,21.22,27.0,81.0,0.1,0.31,188.45,1355.0,395.0,5.18,1.51,17.72,0.0,,0.0,,,23.0,63.0,0.09,0.24,162.11,141.0,89.0,0.54,0.34,38.28
103,Co-op City,BX1004,Co-op City,15893.0,,100,,,3500.0,566.0,22.02,3.56,9.83,8874.0,1107.0,22.68,2.83,7.58,229.0,232.0,2.58,2.61,61.5,410.0,240.0,4.62,2.71,35.66,2918.0,571.0,32.88,6.43,11.89,1517.0,495.0,17.09,5.58,19.85,3804.0,567.0,42.87,6.39,9.06,29027.0,2293.0,74.18,5.86,4.8,2132.0,723.0,7.34,2.49,20.62,1891.0,517.0,6.51,1.78,16.62,8052.0,943.0,27.74,3.25,7.12,7571.0,967.0,26.08,3.33,7.76,33014.0,2657.0,84.37,6.79,4.89,1979.0,482.0,5.99,1.46,14.82,38107.0,513.0,97.38,1.31,0.82,6875.0,1109.0,18.04,2.91,9.81,6088.0,990.0,15.56,2.53,9.89,365.0,334.0,6.0,5.48,55.52,23637.0,951.0,60.4,2.43,2.45,2813.0,752.0,11.9,3.18,16.24,8382.0,697.0,21.42,1.78,5.05,3712.0,563.0,44.28,6.72,9.23,38916.0,2774.0,99.45,7.09,4.33,35739.0,1712.0,91.84,4.4,2.91,3012.0,1712.0,7.74,4.4,34.56,194.0,265.0,0.5,0.68,82.67,39131.0,,100,,,29601.0,1675.0,75.65,4.28,3.44,26276.0,1608.0,67.15,4.11,3.72,3316.0,990.0,8.47,2.53,18.16,9530.0,1734.0,24.35,4.43,11.06,6812.0,657.0,71.48,6.89,5.86,2718.0,657.0,28.52,6.89,14.69,521.0,252.0,5.47,2.64,29.34,277.0,186.0,2.91,1.95,40.74,2085.0,931.0,21.88,9.77,27.14,7.0,33.0,0.07,0.35,303.95,6633.0,922.0,69.6,9.67,8.45,7.0,37.0,0.07,0.39,338.69,37525.0,2598.0,95.9,6.64,4.21,25354.0,1516.0,67.57,4.04,3.63,4647.0,1133.0,12.38,3.02,14.83,9131.0,1448.0,24.33,3.86,9.64,33758.0,2767.0,86.27,7.07,4.98,19350.0,1165.0,57.32,3.45,3.66,17529.0,1239.0,51.92,3.67,4.3,1830.0,598.0,5.42,1.77,19.85,0.0,,0.0,,,14408.0,1165.0,42.68,3.45,4.91,,,9.46,3.04,19.86,17118.0,974.0,43.75,2.49,3.46,5544.0,813.0,32.39,4.75,8.91,607.0,390.0,3.55,2.28,39.04,9842.0,948.0,57.5,5.54,5.86,807.0,301.0,4.71,1.76,22.72,154.0,187.0,0.9,1.09,73.62,17540.0,982.0,44.82,2.51,3.4,0.0,,0.0,,,490.0,291.0,2.79,1.66,36.17,351.0,358.0,2.0,2.04,62.01,175.0,140.0,1.0,0.8,48.63,1319.0,495.0,7.52,2.82,22.8,1443.0,572.0,8.23,3.26,24.08,509.0,288.0,2.9,1.64,34.38,1930.0,624.0,11.0,3.56,19.67,1675.0,568.0,9.55,3.24,20.62,6564.0,875.0,37.42,4.99,8.11,1004.0,489.0,5.72,2.79,29.65,412.0,391.0,2.35,2.23,57.69,1636.0,524.0,9.33,2.99,19.48,882.0,346.0,5.55,2.18,23.88,1082.0,413.0,6.81,2.6,23.21,1373.0,359.0,8.64,2.26,15.9,2079.0,504.0,13.08,3.17,14.73,3020.0,682.0,19.0,4.29,13.73,3058.0,672.0,19.24,4.23,13.37,1782.0,505.0,11.21,3.18,17.24,1797.0,518.0,11.31,3.26,17.52,615.0,339.0,3.87,2.13,33.46,223.0,156.0,1.4,0.98,42.55,11089.0,610.0,69.77,3.84,3.35,6215.0,639.0,39.11,4.02,6.25,4245.0,660.0,26.71,4.15,9.45,885.0,350.0,5.57,2.2,24.01,205.0,175.0,1.29,1.1,51.84,1766.0,483.0,11.11,3.04,16.63,36021.0,835.0,94.53,2.19,1.41,27232.0,1467.0,71.46,3.85,3.28,15264.0,1471.0,40.06,3.86,5.86,2086.0,835.0,5.47,2.19,24.34,16977.0,967.0,43.39,2.47,3.46,22154.0,967.0,56.61,2.47,2.65,1606.0,607.0,4.1,1.55,22.98,1848.0,591.0,4.72,1.51,19.45,1603.0,477.0,4.1,1.22,18.09,1970.0,567.0,5.03,1.45,17.52,3077.0,681.0,7.86,1.74,13.46,3436.0,814.0,8.78,2.08,14.4,4800.0,775.0,12.27,1.98,9.81,5802.0,849.0,14.83,2.17,8.9,2903.0,622.0,7.42,1.59,13.03,3030.0,681.0,7.74,1.74,13.67,4722.0,779.0,12.07,1.99,10.02,2992.0,599.0,7.65,1.53,12.16,1341.0,399.0,3.43,1.02,18.08,33014.0,845.0,84.37,2.16,1.56,9055.0,959.0,23.14,2.45,6.44,6138.0,1687.0,15.69,4.31,16.7,24502.0,1870.0,62.62,4.78,4.64,0.0,,0.0,,,421.0,141.0,1.08,0.36,20.26,0.0,,0.0,,,6283.0,1718.0,16.06,4.39,16.62,1787.0,1123.0,4.57,2.87,38.18,11214.0,1640.0,28.66,4.19,8.89,27917.0,1640.0,71.34,4.19,3.57,3247.0,880.0,8.3,2.25,16.48,23099.0,1874.0,59.03,4.79,4.93,0.0,,0.0,,,421.0,141.0,1.08,0.36,20.26,0.0,,0.0,,,662.0,700.0,1.69,1.79,64.39,489.0,415.0,1.25,1.06,51.55
104,Hart Island,BX1071,Hart Island,0.0,,100,,,0.0,,,,,0.0,,,,,0.0,,,,,0.0,,,,,0.0,,,,,0.0,,,,,0.0,,,,,0.0,,,,,0.0,,,,,0.0,,,,,0.0,,,,,0.0,,,,,0.0,,,,,0.0,,,,,0.0,,,,,0.0,,,,,0.0,,,,,0.0,,,,,0.0,,,,,0.0,,,,,0.0,,,,,0.0,,,,,0.0,,,,,0.0,,,,,0.0,,,,,0.0,,,,,0.0,,100,,,0.0,,,,,0.0,,,,,0.0,,,,,0.0,,,,,0.0,,,,,0.0,,,,,0.0,,,,,0.0,,,,,0.0,,,,,0.0,,,,,0.0,,,,,0.0,,,,,0.0,,,,,0.0,,,,,0.0,,,,,0.0,,,,,0.0,,,,,0.0,,,,,0.0,,,,,0.0,,,,,0.0,,,,,0.0,,,,,,,,,,0.0,,,,,0.0,,,,,0.0,,,,,0.0,,,,,0.0,,,,,0.0,,,,,0.0,,,,,0.0,,,,,0.0,,,,,0.0,,,,,0.0,,,,,0.0,,,,,0.0,,,,,0.0,,,,,0.0,,,,,0.0,,,,,0.0,,,,,0.0,,,,,0.0,,,,,0.0,,,,,0.0,,,,,0.0,,,,,0.0,,,,,0.0,,,,,0.0,,,,,0.0,,,,,0.0,,,,,0.0,,,,,0.0,,,,,0.0,,,,,0.0,,,,,0.0,,,,,0.0,,,,,0.0,,,,,0.0,,,,,0.0,,,,,0.0,,,,,0.0,,,,,0.0,,,,,0.0,,,,,0.0,,,,,0.0,,,,,0.0,,,,,0.0,,,,,0.0,,,,,0.0,,,,,0.0,,,,,0.0,,,,,0.0,,,,,0.0,,,,,0.0,,,,,0.0,,,,,0.0,,,,,0.0,,,,,0.0,,,,,0.0,,,,,0.0,,,,,0.0,,,,,0.0,,,,,0.0,,,,,0.0,,,,,0.0,,,,,0.0,,,,,0.0,,,,,0.0,,,,,0.0,,,,,0.0,,,,,0.0,,,,,0.0,,,,,0.0,,,,,0.0,,,,,0.0,,,,,0.0,,,,
105,Ferry Point Park-St. Raymond Cemetery,BX1091,Ferry Point Park-St. Raymond Cemetery,0.0,,100,,,0.0,,,,,0.0,,,,,0.0,,,,,0.0,,,,,0.0,,,,,0.0,,,,,0.0,,,,,0.0,,,,,0.0,,,,,0.0,,,,,0.0,,,,,0.0,,,,,0.0,,,,,0.0,,,,,0.0,,,,,0.0,,,,,0.0,,,,,0.0,,,,,0.0,,,,,0.0,,,,,0.0,,,,,0.0,,,,,0.0,,,,,0.0,,,,,0.0,,,,,0.0,,,,,0.0,,100,,,0.0,,,,,0.0,,,,,0.0,,,,,0.0,,,,,0.0,,,,,0.0,,,,,0.0,,,,,0.0,,,,,0.0,,,,,0.0,,,,,0.0,,,,,0.0,,,,,0.0,,,,,0.0,,,,,0.0,,,,,0.0,,,,,0.0,,,,,0.0,,,,,0.0,,,,,0.0,,,,,0.0,,,,,0.0,,,,,,,,,,0.0,,,,,0.0,,,,,0.0,,,,,0.0,,,,,0.0,,,,,0.0,,,,,0.0,,,,,0.0,,,,,0.0,,,,,0.0,,,,,0.0,,,,,0.0,,,,,0.0,,,,,0.0,,,,,0.0,,,,,0.0,,,,,0.0,,,,,0.0,,,,,0.0,,,,,0.0,,,,,0.0,,,,,0.0,,,,,0.0,,,,,0.0,,,,,0.0,,,,,0.0,,,,,0.0,,,,,0.0,,,,,0.0,,,,,0.0,,,,,0.0,,,,,0.0,,,,,0.0,,,,,0.0,,,,,0.0,,,,,0.0,,,,,0.0,,,,,0.0,,,,,0.0,,,,,0.0,,,,,0.0,,,,,0.0,,,,,0.0,,,,,0.0,,,,,0.0,,,,,0.0,,,,,0.0,,,,,0.0,,,,,0.0,,,,,0.0,,,,,0.0,,,,,0.0,,,,,0.0,,,,,0.0,,,,,0.0,,,,,0.0,,,,,0.0,,,,,0.0,,,,,0.0,,,,,0.0,,,,,0.0,,,,,0.0,,,,,0.0,,,,,0.0,,,,,0.0,,,,,0.0,,,,,0.0,,,,,0.0,,,,,0.0,,,,,0.0,,,,,0.0,,,,,0.0,,,,,0.0,,,,
106,Pelham Parkway-Van Nest,BX1101,Pelham Parkway-Van Nest,11812.0,,100,,,4437.0,311.0,37.56,2.63,4.26,9011.0,595.0,29.39,1.94,4.01,400.0,135.0,4.44,1.5,20.54,600.0,152.0,6.66,1.69,15.43,3757.0,323.0,41.69,3.59,5.23,1862.0,254.0,20.66,2.82,8.3,2392.0,310.0,26.55,3.44,7.88,19650.0,665.0,64.09,2.17,2.06,2673.0,383.0,13.6,1.95,8.72,1979.0,303.0,10.07,1.54,9.3,5283.0,428.0,26.88,2.18,4.93,4639.0,430.0,23.61,2.19,5.64,22724.0,935.0,74.12,3.05,2.5,408.0,120.0,1.8,0.53,17.9,30656.0,31.0,99.99,0.1,0.06,3929.0,408.0,12.82,1.33,6.31,7934.0,570.0,25.88,1.86,4.37,389.0,160.0,4.9,2.02,25.06,19861.0,665.0,64.78,2.17,2.04,2184.0,306.0,11.0,1.54,8.51,2866.0,242.0,9.35,0.79,5.13,1357.0,171.0,47.35,5.96,7.65,30326.0,1052.0,98.92,3.43,2.11,27485.0,522.0,90.63,1.72,1.15,2499.0,500.0,8.24,1.65,12.17,343.0,173.0,1.13,0.57,30.66,30658.0,,100,,,20487.0,699.0,66.82,2.28,2.07,17036.0,748.0,55.57,2.44,2.67,3453.0,472.0,11.26,1.54,8.31,10171.0,705.0,33.18,2.3,4.21,3917.0,402.0,38.51,3.95,6.24,6254.0,402.0,61.49,3.95,3.91,1346.0,282.0,13.23,2.77,12.73,1509.0,291.0,14.84,2.86,11.72,1068.0,294.0,10.5,2.89,16.73,0.0,,0.0,,,6230.0,410.0,61.25,4.03,4.0,17.0,88.0,0.17,0.87,311.1,28605.0,1098.0,93.3,3.58,2.33,9435.0,715.0,32.98,2.5,4.61,7797.0,595.0,27.26,2.08,4.64,13741.0,795.0,48.04,2.78,3.52,23514.0,641.0,76.7,2.09,1.66,16234.0,454.0,69.04,1.93,1.7,14009.0,449.0,59.58,1.91,1.95,2210.0,313.0,9.4,1.33,8.6,0.0,,0.0,,,7280.0,454.0,30.96,1.93,3.79,,,13.61,1.89,8.61,13827.0,426.0,45.1,1.39,1.87,2796.0,325.0,20.22,2.35,7.07,655.0,178.0,4.74,1.29,16.54,8479.0,452.0,61.32,3.27,3.24,1034.0,238.0,7.48,1.72,13.98,554.0,163.0,4.01,1.18,17.89,14011.0,420.0,45.7,1.37,1.82,7.0,84.0,0.05,0.6,729.48,902.0,210.0,6.44,1.5,14.16,1010.0,247.0,7.21,1.76,14.84,80.0,73.0,0.57,0.52,55.46,1804.0,284.0,12.88,2.03,9.58,982.0,191.0,7.01,1.36,11.79,427.0,172.0,3.05,1.23,24.52,671.0,192.0,4.79,1.37,17.39,1014.0,224.0,7.24,1.6,13.43,4002.0,378.0,28.56,2.7,5.75,1850.0,312.0,13.2,2.23,10.27,808.0,195.0,5.77,1.39,14.64,453.0,149.0,3.23,1.06,19.95,1391.0,221.0,11.78,1.87,9.65,755.0,195.0,6.39,1.65,15.7,1345.0,220.0,11.39,1.86,9.93,1421.0,262.0,12.03,2.22,11.22,1625.0,268.0,13.76,2.27,10.03,2295.0,315.0,19.43,2.67,8.35,1294.0,224.0,10.95,1.9,10.55,1213.0,233.0,10.27,1.97,11.66,380.0,126.0,3.22,1.07,20.2,95.0,77.0,0.8,0.65,49.39,9541.0,249.0,80.77,2.11,1.59,2366.0,262.0,20.03,2.22,6.74,1047.0,171.0,8.86,1.45,9.95,1179.0,213.0,9.98,1.8,10.96,543.0,137.0,4.6,1.16,15.33,3570.0,352.0,30.22,2.98,5.99,26530.0,601.0,86.54,1.96,1.38,14482.0,920.0,47.24,3.0,3.86,15043.0,953.0,49.07,3.11,3.85,4126.0,601.0,13.46,1.96,8.85,14648.0,475.0,47.78,1.55,1.97,16010.0,475.0,52.22,1.55,1.8,2053.0,322.0,6.7,1.05,9.53,2524.0,325.0,8.23,1.06,7.83,2057.0,282.0,6.71,0.92,8.33,2062.0,288.0,6.73,0.94,8.49,2317.0,310.0,7.56,1.01,8.12,5771.0,500.0,18.82,1.63,5.27,4611.0,408.0,15.04,1.33,5.38,3525.0,371.0,11.5,1.21,6.4,1727.0,242.0,5.63,0.79,8.53,1151.0,205.0,3.75,0.67,10.86,1616.0,215.0,5.27,0.7,8.07,920.0,181.0,3.0,0.59,11.96,331.0,104.0,1.08,0.34,19.14,22724.0,484.0,74.12,1.58,1.3,2866.0,273.0,9.35,0.89,5.79,8346.0,720.0,27.22,2.35,5.25,5867.0,693.0,19.14,2.26,7.18,207.0,166.0,0.68,0.54,48.27,1730.0,389.0,5.64,1.27,13.69,0.0,,0.0,,,13546.0,938.0,44.18,3.06,4.21,969.0,258.0,3.16,0.84,16.16,17826.0,831.0,58.14,2.71,2.83,12832.0,831.0,41.86,2.71,3.94,5524.0,555.0,18.02,1.81,6.11,5122.0,659.0,16.71,2.15,7.82,17.0,89.0,0.06,0.29,293.82,1714.0,386.0,5.59,1.26,13.7,0.0,,0.0,,,51.0,83.0,0.17,0.27,96.55,403.0,178.0,1.31,0.58,26.91
107,Morris Park,BX1102,Morris Park,8997.0,,100,,,2849.0,240.0,31.67,2.67,5.13,5536.0,460.0,23.7,1.97,5.05,350.0,124.0,6.32,2.24,21.55,257.0,110.0,4.64,1.99,26.07,1903.0,232.0,34.37,4.19,7.41,1060.0,174.0,19.15,3.15,10.0,1965.0,228.0,35.49,4.11,7.04,16857.0,825.0,72.16,3.53,2.98,1436.0,243.0,8.52,1.44,10.27,1405.0,211.0,8.33,1.25,9.12,4745.0,393.0,28.15,2.33,5.03,5498.0,420.0,32.62,2.49,4.64,18724.0,906.0,80.15,3.88,2.94,540.0,103.0,2.88,0.55,11.61,22934.0,493.0,98.18,2.11,1.31,2622.0,310.0,11.43,1.35,7.18,4622.0,413.0,19.79,1.77,5.43,154.0,79.0,3.33,1.7,31.03,14906.0,392.0,63.81,1.68,1.6,1224.0,219.0,8.21,1.47,10.88,3402.0,276.0,14.56,1.18,4.93,1243.0,162.0,36.54,4.77,7.94,23126.0,635.0,99.0,2.72,1.67,20523.0,502.0,88.74,2.17,1.49,2251.0,479.0,9.73,2.07,12.93,354.0,150.0,1.53,0.65,25.83,23360.0,,100,,,16521.0,621.0,70.72,2.66,2.29,14645.0,607.0,62.69,2.6,2.52,1877.0,297.0,8.04,1.27,9.6,6839.0,666.0,29.28,2.85,5.92,3255.0,303.0,47.59,4.43,5.66,3584.0,303.0,52.41,4.43,5.14,2473.0,356.0,36.16,5.2,8.74,2119.0,342.0,30.98,5.0,9.81,248.0,210.0,3.63,3.07,51.41,12.0,90.0,0.18,1.32,445.8,1911.0,310.0,27.94,4.53,9.86,76.0,103.0,1.11,1.51,82.7,21894.0,834.0,93.72,3.57,2.32,10322.0,679.0,47.14,3.1,4.0,4475.0,532.0,20.44,2.43,7.23,5332.0,545.0,24.35,2.49,6.22,19175.0,888.0,82.08,3.8,2.82,12267.0,418.0,63.98,2.18,2.07,11101.0,468.0,57.89,2.44,2.56,1149.0,272.0,5.99,1.42,14.41,13.0,86.0,0.07,0.45,390.79,6907.0,418.0,36.02,2.18,3.68,,,9.37,2.19,14.39,10867.0,444.0,46.52,1.9,2.48,3688.0,347.0,33.94,3.19,5.71,1166.0,258.0,10.73,2.37,13.43,4129.0,331.0,38.0,3.05,4.88,1405.0,227.0,12.93,2.09,9.83,288.0,106.0,2.65,0.98,22.48,11102.0,439.0,47.53,1.88,2.4,0.0,,0.0,,,784.0,214.0,7.06,1.93,16.62,545.0,169.0,4.91,1.52,18.82,256.0,114.0,2.31,1.03,27.11,736.0,164.0,6.63,1.48,13.57,657.0,157.0,5.92,1.41,14.48,216.0,90.0,1.95,0.81,25.25,866.0,190.0,7.8,1.71,13.33,1149.0,206.0,10.35,1.86,10.92,3916.0,315.0,35.27,2.84,4.89,1083.0,210.0,9.76,1.89,11.77,349.0,120.0,3.14,1.08,20.91,542.0,193.0,4.88,1.74,21.68,584.0,136.0,6.49,1.51,14.14,375.0,106.0,4.17,1.18,17.2,804.0,158.0,8.94,1.76,11.97,645.0,131.0,7.17,1.46,12.38,1244.0,202.0,13.83,2.24,9.85,1619.0,202.0,17.99,2.24,7.57,1015.0,177.0,11.28,1.97,10.62,1476.0,209.0,16.41,2.32,8.59,649.0,150.0,7.21,1.67,14.08,582.0,146.0,6.47,1.62,15.22,6989.0,206.0,77.68,2.29,1.79,2600.0,209.0,28.9,2.32,4.88,1527.0,182.0,16.97,2.02,7.24,475.0,112.0,5.28,1.24,14.28,230.0,74.0,2.56,0.82,19.47,847.0,168.0,9.41,1.87,12.08,20648.0,447.0,90.03,1.95,1.32,15761.0,619.0,68.72,2.7,2.39,7257.0,573.0,31.64,2.5,4.8,2286.0,447.0,9.97,1.95,11.89,11194.0,371.0,47.92,1.59,2.02,12166.0,371.0,52.08,1.59,1.86,1466.0,262.0,6.28,1.12,10.84,1026.0,189.0,4.39,0.81,11.22,1377.0,229.0,5.89,0.98,10.11,1243.0,208.0,5.32,0.89,10.17,1398.0,217.0,5.98,0.93,9.45,3931.0,404.0,16.83,1.73,6.25,3420.0,332.0,14.64,1.42,5.9,3259.0,325.0,13.95,1.39,6.06,1465.0,215.0,6.27,0.92,8.92,1029.0,168.0,4.4,0.72,9.95,1739.0,248.0,7.44,1.06,8.66,1186.0,194.0,5.08,0.83,9.93,826.0,154.0,3.54,0.66,11.33,18738.0,369.0,80.21,1.58,1.2,3749.0,346.0,16.05,1.48,5.61,12953.0,719.0,55.45,3.08,3.38,2018.0,493.0,8.64,2.11,14.85,76.0,91.0,0.33,0.39,71.84,2823.0,495.0,12.08,2.12,10.67,2.0,91.0,0.01,0.39,2370.82,4751.0,635.0,20.34,2.72,8.13,729.0,301.0,3.12,1.29,25.13,7603.0,680.0,32.55,2.91,5.43,15757.0,680.0,67.45,2.91,2.62,11015.0,703.0,47.15,3.01,3.88,1728.0,470.0,7.4,2.01,16.51,35.0,86.0,0.15,0.37,149.95,2728.0,486.0,11.68,2.08,10.83,0.0,,0.0,,,30.0,96.0,0.13,0.41,191.72,223.0,135.0,0.95,0.58,37.11
108,Pelham Gardens,BX1103,Pelham Gardens,16788.0,,100,,,7370.0,858.0,43.9,5.11,7.08,7747.0,584.0,25.47,1.92,4.58,320.0,117.0,4.13,1.51,22.23,230.0,119.0,2.97,1.53,31.32,3074.0,318.0,39.68,4.1,6.28,1783.0,233.0,23.02,3.01,7.95,2342.0,248.0,30.23,3.2,6.43,21421.0,833.0,70.42,2.74,2.36,2605.0,334.0,12.16,1.56,7.8,2016.0,330.0,9.41,1.54,9.95,5732.0,480.0,26.76,2.24,5.09,5528.0,497.0,25.81,2.32,5.46,24135.0,952.0,79.34,3.13,2.4,638.0,135.0,2.64,0.56,12.89,28710.0,490.0,94.38,1.61,1.04,3518.0,477.0,12.25,1.66,8.24,6269.0,596.0,20.61,1.96,5.78,386.0,207.0,6.16,3.3,32.57,18316.0,733.0,60.21,2.41,2.43,1633.0,300.0,8.92,1.64,11.18,4125.0,301.0,13.56,0.99,4.44,1500.0,199.0,36.36,4.83,8.08,30210.0,1472.0,99.32,4.84,2.96,27923.0,468.0,92.43,1.55,1.02,2133.0,477.0,7.06,1.58,13.6,161.0,121.0,0.53,0.4,45.88,30418.0,,100,,,19453.0,745.0,63.95,2.45,2.33,17039.0,776.0,56.02,2.55,2.77,2417.0,435.0,7.95,1.43,10.93,10965.0,727.0,36.05,2.39,4.03,7073.0,398.0,64.5,3.63,3.42,3892.0,398.0,35.49,3.63,6.22,2107.0,354.0,19.22,3.23,10.22,1872.0,357.0,17.07,3.26,11.61,608.0,198.0,5.54,1.81,19.86,0.0,,0.0,,,6362.0,443.0,58.02,4.04,4.23,13.0,86.0,0.12,0.78,395.14,29028.0,1573.0,95.43,5.17,3.29,15623.0,897.0,53.82,3.09,3.49,4556.0,459.0,15.7,1.58,6.12,7442.0,804.0,25.64,2.77,6.57,25094.0,1007.0,82.5,3.31,2.44,14890.0,570.0,59.34,2.27,2.33,13380.0,552.0,53.32,2.2,2.51,1501.0,279.0,5.98,1.11,11.28,0.0,,0.0,,,10204.0,570.0,40.66,2.27,3.39,,,10.08,1.83,11.3,12958.0,599.0,42.6,1.97,2.81,5225.0,378.0,40.32,2.92,4.4,1159.0,235.0,8.94,1.81,12.31,5273.0,386.0,40.69,2.98,4.45,699.0,223.0,5.39,1.72,19.4,436.0,180.0,3.36,1.39,25.15,13388.0,611.0,44.01,2.01,2.77,7.0,88.0,0.05,0.66,802.43,751.0,195.0,5.61,1.46,15.82,502.0,141.0,3.75,1.05,17.02,223.0,96.0,1.67,0.72,26.21,1444.0,246.0,10.79,1.84,10.37,1112.0,300.0,8.31,2.24,16.39,323.0,116.0,2.41,0.87,21.95,858.0,166.0,6.41,1.24,11.76,1053.0,195.0,7.87,1.46,11.28,4968.0,424.0,37.11,3.17,5.19,887.0,205.0,6.63,1.53,14.03,744.0,177.0,5.56,1.32,14.43,509.0,139.0,3.8,1.04,16.64,2221.0,846.0,13.23,5.04,23.16,488.0,260.0,2.91,1.55,32.38,1750.0,695.0,10.42,4.14,24.15,1713.0,537.0,10.2,3.2,19.07,2398.0,668.0,14.28,3.98,16.94,2876.0,608.0,17.13,3.62,12.85,1583.0,465.0,9.43,2.77,17.86,2220.0,695.0,13.22,4.14,19.04,754.0,331.0,4.49,1.97,26.67,787.0,269.0,4.69,1.6,20.74,12649.0,754.0,75.35,4.49,3.62,4957.0,655.0,29.53,3.9,8.03,1988.0,398.0,11.84,2.37,12.17,1072.0,497.0,6.39,2.96,28.16,964.0,482.0,5.74,2.87,30.4,4006.0,836.0,23.86,4.98,12.69,26291.0,416.0,91.57,1.45,0.96,18570.0,807.0,64.68,2.81,2.64,11024.0,835.0,38.4,2.91,4.61,2419.0,416.0,8.43,1.45,10.46,14323.0,487.0,47.09,1.6,2.07,16095.0,487.0,52.91,1.6,1.84,1390.0,277.0,4.57,0.91,12.1,1641.0,338.0,5.39,1.11,12.52,1864.0,335.0,6.13,1.1,10.91,2107.0,292.0,6.93,0.96,8.42,1997.0,341.0,6.57,1.12,10.36,3981.0,417.0,13.09,1.37,6.36,3845.0,359.0,12.64,1.18,5.68,4587.0,423.0,15.08,1.39,5.6,1851.0,256.0,6.09,0.84,8.38,1751.0,259.0,5.76,0.85,8.97,2594.0,298.0,8.53,0.98,6.98,1865.0,240.0,6.13,0.79,7.83,952.0,186.0,3.13,0.61,11.85,24135.0,548.0,79.34,1.8,1.38,5409.0,447.0,17.78,1.47,5.03,9981.0,943.0,32.81,3.1,5.74,10471.0,882.0,34.42,2.9,5.12,225.0,304.0,0.74,1.0,82.15,2556.0,478.0,8.4,1.57,11.36,49.0,116.0,0.16,0.38,144.38,6221.0,909.0,20.45,2.99,8.89,912.0,292.0,3.0,0.96,19.45,10255.0,840.0,33.71,2.76,4.98,20163.0,840.0,66.29,2.76,2.53,7072.0,730.0,23.25,2.4,6.28,9738.0,827.0,32.01,2.72,5.17,0.0,,0.0,,,2505.0,475.0,8.24,1.56,11.51,0.0,,0.0,,,444.0,256.0,1.46,0.84,34.98,400.0,246.0,1.32,0.81,37.3
109,Allerton,BX1104,Allerton,31270.0,,100,,,11806.0,1179.0,37.76,3.77,6.07,9615.0,696.0,25.83,1.87,4.4,531.0,169.0,5.52,1.76,19.38,495.0,162.0,5.15,1.68,19.83,3638.0,339.0,37.84,3.53,5.67,2155.0,265.0,22.41,2.76,7.49,2794.0,334.0,29.06,3.47,7.26,24862.0,752.0,66.8,2.02,1.84,3529.0,455.0,14.19,1.83,7.84,3505.0,448.0,14.1,1.8,7.76,7023.0,649.0,28.25,2.61,5.62,4385.0,445.0,17.64,1.79,6.17,28602.0,1329.0,76.84,3.57,2.82,876.0,209.0,3.06,0.73,14.5,36742.0,134.0,98.71,0.36,0.22,6168.0,544.0,16.79,1.48,5.36,8619.0,685.0,23.16,1.84,4.83,488.0,153.0,5.66,1.78,19.12,23463.0,603.0,63.04,1.62,1.56,3148.0,415.0,13.42,1.77,8.02,4670.0,368.0,12.55,0.99,4.79,2545.0,255.0,54.49,5.46,6.09,36830.0,1537.0,98.95,4.13,2.54,33085.0,711.0,89.83,1.93,1.31,3299.0,696.0,8.96,1.89,12.82,453.0,192.0,1.23,0.52,25.7,37221.0,,100,,,23465.0,934.0,63.04,2.51,2.42,20582.0,882.0,55.3,2.37,2.61,2881.0,447.0,7.74,1.2,9.42,13756.0,986.0,36.96,2.65,4.36,7216.0,601.0,52.46,4.37,5.06,6540.0,601.0,47.54,4.37,5.59,1691.0,437.0,12.29,3.18,15.73,1035.0,289.0,7.52,2.1,16.98,973.0,389.0,7.07,2.83,24.33,0.0,,0.0,,,10029.0,614.0,72.91,4.46,3.72,30.0,84.0,0.22,0.61,168.55,34721.0,1675.0,93.28,4.5,2.93,13891.0,972.0,40.01,2.8,4.25,9602.0,847.0,27.65,2.44,5.36,16108.0,920.0,46.39,2.65,3.47,29708.0,1392.0,79.81,3.74,2.85,17670.0,680.0,59.48,2.29,2.34,15246.0,662.0,51.32,2.23,2.64,2426.0,449.0,8.17,1.51,11.24,0.0,,0.0,,,12038.0,680.0,40.52,2.29,3.44,,,13.73,2.49,11.25,14770.0,677.0,39.68,1.82,2.79,3867.0,431.0,26.18,2.92,6.78,408.0,157.0,2.76,1.06,23.35,8781.0,504.0,59.45,3.41,3.49,1151.0,247.0,7.79,1.67,13.03,297.0,136.0,2.01,0.92,27.82,15251.0,703.0,40.97,1.89,2.8,0.0,,0.0,,,840.0,227.0,5.51,1.49,16.44,836.0,249.0,5.48,1.63,18.08,196.0,111.0,1.29,0.73,34.4,2294.0,332.0,15.04,2.18,8.81,919.0,236.0,6.03,1.55,15.63,230.0,116.0,1.51,0.76,30.6,980.0,220.0,6.43,1.44,13.61,1133.0,255.0,7.43,1.67,13.66,4606.0,439.0,30.2,2.88,5.8,1975.0,453.0,12.95,2.97,13.94,744.0,191.0,4.88,1.25,15.57,486.0,149.0,3.19,0.98,18.68,6029.0,1066.0,19.28,3.41,10.75,3410.0,822.0,10.91,2.63,14.65,4155.0,769.0,13.29,2.46,11.25,3072.0,791.0,9.82,2.53,15.66,4513.0,913.0,14.43,2.92,12.3,4039.0,832.0,12.92,2.66,12.52,3136.0,735.0,10.03,2.35,14.24,2090.0,528.0,6.68,1.69,15.38,707.0,319.0,2.26,1.02,27.44,113.0,206.0,0.36,0.66,111.45,20237.0,1163.0,64.72,3.72,3.49,9402.0,1082.0,30.07,3.46,6.99,3988.0,857.0,12.75,2.74,13.06,4259.0,907.0,13.62,2.9,12.94,2720.0,729.0,8.7,2.33,16.28,12535.0,1245.0,40.09,3.98,6.04,31454.0,639.0,85.61,1.74,1.24,16546.0,1025.0,45.03,2.79,3.77,18915.0,926.0,51.48,2.52,2.98,5288.0,639.0,14.39,1.74,7.35,18322.0,622.0,49.22,1.67,2.06,18900.0,622.0,50.78,1.67,2.0,2500.0,395.0,6.72,1.06,9.59,2609.0,350.0,7.01,0.94,8.15,1993.0,294.0,5.35,0.79,8.98,2407.0,346.0,6.47,0.93,8.74,2845.0,406.0,7.64,1.09,8.67,5891.0,599.0,15.83,1.61,6.18,5064.0,517.0,13.61,1.39,6.21,4810.0,506.0,12.92,1.36,6.4,2038.0,324.0,5.48,0.87,9.65,2080.0,339.0,5.59,0.91,9.9,2666.0,365.0,7.16,0.98,8.32,1631.0,268.0,4.38,0.72,9.99,672.0,182.0,1.81,0.49,16.46,28602.0,584.0,76.84,1.57,1.24,4983.0,484.0,13.39,1.3,5.9,9634.0,1050.0,25.88,2.82,6.62,11713.0,994.0,31.47,2.67,5.16,326.0,194.0,0.88,0.52,35.92,1216.0,354.0,3.27,0.95,17.66,0.0,,0.0,,,12689.0,1158.0,34.09,3.11,5.55,1650.0,398.0,4.43,1.07,14.68,20814.0,942.0,55.92,2.53,2.75,16408.0,942.0,44.08,2.53,3.49,4219.0,666.0,11.33,1.79,9.6,9951.0,864.0,26.73,2.32,5.28,63.0,123.0,0.17,0.33,118.0,1216.0,354.0,3.27,0.95,17.66,0.0,,0.0,,,429.0,261.0,1.15,0.7,37.0,530.0,231.0,1.42,0.62,26.54
110,Hutchinson Metro Center,BX1161,Hutchinson Metro Center,15.0,,100,,,12.0,4.0,80.0,23.9,18.16,21.0,19.0,3.06,2.78,55.0,5.0,7.0,23.48,33.4,86.47,0.0,,0.0,,,16.0,7.0,75.13,33.4,27.03,0.0,,0.0,,,0.0,,0.0,,,650.0,255.0,94.61,37.13,23.85,157.0,62.0,24.16,9.5,23.9,125.0,58.0,19.23,9.0,28.45,178.0,87.0,27.39,13.4,29.74,76.0,58.0,11.69,9.0,46.8,650.0,255.0,94.61,37.13,23.85,23.0,27.0,3.54,4.2,72.12,215.0,110.0,31.3,15.98,31.1,43.0,48.0,20.0,22.5,68.39,37.0,22.0,5.39,3.16,36.15,0.0,,0.0,,,149.0,98.0,21.69,14.2,39.98,14.0,33.0,9.39,22.3,144.37,29.0,38.0,4.22,5.55,79.66,29.0,15.0,100.51,52.9,31.99,684.0,18.0,99.56,2.6,1.6,565.0,90.0,82.57,13.1,9.64,119.0,90.0,17.39,13.1,45.79,0.0,,0.0,,,687.0,,100,,,517.0,92.0,75.25,13.4,10.83,467.0,96.0,67.98,14.0,12.52,50.0,41.0,7.28,5.9,49.27,170.0,104.0,24.75,15.1,37.19,74.0,54.0,43.61,32.1,44.75,96.0,54.0,56.57,32.1,34.49,4.0,7.0,2.36,4.4,113.34,19.0,32.0,11.2,18.8,102.04,0.0,,0.0,,,0.0,,0.0,,,147.0,34.0,86.63,19.8,13.89,0.0,,0.0,,,666.0,43.0,96.94,6.2,3.92,412.0,95.0,61.89,14.3,14.05,118.0,101.0,17.73,15.1,51.77,226.0,105.0,33.95,15.7,28.11,650.0,255.0,94.61,37.13,23.85,130.0,96.0,20.0,14.7,44.68,124.0,98.0,19.08,15.1,48.11,6.0,8.0,0.92,1.3,85.9,0.0,,0.0,,,520.0,96.0,80.01,14.7,11.17,,,4.62,5.12,81.05,124.0,106.0,18.05,15.36,51.97,11.0,18.0,8.9,14.6,99.72,24.0,35.0,19.41,28.3,88.63,50.0,28.0,40.43,22.4,33.68,0.0,,0.0,,,33.0,33.0,26.69,26.7,60.81,124.0,106.0,18.05,15.36,51.97,0.0,,0.0,,,40.0,25.0,32.35,20.5,38.52,13.0,13.0,10.51,10.6,61.31,0.0,,0.0,,,8.0,13.0,6.47,10.3,96.78,4.0,10.0,3.23,8.1,152.45,0.0,,0.0,,,6.0,14.0,4.85,11.5,144.14,20.0,20.0,16.17,16.3,61.28,16.0,29.0,12.94,23.5,110.4,0.0,,0.0,,,12.0,29.0,9.7,23.8,149.16,5.0,8.0,4.04,6.7,100.82,0.0,,0.0,,,0.0,,0.0,,,1.0,3.0,6.67,17.4,158.58,0.0,,0.0,,,2.0,4.0,13.33,25.1,114.47,0.0,,0.0,,,8.0,7.0,53.33,48.4,55.17,0.0,,0.0,,,2.0,3.0,13.33,20.8,94.86,1.0,2.0,6.67,16.2,147.65,14.0,3.0,93.33,17.4,11.33,2.0,3.0,13.33,17.6,80.26,0.0,,0.0,,,0.0,,0.0,,,2.0,3.0,13.33,17.6,80.26,10.0,5.0,66.67,32.8,29.91,136.0,67.0,63.25,31.0,29.79,68.0,52.0,31.62,24.4,46.91,82.0,50.0,38.13,23.1,36.83,79.0,67.0,36.74,31.0,51.29,471.0,76.0,68.56,11.0,9.75,216.0,76.0,31.44,11.0,21.27,21.0,19.0,3.06,2.7,53.64,16.0,17.0,2.33,2.5,65.23,0.0,,0.0,,,0.0,,0.0,,,0.0,,0.0,,,89.0,63.0,12.95,9.1,42.72,123.0,63.0,17.9,9.1,30.9,123.0,65.0,17.9,9.5,32.26,128.0,71.0,18.63,10.4,33.94,78.0,55.0,11.35,8.0,42.85,70.0,67.0,10.19,9.8,58.46,22.0,28.0,3.2,4.1,77.89,17.0,25.0,2.47,3.7,91.06,650.0,21.0,94.61,3.1,1.99,109.0,108.0,15.87,15.7,60.14,190.0,97.0,27.66,14.1,30.99,203.0,102.0,29.55,14.8,30.45,4.0,9.0,0.58,1.3,136.25,19.0,27.0,2.77,4.0,87.78,0.0,,0.0,,,250.0,100.0,36.39,14.5,24.22,21.0,27.0,3.06,3.9,77.48,266.0,104.0,38.72,15.2,23.86,421.0,104.0,61.28,15.2,15.08,168.0,95.0,24.45,13.9,34.56,203.0,102.0,29.55,14.8,30.45,4.0,9.0,0.58,1.3,136.25,19.0,27.0,2.77,4.0,87.78,0.0,,0.0,,,6.0,8.0,0.87,1.2,83.85,21.0,27.0,3.06,3.9,77.48
111,Williamsbridge-Olinville,BX1201,Williamsbridge-Olinville,20573.0,,100,,,8367.0,407.0,40.67,1.98,2.96,17178.0,821.0,29.72,1.42,2.91,1047.0,213.0,6.1,1.24,12.36,979.0,184.0,5.7,1.07,11.41,6313.0,399.0,36.75,2.32,3.84,3516.0,326.0,20.47,1.9,5.64,5320.0,405.0,30.97,2.36,4.63,36438.0,1017.0,63.05,1.76,1.7,3495.0,361.0,9.59,0.99,6.28,4712.0,481.0,12.93,1.32,6.21,11585.0,619.0,31.79,1.7,3.25,6783.0,525.0,18.62,1.44,4.7,43134.0,1092.0,74.63,1.89,1.54,850.0,164.0,1.97,0.38,11.73,57538.0,110.0,99.56,0.19,0.12,7862.0,662.0,13.66,1.15,5.12,14656.0,821.0,25.36,1.42,3.41,1325.0,340.0,9.04,2.32,15.6,36595.0,792.0,63.32,1.37,1.32,4062.0,432.0,11.1,1.18,6.46,6293.0,393.0,10.89,0.68,3.8,2472.0,245.0,39.28,3.89,6.02,56923.0,1780.0,98.49,3.08,1.9,50186.0,842.0,88.16,1.48,1.02,6159.0,808.0,10.82,1.42,7.98,586.0,228.0,1.03,0.4,23.61,57795.0,,100,,,35005.0,1017.0,60.57,1.76,1.77,31225.0,1000.0,54.03,1.73,1.95,3775.0,555.0,6.53,0.96,8.94,22789.0,1052.0,39.43,1.82,2.81,13038.0,563.0,57.21,2.47,2.62,9752.0,563.0,42.79,2.47,3.51,593.0,221.0,2.6,0.97,22.68,620.0,214.0,2.72,0.94,21.01,3336.0,526.0,14.64,2.31,9.59,0.0,,0.0,,,18229.0,586.0,79.99,2.57,1.95,10.0,121.0,0.04,0.53,805.47,53339.0,1757.0,92.29,3.04,2.0,36080.0,1061.0,67.64,1.99,1.79,6150.0,656.0,11.53,1.23,6.48,11585.0,939.0,21.72,1.76,4.93,44756.0,1289.0,77.44,2.23,1.75,28902.0,680.0,64.58,1.52,1.43,24068.0,725.0,53.78,1.62,1.83,4826.0,443.0,10.78,0.99,5.58,0.0,,0.0,,,15854.0,680.0,35.42,1.52,2.61,,,16.7,1.48,5.58,23442.0,780.0,40.56,1.35,2.02,7189.0,509.0,30.67,2.17,4.3,1032.0,216.0,4.4,0.92,12.71,13055.0,563.0,55.69,2.4,2.62,1122.0,258.0,4.79,1.1,13.96,606.0,164.0,2.59,0.7,16.43,24072.0,757.0,41.65,1.31,1.91,1.0,120.0,0.0,0.5,,909.0,205.0,3.78,0.85,13.67,698.0,202.0,2.9,0.84,17.61,428.0,142.0,1.78,0.59,20.15,3083.0,378.0,12.81,1.57,7.45,1958.0,298.0,8.13,1.24,9.27,345.0,118.0,1.43,0.49,20.83,1477.0,258.0,6.14,1.07,10.59,1981.0,274.0,8.23,1.14,8.42,9144.0,515.0,37.99,2.14,3.42,1892.0,289.0,7.86,1.2,9.28,1217.0,231.0,5.06,0.96,11.53,933.0,207.0,3.88,0.86,13.47,3071.0,350.0,14.93,1.7,6.92,1310.0,311.0,6.37,1.51,14.41,2644.0,313.0,12.85,1.52,7.19,2151.0,362.0,10.46,1.76,10.23,3163.0,331.0,15.37,1.61,6.37,3420.0,401.0,16.62,1.95,7.13,1921.0,276.0,9.34,1.34,8.72,2089.0,329.0,10.15,1.6,9.58,511.0,249.0,2.48,1.21,29.66,288.0,235.0,1.4,1.14,49.5,15544.0,389.0,75.56,1.89,1.52,5347.0,344.0,25.99,1.67,3.91,2537.0,274.0,12.33,1.33,6.56,2103.0,296.0,10.22,1.44,8.57,1592.0,321.0,7.74,1.56,12.25,6199.0,418.0,30.13,2.03,4.1,50402.0,713.0,87.6,1.24,0.86,29180.0,1266.0,50.71,2.2,2.64,27810.0,1185.0,48.33,2.06,2.59,7135.0,713.0,12.4,1.24,6.08,26724.0,665.0,46.24,1.15,1.51,31071.0,665.0,53.76,1.15,1.3,4456.0,439.0,7.71,0.76,5.99,3884.0,381.0,6.72,0.66,5.97,3898.0,370.0,6.74,0.64,5.77,4105.0,381.0,7.1,0.66,5.65,5012.0,491.0,8.67,0.85,5.96,8361.0,590.0,14.47,1.02,4.29,7206.0,497.0,12.47,0.86,4.19,8646.0,561.0,14.96,0.97,3.94,3237.0,364.0,5.6,0.63,6.84,2481.0,312.0,4.29,0.54,7.65,3730.0,364.0,6.45,0.63,5.94,2078.0,289.0,3.6,0.5,8.44,679.0,144.0,1.17,0.25,12.99,43134.0,717.0,74.63,1.24,1.01,6496.0,468.0,11.24,0.81,4.38,4818.0,786.0,8.34,1.36,9.91,40979.0,1156.0,70.9,2.0,1.71,404.0,301.0,0.7,0.52,45.16,796.0,254.0,1.38,0.44,19.38,38.0,127.0,0.07,0.22,191.06,9099.0,1046.0,15.74,1.81,6.99,1661.0,428.0,2.87,0.74,15.67,15350.0,1127.0,26.56,1.95,4.46,42444.0,1127.0,73.44,1.95,1.61,1367.0,399.0,2.37,0.69,17.7,39098.0,1173.0,67.65,2.03,1.82,221.0,272.0,0.38,0.47,75.19,792.0,249.0,1.37,0.43,19.08,38.0,133.0,0.07,0.23,199.74,396.0,214.0,0.69,0.37,32.6,551.0,214.0,0.95,0.37,23.68
112,Eastchester-Edenwald-Baychester,BX1202,Eastchester-Edenwald-Baychester,16189.0,,100,,,6660.0,502.0,41.14,3.1,4.58,15145.0,1031.0,29.38,2.0,4.14,751.0,220.0,4.96,1.45,17.77,827.0,217.0,5.46,1.43,15.92,5096.0,459.0,33.65,3.03,5.47,3593.0,436.0,23.72,2.88,7.38,4874.0,498.0,32.18,3.29,6.22,33030.0,1211.0,64.09,2.35,2.23,3116.0,509.0,9.43,1.54,9.93,3068.0,459.0,9.29,1.39,9.1,9361.0,776.0,28.34,2.35,5.04,8116.0,733.0,24.57,2.22,5.49,39528.0,1433.0,76.69,2.78,2.2,1063.0,265.0,2.69,0.67,15.14,50442.0,381.0,97.87,0.74,0.46,6421.0,636.0,12.73,1.26,6.02,11974.0,886.0,23.23,1.72,4.5,494.0,165.0,4.13,1.38,20.31,32272.0,783.0,62.62,1.52,1.47,3578.0,516.0,11.09,1.6,8.77,6189.0,484.0,12.01,0.94,4.75,2352.0,269.0,38.0,4.34,6.94,51070.0,1866.0,99.09,3.62,2.22,46862.0,802.0,91.76,1.57,1.04,3500.0,720.0,6.85,1.41,12.51,720.0,368.0,1.41,0.72,31.04,51540.0,,100,,,31646.0,1144.0,61.4,2.22,2.2,29335.0,1160.0,56.92,2.25,2.4,2321.0,412.0,4.5,0.8,10.81,19894.0,1170.0,38.6,2.27,3.58,12689.0,796.0,63.78,4.0,3.81,7204.0,796.0,36.21,4.0,6.72,429.0,151.0,2.16,0.76,21.39,900.0,529.0,4.52,2.66,35.77,2697.0,732.0,13.56,3.68,16.5,0.0,,0.0,,,15831.0,814.0,79.58,4.09,3.12,35.0,99.0,0.18,0.5,168.86,48499.0,1350.0,94.1,2.62,1.69,33454.0,1343.0,68.98,2.77,2.44,4472.0,650.0,9.22,1.34,8.84,8768.0,1130.0,18.08,2.33,7.83,41135.0,1505.0,79.81,2.92,2.22,25042.0,720.0,60.88,1.75,1.75,22087.0,782.0,53.69,1.9,2.15,2947.0,485.0,7.16,1.18,10.02,0.0,,0.0,,,16093.0,720.0,39.12,1.75,2.72,,,11.77,1.91,10.0,21378.0,876.0,41.48,1.7,2.49,7650.0,671.0,35.78,3.14,5.33,1132.0,291.0,5.3,1.36,15.6,10795.0,684.0,50.5,3.2,3.85,1086.0,291.0,5.08,1.36,16.27,425.0,180.0,1.99,0.84,25.66,22089.0,840.0,42.86,1.63,2.31,20.0,99.0,0.09,0.45,303.95,1248.0,314.0,5.65,1.42,15.28,598.0,216.0,2.71,0.98,21.98,301.0,155.0,1.36,0.7,31.29,1931.0,345.0,8.74,1.56,10.85,1425.0,311.0,6.45,1.41,13.29,464.0,181.0,2.1,0.82,23.74,1209.0,294.0,5.47,1.33,14.78,1732.0,376.0,7.84,1.7,13.18,9391.0,596.0,42.51,2.7,3.86,1462.0,322.0,6.62,1.46,13.41,1380.0,358.0,6.25,1.62,15.76,928.0,252.0,4.2,1.14,16.5,1735.0,291.0,10.72,1.8,10.21,983.0,244.0,6.07,1.51,15.12,1333.0,288.0,8.23,1.78,13.15,2043.0,364.0,12.62,2.25,10.84,2202.0,364.0,13.6,2.25,10.06,2448.0,351.0,15.12,2.17,8.72,1977.0,337.0,12.21,2.08,10.36,2207.0,348.0,13.63,2.15,9.59,820.0,194.0,5.07,1.2,14.39,437.0,144.0,2.7,0.89,20.04,12611.0,382.0,77.9,2.36,1.84,4418.0,385.0,27.29,2.38,5.3,2386.0,303.0,14.74,1.87,7.71,1734.0,291.0,10.71,1.8,10.22,978.0,253.0,6.04,1.56,15.7,4062.0,408.0,25.09,2.52,6.11,45841.0,651.0,90.88,1.29,0.86,29990.0,1428.0,59.45,2.83,2.89,21646.0,1352.0,42.91,2.68,3.8,4601.0,651.0,9.12,1.29,8.6,22369.0,768.0,43.4,1.49,2.09,29171.0,768.0,56.6,1.49,1.6,3041.0,454.0,5.9,0.88,9.07,3245.0,454.0,6.3,0.88,8.49,3239.0,402.0,6.28,0.78,7.55,4181.0,515.0,8.11,1.0,7.5,4820.0,618.0,9.35,1.2,7.8,6572.0,768.0,12.75,1.49,7.1,6342.0,608.0,12.31,1.18,5.83,7202.0,598.0,13.97,1.16,5.05,3298.0,448.0,6.4,0.87,8.26,2651.0,412.0,5.14,0.8,9.46,3754.0,443.0,7.28,0.86,7.18,2389.0,361.0,4.64,0.7,9.17,805.0,201.0,1.56,0.39,15.2,39528.0,758.0,76.69,1.47,1.17,6941.0,562.0,13.47,1.09,4.92,4046.0,701.0,7.85,1.36,10.53,37019.0,1330.0,71.83,2.58,2.18,672.0,392.0,1.3,0.76,35.54,1744.0,830.0,3.38,1.61,28.96,110.0,160.0,0.21,0.31,89.74,6549.0,1211.0,12.71,2.35,11.24,1393.0,428.0,2.7,0.83,18.69,11470.0,1278.0,22.25,2.48,6.78,40070.0,1278.0,77.75,2.48,1.94,1711.0,387.0,3.32,0.75,13.73,35317.0,1304.0,68.52,2.53,2.24,340.0,273.0,0.66,0.53,48.82,1734.0,830.0,3.36,1.61,29.13,89.0,160.0,0.17,0.31,110.85,163.0,165.0,0.32,0.32,60.79,703.0,278.0,1.36,0.54,24.14
113,Wakefield-Woodlawn,BX1203,Wakefield-Woodlawn,17046.0,,100,,,5644.0,353.0,33.11,2.07,3.8,11659.0,727.0,24.87,1.55,3.79,765.0,178.0,6.56,1.53,14.18,561.0,175.0,4.81,1.5,18.96,4387.0,301.0,37.63,2.58,4.17,2515.0,308.0,21.57,2.64,7.44,3432.0,331.0,29.44,2.84,5.86,32405.0,1088.0,69.13,2.32,2.04,2717.0,350.0,8.38,1.08,7.83,3185.0,373.0,9.83,1.15,7.11,10013.0,574.0,30.9,1.77,3.48,8304.0,509.0,25.63,1.57,3.72,36850.0,1359.0,78.61,2.9,2.24,1643.0,262.0,4.46,0.71,9.68,46447.0,938.0,99.08,2.0,1.23,5643.0,502.0,12.15,1.08,5.4,10000.0,656.0,21.33,1.4,3.99,445.0,153.0,4.45,1.53,20.9,29911.0,609.0,63.81,1.3,1.24,2923.0,383.0,9.77,1.28,7.96,6532.0,347.0,13.93,0.74,3.23,2277.0,233.0,34.86,3.56,6.21,46390.0,1669.0,98.96,3.56,2.19,41645.0,724.0,89.77,1.56,1.06,4412.0,710.0,9.51,1.53,9.78,329.0,167.0,0.71,0.36,30.82,46877.0,,100,,,28215.0,877.0,60.19,1.87,1.89,26037.0,872.0,55.54,1.86,2.04,2176.0,403.0,4.64,0.86,11.27,18662.0,802.0,39.81,1.71,2.61,11762.0,495.0,63.03,2.65,2.56,6900.0,495.0,36.97,2.65,4.36,2049.0,274.0,10.98,1.47,8.14,470.0,209.0,2.52,1.12,27.02,1345.0,388.0,7.21,2.08,17.54,20.0,119.0,0.11,0.64,353.69,14764.0,481.0,79.11,2.58,1.98,13.0,116.0,0.07,0.62,538.43,44112.0,1373.0,94.1,2.93,1.89,33202.0,913.0,75.27,2.07,1.67,3583.0,459.0,8.12,1.04,7.79,7023.0,732.0,15.92,1.66,6.34,37897.0,1223.0,80.84,2.61,1.96,24247.0,629.0,63.98,1.66,1.58,21632.0,644.0,57.08,1.7,1.81,2609.0,356.0,6.88,0.94,8.31,5.0,114.0,0.01,0.3,1823.71,13650.0,629.0,36.02,1.66,2.8,,,10.76,1.44,8.29,20928.0,609.0,44.64,1.3,1.77,7619.0,467.0,36.41,2.23,3.72,1207.0,222.0,5.77,1.06,11.17,10343.0,481.0,49.42,2.3,2.83,1009.0,228.0,4.82,1.09,13.75,465.0,140.0,2.22,0.67,18.35,21635.0,595.0,46.15,1.27,1.67,84.0,147.0,0.39,0.68,105.99,1297.0,240.0,5.99,1.11,11.26,646.0,169.0,2.99,0.78,15.86,234.0,145.0,1.08,0.67,37.71,2054.0,318.0,9.49,1.47,9.42,1446.0,234.0,6.68,1.08,9.83,451.0,145.0,2.08,0.67,19.58,1411.0,234.0,6.52,1.08,10.07,2052.0,273.0,9.48,1.26,8.08,8081.0,478.0,37.35,2.21,3.6,1658.0,290.0,7.66,1.34,10.63,1297.0,244.0,5.99,1.13,11.47,933.0,190.0,4.31,0.88,12.41,1544.0,252.0,9.06,1.48,9.93,1271.0,227.0,7.46,1.33,10.84,1428.0,213.0,8.38,1.25,9.07,1425.0,228.0,8.36,1.34,9.74,2162.0,273.0,12.68,1.6,7.67,3052.0,332.0,17.9,1.95,6.62,2395.0,283.0,14.05,1.66,7.18,2555.0,280.0,14.99,1.64,6.65,799.0,159.0,4.69,0.93,12.05,410.0,111.0,2.41,0.65,16.4,13311.0,327.0,78.09,1.92,1.49,5205.0,338.0,30.54,1.98,3.94,3030.0,276.0,17.78,1.62,5.54,1067.0,194.0,6.26,1.14,11.07,936.0,206.0,5.49,1.21,13.4,3449.0,334.0,20.23,1.96,5.89,41203.0,636.0,88.71,1.37,0.94,27117.0,1017.0,58.38,2.19,2.28,18779.0,994.0,40.43,2.14,3.22,5244.0,636.0,11.29,1.37,7.38,22174.0,595.0,47.3,1.27,1.63,24703.0,595.0,52.7,1.27,1.46,2765.0,347.0,5.9,0.74,7.62,2552.0,328.0,5.44,0.7,7.82,2920.0,295.0,6.23,0.63,6.15,2825.0,366.0,6.03,0.78,7.86,3417.0,375.0,7.29,0.8,6.67,6745.0,544.0,14.39,1.16,4.9,6176.0,478.0,13.17,1.02,4.71,6783.0,553.0,14.47,1.18,4.96,3197.0,333.0,6.82,0.71,6.33,2753.0,361.0,5.87,0.77,7.97,3542.0,347.0,7.56,0.74,5.95,2231.0,286.0,4.76,0.61,7.79,998.0,197.0,2.13,0.42,11.99,36854.0,558.0,78.62,1.19,0.92,6759.0,478.0,14.42,1.02,4.3,10001.0,717.0,21.33,1.53,4.36,28552.0,975.0,60.91,2.08,2.08,150.0,173.0,0.32,0.37,70.29,1596.0,356.0,3.4,0.76,13.59,22.0,122.0,0.05,0.26,316.11,5450.0,839.0,11.63,1.79,9.36,1124.0,352.0,2.4,0.75,19.0,9367.0,961.0,19.98,2.05,6.24,37510.0,961.0,80.02,2.05,1.56,7177.0,483.0,15.31,1.03,4.09,27549.0,980.0,58.77,2.09,2.16,11.0,117.0,0.02,0.25,759.88,1586.0,356.0,3.38,0.76,13.67,22.0,122.0,0.05,0.26,316.11,575.0,281.0,1.23,0.6,29.65,611.0,277.0,1.3,0.59,27.59
114,Woodlawn Cemetery,BX1271,Woodlawn Cemetery,0.0,,100,,,0.0,,,,,0.0,,,,,0.0,,,,,0.0,,,,,0.0,,,,,0.0,,,,,0.0,,,,,0.0,,,,,0.0,,,,,0.0,,,,,0.0,,,,,0.0,,,,,0.0,,,,,0.0,,,,,0.0,,,,,0.0,,,,,0.0,,,,,0.0,,,,,0.0,,,,,0.0,,,,,0.0,,,,,0.0,,,,,0.0,,,,,0.0,,,,,0.0,,,,,0.0,,,,,0.0,,100,,,0.0,,,,,0.0,,,,,0.0,,,,,0.0,,,,,0.0,,,,,0.0,,,,,0.0,,,,,0.0,,,,,0.0,,,,,0.0,,,,,0.0,,,,,0.0,,,,,0.0,,,,,0.0,,,,,0.0,,,,,0.0,,,,,0.0,,,,,0.0,,,,,0.0,,,,,0.0,,,,,0.0,,,,,0.0,,,,,,,,,,0.0,,,,,0.0,,,,,0.0,,,,,0.0,,,,,0.0,,,,,0.0,,,,,0.0,,,,,0.0,,,,,0.0,,,,,0.0,,,,,0.0,,,,,0.0,,,,,0.0,,,,,0.0,,,,,0.0,,,,,0.0,,,,,0.0,,,,,0.0,,,,,0.0,,,,,0.0,,,,,0.0,,,,,0.0,,,,,0.0,,,,,0.0,,,,,0.0,,,,,0.0,,,,,0.0,,,,,0.0,,,,,0.0,,,,,0.0,,,,,0.0,,,,,0.0,,,,,0.0,,,,,0.0,,,,,0.0,,,,,0.0,,,,,0.0,,,,,0.0,,,,,0.0,,,,,0.0,,,,,0.0,,,,,0.0,,,,,0.0,,,,,0.0,,,,,0.0,,,,,0.0,,,,,0.0,,,,,0.0,,,,,0.0,,,,,0.0,,,,,0.0,,,,,0.0,,,,,0.0,,,,,0.0,,,,,0.0,,,,,0.0,,,,,0.0,,,,,0.0,,,,,0.0,,,,,0.0,,,,,0.0,,,,,0.0,,,,,0.0,,,,,0.0,,,,,0.0,,,,,0.0,,,,,0.0,,,,,0.0,,,,,0.0,,,,,0.0,,,,,0.0,,,,,0.0,,,,,0.0,,,,
115,Van Cortlandt Park,BX2691,Van Cortlandt Park,0.0,,100,,,0.0,,,,,0.0,,,,,0.0,,,,,0.0,,,,,0.0,,,,,0.0,,,,,0.0,,,,,0.0,,,,,0.0,,,,,0.0,,,,,0.0,,,,,0.0,,,,,0.0,,,,,0.0,,,,,0.0,,,,,0.0,,,,,0.0,,,,,0.0,,,,,0.0,,,,,0.0,,,,,0.0,,,,,0.0,,,,,0.0,,,,,0.0,,,,,0.0,,,,,0.0,,,,,0.0,,100,,,0.0,,,,,0.0,,,,,0.0,,,,,0.0,,,,,0.0,,,,,0.0,,,,,0.0,,,,,0.0,,,,,0.0,,,,,0.0,,,,,0.0,,,,,0.0,,,,,0.0,,,,,0.0,,,,,0.0,,,,,0.0,,,,,0.0,,,,,0.0,,,,,0.0,,,,,0.0,,,,,0.0,,,,,0.0,,,,,,,,,,0.0,,,,,0.0,,,,,0.0,,,,,0.0,,,,,0.0,,,,,0.0,,,,,0.0,,,,,0.0,,,,,0.0,,,,,0.0,,,,,0.0,,,,,0.0,,,,,0.0,,,,,0.0,,,,,0.0,,,,,0.0,,,,,0.0,,,,,0.0,,,,,0.0,,,,,0.0,,,,,0.0,,,,,0.0,,,,,0.0,,,,,0.0,,,,,0.0,,,,,0.0,,,,,0.0,,,,,0.0,,,,,0.0,,,,,0.0,,,,,0.0,,,,,0.0,,,,,0.0,,,,,0.0,,,,,0.0,,,,,0.0,,,,,0.0,,,,,0.0,,,,,0.0,,,,,0.0,,,,,0.0,,,,,0.0,,,,,0.0,,,,,0.0,,,,,0.0,,,,,0.0,,,,,0.0,,,,,0.0,,,,,0.0,,,,,0.0,,,,,0.0,,,,,0.0,,,,,0.0,,,,,0.0,,,,,0.0,,,,,0.0,,,,,0.0,,,,,0.0,,,,,0.0,,,,,0.0,,,,,0.0,,,,,0.0,,,,,0.0,,,,,0.0,,,,,0.0,,,,,0.0,,,,,0.0,,,,,0.0,,,,,0.0,,,,,0.0,,,,,0.0,,,,,0.0,,,,,0.0,,,,
116,Bronx Park,BX2791,Bronx Park,0.0,,100,,,0.0,,,,,0.0,,,,,0.0,,,,,0.0,,,,,0.0,,,,,0.0,,,,,0.0,,,,,0.0,,,,,0.0,,,,,0.0,,,,,0.0,,,,,0.0,,,,,0.0,,,,,0.0,,,,,0.0,,,,,0.0,,,,,0.0,,,,,0.0,,,,,0.0,,,,,0.0,,,,,0.0,,,,,0.0,,,,,0.0,,,,,0.0,,,,,0.0,,,,,0.0,,,,,0.0,,100,,,0.0,,,,,0.0,,,,,0.0,,,,,0.0,,,,,0.0,,,,,0.0,,,,,0.0,,,,,0.0,,,,,0.0,,,,,0.0,,,,,0.0,,,,,0.0,,,,,0.0,,,,,0.0,,,,,0.0,,,,,0.0,,,,,0.0,,,,,0.0,,,,,0.0,,,,,0.0,,,,,0.0,,,,,0.0,,,,,,,,,,0.0,,,,,0.0,,,,,0.0,,,,,0.0,,,,,0.0,,,,,0.0,,,,,0.0,,,,,0.0,,,,,0.0,,,,,0.0,,,,,0.0,,,,,0.0,,,,,0.0,,,,,0.0,,,,,0.0,,,,,0.0,,,,,0.0,,,,,0.0,,,,,0.0,,,,,0.0,,,,,0.0,,,,,0.0,,,,,0.0,,,,,0.0,,,,,0.0,,,,,0.0,,,,,0.0,,,,,0.0,,,,,0.0,,,,,0.0,,,,,0.0,,,,,0.0,,,,,0.0,,,,,0.0,,,,,0.0,,,,,0.0,,,,,0.0,,,,,0.0,,,,,0.0,,,,,0.0,,,,,0.0,,,,,0.0,,,,,0.0,,,,,0.0,,,,,0.0,,,,,0.0,,,,,0.0,,,,,0.0,,,,,0.0,,,,,0.0,,,,,0.0,,,,,0.0,,,,,0.0,,,,,0.0,,,,,0.0,,,,,0.0,,,,,0.0,,,,,0.0,,,,,0.0,,,,,0.0,,,,,0.0,,,,,0.0,,,,,0.0,,,,,0.0,,,,,0.0,,,,,0.0,,,,,0.0,,,,,0.0,,,,,0.0,,,,,0.0,,,,,0.0,,,,,0.0,,,,,0.0,,,,
117,Pelham Bay Park,BX2891,Pelham Bay Park,1.0,,100,,,1.0,0.0,100.0,32.6,19.82,25.0,11.0,42.37,19.2,26.75,0.0,,0.0,,,0.0,,0.0,,,15.0,6.0,59.96,24.8,25.14,8.0,4.0,31.98,17.9,34.03,2.0,3.0,7.99,12.6,95.86,27.0,22.0,45.76,36.64,49.53,0.0,,0.0,,,4.0,6.0,14.8,20.6,84.61,7.0,6.0,25.9,22.7,53.28,0.0,,0.0,,,36.0,30.0,61.02,50.35,50.66,3.0,4.0,8.34,12.1,88.2,59.0,0.0,100.0,0.0,0.0,3.0,4.0,5.08,7.6,90.95,23.0,11.0,38.98,19.1,29.07,0.0,,0.0,,,32.0,4.0,54.24,7.34,7.6,3.0,4.0,9.38,13.8,89.44,4.0,5.0,6.78,9.29,75.99,0.0,,0.0,,,59.0,0.0,100.0,0.0,0.0,48.0,14.0,81.36,24.2,18.08,8.0,14.0,13.56,24.2,108.49,3.0,4.0,5.08,6.7,80.18,59.0,,100,,,44.0,14.0,74.58,23.0,18.75,40.0,17.0,67.8,28.9,25.91,4.0,4.0,6.78,7.6,68.14,15.0,13.0,25.42,22.24,52.68,8.0,5.0,53.38,35.0,39.86,7.0,5.0,46.71,35.0,45.55,0.0,,0.0,,,0.0,,0.0,,,11.0,7.0,73.4,47.4,39.26,0.0,,0.0,,,4.0,7.0,26.69,47.4,107.96,0.0,,0.0,,,59.0,0.0,100.0,0.0,0.0,40.0,17.0,67.8,29.6,26.54,0.0,,0.0,,,8.0,14.0,13.56,24.2,108.49,44.0,3.0,74.58,4.86,4.14,28.0,10.0,63.62,22.0,21.02,14.0,9.0,31.81,20.7,39.56,14.0,6.0,31.81,13.9,26.56,0.0,,0.0,,,16.0,10.0,36.35,22.0,36.79,,,50.0,11.85,26.05,14.0,11.0,23.73,18.8,47.76,12.0,3.0,85.82,22.8,16.15,2.0,3.0,14.3,22.8,96.92,0.0,,0.0,,,0.0,,0.0,,,0.0,,0.0,,,14.0,11.0,23.73,18.8,47.76,0.0,,0.0,,,0.0,,0.0,,,0.0,,0.0,,,0.0,,0.0,,,0.0,,0.0,,,4.0,5.0,28.61,32.5,69.06,0.0,,0.0,,,0.0,,0.0,,,0.0,,0.0,,,4.0,4.0,28.61,28.8,61.19,6.0,8.0,42.91,55.1,78.06,0.0,,0.0,,,0.0,,0.0,,,0.0,,0.0,,,0.0,,0.0,,,0.0,,0.0,,,0.0,,0.0,,,0.0,,0.0,,,0.0,,0.0,,,0.0,,0.0,,,0.0,,0.0,,,0.0,,0.0,,,0.0,,0.0,,,0.0,,0.0,,,0.0,,0.0,,,0.0,,0.0,,,0.0,,0.0,,,0.0,,0.0,,,0.0,,0.0,,,59.0,22.0,100.0,37.0,22.49,48.0,14.0,81.36,24.2,18.08,23.0,19.0,38.98,31.9,49.75,0.0,,0.0,,,33.0,12.0,55.93,19.5,21.19,26.0,12.0,44.07,19.5,26.9,0.0,,0.0,,,7.0,8.0,11.86,14.0,71.76,8.0,5.0,13.56,8.0,35.86,13.0,8.0,22.03,13.7,37.8,4.0,5.0,6.78,7.9,70.83,0.0,,0.0,,,8.0,6.0,13.56,9.8,43.93,11.0,7.0,18.64,12.5,40.77,0.0,,0.0,,,4.0,6.0,6.78,11.0,98.63,0.0,,0.0,,,4.0,7.0,6.78,12.2,109.39,0.0,,0.0,,,36.0,7.0,61.02,12.1,12.05,4.0,7.0,6.78,12.2,109.39,21.0,24.0,35.59,40.6,69.35,30.0,19.0,50.85,32.0,38.26,0.0,,0.0,,,0.0,,0.0,,,0.0,,0.0,,,0.0,,0.0,,,8.0,14.0,13.56,24.2,108.49,8.0,14.0,13.56,24.2,108.49,51.0,14.0,86.44,24.2,17.02,21.0,24.0,35.59,40.6,69.35,30.0,19.0,50.85,32.0,38.26,0.0,,0.0,,,0.0,,0.0,,,0.0,,0.0,,,0.0,,0.0,,,0.0,,0.0,,
118,Financial District-Battery Park City,MN0101,Financial District-Battery Park City,28219.0,,100,,,5334.0,528.0,18.9,1.87,6.01,8879.0,819.0,19.41,1.79,5.61,877.0,210.0,9.88,2.37,14.58,584.0,227.0,6.58,2.56,23.65,2267.0,345.0,25.53,3.89,9.26,758.0,244.0,8.54,2.75,19.58,4388.0,381.0,49.42,4.29,5.28,33949.0,1153.0,74.23,2.52,2.06,676.0,292.0,1.99,0.86,26.27,348.0,160.0,1.03,0.47,27.74,1262.0,282.0,3.72,0.83,13.56,28729.0,601.0,84.62,1.77,1.27,38906.0,1683.0,85.06,3.68,2.63,537.0,160.0,1.38,0.41,18.06,45718.0,672.0,99.96,1.47,0.89,1696.0,302.0,3.71,0.66,10.81,6825.0,691.0,14.92,1.51,6.15,18.0,70.0,0.26,1.02,238.48,36164.0,1496.0,79.07,3.27,2.51,818.0,199.0,2.26,0.55,14.79,2733.0,279.0,5.98,0.61,6.21,866.0,192.0,31.69,7.03,13.49,45092.0,1958.0,98.59,4.28,2.64,33475.0,1159.0,74.24,2.57,2.1,10079.0,1136.0,22.35,2.52,6.85,1545.0,505.0,3.43,1.12,19.85,45737.0,,100,,,32428.0,892.0,70.9,1.95,1.67,31424.0,910.0,68.71,1.99,1.76,1004.0,306.0,2.2,0.67,18.51,13309.0,878.0,29.1,1.92,4.01,5861.0,551.0,44.04,4.14,5.71,7447.0,551.0,55.96,4.14,4.5,4486.0,560.0,33.71,4.21,7.59,6236.0,582.0,46.86,4.37,5.67,207.0,132.0,1.56,0.99,38.58,379.0,181.0,2.85,1.36,29.01,1564.0,347.0,11.75,2.61,13.5,435.0,190.0,3.27,1.43,26.58,42568.0,1688.0,93.07,3.69,2.41,29922.0,1073.0,70.29,2.52,2.18,2917.0,490.0,6.85,1.15,10.21,2566.0,758.0,6.03,1.78,17.94,39209.0,1541.0,85.73,3.37,2.39,31647.0,580.0,80.71,1.48,1.11,30440.0,623.0,77.64,1.59,1.24,1207.0,310.0,3.08,0.79,15.59,5.0,74.0,0.01,0.19,1155.02,7562.0,580.0,19.29,1.48,4.66,,,3.81,0.98,15.61,29925.0,778.0,65.43,1.7,1.58,1199.0,293.0,4.01,0.98,14.86,280.0,174.0,0.94,0.58,37.51,16420.0,787.0,54.87,2.63,2.91,9144.0,721.0,30.56,2.41,4.79,1744.0,374.0,5.83,1.25,13.03,30422.0,1271.0,66.52,2.78,2.54,0.0,,0.0,,,176.0,113.0,0.58,0.37,38.78,579.0,176.0,1.9,0.58,18.56,456.0,189.0,1.5,0.62,25.13,1655.0,307.0,5.44,1.01,11.29,343.0,149.0,1.13,0.49,26.36,2128.0,377.0,7.0,1.24,10.77,8663.0,694.0,28.48,2.28,4.87,9254.0,681.0,30.42,2.24,4.48,4315.0,517.0,14.18,1.7,7.29,1606.0,347.0,5.28,1.14,13.13,727.0,207.0,2.39,0.68,17.3,497.0,164.0,1.63,0.54,20.14,1659.0,370.0,5.88,1.31,13.54,506.0,195.0,1.79,0.69,23.43,968.0,302.0,3.43,1.07,18.96,589.0,209.0,2.09,0.74,21.52,1083.0,293.0,3.84,1.04,16.46,2436.0,452.0,8.63,1.6,11.27,2702.0,502.0,9.58,1.78,11.3,5889.0,649.0,20.87,2.3,6.7,3242.0,468.0,11.49,1.66,8.78,9149.0,737.0,32.42,2.61,4.89,25571.0,406.0,90.62,1.44,0.97,2349.0,288.0,8.32,1.02,7.45,1084.0,237.0,3.84,0.84,13.3,286.0,150.0,1.01,0.53,31.9,202.0,130.0,0.72,0.46,38.84,581.0,189.0,2.06,0.67,19.77,43650.0,448.0,95.48,0.98,0.62,41537.0,544.0,90.85,1.19,0.8,4122.0,494.0,9.02,1.08,7.28,2068.0,448.0,4.52,0.98,13.18,22210.0,814.0,48.56,1.78,2.23,23527.0,814.0,51.44,1.78,2.1,3169.0,402.0,6.93,0.88,7.72,1827.0,398.0,3.99,0.87,13.26,1177.0,297.0,2.57,0.65,15.37,1915.0,407.0,4.19,0.89,12.91,3685.0,649.0,8.06,1.42,10.71,14134.0,1025.0,30.9,2.24,4.41,9171.0,773.0,20.05,1.69,5.12,4436.0,535.0,9.7,1.17,7.33,1860.0,352.0,4.07,0.77,11.5,1612.0,334.0,3.52,0.73,12.61,1633.0,270.0,3.57,0.59,10.05,672.0,192.0,1.47,0.42,17.37,437.0,192.0,0.96,0.42,26.6,38912.0,585.0,85.08,1.28,0.91,2733.0,302.0,5.98,0.66,6.71,32408.0,974.0,70.86,2.13,1.83,1193.0,288.0,2.61,0.63,14.67,37.0,78.0,0.08,0.17,129.18,9748.0,892.0,21.31,1.95,5.56,5.0,69.0,0.01,0.15,911.85,999.0,361.0,2.18,0.79,22.03,1357.0,361.0,2.97,0.79,16.17,3962.0,828.0,8.66,1.81,12.71,41775.0,828.0,91.34,1.81,1.2,29643.0,1047.0,64.81,2.29,2.15,1102.0,288.0,2.41,0.63,15.89,37.0,78.0,0.08,0.17,129.18,9700.0,892.0,21.21,1.95,5.59,5.0,69.0,0.01,0.15,911.85,229.0,160.0,0.5,0.35,42.55,1075.0,302.0,2.35,0.66,17.07
119,Tribeca-Civic Center,MN0102,Tribeca-Civic Center,11449.0,,100,,,3095.0,307.0,27.03,2.68,6.03,5053.0,431.0,24.86,2.12,5.19,584.0,182.0,11.56,3.6,18.93,263.0,100.0,5.2,1.97,23.03,1768.0,259.0,34.99,5.13,8.91,636.0,230.0,12.59,4.55,21.97,1803.0,188.0,35.68,3.72,6.34,14465.0,935.0,71.15,4.6,3.93,313.0,129.0,2.16,0.89,25.05,369.0,133.0,2.55,0.92,21.93,731.0,272.0,5.05,1.88,22.63,11767.0,395.0,81.35,2.73,2.04,16224.0,848.0,79.81,4.17,3.18,272.0,115.0,1.68,0.71,25.69,20226.0,22.0,99.49,0.11,0.07,827.0,218.0,4.09,1.08,16.05,4105.0,339.0,20.19,1.67,5.02,45.0,51.0,1.1,1.24,68.53,14213.0,522.0,69.91,2.57,2.23,323.0,163.0,2.27,1.15,30.8,1907.0,266.0,9.38,1.31,8.48,453.0,145.0,23.76,7.58,19.39,20095.0,1033.0,98.85,5.08,3.12,16617.0,486.0,82.69,2.42,1.78,2949.0,472.0,14.68,2.35,9.73,520.0,257.0,2.59,1.28,30.04,20329.0,,100,,,16178.0,533.0,79.58,2.62,2.0,15786.0,543.0,77.65,2.67,2.09,395.0,150.0,1.94,0.74,23.19,4151.0,537.0,20.42,2.64,7.86,1862.0,261.0,44.86,6.29,8.52,2289.0,261.0,55.15,6.29,6.93,1567.0,237.0,37.75,5.72,9.21,1696.0,243.0,40.86,5.85,8.7,157.0,99.0,3.78,2.38,38.28,95.0,52.0,2.29,1.26,33.45,466.0,166.0,11.23,4.01,21.71,170.0,91.0,4.1,2.2,32.62,18886.0,939.0,92.9,4.62,3.02,14995.0,529.0,79.4,2.8,2.14,950.0,298.0,5.03,1.58,19.1,993.0,355.0,5.26,1.88,21.73,16555.0,671.0,81.44,3.3,2.46,11976.0,442.0,72.34,2.67,2.24,11571.0,449.0,69.9,2.71,2.36,413.0,129.0,2.49,0.78,19.04,0.0,,0.0,,,4578.0,442.0,27.65,2.67,5.87,,,3.45,1.07,18.99,11338.0,577.0,55.77,2.84,3.09,723.0,185.0,6.38,1.63,15.53,84.0,59.0,0.74,0.52,42.72,5780.0,416.0,50.98,3.67,4.38,2651.0,348.0,23.38,3.07,7.98,1098.0,243.0,9.68,2.14,13.44,11569.0,561.0,56.91,2.76,2.95,9.0,53.0,0.08,0.46,349.54,140.0,105.0,1.21,0.91,45.72,353.0,147.0,3.05,1.27,25.31,355.0,161.0,3.07,1.39,27.52,610.0,198.0,5.27,1.71,19.73,102.0,89.0,0.88,0.77,53.19,960.0,214.0,8.3,1.85,13.55,3459.0,378.0,29.9,3.27,6.65,2851.0,364.0,24.64,3.15,7.77,1666.0,257.0,14.4,2.22,9.37,715.0,226.0,6.18,1.95,19.18,272.0,123.0,2.35,1.06,27.42,77.0,58.0,0.67,0.5,45.37,488.0,176.0,4.26,1.54,21.98,278.0,124.0,2.43,1.08,27.02,447.0,123.0,3.9,1.07,16.68,415.0,202.0,3.62,1.76,29.56,489.0,190.0,4.27,1.66,23.63,662.0,220.0,5.78,1.92,20.19,750.0,245.0,6.55,2.14,19.86,1117.0,271.0,9.76,2.37,14.76,914.0,236.0,7.98,2.06,15.69,5892.0,398.0,51.46,3.48,4.11,10266.0,245.0,89.67,2.14,1.45,1732.0,266.0,15.13,2.32,9.32,804.0,218.0,7.02,1.9,16.45,177.0,124.0,1.55,1.08,42.36,64.0,81.0,0.56,0.71,77.07,455.0,165.0,3.97,1.44,22.05,19772.0,200.0,97.76,0.99,0.62,18297.0,370.0,90.46,1.83,1.23,2542.0,368.0,12.57,1.82,8.8,454.0,200.0,2.24,0.99,26.87,10056.0,380.0,49.47,1.87,2.3,10273.0,380.0,50.53,1.87,2.25,1443.0,281.0,7.1,1.38,11.82,1354.0,246.0,6.66,1.21,11.04,849.0,199.0,4.18,0.98,14.25,826.0,258.0,4.06,1.27,19.02,1395.0,218.0,6.86,1.07,9.48,3908.0,439.0,19.22,2.16,6.83,3988.0,421.0,19.62,2.07,6.41,2501.0,370.0,12.3,1.82,8.99,1052.0,260.0,5.17,1.28,15.05,1114.0,276.0,5.48,1.36,15.09,1388.0,242.0,6.83,1.19,10.59,362.0,118.0,1.78,0.58,19.81,159.0,85.0,0.78,0.42,32.73,16224.0,285.0,79.81,1.4,1.07,1910.0,272.0,9.4,1.34,8.67,15498.0,535.0,76.24,2.63,2.1,829.0,254.0,4.08,1.25,18.62,9.0,55.0,0.04,0.27,410.33,2691.0,325.0,13.24,1.6,7.35,0.0,,0.0,,,207.0,187.0,1.02,0.92,54.83,1099.0,321.0,5.41,1.58,17.75,1499.0,472.0,7.37,2.32,19.14,18830.0,472.0,92.63,2.32,1.52,14368.0,653.0,70.68,3.21,2.76,810.0,250.0,3.98,1.23,18.79,9.0,55.0,0.04,0.27,410.33,2646.0,311.0,13.02,1.53,7.14,0.0,,0.0,,,48.0,65.0,0.24,0.32,81.05,958.0,287.0,4.71,1.41,18.2
120,The Battery-Governors Island-Ellis Island-Liberty Island,MN0191,The Battery-Governors Island-Ellis Island-Liberty Island,0.0,,100,,,0.0,,,,,0.0,,,,,0.0,,,,,0.0,,,,,0.0,,,,,0.0,,,,,0.0,,,,,0.0,,,,,0.0,,,,,0.0,,,,,0.0,,,,,0.0,,,,,0.0,,,,,0.0,,,,,0.0,,,,,0.0,,,,,0.0,,,,,0.0,,,,,0.0,,,,,0.0,,,,,0.0,,,,,0.0,,,,,0.0,,,,,0.0,,,,,0.0,,,,,0.0,,,,,0.0,,100,,,0.0,,,,,0.0,,,,,0.0,,,,,0.0,,,,,0.0,,,,,0.0,,,,,0.0,,,,,0.0,,,,,0.0,,,,,0.0,,,,,0.0,,,,,0.0,,,,,0.0,,,,,0.0,,,,,0.0,,,,,0.0,,,,,0.0,,,,,0.0,,,,,0.0,,,,,0.0,,,,,0.0,,,,,0.0,,,,,,,,,,0.0,,,,,0.0,,,,,0.0,,,,,0.0,,,,,0.0,,,,,0.0,,,,,0.0,,,,,0.0,,,,,0.0,,,,,0.0,,,,,0.0,,,,,0.0,,,,,0.0,,,,,0.0,,,,,0.0,,,,,0.0,,,,,0.0,,,,,0.0,,,,,0.0,,,,,0.0,,,,,0.0,,,,,0.0,,,,,0.0,,,,,0.0,,,,,0.0,,,,,0.0,,,,,0.0,,,,,0.0,,,,,0.0,,,,,0.0,,,,,0.0,,,,,0.0,,,,,0.0,,,,,0.0,,,,,0.0,,,,,0.0,,,,,0.0,,,,,0.0,,,,,0.0,,,,,0.0,,,,,0.0,,,,,0.0,,,,,0.0,,,,,0.0,,,,,0.0,,,,,0.0,,,,,0.0,,,,,0.0,,,,,0.0,,,,,0.0,,,,,0.0,,,,,0.0,,,,,0.0,,,,,0.0,,,,,0.0,,,,,0.0,,,,,0.0,,,,,0.0,,,,,0.0,,,,,0.0,,,,,0.0,,,,,0.0,,,,,0.0,,,,,0.0,,,,,0.0,,,,,0.0,,,,,0.0,,,,,0.0,,,,,0.0,,,,,0.0,,,,,0.0,,,,,0.0,,,,,0.0,,,,
121,SoHo-Little Italy-Hudson Square,MN0201,SoHo-Little Italy-Hudson Square,14372.0,,100,,,2076.0,275.0,14.44,1.91,8.04,4265.0,570.0,18.48,2.47,8.12,244.0,104.0,5.72,2.44,25.93,149.0,75.0,3.49,1.76,30.66,1190.0,226.0,27.9,5.3,11.55,518.0,215.0,12.15,5.03,25.17,2164.0,321.0,50.74,7.53,9.02,18264.0,757.0,79.12,3.28,2.52,1549.0,310.0,8.48,1.7,12.19,650.0,212.0,3.56,1.16,19.81,1821.0,405.0,9.97,2.22,13.54,12490.0,579.0,68.38,3.17,2.82,20576.0,792.0,89.13,3.43,2.34,317.0,111.0,1.54,0.54,21.32,22994.0,55.0,99.61,0.24,0.15,1711.0,313.0,7.44,1.36,11.11,2509.0,446.0,10.87,1.93,10.81,32.0,70.0,1.28,2.79,132.5,17394.0,755.0,75.35,3.27,2.64,393.0,157.0,2.26,0.9,24.21,3089.0,286.0,13.38,1.24,5.63,1282.0,216.0,41.5,6.99,10.24,22941.0,619.0,99.38,2.68,1.64,19484.0,585.0,84.93,2.55,1.83,2953.0,525.0,12.87,2.29,10.82,503.0,209.0,2.19,0.91,25.26,23085.0,,100,,,15014.0,695.0,65.04,3.01,2.81,14559.0,702.0,63.07,3.04,2.93,447.0,166.0,1.94,0.72,22.56,8071.0,688.0,34.96,2.98,5.18,3869.0,507.0,47.94,6.28,7.96,4202.0,507.0,52.06,6.28,7.33,1775.0,273.0,21.99,3.38,9.34,4804.0,358.0,59.52,4.44,4.53,138.0,85.0,1.71,1.05,37.33,361.0,199.0,4.47,2.46,33.46,738.0,253.0,9.14,3.14,20.88,258.0,122.0,3.2,1.51,28.69,22339.0,753.0,96.77,3.26,2.05,13961.0,726.0,62.5,3.25,3.16,3906.0,599.0,17.49,2.68,9.31,947.0,284.0,4.24,1.27,18.21,20839.0,796.0,90.27,3.45,2.32,14847.0,588.0,71.25,2.82,2.41,14129.0,600.0,67.8,2.88,2.58,715.0,229.0,3.43,1.1,19.5,0.0,,0.0,,,5992.0,588.0,28.75,2.82,5.96,,,4.82,1.53,19.47,13926.0,589.0,60.32,2.55,2.57,511.0,169.0,3.67,1.21,20.04,295.0,178.0,2.12,1.28,36.7,7470.0,533.0,53.64,3.83,4.34,3748.0,497.0,26.91,3.57,8.06,936.0,245.0,6.72,1.76,15.92,14122.0,773.0,61.17,3.35,3.33,14.0,69.0,0.1,0.49,297.87,119.0,82.0,0.84,0.58,41.97,375.0,167.0,2.66,1.18,26.97,435.0,168.0,3.08,1.19,23.49,1354.0,418.0,9.59,2.96,18.76,296.0,134.0,2.1,0.95,27.5,854.0,236.0,6.05,1.67,16.78,2997.0,460.0,21.22,3.26,9.34,3756.0,431.0,26.6,3.05,6.97,1923.0,349.0,13.62,2.47,11.02,1448.0,299.0,10.25,2.12,12.57,452.0,165.0,3.2,1.17,22.23,98.0,55.0,0.69,0.39,34.36,1034.0,260.0,7.19,1.81,15.3,444.0,147.0,3.09,1.02,20.07,1173.0,289.0,8.16,2.01,14.97,563.0,190.0,3.92,1.32,20.47,1108.0,303.0,7.71,2.11,16.64,1806.0,329.0,12.57,2.29,11.07,1240.0,257.0,8.63,1.79,12.61,2466.0,381.0,17.16,2.65,9.39,1164.0,262.0,8.1,1.82,13.66,3374.0,404.0,23.48,2.81,7.28,12255.0,313.0,85.27,2.18,1.55,2862.0,323.0,19.91,2.25,6.87,870.0,193.0,6.05,1.34,13.46,651.0,177.0,4.53,1.23,16.51,175.0,106.0,1.22,0.74,36.87,1450.0,257.0,10.09,1.79,10.78,21123.0,485.0,91.86,2.11,1.4,17273.0,671.0,75.12,2.92,2.36,5096.0,563.0,22.16,2.45,6.72,1871.0,485.0,8.14,2.11,15.76,11581.0,575.0,50.17,2.49,3.02,11504.0,575.0,49.83,2.49,3.04,746.0,210.0,3.23,0.91,17.13,741.0,217.0,3.21,0.94,17.8,690.0,226.0,2.99,0.98,19.92,720.0,219.0,3.12,0.95,18.51,1923.0,383.0,8.33,1.66,12.11,6160.0,614.0,26.68,2.66,6.06,3754.0,422.0,16.26,1.83,6.84,2611.0,367.0,11.31,1.59,8.55,1016.0,254.0,4.4,1.1,15.2,1560.0,323.0,6.76,1.4,12.59,1689.0,279.0,7.32,1.21,10.05,866.0,224.0,3.75,0.97,15.72,584.0,169.0,2.53,0.73,17.54,20576.0,418.0,89.13,1.81,1.23,3143.0,330.0,13.61,1.43,6.39,14575.0,688.0,63.14,2.98,2.87,383.0,182.0,1.66,0.79,28.93,52.0,74.0,0.23,0.32,84.58,6947.0,642.0,30.09,2.78,5.62,0.0,,0.0,,,377.0,189.0,1.63,0.82,30.58,757.0,249.0,3.28,1.08,20.02,1399.0,339.0,6.06,1.47,14.75,21686.0,339.0,93.94,1.47,0.95,13719.0,718.0,59.43,3.11,3.18,269.0,136.0,1.17,0.59,30.65,33.0,76.0,0.14,0.33,143.29,6906.0,630.0,29.92,2.73,5.55,0.0,,0.0,,,78.0,90.0,0.34,0.39,69.73,680.0,229.0,2.95,0.99,20.4
122,Greenwich Village,MN0202,Greenwich Village,21682.0,,100,,,2435.0,308.0,11.23,1.42,7.69,8044.0,703.0,24.48,2.14,5.31,290.0,113.0,3.61,1.4,23.58,182.0,103.0,2.26,1.28,34.43,1234.0,224.0,15.34,2.78,11.02,475.0,163.0,5.91,2.03,20.88,5864.0,282.0,72.9,3.5,2.92,24902.0,1084.0,75.78,3.3,2.65,332.0,162.0,1.33,0.65,29.71,157.0,72.0,0.63,0.29,27.98,1123.0,289.0,4.51,1.16,15.64,21500.0,443.0,86.34,1.78,1.25,29925.0,1180.0,91.06,3.59,2.4,649.0,203.0,2.17,0.68,19.05,32857.0,30.0,99.98,0.09,0.06,1855.0,358.0,5.65,1.09,11.73,2929.0,365.0,8.91,1.11,7.58,41.0,81.0,1.4,2.78,120.71,24918.0,592.0,75.82,1.8,1.44,776.0,242.0,3.11,0.97,18.96,5010.0,427.0,15.25,1.3,5.18,1039.0,231.0,20.74,4.62,13.54,32473.0,976.0,98.81,2.97,1.83,24420.0,818.0,75.2,2.52,2.04,7161.0,747.0,22.05,2.3,6.34,893.0,283.0,2.75,0.87,19.23,32863.0,,100,,,26411.0,641.0,80.37,1.95,1.47,25763.0,647.0,78.4,1.97,1.53,639.0,181.0,1.94,0.55,17.23,6452.0,670.0,19.63,2.04,6.31,2647.0,383.0,41.03,5.93,8.79,3805.0,383.0,58.97,5.93,6.11,2786.0,356.0,43.18,5.52,7.77,2341.0,365.0,36.28,5.66,9.48,127.0,72.0,1.97,1.12,34.56,266.0,126.0,4.12,1.96,28.92,528.0,170.0,8.18,2.63,19.55,407.0,157.0,6.31,2.44,23.51,31781.0,1236.0,96.71,3.76,2.36,24926.0,690.0,78.43,2.17,1.68,907.0,245.0,2.85,0.77,16.42,1490.0,321.0,4.69,1.01,13.09,30149.0,1190.0,91.74,3.62,2.4,20207.0,718.0,67.02,2.38,2.16,19503.0,705.0,64.69,2.34,2.2,702.0,178.0,2.33,0.59,15.39,8.0,75.0,0.03,0.25,506.59,9942.0,718.0,32.98,2.38,4.39,,,3.47,0.87,15.41,19380.0,562.0,58.97,1.71,1.76,956.0,231.0,4.93,1.19,14.67,363.0,163.0,1.87,0.84,27.31,9650.0,543.0,49.79,2.8,3.42,5624.0,483.0,29.02,2.49,5.22,1446.0,281.0,7.46,1.45,11.82,19501.0,555.0,59.34,1.69,1.73,30.0,86.0,0.15,0.44,178.32,261.0,152.0,1.34,0.78,35.39,482.0,181.0,2.47,0.93,22.89,551.0,174.0,2.83,0.89,19.12,1263.0,279.0,6.48,1.43,13.42,224.0,117.0,1.15,0.6,31.72,1448.0,252.0,7.43,1.29,10.55,3847.0,552.0,19.73,2.83,8.72,4060.0,445.0,20.82,2.28,6.66,4809.0,484.0,24.66,2.48,6.11,1799.0,337.0,9.23,1.73,11.39,436.0,156.0,2.24,0.8,21.71,288.0,152.0,1.48,0.78,32.04,1043.0,256.0,4.81,1.18,14.91,362.0,139.0,1.67,0.64,23.3,988.0,278.0,4.56,1.28,17.06,810.0,236.0,3.74,1.09,17.72,1739.0,384.0,8.02,1.77,13.42,2365.0,390.0,10.91,1.8,10.03,1732.0,325.0,7.99,1.5,11.41,3640.0,486.0,16.79,2.24,8.11,2620.0,457.0,12.08,2.11,10.62,6371.0,538.0,29.38,2.48,5.13,18174.0,425.0,83.82,1.96,1.42,4935.0,475.0,22.76,2.19,5.85,2341.0,403.0,10.8,1.86,10.47,136.0,98.0,0.63,0.45,43.42,134.0,100.0,0.62,0.46,45.1,497.0,210.0,2.29,0.97,25.75,31778.0,266.0,96.72,0.81,0.51,29335.0,503.0,89.28,1.53,1.04,5764.0,555.0,17.54,1.69,5.86,1080.0,266.0,3.29,0.81,14.97,15893.0,615.0,48.36,1.87,2.35,16970.0,615.0,51.64,1.87,2.2,1082.0,227.0,3.29,0.69,12.75,753.0,191.0,2.29,0.58,15.4,720.0,184.0,2.19,0.56,15.54,3045.0,486.0,9.27,1.48,9.71,2363.0,411.0,7.19,1.25,10.57,8414.0,720.0,25.6,2.19,5.2,4418.0,486.0,13.44,1.48,6.69,3538.0,457.0,10.77,1.39,7.85,1589.0,283.0,4.84,0.86,10.8,1951.0,345.0,5.94,1.05,10.75,2871.0,365.0,8.74,1.11,7.72,1535.0,286.0,4.67,0.87,11.32,599.0,204.0,1.82,0.62,20.71,29934.0,335.0,91.09,1.02,0.68,5010.0,470.0,15.25,1.43,5.7,27097.0,684.0,82.45,2.08,1.53,889.0,243.0,2.71,0.74,16.6,31.0,76.0,0.09,0.23,155.35,3339.0,532.0,10.16,1.62,9.69,11.0,76.0,0.03,0.23,466.06,364.0,161.0,1.11,0.49,26.84,1126.0,398.0,3.43,1.21,21.44,1862.0,352.0,5.67,1.07,11.47,31001.0,352.0,94.33,1.07,0.69,25613.0,726.0,77.94,2.21,1.72,850.0,233.0,2.59,0.71,16.66,31.0,76.0,0.09,0.23,155.35,3322.0,529.0,10.11,1.61,9.68,11.0,76.0,0.03,0.23,466.06,177.0,128.0,0.54,0.39,43.9,1003.0,384.0,3.05,1.17,23.32
123,West Village,MN0203,West Village,24354.0,,100,,,2120.0,312.0,8.7,1.28,8.94,4089.0,485.0,12.06,1.43,7.21,348.0,137.0,8.51,3.35,23.93,127.0,85.0,3.11,2.07,40.46,1128.0,222.0,27.59,5.43,11.96,221.0,100.0,5.4,2.44,27.47,2264.0,233.0,55.37,5.71,6.27,29741.0,1424.0,87.71,4.2,2.91,64.0,74.0,0.22,0.25,69.08,306.0,134.0,1.03,0.45,26.56,1772.0,369.0,5.96,1.24,12.65,24607.0,607.0,82.74,2.04,1.5,31333.0,1275.0,92.4,3.76,2.47,986.0,241.0,3.15,0.77,14.86,33837.0,871.0,99.79,2.57,1.56,2227.0,379.0,6.58,1.12,10.35,2566.0,370.0,7.57,1.09,8.77,75.0,98.0,2.92,3.81,79.32,26426.0,515.0,77.93,1.52,1.18,986.0,262.0,3.73,0.99,16.13,4851.0,424.0,14.31,1.25,5.31,1161.0,234.0,23.93,4.83,12.27,33666.0,1441.0,99.28,4.25,2.6,27327.0,764.0,81.17,2.27,1.7,5596.0,731.0,16.62,2.17,7.94,742.0,239.0,2.2,0.71,19.62,33909.0,,100,,,27974.0,682.0,82.5,2.01,1.48,27332.0,692.0,80.6,2.04,1.54,646.0,193.0,1.91,0.57,18.14,5935.0,688.0,17.5,2.03,7.05,2346.0,309.0,39.53,5.2,8.0,3589.0,309.0,60.47,5.2,5.23,2389.0,353.0,40.25,5.94,8.97,1685.0,345.0,28.39,5.81,12.44,119.0,87.0,2.01,1.46,44.16,429.0,204.0,7.23,3.43,28.84,589.0,200.0,9.92,3.37,20.65,722.0,323.0,12.17,5.45,27.22,32894.0,1448.0,97.01,4.27,2.68,27071.0,750.0,82.3,2.28,1.68,693.0,201.0,2.11,0.61,17.57,1586.0,408.0,4.82,1.24,15.64,31515.0,1529.0,92.94,4.51,2.95,24660.0,567.0,78.25,1.8,1.4,23327.0,627.0,74.02,1.99,1.63,1325.0,293.0,4.2,0.93,13.46,9.0,72.0,0.03,0.23,466.06,6855.0,567.0,21.75,1.8,5.03,,,5.37,1.18,13.44,23141.0,651.0,68.24,1.92,1.71,1082.0,266.0,4.68,1.15,14.94,294.0,155.0,1.27,0.67,32.07,11934.0,708.0,51.57,3.06,3.61,5161.0,662.0,22.3,2.86,7.8,2539.0,423.0,10.97,1.83,10.14,23320.0,634.0,68.77,1.87,1.65,29.0,79.0,0.12,0.34,172.24,90.0,96.0,0.39,0.41,63.91,529.0,189.0,2.27,0.81,21.69,452.0,191.0,1.94,0.82,25.69,1745.0,310.0,7.48,1.33,10.81,181.0,126.0,0.78,0.54,42.09,2288.0,422.0,9.81,1.81,11.22,5152.0,548.0,22.09,2.35,6.47,6753.0,611.0,28.96,2.62,5.5,3336.0,536.0,14.31,2.3,9.77,1977.0,361.0,8.48,1.55,11.11,380.0,177.0,1.63,0.76,28.34,399.0,175.0,1.71,0.75,26.66,939.0,234.0,3.86,0.96,15.12,497.0,205.0,2.04,0.84,25.03,1076.0,270.0,4.42,1.11,15.27,1388.0,392.0,5.7,1.61,17.17,1544.0,373.0,6.34,1.53,14.67,3044.0,487.0,12.5,2.0,9.73,2467.0,460.0,10.13,1.89,11.34,3284.0,492.0,13.48,2.02,9.11,3150.0,475.0,12.93,1.95,9.17,6972.0,563.0,28.63,2.31,4.9,20870.0,446.0,85.69,1.83,1.3,4200.0,438.0,17.25,1.8,6.34,2409.0,397.0,9.89,1.63,10.02,253.0,134.0,1.04,0.55,32.15,153.0,112.0,0.63,0.46,44.39,694.0,244.0,2.85,1.0,21.33,32585.0,328.0,96.3,0.97,0.61,29392.0,599.0,86.86,1.77,1.24,6116.0,602.0,18.08,1.78,5.98,1252.0,328.0,3.7,0.97,15.94,17348.0,787.0,51.16,2.32,2.76,16561.0,787.0,48.84,2.32,2.89,1015.0,254.0,2.99,0.75,15.25,834.0,217.0,2.46,0.64,15.82,509.0,170.0,1.5,0.5,20.26,502.0,119.0,1.48,0.35,14.38,1294.0,349.0,3.82,1.03,16.39,11054.0,787.0,32.6,2.32,4.33,5582.0,617.0,16.46,1.82,6.72,4595.0,536.0,13.55,1.58,7.09,1744.0,356.0,5.14,1.05,12.42,1924.0,373.0,5.67,1.1,11.79,3172.0,410.0,9.35,1.21,7.87,1107.0,254.0,3.26,0.75,13.99,559.0,227.0,1.65,0.67,24.68,31343.0,349.0,92.43,1.03,0.68,4851.0,465.0,14.31,1.37,5.82,29671.0,631.0,87.5,1.86,1.29,525.0,173.0,1.55,0.51,20.0,127.0,176.0,0.37,0.52,85.43,2439.0,519.0,7.19,1.53,12.94,6.0,75.0,0.02,0.22,668.69,481.0,214.0,1.42,0.63,26.97,644.0,231.0,1.9,0.68,21.76,2176.0,482.0,6.42,1.42,13.45,31733.0,482.0,93.58,1.42,0.92,28039.0,726.0,82.69,2.14,1.57,490.0,163.0,1.45,0.48,20.12,111.0,176.0,0.33,0.52,95.79,2416.0,519.0,7.12,1.53,13.06,6.0,75.0,0.02,0.22,668.69,146.0,115.0,0.43,0.34,48.07,517.0,176.0,1.52,0.52,20.8
124,Chinatown-Two Bridges,MN0301,Chinatown-Two Bridges,18370.0,,100,,,3998.0,542.0,21.76,2.95,8.24,7621.0,974.0,18.0,2.3,7.77,640.0,241.0,8.4,3.16,22.87,205.0,114.0,2.69,1.5,33.9,3009.0,374.0,39.48,4.91,7.56,1641.0,307.0,21.53,4.03,11.38,2128.0,372.0,27.92,4.88,10.63,33456.0,1393.0,79.02,3.29,2.53,9983.0,843.0,29.84,2.52,5.13,4646.0,679.0,13.89,2.03,8.88,6571.0,703.0,19.64,2.1,6.5,8255.0,867.0,24.67,2.59,6.38,36186.0,2045.0,85.47,4.83,3.44,228.0,101.0,0.63,0.28,27.02,40827.0,322.0,96.43,0.76,0.48,7354.0,841.0,18.01,2.06,6.95,6153.0,898.0,14.53,2.12,8.87,464.0,308.0,7.54,5.0,40.31,25445.0,821.0,60.1,1.94,1.96,2498.0,501.0,9.82,1.97,12.2,9238.0,576.0,21.82,1.36,3.79,4396.0,491.0,47.58,5.32,6.8,41874.0,1541.0,98.9,3.64,2.24,38544.0,636.0,92.05,1.52,1.0,3067.0,607.0,7.32,1.45,12.04,259.0,159.0,0.62,0.38,37.26,42339.0,,100,,,19034.0,1071.0,44.96,2.53,3.42,17305.0,1063.0,40.87,2.51,3.73,1728.0,377.0,4.08,0.89,13.26,23305.0,1029.0,55.04,2.43,2.68,13538.0,888.0,58.09,3.81,3.99,9767.0,888.0,41.91,3.81,5.53,720.0,294.0,3.09,1.26,24.79,20480.0,701.0,87.88,3.01,2.08,43.0,70.0,0.18,0.3,101.32,39.0,70.0,0.17,0.3,107.28,1980.0,660.0,8.5,2.83,20.24,44.0,58.0,0.19,0.25,79.99,40866.0,2324.0,96.52,5.49,3.46,9935.0,1067.0,24.31,2.61,6.53,21119.0,1206.0,51.68,2.95,3.47,6178.0,940.0,15.12,2.3,9.25,36820.0,2079.0,86.96,4.91,3.43,18170.0,917.0,49.35,2.49,3.07,16663.0,913.0,45.26,2.48,3.33,1516.0,423.0,4.12,1.15,16.97,0.0,,0.0,,,18649.0,917.0,50.65,2.49,2.99,,,8.34,2.29,16.96,16228.0,944.0,38.33,2.23,3.54,988.0,325.0,6.09,2.0,19.96,774.0,326.0,4.77,2.01,25.62,7671.0,636.0,47.27,3.92,5.04,5491.0,630.0,33.84,3.88,6.97,535.0,221.0,3.3,1.36,25.05,16663.0,931.0,39.36,2.2,3.4,26.0,82.0,0.16,0.49,186.17,515.0,265.0,3.09,1.59,31.28,980.0,273.0,5.88,1.64,16.96,512.0,230.0,3.07,1.38,27.33,1540.0,378.0,9.24,2.27,14.93,1013.0,308.0,6.08,1.85,18.5,566.0,197.0,3.4,1.18,21.1,1340.0,328.0,8.04,1.97,14.9,2346.0,447.0,14.08,2.68,11.57,3309.0,452.0,19.86,2.71,8.3,3366.0,558.0,20.2,3.35,10.08,742.0,217.0,4.45,1.3,17.76,418.0,213.0,2.51,1.28,31.0,3245.0,546.0,17.66,2.97,10.22,2785.0,419.0,15.16,2.28,9.14,3199.0,463.0,17.41,2.52,8.8,1795.0,406.0,9.77,2.21,13.75,1907.0,400.0,10.38,2.18,12.77,2346.0,490.0,12.77,2.67,12.71,1117.0,266.0,6.08,1.45,14.5,1156.0,356.0,6.29,1.94,18.75,266.0,154.0,1.45,0.84,35.22,561.0,163.0,3.05,0.89,17.74,11493.0,645.0,62.56,3.51,3.41,7105.0,606.0,38.68,3.3,5.19,2350.0,386.0,12.79,2.1,9.98,3574.0,489.0,19.46,2.66,8.31,1281.0,399.0,6.97,2.17,18.93,7246.0,643.0,39.44,3.5,5.39,37793.0,616.0,92.57,1.51,0.99,13744.0,1221.0,33.66,2.99,5.4,26123.0,1225.0,63.98,3.0,2.85,3034.0,616.0,7.43,1.51,12.35,20581.0,732.0,48.61,1.73,2.16,21758.0,732.0,51.39,1.73,2.05,1473.0,419.0,3.48,0.99,17.29,1886.0,415.0,4.45,0.98,13.39,1691.0,364.0,3.99,0.86,13.1,1874.0,440.0,4.43,1.04,14.27,1961.0,377.0,4.63,0.89,11.69,6827.0,851.0,16.12,2.01,7.58,5661.0,665.0,13.37,1.57,7.14,6133.0,809.0,14.49,1.91,8.01,2380.0,491.0,5.62,1.16,12.55,3038.0,478.0,7.18,1.13,9.57,3751.0,521.0,8.86,1.23,8.44,3919.0,559.0,9.26,1.32,8.67,1739.0,398.0,4.11,0.94,13.9,36186.0,788.0,85.47,1.86,1.32,9418.0,779.0,22.24,1.84,5.03,6194.0,838.0,14.63,1.98,8.23,3501.0,656.0,8.27,1.55,11.39,175.0,144.0,0.41,0.34,50.41,27500.0,1228.0,64.95,2.9,2.71,9.0,76.0,0.02,0.18,547.11,3975.0,1016.0,9.39,2.4,15.54,988.0,423.0,2.33,1.0,26.09,7773.0,1101.0,18.36,2.6,8.61,34566.0,1101.0,81.64,2.6,1.94,3374.0,533.0,7.97,1.26,9.61,2769.0,542.0,6.54,1.28,11.9,175.0,144.0,0.41,0.34,50.41,27318.0,1236.0,64.52,2.92,2.75,9.0,76.0,0.02,0.18,547.11,302.0,284.0,0.71,0.67,57.37,615.0,258.0,1.45,0.61,25.57
125,Lower East Side,MN0302,Lower East Side,23362.0,,100,,,3913.0,418.0,16.75,1.79,6.5,8808.0,819.0,18.61,1.73,5.65,672.0,203.0,7.63,2.3,18.32,527.0,209.0,5.98,2.37,24.09,2499.0,318.0,28.37,3.61,7.74,1526.0,280.0,17.33,3.18,11.15,3584.0,324.0,40.69,3.68,5.5,36312.0,1046.0,76.7,2.21,1.75,4860.0,603.0,13.38,1.66,7.54,3199.0,450.0,8.81,1.24,8.56,8197.0,777.0,22.57,2.14,5.76,14724.0,759.0,40.55,2.09,3.13,41012.0,1354.0,86.63,2.86,2.01,890.0,201.0,2.17,0.49,13.73,47182.0,866.0,99.66,1.83,1.12,7048.0,670.0,14.94,1.42,5.78,6282.0,705.0,13.27,1.49,6.82,132.0,124.0,2.1,1.97,57.03,33529.0,1032.0,70.82,2.18,1.87,3382.0,486.0,10.09,1.45,8.74,7374.0,469.0,15.58,0.99,3.87,3525.0,322.0,47.8,4.37,5.56,47022.0,1804.0,99.32,3.81,2.33,42297.0,616.0,89.95,1.31,0.89,4370.0,602.0,9.29,1.28,8.38,344.0,127.0,0.73,0.27,22.48,47342.0,,100,,,32524.0,904.0,68.7,1.91,1.69,28689.0,966.0,60.6,2.04,2.05,3822.0,511.0,8.07,1.08,8.14,14818.0,881.0,31.3,1.86,3.61,9646.0,551.0,65.09,3.72,3.47,5174.0,551.0,34.92,3.72,6.48,1853.0,345.0,12.5,2.33,11.33,9415.0,492.0,63.54,3.32,3.18,196.0,122.0,1.32,0.82,37.76,110.0,99.0,0.74,0.67,55.04,3103.0,436.0,20.94,2.94,8.54,137.0,86.0,0.92,0.58,38.32,45607.0,1226.0,96.34,2.59,1.63,20955.0,1044.0,45.95,2.29,3.03,11941.0,898.0,26.18,1.97,4.57,11412.0,867.0,25.02,1.9,4.62,41936.0,1089.0,88.58,2.3,1.58,24738.0,814.0,58.99,1.94,2.0,22384.0,772.0,53.38,1.84,2.1,2317.0,411.0,5.53,0.98,10.77,47.0,117.0,0.11,0.28,154.74,17198.0,814.0,41.01,1.94,2.88,,,9.37,1.63,10.78,21989.0,819.0,46.45,1.73,2.26,1192.0,312.0,5.42,1.42,15.93,348.0,136.0,1.58,0.62,23.85,12989.0,655.0,59.07,2.98,3.07,4704.0,583.0,21.39,2.65,7.53,1234.0,449.0,5.61,2.04,22.11,22381.0,814.0,47.28,1.72,2.21,0.0,,0.0,,,441.0,195.0,1.97,0.87,26.85,638.0,197.0,2.85,0.88,18.77,475.0,192.0,2.12,0.86,24.66,1789.0,327.0,7.99,1.46,11.11,622.0,237.0,2.78,1.06,23.18,1181.0,251.0,5.28,1.12,12.89,2775.0,403.0,12.4,1.8,8.82,5080.0,687.0,22.7,3.07,8.22,4856.0,542.0,21.7,2.42,6.78,3201.0,483.0,14.3,2.16,9.18,831.0,226.0,3.71,1.01,16.55,501.0,179.0,2.24,0.8,21.71,3370.0,446.0,14.43,1.91,8.05,2343.0,378.0,10.03,1.62,9.82,2627.0,371.0,11.24,1.59,8.6,1915.0,348.0,8.2,1.49,11.05,2366.0,397.0,10.13,1.7,10.2,2999.0,406.0,12.84,1.74,8.24,1972.0,332.0,8.44,1.42,10.23,2616.0,378.0,11.2,1.62,8.79,1178.0,252.0,5.04,1.08,13.03,1972.0,262.0,8.44,1.12,8.07,16200.0,505.0,69.34,2.16,1.89,6413.0,484.0,27.45,2.07,4.58,2735.0,339.0,11.71,1.45,7.53,2970.0,406.0,12.71,1.74,8.32,1351.0,304.0,5.78,1.3,13.67,6220.0,493.0,26.62,2.11,4.82,43231.0,689.0,91.63,1.46,0.97,24576.0,1161.0,52.09,2.46,2.87,21792.0,1099.0,46.19,2.33,3.07,3951.0,689.0,8.37,1.46,10.6,23051.0,795.0,48.69,1.68,2.1,24291.0,795.0,51.31,1.68,1.99,1735.0,393.0,3.66,0.83,13.79,1583.0,317.0,3.34,0.67,12.19,1825.0,327.0,3.85,0.69,10.89,2133.0,355.0,4.51,0.75,10.11,3785.0,478.0,8.0,1.01,7.67,9598.0,772.0,20.27,1.63,4.89,6614.0,696.0,13.97,1.47,6.4,6433.0,701.0,13.59,1.48,6.62,2689.0,454.0,5.68,0.96,10.27,3497.0,478.0,7.39,1.01,8.31,4182.0,497.0,8.83,1.05,7.23,1762.0,279.0,3.72,0.59,9.64,1533.0,265.0,3.24,0.56,10.51,41060.0,634.0,86.73,1.34,0.94,7475.0,563.0,15.79,1.19,4.58,20031.0,1217.0,42.31,2.57,3.69,5065.0,729.0,10.7,1.54,8.75,50.0,104.0,0.11,0.22,121.58,12657.0,895.0,26.74,1.89,4.3,0.0,,0.0,,,7145.0,1060.0,15.09,2.24,9.02,2378.0,483.0,5.02,1.02,12.35,15387.0,866.0,32.5,1.83,3.42,31955.0,866.0,67.5,1.83,1.65,13602.0,828.0,28.73,1.75,3.7,4236.0,672.0,8.95,1.42,9.64,18.0,95.0,0.04,0.2,303.95,12492.0,881.0,26.39,1.86,4.28,0.0,,0.0,,,266.0,294.0,0.56,0.62,67.3,1305.0,341.0,2.76,0.72,15.86
126,East Village,MN0303,East Village,39067.0,,100,,,4544.0,488.0,11.63,1.25,6.53,15229.0,939.0,21.57,1.33,3.75,452.0,181.0,2.97,1.19,24.36,327.0,163.0,2.15,1.07,30.25,2743.0,376.0,18.01,2.47,8.34,1392.0,262.0,9.14,1.72,11.44,10316.0,431.0,67.74,2.83,2.54,53362.0,1137.0,75.59,1.61,1.3,4228.0,630.0,7.92,1.18,9.06,2938.0,464.0,5.51,0.87,9.6,7487.0,784.0,14.03,1.47,6.37,31161.0,1083.0,58.4,2.03,2.11,64135.0,1892.0,90.85,2.68,1.79,884.0,263.0,1.38,0.41,18.06,70370.0,148.0,99.68,0.21,0.13,7454.0,661.0,10.59,0.94,5.4,6399.0,671.0,9.06,0.95,6.37,176.0,113.0,2.75,1.77,39.13,56315.0,1158.0,79.77,1.64,1.25,3901.0,484.0,6.93,0.86,7.54,7660.0,529.0,10.85,0.75,4.2,3369.0,385.0,43.98,5.02,6.94,69891.0,1158.0,99.01,1.64,1.01,56008.0,1083.0,80.14,1.55,1.18,12541.0,992.0,17.94,1.42,4.81,1351.0,335.0,1.93,0.48,15.12,70593.0,,100,,,53566.0,1172.0,75.88,1.66,1.33,48587.0,1200.0,68.83,1.7,1.5,4964.0,671.0,7.03,0.95,8.21,17027.0,1214.0,24.12,1.72,4.33,7394.0,596.0,43.42,3.5,4.9,9633.0,596.0,56.57,3.5,3.76,4284.0,521.0,25.16,3.06,7.39,7141.0,662.0,41.94,3.89,5.64,456.0,233.0,2.68,1.37,31.08,568.0,238.0,3.34,1.4,25.48,3871.0,632.0,22.73,3.71,9.92,714.0,223.0,4.19,1.31,19.01,68618.0,2167.0,97.2,3.07,1.92,42587.0,1235.0,62.06,1.8,1.76,10213.0,899.0,14.88,1.31,5.35,13397.0,988.0,19.52,1.44,4.48,65154.0,1871.0,92.3,2.65,1.75,42362.0,990.0,65.02,1.52,1.42,39661.0,1010.0,60.87,1.55,1.55,2645.0,424.0,4.06,0.65,9.73,40.0,124.0,0.06,0.19,192.5,22797.0,990.0,34.99,1.52,2.64,,,6.24,0.99,9.74,39052.0,1094.0,55.32,1.55,1.7,1795.0,359.0,4.6,0.92,12.16,281.0,148.0,0.72,0.38,32.08,22291.0,961.0,57.08,2.46,2.62,9518.0,812.0,24.37,2.08,5.19,2172.0,449.0,5.56,1.15,12.57,39668.0,1066.0,56.19,1.51,1.63,30.0,115.0,0.08,0.29,220.36,746.0,274.0,1.88,0.69,22.31,1218.0,305.0,3.07,0.77,15.25,638.0,222.0,1.61,0.56,21.14,3264.0,524.0,8.23,1.32,9.75,843.0,254.0,2.13,0.64,18.27,3659.0,536.0,9.22,1.35,8.9,5319.0,666.0,13.41,1.68,7.62,9474.0,785.0,23.88,1.98,5.04,7151.0,710.0,18.03,1.79,6.04,4529.0,639.0,11.42,1.61,8.57,1794.0,405.0,4.52,1.02,13.72,999.0,270.0,2.52,0.68,16.4,4843.0,598.0,12.4,1.53,7.5,2529.0,414.0,6.47,1.06,9.96,4051.0,594.0,10.37,1.52,8.91,3117.0,508.0,7.98,1.3,9.9,3094.0,481.0,7.92,1.23,9.44,4702.0,570.0,12.04,1.46,7.37,3754.0,516.0,9.61,1.32,8.35,5670.0,645.0,14.51,1.65,6.91,2781.0,457.0,7.12,1.17,9.99,4522.0,520.0,11.57,1.33,6.99,30865.0,680.0,79.01,1.74,1.34,6944.0,582.0,17.77,1.49,5.1,2573.0,398.0,6.59,1.02,9.41,2782.0,418.0,7.12,1.07,9.14,1357.0,273.0,3.47,0.7,12.26,5800.0,543.0,14.85,1.39,5.69,64320.0,795.0,91.4,1.13,0.75,46019.0,1224.0,65.4,1.74,1.62,21356.0,1070.0,30.35,1.52,3.04,6050.0,795.0,8.6,1.13,7.99,34387.0,1009.0,48.71,1.43,1.78,36206.0,1009.0,51.29,1.43,1.69,1975.0,416.0,2.8,0.59,12.81,1582.0,332.0,2.24,0.47,12.76,1597.0,332.0,2.26,0.47,12.64,5129.0,466.0,7.27,0.66,5.52,6964.0,706.0,9.87,1.0,6.16,20110.0,1101.0,28.49,1.56,3.33,10061.0,925.0,14.25,1.31,5.59,8214.0,748.0,11.64,1.06,5.54,3616.0,494.0,5.12,0.7,8.31,3631.0,529.0,5.14,0.75,8.87,4754.0,593.0,6.73,0.84,7.59,1822.0,346.0,2.58,0.49,11.55,1171.0,339.0,1.66,0.48,17.58,64178.0,614.0,90.91,0.87,0.58,7746.0,579.0,10.97,0.82,4.54,43006.0,1299.0,60.92,1.84,1.84,6178.0,769.0,8.75,1.09,7.57,133.0,127.0,0.19,0.18,57.59,9927.0,939.0,14.06,1.33,5.75,81.0,127.0,0.11,0.18,99.47,8964.0,1080.0,12.7,1.53,7.32,2300.0,459.0,3.26,0.65,12.12,16862.0,1137.0,23.89,1.61,4.1,53731.0,1137.0,76.11,1.61,1.29,36158.0,1137.0,51.22,1.61,1.91,5561.0,769.0,7.88,1.09,8.41,96.0,134.0,0.14,0.19,82.5,9789.0,932.0,13.87,1.32,5.79,81.0,127.0,0.11,0.18,99.47,574.0,537.0,0.81,0.76,57.04,1461.0,360.0,2.07,0.51,14.98
127,Chelsea-Hudson Yards,MN0401,Chelsea-Hudson Yards,45407.0,,100,,,5077.0,658.0,11.18,1.45,7.88,9687.0,1363.0,15.57,2.19,8.55,719.0,246.0,7.42,2.54,20.81,388.0,162.0,4.01,1.67,25.32,2676.0,556.0,27.62,5.74,12.63,1065.0,344.0,10.99,3.55,19.64,4837.0,736.0,49.93,7.6,9.25,50979.0,2085.0,81.91,3.35,2.49,1520.0,398.0,2.98,0.78,15.91,1708.0,454.0,3.35,0.89,16.15,4618.0,627.0,9.06,1.23,8.25,36910.0,1014.0,72.4,1.99,1.67,55830.0,2601.0,89.71,4.18,2.83,1029.0,251.0,1.84,0.45,14.87,62155.0,597.0,99.87,0.96,0.58,4886.0,684.0,7.86,1.1,8.51,6405.0,1232.0,10.29,1.98,11.69,161.0,103.0,2.51,1.61,38.99,48494.0,1792.0,77.92,2.88,2.25,2688.0,495.0,5.54,1.02,11.19,7248.0,672.0,11.65,1.08,5.64,2048.0,350.0,28.26,4.83,10.39,61708.0,2508.0,99.15,4.03,2.47,50584.0,1574.0,81.97,2.55,1.89,9927.0,1549.0,16.09,2.51,9.48,1191.0,481.0,1.93,0.78,24.57,62235.0,,100,,,45280.0,1226.0,72.76,1.97,1.65,43553.0,1195.0,69.98,1.92,1.67,1732.0,342.0,2.78,0.55,12.03,16955.0,1263.0,27.24,2.03,4.53,7848.0,678.0,46.29,4.0,5.25,9106.0,678.0,53.71,4.0,4.53,4755.0,637.0,28.05,3.76,8.15,6257.0,710.0,36.9,4.19,6.9,744.0,363.0,4.39,2.14,29.63,302.0,129.0,1.78,0.76,25.96,3873.0,634.0,22.84,3.74,9.95,1019.0,331.0,6.01,1.95,19.72,60168.0,2060.0,96.68,3.31,2.08,40560.0,1588.0,67.41,2.64,2.38,6140.0,957.0,10.2,1.59,9.48,7516.0,981.0,12.49,1.63,7.93,56258.0,2633.0,90.4,4.23,2.85,43906.0,911.0,78.04,1.62,1.26,41653.0,968.0,74.04,1.72,1.41,2259.0,450.0,4.02,0.8,12.1,0.0,,0.0,,,12352.0,911.0,21.96,1.62,4.48,,,5.15,1.02,12.11,41061.0,1469.0,65.98,2.36,2.17,1945.0,382.0,4.74,0.93,11.93,352.0,144.0,0.86,0.35,24.74,20444.0,1002.0,49.79,2.44,2.98,12366.0,940.0,30.12,2.29,4.62,2535.0,501.0,6.17,1.22,12.02,41652.0,1531.0,66.93,2.46,2.23,0.0,,0.0,,,577.0,217.0,1.39,0.52,22.74,1148.0,287.0,2.76,0.69,15.2,914.0,262.0,2.19,0.63,17.49,3533.0,550.0,8.48,1.32,9.46,724.0,292.0,1.74,0.7,24.46,3710.0,612.0,8.91,1.47,10.03,7966.0,858.0,19.13,2.06,6.55,9593.0,850.0,23.03,2.04,5.38,6438.0,721.0,15.46,1.73,6.8,4469.0,612.0,10.73,1.47,8.33,1464.0,404.0,3.51,0.97,16.8,1125.0,308.0,2.7,0.74,16.66,3189.0,549.0,7.02,1.21,10.48,1588.0,377.0,3.5,0.83,14.42,2649.0,481.0,5.83,1.06,11.05,2208.0,436.0,4.86,0.96,12.01,3599.0,568.0,7.93,1.25,9.58,4805.0,645.0,10.58,1.42,8.16,3987.0,622.0,8.78,1.37,9.49,7361.0,795.0,16.21,1.75,6.56,4605.0,595.0,10.14,1.31,7.85,11416.0,913.0,25.14,2.01,4.86,38900.0,649.0,85.67,1.43,1.01,7065.0,608.0,15.56,1.34,5.24,3241.0,454.0,7.14,1.0,8.51,1453.0,372.0,3.2,0.82,15.58,995.0,309.0,2.19,0.68,18.88,3572.0,577.0,7.87,1.27,9.81,58830.0,597.0,94.65,0.96,0.62,49182.0,1541.0,79.13,2.48,1.91,14326.0,1461.0,23.05,2.35,6.2,3325.0,597.0,5.35,0.96,10.91,32312.0,1014.0,51.92,1.63,1.91,29923.0,1014.0,48.08,1.63,2.06,2067.0,398.0,3.32,0.64,11.72,1958.0,560.0,3.15,0.9,17.37,1613.0,510.0,2.59,0.82,19.25,1279.0,342.0,2.06,0.55,16.23,4349.0,790.0,6.99,1.27,11.04,16996.0,1158.0,27.31,1.86,4.14,11460.0,946.0,18.41,1.52,5.02,7589.0,741.0,12.19,1.19,5.93,4172.0,579.0,6.7,0.93,8.44,3531.0,523.0,5.67,0.84,9.01,4243.0,517.0,6.82,0.83,7.4,2295.0,436.0,3.69,0.7,11.53,729.0,224.0,1.17,0.36,18.7,55830.0,1102.0,89.71,1.77,1.2,7248.0,685.0,11.65,1.1,5.74,44401.0,1668.0,71.34,2.68,2.28,4574.0,1382.0,7.35,2.22,18.36,86.0,112.0,0.14,0.18,78.16,8705.0,940.0,13.99,1.51,6.56,0.0,,0.0,,,2606.0,834.0,4.19,1.34,19.44,1850.0,417.0,2.97,0.67,13.71,9935.0,940.0,15.96,1.51,5.75,52300.0,940.0,84.04,1.51,1.09,38080.0,1469.0,61.19,2.36,2.34,4034.0,1350.0,6.48,2.17,20.36,30.0,93.0,0.05,0.15,182.37,8660.0,940.0,13.91,1.51,6.6,0.0,,0.0,,,257.0,218.0,0.41,0.35,51.89,1241.0,317.0,1.99,0.51,15.58
128,Hell's Kitchen,MN0402,Hell's Kitchen,38546.0,,100,,,2444.0,409.0,6.34,1.06,10.16,5173.0,753.0,11.68,1.7,8.85,330.0,175.0,6.38,3.39,32.3,56.0,70.0,1.08,1.35,75.99,803.0,233.0,15.52,4.5,17.63,532.0,214.0,10.28,4.14,24.48,3452.0,335.0,66.73,6.47,5.89,37322.0,1014.0,84.26,2.29,1.65,1044.0,239.0,2.8,0.64,13.89,1168.0,381.0,3.13,1.02,19.81,3373.0,537.0,9.04,1.44,9.68,26556.0,858.0,71.15,2.3,1.97,41688.0,1803.0,94.12,4.07,2.63,567.0,217.0,1.36,0.52,23.24,44279.0,71.0,99.97,0.16,0.1,4771.0,677.0,10.77,1.53,8.64,2605.0,496.0,5.88,1.12,11.57,143.0,122.0,5.49,4.7,52.04,36666.0,1200.0,82.78,2.71,1.99,2627.0,535.0,7.16,1.46,12.4,5021.0,425.0,11.34,0.96,5.15,2010.0,304.0,40.03,6.05,9.19,44020.0,1971.0,99.38,4.45,2.72,35872.0,920.0,81.49,2.09,1.56,7417.0,876.0,16.85,1.99,7.18,726.0,379.0,1.65,0.86,31.68,44293.0,,100,,,31375.0,1081.0,70.84,2.44,2.09,30200.0,1107.0,68.18,2.5,2.23,1161.0,301.0,2.62,0.68,15.78,12918.0,1107.0,29.16,2.5,5.21,5736.0,611.0,44.4,4.73,6.48,7182.0,611.0,55.6,4.73,5.17,2663.0,452.0,20.61,3.5,10.32,5398.0,611.0,41.79,4.73,6.88,326.0,189.0,2.52,1.46,35.22,297.0,177.0,2.3,1.37,36.21,3643.0,596.0,28.2,4.61,9.94,597.0,331.0,4.62,2.56,33.68,43122.0,1984.0,97.36,4.48,2.8,28774.0,1117.0,66.73,2.59,2.36,4650.0,724.0,10.78,1.68,9.47,6293.0,893.0,14.59,2.07,8.62,41927.0,1816.0,94.66,4.1,2.63,32604.0,826.0,77.76,1.97,1.54,30668.0,893.0,73.15,2.13,1.77,1914.0,394.0,4.57,0.94,12.5,0.0,,0.0,,,9323.0,826.0,22.24,1.97,5.38,,,5.87,1.2,12.51,30377.0,1032.0,68.58,2.33,2.07,1192.0,349.0,3.92,1.15,17.83,254.0,158.0,0.84,0.52,37.63,14000.0,914.0,46.09,3.01,3.97,11268.0,851.0,37.09,2.8,4.59,1930.0,453.0,6.35,1.49,14.26,30673.0,1036.0,69.25,2.34,2.05,38.0,95.0,0.12,0.31,157.04,607.0,282.0,1.98,0.92,28.25,1300.0,399.0,4.24,1.3,18.64,767.0,270.0,2.5,0.88,21.4,2215.0,399.0,7.22,1.3,10.95,571.0,328.0,1.86,1.07,34.97,2209.0,405.0,7.2,1.32,11.14,5384.0,687.0,17.55,2.24,7.76,7508.0,773.0,24.48,2.52,6.26,4640.0,598.0,15.13,1.95,7.83,3782.0,586.0,12.33,1.91,9.42,1183.0,304.0,3.86,0.99,15.59,471.0,181.0,1.54,0.59,23.29,2898.0,559.0,7.52,1.45,11.72,1481.0,366.0,3.84,0.95,15.04,2682.0,532.0,6.96,1.38,12.05,3287.0,632.0,8.53,1.64,11.69,2864.0,586.0,7.43,1.52,12.44,4631.0,790.0,12.01,2.05,10.38,4415.0,752.0,11.45,1.95,10.35,6061.0,856.0,15.72,2.22,8.58,3534.0,590.0,9.17,1.53,10.14,6677.0,809.0,17.32,2.1,7.37,31837.0,806.0,82.59,2.09,1.54,6149.0,694.0,15.95,1.8,6.86,3214.0,594.0,8.34,1.54,11.23,1806.0,339.0,4.69,0.88,11.41,1123.0,443.0,2.91,1.15,24.02,3667.0,590.0,9.51,1.53,9.78,41101.0,576.0,92.82,1.3,0.85,33706.0,979.0,76.12,2.21,1.76,10229.0,952.0,23.1,2.15,5.66,3178.0,576.0,7.18,1.3,11.01,24446.0,961.0,55.19,2.17,2.39,19847.0,961.0,44.81,2.17,2.94,1171.0,292.0,2.64,0.66,15.2,555.0,239.0,1.25,0.54,26.26,407.0,173.0,0.92,0.39,25.77,926.0,270.0,2.09,0.61,17.74,3914.0,660.0,8.84,1.49,10.25,12254.0,1032.0,27.67,2.33,5.12,7930.0,846.0,17.9,1.91,6.49,6143.0,771.0,13.87,1.74,7.63,3149.0,567.0,7.11,1.28,10.94,2784.0,514.0,6.29,1.16,11.21,3096.0,416.0,6.99,0.94,8.17,1398.0,292.0,3.16,0.66,12.7,506.0,190.0,1.14,0.43,22.93,41688.0,456.0,94.12,1.03,0.67,5021.0,501.0,11.34,1.13,6.06,30050.0,1169.0,67.84,2.64,2.37,3106.0,620.0,7.01,1.4,12.14,283.0,199.0,0.64,0.45,42.74,7273.0,1001.0,16.42,2.26,8.37,10.0,75.0,0.02,0.17,516.72,2323.0,802.0,5.24,1.81,21.0,1264.0,337.0,2.85,0.76,16.21,8591.0,1072.0,19.4,2.42,7.58,35702.0,1072.0,80.6,2.42,1.83,24889.0,1222.0,56.19,2.76,2.99,2521.0,540.0,5.69,1.22,13.03,81.0,93.0,0.18,0.21,70.92,7013.0,961.0,15.83,2.17,8.33,10.0,75.0,0.02,0.17,516.72,360.0,310.0,0.81,0.7,52.53,825.0,288.0,1.86,0.65,21.24
129,Midtown South-Flatiron-Union Square,MN0501,Midtown South-Flatiron-Union Square,19345.0,,100,,,1924.0,261.0,9.95,1.35,8.25,5305.0,492.0,20.93,1.94,5.64,432.0,134.0,8.14,2.53,18.89,150.0,82.0,2.83,1.54,33.08,566.0,130.0,10.67,2.45,13.96,283.0,108.0,5.33,2.04,23.27,3870.0,227.0,72.95,4.27,3.56,19060.0,803.0,75.2,3.17,2.56,321.0,147.0,1.68,0.77,27.86,314.0,151.0,1.65,0.79,29.11,946.0,229.0,4.96,1.2,14.71,15762.0,395.0,82.7,2.07,1.52,22974.0,1001.0,90.64,3.95,2.65,414.0,129.0,1.8,0.56,18.91,25170.0,664.0,99.31,2.62,1.6,1108.0,229.0,4.4,0.91,12.57,2358.0,342.0,9.3,1.35,8.82,35.0,75.0,1.48,3.18,130.62,20258.0,626.0,79.93,2.47,1.88,435.0,142.0,2.15,0.7,19.79,2565.0,291.0,10.12,1.15,6.9,645.0,164.0,25.15,6.41,15.49,25060.0,712.0,98.87,2.81,1.73,18215.0,682.0,72.69,2.72,2.27,5798.0,609.0,23.14,2.43,6.38,1046.0,348.0,4.17,1.39,20.26,25346.0,,100,,,18987.0,565.0,74.91,2.23,1.81,18587.0,568.0,73.33,2.24,1.86,400.0,127.0,1.58,0.5,19.24,6359.0,547.0,25.09,2.16,5.23,2805.0,268.0,44.11,4.22,5.82,3554.0,268.0,55.89,4.22,4.59,1599.0,266.0,25.15,4.19,10.13,3341.0,291.0,52.54,4.57,5.29,187.0,106.0,2.94,1.67,34.53,135.0,85.0,2.12,1.34,38.42,771.0,186.0,12.12,2.92,14.65,327.0,126.0,5.14,1.98,23.42,24159.0,1027.0,95.32,4.05,2.58,17294.0,553.0,71.58,2.29,1.94,1536.0,338.0,6.36,1.4,13.38,1280.0,312.0,5.3,1.29,14.8,23227.0,1014.0,91.64,4.0,2.65,16605.0,490.0,71.49,2.11,1.79,15759.0,488.0,67.85,2.1,1.88,845.0,181.0,3.64,0.78,13.03,0.0,,0.0,,,6622.0,490.0,28.51,2.11,4.5,,,5.09,1.08,13.02,15515.0,482.0,61.21,1.9,1.89,548.0,158.0,3.53,1.02,17.57,144.0,71.0,0.93,0.46,30.07,7884.0,472.0,50.82,3.04,3.64,4572.0,425.0,29.47,2.74,5.65,1386.0,248.0,8.93,1.6,10.89,15759.0,464.0,62.18,1.83,1.79,0.0,,0.0,,,174.0,101.0,1.1,0.64,35.37,477.0,159.0,3.03,1.01,20.26,266.0,102.0,1.69,0.65,23.38,974.0,232.0,6.18,1.47,14.46,93.0,69.0,0.59,0.44,45.34,1101.0,263.0,6.99,1.67,14.52,5045.0,438.0,32.01,2.78,5.28,4123.0,413.0,26.16,2.62,6.09,2117.0,337.0,13.43,2.14,9.69,860.0,188.0,5.46,1.19,13.25,328.0,112.0,2.08,0.71,20.75,204.0,117.0,1.29,0.74,34.87,1384.0,306.0,7.15,1.58,13.43,564.0,193.0,2.92,1.0,20.82,764.0,232.0,3.95,1.2,18.47,493.0,190.0,2.55,0.98,23.36,1101.0,288.0,5.69,1.49,15.92,1791.0,358.0,9.26,1.85,12.14,1301.0,267.0,6.73,1.38,12.47,2841.0,416.0,14.69,2.15,8.9,2020.0,356.0,10.44,1.84,10.71,7084.0,532.0,36.62,2.75,4.57,16636.0,395.0,86.0,2.04,1.44,2501.0,344.0,12.93,1.78,8.37,1252.0,275.0,6.47,1.42,13.34,407.0,170.0,2.1,0.88,25.47,283.0,193.0,1.46,1.0,41.64,715.0,221.0,3.7,1.14,18.73,24004.0,269.0,95.37,1.07,0.68,22265.0,438.0,88.46,1.74,1.2,3331.0,383.0,13.23,1.52,6.98,1166.0,269.0,4.63,1.07,14.05,12681.0,484.0,50.03,1.91,2.32,12665.0,484.0,49.97,1.91,2.32,1187.0,218.0,4.68,0.86,11.17,553.0,150.0,2.18,0.59,16.45,307.0,112.0,1.21,0.44,22.11,1640.0,248.0,6.47,0.98,9.21,2591.0,380.0,10.22,1.5,8.92,6941.0,596.0,27.38,2.35,5.22,3986.0,479.0,15.73,1.89,7.3,2852.0,347.0,11.25,1.37,7.4,1514.0,286.0,5.97,1.13,11.51,1115.0,238.0,4.4,0.94,12.99,1762.0,271.0,6.95,1.07,9.36,705.0,195.0,2.78,0.77,16.84,187.0,112.0,0.74,0.44,36.15,22974.0,317.0,90.64,1.25,0.84,2658.0,329.0,10.49,1.3,7.53,18590.0,580.0,73.34,2.29,1.9,843.0,218.0,3.33,0.86,15.7,37.0,79.0,0.15,0.31,125.63,4829.0,509.0,19.05,2.01,6.41,0.0,,0.0,,,325.0,155.0,1.28,0.61,28.97,724.0,251.0,2.86,0.99,21.04,1702.0,335.0,6.72,1.32,11.94,23644.0,335.0,93.28,1.32,0.86,17227.0,634.0,67.97,2.5,2.24,734.0,198.0,2.9,0.78,16.35,37.0,79.0,0.15,0.31,125.63,4829.0,509.0,19.05,2.01,6.41,0.0,,0.0,,,138.0,114.0,0.54,0.45,50.66,684.0,248.0,2.7,0.98,22.06
130,Midtown-Times Square,MN0502,Midtown-Times Square,23561.0,,100,,,2179.0,540.0,9.25,2.29,15.05,2713.0,406.0,13.11,1.96,9.1,95.0,82.0,3.5,3.01,52.28,36.0,78.0,1.33,2.88,131.64,721.0,184.0,26.58,6.8,15.55,205.0,101.0,7.56,3.72,29.91,1658.0,192.0,61.12,7.07,7.03,17501.0,625.0,84.57,3.02,2.17,399.0,145.0,2.28,0.83,22.13,365.0,130.0,2.09,0.74,21.52,1490.0,317.0,8.51,1.81,12.93,13460.0,469.0,76.91,2.68,2.12,19173.0,743.0,92.65,3.59,2.36,550.0,171.0,2.87,0.89,18.85,20687.0,366.0,99.97,1.77,1.08,1618.0,267.0,7.82,1.29,10.03,1514.0,310.0,7.32,1.5,12.45,0.0,,0.0,,,15378.0,790.0,74.31,3.82,3.12,638.0,154.0,4.15,1.0,14.65,3794.0,356.0,18.33,1.72,5.7,978.0,200.0,25.78,5.27,12.43,20475.0,683.0,98.95,3.3,2.03,15334.0,637.0,74.89,3.11,2.52,4360.0,600.0,21.29,2.93,8.37,783.0,276.0,3.82,1.35,21.48,20693.0,,100,,,13557.0,584.0,65.51,2.82,2.62,13091.0,588.0,63.26,2.84,2.73,469.0,159.0,2.27,0.77,20.62,7136.0,540.0,34.49,2.61,4.6,3146.0,382.0,44.09,5.36,7.39,3990.0,382.0,55.91,5.36,5.83,2045.0,353.0,28.66,4.94,10.48,3251.0,350.0,45.56,4.9,6.54,236.0,177.0,3.31,2.48,45.55,186.0,122.0,2.61,1.71,39.83,1055.0,265.0,14.78,3.71,15.26,363.0,159.0,5.09,2.23,26.63,20133.0,604.0,97.29,2.92,1.82,13500.0,574.0,67.06,2.85,2.58,1726.0,346.0,8.57,1.72,12.2,1310.0,244.0,6.51,1.21,11.3,19323.0,745.0,93.38,3.6,2.34,13707.0,495.0,70.94,2.56,2.19,13091.0,526.0,67.75,2.72,2.44,612.0,193.0,3.17,1.0,19.18,6.0,100.0,0.03,0.52,1053.7,5616.0,495.0,29.06,2.56,5.36,,,4.46,1.4,19.17,12835.0,699.0,62.03,3.38,3.31,471.0,172.0,3.67,1.34,22.2,169.0,113.0,1.32,0.88,40.53,4682.0,570.0,36.48,4.44,7.4,5963.0,522.0,46.46,4.07,5.33,1023.0,303.0,7.97,2.36,18.0,13090.0,679.0,63.26,3.28,3.15,0.0,,0.0,,,146.0,127.0,1.12,0.97,52.65,546.0,224.0,4.17,1.71,24.93,355.0,156.0,2.71,1.19,26.69,752.0,204.0,5.74,1.56,16.52,245.0,158.0,1.87,1.21,39.33,883.0,250.0,6.75,1.91,17.2,3781.0,384.0,28.89,2.93,6.17,3382.0,408.0,25.84,3.12,7.34,1450.0,257.0,11.08,1.96,10.75,893.0,253.0,6.82,1.93,17.2,416.0,149.0,3.18,1.14,21.79,240.0,118.0,1.83,0.9,29.9,1827.0,353.0,7.75,1.5,11.77,954.0,358.0,4.05,1.52,22.82,1419.0,398.0,6.02,1.69,17.07,934.0,382.0,3.96,1.62,24.87,1359.0,375.0,5.77,1.59,16.75,1835.0,511.0,7.79,2.17,16.93,1995.0,499.0,8.47,2.12,15.22,3754.0,587.0,15.93,2.49,9.5,2547.0,561.0,10.81,2.38,13.38,6933.0,773.0,29.43,3.28,6.78,18454.0,648.0,78.32,2.75,2.13,5539.0,671.0,23.51,2.85,7.37,2480.0,582.0,10.53,2.47,14.26,656.0,318.0,2.78,1.35,29.52,337.0,313.0,1.43,1.33,56.54,1263.0,276.0,5.36,1.17,13.27,19734.0,279.0,95.39,1.35,0.86,17429.0,408.0,84.25,1.97,1.42,4597.0,453.0,22.22,2.19,5.99,952.0,279.0,4.6,1.35,17.84,10243.0,484.0,49.5,2.34,2.87,10450.0,484.0,50.5,2.34,2.82,560.0,199.0,2.71,0.96,21.53,404.0,209.0,1.95,1.01,31.49,394.0,174.0,1.9,0.84,26.88,297.0,149.0,1.44,0.72,30.4,1534.0,292.0,7.41,1.41,11.57,5859.0,581.0,28.31,2.81,6.03,3139.0,586.0,15.17,2.83,11.34,2336.0,335.0,11.29,1.62,8.72,1429.0,315.0,6.91,1.52,13.37,940.0,232.0,4.54,1.12,15.0,2037.0,366.0,9.84,1.77,10.93,1287.0,279.0,6.22,1.35,13.19,475.0,228.0,2.3,1.1,29.07,19179.0,308.0,92.68,1.49,0.98,3794.0,428.0,18.33,2.07,6.87,14168.0,555.0,68.47,2.68,2.38,1023.0,277.0,4.94,1.34,16.49,65.0,103.0,0.31,0.5,98.05,4381.0,505.0,21.17,2.44,7.01,41.0,110.0,0.2,0.53,161.09,483.0,197.0,2.33,0.95,24.79,532.0,209.0,2.57,1.01,23.89,1674.0,325.0,8.09,1.57,11.8,19019.0,325.0,91.91,1.57,1.04,12926.0,594.0,62.47,2.87,2.79,920.0,279.0,4.45,1.35,18.44,65.0,103.0,0.31,0.5,98.05,4381.0,505.0,21.17,2.44,7.01,26.0,110.0,0.13,0.53,247.84,210.0,170.0,1.01,0.82,49.35,491.0,207.0,2.37,1.0,25.65
131,Stuyvesant Town-Peter Cooper Village,MN0601,Stuyvesant Town-Peter Cooper Village,11250.0,,100,,,1789.0,385.0,15.9,3.42,13.08,3851.0,852.0,17.94,3.97,13.45,225.0,148.0,5.84,3.85,40.08,54.0,80.0,1.4,2.07,89.88,937.0,336.0,24.33,8.72,21.79,446.0,226.0,11.58,5.88,30.87,2189.0,414.0,56.85,10.74,11.48,16277.0,698.0,75.84,3.25,2.61,37.0,70.0,0.23,0.43,113.65,204.0,189.0,1.25,1.16,56.41,757.0,304.0,4.65,1.87,24.45,13296.0,578.0,81.69,3.55,2.64,19231.0,358.0,89.6,1.67,1.13,545.0,275.0,2.83,1.43,30.72,21446.0,43.0,99.93,0.2,0.12,1845.0,510.0,8.6,2.38,16.82,2214.0,429.0,10.32,2.0,11.78,36.0,65.0,1.63,2.93,109.27,15505.0,730.0,72.24,3.4,2.86,873.0,443.0,5.63,2.86,30.88,3704.0,419.0,17.26,1.95,6.88,934.0,288.0,25.21,7.78,18.76,21205.0,114.0,98.8,0.53,0.33,16118.0,1001.0,76.01,4.72,3.77,4756.0,950.0,22.43,4.48,12.14,332.0,237.0,1.57,1.12,43.37,21462.0,,100,,,17485.0,655.0,81.47,3.05,2.28,16800.0,740.0,78.28,3.45,2.68,686.0,350.0,3.2,1.63,30.97,3977.0,676.0,18.53,3.15,10.33,2174.0,367.0,54.67,9.23,10.26,1803.0,367.0,45.34,9.23,12.38,1233.0,362.0,31.0,9.11,17.86,1742.0,357.0,43.8,8.98,12.46,142.0,126.0,3.57,3.16,53.81,84.0,75.0,2.11,1.89,54.45,608.0,268.0,15.29,6.74,26.8,169.0,139.0,4.25,3.49,49.92,20804.0,118.0,96.93,0.55,0.34,15924.0,872.0,76.54,4.19,3.33,816.0,320.0,3.92,1.54,23.88,1432.0,501.0,6.88,2.41,21.29,19280.0,388.0,89.83,1.81,1.22,13804.0,727.0,71.6,3.77,3.2,13428.0,715.0,69.65,3.71,3.24,357.0,216.0,1.85,1.12,36.8,18.0,40.0,0.09,0.21,141.84,5476.0,727.0,28.4,3.77,8.07,,,2.59,1.56,36.78,13104.0,719.0,61.06,3.35,3.34,561.0,384.0,4.28,2.93,41.62,508.0,334.0,3.88,2.55,39.95,7887.0,892.0,60.19,6.81,6.88,2354.0,643.0,17.96,4.91,16.62,836.0,321.0,6.38,2.45,23.34,13426.0,700.0,62.56,3.26,3.17,0.0,,0.0,,,76.0,90.0,0.57,0.67,71.46,393.0,302.0,2.93,2.25,46.68,329.0,208.0,2.45,1.55,38.46,542.0,310.0,4.04,2.31,34.76,265.0,188.0,1.97,1.4,43.2,737.0,364.0,5.49,2.71,30.01,1691.0,533.0,12.59,3.97,19.17,3463.0,722.0,25.79,5.38,12.68,3440.0,631.0,25.62,4.7,11.15,1615.0,622.0,12.03,4.63,23.4,237.0,136.0,1.77,1.01,34.69,640.0,251.0,4.77,1.87,23.83,815.0,320.0,7.24,2.84,23.85,468.0,233.0,4.16,2.07,30.25,297.0,177.0,2.64,1.57,36.15,421.0,235.0,3.74,2.09,33.97,918.0,309.0,8.16,2.75,20.49,1078.0,436.0,9.58,3.88,24.62,1838.0,467.0,16.34,4.15,15.44,2359.0,567.0,20.97,5.04,14.61,1159.0,342.0,10.3,3.04,17.94,1897.0,448.0,16.86,3.98,14.35,8687.0,505.0,77.22,4.49,3.53,3111.0,448.0,27.65,3.98,8.75,2406.0,405.0,21.39,3.6,10.23,115.0,109.0,1.02,0.97,57.81,74.0,107.0,0.66,0.95,87.5,100.0,107.0,0.89,0.95,64.89,20402.0,369.0,95.13,1.72,1.1,19013.0,624.0,88.66,2.91,2.0,3947.0,500.0,18.4,2.33,7.7,1044.0,369.0,4.87,1.72,21.47,8574.0,955.0,39.95,4.45,6.77,12888.0,955.0,60.05,4.45,4.5,658.0,217.0,3.07,1.01,20.0,704.0,335.0,3.28,1.56,28.91,527.0,210.0,2.46,0.98,24.22,321.0,195.0,1.5,0.91,36.88,2949.0,839.0,13.74,3.91,17.3,5464.0,809.0,25.46,3.77,9.0,1908.0,564.0,8.89,2.63,17.98,2055.0,541.0,9.58,2.52,15.99,1500.0,449.0,6.99,2.09,18.18,1651.0,412.0,7.69,1.92,15.18,1882.0,382.0,8.77,1.78,12.34,1251.0,382.0,5.83,1.78,18.56,577.0,232.0,2.69,1.08,24.41,19248.0,423.0,89.68,1.97,1.34,3704.0,489.0,17.26,2.28,8.03,17107.0,749.0,79.71,3.49,2.66,724.0,230.0,3.37,1.07,19.3,0.0,,0.0,,,2454.0,629.0,11.43,2.93,15.58,0.0,,0.0,,,530.0,376.0,2.47,1.75,43.07,642.0,339.0,2.99,1.58,32.12,1781.0,554.0,8.3,2.58,18.9,19681.0,554.0,91.7,2.58,1.71,15872.0,839.0,73.95,3.91,3.21,724.0,230.0,3.37,1.07,19.3,0.0,,0.0,,,2454.0,629.0,11.43,2.93,15.58,0.0,,0.0,,,65.0,73.0,0.3,0.34,68.9,562.0,322.0,2.62,1.5,34.8
132,Gramercy,MN0602,Gramercy,18932.0,,100,,,1401.0,235.0,7.4,1.24,10.19,5731.0,547.0,20.55,1.96,5.8,204.0,113.0,3.56,1.98,33.81,62.0,66.0,1.08,1.16,65.29,611.0,210.0,10.66,3.66,20.87,219.0,138.0,3.82,2.41,38.35,4635.0,250.0,80.87,4.37,3.28,20902.0,739.0,74.96,2.65,2.15,194.0,119.0,0.93,0.57,37.26,220.0,134.0,1.05,0.64,37.05,1138.0,293.0,5.44,1.4,15.64,16976.0,537.0,81.22,2.57,1.92,26141.0,390.0,93.74,1.4,0.91,383.0,139.0,1.47,0.53,21.92,27729.0,176.0,99.44,0.63,0.39,1615.0,383.0,5.82,1.38,14.41,1646.0,257.0,5.9,0.92,9.49,15.0,56.0,0.91,3.38,225.79,23003.0,602.0,82.49,2.16,1.59,781.0,294.0,3.4,1.28,22.89,3080.0,374.0,11.04,1.34,7.38,814.0,207.0,26.43,6.72,15.46,27638.0,1481.0,99.11,5.31,3.26,19901.0,942.0,72.01,3.41,2.88,6970.0,882.0,25.22,3.19,7.69,766.0,390.0,2.77,1.41,30.94,27886.0,,100,,,22852.0,706.0,81.95,2.53,1.88,22232.0,733.0,79.72,2.63,2.01,620.0,282.0,2.22,1.01,27.66,5034.0,708.0,18.05,2.54,8.55,2366.0,332.0,47.0,6.59,8.52,2668.0,332.0,53.0,6.59,7.56,1598.0,367.0,31.74,7.3,13.98,2299.0,392.0,45.67,7.79,10.37,170.0,137.0,3.38,2.72,48.92,94.0,113.0,1.87,2.24,72.82,494.0,196.0,9.81,3.9,24.17,380.0,181.0,7.55,3.59,28.91,27155.0,828.0,97.38,2.97,1.85,22378.0,657.0,82.41,2.42,1.79,922.0,274.0,3.4,1.01,18.06,1077.0,331.0,3.97,1.22,18.68,26337.0,728.0,94.45,2.61,1.68,19811.0,622.0,75.22,2.36,1.91,18587.0,624.0,70.57,2.37,2.04,1171.0,290.0,4.45,1.1,15.03,53.0,84.0,0.2,0.32,97.26,6526.0,622.0,24.78,2.36,5.79,,,5.91,1.45,15.05,18487.0,714.0,66.29,2.56,2.35,671.0,218.0,3.63,1.18,19.76,127.0,115.0,0.69,0.62,54.62,9897.0,643.0,53.53,3.48,3.95,4874.0,605.0,26.36,3.27,7.54,1423.0,366.0,7.7,1.98,15.63,18599.0,722.0,66.7,2.59,2.36,0.0,,0.0,,,206.0,128.0,1.11,0.69,37.79,623.0,231.0,3.35,1.24,22.5,396.0,160.0,2.13,0.86,24.54,850.0,296.0,4.57,1.59,21.15,316.0,188.0,1.7,1.01,36.12,2193.0,560.0,11.79,3.01,15.52,4136.0,524.0,22.24,2.82,7.71,4399.0,593.0,23.65,3.19,8.2,3088.0,430.0,16.6,2.31,8.46,1500.0,350.0,8.06,1.88,14.18,675.0,238.0,3.63,1.28,21.44,221.0,145.0,1.19,0.78,39.85,888.0,280.0,4.69,1.48,19.18,396.0,189.0,2.09,1.0,29.09,1005.0,297.0,5.31,1.57,17.97,694.0,275.0,3.67,1.45,24.02,755.0,261.0,3.99,1.38,21.03,2100.0,432.0,11.09,2.28,12.5,2341.0,479.0,12.37,2.53,12.43,3511.0,604.0,18.55,3.19,10.45,2212.0,464.0,11.68,2.45,12.75,5033.0,577.0,26.58,3.05,6.98,16269.0,401.0,85.93,2.12,1.5,2979.0,384.0,15.74,2.03,7.84,1690.0,329.0,8.93,1.74,11.84,260.0,138.0,1.37,0.73,32.39,309.0,146.0,1.63,0.77,28.72,843.0,265.0,4.45,1.4,19.13,26543.0,402.0,95.72,1.45,0.92,24320.0,568.0,87.71,2.05,1.42,3996.0,494.0,14.41,1.78,7.51,1186.0,402.0,4.28,1.45,20.59,12516.0,678.0,44.88,2.43,3.29,15370.0,678.0,55.12,2.43,2.68,731.0,223.0,2.62,0.8,18.56,345.0,145.0,1.24,0.52,25.49,421.0,198.0,1.51,0.71,28.58,2235.0,312.0,8.01,1.12,8.5,3259.0,552.0,11.69,1.98,10.3,7953.0,831.0,28.52,2.98,6.35,4023.0,577.0,14.43,2.07,8.72,3342.0,633.0,11.98,2.27,11.52,1304.0,365.0,4.68,1.31,17.02,1164.0,282.0,4.17,1.01,14.72,1596.0,304.0,5.72,1.09,11.58,1085.0,265.0,3.89,0.95,14.85,430.0,151.0,1.54,0.54,21.32,26189.0,270.0,93.91,0.97,0.63,3109.0,390.0,11.15,1.4,7.63,21108.0,706.0,75.69,2.53,2.03,1200.0,326.0,4.3,1.17,16.54,235.0,243.0,0.84,0.87,62.96,4085.0,552.0,14.65,1.98,8.22,0.0,,0.0,,,424.0,248.0,1.52,0.89,35.59,833.0,259.0,2.99,0.93,18.91,2099.0,524.0,7.53,1.88,15.18,25787.0,524.0,92.47,1.88,1.24,19813.0,772.0,71.05,2.77,2.37,1096.0,315.0,3.93,1.13,17.48,172.0,218.0,0.62,0.78,76.48,4001.0,538.0,14.35,1.93,8.18,0.0,,0.0,,,71.0,123.0,0.25,0.44,106.99,655.0,237.0,2.35,0.85,21.99
133,Murray Hill-Kips Bay,MN0603,Murray Hill-Kips Bay,39343.0,,100,,,3846.0,767.0,9.78,1.95,12.12,9179.0,1409.0,16.94,2.6,9.33,590.0,336.0,6.43,3.66,34.6,275.0,206.0,3.0,2.24,45.39,1882.0,529.0,20.5,5.76,17.08,836.0,318.0,9.11,3.46,23.09,5592.0,652.0,60.92,7.1,7.08,43614.0,2330.0,80.49,4.3,3.25,987.0,371.0,2.26,0.85,22.86,1112.0,397.0,2.55,0.91,21.69,2993.0,619.0,6.86,1.42,12.58,32865.0,964.0,75.35,2.21,1.78,48982.0,2715.0,90.4,5.01,3.37,807.0,318.0,1.65,0.65,23.95,53980.0,157.0,99.62,0.29,0.18,4373.0,918.0,8.1,1.7,12.76,5191.0,1382.0,9.58,2.55,16.18,44.0,94.0,0.85,1.81,129.45,40740.0,1978.0,75.19,3.65,2.95,1840.0,501.0,4.52,1.23,16.54,8072.0,666.0,14.9,1.23,5.02,2492.0,546.0,30.87,6.77,13.33,53645.0,3175.0,99.01,5.86,3.6,43227.0,1679.0,80.58,3.13,2.36,8960.0,1609.0,16.7,3.0,10.92,1456.0,472.0,2.71,0.88,19.74,54184.0,,100,,,40056.0,1257.0,73.93,2.32,1.91,38199.0,1284.0,70.5,2.37,2.04,1857.0,851.0,3.43,1.57,27.83,14128.0,1127.0,26.07,2.08,4.85,6528.0,708.0,46.21,5.01,6.59,7600.0,708.0,53.8,5.01,5.66,3889.0,671.0,27.53,4.75,10.49,7727.0,788.0,54.69,5.58,6.2,485.0,235.0,3.43,1.66,29.42,202.0,171.0,1.43,1.21,51.44,1349.0,479.0,9.55,3.39,21.58,471.0,195.0,3.33,1.38,25.19,51823.0,2774.0,95.64,5.12,3.25,35345.0,1539.0,68.2,2.97,2.65,4994.0,1109.0,9.64,2.14,13.49,3920.0,1233.0,7.56,2.38,19.14,49458.0,2725.0,91.28,5.03,3.35,35886.0,979.0,72.56,1.98,1.66,34541.0,1039.0,69.84,2.1,1.83,1366.0,371.0,2.76,0.75,16.52,0.0,,0.0,,,13572.0,979.0,27.44,1.98,4.39,,,3.81,1.03,16.51,34116.0,845.0,62.96,1.56,1.51,1046.0,280.0,3.07,0.82,16.24,500.0,205.0,1.47,0.6,24.81,13925.0,1221.0,40.82,3.58,5.33,14363.0,1167.0,42.1,3.42,4.94,2495.0,580.0,7.31,1.7,14.14,34533.0,1187.0,63.73,2.19,2.09,17.0,79.0,0.05,0.23,279.64,221.0,121.0,0.64,0.35,33.24,978.0,297.0,2.83,0.86,18.47,785.0,280.0,2.27,0.81,21.69,2038.0,515.0,5.9,1.49,15.35,448.0,218.0,1.3,0.63,29.46,2617.0,459.0,7.58,1.33,10.67,7454.0,870.0,21.58,2.52,7.1,8529.0,932.0,24.7,2.7,6.65,6402.0,808.0,18.54,2.34,7.67,2112.0,521.0,6.12,1.51,15.0,1410.0,470.0,4.08,1.36,20.26,1533.0,459.0,4.44,1.33,18.21,2406.0,586.0,6.12,1.49,14.8,1343.0,551.0,3.41,1.4,24.96,1805.0,468.0,4.59,1.19,15.76,1648.0,449.0,4.19,1.14,16.54,3041.0,645.0,7.73,1.64,12.9,5403.0,881.0,13.73,2.24,9.92,4208.0,783.0,10.7,1.99,11.31,7207.0,913.0,18.32,2.32,7.7,4519.0,736.0,11.49,1.87,9.89,7743.0,854.0,19.68,2.17,6.7,32026.0,862.0,81.4,2.19,1.64,7660.0,822.0,19.47,2.09,6.53,4140.0,712.0,10.52,1.81,10.46,1256.0,570.0,3.19,1.45,27.63,280.0,212.0,0.71,0.54,46.23,1347.0,468.0,3.42,1.19,21.15,51381.0,664.0,95.19,1.23,0.79,45844.0,1101.0,84.93,2.04,1.46,10347.0,1053.0,19.17,1.95,6.18,2599.0,664.0,4.81,1.23,15.55,25146.0,1262.0,46.41,2.33,3.05,29038.0,1262.0,53.59,2.33,2.64,2361.0,769.0,4.36,1.42,19.8,1059.0,412.0,1.95,0.76,23.69,1149.0,699.0,2.12,1.29,36.99,1470.0,444.0,2.71,0.82,18.39,4529.0,710.0,8.36,1.31,9.53,17616.0,1398.0,32.51,2.58,4.82,6121.0,889.0,11.3,1.64,8.82,5963.0,797.0,11.01,1.47,8.12,3233.0,618.0,5.97,1.14,11.61,2559.0,477.0,4.72,0.88,11.33,4712.0,797.0,8.7,1.47,10.27,2303.0,488.0,4.25,0.9,12.87,1124.0,358.0,2.07,0.66,19.38,48982.0,1235.0,90.4,2.28,1.53,8138.0,889.0,15.02,1.64,6.64,38760.0,1495.0,71.53,2.76,2.35,2239.0,574.0,4.13,1.06,15.6,64.0,87.0,0.12,0.16,81.05,10619.0,1371.0,19.6,2.53,7.85,0.0,,0.0,,,429.0,276.0,0.79,0.51,39.24,2050.0,666.0,3.78,1.23,19.78,6251.0,1425.0,11.54,2.63,13.85,47933.0,1425.0,88.46,2.63,1.81,33392.0,1609.0,61.63,2.97,2.93,2098.0,574.0,3.87,1.06,16.65,41.0,81.0,0.08,0.15,113.98,10595.0,1376.0,19.55,2.54,7.9,0.0,,0.0,,,164.0,228.0,0.3,0.42,85.11,1633.0,591.0,3.01,1.09,22.01
134,East Midtown-Turtle Bay,MN0604,East Midtown-Turtle Bay,33327.0,,100,,,3235.0,523.0,9.71,1.57,9.83,3976.0,587.0,9.95,1.47,8.97,678.0,244.0,17.05,6.13,21.86,99.0,104.0,2.49,2.62,63.96,872.0,233.0,21.93,5.87,16.27,308.0,144.0,7.75,3.62,28.39,2018.0,260.0,50.75,6.53,7.82,34540.0,1658.0,86.44,4.15,2.92,272.0,193.0,0.79,0.56,43.09,439.0,214.0,1.27,0.62,29.68,1780.0,463.0,5.15,1.34,15.82,27959.0,781.0,80.95,2.26,1.7,36656.0,2206.0,91.73,5.52,3.66,1573.0,326.0,4.29,0.89,12.61,39933.0,68.0,99.93,0.17,0.1,3076.0,531.0,7.7,1.33,10.5,3277.0,611.0,8.2,1.53,11.33,112.0,132.0,3.42,4.03,71.63,26930.0,823.0,67.39,2.06,1.86,843.0,267.0,3.13,0.99,19.23,9732.0,835.0,24.35,2.09,5.22,2118.0,392.0,21.76,4.03,11.26,39431.0,2074.0,98.68,5.19,3.2,33720.0,753.0,85.52,1.91,1.36,5294.0,737.0,13.43,1.87,8.46,403.0,177.0,1.02,0.45,26.82,39960.0,,100,,,31184.0,767.0,78.04,1.92,1.5,30436.0,779.0,76.17,1.95,1.56,749.0,256.0,1.87,0.64,20.81,8776.0,759.0,21.96,1.9,5.26,4978.0,439.0,56.72,5.0,5.36,3798.0,439.0,43.28,5.0,7.02,3176.0,427.0,36.19,4.86,8.16,3613.0,449.0,41.17,5.12,7.56,342.0,192.0,3.9,2.19,34.14,227.0,150.0,2.59,1.71,40.14,1061.0,304.0,12.09,3.46,17.4,360.0,184.0,4.1,2.1,31.14,38036.0,2222.0,95.19,5.56,3.55,29065.0,962.0,76.41,2.53,2.01,1546.0,453.0,4.06,1.19,17.82,1922.0,555.0,5.05,1.46,17.58,36910.0,1966.0,92.37,4.92,3.24,27335.0,760.0,74.06,2.06,1.69,26456.0,771.0,71.68,2.09,1.77,860.0,244.0,2.33,0.66,17.22,24.0,92.0,0.07,0.25,217.11,9575.0,760.0,25.94,2.06,4.83,,,3.15,0.89,17.25,25973.0,819.0,65.0,2.05,1.92,1874.0,468.0,7.22,1.8,15.16,373.0,195.0,1.44,0.75,31.66,10496.0,790.0,40.41,3.04,4.57,9695.0,766.0,37.33,2.95,4.8,2318.0,486.0,8.92,1.87,12.74,26441.0,823.0,66.17,2.06,1.89,0.0,,0.0,,,239.0,167.0,0.9,0.63,42.55,626.0,230.0,2.37,0.87,22.32,786.0,293.0,2.97,1.11,22.72,2070.0,444.0,7.83,1.68,13.04,330.0,188.0,1.25,0.71,34.53,1801.0,405.0,6.81,1.53,13.66,6636.0,677.0,25.1,2.56,6.2,6730.0,724.0,25.45,2.74,6.54,3993.0,605.0,15.1,2.29,9.22,1744.0,381.0,6.6,1.44,13.26,736.0,262.0,2.78,0.99,21.65,752.0,209.0,2.84,0.79,16.91,1439.0,353.0,4.32,1.06,14.92,576.0,250.0,1.73,0.75,26.35,1531.0,420.0,4.59,1.26,16.69,967.0,313.0,2.9,0.94,19.7,2179.0,503.0,6.54,1.51,14.04,3672.0,613.0,11.02,1.84,10.15,3442.0,657.0,10.33,1.97,11.59,5167.0,733.0,15.5,2.2,8.63,3612.0,637.0,10.84,1.91,10.71,10716.0,890.0,32.15,2.67,5.05,26906.0,743.0,80.73,2.23,1.68,8998.0,777.0,27.0,2.33,5.25,4007.0,623.0,12.02,1.87,9.46,487.0,237.0,1.46,0.71,29.56,183.0,130.0,0.55,0.39,43.11,342.0,163.0,1.03,0.49,28.92,38633.0,475.0,96.74,1.19,0.75,34185.0,835.0,85.61,2.09,1.48,10121.0,831.0,25.35,2.08,4.99,1300.0,475.0,3.26,1.19,22.19,18163.0,823.0,45.45,2.06,2.76,21797.0,823.0,54.55,2.06,2.3,1924.0,531.0,4.81,1.33,16.81,724.0,256.0,1.81,0.64,21.49,315.0,140.0,0.79,0.35,26.93,726.0,208.0,1.82,0.52,17.37,1736.0,424.0,4.34,1.06,14.85,9432.0,931.0,23.6,2.33,6.0,6139.0,743.0,15.36,1.86,7.36,4754.0,599.0,11.9,1.5,7.66,2166.0,412.0,5.42,1.03,11.55,2306.0,452.0,5.77,1.13,11.91,4970.0,583.0,12.44,1.46,7.13,3305.0,535.0,8.27,1.34,9.85,1461.0,392.0,3.66,0.98,16.28,36683.0,555.0,91.8,1.39,0.92,9732.0,803.0,24.35,2.01,5.02,32929.0,887.0,82.4,2.22,1.64,775.0,256.0,1.94,0.64,20.05,27.0,80.0,0.07,0.2,173.69,5372.0,811.0,13.44,2.03,9.18,8.0,80.0,0.02,0.2,607.9,255.0,164.0,0.64,0.41,38.94,586.0,260.0,1.47,0.65,26.88,2528.0,779.0,6.33,1.95,18.73,37432.0,779.0,93.67,1.95,1.27,30656.0,1051.0,76.72,2.63,2.08,691.0,248.0,1.73,0.62,21.79,27.0,80.0,0.07,0.2,173.69,5372.0,811.0,13.44,2.03,9.18,8.0,80.0,0.02,0.2,607.9,106.0,148.0,0.27,0.37,83.31,572.0,256.0,1.43,0.64,27.21
135,United Nations,MN0661,United Nations,0.0,,100,,,0.0,,,,,0.0,,,,,0.0,,,,,0.0,,,,,0.0,,,,,0.0,,,,,0.0,,,,,0.0,,,,,0.0,,,,,0.0,,,,,0.0,,,,,0.0,,,,,0.0,,,,,0.0,,,,,0.0,,,,,0.0,,,,,0.0,,,,,0.0,,,,,0.0,,,,,0.0,,,,,0.0,,,,,0.0,,,,,0.0,,,,,0.0,,,,,0.0,,,,,0.0,,,,,0.0,,100,,,0.0,,,,,0.0,,,,,0.0,,,,,0.0,,,,,0.0,,,,,0.0,,,,,0.0,,,,,0.0,,,,,0.0,,,,,0.0,,,,,0.0,,,,,0.0,,,,,0.0,,,,,0.0,,,,,0.0,,,,,0.0,,,,,0.0,,,,,0.0,,,,,0.0,,,,,0.0,,,,,0.0,,,,,0.0,,,,,,,,,,0.0,,,,,0.0,,,,,0.0,,,,,0.0,,,,,0.0,,,,,0.0,,,,,0.0,,,,,0.0,,,,,0.0,,,,,0.0,,,,,0.0,,,,,0.0,,,,,0.0,,,,,0.0,,,,,0.0,,,,,0.0,,,,,0.0,,,,,0.0,,,,,0.0,,,,,0.0,,,,,0.0,,,,,0.0,,,,,0.0,,,,,0.0,,,,,0.0,,,,,0.0,,,,,0.0,,,,,0.0,,,,,0.0,,,,,0.0,,,,,0.0,,,,,0.0,,,,,0.0,,,,,0.0,,,,,0.0,,,,,0.0,,,,,0.0,,,,,0.0,,,,,0.0,,,,,0.0,,,,,0.0,,,,,0.0,,,,,0.0,,,,,0.0,,,,,0.0,,,,,0.0,,,,,0.0,,,,,0.0,,,,,0.0,,,,,0.0,,,,,0.0,,,,,0.0,,,,,0.0,,,,,0.0,,,,,0.0,,,,,0.0,,,,,0.0,,,,,0.0,,,,,0.0,,,,,0.0,,,,,0.0,,,,,0.0,,,,,0.0,,,,,0.0,,,,,0.0,,,,,0.0,,,,,0.0,,,,,0.0,,,,,0.0,,,,,0.0,,,,,0.0,,,,,0.0,,,,,0.0,,,,
136,Upper West Side-Lincoln Square,MN0701,Upper West Side-Lincoln Square,44507.0,,100,,,6886.0,677.0,15.47,1.52,5.97,9487.0,991.0,15.89,1.66,6.35,1475.0,355.0,15.55,3.74,14.62,481.0,205.0,5.07,2.16,25.9,2698.0,445.0,28.44,4.69,10.02,741.0,247.0,7.81,2.6,20.24,4089.0,457.0,43.1,4.82,6.8,48192.0,2155.0,80.74,3.61,2.72,568.0,260.0,1.18,0.54,27.82,758.0,405.0,1.57,0.84,32.52,3355.0,651.0,6.96,1.35,11.79,38792.0,969.0,80.5,2.01,1.52,51501.0,2370.0,86.28,3.97,2.8,1801.0,397.0,3.5,0.77,13.37,59636.0,66.0,99.91,0.11,0.07,4282.0,567.0,7.18,0.95,8.04,8190.0,788.0,13.72,1.32,5.85,120.0,103.0,1.47,1.26,52.11,40699.0,1188.0,68.18,1.99,1.77,1537.0,387.0,3.78,0.95,15.28,10735.0,842.0,17.98,1.41,4.77,2627.0,383.0,24.47,3.57,8.87,58784.0,2429.0,98.48,4.07,2.51,49490.0,1146.0,84.19,1.95,1.41,8079.0,1099.0,13.74,1.87,8.27,1206.0,359.0,2.05,0.61,18.09,59691.0,,100,,,45497.0,1236.0,76.22,2.07,1.65,43389.0,1307.0,72.69,2.19,1.83,2127.0,627.0,3.56,1.05,17.93,14194.0,1259.0,23.78,2.11,5.39,6727.0,724.0,47.39,5.1,6.54,7467.0,724.0,52.61,5.1,5.89,4451.0,589.0,31.36,4.15,8.04,5728.0,647.0,40.36,4.56,6.87,647.0,308.0,4.56,2.17,28.93,617.0,332.0,4.35,2.34,32.7,2059.0,473.0,14.51,3.33,13.95,693.0,287.0,4.88,2.02,25.16,55751.0,889.0,93.4,1.49,0.97,39547.0,1266.0,70.94,2.27,1.95,3969.0,736.0,7.12,1.32,11.27,4495.0,775.0,8.06,1.39,10.48,51773.0,2388.0,86.74,4.0,2.8,36885.0,994.0,71.24,1.92,1.64,35039.0,1025.0,67.68,1.98,1.78,1850.0,430.0,3.57,0.83,14.13,0.0,,0.0,,,14888.0,994.0,28.76,1.92,4.06,,,5.02,1.16,14.13,34174.0,961.0,57.25,1.61,1.71,1553.0,366.0,4.54,1.07,14.33,538.0,208.0,1.57,0.61,23.62,20712.0,933.0,60.61,2.73,2.74,6265.0,694.0,18.33,2.03,6.73,2717.0,578.0,7.95,1.69,12.92,35038.0,895.0,58.7,1.5,1.55,76.0,126.0,0.22,0.36,99.47,318.0,182.0,0.91,0.52,34.74,1055.0,291.0,3.01,0.83,16.76,655.0,235.0,1.87,0.67,21.78,2142.0,438.0,6.11,1.25,12.44,136.0,109.0,0.39,0.31,48.32,2931.0,652.0,8.37,1.86,13.51,8212.0,862.0,23.44,2.46,6.38,7590.0,862.0,21.66,2.46,6.9,7938.0,904.0,22.66,2.58,6.92,2436.0,512.0,6.95,1.46,12.77,831.0,273.0,2.37,0.78,20.01,708.0,319.0,2.02,0.91,27.39,2584.0,605.0,5.81,1.36,14.23,932.0,347.0,2.09,0.78,22.69,2821.0,556.0,6.34,1.25,11.99,1848.0,481.0,4.15,1.08,15.82,2158.0,561.0,4.85,1.26,15.79,4719.0,841.0,10.6,1.89,10.84,3775.0,721.0,8.48,1.62,11.61,6511.0,868.0,14.63,1.95,8.1,5603.0,837.0,12.59,1.88,9.08,13567.0,1050.0,30.48,2.36,4.71,36182.0,814.0,81.3,1.83,1.37,10930.0,868.0,24.56,1.95,4.83,5809.0,699.0,13.05,1.57,7.31,976.0,387.0,2.19,0.87,24.15,631.0,325.0,1.42,0.73,31.25,1753.0,507.0,3.94,1.14,17.59,57601.0,501.0,96.59,0.84,0.53,51846.0,1050.0,86.94,1.76,1.23,12952.0,1085.0,21.72,1.82,5.09,2036.0,501.0,3.41,0.84,14.97,27374.0,997.0,45.86,1.67,2.21,32317.0,997.0,54.14,1.67,1.88,3940.0,579.0,6.6,0.97,8.93,2037.0,424.0,3.41,0.71,12.66,1641.0,460.0,2.75,0.77,17.02,1490.0,340.0,2.5,0.57,13.86,2396.0,501.0,4.01,0.84,12.73,11449.0,1218.0,19.18,2.04,6.47,10161.0,901.0,17.02,1.51,5.39,8230.0,854.0,13.79,1.43,6.3,4051.0,669.0,6.79,1.12,10.03,3568.0,579.0,5.98,0.97,9.86,5918.0,669.0,9.91,1.12,6.87,2829.0,478.0,4.74,0.8,10.26,1999.0,430.0,3.35,0.72,13.07,51501.0,710.0,86.28,1.19,0.84,10746.0,877.0,18.0,1.47,4.96,47430.0,1158.0,79.46,1.94,1.48,2376.0,597.0,3.98,1.0,15.27,97.0,107.0,0.16,0.18,68.39,7340.0,931.0,12.3,1.56,7.71,21.0,72.0,0.04,0.12,182.37,1022.0,675.0,1.71,1.13,40.17,1390.0,406.0,2.33,0.68,17.74,6014.0,806.0,10.08,1.35,8.14,53677.0,806.0,89.92,1.35,0.91,42972.0,1158.0,71.99,1.94,1.64,2050.0,549.0,3.43,0.92,16.31,37.0,90.0,0.06,0.15,151.98,7137.0,919.0,11.96,1.54,7.83,3.0,78.0,0.01,0.13,790.27,232.0,281.0,0.39,0.47,73.26,1240.0,388.0,2.08,0.65,19.0
137,Upper West Side (Central),MN0702,Upper West Side (Central),57783.0,,100,,,11101.0,838.0,19.21,1.45,4.59,17545.0,1366.0,17.85,1.39,4.73,2174.0,402.0,12.39,2.29,11.24,643.0,195.0,3.66,1.11,18.44,6272.0,626.0,35.75,3.57,6.07,2841.0,479.0,16.19,2.73,10.25,5614.0,595.0,32.0,3.39,6.44,79246.0,2664.0,80.62,2.71,2.04,1921.0,475.0,2.42,0.6,15.07,2107.0,515.0,2.66,0.65,14.85,6161.0,872.0,7.77,1.1,8.61,60886.0,1212.0,76.83,1.53,1.21,82920.0,2654.0,84.36,2.7,1.95,2563.0,464.0,3.09,0.56,11.02,97834.0,275.0,99.53,0.28,0.17,9192.0,939.0,9.4,0.96,6.21,15366.0,1121.0,15.63,1.14,4.43,598.0,281.0,3.89,1.83,28.6,63891.0,1543.0,65.0,1.57,1.47,3256.0,581.0,5.1,0.91,10.85,18539.0,983.0,18.86,1.0,3.22,5325.0,636.0,28.72,3.43,7.26,96978.0,3126.0,98.66,3.18,1.96,81218.0,1707.0,83.75,1.76,1.28,13800.0,1600.0,14.23,1.65,7.05,1971.0,718.0,2.03,0.74,22.16,98294.0,,100,,,78862.0,1543.0,80.23,1.57,1.19,75880.0,1592.0,77.2,1.62,1.28,2980.0,590.0,3.03,0.6,12.04,19432.0,1524.0,19.77,1.55,4.77,9852.0,857.0,50.7,4.41,5.29,9581.0,857.0,49.31,4.41,5.44,6767.0,719.0,34.82,3.7,6.46,5319.0,727.0,27.37,3.74,8.31,451.0,206.0,2.32,1.06,27.77,402.0,188.0,2.07,0.97,28.49,5753.0,738.0,29.61,3.8,7.8,747.0,247.0,3.84,1.27,20.11,92768.0,2605.0,94.38,2.65,1.71,70131.0,1781.0,75.6,1.92,1.54,6724.0,1020.0,7.25,1.1,9.22,9362.0,1280.0,10.09,1.38,8.31,84324.0,2634.0,85.79,2.68,1.9,59782.0,1341.0,70.9,1.59,1.36,57047.0,1374.0,67.65,1.63,1.46,2738.0,523.0,3.25,0.62,11.6,0.0,,0.0,,,24542.0,1341.0,29.1,1.59,3.32,,,4.58,0.87,11.61,55704.0,1445.0,56.67,1.47,1.58,3258.0,602.0,5.85,1.08,11.22,921.0,345.0,1.65,0.62,22.84,39397.0,1053.0,70.73,1.89,1.62,4429.0,652.0,7.95,1.17,8.95,4881.0,657.0,8.76,1.18,8.19,57044.0,1425.0,58.03,1.45,1.52,41.0,114.0,0.07,0.2,173.69,811.0,331.0,1.42,0.58,24.83,1323.0,331.0,2.32,0.58,15.2,1088.0,376.0,1.91,0.66,21.01,2234.0,473.0,3.92,0.83,12.87,766.0,251.0,1.34,0.44,19.96,4472.0,593.0,7.84,1.04,8.06,10334.0,873.0,18.12,1.53,5.13,13826.0,1021.0,24.24,1.79,4.49,13339.0,998.0,23.38,1.75,4.55,5354.0,690.0,9.39,1.21,7.83,2045.0,445.0,3.58,0.78,13.24,1394.0,348.0,2.44,0.61,15.2,3249.0,630.0,5.62,1.09,11.79,2173.0,456.0,3.76,0.79,12.77,3081.0,537.0,5.33,0.93,10.61,2818.0,520.0,4.88,0.9,11.21,3711.0,566.0,6.42,0.98,9.28,6721.0,763.0,11.63,1.32,6.9,5649.0,682.0,9.78,1.18,7.33,8761.0,838.0,15.16,1.45,5.81,5733.0,693.0,9.92,1.2,7.35,15876.0,1000.0,27.48,1.73,3.83,47060.0,919.0,81.44,1.59,1.19,14912.0,896.0,25.81,1.55,3.65,7968.0,792.0,13.79,1.37,6.04,1930.0,468.0,3.34,0.81,14.74,619.0,225.0,1.07,0.39,22.16,3133.0,572.0,5.42,0.99,11.1,92492.0,929.0,94.54,0.95,0.61,80073.0,1487.0,81.85,1.52,1.13,24678.0,1536.0,25.22,1.57,3.78,5342.0,929.0,5.46,0.95,10.58,44543.0,1229.0,45.32,1.25,1.68,53751.0,1229.0,54.68,1.25,1.39,5526.0,865.0,5.62,0.88,9.52,3641.0,570.0,3.7,0.58,9.53,4054.0,600.0,4.12,0.61,9.0,2906.0,541.0,2.96,0.55,11.3,2934.0,511.0,2.98,0.52,10.61,17782.0,1307.0,18.09,1.33,4.47,14996.0,1052.0,15.26,1.07,4.26,14635.0,1121.0,14.89,1.14,4.65,6022.0,757.0,6.13,0.77,7.64,6842.0,806.0,6.96,0.82,7.16,11123.0,963.0,11.32,0.98,5.26,4893.0,629.0,4.98,0.64,7.81,2937.0,482.0,2.99,0.49,9.96,82920.0,973.0,84.36,0.99,0.71,18920.0,1101.0,19.25,1.12,3.54,78026.0,1828.0,79.38,1.86,1.42,6075.0,953.0,6.18,0.97,9.54,715.0,855.0,0.73,0.87,72.45,7204.0,1022.0,7.33,1.04,8.63,0.0,,0.0,,,3442.0,993.0,3.5,1.01,17.54,2838.0,718.0,2.89,0.73,15.36,13428.0,1533.0,13.66,1.56,6.94,84866.0,1533.0,86.34,1.56,1.1,70583.0,1779.0,71.81,1.81,1.53,4871.0,816.0,4.96,0.83,10.17,44.0,118.0,0.04,0.12,182.37,7204.0,1022.0,7.33,1.04,8.63,0.0,,0.0,,,358.0,285.0,0.36,0.29,48.97,1819.0,491.0,1.85,0.5,16.43
138,Upper West Side-Manhattan Valley,MN0703,Upper West Side-Manhattan Valley,26655.0,,100,,,5606.0,613.0,21.03,2.3,6.65,12287.0,1148.0,23.44,2.19,5.68,872.0,275.0,7.1,2.24,19.18,498.0,215.0,4.05,1.75,26.27,3913.0,592.0,31.85,4.82,9.2,1857.0,423.0,15.11,3.44,13.84,5152.0,611.0,41.93,4.97,7.21,39876.0,2097.0,76.06,4.0,3.2,2652.0,542.0,6.65,1.36,12.43,2501.0,471.0,6.27,1.18,11.44,4243.0,622.0,10.64,1.56,8.91,25033.0,965.0,62.78,2.42,2.34,43817.0,2291.0,83.58,4.37,3.18,1038.0,259.0,2.37,0.59,15.13,51738.0,325.0,98.69,0.62,0.38,6242.0,807.0,12.06,1.56,7.86,8589.0,1001.0,16.38,1.91,7.08,480.0,219.0,5.59,2.55,27.73,34958.0,1143.0,66.68,2.18,1.99,2846.0,594.0,8.14,1.7,12.7,8192.0,561.0,15.63,1.07,4.16,2918.0,389.0,35.62,4.75,8.11,51996.0,2716.0,99.18,5.18,3.18,43511.0,1284.0,83.68,2.47,1.79,7069.0,1160.0,13.6,2.23,9.97,1423.0,660.0,2.74,1.27,28.18,52424.0,,100,,,37480.0,1305.0,71.49,2.49,2.12,35185.0,1347.0,67.12,2.57,2.33,2305.0,482.0,4.4,0.92,12.71,14944.0,1410.0,28.51,2.69,5.74,8268.0,774.0,55.33,5.18,5.69,6676.0,774.0,44.67,5.18,7.05,2803.0,593.0,18.76,3.97,12.86,3912.0,713.0,26.18,4.77,11.08,439.0,217.0,2.94,1.45,29.98,167.0,151.0,1.12,1.01,54.82,7067.0,741.0,47.29,4.96,6.38,557.0,226.0,3.73,1.51,24.61,49848.0,2558.0,95.09,4.88,3.12,30376.0,1416.0,60.94,2.84,2.83,7922.0,1211.0,15.89,2.43,9.3,10960.0,1142.0,21.99,2.29,6.33,44696.0,2364.0,85.26,4.51,3.22,28975.0,1050.0,64.83,2.35,2.2,26536.0,1077.0,59.37,2.41,2.47,2441.0,518.0,5.46,1.16,12.92,0.0,,0.0,,,15720.0,1050.0,35.17,2.35,4.06,,,8.42,1.76,12.9,25750.0,1211.0,49.12,2.31,2.86,1483.0,301.0,5.76,1.17,12.35,518.0,245.0,2.01,0.95,28.73,18329.0,757.0,71.18,2.94,2.51,2503.0,533.0,9.72,2.07,12.95,1708.0,381.0,6.63,1.48,13.57,26544.0,1153.0,50.63,2.2,2.64,37.0,80.0,0.14,0.3,130.26,507.0,284.0,1.91,1.07,34.06,703.0,265.0,2.65,1.0,22.94,355.0,180.0,1.34,0.68,30.85,1554.0,372.0,5.85,1.4,14.55,447.0,231.0,1.68,0.87,31.48,1835.0,372.0,6.91,1.4,12.32,2699.0,459.0,10.17,1.73,10.34,5733.0,650.0,21.6,2.45,6.9,8592.0,794.0,32.37,2.99,5.62,2142.0,459.0,8.07,1.73,13.03,1262.0,297.0,4.75,1.12,14.33,663.0,260.0,2.5,0.98,23.83,3229.0,573.0,12.11,2.15,10.79,1492.0,365.0,5.6,1.37,14.87,2343.0,450.0,8.79,1.69,11.69,1856.0,426.0,6.96,1.6,13.97,1385.0,317.0,5.2,1.19,13.91,3152.0,557.0,11.83,2.09,10.74,2332.0,456.0,8.75,1.71,11.88,3516.0,514.0,13.19,1.93,8.9,2573.0,485.0,9.65,1.82,11.47,4766.0,538.0,17.88,2.02,6.87,20103.0,674.0,75.42,2.53,2.04,7001.0,634.0,26.27,2.38,5.51,3266.0,448.0,12.25,1.68,8.34,1929.0,442.0,7.24,1.66,13.94,616.0,261.0,2.31,0.98,25.79,4282.0,584.0,16.06,2.19,8.29,48668.0,683.0,94.07,1.32,0.85,37113.0,1304.0,71.73,2.52,2.14,17615.0,1273.0,34.05,2.46,4.39,3070.0,683.0,5.93,1.32,13.53,23377.0,1054.0,44.59,2.01,2.74,29047.0,1054.0,55.41,2.01,2.21,2576.0,587.0,4.91,1.12,13.87,2392.0,472.0,4.56,0.9,12.0,2427.0,545.0,4.63,1.04,13.65,2064.0,467.0,3.94,0.89,13.73,3063.0,582.0,5.84,1.11,11.55,9260.0,965.0,17.66,1.84,6.33,7119.0,760.0,13.58,1.45,6.49,7832.0,818.0,14.94,1.56,6.35,3197.0,603.0,6.1,1.15,11.46,3679.0,598.0,7.02,1.14,9.87,5137.0,577.0,9.8,1.1,6.82,2174.0,414.0,4.15,0.79,11.57,1502.0,362.0,2.87,0.69,14.62,43817.0,834.0,83.58,1.59,1.16,8789.0,708.0,16.77,1.35,4.89,31168.0,1426.0,59.45,2.72,2.78,8006.0,1216.0,15.27,2.32,9.24,106.0,84.0,0.2,0.16,48.63,5104.0,849.0,9.74,1.62,10.11,0.0,,0.0,,,5444.0,1085.0,10.38,2.07,12.12,2619.0,760.0,5.0,1.45,17.63,13510.0,1358.0,25.77,2.59,6.11,38914.0,1358.0,74.23,2.59,2.12,26056.0,1253.0,49.7,2.39,2.92,5845.0,896.0,11.15,1.71,9.32,23.0,63.0,0.04,0.12,182.37,5089.0,849.0,9.71,1.62,10.14,0.0,,0.0,,,354.0,346.0,0.68,0.66,59.0,1551.0,608.0,2.96,1.16,23.82
139,Upper East Side-Lenox Hill-Roosevelt Island,MN0801,Upper East Side-Lenox Hill-Roosevelt Island,60217.0,,100,,,10811.0,1066.0,17.95,1.77,5.99,12298.0,1362.0,14.99,1.66,6.73,1963.0,482.0,15.96,3.92,14.93,570.0,241.0,4.63,1.96,25.73,3824.0,609.0,31.09,4.95,9.68,1964.0,428.0,15.97,3.48,13.25,3975.0,574.0,32.32,4.67,8.78,66079.0,3175.0,80.53,3.87,2.92,806.0,317.0,1.22,0.48,23.92,1168.0,410.0,1.77,0.62,21.29,4903.0,793.0,7.42,1.2,9.83,51757.0,1289.0,78.33,1.95,1.51,70058.0,3282.0,85.38,4.0,2.85,2014.0,483.0,2.87,0.69,14.62,80198.0,747.0,97.74,0.91,0.57,5268.0,826.0,6.57,1.03,9.53,11974.0,1337.0,14.59,1.63,6.79,62.0,107.0,0.52,0.89,104.04,55570.0,1830.0,67.73,2.23,2.0,2422.0,528.0,4.36,0.95,13.25,12654.0,952.0,15.42,1.16,4.57,2782.0,530.0,21.99,4.19,11.58,80244.0,2872.0,97.8,3.5,2.18,65736.0,1854.0,81.92,2.31,1.71,11558.0,1589.0,14.4,1.98,8.36,2951.0,1107.0,3.68,1.38,22.8,82051.0,,100,,,58793.0,1830.0,71.65,2.23,1.89,57219.0,1830.0,69.74,2.23,1.94,1575.0,443.0,1.92,0.54,17.1,23258.0,2043.0,28.35,2.49,5.34,9409.0,1119.0,40.46,4.81,7.23,13848.0,1119.0,59.54,4.81,4.91,7107.0,1109.0,30.56,4.77,9.49,8130.0,1002.0,34.96,4.31,7.49,1581.0,616.0,6.8,2.65,23.69,415.0,251.0,1.78,1.08,36.88,5301.0,1142.0,22.79,4.91,13.1,724.0,270.0,3.11,1.16,22.67,76856.0,3151.0,93.67,3.84,2.49,52958.0,2006.0,68.91,2.61,2.3,5817.0,976.0,7.57,1.27,10.2,5988.0,1453.0,7.79,1.89,14.75,71053.0,3487.0,86.6,4.25,2.98,51896.0,1194.0,73.04,1.68,1.4,50032.0,1208.0,70.42,1.7,1.47,1868.0,448.0,2.63,0.63,14.56,21.0,99.0,0.03,0.14,283.69,19157.0,1194.0,26.96,1.68,3.79,,,3.6,0.86,14.58,49189.0,1419.0,59.95,1.73,1.75,3773.0,698.0,7.67,1.42,11.25,867.0,374.0,1.76,0.76,26.25,24479.0,1225.0,49.77,2.49,3.04,13397.0,1131.0,27.24,2.3,5.13,2749.0,605.0,5.59,1.23,13.38,50024.0,1731.0,60.97,2.11,2.1,0.0,,0.0,,,582.0,280.0,1.16,0.56,29.35,1587.0,440.0,3.17,0.88,16.88,1884.0,590.0,3.77,1.18,19.03,3685.0,750.0,7.37,1.5,12.37,586.0,270.0,1.17,0.54,28.06,2799.0,555.0,5.6,1.11,12.05,10817.0,1151.0,21.62,2.3,6.47,9674.0,1086.0,19.34,2.17,6.82,12026.0,990.0,24.04,1.98,5.01,3668.0,765.0,7.33,1.53,12.69,920.0,320.0,1.84,0.64,21.14,1787.0,505.0,3.57,1.01,17.2,3144.0,692.0,5.22,1.15,13.39,1849.0,674.0,3.07,1.12,22.18,2548.0,705.0,4.23,1.17,16.81,3162.0,819.0,5.25,1.36,15.75,4004.0,771.0,6.65,1.28,11.7,8400.0,1114.0,13.95,1.85,8.06,6319.0,1072.0,10.49,1.78,10.32,9473.0,1186.0,15.73,1.97,7.61,5603.0,1036.0,9.3,1.72,11.24,15724.0,1433.0,26.11,2.38,5.54,50567.0,1060.0,83.97,1.76,1.27,12834.0,1150.0,21.31,1.91,5.45,6252.0,982.0,10.38,1.63,9.55,1878.0,735.0,3.12,1.22,23.77,886.0,391.0,1.47,0.65,26.88,3022.0,783.0,5.02,1.3,15.74,76443.0,986.0,95.32,1.23,0.78,68731.0,1347.0,85.7,1.68,1.19,14654.0,1227.0,18.27,1.53,5.09,3755.0,986.0,4.68,1.23,15.98,36394.0,1329.0,44.36,1.62,2.22,45657.0,1329.0,55.64,1.62,1.77,5195.0,771.0,6.33,0.94,9.03,3282.0,624.0,4.0,0.76,11.55,2132.0,583.0,2.6,0.71,16.6,1658.0,402.0,2.02,0.49,14.75,3695.0,673.0,4.5,0.82,11.08,20063.0,1657.0,24.45,2.02,5.02,14317.0,1321.0,17.45,1.61,5.61,9099.0,1083.0,11.09,1.32,7.24,4205.0,788.0,5.12,0.96,11.4,4750.0,870.0,5.79,1.06,11.13,7568.0,944.0,9.22,1.15,7.58,3837.0,681.0,4.68,0.83,10.78,2222.0,591.0,2.71,0.72,16.15,70077.0,1124.0,85.41,1.37,0.98,13648.0,1124.0,16.63,1.37,5.01,63897.0,1822.0,77.87,2.22,1.73,3426.0,730.0,4.18,0.89,12.94,330.0,377.0,0.4,0.46,69.91,9833.0,1305.0,11.98,1.59,8.07,67.0,107.0,0.08,0.13,98.78,1945.0,1091.0,2.37,1.33,34.11,2551.0,665.0,3.11,0.81,15.83,7404.0,1461.0,9.02,1.78,12.0,74647.0,1461.0,90.98,1.78,1.19,59071.0,1904.0,71.99,2.32,1.96,3186.0,706.0,3.88,0.86,13.47,330.0,377.0,0.4,0.46,69.91,9811.0,1305.0,11.96,1.59,8.08,67.0,107.0,0.08,0.13,98.78,42.0,82.0,0.05,0.1,121.58,2111.0,665.0,2.57,0.81,19.16
140,Upper East Side-Carnegie Hill,MN0802,Upper East Side-Carnegie Hill,40182.0,,100,,,7898.0,555.0,19.66,1.38,4.27,10729.0,744.0,18.31,1.27,4.22,1221.0,248.0,11.38,2.31,12.34,456.0,150.0,4.25,1.4,20.03,4643.0,341.0,43.27,3.18,4.47,1792.0,281.0,16.7,2.62,9.54,2619.0,324.0,24.41,3.02,7.52,46379.0,1799.0,79.15,3.07,2.36,322.0,190.0,0.69,0.41,36.12,502.0,186.0,1.08,0.4,22.51,2379.0,399.0,5.13,0.86,10.19,39193.0,677.0,84.51,1.46,1.05,48573.0,1857.0,82.9,3.17,2.32,2564.0,335.0,5.28,0.69,7.94,58593.0,0.0,100.0,0.0,0.0,4629.0,510.0,7.9,0.87,6.69,10020.0,791.0,17.1,1.35,4.8,125.0,96.0,1.25,0.96,46.69,32267.0,943.0,55.07,1.61,1.78,793.0,207.0,2.46,0.64,15.82,16308.0,598.0,27.83,1.02,2.23,3710.0,413.0,22.75,2.53,6.76,58101.0,1600.0,99.16,2.73,1.67,51223.0,877.0,88.16,1.51,1.04,6211.0,848.0,10.69,1.46,8.3,675.0,273.0,1.16,0.47,24.63,58593.0,,100,,,47354.0,861.0,80.82,1.47,1.11,46000.0,914.0,78.51,1.56,1.21,1369.0,357.0,2.34,0.61,15.85,11239.0,867.0,19.18,1.48,4.69,6498.0,465.0,57.82,4.14,4.35,4740.0,465.0,42.18,4.14,5.97,5199.0,475.0,46.26,4.23,5.56,3226.0,429.0,28.7,3.82,8.09,359.0,146.0,3.19,1.3,24.77,241.0,158.0,2.14,1.41,40.05,1619.0,344.0,14.41,3.06,12.91,598.0,178.0,5.32,1.58,18.05,55585.0,2150.0,94.87,3.67,2.35,42533.0,1056.0,76.52,1.9,1.51,2113.0,422.0,3.8,0.76,12.16,3249.0,639.0,5.85,1.15,11.95,49436.0,1658.0,84.37,2.83,2.04,31319.0,712.0,63.35,1.44,1.38,30258.0,722.0,61.21,1.46,1.45,1062.0,222.0,2.15,0.45,12.72,0.0,,0.0,,,18117.0,712.0,36.65,1.44,2.39,,,3.39,0.7,12.71,29826.0,937.0,50.9,1.6,1.91,2402.0,370.0,8.05,1.24,9.36,549.0,167.0,1.84,0.56,18.5,14325.0,656.0,48.03,2.2,2.78,5570.0,519.0,18.68,1.74,5.66,3810.0,459.0,12.77,1.54,7.33,30276.0,949.0,51.67,1.62,1.91,13.0,112.0,0.04,0.37,562.31,263.0,154.0,0.87,0.51,35.64,692.0,182.0,2.29,0.6,15.93,1069.0,248.0,3.53,0.82,14.12,1706.0,309.0,5.63,1.02,11.01,366.0,185.0,1.21,0.61,30.65,1470.0,276.0,4.86,0.91,11.38,8769.0,602.0,28.96,1.99,4.18,7013.0,575.0,23.16,1.9,4.99,5598.0,536.0,18.49,1.77,5.82,1616.0,312.0,5.34,1.03,11.73,1075.0,233.0,3.55,0.77,13.19,616.0,209.0,2.03,0.69,20.66,1792.0,374.0,4.46,0.93,12.68,446.0,201.0,1.11,0.5,27.38,1335.0,305.0,3.32,0.76,13.92,1449.0,366.0,3.61,0.91,15.32,1647.0,325.0,4.1,0.81,12.01,3566.0,538.0,8.87,1.34,9.18,3953.0,542.0,9.84,1.35,8.34,5240.0,587.0,13.04,1.46,6.81,4072.0,546.0,10.13,1.36,8.16,16688.0,828.0,41.53,2.06,3.02,30823.0,687.0,76.71,1.71,1.36,14943.0,667.0,37.19,1.66,2.71,6214.0,567.0,15.46,1.41,5.54,601.0,233.0,1.5,0.58,23.51,111.0,165.0,0.28,0.41,89.01,314.0,185.0,0.78,0.46,35.85,57519.0,281.0,98.17,0.48,0.3,50549.0,896.0,86.27,1.53,1.08,17133.0,1008.0,29.24,1.72,3.58,1074.0,281.0,1.83,0.48,15.94,25813.0,680.0,44.05,1.16,1.6,32780.0,680.0,55.95,1.16,1.26,3008.0,445.0,5.13,0.76,9.01,2785.0,363.0,4.75,0.62,7.93,2843.0,352.0,4.85,0.6,7.52,1860.0,281.0,3.17,0.48,9.2,1729.0,305.0,2.95,0.52,10.72,7604.0,697.0,12.98,1.19,5.57,7274.0,586.0,12.41,1.0,4.9,7601.0,592.0,12.97,1.01,4.73,3707.0,439.0,6.33,0.75,7.2,3905.0,445.0,6.66,0.76,6.94,8344.0,639.0,14.24,1.09,4.65,5586.0,580.0,9.53,0.99,6.32,2376.0,357.0,4.06,0.61,9.13,48573.0,668.0,82.9,1.14,0.84,16308.0,820.0,27.83,1.4,3.06,52640.0,756.0,89.84,1.29,0.87,625.0,328.0,1.07,0.56,31.82,13.0,111.0,0.02,0.19,577.51,3610.0,551.0,6.16,0.94,9.28,0.0,,0.0,,,411.0,193.0,0.7,0.33,28.66,1295.0,311.0,2.21,0.53,14.58,4126.0,844.0,7.04,1.44,12.43,54467.0,844.0,92.96,1.44,0.94,49003.0,1014.0,83.63,1.73,1.26,603.0,328.0,1.03,0.56,33.05,13.0,111.0,0.02,0.19,577.51,3601.0,551.0,6.15,0.94,9.29,0.0,,0.0,,,148.0,129.0,0.25,0.22,53.5,1090.0,287.0,1.86,0.49,16.01
141,Upper East Side-Yorkville,MN0803,Upper East Side-Yorkville,50215.0,,100,,,7436.0,839.0,14.81,1.67,6.85,11569.0,1105.0,14.23,1.36,5.81,1196.0,322.0,10.34,2.78,16.34,473.0,245.0,4.09,2.12,31.51,4042.0,551.0,34.94,4.76,8.28,1619.0,467.0,13.99,4.04,17.55,4235.0,636.0,36.61,5.5,9.13,66956.0,2186.0,82.38,2.69,1.98,912.0,362.0,1.36,0.54,24.14,1063.0,388.0,1.59,0.58,22.18,4812.0,857.0,7.19,1.28,10.82,52853.0,1292.0,78.94,1.93,1.49,70723.0,2260.0,87.01,2.78,1.94,2212.0,460.0,3.13,0.65,12.62,80870.0,333.0,99.5,0.41,0.25,6664.0,946.0,8.24,1.17,8.63,10481.0,1170.0,12.9,1.44,6.79,337.0,245.0,3.22,2.34,44.18,57058.0,1349.0,70.2,1.66,1.44,2563.0,559.0,4.49,0.98,13.27,13303.0,829.0,16.37,1.02,3.79,3763.0,608.0,28.29,4.57,9.82,80312.0,1609.0,98.81,1.98,1.22,67250.0,1574.0,83.74,1.96,1.42,12068.0,1526.0,15.03,1.9,7.68,979.0,385.0,1.22,0.48,23.92,81278.0,,100,,,64296.0,1561.0,79.11,1.92,1.48,62364.0,1617.0,76.73,1.99,1.58,1943.0,496.0,2.39,0.61,15.52,16982.0,1585.0,20.89,1.95,5.67,8210.0,869.0,48.35,5.12,6.44,8772.0,869.0,51.66,5.12,6.02,6915.0,852.0,40.72,5.02,7.49,5389.0,815.0,31.73,4.8,9.2,759.0,384.0,4.47,2.26,30.74,477.0,277.0,2.81,1.63,35.26,3255.0,645.0,19.17,3.8,12.05,180.0,115.0,1.06,0.68,39.0,77230.0,3072.0,95.02,3.78,2.42,56843.0,1815.0,73.6,2.35,1.94,4607.0,873.0,5.97,1.13,11.51,5956.0,942.0,7.71,1.22,9.62,71550.0,2308.0,88.03,2.84,1.96,53733.0,1295.0,75.1,1.81,1.47,51419.0,1352.0,71.86,1.89,1.6,2242.0,522.0,3.13,0.73,14.18,61.0,122.0,0.09,0.17,114.83,17817.0,1295.0,24.9,1.81,4.42,,,4.17,0.97,14.15,50905.0,1544.0,62.63,1.9,1.84,3185.0,616.0,6.26,1.21,11.75,787.0,326.0,1.55,0.64,25.1,33133.0,1252.0,65.09,2.46,2.3,6404.0,891.0,12.58,1.75,8.46,3773.0,631.0,7.41,1.24,10.17,51426.0,1552.0,63.27,1.91,1.83,0.0,,0.0,,,605.0,247.0,1.18,0.48,24.73,1290.0,355.0,2.51,0.69,16.71,1416.0,406.0,2.75,0.79,17.46,2657.0,576.0,5.17,1.12,13.17,816.0,350.0,1.59,0.68,26.0,4242.0,813.0,8.25,1.58,11.64,10898.0,1188.0,21.19,2.31,6.63,11292.0,1167.0,21.96,2.27,6.28,11612.0,1090.0,22.58,2.12,5.71,3498.0,807.0,6.8,1.57,14.04,1835.0,540.0,3.57,1.05,17.88,1264.0,386.0,2.46,0.75,18.53,2108.0,467.0,4.2,0.93,13.46,1704.0,487.0,3.39,0.97,17.39,3426.0,703.0,6.82,1.4,12.48,1775.0,507.0,3.53,1.01,17.39,3719.0,768.0,7.41,1.53,12.55,6602.0,904.0,13.15,1.8,8.32,5906.0,889.0,11.76,1.77,9.15,9171.0,1095.0,18.26,2.18,7.26,4895.0,844.0,9.75,1.68,10.47,10903.0,1100.0,21.71,2.19,6.13,41447.0,904.0,82.54,1.8,1.33,12169.0,979.0,24.23,1.95,4.89,6085.0,869.0,12.12,1.73,8.68,1608.0,417.0,3.2,0.83,15.77,608.0,251.0,1.21,0.5,25.12,2401.0,638.0,4.78,1.27,16.15,76782.0,841.0,94.95,1.04,0.67,67368.0,1351.0,83.3,1.67,1.22,17874.0,1399.0,22.1,1.73,4.76,4088.0,841.0,5.06,1.04,12.49,34958.0,1317.0,43.01,1.62,2.29,46320.0,1317.0,56.99,1.62,1.73,4048.0,666.0,4.98,0.82,10.01,2882.0,585.0,3.55,0.72,12.33,2495.0,512.0,3.07,0.63,12.47,1747.0,496.0,2.15,0.61,17.25,3132.0,658.0,3.85,0.81,12.79,22330.0,1804.0,27.47,2.22,4.91,12039.0,1244.0,14.81,1.53,6.28,10327.0,1081.0,12.71,1.33,6.36,4303.0,740.0,5.29,0.91,10.46,4353.0,707.0,5.36,0.87,9.87,7694.0,870.0,9.47,1.07,6.87,3985.0,626.0,4.9,0.77,9.55,1963.0,455.0,2.42,0.56,14.07,70784.0,1057.0,87.09,1.3,0.91,13621.0,967.0,16.76,1.19,4.32,66885.0,1699.0,82.29,2.09,1.54,3245.0,723.0,3.99,0.89,13.56,34.0,98.0,0.04,0.12,182.37,7338.0,1227.0,9.03,1.51,10.17,137.0,203.0,0.17,0.25,89.4,1071.0,455.0,1.32,0.56,25.79,2591.0,764.0,3.19,0.94,17.91,8399.0,1203.0,10.33,1.48,8.71,72879.0,1203.0,89.67,1.48,1.0,60617.0,1772.0,74.58,2.18,1.78,2489.0,642.0,3.06,0.79,15.69,34.0,98.0,0.04,0.12,182.37,7249.0,1211.0,8.92,1.49,10.15,137.0,203.0,0.17,0.25,89.4,136.0,171.0,0.17,0.21,75.09,2202.0,683.0,2.71,0.84,18.84
142,Morningside Heights,MN0901,Morningside Heights,16438.0,,100,,,3225.0,411.0,19.62,2.5,7.75,18031.0,881.0,48.72,2.38,2.97,230.0,88.0,1.28,0.49,23.27,195.0,117.0,1.08,0.65,36.59,1873.0,330.0,10.39,1.83,10.71,741.0,213.0,4.11,1.18,17.45,15001.0,362.0,83.2,2.01,1.47,20996.0,500.0,56.73,1.35,1.45,767.0,334.0,3.65,1.59,26.48,1055.0,338.0,5.02,1.61,19.5,2452.0,416.0,11.68,1.98,10.31,14316.0,630.0,68.18,3.0,2.67,32847.0,1710.0,88.76,4.62,3.16,550.0,161.0,1.67,0.49,17.84,36524.0,181.0,98.69,0.49,0.3,2811.0,468.0,7.7,1.28,10.11,4143.0,529.0,11.19,1.43,7.76,161.0,102.0,3.89,2.45,38.29,28409.0,637.0,76.76,1.72,1.36,1328.0,366.0,4.67,1.29,16.79,3973.0,429.0,10.74,1.16,6.56,1307.0,263.0,32.9,6.63,12.25,36822.0,2054.0,99.5,5.55,3.39,28935.0,817.0,78.58,2.22,1.72,6213.0,744.0,16.87,2.02,7.28,1654.0,346.0,4.49,0.94,12.73,37008.0,,100,,,26346.0,862.0,71.19,2.33,1.99,25200.0,859.0,68.09,2.32,2.07,1142.0,270.0,3.09,0.73,14.36,10662.0,833.0,28.81,2.25,4.75,3890.0,512.0,36.48,4.8,8.0,6772.0,512.0,63.51,4.8,4.59,2158.0,320.0,20.24,3.0,9.01,4821.0,554.0,45.22,5.2,6.99,275.0,124.0,2.58,1.16,27.33,85.0,80.0,0.8,0.75,56.99,2937.0,520.0,27.55,4.88,10.77,386.0,142.0,3.62,1.33,22.33,35757.0,503.0,96.62,1.36,0.86,21807.0,1001.0,60.99,2.8,2.79,3810.0,561.0,10.66,1.57,8.95,6064.0,640.0,16.96,1.79,6.42,33240.0,1739.0,89.82,4.7,3.18,15262.0,864.0,45.92,2.6,3.44,14419.0,871.0,43.38,2.62,3.67,824.0,213.0,2.48,0.64,15.69,16.0,83.0,0.05,0.25,303.95,17978.0,864.0,54.09,2.6,2.92,,,5.4,1.36,15.71,14245.0,877.0,38.49,2.37,3.74,669.0,195.0,4.7,1.37,17.72,121.0,95.0,0.85,0.67,47.92,7938.0,471.0,55.73,3.31,3.61,4082.0,383.0,28.66,2.69,5.71,1050.0,265.0,7.37,1.86,15.34,14424.0,888.0,38.98,2.4,3.74,0.0,,0.0,,,65.0,84.0,0.45,0.58,78.35,229.0,113.0,1.59,0.78,29.82,192.0,175.0,1.33,1.21,55.31,1104.0,322.0,7.65,2.23,17.72,243.0,124.0,1.68,0.86,31.12,1030.0,296.0,7.14,2.05,17.45,1187.0,281.0,8.23,1.95,14.4,1430.0,251.0,9.91,1.74,10.67,6832.0,472.0,47.36,3.27,4.2,1037.0,260.0,7.19,1.8,15.22,889.0,267.0,6.16,1.85,18.26,188.0,97.0,1.3,0.67,31.33,2848.0,546.0,17.33,3.32,11.65,850.0,276.0,5.17,1.68,19.75,1385.0,350.0,8.43,2.13,15.36,1035.0,317.0,6.3,1.93,18.62,1000.0,275.0,6.08,1.67,16.7,2105.0,350.0,12.81,2.13,10.11,1724.0,337.0,10.49,2.05,11.88,1972.0,373.0,12.0,2.27,11.5,1065.0,260.0,6.48,1.58,14.82,2456.0,348.0,14.94,2.12,8.63,12518.0,528.0,76.15,3.21,2.56,3761.0,432.0,22.88,2.63,6.99,1831.0,316.0,11.14,1.92,10.48,856.0,284.0,5.21,1.73,20.19,303.0,155.0,1.84,0.94,31.06,1352.0,327.0,8.22,1.99,14.72,34393.0,431.0,94.16,1.18,0.76,29248.0,793.0,80.08,2.17,1.65,7923.0,844.0,21.69,2.31,6.47,2132.0,431.0,5.84,1.18,12.28,16373.0,714.0,44.24,1.93,2.65,20635.0,714.0,55.76,1.93,2.1,1251.0,337.0,3.38,0.91,16.37,1146.0,248.0,3.1,0.67,13.14,1172.0,274.0,3.17,0.74,14.19,4753.0,511.0,12.84,1.38,6.53,7688.0,714.0,20.77,1.93,5.65,7227.0,670.0,19.53,1.81,5.63,3311.0,485.0,8.95,1.31,8.9,3045.0,489.0,8.23,1.32,9.75,1653.0,337.0,4.47,0.91,12.38,1332.0,296.0,3.6,0.8,13.51,2122.0,366.0,5.73,0.99,10.5,1638.0,300.0,4.43,0.81,11.12,674.0,204.0,1.82,0.55,18.37,32865.0,474.0,88.81,1.28,0.88,4414.0,511.0,11.93,1.38,7.03,20623.0,851.0,55.73,2.3,2.51,5585.0,725.0,15.09,1.96,7.9,95.0,85.0,0.26,0.23,53.78,6340.0,803.0,17.13,2.17,7.7,35.0,70.0,0.09,0.19,128.34,3111.0,555.0,8.41,1.5,10.84,1222.0,326.0,3.3,0.88,16.21,6828.0,766.0,18.45,2.07,6.82,30180.0,766.0,81.55,2.07,1.54,17513.0,877.0,47.32,2.37,3.04,4919.0,674.0,13.29,1.82,8.32,95.0,85.0,0.26,0.23,53.78,6340.0,803.0,17.13,2.17,7.7,35.0,70.0,0.09,0.19,128.34,322.0,348.0,0.87,0.94,65.68,953.0,278.0,2.58,0.75,17.67
143,Manhattanville-West Harlem,MN0902,Manhattanville-West Harlem,8939.0,,100,,,2398.0,283.0,26.83,3.17,7.18,6622.0,672.0,27.98,2.84,6.17,321.0,166.0,4.85,2.5,31.34,151.0,105.0,2.28,1.58,42.13,1791.0,301.0,27.05,4.54,10.2,1315.0,299.0,19.86,4.51,13.8,3043.0,393.0,45.96,5.93,7.84,15682.0,476.0,66.26,2.01,1.85,2692.0,419.0,17.17,2.67,9.45,2037.0,379.0,12.99,2.42,11.33,3509.0,488.0,22.38,3.11,8.45,4700.0,517.0,29.97,3.3,6.69,19354.0,1264.0,81.78,5.34,3.97,230.0,141.0,1.19,0.73,37.29,23628.0,95.0,99.84,0.4,0.24,3027.0,463.0,12.81,1.96,9.3,4312.0,514.0,18.22,2.17,7.25,63.0,60.0,1.46,1.4,58.29,16716.0,497.0,70.63,2.1,1.81,1551.0,331.0,9.28,1.98,12.97,2593.0,267.0,10.96,1.13,6.26,1414.0,204.0,54.53,7.88,8.78,23313.0,1063.0,98.51,4.49,2.77,21013.0,485.0,90.13,2.08,1.4,1895.0,385.0,8.13,1.65,12.34,405.0,219.0,1.74,0.94,32.84,23666.0,,100,,,14660.0,712.0,61.95,3.01,2.95,13986.0,717.0,59.1,3.03,3.12,668.0,218.0,2.82,0.92,19.83,9006.0,717.0,38.05,3.03,4.84,3867.0,487.0,42.94,5.41,7.66,5139.0,487.0,57.06,5.41,5.76,352.0,162.0,3.91,1.8,27.99,823.0,338.0,9.14,3.75,24.94,616.0,301.0,6.84,3.34,29.68,27.0,66.0,0.3,0.73,147.92,7166.0,472.0,79.57,5.24,4.0,22.0,50.0,0.24,0.56,141.84,22485.0,1396.0,95.01,5.9,3.77,8840.0,827.0,39.31,3.68,5.69,6348.0,684.0,28.23,3.04,6.55,11434.0,857.0,50.85,3.81,4.55,20105.0,1287.0,84.95,5.44,3.89,11728.0,631.0,58.33,3.14,3.27,10720.0,583.0,53.32,2.9,3.31,1020.0,265.0,5.07,1.32,15.83,0.0,,0.0,,,8377.0,631.0,41.67,3.14,4.58,,,8.7,2.21,15.79,10440.0,587.0,44.11,2.48,3.42,676.0,230.0,6.48,2.2,20.64,19.0,47.0,0.18,0.45,151.98,8225.0,398.0,78.78,3.81,2.94,861.0,305.0,8.25,2.92,21.52,550.0,211.0,5.27,2.02,23.3,10717.0,570.0,45.28,2.41,3.23,0.0,,0.0,,,328.0,154.0,3.06,1.44,28.61,548.0,242.0,5.11,2.26,26.89,163.0,117.0,1.52,1.09,43.59,1246.0,342.0,11.63,3.19,16.67,267.0,134.0,2.49,1.25,30.52,306.0,140.0,2.86,1.31,27.84,480.0,193.0,4.48,1.8,24.42,1449.0,349.0,13.52,3.26,14.66,3242.0,423.0,30.25,3.95,7.94,1976.0,383.0,18.44,3.57,11.77,399.0,154.0,3.72,1.44,23.53,308.0,150.0,2.87,1.4,29.65,1899.0,329.0,21.24,3.68,10.53,1058.0,264.0,11.84,2.95,15.15,819.0,226.0,9.16,2.53,16.79,1105.0,261.0,12.36,2.92,14.36,1397.0,275.0,15.63,3.08,11.98,928.0,215.0,10.38,2.41,14.11,714.0,226.0,7.99,2.53,19.25,606.0,167.0,6.78,1.87,16.77,295.0,151.0,3.3,1.69,31.13,118.0,78.0,1.32,0.87,40.07,6284.0,320.0,70.3,3.58,3.1,2326.0,277.0,26.02,3.1,7.24,854.0,209.0,9.55,2.34,14.9,1330.0,276.0,14.88,3.09,12.62,415.0,147.0,4.64,1.64,21.49,2441.0,308.0,27.31,3.45,7.68,20306.0,551.0,85.94,2.33,1.65,9284.0,877.0,39.29,3.71,5.74,11959.0,888.0,50.61,3.76,4.52,3322.0,551.0,14.06,2.33,10.07,10766.0,637.0,45.49,2.69,3.59,12900.0,637.0,54.51,2.69,3.0,1181.0,315.0,4.99,1.33,16.2,1100.0,265.0,4.65,1.12,14.64,1035.0,267.0,4.37,1.13,15.72,1639.0,310.0,6.93,1.31,11.49,3045.0,440.0,12.87,1.86,8.79,4606.0,653.0,19.46,2.76,8.62,2954.0,424.0,12.48,1.79,8.72,3319.0,435.0,14.02,1.84,7.98,1188.0,263.0,5.02,1.11,13.44,1002.0,265.0,4.23,1.12,16.1,1416.0,263.0,5.98,1.11,11.28,842.0,230.0,3.56,0.97,16.56,369.0,137.0,1.56,0.58,22.6,19354.0,469.0,81.78,1.98,1.47,2612.0,315.0,11.04,1.33,7.32,5172.0,717.0,21.85,3.03,8.43,8032.0,937.0,33.94,3.96,7.09,144.0,130.0,0.61,0.55,54.81,937.0,386.0,3.96,1.63,25.02,13.0,59.0,0.05,0.25,303.95,6931.0,1015.0,29.29,4.29,8.9,2429.0,589.0,10.26,2.49,14.75,13385.0,847.0,56.56,3.58,3.85,10281.0,847.0,43.44,3.58,5.01,2358.0,440.0,9.96,1.86,11.35,6432.0,772.0,27.18,3.26,7.29,0.0,,0.0,,,937.0,386.0,3.96,1.63,25.02,13.0,59.0,0.05,0.25,303.95,10.0,57.0,0.04,0.24,364.74,527.0,284.0,2.23,1.2,32.71
144,Hamilton Heights-Sugar Hill,MN0903,Hamilton Heights-Sugar Hill,21272.0,,100,,,5558.0,476.0,26.13,2.24,5.21,12415.0,845.0,23.64,1.61,4.14,545.0,210.0,4.39,1.69,23.4,795.0,238.0,6.4,1.92,18.24,3892.0,536.0,31.35,4.32,8.38,2252.0,396.0,18.14,3.19,10.69,4927.0,529.0,39.69,4.26,6.52,37497.0,1412.0,71.41,2.69,2.29,4895.0,724.0,13.05,1.93,8.99,4851.0,705.0,12.94,1.88,8.83,7849.0,847.0,20.93,2.26,6.56,12618.0,994.0,33.65,2.65,4.79,43301.0,1806.0,82.47,3.44,2.54,683.0,212.0,1.58,0.49,18.85,52487.0,1066.0,99.96,2.03,1.23,5774.0,635.0,11.0,1.21,6.69,9200.0,845.0,17.52,1.61,5.58,112.0,98.0,1.22,1.07,53.32,37835.0,1176.0,72.06,2.24,1.89,3345.0,511.0,8.84,1.35,9.28,5445.0,499.0,10.37,0.95,5.57,2313.0,305.0,42.48,5.61,8.03,52045.0,1691.0,99.12,3.22,1.98,45090.0,895.0,86.64,1.72,1.21,6263.0,864.0,12.03,1.66,8.39,686.0,286.0,1.32,0.55,25.33,52508.0,,100,,,32980.0,1255.0,62.81,2.39,2.31,31732.0,1286.0,60.43,2.45,2.46,1243.0,378.0,2.37,0.72,18.47,19528.0,1218.0,37.19,2.32,3.79,9078.0,740.0,46.49,3.79,4.96,10450.0,740.0,53.51,3.79,4.31,1221.0,316.0,6.25,1.62,15.76,1623.0,516.0,8.31,2.64,19.31,1200.0,367.0,6.14,1.88,18.61,100.0,98.0,0.51,0.5,59.6,15160.0,711.0,77.63,3.64,2.85,222.0,178.0,1.14,0.91,48.53,49949.0,2583.0,95.13,4.92,3.14,23094.0,1399.0,46.24,2.8,3.68,12175.0,1154.0,24.37,2.31,5.76,20905.0,1384.0,41.85,2.77,4.02,44401.0,1454.0,84.56,2.77,1.99,31010.0,892.0,69.84,2.01,1.75,28060.0,928.0,63.2,2.09,2.01,2957.0,546.0,6.66,1.23,11.23,0.0,,0.0,,,13391.0,892.0,30.16,2.01,4.05,,,9.54,1.74,11.22,27063.0,982.0,51.54,1.87,2.21,1784.0,419.0,6.59,1.55,14.3,593.0,246.0,2.19,0.91,25.26,20526.0,723.0,75.84,2.67,2.14,1532.0,401.0,5.66,1.48,15.9,1613.0,376.0,5.96,1.39,14.18,28049.0,945.0,53.42,1.8,2.05,27.0,84.0,0.1,0.3,182.37,1535.0,421.0,5.47,1.5,16.67,585.0,208.0,2.09,0.74,21.52,493.0,227.0,1.76,0.81,27.98,2828.0,544.0,10.08,1.94,11.7,1107.0,289.0,3.95,1.03,15.85,1290.0,325.0,4.6,1.16,15.33,1799.0,412.0,6.41,1.47,13.94,3018.0,446.0,10.76,1.59,8.98,7142.0,712.0,25.46,2.54,6.06,5778.0,738.0,20.6,2.63,7.76,1703.0,401.0,6.07,1.43,14.32,735.0,241.0,2.62,0.86,19.95,2891.0,423.0,13.59,1.99,8.9,1227.0,272.0,5.77,1.28,13.49,2094.0,359.0,9.84,1.69,10.44,2689.0,406.0,12.64,1.91,9.19,2410.0,400.0,11.33,1.88,10.09,3947.0,506.0,18.55,2.38,7.8,2279.0,385.0,10.71,1.81,10.27,1978.0,353.0,9.3,1.66,10.85,1066.0,308.0,5.01,1.45,17.59,689.0,179.0,3.24,0.84,15.76,16960.0,466.0,79.73,2.19,1.67,4722.0,430.0,22.2,2.02,5.53,1969.0,304.0,9.26,1.43,9.39,2000.0,345.0,9.4,1.62,10.48,813.0,223.0,3.82,1.05,16.71,5959.0,521.0,28.01,2.45,5.32,44552.0,1034.0,84.88,1.97,1.41,23893.0,1533.0,45.52,2.92,3.9,22907.0,1365.0,43.64,2.6,3.62,7935.0,1034.0,15.12,1.97,7.92,26645.0,1019.0,50.74,1.94,2.32,25863.0,1019.0,49.26,1.94,2.39,2559.0,515.0,4.87,0.98,12.23,2572.0,452.0,4.9,0.86,10.67,2384.0,420.0,4.54,0.8,10.71,2766.0,452.0,5.27,0.86,9.92,4763.0,656.0,9.07,1.25,8.38,12027.0,1055.0,22.91,2.01,5.33,7723.0,840.0,14.71,1.6,6.61,7212.0,719.0,13.74,1.37,6.06,2635.0,457.0,5.02,0.87,10.54,2469.0,404.0,4.7,0.77,9.96,2918.0,399.0,5.56,0.76,8.31,1753.0,341.0,3.34,0.65,11.83,801.0,284.0,1.53,0.54,21.46,43301.0,772.0,82.47,1.47,1.08,5445.0,541.0,10.37,1.03,6.04,15170.0,1349.0,28.89,2.57,5.41,19066.0,1565.0,36.31,2.98,4.99,198.0,168.0,0.38,0.32,51.19,1883.0,578.0,3.59,1.1,18.63,0.0,,0.0,,,7660.0,1428.0,14.59,2.72,11.33,8531.0,1386.0,16.25,2.64,9.88,24056.0,1523.0,45.81,2.9,3.85,28452.0,1523.0,54.19,2.9,3.25,8753.0,898.0,16.67,1.71,6.24,15528.0,1349.0,29.57,2.57,5.28,49.0,89.0,0.09,0.17,114.83,1861.0,567.0,3.54,1.08,18.55,0.0,,0.0,,,117.0,110.0,0.22,0.21,58.03,2137.0,620.0,4.07,1.18,17.62
145,Harlem (South),MN1001,Harlem (South),21767.0,,100,,,5531.0,424.0,25.41,1.95,4.67,11230.0,842.0,22.42,1.68,4.56,897.0,236.0,7.99,2.1,15.98,972.0,276.0,8.66,2.46,17.27,4033.0,404.0,35.91,3.6,6.09,2152.0,325.0,19.16,2.89,9.17,3176.0,389.0,28.28,3.46,7.44,35198.0,1483.0,70.26,2.96,2.56,2059.0,370.0,5.85,1.05,10.91,3765.0,546.0,10.7,1.55,8.81,7056.0,655.0,20.05,1.86,5.64,15548.0,746.0,44.17,2.12,2.92,39682.0,1884.0,79.21,3.76,2.89,1037.0,226.0,2.61,0.57,13.28,49784.0,451.0,99.38,0.9,0.55,4891.0,508.0,9.82,1.02,6.31,10360.0,877.0,20.68,1.75,5.15,240.0,124.0,2.32,1.2,31.44,34962.0,1172.0,69.79,2.34,2.04,2661.0,395.0,7.61,1.13,9.03,4446.0,366.0,8.88,0.73,5.0,1999.0,245.0,44.96,5.52,7.46,49454.0,2309.0,98.72,4.61,2.84,45024.0,598.0,91.04,1.21,0.81,3978.0,559.0,8.04,1.13,8.54,450.0,203.0,0.91,0.41,27.39,50095.0,,100,,,38044.0,927.0,75.94,1.85,1.48,36353.0,932.0,72.57,1.86,1.56,1688.0,336.0,3.37,0.67,12.09,12051.0,867.0,24.06,1.73,4.37,5926.0,486.0,49.17,4.03,4.98,6125.0,486.0,50.82,4.03,4.82,1640.0,294.0,13.61,2.44,10.9,1923.0,389.0,15.96,3.23,12.3,2746.0,505.0,22.79,4.19,11.18,94.0,84.0,0.78,0.7,54.56,5357.0,523.0,44.45,4.34,5.94,290.0,127.0,2.41,1.05,26.49,46255.0,1613.0,92.33,3.22,2.12,31050.0,1138.0,67.13,2.46,2.23,4425.0,671.0,9.57,1.45,9.21,7532.0,888.0,16.28,1.92,7.17,40515.0,1924.0,80.88,3.84,2.89,26190.0,741.0,64.64,1.83,1.72,24225.0,770.0,59.79,1.9,1.93,1926.0,429.0,4.75,1.06,13.57,31.0,89.0,0.08,0.22,167.17,14325.0,741.0,35.36,1.83,3.15,,,7.35,1.62,13.54,23938.0,646.0,47.79,1.29,1.64,1544.0,361.0,6.45,1.51,14.23,272.0,122.0,1.14,0.51,27.2,18282.0,608.0,76.37,2.54,2.02,1557.0,287.0,6.5,1.2,11.22,1782.0,397.0,7.44,1.66,13.56,24233.0,631.0,48.37,1.26,1.58,17.0,87.0,0.07,0.36,312.64,425.0,167.0,1.75,0.69,23.97,677.0,211.0,2.79,0.87,18.96,351.0,150.0,1.45,0.62,25.99,2061.0,397.0,8.5,1.64,11.73,917.0,247.0,3.78,1.02,16.4,1194.0,233.0,4.93,0.96,11.84,2423.0,349.0,10.0,1.44,8.75,3729.0,456.0,15.39,1.88,7.43,7046.0,574.0,29.08,2.37,4.95,3052.0,434.0,12.59,1.79,8.64,1397.0,293.0,5.76,1.21,12.77,951.0,216.0,3.92,0.89,13.8,2981.0,387.0,13.7,1.78,7.9,1604.0,292.0,7.37,1.34,11.05,1538.0,257.0,7.07,1.18,10.15,1551.0,287.0,7.13,1.32,11.25,2326.0,368.0,10.69,1.69,9.61,3287.0,401.0,15.1,1.84,7.41,2090.0,331.0,9.6,1.52,9.63,2756.0,374.0,12.66,1.72,8.26,1592.0,272.0,7.31,1.25,10.4,2028.0,298.0,9.32,1.37,8.94,16957.0,448.0,77.9,2.06,1.61,3726.0,374.0,17.12,1.72,6.11,1852.0,261.0,8.51,1.2,8.57,1906.0,303.0,8.76,1.39,9.65,772.0,200.0,3.55,0.92,15.75,3308.0,357.0,15.2,1.64,6.56,45513.0,647.0,91.42,1.3,0.86,28154.0,1140.0,56.55,2.29,2.46,19595.0,1130.0,39.36,2.27,3.51,4270.0,647.0,8.58,1.3,9.21,23620.0,832.0,47.15,1.66,2.14,26475.0,832.0,52.85,1.66,1.91,3840.0,511.0,7.67,1.02,8.08,2609.0,401.0,5.21,0.8,9.33,2502.0,436.0,4.99,0.87,10.6,2028.0,341.0,4.05,0.68,10.21,3910.0,561.0,7.81,1.12,8.72,10334.0,832.0,20.63,1.66,4.89,7389.0,576.0,14.75,1.15,4.74,7312.0,591.0,14.6,1.18,4.91,3347.0,411.0,6.68,0.82,7.46,2382.0,366.0,4.75,0.73,9.34,2695.0,351.0,5.38,0.7,7.91,1136.0,225.0,2.27,0.45,12.05,616.0,190.0,1.23,0.38,18.78,39716.0,746.0,79.28,1.49,1.14,4446.0,401.0,8.88,0.8,5.48,12752.0,1072.0,25.46,2.14,5.11,28010.0,1323.0,55.91,2.64,2.87,97.0,115.0,0.19,0.23,73.59,2624.0,511.0,5.24,1.02,11.83,28.0,105.0,0.06,0.21,212.77,4856.0,872.0,9.69,1.74,10.92,1729.0,451.0,3.45,0.9,15.86,9836.0,1062.0,19.63,2.12,6.57,40259.0,1062.0,80.37,2.12,1.6,9977.0,827.0,19.92,1.65,5.04,26219.0,1272.0,52.34,2.54,2.95,49.0,95.0,0.1,0.19,115.5,2624.0,511.0,5.24,1.02,11.83,0.0,,0.0,,,152.0,105.0,0.3,0.21,42.55,1250.0,401.0,2.5,0.8,19.45
146,Harlem (North),MN1002,Harlem (North),38321.0,,100,,,10815.0,644.0,28.22,1.68,3.62,21215.0,1125.0,25.64,1.36,3.22,1823.0,386.0,8.59,1.82,12.88,1035.0,263.0,4.88,1.24,15.45,8222.0,592.0,38.76,2.79,4.38,3785.0,458.0,17.84,2.16,7.36,6349.0,516.0,29.93,2.43,4.94,55621.0,1688.0,67.22,2.04,1.84,4462.0,573.0,8.02,1.03,7.81,7061.0,740.0,12.69,1.33,6.37,13814.0,957.0,24.84,1.72,4.21,17263.0,923.0,31.04,1.66,3.25,64535.0,2193.0,77.99,2.65,2.07,1660.0,316.0,2.57,0.49,11.59,82457.0,223.0,99.65,0.27,0.16,11189.0,849.0,13.57,1.03,4.61,18182.0,1109.0,21.97,1.34,3.71,564.0,187.0,3.1,1.03,20.2,56485.0,1026.0,68.27,1.24,1.1,6908.0,672.0,12.23,1.19,5.91,7774.0,496.0,9.4,0.6,3.88,3701.0,313.0,47.61,4.03,5.15,81799.0,1862.0,98.86,2.25,1.38,72589.0,1006.0,88.74,1.23,0.84,8506.0,982.0,10.4,1.2,7.01,718.0,286.0,0.88,0.35,24.18,82743.0,,100,,,63972.0,1266.0,77.31,1.53,1.2,61964.0,1291.0,74.89,1.56,1.27,2004.0,389.0,2.42,0.47,11.81,18770.0,1291.0,22.68,1.56,4.18,8517.0,616.0,45.37,3.28,4.39,10254.0,616.0,54.63,3.28,3.65,997.0,246.0,5.31,1.31,15.0,1580.0,407.0,8.42,2.17,15.67,4945.0,616.0,26.34,3.28,7.57,43.0,109.0,0.23,0.58,153.3,11032.0,648.0,58.77,3.45,3.57,175.0,135.0,0.93,0.72,47.06,76621.0,2615.0,92.6,3.16,2.07,50940.0,1532.0,66.48,2.0,1.83,9614.0,996.0,12.55,1.3,6.3,15992.0,1203.0,20.87,1.57,4.57,66159.0,2069.0,79.96,2.5,1.9,42571.0,1085.0,64.35,1.64,1.55,36276.0,1105.0,54.83,1.67,1.85,6257.0,681.0,9.46,1.03,6.62,21.0,119.0,0.03,0.18,364.74,23587.0,1085.0,35.65,1.64,2.8,,,14.7,1.56,6.62,35410.0,1084.0,42.8,1.31,1.86,3123.0,496.0,8.82,1.4,9.65,908.0,283.0,2.56,0.8,19.0,25589.0,768.0,72.26,2.17,1.83,2901.0,471.0,8.19,1.33,9.87,1855.0,354.0,5.24,1.0,11.6,36274.0,1100.0,43.84,1.33,1.84,11.0,112.0,0.03,0.31,628.17,1072.0,287.0,2.96,0.79,16.22,789.0,225.0,2.18,0.62,17.29,472.0,189.0,1.3,0.52,24.32,4204.0,548.0,11.59,1.51,7.92,2483.0,457.0,6.85,1.26,11.18,1121.0,243.0,3.09,0.67,13.18,2815.0,443.0,7.76,1.22,9.56,4315.0,530.0,11.9,1.46,7.46,10198.0,755.0,28.11,2.08,4.5,5291.0,588.0,14.59,1.62,6.75,1920.0,377.0,5.29,1.04,11.95,1579.0,305.0,4.35,0.84,11.74,6204.0,621.0,16.19,1.62,6.08,3416.0,468.0,8.91,1.22,8.32,5024.0,533.0,13.11,1.39,6.45,4187.0,529.0,10.93,1.38,7.68,4508.0,571.0,11.76,1.49,7.7,5882.0,575.0,15.35,1.5,5.94,3297.0,437.0,8.6,1.14,8.06,3294.0,437.0,8.6,1.14,8.06,1065.0,253.0,2.78,0.66,14.43,1448.0,299.0,3.78,0.78,12.54,28444.0,648.0,74.23,1.69,1.38,8698.0,594.0,22.7,1.55,4.15,4040.0,441.0,10.54,1.15,6.63,4211.0,475.0,10.99,1.24,6.86,2752.0,437.0,7.18,1.14,9.65,10658.0,694.0,27.81,1.81,3.96,72693.0,1014.0,88.16,1.23,0.85,38349.0,1633.0,46.51,1.98,2.59,39890.0,1517.0,48.38,1.84,2.31,9764.0,1014.0,11.84,1.23,6.32,38218.0,1125.0,46.19,1.36,1.79,44525.0,1125.0,53.81,1.36,1.54,6122.0,728.0,7.4,0.88,7.23,4653.0,571.0,5.62,0.69,7.46,4954.0,612.0,5.99,0.74,7.51,4599.0,513.0,5.56,0.62,6.78,6836.0,720.0,8.26,0.87,6.4,16309.0,1034.0,19.71,1.25,3.86,11832.0,811.0,14.3,0.98,4.17,10913.0,836.0,13.19,1.01,4.65,4646.0,563.0,5.61,0.68,7.37,3934.0,472.0,4.75,0.57,7.29,4356.0,447.0,5.26,0.54,6.24,2333.0,364.0,2.82,0.44,9.49,1257.0,281.0,1.52,0.34,13.6,64556.0,976.0,78.02,1.18,0.92,7947.0,596.0,9.6,0.72,4.56,11829.0,1200.0,14.3,1.45,6.16,54566.0,1762.0,65.95,2.13,1.96,516.0,257.0,0.62,0.31,30.4,1710.0,414.0,2.07,0.5,14.68,95.0,149.0,0.11,0.18,99.47,9930.0,1423.0,12.0,1.72,8.71,4102.0,778.0,4.96,0.94,11.52,21468.0,1498.0,25.95,1.81,4.24,61275.0,1498.0,74.05,1.81,1.49,7428.0,794.0,8.98,0.96,6.5,49486.0,1688.0,59.81,2.04,2.07,351.0,207.0,0.42,0.25,36.18,1661.0,414.0,2.01,0.5,15.12,75.0,149.0,0.09,0.18,121.58,189.0,141.0,0.23,0.17,44.93,2054.0,463.0,2.48,0.56,13.73
147,East Harlem (South),MN1101,East Harlem (South),26218.0,,100,,,6671.0,516.0,25.44,1.97,4.71,15524.0,1010.0,25.97,1.69,3.96,971.0,250.0,6.25,1.61,15.66,568.0,222.0,3.66,1.43,23.75,4810.0,467.0,30.98,3.01,5.91,3004.0,405.0,19.35,2.61,8.2,6171.0,511.0,39.75,3.29,5.03,41721.0,1297.0,69.79,2.17,1.89,3966.0,576.0,9.51,1.38,8.82,5224.0,609.0,12.52,1.46,7.09,8623.0,722.0,20.67,1.73,5.09,16530.0,859.0,39.62,2.06,3.16,48623.0,1865.0,81.34,3.12,2.33,981.0,267.0,2.02,0.55,16.55,58888.0,1196.0,98.51,2.0,1.23,7033.0,671.0,11.94,1.14,5.8,11140.0,873.0,18.64,1.46,4.76,602.0,232.0,5.4,2.08,23.42,40486.0,1034.0,67.73,1.73,1.55,3715.0,466.0,9.18,1.15,7.62,7271.0,466.0,12.16,0.78,3.9,2719.0,323.0,37.39,4.44,7.22,59346.0,1913.0,99.28,3.2,1.96,52534.0,807.0,88.52,1.36,0.93,5851.0,777.0,9.86,1.31,8.08,956.0,279.0,1.61,0.47,17.75,59777.0,,100,,,44195.0,1166.0,73.93,1.95,1.6,39976.0,1118.0,66.88,1.87,1.7,4210.0,586.0,7.04,0.98,8.46,15582.0,1196.0,26.07,2.0,4.67,7092.0,581.0,45.51,3.73,4.98,8490.0,581.0,54.49,3.73,4.16,1956.0,391.0,12.55,2.51,12.16,5030.0,513.0,32.28,3.29,6.2,802.0,341.0,5.15,2.19,25.85,171.0,154.0,1.1,0.99,54.71,7524.0,611.0,48.29,3.92,4.93,95.0,83.0,0.61,0.53,52.82,56903.0,2307.0,95.19,3.86,2.46,26732.0,1223.0,46.98,2.15,2.78,10875.0,933.0,19.11,1.64,5.22,21229.0,1201.0,37.31,2.11,3.44,49992.0,1662.0,83.63,2.78,2.02,29126.0,985.0,58.26,1.97,2.06,25855.0,1030.0,51.72,2.06,2.42,3288.0,475.0,6.58,0.95,8.78,9.0,95.0,0.02,0.19,577.51,20866.0,985.0,41.74,1.97,2.87,,,11.29,1.59,8.78,25397.0,998.0,42.49,1.67,2.39,1708.0,323.0,6.73,1.27,11.47,231.0,117.0,0.91,0.46,30.73,16951.0,637.0,66.74,2.51,2.29,4557.0,513.0,17.94,2.02,6.84,1181.0,305.0,4.65,1.2,15.69,25837.0,992.0,43.22,1.66,2.33,23.0,101.0,0.09,0.39,263.42,741.0,238.0,2.87,0.92,19.49,644.0,214.0,2.49,0.83,20.26,374.0,168.0,1.45,0.65,27.25,2473.0,437.0,9.57,1.69,10.74,807.0,225.0,3.12,0.87,16.95,1075.0,230.0,4.16,0.89,13.01,2662.0,388.0,10.3,1.5,8.85,3677.0,444.0,14.23,1.72,7.35,7877.0,669.0,30.49,2.59,5.16,3109.0,514.0,12.03,1.99,10.06,1408.0,302.0,5.45,1.17,13.05,967.0,279.0,3.74,1.08,17.55,4197.0,519.0,16.01,1.98,7.52,2863.0,414.0,10.92,1.58,8.8,3376.0,425.0,12.88,1.62,7.65,2439.0,393.0,9.3,1.5,9.8,2645.0,406.0,10.09,1.55,9.34,3496.0,427.0,13.33,1.63,7.43,2485.0,409.0,9.48,1.56,10.0,2217.0,328.0,8.46,1.25,8.98,737.0,191.0,2.81,0.73,15.79,1767.0,246.0,6.74,0.94,8.48,18636.0,595.0,71.08,2.27,1.94,6799.0,490.0,25.93,1.87,4.38,2688.0,351.0,10.25,1.34,7.95,3150.0,412.0,12.01,1.57,7.95,1398.0,322.0,5.33,1.23,14.03,7694.0,577.0,29.35,2.2,4.56,52696.0,848.0,89.48,1.44,0.98,30144.0,1531.0,51.19,2.6,3.09,25969.0,1443.0,44.1,2.45,3.38,6192.0,848.0,10.51,1.44,8.33,27388.0,998.0,45.82,1.67,2.22,32389.0,998.0,54.18,1.67,1.87,2874.0,502.0,4.81,0.84,10.62,2801.0,395.0,4.69,0.66,8.55,3216.0,430.0,5.38,0.72,8.14,3991.0,478.0,6.68,0.8,7.28,5160.0,574.0,8.63,0.96,6.76,12350.0,950.0,20.66,1.59,4.68,7683.0,681.0,12.85,1.14,5.39,6897.0,628.0,11.54,1.05,5.53,3347.0,436.0,5.6,0.73,7.92,3750.0,502.0,6.27,0.84,8.14,3876.0,478.0,6.48,0.8,7.5,2678.0,365.0,4.48,0.61,8.28,1120.0,239.0,1.87,0.4,13.0,48637.0,759.0,81.36,1.27,0.95,7689.0,568.0,12.86,0.95,4.49,24081.0,1459.0,40.28,2.44,3.68,16130.0,1273.0,26.98,2.13,4.8,128.0,108.0,0.21,0.18,52.11,5881.0,670.0,9.84,1.12,6.92,116.0,161.0,0.19,0.27,86.39,11836.0,1524.0,19.8,2.55,7.83,1620.0,371.0,2.71,0.62,13.91,25876.0,1231.0,43.29,2.06,2.89,33901.0,1231.0,56.71,2.06,2.21,12999.0,861.0,21.75,1.44,4.02,13703.0,1148.0,22.92,1.92,5.09,0.0,,0.0,,,5861.0,670.0,9.8,1.12,6.95,75.0,149.0,0.13,0.25,116.9,377.0,221.0,0.63,0.37,35.7,901.0,263.0,1.51,0.44,17.71
148,East Harlem (North),MN1102,East Harlem (North),30080.0,,100,,,9025.0,611.0,30.0,2.03,4.11,17589.0,1110.0,27.41,1.73,3.84,1045.0,266.0,5.94,1.51,15.45,880.0,243.0,5.0,1.38,16.78,7115.0,561.0,40.45,3.19,4.79,3885.0,438.0,22.09,2.49,6.85,4661.0,459.0,26.5,2.61,5.99,41774.0,1425.0,65.1,2.22,2.07,4972.0,568.0,11.9,1.36,6.95,6431.0,731.0,15.39,1.75,6.91,10938.0,798.0,26.18,1.91,4.44,11067.0,823.0,26.49,1.97,4.52,48860.0,1681.0,76.14,2.62,2.09,897.0,210.0,1.84,0.43,14.21,63784.0,969.0,99.39,1.51,0.92,9859.0,791.0,15.46,1.24,4.88,15297.0,1117.0,23.84,1.74,4.44,898.0,292.0,5.87,1.91,19.78,41451.0,1341.0,64.59,2.09,1.97,5582.0,601.0,13.47,1.45,6.54,7031.0,468.0,10.96,0.73,4.05,3379.0,323.0,48.06,4.6,5.82,63566.0,1919.0,99.05,2.99,1.84,58271.0,788.0,91.67,1.24,0.82,4745.0,725.0,7.46,1.14,9.29,557.0,299.0,0.88,0.47,32.47,64173.0,,100,,,49757.0,1129.0,77.54,1.76,1.38,44953.0,1200.0,70.05,1.87,1.62,4794.0,667.0,7.47,1.04,8.46,14416.0,1155.0,22.46,1.8,4.87,6027.0,582.0,41.81,4.04,5.87,8389.0,582.0,58.19,4.04,4.22,951.0,268.0,6.6,1.86,17.13,2481.0,477.0,17.21,3.31,11.69,1194.0,324.0,8.28,2.25,16.52,76.0,143.0,0.53,0.99,113.55,9627.0,562.0,66.78,3.9,3.55,86.0,98.0,0.6,0.68,68.9,60094.0,2175.0,93.64,3.39,2.2,30166.0,1478.0,50.2,2.46,2.98,11048.0,1004.0,18.38,1.67,5.52,23623.0,1430.0,39.31,2.38,3.68,50752.0,1746.0,79.09,2.72,2.09,27220.0,914.0,53.63,1.8,2.04,24641.0,924.0,48.55,1.82,2.28,2569.0,391.0,5.06,0.77,9.25,20.0,102.0,0.04,0.2,303.95,23532.0,914.0,46.37,1.8,2.36,,,9.44,1.4,9.25,24255.0,975.0,37.8,1.52,2.44,1950.0,347.0,8.04,1.43,10.81,288.0,133.0,1.19,0.55,28.1,18067.0,621.0,74.49,2.56,2.09,2795.0,461.0,11.52,1.9,10.03,696.0,223.0,2.87,0.92,19.49,24633.0,982.0,38.39,1.53,2.42,31.0,101.0,0.13,0.41,191.72,657.0,197.0,2.67,0.8,18.21,699.0,261.0,2.84,1.06,22.69,277.0,140.0,1.12,0.57,30.94,3638.0,547.0,14.77,2.22,9.14,1409.0,330.0,5.72,1.34,14.24,930.0,264.0,3.78,1.07,17.21,1754.0,350.0,7.12,1.42,12.12,2304.0,362.0,9.35,1.47,9.56,6934.0,581.0,28.15,2.36,5.1,3813.0,517.0,15.48,2.1,8.25,1258.0,347.0,5.11,1.41,16.77,930.0,246.0,3.78,1.0,16.08,6225.0,590.0,20.69,1.96,5.76,3623.0,475.0,12.04,1.58,7.98,4183.0,520.0,13.91,1.73,7.56,3327.0,460.0,11.06,1.53,8.41,3569.0,457.0,11.87,1.52,7.78,3880.0,496.0,12.9,1.65,7.78,1963.0,343.0,6.53,1.14,10.61,1811.0,325.0,6.02,1.08,10.91,869.0,244.0,2.89,0.81,17.04,628.0,174.0,2.09,0.58,16.87,19723.0,659.0,65.57,2.19,2.03,7165.0,535.0,23.82,1.78,4.54,2642.0,391.0,8.78,1.3,9.0,6131.0,562.0,20.38,1.87,5.58,2108.0,379.0,7.01,1.26,10.93,9866.0,641.0,32.8,2.13,3.95,56592.0,861.0,88.72,1.35,0.93,25752.0,1422.0,40.37,2.23,3.36,34667.0,1390.0,54.35,2.18,2.44,7192.0,861.0,11.28,1.35,7.28,29663.0,924.0,46.22,1.44,1.89,34510.0,924.0,53.78,1.44,1.63,4079.0,565.0,6.36,0.88,8.41,3911.0,513.0,6.09,0.8,7.99,4721.0,533.0,7.36,0.83,6.86,4421.0,481.0,6.89,0.75,6.62,5258.0,578.0,8.19,0.9,6.68,11320.0,886.0,17.64,1.38,4.76,8867.0,738.0,13.82,1.15,5.06,7968.0,655.0,12.42,1.02,4.99,3422.0,449.0,5.33,0.7,7.98,2898.0,436.0,4.52,0.68,9.15,3868.0,462.0,6.03,0.72,7.26,2346.0,359.0,3.66,0.56,9.3,1081.0,250.0,1.68,0.39,14.11,48880.0,937.0,76.17,1.46,1.17,7306.0,597.0,11.38,0.93,4.97,12923.0,1187.0,20.14,1.85,5.58,27349.0,1521.0,42.62,2.37,3.38,330.0,237.0,0.51,0.37,44.1,3632.0,655.0,5.66,1.02,10.96,15.0,96.0,0.02,0.15,455.93,17560.0,1624.0,27.36,2.53,5.62,2384.0,533.0,3.71,0.83,13.6,29998.0,1431.0,46.75,2.23,2.9,34175.0,1431.0,53.25,2.23,2.55,5519.0,706.0,8.6,1.1,7.78,23755.0,1348.0,37.02,2.1,3.45,22.0,96.0,0.03,0.15,303.95,3436.0,642.0,5.35,1.0,11.36,15.0,96.0,0.02,0.15,455.93,503.0,270.0,0.78,0.42,32.73,936.0,347.0,1.46,0.54,22.48
149,Randall's Island,MN1191,Randall's Island,1.0,,100,,,0.0,,0.0,,,44.0,50.0,2.53,2.85,69.08,0.0,,0.0,,,0.0,,0.0,,,5.0,16.0,11.48,35.8,189.57,33.0,20.0,75.77,46.6,37.39,5.0,13.0,11.48,30.9,163.63,1657.0,139.0,95.12,7.98,5.1,152.0,78.0,9.18,4.7,31.12,699.0,144.0,42.19,8.7,12.54,475.0,109.0,28.67,6.6,13.99,103.0,84.0,6.22,5.1,49.84,1737.0,63.0,99.71,3.63,2.2,89.0,68.0,5.12,3.9,46.31,1458.0,63.0,83.7,3.63,2.63,679.0,204.0,46.57,14.0,18.27,5.0,13.0,0.29,0.74,158.05,0.0,,0.0,,,1315.0,178.0,75.49,10.2,8.23,588.0,183.0,44.71,13.9,18.9,138.0,59.0,7.92,3.37,25.99,91.0,35.0,66.13,25.1,23.07,1742.0,0.0,100.0,0.0,0.0,981.0,232.0,56.31,13.3,14.36,754.0,230.0,43.28,13.2,18.54,5.0,14.0,0.29,0.8,167.7,1742.0,,100,,,1491.0,124.0,85.59,7.1,5.04,1455.0,122.0,83.52,7.0,5.09,37.0,42.0,2.12,2.4,68.82,251.0,124.0,14.41,7.14,30.03,90.0,47.0,35.88,18.6,31.51,161.0,47.0,64.18,18.6,17.62,40.0,43.0,15.95,17.0,64.79,51.0,38.0,20.33,15.0,44.85,15.0,22.0,5.98,8.7,88.44,0.0,,0.0,,,145.0,52.0,57.8,20.6,21.67,0.0,,0.0,,,1742.0,0.0,100.0,0.0,0.0,1273.0,160.0,73.08,9.2,7.65,207.0,98.0,11.88,5.6,28.66,300.0,134.0,17.22,7.7,27.18,1737.0,63.0,99.71,3.63,2.2,327.0,132.0,18.83,7.6,24.54,175.0,101.0,10.08,5.8,34.98,151.0,99.0,8.69,5.7,39.87,0.0,,0.0,,,1410.0,132.0,81.19,7.6,5.69,,,46.18,23.86,39.86,176.0,96.0,10.1,5.53,33.16,7.0,16.0,3.98,9.2,140.52,7.0,15.0,3.98,8.4,128.3,138.0,27.0,78.43,15.4,11.94,24.0,26.0,13.64,14.6,65.07,0.0,,0.0,,,176.0,96.0,10.1,5.53,33.16,0.0,,0.0,,,0.0,,0.0,,,5.0,12.0,2.84,6.8,145.55,0.0,,0.0,,,14.0,22.0,7.96,12.3,93.93,0.0,,0.0,,,0.0,,0.0,,,7.0,16.0,3.98,9.1,138.99,36.0,45.0,20.46,25.3,75.17,33.0,28.0,18.76,15.9,51.52,50.0,43.0,28.42,24.6,52.62,31.0,47.0,17.62,26.5,91.43,0.0,,0.0,,,0.0,,0.0,,,0.0,,0.0,,,0.0,,0.0,,,0.0,,0.0,,,0.0,,0.0,,,0.0,,0.0,,,0.0,,0.0,,,0.0,,0.0,,,0.0,,0.0,,,0.0,,0.0,,,0.0,,0.0,,,0.0,,0.0,,,0.0,,0.0,,,0.0,,0.0,,,0.0,,0.0,,,0.0,,0.0,,,1274.0,86.0,87.38,5.9,4.1,70.0,80.0,4.8,5.5,69.66,1257.0,83.0,86.21,5.7,4.02,184.0,86.0,12.62,5.9,28.42,1540.0,91.0,88.4,5.2,3.58,202.0,91.0,11.6,5.2,27.25,0.0,,0.0,,,5.0,14.0,0.29,0.8,167.7,0.0,,0.0,,,7.0,16.0,0.4,0.9,136.78,73.0,52.0,4.19,3.0,43.53,301.0,106.0,17.28,6.1,21.46,265.0,91.0,15.21,5.2,20.78,484.0,117.0,27.78,6.7,14.66,273.0,92.0,15.67,5.3,20.56,165.0,71.0,9.47,4.1,26.32,132.0,85.0,7.58,4.9,39.3,26.0,31.0,1.49,1.8,73.44,5.0,12.0,0.29,0.7,146.74,1737.0,14.0,99.71,0.8,0.49,165.0,77.0,9.47,4.4,28.24,632.0,138.0,36.28,7.9,13.24,955.0,122.0,54.82,7.0,7.76,14.0,21.0,0.8,1.2,91.19,51.0,49.0,2.93,2.8,58.09,31.0,52.0,1.78,3.0,102.46,35.0,47.0,2.01,2.7,81.66,24.0,28.0,1.38,1.6,70.48,355.0,131.0,20.38,7.5,22.37,1387.0,131.0,79.62,7.5,5.73,387.0,96.0,22.22,5.5,15.05,883.0,129.0,50.69,7.4,8.87,14.0,21.0,0.8,1.2,91.19,51.0,49.0,2.93,2.8,58.09,31.0,52.0,1.78,3.0,102.46,10.0,19.0,0.57,1.1,117.31,10.0,17.0,0.57,1.0,106.65
150,Washington Heights (South),MN1201,Washington Heights (South),28304.0,,100,,,7879.0,589.0,27.84,2.08,4.54,19654.0,1204.0,23.18,1.42,3.72,1032.0,364.0,5.25,1.85,21.42,820.0,279.0,4.17,1.42,20.7,5622.0,574.0,28.61,2.92,6.2,3861.0,507.0,19.65,2.58,7.98,8321.0,653.0,42.34,3.32,4.77,60975.0,1848.0,71.91,2.18,1.84,12405.0,1024.0,20.34,1.68,5.02,7462.0,951.0,12.24,1.56,7.75,12007.0,1024.0,19.69,1.68,5.19,16693.0,1171.0,27.38,1.92,4.26,70409.0,2857.0,83.04,3.37,2.47,1366.0,331.0,1.94,0.47,14.73,84574.0,170.0,99.75,0.2,0.12,11500.0,1006.0,13.6,1.19,5.32,14370.0,1221.0,16.95,1.44,5.17,593.0,211.0,4.13,1.47,21.64,60290.0,1738.0,71.11,2.05,1.75,6461.0,754.0,10.72,1.25,7.09,9923.0,585.0,11.7,0.69,3.58,4440.0,407.0,44.75,4.1,5.57,83931.0,2993.0,98.99,3.53,2.17,74729.0,1133.0,89.04,1.35,0.92,7912.0,1074.0,9.43,1.28,8.25,1307.0,369.0,1.56,0.44,17.15,84788.0,,100,,,43717.0,1560.0,51.56,1.84,2.17,40499.0,1509.0,47.77,1.78,2.27,3227.0,619.0,3.81,0.73,11.65,41071.0,1653.0,48.44,1.95,2.45,20370.0,1216.0,49.6,2.96,3.63,20701.0,1216.0,50.4,2.96,3.57,907.0,271.0,2.21,0.66,18.15,1854.0,444.0,4.51,1.08,14.56,431.0,267.0,1.05,0.65,37.63,64.0,103.0,0.16,0.25,94.98,37668.0,579.0,91.71,1.41,0.93,153.0,214.0,0.37,0.52,85.43,80073.0,3603.0,94.44,4.25,2.74,20254.0,1329.0,25.29,1.66,3.99,32644.0,1577.0,40.77,1.97,2.94,55478.0,1401.0,69.28,1.75,1.54,72057.0,2883.0,84.98,3.4,2.43,46376.0,1290.0,64.36,1.79,1.69,40133.0,1340.0,55.7,1.86,2.03,6254.0,721.0,8.68,1.0,7.0,0.0,,0.0,,,25681.0,1290.0,35.64,1.79,3.05,,,13.49,1.51,7.01,38975.0,1450.0,45.97,1.71,2.26,3108.0,511.0,7.97,1.31,9.99,1764.0,421.0,4.53,1.08,14.49,25567.0,990.0,65.6,2.54,2.35,5186.0,725.0,13.31,1.86,8.5,2234.0,440.0,5.73,1.13,11.99,40158.0,1467.0,47.36,1.73,2.22,7.0,92.0,0.02,0.23,699.09,1440.0,474.0,3.59,1.18,19.98,1515.0,398.0,3.77,0.99,15.96,740.0,245.0,1.84,0.61,20.15,4758.0,731.0,11.85,1.82,9.34,2272.0,510.0,5.66,1.27,13.64,1164.0,281.0,2.9,0.7,14.67,2684.0,490.0,6.68,1.22,11.1,3058.0,466.0,7.61,1.16,9.27,11145.0,875.0,27.75,2.18,4.78,7758.0,936.0,19.32,2.33,7.33,2870.0,538.0,7.15,1.34,11.39,766.0,241.0,1.91,0.6,19.1,4111.0,487.0,14.52,1.72,7.2,2648.0,416.0,9.36,1.47,9.55,3473.0,453.0,12.27,1.6,7.93,3153.0,444.0,11.14,1.57,8.57,3148.0,433.0,11.12,1.53,8.36,5062.0,543.0,17.88,1.92,6.53,2471.0,379.0,8.73,1.34,9.33,2901.0,402.0,10.25,1.42,8.42,799.0,215.0,2.82,0.76,16.38,547.0,170.0,1.93,0.6,18.9,21426.0,555.0,75.7,1.96,1.57,8672.0,597.0,30.64,2.11,4.19,2706.0,376.0,9.56,1.33,8.46,4578.0,504.0,16.17,1.78,6.69,1886.0,351.0,6.66,1.24,11.32,11347.0,671.0,40.09,2.37,3.59,71697.0,1395.0,84.77,1.65,1.18,33687.0,1954.0,39.83,2.31,3.53,42880.0,1785.0,50.7,2.11,2.53,12878.0,1395.0,15.23,1.65,6.59,42218.0,1272.0,49.79,1.5,1.83,42570.0,1272.0,50.21,1.5,1.82,4715.0,695.0,5.56,0.82,8.97,3759.0,560.0,4.43,0.66,9.06,3462.0,543.0,4.08,0.64,9.54,4167.0,551.0,4.91,0.65,8.05,7697.0,805.0,9.08,0.95,6.36,19295.0,1323.0,22.76,1.56,4.17,11119.0,1017.0,13.11,1.2,5.56,10723.0,984.0,12.65,1.16,5.57,5574.0,687.0,6.57,0.81,7.49,4315.0,568.0,5.09,0.67,8.0,5526.0,602.0,6.52,0.71,6.62,2944.0,441.0,3.47,0.52,9.11,1467.0,314.0,1.73,0.37,13.0,70409.0,1051.0,83.04,1.24,0.91,9937.0,738.0,11.72,0.87,4.51,26083.0,2162.0,30.76,2.55,5.04,13749.0,1407.0,16.22,1.66,6.22,1329.0,678.0,1.57,0.8,30.98,2902.0,627.0,3.42,0.74,13.15,65.0,127.0,0.08,0.15,113.98,33827.0,2493.0,39.9,2.94,4.48,6801.0,1577.0,8.02,1.86,14.1,62629.0,1458.0,73.87,1.72,1.42,22159.0,1458.0,26.13,1.72,4.0,9222.0,933.0,10.88,1.1,6.15,8788.0,992.0,10.36,1.17,6.87,40.0,102.0,0.05,0.12,145.9,2861.0,627.0,3.37,0.74,13.35,65.0,127.0,0.08,0.15,113.98,304.0,178.0,0.36,0.21,35.46,893.0,297.0,1.05,0.35,20.26
151,Washington Heights (North),MN1202,Washington Heights (North),29339.0,,100,,,7722.0,499.0,26.32,1.7,3.93,18432.0,1096.0,22.7,1.35,3.61,1325.0,326.0,7.19,1.77,14.97,852.0,229.0,4.62,1.24,16.32,5585.0,536.0,30.3,2.91,5.84,3143.0,455.0,17.05,2.47,8.81,7521.0,595.0,40.8,3.23,4.81,59127.0,2055.0,72.81,2.53,2.11,9155.0,786.0,15.48,1.33,5.22,6692.0,751.0,11.32,1.27,6.82,8879.0,816.0,15.02,1.38,5.59,23041.0,934.0,38.97,1.58,2.46,67819.0,2022.0,83.51,2.49,1.81,990.0,224.0,1.46,0.33,13.74,79599.0,1186.0,98.02,1.46,0.91,8652.0,820.0,10.87,1.03,5.76,13372.0,975.0,16.47,1.2,4.43,558.0,197.0,4.17,1.47,21.43,56425.0,1015.0,69.48,1.25,1.09,4234.0,570.0,7.5,1.01,8.19,9824.0,568.0,12.1,0.7,3.51,3871.0,393.0,39.4,4.0,6.17,80026.0,2680.0,98.54,3.3,2.04,69484.0,1192.0,86.83,1.49,1.04,8757.0,1088.0,10.94,1.36,7.56,1797.0,632.0,2.25,0.79,21.34,81211.0,,100,,,43363.0,1494.0,53.4,1.84,2.09,40404.0,1470.0,49.75,1.81,2.21,2957.0,536.0,3.64,0.66,11.02,37848.0,1705.0,46.6,2.1,2.74,18517.0,1090.0,48.92,2.88,3.58,19331.0,1090.0,51.07,2.88,3.43,3562.0,568.0,9.41,1.5,9.69,1934.0,416.0,5.11,1.1,13.09,842.0,435.0,2.22,1.15,31.49,69.0,95.0,0.18,0.25,84.43,31044.0,799.0,82.02,2.11,1.56,400.0,220.0,1.06,0.58,33.26,76844.0,2315.0,94.62,2.85,1.83,23893.0,1206.0,31.09,1.57,3.07,26246.0,1414.0,34.15,1.84,3.28,46046.0,1268.0,59.92,1.65,1.67,69238.0,1803.0,85.26,2.22,1.58,46004.0,1122.0,66.44,1.62,1.48,41259.0,1191.0,59.59,1.72,1.75,4742.0,692.0,6.85,1.0,8.87,8.0,97.0,0.01,0.14,851.06,23235.0,1122.0,33.56,1.62,2.93,,,10.31,1.48,8.87,39566.0,1113.0,48.72,1.37,1.71,2901.0,427.0,7.33,1.08,8.96,1509.0,340.0,3.81,0.86,13.72,27396.0,866.0,69.24,2.19,1.92,4447.0,613.0,11.24,1.55,8.38,2415.0,427.0,6.1,1.08,10.76,41253.0,1405.0,50.8,1.73,2.07,19.0,103.0,0.05,0.25,303.95,1265.0,347.0,3.07,0.84,16.63,1627.0,359.0,3.94,0.87,13.42,820.0,305.0,1.99,0.74,22.61,4284.0,582.0,10.38,1.41,8.26,1547.0,384.0,3.75,0.93,15.08,1912.0,371.0,4.63,0.9,11.82,3226.0,470.0,7.82,1.14,8.86,4885.0,582.0,11.84,1.41,7.24,11790.0,866.0,28.58,2.1,4.47,6166.0,697.0,14.95,1.69,6.87,2948.0,491.0,7.15,1.19,10.12,752.0,219.0,1.82,0.53,17.7,3082.0,425.0,10.5,1.45,8.39,1494.0,264.0,5.09,0.9,10.75,3575.0,455.0,12.19,1.55,7.73,2521.0,384.0,8.59,1.31,9.27,3793.0,452.0,12.93,1.54,7.24,5095.0,519.0,17.37,1.77,6.19,3486.0,437.0,11.88,1.49,7.62,3462.0,405.0,11.8,1.38,7.11,1408.0,252.0,4.8,0.86,10.89,1293.0,232.0,4.41,0.79,10.89,23650.0,496.0,80.61,1.69,1.27,7257.0,496.0,24.73,1.69,4.15,2878.0,361.0,9.81,1.23,7.62,2391.0,334.0,8.15,1.14,8.5,750.0,205.0,2.56,0.7,16.62,8116.0,522.0,27.66,1.78,3.91,71175.0,971.0,89.42,1.22,0.83,40663.0,1608.0,51.08,2.02,2.4,35136.0,1504.0,44.14,1.89,2.6,8424.0,971.0,10.58,1.22,7.01,39913.0,1072.0,49.15,1.32,1.63,41298.0,1072.0,50.85,1.32,1.58,4367.0,593.0,5.38,0.73,8.25,3606.0,479.0,4.44,0.59,8.08,3319.0,455.0,4.09,0.56,8.32,3925.0,577.0,4.83,0.71,8.94,6876.0,836.0,8.47,1.03,7.39,16222.0,1121.0,19.98,1.38,4.2,11785.0,877.0,14.51,1.08,4.52,10280.0,788.0,12.66,0.97,4.66,4624.0,544.0,5.69,0.67,7.16,4971.0,609.0,6.12,0.75,7.45,5939.0,528.0,7.31,0.65,5.41,3041.0,447.0,3.74,0.55,8.94,2272.0,382.0,2.8,0.47,10.2,67825.0,885.0,83.52,1.09,0.79,11260.0,707.0,13.87,0.87,3.81,34839.0,1811.0,42.9,2.23,3.16,8243.0,1169.0,10.15,1.44,8.62,407.0,349.0,0.5,0.43,52.28,2346.0,528.0,2.89,0.65,13.67,62.0,138.0,0.08,0.17,129.18,30036.0,2209.0,36.99,2.72,4.47,5279.0,1169.0,6.5,1.44,13.47,52066.0,1226.0,64.11,1.51,1.43,29145.0,1226.0,35.89,1.51,2.56,21340.0,1080.0,26.28,1.33,3.08,4347.0,658.0,5.35,0.81,9.2,22.0,97.0,0.03,0.12,243.16,2181.0,512.0,2.69,0.63,14.24,0.0,,0.0,,,158.0,138.0,0.19,0.17,54.39,1108.0,276.0,1.36,0.34,15.2
152,Inwood,MN1203,Inwood,15661.0,,100,,,5067.0,402.0,32.35,2.57,4.83,10202.0,795.0,23.61,1.84,4.74,719.0,242.0,7.05,2.37,20.44,431.0,170.0,4.22,1.67,24.06,3633.0,401.0,35.61,3.93,6.71,1997.0,314.0,19.57,3.08,9.57,3422.0,435.0,33.54,4.26,7.72,29967.0,856.0,69.35,1.98,1.74,5112.0,620.0,17.06,2.07,7.38,2998.0,539.0,10.0,1.8,10.94,6335.0,725.0,21.14,2.42,6.96,9011.0,674.0,30.07,2.25,4.55,34538.0,912.0,79.93,2.11,1.61,766.0,211.0,2.22,0.61,16.7,43163.0,143.0,99.89,0.33,0.2,4351.0,475.0,10.08,1.1,6.63,8616.0,765.0,19.94,1.77,5.4,264.0,139.0,3.06,1.61,31.98,29356.0,929.0,67.94,2.15,1.92,2404.0,393.0,8.19,1.34,9.95,5191.0,410.0,12.01,0.95,4.8,1693.0,227.0,32.61,4.37,8.15,42693.0,1815.0,98.8,4.2,2.58,38867.0,709.0,91.04,1.66,1.11,3459.0,666.0,8.1,1.56,11.71,367.0,196.0,0.86,0.46,32.52,43210.0,,100,,,22173.0,1093.0,51.31,2.53,3.0,20564.0,1028.0,47.59,2.38,3.04,1625.0,428.0,3.76,0.99,16.01,21037.0,1249.0,48.69,2.89,3.61,10508.0,812.0,49.95,3.86,4.7,10529.0,812.0,50.05,3.86,4.69,1133.0,286.0,5.39,1.36,15.34,776.0,307.0,3.69,1.46,24.05,154.0,105.0,0.73,0.5,41.64,25.0,69.0,0.12,0.33,167.17,18810.0,427.0,89.41,2.03,1.38,130.0,105.0,0.62,0.5,49.02,40341.0,929.0,93.36,2.15,1.4,10871.0,799.0,26.95,1.98,4.47,15469.0,1053.0,38.35,2.61,4.14,27443.0,847.0,68.03,2.1,1.88,35682.0,877.0,82.58,2.03,1.49,23965.0,789.0,67.16,2.21,2.0,21004.0,892.0,58.86,2.5,2.58,2898.0,535.0,8.12,1.5,11.23,53.0,107.0,0.15,0.3,121.58,11717.0,789.0,32.84,2.21,4.09,,,12.09,2.2,11.22,20179.0,1028.0,46.7,2.38,3.1,2455.0,474.0,12.17,2.35,11.74,661.0,252.0,3.28,1.25,23.17,13655.0,674.0,67.67,3.34,3.0,1916.0,589.0,9.49,2.92,18.7,1168.0,301.0,5.79,1.49,15.64,21004.0,1028.0,48.61,2.38,2.98,0.0,,0.0,,,449.0,307.0,2.14,1.46,41.47,785.0,233.0,3.74,1.11,18.04,490.0,237.0,2.33,1.13,29.48,2951.0,498.0,14.05,2.37,10.25,1002.0,271.0,4.77,1.29,16.44,595.0,187.0,2.83,0.89,19.12,1393.0,328.0,6.63,1.56,14.3,2587.0,447.0,12.32,2.13,10.51,5418.0,567.0,25.8,2.7,6.36,3286.0,630.0,15.64,3.0,11.66,1520.0,353.0,7.24,1.68,14.11,515.0,166.0,2.45,0.79,19.6,1796.0,326.0,11.47,2.08,11.02,1181.0,271.0,7.54,1.73,13.95,2158.0,338.0,13.78,2.16,9.53,1537.0,279.0,9.81,1.78,11.03,1645.0,291.0,10.5,1.86,10.77,2369.0,368.0,15.13,2.35,9.44,2386.0,395.0,15.24,2.52,10.05,1613.0,269.0,10.3,1.72,10.15,483.0,155.0,3.08,0.99,19.54,490.0,152.0,3.13,0.97,18.84,12532.0,374.0,80.02,2.39,1.82,4171.0,401.0,26.63,2.56,5.84,1596.0,249.0,10.19,1.59,9.49,1621.0,269.0,10.35,1.72,10.1,507.0,186.0,3.24,1.19,22.33,5379.0,487.0,34.35,3.11,5.5,37550.0,1083.0,87.0,2.51,1.75,19401.0,1368.0,44.95,3.17,4.29,21606.0,1351.0,50.06,3.13,3.8,5614.0,1083.0,13.01,2.51,11.73,20806.0,881.0,48.15,2.04,2.58,22404.0,881.0,51.85,2.04,2.39,2869.0,475.0,6.64,1.1,10.07,2046.0,363.0,4.74,0.84,10.77,2383.0,415.0,5.51,0.96,10.59,2594.0,432.0,6.0,1.0,10.13,3348.0,527.0,7.75,1.22,9.57,7878.0,782.0,18.23,1.81,6.04,6157.0,678.0,14.25,1.57,6.7,5824.0,640.0,13.48,1.48,6.67,2113.0,393.0,4.89,0.91,11.31,2803.0,445.0,6.49,1.03,9.65,3021.0,389.0,6.99,0.9,7.83,1504.0,277.0,3.48,0.64,11.18,658.0,199.0,1.52,0.46,18.4,34594.0,700.0,80.06,1.62,1.23,5191.0,458.0,12.01,1.06,5.37,16924.0,1348.0,39.17,3.12,4.84,3996.0,726.0,9.25,1.68,11.04,209.0,190.0,0.48,0.44,55.72,850.0,272.0,1.97,0.63,19.44,64.0,78.0,0.15,0.18,72.95,18723.0,1599.0,43.33,3.7,5.19,2440.0,549.0,5.65,1.27,13.66,31998.0,752.0,74.05,1.74,1.43,11212.0,752.0,25.95,1.74,4.08,7444.0,657.0,17.23,1.52,5.36,2224.0,415.0,5.15,0.96,11.33,0.0,,0.0,,,838.0,272.0,1.94,0.63,19.74,27.0,65.0,0.06,0.15,151.98,117.0,95.0,0.27,0.22,49.53,566.0,212.0,1.31,0.49,22.74
153,Highbridge Park,MN1291,Highbridge Park,0.0,,100,,,0.0,,,,,0.0,,,,,0.0,,,,,0.0,,,,,0.0,,,,,0.0,,,,,0.0,,,,,0.0,,,,,0.0,,,,,0.0,,,,,0.0,,,,,0.0,,,,,0.0,,,,,0.0,,,,,0.0,,,,,0.0,,,,,0.0,,,,,0.0,,,,,0.0,,,,,0.0,,,,,0.0,,,,,0.0,,,,,0.0,,,,,0.0,,,,,0.0,,,,,0.0,,,,,0.0,,100,,,0.0,,,,,0.0,,,,,0.0,,,,,0.0,,,,,0.0,,,,,0.0,,,,,0.0,,,,,0.0,,,,,0.0,,,,,0.0,,,,,0.0,,,,,0.0,,,,,0.0,,,,,0.0,,,,,0.0,,,,,0.0,,,,,0.0,,,,,0.0,,,,,0.0,,,,,0.0,,,,,0.0,,,,,0.0,,,,,,,,,,0.0,,,,,0.0,,,,,0.0,,,,,0.0,,,,,0.0,,,,,0.0,,,,,0.0,,,,,0.0,,,,,0.0,,,,,0.0,,,,,0.0,,,,,0.0,,,,,0.0,,,,,0.0,,,,,0.0,,,,,0.0,,,,,0.0,,,,,0.0,,,,,0.0,,,,,0.0,,,,,0.0,,,,,0.0,,,,,0.0,,,,,0.0,,,,,0.0,,,,,0.0,,,,,0.0,,,,,0.0,,,,,0.0,,,,,0.0,,,,,0.0,,,,,0.0,,,,,0.0,,,,,0.0,,,,,0.0,,,,,0.0,,,,,0.0,,,,,0.0,,,,,0.0,,,,,0.0,,,,,0.0,,,,,0.0,,,,,0.0,,,,,0.0,,,,,0.0,,,,,0.0,,,,,0.0,,,,,0.0,,,,,0.0,,,,,0.0,,,,,0.0,,,,,0.0,,,,,0.0,,,,,0.0,,,,,0.0,,,,,0.0,,,,,0.0,,,,,0.0,,,,,0.0,,,,,0.0,,,,,0.0,,,,,0.0,,,,,0.0,,,,,0.0,,,,,0.0,,,,,0.0,,,,,0.0,,,,,0.0,,,,,0.0,,,,,0.0,,,,,0.0,,,,,0.0,,,,,0.0,,,,
154,Inwood Hill Park,MN1292,Inwood Hill Park,1.0,,100,,,0.0,,0.0,,,0.0,,0.0,,,0.0,,,,,0.0,,,,,0.0,,,,,0.0,,,,,0.0,,,,,18.0,0.0,100.0,0.0,0.0,9.0,4.0,50.0,22.8,27.72,9.0,4.0,50.0,22.8,27.72,0.0,,0.0,,,0.0,,0.0,,,18.0,0.0,100.0,0.0,0.0,0.0,,0.0,,,0.0,,0.0,,,0.0,,,,,0.0,,0.0,,,0.0,,,,,0.0,,0.0,,,0.0,,,,,0.0,,0.0,,,0.0,,,,,18.0,0.0,100.0,0.0,0.0,9.0,4.0,50.0,22.8,27.72,9.0,4.0,50.0,22.8,27.72,0.0,,0.0,,,18.0,,100,,,9.0,4.0,50.0,22.8,27.72,9.0,4.0,50.0,22.8,27.72,0.0,,0.0,,,9.0,0.0,50.0,0.0,0.0,0.0,,0.0,,,9.0,9.0,100.0,95.0,57.75,0.0,,0.0,,,0.0,,0.0,,,0.0,,0.0,,,0.0,,0.0,,,9.0,9.0,100.0,95.0,57.75,0.0,,0.0,,,18.0,0.0,100.0,0.0,0.0,9.0,4.0,50.0,22.8,27.72,9.0,4.0,50.0,22.8,27.72,0.0,,0.0,,,18.0,0.0,100.0,0.0,0.0,0.0,,0.0,,,0.0,,0.0,,,0.0,,0.0,,,0.0,,0.0,,,18.0,12.0,100.0,67.2,40.85,,,,,,0.0,,0.0,,,0.0,,,,,0.0,,,,,0.0,,,,,0.0,,,,,0.0,,,,,0.0,,0.0,,,0.0,,,,,0.0,,,,,0.0,,,,,0.0,,,,,0.0,,,,,0.0,,,,,0.0,,,,,0.0,,,,,0.0,,,,,0.0,,,,,0.0,,,,,0.0,,,,,0.0,,,,,0.0,,0.0,,,0.0,,0.0,,,0.0,,0.0,,,0.0,,0.0,,,0.0,,0.0,,,0.0,,0.0,,,0.0,,0.0,,,0.0,,0.0,,,0.0,,0.0,,,0.0,,0.0,,,0.0,,0.0,,,0.0,,0.0,,,0.0,,0.0,,,0.0,,0.0,,,0.0,,0.0,,,0.0,,0.0,,,0.0,,,,,0.0,,,,,0.0,,,,,0.0,,,,,9.0,4.0,50.0,22.8,27.72,9.0,4.0,50.0,22.8,27.72,0.0,,0.0,,,0.0,,0.0,,,0.0,,0.0,,,0.0,,0.0,,,0.0,,0.0,,,0.0,,0.0,,,0.0,,0.0,,,9.0,4.0,50.0,22.8,27.72,0.0,,0.0,,,9.0,4.0,50.0,22.8,27.72,0.0,,0.0,,,0.0,,0.0,,,0.0,,0.0,,,18.0,12.0,100.0,67.2,40.85,0.0,,0.0,,,0.0,,0.0,,,18.0,12.0,100.0,67.2,40.85,0.0,,0.0,,,0.0,,0.0,,,0.0,,0.0,,,0.0,,0.0,,,0.0,,0.0,,,0.0,,0.0,,,18.0,12.0,100.0,67.2,40.85,0.0,,0.0,,,18.0,12.0,100.0,67.2,40.85,0.0,,0.0,,,0.0,,0.0,,,0.0,,0.0,,,0.0,,0.0,,,0.0,,0.0,,
155,Central Park,MN6491,Central Park,1.0,,100,,,0.0,,0.0,,,2.0,7.0,40.0,144.28,212.77,1.0,1.0,50.0,50.0,60.79,0.0,,0.0,,,0.0,,0.0,,,0.0,,0.0,,,1.0,1.0,50.0,50.0,60.79,2.0,7.0,40.0,144.28,212.77,0.0,,0.0,,,0.0,,0.0,,,2.0,2.0,100.0,100.0,60.79,0.0,,0.0,,,4.0,14.0,80.0,288.56,212.77,0.0,,0.0,,,5.0,0.0,100.0,0.0,0.0,3.0,3.0,60.0,60.0,60.79,1.0,1.0,20.0,29.93,60.79,0.0,,0.0,,,4.0,14.0,80.0,288.56,212.77,3.0,3.0,75.0,75.0,60.79,0.0,,0.0,,,0.0,,,,,5.0,0.0,100.0,0.0,0.0,2.0,3.0,40.0,60.0,91.19,3.0,3.0,60.0,60.0,60.79,0.0,,0.0,,,5.0,,100,,,4.0,4.0,80.0,80.0,60.79,4.0,4.0,80.0,80.0,60.79,0.0,,0.0,,,1.0,1.0,20.0,29.93,60.79,1.0,1.0,100.0,100.0,60.79,0.0,,0.0,,,0.0,,0.0,,,0.0,,0.0,,,0.0,,0.0,,,0.0,,0.0,,,1.0,1.0,100.0,100.0,60.79,0.0,,0.0,,,4.0,14.0,80.0,288.56,212.77,1.0,3.0,25.0,75.0,182.37,1.0,3.0,25.0,75.0,182.37,2.0,2.0,50.0,50.0,60.79,4.0,14.0,80.0,288.56,212.77,0.0,,0.0,,,0.0,,0.0,,,0.0,,0.0,,,0.0,,0.0,,,4.0,4.0,100.0,100.0,60.79,,,,,,0.0,,0.0,,,0.0,,,,,0.0,,,,,0.0,,,,,0.0,,,,,0.0,,,,,0.0,,0.0,,,0.0,,,,,0.0,,,,,0.0,,,,,0.0,,,,,0.0,,,,,0.0,,,,,0.0,,,,,0.0,,,,,0.0,,,,,0.0,,,,,0.0,,,,,0.0,,,,,0.0,,,,,0.0,,0.0,,,0.0,,0.0,,,0.0,,0.0,,,0.0,,0.0,,,0.0,,0.0,,,0.0,,0.0,,,0.0,,0.0,,,0.0,,0.0,,,0.0,,0.0,,,0.0,,0.0,,,0.0,,0.0,,,0.0,,0.0,,,0.0,,0.0,,,0.0,,0.0,,,0.0,,0.0,,,0.0,,0.0,,,5.0,5.0,100.0,100.0,60.79,0.0,,0.0,,,5.0,5.0,100.0,100.0,60.79,0.0,,0.0,,,0.0,,0.0,,,5.0,5.0,100.0,100.0,60.79,1.0,4.0,20.0,80.0,243.16,0.0,,0.0,,,0.0,,0.0,,,2.0,3.0,40.0,60.0,91.19,0.0,,0.0,,,0.0,,0.0,,,2.0,3.0,40.0,60.0,91.19,0.0,,0.0,,,0.0,,0.0,,,0.0,,0.0,,,0.0,,0.0,,,0.0,,0.0,,,0.0,,0.0,,,4.0,4.0,80.0,80.0,60.79,0.0,,0.0,,,2.0,3.0,40.0,60.0,91.19,2.0,3.0,40.0,60.0,91.19,0.0,,0.0,,,0.0,,0.0,,,0.0,,0.0,,,0.0,,0.0,,,1.0,4.0,20.0,80.0,243.16,2.0,3.0,40.0,60.0,91.19,3.0,3.0,60.0,60.0,60.79,0.0,,0.0,,,2.0,3.0,40.0,60.0,91.19,0.0,,0.0,,,0.0,,0.0,,,0.0,,0.0,,,0.0,,0.0,,,1.0,4.0,20.0,80.0,243.16
156,Astoria (North)-Ditmars-Steinway,QN0101,Astoria (North)-Ditmars-Steinway,21332.0,,100,,,4263.0,326.0,19.98,1.53,4.66,9806.0,660.0,20.36,1.37,4.09,653.0,170.0,6.66,1.73,15.79,378.0,125.0,3.85,1.27,20.05,2880.0,290.0,29.37,2.96,6.13,1457.0,208.0,14.86,2.12,8.67,4442.0,332.0,45.3,3.39,4.55,36902.0,1040.0,76.63,2.16,1.71,2986.0,332.0,8.09,0.9,6.76,2181.0,314.0,5.91,0.85,8.74,7680.0,531.0,20.81,1.44,4.21,17021.0,686.0,46.12,1.86,2.45,41086.0,1218.0,85.32,2.53,1.8,838.0,181.0,2.04,0.44,13.11,48117.0,72.0,99.92,0.15,0.09,4420.0,399.0,9.19,0.83,5.49,7052.0,563.0,14.64,1.17,4.85,129.0,97.0,1.83,1.37,45.51,34925.0,823.0,72.52,1.71,1.43,2091.0,304.0,5.99,0.87,8.83,6148.0,419.0,12.77,0.87,4.14,2201.0,211.0,35.8,3.44,5.84,47519.0,987.0,98.68,2.05,1.26,41812.0,670.0,87.99,1.41,0.97,5143.0,632.0,10.82,1.33,7.47,575.0,209.0,1.21,0.44,22.11,48156.0,,100,,,30059.0,809.0,62.42,1.68,1.64,28620.0,809.0,59.43,1.68,1.72,1431.0,226.0,2.97,0.47,9.62,18097.0,814.0,37.58,1.69,2.73,11319.0,485.0,62.54,2.68,2.61,6778.0,485.0,37.45,2.68,4.35,7597.0,545.0,41.98,3.01,4.36,4500.0,487.0,24.87,2.69,6.58,774.0,188.0,4.28,1.04,14.77,27.0,109.0,0.15,0.6,243.16,5048.0,509.0,27.89,2.81,6.12,150.0,103.0,0.83,0.57,41.75,45596.0,1276.0,94.68,2.65,1.7,20178.0,903.0,44.25,1.98,2.72,9257.0,611.0,20.3,1.34,4.01,7738.0,807.0,16.97,1.77,6.34,41819.0,1247.0,86.84,2.59,1.81,29577.0,577.0,70.73,1.38,1.19,27700.0,606.0,66.24,1.45,1.33,1852.0,263.0,4.43,0.63,8.65,21.0,117.0,0.05,0.28,340.43,12243.0,577.0,29.28,1.38,2.87,,,6.26,0.88,8.63,26823.0,713.0,55.7,1.48,1.62,5286.0,443.0,19.71,1.65,5.09,1282.0,228.0,4.78,0.85,10.81,16881.0,518.0,62.93,1.93,1.86,1828.0,279.0,6.82,1.04,9.27,1172.0,228.0,4.37,0.85,11.82,27694.0,674.0,57.51,1.4,1.48,182.0,213.0,0.66,0.77,70.92,1259.0,216.0,4.55,0.78,10.42,941.0,205.0,3.4,0.74,13.23,650.0,169.0,2.35,0.61,15.78,2662.0,302.0,9.61,1.09,6.9,1514.0,249.0,5.47,0.9,10.0,1557.0,244.0,5.62,0.88,9.52,2568.0,299.0,9.27,1.08,7.08,4132.0,360.0,14.92,1.3,5.3,6163.0,440.0,22.25,1.59,4.34,3886.0,363.0,14.03,1.31,5.68,1432.0,227.0,5.17,0.82,9.64,755.0,180.0,2.73,0.65,14.47,1138.0,190.0,5.33,0.89,10.15,735.0,207.0,3.45,0.97,17.09,1643.0,235.0,7.7,1.1,8.68,1904.0,267.0,8.93,1.25,8.51,2592.0,294.0,12.15,1.38,6.9,4248.0,371.0,19.91,1.74,5.31,2541.0,286.0,11.91,1.34,6.84,3890.0,350.0,18.24,1.64,5.47,1454.0,228.0,6.82,1.07,9.54,1178.0,201.0,5.52,0.94,10.35,17829.0,322.0,83.58,1.51,1.1,4933.0,356.0,23.12,1.67,4.39,2757.0,282.0,12.92,1.32,6.21,972.0,186.0,4.56,0.87,11.6,537.0,175.0,2.52,0.82,19.78,1706.0,243.0,8.0,1.14,8.66,42922.0,558.0,89.2,1.16,0.79,32550.0,866.0,67.65,1.8,1.62,14455.0,861.0,30.04,1.79,3.62,5195.0,558.0,10.8,1.16,6.53,23899.0,535.0,49.63,1.11,1.36,24257.0,535.0,50.37,1.11,1.34,2560.0,332.0,5.32,0.69,7.88,1804.0,279.0,3.75,0.58,9.4,1690.0,265.0,3.51,0.55,9.53,1637.0,241.0,3.4,0.5,8.94,3560.0,443.0,7.39,0.92,7.57,12288.0,665.0,25.52,1.38,3.29,7365.0,554.0,15.29,1.15,4.57,6125.0,486.0,12.72,1.01,4.83,2696.0,299.0,5.6,0.62,6.73,2269.0,327.0,4.71,0.68,8.78,3142.0,347.0,6.52,0.72,6.71,2085.0,274.0,4.33,0.57,8.0,928.0,173.0,1.93,0.36,11.34,41104.0,510.0,85.36,1.06,0.75,6154.0,467.0,12.78,0.97,4.61,36607.0,982.0,76.02,2.04,1.63,971.0,236.0,2.02,0.49,14.75,192.0,159.0,0.4,0.33,50.15,6097.0,761.0,12.66,1.58,7.59,0.0,,0.0,,,3010.0,650.0,6.25,1.35,13.13,1263.0,270.0,2.62,0.56,12.99,10176.0,925.0,21.13,1.92,5.52,37980.0,925.0,78.87,1.92,1.48,30010.0,1045.0,62.32,2.17,2.12,845.0,217.0,1.75,0.45,15.63,93.0,140.0,0.19,0.29,92.79,5989.0,761.0,12.44,1.58,7.72,0.0,,0.0,,,63.0,101.0,0.13,0.21,98.2,981.0,246.0,2.04,0.51,15.2
157,Old Astoria-Hallets Point,QN0102,Old Astoria-Hallets Point,7317.0,,100,,,1975.0,210.0,26.99,2.87,6.46,4271.0,415.0,24.68,2.4,5.91,319.0,108.0,7.47,2.54,20.67,74.0,42.0,1.73,0.99,34.79,1636.0,171.0,38.31,4.01,6.36,1057.0,193.0,24.75,4.51,11.08,1183.0,205.0,27.7,4.81,10.56,11569.0,720.0,66.84,4.16,3.78,1287.0,231.0,11.12,2.0,10.93,1348.0,259.0,11.65,2.24,11.69,2666.0,303.0,23.04,2.62,6.91,4212.0,355.0,36.41,3.07,5.13,13589.0,902.0,78.51,5.21,4.04,267.0,101.0,1.96,0.74,22.95,17300.0,24.0,99.95,0.14,0.08,1964.0,306.0,11.35,1.77,9.48,3716.0,443.0,21.47,2.56,7.25,274.0,147.0,7.37,3.95,32.58,12136.0,580.0,70.12,3.35,2.91,1029.0,184.0,8.48,1.52,10.9,1443.0,185.0,8.34,1.07,7.79,664.0,117.0,46.02,8.08,10.67,17015.0,862.0,98.31,4.98,3.08,14792.0,381.0,86.93,2.24,1.57,1988.0,369.0,11.68,2.17,11.29,233.0,87.0,1.37,0.51,22.63,17308.0,,100,,,10495.0,479.0,60.64,2.77,2.78,9994.0,486.0,57.74,2.81,2.96,496.0,154.0,2.87,0.89,18.85,6813.0,490.0,39.36,2.83,4.37,3301.0,335.0,48.45,4.91,6.16,3512.0,335.0,51.55,4.91,5.79,1154.0,232.0,16.94,3.41,12.24,1585.0,282.0,23.27,4.14,10.82,250.0,145.0,3.67,2.13,35.28,13.0,69.0,0.19,1.01,323.15,3714.0,352.0,54.52,5.16,5.75,97.0,80.0,1.42,1.17,50.09,16224.0,943.0,93.74,5.45,3.53,6777.0,629.0,41.77,3.88,5.65,3954.0,428.0,24.37,2.64,6.59,5070.0,680.0,31.25,4.19,8.15,14130.0,1042.0,81.64,6.02,4.48,9772.0,311.0,69.16,2.2,1.93,8916.0,338.0,63.1,2.39,2.3,856.0,172.0,6.06,1.22,12.24,0.0,,0.0,,,4358.0,311.0,30.84,2.2,4.34,,,8.76,1.74,12.21,8511.0,453.0,49.17,2.62,3.24,1425.0,230.0,16.74,2.7,9.8,261.0,130.0,3.07,1.53,30.3,5472.0,308.0,64.29,3.62,3.42,699.0,187.0,8.21,2.2,16.29,276.0,89.0,3.24,1.05,19.7,8917.0,511.0,51.52,2.95,3.48,14.0,70.0,0.16,0.79,300.15,539.0,177.0,6.04,1.98,19.93,338.0,108.0,3.79,1.21,19.41,295.0,132.0,3.31,1.48,27.18,932.0,211.0,10.45,2.37,13.79,439.0,150.0,4.92,1.68,20.76,260.0,94.0,2.92,1.05,21.86,775.0,158.0,8.69,1.77,12.38,1165.0,184.0,13.07,2.06,9.58,1732.0,240.0,19.42,2.69,8.42,1618.0,276.0,18.15,3.1,10.38,532.0,124.0,5.97,1.39,14.15,282.0,99.0,3.16,1.11,21.35,572.0,141.0,7.82,1.93,15.0,384.0,129.0,5.25,1.76,20.38,1023.0,181.0,13.98,2.47,10.74,781.0,166.0,10.67,2.27,12.93,890.0,168.0,12.16,2.29,11.45,1136.0,196.0,15.53,2.68,10.49,820.0,151.0,11.21,2.07,11.23,888.0,179.0,12.14,2.44,12.22,411.0,117.0,5.62,1.6,17.31,412.0,106.0,5.63,1.45,15.66,6049.0,186.0,82.67,2.54,1.87,1260.0,173.0,17.22,2.37,8.37,703.0,151.0,9.61,2.06,13.03,518.0,130.0,7.08,1.78,15.28,408.0,132.0,5.58,1.8,19.61,1422.0,189.0,19.43,2.58,8.07,14790.0,337.0,85.49,1.95,1.39,8407.0,576.0,48.6,3.33,4.17,7492.0,495.0,43.31,2.86,4.01,2510.0,337.0,14.51,1.95,8.17,8828.0,360.0,51.01,2.08,2.48,8480.0,360.0,48.99,2.08,2.58,1084.0,227.0,6.26,1.31,12.72,867.0,138.0,5.01,0.8,9.71,997.0,182.0,5.76,1.05,11.08,1158.0,213.0,6.69,1.23,11.18,1634.0,308.0,9.44,1.78,11.46,3473.0,377.0,20.07,2.18,6.6,2750.0,275.0,15.89,1.59,6.08,2390.0,287.0,13.81,1.66,7.31,888.0,178.0,5.13,1.03,12.21,621.0,149.0,3.59,0.86,14.56,751.0,166.0,4.34,0.96,13.45,473.0,132.0,2.73,0.76,16.92,216.0,80.0,1.25,0.46,22.37,13589.0,370.0,78.51,2.14,1.66,1443.0,208.0,8.34,1.2,8.75,7920.0,613.0,45.76,3.54,4.7,3245.0,521.0,18.75,3.01,9.76,136.0,132.0,0.79,0.76,58.48,2489.0,448.0,14.38,2.59,10.95,37.0,76.0,0.21,0.44,127.37,3075.0,614.0,17.77,3.55,12.14,402.0,140.0,2.32,0.81,21.22,6160.0,692.0,35.59,4.0,6.83,11148.0,692.0,64.41,4.0,3.78,5124.0,457.0,29.6,2.64,5.42,3087.0,505.0,17.84,2.92,9.95,79.0,99.0,0.46,0.57,75.33,2489.0,448.0,14.38,2.59,10.95,28.0,80.0,0.16,0.46,174.77,102.0,133.0,0.59,0.77,79.34,242.0,95.0,1.4,0.55,23.88
158,Astoria (Central),QN0103,Astoria (Central),25153.0,,100,,,3485.0,402.0,13.86,1.6,7.02,8005.0,693.0,16.51,1.43,5.26,323.0,115.0,4.03,1.44,21.72,264.0,127.0,3.3,1.59,29.29,1897.0,293.0,23.7,3.66,9.39,1048.0,244.0,13.09,3.05,14.16,4471.0,353.0,55.85,4.41,4.8,39866.0,1785.0,82.21,3.68,2.72,3143.0,439.0,7.88,1.1,8.49,1939.0,339.0,4.86,0.85,10.63,6486.0,646.0,16.27,1.62,6.05,21281.0,901.0,53.38,2.26,2.57,43347.0,1896.0,89.38,3.91,2.66,1002.0,243.0,2.31,0.56,14.74,48205.0,199.0,99.4,0.41,0.25,3828.0,429.0,7.94,0.89,6.81,5148.0,640.0,10.62,1.32,7.56,98.0,95.0,1.9,1.85,59.19,37368.0,1363.0,77.06,2.81,2.22,1510.0,288.0,4.04,0.77,11.59,5689.0,548.0,11.73,1.13,5.86,2225.0,252.0,39.11,4.43,6.89,47962.0,1542.0,98.9,3.18,1.95,40463.0,830.0,84.37,1.73,1.25,6687.0,815.0,13.94,1.7,7.41,817.0,245.0,1.7,0.51,18.24,48495.0,,100,,,27553.0,941.0,56.82,1.94,2.08,26165.0,931.0,53.95,1.92,2.16,1390.0,306.0,2.87,0.63,13.34,20942.0,1004.0,43.18,2.07,2.91,11041.0,670.0,52.72,3.2,3.69,9901.0,670.0,47.28,3.2,4.11,5628.0,561.0,26.87,2.68,6.06,6451.0,662.0,30.8,3.16,6.24,587.0,176.0,2.8,0.84,18.24,46.0,98.0,0.22,0.47,129.87,8008.0,712.0,38.24,3.4,5.4,217.0,126.0,1.04,0.6,35.07,46459.0,2105.0,95.8,4.34,2.75,20984.0,1055.0,45.17,2.27,3.05,11359.0,850.0,24.45,1.83,4.55,9656.0,1055.0,20.78,2.27,6.64,43783.0,1920.0,90.28,3.96,2.67,33092.0,679.0,75.58,1.55,1.25,31091.0,744.0,71.01,1.7,1.46,2008.0,359.0,4.59,0.82,10.86,0.0,,0.0,,,10692.0,679.0,24.42,1.55,3.86,,,6.07,1.08,10.87,29891.0,771.0,61.64,1.59,1.57,3070.0,380.0,10.27,1.27,7.52,442.0,155.0,1.48,0.52,21.36,23069.0,547.0,77.18,1.83,1.44,1704.0,296.0,5.7,0.99,10.56,1000.0,221.0,3.35,0.74,13.43,31090.0,921.0,64.11,1.9,1.8,0.0,,0.0,,,1193.0,243.0,3.84,0.78,12.35,988.0,208.0,3.18,0.67,12.81,895.0,218.0,2.88,0.7,14.78,2553.0,345.0,8.21,1.11,8.22,1057.0,255.0,3.4,0.82,14.66,2090.0,348.0,6.72,1.12,10.13,2652.0,382.0,8.53,1.23,8.77,5537.0,525.0,17.81,1.69,5.77,6190.0,541.0,19.91,1.74,5.31,4942.0,560.0,15.9,1.8,6.88,2103.0,339.0,6.76,1.09,9.8,889.0,224.0,2.86,0.72,15.3,1759.0,309.0,6.99,1.23,10.7,1072.0,229.0,4.26,0.91,12.99,2060.0,314.0,8.19,1.25,9.28,1997.0,319.0,7.94,1.27,9.72,3262.0,415.0,12.97,1.65,7.73,4186.0,390.0,16.64,1.55,5.66,3650.0,420.0,14.51,1.67,7.0,4268.0,430.0,16.97,1.71,6.13,1612.0,257.0,6.41,1.02,9.67,1278.0,246.0,5.08,0.98,11.73,21660.0,382.0,86.11,1.52,1.07,4604.0,460.0,18.3,1.83,6.08,1956.0,289.0,7.78,1.15,8.99,973.0,226.0,3.87,0.9,14.14,503.0,184.0,2.0,0.73,22.19,1735.0,289.0,6.9,1.15,10.13,41156.0,766.0,85.38,1.59,1.13,31319.0,1099.0,64.97,2.28,2.13,13020.0,1017.0,27.01,2.11,4.75,7049.0,766.0,14.62,1.59,6.61,23201.0,732.0,47.84,1.51,1.92,25294.0,732.0,52.16,1.51,1.76,2036.0,354.0,4.2,0.73,10.57,1282.0,257.0,2.64,0.53,12.2,1128.0,296.0,2.33,0.61,15.92,1151.0,359.0,2.37,0.74,18.98,3024.0,427.0,6.24,0.88,8.57,16108.0,931.0,33.22,1.92,3.51,8968.0,674.0,18.49,1.39,4.57,5175.0,543.0,10.67,1.12,6.38,1926.0,310.0,3.97,0.64,9.8,1767.0,315.0,3.64,0.65,10.86,3432.0,441.0,7.08,0.91,7.81,1585.0,301.0,3.27,0.62,11.53,899.0,218.0,1.85,0.45,14.79,43347.0,572.0,89.38,1.18,0.8,5928.0,572.0,12.22,1.18,5.87,31380.0,1212.0,64.71,2.5,2.35,1221.0,407.0,2.52,0.84,20.26,59.0,107.0,0.12,0.22,111.45,8955.0,999.0,18.47,2.06,6.78,0.0,,0.0,,,4846.0,912.0,9.99,1.88,11.44,2033.0,558.0,4.19,1.15,16.68,12102.0,1111.0,24.96,2.29,5.58,36393.0,1111.0,75.04,2.29,1.86,25066.0,1101.0,51.69,2.27,2.67,741.0,199.0,1.53,0.41,16.29,24.0,102.0,0.05,0.21,255.32,8908.0,999.0,18.37,2.06,6.82,0.0,,0.0,,,352.0,204.0,0.73,0.42,34.98,1291.0,495.0,2.66,1.02,23.31
159,Astoria (East)-Woodside (North),QN0104,Astoria (East)-Woodside (North),16860.0,,100,,,3163.0,261.0,18.76,1.55,5.02,7291.0,504.0,19.09,1.32,4.2,373.0,106.0,5.12,1.46,17.33,285.0,106.0,3.91,1.45,22.54,2289.0,210.0,31.39,2.88,5.58,1124.0,179.0,15.42,2.45,9.66,3222.0,238.0,44.19,3.27,4.5,29352.0,977.0,76.87,2.56,2.02,3259.0,379.0,11.1,1.29,7.06,2060.0,291.0,7.02,0.99,8.57,6876.0,473.0,23.43,1.61,4.18,11604.0,499.0,39.53,1.7,2.61,32792.0,1187.0,85.88,3.11,2.2,508.0,111.0,1.55,0.34,13.33,38183.0,0.0,100.0,0.0,0.0,3517.0,340.0,9.21,0.89,5.87,5391.0,470.0,14.12,1.23,5.3,220.0,109.0,4.08,2.02,30.1,27580.0,599.0,72.23,1.57,1.32,1482.0,207.0,5.37,0.75,8.49,5212.0,344.0,13.65,0.9,4.01,1816.0,194.0,34.84,3.72,6.49,37828.0,1199.0,99.07,3.14,1.93,33660.0,420.0,88.98,1.11,0.76,3801.0,409.0,10.05,1.08,6.53,377.0,125.0,1.0,0.33,20.06,38183.0,,100,,,20969.0,695.0,54.92,1.82,2.01,19838.0,668.0,51.96,1.75,2.05,1127.0,195.0,2.95,0.51,10.51,17214.0,748.0,45.08,1.96,2.64,9085.0,492.0,52.78,2.86,3.29,8129.0,492.0,47.22,2.86,3.68,5039.0,448.0,29.27,2.6,5.4,4996.0,522.0,29.02,3.03,6.35,851.0,210.0,4.94,1.22,15.01,11.0,103.0,0.06,0.6,607.9,6270.0,546.0,36.42,3.17,5.29,44.0,88.0,0.26,0.51,119.24,36551.0,1184.0,95.73,3.1,1.97,14228.0,720.0,38.93,1.97,3.08,10503.0,643.0,28.74,1.76,3.72,8477.0,702.0,23.19,1.92,5.03,33275.0,1229.0,87.15,3.22,2.25,22932.0,469.0,68.92,1.41,1.24,21273.0,496.0,63.93,1.49,1.42,1665.0,213.0,5.0,0.64,7.78,0.0,,0.0,,,10343.0,469.0,31.08,1.41,2.76,,,7.26,0.92,7.78,20765.0,481.0,54.38,1.26,1.41,3000.0,297.0,14.45,1.43,6.02,751.0,185.0,3.62,0.89,14.95,14605.0,392.0,70.34,1.89,1.63,1456.0,224.0,7.01,1.08,9.37,548.0,129.0,2.64,0.62,14.28,21270.0,466.0,55.71,1.22,1.33,20.0,100.0,0.09,0.47,317.46,1318.0,242.0,6.2,1.14,11.18,617.0,143.0,2.9,0.67,14.04,378.0,98.0,1.78,0.46,15.71,1997.0,251.0,9.39,1.18,7.64,1171.0,196.0,5.51,0.92,10.15,1075.0,174.0,5.05,0.82,9.87,1827.0,234.0,8.59,1.1,7.78,3168.0,296.0,14.89,1.39,5.67,4196.0,342.0,19.73,1.61,4.96,3518.0,328.0,16.54,1.54,5.66,1334.0,198.0,6.27,0.93,9.02,654.0,151.0,3.07,0.71,14.06,1132.0,175.0,6.71,1.04,9.42,785.0,165.0,4.66,0.98,12.78,1926.0,229.0,11.42,1.36,7.24,1534.0,211.0,9.1,1.25,8.35,2009.0,239.0,11.92,1.42,7.24,3258.0,275.0,19.32,1.63,5.13,2460.0,256.0,14.59,1.52,6.33,2140.0,238.0,12.69,1.41,6.75,1006.0,153.0,5.97,0.91,9.27,606.0,116.0,3.59,0.69,11.68,13504.0,275.0,80.09,1.63,1.24,4055.0,292.0,24.05,1.73,4.37,2045.0,223.0,12.13,1.32,6.62,719.0,137.0,4.26,0.81,11.56,584.0,148.0,3.46,0.88,15.46,1758.0,224.0,10.43,1.33,7.75,32377.0,523.0,84.79,1.37,0.98,20778.0,764.0,54.42,2.0,2.23,14101.0,729.0,36.93,1.91,3.14,5806.0,523.0,15.21,1.37,5.48,19287.0,481.0,50.51,1.26,1.52,18896.0,481.0,49.49,1.26,1.55,1632.0,241.0,4.27,0.63,8.97,1335.0,195.0,3.5,0.51,8.86,1670.0,256.0,4.37,0.67,9.32,1328.0,214.0,3.48,0.56,9.78,2867.0,332.0,7.51,0.87,7.04,9583.0,569.0,25.1,1.49,3.61,5803.0,431.0,15.2,1.13,4.52,4668.0,370.0,12.23,0.97,4.82,2234.0,283.0,5.85,0.74,7.69,1864.0,256.0,4.88,0.67,8.35,2819.0,294.0,7.38,0.77,6.34,1738.0,233.0,4.55,0.61,8.15,636.0,160.0,1.67,0.42,15.29,32792.0,416.0,85.88,1.09,0.77,5212.0,412.0,13.65,1.08,4.81,25030.0,874.0,65.55,2.29,2.12,1807.0,294.0,4.73,0.77,9.9,104.0,111.0,0.27,0.29,65.29,7108.0,729.0,18.62,1.91,6.24,53.0,130.0,0.14,0.34,147.63,3107.0,519.0,8.14,1.36,10.16,973.0,187.0,2.55,0.49,11.68,10383.0,764.0,27.19,2.0,4.47,27800.0,764.0,72.81,2.0,1.67,18609.0,832.0,48.74,2.18,2.72,1386.0,237.0,3.63,0.62,10.38,28.0,111.0,0.07,0.29,251.85,7061.0,729.0,18.49,1.91,6.28,53.0,130.0,0.14,0.34,147.63,79.0,95.0,0.21,0.25,72.37,567.0,149.0,1.48,0.39,16.02
160,Queensbridge-Ravenswood-Dutch Kills,QN0105,Queensbridge-Ravenswood-Dutch Kills,13861.0,,100,,,3276.0,312.0,23.63,2.25,5.79,6308.0,604.0,24.14,2.31,5.82,362.0,127.0,5.74,2.02,21.39,232.0,88.0,3.68,1.4,23.13,2428.0,257.0,38.49,4.08,6.44,1142.0,207.0,18.1,3.28,11.02,2148.0,272.0,34.05,4.31,7.69,18626.0,854.0,71.29,3.27,2.79,2194.0,356.0,11.78,1.91,9.86,2053.0,313.0,11.02,1.68,9.27,5196.0,428.0,27.9,2.3,5.01,5471.0,378.0,29.37,2.03,4.2,21319.0,1040.0,81.6,3.98,2.97,416.0,117.0,1.95,0.55,17.15,26120.0,18.0,99.97,0.07,0.04,3476.0,431.0,13.31,1.65,7.54,4806.0,515.0,18.39,1.97,6.51,215.0,106.0,4.47,2.2,29.92,17973.0,551.0,68.79,2.11,1.86,1720.0,302.0,9.57,1.68,10.67,3346.0,308.0,12.81,1.18,5.6,1541.0,196.0,46.06,5.87,7.75,25939.0,1163.0,99.28,4.45,2.73,22829.0,472.0,88.01,1.82,1.26,2854.0,462.0,11.0,1.78,9.84,256.0,109.0,0.99,0.42,25.79,26127.0,,100,,,16388.0,583.0,62.72,2.23,2.16,15132.0,585.0,57.92,2.24,2.35,1259.0,264.0,4.82,1.01,12.74,9739.0,598.0,37.28,2.29,3.73,5199.0,344.0,53.38,3.53,4.02,4540.0,344.0,46.61,3.53,4.6,889.0,177.0,9.13,1.82,12.12,3527.0,355.0,36.21,3.64,6.11,440.0,159.0,4.52,1.63,21.92,18.0,90.0,0.18,0.92,310.71,4814.0,362.0,49.43,3.72,4.57,48.0,91.0,0.49,0.93,115.38,24873.0,1246.0,95.2,4.77,3.05,11060.0,766.0,44.47,3.08,4.21,7163.0,572.0,28.8,2.3,4.85,7548.0,756.0,30.35,3.04,6.09,21796.0,1097.0,83.42,4.2,3.06,13615.0,506.0,62.46,2.32,2.26,11787.0,482.0,54.08,2.21,2.48,1828.0,329.0,8.39,1.51,10.94,0.0,,0.0,,,8181.0,506.0,37.53,2.32,3.76,,,13.43,2.36,10.94,11392.0,442.0,43.6,1.69,2.36,1365.0,205.0,11.98,1.8,9.13,310.0,111.0,2.72,0.97,21.68,8012.0,306.0,70.33,2.69,2.33,1089.0,199.0,9.56,1.75,11.13,293.0,106.0,2.57,0.93,22.0,11789.0,431.0,45.12,1.65,2.22,15.0,93.0,0.13,0.79,369.42,555.0,156.0,4.71,1.32,17.04,390.0,107.0,3.31,0.91,16.71,332.0,126.0,2.82,1.07,23.07,1261.0,219.0,10.7,1.86,10.57,967.0,191.0,8.2,1.62,12.01,403.0,125.0,3.42,1.06,18.84,726.0,153.0,6.16,1.3,12.83,1362.0,211.0,11.55,1.79,9.42,2655.0,312.0,22.52,2.65,7.15,1813.0,252.0,15.38,2.14,8.46,903.0,205.0,7.66,1.74,13.81,401.0,117.0,3.4,0.99,17.7,1904.0,294.0,13.74,2.12,9.38,1299.0,236.0,9.37,1.7,11.03,1718.0,263.0,12.39,1.9,9.32,1402.0,255.0,10.11,1.84,11.06,1604.0,236.0,11.57,1.7,8.93,1957.0,287.0,14.12,2.07,8.91,1270.0,222.0,9.16,1.6,10.62,1336.0,212.0,9.64,1.53,9.65,506.0,147.0,3.65,1.06,17.65,519.0,150.0,3.74,1.08,17.55,10192.0,316.0,73.53,2.28,1.88,3104.0,297.0,22.39,2.14,5.81,1203.0,205.0,8.68,1.48,10.37,1629.0,298.0,11.75,2.15,11.12,949.0,213.0,6.85,1.54,13.67,3885.0,363.0,28.03,2.62,5.68,23174.0,400.0,88.72,1.53,1.05,12107.0,690.0,46.35,2.64,3.46,13523.0,616.0,51.77,2.36,2.77,2946.0,400.0,11.28,1.53,8.25,12341.0,449.0,47.23,1.72,2.21,13786.0,449.0,52.77,1.72,1.98,1254.0,227.0,4.8,0.87,11.02,1515.0,251.0,5.8,0.96,10.06,1382.0,248.0,5.29,0.95,10.92,1444.0,269.0,5.53,1.03,11.32,1916.0,306.0,7.33,1.17,9.7,4916.0,431.0,18.82,1.65,5.33,3297.0,308.0,12.62,1.18,5.68,4159.0,455.0,15.92,1.74,6.64,1380.0,209.0,5.28,0.8,9.21,1533.0,293.0,5.87,1.12,11.6,1963.0,282.0,7.51,1.08,8.74,1015.0,199.0,3.88,0.76,11.91,366.0,131.0,1.4,0.5,21.71,21319.0,447.0,81.6,1.71,1.27,3346.0,361.0,12.81,1.38,6.55,10245.0,745.0,39.21,2.85,4.42,5504.0,724.0,21.07,2.77,7.99,209.0,186.0,0.8,0.71,53.95,4946.0,559.0,18.93,2.14,6.87,46.0,102.0,0.18,0.39,131.71,3969.0,679.0,15.19,2.6,10.41,1203.0,324.0,4.6,1.24,16.39,9494.0,849.0,36.34,3.25,5.44,16633.0,849.0,63.66,3.25,3.1,5885.0,520.0,22.52,1.99,5.37,4946.0,713.0,18.93,2.73,8.77,91.0,133.0,0.35,0.51,88.58,4794.0,546.0,18.35,2.09,6.92,38.0,107.0,0.15,0.41,166.16,202.0,188.0,0.77,0.72,56.84,676.0,222.0,2.59,0.85,19.95
161,Rikers Island,QN0151,Rikers Island,1.0,,100,,,0.0,,0.0,,,0.0,,0.0,,,0.0,,,,,0.0,,,,,0.0,,,,,0.0,,,,,0.0,,,,,5320.0,158.0,70.9,2.1,1.81,596.0,112.0,11.2,2.1,11.4,2543.0,229.0,47.8,4.3,5.47,1383.0,202.0,26.0,3.8,8.88,74.0,48.0,1.39,0.9,39.36,7233.0,107.0,96.4,1.43,0.9,72.0,43.0,1.0,0.6,36.47,0.0,,0.0,,,0.0,,,,,0.0,,0.0,,,0.0,,,,,0.0,,0.0,,,0.0,,,,,0.0,,0.0,,,0.0,,,,,7503.0,0.0,100.0,0.0,0.0,1268.0,203.0,16.9,2.7,9.71,6235.0,203.0,83.1,2.7,1.98,0.0,,0.0,,,7503.0,,100,,,6288.0,210.0,83.81,2.8,2.03,5815.0,248.0,77.5,3.3,2.59,473.0,128.0,6.3,1.7,16.4,1215.0,219.0,16.19,2.92,10.96,346.0,95.0,28.47,7.8,16.65,869.0,95.0,71.49,7.8,6.63,122.0,50.0,10.04,4.1,24.82,88.0,50.0,7.24,4.1,34.43,56.0,32.0,4.61,2.6,34.29,9.0,15.0,0.74,1.2,98.58,943.0,69.0,77.58,5.7,4.47,0.0,,0.0,,,7503.0,0.0,100.0,0.0,0.0,5395.0,225.0,71.9,3.0,2.54,1786.0,218.0,23.8,2.9,7.41,1853.0,203.0,24.7,2.7,6.65,7503.0,0.0,100.0,0.0,0.0,0.0,,0.0,,,0.0,,0.0,,,0.0,,0.0,,,0.0,,0.0,,,7503.0,30.0,100.0,0.4,0.24,,,,,,0.0,,0.0,,,0.0,,,,,0.0,,,,,0.0,,,,,0.0,,,,,0.0,,,,,0.0,,0.0,,,0.0,,,,,0.0,,,,,0.0,,,,,0.0,,,,,0.0,,,,,0.0,,,,,0.0,,,,,0.0,,,,,0.0,,,,,0.0,,,,,0.0,,,,,0.0,,,,,0.0,,,,,0.0,,0.0,,,0.0,,0.0,,,0.0,,0.0,,,0.0,,0.0,,,0.0,,0.0,,,0.0,,0.0,,,0.0,,0.0,,,0.0,,0.0,,,0.0,,0.0,,,0.0,,0.0,,,0.0,,0.0,,,0.0,,0.0,,,0.0,,0.0,,,0.0,,0.0,,,0.0,,0.0,,,0.0,,0.0,,,0.0,,,,,0.0,,,,,0.0,,,,,0.0,,,,,6993.0,150.0,93.2,2.0,1.3,510.0,150.0,6.8,2.0,17.88,0.0,,0.0,,,0.0,,0.0,,,0.0,,0.0,,,878.0,150.0,11.7,2.0,10.39,1306.0,180.0,17.41,2.4,8.38,2108.0,240.0,28.1,3.2,6.92,1448.0,195.0,19.3,2.6,8.19,1298.0,180.0,17.3,2.4,8.43,308.0,90.0,4.11,1.2,17.75,128.0,53.0,1.71,0.7,24.88,23.0,30.0,0.31,0.4,78.44,8.0,15.0,0.11,0.2,110.53,0.0,,0.0,,,7233.0,98.0,96.4,1.3,0.82,30.0,30.0,0.4,0.4,60.79,930.0,180.0,12.4,2.4,11.77,4697.0,225.0,62.6,3.0,2.91,15.0,15.0,0.2,0.2,60.79,135.0,60.0,1.8,0.8,27.02,0.0,,0.0,,,1613.0,203.0,21.5,2.7,7.63,113.0,53.0,1.51,0.7,28.18,2243.0,195.0,29.89,2.6,5.29,5260.0,195.0,70.11,2.6,2.25,510.0,128.0,6.8,1.7,15.2,4494.0,218.0,59.9,2.9,2.94,15.0,15.0,0.2,0.2,60.79,135.0,60.0,1.8,0.8,27.02,0.0,,0.0,,,38.0,30.0,0.51,0.4,47.68,75.0,38.0,1.0,0.5,30.4
162,Sunnyside Yards (North),QN0161,Sunnyside Yards (North),0.0,,100,,,0.0,,,,,0.0,,,,,0.0,,,,,0.0,,,,,0.0,,,,,0.0,,,,,0.0,,,,,0.0,,,,,0.0,,,,,0.0,,,,,0.0,,,,,0.0,,,,,0.0,,,,,0.0,,,,,0.0,,,,,0.0,,,,,0.0,,,,,0.0,,,,,0.0,,,,,0.0,,,,,0.0,,,,,0.0,,,,,0.0,,,,,0.0,,,,,0.0,,,,,0.0,,,,,0.0,,100,,,0.0,,,,,0.0,,,,,0.0,,,,,0.0,,,,,0.0,,,,,0.0,,,,,0.0,,,,,0.0,,,,,0.0,,,,,0.0,,,,,0.0,,,,,0.0,,,,,0.0,,,,,0.0,,,,,0.0,,,,,0.0,,,,,0.0,,,,,0.0,,,,,0.0,,,,,0.0,,,,,0.0,,,,,0.0,,,,,,,,,,0.0,,,,,0.0,,,,,0.0,,,,,0.0,,,,,0.0,,,,,0.0,,,,,0.0,,,,,0.0,,,,,0.0,,,,,0.0,,,,,0.0,,,,,0.0,,,,,0.0,,,,,0.0,,,,,0.0,,,,,0.0,,,,,0.0,,,,,0.0,,,,,0.0,,,,,0.0,,,,,0.0,,,,,0.0,,,,,0.0,,,,,0.0,,,,,0.0,,,,,0.0,,,,,0.0,,,,,0.0,,,,,0.0,,,,,0.0,,,,,0.0,,,,,0.0,,,,,0.0,,,,,0.0,,,,,0.0,,,,,0.0,,,,,0.0,,,,,0.0,,,,,0.0,,,,,0.0,,,,,0.0,,,,,0.0,,,,,0.0,,,,,0.0,,,,,0.0,,,,,0.0,,,,,0.0,,,,,0.0,,,,,0.0,,,,,0.0,,,,,0.0,,,,,0.0,,,,,0.0,,,,,0.0,,,,,0.0,,,,,0.0,,,,,0.0,,,,,0.0,,,,,0.0,,,,,0.0,,,,,0.0,,,,,0.0,,,,,0.0,,,,,0.0,,,,,0.0,,,,,0.0,,,,,0.0,,,,,0.0,,,,,0.0,,,,,0.0,,,,,0.0,,,,,0.0,,,,,0.0,,,,
163,St. Michael's Cemetery,QN0171,St. Michael's Cemetery,0.0,,100,,,0.0,,,,,0.0,,,,,0.0,,,,,0.0,,,,,0.0,,,,,0.0,,,,,0.0,,,,,0.0,,,,,0.0,,,,,0.0,,,,,0.0,,,,,0.0,,,,,0.0,,,,,0.0,,,,,0.0,,,,,0.0,,,,,0.0,,,,,0.0,,,,,0.0,,,,,0.0,,,,,0.0,,,,,0.0,,,,,0.0,,,,,0.0,,,,,0.0,,,,,0.0,,,,,0.0,,100,,,0.0,,,,,0.0,,,,,0.0,,,,,0.0,,,,,0.0,,,,,0.0,,,,,0.0,,,,,0.0,,,,,0.0,,,,,0.0,,,,,0.0,,,,,0.0,,,,,0.0,,,,,0.0,,,,,0.0,,,,,0.0,,,,,0.0,,,,,0.0,,,,,0.0,,,,,0.0,,,,,0.0,,,,,0.0,,,,,,,,,,0.0,,,,,0.0,,,,,0.0,,,,,0.0,,,,,0.0,,,,,0.0,,,,,0.0,,,,,0.0,,,,,0.0,,,,,0.0,,,,,0.0,,,,,0.0,,,,,0.0,,,,,0.0,,,,,0.0,,,,,0.0,,,,,0.0,,,,,0.0,,,,,0.0,,,,,0.0,,,,,0.0,,,,,0.0,,,,,0.0,,,,,0.0,,,,,0.0,,,,,0.0,,,,,0.0,,,,,0.0,,,,,0.0,,,,,0.0,,,,,0.0,,,,,0.0,,,,,0.0,,,,,0.0,,,,,0.0,,,,,0.0,,,,,0.0,,,,,0.0,,,,,0.0,,,,,0.0,,,,,0.0,,,,,0.0,,,,,0.0,,,,,0.0,,,,,0.0,,,,,0.0,,,,,0.0,,,,,0.0,,,,,0.0,,,,,0.0,,,,,0.0,,,,,0.0,,,,,0.0,,,,,0.0,,,,,0.0,,,,,0.0,,,,,0.0,,,,,0.0,,,,,0.0,,,,,0.0,,,,,0.0,,,,,0.0,,,,,0.0,,,,,0.0,,,,,0.0,,,,,0.0,,,,,0.0,,,,,0.0,,,,,0.0,,,,,0.0,,,,,0.0,,,,,0.0,,,,,0.0,,,,
164,Astoria Park,QN0191,Astoria Park,0.0,,100,,,0.0,,,,,0.0,,,,,0.0,,,,,0.0,,,,,0.0,,,,,0.0,,,,,0.0,,,,,0.0,,,,,0.0,,,,,0.0,,,,,0.0,,,,,0.0,,,,,0.0,,,,,0.0,,,,,0.0,,,,,0.0,,,,,0.0,,,,,0.0,,,,,0.0,,,,,0.0,,,,,0.0,,,,,0.0,,,,,0.0,,,,,0.0,,,,,0.0,,,,,0.0,,,,,0.0,,100,,,0.0,,,,,0.0,,,,,0.0,,,,,0.0,,,,,0.0,,,,,0.0,,,,,0.0,,,,,0.0,,,,,0.0,,,,,0.0,,,,,0.0,,,,,0.0,,,,,0.0,,,,,0.0,,,,,0.0,,,,,0.0,,,,,0.0,,,,,0.0,,,,,0.0,,,,,0.0,,,,,0.0,,,,,0.0,,,,,,,,,,0.0,,,,,0.0,,,,,0.0,,,,,0.0,,,,,0.0,,,,,0.0,,,,,0.0,,,,,0.0,,,,,0.0,,,,,0.0,,,,,0.0,,,,,0.0,,,,,0.0,,,,,0.0,,,,,0.0,,,,,0.0,,,,,0.0,,,,,0.0,,,,,0.0,,,,,0.0,,,,,0.0,,,,,0.0,,,,,0.0,,,,,0.0,,,,,0.0,,,,,0.0,,,,,0.0,,,,,0.0,,,,,0.0,,,,,0.0,,,,,0.0,,,,,0.0,,,,,0.0,,,,,0.0,,,,,0.0,,,,,0.0,,,,,0.0,,,,,0.0,,,,,0.0,,,,,0.0,,,,,0.0,,,,,0.0,,,,,0.0,,,,,0.0,,,,,0.0,,,,,0.0,,,,,0.0,,,,,0.0,,,,,0.0,,,,,0.0,,,,,0.0,,,,,0.0,,,,,0.0,,,,,0.0,,,,,0.0,,,,,0.0,,,,,0.0,,,,,0.0,,,,,0.0,,,,,0.0,,,,,0.0,,,,,0.0,,,,,0.0,,,,,0.0,,,,,0.0,,,,,0.0,,,,,0.0,,,,,0.0,,,,,0.0,,,,,0.0,,,,,0.0,,,,,0.0,,,,,0.0,,,,
165,Long Island City-Hunters Point,QN0201,Long Island City-Hunters Point,16289.0,,100,,,2121.0,376.0,13.02,2.31,10.79,1679.0,375.0,11.55,2.58,13.58,169.0,91.0,10.07,5.43,32.78,108.0,87.0,6.43,5.18,48.97,478.0,140.0,28.47,8.32,17.77,87.0,77.0,5.18,4.59,53.87,835.0,192.0,49.74,11.43,13.97,11884.0,913.0,81.77,6.28,4.67,255.0,156.0,2.15,1.31,37.04,179.0,81.0,1.51,0.68,27.38,818.0,241.0,6.88,2.03,17.94,9183.0,391.0,77.27,3.29,2.59,12532.0,964.0,86.23,6.63,4.68,259.0,133.0,2.07,1.06,31.13,14534.0,0.0,100.0,0.0,0.0,567.0,167.0,3.9,1.15,17.93,2002.0,401.0,13.77,2.76,12.18,14.0,46.0,0.7,2.3,199.74,11686.0,927.0,80.4,6.38,4.82,357.0,126.0,3.05,1.08,21.53,840.0,208.0,5.78,1.43,15.05,197.0,90.0,23.45,10.76,27.89,14292.0,942.0,98.33,6.48,4.01,10740.0,502.0,75.14,3.51,2.84,3202.0,482.0,22.4,3.37,9.15,350.0,184.0,2.45,1.29,32.01,14534.0,,100,,,9537.0,528.0,65.62,3.63,3.36,8997.0,522.0,61.9,3.59,3.53,547.0,190.0,3.76,1.31,21.18,4997.0,475.0,34.38,3.27,5.78,1852.0,259.0,37.06,5.19,8.51,3145.0,259.0,62.94,5.19,5.01,1724.0,296.0,34.5,5.92,10.43,2239.0,285.0,44.81,5.7,7.73,20.0,37.0,0.4,0.75,113.98,153.0,107.0,3.06,2.14,42.51,786.0,214.0,15.73,4.29,16.58,74.0,52.0,1.48,1.04,42.72,13211.0,1055.0,90.9,7.26,4.85,7962.0,511.0,60.27,3.87,3.9,1456.0,324.0,11.02,2.45,13.52,1128.0,246.0,8.54,1.86,13.24,12583.0,962.0,86.58,6.62,4.65,10359.0,361.0,82.33,2.87,2.12,9901.0,372.0,78.69,2.96,2.29,457.0,142.0,3.63,1.13,18.92,0.0,,0.0,,,2224.0,361.0,17.67,2.87,9.87,,,4.41,1.36,18.89,9719.0,240.0,66.87,1.65,1.5,1117.0,217.0,11.49,2.23,11.8,165.0,84.0,1.7,0.86,30.75,7522.0,295.0,77.39,3.04,2.39,446.0,167.0,4.59,1.72,22.78,309.0,94.0,3.18,0.97,18.54,9904.0,208.0,68.14,1.43,1.28,0.0,,0.0,,,41.0,37.0,0.41,0.37,54.86,225.0,96.0,2.27,0.97,25.98,128.0,70.0,1.29,0.71,33.46,745.0,188.0,7.52,1.9,15.36,156.0,99.0,1.58,1.0,38.47,581.0,164.0,5.87,1.66,17.19,1848.0,280.0,18.66,2.83,9.22,2779.0,365.0,28.06,3.69,7.99,1752.0,275.0,17.69,2.78,9.55,929.0,204.0,9.38,2.06,13.35,402.0,151.0,4.06,1.52,22.76,309.0,134.0,3.12,1.35,26.3,883.0,313.0,5.42,1.92,21.53,453.0,228.0,2.78,1.4,30.61,563.0,241.0,3.46,1.48,26.0,487.0,254.0,2.99,1.56,31.72,864.0,334.0,5.3,2.05,23.51,1826.0,490.0,11.21,3.01,16.32,1339.0,319.0,8.22,1.96,14.5,3641.0,552.0,22.35,3.39,9.22,2438.0,435.0,14.97,2.67,10.84,3808.0,562.0,23.38,3.45,8.97,14726.0,394.0,90.4,2.42,1.63,1373.0,355.0,8.43,2.18,15.72,846.0,257.0,5.19,1.58,18.51,234.0,165.0,1.44,1.01,42.64,164.0,231.0,1.01,1.42,85.47,259.0,140.0,1.59,0.86,32.88,13337.0,384.0,91.76,2.64,1.75,12463.0,413.0,85.75,2.84,2.01,1569.0,340.0,10.8,2.34,13.17,1197.0,384.0,8.24,2.64,19.48,7652.0,387.0,52.65,2.66,3.07,6882.0,387.0,47.35,2.66,3.42,1323.0,217.0,9.1,1.49,9.95,425.0,183.0,2.92,1.26,26.23,138.0,99.0,0.95,0.68,43.51,201.0,113.0,1.38,0.78,34.36,565.0,163.0,3.89,1.12,17.5,5143.0,488.0,35.39,3.36,5.77,3376.0,349.0,23.23,2.4,6.28,1324.0,265.0,9.11,1.82,12.14,573.0,212.0,3.94,1.46,22.53,621.0,179.0,4.27,1.23,17.51,462.0,134.0,3.18,0.92,17.59,256.0,141.0,1.76,0.97,33.5,114.0,65.0,0.78,0.45,35.07,12532.0,334.0,86.23,2.3,1.62,840.0,214.0,5.78,1.47,15.46,9504.0,586.0,65.39,4.03,3.75,519.0,304.0,3.57,2.09,35.59,0.0,,0.0,,,3378.0,523.0,23.24,3.6,9.42,0.0,,0.0,,,372.0,169.0,2.56,1.16,27.55,760.0,205.0,5.23,1.41,16.39,1638.0,311.0,11.27,2.14,11.54,12896.0,311.0,88.73,2.14,1.47,8402.0,589.0,57.81,4.05,4.26,454.0,299.0,3.12,2.06,40.14,0.0,,0.0,,,3355.0,523.0,23.08,3.6,9.48,0.0,,0.0,,,122.0,87.0,0.84,0.6,43.42,563.0,176.0,3.87,1.21,19.01
166,Sunnyside,QN0202,Sunnyside,21460.0,,100,,,4815.0,397.0,22.44,1.85,5.01,10454.0,739.0,19.95,1.41,4.3,522.0,176.0,4.99,1.68,20.47,640.0,214.0,6.12,2.05,20.36,3694.0,360.0,35.34,3.44,5.92,1836.0,259.0,17.56,2.48,8.59,3762.0,397.0,35.99,3.8,6.42,39801.0,1807.0,75.97,3.45,2.76,4149.0,482.0,10.42,1.21,7.06,3855.0,490.0,9.69,1.23,7.72,9842.0,700.0,24.73,1.76,4.33,14191.0,772.0,35.65,1.94,3.31,43554.0,2033.0,83.14,3.88,2.84,931.0,205.0,2.14,0.47,13.35,52033.0,141.0,99.32,0.27,0.16,3382.0,473.0,6.5,0.91,8.51,8834.0,828.0,16.86,1.58,5.7,158.0,155.0,1.79,1.75,59.43,37581.0,843.0,71.74,1.61,1.36,1635.0,297.0,4.35,0.79,11.04,5620.0,482.0,10.73,0.92,5.21,1592.0,211.0,28.33,3.75,8.05,51890.0,1231.0,99.05,2.35,1.44,47281.0,586.0,91.12,1.13,0.75,4025.0,555.0,7.76,1.07,8.38,587.0,197.0,1.13,0.38,20.44,52388.0,,100,,,24842.0,1027.0,47.42,1.96,2.51,23633.0,1016.0,45.11,1.94,2.61,1208.0,251.0,2.31,0.48,12.63,27546.0,1095.0,52.58,2.09,2.42,11715.0,832.0,42.53,3.02,4.32,15831.0,832.0,57.47,3.02,3.19,3503.0,460.0,12.72,1.67,7.98,10867.0,854.0,39.45,3.1,4.78,359.0,190.0,1.3,0.69,32.27,31.0,107.0,0.11,0.39,215.53,12675.0,887.0,46.01,3.22,4.25,99.0,99.0,0.36,0.36,60.79,49679.0,2279.0,94.83,4.35,2.79,15249.0,964.0,30.7,1.94,3.84,19588.0,974.0,39.43,1.96,3.02,18067.0,1222.0,36.37,2.46,4.11,44338.0,2090.0,84.63,3.99,2.87,31492.0,687.0,71.03,1.55,1.33,29949.0,723.0,67.55,1.63,1.47,1534.0,262.0,3.46,0.59,10.37,0.0,,0.0,,,12846.0,687.0,28.97,1.55,3.25,,,4.87,0.83,10.38,29602.0,770.0,56.51,1.47,1.58,3992.0,453.0,13.49,1.53,6.89,830.0,231.0,2.8,0.78,16.93,21277.0,568.0,71.88,1.92,1.62,1745.0,317.0,5.89,1.07,11.04,920.0,234.0,3.11,0.79,15.44,29950.0,760.0,57.17,1.45,1.54,48.0,108.0,0.16,0.36,136.78,1867.0,347.0,6.23,1.16,11.32,1341.0,282.0,4.48,0.94,12.76,659.0,168.0,2.2,0.56,15.47,2746.0,389.0,9.17,1.3,8.62,2114.0,344.0,7.06,1.15,9.9,1533.0,291.0,5.12,0.97,11.52,2128.0,297.0,7.11,0.99,8.46,4157.0,449.0,13.88,1.5,6.57,4975.0,437.0,16.61,1.46,5.34,5570.0,548.0,18.6,1.83,5.98,2065.0,371.0,6.89,1.24,10.94,758.0,207.0,2.53,0.69,16.58,1058.0,197.0,4.93,0.92,11.34,920.0,208.0,4.29,0.97,13.75,2277.0,311.0,10.61,1.45,8.31,2024.0,296.0,9.43,1.38,8.9,2950.0,335.0,13.75,1.56,6.9,4321.0,408.0,20.14,1.9,5.73,2953.0,328.0,13.76,1.53,6.76,3004.0,354.0,14.0,1.65,7.16,1107.0,225.0,5.16,1.05,12.37,836.0,215.0,3.9,1.0,15.59,18226.0,324.0,84.93,1.51,1.08,4041.0,367.0,18.83,1.71,5.52,2060.0,285.0,9.6,1.33,8.42,802.0,204.0,3.74,0.95,15.44,839.0,210.0,3.91,0.98,15.24,2013.0,275.0,9.38,1.28,8.3,41969.0,921.0,80.66,1.77,1.33,25561.0,1202.0,49.12,2.31,2.86,19144.0,1129.0,36.79,2.17,3.59,10063.0,921.0,19.34,1.77,5.56,26245.0,707.0,50.1,1.35,1.64,26143.0,707.0,49.9,1.35,1.64,2709.0,492.0,5.17,0.94,11.05,2512.0,367.0,4.79,0.7,8.88,2302.0,351.0,4.39,0.67,9.28,2092.0,309.0,3.99,0.59,8.99,2976.0,372.0,5.68,0.71,7.6,11347.0,828.0,21.66,1.58,4.43,10122.0,697.0,19.32,1.33,4.18,7042.0,597.0,13.44,1.14,5.16,3062.0,414.0,5.84,0.79,8.22,2610.0,361.0,4.98,0.69,8.42,3270.0,372.0,6.24,0.71,6.92,1798.0,330.0,3.43,0.63,11.17,560.0,147.0,1.07,0.28,15.91,43554.0,702.0,83.14,1.34,0.98,5625.0,555.0,10.74,1.06,6.0,32357.0,1284.0,61.76,2.45,2.41,1311.0,388.0,2.5,0.74,17.99,120.0,147.0,0.23,0.28,74.01,12402.0,1147.0,23.67,2.19,5.62,0.0,,0.0,,,4669.0,786.0,8.91,1.5,10.23,1515.0,393.0,2.89,0.75,15.78,21244.0,1294.0,40.55,2.47,3.7,31144.0,1294.0,59.45,2.47,2.53,16831.0,1053.0,32.13,2.01,3.8,791.0,272.0,1.51,0.52,20.93,73.0,152.0,0.14,0.29,125.92,12349.0,1147.0,23.57,2.19,5.65,0.0,,0.0,,,103.0,105.0,0.2,0.2,60.79,984.0,314.0,1.88,0.6,19.4
167,Woodside,QN0203,Woodside,17643.0,,100,,,5521.0,420.0,31.29,2.38,4.62,12336.0,897.0,24.07,1.75,4.42,719.0,228.0,5.83,1.85,19.29,508.0,164.0,4.12,1.33,19.62,4345.0,433.0,35.22,3.51,6.06,2187.0,333.0,17.73,2.7,9.26,4581.0,475.0,37.13,3.85,6.3,37150.0,1824.0,72.49,3.56,2.98,5149.0,587.0,13.86,1.58,6.93,3592.0,528.0,9.67,1.42,8.93,10624.0,754.0,28.6,2.03,4.31,10902.0,710.0,29.35,1.91,3.96,41364.0,2188.0,80.72,4.27,3.22,1074.0,215.0,2.6,0.52,12.16,51000.0,143.0,99.52,0.28,0.17,3374.0,444.0,6.62,0.87,7.99,9883.0,846.0,19.29,1.65,5.2,146.0,107.0,1.48,1.08,44.36,34602.0,963.0,67.52,1.88,1.69,1429.0,280.0,4.13,0.81,11.92,6516.0,487.0,12.71,0.95,4.54,1799.0,254.0,27.61,3.9,8.59,50375.0,2680.0,98.3,5.23,3.23,46725.0,771.0,92.75,1.53,1.0,2735.0,670.0,5.43,1.33,14.89,915.0,373.0,1.82,0.74,24.72,51247.0,,100,,,20907.0,974.0,40.8,1.9,2.83,19873.0,943.0,38.78,1.84,2.88,1029.0,282.0,2.01,0.55,16.63,30340.0,1045.0,59.2,2.04,2.09,12024.0,877.0,39.63,2.89,4.43,18316.0,877.0,60.37,2.89,2.91,2362.0,419.0,7.79,1.38,10.77,16267.0,1059.0,53.62,3.49,3.96,273.0,155.0,0.9,0.51,34.45,29.0,100.0,0.1,0.33,200.61,11358.0,1074.0,37.44,3.54,5.75,55.0,121.0,0.18,0.4,135.09,48263.0,2537.0,94.18,4.95,3.2,10460.0,859.0,21.67,1.78,4.99,21512.0,1067.0,44.57,2.21,3.01,16057.0,1414.0,33.27,2.93,5.35,42386.0,2229.0,82.71,4.35,3.2,26758.0,733.0,63.13,1.73,1.67,25012.0,750.0,59.01,1.77,1.82,1740.0,314.0,4.11,0.74,10.95,0.0,,0.0,,,15629.0,733.0,36.87,1.73,2.85,,,6.5,1.16,10.97,24665.0,717.0,48.13,1.4,1.77,5037.0,538.0,20.42,2.18,6.49,1153.0,281.0,4.67,1.14,14.84,16539.0,654.0,67.06,2.65,2.4,1112.0,296.0,4.51,1.2,16.17,410.0,178.0,1.66,0.72,26.37,25005.0,712.0,48.79,1.39,1.73,134.0,140.0,0.54,0.56,63.04,1461.0,310.0,5.84,1.24,12.91,1248.0,288.0,4.99,1.15,14.01,618.0,185.0,2.47,0.74,18.21,2984.0,413.0,11.93,1.65,8.41,2781.0,468.0,11.12,1.87,10.22,593.0,165.0,2.37,0.66,16.93,1704.0,293.0,6.81,1.17,10.44,2794.0,455.0,11.17,1.82,9.9,3912.0,413.0,15.64,1.65,6.41,4227.0,490.0,16.9,1.96,7.05,1936.0,363.0,7.74,1.45,11.39,614.0,158.0,2.46,0.63,15.57,1003.0,236.0,5.68,1.34,14.34,646.0,183.0,3.66,1.04,17.27,1669.0,296.0,9.46,1.68,10.8,2162.0,323.0,12.25,1.83,9.08,2954.0,379.0,16.74,2.15,7.81,3809.0,395.0,21.59,2.24,6.31,2116.0,302.0,11.99,1.71,8.67,2004.0,293.0,11.36,1.66,8.88,700.0,161.0,3.97,0.91,13.93,581.0,159.0,3.29,0.9,16.63,14553.0,360.0,82.49,2.04,1.5,4366.0,362.0,24.75,2.05,5.04,2149.0,300.0,12.18,1.7,8.48,773.0,203.0,4.38,1.15,15.96,690.0,192.0,3.91,1.09,16.95,1823.0,289.0,10.33,1.64,9.65,40689.0,938.0,79.78,1.84,1.4,21888.0,1321.0,42.92,2.59,3.67,21483.0,1163.0,42.12,2.28,3.29,10311.0,938.0,20.22,1.84,5.53,26101.0,671.0,50.93,1.31,1.56,25146.0,671.0,49.07,1.31,1.62,2984.0,456.0,5.82,0.89,9.3,2895.0,395.0,5.65,0.77,8.28,2554.0,343.0,4.98,0.67,8.18,2366.0,364.0,4.62,0.71,9.34,3318.0,482.0,6.47,0.94,8.83,9091.0,830.0,17.74,1.62,5.55,8460.0,635.0,16.51,1.24,4.57,7355.0,656.0,14.35,1.28,5.42,3065.0,451.0,5.98,0.88,8.95,2443.0,364.0,4.77,0.71,9.05,3964.0,487.0,7.74,0.95,7.46,2057.0,297.0,4.01,0.58,8.79,722.0,179.0,1.41,0.35,15.09,41364.0,702.0,80.72,1.37,1.03,6747.0,569.0,13.17,1.11,5.12,23404.0,1548.0,45.67,3.02,4.02,573.0,297.0,1.12,0.58,31.48,163.0,149.0,0.32,0.29,55.09,21085.0,1481.0,41.14,2.89,4.27,6.0,102.0,0.01,0.2,1215.81,4245.0,999.0,8.28,1.95,14.32,1773.0,523.0,3.46,1.02,17.92,18840.0,1578.0,36.76,3.08,5.09,32407.0,1578.0,63.24,3.08,2.96,10225.0,938.0,19.95,1.83,5.58,323.0,154.0,0.63,0.3,28.95,41.0,108.0,0.08,0.21,159.57,20932.0,1471.0,40.85,2.87,4.27,6.0,102.0,0.01,0.2,1215.81,95.0,102.0,0.19,0.2,63.99,786.0,256.0,1.53,0.5,19.87
168,Sunnyside Yards (South),QN0261,Sunnyside Yards (South),0.0,,100,,,0.0,,,,,0.0,,,,,0.0,,,,,0.0,,,,,0.0,,,,,0.0,,,,,0.0,,,,,0.0,,,,,0.0,,,,,0.0,,,,,0.0,,,,,0.0,,,,,0.0,,,,,0.0,,,,,0.0,,,,,0.0,,,,,0.0,,,,,0.0,,,,,0.0,,,,,0.0,,,,,0.0,,,,,0.0,,,,,0.0,,,,,0.0,,,,,0.0,,,,,0.0,,,,,0.0,,100,,,0.0,,,,,0.0,,,,,0.0,,,,,0.0,,,,,0.0,,,,,0.0,,,,,0.0,,,,,0.0,,,,,0.0,,,,,0.0,,,,,0.0,,,,,0.0,,,,,0.0,,,,,0.0,,,,,0.0,,,,,0.0,,,,,0.0,,,,,0.0,,,,,0.0,,,,,0.0,,,,,0.0,,,,,0.0,,,,,,,,,,0.0,,,,,0.0,,,,,0.0,,,,,0.0,,,,,0.0,,,,,0.0,,,,,0.0,,,,,0.0,,,,,0.0,,,,,0.0,,,,,0.0,,,,,0.0,,,,,0.0,,,,,0.0,,,,,0.0,,,,,0.0,,,,,0.0,,,,,0.0,,,,,0.0,,,,,0.0,,,,,0.0,,,,,0.0,,,,,0.0,,,,,0.0,,,,,0.0,,,,,0.0,,,,,0.0,,,,,0.0,,,,,0.0,,,,,0.0,,,,,0.0,,,,,0.0,,,,,0.0,,,,,0.0,,,,,0.0,,,,,0.0,,,,,0.0,,,,,0.0,,,,,0.0,,,,,0.0,,,,,0.0,,,,,0.0,,,,,0.0,,,,,0.0,,,,,0.0,,,,,0.0,,,,,0.0,,,,,0.0,,,,,0.0,,,,,0.0,,,,,0.0,,,,,0.0,,,,,0.0,,,,,0.0,,,,,0.0,,,,,0.0,,,,,0.0,,,,,0.0,,,,,0.0,,,,,0.0,,,,,0.0,,,,,0.0,,,,,0.0,,,,,0.0,,,,,0.0,,,,,0.0,,,,,0.0,,,,,0.0,,,,,0.0,,,,,0.0,,,,,0.0,,,,,0.0,,,,,0.0,,,,
169,Calvary & Mount Zion Cemeteries,QN0271,Calvary & Mount Zion Cemeteries,0.0,,100,,,0.0,,,,,0.0,,,,,0.0,,,,,0.0,,,,,0.0,,,,,0.0,,,,,0.0,,,,,0.0,,,,,0.0,,,,,0.0,,,,,0.0,,,,,0.0,,,,,0.0,,,,,0.0,,,,,0.0,,,,,0.0,,,,,0.0,,,,,0.0,,,,,0.0,,,,,0.0,,,,,0.0,,,,,0.0,,,,,0.0,,,,,0.0,,,,,0.0,,,,,0.0,,,,,0.0,,100,,,0.0,,,,,0.0,,,,,0.0,,,,,0.0,,,,,0.0,,,,,0.0,,,,,0.0,,,,,0.0,,,,,0.0,,,,,0.0,,,,,0.0,,,,,0.0,,,,,0.0,,,,,0.0,,,,,0.0,,,,,0.0,,,,,0.0,,,,,0.0,,,,,0.0,,,,,0.0,,,,,0.0,,,,,0.0,,,,,,,,,,0.0,,,,,0.0,,,,,0.0,,,,,0.0,,,,,0.0,,,,,0.0,,,,,0.0,,,,,0.0,,,,,0.0,,,,,0.0,,,,,0.0,,,,,0.0,,,,,0.0,,,,,0.0,,,,,0.0,,,,,0.0,,,,,0.0,,,,,0.0,,,,,0.0,,,,,0.0,,,,,0.0,,,,,0.0,,,,,0.0,,,,,0.0,,,,,0.0,,,,,0.0,,,,,0.0,,,,,0.0,,,,,0.0,,,,,0.0,,,,,0.0,,,,,0.0,,,,,0.0,,,,,0.0,,,,,0.0,,,,,0.0,,,,,0.0,,,,,0.0,,,,,0.0,,,,,0.0,,,,,0.0,,,,,0.0,,,,,0.0,,,,,0.0,,,,,0.0,,,,,0.0,,,,,0.0,,,,,0.0,,,,,0.0,,,,,0.0,,,,,0.0,,,,,0.0,,,,,0.0,,,,,0.0,,,,,0.0,,,,,0.0,,,,,0.0,,,,,0.0,,,,,0.0,,,,,0.0,,,,,0.0,,,,,0.0,,,,,0.0,,,,,0.0,,,,,0.0,,,,,0.0,,,,,0.0,,,,,0.0,,,,,0.0,,,,,0.0,,,,,0.0,,,,,0.0,,,,,0.0,,,,
170,Jackson Heights,QN0301,Jackson Heights,34855.0,,100,,,10730.0,627.0,30.78,1.8,3.55,22317.0,1191.0,23.04,1.23,3.24,1261.0,310.0,5.65,1.39,14.96,1046.0,292.0,4.69,1.31,16.98,8039.0,629.0,36.02,2.82,4.76,4221.0,449.0,18.91,2.01,6.46,7745.0,614.0,34.7,2.75,4.82,69926.0,2441.0,72.2,2.52,2.12,9677.0,937.0,13.84,1.34,5.89,7041.0,748.0,10.07,1.07,6.46,20601.0,1140.0,29.46,1.63,3.36,18990.0,1049.0,27.16,1.5,3.36,78385.0,2450.0,80.93,2.53,1.9,1333.0,251.0,1.7,0.32,11.44,96570.0,213.0,99.71,0.22,0.13,7566.0,715.0,7.83,0.74,5.75,18470.0,1201.0,19.07,1.24,3.95,446.0,196.0,2.41,1.06,26.74,65179.0,1375.0,67.3,1.42,1.28,3243.0,443.0,4.98,0.68,8.3,12908.0,736.0,13.33,0.76,3.47,3884.0,412.0,30.09,3.19,6.44,95951.0,3090.0,99.07,3.19,1.96,89438.0,979.0,93.21,1.02,0.67,5581.0,912.0,5.82,0.95,9.92,925.0,355.0,0.96,0.37,23.43,96855.0,,100,,,39120.0,1443.0,40.39,1.49,2.24,37101.0,1385.0,38.31,1.43,2.27,1989.0,397.0,2.05,0.41,12.16,57735.0,1463.0,59.61,1.51,1.54,26647.0,1212.0,46.15,2.1,2.77,31089.0,1212.0,53.85,2.1,2.37,3947.0,560.0,6.84,0.97,8.62,17548.0,1207.0,30.39,2.09,4.18,709.0,300.0,1.23,0.52,25.7,114.0,202.0,0.2,0.35,106.38,35260.0,1241.0,61.07,2.15,2.14,137.0,150.0,0.24,0.26,65.86,91298.0,3099.0,94.26,3.2,2.06,16517.0,1123.0,18.09,1.23,4.13,39144.0,1470.0,42.88,1.61,2.28,48287.0,1753.0,52.89,1.92,2.21,80312.0,2450.0,82.92,2.53,1.85,51712.0,1173.0,64.39,1.46,1.38,48489.0,1165.0,60.38,1.45,1.46,3206.0,482.0,3.99,0.6,9.14,0.0,,0.0,,,28599.0,1173.0,35.61,1.46,2.49,,,6.2,0.92,9.14,47439.0,1094.0,48.98,1.13,1.4,9607.0,797.0,20.25,1.68,5.04,2423.0,465.0,5.11,0.98,11.66,30864.0,1010.0,65.06,2.13,1.99,2987.0,489.0,6.3,1.03,9.94,669.0,204.0,1.41,0.43,18.54,48488.0,1346.0,50.06,1.39,1.69,14.0,121.0,0.03,0.25,506.59,3662.0,553.0,7.55,1.14,9.18,2009.0,407.0,4.14,0.84,12.33,1206.0,272.0,2.49,0.56,13.67,5208.0,645.0,10.74,1.33,7.53,4231.0,553.0,8.73,1.14,7.94,972.0,281.0,2.0,0.58,17.63,3207.0,456.0,6.61,0.94,8.64,5705.0,650.0,11.77,1.34,6.92,9003.0,703.0,18.57,1.45,4.75,8610.0,849.0,17.76,1.75,5.99,2941.0,436.0,6.07,0.9,9.01,1747.0,359.0,3.6,0.74,12.5,2065.0,321.0,5.92,0.92,9.45,1655.0,317.0,4.75,0.91,11.65,4252.0,502.0,12.2,1.44,7.18,4326.0,509.0,12.41,1.46,7.15,4033.0,484.0,11.57,1.39,7.3,7641.0,659.0,21.92,1.89,5.24,4311.0,488.0,12.37,1.4,6.88,3955.0,443.0,11.35,1.27,6.8,1608.0,289.0,4.61,0.83,10.94,1005.0,216.0,2.88,0.62,13.09,28640.0,516.0,82.17,1.48,1.09,8715.0,593.0,25.0,1.7,4.13,4370.0,436.0,12.54,1.25,6.06,1606.0,268.0,4.61,0.77,10.15,1697.0,356.0,4.87,1.02,12.73,4963.0,516.0,14.24,1.48,6.32,79076.0,1371.0,81.88,1.42,1.05,45095.0,1912.0,46.7,1.98,2.58,41542.0,1709.0,43.02,1.77,2.5,17494.0,1371.0,18.12,1.42,4.76,48640.0,1056.0,50.22,1.09,1.32,48215.0,1056.0,49.78,1.09,1.33,5557.0,678.0,5.74,0.7,7.41,4929.0,601.0,5.09,0.62,7.4,5045.0,562.0,5.21,0.58,6.77,4940.0,542.0,5.1,0.56,6.68,6423.0,630.0,6.63,0.65,5.96,15808.0,1124.0,16.32,1.16,4.32,14351.0,998.0,14.82,1.03,4.22,15001.0,1056.0,15.49,1.09,4.28,6284.0,649.0,6.49,0.67,6.28,5315.0,601.0,5.49,0.62,6.87,7654.0,649.0,7.9,0.67,5.16,3893.0,465.0,4.02,0.48,7.26,1639.0,310.0,1.69,0.32,11.51,78385.0,1017.0,80.93,1.05,0.79,13180.0,872.0,13.61,0.9,4.02,50421.0,2073.0,52.06,2.14,2.5,2316.0,581.0,2.39,0.6,15.26,360.0,213.0,0.37,0.22,36.15,23435.0,1637.0,24.2,1.69,4.25,138.0,194.0,0.14,0.2,86.84,17545.0,1821.0,18.11,1.88,6.31,2630.0,562.0,2.72,0.58,12.96,54542.0,1831.0,56.31,1.89,2.04,42313.0,1831.0,43.69,1.89,2.63,15779.0,1172.0,16.29,1.21,4.52,1422.0,329.0,1.47,0.34,14.06,102.0,136.0,0.11,0.14,77.37,23273.0,1637.0,24.03,1.69,4.28,93.0,184.0,0.1,0.19,115.5,422.0,281.0,0.44,0.29,40.07,1213.0,387.0,1.25,0.4,19.45
171,East Elmhurst,QN0302,East Elmhurst,8282.0,,100,,,3241.0,219.0,39.13,2.65,4.12,7445.0,476.0,25.65,1.64,3.89,322.0,103.0,4.33,1.38,19.37,433.0,127.0,5.82,1.7,17.76,2467.0,222.0,33.14,2.98,5.47,1547.0,188.0,20.78,2.53,7.4,2674.0,236.0,35.92,3.17,5.36,19655.0,946.0,67.71,3.26,2.93,2801.0,285.0,14.25,1.45,6.19,1835.0,228.0,9.34,1.16,7.55,7649.0,432.0,38.92,2.2,3.44,3151.0,297.0,16.03,1.51,5.73,23015.0,1173.0,79.28,4.04,3.1,450.0,113.0,1.96,0.49,15.2,28679.0,241.0,98.79,0.83,0.51,2580.0,298.0,9.0,1.04,7.02,6015.0,462.0,20.72,1.59,4.67,164.0,86.0,2.73,1.43,31.84,19138.0,464.0,65.92,1.6,1.47,1315.0,216.0,6.87,1.13,10.0,3530.0,273.0,12.16,0.94,4.7,1100.0,150.0,31.16,4.24,8.27,28710.0,1335.0,98.9,4.6,2.83,26267.0,485.0,91.49,1.69,1.12,2102.0,436.0,7.32,1.52,12.62,342.0,184.0,1.19,0.64,32.69,29030.0,,100,,,12899.0,610.0,44.43,2.1,2.87,12240.0,615.0,42.16,2.12,3.06,655.0,195.0,2.26,0.67,18.02,16131.0,694.0,55.57,2.39,2.62,8311.0,505.0,51.52,3.13,3.69,7820.0,505.0,48.48,3.13,3.92,317.0,129.0,1.97,0.8,24.69,2670.0,455.0,16.55,2.82,10.36,244.0,115.0,1.51,0.71,28.58,0.0,,0.0,,,12857.0,465.0,79.7,2.88,2.2,41.0,85.0,0.25,0.53,128.88,27233.0,1367.0,93.81,4.71,3.05,7171.0,659.0,26.33,2.42,5.59,9947.0,547.0,36.53,2.01,3.34,15920.0,776.0,58.46,2.85,2.96,23735.0,1309.0,81.76,4.51,3.35,14328.0,415.0,60.37,1.75,1.76,13140.0,415.0,55.36,1.75,1.92,1186.0,211.0,5.0,0.89,10.82,0.0,,0.0,,,9407.0,415.0,39.63,1.75,2.68,,,8.28,1.45,10.82,12651.0,415.0,43.58,1.43,1.99,3022.0,302.0,23.89,2.39,6.08,1184.0,228.0,9.36,1.8,11.69,6941.0,361.0,54.87,2.85,3.16,888.0,181.0,7.02,1.43,12.38,267.0,92.0,2.11,0.73,21.03,13147.0,404.0,45.29,1.39,1.87,24.0,97.0,0.18,0.74,249.92,1326.0,217.0,10.09,1.65,9.94,684.0,158.0,5.2,1.2,14.03,264.0,104.0,2.01,0.79,23.89,1368.0,199.0,10.41,1.51,8.82,1292.0,206.0,9.83,1.57,9.71,214.0,110.0,1.63,0.84,31.33,620.0,138.0,4.72,1.05,13.52,1343.0,217.0,10.22,1.65,9.81,2674.0,271.0,20.34,2.06,6.16,1976.0,260.0,15.03,1.98,8.01,1009.0,185.0,7.68,1.41,11.16,356.0,110.0,2.71,0.84,18.84,642.0,134.0,7.75,1.62,12.71,273.0,87.0,3.3,1.05,19.34,938.0,157.0,11.33,1.89,10.14,1005.0,166.0,12.13,2.01,10.07,1365.0,190.0,16.48,2.29,8.45,1337.0,187.0,16.14,2.26,8.51,1136.0,164.0,13.72,1.98,8.77,1015.0,150.0,12.26,1.81,8.97,357.0,94.0,4.31,1.13,15.94,213.0,81.0,2.57,0.98,23.18,6827.0,179.0,82.43,2.16,1.59,2418.0,192.0,29.2,2.32,4.83,1219.0,153.0,14.72,1.85,7.64,585.0,124.0,7.06,1.5,12.92,239.0,74.0,2.89,0.89,18.72,1593.0,186.0,19.23,2.25,7.11,22995.0,519.0,80.18,1.81,1.37,12072.0,720.0,42.09,2.51,3.63,13203.0,674.0,46.04,2.35,3.1,5684.0,519.0,19.82,1.81,5.55,14477.0,424.0,49.87,1.46,1.78,14553.0,424.0,50.13,1.46,1.77,1797.0,238.0,6.19,0.82,8.05,1589.0,229.0,5.47,0.79,8.78,1437.0,195.0,4.95,0.67,8.23,1869.0,232.0,6.44,0.8,7.55,2676.0,305.0,9.22,1.05,6.92,5192.0,444.0,17.88,1.53,5.2,3772.0,314.0,12.99,1.08,5.05,3895.0,348.0,13.42,1.2,5.44,1599.0,218.0,5.51,0.75,8.27,1376.0,200.0,4.74,0.69,8.85,2102.0,273.0,7.24,0.94,7.89,1172.0,192.0,4.04,0.66,9.93,556.0,122.0,1.92,0.42,13.3,23015.0,404.0,79.28,1.39,1.07,3835.0,354.0,13.21,1.22,5.61,6969.0,743.0,24.01,2.56,6.48,5705.0,656.0,19.65,2.26,6.99,46.0,90.0,0.16,0.31,117.78,3499.0,578.0,12.05,1.99,10.04,0.0,,0.0,,,11871.0,874.0,40.89,3.01,4.47,941.0,255.0,3.24,0.88,16.51,17863.0,836.0,61.53,2.88,2.85,11167.0,836.0,38.47,2.88,4.55,1804.0,340.0,6.21,1.17,11.45,5397.0,647.0,18.59,2.23,7.29,27.0,99.0,0.09,0.34,229.65,3452.0,578.0,11.89,1.99,10.17,0.0,,0.0,,,191.0,163.0,0.66,0.56,51.58,292.0,145.0,1.01,0.5,30.09
172,North Corona,QN0303,North Corona,9565.0,,100,,,5385.0,266.0,56.3,2.78,3.0,10665.0,656.0,24.88,1.53,3.74,851.0,179.0,7.98,1.68,12.8,824.0,158.0,7.73,1.48,11.64,5136.0,318.0,48.16,2.98,3.76,1746.0,220.0,16.37,2.06,7.65,2107.0,283.0,19.76,2.65,8.15,26528.0,969.0,61.89,2.26,2.22,8940.0,581.0,33.7,2.19,3.95,3403.0,361.0,12.83,1.36,6.44,8451.0,536.0,31.86,2.02,3.85,2009.0,284.0,7.57,1.07,8.59,31166.0,1474.0,72.71,3.44,2.88,279.0,100.0,0.9,0.32,21.61,42862.0,0.0,100.0,0.0,0.0,3425.0,403.0,7.99,0.94,7.15,11696.0,776.0,27.29,1.81,4.03,417.0,123.0,3.57,1.05,17.88,28477.0,1110.0,66.44,2.59,2.37,2020.0,322.0,7.09,1.13,9.69,2692.0,296.0,6.28,0.69,6.68,991.0,146.0,36.82,5.43,8.96,42083.0,2010.0,98.18,4.69,2.9,38170.0,753.0,90.7,1.79,1.2,3483.0,736.0,8.28,1.75,12.85,429.0,181.0,1.02,0.43,25.63,42862.0,,100,,,16236.0,677.0,37.88,1.58,2.54,15573.0,656.0,36.33,1.53,2.56,655.0,201.0,1.53,0.47,18.67,26626.0,527.0,62.12,1.23,1.2,6745.0,548.0,25.33,2.06,4.94,19881.0,548.0,74.67,2.06,1.68,76.0,61.0,0.29,0.23,48.21,2111.0,434.0,7.93,1.63,12.5,35.0,64.0,0.13,0.24,112.23,0.0,,0.0,,,24399.0,442.0,91.64,1.66,1.1,5.0,64.0,0.02,0.24,729.48,38620.0,2010.0,90.1,4.69,3.16,2946.0,402.0,7.63,1.04,8.29,22830.0,714.0,59.11,1.85,1.9,32839.0,684.0,85.03,1.77,1.27,31902.0,1642.0,74.43,3.83,3.13,22332.0,504.0,70.0,1.58,1.37,20851.0,536.0,65.36,1.68,1.56,1483.0,236.0,4.65,0.74,9.67,0.0,,0.0,,,9569.0,504.0,30.0,1.58,3.2,,,6.64,1.05,9.67,20374.0,591.0,47.53,1.38,1.76,2845.0,375.0,13.96,1.84,8.01,931.0,198.0,4.57,0.97,12.9,14407.0,544.0,70.71,2.67,2.3,1717.0,297.0,8.43,1.46,10.53,146.0,71.0,0.72,0.35,29.55,20847.0,583.0,48.64,1.36,1.7,21.0,67.0,0.1,0.32,194.53,3363.0,438.0,16.13,2.1,7.91,1212.0,252.0,5.81,1.21,12.66,491.0,136.0,2.36,0.65,16.74,2310.0,331.0,11.08,1.59,8.72,1040.0,173.0,4.99,0.83,10.11,220.0,85.0,1.06,0.41,23.51,661.0,154.0,3.17,0.74,14.19,1230.0,204.0,5.9,0.98,10.1,2402.0,296.0,11.52,1.42,7.49,5240.0,511.0,25.14,2.45,5.92,2379.0,315.0,11.41,1.51,8.04,281.0,98.0,1.35,0.47,21.16,438.0,117.0,4.58,1.22,16.19,431.0,109.0,4.51,1.14,15.37,1220.0,183.0,12.75,1.91,9.11,1327.0,208.0,13.87,2.17,9.51,1574.0,205.0,16.46,2.14,7.9,1727.0,214.0,18.06,2.24,7.54,1199.0,191.0,12.54,2.0,9.7,1192.0,187.0,12.46,1.95,9.51,301.0,98.0,3.15,1.02,19.68,151.0,69.0,1.58,0.72,27.7,8675.0,147.0,90.7,1.54,1.03,1767.0,201.0,18.47,2.1,6.91,790.0,132.0,8.26,1.38,10.16,511.0,113.0,5.34,1.18,13.43,371.0,99.0,3.88,1.04,16.29,2997.0,264.0,31.33,2.76,5.36,27278.0,832.0,63.64,1.94,1.85,11611.0,883.0,27.09,2.06,4.62,19309.0,832.0,45.05,1.94,2.62,15584.0,832.0,36.36,1.94,3.24,23335.0,626.0,54.44,1.46,1.63,19527.0,626.0,45.56,1.46,1.95,4242.0,407.0,9.9,0.95,5.83,3474.0,347.0,8.11,0.81,6.07,2708.0,317.0,6.32,0.74,7.12,2113.0,244.0,4.93,0.57,7.03,3787.0,501.0,8.84,1.17,8.05,9613.0,647.0,22.43,1.51,4.09,7108.0,553.0,16.58,1.29,4.73,4417.0,390.0,10.31,0.91,5.37,1615.0,253.0,3.77,0.59,9.51,1090.0,193.0,2.54,0.45,10.77,1644.0,266.0,3.84,0.62,9.82,713.0,154.0,1.66,0.36,13.18,334.0,111.0,0.78,0.26,20.26,31166.0,630.0,72.71,1.47,1.23,2692.0,326.0,6.28,0.76,7.36,16860.0,1329.0,39.34,3.1,4.79,2982.0,510.0,6.96,1.19,10.39,470.0,313.0,1.1,0.73,40.34,3377.0,686.0,7.88,1.6,12.34,0.0,,0.0,,,18003.0,1427.0,42.0,3.33,4.82,1181.0,484.0,2.76,1.13,24.89,37481.0,729.0,87.45,1.7,1.18,5381.0,729.0,12.55,1.7,8.23,393.0,141.0,0.92,0.33,21.81,1771.0,339.0,4.13,0.79,11.63,52.0,77.0,0.12,0.18,91.19,2899.0,579.0,6.76,1.35,12.14,0.0,,0.0,,,140.0,120.0,0.33,0.28,51.58,137.0,107.0,0.32,0.25,47.49
173,Elmhurst,QN0401,Elmhurst,32890.0,,100,,,10862.0,562.0,33.03,1.71,3.15,21474.0,1037.0,21.74,1.05,2.94,1240.0,268.0,5.77,1.25,13.17,1418.0,249.0,6.6,1.16,10.68,7802.0,515.0,36.33,2.4,4.02,3979.0,395.0,18.53,1.84,6.04,7037.0,528.0,32.77,2.46,4.56,71266.0,1965.0,72.17,1.99,1.68,12260.0,862.0,17.2,1.21,4.28,7295.0,713.0,10.24,1.0,5.94,19983.0,998.0,28.04,1.4,3.04,18742.0,948.0,26.3,1.33,3.07,79748.0,2242.0,80.75,2.27,1.71,845.0,191.0,1.06,0.24,13.76,98586.0,1215.0,99.83,1.23,0.75,8312.0,720.0,8.43,0.73,5.26,18980.0,1096.0,19.22,1.11,3.51,587.0,188.0,3.09,0.99,19.48,67432.0,1195.0,68.28,1.21,1.08,3592.0,499.0,5.33,0.74,8.44,12183.0,672.0,12.34,0.68,3.35,4134.0,386.0,33.93,3.17,5.68,97876.0,2735.0,99.11,2.77,1.7,88894.0,1184.0,90.82,1.21,0.81,7571.0,1135.0,7.74,1.16,9.11,1428.0,313.0,1.46,0.32,13.32,98754.0,,100,,,31862.0,1323.0,32.26,1.34,2.53,30505.0,1304.0,30.89,1.32,2.6,1349.0,306.0,1.37,0.31,13.76,66892.0,1392.0,67.74,1.41,1.27,31110.0,1164.0,46.51,1.74,2.27,35781.0,1164.0,53.49,1.74,1.98,1435.0,301.0,2.15,0.45,12.72,38870.0,1405.0,58.11,2.1,2.2,318.0,194.0,0.48,0.29,36.73,88.0,140.0,0.13,0.21,98.2,25998.0,1385.0,38.87,2.07,3.24,184.0,147.0,0.28,0.22,47.76,92537.0,3032.0,93.7,3.07,1.99,12613.0,1036.0,13.63,1.12,5.0,50026.0,1360.0,54.06,1.47,1.65,34434.0,1767.0,37.21,1.91,3.12,81536.0,2281.0,82.56,2.31,1.7,52397.0,1011.0,64.26,1.24,1.17,49160.0,1011.0,60.29,1.24,1.25,3221.0,383.0,3.95,0.47,7.23,7.0,130.0,0.01,0.16,972.64,29139.0,1011.0,35.74,1.24,2.11,,,6.15,0.72,7.23,47524.0,1047.0,48.12,1.06,1.34,5826.0,509.0,12.26,1.07,5.31,2552.0,437.0,5.37,0.92,10.41,33917.0,775.0,71.37,1.63,1.39,3551.0,442.0,7.47,0.93,7.57,795.0,190.0,1.67,0.4,14.56,49169.0,1096.0,49.79,1.11,1.36,46.0,148.0,0.09,0.3,202.63,3357.0,467.0,6.83,0.95,8.46,2025.0,305.0,4.12,0.62,9.15,1247.0,246.0,2.54,0.5,11.97,5699.0,536.0,11.59,1.09,5.72,4040.0,438.0,8.22,0.89,6.58,925.0,207.0,1.88,0.42,13.58,3409.0,403.0,6.93,0.82,7.19,4818.0,477.0,9.8,0.97,6.02,8345.0,649.0,16.97,1.32,4.73,9701.0,738.0,19.73,1.5,4.62,4515.0,472.0,9.18,0.96,6.36,1031.0,236.0,2.1,0.48,13.89,2748.0,362.0,8.36,1.1,8.0,1868.0,299.0,5.68,0.91,9.74,4022.0,434.0,12.23,1.32,6.56,3804.0,401.0,11.57,1.22,6.41,5076.0,454.0,15.43,1.38,5.44,6287.0,483.0,19.12,1.47,4.67,3273.0,362.0,9.95,1.1,6.72,3530.0,359.0,10.73,1.09,6.18,1251.0,217.0,3.8,0.66,10.56,1035.0,227.0,3.15,0.69,13.32,27377.0,441.0,83.24,1.34,0.98,7542.0,493.0,22.93,1.5,3.98,2863.0,316.0,8.7,0.96,6.71,1791.0,286.0,5.45,0.87,9.7,1493.0,260.0,4.54,0.79,10.58,5265.0,464.0,16.01,1.41,5.35,78003.0,1331.0,79.12,1.35,1.04,39415.0,1646.0,39.98,1.67,2.54,46410.0,1686.0,47.08,1.71,2.21,20583.0,1331.0,20.88,1.35,3.93,49848.0,978.0,50.48,0.99,1.19,48906.0,978.0,49.52,0.99,1.22,6217.0,583.0,6.3,0.59,5.69,5560.0,543.0,5.63,0.55,5.94,4433.0,464.0,4.49,0.47,6.36,4545.0,454.0,4.6,0.46,6.08,6740.0,632.0,6.83,0.64,5.7,17900.0,1007.0,18.13,1.02,3.42,16045.0,849.0,16.25,0.86,3.22,13095.0,830.0,13.26,0.84,3.85,6455.0,612.0,6.54,0.62,5.76,5533.0,543.0,5.6,0.55,5.97,7273.0,622.0,7.36,0.63,5.2,3691.0,425.0,3.74,0.43,6.99,1280.0,237.0,1.3,0.24,11.22,79757.0,958.0,80.76,0.97,0.73,12261.0,790.0,12.42,0.8,3.92,29324.0,1995.0,29.69,2.02,4.14,2220.0,494.0,2.25,0.5,13.51,498.0,257.0,0.5,0.26,31.61,49537.0,1955.0,50.16,1.98,2.4,7.0,138.0,0.01,0.14,851.06,14791.0,1600.0,14.98,1.62,6.57,2371.0,721.0,2.4,0.73,18.49,39092.0,1926.0,39.59,1.95,2.99,59662.0,1926.0,60.41,1.95,1.96,6337.0,701.0,6.42,0.71,6.72,1885.0,464.0,1.91,0.47,14.96,153.0,158.0,0.15,0.16,64.84,49252.0,1955.0,49.87,1.98,2.41,7.0,138.0,0.01,0.14,851.06,503.0,346.0,0.51,0.35,41.72,1499.0,652.0,1.52,0.66,26.4
174,Corona,QN0402,Corona,19936.0,,100,,,8946.0,494.0,44.87,2.48,3.36,17994.0,1000.0,25.54,1.42,3.38,1134.0,248.0,6.3,1.38,13.32,1210.0,279.0,6.72,1.55,14.02,7655.0,491.0,42.54,2.73,3.9,3599.0,396.0,20.0,2.2,6.69,4396.0,468.0,24.43,2.6,6.47,45321.0,1705.0,64.34,2.42,2.29,10839.0,734.0,23.92,1.62,4.12,5308.0,499.0,11.71,1.1,5.71,14450.0,902.0,31.88,1.99,3.79,6355.0,698.0,14.02,1.54,6.68,52055.0,2050.0,73.9,2.91,2.39,398.0,135.0,0.76,0.26,20.8,70037.0,479.0,99.43,0.68,0.42,7938.0,791.0,11.33,1.13,6.06,18386.0,1148.0,26.1,1.63,3.8,855.0,300.0,4.65,1.63,21.31,44985.0,1007.0,63.86,1.43,1.36,3907.0,531.0,8.69,1.18,8.25,6663.0,571.0,9.46,0.81,5.21,3176.0,323.0,47.66,4.84,6.17,69305.0,3050.0,98.39,4.33,2.68,64401.0,1150.0,92.92,1.66,1.09,4227.0,1123.0,6.1,1.62,16.14,666.0,222.0,0.96,0.32,20.26,70441.0,,100,,,29719.0,1197.0,42.19,1.7,2.45,28519.0,1155.0,40.49,1.64,2.46,1196.0,317.0,1.7,0.45,16.09,40722.0,1233.0,57.81,1.75,1.84,15518.0,1063.0,38.11,2.61,4.16,25205.0,1063.0,61.89,2.61,2.56,1193.0,440.0,2.93,1.08,22.41,7154.0,863.0,17.57,2.12,7.33,2391.0,660.0,5.87,1.62,16.78,95.0,183.0,0.23,0.45,118.94,29892.0,953.0,73.4,2.34,1.94,0.0,,0.0,,,64258.0,2789.0,91.22,3.96,2.64,10555.0,1317.0,16.43,2.05,7.58,31928.0,1150.0,49.69,1.79,2.19,40229.0,1491.0,62.61,2.32,2.25,53773.0,2339.0,76.34,3.32,2.64,34856.0,860.0,64.82,1.6,1.5,32777.0,855.0,60.95,1.59,1.59,2071.0,350.0,3.85,0.65,10.26,0.0,,0.0,,,18916.0,860.0,35.18,1.6,2.76,,,5.94,0.99,10.27,31675.0,951.0,44.97,1.35,1.83,4874.0,580.0,15.39,1.83,7.23,1808.0,336.0,5.71,1.06,11.29,20701.0,757.0,65.35,2.39,2.22,3089.0,500.0,9.75,1.58,9.85,442.0,209.0,1.4,0.66,28.66,32779.0,902.0,46.53,1.28,1.67,74.0,111.0,0.23,0.34,89.86,3839.0,449.0,11.71,1.37,7.11,1677.0,334.0,5.12,1.02,12.11,843.0,239.0,2.57,0.73,17.27,3864.0,492.0,11.79,1.5,7.73,2270.0,426.0,6.93,1.3,11.4,451.0,170.0,1.38,0.52,22.91,1233.0,259.0,3.76,0.79,12.77,2970.0,469.0,9.06,1.43,9.59,5054.0,587.0,15.42,1.79,7.06,6480.0,620.0,19.77,1.89,5.81,3030.0,472.0,9.24,1.44,9.47,981.0,282.0,2.99,0.86,17.48,1836.0,345.0,9.21,1.73,11.42,857.0,189.0,4.3,0.95,13.43,2432.0,377.0,12.2,1.89,9.42,2518.0,373.0,12.63,1.87,9.0,3344.0,427.0,16.77,2.14,7.76,3788.0,506.0,19.0,2.54,8.13,2291.0,317.0,11.49,1.59,8.41,2162.0,337.0,10.84,1.69,9.48,471.0,130.0,2.36,0.65,16.74,235.0,94.0,1.18,0.47,24.21,16520.0,415.0,82.87,2.08,1.53,4609.0,437.0,23.12,2.19,5.76,1981.0,341.0,9.94,1.71,10.46,1686.0,339.0,8.46,1.7,12.22,1408.0,325.0,7.06,1.63,14.04,5619.0,480.0,28.19,2.41,5.2,52070.0,1142.0,74.35,1.63,1.33,25514.0,1555.0,36.43,2.22,3.7,32401.0,1436.0,46.26,2.05,2.69,17967.0,1142.0,25.65,1.63,3.86,37396.0,895.0,53.09,1.27,1.45,33045.0,895.0,46.91,1.27,1.65,6183.0,627.0,8.78,0.89,6.16,4765.0,500.0,6.76,0.71,6.38,4750.0,458.0,6.74,0.65,5.86,4258.0,451.0,6.04,0.64,6.44,5163.0,528.0,7.33,0.75,6.22,12114.0,845.0,17.2,1.2,4.24,11684.0,845.0,16.59,1.2,4.4,7704.0,662.0,10.94,0.94,5.22,3746.0,549.0,5.32,0.78,8.91,3107.0,458.0,4.41,0.65,8.96,3925.0,507.0,5.57,0.72,7.86,2133.0,366.0,3.03,0.52,10.43,897.0,225.0,1.27,0.32,15.32,52055.0,958.0,73.9,1.36,1.12,6941.0,683.0,9.85,0.97,5.99,30538.0,1930.0,43.35,2.74,3.84,10693.0,1247.0,15.18,1.77,7.09,628.0,317.0,0.89,0.45,30.74,9535.0,1078.0,13.54,1.53,6.87,0.0,,0.0,,,17543.0,1543.0,24.9,2.19,5.35,1520.0,458.0,2.16,0.65,18.29,46629.0,1719.0,66.2,2.44,2.24,23812.0,1719.0,33.8,2.44,4.39,4130.0,902.0,5.86,1.28,13.28,9553.0,1212.0,13.56,1.72,7.71,196.0,204.0,0.28,0.29,62.96,9368.0,1071.0,13.3,1.52,6.95,0.0,,0.0,,,237.0,169.0,0.34,0.24,42.91,343.0,254.0,0.49,0.36,44.66
175,Maspeth,QN0501,Maspeth,15451.0,,100,,,4801.0,300.0,31.07,1.94,3.8,8709.0,485.0,23.16,1.29,3.39,546.0,125.0,6.27,1.43,13.86,485.0,115.0,5.57,1.32,14.41,3222.0,236.0,37.0,2.71,4.45,1987.0,219.0,22.82,2.51,6.69,2467.0,236.0,28.33,2.71,5.82,26727.0,1030.0,71.07,2.74,2.34,2052.0,243.0,7.68,0.91,7.2,1727.0,235.0,6.46,0.88,8.28,9140.0,457.0,34.2,1.71,3.04,7229.0,428.0,27.05,1.6,3.6,29620.0,1140.0,78.76,3.03,2.34,950.0,145.0,3.21,0.49,9.28,37413.0,75.0,99.48,0.2,0.12,2838.0,284.0,7.59,0.76,6.09,7988.0,534.0,21.24,1.42,4.06,164.0,93.0,2.05,1.17,34.69,24593.0,395.0,65.39,1.05,0.98,1228.0,180.0,4.99,0.73,8.89,4831.0,290.0,12.85,0.77,3.65,1445.0,156.0,29.91,3.23,6.56,37217.0,1166.0,98.96,3.1,1.9,34638.0,406.0,93.07,1.09,0.71,2380.0,391.0,6.39,1.05,9.99,205.0,145.0,0.55,0.39,43.11,37608.0,,100,,,23067.0,632.0,61.34,1.68,1.66,21959.0,647.0,58.39,1.72,1.79,1102.0,203.0,2.93,0.54,11.2,14541.0,643.0,38.66,1.71,2.69,8760.0,382.0,60.24,2.63,2.65,5781.0,382.0,39.76,2.63,4.02,6419.0,429.0,44.15,2.95,4.06,3078.0,316.0,21.17,2.17,6.23,296.0,154.0,2.04,1.06,31.59,0.0,,0.0,,,4700.0,448.0,32.32,3.08,5.79,49.0,118.0,0.34,0.81,144.82,35381.0,1414.0,94.08,3.76,2.43,16304.0,743.0,46.08,2.1,2.77,8143.0,545.0,23.01,1.54,4.07,8211.0,725.0,23.21,2.05,5.37,30596.0,1181.0,81.35,3.14,2.35,19882.0,438.0,64.98,1.43,1.34,18463.0,447.0,60.34,1.46,1.47,1421.0,211.0,4.64,0.69,9.04,0.0,,0.0,,,10714.0,438.0,35.02,1.43,2.48,,,7.15,1.05,9.03,18192.0,451.0,48.37,1.2,1.51,7165.0,375.0,39.39,2.06,3.18,1449.0,209.0,7.97,1.15,8.77,8030.0,377.0,44.14,2.07,2.85,925.0,167.0,5.08,0.92,11.01,379.0,136.0,2.08,0.75,21.92,18460.0,451.0,49.09,1.2,1.49,18.0,118.0,0.1,0.64,389.06,2344.0,260.0,12.7,1.41,6.75,898.0,157.0,4.86,0.85,10.63,522.0,144.0,2.83,0.78,16.75,1575.0,209.0,8.53,1.13,8.05,1331.0,185.0,7.21,1.0,8.43,389.0,103.0,2.11,0.56,16.13,1693.0,212.0,9.17,1.15,7.62,2127.0,246.0,11.52,1.33,7.02,3902.0,297.0,21.14,1.61,4.63,1777.0,212.0,9.63,1.15,7.26,1094.0,183.0,5.93,0.99,10.15,787.0,140.0,4.26,0.76,10.85,1254.0,201.0,8.12,1.3,9.73,703.0,153.0,4.55,0.99,13.23,1319.0,204.0,8.54,1.32,9.4,1456.0,213.0,9.42,1.38,8.91,1584.0,207.0,10.25,1.34,7.95,2724.0,249.0,17.63,1.61,5.55,2158.0,233.0,13.97,1.51,6.57,2407.0,247.0,15.58,1.6,6.24,1106.0,162.0,7.16,1.05,8.91,740.0,138.0,4.79,0.89,11.3,12224.0,273.0,79.11,1.77,1.36,4003.0,272.0,25.91,1.76,4.13,2330.0,218.0,15.08,1.41,5.68,533.0,116.0,3.45,0.75,13.22,282.0,102.0,1.83,0.66,21.92,963.0,162.0,6.23,1.05,10.25,32588.0,468.0,87.1,1.25,0.87,24122.0,726.0,64.47,1.94,1.83,11266.0,632.0,30.11,1.69,3.41,4826.0,468.0,12.9,1.25,5.89,18327.0,436.0,48.73,1.16,1.45,19281.0,436.0,51.27,1.16,1.38,2227.0,263.0,5.92,0.7,7.19,2147.0,233.0,5.71,0.62,6.6,2069.0,237.0,5.5,0.63,6.96,2295.0,271.0,6.1,0.72,7.18,2143.0,229.0,5.7,0.61,6.51,5745.0,444.0,15.28,1.18,4.69,5321.0,372.0,14.15,0.99,4.25,5478.0,391.0,14.57,1.04,4.34,2818.0,286.0,7.49,0.76,6.17,2373.0,244.0,6.31,0.65,6.26,2619.0,252.0,6.96,0.67,5.85,1467.0,199.0,3.9,0.53,8.26,891.0,162.0,2.37,0.43,11.03,29620.0,451.0,78.76,1.2,0.93,4980.0,361.0,13.24,0.96,4.41,28510.0,756.0,75.81,2.01,1.61,637.0,184.0,1.69,0.49,17.63,85.0,132.0,0.23,0.35,92.51,3967.0,470.0,10.55,1.25,7.2,29.0,128.0,0.08,0.34,258.36,3481.0,572.0,9.26,1.52,9.98,907.0,312.0,2.41,0.83,20.94,11368.0,846.0,30.23,2.25,4.52,26241.0,846.0,69.77,2.25,1.96,21242.0,831.0,56.48,2.21,2.38,478.0,165.0,1.27,0.44,21.06,61.0,132.0,0.16,0.35,132.98,3948.0,470.0,10.5,1.25,7.24,0.0,,0.0,,,41.0,128.0,0.11,0.34,187.9,471.0,237.0,1.25,0.63,30.64
176,Ridgewood,QN0502,Ridgewood,24577.0,,100,,,8970.0,467.0,36.5,1.9,3.16,16874.0,887.0,23.98,1.26,3.2,783.0,189.0,4.64,1.12,14.67,1227.0,233.0,7.27,1.38,11.54,6890.0,440.0,40.83,2.61,3.89,3344.0,336.0,19.82,1.99,6.1,4631.0,385.0,27.44,2.28,5.05,46712.0,1365.0,66.38,1.94,1.78,5673.0,551.0,12.14,1.18,5.91,3724.0,397.0,7.97,0.85,6.48,14905.0,705.0,31.91,1.51,2.88,11196.0,677.0,23.97,1.45,3.68,54183.0,1450.0,77.0,2.06,1.63,758.0,141.0,1.4,0.26,11.29,70286.0,767.0,99.88,1.09,0.66,3693.0,365.0,5.25,0.52,6.02,16127.0,901.0,22.92,1.28,3.4,339.0,135.0,2.1,0.84,24.32,48337.0,1056.0,68.69,1.5,1.33,2031.0,271.0,4.2,0.56,8.11,5832.0,486.0,8.29,0.69,5.07,1314.0,188.0,22.53,3.22,8.69,69413.0,1703.0,98.64,2.42,1.49,63126.0,743.0,90.94,1.07,0.72,5462.0,687.0,7.87,0.99,7.65,830.0,264.0,1.2,0.38,19.25,70372.0,,100,,,38921.0,1224.0,55.31,1.74,1.91,36541.0,1196.0,51.93,1.7,1.99,2369.0,373.0,3.37,0.53,9.56,31450.0,1330.0,44.69,1.89,2.57,13626.0,758.0,43.33,2.41,3.38,17825.0,758.0,56.68,2.41,2.58,12309.0,789.0,39.14,2.51,3.9,4706.0,648.0,14.96,2.06,8.37,1465.0,371.0,4.66,1.18,15.39,45.0,132.0,0.14,0.42,182.37,12824.0,811.0,40.78,2.58,3.85,103.0,129.0,0.33,0.41,75.53,65396.0,1956.0,92.93,2.78,1.82,24757.0,1282.0,37.86,1.96,3.15,18561.0,1014.0,28.38,1.55,3.32,22791.0,1223.0,34.85,1.87,3.26,55817.0,1612.0,79.32,2.29,1.76,37613.0,765.0,67.39,1.37,1.24,35253.0,770.0,63.16,1.38,1.33,2328.0,301.0,4.17,0.54,7.87,29.0,128.0,0.05,0.23,279.64,18204.0,765.0,32.61,1.37,2.55,,,6.19,0.79,7.86,34812.0,851.0,49.47,1.21,1.49,6042.0,477.0,17.36,1.37,4.8,1311.0,251.0,3.77,0.72,11.61,23416.0,620.0,67.26,1.78,1.61,2406.0,324.0,6.91,0.93,8.18,978.0,240.0,2.81,0.69,14.93,35249.0,844.0,50.09,1.2,1.46,24.0,123.0,0.07,0.35,303.95,4093.0,430.0,11.61,1.22,6.39,2019.0,307.0,5.73,0.87,9.23,803.0,183.0,2.28,0.52,13.86,3151.0,363.0,8.94,1.03,7.0,2339.0,342.0,6.64,0.97,8.88,963.0,194.0,2.73,0.55,12.25,2194.0,300.0,6.22,0.85,8.31,4120.0,437.0,11.69,1.24,6.45,7105.0,515.0,20.16,1.46,4.4,4786.0,476.0,13.58,1.35,6.04,2443.0,349.0,6.93,0.99,8.68,1210.0,236.0,3.43,0.67,11.87,2250.0,290.0,9.15,1.18,7.84,1087.0,219.0,4.42,0.89,12.24,2563.0,297.0,10.43,1.21,7.05,2107.0,275.0,8.57,1.12,7.94,3278.0,349.0,13.34,1.42,6.47,4042.0,369.0,16.45,1.5,5.54,3580.0,354.0,14.57,1.44,6.01,3815.0,366.0,15.52,1.49,5.84,1109.0,206.0,4.51,0.84,11.32,739.0,182.0,3.01,0.74,14.95,20128.0,381.0,81.9,1.55,1.15,4967.0,381.0,20.21,1.55,4.66,1679.0,224.0,6.83,0.91,8.1,922.0,179.0,3.75,0.73,11.83,764.0,172.0,3.11,0.7,13.68,2761.0,292.0,11.23,1.19,6.44,57170.0,970.0,81.34,1.38,1.03,32497.0,1427.0,46.24,2.03,2.67,27269.0,1328.0,38.8,1.89,2.96,13116.0,970.0,18.66,1.38,4.5,34660.0,711.0,49.25,1.01,1.25,35711.0,711.0,50.75,1.01,1.21,4976.0,507.0,7.07,0.72,6.19,4842.0,436.0,6.88,0.62,5.48,3929.0,408.0,5.58,0.58,6.32,4058.0,436.0,5.77,0.62,6.53,5847.0,500.0,8.31,0.71,5.19,13358.0,760.0,18.98,1.08,3.46,10793.0,690.0,15.34,0.98,3.88,8962.0,612.0,12.74,0.87,4.15,4296.0,429.0,6.1,0.61,6.08,3477.0,408.0,4.94,0.58,7.14,3294.0,401.0,4.68,0.57,7.4,1822.0,289.0,2.59,0.41,9.62,724.0,162.0,1.03,0.23,13.57,54216.0,767.0,77.04,1.09,0.86,5849.0,514.0,8.31,0.73,5.34,56402.0,1232.0,80.15,1.75,1.33,1675.0,373.0,2.38,0.53,13.54,124.0,141.0,0.18,0.2,67.54,5772.0,809.0,8.2,1.15,8.53,37.0,134.0,0.05,0.19,231.0,4972.0,809.0,7.07,1.15,9.89,1393.0,324.0,1.98,0.46,14.12,33917.0,1323.0,48.2,1.88,2.37,36455.0,1323.0,51.8,1.88,2.21,28682.0,1309.0,40.76,1.86,2.77,1208.0,317.0,1.72,0.45,15.9,37.0,134.0,0.05,0.19,231.0,5739.0,809.0,8.16,1.15,8.57,0.0,,0.0,,,255.0,197.0,0.36,0.28,47.28,536.0,197.0,0.76,0.28,22.4
177,Glendale,QN0503,Glendale,13160.0,,100,,,4152.0,317.0,31.55,2.41,4.64,7937.0,590.0,23.16,1.72,4.52,371.0,132.0,4.67,1.66,21.61,517.0,134.0,6.51,1.69,15.78,2961.0,263.0,37.3,3.31,5.39,1663.0,214.0,20.95,2.7,7.83,2426.0,249.0,30.56,3.14,6.25,24386.0,929.0,71.15,2.71,2.32,1774.0,285.0,7.27,1.17,9.78,1780.0,271.0,7.3,1.11,9.24,8620.0,505.0,35.35,2.07,3.56,5862.0,429.0,24.04,1.76,4.45,27247.0,843.0,79.49,2.46,1.88,946.0,144.0,3.47,0.53,9.28,34252.0,209.0,99.93,0.61,0.37,2800.0,288.0,8.17,0.84,6.25,7003.0,569.0,20.43,1.66,4.94,201.0,92.0,2.87,1.32,27.96,22725.0,686.0,66.3,2.0,1.84,1340.0,205.0,5.9,0.9,9.27,4533.0,329.0,13.23,0.96,4.41,1261.0,158.0,27.82,3.48,7.6,34012.0,1083.0,99.23,3.16,1.94,32105.0,384.0,94.39,1.13,0.73,1742.0,364.0,5.12,1.07,12.7,169.0,126.0,0.5,0.37,44.98,34276.0,,100,,,23585.0,730.0,68.81,2.13,1.88,22634.0,747.0,66.03,2.18,2.01,951.0,271.0,2.77,0.79,17.34,10690.0,723.0,31.19,2.11,4.11,6380.0,390.0,59.68,3.65,3.72,4311.0,390.0,40.33,3.65,5.5,5534.0,465.0,51.77,4.35,5.11,1109.0,288.0,10.37,2.69,15.77,250.0,125.0,2.34,1.17,30.4,44.0,115.0,0.41,1.08,160.13,3688.0,424.0,34.5,3.97,7.0,64.0,113.0,0.6,1.06,107.4,32389.0,970.0,94.5,2.83,1.82,18759.0,845.0,57.92,2.61,2.74,5054.0,512.0,15.6,1.58,6.16,6665.0,777.0,20.58,2.4,7.09,28246.0,1015.0,82.41,2.96,2.18,18180.0,486.0,64.36,1.72,1.62,17029.0,480.0,60.29,1.7,1.71,1131.0,209.0,4.0,0.74,11.25,24.0,110.0,0.08,0.39,296.35,10066.0,486.0,35.64,1.72,2.93,,,6.22,1.14,11.23,16703.0,470.0,48.73,1.37,1.71,6475.0,429.0,38.76,2.57,4.03,982.0,212.0,5.88,1.27,13.13,7858.0,419.0,47.04,2.51,3.24,931.0,189.0,5.57,1.13,12.33,310.0,107.0,1.86,0.64,20.92,17026.0,463.0,49.67,1.35,1.65,13.0,107.0,0.08,0.63,478.72,1625.0,237.0,9.54,1.39,8.86,761.0,177.0,4.47,1.04,14.14,537.0,153.0,3.15,0.9,17.37,1238.0,192.0,7.27,1.13,9.45,1282.0,220.0,7.53,1.29,10.41,415.0,119.0,2.44,0.7,17.44,1858.0,271.0,10.91,1.59,8.86,1926.0,262.0,11.31,1.54,8.28,3908.0,330.0,22.95,1.94,5.14,1692.0,284.0,9.94,1.67,10.21,812.0,162.0,4.77,0.95,12.11,966.0,197.0,5.67,1.16,12.44,679.0,162.0,5.16,1.23,14.49,363.0,139.0,2.76,1.06,23.35,1091.0,182.0,8.29,1.38,10.12,1007.0,166.0,7.65,1.26,10.01,1428.0,224.0,10.85,1.7,9.52,2440.0,284.0,18.54,2.16,7.08,2292.0,265.0,17.42,2.01,7.01,2479.0,279.0,18.84,2.12,6.84,800.0,161.0,6.08,1.22,12.2,581.0,136.0,4.41,1.03,14.2,10695.0,240.0,81.27,1.82,1.36,3837.0,282.0,29.16,2.14,4.46,1823.0,192.0,13.85,1.46,6.41,462.0,111.0,3.51,0.84,14.55,263.0,111.0,2.0,0.84,25.53,740.0,146.0,5.62,1.11,12.01,31396.0,397.0,91.66,1.16,0.77,22825.0,767.0,66.64,2.24,2.04,11264.0,754.0,32.89,2.2,4.07,2856.0,397.0,8.34,1.16,8.46,17026.0,408.0,49.67,1.19,1.46,17250.0,408.0,50.33,1.19,1.44,1887.0,298.0,5.51,0.87,9.6,1830.0,243.0,5.34,0.71,8.08,1899.0,264.0,5.54,0.77,8.45,2040.0,257.0,5.95,0.75,7.66,2237.0,308.0,6.53,0.9,8.38,4837.0,439.0,14.11,1.28,5.51,5149.0,415.0,15.02,1.21,4.9,5272.0,442.0,15.38,1.29,5.1,2492.0,329.0,7.27,0.96,8.03,2108.0,271.0,6.15,0.79,7.81,2537.0,302.0,7.4,0.88,7.23,1386.0,216.0,4.04,0.63,9.48,603.0,120.0,1.76,0.35,12.09,27273.0,500.0,79.57,1.46,1.12,4533.0,377.0,13.23,1.1,5.05,29271.0,682.0,85.4,1.99,1.42,787.0,226.0,2.3,0.66,17.44,111.0,144.0,0.32,0.42,79.79,1390.0,439.0,4.06,1.28,19.17,9.0,110.0,0.03,0.32,648.43,1934.0,497.0,5.64,1.45,15.63,776.0,230.0,2.26,0.67,18.02,11653.0,980.0,34.0,2.86,5.11,22623.0,980.0,66.0,2.86,2.63,20262.0,973.0,59.11,2.84,2.92,549.0,199.0,1.6,0.58,22.04,12.0,110.0,0.04,0.32,486.32,1377.0,435.0,4.02,1.27,19.2,9.0,110.0,0.03,0.32,648.43,5.0,110.0,0.01,0.32,1945.29,405.0,165.0,1.18,0.48,24.73
178,Middle Village,QN0504,Middle Village,13389.0,,100,,,3398.0,299.0,25.38,2.23,5.34,6703.0,520.0,20.88,1.62,4.72,386.0,99.0,5.76,1.48,15.62,379.0,113.0,5.65,1.68,18.08,2876.0,237.0,42.91,3.54,5.02,1244.0,176.0,18.56,2.63,8.61,1819.0,227.0,27.14,3.38,7.57,24420.0,1024.0,76.07,3.19,2.55,1783.0,254.0,7.3,1.04,8.66,1463.0,212.0,5.99,0.87,8.83,7464.0,444.0,30.57,1.82,3.62,7707.0,466.0,31.56,1.91,3.68,26273.0,1114.0,81.84,3.47,2.58,1068.0,150.0,4.07,0.57,8.51,31721.0,539.0,98.81,1.68,1.03,3165.0,314.0,9.98,0.99,6.03,5805.0,552.0,18.08,1.72,5.78,132.0,89.0,2.27,1.54,41.24,19810.0,494.0,61.71,1.54,1.52,1199.0,196.0,6.05,0.99,9.95,6099.0,369.0,19.0,1.15,3.68,1829.0,198.0,29.99,3.24,6.57,31824.0,1053.0,99.13,3.28,2.01,29272.0,471.0,91.98,1.48,0.98,2266.0,442.0,7.12,1.39,11.87,280.0,162.0,0.88,0.51,35.23,32102.0,,100,,,21070.0,597.0,65.63,1.86,1.72,20438.0,604.0,63.67,1.88,1.79,629.0,144.0,1.96,0.45,13.96,11032.0,555.0,34.37,1.73,3.06,7819.0,355.0,70.88,3.22,2.76,3213.0,355.0,29.12,3.22,6.72,5657.0,373.0,51.28,3.38,4.01,2888.0,353.0,26.18,3.2,7.43,178.0,130.0,1.61,1.18,44.55,18.0,98.0,0.16,0.89,338.15,2271.0,331.0,20.59,3.0,8.86,19.0,98.0,0.17,0.89,318.25,30696.0,1274.0,95.62,3.97,2.52,17023.0,737.0,55.46,2.4,2.63,5907.0,482.0,19.24,1.57,4.96,3566.0,531.0,11.62,1.73,9.05,26780.0,1140.0,83.42,3.55,2.59,16522.0,506.0,61.7,1.89,1.86,15409.0,514.0,57.54,1.92,2.03,1087.0,201.0,4.06,0.75,11.23,26.0,102.0,0.1,0.38,231.0,10258.0,506.0,38.31,1.89,3.0,,,6.58,1.2,11.24,15087.0,494.0,47.0,1.54,1.99,6399.0,380.0,42.41,2.52,3.61,1134.0,187.0,7.52,1.24,10.02,6211.0,401.0,41.17,2.66,3.93,911.0,175.0,6.04,1.16,11.67,342.0,145.0,2.27,0.96,25.71,15410.0,488.0,48.0,1.52,1.93,30.0,103.0,0.19,0.67,214.37,1280.0,203.0,8.31,1.32,9.66,757.0,154.0,4.91,1.0,12.38,469.0,139.0,3.04,0.9,18.0,1269.0,216.0,8.23,1.4,10.34,1254.0,190.0,8.14,1.23,9.19,500.0,140.0,3.24,0.91,17.07,1709.0,222.0,11.09,1.44,7.89,1565.0,203.0,10.16,1.32,7.9,3863.0,322.0,25.07,2.09,5.07,1171.0,202.0,7.6,1.31,10.48,722.0,205.0,4.69,1.33,17.24,821.0,157.0,5.33,1.02,11.63,825.0,178.0,6.16,1.33,13.13,430.0,125.0,3.21,0.93,17.61,1094.0,189.0,8.17,1.41,10.49,1089.0,190.0,8.13,1.42,10.62,1297.0,197.0,9.69,1.47,9.22,2134.0,252.0,15.94,1.88,7.17,1985.0,249.0,14.83,1.86,7.62,2614.0,264.0,19.52,1.97,6.14,1254.0,197.0,9.37,1.47,9.54,669.0,119.0,5.0,0.89,10.82,10105.0,289.0,75.47,2.16,1.74,4782.0,319.0,35.72,2.38,4.05,2437.0,230.0,18.2,1.72,5.75,521.0,104.0,3.89,0.78,12.19,265.0,103.0,1.98,0.77,23.64,743.0,155.0,5.55,1.16,12.71,28984.0,397.0,91.37,1.25,0.83,22184.0,679.0,69.93,2.14,1.86,10100.0,647.0,31.84,2.04,3.89,2737.0,397.0,8.63,1.25,8.81,14932.0,408.0,46.51,1.27,1.66,17170.0,408.0,53.49,1.27,1.44,1406.0,247.0,4.38,0.77,10.69,1813.0,276.0,5.65,0.86,9.25,1781.0,247.0,5.55,0.77,8.43,1312.0,193.0,4.09,0.6,8.92,1365.0,231.0,4.25,0.72,10.3,4163.0,404.0,12.97,1.26,5.91,4797.0,408.0,14.94,1.27,5.17,4455.0,379.0,13.88,1.18,5.17,2463.0,254.0,7.67,0.79,6.26,2072.0,260.0,6.45,0.81,7.63,3409.0,347.0,10.62,1.08,6.18,2080.0,244.0,6.48,0.76,7.13,963.0,173.0,3.0,0.54,10.94,26298.0,472.0,81.92,1.47,1.09,6450.0,475.0,20.09,1.48,4.48,26004.0,591.0,81.0,1.84,1.38,372.0,164.0,1.16,0.51,26.73,23.0,103.0,0.07,0.32,277.9,3552.0,501.0,11.06,1.56,8.57,0.0,,0.0,,,1430.0,363.0,4.45,1.13,15.44,725.0,225.0,2.26,0.7,18.83,5386.0,671.0,16.78,2.09,7.57,26717.0,671.0,83.22,2.09,1.53,22512.0,735.0,70.13,2.29,1.99,307.0,157.0,0.96,0.49,31.03,0.0,,0.0,,,3538.0,501.0,11.02,1.56,8.61,0.0,,0.0,,,16.0,106.0,0.05,0.33,401.22,330.0,170.0,1.03,0.53,31.28
179,Mount Olivet & All Faiths Cemeteries,QN0571,Mount Olivet & All Faiths Cemeteries,0.0,,100,,,0.0,,,,,0.0,,,,,0.0,,,,,0.0,,,,,0.0,,,,,0.0,,,,,0.0,,,,,0.0,,,,,0.0,,,,,0.0,,,,,0.0,,,,,0.0,,,,,0.0,,,,,0.0,,,,,0.0,,,,,0.0,,,,,0.0,,,,,0.0,,,,,0.0,,,,,0.0,,,,,0.0,,,,,0.0,,,,,0.0,,,,,0.0,,,,,0.0,,,,,0.0,,,,,0.0,,100,,,0.0,,,,,0.0,,,,,0.0,,,,,0.0,,,,,0.0,,,,,0.0,,,,,0.0,,,,,0.0,,,,,0.0,,,,,0.0,,,,,0.0,,,,,0.0,,,,,0.0,,,,,0.0,,,,,0.0,,,,,0.0,,,,,0.0,,,,,0.0,,,,,0.0,,,,,0.0,,,,,0.0,,,,,0.0,,,,,,,,,,0.0,,,,,0.0,,,,,0.0,,,,,0.0,,,,,0.0,,,,,0.0,,,,,0.0,,,,,0.0,,,,,0.0,,,,,0.0,,,,,0.0,,,,,0.0,,,,,0.0,,,,,0.0,,,,,0.0,,,,,0.0,,,,,0.0,,,,,0.0,,,,,0.0,,,,,0.0,,,,,0.0,,,,,0.0,,,,,0.0,,,,,0.0,,,,,0.0,,,,,0.0,,,,,0.0,,,,,0.0,,,,,0.0,,,,,0.0,,,,,0.0,,,,,0.0,,,,,0.0,,,,,0.0,,,,,0.0,,,,,0.0,,,,,0.0,,,,,0.0,,,,,0.0,,,,,0.0,,,,,0.0,,,,,0.0,,,,,0.0,,,,,0.0,,,,,0.0,,,,,0.0,,,,,0.0,,,,,0.0,,,,,0.0,,,,,0.0,,,,,0.0,,,,,0.0,,,,,0.0,,,,,0.0,,,,,0.0,,,,,0.0,,,,,0.0,,,,,0.0,,,,,0.0,,,,,0.0,,,,,0.0,,,,,0.0,,,,,0.0,,,,,0.0,,,,,0.0,,,,,0.0,,,,,0.0,,,,,0.0,,,,,0.0,,,,,0.0,,,,,0.0,,,,,0.0,,,,,0.0,,,,
180,Middle Village Cemetery,QN0572,Middle Village Cemetery,1.0,,100,,,1.0,1.0,100.0,57.1,34.71,3.0,6.0,21.43,39.41,121.58,0.0,,0.0,,,0.0,,0.0,,,3.0,3.0,100.13,100.0,60.71,0.0,,0.0,,,0.0,,0.0,,,11.0,3.0,78.57,17.93,16.58,0.0,,0.0,,,0.0,,0.0,,,3.0,4.0,27.26,34.2,76.27,4.0,6.0,36.35,56.7,94.82,11.0,3.0,78.57,17.93,16.58,0.0,,0.0,,,14.0,0.0,100.0,0.0,0.0,0.0,,0.0,,,3.0,6.0,21.43,39.41,121.58,0.0,,0.0,,,11.0,3.0,78.57,17.93,16.58,0.0,,0.0,,,0.0,,0.0,,,0.0,,,,,14.0,0.0,100.0,0.0,0.0,7.0,7.0,50.0,50.0,60.79,7.0,7.0,50.0,50.0,60.79,0.0,,0.0,,,14.0,,100,,,11.0,5.0,78.57,36.2,28.01,11.0,5.0,78.57,36.2,28.01,0.0,,0.0,,,3.0,6.0,21.43,39.41,121.58,3.0,3.0,100.13,100.0,60.71,0.0,,0.0,,,3.0,3.0,100.13,100.0,60.71,0.0,,0.0,,,0.0,,0.0,,,0.0,,0.0,,,0.0,,0.0,,,0.0,,0.0,,,14.0,0.0,100.0,0.0,0.0,14.0,11.0,100.0,76.1,46.26,0.0,,0.0,,,0.0,,0.0,,,11.0,3.0,78.57,17.93,16.58,11.0,9.0,99.96,85.9,52.24,11.0,9.0,99.96,85.9,52.24,0.0,,0.0,,,0.0,,0.0,,,0.0,,0.0,,,,,0.0,,,11.0,3.0,78.57,17.93,16.58,7.0,6.0,63.61,56.7,54.19,0.0,,0.0,,,0.0,,0.0,,,4.0,6.0,36.35,56.7,94.82,0.0,,0.0,,,11.0,3.0,78.57,17.93,16.58,0.0,,0.0,,,0.0,,0.0,,,0.0,,0.0,,,0.0,,0.0,,,4.0,4.0,36.35,32.3,54.02,0.0,,0.0,,,0.0,,0.0,,,0.0,,0.0,,,3.0,4.0,27.26,34.2,76.27,0.0,,0.0,,,0.0,,0.0,,,4.0,6.0,36.35,56.7,94.82,0.0,,0.0,,,0.0,,0.0,,,0.0,,0.0,,,0.0,,0.0,,,0.0,,0.0,,,1.0,1.0,100.0,57.1,34.71,0.0,,0.0,,,0.0,,0.0,,,0.0,,0.0,,,0.0,,0.0,,,0.0,,0.0,,,1.0,1.0,100.0,100.0,60.79,0.0,,0.0,,,0.0,,0.0,,,0.0,,0.0,,,0.0,,0.0,,,0.0,,0.0,,,14.0,11.0,100.0,76.1,46.26,14.0,11.0,100.0,76.1,46.26,0.0,,0.0,,,0.0,,0.0,,,4.0,5.0,28.57,33.0,70.22,10.0,5.0,71.43,33.0,28.08,0.0,,0.0,,,3.0,5.0,21.43,36.2,102.69,0.0,,0.0,,,0.0,,0.0,,,0.0,,0.0,,,0.0,,0.0,,,0.0,,0.0,,,11.0,5.0,78.57,36.2,28.01,0.0,,0.0,,,0.0,,0.0,,,0.0,,0.0,,,0.0,,0.0,,,0.0,,0.0,,,11.0,5.0,78.57,36.2,28.01,0.0,,0.0,,,10.0,5.0,71.43,33.0,28.08,4.0,5.0,28.57,33.0,70.22,0.0,,0.0,,,0.0,,0.0,,,0.0,,0.0,,,0.0,,0.0,,,0.0,,0.0,,,0.0,,0.0,,,14.0,11.0,100.0,76.1,46.26,10.0,5.0,71.43,33.0,28.08,4.0,5.0,28.57,33.0,70.22,0.0,,0.0,,,0.0,,0.0,,,0.0,,0.0,,,0.0,,0.0,,,0.0,,0.0,,
181,St. John Cemetery,QN0573,St. John Cemetery,0.0,,100,,,0.0,,,,,0.0,,,,,0.0,,,,,0.0,,,,,0.0,,,,,0.0,,,,,0.0,,,,,0.0,,,,,0.0,,,,,0.0,,,,,0.0,,,,,0.0,,,,,0.0,,,,,0.0,,,,,0.0,,,,,0.0,,,,,0.0,,,,,0.0,,,,,0.0,,,,,0.0,,,,,0.0,,,,,0.0,,,,,0.0,,,,,0.0,,,,,0.0,,,,,0.0,,,,,0.0,,100,,,0.0,,,,,0.0,,,,,0.0,,,,,0.0,,,,,0.0,,,,,0.0,,,,,0.0,,,,,0.0,,,,,0.0,,,,,0.0,,,,,0.0,,,,,0.0,,,,,0.0,,,,,0.0,,,,,0.0,,,,,0.0,,,,,0.0,,,,,0.0,,,,,0.0,,,,,0.0,,,,,0.0,,,,,0.0,,,,,,,,,,0.0,,,,,0.0,,,,,0.0,,,,,0.0,,,,,0.0,,,,,0.0,,,,,0.0,,,,,0.0,,,,,0.0,,,,,0.0,,,,,0.0,,,,,0.0,,,,,0.0,,,,,0.0,,,,,0.0,,,,,0.0,,,,,0.0,,,,,0.0,,,,,0.0,,,,,0.0,,,,,0.0,,,,,0.0,,,,,0.0,,,,,0.0,,,,,0.0,,,,,0.0,,,,,0.0,,,,,0.0,,,,,0.0,,,,,0.0,,,,,0.0,,,,,0.0,,,,,0.0,,,,,0.0,,,,,0.0,,,,,0.0,,,,,0.0,,,,,0.0,,,,,0.0,,,,,0.0,,,,,0.0,,,,,0.0,,,,,0.0,,,,,0.0,,,,,0.0,,,,,0.0,,,,,0.0,,,,,0.0,,,,,0.0,,,,,0.0,,,,,0.0,,,,,0.0,,,,,0.0,,,,,0.0,,,,,0.0,,,,,0.0,,,,,0.0,,,,,0.0,,,,,0.0,,,,,0.0,,,,,0.0,,,,,0.0,,,,,0.0,,,,,0.0,,,,,0.0,,,,,0.0,,,,,0.0,,,,,0.0,,,,,0.0,,,,,0.0,,,,,0.0,,,,,0.0,,,,,0.0,,,,
182,Highland Park-Cypress Hills Cemeteries (North),QN0574,Highland Park-Cypress Hills Cemeteries (North),3.0,,100,,,1.0,1.0,33.33,43.3,78.97,1.0,2.0,17.8,27.1,121.58,0.0,,0.0,,,0.0,,0.0,,,1.0,1.0,73.25,43.5,36.1,0.0,,0.0,,,0.0,,0.0,,,4.0,3.0,71.2,59.72,45.59,1.0,1.0,27.77,23.8,52.1,1.0,1.0,27.77,21.9,47.94,0.0,,0.0,,,1.0,1.0,27.77,32.1,70.27,4.0,3.0,71.2,59.72,45.59,0.0,,0.0,,,6.0,0.0,106.8,0.0,0.0,0.0,,0.0,,,2.0,2.0,35.6,42.08,60.79,0.0,,0.0,,,3.0,3.0,53.4,52.55,60.79,0.0,,0.0,,,0.0,,0.0,,,0.0,,0.0,,,6.0,0.0,106.8,0.0,0.0,5.0,0.0,89.0,8.8,6.01,0.0,,0.0,,,0.0,,0.0,,,6.0,,100,,,4.0,2.0,71.2,36.0,30.74,4.0,2.0,71.2,36.0,30.74,0.0,,0.0,,,2.0,2.0,35.6,34.64,60.79,1.0,0.0,53.94,16.7,18.82,0.0,,0.0,,,1.0,1.0,53.94,37.3,42.04,0.0,,0.0,,,0.0,,0.0,,,0.0,,0.0,,,1.0,1.0,53.94,37.3,42.04,0.0,,0.0,,,5.0,5.0,89.0,89.04,60.79,3.0,2.0,63.19,36.0,34.63,1.0,1.0,21.06,21.4,61.77,0.0,,0.0,,,4.0,3.0,71.2,59.72,45.59,3.0,0.0,83.3,13.0,9.49,3.0,0.0,83.3,13.0,9.49,0.0,,0.0,,,0.0,,0.0,,,0.0,,0.0,,,,,0.0,,,3.0,3.0,53.4,49.51,60.79,1.0,1.0,33.97,21.7,38.83,0.0,,0.0,,,2.0,1.0,67.94,19.5,17.45,0.0,,0.0,,,0.0,,0.0,,,3.0,3.0,53.4,52.55,60.79,0.0,,0.0,,,1.0,1.0,31.62,21.9,42.1,0.0,,0.0,,,0.0,,0.0,,,1.0,1.0,31.62,23.0,44.22,0.0,,0.0,,,0.0,,0.0,,,0.0,,0.0,,,1.0,1.0,31.62,16.6,31.91,0.0,,0.0,,,0.0,,0.0,,,0.0,,0.0,,,0.0,,0.0,,,0.0,,0.0,,,0.0,,0.0,,,0.0,,0.0,,,0.0,,0.0,,,0.0,,0.0,,,0.0,,0.0,,,0.0,,0.0,,,2.0,1.0,66.67,37.2,33.92,1.0,1.0,33.33,22.9,41.77,0.0,,0.0,,,3.0,1.0,100.0,49.6,30.15,0.0,,0.0,,,0.0,,0.0,,,0.0,,0.0,,,0.0,,0.0,,,0.0,,0.0,,,6.0,1.0,106.8,24.9,14.17,5.0,1.0,89.0,10.1,6.9,1.0,1.0,17.8,14.1,48.15,0.0,,0.0,,,3.0,1.0,53.4,11.2,12.75,2.0,1.0,35.6,11.2,19.13,1.0,1.0,17.8,9.5,32.44,1.0,1.0,17.8,9.9,33.81,1.0,1.0,17.8,10.8,36.88,0.0,,0.0,,,0.0,,0.0,,,1.0,1.0,17.8,11.2,38.25,2.0,1.0,35.6,25.9,44.23,0.0,,0.0,,,0.0,,0.0,,,0.0,,0.0,,,0.0,,0.0,,,0.0,,0.0,,,0.0,,0.0,,,4.0,2.0,71.2,28.7,24.5,0.0,,0.0,,,2.0,2.0,35.6,43.4,74.11,3.0,2.0,53.4,36.6,41.67,0.0,,0.0,,,0.0,,0.0,,,0.0,,0.0,,,0.0,,0.0,,,1.0,1.0,17.8,11.2,38.25,0.0,,0.0,,,5.0,1.0,89.0,13.5,9.22,2.0,2.0,35.6,38.4,65.57,3.0,2.0,53.4,36.6,41.67,0.0,,0.0,,,0.0,,0.0,,,0.0,,0.0,,,0.0,,0.0,,,1.0,1.0,17.8,11.2,38.25
183,Rego Park,QN0601,Rego Park,13318.0,,100,,,2529.0,282.0,18.99,2.12,6.79,5307.0,492.0,18.88,1.75,5.64,366.0,108.0,6.9,2.03,17.88,243.0,123.0,4.58,2.32,30.79,1829.0,247.0,34.46,4.66,8.22,936.0,146.0,17.64,2.75,9.48,1934.0,236.0,36.44,4.45,7.42,21984.0,1341.0,78.21,4.77,3.71,1328.0,246.0,6.04,1.12,11.27,1014.0,303.0,4.61,1.38,18.2,4599.0,453.0,20.92,2.06,5.99,10777.0,600.0,49.02,2.73,3.39,23690.0,1467.0,84.27,5.22,3.76,577.0,152.0,2.44,0.64,15.94,28099.0,59.0,99.96,0.21,0.13,3237.0,362.0,11.52,1.29,6.81,4409.0,562.0,15.68,2.0,7.75,103.0,74.0,2.34,1.68,43.64,18313.0,439.0,65.15,1.56,1.46,1260.0,244.0,6.88,1.33,11.75,5373.0,332.0,19.11,1.18,3.76,1874.0,206.0,34.88,3.83,6.68,27875.0,1082.0,99.16,3.85,2.36,25375.0,538.0,91.03,1.93,1.29,2093.0,488.0,7.51,1.75,14.17,413.0,231.0,1.48,0.83,34.09,28110.0,,100,,,11294.0,703.0,40.18,2.5,3.78,10637.0,689.0,37.84,2.45,3.94,660.0,174.0,2.35,0.62,16.04,16816.0,506.0,59.82,1.8,1.83,11250.0,541.0,66.9,3.22,2.93,5566.0,541.0,33.1,3.22,5.91,3715.0,476.0,22.09,2.83,7.79,9560.0,605.0,56.85,3.6,3.85,479.0,207.0,2.85,1.23,26.24,0.0,,0.0,,,2988.0,452.0,17.77,2.69,9.2,67.0,98.0,0.4,0.58,88.15,26571.0,1442.0,94.52,5.13,3.3,7670.0,744.0,28.87,2.8,5.9,8757.0,585.0,32.96,2.2,4.06,3770.0,561.0,14.19,2.11,9.04,24170.0,1498.0,85.98,5.33,3.77,14943.0,508.0,61.82,2.1,2.07,14085.0,505.0,58.27,2.09,2.18,853.0,174.0,3.53,0.72,12.4,10.0,80.0,0.04,0.33,501.52,9227.0,508.0,38.18,2.1,3.34,,,5.71,1.15,12.4,13766.0,680.0,48.97,2.42,3.0,3004.0,314.0,21.82,2.28,6.35,678.0,176.0,4.93,1.28,15.78,8225.0,403.0,59.75,2.93,2.98,1372.0,255.0,9.97,1.85,11.28,384.0,132.0,2.79,0.96,20.92,14075.0,672.0,50.07,2.39,2.9,16.0,82.0,0.11,0.58,320.53,520.0,172.0,3.69,1.22,20.1,579.0,127.0,4.11,0.9,13.31,489.0,139.0,3.47,0.99,17.34,1326.0,280.0,9.42,1.99,12.84,881.0,186.0,6.26,1.32,12.82,517.0,156.0,3.67,1.11,18.39,1484.0,243.0,10.54,1.73,9.98,2014.0,280.0,14.31,1.99,8.45,3396.0,329.0,24.13,2.34,5.9,1315.0,276.0,9.34,1.96,12.76,1069.0,227.0,7.6,1.61,12.88,471.0,134.0,3.35,0.95,17.24,1326.0,264.0,9.96,1.98,12.08,521.0,140.0,3.91,1.05,16.32,1414.0,242.0,10.62,1.82,10.42,1062.0,205.0,7.97,1.54,11.75,1696.0,258.0,12.73,1.94,9.26,2014.0,280.0,15.12,2.1,8.44,1704.0,262.0,12.79,1.97,9.36,1997.0,289.0,14.99,2.17,8.8,996.0,224.0,7.48,1.68,13.65,588.0,124.0,4.42,0.93,12.79,10088.0,312.0,75.75,2.34,1.88,3896.0,312.0,29.25,2.34,4.86,1579.0,225.0,11.86,1.69,8.66,1018.0,196.0,7.64,1.47,11.7,403.0,123.0,3.03,0.92,18.46,1638.0,245.0,12.3,1.84,9.09,25063.0,441.0,89.2,1.57,1.07,17498.0,733.0,62.27,2.61,2.55,9871.0,790.0,35.13,2.81,4.86,3036.0,441.0,10.8,1.57,8.84,13171.0,455.0,46.85,1.62,2.1,14939.0,455.0,53.14,1.62,1.85,1539.0,340.0,5.47,1.21,13.45,1344.0,253.0,4.78,0.9,11.45,818.0,188.0,2.91,0.67,14.0,1038.0,174.0,3.69,0.62,10.21,1386.0,242.0,4.93,0.86,10.6,4450.0,481.0,15.83,1.71,6.57,3705.0,371.0,13.18,1.32,6.09,3826.0,360.0,13.61,1.28,5.72,2353.0,315.0,8.37,1.12,8.13,2275.0,388.0,8.09,1.38,10.37,2704.0,315.0,9.62,1.12,7.08,1835.0,290.0,6.53,1.03,9.59,849.0,188.0,3.02,0.67,13.49,23702.0,458.0,84.32,1.63,1.18,5373.0,500.0,19.11,1.78,5.66,15743.0,897.0,56.0,3.19,3.46,1103.0,464.0,3.92,1.65,25.59,37.0,98.0,0.13,0.35,163.67,9070.0,787.0,32.27,2.8,5.27,0.0,,0.0,,,1376.0,360.0,4.89,1.28,15.91,781.0,222.0,2.78,0.79,17.27,4893.0,647.0,17.41,2.3,8.03,23218.0,647.0,82.6,2.3,1.69,12499.0,860.0,44.46,3.06,4.18,948.0,453.0,3.37,1.61,29.04,37.0,98.0,0.13,0.35,163.67,9008.0,787.0,32.05,2.8,5.31,0.0,,0.0,,,99.0,93.0,0.35,0.33,57.32,622.0,202.0,2.21,0.72,19.8
184,Forest Hills,QN0602,Forest Hills,41697.0,,100,,,9461.0,550.0,22.69,1.32,3.54,17337.0,986.0,20.04,1.14,3.46,1664.0,298.0,9.6,1.72,10.89,913.0,191.0,5.27,1.1,12.69,6519.0,508.0,37.6,2.93,4.74,2209.0,322.0,12.74,1.86,8.88,6031.0,485.0,34.79,2.8,4.89,66617.0,2293.0,76.99,2.65,2.09,2886.0,420.0,4.33,0.63,8.84,1951.0,313.0,2.93,0.47,9.75,11146.0,766.0,16.73,1.15,4.18,37749.0,1046.0,56.67,1.57,1.68,70795.0,2449.0,81.82,2.83,2.1,1718.0,255.0,2.43,0.36,9.01,86075.0,381.0,99.48,0.44,0.27,9424.0,749.0,10.95,0.87,4.83,15721.0,1021.0,18.17,1.18,3.95,205.0,160.0,1.3,1.02,47.7,55103.0,1168.0,63.68,1.35,1.29,3585.0,501.0,6.51,0.91,8.5,15251.0,649.0,17.63,0.75,2.59,5624.0,393.0,36.88,2.58,4.25,85228.0,2042.0,98.5,2.36,1.46,76856.0,946.0,90.18,1.11,0.75,7503.0,912.0,8.8,1.07,7.39,860.0,247.0,1.01,0.29,17.45,86527.0,,100,,,45490.0,1272.0,52.57,1.47,1.7,43986.0,1281.0,50.84,1.48,1.77,1508.0,294.0,1.74,0.34,11.88,41036.0,1445.0,47.43,1.67,2.14,29485.0,841.0,71.85,2.05,1.73,11551.0,841.0,28.15,2.05,4.43,10429.0,858.0,25.41,2.09,5.0,21860.0,1067.0,53.27,2.6,2.97,703.0,238.0,1.71,0.58,20.62,22.0,140.0,0.05,0.34,413.37,7637.0,973.0,18.61,2.37,7.74,380.0,181.0,0.93,0.44,28.76,80653.0,2622.0,93.21,3.03,1.98,33691.0,1411.0,41.77,1.75,2.55,18278.0,1024.0,22.66,1.27,3.41,10223.0,1307.0,12.68,1.62,7.77,71976.0,2483.0,83.18,2.87,2.1,47020.0,943.0,65.33,1.31,1.22,44311.0,972.0,61.56,1.35,1.33,2694.0,396.0,3.74,0.55,8.94,11.0,144.0,0.02,0.2,607.9,24956.0,943.0,34.67,1.31,2.3,,,5.73,0.83,8.94,43525.0,1125.0,50.3,1.3,1.57,9570.0,649.0,21.99,1.49,4.12,2310.0,413.0,5.31,0.95,10.88,26568.0,792.0,61.04,1.82,1.81,2551.0,409.0,5.86,0.94,9.75,2005.0,322.0,4.61,0.74,9.76,44328.0,1133.0,51.23,1.31,1.55,20.0,146.0,0.05,0.33,401.22,1375.0,270.0,3.1,0.61,11.96,2011.0,386.0,4.54,0.87,11.65,1209.0,257.0,2.73,0.58,12.92,3538.0,439.0,7.98,0.99,7.54,1808.0,310.0,4.08,0.7,10.43,1868.0,332.0,4.21,0.75,10.83,5812.0,510.0,13.11,1.15,5.33,7106.0,572.0,16.03,1.29,4.89,11715.0,683.0,26.43,1.54,3.54,3072.0,452.0,6.93,1.02,8.95,2480.0,377.0,5.59,0.85,9.24,2304.0,381.0,5.2,0.86,10.05,3046.0,425.0,7.31,1.02,8.48,2232.0,350.0,5.35,0.84,9.54,3337.0,417.0,8.0,1.0,7.6,2504.0,354.0,6.01,0.85,8.6,3674.0,463.0,8.81,1.11,7.66,7359.0,584.0,17.65,1.4,4.82,5291.0,488.0,12.69,1.17,5.6,7112.0,563.0,17.06,1.35,4.81,3610.0,417.0,8.66,1.0,7.02,3547.0,388.0,8.51,0.93,6.64,31839.0,600.0,76.36,1.44,1.15,11332.0,621.0,27.18,1.49,3.33,5334.0,442.0,12.79,1.06,5.04,1930.0,313.0,4.63,0.75,9.85,646.0,213.0,1.55,0.51,20.0,3336.0,371.0,8.0,0.89,6.76,80594.0,706.0,93.63,0.82,0.53,62836.0,1369.0,73.0,1.59,1.32,26126.0,1343.0,30.35,1.56,3.12,5481.0,706.0,6.37,0.82,7.83,40324.0,839.0,46.6,0.97,1.27,46202.0,839.0,53.4,0.97,1.1,5873.0,536.0,6.79,0.62,5.55,4471.0,493.0,5.17,0.57,6.7,3604.0,398.0,4.17,0.46,6.71,2814.0,381.0,3.25,0.44,8.23,3136.0,450.0,3.62,0.52,8.73,13144.0,909.0,15.19,1.05,4.2,14757.0,839.0,17.05,0.97,3.46,11683.0,787.0,13.5,0.91,4.1,6181.0,554.0,7.14,0.64,5.45,5211.0,528.0,6.02,0.61,6.16,7786.0,614.0,9.0,0.71,4.8,4934.0,485.0,5.7,0.56,5.97,2899.0,389.0,3.35,0.45,8.17,70805.0,831.0,81.83,0.96,0.71,15630.0,848.0,18.06,0.98,3.3,55199.0,1739.0,63.79,2.01,1.92,2614.0,580.0,3.02,0.67,13.49,300.0,208.0,0.35,0.24,41.68,22239.0,1497.0,25.7,1.73,4.09,72.0,182.0,0.08,0.21,159.57,3283.0,891.0,3.79,1.03,16.52,2798.0,528.0,3.23,0.61,11.48,13126.0,1384.0,15.17,1.6,6.41,73401.0,1384.0,84.83,1.6,1.15,46132.0,1765.0,53.32,2.04,2.33,2401.0,562.0,2.77,0.65,14.26,222.0,208.0,0.26,0.24,56.11,22119.0,1497.0,25.56,1.73,4.11,72.0,182.0,0.08,0.21,159.57,228.0,182.0,0.26,0.21,49.1,2225.0,476.0,2.57,0.55,13.01
185,College Point,QN0701,College Point,9667.0,,100,,,3760.0,322.0,38.9,3.33,5.2,7054.0,612.0,23.73,2.06,5.27,343.0,148.0,4.86,2.1,26.27,255.0,97.0,3.61,1.37,23.07,2880.0,296.0,40.83,4.2,6.25,1510.0,292.0,21.41,4.14,11.75,2066.0,281.0,29.29,3.98,8.26,20203.0,1088.0,67.98,3.66,3.27,2358.0,406.0,11.67,2.01,10.47,2018.0,333.0,9.99,1.65,10.04,7037.0,535.0,34.83,2.65,4.63,4447.0,457.0,22.01,2.26,6.24,22954.0,1180.0,77.23,3.97,3.13,572.0,138.0,2.49,0.6,14.65,29074.0,241.0,97.82,0.81,0.5,1968.0,305.0,6.77,1.05,9.43,6718.0,606.0,22.6,2.04,5.48,121.0,91.0,1.8,1.36,45.93,18635.0,779.0,62.7,2.62,2.54,889.0,205.0,4.77,1.1,14.02,3725.0,351.0,12.53,1.18,5.73,972.0,176.0,26.09,4.72,11.0,29492.0,1210.0,99.23,4.07,2.49,26840.0,605.0,91.01,2.05,1.37,2305.0,572.0,7.82,1.94,15.08,341.0,198.0,1.16,0.67,35.11,29721.0,,100,,,16030.0,687.0,53.93,2.31,2.6,15731.0,681.0,52.93,2.29,2.63,301.0,110.0,1.01,0.37,22.27,13691.0,758.0,46.07,2.55,3.37,7196.0,533.0,52.56,3.89,4.5,6495.0,533.0,47.44,3.89,4.98,1217.0,238.0,8.89,1.74,11.9,7127.0,689.0,52.06,5.03,5.87,123.0,99.0,0.9,0.72,48.63,18.0,81.0,0.13,0.59,275.89,5196.0,661.0,37.95,4.83,7.74,9.0,74.0,0.07,0.54,468.95,27582.0,1510.0,92.8,5.08,3.33,9149.0,811.0,33.17,2.94,5.39,11931.0,877.0,43.26,3.18,4.47,8510.0,1010.0,30.85,3.66,7.21,23760.0,1299.0,79.94,4.37,3.32,14245.0,516.0,59.95,2.17,2.2,13333.0,508.0,56.11,2.14,2.32,869.0,228.0,3.66,0.96,15.94,40.0,81.0,0.17,0.34,121.58,9515.0,516.0,40.05,2.17,3.29,,,6.1,1.59,15.95,12979.0,618.0,43.67,2.08,2.89,5304.0,465.0,40.87,3.58,5.32,1915.0,335.0,14.76,2.58,10.63,4379.0,435.0,33.74,3.35,6.04,835.0,261.0,6.43,2.01,19.0,393.0,147.0,3.03,1.13,22.67,13333.0,627.0,44.86,2.11,2.86,26.0,75.0,0.2,0.56,170.21,1305.0,249.0,9.79,1.87,11.61,627.0,188.0,4.7,1.41,18.24,632.0,161.0,4.74,1.21,15.52,1566.0,329.0,11.75,2.47,12.78,1100.0,239.0,8.25,1.79,13.19,217.0,95.0,1.63,0.71,26.48,880.0,204.0,6.6,1.53,14.09,1387.0,247.0,10.4,1.85,10.81,2414.0,376.0,18.11,2.82,9.47,1547.0,293.0,11.6,2.2,11.53,1136.0,287.0,8.52,2.15,15.34,498.0,161.0,3.74,1.21,19.67,563.0,171.0,5.82,1.77,18.49,348.0,129.0,3.6,1.33,22.46,1021.0,220.0,10.56,2.28,13.13,975.0,235.0,10.09,2.43,14.64,1258.0,245.0,13.01,2.53,11.82,1690.0,241.0,17.48,2.49,8.66,1429.0,237.0,14.78,2.45,10.08,1356.0,225.0,14.03,2.33,10.1,586.0,148.0,6.06,1.53,15.35,440.0,147.0,4.55,1.52,20.31,8088.0,243.0,83.67,2.51,1.82,2455.0,278.0,25.4,2.88,6.89,1159.0,189.0,11.99,1.95,9.89,413.0,115.0,4.27,1.19,16.94,333.0,132.0,3.44,1.37,24.21,1091.0,230.0,11.29,2.38,12.81,24087.0,643.0,82.85,2.21,1.62,15420.0,1000.0,53.04,3.44,3.94,10473.0,866.0,36.02,2.98,5.03,4987.0,643.0,17.15,2.21,7.83,14858.0,517.0,49.99,1.74,2.12,14863.0,517.0,50.01,1.74,2.12,2139.0,380.0,7.2,1.28,10.81,1871.0,294.0,6.3,0.99,9.55,1532.0,270.0,5.15,0.91,10.74,1872.0,372.0,6.3,1.25,12.06,2085.0,336.0,7.02,1.13,9.79,4349.0,538.0,14.63,1.81,7.52,3638.0,392.0,12.24,1.32,6.56,4369.0,422.0,14.7,1.42,5.87,1856.0,282.0,6.24,0.95,9.25,1835.0,306.0,6.17,1.03,10.15,2278.0,339.0,7.66,1.14,9.05,1274.0,229.0,4.29,0.77,10.91,612.0,140.0,2.06,0.47,13.87,22996.0,514.0,77.37,1.73,1.36,4166.0,422.0,14.02,1.42,6.16,11273.0,904.0,37.93,3.04,4.87,646.0,294.0,2.17,0.99,27.73,196.0,196.0,0.66,0.66,60.79,9381.0,1070.0,31.56,3.6,6.93,50.0,101.0,0.17,0.34,121.58,7100.0,1118.0,23.89,3.76,9.57,1075.0,479.0,3.62,1.61,27.04,10624.0,1147.0,35.75,3.86,6.56,19097.0,1147.0,64.25,3.86,3.65,8173.0,698.0,27.5,2.35,5.19,600.0,294.0,2.02,0.99,29.79,196.0,196.0,0.66,0.66,60.79,9260.0,1061.0,31.16,3.57,6.96,50.0,101.0,0.17,0.34,121.58,134.0,119.0,0.45,0.4,54.04,684.0,437.0,2.3,1.47,38.85
186,Whitestone-Beechhurst,QN0702,Whitestone-Beechhurst,10536.0,,100,,,3055.0,312.0,29.0,2.96,6.2,6317.0,613.0,23.19,2.25,5.9,583.0,172.0,9.23,2.73,17.98,460.0,191.0,7.28,3.03,25.3,2209.0,305.0,34.97,4.83,8.4,1137.0,220.0,18.0,3.49,11.79,1928.0,272.0,30.52,4.31,8.58,20095.0,1215.0,73.76,4.46,3.68,1674.0,271.0,8.33,1.35,9.85,1103.0,237.0,5.49,1.18,13.07,5222.0,430.0,25.99,2.14,5.01,7307.0,496.0,36.36,2.47,4.13,21759.0,1316.0,79.87,4.83,3.68,1038.0,196.0,4.77,0.9,11.47,27052.0,632.0,99.3,2.32,1.42,2755.0,338.0,10.18,1.25,7.46,5475.0,575.0,20.1,2.11,6.38,52.0,64.0,0.95,1.16,74.23,15870.0,828.0,58.25,3.04,3.17,905.0,194.0,5.7,1.22,13.01,5701.0,433.0,20.93,1.59,4.62,1795.0,235.0,31.49,4.13,7.97,27021.0,1534.0,99.18,5.63,3.45,25266.0,559.0,93.51,2.07,1.35,1667.0,554.0,6.17,2.05,20.2,90.0,100.0,0.33,0.37,68.16,27244.0,,100,,,17909.0,689.0,65.74,2.53,2.34,17527.0,692.0,64.33,2.54,2.4,378.0,155.0,1.39,0.57,24.93,9335.0,760.0,34.26,2.79,4.95,6722.0,447.0,72.01,4.79,4.04,2614.0,447.0,28.0,4.79,10.4,3507.0,454.0,37.57,4.86,7.86,4170.0,510.0,44.67,5.46,7.43,61.0,77.0,0.65,0.82,76.69,0.0,,0.0,,,1600.0,373.0,17.14,4.0,14.19,0.0,,0.0,,,25502.0,932.0,93.61,3.42,2.22,12463.0,880.0,48.87,3.45,4.29,6689.0,717.0,26.23,2.81,6.51,2579.0,617.0,10.11,2.42,14.55,22242.0,1357.0,81.64,4.98,3.71,13428.0,480.0,60.37,2.16,2.18,12630.0,483.0,56.79,2.17,2.32,792.0,173.0,3.56,0.78,13.32,12.0,71.0,0.05,0.32,389.06,8813.0,480.0,39.62,2.16,3.31,,,5.9,1.27,13.28,12247.0,458.0,44.95,1.68,2.27,7602.0,399.0,62.07,3.26,3.19,1224.0,301.0,9.99,2.46,14.97,2785.0,322.0,22.74,2.63,7.03,340.0,126.0,2.78,1.03,22.52,231.0,103.0,1.89,0.84,27.02,12635.0,417.0,46.38,1.53,2.01,72.0,91.0,0.57,0.72,76.79,1037.0,217.0,8.21,1.72,12.74,746.0,277.0,5.9,2.19,22.56,358.0,109.0,2.83,0.86,18.47,1377.0,292.0,10.9,2.31,12.88,776.0,173.0,6.14,1.37,13.56,401.0,155.0,3.17,1.23,23.59,1499.0,246.0,11.86,1.95,10.0,1336.0,226.0,10.57,1.79,10.29,2854.0,311.0,22.59,2.46,6.62,1006.0,243.0,7.96,1.92,14.66,630.0,173.0,4.99,1.37,16.69,535.0,133.0,4.23,1.05,15.09,288.0,121.0,2.73,1.15,25.61,289.0,113.0,2.74,1.07,23.74,874.0,180.0,8.3,1.71,12.52,629.0,149.0,5.97,1.41,14.36,957.0,191.0,9.08,1.81,12.12,1978.0,272.0,18.77,2.58,8.36,1271.0,223.0,12.06,2.12,10.69,2318.0,318.0,22.0,3.02,8.34,1165.0,229.0,11.06,2.17,11.93,764.0,178.0,7.25,1.69,14.17,8040.0,284.0,76.31,2.7,2.15,4087.0,318.0,38.79,3.02,4.73,2055.0,274.0,19.5,2.6,8.11,330.0,116.0,3.13,1.1,21.36,62.0,63.0,0.59,0.6,61.82,689.0,189.0,6.54,1.79,16.64,24916.0,449.0,92.1,1.66,1.1,20152.0,782.0,74.49,2.89,2.36,8178.0,701.0,30.23,2.59,5.21,2136.0,449.0,7.9,1.66,12.77,13184.0,381.0,48.39,1.4,1.76,14060.0,381.0,51.61,1.4,1.65,1742.0,308.0,6.39,1.13,10.75,1416.0,278.0,5.2,1.02,11.92,1429.0,283.0,5.25,1.04,12.04,1292.0,275.0,4.74,1.01,12.95,1263.0,242.0,4.64,0.89,11.66,3394.0,409.0,12.46,1.5,7.32,3340.0,357.0,12.26,1.31,6.5,3686.0,398.0,13.53,1.46,6.56,2038.0,294.0,7.48,1.08,8.78,1805.0,283.0,6.63,1.04,9.54,3165.0,392.0,11.62,1.44,7.53,1893.0,300.0,6.95,1.1,9.62,777.0,177.0,2.85,0.65,13.86,21769.0,479.0,79.9,1.76,1.34,5830.0,512.0,21.4,1.88,5.34,19879.0,899.0,72.97,3.3,2.75,135.0,112.0,0.5,0.41,49.85,84.0,117.0,0.31,0.43,84.32,5684.0,836.0,20.86,3.07,8.95,0.0,,0.0,,,1021.0,371.0,3.75,1.36,22.05,444.0,327.0,1.63,1.2,44.75,3622.0,749.0,13.29,2.75,12.58,23622.0,749.0,86.71,2.75,1.93,17190.0,984.0,63.1,3.61,3.48,128.0,114.0,0.47,0.42,54.32,55.0,112.0,0.2,0.41,124.62,5671.0,836.0,20.82,3.07,8.96,0.0,,0.0,,,163.0,125.0,0.6,0.46,46.61,424.0,327.0,1.56,1.2,46.76
187,Bay Terrace-Clearview,QN0703,Bay Terrace-Clearview,10915.0,,100,,,2245.0,294.0,20.57,2.69,7.95,3838.0,590.0,17.49,2.69,9.35,212.0,113.0,5.52,2.94,32.38,152.0,107.0,3.96,2.8,42.98,1325.0,299.0,34.53,7.79,13.71,824.0,214.0,21.47,5.57,15.77,1325.0,221.0,34.53,5.77,10.16,17144.0,1172.0,78.12,5.34,4.16,746.0,209.0,4.35,1.22,17.05,907.0,233.0,5.29,1.36,15.63,3830.0,442.0,22.34,2.58,7.02,8132.0,538.0,47.43,3.14,4.02,18614.0,1310.0,84.82,5.97,4.28,1152.0,238.0,6.19,1.28,12.57,21945.0,0.0,100.0,0.0,0.0,3095.0,395.0,14.1,1.8,7.76,3331.0,481.0,15.18,2.19,8.78,90.0,89.0,2.7,2.67,60.11,12942.0,634.0,58.97,2.89,2.98,825.0,233.0,6.37,1.8,17.18,5660.0,406.0,25.79,1.85,4.36,2178.0,254.0,38.48,4.49,7.09,21563.0,1088.0,98.26,4.96,3.07,19714.0,612.0,91.43,2.84,1.89,1407.0,524.0,6.53,2.43,22.62,435.0,369.0,2.02,1.71,51.46,21945.0,,100,,,14521.0,729.0,66.17,3.32,3.05,14392.0,737.0,65.58,3.36,3.11,127.0,81.0,0.58,0.37,38.78,7424.0,720.0,33.83,3.28,5.9,4976.0,494.0,67.02,6.65,6.03,2448.0,494.0,32.97,6.65,12.26,2086.0,364.0,28.1,4.9,10.6,4295.0,437.0,57.85,5.88,6.18,19.0,62.0,0.26,0.83,194.06,8.0,59.0,0.11,0.8,442.11,975.0,386.0,13.13,5.2,24.08,42.0,57.0,0.57,0.77,82.12,20784.0,1409.0,94.71,6.42,4.12,11362.0,840.0,54.67,4.04,4.49,4004.0,619.0,19.26,2.98,9.41,1722.0,524.0,8.29,2.52,18.48,18858.0,1330.0,85.93,6.06,4.29,10742.0,554.0,56.96,2.94,3.14,10084.0,551.0,53.47,2.92,3.32,653.0,183.0,3.46,0.97,17.04,0.0,,0.0,,,8116.0,554.0,43.04,2.94,4.15,,,6.08,1.67,17.04,9829.0,448.0,44.79,2.04,2.77,5746.0,393.0,58.46,4.0,4.16,473.0,148.0,4.81,1.51,19.08,2861.0,357.0,29.11,3.63,7.58,228.0,141.0,2.32,1.43,37.47,397.0,140.0,4.04,1.42,21.37,10092.0,456.0,45.99,2.08,2.75,0.0,,0.0,,,662.0,214.0,6.56,2.12,19.65,338.0,132.0,3.35,1.31,23.77,496.0,168.0,4.91,1.66,20.55,1020.0,228.0,10.11,2.26,13.59,472.0,151.0,4.68,1.5,19.48,498.0,166.0,4.93,1.64,20.22,1075.0,219.0,10.65,2.17,12.39,1414.0,276.0,14.01,2.73,11.85,2581.0,324.0,25.58,3.21,7.63,771.0,207.0,7.64,2.05,16.31,397.0,150.0,3.93,1.49,23.05,359.0,131.0,3.56,1.3,22.2,577.0,170.0,5.29,1.56,17.93,445.0,136.0,4.08,1.25,18.62,801.0,194.0,7.34,1.78,14.74,622.0,167.0,5.7,1.53,16.32,1018.0,225.0,9.33,2.06,13.42,1915.0,310.0,17.54,2.84,9.84,1633.0,262.0,14.96,2.4,9.75,1925.0,294.0,17.64,2.69,9.27,1151.0,236.0,10.55,2.16,12.45,830.0,213.0,7.6,1.95,15.6,7443.0,317.0,68.19,2.9,2.59,4531.0,353.0,41.51,3.23,4.73,2528.0,306.0,23.16,2.8,7.35,298.0,124.0,2.73,1.14,25.38,44.0,69.0,0.4,0.63,95.74,385.0,130.0,3.53,1.19,20.49,21101.0,283.0,96.15,1.29,0.82,17559.0,564.0,80.01,2.57,1.95,7591.0,715.0,34.59,3.26,5.73,844.0,283.0,3.85,1.29,20.37,10197.0,388.0,46.47,1.77,2.32,11748.0,388.0,53.53,1.77,2.01,1161.0,301.0,5.29,1.37,15.74,951.0,279.0,4.33,1.27,17.83,750.0,219.0,3.42,1.0,17.77,893.0,239.0,4.07,1.09,16.28,1042.0,272.0,4.75,1.24,15.87,1936.0,410.0,8.82,1.87,12.89,3119.0,441.0,14.21,2.01,8.6,3212.0,448.0,14.64,2.04,8.47,1747.0,334.0,7.96,1.52,11.61,1461.0,277.0,6.66,1.26,11.5,2447.0,331.0,11.15,1.51,8.23,1916.0,318.0,8.73,1.45,10.1,1297.0,257.0,5.91,1.17,12.03,18614.0,399.0,84.82,1.82,1.3,5660.0,584.0,25.79,2.66,6.27,15085.0,880.0,68.74,4.01,3.55,351.0,301.0,1.6,1.37,52.05,50.0,66.0,0.23,0.3,79.29,4872.0,757.0,22.2,3.45,9.45,0.0,,0.0,,,1086.0,645.0,4.95,2.94,36.11,496.0,244.0,2.26,1.11,29.86,3064.0,836.0,13.96,3.81,16.59,18881.0,836.0,86.04,3.81,2.69,13407.0,898.0,61.09,4.09,4.07,141.0,97.0,0.64,0.44,41.79,48.0,70.0,0.22,0.32,88.42,4872.0,757.0,22.2,3.45,9.45,0.0,,0.0,,,38.0,86.0,0.17,0.39,139.46,364.0,222.0,1.66,1.01,36.99
188,Murray Hill-Broadway Flushing,QN0704,Murray Hill-Broadway Flushing,20408.0,,100,,,5556.0,424.0,27.22,2.08,4.65,12260.0,761.0,21.6,1.34,3.77,646.0,180.0,5.27,1.47,16.96,555.0,180.0,4.53,1.47,19.73,4266.0,374.0,34.8,3.05,5.33,1864.0,271.0,15.2,2.21,8.84,4931.0,411.0,40.22,3.35,5.06,43144.0,1442.0,76.02,2.54,2.03,4972.0,613.0,11.52,1.42,7.49,4701.0,531.0,10.9,1.23,6.86,11429.0,721.0,26.49,1.67,3.83,11338.0,759.0,26.28,1.76,4.07,47230.0,1532.0,83.22,2.7,1.97,1153.0,198.0,2.44,0.42,10.46,56011.0,1090.0,98.69,1.92,1.18,4662.0,498.0,8.32,0.89,6.5,9513.0,755.0,16.76,1.33,4.82,173.0,103.0,1.82,1.08,36.07,37273.0,823.0,65.67,1.45,1.34,1686.0,298.0,4.52,0.8,10.76,9240.0,516.0,16.28,0.91,3.39,2806.0,302.0,30.37,3.27,6.55,56141.0,1918.0,98.92,3.38,2.08,52344.0,618.0,93.24,1.1,0.72,3076.0,528.0,5.48,0.94,10.43,716.0,298.0,1.28,0.53,25.17,56756.0,,100,,,23243.0,993.0,40.95,1.75,2.6,22209.0,954.0,39.13,1.68,2.61,1028.0,301.0,1.81,0.53,17.8,33514.0,863.0,59.05,1.52,1.57,16841.0,858.0,50.25,2.56,3.1,16673.0,858.0,49.75,2.56,3.13,2903.0,429.0,8.66,1.28,8.99,25544.0,828.0,76.22,2.47,1.97,134.0,154.0,0.4,0.46,69.91,6.0,104.0,0.02,0.31,942.25,4863.0,717.0,14.51,2.14,8.97,65.0,107.0,0.19,0.32,102.38,53839.0,2196.0,94.86,3.87,2.48,13117.0,872.0,24.36,1.62,4.04,28711.0,996.0,53.33,1.85,2.11,7404.0,1066.0,13.75,1.98,8.75,48119.0,1555.0,84.78,2.74,1.96,27862.0,731.0,57.9,1.52,1.6,26213.0,770.0,54.48,1.6,1.79,1629.0,294.0,3.39,0.61,10.94,20.0,101.0,0.04,0.21,319.15,20258.0,731.0,42.1,1.52,2.19,,,5.85,1.04,10.97,25494.0,789.0,44.92,1.39,1.88,8639.0,505.0,33.89,1.98,3.55,3134.0,454.0,12.29,1.78,8.8,9851.0,619.0,38.64,2.43,3.82,3042.0,449.0,11.93,1.76,8.97,467.0,135.0,1.83,0.53,17.61,26222.0,817.0,46.2,1.44,1.89,58.0,110.0,0.22,0.42,116.05,1592.0,296.0,6.07,1.13,11.32,1188.0,257.0,4.53,0.98,13.15,746.0,170.0,2.84,0.65,13.91,3035.0,357.0,11.57,1.36,7.15,1733.0,288.0,6.61,1.1,10.12,706.0,178.0,2.69,0.68,15.37,2158.0,317.0,8.23,1.21,8.94,2833.0,349.0,10.8,1.33,7.49,5152.0,443.0,19.65,1.69,5.23,3562.0,469.0,13.58,1.79,8.01,2800.0,401.0,10.68,1.53,8.71,663.0,189.0,2.53,0.72,17.3,1748.0,314.0,8.57,1.54,10.92,1055.0,204.0,5.17,1.0,11.76,2472.0,349.0,12.11,1.71,8.58,2169.0,327.0,10.63,1.6,9.15,2445.0,337.0,11.98,1.65,8.37,3552.0,373.0,17.4,1.83,6.39,2398.0,343.0,11.75,1.68,8.69,2341.0,284.0,11.47,1.39,7.37,1003.0,192.0,4.91,0.94,11.64,1216.0,196.0,5.96,0.96,9.79,15814.0,390.0,77.49,1.91,1.5,5859.0,384.0,28.71,1.88,3.98,2545.0,294.0,12.47,1.44,7.02,1273.0,251.0,6.24,1.23,11.98,779.0,186.0,3.82,0.91,14.48,2463.0,322.0,12.07,1.58,7.96,45001.0,963.0,80.34,1.72,1.3,28199.0,1187.0,50.35,2.12,2.56,20337.0,1126.0,36.31,2.01,3.37,11010.0,963.0,19.66,1.72,5.32,26569.0,636.0,46.81,1.12,1.45,30187.0,636.0,53.19,1.12,1.28,2917.0,448.0,5.14,0.79,9.34,2599.0,369.0,4.58,0.65,8.63,2560.0,306.0,4.51,0.54,7.28,2057.0,301.0,3.62,0.53,8.9,3467.0,409.0,6.11,0.72,7.16,8464.0,664.0,14.91,1.17,4.77,7558.0,619.0,13.32,1.09,4.97,9218.0,709.0,16.24,1.25,4.68,4282.0,431.0,7.54,0.76,6.13,3755.0,477.0,6.62,0.84,7.71,5253.0,488.0,9.26,0.86,5.65,2993.0,369.0,5.27,0.65,7.5,1612.0,255.0,2.84,0.45,9.63,47247.0,664.0,83.25,1.17,0.85,9853.0,664.0,17.36,1.17,4.1,16991.0,1112.0,29.94,1.96,3.98,1168.0,335.0,2.06,0.59,17.41,174.0,148.0,0.31,0.26,50.99,31986.0,1413.0,56.36,2.49,2.69,36.0,108.0,0.06,0.19,192.5,4663.0,959.0,8.22,1.69,12.5,1750.0,664.0,3.08,1.17,23.09,8711.0,1220.0,15.35,2.15,8.51,48045.0,1220.0,84.65,2.15,1.54,13762.0,965.0,24.25,1.7,4.26,831.0,301.0,1.46,0.53,22.07,124.0,142.0,0.22,0.25,69.08,31986.0,1413.0,56.36,2.49,2.69,36.0,108.0,0.06,0.19,192.5,465.0,255.0,0.82,0.45,33.36,839.0,318.0,1.48,0.56,23.0
189,East Flushing,QN0705,East Flushing,10777.0,,100,,,3071.0,233.0,28.5,2.16,4.61,6610.0,444.0,21.28,1.43,4.08,228.0,85.0,3.45,1.29,22.73,313.0,105.0,4.74,1.59,20.39,2365.0,227.0,35.78,3.44,5.84,1053.0,162.0,15.93,2.45,9.35,2651.0,234.0,40.11,3.54,5.37,23656.0,677.0,76.15,2.18,1.74,3293.0,341.0,13.92,1.44,6.29,3081.0,364.0,13.02,1.54,7.19,6356.0,438.0,26.87,1.85,4.19,5683.0,438.0,24.02,1.85,4.68,26223.0,699.0,84.41,2.25,1.62,456.0,89.0,1.74,0.34,11.88,31015.0,75.0,99.84,0.24,0.15,2378.0,264.0,7.67,0.85,6.74,4837.0,370.0,15.57,1.19,4.65,141.0,85.0,2.91,1.76,36.77,20830.0,584.0,67.05,1.88,1.7,812.0,150.0,3.9,0.72,11.22,5350.0,329.0,17.22,1.06,3.74,1426.0,172.0,26.65,3.21,7.32,30851.0,901.0,99.31,2.9,1.78,28902.0,364.0,93.68,1.18,0.77,1576.0,333.0,5.11,1.08,12.85,374.0,145.0,1.21,0.47,23.61,31066.0,,100,,,10812.0,581.0,34.8,1.87,3.27,10330.0,565.0,33.25,1.82,3.33,477.0,149.0,1.54,0.48,18.95,20254.0,547.0,65.2,1.76,1.64,10060.0,551.0,49.67,2.72,3.33,10194.0,551.0,50.33,2.72,3.29,758.0,154.0,3.74,0.76,12.35,15832.0,516.0,78.17,2.55,1.98,34.0,107.0,0.17,0.53,189.52,14.0,103.0,0.07,0.51,442.9,3572.0,500.0,17.64,2.47,8.51,38.0,99.0,0.19,0.49,156.77,29943.0,1156.0,96.39,3.72,2.35,5513.0,545.0,18.41,1.82,6.01,17859.0,692.0,59.64,2.31,2.35,5059.0,710.0,16.9,2.37,8.53,26722.0,696.0,86.02,2.24,1.58,15399.0,465.0,57.63,1.74,1.84,14575.0,470.0,54.54,1.76,1.96,829.0,155.0,3.1,0.58,11.37,0.0,,0.0,,,11323.0,465.0,42.37,1.74,2.5,,,5.38,0.99,11.37,14200.0,525.0,45.71,1.69,2.25,4292.0,308.0,30.23,2.17,4.36,2228.0,277.0,15.69,1.95,7.56,5807.0,369.0,40.89,2.6,3.87,1185.0,223.0,8.35,1.57,11.43,392.0,112.0,2.76,0.79,17.4,14575.0,522.0,46.92,1.68,2.18,10.0,99.0,0.07,0.68,590.53,976.0,176.0,6.7,1.21,10.98,807.0,178.0,5.54,1.22,13.39,415.0,105.0,2.85,0.72,15.36,1442.0,216.0,9.89,1.48,9.1,972.0,179.0,6.67,1.23,11.21,297.0,96.0,2.04,0.66,19.67,1204.0,197.0,8.26,1.35,9.94,1059.0,208.0,7.27,1.43,11.96,3226.0,296.0,22.13,2.03,5.58,1950.0,258.0,13.38,1.77,8.04,1897.0,255.0,13.02,1.75,8.17,323.0,83.0,2.22,0.57,15.61,1093.0,182.0,10.14,1.69,10.13,685.0,155.0,6.36,1.44,13.76,1363.0,211.0,12.65,1.96,9.42,1237.0,195.0,11.48,1.81,9.58,1497.0,194.0,13.89,1.8,7.88,1471.0,196.0,13.65,1.82,8.11,1249.0,183.0,11.59,1.7,8.92,1301.0,184.0,12.07,1.71,8.61,481.0,97.0,4.46,0.9,12.27,396.0,100.0,3.67,0.93,15.4,8140.0,233.0,75.53,2.16,1.74,3133.0,240.0,29.07,2.23,4.66,1205.0,153.0,11.18,1.42,7.72,905.0,151.0,8.4,1.4,10.13,285.0,92.0,2.64,0.85,19.57,1808.0,204.0,16.78,1.89,6.85,23665.0,626.0,76.3,2.02,1.61,13412.0,769.0,43.24,2.48,3.49,11896.0,701.0,38.36,2.26,3.58,7349.0,626.0,23.7,2.02,5.18,15527.0,379.0,49.98,1.22,1.48,15539.0,379.0,50.02,1.22,1.48,1123.0,196.0,3.61,0.63,10.61,1542.0,239.0,4.96,0.77,9.44,1353.0,205.0,4.36,0.66,9.2,1259.0,186.0,4.05,0.6,9.01,2139.0,258.0,6.89,0.83,7.32,4858.0,457.0,15.64,1.47,5.71,4206.0,376.0,13.54,1.21,5.43,4918.0,395.0,15.83,1.27,4.88,2385.0,283.0,7.68,0.91,7.2,1926.0,261.0,6.2,0.84,8.24,2773.0,311.0,8.93,1.0,6.81,1844.0,258.0,5.94,0.83,8.49,745.0,143.0,2.4,0.46,11.65,26223.0,354.0,84.41,1.14,0.82,5368.0,413.0,17.28,1.33,4.68,6279.0,547.0,20.21,1.76,5.29,1165.0,301.0,3.75,0.97,15.72,80.0,118.0,0.26,0.38,88.85,19441.0,780.0,62.58,2.51,2.44,0.0,,0.0,,,3292.0,652.0,10.6,2.1,12.04,806.0,267.0,2.59,0.86,20.19,5839.0,721.0,18.8,2.32,7.5,25227.0,721.0,81.2,2.32,1.74,4006.0,410.0,12.9,1.32,6.22,1023.0,280.0,3.29,0.9,16.63,51.0,109.0,0.16,0.35,132.98,19423.0,780.0,62.52,2.51,2.44,0.0,,0.0,,,235.0,233.0,0.76,0.75,59.99,489.0,180.0,1.57,0.58,22.46
190,Queensboro Hill,QN0706,Queensboro Hill,6629.0,,100,,,2414.0,249.0,36.42,3.75,6.26,4934.0,481.0,22.99,2.24,5.93,147.0,75.0,2.98,1.52,31.01,239.0,91.0,4.84,1.85,23.24,1550.0,214.0,31.41,4.33,8.38,1103.0,185.0,22.35,3.75,10.2,1895.0,232.0,38.41,4.7,7.44,15502.0,974.0,72.24,4.54,3.82,2569.0,392.0,16.57,2.53,9.28,2063.0,321.0,13.31,2.07,9.45,4567.0,439.0,29.46,2.83,5.84,3651.0,409.0,23.55,2.64,6.81,17396.0,1206.0,81.06,5.62,4.21,299.0,83.0,1.72,0.48,16.96,21435.0,90.0,99.88,0.42,0.26,1458.0,232.0,6.8,1.08,9.65,4035.0,444.0,18.8,2.07,6.69,76.0,84.0,1.88,2.07,66.93,14271.0,425.0,66.5,1.98,1.81,478.0,140.0,3.35,0.98,17.78,3129.0,294.0,14.58,1.37,5.71,907.0,139.0,28.98,4.43,9.29,21288.0,1146.0,99.2,5.34,3.27,19317.0,473.0,90.74,2.22,1.49,1567.0,424.0,7.36,1.99,16.44,404.0,198.0,1.9,0.93,29.76,21460.0,,100,,,7542.0,502.0,35.14,2.34,4.05,7375.0,500.0,34.37,2.33,4.12,168.0,94.0,0.78,0.44,34.29,13918.0,455.0,64.86,2.12,1.99,7752.0,579.0,55.7,4.16,4.54,6166.0,579.0,44.3,4.16,5.71,698.0,167.0,5.02,1.2,14.53,10736.0,508.0,77.14,3.65,2.88,142.0,90.0,1.02,0.65,38.74,0.0,,0.0,,,2330.0,483.0,16.74,3.47,12.6,8.0,60.0,0.06,0.43,435.66,20013.0,1262.0,93.26,5.88,3.83,3371.0,470.0,16.84,2.35,8.48,11406.0,652.0,56.99,3.26,3.48,3157.0,652.0,15.77,3.26,12.57,18088.0,1262.0,84.29,5.88,4.24,10216.0,385.0,56.48,2.13,2.29,9437.0,356.0,52.17,1.97,2.3,754.0,163.0,4.17,0.9,13.12,25.0,71.0,0.14,0.39,169.34,7872.0,385.0,43.52,2.13,2.98,,,7.38,1.57,13.14,9186.0,333.0,42.81,1.55,2.2,3572.0,328.0,38.88,3.57,5.58,1526.0,282.0,16.61,3.07,11.24,3626.0,313.0,39.47,3.41,5.25,298.0,115.0,3.24,1.25,23.45,44.0,47.0,0.48,0.51,64.59,9432.0,350.0,43.95,1.63,2.26,0.0,,0.0,,,558.0,157.0,5.92,1.66,17.05,462.0,127.0,4.9,1.35,16.75,305.0,114.0,3.23,1.21,22.77,1052.0,204.0,11.15,2.16,11.78,719.0,207.0,7.62,2.19,17.47,178.0,74.0,1.89,0.78,25.09,518.0,145.0,5.49,1.54,17.05,777.0,179.0,8.24,1.9,14.02,1874.0,261.0,19.87,2.77,8.47,1563.0,261.0,16.57,2.77,10.16,1010.0,272.0,10.71,2.88,16.35,419.0,123.0,4.44,1.3,17.8,439.0,127.0,6.62,1.91,17.54,223.0,80.0,3.36,1.21,21.89,689.0,176.0,10.39,2.65,15.5,743.0,171.0,11.21,2.58,13.99,779.0,165.0,11.75,2.49,12.88,1462.0,221.0,22.05,3.33,9.18,790.0,160.0,11.92,2.41,12.29,915.0,185.0,13.8,2.79,12.29,342.0,107.0,5.16,1.62,19.09,245.0,82.0,3.7,1.23,20.21,5502.0,174.0,83.0,2.62,1.92,1829.0,200.0,27.59,3.01,6.63,829.0,171.0,12.51,2.58,12.54,350.0,109.0,5.28,1.65,19.0,228.0,83.0,3.44,1.25,22.09,861.0,179.0,12.99,2.7,12.64,17125.0,559.0,79.89,2.61,1.99,10079.0,742.0,47.02,3.46,4.47,8376.0,701.0,39.08,3.27,5.09,4310.0,559.0,20.11,2.61,7.89,10666.0,354.0,49.7,1.65,2.02,10794.0,354.0,50.3,1.65,1.99,1447.0,285.0,6.74,1.33,12.0,888.0,185.0,4.14,0.86,12.63,910.0,182.0,4.24,0.85,12.19,1369.0,238.0,6.38,1.11,10.58,1341.0,268.0,6.25,1.25,12.16,3584.0,446.0,16.7,2.08,7.57,2474.0,277.0,11.53,1.29,6.8,3229.0,371.0,15.05,1.73,6.99,1506.0,245.0,7.02,1.14,9.87,1570.0,262.0,7.32,1.22,10.13,1813.0,294.0,8.45,1.37,9.86,915.0,152.0,4.26,0.71,10.13,398.0,116.0,1.85,0.54,17.74,17425.0,386.0,81.2,1.8,1.35,3129.0,346.0,14.58,1.61,6.71,4330.0,579.0,20.18,2.7,8.13,369.0,208.0,1.72,0.97,34.28,107.0,86.0,0.5,0.4,48.63,14196.0,773.0,66.15,3.6,3.31,0.0,,0.0,,,1986.0,603.0,9.25,2.81,18.47,477.0,258.0,2.22,1.2,32.86,3613.0,715.0,16.84,3.33,12.02,17847.0,715.0,83.16,3.33,2.43,2981.0,440.0,13.89,2.05,8.97,306.0,204.0,1.43,0.95,40.39,38.0,79.0,0.18,0.37,124.96,14196.0,773.0,66.15,3.6,3.31,0.0,,0.0,,,5.0,60.0,0.02,0.28,851.06,311.0,240.0,1.45,1.12,46.96
191,Flushing-Willets Point,QN0707,Flushing-Willets Point,26085.0,,100,,,7287.0,590.0,27.94,2.26,4.92,12630.0,917.0,20.38,1.48,4.41,516.0,196.0,4.09,1.55,23.04,636.0,191.0,5.04,1.51,18.21,4403.0,464.0,34.86,3.67,6.4,2325.0,369.0,18.41,2.92,9.64,4752.0,470.0,37.62,3.72,6.01,47301.0,1270.0,76.33,2.05,1.63,6133.0,615.0,12.97,1.3,6.09,6744.0,705.0,14.26,1.49,6.35,13516.0,837.0,28.57,1.77,3.77,10700.0,771.0,22.62,1.63,4.38,51874.0,1698.0,83.71,2.74,1.99,622.0,161.0,1.2,0.31,15.7,61050.0,595.0,98.52,0.96,0.59,4685.0,507.0,7.67,0.83,6.58,10064.0,793.0,16.24,1.28,4.79,250.0,165.0,2.48,1.64,40.2,41930.0,998.0,67.66,1.61,1.45,1594.0,294.0,3.8,0.7,11.2,9051.0,663.0,14.61,1.07,4.45,2846.0,335.0,31.44,3.7,7.15,61541.0,1698.0,99.31,2.74,1.68,55158.0,917.0,89.63,1.49,1.01,4565.0,751.0,7.42,1.22,10.0,1828.0,529.0,2.97,0.86,17.6,61970.0,,100,,,17137.0,1016.0,27.65,1.64,3.61,16364.0,1010.0,26.41,1.63,3.75,767.0,229.0,1.24,0.37,18.14,44833.0,954.0,72.35,1.54,1.29,18569.0,1143.0,41.42,2.55,3.74,26264.0,1143.0,58.58,2.55,2.65,986.0,247.0,2.2,0.55,15.2,37659.0,865.0,84.0,1.93,1.4,101.0,99.0,0.23,0.22,58.15,32.0,99.0,0.07,0.22,191.06,6018.0,852.0,13.42,1.9,8.61,34.0,103.0,0.08,0.23,174.77,59043.0,1388.0,95.28,2.24,1.43,9282.0,1045.0,15.72,1.77,6.84,40269.0,1269.0,68.2,2.15,1.92,7185.0,1033.0,12.17,1.75,8.74,53035.0,1394.0,85.58,2.25,1.6,30253.0,896.0,57.04,1.69,1.8,28320.0,875.0,53.4,1.65,1.88,1906.0,329.0,3.59,0.62,10.5,23.0,101.0,0.04,0.19,288.75,22781.0,896.0,42.95,1.69,2.39,,,6.3,1.07,10.49,27457.0,911.0,44.31,1.47,2.02,4818.0,524.0,17.55,1.91,6.62,4486.0,626.0,16.34,2.28,8.48,12609.0,766.0,45.92,2.79,3.69,4558.0,568.0,16.6,2.07,7.58,480.0,181.0,1.75,0.66,22.93,28325.0,923.0,45.71,1.49,1.98,99.0,122.0,0.35,0.43,74.69,1489.0,312.0,5.26,1.1,12.71,978.0,244.0,3.45,0.86,15.15,884.0,246.0,3.12,0.87,16.95,2628.0,405.0,9.28,1.43,9.37,1870.0,337.0,6.6,1.19,10.96,379.0,139.0,1.34,0.49,22.23,2519.0,365.0,8.89,1.29,8.82,2627.0,436.0,9.27,1.54,10.1,4795.0,516.0,16.93,1.82,6.54,5565.0,632.0,19.65,2.23,6.9,3960.0,547.0,13.98,1.93,8.39,532.0,193.0,1.88,0.68,21.99,3228.0,446.0,12.37,1.71,8.4,1730.0,326.0,6.63,1.25,11.46,4219.0,506.0,16.17,1.94,7.29,3040.0,441.0,11.65,1.69,8.82,3888.0,475.0,14.91,1.82,7.42,4119.0,470.0,15.79,1.8,6.93,2203.0,352.0,8.45,1.35,9.71,2199.0,342.0,8.43,1.31,9.45,943.0,245.0,3.62,0.94,15.79,524.0,170.0,2.01,0.65,19.66,20597.0,498.0,78.96,1.91,1.47,6409.0,514.0,24.57,1.97,4.87,2287.0,316.0,8.77,1.21,8.39,2127.0,336.0,8.15,1.29,9.62,748.0,211.0,2.87,0.81,17.16,4383.0,456.0,16.8,1.75,6.33,46219.0,1178.0,75.71,1.93,1.55,23274.0,1313.0,38.12,2.15,3.43,25903.0,1392.0,42.43,2.28,3.27,14831.0,1178.0,24.29,1.93,4.83,28843.0,812.0,46.54,1.31,1.71,33127.0,812.0,53.46,1.31,1.49,2927.0,490.0,4.72,0.79,10.17,2874.0,490.0,4.64,0.79,10.35,2695.0,428.0,4.35,0.69,9.64,2615.0,390.0,4.22,0.63,9.08,3562.0,508.0,5.75,0.82,8.67,9349.0,799.0,15.09,1.29,5.2,9083.0,731.0,14.66,1.18,4.89,10123.0,768.0,16.34,1.24,4.61,5158.0,595.0,8.32,0.96,7.01,3814.0,502.0,6.15,0.81,8.01,4652.0,533.0,7.51,0.86,6.96,3393.0,471.0,5.48,0.76,8.43,1728.0,297.0,2.79,0.48,10.46,51901.0,719.0,83.75,1.16,0.84,9781.0,781.0,15.78,1.26,4.85,8040.0,917.0,12.97,1.48,6.94,2575.0,688.0,4.16,1.11,16.22,127.0,136.0,0.2,0.22,66.87,45119.0,1450.0,72.81,2.34,1.95,34.0,105.0,0.05,0.17,206.69,4510.0,1159.0,7.28,1.87,15.62,1546.0,657.0,2.49,1.06,25.88,8472.0,1177.0,13.67,1.9,8.45,53497.0,1177.0,86.33,1.9,1.34,4418.0,620.0,7.13,1.0,8.53,2330.0,620.0,3.76,1.0,16.17,59.0,112.0,0.1,0.18,109.42,45004.0,1456.0,72.62,2.35,1.97,20.0,105.0,0.03,0.17,344.48,655.0,657.0,1.06,1.06,60.79,987.0,347.0,1.59,0.56,21.41
192,Fort Totten,QN0761,Fort Totten,0.0,,100,,,0.0,,,,,0.0,,,,,0.0,,,,,0.0,,,,,0.0,,,,,0.0,,,,,0.0,,,,,0.0,,,,,0.0,,,,,0.0,,,,,0.0,,,,,0.0,,,,,0.0,,,,,0.0,,,,,0.0,,,,,0.0,,,,,0.0,,,,,0.0,,,,,0.0,,,,,0.0,,,,,0.0,,,,,0.0,,,,,0.0,,,,,0.0,,,,,0.0,,,,,0.0,,,,,0.0,,100,,,0.0,,,,,0.0,,,,,0.0,,,,,0.0,,,,,0.0,,,,,0.0,,,,,0.0,,,,,0.0,,,,,0.0,,,,,0.0,,,,,0.0,,,,,0.0,,,,,0.0,,,,,0.0,,,,,0.0,,,,,0.0,,,,,0.0,,,,,0.0,,,,,0.0,,,,,0.0,,,,,0.0,,,,,0.0,,,,,,,,,,0.0,,,,,0.0,,,,,0.0,,,,,0.0,,,,,0.0,,,,,0.0,,,,,0.0,,,,,0.0,,,,,0.0,,,,,0.0,,,,,0.0,,,,,0.0,,,,,0.0,,,,,0.0,,,,,0.0,,,,,0.0,,,,,0.0,,,,,0.0,,,,,0.0,,,,,0.0,,,,,0.0,,,,,0.0,,,,,0.0,,,,,0.0,,,,,0.0,,,,,0.0,,,,,0.0,,,,,0.0,,,,,0.0,,,,,0.0,,,,,0.0,,,,,0.0,,,,,0.0,,,,,0.0,,,,,0.0,,,,,0.0,,,,,0.0,,,,,0.0,,,,,0.0,,,,,0.0,,,,,0.0,,,,,0.0,,,,,0.0,,,,,0.0,,,,,0.0,,,,,0.0,,,,,0.0,,,,,0.0,,,,,0.0,,,,,0.0,,,,,0.0,,,,,0.0,,,,,0.0,,,,,0.0,,,,,0.0,,,,,0.0,,,,,0.0,,,,,0.0,,,,,0.0,,,,,0.0,,,,,0.0,,,,,0.0,,,,,0.0,,,,,0.0,,,,,0.0,,,,,0.0,,,,,0.0,,,,,0.0,,,,,0.0,,,,,0.0,,,,,0.0,,,,,0.0,,,,,0.0,,,,
193,Kissena Park,QN0791,Kissena Park,0.0,,100,,,0.0,,,,,0.0,,,,,0.0,,,,,0.0,,,,,0.0,,,,,0.0,,,,,0.0,,,,,0.0,,,,,0.0,,,,,0.0,,,,,0.0,,,,,0.0,,,,,0.0,,,,,0.0,,,,,0.0,,,,,0.0,,,,,0.0,,,,,0.0,,,,,0.0,,,,,0.0,,,,,0.0,,,,,0.0,,,,,0.0,,,,,0.0,,,,,0.0,,,,,0.0,,,,,0.0,,100,,,0.0,,,,,0.0,,,,,0.0,,,,,0.0,,,,,0.0,,,,,0.0,,,,,0.0,,,,,0.0,,,,,0.0,,,,,0.0,,,,,0.0,,,,,0.0,,,,,0.0,,,,,0.0,,,,,0.0,,,,,0.0,,,,,0.0,,,,,0.0,,,,,0.0,,,,,0.0,,,,,0.0,,,,,0.0,,,,,,,,,,0.0,,,,,0.0,,,,,0.0,,,,,0.0,,,,,0.0,,,,,0.0,,,,,0.0,,,,,0.0,,,,,0.0,,,,,0.0,,,,,0.0,,,,,0.0,,,,,0.0,,,,,0.0,,,,,0.0,,,,,0.0,,,,,0.0,,,,,0.0,,,,,0.0,,,,,0.0,,,,,0.0,,,,,0.0,,,,,0.0,,,,,0.0,,,,,0.0,,,,,0.0,,,,,0.0,,,,,0.0,,,,,0.0,,,,,0.0,,,,,0.0,,,,,0.0,,,,,0.0,,,,,0.0,,,,,0.0,,,,,0.0,,,,,0.0,,,,,0.0,,,,,0.0,,,,,0.0,,,,,0.0,,,,,0.0,,,,,0.0,,,,,0.0,,,,,0.0,,,,,0.0,,,,,0.0,,,,,0.0,,,,,0.0,,,,,0.0,,,,,0.0,,,,,0.0,,,,,0.0,,,,,0.0,,,,,0.0,,,,,0.0,,,,,0.0,,,,,0.0,,,,,0.0,,,,,0.0,,,,,0.0,,,,,0.0,,,,,0.0,,,,,0.0,,,,,0.0,,,,,0.0,,,,,0.0,,,,,0.0,,,,,0.0,,,,,0.0,,,,,0.0,,,,,0.0,,,,,0.0,,,,
194,Kew Gardens Hills,QN0801,Kew Gardens Hills,13355.0,,100,,,4052.0,375.0,30.34,2.81,5.63,9448.0,795.0,26.84,2.26,5.12,865.0,212.0,9.16,2.24,14.87,356.0,143.0,3.77,1.51,24.35,2923.0,357.0,30.94,3.78,7.43,1414.0,256.0,14.97,2.71,11.0,3889.0,397.0,41.16,4.2,6.2,23178.0,1295.0,65.85,3.68,3.4,1440.0,334.0,6.21,1.44,14.1,1129.0,257.0,4.87,1.11,13.86,5381.0,508.0,23.22,2.19,5.73,10014.0,593.0,43.2,2.56,3.6,27032.0,1475.0,76.8,4.19,3.32,603.0,187.0,2.23,0.69,18.81,35137.0,130.0,99.83,0.37,0.22,2681.0,404.0,7.63,1.15,9.16,8123.0,778.0,23.08,2.21,5.82,223.0,127.0,2.75,1.56,34.48,22037.0,641.0,62.61,1.82,1.77,1158.0,302.0,5.25,1.37,15.86,4968.0,398.0,14.11,1.13,4.87,1301.0,207.0,26.19,4.17,9.68,34338.0,1485.0,97.56,4.22,2.63,31406.0,519.0,91.46,1.51,1.0,2789.0,512.0,8.12,1.49,11.15,146.0,82.0,0.43,0.24,33.93,35197.0,,100,,,21356.0,855.0,60.68,2.43,2.43,20332.0,876.0,57.77,2.49,2.62,1011.0,296.0,2.87,0.84,17.79,13841.0,869.0,39.32,2.47,3.82,9907.0,527.0,71.58,3.81,3.24,3933.0,527.0,28.42,3.81,8.15,2639.0,451.0,19.07,3.26,10.39,8056.0,674.0,58.2,4.87,5.09,374.0,176.0,2.7,1.27,28.59,15.0,82.0,0.11,0.59,326.06,2619.0,577.0,18.92,4.17,13.4,142.0,89.0,1.03,0.64,37.77,31812.0,1584.0,90.38,4.5,3.03,13976.0,989.0,43.93,3.11,4.3,7698.0,763.0,24.2,2.4,6.03,3651.0,748.0,11.48,2.35,12.44,27776.0,1510.0,78.92,4.29,3.3,17201.0,592.0,61.93,2.13,2.09,16290.0,592.0,58.65,2.13,2.21,877.0,219.0,3.16,0.79,15.2,42.0,92.0,0.15,0.33,133.74,10575.0,592.0,38.07,2.13,3.4,,,5.1,1.26,15.18,15681.0,489.0,44.55,1.39,1.9,6168.0,475.0,39.34,3.03,4.68,1294.0,307.0,8.25,1.96,14.44,6474.0,510.0,41.29,3.25,4.78,1169.0,290.0,7.46,1.85,15.08,395.0,111.0,2.52,0.71,17.13,16292.0,468.0,46.29,1.33,1.75,28.0,90.0,0.17,0.55,196.67,748.0,231.0,4.59,1.42,18.81,638.0,184.0,3.92,1.13,17.52,459.0,148.0,2.82,0.91,19.62,1061.0,210.0,6.51,1.29,12.05,585.0,169.0,3.59,1.04,17.61,298.0,121.0,1.83,0.74,24.58,1606.0,293.0,9.86,1.8,11.1,2062.0,347.0,12.66,2.13,10.23,5455.0,469.0,33.48,2.88,5.23,1642.0,321.0,10.08,1.97,11.88,994.0,274.0,6.1,1.68,16.74,709.0,207.0,4.35,1.27,17.75,618.0,167.0,4.63,1.25,16.41,707.0,207.0,5.29,1.55,17.81,1213.0,256.0,9.08,1.92,12.85,1265.0,248.0,9.47,1.86,11.94,1459.0,255.0,10.92,1.91,10.63,2313.0,311.0,17.32,2.33,8.18,1854.0,291.0,13.88,2.18,9.55,2165.0,300.0,16.21,2.25,8.44,1221.0,250.0,9.14,1.87,12.44,541.0,139.0,4.05,1.04,15.61,10954.0,309.0,82.02,2.31,1.71,3571.0,349.0,26.74,2.61,5.93,1945.0,266.0,14.56,1.99,8.31,575.0,164.0,4.31,1.23,17.35,400.0,131.0,3.0,0.98,19.86,1179.0,228.0,8.83,1.71,11.77,32687.0,492.0,93.03,1.4,0.91,23832.0,1054.0,67.83,3.0,2.69,11818.0,1022.0,33.63,2.91,5.26,2450.0,492.0,6.97,1.4,12.21,16875.0,616.0,47.94,1.75,2.22,18322.0,616.0,52.06,1.75,2.04,3385.0,454.0,9.62,1.29,8.15,2138.0,363.0,6.07,1.03,10.32,1637.0,317.0,4.65,0.9,11.77,1923.0,306.0,5.46,0.87,9.69,2940.0,436.0,8.35,1.24,9.03,5247.0,588.0,14.91,1.67,6.81,4411.0,517.0,12.53,1.47,7.13,3572.0,440.0,10.15,1.25,7.49,2530.0,401.0,7.19,1.14,9.64,2430.0,355.0,6.9,1.01,8.9,3228.0,426.0,9.17,1.21,8.02,1137.0,232.0,3.23,0.66,12.42,611.0,165.0,1.74,0.47,16.42,27074.0,641.0,76.92,1.82,1.44,4976.0,521.0,14.14,1.48,6.36,22227.0,1066.0,63.15,3.03,2.92,2499.0,514.0,7.1,1.46,12.5,76.0,99.0,0.22,0.28,77.37,7605.0,975.0,21.61,2.77,7.79,0.0,,0.0,,,1286.0,458.0,3.65,1.3,21.65,1498.0,521.0,4.26,1.48,21.12,4718.0,827.0,13.4,2.35,10.66,30479.0,827.0,86.6,2.35,1.65,19306.0,1052.0,54.85,2.99,3.31,2392.0,503.0,6.8,1.43,12.78,60.0,99.0,0.17,0.28,100.13,7548.0,978.0,21.45,2.78,7.88,0.0,,0.0,,,0.0,,0.0,,,1173.0,482.0,3.33,1.37,25.01
195,Pomonok-Electchester-Hillcrest,QN0802,Pomonok-Electchester-Hillcrest,12084.0,,100,,,4382.0,440.0,36.26,3.64,6.1,10727.0,900.0,30.15,2.53,5.1,610.0,275.0,5.69,2.56,27.35,452.0,219.0,4.21,2.04,29.46,3263.0,462.0,30.42,4.31,8.61,1359.0,241.0,12.67,2.25,10.8,5043.0,401.0,47.01,3.74,4.84,22702.0,1469.0,63.81,4.13,3.93,1851.0,513.0,8.15,2.26,16.86,1493.0,320.0,6.58,1.41,13.03,6252.0,701.0,27.54,3.09,6.82,7230.0,674.0,31.85,2.97,5.67,27979.0,1747.0,78.64,4.91,3.8,1180.0,305.0,4.22,1.09,15.7,35438.0,50.0,99.6,0.14,0.09,3325.0,486.0,9.38,1.37,8.88,7601.0,922.0,21.36,2.59,7.37,145.0,92.0,1.91,1.21,38.51,23380.0,1327.0,65.71,3.73,3.45,1793.0,367.0,7.67,1.57,12.44,4457.0,438.0,12.53,1.23,5.97,1383.0,248.0,31.03,5.57,10.91,35005.0,1530.0,98.38,4.3,2.66,30678.0,690.0,87.64,1.97,1.37,3798.0,679.0,10.85,1.94,10.87,551.0,256.0,1.57,0.73,28.27,35580.0,,100,,,21024.0,954.0,59.09,2.68,2.76,20348.0,975.0,57.19,2.74,2.91,672.0,246.0,1.89,0.69,22.19,14556.0,1021.0,40.91,2.87,4.26,9538.0,661.0,65.53,4.54,4.21,5017.0,661.0,34.47,4.54,8.01,1439.0,304.0,9.89,2.09,12.85,9310.0,790.0,63.96,5.43,5.16,284.0,213.0,1.95,1.46,45.51,24.0,83.0,0.16,0.57,216.57,3438.0,758.0,23.62,5.21,13.41,56.0,93.0,0.38,0.64,102.38,33130.0,2181.0,93.11,6.13,4.0,15247.0,1173.0,46.02,3.54,4.68,9068.0,1097.0,27.37,3.31,7.35,5077.0,1123.0,15.32,3.39,13.45,28560.0,1768.0,80.27,4.97,3.76,17095.0,694.0,59.86,2.43,2.47,14905.0,657.0,52.19,2.3,2.68,2186.0,420.0,7.65,1.47,11.68,0.0,,0.0,,,11464.0,694.0,40.14,2.43,3.68,,,12.79,2.4,11.68,14532.0,968.0,40.84,2.72,4.05,6142.0,538.0,42.27,3.7,5.32,1235.0,382.0,8.5,2.63,18.81,5645.0,543.0,38.85,3.74,5.85,1037.0,285.0,7.14,1.96,16.69,345.0,121.0,2.37,0.83,21.29,14910.0,964.0,41.91,2.71,3.93,14.0,76.0,0.09,0.51,344.48,939.0,288.0,6.3,1.93,18.62,223.0,100.0,1.5,0.67,27.15,657.0,361.0,4.41,2.42,33.36,1542.0,344.0,10.34,2.31,13.58,1039.0,304.0,6.97,2.04,17.79,322.0,176.0,2.16,1.18,33.21,1692.0,450.0,11.35,3.02,16.18,1376.0,297.0,9.23,1.99,13.11,4150.0,494.0,27.83,3.31,7.23,1276.0,267.0,8.56,1.79,12.71,973.0,289.0,6.53,1.94,18.06,706.0,224.0,4.74,1.5,19.24,1440.0,267.0,11.92,2.21,11.27,609.0,237.0,5.04,1.96,23.64,1244.0,291.0,10.29,2.41,14.24,1331.0,314.0,11.01,2.6,14.36,1249.0,289.0,10.34,2.39,14.05,2102.0,381.0,17.39,3.15,11.01,1160.0,240.0,9.6,1.99,12.6,1580.0,305.0,13.08,2.52,11.71,641.0,208.0,5.3,1.72,19.73,732.0,197.0,6.06,1.63,16.35,9147.0,353.0,75.7,2.92,2.34,3282.0,372.0,27.16,3.08,6.89,1950.0,296.0,16.14,2.45,9.23,784.0,233.0,6.49,1.93,18.08,627.0,190.0,5.19,1.57,18.39,1814.0,279.0,15.01,2.31,9.36,32901.0,610.0,92.84,1.72,1.13,22695.0,1308.0,64.04,3.69,3.5,13217.0,1233.0,37.3,3.48,5.67,2537.0,610.0,7.16,1.72,14.6,16472.0,737.0,46.3,2.07,2.72,19108.0,737.0,53.7,2.07,2.34,2450.0,523.0,6.89,1.47,12.97,2264.0,516.0,6.36,1.45,13.86,1865.0,423.0,5.24,1.19,13.81,3610.0,402.0,10.15,1.13,6.77,2669.0,441.0,7.5,1.24,10.05,4675.0,747.0,13.14,2.1,9.72,4443.0,480.0,12.49,1.35,6.57,4806.0,584.0,13.51,1.64,7.38,2375.0,427.0,6.68,1.2,10.92,1860.0,381.0,5.23,1.07,12.44,2462.0,384.0,6.92,1.08,9.49,1260.0,260.0,3.54,0.73,12.54,829.0,256.0,2.33,0.72,18.78,27979.0,722.0,78.64,2.03,1.57,4547.0,566.0,12.78,1.59,7.56,14513.0,1395.0,40.79,3.92,5.84,4656.0,850.0,13.09,2.39,11.1,26.0,78.0,0.07,0.22,191.06,11292.0,1338.0,31.74,3.76,7.2,0.0,,0.0,,,3624.0,1370.0,10.19,3.85,22.97,1468.0,534.0,4.13,1.5,22.08,7853.0,1331.0,22.07,3.74,10.3,27727.0,1331.0,77.93,3.74,2.92,11234.0,1099.0,31.57,3.09,5.95,4059.0,790.0,11.41,2.22,11.83,0.0,,0.0,,,11286.0,1338.0,31.72,3.76,7.21,0.0,,0.0,,,147.0,142.0,0.41,0.4,59.31,1029.0,381.0,2.89,1.07,22.51
196,Fresh Meadows-Utopia,QN0803,Fresh Meadows-Utopia,8092.0,,100,,,2437.0,284.0,30.12,3.51,7.08,5508.0,575.0,24.22,2.53,6.35,358.0,151.0,6.5,2.75,25.72,194.0,100.0,3.52,1.82,31.43,1707.0,232.0,30.99,4.22,8.28,923.0,194.0,16.76,3.53,12.8,2325.0,289.0,42.21,5.24,7.55,16156.0,525.0,71.04,2.31,1.98,1034.0,278.0,6.4,1.72,16.34,941.0,205.0,5.82,1.27,13.27,3406.0,422.0,21.08,2.61,7.53,7195.0,490.0,44.53,3.03,4.14,18509.0,475.0,81.38,2.09,1.56,568.0,150.0,3.07,0.81,16.04,22743.0,0.0,100.0,0.0,0.0,1708.0,273.0,7.51,1.2,9.71,4234.0,532.0,18.62,2.34,7.64,48.0,70.0,1.13,1.65,88.76,15185.0,559.0,66.77,2.46,2.24,713.0,193.0,4.7,1.27,16.43,3328.0,334.0,14.63,1.47,6.1,947.0,155.0,28.45,4.65,9.94,22492.0,980.0,98.9,4.31,2.65,20359.0,562.0,90.52,2.5,1.68,1881.0,499.0,8.36,2.22,16.14,262.0,279.0,1.16,1.24,64.98,22743.0,,100,,,11850.0,646.0,52.1,2.84,3.31,11414.0,655.0,50.19,2.88,3.49,432.0,157.0,1.9,0.69,22.08,10893.0,698.0,47.9,3.07,3.9,7425.0,509.0,68.16,4.67,4.17,3468.0,509.0,31.84,4.67,8.92,949.0,225.0,8.71,2.07,14.45,8207.0,489.0,75.34,4.49,3.62,12.0,61.0,0.11,0.56,309.48,15.0,62.0,0.14,0.57,247.5,1673.0,461.0,15.36,4.23,16.74,36.0,82.0,0.33,0.75,138.16,21384.0,732.0,94.02,3.22,2.08,7653.0,798.0,35.79,3.73,6.34,6351.0,644.0,29.7,3.01,6.16,1949.0,477.0,9.11,2.23,14.88,19033.0,457.0,83.69,2.01,1.46,11870.0,504.0,62.36,2.65,2.58,10827.0,480.0,56.88,2.52,2.69,1042.0,257.0,5.47,1.35,15.0,0.0,,0.0,,,7163.0,504.0,37.63,2.65,4.28,,,8.78,2.13,14.99,10359.0,525.0,45.55,2.31,3.08,4740.0,345.0,45.76,3.33,4.42,1108.0,296.0,10.7,2.86,16.25,3726.0,432.0,35.97,4.17,7.05,300.0,140.0,2.9,1.35,28.3,366.0,156.0,3.53,1.51,26.0,10830.0,532.0,47.62,2.34,2.99,15.0,62.0,0.14,0.57,247.5,719.0,240.0,6.64,2.22,20.32,449.0,159.0,4.15,1.47,21.53,400.0,159.0,3.69,1.47,24.22,1217.0,334.0,11.24,3.08,16.66,725.0,199.0,6.69,1.84,16.72,215.0,125.0,1.99,1.15,35.13,1259.0,225.0,11.63,2.08,10.87,1251.0,233.0,11.55,2.15,11.32,2529.0,279.0,23.35,2.58,6.72,993.0,229.0,9.17,2.11,13.99,710.0,207.0,6.56,1.91,17.7,355.0,115.0,3.28,1.06,19.65,553.0,165.0,6.83,2.04,18.16,356.0,129.0,4.4,1.6,22.11,533.0,163.0,6.59,2.02,18.63,550.0,173.0,6.8,2.14,19.13,955.0,229.0,11.8,2.83,14.58,1293.0,237.0,15.98,2.93,11.15,1116.0,235.0,13.79,2.91,12.83,1347.0,227.0,16.65,2.81,10.26,716.0,184.0,8.85,2.27,15.59,674.0,155.0,8.33,1.92,14.01,6462.0,217.0,79.86,2.68,2.04,2490.0,276.0,30.77,3.41,6.74,1317.0,203.0,16.28,2.51,9.37,244.0,98.0,3.02,1.21,24.36,293.0,127.0,3.62,1.57,26.36,682.0,189.0,8.43,2.33,16.8,20257.0,464.0,89.07,2.04,1.39,14815.0,853.0,65.14,3.75,3.5,7497.0,705.0,32.96,3.1,5.72,2486.0,464.0,10.93,2.04,11.35,10732.0,391.0,47.19,1.72,2.22,12011.0,391.0,52.81,1.72,1.98,1359.0,373.0,5.98,1.64,16.67,978.0,209.0,4.3,0.92,13.01,1198.0,225.0,5.27,0.99,11.42,1184.0,268.0,5.21,1.18,13.77,1870.0,341.0,8.22,1.5,11.09,2914.0,416.0,12.81,1.83,8.68,2901.0,418.0,12.76,1.84,8.77,3599.0,453.0,15.82,1.99,7.65,1660.0,341.0,7.3,1.5,12.49,1762.0,327.0,7.75,1.44,11.3,1728.0,280.0,7.6,1.23,9.84,1077.0,218.0,4.74,0.96,12.31,528.0,159.0,2.32,0.7,18.34,18509.0,494.0,81.38,2.17,1.62,3328.0,387.0,14.63,1.7,7.06,8810.0,826.0,38.74,3.63,5.7,674.0,300.0,2.96,1.32,27.11,153.0,193.0,0.67,0.85,77.12,11053.0,882.0,48.6,3.88,4.85,0.0,,0.0,,,1421.0,514.0,6.25,2.26,21.98,631.0,387.0,2.77,1.7,37.31,2788.0,653.0,12.26,2.87,14.23,19955.0,653.0,87.74,2.87,1.99,7523.0,796.0,33.08,3.5,6.43,572.0,289.0,2.52,1.27,30.64,123.0,193.0,0.54,0.85,95.69,10900.0,917.0,47.93,4.03,5.11,0.0,,0.0,,,403.0,357.0,1.77,1.57,53.92,447.0,271.0,1.97,1.19,36.72
197,Jamaica Estates-Holliswood,QN0804,Jamaica Estates-Holliswood,8715.0,,100,,,2592.0,265.0,29.74,3.04,6.21,6564.0,682.0,26.94,2.8,6.32,334.0,112.0,5.09,1.7,20.3,381.0,121.0,5.8,1.85,19.39,2285.0,264.0,34.81,4.02,7.02,1196.0,207.0,18.22,3.15,10.51,2366.0,293.0,36.04,4.47,7.54,17276.0,1116.0,70.9,4.58,3.93,1289.0,323.0,7.46,1.87,15.24,933.0,192.0,5.4,1.11,12.5,3451.0,416.0,19.98,2.41,7.33,8015.0,549.0,46.39,3.18,4.17,19349.0,1272.0,79.41,5.22,4.0,533.0,118.0,2.75,0.61,13.48,23941.0,112.0,98.25,0.46,0.28,2025.0,304.0,8.46,1.27,9.13,5013.0,643.0,20.57,2.64,7.8,97.0,75.0,1.94,1.49,46.69,15023.0,648.0,61.65,2.66,2.62,787.0,195.0,5.24,1.3,15.08,3905.0,261.0,16.03,1.07,4.06,1147.0,175.0,29.37,4.49,9.29,24133.0,1106.0,99.04,4.54,2.79,22244.0,473.0,92.17,1.96,1.29,1663.0,454.0,6.89,1.88,16.59,234.0,109.0,0.97,0.45,28.2,24367.0,,100,,,11914.0,573.0,48.89,2.35,2.92,11467.0,565.0,47.06,2.32,3.0,455.0,129.0,1.87,0.53,17.23,12452.0,612.0,51.1,2.51,2.99,8576.0,440.0,68.87,3.53,3.12,3876.0,440.0,31.13,3.53,6.89,1123.0,275.0,9.02,2.21,14.89,6111.0,583.0,49.07,4.68,5.8,727.0,285.0,5.84,2.29,23.84,26.0,73.0,0.21,0.59,170.79,4440.0,471.0,35.66,3.78,6.44,29.0,72.0,0.23,0.58,153.3,23004.0,1401.0,94.41,5.75,3.7,10096.0,842.0,43.89,3.66,5.07,4896.0,591.0,21.28,2.57,7.34,2520.0,520.0,10.95,2.26,12.55,19910.0,1308.0,81.71,5.37,3.99,12280.0,482.0,61.68,2.42,2.39,11335.0,468.0,56.93,2.35,2.51,946.0,237.0,4.75,1.19,15.23,0.0,,0.0,,,7631.0,482.0,38.33,2.42,3.84,,,7.7,1.91,15.23,11131.0,592.0,45.68,2.43,3.23,4882.0,430.0,43.86,3.86,5.35,583.0,156.0,5.24,1.4,16.24,4944.0,429.0,44.42,3.85,5.27,321.0,118.0,2.88,1.06,22.37,320.0,130.0,2.87,1.17,24.78,11336.0,602.0,46.52,2.47,3.23,15.0,73.0,0.13,0.64,299.28,605.0,205.0,5.34,1.81,20.6,549.0,155.0,4.84,1.37,17.21,372.0,131.0,3.28,1.16,21.5,1221.0,256.0,10.77,2.26,12.76,773.0,197.0,6.82,1.74,15.51,330.0,128.0,2.91,1.13,23.61,983.0,219.0,8.67,1.93,13.53,1029.0,173.0,9.08,1.53,10.24,3517.0,337.0,31.02,2.97,5.82,733.0,183.0,6.47,1.61,15.13,763.0,186.0,6.73,1.64,14.81,446.0,127.0,3.93,1.12,17.32,302.0,94.0,3.47,1.08,18.92,233.0,90.0,2.67,1.03,23.45,640.0,159.0,7.34,1.83,15.16,688.0,160.0,7.89,1.84,14.18,1199.0,200.0,13.76,2.3,10.16,1611.0,250.0,18.49,2.87,9.44,1139.0,209.0,13.07,2.4,11.16,1179.0,185.0,13.53,2.12,9.53,846.0,189.0,9.71,2.17,13.59,877.0,159.0,10.06,1.83,11.06,7417.0,187.0,85.11,2.14,1.53,2475.0,232.0,28.4,2.66,5.69,1528.0,210.0,17.53,2.41,8.36,243.0,96.0,2.79,1.1,23.97,152.0,95.0,1.74,1.09,38.08,629.0,170.0,7.22,1.95,16.42,22115.0,342.0,92.37,1.43,0.94,15951.0,802.0,66.63,3.35,3.06,8346.0,809.0,34.86,3.38,5.89,1827.0,342.0,7.63,1.43,11.39,11288.0,387.0,46.33,1.59,2.09,13078.0,387.0,53.67,1.59,1.8,1363.0,256.0,5.59,1.05,11.42,1230.0,231.0,5.05,0.95,11.44,1606.0,288.0,6.59,1.18,10.89,1457.0,258.0,5.98,1.06,10.78,1432.0,258.0,5.88,1.06,10.96,3139.0,400.0,12.88,1.64,7.74,3064.0,363.0,12.57,1.49,7.21,3421.0,375.0,14.04,1.54,6.67,1795.0,273.0,7.37,1.12,9.24,1555.0,244.0,6.38,1.0,9.53,2519.0,292.0,10.34,1.2,7.05,1083.0,202.0,4.44,0.83,11.36,702.0,168.0,2.88,0.69,14.56,19349.0,519.0,79.41,2.13,1.63,4309.0,385.0,17.68,1.58,5.43,7307.0,753.0,29.99,3.09,6.26,6150.0,775.0,25.24,3.18,7.66,0.0,,0.0,,,8145.0,945.0,33.43,3.88,7.06,0.0,,0.0,,,1750.0,475.0,7.18,1.95,16.51,1011.0,383.0,4.15,1.57,23.0,3149.0,575.0,12.92,2.36,11.1,21218.0,575.0,87.08,2.36,1.65,6095.0,692.0,25.01,2.84,6.9,5731.0,750.0,23.52,3.08,7.96,0.0,,0.0,,,8118.0,945.0,33.32,3.88,7.08,0.0,,0.0,,,431.0,183.0,1.77,0.75,25.76,832.0,351.0,3.41,1.44,25.67
198,Jamaica Hills-Briarwood,QN0805,Jamaica Hills-Briarwood,13351.0,,100,,,3882.0,343.0,29.08,2.57,5.37,9705.0,703.0,24.7,1.79,4.4,709.0,201.0,7.31,2.07,17.21,530.0,178.0,5.46,1.83,20.37,2958.0,360.0,30.48,3.71,7.4,1885.0,286.0,19.42,2.95,9.23,3621.0,379.0,37.31,3.91,6.37,28163.0,1261.0,71.67,3.21,2.72,2678.0,414.0,9.51,1.47,9.4,1979.0,349.0,7.03,1.24,10.72,5943.0,606.0,21.1,2.15,6.19,11323.0,749.0,40.2,2.66,4.02,31898.0,1395.0,81.18,3.55,2.66,476.0,159.0,1.49,0.5,20.4,38544.0,723.0,98.09,1.84,1.14,3840.0,466.0,9.96,1.21,7.39,7375.0,684.0,18.77,1.74,5.64,258.0,116.0,3.5,1.57,27.27,26733.0,809.0,68.03,2.06,1.84,2243.0,385.0,8.39,1.44,10.43,4435.0,413.0,11.29,1.05,5.66,1340.0,181.0,30.21,4.08,8.21,38846.0,1253.0,98.86,3.19,1.96,34366.0,827.0,88.47,2.13,1.46,4051.0,800.0,10.43,2.06,12.01,431.0,179.0,1.11,0.46,25.19,39294.0,,100,,,17370.0,806.0,44.2,2.05,2.82,16402.0,762.0,41.74,1.94,2.83,963.0,299.0,2.45,0.76,18.86,21924.0,947.0,55.79,2.41,2.63,12682.0,748.0,57.84,3.41,3.58,9242.0,748.0,42.15,3.41,4.92,1803.0,366.0,8.22,1.67,12.35,11969.0,765.0,54.59,3.49,3.89,508.0,278.0,2.32,1.27,33.28,12.0,90.0,0.05,0.41,498.48,7591.0,776.0,34.62,3.54,6.22,37.0,83.0,0.17,0.38,135.88,37035.0,1666.0,94.25,4.24,2.73,11131.0,941.0,30.06,2.54,5.14,11561.0,881.0,31.22,2.38,4.63,8561.0,1004.0,23.12,2.71,7.13,32806.0,1587.0,83.49,4.04,2.94,21972.0,640.0,66.97,1.95,1.77,19595.0,663.0,59.73,2.02,2.06,2376.0,426.0,7.24,1.3,10.92,0.0,,0.0,,,10834.0,640.0,33.02,1.95,3.59,,,10.81,1.91,10.9,19283.0,475.0,49.07,1.21,1.5,5456.0,463.0,28.29,2.4,5.16,828.0,231.0,4.29,1.2,17.0,11239.0,565.0,58.28,2.93,3.06,1194.0,276.0,6.19,1.43,14.04,373.0,154.0,1.93,0.8,25.2,19589.0,440.0,49.85,1.12,1.37,246.0,300.0,1.26,1.53,73.82,967.0,276.0,4.94,1.41,17.35,614.0,186.0,3.13,0.95,18.45,514.0,214.0,2.62,1.09,25.29,2060.0,317.0,10.52,1.62,9.36,1471.0,286.0,7.51,1.46,11.82,351.0,131.0,1.79,0.67,22.75,2195.0,364.0,11.21,1.86,10.09,2196.0,353.0,11.21,1.8,9.76,4970.0,509.0,25.37,2.6,6.23,1946.0,366.0,9.93,1.87,11.45,1283.0,282.0,6.55,1.44,13.36,768.0,194.0,3.92,0.99,15.35,891.0,220.0,6.67,1.65,15.04,303.0,120.0,2.27,0.9,24.1,1535.0,268.0,11.5,2.01,10.63,1182.0,239.0,8.85,1.79,12.3,1331.0,247.0,9.97,1.85,11.28,2714.0,343.0,20.33,2.57,7.68,1709.0,292.0,12.8,2.19,10.4,2284.0,324.0,17.11,2.43,8.63,932.0,203.0,6.98,1.52,13.24,468.0,143.0,3.51,1.07,18.53,11544.0,243.0,86.47,1.82,1.28,2728.0,283.0,20.43,2.12,6.31,1549.0,222.0,11.6,1.66,8.7,501.0,147.0,3.75,1.1,17.83,289.0,108.0,2.16,0.81,22.8,1401.0,250.0,10.49,1.87,10.84,32636.0,790.0,84.67,2.05,1.47,20078.0,1102.0,52.09,2.86,3.34,14973.0,1099.0,38.85,2.85,4.46,5909.0,790.0,15.33,2.05,8.13,19102.0,582.0,48.61,1.48,1.85,20193.0,582.0,51.39,1.48,1.75,2259.0,338.0,5.75,0.86,9.09,1995.0,322.0,5.08,0.82,9.81,1819.0,295.0,4.63,0.75,9.85,2107.0,330.0,5.36,0.84,9.53,2960.0,440.0,7.53,1.12,9.04,7110.0,739.0,18.09,1.88,6.32,5352.0,507.0,13.62,1.29,5.76,5516.0,530.0,14.04,1.35,5.85,2907.0,417.0,7.4,1.06,8.71,2262.0,338.0,5.76,0.86,9.08,2697.0,358.0,6.86,0.91,8.06,1597.0,295.0,4.06,0.75,11.23,720.0,185.0,1.83,0.47,15.61,31898.0,597.0,81.18,1.52,1.14,4990.0,468.0,12.7,1.19,5.7,10193.0,951.0,25.94,2.42,5.67,4957.0,723.0,12.62,1.84,8.86,93.0,126.0,0.24,0.32,81.05,15410.0,1100.0,39.22,2.8,4.34,24.0,86.0,0.06,0.22,222.9,6604.0,1132.0,16.81,2.88,10.41,2008.0,519.0,5.11,1.32,15.7,10400.0,1053.0,26.47,2.68,6.15,28894.0,1053.0,73.53,2.68,2.22,6775.0,707.0,17.24,1.8,6.35,4632.0,699.0,11.79,1.78,9.18,43.0,94.0,0.11,0.24,132.63,15314.0,1100.0,38.97,2.8,4.37,11.0,90.0,0.03,0.23,466.06,651.0,314.0,1.66,0.8,29.3,1469.0,495.0,3.74,1.26,20.48
199,Mount Hebron & Cedar Grove Cemeteries,QN0871,Mount Hebron & Cedar Grove Cemeteries,0.0,,100,,,0.0,,,,,0.0,,,,,0.0,,,,,0.0,,,,,0.0,,,,,0.0,,,,,0.0,,,,,0.0,,,,,0.0,,,,,0.0,,,,,0.0,,,,,0.0,,,,,0.0,,,,,0.0,,,,,0.0,,,,,0.0,,,,,0.0,,,,,0.0,,,,,0.0,,,,,0.0,,,,,0.0,,,,,0.0,,,,,0.0,,,,,0.0,,,,,0.0,,,,,0.0,,,,,0.0,,100,,,0.0,,,,,0.0,,,,,0.0,,,,,0.0,,,,,0.0,,,,,0.0,,,,,0.0,,,,,0.0,,,,,0.0,,,,,0.0,,,,,0.0,,,,,0.0,,,,,0.0,,,,,0.0,,,,,0.0,,,,,0.0,,,,,0.0,,,,,0.0,,,,,0.0,,,,,0.0,,,,,0.0,,,,,0.0,,,,,,,,,,0.0,,,,,0.0,,,,,0.0,,,,,0.0,,,,,0.0,,,,,0.0,,,,,0.0,,,,,0.0,,,,,0.0,,,,,0.0,,,,,0.0,,,,,0.0,,,,,0.0,,,,,0.0,,,,,0.0,,,,,0.0,,,,,0.0,,,,,0.0,,,,,0.0,,,,,0.0,,,,,0.0,,,,,0.0,,,,,0.0,,,,,0.0,,,,,0.0,,,,,0.0,,,,,0.0,,,,,0.0,,,,,0.0,,,,,0.0,,,,,0.0,,,,,0.0,,,,,0.0,,,,,0.0,,,,,0.0,,,,,0.0,,,,,0.0,,,,,0.0,,,,,0.0,,,,,0.0,,,,,0.0,,,,,0.0,,,,,0.0,,,,,0.0,,,,,0.0,,,,,0.0,,,,,0.0,,,,,0.0,,,,,0.0,,,,,0.0,,,,,0.0,,,,,0.0,,,,,0.0,,,,,0.0,,,,,0.0,,,,,0.0,,,,,0.0,,,,,0.0,,,,,0.0,,,,,0.0,,,,,0.0,,,,,0.0,,,,,0.0,,,,,0.0,,,,,0.0,,,,,0.0,,,,,0.0,,,,,0.0,,,,,0.0,,,,,0.0,,,,,0.0,,,,,0.0,,,,,0.0,,,,
200,Cunningham Park,QN0891,Cunningham Park,1.0,,100,,,0.0,,0.0,,,0.0,,0.0,,,0.0,,,,,0.0,,,,,0.0,,,,,0.0,,,,,0.0,,,,,47.0,0.0,100.0,0.0,0.0,0.0,,0.0,,,4.0,6.0,8.51,12.6,90.01,18.0,14.0,38.3,30.2,47.93,8.0,7.0,17.02,14.9,53.22,47.0,0.0,100.0,0.0,0.0,8.0,5.0,17.02,11.2,40.0,47.0,0.0,100.0,0.0,0.0,8.0,9.0,17.02,18.6,66.43,0.0,,0.0,,,0.0,,,,,26.0,11.0,55.32,23.87,25.72,0.0,,0.0,,,21.0,10.0,44.68,21.73,28.95,8.0,9.0,38.08,41.2,65.77,47.0,0.0,100.0,0.0,0.0,47.0,20.0,100.0,41.6,25.29,0.0,,0.0,,,0.0,,0.0,,,47.0,,100,,,35.0,10.0,74.47,22.2,18.12,35.0,10.0,74.47,22.2,18.12,0.0,,0.0,,,12.0,9.0,25.53,18.9,45.59,12.0,10.0,100.13,82.2,49.9,0.0,,0.0,,,0.0,,0.0,,,8.0,5.0,66.75,43.2,39.34,0.0,,0.0,,,0.0,,0.0,,,0.0,,0.0,,,4.0,5.0,33.38,43.2,78.67,47.0,0.0,100.0,0.0,0.0,39.0,9.0,82.98,19.1,13.99,8.0,9.0,17.02,19.1,68.22,0.0,,0.0,,,47.0,0.0,100.0,0.0,0.0,26.0,12.0,55.32,24.9,27.36,26.0,12.0,55.32,24.9,27.36,0.0,,0.0,,,0.0,,0.0,,,21.0,12.0,44.68,24.9,33.88,,,0.0,,,26.0,11.0,55.32,23.87,25.72,17.0,8.0,65.41,31.2,29.0,0.0,,0.0,,,0.0,,0.0,,,0.0,,0.0,,,5.0,6.0,19.24,24.7,78.04,26.0,11.0,55.32,23.87,25.72,4.0,6.0,15.39,23.1,91.24,5.0,6.0,19.24,24.7,78.04,0.0,,0.0,,,0.0,,0.0,,,0.0,,0.0,,,0.0,,0.0,,,0.0,,0.0,,,0.0,,0.0,,,0.0,,0.0,,,13.0,8.0,50.02,31.8,38.65,0.0,,0.0,,,4.0,6.0,15.39,23.5,92.82,0.0,,0.0,,,0.0,,0.0,,,0.0,,0.0,,,0.0,,0.0,,,0.0,,0.0,,,0.0,,0.0,,,0.0,,0.0,,,0.0,,0.0,,,0.0,,0.0,,,0.0,,0.0,,,0.0,,0.0,,,0.0,,0.0,,,1.0,0.0,100.0,27.8,16.9,0.0,,0.0,,,0.0,,0.0,,,0.0,,0.0,,,0.0,,0.0,,,47.0,20.0,100.0,41.6,25.29,39.0,9.0,82.98,18.6,13.63,21.0,12.0,44.68,24.9,33.88,0.0,,0.0,,,27.0,8.0,57.45,17.5,18.52,20.0,8.0,42.55,17.5,25.0,0.0,,0.0,,,0.0,,0.0,,,0.0,,0.0,,,0.0,,0.0,,,0.0,,0.0,,,5.0,7.0,10.64,13.9,79.42,4.0,6.0,8.51,12.9,92.15,5.0,6.0,10.64,13.8,78.84,4.0,7.0,8.51,14.2,101.44,8.0,12.0,17.02,26.1,93.22,4.0,6.0,8.51,12.9,92.15,13.0,12.0,27.66,25.1,55.16,4.0,6.0,8.51,12.6,90.01,47.0,20.0,100.0,41.6,25.29,21.0,12.0,44.68,24.9,33.88,39.0,9.0,82.98,19.1,13.99,0.0,,0.0,,,0.0,,0.0,,,8.0,9.0,17.02,19.1,68.22,0.0,,0.0,,,0.0,,0.0,,,0.0,,0.0,,,0.0,,0.0,,,47.0,20.0,100.0,41.6,25.29,39.0,9.0,82.98,19.1,13.99,0.0,,0.0,,,0.0,,0.0,,,8.0,9.0,17.02,19.1,68.22,0.0,,0.0,,,0.0,,0.0,,,0.0,,0.0,,
201,Kew Gardens,QN0901,Kew Gardens,10944.0,,100,,,2866.0,322.0,26.19,2.94,6.82,5618.0,536.0,23.69,2.26,5.8,364.0,126.0,6.48,2.25,21.11,310.0,140.0,5.52,2.49,27.42,2071.0,273.0,36.86,4.86,8.02,1080.0,241.0,19.22,4.29,13.57,1791.0,249.0,31.88,4.43,8.45,17169.0,1037.0,72.39,4.37,3.67,867.0,201.0,5.05,1.17,14.08,1014.0,235.0,5.91,1.37,14.09,2946.0,319.0,17.16,1.86,6.59,8082.0,505.0,47.07,2.94,3.8,18736.0,1098.0,78.99,4.63,3.56,451.0,118.0,2.41,0.63,15.89,23719.0,0.0,100.0,0.0,0.0,2144.0,289.0,9.04,1.22,8.2,4983.0,557.0,21.01,2.35,6.8,80.0,82.0,1.61,1.65,62.3,15458.0,847.0,65.17,3.57,3.33,878.0,179.0,5.68,1.16,12.41,3272.0,273.0,13.79,1.15,5.07,1187.0,162.0,36.28,4.94,8.28,23490.0,1184.0,99.03,4.99,3.06,21404.0,423.0,91.12,1.8,1.2,1846.0,402.0,7.86,1.71,13.23,240.0,132.0,1.02,0.56,33.38,23719.0,,100,,,14243.0,624.0,60.05,2.63,2.66,13277.0,664.0,55.98,2.8,3.04,964.0,311.0,4.06,1.31,19.61,9476.0,631.0,39.95,2.66,4.05,6248.0,390.0,65.93,4.12,3.8,3228.0,390.0,34.06,4.12,7.35,2204.0,370.0,23.26,3.9,10.19,3725.0,435.0,39.31,4.59,7.1,247.0,157.0,2.61,1.66,38.66,27.0,74.0,0.28,0.78,169.34,3222.0,420.0,34.0,4.43,7.92,53.0,60.0,0.56,0.63,68.39,22176.0,1252.0,93.49,5.28,3.43,9633.0,758.0,43.44,3.42,4.79,4672.0,483.0,21.07,2.18,6.29,4749.0,714.0,21.41,3.22,9.14,19301.0,1207.0,81.37,5.09,3.8,13131.0,483.0,68.03,2.5,2.23,12359.0,484.0,64.03,2.51,2.38,765.0,220.0,3.96,1.14,17.5,0.0,,0.0,,,6170.0,483.0,31.97,2.5,4.75,,,5.83,1.66,17.48,11931.0,529.0,50.3,2.23,2.7,3254.0,360.0,27.27,3.02,6.73,381.0,138.0,3.19,1.16,22.11,6595.0,387.0,55.27,3.24,3.56,665.0,186.0,5.57,1.56,17.03,577.0,166.0,4.84,1.39,17.46,12368.0,534.0,52.14,2.25,2.62,11.0,74.0,0.09,0.6,405.27,510.0,163.0,4.12,1.32,19.48,416.0,135.0,3.36,1.09,19.72,362.0,142.0,2.93,1.15,23.86,1147.0,349.0,9.27,2.82,18.49,993.0,251.0,8.03,2.03,15.37,507.0,151.0,4.1,1.22,18.09,1310.0,231.0,10.59,1.87,10.73,1941.0,281.0,15.69,2.27,8.8,3021.0,357.0,24.43,2.89,7.19,1015.0,223.0,8.21,1.8,13.33,493.0,160.0,3.99,1.29,19.65,647.0,163.0,5.23,1.32,15.34,771.0,199.0,7.04,1.82,15.72,355.0,124.0,3.24,1.13,21.2,1011.0,210.0,9.24,1.92,12.63,987.0,233.0,9.02,2.13,14.36,1122.0,219.0,10.25,2.0,11.86,2204.0,285.0,20.14,2.6,7.85,1501.0,266.0,13.72,2.43,10.77,1602.0,252.0,14.64,2.3,9.55,727.0,178.0,6.64,1.63,14.92,672.0,149.0,6.14,1.36,13.46,8796.0,256.0,80.37,2.34,1.77,2579.0,269.0,23.57,2.46,6.34,1470.0,217.0,13.43,1.98,8.96,493.0,127.0,4.5,1.16,15.67,393.0,132.0,3.59,1.21,20.49,838.0,166.0,7.66,1.52,12.06,21739.0,370.0,91.65,1.56,1.03,15399.0,776.0,64.92,3.27,3.06,7772.0,764.0,32.77,3.22,5.97,1980.0,370.0,8.35,1.56,11.36,11514.0,425.0,48.54,1.79,2.24,12205.0,425.0,51.46,1.79,2.11,1543.0,318.0,6.51,1.34,12.51,1331.0,225.0,5.61,0.95,10.29,1286.0,256.0,5.42,1.08,12.11,1119.0,289.0,4.72,1.22,15.71,1269.0,256.0,5.35,1.08,12.27,3944.0,446.0,16.63,1.88,6.87,3789.0,408.0,15.97,1.72,6.55,3252.0,375.0,13.71,1.58,7.01,1443.0,280.0,6.08,1.18,11.8,1461.0,289.0,6.16,1.22,12.04,1827.0,242.0,7.7,1.02,8.05,902.0,180.0,3.8,0.76,12.16,550.0,159.0,2.32,0.67,17.56,18736.0,446.0,78.99,1.88,1.45,3272.0,339.0,13.79,1.43,6.3,13830.0,878.0,58.31,3.7,3.86,1632.0,372.0,6.88,1.57,13.87,92.0,126.0,0.39,0.53,82.61,4533.0,761.0,19.11,3.21,10.21,0.0,,0.0,,,2773.0,738.0,11.69,3.11,16.17,854.0,242.0,3.6,1.02,17.22,5826.0,792.0,24.56,3.34,8.27,17893.0,792.0,75.44,3.34,2.69,10985.0,830.0,46.31,3.5,4.59,1550.0,372.0,6.53,1.57,14.62,67.0,130.0,0.28,0.55,119.41,4519.0,761.0,19.05,3.21,10.24,0.0,,0.0,,,157.0,102.0,0.66,0.43,39.61,614.0,218.0,2.59,0.92,21.59
202,Richmond Hill,QN0902,Richmond Hill,9858.0,,100,,,4666.0,249.0,47.33,2.53,3.25,9844.0,540.0,27.35,1.5,3.33,448.0,117.0,4.55,1.19,15.9,421.0,110.0,4.28,1.12,15.91,3995.0,277.0,40.58,2.81,4.21,2174.0,212.0,22.09,2.15,5.92,2803.0,268.0,28.47,2.72,5.81,23154.0,705.0,64.33,1.96,1.85,3265.0,357.0,14.1,1.54,6.64,2680.0,306.0,11.57,1.32,6.94,6885.0,408.0,29.74,1.76,3.6,5460.0,373.0,23.58,1.61,4.15,27032.0,1162.0,75.11,3.23,2.61,494.0,108.0,1.83,0.4,13.29,35810.0,425.0,99.5,1.18,0.72,2822.0,312.0,7.88,0.87,6.71,8955.0,551.0,24.88,1.53,3.74,173.0,81.0,1.93,0.9,28.35,23720.0,659.0,65.91,1.83,1.69,1686.0,235.0,7.11,0.99,8.46,3128.0,266.0,8.69,0.74,5.17,954.0,131.0,30.5,4.19,8.35,35646.0,1263.0,99.04,3.51,2.15,31256.0,645.0,87.69,1.81,1.25,3922.0,613.0,11.0,1.72,9.51,468.0,264.0,1.31,0.74,34.34,35990.0,,100,,,16873.0,651.0,46.88,1.81,2.35,15719.0,641.0,43.68,1.78,2.48,1157.0,230.0,3.21,0.64,12.12,19117.0,669.0,53.12,1.86,2.13,10319.0,537.0,53.98,2.81,3.16,8798.0,537.0,46.02,2.81,3.71,772.0,170.0,4.04,0.89,13.39,4724.0,549.0,24.71,2.87,7.06,266.0,136.0,1.39,0.71,31.05,0.0,,0.0,,,13308.0,579.0,69.61,3.03,2.65,42.0,105.0,0.22,0.55,151.98,33490.0,939.0,93.05,2.61,1.7,12533.0,797.0,37.42,2.38,3.87,9758.0,640.0,29.14,1.91,3.98,13775.0,857.0,41.13,2.56,3.78,28127.0,1134.0,78.15,3.15,2.45,18067.0,464.0,64.23,1.65,1.56,16568.0,461.0,58.9,1.64,1.69,1497.0,217.0,5.32,0.77,8.8,4.0,104.0,0.01,0.37,2249.24,10060.0,464.0,35.77,1.65,2.8,,,8.29,1.18,8.81,16116.0,583.0,44.78,1.62,2.2,4809.0,321.0,29.84,1.99,4.05,1200.0,208.0,7.45,1.29,10.53,8582.0,372.0,53.25,2.31,2.64,803.0,180.0,4.98,1.12,13.67,521.0,139.0,3.23,0.86,16.19,16566.0,612.0,46.03,1.7,2.25,52.0,111.0,0.31,0.67,131.39,1851.0,275.0,11.17,1.66,9.03,791.0,144.0,4.77,0.87,11.09,399.0,111.0,2.41,0.67,16.9,1793.0,212.0,10.82,1.28,7.19,1597.0,227.0,9.64,1.37,8.64,233.0,89.0,1.41,0.54,23.28,901.0,142.0,5.44,0.86,9.61,1636.0,205.0,9.88,1.24,7.63,3654.0,308.0,22.06,1.86,5.13,1927.0,253.0,11.63,1.53,8.0,1092.0,162.0,6.59,0.98,9.04,640.0,126.0,3.86,0.76,11.97,688.0,132.0,6.98,1.34,11.67,337.0,102.0,3.42,1.03,18.31,804.0,143.0,8.16,1.45,10.8,756.0,141.0,7.67,1.43,11.33,1198.0,174.0,12.15,1.77,8.86,2109.0,221.0,21.39,2.24,6.37,1449.0,183.0,14.7,1.86,7.69,1499.0,183.0,15.21,1.86,7.43,620.0,117.0,6.29,1.19,11.5,406.0,95.0,4.12,0.96,14.16,8632.0,164.0,87.56,1.66,1.15,1983.0,184.0,20.12,1.87,5.65,850.0,121.0,8.62,1.23,8.67,578.0,119.0,5.86,1.21,12.55,382.0,91.0,3.88,0.92,14.41,1789.0,197.0,18.15,2.0,6.7,29759.0,584.0,83.1,1.63,1.19,16663.0,859.0,46.53,2.4,3.14,14721.0,756.0,41.11,2.11,3.12,6050.0,584.0,16.89,1.63,5.87,18037.0,428.0,50.12,1.19,1.44,17953.0,428.0,49.88,1.19,1.45,2500.0,295.0,6.95,0.82,7.17,2404.0,270.0,6.68,0.75,6.83,2469.0,274.0,6.86,0.76,6.73,2608.0,306.0,7.25,0.85,7.13,2848.0,288.0,7.91,0.8,6.15,6128.0,461.0,17.03,1.28,4.57,4630.0,338.0,12.86,0.94,4.44,5206.0,363.0,14.47,1.01,4.24,2032.0,245.0,5.65,0.68,7.32,1878.0,220.0,5.22,0.61,7.1,1981.0,230.0,5.5,0.64,7.07,1012.0,166.0,2.81,0.46,9.95,296.0,94.0,0.82,0.26,19.27,27035.0,471.0,75.12,1.31,1.06,3273.0,324.0,9.09,0.9,6.02,13555.0,965.0,37.66,2.68,4.33,2498.0,417.0,6.94,1.16,10.16,272.0,162.0,0.76,0.45,35.99,9506.0,867.0,26.41,2.41,5.55,0.0,,0.0,,,8053.0,889.0,22.38,2.47,6.71,2106.0,450.0,5.85,1.25,12.99,16940.0,986.0,47.07,2.74,3.54,19050.0,986.0,52.93,2.74,3.15,4453.0,475.0,12.37,1.32,6.49,2264.0,403.0,6.29,1.12,10.82,169.0,148.0,0.47,0.41,53.03,9506.0,867.0,26.41,2.41,5.55,0.0,,0.0,,,1460.0,396.0,4.06,1.1,16.47,1202.0,335.0,3.34,0.93,16.93
203,South Richmond Hill,QN0903,South Richmond Hill,6284.0,,100,,,2973.0,194.0,47.31,3.08,3.96,7151.0,428.0,26.89,1.61,3.64,197.0,72.0,2.75,1.0,22.11,457.0,103.0,6.39,1.44,13.7,2367.0,227.0,33.1,3.17,5.82,1688.0,180.0,23.6,2.51,6.47,2443.0,218.0,34.16,3.05,5.43,17706.0,548.0,66.57,2.06,1.88,3345.0,333.0,18.89,1.88,6.05,1936.0,253.0,10.93,1.43,7.95,5566.0,384.0,31.44,2.17,4.2,3598.0,338.0,20.32,1.91,5.71,20909.0,825.0,78.61,3.1,2.4,291.0,86.0,1.39,0.41,17.93,26598.0,0.0,100.0,0.0,0.0,2355.0,277.0,8.85,1.04,7.14,5689.0,428.0,21.39,1.61,4.57,281.0,99.0,4.94,1.74,21.41,18484.0,705.0,69.49,2.65,2.32,1298.0,200.0,7.02,1.08,9.35,2419.0,223.0,9.09,0.84,5.6,775.0,113.0,32.03,4.67,8.86,26334.0,960.0,99.01,3.61,2.22,23992.0,490.0,91.11,1.86,1.24,1893.0,442.0,7.19,1.68,14.2,445.0,211.0,1.69,0.8,28.78,26598.0,,100,,,10009.0,543.0,37.63,2.04,3.3,9307.0,513.0,34.99,1.93,3.35,708.0,154.0,2.66,0.58,13.26,16589.0,497.0,62.37,1.87,1.82,10260.0,476.0,61.85,2.87,2.82,6329.0,476.0,38.15,2.87,4.57,231.0,156.0,1.39,0.94,41.11,5881.0,544.0,35.45,3.28,5.62,35.0,101.0,0.21,0.61,176.58,16.0,81.0,0.1,0.49,297.87,10422.0,551.0,62.82,3.32,3.21,4.0,85.0,0.02,0.51,1550.15,25157.0,1176.0,94.58,4.42,2.84,12486.0,704.0,49.63,2.8,3.43,5112.0,468.0,20.32,1.86,5.56,4986.0,609.0,19.82,2.42,7.42,21759.0,907.0,81.81,3.41,2.53,14010.0,385.0,64.39,1.77,1.67,12788.0,392.0,58.77,1.8,1.86,1216.0,218.0,5.59,1.0,10.87,0.0,,0.0,,,7749.0,385.0,35.61,1.77,3.02,,,8.68,1.54,10.9,12580.0,378.0,47.3,1.42,1.83,3967.0,304.0,31.54,2.42,4.66,994.0,196.0,7.9,1.56,12.0,6314.0,336.0,50.19,2.67,3.23,969.0,167.0,7.7,1.33,10.5,141.0,75.0,1.12,0.6,32.57,12790.0,367.0,48.09,1.38,1.74,37.0,91.0,0.29,0.71,148.83,1398.0,251.0,10.93,1.96,10.9,575.0,125.0,4.5,0.98,13.24,385.0,109.0,3.01,0.85,17.17,1731.0,212.0,13.53,1.66,7.46,1641.0,200.0,12.83,1.56,7.39,104.0,59.0,0.81,0.46,34.52,714.0,136.0,5.58,1.06,11.55,1167.0,169.0,9.12,1.32,8.8,2698.0,242.0,21.1,1.89,5.45,1165.0,188.0,9.11,1.47,9.81,789.0,148.0,6.17,1.16,11.43,377.0,105.0,2.95,0.82,16.9,321.0,82.0,5.11,1.3,15.47,253.0,85.0,4.03,1.35,20.36,642.0,114.0,10.22,1.82,10.83,661.0,112.0,10.52,1.78,10.29,840.0,136.0,13.37,2.17,9.87,1300.0,165.0,20.69,2.63,7.73,856.0,129.0,13.62,2.06,9.19,832.0,116.0,13.24,1.84,8.45,356.0,88.0,5.67,1.4,15.01,223.0,72.0,3.55,1.15,19.69,5609.0,115.0,89.26,1.83,1.25,1311.0,139.0,20.86,2.21,6.44,604.0,101.0,9.61,1.61,10.18,485.0,95.0,7.72,1.51,11.89,296.0,84.0,4.71,1.33,17.17,1138.0,156.0,18.11,2.48,8.32,22576.0,452.0,84.88,1.7,1.22,10618.0,705.0,39.92,2.65,4.04,13196.0,713.0,49.61,2.68,3.28,4022.0,452.0,15.12,1.7,6.83,13432.0,338.0,50.5,1.27,1.53,13166.0,338.0,49.5,1.27,1.56,1441.0,213.0,5.42,0.8,8.97,1438.0,181.0,5.41,0.68,7.64,1597.0,210.0,6.0,0.79,8.0,2067.0,231.0,7.77,0.87,6.81,2362.0,271.0,8.88,1.02,6.98,4275.0,338.0,16.07,1.27,4.8,3593.0,314.0,13.51,1.18,5.31,4120.0,306.0,15.49,1.15,4.51,1851.0,221.0,6.96,0.83,7.25,1456.0,184.0,5.47,0.69,7.67,1580.0,189.0,5.94,0.71,7.27,597.0,130.0,2.24,0.49,13.3,239.0,69.0,0.9,0.26,17.56,20909.0,372.0,78.61,1.4,1.08,2419.0,237.0,9.09,0.89,5.95,3880.0,551.0,14.59,2.07,8.62,2680.0,468.0,10.08,1.76,10.61,310.0,194.0,1.17,0.73,37.93,9812.0,793.0,36.89,2.98,4.91,0.0,,0.0,,,8524.0,801.0,32.05,3.01,5.71,1398.0,346.0,5.26,1.3,15.02,6191.0,710.0,23.28,2.67,6.97,20407.0,710.0,76.72,2.67,2.12,1499.0,354.0,5.64,1.33,14.34,2606.0,463.0,9.8,1.74,10.79,253.0,189.0,0.95,0.71,45.43,9743.0,793.0,36.63,2.98,4.95,0.0,,0.0,,,5136.0,641.0,19.31,2.41,7.59,1169.0,322.0,4.4,1.21,16.72
204,Ozone Park (North),QN0904,Ozone Park (North),7155.0,,100,,,3322.0,211.0,46.43,2.95,3.86,7185.0,452.0,27.81,1.75,3.82,389.0,107.0,5.41,1.49,16.74,298.0,77.0,4.15,1.07,15.67,2750.0,232.0,38.27,3.23,5.13,1665.0,197.0,23.17,2.74,7.19,2083.0,222.0,28.99,3.09,6.48,16700.0,723.0,64.65,2.8,2.63,2415.0,262.0,14.46,1.57,6.6,1858.0,240.0,11.13,1.44,7.87,5148.0,347.0,30.83,2.08,4.1,3606.0,307.0,21.59,1.84,5.18,19665.0,951.0,76.13,3.68,2.94,341.0,90.0,1.73,0.46,16.16,25814.0,54.0,99.93,0.21,0.13,2942.0,330.0,11.4,1.28,6.83,6158.0,460.0,23.84,1.78,4.54,267.0,93.0,4.34,1.51,21.15,16989.0,382.0,65.77,1.48,1.37,1622.0,245.0,9.55,1.44,9.17,2667.0,251.0,10.32,0.97,5.72,1053.0,129.0,39.48,4.83,7.44,25569.0,1100.0,98.98,4.26,2.62,23066.0,453.0,90.21,1.77,1.19,2293.0,442.0,8.97,1.73,11.72,203.0,107.0,0.79,0.42,32.32,25832.0,,100,,,12568.0,561.0,48.65,2.17,2.71,11639.0,532.0,45.06,2.06,2.78,933.0,214.0,3.61,0.83,13.98,13264.0,592.0,51.35,2.29,2.71,7939.0,418.0,59.85,3.15,3.2,5325.0,418.0,40.15,3.15,4.77,706.0,191.0,5.32,1.44,16.45,4244.0,485.0,32.0,3.66,6.95,246.0,125.0,1.85,0.94,30.89,0.0,,0.0,,,8000.0,488.0,60.31,3.68,3.71,73.0,94.0,0.55,0.71,78.47,24093.0,1152.0,93.27,4.46,2.91,9503.0,641.0,39.44,2.66,4.1,6324.0,499.0,26.25,2.07,4.79,8148.0,641.0,33.82,2.66,4.78,20381.0,935.0,78.9,3.62,2.79,12751.0,406.0,62.56,1.99,1.93,11458.0,402.0,56.22,1.97,2.13,1290.0,183.0,6.33,0.9,8.64,0.0,,0.0,,,7630.0,406.0,37.44,1.99,3.23,,,10.12,1.4,8.62,10930.0,411.0,42.31,1.59,2.29,3343.0,267.0,30.59,2.44,4.85,692.0,146.0,6.33,1.34,12.87,5751.0,299.0,52.62,2.74,3.17,593.0,146.0,5.43,1.34,15.0,393.0,126.0,3.6,1.15,19.42,11464.0,390.0,44.38,1.51,2.07,23.0,88.0,0.2,0.77,234.04,848.0,185.0,7.4,1.61,13.23,755.0,195.0,6.59,1.7,15.68,241.0,85.0,2.1,0.74,21.42,1234.0,182.0,10.76,1.59,8.98,1186.0,177.0,10.35,1.54,9.05,216.0,78.0,1.88,0.68,21.99,772.0,139.0,6.73,1.21,10.93,1011.0,162.0,8.82,1.41,9.72,2739.0,275.0,23.89,2.4,6.11,1319.0,205.0,11.51,1.79,9.45,694.0,132.0,6.05,1.15,11.56,431.0,110.0,3.76,0.96,15.52,481.0,102.0,6.72,1.42,12.85,196.0,78.0,2.74,1.09,24.18,773.0,142.0,10.8,1.98,11.14,685.0,127.0,9.57,1.78,11.31,1038.0,161.0,14.51,2.25,9.43,1142.0,171.0,15.96,2.39,9.1,1072.0,170.0,14.98,2.38,9.66,1069.0,155.0,14.94,2.16,8.79,441.0,104.0,6.16,1.46,14.41,258.0,72.0,3.61,1.01,17.01,6184.0,154.0,86.43,2.15,1.51,1729.0,175.0,24.16,2.44,6.14,818.0,137.0,11.43,1.92,10.21,603.0,123.0,8.43,1.72,12.4,265.0,82.0,3.7,1.14,18.73,1626.0,185.0,22.73,2.58,6.9,22587.0,398.0,87.5,1.54,1.07,12047.0,720.0,46.67,2.79,3.63,11774.0,679.0,45.61,2.63,3.51,3228.0,398.0,12.5,1.54,7.49,12478.0,351.0,48.3,1.36,1.71,13354.0,351.0,51.7,1.36,1.6,1739.0,240.0,6.73,0.93,8.4,1609.0,199.0,6.23,0.77,7.51,1683.0,212.0,6.52,0.82,7.65,1787.0,214.0,6.92,0.83,7.29,2321.0,269.0,8.98,1.04,7.04,3811.0,346.0,14.75,1.34,5.52,3503.0,297.0,13.56,1.15,5.16,3579.0,300.0,13.85,1.16,5.09,1747.0,238.0,6.76,0.92,8.27,1403.0,199.0,5.43,0.77,8.62,1558.0,209.0,6.03,0.81,8.17,816.0,155.0,3.16,0.6,11.54,286.0,77.0,1.11,0.3,16.43,19665.0,398.0,76.13,1.54,1.23,2667.0,279.0,10.32,1.08,6.36,7532.0,700.0,29.16,2.71,5.65,1449.0,325.0,5.61,1.26,13.65,18.0,83.0,0.07,0.32,277.9,8480.0,757.0,32.83,2.93,5.43,48.0,103.0,0.19,0.4,127.98,6738.0,736.0,26.08,2.85,6.64,1567.0,344.0,6.07,1.33,13.32,11322.0,759.0,43.83,2.94,4.08,14510.0,759.0,56.17,2.94,3.18,3587.0,468.0,13.89,1.81,7.92,1257.0,305.0,4.87,1.18,14.73,18.0,83.0,0.07,0.32,277.9,8424.0,754.0,32.61,2.92,5.44,48.0,103.0,0.19,0.4,127.98,512.0,204.0,1.98,0.79,24.25,668.0,220.0,2.59,0.85,19.95
205,Woodhaven,QN0905,Woodhaven,11975.0,,100,,,4971.0,290.0,41.51,2.42,3.54,10105.0,499.0,23.68,1.17,3.0,526.0,129.0,5.21,1.28,14.94,446.0,133.0,4.41,1.32,18.2,4190.0,305.0,41.47,3.02,4.43,2098.0,239.0,20.76,2.37,6.94,2846.0,285.0,28.16,2.82,6.09,28330.0,973.0,66.38,2.28,2.09,4077.0,467.0,14.39,1.65,6.97,2759.0,351.0,9.74,1.24,7.74,8618.0,499.0,30.42,1.76,3.52,6162.0,456.0,21.75,1.61,4.5,33005.0,977.0,77.34,2.29,1.8,863.0,149.0,2.61,0.45,10.48,42663.0,64.0,99.97,0.15,0.09,3789.0,422.0,8.88,0.99,6.78,9657.0,593.0,22.63,1.39,3.73,335.0,116.0,3.47,1.2,21.02,28508.0,644.0,66.8,1.51,1.37,1994.0,277.0,6.99,0.97,8.44,4507.0,354.0,10.56,0.83,4.77,1456.0,184.0,32.3,4.08,7.68,42228.0,1511.0,98.95,3.54,2.18,37851.0,764.0,89.63,1.81,1.23,4076.0,747.0,9.65,1.77,11.15,300.0,122.0,0.71,0.29,24.83,42676.0,,100,,,22275.0,871.0,52.2,2.04,2.38,20560.0,849.0,48.18,1.99,2.51,1708.0,299.0,4.0,0.7,10.64,20401.0,935.0,47.8,2.19,2.79,11411.0,616.0,55.93,3.02,3.28,8989.0,616.0,44.06,3.02,4.17,1737.0,255.0,8.51,1.25,8.93,5143.0,577.0,25.21,2.83,6.82,143.0,108.0,0.7,0.53,46.03,7.0,102.0,0.03,0.5,1013.17,13276.0,608.0,65.08,2.98,2.78,83.0,96.0,0.41,0.47,69.69,39677.0,1549.0,92.97,3.63,2.37,13249.0,889.0,33.39,2.24,4.08,12109.0,738.0,30.52,1.86,3.7,18208.0,1016.0,45.89,2.56,3.39,34217.0,1105.0,80.18,2.59,1.96,22759.0,513.0,66.51,1.5,1.37,21104.0,537.0,61.68,1.57,1.55,1641.0,236.0,4.8,0.69,8.74,15.0,106.0,0.04,0.31,471.12,11459.0,513.0,33.49,1.5,2.72,,,7.21,1.02,8.74,20573.0,568.0,48.21,1.33,1.68,5686.0,414.0,27.64,2.01,4.42,1184.0,286.0,5.76,1.39,14.67,12239.0,469.0,59.49,2.28,2.33,1021.0,206.0,4.96,1.0,12.26,306.0,111.0,1.49,0.54,22.03,21105.0,580.0,49.45,1.36,1.67,12.0,99.0,0.06,0.47,476.19,1427.0,236.0,6.76,1.12,10.07,1064.0,196.0,5.04,0.93,11.22,643.0,160.0,3.05,0.76,15.15,2270.0,285.0,10.76,1.35,7.63,1891.0,274.0,8.96,1.3,8.82,254.0,99.0,1.2,0.47,23.81,1685.0,241.0,7.98,1.14,8.68,2290.0,285.0,10.85,1.35,7.56,4681.0,390.0,22.18,1.85,5.07,2538.0,302.0,12.03,1.43,7.23,1545.0,230.0,7.32,1.09,9.05,806.0,171.0,3.82,0.81,12.89,596.0,132.0,4.98,1.1,13.43,455.0,122.0,3.8,1.02,16.32,984.0,165.0,8.22,1.38,10.21,993.0,174.0,8.29,1.45,10.63,1411.0,189.0,11.78,1.58,8.15,2427.0,256.0,20.27,2.14,6.42,1609.0,217.0,13.44,1.81,8.19,2095.0,224.0,17.49,1.87,6.5,791.0,138.0,6.61,1.15,10.58,615.0,138.0,5.14,1.15,13.6,10394.0,193.0,86.8,1.61,1.13,3192.0,250.0,26.66,2.09,4.77,1433.0,180.0,11.97,1.5,7.62,806.0,152.0,6.73,1.27,11.47,282.0,78.0,2.35,0.65,16.81,1956.0,232.0,16.33,1.94,7.22,36767.0,674.0,86.18,1.58,1.11,22396.0,968.0,52.5,2.27,2.63,16542.0,926.0,38.77,2.17,3.4,5896.0,674.0,13.82,1.58,6.95,21085.0,487.0,49.41,1.14,1.4,21591.0,487.0,50.59,1.14,1.37,2999.0,354.0,7.03,0.83,7.18,2599.0,307.0,6.09,0.72,7.19,2431.0,269.0,5.7,0.63,6.72,2664.0,290.0,6.24,0.68,6.62,3660.0,367.0,8.58,0.86,6.09,6275.0,525.0,14.7,1.23,5.09,5839.0,457.0,13.68,1.07,4.75,6186.0,461.0,14.5,1.08,4.53,3187.0,358.0,7.47,0.84,6.84,2336.0,286.0,5.47,0.67,7.45,2797.0,294.0,6.55,0.69,6.4,1226.0,209.0,2.87,0.49,10.38,478.0,111.0,1.12,0.26,14.11,33019.0,525.0,77.37,1.23,0.97,4507.0,401.0,10.56,0.94,5.41,20648.0,1195.0,48.38,2.8,3.52,1893.0,435.0,4.44,1.02,13.97,300.0,171.0,0.7,0.4,34.74,8659.0,939.0,20.29,2.2,6.59,0.0,,0.0,,,8786.0,956.0,20.59,2.24,6.61,2381.0,563.0,5.58,1.32,14.38,24458.0,1118.0,57.31,2.62,2.78,18218.0,1118.0,42.69,2.62,3.73,7074.0,683.0,16.58,1.6,5.87,1384.0,410.0,3.24,0.96,18.01,122.0,158.0,0.29,0.37,77.56,8565.0,930.0,20.07,2.18,6.6,0.0,,0.0,,,179.0,128.0,0.42,0.3,43.42,880.0,248.0,2.06,0.58,17.12
206,South Ozone Park,QN1001,South Ozone Park,21477.0,,100,,,9446.0,408.0,43.98,1.9,2.63,22847.0,905.0,26.75,1.06,2.41,1028.0,206.0,4.5,0.9,12.16,1036.0,190.0,4.53,0.83,11.14,8166.0,478.0,35.74,2.09,3.55,5004.0,370.0,21.9,1.62,4.5,7608.0,489.0,33.3,2.14,3.91,57490.0,1461.0,67.31,1.71,1.54,7758.0,563.0,13.49,0.98,4.42,7304.0,517.0,12.7,0.9,4.31,19128.0,747.0,33.27,1.3,2.38,10237.0,650.0,17.81,1.13,3.86,66944.0,1768.0,78.38,2.07,1.61,1188.0,187.0,1.77,0.28,9.62,85377.0,51.0,99.96,0.06,0.04,9056.0,623.0,10.61,0.73,4.18,18444.0,914.0,21.59,1.07,3.01,857.0,225.0,4.65,1.22,15.95,58037.0,854.0,67.95,1.0,0.89,5014.0,470.0,8.64,0.81,5.7,8917.0,487.0,10.44,0.57,3.32,3198.0,255.0,35.86,2.86,4.85,84470.0,2272.0,98.9,2.66,1.64,79264.0,684.0,93.84,0.81,0.52,4366.0,617.0,5.17,0.73,8.58,851.0,346.0,1.01,0.41,24.68,85411.0,,100,,,38391.0,1204.0,44.95,1.41,1.91,35655.0,1170.0,41.75,1.37,1.99,2742.0,367.0,3.21,0.43,8.14,47020.0,1127.0,55.05,1.32,1.46,29929.0,926.0,63.65,1.97,1.88,17091.0,926.0,36.35,1.97,3.29,735.0,197.0,1.56,0.42,16.37,7123.0,1053.0,15.15,2.24,8.99,332.0,179.0,0.71,0.38,32.54,7.0,146.0,0.01,0.31,1884.5,38776.0,1072.0,82.47,2.28,1.68,41.0,136.0,0.09,0.29,195.88,80604.0,2178.0,94.37,2.55,1.64,55440.0,1467.0,68.78,1.82,1.61,9553.0,822.0,11.85,1.02,5.23,14614.0,1274.0,18.13,1.58,5.3,69501.0,1896.0,81.37,2.22,1.66,45812.0,785.0,65.92,1.13,1.04,40826.0,765.0,58.74,1.1,1.14,4981.0,438.0,7.17,0.63,5.34,10.0,146.0,0.01,0.21,1276.6,23690.0,785.0,34.09,1.13,2.02,,,10.87,0.94,5.35,39841.0,760.0,46.65,0.89,1.16,15243.0,645.0,38.26,1.62,2.57,3175.0,375.0,7.97,0.94,7.17,18429.0,717.0,46.26,1.8,2.37,1410.0,223.0,3.54,0.56,9.62,842.0,183.0,2.11,0.46,13.25,40828.0,777.0,47.8,0.91,1.16,43.0,139.0,0.11,0.34,187.9,3106.0,351.0,7.61,0.86,6.87,2115.0,282.0,5.18,0.69,8.1,743.0,180.0,1.82,0.44,14.7,5446.0,486.0,13.34,1.19,5.42,4746.0,412.0,11.62,1.01,5.28,740.0,151.0,1.81,0.37,12.43,3227.0,323.0,7.9,0.79,6.08,3978.0,372.0,9.74,0.91,5.68,9285.0,527.0,22.74,1.29,3.45,3214.0,347.0,7.87,0.85,6.57,2927.0,327.0,7.17,0.8,6.78,1251.0,208.0,3.06,0.51,10.13,1185.0,195.0,5.52,0.91,10.02,735.0,157.0,3.42,0.73,12.98,1909.0,238.0,8.89,1.11,7.59,1922.0,243.0,8.95,1.13,7.68,2918.0,292.0,13.59,1.36,6.08,3962.0,322.0,18.45,1.5,4.94,2774.0,277.0,12.92,1.29,6.07,3615.0,320.0,16.83,1.49,5.38,1376.0,180.0,6.41,0.84,7.97,1086.0,210.0,5.06,0.98,11.77,18773.0,268.0,87.41,1.25,0.87,5357.0,331.0,24.94,1.54,3.75,2838.0,253.0,13.21,1.18,5.43,1619.0,210.0,7.54,0.98,7.9,1196.0,202.0,5.57,0.94,10.26,4066.0,350.0,18.93,1.63,5.23,74159.0,803.0,86.86,0.94,0.66,42814.0,1451.0,50.15,1.7,2.06,36480.0,1357.0,42.73,1.59,2.26,11218.0,803.0,13.14,0.94,4.35,42142.0,777.0,49.34,0.91,1.12,43269.0,777.0,50.66,0.91,1.09,4807.0,487.0,5.63,0.57,6.15,4505.0,393.0,5.27,0.46,5.31,5628.0,470.0,6.59,0.55,5.07,5579.0,461.0,6.53,0.54,5.03,7401.0,521.0,8.67,0.61,4.28,12523.0,683.0,14.66,0.8,3.32,11684.0,581.0,13.68,0.68,3.02,13516.0,675.0,15.82,0.79,3.04,5918.0,444.0,6.93,0.52,4.56,4951.0,427.0,5.8,0.5,5.24,5593.0,427.0,6.55,0.5,4.64,2549.0,290.0,2.98,0.34,6.94,768.0,179.0,0.9,0.21,14.18,66952.0,811.0,78.39,0.95,0.74,8917.0,547.0,10.44,0.64,3.73,12881.0,1290.0,15.08,1.51,6.09,19756.0,1349.0,23.13,1.58,4.15,1122.0,461.0,1.31,0.54,25.06,22392.0,1683.0,26.22,1.97,4.57,74.0,171.0,0.09,0.2,135.09,23267.0,1683.0,27.24,1.97,4.4,5902.0,726.0,6.91,0.85,7.48,18822.0,1520.0,22.04,1.78,4.91,66589.0,1520.0,77.96,1.78,1.39,4565.0,589.0,5.34,0.69,7.85,18919.0,1341.0,22.15,1.57,4.31,754.0,342.0,0.88,0.4,27.63,22169.0,1674.0,25.96,1.96,4.59,74.0,171.0,0.09,0.2,135.09,15096.0,1435.0,17.67,1.68,5.78,5016.0,675.0,5.87,0.79,8.18
207,Ozone Park,QN1002,Ozone Park,7200.0,,100,,,3012.0,235.0,41.83,3.27,4.75,6302.0,510.0,26.91,2.18,4.92,358.0,117.0,5.68,1.86,19.91,359.0,118.0,5.7,1.87,19.94,2416.0,236.0,38.34,3.74,5.93,1300.0,190.0,20.63,3.01,8.87,1868.0,188.0,29.64,2.99,6.13,15505.0,705.0,66.22,3.01,2.76,1544.0,225.0,9.96,1.45,8.85,1808.0,262.0,11.66,1.69,8.81,4879.0,405.0,31.47,2.61,5.04,3499.0,350.0,22.57,2.26,6.09,18010.0,974.0,76.92,4.16,3.29,504.0,128.0,2.8,0.71,15.41,23415.0,0.0,100.0,0.0,0.0,2520.0,295.0,10.76,1.26,7.12,5405.0,436.0,23.08,1.86,4.9,299.0,110.0,5.53,2.04,22.43,15566.0,475.0,66.48,2.03,1.86,1187.0,199.0,7.63,1.28,10.2,2449.0,253.0,10.46,1.08,6.28,1030.0,130.0,42.07,5.32,7.69,23211.0,738.0,99.13,3.15,1.93,20840.0,511.0,89.78,2.2,1.49,2295.0,504.0,9.89,2.17,13.34,80.0,70.0,0.34,0.3,53.64,23415.0,,100,,,13792.0,630.0,58.9,2.69,2.78,12778.0,649.0,54.57,2.77,3.09,1019.0,307.0,4.35,1.31,18.31,9623.0,649.0,41.1,2.77,4.1,6113.0,357.0,63.52,3.71,3.55,3510.0,357.0,36.47,3.71,6.18,826.0,209.0,8.58,2.17,15.37,3103.0,430.0,32.24,4.47,8.43,150.0,82.0,1.56,0.85,33.12,0.0,,0.0,,,5542.0,429.0,57.59,4.46,4.71,6.0,67.0,0.06,0.7,709.22,21919.0,436.0,93.61,1.86,1.21,9639.0,813.0,43.97,3.71,5.13,4962.0,489.0,22.64,2.23,5.99,7232.0,783.0,32.99,3.57,6.58,18660.0,953.0,79.69,4.07,3.1,11996.0,349.0,64.29,1.87,1.77,10774.0,345.0,57.74,1.85,1.95,1230.0,202.0,6.59,1.08,9.96,0.0,,0.0,,,6664.0,349.0,35.71,1.87,3.18,,,10.25,1.66,9.98,10417.0,330.0,44.49,1.41,1.93,4008.0,322.0,38.48,3.09,4.88,815.0,154.0,7.82,1.48,11.51,4799.0,342.0,46.07,3.28,4.33,498.0,146.0,4.78,1.4,17.8,244.0,95.0,2.34,0.91,23.64,10769.0,307.0,45.99,1.31,1.73,18.0,73.0,0.17,0.68,243.16,602.0,159.0,5.59,1.48,16.09,462.0,131.0,4.29,1.22,17.29,338.0,114.0,3.14,1.06,20.52,1101.0,202.0,10.22,1.88,11.18,1110.0,234.0,10.31,2.17,12.79,199.0,97.0,1.85,0.9,29.57,926.0,184.0,8.6,1.71,12.09,958.0,195.0,8.9,1.81,12.36,2795.0,279.0,25.95,2.59,6.07,1167.0,205.0,10.84,1.9,10.66,612.0,140.0,5.68,1.3,13.91,478.0,142.0,4.44,1.32,18.07,405.0,105.0,5.62,1.46,15.79,281.0,86.0,3.9,1.2,18.7,753.0,165.0,10.46,2.29,13.31,429.0,115.0,5.96,1.6,16.32,601.0,130.0,8.35,1.81,13.18,1389.0,213.0,19.29,2.96,9.33,1071.0,187.0,14.88,2.6,10.62,1428.0,191.0,19.83,2.65,8.12,527.0,121.0,7.32,1.68,13.95,320.0,109.0,4.44,1.52,20.81,6165.0,157.0,85.62,2.18,1.55,1779.0,205.0,24.71,2.85,7.01,727.0,127.0,10.1,1.77,10.65,354.0,89.0,4.92,1.24,15.32,166.0,75.0,2.31,1.04,27.37,1121.0,166.0,15.57,2.3,8.98,21088.0,342.0,90.06,1.46,0.99,13755.0,763.0,58.74,3.26,3.37,9101.0,735.0,38.87,3.14,4.91,2332.0,342.0,9.96,1.46,8.91,11426.0,351.0,48.8,1.5,1.87,11989.0,351.0,51.2,1.5,1.78,1496.0,234.0,6.39,1.0,9.51,1405.0,222.0,6.0,0.95,9.63,1613.0,248.0,6.89,1.06,9.35,1456.0,225.0,6.22,0.96,9.38,1942.0,295.0,8.29,1.26,9.24,3185.0,332.0,13.6,1.42,6.35,3200.0,316.0,13.67,1.35,6.0,3763.0,340.0,16.07,1.45,5.49,1892.0,253.0,8.08,1.08,8.13,1005.0,166.0,4.29,0.71,10.06,1473.0,234.0,6.29,1.0,9.66,595.0,145.0,2.54,0.62,14.84,378.0,112.0,1.61,0.48,18.12,18010.0,368.0,76.92,1.57,1.24,2449.0,297.0,10.46,1.27,7.38,10284.0,855.0,43.92,3.65,5.05,1538.0,398.0,6.57,1.7,15.73,48.0,77.0,0.2,0.33,100.3,5563.0,644.0,23.76,2.75,7.04,0.0,,0.0,,,4716.0,754.0,20.14,3.22,9.72,1262.0,323.0,5.39,1.38,15.56,10179.0,766.0,43.47,3.27,4.57,13236.0,766.0,56.53,3.27,3.52,5390.0,599.0,23.02,2.56,6.76,1350.0,337.0,5.77,1.44,15.17,0.0,,0.0,,,5496.0,642.0,23.47,2.74,7.1,0.0,,0.0,,,374.0,178.0,1.6,0.76,28.88,624.0,234.0,2.66,1.0,22.85
208,Howard Beach-Lindenwood,QN1003,Howard Beach-Lindenwood,10662.0,,100,,,3122.0,385.0,29.28,3.61,7.49,6139.0,726.0,21.73,2.57,7.19,478.0,197.0,7.79,3.21,25.05,396.0,169.0,6.45,2.76,26.01,2540.0,373.0,41.38,6.08,8.93,1163.0,274.0,18.95,4.47,14.34,1562.0,309.0,25.44,5.04,12.04,20895.0,1503.0,73.97,5.32,4.37,1460.0,376.0,6.99,1.8,15.65,1804.0,387.0,8.63,1.85,13.03,6432.0,562.0,30.78,2.69,5.31,5709.0,685.0,27.32,3.28,7.3,22723.0,1652.0,80.44,5.85,4.42,1406.0,266.0,6.19,1.17,11.49,28233.0,62.0,99.95,0.22,0.13,3963.0,519.0,14.04,1.84,7.97,5517.0,706.0,19.53,2.5,7.78,349.0,187.0,6.33,3.39,32.56,16747.0,686.0,59.29,2.43,2.49,1391.0,315.0,8.31,1.88,13.75,5968.0,494.0,21.13,1.75,5.03,2227.0,278.0,37.31,4.65,7.58,28120.0,989.0,99.55,3.5,2.14,25508.0,815.0,90.71,2.9,1.94,2544.0,813.0,9.05,2.89,19.41,62.0,62.0,0.22,0.22,60.79,28247.0,,100,,,22582.0,791.0,79.94,2.8,2.13,21678.0,853.0,76.74,3.02,2.39,917.0,305.0,3.25,1.08,20.2,5665.0,895.0,20.06,3.17,9.6,4236.0,339.0,74.77,5.99,4.87,1429.0,339.0,25.22,5.99,14.44,2519.0,466.0,44.47,8.23,11.25,928.0,295.0,16.38,5.21,19.34,69.0,77.0,1.22,1.36,67.77,0.0,,0.0,,,2071.0,492.0,36.56,8.68,14.43,78.0,97.0,1.38,1.72,75.77,26776.0,1576.0,94.79,5.58,3.58,17492.0,1103.0,65.33,4.12,3.83,2959.0,506.0,11.05,1.89,10.4,3900.0,803.0,14.57,3.0,12.52,23416.0,1709.0,82.9,6.05,4.44,14231.0,646.0,60.78,2.76,2.76,13160.0,653.0,56.2,2.79,3.02,1077.0,290.0,4.6,1.24,16.39,0.0,,0.0,,,9184.0,646.0,39.22,2.76,4.28,,,7.57,2.01,16.37,12762.0,576.0,45.18,2.04,2.74,7554.0,505.0,59.19,3.96,4.07,887.0,258.0,6.95,2.02,17.67,3883.0,489.0,30.43,3.83,7.65,283.0,134.0,2.22,1.05,28.75,128.0,98.0,1.0,0.77,46.81,13153.0,613.0,46.56,2.17,2.83,0.0,,0.0,,,926.0,289.0,7.04,2.2,19.0,769.0,299.0,5.85,2.27,23.59,516.0,187.0,3.92,1.42,22.02,1122.0,301.0,8.53,2.29,16.32,977.0,249.0,7.43,1.89,15.46,456.0,162.0,3.47,1.23,21.55,1442.0,306.0,10.96,2.33,12.92,1245.0,280.0,9.47,2.13,13.67,3312.0,426.0,25.18,3.24,7.82,983.0,278.0,7.47,2.11,17.17,578.0,199.0,4.39,1.51,20.91,816.0,203.0,6.2,1.54,15.1,628.0,190.0,5.89,1.78,18.37,493.0,187.0,4.62,1.75,23.03,714.0,211.0,6.7,1.98,17.96,753.0,218.0,7.06,2.04,17.57,1385.0,313.0,12.99,2.94,13.76,1673.0,308.0,15.69,2.89,11.2,1600.0,332.0,15.01,3.11,12.6,1534.0,294.0,14.39,2.76,11.66,1126.0,273.0,10.56,2.56,14.74,753.0,192.0,7.06,1.8,15.5,8113.0,336.0,76.09,3.15,2.52,4579.0,414.0,42.95,3.88,5.49,2639.0,339.0,24.75,3.18,7.81,444.0,175.0,4.16,1.64,23.97,124.0,69.0,1.16,0.65,34.06,841.0,237.0,7.89,2.22,17.1,26414.0,457.0,93.56,1.62,1.05,20111.0,937.0,71.23,3.32,2.83,10346.0,1002.0,36.65,3.55,5.89,1819.0,457.0,6.44,1.62,15.29,13358.0,534.0,47.29,1.89,2.43,14889.0,534.0,52.71,1.89,2.18,1471.0,379.0,5.21,1.34,15.64,1610.0,353.0,5.7,1.25,13.33,1573.0,305.0,5.57,1.08,11.79,1358.0,325.0,4.81,1.15,14.53,1320.0,302.0,4.67,1.07,13.93,2690.0,517.0,9.52,1.83,11.69,4080.0,619.0,14.44,2.19,9.22,4068.0,596.0,14.4,2.11,8.91,1995.0,379.0,7.06,1.34,11.54,2108.0,381.0,7.46,1.35,11.0,2831.0,427.0,10.02,1.51,9.16,1933.0,370.0,6.84,1.31,11.64,1211.0,330.0,4.29,1.17,16.58,22723.0,607.0,80.44,2.15,1.62,5968.0,653.0,21.13,2.31,6.65,22443.0,932.0,79.45,3.3,2.52,513.0,362.0,1.82,1.28,42.75,0.0,,0.0,,,1161.0,458.0,4.11,1.62,23.96,0.0,,0.0,,,2856.0,794.0,10.11,2.81,16.9,1268.0,441.0,4.49,1.56,21.12,6222.0,960.0,22.03,3.4,9.38,22025.0,960.0,77.97,3.4,2.65,19668.0,1008.0,69.63,3.57,3.12,463.0,359.0,1.64,1.27,47.08,0.0,,0.0,,,1161.0,458.0,4.11,1.62,23.96,0.0,,0.0,,,312.0,294.0,1.1,1.04,57.47,399.0,223.0,1.41,0.79,34.06
209,Spring Creek Park,QN1091,Spring Creek Park,0.0,,100,,,0.0,,,,,0.0,,,,,0.0,,,,,0.0,,,,,0.0,,,,,0.0,,,,,0.0,,,,,0.0,,,,,0.0,,,,,0.0,,,,,0.0,,,,,0.0,,,,,0.0,,,,,0.0,,,,,0.0,,,,,0.0,,,,,0.0,,,,,0.0,,,,,0.0,,,,,0.0,,,,,0.0,,,,,0.0,,,,,0.0,,,,,0.0,,,,,0.0,,,,,0.0,,,,,0.0,,100,,,0.0,,,,,0.0,,,,,0.0,,,,,0.0,,,,,0.0,,,,,0.0,,,,,0.0,,,,,0.0,,,,,0.0,,,,,0.0,,,,,0.0,,,,,0.0,,,,,0.0,,,,,0.0,,,,,0.0,,,,,0.0,,,,,0.0,,,,,0.0,,,,,0.0,,,,,0.0,,,,,0.0,,,,,0.0,,,,,,,,,,0.0,,,,,0.0,,,,,0.0,,,,,0.0,,,,,0.0,,,,,0.0,,,,,0.0,,,,,0.0,,,,,0.0,,,,,0.0,,,,,0.0,,,,,0.0,,,,,0.0,,,,,0.0,,,,,0.0,,,,,0.0,,,,,0.0,,,,,0.0,,,,,0.0,,,,,0.0,,,,,0.0,,,,,0.0,,,,,0.0,,,,,0.0,,,,,0.0,,,,,0.0,,,,,0.0,,,,,0.0,,,,,0.0,,,,,0.0,,,,,0.0,,,,,0.0,,,,,0.0,,,,,0.0,,,,,0.0,,,,,0.0,,,,,0.0,,,,,0.0,,,,,0.0,,,,,0.0,,,,,0.0,,,,,0.0,,,,,0.0,,,,,0.0,,,,,0.0,,,,,0.0,,,,,0.0,,,,,0.0,,,,,0.0,,,,,0.0,,,,,0.0,,,,,0.0,,,,,0.0,,,,,0.0,,,,,0.0,,,,,0.0,,,,,0.0,,,,,0.0,,,,,0.0,,,,,0.0,,,,,0.0,,,,,0.0,,,,,0.0,,,,,0.0,,,,,0.0,,,,,0.0,,,,,0.0,,,,,0.0,,,,,0.0,,,,,0.0,,,,,0.0,,,,,0.0,,,,,0.0,,,,
210,Auburndale,QN1101,Auburndale,12422.0,,100,,,3710.0,267.0,29.87,2.15,4.38,8028.0,584.0,22.69,1.65,4.42,578.0,147.0,7.2,1.83,15.45,521.0,125.0,6.49,1.56,14.61,2926.0,263.0,36.45,3.27,5.45,1477.0,210.0,18.4,2.62,8.66,2525.0,252.0,31.45,3.14,6.07,26266.0,945.0,74.25,2.67,2.19,2060.0,276.0,7.84,1.05,8.14,1682.0,273.0,6.4,1.04,9.88,6543.0,444.0,24.91,1.69,4.12,9588.0,528.0,36.5,2.01,3.35,28818.0,1086.0,81.46,3.07,2.29,1034.0,164.0,3.59,0.57,9.65,34936.0,124.0,98.75,0.35,0.22,2845.0,304.0,8.14,0.87,6.5,6542.0,520.0,18.49,1.47,4.83,42.0,88.0,0.64,1.35,128.23,22480.0,517.0,63.54,1.46,1.4,1134.0,191.0,5.04,0.85,10.25,5910.0,329.0,16.71,0.93,3.38,1664.0,202.0,28.15,3.42,7.39,35022.0,1150.0,99.0,3.25,2.0,31968.0,515.0,91.28,1.47,0.98,2684.0,476.0,7.66,1.36,10.79,371.0,172.0,1.06,0.49,28.1,35377.0,,100,,,19375.0,619.0,54.77,1.75,1.94,18931.0,623.0,53.51,1.76,2.0,442.0,127.0,1.25,0.36,17.51,16002.0,584.0,45.23,1.65,2.22,10817.0,422.0,67.6,2.64,2.37,5186.0,422.0,32.41,2.64,4.95,2647.0,365.0,16.54,2.28,8.38,10915.0,459.0,68.21,2.87,2.56,23.0,91.0,0.14,0.57,247.5,24.0,96.0,0.15,0.6,243.16,2348.0,382.0,14.67,2.39,9.9,48.0,90.0,0.3,0.56,113.48,33644.0,1100.0,95.1,3.11,1.99,12326.0,717.0,36.64,2.13,3.53,11653.0,680.0,34.64,2.02,3.54,3558.0,585.0,10.58,1.74,10.0,29470.0,1146.0,83.3,3.24,2.36,17938.0,504.0,60.87,1.71,1.71,16862.0,501.0,57.22,1.7,1.81,1063.0,209.0,3.61,0.71,11.96,16.0,106.0,0.05,0.36,437.69,11532.0,504.0,39.13,1.71,2.66,,,5.93,1.15,11.95,16346.0,485.0,46.21,1.37,1.8,8228.0,391.0,50.34,2.39,2.89,1819.0,248.0,11.13,1.52,8.3,5394.0,358.0,33.0,2.19,4.03,370.0,121.0,2.26,0.74,19.9,421.0,100.0,2.58,0.61,14.37,16852.0,485.0,47.64,1.37,1.75,0.0,,0.0,,,1159.0,192.0,6.88,1.14,10.07,727.0,158.0,4.31,0.94,13.26,561.0,142.0,3.33,0.84,15.33,1690.0,222.0,10.03,1.32,8.0,1120.0,177.0,6.65,1.05,9.6,476.0,125.0,2.82,0.74,15.95,1583.0,217.0,9.39,1.29,8.35,1899.0,280.0,11.27,1.66,8.95,4212.0,320.0,24.99,1.9,4.62,1359.0,239.0,8.06,1.42,10.71,1486.0,238.0,8.82,1.41,9.72,579.0,123.0,3.44,0.73,12.9,489.0,124.0,3.94,1.0,15.43,371.0,106.0,2.99,0.85,17.28,824.0,159.0,6.63,1.28,11.74,804.0,173.0,6.47,1.39,13.06,1320.0,191.0,10.63,1.54,8.81,2342.0,245.0,18.85,1.97,6.35,1741.0,232.0,14.02,1.87,8.11,2211.0,235.0,17.8,1.89,6.45,1345.0,174.0,10.83,1.4,7.86,978.0,165.0,7.87,1.33,10.27,10016.0,232.0,80.63,1.87,1.41,4057.0,262.0,32.66,2.11,3.93,2394.0,215.0,19.27,1.73,5.46,322.0,86.0,2.59,0.69,16.2,191.0,84.0,1.54,0.68,26.84,705.0,128.0,5.68,1.03,11.02,31492.0,472.0,90.14,1.35,0.91,24423.0,783.0,69.91,2.24,1.95,10587.0,713.0,30.3,2.04,4.09,3443.0,472.0,9.86,1.35,8.32,17248.0,414.0,48.75,1.17,1.46,18129.0,414.0,51.25,1.17,1.39,1733.0,262.0,4.9,0.74,9.18,1930.0,272.0,5.46,0.77,8.57,1840.0,233.0,5.2,0.66,7.72,1634.0,230.0,4.62,0.65,8.55,1968.0,269.0,5.56,0.76,8.31,4669.0,425.0,13.2,1.2,5.53,4908.0,375.0,13.87,1.06,4.65,5231.0,449.0,14.79,1.27,5.22,2556.0,272.0,7.23,0.77,6.47,2576.0,297.0,7.28,0.84,7.01,3186.0,343.0,9.01,0.97,6.54,2007.0,276.0,5.67,0.78,8.36,1140.0,191.0,3.22,0.54,10.19,28835.0,446.0,81.51,1.26,0.94,6330.0,460.0,17.89,1.3,4.42,16296.0,934.0,46.06,2.64,3.48,501.0,177.0,1.42,0.5,21.41,55.0,99.0,0.16,0.28,106.38,15739.0,906.0,44.49,2.56,3.5,6.0,103.0,0.02,0.29,881.46,1435.0,471.0,4.06,1.33,19.91,1336.0,471.0,3.78,1.33,21.39,4784.0,796.0,13.52,2.25,10.12,30593.0,796.0,86.48,2.25,1.58,13709.0,867.0,38.75,2.45,3.84,415.0,170.0,1.17,0.48,24.94,32.0,106.0,0.09,0.3,202.63,15589.0,913.0,44.07,2.58,3.56,0.0,,0.0,,,112.0,149.0,0.32,0.42,79.79,726.0,318.0,2.05,0.9,26.69
211,Bayside,QN1102,Bayside,12868.0,,100,,,3956.0,282.0,30.74,2.19,4.33,8085.0,529.0,23.21,1.52,3.98,352.0,106.0,4.35,1.31,18.31,290.0,93.0,3.59,1.15,19.47,3069.0,262.0,37.96,3.24,5.19,1815.0,222.0,22.45,2.74,7.42,2558.0,262.0,31.64,3.24,6.23,25716.0,1010.0,73.84,2.9,2.39,1572.0,203.0,6.11,0.79,7.86,1078.0,170.0,4.19,0.66,9.58,5597.0,422.0,21.76,1.64,4.58,11506.0,509.0,44.74,1.98,2.69,28042.0,1090.0,80.51,3.13,2.36,873.0,143.0,3.11,0.51,9.97,34805.0,300.0,99.93,0.86,0.52,2913.0,303.0,8.37,0.87,6.32,6771.0,505.0,19.44,1.45,4.53,86.0,81.0,1.27,1.19,56.96,22304.0,362.0,64.04,1.04,0.99,1250.0,190.0,5.6,0.85,9.23,5736.0,327.0,16.47,0.94,3.47,1572.0,188.0,27.41,3.28,7.27,34508.0,846.0,99.08,2.43,1.49,31786.0,476.0,92.11,1.38,0.91,2469.0,445.0,7.15,1.29,10.97,254.0,176.0,0.74,0.51,41.9,34829.0,,100,,,19591.0,630.0,56.25,1.81,1.96,19103.0,616.0,54.85,1.77,1.96,487.0,125.0,1.4,0.36,15.63,15238.0,683.0,43.75,1.96,2.72,10469.0,430.0,68.7,2.82,2.5,4769.0,430.0,31.3,2.82,5.48,2041.0,274.0,13.39,1.8,8.17,11443.0,401.0,75.09,2.63,2.13,116.0,104.0,0.76,0.68,54.39,8.0,104.0,0.05,0.68,826.75,1599.0,303.0,10.49,1.99,11.53,33.0,90.0,0.22,0.59,163.03,33185.0,1076.0,95.28,3.09,1.97,12845.0,707.0,38.71,2.13,3.34,10236.0,631.0,30.85,1.9,3.74,3036.0,541.0,9.15,1.63,10.83,28941.0,1132.0,83.09,3.25,2.38,18793.0,405.0,64.94,1.4,1.31,17653.0,417.0,61.0,1.44,1.44,1125.0,208.0,3.89,0.72,11.25,11.0,98.0,0.04,0.34,516.72,10148.0,405.0,35.06,1.4,2.43,,,5.99,1.1,11.24,17086.0,435.0,49.06,1.25,1.55,8661.0,400.0,50.69,2.34,2.81,1981.0,292.0,11.59,1.71,8.97,5233.0,374.0,30.63,2.19,4.35,564.0,128.0,3.3,0.75,13.82,534.0,150.0,3.13,0.88,17.09,17651.0,421.0,50.68,1.21,1.45,33.0,115.0,0.19,0.65,207.97,1054.0,196.0,5.97,1.11,11.3,656.0,150.0,3.72,0.85,13.89,851.0,166.0,4.82,0.94,11.86,1624.0,215.0,9.2,1.22,8.06,1006.0,203.0,5.7,1.15,12.26,627.0,131.0,3.55,0.74,12.67,2061.0,233.0,11.68,1.32,6.87,1908.0,231.0,10.81,1.31,7.37,4315.0,321.0,24.45,1.82,4.53,1788.0,242.0,10.13,1.37,8.22,1070.0,194.0,6.06,1.1,11.03,657.0,139.0,3.72,0.79,12.91,527.0,127.0,4.1,0.99,14.68,328.0,111.0,2.55,0.86,20.5,908.0,154.0,7.06,1.2,10.33,926.0,162.0,7.2,1.26,10.64,1105.0,174.0,8.59,1.35,9.55,2075.0,229.0,16.13,1.78,6.71,2008.0,228.0,15.6,1.77,6.9,2514.0,233.0,19.54,1.81,5.63,1332.0,179.0,10.35,1.39,8.16,1147.0,156.0,8.91,1.21,8.26,10681.0,207.0,83.0,1.61,1.18,3875.0,255.0,30.11,1.98,4.0,1972.0,183.0,15.32,1.42,5.63,367.0,94.0,2.85,0.73,15.57,214.0,62.0,1.66,0.48,17.58,842.0,147.0,6.54,1.14,10.6,31854.0,407.0,91.52,1.17,0.78,25350.0,658.0,72.83,1.89,1.58,10375.0,609.0,29.81,1.75,3.57,2950.0,407.0,8.48,1.17,8.39,17111.0,428.0,49.13,1.23,1.52,17718.0,428.0,50.87,1.23,1.47,1646.0,261.0,4.73,0.75,9.64,1767.0,272.0,5.07,0.78,9.35,1988.0,265.0,5.71,0.76,8.09,1925.0,261.0,5.53,0.75,8.24,1790.0,247.0,5.14,0.71,8.4,4629.0,414.0,13.29,1.19,5.44,4903.0,390.0,14.08,1.12,4.84,5317.0,362.0,15.27,1.04,4.14,2728.0,286.0,7.83,0.82,6.37,2404.0,265.0,6.9,0.76,6.7,3353.0,313.0,9.63,0.9,5.68,1536.0,216.0,4.41,0.62,8.55,852.0,160.0,2.45,0.46,11.41,28053.0,428.0,80.54,1.23,0.93,5738.0,394.0,16.47,1.13,4.17,16236.0,825.0,46.62,2.37,3.09,662.0,216.0,1.9,0.62,19.84,38.0,111.0,0.11,0.32,176.84,15794.0,864.0,45.35,2.48,3.32,0.0,,0.0,,,1360.0,435.0,3.9,1.25,19.48,758.0,240.0,2.18,0.69,19.24,4185.0,644.0,12.02,1.85,9.36,30646.0,644.0,87.99,1.85,1.28,13905.0,791.0,39.92,2.27,3.46,574.0,199.0,1.65,0.57,21.0,38.0,111.0,0.11,0.32,176.84,15644.0,871.0,44.92,2.5,3.38,0.0,,0.0,,,25.0,101.0,0.07,0.29,251.85,468.0,171.0,1.34,0.49,22.23
212,Douglaston-Little Neck,QN1103,Douglaston-Little Neck,9752.0,,100,,,2709.0,310.0,27.78,3.18,6.96,5517.0,592.0,21.43,2.3,6.52,443.0,153.0,8.03,2.78,21.05,307.0,168.0,5.56,3.05,33.35,1982.0,263.0,35.92,4.76,8.06,1139.0,227.0,20.64,4.12,12.13,1645.0,271.0,29.82,4.92,10.03,19261.0,1071.0,74.82,4.16,3.38,806.0,256.0,4.18,1.33,19.34,702.0,191.0,3.64,0.99,16.53,3667.0,406.0,19.04,2.11,6.74,9328.0,584.0,48.43,3.03,3.8,20815.0,1164.0,80.86,4.52,3.4,763.0,181.0,3.67,0.87,14.41,25622.0,95.0,99.53,0.37,0.23,2521.0,364.0,9.84,1.42,8.77,4929.0,564.0,19.15,2.19,6.96,34.0,68.0,0.69,1.37,120.7,15592.0,620.0,60.57,2.41,2.42,823.0,220.0,5.28,1.41,16.23,5099.0,360.0,19.81,1.4,4.29,1663.0,229.0,32.62,4.49,8.37,25512.0,291.0,99.1,1.13,0.69,23496.0,653.0,92.1,2.56,1.69,1872.0,635.0,7.34,2.49,20.62,150.0,171.0,0.59,0.67,69.03,25743.0,,100,,,16384.0,798.0,63.64,3.1,2.96,15929.0,801.0,61.88,3.11,3.06,454.0,167.0,1.76,0.65,22.45,9360.0,904.0,36.36,3.51,5.87,6706.0,466.0,71.65,4.98,4.23,2654.0,466.0,28.36,4.98,10.67,1350.0,314.0,14.42,3.35,14.12,6252.0,519.0,66.8,5.54,5.04,253.0,302.0,2.7,3.23,72.72,8.0,68.0,0.09,0.73,493.08,1470.0,383.0,15.71,4.09,15.83,24.0,57.0,0.26,0.61,142.62,24290.0,1264.0,94.35,4.91,3.16,12214.0,947.0,50.28,3.9,4.72,6163.0,704.0,25.37,2.9,6.95,1842.0,452.0,7.58,1.86,14.92,21424.0,1197.0,83.22,4.65,3.4,13389.0,570.0,62.5,2.66,2.59,12660.0,587.0,59.09,2.74,2.82,724.0,238.0,3.38,1.11,19.96,0.0,,0.0,,,8035.0,570.0,37.51,2.66,4.31,,,5.41,1.76,19.98,12214.0,553.0,47.45,2.15,2.75,6915.0,407.0,56.62,3.33,3.58,984.0,267.0,8.06,2.19,16.52,3141.0,392.0,25.72,3.21,7.59,325.0,166.0,2.66,1.36,31.08,681.0,193.0,5.58,1.58,17.21,12657.0,546.0,49.17,2.12,2.62,14.0,70.0,0.11,0.55,303.95,510.0,151.0,4.03,1.19,17.95,539.0,161.0,4.26,1.27,18.12,470.0,162.0,3.71,1.28,20.97,1190.0,252.0,9.4,1.99,12.87,648.0,189.0,5.12,1.49,17.69,415.0,156.0,3.28,1.23,22.8,1619.0,301.0,12.79,2.38,11.31,1508.0,276.0,11.91,2.18,11.13,2901.0,351.0,22.92,2.77,7.35,1163.0,333.0,9.19,2.63,17.4,971.0,235.0,7.67,1.86,14.74,715.0,197.0,5.65,1.56,16.78,373.0,150.0,3.82,1.54,24.51,179.0,98.0,1.84,1.0,33.04,579.0,160.0,5.94,1.64,16.78,829.0,215.0,8.5,2.2,15.73,802.0,183.0,8.22,1.88,13.9,1602.0,267.0,16.43,2.74,10.14,1456.0,253.0,14.93,2.59,10.55,1984.0,239.0,20.34,2.45,7.32,952.0,213.0,9.76,2.18,13.58,988.0,177.0,10.13,1.81,10.86,7535.0,273.0,77.27,2.8,2.2,3426.0,290.0,35.13,2.97,5.14,2000.0,255.0,20.51,2.61,7.74,262.0,98.0,2.69,1.01,22.82,25.0,66.0,0.26,0.68,158.99,444.0,144.0,4.55,1.48,19.77,23871.0,515.0,93.16,2.01,1.31,19680.0,769.0,76.81,3.0,2.37,7606.0,656.0,29.69,2.56,5.24,1751.0,515.0,6.83,2.01,17.89,11900.0,479.0,46.23,1.86,2.45,13844.0,479.0,53.78,1.86,2.1,1453.0,322.0,5.64,1.25,13.47,1316.0,273.0,5.11,1.06,12.61,1305.0,268.0,5.07,1.04,12.47,1343.0,257.0,5.22,1.0,11.65,1054.0,234.0,4.09,0.91,13.53,2962.0,412.0,11.51,1.6,8.45,3469.0,409.0,13.48,1.59,7.17,3722.0,445.0,14.46,1.73,7.27,2143.0,332.0,8.32,1.29,9.43,1763.0,301.0,6.85,1.17,10.38,2800.0,373.0,10.88,1.45,8.1,1285.0,239.0,4.99,0.93,11.33,1112.0,247.0,4.32,0.96,13.51,20815.0,484.0,80.86,1.88,1.41,5203.0,505.0,20.21,1.96,5.9,13930.0,1045.0,54.11,4.06,4.56,526.0,412.0,2.04,1.6,47.68,0.0,,0.0,,,9657.0,1063.0,37.51,4.13,6.69,0.0,,0.0,,,722.0,296.0,2.8,1.15,24.97,912.0,592.0,3.54,2.3,39.5,3068.0,690.0,11.92,2.68,13.67,22676.0,690.0,88.09,2.68,1.85,11943.0,909.0,46.39,3.53,4.63,407.0,396.0,1.58,1.54,59.25,0.0,,0.0,,,9657.0,1063.0,37.51,4.13,6.69,0.0,,0.0,,,101.0,103.0,0.39,0.4,62.35,568.0,456.0,2.21,1.77,48.69
213,Oakland Gardens-Hollis Hills,QN1104,Oakland Gardens-Hollis Hills,10234.0,,100,,,2848.0,299.0,27.83,2.92,6.38,5091.0,558.0,21.27,2.33,6.66,404.0,138.0,7.94,2.71,20.75,210.0,82.0,4.13,1.61,23.7,2078.0,216.0,40.82,4.25,6.33,872.0,179.0,17.13,3.52,12.49,1528.0,195.0,30.01,3.84,7.78,17938.0,859.0,74.94,3.59,2.91,995.0,291.0,5.55,1.62,17.74,792.0,242.0,4.42,1.35,18.57,3655.0,418.0,20.38,2.33,6.95,8308.0,551.0,46.31,3.07,4.03,19244.0,1127.0,80.4,4.71,3.56,588.0,154.0,3.06,0.8,15.89,23936.0,0.0,100.0,0.0,0.0,1949.0,294.0,8.14,1.23,9.19,4692.0,481.0,19.6,2.01,6.23,91.0,66.0,1.94,1.41,44.18,14899.0,562.0,62.25,2.35,2.29,609.0,164.0,4.09,1.1,16.35,4344.0,328.0,18.15,1.37,4.59,1243.0,209.0,28.61,4.82,10.24,23653.0,1209.0,98.82,5.05,3.11,21895.0,497.0,92.57,2.1,1.38,1555.0,456.0,6.57,1.93,17.86,202.0,196.0,0.85,0.83,59.36,23936.0,,100,,,13524.0,562.0,56.5,2.35,2.53,13277.0,565.0,55.47,2.36,2.59,247.0,115.0,1.03,0.48,28.33,10412.0,584.0,43.5,2.44,3.41,7498.0,438.0,72.01,4.21,3.55,2914.0,438.0,27.99,4.21,9.14,1301.0,319.0,12.5,3.06,14.88,7822.0,455.0,75.13,4.37,3.54,90.0,89.0,0.86,0.85,60.08,0.0,,0.0,,,1188.0,345.0,11.41,3.31,17.64,17.0,64.0,0.16,0.61,231.76,22456.0,1185.0,93.82,4.95,3.21,9731.0,723.0,43.33,3.22,4.52,6559.0,723.0,29.21,3.22,6.7,1421.0,406.0,6.33,1.81,17.38,19675.0,1168.0,82.2,4.88,3.61,12426.0,466.0,63.16,2.37,2.28,11710.0,476.0,59.52,2.42,2.47,712.0,199.0,3.62,1.01,16.96,0.0,,0.0,,,7250.0,466.0,36.85,2.37,3.91,,,5.73,1.59,16.99,11373.0,493.0,47.51,2.06,2.64,6006.0,407.0,52.81,3.58,4.12,1208.0,293.0,10.62,2.58,14.77,3452.0,365.0,30.35,3.21,6.43,136.0,77.0,1.2,0.68,34.45,477.0,138.0,4.19,1.21,17.56,11713.0,500.0,48.93,2.09,2.59,0.0,,0.0,,,665.0,199.0,5.68,1.7,18.19,543.0,166.0,4.64,1.42,18.6,438.0,143.0,3.74,1.22,19.83,1395.0,259.0,11.91,2.21,11.28,750.0,203.0,6.4,1.73,16.43,352.0,125.0,3.01,1.07,21.61,1464.0,290.0,12.5,2.48,12.06,1298.0,248.0,11.08,2.12,11.63,3053.0,361.0,26.06,3.08,7.18,648.0,173.0,5.53,1.48,16.27,564.0,175.0,4.82,1.49,18.79,540.0,158.0,4.61,1.35,17.8,468.0,152.0,4.57,1.49,19.82,314.0,139.0,3.07,1.36,26.93,938.0,213.0,9.17,2.08,13.79,770.0,218.0,7.52,2.13,17.22,1119.0,210.0,10.93,2.05,11.4,1832.0,279.0,17.9,2.73,9.27,1213.0,220.0,11.85,2.15,11.03,1774.0,295.0,17.33,2.88,10.1,895.0,200.0,8.75,1.95,13.55,913.0,186.0,8.92,1.82,12.4,7960.0,280.0,77.78,2.74,2.14,3219.0,303.0,31.45,2.96,5.72,1664.0,243.0,16.26,2.37,8.86,424.0,133.0,4.14,1.3,19.09,160.0,79.0,1.56,0.77,30.01,905.0,226.0,8.84,2.21,15.2,22086.0,383.0,92.27,1.6,1.05,17098.0,776.0,71.43,3.24,2.76,7310.0,747.0,30.54,3.12,6.21,1850.0,383.0,7.73,1.6,12.58,11564.0,388.0,48.31,1.62,2.04,12372.0,388.0,51.69,1.62,1.91,1480.0,294.0,6.18,1.23,12.1,1232.0,223.0,5.15,0.93,10.98,1216.0,244.0,5.08,1.02,12.21,978.0,203.0,4.09,0.85,12.63,1095.0,223.0,4.57,0.93,12.37,2834.0,457.0,11.84,1.91,9.81,3263.0,359.0,13.63,1.5,6.69,3965.0,436.0,16.57,1.82,6.68,1898.0,306.0,7.93,1.28,9.81,1628.0,318.0,6.8,1.33,11.89,2411.0,333.0,10.07,1.39,8.39,1218.0,218.0,5.09,0.91,10.87,715.0,194.0,2.99,0.81,16.47,19244.0,407.0,80.4,1.7,1.29,4344.0,433.0,18.15,1.81,6.06,11430.0,742.0,47.75,3.1,3.95,909.0,455.0,3.8,1.9,30.4,0.0,,0.0,,,10382.0,826.0,43.37,3.45,4.84,53.0,93.0,0.22,0.39,107.76,359.0,194.0,1.5,0.81,32.83,803.0,354.0,3.35,1.48,26.86,2064.0,539.0,8.62,2.25,15.87,21872.0,539.0,91.38,2.25,1.5,9966.0,742.0,41.64,3.1,4.53,718.0,297.0,3.0,1.24,25.13,0.0,,0.0,,,10337.0,831.0,43.19,3.47,4.88,53.0,93.0,0.22,0.39,107.76,42.0,91.0,0.18,0.38,128.34,756.0,354.0,3.16,1.48,28.47
214,Alley Pond Park,QN1191,Alley Pond Park,1.0,,100,,,0.0,,0.0,,,10.0,22.0,31.53,68.05,133.74,3.0,7.0,29.2,66.7,138.86,0.0,,0.0,,,0.0,,0.0,,,0.0,,0.0,,,7.0,7.0,68.12,66.7,59.52,21.0,18.0,66.22,56.85,52.11,0.0,,0.0,,,0.0,,0.0,,,0.0,,0.0,,,15.0,13.0,69.97,59.1,51.35,28.0,2.0,88.29,6.52,4.34,0.0,,0.0,,,32.0,0.0,100.9,0.0,0.0,14.0,18.0,44.14,56.8,78.23,3.0,17.0,9.46,53.74,344.48,0.0,,0.0,,,7.0,14.0,22.07,44.43,121.58,0.0,,0.0,,,21.0,18.0,66.22,56.85,52.11,14.0,14.0,65.3,64.0,59.58,32.0,0.0,100.9,0.0,0.0,21.0,14.0,66.22,42.7,39.2,11.0,14.0,34.68,42.7,74.85,0.0,,0.0,,,32.0,,100,,,32.0,15.0,100.9,46.8,28.2,32.0,15.0,100.9,46.8,28.2,0.0,,0.0,,,0.0,,0.0,,,0.0,,,,,0.0,,,,,0.0,,,,,0.0,,,,,0.0,,,,,0.0,,,,,0.0,,,,,0.0,,,,,28.0,2.0,88.29,6.52,4.34,21.0,16.0,74.23,56.3,46.11,0.0,,0.0,,,7.0,16.0,24.74,56.3,138.34,28.0,2.0,88.29,6.52,4.34,15.0,15.0,53.02,51.5,59.05,15.0,15.0,53.02,51.5,59.05,0.0,,0.0,,,0.0,,0.0,,,14.0,15.0,49.49,51.5,63.26,,,0.0,,,15.0,20.0,47.3,62.84,81.05,0.0,,0.0,,,0.0,,0.0,,,0.0,,0.0,,,0.0,,0.0,,,15.0,10.0,103.04,69.1,40.77,15.0,20.0,47.3,62.84,81.05,0.0,,0.0,,,0.0,,0.0,,,0.0,,0.0,,,0.0,,0.0,,,0.0,,0.0,,,0.0,,0.0,,,0.0,,0.0,,,0.0,,0.0,,,0.0,,0.0,,,0.0,,0.0,,,0.0,,0.0,,,15.0,10.0,103.04,69.1,40.77,0.0,,0.0,,,0.0,,0.0,,,0.0,,0.0,,,0.0,,0.0,,,0.0,,0.0,,,0.0,,0.0,,,0.0,,0.0,,,0.0,,0.0,,,0.0,,0.0,,,0.0,,0.0,,,0.0,,0.0,,,0.0,,0.0,,,0.0,,0.0,,,0.0,,0.0,,,0.0,,0.0,,,0.0,,0.0,,,0.0,,0.0,,,32.0,15.0,100.9,46.8,28.2,15.0,17.0,47.3,54.1,69.53,17.0,17.0,53.6,54.1,61.36,0.0,,0.0,,,32.0,15.0,100.9,46.8,28.2,0.0,,0.0,,,3.0,15.0,9.46,47.0,302.02,0.0,,0.0,,,0.0,,0.0,,,7.0,14.0,22.07,44.4,122.3,0.0,,0.0,,,0.0,,0.0,,,0.0,,0.0,,,0.0,,0.0,,,0.0,,0.0,,,0.0,,0.0,,,15.0,17.0,47.3,54.1,69.53,0.0,,0.0,,,7.0,15.0,22.07,46.2,127.25,28.0,15.0,88.29,47.0,32.36,21.0,19.0,66.22,60.7,55.72,28.0,15.0,88.29,47.0,32.36,3.0,15.0,9.46,47.0,302.02,0.0,,0.0,,,0.0,,0.0,,,0.0,,0.0,,,0.0,,0.0,,,0.0,,0.0,,,15.0,17.0,47.3,54.1,69.53,17.0,17.0,53.6,54.1,61.36,14.0,18.0,44.14,56.8,78.23,3.0,15.0,9.46,47.0,302.02,0.0,,0.0,,,0.0,,0.0,,,0.0,,0.0,,,0.0,,0.0,,,0.0,,0.0,,
215,Jamaica,QN1201,Jamaica,17307.0,,100,,,7215.0,424.0,41.69,2.45,3.57,14096.0,804.0,25.25,1.44,3.47,840.0,190.0,5.96,1.35,13.77,881.0,180.0,6.25,1.28,12.45,6061.0,447.0,43.0,3.17,4.48,2365.0,319.0,16.78,2.26,8.19,3948.0,430.0,28.01,3.05,6.62,37547.0,1373.0,67.25,2.46,2.22,7100.0,623.0,18.91,1.66,5.34,4471.0,484.0,11.91,1.29,6.58,10334.0,665.0,27.52,1.77,3.91,8076.0,559.0,21.51,1.49,4.21,42326.0,1619.0,75.81,2.9,2.33,477.0,127.0,1.13,0.3,16.14,55502.0,262.0,99.41,0.47,0.29,5687.0,505.0,10.25,0.91,5.4,13498.0,882.0,24.18,1.58,3.97,392.0,115.0,2.9,0.85,17.82,35959.0,614.0,64.41,1.1,1.04,3145.0,388.0,8.75,1.08,7.5,6046.0,502.0,10.83,0.9,5.05,2155.0,209.0,35.64,3.46,5.9,55012.0,1720.0,98.53,3.08,1.9,48524.0,935.0,88.21,1.7,1.17,5088.0,809.0,9.25,1.47,9.66,1380.0,462.0,2.51,0.84,20.34,55830.0,,100,,,21346.0,882.0,38.23,1.58,2.51,20025.0,865.0,35.87,1.55,2.63,1317.0,285.0,2.36,0.51,13.14,34484.0,765.0,61.77,1.37,1.35,17006.0,890.0,49.32,2.58,3.18,17477.0,890.0,50.68,2.58,3.09,583.0,176.0,1.69,0.51,18.34,11381.0,955.0,33.0,2.77,5.1,456.0,221.0,1.32,0.64,29.47,5.0,107.0,0.01,0.31,1884.5,22013.0,952.0,63.84,2.76,2.63,45.0,107.0,0.13,0.31,144.96,51479.0,1881.0,92.21,3.37,2.22,18017.0,1133.0,35.0,2.2,3.82,19902.0,999.0,38.66,1.94,3.05,17866.0,1313.0,34.71,2.55,4.47,43597.0,1697.0,78.09,3.04,2.37,28563.0,711.0,65.52,1.63,1.51,25378.0,728.0,58.21,1.67,1.74,3181.0,379.0,7.3,0.87,7.24,0.0,,0.0,,,15034.0,711.0,34.48,1.63,2.87,,,11.14,1.3,7.24,24985.0,793.0,44.75,1.42,1.93,4702.0,447.0,18.82,1.79,5.78,1081.0,262.0,4.33,1.05,14.74,16390.0,535.0,65.6,2.14,1.98,1885.0,285.0,7.54,1.14,9.19,422.0,152.0,1.69,0.61,21.94,25376.0,776.0,45.45,1.39,1.86,31.0,104.0,0.12,0.41,207.7,2241.0,360.0,8.83,1.42,9.78,1299.0,274.0,5.12,1.08,12.82,570.0,167.0,2.25,0.66,17.83,3259.0,386.0,12.84,1.52,7.2,2558.0,302.0,10.08,1.19,7.18,390.0,140.0,1.54,0.55,21.71,1282.0,254.0,5.05,1.0,12.04,2621.0,335.0,10.33,1.32,7.77,5215.0,464.0,20.55,1.83,5.41,3667.0,548.0,14.45,2.16,9.09,1487.0,246.0,5.86,0.97,10.06,746.0,170.0,2.94,0.67,13.85,1451.0,244.0,8.38,1.41,10.23,1296.0,216.0,7.49,1.25,10.15,2333.0,291.0,13.48,1.68,7.58,1988.0,280.0,11.49,1.62,8.57,2863.0,341.0,16.54,1.97,7.24,3273.0,344.0,18.91,1.99,6.4,1836.0,263.0,10.61,1.52,8.71,1335.0,215.0,7.71,1.24,9.78,622.0,182.0,3.59,1.05,17.78,302.0,132.0,1.74,0.76,26.55,14438.0,320.0,83.42,1.85,1.35,3988.0,344.0,23.04,1.99,5.25,1339.0,223.0,7.74,1.29,10.13,1121.0,208.0,6.48,1.2,11.26,1263.0,242.0,7.3,1.4,11.66,4383.0,384.0,25.33,2.22,5.33,45738.0,921.0,82.41,1.66,1.22,18334.0,1121.0,33.03,2.02,3.72,30265.0,1199.0,54.53,2.16,2.41,9765.0,921.0,17.59,1.66,5.74,27406.0,709.0,49.09,1.27,1.57,28424.0,709.0,50.91,1.27,1.52,4351.0,508.0,7.79,0.91,7.1,3720.0,380.0,6.66,0.68,6.21,3598.0,346.0,6.44,0.62,5.85,3105.0,419.0,5.56,0.75,8.2,3521.0,424.0,6.31,0.76,7.32,9515.0,681.0,17.04,1.22,4.35,8589.0,609.0,15.38,1.09,4.31,7158.0,508.0,12.82,0.91,4.32,3457.0,385.0,6.19,0.69,6.78,2539.0,335.0,4.55,0.6,8.02,3756.0,408.0,6.73,0.73,6.59,2007.0,318.0,3.59,0.57,9.65,541.0,140.0,0.97,0.25,15.67,42326.0,731.0,75.81,1.31,1.05,6289.0,586.0,11.26,1.05,5.67,8270.0,1228.0,14.81,2.2,9.03,9968.0,955.0,17.85,1.71,5.82,391.0,195.0,0.7,0.35,30.4,17843.0,1334.0,31.96,2.39,4.55,0.0,,0.0,,,16653.0,1463.0,29.83,2.62,5.34,2694.0,603.0,4.83,1.08,13.59,20457.0,1463.0,36.64,2.62,4.35,35373.0,1463.0,63.36,2.62,2.51,2156.0,391.0,3.86,0.7,11.02,9301.0,921.0,16.66,1.65,6.02,301.0,184.0,0.54,0.33,37.15,17718.0,1329.0,31.74,2.38,4.56,0.0,,0.0,,,3938.0,731.0,7.05,1.31,11.3,1979.0,525.0,3.54,0.94,16.14
216,South Jamaica,QN1202,South Jamaica,12068.0,,100,,,5282.0,338.0,43.77,2.8,3.89,11619.0,712.0,29.2,1.79,3.73,571.0,174.0,4.91,1.5,18.57,545.0,156.0,4.69,1.34,17.37,4960.0,361.0,42.69,3.11,4.43,2569.0,318.0,22.11,2.74,7.53,2974.0,376.0,25.6,3.24,7.69,24831.0,1261.0,62.41,3.17,3.09,2522.0,348.0,10.16,1.4,8.38,2796.0,387.0,11.26,1.56,8.42,8892.0,569.0,35.81,2.29,3.89,3866.0,392.0,15.57,1.58,6.17,29300.0,764.0,73.64,1.92,1.59,966.0,190.0,3.3,0.65,11.97,39756.0,32.0,99.92,0.08,0.05,3882.0,429.0,9.76,1.08,6.73,10488.0,744.0,26.36,1.87,4.31,315.0,137.0,3.0,1.31,26.55,25300.0,875.0,63.59,2.2,2.1,1951.0,278.0,7.71,1.1,8.67,3977.0,302.0,10.0,0.76,4.62,1619.0,194.0,40.71,4.89,7.3,39372.0,2117.0,98.95,5.32,3.27,35403.0,795.0,89.92,2.02,1.37,3306.0,717.0,8.4,1.82,13.17,656.0,346.0,1.67,0.88,32.03,39788.0,,100,,,24219.0,903.0,60.87,2.27,2.27,23271.0,895.0,58.49,2.25,2.34,946.0,219.0,2.38,0.55,14.05,15569.0,907.0,39.13,2.28,3.54,8631.0,601.0,55.44,3.86,4.23,6938.0,601.0,44.56,3.86,5.27,34.0,104.0,0.22,0.67,185.13,1821.0,537.0,11.7,3.45,17.93,1010.0,375.0,6.49,2.41,22.57,0.0,,0.0,,,12687.0,592.0,81.49,3.8,2.83,14.0,103.0,0.09,0.66,445.8,37093.0,1922.0,93.23,4.83,3.15,28062.0,1039.0,75.65,2.8,2.25,4208.0,671.0,11.34,1.81,9.7,5437.0,887.0,14.66,2.39,9.91,30700.0,1003.0,77.16,2.52,1.99,20393.0,620.0,66.43,2.02,1.85,16680.0,614.0,54.33,2.0,2.24,3710.0,476.0,12.08,1.55,7.8,0.0,,0.0,,,10307.0,620.0,33.57,2.02,3.66,,,18.19,2.27,7.8,16218.0,657.0,40.76,1.65,2.46,5746.0,436.0,35.43,2.69,4.62,837.0,182.0,5.16,1.12,13.19,8671.0,443.0,53.46,2.73,3.1,636.0,188.0,3.92,1.16,17.99,185.0,88.0,1.14,0.54,28.8,16684.0,637.0,41.93,1.6,2.32,12.0,105.0,0.07,0.63,547.11,940.0,192.0,5.63,1.15,12.42,442.0,123.0,2.65,0.74,16.98,288.0,182.0,1.73,1.09,38.3,2045.0,264.0,12.26,1.58,7.83,2013.0,312.0,12.07,1.87,9.42,277.0,98.0,1.66,0.59,21.61,795.0,192.0,4.77,1.15,14.66,1651.0,240.0,9.9,1.44,8.84,5100.0,407.0,30.57,2.44,4.85,1234.0,264.0,7.4,1.58,12.98,899.0,222.0,5.39,1.33,15.0,997.0,200.0,5.98,1.2,12.2,1113.0,205.0,9.22,1.7,11.21,758.0,186.0,6.28,1.54,14.91,1405.0,228.0,11.64,1.89,9.87,1203.0,215.0,9.97,1.78,10.85,1865.0,272.0,15.45,2.25,8.85,2063.0,250.0,17.09,2.07,7.36,1439.0,228.0,11.92,1.89,9.64,1564.0,240.0,12.96,1.99,9.33,406.0,110.0,3.36,0.91,16.46,258.0,94.0,2.14,0.78,22.16,9552.0,261.0,79.15,2.16,1.66,3337.0,293.0,27.65,2.43,5.34,1554.0,209.0,12.88,1.73,8.17,939.0,162.0,7.78,1.34,10.47,937.0,176.0,7.76,1.46,11.44,3546.0,308.0,29.38,2.55,5.28,33665.0,827.0,84.68,2.08,1.49,17200.0,1022.0,43.26,2.57,3.61,18391.0,1018.0,46.26,2.56,3.36,6091.0,827.0,15.32,2.08,8.25,18922.0,597.0,47.56,1.5,1.92,20866.0,597.0,52.44,1.5,1.74,2695.0,370.0,6.77,0.93,8.35,2785.0,370.0,7.0,0.93,8.08,3049.0,382.0,7.66,0.96,7.62,3088.0,402.0,7.76,1.01,7.91,3330.0,414.0,8.37,1.04,7.55,5800.0,493.0,14.58,1.24,5.17,5115.0,497.0,12.86,1.25,5.91,5536.0,462.0,13.91,1.16,5.07,2301.0,318.0,5.78,0.8,8.41,2083.0,294.0,5.24,0.74,8.58,2318.0,298.0,5.83,0.75,7.82,1157.0,191.0,2.91,0.48,10.03,532.0,127.0,1.34,0.32,14.52,29300.0,649.0,73.64,1.63,1.35,4003.0,386.0,10.06,0.97,5.86,1376.0,398.0,3.46,1.0,17.57,26574.0,1241.0,66.79,3.12,2.84,56.0,115.0,0.14,0.29,125.92,2636.0,724.0,6.63,1.82,16.69,0.0,,0.0,,,7815.0,1150.0,19.64,2.89,8.95,1341.0,501.0,3.37,1.26,22.73,7252.0,1062.0,18.23,2.67,8.9,32536.0,1062.0,81.77,2.67,1.98,145.0,95.0,0.36,0.24,40.53,25743.0,1249.0,64.7,3.14,2.95,56.0,115.0,0.14,0.29,125.92,2636.0,724.0,6.63,1.82,16.69,0.0,,0.0,,,3192.0,736.0,8.02,1.85,14.02,759.0,267.0,1.91,0.67,21.32
217,Baisley Park,QN1203,Baisley Park,12754.0,,100,,,5535.0,283.0,43.4,2.22,3.11,11679.0,633.0,27.29,1.48,3.29,635.0,153.0,5.44,1.31,14.64,541.0,137.0,4.63,1.17,15.36,4645.0,295.0,39.77,2.53,3.87,2557.0,241.0,21.89,2.06,5.72,3302.0,283.0,28.27,2.42,5.2,28303.0,916.0,66.14,2.14,1.97,1973.0,258.0,6.97,0.91,7.94,2814.0,309.0,9.94,1.09,6.67,9871.0,464.0,34.88,1.64,2.86,5060.0,391.0,17.88,1.38,4.69,32660.0,1113.0,76.32,2.6,2.07,1074.0,173.0,3.29,0.53,9.79,42780.0,47.0,99.96,0.11,0.07,4744.0,389.0,11.09,0.91,4.99,10119.0,603.0,23.65,1.41,3.62,435.0,121.0,4.3,1.2,16.96,27977.0,573.0,65.37,1.34,1.25,2449.0,285.0,8.75,1.02,7.09,4691.0,300.0,10.96,0.7,3.89,1872.0,164.0,39.9,3.5,5.33,42255.0,937.0,98.74,2.19,1.35,38575.0,562.0,91.29,1.33,0.89,3416.0,554.0,8.08,1.31,9.86,265.0,186.0,0.63,0.44,42.46,42795.0,,100,,,26491.0,766.0,61.9,1.79,1.76,25775.0,766.0,60.23,1.79,1.81,717.0,150.0,1.68,0.35,12.66,16304.0,822.0,38.1,1.92,3.06,9795.0,453.0,60.08,2.78,2.81,6509.0,453.0,39.92,2.78,4.23,182.0,117.0,1.12,0.72,39.08,701.0,262.0,4.3,1.61,22.76,804.0,236.0,4.93,1.45,17.88,0.0,,0.0,,,14589.0,349.0,89.48,2.14,1.45,29.0,108.0,0.18,0.66,222.9,40100.0,1310.0,93.7,3.06,1.99,33276.0,722.0,82.98,1.8,1.32,2704.0,457.0,6.74,1.14,10.28,3915.0,601.0,9.76,1.5,9.34,34046.0,1168.0,79.56,2.73,2.09,22702.0,500.0,66.68,1.47,1.34,20354.0,538.0,59.78,1.58,1.61,2328.0,300.0,6.84,0.88,7.82,13.0,119.0,0.04,0.35,531.91,11344.0,500.0,33.32,1.47,2.68,,,10.25,1.3,7.83,19374.0,501.0,45.27,1.17,1.57,7796.0,413.0,40.24,2.13,3.22,1106.0,186.0,5.71,0.96,10.22,9345.0,428.0,48.24,2.21,2.78,556.0,143.0,2.87,0.74,15.67,252.0,118.0,1.3,0.61,28.52,20353.0,552.0,47.56,1.29,1.65,25.0,122.0,0.12,0.6,303.95,1275.0,218.0,6.26,1.07,10.39,506.0,165.0,2.49,0.81,19.78,206.0,85.0,1.01,0.42,25.28,2582.0,277.0,12.69,1.36,6.51,2604.0,301.0,12.79,1.48,7.03,513.0,122.0,2.52,0.6,14.47,1191.0,187.0,5.85,0.92,9.56,1652.0,218.0,8.12,1.07,8.01,6317.0,393.0,31.04,1.93,3.78,1313.0,191.0,6.45,0.94,8.86,815.0,159.0,4.0,0.78,11.85,1348.0,199.0,6.62,0.98,9.0,668.0,133.0,5.24,1.04,12.07,551.0,124.0,4.32,0.97,13.65,920.0,165.0,7.21,1.29,10.88,1058.0,171.0,8.3,1.34,9.81,1747.0,212.0,13.7,1.66,7.37,2499.0,251.0,19.59,1.97,6.11,2038.0,218.0,15.98,1.71,6.51,2149.0,221.0,16.85,1.73,6.24,801.0,152.0,6.28,1.19,11.52,325.0,98.0,2.55,0.77,18.36,10750.0,205.0,84.29,1.61,1.16,3693.0,258.0,28.96,2.02,4.24,2374.0,210.0,18.61,1.65,5.39,1163.0,168.0,9.12,1.32,8.8,513.0,107.0,4.02,0.84,12.7,2503.0,235.0,19.63,1.84,5.7,38361.0,449.0,89.67,1.05,0.71,24418.0,903.0,57.08,2.11,2.25,17138.0,847.0,40.06,1.98,3.0,4420.0,449.0,10.33,1.05,6.18,20228.0,505.0,47.27,1.18,1.52,22567.0,505.0,52.73,1.18,1.36,2695.0,304.0,6.3,0.71,6.85,2673.0,265.0,6.25,0.62,6.03,2913.0,300.0,6.81,0.7,6.25,2774.0,270.0,6.48,0.63,5.91,3431.0,330.0,8.02,0.77,5.84,6859.0,475.0,16.03,1.11,4.21,5571.0,398.0,13.02,0.93,4.34,6521.0,381.0,15.24,0.89,3.55,2578.0,274.0,6.02,0.64,6.46,2088.0,240.0,4.88,0.56,6.98,2855.0,291.0,6.67,0.68,6.2,1241.0,167.0,2.9,0.39,8.18,586.0,133.0,1.37,0.31,13.76,32676.0,505.0,76.35,1.18,0.94,4691.0,351.0,10.96,0.82,4.55,2006.0,492.0,4.69,1.15,14.91,32016.0,941.0,74.81,2.2,1.79,156.0,141.0,0.36,0.33,55.72,2178.0,462.0,5.09,1.08,12.9,0.0,,0.0,,,5250.0,800.0,12.27,1.87,9.26,1202.0,252.0,2.81,0.59,12.76,5492.0,749.0,12.83,1.75,8.29,37303.0,749.0,87.17,1.75,1.22,440.0,158.0,1.03,0.37,21.84,30867.0,963.0,72.13,2.25,1.9,112.0,133.0,0.26,0.31,72.48,2136.0,454.0,4.99,1.06,12.91,0.0,,0.0,,,2652.0,586.0,6.2,1.37,13.43,1094.0,248.0,2.56,0.58,13.77
218,Springfield Gardens (North)-Rochdale Village,QN1204,Springfield Gardens (North)-Rochdale Village,11611.0,,100,,,3767.0,395.0,32.44,3.4,6.37,8614.0,860.0,27.65,2.76,6.07,915.0,257.0,10.62,2.98,17.06,473.0,166.0,5.49,1.93,21.37,3096.0,361.0,35.94,4.19,7.09,1570.0,302.0,18.23,3.51,11.7,2557.0,323.0,29.68,3.75,7.68,21336.0,888.0,68.48,2.85,2.53,999.0,335.0,4.68,1.57,20.39,1774.0,358.0,8.31,1.68,12.29,6563.0,681.0,30.76,3.19,6.3,5374.0,621.0,25.19,2.91,7.02,24185.0,1564.0,77.62,5.02,3.93,1214.0,297.0,5.02,1.23,14.89,31143.0,53.0,99.96,0.17,0.1,4053.0,651.0,13.01,2.09,9.77,6957.0,720.0,22.33,2.31,6.29,306.0,162.0,4.4,2.33,32.19,19417.0,729.0,62.32,2.34,2.28,1771.0,524.0,9.12,2.7,18.0,4776.0,455.0,15.33,1.46,5.79,1976.0,271.0,41.38,5.67,8.33,30956.0,1935.0,99.35,6.21,3.8,28528.0,622.0,92.16,2.01,1.33,2384.0,613.0,7.7,1.98,15.63,44.0,56.0,0.14,0.18,78.16,31157.0,,100,,,23084.0,913.0,74.09,2.93,2.4,22655.0,910.0,72.71,2.92,2.44,432.0,215.0,1.39,0.69,30.18,8073.0,907.0,25.91,2.91,6.83,5906.0,312.0,73.15,3.87,3.22,2167.0,312.0,26.84,3.87,8.77,67.0,65.0,0.83,0.81,59.33,273.0,184.0,3.38,2.28,41.01,763.0,331.0,9.45,4.1,26.37,0.0,,0.0,,,6914.0,397.0,85.64,4.92,3.49,54.0,70.0,0.67,0.87,78.94,29179.0,2000.0,93.65,6.42,4.17,26429.0,636.0,90.58,2.18,1.46,1005.0,315.0,3.44,1.08,19.09,766.0,254.0,2.63,0.87,20.11,24898.0,1742.0,79.91,5.59,4.25,16512.0,655.0,66.32,2.63,2.41,15115.0,645.0,60.71,2.59,2.59,1375.0,269.0,5.52,1.08,11.89,11.0,57.0,0.04,0.23,349.54,8385.0,655.0,33.68,2.63,4.75,,,8.33,1.6,11.89,14392.0,636.0,46.19,2.04,2.69,6068.0,596.0,42.16,4.14,5.97,662.0,229.0,4.6,1.59,21.01,6509.0,597.0,45.23,4.15,5.58,521.0,245.0,3.62,1.7,28.55,511.0,298.0,3.55,2.07,35.45,15114.0,654.0,48.51,2.1,2.63,26.0,65.0,0.17,0.43,153.76,385.0,184.0,2.55,1.22,29.08,515.0,196.0,3.41,1.3,23.18,219.0,162.0,1.45,1.07,44.86,1379.0,425.0,9.12,2.81,18.73,1589.0,378.0,10.51,2.5,14.46,347.0,187.0,2.3,1.24,32.77,977.0,278.0,6.46,1.84,17.31,1349.0,357.0,8.93,2.36,16.07,5631.0,561.0,37.26,3.71,6.05,905.0,274.0,5.99,1.81,18.37,491.0,186.0,3.25,1.23,23.01,1297.0,351.0,8.58,2.32,16.44,723.0,260.0,6.23,2.24,21.86,415.0,168.0,3.57,1.45,24.69,1025.0,289.0,8.83,2.49,17.14,1263.0,275.0,10.88,2.37,13.24,1823.0,374.0,15.7,3.22,12.47,2214.0,483.0,19.07,4.16,13.26,1614.0,326.0,13.9,2.81,12.29,1834.0,337.0,15.8,2.9,11.16,523.0,190.0,4.5,1.64,22.15,170.0,95.0,1.46,0.82,34.14,8951.0,419.0,77.09,3.61,2.85,4212.0,435.0,36.28,3.75,6.28,2929.0,433.0,25.23,3.73,8.99,550.0,225.0,4.74,1.94,24.88,241.0,114.0,2.08,0.98,28.64,1765.0,325.0,15.2,2.8,11.2,28714.0,536.0,92.2,1.72,1.13,21510.0,1056.0,69.07,3.39,2.98,10665.0,1009.0,34.25,3.24,5.75,2429.0,536.0,7.8,1.72,13.41,12911.0,748.0,41.44,2.4,3.52,18246.0,748.0,58.56,2.4,2.49,1978.0,333.0,6.35,1.07,10.24,1783.0,377.0,5.72,1.21,12.86,1952.0,377.0,6.27,1.21,11.73,1944.0,355.0,6.24,1.14,11.11,2163.0,433.0,6.94,1.39,12.18,4317.0,611.0,13.86,1.96,8.6,3903.0,558.0,12.53,1.79,8.68,4713.0,539.0,15.13,1.73,6.95,2062.0,436.0,6.62,1.4,12.86,1552.0,355.0,4.98,1.14,13.92,2276.0,383.0,7.3,1.23,10.24,1547.0,355.0,4.97,1.14,13.94,942.0,280.0,3.02,0.9,18.12,24200.0,604.0,77.67,1.94,1.52,4776.0,583.0,15.33,1.87,7.42,518.0,184.0,1.66,0.59,21.61,28918.0,580.0,92.81,1.86,1.22,7.0,50.0,0.02,0.16,486.32,612.0,408.0,1.96,1.31,40.63,0.0,,0.0,,,804.0,302.0,2.58,0.97,22.86,298.0,156.0,0.96,0.5,31.66,2132.0,589.0,6.84,1.89,16.8,29025.0,589.0,93.16,1.89,1.23,309.0,159.0,0.99,0.51,31.32,27706.0,754.0,88.92,2.42,1.65,0.0,,0.0,,,612.0,408.0,1.96,1.31,40.63,0.0,,0.0,,,159.0,146.0,0.51,0.47,56.02,240.0,143.0,0.77,0.46,36.32
219,St. Albans,QN1205,St. Albans,15252.0,,100,,,6399.0,307.0,41.96,2.01,2.91,14806.0,685.0,27.9,1.29,2.81,1172.0,201.0,7.92,1.36,10.44,566.0,135.0,3.82,0.91,14.48,5326.0,333.0,35.97,2.25,3.8,2998.0,287.0,20.25,1.94,5.82,4747.0,324.0,32.06,2.19,4.15,35582.0,897.0,67.06,1.69,1.53,1941.0,238.0,5.46,0.67,7.46,2298.0,285.0,6.46,0.8,7.53,11081.0,519.0,31.14,1.46,2.85,8063.0,459.0,22.66,1.29,3.46,41023.0,1141.0,77.31,2.15,1.69,2064.0,283.0,5.03,0.69,8.34,52564.0,536.0,99.06,1.01,0.62,5458.0,384.0,10.38,0.73,4.28,11938.0,642.0,22.5,1.21,3.27,227.0,116.0,1.9,0.97,31.04,33821.0,616.0,63.74,1.16,1.11,2662.0,277.0,7.87,0.82,6.33,6802.0,361.0,12.82,0.68,3.23,2564.0,199.0,37.69,2.93,4.73,52590.0,1380.0,99.11,2.6,1.6,49991.0,479.0,95.06,0.91,0.58,2442.0,458.0,4.64,0.87,11.4,158.0,137.0,0.3,0.26,52.68,53063.0,,100,,,34620.0,891.0,65.24,1.68,1.57,33894.0,897.0,63.88,1.69,1.61,735.0,180.0,1.39,0.34,14.87,18443.0,918.0,34.76,1.73,3.03,12452.0,430.0,67.52,2.33,2.1,5991.0,430.0,32.48,2.33,4.36,333.0,127.0,1.81,0.69,23.17,330.0,166.0,1.79,0.9,30.56,1012.0,341.0,5.49,1.85,20.48,17.0,138.0,0.09,0.75,506.59,16728.0,363.0,90.7,1.97,1.32,20.0,135.0,0.11,0.73,403.43,49576.0,1401.0,93.43,2.64,1.72,42429.0,739.0,85.58,1.49,1.06,2383.0,372.0,4.81,0.75,9.48,2192.0,407.0,4.42,0.82,11.28,42551.0,1051.0,80.19,1.98,1.5,29390.0,545.0,69.07,1.28,1.13,25876.0,562.0,60.81,1.32,1.32,3440.0,357.0,8.08,0.84,6.32,74.0,149.0,0.17,0.35,125.16,13161.0,545.0,30.93,1.28,2.52,,,11.7,1.2,6.31,25363.0,562.0,47.8,1.06,1.35,12151.0,512.0,47.91,2.02,2.56,961.0,175.0,3.79,0.69,11.07,10818.0,497.0,42.65,1.96,2.79,498.0,145.0,1.96,0.57,17.68,715.0,193.0,2.82,0.76,16.38,25880.0,547.0,48.77,1.03,1.28,42.0,135.0,0.16,0.52,197.57,1031.0,179.0,3.98,0.69,10.54,519.0,127.0,2.01,0.49,14.82,292.0,127.0,1.13,0.49,26.36,2621.0,305.0,10.13,1.18,7.08,3088.0,298.0,11.93,1.15,5.86,599.0,124.0,2.31,0.48,12.63,1402.0,202.0,5.42,0.78,8.75,1752.0,220.0,6.77,0.85,7.63,9573.0,437.0,36.99,1.69,2.78,1691.0,228.0,6.53,0.88,8.19,1168.0,215.0,4.51,0.83,11.19,2105.0,280.0,8.13,1.08,8.08,629.0,131.0,4.12,0.86,12.69,619.0,148.0,4.06,0.97,14.52,1169.0,185.0,7.66,1.21,9.6,1204.0,180.0,7.89,1.18,9.09,1745.0,217.0,11.44,1.42,7.55,2684.0,253.0,17.6,1.66,5.73,2485.0,250.0,16.29,1.64,6.12,2952.0,255.0,19.35,1.67,5.25,1097.0,162.0,7.19,1.06,8.96,657.0,133.0,4.31,0.87,12.27,12818.0,220.0,84.04,1.44,1.04,4845.0,281.0,31.77,1.84,3.52,3500.0,261.0,22.95,1.71,4.53,724.0,124.0,4.75,0.81,10.37,444.0,105.0,2.91,0.69,14.41,2379.0,229.0,15.6,1.5,5.85,47461.0,463.0,90.29,0.88,0.59,33792.0,862.0,64.29,1.64,1.55,17932.0,825.0,34.11,1.57,2.8,5102.0,463.0,9.71,0.88,5.51,24189.0,541.0,45.59,1.02,1.36,28874.0,541.0,54.41,1.02,1.14,3487.0,382.0,6.57,0.72,6.66,3049.0,302.0,5.75,0.57,6.03,3330.0,318.0,6.28,0.6,5.81,3563.0,324.0,6.71,0.61,5.53,4064.0,361.0,7.66,0.68,5.4,7060.0,483.0,13.3,0.91,4.16,5906.0,419.0,11.13,0.79,4.31,8185.0,451.0,15.43,0.85,3.35,4337.0,356.0,8.17,0.67,4.99,2971.0,313.0,5.6,0.59,6.4,3774.0,318.0,7.11,0.6,5.13,2296.0,239.0,4.33,0.45,6.32,1077.0,143.0,2.03,0.27,8.09,41099.0,557.0,77.45,1.05,0.82,7125.0,419.0,13.43,0.79,3.58,1336.0,308.0,2.52,0.58,13.99,47201.0,727.0,88.95,1.37,0.94,187.0,223.0,0.35,0.42,72.95,981.0,361.0,1.85,0.68,22.34,49.0,149.0,0.09,0.28,189.13,1520.0,398.0,2.86,0.75,15.94,1784.0,361.0,3.36,0.68,12.3,3511.0,562.0,6.62,1.06,9.73,49552.0,562.0,93.38,1.06,0.69,642.0,175.0,1.21,0.33,16.58,45971.0,764.0,86.63,1.44,1.01,187.0,223.0,0.35,0.42,72.95,972.0,361.0,1.83,0.68,22.59,49.0,149.0,0.09,0.28,189.13,249.0,202.0,0.47,0.38,49.15,1479.0,345.0,2.79,0.65,14.16
220,Hollis,QN1206,Hollis,7316.0,,100,,,2747.0,271.0,37.55,3.7,5.99,5969.0,461.0,25.9,2.0,4.69,347.0,122.0,5.81,2.05,21.45,159.0,81.0,2.66,1.35,30.85,2022.0,236.0,33.87,3.95,7.09,1196.0,165.0,20.04,2.76,8.37,2245.0,224.0,37.61,3.76,6.08,15823.0,883.0,68.66,3.83,3.39,1642.0,263.0,10.38,1.66,9.72,1272.0,207.0,8.04,1.31,9.9,4783.0,389.0,30.23,2.46,4.95,3945.0,358.0,24.93,2.26,5.51,18437.0,1346.0,80.0,5.84,4.44,571.0,144.0,3.1,0.78,15.3,22645.0,157.0,98.26,0.68,0.42,2282.0,281.0,10.08,1.24,7.48,4608.0,461.0,20.0,2.0,6.08,83.0,77.0,1.8,1.68,56.74,15227.0,754.0,66.07,3.27,3.01,1142.0,204.0,7.5,1.34,10.86,2811.0,240.0,12.2,1.04,5.19,1058.0,134.0,37.63,4.78,7.72,22790.0,982.0,98.89,4.26,2.62,21451.0,392.0,94.13,1.72,1.11,1129.0,374.0,4.95,1.64,20.14,214.0,132.0,0.94,0.58,37.51,23046.0,,100,,,11606.0,588.0,50.36,2.55,3.08,11173.0,601.0,48.48,2.61,3.27,436.0,161.0,1.89,0.7,22.51,11439.0,631.0,49.64,2.74,3.35,7758.0,392.0,67.82,3.43,3.07,3681.0,392.0,32.18,3.43,6.48,278.0,134.0,2.43,1.17,29.27,1922.0,566.0,16.8,4.95,17.91,415.0,205.0,3.63,1.79,29.98,0.0,,0.0,,,8813.0,581.0,77.04,5.08,4.01,11.0,85.0,0.1,0.74,449.85,21687.0,1171.0,94.11,5.08,3.28,15217.0,867.0,70.17,4.0,3.47,2962.0,590.0,13.66,2.72,12.1,2283.0,573.0,10.53,2.64,15.24,19021.0,1297.0,82.54,5.63,4.15,13097.0,392.0,68.85,2.06,1.82,11452.0,415.0,60.21,2.18,2.2,1651.0,259.0,8.68,1.36,9.52,0.0,,0.0,,,5924.0,392.0,31.14,2.06,4.02,,,12.61,1.94,9.54,11287.0,419.0,48.98,1.82,2.26,4758.0,366.0,42.15,3.24,4.67,350.0,98.0,3.1,0.87,17.06,5564.0,377.0,49.29,3.34,4.12,211.0,103.0,1.87,0.91,29.58,183.0,100.0,1.62,0.89,33.4,11453.0,403.0,49.7,1.75,2.14,0.0,,0.0,,,689.0,199.0,6.02,1.74,17.57,325.0,111.0,2.84,0.97,20.76,288.0,110.0,2.51,0.96,23.25,1470.0,290.0,12.84,2.53,11.98,1296.0,216.0,11.32,1.89,10.15,242.0,76.0,2.11,0.66,19.01,897.0,191.0,7.83,1.67,12.97,842.0,153.0,7.35,1.34,11.08,3448.0,360.0,30.11,3.14,6.34,727.0,173.0,6.35,1.51,14.46,707.0,179.0,6.17,1.56,15.37,520.0,141.0,4.54,1.23,16.47,560.0,173.0,7.65,2.36,18.75,219.0,98.0,2.99,1.34,27.24,719.0,165.0,9.83,2.26,13.98,500.0,168.0,6.83,2.3,20.47,834.0,178.0,11.4,2.43,12.96,1311.0,228.0,17.92,3.12,10.58,986.0,206.0,13.48,2.81,12.67,1315.0,206.0,17.97,2.81,9.51,526.0,126.0,7.19,1.72,14.54,352.0,100.0,4.81,1.37,17.31,6193.0,188.0,84.65,2.57,1.85,1963.0,201.0,26.83,2.75,6.23,1160.0,176.0,15.86,2.41,9.24,471.0,124.0,6.44,1.7,16.05,306.0,131.0,4.18,1.79,26.03,1400.0,210.0,19.14,2.87,9.12,20264.0,337.0,89.49,1.49,1.01,13135.0,772.0,58.0,3.41,3.57,8509.0,704.0,37.58,3.11,5.03,2381.0,337.0,10.51,1.49,8.62,11035.0,383.0,47.88,1.66,2.11,12010.0,383.0,52.11,1.66,1.94,1358.0,242.0,5.89,1.05,10.84,967.0,168.0,4.2,0.73,10.57,1376.0,224.0,5.97,0.97,9.88,1494.0,230.0,6.48,1.0,9.38,2024.0,295.0,8.78,1.28,8.86,3474.0,394.0,15.07,1.71,6.9,2765.0,327.0,12.0,1.42,7.19,3527.0,353.0,15.3,1.53,6.08,1478.0,226.0,6.41,0.98,9.29,1439.0,203.0,6.24,0.88,8.57,1901.0,224.0,8.25,0.97,7.15,778.0,145.0,3.38,0.63,11.33,461.0,124.0,2.0,0.54,16.41,18437.0,383.0,80.0,1.66,1.26,3139.0,286.0,13.62,1.24,5.53,1744.0,385.0,7.57,1.67,13.41,11593.0,788.0,50.3,3.42,4.13,226.0,297.0,0.98,1.29,80.02,5439.0,818.0,23.6,3.55,9.14,0.0,,0.0,,,2887.0,636.0,12.53,2.76,13.39,1162.0,325.0,5.04,1.41,17.01,3057.0,645.0,13.27,2.8,12.83,19989.0,645.0,86.74,2.8,1.96,790.0,187.0,3.43,0.81,14.36,11396.0,790.0,49.45,3.43,4.22,226.0,297.0,0.98,1.29,80.02,5416.0,816.0,23.5,3.54,9.16,0.0,,0.0,,,1316.0,447.0,5.71,1.94,20.65,847.0,249.0,3.68,1.08,17.84
221,Glen Oaks-Floral Park-New Hyde Park,QN1301,Glen Oaks-Floral Park-New Hyde Park,9673.0,,100,,,1821.0,251.0,18.83,2.59,8.36,3921.0,460.0,16.8,1.97,7.13,210.0,123.0,5.36,3.14,35.61,141.0,102.0,3.6,2.59,43.74,1280.0,219.0,32.64,5.59,10.41,697.0,183.0,17.78,4.67,15.97,1591.0,264.0,40.57,6.72,10.07,18160.0,745.0,77.79,3.19,2.49,888.0,203.0,4.89,1.12,13.92,827.0,196.0,4.55,1.08,14.43,4971.0,483.0,27.37,2.66,5.91,7449.0,547.0,41.02,3.01,4.46,20019.0,593.0,85.76,2.54,1.8,924.0,182.0,4.62,0.91,11.97,22390.0,177.0,95.91,0.76,0.48,3103.0,349.0,13.86,1.56,6.84,3177.0,483.0,13.61,2.07,9.24,14.0,45.0,0.44,1.42,196.19,14071.0,511.0,60.28,2.19,2.21,1198.0,225.0,8.51,1.6,11.43,5155.0,542.0,22.08,2.32,6.39,1894.0,231.0,36.74,4.49,7.43,23100.0,1317.0,98.95,5.64,3.47,21064.0,527.0,91.19,2.28,1.52,1878.0,515.0,8.13,2.23,16.67,162.0,164.0,0.7,0.71,61.66,23344.0,,100,,,15189.0,633.0,65.07,2.71,2.53,14843.0,647.0,63.58,2.77,2.65,351.0,149.0,1.5,0.64,25.94,8155.0,635.0,34.93,2.72,4.73,6424.0,358.0,78.77,4.39,3.39,1731.0,358.0,21.23,4.39,12.57,923.0,257.0,11.32,3.15,16.92,6010.0,373.0,73.7,4.58,3.78,203.0,124.0,2.49,1.52,37.11,0.0,,0.0,,,982.0,268.0,12.04,3.29,16.61,39.0,70.0,0.48,0.86,108.92,22125.0,922.0,94.78,3.95,2.53,12930.0,679.0,58.44,3.07,3.19,3524.0,467.0,15.93,2.11,8.05,896.0,305.0,4.05,1.38,20.71,20316.0,833.0,87.03,3.57,2.49,11717.0,484.0,57.67,2.38,2.51,11006.0,457.0,54.17,2.25,2.52,712.0,230.0,3.5,1.13,19.63,0.0,,0.0,,,8599.0,484.0,42.33,2.38,3.42,,,6.08,1.95,19.64,10674.0,488.0,45.72,2.09,2.78,6710.0,456.0,62.86,4.27,4.13,927.0,263.0,8.68,2.46,17.23,2338.0,370.0,21.9,3.47,9.63,290.0,122.0,2.72,1.14,25.48,345.0,124.0,3.23,1.16,21.83,11007.0,486.0,47.15,2.08,2.68,10.0,62.0,0.09,0.56,378.25,381.0,157.0,3.46,1.43,25.12,255.0,98.0,2.32,0.89,23.32,358.0,143.0,3.25,1.3,24.32,1180.0,309.0,10.72,2.81,15.93,1023.0,219.0,9.29,1.99,13.02,230.0,121.0,2.09,1.1,31.99,1179.0,285.0,10.71,2.59,14.7,1482.0,352.0,13.46,3.2,14.45,3318.0,394.0,30.14,3.58,7.22,476.0,150.0,4.32,1.36,19.14,577.0,198.0,5.24,1.8,20.88,530.0,177.0,4.82,1.61,20.31,318.0,116.0,3.29,1.2,22.17,215.0,98.0,2.22,1.01,27.66,626.0,146.0,6.47,1.51,14.19,666.0,200.0,6.89,2.07,18.26,918.0,209.0,9.49,2.16,13.84,1580.0,286.0,16.33,2.96,11.02,1551.0,286.0,16.03,2.96,11.23,2060.0,269.0,21.3,2.78,7.93,1015.0,226.0,10.49,2.34,13.56,727.0,204.0,7.52,2.11,17.06,6755.0,279.0,69.83,2.88,2.51,4339.0,291.0,44.86,3.01,4.08,2467.0,286.0,25.5,2.96,7.06,223.0,92.0,2.31,0.95,25.0,68.0,53.0,0.7,0.55,47.76,315.0,117.0,3.26,1.21,22.56,21208.0,316.0,94.72,1.41,0.9,17408.0,620.0,77.75,2.77,2.17,7308.0,571.0,32.64,2.55,4.75,1182.0,316.0,5.28,1.41,16.23,10515.0,406.0,45.04,1.74,2.35,12829.0,406.0,54.96,1.74,1.92,1219.0,359.0,5.22,1.54,17.93,957.0,308.0,4.1,1.32,19.57,701.0,191.0,3.0,0.82,16.62,709.0,198.0,3.04,0.85,17.0,1603.0,306.0,6.87,1.31,11.59,3081.0,425.0,13.2,1.82,8.38,2208.0,397.0,9.46,1.7,10.92,3315.0,474.0,14.2,2.03,8.69,2009.0,343.0,8.61,1.47,10.38,1783.0,299.0,7.64,1.28,10.18,2389.0,322.0,10.23,1.38,8.2,1825.0,280.0,7.82,1.2,9.33,1540.0,250.0,6.6,1.07,9.86,20019.0,469.0,85.76,2.01,1.42,5759.0,416.0,24.67,1.78,4.39,12158.0,880.0,52.08,3.77,4.4,1179.0,474.0,5.05,2.03,24.44,35.0,84.0,0.15,0.36,145.9,8649.0,770.0,37.05,3.3,5.41,0.0,,0.0,,,527.0,460.0,2.26,1.97,52.99,796.0,352.0,3.41,1.51,26.92,2167.0,698.0,9.28,2.99,19.59,21177.0,698.0,90.72,2.99,2.0,10535.0,812.0,45.13,3.48,4.69,1149.0,474.0,4.92,2.03,25.08,27.0,72.0,0.12,0.31,157.04,8604.0,759.0,36.86,3.25,5.36,0.0,,0.0,,,118.0,107.0,0.51,0.46,54.83,749.0,348.0,3.21,1.49,28.22
222,Bellerose,QN1302,Bellerose,8519.0,,100,,,3154.0,267.0,37.02,3.13,5.14,6734.0,519.0,25.02,1.93,4.69,428.0,165.0,6.36,2.45,23.42,522.0,168.0,7.75,2.5,19.61,2075.0,298.0,30.81,4.42,8.72,1238.0,219.0,18.38,3.25,10.75,2470.0,275.0,36.68,4.08,6.76,18446.0,1222.0,68.53,4.54,4.03,1027.0,227.0,5.57,1.23,13.42,1195.0,247.0,6.48,1.34,12.57,5932.0,513.0,32.16,2.78,5.25,6271.0,520.0,34.0,2.82,5.04,21223.0,1400.0,78.85,5.2,4.01,766.0,174.0,3.61,0.82,13.81,26405.0,353.0,98.1,1.31,0.81,2447.0,330.0,9.27,1.25,8.2,5592.0,622.0,20.78,2.31,6.76,50.0,70.0,0.89,1.25,85.38,17112.0,1120.0,63.58,4.16,3.98,979.0,199.0,5.72,1.16,12.33,3710.0,293.0,13.78,1.09,4.8,1418.0,189.0,38.22,5.09,8.1,26611.0,1747.0,98.87,6.49,3.99,24277.0,625.0,91.23,2.35,1.57,1949.0,543.0,7.32,2.04,16.94,397.0,221.0,1.49,0.83,33.86,26916.0,,100,,,15319.0,697.0,56.91,2.59,2.77,14790.0,713.0,54.95,2.65,2.93,527.0,170.0,1.96,0.63,19.54,11597.0,840.0,43.09,3.12,4.4,8175.0,506.0,70.49,4.36,3.76,3422.0,506.0,29.51,4.36,8.98,504.0,151.0,4.35,1.3,18.17,7695.0,532.0,66.35,4.59,4.21,31.0,67.0,0.27,0.58,130.59,7.0,68.0,0.06,0.59,597.77,3359.0,523.0,28.96,4.51,9.47,2.0,67.0,0.02,0.58,1762.92,24853.0,1645.0,92.34,6.11,4.02,10984.0,850.0,44.2,3.42,4.7,5773.0,810.0,23.23,3.26,8.53,3949.0,696.0,15.89,2.8,10.71,21708.0,1421.0,80.65,5.28,3.98,13116.0,441.0,60.42,2.03,2.04,12371.0,432.0,56.99,1.99,2.12,746.0,171.0,3.44,0.79,13.96,0.0,,0.0,,,8592.0,441.0,39.58,2.03,3.12,,,5.69,1.29,13.93,12075.0,802.0,44.86,2.98,4.04,7046.0,446.0,58.35,3.69,3.84,969.0,330.0,8.02,2.73,20.69,3317.0,400.0,27.47,3.31,7.32,297.0,127.0,2.46,1.05,25.95,418.0,130.0,3.46,1.08,18.97,12365.0,834.0,45.94,3.1,4.1,17.0,63.0,0.14,0.51,221.45,715.0,223.0,5.78,1.8,18.93,433.0,153.0,3.5,1.24,21.54,250.0,119.0,2.02,0.96,28.89,1226.0,246.0,9.91,1.99,12.21,1637.0,288.0,13.24,2.33,10.7,299.0,109.0,2.42,0.88,22.11,982.0,208.0,7.94,1.68,12.86,1293.0,268.0,10.46,2.17,12.61,3235.0,347.0,26.16,2.81,6.53,1155.0,392.0,9.34,3.17,20.63,480.0,135.0,3.88,1.09,17.08,647.0,173.0,5.23,1.4,16.27,561.0,181.0,6.59,2.12,19.56,306.0,101.0,3.59,1.19,20.15,498.0,136.0,5.85,1.6,16.63,422.0,120.0,4.95,1.41,17.32,1088.0,215.0,12.77,2.52,12.0,1396.0,226.0,16.39,2.65,9.83,1225.0,232.0,14.38,2.72,11.5,1579.0,236.0,18.54,2.77,9.08,1027.0,195.0,12.06,2.29,11.54,414.0,104.0,4.86,1.22,15.26,6788.0,214.0,79.68,2.51,1.91,2555.0,247.0,29.99,2.9,5.88,1562.0,227.0,18.34,2.67,8.85,327.0,102.0,3.84,1.2,19.0,137.0,81.0,1.61,0.95,35.87,615.0,147.0,7.22,1.73,14.57,24139.0,684.0,91.42,2.59,1.72,18698.0,892.0,70.81,3.38,2.9,8143.0,797.0,30.84,3.02,5.95,2266.0,684.0,8.58,2.59,18.35,13119.0,385.0,48.74,1.43,1.78,13797.0,385.0,51.26,1.43,1.7,2063.0,396.0,7.66,1.47,11.67,1502.0,312.0,5.58,1.16,12.64,1277.0,240.0,4.74,0.89,11.41,1555.0,269.0,5.78,1.0,10.52,2048.0,299.0,7.61,1.11,8.87,4046.0,503.0,15.03,1.87,7.56,3064.0,374.0,11.38,1.39,7.43,3679.0,385.0,13.67,1.43,6.36,2022.0,301.0,7.51,1.12,9.07,1877.0,331.0,6.97,1.23,10.73,2086.0,277.0,7.75,1.03,8.08,983.0,210.0,3.65,0.78,12.99,691.0,172.0,2.57,0.64,15.14,21223.0,503.0,78.85,1.87,1.44,3764.0,385.0,13.98,1.43,6.22,10439.0,910.0,38.78,3.38,5.3,1896.0,479.0,7.04,1.78,15.37,88.0,116.0,0.33,0.43,79.21,11254.0,985.0,41.81,3.66,5.32,0.0,,0.0,,,2364.0,627.0,8.78,2.33,16.13,860.0,269.0,3.2,1.0,19.0,5498.0,864.0,20.43,3.21,9.55,21418.0,864.0,79.57,3.21,2.45,7442.0,794.0,27.65,2.95,6.49,1707.0,471.0,6.34,1.75,16.78,31.0,89.0,0.12,0.33,167.17,11247.0,985.0,41.79,3.66,5.32,0.0,,0.0,,,403.0,229.0,1.5,0.85,34.45,589.0,223.0,2.19,0.83,23.04
223,Queens Village,QN1303,Queens Village,15311.0,,100,,,5560.0,305.0,36.31,1.99,3.33,13797.0,649.0,25.52,1.2,2.86,510.0,134.0,3.7,0.97,15.94,519.0,134.0,3.76,0.97,15.68,4607.0,339.0,33.39,2.46,4.48,2691.0,257.0,19.5,1.86,5.8,5472.0,337.0,39.66,2.44,3.74,38313.0,854.0,70.87,1.58,1.36,2887.0,360.0,7.54,0.94,7.58,3375.0,375.0,8.81,0.98,6.76,12330.0,617.0,32.18,1.61,3.04,8043.0,544.0,20.99,1.42,4.11,43852.0,1281.0,81.12,2.37,1.78,1126.0,180.0,2.57,0.41,9.7,53882.0,1097.0,99.67,2.03,1.24,4675.0,442.0,8.68,0.82,5.74,10184.0,600.0,18.84,1.11,3.58,300.0,140.0,2.95,1.37,28.23,36391.0,649.0,67.32,1.2,1.08,2430.0,306.0,6.68,0.84,7.64,7300.0,400.0,13.5,0.74,3.33,1951.0,201.0,26.73,2.75,6.25,53589.0,1546.0,99.13,2.86,1.75,49583.0,664.0,92.53,1.24,0.81,3503.0,622.0,6.54,1.16,10.78,500.0,241.0,0.93,0.45,29.41,54060.0,,100,,,27122.0,897.0,50.17,1.66,2.01,25982.0,876.0,48.06,1.62,2.05,1144.0,222.0,2.12,0.41,11.76,26938.0,930.0,49.83,1.72,2.1,19057.0,582.0,70.74,2.16,1.86,7880.0,582.0,29.25,2.16,4.49,585.0,175.0,2.17,0.65,18.21,5106.0,515.0,18.95,1.91,6.13,793.0,229.0,2.94,0.85,17.58,0.0,,0.0,,,20389.0,574.0,75.69,2.13,1.71,67.0,113.0,0.25,0.42,102.13,51510.0,1514.0,95.28,2.8,1.79,30386.0,1087.0,58.99,2.11,2.17,9372.0,731.0,18.19,1.42,4.75,7378.0,798.0,14.32,1.55,6.58,45342.0,1243.0,83.87,2.3,1.67,29960.0,635.0,66.08,1.4,1.29,26521.0,648.0,58.49,1.43,1.49,3450.0,372.0,7.61,0.82,6.55,0.0,,0.0,,,15382.0,635.0,33.92,1.4,2.51,,,11.52,1.22,6.55,25940.0,681.0,47.98,1.26,1.6,11802.0,519.0,45.5,2.0,2.67,2056.0,316.0,7.93,1.22,9.35,10865.0,519.0,41.89,2.0,2.9,392.0,132.0,1.51,0.51,20.53,464.0,135.0,1.79,0.52,17.66,26516.0,676.0,49.05,1.25,1.55,15.0,127.0,0.06,0.48,486.32,1419.0,217.0,5.35,0.82,9.32,1137.0,217.0,4.29,0.82,11.62,479.0,127.0,1.81,0.48,16.12,3168.0,347.0,11.95,1.31,6.66,2741.0,305.0,10.34,1.15,6.76,583.0,151.0,2.2,0.57,15.75,1808.0,241.0,6.82,0.91,8.11,2369.0,297.0,8.93,1.12,7.62,8370.0,477.0,31.57,1.8,3.47,1614.0,239.0,6.09,0.9,8.98,1349.0,223.0,5.09,0.84,10.03,1466.0,212.0,5.53,0.8,8.79,807.0,152.0,5.27,0.99,11.42,566.0,144.0,3.7,0.94,15.44,1280.0,199.0,8.36,1.3,9.45,1332.0,194.0,8.7,1.27,8.87,1734.0,213.0,11.33,1.39,7.46,2535.0,250.0,16.56,1.63,5.98,2339.0,253.0,15.28,1.65,6.56,2957.0,257.0,19.31,1.68,5.29,1151.0,178.0,7.52,1.16,9.38,615.0,115.0,4.02,0.75,11.34,12894.0,236.0,84.21,1.54,1.11,4507.0,280.0,29.44,1.83,3.78,2808.0,236.0,18.34,1.54,5.1,864.0,141.0,5.64,0.92,9.92,786.0,158.0,5.13,1.03,12.21,1868.0,227.0,12.2,1.48,7.37,48260.0,625.0,89.57,1.16,0.79,33245.0,1051.0,61.7,1.95,1.92,18844.0,970.0,34.97,1.8,3.13,5622.0,625.0,10.43,1.16,6.76,25772.0,551.0,47.67,1.02,1.3,28288.0,551.0,52.33,1.02,1.18,2550.0,314.0,4.72,0.58,7.47,2533.0,287.0,4.69,0.53,6.87,3053.0,319.0,5.65,0.59,6.35,3408.0,324.0,6.3,0.6,5.79,4212.0,389.0,7.79,0.72,5.62,7613.0,551.0,14.08,1.02,4.4,7391.0,470.0,13.67,0.87,3.87,8278.0,492.0,15.31,0.91,3.61,4150.0,362.0,7.68,0.67,5.3,3461.0,324.0,6.4,0.6,5.7,4791.0,389.0,8.86,0.72,4.94,1953.0,238.0,3.61,0.44,7.41,667.0,141.0,1.23,0.26,12.85,43852.0,541.0,81.12,1.0,0.75,7414.0,470.0,13.71,0.87,3.86,6897.0,703.0,12.76,1.3,6.19,26182.0,1006.0,48.43,1.86,2.33,155.0,146.0,0.29,0.27,56.6,9580.0,784.0,17.72,1.45,4.97,125.0,168.0,0.23,0.31,81.93,7434.0,908.0,13.75,1.68,7.43,3678.0,616.0,6.8,1.14,10.19,9186.0,903.0,16.99,1.67,5.98,44874.0,903.0,83.01,1.67,1.22,3521.0,497.0,6.51,0.92,8.59,25269.0,1016.0,46.74,1.88,2.45,127.0,146.0,0.23,0.27,71.36,9443.0,784.0,17.47,1.45,5.05,73.0,151.0,0.14,0.28,121.58,3360.0,654.0,6.22,1.21,11.83,3080.0,595.0,5.7,1.1,11.73
224,Cambria Heights,QN1304,Cambria Heights,5852.0,,100,,,1919.0,154.0,32.79,2.64,4.89,4523.0,336.0,23.14,1.72,4.52,246.0,92.0,5.44,2.03,22.68,158.0,84.0,3.49,1.85,32.22,1441.0,147.0,31.86,3.25,6.2,1095.0,134.0,24.21,2.96,7.43,1583.0,158.0,35.0,3.49,6.06,14414.0,657.0,73.74,3.36,2.77,522.0,104.0,3.62,0.72,12.09,824.0,156.0,5.72,1.08,11.48,3999.0,314.0,27.74,2.18,4.78,4466.0,306.0,30.98,2.12,4.16,16067.0,680.0,82.2,3.48,2.57,880.0,138.0,5.48,0.86,9.54,19526.0,39.0,99.9,0.2,0.12,1942.0,213.0,9.95,1.09,6.66,3459.0,289.0,17.7,1.48,5.08,97.0,82.0,2.8,2.36,51.24,12060.0,369.0,61.7,1.89,1.86,732.0,129.0,6.07,1.07,10.72,4008.0,205.0,20.51,1.05,3.11,1114.0,122.0,27.79,3.05,6.67,19378.0,637.0,99.14,3.26,2.0,18369.0,242.0,94.79,1.25,0.8,911.0,233.0,4.7,1.2,15.52,101.0,101.0,0.52,0.52,60.79,19546.0,,100,,,12162.0,438.0,62.22,2.24,2.19,11876.0,442.0,60.76,2.26,2.26,280.0,98.0,1.43,0.5,21.26,7384.0,434.0,37.78,2.22,3.57,5507.0,239.0,74.58,3.23,2.63,1877.0,239.0,25.42,3.23,7.72,93.0,71.0,1.26,0.96,46.32,103.0,99.0,1.39,1.34,58.6,235.0,106.0,3.18,1.43,27.34,0.0,,0.0,,,6929.0,116.0,93.84,1.57,1.02,26.0,100.0,0.35,1.35,234.48,18712.0,616.0,95.73,3.15,2.0,15252.0,400.0,81.51,2.14,1.6,1062.0,213.0,5.68,1.14,12.2,816.0,241.0,4.36,1.29,17.99,16620.0,764.0,85.03,3.91,2.79,10356.0,288.0,62.31,1.73,1.69,9623.0,299.0,57.9,1.8,1.89,711.0,133.0,4.28,0.8,11.36,20.0,100.0,0.12,0.6,303.95,6264.0,288.0,37.69,1.73,2.79,,,6.87,1.27,11.37,9346.0,309.0,47.82,1.58,2.01,5014.0,259.0,53.65,2.77,3.14,621.0,140.0,6.64,1.5,13.73,3382.0,257.0,36.19,2.75,4.62,86.0,89.0,0.92,0.95,62.77,170.0,71.0,1.82,0.76,25.38,9620.0,303.0,49.22,1.55,1.91,11.0,98.0,0.11,1.02,563.69,298.0,96.0,3.1,1.0,19.61,202.0,76.0,2.1,0.79,22.87,135.0,67.0,1.4,0.7,30.4,906.0,156.0,9.42,1.62,10.45,1014.0,160.0,10.54,1.66,9.57,242.0,79.0,2.52,0.82,19.78,654.0,115.0,6.8,1.2,10.73,640.0,118.0,6.65,1.23,11.24,3723.0,222.0,38.7,2.31,3.63,515.0,132.0,5.35,1.37,15.57,344.0,87.0,3.58,0.9,15.28,937.0,155.0,9.74,1.61,10.05,194.0,66.0,3.32,1.12,20.51,143.0,76.0,2.44,1.3,32.39,291.0,73.0,4.97,1.25,15.29,424.0,94.0,7.25,1.6,13.42,599.0,108.0,10.24,1.84,10.92,1030.0,133.0,17.6,2.28,7.88,870.0,119.0,14.87,2.04,8.34,1348.0,140.0,23.03,2.39,6.31,571.0,94.0,9.76,1.61,10.03,380.0,74.0,6.49,1.26,11.8,4626.0,135.0,79.05,2.3,1.77,2641.0,164.0,45.13,2.8,3.77,2064.0,154.0,35.27,2.63,4.53,207.0,67.0,3.54,1.14,19.58,191.0,64.0,3.26,1.1,20.51,641.0,107.0,10.95,1.83,10.16,17772.0,262.0,91.02,1.34,0.89,13810.0,433.0,70.73,2.22,1.91,6550.0,433.0,33.54,2.22,4.02,1754.0,262.0,8.98,1.34,9.07,8824.0,299.0,45.14,1.53,2.06,10722.0,299.0,54.86,1.53,1.7,834.0,145.0,4.27,0.74,10.54,881.0,135.0,4.51,0.69,9.3,1005.0,137.0,5.14,0.7,8.28,1021.0,147.0,5.22,0.75,8.73,1394.0,192.0,7.13,0.98,8.36,2192.0,237.0,11.21,1.21,6.56,2626.0,238.0,13.43,1.22,5.52,2809.0,242.0,14.37,1.24,5.25,1474.0,178.0,7.54,0.91,7.34,1301.0,168.0,6.66,0.86,7.85,2392.0,229.0,12.24,1.17,5.81,1234.0,162.0,6.31,0.83,8.0,381.0,86.0,1.95,0.44,13.72,16087.0,254.0,82.3,1.3,0.96,4008.0,281.0,20.51,1.44,4.27,420.0,149.0,2.15,0.76,21.49,18094.0,313.0,92.57,1.6,1.05,56.0,109.0,0.29,0.56,117.39,141.0,108.0,0.72,0.55,46.44,0.0,,0.0,,,421.0,217.0,2.15,1.11,31.38,423.0,145.0,2.16,0.74,20.83,1016.0,285.0,5.2,1.46,17.07,18530.0,285.0,94.8,1.46,0.94,227.0,92.0,1.16,0.47,24.63,17682.0,344.0,90.46,1.76,1.18,56.0,109.0,0.29,0.56,117.39,141.0,108.0,0.72,0.55,46.44,0.0,,0.0,,,115.0,102.0,0.59,0.52,53.58,314.0,113.0,1.61,0.58,21.9
225,Laurelton,QN1305,Laurelton,7999.0,,100,,,2972.0,225.0,37.15,2.81,4.6,7066.0,453.0,26.21,1.68,3.9,451.0,119.0,6.38,1.68,16.01,231.0,79.0,3.27,1.12,20.82,2502.0,228.0,35.41,3.22,5.53,1605.0,199.0,22.71,2.82,7.55,2277.0,232.0,32.22,3.29,6.21,18966.0,795.0,70.35,2.95,2.55,754.0,154.0,3.98,0.81,12.37,1151.0,169.0,6.07,0.89,8.91,5056.0,364.0,26.66,1.92,4.38,5401.0,394.0,28.48,2.08,4.44,21375.0,814.0,79.29,3.02,2.32,1118.0,169.0,5.23,0.79,9.18,26941.0,170.0,99.94,0.63,0.38,2685.0,277.0,9.97,1.03,6.28,5571.0,458.0,20.67,1.7,5.0,130.0,70.0,2.33,1.26,32.87,16940.0,488.0,62.84,1.81,1.75,1264.0,190.0,7.46,1.12,9.13,4433.0,283.0,16.44,1.05,3.88,1285.0,136.0,28.99,3.06,6.42,26699.0,722.0,99.04,2.68,1.64,25261.0,315.0,94.61,1.18,0.76,1161.0,288.0,4.35,1.08,15.09,273.0,139.0,1.02,0.52,30.99,26958.0,,100,,,16914.0,588.0,62.74,2.18,2.11,16476.0,582.0,61.12,2.16,2.15,447.0,124.0,1.66,0.46,16.85,10044.0,590.0,37.26,2.19,3.57,6982.0,300.0,69.52,2.99,2.61,3061.0,300.0,30.48,2.99,5.96,165.0,81.0,1.64,0.81,30.02,161.0,123.0,1.6,1.22,46.35,395.0,130.0,3.93,1.29,19.95,6.0,93.0,0.06,0.93,942.25,9290.0,167.0,92.5,1.66,1.09,25.0,91.0,0.25,0.91,221.28,25583.0,938.0,94.9,3.48,2.23,21853.0,522.0,85.42,2.04,1.45,1119.0,251.0,4.37,0.98,13.63,945.0,258.0,3.69,1.01,16.64,22113.0,841.0,82.03,3.12,2.31,14694.0,356.0,66.45,1.61,1.47,13588.0,378.0,61.45,1.71,1.69,1097.0,184.0,4.96,0.83,10.17,9.0,95.0,0.04,0.43,653.5,7418.0,356.0,33.55,1.61,2.92,,,7.47,1.24,10.2,12995.0,412.0,48.2,1.53,1.93,6340.0,327.0,48.79,2.52,3.14,779.0,147.0,5.99,1.13,11.47,5260.0,334.0,40.48,2.57,3.86,201.0,101.0,1.55,0.78,30.59,286.0,95.0,2.2,0.73,20.17,13584.0,396.0,50.39,1.47,1.77,4.0,94.0,0.03,0.69,1398.18,467.0,121.0,3.44,0.89,15.73,424.0,118.0,3.12,0.87,16.95,138.0,84.0,1.02,0.62,36.95,1352.0,190.0,9.95,1.4,8.55,1647.0,239.0,12.12,1.76,8.83,249.0,82.0,1.83,0.6,19.93,998.0,162.0,7.35,1.19,9.84,1333.0,185.0,9.81,1.36,8.43,4420.0,303.0,32.54,2.23,4.17,873.0,162.0,6.43,1.19,11.25,577.0,139.0,4.25,1.02,14.59,1104.0,183.0,8.13,1.35,10.09,231.0,70.0,2.89,0.88,18.51,245.0,94.0,3.06,1.17,23.24,541.0,126.0,6.76,1.57,14.12,563.0,116.0,7.04,1.45,12.52,790.0,126.0,9.88,1.57,9.66,1312.0,161.0,16.4,2.01,7.45,1213.0,154.0,15.16,1.93,7.74,1571.0,170.0,19.64,2.12,6.56,989.0,150.0,12.36,1.88,9.25,544.0,113.0,6.8,1.41,12.61,6626.0,157.0,82.84,1.96,1.44,3057.0,202.0,38.22,2.53,4.02,2360.0,194.0,29.5,2.43,5.01,318.0,85.0,3.98,1.06,16.19,304.0,83.0,3.8,1.04,16.64,1106.0,158.0,13.83,1.98,8.7,24696.0,299.0,91.67,1.11,0.74,18883.0,566.0,70.09,2.1,1.82,8830.0,544.0,32.78,2.02,3.75,2244.0,299.0,8.33,1.11,8.1,12614.0,361.0,46.79,1.34,1.74,14344.0,361.0,53.21,1.34,1.53,1375.0,237.0,5.1,0.88,10.49,1406.0,221.0,5.22,0.82,9.55,1615.0,232.0,5.99,0.86,8.73,1812.0,208.0,6.72,0.77,6.97,1785.0,221.0,6.62,0.82,7.53,3320.0,337.0,12.32,1.25,6.17,3812.0,337.0,14.14,1.25,5.37,4207.0,323.0,15.61,1.2,4.67,1537.0,197.0,5.7,0.73,7.79,1656.0,208.0,6.14,0.77,7.62,2571.0,278.0,9.54,1.03,6.56,1426.0,175.0,5.29,0.65,7.47,431.0,108.0,1.6,0.4,15.2,21383.0,391.0,79.32,1.45,1.11,4433.0,342.0,16.44,1.27,4.7,686.0,237.0,2.54,0.88,21.06,24712.0,485.0,91.67,1.8,1.19,83.0,113.0,0.31,0.42,82.36,230.0,173.0,0.85,0.64,45.77,36.0,105.0,0.13,0.39,182.37,615.0,270.0,2.28,1.0,26.66,601.0,218.0,2.23,0.81,22.08,1794.0,407.0,6.65,1.51,13.8,25164.0,407.0,93.35,1.51,0.98,310.0,100.0,1.15,0.37,19.56,23829.0,539.0,88.39,2.0,1.38,73.0,116.0,0.27,0.43,96.81,230.0,173.0,0.85,0.64,45.77,36.0,105.0,0.13,0.39,182.37,171.0,154.0,0.63,0.57,55.0,518.0,210.0,1.92,0.78,24.7
226,Springfield Gardens (South)-Brookville,QN1306,Springfield Gardens (South)-Brookville,5873.0,,100,,,2579.0,233.0,43.91,3.97,5.5,6624.0,496.0,30.19,2.26,4.55,442.0,173.0,6.67,2.61,23.79,384.0,127.0,5.8,1.91,20.02,2282.0,250.0,34.45,3.77,6.65,1299.0,207.0,19.61,3.13,9.7,2212.0,282.0,33.39,4.26,7.76,14013.0,671.0,63.86,3.06,2.91,624.0,184.0,4.45,1.31,17.9,1337.0,262.0,9.54,1.87,11.92,4049.0,409.0,28.89,2.92,6.14,3361.0,362.0,23.98,2.58,6.54,16580.0,564.0,75.56,2.57,2.07,441.0,116.0,2.66,0.7,16.0,21795.0,689.0,99.33,3.14,1.92,2127.0,362.0,9.76,1.66,10.34,5339.0,531.0,24.33,2.42,6.05,99.0,57.0,1.85,1.07,35.16,13953.0,417.0,63.59,1.9,1.82,1082.0,253.0,7.75,1.81,14.2,2500.0,274.0,11.39,1.25,6.66,952.0,153.0,38.09,6.11,9.75,21638.0,1360.0,98.61,6.2,3.82,19571.0,537.0,90.45,2.48,1.67,1890.0,515.0,8.73,2.38,16.57,168.0,100.0,0.78,0.46,35.85,21943.0,,100,,,13828.0,656.0,63.02,2.99,2.88,13616.0,671.0,62.05,3.06,3.0,212.0,180.0,0.97,0.82,51.39,8115.0,617.0,36.98,2.81,4.62,5403.0,330.0,66.58,4.07,3.72,2712.0,330.0,33.42,4.07,7.4,59.0,75.0,0.73,0.92,76.61,105.0,85.0,1.29,1.05,49.48,731.0,298.0,9.01,3.67,24.76,9.0,62.0,0.11,0.76,420.01,7142.0,316.0,88.01,3.89,2.69,66.0,66.0,0.81,0.81,60.79,20469.0,1075.0,93.28,4.9,3.19,17232.0,553.0,84.18,2.7,1.95,965.0,268.0,4.71,1.31,16.91,1049.0,338.0,5.12,1.65,19.59,17230.0,309.0,78.52,1.41,1.09,11392.0,393.0,66.12,2.28,2.1,10196.0,419.0,59.18,2.43,2.5,1171.0,241.0,6.8,1.4,12.52,18.0,71.0,0.1,0.41,249.24,5838.0,393.0,33.88,2.28,4.09,,,10.28,2.09,12.51,9561.0,463.0,43.57,2.11,2.94,4440.0,342.0,46.44,3.58,4.69,541.0,148.0,5.66,1.55,16.65,4152.0,359.0,43.43,3.75,5.25,225.0,127.0,2.35,1.33,34.4,204.0,134.0,2.13,1.4,39.96,10198.0,423.0,46.47,1.93,2.52,8.0,60.0,0.08,0.59,448.33,517.0,157.0,5.07,1.54,18.46,250.0,105.0,2.45,1.03,25.56,78.0,73.0,0.76,0.72,57.59,847.0,191.0,8.31,1.87,13.68,967.0,204.0,9.48,2.0,12.82,85.0,71.0,0.83,0.7,51.27,580.0,162.0,5.69,1.59,16.99,1063.0,249.0,10.42,2.44,14.23,3780.0,322.0,37.07,3.16,5.18,905.0,234.0,8.87,2.29,15.69,406.0,130.0,3.98,1.27,19.4,717.0,189.0,7.03,1.85,16.0,180.0,75.0,3.06,1.28,25.43,224.0,88.0,3.81,1.5,23.93,254.0,101.0,4.32,1.72,24.2,403.0,131.0,6.86,2.23,19.76,691.0,175.0,11.77,2.98,15.39,1193.0,195.0,20.31,3.32,9.94,993.0,172.0,16.91,2.93,10.53,1129.0,191.0,19.22,3.26,10.31,560.0,144.0,9.54,2.46,15.68,245.0,90.0,4.17,1.54,22.45,5186.0,140.0,88.3,2.38,1.64,1705.0,198.0,29.03,3.37,7.06,1176.0,171.0,20.02,2.91,8.84,293.0,92.0,4.99,1.57,19.13,253.0,102.0,4.31,1.73,24.4,1006.0,175.0,17.13,2.98,10.58,19983.0,338.0,91.68,1.55,1.03,13904.0,645.0,63.79,2.96,2.82,8134.0,682.0,37.32,3.13,5.1,1812.0,338.0,8.31,1.55,11.34,9404.0,430.0,42.86,1.96,2.78,12539.0,430.0,57.14,1.96,2.09,1474.0,252.0,6.72,1.15,10.4,1519.0,261.0,6.92,1.19,10.45,1438.0,252.0,6.55,1.15,10.67,1628.0,233.0,7.42,1.06,8.68,1885.0,309.0,8.59,1.41,9.98,3279.0,380.0,14.94,1.73,7.04,2551.0,309.0,11.63,1.41,7.37,3136.0,369.0,14.29,1.68,7.15,1416.0,250.0,6.45,1.14,10.74,1087.0,211.0,4.95,0.96,11.79,1597.0,248.0,7.28,1.13,9.44,707.0,178.0,3.22,0.81,15.29,229.0,90.0,1.04,0.41,23.97,16599.0,492.0,75.65,2.24,1.8,2541.0,301.0,11.58,1.37,7.19,995.0,384.0,4.53,1.75,23.48,19458.0,636.0,88.68,2.9,1.99,0.0,,0.0,,,274.0,143.0,1.25,0.65,31.61,67.0,118.0,0.31,0.54,105.89,670.0,340.0,3.05,1.55,30.89,470.0,224.0,2.14,1.02,28.97,1560.0,406.0,7.11,1.85,15.82,20382.0,406.0,92.89,1.85,1.21,436.0,268.0,1.99,1.22,37.27,18963.0,639.0,86.42,2.91,2.05,0.0,,0.0,,,274.0,143.0,1.25,0.65,31.61,67.0,118.0,0.31,0.54,105.89,285.0,268.0,1.3,1.22,57.05,352.0,189.0,1.6,0.86,32.67
227,Rosedale,QN1307,Rosedale,7598.0,,100,,,3367.0,305.0,44.31,4.02,5.52,7891.0,797.0,28.82,2.91,6.14,419.0,136.0,5.31,1.72,19.69,223.0,104.0,2.83,1.32,28.35,2661.0,290.0,33.72,3.68,6.63,1815.0,303.0,23.0,3.84,10.15,2774.0,303.0,35.16,3.84,6.64,18321.0,1172.0,66.9,4.28,3.89,730.0,202.0,3.98,1.1,16.8,1446.0,258.0,7.89,1.41,10.86,5126.0,454.0,27.98,2.48,5.39,4912.0,425.0,26.81,2.32,5.26,21156.0,926.0,77.25,3.38,2.66,554.0,167.0,2.62,0.79,18.33,27373.0,55.0,99.96,0.2,0.12,2308.0,389.0,8.43,1.42,10.24,6217.0,668.0,22.7,2.44,6.53,264.0,116.0,4.25,1.87,26.75,18303.0,797.0,66.84,2.91,2.65,1203.0,269.0,6.57,1.47,13.6,2848.0,329.0,10.4,1.2,7.02,842.0,153.0,29.56,5.36,11.02,27107.0,865.0,98.98,3.16,1.94,25271.0,510.0,93.23,1.88,1.23,1597.0,474.0,5.89,1.75,18.06,229.0,138.0,0.84,0.51,36.91,27385.0,,100,,,15834.0,780.0,57.82,2.85,3.0,15329.0,802.0,55.98,2.93,3.18,502.0,175.0,1.83,0.64,21.26,11551.0,770.0,42.18,2.81,4.05,7910.0,444.0,68.48,3.84,3.41,3641.0,444.0,31.52,3.84,7.41,253.0,125.0,2.19,1.08,29.98,340.0,167.0,2.94,1.45,29.98,655.0,277.0,5.67,2.4,25.73,0.0,,0.0,,,10303.0,351.0,89.2,3.04,2.07,0.0,,0.0,,,25648.0,1728.0,93.66,6.31,4.1,19221.0,852.0,74.94,3.32,2.69,1783.0,357.0,6.95,1.39,12.16,2120.0,577.0,8.27,2.25,16.54,21913.0,978.0,80.02,3.57,2.71,15134.0,535.0,69.06,2.44,2.15,14142.0,535.0,64.54,2.44,2.3,966.0,224.0,4.41,1.02,14.06,14.0,68.0,0.06,0.31,314.08,6778.0,535.0,30.93,2.44,4.8,,,6.38,1.46,14.1,13876.0,550.0,50.67,2.01,2.41,7095.0,461.0,51.13,3.32,3.95,1021.0,247.0,7.36,1.78,14.7,5058.0,452.0,36.45,3.26,5.44,188.0,93.0,1.35,0.67,30.17,403.0,164.0,2.9,1.18,24.74,14150.0,545.0,51.67,1.99,2.34,9.0,67.0,0.06,0.47,476.19,820.0,212.0,5.79,1.5,15.75,337.0,134.0,2.38,0.95,24.27,121.0,64.0,0.86,0.45,31.81,1537.0,286.0,10.86,2.02,11.31,1465.0,262.0,10.35,1.85,10.87,193.0,98.0,1.36,0.69,30.84,943.0,195.0,6.66,1.38,12.6,1023.0,219.0,7.23,1.55,13.03,5533.0,392.0,39.1,2.77,4.31,781.0,200.0,5.52,1.41,15.53,445.0,168.0,3.14,1.19,23.04,950.0,221.0,6.71,1.56,14.13,260.0,107.0,3.42,1.41,25.06,135.0,100.0,1.78,1.32,45.08,398.0,140.0,5.24,1.84,21.35,456.0,149.0,6.0,1.96,19.86,685.0,181.0,9.02,2.38,16.04,1278.0,235.0,16.82,3.09,11.17,1293.0,225.0,17.02,2.96,10.57,1599.0,232.0,21.05,3.06,8.84,995.0,217.0,13.1,2.85,13.23,496.0,143.0,6.53,1.88,17.5,6871.0,155.0,90.43,2.04,1.37,1851.0,229.0,24.36,3.02,7.54,1557.0,225.0,20.49,2.96,8.78,373.0,137.0,4.91,1.8,22.29,333.0,115.0,4.38,1.52,21.1,1450.0,244.0,19.08,3.21,10.23,25296.0,408.0,92.41,1.49,0.98,19359.0,810.0,70.72,2.96,2.54,7742.0,693.0,28.28,2.53,5.44,2077.0,408.0,7.59,1.49,11.93,12366.0,520.0,45.16,1.9,2.56,15019.0,520.0,54.84,1.9,2.11,1737.0,348.0,6.34,1.27,12.18,1545.0,304.0,5.64,1.11,11.96,1760.0,266.0,6.43,0.97,9.17,1809.0,304.0,6.61,1.11,10.21,2232.0,315.0,8.15,1.15,8.58,4369.0,485.0,15.95,1.77,6.75,3139.0,414.0,11.46,1.51,8.01,4272.0,416.0,15.6,1.52,5.92,2169.0,331.0,7.92,1.21,9.29,1516.0,266.0,5.54,0.97,10.64,1941.0,301.0,7.09,1.1,9.43,617.0,156.0,2.25,0.57,15.4,294.0,112.0,1.07,0.41,23.29,21168.0,567.0,77.3,2.07,1.63,2848.0,361.0,10.4,1.32,7.72,1916.0,485.0,7.0,1.77,15.37,23684.0,633.0,86.49,2.31,1.62,15.0,66.0,0.05,0.24,291.79,453.0,238.0,1.65,0.87,32.05,0.0,,0.0,,,663.0,375.0,2.42,1.37,34.41,655.0,233.0,2.39,0.85,21.62,2311.0,589.0,8.44,2.15,15.49,25074.0,589.0,91.56,2.15,1.43,1026.0,285.0,3.75,1.04,16.86,23059.0,649.0,84.2,2.37,1.71,15.0,66.0,0.05,0.24,291.79,453.0,238.0,1.65,0.87,32.05,0.0,,0.0,,,114.0,131.0,0.42,0.48,69.47,407.0,178.0,1.49,0.65,26.52
228,Montefiore Cemetery,QN1371,Montefiore Cemetery,0.0,,100,,,0.0,,,,,0.0,,,,,0.0,,,,,0.0,,,,,0.0,,,,,0.0,,,,,0.0,,,,,0.0,,,,,0.0,,,,,0.0,,,,,0.0,,,,,0.0,,,,,0.0,,,,,0.0,,,,,0.0,,,,,0.0,,,,,0.0,,,,,0.0,,,,,0.0,,,,,0.0,,,,,0.0,,,,,0.0,,,,,0.0,,,,,0.0,,,,,0.0,,,,,0.0,,,,,0.0,,100,,,0.0,,,,,0.0,,,,,0.0,,,,,0.0,,,,,0.0,,,,,0.0,,,,,0.0,,,,,0.0,,,,,0.0,,,,,0.0,,,,,0.0,,,,,0.0,,,,,0.0,,,,,0.0,,,,,0.0,,,,,0.0,,,,,0.0,,,,,0.0,,,,,0.0,,,,,0.0,,,,,0.0,,,,,0.0,,,,,,,,,,0.0,,,,,0.0,,,,,0.0,,,,,0.0,,,,,0.0,,,,,0.0,,,,,0.0,,,,,0.0,,,,,0.0,,,,,0.0,,,,,0.0,,,,,0.0,,,,,0.0,,,,,0.0,,,,,0.0,,,,,0.0,,,,,0.0,,,,,0.0,,,,,0.0,,,,,0.0,,,,,0.0,,,,,0.0,,,,,0.0,,,,,0.0,,,,,0.0,,,,,0.0,,,,,0.0,,,,,0.0,,,,,0.0,,,,,0.0,,,,,0.0,,,,,0.0,,,,,0.0,,,,,0.0,,,,,0.0,,,,,0.0,,,,,0.0,,,,,0.0,,,,,0.0,,,,,0.0,,,,,0.0,,,,,0.0,,,,,0.0,,,,,0.0,,,,,0.0,,,,,0.0,,,,,0.0,,,,,0.0,,,,,0.0,,,,,0.0,,,,,0.0,,,,,0.0,,,,,0.0,,,,,0.0,,,,,0.0,,,,,0.0,,,,,0.0,,,,,0.0,,,,,0.0,,,,,0.0,,,,,0.0,,,,,0.0,,,,,0.0,,,,,0.0,,,,,0.0,,,,,0.0,,,,,0.0,,,,,0.0,,,,,0.0,,,,,0.0,,,,,0.0,,,,,0.0,,,,,0.0,,,,
229,Far Rockaway-Bayswater,QN1401,Far Rockaway-Bayswater,19766.0,,100,,,8276.0,573.0,41.87,2.9,4.21,17037.0,1192.0,29.03,2.03,4.25,1521.0,331.0,8.93,1.94,13.21,1340.0,267.0,7.87,1.57,12.13,7057.0,530.0,41.42,3.11,4.56,3314.0,414.0,19.45,2.43,7.59,3809.0,496.0,22.36,2.91,7.91,35018.0,1773.0,59.66,3.02,3.08,4303.0,560.0,12.29,1.6,7.91,5550.0,620.0,15.85,1.77,6.79,8404.0,662.0,24.0,1.89,4.79,8347.0,791.0,23.84,2.26,5.76,40871.0,2166.0,69.63,3.69,3.22,1151.0,257.0,2.82,0.63,13.58,56832.0,552.0,96.82,0.94,0.59,9671.0,887.0,17.02,1.56,5.57,17781.0,1291.0,30.29,2.2,4.41,1227.0,334.0,6.9,1.88,16.56,32833.0,886.0,55.94,1.51,1.64,5155.0,670.0,15.7,2.04,7.9,6224.0,546.0,10.6,0.93,5.33,3294.0,328.0,52.93,5.27,6.05,57308.0,2547.0,97.64,4.34,2.7,51537.0,1095.0,89.93,1.91,1.29,5359.0,1060.0,9.35,1.85,12.03,408.0,241.0,0.71,0.42,35.96,58696.0,,100,,,40537.0,1350.0,69.06,2.3,2.02,37864.0,1368.0,64.51,2.33,2.2,2682.0,593.0,4.57,1.01,13.44,18159.0,1350.0,30.94,2.3,4.52,10763.0,657.0,59.27,3.62,3.71,7396.0,657.0,40.73,3.62,5.4,1786.0,340.0,9.84,1.87,11.55,1156.0,419.0,6.37,2.31,22.04,1001.0,394.0,5.51,2.17,23.94,0.0,,0.0,,,14139.0,621.0,77.86,3.42,2.67,79.0,76.0,0.44,0.42,58.03,52288.0,2383.0,89.08,4.06,2.77,33504.0,1464.0,64.08,2.8,2.66,8644.0,973.0,16.53,1.86,6.84,12042.0,1318.0,23.03,2.52,6.65,42458.0,2242.0,72.34,3.82,3.21,25219.0,811.0,59.4,1.91,1.95,22890.0,824.0,53.91,1.94,2.19,2297.0,420.0,5.41,0.99,11.12,33.0,102.0,0.08,0.24,182.37,17239.0,811.0,40.6,1.91,2.86,,,9.11,1.64,11.12,22320.0,957.0,38.03,1.63,2.61,9260.0,732.0,41.49,3.28,4.81,1660.0,395.0,7.44,1.77,14.46,8295.0,694.0,37.16,3.11,5.09,2085.0,444.0,9.34,1.99,12.95,490.0,252.0,2.2,1.13,31.22,22904.0,1057.0,39.02,1.8,2.81,0.0,,0.0,,,1229.0,298.0,5.37,1.3,14.72,680.0,245.0,2.97,1.07,21.9,301.0,156.0,1.31,0.68,31.56,1875.0,373.0,8.19,1.63,12.1,2156.0,431.0,9.41,1.88,12.15,436.0,167.0,1.9,0.73,23.36,1688.0,364.0,7.37,1.59,13.11,2679.0,426.0,11.7,1.86,9.66,8134.0,616.0,35.51,2.69,4.61,1473.0,344.0,6.43,1.5,14.18,1332.0,309.0,5.82,1.35,14.1,922.0,309.0,4.03,1.35,20.36,3245.0,427.0,16.42,2.16,8.0,1324.0,279.0,6.7,1.41,12.79,2105.0,393.0,10.65,1.99,11.36,1853.0,358.0,9.37,1.81,11.74,2784.0,437.0,14.08,2.21,9.54,3135.0,441.0,15.86,2.23,8.55,2098.0,338.0,10.61,1.71,9.8,1967.0,346.0,9.95,1.75,10.69,730.0,229.0,3.69,1.16,19.11,518.0,200.0,2.62,1.01,23.43,14516.0,490.0,73.44,2.48,2.05,4775.0,476.0,24.16,2.41,6.06,2244.0,340.0,11.35,1.72,9.21,3069.0,423.0,15.53,2.14,8.38,1223.0,287.0,6.19,1.45,14.24,6964.0,559.0,35.23,2.83,4.88,51182.0,745.0,90.06,1.31,0.88,28268.0,1614.0,49.74,2.84,3.47,26845.0,1586.0,47.24,2.79,3.59,5651.0,745.0,9.94,1.31,8.01,26962.0,851.0,45.93,1.45,1.92,31734.0,851.0,54.07,1.45,1.63,6408.0,734.0,10.92,1.25,6.96,5054.0,522.0,8.61,0.89,6.28,4152.0,511.0,7.07,0.87,7.48,3448.0,481.0,5.87,0.82,8.49,4591.0,605.0,7.82,1.03,8.01,7735.0,716.0,13.18,1.22,5.63,6730.0,652.0,11.47,1.11,5.88,6698.0,710.0,11.41,1.21,6.45,3362.0,475.0,5.73,0.81,8.59,3032.0,481.0,5.17,0.82,9.64,3569.0,470.0,6.08,0.8,8.0,2820.0,434.0,4.8,0.74,9.37,1086.0,247.0,1.85,0.42,13.8,40915.0,1015.0,69.71,1.73,1.51,7458.0,687.0,12.71,1.17,5.6,23685.0,1561.0,40.35,2.66,4.01,26418.0,1591.0,45.01,2.71,3.66,133.0,170.0,0.23,0.29,76.65,1961.0,740.0,3.34,1.26,22.93,58.0,123.0,0.1,0.21,127.66,4994.0,1051.0,8.51,1.79,12.79,1444.0,563.0,2.46,0.96,23.72,15921.0,1649.0,27.12,2.81,6.3,42775.0,1649.0,72.88,2.81,2.34,14779.0,1274.0,25.18,2.17,5.24,24733.0,1614.0,42.14,2.75,3.97,86.0,158.0,0.15,0.27,109.42,1917.0,740.0,3.27,1.26,23.42,58.0,123.0,0.1,0.21,127.66,288.0,241.0,0.49,0.41,50.87,915.0,440.0,1.56,0.75,29.23
230,Rockaway Beach-Arverne-Edgemere,QN1402,Rockaway Beach-Arverne-Edgemere,14480.0,,100,,,6012.0,418.0,41.52,2.89,4.23,11327.0,907.0,29.85,2.39,4.87,1206.0,274.0,10.65,2.42,13.81,501.0,155.0,4.42,1.37,18.84,4689.0,418.0,41.4,3.69,5.42,2390.0,356.0,21.1,3.14,9.05,2544.0,327.0,22.46,2.89,7.82,24292.0,1233.0,64.01,3.25,3.09,2136.0,345.0,8.79,1.42,9.82,3650.0,442.0,15.03,1.82,7.36,6655.0,578.0,27.4,2.38,5.28,5344.0,551.0,22.0,2.27,6.27,27334.0,1416.0,72.02,3.73,3.15,942.0,219.0,3.45,0.8,14.1,36838.0,326.0,97.06,0.86,0.54,7078.0,715.0,19.21,1.94,6.14,10527.0,892.0,27.74,2.35,5.15,1069.0,281.0,10.15,2.67,15.99,22786.0,729.0,60.04,1.92,1.94,4241.0,508.0,18.61,2.23,7.28,3530.0,383.0,9.3,1.01,6.6,1770.0,219.0,50.14,6.19,7.5,37495.0,1662.0,98.8,4.38,2.69,34272.0,581.0,91.4,1.55,1.03,3051.0,570.0,8.14,1.52,11.35,177.0,135.0,0.47,0.36,46.56,37952.0,,100,,,27269.0,892.0,71.85,2.35,1.99,26103.0,937.0,68.78,2.47,2.18,1166.0,300.0,3.07,0.79,15.64,10683.0,846.0,28.15,2.23,4.81,6728.0,436.0,62.98,4.08,3.94,3955.0,436.0,37.02,4.08,6.7,1961.0,338.0,18.36,3.16,10.46,1343.0,362.0,12.57,3.39,16.39,881.0,334.0,8.25,3.13,23.06,0.0,,0.0,,,6435.0,495.0,60.24,4.63,4.67,60.0,72.0,0.56,0.67,72.73,35030.0,1400.0,92.3,3.69,2.43,22453.0,1026.0,64.1,2.93,2.78,4620.0,666.0,13.19,1.9,8.76,7516.0,855.0,21.46,2.44,6.91,28909.0,1298.0,76.17,3.42,2.73,16488.0,627.0,57.03,2.17,2.31,14442.0,627.0,49.96,2.17,2.64,1965.0,338.0,6.8,1.17,10.46,90.0,107.0,0.31,0.37,72.56,12421.0,627.0,42.97,2.17,3.07,,,11.92,2.0,10.46,14265.0,547.0,37.59,1.44,2.33,5470.0,446.0,38.35,3.13,4.96,775.0,204.0,5.43,1.43,16.01,6874.0,472.0,48.19,3.31,4.18,515.0,161.0,3.61,1.13,19.03,338.0,143.0,2.37,1.0,25.65,14431.0,512.0,38.02,1.35,2.16,0.0,,0.0,,,1021.0,242.0,7.07,1.68,14.45,528.0,180.0,3.66,1.25,20.76,134.0,87.0,0.93,0.6,39.22,1355.0,258.0,9.39,1.79,11.59,1244.0,255.0,8.62,1.77,12.48,347.0,146.0,2.4,1.01,25.58,985.0,209.0,6.83,1.45,12.91,1375.0,279.0,9.53,1.93,12.31,4512.0,430.0,31.27,2.98,5.79,1222.0,271.0,8.47,1.88,13.49,741.0,196.0,5.13,1.36,16.12,969.0,195.0,6.71,1.35,12.23,1830.0,292.0,12.64,2.02,9.71,888.0,211.0,6.13,1.46,14.48,2032.0,320.0,14.03,2.21,9.58,1577.0,303.0,10.89,2.09,11.67,1929.0,345.0,13.32,2.38,10.86,2262.0,317.0,15.62,2.19,8.52,1326.0,258.0,9.16,1.78,11.81,1782.0,295.0,12.31,2.04,10.07,521.0,184.0,3.6,1.27,21.45,335.0,155.0,2.31,1.07,28.16,11314.0,339.0,78.14,2.34,1.82,3343.0,374.0,23.09,2.58,6.79,1826.0,264.0,12.61,1.82,8.77,1855.0,317.0,12.81,2.19,10.39,821.0,201.0,5.67,1.39,14.9,4474.0,390.0,30.9,2.69,5.29,33651.0,483.0,91.35,1.31,0.87,17829.0,1131.0,48.4,3.07,3.86,18320.0,1054.0,49.73,2.86,3.5,3187.0,483.0,8.65,1.31,9.21,17701.0,603.0,46.64,1.59,2.07,20251.0,603.0,53.36,1.59,1.81,2922.0,452.0,7.7,1.19,9.39,2938.0,364.0,7.74,0.96,7.54,2688.0,398.0,7.08,1.05,9.02,2797.0,398.0,7.37,1.05,8.66,2326.0,372.0,6.13,0.98,9.72,5360.0,600.0,14.12,1.58,6.8,4392.0,425.0,11.57,1.12,5.88,6108.0,543.0,16.09,1.43,5.4,2069.0,315.0,5.45,0.83,9.26,2201.0,323.0,5.8,0.85,8.91,2345.0,349.0,6.18,0.92,9.05,1373.0,277.0,3.62,0.73,12.26,440.0,140.0,1.16,0.37,19.39,27425.0,729.0,72.26,1.92,1.62,4162.0,440.0,10.97,1.16,6.43,12115.0,994.0,31.92,2.62,4.99,18430.0,1074.0,48.56,2.83,3.54,285.0,178.0,0.75,0.47,38.1,2279.0,626.0,6.0,1.65,16.72,0.0,,0.0,,,3641.0,858.0,9.59,2.26,14.33,1198.0,334.0,3.16,0.88,16.93,10529.0,1063.0,27.74,2.8,6.14,27423.0,1063.0,72.26,2.8,2.36,6706.0,664.0,17.67,1.75,6.02,17425.0,1059.0,45.91,2.79,3.69,95.0,110.0,0.25,0.29,70.52,2267.0,626.0,5.97,1.65,16.8,0.0,,0.0,,,358.0,250.0,0.94,0.66,42.68,570.0,220.0,1.5,0.58,23.51
231,Breezy Point-Belle Harbor-Rockaway Park-Broad Channel,QN1403,Breezy Point-Belle Harbor-Rockaway Park-Broad Channel,11981.0,,100,,,3003.0,290.0,25.06,2.42,5.87,6178.0,562.0,24.85,2.26,5.53,567.0,205.0,9.18,3.32,21.99,177.0,85.0,2.86,1.37,29.12,2457.0,272.0,39.77,4.41,6.74,1408.0,208.0,22.79,3.37,8.99,1569.0,208.0,25.4,3.36,8.04,18088.0,1096.0,72.75,4.41,3.68,623.0,156.0,3.44,0.86,15.2,1137.0,230.0,6.29,1.27,12.27,3999.0,347.0,22.11,1.92,5.28,7221.0,447.0,39.92,2.47,3.76,19429.0,1181.0,78.15,4.75,3.7,1428.0,212.0,7.35,1.09,9.02,23985.0,273.0,96.47,1.1,0.69,3815.0,434.0,15.91,1.81,6.92,5401.0,577.0,21.72,2.32,6.49,279.0,144.0,5.17,2.67,31.39,13820.0,562.0,55.59,2.26,2.47,1646.0,274.0,11.91,1.98,10.11,4763.0,338.0,19.16,1.36,4.31,1891.0,202.0,39.7,4.25,6.51,24631.0,997.0,99.07,4.01,2.46,23278.0,264.0,94.51,1.07,0.69,1295.0,254.0,5.26,1.03,11.9,57.0,108.0,0.23,0.44,116.29,24862.0,,100,,,22014.0,413.0,88.54,1.66,1.14,21761.0,423.0,87.53,1.7,1.18,255.0,102.0,1.03,0.41,24.2,2848.0,395.0,11.46,1.59,8.43,2018.0,188.0,70.85,6.6,5.66,830.0,188.0,29.14,6.6,13.77,1518.0,214.0,53.3,7.5,8.55,466.0,178.0,16.36,6.26,23.26,11.0,65.0,0.39,2.27,353.83,26.0,71.0,0.91,2.49,166.34,806.0,202.0,28.3,7.08,15.21,22.0,67.0,0.77,2.35,185.53,23499.0,999.0,94.52,4.02,2.58,20097.0,461.0,85.52,1.96,1.39,1237.0,305.0,5.26,1.3,15.02,1269.0,334.0,5.4,1.42,15.99,20052.0,1226.0,80.65,4.93,3.72,11446.0,439.0,57.08,2.19,2.33,10759.0,433.0,53.65,2.16,2.45,680.0,160.0,3.39,0.8,14.35,0.0,,0.0,,,8606.0,439.0,42.92,2.19,3.1,,,5.94,1.38,14.3,10485.0,328.0,42.17,1.32,1.9,6592.0,351.0,62.87,3.35,3.24,586.0,135.0,5.59,1.29,14.03,2520.0,323.0,24.04,3.08,7.79,317.0,123.0,3.02,1.17,23.55,249.0,101.0,2.37,0.96,24.62,10765.0,326.0,43.3,1.31,1.84,17.0,79.0,0.16,0.73,277.36,977.0,231.0,9.08,2.15,14.39,185.0,88.0,1.72,0.82,28.98,239.0,118.0,2.22,1.1,30.12,763.0,211.0,7.09,1.96,16.81,735.0,191.0,6.83,1.77,15.75,246.0,95.0,2.29,0.88,23.36,1044.0,180.0,9.7,1.67,10.47,882.0,181.0,8.19,1.68,12.47,3400.0,311.0,31.58,2.89,5.56,810.0,196.0,7.52,1.82,14.71,318.0,124.0,2.95,1.15,23.7,1141.0,191.0,10.6,1.77,10.15,572.0,186.0,4.77,1.55,19.75,417.0,135.0,3.48,1.13,19.74,605.0,152.0,5.05,1.27,15.29,655.0,185.0,5.47,1.54,17.11,1083.0,225.0,9.04,1.88,12.64,1778.0,285.0,14.84,2.38,9.75,1756.0,249.0,14.66,2.08,8.63,2223.0,271.0,18.55,2.26,7.41,1542.0,256.0,12.87,2.14,10.11,1339.0,216.0,11.18,1.8,9.79,9093.0,307.0,75.9,2.56,2.05,4400.0,334.0,36.72,2.79,4.62,3337.0,322.0,27.85,2.69,5.87,526.0,162.0,4.39,1.35,18.69,100.0,87.0,0.83,0.73,53.47,717.0,170.0,5.98,1.42,14.44,22787.0,341.0,95.01,1.42,0.91,18691.0,669.0,77.93,2.79,2.18,8012.0,686.0,33.4,2.86,5.21,1198.0,341.0,4.99,1.42,17.3,12647.0,405.0,50.87,1.63,1.95,12215.0,405.0,49.13,1.63,2.02,1363.0,343.0,5.48,1.38,15.31,1338.0,251.0,5.38,1.01,11.41,1741.0,286.0,7.0,1.15,9.99,1383.0,211.0,5.56,0.85,9.29,956.0,172.0,3.85,0.69,10.89,2376.0,378.0,9.56,1.52,9.67,2589.0,331.0,10.41,1.33,7.77,3829.0,363.0,15.4,1.46,5.76,2023.0,293.0,8.14,1.18,8.81,1918.0,306.0,7.71,1.23,9.7,2614.0,323.0,10.51,1.3,7.52,1815.0,291.0,7.3,1.17,9.74,907.0,164.0,3.65,0.66,10.99,19429.0,472.0,78.15,1.9,1.48,5337.0,467.0,21.47,1.88,5.32,22168.0,582.0,89.16,2.34,1.6,936.0,331.0,3.76,1.33,21.5,35.0,82.0,0.14,0.33,143.29,518.0,259.0,2.08,1.04,30.4,0.0,,0.0,,,994.0,470.0,4.0,1.89,28.72,212.0,134.0,0.85,0.54,38.62,2147.0,415.0,8.64,1.67,11.75,22715.0,415.0,91.36,1.67,1.11,21040.0,624.0,84.63,2.51,1.8,800.0,316.0,3.22,1.27,23.98,27.0,87.0,0.11,0.35,193.42,518.0,259.0,2.08,1.04,30.4,0.0,,0.0,,,198.0,281.0,0.8,1.13,85.87,135.0,85.0,0.54,0.34,38.28
232,Rockaway Community Park,QN1491,Rockaway Community Park,0.0,,100,,,0.0,,,,,0.0,,,,,0.0,,,,,0.0,,,,,0.0,,,,,0.0,,,,,0.0,,,,,0.0,,,,,0.0,,,,,0.0,,,,,0.0,,,,,0.0,,,,,0.0,,,,,0.0,,,,,0.0,,,,,0.0,,,,,0.0,,,,,0.0,,,,,0.0,,,,,0.0,,,,,0.0,,,,,0.0,,,,,0.0,,,,,0.0,,,,,0.0,,,,,0.0,,,,,0.0,,100,,,0.0,,,,,0.0,,,,,0.0,,,,,0.0,,,,,0.0,,,,,0.0,,,,,0.0,,,,,0.0,,,,,0.0,,,,,0.0,,,,,0.0,,,,,0.0,,,,,0.0,,,,,0.0,,,,,0.0,,,,,0.0,,,,,0.0,,,,,0.0,,,,,0.0,,,,,0.0,,,,,0.0,,,,,0.0,,,,,,,,,,0.0,,,,,0.0,,,,,0.0,,,,,0.0,,,,,0.0,,,,,0.0,,,,,0.0,,,,,0.0,,,,,0.0,,,,,0.0,,,,,0.0,,,,,0.0,,,,,0.0,,,,,0.0,,,,,0.0,,,,,0.0,,,,,0.0,,,,,0.0,,,,,0.0,,,,,0.0,,,,,0.0,,,,,0.0,,,,,0.0,,,,,0.0,,,,,0.0,,,,,0.0,,,,,0.0,,,,,0.0,,,,,0.0,,,,,0.0,,,,,0.0,,,,,0.0,,,,,0.0,,,,,0.0,,,,,0.0,,,,,0.0,,,,,0.0,,,,,0.0,,,,,0.0,,,,,0.0,,,,,0.0,,,,,0.0,,,,,0.0,,,,,0.0,,,,,0.0,,,,,0.0,,,,,0.0,,,,,0.0,,,,,0.0,,,,,0.0,,,,,0.0,,,,,0.0,,,,,0.0,,,,,0.0,,,,,0.0,,,,,0.0,,,,,0.0,,,,,0.0,,,,,0.0,,,,,0.0,,,,,0.0,,,,,0.0,,,,,0.0,,,,,0.0,,,,,0.0,,,,,0.0,,,,,0.0,,,,,0.0,,,,,0.0,,,,,0.0,,,,,0.0,,,,,0.0,,,,,0.0,,,,
233,LaGuardia Airport,QN8081,LaGuardia Airport,0.0,,100,,,0.0,,,,,0.0,,,,,0.0,,,,,0.0,,,,,0.0,,,,,0.0,,,,,0.0,,,,,0.0,,,,,0.0,,,,,0.0,,,,,0.0,,,,,0.0,,,,,0.0,,,,,0.0,,,,,0.0,,,,,0.0,,,,,0.0,,,,,0.0,,,,,0.0,,,,,0.0,,,,,0.0,,,,,0.0,,,,,0.0,,,,,0.0,,,,,0.0,,,,,0.0,,,,,0.0,,100,,,0.0,,,,,0.0,,,,,0.0,,,,,0.0,,,,,0.0,,,,,0.0,,,,,0.0,,,,,0.0,,,,,0.0,,,,,0.0,,,,,0.0,,,,,0.0,,,,,0.0,,,,,0.0,,,,,0.0,,,,,0.0,,,,,0.0,,,,,0.0,,,,,0.0,,,,,0.0,,,,,0.0,,,,,0.0,,,,,,,,,,0.0,,,,,0.0,,,,,0.0,,,,,0.0,,,,,0.0,,,,,0.0,,,,,0.0,,,,,0.0,,,,,0.0,,,,,0.0,,,,,0.0,,,,,0.0,,,,,0.0,,,,,0.0,,,,,0.0,,,,,0.0,,,,,0.0,,,,,0.0,,,,,0.0,,,,,0.0,,,,,0.0,,,,,0.0,,,,,0.0,,,,,0.0,,,,,0.0,,,,,0.0,,,,,0.0,,,,,0.0,,,,,0.0,,,,,0.0,,,,,0.0,,,,,0.0,,,,,0.0,,,,,0.0,,,,,0.0,,,,,0.0,,,,,0.0,,,,,0.0,,,,,0.0,,,,,0.0,,,,,0.0,,,,,0.0,,,,,0.0,,,,,0.0,,,,,0.0,,,,,0.0,,,,,0.0,,,,,0.0,,,,,0.0,,,,,0.0,,,,,0.0,,,,,0.0,,,,,0.0,,,,,0.0,,,,,0.0,,,,,0.0,,,,,0.0,,,,,0.0,,,,,0.0,,,,,0.0,,,,,0.0,,,,,0.0,,,,,0.0,,,,,0.0,,,,,0.0,,,,,0.0,,,,,0.0,,,,,0.0,,,,,0.0,,,,,0.0,,,,,0.0,,,,,0.0,,,,,0.0,,,,
234,Flushing Meadows-Corona Park,QN8191,Flushing Meadows-Corona Park,0.0,,100,,,0.0,,,,,0.0,,,,,0.0,,,,,0.0,,,,,0.0,,,,,0.0,,,,,0.0,,,,,0.0,,,,,0.0,,,,,0.0,,,,,0.0,,,,,0.0,,,,,0.0,,,,,0.0,,,,,0.0,,,,,0.0,,,,,0.0,,,,,0.0,,,,,0.0,,,,,0.0,,,,,0.0,,,,,0.0,,,,,0.0,,,,,0.0,,,,,0.0,,,,,0.0,,,,,0.0,,100,,,0.0,,,,,0.0,,,,,0.0,,,,,0.0,,,,,0.0,,,,,0.0,,,,,0.0,,,,,0.0,,,,,0.0,,,,,0.0,,,,,0.0,,,,,0.0,,,,,0.0,,,,,0.0,,,,,0.0,,,,,0.0,,,,,0.0,,,,,0.0,,,,,0.0,,,,,0.0,,,,,0.0,,,,,0.0,,,,,,,,,,0.0,,,,,0.0,,,,,0.0,,,,,0.0,,,,,0.0,,,,,0.0,,,,,0.0,,,,,0.0,,,,,0.0,,,,,0.0,,,,,0.0,,,,,0.0,,,,,0.0,,,,,0.0,,,,,0.0,,,,,0.0,,,,,0.0,,,,,0.0,,,,,0.0,,,,,0.0,,,,,0.0,,,,,0.0,,,,,0.0,,,,,0.0,,,,,0.0,,,,,0.0,,,,,0.0,,,,,0.0,,,,,0.0,,,,,0.0,,,,,0.0,,,,,0.0,,,,,0.0,,,,,0.0,,,,,0.0,,,,,0.0,,,,,0.0,,,,,0.0,,,,,0.0,,,,,0.0,,,,,0.0,,,,,0.0,,,,,0.0,,,,,0.0,,,,,0.0,,,,,0.0,,,,,0.0,,,,,0.0,,,,,0.0,,,,,0.0,,,,,0.0,,,,,0.0,,,,,0.0,,,,,0.0,,,,,0.0,,,,,0.0,,,,,0.0,,,,,0.0,,,,,0.0,,,,,0.0,,,,,0.0,,,,,0.0,,,,,0.0,,,,,0.0,,,,,0.0,,,,,0.0,,,,,0.0,,,,,0.0,,,,,0.0,,,,,0.0,,,,,0.0,,,,,0.0,,,,,0.0,,,,
235,Forest Park,QN8291,Forest Park,2.0,,100,,,0.0,,0.0,,,4.0,5.0,18.6,21.95,75.99,0.0,,0.0,,,0.0,,0.0,,,4.0,2.0,110.09,52.9,29.21,0.0,,0.0,,,0.0,,0.0,,,14.0,12.0,65.12,57.86,52.11,2.0,2.0,14.03,15.5,67.16,0.0,,0.0,,,6.0,2.0,42.09,11.3,16.32,2.0,1.0,14.03,9.2,39.86,16.0,15.0,74.42,68.1,56.99,0.0,,0.0,,,22.0,0.0,102.33,0.0,0.0,2.0,3.0,9.3,12.7,83.01,6.0,7.0,27.91,33.81,70.92,0.0,,0.0,,,11.0,6.0,51.16,26.9,33.16,0.0,,0.0,,,5.0,4.0,23.26,20.02,48.63,2.0,1.0,37.21,26.2,42.8,22.0,0.0,102.33,0.0,0.0,18.0,5.0,83.72,22.8,16.56,4.0,5.0,18.6,22.8,74.52,0.0,,0.0,,,22.0,,100,,,18.0,4.0,83.72,17.3,12.56,18.0,4.0,83.72,17.3,12.56,0.0,,0.0,,,3.0,3.0,13.95,13.99,60.79,3.0,2.0,99.67,58.2,35.5,0.0,,0.0,,,2.0,1.0,66.45,39.8,36.41,0.0,,0.0,,,0.0,,0.0,,,0.0,,0.0,,,2.0,1.0,66.45,39.8,36.41,0.0,,0.0,,,20.0,19.0,93.02,88.19,57.75,18.0,3.0,91.7,13.6,9.02,1.0,2.0,5.09,12.4,148.09,1.0,2.0,5.09,10.2,121.82,16.0,15.0,74.42,68.1,56.99,8.0,4.0,50.01,24.2,29.42,8.0,4.0,50.01,24.2,29.42,0.0,,0.0,,,0.0,,0.0,,,8.0,4.0,50.01,24.2,29.42,,,0.0,,,8.0,3.0,37.21,13.04,22.8,6.0,2.0,76.25,24.7,19.69,0.0,,0.0,,,1.0,2.0,12.71,19.3,92.31,0.0,,0.0,,,0.0,,0.0,,,8.0,3.0,37.21,13.04,22.8,0.0,,0.0,,,2.0,2.0,25.42,25.6,61.22,1.0,1.0,12.71,12.0,57.39,0.0,,0.0,,,0.0,,0.0,,,0.0,,0.0,,,0.0,,0.0,,,0.0,,0.0,,,0.0,,0.0,,,3.0,3.0,38.12,38.4,61.24,2.0,2.0,25.42,21.3,50.94,0.0,,0.0,,,0.0,,0.0,,,0.0,,0.0,,,0.0,,0.0,,,0.0,,0.0,,,1.0,1.0,50.0,28.7,34.89,0.0,,0.0,,,1.0,1.0,50.0,28.9,35.14,0.0,,0.0,,,0.0,,0.0,,,0.0,,0.0,,,0.0,,0.0,,,1.0,0.0,50.0,23.8,28.94,1.0,1.0,50.0,28.9,35.14,1.0,1.0,50.0,27.0,32.83,0.0,,0.0,,,0.0,,0.0,,,0.0,,0.0,,,20.0,3.0,93.02,12.0,7.84,10.0,8.0,46.51,36.5,47.71,14.0,7.0,65.12,33.0,30.81,2.0,3.0,9.3,12.0,78.44,10.0,3.0,46.51,14.0,18.3,11.0,3.0,51.16,14.0,16.64,2.0,2.0,9.3,9.6,62.75,2.0,2.0,9.3,9.3,60.79,2.0,2.0,9.3,8.8,57.52,0.0,,0.0,,,2.0,3.0,9.3,12.0,78.44,2.0,2.0,9.3,10.2,66.67,2.0,2.0,9.3,8.3,54.25,2.0,2.0,9.3,11.3,73.86,0.0,,0.0,,,3.0,2.0,13.95,11.5,50.11,2.0,2.0,9.3,11.1,72.56,2.0,3.0,9.3,14.2,92.82,1.0,2.0,4.65,7.5,98.05,16.0,6.0,74.42,27.7,22.63,5.0,6.0,23.26,26.6,69.52,21.0,1.0,97.67,4.0,2.49,0.0,,0.0,,,0.0,,0.0,,,0.0,,0.0,,,0.0,,0.0,,,0.0,,0.0,,,0.0,,0.0,,,1.0,2.0,4.65,9.7,126.81,20.0,2.0,93.02,9.7,6.34,20.0,2.0,93.02,11.2,7.32,0.0,,0.0,,,0.0,,0.0,,,0.0,,0.0,,,0.0,,0.0,,,0.0,,0.0,,,0.0,,0.0,,
236,John F. Kennedy International Airport,QN8381,John F. Kennedy International Airport,0.0,,100,,,0.0,,,,,0.0,,,,,0.0,,,,,0.0,,,,,0.0,,,,,0.0,,,,,0.0,,,,,0.0,,,,,0.0,,,,,0.0,,,,,0.0,,,,,0.0,,,,,0.0,,,,,0.0,,,,,0.0,,,,,0.0,,,,,0.0,,,,,0.0,,,,,0.0,,,,,0.0,,,,,0.0,,,,,0.0,,,,,0.0,,,,,0.0,,,,,0.0,,,,,0.0,,,,,0.0,,100,,,0.0,,,,,0.0,,,,,0.0,,,,,0.0,,,,,0.0,,,,,0.0,,,,,0.0,,,,,0.0,,,,,0.0,,,,,0.0,,,,,0.0,,,,,0.0,,,,,0.0,,,,,0.0,,,,,0.0,,,,,0.0,,,,,0.0,,,,,0.0,,,,,0.0,,,,,0.0,,,,,0.0,,,,,0.0,,,,,,,,,,0.0,,,,,0.0,,,,,0.0,,,,,0.0,,,,,0.0,,,,,0.0,,,,,0.0,,,,,0.0,,,,,0.0,,,,,0.0,,,,,0.0,,,,,0.0,,,,,0.0,,,,,0.0,,,,,0.0,,,,,0.0,,,,,0.0,,,,,0.0,,,,,0.0,,,,,0.0,,,,,0.0,,,,,0.0,,,,,0.0,,,,,0.0,,,,,0.0,,,,,0.0,,,,,0.0,,,,,0.0,,,,,0.0,,,,,0.0,,,,,0.0,,,,,0.0,,,,,0.0,,,,,0.0,,,,,0.0,,,,,0.0,,,,,0.0,,,,,0.0,,,,,0.0,,,,,0.0,,,,,0.0,,,,,0.0,,,,,0.0,,,,,0.0,,,,,0.0,,,,,0.0,,,,,0.0,,,,,0.0,,,,,0.0,,,,,0.0,,,,,0.0,,,,,0.0,,,,,0.0,,,,,0.0,,,,,0.0,,,,,0.0,,,,,0.0,,,,,0.0,,,,,0.0,,,,,0.0,,,,,0.0,,,,,0.0,,,,,0.0,,,,,0.0,,,,,0.0,,,,,0.0,,,,,0.0,,,,,0.0,,,,,0.0,,,,,0.0,,,,,0.0,,,,,0.0,,,,,0.0,,,,
237,Jamaica Bay (East),QN8491,Jamaica Bay (East),0.0,,100,,,0.0,,,,,0.0,,,,,0.0,,,,,0.0,,,,,0.0,,,,,0.0,,,,,0.0,,,,,0.0,,,,,0.0,,,,,0.0,,,,,0.0,,,,,0.0,,,,,0.0,,,,,0.0,,,,,0.0,,,,,0.0,,,,,0.0,,,,,0.0,,,,,0.0,,,,,0.0,,,,,0.0,,,,,0.0,,,,,0.0,,,,,0.0,,,,,0.0,,,,,0.0,,,,,0.0,,100,,,0.0,,,,,0.0,,,,,0.0,,,,,0.0,,,,,0.0,,,,,0.0,,,,,0.0,,,,,0.0,,,,,0.0,,,,,0.0,,,,,0.0,,,,,0.0,,,,,0.0,,,,,0.0,,,,,0.0,,,,,0.0,,,,,0.0,,,,,0.0,,,,,0.0,,,,,0.0,,,,,0.0,,,,,0.0,,,,,,,,,,0.0,,,,,0.0,,,,,0.0,,,,,0.0,,,,,0.0,,,,,0.0,,,,,0.0,,,,,0.0,,,,,0.0,,,,,0.0,,,,,0.0,,,,,0.0,,,,,0.0,,,,,0.0,,,,,0.0,,,,,0.0,,,,,0.0,,,,,0.0,,,,,0.0,,,,,0.0,,,,,0.0,,,,,0.0,,,,,0.0,,,,,0.0,,,,,0.0,,,,,0.0,,,,,0.0,,,,,0.0,,,,,0.0,,,,,0.0,,,,,0.0,,,,,0.0,,,,,0.0,,,,,0.0,,,,,0.0,,,,,0.0,,,,,0.0,,,,,0.0,,,,,0.0,,,,,0.0,,,,,0.0,,,,,0.0,,,,,0.0,,,,,0.0,,,,,0.0,,,,,0.0,,,,,0.0,,,,,0.0,,,,,0.0,,,,,0.0,,,,,0.0,,,,,0.0,,,,,0.0,,,,,0.0,,,,,0.0,,,,,0.0,,,,,0.0,,,,,0.0,,,,,0.0,,,,,0.0,,,,,0.0,,,,,0.0,,,,,0.0,,,,,0.0,,,,,0.0,,,,,0.0,,,,,0.0,,,,,0.0,,,,,0.0,,,,,0.0,,,,,0.0,,,,,0.0,,,,,0.0,,,,
238,Jacob Riis Park-Fort Tilden-Breezy Point Tip,QN8492,Jacob Riis Park-Fort Tilden-Breezy Point Tip,9.0,,100,,,0.0,,0.0,,,0.0,,0.0,,,0.0,,,,,0.0,,,,,0.0,,,,,0.0,,,,,0.0,,,,,7.0,0.0,100.0,0.0,0.0,0.0,,0.0,,,0.0,,0.0,,,0.0,,0.0,,,7.0,7.0,100.0,100.0,60.79,7.0,0.0,100.0,0.0,0.0,0.0,,0.0,,,7.0,0.0,100.0,0.0,0.0,3.0,2.0,42.86,34.5,48.93,0.0,,0.0,,,0.0,,,,,3.0,4.0,42.86,53.02,81.05,3.0,3.0,99.9,100.0,60.85,4.0,9.0,57.14,124.14,136.78,0.0,,0.0,,,7.0,0.0,100.0,0.0,0.0,7.0,7.0,100.0,100.0,60.79,0.0,,0.0,,,0.0,,0.0,,,7.0,,100,,,3.0,2.0,42.86,34.5,48.93,3.0,2.0,42.86,34.5,48.93,0.0,,0.0,,,4.0,9.0,57.14,124.14,136.78,4.0,4.0,100.08,100.0,60.74,0.0,,0.0,,,4.0,4.0,100.08,100.0,60.74,0.0,,0.0,,,0.0,,0.0,,,0.0,,0.0,,,0.0,,0.0,,,0.0,,0.0,,,7.0,0.0,100.0,0.0,0.0,3.0,2.0,42.86,34.5,48.93,0.0,,0.0,,,0.0,,0.0,,,7.0,0.0,100.0,0.0,0.0,7.0,7.0,100.0,100.0,60.79,7.0,7.0,100.0,100.0,60.79,0.0,,0.0,,,0.0,,0.0,,,0.0,,0.0,,,,,0.0,,,7.0,0.0,100.0,0.0,0.0,7.0,7.0,100.0,100.0,60.79,0.0,,0.0,,,0.0,,0.0,,,0.0,,0.0,,,0.0,,0.0,,,7.0,0.0,100.0,0.0,0.0,0.0,,0.0,,,0.0,,0.0,,,0.0,,0.0,,,0.0,,0.0,,,0.0,,0.0,,,0.0,,0.0,,,0.0,,0.0,,,0.0,,0.0,,,0.0,,0.0,,,3.0,2.0,42.86,34.5,48.93,0.0,,0.0,,,0.0,,0.0,,,4.0,2.0,57.14,34.5,36.7,0.0,,0.0,,,0.0,,0.0,,,0.0,,0.0,,,0.0,,0.0,,,0.0,,0.0,,,0.0,,0.0,,,0.0,,0.0,,,0.0,,0.0,,,9.0,9.0,100.0,100.0,60.79,0.0,,0.0,,,9.0,9.0,100.0,100.0,60.79,0.0,,0.0,,,9.0,9.0,100.0,100.0,60.79,0.0,,0.0,,,0.0,,0.0,,,0.0,,0.0,,,7.0,7.0,100.0,100.0,60.79,7.0,7.0,100.0,100.0,60.79,4.0,2.0,57.14,34.5,36.7,0.0,,0.0,,,4.0,2.0,57.14,34.5,36.7,3.0,2.0,42.86,34.5,48.93,0.0,,0.0,,,0.0,,0.0,,,0.0,,0.0,,,0.0,,0.0,,,0.0,,0.0,,,0.0,,0.0,,,0.0,,0.0,,,0.0,,0.0,,,0.0,,0.0,,,3.0,2.0,42.86,34.5,48.93,4.0,2.0,57.14,34.5,36.7,0.0,,0.0,,,0.0,,0.0,,,7.0,7.0,100.0,100.0,60.79,4.0,2.0,57.14,34.5,36.7,7.0,7.0,100.0,100.0,60.79,0.0,,0.0,,,0.0,,0.0,,,0.0,,0.0,,,0.0,,0.0,,,0.0,,0.0,,,0.0,,0.0,,,0.0,,0.0,,,7.0,7.0,100.0,100.0,60.79,7.0,7.0,100.0,100.0,60.79,0.0,,0.0,,,0.0,,0.0,,,0.0,,0.0,,,0.0,,0.0,,,0.0,,0.0,,,0.0,,0.0,,
239,St. George-New Brighton,SI0101,St. George-New Brighton,7969.0,,100,,,2625.0,268.0,32.94,3.36,6.2,4736.0,552.0,25.03,2.92,7.09,345.0,152.0,7.28,3.2,26.72,254.0,92.0,5.36,1.94,22.0,2038.0,237.0,43.03,5.0,7.06,1040.0,196.0,21.96,4.13,11.43,1058.0,242.0,22.34,5.1,13.88,12003.0,919.0,63.45,4.86,4.65,629.0,163.0,5.24,1.36,15.78,1253.0,314.0,10.44,2.62,15.26,3381.0,407.0,28.17,3.39,7.32,3791.0,400.0,31.58,3.33,6.41,13755.0,1058.0,72.71,5.59,4.68,638.0,172.0,4.64,1.25,16.38,18630.0,745.0,98.48,3.94,2.43,2132.0,402.0,11.44,2.16,11.48,5163.0,781.0,27.29,4.13,9.2,282.0,145.0,5.46,2.81,31.29,11420.0,624.0,60.36,3.3,3.32,1207.0,280.0,10.57,2.45,14.09,2053.0,265.0,10.85,1.4,7.85,644.0,124.0,31.37,6.04,11.7,18714.0,950.0,98.92,5.02,3.09,17467.0,311.0,93.34,1.66,1.08,1178.0,309.0,6.29,1.65,15.95,68.0,82.0,0.36,0.44,74.3,18918.0,,100,,,14979.0,530.0,79.18,2.8,2.15,14322.0,562.0,75.7,2.97,2.39,654.0,185.0,3.46,0.98,17.22,3939.0,530.0,20.82,2.8,8.18,2177.0,269.0,55.26,6.82,7.5,1762.0,269.0,44.73,6.82,9.27,455.0,137.0,11.55,3.47,18.26,997.0,223.0,25.31,5.67,13.62,621.0,229.0,15.76,5.82,22.45,0.0,,0.0,,,1820.0,266.0,46.2,6.76,8.89,46.0,48.0,1.17,1.21,62.87,17304.0,1406.0,91.47,7.43,4.94,12866.0,628.0,74.35,3.63,2.97,1648.0,329.0,9.52,1.9,12.13,2503.0,504.0,14.47,2.91,12.23,14258.0,944.0,75.37,4.99,4.02,8353.0,436.0,58.58,3.06,3.18,7837.0,436.0,54.96,3.06,3.38,517.0,137.0,3.63,0.96,16.08,0.0,,0.0,,,5905.0,436.0,41.41,3.06,4.49,,,6.19,1.61,16.11,7679.0,350.0,40.59,1.85,2.77,2404.0,312.0,31.31,4.06,7.88,408.0,172.0,5.31,2.24,25.64,4015.0,315.0,52.29,4.1,4.77,512.0,160.0,6.67,2.08,18.96,273.0,110.0,3.56,1.43,24.42,7839.0,327.0,41.44,1.73,2.54,34.0,71.0,0.43,0.91,128.65,282.0,129.0,3.6,1.64,27.69,198.0,93.0,2.53,1.19,28.59,92.0,65.0,1.17,0.83,43.12,815.0,201.0,10.4,2.57,15.02,275.0,103.0,3.51,1.32,22.86,183.0,82.0,2.33,1.05,27.39,641.0,179.0,8.18,2.28,16.94,1060.0,227.0,13.52,2.89,12.99,2139.0,266.0,27.29,3.39,7.55,952.0,235.0,12.15,3.0,15.01,570.0,166.0,7.27,2.12,17.73,598.0,267.0,7.63,3.41,27.17,1279.0,261.0,16.05,3.28,12.42,573.0,176.0,7.19,2.21,18.69,760.0,195.0,9.54,2.45,15.61,546.0,163.0,6.85,2.04,18.1,986.0,216.0,12.37,2.71,13.32,1279.0,253.0,16.05,3.17,12.01,954.0,179.0,11.97,2.25,11.43,879.0,193.0,11.03,2.42,13.34,462.0,147.0,5.8,1.85,19.39,250.0,85.0,3.14,1.07,20.72,5744.0,262.0,72.08,3.29,2.77,1881.0,245.0,23.6,3.08,7.93,997.0,181.0,12.51,2.27,11.03,893.0,210.0,11.21,2.63,14.26,600.0,154.0,7.53,1.93,15.58,2231.0,285.0,28.0,3.58,7.77,17098.0,376.0,91.78,2.02,1.34,9540.0,922.0,51.21,4.95,5.88,8778.0,846.0,47.12,4.54,5.86,1532.0,376.0,8.22,2.02,14.94,9153.0,375.0,48.38,1.98,2.49,9765.0,375.0,51.62,1.98,2.33,1615.0,322.0,8.54,1.7,12.1,1383.0,305.0,7.31,1.61,13.39,1417.0,297.0,7.49,1.57,12.74,1132.0,238.0,5.98,1.26,12.81,1360.0,240.0,7.19,1.27,10.74,2305.0,342.0,12.18,1.81,9.03,2457.0,295.0,12.99,1.56,7.3,2744.0,337.0,14.5,1.78,7.46,1194.0,278.0,6.31,1.47,14.16,1064.0,216.0,5.62,1.14,12.33,1276.0,216.0,6.74,1.14,10.28,742.0,172.0,3.92,0.91,14.11,234.0,106.0,1.24,0.56,27.45,13755.0,603.0,72.71,3.19,2.67,2249.0,314.0,11.89,1.66,8.49,6187.0,666.0,32.7,3.52,6.54,8855.0,1031.0,46.81,5.45,7.08,64.0,89.0,0.34,0.47,84.03,1188.0,306.0,6.28,1.62,15.68,0.0,,0.0,,,1373.0,586.0,7.26,3.1,25.96,1250.0,921.0,6.61,4.87,44.79,4786.0,778.0,25.3,4.11,9.88,14133.0,778.0,74.71,4.11,3.34,3868.0,477.0,20.45,2.52,7.49,7828.0,1027.0,41.38,5.43,7.98,52.0,93.0,0.27,0.49,110.32,1184.0,306.0,6.26,1.62,15.73,0.0,,0.0,,,108.0,95.0,0.57,0.5,53.32,1098.0,914.0,5.8,4.83,50.62
240,Tompkinsville-Stapleton-Clifton-Fox Hills,SI0102,Tompkinsville-Stapleton-Clifton-Fox Hills,5478.0,,100,,,2354.0,242.0,42.97,4.41,6.24,4270.0,402.0,27.38,2.58,5.72,232.0,92.0,5.43,2.15,24.07,212.0,91.0,4.97,2.13,26.05,2170.0,184.0,50.82,4.3,5.14,716.0,153.0,16.77,3.59,13.01,940.0,164.0,22.02,3.85,10.63,9725.0,472.0,62.37,3.03,2.95,1393.0,349.0,14.32,3.59,15.24,1268.0,213.0,13.04,2.19,10.21,3064.0,346.0,31.5,3.56,6.87,2022.0,270.0,20.79,2.78,8.13,11406.0,837.0,73.15,5.37,4.46,413.0,125.0,3.62,1.1,18.47,14994.0,131.0,96.16,0.84,0.53,1973.0,286.0,13.16,1.91,8.82,4161.0,441.0,26.68,2.83,6.44,241.0,118.0,5.79,2.83,29.71,9597.0,264.0,61.55,1.69,1.67,1285.0,233.0,13.39,2.43,11.03,1236.0,139.0,7.93,0.89,6.84,445.0,92.0,35.99,7.43,12.55,15406.0,1129.0,98.8,7.24,4.45,14303.0,293.0,92.84,1.9,1.24,1020.0,282.0,6.62,1.83,16.8,83.0,94.0,0.54,0.61,68.67,15593.0,,100,,,10642.0,603.0,68.25,3.87,3.45,10259.0,613.0,65.79,3.93,3.63,383.0,142.0,2.46,0.91,22.49,4951.0,660.0,31.75,4.23,8.1,2183.0,353.0,44.09,7.13,9.83,2768.0,353.0,55.91,7.13,7.75,457.0,148.0,9.23,2.98,19.63,786.0,231.0,15.88,4.67,17.88,779.0,290.0,15.73,5.86,22.65,0.0,,0.0,,,2929.0,357.0,59.16,7.22,7.42,0.0,,0.0,,,14641.0,928.0,93.89,5.95,3.85,8817.0,716.0,60.22,4.89,4.94,3375.0,549.0,23.05,3.75,9.89,4141.0,691.0,28.28,4.72,10.15,11865.0,872.0,76.09,5.59,4.47,6614.0,348.0,55.75,2.93,3.19,6145.0,367.0,51.79,3.09,3.63,462.0,129.0,3.89,1.09,17.03,11.0,53.0,0.09,0.45,303.95,5251.0,348.0,44.26,2.93,4.02,,,6.99,1.92,16.97,5986.0,343.0,38.39,2.2,3.48,2122.0,275.0,35.45,4.59,7.87,355.0,141.0,5.93,2.35,24.09,2946.0,306.0,49.22,5.11,6.31,270.0,112.0,4.51,1.87,25.21,246.0,98.0,4.11,1.63,24.11,6145.0,343.0,39.41,2.2,3.39,2.0,59.0,0.03,0.96,1945.29,504.0,169.0,8.2,2.75,20.39,131.0,59.0,2.13,0.96,27.4,54.0,52.0,0.88,0.84,58.03,741.0,181.0,12.06,2.94,14.82,250.0,100.0,4.07,1.62,24.2,163.0,96.0,2.65,1.57,36.02,416.0,116.0,6.77,1.88,16.88,544.0,149.0,8.85,2.42,16.62,1889.0,262.0,30.74,4.26,8.42,770.0,239.0,12.53,3.89,18.87,433.0,159.0,7.05,2.59,22.33,244.0,88.0,3.97,1.44,22.05,1029.0,184.0,18.78,3.36,10.88,296.0,109.0,5.4,1.99,22.4,855.0,166.0,15.61,3.03,11.8,540.0,144.0,9.86,2.63,16.21,612.0,154.0,11.17,2.81,15.29,748.0,157.0,13.65,2.86,12.74,520.0,141.0,9.49,2.58,16.53,515.0,129.0,9.4,2.36,15.26,236.0,96.0,4.31,1.76,24.82,128.0,53.0,2.34,0.97,25.2,3879.0,195.0,70.81,3.56,3.06,1198.0,170.0,21.87,3.11,8.64,598.0,121.0,10.92,2.2,12.25,601.0,142.0,10.97,2.59,14.35,657.0,153.0,11.99,2.79,14.15,2183.0,227.0,39.85,4.14,6.32,12941.0,486.0,86.31,3.24,2.28,6015.0,556.0,40.11,3.71,5.62,7711.0,501.0,51.43,3.34,3.95,2054.0,486.0,13.7,3.24,14.38,7590.0,402.0,48.68,2.58,3.22,8003.0,402.0,51.32,2.58,3.06,952.0,235.0,6.11,1.51,15.02,1350.0,220.0,8.66,1.41,9.9,1232.0,207.0,7.9,1.33,10.23,1038.0,178.0,6.66,1.14,10.41,1292.0,243.0,8.29,1.56,11.44,2488.0,312.0,15.96,2.0,7.62,1983.0,282.0,12.72,1.81,8.65,1851.0,265.0,11.87,1.7,8.71,1014.0,176.0,6.5,1.13,10.57,870.0,182.0,5.58,1.17,12.75,953.0,145.0,6.11,0.93,9.25,391.0,111.0,2.51,0.71,17.2,178.0,73.0,1.14,0.47,25.06,11417.0,357.0,73.22,2.29,1.9,1527.0,193.0,9.79,1.24,7.7,5652.0,691.0,36.25,4.43,7.43,5912.0,655.0,37.91,4.2,6.73,53.0,67.0,0.34,0.43,76.88,806.0,229.0,5.17,1.47,17.28,9.0,56.0,0.06,0.36,364.74,2408.0,636.0,15.44,4.08,16.06,756.0,279.0,4.85,1.79,22.44,6326.0,664.0,40.57,4.26,6.38,9267.0,664.0,59.43,4.26,4.36,2421.0,385.0,15.53,2.47,9.67,5426.0,622.0,34.8,3.99,6.97,53.0,67.0,0.34,0.43,76.88,801.0,228.0,5.14,1.46,17.27,0.0,,0.0,,,158.0,139.0,1.01,0.89,53.57,403.0,182.0,2.58,1.17,27.57
241,Rosebank-Shore Acres-Park Hill,SI0103,Rosebank-Shore Acres-Park Hill,8788.0,,100,,,3329.0,359.0,37.88,4.09,6.56,6372.0,531.0,27.7,2.31,5.07,349.0,160.0,5.48,2.51,27.84,303.0,138.0,4.76,2.16,27.59,2700.0,305.0,42.37,4.78,6.86,1254.0,224.0,19.68,3.52,10.87,1765.0,263.0,27.7,4.12,9.04,15477.0,345.0,67.28,1.5,1.36,1116.0,260.0,7.21,1.68,14.16,1426.0,319.0,9.21,2.06,13.6,4462.0,488.0,28.83,3.15,6.64,4432.0,461.0,28.64,2.98,6.33,17545.0,934.0,76.27,4.06,3.24,525.0,140.0,2.99,0.8,16.26,22993.0,51.0,99.96,0.22,0.13,2221.0,382.0,9.66,1.66,10.45,5448.0,591.0,23.68,2.57,6.59,72.0,76.0,1.32,1.4,64.47,14582.0,407.0,63.39,1.77,1.7,1130.0,300.0,7.75,2.06,16.16,2966.0,290.0,12.89,1.26,5.94,1013.0,189.0,34.16,6.36,11.32,22711.0,587.0,98.73,2.55,1.57,21225.0,475.0,93.46,2.09,1.36,1408.0,472.0,6.2,2.08,20.39,75.0,70.0,0.33,0.31,57.11,23003.0,,100,,,15543.0,745.0,67.57,3.24,2.91,14820.0,752.0,64.43,3.27,3.09,732.0,237.0,3.18,1.03,19.69,7460.0,708.0,32.43,3.08,5.77,4756.0,417.0,63.75,5.59,5.33,2704.0,417.0,36.25,5.59,9.37,1870.0,283.0,25.07,3.8,9.21,2086.0,370.0,27.96,4.96,10.78,1242.0,474.0,16.65,6.35,23.18,0.0,,0.0,,,2262.0,459.0,30.32,6.15,12.33,0.0,,0.0,,,21644.0,1311.0,94.09,5.7,3.68,12020.0,978.0,55.54,4.52,4.95,3959.0,569.0,18.29,2.63,8.74,4423.0,868.0,20.44,4.01,11.93,18278.0,987.0,79.46,4.29,3.28,10791.0,526.0,59.04,2.88,2.97,9983.0,517.0,54.62,2.83,3.15,812.0,228.0,4.44,1.25,17.11,0.0,,0.0,,,7487.0,526.0,40.96,2.88,4.27,,,7.52,2.08,17.07,9840.0,529.0,42.78,2.3,3.27,4549.0,388.0,46.23,3.94,5.18,902.0,198.0,9.17,2.01,13.32,3927.0,402.0,39.91,4.09,6.23,216.0,115.0,2.2,1.17,32.33,137.0,74.0,1.39,0.75,32.8,9989.0,536.0,43.43,2.33,3.26,7.0,62.0,0.07,0.62,538.43,637.0,186.0,6.38,1.86,17.72,224.0,107.0,2.24,1.07,29.04,184.0,98.0,1.84,0.98,32.38,1159.0,257.0,11.6,2.57,13.47,687.0,185.0,6.88,1.85,16.35,150.0,84.0,1.5,0.84,34.04,877.0,223.0,8.78,2.23,15.44,1077.0,248.0,10.78,2.48,13.99,3030.0,390.0,30.33,3.9,7.82,1062.0,260.0,10.63,2.6,14.87,326.0,133.0,3.26,1.33,24.8,574.0,166.0,5.75,1.66,17.55,1251.0,322.0,14.24,3.66,15.62,395.0,152.0,4.49,1.73,23.42,736.0,187.0,8.38,2.13,15.45,779.0,230.0,8.86,2.62,17.98,838.0,221.0,9.54,2.52,16.06,1365.0,272.0,15.53,3.1,12.13,956.0,191.0,10.88,2.17,12.12,1515.0,267.0,17.24,3.04,10.72,472.0,125.0,5.37,1.42,16.07,475.0,157.0,5.41,1.79,20.11,6488.0,352.0,73.83,4.01,3.3,2293.0,263.0,26.09,2.99,6.97,1258.0,197.0,14.31,2.24,9.52,585.0,186.0,6.66,2.12,19.35,510.0,216.0,5.8,2.46,25.78,2140.0,298.0,24.35,3.39,8.46,20599.0,584.0,89.59,2.54,1.72,13891.0,961.0,60.41,4.18,4.21,8224.0,947.0,35.77,4.12,7.0,2394.0,584.0,10.41,2.54,14.83,10949.0,414.0,47.6,1.8,2.3,12054.0,414.0,52.4,1.8,2.09,1359.0,324.0,5.91,1.41,14.5,1923.0,315.0,8.36,1.37,9.96,1279.0,242.0,5.56,1.05,11.48,1488.0,306.0,6.47,1.33,12.5,1476.0,283.0,6.42,1.23,11.65,3708.0,488.0,16.12,2.12,7.99,3111.0,380.0,13.52,1.65,7.42,2968.0,368.0,12.9,1.6,7.54,1134.0,212.0,4.93,0.92,11.34,1596.0,288.0,6.94,1.25,10.95,1652.0,216.0,7.18,0.94,7.96,861.0,193.0,3.74,0.84,13.65,451.0,175.0,1.96,0.76,23.57,17545.0,492.0,76.27,2.14,1.71,2966.0,336.0,12.89,1.46,6.89,12410.0,899.0,53.95,3.91,4.41,5088.0,812.0,22.12,3.53,9.7,204.0,198.0,0.89,0.86,58.74,2769.0,426.0,12.04,1.85,9.34,18.0,60.0,0.08,0.26,197.57,1550.0,685.0,6.74,2.98,26.88,962.0,377.0,4.18,1.64,23.85,6669.0,1010.0,28.99,4.39,9.21,16334.0,1010.0,71.01,4.39,3.76,8087.0,621.0,35.16,2.7,4.67,4812.0,800.0,20.92,3.48,10.11,139.0,189.0,0.6,0.82,83.08,2749.0,421.0,11.95,1.83,9.31,0.0,,0.0,,,26.0,62.0,0.11,0.27,149.21,518.0,313.0,2.25,1.36,36.74
242,West New Brighton-Silver Lake-Grymes Hill,SI0104,West New Brighton-Silver Lake-Grymes Hill,13316.0,,100,,,4863.0,294.0,36.52,2.21,3.68,10556.0,631.0,29.13,1.74,3.63,759.0,160.0,7.19,1.52,12.85,487.0,126.0,4.61,1.19,15.69,3694.0,306.0,35.0,2.9,5.04,1763.0,252.0,16.7,2.39,8.7,3854.0,326.0,36.51,3.09,5.14,23566.0,982.0,65.03,2.71,2.53,1596.0,304.0,6.77,1.29,11.58,1237.0,205.0,5.25,0.87,10.07,6246.0,467.0,26.5,1.98,4.54,8383.0,488.0,35.57,2.07,3.54,27506.0,949.0,75.9,2.62,2.1,1271.0,179.0,4.62,0.65,8.55,35651.0,272.0,98.38,0.75,0.46,2953.0,292.0,8.28,0.82,6.02,8710.0,554.0,24.04,1.53,3.87,108.0,80.0,1.24,0.92,45.1,22833.0,605.0,63.01,1.67,1.61,1740.0,226.0,7.62,0.99,7.9,4104.0,283.0,11.33,0.78,4.19,1104.0,148.0,26.9,3.6,8.14,35781.0,1040.0,98.74,2.87,1.77,32835.0,508.0,91.77,1.42,0.94,2639.0,472.0,7.38,1.32,10.87,305.0,211.0,0.85,0.59,42.2,36238.0,,100,,,28717.0,678.0,79.25,1.87,1.43,27946.0,674.0,77.12,1.86,1.47,772.0,170.0,2.13,0.47,13.41,7521.0,681.0,20.75,1.88,5.5,4067.0,366.0,54.07,4.86,5.46,3454.0,366.0,45.92,4.86,6.43,1568.0,292.0,20.85,3.88,11.31,1605.0,299.0,21.34,3.98,11.34,935.0,243.0,12.43,3.23,15.8,12.0,93.0,0.16,1.24,471.12,3323.0,381.0,44.18,5.07,6.98,78.0,114.0,1.04,1.51,88.26,33664.0,1036.0,92.9,2.86,1.87,23679.0,889.0,70.34,2.64,2.28,3451.0,481.0,10.25,1.43,8.48,5524.0,754.0,16.41,2.24,8.3,28405.0,714.0,78.38,1.97,1.53,16804.0,557.0,59.16,1.96,2.01,15464.0,554.0,54.44,1.95,2.18,1332.0,219.0,4.69,0.77,9.98,11.0,97.0,0.04,0.34,516.72,11601.0,557.0,40.84,1.96,2.92,,,7.93,1.28,9.99,15268.0,554.0,42.13,1.53,2.21,7928.0,435.0,51.93,2.85,3.34,1041.0,209.0,6.82,1.37,12.21,5228.0,394.0,34.24,2.58,4.58,569.0,128.0,3.73,0.84,13.69,467.0,137.0,3.06,0.9,17.88,15468.0,551.0,42.68,1.52,2.17,21.0,93.0,0.14,0.6,260.53,1245.0,303.0,8.05,1.96,14.8,405.0,127.0,2.62,0.82,19.03,223.0,102.0,1.44,0.66,27.86,1194.0,206.0,7.72,1.33,10.47,936.0,192.0,6.05,1.24,12.46,469.0,145.0,3.03,0.94,18.86,1376.0,218.0,8.9,1.41,9.63,1543.0,226.0,9.98,1.46,8.89,5101.0,381.0,32.98,2.46,4.53,1172.0,218.0,7.58,1.41,11.31,538.0,147.0,3.48,0.95,16.6,1244.0,212.0,8.04,1.37,10.36,1223.0,209.0,9.18,1.57,10.4,399.0,117.0,3.0,0.88,17.83,1075.0,204.0,8.07,1.53,11.53,1020.0,216.0,7.66,1.62,12.86,1355.0,228.0,10.18,1.71,10.21,1983.0,253.0,14.89,1.9,7.76,1480.0,224.0,11.11,1.68,9.19,2477.0,245.0,18.6,1.84,6.01,1239.0,196.0,9.3,1.47,9.61,1068.0,186.0,8.02,1.4,10.61,10442.0,272.0,78.42,2.04,1.58,3520.0,273.0,26.43,2.05,4.72,2373.0,216.0,17.82,1.62,5.53,658.0,153.0,4.94,1.15,14.15,394.0,120.0,2.96,0.9,18.48,1976.0,228.0,14.84,1.71,7.0,32611.0,474.0,91.47,1.33,0.88,24376.0,930.0,68.37,2.61,2.32,11423.0,802.0,32.04,2.25,4.27,3040.0,474.0,8.53,1.33,9.48,17885.0,525.0,49.35,1.45,1.79,18353.0,525.0,50.65,1.45,1.74,2574.0,323.0,7.1,0.89,7.62,2084.0,268.0,5.75,0.74,7.82,2682.0,312.0,7.4,0.86,7.06,2738.0,381.0,7.56,1.05,8.44,2604.0,362.0,7.19,1.0,8.45,4443.0,449.0,12.26,1.24,6.15,4811.0,409.0,13.28,1.13,5.17,5022.0,457.0,13.86,1.26,5.53,2514.0,294.0,6.94,0.81,7.1,2361.0,268.0,6.52,0.74,6.9,2551.0,279.0,7.04,0.77,6.65,1292.0,188.0,3.57,0.52,8.85,578.0,127.0,1.6,0.35,13.3,27518.0,475.0,75.94,1.31,1.05,4424.0,352.0,12.21,0.97,4.83,24629.0,964.0,67.96,2.66,2.38,6183.0,696.0,17.06,1.92,6.84,39.0,105.0,0.11,0.29,160.27,1918.0,406.0,5.29,1.12,12.87,0.0,,0.0,,,2295.0,710.0,6.33,1.96,18.82,1170.0,312.0,3.23,0.86,16.19,9684.0,910.0,26.72,2.51,5.71,26555.0,910.0,73.28,2.51,2.08,18213.0,873.0,50.26,2.41,2.91,5718.0,660.0,15.78,1.82,7.01,35.0,112.0,0.1,0.31,188.45,1885.0,406.0,5.2,1.12,13.09,0.0,,0.0,,,14.0,98.0,0.04,0.27,410.33,688.0,232.0,1.9,0.64,20.48
243,Westerleigh-Castleton Corners,SI0105,Westerleigh-Castleton Corners,11706.0,,100,,,3672.0,310.0,31.37,2.65,5.14,7467.0,564.0,24.62,1.86,4.59,596.0,154.0,7.98,2.06,15.69,484.0,138.0,6.48,1.85,17.36,2344.0,275.0,31.39,3.68,7.13,1502.0,217.0,20.12,2.9,8.76,2543.0,254.0,34.06,3.4,6.07,21302.0,901.0,70.23,2.97,2.57,471.0,145.0,2.21,0.68,18.7,986.0,213.0,4.63,1.0,13.13,6754.0,590.0,31.71,2.77,5.31,7379.0,567.0,34.64,2.66,4.67,24315.0,998.0,80.16,3.29,2.5,1602.0,243.0,6.59,1.0,9.22,30321.0,6.0,99.96,0.02,0.01,3511.0,449.0,11.58,1.48,7.77,6010.0,446.0,19.81,1.47,4.51,289.0,168.0,4.81,2.8,35.39,19303.0,504.0,63.64,1.66,1.59,1767.0,322.0,9.15,1.67,11.1,5011.0,303.0,16.52,1.0,3.68,1456.0,224.0,29.06,4.48,9.37,30022.0,1253.0,98.98,4.13,2.54,28222.0,492.0,94.0,1.64,1.06,1791.0,489.0,5.97,1.63,16.6,9.0,81.0,0.03,0.27,547.11,30332.0,,100,,,26027.0,673.0,85.81,2.22,1.57,25716.0,670.0,84.78,2.21,1.58,316.0,106.0,1.04,0.35,20.46,4305.0,682.0,14.19,2.25,9.63,2976.0,293.0,69.12,6.8,5.98,1330.0,293.0,30.89,6.8,13.38,1332.0,298.0,30.94,6.91,13.58,1823.0,312.0,42.34,7.24,10.39,278.0,193.0,6.46,4.48,42.16,0.0,,0.0,,,814.0,240.0,18.91,5.57,17.91,59.0,77.0,1.37,1.8,79.87,28561.0,904.0,94.16,2.98,1.92,22729.0,760.0,79.58,2.66,2.03,1323.0,274.0,4.63,0.96,12.6,1876.0,523.0,6.57,1.83,16.93,25070.0,983.0,82.65,3.24,2.38,14909.0,592.0,59.47,2.36,2.41,13979.0,609.0,55.76,2.43,2.65,926.0,226.0,3.69,0.9,14.83,0.0,,0.0,,,10161.0,592.0,40.53,2.36,3.54,,,6.21,1.5,14.84,13825.0,628.0,45.58,2.07,2.76,8517.0,476.0,61.61,3.44,3.39,1112.0,252.0,8.04,1.82,13.76,3698.0,435.0,26.75,3.15,7.16,282.0,123.0,2.04,0.89,26.52,152.0,64.0,1.1,0.46,25.42,13985.0,625.0,46.11,2.06,2.72,11.0,74.0,0.08,0.53,402.74,644.0,186.0,4.6,1.33,17.58,294.0,127.0,2.1,0.91,26.34,97.0,64.0,0.69,0.46,40.53,1609.0,333.0,11.51,2.38,12.57,1074.0,217.0,7.68,1.55,12.27,364.0,129.0,2.6,0.92,21.51,1382.0,257.0,9.88,1.84,11.32,1836.0,257.0,13.13,1.84,8.52,3888.0,368.0,27.8,2.63,5.75,1041.0,291.0,7.44,2.08,17.0,562.0,162.0,4.02,1.16,17.54,1186.0,246.0,8.48,1.76,12.62,880.0,253.0,7.52,2.16,17.46,243.0,110.0,2.08,0.94,27.47,814.0,204.0,6.95,1.74,15.22,525.0,149.0,4.48,1.27,17.23,1112.0,218.0,9.5,1.86,11.9,1645.0,277.0,14.05,2.37,10.25,1741.0,282.0,14.87,2.41,9.85,2349.0,299.0,20.07,2.55,7.72,1203.0,235.0,10.28,2.01,11.89,1195.0,215.0,10.21,1.84,10.96,8634.0,327.0,73.76,2.79,2.3,4339.0,332.0,37.07,2.84,4.66,3255.0,300.0,27.81,2.56,5.6,481.0,149.0,4.11,1.27,18.78,120.0,100.0,1.03,0.85,50.17,810.0,228.0,6.92,1.95,17.13,28916.0,346.0,95.36,1.14,0.73,23899.0,713.0,78.82,2.35,1.81,8881.0,661.0,29.29,2.18,4.52,1405.0,346.0,4.63,1.14,14.97,15043.0,406.0,49.59,1.34,1.64,15289.0,406.0,50.41,1.34,1.62,1771.0,303.0,5.84,1.0,10.41,1673.0,297.0,5.52,0.98,10.79,1556.0,264.0,5.13,0.87,10.31,1674.0,255.0,5.52,0.84,9.25,2367.0,364.0,7.8,1.2,9.35,3689.0,513.0,12.16,1.69,8.45,3960.0,373.0,13.06,1.23,5.73,4653.0,422.0,15.34,1.39,5.51,1885.0,279.0,6.21,0.92,9.01,2109.0,273.0,6.95,0.9,7.87,2747.0,282.0,9.06,0.93,6.24,1437.0,282.0,4.74,0.93,11.93,824.0,206.0,2.72,0.68,15.2,24315.0,394.0,80.16,1.3,0.99,5011.0,379.0,16.52,1.25,4.6,25596.0,792.0,84.39,2.61,1.88,1022.0,361.0,3.37,1.19,21.47,0.0,,0.0,,,2155.0,491.0,7.1,1.62,13.87,0.0,,0.0,,,651.0,413.0,2.15,1.36,38.45,899.0,261.0,2.96,0.86,17.66,4421.0,780.0,14.58,2.57,10.72,25911.0,780.0,85.42,2.57,1.83,22269.0,925.0,73.42,3.05,2.53,888.0,325.0,2.93,1.07,22.2,0.0,,0.0,,,2001.0,473.0,6.6,1.56,14.37,0.0,,0.0,,,291.0,391.0,0.96,1.29,81.69,466.0,194.0,1.54,0.64,25.26
244,Port Richmond,SI0106,Port Richmond,6593.0,,100,,,2617.0,237.0,39.69,3.59,5.5,4972.0,407.0,27.13,2.22,4.98,175.0,71.0,3.52,1.43,24.7,239.0,103.0,4.81,2.08,26.29,1996.0,259.0,40.14,5.2,7.88,1163.0,204.0,23.39,4.11,10.68,1401.0,233.0,28.18,4.68,10.1,11872.0,836.0,64.78,4.56,4.28,787.0,248.0,6.63,2.09,19.16,1311.0,260.0,11.04,2.19,12.06,4265.0,381.0,35.92,3.21,5.43,2319.0,283.0,19.53,2.38,7.41,13773.0,872.0,75.16,4.76,3.85,804.0,161.0,5.84,1.17,12.18,18266.0,872.0,99.67,4.76,2.9,1855.0,298.0,10.16,1.63,9.75,4541.0,471.0,24.78,2.57,6.31,132.0,111.0,2.91,2.44,50.97,12003.0,396.0,65.5,2.16,2.01,1170.0,220.0,9.75,1.83,11.41,1718.0,161.0,9.37,0.88,5.7,551.0,88.0,32.07,5.1,9.67,18076.0,1199.0,98.64,6.54,4.03,17243.0,244.0,95.39,1.35,0.86,788.0,237.0,4.36,1.31,18.26,40.0,76.0,0.22,0.42,116.05,18326.0,,100,,,12907.0,579.0,70.43,3.16,2.73,12229.0,561.0,66.73,3.06,2.79,678.0,202.0,3.7,1.1,18.07,5419.0,634.0,29.57,3.46,7.11,2212.0,318.0,40.82,5.87,8.74,3207.0,318.0,59.18,5.87,6.03,341.0,124.0,6.29,2.28,22.04,1011.0,279.0,18.66,5.14,16.75,699.0,234.0,12.9,4.31,20.31,0.0,,0.0,,,3343.0,341.0,61.69,6.29,6.2,24.0,47.0,0.44,0.87,120.2,17127.0,1177.0,93.46,6.42,4.18,9188.0,678.0,53.65,3.96,4.49,2907.0,488.0,16.97,2.85,10.21,5969.0,678.0,34.85,3.96,6.91,14242.0,1059.0,77.71,5.78,4.52,7842.0,373.0,55.06,2.62,2.89,7412.0,382.0,52.04,2.68,3.13,432.0,114.0,3.03,0.8,16.05,0.0,,0.0,,,6401.0,373.0,44.94,2.62,3.54,,,5.51,1.43,16.04,7303.0,352.0,39.85,1.92,2.93,3389.0,308.0,46.4,4.22,5.53,442.0,109.0,6.05,1.49,14.97,2651.0,324.0,36.3,4.43,7.42,373.0,125.0,5.11,1.71,20.34,176.0,114.0,2.41,1.56,39.35,7414.0,348.0,40.46,1.9,2.85,0.0,,0.0,,,919.0,238.0,12.4,3.21,15.74,180.0,73.0,2.43,0.99,24.77,97.0,58.0,1.31,0.78,36.2,971.0,199.0,13.1,2.68,12.44,598.0,146.0,8.07,1.97,14.84,159.0,67.0,2.14,0.91,25.85,351.0,115.0,4.73,1.55,19.92,737.0,161.0,9.94,2.17,13.27,1939.0,252.0,26.15,3.4,7.9,550.0,136.0,7.42,1.83,14.99,512.0,130.0,6.91,1.76,15.48,402.0,105.0,5.42,1.42,15.93,1085.0,218.0,16.46,3.3,12.19,242.0,101.0,3.67,1.53,25.34,657.0,151.0,9.97,2.29,13.96,792.0,200.0,12.01,3.03,15.34,602.0,147.0,9.13,2.23,14.85,1025.0,181.0,15.55,2.75,10.75,683.0,155.0,10.36,2.35,13.79,794.0,157.0,12.04,2.38,12.02,569.0,133.0,8.63,2.02,14.23,143.0,57.0,2.17,0.86,24.09,4816.0,225.0,73.05,3.42,2.85,1574.0,195.0,23.87,2.96,7.54,983.0,158.0,14.91,2.39,9.74,387.0,103.0,5.87,1.56,16.16,573.0,167.0,8.69,2.53,17.7,1747.0,235.0,26.5,3.57,8.19,15502.0,484.0,84.87,2.65,1.9,9616.0,747.0,52.65,4.09,4.72,7294.0,557.0,39.93,3.05,4.64,2764.0,484.0,15.13,2.65,10.65,9269.0,345.0,50.58,1.88,2.26,9057.0,345.0,49.42,1.88,2.31,1199.0,216.0,6.54,1.18,10.97,1418.0,255.0,7.74,1.39,10.92,1208.0,213.0,6.59,1.16,10.7,1327.0,222.0,7.24,1.21,10.16,1295.0,236.0,7.07,1.29,11.09,3453.0,418.0,18.84,2.28,7.36,2227.0,279.0,12.15,1.52,7.61,2398.0,286.0,13.09,1.56,7.24,1188.0,189.0,6.48,1.03,9.66,875.0,176.0,4.77,0.96,12.23,975.0,170.0,5.32,0.93,10.63,566.0,114.0,3.09,0.62,12.2,181.0,79.0,0.99,0.43,26.4,13773.0,385.0,75.16,2.1,1.7,1718.0,218.0,9.37,1.19,7.72,9408.0,748.0,51.34,4.08,4.83,4638.0,607.0,25.31,3.31,7.95,67.0,108.0,0.37,0.59,96.94,1359.0,416.0,7.42,2.27,18.6,3.0,59.0,0.02,0.32,972.64,2013.0,605.0,10.98,3.3,18.27,832.0,227.0,4.54,1.24,16.6,8326.0,715.0,45.43,3.9,5.22,10000.0,715.0,54.57,3.9,4.34,3665.0,462.0,20.0,2.52,7.66,4356.0,603.0,23.77,3.29,8.41,14.0,64.0,0.08,0.35,265.96,1297.0,412.0,7.08,2.25,19.32,3.0,59.0,0.02,0.32,972.64,265.0,266.0,1.45,1.45,60.79,386.0,158.0,2.11,0.86,24.78
245,Mariner's Harbor-Arlington-Graniteville,SI0107,Mariner's Harbor-Arlington-Graniteville,10248.0,,100,,,4705.0,298.0,45.91,2.91,3.85,9030.0,563.0,30.14,1.88,3.79,433.0,166.0,4.8,1.84,23.3,413.0,134.0,4.57,1.48,19.69,3461.0,319.0,38.33,3.53,5.6,2088.0,258.0,23.12,2.86,7.52,2635.0,306.0,29.18,3.39,7.06,18725.0,905.0,62.51,3.02,2.94,993.0,219.0,5.3,1.17,13.42,2290.0,378.0,12.23,2.02,10.04,5419.0,425.0,28.94,2.27,4.77,4775.0,403.0,25.5,2.15,5.13,22171.0,1171.0,74.01,3.91,3.21,1249.0,222.0,5.63,1.0,10.8,29909.0,78.0,99.84,0.26,0.16,2740.0,350.0,9.16,1.17,7.76,7750.0,548.0,25.87,1.83,4.3,138.0,79.0,1.78,1.02,34.83,19201.0,644.0,64.1,2.15,2.04,1481.0,261.0,7.71,1.36,10.72,2958.0,270.0,9.87,0.9,5.55,1114.0,138.0,37.67,4.66,7.52,29647.0,1582.0,98.97,5.28,3.24,27706.0,557.0,93.45,1.88,1.22,1782.0,540.0,6.01,1.82,18.41,172.0,86.0,0.58,0.29,30.4,29956.0,,100,,,21841.0,617.0,72.91,2.06,1.72,20471.0,641.0,68.34,2.14,1.9,1372.0,249.0,4.58,0.83,11.02,8115.0,620.0,27.09,2.07,4.64,4751.0,355.0,58.54,4.38,4.55,3364.0,355.0,41.45,4.38,6.42,610.0,221.0,7.52,2.72,21.99,2620.0,384.0,32.28,4.73,8.91,1494.0,306.0,18.41,3.77,12.45,0.0,,0.0,,,3382.0,402.0,41.67,4.95,7.22,9.0,79.0,0.11,0.97,536.06,28081.0,1372.0,93.74,4.58,2.97,15688.0,862.0,55.87,3.07,3.34,3478.0,441.0,12.39,1.57,7.7,7077.0,769.0,25.2,2.74,6.61,23260.0,1243.0,77.65,4.15,3.25,13005.0,507.0,55.91,2.18,2.37,12256.0,516.0,52.69,2.22,2.56,741.0,151.0,3.19,0.65,12.39,8.0,79.0,0.03,0.34,688.96,10255.0,507.0,44.09,2.18,3.01,,,5.7,1.14,12.39,12106.0,497.0,40.41,1.66,2.5,6106.0,429.0,50.44,3.54,4.27,907.0,223.0,7.49,1.84,14.93,4605.0,407.0,38.04,3.36,5.37,307.0,114.0,2.54,0.94,22.5,111.0,79.0,0.92,0.65,42.95,12248.0,503.0,40.89,1.68,2.5,0.0,,0.0,,,734.0,189.0,5.99,1.54,15.63,317.0,111.0,2.59,0.91,21.36,161.0,94.0,1.31,0.77,35.73,1211.0,225.0,9.89,1.84,11.31,1046.0,190.0,8.54,1.55,11.03,311.0,122.0,2.54,1.0,23.93,969.0,194.0,7.91,1.58,12.14,1094.0,208.0,8.93,1.7,11.57,3588.0,320.0,29.3,2.61,5.42,1094.0,207.0,8.93,1.69,11.5,717.0,191.0,5.85,1.56,16.21,1013.0,220.0,8.27,1.8,13.23,1825.0,260.0,17.81,2.54,8.67,441.0,138.0,4.3,1.35,19.09,736.0,169.0,7.18,1.65,13.97,669.0,156.0,6.53,1.52,14.15,912.0,182.0,8.9,1.78,12.16,1651.0,235.0,16.11,2.29,8.64,1484.0,232.0,14.48,2.26,9.49,1631.0,250.0,15.92,2.44,9.32,601.0,139.0,5.86,1.36,14.11,302.0,107.0,2.95,1.04,21.43,7568.0,260.0,73.85,2.54,2.09,1957.0,216.0,19.1,2.11,6.72,1323.0,205.0,12.91,2.0,9.42,602.0,156.0,5.87,1.52,15.74,859.0,191.0,8.38,1.86,13.49,2290.0,233.0,22.35,2.27,6.17,27058.0,488.0,90.47,1.63,1.1,18001.0,840.0,60.19,2.81,2.84,10912.0,769.0,36.48,2.57,4.28,2852.0,488.0,9.54,1.63,10.39,14218.0,461.0,47.46,1.54,1.97,15738.0,461.0,52.54,1.54,1.78,1875.0,306.0,6.26,1.02,9.91,2073.0,297.0,6.92,0.99,8.7,2235.0,282.0,7.46,0.94,7.66,2426.0,347.0,8.1,1.16,8.71,2613.0,341.0,8.72,1.14,7.95,4506.0,479.0,15.04,1.6,6.47,3710.0,374.0,12.38,1.25,6.14,4380.0,392.0,14.62,1.31,5.45,1891.0,270.0,6.31,0.9,8.67,1298.0,198.0,4.33,0.66,9.27,1949.0,264.0,6.51,0.88,8.22,762.0,177.0,2.54,0.59,14.12,240.0,90.0,0.8,0.3,22.8,22181.0,434.0,74.05,1.45,1.19,2958.0,327.0,9.87,1.09,6.71,13379.0,965.0,44.66,3.22,4.38,9793.0,779.0,32.69,2.6,4.83,68.0,93.0,0.23,0.31,81.93,3042.0,512.0,10.15,1.71,10.24,0.0,,0.0,,,2763.0,662.0,9.22,2.21,14.57,898.0,300.0,3.0,1.0,20.26,10373.0,815.0,34.63,2.72,4.77,19583.0,815.0,65.37,2.72,2.53,6909.0,695.0,23.06,2.32,6.12,9050.0,719.0,30.21,2.4,4.83,0.0,,0.0,,,3039.0,512.0,10.14,1.71,10.25,0.0,,0.0,,,111.0,114.0,0.37,0.38,62.43,467.0,234.0,1.56,0.78,30.4
246,Snug Harbor,SI0191,Snug Harbor,1.0,,100,,,0.0,,0.0,,,1.0,0.0,40.0,7.99,0.0,0.0,,0.0,,,0.0,,0.0,,,0.0,,0.0,,,0.0,,0.0,,,0.0,,0.0,,,2.0,0.0,79.99,10.69,0.0,0.0,,0.0,,,0.0,,0.0,,,1.0,0.0,57.88,6.5,6.83,1.0,0.0,57.88,5.8,6.09,2.0,0.0,79.99,12.82,0.0,0.0,,0.0,,,2.0,0.0,79.99,17.07,0.0,0.0,,0.0,,,1.0,0.0,40.0,8.79,0.0,0.0,,0.0,,,1.0,0.0,40.0,1.88,0.0,0.0,,0.0,,,0.0,,0.0,,,0.0,,0.0,,,2.0,0.0,79.99,18.09,0.0,2.0,0.0,80.64,2.8,2.11,0.0,,0.0,,,0.0,,0.0,,,3.0,,100,,,2.0,0.0,79.99,4.8,3.65,2.0,0.0,79.99,4.8,3.65,0.0,,0.0,,,0.0,,0.0,,,0.0,,0.0,,,0.0,,0.0,,,0.0,,0.0,,,0.0,,0.0,,,0.0,,0.0,,,0.0,,0.0,,,0.0,,0.0,,,0.0,,0.0,,,2.0,0.0,79.99,16.95,0.0,2.0,0.0,85.64,6.5,4.61,0.0,,0.0,,,0.0,,0.0,,,2.0,0.0,79.99,13.35,0.0,1.0,0.0,50.37,6.1,7.36,1.0,0.0,50.37,5.9,7.12,0.0,,0.0,,,0.0,,0.0,,,1.0,0.0,50.37,6.1,7.36,,,0.0,,,1.0,0.0,40.0,2.01,0.0,0.0,,0.0,,,0.0,,0.0,,,0.0,,0.0,,,0.0,,0.0,,,0.0,,0.0,,,1.0,0.0,40.0,1.92,0.0,0.0,,0.0,,,0.0,,0.0,,,0.0,,0.0,,,0.0,,0.0,,,0.0,,0.0,,,0.0,,0.0,,,0.0,,0.0,,,0.0,,0.0,,,0.0,,0.0,,,0.0,,0.0,,,0.0,,0.0,,,0.0,,0.0,,,0.0,,0.0,,,0.0,,0.0,,,0.0,,0.0,,,0.0,,0.0,,,0.0,,0.0,,,0.0,,0.0,,,0.0,,0.0,,,0.0,,0.0,,,0.0,,0.0,,,0.0,,0.0,,,0.0,,0.0,,,1.0,0.0,100.0,6.0,3.65,0.0,,0.0,,,0.0,,0.0,,,0.0,,0.0,,,0.0,,0.0,,,0.0,,0.0,,,2.0,0.0,85.64,2.3,1.63,1.0,0.0,42.82,9.7,13.77,1.0,0.0,42.82,8.9,12.64,0.0,,0.0,,,1.0,0.0,40.0,4.0,6.08,1.0,0.0,40.0,4.0,6.08,0.0,,0.0,,,0.0,,0.0,,,0.0,,0.0,,,0.0,,0.0,,,0.0,,0.0,,,0.0,,0.0,,,0.0,,0.0,,,0.0,,0.0,,,0.0,,0.0,,,0.0,,0.0,,,0.0,,0.0,,,0.0,,0.0,,,0.0,,0.0,,,2.0,0.0,79.99,7.2,5.47,1.0,0.0,40.0,3.9,5.93,1.0,0.0,40.0,7.7,11.7,1.0,0.0,40.0,8.1,12.31,0.0,,0.0,,,0.0,,0.0,,,0.0,,0.0,,,0.0,,0.0,,,0.0,,0.0,,,1.0,0.0,40.0,8.8,13.37,2.0,0.0,79.99,8.8,6.69,1.0,0.0,40.0,6.7,10.18,1.0,0.0,40.0,8.4,12.77,0.0,,0.0,,,0.0,,0.0,,,0.0,,0.0,,,0.0,,0.0,,,0.0,,0.0,,
247,Grasmere-Arrochar-South Beach-Dongan Hills,SI0201,Grasmere-Arrochar-South Beach-Dongan Hills,12861.0,,100,,,4351.0,318.0,33.83,2.47,4.44,8347.0,688.0,24.27,2.0,5.01,529.0,177.0,6.34,2.12,20.33,355.0,138.0,4.25,1.65,23.6,3042.0,316.0,36.45,3.78,6.3,1861.0,265.0,22.3,3.18,8.67,2562.0,284.0,30.69,3.4,6.73,24151.0,774.0,70.22,2.25,1.95,1355.0,261.0,5.61,1.08,11.7,1691.0,268.0,7.0,1.11,9.64,7742.0,548.0,32.06,2.27,4.3,7699.0,539.0,31.88,2.23,4.25,27537.0,1297.0,80.07,3.77,2.86,1142.0,182.0,4.15,0.66,9.67,33762.0,512.0,98.17,1.49,0.92,4099.0,415.0,12.14,1.23,6.16,6821.0,574.0,19.83,1.67,5.12,199.0,97.0,2.92,1.42,29.56,22065.0,643.0,64.16,1.87,1.77,2317.0,322.0,10.5,1.46,8.45,4880.0,320.0,14.19,0.93,3.99,1589.0,193.0,32.56,3.96,7.39,33947.0,1699.0,98.7,4.94,3.04,32159.0,373.0,94.73,1.1,0.71,1634.0,370.0,4.81,1.09,13.78,158.0,81.0,0.47,0.24,31.04,34393.0,,100,,,23652.0,777.0,68.77,2.26,2.0,22888.0,781.0,66.55,2.27,2.07,765.0,206.0,2.22,0.6,16.43,10741.0,819.0,31.23,2.38,4.64,7552.0,425.0,70.31,3.96,3.42,3189.0,425.0,29.69,3.96,8.11,5633.0,493.0,52.45,4.59,5.32,2722.0,381.0,25.34,3.55,8.52,613.0,374.0,5.71,3.48,37.05,0.0,,0.0,,,1748.0,320.0,16.27,2.98,11.13,24.0,62.0,0.22,0.58,160.27,32530.0,843.0,94.58,2.45,1.58,18094.0,1021.0,55.62,3.14,3.43,5284.0,592.0,16.24,1.82,6.81,3273.0,638.0,10.06,1.96,11.84,28314.0,1383.0,82.32,4.02,2.97,15813.0,535.0,55.85,1.89,2.06,14723.0,555.0,52.0,1.96,2.29,1074.0,204.0,3.79,0.72,11.55,9.0,82.0,0.03,0.29,587.64,12500.0,535.0,44.15,1.89,2.6,,,6.79,1.27,11.55,14519.0,550.0,42.21,1.6,2.3,7303.0,454.0,50.3,3.13,3.78,729.0,174.0,5.02,1.2,14.53,5338.0,459.0,36.77,3.16,5.22,441.0,176.0,3.04,1.21,24.2,572.0,167.0,3.94,1.15,17.74,14729.0,540.0,42.83,1.57,2.23,0.0,,0.0,,,973.0,219.0,6.61,1.49,13.7,539.0,191.0,3.66,1.3,21.59,216.0,84.0,1.47,0.57,23.57,1352.0,267.0,9.18,1.81,11.99,908.0,194.0,6.16,1.32,13.03,452.0,146.0,3.07,0.99,19.6,1937.0,298.0,13.15,2.02,9.34,1690.0,278.0,11.47,1.89,10.02,4056.0,346.0,27.54,2.35,5.19,1219.0,227.0,8.28,1.54,11.31,657.0,190.0,4.46,1.29,17.58,734.0,174.0,4.98,1.18,14.4,1245.0,221.0,9.68,1.72,10.8,674.0,175.0,5.24,1.36,15.78,1038.0,229.0,8.07,1.78,13.41,986.0,222.0,7.67,1.73,13.71,1254.0,213.0,9.75,1.66,10.35,1915.0,283.0,14.89,2.2,8.98,1601.0,271.0,12.45,2.11,10.3,2435.0,286.0,18.93,2.22,7.13,1007.0,195.0,7.83,1.52,11.8,706.0,186.0,5.49,1.45,16.06,9684.0,311.0,75.3,2.42,1.95,4101.0,334.0,31.89,2.6,4.96,2610.0,287.0,20.29,2.23,6.68,1162.0,222.0,9.04,1.73,11.63,596.0,136.0,4.63,1.06,13.92,1999.0,268.0,15.54,2.08,8.14,31267.0,483.0,92.61,1.43,0.94,22492.0,949.0,66.62,2.81,2.56,12250.0,885.0,36.28,2.62,4.39,2495.0,483.0,7.39,1.43,11.76,16013.0,451.0,46.56,1.31,1.71,18380.0,451.0,53.44,1.31,1.49,1863.0,330.0,5.42,0.96,10.77,1948.0,313.0,5.66,0.91,9.77,1774.0,334.0,5.16,0.97,11.43,2005.0,292.0,5.83,0.85,8.86,2640.0,365.0,7.68,1.06,8.39,4563.0,464.0,13.27,1.35,6.18,4335.0,413.0,12.6,1.2,5.79,5059.0,413.0,14.71,1.2,4.96,2509.0,320.0,7.3,0.93,7.74,2479.0,299.0,7.21,0.87,7.34,2635.0,310.0,7.66,0.9,7.14,1712.0,272.0,4.98,0.79,9.64,842.0,162.0,2.45,0.47,11.66,27547.0,506.0,80.09,1.47,1.12,5196.0,406.0,15.11,1.18,4.75,26097.0,860.0,75.88,2.5,2.0,2282.0,612.0,6.64,1.78,16.3,313.0,340.0,0.91,0.99,66.13,3673.0,526.0,10.68,1.53,8.71,0.0,,0.0,,,1363.0,567.0,3.96,1.65,25.33,663.0,255.0,1.93,0.74,23.31,5473.0,739.0,15.91,2.15,8.21,28920.0,739.0,84.09,2.15,1.55,22634.0,853.0,65.81,2.48,2.29,1989.0,602.0,5.78,1.75,18.41,45.0,113.0,0.13,0.33,154.31,3558.0,512.0,10.35,1.49,8.75,0.0,,0.0,,,161.0,107.0,0.47,0.31,40.1,537.0,230.0,1.56,0.67,26.11
248,New Dorp-Midland Beach,SI0202,New Dorp-Midland Beach,10677.0,,100,,,3846.0,340.0,36.02,3.18,5.37,6753.0,563.0,24.82,2.07,5.07,323.0,138.0,4.78,2.04,25.94,440.0,166.0,6.52,2.46,22.94,2608.0,298.0,38.62,4.42,6.96,1395.0,246.0,20.66,3.64,10.71,1986.0,322.0,29.41,4.77,9.86,19167.0,1091.0,70.46,4.01,3.46,690.0,220.0,3.6,1.15,19.42,1219.0,318.0,6.36,1.66,15.87,6452.0,508.0,33.66,2.65,4.79,5808.0,479.0,30.3,2.5,5.02,21191.0,1265.0,77.9,4.65,3.63,779.0,148.0,3.68,0.7,11.56,27169.0,849.0,99.87,3.12,1.9,3107.0,429.0,11.44,1.58,8.4,5983.0,536.0,21.99,1.97,5.45,295.0,124.0,4.93,2.07,25.52,17261.0,484.0,63.45,1.78,1.7,1447.0,255.0,8.38,1.48,10.74,3934.0,318.0,14.46,1.17,4.91,1369.0,219.0,34.8,5.57,9.73,26938.0,1200.0,99.02,4.41,2.71,25775.0,318.0,95.68,1.18,0.75,1055.0,315.0,3.92,1.17,18.14,106.0,81.0,0.39,0.3,46.76,27204.0,,100,,,19965.0,775.0,73.39,2.85,2.36,19148.0,773.0,70.39,2.84,2.45,827.0,220.0,3.04,0.81,16.2,7239.0,838.0,26.61,3.08,7.04,5081.0,430.0,70.19,5.94,5.14,2159.0,430.0,29.82,5.94,12.11,4247.0,489.0,58.67,6.75,6.99,1718.0,451.0,23.73,6.23,15.96,98.0,98.0,1.35,1.35,60.79,34.0,85.0,0.47,1.18,152.62,1131.0,397.0,15.62,5.48,21.33,14.0,70.0,0.19,0.97,310.35,25620.0,1556.0,94.18,5.72,3.69,16249.0,968.0,63.42,3.78,3.62,3899.0,600.0,15.22,2.34,9.35,2468.0,689.0,9.63,2.69,16.98,21864.0,1306.0,80.37,4.8,3.63,13133.0,485.0,60.07,2.22,2.25,12358.0,474.0,56.52,2.17,2.33,735.0,164.0,3.36,0.75,13.57,32.0,87.0,0.15,0.4,162.11,8731.0,485.0,39.93,2.22,3.38,,,5.6,1.23,13.56,12258.0,422.0,45.06,1.55,2.09,6563.0,416.0,53.54,3.39,3.85,1175.0,264.0,9.59,2.15,13.63,3643.0,368.0,29.72,3.0,6.14,399.0,141.0,3.26,1.15,21.44,339.0,137.0,2.77,1.12,24.58,12363.0,416.0,45.45,1.53,2.05,0.0,,0.0,,,1360.0,303.0,11.0,2.45,13.54,344.0,105.0,2.78,0.85,18.59,339.0,146.0,2.74,1.18,26.18,1064.0,251.0,8.61,2.03,14.33,888.0,202.0,7.18,1.63,13.8,220.0,89.0,1.78,0.72,24.59,1333.0,246.0,10.78,1.99,11.22,1495.0,266.0,12.09,2.15,10.81,3231.0,347.0,26.13,2.81,6.54,752.0,203.0,6.08,1.64,16.4,622.0,189.0,5.03,1.53,18.49,717.0,195.0,5.8,1.58,16.56,514.0,176.0,4.81,1.65,20.85,463.0,175.0,4.34,1.64,22.97,796.0,202.0,7.46,1.89,15.4,854.0,238.0,8.0,2.23,16.95,1036.0,235.0,9.7,2.2,13.79,1534.0,265.0,14.37,2.48,10.49,1477.0,257.0,13.83,2.41,10.59,2155.0,314.0,20.18,2.94,8.86,1146.0,222.0,10.73,2.08,11.78,694.0,153.0,6.5,1.43,13.37,8260.0,282.0,77.36,2.64,2.07,3713.0,320.0,34.78,3.0,5.24,2350.0,299.0,22.01,2.8,7.73,509.0,165.0,4.77,1.55,19.75,282.0,114.0,2.64,1.07,24.64,1074.0,228.0,10.06,2.14,12.93,25478.0,440.0,93.78,1.62,1.05,20097.0,948.0,73.97,3.49,2.87,8155.0,826.0,30.02,3.04,6.16,1691.0,440.0,6.22,1.62,15.83,13154.0,435.0,48.35,1.6,2.01,14050.0,435.0,51.65,1.6,1.88,1584.0,291.0,5.82,1.07,11.18,1643.0,299.0,6.04,1.1,11.07,1649.0,280.0,6.06,1.03,10.33,1800.0,324.0,6.62,1.19,10.93,1373.0,256.0,5.05,0.94,11.32,3640.0,473.0,13.38,1.74,7.91,4059.0,424.0,14.92,1.56,6.36,3722.0,408.0,13.68,1.5,6.67,1911.0,277.0,7.02,1.02,8.83,1892.0,318.0,6.95,1.17,10.23,2228.0,302.0,8.19,1.11,8.24,1130.0,242.0,4.15,0.89,13.04,586.0,196.0,2.15,0.72,20.36,21221.0,457.0,78.01,1.68,1.31,3934.0,397.0,14.46,1.46,6.14,23689.0,748.0,87.08,2.75,1.92,250.0,125.0,0.92,0.46,30.4,0.0,,0.0,,,2149.0,560.0,7.9,2.06,15.85,0.0,,0.0,,,803.0,441.0,2.95,1.62,33.38,311.0,166.0,1.14,0.61,32.53,3804.0,781.0,13.98,2.87,12.48,23400.0,781.0,86.02,2.87,2.03,20877.0,884.0,76.74,3.25,2.57,208.0,112.0,0.76,0.41,32.79,0.0,,0.0,,,2149.0,560.0,7.9,2.06,15.85,0.0,,0.0,,,8.0,68.0,0.03,0.25,506.59,152.0,109.0,0.56,0.4,43.42
249,Todt Hill-Emerson Hill-Lighthouse Hill-Manor Heights,SI0203,Todt Hill-Emerson Hill-Lighthouse Hill-Manor Heights,10652.0,,100,,,3510.0,297.0,32.95,2.79,5.15,7396.0,576.0,24.26,1.89,4.73,356.0,118.0,4.81,1.59,20.09,260.0,87.0,3.52,1.17,20.21,3114.0,252.0,42.11,3.41,4.92,1715.0,229.0,23.19,3.1,8.13,1949.0,236.0,26.35,3.19,7.36,21874.0,1012.0,71.74,3.32,2.81,1090.0,273.0,4.98,1.25,15.26,1286.0,258.0,5.88,1.18,12.2,6485.0,516.0,29.65,2.36,4.84,8503.0,588.0,38.87,2.69,4.21,24133.0,1162.0,79.15,3.81,2.93,1181.0,205.0,4.89,0.85,10.57,29109.0,607.0,95.46,1.99,1.27,2797.0,408.0,9.61,1.4,8.86,6324.0,509.0,20.74,1.67,4.89,327.0,147.0,5.17,2.33,27.4,17348.0,372.0,56.89,1.22,1.3,1024.0,217.0,5.9,1.25,12.88,5443.0,314.0,17.85,1.03,3.51,1443.0,211.0,26.51,3.87,8.87,30214.0,1265.0,99.09,4.15,2.55,28218.0,508.0,93.39,1.68,1.09,1725.0,474.0,5.71,1.57,16.71,269.0,154.0,0.89,0.51,34.83,30492.0,,100,,,22590.0,689.0,74.09,2.26,1.85,22030.0,689.0,72.25,2.26,1.9,560.0,171.0,1.84,0.56,18.5,7902.0,735.0,25.91,2.41,5.65,5852.0,382.0,74.06,4.84,3.97,2050.0,382.0,25.94,4.84,11.34,2177.0,374.0,27.55,4.73,10.44,4685.0,427.0,59.29,5.4,5.54,239.0,149.0,3.02,1.88,37.84,22.0,77.0,0.28,0.97,210.59,755.0,213.0,9.55,2.69,17.12,22.0,77.0,0.28,0.98,212.77,29036.0,1021.0,95.22,3.35,2.14,19011.0,889.0,65.47,3.06,2.84,3374.0,540.0,11.62,1.86,9.73,1387.0,340.0,4.78,1.17,14.88,25096.0,1012.0,82.3,3.32,2.45,13897.0,585.0,55.38,2.33,2.56,13181.0,592.0,52.52,2.36,2.73,717.0,166.0,2.86,0.66,14.03,0.0,,0.0,,,11199.0,585.0,44.62,2.33,3.17,,,5.16,1.17,14.07,12942.0,506.0,42.44,1.66,2.38,7970.0,408.0,61.58,3.15,3.11,1213.0,268.0,9.37,2.07,13.43,2930.0,388.0,22.64,3.0,8.06,233.0,111.0,1.8,0.86,29.04,458.0,179.0,3.54,1.38,23.7,13186.0,494.0,43.24,1.62,2.28,12.0,75.0,0.09,0.57,385.01,911.0,285.0,6.91,2.16,19.0,581.0,215.0,4.41,1.63,22.47,323.0,171.0,2.45,1.3,32.26,1088.0,245.0,8.25,1.86,13.71,969.0,218.0,7.35,1.65,13.65,485.0,175.0,3.68,1.33,21.97,1169.0,254.0,8.87,1.93,13.23,1841.0,291.0,13.96,2.21,9.62,4042.0,330.0,30.65,2.5,4.96,711.0,196.0,5.39,1.49,16.8,517.0,169.0,3.92,1.28,19.85,539.0,146.0,4.09,1.11,16.5,664.0,163.0,6.23,1.53,14.93,393.0,133.0,3.69,1.25,20.59,671.0,175.0,6.3,1.64,15.82,653.0,185.0,6.13,1.74,17.26,1256.0,250.0,11.79,2.35,12.12,1198.0,218.0,11.25,2.05,11.08,1052.0,219.0,9.88,2.06,12.67,1877.0,269.0,17.62,2.53,8.73,1235.0,235.0,11.59,2.21,11.59,1651.0,267.0,15.5,2.51,9.84,8074.0,276.0,75.8,2.59,2.08,3858.0,294.0,36.22,2.76,4.63,2259.0,259.0,21.21,2.43,6.96,442.0,133.0,4.15,1.25,18.31,231.0,83.0,2.17,0.78,21.85,896.0,153.0,8.41,1.44,10.41,27466.0,506.0,94.36,1.74,1.12,20943.0,1042.0,71.95,3.58,3.02,9609.0,873.0,33.01,3.0,5.52,1643.0,506.0,5.64,1.74,18.75,14315.0,418.0,46.95,1.37,1.77,16177.0,418.0,53.05,1.37,1.57,1456.0,277.0,4.78,0.91,11.57,1468.0,244.0,4.81,0.8,10.11,2074.0,302.0,6.8,0.99,8.85,1992.0,287.0,6.53,0.94,8.75,1628.0,274.0,5.34,0.9,10.25,2868.0,402.0,9.41,1.32,8.53,3514.0,387.0,11.52,1.27,6.7,4506.0,415.0,14.78,1.36,5.59,2330.0,338.0,7.64,1.11,8.83,2157.0,317.0,7.07,1.04,8.94,3581.0,354.0,11.74,1.16,6.01,1777.0,268.0,5.83,0.88,9.18,1157.0,256.0,3.79,0.84,13.47,24133.0,433.0,79.15,1.42,1.09,6521.0,387.0,21.39,1.27,3.61,22239.0,756.0,72.93,2.48,2.07,1393.0,345.0,4.57,1.13,15.03,22.0,82.0,0.07,0.27,234.48,5715.0,680.0,18.74,2.23,7.23,13.0,76.0,0.04,0.25,379.94,511.0,195.0,1.68,0.64,23.16,615.0,256.0,2.02,0.84,25.28,2987.0,470.0,9.8,1.54,9.55,27505.0,470.0,90.2,1.54,1.04,19708.0,768.0,64.63,2.52,2.37,1376.0,345.0,4.51,1.13,15.23,0.0,,0.0,,,5697.0,680.0,18.68,2.23,7.26,13.0,76.0,0.04,0.25,379.94,106.0,137.0,0.35,0.45,78.16,599.0,256.0,1.96,0.84,26.05
250,New Springville-Willowbrook-Bulls Head-Travis,SI0204,New Springville-Willowbrook-Bulls Head-Travis,15192.0,,100,,,5091.0,381.0,33.51,2.51,4.55,10734.0,721.0,25.16,1.69,4.08,827.0,240.0,7.7,2.24,17.68,391.0,122.0,3.64,1.14,19.04,4217.0,423.0,39.29,3.94,6.1,1871.0,294.0,17.43,2.74,9.56,3423.0,369.0,31.89,3.44,6.56,30069.0,1254.0,70.49,2.94,2.54,1272.0,259.0,4.23,0.86,12.36,1874.0,343.0,6.23,1.14,11.12,10134.0,643.0,33.7,2.14,3.86,8654.0,616.0,28.78,2.05,4.33,33690.0,1412.0,78.97,3.31,2.55,1469.0,243.0,4.36,0.72,10.04,42659.0,0.0,100.0,0.0,0.0,4222.0,422.0,9.9,0.99,6.08,8970.0,687.0,21.03,1.61,4.66,135.0,87.0,1.51,0.97,39.05,27304.0,627.0,64.0,1.47,1.4,2085.0,311.0,7.64,1.14,9.07,6391.0,380.0,14.98,0.89,3.61,1990.0,251.0,31.14,3.93,7.67,42317.0,1514.0,99.2,3.55,2.17,40434.0,427.0,95.55,1.01,0.64,1808.0,419.0,4.27,0.99,14.09,85.0,80.0,0.2,0.19,57.75,42659.0,,100,,,32240.0,815.0,75.58,1.91,1.54,31178.0,870.0,73.09,2.04,1.7,1062.0,384.0,2.49,0.9,21.97,10419.0,811.0,24.42,1.9,4.73,7324.0,455.0,70.3,4.37,3.78,3095.0,455.0,29.71,4.37,8.94,3409.0,483.0,32.72,4.64,8.62,4596.0,477.0,44.11,4.58,6.31,1068.0,350.0,10.25,3.36,19.93,0.0,,0.0,,,1328.0,354.0,12.75,3.4,16.21,19.0,85.0,0.18,0.82,276.93,40096.0,1753.0,93.99,4.11,2.66,26000.0,1038.0,64.84,2.59,2.43,4317.0,581.0,10.77,1.45,8.18,2964.0,529.0,7.39,1.32,10.86,34753.0,1472.0,81.47,3.45,2.57,20870.0,667.0,60.05,1.92,1.94,19620.0,674.0,56.46,1.94,2.09,1245.0,226.0,3.58,0.65,11.04,0.0,,0.0,,,13883.0,667.0,39.95,1.92,2.92,,,5.97,1.07,11.04,19389.0,606.0,45.45,1.42,1.9,11300.0,531.0,58.28,2.74,2.86,1951.0,320.0,10.06,1.65,9.97,5061.0,483.0,26.1,2.49,5.8,410.0,138.0,2.11,0.71,20.46,566.0,221.0,2.92,1.14,23.73,19618.0,614.0,45.99,1.44,1.9,0.0,,0.0,,,1416.0,269.0,7.22,1.37,11.53,654.0,180.0,3.33,0.92,16.79,271.0,90.0,1.38,0.46,20.26,2522.0,388.0,12.86,1.98,9.36,1396.0,261.0,7.12,1.33,11.36,456.0,124.0,2.32,0.63,16.51,1987.0,330.0,10.13,1.68,10.08,1895.0,290.0,9.66,1.48,9.31,5272.0,463.0,26.87,2.36,5.34,1294.0,283.0,6.6,1.44,13.26,1123.0,267.0,5.72,1.36,14.45,1334.0,261.0,6.8,1.33,11.89,782.0,217.0,5.15,1.43,16.88,524.0,155.0,3.45,1.02,17.97,1114.0,243.0,7.33,1.6,13.27,1072.0,229.0,7.06,1.51,13.0,1169.0,207.0,7.69,1.36,10.75,2897.0,346.0,19.07,2.28,7.27,2076.0,283.0,13.67,1.86,8.27,3165.0,330.0,20.83,2.17,6.33,1370.0,222.0,9.02,1.46,9.84,1022.0,194.0,6.73,1.28,11.56,12050.0,333.0,79.32,2.19,1.68,5235.0,339.0,34.46,2.23,3.93,3121.0,310.0,20.54,2.04,6.04,795.0,190.0,5.23,1.25,14.53,317.0,105.0,2.09,0.69,20.07,1348.0,242.0,8.87,1.59,10.9,39974.0,456.0,93.71,1.07,0.69,30412.0,1032.0,71.29,2.42,2.06,13651.0,934.0,32.0,2.19,4.16,2685.0,456.0,6.29,1.07,10.34,20753.0,546.0,48.65,1.28,1.6,21906.0,546.0,51.35,1.28,1.52,2564.0,371.0,6.01,0.87,8.8,2479.0,371.0,5.81,0.87,9.1,2623.0,375.0,6.15,0.88,8.7,2274.0,307.0,5.33,0.72,8.21,2666.0,388.0,6.25,0.91,8.85,5968.0,567.0,13.99,1.33,5.78,5218.0,435.0,12.23,1.02,5.07,6618.0,538.0,15.51,1.26,4.94,2899.0,380.0,6.8,0.89,7.96,2984.0,380.0,6.99,0.89,7.74,3765.0,444.0,8.83,1.04,7.16,1777.0,286.0,4.17,0.67,9.77,837.0,192.0,1.96,0.45,13.96,33690.0,572.0,78.97,1.34,1.03,6391.0,474.0,14.98,1.11,4.5,33828.0,998.0,79.3,2.34,1.79,1697.0,631.0,3.98,1.48,22.61,47.0,81.0,0.11,0.19,105.0,5533.0,759.0,12.97,1.78,8.34,156.0,115.0,0.37,0.27,44.36,646.0,328.0,1.51,0.77,31.0,746.0,350.0,1.75,0.82,28.48,6107.0,768.0,14.32,1.8,7.64,36552.0,768.0,85.68,1.8,1.28,28898.0,1049.0,67.74,2.46,2.21,1413.0,589.0,3.31,1.38,25.34,15.0,85.0,0.04,0.2,303.95,5499.0,759.0,12.89,1.78,8.39,156.0,115.0,0.37,0.27,44.36,63.0,94.0,0.15,0.22,89.16,510.0,320.0,1.2,0.75,37.99
251,Freshkills Park (North),SI0291,Freshkills Park (North),0.0,,100,,,0.0,,,,,0.0,,,,,0.0,,,,,0.0,,,,,0.0,,,,,0.0,,,,,0.0,,,,,0.0,,,,,0.0,,,,,0.0,,,,,0.0,,,,,0.0,,,,,0.0,,,,,0.0,,,,,0.0,,,,,0.0,,,,,0.0,,,,,0.0,,,,,0.0,,,,,0.0,,,,,0.0,,,,,0.0,,,,,0.0,,,,,0.0,,,,,0.0,,,,,0.0,,,,,0.0,,100,,,0.0,,,,,0.0,,,,,0.0,,,,,0.0,,,,,0.0,,,,,0.0,,,,,0.0,,,,,0.0,,,,,0.0,,,,,0.0,,,,,0.0,,,,,0.0,,,,,0.0,,,,,0.0,,,,,0.0,,,,,0.0,,,,,0.0,,,,,0.0,,,,,0.0,,,,,0.0,,,,,0.0,,,,,0.0,,,,,,,,,,0.0,,,,,0.0,,,,,0.0,,,,,0.0,,,,,0.0,,,,,0.0,,,,,0.0,,,,,0.0,,,,,0.0,,,,,0.0,,,,,0.0,,,,,0.0,,,,,0.0,,,,,0.0,,,,,0.0,,,,,0.0,,,,,0.0,,,,,0.0,,,,,0.0,,,,,0.0,,,,,0.0,,,,,0.0,,,,,0.0,,,,,0.0,,,,,0.0,,,,,0.0,,,,,0.0,,,,,0.0,,,,,0.0,,,,,0.0,,,,,0.0,,,,,0.0,,,,,0.0,,,,,0.0,,,,,0.0,,,,,0.0,,,,,0.0,,,,,0.0,,,,,0.0,,,,,0.0,,,,,0.0,,,,,0.0,,,,,0.0,,,,,0.0,,,,,0.0,,,,,0.0,,,,,0.0,,,,,0.0,,,,,0.0,,,,,0.0,,,,,0.0,,,,,0.0,,,,,0.0,,,,,0.0,,,,,0.0,,,,,0.0,,,,,0.0,,,,,0.0,,,,,0.0,,,,,0.0,,,,,0.0,,,,,0.0,,,,,0.0,,,,,0.0,,,,,0.0,,,,,0.0,,,,,0.0,,,,,0.0,,,,,0.0,,,,,0.0,,,,,0.0,,,,,0.0,,,,,0.0,,,,
252,Oakwood-Richmondtown,SI0301,Oakwood-Richmondtown,8540.0,,100,,,2349.0,243.0,27.51,2.84,6.28,4663.0,456.0,22.62,2.21,5.94,168.0,98.0,3.6,2.11,35.63,221.0,126.0,4.74,2.7,34.63,1815.0,262.0,38.92,5.62,8.78,994.0,193.0,21.32,4.13,11.78,1466.0,225.0,31.44,4.83,9.34,14988.0,870.0,72.69,4.22,3.53,541.0,156.0,3.61,1.04,17.51,754.0,202.0,5.03,1.35,16.32,5261.0,448.0,35.1,2.99,5.18,4587.0,474.0,30.6,3.16,6.28,16818.0,1006.0,81.57,4.88,3.64,1015.0,210.0,6.04,1.25,12.58,20600.0,66.0,99.91,0.32,0.19,2454.0,369.0,11.91,1.79,9.14,3781.0,425.0,18.34,2.06,6.83,116.0,127.0,3.07,3.37,66.73,12470.0,408.0,60.48,1.98,1.99,1181.0,266.0,9.47,2.13,13.67,4342.0,245.0,21.06,1.19,3.43,1162.0,206.0,26.76,4.75,10.79,20572.0,728.0,99.78,3.53,2.15,19825.0,253.0,96.37,1.23,0.78,716.0,253.0,3.48,1.23,21.49,25.0,49.0,0.12,0.24,121.58,20618.0,,100,,,16756.0,538.0,81.27,2.61,1.95,16468.0,553.0,79.87,2.68,2.04,292.0,132.0,1.42,0.64,27.4,3862.0,557.0,18.73,2.7,8.77,3049.0,263.0,78.94,6.8,5.24,813.0,263.0,21.05,6.8,19.64,2723.0,245.0,70.5,6.35,5.48,633.0,174.0,16.39,4.51,16.73,320.0,215.0,8.29,5.57,40.84,0.0,,0.0,,,164.0,111.0,4.25,2.87,41.05,22.0,67.0,0.57,1.73,184.5,19710.0,1105.0,95.6,5.36,3.41,14099.0,739.0,71.53,3.75,3.19,1406.0,325.0,7.13,1.65,14.07,937.0,335.0,4.75,1.7,21.76,17330.0,823.0,84.05,3.99,2.89,10016.0,445.0,57.79,2.57,2.7,9352.0,442.0,53.96,2.55,2.87,646.0,177.0,3.73,1.02,16.62,15.0,68.0,0.09,0.39,263.42,7314.0,445.0,42.2,2.57,3.7,,,6.45,1.74,16.66,9123.0,501.0,44.25,2.43,3.34,5324.0,398.0,58.36,4.36,4.54,707.0,213.0,7.75,2.34,18.35,2696.0,367.0,29.55,4.02,8.27,166.0,86.0,1.82,0.94,31.4,129.0,78.0,1.41,0.85,36.65,9353.0,474.0,45.36,2.3,3.08,0.0,,0.0,,,653.0,205.0,6.98,2.19,19.07,245.0,115.0,2.62,1.23,28.54,233.0,113.0,2.49,1.21,29.54,983.0,218.0,10.51,2.33,13.48,583.0,172.0,6.23,1.84,17.95,194.0,99.0,2.07,1.06,31.13,941.0,193.0,10.06,2.06,12.45,875.0,208.0,9.36,2.22,14.42,2932.0,318.0,31.35,3.4,6.59,567.0,195.0,6.06,2.09,20.97,327.0,149.0,3.5,1.59,27.62,822.0,228.0,8.79,2.44,16.87,467.0,174.0,5.47,2.04,22.67,348.0,124.0,4.07,1.45,21.66,893.0,231.0,10.46,2.7,15.69,601.0,181.0,7.04,2.12,18.31,658.0,165.0,7.7,1.93,15.24,1299.0,247.0,15.21,2.89,11.55,1068.0,229.0,12.51,2.68,13.02,1697.0,263.0,19.87,3.08,9.42,789.0,178.0,9.24,2.09,13.75,721.0,188.0,8.44,2.2,15.85,5787.0,286.0,67.76,3.35,3.01,3857.0,279.0,45.16,3.27,4.4,2164.0,264.0,25.34,3.09,7.41,287.0,105.0,3.36,1.23,22.25,169.0,76.0,1.98,0.89,27.32,662.0,178.0,7.75,2.08,16.32,19792.0,323.0,96.08,1.57,0.99,16397.0,618.0,79.6,3.0,2.29,6481.0,606.0,31.46,2.94,5.68,807.0,323.0,3.92,1.57,24.35,9333.0,396.0,45.27,1.92,2.58,11285.0,396.0,54.73,1.92,2.13,908.0,214.0,4.4,1.04,14.37,993.0,231.0,4.82,1.12,14.13,1224.0,214.0,5.94,1.04,10.64,1071.0,219.0,5.19,1.06,12.42,1429.0,270.0,6.93,1.31,11.49,2230.0,367.0,10.82,1.78,10.0,2325.0,330.0,11.28,1.6,8.62,3006.0,383.0,14.58,1.86,7.76,1734.0,297.0,8.41,1.44,10.41,1352.0,243.0,6.56,1.18,10.93,2072.0,303.0,10.05,1.47,8.89,1627.0,268.0,7.89,1.3,10.02,650.0,175.0,3.15,0.85,16.4,16837.0,346.0,81.66,1.68,1.25,4342.0,365.0,21.06,1.77,5.11,19167.0,429.0,92.96,2.08,1.36,597.0,330.0,2.9,1.6,33.54,17.0,68.0,0.08,0.33,250.76,445.0,198.0,2.16,0.96,27.02,0.0,,0.0,,,230.0,165.0,1.12,0.8,43.42,161.0,118.0,0.78,0.57,44.42,2501.0,513.0,12.13,2.49,12.48,18117.0,513.0,87.87,2.49,1.72,16953.0,544.0,82.22,2.64,1.95,542.0,318.0,2.63,1.54,35.6,0.0,,0.0,,,445.0,198.0,2.16,0.96,27.02,0.0,,0.0,,,67.0,128.0,0.32,0.62,117.78,110.0,99.0,0.53,0.48,55.06
253,Great Kills-Eltingville,SI0302,Great Kills-Eltingville,20318.0,,100,,,6707.0,410.0,33.01,2.02,3.72,13600.0,745.0,24.27,1.33,3.33,839.0,204.0,6.17,1.5,14.78,615.0,173.0,4.52,1.27,17.08,5275.0,427.0,38.79,3.14,4.92,2866.0,360.0,21.07,2.65,7.65,4006.0,405.0,29.46,2.98,6.15,39976.0,1115.0,71.34,1.99,1.7,1081.0,264.0,2.7,0.66,14.86,1852.0,296.0,4.63,0.74,9.72,13713.0,696.0,34.3,1.74,3.08,12583.0,768.0,31.48,1.92,3.71,44659.0,1238.0,79.7,2.21,1.69,2482.0,299.0,5.56,0.67,7.33,56024.0,560.0,99.98,1.0,0.61,5499.0,476.0,9.82,0.85,5.26,11365.0,684.0,20.28,1.22,3.66,199.0,105.0,1.75,0.92,31.96,34841.0,897.0,62.18,1.6,1.57,2371.0,321.0,6.81,0.92,8.21,9815.0,443.0,17.52,0.79,2.74,2931.0,287.0,29.86,2.92,5.94,55634.0,1395.0,99.29,2.49,1.52,52404.0,595.0,94.19,1.07,0.69,3083.0,590.0,5.54,1.06,11.63,152.0,117.0,0.27,0.21,47.28,56033.0,,100,,,46927.0,885.0,83.75,1.58,1.15,46363.0,880.0,82.74,1.57,1.15,580.0,174.0,1.04,0.31,18.12,9106.0,925.0,16.25,1.65,6.18,6504.0,467.0,71.43,5.13,4.37,2602.0,467.0,28.58,5.13,10.91,5479.0,515.0,60.17,5.66,5.72,2164.0,456.0,23.77,5.01,12.81,401.0,200.0,4.4,2.2,30.4,0.0,,0.0,,,1031.0,311.0,11.32,3.42,18.37,31.0,95.0,0.34,1.04,185.95,53366.0,1283.0,95.24,2.29,1.46,41916.0,993.0,78.55,1.86,1.44,4000.0,539.0,7.5,1.01,8.19,1972.0,459.0,3.7,0.86,14.13,46222.0,1300.0,82.49,2.32,1.71,28281.0,666.0,61.19,1.44,1.43,26191.0,670.0,56.66,1.45,1.56,2090.0,277.0,4.52,0.6,8.07,11.0,92.0,0.02,0.2,607.9,17941.0,666.0,38.81,1.44,2.26,,,7.39,0.96,8.06,25717.0,633.0,45.9,1.13,1.5,16256.0,630.0,63.21,2.45,2.36,1885.0,339.0,7.33,1.32,10.95,6502.0,594.0,25.28,2.31,5.55,313.0,139.0,1.22,0.54,26.91,539.0,165.0,2.1,0.64,18.53,26189.0,689.0,46.74,1.23,1.6,0.0,,0.0,,,1948.0,351.0,7.44,1.34,10.95,602.0,191.0,2.3,0.73,19.29,306.0,113.0,1.17,0.43,22.34,2689.0,335.0,10.27,1.28,7.58,1872.0,293.0,7.15,1.12,9.52,726.0,165.0,2.77,0.63,13.83,2818.0,406.0,10.76,1.55,8.76,2989.0,416.0,11.41,1.59,8.47,7350.0,508.0,28.06,1.94,4.2,1428.0,257.0,5.45,0.98,10.93,1334.0,283.0,5.09,1.08,12.9,2135.0,322.0,8.15,1.23,9.17,757.0,197.0,3.73,0.97,15.81,640.0,195.0,3.15,0.96,18.53,1167.0,240.0,5.74,1.18,12.5,1263.0,242.0,6.22,1.19,11.63,1565.0,248.0,7.7,1.22,9.63,3054.0,354.0,15.03,1.74,7.04,2954.0,343.0,14.54,1.69,7.07,4824.0,443.0,23.74,2.18,5.58,2591.0,337.0,12.75,1.66,7.91,1510.0,246.0,7.43,1.21,9.9,15796.0,345.0,77.74,1.7,1.33,7573.0,384.0,37.27,1.89,3.08,4989.0,392.0,24.55,1.93,4.78,735.0,156.0,3.62,0.77,12.93,291.0,120.0,1.43,0.59,25.08,1023.0,211.0,5.03,1.04,12.57,53808.0,549.0,96.05,0.98,0.62,45164.0,1070.0,80.62,1.91,1.44,15454.0,913.0,27.58,1.63,3.59,2215.0,549.0,3.95,0.98,15.08,27115.0,594.0,48.39,1.06,1.33,28918.0,594.0,51.61,1.06,1.25,2667.0,387.0,4.76,0.69,8.81,3011.0,409.0,5.37,0.73,8.26,3479.0,375.0,6.21,0.67,6.56,3307.0,448.0,5.9,0.8,8.24,3616.0,409.0,6.45,0.73,6.88,6702.0,639.0,11.96,1.14,5.79,7329.0,549.0,13.08,0.98,4.55,8665.0,516.0,15.46,0.92,3.62,3956.0,459.0,7.06,0.82,7.06,3500.0,370.0,6.25,0.66,6.42,5673.0,510.0,10.12,0.91,5.47,2951.0,364.0,5.27,0.65,7.5,1180.0,230.0,2.11,0.41,11.81,44668.0,594.0,79.72,1.06,0.81,9815.0,555.0,17.52,0.99,3.44,51977.0,784.0,92.76,1.4,0.92,135.0,78.0,0.24,0.14,35.46,107.0,101.0,0.19,0.18,57.59,2803.0,723.0,5.0,1.29,15.68,27.0,95.0,0.05,0.17,206.69,467.0,235.0,0.83,0.42,30.76,505.0,258.0,0.9,0.46,31.07,4967.0,751.0,8.86,1.34,9.19,51066.0,751.0,91.14,1.34,0.89,47674.0,1031.0,85.08,1.84,1.31,116.0,78.0,0.21,0.14,40.53,73.0,101.0,0.13,0.18,84.17,2776.0,723.0,4.95,1.29,15.84,0.0,,0.0,,,0.0,,0.0,,,422.0,252.0,0.75,0.45,36.47
254,Arden Heights-Rossville,SI0303,Arden Heights-Rossville,10719.0,,100,,,4074.0,309.0,38.01,2.88,4.61,7368.0,593.0,23.59,1.9,4.89,491.0,150.0,6.66,2.03,18.53,331.0,124.0,4.49,1.68,22.75,2833.0,288.0,38.45,3.91,6.18,1421.0,251.0,19.29,3.41,10.75,2294.0,273.0,31.13,3.71,7.24,21564.0,656.0,69.04,2.1,1.85,550.0,213.0,2.55,0.99,23.6,1207.0,246.0,5.6,1.14,12.38,6914.0,593.0,32.06,2.75,5.21,6787.0,666.0,31.47,3.09,5.97,24299.0,712.0,77.8,2.28,1.78,941.0,219.0,3.87,0.9,14.14,31233.0,0.0,100.0,0.0,0.0,2607.0,378.0,8.35,1.21,8.81,6934.0,465.0,22.2,1.49,4.08,234.0,113.0,3.37,1.63,29.4,20130.0,606.0,64.45,1.94,1.83,1280.0,284.0,6.36,1.41,13.48,4169.0,353.0,13.35,1.13,5.15,1086.0,218.0,26.05,5.22,12.18,30919.0,984.0,98.99,3.15,1.93,29655.0,476.0,95.91,1.54,0.98,1253.0,479.0,4.05,1.55,23.27,11.0,53.0,0.04,0.17,258.36,31233.0,,100,,,26863.0,556.0,86.01,1.78,1.26,26462.0,587.0,84.72,1.88,1.35,407.0,181.0,1.3,0.58,27.12,4370.0,540.0,13.99,1.73,7.51,3654.0,229.0,83.62,5.23,3.8,716.0,229.0,16.39,5.23,19.4,1756.0,265.0,40.19,6.06,9.17,1426.0,230.0,32.63,5.26,9.8,546.0,201.0,12.5,4.6,22.37,12.0,55.0,0.27,1.26,283.69,597.0,236.0,13.66,5.4,24.03,33.0,75.0,0.76,1.71,136.78,29217.0,656.0,93.55,2.1,1.36,23078.0,739.0,78.99,2.53,1.95,1906.0,330.0,6.52,1.13,10.54,1376.0,359.0,4.71,1.23,15.88,24960.0,528.0,79.92,1.69,1.29,15304.0,636.0,61.31,2.55,2.53,14472.0,644.0,57.98,2.58,2.71,828.0,192.0,3.32,0.77,14.1,0.0,,0.0,,,9656.0,636.0,38.69,2.55,4.01,,,5.41,1.23,14.1,14358.0,575.0,45.97,1.84,2.43,8771.0,544.0,61.09,3.79,3.77,1255.0,291.0,8.74,2.03,14.12,3665.0,472.0,25.53,3.29,7.83,109.0,82.0,0.76,0.57,45.59,398.0,164.0,2.77,1.14,25.02,14466.0,575.0,46.32,1.84,2.42,0.0,,0.0,,,703.0,227.0,4.86,1.57,19.64,254.0,114.0,1.76,0.79,27.29,359.0,159.0,2.48,1.1,26.96,1462.0,310.0,10.11,2.14,12.87,1125.0,262.0,7.78,1.81,14.14,353.0,135.0,2.44,0.93,23.17,1520.0,288.0,10.51,1.99,11.51,1792.0,305.0,12.39,2.11,10.35,4327.0,408.0,29.91,2.82,5.73,836.0,282.0,5.78,1.95,20.51,637.0,155.0,4.4,1.07,14.78,1086.0,246.0,7.51,1.7,13.76,500.0,170.0,4.66,1.59,20.74,321.0,137.0,2.99,1.28,26.02,587.0,190.0,5.48,1.77,19.63,674.0,227.0,6.29,2.12,20.49,948.0,217.0,8.84,2.02,13.89,1874.0,327.0,17.48,3.05,10.61,1446.0,259.0,13.49,2.42,10.91,2378.0,341.0,22.18,3.18,8.72,1209.0,266.0,11.28,2.48,13.37,787.0,183.0,7.34,1.71,14.16,8902.0,287.0,83.05,2.68,1.96,3458.0,328.0,32.26,3.06,5.77,1952.0,265.0,18.21,2.47,8.25,261.0,92.0,2.43,0.86,21.51,152.0,80.0,1.42,0.75,32.11,581.0,177.0,5.42,1.65,18.51,30095.0,365.0,96.36,1.17,0.74,24188.0,946.0,77.44,3.03,2.38,8409.0,881.0,26.92,2.82,6.37,1138.0,365.0,3.64,1.17,19.54,15371.0,531.0,49.21,1.7,2.1,15862.0,531.0,50.79,1.7,2.03,2016.0,359.0,6.45,1.15,10.84,1900.0,319.0,6.08,1.02,10.2,1900.0,315.0,6.08,1.01,10.1,1805.0,272.0,5.78,0.87,9.15,2029.0,312.0,6.5,1.0,9.35,3890.0,490.0,12.45,1.57,7.67,4477.0,434.0,14.33,1.39,5.9,4556.0,434.0,14.59,1.39,5.79,2483.0,384.0,7.95,1.23,9.41,2020.0,353.0,6.47,1.13,10.62,2898.0,359.0,9.28,1.15,7.53,889.0,228.0,2.85,0.73,15.57,379.0,134.0,1.21,0.43,21.6,24299.0,409.0,77.8,1.31,1.02,4169.0,394.0,13.35,1.26,5.74,27991.0,484.0,89.62,1.55,1.05,536.0,315.0,1.72,1.01,35.7,18.0,56.0,0.06,0.18,182.37,2110.0,278.0,6.76,0.89,8.0,9.0,53.0,0.03,0.17,344.48,299.0,184.0,0.96,0.59,37.36,261.0,144.0,0.84,0.46,33.29,3868.0,634.0,12.38,2.03,9.97,27365.0,634.0,87.62,2.03,1.41,24570.0,712.0,78.67,2.28,1.76,382.0,253.0,1.22,0.81,40.36,18.0,56.0,0.06,0.18,182.37,2110.0,278.0,6.76,0.89,8.0,9.0,53.0,0.03,0.17,344.48,67.0,91.0,0.21,0.29,83.95,224.0,131.0,0.72,0.42,35.46
255,Annadale-Huguenot-Prince's Bay-Woodrow,SI0304,Annadale-Huguenot-Prince's Bay-Woodrow,14675.0,,100,,,5825.0,349.0,39.69,2.38,3.65,9933.0,621.0,24.64,1.54,3.8,560.0,148.0,5.64,1.49,16.06,488.0,159.0,4.91,1.6,19.81,3859.0,363.0,38.85,3.65,5.71,2640.0,302.0,26.58,3.04,6.95,2388.0,272.0,24.04,2.74,6.93,28046.0,1080.0,69.57,2.68,2.34,786.0,171.0,2.8,0.61,13.24,1106.0,236.0,3.94,0.84,12.96,8203.0,553.0,29.25,1.97,4.09,10248.0,665.0,36.54,2.37,3.94,31052.0,1197.0,77.02,2.97,2.34,1425.0,245.0,4.59,0.79,10.46,40272.0,919.0,99.89,2.28,1.39,3188.0,362.0,7.92,0.9,6.91,9264.0,532.0,22.98,1.32,3.49,155.0,84.0,1.67,0.91,33.13,25473.0,484.0,63.18,1.2,1.16,1707.0,275.0,6.7,1.08,9.8,5530.0,351.0,13.72,0.87,3.86,1341.0,179.0,24.25,3.23,8.1,39792.0,1484.0,98.7,3.68,2.27,38123.0,501.0,95.8,1.26,0.8,1669.0,501.0,4.19,1.26,18.28,0.0,,0.0,,,40316.0,,100,,,34021.0,693.0,84.39,1.72,1.24,33744.0,702.0,83.7,1.74,1.26,277.0,113.0,0.69,0.28,24.67,6295.0,702.0,15.61,1.74,6.78,5012.0,349.0,79.62,5.55,4.24,1283.0,349.0,20.38,5.55,16.55,3707.0,395.0,58.89,6.27,6.47,1679.0,334.0,26.67,5.3,12.08,139.0,138.0,2.21,2.19,60.24,0.0,,0.0,,,758.0,329.0,12.04,5.22,26.36,11.0,73.0,0.17,1.16,414.8,38327.0,1516.0,95.07,3.76,2.4,29813.0,985.0,77.79,2.57,2.01,2588.0,464.0,6.75,1.21,10.9,1243.0,464.0,3.24,1.21,22.7,32357.0,1270.0,80.26,3.15,2.39,19944.0,595.0,61.64,1.84,1.81,19198.0,608.0,59.33,1.88,1.93,740.0,168.0,2.29,0.52,13.8,0.0,,0.0,,,12413.0,595.0,38.36,1.84,2.92,,,3.71,0.84,13.8,18840.0,564.0,46.73,1.4,1.82,12843.0,477.0,68.17,2.53,2.26,1298.0,284.0,6.89,1.51,13.32,4001.0,441.0,21.24,2.34,6.7,234.0,104.0,1.24,0.55,26.96,366.0,136.0,1.94,0.72,22.56,19200.0,552.0,47.62,1.37,1.75,0.0,,0.0,,,2068.0,349.0,10.77,1.82,10.27,494.0,156.0,2.57,0.81,19.16,472.0,156.0,2.46,0.81,20.02,1861.0,307.0,9.69,1.6,10.04,1051.0,263.0,5.47,1.37,15.23,504.0,154.0,2.62,0.8,18.56,1950.0,305.0,10.16,1.59,9.51,2069.0,296.0,10.78,1.54,8.68,5748.0,449.0,29.94,2.34,4.75,1037.0,259.0,5.4,1.35,15.2,700.0,184.0,3.65,0.96,15.99,1250.0,234.0,6.51,1.22,11.39,386.0,141.0,2.63,0.96,22.19,267.0,117.0,1.82,0.8,26.72,979.0,222.0,6.67,1.51,13.76,512.0,138.0,3.49,0.94,16.37,1179.0,230.0,8.03,1.57,11.89,2027.0,304.0,13.81,2.07,9.11,1935.0,302.0,13.19,2.06,9.49,3641.0,384.0,24.81,2.62,6.42,1579.0,267.0,10.76,1.82,10.28,2168.0,298.0,14.77,2.03,8.36,12099.0,285.0,82.45,1.94,1.43,4788.0,316.0,32.63,2.15,4.01,3143.0,326.0,21.42,2.22,6.3,512.0,148.0,3.49,1.01,17.59,206.0,98.0,1.4,0.67,29.09,739.0,185.0,5.04,1.26,15.2,38896.0,326.0,96.58,0.81,0.51,33143.0,773.0,82.3,1.92,1.42,9387.0,785.0,23.31,1.95,5.09,1375.0,326.0,3.41,0.81,14.44,20056.0,520.0,49.75,1.29,1.58,20260.0,520.0,50.25,1.29,1.56,1989.0,335.0,4.93,0.83,10.23,2547.0,331.0,6.32,0.82,7.89,2687.0,347.0,6.66,0.86,7.85,2694.0,375.0,6.68,0.93,8.46,2344.0,306.0,5.81,0.76,7.95,4685.0,544.0,11.62,1.35,7.06,5735.0,415.0,14.23,1.03,4.4,6053.0,504.0,15.01,1.25,5.06,3264.0,391.0,8.1,0.97,7.28,2757.0,355.0,6.84,0.88,7.82,3807.0,371.0,9.44,0.92,5.92,1363.0,226.0,3.38,0.56,10.07,381.0,113.0,0.95,0.28,17.92,31052.0,439.0,77.02,1.09,0.86,5552.0,383.0,13.77,0.95,4.19,36591.0,826.0,90.76,2.05,1.37,407.0,242.0,1.01,0.6,36.11,80.0,93.0,0.2,0.23,69.91,1776.0,480.0,4.41,1.19,16.4,14.0,81.0,0.03,0.2,405.27,910.0,560.0,2.26,1.39,37.39,567.0,262.0,1.41,0.65,28.02,3435.0,710.0,8.52,1.76,12.56,36881.0,710.0,91.48,1.76,1.17,34131.0,931.0,84.66,2.31,1.66,308.0,181.0,0.76,0.45,35.99,80.0,93.0,0.2,0.23,69.91,1776.0,480.0,4.41,1.19,16.4,14.0,81.0,0.03,0.2,405.27,105.0,177.0,0.26,0.44,102.88,486.0,254.0,1.21,0.63,31.65
256,Tottenville-Charleston,SI0305,Tottenville-Charleston,6106.0,,100,,,2460.0,225.0,40.29,3.68,5.55,4689.0,400.0,26.96,2.3,5.19,220.0,96.0,4.69,2.04,26.44,196.0,78.0,4.18,1.66,24.14,1919.0,224.0,40.92,4.78,7.1,1166.0,200.0,24.87,4.26,10.41,1188.0,202.0,25.34,4.3,10.32,11484.0,701.0,66.03,4.03,3.71,422.0,138.0,3.67,1.2,19.88,510.0,144.0,4.44,1.25,17.11,3400.0,378.0,29.61,3.29,6.75,3617.0,379.0,31.5,3.3,6.37,13092.0,800.0,75.28,4.6,3.71,644.0,136.0,4.92,1.04,12.85,17361.0,198.0,99.83,1.14,0.69,1539.0,245.0,8.86,1.41,9.67,4299.0,374.0,24.72,2.15,5.29,68.0,50.0,1.58,1.17,45.02,11059.0,570.0,63.59,3.28,3.13,760.0,175.0,6.87,1.58,13.98,2009.0,273.0,11.55,1.57,8.26,713.0,146.0,35.49,7.29,12.49,17258.0,937.0,99.24,5.39,3.3,16428.0,293.0,95.19,1.7,1.09,808.0,292.0,4.68,1.69,21.95,23.0,43.0,0.13,0.25,116.9,17391.0,,100,,,15522.0,360.0,89.25,2.07,1.41,15378.0,391.0,88.43,2.25,1.55,144.0,94.0,0.83,0.54,39.55,1869.0,363.0,10.75,2.09,11.81,1440.0,140.0,77.04,7.49,5.91,429.0,140.0,22.95,7.49,19.84,796.0,176.0,42.58,9.43,13.46,584.0,186.0,31.24,9.93,19.32,223.0,145.0,11.93,7.74,39.44,8.0,42.0,0.43,2.26,319.5,234.0,112.0,12.52,5.97,28.99,24.0,44.0,1.28,2.37,112.56,16425.0,797.0,94.45,4.58,2.95,13873.0,466.0,84.46,2.84,2.04,644.0,210.0,3.92,1.28,19.85,552.0,189.0,3.36,1.15,20.81,13597.0,840.0,78.18,4.83,3.76,7920.0,397.0,58.25,2.92,3.05,7357.0,416.0,54.11,3.06,3.44,564.0,154.0,4.15,1.13,16.55,0.0,,0.0,,,5678.0,397.0,41.76,2.92,4.25,,,7.12,1.91,16.6,7303.0,323.0,41.99,1.86,2.69,5204.0,272.0,71.26,3.73,3.18,418.0,136.0,5.72,1.86,19.77,1395.0,262.0,19.1,3.59,11.43,57.0,40.0,0.78,0.55,42.86,188.0,100.0,2.57,1.37,32.41,7360.0,322.0,42.32,1.85,2.66,35.0,67.0,0.48,0.91,115.25,764.0,213.0,10.38,2.9,16.98,320.0,135.0,4.35,1.84,25.71,174.0,91.0,2.36,1.23,31.68,777.0,164.0,10.56,2.23,12.84,402.0,141.0,5.46,1.91,21.27,142.0,69.0,1.93,0.94,29.61,665.0,169.0,9.04,2.3,15.47,733.0,183.0,9.96,2.49,15.2,2196.0,266.0,29.84,3.62,7.37,512.0,154.0,6.96,2.09,18.25,206.0,91.0,2.8,1.23,26.7,437.0,132.0,5.94,1.79,18.32,144.0,71.0,2.36,1.16,29.88,351.0,160.0,5.75,2.62,27.7,491.0,159.0,8.04,2.6,19.66,290.0,96.0,4.75,1.58,20.22,717.0,214.0,11.74,3.51,18.17,840.0,198.0,13.76,3.25,14.36,931.0,198.0,15.25,3.24,12.92,970.0,183.0,15.89,3.0,11.48,620.0,152.0,10.15,2.49,14.91,754.0,167.0,12.35,2.74,13.49,4730.0,223.0,77.46,3.65,2.86,2000.0,230.0,32.75,3.77,7.0,1412.0,226.0,23.12,3.7,9.73,244.0,112.0,4.0,1.84,27.96,111.0,95.0,1.82,1.55,51.77,371.0,142.0,6.08,2.32,23.2,16370.0,288.0,94.29,1.66,1.07,13385.0,703.0,77.1,4.05,3.19,4633.0,644.0,26.69,3.71,8.45,991.0,288.0,5.71,1.66,17.67,8535.0,388.0,49.08,2.23,2.76,8856.0,388.0,50.92,2.23,2.66,966.0,249.0,5.55,1.43,15.66,1140.0,223.0,6.56,1.28,11.86,1421.0,221.0,8.17,1.27,9.45,1130.0,219.0,6.5,1.26,11.78,1260.0,190.0,7.25,1.09,9.14,2204.0,374.0,12.67,2.15,10.32,2396.0,308.0,13.78,1.77,7.81,3227.0,304.0,18.56,1.75,5.73,959.0,186.0,5.51,1.07,11.81,660.0,157.0,3.8,0.9,14.4,1268.0,247.0,7.29,1.42,11.84,512.0,130.0,2.94,0.75,15.51,240.0,92.0,1.38,0.53,23.35,13092.0,292.0,75.28,1.68,1.36,2029.0,297.0,11.67,1.71,8.91,16102.0,397.0,92.59,2.28,1.5,88.0,73.0,0.51,0.42,50.06,37.0,57.0,0.21,0.33,95.53,608.0,245.0,3.5,1.41,24.49,0.0,,0.0,,,276.0,271.0,1.59,1.56,59.64,281.0,148.0,1.62,0.85,31.9,1322.0,452.0,7.6,2.6,20.8,16068.0,452.0,92.39,2.6,1.71,15085.0,532.0,86.74,3.06,2.14,71.0,64.0,0.41,0.37,54.86,37.0,57.0,0.21,0.33,95.53,608.0,245.0,3.5,1.41,24.49,0.0,,0.0,,,0.0,,0.0,,,274.0,148.0,1.58,0.85,32.7
257,Freshkills Park (South),SI0391,Freshkills Park (South),27.0,,100,,,6.0,17.0,22.22,62.2,170.17,0.0,,0.0,,,0.0,,,,,0.0,,,,,0.0,,,,,0.0,,,,,0.0,,,,,17.0,22.0,53.75,68.94,78.67,0.0,,0.0,,,0.0,,0.0,,,10.0,10.0,58.88,59.1,61.02,7.0,10.0,41.21,59.1,87.18,29.0,15.0,91.69,46.36,31.44,0.0,,0.0,,,32.0,0.0,101.17,0.0,0.0,10.0,10.0,31.62,32.4,62.29,3.0,4.0,9.49,11.32,81.05,0.0,,0.0,,,29.0,15.0,91.69,46.36,31.44,10.0,9.0,35.05,29.9,51.86,0.0,,0.0,,,0.0,,,,,32.0,0.0,101.17,0.0,0.0,32.0,14.0,101.17,44.5,26.74,0.0,,0.0,,,0.0,,0.0,,,32.0,,100,,,32.0,14.0,101.17,44.5,26.74,32.0,14.0,101.17,44.5,26.74,0.0,,0.0,,,0.0,,0.0,,,0.0,,,,,0.0,,,,,0.0,,,,,0.0,,,,,0.0,,,,,0.0,,,,,0.0,,,,,0.0,,,,,29.0,15.0,91.69,46.36,31.44,29.0,13.0,101.65,46.8,27.99,0.0,,0.0,,,0.0,,0.0,,,29.0,15.0,91.69,46.36,31.44,29.0,13.0,101.65,46.8,27.99,29.0,13.0,101.65,46.8,27.99,0.0,,0.0,,,0.0,,0.0,,,0.0,,0.0,,,,,0.0,,,29.0,15.0,91.69,46.36,31.44,17.0,9.0,59.59,33.1,33.77,0.0,,0.0,,,0.0,,0.0,,,0.0,,0.0,,,12.0,9.0,42.06,33.1,47.84,29.0,15.0,91.69,46.36,31.44,0.0,,0.0,,,0.0,,0.0,,,22.0,18.0,77.11,62.4,49.19,0.0,,0.0,,,0.0,,0.0,,,0.0,,0.0,,,0.0,,0.0,,,0.0,,0.0,,,3.0,9.0,10.52,31.3,180.87,4.0,9.0,14.02,31.9,138.32,0.0,,0.0,,,0.0,,0.0,,,0.0,,0.0,,,0.0,,0.0,,,0.0,,0.0,,,0.0,,0.0,,,0.0,,0.0,,,0.0,,0.0,,,0.0,,0.0,,,21.0,17.0,77.78,62.2,48.61,0.0,,0.0,,,6.0,17.0,22.22,62.2,170.17,0.0,,0.0,,,27.0,18.0,100.0,65.4,39.76,0.0,,0.0,,,0.0,,0.0,,,0.0,,0.0,,,0.0,,0.0,,,0.0,,0.0,,,32.0,14.0,101.17,44.5,26.74,32.0,14.0,101.17,44.5,26.74,0.0,,0.0,,,0.0,,0.0,,,3.0,8.0,9.49,23.9,153.1,29.0,8.0,91.69,23.9,15.85,3.0,7.0,9.49,20.8,133.24,0.0,,0.0,,,0.0,,0.0,,,0.0,,0.0,,,12.0,11.0,37.94,35.7,57.2,17.0,5.0,53.75,16.0,18.1,0.0,,0.0,,,0.0,,0.0,,,0.0,,0.0,,,0.0,,0.0,,,0.0,,0.0,,,0.0,,0.0,,,0.0,,0.0,,,29.0,7.0,91.69,20.8,13.79,0.0,,0.0,,,32.0,14.0,101.17,44.5,26.74,0.0,,0.0,,,0.0,,0.0,,,0.0,,0.0,,,0.0,,0.0,,,0.0,,0.0,,,0.0,,0.0,,,0.0,,0.0,,,32.0,14.0,101.17,44.5,26.74,32.0,14.0,101.17,44.5,26.74,0.0,,0.0,,,0.0,,0.0,,,0.0,,0.0,,,0.0,,0.0,,,0.0,,0.0,,,0.0,,0.0,,
258,Fort Wadsworth,SI9561,Fort Wadsworth,1.0,,100,,,1.0,0.0,100.0,14.2,8.63,223.0,45.0,38.18,7.78,12.27,14.0,13.0,6.28,5.9,57.11,0.0,,0.0,,,96.0,39.0,43.03,17.5,24.72,41.0,24.0,18.38,10.8,35.72,72.0,32.0,32.27,14.3,26.94,326.0,88.0,55.82,15.14,16.41,7.0,7.0,2.15,2.3,65.03,0.0,,0.0,,,88.0,42.0,27.0,13.0,29.27,120.0,40.0,36.82,12.3,20.31,270.0,25.0,46.23,4.28,5.63,12.0,10.0,4.45,3.7,50.54,470.0,72.0,80.48,12.28,9.31,44.0,25.0,9.36,5.3,34.42,200.0,66.0,34.25,11.22,20.06,11.0,11.0,5.51,5.5,60.68,264.0,23.0,45.21,3.9,5.3,27.0,20.0,10.23,7.7,45.76,6.0,7.0,1.03,1.18,70.92,6.0,6.0,102.74,100.0,59.17,580.0,166.0,99.32,28.36,17.4,441.0,54.0,76.05,9.3,7.43,130.0,55.0,22.42,9.5,25.76,9.0,19.0,1.55,3.2,125.5,584.0,,100,,,551.0,26.0,94.35,4.4,2.83,544.0,27.0,93.15,4.7,3.07,7.0,10.0,1.2,1.7,86.12,33.0,27.0,5.65,4.66,49.74,15.0,10.0,45.06,30.0,40.47,18.0,10.0,54.07,30.0,33.73,3.0,5.0,9.01,14.0,94.46,9.0,13.0,27.04,40.4,90.83,7.0,11.0,21.03,31.8,91.92,0.0,,0.0,,,14.0,12.0,42.06,36.9,53.33,0.0,,0.0,,,533.0,146.0,91.27,25.05,16.65,488.0,38.0,91.52,7.2,4.78,10.0,11.0,1.88,2.1,67.9,24.0,24.0,4.5,4.5,60.79,394.0,100.0,67.47,17.17,15.43,302.0,29.0,76.61,7.4,5.87,178.0,37.0,45.15,9.3,12.52,10.0,16.0,2.54,4.0,95.73,114.0,31.0,28.92,7.9,16.61,92.0,29.0,23.34,7.4,19.27,,,3.31,5.29,97.26,274.0,23.0,46.92,3.96,5.1,91.0,29.0,33.22,10.5,19.21,41.0,24.0,14.97,8.6,34.92,31.0,18.0,11.32,6.6,35.44,85.0,33.0,31.03,12.2,23.9,18.0,21.0,6.57,7.5,69.4,178.0,35.0,30.48,5.95,11.95,0.0,,0.0,,,0.0,,0.0,,,11.0,15.0,6.18,8.3,81.64,0.0,,0.0,,,18.0,18.0,10.11,10.3,61.93,7.0,12.0,3.93,6.6,102.09,0.0,,0.0,,,7.0,11.0,3.93,6.3,97.45,19.0,17.0,10.67,9.5,54.12,24.0,17.0,13.47,9.8,44.23,26.0,17.0,14.6,9.5,39.56,17.0,11.0,9.54,5.9,37.6,49.0,28.0,27.51,15.7,34.69,0.0,,0.0,,,0.0,,0.0,,,0.0,,0.0,,,0.0,,0.0,,,0.0,,0.0,,,0.0,,0.0,,,0.0,,0.0,,,0.0,,0.0,,,0.0,,0.0,,,0.0,,0.0,,,1.0,0.0,100.0,15.2,9.24,0.0,,0.0,,,0.0,,0.0,,,0.0,,0.0,,,0.0,,0.0,,,0.0,,0.0,,,467.0,5.0,99.34,1.0,0.61,386.0,84.0,82.11,17.9,13.25,81.0,84.0,17.23,17.8,62.8,3.0,5.0,0.64,1.0,94.98,332.0,35.0,56.85,6.0,6.42,252.0,35.0,43.15,6.0,8.45,51.0,20.0,8.73,3.5,24.37,64.0,30.0,10.96,5.1,28.29,62.0,24.0,10.62,4.1,23.47,34.0,23.0,5.82,4.0,41.78,47.0,31.0,8.05,5.3,40.02,107.0,39.0,18.32,6.6,21.9,119.0,27.0,20.38,4.7,14.02,72.0,33.0,12.33,5.6,27.61,19.0,17.0,3.25,2.9,54.24,3.0,5.0,0.51,0.8,95.36,3.0,5.0,0.51,0.8,95.36,3.0,5.0,0.51,0.8,95.36,0.0,,0.0,,,384.0,47.0,65.75,8.1,7.49,6.0,7.0,1.03,1.2,70.82,437.0,54.0,74.83,9.2,7.47,74.0,39.0,12.67,6.6,31.67,9.0,19.0,1.54,3.2,126.32,9.0,15.0,1.54,2.6,102.63,0.0,,0.0,,,8.0,12.0,1.37,2.1,93.18,47.0,23.0,8.05,4.0,30.21,79.0,50.0,13.53,8.6,38.64,505.0,50.0,86.47,8.6,6.05,366.0,66.0,62.67,11.3,10.96,74.0,39.0,12.67,6.6,31.67,9.0,19.0,1.54,3.2,126.32,9.0,15.0,1.54,2.6,102.63,0.0,,0.0,,,0.0,,0.0,,,47.0,23.0,8.05,4.0,30.21
259,Hoffman & Swinburne Islands,SI9591,Hoffman & Swinburne Islands,,,100,,,,,,,,,,,,,,,,,,,,,,,,,,,,,,,,,,,,,,,,,,,,,,,,,,,,,,,,,,,,,,,,,,,,,,,,,,,,,,,,,,,,,,,,,,,,,,,,,,,,,,,,,,,,,,,,,,,,,,,,,,,,,,,,,,,,,,,100,,,,,,,,,,,,,,,,,,,,,,,,,,,,,,,,,,,,,,,,,,,,,,,,,,,,,,,,,,,,,,,,,,,,,,,,,,,,,,,,,,,,,,,,,,,,,,,,,,,,,,,,,,,,,,,,,,,,,,,,,,,,,,,,,,,,,,,,,,,,,,,,,,,,,,,,,,,,,,,,,,,,,,,,,,,,,,,,,,,,,,,,,,,,,,,,,,,,,,,,,,,,,,,,,,,,,,,,,,,,,,,,,,,,,,,,,,,,,,,,,,,,,,,,,,,,,,,,,,,,,,,,,,,,,,,,,,,,,,,,,,,,,,,,,,,,,,,,,,,,,,,,,,,,,,,,,,,,,,,,,,,,,,,,,,,,,,,,,,,,,,,,,,,,,,,,,,,,,,,,,,,,,,,,,,,,,,,,,,,,,,,,,,,,,,,,,,,,,,,,,,,,,,,,,,,,,,,,,,,,,,,,,,,,,,,,,,,,,,,,,,,,,,,,,,,,,,,,,,,,,,,,,,,,,,,,,,,,,,,,,,
260,Miller Field,SI9592,Miller Field,0.0,,100,,,0.0,,,,,0.0,,,,,0.0,,,,,0.0,,,,,0.0,,,,,0.0,,,,,0.0,,,,,0.0,,,,,0.0,,,,,0.0,,,,,0.0,,,,,0.0,,,,,0.0,,,,,0.0,,,,,0.0,,,,,0.0,,,,,0.0,,,,,0.0,,,,,0.0,,,,,0.0,,,,,0.0,,,,,0.0,,,,,0.0,,,,,0.0,,,,,0.0,,,,,0.0,,,,,0.0,,100,,,0.0,,,,,0.0,,,,,0.0,,,,,0.0,,,,,0.0,,,,,0.0,,,,,0.0,,,,,0.0,,,,,0.0,,,,,0.0,,,,,0.0,,,,,0.0,,,,,0.0,,,,,0.0,,,,,0.0,,,,,0.0,,,,,0.0,,,,,0.0,,,,,0.0,,,,,0.0,,,,,0.0,,,,,0.0,,,,,,,,,,0.0,,,,,0.0,,,,,0.0,,,,,0.0,,,,,0.0,,,,,0.0,,,,,0.0,,,,,0.0,,,,,0.0,,,,,0.0,,,,,0.0,,,,,0.0,,,,,0.0,,,,,0.0,,,,,0.0,,,,,0.0,,,,,0.0,,,,,0.0,,,,,0.0,,,,,0.0,,,,,0.0,,,,,0.0,,,,,0.0,,,,,0.0,,,,,0.0,,,,,0.0,,,,,0.0,,,,,0.0,,,,,0.0,,,,,0.0,,,,,0.0,,,,,0.0,,,,,0.0,,,,,0.0,,,,,0.0,,,,,0.0,,,,,0.0,,,,,0.0,,,,,0.0,,,,,0.0,,,,,0.0,,,,,0.0,,,,,0.0,,,,,0.0,,,,,0.0,,,,,0.0,,,,,0.0,,,,,0.0,,,,,0.0,,,,,0.0,,,,,0.0,,,,,0.0,,,,,0.0,,,,,0.0,,,,,0.0,,,,,0.0,,,,,0.0,,,,,0.0,,,,,0.0,,,,,0.0,,,,,0.0,,,,,0.0,,,,,0.0,,,,,0.0,,,,,0.0,,,,,0.0,,,,,0.0,,,,,0.0,,,,,0.0,,,,,0.0,,,,,0.0,,,,,0.0,,,,,0.0,,,,
261,Great Kills Park,SI9593,Great Kills Park,0.0,,100,,,0.0,,,,,0.0,,,,,0.0,,,,,0.0,,,,,0.0,,,,,0.0,,,,,0.0,,,,,0.0,,,,,0.0,,,,,0.0,,,,,0.0,,,,,0.0,,,,,0.0,,,,,0.0,,,,,0.0,,,,,0.0,,,,,0.0,,,,,0.0,,,,,0.0,,,,,0.0,,,,,0.0,,,,,0.0,,,,,0.0,,,,,0.0,,,,,0.0,,,,,0.0,,,,,0.0,,100,,,0.0,,,,,0.0,,,,,0.0,,,,,0.0,,,,,0.0,,,,,0.0,,,,,0.0,,,,,0.0,,,,,0.0,,,,,0.0,,,,,0.0,,,,,0.0,,,,,0.0,,,,,0.0,,,,,0.0,,,,,0.0,,,,,0.0,,,,,0.0,,,,,0.0,,,,,0.0,,,,,0.0,,,,,0.0,,,,,,,,,,0.0,,,,,0.0,,,,,0.0,,,,,0.0,,,,,0.0,,,,,0.0,,,,,0.0,,,,,0.0,,,,,0.0,,,,,0.0,,,,,0.0,,,,,0.0,,,,,0.0,,,,,0.0,,,,,0.0,,,,,0.0,,,,,0.0,,,,,0.0,,,,,0.0,,,,,0.0,,,,,0.0,,,,,0.0,,,,,0.0,,,,,0.0,,,,,0.0,,,,,0.0,,,,,0.0,,,,,0.0,,,,,0.0,,,,,0.0,,,,,0.0,,,,,0.0,,,,,0.0,,,,,0.0,,,,,0.0,,,,,0.0,,,,,0.0,,,,,0.0,,,,,0.0,,,,,0.0,,,,,0.0,,,,,0.0,,,,,0.0,,,,,0.0,,,,,0.0,,,,,0.0,,,,,0.0,,,,,0.0,,,,,0.0,,,,,0.0,,,,,0.0,,,,,0.0,,,,,0.0,,,,,0.0,,,,,0.0,,,,,0.0,,,,,0.0,,,,,0.0,,,,,0.0,,,,,0.0,,,,,0.0,,,,,0.0,,,,,0.0,,,,,0.0,,,,,0.0,,,,,0.0,,,,,0.0,,,,,0.0,,,,,0.0,,,,,0.0,,,,,0.0,,,,,0.0,,,,,0.0,,,,
